timestamp,time_s,load_total_kw
2024-06-17 09:32:26,0.0,32.07376
2024-06-17 09:32:27,1.0,31.947796656666668
2024-06-17 09:32:28,2.0,31.83022765333333
2024-06-17 09:32:29,3.0,31.72076353
2024-06-17 09:32:30,4.0,31.619114826666667
2024-06-17 09:32:31,5.0,31.52499208333333
2024-06-17 09:32:32,6.0,31.438105840000002
2024-06-17 09:32:33,7.0,31.35816663666667
2024-06-17 09:32:34,8.0,31.284885013333334
2024-06-17 09:32:35,9.0,31.21797151
2024-06-17 09:32:36,10.0,31.15713666666667
2024-06-17 09:32:37,11.0,31.102091023333333
2024-06-17 09:32:38,12.0,31.052545119999998
2024-06-17 09:32:39,13.0,31.008209496666666
2024-06-17 09:32:40,14.0,30.968794693333333
2024-06-17 09:32:41,15.0,30.93401125
2024-06-17 09:32:42,16.0,30.90356970666667
2024-06-17 09:32:43,17.0,30.877180603333336
2024-06-17 09:32:44,18.0,30.85455448
2024-06-17 09:32:45,19.0,30.83540187666667
2024-06-17 09:32:46,20.0,30.819433333333336
2024-06-17 09:32:47,21.0,30.806359389999997
2024-06-17 09:32:48,22.0,30.795890586666665
2024-06-17 09:32:49,23.0,30.787737463333332
2024-06-17 09:32:50,24.0,30.78161056
2024-06-17 09:32:51,25.0,30.777220416666665
2024-06-17 09:32:52,26.0,30.774277573333336
2024-06-17 09:32:53,27.0,30.77249257
2024-06-17 09:32:54,28.0,30.771575946666665
2024-06-17 09:32:55,29.0,30.771238243333332
2024-06-17 09:32:56,30.0,30.77119
2024-06-17 09:32:57,31.0,30.783303944698016
2024-06-17 09:32:58,32.0,30.818652066879697
2024-06-17 09:32:59,33.0,30.87574379867648
2024-06-17 09:33:00,34.0,30.953088572219823
2024-06-17 09:33:01,35.0,31.049195819641156
2024-06-17 09:33:02,36.0,31.162574973071933
2024-06-17 09:33:03,37.0,31.291735464643597
2024-06-17 09:33:04,38.0,31.435186726487597
2024-06-17 09:33:05,39.0,31.591438190735367
2024-06-17 09:33:06,40.0,31.758999289518364
2024-06-17 09:33:07,41.0,31.93637945496803
2024-06-17 09:33:08,42.0,32.122088119215796
2024-06-17 09:33:09,43.0,32.31463471439312
2024-06-17 09:33:10,44.0,32.51252867263146
2024-06-17 09:33:11,45.0,32.714279426062234
2024-06-17 09:33:12,46.0,32.91839640681691
2024-06-17 09:33:13,47.0,33.12338904702691
2024-06-17 09:33:14,48.0,33.327766778823694
2024-06-17 09:33:15,49.0,33.53003903433871
2024-06-17 09:33:16,50.0,33.72871524570339
2024-06-17 09:33:17,51.0,33.92230484504919
2024-06-17 09:33:18,52.0,34.10931726450755
2024-06-17 09:33:19,53.0,34.28826193620991
2024-06-17 09:33:20,54.0,34.45764829228773
2024-06-17 09:33:21,55.0,34.61598576487244
2024-06-17 09:33:22,56.0,34.76178378609549
2024-06-17 09:33:23,57.0,34.89355178808833
2024-06-17 09:33:24,58.0,35.0097992029824
2024-06-17 09:33:25,59.0,35.10903546290914
2024-06-17 09:33:26,60.0,35.18977
2024-06-17 09:33:27,61.0,35.2587249927599
2024-06-17 09:33:28,62.0,35.32378520665129
2024-06-17 09:33:29,63.0,35.38520395424189
2024-06-17 09:33:30,64.0,35.44323454809944
2024-06-17 09:33:31,65.0,35.49813030079169
2024-06-17 09:33:32,66.0,35.55014452488636
2024-06-17 09:33:33,67.0,35.599530532951206
2024-06-17 09:33:34,68.0,35.646541637553945
2024-06-17 09:33:35,69.0,35.691431151262314
2024-06-17 09:33:36,70.0,35.73445238664405
2024-06-17 09:33:37,71.0,35.7758586562669
2024-06-17 09:33:38,72.0,35.815903272698584
2024-06-17 09:33:39,73.0,35.85483954850685
2024-06-17 09:33:40,74.0,35.89292079625944
2024-06-17 09:33:41,75.0,35.93040032852407
2024-06-17 09:33:42,76.0,35.96753145786848
2024-06-17 09:33:43,77.0,36.004567496860425
2024-06-17 09:33:44,78.0,36.04176175806762
2024-06-17 09:33:45,79.0,36.07936755405782
2024-06-17 09:33:46,80.0,36.11763819739875
2024-06-17 09:33:47,81.0,36.15682700065813
2024-06-17 09:33:48,82.0,36.197187276403724
2024-06-17 09:33:49,83.0,36.23897233720325
2024-06-17 09:33:50,84.0,36.28243549562444
2024-06-17 09:33:51,85.0,36.32783006423506
2024-06-17 09:33:52,86.0,36.375409355602805
2024-06-17 09:33:53,87.0,36.425426682295445
2024-06-17 09:33:54,88.0,36.4781353568807
2024-06-17 09:33:55,89.0,36.533788691926304
2024-06-17 09:33:56,90.0,36.59264
2024-06-17 09:33:57,91.0,36.65462553017535
2024-06-17 09:33:58,92.0,36.71942873767281
2024-06-17 09:33:59,93.0,36.78692374428046
2024-06-17 09:34:00,94.0,36.85698467178639
2024-06-17 09:34:01,95.0,36.92948564197869
2024-06-17 09:34:02,96.0,37.00430077664543
2024-06-17 09:34:03,97.0,37.0813041975747
2024-06-17 09:34:04,98.0,37.16037002655459
2024-06-17 09:34:05,99.0,37.24137238537318
2024-06-17 09:34:06,100.0,37.32418539581855
2024-06-17 09:34:07,101.0,37.40868317967879
2024-06-17 09:34:08,102.0,37.49473985874199
2024-06-17 09:34:09,103.0,37.582229554796214
2024-06-17 09:34:10,104.0,37.671026389629546
2024-06-17 09:34:11,105.0,37.7610044850301
2024-06-17 09:34:12,106.0,37.852037962785936
2024-06-17 09:34:13,107.0,37.94400094468514
2024-06-17 09:34:14,108.0,38.03676755251581
2024-06-17 09:34:15,109.0,38.13021190806602
2024-06-17 09:34:16,110.0,38.224208133123845
2024-06-17 09:34:17,111.0,38.31863034947739
2024-06-17 09:34:18,112.0,38.41335267891473
2024-06-17 09:34:19,113.0,38.50824924322393
2024-06-17 09:34:20,114.0,38.6031941641931
2024-06-17 09:34:21,115.0,38.69806156361032
2024-06-17 09:34:22,116.0,38.79272556326366
2024-06-17 09:34:23,117.0,38.887060284941214
2024-06-17 09:34:24,118.0,38.980939850431064
2024-06-17 09:34:25,119.0,39.074238381521305
2024-06-17 09:34:26,120.0,39.16683
2024-06-17 09:34:27,121.0,39.26050531770571
2024-06-17 09:34:28,122.0,39.356968955778996
2024-06-17 09:34:29,123.0,39.45596604996096
2024-06-17 09:34:30,124.0,39.55724173599276
2024-06-17 09:34:31,125.0,39.660541149615476
2024-06-17 09:34:32,126.0,39.76560942657024
2024-06-17 09:34:33,127.0,39.87219170259816
2024-06-17 09:34:34,128.0,39.98003311344035
2024-06-17 09:34:35,129.0,40.08887879483793
2024-06-17 09:34:36,130.0,40.19847388253203
2024-06-17 09:34:37,131.0,40.308563512263746
2024-06-17 09:34:38,132.0,40.418892819774214
2024-06-17 09:34:39,133.0,40.52920694080453
2024-06-17 09:34:40,134.0,40.639251011095816
2024-06-17 09:34:41,135.0,40.7487701663892
2024-06-17 09:34:42,136.0,40.857509542425795
2024-06-17 09:34:43,137.0,40.96521427494671
2024-06-17 09:34:44,138.0,41.07162949969307
2024-06-17 09:34:45,139.0,41.17650035240597
2024-06-17 09:34:46,140.0,41.27957196882655
2024-06-17 09:34:47,141.0,41.380589484695925
2024-06-17 09:34:48,142.0,41.47929803575521
2024-06-17 09:34:49,143.0,41.575442757745506
2024-06-17 09:34:50,144.0,41.668768786407945
2024-06-17 09:34:51,145.0,41.75902125748363
2024-06-17 09:34:52,146.0,41.8459453067137
2024-06-17 09:34:53,147.0,41.92928606983925
2024-06-17 09:34:54,148.0,42.008788682601406
2024-06-17 09:34:55,149.0,42.08419828074129
2024-06-17 09:34:56,150.0,42.15526
2024-06-17 09:34:57,151.0,42.2236258615787
2024-06-17 09:34:58,152.0,42.29110333677999
2024-06-17 09:34:59,153.0,42.3576707364972
2024-06-17 09:35:00,154.0,42.42330637162358
2024-06-17 09:35:01,155.0,42.48798855305248
2024-06-17 09:35:02,156.0,42.55169559167719
2024-06-17 09:35:03,157.0,42.614405798391005
2024-06-17 09:35:04,158.0,42.67609748408724
2024-06-17 09:35:05,159.0,42.73674895965919
2024-06-17 09:35:06,160.0,42.79633853600015
2024-06-17 09:35:07,161.0,42.85484452400344
2024-06-17 09:35:08,162.0,42.91224523456235
2024-06-17 09:35:09,163.0,42.96851897857019
2024-06-17 09:35:10,164.0,43.023644066920255
2024-06-17 09:35:11,165.0,43.07759881050586
2024-06-17 09:35:12,166.0,43.130361520220305
2024-06-17 09:35:13,167.0,43.18191050695688
2024-06-17 09:35:14,168.0,43.232224081608905
2024-06-17 09:35:15,169.0,43.28128055506968
2024-06-17 09:35:16,170.0,43.3290582382325
2024-06-17 09:35:17,171.0,43.375535441990664
2024-06-17 09:35:18,172.0,43.420690477237486
2024-06-17 09:35:19,173.0,43.46450165486627
2024-06-17 09:35:20,174.0,43.50694728577031
2024-06-17 09:35:21,175.0,43.54800568084291
2024-06-17 09:35:22,176.0,43.58765515097738
2024-06-17 09:35:23,177.0,43.625874007067026
2024-06-17 09:35:24,178.0,43.66264056000514
2024-06-17 09:35:25,179.0,43.69793312068502
2024-06-17 09:35:26,180.0,43.73172999999999
2024-06-17 09:35:27,181.0,43.7634235554298
2024-06-17 09:35:28,182.0,43.79256544276789
2024-06-17 09:35:29,183.0,43.81937292037805
2024-06-17 09:35:30,184.0,43.84406324662407
2024-06-17 09:35:31,185.0,43.86685367986974
2024-06-17 09:35:32,186.0,43.88796147847887
2024-06-17 09:35:33,187.0,43.90760390081526
2024-06-17 09:35:34,188.0,43.92599820524268
2024-06-17 09:35:35,189.0,43.943361650124935
2024-06-17 09:35:36,190.0,43.95991149382582
2024-06-17 09:35:37,191.0,43.97586499470914
2024-06-17 09:35:38,192.0,43.991439411138686
2024-06-17 09:35:39,193.0,44.00685200147823
2024-06-17 09:35:40,194.0,44.0223200240916
2024-06-17 09:35:41,195.0,44.03806073734257
2024-06-17 09:35:42,196.0,44.05429139959494
2024-06-17 09:35:43,197.0,44.0712292692125
2024-06-17 09:35:44,198.0,44.089091604559044
2024-06-17 09:35:45,199.0,44.10809566399838
2024-06-17 09:35:46,200.0,44.128458705894296
2024-06-17 09:35:47,201.0,44.15039798861058
2024-06-17 09:35:48,202.0,44.17413077051103
2024-06-17 09:35:49,203.0,44.19987430995944
2024-06-17 09:35:50,204.0,44.22784586531961
2024-06-17 09:35:51,205.0,44.258262694955334
2024-06-17 09:35:52,206.0,44.2913420572304
2024-06-17 09:35:53,207.0,44.3273012105086
2024-06-17 09:35:54,208.0,44.36635741315374
2024-06-17 09:35:55,209.0,44.40872792352962
2024-06-17 09:35:56,210.0,44.45463000000001
2024-06-17 09:35:57,211.0,44.66277474782898
2024-06-17 09:35:58,212.0,45.181058523740695
2024-06-17 09:35:59,213.0,45.99347646328912
2024-06-17 09:36:00,214.0,47.08402370202825
2024-06-17 09:36:01,215.0,48.436695375512045
2024-06-17 09:36:02,216.0,50.03548661929448
2024-06-17 09:36:03,217.0,51.86439256892954
2024-06-17 09:36:04,218.0,53.907408359971186
2024-06-17 09:36:05,219.0,56.148529127973404
2024-06-17 09:36:06,220.0,58.57175000849016
2024-06-17 09:36:07,221.0,61.16106613707544
2024-06-17 09:36:08,222.0,63.9004726492832
2024-06-17 09:36:09,223.0,66.77396468066743
2024-06-17 09:36:10,224.0,69.7655373667821
2024-06-17 09:36:11,225.0,72.85918584318118
2024-06-17 09:36:12,226.0,76.03890524541866
2024-06-17 09:36:13,227.0,79.2886907090485
2024-06-17 09:36:14,228.0,82.59253736962467
2024-06-17 09:36:15,229.0,85.93444036270117
2024-06-17 09:36:16,230.0,89.29839482383196
2024-06-17 09:36:17,231.0,92.66839588857098
2024-06-17 09:36:18,232.0,96.02843869247226
2024-06-17 09:36:19,233.0,99.36251837108976
2024-06-17 09:36:20,234.0,102.65463005997744
2024-06-17 09:36:21,235.0,105.88876889468926
2024-06-17 09:36:22,236.0,109.04893001077926
2024-06-17 09:36:23,237.0,112.11910854380132
2024-06-17 09:36:24,238.0,115.0832996293095
2024-06-17 09:36:25,239.0,117.92549840285774
2024-06-17 09:36:26,240.0,120.6297
2024-06-17 09:36:27,241.0,123.33749451402548
2024-06-17 09:36:28,242.0,126.19084137229312
2024-06-17 09:36:29,243.0,129.1742897114615
2024-06-17 09:36:30,244.0,132.27238866818925
2024-06-17 09:36:31,245.0,135.4696873791349
2024-06-17 09:36:32,246.0,138.7507349809571
2024-06-17 09:36:33,247.0,142.10008061031445
2024-06-17 09:36:34,248.0,145.50227340386553
2024-06-17 09:36:35,249.0,148.9418624982689
2024-06-17 09:36:36,250.0,152.4033970301832
2024-06-17 09:36:37,251.0,155.87142613626708
2024-06-17 09:36:38,252.0,159.33049895317902
2024-06-17 09:36:39,253.0,162.76516461757762
2024-06-17 09:36:40,254.0,166.1599722661216
2024-06-17 09:36:41,255.0,169.49947103546944
2024-06-17 09:36:42,256.0,172.76821006227976
2024-06-17 09:36:43,257.0,175.95073848321118
2024-06-17 09:36:44,258.0,179.03160543492228
2024-06-17 09:36:45,259.0,181.9953600540717
2024-06-17 09:36:46,260.0,184.82655147731796
2024-06-17 09:36:47,261.0,187.50972884131968
2024-06-17 09:36:48,262.0,190.02944128273552
2024-06-17 09:36:49,263.0,192.370237938224
2024-06-17 09:36:50,264.0,194.51666794444372
2024-06-17 09:36:51,265.0,196.45328043805335
2024-06-17 09:36:52,266.0,198.16462455571138
2024-06-17 09:36:53,267.0,199.63524943407646
2024-06-17 09:36:54,268.0,200.84970420980724
2024-06-17 09:36:55,269.0,201.79253801956213
2024-06-17 09:36:56,270.0,202.4483
2024-06-17 09:36:57,271.0,202.94662853815313
2024-06-17 09:36:58,272.0,203.42762289431946
2024-06-17 09:36:59,273.0,203.89152351505547
2024-06-17 09:37:00,274.0,204.33857084691778
2024-06-17 09:37:01,275.0,204.76900533646298
2024-06-17 09:37:02,276.0,205.18306743024766
2024-06-17 09:37:03,277.0,205.5809975748283
2024-06-17 09:37:04,278.0,205.96303621676154
2024-06-17 09:37:05,279.0,206.32942380260397
2024-06-17 09:37:06,280.0,206.68040077891212
2024-06-17 09:37:07,281.0,207.01620759224255
2024-06-17 09:37:08,282.0,207.33708468915185
2024-06-17 09:37:09,283.0,207.64327251619665
2024-06-17 09:37:10,284.0,207.93501151993343
2024-06-17 09:37:11,285.0,208.21254214691882
2024-06-17 09:37:12,286.0,208.4761048437094
2024-06-17 09:37:13,287.0,208.72594005686167
2024-06-17 09:37:14,288.0,208.96228823293228
2024-06-17 09:37:15,289.0,209.18538981847777
2024-06-17 09:37:16,290.0,209.39548526005473
2024-06-17 09:37:17,291.0,209.5928150042197
2024-06-17 09:37:18,292.0,209.77761949752923
2024-06-17 09:37:19,293.0,209.95013918654
2024-06-17 09:37:20,294.0,210.1106145178085
2024-06-17 09:37:21,295.0,210.25928593789126
2024-06-17 09:37:22,296.0,210.39639389334496
2024-06-17 09:37:23,297.0,210.5221788307261
2024-06-17 09:37:24,298.0,210.63688119659125
2024-06-17 09:37:25,299.0,210.74074143749704
2024-06-17 09:37:26,300.0,210.834
2024-06-17 09:37:27,301.0,210.92137506349775
2024-06-17 09:37:28,302.0,211.00735137430044
2024-06-17 09:37:29,303.0,211.09181922933357
2024-06-17 09:37:30,304.0,211.1746689255226
2024-06-17 09:37:31,305.0,211.25579075979306
2024-06-17 09:37:32,306.0,211.33507502907034
2024-06-17 09:37:33,307.0,211.41241203027994
2024-06-17 09:37:34,308.0,211.48769206034734
2024-06-17 09:37:35,309.0,211.56080541619798
2024-06-17 09:37:36,310.0,211.63164239475734
2024-06-17 09:37:37,311.0,211.7000932929509
2024-06-17 09:37:38,312.0,211.76604840770412
2024-06-17 09:37:39,313.0,211.8293980359425
2024-06-17 09:37:40,314.0,211.89003247459144
2024-06-17 09:37:41,315.0,211.9478420205765
2024-06-17 09:37:42,316.0,212.00271697082306
2024-06-17 09:37:43,317.0,212.05454762225668
2024-06-17 09:37:44,318.0,212.10322427180276
2024-06-17 09:37:45,319.0,212.1486372163868
2024-06-17 09:37:46,320.0,212.19067675293422
2024-06-17 09:37:47,321.0,212.22923317837055
2024-06-17 09:37:48,322.0,212.26419678962125
2024-06-17 09:37:49,323.0,212.29545788361176
2024-06-17 09:37:50,324.0,212.3229067572676
2024-06-17 09:37:51,325.0,212.34643370751417
2024-06-17 09:37:52,326.0,212.365929031277
2024-06-17 09:37:53,327.0,212.3812830254815
2024-06-17 09:37:54,328.0,212.39238598705322
2024-06-17 09:37:55,329.0,212.39912821291756
2024-06-17 09:37:56,330.0,212.4014
2024-06-17 09:37:57,331.0,212.35597558046393
2024-06-17 09:37:58,332.0,212.22182446401402
2024-06-17 09:37:59,333.0,212.0021298638876
2024-06-17 09:38:00,334.0,211.70007499332195
2024-06-17 09:38:01,335.0,211.3188430655545
2024-06-17 09:38:02,336.0,210.86161729382252
2024-06-17 09:38:03,337.0,210.3315808913634
2024-06-17 09:38:04,338.0,209.73191707141447
2024-06-17 09:38:05,339.0,209.06580904721307
2024-06-17 09:38:06,340.0,208.33644003199655
2024-06-17 09:38:07,341.0,207.54699323900226
2024-06-17 09:38:08,342.0,206.70065188146756
2024-06-17 09:38:09,343.0,205.80059917262975
2024-06-17 09:38:10,344.0,204.85001832572615
2024-06-17 09:38:11,345.0,203.85209255399423
2024-06-17 09:38:12,346.0,202.8100050706712
2024-06-17 09:38:13,347.0,201.72693908899444
2024-06-17 09:38:14,348.0,200.60607782220134
2024-06-17 09:38:15,349.0,199.4506044835292
2024-06-17 09:38:16,350.0,198.26370228621536
2024-06-17 09:38:17,351.0,197.0485544434972
2024-06-17 09:38:18,352.0,195.80834416861202
2024-06-17 09:38:19,353.0,194.5462546747972
2024-06-17 09:38:20,354.0,193.26546917529006
2024-06-17 09:38:21,355.0,191.969170883328
2024-06-17 09:38:22,356.0,190.66054301214825
2024-06-17 09:38:23,357.0,189.3427687749883
2024-06-17 09:38:24,358.0,188.01903138508533
2024-06-17 09:38:25,359.0,186.6925140556768
2024-06-17 09:38:26,360.0,185.36640000000003
2024-06-17 09:38:27,361.0,183.8839132035825
2024-06-17 09:38:28,362.0,182.10249335565547
2024-06-17 09:38:29,363.0,180.0466472250118
2024-06-17 09:38:30,364.0,177.74088158044438
2024-06-17 09:38:31,365.0,175.20970319074615
2024-06-17 09:38:32,366.0,172.47761882470996
2024-06-17 09:38:33,367.0,169.56913525112876
2024-06-17 09:38:34,368.0,166.5087592387954
2024-06-17 09:38:35,369.0,163.32099755650287
2024-06-17 09:38:36,370.0,160.03035697304392
2024-06-17 09:38:37,371.0,156.66134425721157
2024-06-17 09:38:38,372.0,153.23846617779873
2024-06-17 09:38:39,373.0,149.78622950359818
2024-06-17 09:38:40,374.0,146.32914100340292
2024-06-17 09:38:41,375.0,142.89170744600582
2024-06-17 09:38:42,376.0,139.49843560019977
2024-06-17 09:38:43,377.0,136.17383223477768
2024-06-17 09:38:44,378.0,132.94240411853247
2024-06-17 09:38:45,379.0,129.828658020257
2024-06-17 09:38:46,380.0,126.85710070874418
2024-06-17 09:38:47,381.0,124.05223895278692
2024-06-17 09:38:48,382.0,121.43857952117813
2024-06-17 09:38:49,383.0,119.04062918271069
2024-06-17 09:38:50,384.0,116.88289470617748
2024-06-17 09:38:51,385.0,114.98988286037144
2024-06-17 09:38:52,386.0,113.38610041408545
2024-06-17 09:38:53,387.0,112.09605413611241
2024-06-17 09:38:54,388.0,111.14425079524524
2024-06-17 09:38:55,389.0,110.5551971602768
2024-06-17 09:38:56,390.0,110.3534
2024-06-17 09:38:57,391.0,110.37525110173029
2024-06-17 09:38:58,392.0,110.44025573388556
2024-06-17 09:38:59,393.0,110.54759088691246
2024-06-17 09:39:00,394.0,110.69643355125753
2024-06-17 09:39:01,395.0,110.88596071736742
2024-06-17 09:39:02,396.0,111.11534937568872
2024-06-17 09:39:03,397.0,111.38377651666806
2024-06-17 09:39:04,398.0,111.690419130752
2024-06-17 09:39:05,399.0,112.0344542083872
2024-06-17 09:39:06,400.0,112.41505874002021
2024-06-17 09:39:07,401.0,112.83140971609768
2024-06-17 09:39:08,402.0,113.2826841270662
2024-06-17 09:39:09,403.0,113.76805896337238
2024-06-17 09:39:10,404.0,114.28671121546282
2024-06-17 09:39:11,405.0,114.83781787378412
2024-06-17 09:39:12,406.0,115.42055592878289
2024-06-17 09:39:13,407.0,116.03410237090576
2024-06-17 09:39:14,408.0,116.6776341905993
2024-06-17 09:39:15,409.0,117.35032837831014
2024-06-17 09:39:16,410.0,118.05136192448488
2024-06-17 09:39:17,411.0,118.77991181957013
2024-06-17 09:39:18,412.0,119.53515505401248
2024-06-17 09:39:19,413.0,120.31626861825855
2024-06-17 09:39:20,414.0,121.12242950275494
2024-06-17 09:39:21,415.0,121.95281469794827
2024-06-17 09:39:22,416.0,122.80660119428512
2024-06-17 09:39:23,417.0,123.68296598221211
2024-06-17 09:39:24,418.0,124.58108605217585
2024-06-17 09:39:25,419.0,125.50013839462295
2024-06-17 09:39:26,420.0,126.4393
2024-06-17 09:39:27,421.0,127.72903600537704
2024-06-17 09:39:28,422.0,129.66794114782414
2024-06-17 09:39:29,423.0,132.20738681778792
2024-06-17 09:39:30,424.0,135.2987444057149
2024-06-17 09:39:31,425.0,138.89338530205174
2024-06-17 09:39:32,426.0,142.94268089724505
2024-06-17 09:39:33,427.0,147.39800258174145
2024-06-17 09:39:34,428.0,152.21072174598754
2024-06-17 09:39:35,429.0,157.33220978042988
2024-06-17 09:39:36,430.0,162.71383807551513
2024-06-17 09:39:37,431.0,168.30697802168984
2024-06-17 09:39:38,432.0,174.0630010094007
2024-06-17 09:39:39,433.0,179.93327842909423
2024-06-17 09:39:40,434.0,185.8691816712171
2024-06-17 09:39:41,435.0,191.8220821262159
2024-06-17 09:39:42,436.0,197.74335118453718
2024-06-17 09:39:43,437.0,203.58436023662762
2024-06-17 09:39:44,438.0,209.2964806729338
2024-06-17 09:39:45,439.0,214.83108388390232
2024-06-17 09:39:46,440.0,220.13954125997978
2024-06-17 09:39:47,441.0,225.1732241916128
2024-06-17 09:39:48,442.0,229.883504069248
2024-06-17 09:39:49,443.0,234.2217522833319
2024-06-17 09:39:50,444.0,238.1393402243113
2024-06-17 09:39:51,445.0,241.5876392826326
2024-06-17 09:39:52,446.0,244.51802084874245
2024-06-17 09:39:53,447.0,246.88185631308758
2024-06-17 09:39:54,448.0,248.63051706611444
2024-06-17 09:39:55,449.0,249.71537449826974
2024-06-17 09:39:56,450.0,250.0878
2024-06-17 09:39:57,451.0,250.04395040487165
2024-06-17 09:39:58,452.0,249.91575187781842
2024-06-17 09:39:59,453.0,249.70822980633824
2024-06-17 09:40:00,454.0,249.42640957792887
2024-06-17 09:40:01,455.0,249.07531658008807
2024-06-17 09:40:02,456.0,248.65997620031376
2024-06-17 09:40:03,457.0,248.1854138261037
2024-06-17 09:40:04,458.0,247.65665484495577
2024-06-17 09:40:05,459.0,247.07872464436775
2024-06-17 09:40:06,460.0,246.45664861183744
2024-06-17 09:40:07,461.0,245.7954521348627
2024-06-17 09:40:08,462.0,245.1001606009413
2024-06-17 09:40:09,463.0,244.37579939757114
2024-06-17 09:40:10,464.0,243.62739391225
2024-06-17 09:40:11,465.0,242.85996953247567
2024-06-17 09:40:12,466.0,242.07855164574602
2024-06-17 09:40:13,467.0,241.28816563955883
2024-06-17 09:40:14,468.0,240.49383690141195
2024-06-17 09:40:15,469.0,239.70059081880325
2024-06-17 09:40:16,470.0,238.91345277923043
2024-06-17 09:40:17,471.0,238.13744817019142
2024-06-17 09:40:18,472.0,237.37760237918397
2024-06-17 09:40:19,473.0,236.63894079370593
2024-06-17 09:40:20,474.0,235.92648880125512
2024-06-17 09:40:21,475.0,235.24527178932934
2024-06-17 09:40:22,476.0,234.60031514542646
2024-06-17 09:40:23,477.0,233.99664425704424
2024-06-17 09:40:24,478.0,233.43928451168057
2024-06-17 09:40:25,479.0,232.9332612968332
2024-06-17 09:40:26,480.0,232.4836
2024-06-17 09:40:27,481.0,232.06714591833645
2024-06-17 09:40:28,482.0,231.65735947640758
2024-06-17 09:40:29,483.0,231.25418875282554
2024-06-17 09:40:30,484.0,230.8575818262025
2024-06-17 09:40:31,485.0,230.46748677515058
2024-06-17 09:40:32,486.0,230.08385167828195
2024-06-17 09:40:33,487.0,229.70662461420872
2024-06-17 09:40:34,488.0,229.3357536615431
2024-06-17 09:40:35,489.0,228.97118689889717
2024-06-17 09:40:36,490.0,228.6128724048831
2024-06-17 09:40:37,491.0,228.26075825811304
2024-06-17 09:40:38,492.0,227.91479253719916
2024-06-17 09:40:39,493.0,227.57492332075358
2024-06-17 09:40:40,494.0,227.24109868738847
2024-06-17 09:40:41,495.0,226.9132667157159
2024-06-17 09:40:42,496.0,226.5913754843481
2024-06-17 09:40:43,497.0,226.27537307189726
2024-06-17 09:40:44,498.0,225.9652075569754
2024-06-17 09:40:45,499.0,225.66082701819477
2024-06-17 09:40:46,500.0,225.36217953416744
2024-06-17 09:40:47,501.0,225.06921318350558
2024-06-17 09:40:48,502.0,224.7818760448214
2024-06-17 09:40:49,503.0,224.50011619672694
2024-06-17 09:40:50,504.0,224.22388171783442
2024-06-17 09:40:51,505.0,223.953120686756
2024-06-17 09:40:52,506.0,223.68778118210375
2024-06-17 09:40:53,507.0,223.42781128248993
2024-06-17 09:40:54,508.0,223.17315906652655
2024-06-17 09:40:55,509.0,222.92377261282584
2024-06-17 09:40:56,510.0,222.6796
2024-06-17 09:40:57,511.0,222.44098685958568
2024-06-17 09:40:58,512.0,222.20813353190584
2024-06-17 09:40:59,513.0,221.98077015875185
2024-06-17 09:41:00,514.0,221.75862688191503
2024-06-17 09:41:01,515.0,221.5414338431868
2024-06-17 09:41:02,516.0,221.3289211843585
2024-06-17 09:41:03,517.0,221.12081904722146
2024-06-17 09:41:04,518.0,220.91685757356709
2024-06-17 09:41:05,519.0,220.71676690518674
2024-06-17 09:41:06,520.0,220.52027718387177
2024-06-17 09:41:07,521.0,220.32711855141352
2024-06-17 09:41:08,522.0,220.13702114960338
2024-06-17 09:41:09,523.0,219.9497151202327
2024-06-17 09:41:10,524.0,219.76493060509287
2024-06-17 09:41:11,525.0,219.58239774597521
2024-06-17 09:41:12,526.0,219.4018466846711
2024-06-17 09:41:13,527.0,219.22300756297196
2024-06-17 09:41:14,528.0,219.04561052266905
2024-06-17 09:41:15,529.0,218.86938570555375
2024-06-17 09:41:16,530.0,218.69406325341748
2024-06-17 09:41:17,531.0,218.51937330805163
2024-06-17 09:41:18,532.0,218.34504601124746
2024-06-17 09:41:19,533.0,218.17081150479638
2024-06-17 09:41:20,534.0,217.99639993048976
2024-06-17 09:41:21,535.0,217.82154143011897
2024-06-17 09:41:22,536.0,217.64596614547537
2024-06-17 09:41:23,537.0,217.4694042183503
2024-06-17 09:41:24,538.0,217.29158579053515
2024-06-17 09:41:25,539.0,217.11224100382125
2024-06-17 09:41:26,540.0,216.9311
2024-06-17 09:41:27,541.0,216.74394247730538
2024-06-17 09:41:28,542.0,216.5474611250804
2024-06-17 09:41:29,543.0,216.34275557177986
2024-06-17 09:41:30,544.0,216.13092544585862
2024-06-17 09:41:31,545.0,215.91307037577144
2024-06-17 09:41:32,546.0,215.69028998997317
2024-06-17 09:41:33,547.0,215.46368391691857
2024-06-17 09:41:34,548.0,215.23435178506253
2024-06-17 09:41:35,549.0,215.0033932228598
2024-06-17 09:41:36,550.0,214.77190785876522
2024-06-17 09:41:37,551.0,214.54099532123362
2024-06-17 09:41:38,552.0,214.3117552387198
2024-06-17 09:41:39,553.0,214.08528723967856
2024-06-17 09:41:40,554.0,213.86269095256478
2024-06-17 09:41:41,555.0,213.64506600583314
2024-06-17 09:41:42,556.0,213.4335120279386
2024-06-17 09:41:43,557.0,213.2291286473359
2024-06-17 09:41:44,558.0,213.03301549247988
2024-06-17 09:41:45,559.0,212.8462721918253
2024-06-17 09:41:46,560.0,212.66999837382707
2024-06-17 09:41:47,561.0,212.5052936669399
2024-06-17 09:41:48,562.0,212.3532576996187
2024-06-17 09:41:49,563.0,212.21499010031823
2024-06-17 09:41:50,564.0,212.0915904974933
2024-06-17 09:41:51,565.0,211.98415851959874
2024-06-17 09:41:52,566.0,211.89379379508935
2024-06-17 09:41:53,567.0,211.82159595242
2024-06-17 09:41:54,568.0,211.76866462004543
2024-06-17 09:41:55,569.0,211.7360994264205
2024-06-17 09:41:56,570.0,211.725
2024-06-17 09:41:57,571.0,211.8242002940297
2024-06-17 09:41:58,572.0,212.1166642160228
2024-06-17 09:41:59,573.0,212.5946863258352
2024-06-17 09:42:00,574.0,213.25056118332284
2024-06-17 09:42:01,575.0,214.0765833483416
2024-06-17 09:42:02,576.0,215.06504738074742
2024-06-17 09:42:03,577.0,216.20824784039624
2024-06-17 09:42:04,578.0,217.49847928714397
2024-06-17 09:42:05,579.0,218.9280362808465
2024-06-17 09:42:06,580.0,220.4892133813598
2024-06-17 09:42:07,581.0,222.17430514853976
2024-06-17 09:42:08,582.0,223.9756061422423
2024-06-17 09:42:09,583.0,225.88541092232336
2024-06-17 09:42:10,584.0,227.89601404863885
2024-06-17 09:42:11,585.0,229.99971008104467
2024-06-17 09:42:12,586.0,232.18879357939676
2024-06-17 09:42:13,587.0,234.45555910355105
2024-06-17 09:42:14,588.0,236.79230121336346
2024-06-17 09:42:15,589.0,239.19131446868988
2024-06-17 09:42:16,590.0,241.64489342938626
2024-06-17 09:42:17,591.0,244.14533265530852
2024-06-17 09:42:18,592.0,246.68492670631255
2024-06-17 09:42:19,593.0,249.25597014225434
2024-06-17 09:42:20,594.0,251.8507575229897
2024-06-17 09:42:21,595.0,254.46158340837465
2024-06-17 09:42:22,596.0,257.08074235826507
2024-06-17 09:42:23,597.0,259.70052893251693
2024-06-17 09:42:24,598.0,262.31323769098606
2024-06-17 09:42:25,599.0,264.91116319352847
2024-06-17 09:42:26,600.0,267.48659999999995
2024-06-17 09:42:27,601.0,270.2830872657307
2024-06-17 09:42:28,602.0,273.52406864975455
2024-06-17 09:42:29,603.0,277.171695467483
2024-06-17 09:42:30,604.0,281.1881190343274
2024-06-17 09:42:31,605.0,285.53549066569934
2024-06-17 09:42:32,606.0,290.1759616770102
2024-06-17 09:42:33,607.0,295.0716833836715
2024-06-17 09:42:34,608.0,300.1848071010948
2024-06-17 09:42:35,609.0,305.47748414469135
2024-06-17 09:42:36,610.0,310.9118658298729
2024-06-17 09:42:37,611.0,316.4501034720507
2024-06-17 09:42:38,612.0,322.05434838663643
2024-06-17 09:42:39,613.0,327.6867518890415
2024-06-17 09:42:40,614.0,333.30946529467724
2024-06-17 09:42:41,615.0,338.8846399189552
2024-06-17 09:42:42,616.0,344.37442707728695
2024-06-17 09:42:43,617.0,349.740978085084
2024-06-17 09:42:44,618.0,354.94644425775766
2024-06-17 09:42:45,619.0,359.95297691071937
2024-06-17 09:42:46,620.0,364.7227273593808
2024-06-17 09:42:47,621.0,369.2178469191534
2024-06-17 09:42:48,622.0,373.4004869054485
2024-06-17 09:42:49,623.0,377.23279863367776
2024-06-17 09:42:50,624.0,380.67693341925246
2024-06-17 09:42:51,625.0,383.6950425775843
2024-06-17 09:42:52,626.0,386.2492774240844
2024-06-17 09:42:53,627.0,388.3017892741648
2024-06-17 09:42:54,628.0,389.8147294432364
2024-06-17 09:42:55,629.0,390.750249246711
2024-06-17 09:42:56,630.0,391.0704999999999
2024-06-17 09:42:57,631.0,391.049582101844
2024-06-17 09:42:58,632.0,390.9881899565473
2024-06-17 09:42:59,633.0,390.88836588786603
2024-06-17 09:43:00,634.0,390.7521522195567
2024-06-17 09:43:01,635.0,390.58159127537573
2024-06-17 09:43:02,636.0,390.3787253790794
2024-06-17 09:43:03,637.0,390.14559685442424
2024-06-17 09:43:04,638.0,389.8842480251665
2024-06-17 09:43:05,639.0,389.5967212150627
2024-06-17 09:43:06,640.0,389.28505874786913
2024-06-17 09:43:07,641.0,388.9513029473423
2024-06-17 09:43:08,642.0,388.59749613723847
2024-06-17 09:43:09,643.0,388.22568064131406
2024-06-17 09:43:10,644.0,387.83789878332556
2024-06-17 09:43:11,645.0,387.4361928870292
2024-06-17 09:43:12,646.0,387.02260527618154
2024-06-17 09:43:13,647.0,386.59917827453893
2024-06-17 09:43:14,648.0,386.16795420585765
2024-06-17 09:43:15,649.0,385.73097539389425
2024-06-17 09:43:16,650.0,385.29028416240504
2024-06-17 09:43:17,651.0,384.8479228351464
2024-06-17 09:43:18,652.0,384.4059337358748
2024-06-17 09:43:19,653.0,383.9663591883465
2024-06-17 09:43:20,654.0,383.53124151631795
2024-06-17 09:43:21,655.0,383.1026230435456
2024-06-17 09:43:22,656.0,382.6825460937858
2024-06-17 09:43:23,657.0,382.27305299079495
2024-06-17 09:43:24,658.0,381.87618605832944
2024-06-17 09:43:25,659.0,381.4939876201456
2024-06-17 09:43:26,660.0,381.1285
2024-06-17 09:43:27,661.0,380.7577128242988
2024-06-17 09:43:28,662.0,380.3600974972261
2024-06-17 09:43:29,663.0,379.93841900920506
2024-06-17 09:43:30,664.0,379.4954423506586
2024-06-17 09:43:31,665.0,379.0339325120099
2024-06-17 09:43:32,666.0,378.55665448368194
2024-06-17 09:43:33,667.0,378.0663732560979
2024-06-17 09:43:34,668.0,377.56585381968074
2024-06-17 09:43:35,669.0,377.05786116485353
2024-06-17 09:43:36,670.0,376.5451602820394
2024-06-17 09:43:37,671.0,376.03051616166124
2024-06-17 09:43:38,672.0,375.51669379414227
2024-06-17 09:43:39,673.0,375.0064581699054
2024-06-17 09:43:40,674.0,374.5025742793739
2024-06-17 09:43:41,675.0,374.0078071129707
2024-06-17 09:43:42,676.0,373.52492166111887
2024-06-17 09:43:43,677.0,373.05668291424143
2024-06-17 09:43:44,678.0,372.60585586276153
2024-06-17 09:43:45,679.0,372.1752054971021
2024-06-17 09:43:46,680.0,371.76749680768637
2024-06-17 09:43:47,681.0,371.3854947849372
2024-06-17 09:43:48,682.0,371.03196441927787
2024-06-17 09:43:49,683.0,370.70967070113124
2024-06-17 09:43:50,684.0,370.42137862092045
2024-06-17 09:43:51,685.0,370.16985316906863
2024-06-17 09:43:52,686.0,369.95785933599876
2024-06-17 09:43:53,687.0,369.78816211213393
2024-06-17 09:43:54,688.0,369.6635264878971
2024-06-17 09:43:55,689.0,369.58671745371146
2024-06-17 09:43:56,690.0,369.5605
2024-06-17 09:43:57,691.0,369.5811671366076
2024-06-17 09:43:58,692.0,369.6415700448295
2024-06-17 09:43:59,693.0,369.739310972264
2024-06-17 09:44:00,694.0,369.8719921665096
2024-06-17 09:44:01,695.0,370.03721587516463
2024-06-17 09:44:02,696.0,370.23258434582766
2024-06-17 09:44:03,697.0,370.4556998260969
2024-06-17 09:44:04,698.0,370.70416456357094
2024-06-17 09:44:05,699.0,370.97558080584815
2024-06-17 09:44:06,700.0,371.267550800527
2024-06-17 09:44:07,701.0,371.5776767952057
2024-06-17 09:44:08,702.0,371.9035610374829
2024-06-17 09:44:09,703.0,372.24280577495693
2024-06-17 09:44:10,704.0,372.5930132552263
2024-06-17 09:44:11,705.0,372.95178572588924
2024-06-17 09:44:12,706.0,373.3167254345443
2024-06-17 09:44:13,707.0,373.6854346287899
2024-06-17 09:44:14,708.0,374.0555155562244
2024-06-17 09:44:15,709.0,374.4245704644463
2024-06-17 09:44:16,710.0,374.7902016010539
2024-06-17 09:44:17,711.0,375.15001121364577
2024-06-17 09:44:18,712.0,375.5016015498202
2024-06-17 09:44:19,713.0,375.8425748571757
2024-06-17 09:44:20,714.0,376.1705333833106
2024-06-17 09:44:21,715.0,376.48307937582337
2024-06-17 09:44:22,716.0,376.77781508231243
2024-06-17 09:44:23,717.0,377.0523427503762
2024-06-17 09:44:24,718.0,377.3042646276131
2024-06-17 09:44:25,719.0,377.5311829616216
2024-06-17 09:44:26,720.0,377.7307
2024-06-17 09:44:27,721.0,377.91728657911915
2024-06-17 09:44:28,722.0,378.10658903164614
2024-06-17 09:44:29,723.0,378.2979728496238
2024-06-17 09:44:30,724.0,378.49080352509503
2024-06-17 09:44:31,725.0,378.68444655010256
2024-06-17 09:44:32,726.0,378.8782674166894
2024-06-17 09:44:33,727.0,379.07163161689846
2024-06-17 09:44:34,728.0,379.2639046427724
2024-06-17 09:44:35,729.0,379.4544519863543
2024-06-17 09:44:36,730.0,379.6426391396868
2024-06-17 09:44:37,731.0,379.827831594813
2024-06-17 09:44:38,732.0,380.00939484377557
2024-06-17 09:44:39,733.0,380.1866943786175
2024-06-17 09:44:40,734.0,380.35909569138164
2024-06-17 09:44:41,735.0,380.5259642741108
2024-06-17 09:44:42,736.0,380.6866656188479
2024-06-17 09:44:43,737.0,380.8405652176357
2024-06-17 09:44:44,738.0,380.9870285625171
2024-06-17 09:44:45,739.0,381.12542114553503
2024-06-17 09:44:46,740.0,381.25510845873237
2024-06-17 09:44:47,741.0,381.3754559941519
2024-06-17 09:44:48,742.0,381.48582924383646
2024-06-17 09:44:49,743.0,381.585593699829
2024-06-17 09:44:50,744.0,381.6741148541724
2024-06-17 09:44:51,745.0,381.75075819890935
2024-06-17 09:44:52,746.0,381.81488922608304
2024-06-17 09:44:53,747.0,381.865873427736
2024-06-17 09:44:54,748.0,381.9030762959112
2024-06-17 09:44:55,749.0,381.92586332265165
2024-06-17 09:44:56,750.0,381.9336
2024-06-17 09:44:57,751.0,381.9008128296297
2024-06-17 09:44:58,752.0,381.8054319703704
2024-06-17 09:44:59,753.0,381.65192840000003
2024-06-17 09:45:00,754.0,381.44477309629633
2024-06-17 09:45:01,755.0,381.1884370370371
2024-06-17 09:45:02,756.0,380.8873912
2024-06-17 09:45:03,757.0,380.54610656296296
2024-06-17 09:45:04,758.0,380.16905410370373
2024-06-17 09:45:05,759.0,379.76070480000004
2024-06-17 09:45:06,760.0,379.32552962962967
2024-06-17 09:45:07,761.0,378.8679995703704
2024-06-17 09:45:08,762.0,378.3925856
2024-06-17 09:45:09,763.0,377.9037586962963
2024-06-17 09:45:10,764.0,377.40598983703705
2024-06-17 09:45:11,765.0,376.90375
2024-06-17 09:45:12,766.0,376.40151016296295
2024-06-17 09:45:13,767.0,375.9037413037037
2024-06-17 09:45:14,768.0,375.4149144
2024-06-17 09:45:15,769.0,374.9395004296296
2024-06-17 09:45:16,770.0,374.4819703703704
2024-06-17 09:45:17,771.0,374.04679519999996
2024-06-17 09:45:18,772.0,373.6384458962963
2024-06-17 09:45:19,773.0,373.261393437037
2024-06-17 09:45:20,774.0,372.9201088
2024-06-17 09:45:21,775.0,372.61906296296297
2024-06-17 09:45:22,776.0,372.36272690370373
2024-06-17 09:45:23,777.0,372.15557160000003
2024-06-17 09:45:24,778.0,372.0020680296296
2024-06-17 09:45:25,779.0,371.90668717037033
2024-06-17 09:45:26,780.0,371.8739
2024-06-17 09:45:27,781.0,371.8787755259259
2024-06-17 09:45:28,782.0,371.89295887407405
2024-06-17 09:45:29,783.0,371.91578519999996
2024-06-17 09:45:30,784.0,371.9465896592593
2024-06-17 09:45:31,785.0,371.9847074074074
2024-06-17 09:45:32,786.0,372.0294736
2024-06-17 09:45:33,787.0,372.0802233925926
2024-06-17 09:45:34,788.0,372.1362919407407
2024-06-17 09:45:35,789.0,372.1970144
2024-06-17 09:45:36,790.0,372.2617259259259
2024-06-17 09:45:37,791.0,372.32976167407406
2024-06-17 09:45:38,792.0,372.4004568
2024-06-17 09:45:39,793.0,372.4731464592592
2024-06-17 09:45:40,794.0,372.5471658074074
2024-06-17 09:45:41,795.0,372.62185
2024-06-17 09:45:42,796.0,372.6965341925926
2024-06-17 09:45:43,797.0,372.77055354074076
2024-06-17 09:45:44,798.0,372.84324319999996
2024-06-17 09:45:45,799.0,372.9139383259259
2024-06-17 09:45:46,800.0,372.98197407407406
2024-06-17 09:45:47,801.0,373.0466856
2024-06-17 09:45:48,802.0,373.1074080592592
2024-06-17 09:45:49,803.0,373.1634766074074
2024-06-17 09:45:50,804.0,373.21422640000003
2024-06-17 09:45:51,805.0,373.2589925925926
2024-06-17 09:45:52,806.0,373.29711034074074
2024-06-17 09:45:53,807.0,373.3279148
2024-06-17 09:45:54,808.0,373.35074112592594
2024-06-17 09:45:55,809.0,373.3649244740741
2024-06-17 09:45:56,810.0,373.3698
2024-06-17 09:45:57,811.0,373.3448291851852
2024-06-17 09:45:58,812.0,373.2721868148148
2024-06-17 09:45:59,813.0,373.155278
2024-06-17 09:46:00,814.0,372.9975078518518
2024-06-17 09:46:01,815.0,372.8022814814815
2024-06-17 09:46:02,816.0,372.573004
2024-06-17 09:46:03,817.0,372.3130805185185
2024-06-17 09:46:04,818.0,372.02591614814816
2024-06-17 09:46:05,819.0,371.714916
2024-06-17 09:46:06,820.0,371.3834851851852
2024-06-17 09:46:07,821.0,371.03502881481484
2024-06-17 09:46:08,822.0,370.672952
2024-06-17 09:46:09,823.0,370.3006598518519
2024-06-17 09:46:10,824.0,369.92155748148144
2024-06-17 09:46:11,825.0,369.53905
2024-06-17 09:46:12,826.0,369.15654251851856
2024-06-17 09:46:13,827.0,368.7774401481481
2024-06-17 09:46:14,828.0,368.40514800000005
2024-06-17 09:46:15,829.0,368.04307118518517
2024-06-17 09:46:16,830.0,367.6946148148148
2024-06-17 09:46:17,831.0,367.363184
2024-06-17 09:46:18,832.0,367.05218385185185
2024-06-17 09:46:19,833.0,366.7650194814815
2024-06-17 09:46:20,834.0,366.505096
2024-06-17 09:46:21,835.0,366.2758185185185
2024-06-17 09:46:22,836.0,366.0805921481482
2024-06-17 09:46:23,837.0,365.922822
2024-06-17 09:46:24,838.0,365.8059131851852
2024-06-17 09:46:25,839.0,365.73327081481483
2024-06-17 09:46:26,840.0,365.7083
2024-06-17 09:46:27,841.0,365.7272137758121
2024-06-17 09:46:28,842.0,365.78263275869205
2024-06-17 09:46:29,843.0,365.872573431805
2024-06-17 09:46:30,844.0,365.99505227831634
2024-06-17 09:46:31,845.0,366.1480857813914
2024-06-17 09:46:32,846.0,366.32969042419546
2024-06-17 09:46:33,847.0,366.5378826898938
2024-06-17 09:46:34,848.0,366.77067906165183
2024-06-17 09:46:35,849.0,367.02609602263476
2024-06-17 09:46:36,850.0,367.302150056008
2024-06-17 09:46:37,851.0,367.5968576449367
2024-06-17 09:46:38,852.0,367.9082352725863
2024-06-17 09:46:39,853.0,368.2342994221221
2024-06-17 09:46:40,854.0,368.5730665767094
2024-06-17 09:46:41,855.0,368.9225532195134
2024-06-17 09:46:42,856.0,369.2807758336996
2024-06-17 09:46:43,857.0,369.6457509024332
2024-06-17 09:46:44,858.0,370.0154949088795
2024-06-17 09:46:45,859.0,370.3880243362038
2024-06-17 09:46:46,860.0,370.7613556675715
2024-06-17 09:46:47,861.0,371.13350538614776
2024-06-17 09:46:48,862.0,371.50248997509806
2024-06-17 09:46:49,863.0,371.8663259175876
2024-06-17 09:46:50,864.0,372.22302969678174
2024-06-17 09:46:51,865.0,372.57061779584575
2024-06-17 09:46:52,866.0,372.907106697945
2024-06-17 09:46:53,867.0,373.2305128862447
2024-06-17 09:46:54,868.0,373.5388528439102
2024-06-17 09:46:55,869.0,373.8301430541069
2024-06-17 09:46:56,870.0,374.1024
2024-06-17 09:46:57,871.0,374.3713973607079
2024-06-17 09:46:58,872.0,374.65320514127495
2024-06-17 09:46:59,873.0,374.9462843137553
2024-06-17 09:47:00,874.0,375.2490958502032
2024-06-17 09:47:01,875.0,375.5601007226727
2024-06-17 09:47:02,876.0,375.87775990321825
2024-06-17 09:47:03,877.0,376.20053436389384
2024-06-17 09:47:04,878.0,376.52688507675384
2024-06-17 09:47:05,879.0,376.85527301385224
2024-06-17 09:47:06,880.0,377.18415914724335
2024-06-17 09:47:07,881.0,377.5120044489814
2024-06-17 09:47:08,882.0,377.83726989112057
2024-06-17 09:47:09,883.0,378.158416445715
2024-06-17 09:47:10,884.0,378.47390508481897
2024-06-17 09:47:11,885.0,378.78219678048663
2024-06-17 09:47:12,886.0,379.08175250477217
2024-06-17 09:47:13,887.0,379.3710332297298
2024-06-17 09:47:14,888.0,379.64849992741375
2024-06-17 09:47:15,889.0,379.91261356987815
2024-06-17 09:47:16,890.0,380.16183512917735
2024-06-17 09:47:17,891.0,380.39462557736533
2024-06-17 09:47:18,892.0,380.6094458864964
2024-06-17 09:47:19,893.0,380.8047570286248
2024-06-17 09:47:20,894.0,380.97901997580465
2024-06-17 09:47:21,895.0,381.1306957000902
2024-06-17 09:47:22,896.0,381.25824517353567
2024-06-17 09:47:23,897.0,381.36012936819515
2024-06-17 09:47:24,898.0,381.4348092561229
2024-06-17 09:47:25,899.0,381.4807458093732
2024-06-17 09:47:26,900.0,381.4964000000001
2024-06-17 09:47:27,901.0,381.4962003609713
2024-06-17 09:47:28,902.0,381.4956022676588
2024-06-17 09:47:29,903.0,381.49460695572384
2024-06-17 09:47:30,904.0,381.49321566082756
2024-06-17 09:47:31,905.0,381.4914296186311
2024-06-17 09:47:32,906.0,381.4892500647956
2024-06-17 09:47:33,907.0,381.4866782349822
2024-06-17 09:47:34,908.0,381.483715364852
2024-06-17 09:47:35,909.0,381.4803626900662
2024-06-17 09:47:36,910.0,381.476621446286
2024-06-17 09:47:37,911.0,381.4724928691724
2024-06-17 09:47:38,912.0,381.4679781943866
2024-06-17 09:47:39,913.0,381.4630786575898
2024-06-17 09:47:40,914.0,381.4577954944431
2024-06-17 09:47:41,915.0,381.4521299406075
2024-06-17 09:47:42,916.0,381.4460832317444
2024-06-17 09:47:43,917.0,381.43965660351483
2024-06-17 09:47:44,918.0,381.4328512915799
2024-06-17 09:47:45,919.0,381.4256685316007
2024-06-17 09:47:46,920.0,381.41810955923853
2024-06-17 09:47:47,921.0,381.41017561015445
2024-06-17 09:47:48,922.0,381.4018679200096
2024-06-17 09:47:49,923.0,381.39318772446507
2024-06-17 09:47:50,924.0,381.38413625918207
2024-06-17 09:47:51,925.0,381.37471475982176
2024-06-17 09:47:52,926.0,381.3649244620452
2024-06-17 09:47:53,927.0,381.3547666015137
2024-06-17 09:47:54,928.0,381.34424241388814
2024-06-17 09:47:55,929.0,381.33335313482985
2024-06-17 09:47:56,930.0,381.3221
2024-06-17 09:47:57,931.0,381.27636813924414
2024-06-17 09:47:58,932.0,381.1651771120377
2024-06-17 09:47:59,933.0,380.99322979848625
2024-06-17 09:48:00,934.0,380.7652290786955
2024-06-17 09:48:01,935.0,380.4858778327708
2024-06-17 09:48:02,936.0,380.1598789408179
2024-06-17 09:48:03,937.0,379.79193528294235
2024-06-17 09:48:04,938.0,379.3867497392497
2024-06-17 09:48:05,939.0,378.9490251898456
2024-06-17 09:48:06,940.0,378.4834645148356
2024-06-17 09:48:07,941.0,377.99477059432525
2024-06-17 09:48:08,942.0,377.4876463084202
2024-06-17 09:48:09,943.0,376.966794537226
2024-06-17 09:48:10,944.0,376.4369181608482
2024-06-17 09:48:11,945.0,375.9027200593925
2024-06-17 09:48:12,946.0,375.36890311296446
2024-06-17 09:48:13,947.0,374.8401702016696
2024-06-17 09:48:14,948.0,374.32122420561353
2024-06-17 09:48:15,949.0,373.8167680049018
2024-06-17 09:48:16,950.0,373.33150447964005
2024-06-17 09:48:17,951.0,372.87013650993384
2024-06-17 09:48:18,952.0,372.43736697588884
2024-06-17 09:48:19,953.0,372.0378987576106
2024-06-17 09:48:20,954.0,371.6764347352046
2024-06-17 09:48:21,955.0,371.35767778877647
2024-06-17 09:48:22,956.0,371.0863307984319
2024-06-17 09:48:23,957.0,370.8670966442764
2024-06-17 09:48:24,958.0,370.7046782064155
2024-06-17 09:48:25,959.0,370.6037783649549
2024-06-17 09:48:26,960.0,370.5691000000001
2024-06-17 09:48:27,961.0,370.5972629333334
2024-06-17 09:48:28,962.0,370.67919146666674
2024-06-17 09:48:29,963.0,370.81104520000014
2024-06-17 09:48:30,964.0,370.98898373333344
2024-06-17 09:48:31,965.0,371.20916666666676
2024-06-17 09:48:32,966.0,371.4677536000001
2024-06-17 09:48:33,967.0,371.76090413333344
2024-06-17 09:48:34,968.0,372.0847778666668
2024-06-17 09:48:35,969.0,372.4355344000001
2024-06-17 09:48:36,970.0,372.8093333333334
2024-06-17 09:48:37,971.0,373.20233426666675
2024-06-17 09:48:38,972.0,373.6106968
2024-06-17 09:48:39,973.0,374.0305805333334
2024-06-17 09:48:40,974.0,374.4581450666667
2024-06-17 09:48:41,975.0,374.88955000000004
2024-06-17 09:48:42,976.0,375.3209549333334
2024-06-17 09:48:43,977.0,375.7485194666667
2024-06-17 09:48:44,978.0,376.1684032
2024-06-17 09:48:45,979.0,376.5767657333334
2024-06-17 09:48:46,980.0,376.9697666666667
2024-06-17 09:48:47,981.0,377.3435656
2024-06-17 09:48:48,982.0,377.6943221333333
2024-06-17 09:48:49,983.0,378.01819586666664
2024-06-17 09:48:50,984.0,378.3113464
2024-06-17 09:48:51,985.0,378.5699333333333
2024-06-17 09:48:52,986.0,378.79011626666664
2024-06-17 09:48:53,987.0,378.9680548
2024-06-17 09:48:54,988.0,379.0999085333333
2024-06-17 09:48:55,989.0,379.1818370666667
2024-06-17 09:48:56,990.0,379.21
2024-06-17 09:48:57,991.0,379.1429541037037
2024-06-17 09:48:58,992.0,378.9479114962963
2024-06-17 09:48:59,993.0,378.6340148
2024-06-17 09:49:00,994.0,378.21040663703707
2024-06-17 09:49:01,995.0,377.6862296296296
2024-06-17 09:49:02,996.0,377.0706264
2024-06-17 09:49:03,997.0,376.37273957037036
2024-06-17 09:49:04,998.0,375.6017117629629
2024-06-17 09:49:05,999.0,374.76668559999996
2024-06-17 09:49:06,1000.0,373.8768037037037
2024-06-17 09:49:07,1001.0,372.9412086962963
2024-06-17 09:49:08,1002.0,371.96904320000004
2024-06-17 09:49:09,1003.0,370.9694498370371
2024-06-17 09:49:10,1004.0,369.9515712296296
2024-06-17 09:49:11,1005.0,368.92455
2024-06-17 09:49:12,1006.0,367.8975287703704
2024-06-17 09:49:13,1007.0,366.87965016296295
2024-06-17 09:49:14,1008.0,365.88005680000003
2024-06-17 09:49:15,1009.0,364.9078913037037
2024-06-17 09:49:16,1010.0,363.9722962962963
2024-06-17 09:49:17,1011.0,363.0824144
2024-06-17 09:49:18,1012.0,362.24738823703706
2024-06-17 09:49:19,1013.0,361.47636042962966
2024-06-17 09:49:20,1014.0,360.77847360000004
2024-06-17 09:49:21,1015.0,360.1628703703704
2024-06-17 09:49:22,1016.0,359.63869336296295
2024-06-17 09:49:23,1017.0,359.21508520000003
2024-06-17 09:49:24,1018.0,358.90118850370374
2024-06-17 09:49:25,1019.0,358.70614589629633
2024-06-17 09:49:26,1020.0,358.63910000000004
2024-06-17 09:49:27,1021.0,358.6487607703704
2024-06-17 09:49:28,1022.0,358.67686482962966
2024-06-17 09:49:29,1023.0,358.72209480000004
2024-06-17 09:49:30,1024.0,358.7831333037037
2024-06-17 09:49:31,1025.0,358.858662962963
2024-06-17 09:49:32,1026.0,358.9473664
2024-06-17 09:49:33,1027.0,359.0479262370371
2024-06-17 09:49:34,1028.0,359.1590250962963
2024-06-17 09:49:35,1029.0,359.2793456
2024-06-17 09:49:36,1030.0,359.40757037037037
2024-06-17 09:49:37,1031.0,359.54238202962966
2024-06-17 09:49:38,1032.0,359.68246320000003
2024-06-17 09:49:39,1033.0,359.82649650370377
2024-06-17 09:49:40,1034.0,359.97316456296295
2024-06-17 09:49:41,1035.0,360.12115000000006
2024-06-17 09:49:42,1036.0,360.26913543703705
2024-06-17 09:49:43,1037.0,360.41580349629635
2024-06-17 09:49:44,1038.0,360.5598368
2024-06-17 09:49:45,1039.0,360.6999179703704
2024-06-17 09:49:46,1040.0,360.83472962962963
2024-06-17 09:49:47,1041.0,360.9629544
2024-06-17 09:49:48,1042.0,361.08327490370374
2024-06-17 09:49:49,1043.0,361.194373762963
2024-06-17 09:49:50,1044.0,361.29493360000004
2024-06-17 09:49:51,1045.0,361.38363703703703
2024-06-17 09:49:52,1046.0,361.4591666962963
2024-06-17 09:49:53,1047.0,361.5202052
2024-06-17 09:49:54,1048.0,361.5654351703704
2024-06-17 09:49:55,1049.0,361.59353922962964
2024-06-17 09:49:56,1050.0,361.6032
2024-06-17 09:49:57,1051.0,361.5820105777778
2024-06-17 09:49:58,1052.0,361.52036862222224
2024-06-17 09:49:59,1053.0,361.4211636
2024-06-17 09:50:00,1054.0,361.28728497777774
2024-06-17 09:50:01,1055.0,361.12162222222224
2024-06-17 09:50:02,1056.0,360.92706480000004
2024-06-17 09:50:03,1057.0,360.7065021777778
2024-06-17 09:50:04,1058.0,360.4628238222223
2024-06-17 09:50:05,1059.0,360.19891920000003
2024-06-17 09:50:06,1060.0,359.9176777777778
2024-06-17 09:50:07,1061.0,359.62198902222224
2024-06-17 09:50:08,1062.0,359.31474240000006
2024-06-17 09:50:09,1063.0,358.9988273777778
2024-06-17 09:50:10,1064.0,358.67713342222225
2024-06-17 09:50:11,1065.0,358.35255
2024-06-17 09:50:12,1066.0,358.0279665777778
2024-06-17 09:50:13,1067.0,357.7062726222223
2024-06-17 09:50:14,1068.0,357.3903576
2024-06-17 09:50:15,1069.0,357.08311097777784
2024-06-17 09:50:16,1070.0,356.78742222222223
2024-06-17 09:50:17,1071.0,356.50618080000004
2024-06-17 09:50:18,1072.0,356.2422761777778
2024-06-17 09:50:19,1073.0,355.9985978222223
2024-06-17 09:50:20,1074.0,355.77803520000003
2024-06-17 09:50:21,1075.0,355.58347777777783
2024-06-17 09:50:22,1076.0,355.41781502222227
2024-06-17 09:50:23,1077.0,355.2839364000001
2024-06-17 09:50:24,1078.0,355.18473137777784
2024-06-17 09:50:25,1079.0,355.1230894222223
2024-06-17 09:50:26,1080.0,355.10190000000006
2024-06-17 09:50:27,1081.0,355.11237399289564
2024-06-17 09:50:28,1082.0,355.1432738882713
2024-06-17 09:50:29,1083.0,355.1938165611599
2024-06-17 09:50:30,1084.0,355.26321888659476
2024-06-17 09:50:31,1085.0,355.35069773960885
2024-06-17 09:50:32,1086.0,355.45546999523526
2024-06-17 09:50:33,1087.0,355.5767525285071
2024-06-17 09:50:34,1088.0,355.71376221445735
2024-06-17 09:50:35,1089.0,355.8657159281193
2024-06-17 09:50:36,1090.0,356.0318305445259
2024-06-17 09:50:37,1091.0,356.2113229387103
2024-06-17 09:50:38,1092.0,356.4034099857056
2024-06-17 09:50:39,1093.0,356.60730856054477
2024-06-17 09:50:40,1094.0,356.82223553826105
2024-06-17 09:50:41,1095.0,357.0474077938875
2024-06-17 09:50:42,1096.0,357.28204220245703
2024-06-17 09:50:43,1097.0,357.525355639003
2024-06-17 09:50:44,1098.0,357.7765649785583
2024-06-17 09:50:45,1099.0,358.0348870961561
2024-06-17 09:50:46,1100.0,358.2995388668295
2024-06-17 09:50:47,1101.0,358.5697371656116
2024-06-17 09:50:48,1102.0,358.84469886753544
2024-06-17 09:50:49,1103.0,359.1236408476341
2024-06-17 09:50:50,1104.0,359.4057799809407
2024-06-17 09:50:51,1105.0,359.6903331424883
2024-06-17 09:50:52,1106.0,359.97651720731005
2024-06-17 09:50:53,1107.0,360.26354905043905
2024-06-17 09:50:54,1108.0,360.5506455469083
2024-06-17 09:50:55,1109.0,360.8370235717509
2024-06-17 09:50:56,1110.0,361.1219
2024-06-17 09:50:57,1111.0,361.4169348612976
2024-06-17 09:50:58,1112.0,361.7336939033326
2024-06-17 09:50:59,1113.0,362.0712525782086
2024-06-17 09:51:00,1114.0,362.42868633802914
2024-06-17 09:51:01,1115.0,362.80507063489756
2024-06-17 09:51:02,1116.0,363.1994809209176
2024-06-17 09:51:03,1117.0,363.61099264819273
2024-06-17 09:51:04,1118.0,364.03868126882634
2024-06-17 09:51:05,1119.0,364.4816222349221
2024-06-17 09:51:06,1120.0,364.9388909985834
2024-06-17 09:51:07,1121.0,365.4095630119138
2024-06-17 09:51:08,1122.0,365.8927137270169
2024-06-17 09:51:09,1123.0,366.387418595996
2024-06-17 09:51:10,1124.0,366.8927530709549
2024-06-17 09:51:11,1125.0,367.4077926039969
2024-06-17 09:51:12,1126.0,367.9316126472257
2024-06-17 09:51:13,1127.0,368.46328865274455
2024-06-17 09:51:14,1128.0,369.0018960726572
2024-06-17 09:51:15,1129.0,369.5465103590671
2024-06-17 09:51:16,1130.0,370.0962069640778
2024-06-17 09:51:17,1131.0,370.6500613397927
2024-06-17 09:51:18,1132.0,371.2071489383154
2024-06-17 09:51:19,1133.0,371.7665452117495
2024-06-17 09:51:20,1134.0,372.32732561219836
2024-06-17 09:51:21,1135.0,372.8885655917656
2024-06-17 09:51:22,1136.0,373.44934060255474
2024-06-17 09:51:23,1137.0,374.0087260966692
2024-06-17 09:51:24,1138.0,374.5657975262126
2024-06-17 09:51:25,1139.0,375.1196303432883
2024-06-17 09:51:26,1140.0,375.6693
2024-06-17 09:51:27,1141.0,376.22831098114597
2024-06-17 09:51:28,1142.0,376.80953744325024
2024-06-17 09:51:29,1143.0,377.4111093460043
2024-06-17 09:51:30,1144.0,378.03115664910035
2024-06-17 09:51:31,1145.0,378.66780931222996
2024-06-17 09:51:32,1146.0,379.31919729508513
2024-06-17 09:51:33,1147.0,379.9834505573575
2024-06-17 09:51:34,1148.0,380.65869905873905
2024-06-17 09:51:35,1149.0,381.34307275892155
2024-06-17 09:51:36,1150.0,382.0347016175969
2024-06-17 09:51:37,1151.0,382.7317155944568
2024-06-17 09:51:38,1152.0,383.43224464919314
2024-06-17 09:51:39,1153.0,384.1344187414977
2024-06-17 09:51:40,1154.0,384.83636783106243
2024-06-17 09:51:41,1155.0,385.53622187757907
2024-06-17 09:51:42,1156.0,386.23211084073944
2024-06-17 09:51:43,1157.0,386.9221646802353
2024-06-17 09:51:44,1158.0,387.6045133557587
2024-06-17 09:51:45,1159.0,388.27728682700115
2024-06-17 09:51:46,1160.0,388.93861505365476
2024-06-17 09:51:47,1161.0,389.5866279954112
2024-06-17 09:51:48,1162.0,390.2194556119624
2024-06-17 09:51:49,1163.0,390.83522786300006
2024-06-17 09:51:50,1164.0,391.43207470821613
2024-06-17 09:51:51,1165.0,392.00812610730236
2024-06-17 09:51:52,1166.0,392.5615120199506
2024-06-17 09:51:53,1167.0,393.0903624058526
2024-06-17 09:51:54,1168.0,393.5928072247003
2024-06-17 09:51:55,1169.0,394.0669764361855
2024-06-17 09:51:56,1170.0,394.511
2024-06-17 09:51:57,1171.0,394.9430239752105
2024-06-17 09:51:58,1172.0,395.3814560806144
2024-06-17 09:51:59,1173.0,395.82481876549974
2024-06-17 09:52:00,1174.0,396.27163447915467
2024-06-17 09:52:01,1175.0,396.7204256708673
2024-06-17 09:52:02,1176.0,397.16971478992554
2024-06-17 09:52:03,1177.0,397.61802428561754
2024-06-17 09:52:04,1178.0,398.06387660723135
2024-06-17 09:52:05,1179.0,398.50579420405506
2024-06-17 09:52:06,1180.0,398.9422995253767
2024-06-17 09:52:07,1181.0,399.37191502048444
2024-06-17 09:52:08,1182.0,399.79316313866616
2024-06-17 09:52:09,1183.0,400.2045663292101
2024-06-17 09:52:10,1184.0,400.6046470414042
2024-06-17 09:52:11,1185.0,400.9919277245366
2024-06-17 09:52:12,1186.0,401.3649308278953
2024-06-17 09:52:13,1187.0,401.7221788007684
2024-06-17 09:52:14,1188.0,402.06219409244403
2024-06-17 09:52:15,1189.0,402.3834991522102
2024-06-17 09:52:16,1190.0,402.68461642935495
2024-06-17 09:52:17,1191.0,402.96406837316636
2024-06-17 09:52:18,1192.0,403.2203774329326
2024-06-17 09:52:19,1193.0,403.4520660579415
2024-06-17 09:52:20,1194.0,403.65765669748134
2024-06-17 09:52:21,1195.0,403.8356718008401
2024-06-17 09:52:22,1196.0,403.9846338173058
2024-06-17 09:52:23,1197.0,404.10306519616654
2024-06-17 09:52:24,1198.0,404.1894883867105
2024-06-17 09:52:25,1199.0,404.24242583822553
2024-06-17 09:52:26,1200.0,404.2603999999999
2024-06-17 09:52:27,1201.0,404.1738982814814
2024-06-17 09:52:28,1202.0,403.9222569185184
2024-06-17 09:52:29,1203.0,403.5172715999999
2024-06-17 09:52:30,1204.0,402.9707380148147
2024-06-17 09:52:31,1205.0,402.29445185185176
2024-06-17 09:52:32,1206.0,401.50020879999994
2024-06-17 09:52:33,1207.0,400.5998045481481
2024-06-17 09:52:34,1208.0,399.60503478518507
2024-06-17 09:52:35,1209.0,398.5276951999999
2024-06-17 09:52:36,1210.0,397.3795814814814
2024-06-17 09:52:37,1211.0,396.17248931851844
2024-06-17 09:52:38,1212.0,394.9182143999999
2024-06-17 09:52:39,1213.0,393.62855241481475
2024-06-17 09:52:40,1214.0,392.3152990518518
2024-06-17 09:52:41,1215.0,390.99024999999995
2024-06-17 09:52:42,1216.0,389.6652009481481
2024-06-17 09:52:43,1217.0,388.35194758518514
2024-06-17 09:52:44,1218.0,387.06228559999994
2024-06-17 09:52:45,1219.0,385.80801068148145
2024-06-17 09:52:46,1220.0,384.6009185185185
2024-06-17 09:52:47,1221.0,383.45280479999997
2024-06-17 09:52:48,1222.0,382.37546521481477
2024-06-17 09:52:49,1223.0,381.38069545185186
2024-06-17 09:52:50,1224.0,380.4802912
2024-06-17 09:52:51,1225.0,379.6860481481482
2024-06-17 09:52:52,1226.0,379.0097619851852
2024-06-17 09:52:53,1227.0,378.4632284
2024-06-17 09:52:54,1228.0,378.05824308148146
2024-06-17 09:52:55,1229.0,377.80660171851855
2024-06-17 09:52:56,1230.0,377.7201
2024-06-17 09:52:57,1231.0,377.7852343407408
2024-06-17 09:52:58,1232.0,377.97471605925926
2024-06-17 09:52:59,1233.0,378.2796632
2024-06-17 09:53:00,1234.0,378.6911938074074
2024-06-17 09:53:01,1235.0,379.2004259259259
2024-06-17 09:53:02,1236.0,379.7984776
2024-06-17 09:53:03,1237.0,380.47646687407405
2024-06-17 09:53:04,1238.0,381.22551179259256
2024-06-17 09:53:05,1239.0,382.0367304
2024-06-17 09:53:06,1240.0,382.9012407407408
2024-06-17 09:53:07,1241.0,383.81016085925927
2024-06-17 09:53:08,1242.0,384.7546088
2024-06-17 09:53:09,1243.0,385.7257026074074
2024-06-17 09:53:10,1244.0,386.7145603259259
2024-06-17 09:53:11,1245.0,387.71229999999997
2024-06-17 09:53:12,1246.0,388.7100396740741
2024-06-17 09:53:13,1247.0,389.6988973925926
2024-06-17 09:53:14,1248.0,390.66999119999997
2024-06-17 09:53:15,1249.0,391.6144391407407
2024-06-17 09:53:16,1250.0,392.5233592592593
2024-06-17 09:53:17,1251.0,393.38786960000004
2024-06-17 09:53:18,1252.0,394.1990882074074
2024-06-17 09:53:19,1253.0,394.9481331259259
2024-06-17 09:53:20,1254.0,395.6261224
2024-06-17 09:53:21,1255.0,396.2241740740741
2024-06-17 09:53:22,1256.0,396.7334061925926
2024-06-17 09:53:23,1257.0,397.14493680000004
2024-06-17 09:53:24,1258.0,397.44988394074073
2024-06-17 09:53:25,1259.0,397.6393656592592
2024-06-17 09:53:26,1260.0,397.7045
2024-06-17 09:53:27,1261.0,397.6888792919033
2024-06-17 09:53:28,1262.0,397.64285043003247
2024-06-17 09:53:29,1263.0,397.567663308017
2024-06-17 09:53:30,1264.0,397.46456781948586
2024-06-17 09:53:31,1265.0,397.33481385806834
2024-06-17 09:53:32,1266.0,397.17965131739373
2024-06-17 09:53:33,1267.0,397.0003300910911
2024-06-17 09:53:34,1268.0,396.7981000727898
2024-06-17 09:53:35,1269.0,396.57421115611885
2024-06-17 09:53:36,1270.0,396.32991323470765
2024-06-17 09:53:37,1271.0,396.06645620218535
2024-06-17 09:53:38,1272.0,395.7850899521811
2024-06-17 09:53:39,1273.0,395.4870643783242
2024-06-17 09:53:40,1274.0,395.17362937424383
2024-06-17 09:53:41,1275.0,394.8460348335692
2024-06-17 09:53:42,1276.0,394.5055306499294
2024-06-17 09:53:43,1277.0,394.1533667169539
2024-06-17 09:53:44,1278.0,393.7907929282717
2024-06-17 09:53:45,1279.0,393.419059177512
2024-06-17 09:53:46,1280.0,393.0394153583042
2024-06-17 09:53:47,1281.0,392.6531113642774
2024-06-17 09:53:48,1282.0,392.26139708906067
2024-06-17 09:53:49,1283.0,391.8655224262834
2024-06-17 09:53:50,1284.0,391.4667372695748
2024-06-17 09:53:51,1285.0,391.066291512564
2024-06-17 09:53:52,1286.0,390.66543504888034
2024-06-17 09:53:53,1287.0,390.26541777215283
2024-06-17 09:53:54,1288.0,389.8674895760108
2024-06-17 09:53:55,1289.0,389.47290035408344
2024-06-17 09:53:56,1290.0,389.0829
2024-06-17 09:53:57,1291.0,388.66295291999063
2024-06-17 09:53:58,1292.0,388.18124594991514
2024-06-17 09:53:59,1293.0,387.64311262784713
2024-06-17 09:54:00,1294.0,387.05388649186045
2024-06-17 09:54:01,1295.0,386.41890108002855
2024-06-17 09:54:02,1296.0,385.7434899304252
2024-06-17 09:54:03,1297.0,385.03298658112396
2024-06-17 09:54:04,1298.0,384.2927245701986
2024-06-17 09:54:05,1299.0,383.52803743572264
2024-06-17 09:54:06,1300.0,382.74425871576994
2024-06-17 09:54:07,1301.0,381.9467219484139
2024-06-17 09:54:08,1302.0,381.14076067172834
2024-06-17 09:54:09,1303.0,380.3317084237869
2024-06-17 09:54:10,1304.0,379.52489874266314
2024-06-17 09:54:11,1305.0,378.7256651664308
2024-06-17 09:54:12,1306.0,377.9393412331636
2024-06-17 09:54:13,1307.0,377.1712604809351
2024-06-17 09:54:14,1308.0,376.4267564478189
2024-06-17 09:54:15,1309.0,375.71116267188876
2024-06-17 09:54:16,1310.0,375.0298126912183
2024-06-17 09:54:17,1311.0,374.3880400438811
2024-06-17 09:54:18,1312.0,373.791178267951
2024-06-17 09:54:19,1313.0,373.2445609015015
2024-06-17 09:54:20,1314.0,372.7535214826063
2024-06-17 09:54:21,1315.0,372.323393549339
2024-06-17 09:54:22,1316.0,371.95951063977344
2024-06-17 09:54:23,1317.0,371.667206291983
2024-06-17 09:54:24,1318.0,371.45181404404156
2024-06-17 09:54:25,1319.0,371.3186674340227
2024-06-17 09:54:26,1320.0,371.2731
2024-06-17 09:54:27,1321.0,371.3940859851852
2024-06-17 09:54:28,1322.0,371.7460452148148
2024-06-17 09:54:29,1323.0,372.3124796
2024-06-17 09:54:30,1324.0,373.0768910518519
2024-06-17 09:54:31,1325.0,374.0227814814815
2024-06-17 09:54:32,1326.0,375.1336528
2024-06-17 09:54:33,1327.0,376.3930069185185
2024-06-17 09:54:34,1328.0,377.78434574814816
2024-06-17 09:54:35,1329.0,379.2911712
2024-06-17 09:54:36,1330.0,380.8969851851852
2024-06-17 09:54:37,1331.0,382.5852896148148
2024-06-17 09:54:38,1332.0,384.33958640000003
2024-06-17 09:54:39,1333.0,386.14337745185185
2024-06-17 09:54:40,1334.0,387.9801646814815
2024-06-17 09:54:41,1335.0,389.83345
2024-06-17 09:54:42,1336.0,391.6867353185186
2024-06-17 09:54:43,1337.0,393.5235225481482
2024-06-17 09:54:44,1338.0,395.3273136
2024-06-17 09:54:45,1339.0,397.08161038518523
2024-06-17 09:54:46,1340.0,398.76991481481485
2024-06-17 09:54:47,1341.0,400.37572880000005
2024-06-17 09:54:48,1342.0,401.8825542518519
2024-06-17 09:54:49,1343.0,403.27389308148156
2024-06-17 09:54:50,1344.0,404.53324720000006
2024-06-17 09:54:51,1345.0,405.64411851851855
2024-06-17 09:54:52,1346.0,406.5900089481482
2024-06-17 09:54:53,1347.0,407.35442040000004
2024-06-17 09:54:54,1348.0,407.92085478518527
2024-06-17 09:54:55,1349.0,408.2728140148149
2024-06-17 09:54:56,1350.0,408.39380000000006
2024-06-17 09:54:57,1351.0,408.31273928888896
2024-06-17 09:54:58,1352.0,408.07692631111115
2024-06-17 09:54:59,1353.0,407.69741480000005
2024-06-17 09:55:00,1354.0,407.1852584888889
2024-06-17 09:55:01,1355.0,406.55151111111115
2024-06-17 09:55:02,1356.0,405.80722640000005
2024-06-17 09:55:03,1357.0,404.96345808888896
2024-06-17 09:55:04,1358.0,404.0312599111112
2024-06-17 09:55:05,1359.0,403.02168560000007
2024-06-17 09:55:06,1360.0,401.94578888888896
2024-06-17 09:55:07,1361.0,400.81462351111117
2024-06-17 09:55:08,1362.0,399.63924320000007
2024-06-17 09:55:09,1363.0,398.4307016888889
2024-06-17 09:55:10,1364.0,397.20005271111114
2024-06-17 09:55:11,1365.0,395.95835000000005
2024-06-17 09:55:12,1366.0,394.7166472888889
2024-06-17 09:55:13,1367.0,393.4859983111111
2024-06-17 09:55:14,1368.0,392.27745680000004
2024-06-17 09:55:15,1369.0,391.1020764888889
2024-06-17 09:55:16,1370.0,389.97091111111115
2024-06-17 09:55:17,1371.0,388.89501440000004
2024-06-17 09:55:18,1372.0,387.8854400888889
2024-06-17 09:55:19,1373.0,386.95324191111115
2024-06-17 09:55:20,1374.0,386.1094736
2024-06-17 09:55:21,1375.0,385.36518888888884
2024-06-17 09:55:22,1376.0,384.7314415111111
2024-06-17 09:55:23,1377.0,384.2192852
2024-06-17 09:55:24,1378.0,383.8397736888889
2024-06-17 09:55:25,1379.0,383.6039607111111
2024-06-17 09:55:26,1380.0,383.5229
2024-06-17 09:55:27,1381.0,383.5931781037037
2024-06-17 09:55:28,1382.0,383.7976234962963
2024-06-17 09:55:29,1383.0,384.1266528
2024-06-17 09:55:30,1384.0,384.57068263703707
2024-06-17 09:55:31,1385.0,385.1201296296296
2024-06-17 09:55:32,1386.0,385.7654104
2024-06-17 09:55:33,1387.0,386.4969415703703
2024-06-17 09:55:34,1388.0,387.305139762963
2024-06-17 09:55:35,1389.0,388.1804216
2024-06-17 09:55:36,1390.0,389.11320370370373
2024-06-17 09:55:37,1391.0,390.09390269629625
2024-06-17 09:55:38,1392.0,391.1129352
2024-06-17 09:55:39,1393.0,392.160717837037
2024-06-17 09:55:40,1394.0,393.2276672296297
2024-06-17 09:55:41,1395.0,394.30420000000004
2024-06-17 09:55:42,1396.0,395.3807327703704
2024-06-17 09:55:43,1397.0,396.44768216296296
2024-06-17 09:55:44,1398.0,397.49546480000004
2024-06-17 09:55:45,1399.0,398.5144973037037
2024-06-17 09:55:46,1400.0,399.49519629629634
2024-06-17 09:55:47,1401.0,400.42797840000003
2024-06-17 09:55:48,1402.0,401.3032602370371
2024-06-17 09:55:49,1403.0,402.1114584296297
2024-06-17 09:55:50,1404.0,402.8429896
2024-06-17 09:55:51,1405.0,403.4882703703704
2024-06-17 09:55:52,1406.0,404.037717362963
2024-06-17 09:55:53,1407.0,404.48174720000003
2024-06-17 09:55:54,1408.0,404.8107765037038
2024-06-17 09:55:55,1409.0,405.01522189629634
2024-06-17 09:55:56,1410.0,405.0855
2024-06-17 09:55:57,1411.0,405.054181542287
2024-06-17 09:55:58,1412.0,404.9628108299819
2024-06-17 09:55:59,1413.0,404.81526485433574
2024-06-17 09:56:00,1414.0,404.61542060659946
2024-06-17 09:56:01,1415.0,404.367155078024
2024-06-17 09:56:02,1416.0,404.07434525986037
2024-06-17 09:56:03,1417.0,403.74086814335953
2024-06-17 09:56:04,1418.0,403.3706007197724
2024-06-17 09:56:05,1419.0,402.9674199803501
2024-06-17 09:56:06,1420.0,402.5352029163434
2024-06-17 09:56:07,1421.0,402.0778265190034
2024-06-17 09:56:08,1422.0,401.5991677795811
2024-06-17 09:56:09,1423.0,401.1031036893273
2024-06-17 09:56:10,1424.0,400.5935112394931
2024-06-17 09:56:11,1425.0,400.0742674213295
2024-06-17 09:56:12,1426.0,399.5492492260874
2024-06-17 09:56:13,1427.0,399.0223336450178
2024-06-17 09:56:14,1428.0,398.4973976693716
2024-06-17 09:56:15,1429.0,397.97831829039984
2024-06-17 09:56:16,1430.0,397.4689724993535
2024-06-17 09:56:17,1431.0,396.97323728748347
2024-06-17 09:56:18,1432.0,396.49498964604084
2024-06-17 09:56:19,1433.0,396.0381065662765
2024-06-17 09:56:20,1434.0,395.60646503944145
2024-06-17 09:56:21,1435.0,395.2039420567866
2024-06-17 09:56:22,1436.0,394.83441460956294
2024-06-17 09:56:23,1437.0,394.5017596890215
2024-06-17 09:56:24,1438.0,394.20985428641325
2024-06-17 09:56:25,1439.0,393.9625753929891
2024-06-17 09:56:26,1440.0,393.7638
2024-06-17 09:56:27,1441.0,393.5909331107146
2024-06-17 09:56:28,1442.0,393.41902440988304
2024-06-17 09:56:29,1443.0,393.2484179109785
2024-06-17 09:56:30,1444.0,393.0794576274741
2024-06-17 09:56:31,1445.0,392.912487572843
2024-06-17 09:56:32,1446.0,392.74785176055855
2024-06-17 09:56:33,1447.0,392.5858942040939
2024-06-17 09:56:34,1448.0,392.4269589169221
2024-06-17 09:56:35,1449.0,392.2713899125165
2024-06-17 09:56:36,1450.0,392.1195312043502
2024-06-17 09:56:37,1451.0,391.9717268058965
2024-06-17 09:56:38,1452.0,391.82832073062843
2024-06-17 09:56:39,1453.0,391.6896569920193
2024-06-17 09:56:40,1454.0,391.5560796035423
2024-06-17 09:56:41,1455.0,391.4279325786705
2024-06-17 09:56:42,1456.0,391.3055599308773
2024-06-17 09:56:43,1457.0,391.18930567363566
2024-06-17 09:56:44,1458.0,391.0795138204189
2024-06-17 09:56:45,1459.0,390.97652838470026
2024-06-17 09:56:46,1460.0,390.8806933799529
2024-06-17 09:56:47,1461.0,390.7923528196499
2024-06-17 09:56:48,1462.0,390.71185071726455
2024-06-17 09:56:49,1463.0,390.6395310862701
2024-06-17 09:56:50,1464.0,390.5757379401397
2024-06-17 09:56:51,1465.0,390.52081529234636
2024-06-17 09:56:52,1466.0,390.47510715636355
2024-06-17 09:56:53,1467.0,390.4389575456643
2024-06-17 09:56:54,1468.0,390.4127104737218
2024-06-17 09:56:55,1469.0,390.3967099540093
2024-06-17 09:56:56,1470.0,390.3913
2024-06-17 09:56:57,1471.0,390.39402277005007
2024-06-17 09:56:58,1472.0,390.4020912498486
2024-06-17 09:56:59,1473.0,390.4153556938678
2024-06-17 09:57:00,1474.0,390.4336663565803
2024-06-17 09:57:01,1475.0,390.4568734924584
2024-06-17 09:57:02,1476.0,390.4848273559745
2024-06-17 09:57:03,1477.0,390.51737820160093
2024-06-17 09:57:04,1478.0,390.55437628381026
2024-06-17 09:57:05,1479.0,390.59567185707476
2024-06-17 09:57:06,1480.0,390.64111517586684
2024-06-17 09:57:07,1481.0,390.69055649465895
2024-06-17 09:57:08,1482.0,390.7438460679234
2024-06-17 09:57:09,1483.0,390.8008341501327
2024-06-17 09:57:10,1484.0,390.8613709957592
2024-06-17 09:57:11,1485.0,390.9253068592753
2024-06-17 09:57:12,1486.0,390.9924919951534
2024-06-17 09:57:13,1487.0,391.06277665786587
2024-06-17 09:57:14,1488.0,391.1360111018852
2024-06-17 09:57:15,1489.0,391.21204558168364
2024-06-17 09:57:16,1490.0,391.2907303517337
2024-06-17 09:57:17,1491.0,391.3719156665078
2024-06-17 09:57:18,1492.0,391.4554517804782
2024-06-17 09:57:19,1493.0,391.54118894811745
2024-06-17 09:57:20,1494.0,391.62897742389794
2024-06-17 09:57:21,1495.0,391.71866746229193
2024-06-17 09:57:22,1496.0,391.81010931777195
2024-06-17 09:57:23,1497.0,391.90315324481037
2024-06-17 09:57:24,1498.0,391.9976494978796
2024-06-17 09:57:25,1499.0,392.093448331452
2024-06-17 09:57:26,1500.0,392.1904
2024-06-17 09:57:27,1501.0,392.3069349278072
2024-06-17 09:57:28,1502.0,392.45970324286117
2024-06-17 09:57:29,1503.0,392.64588475518957
2024-06-17 09:57:30,1504.0,392.86265927482066
2024-06-17 09:57:31,1505.0,393.1072066117822
2024-06-17 09:57:32,1506.0,393.37670657610215
2024-06-17 09:57:33,1507.0,393.6683389778085
2024-06-17 09:57:34,1508.0,393.9792836269292
2024-06-17 09:57:35,1509.0,394.30672033349225
2024-06-17 09:57:36,1510.0,394.6478289075256
2024-06-17 09:57:37,1511.0,394.9997891590571
2024-06-17 09:57:38,1512.0,395.3597808981149
2024-06-17 09:57:39,1513.0,395.72498393472677
2024-06-17 09:57:40,1514.0,396.0925780789207
2024-06-17 09:57:41,1515.0,396.45974314072475
2024-06-17 09:57:42,1516.0,396.8236589301668
2024-06-17 09:57:43,1517.0,397.1815052572748
2024-06-17 09:57:44,1518.0,397.53046193207666
2024-06-17 09:57:45,1519.0,397.8677087646004
2024-06-17 09:57:46,1520.0,398.190425564874
2024-06-17 09:57:47,1521.0,398.4957921429253
2024-06-17 09:57:48,1522.0,398.7809883087824
2024-06-17 09:57:49,1523.0,399.0431938724732
2024-06-17 09:57:50,1524.0,399.27958864402564
2024-06-17 09:57:51,1525.0,399.48735243346766
2024-06-17 09:57:52,1526.0,399.66366505082726
2024-06-17 09:57:53,1527.0,399.8057063061323
2024-06-17 09:57:54,1528.0,399.91065600941084
2024-06-17 09:57:55,1529.0,399.97569397069077
2024-06-17 09:57:56,1530.0,399.9980000000001
2024-06-17 09:57:57,1531.0,399.995194013438
2024-06-17 09:57:58,1532.0,399.986853906304
2024-06-17 09:57:59,1533.0,399.9730964574274
2024-06-17 09:58:00,1534.0,399.9540384456369
2024-06-17 09:58:01,1535.0,399.9297966497616
2024-06-17 09:58:02,1536.0,399.90048784863046
2024-06-17 09:58:03,1537.0,399.86622882107235
2024-06-17 09:58:04,1538.0,399.8271363459162
2024-06-17 09:58:05,1539.0,399.7833272019911
2024-06-17 09:58:06,1540.0,399.73491816812594
2024-06-17 09:58:07,1541.0,399.6820260231496
2024-06-17 09:58:08,1542.0,399.6247675458912
2024-06-17 09:58:09,1543.0,399.5632595151795
2024-06-17 09:58:10,1544.0,399.4976187098436
2024-06-17 09:58:11,1545.0,399.4279619087124
2024-06-17 09:58:12,1546.0,399.3544058906149
2024-06-17 09:58:13,1547.0,399.27706743438
2024-06-17 09:58:14,1548.0,399.1960633188367
2024-06-17 09:58:15,1549.0,399.1115103228139
2024-06-17 09:58:16,1550.0,399.0235252251406
2024-06-17 09:58:17,1551.0,398.9322248046457
2024-06-17 09:58:18,1552.0,398.8377258401583
2024-06-17 09:58:19,1553.0,398.7401451105073
2024-06-17 09:58:20,1554.0,398.63959939452144
2024-06-17 09:58:21,1555.0,398.53620547103
2024-06-17 09:58:22,1556.0,398.43008011886167
2024-06-17 09:58:23,1557.0,398.32134011684565
2024-06-17 09:58:24,1558.0,398.21010224381064
2024-06-17 09:58:25,1559.0,398.09648327858577
2024-06-17 09:58:26,1560.0,397.9806
2024-06-17 09:58:27,1561.0,397.82738288437713
2024-06-17 09:58:28,1562.0,397.60515639322637
2024-06-17 09:58:29,1563.0,397.3191282831544
2024-06-17 09:58:30,1564.0,396.97450631076794
2024-06-17 09:58:31,1565.0,396.5764982326737
2024-06-17 09:58:32,1566.0,396.1303118054785
2024-06-17 09:58:33,1567.0,395.641154785789
2024-06-17 09:58:34,1568.0,395.1142349302121
2024-06-17 09:58:35,1569.0,394.5547599953543
2024-06-17 09:58:36,1570.0,393.96793773782235
2024-06-17 09:58:37,1571.0,393.35897591422315
2024-06-17 09:58:38,1572.0,392.7330822811633
2024-06-17 09:58:39,1573.0,392.0954645952497
2024-06-17 09:58:40,1574.0,391.4513306130889
2024-06-17 09:58:41,1575.0,390.8058880912876
2024-06-17 09:58:42,1576.0,390.1643447864527
2024-06-17 09:58:43,1577.0,389.53190845519094
2024-06-17 09:58:44,1578.0,388.9137868541089
2024-06-17 09:58:45,1579.0,388.31518773981344
2024-06-17 09:58:46,1580.0,387.7413188689112
2024-06-17 09:58:47,1581.0,387.197387998009
2024-06-17 09:58:48,1582.0,386.6886028837135
2024-06-17 09:58:49,1583.0,386.2201712826315
2024-06-17 09:58:50,1584.0,385.79730095136966
2024-06-17 09:58:51,1585.0,385.42519964653474
2024-06-17 09:58:52,1586.0,385.1090751247335
2024-06-17 09:58:53,1587.0,384.85413514257266
2024-06-17 09:58:54,1588.0,384.66558745665907
2024-06-17 09:58:55,1589.0,384.5486398235993
2024-06-17 09:58:56,1590.0,384.5085
2024-06-17 09:58:57,1591.0,384.5650494518519
2024-06-17 09:58:58,1592.0,384.7295569481482
2024-06-17 09:58:59,1593.0,384.9943112
2024-06-17 09:59:00,1594.0,385.35160091851856
2024-06-17 09:59:01,1595.0,385.79371481481485
2024-06-17 09:59:02,1596.0,386.3129416
2024-06-17 09:59:03,1597.0,386.9015699851852
2024-06-17 09:59:04,1598.0,387.5518886814815
2024-06-17 09:59:05,1599.0,388.2561864
2024-06-17 09:59:06,1600.0,389.00675185185185
2024-06-17 09:59:07,1601.0,389.79587374814815
2024-06-17 09:59:08,1602.0,390.61584080000006
2024-06-17 09:59:09,1603.0,391.45894171851853
2024-06-17 09:59:10,1604.0,392.31746521481483
2024-06-17 09:59:11,1605.0,393.1837
2024-06-17 09:59:12,1606.0,394.0499347851852
2024-06-17 09:59:13,1607.0,394.9084582814815
2024-06-17 09:59:14,1608.0,395.75155920000003
2024-06-17 09:59:15,1609.0,396.5715262518519
2024-06-17 09:59:16,1610.0,397.36064814814813
2024-06-17 09:59:17,1611.0,398.11121360000004
2024-06-17 09:59:18,1612.0,398.81551131851853
2024-06-17 09:59:19,1613.0,399.4658300148148
2024-06-17 09:59:20,1614.0,400.0544584
2024-06-17 09:59:21,1615.0,400.57368518518524
2024-06-17 09:59:22,1616.0,401.01579908148153
2024-06-17 09:59:23,1617.0,401.3730888
2024-06-17 09:59:24,1618.0,401.63784305185186
2024-06-17 09:59:25,1619.0,401.8023505481482
2024-06-17 09:59:26,1620.0,401.8589
2024-06-17 09:59:27,1621.0,401.8110925333333
2024-06-17 09:59:28,1622.0,401.6720162666667
2024-06-17 09:59:29,1623.0,401.4481904
2024-06-17 09:59:30,1624.0,401.1461341333333
2024-06-17 09:59:31,1625.0,400.77236666666664
2024-06-17 09:59:32,1626.0,400.3334072
2024-06-17 09:59:33,1627.0,399.83577493333337
2024-06-17 09:59:34,1628.0,399.2859890666667
2024-06-17 09:59:35,1629.0,398.6905688
2024-06-17 09:59:36,1630.0,398.0560333333333
2024-06-17 09:59:37,1631.0,397.3889018666667
2024-06-17 09:59:38,1632.0,396.6956936
2024-06-17 09:59:39,1633.0,395.9829277333333
2024-06-17 09:59:40,1634.0,395.25712346666666
2024-06-17 09:59:41,1635.0,394.5248
2024-06-17 09:59:42,1636.0,393.79247653333334
2024-06-17 09:59:43,1637.0,393.0666722666666
2024-06-17 09:59:44,1638.0,392.3539064
2024-06-17 09:59:45,1639.0,391.66069813333337
2024-06-17 09:59:46,1640.0,390.99356666666665
2024-06-17 09:59:47,1641.0,390.3590312
2024-06-17 09:59:48,1642.0,389.7636109333334
2024-06-17 09:59:49,1643.0,389.2138250666667
2024-06-17 09:59:50,1644.0,388.7161928
2024-06-17 09:59:51,1645.0,388.2772333333333
2024-06-17 09:59:52,1646.0,387.9034658666667
2024-06-17 09:59:53,1647.0,387.6014096
2024-06-17 09:59:54,1648.0,387.37758373333327
2024-06-17 09:59:55,1649.0,387.23850746666665
2024-06-17 09:59:56,1650.0,387.1907
2024-06-17 09:59:57,1651.0,387.2513936
2024-06-17 09:59:58,1652.0,387.4279568
2024-06-17 09:59:59,1653.0,387.7121132
2024-06-17 10:00:00,1654.0,388.0955864
2024-06-17 10:00:01,1655.0,388.5701
2024-06-17 10:00:02,1656.0,389.1273776
2024-06-17 10:00:03,1657.0,389.7591428
2024-06-17 10:00:04,1658.0,390.45711919999997
2024-06-17 10:00:05,1659.0,391.2130304
2024-06-17 10:00:06,1660.0,392.0186
2024-06-17 10:00:07,1661.0,392.8655516
2024-06-17 10:00:08,1662.0,393.7456088
2024-06-17 10:00:09,1663.0,394.6504952
2024-06-17 10:00:10,1664.0,395.57193440000003
2024-06-17 10:00:11,1665.0,396.5016499999999
2024-06-17 10:00:12,1666.0,397.4313656
2024-06-17 10:00:13,1667.0,398.3528048
2024-06-17 10:00:14,1668.0,399.2576912
2024-06-17 10:00:15,1669.0,400.13774839999996
2024-06-17 10:00:16,1670.0,400.9847
2024-06-17 10:00:17,1671.0,401.7902696
2024-06-17 10:00:18,1672.0,402.54618079999995
2024-06-17 10:00:19,1673.0,403.2441572
2024-06-17 10:00:20,1674.0,403.8759224
2024-06-17 10:00:21,1675.0,404.4332
2024-06-17 10:00:22,1676.0,404.90771359999997
2024-06-17 10:00:23,1677.0,405.29118679999993
2024-06-17 10:00:24,1678.0,405.57534319999996
2024-06-17 10:00:25,1679.0,405.7519064
2024-06-17 10:00:26,1680.0,405.8126
2024-06-17 10:00:27,1681.0,405.80482735403103
2024-06-17 10:00:28,1682.0,405.78207215656454
2024-06-17 10:00:29,1683.0,405.74517851826056
2024-06-17 10:00:30,1684.0,405.69499054977945
2024-06-17 10:00:31,1685.0,405.6323523617814
2024-06-17 10:00:32,1686.0,405.55810806492656
2024-06-17 10:00:33,1687.0,405.47310176987526
2024-06-17 10:00:34,1688.0,405.3781775872878
2024-06-17 10:00:35,1689.0,405.2741796278242
2024-06-17 10:00:36,1690.0,405.16195200214486
2024-06-17 10:00:37,1691.0,405.04233882090995
2024-06-17 10:00:38,1692.0,404.91618419477976
2024-06-17 10:00:39,1693.0,404.7843322344144
2024-06-17 10:00:40,1694.0,404.6476270504742
2024-06-17 10:00:41,1695.0,404.5069127536195
2024-06-17 10:00:42,1696.0,404.36303345451023
2024-06-17 10:00:43,1697.0,404.2168332638069
2024-06-17 10:00:44,1698.0,404.0691562921696
2024-06-17 10:00:45,1699.0,403.92084665025857
2024-06-17 10:00:46,1700.0,403.7727484487342
2024-06-17 10:00:47,1701.0,403.62570579825643
2024-06-17 10:00:48,1702.0,403.4805628094858
2024-06-17 10:00:49,1703.0,403.3381635930823
2024-06-17 10:00:50,1704.0,403.19935225970636
2024-06-17 10:00:51,1705.0,403.064972920018
2024-06-17 10:00:52,1706.0,402.93586968467764
2024-06-17 10:00:53,1707.0,402.81288666434546
2024-06-17 10:00:54,1708.0,402.6968679696816
2024-06-17 10:00:55,1709.0,402.5886577113464
2024-06-17 10:00:56,1710.0,402.4891
2024-06-17 10:00:57,1711.0,402.39619103504447
2024-06-17 10:00:58,1712.0,402.30713733438705
2024-06-17 10:00:59,1713.0,402.22159848644634
2024-06-17 10:01:00,1714.0,402.1392340796407
2024-06-17 10:01:01,1715.0,402.0597037023886
2024-06-17 10:01:02,1716.0,401.98266694310865
2024-06-17 10:01:03,1717.0,401.9077833902191
2024-06-17 10:01:04,1718.0,401.8347126321385
2024-06-17 10:01:05,1719.0,401.7631142572854
2024-06-17 10:01:06,1720.0,401.69264785407825
2024-06-17 10:01:07,1721.0,401.62297301093525
2024-06-17 10:01:08,1722.0,401.55374931627523
2024-06-17 10:01:09,1723.0,401.48463635851635
2024-06-17 10:01:10,1724.0,401.4152937260773
2024-06-17 10:01:11,1725.0,401.3453810073764
2024-06-17 10:01:12,1726.0,401.27455779083215
2024-06-17 10:01:13,1727.0,401.20248366486305
2024-06-17 10:01:14,1728.0,401.1288182178875
2024-06-17 10:01:15,1729.0,401.05322103832395
2024-06-17 10:01:16,1730.0,400.97535171459094
2024-06-17 10:01:17,1731.0,400.8948698351069
2024-06-17 10:01:18,1732.0,400.8114349882903
2024-06-17 10:01:19,1733.0,400.72470676255955
2024-06-17 10:01:20,1734.0,400.6343447463331
2024-06-17 10:01:21,1735.0,400.54000852802955
2024-06-17 10:01:22,1736.0,400.4413576960673
2024-06-17 10:01:23,1737.0,400.33805183886466
2024-06-17 10:01:24,1738.0,400.22975054484033
2024-06-17 10:01:25,1739.0,400.11611340241257
2024-06-17 10:01:26,1740.0,399.9968
2024-06-17 10:01:27,1741.0,399.86185600967434
2024-06-17 10:01:28,1742.0,399.70280093172556
2024-06-17 10:01:29,1743.0,399.52150509689875
2024-06-17 10:01:30,1744.0,399.3198388359393
2024-06-17 10:01:31,1745.0,399.09967247959247
2024-06-17 10:01:32,1746.0,398.86287635860356
2024-06-17 10:01:33,1747.0,398.61132080371783
2024-06-17 10:01:34,1748.0,398.34687614568065
2024-06-17 10:01:35,1749.0,398.0714127152372
2024-06-17 10:01:36,1750.0,397.7868008431329
2024-06-17 10:01:37,1751.0,397.49491086011295
2024-06-17 10:01:38,1752.0,397.1976130969227
2024-06-17 10:01:39,1753.0,396.8967778843073
2024-06-17 10:01:40,1754.0,396.5942755530122
2024-06-17 10:01:41,1755.0,396.2919764337826
2024-06-17 10:01:42,1756.0,395.99175085736385
2024-06-17 10:01:43,1757.0,395.69546915450115
2024-06-17 10:01:44,1758.0,395.40500165593994
2024-06-17 10:01:45,1759.0,395.12221869242535
2024-06-17 10:01:46,1760.0,394.84899059470285
2024-06-17 10:01:47,1761.0,394.58718769351754
2024-06-17 10:01:48,1762.0,394.3386803196148
2024-06-17 10:01:49,1763.0,394.1053388037399
2024-06-17 10:01:50,1764.0,393.8890334766382
2024-06-17 10:01:51,1765.0,393.6916346690549
2024-06-17 10:01:52,1766.0,393.5150127117353
2024-06-17 10:01:53,1767.0,393.3610379354248
2024-06-17 10:01:54,1768.0,393.2315806708685
2024-06-17 10:01:55,1769.0,393.1285112488119
2024-06-17 10:01:56,1770.0,393.0537000000001
2024-06-17 10:01:57,1771.0,392.99420447887167
2024-06-17 10:01:58,1772.0,392.93587515098903
2024-06-17 10:01:59,1773.0,392.87877171378375
2024-06-17 10:02:00,1774.0,392.8229538646873
2024-06-17 10:02:01,1775.0,392.76848130113126
2024-06-17 10:02:02,1776.0,392.7154137205471
2024-06-17 10:02:03,1777.0,392.6638108203663
2024-06-17 10:02:04,1778.0,392.61373229802035
2024-06-17 10:02:05,1779.0,392.5652378509408
2024-06-17 10:02:06,1780.0,392.51838717655914
2024-06-17 10:02:07,1781.0,392.47323997230677
2024-06-17 10:02:08,1782.0,392.4298559356154
2024-06-17 10:02:09,1783.0,392.3882947639164
2024-06-17 10:02:10,1784.0,392.3486161546414
2024-06-17 10:02:11,1785.0,392.3108798052217
2024-06-17 10:02:12,1786.0,392.275145413089
2024-06-17 10:02:13,1787.0,392.2414726756747
2024-06-17 10:02:14,1788.0,392.2099212904103
2024-06-17 10:02:15,1789.0,392.1805509547273
2024-06-17 10:02:16,1790.0,392.1534213660573
2024-06-17 10:02:17,1791.0,392.12859222183175
2024-06-17 10:02:18,1792.0,392.10612321948213
2024-06-17 10:02:19,1793.0,392.08607405644
2024-06-17 10:02:20,1794.0,392.0685044301368
2024-06-17 10:02:21,1795.0,392.053474038004
2024-06-17 10:02:22,1796.0,392.04104257747326
2024-06-17 10:02:23,1797.0,392.031269745976
2024-06-17 10:02:24,1798.0,392.0242152409437
2024-06-17 10:02:25,1799.0,392.0199387598078
2024-06-17 10:02:26,1800.0,392.0185
2024-06-17 10:02:27,1801.0,392.0335300740741
2024-06-17 10:02:28,1802.0,392.07725392592596
2024-06-17 10:02:29,1803.0,392.147622
2024-06-17 10:02:30,1804.0,392.24258474074077
2024-06-17 10:02:31,1805.0,392.36009259259265
2024-06-17 10:02:32,1806.0,392.49809600000003
2024-06-17 10:02:33,1807.0,392.65454540740745
2024-06-17 10:02:34,1808.0,392.8273912592593
2024-06-17 10:02:35,1809.0,393.014584
2024-06-17 10:02:36,1810.0,393.2140740740741
2024-06-17 10:02:37,1811.0,393.423811925926
2024-06-17 10:02:38,1812.0,393.641748
2024-06-17 10:02:39,1813.0,393.8658327407408
2024-06-17 10:02:40,1814.0,394.09401659259265
2024-06-17 10:02:41,1815.0,394.32425000000006
2024-06-17 10:02:42,1816.0,394.5544834074074
2024-06-17 10:02:43,1817.0,394.7826672592593
2024-06-17 10:02:44,1818.0,395.00675200000006
2024-06-17 10:02:45,1819.0,395.22468807407415
2024-06-17 10:02:46,1820.0,395.43442592592595
2024-06-17 10:02:47,1821.0,395.63391600000006
2024-06-17 10:02:48,1822.0,395.8211087407408
2024-06-17 10:02:49,1823.0,395.9939545925927
2024-06-17 10:02:50,1824.0,396.15040400000004
2024-06-17 10:02:51,1825.0,396.2884074074075
2024-06-17 10:02:52,1826.0,396.4059152592593
2024-06-17 10:02:53,1827.0,396.50087800000006
2024-06-17 10:02:54,1828.0,396.5712460740741
2024-06-17 10:02:55,1829.0,396.614969925926
2024-06-17 10:02:56,1830.0,396.63000000000005
2024-06-17 10:02:57,1831.0,396.5907702518519
2024-06-17 10:02:58,1832.0,396.4766473481482
2024-06-17 10:02:59,1833.0,396.29298080000007
2024-06-17 10:03:00,1834.0,396.0451201185185
2024-06-17 10:03:01,1835.0,395.73841481481486
2024-06-17 10:03:02,1836.0,395.37821440000005
2024-06-17 10:03:03,1837.0,394.9698683851852
2024-06-17 10:03:04,1838.0,394.5187262814815
2024-06-17 10:03:05,1839.0,394.03013760000005
2024-06-17 10:03:06,1840.0,393.5094518518519
2024-06-17 10:03:07,1841.0,392.9620185481482
2024-06-17 10:03:08,1842.0,392.3931872
2024-06-17 10:03:09,1843.0,391.80830731851853
2024-06-17 10:03:10,1844.0,391.2127284148148
2024-06-17 10:03:11,1845.0,390.6118
2024-06-17 10:03:12,1846.0,390.01087158518516
2024-06-17 10:03:13,1847.0,389.41529268148145
2024-06-17 10:03:14,1848.0,388.8304128
2024-06-17 10:03:15,1849.0,388.26158145185184
2024-06-17 10:03:16,1850.0,387.7141481481482
2024-06-17 10:03:17,1851.0,387.1934624
2024-06-17 10:03:18,1852.0,386.7048737185185
2024-06-17 10:03:19,1853.0,386.2537316148148
2024-06-17 10:03:20,1854.0,385.8453856
2024-06-17 10:03:21,1855.0,385.4851851851852
2024-06-17 10:03:22,1856.0,385.1784798814815
2024-06-17 10:03:23,1857.0,384.9306192
2024-06-17 10:03:24,1858.0,384.7469526518518
2024-06-17 10:03:25,1859.0,384.63282974814814
2024-06-17 10:03:26,1860.0,384.5936
2024-06-17 10:03:27,1861.0,384.63210782222217
2024-06-17 10:03:28,1862.0,384.74413057777775
2024-06-17 10:03:29,1863.0,384.9244172
2024-06-17 10:03:30,1864.0,385.1677166222222
2024-06-17 10:03:31,1865.0,385.46877777777775
2024-06-17 10:03:32,1866.0,385.8223496
2024-06-17 10:03:33,1867.0,386.2231810222222
2024-06-17 10:03:34,1868.0,386.66602097777775
2024-06-17 10:03:35,1869.0,387.1456184
2024-06-17 10:03:36,1870.0,387.65672222222224
2024-06-17 10:03:37,1871.0,388.19408137777776
2024-06-17 10:03:38,1872.0,388.7524448
2024-06-17 10:03:39,1873.0,389.3265614222222
2024-06-17 10:03:40,1874.0,389.91118017777774
2024-06-17 10:03:41,1875.0,390.50104999999996
2024-06-17 10:03:42,1876.0,391.09091982222225
2024-06-17 10:03:43,1877.0,391.67553857777773
2024-06-17 10:03:44,1878.0,392.2496552
2024-06-17 10:03:45,1879.0,392.8080186222222
2024-06-17 10:03:46,1880.0,393.3453777777778
2024-06-17 10:03:47,1881.0,393.8564816
2024-06-17 10:03:48,1882.0,394.33607902222224
2024-06-17 10:03:49,1883.0,394.7789189777778
2024-06-17 10:03:50,1884.0,395.1797504
2024-06-17 10:03:51,1885.0,395.53332222222224
2024-06-17 10:03:52,1886.0,395.8343833777778
2024-06-17 10:03:53,1887.0,396.07768280000005
2024-06-17 10:03:54,1888.0,396.25796942222223
2024-06-17 10:03:55,1889.0,396.36999217777776
2024-06-17 10:03:56,1890.0,396.4085
2024-06-17 10:03:57,1891.0,396.3384295111111
2024-06-17 10:03:58,1892.0,396.1345880888889
2024-06-17 10:03:59,1893.0,395.8065308
2024-06-17 10:04:00,1894.0,395.3638127111111
2024-06-17 10:04:01,1895.0,394.81598888888885
2024-06-17 10:04:02,1896.0,394.17261440000004
2024-06-17 10:04:03,1897.0,393.44324431111113
2024-06-17 10:04:04,1898.0,392.6374336888889
2024-06-17 10:04:05,1899.0,391.7647376
2024-06-17 10:04:06,1900.0,390.8347111111111
2024-06-17 10:04:07,1901.0,389.8569092888889
2024-06-17 10:04:08,1902.0,388.8408872
2024-06-17 10:04:09,1903.0,387.7961999111111
2024-06-17 10:04:10,1904.0,386.7324024888889
2024-06-17 10:04:11,1905.0,385.65905000000004
2024-06-17 10:04:12,1906.0,384.5856975111111
2024-06-17 10:04:13,1907.0,383.5219000888889
2024-06-17 10:04:14,1908.0,382.47721279999996
2024-06-17 10:04:15,1909.0,381.4611907111111
2024-06-17 10:04:16,1910.0,380.4833888888889
2024-06-17 10:04:17,1911.0,379.55336239999997
2024-06-17 10:04:18,1912.0,378.6806663111111
2024-06-17 10:04:19,1913.0,377.8748556888889
2024-06-17 10:04:20,1914.0,377.14548560000003
2024-06-17 10:04:21,1915.0,376.5021111111111
2024-06-17 10:04:22,1916.0,375.9542872888889
2024-06-17 10:04:23,1917.0,375.5115692
2024-06-17 10:04:24,1918.0,375.1835119111111
2024-06-17 10:04:25,1919.0,374.9796704888889
2024-06-17 10:04:26,1920.0,374.9096
2024-06-17 10:04:27,1921.0,374.96886865185184
2024-06-17 10:04:28,1922.0,375.1412865481482
2024-06-17 10:04:29,1923.0,375.4187716
2024-06-17 10:04:30,1924.0,375.7932417185185
2024-06-17 10:04:31,1925.0,376.25661481481484
2024-06-17 10:04:32,1926.0,376.8008088
2024-06-17 10:04:33,1927.0,377.4177415851852
2024-06-17 10:04:34,1928.0,378.09933108148147
2024-06-17 10:04:35,1929.0,378.83749520000003
2024-06-17 10:04:36,1930.0,379.6241518518518
2024-06-17 10:04:37,1931.0,380.45121894814815
2024-06-17 10:04:38,1932.0,381.3106144
2024-06-17 10:04:39,1933.0,382.1942561185185
2024-06-17 10:04:40,1934.0,383.09406201481477
2024-06-17 10:04:41,1935.0,384.00194999999997
2024-06-17 10:04:42,1936.0,384.9098379851852
2024-06-17 10:04:43,1937.0,385.80964388148146
2024-06-17 10:04:44,1938.0,386.69328559999997
2024-06-17 10:04:45,1939.0,387.5526810518519
2024-06-17 10:04:46,1940.0,388.3797481481481
2024-06-17 10:04:47,1941.0,389.1664048
2024-06-17 10:04:48,1942.0,389.9045689185185
2024-06-17 10:04:49,1943.0,390.5861584148148
2024-06-17 10:04:50,1944.0,391.2030912
2024-06-17 10:04:51,1945.0,391.7472851851852
2024-06-17 10:04:52,1946.0,392.21065828148147
2024-06-17 10:04:53,1947.0,392.5851284
2024-06-17 10:04:54,1948.0,392.8626134518518
2024-06-17 10:04:55,1949.0,393.0350313481481
2024-06-17 10:04:56,1950.0,393.0943
2024-06-17 10:04:57,1951.0,393.05627226666667
2024-06-17 10:04:58,1952.0,392.9456461333333
2024-06-17 10:04:59,1953.0,392.7676072
2024-06-17 10:05:00,1954.0,392.5273410666666
2024-06-17 10:05:01,1955.0,392.23003333333327
2024-06-17 10:05:02,1956.0,391.8808696
2024-06-17 10:05:03,1957.0,391.48503546666666
2024-06-17 10:05:04,1958.0,391.0477165333333
2024-06-17 10:05:05,1959.0,390.57409839999997
2024-06-17 10:05:06,1960.0,390.0693666666666
2024-06-17 10:05:07,1961.0,389.5387069333333
2024-06-17 10:05:08,1962.0,388.9873048
2024-06-17 10:05:09,1963.0,388.42034586666665
2024-06-17 10:05:10,1964.0,387.8430157333333
2024-06-17 10:05:11,1965.0,387.2605
2024-06-17 10:05:12,1966.0,386.67798426666667
2024-06-17 10:05:13,1967.0,386.1006541333333
2024-06-17 10:05:14,1968.0,385.5336952
2024-06-17 10:05:15,1969.0,384.98229306666667
2024-06-17 10:05:16,1970.0,384.4516333333333
2024-06-17 10:05:17,1971.0,383.9469016
2024-06-17 10:05:18,1972.0,383.4732834666666
2024-06-17 10:05:19,1973.0,383.0359645333333
2024-06-17 10:05:20,1974.0,382.6401304
2024-06-17 10:05:21,1975.0,382.29096666666663
2024-06-17 10:05:22,1976.0,381.99365893333334
2024-06-17 10:05:23,1977.0,381.7533928
2024-06-17 10:05:24,1978.0,381.5753538666666
2024-06-17 10:05:25,1979.0,381.4647277333333
2024-06-17 10:05:26,1980.0,381.4267
2024-06-17 10:05:27,1981.0,381.44353928888887
2024-06-17 10:05:28,1982.0,381.49252631111113
2024-06-17 10:05:29,1983.0,381.57136479999997
2024-06-17 10:05:30,1984.0,381.67775848888886
2024-06-17 10:05:31,1985.0,381.8094111111111
2024-06-17 10:05:32,1986.0,381.9640264
2024-06-17 10:05:33,1987.0,382.13930808888887
2024-06-17 10:05:34,1988.0,382.3329599111111
2024-06-17 10:05:35,1989.0,382.5426856
2024-06-17 10:05:36,1990.0,382.76618888888885
2024-06-17 10:05:37,1991.0,383.0011735111111
2024-06-17 10:05:38,1992.0,383.2453432
2024-06-17 10:05:39,1993.0,383.4964016888889
2024-06-17 10:05:40,1994.0,383.7520527111111
2024-06-17 10:05:41,1995.0,384.01
2024-06-17 10:05:42,1996.0,384.2679472888889
2024-06-17 10:05:43,1997.0,384.52359831111113
2024-06-17 10:05:44,1998.0,384.77465679999995
2024-06-17 10:05:45,1999.0,385.01882648888886
2024-06-17 10:05:46,2000.0,385.2538111111111
2024-06-17 10:05:47,2001.0,385.4773144
2024-06-17 10:05:48,2002.0,385.6870400888889
2024-06-17 10:05:49,2003.0,385.8806919111111
2024-06-17 10:05:50,2004.0,386.0559736
2024-06-17 10:05:51,2005.0,386.2105888888889
2024-06-17 10:05:52,2006.0,386.3422415111111
2024-06-17 10:05:53,2007.0,386.44863519999996
2024-06-17 10:05:54,2008.0,386.5274736888889
2024-06-17 10:05:55,2009.0,386.5764607111111
2024-06-17 10:05:56,2010.0,386.5933
2024-06-17 10:05:57,2011.0,386.58590266701486
2024-06-17 10:05:58,2012.0,386.564127572226
2024-06-17 10:05:59,2013.0,386.52860007188315
2024-06-17 10:06:00,2014.0,386.4799455222362
2024-06-17 10:06:01,2015.0,386.4187892795349
2024-06-17 10:06:02,2016.0,386.3457567000291
2024-06-17 10:06:03,2017.0,386.2614731399684
2024-06-17 10:06:04,2018.0,386.1665639556029
2024-06-17 10:06:05,2019.0,386.0616545031822
2024-06-17 10:06:06,2020.0,385.94737013895616
2024-06-17 10:06:07,2021.0,385.82433621917454
2024-06-17 10:06:08,2022.0,385.69317810008715
2024-06-17 10:06:09,2023.0,385.55452113794377
2024-06-17 10:06:10,2024.0,385.4089906889943
2024-06-17 10:06:11,2025.0,385.2572121094885
2024-06-17 10:06:12,2026.0,385.099810755676
2024-06-17 10:06:13,2027.0,384.93741198380684
2024-06-17 10:06:14,2028.0,384.7706411501307
2024-06-17 10:06:15,2029.0,384.60012361089736
2024-06-17 10:06:16,2030.0,384.4264847223567
2024-06-17 10:06:17,2031.0,384.2503498407584
2024-06-17 10:06:18,2032.0,384.0723443223524
2024-06-17 10:06:19,2033.0,383.8930935233884
2024-06-17 10:06:20,2034.0,383.71322280011617
2024-06-17 10:06:21,2035.0,383.5333575087856
2024-06-17 10:06:22,2036.0,383.35412300564644
2024-06-17 10:06:23,2037.0,383.1761446469485
2024-06-17 10:06:24,2038.0,383.00004778894163
2024-06-17 10:06:25,2039.0,382.82645778787554
2024-06-17 10:06:26,2040.0,382.656
2024-06-17 10:06:27,2041.0,382.47529836027263
2024-06-17 10:06:28,2042.0,382.2719080629103
2024-06-17 10:06:29,2043.0,382.0478513530515
2024-06-17 10:06:30,2044.0,381.8051504758351
2024-06-17 10:06:31,2045.0,381.54582767639954
2024-06-17 10:06:32,2046.0,381.2719051998838
2024-06-17 10:06:33,2047.0,380.98540529142645
2024-06-17 10:06:34,2048.0,380.6883501961661
2024-06-17 10:06:35,2049.0,380.38276215924157
2024-06-17 10:06:36,2050.0,380.07066342579145
2024-06-17 10:06:37,2051.0,379.7540762409545
2024-06-17 10:06:38,2052.0,379.4350228498693
2024-06-17 10:06:39,2053.0,379.11552549767464
2024-06-17 10:06:40,2054.0,378.79760642950913
2024-06-17 10:06:41,2055.0,378.4832878905115
2024-06-17 10:06:42,2056.0,378.1745921258205
2024-06-17 10:06:43,2057.0,377.8735413805747
2024-06-17 10:06:44,2058.0,377.58215789991283
2024-06-17 10:06:45,2059.0,377.3024639289736
2024-06-17 10:06:46,2060.0,377.0364817128957
2024-06-17 10:06:47,2061.0,376.78623349681783
2024-06-17 10:06:48,2062.0,376.55374152587865
2024-06-17 10:06:49,2063.0,376.3410280452168
2024-06-17 10:06:50,2064.0,376.1501152999709
2024-06-17 10:06:51,2065.0,375.98302553527986
2024-06-17 10:06:52,2066.0,375.84178099628224
2024-06-17 10:06:53,2067.0,375.7284039281168
2024-06-17 10:06:54,2068.0,375.64491657592214
2024-06-17 10:06:55,2069.0,375.59334118483696
2024-06-17 10:06:56,2070.0,375.5757
2024-06-17 10:06:57,2071.0,375.6312645037037
2024-06-17 10:06:58,2072.0,375.79290669629626
2024-06-17 10:06:59,2073.0,376.05304959999995
2024-06-17 10:07:00,2074.0,376.40411623703704
2024-06-17 10:07:01,2075.0,376.8385296296296
2024-06-17 10:07:02,2076.0,377.3487128
2024-06-17 10:07:03,2077.0,377.92708877037035
2024-06-17 10:07:04,2078.0,378.56608056296295
2024-06-17 10:07:05,2079.0,379.25811120000003
2024-06-17 10:07:06,2080.0,379.9956037037037
2024-06-17 10:07:07,2081.0,380.7709810962963
2024-06-17 10:07:08,2082.0,381.57666639999997
2024-06-17 10:07:09,2083.0,382.405082637037
2024-06-17 10:07:10,2084.0,383.2486528296296
2024-06-17 10:07:11,2085.0,384.0998
2024-06-17 10:07:12,2086.0,384.95094717037034
2024-06-17 10:07:13,2087.0,385.79451736296295
2024-06-17 10:07:14,2088.0,386.6229336
2024-06-17 10:07:15,2089.0,387.4286189037037
2024-06-17 10:07:16,2090.0,388.2039962962963
2024-06-17 10:07:17,2091.0,388.9414888
2024-06-17 10:07:18,2092.0,389.633519437037
2024-06-17 10:07:19,2093.0,390.27251122962963
2024-06-17 10:07:20,2094.0,390.8508872
2024-06-17 10:07:21,2095.0,391.3610703703704
2024-06-17 10:07:22,2096.0,391.79548376296293
2024-06-17 10:07:23,2097.0,392.1465504
2024-06-17 10:07:24,2098.0,392.4066933037037
2024-06-17 10:07:25,2099.0,392.56833549629624
2024-06-17 10:07:26,2100.0,392.6239
2024-06-17 10:07:27,2101.0,392.5742350814815
2024-06-17 10:07:28,2102.0,392.4297553185185
2024-06-17 10:07:29,2103.0,392.1972332
2024-06-17 10:07:30,2104.0,391.8834412148148
2024-06-17 10:07:31,2105.0,391.49515185185186
2024-06-17 10:07:32,2106.0,391.0391376
2024-06-17 10:07:33,2107.0,390.5221709481482
2024-06-17 10:07:34,2108.0,389.9510243851852
2024-06-17 10:07:35,2109.0,389.3324704
2024-06-17 10:07:36,2110.0,388.67328148148147
2024-06-17 10:07:37,2111.0,387.98023011851853
2024-06-17 10:07:38,2112.0,387.2600888
2024-06-17 10:07:39,2113.0,386.5196300148148
2024-06-17 10:07:40,2114.0,385.76562625185187
2024-06-17 10:07:41,2115.0,385.00485000000003
2024-06-17 10:07:42,2116.0,384.24407374814814
2024-06-17 10:07:43,2117.0,383.49006998518524
2024-06-17 10:07:44,2118.0,382.7496112
2024-06-17 10:07:45,2119.0,382.0294698814815
2024-06-17 10:07:46,2120.0,381.33641851851854
2024-06-17 10:07:47,2121.0,380.67722960000003
2024-06-17 10:07:48,2122.0,380.05867561481483
2024-06-17 10:07:49,2123.0,379.4875290518518
2024-06-17 10:07:50,2124.0,378.9705624
2024-06-17 10:07:51,2125.0,378.51454814814815
2024-06-17 10:07:52,2126.0,378.1262587851852
2024-06-17 10:07:53,2127.0,377.8124668
2024-06-17 10:07:54,2128.0,377.5799446814815
2024-06-17 10:07:55,2129.0,377.43546491851856
2024-06-17 10:07:56,2130.0,377.3858
2024-06-17 10:07:57,2131.0,377.4246168
2024-06-17 10:07:58,2132.0,377.5375384
2024-06-17 10:07:59,2133.0,377.7192716
2024-06-17 10:08:00,2134.0,377.9645232
2024-06-17 10:08:01,2135.0,378.26800000000003
2024-06-17 10:08:02,2136.0,378.6244088
2024-06-17 10:08:03,2137.0,379.0284564
2024-06-17 10:08:04,2138.0,379.4748496
2024-06-17 10:08:05,2139.0,379.9582952
2024-06-17 10:08:06,2140.0,380.4735
2024-06-17 10:08:07,2141.0,381.0151708
2024-06-17 10:08:08,2142.0,381.57801440000003
2024-06-17 10:08:09,2143.0,382.15673760000004
2024-06-17 10:08:10,2144.0,382.7460472
2024-06-17 10:08:11,2145.0,383.34065000000004
2024-06-17 10:08:12,2146.0,383.9352528
2024-06-17 10:08:13,2147.0,384.5245624
2024-06-17 10:08:14,2148.0,385.10328560000005
2024-06-17 10:08:15,2149.0,385.6661292
2024-06-17 10:08:16,2150.0,386.2078
2024-06-17 10:08:17,2151.0,386.7230048
2024-06-17 10:08:18,2152.0,387.2064504
2024-06-17 10:08:19,2153.0,387.65284360000004
2024-06-17 10:08:20,2154.0,388.05689120000005
2024-06-17 10:08:21,2155.0,388.4133
2024-06-17 10:08:22,2156.0,388.71677680000005
2024-06-17 10:08:23,2157.0,388.9620284
2024-06-17 10:08:24,2158.0,389.1437616
2024-06-17 10:08:25,2159.0,389.2566832
2024-06-17 10:08:26,2160.0,389.2955
2024-06-17 10:08:27,2161.0,389.24635297777775
2024-06-17 10:08:28,2162.0,389.1033798222222
2024-06-17 10:08:29,2163.0,388.8732824
2024-06-17 10:08:30,2164.0,388.5627625777778
2024-06-17 10:08:31,2165.0,388.1785222222222
2024-06-17 10:08:32,2166.0,387.7272632
2024-06-17 10:08:33,2167.0,387.2156873777778
2024-06-17 10:08:34,2168.0,386.6504966222222
2024-06-17 10:08:35,2169.0,386.0383928
2024-06-17 10:08:36,2170.0,385.38607777777776
2024-06-17 10:08:37,2171.0,384.7002534222222
2024-06-17 10:08:38,2172.0,383.9876216
2024-06-17 10:08:39,2173.0,383.2548841777778
2024-06-17 10:08:40,2174.0,382.50874302222223
2024-06-17 10:08:41,2175.0,381.7559
2024-06-17 10:08:42,2176.0,381.00305697777776
2024-06-17 10:08:43,2177.0,380.25691582222225
2024-06-17 10:08:44,2178.0,379.5241784
2024-06-17 10:08:45,2179.0,378.8115465777778
2024-06-17 10:08:46,2180.0,378.1257222222222
2024-06-17 10:08:47,2181.0,377.4734072
2024-06-17 10:08:48,2182.0,376.86130337777774
2024-06-17 10:08:49,2183.0,376.2961126222222
2024-06-17 10:08:50,2184.0,375.7845368
2024-06-17 10:08:51,2185.0,375.33327777777777
2024-06-17 10:08:52,2186.0,374.9490374222222
2024-06-17 10:08:53,2187.0,374.6385176
2024-06-17 10:08:54,2188.0,374.40842017777777
2024-06-17 10:08:55,2189.0,374.2654470222222
2024-06-17 10:08:56,2190.0,374.2163
2024-06-17 10:08:57,2191.0,374.22545048260594
2024-06-17 10:08:58,2192.0,374.25247125849353
2024-06-17 10:08:59,2193.0,374.2967163197673
2024-06-17 10:09:00,2194.0,374.3575396585317
2024-06-17 10:09:01,2195.0,374.43429526689124
2024-06-17 10:09:02,2196.0,374.5263371369504
2024-06-17 10:09:03,2197.0,374.6330192608138
2024-06-17 10:09:04,2198.0,374.75369563058587
2024-06-17 10:09:05,2199.0,374.8877202383712
2024-06-17 10:09:06,2200.0,375.03444707627415
2024-06-17 10:09:07,2201.0,375.19323013639934
2024-06-17 10:09:08,2202.0,375.3634234108513
2024-06-17 10:09:09,2203.0,375.5443808917345
2024-06-17 10:09:10,2204.0,375.73545657115346
2024-06-17 10:09:11,2205.0,375.9360044412126
2024-06-17 10:09:12,2206.0,376.1453784940166
2024-06-17 10:09:13,2207.0,376.3629327216699
2024-06-17 10:09:14,2208.0,376.588021116277
2024-06-17 10:09:15,2209.0,376.8199976699423
2024-06-17 10:09:16,2210.0,377.0582163747705
2024-06-17 10:09:17,2211.0,377.30203122286605
2024-06-17 10:09:18,2212.0,377.5507962063334
2024-06-17 10:09:19,2213.0,377.80386531727714
2024-06-17 10:09:20,2214.0,378.0605925478017
2024-06-17 10:09:21,2215.0,378.3203318900117
2024-06-17 10:09:22,2216.0,378.58243733601154
2024-06-17 10:09:23,2217.0,378.84626287790576
2024-06-17 10:09:24,2218.0,379.1111625077989
2024-06-17 10:09:25,2219.0,379.3764902177955
2024-06-17 10:09:26,2220.0,379.6416
2024-06-17 10:09:27,2221.0,379.9373451896119
2024-06-17 10:09:28,2222.0,380.2917940847936
2024-06-17 10:09:29,2223.0,380.7001231220942
2024-06-17 10:09:30,2224.0,381.1575087380625
2024-06-17 10:09:31,2225.0,381.6591273692475
2024-06-17 10:09:32,2226.0,382.2001554521982
2024-06-17 10:09:33,2227.0,382.77576942346354
2024-06-17 10:09:34,2228.0,383.3811457195925
2024-06-17 10:09:35,2229.0,384.0114607771339
2024-06-17 10:09:36,2230.0,384.6618910326369
2024-06-17 10:09:37,2231.0,385.3276129226503
2024-06-17 10:09:38,2232.0,386.0038028837231
2024-06-17 10:09:39,2233.0,386.68563735240417
2024-06-17 10:09:40,2234.0,387.36829276524264
2024-06-17 10:09:41,2235.0,388.0469455587874
2024-06-17 10:09:42,2236.0,388.71677216958733
2024-06-17 10:09:43,2237.0,389.37294903419144
2024-06-17 10:09:44,2238.0,390.0106525891487
2024-06-17 10:09:45,2239.0,390.625059271008
2024-06-17 10:09:46,2240.0,391.21134551631843
2024-06-17 10:09:47,2241.0,391.76468776162886
2024-06-17 10:09:48,2242.0,392.2802624434882
2024-06-17 10:09:49,2243.0,392.75324599844544
2024-06-17 10:09:50,2244.0,393.1788148630496
2024-06-17 10:09:51,2245.0,393.5521454738495
2024-06-17 10:09:52,2246.0,393.86841426739426
2024-06-17 10:09:53,2247.0,394.1227976802327
2024-06-17 10:09:54,2248.0,394.31047214891385
2024-06-17 10:09:55,2249.0,394.42661410998664
2024-06-17 10:09:56,2250.0,394.4664
2024-06-17 10:09:57,2251.0,394.4314666074074
2024-06-17 10:09:58,2252.0,394.32984219259265
2024-06-17 10:09:59,2253.0,394.16629040000004
2024-06-17 10:10:00,2254.0,393.9455748740741
2024-06-17 10:10:01,2255.0,393.67245925925926
2024-06-17 10:10:02,2256.0,393.3517072
2024-06-17 10:10:03,2257.0,392.9880823407408
2024-06-17 10:10:04,2258.0,392.586348325926
2024-06-17 10:10:05,2259.0,392.1512688
2024-06-17 10:10:06,2260.0,391.6876074074074
2024-06-17 10:10:07,2261.0,391.2001277925926
2024-06-17 10:10:08,2262.0,390.6935936
2024-06-17 10:10:09,2263.0,390.17276847407413
2024-06-17 10:10:10,2264.0,389.6424160592593
2024-06-17 10:10:11,2265.0,389.1073
2024-06-17 10:10:12,2266.0,388.57218394074073
2024-06-17 10:10:13,2267.0,388.04183152592594
2024-06-17 10:10:14,2268.0,387.5210064
2024-06-17 10:10:15,2269.0,387.0144722074074
2024-06-17 10:10:16,2270.0,386.5269925925926
2024-06-17 10:10:17,2271.0,386.0633312
2024-06-17 10:10:18,2272.0,385.628251674074
2024-06-17 10:10:19,2273.0,385.2265176592593
2024-06-17 10:10:20,2274.0,384.8628928
2024-06-17 10:10:21,2275.0,384.5421407407407
2024-06-17 10:10:22,2276.0,384.2690251259259
2024-06-17 10:10:23,2277.0,384.0483096
2024-06-17 10:10:24,2278.0,383.88475780740737
2024-06-17 10:10:25,2279.0,383.78313339259256
2024-06-17 10:10:26,2280.0,383.7482
2024-06-17 10:10:27,2281.0,383.7806970962963
2024-06-17 10:10:28,2282.0,383.8752341037037
2024-06-17 10:10:29,2283.0,384.0273796
2024-06-17 10:10:30,2284.0,384.23270216296294
2024-06-17 10:10:31,2285.0,384.4867703703704
2024-06-17 10:10:32,2286.0,384.7851528
2024-06-17 10:10:33,2287.0,385.12341802962965
2024-06-17 10:10:34,2288.0,385.49713463703705
2024-06-17 10:10:35,2289.0,385.9018712
2024-06-17 10:10:36,2290.0,386.3331962962963
2024-06-17 10:10:37,2291.0,386.78667850370374
2024-06-17 10:10:38,2292.0,387.25788639999996
2024-06-17 10:10:39,2293.0,387.74238856296296
2024-06-17 10:10:40,2294.0,388.2357535703704
2024-06-17 10:10:41,2295.0,388.73355
2024-06-17 10:10:42,2296.0,389.23134642962964
2024-06-17 10:10:43,2297.0,389.72471143703706
2024-06-17 10:10:44,2298.0,390.2092136
2024-06-17 10:10:45,2299.0,390.68042149629633
2024-06-17 10:10:46,2300.0,391.1339037037037
2024-06-17 10:10:47,2301.0,391.56522880000006
2024-06-17 10:10:48,2302.0,391.96996536296297
2024-06-17 10:10:49,2303.0,392.34368197037037
2024-06-17 10:10:50,2304.0,392.6819472
2024-06-17 10:10:51,2305.0,392.98032962962964
2024-06-17 10:10:52,2306.0,393.2343978370371
2024-06-17 10:10:53,2307.0,393.4397204
2024-06-17 10:10:54,2308.0,393.5918658962963
2024-06-17 10:10:55,2309.0,393.68640290370377
2024-06-17 10:10:56,2310.0,393.7189
2024-06-17 10:10:57,2311.0,393.63623997037035
2024-06-17 10:10:58,2312.0,393.3957744296297
2024-06-17 10:10:59,2313.0,393.0087752
2024-06-17 10:11:00,2314.0,392.4865141037037
2024-06-17 10:11:01,2315.0,391.840262962963
2024-06-17 10:11:02,2316.0,391.08129360000004
2024-06-17 10:11:03,2317.0,390.22087783703705
2024-06-17 10:11:04,2318.0,389.2702874962963
2024-06-17 10:11:05,2319.0,388.2407944
2024-06-17 10:11:06,2320.0,387.1436703703704
2024-06-17 10:11:07,2321.0,385.99018722962967
2024-06-17 10:11:08,2322.0,384.79161680000004
2024-06-17 10:11:09,2323.0,383.55923090370374
2024-06-17 10:11:10,2324.0,382.304301362963
2024-06-17 10:11:11,2325.0,381.0381
2024-06-17 10:11:12,2326.0,379.77189863703705
2024-06-17 10:11:13,2327.0,378.51696909629635
2024-06-17 10:11:14,2328.0,377.2845832
2024-06-17 10:11:15,2329.0,376.08601277037036
2024-06-17 10:11:16,2330.0,374.93252962962964
2024-06-17 10:11:17,2331.0,373.8354056
2024-06-17 10:11:18,2332.0,372.8059125037037
2024-06-17 10:11:19,2333.0,371.855322162963
2024-06-17 10:11:20,2334.0,370.9949064
2024-06-17 10:11:21,2335.0,370.23593703703705
2024-06-17 10:11:22,2336.0,369.5896858962963
2024-06-17 10:11:23,2337.0,369.0674248
2024-06-17 10:11:24,2338.0,368.6804255703704
2024-06-17 10:11:25,2339.0,368.4399600296297
2024-06-17 10:11:26,2340.0,368.3573
2024-06-17 10:11:27,2341.0,368.41674367407404
2024-06-17 10:11:28,2342.0,368.58967072592594
2024-06-17 10:11:29,2343.0,368.8679752
2024-06-17 10:11:30,2344.0,369.24355114074075
2024-06-17 10:11:31,2345.0,369.70829259259256
2024-06-17 10:11:32,2346.0,370.2540936
2024-06-17 10:11:33,2347.0,370.87284820740746
2024-06-17 10:11:34,2348.0,371.5564504592592
2024-06-17 10:11:35,2349.0,372.2967944
2024-06-17 10:11:36,2350.0,373.0857740740741
2024-06-17 10:11:37,2351.0,373.91528352592593
2024-06-17 10:11:38,2352.0,374.7772168
2024-06-17 10:11:39,2353.0,375.66346794074076
2024-06-17 10:11:40,2354.0,376.5659309925926
2024-06-17 10:11:41,2355.0,377.47650000000004
2024-06-17 10:11:42,2356.0,378.38706900740743
2024-06-17 10:11:43,2357.0,379.2895320592593
2024-06-17 10:11:44,2358.0,380.1757832
2024-06-17 10:11:45,2359.0,381.0377164740741
2024-06-17 10:11:46,2360.0,381.86722592592594
2024-06-17 10:11:47,2361.0,382.6562056
2024-06-17 10:11:48,2362.0,383.39654954074075
2024-06-17 10:11:49,2363.0,384.08015179259263
2024-06-17 10:11:50,2364.0,384.69890640000006
2024-06-17 10:11:51,2365.0,385.2447074074074
2024-06-17 10:11:52,2366.0,385.7094488592593
2024-06-17 10:11:53,2367.0,386.08502480000004
2024-06-17 10:11:54,2368.0,386.3633292740741
2024-06-17 10:11:55,2369.0,386.53625632592593
2024-06-17 10:11:56,2370.0,386.5957
2024-06-17 10:11:57,2371.0,386.58141825185186
2024-06-17 10:11:58,2372.0,386.53987134814815
2024-06-17 10:11:59,2373.0,386.4730068
2024-06-17 10:12:00,2374.0,386.3827721185185
2024-06-17 10:12:01,2375.0,386.27111481481484
2024-06-17 10:12:02,2376.0,386.1399824
2024-06-17 10:12:03,2377.0,385.9913223851852
2024-06-17 10:12:04,2378.0,385.8270822814815
2024-06-17 10:12:05,2379.0,385.6492096
2024-06-17 10:12:06,2380.0,385.45965185185185
2024-06-17 10:12:07,2381.0,385.26035654814814
2024-06-17 10:12:08,2382.0,385.0532712
2024-06-17 10:12:09,2383.0,384.84034331851853
2024-06-17 10:12:10,2384.0,384.62352041481483
2024-06-17 10:12:11,2385.0,384.40475000000004
2024-06-17 10:12:12,2386.0,384.1859795851852
2024-06-17 10:12:13,2387.0,383.9691566814815
2024-06-17 10:12:14,2388.0,383.75622880000003
2024-06-17 10:12:15,2389.0,383.5491434518519
2024-06-17 10:12:16,2390.0,383.3498481481481
2024-06-17 10:12:17,2391.0,383.1602904
2024-06-17 10:12:18,2392.0,382.98241771851855
2024-06-17 10:12:19,2393.0,382.81817761481483
2024-06-17 10:12:20,2394.0,382.6695176
2024-06-17 10:12:21,2395.0,382.5383851851852
2024-06-17 10:12:22,2396.0,382.4267278814815
2024-06-17 10:12:23,2397.0,382.33649319999995
2024-06-17 10:12:24,2398.0,382.26962865185186
2024-06-17 10:12:25,2399.0,382.22808174814816
2024-06-17 10:12:26,2400.0,382.2138
2024-06-17 10:12:27,2401.0,382.24876592
2024-06-17 10:12:28,2402.0,382.35048496
2024-06-17 10:12:29,2403.0,382.51418903999996
2024-06-17 10:12:30,2404.0,382.73511007999997
2024-06-17 10:12:31,2405.0,383.00848
2024-06-17 10:12:32,2406.0,383.32953072
2024-06-17 10:12:33,2407.0,383.69349416
2024-06-17 10:12:34,2408.0,384.09560223999995
2024-06-17 10:12:35,2409.0,384.53108688
2024-06-17 10:12:36,2410.0,384.99517999999995
2024-06-17 10:12:37,2411.0,385.48311351999996
2024-06-17 10:12:38,2412.0,385.99011936
2024-06-17 10:12:39,2413.0,386.51142944
2024-06-17 10:12:40,2414.0,387.04227568
2024-06-17 10:12:41,2415.0,387.57788999999997
2024-06-17 10:12:42,2416.0,388.11350432
2024-06-17 10:12:43,2417.0,388.64435056
2024-06-17 10:12:44,2418.0,389.16566064
2024-06-17 10:12:45,2419.0,389.67266648000003
2024-06-17 10:12:46,2420.0,390.1606
2024-06-17 10:12:47,2421.0,390.62469312
2024-06-17 10:12:48,2422.0,391.06017776000004
2024-06-17 10:12:49,2423.0,391.46228584
2024-06-17 10:12:50,2424.0,391.82624927999996
2024-06-17 10:12:51,2425.0,392.14730000000003
2024-06-17 10:12:52,2426.0,392.42066992
2024-06-17 10:12:53,2427.0,392.64159096000003
2024-06-17 10:12:54,2428.0,392.80529504000003
2024-06-17 10:12:55,2429.0,392.90701407999995
2024-06-17 10:12:56,2430.0,392.94198
2024-06-17 10:12:57,2431.0,392.9339363174444
2024-06-17 10:12:58,2432.0,392.9104686662771
2024-06-17 10:12:59,2433.0,392.87257214124713
2024-06-17 10:13:00,2434.0,392.82124183710386
2024-06-17 10:13:01,2435.0,392.75747284859614
2024-06-17 10:13:02,2436.0,392.68226027047336
2024-06-17 10:13:03,2437.0,392.5965991974845
2024-06-17 10:13:04,2438.0,392.50148472437877
2024-06-17 10:13:05,2439.0,392.3979119459053
2024-06-17 10:13:06,2440.0,392.28687595681333
2024-06-17 10:13:07,2441.0,392.16937185185185
2024-06-17 10:13:08,2442.0,392.0463947257701
2024-06-17 10:13:09,2443.0,391.9189396733172
2024-06-17 10:13:10,2444.0,391.7880017892423
2024-06-17 10:13:11,2445.0,391.6545761682945
2024-06-17 10:13:12,2446.0,391.519657905223
2024-06-17 10:13:13,2447.0,391.384242094777
2024-06-17 10:13:14,2448.0,391.2493238317055
2024-06-17 10:13:15,2449.0,391.11589821075773
2024-06-17 10:13:16,2450.0,390.9849603266828
2024-06-17 10:13:17,2451.0,390.8575052742299
2024-06-17 10:13:18,2452.0,390.7345281481482
2024-06-17 10:13:19,2453.0,390.61702404318675
2024-06-17 10:13:20,2454.0,390.5059880540947
2024-06-17 10:13:21,2455.0,390.40241527562125
2024-06-17 10:13:22,2456.0,390.30730080251556
2024-06-17 10:13:23,2457.0,390.22163972952666
2024-06-17 10:13:24,2458.0,390.1464271514038
2024-06-17 10:13:25,2459.0,390.08265816289617
2024-06-17 10:13:26,2460.0,390.03132785875283
2024-06-17 10:13:27,2461.0,389.9934313337229
2024-06-17 10:13:28,2462.0,389.9699636825556
2024-06-17 10:13:29,2463.0,389.96192
2024-06-17 10:13:30,2464.0,389.9894865569273
2024-06-17 10:13:31,2465.0,390.0693946776406
2024-06-17 10:13:32,2466.0,390.1974570370371
2024-06-17 10:13:33,2467.0,390.36948631001377
2024-06-17 10:13:34,2468.0,390.5812951714678
2024-06-17 10:13:35,2469.0,390.8286962962963
2024-06-17 10:13:36,2470.0,391.1075023593964
2024-06-17 10:13:37,2471.0,391.4135260356653
2024-06-17 10:13:38,2472.0,391.74258000000003
2024-06-17 10:13:39,2473.0,392.09047692729763
2024-06-17 10:13:40,2474.0,392.45302949245547
2024-06-17 10:13:41,2475.0,392.82605037037035
2024-06-17 10:13:42,2476.0,393.20535223593964
2024-06-17 10:13:43,2477.0,393.58674776406036
2024-06-17 10:13:44,2478.0,393.96604962962965
2024-06-17 10:13:45,2479.0,394.33907050754453
2024-06-17 10:13:46,2480.0,394.7016230727023
2024-06-17 10:13:47,2481.0,395.04952000000003
2024-06-17 10:13:48,2482.0,395.3785739643347
2024-06-17 10:13:49,2483.0,395.68459764060356
2024-06-17 10:13:50,2484.0,395.96340370370365
2024-06-17 10:13:51,2485.0,396.2108048285323
2024-06-17 10:13:52,2486.0,396.42261368998624
2024-06-17 10:13:53,2487.0,396.59464296296295
2024-06-17 10:13:54,2488.0,396.7227053223594
2024-06-17 10:13:55,2489.0,396.8026134430727
2024-06-17 10:13:56,2490.0,396.83018
2024-06-17 10:13:57,2491.0,396.8243457077074
2024-06-17 10:13:58,2492.0,396.8071482290001
2024-06-17 10:13:59,2493.0,396.7790456611342
2024-06-17 10:14:00,2494.0,396.7404961013655
2024-06-17 10:14:01,2495.0,396.6919576469501
2024-06-17 10:14:02,2496.0,396.6338883951438
2024-06-17 10:14:03,2497.0,396.56674644320265
2024-06-17 10:14:04,2498.0,396.4909898883825
2024-06-17 10:14:05,2499.0,396.40707682793936
2024-06-17 10:14:06,2500.0,396.3154653591292
2024-06-17 10:14:07,2501.0,396.2166135792079
2024-06-17 10:14:08,2502.0,396.11097958543144
2024-06-17 10:14:09,2503.0,395.9990214750557
2024-06-17 10:14:10,2504.0,395.8811973453368
2024-06-17 10:14:11,2505.0,395.7579652935305
2024-06-17 10:14:12,2506.0,395.62978341689285
2024-06-17 10:14:13,2507.0,395.4971098126797
2024-06-17 10:14:14,2508.0,395.3604025781471
2024-06-17 10:14:15,2509.0,395.220119810551
2024-06-17 10:14:16,2510.0,395.07671960714725
2024-06-17 10:14:17,2511.0,394.93066006519183
2024-06-17 10:14:18,2512.0,394.78239928194074
2024-06-17 10:14:19,2513.0,394.63239535464993
2024-06-17 10:14:20,2514.0,394.4811063805752
2024-06-17 10:14:21,2515.0,394.3289904569727
2024-06-17 10:14:22,2516.0,394.1765056810982
2024-06-17 10:14:23,2517.0,394.0241101502078
2024-06-17 10:14:24,2518.0,393.8722619615573
2024-06-17 10:14:25,2519.0,393.72141921240274
2024-06-17 10:14:26,2520.0,393.57204
2024-06-17 10:14:27,2521.0,393.4103315964862
2024-06-17 10:14:28,2522.0,393.22362210955384
2024-06-17 10:14:29,2523.0,393.01405088979226
2024-06-17 10:14:30,2524.0,392.78375728779065
2024-06-17 10:14:31,2525.0,392.5348806541384
2024-06-17 10:14:32,2526.0,392.2695603394248
2024-06-17 10:14:33,2527.0,391.98993569423897
2024-06-17 10:14:34,2528.0,391.6981460691703
2024-06-17 10:14:35,2529.0,391.39633081480815
2024-06-17 10:14:36,2530.0,391.08662928174164
2024-06-17 10:14:37,2531.0,390.7711808205602
2024-06-17 10:14:38,2532.0,390.45212478185283
2024-06-17 10:14:39,2533.0,390.1316005162092
2024-06-17 10:14:40,2534.0,389.81174737421827
2024-06-17 10:14:41,2535.0,389.4947047064695
2024-06-17 10:14:42,2536.0,389.18261186355215
2024-06-17 10:14:43,2537.0,388.87760819605535
2024-06-17 10:14:44,2538.0,388.58183305456856
2024-06-17 10:14:45,2539.0,388.29742578968103
2024-06-17 10:14:46,2540.0,388.0265257519819
2024-06-17 10:14:47,2541.0,387.7712722920606
2024-06-17 10:14:48,2542.0,387.53380476050637
2024-06-17 10:14:49,2543.0,387.31626250790845
2024-06-17 10:14:50,2544.0,387.12078488485616
2024-06-17 10:14:51,2545.0,386.94951124193875
2024-06-17 10:14:52,2546.0,386.80458092974555
2024-06-17 10:14:53,2547.0,386.6881332988658
2024-06-17 10:14:54,2548.0,386.60230769988874
2024-06-17 10:14:55,2549.0,386.5492434834037
2024-06-17 10:14:56,2550.0,386.53108
2024-06-17 10:14:57,2551.0,386.5688350311111
2024-06-17 10:14:58,2552.0,386.6786678488889
2024-06-17 10:14:59,2553.0,386.85543004
2024-06-17 10:15:00,2554.0,387.09397319111105
2024-06-17 10:15:01,2555.0,387.3891488888889
2024-06-17 10:15:02,2556.0,387.73580871999997
2024-06-17 10:15:03,2557.0,388.12880427111105
2024-06-17 10:15:04,2558.0,388.5629871288889
2024-06-17 10:15:05,2559.0,389.03320887999996
2024-06-17 10:15:06,2560.0,389.53432111111107
2024-06-17 10:15:07,2561.0,390.06117540888886
2024-06-17 10:15:08,2562.0,390.60862335999997
2024-06-17 10:15:09,2563.0,391.1715165511111
2024-06-17 10:15:10,2564.0,391.74470656888883
2024-06-17 10:15:11,2565.0,392.323045
2024-06-17 10:15:12,2566.0,392.90138343111107
2024-06-17 10:15:13,2567.0,393.47457344888886
2024-06-17 10:15:14,2568.0,394.03746663999993
2024-06-17 10:15:15,2569.0,394.5849145911111
2024-06-17 10:15:16,2570.0,395.1117688888889
2024-06-17 10:15:17,2571.0,395.61288111999994
2024-06-17 10:15:18,2572.0,396.0831028711111
2024-06-17 10:15:19,2573.0,396.5172857288889
2024-06-17 10:15:20,2574.0,396.91028128
2024-06-17 10:15:21,2575.0,397.2569411111111
2024-06-17 10:15:22,2576.0,397.5521168088889
2024-06-17 10:15:23,2577.0,397.79065996
2024-06-17 10:15:24,2578.0,397.9674221511111
2024-06-17 10:15:25,2579.0,398.07725496888884
2024-06-17 10:15:26,2580.0,398.11501
2024-06-17 10:15:27,2581.0,398.1044142643301
2024-06-17 10:15:28,2582.0,398.0734830040031
2024-06-17 10:15:29,2583.0,398.02350013904237
2024-06-17 10:15:30,2584.0,397.95574958947174
2024-06-17 10:15:31,2585.0,397.8715152753148
2024-06-17 10:15:32,2586.0,397.77208111659513
2024-06-17 10:15:33,2587.0,397.6587310333365
2024-06-17 10:15:34,2588.0,397.5327489455624
2024-06-17 10:15:35,2589.0,397.3954187732967
2024-06-17 10:15:36,2590.0,397.2480244365628
2024-06-17 10:15:37,2591.0,397.09184985538445
2024-06-17 10:15:38,2592.0,396.9281789497854
2024-06-17 10:15:39,2593.0,396.75829563978914
2024-06-17 10:15:40,2594.0,396.5834838454194
2024-06-17 10:15:41,2595.0,396.40502748669974
2024-06-17 10:15:42,2596.0,396.2242104836539
2024-06-17 10:15:43,2597.0,396.04231675630547
2024-06-17 10:15:44,2598.0,395.8606302246781
2024-06-17 10:15:45,2599.0,395.68043480879544
2024-06-17 10:15:46,2600.0,395.5030144286812
2024-06-17 10:15:47,2601.0,395.32965300435893
2024-06-17 10:15:48,2602.0,395.16163445585227
2024-06-17 10:15:49,2603.0,395.00024270318494
2024-06-17 10:15:50,2604.0,394.84676166638053
2024-06-17 10:15:51,2605.0,394.70247526546274
2024-06-17 10:15:52,2606.0,394.5686674204552
2024-06-17 10:15:53,2607.0,394.44662205138144
2024-06-17 10:15:54,2608.0,394.33762307826527
2024-06-17 10:15:55,2609.0,394.24295442113026
2024-06-17 10:15:56,2610.0,394.1639
2024-06-17 10:15:57,2611.0,394.09359992960907
2024-06-17 10:15:58,2612.0,394.0243696924062
2024-06-17 10:15:59,2613.0,393.956256259986
2024-06-17 10:16:00,2614.0,393.8893066039434
2024-06-17 10:16:01,2615.0,393.8235676958732
2024-06-17 10:16:02,2616.0,393.7590865073702
2024-06-17 10:16:03,2617.0,393.6959100100293
2024-06-17 10:16:04,2618.0,393.63408517544525
2024-06-17 10:16:05,2619.0,393.5736589752129
2024-06-17 10:16:06,2620.0,393.51467838092697
2024-06-17 10:16:07,2621.0,393.45719036418257
2024-06-17 10:16:08,2622.0,393.4012418965741
2024-06-17 10:16:09,2623.0,393.3468799496967
2024-06-17 10:16:10,2624.0,393.29415149514506
2024-06-17 10:16:11,2625.0,393.2431035045141
2024-06-17 10:16:12,2626.0,393.1937829493985
2024-06-17 10:16:13,2627.0,393.1462368013932
2024-06-17 10:16:14,2628.0,393.1005120320929
2024-06-17 10:16:15,2629.0,393.0566556130926
2024-06-17 10:16:16,2630.0,393.0147145159869
2024-06-17 10:16:17,2631.0,392.97473571237083
2024-06-17 10:16:18,2632.0,392.936766173839
2024-06-17 10:16:19,2633.0,392.9008528719864
2024-06-17 10:16:20,2634.0,392.86704277840784
2024-06-17 10:16:21,2635.0,392.835382864698
2024-06-17 10:16:22,2636.0,392.80592010245186
2024-06-17 10:16:23,2637.0,392.77870146326416
2024-06-17 10:16:24,2638.0,392.75377391872973
2024-06-17 10:16:25,2639.0,392.73118444044337
2024-06-17 10:16:26,2640.0,392.71098
2024-06-17 10:16:27,2641.0,392.6920737693005
2024-06-17 10:16:28,2642.0,392.6733682031931
2024-06-17 10:16:29,2643.0,392.6548941976935
2024-06-17 10:16:30,2644.0,392.63668264881716
2024-06-17 10:16:31,2645.0,392.6187644525798
2024-06-17 10:16:32,2646.0,392.601170504997
2024-06-17 10:16:33,2647.0,392.5839317020845
2024-06-17 10:16:34,2648.0,392.5670789398578
2024-06-17 10:16:35,2649.0,392.55064311433256
2024-06-17 10:16:36,2650.0,392.5346551215244
2024-06-17 10:16:37,2651.0,392.51914585744885
2024-06-17 10:16:38,2652.0,392.5041462181217
2024-06-17 10:16:39,2653.0,392.48968709955847
2024-06-17 10:16:40,2654.0,392.4757993977748
2024-06-17 10:16:41,2655.0,392.4625140087862
2024-06-17 10:16:42,2656.0,392.4498618286084
2024-06-17 10:16:43,2657.0,392.43787375325707
2024-06-17 10:16:44,2658.0,392.42658067874777
2024-06-17 10:16:45,2659.0,392.41601350109613
2024-06-17 10:16:46,2660.0,392.4062031163177
2024-06-17 10:16:47,2661.0,392.39718042042824
2024-06-17 10:16:48,2662.0,392.38897630944325
2024-06-17 10:16:49,2663.0,392.3816216793784
2024-06-17 10:16:50,2664.0,392.3751474262493
2024-06-17 10:16:51,2665.0,392.3695844460715
2024-06-17 10:16:52,2666.0,392.36496363486077
2024-06-17 10:16:53,2667.0,392.3613158886326
2024-06-17 10:16:54,2668.0,392.3586721034027
2024-06-17 10:16:55,2669.0,392.35706317518657
2024-06-17 10:16:56,2670.0,392.35652
2024-06-17 10:16:57,2671.0,392.36958434962963
2024-06-17 10:16:58,2672.0,392.4075897303704
2024-06-17 10:16:59,2673.0,392.46875464
2024-06-17 10:17:00,2674.0,392.5512975762963
2024-06-17 10:17:01,2675.0,392.653437037037
2024-06-17 10:17:02,2676.0,392.77339152
2024-06-17 10:17:03,2677.0,392.909379522963
2024-06-17 10:17:04,2678.0,393.05961954370366
2024-06-17 10:17:05,2679.0,393.22233007999995
2024-06-17 10:17:06,2680.0,393.3957296296296
2024-06-17 10:17:07,2681.0,393.5780366903703
2024-06-17 10:17:08,2682.0,393.76746976
2024-06-17 10:17:09,2683.0,393.9622473362963
2024-06-17 10:17:10,2684.0,394.160587917037
2024-06-17 10:17:11,2685.0,394.36071
2024-06-17 10:17:12,2686.0,394.560832082963
2024-06-17 10:17:13,2687.0,394.7591726637037
2024-06-17 10:17:14,2688.0,394.95395024
2024-06-17 10:17:15,2689.0,395.1433833096296
2024-06-17 10:17:16,2690.0,395.32569037037035
2024-06-17 10:17:17,2691.0,395.49908992
2024-06-17 10:17:18,2692.0,395.6618004562963
2024-06-17 10:17:19,2693.0,395.812040477037
2024-06-17 10:17:20,2694.0,395.94802848
2024-06-17 10:17:21,2695.0,396.0679829629629
2024-06-17 10:17:22,2696.0,396.1701224237037
2024-06-17 10:17:23,2697.0,396.25266536
2024-06-17 10:17:24,2698.0,396.3138302696296
2024-06-17 10:17:25,2699.0,396.35183565037033
2024-06-17 10:17:26,2700.0,396.3649
2024-06-17 10:17:27,2701.0,396.34380822518517
2024-06-17 10:17:28,2702.0,396.28245033481477
2024-06-17 10:17:29,2703.0,396.18370247999997
2024-06-17 10:17:30,2704.0,396.05044081185184
2024-06-17 10:17:31,2705.0,395.8855414814814
2024-06-17 10:17:32,2706.0,395.69188063999997
2024-06-17 10:17:33,2707.0,395.4723344385185
2024-06-17 10:17:34,2708.0,395.22977902814813
2024-06-17 10:17:35,2709.0,394.96709056
2024-06-17 10:17:36,2710.0,394.68714518518516
2024-06-17 10:17:37,2711.0,394.3928190548148
2024-06-17 10:17:38,2712.0,394.08698832
2024-06-17 10:17:39,2713.0,393.7725291318518
2024-06-17 10:17:40,2714.0,393.45231764148144
2024-06-17 10:17:41,2715.0,393.12923
2024-06-17 10:17:42,2716.0,392.8061423585185
2024-06-17 10:17:43,2717.0,392.4859308681481
2024-06-17 10:17:44,2718.0,392.17147167999997
2024-06-17 10:17:45,2719.0,391.8656409451852
2024-06-17 10:17:46,2720.0,391.5713148148148
2024-06-17 10:17:47,2721.0,391.29136944
2024-06-17 10:17:48,2722.0,391.0286809718518
2024-06-17 10:17:49,2723.0,390.78612556148147
2024-06-17 10:17:50,2724.0,390.56657936
2024-06-17 10:17:51,2725.0,390.3729185185185
2024-06-17 10:17:52,2726.0,390.2080191881481
2024-06-17 10:17:53,2727.0,390.07475751999993
2024-06-17 10:17:54,2728.0,389.9760096651852
2024-06-17 10:17:55,2729.0,389.9146517748148
2024-06-17 10:17:56,2730.0,389.89356
2024-06-17 10:17:57,2731.0,389.90228234424586
2024-06-17 10:17:58,2732.0,389.92779113946307
2024-06-17 10:17:59,2733.0,389.9690990293708
2024-06-17 10:18:00,2734.0,390.02521865768824
2024-06-17 10:18:01,2735.0,390.0951626681348
2024-06-17 10:18:02,2736.0,390.17794370442954
2024-06-17 10:18:03,2737.0,390.2725744102917
2024-06-17 10:18:04,2738.0,390.37806742944065
2024-06-17 10:18:05,2739.0,390.4934354055956
2024-06-17 10:18:06,2740.0,390.6176909824757
2024-06-17 10:18:07,2741.0,390.7498468038003
2024-06-17 10:18:08,2742.0,390.88891551328857
2024-06-17 10:18:09,2743.0,391.03390975465976
2024-06-17 10:18:10,2744.0,391.1838421716331
2024-06-17 10:18:11,2745.0,391.33772540792785
2024-06-17 10:18:12,2746.0,391.49457210726325
2024-06-17 10:18:13,2747.0,391.6533949133585
2024-06-17 10:18:14,2748.0,391.8132064699329
2024-06-17 10:18:15,2749.0,391.9730194207056
2024-06-17 10:18:16,2750.0,392.13184640939596
2024-06-17 10:18:17,2751.0,392.2887000797231
2024-06-17 10:18:18,2752.0,392.4425930754064
2024-06-17 10:18:19,2753.0,392.592538040165
2024-06-17 10:18:20,2754.0,392.7375476177181
2024-06-17 10:18:21,2755.0,392.87663445178504
2024-06-17 10:18:22,2756.0,393.008811186085
2024-06-17 10:18:23,2757.0,393.1330904643372
2024-06-17 10:18:24,2758.0,393.248484930261
2024-06-17 10:18:25,2759.0,393.3540072275755
2024-06-17 10:18:26,2760.0,393.44867
2024-06-17 10:18:27,2761.0,393.5347628710422
2024-06-17 10:18:28,2762.0,393.6155397356649
2024-06-17 10:18:29,2763.0,393.69145964476985
2024-06-17 10:18:30,2764.0,393.76298164925885
2024-06-17 10:18:31,2765.0,393.83056480003364
2024-06-17 10:18:32,2766.0,393.894668147996
2024-06-17 10:18:33,2767.0,393.9557507440478
2024-06-17 10:18:34,2768.0,394.0142716390907
2024-06-17 10:18:35,2769.0,394.07068988402654
2024-06-17 10:18:36,2770.0,394.12546452975715
2024-06-17 10:18:37,2771.0,394.1790546271842
2024-06-17 10:18:38,2772.0,394.2319192272095
2024-06-17 10:18:39,2773.0,394.284517380735
2024-06-17 10:18:40,2774.0,394.3373081386622
2024-06-17 10:18:41,2775.0,394.3907505518931
2024-06-17 10:18:42,2776.0,394.4453036713293
2024-06-17 10:18:43,2777.0,394.5014265478727
2024-06-17 10:18:44,2778.0,394.55957823242517
2024-06-17 10:18:45,2779.0,394.6202177758882
2024-06-17 10:18:46,2780.0,394.68380422916385
2024-06-17 10:18:47,2781.0,394.75079664315376
2024-06-17 10:18:48,2782.0,394.82165406875976
2024-06-17 10:18:49,2783.0,394.8968355568836
2024-06-17 10:18:50,2784.0,394.9768001584271
2024-06-17 10:18:51,2785.0,395.062006924292
2024-06-17 10:18:52,2786.0,395.1529149053801
2024-06-17 10:18:53,2787.0,395.2499831525932
2024-06-17 10:18:54,2788.0,395.35367071683294
2024-06-17 10:18:55,2789.0,395.46443664900136
2024-06-17 10:18:56,2790.0,395.58274
2024-06-17 10:18:57,2791.0,395.7393612111972
2024-06-17 10:18:58,2792.0,395.9614625792595
2024-06-17 10:18:59,2793.0,396.2440759380361
2024-06-17 10:19:00,2794.0,396.5822331213761
2024-06-17 10:19:01,2795.0,396.9709659631287
2024-06-17 10:19:02,2796.0,397.4053062971434
2024-06-17 10:19:03,2797.0,397.8802859572691
2024-06-17 10:19:04,2798.0,398.3909367773551
2024-06-17 10:19:05,2799.0,398.93229059125065
2024-06-17 10:19:06,2800.0,399.4993792328048
2024-06-17 10:19:07,2801.0,400.08723453586697
2024-06-17 10:19:08,2802.0,400.69088833428634
2024-06-17 10:19:09,2803.0,401.30537246191193
2024-06-17 10:19:10,2804.0,401.9257187525931
2024-06-17 10:19:11,2805.0,402.54695904017905
2024-06-17 10:19:12,2806.0,403.16412515851897
2024-06-17 10:19:13,2807.0,403.7722489414621
2024-06-17 10:19:14,2808.0,404.36636222285756
2024-06-17 10:19:15,2809.0,404.94149683655456
2024-06-17 10:19:16,2810.0,405.4926846164024
2024-06-17 10:19:17,2811.0,406.0149573962502
2024-06-17 10:19:18,2812.0,406.50334700994733
2024-06-17 10:19:19,2813.0,406.9528852913428
2024-06-17 10:19:20,2814.0,407.35860407428584
2024-06-17 10:19:21,2815.0,407.71553519262574
2024-06-17 10:19:22,2816.0,408.0187104802117
2024-06-17 10:19:23,2817.0,408.2631617708929
2024-06-17 10:19:24,2818.0,408.44392089851857
2024-06-17 10:19:25,2819.0,408.5560196969378
2024-06-17 10:19:26,2820.0,408.59449
2024-06-17 10:19:27,2821.0,408.55670570074074
2024-06-17 10:19:28,2822.0,408.44678773925926
2024-06-17 10:19:29,2823.0,408.26988852
2024-06-17 10:19:30,2824.0,408.03116044740744
2024-06-17 10:19:31,2825.0,407.73575592592596
2024-06-17 10:19:32,2826.0,407.38882736
2024-06-17 10:19:33,2827.0,406.99552715407407
2024-06-17 10:19:34,2828.0,406.56100771259264
2024-06-17 10:19:35,2829.0,406.09042144
2024-06-17 10:19:36,2830.0,405.5889207407407
2024-06-17 10:19:37,2831.0,405.06165801925926
2024-06-17 10:19:38,2832.0,404.51378568
2024-06-17 10:19:39,2833.0,403.95045612740745
2024-06-17 10:19:40,2834.0,403.3768217659259
2024-06-17 10:19:41,2835.0,402.798035
2024-06-17 10:19:42,2836.0,402.2192482340741
2024-06-17 10:19:43,2837.0,401.64561387259255
2024-06-17 10:19:44,2838.0,401.08228432
2024-06-17 10:19:45,2839.0,400.53441198074074
2024-06-17 10:19:46,2840.0,400.0071492592593
2024-06-17 10:19:47,2841.0,399.50564856
2024-06-17 10:19:48,2842.0,399.0350622874074
2024-06-17 10:19:49,2843.0,398.60054284592593
2024-06-17 10:19:50,2844.0,398.20724264
2024-06-17 10:19:51,2845.0,397.8603140740741
2024-06-17 10:19:52,2846.0,397.5649095525926
2024-06-17 10:19:53,2847.0,397.32618148
2024-06-17 10:19:54,2848.0,397.14928226074073
2024-06-17 10:19:55,2849.0,397.03936429925926
2024-06-17 10:19:56,2850.0,397.00158
2024-06-17 10:19:57,2851.0,397.0144824296296
2024-06-17 10:19:58,2852.0,397.05201677037036
2024-06-17 10:19:59,2853.0,397.1124236
2024-06-17 10:20:00,2854.0,397.1939434962963
2024-06-17 10:20:01,2855.0,397.29481703703703
2024-06-17 10:20:02,2856.0,397.41328480000004
2024-06-17 10:20:03,2857.0,397.547587362963
2024-06-17 10:20:04,2858.0,397.6959653037037
2024-06-17 10:20:05,2859.0,397.85665919999997
2024-06-17 10:20:06,2860.0,398.0279096296296
2024-06-17 10:20:07,2861.0,398.2079571703704
2024-06-17 10:20:08,2862.0,398.39504239999997
2024-06-17 10:20:09,2863.0,398.5874058962963
2024-06-17 10:20:10,2864.0,398.7832882370371
2024-06-17 10:20:11,2865.0,398.98093000000006
2024-06-17 10:20:12,2866.0,399.178571762963
2024-06-17 10:20:13,2867.0,399.3744541037037
2024-06-17 10:20:14,2868.0,399.5668176
2024-06-17 10:20:15,2869.0,399.7539028296296
2024-06-17 10:20:16,2870.0,399.9339503703704
2024-06-17 10:20:17,2871.0,400.1052008
2024-06-17 10:20:18,2872.0,400.2658946962963
2024-06-17 10:20:19,2873.0,400.4142726370371
2024-06-17 10:20:20,2874.0,400.5485752
2024-06-17 10:20:21,2875.0,400.667042962963
2024-06-17 10:20:22,2876.0,400.76791650370376
2024-06-17 10:20:23,2877.0,400.8494364
2024-06-17 10:20:24,2878.0,400.90984322962964
2024-06-17 10:20:25,2879.0,400.94737757037035
2024-06-17 10:20:26,2880.0,400.96028
2024-06-17 10:20:27,2881.0,400.9205585925926
2024-06-17 10:20:28,2882.0,400.80500540740746
2024-06-17 10:20:29,2883.0,400.61903700000005
2024-06-17 10:20:30,2884.0,400.3680699259259
2024-06-17 10:20:31,2885.0,400.05752074074076
2024-06-17 10:20:32,2886.0,399.692806
2024-06-17 10:20:33,2887.0,399.27934225925924
2024-06-17 10:20:34,2888.0,398.8225460740741
2024-06-17 10:20:35,2889.0,398.32783400000005
2024-06-17 10:20:36,2890.0,397.8006225925926
2024-06-17 10:20:37,2891.0,397.2463284074074
2024-06-17 10:20:38,2892.0,396.67036800000005
2024-06-17 10:20:39,2893.0,396.07815792592595
2024-06-17 10:20:40,2894.0,395.47511474074076
2024-06-17 10:20:41,2895.0,394.866655
2024-06-17 10:20:42,2896.0,394.25819525925925
2024-06-17 10:20:43,2897.0,393.65515207407407
2024-06-17 10:20:44,2898.0,393.06294199999996
2024-06-17 10:20:45,2899.0,392.4869815925926
2024-06-17 10:20:46,2900.0,391.93268740740746
2024-06-17 10:20:47,2901.0,391.405476
2024-06-17 10:20:48,2902.0,390.91076392592595
2024-06-17 10:20:49,2903.0,390.4539677407408
2024-06-17 10:20:50,2904.0,390.040504
2024-06-17 10:20:51,2905.0,389.67578925925926
2024-06-17 10:20:52,2906.0,389.36524007407405
2024-06-17 10:20:53,2907.0,389.114273
2024-06-17 10:20:54,2908.0,388.9283045925926
2024-06-17 10:20:55,2909.0,388.8127514074074
2024-06-17 10:20:56,2910.0,388.77303
2024-06-17 10:20:57,2911.0,388.8103771022222
2024-06-17 10:20:58,2912.0,388.9190232177778
2024-06-17 10:20:59,2913.0,389.09387556
2024-06-17 10:21:00,2914.0,389.32984134222227
2024-06-17 10:21:01,2915.0,389.6218277777778
2024-06-17 10:21:02,2916.0,389.96474208
2024-06-17 10:21:03,2917.0,390.3534914622223
2024-06-17 10:21:04,2918.0,390.78298313777776
2024-06-17 10:21:05,2919.0,391.24812432000004
2024-06-17 10:21:06,2920.0,391.7438222222222
2024-06-17 10:21:07,2921.0,392.2649840577778
2024-06-17 10:21:08,2922.0,392.80651704
2024-06-17 10:21:09,2923.0,393.3633283822222
2024-06-17 10:21:10,2924.0,393.93032529777776
2024-06-17 10:21:11,2925.0,394.50241500000004
2024-06-17 10:21:12,2926.0,395.0745047022222
2024-06-17 10:21:13,2927.0,395.6415016177778
2024-06-17 10:21:14,2928.0,396.19831296
2024-06-17 10:21:15,2929.0,396.7398459422222
2024-06-17 10:21:16,2930.0,397.2610077777778
2024-06-17 10:21:17,2931.0,397.75670568
2024-06-17 10:21:18,2932.0,398.2218468622222
2024-06-17 10:21:19,2933.0,398.6513385377778
2024-06-17 10:21:20,2934.0,399.04008792
2024-06-17 10:21:21,2935.0,399.3830022222223
2024-06-17 10:21:22,2936.0,399.6749886577778
2024-06-17 10:21:23,2937.0,399.91095444
2024-06-17 10:21:24,2938.0,400.0858067822222
2024-06-17 10:21:25,2939.0,400.1944528977778
2024-06-17 10:21:26,2940.0,400.2318
2024-06-17 10:21:27,2941.0,400.22447419555556
2024-06-17 10:21:28,2942.0,400.20316276444447
2024-06-17 10:21:29,2943.0,400.16886468
2024-06-17 10:21:30,2944.0,400.1225789155556
2024-06-17 10:21:31,2945.0,400.0653044444445
2024-06-17 10:21:32,2946.0,399.99804024
2024-06-17 10:21:33,2947.0,399.9217852755556
2024-06-17 10:21:34,2948.0,399.8375385244445
2024-06-17 10:21:35,2949.0,399.74629896
2024-06-17 10:21:36,2950.0,399.6490655555556
2024-06-17 10:21:37,2951.0,399.54683728444445
2024-06-17 10:21:38,2952.0,399.44061311999997
2024-06-17 10:21:39,2953.0,399.33139203555555
2024-06-17 10:21:40,2954.0,399.2201730044444
2024-06-17 10:21:41,2955.0,399.10795500000006
2024-06-17 10:21:42,2956.0,398.9957369955556
2024-06-17 10:21:43,2957.0,398.8845179644444
2024-06-17 10:21:44,2958.0,398.77529688
2024-06-17 10:21:45,2959.0,398.66907271555556
2024-06-17 10:21:46,2960.0,398.5668444444444
2024-06-17 10:21:47,2961.0,398.46961103999996
2024-06-17 10:21:48,2962.0,398.3783714755555
2024-06-17 10:21:49,2963.0,398.29412472444443
2024-06-17 10:21:50,2964.0,398.21786976
2024-06-17 10:21:51,2965.0,398.15060555555556
2024-06-17 10:21:52,2966.0,398.09333108444446
2024-06-17 10:21:53,2967.0,398.04704532
2024-06-17 10:21:54,2968.0,398.01274723555554
2024-06-17 10:21:55,2969.0,397.9914358044444
2024-06-17 10:21:56,2970.0,397.98411
2024-06-17 10:21:57,2971.0,397.9974445707704
2024-06-17 10:21:58,2972.0,398.03624041125136
2024-06-17 10:21:59,2973.0,398.09868571369725
2024-06-17 10:22:00,2974.0,398.18296867036236
2024-06-17 10:22:01,2975.0,398.28727747350115
2024-06-17 10:22:02,2976.0,398.409800315368
2024-06-17 10:22:03,2977.0,398.5487253882173
2024-06-17 10:22:04,2978.0,398.7022408843034
2024-06-17 10:22:05,2979.0,398.86853499588074
2024-06-17 10:22:06,2980.0,399.0457959152037
2024-06-17 10:22:07,2981.0,399.23221183452665
2024-06-17 10:22:08,2982.0,399.425970946104
2024-06-17 10:22:09,2983.0,399.6252614421901
2024-06-17 10:22:10,2984.0,399.82827151503943
2024-06-17 10:22:11,2985.0,400.03318935690623
2024-06-17 10:22:12,2986.0,400.2382031600451
2024-06-17 10:22:13,2987.0,400.4415011167102
2024-06-17 10:22:14,2988.0,400.64127141915606
2024-06-17 10:22:15,2989.0,400.835702259637
2024-06-17 10:22:16,2990.0,401.02298183040745
2024-06-17 10:22:17,2991.0,401.20129832372174
2024-06-17 10:22:18,2992.0,401.3688399318344
2024-06-17 10:22:19,2993.0,401.52379484699964
2024-06-17 10:22:20,2994.0,401.664351261472
2024-06-17 10:22:21,2995.0,401.7886973675058
2024-06-17 10:22:22,2996.0,401.8950213573554
2024-06-17 10:22:23,2997.0,401.98151142327526
2024-06-17 10:22:24,2998.0,402.04635575751973
2024-06-17 10:22:25,2999.0,402.0877425523432
2024-06-17 10:22:26,3000.0,402.10386
2024-06-17 10:22:27,3001.0,402.1066013181199
2024-06-17 10:22:28,3002.0,402.10908001652933
2024-06-17 10:22:29,3003.0,402.1113147257776
2024-06-17 10:22:30,3004.0,402.11332407641413
2024-06-17 10:22:31,3005.0,402.1151266989882
2024-06-17 10:22:32,3006.0,402.1167412240493
2024-06-17 10:22:33,3007.0,402.1181862821468
2024-06-17 10:22:34,3008.0,402.11948050382995
2024-06-17 10:22:35,3009.0,402.12064251964836
2024-06-17 10:22:36,3010.0,402.1216909601512
2024-06-17 10:22:37,3011.0,402.12264445588795
2024-06-17 10:22:38,3012.0,402.12352163740803
2024-06-17 10:22:39,3013.0,402.1243411352607
2024-06-17 10:22:40,3014.0,402.1251215799954
2024-06-17 10:22:41,3015.0,402.1258816021615
2024-06-17 10:22:42,3016.0,402.1266398323084
2024-06-17 10:22:43,3017.0,402.1274149009854
2024-06-17 10:22:44,3018.0,402.128225438742
2024-06-17 10:22:45,3019.0,402.1290900761275
2024-06-17 10:22:46,3020.0,402.1300274436914
2024-06-17 10:22:47,3021.0,402.1310561719829
2024-06-17 10:22:48,3022.0,402.1321948915515
2024-06-17 10:22:49,3023.0,402.1334622329465
2024-06-17 10:22:50,3024.0,402.13487682671735
2024-06-17 10:22:51,3025.0,402.1364573034134
2024-06-17 10:22:52,3026.0,402.138222293584
2024-06-17 10:22:53,3027.0,402.14019042777863
2024-06-17 10:22:54,3028.0,402.1423803365465
2024-06-17 10:22:55,3029.0,402.1448106504372
2024-06-17 10:22:56,3030.0,402.1475
2024-06-17 10:22:57,3031.0,402.15490895657007
2024-06-17 10:22:58,3032.0,402.1710646744242
2024-06-17 10:22:59,3033.0,402.1953356585241
2024-06-17 10:23:00,3034.0,402.2270904138313
2024-06-17 10:23:01,3035.0,402.26569744530764
2024-06-17 10:23:02,3036.0,402.31052525791466
2024-06-17 10:23:03,3037.0,402.360942356614
2024-06-17 10:23:04,3038.0,402.41631724636727
2024-06-17 10:23:05,3039.0,402.47601843213636
2024-06-17 10:23:06,3040.0,402.53941441888264
2024-06-17 10:23:07,3041.0,402.60587371156794
2024-06-17 10:23:08,3042.0,402.674764815154
2024-06-17 10:23:09,3043.0,402.7454562346022
2024-06-17 10:23:10,3044.0,402.8173164748744
2024-06-17 10:23:11,3045.0,402.88971404093223
2024-06-17 10:23:12,3046.0,402.96201743773736
2024-06-17 10:23:13,3047.0,403.0335951702514
2024-06-17 10:23:14,3048.0,403.103815743436
2024-06-17 10:23:15,3049.0,403.17204766225285
2024-06-17 10:23:16,3050.0,403.2376594316636
2024-06-17 10:23:17,3051.0,403.3000195566299
2024-06-17 10:23:18,3052.0,403.35849654211336
2024-06-17 10:23:19,3053.0,403.4124588930758
2024-06-17 10:23:20,3054.0,403.46127511447867
2024-06-17 10:23:21,3055.0,403.50431371128377
2024-06-17 10:23:22,3056.0,403.54094318845273
2024-06-17 10:23:23,3057.0,403.5705320509472
2024-06-17 10:23:24,3058.0,403.5924488037287
2024-06-17 10:23:25,3059.0,403.60606195175916
2024-06-17 10:23:26,3060.0,403.61074
2024-06-17 10:23:27,3061.0,402.9209367466667
2024-06-17 10:23:28,3062.0,400.9142363733333
2024-06-17 10:23:29,3063.0,397.68470296000004
2024-06-17 10:23:30,3064.0,393.3264005866667
2024-06-17 10:23:31,3065.0,387.93339333333336
2024-06-17 10:23:32,3066.0,381.59974528000004
2024-06-17 10:23:33,3067.0,374.4195205066667
2024-06-17 10:23:34,3068.0,366.4867830933333
2024-06-17 10:23:35,3069.0,357.89559712
2024-06-17 10:23:36,3070.0,348.74002666666667
2024-06-17 10:23:37,3071.0,339.1141358133333
2024-06-17 10:23:38,3072.0,329.11198864
2024-06-17 10:23:39,3073.0,318.82764922666667
2024-06-17 10:23:40,3074.0,308.3551816533333
2024-06-17 10:23:41,3075.0,297.78864999999996
2024-06-17 10:23:42,3076.0,287.22211834666666
2024-06-17 10:23:43,3077.0,276.7496507733333
2024-06-17 10:23:44,3078.0,266.46531136
2024-06-17 10:23:45,3079.0,256.46316418666663
2024-06-17 10:23:46,3080.0,246.83727333333334
2024-06-17 10:23:47,3081.0,237.68170287999996
2024-06-17 10:23:48,3082.0,229.0905169066666
2024-06-17 10:23:49,3083.0,221.1577794933333
2024-06-17 10:23:50,3084.0,213.97755471999994
2024-06-17 10:23:51,3085.0,207.64390666666662
2024-06-17 10:23:52,3086.0,202.25089941333334
2024-06-17 10:23:53,3087.0,197.89259704
2024-06-17 10:23:54,3088.0,194.6630636266666
2024-06-17 10:23:55,3089.0,192.65636325333327
2024-06-17 10:23:56,3090.0,191.96656
2024-06-17 10:23:57,3091.0,192.01417637937746
2024-06-17 10:23:58,3092.0,192.1531412306992
2024-06-17 10:23:59,3093.0,192.3776281237492
2024-06-17 10:24:00,3094.0,192.68181062831138
2024-06-17 10:24:01,3095.0,193.05986231416972
2024-06-17 10:24:02,3096.0,193.50595675110827
2024-06-17 10:24:03,3097.0,194.01426750891088
2024-06-17 10:24:04,3098.0,194.57896815736163
2024-06-17 10:24:05,3099.0,195.19423226624437
2024-06-17 10:24:06,3100.0,195.8542334053432
2024-06-17 10:24:07,3101.0,196.553145144442
2024-06-17 10:24:08,3102.0,197.2851410533248
2024-06-17 10:24:09,3103.0,198.0443947017755
2024-06-17 10:24:10,3104.0,198.82507965957814
2024-06-17 10:24:11,3105.0,199.62136949651665
2024-06-17 10:24:12,3106.0,200.42743778237502
2024-06-17 10:24:13,3107.0,201.2374580869372
2024-06-17 10:24:14,3108.0,202.0456039799872
2024-06-17 10:24:15,3109.0,202.84604903130892
2024-06-17 10:24:16,3110.0,203.6329668106864
2024-06-17 10:24:17,3111.0,204.40053088790359
2024-06-17 10:24:18,3112.0,205.14291483274442
2024-06-17 10:24:19,3113.0,205.85429221499294
2024-06-17 10:24:20,3114.0,206.52883660443305
2024-06-17 10:24:21,3115.0,207.16072157084875
2024-06-17 10:24:22,3116.0,207.744120684024
2024-06-17 10:24:23,3117.0,208.27320751374276
2024-06-17 10:24:24,3118.0,208.74215562978907
2024-06-17 10:24:25,3119.0,209.1451386019468
2024-06-17 10:24:26,3120.0,209.47633
2024-06-17 10:24:27,3121.0,209.7592091762857
2024-06-17 10:24:28,3122.0,210.02213648384466
2024-06-17 10:24:29,3123.0,210.26660699351615
2024-06-17 10:24:30,3124.0,210.49411577613944
2024-06-17 10:24:31,3125.0,210.70615790255383
2024-06-17 10:24:32,3126.0,210.90422844359867
2024-06-17 10:24:33,3127.0,211.08982247011326
2024-06-17 10:24:34,3128.0,211.26443505293696
2024-06-17 10:24:35,3129.0,211.42956126290892
2024-06-17 10:24:36,3130.0,211.58669617086858
2024-06-17 10:24:37,3131.0,211.73733484765518
2024-06-17 10:24:38,3132.0,211.88297236410807
2024-06-17 10:24:39,3133.0,212.0251037910665
2024-06-17 10:24:40,3134.0,212.16522419936987
2024-06-17 10:24:41,3135.0,212.30482865985738
2024-06-17 10:24:42,3136.0,212.44541224336837
2024-06-17 10:24:43,3137.0,212.5884700207422
2024-06-17 10:24:44,3138.0,212.7354970628181
2024-06-17 10:24:45,3139.0,212.88798844043544
2024-06-17 10:24:46,3140.0,213.04743922443345
2024-06-17 10:24:47,3141.0,213.21534448565149
2024-06-17 10:24:48,3142.0,213.39319929492882
2024-06-17 10:24:49,3143.0,213.5824987231048
2024-06-17 10:24:50,3144.0,213.78473784101877
2024-06-17 10:24:51,3145.0,214.00141171950992
2024-06-17 10:24:52,3146.0,214.23401542941764
2024-06-17 10:24:53,3147.0,214.48404404158117
2024-06-17 10:24:54,3148.0,214.7529926268399
2024-06-17 10:24:55,3149.0,215.0423562560331
2024-06-17 10:24:56,3150.0,215.35363
2024-06-17 10:24:57,3151.0,215.73864136737805
2024-06-17 10:24:58,3152.0,216.2423536888627
2024-06-17 10:24:59,3153.0,216.85596576838066
2024-06-17 10:25:00,3154.0,217.57067640985858
2024-06-17 10:25:01,3155.0,218.3776844172232
2024-06-17 10:25:02,3156.0,219.26818859440107
2024-06-17 10:25:03,3157.0,220.23338774531896
2024-06-17 10:25:04,3158.0,221.26448067390348
2024-06-17 10:25:05,3159.0,222.35266618408133
2024-06-17 10:25:06,3160.0,223.48914307977915
2024-06-17 10:25:07,3161.0,224.66511016492362
2024-06-17 10:25:08,3162.0,225.87176624344139
2024-06-17 10:25:09,3163.0,227.10031011925915
2024-06-17 10:25:10,3164.0,228.3419405963036
2024-06-17 10:25:11,3165.0,229.58785647850135
2024-06-17 10:25:12,3166.0,230.82925656977906
2024-06-17 10:25:13,3167.0,232.05733967406348
2024-06-17 10:25:14,3168.0,233.26330459528117
2024-06-17 10:25:15,3169.0,234.43835013735887
2024-06-17 10:25:16,3170.0,235.57367510422324
2024-06-17 10:25:17,3171.0,236.66047829980093
2024-06-17 10:25:18,3172.0,237.68995852801862
2024-06-17 10:25:19,3173.0,238.65331459280299
2024-06-17 10:25:20,3174.0,239.54174529808066
2024-06-17 10:25:21,3175.0,240.3464494477783
2024-06-17 10:25:22,3176.0,241.05862584582266
2024-06-17 10:25:23,3177.0,241.66947329614032
2024-06-17 10:25:24,3178.0,242.17019060265798
2024-06-17 10:25:25,3179.0,242.55197656930235
2024-06-17 10:25:26,3180.0,242.80603
2024-06-17 10:25:27,3181.0,242.99120595468733
2024-06-17 10:25:28,3182.0,243.17213210148606
2024-06-17 10:25:29,3183.0,243.34866615660076
2024-06-17 10:25:30,3184.0,243.5206658362361
2024-06-17 10:25:31,3185.0,243.68798885659686
2024-06-17 10:25:32,3186.0,243.85049293388758
2024-06-17 10:25:33,3187.0,244.00803578431305
2024-06-17 10:25:34,3188.0,244.16047512407778
2024-06-17 10:25:35,3189.0,244.30766866938654
2024-06-17 10:25:36,3190.0,244.44947413644397
2024-06-17 10:25:37,3191.0,244.58574924145478
2024-06-17 10:25:38,3192.0,244.71635170062356
2024-06-17 10:25:39,3193.0,244.84113923015502
2024-06-17 10:25:40,3194.0,244.9599695462538
2024-06-17 10:25:41,3195.0,245.07270036512463
2024-06-17 10:25:42,3196.0,245.17918940297207
2024-06-17 10:25:43,3197.0,245.27929437600088
2024-06-17 10:25:44,3198.0,245.3728730004157
2024-06-17 10:25:45,3199.0,245.45978299242117
2024-06-17 10:25:46,3200.0,245.539882068222
2024-06-17 10:25:47,3201.0,245.6130279440228
2024-06-17 10:25:48,3202.0,245.67907833602825
2024-06-17 10:25:49,3203.0,245.73789096044308
2024-06-17 10:25:50,3204.0,245.78932353347187
2024-06-17 10:25:51,3205.0,245.83323377131939
2024-06-17 10:25:52,3206.0,245.86947939019015
2024-06-17 10:25:53,3207.0,245.89791810628896
2024-06-17 10:25:54,3208.0,245.91840763582042
2024-06-17 10:25:55,3209.0,245.93080569498923
2024-06-17 10:25:56,3210.0,245.93497
2024-06-17 10:25:57,3211.0,245.90134973037036
2024-06-17 10:25:58,3212.0,245.80354530962964
2024-06-17 10:25:59,3213.0,245.64614132
2024-06-17 10:26:00,3214.0,245.4337223437037
2024-06-17 10:26:01,3215.0,245.17087296296296
2024-06-17 10:26:02,3216.0,244.86217775999998
2024-06-17 10:26:03,3217.0,244.51222131703702
2024-06-17 10:26:04,3218.0,244.1255882162963
2024-06-17 10:26:05,3219.0,243.70686304
2024-06-17 10:26:06,3220.0,243.26063037037036
2024-06-17 10:26:07,3221.0,242.79147478962963
2024-06-17 10:26:08,3222.0,242.30398087999998
2024-06-17 10:26:09,3223.0,241.8027332237037
2024-06-17 10:26:10,3224.0,241.29231640296297
2024-06-17 10:26:11,3225.0,240.777315
2024-06-17 10:26:12,3226.0,240.26231359703704
2024-06-17 10:26:13,3227.0,239.7518967762963
2024-06-17 10:26:14,3228.0,239.25064912
2024-06-17 10:26:15,3229.0,238.76315521037037
2024-06-17 10:26:16,3230.0,238.29399962962964
2024-06-17 10:26:17,3231.0,237.84776696
2024-06-17 10:26:18,3232.0,237.4290417837037
2024-06-17 10:26:19,3233.0,237.04240868296296
2024-06-17 10:26:20,3234.0,236.69245224000002
2024-06-17 10:26:21,3235.0,236.38375703703704
2024-06-17 10:26:22,3236.0,236.1209076562963
2024-06-17 10:26:23,3237.0,235.90848868
2024-06-17 10:26:24,3238.0,235.75108469037036
2024-06-17 10:26:25,3239.0,235.65328026962965
2024-06-17 10:26:26,3240.0,235.61966
2024-06-17 10:26:27,3241.0,235.63324400592595
2024-06-17 10:26:28,3242.0,235.6727611140741
2024-06-17 10:26:29,3243.0,235.73635896
2024-06-17 10:26:30,3244.0,235.82218517925926
2024-06-17 10:26:31,3245.0,235.92838740740743
2024-06-17 10:26:32,3246.0,236.05311328000002
2024-06-17 10:26:33,3247.0,236.1945104325926
2024-06-17 10:26:34,3248.0,236.35072650074076
2024-06-17 10:26:35,3249.0,236.51990912
2024-06-17 10:26:36,3250.0,236.70020592592593
2024-06-17 10:26:37,3251.0,236.88976455407408
2024-06-17 10:26:38,3252.0,237.08673264
2024-06-17 10:26:39,3253.0,237.28925781925926
2024-06-17 10:26:40,3254.0,237.4954877274074
2024-06-17 10:26:41,3255.0,237.70356999999998
2024-06-17 10:26:42,3256.0,237.9116522725926
2024-06-17 10:26:43,3257.0,238.11788218074074
2024-06-17 10:26:44,3258.0,238.32040736
2024-06-17 10:26:45,3259.0,238.51737544592592
2024-06-17 10:26:46,3260.0,238.70693407407407
2024-06-17 10:26:47,3261.0,238.88723087999998
2024-06-17 10:26:48,3262.0,239.05641349925926
2024-06-17 10:26:49,3263.0,239.2126295674074
2024-06-17 10:26:50,3264.0,239.35402671999998
2024-06-17 10:26:51,3265.0,239.47875259259257
2024-06-17 10:26:52,3266.0,239.58495482074073
2024-06-17 10:26:53,3267.0,239.67078103999998
2024-06-17 10:26:54,3268.0,239.73437888592593
2024-06-17 10:26:55,3269.0,239.77389599407405
2024-06-17 10:26:56,3270.0,239.78748
2024-06-17 10:26:57,3271.0,239.5645511085185
2024-06-17 10:26:58,3272.0,238.90557557925925
2024-06-17 10:26:59,3273.0,237.82527012999998
2024-06-17 10:27:00,3274.0,236.33835147851852
2024-06-17 10:27:01,3275.0,234.4595363425926
2024-06-17 10:27:02,3276.0,232.20354143999998
2024-06-17 10:27:03,3277.0,229.5850834885185
2024-06-17 10:27:04,3278.0,226.6188792059259
2024-06-17 10:27:05,3279.0,223.31964531
2024-06-17 10:27:06,3280.0,219.7020985185185
2024-06-17 10:27:07,3281.0,215.78095554925926
2024-06-17 10:27:08,3282.0,211.57093312
2024-06-17 10:27:09,3283.0,207.0867479485185
2024-06-17 10:27:10,3284.0,202.34311675259258
2024-06-17 10:27:11,3285.0,197.35475625
2024-06-17 10:27:12,3286.0,192.13638315851853
2024-06-17 10:27:13,3287.0,186.70271419592592
2024-06-17 10:27:14,3288.0,181.06846607999998
2024-06-17 10:27:15,3289.0,175.24835552851852
2024-06-17 10:27:16,3290.0,169.25709925925926
2024-06-17 10:27:17,3291.0,163.10941399
2024-06-17 10:27:18,3292.0,156.8200164385185
2024-06-17 10:27:19,3293.0,150.4036233225926
2024-06-17 10:27:20,3294.0,143.87495136
2024-06-17 10:27:21,3295.0,137.24871726851853
2024-06-17 10:27:22,3296.0,130.53963776592593
2024-06-17 10:27:23,3297.0,123.76242957
2024-06-17 10:27:24,3298.0,116.93180939851852
2024-06-17 10:27:25,3299.0,110.06249396925925
2024-06-17 10:27:26,3300.0,103.16920000000002
