timestamp,time_s,load_total_kw
2024-06-14 19:44:46,0.0,45.61508599999999
2024-06-14 19:44:47,1.0,45.80321023406395
2024-06-14 19:44:48,2.0,46.00632622013972
2024-06-14 19:44:49,3.0,46.22405348405315
2024-06-14 19:44:50,4.0,46.4560115516301
2024-06-14 19:44:51,5.0,46.70181994869639
2024-06-14 19:44:52,6.0,46.961098201077895
2024-06-14 19:44:53,7.0,47.23346583460045
2024-06-14 19:44:54,8.0,47.51854237508991
2024-06-14 19:44:55,9.0,47.81594734837211
2024-06-14 19:44:56,10.0,48.12530028027291
2024-06-14 19:44:57,11.0,48.44622069661816
2024-06-14 19:44:58,12.0,48.7783281232337
2024-06-14 19:44:59,13.0,49.121242085945376
2024-06-14 19:45:00,14.0,49.47458211057904
2024-06-14 19:45:01,15.0,49.83796772296055
2024-06-14 19:45:02,16.0,50.21101844891574
2024-06-14 19:45:03,17.0,50.59335381427046
2024-06-14 19:45:04,18.0,50.98459334485055
2024-06-14 19:45:05,19.0,51.384356566481884
2024-06-14 19:45:06,20.0,51.79226300499028
2024-06-14 19:45:07,21.0,52.20793218620161
2024-06-14 19:45:08,22.0,52.6309836359417
2024-06-14 19:45:09,23.0,53.061036880036426
2024-06-14 19:45:10,24.0,53.497711444311605
2024-06-14 19:45:11,25.0,53.940626854593106
2024-06-14 19:45:12,26.0,54.38940263670676
2024-06-14 19:45:13,27.0,54.84365831647844
2024-06-14 19:45:14,28.0,55.30301341973398
2024-06-14 19:45:15,29.0,55.76708747229922
2024-06-14 19:45:16,30.0,56.23550000000001
2024-06-14 19:45:17,31.0,56.734511832764454
2024-06-14 19:45:18,32.0,57.28775872181455
2024-06-14 19:45:19,33.0,57.89092257491699
2024-06-14 19:45:20,34.0,58.53968529983849
2024-06-14 19:45:21,35.0,59.22972880434574
2024-06-14 19:45:22,36.0,59.95673499620545
2024-06-14 19:45:23,37.0,60.71638578318431
2024-06-14 19:45:24,38.0,61.504363073049035
2024-06-14 19:45:25,39.0,62.316348773566325
2024-06-14 19:45:26,40.0,63.14802479250287
2024-06-14 19:45:27,41.0,63.99507303762539
2024-06-14 19:45:28,42.0,64.85317541670057
2024-06-14 19:45:29,43.0,65.71801383749512
2024-06-14 19:45:30,44.0,66.58527020777574
2024-06-14 19:45:31,45.0,67.45062643530913
2024-06-14 19:45:32,46.0,68.309764427862
2024-06-14 19:45:33,47.0,69.15836609320105
2024-06-14 19:45:34,48.0,69.99211333909297
2024-06-14 19:45:35,49.0,70.80668807330449
2024-06-14 19:45:36,50.0,71.59777220360226
2024-06-14 19:45:37,51.0,72.36104763775302
2024-06-14 19:45:38,52.0,73.09219628352349
2024-06-14 19:45:39,53.0,73.78690004868032
2024-06-14 19:45:40,54.0,74.44084084099025
2024-06-14 19:45:41,55.0,75.04970056821998
2024-06-14 19:45:42,56.0,75.60916113813617
2024-06-14 19:45:43,57.0,76.11490445850559
2024-06-14 19:45:44,58.0,76.5626124370949
2024-06-14 19:45:45,59.0,76.94796698167079
2024-06-14 19:45:46,60.0,77.26665
2024-06-14 19:45:47,61.0,77.54154761125129
2024-06-14 19:45:48,62.0,77.79918051181492
2024-06-14 19:45:49,63.0,78.04068247528978
2024-06-14 19:45:50,64.0,78.26718727527485
2024-06-14 19:45:51,65.0,78.479828685369
2024-06-14 19:45:52,66.0,78.67974047917113
2024-06-14 19:45:53,67.0,78.86805643028018
2024-06-14 19:45:54,68.0,79.04591031229506
2024-06-14 19:45:55,69.0,79.2144358988147
2024-06-14 19:45:56,70.0,79.37476696343798
2024-06-14 19:45:57,71.0,79.52803727976384
2024-06-14 19:45:58,72.0,79.67538062139118
2024-06-14 19:45:59,73.0,79.81793076191892
2024-06-14 19:46:00,74.0,79.95682147494597
2024-06-14 19:46:01,75.0,80.09318653407126
2024-06-14 19:46:02,76.0,80.2281597128937
2024-06-14 19:46:03,77.0,80.36287478501218
2024-06-14 19:46:04,78.0,80.49846552402566
2024-06-14 19:46:05,79.0,80.636065703533
2024-06-14 19:46:06,80.0,80.77680909713315
2024-06-14 19:46:07,81.0,80.92182947842504
2024-06-14 19:46:08,82.0,81.07226062100753
2024-06-14 19:46:09,83.0,81.22923629847958
2024-06-14 19:46:10,84.0,81.39389028444008
2024-06-14 19:46:11,85.0,81.56735635248798
2024-06-14 19:46:12,86.0,81.75076827622213
2024-06-14 19:46:13,87.0,81.94525982924151
2024-06-14 19:46:14,88.0,82.15196478514501
2024-06-14 19:46:15,89.0,82.37201691753152
2024-06-14 19:46:16,90.0,82.60655
2024-06-14 19:46:17,91.0,82.86984717525667
2024-06-14 19:46:18,92.0,83.1731465050102
2024-06-14 19:46:19,93.0,83.51301414136307
2024-06-14 19:46:20,94.0,83.8860162364178
2024-06-14 19:46:21,95.0,84.2887189422769
2024-06-14 19:46:22,96.0,84.71768841104289
2024-06-14 19:46:23,97.0,85.16949079481823
2024-06-14 19:46:24,98.0,85.64069224570545
2024-06-14 19:46:25,99.0,86.12785891580705
2024-06-14 19:46:26,100.0,86.62755695722556
2024-06-14 19:46:27,101.0,87.13635252206343
2024-06-14 19:46:28,102.0,87.65081176242322
2024-06-14 19:46:29,103.0,88.16750083040743
2024-06-14 19:46:30,104.0,88.68298587811853
2024-06-14 19:46:31,105.0,89.19383305765906
2024-06-14 19:46:32,106.0,89.6966085211315
2024-06-14 19:46:33,107.0,90.18787842063836
2024-06-14 19:46:34,108.0,90.66420890828215
2024-06-14 19:46:35,109.0,91.12216613616538
2024-06-14 19:46:36,110.0,91.55831625639055
2024-06-14 19:46:37,111.0,91.96922542106016
2024-06-14 19:46:38,112.0,92.35145978227672
2024-06-14 19:46:39,113.0,92.70158549214274
2024-06-14 19:46:40,114.0,93.01616870276071
2024-06-14 19:46:41,115.0,93.29177556623316
2024-06-14 19:46:42,116.0,93.52497223466257
2024-06-14 19:46:43,117.0,93.71232486015145
2024-06-14 19:46:44,118.0,93.85039959480233
2024-06-14 19:46:45,119.0,93.93576259071767
2024-06-14 19:46:46,120.0,93.96498
2024-06-14 19:46:47,121.0,93.82463431523087
2024-06-14 19:46:48,122.0,93.41567222433996
2024-06-14 19:46:49,123.0,92.75620617245187
2024-06-14 19:46:50,124.0,91.86434860469126
2024-06-14 19:46:51,125.0,90.75821196618278
2024-06-14 19:46:52,126.0,89.45590870205108
2024-06-14 19:46:53,127.0,87.97555125742079
2024-06-14 19:46:54,128.0,86.33525207741658
2024-06-14 19:46:55,129.0,84.55312360716307
2024-06-14 19:46:56,130.0,82.64727829178491
2024-06-14 19:46:57,131.0,80.63582857640677
2024-06-14 19:46:58,132.0,78.53688690615324
2024-06-14 19:46:59,133.0,76.36856572614903
2024-06-14 19:47:00,134.0,74.14897748151874
2024-06-14 19:47:01,135.0,71.89623461738704
2024-06-14 19:47:02,136.0,69.62844957887856
2024-06-14 19:47:03,137.0,67.36373481111796
2024-06-14 19:47:04,138.0,65.12020275922987
2024-06-14 19:47:05,139.0,62.915965868338944
2024-06-14 19:47:06,140.0,60.76913658356982
2024-06-14 19:47:07,141.0,58.69782735004716
2024-06-14 19:47:08,142.0,56.72015061289559
2024-06-14 19:47:09,143.0,54.85421881723977
2024-06-14 19:47:10,144.0,53.11814440820433
2024-06-14 19:47:11,145.0,51.53003983091392
2024-06-14 19:47:12,146.0,50.10801753049319
2024-06-14 19:47:13,147.0,48.87018995206679
2024-06-14 19:47:14,148.0,47.834669540759364
2024-06-14 19:47:15,149.0,47.01956874169555
2024-06-14 19:47:16,150.0,46.44299999999999
2024-06-14 19:47:17,151.0,45.99559143311925
2024-06-14 19:47:18,152.0,45.55622932442579
2024-06-14 19:47:19,153.0,45.12541336793318
2024-06-14 19:47:20,154.0,44.70364325765494
2024-06-14 19:47:21,155.0,44.29141868760458
2024-06-14 19:47:22,156.0,43.88923935179566
2024-06-14 19:47:23,157.0,43.497604944241694
2024-06-14 19:47:24,158.0,43.11701515895624
2024-06-14 19:47:25,159.0,42.747969689952825
2024-06-14 19:47:26,160.0,42.390968231244976
2024-06-14 19:47:27,161.0,42.04651047684622
2024-06-14 19:47:28,162.0,41.71509612077011
2024-06-14 19:47:29,163.0,41.397224857030174
2024-06-14 19:47:30,164.0,41.09339637963994
2024-06-14 19:47:31,165.0,40.80411038261295
2024-06-14 19:47:32,166.0,40.52986655996272
2024-06-14 19:47:33,167.0,40.271164605702815
2024-06-14 19:47:34,168.0,40.028504213846745
2024-06-14 19:47:35,169.0,39.80238507840805
2024-06-14 19:47:36,170.0,39.59330689340027
2024-06-14 19:47:37,171.0,39.40176935283692
2024-06-14 19:47:38,172.0,39.22827215073156
2024-06-14 19:47:39,173.0,39.07331498109771
2024-06-14 19:47:40,174.0,38.93739753794891
2024-06-14 19:47:41,175.0,38.82101951529869
2024-06-14 19:47:42,176.0,38.72468060716059
2024-06-14 19:47:43,177.0,38.64888050754813
2024-06-14 19:47:44,178.0,38.59411891047486
2024-06-14 19:47:45,179.0,38.5608955099543
2024-06-14 19:47:46,180.0,38.54971
2024-06-14 19:47:47,181.0,38.61041647407407
2024-06-14 19:47:48,182.0,38.78701712592593
2024-06-14 19:47:49,183.0,39.0712338
2024-06-14 19:47:50,184.0,39.454788340740734
2024-06-14 19:47:51,185.0,39.92940259259259
2024-06-14 19:47:52,186.0,40.486798400000005
2024-06-14 19:47:53,187.0,41.118697607407405
2024-06-14 19:47:54,188.0,41.81682205925926
2024-06-14 19:47:55,189.0,42.5728936
2024-06-14 19:47:56,190.0,43.37863407407408
2024-06-14 19:47:57,191.0,44.22576532592593
2024-06-14 19:47:58,192.0,45.1060092
2024-06-14 19:47:59,193.0,46.01108754074074
2024-06-14 19:48:00,194.0,46.93272219259259
2024-06-14 19:48:01,195.0,47.862635000000004
2024-06-14 19:48:02,196.0,48.79254780740741
2024-06-14 19:48:03,197.0,49.71418245925926
2024-06-14 19:48:04,198.0,50.619260800000006
2024-06-14 19:48:05,199.0,51.499504674074075
2024-06-14 19:48:06,200.0,52.34663592592592
2024-06-14 19:48:07,201.0,53.15237640000001
2024-06-14 19:48:08,202.0,53.90844794074076
2024-06-14 19:48:09,203.0,54.6065723925926
2024-06-14 19:48:10,204.0,55.23847160000001
2024-06-14 19:48:11,205.0,55.795867407407414
2024-06-14 19:48:12,206.0,56.270481659259275
2024-06-14 19:48:13,207.0,56.65403620000001
2024-06-14 19:48:14,208.0,56.93825287407409
2024-06-14 19:48:15,209.0,57.11485352592594
2024-06-14 19:48:16,210.0,57.17556000000001
2024-06-14 19:48:17,211.0,57.10844898370372
2024-06-14 19:48:18,212.0,56.91321693629631
2024-06-14 19:48:19,213.0,56.59901536000001
2024-06-14 19:48:20,214.0,56.174995757037046
2024-06-14 19:48:21,215.0,55.65030962962964
2024-06-14 19:48:22,216.0,55.03410848000001
2024-06-14 19:48:23,217.0,54.335543810370375
2024-06-14 19:48:24,218.0,53.56376712296297
2024-06-14 19:48:25,219.0,52.72792992000001
2024-06-14 19:48:26,220.0,51.837183703703715
2024-06-14 19:48:27,221.0,50.9006799762963
2024-06-14 19:48:28,222.0,49.92757024000001
2024-06-14 19:48:29,223.0,48.92700599703704
2024-06-14 19:48:30,224.0,47.908138749629636
2024-06-14 19:48:31,225.0,46.880120000000005
2024-06-14 19:48:32,226.0,45.85210125037038
2024-06-14 19:48:33,227.0,44.83323400296297
2024-06-14 19:48:34,228.0,43.83266976
2024-06-14 19:48:35,229.0,42.85956002370371
2024-06-14 19:48:36,230.0,41.923056296296295
2024-06-14 19:48:37,231.0,41.03231008
2024-06-14 19:48:38,232.0,40.19647287703704
2024-06-14 19:48:39,233.0,39.42469618962963
2024-06-14 19:48:40,234.0,38.72613152
2024-06-14 19:48:41,235.0,38.10993037037037
2024-06-14 19:48:42,236.0,37.58524424296296
2024-06-14 19:48:43,237.0,37.16122464
2024-06-14 19:48:44,238.0,36.8470230637037
2024-06-14 19:48:45,239.0,36.65179101629629
2024-06-14 19:48:46,240.0,36.58468
2024-06-14 19:48:47,241.0,36.609063496296294
2024-06-14 19:48:48,242.0,36.6799973037037
2024-06-14 19:48:49,243.0,36.7941564
2024-06-14 19:48:50,244.0,36.94821576296296
2024-06-14 19:48:51,245.0,37.13885037037037
2024-06-14 19:48:52,246.0,37.3627352
2024-06-14 19:48:53,247.0,37.61654522962963
2024-06-14 19:48:54,248.0,37.896955437037036
2024-06-14 19:48:55,249.0,38.200640799999995
2024-06-14 19:48:56,250.0,38.52427629629629
2024-06-14 19:48:57,251.0,38.8645369037037
2024-06-14 19:48:58,252.0,39.2180976
2024-06-14 19:48:59,253.0,39.58163336296296
2024-06-14 19:49:00,254.0,39.95181917037038
2024-06-14 19:49:01,255.0,40.32533
2024-06-14 19:49:02,256.0,40.69884082962963
2024-06-14 19:49:03,257.0,41.06902663703704
2024-06-14 19:49:04,258.0,41.4325624
2024-06-14 19:49:05,259.0,41.7861230962963
2024-06-14 19:49:06,260.0,42.1263837037037
2024-06-14 19:49:07,261.0,42.45001920000001
2024-06-14 19:49:08,262.0,42.753704562962966
2024-06-14 19:49:09,263.0,43.03411477037037
2024-06-14 19:49:10,264.0,43.287924800000006
2024-06-14 19:49:11,265.0,43.51180962962964
2024-06-14 19:49:12,266.0,43.70244423703704
2024-06-14 19:49:13,267.0,43.8565036
2024-06-14 19:49:14,268.0,43.9706626962963
2024-06-14 19:49:15,269.0,44.04159650370371
2024-06-14 19:49:16,270.0,44.06598
2024-06-14 19:49:17,271.0,44.061673059036444
2024-06-14 19:49:18,272.0,44.04895280884572
2024-06-14 19:49:19,273.0,44.02812010847777
2024-06-14 19:49:20,274.0,43.999475816982525
2024-06-14 19:49:21,275.0,43.9633207934099
2024-06-14 19:49:22,276.0,43.919955896809846
2024-06-14 19:49:23,277.0,43.86968198623229
2024-06-14 19:49:24,278.0,43.81279992072715
2024-06-14 19:49:25,279.0,43.74961055934438
2024-06-14 19:49:26,280.0,43.6804147611339
2024-06-14 19:49:27,281.0,43.605513385145635
2024-06-14 19:49:28,282.0,43.52520729042953
2024-06-14 19:49:29,283.0,43.43979733603551
2024-06-14 19:49:30,284.0,43.34958438101351
2024-06-14 19:49:31,285.0,43.254869284413445
2024-06-14 19:49:32,286.0,43.155952905285275
2024-06-14 19:49:33,287.0,43.05313610267891
2024-06-14 19:49:34,288.0,42.946719735644294
2024-06-14 19:49:35,289.0,42.83700466323135
2024-06-14 19:49:36,290.0,42.72429174449002
2024-06-14 19:49:37,291.0,42.60888183847022
2024-06-14 19:49:38,292.0,42.49107580422189
2024-06-14 19:49:39,293.0,42.371174500794965
2024-06-14 19:49:40,294.0,42.249478787239376
2024-06-14 19:49:41,295.0,42.12628952260505
2024-06-14 19:49:42,296.0,42.00190756594192
2024-06-14 19:49:43,297.0,41.876633776299926
2024-06-14 19:49:44,298.0,41.75076901272899
2024-06-14 19:49:45,299.0,41.624614134279035
2024-06-14 19:49:46,300.0,41.49847000000001
2024-06-14 19:49:47,301.0,41.35791194677164
2024-06-14 19:49:48,302.0,41.18979797002603
2024-06-14 19:49:49,303.0,40.99635291664173
2024-06-14 19:49:50,304.0,40.779801633497264
2024-06-14 19:49:51,305.0,40.54236896747118
2024-06-14 19:49:52,306.0,40.28627976544199
2024-06-14 19:49:53,307.0,40.01375887428825
2024-06-14 19:49:54,308.0,39.72703114088848
2024-06-14 19:49:55,309.0,39.42832141212121
2024-06-14 19:49:56,310.0,39.11985453486498
2024-06-14 19:49:57,311.0,38.803855355998316
2024-06-14 19:49:58,312.0,38.48254872239977
2024-06-14 19:49:59,313.0,38.15815948094786
2024-06-14 19:50:00,314.0,37.832912478521116
2024-06-14 19:50:01,315.0,37.50903256199808
2024-06-14 19:50:02,316.0,37.18874457825729
2024-06-14 19:50:03,317.0,36.87427337417727
2024-06-14 19:50:04,318.0,36.56784379663656
2024-06-14 19:50:05,319.0,36.271680692513684
2024-06-14 19:50:06,320.0,35.98800890868718
2024-06-14 19:50:07,321.0,35.71905329203558
2024-06-14 19:50:08,322.0,35.467038689437416
2024-06-14 19:50:09,323.0,35.23418994777124
2024-06-14 19:50:10,324.0,35.022731913915564
2024-06-14 19:50:11,325.0,34.83488943474892
2024-06-14 19:50:12,326.0,34.67288735714986
2024-06-14 19:50:13,327.0,34.538950527996896
2024-06-14 19:50:14,328.0,34.43530379416859
2024-06-14 19:50:15,329.0,34.36417200254344
2024-06-14 19:50:16,330.0,34.327780000000004
2024-06-14 19:50:17,331.0,34.309768648049754
2024-06-14 19:50:18,332.0,34.292298807356076
2024-06-14 19:50:19,333.0,34.27537532352534
2024-06-14 19:50:20,334.0,34.25900304216393
2024-06-14 19:50:21,335.0,34.24318680887822
2024-06-14 19:50:22,336.0,34.22793146927461
2024-06-14 19:50:23,337.0,34.21324186895946
2024-06-14 19:50:24,338.0,34.199122853539144
2024-06-14 19:50:25,339.0,34.18557926862006
2024-06-14 19:50:26,340.0,34.17261595980857
2024-06-14 19:50:27,341.0,34.16023777271107
2024-06-14 19:50:28,342.0,34.14844955293393
2024-06-14 19:50:29,343.0,34.13725614608352
2024-06-14 19:50:30,344.0,34.12666239776625
2024-06-14 19:50:31,345.0,34.11667315358848
2024-06-14 19:50:32,346.0,34.10729325915658
2024-06-14 19:50:33,347.0,34.098527560076946
2024-06-14 19:50:34,348.0,34.090380901955946
2024-06-14 19:50:35,349.0,34.08285813039997
2024-06-14 19:50:36,350.0,34.075964091015386
2024-06-14 19:50:37,351.0,34.069703629408586
2024-06-14 19:50:38,352.0,34.064081591185946
2024-06-14 19:50:39,353.0,34.05910282195384
2024-06-14 19:50:40,354.0,34.054772167318646
2024-06-14 19:50:41,355.0,34.05109447288675
2024-06-14 19:50:42,356.0,34.04807458426453
2024-06-14 19:50:43,357.0,34.045717347058364
2024-06-14 19:50:44,358.0,34.044027606874636
2024-06-14 19:50:45,359.0,34.04301020931972
2024-06-14 19:50:46,360.0,34.042669999999994
2024-06-14 19:50:47,361.0,34.04325454018149
2024-06-14 19:50:48,362.0,34.044969361313996
2024-06-14 19:50:49,363.0,34.04775626427948
2024-06-14 19:50:50,364.0,34.05155704995993
2024-06-14 19:50:51,365.0,34.05631351923735
2024-06-14 19:50:52,366.0,34.06196747299372
2024-06-14 19:50:53,367.0,34.068460712111026
2024-06-14 19:50:54,368.0,34.075735037471254
2024-06-14 19:50:55,369.0,34.08373224995639
2024-06-14 19:50:56,370.0,34.09239415044844
2024-06-14 19:50:57,371.0,34.10166253982937
2024-06-14 19:50:58,372.0,34.11147921898118
2024-06-14 19:50:59,373.0,34.12178598878585
2024-06-14 19:51:00,374.0,34.132524650125376
2024-06-14 19:51:01,375.0,34.14363700388174
2024-06-14 19:51:02,376.0,34.155064850936945
2024-06-14 19:51:03,377.0,34.16674999217295
2024-06-14 19:51:04,378.0,34.17863422847177
2024-06-14 19:51:05,379.0,34.19065936071538
2024-06-14 19:51:06,380.0,34.20276718978577
2024-06-14 19:51:07,381.0,34.214899516564934
2024-06-14 19:51:08,382.0,34.22699814193485
2024-06-14 19:51:09,383.0,34.23900486677751
2024-06-14 19:51:10,384.0,34.25086149197491
2024-06-14 19:51:11,385.0,34.26250981840903
2024-06-14 19:51:12,386.0,34.27389164696185
2024-06-14 19:51:13,387.0,34.28494877851537
2024-06-14 19:51:14,388.0,34.29562301395158
2024-06-14 19:51:15,389.0,34.30585615415246
2024-06-14 19:51:16,390.0,34.31559
2024-06-14 19:51:17,391.0,34.32492739564495
2024-06-14 19:51:18,392.0,34.33402938925065
2024-06-14 19:51:19,393.0,34.342925087718044
2024-06-14 19:51:20,394.0,34.351643597948026
2024-06-14 19:51:21,395.0,34.360214026841525
2024-06-14 19:51:22,396.0,34.368665481299445
2024-06-14 19:51:23,397.0,34.37702706822272
2024-06-14 19:51:24,398.0,34.38532789451225
2024-06-14 19:51:25,399.0,34.39359706706897
2024-06-14 19:51:26,400.0,34.40186369279376
2024-06-14 19:51:27,401.0,34.41015687858757
2024-06-14 19:51:28,402.0,34.41850573135131
2024-06-14 19:51:29,403.0,34.42693935798589
2024-06-14 19:51:30,404.0,34.43548686539222
2024-06-14 19:51:31,405.0,34.44417736047123
2024-06-14 19:51:32,406.0,34.453039950123824
2024-06-14 19:51:33,407.0,34.462103741250914
2024-06-14 19:51:34,408.0,34.47139784075345
2024-06-14 19:51:35,409.0,34.4809513555323
2024-06-14 19:51:36,410.0,34.49079339248841
2024-06-14 19:51:37,411.0,34.50095305852269
2024-06-14 19:51:38,412.0,34.51145946053606
2024-06-14 19:51:39,413.0,34.522341705429426
2024-06-14 19:51:40,414.0,34.533628900103714
2024-06-14 19:51:41,415.0,34.54535015145984
2024-06-14 19:51:42,416.0,34.5575345663987
2024-06-14 19:51:43,417.0,34.57021125182124
2024-06-14 19:51:44,418.0,34.583409314628355
2024-06-14 19:51:45,419.0,34.597157861720966
2024-06-14 19:51:46,420.0,34.61148599999999
2024-06-14 19:51:47,421.0,34.62792144639381
2024-06-14 19:51:48,422.0,34.64778600376133
2024-06-14 19:51:49,423.0,34.670799907899266
2024-06-14 19:51:50,424.0,34.6966833946043
2024-06-14 19:51:51,425.0,34.725156699673164
2024-06-14 19:51:52,426.0,34.75594005890254
2024-06-14 19:51:53,427.0,34.78875370808915
2024-06-14 19:51:54,428.0,34.8233178830297
2024-06-14 19:51:55,429.0,34.8593528195209
2024-06-14 19:51:56,430.0,34.89657875335942
2024-06-14 19:51:57,431.0,34.934715920342015
2024-06-14 19:51:58,432.0,34.97348455626536
2024-06-14 19:51:59,433.0,35.01260489692618
2024-06-14 19:52:00,434.0,35.051797178121156
2024-06-14 19:52:01,435.0,35.09078163564702
2024-06-14 19:52:02,436.0,35.129278505300455
2024-06-14 19:52:03,437.0,35.16700802287819
2024-06-14 19:52:04,438.0,35.203690424176905
2024-06-14 19:52:05,439.0,35.23904594499333
2024-06-14 19:52:06,440.0,35.272794821124165
2024-06-14 19:52:07,441.0,35.3046572883661
2024-06-14 19:52:08,442.0,35.33435358251585
2024-06-14 19:52:09,443.0,35.36160393937013
2024-06-14 19:52:10,444.0,35.38612859472563
2024-06-14 19:52:11,445.0,35.40764778437908
2024-06-14 19:52:12,446.0,35.42588174412715
2024-06-14 19:52:13,447.0,35.44055070976658
2024-06-14 19:52:14,448.0,35.451374917094064
2024-06-14 19:52:15,449.0,35.4580746019063
2024-06-14 19:52:16,450.0,35.46037
2024-06-14 19:52:17,451.0,35.45941405925926
2024-06-14 19:52:18,452.0,35.456633140740735
2024-06-14 19:52:19,453.0,35.45215759999999
2024-06-14 19:52:20,454.0,35.446117792592595
2024-06-14 19:52:21,455.0,35.43864407407407
2024-06-14 19:52:22,456.0,35.4298668
2024-06-14 19:52:23,457.0,35.419916325925925
2024-06-14 19:52:24,458.0,35.4089230074074
2024-06-14 19:52:25,459.0,35.39701719999999
2024-06-14 19:52:26,460.0,35.38432925925926
2024-06-14 19:52:27,461.0,35.37098954074074
2024-06-14 19:52:28,462.0,35.35712839999999
2024-06-14 19:52:29,463.0,35.34287619259259
2024-06-14 19:52:30,464.0,35.32836327407407
2024-06-14 19:52:31,465.0,35.31371999999999
2024-06-14 19:52:32,466.0,35.29907672592592
2024-06-14 19:52:33,467.0,35.2845638074074
2024-06-14 19:52:34,468.0,35.2703116
2024-06-14 19:52:35,469.0,35.256450459259256
2024-06-14 19:52:36,470.0,35.24311074074074
2024-06-14 19:52:37,471.0,35.2304228
2024-06-14 19:52:38,472.0,35.21851699259259
2024-06-14 19:52:39,473.0,35.20752367407407
2024-06-14 19:52:40,474.0,35.197573199999994
2024-06-14 19:52:41,475.0,35.18879592592592
2024-06-14 19:52:42,476.0,35.181322207407405
2024-06-14 19:52:43,477.0,35.17528239999999
2024-06-14 19:52:44,478.0,35.17080685925926
2024-06-14 19:52:45,479.0,35.16802594074073
2024-06-14 19:52:46,480.0,35.167069999999995
2024-06-14 19:52:47,481.0,35.18392957831049
2024-06-14 19:52:48,482.0,35.23304822887733
2024-06-14 19:52:49,483.0,35.3122358251535
2024-06-14 19:52:50,484.0,35.419302240592
2024-06-14 19:52:51,485.0,35.55205734864584
2024-06-14 19:52:52,486.0,35.708311022768015
2024-06-14 19:52:53,487.0,35.88587313641152
2024-06-14 19:52:54,488.0,36.08255356302936
2024-06-14 19:52:55,489.0,36.296162176074525
2024-06-14 19:52:56,490.0,36.52450884900003
2024-06-14 19:52:57,491.0,36.76540345525887
2024-06-14 19:52:58,492.0,37.016655868304035
2024-06-14 19:52:59,493.0,37.27607596158854
2024-06-14 19:53:00,494.0,37.54147360856538
2024-06-14 19:53:01,495.0,37.81065868268755
2024-06-14 19:53:02,496.0,38.08144105740806
2024-06-14 19:53:03,497.0,38.351630606179896
2024-06-14 19:53:04,498.0,38.61903720245606
2024-06-14 19:53:05,499.0,38.88147071968956
2024-06-14 19:53:06,500.0,39.13674103133339
2024-06-14 19:53:07,501.0,39.38265801084056
2024-06-14 19:53:08,502.0,39.61703153166406
2024-06-14 19:53:09,503.0,39.8376714672569
2024-06-14 19:53:10,504.0,40.04238769107206
2024-06-14 19:53:11,505.0,40.22899007656255
2024-06-14 19:53:12,506.0,40.395288497181376
2024-06-14 19:53:13,507.0,40.539092826381534
2024-06-14 19:53:14,508.0,40.65821293761603
2024-06-14 19:53:15,509.0,40.750458704337845
2024-06-14 19:53:16,510.0,40.81364
2024-06-14 19:53:17,511.0,40.85950630514353
2024-06-14 19:53:18,512.0,40.90145622697106
2024-06-14 19:53:19,513.0,40.93977332892793
2024-06-14 19:53:20,514.0,40.974741174459524
2024-06-14 19:53:21,515.0,41.006643327011176
2024-06-14 19:53:22,516.0,41.03576335002826
2024-06-14 19:53:23,517.0,41.06238480695614
2024-06-14 19:53:24,518.0,41.086791261240165
2024-06-14 19:53:25,519.0,41.10926627632569
2024-06-14 19:53:26,520.0,41.13009341565809
2024-06-14 19:53:27,521.0,41.149556242682706
2024-06-14 19:53:28,522.0,41.167938320844904
2024-06-14 19:53:29,523.0,41.18552321359004
2024-06-14 19:53:30,524.0,41.20259448436347
2024-06-14 19:53:31,525.0,41.219435696610574
2024-06-14 19:53:32,526.0,41.236330413776685
2024-06-14 19:53:33,527.0,41.253562199307176
2024-06-14 19:53:34,528.0,41.271414616647405
2024-06-14 19:53:35,529.0,41.29017122924272
2024-06-14 19:53:36,530.0,41.310115600538495
2024-06-14 19:53:37,531.0,41.33153129398006
2024-06-14 19:53:38,532.0,41.354701873012814
2024-06-14 19:53:39,533.0,41.3799109010821
2024-06-14 19:53:40,534.0,41.40744194163327
2024-06-14 19:53:41,535.0,41.43757855811168
2024-06-14 19:53:42,536.0,41.4706043139627
2024-06-14 19:53:43,537.0,41.50680277263168
2024-06-14 19:53:44,538.0,41.546457497563985
2024-06-14 19:53:45,539.0,41.58985205220497
2024-06-14 19:53:46,540.0,41.637269999999994
2024-06-14 19:53:47,541.0,41.70800313417277
2024-06-14 19:53:48,542.0,41.81916210959607
2024-06-14 19:53:49,543.0,41.96775878218881
2024-06-14 19:53:50,544.0,42.15080500786992
2024-06-14 19:53:51,545.0,42.365312642558315
2024-06-14 19:53:52,546.0,42.608293542172945
2024-06-14 19:53:53,547.0,42.87675956263272
2024-06-14 19:53:54,548.0,43.16772255985658
2024-06-14 19:53:55,549.0,43.47819438976342
2024-06-14 19:53:56,550.0,43.805186908272205
2024-06-14 19:53:57,551.0,44.14571197130184
2024-06-14 19:53:58,552.0,44.496781434771265
2024-06-14 19:53:59,553.0,44.8554071545994
2024-06-14 19:54:00,554.0,45.21860098670516
2024-06-14 19:54:01,555.0,45.58337478700749
2024-06-14 19:54:02,556.0,45.9467404114253
2024-06-14 19:54:03,557.0,46.30570971587754
2024-06-14 19:54:04,558.0,46.65729455628311
2024-06-14 19:54:05,559.0,46.99850678856096
2024-06-14 19:54:06,560.0,47.326358268629996
2024-06-14 19:54:07,561.0,47.637860852409155
2024-06-14 19:54:08,562.0,47.93002639581737
2024-06-14 19:54:09,563.0,48.199866754773545
2024-06-14 19:54:10,564.0,48.44439378519664
2024-06-14 19:54:11,565.0,48.66061934300555
2024-06-14 19:54:12,566.0,48.84555528411923
2024-06-14 19:54:13,567.0,48.99621346445658
2024-06-14 19:54:14,568.0,49.10960573993654
2024-06-14 19:54:15,569.0,49.18274396647804
2024-06-14 19:54:16,570.0,49.21264
2024-06-14 19:54:17,571.0,49.219802778114655
2024-06-14 19:54:18,572.0,49.226732861402304
2024-06-14 19:54:19,573.0,49.233429540233956
2024-06-14 19:54:20,574.0,49.23989210498062
2024-06-14 19:54:21,575.0,49.24611984601331
2024-06-14 19:54:22,576.0,49.25211205370304
2024-06-14 19:54:23,577.0,49.257868018420815
2024-06-14 19:54:24,578.0,49.263387030537665
2024-06-14 19:54:25,579.0,49.26866838042458
2024-06-14 19:54:26,580.0,49.2737113584526
2024-06-14 19:54:27,581.0,49.2785152549927
2024-06-14 19:54:28,582.0,49.28307936041592
2024-06-14 19:54:29,583.0,49.28740296509326
2024-06-14 19:54:30,584.0,49.29148535939575
2024-06-14 19:54:31,585.0,49.29532583369438
2024-06-14 19:54:32,586.0,49.29892367836017
2024-06-14 19:54:33,587.0,49.30227818376413
2024-06-14 19:54:34,588.0,49.305388640277286
2024-06-14 19:54:35,589.0,49.308254338270636
2024-06-14 19:54:36,590.0,49.31087456811518
2024-06-14 19:54:37,591.0,49.31324862018197
2024-06-14 19:54:38,592.0,49.31537578484199
2024-06-14 19:54:39,593.0,49.31725535246625
2024-06-14 19:54:40,594.0,49.31888661342577
2024-06-14 19:54:41,595.0,49.32026885809156
2024-06-14 19:54:42,596.0,49.321401376834636
2024-06-14 19:54:43,597.0,49.322283460026
2024-06-14 19:54:44,598.0,49.32291439803668
2024-06-14 19:54:45,599.0,49.32329348123768
2024-06-14 19:54:46,600.0,49.323420000000006
2024-06-14 19:54:47,601.0,49.29843794074074
2024-06-14 19:54:48,602.0,49.22576285925927
2024-06-14 19:54:49,603.0,49.108801400000004
2024-06-14 19:54:50,604.0,48.95096020740741
2024-06-14 19:54:51,605.0,48.75564592592593
2024-06-14 19:54:52,606.0,48.526265200000005
2024-06-14 19:54:53,607.0,48.26622467407408
2024-06-14 19:54:54,608.0,47.978930992592595
2024-06-14 19:54:55,609.0,47.6677908
2024-06-14 19:54:56,610.0,47.33621074074074
2024-06-14 19:54:57,611.0,46.98759745925926
2024-06-14 19:54:58,612.0,46.6253576
2024-06-14 19:54:59,613.0,46.252897807407415
2024-06-14 19:55:00,614.0,45.87362472592593
2024-06-14 19:55:01,615.0,45.490944999999996
2024-06-14 19:55:02,616.0,45.10826527407407
2024-06-14 19:55:03,617.0,44.728992192592585
2024-06-14 19:55:04,618.0,44.3565324
2024-06-14 19:55:05,619.0,43.99429254074074
2024-06-14 19:55:06,620.0,43.64567925925925
2024-06-14 19:55:07,621.0,43.3140992
2024-06-14 19:55:08,622.0,43.002959007407405
2024-06-14 19:55:09,623.0,42.715665325925926
2024-06-14 19:55:10,624.0,42.455624799999995
2024-06-14 19:55:11,625.0,42.22624407407407
2024-06-14 19:55:12,626.0,42.03092979259259
2024-06-14 19:55:13,627.0,41.873088599999996
2024-06-14 19:55:14,628.0,41.75612714074074
2024-06-14 19:55:15,629.0,41.68345205925925
2024-06-14 19:55:16,630.0,41.658469999999994
2024-06-14 19:55:17,631.0,41.66023044977777
2024-06-14 19:55:18,632.0,41.665351758222215
2024-06-14 19:55:19,633.0,41.67359386399999
2024-06-14 19:55:20,634.0,41.684716705777774
2024-06-14 19:55:21,635.0,41.698480222222216
2024-06-14 19:55:22,636.0,41.71464435199999
2024-06-14 19:55:23,637.0,41.73296903377777
2024-06-14 19:55:24,638.0,41.75321420622222
2024-06-14 19:55:25,639.0,41.77513980799999
2024-06-14 19:55:26,640.0,41.79850577777777
2024-06-14 19:55:27,641.0,41.823072054222216
2024-06-14 19:55:28,642.0,41.84859857599999
2024-06-14 19:55:29,643.0,41.874845281777766
2024-06-14 19:55:30,644.0,41.90157211022222
2024-06-14 19:55:31,645.0,41.92853899999999
2024-06-14 19:55:32,646.0,41.955505889777776
2024-06-14 19:55:33,647.0,41.982232718222214
2024-06-14 19:55:34,648.0,42.008479423999994
2024-06-14 19:55:35,649.0,42.03400594577777
2024-06-14 19:55:36,650.0,42.05857222222221
2024-06-14 19:55:37,651.0,42.081938191999996
2024-06-14 19:55:38,652.0,42.10386379377777
2024-06-14 19:55:39,653.0,42.12410896622221
2024-06-14 19:55:40,654.0,42.142433647999994
2024-06-14 19:55:41,655.0,42.15859777777777
2024-06-14 19:55:42,656.0,42.17236129422222
2024-06-14 19:55:43,657.0,42.18348413599999
2024-06-14 19:55:44,658.0,42.19172624177777
2024-06-14 19:55:45,659.0,42.196847550222216
2024-06-14 19:55:46,660.0,42.19860799999999
2024-06-14 19:55:47,661.0,42.17584204566974
2024-06-14 19:55:48,662.0,42.10954507783565
2024-06-14 19:55:49,663.0,42.00271843923271
2024-06-14 19:55:50,664.0,41.85836347259592
2024-06-14 19:55:51,665.0,41.67948152066026
2024-06-14 19:55:52,666.0,41.46907392616075
2024-06-14 19:55:53,667.0,41.23014203183237
2024-06-14 19:55:54,668.0,40.965687180410114
2024-06-14 19:55:55,669.0,40.678710714628984
2024-06-14 19:55:56,670.0,40.37221397722397
2024-06-14 19:55:57,671.0,40.04919831093007
2024-06-14 19:55:58,672.0,39.71266505848227
2024-06-14 19:55:59,673.0,39.36561556261558
2024-06-14 19:56:00,674.0,39.01105116606497
2024-06-14 19:56:01,675.0,38.65197321156546
2024-06-14 19:56:02,676.0,38.291383041852036
2024-06-14 19:56:03,677.0,37.932281999659686
2024-06-14 19:56:04,678.0,37.577671427723416
2024-06-14 19:56:05,679.0,37.23055266877821
2024-06-14 19:56:06,680.0,36.89392706555907
2024-06-14 19:56:07,681.0,36.57079596080099
2024-06-14 19:56:08,682.0,36.26416069723896
2024-06-14 19:56:09,683.0,35.97702261760798
2024-06-14 19:56:10,684.0,35.71238306464304
2024-06-14 19:56:11,685.0,35.473243381079136
2024-06-14 19:56:12,686.0,35.262604909651266
2024-06-14 19:56:13,687.0,35.08346899309443
2024-06-14 19:56:14,688.0,34.938836974143605
2024-06-14 19:56:15,689.0,34.8317101955338
2024-06-14 19:56:16,690.0,34.76509000000001
2024-06-14 19:56:17,691.0,34.72025615350326
2024-06-14 19:56:18,692.0,34.67650784481937
2024-06-14 19:56:19,693.0,34.633875550905586
2024-06-14 19:56:20,694.0,34.59238974871912
2024-06-14 19:56:21,695.0,34.552080915217175
2024-06-14 19:56:22,696.0,34.51297952735697
2024-06-14 19:56:23,697.0,34.475116062095736
2024-06-14 19:56:24,698.0,34.43852099639068
2024-06-14 19:56:25,699.0,34.403224807199024
2024-06-14 19:56:26,700.0,34.36925797147797
2024-06-14 19:56:27,701.0,34.33665096618476
2024-06-14 19:56:28,702.0,34.30543426827659
2024-06-14 19:56:29,703.0,34.27563835471069
2024-06-14 19:56:30,704.0,34.24729370244427
2024-06-14 19:56:31,705.0,34.22043078843454
2024-06-14 19:56:32,706.0,34.195080089638736
2024-06-14 19:56:33,707.0,34.17127208301407
2024-06-14 19:56:34,708.0,34.14903724551773
2024-06-14 19:56:35,709.0,34.12840605410697
2024-06-14 19:56:36,710.0,34.109408985738995
2024-06-14 19:56:37,711.0,34.09207651737102
2024-06-14 19:56:38,712.0,34.07643912596025
2024-06-14 19:56:39,713.0,34.062527288463926
2024-06-14 19:56:40,714.0,34.05037148183925
2024-06-14 19:56:41,715.0,34.040002183043434
2024-06-14 19:56:42,716.0,34.031449869033715
2024-06-14 19:56:43,717.0,34.02474501676729
2024-06-14 19:56:44,718.0,34.019918103201384
2024-06-14 19:56:45,719.0,34.01699960529322
2024-06-14 19:56:46,720.0,34.016020000000005
2024-06-14 19:56:47,721.0,34.02019469519715
2024-06-14 19:56:48,722.0,34.03233958145105
2024-06-14 19:56:49,723.0,34.051885859755394
2024-06-14 19:56:50,724.0,34.07826473110387
2024-06-14 19:56:51,725.0,34.11090739649019
2024-06-14 19:56:52,726.0,34.14924505690804
2024-06-14 19:56:53,727.0,34.19270891335111
2024-06-14 19:56:54,728.0,34.24073016681311
2024-06-14 19:56:55,729.0,34.29274001828771
2024-06-14 19:56:56,730.0,34.34816966876862
2024-06-14 19:56:57,731.0,34.40645031924952
2024-06-14 19:56:58,732.0,34.46701317072412
2024-06-14 19:56:59,733.0,34.52928942418611
2024-06-14 19:57:00,734.0,34.592710280629184
2024-06-14 19:57:01,735.0,34.656706941047034
2024-06-14 19:57:02,736.0,34.72071060643335
2024-06-14 19:57:03,737.0,34.78415247778184
2024-06-14 19:57:04,738.0,34.84646375608618
2024-06-14 19:57:05,739.0,34.90707564234008
2024-06-14 19:57:06,740.0,34.96541933753722
2024-06-14 19:57:07,741.0,35.02092604267131
2024-06-14 19:57:08,742.0,35.07302695873603
2024-06-14 19:57:09,743.0,35.12115328672508
2024-06-14 19:57:10,744.0,35.16473622763216
2024-06-14 19:57:11,745.0,35.20320698245095
2024-06-14 19:57:12,746.0,35.23599675217516
2024-06-14 19:57:13,747.0,35.26253673779848
2024-06-14 19:57:14,748.0,35.28225814031459
2024-06-14 19:57:15,749.0,35.2945921607172
2024-06-14 19:57:16,750.0,35.29897
2024-06-14 19:57:17,751.0,35.299169887582806
2024-06-14 19:57:18,752.0,35.29935018568697
2024-06-14 19:57:19,753.0,35.29951229450849
2024-06-14 19:57:20,754.0,35.29965761424335
2024-06-14 19:57:21,755.0,35.29978754508755
2024-06-14 19:57:22,756.0,35.29990348723706
2024-06-14 19:57:23,757.0,35.300006840887896
2024-06-14 19:57:24,758.0,35.30009900623604
2024-06-14 19:57:25,759.0,35.30018138347748
2024-06-14 19:57:26,760.0,35.30025537280821
2024-06-14 19:57:27,761.0,35.30032237442422
2024-06-14 19:57:28,762.0,35.3003837885215
2024-06-14 19:57:29,763.0,35.300441015296045
2024-06-14 19:57:30,764.0,35.30049545494384
2024-06-14 19:57:31,765.0,35.300548507660885
2024-06-14 19:57:32,766.0,35.30060157364317
2024-06-14 19:57:33,767.0,35.30065605308667
2024-06-14 19:57:34,768.0,35.30071334618741
2024-06-14 19:57:35,769.0,35.30077485314134
2024-06-14 19:57:36,770.0,35.30084197414448
2024-06-14 19:57:37,771.0,35.30091610939281
2024-06-14 19:57:38,772.0,35.300998659082325
2024-06-14 19:57:39,773.0,35.301091023409015
2024-06-14 19:57:40,774.0,35.30119460256888
2024-06-14 19:57:41,775.0,35.30131079675788
2024-06-14 19:57:42,776.0,35.30144100617205
2024-06-14 19:57:43,777.0,35.301586631007346
2024-06-14 19:57:44,778.0,35.30174907145978
2024-06-14 19:57:45,779.0,35.30192972772533
2024-06-14 19:57:46,780.0,35.30213
2024-06-14 19:57:47,781.0,35.320449431892335
2024-06-14 19:57:48,782.0,35.373340052274365
2024-06-14 19:57:49,783.0,35.45833198923727
2024-06-14 19:57:50,784.0,35.57295537087223
2024-06-14 19:57:51,785.0,35.714740325270434
2024-06-14 19:57:52,786.0,35.881216980523085
2024-06-14 19:57:53,787.0,36.06991546472135
2024-06-14 19:57:54,788.0,36.27836590595642
2024-06-14 19:57:55,789.0,36.50409843231948
2024-06-14 19:57:56,790.0,36.744643171901714
2024-06-14 19:57:57,791.0,36.99753025279431
2024-06-14 19:57:58,792.0,37.26028980308847
2024-06-14 19:57:59,793.0,37.53045195087535
2024-06-14 19:58:00,794.0,37.805546824246164
2024-06-14 19:58:01,795.0,38.083104551292074
2024-06-14 19:58:02,796.0,38.36065526010429
2024-06-14 19:58:03,797.0,38.63572907877396
2024-06-14 19:58:04,798.0,38.90585613539232
2024-06-14 19:58:05,799.0,39.168566558050514
2024-06-14 19:58:06,800.0,39.421390474839754
2024-06-14 19:58:07,801.0,39.66185801385121
2024-06-14 19:58:08,802.0,39.887499303176085
2024-06-14 19:58:09,803.0,40.09584447090555
2024-06-14 19:58:10,804.0,40.28442364513077
2024-06-14 19:58:11,805.0,40.450766953942974
2024-06-14 19:58:12,806.0,40.59240452543334
2024-06-14 19:58:13,807.0,40.706866487693034
2024-06-14 19:58:14,808.0,40.79168296881326
2024-06-14 19:58:15,809.0,40.844384096885186
2024-06-14 19:58:16,810.0,40.862500000000004
2024-06-14 19:58:17,811.0,40.847270233553765
2024-06-14 19:58:18,812.0,40.802872143380036
2024-06-14 19:58:19,813.0,40.731242543226315
2024-06-14 19:58:20,814.0,40.63431824684011
2024-06-14 19:58:21,815.0,40.51403606796891
2024-06-14 19:58:22,816.0,40.372332820360214
2024-06-14 19:58:23,817.0,40.21114531776153
2024-06-14 19:58:24,818.0,40.03241037392034
2024-06-14 19:58:25,819.0,39.838064802584164
2024-06-14 19:58:26,820.0,39.63004541750048
2024-06-14 19:58:27,821.0,39.410289032416806
2024-06-14 19:58:28,822.0,39.18073246108063
2024-06-14 19:58:29,823.0,38.94331251723944
2024-06-14 19:58:30,824.0,38.69996601464076
2024-06-14 19:58:31,825.0,38.452629767032064
2024-06-14 19:58:32,826.0,38.20324058816087
2024-06-14 19:58:33,827.0,37.953735291774656
2024-06-14 19:58:34,828.0,37.70605069162094
2024-06-14 19:58:35,829.0,37.46212360144721
2024-06-14 19:58:36,830.0,37.223890835000965
2024-06-14 19:58:37,831.0,36.99328920602971
2024-06-14 19:58:38,832.0,36.77225552828094
2024-06-14 19:58:39,833.0,36.56272661550214
2024-06-14 19:58:40,834.0,36.36663928144084
2024-06-14 19:58:41,835.0,36.185930339844504
2024-06-14 19:58:42,836.0,36.022536604460655
2024-06-14 19:58:43,837.0,35.878394889036784
2024-06-14 19:58:44,838.0,35.75544200732038
2024-06-14 19:58:45,839.0,35.65561477305896
2024-06-14 19:58:46,840.0,35.580850000000005
2024-06-14 19:58:47,841.0,35.5196502313855
2024-06-14 19:58:48,842.0,35.459284828235184
2024-06-14 19:58:49,843.0,35.39984083096323
2024-06-14 19:58:50,844.0,35.3414052799838
2024-06-14 19:58:51,845.0,35.28406521571106
2024-06-14 19:58:52,846.0,35.22790767855917
2024-06-14 19:58:53,847.0,35.17301970894231
2024-06-14 19:58:54,848.0,35.119488347274626
2024-06-14 19:58:55,849.0,35.0674006339703
2024-06-14 19:58:56,850.0,35.01684360944349
2024-06-14 19:58:57,851.0,34.96790431410836
2024-06-14 19:58:58,852.0,34.920669788379065
2024-06-14 19:58:59,853.0,34.875227072669794
2024-06-14 19:59:00,854.0,34.83166320739469
2024-06-14 19:59:01,855.0,34.79006523296795
2024-06-14 19:59:02,856.0,34.750520189803694
2024-06-14 19:59:03,857.0,34.71311511831612
2024-06-14 19:59:04,858.0,34.677937058919376
2024-06-14 19:59:05,859.0,34.64507305202765
2024-06-14 19:59:06,860.0,34.61461013805508
2024-06-14 19:59:07,861.0,34.58663535741585
2024-06-14 19:59:08,862.0,34.561235750524105
2024-06-14 19:59:09,863.0,34.53849835779404
2024-06-14 19:59:10,864.0,34.51851021963979
2024-06-14 19:59:11,865.0,34.50135837647555
2024-06-14 19:59:12,866.0,34.487129868715456
2024-06-14 19:59:13,867.0,34.475911736773696
2024-06-14 19:59:14,868.0,34.46779102106442
2024-06-14 19:59:15,869.0,34.4628547620018
2024-06-14 19:59:16,870.0,34.46119
2024-06-14 19:59:17,871.0,34.46255520592592
2024-06-14 19:59:18,872.0,34.46652671407407
2024-06-14 19:59:19,873.0,34.47291836
2024-06-14 19:59:20,874.0,34.48154397925926
2024-06-14 19:59:21,875.0,34.49221740740741
2024-06-14 19:59:22,876.0,34.50475248
2024-06-14 19:59:23,877.0,34.518963032592595
2024-06-14 19:59:24,878.0,34.53466290074074
2024-06-14 19:59:25,879.0,34.551665920000005
2024-06-14 19:59:26,880.0,34.56978592592593
2024-06-14 19:59:27,881.0,34.58883675407407
2024-06-14 19:59:28,882.0,34.60863224
2024-06-14 19:59:29,883.0,34.62898621925926
2024-06-14 19:59:30,884.0,34.6497125274074
2024-06-14 19:59:31,885.0,34.670624999999994
2024-06-14 19:59:32,886.0,34.691537472592586
2024-06-14 19:59:33,887.0,34.71226378074074
2024-06-14 19:59:34,888.0,34.73261776
2024-06-14 19:59:35,889.0,34.75241324592592
2024-06-14 19:59:36,890.0,34.771464074074075
2024-06-14 19:59:37,891.0,34.78958408
2024-06-14 19:59:38,892.0,34.806587099259254
2024-06-14 19:59:39,893.0,34.82228696740741
2024-06-14 19:59:40,894.0,34.836497519999995
2024-06-14 19:59:41,895.0,34.849032592592586
2024-06-14 19:59:42,896.0,34.85970602074073
2024-06-14 19:59:43,897.0,34.868331639999994
2024-06-14 19:59:44,898.0,34.87472328592592
2024-06-14 19:59:45,899.0,34.878694794074065
2024-06-14 19:59:46,900.0,34.88005999999999
2024-06-14 19:59:47,901.0,34.87984940049071
2024-06-14 19:59:48,902.0,34.87922665476876
2024-06-14 19:59:49,903.0,34.878205342042925
2024-06-14 19:59:50,904.0,34.876799041522055
2024-06-14 19:59:51,905.0,34.875021332414946
2024-06-14 19:59:52,906.0,34.87288579393042
2024-06-14 19:59:53,907.0,34.8704060052773
2024-06-14 19:59:54,908.0,34.8675955456644
2024-06-14 19:59:55,909.0,34.86446799430053
2024-06-14 19:59:56,910.0,34.86103693039451
2024-06-14 19:59:57,911.0,34.857315933155164
2024-06-14 19:59:58,912.0,34.853318581791285
2024-06-14 19:59:59,913.0,34.84905845551172
2024-06-14 20:00:00,914.0,34.84454913352526
2024-06-14 20:00:01,915.0,34.83980419504074
2024-06-14 20:00:02,916.0,34.83483721926697
2024-06-14 20:00:03,917.0,34.82966178541277
2024-06-14 20:00:04,918.0,34.82429147268694
2024-06-14 20:00:05,919.0,34.81873986029831
2024-06-14 20:00:06,920.0,34.8130205274557
2024-06-14 20:00:07,921.0,34.80714705336791
2024-06-14 20:00:08,922.0,34.80113301724378
2024-06-14 20:00:09,923.0,34.79499199829211
2024-06-14 20:00:10,924.0,34.788737575721726
2024-06-14 20:00:11,925.0,34.78238332874144
2024-06-14 20:00:12,926.0,34.775942836560056
2024-06-14 20:00:13,927.0,34.7694296783864
2024-06-14 20:00:14,928.0,34.7628574334293
2024-06-14 20:00:15,929.0,34.756239680897565
2024-06-14 20:00:16,930.0,34.749590000000005
2024-06-14 20:00:17,931.0,34.74197492650985
2024-06-14 20:00:18,932.0,34.7325487591633
2024-06-14 20:00:19,933.0,34.7214567216136
2024-06-14 20:00:20,934.0,34.70884403751403
2024-06-14 20:00:21,935.0,34.69485593051783
2024-06-14 20:00:22,936.0,34.679637624278286
2024-06-14 20:00:23,937.0,34.66333434244863
2024-06-14 20:00:24,938.0,34.64609130868215
2024-06-14 20:00:25,939.0,34.62805374663209
2024-06-14 20:00:26,940.0,34.609366879951715
2024-06-14 20:00:27,941.0,34.59017593229429
2024-06-14 20:00:28,942.0,34.57062612731307
2024-06-14 20:00:29,943.0,34.55086268866131
2024-06-14 20:00:30,944.0,34.53103083999229
2024-06-14 20:00:31,945.0,34.511275804959254
2024-06-14 20:00:32,946.0,34.49174280721547
2024-06-14 20:00:33,947.0,34.472577070414204
2024-06-14 20:00:34,948.0,34.453923818208715
2024-06-14 20:00:35,949.0,34.43592827425225
2024-06-14 20:00:36,950.0,34.418735662198074
2024-06-14 20:00:37,951.0,34.40249120569946
2024-06-14 20:00:38,952.0,34.38734012840967
2024-06-14 20:00:39,953.0,34.37342765398194
2024-06-14 20:00:40,954.0,34.360899006069566
2024-06-14 20:00:41,955.0,34.34989940832578
2024-06-14 20:00:42,956.0,34.34057408440387
2024-06-14 20:00:43,957.0,34.33306825795706
2024-06-14 20:00:44,958.0,34.327527152638645
2024-06-14 20:00:45,959.0,34.32409599210187
2024-06-14 20:00:46,960.0,34.322919999999996
2024-06-14 20:00:47,961.0,34.323055635813354
2024-06-14 20:00:48,962.0,34.323461805746625
2024-06-14 20:00:49,963.0,34.32413740353955
2024-06-14 20:00:50,964.0,34.325081322931915
2024-06-14 20:00:51,965.0,34.32629245766347
2024-06-14 20:00:52,966.0,34.327769701473976
2024-06-14 20:00:53,967.0,34.32951194810322
2024-06-14 20:00:54,968.0,34.33151809129093
2024-06-14 20:00:55,969.0,34.3337870247769
2024-06-14 20:00:56,970.0,34.336317642300884
2024-06-14 20:00:57,971.0,34.339108837602645
2024-06-14 20:00:58,972.0,34.34215950442195
2024-06-14 20:00:59,973.0,34.34546853649856
2024-06-14 20:01:00,974.0,34.34903482757223
2024-06-14 20:01:01,975.0,34.352857271382746
2024-06-14 20:01:02,976.0,34.356934761669855
2024-06-14 20:01:03,977.0,34.361266192173325
2024-06-14 20:01:04,978.0,34.36585045663292
2024-06-14 20:01:05,979.0,34.37068644878841
2024-06-14 20:01:06,980.0,34.37577306237955
2024-06-14 20:01:07,981.0,34.38110919114611
2024-06-14 20:01:08,982.0,34.38669372882785
2024-06-14 20:01:09,983.0,34.39252556916453
2024-06-14 20:01:10,984.0,34.398603605895936
2024-06-14 20:01:11,985.0,34.4049267327618
2024-06-14 20:01:12,986.0,34.411493843501916
2024-06-14 20:01:13,987.0,34.41830383185603
2024-06-14 20:01:14,988.0,34.42535559156389
2024-06-14 20:01:15,989.0,34.432648016365306
2024-06-14 20:01:16,990.0,34.440180000000005
2024-06-14 20:01:17,991.0,34.46263232602778
2024-06-14 20:01:18,992.0,34.51343846028367
2024-06-14 20:01:19,993.0,34.5907263199204
2024-06-14 20:01:20,994.0,34.69262382209065
2024-06-14 20:01:21,995.0,34.8172588839471
2024-06-14 20:01:22,996.0,34.962759422642456
2024-06-14 20:01:23,997.0,35.12725335532939
2024-06-14 20:01:24,998.0,35.30886859916062
2024-06-14 20:01:25,999.0,35.50573307128882
2024-06-14 20:01:26,1000.0,35.715974688866694
2024-06-14 20:01:27,1001.0,35.937721369046926
2024-06-14 20:01:28,1002.0,36.16910102898221
2024-06-14 20:01:29,1003.0,36.40824158582524
2024-06-14 20:01:30,1004.0,36.6532709567287
2024-06-14 20:01:31,1005.0,36.9023170588453
2024-06-14 20:01:32,1006.0,37.1535078093277
2024-06-14 20:01:33,1007.0,37.40497112532863
2024-06-14 20:01:34,1008.0,37.65483492400075
2024-06-14 20:01:35,1009.0,37.90122712249677
2024-06-14 20:01:36,1010.0,38.14227563796938
2024-06-14 20:01:37,1011.0,38.376108387571264
2024-06-14 20:01:38,1012.0,38.60085328845512
2024-06-14 20:01:39,1013.0,38.814638257773645
2024-06-14 20:01:40,1014.0,39.015591212679524
2024-06-14 20:01:41,1015.0,39.20184007032545
2024-06-14 20:01:42,1016.0,39.37151274786412
2024-06-14 20:01:43,1017.0,39.52273716244821
2024-06-14 20:01:44,1018.0,39.65364123123043
2024-06-14 20:01:45,1019.0,39.76235287136347
2024-06-14 20:01:46,1020.0,39.84700000000001
2024-06-14 20:01:47,1021.0,39.918669359489854
2024-06-14 20:01:48,1022.0,39.9896158963563
2024-06-14 20:01:49,1023.0,40.05971983401225
2024-06-14 20:01:50,1024.0,40.12886139587065
2024-06-14 20:01:51,1025.0,40.196920805344426
2024-06-14 20:01:52,1026.0,40.263778285846506
2024-06-14 20:01:53,1027.0,40.32931406078981
2024-06-14 20:01:54,1028.0,40.39340835358728
2024-06-14 20:01:55,1029.0,40.45594138765184
2024-06-14 20:01:56,1030.0,40.516793386396415
2024-06-14 20:01:57,1031.0,40.57584457323393
2024-06-14 20:01:58,1032.0,40.632975171577314
2024-06-14 20:01:59,1033.0,40.6880654048395
2024-06-14 20:02:00,1034.0,40.74099549643341
2024-06-14 20:02:01,1035.0,40.791645669771974
2024-06-14 20:02:02,1036.0,40.839896148268124
2024-06-14 20:02:03,1037.0,40.885627155334774
2024-06-14 20:02:04,1038.0,40.92871891438488
2024-06-14 20:02:05,1039.0,40.96905164883134
2024-06-14 20:02:06,1040.0,41.006505582087094
2024-06-14 20:02:07,1041.0,41.040960937565075
2024-06-14 20:02:08,1042.0,41.072297938678204
2024-06-14 20:02:09,1043.0,41.100396808839406
2024-06-14 20:02:10,1044.0,41.125137771461624
2024-06-14 20:02:11,1045.0,41.146401049957774
2024-06-14 20:02:12,1046.0,41.164066867740786
2024-06-14 20:02:13,1047.0,41.17801544822358
2024-06-14 20:02:14,1048.0,41.188127014819095
2024-06-14 20:02:15,1049.0,41.194281790940266
2024-06-14 20:02:16,1050.0,41.19636
2024-06-14 20:02:17,1051.0,41.19499173037037
2024-06-14 20:02:18,1052.0,41.19101130962963
2024-06-14 20:02:19,1053.0,41.184605319999996
2024-06-14 20:02:20,1054.0,41.17596034370371
2024-06-14 20:02:21,1055.0,41.16526296296296
2024-06-14 20:02:22,1056.0,41.15269976
2024-06-14 20:02:23,1057.0,41.13845731703704
2024-06-14 20:02:24,1058.0,41.122722216296296
2024-06-14 20:02:25,1059.0,41.10568103999999
2024-06-14 20:02:26,1060.0,41.08752037037037
2024-06-14 20:02:27,1061.0,41.068426789629626
2024-06-14 20:02:28,1062.0,41.04858688
2024-06-14 20:02:29,1063.0,41.0281872237037
2024-06-14 20:02:30,1064.0,41.007414402962965
2024-06-14 20:02:31,1065.0,40.98645499999999
2024-06-14 20:02:32,1066.0,40.96549559703704
2024-06-14 20:02:33,1067.0,40.944722776296295
2024-06-14 20:02:34,1068.0,40.92432312
2024-06-14 20:02:35,1069.0,40.904483210370365
2024-06-14 20:02:36,1070.0,40.88538962962963
2024-06-14 20:02:37,1071.0,40.86722896
2024-06-14 20:02:38,1072.0,40.8501877837037
2024-06-14 20:02:39,1073.0,40.83445268296296
2024-06-14 20:02:40,1074.0,40.82021024
2024-06-14 20:02:41,1075.0,40.807647037037036
2024-06-14 20:02:42,1076.0,40.7969496562963
2024-06-14 20:02:43,1077.0,40.788304679999996
2024-06-14 20:02:44,1078.0,40.781898690370376
2024-06-14 20:02:45,1079.0,40.77791826962963
2024-06-14 20:02:46,1080.0,40.77655
2024-06-14 20:02:47,1081.0,40.80170427851852
2024-06-14 20:02:48,1082.0,40.87488036148148
2024-06-14 20:02:49,1083.0,40.99264812
2024-06-14 20:02:50,1084.0,41.15157742518519
2024-06-14 20:02:51,1085.0,41.34823814814815
2024-06-14 20:02:52,1086.0,41.57920016
2024-06-14 20:02:53,1087.0,41.841033331851854
2024-06-14 20:02:54,1088.0,42.13030753481481
2024-06-14 20:02:55,1089.0,42.44359264
2024-06-14 20:02:56,1090.0,42.777458518518515
2024-06-14 20:02:57,1091.0,43.12847504148148
2024-06-14 20:02:58,1092.0,43.49321208
2024-06-14 20:02:59,1093.0,43.86823950518518
2024-06-14 20:03:00,1094.0,44.25012718814814
2024-06-14 20:03:01,1095.0,44.635445
2024-06-14 20:03:02,1096.0,45.02076281185185
2024-06-14 20:03:03,1097.0,45.402650494814814
2024-06-14 20:03:04,1098.0,45.777677919999995
2024-06-14 20:03:05,1099.0,46.14241495851851
2024-06-14 20:03:06,1100.0,46.49343148148147
2024-06-14 20:03:07,1101.0,46.827297359999996
2024-06-14 20:03:08,1102.0,47.14058246518518
2024-06-14 20:03:09,1103.0,47.42985666814815
2024-06-14 20:03:10,1104.0,47.69168983999999
2024-06-14 20:03:11,1105.0,47.92265185185184
2024-06-14 20:03:12,1106.0,48.11931257481481
2024-06-14 20:03:13,1107.0,48.278241879999996
2024-06-14 20:03:14,1108.0,48.396009638518514
2024-06-14 20:03:15,1109.0,48.46918572148147
2024-06-14 20:03:16,1110.0,48.494339999999994
2024-06-14 20:03:17,1111.0,48.494201548005115
2024-06-14 20:03:18,1112.0,48.49378676317685
2024-06-14 20:03:19,1113.0,48.49309650224978
2024-06-14 20:03:20,1114.0,48.49213162195848
2024-06-14 20:03:21,1115.0,48.49089297903751
2024-06-14 20:03:22,1116.0,48.48938143022146
2024-06-14 20:03:23,1117.0,48.48759783224489
2024-06-14 20:03:24,1118.0,48.48554304184237
2024-06-14 20:03:25,1119.0,48.48321791574849
2024-06-14 20:03:26,1120.0,48.480623310697815
2024-06-14 20:03:27,1121.0,48.47776008342492
2024-06-14 20:03:28,1122.0,48.47462909066437
2024-06-14 20:03:29,1123.0,48.47123118915075
2024-06-14 20:03:30,1124.0,48.46756723561862
2024-06-14 20:03:31,1125.0,48.46363808680257
2024-06-14 20:03:32,1126.0,48.459444599437155
2024-06-14 20:03:33,1127.0,48.45498763025696
2024-06-14 20:03:34,1128.0,48.45026803599656
2024-06-14 20:03:35,1129.0,48.44528667339052
2024-06-14 20:03:36,1130.0,48.440044399173416
2024-06-14 20:03:37,1131.0,48.434542070079814
2024-06-14 20:03:38,1132.0,48.428780542844315
2024-06-14 20:03:39,1133.0,48.422760674201456
2024-06-14 20:03:40,1134.0,48.416483320885824
2024-06-14 20:03:41,1135.0,48.40994933963201
2024-06-14 20:03:42,1136.0,48.40315958717456
2024-06-14 20:03:43,1137.0,48.39611492024807
2024-06-14 20:03:44,1138.0,48.38881619558709
2024-06-14 20:03:45,1139.0,48.381264269926206
2024-06-14 20:03:46,1140.0,48.373459999999994
2024-06-14 20:03:47,1141.0,48.341737884147854
2024-06-14 20:03:48,1142.0,48.26460677033883
2024-06-14 20:03:49,1143.0,48.14532903975193
2024-06-14 20:03:50,1144.0,47.98716707356617
2024-06-14 20:03:51,1145.0,47.793383252960574
2024-06-14 20:03:52,1146.0,47.56723995911416
2024-06-14 20:03:53,1147.0,47.31199957320594
2024-06-14 20:03:54,1148.0,47.030924476414945
2024-06-14 20:03:55,1149.0,46.72727704992017
2024-06-14 20:03:56,1150.0,46.404319674900655
2024-06-14 20:03:57,1151.0,46.0653147325354
2024-06-14 20:03:58,1152.0,45.71352460400343
2024-06-14 20:03:59,1153.0,45.35221167048377
2024-06-14 20:04:00,1154.0,44.98463831315543
2024-06-14 20:04:01,1155.0,44.614066913197426
2024-06-14 20:04:02,1156.0,44.24375985178878
2024-06-14 20:04:03,1157.0,43.876979510108505
2024-06-14 20:04:04,1158.0,43.51698826933563
2024-06-14 20:04:05,1159.0,43.167048510649145
2024-06-14 20:04:06,1160.0,42.83042261522811
2024-06-14 20:04:07,1161.0,42.51037296425151
2024-06-14 20:04:08,1162.0,42.210161938898366
2024-06-14 20:04:09,1163.0,41.9330519203477
2024-06-14 20:04:10,1164.0,41.68230528977855
2024-06-14 20:04:11,1165.0,41.46118442836989
2024-06-14 20:04:12,1166.0,41.272951717300785
2024-06-14 20:04:13,1167.0,41.12086953775022
2024-06-14 20:04:14,1168.0,41.00820027089723
2024-06-14 20:04:15,1169.0,40.938206297920814
2024-06-14 20:04:16,1170.0,40.91415000000001
2024-06-14 20:04:17,1171.0,40.921507223703706
2024-06-14 20:04:18,1172.0,40.942910056296306
2024-06-14 20:04:19,1173.0,40.97735524000001
2024-06-14 20:04:20,1174.0,41.02383951703704
2024-06-14 20:04:21,1175.0,41.08135962962964
2024-06-14 20:04:22,1176.0,41.14891232000001
2024-06-14 20:04:23,1177.0,41.22549433037038
2024-06-14 20:04:24,1178.0,41.31010240296297
2024-06-14 20:04:25,1179.0,41.40173328000001
2024-06-14 20:04:26,1180.0,41.49938370370371
2024-06-14 20:04:27,1181.0,41.6020504162963
2024-06-14 20:04:28,1182.0,41.70873016
2024-06-14 20:04:29,1183.0,41.81841967703704
2024-06-14 20:04:30,1184.0,41.93011570962963
2024-06-14 20:04:31,1185.0,42.042815000000004
2024-06-14 20:04:32,1186.0,42.15551429037038
2024-06-14 20:04:33,1187.0,42.26721032296297
2024-06-14 20:04:34,1188.0,42.37689984000001
2024-06-14 20:04:35,1189.0,42.48357958370371
2024-06-14 20:04:36,1190.0,42.5862462962963
2024-06-14 20:04:37,1191.0,42.68389672
2024-06-14 20:04:38,1192.0,42.77552759703704
2024-06-14 20:04:39,1193.0,42.860135669629635
2024-06-14 20:04:40,1194.0,42.93671768000001
2024-06-14 20:04:41,1195.0,43.00427037037037
2024-06-14 20:04:42,1196.0,43.06179048296297
2024-06-14 20:04:43,1197.0,43.10827476
2024-06-14 20:04:44,1198.0,43.1427199437037
2024-06-14 20:04:45,1199.0,43.164122776296296
2024-06-14 20:04:46,1200.0,43.17148
2024-06-14 20:04:47,1201.0,43.143470121481485
2024-06-14 20:04:48,1202.0,43.06198683851852
2024-06-14 20:04:49,1203.0,42.93084968
2024-06-14 20:04:50,1204.0,42.753878174814815
2024-06-14 20:04:51,1205.0,42.53489185185185
2024-06-14 20:04:52,1206.0,42.27771024
2024-06-14 20:04:53,1207.0,41.98615286814815
2024-06-14 20:04:54,1208.0,41.66403926518519
2024-06-14 20:04:55,1209.0,41.31518896
2024-06-14 20:04:56,1210.0,40.94342148148149
2024-06-14 20:04:57,1211.0,40.55255635851852
2024-06-14 20:04:58,1212.0,40.146413120000005
2024-06-14 20:04:59,1213.0,39.72881129481482
2024-06-14 20:05:00,1214.0,39.30357041185186
2024-06-14 20:05:01,1215.0,38.87451
2024-06-14 20:05:02,1216.0,38.44544958814815
2024-06-14 20:05:03,1217.0,38.02020870518518
2024-06-14 20:05:04,1218.0,37.60260688
2024-06-14 20:05:05,1219.0,37.19646364148148
2024-06-14 20:05:06,1220.0,36.80559851851852
2024-06-14 20:05:07,1221.0,36.43383104
2024-06-14 20:05:08,1222.0,36.08498073481481
2024-06-14 20:05:09,1223.0,35.76286713185185
2024-06-14 20:05:10,1224.0,35.47130976
2024-06-14 20:05:11,1225.0,35.21412814814815
2024-06-14 20:05:12,1226.0,34.995141825185186
2024-06-14 20:05:13,1227.0,34.81817032
2024-06-14 20:05:14,1228.0,34.68703316148148
2024-06-14 20:05:15,1229.0,34.60554987851852
2024-06-14 20:05:16,1230.0,34.57754
2024-06-14 20:05:17,1231.0,34.57928494222222
2024-06-14 20:05:18,1232.0,34.584361137777776
2024-06-14 20:05:19,1233.0,34.59253064
2024-06-14 20:05:20,1234.0,34.60355550222222
2024-06-14 20:05:21,1235.0,34.617197777777776
2024-06-14 20:05:22,1236.0,34.63321952
2024-06-14 20:05:23,1237.0,34.65138278222222
2024-06-14 20:05:24,1238.0,34.671449617777775
2024-06-14 20:05:25,1239.0,34.69318208
2024-06-14 20:05:26,1240.0,34.71634222222222
2024-06-14 20:05:27,1241.0,34.740692097777774
2024-06-14 20:05:28,1242.0,34.76599376
2024-06-14 20:05:29,1243.0,34.792009262222216
2024-06-14 20:05:30,1244.0,34.81850065777777
2024-06-14 20:05:31,1245.0,34.84523
2024-06-14 20:05:32,1246.0,34.87195934222222
2024-06-14 20:05:33,1247.0,34.89845073777777
2024-06-14 20:05:34,1248.0,34.924466239999994
2024-06-14 20:05:35,1249.0,34.94976790222221
2024-06-14 20:05:36,1250.0,34.974117777777764
2024-06-14 20:05:37,1251.0,34.997277919999995
2024-06-14 20:05:38,1252.0,35.01901038222221
2024-06-14 20:05:39,1253.0,35.039077217777766
2024-06-14 20:05:40,1254.0,35.05724047999999
2024-06-14 20:05:41,1255.0,35.07326222222221
2024-06-14 20:05:42,1256.0,35.086904497777766
2024-06-14 20:05:43,1257.0,35.09792935999999
2024-06-14 20:05:44,1258.0,35.10609886222221
2024-06-14 20:05:45,1259.0,35.111175057777764
2024-06-14 20:05:46,1260.0,35.11291999999999
2024-06-14 20:05:47,1261.0,35.11236434349305
2024-06-14 20:05:48,1262.0,35.11073452046363
2024-06-14 20:05:49,1263.0,35.10808625064879
2024-06-14 20:05:50,1264.0,35.10447525378559
2024-06-14 20:05:51,1265.0,35.09995724961109
2024-06-14 20:05:52,1266.0,35.09458795786237
2024-06-14 20:05:53,1267.0,35.08842309827651
2024-06-14 20:05:54,1268.0,35.081518390590546
2024-06-14 20:05:55,1269.0,35.073929554541564
2024-06-14 20:05:56,1270.0,35.065712309866626
2024-06-14 20:05:57,1271.0,35.0569223763028
2024-06-14 20:05:58,1272.0,35.04761547358715
2024-06-14 20:05:59,1273.0,35.03784732145675
2024-06-14 20:06:00,1274.0,35.027673639648654
2024-06-14 20:06:01,1275.0,35.01715014789994
2024-06-14 20:06:02,1276.0,35.00633256594767
2024-06-14 20:06:03,1277.0,34.995276613528915
2024-06-14 20:06:04,1278.0,34.984038010380736
2024-06-14 20:06:05,1279.0,34.9726724762402
2024-06-14 20:06:06,1280.0,34.96123573084438
2024-06-14 20:06:07,1281.0,34.94978349393033
2024-06-14 20:06:08,1282.0,34.93837148523514
2024-06-14 20:06:09,1283.0,34.927055424495855
2024-06-14 20:06:10,1284.0,34.91589103144954
2024-06-14 20:06:11,1285.0,34.90493402583328
2024-06-14 20:06:12,1286.0,34.89424012738413
2024-06-14 20:06:13,1287.0,34.883865055839166
2024-06-14 20:06:14,1288.0,34.87386453093544
2024-06-14 20:06:15,1289.0,34.86429427241003
2024-06-14 20:06:16,1290.0,34.85520999999999
2024-06-14 20:06:17,1291.0,34.84607902240477
2024-06-14 20:06:18,1292.0,34.83637289424974
2024-06-14 20:06:19,1293.0,34.826153704160824
2024-06-14 20:06:20,1294.0,34.815483540764
2024-06-14 20:06:21,1295.0,34.80442449268523
2024-06-14 20:06:22,1296.0,34.79303864855044
2024-06-14 20:06:23,1297.0,34.781388096985616
2024-06-14 20:06:24,1298.0,34.76953492661671
2024-06-14 20:06:25,1299.0,34.75754122606965
2024-06-14 20:06:26,1300.0,34.74546908397043
2024-06-14 20:06:27,1301.0,34.733380588944975
2024-06-14 20:06:28,1302.0,34.72133782961925
2024-06-14 20:06:29,1303.0,34.70940289461922
2024-06-14 20:06:30,1304.0,34.69763787257084
2024-06-14 20:06:31,1305.0,34.68610485210005
2024-06-14 20:06:32,1306.0,34.67486592183281
2024-06-14 20:06:33,1307.0,34.66398317039509
2024-06-14 20:06:34,1308.0,34.65351868641284
2024-06-14 20:06:35,1309.0,34.643534558512
2024-06-14 20:06:36,1310.0,34.634092875318544
2024-06-14 20:06:37,1311.0,34.62525572545842
2024-06-14 20:06:38,1312.0,34.61708519755759
2024-06-14 20:06:39,1313.0,34.609643380242
2024-06-14 20:06:40,1314.0,34.60299236213761
2024-06-14 20:06:41,1315.0,34.59719423187038
2024-06-14 20:06:42,1316.0,34.59231107806626
2024-06-14 20:06:43,1317.0,34.58840498935121
2024-06-14 20:06:44,1318.0,34.585538054351176
2024-06-14 20:06:45,1319.0,34.58377236169212
2024-06-14 20:06:46,1320.0,34.58317
2024-06-14 20:06:47,1321.0,34.60287512296296
2024-06-14 20:06:48,1322.0,34.66019911703704
2024-06-14 20:06:49,1323.0,34.752454920000005
2024-06-14 20:06:50,1324.0,34.876955469629635
2024-06-14 20:06:51,1325.0,35.03101370370371
2024-06-14 20:06:52,1326.0,35.211942560000004
2024-06-14 20:06:53,1327.0,35.4170549762963
2024-06-14 20:06:54,1328.0,35.64366389037037
2024-06-14 20:06:55,1329.0,35.88908224
2024-06-14 20:06:56,1330.0,36.15062296296296
2024-06-14 20:06:57,1331.0,36.42559899703704
2024-06-14 20:06:58,1332.0,36.71132328
2024-06-14 20:06:59,1333.0,37.00510874962963
2024-06-14 20:07:00,1334.0,37.304268343703704
2024-06-14 20:07:01,1335.0,37.606115
2024-06-14 20:07:02,1336.0,37.907961656296294
2024-06-14 20:07:03,1337.0,38.20712125037037
2024-06-14 20:07:04,1338.0,38.50090672
2024-06-14 20:07:05,1339.0,38.78663100296296
2024-06-14 20:07:06,1340.0,39.061607037037035
2024-06-14 20:07:07,1341.0,39.32314776
2024-06-14 20:07:08,1342.0,39.56856610962963
2024-06-14 20:07:09,1343.0,39.7951750237037
2024-06-14 20:07:10,1344.0,40.00028744
2024-06-14 20:07:11,1345.0,40.18121629629629
2024-06-14 20:07:12,1346.0,40.33527453037036
2024-06-14 20:07:13,1347.0,40.45977508
2024-06-14 20:07:14,1348.0,40.55203088296296
2024-06-14 20:07:15,1349.0,40.609354877037035
2024-06-14 20:07:16,1350.0,40.629059999999996
2024-06-14 20:07:17,1351.0,40.60802895455142
2024-06-14 20:07:18,1352.0,40.546844878880584
2024-06-14 20:07:19,1353.0,40.44837136399985
2024-06-14 20:07:20,1354.0,40.31547200092155
2024-06-14 20:07:21,1355.0,40.15101038065804
2024-06-14 20:07:22,1356.0,39.95785009422168
2024-06-14 20:07:23,1357.0,39.738854732624816
2024-06-14 20:07:24,1358.0,39.49688788687979
2024-06-14 20:07:25,1359.0,39.23481314799895
2024-06-14 20:07:26,1360.0,38.95549410699465
2024-06-14 20:07:27,1361.0,38.66179435487924
2024-06-14 20:07:28,1362.0,38.35657748266507
2024-06-14 20:07:29,1363.0,38.04270708136448
2024-06-14 20:07:30,1364.0,37.72304674198983
2024-06-14 20:07:31,1365.0,37.40046005555347
2024-06-14 20:07:32,1366.0,37.07781061306774
2024-06-14 20:07:33,1367.0,36.75796200554501
2024-06-14 20:07:34,1368.0,36.4437778239976
2024-06-14 20:07:35,1369.0,36.13812165943788
2024-06-14 20:07:36,1370.0,35.8438571028782
2024-06-14 20:07:37,1371.0,35.56384774533089
2024-06-14 20:07:38,1372.0,35.300957177808314
2024-06-14 20:07:39,1373.0,35.05804899132282
2024-06-14 20:07:40,1374.0,34.83798677688676
2024-06-14 20:07:41,1375.0,34.64363412551248
2024-06-14 20:07:42,1376.0,34.47785462821233
2024-06-14 20:07:43,1377.0,34.34351187599866
2024-06-14 20:07:44,1378.0,34.24346945988381
2024-06-14 20:07:45,1379.0,34.18059097088015
2024-06-14 20:07:46,1380.0,34.157740000000004
2024-06-14 20:07:47,1381.0,34.15588829311986
2024-06-14 20:07:48,1382.0,34.154098572116204
2024-06-14 20:07:49,1383.0,34.15237089200135
2024-06-14 20:07:50,1384.0,34.15070530778768
2024-06-14 20:07:51,1385.0,34.14910187448753
2024-06-14 20:07:52,1386.0,34.14756064711325
2024-06-14 20:07:53,1387.0,34.14608168067719
2024-06-14 20:07:54,1388.0,34.1446650301917
2024-06-14 20:07:55,1389.0,34.14331075066912
2024-06-14 20:07:56,1390.0,34.142018897121815
2024-06-14 20:07:57,1391.0,34.14078952456212
2024-06-14 20:07:58,1392.0,34.139622688002405
2024-06-14 20:07:59,1393.0,34.138518442455
2024-06-14 20:08:00,1394.0,34.13747684293225
2024-06-14 20:08:01,1395.0,34.13649794444653
2024-06-14 20:08:02,1396.0,34.135581802010165
2024-06-14 20:08:03,1397.0,34.13472847063552
2024-06-14 20:08:04,1398.0,34.13393800533494
2024-06-14 20:08:05,1399.0,34.13321046112077
2024-06-14 20:08:06,1400.0,34.13254589300535
2024-06-14 20:08:07,1401.0,34.13194435600105
2024-06-14 20:08:08,1402.0,34.13140590512022
2024-06-14 20:08:09,1403.0,34.13093059537518
2024-06-14 20:08:10,1404.0,34.13051848177831
2024-06-14 20:08:11,1405.0,34.13016961934195
2024-06-14 20:08:12,1406.0,34.12988406307845
2024-06-14 20:08:13,1407.0,34.12966186800015
2024-06-14 20:08:14,1408.0,34.12950308911942
2024-06-14 20:08:15,1409.0,34.12940778144858
2024-06-14 20:08:16,1410.0,34.129376
2024-06-14 20:08:17,1411.0,34.12965832937684
2024-06-14 20:08:18,1412.0,34.13049285583086
2024-06-14 20:08:19,1413.0,34.131860886847306
2024-06-14 20:08:20,1414.0,34.13374372991143
2024-06-14 20:08:21,1415.0,34.13612269250849
2024-06-14 20:08:22,1416.0,34.13897908212375
2024-06-14 20:08:23,1417.0,34.142294206242426
2024-06-14 20:08:24,1418.0,34.1460493723498
2024-06-14 20:08:25,1419.0,34.150225887931114
2024-06-14 20:08:26,1420.0,34.154805060471624
2024-06-14 20:08:27,1421.0,34.15976819745658
2024-06-14 20:08:28,1422.0,34.16509660637122
2024-06-14 20:08:29,1423.0,34.17077159470082
2024-06-14 20:08:30,1424.0,34.17677446993061
2024-06-14 20:08:31,1425.0,34.18308653954587
2024-06-14 20:08:32,1426.0,34.18968911103181
2024-06-14 20:08:33,1427.0,34.19656349187372
2024-06-14 20:08:34,1428.0,34.20369098955683
2024-06-14 20:08:35,1429.0,34.21105291156641
2024-06-14 20:08:36,1430.0,34.2186305653877
2024-06-14 20:08:37,1431.0,34.226405258505935
2024-06-14 20:08:38,1432.0,34.2343582984064
2024-06-14 20:08:39,1433.0,34.24247099257432
2024-06-14 20:08:40,1434.0,34.250724648494966
2024-06-14 20:08:41,1435.0,34.259100573653576
2024-06-14 20:08:42,1436.0,34.26758007553542
2024-06-14 20:08:43,1437.0,34.27614446162573
2024-06-14 20:08:44,1438.0,34.28477503940975
2024-06-14 20:08:45,1439.0,34.29345311637276
2024-06-14 20:08:46,1440.0,34.30216
2024-06-14 20:08:47,1441.0,34.31205412096057
2024-06-14 20:08:48,1442.0,34.32418597925691
2024-06-14 20:08:49,1443.0,34.338374986374276
2024-06-14 20:08:50,1444.0,34.35444055379792
2024-06-14 20:08:51,1445.0,34.37220209301308
2024-06-14 20:08:52,1446.0,34.391479015505034
2024-06-14 20:08:53,1447.0,34.41209073275901
2024-06-14 20:08:54,1448.0,34.433856656260275
2024-06-14 20:08:55,1449.0,34.456596197494065
2024-06-14 20:08:56,1450.0,34.480128767945644
2024-06-14 20:08:57,1451.0,34.50427377910027
2024-06-14 20:08:58,1452.0,34.52885064244316
2024-06-14 20:08:59,1453.0,34.553678769459616
2024-06-14 20:09:00,1454.0,34.57857757163486
2024-06-14 20:09:01,1455.0,34.60336646045413
2024-06-14 20:09:02,1456.0,34.62786484740272
2024-06-14 20:09:03,1457.0,34.65189214396585
2024-06-14 20:09:04,1458.0,34.67526776162878
2024-06-14 20:09:05,1459.0,34.69781111187676
2024-06-14 20:09:06,1460.0,34.719341606195044
2024-06-14 20:09:07,1461.0,34.73967865606889
2024-06-14 20:09:08,1462.0,34.75864167298354
2024-06-14 20:09:09,1463.0,34.77605006842425
2024-06-14 20:09:10,1464.0,34.79172325387626
2024-06-14 20:09:11,1465.0,34.80548064082484
2024-06-14 20:09:12,1466.0,34.817141640755246
2024-06-14 20:09:13,1467.0,34.82652566515271
2024-06-14 20:09:14,1468.0,34.83345212550249
2024-06-14 20:09:15,1469.0,34.83774043328983
2024-06-14 20:09:16,1470.0,34.83921000000001
2024-06-14 20:09:17,1471.0,34.83699722370371
2024-06-14 20:09:18,1472.0,34.83056005629631
2024-06-14 20:09:19,1473.0,34.820200240000005
2024-06-14 20:09:20,1474.0,34.80621951703705
2024-06-14 20:09:21,1475.0,34.78891962962964
2024-06-14 20:09:22,1476.0,34.76860232000001
2024-06-14 20:09:23,1477.0,34.74556933037037
2024-06-14 20:09:24,1478.0,34.720122402962964
2024-06-14 20:09:25,1479.0,34.69256328
2024-06-14 20:09:26,1480.0,34.663193703703705
2024-06-14 20:09:27,1481.0,34.6323154162963
2024-06-14 20:09:28,1482.0,34.60023016
2024-06-14 20:09:29,1483.0,34.567239677037044
2024-06-14 20:09:30,1484.0,34.533645709629624
2024-06-14 20:09:31,1485.0,34.49974999999999
2024-06-14 20:09:32,1486.0,34.465854290370366
2024-06-14 20:09:33,1487.0,34.43226032296296
2024-06-14 20:09:34,1488.0,34.399269839999995
2024-06-14 20:09:35,1489.0,34.3671845837037
2024-06-14 20:09:36,1490.0,34.33630629629629
2024-06-14 20:09:37,1491.0,34.306936719999996
2024-06-14 20:09:38,1492.0,34.279377597037026
2024-06-14 20:09:39,1493.0,34.25393066962962
2024-06-14 20:09:40,1494.0,34.23089767999999
2024-06-14 20:09:41,1495.0,34.210580370370366
2024-06-14 20:09:42,1496.0,34.193280482962955
2024-06-14 20:09:43,1497.0,34.17929975999999
2024-06-14 20:09:44,1498.0,34.16893994370369
2024-06-14 20:09:45,1499.0,34.162502776296286
2024-06-14 20:09:46,1500.0,34.16028999999999
2024-06-14 20:09:47,1501.0,34.16140859464425
2024-06-14 20:09:48,1502.0,34.16473558544603
2024-06-14 20:09:49,1503.0,34.170227782708814
2024-06-14 20:09:50,1504.0,34.177841996736085
2024-06-14 20:09:51,1505.0,34.187535037831324
2024-06-14 20:09:52,1506.0,34.19926371629803
2024-06-14 20:09:53,1507.0,34.212984842439674
2024-06-14 20:09:54,1508.0,34.22865522655975
2024-06-14 20:09:55,1509.0,34.24623167896175
2024-06-14 20:09:56,1510.0,34.265671009949145
2024-06-14 20:09:57,1511.0,34.286930029825434
2024-06-14 20:09:58,1512.0,34.3099655488941
2024-06-14 20:09:59,1513.0,34.33473437745862
2024-06-14 20:10:00,1514.0,34.3611933258225
2024-06-14 20:10:01,1515.0,34.389299204289195
2024-06-14 20:10:02,1516.0,34.419008823162216
2024-06-14 20:10:03,1517.0,34.45027899274504
2024-06-14 20:10:04,1518.0,34.48306652334116
2024-06-14 20:10:05,1519.0,34.51732822525405
2024-06-14 20:10:06,1520.0,34.5530209087872
2024-06-14 20:10:07,1521.0,34.59010138424409
2024-06-14 20:10:08,1522.0,34.62852646192823
2024-06-14 20:10:09,1523.0,34.668252952143085
2024-06-14 20:10:10,1524.0,34.70923766519214
2024-06-14 20:10:11,1525.0,34.75143741137889
2024-06-14 20:10:12,1526.0,34.79480900100682
2024-06-14 20:10:13,1527.0,34.83930924437941
2024-06-14 20:10:14,1528.0,34.884894951800135
2024-06-14 20:10:15,1529.0,34.931522933572516
2024-06-14 20:10:16,1530.0,34.979150000000004
2024-06-14 20:10:17,1531.0,35.04262984859021
2024-06-14 20:10:18,1532.0,35.13543608429189
2024-06-14 20:10:19,1533.0,35.255455378570254
2024-06-14 20:10:20,1534.0,35.40057440289054
2024-06-14 20:10:21,1535.0,35.568679828717954
2024-06-14 20:10:22,1536.0,35.757658327517746
2024-06-14 20:10:23,1537.0,35.965396570755104
2024-06-14 20:10:24,1538.0,36.18978122989529
2024-06-14 20:10:25,1539.0,36.42869897640348
2024-06-14 20:10:26,1540.0,36.680036481744935
2024-06-14 20:10:27,1541.0,36.94168041738486
2024-06-14 20:10:28,1542.0,37.211517454788485
2024-06-14 20:10:29,1543.0,37.48743426542103
2024-06-14 20:10:30,1544.0,37.76731752074772
2024-06-14 20:10:31,1545.0,38.04905389223377
2024-06-14 20:10:32,1546.0,38.33053005134441
2024-06-14 20:10:33,1547.0,38.609632669544865
2024-06-14 20:10:34,1548.0,38.88424841830036
2024-06-14 20:10:35,1549.0,39.152263969076095
2024-06-14 20:10:36,1550.0,39.411565993337334
2024-06-14 20:10:37,1551.0,39.66004116254925
2024-06-14 20:10:38,1552.0,39.8955761481771
2024-06-14 20:10:39,1553.0,40.11605762168611
2024-06-14 20:10:40,1554.0,40.319372254541484
2024-06-14 20:10:41,1555.0,40.50340671820845
2024-06-14 20:10:42,1556.0,40.66604768415223
2024-06-14 20:10:43,1557.0,40.80518182383806
2024-06-14 20:10:44,1558.0,40.91869580873115
2024-06-14 20:10:45,1559.0,41.004476310296724
2024-06-14 20:10:46,1560.0,41.060410000000005
2024-06-14 20:10:47,1561.0,41.10026160765162
2024-06-14 20:10:48,1562.0,41.13918497323022
2024-06-14 20:10:49,1563.0,41.17715043345313
2024-06-14 20:10:50,1564.0,41.21412832503761
2024-06-14 20:10:51,1565.0,41.250088984700966
2024-06-14 20:10:52,1566.0,41.28500274916048
2024-06-14 20:10:53,1567.0,41.31883995513348
2024-06-14 20:10:54,1568.0,41.351570939337215
2024-06-14 20:10:55,1569.0,41.383166038489
2024-06-14 20:10:56,1570.0,41.41359558930612
2024-06-14 20:10:57,1571.0,41.44282992850587
2024-06-14 20:10:58,1572.0,41.47083939280556
2024-06-14 20:10:59,1573.0,41.497594318922445
2024-06-14 20:11:00,1574.0,41.523065043573844
2024-06-14 20:11:01,1575.0,41.54722190347705
2024-06-14 20:11:02,1576.0,41.57003523534933
2024-06-14 20:11:03,1577.0,41.59147537590801
2024-06-14 20:11:04,1578.0,41.61151266187037
2024-06-14 20:11:05,1579.0,41.6301174299537
2024-06-14 20:11:06,1580.0,41.647260016875286
2024-06-14 20:11:07,1581.0,41.662910759352435
2024-06-14 20:11:08,1582.0,41.67703999410243
2024-06-14 20:11:09,1583.0,41.689618057842566
2024-06-14 20:11:10,1584.0,41.700615287290134
2024-06-14 20:11:11,1585.0,41.710002019162424
2024-06-14 20:11:12,1586.0,41.71774859017673
2024-06-14 20:11:13,1587.0,41.72382533705035
2024-06-14 20:11:14,1588.0,41.72820259650058
2024-06-14 20:11:15,1589.0,41.7308507052447
2024-06-14 20:11:16,1590.0,41.73174000000001
2024-06-14 20:11:17,1591.0,41.73036341925927
2024-06-14 20:11:18,1592.0,41.72635882074075
2024-06-14 20:11:19,1593.0,41.71991392000001
2024-06-14 20:11:20,1594.0,41.7112164325926
2024-06-14 20:11:21,1595.0,41.70045407407408
2024-06-14 20:11:22,1596.0,41.68781456000001
2024-06-14 20:11:23,1597.0,41.67348560592593
2024-06-14 20:11:24,1598.0,41.657654927407414
2024-06-14 20:11:25,1599.0,41.640510240000005
2024-06-14 20:11:26,1600.0,41.62223925925927
2024-06-14 20:11:27,1601.0,41.60302970074075
2024-06-14 20:11:28,1602.0,41.583069280000004
2024-06-14 20:11:29,1603.0,41.5625457125926
2024-06-14 20:11:30,1604.0,41.541646714074076
2024-06-14 20:11:31,1605.0,41.52056
2024-06-14 20:11:32,1606.0,41.49947328592593
2024-06-14 20:11:33,1607.0,41.478574287407405
2024-06-14 20:11:34,1608.0,41.458050719999996
2024-06-14 20:11:35,1609.0,41.438090299259265
2024-06-14 20:11:36,1610.0,41.41888074074074
2024-06-14 20:11:37,1611.0,41.40060976
2024-06-14 20:11:38,1612.0,41.38346507259259
2024-06-14 20:11:39,1613.0,41.367634394074074
2024-06-14 20:11:40,1614.0,41.35330544
2024-06-14 20:11:41,1615.0,41.340665925925926
2024-06-14 20:11:42,1616.0,41.329903567407406
2024-06-14 20:11:43,1617.0,41.321206079999996
2024-06-14 20:11:44,1618.0,41.31476117925926
2024-06-14 20:11:45,1619.0,41.31075658074074
2024-06-14 20:11:46,1620.0,41.30938
2024-06-14 20:11:47,1621.0,41.333235822222214
2024-06-14 20:11:48,1622.0,41.402634577777775
2024-06-14 20:11:49,1623.0,41.5143232
2024-06-14 20:11:50,1624.0,41.66504862222222
2024-06-14 20:11:51,1625.0,41.85155777777777
2024-06-14 20:11:52,1626.0,42.0705976
2024-06-14 20:11:53,1627.0,42.318915022222214
2024-06-14 20:11:54,1628.0,42.59325697777778
2024-06-14 20:11:55,1629.0,42.8903704
2024-06-14 20:11:56,1630.0,43.20700222222222
2024-06-14 20:11:57,1631.0,43.53989937777778
2024-06-14 20:11:58,1632.0,43.8858088
2024-06-14 20:11:59,1633.0,44.241477422222225
2024-06-14 20:12:00,1634.0,44.603652177777775
2024-06-14 20:12:01,1635.0,44.969080000000005
2024-06-14 20:12:02,1636.0,45.33450782222223
2024-06-14 20:12:03,1637.0,45.696682577777786
2024-06-14 20:12:04,1638.0,46.052351200000004
2024-06-14 20:12:05,1639.0,46.398260622222224
2024-06-14 20:12:06,1640.0,46.73115777777778
2024-06-14 20:12:07,1641.0,47.0477896
2024-06-14 20:12:08,1642.0,47.344903022222226
2024-06-14 20:12:09,1643.0,47.619244977777775
2024-06-14 20:12:10,1644.0,47.86756240000001
2024-06-14 20:12:11,1645.0,48.086602222222226
2024-06-14 20:12:12,1646.0,48.27311137777778
2024-06-14 20:12:13,1647.0,48.423836800000004
2024-06-14 20:12:14,1648.0,48.53552542222223
2024-06-14 20:12:15,1649.0,48.60492417777778
2024-06-14 20:12:16,1650.0,48.628780000000006
2024-06-14 20:12:17,1651.0,48.62406977710777
2024-06-14 20:12:18,1652.0,48.61019824722079
2024-06-14 20:12:19,1653.0,48.58755411852366
2024-06-14 20:12:20,1654.0,48.556526099200994
2024-06-14 20:12:21,1655.0,48.51750289743739
2024-06-14 20:12:22,1656.0,48.47087322141744
2024-06-14 20:12:23,1657.0,48.41702577932576
2024-06-14 20:12:24,1658.0,48.356349279346944
2024-06-14 20:12:25,1659.0,48.28923242966559
2024-06-14 20:12:26,1660.0,48.2160639384663
2024-06-14 20:12:27,1661.0,48.137232513933675
2024-06-14 20:12:28,1662.0,48.05312686425232
2024-06-14 20:12:29,1663.0,47.964135697606835
2024-06-14 20:12:30,1664.0,47.87064772218182
2024-06-14 20:12:31,1665.0,47.773051646161875
2024-06-14 20:12:32,1666.0,47.671736177731596
2024-06-14 20:12:33,1667.0,47.5670900250756
2024-06-14 20:12:34,1668.0,47.45950189637848
2024-06-14 20:12:35,1669.0,47.349360499824826
2024-06-14 20:12:36,1670.0,47.23705454359925
2024-06-14 20:12:37,1671.0,47.122972735886364
2024-06-14 20:12:38,1672.0,47.00750378487074
2024-06-14 20:12:39,1673.0,46.89103639873701
2024-06-14 20:12:40,1674.0,46.773959285669754
2024-06-14 20:12:41,1675.0,46.656661153853584
2024-06-14 20:12:42,1676.0,46.5395307114731
2024-06-14 20:12:43,1677.0,46.4229566667129
2024-06-14 20:12:44,1678.0,46.30732772775758
2024-06-14 20:12:45,1679.0,46.193032602791746
2024-06-14 20:12:46,1680.0,46.08046000000001
2024-06-14 20:12:47,1681.0,45.966133423571414
2024-06-14 20:12:48,1682.0,45.846461454518504
2024-06-14 20:12:49,1683.0,45.72166041626108
2024-06-14 20:12:50,1684.0,45.59194663221896
2024-06-14 20:12:51,1685.0,45.45753642581197
2024-06-14 20:12:52,1686.0,45.3186461204599
2024-06-14 20:12:53,1687.0,45.17549203958257
2024-06-14 20:12:54,1688.0,45.028290506599795
2024-06-14 20:12:55,1689.0,44.877257844931385
2024-06-14 20:12:56,1690.0,44.72261037799715
2024-06-14 20:12:57,1691.0,44.56456442921691
2024-06-14 20:12:58,1692.0,44.40333632201046
2024-06-14 20:12:59,1693.0,44.23914237979763
2024-06-14 20:13:00,1694.0,44.072198925998215
2024-06-14 20:13:01,1695.0,43.902722284032045
2024-06-14 20:13:02,1696.0,43.73092877731893
2024-06-14 20:13:03,1697.0,43.55703472927866
2024-06-14 20:13:04,1698.0,43.38125646333108
2024-06-14 20:13:05,1699.0,43.203810302895974
2024-06-14 20:13:06,1700.0,43.02491257139316
2024-06-14 20:13:07,1701.0,42.84477959224246
2024-06-14 20:13:08,1702.0,42.663627688863684
2024-06-14 20:13:09,1703.0,42.48167318467663
2024-06-14 20:13:10,1704.0,42.299132403101126
2024-06-14 20:13:11,1705.0,42.116221667556985
2024-06-14 20:13:12,1706.0,41.93315730146399
2024-06-14 20:13:13,1707.0,41.750155628242005
2024-06-14 20:13:14,1708.0,41.56743297131079
2024-06-14 20:13:15,1709.0,41.38520565409019
2024-06-14 20:13:16,1710.0,41.20369
2024-06-14 20:13:17,1711.0,41.01456025971324
2024-06-14 20:13:18,1712.0,40.81034860537063
2024-06-14 20:13:19,1713.0,40.59255824259358
2024-06-14 20:13:20,1714.0,40.362692377003505
2024-06-14 20:13:21,1715.0,40.122254214221776
2024-06-14 20:13:22,1716.0,39.872746959869836
2024-06-14 20:13:23,1717.0,39.61567381956905
2024-06-14 20:13:24,1718.0,39.352537998940846
2024-06-14 20:13:25,1719.0,39.08484270360661
2024-06-14 20:13:26,1720.0,38.81409113918776
2024-06-14 20:13:27,1721.0,38.54178651130569
2024-06-14 20:13:28,1722.0,38.26943202558179
2024-06-14 20:13:29,1723.0,37.99853088763749
2024-06-14 20:13:30,1724.0,37.730586303094185
2024-06-14 20:13:31,1725.0,37.46710147757325
2024-06-14 20:13:32,1726.0,37.209579616696125
2024-06-14 20:13:33,1727.0,36.95952392608419
2024-06-14 20:13:34,1728.0,36.718437611358844
2024-06-14 20:13:35,1729.0,36.487823878141505
2024-06-14 20:13:36,1730.0,36.26918593205358
2024-06-14 20:13:37,1731.0,36.06402697871645
2024-06-14 20:13:38,1732.0,35.87385022375153
2024-06-14 20:13:39,1733.0,35.700158872780214
2024-06-14 20:13:40,1734.0,35.54445613142393
2024-06-14 20:13:41,1735.0,35.408245205304056
2024-06-14 20:13:42,1736.0,35.293029300041994
2024-06-14 20:13:43,1737.0,35.200311621259154
2024-06-14 20:13:44,1738.0,35.13159537457694
2024-06-14 20:13:45,1739.0,35.088383765616754
2024-06-14 20:13:46,1740.0,35.072179999999996
2024-06-14 20:13:47,1741.0,35.07008273905013
2024-06-14 20:13:48,1742.0,35.06817953233579
2024-06-14 20:13:49,1743.0,35.06645691784616
2024-06-14 20:13:50,1744.0,35.06490143357041
2024-06-14 20:13:51,1745.0,35.0634996174977
2024-06-14 20:13:52,1746.0,35.06223800761721
2024-06-14 20:13:53,1747.0,35.061103141918124
2024-06-14 20:13:54,1748.0,35.0600815583896
2024-06-14 20:13:55,1749.0,35.05915979502082
2024-06-14 20:13:56,1750.0,35.05832438980094
2024-06-14 20:13:57,1751.0,35.05756188071914
2024-06-14 20:13:58,1752.0,35.056858805764605
2024-06-14 20:13:59,1753.0,35.056201702926494
2024-06-14 20:14:00,1754.0,35.05557711019398
2024-06-14 20:14:01,1755.0,35.05497156555624
2024-06-14 20:14:02,1756.0,35.05437160700245
2024-06-14 20:14:03,1757.0,35.05376377252177
2024-06-14 20:14:04,1758.0,35.05313460010338
2024-06-14 20:14:05,1759.0,35.05247062773646
2024-06-14 20:14:06,1760.0,35.05175839341016
2024-06-14 20:14:07,1761.0,35.05098443511368
2024-06-14 20:14:08,1762.0,35.05013529083617
2024-06-14 20:14:09,1763.0,35.04919749856682
2024-06-14 20:14:10,1764.0,35.04815759629478
2024-06-14 20:14:11,1765.0,35.04700212200923
2024-06-14 20:14:12,1766.0,35.04571761369937
2024-06-14 20:14:13,1767.0,35.04429060935433
2024-06-14 20:14:14,1768.0,35.042707646963315
2024-06-14 20:14:15,1769.0,35.040955264515475
2024-06-14 20:14:16,1770.0,35.03902
2024-06-14 20:14:17,1771.0,35.035898802202965
2024-06-14 20:14:18,1772.0,35.030699763504856
2024-06-14 20:14:19,1773.0,35.02357613728643
2024-06-14 20:14:20,1774.0,35.01468117692845
2024-06-14 20:14:21,1775.0,35.00416813581166
2024-06-14 20:14:22,1776.0,34.99219026731682
2024-06-14 20:14:23,1777.0,34.97890082482471
2024-06-14 20:14:24,1778.0,34.96445306171607
2024-06-14 20:14:25,1779.0,34.94900023137167
2024-06-14 20:14:26,1780.0,34.93269558717226
2024-06-14 20:14:27,1781.0,34.91569238249859
2024-06-14 20:14:28,1782.0,34.89814387073144
2024-06-14 20:14:29,1783.0,34.88020330525155
2024-06-14 20:14:30,1784.0,34.86202393943967
2024-06-14 20:14:31,1785.0,34.843759026676594
2024-06-14 20:14:32,1786.0,34.82556182034305
2024-06-14 20:14:33,1787.0,34.80758557381981
2024-06-14 20:14:34,1788.0,34.78998354048762
2024-06-14 20:14:35,1789.0,34.772908973727255
2024-06-14 20:14:36,1790.0,34.75651512691946
2024-06-14 20:14:37,1791.0,34.740955253445
2024-06-14 20:14:38,1792.0,34.72638260668463
2024-06-14 20:14:39,1793.0,34.71295044001911
2024-06-14 20:14:40,1794.0,34.7008120068292
2024-06-14 20:14:41,1795.0,34.690120560495664
2024-06-14 20:14:42,1796.0,34.68102935439924
2024-06-14 20:14:43,1797.0,34.67369164192071
2024-06-14 20:14:44,1798.0,34.668260676440816
2024-06-14 20:14:45,1799.0,34.66488971134033
2024-06-14 20:14:46,1800.0,34.663731999999996
2024-06-14 20:14:47,1801.0,34.66519605274073
2024-06-14 20:14:48,1802.0,34.66945511525926
2024-06-14 20:14:49,1803.0,34.676309544
2024-06-14 20:14:50,1804.0,34.685559695407406
2024-06-14 20:14:51,1805.0,34.69700592592592
2024-06-14 20:14:52,1806.0,34.710448592
2024-06-14 20:14:53,1807.0,34.72568805007407
2024-06-14 20:14:54,1808.0,34.742524656592586
2024-06-14 20:14:55,1809.0,34.760758767999995
2024-06-14 20:14:56,1810.0,34.78019074074074
2024-06-14 20:14:57,1811.0,34.80062093125925
2024-06-14 20:14:58,1812.0,34.821849696
2024-06-14 20:14:59,1813.0,34.843677391407404
2024-06-14 20:15:00,1814.0,34.86590437392593
2024-06-14 20:15:01,1815.0,34.888330999999994
2024-06-14 20:15:02,1816.0,34.91075762607407
2024-06-14 20:15:03,1817.0,34.9329846085926
2024-06-14 20:15:04,1818.0,34.954812304
2024-06-14 20:15:05,1819.0,34.97604106874075
2024-06-14 20:15:06,1820.0,34.996471259259266
2024-06-14 20:15:07,1821.0,35.01590323200001
2024-06-14 20:15:08,1822.0,35.03413734340741
2024-06-14 20:15:09,1823.0,35.05097394992593
2024-06-14 20:15:10,1824.0,35.066213408
2024-06-14 20:15:11,1825.0,35.07965607407408
2024-06-14 20:15:12,1826.0,35.0911023045926
2024-06-14 20:15:13,1827.0,35.100352456
2024-06-14 20:15:14,1828.0,35.10720688474074
2024-06-14 20:15:15,1829.0,35.11146594725926
2024-06-14 20:15:16,1830.0,35.112930000000006
2024-06-14 20:15:17,1831.0,35.09782597333334
2024-06-14 20:15:18,1832.0,35.053886986666676
2024-06-14 20:15:19,1833.0,34.98317268000001
2024-06-14 20:15:20,1834.0,34.88774269333334
2024-06-14 20:15:21,1835.0,34.76965666666667
2024-06-14 20:15:22,1836.0,34.63097424000001
2024-06-14 20:15:23,1837.0,34.473755053333335
2024-06-14 20:15:24,1838.0,34.30005874666667
2024-06-14 20:15:25,1839.0,34.11194496
2024-06-14 20:15:26,1840.0,33.91147333333334
2024-06-14 20:15:27,1841.0,33.70070350666667
2024-06-14 20:15:28,1842.0,33.48169512
2024-06-14 20:15:29,1843.0,33.256507813333336
2024-06-14 20:15:30,1844.0,33.02720122666667
2024-06-14 20:15:31,1845.0,32.795835000000004
2024-06-14 20:15:32,1846.0,32.56446877333333
2024-06-14 20:15:33,1847.0,32.33516218666667
2024-06-14 20:15:34,1848.0,32.109974879999996
2024-06-14 20:15:35,1849.0,31.890966493333334
2024-06-14 20:15:36,1850.0,31.680196666666664
2024-06-14 20:15:37,1851.0,31.479725039999998
2024-06-14 20:15:38,1852.0,31.291611253333333
2024-06-14 20:15:39,1853.0,31.117914946666666
2024-06-14 20:15:40,1854.0,30.960695759999997
2024-06-14 20:15:41,1855.0,30.82201333333333
2024-06-14 20:15:42,1856.0,30.703927306666664
2024-06-14 20:15:43,1857.0,30.608497319999998
2024-06-14 20:15:44,1858.0,30.537783013333332
2024-06-14 20:15:45,1859.0,30.493844026666665
2024-06-14 20:15:46,1860.0,30.47874
2024-06-14 20:15:47,1861.0,30.513087178962962
2024-06-14 20:15:48,1862.0,30.613006245037038
2024-06-14 20:15:49,1863.0,30.773813492
2024-06-14 20:15:50,1864.0,30.99082521362963
2024-06-14 20:15:51,1865.0,31.259357703703703
2024-06-14 20:15:52,1866.0,31.574727256
2024-06-14 20:15:53,1867.0,31.932250164296295
2024-06-14 20:15:54,1868.0,32.32724272237037
2024-06-14 20:15:55,1869.0,32.755021224
2024-06-14 20:15:56,1870.0,33.210901962962964
2024-06-14 20:15:57,1871.0,33.69020123303704
2024-06-14 20:15:58,1872.0,34.188235328
2024-06-14 20:15:59,1873.0,34.70032054162963
2024-06-14 20:16:00,1874.0,35.22177316770371
2024-06-14 20:16:01,1875.0,35.7479095
2024-06-14 20:16:02,1876.0,36.274045832296295
2024-06-14 20:16:03,1877.0,36.79549845837037
2024-06-14 20:16:04,1878.0,37.307583672
2024-06-14 20:16:05,1879.0,37.80561776696296
2024-06-14 20:16:06,1880.0,38.28491703703703
2024-06-14 20:16:07,1881.0,38.740797776
2024-06-14 20:16:08,1882.0,39.16857627762963
2024-06-14 20:16:09,1883.0,39.563568835703705
2024-06-14 20:16:10,1884.0,39.921091743999995
2024-06-14 20:16:11,1885.0,40.2364612962963
2024-06-14 20:16:12,1886.0,40.50499378637038
2024-06-14 20:16:13,1887.0,40.722005507999995
2024-06-14 20:16:14,1888.0,40.88281275496297
2024-06-14 20:16:15,1889.0,40.98273182103704
2024-06-14 20:16:16,1890.0,41.017079
2024-06-14 20:16:17,1891.0,40.99820558858445
2024-06-14 20:16:18,1892.0,40.94326176066329
2024-06-14 20:16:19,1893.0,40.85476212572481
2024-06-14 20:16:20,1894.0,40.7352212932573
2024-06-14 20:16:21,1895.0,40.587153872749006
2024-06-14 20:16:22,1896.0,40.413074473688226
2024-06-14 20:16:23,1897.0,40.21549770556322
2024-06-14 20:16:24,1898.0,39.99693817786229
2024-06-14 20:16:25,1899.0,39.759910500073694
2024-06-14 20:16:26,1900.0,39.5069292816857
2024-06-14 20:16:27,1901.0,39.240509132186595
2024-06-14 20:16:28,1902.0,38.96316466106467
2024-06-14 20:16:29,1903.0,38.67741047780817
2024-06-14 20:16:30,1904.0,38.385761191905395
2024-06-14 20:16:31,1905.0,38.09073141284462
2024-06-14 20:16:32,1906.0,37.7948357501141
2024-06-14 20:16:33,1907.0,37.50058881320214
2024-06-14 20:16:34,1908.0,37.210505211596995
2024-06-14 20:16:35,1909.0,36.927099554786956
2024-06-14 20:16:36,1910.0,36.65288645226028
2024-06-14 20:16:37,1911.0,36.39038051350527
2024-06-14 20:16:38,1912.0,36.142096348010185
2024-06-14 20:16:39,1913.0,35.9105485652633
2024-06-14 20:16:40,1914.0,35.69825177475289
2024-06-14 20:16:41,1915.0,35.507720585967235
2024-06-14 20:16:42,1916.0,35.341469608394625
2024-06-14 20:16:43,1917.0,35.202013451523314
2024-06-14 20:16:44,1918.0,35.09186672484159
2024-06-14 20:16:45,1919.0,35.013544037837725
2024-06-14 20:16:46,1920.0,34.96956
2024-06-14 20:16:47,1921.0,34.94392897164376
2024-06-14 20:16:48,1922.0,34.91899685767693
2024-06-14 20:16:49,1923.0,34.89477558447669
2024-06-14 20:16:50,1924.0,34.8712770784202
2024-06-14 20:16:51,1925.0,34.84851326588462
2024-06-14 20:16:52,1926.0,34.826496073247114
2024-06-14 20:16:53,1927.0,34.80523742688486
2024-06-14 20:16:54,1928.0,34.784749253175
2024-06-14 20:16:55,1929.0,34.76504347849473
2024-06-14 20:16:56,1930.0,34.746132029221194
2024-06-14 20:16:57,1931.0,34.72802683173156
2024-06-14 20:16:58,1932.0,34.710739812403006
2024-06-14 20:16:59,1933.0,34.69428289761267
2024-06-14 20:17:00,1934.0,34.678668013737756
2024-06-14 20:17:01,1935.0,34.66390708715539
2024-06-14 20:17:02,1936.0,34.65001204424276
2024-06-14 20:17:03,1937.0,34.63699481137701
2024-06-14 20:17:04,1938.0,34.62486731493534
2024-06-14 20:17:05,1939.0,34.61364148129488
2024-06-14 20:17:06,1940.0,34.60332923683282
2024-06-14 20:17:07,1941.0,34.59394250792631
2024-06-14 20:17:08,1942.0,34.58549322095253
2024-06-14 20:17:09,1943.0,34.577993302288625
2024-06-14 20:17:10,1944.0,34.57145467831178
2024-06-14 20:17:11,1945.0,34.56588927539915
2024-06-14 20:17:12,1946.0,34.56130901992789
2024-06-14 20:17:13,1947.0,34.55772583827519
2024-06-14 20:17:14,1948.0,34.5551516568182
2024-06-14 20:17:15,1949.0,34.55359840193408
2024-06-14 20:17:16,1950.0,34.553078
2024-06-14 20:17:17,1951.0,34.55401641244444
2024-06-14 20:17:18,1952.0,34.55674633955556
2024-06-14 20:17:19,1953.0,34.561139816
2024-06-14 20:17:20,1954.0,34.567068876444445
2024-06-14 20:17:21,1955.0,34.57440555555556
2024-06-14 20:17:22,1956.0,34.583021888
2024-06-14 20:17:23,1957.0,34.592789908444445
2024-06-14 20:17:24,1958.0,34.60358165155555
2024-06-14 20:17:25,1959.0,34.615269152
2024-06-14 20:17:26,1960.0,34.62772444444444
2024-06-14 20:17:27,1961.0,34.64081956355555
2024-06-14 20:17:28,1962.0,34.654426544
2024-06-14 20:17:29,1963.0,34.66841742044444
2024-06-14 20:17:30,1964.0,34.682664227555556
2024-06-14 20:17:31,1965.0,34.697039
2024-06-14 20:17:32,1966.0,34.711413772444445
2024-06-14 20:17:33,1967.0,34.72566057955555
2024-06-14 20:17:34,1968.0,34.739651456
2024-06-14 20:17:35,1969.0,34.75325843644445
2024-06-14 20:17:36,1970.0,34.766353555555554
2024-06-14 20:17:37,1971.0,34.778808848
2024-06-14 20:17:38,1972.0,34.79049634844444
2024-06-14 20:17:39,1973.0,34.801288091555556
2024-06-14 20:17:40,1974.0,34.811056112
2024-06-14 20:17:41,1975.0,34.81967244444445
2024-06-14 20:17:42,1976.0,34.827009123555555
2024-06-14 20:17:43,1977.0,34.832938184
2024-06-14 20:17:44,1978.0,34.83733166044444
2024-06-14 20:17:45,1979.0,34.84006158755556
2024-06-14 20:17:46,1980.0,34.841
2024-06-14 20:17:47,1981.0,34.83920414814815
2024-06-14 20:17:48,1982.0,34.83397985185186
2024-06-14 20:17:49,1983.0,34.825572
2024-06-14 20:17:50,1984.0,34.81422548148148
2024-06-14 20:17:51,1985.0,34.80018518518519
2024-06-14 20:17:52,1986.0,34.783696000000006
2024-06-14 20:17:53,1987.0,34.76500281481482
2024-06-14 20:17:54,1988.0,34.744350518518516
2024-06-14 20:17:55,1989.0,34.721984
2024-06-14 20:17:56,1990.0,34.69814814814815
2024-06-14 20:17:57,1991.0,34.673087851851854
2024-06-14 20:17:58,1992.0,34.647048000000005
2024-06-14 20:17:59,1993.0,34.62027348148148
2024-06-14 20:18:00,1994.0,34.59300918518518
2024-06-14 20:18:01,1995.0,34.5655
2024-06-14 20:18:02,1996.0,34.53799081481481
2024-06-14 20:18:03,1997.0,34.51072651851852
2024-06-14 20:18:04,1998.0,34.483952
2024-06-14 20:18:05,1999.0,34.45791214814815
2024-06-14 20:18:06,2000.0,34.43285185185185
2024-06-14 20:18:07,2001.0,34.409016
2024-06-14 20:18:08,2002.0,34.386649481481484
2024-06-14 20:18:09,2003.0,34.365997185185186
2024-06-14 20:18:10,2004.0,34.347304
2024-06-14 20:18:11,2005.0,34.330814814814815
2024-06-14 20:18:12,2006.0,34.31677451851852
2024-06-14 20:18:13,2007.0,34.305428
2024-06-14 20:18:14,2008.0,34.29702014814815
2024-06-14 20:18:15,2009.0,34.29179585185185
2024-06-14 20:18:16,2010.0,34.29
2024-06-14 20:18:17,2011.0,34.291324100148145
2024-06-14 20:18:18,2012.0,34.295176027851845
2024-06-14 20:18:19,2013.0,34.301375224
2024-06-14 20:18:20,2014.0,34.30974112948148
2024-06-14 20:18:21,2015.0,34.320093185185186
2024-06-14 20:18:22,2016.0,34.332250832
2024-06-14 20:18:23,2017.0,34.34603351081481
2024-06-14 20:18:24,2018.0,34.36126066251852
2024-06-14 20:18:25,2019.0,34.377751728
2024-06-14 20:18:26,2020.0,34.39532614814814
2024-06-14 20:18:27,2021.0,34.41380336385185
2024-06-14 20:18:28,2022.0,34.433002816
2024-06-14 20:18:29,2023.0,34.45274394548148
2024-06-14 20:18:30,2024.0,34.472846193185184
2024-06-14 20:18:31,2025.0,34.493128999999996
2024-06-14 20:18:32,2026.0,34.513411806814815
2024-06-14 20:18:33,2027.0,34.53351405451852
2024-06-14 20:18:34,2028.0,34.553255184
2024-06-14 20:18:35,2029.0,34.57245463614815
2024-06-14 20:18:36,2030.0,34.59093185185185
2024-06-14 20:18:37,2031.0,34.608506272
2024-06-14 20:18:38,2032.0,34.62499733748148
2024-06-14 20:18:39,2033.0,34.64022448918519
2024-06-14 20:18:40,2034.0,34.654007168
2024-06-14 20:18:41,2035.0,34.66616481481482
2024-06-14 20:18:42,2036.0,34.67651687051852
2024-06-14 20:18:43,2037.0,34.684882775999995
2024-06-14 20:18:44,2038.0,34.69108197214815
2024-06-14 20:18:45,2039.0,34.694933899851854
2024-06-14 20:18:46,2040.0,34.696258
2024-06-14 20:18:47,2041.0,34.69410291911112
2024-06-14 20:18:48,2042.0,34.687833592888886
2024-06-14 20:18:49,2043.0,34.677743896
2024-06-14 20:18:50,2044.0,34.66412770311111
2024-06-14 20:18:51,2045.0,34.64727888888889
2024-06-14 20:18:52,2046.0,34.627491328
2024-06-14 20:18:53,2047.0,34.60505889511111
2024-06-14 20:18:54,2048.0,34.580275464888885
2024-06-14 20:18:55,2049.0,34.553434912
2024-06-14 20:18:56,2050.0,34.524831111111105
2024-06-14 20:18:57,2051.0,34.49475793688889
2024-06-14 20:18:58,2052.0,34.463509264
2024-06-14 20:18:59,2053.0,34.431378967111115
2024-06-14 20:19:00,2054.0,34.39866092088889
2024-06-14 20:19:01,2055.0,34.365649
2024-06-14 20:19:02,2056.0,34.33263707911111
2024-06-14 20:19:03,2057.0,34.29991903288889
2024-06-14 20:19:04,2058.0,34.26778873599999
2024-06-14 20:19:05,2059.0,34.23654006311111
2024-06-14 20:19:06,2060.0,34.20646688888888
2024-06-14 20:19:07,2061.0,34.177863087999995
2024-06-14 20:19:08,2062.0,34.15102253511111
2024-06-14 20:19:09,2063.0,34.12623910488889
2024-06-14 20:19:10,2064.0,34.103806672
2024-06-14 20:19:11,2065.0,34.08401911111111
2024-06-14 20:19:12,2066.0,34.06717029688888
2024-06-14 20:19:13,2067.0,34.05355410399999
2024-06-14 20:19:14,2068.0,34.04346440711111
2024-06-14 20:19:15,2069.0,34.03719508088888
2024-06-14 20:19:16,2070.0,34.035039999999995
2024-06-14 20:19:17,2071.0,34.05954490464819
2024-06-14 20:19:18,2072.0,34.13087019572942
2024-06-14 20:19:19,2073.0,34.24573173894867
2024-06-14 20:19:20,2074.0,34.40084540001089
2024-06-14 20:19:21,2075.0,34.59292704462107
2024-06-14 20:19:22,2076.0,34.818692538484164
2024-06-14 20:19:23,2077.0,35.07485774730516
2024-06-14 20:19:24,2078.0,35.358138536789006
2024-06-14 20:19:25,2079.0,35.66525077264071
2024-06-14 20:19:26,2080.0,35.99291032056521
2024-06-14 20:19:27,2081.0,36.33783304626748
2024-06-14 20:19:28,2082.0,36.6967348154525
2024-06-14 20:19:29,2083.0,37.06633149382525
2024-06-14 20:19:30,2084.0,37.44333894709069
2024-06-14 20:19:31,2085.0,37.824473040953784
2024-06-14 20:19:32,2086.0,38.20644964111952
2024-06-14 20:19:33,2087.0,38.58598461329285
2024-06-14 20:19:34,2088.0,38.95979382317876
2024-06-14 20:19:35,2089.0,39.324593136482214
2024-06-14 20:19:36,2090.0,39.67709841890819
2024-06-14 20:19:37,2091.0,40.014025536161654
2024-06-14 20:19:38,2092.0,40.33209035394757
2024-06-14 20:19:39,2093.0,40.62800873797093
2024-06-14 20:19:40,2094.0,40.89849655393668
2024-06-14 20:19:41,2095.0,41.1402696675498
2024-06-14 20:19:42,2096.0,41.350043944515264
2024-06-14 20:19:43,2097.0,41.52453525053805
2024-06-14 20:19:44,2098.0,41.66045945132312
2024-06-14 20:19:45,2099.0,41.75453241257544
2024-06-14 20:19:46,2100.0,41.80347
2024-06-14 20:19:47,2101.0,41.8283873355727
2024-06-14 20:19:48,2102.0,41.85258320052873
2024-06-14 20:19:49,2103.0,41.87604894946194
2024-06-14 20:19:50,2104.0,41.8987759369662
2024-06-14 20:19:51,2105.0,41.92075551763538
2024-06-14 20:19:52,2106.0,41.94197904606332
2024-06-14 20:19:53,2107.0,41.962437876843886
2024-06-14 20:19:54,2108.0,41.98212336457094
2024-06-14 20:19:55,2109.0,42.00102686383834
2024-06-14 20:19:56,2110.0,42.01913972923996
2024-06-14 20:19:57,2111.0,42.036453315369634
2024-06-14 20:19:58,2112.0,42.05295897682124
2024-06-14 20:19:59,2113.0,42.06864806818863
2024-06-14 20:20:00,2114.0,42.08351194406567
2024-06-14 20:20:01,2115.0,42.09754195904621
2024-06-14 20:20:02,2116.0,42.11072946772413
2024-06-14 20:20:03,2117.0,42.12306582469326
2024-06-14 20:20:04,2118.0,42.13454238454749
2024-06-14 20:20:05,2119.0,42.145150501880664
2024-06-14 20:20:06,2120.0,42.15488153128665
2024-06-14 20:20:07,2121.0,42.16372682735929
2024-06-14 20:20:08,2122.0,42.17167774469246
2024-06-14 20:20:09,2123.0,42.17872563788002
2024-06-14 20:20:10,2124.0,42.18486186151583
2024-06-14 20:20:11,2125.0,42.19007777019374
2024-06-14 20:20:12,2126.0,42.19436471850762
2024-06-14 20:20:13,2127.0,42.19771406105132
2024-06-14 20:20:14,2128.0,42.20011715241871
2024-06-14 20:20:15,2129.0,42.201565347203655
2024-06-14 20:20:16,2130.0,42.20205
2024-06-14 20:20:17,2131.0,42.19914899851852
2024-06-14 20:20:18,2132.0,42.19070972148148
2024-06-14 20:20:19,2133.0,42.177127760000005
2024-06-14 20:20:20,2134.0,42.158798705185184
2024-06-14 20:20:21,2135.0,42.13611814814815
2024-06-14 20:20:22,2136.0,42.10948168
2024-06-14 20:20:23,2137.0,42.07928489185185
2024-06-14 20:20:24,2138.0,42.04592337481482
2024-06-14 20:20:25,2139.0,42.00979272
2024-06-14 20:20:26,2140.0,41.97128851851851
2024-06-14 20:20:27,2141.0,41.93080636148148
2024-06-14 20:20:28,2142.0,41.88874184
2024-06-14 20:20:29,2143.0,41.845490545185186
2024-06-14 20:20:30,2144.0,41.80144806814815
2024-06-14 20:20:31,2145.0,41.75701
2024-06-14 20:20:32,2146.0,41.712571931851855
2024-06-14 20:20:33,2147.0,41.66852945481481
2024-06-14 20:20:34,2148.0,41.62527815999999
2024-06-14 20:20:35,2149.0,41.583213638518515
2024-06-14 20:20:36,2150.0,41.542731481481475
2024-06-14 20:20:37,2151.0,41.504227279999995
2024-06-14 20:20:38,2152.0,41.46809662518518
2024-06-14 20:20:39,2153.0,41.434735108148146
2024-06-14 20:20:40,2154.0,41.40453831999999
2024-06-14 20:20:41,2155.0,41.377901851851846
2024-06-14 20:20:42,2156.0,41.35522129481481
2024-06-14 20:20:43,2157.0,41.33689223999999
2024-06-14 20:20:44,2158.0,41.32331027851851
2024-06-14 20:20:45,2159.0,41.31487100148148
2024-06-14 20:20:46,2160.0,41.311969999999995
2024-06-14 20:20:47,2161.0,41.336191478518515
2024-06-14 20:20:48,2162.0,41.406653961481474
2024-06-14 20:20:49,2163.0,41.520054519999995
2024-06-14 20:20:50,2164.0,41.67309022518518
2024-06-14 20:20:51,2165.0,41.86245814814814
2024-06-14 20:20:52,2166.0,42.08485536
2024-06-14 20:20:53,2167.0,42.336978931851846
2024-06-14 20:20:54,2168.0,42.61552593481481
2024-06-14 20:20:55,2169.0,42.91719344
2024-06-14 20:20:56,2170.0,43.23867851851852
2024-06-14 20:20:57,2171.0,43.57667824148148
2024-06-14 20:20:58,2172.0,43.92788968
2024-06-14 20:20:59,2173.0,44.28900990518518
2024-06-14 20:21:00,2174.0,44.65673598814815
2024-06-14 20:21:01,2175.0,45.027765
2024-06-14 20:21:02,2176.0,45.39879401185185
2024-06-14 20:21:03,2177.0,45.766520094814815
2024-06-14 20:21:04,2178.0,46.12764032
2024-06-14 20:21:05,2179.0,46.478851758518516
2024-06-14 20:21:06,2180.0,46.816851481481486
2024-06-14 20:21:07,2181.0,47.13833656
2024-06-14 20:21:08,2182.0,47.440004065185185
2024-06-14 20:21:09,2183.0,47.71855106814815
2024-06-14 20:21:10,2184.0,47.97067464
2024-06-14 20:21:11,2185.0,48.193071851851855
2024-06-14 20:21:12,2186.0,48.38243977481481
2024-06-14 20:21:13,2187.0,48.53547548
2024-06-14 20:21:14,2188.0,48.648876038518516
2024-06-14 20:21:15,2189.0,48.71933852148149
2024-06-14 20:21:16,2190.0,48.74356
2024-06-14 20:21:17,2191.0,48.71916079407408
2024-06-14 20:21:18,2192.0,48.64818128592593
2024-06-14 20:21:19,2193.0,48.53394864
2024-06-14 20:21:20,2194.0,48.37979002074074
2024-06-14 20:21:21,2195.0,48.189032592592596
2024-06-14 20:21:22,2196.0,47.96500352
2024-06-14 20:21:23,2197.0,47.71102996740741
2024-06-14 20:21:24,2198.0,47.43043909925927
2024-06-14 20:21:25,2199.0,47.12655808000001
2024-06-14 20:21:26,2200.0,46.80271407407408
2024-06-14 20:21:27,2201.0,46.462234245925934
2024-06-14 20:21:28,2202.0,46.10844576000001
2024-06-14 20:21:29,2203.0,45.74467578074075
2024-06-14 20:21:30,2204.0,45.3742514725926
2024-06-14 20:21:31,2205.0,45.0005
2024-06-14 20:21:32,2206.0,44.626748527407415
2024-06-14 20:21:33,2207.0,44.25632421925928
2024-06-14 20:21:34,2208.0,43.89255424000001
2024-06-14 20:21:35,2209.0,43.538765754074085
2024-06-14 20:21:36,2210.0,43.198285925925944
2024-06-14 20:21:37,2211.0,42.87444192000002
2024-06-14 20:21:38,2212.0,42.57056090074076
2024-06-14 20:21:39,2213.0,42.289970032592606
2024-06-14 20:21:40,2214.0,42.035996480000016
2024-06-14 20:21:41,2215.0,41.81196740740742
2024-06-14 20:21:42,2216.0,41.62120997925928
2024-06-14 20:21:43,2217.0,41.46705136000001
2024-06-14 20:21:44,2218.0,41.35281871407409
2024-06-14 20:21:45,2219.0,41.28183920592594
2024-06-14 20:21:46,2220.0,41.25744000000002
2024-06-14 20:21:47,2221.0,41.258795869519105
2024-06-14 20:21:48,2222.0,41.26279349913885
2024-06-14 20:21:49,2223.0,41.26932792045302
2024-06-14 20:21:50,2224.0,41.27829416505537
2024-06-14 20:21:51,2225.0,41.28958726453964
2024-06-14 20:21:52,2226.0,41.3031022504996
2024-06-14 20:21:53,2227.0,41.31873415452898
2024-06-14 20:21:54,2228.0,41.33637800822155
2024-06-14 20:21:55,2229.0,41.35592884317106
2024-06-14 20:21:56,2230.0,41.377281690971266
2024-06-14 20:21:57,2231.0,41.40033158321591
2024-06-14 20:21:58,2232.0,41.42497355149875
2024-06-14 20:21:59,2233.0,41.45110262741355
2024-06-14 20:22:00,2234.0,41.47861384255404
2024-06-14 20:22:01,2235.0,41.50740222851399
2024-06-14 20:22:02,2236.0,41.53736281688715
2024-06-14 20:22:03,2237.0,41.56839063926728
2024-06-14 20:22:04,2238.0,41.600380727248115
2024-06-14 20:22:05,2239.0,41.633228112423424
2024-06-14 20:22:06,2240.0,41.66682782638695
2024-06-14 20:22:07,2241.0,41.70107490073245
2024-06-14 20:22:08,2242.0,41.73586436705368
2024-06-14 20:22:09,2243.0,41.77109125694438
2024-06-14 20:22:10,2244.0,41.80665060199833
2024-06-14 20:22:11,2245.0,41.84243743380925
2024-06-14 20:22:12,2246.0,41.87834678397091
2024-06-14 20:22:13,2247.0,41.91427368407707
2024-06-14 20:22:14,2248.0,41.95011316572147
2024-06-14 20:22:15,2249.0,41.98576026049786
2024-06-14 20:22:16,2250.0,42.02111000000001
2024-06-14 20:22:17,2251.0,42.05952976616882
2024-06-14 20:22:18,2252.0,42.10410784761188
2024-06-14 20:22:19,2253.0,42.15432063592295
2024-06-14 20:22:20,2254.0,42.20964452269577
2024-06-14 20:22:21,2255.0,42.2695558995241
2024-06-14 20:22:22,2256.0,42.3335311580017
2024-06-14 20:22:23,2257.0,42.40104668972229
2024-06-14 20:22:24,2258.0,42.47157888627967
2024-06-14 20:22:25,2259.0,42.54460413926757
2024-06-14 20:22:26,2260.0,42.619598840279735
2024-06-14 20:22:27,2261.0,42.69603938090993
2024-06-14 20:22:28,2262.0,42.7734021527519
2024-06-14 20:22:29,2263.0,42.85116354739941
2024-06-14 20:22:30,2264.0,42.9287999564462
2024-06-14 20:22:31,2265.0,43.00578777148603
2024-06-14 20:22:32,2266.0,43.08160338411265
2024-06-14 20:22:33,2267.0,43.15572318591981
2024-06-14 20:22:34,2268.0,43.22762356850127
2024-06-14 20:22:35,2269.0,43.296780923450775
2024-06-14 20:22:36,2270.0,43.36267164236209
2024-06-14 20:22:37,2271.0,43.42477211682896
2024-06-14 20:22:38,2272.0,43.482558738445135
2024-06-14 20:22:39,2273.0,43.53550789880437
2024-06-14 20:22:40,2274.0,43.58309598950042
2024-06-14 20:22:41,2275.0,43.62479940212705
2024-06-14 20:22:42,2276.0,43.66009452827799
2024-06-14 20:22:43,2277.0,43.688457759547006
2024-06-14 20:22:44,2278.0,43.70936548752784
2024-06-14 20:22:45,2279.0,43.722294103814264
2024-06-14 20:22:46,2280.0,43.72672000000001
2024-06-14 20:22:47,2281.0,43.70194223111112
2024-06-14 20:22:48,2282.0,43.629861448888896
2024-06-14 20:22:49,2283.0,43.513856440000005
2024-06-14 20:22:50,2284.0,43.35730599111111
2024-06-14 20:22:51,2285.0,43.163588888888896
2024-06-14 20:22:52,2286.0,42.93608392000001
2024-06-14 20:22:53,2287.0,42.678169871111116
2024-06-14 20:22:54,2288.0,42.3932255288889
2024-06-14 20:22:55,2289.0,42.084629680000006
2024-06-14 20:22:56,2290.0,41.75576111111112
2024-06-14 20:22:57,2291.0,41.4099986088889
2024-06-14 20:22:58,2292.0,41.05072096000001
2024-06-14 20:22:59,2293.0,40.68130695111112
2024-06-14 20:23:00,2294.0,40.30513536888889
2024-06-14 20:23:01,2295.0,39.925585000000005
2024-06-14 20:23:02,2296.0,39.54603463111111
2024-06-14 20:23:03,2297.0,39.16986304888889
2024-06-14 20:23:04,2298.0,38.800449040000004
2024-06-14 20:23:05,2299.0,38.44117139111112
2024-06-14 20:23:06,2300.0,38.0954088888889
2024-06-14 20:23:07,2301.0,37.766540320000004
2024-06-14 20:23:08,2302.0,37.45794447111112
2024-06-14 20:23:09,2303.0,37.173000128888894
2024-06-14 20:23:10,2304.0,36.91508608000001
2024-06-14 20:23:11,2305.0,36.687581111111115
2024-06-14 20:23:12,2306.0,36.49386400888889
2024-06-14 20:23:13,2307.0,36.337313560000005
2024-06-14 20:23:14,2308.0,36.221308551111115
2024-06-14 20:23:15,2309.0,36.14922776888889
2024-06-14 20:23:16,2310.0,36.12445
2024-06-14 20:23:17,2311.0,36.12579933333333
2024-06-14 20:23:18,2312.0,36.12972466666667
2024-06-14 20:23:19,2313.0,36.136042
2024-06-14 20:23:20,2314.0,36.14456733333334
2024-06-14 20:23:21,2315.0,36.15511666666667
2024-06-14 20:23:22,2316.0,36.167506
2024-06-14 20:23:23,2317.0,36.18155133333333
2024-06-14 20:23:24,2318.0,36.19706866666667
2024-06-14 20:23:25,2319.0,36.213874
2024-06-14 20:23:26,2320.0,36.23178333333333
2024-06-14 20:23:27,2321.0,36.25061266666667
2024-06-14 20:23:28,2322.0,36.270178
2024-06-14 20:23:29,2323.0,36.29029533333333
2024-06-14 20:23:30,2324.0,36.31078066666667
2024-06-14 20:23:31,2325.0,36.331450000000004
2024-06-14 20:23:32,2326.0,36.352119333333334
2024-06-14 20:23:33,2327.0,36.37260466666667
2024-06-14 20:23:34,2328.0,36.392722
2024-06-14 20:23:35,2329.0,36.41228733333333
2024-06-14 20:23:36,2330.0,36.43111666666667
2024-06-14 20:23:37,2331.0,36.449025999999996
2024-06-14 20:23:38,2332.0,36.46583133333333
2024-06-14 20:23:39,2333.0,36.48134866666666
2024-06-14 20:23:40,2334.0,36.495394
2024-06-14 20:23:41,2335.0,36.507783333333336
2024-06-14 20:23:42,2336.0,36.518332666666666
2024-06-14 20:23:43,2337.0,36.526858
2024-06-14 20:23:44,2338.0,36.533175333333325
2024-06-14 20:23:45,2339.0,36.53710066666666
2024-06-14 20:23:46,2340.0,36.53845
2024-06-14 20:23:47,2341.0,36.529674737777775
2024-06-14 20:23:48,2342.0,36.50414670222222
2024-06-14 20:23:49,2343.0,36.46306252
2024-06-14 20:23:50,2344.0,36.407618817777774
2024-06-14 20:23:51,2345.0,36.33901222222222
2024-06-14 20:23:52,2346.0,36.25843936
2024-06-14 20:23:53,2347.0,36.16709685777778
2024-06-14 20:23:54,2348.0,36.06618134222222
2024-06-14 20:23:55,2349.0,35.95688944
2024-06-14 20:23:56,2350.0,35.84041777777777
2024-06-14 20:23:57,2351.0,35.71796298222222
2024-06-14 20:23:58,2352.0,35.590721679999994
2024-06-14 20:23:59,2353.0,35.45989049777778
2024-06-14 20:24:00,2354.0,35.32666606222222
2024-06-14 20:24:01,2355.0,35.192245
2024-06-14 20:24:02,2356.0,35.05782393777778
2024-06-14 20:24:03,2357.0,34.92459950222222
2024-06-14 20:24:04,2358.0,34.793768320000005
2024-06-14 20:24:05,2359.0,34.66652701777778
2024-06-14 20:24:06,2360.0,34.544072222222226
2024-06-14 20:24:07,2361.0,34.42760056
2024-06-14 20:24:08,2362.0,34.31830865777778
2024-06-14 20:24:09,2363.0,34.21739314222223
2024-06-14 20:24:10,2364.0,34.12605064
2024-06-14 20:24:11,2365.0,34.045477777777776
2024-06-14 20:24:12,2366.0,33.976871182222226
2024-06-14 20:24:13,2367.0,33.921427480000006
2024-06-14 20:24:14,2368.0,33.88034329777778
2024-06-14 20:24:15,2369.0,33.854815262222225
2024-06-14 20:24:16,2370.0,33.84604
2024-06-14 20:24:17,2371.0,33.86975456592593
2024-06-14 20:24:18,2372.0,33.938742394074076
2024-06-14 20:24:19,2373.0,34.049769680000004
2024-06-14 20:24:20,2374.0,34.19960261925926
2024-06-14 20:24:21,2375.0,34.38500740740741
2024-06-14 20:24:22,2376.0,34.60275024
2024-06-14 20:24:23,2377.0,34.84959731259259
2024-06-14 20:24:24,2378.0,35.12231482074075
2024-06-14 20:24:25,2379.0,35.41766896
2024-06-14 20:24:26,2380.0,35.73242592592593
2024-06-14 20:24:27,2381.0,36.063351914074076
2024-06-14 20:24:28,2382.0,36.40721312
2024-06-14 20:24:29,2383.0,36.760775739259266
2024-06-14 20:24:30,2384.0,37.120805967407414
2024-06-14 20:24:31,2385.0,37.48407
2024-06-14 20:24:32,2386.0,37.84733403259259
2024-06-14 20:24:33,2387.0,38.207364260740746
2024-06-14 20:24:34,2388.0,38.560926880000004
2024-06-14 20:24:35,2389.0,38.90478808592593
2024-06-14 20:24:36,2390.0,39.235714074074075
2024-06-14 20:24:37,2391.0,39.550471040000005
2024-06-14 20:24:38,2392.0,39.845825179259265
2024-06-14 20:24:39,2393.0,40.118542687407405
2024-06-14 20:24:40,2394.0,40.36538976
2024-06-14 20:24:41,2395.0,40.58313259259259
2024-06-14 20:24:42,2396.0,40.76853738074074
2024-06-14 20:24:43,2397.0,40.91837032000001
2024-06-14 20:24:44,2398.0,41.02939760592593
2024-06-14 20:24:45,2399.0,41.098385434074075
2024-06-14 20:24:46,2400.0,41.1221
2024-06-14 20:24:47,2401.0,41.120970554765115
2024-06-14 20:24:48,2402.0,41.11761079694725
2024-06-14 20:24:49,2403.0,41.11206359337661
2024-06-14 20:24:50,2404.0,41.104371810883414
2024-06-14 20:24:51,2405.0,41.09457831629787
2024-06-14 20:24:52,2406.0,41.08272597645018
2024-06-14 20:24:53,2407.0,41.068857658170536
2024-06-14 20:24:54,2408.0,41.053016228289174
2024-06-14 20:24:55,2409.0,41.03524455363628
2024-06-14 20:24:56,2410.0,41.01558550104207
2024-06-14 20:24:57,2411.0,40.994081937336745
2024-06-14 20:24:58,2412.0,40.97077672935052
2024-06-14 20:24:59,2413.0,40.945712743913596
2024-06-14 20:25:00,2414.0,40.91893284785618
2024-06-14 20:25:01,2415.0,40.89047990800849
2024-06-14 20:25:02,2416.0,40.86039679120071
2024-06-14 20:25:03,2417.0,40.828726364263076
2024-06-14 20:25:04,2418.0,40.795511494025774
2024-06-14 20:25:05,2419.0,40.760795047319014
2024-06-14 20:25:06,2420.0,40.72461989097302
2024-06-14 20:25:07,2421.0,40.687028891817974
2024-06-14 20:25:08,2422.0,40.648064916684106
2024-06-14 20:25:09,2423.0,40.607770832401606
2024-06-14 20:25:10,2424.0,40.566189505800686
2024-06-14 20:25:11,2425.0,40.523363803711554
2024-06-14 20:25:12,2426.0,40.47933659296442
2024-06-14 20:25:13,2427.0,40.43415074038949
2024-06-14 20:25:14,2428.0,40.38784911281697
2024-06-14 20:25:15,2429.0,40.34047457707707
2024-06-14 20:25:16,2430.0,40.292069999999995
2024-06-14 20:25:17,2431.0,40.22579493699699
2024-06-14 20:25:18,2432.0,40.126433533108944
2024-06-14 20:25:19,2433.0,39.9964655396105
2024-06-14 20:25:20,2434.0,39.838370707776306
2024-06-14 20:25:21,2435.0,39.65462878888103
2024-06-14 20:25:22,2436.0,39.44771953419931
2024-06-14 20:25:23,2437.0,39.2201226950058
2024-06-14 20:25:24,2438.0,38.974318022575154
2024-06-14 20:25:25,2439.0,38.71278526818202
2024-06-14 20:25:26,2440.0,38.43800418310105
2024-06-14 20:25:27,2441.0,38.1524545186069
2024-06-14 20:25:28,2442.0,37.85861602597422
2024-06-14 20:25:29,2443.0,37.558968456477665
2024-06-14 20:25:30,2444.0,37.25599156139187
2024-06-14 20:25:31,2445.0,36.95216509199151
2024-06-14 20:25:32,2446.0,36.649968799551225
2024-06-14 20:25:33,2447.0,36.351882435345665
2024-06-14 20:25:34,2448.0,36.06038575064949
2024-06-14 20:25:35,2449.0,35.777958496737334
2024-06-14 20:25:36,2450.0,35.50708042488387
2024-06-14 20:25:37,2451.0,35.25023128636372
2024-06-14 20:25:38,2452.0,35.00989083245157
2024-06-14 20:25:39,2453.0,34.788538814422054
2024-06-14 20:25:40,2454.0,34.58865498354983
2024-06-14 20:25:41,2455.0,34.412719091109544
2024-06-14 20:25:42,2456.0,34.26321088837585
2024-06-14 20:25:43,2457.0,34.14261012662339
2024-06-14 20:25:44,2458.0,34.05339655712683
2024-06-14 20:25:45,2459.0,33.998049931160814
2024-06-14 20:25:46,2460.0,33.97905
2024-06-14 20:25:47,2461.0,33.979996228148146
2024-06-14 20:25:48,2462.0,33.98274889185185
2024-06-14 20:25:49,2463.0,33.98717896
2024-06-14 20:25:50,2464.0,33.99315740148148
2024-06-14 20:25:51,2465.0,34.00055518518519
2024-06-14 20:25:52,2466.0,34.00924328
2024-06-14 20:25:53,2467.0,34.01909265481481
2024-06-14 20:25:54,2468.0,34.029974278518516
2024-06-14 20:25:55,2469.0,34.04175912
2024-06-14 20:25:56,2470.0,34.05431814814815
2024-06-14 20:25:57,2471.0,34.067522331851855
2024-06-14 20:25:58,2472.0,34.08124264
2024-06-14 20:25:59,2473.0,34.09535004148149
2024-06-14 20:26:00,2474.0,34.109715505185186
2024-06-14 20:26:01,2475.0,34.12421
2024-06-14 20:26:02,2476.0,34.13870449481482
2024-06-14 20:26:03,2477.0,34.153069958518515
2024-06-14 20:26:04,2478.0,34.167177360000004
2024-06-14 20:26:05,2479.0,34.18089766814815
2024-06-14 20:26:06,2480.0,34.194101851851855
2024-06-14 20:26:07,2481.0,34.20666088
2024-06-14 20:26:08,2482.0,34.21844572148149
2024-06-14 20:26:09,2483.0,34.22932734518518
2024-06-14 20:26:10,2484.0,34.239176719999996
2024-06-14 20:26:11,2485.0,34.24786481481482
2024-06-14 20:26:12,2486.0,34.25526259851852
2024-06-14 20:26:13,2487.0,34.26124104
2024-06-14 20:26:14,2488.0,34.265671108148155
2024-06-14 20:26:15,2489.0,34.26842377185185
2024-06-14 20:26:16,2490.0,34.26937
2024-06-14 20:26:17,2491.0,34.26891820148148
2024-06-14 20:26:18,2492.0,34.267603878518514
2024-06-14 20:26:19,2493.0,34.26548864000001
2024-06-14 20:26:20,2494.0,34.26263409481482
2024-06-14 20:26:21,2495.0,34.25910185185185
2024-06-14 20:26:22,2496.0,34.25495352
2024-06-14 20:26:23,2497.0,34.25025070814815
2024-06-14 20:26:24,2498.0,34.24505502518519
2024-06-14 20:26:25,2499.0,34.23942808
2024-06-14 20:26:26,2500.0,34.23343148148148
2024-06-14 20:26:27,2501.0,34.227126838518515
2024-06-14 20:26:28,2502.0,34.220575759999996
2024-06-14 20:26:29,2503.0,34.21383985481482
2024-06-14 20:26:30,2504.0,34.20698073185185
2024-06-14 20:26:31,2505.0,34.20006
2024-06-14 20:26:32,2506.0,34.19313926814815
2024-06-14 20:26:33,2507.0,34.18628014518519
2024-06-14 20:26:34,2508.0,34.179544240000006
2024-06-14 20:26:35,2509.0,34.17299316148148
2024-06-14 20:26:36,2510.0,34.16668851851852
2024-06-14 20:26:37,2511.0,34.16069192
2024-06-14 20:26:38,2512.0,34.15506497481481
2024-06-14 20:26:39,2513.0,34.14986929185185
2024-06-14 20:26:40,2514.0,34.14516648
2024-06-14 20:26:41,2515.0,34.14101814814814
2024-06-14 20:26:42,2516.0,34.13748590518519
2024-06-14 20:26:43,2517.0,34.13463136
2024-06-14 20:26:44,2518.0,34.13251612148148
2024-06-14 20:26:45,2519.0,34.13120179851852
2024-06-14 20:26:46,2520.0,34.13075
2024-06-14 20:26:47,2521.0,34.13094579337909
2024-06-14 20:26:48,2522.0,34.131528356038814
2024-06-14 20:26:49,2523.0,34.132490461762785
2024-06-14 20:26:50,2524.0,34.13382488433464
2024-06-14 20:26:51,2525.0,34.13552439753802
2024-06-14 20:26:52,2526.0,34.13758177515657
2024-06-14 20:26:53,2527.0,34.1399897909739
2024-06-14 20:26:54,2528.0,34.14274121877367
2024-06-14 20:26:55,2529.0,34.1458288323395
2024-06-14 20:26:56,2530.0,34.14924540545503
2024-06-14 20:26:57,2531.0,34.15298371190388
2024-06-14 20:26:58,2532.0,34.15703652546971
2024-06-14 20:26:59,2533.0,34.161396619936134
2024-06-14 20:27:00,2534.0,34.1660567690868
2024-06-14 20:27:01,2535.0,34.171009746705344
2024-06-14 20:27:02,2536.0,34.1762483265754
2024-06-14 20:27:03,2537.0,34.18176528248059
2024-06-14 20:27:04,2538.0,34.18755338820456
2024-06-14 20:27:05,2539.0,34.19360541753095
2024-06-14 20:27:06,2540.0,34.19991414424337
2024-06-14 20:27:07,2541.0,34.20647234212549
2024-06-14 20:27:08,2542.0,34.21327278496092
2024-06-14 20:27:09,2543.0,34.22030824653331
2024-06-14 20:27:10,2544.0,34.227571500626276
2024-06-14 20:27:11,2545.0,34.235055321023474
2024-06-14 20:27:12,2546.0,34.242752481508525
2024-06-14 20:27:13,2547.0,34.25065575586507
2024-06-14 20:27:14,2548.0,34.25875791787674
2024-06-14 20:27:15,2549.0,34.26705174132717
2024-06-14 20:27:16,2550.0,34.27553
2024-06-14 20:27:17,2551.0,34.28726637719136
2024-06-14 20:27:18,2552.0,34.305038363604744
2024-06-14 20:27:19,2553.0,34.328394444134936
2024-06-14 20:27:20,2554.0,34.356883103676665
2024-06-14 20:27:21,2555.0,34.390052827124684
2024-06-14 20:27:22,2556.0,34.427452099373724
2024-06-14 20:27:23,2557.0,34.46862940531855
2024-06-14 20:27:24,2558.0,34.5131332298539
2024-06-14 20:27:25,2559.0,34.56051205787451
2024-06-14 20:27:26,2560.0,34.61031437427515
2024-06-14 20:27:27,2561.0,34.662088663950534
2024-06-14 20:27:28,2562.0,34.71538341179544
2024-06-14 20:27:29,2563.0,34.76974710270459
2024-06-14 20:27:30,2564.0,34.82472822157275
2024-06-14 20:27:31,2565.0,34.87987525329466
2024-06-14 20:27:32,2566.0,34.934736682765056
2024-06-14 20:27:33,2567.0,34.988860994878685
2024-06-14 20:27:34,2568.0,35.0417966745303
2024-06-14 20:27:35,2569.0,35.09309220661464
2024-06-14 20:27:36,2570.0,35.14229607602647
2024-06-14 20:27:37,2571.0,35.188956767660514
2024-06-14 20:27:38,2572.0,35.232622766411524
2024-06-14 20:27:39,2573.0,35.27284255717425
2024-06-14 20:27:40,2574.0,35.30916462484343
2024-06-14 20:27:41,2575.0,35.34113745431383
2024-06-14 20:27:42,2576.0,35.368309530480175
2024-06-14 20:27:43,2577.0,35.39022933823722
2024-06-14 20:27:44,2578.0,35.40644536247971
2024-06-14 20:27:45,2579.0,35.41650608810239
2024-06-14 20:27:46,2580.0,35.41996
2024-06-14 20:27:47,2581.0,35.41757409185186
2024-06-14 20:27:48,2582.0,35.41063326814815
2024-06-14 20:27:49,2583.0,35.39946288
2024-06-14 20:27:50,2584.0,35.38438827851852
2024-06-14 20:27:51,2585.0,35.36573481481482
2024-06-14 20:27:52,2586.0,35.34382784
2024-06-14 20:27:53,2587.0,35.31899270518519
2024-06-14 20:27:54,2588.0,35.291554761481486
2024-06-14 20:27:55,2589.0,35.26183936
2024-06-14 20:27:56,2590.0,35.23017185185186
2024-06-14 20:27:57,2591.0,35.196877588148155
2024-06-14 20:27:58,2592.0,35.16228192
2024-06-14 20:27:59,2593.0,35.12671019851852
2024-06-14 20:28:00,2594.0,35.09048777481482
2024-06-14 20:28:01,2595.0,35.053940000000004
2024-06-14 20:28:02,2596.0,35.01739222518519
2024-06-14 20:28:03,2597.0,34.981169801481485
2024-06-14 20:28:04,2598.0,34.945598079999996
2024-06-14 20:28:05,2599.0,34.911002411851854
2024-06-14 20:28:06,2600.0,34.877708148148145
2024-06-14 20:28:07,2601.0,34.846040640000005
2024-06-14 20:28:08,2602.0,34.816325238518516
2024-06-14 20:28:09,2603.0,34.78888729481481
2024-06-14 20:28:10,2604.0,34.76405216
2024-06-14 20:28:11,2605.0,34.74214518518519
2024-06-14 20:28:12,2606.0,34.72349172148148
2024-06-14 20:28:13,2607.0,34.70841712
2024-06-14 20:28:14,2608.0,34.69724673185185
2024-06-14 20:28:15,2609.0,34.69030590814815
2024-06-14 20:28:16,2610.0,34.68792
2024-06-14 20:28:17,2611.0,34.70456110678175
2024-06-14 20:28:18,2612.0,34.75307704228355
2024-06-14 20:28:19,2613.0,34.83135672924021
2024-06-14 20:28:20,2614.0,34.937289090386535
2024-06-14 20:28:21,2615.0,35.068763048457335
2024-06-14 20:28:22,2616.0,35.22366752618742
2024-06-14 20:28:23,2617.0,35.3998914463116
2024-06-14 20:28:24,2618.0,35.59532373156468
2024-06-14 20:28:25,2619.0,35.80785330468149
2024-06-14 20:28:26,2620.0,36.035369088396806
2024-06-14 20:28:27,2621.0,36.27576000544546
2024-06-14 20:28:28,2622.0,36.52691497856227
2024-06-14 20:28:29,2623.0,36.78672293048202
2024-06-14 20:28:30,2624.0,37.053072783939534
2024-06-14 20:28:31,2625.0,37.32385346166962
2024-06-14 20:28:32,2626.0,37.596953886407086
2024-06-14 20:28:33,2627.0,37.87026298088674
2024-06-14 20:28:34,2628.0,38.1416696678434
2024-06-14 20:28:35,2629.0,38.409062870011866
2024-06-14 20:28:36,2630.0,38.67033151012696
2024-06-14 20:28:37,2631.0,38.92336451092348
2024-06-14 20:28:38,2632.0,39.16605079513623
2024-06-14 20:28:39,2633.0,39.39627928550003
2024-06-14 20:28:40,2634.0,39.61193890474969
2024-06-14 20:28:41,2635.0,39.810918575620015
2024-06-14 20:28:42,2636.0,39.99110722084582
2024-06-14 20:28:43,2637.0,40.150393763161915
2024-06-14 20:28:44,2638.0,40.2866671253031
2024-06-14 20:28:45,2639.0,40.39781623000419
2024-06-14 20:28:46,2640.0,40.48173
2024-06-14 20:28:47,2641.0,40.55091025592173
2024-06-14 20:28:48,2642.0,40.619198228770976
2024-06-14 20:28:49,2643.0,40.68649195683808
2024-06-14 20:28:50,2644.0,40.75268947841344
2024-06-14 20:28:51,2645.0,40.81768883178739
2024-06-14 20:28:52,2646.0,40.88138805525031
2024-06-14 20:28:53,2647.0,40.94368518709256
2024-06-14 20:28:54,2648.0,41.004478265604504
2024-06-14 20:28:55,2649.0,41.06366532907653
2024-06-14 20:28:56,2650.0,41.121144415798966
2024-06-14 20:28:57,2651.0,41.1768135640622
2024-06-14 20:28:58,2652.0,41.2305708121566
2024-06-14 20:28:59,2653.0,41.28231419837251
2024-06-14 20:29:00,2654.0,41.331941761000316
2024-06-14 20:29:01,2655.0,41.37935153833038
2024-06-14 20:29:02,2656.0,41.42444156865306
2024-06-14 20:29:03,2657.0,41.46710989025872
2024-06-14 20:29:04,2658.0,41.507254541437725
2024-06-14 20:29:05,2659.0,41.54477356048045
2024-06-14 20:29:06,2660.0,41.57956498567726
2024-06-14 20:29:07,2661.0,41.6115268553185
2024-06-14 20:29:08,2662.0,41.64055720769457
2024-06-14 20:29:09,2663.0,41.666554081095796
2024-06-14 20:29:10,2664.0,41.68941551381257
2024-06-14 20:29:11,2665.0,41.70903954413526
2024-06-14 20:29:12,2666.0,41.7253242103542
2024-06-14 20:29:13,2667.0,41.73816755075978
2024-06-14 20:29:14,2668.0,41.74746760364236
2024-06-14 20:29:15,2669.0,41.75312240729232
2024-06-14 20:29:16,2670.0,41.75503
2024-06-14 20:29:17,2671.0,41.75307079407407
2024-06-14 20:29:18,2672.0,41.74737128592592
2024-06-14 20:29:19,2673.0,41.73819863999999
2024-06-14 20:29:20,2674.0,41.72582002074074
2024-06-14 20:29:21,2675.0,41.7105025925926
2024-06-14 20:29:22,2676.0,41.69251352
2024-06-14 20:29:23,2677.0,41.672119967407404
2024-06-14 20:29:24,2678.0,41.64958909925925
2024-06-14 20:29:25,2679.0,41.625188079999994
2024-06-14 20:29:26,2680.0,41.599184074074074
2024-06-14 20:29:27,2681.0,41.571844245925924
2024-06-14 20:29:28,2682.0,41.54343576
2024-06-14 20:29:29,2683.0,41.514225780740745
2024-06-14 20:29:30,2684.0,41.48448147259259
2024-06-14 20:29:31,2685.0,41.45447
2024-06-14 20:29:32,2686.0,41.42445852740741
2024-06-14 20:29:33,2687.0,41.394714219259264
2024-06-14 20:29:34,2688.0,41.36550424000001
2024-06-14 20:29:35,2689.0,41.33709575407408
2024-06-14 20:29:36,2690.0,41.30975592592593
2024-06-14 20:29:37,2691.0,41.28375192000001
2024-06-14 20:29:38,2692.0,41.25935090074074
2024-06-14 20:29:39,2693.0,41.2368200325926
2024-06-14 20:29:40,2694.0,41.21642648
2024-06-14 20:29:41,2695.0,41.19843740740741
2024-06-14 20:29:42,2696.0,41.18311997925926
2024-06-14 20:29:43,2697.0,41.17074136000001
2024-06-14 20:29:44,2698.0,41.16156871407408
2024-06-14 20:29:45,2699.0,41.15586920592593
2024-06-14 20:29:46,2700.0,41.15391
2024-06-14 20:29:47,2701.0,41.18034148444445
2024-06-14 20:29:48,2702.0,41.25723307555556
2024-06-14 20:29:49,2703.0,41.380980480000005
2024-06-14 20:29:50,2704.0,41.54797940444445
2024-06-14 20:29:51,2705.0,41.754625555555556
2024-06-14 20:29:52,2706.0,41.99731464
2024-06-14 20:29:53,2707.0,42.27244236444445
2024-06-14 20:29:54,2708.0,42.57640443555555
2024-06-14 20:29:55,2709.0,42.905596560000006
2024-06-14 20:29:56,2710.0,43.25641444444445
2024-06-14 20:29:57,2711.0,43.625253795555565
2024-06-14 20:29:58,2712.0,44.00851032
2024-06-14 20:29:59,2713.0,44.40257972444444
2024-06-14 20:30:00,2714.0,44.80385771555556
2024-06-14 20:30:01,2715.0,45.208740000000006
2024-06-14 20:30:02,2716.0,45.613622284444446
2024-06-14 20:30:03,2717.0,46.014900275555554
2024-06-14 20:30:04,2718.0,46.408969680000006
2024-06-14 20:30:05,2719.0,46.79222620444445
2024-06-14 20:30:06,2720.0,47.16106555555556
2024-06-14 20:30:07,2721.0,47.51188344
2024-06-14 20:30:08,2722.0,47.841075564444445
2024-06-14 20:30:09,2723.0,48.14503763555555
2024-06-14 20:30:10,2724.0,48.420165360000006
2024-06-14 20:30:11,2725.0,48.66285444444445
2024-06-14 20:30:12,2726.0,48.86950059555556
2024-06-14 20:30:13,2727.0,49.03649952
2024-06-14 20:30:14,2728.0,49.16024692444445
2024-06-14 20:30:15,2729.0,49.23713851555556
2024-06-14 20:30:16,2730.0,49.26357
2024-06-14 20:30:17,2731.0,49.2523328237037
2024-06-14 20:30:18,2732.0,49.2196428562963
2024-06-14 20:30:19,2733.0,49.16703244000001
2024-06-14 20:30:20,2734.0,49.09603391703704
2024-06-14 20:30:21,2735.0,49.00817962962963
2024-06-14 20:30:22,2736.0,48.905001920000004
2024-06-14 20:30:23,2737.0,48.78803313037037
2024-06-14 20:30:24,2738.0,48.658805602962964
2024-06-14 20:30:25,2739.0,48.518851680000004
2024-06-14 20:30:26,2740.0,48.369703703703706
2024-06-14 20:30:27,2741.0,48.2128940162963
2024-06-14 20:30:28,2742.0,48.04995496
2024-06-14 20:30:29,2743.0,47.88241887703704
2024-06-14 20:30:30,2744.0,47.71181810962963
2024-06-14 20:30:31,2745.0,47.539685
2024-06-14 20:30:32,2746.0,47.36755189037038
2024-06-14 20:30:33,2747.0,47.196951122962965
2024-06-14 20:30:34,2748.0,47.02941504
2024-06-14 20:30:35,2749.0,46.8664759837037
2024-06-14 20:30:36,2750.0,46.7096662962963
2024-06-14 20:30:37,2751.0,46.56051832
2024-06-14 20:30:38,2752.0,46.42056439703704
2024-06-14 20:30:39,2753.0,46.29133686962963
2024-06-14 20:30:40,2754.0,46.17436808
2024-06-14 20:30:41,2755.0,46.071190370370374
2024-06-14 20:30:42,2756.0,45.983336082962964
2024-06-14 20:30:43,2757.0,45.912337560000005
2024-06-14 20:30:44,2758.0,45.85972714370371
2024-06-14 20:30:45,2759.0,45.8270371762963
2024-06-14 20:30:46,2760.0,45.8158
2024-06-14 20:30:47,2761.0,45.83131829509953
2024-06-14 20:30:48,2762.0,45.876855895250294
2024-06-14 20:30:49,2763.0,45.95088687273055
2024-06-14 20:30:50,2764.0,46.05188529981855
2024-06-14 20:30:51,2765.0,46.17832524879256
2024-06-14 20:30:52,2766.0,46.32868079193083
2024-06-14 20:30:53,2767.0,46.501426001511625
2024-06-14 20:30:54,2768.0,46.695034949813206
2024-06-14 20:30:55,2769.0,46.90798170911382
2024-06-14 20:30:56,2770.0,47.13874035169174
2024-06-14 20:30:57,2771.0,47.38578494982521
2024-06-14 20:30:58,2772.0,47.64758957579249
2024-06-14 20:30:59,2773.0,47.92262830187184
2024-06-14 20:31:00,2774.0,48.209375200341526
2024-06-14 20:31:01,2775.0,48.5063043434798
2024-06-14 20:31:02,2776.0,48.811889803564924
2024-06-14 20:31:03,2777.0,49.12460565287515
2024-06-14 20:31:04,2778.0,49.44292596368874
2024-06-14 20:31:05,2779.0,49.765324808283935
2024-06-14 20:31:06,2780.0,50.09027625893903
2024-06-14 20:31:07,2781.0,50.41625438793225
2024-06-14 20:31:08,2782.0,50.74173326754187
2024-06-14 20:31:09,2783.0,51.065186970046135
2024-06-14 20:31:10,2784.0,51.38508956772332
2024-06-14 20:31:11,2785.0,51.69991513285167
2024-06-14 20:31:12,2786.0,52.00813773770945
2024-06-14 20:31:13,2787.0,52.308231454574916
2024-06-14 20:31:14,2788.0,52.59867035572632
2024-06-14 20:31:15,2789.0,52.87792851344193
2024-06-14 20:31:16,2790.0,53.14448
2024-06-14 20:31:17,2791.0,53.414245702854366
2024-06-14 20:31:18,2792.0,53.70285430797738
2024-06-14 20:31:19,2793.0,54.00834158542509
2024-06-14 20:31:20,2794.0,54.32874330525352
2024-06-14 20:31:21,2795.0,54.662095237518706
2024-06-14 20:31:22,2796.0,55.00643315227668
2024-06-14 20:31:23,2797.0,55.3597928195835
2024-06-14 20:31:24,2798.0,55.72021000949517
2024-06-14 20:31:25,2799.0,56.08572049206775
2024-06-14 20:31:26,2800.0,56.45436003735727
2024-06-14 20:31:27,2801.0,56.82416441541976
2024-06-14 20:31:28,2802.0,57.19316939631126
2024-06-14 20:31:29,2803.0,57.559410750087814
2024-06-14 20:31:30,2804.0,57.92092424680545
2024-06-14 20:31:31,2805.0,58.27574565652019
2024-06-14 20:31:32,2806.0,58.6219107492881
2024-06-14 20:31:33,2807.0,58.95745529516518
2024-06-14 20:31:34,2808.0,59.2804150642075
2024-06-14 20:31:35,2809.0,59.58882582647109
2024-06-14 20:31:36,2810.0,59.88072335201196
2024-06-14 20:31:37,2811.0,60.15414341088617
2024-06-14 20:31:38,2812.0,60.407121773149754
2024-06-14 20:31:39,2813.0,60.63769420885874
2024-06-14 20:31:40,2814.0,60.84389648806917
2024-06-14 20:31:41,2815.0,61.023764380837065
2024-06-14 20:31:42,2816.0,61.17533365721849
2024-06-14 20:31:43,2817.0,61.29664008726945
2024-06-14 20:31:44,2818.0,61.38571944104599
2024-06-14 20:31:45,2819.0,61.440607488604165
2024-06-14 20:31:46,2820.0,61.45933999999999
2024-06-14 20:31:47,2821.0,61.458583509962985
2024-06-14 20:31:48,2822.0,61.45632713119809
2024-06-14 20:31:49,2823.0,61.452590500724426
2024-06-14 20:31:50,2824.0,61.44739325556116
2024-06-14 20:31:51,2825.0,61.44075503272743
2024-06-14 20:31:52,2826.0,61.43269546924241
2024-06-14 20:31:53,2827.0,61.42323420212523
2024-06-14 20:31:54,2828.0,61.41239086839504
2024-06-14 20:31:55,2829.0,61.400185105071
2024-06-14 20:31:56,2830.0,61.38663654917226
2024-06-14 20:31:57,2831.0,61.371764837717954
2024-06-14 20:31:58,2832.0,61.35558960772725
2024-06-14 20:31:59,2833.0,61.338130496219286
2024-06-14 20:32:00,2834.0,61.319407140213215
2024-06-14 20:32:01,2835.0,61.29943917672819
2024-06-14 20:32:02,2836.0,61.27824624278336
2024-06-14 20:32:03,2837.0,61.25584797539787
2024-06-14 20:32:04,2838.0,61.23226401159088
2024-06-14 20:32:05,2839.0,61.20751398838152
2024-06-14 20:32:06,2840.0,61.18161754278897
2024-06-14 20:32:07,2841.0,61.154594311832355
2024-06-14 20:32:08,2842.0,61.12646393253083
2024-06-14 20:32:09,2843.0,61.09724604190355
2024-06-14 20:32:10,2844.0,61.06696027696967
2024-06-14 20:32:11,2845.0,61.035626274748324
2024-06-14 20:32:12,2846.0,61.003263672258676
2024-06-14 20:32:13,2847.0,60.969892106519865
2024-06-14 20:32:14,2848.0,60.93553121455105
2024-06-14 20:32:15,2849.0,60.90020063337137
2024-06-14 20:32:16,2850.0,60.86391999999999
2024-06-14 20:32:17,2851.0,60.81526601586748
2024-06-14 20:32:18,2852.0,60.74347483001897
2024-06-14 20:32:19,2853.0,60.649555250895475
2024-06-14 20:32:20,2854.0,60.53451608693796
2024-06-14 20:32:21,2855.0,60.39936614658744
2024-06-14 20:32:22,2856.0,60.245114238284906
2024-06-14 20:32:23,2857.0,60.07276917047134
2024-06-14 20:32:24,2858.0,59.88333975158774
2024-06-14 20:32:25,2859.0,59.677834790075096
2024-06-14 20:32:26,2860.0,59.457263094374404
2024-06-14 20:32:27,2861.0,59.22263347292667
2024-06-14 20:32:28,2862.0,58.97495473417286
2024-06-14 20:32:29,2863.0,58.71523568655398
2024-06-14 20:32:30,2864.0,58.44448513851104
2024-06-14 20:32:31,2865.0,58.16371189848501
2024-06-14 20:32:32,2866.0,57.873924774916894
2024-06-14 20:32:33,2867.0,57.57613257624769
2024-06-14 20:32:34,2868.0,57.27134411091837
2024-06-14 20:32:35,2869.0,56.960568187369944
2024-06-14 20:32:36,2870.0,56.6448136140434
2024-06-14 20:32:37,2871.0,56.32508919937973
2024-06-14 20:32:38,2872.0,56.00240375181993
2024-06-14 20:32:39,2873.0,55.67776607980499
2024-06-14 20:32:40,2874.0,55.35218499177591
2024-06-14 20:32:41,2875.0,55.02666929617368
2024-06-14 20:32:42,2876.0,54.70222780143929
2024-06-14 20:32:43,2877.0,54.37986931601373
2024-06-14 20:32:44,2878.0,54.060602648338005
2024-06-14 20:32:45,2879.0,53.745436606853104
2024-06-14 20:32:46,2880.0,53.43538
2024-06-14 20:32:47,2881.0,53.12136139012215
2024-06-14 20:32:48,2882.0,52.794134886340345
2024-06-14 20:32:49,2883.0,52.454447617261614
2024-06-14 20:32:50,2884.0,52.103046711492986
2024-06-14 20:32:51,2885.0,51.7406792976415
2024-06-14 20:32:52,2886.0,51.3680925043142
2024-06-14 20:32:53,2887.0,50.986033460118094
2024-06-14 20:32:54,2888.0,50.595249293660245
2024-06-14 20:32:55,2889.0,50.19648713354767
2024-06-14 20:32:56,2890.0,49.7904941083874
2024-06-14 20:32:57,2891.0,49.378017346786486
2024-06-14 20:32:58,2892.0,48.959803977351946
2024-06-14 20:32:59,2893.0,48.53660112869082
2024-06-14 20:33:00,2894.0,48.10915592941015
2024-06-14 20:33:01,2895.0,47.67821550811695
2024-06-14 20:33:02,2896.0,47.244526993418276
2024-06-14 20:33:03,2897.0,46.80883751392114
2024-06-14 20:33:04,2898.0,46.3718941982326
2024-06-14 20:33:05,2899.0,45.93444417495968
2024-06-14 20:33:06,2900.0,45.4972345727094
2024-06-14 20:33:07,2901.0,45.061012520088816
2024-06-14 20:33:08,2902.0,44.62652514570495
2024-06-14 20:33:09,2903.0,44.19451957816484
2024-06-14 20:33:10,2904.0,43.765742946075505
2024-06-14 20:33:11,2905.0,43.34094237804401
2024-06-14 20:33:12,2906.0,42.92086500267736
2024-06-14 20:33:13,2907.0,42.5062579485826
2024-06-14 20:33:14,2908.0,42.097868344366766
2024-06-14 20:33:15,2909.0,41.696443318636895
2024-06-14 20:33:16,2910.0,41.302730000000004
2024-06-14 20:33:17,2911.0,40.90191357879091
2024-06-14 20:33:18,2912.0,40.48029038439653
2024-06-14 20:33:19,2913.0,40.04027425400205
2024-06-14 20:33:20,2914.0,39.584279024792664
2024-06-14 20:33:21,2915.0,39.11471853395356
2024-06-14 20:33:22,2916.0,38.634006618669915
2024-06-14 20:33:23,2917.0,38.14455711612693
2024-06-14 20:33:24,2918.0,37.648783863509806
2024-06-14 20:33:25,2919.0,37.14910069800373
2024-06-14 20:33:26,2920.0,36.64792145679388
2024-06-14 20:33:27,2921.0,36.14765997706546
2024-06-14 20:33:28,2922.0,35.65073009600365
2024-06-14 20:33:29,2923.0,35.159545650793646
2024-06-14 20:33:30,2924.0,34.676520478620645
2024-06-14 20:33:31,2925.0,34.20406841666984
2024-06-14 20:33:32,2926.0,33.7446033021264
2024-06-14 20:33:33,2927.0,33.30053897217553
2024-06-14 20:33:34,2928.0,32.87428926400243
2024-06-14 20:33:35,2929.0,32.46826801479228
2024-06-14 20:33:36,2930.0,32.084889061730266
2024-06-14 20:33:37,2931.0,31.726566242001596
2024-06-14 20:33:38,2932.0,31.395713392791443
2024-06-14 20:33:39,2933.0,31.094744351285
2024-06-14 20:33:40,2934.0,30.826072954667474
2024-06-14 20:33:41,2935.0,30.592113040124037
2024-06-14 20:33:42,2936.0,30.395278444839892
2024-06-14 20:33:43,2937.0,30.23798300600022
2024-06-14 20:33:44,2938.0,30.122640560790224
2024-06-14 20:33:45,2939.0,30.051664946395082
2024-06-14 20:33:46,2940.0,30.027469999999994
2024-06-14 20:33:47,2941.0,30.028275530875185
2024-06-14 20:33:48,2942.0,30.030645800468157
2024-06-14 20:33:49,2943.0,30.034511324230028
2024-06-14 20:33:50,2944.0,30.0398026176119
2024-06-14 20:33:51,2945.0,30.046450196064892
2024-06-14 20:33:52,2946.0,30.05438457504011
2024-06-14 20:33:53,2947.0,30.063536269988663
2024-06-14 20:33:54,2948.0,30.073835796361664
2024-06-14 20:33:55,2949.0,30.08521366961022
2024-06-14 20:33:56,2950.0,30.097600405185446
2024-06-14 20:33:57,2951.0,30.110926518538452
2024-06-14 20:33:58,2952.0,30.12512252512034
2024-06-14 20:33:59,2953.0,30.14011894038223
2024-06-14 20:34:00,2954.0,30.15584627977523
2024-06-14 20:34:01,2955.0,30.17223505875045
2024-06-14 20:34:02,2956.0,30.18921579275899
2024-06-14 20:34:03,2957.0,30.20671899725198
2024-06-14 20:34:04,2958.0,30.224675187680518
2024-06-14 20:34:05,2959.0,30.24301487949571
2024-06-14 20:34:06,2960.0,30.26166858814868
2024-06-14 20:34:07,2961.0,30.280566829090528
2024-06-14 20:34:08,2962.0,30.299640117772366
2024-06-14 20:34:09,2963.0,30.31881896964531
2024-06-14 20:34:10,2964.0,30.338033900160458
2024-06-14 20:34:11,2965.0,30.35721542476894
2024-06-14 20:34:12,2966.0,30.376294058921843
2024-06-14 20:34:13,2967.0,30.39520031807029
2024-06-14 20:34:14,2968.0,30.413864717665394
2024-06-14 20:34:15,2969.0,30.432217773158264
2024-06-14 20:34:16,2970.0,30.450190000000003
2024-06-14 20:34:17,2971.0,30.46913195424915
2024-06-14 20:34:18,2972.0,30.490306034927205
2024-06-14 20:34:19,2973.0,30.51351052192971
2024-06-14 20:34:20,2974.0,30.538543695152235
2024-06-14 20:34:21,2975.0,30.565203834490326
2024-06-14 20:34:22,2976.0,30.59328921983954
2024-06-14 20:34:23,2977.0,30.622598131095437
2024-06-14 20:34:24,2978.0,30.652928848153564
2024-06-14 20:34:25,2979.0,30.684079650909474
2024-06-14 20:34:26,2980.0,30.71584881925873
2024-06-14 20:34:27,2981.0,30.748034633096882
2024-06-14 20:34:28,2982.0,30.780435372319484
2024-06-14 20:34:29,2983.0,30.812849316822096
2024-06-14 20:34:30,2984.0,30.845074746500266
2024-06-14 20:34:31,2985.0,30.876909941249554
2024-06-14 20:34:32,2986.0,30.90815318096551
2024-06-14 20:34:33,2987.0,30.938602745543694
2024-06-14 20:34:34,2988.0,30.968056914879657
2024-06-14 20:34:35,2989.0,30.996313968868954
2024-06-14 20:34:36,2990.0,31.02317218740714
2024-06-14 20:34:37,2991.0,31.04842985038977
2024-06-14 20:34:38,2992.0,31.071885237712404
2024-06-14 20:34:39,2993.0,31.093336629270592
2024-06-14 20:34:40,2994.0,31.112582304959886
2024-06-14 20:34:41,2995.0,31.129420544675845
2024-06-14 20:34:42,2996.0,31.14364962831402
2024-06-14 20:34:43,2997.0,31.155067835769966
2024-06-14 20:34:44,2998.0,31.163473446939243
2024-06-14 20:34:45,2999.0,31.1686647417174
2024-06-14 20:34:46,3000.0,31.17044
2024-06-14 20:34:47,3001.0,31.168350946474888
2024-06-14 20:34:48,3002.0,31.16226213351221
2024-06-14 20:34:49,3003.0,31.152441082530956
2024-06-14 20:34:50,3004.0,31.13915531495012
2024-06-14 20:34:51,3005.0,31.12267235218868
2024-06-14 20:34:52,3006.0,31.103259715665637
2024-06-14 20:34:53,3007.0,31.081184926799963
2024-06-14 20:34:54,3008.0,31.05671550701066
2024-06-14 20:34:55,3009.0,31.030118977716718
2024-06-14 20:34:56,3010.0,31.001662860337117
2024-06-14 20:34:57,3011.0,30.97161467629085
2024-06-14 20:34:58,3012.0,30.940241946996903
2024-06-14 20:34:59,3013.0,30.90781219387427
2024-06-14 20:35:00,3014.0,30.874592938341934
2024-06-14 20:35:01,3015.0,30.840851701818885
2024-06-14 20:35:02,3016.0,30.806856005724114
2024-06-14 20:35:03,3017.0,30.772873371476607
2024-06-14 20:35:04,3018.0,30.739171320495355
2024-06-14 20:35:05,3019.0,30.706017374199348
2024-06-14 20:35:06,3020.0,30.673679054007568
2024-06-14 20:35:07,3021.0,30.64242388133901
2024-06-14 20:35:08,3022.0,30.61251937761266
2024-06-14 20:35:09,3023.0,30.584233064247506
2024-06-14 20:35:10,3024.0,30.55783246266254
2024-06-14 20:35:11,3025.0,30.533585094276745
2024-06-14 20:35:12,3026.0,30.511758480509116
2024-06-14 20:35:13,3027.0,30.49262014277864
2024-06-14 20:35:14,3028.0,30.476437602504298
2024-06-14 20:35:15,3029.0,30.46347838110509
2024-06-14 20:35:16,3030.0,30.45401
2024-06-14 20:35:17,3031.0,30.446432445561577
2024-06-14 20:35:18,3032.0,30.438973810829037
2024-06-14 20:35:19,3033.0,30.431643777221364
2024-06-14 20:35:20,3034.0,30.42445202615755
2024-06-14 20:35:21,3035.0,30.417408239056588
2024-06-14 20:35:22,3036.0,30.410522097337463
2024-06-14 20:35:23,3037.0,30.403803282419158
2024-06-14 20:35:24,3038.0,30.397261475720676
2024-06-14 20:35:25,3039.0,30.390906358660988
2024-06-14 20:35:26,3040.0,30.384747612659098
2024-06-14 20:35:27,3041.0,30.378794919133988
2024-06-14 20:35:28,3042.0,30.373057959504646
2024-06-14 20:35:29,3043.0,30.367546415190056
2024-06-14 20:35:30,3044.0,30.362269967609215
2024-06-14 20:35:31,3045.0,30.357238298181112
2024-06-14 20:35:32,3046.0,30.352461088324734
2024-06-14 20:35:33,3047.0,30.34794801945906
2024-06-14 20:35:34,3048.0,30.343708773003094
2024-06-14 20:35:35,3049.0,30.339753030375817
2024-06-14 20:35:36,3050.0,30.33609047299621
2024-06-14 20:35:37,3051.0,30.332730782283278
2024-06-14 20:35:38,3052.0,30.329683639656
2024-06-14 20:35:39,3053.0,30.326958726533363
2024-06-14 20:35:40,3054.0,30.324565724334363
2024-06-14 20:35:41,3055.0,30.322514314477985
2024-06-14 20:35:42,3056.0,30.32081417838321
2024-06-14 20:35:43,3057.0,30.31947499746904
2024-06-14 20:35:44,3058.0,30.318506453154452
2024-06-14 20:35:45,3059.0,30.317918226858442
2024-06-14 20:35:46,3060.0,30.317719999999998
2024-06-14 20:35:47,3061.0,30.319122785185183
2024-06-14 20:35:48,3062.0,30.323203614814812
2024-06-14 20:35:49,3063.0,30.329771199999996
2024-06-14 20:35:50,3064.0,30.33863425185185
2024-06-14 20:35:51,3065.0,30.34960148148148
2024-06-14 20:35:52,3066.0,30.3624816
2024-06-14 20:35:53,3067.0,30.377083318518515
2024-06-14 20:35:54,3068.0,30.393215348148146
2024-06-14 20:35:55,3069.0,30.4106864
2024-06-14 20:35:56,3070.0,30.429305185185186
2024-06-14 20:35:57,3071.0,30.448880414814816
2024-06-14 20:35:58,3072.0,30.469220800000002
2024-06-14 20:35:59,3073.0,30.490135051851855
2024-06-14 20:36:00,3074.0,30.51143188148148
2024-06-14 20:36:01,3075.0,30.53292
2024-06-14 20:36:02,3076.0,30.55440811851852
2024-06-14 20:36:03,3077.0,30.57570494814815
2024-06-14 20:36:04,3078.0,30.5966192
2024-06-14 20:36:05,3079.0,30.616959585185185
2024-06-14 20:36:06,3080.0,30.636534814814816
2024-06-14 20:36:07,3081.0,30.655153600000002
2024-06-14 20:36:08,3082.0,30.672624651851855
2024-06-14 20:36:09,3083.0,30.688756681481483
2024-06-14 20:36:10,3084.0,30.703358400000006
2024-06-14 20:36:11,3085.0,30.716238518518523
2024-06-14 20:36:12,3086.0,30.727205748148155
2024-06-14 20:36:13,3087.0,30.7360688
2024-06-14 20:36:14,3088.0,30.74263638518519
2024-06-14 20:36:15,3089.0,30.74671721481482
2024-06-14 20:36:16,3090.0,30.748120000000004
2024-06-14 20:36:17,3091.0,30.747387781375824
2024-06-14 20:36:18,3092.0,30.74524809052425
2024-06-14 20:36:19,3093.0,30.74178637497671
2024-06-14 20:36:20,3094.0,30.737088082264655
2024-06-14 20:36:21,3095.0,30.73123865991952
2024-06-14 20:36:22,3096.0,30.72432355547274
2024-06-14 20:36:23,3097.0,30.71642821645576
2024-06-14 20:36:24,3098.0,30.70763809040002
2024-06-14 20:36:25,3099.0,30.698038624836958
2024-06-14 20:36:26,3100.0,30.68771526729801
2024-06-14 20:36:27,3101.0,30.676753465314615
2024-06-14 20:36:28,3102.0,30.665238666418215
2024-06-14 20:36:29,3103.0,30.653256318140254
2024-06-14 20:36:30,3104.0,30.640891868012165
2024-06-14 20:36:31,3105.0,30.628230763565384
2024-06-14 20:36:32,3106.0,30.615358452331357
2024-06-14 20:36:33,3107.0,30.602360381841525
2024-06-14 20:36:34,3108.0,30.58932199962732
2024-06-14 20:36:35,3109.0,30.57632875322019
2024-06-14 20:36:36,3110.0,30.563466090151564
2024-06-14 20:36:37,3111.0,30.550819457952887
2024-06-14 20:36:38,3112.0,30.5384743041556
2024-06-14 20:36:39,3113.0,30.52651607629114
2024-06-14 20:36:40,3114.0,30.51503022189095
2024-06-14 20:36:41,3115.0,30.504102188486463
2024-06-14 20:36:42,3116.0,30.49381742360912
2024-06-14 20:36:43,3117.0,30.484261374790364
2024-06-14 20:36:44,3118.0,30.47551948956163
2024-06-14 20:36:45,3119.0,30.46767721545436
2024-06-14 20:36:46,3120.0,30.460819999999995
2024-06-14 20:36:47,3121.0,30.45443626365674
2024-06-14 20:36:48,3122.0,30.447971383327246
2024-06-14 20:36:49,3123.0,30.441446241209626
2024-06-14 20:36:50,3124.0,30.43488171950198
2024-06-14 20:36:51,3125.0,30.428298700402415
2024-06-14 20:36:52,3126.0,30.42171806610904
2024-06-14 20:36:53,3127.0,30.415160698819964
2024-06-14 20:36:54,3128.0,30.408647480733283
2024-06-14 20:36:55,3129.0,30.402199294047104
2024-06-14 20:36:56,3130.0,30.39583702095954
2024-06-14 20:36:57,3131.0,30.389581543668697
2024-06-14 20:36:58,3132.0,30.383453744372677
2024-06-14 20:36:59,3133.0,30.377474505269586
2024-06-14 20:37:00,3134.0,30.371664708557528
2024-06-14 20:37:01,3135.0,30.366045236434612
2024-06-14 20:37:02,3136.0,30.360636971098952
2024-06-14 20:37:03,3137.0,30.35546079474864
2024-06-14 20:37:04,3138.0,30.350537589581787
2024-06-14 20:37:05,3139.0,30.345888237796498
2024-06-14 20:37:06,3140.0,30.341533621590887
2024-06-14 20:37:07,3141.0,30.33749462316305
2024-06-14 20:37:08,3142.0,30.333792124711096
2024-06-14 20:37:09,3143.0,30.33044700843313
2024-06-14 20:37:10,3144.0,30.32748015652727
2024-06-14 20:37:11,3145.0,30.3249124511916
2024-06-14 20:37:12,3146.0,30.32276477462424
2024-06-14 20:37:13,3147.0,30.321058009023297
2024-06-14 20:37:14,3148.0,30.319813036586872
2024-06-14 20:37:15,3149.0,30.319050739513074
2024-06-14 20:37:16,3150.0,30.318792000000006
2024-06-14 20:37:17,3151.0,30.31987788351971
2024-06-14 20:37:18,3152.0,30.323053203478395
2024-06-14 20:37:19,3153.0,30.328194463975443
2024-06-14 20:37:20,3154.0,30.335178169110222
2024-06-14 20:37:21,3155.0,30.3438808229821
2024-06-14 20:37:22,3156.0,30.354178929690452
2024-06-14 20:37:23,3157.0,30.36594899333465
2024-06-14 20:37:24,3158.0,30.379067518014068
2024-06-14 20:37:25,3159.0,30.39341100782807
2024-06-14 20:37:26,3160.0,30.40885596687604
2024-06-14 20:37:27,3161.0,30.42527889925734
2024-06-14 20:37:28,3162.0,30.442556309071346
2024-06-14 20:37:29,3163.0,30.46056470041743
2024-06-14 20:37:30,3164.0,30.47918057739496
2024-06-14 20:37:31,3165.0,30.49828044410331
2024-06-14 20:37:32,3166.0,30.517740804641857
2024-06-14 20:37:33,3167.0,30.537438163109968
2024-06-14 20:37:34,3168.0,30.557249023607014
2024-06-14 20:37:35,3169.0,30.57704989023237
2024-06-14 20:37:36,3170.0,30.596717267085403
2024-06-14 20:37:37,3171.0,30.616127658265494
2024-06-14 20:37:38,3172.0,30.635157567872007
2024-06-14 20:37:39,3173.0,30.653683500004313
2024-06-14 20:37:40,3174.0,30.67158195876179
2024-06-14 20:37:41,3175.0,30.688729448243805
2024-06-14 20:37:42,3176.0,30.705002472549733
2024-06-14 20:37:43,3177.0,30.720277535778948
2024-06-14 20:37:44,3178.0,30.73443114203081
2024-06-14 20:37:45,3179.0,30.747339795404706
2024-06-14 20:37:46,3180.0,30.75888
2024-06-14 20:37:47,3181.0,30.76982324518789
2024-06-14 20:37:48,3182.0,30.780995289376595
2024-06-14 20:37:49,3183.0,30.79235404022106
2024-06-14 20:37:50,3184.0,30.803857405376196
2024-06-14 20:37:51,3185.0,30.81546329249694
2024-06-14 20:37:52,3186.0,30.827129609238213
2024-06-14 20:37:53,3187.0,30.83881426325495
2024-06-14 20:37:54,3188.0,30.850475162202073
2024-06-14 20:37:55,3189.0,30.86207021373451
2024-06-14 20:37:56,3190.0,30.873557325507193
2024-06-14 20:37:57,3191.0,30.884894405175043
2024-06-14 20:37:58,3192.0,30.896039360392987
2024-06-14 20:37:59,3193.0,30.906950098815962
2024-06-14 20:38:00,3194.0,30.91758452809889
2024-06-14 20:38:01,3195.0,30.927900555896695
2024-06-14 20:38:02,3196.0,30.937856089864304
2024-06-14 20:38:03,3197.0,30.94740903765665
2024-06-14 20:38:04,3198.0,30.95651730692866
2024-06-14 20:38:05,3199.0,30.965138805335258
2024-06-14 20:38:06,3200.0,30.973231440531375
2024-06-14 20:38:07,3201.0,30.980753120171936
2024-06-14 20:38:08,3202.0,30.987661751911865
2024-06-14 20:38:09,3203.0,30.993915243406096
2024-06-14 20:38:10,3204.0,30.999471502309557
2024-06-14 20:38:11,3205.0,31.004288436277168
2024-06-14 20:38:12,3206.0,31.00832395296386
2024-06-14 20:38:13,3207.0,31.011535960024567
2024-06-14 20:38:14,3208.0,31.013882365114206
2024-06-14 20:38:15,3209.0,31.015321075887705
2024-06-14 20:38:16,3210.0,31.015810000000002
2024-06-14 20:38:17,3211.0,31.01450560212684
2024-06-14 20:38:18,3212.0,31.010686760704413
2024-06-14 20:38:19,3213.0,31.00449500402832
2024-06-14 20:38:20,3214.0,30.99607186039416
2024-06-14 20:38:21,3215.0,30.98555885809753
2024-06-14 20:38:22,3216.0,30.973097525434024
2024-06-14 20:38:23,3217.0,30.95882939069924
2024-06-14 20:38:24,3218.0,30.942895982188777
2024-06-14 20:38:25,3219.0,30.92543882819823
2024-06-14 20:38:26,3220.0,30.9065994570232
2024-06-14 20:38:27,3221.0,30.886519396959276
2024-06-14 20:38:28,3222.0,30.865340176302066
2024-06-14 20:38:29,3223.0,30.843203323347158
2024-06-14 20:38:30,3224.0,30.82025036639015
2024-06-14 20:38:31,3225.0,30.796622833726648
2024-06-14 20:38:32,3226.0,30.77246225365224
2024-06-14 20:38:33,3227.0,30.74791015446252
2024-06-14 20:38:34,3228.0,30.723108064453097
2024-06-14 20:38:35,3229.0,30.69819751191956
2024-06-14 20:38:36,3230.0,30.67332002515751
2024-06-14 20:38:37,3231.0,30.648617132462537
2024-06-14 20:38:38,3232.0,30.624230362130245
2024-06-14 20:38:39,3233.0,30.60030124245623
2024-06-14 20:38:40,3234.0,30.576971301736087
2024-06-14 20:38:41,3235.0,30.554382068265415
2024-06-14 20:38:42,3236.0,30.53267507033981
2024-06-14 20:38:43,3237.0,30.51199183625487
2024-06-14 20:38:44,3238.0,30.49247389430619
2024-06-14 20:38:45,3239.0,30.474262772789366
2024-06-14 20:38:46,3240.0,30.457500000000003
2024-06-14 20:38:47,3241.0,30.4411861901736
2024-06-14 20:38:48,3242.0,30.424281142730855
2024-06-14 20:38:49,3243.0,30.406865163745135
2024-06-14 20:38:50,3244.0,30.389018559289823
2024-06-14 20:38:51,3245.0,30.370821635438297
2024-06-14 20:38:52,3246.0,30.35235469826392
2024-06-14 20:38:53,3247.0,30.33369805384007
2024-06-14 20:38:54,3248.0,30.31493200824013
2024-06-14 20:38:55,3249.0,30.296136867537466
2024-06-14 20:38:56,3250.0,30.27739293780546
2024-06-14 20:38:57,3251.0,30.25878052511748
2024-06-14 20:38:58,3252.0,30.240379935546905
2024-06-14 20:38:59,3253.0,30.22227147516711
2024-06-14 20:39:00,3254.0,30.204535450051466
2024-06-14 20:39:01,3255.0,30.187252166273353
2024-06-14 20:39:02,3256.0,30.170501929906145
2024-06-14 20:39:03,3257.0,30.154365047023212
2024-06-14 20:39:04,3258.0,30.138921823697935
2024-06-14 20:39:05,3259.0,30.124252566003683
2024-06-14 20:39:06,3260.0,30.110437580013837
2024-06-14 20:39:07,3261.0,30.097557171801768
2024-06-14 20:39:08,3262.0,30.085691647440846
2024-06-14 20:39:09,3263.0,30.074921313004463
2024-06-14 20:39:10,3264.0,30.065326474565975
2024-06-14 20:39:11,3265.0,30.056987438198764
2024-06-14 20:39:12,3266.0,30.049984509976206
2024-06-14 20:39:13,3267.0,30.044397995971675
2024-06-14 20:39:14,3268.0,30.040308202258547
2024-06-14 20:39:15,3269.0,30.037795434910194
2024-06-14 20:39:16,3270.0,30.036939999999994
2024-06-14 20:39:17,3271.0,30.037871782094665
2024-06-14 20:39:18,3272.0,30.040583144641484
2024-06-14 20:39:19,3273.0,30.044948112034657
2024-06-14 20:39:20,3274.0,30.050840708668385
2024-06-14 20:39:21,3275.0,30.058134958936883
2024-06-14 20:39:22,3276.0,30.06670488723435
2024-06-14 20:39:23,3277.0,30.076424517954994
2024-06-14 20:39:24,3278.0,30.087167875493023
2024-06-14 20:39:25,3279.0,30.098808984242634
2024-06-14 20:39:26,3280.0,30.111221868598044
2024-06-14 20:39:27,3281.0,30.12428055295345
2024-06-14 20:39:28,3282.0,30.137859061703065
2024-06-14 20:39:29,3283.0,30.15183141924109
2024-06-14 20:39:30,3284.0,30.166071649961733
2024-06-14 20:39:31,3285.0,30.1804537782592
2024-06-14 20:39:32,3286.0,30.194851828527696
2024-06-14 20:39:33,3287.0,30.20913982516143
2024-06-14 20:39:34,3288.0,30.2231917925546
2024-06-14 20:39:35,3289.0,30.23688175510142
2024-06-14 20:39:36,3290.0,30.250083737196096
2024-06-14 20:39:37,3291.0,30.262671763232824
2024-06-14 20:39:38,3292.0,30.274519857605817
2024-06-14 20:39:39,3293.0,30.285502044709286
2024-06-14 20:39:40,3294.0,30.295492348937426
2024-06-14 20:39:41,3295.0,30.30436479468445
2024-06-14 20:39:42,3296.0,30.31199340634456
2024-06-14 20:39:43,3297.0,30.318252208311964
2024-06-14 20:39:44,3298.0,30.323015224980868
2024-06-14 20:39:45,3299.0,30.326156480745478
2024-06-14 20:39:46,3300.0,30.32755
2024-06-14 20:39:47,3301.0,30.328014577814763
2024-06-14 20:39:48,3302.0,30.32845372700657
2024-06-14 20:39:49,3303.0,30.328868548589355
2024-06-14 20:39:50,3304.0,30.32926014357704
2024-06-14 20:39:51,3305.0,30.329629612983553
2024-06-14 20:39:52,3306.0,30.329978057822824
2024-06-14 20:39:53,3307.0,30.330306579108772
2024-06-14 20:39:54,3308.0,30.330616277855324
2024-06-14 20:39:55,3309.0,30.330908255076416
2024-06-14 20:39:56,3310.0,30.331183611785967
2024-06-14 20:39:57,3311.0,30.331443448997895
2024-06-14 20:39:58,3312.0,30.331688867726143
2024-06-14 20:39:59,3313.0,30.33192096898463
2024-06-14 20:40:00,3314.0,30.33214085378728
2024-06-14 20:40:01,3315.0,30.33234962314802
2024-06-14 20:40:02,3316.0,30.332548378080784
2024-06-14 20:40:03,3317.0,30.332738219599484
2024-06-14 20:40:04,3318.0,30.332920248718054
2024-06-14 20:40:05,3319.0,30.333095566450428
2024-06-14 20:40:06,3320.0,30.333265273810518
2024-06-14 20:40:07,3321.0,30.33343047181226
2024-06-14 20:40:08,3322.0,30.333592261469576
2024-06-14 20:40:09,3323.0,30.333751743796395
2024-06-14 20:40:10,3324.0,30.333910019806645
2024-06-14 20:40:11,3325.0,30.334068190514245
2024-06-14 20:40:12,3326.0,30.33422735693313
2024-06-14 20:40:13,3327.0,30.334388620077224
2024-06-14 20:40:14,3328.0,30.334553080960443
2024-06-14 20:40:15,3329.0,30.33472184059673
2024-06-14 20:40:16,3330.0,30.334896
2024-06-14 20:40:17,3331.0,30.33507518619749
2024-06-14 20:40:18,3332.0,30.335257845509176
2024-06-14 20:40:19,3333.0,30.335443307888116
2024-06-14 20:40:20,3334.0,30.335630903287363
2024-06-14 20:40:21,3335.0,30.335819961659976
2024-06-14 20:40:22,3336.0,30.336009812959
2024-06-14 20:40:23,3337.0,30.33619978713749
2024-06-14 20:40:24,3338.0,30.336389214148507
2024-06-14 20:40:25,3339.0,30.3365774239451
2024-06-14 20:40:26,3340.0,30.336763746480326
2024-06-14 20:40:27,3341.0,30.336947511707233
2024-06-14 20:40:28,3342.0,30.337128049578876
2024-06-14 20:40:29,3343.0,30.337304690048313
2024-06-14 20:40:30,3344.0,30.337476763068594
2024-06-14 20:40:31,3345.0,30.337643598592773
2024-06-14 20:40:32,3346.0,30.33780452657391
2024-06-14 20:40:33,3347.0,30.33795887696505
2024-06-14 20:40:34,3348.0,30.33810597971925
2024-06-14 20:40:35,3349.0,30.33824516478957
2024-06-14 20:40:36,3350.0,30.33837576212905
2024-06-14 20:40:37,3351.0,30.33849710169076
2024-06-14 20:40:38,3352.0,30.338608513427744
2024-06-14 20:40:39,3353.0,30.338709327293053
2024-06-14 20:40:40,3354.0,30.33879887323975
2024-06-14 20:40:41,3355.0,30.338876481220886
2024-06-14 20:40:42,3356.0,30.338941481189508
2024-06-14 20:40:43,3357.0,30.33899320309868
2024-06-14 20:40:44,3358.0,30.33903097690145
2024-06-14 20:40:45,3359.0,30.339054132550874
2024-06-14 20:40:46,3360.0,30.339062000000002
2024-06-14 20:40:47,3361.0,30.337655427555557
2024-06-14 20:40:48,3362.0,30.333563580444448
2024-06-14 20:40:49,3363.0,30.326978264
2024-06-14 20:40:50,3364.0,30.318091283555557
2024-06-14 20:40:51,3365.0,30.307094444444445
2024-06-14 20:40:52,3366.0,30.294179552
2024-06-14 20:40:53,3367.0,30.279538411555556
2024-06-14 20:40:54,3368.0,30.263362828444446
2024-06-14 20:40:55,3369.0,30.245844608000002
2024-06-14 20:40:56,3370.0,30.227175555555558
2024-06-14 20:40:57,3371.0,30.207547476444446
2024-06-14 20:40:58,3372.0,30.187152176
2024-06-14 20:40:59,3373.0,30.166181459555556
2024-06-14 20:41:00,3374.0,30.144827132444444
2024-06-14 20:41:01,3375.0,30.123281
2024-06-14 20:41:02,3376.0,30.101734867555553
2024-06-14 20:41:03,3377.0,30.080380540444445
2024-06-14 20:41:04,3378.0,30.059409824000003
2024-06-14 20:41:05,3379.0,30.039014523555558
2024-06-14 20:41:06,3380.0,30.019386444444443
2024-06-14 20:41:07,3381.0,30.000717392000002
2024-06-14 20:41:08,3382.0,29.983199171555555
2024-06-14 20:41:09,3383.0,29.967023588444444
2024-06-14 20:41:10,3384.0,29.952382447999998
2024-06-14 20:41:11,3385.0,29.939467555555552
2024-06-14 20:41:12,3386.0,29.92847071644444
2024-06-14 20:41:13,3387.0,29.919583736
2024-06-14 20:41:14,3388.0,29.912998419555556
2024-06-14 20:41:15,3389.0,29.908906572444444
2024-06-14 20:41:16,3390.0,29.9075
2024-06-14 20:41:17,3391.0,29.908425988148146
2024-06-14 20:41:18,3392.0,29.91111977185185
2024-06-14 20:41:19,3393.0,29.915455079999997
2024-06-14 20:41:20,3394.0,29.921305641481478
2024-06-14 20:41:21,3395.0,29.928545185185182
2024-06-14 20:41:22,3396.0,29.93704744
2024-06-14 20:41:23,3397.0,29.94668613481481
2024-06-14 20:41:24,3398.0,29.95733499851852
2024-06-14 20:41:25,3399.0,29.96886776
2024-06-14 20:41:26,3400.0,29.981158148148147
2024-06-14 20:41:27,3401.0,29.99407989185185
2024-06-14 20:41:28,3402.0,30.00750672
2024-06-14 20:41:29,3403.0,30.02131236148148
2024-06-14 20:41:30,3404.0,30.035370545185184
2024-06-14 20:41:31,3405.0,30.049554999999998
2024-06-14 20:41:32,3406.0,30.063739454814815
2024-06-14 20:41:33,3407.0,30.07779763851852
2024-06-14 20:41:34,3408.0,30.091603279999998
2024-06-14 20:41:35,3409.0,30.105030108148146
2024-06-14 20:41:36,3410.0,30.11795185185185
2024-06-14 20:41:37,3411.0,30.130242239999998
2024-06-14 20:41:38,3412.0,30.141775001481477
2024-06-14 20:41:39,3413.0,30.152423865185185
2024-06-14 20:41:40,3414.0,30.16206256
2024-06-14 20:41:41,3415.0,30.17056481481481
2024-06-14 20:41:42,3416.0,30.177804358518515
2024-06-14 20:41:43,3417.0,30.18365492
2024-06-14 20:41:44,3418.0,30.187990228148145
2024-06-14 20:41:45,3419.0,30.190684011851847
2024-06-14 20:41:46,3420.0,30.191609999999997
2024-06-14 20:41:47,3421.0,30.19112173037037
2024-06-14 20:41:48,3422.0,30.189701309629626
2024-06-14 20:41:49,3423.0,30.187415319999996
2024-06-14 20:41:50,3424.0,30.184330343703703
2024-06-14 20:41:51,3425.0,30.18051296296296
2024-06-14 20:41:52,3426.0,30.176029759999995
2024-06-14 20:41:53,3427.0,30.170947317037037
2024-06-14 20:41:54,3428.0,30.165332216296296
2024-06-14 20:41:55,3429.0,30.159251039999997
2024-06-14 20:41:56,3430.0,30.15277037037037
2024-06-14 20:41:57,3431.0,30.145956789629633
2024-06-14 20:41:58,3432.0,30.13887688
2024-06-14 20:41:59,3433.0,30.131597223703704
2024-06-14 20:42:00,3434.0,30.124184402962964
2024-06-14 20:42:01,3435.0,30.116705
2024-06-14 20:42:02,3436.0,30.10922559703704
2024-06-14 20:42:03,3437.0,30.1018127762963
2024-06-14 20:42:04,3438.0,30.09453312
2024-06-14 20:42:05,3439.0,30.087453210370374
2024-06-14 20:42:06,3440.0,30.080639629629633
2024-06-14 20:42:07,3441.0,30.074158960000002
2024-06-14 20:42:08,3442.0,30.068077783703707
2024-06-14 20:42:09,3443.0,30.062462682962966
2024-06-14 20:42:10,3444.0,30.057380240000008
2024-06-14 20:42:11,3445.0,30.05289703703704
2024-06-14 20:42:12,3446.0,30.049079656296303
2024-06-14 20:42:13,3447.0,30.045994680000007
2024-06-14 20:42:14,3448.0,30.043708690370377
2024-06-14 20:42:15,3449.0,30.042288269629633
2024-06-14 20:42:16,3450.0,30.041800000000006
2024-06-14 20:42:17,3451.0,30.043171045696756
2024-06-14 20:42:18,3452.0,30.04715972131159
2024-06-14 20:42:19,3453.0,30.053579334631387
2024-06-14 20:42:20,3454.0,30.06224319344303
2024-06-14 20:42:21,3455.0,30.072964605533397
2024-06-14 20:42:22,3456.0,30.085556878689367
2024-06-14 20:42:23,3457.0,30.09983332069782
2024-06-14 20:42:24,3458.0,30.115607239345632
2024-06-14 20:42:25,3459.0,30.132691942419683
2024-06-14 20:42:26,3460.0,30.15090073770686
2024-06-14 20:42:27,3461.0,30.170046932994033
2024-06-14 20:42:28,3462.0,30.18994383606809
2024-06-14 20:42:29,3463.0,30.210404754715903
2024-06-14 20:42:30,3464.0,30.23124299672435
2024-06-14 20:42:31,3465.0,30.25227186988032
2024-06-14 20:42:32,3466.0,30.27330468197069
2024-06-14 20:42:33,3467.0,30.29415474078233
2024-06-14 20:42:34,3468.0,30.31463535410213
2024-06-14 20:42:35,3469.0,30.334559829716962
2024-06-14 20:42:36,3470.0,30.353741475413713
2024-06-14 20:42:37,3471.0,30.37199359897926
2024-06-14 20:42:38,3472.0,30.389129508200476
2024-06-14 20:42:39,3473.0,30.404962510864248
2024-06-14 20:42:40,3474.0,30.419305914757448
2024-06-14 20:42:41,3475.0,30.431973027666963
2024-06-14 20:42:42,3476.0,30.44277715737967
2024-06-14 20:42:43,3477.0,30.45153161168245
2024-06-14 20:42:44,3478.0,30.458049698362178
2024-06-14 20:42:45,3479.0,30.462144725205736
2024-06-14 20:42:46,3480.0,30.463630000000006
2024-06-14 20:42:47,3481.0,30.46374622294242
2024-06-14 20:42:48,3482.0,30.463858553489686
2024-06-14 20:42:49,3483.0,30.46396698831756
2024-06-14 20:42:50,3484.0,30.464071524101822
2024-06-14 20:42:51,3485.0,30.46417215751823
2024-06-14 20:42:52,3486.0,30.46426888524256
2024-06-14 20:42:53,3487.0,30.46436170395058
2024-06-14 20:42:54,3488.0,30.46445061031805
2024-06-14 20:42:55,3489.0,30.464535601020753
2024-06-14 20:42:56,3490.0,30.464616672734444
2024-06-14 20:42:57,3491.0,30.464693822134898
2024-06-14 20:42:58,3492.0,30.46476704589788
2024-06-14 20:42:59,3493.0,30.464836340699158
2024-06-14 20:43:00,3494.0,30.464901703214505
2024-06-14 20:43:01,3495.0,30.464963130119685
2024-06-14 20:43:02,3496.0,30.46502061809047
2024-06-14 20:43:03,3497.0,30.465074163802626
2024-06-14 20:43:04,3498.0,30.465123763931917
2024-06-14 20:43:05,3499.0,30.465169415154122
2024-06-14 20:43:06,3500.0,30.465211114144996
2024-06-14 20:43:07,3501.0,30.465248857580324
2024-06-14 20:43:08,3502.0,30.465282642135854
2024-06-14 20:43:09,3503.0,30.46531246448737
2024-06-14 20:43:10,3504.0,30.465338321310636
2024-06-14 20:43:11,3505.0,30.46536020928142
2024-06-14 20:43:12,3506.0,30.465378125075492
2024-06-14 20:43:13,3507.0,30.465392065368615
2024-06-14 20:43:14,3508.0,30.465402026836564
2024-06-14 20:43:15,3509.0,30.4654080061551
2024-06-14 20:43:16,3510.0,30.46541
2024-06-14 20:43:17,3511.0,30.464951454814813
2024-06-14 20:43:18,3512.0,30.463617505185184
2024-06-14 20:43:19,3513.0,30.461470679999998
2024-06-14 20:43:20,3514.0,30.45857350814815
2024-06-14 20:43:21,3515.0,30.454988518518515
2024-06-14 20:43:22,3516.0,30.450778239999998
2024-06-14 20:43:23,3517.0,30.44600520148148
2024-06-14 20:43:24,3518.0,30.44073193185185
2024-06-14 20:43:25,3519.0,30.43502096
2024-06-14 20:43:26,3520.0,30.428934814814813
2024-06-14 20:43:27,3521.0,30.422536025185185
2024-06-14 20:43:28,3522.0,30.415887119999997
2024-06-14 20:43:29,3523.0,30.409050628148144
2024-06-14 20:43:30,3524.0,30.402089078518514
2024-06-14 20:43:31,3525.0,30.395065
2024-06-14 20:43:32,3526.0,30.388040921481476
2024-06-14 20:43:33,3527.0,30.38107937185185
2024-06-14 20:43:34,3528.0,30.374242879999997
2024-06-14 20:43:35,3529.0,30.36759397481481
2024-06-14 20:43:36,3530.0,30.36119518518518
2024-06-14 20:43:37,3531.0,30.355109039999995
2024-06-14 20:43:38,3532.0,30.349398068148144
2024-06-14 20:43:39,3533.0,30.344124798518514
2024-06-14 20:43:40,3534.0,30.339351759999996
2024-06-14 20:43:41,3535.0,30.33514148148148
2024-06-14 20:43:42,3536.0,30.331556491851845
2024-06-14 20:43:43,3537.0,30.328659319999996
2024-06-14 20:43:44,3538.0,30.32651249481481
2024-06-14 20:43:45,3539.0,30.32517854518518
2024-06-14 20:43:46,3540.0,30.324719999999996
2024-06-14 20:43:47,3541.0,30.325642781037033
2024-06-14 20:43:48,3542.0,30.328327234962956
2024-06-14 20:43:49,3543.0,30.332647527999995
2024-06-14 20:43:50,3544.0,30.33847782637037
2024-06-14 20:43:51,3545.0,30.345692296296292
2024-06-14 20:43:52,3546.0,30.354165103999996
2024-06-14 20:43:53,3547.0,30.3637704157037
2024-06-14 20:43:54,3548.0,30.374382397629628
2024-06-14 20:43:55,3549.0,30.385875215999995
2024-06-14 20:43:56,3550.0,30.398123037037035
2024-06-14 20:43:57,3551.0,30.411000026962963
2024-06-14 20:43:58,3552.0,30.424380352
2024-06-14 20:43:59,3553.0,30.43813817837037
2024-06-14 20:44:00,3554.0,30.452147672296295
2024-06-14 20:44:01,3555.0,30.466282999999997
2024-06-14 20:44:02,3556.0,30.480418327703703
2024-06-14 20:44:03,3557.0,30.49442782162963
2024-06-14 20:44:04,3558.0,30.508185648
2024-06-14 20:44:05,3559.0,30.521565973037035
2024-06-14 20:44:06,3560.0,30.534442962962963
2024-06-14 20:44:07,3561.0,30.546690784
2024-06-14 20:44:08,3562.0,30.55818360237037
2024-06-14 20:44:09,3563.0,30.5687955842963
2024-06-14 20:44:10,3564.0,30.578400896
2024-06-14 20:44:11,3565.0,30.586873703703706
2024-06-14 20:44:12,3566.0,30.59408817362963
2024-06-14 20:44:13,3567.0,30.599918472000002
2024-06-14 20:44:14,3568.0,30.60423876503704
2024-06-14 20:44:15,3569.0,30.606923218962965
2024-06-14 20:44:16,3570.0,30.607846000000002
2024-06-14 20:44:17,3571.0,30.60555214637037
2024-06-14 20:44:18,3572.0,30.598879117629632
2024-06-14 20:44:19,3573.0,30.588139712
2024-06-14 20:44:20,3574.0,30.573646727703707
2024-06-14 20:44:21,3575.0,30.555712962962964
2024-06-14 20:44:22,3576.0,30.534651216000004
2024-06-14 20:44:23,3577.0,30.51077428503704
2024-06-14 20:44:24,3578.0,30.484394968296296
2024-06-14 20:44:25,3579.0,30.455826064
2024-06-14 20:44:26,3580.0,30.425380370370373
2024-06-14 20:44:27,3581.0,30.39337068562963
2024-06-14 20:44:28,3582.0,30.360109808
2024-06-14 20:44:29,3583.0,30.325910535703702
2024-06-14 20:44:30,3584.0,30.29108566696296
2024-06-14 20:44:31,3585.0,30.255948
2024-06-14 20:44:32,3586.0,30.22081033303704
2024-06-14 20:44:33,3587.0,30.185985464296298
2024-06-14 20:44:34,3588.0,30.151786192
2024-06-14 20:44:35,3589.0,30.11852531437037
2024-06-14 20:44:36,3590.0,30.08651562962963
2024-06-14 20:44:37,3591.0,30.056069936
2024-06-14 20:44:38,3592.0,30.027501031703704
2024-06-14 20:44:39,3593.0,30.00112171496296
2024-06-14 20:44:40,3594.0,29.977244783999996
2024-06-14 20:44:41,3595.0,29.956183037037036
2024-06-14 20:44:42,3596.0,29.938249272296297
2024-06-14 20:44:43,3597.0,29.923756288
2024-06-14 20:44:44,3598.0,29.91301688237037
2024-06-14 20:44:45,3599.0,29.906343853629625
2024-06-14 20:44:46,3600.0,29.904049999999998
2024-06-14 20:44:47,3601.0,29.906284385185185
2024-06-14 20:44:48,3602.0,29.912784414814812
2024-06-14 20:44:49,3603.0,29.9232454
2024-06-14 20:44:50,3604.0,29.93736265185185
2024-06-14 20:44:51,3605.0,29.954831481481477
2024-06-14 20:44:52,3606.0,29.975347199999998
2024-06-14 20:44:53,3607.0,29.998605118518515
2024-06-14 20:44:54,3608.0,30.024300548148148
2024-06-14 20:44:55,3609.0,30.0521288
2024-06-14 20:44:56,3610.0,30.081785185185183
2024-06-14 20:44:57,3611.0,30.11296501481481
2024-06-14 20:44:58,3612.0,30.145363599999996
2024-06-14 20:44:59,3613.0,30.178676251851847
2024-06-14 20:45:00,3614.0,30.212598281481476
2024-06-14 20:45:01,3615.0,30.246824999999994
2024-06-14 20:45:02,3616.0,30.281051718518516
2024-06-14 20:45:03,3617.0,30.314973748148144
2024-06-14 20:45:04,3618.0,30.348286399999996
2024-06-14 20:45:05,3619.0,30.380684985185184
2024-06-14 20:45:06,3620.0,30.411864814814813
2024-06-14 20:45:07,3621.0,30.441521199999997
2024-06-14 20:45:08,3622.0,30.46934945185185
2024-06-14 20:45:09,3623.0,30.495044881481476
2024-06-14 20:45:10,3624.0,30.518302799999997
2024-06-14 20:45:11,3625.0,30.538818518518514
2024-06-14 20:45:12,3626.0,30.556287348148146
2024-06-14 20:45:13,3627.0,30.5704046
2024-06-14 20:45:14,3628.0,30.580865585185183
2024-06-14 20:45:15,3629.0,30.58736561481481
2024-06-14 20:45:16,3630.0,30.589599999999997
2024-06-14 20:45:17,3631.0,30.589549839999997
2024-06-14 20:45:18,3632.0,30.58940392
2024-06-14 20:45:19,3633.0,30.589169079999998
2024-06-14 20:45:20,3634.0,30.58885216
2024-06-14 20:45:21,3635.0,30.588459999999998
2024-06-14 20:45:22,3636.0,30.587999439999997
2024-06-14 20:45:23,3637.0,30.587477319999994
2024-06-14 20:45:24,3638.0,30.586900479999997
2024-06-14 20:45:25,3639.0,30.586275759999996
2024-06-14 20:45:26,3640.0,30.585609999999996
2024-06-14 20:45:27,3641.0,30.584910039999997
2024-06-14 20:45:28,3642.0,30.584182719999998
2024-06-14 20:45:29,3643.0,30.58343488
2024-06-14 20:45:30,3644.0,30.582673359999998
2024-06-14 20:45:31,3645.0,30.581904999999995
2024-06-14 20:45:32,3646.0,30.581136639999997
2024-06-14 20:45:33,3647.0,30.58037512
2024-06-14 20:45:34,3648.0,30.579627279999997
2024-06-14 20:45:35,3649.0,30.578899959999998
2024-06-14 20:45:36,3650.0,30.578199999999995
2024-06-14 20:45:37,3651.0,30.57753424
2024-06-14 20:45:38,3652.0,30.576909519999997
2024-06-14 20:45:39,3653.0,30.576332679999997
2024-06-14 20:45:40,3654.0,30.575810559999997
2024-06-14 20:45:41,3655.0,30.57535
2024-06-14 20:45:42,3656.0,30.574957839999996
2024-06-14 20:45:43,3657.0,30.574640919999997
2024-06-14 20:45:44,3658.0,30.57440608
2024-06-14 20:45:45,3659.0,30.574260159999998
2024-06-14 20:45:46,3660.0,30.574209999999997
2024-06-14 20:45:47,3661.0,30.574540637472136
2024-06-14 20:45:48,3662.0,30.575515677287036
2024-06-14 20:45:49,3663.0,30.57710981054241
2024-06-14 20:45:50,3664.0,30.579297728335984
2024-06-14 20:45:51,3665.0,30.58205412176547
2024-06-14 20:45:52,3666.0,30.58535368192858
2024-06-14 20:45:53,3667.0,30.58917109992305
2024-06-14 20:45:54,3668.0,30.593481066846582
2024-06-14 20:45:55,3669.0,30.5982582737969
2024-06-14 20:45:56,3670.0,30.603477411871726
2024-06-14 20:45:57,3671.0,30.60911317216877
2024-06-14 20:45:58,3672.0,30.615140245785756
2024-06-14 20:45:59,3673.0,30.621533323820397
2024-06-14 20:46:00,3674.0,30.628267097370422
2024-06-14 20:46:01,3675.0,30.63531625753354
2024-06-14 20:46:02,3676.0,30.642655495407467
2024-06-14 20:46:03,3677.0,30.650259502089927
2024-06-14 20:46:04,3678.0,30.658102968678634
2024-06-14 20:46:05,3679.0,30.666160586271314
2024-06-14 20:46:06,3680.0,30.674407045965673
2024-06-14 20:46:07,3681.0,30.68281703885944
2024-06-14 20:46:08,3682.0,30.69136525605033
2024-06-14 20:46:09,3683.0,30.700026388636058
2024-06-14 20:46:10,3684.0,30.708775127714343
2024-06-14 20:46:11,3685.0,30.717586164382908
2024-06-14 20:46:12,3686.0,30.726434189739468
2024-06-14 20:46:13,3687.0,30.735293894881735
2024-06-14 20:46:14,3688.0,30.744139970907437
2024-06-14 20:46:15,3689.0,30.752947108914288
2024-06-14 20:46:16,3690.0,30.761690000000005
2024-06-14 20:46:17,3691.0,30.771222544419054
2024-06-14 20:46:18,3692.0,30.782326855759237
2024-06-14 20:46:19,3693.0,30.794869945118272
2024-06-14 20:46:20,3694.0,30.80871882359388
2024-06-14 20:46:21,3695.0,30.823740502283766
2024-06-14 20:46:22,3696.0,30.83980199228566
2024-06-14 20:46:23,3697.0,30.856770304697285
2024-06-14 20:46:24,3698.0,30.874512450616347
2024-06-14 20:46:25,3699.0,30.892895441140563
2024-06-14 20:46:26,3700.0,30.91178628736766
2024-06-14 20:46:27,3701.0,30.931052000395358
2024-06-14 20:46:28,3702.0,30.95055959132137
2024-06-14 20:46:29,3703.0,30.970176071243408
2024-06-14 20:46:30,3704.0,30.989768451259202
2024-06-14 20:46:31,3705.0,31.00920374246646
2024-06-14 20:46:32,3706.0,31.028348955962915
2024-06-14 20:46:33,3707.0,31.047071102846267
2024-06-14 20:46:34,3708.0,31.065237194214244
2024-06-14 20:46:35,3709.0,31.082714241164563
2024-06-14 20:46:36,3710.0,31.099369254794944
2024-06-14 20:46:37,3711.0,31.115069246203095
2024-06-14 20:46:38,3712.0,31.12968122648675
2024-06-14 20:46:39,3713.0,31.143072206743614
2024-06-14 20:46:40,3714.0,31.155109198071408
2024-06-14 20:46:41,3715.0,31.165659211567863
2024-06-14 20:46:42,3716.0,31.17458925833068
2024-06-14 20:46:43,3717.0,31.181766349457583
2024-06-14 20:46:44,3718.0,31.18705749604629
2024-06-14 20:46:45,3719.0,31.190329709194526
2024-06-14 20:46:46,3720.0,31.191449999999996
2024-06-14 20:46:47,3721.0,31.186863114074068
2024-06-14 20:46:48,3722.0,31.173519445925923
2024-06-14 20:46:49,3723.0,31.152044479999997
2024-06-14 20:46:50,3724.0,31.123063700740737
2024-06-14 20:46:51,3725.0,31.08720259259259
2024-06-14 20:46:52,3726.0,31.045086639999997
2024-06-14 20:46:53,3727.0,30.997341327407405
2024-06-14 20:46:54,3728.0,30.944592139259257
2024-06-14 20:46:55,3729.0,30.887464559999998
2024-06-14 20:46:56,3730.0,30.826584074074074
2024-06-14 20:46:57,3731.0,30.762576165925925
2024-06-14 20:46:58,3732.0,30.696066319999996
2024-06-14 20:46:59,3733.0,30.62768002074074
2024-06-14 20:47:00,3734.0,30.558042752592595
2024-06-14 20:47:01,3735.0,30.48778
2024-06-14 20:47:02,3736.0,30.417517247407407
2024-06-14 20:47:03,3737.0,30.34787997925926
2024-06-14 20:47:04,3738.0,30.27949368
2024-06-14 20:47:05,3739.0,30.212983834074077
2024-06-14 20:47:06,3740.0,30.14897592592593
2024-06-14 20:47:07,3741.0,30.088095440000004
2024-06-14 20:47:08,3742.0,30.03096786074074
2024-06-14 20:47:09,3743.0,29.978218672592597
2024-06-14 20:47:10,3744.0,29.930473360000004
2024-06-14 20:47:11,3745.0,29.888357407407412
2024-06-14 20:47:12,3746.0,29.85249629925926
2024-06-14 20:47:13,3747.0,29.823515520000004
2024-06-14 20:47:14,3748.0,29.802040554074082
2024-06-14 20:47:15,3749.0,29.78869688592593
2024-06-14 20:47:16,3750.0,29.784110000000005
2024-06-14 20:47:17,3751.0,29.787219398518523
2024-06-14 20:47:18,3752.0,29.796264921481487
2024-06-14 20:47:19,3753.0,29.810822560000005
2024-06-14 20:47:20,3754.0,29.83046830518519
2024-06-14 20:47:21,3755.0,29.854778148148153
2024-06-14 20:47:22,3756.0,29.883328080000005
2024-06-14 20:47:23,3757.0,29.915694091851858
2024-06-14 20:47:24,3758.0,29.95145217481482
2024-06-14 20:47:25,3759.0,29.990178320000002
2024-06-14 20:47:26,3760.0,30.031448518518523
2024-06-14 20:47:27,3761.0,30.074838761481487
2024-06-14 20:47:28,3762.0,30.119925040000002
2024-06-14 20:47:29,3763.0,30.166283345185185
2024-06-14 20:47:30,3764.0,30.21348966814815
2024-06-14 20:47:31,3765.0,30.261120000000002
2024-06-14 20:47:32,3766.0,30.308750331851854
2024-06-14 20:47:33,3767.0,30.355956654814815
2024-06-14 20:47:34,3768.0,30.40231496
2024-06-14 20:47:35,3769.0,30.44740123851852
2024-06-14 20:47:36,3770.0,30.490791481481484
2024-06-14 20:47:37,3771.0,30.532061679999998
2024-06-14 20:47:38,3772.0,30.570787825185185
2024-06-14 20:47:39,3773.0,30.60654590814815
2024-06-14 20:47:40,3774.0,30.638911919999998
2024-06-14 20:47:41,3775.0,30.66746185185185
2024-06-14 20:47:42,3776.0,30.691771694814815
2024-06-14 20:47:43,3777.0,30.711417439999998
2024-06-14 20:47:44,3778.0,30.725975078518516
2024-06-14 20:47:45,3779.0,30.735020601481477
2024-06-14 20:47:46,3780.0,30.738129999999998
2024-06-14 20:47:47,3781.0,30.736306965925923
2024-06-14 20:47:48,3782.0,30.73100359407407
2024-06-14 20:47:49,3783.0,30.72246848
2024-06-14 20:47:50,3784.0,30.710950219259256
2024-06-14 20:47:51,3785.0,30.696697407407406
2024-06-14 20:47:52,3786.0,30.679958639999995
2024-06-14 20:47:53,3787.0,30.66098251259259
2024-06-14 20:47:54,3788.0,30.64001762074074
2024-06-14 20:47:55,3789.0,30.617312559999995
2024-06-14 20:47:56,3790.0,30.59311592592592
2024-06-14 20:47:57,3791.0,30.567676314074074
2024-06-14 20:47:58,3792.0,30.541242319999995
2024-06-14 20:47:59,3793.0,30.514062539259257
2024-06-14 20:48:00,3794.0,30.486385567407407
2024-06-14 20:48:01,3795.0,30.45846
2024-06-14 20:48:02,3796.0,30.43053443259259
2024-06-14 20:48:03,3797.0,30.402857460740737
2024-06-14 20:48:04,3798.0,30.375677679999995
2024-06-14 20:48:05,3799.0,30.34924368592592
2024-06-14 20:48:06,3800.0,30.32380407407407
2024-06-14 20:48:07,3801.0,30.29960744
2024-06-14 20:48:08,3802.0,30.276902379259255
2024-06-14 20:48:09,3803.0,30.255937487407405
2024-06-14 20:48:10,3804.0,30.236961359999995
2024-06-14 20:48:11,3805.0,30.220222592592588
2024-06-14 20:48:12,3806.0,30.205969780740737
2024-06-14 20:48:13,3807.0,30.194451519999994
2024-06-14 20:48:14,3808.0,30.18591640592592
2024-06-14 20:48:15,3809.0,30.18061303407407
2024-06-14 20:48:16,3810.0,30.178789999999996
2024-06-14 20:48:17,3811.0,30.186592920750698
2024-06-14 20:48:18,3812.0,30.209595260217267
2024-06-14 20:48:19,3813.0,30.247187384221398
2024-06-14 20:48:20,3814.0,30.298759658584785
2024-06-14 20:48:21,3815.0,30.363702449129114
2024-06-14 20:48:22,3816.0,30.441406121676096
2024-06-14 20:48:23,3817.0,30.531261042047404
2024-06-14 20:48:24,3818.0,30.632657576064744
2024-06-14 20:48:25,3819.0,30.74498608954981
2024-06-14 20:48:26,3820.0,30.867636948324293
2024-06-14 20:48:27,3821.0,31.000000518209887
2024-06-14 20:48:28,3822.0,31.141467165028285
2024-06-14 20:48:29,3823.0,31.29142725460118
2024-06-14 20:48:30,3824.0,31.44927115275027
2024-06-14 20:48:31,3825.0,31.61438922529725
2024-06-14 20:48:32,3826.0,31.786171838063805
2024-06-14 20:48:33,3827.0,31.964009356871635
2024-06-14 20:48:34,3828.0,32.14729214754243
2024-06-14 20:48:35,3829.0,32.33541057589789
2024-06-14 20:48:36,3830.0,32.5277550077597
2024-06-14 20:48:37,3831.0,32.723715808949564
2024-06-14 20:48:38,3832.0,32.92268334528917
2024-06-14 20:48:39,3833.0,33.12404798260021
2024-06-14 20:48:40,3834.0,33.32720008670439
2024-06-14 20:48:41,3835.0,33.531530023423386
2024-06-14 20:48:42,3836.0,33.736428158578896
2024-06-14 20:48:43,3837.0,33.94128485799262
2024-06-14 20:48:44,3838.0,34.14549048748625
2024-06-14 20:48:45,3839.0,34.34843541288148
2024-06-14 20:48:46,3840.0,34.549510000000005
2024-06-14 20:48:47,3841.0,34.758120636465634
2024-06-14 20:48:48,3842.0,34.98342895980065
2024-06-14 20:48:49,3843.0,35.224458210674484
2024-06-14 20:48:50,3844.0,35.48023162975656
2024-06-14 20:48:51,3845.0,35.74977245771629
2024-06-14 20:48:52,3846.0,36.03210393522309
2024-06-14 20:48:53,3847.0,36.32624930294639
2024-06-14 20:48:54,3848.0,36.6312318015556
2024-06-14 20:48:55,3849.0,36.94607467172014
2024-06-14 20:48:56,3850.0,37.26980115410944
2024-06-14 20:48:57,3851.0,37.601434489392915
2024-06-14 20:48:58,3852.0,37.939997918239975
2024-06-14 20:48:59,3853.0,38.284514681320054
2024-06-14 20:49:00,3854.0,38.63400801930256
2024-06-14 20:49:01,3855.0,38.98750117285692
2024-06-14 20:49:02,3856.0,39.34401738265256
2024-06-14 20:49:03,3857.0,39.70257988935889
2024-06-14 20:49:04,3858.0,40.06221193364532
2024-06-14 20:49:05,3859.0,40.42193675618128
2024-06-14 20:49:06,3860.0,40.78077759763621
2024-06-14 20:49:07,3861.0,41.13775769867949
2024-06-14 20:49:08,3862.0,41.49190029998057
2024-06-14 20:49:09,3863.0,41.84222864220886
2024-06-14 20:49:10,3864.0,42.18776596603377
2024-06-14 20:49:11,3865.0,42.52753551212474
2024-06-14 20:49:12,3866.0,42.86056052115118
2024-06-14 20:49:13,3867.0,43.185864233782496
2024-06-14 20:49:14,3868.0,43.50246989068813
2024-06-14 20:49:15,3869.0,43.80940073253749
2024-06-14 20:49:16,3870.0,44.10568
2024-06-14 20:49:17,3871.0,44.394457198118026
2024-06-14 20:49:18,3872.0,44.67968062310792
2024-06-14 20:49:19,3873.0,44.96157170240001
2024-06-14 20:49:20,3874.0,45.24035186342464
2024-06-14 20:49:21,3875.0,45.516242533612164
2024-06-14 20:49:22,3876.0,45.78946514039293
2024-06-14 20:49:23,3877.0,46.060241111197264
2024-06-14 20:49:24,3878.0,46.328791873455536
2024-06-14 20:49:25,3879.0,46.595338854598076
2024-06-14 20:49:26,3880.0,46.86010348205524
2024-06-14 20:49:27,3881.0,47.12330718325736
2024-06-14 20:49:28,3882.0,47.38517138563479
2024-06-14 20:49:29,3883.0,47.64591751661787
2024-06-14 20:49:30,3884.0,47.90576700363695
2024-06-14 20:49:31,3885.0,48.164941274122384
2024-06-14 20:49:32,3886.0,48.423661755504504
2024-06-14 20:49:33,3887.0,48.68214987521365
2024-06-14 20:49:34,3888.0,48.94062706068019
2024-06-14 20:49:35,3889.0,49.19931473933445
2024-06-14 20:49:36,3890.0,49.45843433860678
2024-06-14 20:49:37,3891.0,49.71820728592753
2024-06-14 20:49:38,3892.0,49.97885500872704
2024-06-14 20:49:39,3893.0,50.24059893443566
2024-06-14 20:49:40,3894.0,50.50366049048373
2024-06-14 20:49:41,3895.0,50.768261104301594
2024-06-14 20:49:42,3896.0,51.034622203319614
2024-06-14 20:49:43,3897.0,51.30296521496811
2024-06-14 20:49:44,3898.0,51.573511566677446
2024-06-14 20:49:45,3899.0,51.84648268587797
2024-06-14 20:49:46,3900.0,52.12210000000001
2024-06-14 20:49:47,3901.0,52.400055407869104
2024-06-14 20:49:48,3902.0,52.679811860514256
2024-06-14 20:49:49,3903.0,52.961247363671006
2024-06-14 20:49:50,3904.0,53.244239923074915
2024-06-14 20:49:51,3905.0,53.52866754446154
2024-06-14 20:49:52,3906.0,53.814408233566425
2024-06-14 20:49:53,3907.0,54.10133999612512
2024-06-14 20:49:54,3908.0,54.38934083787319
2024-06-14 20:49:55,3909.0,54.67828876454619
2024-06-14 20:49:56,3910.0,54.968061781879655
2024-06-14 20:49:57,3911.0,55.258537895609145
2024-06-14 20:49:58,3912.0,55.549595111470225
2024-06-14 20:49:59,3913.0,55.84111143519843
2024-06-14 20:50:00,3914.0,56.13296487252933
2024-06-14 20:50:01,3915.0,56.42503342919846
2024-06-14 20:50:02,3916.0,56.71719511094139
2024-06-14 20:50:03,3917.0,57.00932792349366
2024-06-14 20:50:04,3918.0,57.30130987259082
2024-06-14 20:50:05,3919.0,57.59301896396844
2024-06-14 20:50:06,3920.0,57.884333203362054
2024-06-14 20:50:07,3921.0,58.17513059650722
2024-06-14 20:50:08,3922.0,58.465289149139515
2024-06-14 20:50:09,3923.0,58.754686866994454
2024-06-14 20:50:10,3924.0,59.043201755807615
2024-06-14 20:50:11,3925.0,59.33071182131454
2024-06-14 20:50:12,3926.0,59.61709506925079
2024-06-14 20:50:13,3927.0,59.9022295053519
2024-06-14 20:50:14,3928.0,60.185993135353435
2024-06-14 20:50:15,3929.0,60.46826396499096
2024-06-14 20:50:16,3930.0,60.74892000000001
2024-06-14 20:50:17,3931.0,61.03702576730654
2024-06-14 20:50:18,3932.0,61.340548826929556
2024-06-14 20:50:19,3933.0,61.65772173424421
2024-06-14 20:50:20,3934.0,61.986777044625676
2024-06-14 20:50:21,3935.0,62.325947313449085
2024-06-14 20:50:22,3936.0,62.673465096089615
2024-06-14 20:50:23,3937.0,63.027562947922405
2024-06-14 20:50:24,3938.0,63.38647342432262
2024-06-14 20:50:25,3939.0,63.74842908066542
2024-06-14 20:50:26,3940.0,64.11166247232595
2024-06-14 20:50:27,3941.0,64.47440615467934
2024-06-14 20:50:28,3942.0,64.83489268310082
2024-06-14 20:50:29,3943.0,65.19135461296547
2024-06-14 20:50:30,3944.0,65.54202449964848
2024-06-14 20:50:31,3945.0,65.88513489852501
2024-06-14 20:50:32,3946.0,66.21891836497021
2024-06-14 20:50:33,3947.0,66.54160745435922
2024-06-14 20:50:34,3948.0,66.85143472206721
2024-06-14 20:50:35,3949.0,67.14663272346934
2024-06-14 20:50:36,3950.0,67.42543401394076
2024-06-14 20:50:37,3951.0,67.68607114885661
2024-06-14 20:50:38,3952.0,67.92677668359207
2024-06-14 20:50:39,3953.0,68.14578317352229
2024-06-14 20:50:40,3954.0,68.3413231740224
2024-06-14 20:50:41,3955.0,68.5116292404676
2024-06-14 20:50:42,3956.0,68.65493392823302
2024-06-14 20:50:43,3957.0,68.7694697926938
2024-06-14 20:50:44,3958.0,68.85346938922513
2024-06-14 20:50:45,3959.0,68.90516527320214
2024-06-14 20:50:46,3960.0,68.92279
2024-06-14 20:50:47,3961.0,68.91801433777778
2024-06-14 20:50:48,3962.0,68.90412150222222
2024-06-14 20:50:49,3963.0,68.88176272000001
2024-06-14 20:50:50,3964.0,68.85158921777779
2024-06-14 20:50:51,3965.0,68.81425222222222
2024-06-14 20:50:52,3966.0,68.77040296
2024-06-14 20:50:53,3967.0,68.72069265777778
2024-06-14 20:50:54,3968.0,68.66577254222223
2024-06-14 20:50:55,3969.0,68.60629384
2024-06-14 20:50:56,3970.0,68.54290777777778
2024-06-14 20:50:57,3971.0,68.47626558222223
2024-06-14 20:50:58,3972.0,68.40701848
2024-06-14 20:50:59,3973.0,68.33581769777778
2024-06-14 20:51:00,3974.0,68.26331446222223
2024-06-14 20:51:01,3975.0,68.19016
2024-06-14 20:51:02,3976.0,68.11700553777779
2024-06-14 20:51:03,3977.0,68.04450230222223
2024-06-14 20:51:04,3978.0,67.97330152
2024-06-14 20:51:05,3979.0,67.90405441777779
2024-06-14 20:51:06,3980.0,67.83741222222223
2024-06-14 20:51:07,3981.0,67.77402616
2024-06-14 20:51:08,3982.0,67.71454745777778
2024-06-14 20:51:09,3983.0,67.65962734222224
2024-06-14 20:51:10,3984.0,67.60991704
2024-06-14 20:51:11,3985.0,67.56606777777777
2024-06-14 20:51:12,3986.0,67.52873078222223
2024-06-14 20:51:13,3987.0,67.49855728
2024-06-14 20:51:14,3988.0,67.47619849777777
2024-06-14 20:51:15,3989.0,67.46230566222222
2024-06-14 20:51:16,3990.0,67.45753
2024-06-14 20:51:17,3991.0,67.46347361777778
2024-06-14 20:51:18,3992.0,67.48076414222223
2024-06-14 20:51:19,3993.0,67.50859108
2024-06-14 20:51:20,3994.0,67.54614393777779
2024-06-14 20:51:21,3995.0,67.59261222222223
2024-06-14 20:51:22,3996.0,67.64718544
2024-06-14 20:51:23,3997.0,67.70905309777777
2024-06-14 20:51:24,3998.0,67.77740470222223
2024-06-14 20:51:25,3999.0,67.85142976
2024-06-14 20:51:26,4000.0,67.93031777777777
2024-06-14 20:51:27,4001.0,68.01325826222222
2024-06-14 20:51:28,4002.0,68.09944072
2024-06-14 20:51:29,4003.0,68.18805465777778
2024-06-14 20:51:30,4004.0,68.27828958222223
2024-06-14 20:51:31,4005.0,68.369335
2024-06-14 20:51:32,4006.0,68.46038041777777
2024-06-14 20:51:33,4007.0,68.55061534222223
2024-06-14 20:51:34,4008.0,68.63922928
2024-06-14 20:51:35,4009.0,68.72541173777778
2024-06-14 20:51:36,4010.0,68.80835222222221
2024-06-14 20:51:37,4011.0,68.88724024
2024-06-14 20:51:38,4012.0,68.96126529777777
2024-06-14 20:51:39,4013.0,69.02961690222222
2024-06-14 20:51:40,4014.0,69.09148456
2024-06-14 20:51:41,4015.0,69.14605777777777
2024-06-14 20:51:42,4016.0,69.19252606222221
2024-06-14 20:51:43,4017.0,69.23007891999998
2024-06-14 20:51:44,4018.0,69.25790585777777
2024-06-14 20:51:45,4019.0,69.27519638222222
2024-06-14 20:51:46,4020.0,69.28114
2024-06-14 20:51:47,4021.0,69.2775632530255
2024-06-14 20:51:48,4022.0,69.26715300172307
2024-06-14 20:51:49,4023.0,69.25038923052415
2024-06-14 20:51:50,4024.0,69.2277519238603
2024-06-14 20:51:51,4025.0,69.19972106616297
2024-06-14 20:51:52,4026.0,69.16677664186369
2024-06-14 20:51:53,4027.0,69.12939863539397
2024-06-14 20:51:54,4028.0,69.08806703118529
2024-06-14 20:51:55,4029.0,69.04326181366915
2024-06-14 20:51:56,4030.0,68.99546296727708
2024-06-14 20:51:57,4031.0,68.94515047644055
2024-06-14 20:51:58,4032.0,68.89280432559109
2024-06-14 20:51:59,4033.0,68.83890449916018
2024-06-14 20:52:00,4034.0,68.78393098157935
2024-06-14 20:52:01,4035.0,68.72836375728006
2024-06-14 20:52:02,4036.0,68.67268281069386
2024-06-14 20:52:03,4037.0,68.61736812625222
2024-06-14 20:52:04,4038.0,68.56289968838664
2024-06-14 20:52:05,4039.0,68.50975748152864
2024-06-14 20:52:06,4040.0,68.45842149010971
2024-06-14 20:52:07,4041.0,68.40937169856136
2024-06-14 20:52:08,4042.0,68.36308809131509
2024-06-14 20:52:09,4043.0,68.32005065280241
2024-06-14 20:52:10,4044.0,68.28073936745479
2024-06-14 20:52:11,4045.0,68.24563421970377
2024-06-14 20:52:12,4046.0,68.21521519398082
2024-06-14 20:52:13,4047.0,68.18996227471749
2024-06-14 20:52:14,4048.0,68.17035544634521
2024-06-14 20:52:15,4049.0,68.15687469329556
2024-06-14 20:52:16,4050.0,68.14999999999999
2024-06-14 20:52:17,4051.0,68.14675148118846
2024-06-14 20:52:18,4052.0,68.14381422982301
2024-06-14 20:52:19,4053.0,68.14116569768323
2024-06-14 20:52:20,4054.0,68.13878333654878
2024-06-14 20:52:21,4055.0,68.13664459819931
2024-06-14 20:52:22,4056.0,68.13472693441445
2024-06-14 20:52:23,4057.0,68.1330077969738
2024-06-14 20:52:24,4058.0,68.131464637657
2024-06-14 20:52:25,4059.0,68.1300749082437
2024-06-14 20:52:26,4060.0,68.12881606051354
2024-06-14 20:52:27,4061.0,68.12766554624612
2024-06-14 20:52:28,4062.0,68.1266008172211
2024-06-14 20:52:29,4063.0,68.12559932521809
2024-06-14 20:52:30,4064.0,68.12463852201674
2024-06-14 20:52:31,4065.0,68.12369585939668
2024-06-14 20:52:32,4066.0,68.12274878913753
2024-06-14 20:52:33,4067.0,68.12177476301893
2024-06-14 20:52:34,4068.0,68.12075123282052
2024-06-14 20:52:35,4069.0,68.11965565032193
2024-06-14 20:52:36,4070.0,68.11846546730277
2024-06-14 20:52:37,4071.0,68.11715813554271
2024-06-14 20:52:38,4072.0,68.11571110682135
2024-06-14 20:52:39,4073.0,68.11410183291834
2024-06-14 20:52:40,4074.0,68.1123077656133
2024-06-14 20:52:41,4075.0,68.11030635668587
2024-06-14 20:52:42,4076.0,68.1080750579157
2024-06-14 20:52:43,4077.0,68.10559132108237
2024-06-14 20:52:44,4078.0,68.10283259796557
2024-06-14 20:52:45,4079.0,68.09977634034492
2024-06-14 20:52:46,4080.0,68.0964
2024-06-14 20:52:47,4081.0,68.07482199419931
2024-06-14 20:52:48,4082.0,68.01869053621287
2024-06-14 20:52:49,4083.0,67.93027777182265
2024-06-14 20:52:50,4084.0,67.81185584681059
2024-06-14 20:52:51,4085.0,67.6656969069587
2024-06-14 20:52:52,4086.0,67.49407309804897
2024-06-14 20:52:53,4087.0,67.29925656586333
2024-06-14 20:52:54,4088.0,67.08351945618382
2024-06-14 20:52:55,4089.0,66.84913391479236
2024-06-14 20:52:56,4090.0,66.59837208747096
2024-06-14 20:52:57,4091.0,66.3335061200016
2024-06-14 20:52:58,4092.0,66.05680815816625
2024-06-14 20:52:59,4093.0,65.77055034774688
2024-06-14 20:53:00,4094.0,65.47700483452547
2024-06-14 20:53:01,4095.0,65.17844376428403
2024-06-14 20:53:02,4096.0,64.87713928280448
2024-06-14 20:53:03,4097.0,64.57536353586882
2024-06-14 20:53:04,4098.0,64.27538866925906
2024-06-14 20:53:05,4099.0,63.97948682875714
2024-06-14 20:53:06,4100.0,63.68993016014506
2024-06-14 20:53:07,4101.0,63.408990809204774
2024-06-14 20:53:08,4102.0,63.138940921718294
2024-06-14 20:53:09,4103.0,62.88205264346756
2024-06-14 20:53:10,4104.0,62.640598120234586
2024-06-14 20:53:11,4105.0,62.416849497801316
2024-06-14 20:53:12,4106.0,62.213078921949744
2024-06-14 20:53:13,4107.0,62.03155853846185
2024-06-14 20:53:14,4108.0,61.87456049311961
2024-06-14 20:53:15,4109.0,61.744356931705006
2024-06-14 20:53:16,4110.0,61.64322
2024-06-14 20:53:17,4111.0,61.560862038056605
2024-06-14 20:53:18,4112.0,61.485147632243205
2024-06-14 20:53:19,4113.0,61.41557729781641
2024-06-14 20:53:20,4114.0,61.35165155003279
2024-06-14 20:53:21,4115.0,61.29287090414895
2024-06-14 20:53:22,4116.0,61.23873587542147
2024-06-14 20:53:23,4117.0,61.188746979106924
2024-06-14 20:53:24,4118.0,61.14240473046193
2024-06-14 20:53:25,4119.0,61.09920964474306
2024-06-14 20:53:26,4120.0,61.058662237206896
2024-06-14 20:53:27,4121.0,61.02026302311004
2024-06-14 20:53:28,4122.0,60.98351251770907
2024-06-14 20:53:29,4123.0,60.94791123626059
2024-06-14 20:53:30,4124.0,60.91295969402117
2024-06-14 20:53:31,4125.0,60.8781584062474
2024-06-14 20:53:32,4126.0,60.84300788819589
2024-06-14 20:53:33,4127.0,60.8070086551232
2024-06-14 20:53:34,4128.0,60.76966122228594
2024-06-14 20:53:35,4129.0,60.730466104940696
2024-06-14 20:53:36,4130.0,60.68892381834404
2024-06-14 20:53:37,4131.0,60.644534877752584
2024-06-14 20:53:38,4132.0,60.5967997984229
2024-06-14 20:53:39,4133.0,60.54521909561158
2024-06-14 20:53:40,4134.0,60.48929328457521
2024-06-14 20:53:41,4135.0,60.428522880570384
2024-06-14 20:53:42,4136.0,60.36240839885369
2024-06-14 20:53:43,4137.0,60.290450354681724
2024-06-14 20:53:44,4138.0,60.212149263311055
2024-06-14 20:53:45,4139.0,60.12700563999829
2024-06-14 20:53:46,4140.0,60.03452
2024-06-14 20:53:47,4141.0,59.9078028076106
2024-06-14 20:53:48,4142.0,59.722758650059646
2024-06-14 20:53:49,4143.0,59.483079227006485
2024-06-14 20:53:50,4144.0,59.192456238110466
2024-06-14 20:53:51,4145.0,58.85458138303095
2024-06-14 20:53:52,4146.0,58.47314636142728
2024-06-14 20:53:53,4147.0,58.051842872958794
2024-06-14 20:53:54,4148.0,57.59436261728486
2024-06-14 20:53:55,4149.0,57.10439729406482
2024-06-14 20:53:56,4150.0,56.585638602958014
2024-06-14 20:53:57,4151.0,56.041778243623796
2024-06-14 20:53:58,4152.0,55.47650791572152
2024-06-14 20:53:59,4153.0,54.893519318910535
2024-06-14 20:54:00,4154.0,54.29650415285018
2024-06-14 20:54:01,4155.0,53.68915411719981
2024-06-14 20:54:02,4156.0,53.07516091161878
2024-06-14 20:54:03,4157.0,52.458216235766436
2024-06-14 20:54:04,4158.0,51.84201178930213
2024-06-14 20:54:05,4159.0,51.23023927188519
2024-06-14 20:54:06,4160.0,50.62659038317499
2024-06-14 20:54:07,4161.0,50.03475682283087
2024-06-14 20:54:08,4162.0,49.45843029051218
2024-06-14 20:54:09,4163.0,48.90130248587826
2024-06-14 20:54:10,4164.0,48.367065108588484
2024-06-14 20:54:11,4165.0,47.85940985830217
2024-06-14 20:54:12,4166.0,47.38202843467869
2024-06-14 20:54:13,4167.0,46.93861253737738
2024-06-14 20:54:14,4168.0,46.5328538660576
2024-06-14 20:54:15,4169.0,46.16844412037869
2024-06-14 20:54:16,4170.0,45.849075
2024-06-14 20:54:17,4171.0,45.552698131345785
2024-06-14 20:54:18,4172.0,45.25527919316951
2024-06-14 20:54:19,4173.0,44.95753096362427
2024-06-14 20:54:20,4174.0,44.66016622086325
2024-06-14 20:54:21,4175.0,44.36389774303956
2024-06-14 20:54:22,4176.0,44.06943830830633
2024-06-14 20:54:23,4177.0,43.7775006948167
2024-06-14 20:54:24,4178.0,43.48879768072382
2024-06-14 20:54:25,4179.0,43.2040420441808
2024-06-14 20:54:26,4180.0,42.92394656334079
2024-06-14 20:54:27,4181.0,42.649224016356925
2024-06-14 20:54:28,4182.0,42.38058718138233
2024-06-14 20:54:29,4183.0,42.118748836570155
2024-06-14 20:54:30,4184.0,41.86442176007352
2024-06-14 20:54:31,4185.0,41.618318730045566
2024-06-14 20:54:32,4186.0,41.38115252463943
2024-06-14 20:54:33,4187.0,41.15363592200826
2024-06-14 20:54:34,4188.0,40.936481700305166
2024-06-14 20:54:35,4189.0,40.73040263768329
2024-06-14 20:54:36,4190.0,40.53611151229578
2024-06-14 20:54:37,4191.0,40.35432110229576
2024-06-14 20:54:38,4192.0,40.18574418583636
2024-06-14 20:54:39,4193.0,40.031093541070724
2024-06-14 20:54:40,4194.0,39.891081946152
2024-06-14 20:54:41,4195.0,39.7664221792333
2024-06-14 20:54:42,4196.0,39.65782701846776
2024-06-14 20:54:43,4197.0,39.566009242008526
2024-06-14 20:54:44,4198.0,39.491681628008735
2024-06-14 20:54:45,4199.0,39.43555695462152
2024-06-14 20:54:46,4200.0,39.398348
2024-06-14 20:54:47,4201.0,39.371640568191715
2024-06-14 20:54:48,4202.0,39.346493021936595
2024-06-14 20:54:49,4203.0,39.322826977426445
2024-06-14 20:54:50,4204.0,39.30056405085302
2024-06-14 20:54:51,4205.0,39.27962585840809
2024-06-14 20:54:52,4206.0,39.25993401628345
2024-06-14 20:54:53,4207.0,39.24141014067089
2024-06-14 20:54:54,4208.0,39.223975847762155
2024-06-14 20:54:55,4209.0,39.20755275374904
2024-06-14 20:54:56,4210.0,39.19206247482334
2024-06-14 20:54:57,4211.0,39.17742662717679
2024-06-14 20:54:58,4212.0,39.16356682700121
2024-06-14 20:54:59,4213.0,39.15040469048835
2024-06-14 20:55:00,4214.0,39.13786183383001
2024-06-14 20:55:01,4215.0,39.125859873217934
2024-06-14 20:55:02,4216.0,39.11432042484394
2024-06-14 20:55:03,4217.0,39.10316510489977
2024-06-14 20:55:04,4218.0,39.09231552957722
2024-06-14 20:55:05,4219.0,39.08169331506808
2024-06-14 20:55:06,4220.0,39.07122007756411
2024-06-14 20:55:07,4221.0,39.06081743325708
2024-06-14 20:55:08,4222.0,39.050406998338794
2024-06-14 20:55:09,4223.0,39.03991038900101
2024-06-14 20:55:10,4224.0,39.02924922143549
2024-06-14 20:55:11,4225.0,39.01834511183406
2024-06-14 20:55:12,4226.0,39.007119676388456
2024-06-14 20:55:13,4227.0,38.99549453129047
2024-06-14 20:55:14,4228.0,38.98339129273188
2024-06-14 20:55:15,4229.0,38.97073157690447
2024-06-14 20:55:16,4230.0,38.957437
2024-06-14 20:55:17,4231.0,38.94344903364392
2024-06-14 20:55:18,4232.0,38.92881387199144
2024-06-14 20:55:19,4233.0,38.91361021502887
2024-06-14 20:55:20,4234.0,38.897916762742604
2024-06-14 20:55:21,4235.0,38.881812215118984
2024-06-14 20:55:22,4236.0,38.86537527214439
2024-06-14 20:55:23,4237.0,38.84868463380517
2024-06-14 20:55:24,4238.0,38.83181900008769
2024-06-14 20:55:25,4239.0,38.81485707097832
2024-06-14 20:55:26,4240.0,38.79787754646341
2024-06-14 20:55:27,4241.0,38.780959126529325
2024-06-14 20:55:28,4242.0,38.76418051116244
2024-06-14 20:55:29,4243.0,38.74762040034909
2024-06-14 20:55:30,4244.0,38.73135749407566
2024-06-14 20:55:31,4245.0,38.71547049232851
2024-06-14 20:55:32,4246.0,38.70003809509398
2024-06-14 20:55:33,4247.0,38.68513900235846
2024-06-14 20:55:34,4248.0,38.67085191410829
2024-06-14 20:55:35,4249.0,38.65725553032984
2024-06-14 20:55:36,4250.0,38.64442855100948
2024-06-14 20:55:37,4251.0,38.63244967613356
2024-06-14 20:55:38,4252.0,38.62139760568845
2024-06-14 20:55:39,4253.0,38.61135103966051
2024-06-14 20:55:40,4254.0,38.60238867803609
2024-06-14 20:55:41,4255.0,38.59458922080157
2024-06-14 20:55:42,4256.0,38.58803136794331
2024-06-14 20:55:43,4257.0,38.58279381944765
2024-06-14 20:55:44,4258.0,38.57895527530097
2024-06-14 20:55:45,4259.0,38.57659443548963
2024-06-14 20:55:46,4260.0,38.57579
2024-06-14 20:55:47,4261.0,38.59866374030034
2024-06-14 20:55:48,4262.0,38.66520668897603
2024-06-14 20:55:49,4263.0,38.77230143768906
2024-06-14 20:55:50,4264.0,38.91683057810143
2024-06-14 20:55:51,4265.0,39.09567670187515
2024-06-14 20:55:52,4266.0,39.3057224006722
2024-06-14 20:55:53,4267.0,39.5438502661546
2024-06-14 20:55:54,4268.0,39.806942889984334
2024-06-14 20:55:55,4269.0,40.09188286382341
2024-06-14 20:55:56,4270.0,40.395552779333805
2024-06-14 20:55:57,4271.0,40.71483522817755
2024-06-14 20:55:58,4272.0,41.046612802016625
2024-06-14 20:55:59,4273.0,41.38776809251302
2024-06-14 20:56:00,4274.0,41.73518369132875
2024-06-14 20:56:01,4275.0,42.085742190125806
2024-06-14 20:56:02,4276.0,42.43632618056619
2024-06-14 20:56:03,4277.0,42.783818254311896
2024-06-14 20:56:04,4278.0,43.12510100302493
2024-06-14 20:56:05,4279.0,43.45705701836728
2024-06-14 20:56:06,4280.0,43.77656889200095
2024-06-14 20:56:07,4281.0,44.080519215587955
2024-06-14 20:56:08,4282.0,44.36579058079026
2024-06-14 20:56:09,4283.0,44.629265579269884
2024-06-14 20:56:10,4284.0,44.867826802688825
2024-06-14 20:56:11,4285.0,45.078356842709084
2024-06-14 20:56:12,4286.0,45.25773829099265
2024-06-14 20:56:13,4287.0,45.402853739201525
2024-06-14 20:56:14,4288.0,45.51058577899771
2024-06-14 20:56:15,4289.0,45.577817002043204
2024-06-14 20:56:16,4290.0,45.60143
2024-06-14 20:56:17,4291.0,45.60215829148809
2024-06-14 20:56:18,4292.0,45.60281694084728
2024-06-14 20:56:19,4293.0,45.603410858319315
2024-06-14 20:56:20,4294.0,45.60394495414591
2024-06-14 20:56:21,4295.0,45.60442413856879
2024-06-14 20:56:22,4296.0,45.6048533218297
2024-06-14 20:56:23,4297.0,45.60523741417037
2024-06-14 20:56:24,4298.0,45.60558132583253
2024-06-14 20:56:25,4299.0,45.6058899670579
2024-06-14 20:56:26,4300.0,45.606168248088224
2024-06-14 20:56:27,4301.0,45.60642107916524
2024-06-14 20:56:28,4302.0,45.60665337053065
2024-06-14 20:56:29,4303.0,45.606870032426215
2024-06-14 20:56:30,4304.0,45.60707597509365
2024-06-14 20:56:31,4305.0,45.607276108774684
2024-06-14 20:56:32,4306.0,45.607475343711066
2024-06-14 20:56:33,4307.0,45.60767859014451
2024-06-14 20:56:34,4308.0,45.607890758316756
2024-06-14 20:56:35,4309.0,45.60811675846953
2024-06-14 20:56:36,4310.0,45.60836150084455
2024-06-14 20:56:37,4311.0,45.60862989568358
2024-06-14 20:56:38,4312.0,45.60892685322832
2024-06-14 20:56:39,4313.0,45.60925728372052
2024-06-14 20:56:40,4314.0,45.60962609740189
2024-06-14 20:56:41,4315.0,45.61003820451419
2024-06-14 20:56:42,4316.0,45.610498515299135
2024-06-14 20:56:43,4317.0,45.611011939998455
2024-06-14 20:56:44,4318.0,45.61158338885389
2024-06-14 20:56:45,4319.0,45.61221777210715
2024-06-14 20:56:46,4320.0,45.61291999999999
2024-06-14 20:56:47,4321.0,45.61396563559361
2024-06-14 20:56:48,4322.0,45.615627163492405
2024-06-14 20:56:49,4323.0,45.617904876252894
2024-06-14 20:56:50,4324.0,45.62079906643158
2024-06-14 20:56:51,4325.0,45.624310026584986
2024-06-14 20:56:52,4326.0,45.628438049269626
2024-06-14 20:56:53,4327.0,45.633183427042
2024-06-14 20:56:54,4328.0,45.63854645245863
2024-06-14 20:56:55,4329.0,45.64452741807601
2024-06-14 20:56:56,4330.0,45.65112661645067
2024-06-14 20:56:57,4331.0,45.65834434013912
2024-06-14 20:56:58,4332.0,45.66618088169786
2024-06-14 20:56:59,4333.0,45.674636533683426
2024-06-14 20:57:00,4334.0,45.68371158865231
2024-06-14 20:57:01,4335.0,45.69340633916102
2024-06-14 20:57:02,4336.0,45.703721077766076
2024-06-14 20:57:03,4337.0,45.714656097024
2024-06-14 20:57:04,4338.0,45.72621168949129
2024-06-14 20:57:05,4339.0,45.738388147724464
2024-06-14 20:57:06,4340.0,45.75118576428003
2024-06-14 20:57:07,4341.0,45.7646048317145
2024-06-14 20:57:08,4342.0,45.77864564258439
2024-06-14 20:57:09,4343.0,45.79330848944621
2024-06-14 20:57:10,4344.0,45.808593664856474
2024-06-14 20:57:11,4345.0,45.82450146137169
2024-06-14 20:57:12,4346.0,45.84103217154837
2024-06-14 20:57:13,4347.0,45.85818608794303
2024-06-14 20:57:14,4348.0,45.87596350311218
2024-06-14 20:57:15,4349.0,45.89436470961233
2024-06-14 20:57:16,4350.0,45.91339
2024-06-14 20:57:17,4351.0,45.9587507701897
2024-06-14 20:57:18,4352.0,46.05376316370949
2024-06-14 20:57:19,4353.0,46.19483459453613
2024-06-14 20:57:20,4354.0,46.378372476646405
2024-06-14 20:57:21,4355.0,46.600784224017104
2024-06-14 20:57:22,4356.0,46.85847725062499
2024-06-14 20:57:23,4357.0,47.14785897044686
2024-06-14 20:57:24,4358.0,47.465336797459486
2024-06-14 20:57:25,4359.0,47.80731814563964
2024-06-14 20:57:26,4360.0,48.17021042896412
2024-06-14 20:57:27,4361.0,48.55042106140968
2024-06-14 20:57:28,4362.0,48.94435745695312
2024-06-14 20:57:29,4363.0,49.348427029571205
2024-06-14 20:57:30,4364.0,49.75903719324073
2024-06-14 20:57:31,4365.0,50.17259536193847
2024-06-14 20:57:32,4366.0,50.5855089496412
2024-06-14 20:57:33,4367.0,50.9941853703257
2024-06-14 20:57:34,4368.0,51.39503203796874
2024-06-14 20:57:35,4369.0,51.784456366547126
2024-06-14 20:57:36,4370.0,52.15886577003761
2024-06-14 20:57:37,4371.0,52.51466766241699
2024-06-14 20:57:38,4372.0,52.848269457662035
2024-06-14 20:57:39,4373.0,53.15607856974953
2024-06-14 20:57:40,4374.0,53.43450241265625
2024-06-14 20:57:41,4375.0,53.67994840035897
2024-06-14 20:57:42,4376.0,53.888823946834485
2024-06-14 20:57:43,4377.0,54.057536466059574
2024-06-14 20:57:44,4378.0,54.182493372011
2024-06-14 20:57:45,4379.0,54.260102078665554
2024-06-14 20:57:46,4380.0,54.28677
2024-06-14 20:57:47,4381.0,54.27984857185185
2024-06-14 20:57:48,4382.0,54.259713508148145
2024-06-14 20:57:49,4383.0,54.22730864
2024-06-14 20:57:50,4384.0,54.18357779851851
2024-06-14 20:57:51,4385.0,54.12946481481481
2024-06-14 20:57:52,4386.0,54.065913519999995
2024-06-14 20:57:53,4387.0,53.993867745185185
2024-06-14 20:57:54,4388.0,53.91427132148148
2024-06-14 20:57:55,4389.0,53.82806808
2024-06-14 20:57:56,4390.0,53.73620185185185
2024-06-14 20:57:57,4391.0,53.63961646814815
2024-06-14 20:57:58,4392.0,53.539255759999996
2024-06-14 20:57:59,4393.0,53.43606355851852
2024-06-14 20:58:00,4394.0,53.33098369481481
2024-06-14 20:58:01,4395.0,53.224959999999996
2024-06-14 20:58:02,4396.0,53.11893630518519
2024-06-14 20:58:03,4397.0,53.01385644148148
2024-06-14 20:58:04,4398.0,52.91066424
2024-06-14 20:58:05,4399.0,52.81030353185185
2024-06-14 20:58:06,4400.0,52.713718148148146
2024-06-14 20:58:07,4401.0,52.621851920000005
2024-06-14 20:58:08,4402.0,52.53564867851852
2024-06-14 20:58:09,4403.0,52.456052254814814
2024-06-14 20:58:10,4404.0,52.38400648
2024-06-14 20:58:11,4405.0,52.32045518518518
2024-06-14 20:58:12,4406.0,52.26634220148148
2024-06-14 20:58:13,4407.0,52.22261136
2024-06-14 20:58:14,4408.0,52.19020649185185
2024-06-14 20:58:15,4409.0,52.17007142814815
2024-06-14 20:58:16,4410.0,52.16315
2024-06-14 20:58:17,4411.0,52.16922151111111
2024-06-14 20:58:18,4412.0,52.186884088888895
2024-06-14 20:58:19,4413.0,52.21530980000001
2024-06-14 20:58:20,4414.0,52.25367071111111
2024-06-14 20:58:21,4415.0,52.301138888888886
2024-06-14 20:58:22,4416.0,52.3568864
2024-06-14 20:58:23,4417.0,52.420085311111116
2024-06-14 20:58:24,4418.0,52.48990768888889
2024-06-14 20:58:25,4419.0,52.5655256
2024-06-14 20:58:26,4420.0,52.64611111111111
2024-06-14 20:58:27,4421.0,52.730836288888895
2024-06-14 20:58:28,4422.0,52.8188732
2024-06-14 20:58:29,4423.0,52.90939391111111
2024-06-14 20:58:30,4424.0,53.00157048888889
2024-06-14 20:58:31,4425.0,53.094575
2024-06-14 20:58:32,4426.0,53.18757951111112
2024-06-14 20:58:33,4427.0,53.27975608888889
2024-06-14 20:58:34,4428.0,53.370276800000006
2024-06-14 20:58:35,4429.0,53.45831371111112
2024-06-14 20:58:36,4430.0,53.543038888888894
2024-06-14 20:58:37,4431.0,53.623624400000004
2024-06-14 20:58:38,4432.0,53.699242311111114
2024-06-14 20:58:39,4433.0,53.769064688888896
2024-06-14 20:58:40,4434.0,53.832263600000005
2024-06-14 20:58:41,4435.0,53.88801111111111
2024-06-14 20:58:42,4436.0,53.93547928888889
2024-06-14 20:58:43,4437.0,53.973840200000005
2024-06-14 20:58:44,4438.0,54.00226591111111
2024-06-14 20:58:45,4439.0,54.019928488888894
2024-06-14 20:58:46,4440.0,54.026
2024-06-14 20:58:47,4441.0,54.00169076427941
2024-06-14 20:58:48,4442.0,53.93093409959249
2024-06-14 20:58:49,4443.0,53.81698656965157
2024-06-14 20:58:50,4444.0,53.66310473816894
2024-06-14 20:58:51,4445.0,53.47254516885691
2024-06-14 20:58:52,4446.0,53.2485644254278
2024-06-14 20:58:53,4447.0,52.994419071593896
2024-06-14 20:58:54,4448.0,52.71336567106752
2024-06-14 20:58:55,4449.0,52.40866078756097
2024-06-14 20:58:56,4450.0,52.083560984786565
2024-06-14 20:58:57,4451.0,51.741322826456596
2024-06-14 20:58:58,4452.0,51.38520287628339
2024-06-14 20:58:59,4453.0,51.01845769797923
2024-06-14 20:59:00,4454.0,50.644343855256444
2024-06-14 20:59:01,4455.0,50.26611791182732
2024-06-14 20:59:02,4456.0,49.887036431404184
2024-06-14 20:59:03,4457.0,49.510355977699334
2024-06-14 20:59:04,4458.0,49.13933311442508
2024-06-14 20:59:05,4459.0,48.77722440529372
2024-06-14 20:59:06,4460.0,48.42728641401757
2024-06-14 20:59:07,4461.0,48.09277570430894
2024-06-14 20:59:08,4462.0,47.77694883988012
2024-06-14 20:59:09,4463.0,47.483062384443436
2024-06-14 20:59:10,4464.0,47.21437290171118
2024-06-14 20:59:11,4465.0,46.97413695539567
2024-06-14 20:59:12,4466.0,46.76561110920922
2024-06-14 20:59:13,4467.0,46.592051926864116
2024-06-14 20:59:14,4468.0,46.45671597207267
2024-06-14 20:59:15,4469.0,46.362859808547206
2024-06-14 20:59:16,4470.0,46.31374000000001
2024-06-14 20:59:17,4471.0,46.2892595030776
2024-06-14 20:59:18,4472.0,46.267042601558686
2024-06-14 20:59:19,4473.0,46.2469278498539
2024-06-14 20:59:20,4474.0,46.22875380237387
2024-06-14 20:59:21,4475.0,46.21235901352923
2024-06-14 20:59:22,4476.0,46.19758203773059
2024-06-14 20:59:23,4477.0,46.184261429388606
2024-06-14 20:59:24,4478.0,46.17223574291387
2024-06-14 20:59:25,4479.0,46.16134353271704
2024-06-14 20:59:26,4480.0,46.151423353208735
2024-06-14 20:59:27,4481.0,46.14231375879959
2024-06-14 20:59:28,4482.0,46.13385330390022
2024-06-14 20:59:29,4483.0,46.12588054292125
2024-06-14 20:59:30,4484.0,46.11823403027332
2024-06-14 20:59:31,4485.0,46.11075232036706
2024-06-14 20:59:32,4486.0,46.103273967613084
2024-06-14 20:59:33,4487.0,46.09563752642204
2024-06-14 20:59:34,4488.0,46.08768155120454
2024-06-14 20:59:35,4489.0,46.07924459637121
2024-06-14 20:59:36,4490.0,46.0701652163327
2024-06-14 20:59:37,4491.0,46.06028196549961
2024-06-14 20:59:38,4492.0,46.04943339828259
2024-06-14 20:59:39,4493.0,46.03745806909226
2024-06-14 20:59:40,4494.0,46.024194532339244
2024-06-14 20:59:41,4495.0,46.00948134243418
2024-06-14 20:59:42,4496.0,45.993157053787684
2024-06-14 20:59:43,4497.0,45.975060220810384
2024-06-14 20:59:44,4498.0,45.955029397912924
2024-06-14 20:59:45,4499.0,45.93290313950592
2024-06-14 20:59:46,4500.0,45.908519999999996
2024-06-14 20:59:47,4501.0,45.861332884362824
2024-06-14 20:59:48,4502.0,45.77290667434644
2024-06-14 20:59:49,4503.0,45.64624788953804
2024-06-14 20:59:50,4504.0,45.48436304952486
2024-06-14 20:59:51,4505.0,45.290258673894094
2024-06-14 20:59:52,4506.0,45.06694128223296
2024-06-14 20:59:53,4507.0,44.817417394128654
2024-06-14 20:59:54,4508.0,44.544693529168406
2024-06-14 20:59:55,4509.0,44.25177620693941
2024-06-14 20:59:56,4510.0,43.94167194702889
2024-06-14 20:59:57,4511.0,43.617387269024036
2024-06-14 20:59:58,4512.0,43.281928692512075
2024-06-14 20:59:59,4513.0,42.938302737080214
2024-06-14 21:00:00,4514.0,42.58951592231566
2024-06-14 21:00:01,4515.0,42.23857476780562
2024-06-14 21:00:02,4516.0,41.88848579313731
2024-06-14 21:00:03,4517.0,41.54225551789794
2024-06-14 21:00:04,4518.0,41.20289046167473
2024-06-14 21:00:05,4519.0,40.873397144054856
2024-06-14 21:00:06,4520.0,40.55678208462555
2024-06-14 21:00:07,4521.0,40.256051802974035
2024-06-14 21:00:08,4522.0,39.974212818687505
2024-06-14 21:00:09,4523.0,39.714271651353165
2024-06-14 21:00:10,4524.0,39.47923482055824
2024-06-14 21:00:11,4525.0,39.27210884588993
2024-06-14 21:00:12,4526.0,39.09590024693545
2024-06-14 21:00:13,4527.0,38.95361554328201
2024-06-14 21:00:14,4528.0,38.84826125451681
2024-06-14 21:00:15,4529.0,38.78284390022707
2024-06-14 21:00:16,4530.0,38.76037
2024-06-14 21:00:17,4531.0,38.76179009185186
2024-06-14 21:00:18,4532.0,38.765921268148155
2024-06-14 21:00:19,4533.0,38.77256988
2024-06-14 21:00:20,4534.0,38.78154227851852
2024-06-14 21:00:21,4535.0,38.79264481481482
2024-06-14 21:00:22,4536.0,38.80568384
2024-06-14 21:00:23,4537.0,38.82046570518519
2024-06-14 21:00:24,4538.0,38.83679676148149
2024-06-14 21:00:25,4539.0,38.85448336
2024-06-14 21:00:26,4540.0,38.87333185185186
2024-06-14 21:00:27,4541.0,38.89314858814815
2024-06-14 21:00:28,4542.0,38.913739920000005
2024-06-14 21:00:29,4543.0,38.934912198518525
2024-06-14 21:00:30,4544.0,38.95647177481482
2024-06-14 21:00:31,4545.0,38.978225
2024-06-14 21:00:32,4546.0,38.99997822518519
2024-06-14 21:00:33,4547.0,39.021537801481486
2024-06-14 21:00:34,4548.0,39.04271008
2024-06-14 21:00:35,4549.0,39.06330141185185
2024-06-14 21:00:36,4550.0,39.08311814814815
2024-06-14 21:00:37,4551.0,39.10196664
2024-06-14 21:00:38,4552.0,39.119653238518524
2024-06-14 21:00:39,4553.0,39.13598429481482
2024-06-14 21:00:40,4554.0,39.15076616
2024-06-14 21:00:41,4555.0,39.16380518518519
2024-06-14 21:00:42,4556.0,39.17490772148149
2024-06-14 21:00:43,4557.0,39.183880120000005
2024-06-14 21:00:44,4558.0,39.190528731851856
2024-06-14 21:00:45,4559.0,39.194659908148154
2024-06-14 21:00:46,4560.0,39.19608
2024-06-14 21:00:47,4561.0,39.19509449777778
2024-06-14 21:00:48,4562.0,39.19222758222222
2024-06-14 21:00:49,4563.0,39.18761364
2024-06-14 21:00:50,4564.0,39.18138705777778
2024-06-14 21:00:51,4565.0,39.173682222222226
2024-06-14 21:00:52,4566.0,39.16463352
2024-06-14 21:00:53,4567.0,39.154375337777786
2024-06-14 21:00:54,4568.0,39.14304206222222
2024-06-14 21:00:55,4569.0,39.13076808
2024-06-14 21:00:56,4570.0,39.117687777777775
2024-06-14 21:00:57,4571.0,39.103935542222224
2024-06-14 21:00:58,4572.0,39.08964576
2024-06-14 21:00:59,4573.0,39.07495281777778
2024-06-14 21:01:00,4574.0,39.05999110222222
2024-06-14 21:01:01,4575.0,39.044895
2024-06-14 21:01:02,4576.0,39.02979889777778
2024-06-14 21:01:03,4577.0,39.01483718222222
2024-06-14 21:01:04,4578.0,39.00014424
2024-06-14 21:01:05,4579.0,38.985854457777776
2024-06-14 21:01:06,4580.0,38.97210222222222
2024-06-14 21:01:07,4581.0,38.959021920000005
2024-06-14 21:01:08,4582.0,38.94674793777778
2024-06-14 21:01:09,4583.0,38.93541466222222
2024-06-14 21:01:10,4584.0,38.92515648
2024-06-14 21:01:11,4585.0,38.91610777777778
2024-06-14 21:01:12,4586.0,38.90840294222222
2024-06-14 21:01:13,4587.0,38.90217636
2024-06-14 21:01:14,4588.0,38.89756241777778
2024-06-14 21:01:15,4589.0,38.89469550222222
2024-06-14 21:01:16,4590.0,38.89371
2024-06-14 21:01:17,4591.0,38.89387309564798
2024-06-14 21:01:18,4592.0,38.89436158778992
2024-06-14 21:01:19,4593.0,38.895174284222776
2024-06-14 21:01:20,4594.0,38.89630999274352
2024-06-14 21:01:21,4595.0,38.89776752114911
2024-06-14 21:01:22,4596.0,38.89954567723654
2024-06-14 21:01:23,4597.0,38.90164326880276
2024-06-14 21:01:24,4598.0,38.90405910364474
2024-06-14 21:01:25,4599.0,38.906791989559444
2024-06-14 21:01:26,4600.0,38.90984073434385
2024-06-14 21:01:27,4601.0,38.91320414579492
2024-06-14 21:01:28,4602.0,38.91688103170963
2024-06-14 21:01:29,4603.0,38.920870199884945
2024-06-14 21:01:30,4604.0,38.925170458117826
2024-06-14 21:01:31,4605.0,38.92978061420524
2024-06-14 21:01:32,4606.0,38.934699475944186
2024-06-14 21:01:33,4607.0,38.93992585113159
2024-06-14 21:01:34,4608.0,38.94545854756444
2024-06-14 21:01:35,4609.0,38.95129637303972
2024-06-14 21:01:36,4610.0,38.957438135354366
2024-06-14 21:01:37,4611.0,38.96388264230537
2024-06-14 21:01:38,4612.0,38.9706287016897
2024-06-14 21:01:39,4613.0,38.9776751213043
2024-06-14 21:01:40,4614.0,38.98502070894617
2024-06-14 21:01:41,4615.0,38.992664272412256
2024-06-14 21:01:42,4616.0,39.00060461949955
2024-06-14 21:01:43,4617.0,39.00884055800499
2024-06-14 21:01:44,4618.0,39.01737089572557
2024-06-14 21:01:45,4619.0,39.02619444045825
2024-06-14 21:01:46,4620.0,39.03530999999999
2024-06-14 21:01:47,4621.0,39.0678645225047
2024-06-14 21:01:48,4622.0,39.14487414131144
2024-06-14 21:01:49,4623.0,39.26314144199499
2024-06-14 21:01:50,4624.0,39.41946901013006
2024-06-14 21:01:51,4625.0,39.610659431291424
2024-06-14 21:01:52,4626.0,39.83351529105381
2024-06-14 21:01:53,4627.0,40.08483917499198
2024-06-14 21:01:54,4628.0,40.36143366868066
2024-06-14 21:01:55,4629.0,40.66010135769461
2024-06-14 21:01:56,4630.0,40.97764482760857
2024-06-14 21:01:57,4631.0,41.3108666639973
2024-06-14 21:01:58,4632.0,41.65656945243554
2024-06-14 21:01:59,4633.0,42.01155577849803
2024-06-14 21:02:00,4634.0,42.372628227759506
2024-06-14 21:02:01,4635.0,42.73658938579474
2024-06-14 21:02:02,4636.0,43.100241838178455
2024-06-14 21:02:03,4637.0,43.460388170485416
2024-06-14 21:02:04,4638.0,43.81383096829036
2024-06-14 21:02:05,4639.0,44.15737281716803
2024-06-14 21:02:06,4640.0,44.487816302693176
2024-06-14 21:02:07,4641.0,44.80196401044055
2024-06-14 21:02:08,4642.0,45.09661852598489
2024-06-14 21:02:09,4643.0,45.368582434900944
2024-06-14 21:02:10,4644.0,45.614658322763454
2024-06-14 21:02:11,4645.0,45.83164877514717
2024-06-14 21:02:12,4646.0,46.01635637762684
2024-06-14 21:02:13,4647.0,46.16558371577722
2024-06-14 21:02:14,4648.0,46.27613337517304
2024-06-14 21:02:15,4649.0,46.34480794138905
2024-06-14 21:02:16,4650.0,46.36841
2024-06-14 21:02:17,4651.0,46.36604744875059
2024-06-14 21:02:18,4652.0,46.35914209785672
2024-06-14 21:02:19,4653.0,46.347967401599846
2024-06-14 21:02:20,4654.0,46.332796814261464
2024-06-14 21:02:21,4655.0,46.313903790123064
2024-06-14 21:02:22,4656.0,46.29156178346613
2024-06-14 21:02:23,4657.0,46.266044248572136
2024-06-14 21:02:24,4658.0,46.237624639722576
2024-06-14 21:02:25,4659.0,46.20657641119894
2024-06-14 21:02:26,4660.0,46.1731730172827
2024-06-14 21:02:27,4661.0,46.13768791225535
2024-06-14 21:02:28,4662.0,46.10039455039838
2024-06-14 21:02:29,4663.0,46.06156638599327
2024-06-14 21:02:30,4664.0,46.021476873321504
2024-06-14 21:02:31,4665.0,45.98039946666456
2024-06-14 21:02:32,4666.0,45.93860762030394
2024-06-14 21:02:33,4667.0,45.896374788521115
2024-06-14 21:02:34,4668.0,45.85397442559758
2024-06-14 21:02:35,4669.0,45.81167998581481
2024-06-14 21:02:36,4670.0,45.7697649234543
2024-06-14 21:02:37,4671.0,45.72850269279753
2024-06-14 21:02:38,4672.0,45.68816674812599
2024-06-14 21:02:39,4673.0,45.64903054372115
2024-06-14 21:02:40,4674.0,45.61136753386452
2024-06-14 21:02:41,4675.0,45.57545117283756
2024-06-14 21:02:42,4676.0,45.541554914921775
2024-06-14 21:02:43,4677.0,45.50995221439864
2024-06-14 21:02:44,4678.0,45.48091652554964
2024-06-14 21:02:45,4679.0,45.45472130265627
2024-06-14 21:02:46,4680.0,45.43164
2024-06-14 21:02:47,4681.0,45.410016498825215
2024-06-14 21:02:48,4682.0,45.38806215296888
2024-06-14 21:02:49,4683.0,45.365851625601366
2024-06-14 21:02:50,4684.0,45.34345957989305
2024-06-14 21:02:51,4685.0,45.3209606790143
2024-06-14 21:02:52,4686.0,45.2984295861355
2024-06-14 21:02:53,4687.0,45.275940964427
2024-06-14 21:02:54,4688.0,45.25356947705921
2024-06-14 21:02:55,4689.0,45.231389787202474
2024-06-14 21:02:56,4690.0,45.209476558027184
2024-06-14 21:02:57,4691.0,45.18790445270372
2024-06-14 21:02:58,4692.0,45.166748134402425
2024-06-14 21:02:59,4693.0,45.1460822662937
2024-06-14 21:03:00,4694.0,45.12598151154791
2024-06-14 21:03:01,4695.0,45.10652053333545
2024-06-14 21:03:02,4696.0,45.087773994826655
2024-06-14 21:03:03,4697.0,45.06981655919191
2024-06-14 21:03:04,4698.0,45.05272288960162
2024-06-14 21:03:05,4699.0,45.03656764922612
2024-06-14 21:03:06,4700.0,45.02142550123582
2024-06-14 21:03:07,4701.0,45.00737110880107
2024-06-14 21:03:08,4702.0,44.99447913509224
2024-06-14 21:03:09,4703.0,44.98282424327972
2024-06-14 21:03:10,4704.0,44.97248109653388
2024-06-14 21:03:11,4705.0,44.96352435802508
2024-06-14 21:03:12,4706.0,44.95602869092372
2024-06-14 21:03:13,4707.0,44.95006875840016
2024-06-14 21:03:14,4708.0,44.945719223624764
2024-06-14 21:03:15,4709.0,44.943054749767924
2024-06-14 21:03:16,4710.0,44.942150000000005
2024-06-14 21:03:17,4711.0,44.96258683315935
2024-06-14 21:03:18,4712.0,45.022129033810785
2024-06-14 21:03:19,4713.0,45.11812415371447
2024-06-14 21:03:20,4714.0,45.24791974463052
2024-06-14 21:03:21,4715.0,45.40886335831909
2024-06-14 21:03:22,4716.0,45.59830254654031
2024-06-14 21:03:23,4717.0,45.813584861054316
2024-06-14 21:03:24,4718.0,46.05205785362125
2024-06-14 21:03:25,4719.0,46.31106907600123
2024-06-14 21:03:26,4720.0,46.58796607995442
2024-06-14 21:03:27,4721.0,46.880096417240935
2024-06-14 21:03:28,4722.0,47.18480763962093
2024-06-14 21:03:29,4723.0,47.49944729885452
2024-06-14 21:03:30,4724.0,47.82136294670186
2024-06-14 21:03:31,4725.0,48.14790213492308
2024-06-14 21:03:32,4726.0,48.47641241527831
2024-06-14 21:03:33,4727.0,48.8042413395277
2024-06-14 21:03:34,4728.0,49.12873645943138
2024-06-14 21:03:35,4729.0,49.44724532674949
2024-06-14 21:03:36,4730.0,49.75711549324216
2024-06-14 21:03:37,4731.0,50.05569451066953
2024-06-14 21:03:38,4732.0,50.34032993079174
2024-06-14 21:03:39,4733.0,50.60836930536893
2024-06-14 21:03:40,4734.0,50.857160186161224
2024-06-14 21:03:41,4735.0,51.08405012492877
2024-06-14 21:03:42,4736.0,51.2863866734317
2024-06-14 21:03:43,4737.0,51.46151738343015
2024-06-14 21:03:44,4738.0,51.60678980668426
2024-06-14 21:03:45,4739.0,51.71955149495416
2024-06-14 21:03:46,4740.0,51.797149999999995
2024-06-14 21:03:47,4741.0,51.85572688134212
2024-06-14 21:03:48,4742.0,51.91315293701944
2024-06-14 21:03:49,4743.0,51.96936957656984
2024-06-14 21:03:50,4744.0,52.02431820953125
2024-06-14 21:03:51,4745.0,52.07794024544159
2024-06-14 21:03:52,4746.0,52.13017709383876
2024-06-14 21:03:53,4747.0,52.1809701642607
2024-06-14 21:03:54,4748.0,52.23026086624528
2024-06-14 21:03:55,4749.0,52.27799060933045
2024-06-14 21:03:56,4750.0,52.32410080305413
2024-06-14 21:03:57,4751.0,52.36853285695421
2024-06-14 21:03:58,4752.0,52.41122818056861
2024-06-14 21:03:59,4753.0,52.452128183435256
2024-06-14 21:04:00,4754.0,52.49117427509206
2024-06-14 21:04:01,4755.0,52.528307865076926
2024-06-14 21:04:02,4756.0,52.56347036292777
2024-06-14 21:04:03,4757.0,52.59660317818251
2024-06-14 21:04:04,4758.0,52.62764772037907
2024-06-14 21:04:05,4759.0,52.656545399055354
2024-06-14 21:04:06,4760.0,52.68323762374928
2024-06-14 21:04:07,4761.0,52.707665803998765
2024-06-14 21:04:08,4762.0,52.72977134934172
2024-06-14 21:04:09,4763.0,52.74949566931605
2024-06-14 21:04:10,4764.0,52.766780173459686
2024-06-14 21:04:11,4765.0,52.78156627131054
2024-06-14 21:04:12,4766.0,52.793795372406514
2024-06-14 21:04:13,4767.0,52.80340888628553
2024-06-14 21:04:14,4768.0,52.8103482224855
2024-06-14 21:04:15,4769.0,52.814554790544356
2024-06-14 21:04:16,4770.0,52.81596999999999
2024-06-14 21:04:17,4771.0,52.814866451947886
2024-06-14 21:04:18,4772.0,52.811579077254684
2024-06-14 21:04:19,4773.0,52.80614278011508
2024-06-14 21:04:20,4774.0,52.798592464723775
2024-06-14 21:04:21,4775.0,52.78896303527544
2024-06-14 21:04:22,4776.0,52.777289395964765
2024-06-14 21:04:23,4777.0,52.76360645098645
2024-06-14 21:04:24,4778.0,52.747949104535174
2024-06-14 21:04:25,4779.0,52.73035226080564
2024-06-14 21:04:26,4780.0,52.710850823992516
2024-06-14 21:04:27,4781.0,52.689479698290505
2024-06-14 21:04:28,4782.0,52.666273787894305
2024-06-14 21:04:29,4783.0,52.641267996998586
2024-06-14 21:04:30,4784.0,52.61449722979804
2024-06-14 21:04:31,4785.0,52.585996390487374
2024-06-14 21:04:32,4786.0,52.555800383261264
2024-06-14 21:04:33,4787.0,52.52394411231439
2024-06-14 21:04:34,4788.0,52.49046248184146
2024-06-14 21:04:35,4789.0,52.455390396037146
2024-06-14 21:04:36,4790.0,52.41876275909615
2024-06-14 21:04:37,4791.0,52.38061447521315
2024-06-14 21:04:38,4792.0,52.34098044858285
2024-06-14 21:04:39,4793.0,52.29989558339992
2024-06-14 21:04:40,4794.0,52.25739478385908
2024-06-14 21:04:41,4795.0,52.21351295415498
2024-06-14 21:04:42,4796.0,52.16828499848233
2024-06-14 21:04:43,4797.0,52.121745821035816
2024-06-14 21:04:44,4798.0,52.073930326010135
2024-06-14 21:04:45,4799.0,52.02487341759996
2024-06-14 21:04:46,4800.0,51.97461
2024-06-14 21:04:47,4801.0,51.900452985362996
2024-06-14 21:04:48,4802.0,51.7818874310269
2024-06-14 21:04:49,4803.0,51.62220645896418
2024-06-14 21:04:50,4804.0,51.424703191147294
2024-06-14 21:04:51,4805.0,51.192670749548725
2024-06-14 21:04:52,4806.0,50.92940225614092
2024-06-14 21:04:53,4807.0,50.63819083289636
2024-06-14 21:04:54,4808.0,50.322329601787516
2024-06-14 21:04:55,4809.0,49.985111684786844
2024-06-14 21:04:56,4810.0,49.62983020386681
2024-06-14 21:04:57,4811.0,49.25977828099989
2024-06-14 21:04:58,4812.0,48.87824903815854
2024-06-14 21:04:59,4813.0,48.488535597315234
2024-06-14 21:05:00,4814.0,48.093931080442445
2024-06-14 21:05:01,4815.0,47.69772860951262
2024-06-14 21:05:02,4816.0,47.30322130649825
2024-06-14 21:05:03,4817.0,46.91370229337178
2024-06-14 21:05:04,4818.0,46.53246469210569
2024-06-14 21:05:05,4819.0,46.162801624672454
2024-06-14 21:05:06,4820.0,45.808006213044514
2024-06-14 21:05:07,4821.0,45.47137157919436
2024-06-14 21:05:08,4822.0,45.15619084509445
2024-06-14 21:05:09,4823.0,44.865757132717256
2024-06-14 21:05:10,4824.0,44.603363564035234
2024-06-14 21:05:11,4825.0,44.37230326102086
2024-06-14 21:05:12,4826.0,44.1758693456466
2024-06-14 21:05:13,4827.0,44.01735493988491
2024-06-14 21:05:14,4828.0,43.90005316570828
2024-06-14 21:05:15,4829.0,43.82725714508915
2024-06-14 21:05:16,4830.0,43.802260000000004
2024-06-14 21:05:17,4831.0,43.80264397333334
2024-06-14 21:05:18,4832.0,43.803760986666674
2024-06-14 21:05:19,4833.0,43.805558680000004
2024-06-14 21:05:20,4834.0,43.80798469333334
2024-06-14 21:05:21,4835.0,43.810986666666665
2024-06-14 21:05:22,4836.0,43.814512240000006
2024-06-14 21:05:23,4837.0,43.81850905333334
2024-06-14 21:05:24,4838.0,43.82292474666667
2024-06-14 21:05:25,4839.0,43.82770696
2024-06-14 21:05:26,4840.0,43.83280333333333
2024-06-14 21:05:27,4841.0,43.838161506666665
2024-06-14 21:05:28,4842.0,43.84372912
2024-06-14 21:05:29,4843.0,43.84945381333334
2024-06-14 21:05:30,4844.0,43.855283226666664
2024-06-14 21:05:31,4845.0,43.861165
2024-06-14 21:05:32,4846.0,43.86704677333333
2024-06-14 21:05:33,4847.0,43.872876186666666
2024-06-14 21:05:34,4848.0,43.87860088
2024-06-14 21:05:35,4849.0,43.88416849333333
2024-06-14 21:05:36,4850.0,43.88952666666666
2024-06-14 21:05:37,4851.0,43.89462304
2024-06-14 21:05:38,4852.0,43.899405253333335
2024-06-14 21:05:39,4853.0,43.90382094666667
2024-06-14 21:05:40,4854.0,43.90781776
2024-06-14 21:05:41,4855.0,43.91134333333333
2024-06-14 21:05:42,4856.0,43.91434530666666
2024-06-14 21:05:43,4857.0,43.916771319999995
2024-06-14 21:05:44,4858.0,43.91856901333333
2024-06-14 21:05:45,4859.0,43.91968602666666
2024-06-14 21:05:46,4860.0,43.920069999999996
2024-06-14 21:05:47,4861.0,43.897557344495546
2024-06-14 21:05:48,4862.0,43.832052351155234
2024-06-14 21:05:49,4863.0,43.7266044797386
2024-06-14 21:05:50,4864.0,43.58426319000517
2024-06-14 21:05:51,4865.0,43.408077941714495
2024-06-14 21:05:52,4866.0,43.20109819462613
2024-06-14 21:05:53,4867.0,42.966373408499585
2024-06-14 21:05:54,4868.0,42.70695304309443
2024-06-14 21:05:55,4869.0,42.425886558170184
2024-06-14 21:05:56,4870.0,42.1262234134864
2024-06-14 21:05:57,4871.0,41.811013068802616
2024-06-14 21:05:58,4872.0,41.48330498387838
2024-06-14 21:05:59,4873.0,41.14614861847321
2024-06-14 21:06:00,4874.0,40.802593432346676
2024-06-14 21:06:01,4875.0,40.455688885258304
2024-06-14 21:06:02,4876.0,40.108484436967636
2024-06-14 21:06:03,4877.0,39.76402954723421
2024-06-14 21:06:04,4878.0,39.42537367581757
2024-06-14 21:06:05,4879.0,39.09556628247726
2024-06-14 21:06:06,4880.0,38.7776568269728
2024-06-14 21:06:07,4881.0,38.47469476906377
2024-06-14 21:06:08,4882.0,38.18972956850968
2024-06-14 21:06:09,4883.0,37.925810685070076
2024-06-14 21:06:10,4884.0,37.68598757850451
2024-06-14 21:06:11,4885.0,37.47330970857251
2024-06-14 21:06:12,4886.0,37.29082653503362
2024-06-14 21:06:13,4887.0,37.14158751764738
2024-06-14 21:06:14,4888.0,37.028642116173344
2024-06-14 21:06:15,4889.0,36.95503979037103
2024-06-14 21:06:16,4890.0,36.923829999999995
2024-06-14 21:06:17,4891.0,36.91519816556346
2024-06-14 21:06:18,4892.0,36.90726663778057
2024-06-14 21:06:19,4893.0,36.89999027173479
2024-06-14 21:06:20,4894.0,36.893323922509516
2024-06-14 21:06:21,4895.0,36.88722244518822
2024-06-14 21:06:22,4896.0,36.88164069485432
2024-06-14 21:06:23,4897.0,36.87653352659127
2024-06-14 21:06:24,4898.0,36.87185579548249
2024-06-14 21:06:25,4899.0,36.86756235661143
2024-06-14 21:06:26,4900.0,36.86360806506152
2024-06-14 21:06:27,4901.0,36.85994777591621
2024-06-14 21:06:28,4902.0,36.85653634425893
2024-06-14 21:06:29,4903.0,36.853328625173106
2024-06-14 21:06:30,4904.0,36.8502794737422
2024-06-14 21:06:31,4905.0,36.847343745049635
2024-06-14 21:06:32,4906.0,36.84447629417885
2024-06-14 21:06:33,4907.0,36.84163197621328
2024-06-14 21:06:34,4908.0,36.83876564623637
2024-06-14 21:06:35,4909.0,36.835832159331545
2024-06-14 21:06:36,4910.0,36.83278637058227
2024-06-14 21:06:37,4911.0,36.82958313507196
2024-06-14 21:06:38,4912.0,36.826177307884045
2024-06-14 21:06:39,4913.0,36.822523744101986
2024-06-14 21:06:40,4914.0,36.8185772988092
2024-06-14 21:06:41,4915.0,36.81429282708915
2024-06-14 21:06:42,4916.0,36.80962518402525
2024-06-14 21:06:43,4917.0,36.80452922470095
2024-06-14 21:06:44,4918.0,36.79895980419968
2024-06-14 21:06:45,4919.0,36.79287177760489
2024-06-14 21:06:46,4920.0,36.78622
2024-06-14 21:06:47,4921.0,36.77832632086252
2024-06-14 21:06:48,4922.0,36.768639121682114
2024-06-14 21:06:49,4923.0,36.757303055560456
2024-06-14 21:06:50,4924.0,36.74446277559921
2024-06-14 21:06:51,4925.0,36.73026293490005
2024-06-14 21:06:52,4926.0,36.714848186564666
2024-06-14 21:06:53,4927.0,36.698363183694724
2024-06-14 21:06:54,4928.0,36.6809525793919
2024-06-14 21:06:55,4929.0,36.66276102675786
2024-06-14 21:06:56,4930.0,36.64393317889429
2024-06-14 21:06:57,4931.0,36.624613688902855
2024-06-14 21:06:58,4932.0,36.604947209885246
2024-06-14 21:06:59,4933.0,36.58507839494313
2024-06-14 21:07:00,4934.0,36.56515189717817
2024-06-14 21:07:01,4935.0,36.545312369692056
2024-06-14 21:07:02,4936.0,36.52570446558645
2024-06-14 21:07:03,4937.0,36.506472837963045
2024-06-14 21:07:04,4938.0,36.4877621399235
2024-06-14 21:07:05,4939.0,36.46971702456949
2024-06-14 21:07:06,4940.0,36.4524821450027
2024-06-14 21:07:07,4941.0,36.4362021543248
2024-06-14 21:07:08,4942.0,36.42102170563746
2024-06-14 21:07:09,4943.0,36.40708545204235
2024-06-14 21:07:10,4944.0,36.39453804664116
2024-06-14 21:07:11,4945.0,36.38352414253556
2024-06-14 21:07:12,4946.0,36.37418839282723
2024-06-14 21:07:13,4947.0,36.36667545061783
2024-06-14 21:07:14,4948.0,36.361129969009035
2024-06-14 21:07:15,4949.0,36.35769660110253
2024-06-14 21:07:16,4950.0,36.356519999999996
2024-06-14 21:07:17,4951.0,36.35702252667871
2024-06-14 21:07:18,4952.0,36.358523347479505
2024-06-14 21:07:19,4953.0,36.36101232354928
2024-06-14 21:07:20,4954.0,36.36447931603498
2024-06-14 21:07:21,4955.0,36.36891418608355
2024-06-14 21:07:22,4956.0,36.3743067948419
2024-06-14 21:07:23,4957.0,36.38064700345697
2024-06-14 21:07:24,4958.0,36.387924673075695
2024-06-14 21:07:25,4959.0,36.396129664845
2024-06-14 21:07:26,4960.0,36.40525183991181
2024-06-14 21:07:27,4961.0,36.41528105942307
2024-06-14 21:07:28,4962.0,36.42620718452571
2024-06-14 21:07:29,4963.0,36.438020076366655
2024-06-14 21:07:30,4964.0,36.450709596092835
2024-06-14 21:07:31,4965.0,36.464265604851185
2024-06-14 21:07:32,4966.0,36.47867796378864
2024-06-14 21:07:33,4967.0,36.49393653405212
2024-06-14 21:07:34,4968.0,36.510031176788566
2024-06-14 21:07:35,4969.0,36.52695175314491
2024-06-14 21:07:36,4970.0,36.54468812426808
2024-06-14 21:07:37,4971.0,36.563230151305
2024-06-14 21:07:38,4972.0,36.5825676954026
2024-06-14 21:07:39,4973.0,36.602690617707836
2024-06-14 21:07:40,4974.0,36.623588779367616
2024-06-14 21:07:41,4975.0,36.64525204152888
2024-06-14 21:07:42,4976.0,36.66767026533855
2024-06-14 21:07:43,4977.0,36.69083331194357
2024-06-14 21:07:44,4978.0,36.71473104249087
2024-06-14 21:07:45,4979.0,36.739353318127364
2024-06-14 21:07:46,4980.0,36.76469
2024-06-14 21:07:47,4981.0,36.81004745936223
2024-06-14 21:07:48,4982.0,36.89296472957623
2024-06-14 21:07:49,4983.0,37.01078066495199
2024-06-14 21:07:50,4984.0,37.16083411979952
2024-06-14 21:07:51,4985.0,37.34046394842882
2024-06-14 21:07:52,4986.0,37.5470090051499
2024-06-14 21:07:53,4987.0,37.77780814427276
2024-06-14 21:07:54,4988.0,38.030200220107425
2024-06-14 21:07:55,4989.0,38.301524086963866
2024-06-14 21:07:56,4990.0,38.58911859915211
2024-06-14 21:07:57,4991.0,38.890322610982146
2024-06-14 21:07:58,4992.0,39.20247497676398
2024-06-14 21:07:59,4993.0,39.52291455080763
2024-06-14 21:08:00,4994.0,39.84898018742309
2024-06-14 21:08:01,4995.0,40.17801074092036
2024-06-14 21:08:02,4996.0,40.50734506560946
2024-06-14 21:08:03,4997.0,40.83432201580037
2024-06-14 21:08:04,4998.0,41.15628044580311
2024-06-14 21:08:05,4999.0,41.470559209927686
2024-06-14 21:08:06,5000.0,41.774497162484096
2024-06-14 21:08:07,5001.0,42.065433157782344
2024-06-14 21:08:08,5002.0,42.340706050132425
2024-06-14 21:08:09,5003.0,42.597654693844376
2024-06-14 21:08:10,5004.0,42.833617943228155
2024-06-14 21:08:11,5005.0,43.045934652593814
2024-06-14 21:08:12,5006.0,43.23194367625131
2024-06-14 21:08:13,5007.0,43.38898386851068
2024-06-14 21:08:14,5008.0,43.51439408368192
2024-06-14 21:08:15,5009.0,43.60551317607502
2024-06-14 21:08:16,5010.0,43.65968000000001
2024-06-14 21:08:17,5011.0,43.693499518756624
2024-06-14 21:08:18,5012.0,43.72541307949928
2024-06-14 21:08:19,5013.0,43.75551411231993
2024-06-14 21:08:20,5014.0,43.783896047310556
2024-06-14 21:08:21,5015.0,43.8106523145631
2024-06-14 21:08:22,5016.0,43.83587634416955
2024-06-14 21:08:23,5017.0,43.859661566221845
2024-06-14 21:08:24,5018.0,43.88210141081197
2024-06-14 21:08:25,5019.0,43.90328930803189
2024-06-14 21:08:26,5020.0,43.923318687973556
2024-06-14 21:08:27,5021.0,43.94228298072893
2024-06-14 21:08:28,5022.0,43.96027561638999
2024-06-14 21:08:29,5023.0,43.9773900250487
2024-06-14 21:08:30,5024.0,43.99371963679702
2024-06-14 21:08:31,5025.0,44.0093578817269
2024-06-14 21:08:32,5026.0,44.02439818993033
2024-06-14 21:08:33,5027.0,44.03893399149926
2024-06-14 21:08:34,5028.0,44.05305871652566
2024-06-14 21:08:35,5029.0,44.06686579510149
2024-06-14 21:08:36,5030.0,44.08044865731872
2024-06-14 21:08:37,5031.0,44.09390073326931
2024-06-14 21:08:38,5032.0,44.107315453045224
2024-06-14 21:08:39,5033.0,44.120786246738426
2024-06-14 21:08:40,5034.0,44.13440654444089
2024-06-14 21:08:41,5035.0,44.14826977624457
2024-06-14 21:08:42,5036.0,44.16246937224143
2024-06-14 21:08:43,5037.0,44.17709876252344
2024-06-14 21:08:44,5038.0,44.192251377182565
2024-06-14 21:08:45,5039.0,44.208020646310764
2024-06-14 21:08:46,5040.0,44.224500000000006
2024-06-14 21:08:47,5041.0,44.24082928332039
2024-06-14 21:08:48,5042.0,44.25615270353849
2024-06-14 21:08:49,5043.0,44.27057023404097
2024-06-14 21:08:50,5044.0,44.2841818482145
2024-06-14 21:08:51,5045.0,44.29708751944577
2024-06-14 21:08:52,5046.0,44.309387221121426
2024-06-14 21:08:53,5047.0,44.32118092662815
2024-06-14 21:08:54,5048.0,44.332568609352606
2024-06-14 21:08:55,5049.0,44.34365024268148
2024-06-14 21:08:56,5050.0,44.35452580000143
2024-06-14 21:08:57,5051.0,44.365295254699134
2024-06-14 21:08:58,5052.0,44.37605858016125
2024-06-14 21:08:59,5053.0,44.38691574977447
2024-06-14 21:09:00,5054.0,44.39796673692543
2024-06-14 21:09:01,5055.0,44.409311515000844
2024-06-14 21:09:02,5056.0,44.42105005738736
2024-06-14 21:09:03,5057.0,44.43328233747164
2024-06-14 21:09:04,5058.0,44.44610832864038
2024-06-14 21:09:05,5059.0,44.45962800428022
2024-06-14 21:09:06,5060.0,44.47394133777785
2024-06-14 21:09:07,5061.0,44.489148302519936
2024-06-14 21:09:08,5062.0,44.50534887189316
2024-06-14 21:09:09,5063.0,44.522643019284175
2024-06-14 21:09:10,5064.0,44.541130718079664
2024-06-14 21:09:11,5065.0,44.56091194166629
2024-06-14 21:09:12,5066.0,44.58208666343073
2024-06-14 21:09:13,5067.0,44.60475485675964
2024-06-14 21:09:14,5068.0,44.62901649503972
2024-06-14 21:09:15,5069.0,44.65497155165761
2024-06-14 21:09:16,5070.0,44.682719999999996
2024-06-14 21:09:17,5071.0,44.73242796460981
2024-06-14 21:09:18,5072.0,44.82223969652181
2024-06-14 21:09:19,5073.0,44.94922235886047
2024-06-14 21:09:20,5074.0,45.110443114750204
2024-06-14 21:09:21,5075.0,45.30296912731548
2024-06-14 21:09:22,5076.0,45.52386755968074
2024-06-14 21:09:23,5077.0,45.77020557497041
2024-06-14 21:09:24,5078.0,46.039050336308975
2024-06-14 21:09:25,5079.0,46.32746900682084
2024-06-14 21:09:26,5080.0,46.632528749630474
2024-06-14 21:09:27,5081.0,46.95129672786233
2024-06-14 21:09:28,5082.0,47.28084010464082
2024-06-14 21:09:29,5083.0,47.618226043090424
2024-06-14 21:09:30,5084.0,47.96052170633558
2024-06-14 21:09:31,5085.0,48.30479425750072
2024-06-14 21:09:32,5086.0,48.6481108597103
2024-06-14 21:09:33,5087.0,48.98753867608876
2024-06-14 21:09:34,5088.0,49.320144869760554
2024-06-14 21:09:35,5089.0,49.64299660385012
2024-06-14 21:09:36,5090.0,49.95316104148191
2024-06-14 21:09:37,5091.0,50.24770534578036
2024-06-14 21:09:38,5092.0,50.52369667986993
2024-06-14 21:09:39,5093.0,50.77820220687506
2024-06-14 21:09:40,5094.0,51.00828908992019
2024-06-14 21:09:41,5095.0,51.211024492129766
2024-06-14 21:09:42,5096.0,51.383475576628236
2024-06-14 21:09:43,5097.0,51.52270950654005
2024-06-14 21:09:44,5098.0,51.625793444989654
2024-06-14 21:09:45,5099.0,51.68979455510149
2024-06-14 21:09:46,5100.0,51.711780000000005
2024-06-14 21:09:47,5101.0,51.70787967703704
2024-06-14 21:09:48,5102.0,51.69653328296297
2024-06-14 21:09:49,5103.0,51.678272680000006
2024-06-14 21:09:50,5104.0,51.65362973037037
2024-06-14 21:09:51,5105.0,51.6231362962963
2024-06-14 21:09:52,5106.0,51.58732424000001
2024-06-14 21:09:53,5107.0,51.546725423703705
2024-06-14 21:09:54,5108.0,51.50187170962963
2024-06-14 21:09:55,5109.0,51.45329496000001
2024-06-14 21:09:56,5110.0,51.40152703703704
2024-06-14 21:09:57,5111.0,51.347099802962965
2024-06-14 21:09:58,5112.0,51.290545120000004
2024-06-14 21:09:59,5113.0,51.232394850370376
2024-06-14 21:10:00,5114.0,51.1731808562963
2024-06-14 21:10:01,5115.0,51.113435
2024-06-14 21:10:02,5116.0,51.053689143703714
2024-06-14 21:10:03,5117.0,50.994475149629636
2024-06-14 21:10:04,5118.0,50.93632488000001
2024-06-14 21:10:05,5119.0,50.87977019703705
2024-06-14 21:10:06,5120.0,50.82534296296297
2024-06-14 21:10:07,5121.0,50.77357504000001
2024-06-14 21:10:08,5122.0,50.72499829037038
2024-06-14 21:10:09,5123.0,50.6801445762963
2024-06-14 21:10:10,5124.0,50.639545760000004
2024-06-14 21:10:11,5125.0,50.60373370370371
2024-06-14 21:10:12,5126.0,50.573240269629636
2024-06-14 21:10:13,5127.0,50.548597320000006
2024-06-14 21:10:14,5128.0,50.530336717037045
2024-06-14 21:10:15,5129.0,50.51899032296297
2024-06-14 21:10:16,5130.0,50.51509000000001
2024-06-14 21:10:17,5131.0,50.51756667851852
2024-06-14 21:10:18,5132.0,50.524771561481494
2024-06-14 21:10:19,5133.0,50.536366920000006
2024-06-14 21:10:20,5134.0,50.55201502518519
2024-06-14 21:10:21,5135.0,50.571378148148156
2024-06-14 21:10:22,5136.0,50.594118560000005
2024-06-14 21:10:23,5137.0,50.61989853185186
2024-06-14 21:10:24,5138.0,50.648380334814824
2024-06-14 21:10:25,5139.0,50.679226240000006
2024-06-14 21:10:26,5140.0,50.71209851851852
2024-06-14 21:10:27,5141.0,50.746659441481484
2024-06-14 21:10:28,5142.0,50.782571280000006
2024-06-14 21:10:29,5143.0,50.81949630518519
2024-06-14 21:10:30,5144.0,50.85709678814815
2024-06-14 21:10:31,5145.0,50.89503500000001
2024-06-14 21:10:32,5146.0,50.93297321185185
2024-06-14 21:10:33,5147.0,50.97057369481482
2024-06-14 21:10:34,5148.0,51.00749872
2024-06-14 21:10:35,5149.0,51.04341055851852
2024-06-14 21:10:36,5150.0,51.077971481481484
2024-06-14 21:10:37,5151.0,51.11084376
2024-06-14 21:10:38,5152.0,51.14168966518518
2024-06-14 21:10:39,5153.0,51.17017146814815
2024-06-14 21:10:40,5154.0,51.19595144
2024-06-14 21:10:41,5155.0,51.21869185185185
2024-06-14 21:10:42,5156.0,51.238054974814816
2024-06-14 21:10:43,5157.0,51.253703079999994
2024-06-14 21:10:44,5158.0,51.26529843851851
2024-06-14 21:10:45,5159.0,51.27250332148148
2024-06-14 21:10:46,5160.0,51.27498
2024-06-14 21:10:47,5161.0,51.25166188094586
2024-06-14 21:10:48,5162.0,51.183817869706616
2024-06-14 21:10:49,5163.0,51.07461348516704
2024-06-14 21:10:50,5164.0,50.92721424621189
2024-06-14 21:10:51,5165.0,50.74478567172593
2024-06-14 21:10:52,5166.0,50.53049328059392
2024-06-14 21:10:53,5167.0,50.28750259170064
2024-06-14 21:10:54,5168.0,50.01897912393083
2024-06-14 21:10:55,5169.0,49.728088396169284
2024-06-14 21:10:56,5170.0,49.417995927300744
2024-06-14 21:10:57,5171.0,49.09186723620998
2024-06-14 21:10:58,5172.0,48.752867841781764
2024-06-14 21:10:59,5173.0,48.40416326290085
2024-06-14 21:11:00,5174.0,48.04891901845202
2024-06-14 21:11:01,5175.0,47.690300627320006
2024-06-14 21:11:02,5176.0,47.33147360838961
2024-06-14 21:11:03,5177.0,46.97560348054556
2024-06-14 21:11:04,5178.0,46.62585576267265
2024-06-14 21:11:05,5179.0,46.28539597365563
2024-06-14 21:11:06,5180.0,45.95738963237927
2024-06-14 21:11:07,5181.0,45.645002257728336
2024-06-14 21:11:08,5182.0,45.35139936858758
2024-06-14 21:11:09,5183.0,45.07974648384178
2024-06-14 21:11:10,5184.0,44.83320912237569
2024-06-14 21:11:11,5185.0,44.61495280307409
2024-06-14 21:11:12,5186.0,44.42814304482173
2024-06-14 21:11:13,5187.0,44.27594536650338
2024-06-14 21:11:14,5188.0,44.16152528700379
2024-06-14 21:11:15,5189.0,44.08804832520775
2024-06-14 21:11:16,5190.0,44.05868000000001
2024-06-14 21:11:17,5191.0,44.05272311284708
2024-06-14 21:11:18,5192.0,44.04734266992823
2024-06-14 21:11:19,5193.0,44.04249749719734
2024-06-14 21:11:20,5194.0,44.03814642060827
2024-06-14 21:11:21,5195.0,44.034248266114936
2024-06-14 21:11:22,5196.0,44.0307618596712
2024-06-14 21:11:23,5197.0,44.027646027230965
2024-06-14 21:11:24,5198.0,44.024859594748094
2024-06-14 21:11:25,5199.0,44.02236138817648
2024-06-14 21:11:26,5200.0,44.02011023347001
2024-06-14 21:11:27,5201.0,44.01806495658255
2024-06-14 21:11:28,5202.0,44.016184383467994
2024-06-14 21:11:29,5203.0,44.01442734008024
2024-06-14 21:11:30,5204.0,44.01275265237315
2024-06-14 21:11:31,5205.0,44.01111914630062
2024-06-14 21:11:32,5206.0,44.009485647816525
2024-06-14 21:11:33,5207.0,44.00781098287476
2024-06-14 21:11:34,5208.0,44.0060539774292
2024-06-14 21:11:35,5209.0,44.00417345743372
2024-06-14 21:11:36,5210.0,44.00212824884221
2024-06-14 21:11:37,5211.0,43.999877177608575
2024-06-14 21:11:38,5212.0,43.99737906968666
2024-06-14 21:11:39,5213.0,43.99459275103037
2024-06-14 21:11:40,5214.0,43.9914770475936
2024-06-14 21:11:41,5215.0,43.987990785330204
2024-06-14 21:11:42,5216.0,43.98409279019408
2024-06-14 21:11:43,5217.0,43.979741888139124
2024-06-14 21:11:44,5218.0,43.9748969051192
2024-06-14 21:11:45,5219.0,43.96951666708819
2024-06-14 21:11:46,5220.0,43.96356
2024-06-14 21:11:47,5221.0,43.9348348260708
2024-06-14 21:11:48,5222.0,43.8632012661615
2024-06-14 21:11:49,5223.0,43.7516964441931
2024-06-14 21:11:50,5224.0,43.60335748408658
2024-06-14 21:11:51,5225.0,43.421221509762944
2024-06-14 21:11:52,5226.0,43.208325645143184
2024-06-14 21:11:53,5227.0,42.96770701414826
2024-06-14 21:11:54,5228.0,42.70240274069919
2024-06-14 21:11:55,5229.0,42.415449948716955
2024-06-14 21:11:56,5230.0,42.10988576212254
2024-06-14 21:11:57,5231.0,41.78874730483693
2024-06-14 21:11:58,5232.0,41.45507170078112
2024-06-14 21:11:59,5233.0,41.11189607387611
2024-06-14 21:12:00,5234.0,40.762257548042875
2024-06-14 21:12:01,5235.0,40.409193247202396
2024-06-14 21:12:02,5236.0,40.05574029527568
2024-06-14 21:12:03,5237.0,39.70493581618372
2024-06-14 21:12:04,5238.0,39.35981693384748
2024-06-14 21:12:05,5239.0,39.023420772187976
2024-06-14 21:12:06,5240.0,38.69878445512617
2024-06-14 21:12:07,5241.0,38.38894510658308
2024-06-14 21:12:08,5242.0,38.09693985047967
2024-06-14 21:12:09,5243.0,37.82580581073695
2024-06-14 21:12:10,5244.0,37.57858011127589
2024-06-14 21:12:11,5245.0,37.35829987601749
2024-06-14 21:12:12,5246.0,37.16800222888274
2024-06-14 21:12:13,5247.0,37.01072429379263
2024-06-14 21:12:14,5248.0,36.88950319466814
2024-06-14 21:12:15,5249.0,36.80737605543027
2024-06-14 21:12:16,5250.0,36.767379999999996
2024-06-14 21:12:17,5251.0,36.749726509477874
2024-06-14 21:12:18,5252.0,36.732605405436885
2024-06-14 21:12:19,5253.0,36.716021322506684
2024-06-14 21:12:20,5254.0,36.6999788953169
2024-06-14 21:12:21,5255.0,36.6844827584972
2024-06-14 21:12:22,5256.0,36.66953754667722
2024-06-14 21:12:23,5257.0,36.65514789448662
2024-06-14 21:12:24,5258.0,36.64131843655504
2024-06-14 21:12:25,5259.0,36.62805380751213
2024-06-14 21:12:26,5260.0,36.61535864198753
2024-06-14 21:12:27,5261.0,36.6032375746109
2024-06-14 21:12:28,5262.0,36.59169524001188
2024-06-14 21:12:29,5263.0,36.58073627282011
2024-06-14 21:12:30,5264.0,36.57036530766526
2024-06-14 21:12:31,5265.0,36.56058697917698
2024-06-14 21:12:32,5266.0,36.551405921984895
2024-06-14 21:12:33,5267.0,36.54282677071865
2024-06-14 21:12:34,5268.0,36.53485416000792
2024-06-14 21:12:35,5269.0,36.527492724482336
2024-06-14 21:12:36,5270.0,36.52074709877155
2024-06-14 21:12:37,5271.0,36.5146219175052
2024-06-14 21:12:38,5272.0,36.50912181531294
2024-06-14 21:12:39,5273.0,36.50425142682443
2024-06-14 21:12:40,5274.0,36.500015386669304
2024-06-14 21:12:41,5275.0,36.496418329477216
2024-06-14 21:12:42,5276.0,36.493464889877814
2024-06-14 21:12:43,5277.0,36.491159702500745
2024-06-14 21:12:44,5278.0,36.48950740197566
2024-06-14 21:12:45,5279.0,36.48851262293219
2024-06-14 21:12:46,5280.0,36.48818
2024-06-14 21:12:47,5281.0,36.49141285925926
2024-06-14 21:12:48,5282.0,36.50081754074074
2024-06-14 21:12:49,5283.0,36.515953200000006
2024-06-14 21:12:50,5284.0,36.53637899259259
2024-06-14 21:12:51,5285.0,36.56165407407408
2024-06-14 21:12:52,5286.0,36.5913376
2024-06-14 21:12:53,5287.0,36.624988725925924
2024-06-14 21:12:54,5288.0,36.66216660740741
2024-06-14 21:12:55,5289.0,36.702430400000004
2024-06-14 21:12:56,5290.0,36.745339259259254
2024-06-14 21:12:57,5291.0,36.79045234074074
2024-06-14 21:12:58,5292.0,36.8373288
2024-06-14 21:12:59,5293.0,36.8855277925926
2024-06-14 21:13:00,5294.0,36.934608474074075
2024-06-14 21:13:01,5295.0,36.98413000000001
2024-06-14 21:13:02,5296.0,37.033651525925926
2024-06-14 21:13:03,5297.0,37.08273220740741
2024-06-14 21:13:04,5298.0,37.1309312
2024-06-14 21:13:05,5299.0,37.17780765925926
2024-06-14 21:13:06,5300.0,37.22292074074074
2024-06-14 21:13:07,5301.0,37.2658296
2024-06-14 21:13:08,5302.0,37.306093392592594
2024-06-14 21:13:09,5303.0,37.34327127407408
2024-06-14 21:13:10,5304.0,37.3769224
2024-06-14 21:13:11,5305.0,37.40660592592593
2024-06-14 21:13:12,5306.0,37.431881007407405
2024-06-14 21:13:13,5307.0,37.4523068
2024-06-14 21:13:14,5308.0,37.46744245925926
2024-06-14 21:13:15,5309.0,37.476847140740745
2024-06-14 21:13:16,5310.0,37.48008
2024-06-14 21:13:17,5311.0,37.479248856296294
2024-06-14 21:13:18,5312.0,37.4768309837037
2024-06-14 21:13:19,5313.0,37.47293972
2024-06-14 21:13:20,5314.0,37.46768840296296
2024-06-14 21:13:21,5315.0,37.461190370370375
2024-06-14 21:13:22,5316.0,37.45355896
2024-06-14 21:13:23,5317.0,37.44490750962963
2024-06-14 21:13:24,5318.0,37.43534935703704
2024-06-14 21:13:25,5319.0,37.42499784
2024-06-14 21:13:26,5320.0,37.4139662962963
2024-06-14 21:13:27,5321.0,37.402368063703705
2024-06-14 21:13:28,5322.0,37.390316479999996
2024-06-14 21:13:29,5323.0,37.37792488296296
2024-06-14 21:13:30,5324.0,37.36530661037037
2024-06-14 21:13:31,5325.0,37.352574999999995
2024-06-14 21:13:32,5326.0,37.33984338962963
2024-06-14 21:13:33,5327.0,37.32722511703703
2024-06-14 21:13:34,5328.0,37.31483352
2024-06-14 21:13:35,5329.0,37.30278193629629
2024-06-14 21:13:36,5330.0,37.2911837037037
2024-06-14 21:13:37,5331.0,37.28015215999999
2024-06-14 21:13:38,5332.0,37.26980064296296
2024-06-14 21:13:39,5333.0,37.260242490370366
2024-06-14 21:13:40,5334.0,37.251591039999994
2024-06-14 21:13:41,5335.0,37.24395962962963
2024-06-14 21:13:42,5336.0,37.23746159703703
2024-06-14 21:13:43,5337.0,37.23221028
2024-06-14 21:13:44,5338.0,37.2283190162963
2024-06-14 21:13:45,5339.0,37.2259011437037
2024-06-14 21:13:46,5340.0,37.225069999999995
2024-06-14 21:13:47,5341.0,37.24787154962962
2024-06-14 21:13:48,5342.0,37.31420333037037
2024-06-14 21:13:49,5343.0,37.42095604
2024-06-14 21:13:50,5344.0,37.565020376296296
2024-06-14 21:13:51,5345.0,37.74328703703703
2024-06-14 21:13:52,5346.0,37.95264672
2024-06-14 21:13:53,5347.0,38.18999012296296
2024-06-14 21:13:54,5348.0,38.4522079437037
2024-06-14 21:13:55,5349.0,38.73619088
2024-06-14 21:13:56,5350.0,39.038829629629625
2024-06-14 21:13:57,5351.0,39.357014890370365
2024-06-14 21:13:58,5352.0,39.687637360000004
2024-06-14 21:13:59,5353.0,40.0275877362963
2024-06-14 21:14:00,5354.0,40.37375671703703
2024-06-14 21:14:01,5355.0,40.723034999999996
2024-06-14 21:14:02,5356.0,41.07231328296296
2024-06-14 21:14:03,5357.0,41.4184822637037
2024-06-14 21:14:04,5358.0,41.758432639999995
2024-06-14 21:14:05,5359.0,42.089055109629626
2024-06-14 21:14:06,5360.0,42.407240370370374
2024-06-14 21:14:07,5361.0,42.709879120000004
2024-06-14 21:14:08,5362.0,42.993862056296294
2024-06-14 21:14:09,5363.0,43.25607987703704
2024-06-14 21:14:10,5364.0,43.49342328
2024-06-14 21:14:11,5365.0,43.702782962962964
2024-06-14 21:14:12,5366.0,43.8810496237037
2024-06-14 21:14:13,5367.0,44.02511396
2024-06-14 21:14:14,5368.0,44.13186666962964
2024-06-14 21:14:15,5369.0,44.19819845037037
2024-06-14 21:14:16,5370.0,44.221000000000004
2024-06-14 21:14:17,5371.0,44.21778092740741
2024-06-14 21:14:18,5372.0,44.2084163525926
2024-06-14 21:14:19,5373.0,44.193345240000006
2024-06-14 21:14:20,5374.0,44.17300655407408
2024-06-14 21:14:21,5375.0,44.14783925925926
2024-06-14 21:14:22,5376.0,44.118282320000006
2024-06-14 21:14:23,5377.0,44.084774700740745
2024-06-14 21:14:24,5378.0,44.04775536592592
2024-06-14 21:14:25,5379.0,44.00766328
2024-06-14 21:14:26,5380.0,43.964937407407405
2024-06-14 21:14:27,5381.0,43.9200167125926
2024-06-14 21:14:28,5382.0,43.87334016
2024-06-14 21:14:29,5383.0,43.82534671407407
2024-06-14 21:14:30,5384.0,43.776475339259264
2024-06-14 21:14:31,5385.0,43.727165
2024-06-14 21:14:32,5386.0,43.677854660740735
2024-06-14 21:14:33,5387.0,43.62898328592592
2024-06-14 21:14:34,5388.0,43.580989839999994
2024-06-14 21:14:35,5389.0,43.5343132874074
2024-06-14 21:14:36,5390.0,43.48939259259259
2024-06-14 21:14:37,5391.0,43.446666719999996
2024-06-14 21:14:38,5392.0,43.40657463407407
2024-06-14 21:14:39,5393.0,43.369555299259254
2024-06-14 21:14:40,5394.0,43.33604768
2024-06-14 21:14:41,5395.0,43.306490740740735
2024-06-14 21:14:42,5396.0,43.28132344592592
2024-06-14 21:14:43,5397.0,43.26098476
2024-06-14 21:14:44,5398.0,43.2459136474074
2024-06-14 21:14:45,5399.0,43.23654907259259
2024-06-14 21:14:46,5400.0,43.233329999999995
2024-06-14 21:14:47,5401.0,43.23346805531688
2024-06-14 21:14:48,5402.0,43.23388170176019
2024-06-14 21:14:49,5403.0,43.23457016006899
2024-06-14 21:14:50,5404.0,43.23553265098231
2024-06-14 21:14:51,5405.0,43.23676839523918
2024-06-14 21:14:52,5406.0,43.23827661357864
2024-06-14 21:14:53,5407.0,43.24005652673974
2024-06-14 21:14:54,5408.0,43.2421073554615
2024-06-14 21:14:55,5409.0,43.24442832048296
2024-06-14 21:14:56,5410.0,43.24701864254317
2024-06-14 21:14:57,5411.0,43.24987754238114
2024-06-14 21:14:58,5412.0,43.25300424073594
2024-06-14 21:14:59,5413.0,43.25639795834659
2024-06-14 21:15:00,5414.0,43.260057915952125
2024-06-14 21:15:01,5415.0,43.263983334291595
2024-06-14 21:15:02,5416.0,43.268173434104014
2024-06-14 21:15:03,5417.0,43.272627436128445
2024-06-14 21:15:04,5418.0,43.27734456110392
2024-06-14 21:15:05,5419.0,43.282324029769455
2024-06-14 21:15:06,5420.0,43.28756506286411
2024-06-14 21:15:07,5421.0,43.29306688112691
2024-06-14 21:15:08,5422.0,43.2988287052969
2024-06-14 21:15:09,5423.0,43.304849756113114
2024-06-14 21:15:10,5424.0,43.31112925431459
2024-06-14 21:15:11,5425.0,43.317666420640364
2024-06-14 21:15:12,5426.0,43.32446047582947
2024-06-14 21:15:13,5427.0,43.33151064062095
2024-06-14 21:15:14,5428.0,43.338816135753845
2024-06-14 21:15:15,5429.0,43.34637618196718
2024-06-14 21:15:16,5430.0,43.354189999999996
2024-06-14 21:15:17,5431.0,43.388369041736524
2024-06-14 21:15:18,5432.0,43.47262792054244
2024-06-14 21:15:19,5433.0,43.60337059937904
2024-06-14 21:15:20,5434.0,43.77700104120756
2024-06-14 21:15:21,5435.0,43.98992320898926
2024-06-14 21:15:22,5436.0,44.2385410656854
2024-06-14 21:15:23,5437.0,44.51925857425725
2024-06-14 21:15:24,5438.0,44.828479697666054
2024-06-14 21:15:25,5439.0,45.16260839887308
2024-06-14 21:15:26,5440.0,45.51804864083958
2024-06-14 21:15:27,5441.0,45.89120438652684
2024-06-14 21:15:28,5442.0,46.27847959889608
2024-06-14 21:15:29,5443.0,46.67627824090859
2024-06-14 21:15:30,5444.0,47.08100427552561
2024-06-14 21:15:31,5445.0,47.489061665708405
2024-06-14 21:15:32,5446.0,47.89685437441824
2024-06-14 21:15:33,5447.0,48.300786364616364
2024-06-14 21:15:34,5448.0,48.69726159926405
2024-06-14 21:15:35,5449.0,49.08268404132256
2024-06-14 21:15:36,5450.0,49.453457653753134
2024-06-14 21:15:37,5451.0,49.80598639951704
2024-06-14 21:15:38,5452.0,50.13667424157554
2024-06-14 21:15:39,5453.0,50.441925142889886
2024-06-14 21:15:40,5454.0,50.71814306642136
2024-06-14 21:15:41,5455.0,50.961731975131194
2024-06-14 21:15:42,5456.0,51.169095831980655
2024-06-14 21:15:43,5457.0,51.336638599931014
2024-06-14 21:15:44,5458.0,51.46076424194351
2024-06-14 21:15:45,5459.0,51.537876720979426
2024-06-14 21:15:46,5460.0,51.56438000000001
2024-06-14 21:15:47,5461.0,51.56178083851852
2024-06-14 21:15:48,5462.0,51.55421964148149
2024-06-14 21:15:49,5463.0,51.54205084
2024-06-14 21:15:50,5464.0,51.52562886518519
2024-06-14 21:15:51,5465.0,51.50530814814815
2024-06-14 21:15:52,5466.0,51.48144312000001
2024-06-14 21:15:53,5467.0,51.45438821185186
2024-06-14 21:15:54,5468.0,51.42449785481482
2024-06-14 21:15:55,5469.0,51.39212648000001
2024-06-14 21:15:56,5470.0,51.357628518518524
2024-06-14 21:15:57,5471.0,51.32135840148149
2024-06-14 21:15:58,5472.0,51.283670560000004
2024-06-14 21:15:59,5473.0,51.244919425185195
2024-06-14 21:16:00,5474.0,51.20545942814815
2024-06-14 21:16:01,5475.0,51.165645000000005
2024-06-14 21:16:02,5476.0,51.12583057185186
2024-06-14 21:16:03,5477.0,51.086370574814815
2024-06-14 21:16:04,5478.0,51.047619440000005
2024-06-14 21:16:05,5479.0,51.00993159851852
2024-06-14 21:16:06,5480.0,50.973661481481486
2024-06-14 21:16:07,5481.0,50.93916352000001
2024-06-14 21:16:08,5482.0,50.90679214518519
2024-06-14 21:16:09,5483.0,50.87690178814815
2024-06-14 21:16:10,5484.0,50.84984688
2024-06-14 21:16:11,5485.0,50.82598185185185
2024-06-14 21:16:12,5486.0,50.80566113481482
2024-06-14 21:16:13,5487.0,50.78923916000001
2024-06-14 21:16:14,5488.0,50.77707035851852
2024-06-14 21:16:15,5489.0,50.76950916148149
2024-06-14 21:16:16,5490.0,50.76691
2024-06-14 21:16:17,5491.0,50.76980194074074
2024-06-14 21:16:18,5492.0,50.778214859259265
2024-06-14 21:16:19,5493.0,50.7917544
2024-06-14 21:16:20,5494.0,50.81002620740741
2024-06-14 21:16:21,5495.0,50.83263592592593
2024-06-14 21:16:22,5496.0,50.8591892
2024-06-14 21:16:23,5497.0,50.88929167407407
2024-06-14 21:16:24,5498.0,50.922548992592596
2024-06-14 21:16:25,5499.0,50.9585668
2024-06-14 21:16:26,5500.0,50.99695074074074
2024-06-14 21:16:27,5501.0,51.03730645925926
2024-06-14 21:16:28,5502.0,51.0792396
2024-06-14 21:16:29,5503.0,51.12235580740741
2024-06-14 21:16:30,5504.0,51.16626072592592
2024-06-14 21:16:31,5505.0,51.21056
2024-06-14 21:16:32,5506.0,51.25485927407408
2024-06-14 21:16:33,5507.0,51.29876419259259
2024-06-14 21:16:34,5508.0,51.3418804
2024-06-14 21:16:35,5509.0,51.38381354074074
2024-06-14 21:16:36,5510.0,51.42416925925926
2024-06-14 21:16:37,5511.0,51.4625532
2024-06-14 21:16:38,5512.0,51.498571007407406
2024-06-14 21:16:39,5513.0,51.53182832592592
2024-06-14 21:16:40,5514.0,51.5619308
2024-06-14 21:16:41,5515.0,51.58848407407407
2024-06-14 21:16:42,5516.0,51.61109379259259
2024-06-14 21:16:43,5517.0,51.6293656
2024-06-14 21:16:44,5518.0,51.64290514074074
2024-06-14 21:16:45,5519.0,51.65131805925926
2024-06-14 21:16:46,5520.0,51.65421
2024-06-14 21:16:47,5521.0,51.62838121777777
2024-06-14 21:16:48,5522.0,51.55324294222222
2024-06-14 21:16:49,5523.0,51.43231728
2024-06-14 21:16:50,5524.0,51.26912633777778
2024-06-14 21:16:51,5525.0,51.06719222222222
2024-06-14 21:16:52,5526.0,50.83003704
2024-06-14 21:16:53,5527.0,50.561182897777776
2024-06-14 21:16:54,5528.0,50.264151902222224
2024-06-14 21:16:55,5529.0,49.942466159999995
2024-06-14 21:16:56,5530.0,49.59964777777778
2024-06-14 21:16:57,5531.0,49.239218862222216
2024-06-14 21:16:58,5532.0,48.86470152
2024-06-14 21:16:59,5533.0,48.479617857777775
2024-06-14 21:17:00,5534.0,48.08748998222222
2024-06-14 21:17:01,5535.0,47.69184
2024-06-14 21:17:02,5536.0,47.296190017777775
2024-06-14 21:17:03,5537.0,46.904062142222216
2024-06-14 21:17:04,5538.0,46.51897848
2024-06-14 21:17:05,5539.0,46.14446113777778
2024-06-14 21:17:06,5540.0,45.78403222222222
2024-06-14 21:17:07,5541.0,45.44121384
2024-06-14 21:17:08,5542.0,45.119528097777774
2024-06-14 21:17:09,5543.0,44.822497102222215
2024-06-14 21:17:10,5544.0,44.55364296
2024-06-14 21:17:11,5545.0,44.31648777777778
2024-06-14 21:17:12,5546.0,44.11455366222222
2024-06-14 21:17:13,5547.0,43.95136272
2024-06-14 21:17:14,5548.0,43.83043705777777
2024-06-14 21:17:15,5549.0,43.75529878222222
2024-06-14 21:17:16,5550.0,43.72947
2024-06-14 21:17:17,5551.0,43.72958664888889
2024-06-14 21:17:18,5552.0,43.72992599111111
2024-06-14 21:17:19,5553.0,43.73047212
2024-06-14 21:17:20,5554.0,43.73120912888889
2024-06-14 21:17:21,5555.0,43.73212111111111
2024-06-14 21:17:22,5556.0,43.73319216
2024-06-14 21:17:23,5557.0,43.73440636888889
2024-06-14 21:17:24,5558.0,43.73574783111111
2024-06-14 21:17:25,5559.0,43.737200640000005
2024-06-14 21:17:26,5560.0,43.73874888888889
2024-06-14 21:17:27,5561.0,43.740376671111115
2024-06-14 21:17:28,5562.0,43.74206808
2024-06-14 21:17:29,5563.0,43.743807208888896
2024-06-14 21:17:30,5564.0,43.74557815111112
2024-06-14 21:17:31,5565.0,43.747365
2024-06-14 21:17:32,5566.0,43.74915184888889
2024-06-14 21:17:33,5567.0,43.750922791111115
2024-06-14 21:17:34,5568.0,43.75266192000001
2024-06-14 21:17:35,5569.0,43.7543533288889
2024-06-14 21:17:36,5570.0,43.75598111111112
2024-06-14 21:17:37,5571.0,43.75752936000001
2024-06-14 21:17:38,5572.0,43.7589821688889
2024-06-14 21:17:39,5573.0,43.76032363111112
2024-06-14 21:17:40,5574.0,43.76153784000001
2024-06-14 21:17:41,5575.0,43.7626088888889
2024-06-14 21:17:42,5576.0,43.763520871111126
2024-06-14 21:17:43,5577.0,43.76425788000002
2024-06-14 21:17:44,5578.0,43.7648040088889
2024-06-14 21:17:45,5579.0,43.76514335111112
2024-06-14 21:17:46,5580.0,43.76526000000001
2024-06-14 21:17:47,5581.0,43.742849333333346
2024-06-14 21:17:48,5582.0,43.67765466666668
2024-06-14 21:17:49,5583.0,43.57273200000001
2024-06-14 21:17:50,5584.0,43.431137333333346
2024-06-14 21:17:51,5585.0,43.25592666666668
2024-06-14 21:17:52,5586.0,43.050156000000015
2024-06-14 21:17:53,5587.0,42.81688133333334
2024-06-14 21:17:54,5588.0,42.559158666666676
2024-06-14 21:17:55,5589.0,42.28004400000001
2024-06-14 21:17:56,5590.0,41.98259333333335
2024-06-14 21:17:57,5591.0,41.669862666666674
2024-06-14 21:17:58,5592.0,41.344908000000004
2024-06-14 21:17:59,5593.0,41.01078533333334
2024-06-14 21:18:00,5594.0,40.67055066666668
2024-06-14 21:18:01,5595.0,40.32726
2024-06-14 21:18:02,5596.0,39.983969333333334
2024-06-14 21:18:03,5597.0,39.64373466666667
2024-06-14 21:18:04,5598.0,39.309612
2024-06-14 21:18:05,5599.0,38.98465733333334
2024-06-14 21:18:06,5600.0,38.67192666666667
2024-06-14 21:18:07,5601.0,38.374476
2024-06-14 21:18:08,5602.0,38.09536133333333
2024-06-14 21:18:09,5603.0,37.83763866666667
2024-06-14 21:18:10,5604.0,37.604364000000004
2024-06-14 21:18:11,5605.0,37.39859333333334
2024-06-14 21:18:12,5606.0,37.223382666666666
2024-06-14 21:18:13,5607.0,37.081788
2024-06-14 21:18:14,5608.0,36.976865333333336
2024-06-14 21:18:15,5609.0,36.911670666666666
2024-06-14 21:18:16,5610.0,36.88926
2024-06-14 21:18:17,5611.0,36.88998576199048
2024-06-14 21:18:18,5612.0,36.89210645305138
2024-06-14 21:18:19,5613.0,36.89553718081683
2024-06-14 21:18:20,5614.0,36.900193052921004
2024-06-14 21:18:21,5615.0,36.905989176998034
2024-06-14 21:18:22,5616.0,36.912840660682086
2024-06-14 21:18:23,5617.0,36.9206626116073
2024-06-14 21:18:24,5618.0,36.92937013740783
2024-06-14 21:18:25,5619.0,36.938878345717846
2024-06-14 21:18:26,5620.0,36.94910234417148
2024-06-14 21:18:27,5621.0,36.95995724040289
2024-06-14 21:18:28,5622.0,36.971358142046235
2024-06-14 21:18:29,5623.0,36.98322015673567
2024-06-14 21:18:30,5624.0,36.99545839210533
2024-06-14 21:18:31,5625.0,37.007987955789375
2024-06-14 21:18:32,5626.0,37.02072395542196
2024-06-14 21:18:33,5627.0,37.03358149863723
2024-06-14 21:18:34,5628.0,37.04647569306936
2024-06-14 21:18:35,5629.0,37.05932164635248
2024-06-14 21:18:36,5630.0,37.07203446612074
2024-06-14 21:18:37,5631.0,37.0845292600083
2024-06-14 21:18:38,5632.0,37.096721135649325
2024-06-14 21:18:39,5633.0,37.108525200677946
2024-06-14 21:18:40,5634.0,37.11985656272832
2024-06-14 21:18:41,5635.0,37.13063032943461
2024-06-14 21:18:42,5636.0,37.14076160843096
2024-06-14 21:18:43,5637.0,37.15016550735152
2024-06-14 21:18:44,5638.0,37.15875713383044
2024-06-14 21:18:45,5639.0,37.16645159550188
2024-06-14 21:18:46,5640.0,37.173164
2024-06-14 21:18:47,5641.0,37.179234364513945
2024-06-14 21:18:48,5642.0,37.18506891435331
2024-06-14 21:18:49,5643.0,37.19068206933287
2024-06-14 21:18:50,5644.0,37.19608824926743
2024-06-14 21:18:51,5645.0,37.201301873971744
2024-06-14 21:18:52,5646.0,37.20633736326062
2024-06-14 21:18:53,5647.0,37.21120913694883
2024-06-14 21:18:54,5648.0,37.21593161485117
2024-06-14 21:18:55,5649.0,37.22051921678242
2024-06-14 21:18:56,5650.0,37.22498636255736
2024-06-14 21:18:57,5651.0,37.229347471990785
2024-06-14 21:18:58,5652.0,37.23361696489746
2024-06-14 21:18:59,5653.0,37.23780926109219
2024-06-14 21:19:00,5654.0,37.24193878038975
2024-06-14 21:19:01,5655.0,37.24601994260492
2024-06-14 21:19:02,5656.0,37.250067167552494
2024-06-14 21:19:03,5657.0,37.25409487504726
2024-06-14 21:19:04,5658.0,37.25811748490399
2024-06-14 21:19:05,5659.0,37.26214941693747
2024-06-14 21:19:06,5660.0,37.266205090962494
2024-06-14 21:19:07,5661.0,37.27029892679385
2024-06-14 21:19:08,5662.0,37.2744453442463
2024-06-14 21:19:09,5663.0,37.27865876313466
2024-06-14 21:19:10,5664.0,37.28295360327368
2024-06-14 21:19:11,5665.0,37.28734428447817
2024-06-14 21:19:12,5666.0,37.2918452265629
2024-06-14 21:19:13,5667.0,37.29647084934266
2024-06-14 21:19:14,5668.0,37.30123557263225
2024-06-14 21:19:15,5669.0,37.30615381624643
2024-06-14 21:19:16,5670.0,37.31124
2024-06-14 21:19:17,5671.0,37.31628312923165
2024-06-14 21:19:18,5672.0,37.32108415917583
2024-06-14 21:19:19,5673.0,37.32567543449094
2024-06-14 21:19:20,5674.0,37.33008929983537
2024-06-14 21:19:21,5675.0,37.334358099867536
2024-06-14 21:19:22,5676.0,37.33851417924583
2024-06-14 21:19:23,5677.0,37.34258988262864
2024-06-14 21:19:24,5678.0,37.34661755467437
2024-06-14 21:19:25,5679.0,37.350629540041425
2024-06-14 21:19:26,5680.0,37.3546581833882
2024-06-14 21:19:27,5681.0,37.3587358293731
2024-06-14 21:19:28,5682.0,37.362894822654525
2024-06-14 21:19:29,5683.0,37.36716750789086
2024-06-14 21:19:30,5684.0,37.37158622974052
2024-06-14 21:19:31,5685.0,37.3761833328619
2024-06-14 21:19:32,5686.0,37.38099116191338
2024-06-14 21:19:33,5687.0,37.38604206155339
2024-06-14 21:19:34,5688.0,37.39136837644032
2024-06-14 21:19:35,5689.0,37.397002451232545
2024-06-14 21:19:36,5690.0,37.40297663058849
2024-06-14 21:19:37,5691.0,37.409323259166555
2024-06-14 21:19:38,5692.0,37.41607468162513
2024-06-14 21:19:39,5693.0,37.42326324262261
2024-06-14 21:19:40,5694.0,37.430921286817394
2024-06-14 21:19:41,5695.0,37.43908115886791
2024-06-14 21:19:42,5696.0,37.447775203432506
2024-06-14 21:19:43,5697.0,37.45703576516963
2024-06-14 21:19:44,5698.0,37.46689518873765
2024-06-14 21:19:45,5699.0,37.47738581879498
2024-06-14 21:19:46,5700.0,37.48854000000001
2024-06-14 21:19:47,5701.0,37.519548325273185
2024-06-14 21:19:48,5702.0,37.587802094100255
2024-06-14 21:19:49,5703.0,37.690634710987595
2024-06-14 21:19:50,5704.0,37.82537958044158
2024-06-14 21:19:51,5705.0,37.98937010696856
2024-06-14 21:19:52,5706.0,38.17993969507492
2024-06-14 21:19:53,5707.0,38.394421749267025
2024-06-14 21:19:54,5708.0,38.63014967405123
2024-06-14 21:19:55,5709.0,38.884456873933935
2024-06-14 21:19:56,5710.0,39.15467675342149
2024-06-14 21:19:57,5711.0,39.438142717020256
2024-06-14 21:19:58,5712.0,39.73218816923662
2024-06-14 21:19:59,5713.0,40.03414651457694
2024-06-14 21:20:00,5714.0,40.34135115754759
2024-06-14 21:20:01,5715.0,40.65113550265494
2024-06-14 21:20:02,5716.0,40.96083295440536
2024-06-14 21:20:03,5717.0,41.267776917305206
2024-06-14 21:20:04,5718.0,41.56930079586087
2024-06-14 21:20:05,5719.0,41.862737994578694
2024-06-14 21:20:06,5720.0,42.14542191796507
2024-06-14 21:20:07,5721.0,42.41468597052637
2024-06-14 21:20:08,5722.0,42.667863556768935
2024-06-14 21:20:09,5723.0,42.90228808119916
2024-06-14 21:20:10,5724.0,43.11529294832341
2024-06-14 21:20:11,5725.0,43.30421156264805
2024-06-14 21:20:12,5726.0,43.46637732867944
2024-06-14 21:20:13,5727.0,43.59912365092397
2024-06-14 21:20:14,5728.0,43.69978393388799
2024-06-14 21:20:15,5729.0,43.76569158207789
2024-06-14 21:20:16,5730.0,43.79418000000001
2024-06-14 21:20:17,5731.0,43.80277959543078
2024-06-14 21:20:18,5732.0,43.810818558559184
2024-06-14 21:20:19,5733.0,43.8183269675105
2024-06-14 21:20:20,5734.0,43.825334900410006
2024-06-14 21:20:21,5735.0,43.83187243538296
2024-06-14 21:20:22,5736.0,43.83796965055465
2024-06-14 21:20:23,5737.0,43.84365662405033
2024-06-14 21:20:24,5738.0,43.848963433995294
2024-06-14 21:20:25,5739.0,43.853920158514796
2024-06-14 21:20:26,5740.0,43.85855687573411
2024-06-14 21:20:27,5741.0,43.8629036637785
2024-06-14 21:20:28,5742.0,43.86699060077327
2024-06-14 21:20:29,5743.0,43.87084776484365
2024-06-14 21:20:30,5744.0,43.87450523411494
2024-06-14 21:20:31,5745.0,43.87799308671241
2024-06-14 21:20:32,5746.0,43.88134140076132
2024-06-14 21:20:33,5747.0,43.884580254386954
2024-06-14 21:20:34,5748.0,43.88773972571456
2024-06-14 21:20:35,5749.0,43.89084989286943
2024-06-14 21:20:36,5750.0,43.89394083397685
2024-06-14 21:20:37,5751.0,43.89704262716206
2024-06-14 21:20:38,5752.0,43.90018535055035
2024-06-14 21:20:39,5753.0,43.90339908226699
2024-06-14 21:20:40,5754.0,43.90671390043724
2024-06-14 21:20:41,5755.0,43.910159883186395
2024-06-14 21:20:42,5756.0,43.9137671086397
2024-06-14 21:20:43,5757.0,43.917565654922456
2024-06-14 21:20:44,5758.0,43.9215856001599
2024-06-14 21:20:45,5759.0,43.92585702247733
2024-06-14 21:20:46,5760.0,43.93041000000001
2024-06-14 21:20:47,5761.0,43.9349749767277
2024-06-14 21:20:48,5762.0,43.93928229408786
2024-06-14 21:20:49,5763.0,43.94336187634722
2024-06-14 21:20:50,5764.0,43.94724364777255
2024-06-14 21:20:51,5765.0,43.950957532630625
2024-06-14 21:20:52,5766.0,43.954533455188205
2024-06-14 21:20:53,5767.0,43.95800133971203
2024-06-14 21:20:54,5768.0,43.96139111046888
2024-06-14 21:20:55,5769.0,43.964732691725516
2024-06-14 21:20:56,5770.0,43.9680560077487
2024-06-14 21:20:57,5771.0,43.97139098280518
2024-06-14 21:20:58,5772.0,43.97476754116174
2024-06-14 21:20:59,5773.0,43.97821560708513
2024-06-14 21:21:00,5774.0,43.981765104842104
2024-06-14 21:21:01,5775.0,43.98544595869943
2024-06-14 21:21:02,5776.0,43.989288092923886
2024-06-14 21:21:03,5777.0,43.99332143178221
2024-06-14 21:21:04,5778.0,43.99757589954118
2024-06-14 21:21:05,5779.0,44.002081420467555
2024-06-14 21:21:06,5780.0,44.00686791882808
2024-06-14 21:21:07,5781.0,44.01196531888954
2024-06-14 21:21:08,5782.0,44.017403544918686
2024-06-14 21:21:09,5783.0,44.02321252118228
2024-06-14 21:21:10,5784.0,44.02942217194708
2024-06-14 21:21:11,5785.0,44.03606242147986
2024-06-14 21:21:12,5786.0,44.043163194047374
2024-06-14 21:21:13,5787.0,44.05075441391638
2024-06-14 21:21:14,5788.0,44.05886600535365
2024-06-14 21:21:15,5789.0,44.06752789262593
2024-06-14 21:21:16,5790.0,44.07677
2024-06-14 21:21:17,5791.0,44.10560597683773
2024-06-14 21:21:18,5792.0,44.171319309663104
2024-06-14 21:21:19,5793.0,44.27134467848603
2024-06-14 21:21:20,5794.0,44.40311676331642
2024-06-14 21:21:21,5795.0,44.564070244164185
2024-06-14 21:21:22,5796.0,44.751639801039246
2024-06-14 21:21:23,5797.0,44.963260113951506
2024-06-14 21:21:24,5798.0,45.19636586291089
2024-06-14 21:21:25,5799.0,45.448391727927294
2024-06-14 21:21:26,5800.0,45.716772389010636
2024-06-14 21:21:27,5801.0,45.998942526170836
2024-06-14 21:21:28,5802.0,46.2923368194178
2024-06-14 21:21:29,5803.0,46.59438994876144
2024-06-14 21:21:30,5804.0,46.90253659421167
2024-06-14 21:21:31,5805.0,47.2142114357784
2024-06-14 21:21:32,5806.0,47.526849153471545
2024-06-14 21:21:33,5807.0,47.83788442730102
2024-06-14 21:21:34,5808.0,48.14475193727673
2024-06-14 21:21:35,5809.0,48.44488636340859
2024-06-14 21:21:36,5810.0,48.73572238570652
2024-06-14 21:21:37,5811.0,49.01469468418042
2024-06-14 21:21:38,5812.0,49.27923793884021
2024-06-14 21:21:39,5813.0,49.5267868296958
2024-06-14 21:21:40,5814.0,49.75477603675711
2024-06-14 21:21:41,5815.0,49.96064024003404
2024-06-14 21:21:42,5816.0,50.141814119536505
2024-06-14 21:21:43,5817.0,50.29573235527442
2024-06-14 21:21:44,5818.0,50.4198296272577
2024-06-14 21:21:45,5819.0,50.51154061549626
2024-06-14 21:21:46,5820.0,50.568299999999994
2024-06-14 21:21:47,5821.0,50.605237066827385
2024-06-14 21:21:48,5822.0,50.639317294513326
2024-06-14 21:21:49,5823.0,50.67072965178235
2024-06-14 21:21:50,5824.0,50.699663107359044
2024-06-14 21:21:51,5825.0,50.72630662996797
2024-06-14 21:21:52,5826.0,50.750849188333675
2024-06-14 21:21:53,5827.0,50.7734797511807
2024-06-14 21:21:54,5828.0,50.794387287233654
2024-06-14 21:21:55,5829.0,50.81376076521705
2024-06-14 21:21:56,5830.0,50.83178915385547
2024-06-14 21:21:57,5831.0,50.848661421873466
2024-06-14 21:21:58,5832.0,50.864566537995614
2024-06-14 21:21:59,5833.0,50.87969347094645
2024-06-14 21:22:00,5834.0,50.894231189450544
2024-06-14 21:22:01,5835.0,50.90836866223246
2024-06-14 21:22:02,5836.0,50.922294858016755
2024-06-14 21:22:03,5837.0,50.93619874552798
2024-06-14 21:22:04,5838.0,50.95026929349072
2024-06-14 21:22:05,5839.0,50.9646954706295
2024-06-14 21:22:06,5840.0,50.97966624566891
2024-06-14 21:22:07,5841.0,50.99537058733349
2024-06-14 21:22:08,5842.0,51.01199746434781
2024-06-14 21:22:09,5843.0,51.02973584543641
2024-06-14 21:22:10,5844.0,51.048774699323886
2024-06-14 21:22:11,5845.0,51.06930299473477
2024-06-14 21:22:12,5846.0,51.09150970039362
2024-06-14 21:22:13,5847.0,51.115583785025024
2024-06-14 21:22:14,5848.0,51.14171421735351
2024-06-14 21:22:15,5849.0,51.170089966103646
2024-06-14 21:22:16,5850.0,51.200900000000004
2024-06-14 21:22:17,5851.0,51.2374482788629
2024-06-14 21:22:18,5852.0,51.28245887891573
2024-06-14 21:22:19,5853.0,51.33525094348769
2024-06-14 21:22:20,5854.0,51.39514361590797
2024-06-14 21:22:21,5855.0,51.461456039505734
2024-06-14 21:22:22,5856.0,51.53350735761018
2024-06-14 21:22:23,5857.0,51.610616713550485
2024-06-14 21:22:24,5858.0,51.69210325065585
2024-06-14 21:22:25,5859.0,51.77728611225544
2024-06-14 21:22:26,5860.0,51.86548444167844
2024-06-14 21:22:27,5861.0,51.95601738225405
2024-06-14 21:22:28,5862.0,52.04820407731144
2024-06-14 21:22:29,5863.0,52.141363670179814
2024-06-14 21:22:30,5864.0,52.23481530418833
2024-06-14 21:22:31,5865.0,52.32787812266619
2024-06-14 21:22:32,5866.0,52.419871268942565
2024-06-14 21:22:33,5867.0,52.51011388634665
2024-06-14 21:22:34,5868.0,52.59792511820763
2024-06-14 21:22:35,5869.0,52.682624107854686
2024-06-14 21:22:36,5870.0,52.763529998616995
2024-06-14 21:22:37,5871.0,52.83996193382376
2024-06-14 21:22:38,5872.0,52.91123905680414
2024-06-14 21:22:39,5873.0,52.97668051088734
2024-06-14 21:22:40,5874.0,53.035605439402545
2024-06-14 21:22:41,5875.0,53.08733298567892
2024-06-14 21:22:42,5876.0,53.13118229304566
2024-06-14 21:22:43,5877.0,53.166472504831965
2024-06-14 21:22:44,5878.0,53.192522764367
2024-06-14 21:22:45,5879.0,53.20865221497995
2024-06-14 21:22:46,5880.0,53.21418
2024-06-14 21:22:47,5881.0,53.20972808
2024-06-14 21:22:48,5882.0,53.19677703999999
2024-06-14 21:22:49,5883.0,53.175933959999995
2024-06-14 21:22:50,5884.0,53.14780592
2024-06-14 21:22:51,5885.0,53.113
2024-06-14 21:22:52,5886.0,53.07212328
2024-06-14 21:22:53,5887.0,53.02578284
2024-06-14 21:22:54,5888.0,52.974585760000004
2024-06-14 21:22:55,5889.0,52.91913912
2024-06-14 21:22:56,5890.0,52.86005
2024-06-14 21:22:57,5891.0,52.797925479999996
2024-06-14 21:22:58,5892.0,52.73337264
2024-06-14 21:22:59,5893.0,52.666998559999996
2024-06-14 21:23:00,5894.0,52.59941032
2024-06-14 21:23:01,5895.0,52.531214999999996
2024-06-14 21:23:02,5896.0,52.463019679999995
2024-06-14 21:23:03,5897.0,52.395431439999996
2024-06-14 21:23:04,5898.0,52.32905736
2024-06-14 21:23:05,5899.0,52.26450452
2024-06-14 21:23:06,5900.0,52.202380000000005
2024-06-14 21:23:07,5901.0,52.143290879999995
2024-06-14 21:23:08,5902.0,52.08784424
2024-06-14 21:23:09,5903.0,52.03664716
2024-06-14 21:23:10,5904.0,51.99030672
2024-06-14 21:23:11,5905.0,51.94943
2024-06-14 21:23:12,5906.0,51.91462408
2024-06-14 21:23:13,5907.0,51.88649604
2024-06-14 21:23:14,5908.0,51.865652960000006
2024-06-14 21:23:15,5909.0,51.85270192
2024-06-14 21:23:16,5910.0,51.84825
2024-06-14 21:23:17,5911.0,51.85213458721936
2024-06-14 21:23:18,5912.0,51.86344820964411
2024-06-14 21:23:19,5913.0,51.881680658424266
2024-06-14 21:23:20,5914.0,51.906321724709855
2024-06-14 21:23:21,5915.0,51.93686119965089
2024-06-14 21:23:22,5916.0,51.972788874397395
2024-06-14 21:23:23,5917.0,52.013594540099376
2024-06-14 21:23:24,5918.0,52.05876798790686
2024-06-14 21:23:25,5919.0,52.10779900896986
2024-06-14 21:23:26,5920.0,52.160177394438406
2024-06-14 21:23:27,5921.0,52.2153929354625
2024-06-14 21:23:28,5922.0,52.27293542319217
2024-06-14 21:23:29,5923.0,52.33229464877744
2024-06-14 21:23:30,5924.0,52.39296040336831
2024-06-14 21:23:31,5925.0,52.454422478114815
2024-06-14 21:23:32,5926.0,52.51617066416696
2024-06-14 21:23:33,5927.0,52.57769475267477
2024-06-14 21:23:34,5928.0,52.63848453478827
2024-06-14 21:23:35,5929.0,52.69802980165746
2024-06-14 21:23:36,5930.0,52.755820344432365
2024-06-14 21:23:37,5931.0,52.811345954263025
2024-06-14 21:23:38,5932.0,52.864096422299426
2024-06-14 21:23:39,5933.0,52.91356153969161
2024-06-14 21:23:40,5934.0,52.95923109758957
2024-06-14 21:23:41,5935.0,53.00059488714334
2024-06-14 21:23:42,5936.0,53.03714269950295
2024-06-14 21:23:43,5937.0,53.0683643258184
2024-06-14 21:23:44,5938.0,53.09374955723972
2024-06-14 21:23:45,5939.0,53.11278818491691
2024-06-14 21:23:46,5940.0,53.124970000000005
2024-06-14 21:23:47,5941.0,53.13323176970791
2024-06-14 21:23:48,5942.0,53.14087723610055
2024-06-14 21:23:49,5943.0,53.14794665258949
2024-06-14 21:23:50,5944.0,53.15448027258627
2024-06-14 21:23:51,5945.0,53.160518349502446
2024-06-14 21:23:52,5946.0,53.16610113674957
2024-06-14 21:23:53,5947.0,53.171268887739195
2024-06-14 21:23:54,5948.0,53.17606185588287
2024-06-14 21:23:55,5949.0,53.18052029459216
2024-06-14 21:23:56,5950.0,53.184684457278586
2024-06-14 21:23:57,5951.0,53.188594597353735
2024-06-14 21:23:58,5952.0,53.19229096822914
2024-06-14 21:23:59,5953.0,53.19581382331636
2024-06-14 21:24:00,5954.0,53.199203416026926
2024-06-14 21:24:01,5955.0,53.20249999977243
2024-06-14 21:24:02,5956.0,53.20574382796439
2024-06-14 21:24:03,5957.0,53.20897515401436
2024-06-14 21:24:04,5958.0,53.212234231333916
2024-06-14 21:24:05,5959.0,53.21556131333459
2024-06-14 21:24:06,5960.0,53.21899665342794
2024-06-14 21:24:07,5961.0,53.22258050502552
2024-06-14 21:24:08,5962.0,53.22635312153888
2024-06-14 21:24:09,5963.0,53.23035475637957
2024-06-14 21:24:10,5964.0,53.23462566295913
2024-06-14 21:24:11,5965.0,53.239206094689145
2024-06-14 21:24:12,5966.0,53.24413630498113
2024-06-14 21:24:13,5967.0,53.249456547246666
2024-06-14 21:24:14,5968.0,53.255207074897285
2024-06-14 21:24:15,5969.0,53.26142814134455
2024-06-14 21:24:16,5970.0,53.26816
2024-06-14 21:24:17,5971.0,53.275985333658326
2024-06-14 21:24:18,5972.0,53.28537441323639
2024-06-14 21:24:19,5973.0,53.29619887432907
2024-06-14 21:24:20,5974.0,53.30833035253124
2024-06-14 21:24:21,5975.0,53.321640483437754
2024-06-14 21:24:22,5976.0,53.33600090264348
2024-06-14 21:24:23,5977.0,53.35128324574329
2024-06-14 21:24:24,5978.0,53.36735914833204
2024-06-14 21:24:25,5979.0,53.38410024600462
2024-06-14 21:24:26,5980.0,53.40137817435587
2024-06-14 21:24:27,5981.0,53.41906456898069
2024-06-14 21:24:28,5982.0,53.43703106547391
2024-06-14 21:24:29,5983.0,53.455149299430424
2024-06-14 21:24:30,5984.0,53.47329090644509
2024-06-14 21:24:31,5985.0,53.49132752211277
2024-06-14 21:24:32,5986.0,53.50913078202835
2024-06-14 21:24:33,5987.0,53.52657232178667
2024-06-14 21:24:34,5988.0,53.54352377698261
2024-06-14 21:24:35,5989.0,53.55985678321104
2024-06-14 21:24:36,5990.0,53.57544297606683
2024-06-14 21:24:37,5991.0,53.59015399114483
2024-06-14 21:24:38,5992.0,53.60386146403994
2024-06-14 21:24:39,5993.0,53.616437030346994
2024-06-14 21:24:40,5994.0,53.627752325660865
2024-06-14 21:24:41,5995.0,53.637678985576436
2024-06-14 21:24:42,5996.0,53.64608864568857
2024-06-14 21:24:43,5997.0,53.65285294159212
2024-06-14 21:24:44,5998.0,53.65784350888197
2024-06-14 21:24:45,5999.0,53.66093198315297
2024-06-14 21:24:46,6000.0,53.66199
2024-06-14 21:24:47,6001.0,53.66066015703704
2024-06-14 21:24:48,6002.0,53.65679152296296
2024-06-14 21:24:49,6003.0,53.65056544
2024-06-14 21:24:50,6004.0,53.64216325037037
2024-06-14 21:24:51,6005.0,53.6317662962963
2024-06-14 21:24:52,6006.0,53.61955592
2024-06-14 21:24:53,6007.0,53.60571346370371
2024-06-14 21:24:54,6008.0,53.59042026962963
2024-06-14 21:24:55,6009.0,53.57385768
2024-06-14 21:24:56,6010.0,53.55620703703704
2024-06-14 21:24:57,6011.0,53.537649682962964
2024-06-14 21:24:58,6012.0,53.51836696
2024-06-14 21:24:59,6013.0,53.49854021037038
2024-06-14 21:25:00,6014.0,53.4783507762963
2024-06-14 21:25:01,6015.0,53.45798
2024-06-14 21:25:02,6016.0,53.43760922370371
2024-06-14 21:25:03,6017.0,53.41741978962963
2024-06-14 21:25:04,6018.0,53.397593040000004
2024-06-14 21:25:05,6019.0,53.378310317037034
2024-06-14 21:25:06,6020.0,53.359752962962965
2024-06-14 21:25:07,6021.0,53.34210232
2024-06-14 21:25:08,6022.0,53.32553973037037
2024-06-14 21:25:09,6023.0,53.3102465362963
2024-06-14 21:25:10,6024.0,53.29640408
2024-06-14 21:25:11,6025.0,53.28419370370371
2024-06-14 21:25:12,6026.0,53.27379674962963
2024-06-14 21:25:13,6027.0,53.26539456
2024-06-14 21:25:14,6028.0,53.25916847703704
2024-06-14 21:25:15,6029.0,53.25529984296297
2024-06-14 21:25:16,6030.0,53.25397
2024-06-14 21:25:17,6031.0,53.25470493117886
2024-06-14 21:25:18,6032.0,53.25689304455281
2024-06-14 21:25:19,6033.0,53.26050931987796
2024-06-14 21:25:20,6034.0,53.26552873691042
2024-06-14 21:25:21,6035.0,53.27192627540627
2024-06-14 21:25:22,6036.0,53.27967691512163
2024-06-14 21:25:23,6037.0,53.288755635812585
2024-06-14 21:25:24,6038.0,53.299137417235244
2024-06-14 21:25:25,6039.0,53.31079723914571
2024-06-14 21:25:26,6040.0,53.323710081300064
2024-06-14 21:25:27,6041.0,53.337850923454425
2024-06-14 21:25:28,6042.0,53.35319474536488
2024-06-14 21:25:29,6043.0,53.36971652678754
2024-06-14 21:25:30,6044.0,53.387391247478504
2024-06-14 21:25:31,6045.0,53.40619388719386
2024-06-14 21:25:32,6046.0,53.42609942568972
2024-06-14 21:25:33,6047.0,53.447082842722175
2024-06-14 21:25:34,6048.0,53.469119118047324
2024-06-14 21:25:35,6049.0,53.49218323142128
2024-06-14 21:25:36,6050.0,53.51625016260013
2024-06-14 21:25:37,6051.0,53.54129489133997
2024-06-14 21:25:38,6052.0,53.567292397396926
2024-06-14 21:25:39,6053.0,53.59421766052707
2024-06-14 21:25:40,6054.0,53.62204566048651
2024-06-14 21:25:41,6055.0,53.65075137703135
2024-06-14 21:25:42,6056.0,53.68030978991769
2024-06-14 21:25:43,6057.0,53.71069587890162
2024-06-14 21:25:44,6058.0,53.741884623739246
2024-06-14 21:25:45,6059.0,53.773851004186675
2024-06-14 21:25:46,6060.0,53.80657
2024-06-14 21:25:47,6061.0,53.849962700790336
2024-06-14 21:25:48,6062.0,53.91313989969687
2024-06-14 21:25:49,6063.0,53.99486113176782
2024-06-14 21:25:50,6064.0,54.09388593205139
2024-06-14 21:25:51,6065.0,54.208973835595806
2024-06-14 21:25:52,6066.0,54.338884377449276
2024-06-14 21:25:53,6067.0,54.48237709266
2024-06-14 21:25:54,6068.0,54.6382115162762
2024-06-14 21:25:55,6069.0,54.805147183346094
2024-06-14 21:25:56,6070.0,54.98194362891789
2024-06-14 21:25:57,6071.0,55.167360388039796
2024-06-14 21:25:58,6072.0,55.36015699576002
2024-06-14 21:25:59,6073.0,55.55909298712679
2024-06-14 21:26:00,6074.0,55.76292789718831
2024-06-14 21:26:01,6075.0,55.97042126099279
2024-06-14 21:26:02,6076.0,56.18033261358845
2024-06-14 21:26:03,6077.0,56.3914214900235
2024-06-14 21:26:04,6078.0,56.602447425346135
2024-06-14 21:26:05,6079.0,56.81216995460459
2024-06-14 21:26:06,6080.0,57.019348612847075
2024-06-14 21:26:07,6081.0,57.222742935121786
2024-06-14 21:26:08,6082.0,57.42111245647696
2024-06-14 21:26:09,6083.0,57.613216711960796
2024-06-14 21:26:10,6084.0,57.797815236621496
2024-06-14 21:26:11,6085.0,57.97366756550729
2024-06-14 21:26:12,6086.0,58.13953323366639
2024-06-14 21:26:13,6087.0,58.29417177614699
2024-06-14 21:26:14,6088.0,58.43634272799732
2024-06-14 21:26:15,6089.0,58.56480562426558
2024-06-14 21:26:16,6090.0,58.67832
2024-06-14 21:26:17,6091.0,58.78467505344445
2024-06-14 21:26:18,6092.0,58.89226069856098
2024-06-14 21:26:19,6093.0,59.00073754397505
2024-06-14 21:26:20,6094.0,59.10976619831209
2024-06-14 21:26:21,6095.0,59.21900727019755
2024-06-14 21:26:22,6096.0,59.32812136825687
2024-06-14 21:26:23,6097.0,59.4367691011155
2024-06-14 21:26:24,6098.0,59.544611077398905
2024-06-14 21:26:25,6099.0,59.6513079057325
2024-06-14 21:26:26,6100.0,59.75652019474174
2024-06-14 21:26:27,6101.0,59.859908553052094
2024-06-14 21:26:28,6102.0,59.96113358928898
2024-06-14 21:26:29,6103.0,60.05985591207785
2024-06-14 21:26:30,6104.0,60.15573613004416
2024-06-14 21:26:31,6105.0,60.24843485181335
2024-06-14 21:26:32,6106.0,60.33761268601086
2024-06-14 21:26:33,6107.0,60.42293024126215
2024-06-14 21:26:34,6108.0,60.50404812619265
2024-06-14 21:26:35,6109.0,60.58062694942782
2024-06-14 21:26:36,6110.0,60.6523273195931
2024-06-14 21:26:37,6111.0,60.71880984531392
2024-06-14 21:26:38,6112.0,60.77973513521576
2024-06-14 21:26:39,6113.0,60.83476379792404
2024-06-14 21:26:40,6114.0,60.88355644206421
2024-06-14 21:26:41,6115.0,60.92577367626173
2024-06-14 21:26:42,6116.0,60.96107610914202
2024-06-14 21:26:43,6117.0,60.98912434933056
2024-06-14 21:26:44,6118.0,61.009579005452764
2024-06-14 21:26:45,6119.0,61.02210068613409
2024-06-14 21:26:46,6120.0,61.026349999999994
2024-06-14 21:26:47,6121.0,60.99482800888889
2024-06-14 21:26:48,6122.0,60.9031276711111
2024-06-14 21:26:49,6123.0,60.755547439999994
2024-06-14 21:26:50,6124.0,60.55638576888889
2024-06-14 21:26:51,6125.0,60.30994111111111
2024-06-14 21:26:52,6126.0,60.02051191999999
2024-06-14 21:26:53,6127.0,59.69239664888888
2024-06-14 21:26:54,6128.0,59.32989375111111
2024-06-14 21:26:55,6129.0,58.93730167999999
2024-06-14 21:26:56,6130.0,58.518918888888884
2024-06-14 21:26:57,6131.0,58.07904383111111
2024-06-14 21:26:58,6132.0,57.621974959999996
2024-06-14 21:26:59,6133.0,57.15201072888888
2024-06-14 21:27:00,6134.0,56.67344959111111
2024-06-14 21:27:01,6135.0,56.19058999999999
2024-06-14 21:27:02,6136.0,55.707730408888885
2024-06-14 21:27:03,6137.0,55.22916927111111
2024-06-14 21:27:04,6138.0,54.75920504
2024-06-14 21:27:05,6139.0,54.302136168888886
2024-06-14 21:27:06,6140.0,53.86226111111111
2024-06-14 21:27:07,6141.0,53.443878319999996
2024-06-14 21:27:08,6142.0,53.051286248888886
2024-06-14 21:27:09,6143.0,52.688783351111105
2024-06-14 21:27:10,6144.0,52.360668079999996
2024-06-14 21:27:11,6145.0,52.071238888888885
2024-06-14 21:27:12,6146.0,51.82479423111111
2024-06-14 21:27:13,6147.0,51.62563256
2024-06-14 21:27:14,6148.0,51.478052328888886
2024-06-14 21:27:15,6149.0,51.38635199111111
2024-06-14 21:27:16,6150.0,51.35483
2024-06-14 21:27:17,6151.0,51.35975985777778
2024-06-14 21:27:18,6152.0,51.374101262222226
2024-06-14 21:27:19,6153.0,51.397181960000005
2024-06-14 21:27:20,6154.0,51.42832969777778
2024-06-14 21:27:21,6155.0,51.46687222222222
2024-06-14 21:27:22,6156.0,51.51213728
2024-06-14 21:27:23,6157.0,51.56345261777778
2024-06-14 21:27:24,6158.0,51.620145982222226
2024-06-14 21:27:25,6159.0,51.68154512
2024-06-14 21:27:26,6160.0,51.74697777777778
2024-06-14 21:27:27,6161.0,51.81577170222222
2024-06-14 21:27:28,6162.0,51.88725464
2024-06-14 21:27:29,6163.0,51.96075433777778
2024-06-14 21:27:30,6164.0,52.035598542222225
2024-06-14 21:27:31,6165.0,52.111115
2024-06-14 21:27:32,6166.0,52.18663145777778
2024-06-14 21:27:33,6167.0,52.261475662222225
2024-06-14 21:27:34,6168.0,52.33497536000001
2024-06-14 21:27:35,6169.0,52.40645829777778
2024-06-14 21:27:36,6170.0,52.475252222222224
2024-06-14 21:27:37,6171.0,52.54068488
2024-06-14 21:27:38,6172.0,52.60208401777778
2024-06-14 21:27:39,6173.0,52.658777382222226
2024-06-14 21:27:40,6174.0,52.710092720000006
2024-06-14 21:27:41,6175.0,52.75535777777778
2024-06-14 21:27:42,6176.0,52.79390030222222
2024-06-14 21:27:43,6177.0,52.82504804
2024-06-14 21:27:44,6178.0,52.84812873777778
2024-06-14 21:27:45,6179.0,52.86247014222223
2024-06-14 21:27:46,6180.0,52.8674
2024-06-14 21:27:47,6181.0,52.86715848888889
2024-06-14 21:27:48,6182.0,52.86645591111112
2024-06-14 21:27:49,6183.0,52.8653252
2024-06-14 21:27:50,6184.0,52.86379928888889
2024-06-14 21:27:51,6185.0,52.86191111111111
2024-06-14 21:27:52,6186.0,52.8596936
2024-06-14 21:27:53,6187.0,52.85717968888889
2024-06-14 21:27:54,6188.0,52.854402311111116
2024-06-14 21:27:55,6189.0,52.851394400000004
2024-06-14 21:27:56,6190.0,52.84818888888889
2024-06-14 21:27:57,6191.0,52.84481871111112
2024-06-14 21:27:58,6192.0,52.8413168
2024-06-14 21:27:59,6193.0,52.83771608888889
2024-06-14 21:28:00,6194.0,52.83404951111111
2024-06-14 21:28:01,6195.0,52.83035
2024-06-14 21:28:02,6196.0,52.82665048888889
2024-06-14 21:28:03,6197.0,52.82298391111111
2024-06-14 21:28:04,6198.0,52.819383200000004
2024-06-14 21:28:05,6199.0,52.81588128888889
2024-06-14 21:28:06,6200.0,52.81251111111111
2024-06-14 21:28:07,6201.0,52.809305599999995
2024-06-14 21:28:08,6202.0,52.80629768888888
2024-06-14 21:28:09,6203.0,52.80352031111111
2024-06-14 21:28:10,6204.0,52.80100639999999
2024-06-14 21:28:11,6205.0,52.798788888888886
2024-06-14 21:28:12,6206.0,52.7969007111111
2024-06-14 21:28:13,6207.0,52.7953748
2024-06-14 21:28:14,6208.0,52.79424408888888
2024-06-14 21:28:15,6209.0,52.7935415111111
2024-06-14 21:28:16,6210.0,52.793299999999995
2024-06-14 21:28:17,6211.0,52.79365183703703
2024-06-14 21:28:18,6212.0,52.794675362962955
2024-06-14 21:28:19,6213.0,52.796322599999996
2024-06-14 21:28:20,6214.0,52.798545570370365
2024-06-14 21:28:21,6215.0,52.80129629629629
2024-06-14 21:28:22,6216.0,52.8045268
2024-06-14 21:28:23,6217.0,52.8081891037037
2024-06-14 21:28:24,6218.0,52.81223522962962
2024-06-14 21:28:25,6219.0,52.816617199999996
2024-06-14 21:28:26,6220.0,52.82128703703704
2024-06-14 21:28:27,6221.0,52.826196762962965
2024-06-14 21:28:28,6222.0,52.8312984
2024-06-14 21:28:29,6223.0,52.83654397037037
2024-06-14 21:28:30,6224.0,52.8418854962963
2024-06-14 21:28:31,6225.0,52.847275
2024-06-14 21:28:32,6226.0,52.85266450370371
2024-06-14 21:28:33,6227.0,52.85800602962963
2024-06-14 21:28:34,6228.0,52.863251600000005
2024-06-14 21:28:35,6229.0,52.86835323703704
2024-06-14 21:28:36,6230.0,52.873262962962976
2024-06-14 21:28:37,6231.0,52.8779328
2024-06-14 21:28:38,6232.0,52.88231477037038
2024-06-14 21:28:39,6233.0,52.8863608962963
2024-06-14 21:28:40,6234.0,52.89002320000001
2024-06-14 21:28:41,6235.0,52.893253703703714
2024-06-14 21:28:42,6236.0,52.89600442962964
2024-06-14 21:28:43,6237.0,52.89822740000001
2024-06-14 21:28:44,6238.0,52.899874637037044
2024-06-14 21:28:45,6239.0,52.900898162962974
2024-06-14 21:28:46,6240.0,52.90125000000001
2024-06-14 21:28:47,6241.0,52.885621647014894
2024-06-14 21:28:48,6242.0,52.83977162831803
2024-06-14 21:28:49,6243.0,52.76525250429715
2024-06-14 21:28:50,6244.0,52.66361683533997
2024-06-14 21:28:51,6245.0,52.536417181834224
2024-06-14 21:28:52,6246.0,52.38520610416763
2024-06-14 21:28:53,6247.0,52.2115361627279
2024-06-14 21:28:54,6248.0,52.01695991790279
2024-06-14 21:28:55,6249.0,51.80302993008
2024-06-14 21:28:56,6250.0,51.57129875964726
2024-06-14 21:28:57,6251.0,51.323318966992304
2024-06-14 21:28:58,6252.0,51.06064311250285
2024-06-14 21:28:59,6253.0,50.784823756566624
2024-06-14 21:29:00,6254.0,50.49741345957135
2024-06-14 21:29:01,6255.0,50.19996478190475
2024-06-14 21:29:02,6256.0,49.89403028395455
2024-06-14 21:29:03,6257.0,49.581162526108486
2024-06-14 21:29:04,6258.0,49.26291406875427
2024-06-14 21:29:05,6259.0,48.940837472279625
2024-06-14 21:29:06,6260.0,48.61648529707229
2024-06-14 21:29:07,6261.0,48.29141010351998
2024-06-14 21:29:08,6262.0,47.96716445201042
2024-06-14 21:29:09,6263.0,47.64530090293134
2024-06-14 21:29:10,6264.0,47.32737201667046
2024-06-14 21:29:11,6265.0,47.014930353615505
2024-06-14 21:29:12,6266.0,46.7095284741542
2024-06-14 21:29:13,6267.0,46.412718938674274
2024-06-14 21:29:14,6268.0,46.12605430756345
2024-06-14 21:29:15,6269.0,45.851087141209455
2024-06-14 21:29:16,6270.0,45.58937
2024-06-14 21:29:17,6271.0,45.32543323804981
2024-06-14 21:29:18,6272.0,45.0440089931773
2024-06-14 21:29:19,6273.0,44.74695250132573
2024-06-14 21:29:20,6274.0,44.436118998438396
2024-06-14 21:29:21,6275.0,44.11336372045858
2024-06-14 21:29:22,6276.0,43.780541903329556
2024-06-14 21:29:23,6277.0,43.4395087829946
2024-06-14 21:29:24,6278.0,43.092119595397
2024-06-14 21:29:25,6279.0,42.740229576480026
2024-06-14 21:29:26,6280.0,42.38569396218698
2024-06-14 21:29:27,6281.0,42.03036798846112
2024-06-14 21:29:28,6282.0,41.676106891245745
2024-06-14 21:29:29,6283.0,41.32476590648411
2024-06-14 21:29:30,6284.0,40.97820027011953
2024-06-14 21:29:31,6285.0,40.638265218095256
2024-06-14 21:29:32,6286.0,40.306815986354586
2024-06-14 21:29:33,6287.0,39.98570781084079
2024-06-14 21:29:34,6288.0,39.67679592749716
2024-06-14 21:29:35,6289.0,39.38193557226696
2024-06-14 21:29:36,6290.0,39.102981981093485
2024-06-14 21:29:37,6291.0,38.84179038992001
2024-06-14 21:29:38,6292.0,38.600216034689815
2024-06-14 21:29:39,6293.0,38.38011415134618
2024-06-14 21:29:40,6294.0,38.18333997583238
2024-06-14 21:29:41,6295.0,38.01174874409171
2024-06-14 21:29:42,6296.0,37.86719569206745
2024-06-14 21:29:43,6297.0,37.75153605570286
2024-06-14 21:29:44,6298.0,37.66662507094123
2024-06-14 21:29:45,6299.0,37.61431797372585
2024-06-14 21:29:46,6300.0,37.59647
2024-06-14 21:29:47,6301.0,37.59788399176308
2024-06-14 21:29:48,6302.0,37.6020179881118
2024-06-14 21:29:49,6303.0,37.608710020635435
2024-06-14 21:29:50,6304.0,37.617798120923204
2024-06-14 21:29:51,6305.0,37.62912032056438
2024-06-14 21:29:52,6306.0,37.642514651148204
2024-06-14 21:29:53,6307.0,37.65781914426392
2024-06-14 21:29:54,6308.0,37.67487183150078
2024-06-14 21:29:55,6309.0,37.69351074444803
2024-06-14 21:29:56,6310.0,37.71357391469492
2024-06-14 21:29:57,6311.0,37.7348993738307
2024-06-14 21:29:58,6312.0,37.75732515344462
2024-06-14 21:29:59,6313.0,37.78068928512592
2024-06-14 21:30:00,6314.0,37.804829800463864
2024-06-14 21:30:01,6315.0,37.82958473104769
2024-06-14 21:30:02,6316.0,37.85479210846664
2024-06-14 21:30:03,6317.0,37.88028996430997
2024-06-14 21:30:04,6318.0,37.90591633016693
2024-06-14 21:30:05,6319.0,37.93150923762677
2024-06-14 21:30:06,6320.0,37.95690671827874
2024-06-14 21:30:07,6321.0,37.981946803712084
2024-06-14 21:30:08,6322.0,38.006467525516044
2024-06-14 21:30:09,6323.0,38.03030691527988
2024-06-14 21:30:10,6324.0,38.053303004592834
2024-06-14 21:30:11,6325.0,38.075293825044156
2024-06-14 21:30:12,6326.0,38.096117408223094
2024-06-14 21:30:13,6327.0,38.115611785718905
2024-06-14 21:30:14,6328.0,38.13361498912082
2024-06-14 21:30:15,6329.0,38.14996505001811
2024-06-14 21:30:16,6330.0,38.164500000000004
2024-06-14 21:30:17,6331.0,38.17779085310959
2024-06-14 21:30:18,6332.0,38.19054180456774
2024-06-14 21:30:19,6333.0,38.202790657730375
2024-06-14 21:30:20,6334.0,38.214575215953445
2024-06-14 21:30:21,6335.0,38.22593328259288
2024-06-14 21:30:22,6336.0,38.2369026610046
2024-06-14 21:30:23,6337.0,38.24752115454454
2024-06-14 21:30:24,6338.0,38.257826566568646
2024-06-14 21:30:25,6339.0,38.267856700432844
2024-06-14 21:30:26,6340.0,38.27764935949307
2024-06-14 21:30:27,6341.0,38.287242347105256
2024-06-14 21:30:28,6342.0,38.29667346662533
2024-06-14 21:30:29,6343.0,38.30598052140923
2024-06-14 21:30:30,6344.0,38.31520131481288
2024-06-14 21:30:31,6345.0,38.32437365019224
2024-06-14 21:30:32,6346.0,38.33353533090321
2024-06-14 21:30:33,6347.0,38.34272416030174
2024-06-14 21:30:34,6348.0,38.35197794174377
2024-06-14 21:30:35,6349.0,38.36133447858522
2024-06-14 21:30:36,6350.0,38.37083157418202
2024-06-14 21:30:37,6351.0,38.38050703189012
2024-06-14 21:30:38,6352.0,38.39039865506543
2024-06-14 21:30:39,6353.0,38.40054424706391
2024-06-14 21:30:40,6354.0,38.410981611241475
2024-06-14 21:30:41,6355.0,38.421748550954064
2024-06-14 21:30:42,6356.0,38.4328828695576
2024-06-14 21:30:43,6357.0,38.444422370408034
2024-06-14 21:30:44,6358.0,38.45640485686129
2024-06-14 21:30:45,6359.0,38.4688681322733
2024-06-14 21:30:46,6360.0,38.48185
2024-06-14 21:30:47,6361.0,38.4959695500377
2024-06-14 21:30:48,6362.0,38.511721880952834
2024-06-14 21:30:49,6363.0,38.52895880895653
2024-06-14 21:30:50,6364.0,38.54753215025993
2024-06-14 21:30:51,6365.0,38.56729372107415
2024-06-14 21:30:52,6366.0,38.588095337610326
2024-06-14 21:30:53,6367.0,38.60978881607958
2024-06-14 21:30:54,6368.0,38.63222597269304
2024-06-14 21:30:55,6369.0,38.65525862366186
2024-06-14 21:30:56,6370.0,38.67873858519713
2024-06-14 21:30:57,6371.0,38.70251767351001
2024-06-14 21:30:58,6372.0,38.72644770481161
2024-06-14 21:30:59,6373.0,38.750380495313074
2024-06-14 21:31:00,6374.0,38.774167861225514
2024-06-14 21:31:01,6375.0,38.79766161876008
2024-06-14 21:31:02,6376.0,38.82071358412789
2024-06-14 21:31:03,6377.0,38.843175573540066
2024-06-14 21:31:04,6378.0,38.864899403207744
2024-06-14 21:31:05,6379.0,38.885736889342056
2024-06-14 21:31:06,6380.0,38.90553984815412
2024-06-14 21:31:07,6381.0,38.92416009585508
2024-06-14 21:31:08,6382.0,38.94144944865606
2024-06-14 21:31:09,6383.0,38.95725972276818
2024-06-14 21:31:10,6384.0,38.97144273440258
2024-06-14 21:31:11,6385.0,38.98385029977039
2024-06-14 21:31:12,6386.0,38.994334235082725
2024-06-14 21:31:13,6387.0,39.00274635655072
2024-06-14 21:31:14,6388.0,39.00893848038552
2024-06-14 21:31:15,6389.0,39.01276242279824
2024-06-14 21:31:16,6390.0,39.014070000000004
2024-06-14 21:31:17,6391.0,39.01183049777778
2024-06-14 21:31:18,6392.0,39.005315582222224
2024-06-14 21:31:19,6393.0,38.99483064
2024-06-14 21:31:20,6394.0,38.98068105777778
2024-06-14 21:31:21,6395.0,38.96317222222223
2024-06-14 21:31:22,6396.0,38.94260952
2024-06-14 21:31:23,6397.0,38.91929833777778
2024-06-14 21:31:24,6398.0,38.893544062222226
2024-06-14 21:31:25,6399.0,38.865652080000004
2024-06-14 21:31:26,6400.0,38.835927777777776
2024-06-14 21:31:27,6401.0,38.80467654222222
2024-06-14 21:31:28,6402.0,38.77220376
2024-06-14 21:31:29,6403.0,38.73881481777778
2024-06-14 21:31:30,6404.0,38.70481510222223
2024-06-14 21:31:31,6405.0,38.67051000000001
2024-06-14 21:31:32,6406.0,38.63620489777778
2024-06-14 21:31:33,6407.0,38.60220518222223
2024-06-14 21:31:34,6408.0,38.56881624
2024-06-14 21:31:35,6409.0,38.536343457777775
2024-06-14 21:31:36,6410.0,38.50509222222222
2024-06-14 21:31:37,6411.0,38.47536792
2024-06-14 21:31:38,6412.0,38.447475937777774
2024-06-14 21:31:39,6413.0,38.42172166222222
2024-06-14 21:31:40,6414.0,38.398410479999995
2024-06-14 21:31:41,6415.0,38.377847777777774
2024-06-14 21:31:42,6416.0,38.360338942222214
2024-06-14 21:31:43,6417.0,38.34618936
2024-06-14 21:31:44,6418.0,38.33570441777777
2024-06-14 21:31:45,6419.0,38.32918950222222
2024-06-14 21:31:46,6420.0,38.32695
2024-06-14 21:31:47,6421.0,38.3479567951278
2024-06-14 21:31:48,6422.0,38.40914061413342
2024-06-14 21:31:49,6423.0,38.5077466074502
2024-06-14 21:31:50,6424.0,38.641019925511465
2024-06-14 21:31:51,6425.0,38.806205718750526
2024-06-14 21:31:52,6426.0,39.000549137600736
2024-06-14 21:31:53,6427.0,39.22129533249541
2024-06-14 21:31:54,6428.0,39.46568945386787
2024-06-14 21:31:55,6429.0,39.730976652151455
2024-06-14 21:31:56,6430.0,40.01440207777949
2024-06-14 21:31:57,6431.0,40.3132108811853
2024-06-14 21:31:58,6432.0,40.62464821280222
2024-06-14 21:31:59,6433.0,40.945959223063575
2024-06-14 21:32:00,6434.0,41.27438906240268
2024-06-14 21:32:01,6435.0,41.60718288125289
2024-06-14 21:32:02,6436.0,41.941585830047515
2024-06-14 21:32:03,6437.0,42.27484305921988
2024-06-14 21:32:04,6438.0,42.60419971920333
2024-06-14 21:32:05,6439.0,42.926900960431176
2024-06-14 21:32:06,6440.0,43.24019193333676
2024-06-14 21:32:07,6441.0,43.5413177883534
2024-06-14 21:32:08,6442.0,43.82752367591442
2024-06-14 21:32:09,6443.0,44.09605474645317
2024-06-14 21:32:10,6444.0,44.34415615040295
2024-06-14 21:32:11,6445.0,44.56907303819712
2024-06-14 21:32:12,6446.0,44.768050560268975
2024-06-14 21:32:13,6447.0,44.938333867051874
2024-06-14 21:32:14,6448.0,45.077168108979116
2024-06-14 21:32:15,6449.0,45.181798436484044
2024-06-14 21:32:16,6450.0,45.249469999999995
2024-06-14 21:32:17,6451.0,45.295655073349145
2024-06-14 21:32:18,6452.0,45.33785260026176
2024-06-14 21:32:19,6453.0,45.376347736033274
2024-06-14 21:32:20,6454.0,45.41142563595909
2024-06-14 21:32:21,6455.0,45.44337145533464
2024-06-14 21:32:22,6456.0,45.47247034945535
2024-06-14 21:32:23,6457.0,45.499007473616636
2024-06-14 21:32:24,6458.0,45.52326798311394
2024-06-14 21:32:25,6459.0,45.54553703324266
2024-06-14 21:32:26,6460.0,45.566099779298234
2024-06-14 21:32:27,6461.0,45.58524137657608
2024-06-14 21:32:28,6462.0,45.60324698037162
2024-06-14 21:32:29,6463.0,45.62040174598028
2024-06-14 21:32:30,6464.0,45.63699082869749
2024-06-14 21:32:31,6465.0,45.65329938381867
2024-06-14 21:32:32,6466.0,45.66961256663923
2024-06-14 21:32:33,6467.0,45.686215532454604
2024-06-14 21:32:34,6468.0,45.70339343656021
2024-06-14 21:32:35,6469.0,45.72143143425149
2024-06-14 21:32:36,6470.0,45.74061468082384
2024-06-14 21:32:37,6471.0,45.7612283315727
2024-06-14 21:32:38,6472.0,45.783557541793485
2024-06-14 21:32:39,6473.0,45.80788746678162
2024-06-14 21:32:40,6474.0,45.83450326183253
2024-06-14 21:32:41,6475.0,45.86369008224165
2024-06-14 21:32:42,6476.0,45.895733083304386
2024-06-14 21:32:43,6477.0,45.93091742031616
2024-06-14 21:32:44,6478.0,45.96952824857241
2024-06-14 21:32:45,6479.0,46.01185072336854
2024-06-14 21:32:46,6480.0,46.05817
2024-06-14 21:32:47,6481.0,46.12660727261476
2024-06-14 21:32:48,6482.0,46.23319986618305
2024-06-14 21:32:49,6483.0,46.37510713223362
2024-06-14 21:32:50,6484.0,46.54948842229525
2024-06-14 21:32:51,6485.0,46.753503087896696
2024-06-14 21:32:52,6486.0,46.98431048056672
2024-06-14 21:32:53,6487.0,47.23906995183407
2024-06-14 21:32:54,6488.0,47.51494085322753
2024-06-14 21:32:55,6489.0,47.80908253627583
2024-06-14 21:32:56,6490.0,48.118654352507775
2024-06-14 21:32:57,6491.0,48.44081565345209
2024-06-14 21:32:58,6492.0,48.77272579063755
2024-06-14 21:32:59,6493.0,49.11154411559293
2024-06-14 21:33:00,6494.0,49.454429979846964
2024-06-14 21:33:01,6495.0,49.79854273492843
2024-06-14 21:33:02,6496.0,50.14104173236609
2024-06-14 21:33:03,6497.0,50.479086323688705
2024-06-14 21:33:04,6498.0,50.80983586042503
2024-06-14 21:33:05,6499.0,51.130449694103845
2024-06-14 21:33:06,6500.0,51.43808717625388
2024-06-14 21:33:07,6501.0,51.729907658403924
2024-06-14 21:33:08,6502.0,52.003070492082735
2024-06-14 21:33:09,6503.0,52.254735028819056
2024-06-14 21:33:10,6504.0,52.482060620141674
2024-06-14 21:33:11,6505.0,52.68220661757934
2024-06-14 21:33:12,6506.0,52.852332372660804
2024-06-14 21:33:13,6507.0,52.98959723691484
2024-06-14 21:33:14,6508.0,53.09116056187021
2024-06-14 21:33:15,6509.0,53.15418169905567
2024-06-14 21:33:16,6510.0,53.175819999999995
2024-06-14 21:33:17,6511.0,53.173490314074066
2024-06-14 21:33:18,6512.0,53.166713045925924
2024-06-14 21:33:19,6513.0,53.155805879999996
2024-06-14 21:33:20,6514.0,53.141086500740734
2024-06-14 21:33:21,6515.0,53.12287259259259
2024-06-14 21:33:22,6516.0,53.10148183999999
2024-06-14 21:33:23,6517.0,53.077231927407404
2024-06-14 21:33:24,6518.0,53.050440539259256
2024-06-14 21:33:25,6519.0,53.021425359999995
2024-06-14 21:33:26,6520.0,52.99050407407407
2024-06-14 21:33:27,6521.0,52.95799436592592
2024-06-14 21:33:28,6522.0,52.92421392
2024-06-14 21:33:29,6523.0,52.88948042074073
2024-06-14 21:33:30,6524.0,52.85411155259259
2024-06-14 21:33:31,6525.0,52.81842499999999
2024-06-14 21:33:32,6526.0,52.782738447407404
2024-06-14 21:33:33,6527.0,52.74736957925925
2024-06-14 21:33:34,6528.0,52.712636079999996
2024-06-14 21:33:35,6529.0,52.67885563407407
2024-06-14 21:33:36,6530.0,52.64634592592592
2024-06-14 21:33:37,6531.0,52.61542463999999
2024-06-14 21:33:38,6532.0,52.58640946074073
2024-06-14 21:33:39,6533.0,52.559618072592585
2024-06-14 21:33:40,6534.0,52.53536815999999
2024-06-14 21:33:41,6535.0,52.5139774074074
2024-06-14 21:33:42,6536.0,52.495763499259255
2024-06-14 21:33:43,6537.0,52.48104411999999
2024-06-14 21:33:44,6538.0,52.47013695407407
2024-06-14 21:33:45,6539.0,52.46335968592592
2024-06-14 21:33:46,6540.0,52.461029999999994
2024-06-14 21:33:47,6541.0,52.463914085925914
2024-06-14 21:33:48,6542.0,52.47230415407407
2024-06-14 21:33:49,6543.0,52.485806919999995
2024-06-14 21:33:50,6544.0,52.504029099259256
2024-06-14 21:33:51,6545.0,52.5265774074074
2024-06-14 21:33:52,6546.0,52.55305856
2024-06-14 21:33:53,6547.0,52.583079272592585
2024-06-14 21:33:54,6548.0,52.61624626074074
2024-06-14 21:33:55,6549.0,52.65216624
2024-06-14 21:33:56,6550.0,52.69044592592592
2024-06-14 21:33:57,6551.0,52.730692034074075
2024-06-14 21:33:58,6552.0,52.772511279999996
2024-06-14 21:33:59,6553.0,52.81551037925926
2024-06-14 21:34:00,6554.0,52.85929604740741
2024-06-14 21:34:01,6555.0,52.903475
2024-06-14 21:34:02,6556.0,52.94765395259259
2024-06-14 21:34:03,6557.0,52.99143962074074
2024-06-14 21:34:04,6558.0,53.034438720000004
2024-06-14 21:34:05,6559.0,53.076257965925926
2024-06-14 21:34:06,6560.0,53.11650407407407
2024-06-14 21:34:07,6561.0,53.15478376000001
2024-06-14 21:34:08,6562.0,53.19070373925926
2024-06-14 21:34:09,6563.0,53.223870727407416
2024-06-14 21:34:10,6564.0,53.253891440000004
2024-06-14 21:34:11,6565.0,53.2803725925926
2024-06-14 21:34:12,6566.0,53.30292090074075
2024-06-14 21:34:13,6567.0,53.321143080000006
2024-06-14 21:34:14,6568.0,53.334645845925934
2024-06-14 21:34:15,6569.0,53.34303591407408
2024-06-14 21:34:16,6570.0,53.34592000000001
2024-06-14 21:34:17,6571.0,53.33128489768567
2024-06-14 21:34:18,6572.0,53.28825520178985
2024-06-14 21:34:19,6573.0,53.21814432888333
2024-06-14 21:34:20,6574.0,53.12226569553688
2024-06-14 21:34:21,6575.0,53.00193271832129
2024-06-14 21:34:22,6576.0,52.85845881380736
2024-06-14 21:34:23,6577.0,52.693157398565845
2024-06-14 21:34:24,6578.0,52.50734188916754
2024-06-14 21:34:25,6579.0,52.302325702183225
2024-06-14 21:34:26,6580.0,52.07942225418369
2024-06-14 21:34:27,6581.0,51.83994496173971
2024-06-14 21:34:28,6582.0,51.58520724142206
2024-06-14 21:34:29,6583.0,51.31652250980153
2024-06-14 21:34:30,6584.0,51.03520418344891
2024-06-14 21:34:31,6585.0,50.74256567893497
2024-06-14 21:34:32,6586.0,50.4399204128305
2024-06-14 21:34:33,6587.0,50.128581801706275
2024-06-14 21:34:34,6588.0,49.809863262133085
2024-06-14 21:34:35,6589.0,49.485078210681706
2024-06-14 21:34:36,6590.0,49.15554006392293
2024-06-14 21:34:37,6591.0,48.82256223842753
2024-06-14 21:34:38,6592.0,48.48745815076628
2024-06-14 21:34:39,6593.0,48.15154121750999
2024-06-14 21:34:40,6594.0,47.81612485522941
2024-06-14 21:34:41,6595.0,47.48252248049534
2024-06-14 21:34:42,6596.0,47.152047509878564
2024-06-14 21:34:43,6597.0,46.826013359949854
2024-06-14 21:34:44,6598.0,46.50573344728001
2024-06-14 21:34:45,6599.0,46.1925211884398
2024-06-14 21:34:46,6600.0,45.88769
2024-06-14 21:34:47,6601.0,45.576246482654405
2024-06-14 21:34:48,6602.0,45.24351059434051
2024-06-14 21:34:49,6603.0,44.89126578749465
2024-06-14 21:34:50,6604.0,44.52129551455319
2024-06-14 21:34:51,6605.0,44.13538322795248
2024-06-14 21:34:52,6606.0,43.73531238012886
2024-06-14 21:34:53,6607.0,43.32286642351868
2024-06-14 21:34:54,6608.0,42.899828810558304
2024-06-14 21:34:55,6609.0,42.46798299368407
2024-06-14 21:34:56,6610.0,42.02911242533232
2024-06-14 21:34:57,6611.0,41.58500055793943
2024-06-14 21:34:58,6612.0,41.137430843941715
2024-06-14 21:34:59,6613.0,40.68818673577556
2024-06-14 21:35:00,6614.0,40.23905168587729
2024-06-14 21:35:01,6615.0,39.79180914668326
2024-06-14 21:35:02,6616.0,39.34824257062983
2024-06-14 21:35:03,6617.0,38.910135410153345
2024-06-14 21:35:04,6618.0,38.479271117690146
2024-06-14 21:35:05,6619.0,38.05743314567659
2024-06-14 21:35:06,6620.0,37.64640494654904
2024-06-14 21:35:07,6621.0,37.24796997274382
2024-06-14 21:35:08,6622.0,36.863911676697285
2024-06-14 21:35:09,6623.0,36.49601351084581
2024-06-14 21:35:10,6624.0,36.14605892762572
2024-06-14 21:35:11,6625.0,35.815831379473366
2024-06-14 21:35:12,6626.0,35.50711431882511
2024-06-14 21:35:13,6627.0,35.22169119811729
2024-06-14 21:35:14,6628.0,34.96134546978627
2024-06-14 21:35:15,6629.0,34.727860586268385
2024-06-14 21:35:16,6630.0,34.523019999999995
2024-06-14 21:35:17,6631.0,34.333155206416315
2024-06-14 21:35:18,6632.0,34.14369111805351
2024-06-14 21:35:19,6633.0,33.95505131299938
2024-06-14 21:35:20,6634.0,33.76765936934171
2024-06-14 21:35:21,6635.0,33.5819388651683
2024-06-14 21:35:22,6636.0,33.398313378566925
2024-06-14 21:35:23,6637.0,33.21720648762538
2024-06-14 21:35:24,6638.0,33.03904177043147
2024-06-14 21:35:25,6639.0,32.864242805072955
2024-06-14 21:35:26,6640.0,32.693233169637644
2024-06-14 21:35:27,6641.0,32.52643644221333
2024-06-14 21:35:28,6642.0,32.36427620088779
2024-06-14 21:35:29,6643.0,32.20717602374882
2024-06-14 21:35:30,6644.0,32.055559488884214
2024-06-14 21:35:31,6645.0,31.90985017438176
2024-06-14 21:35:32,6646.0,31.770471658329246
2024-06-14 21:35:33,6647.0,31.63784751881446
2024-06-14 21:35:34,6648.0,31.51240133392519
2024-06-14 21:35:35,6649.0,31.394556681749233
2024-06-14 21:35:36,6650.0,31.284737140374375
2024-06-14 21:35:37,6651.0,31.183366287888404
2024-06-14 21:35:38,6652.0,31.090867702379114
2024-06-14 21:35:39,6653.0,31.007664961934296
2024-06-14 21:35:40,6654.0,30.934181644641725
2024-06-14 21:35:41,6655.0,30.87084132858921
2024-06-14 21:35:42,6656.0,30.818067591864533
2024-06-14 21:35:43,6657.0,30.776284012555482
2024-06-14 21:35:44,6658.0,30.745914168749852
2024-06-14 21:35:45,6659.0,30.727381638535423
2024-06-14 21:35:46,6660.0,30.721109999999996
2024-06-14 21:35:47,6661.0,30.723853448888885
2024-06-14 21:35:48,6662.0,30.731834391111107
2024-06-14 21:35:49,6663.0,30.744678719999996
2024-06-14 21:35:50,6664.0,30.762012328888883
2024-06-14 21:35:51,6665.0,30.78346111111111
2024-06-14 21:35:52,6666.0,30.808650959999994
2024-06-14 21:35:53,6667.0,30.837207768888884
2024-06-14 21:35:54,6668.0,30.86875743111111
2024-06-14 21:35:55,6669.0,30.902925839999998
2024-06-14 21:35:56,6670.0,30.939338888888884
2024-06-14 21:35:57,6671.0,30.977622471111108
2024-06-14 21:35:58,6672.0,31.017402479999998
2024-06-14 21:35:59,6673.0,31.058304808888888
2024-06-14 21:36:00,6674.0,31.09995535111111
2024-06-14 21:36:01,6675.0,31.14198
2024-06-14 21:36:02,6676.0,31.184004648888887
2024-06-14 21:36:03,6677.0,31.225655191111112
2024-06-14 21:36:04,6678.0,31.26655752
2024-06-14 21:36:05,6679.0,31.30633752888889
2024-06-14 21:36:06,6680.0,31.34462111111111
2024-06-14 21:36:07,6681.0,31.381034160000002
2024-06-14 21:36:08,6682.0,31.41520256888889
2024-06-14 21:36:09,6683.0,31.446752231111113
2024-06-14 21:36:10,6684.0,31.475309040000003
2024-06-14 21:36:11,6685.0,31.50049888888889
2024-06-14 21:36:12,6686.0,31.52194767111111
2024-06-14 21:36:13,6687.0,31.53928128
2024-06-14 21:36:14,6688.0,31.55212560888889
2024-06-14 21:36:15,6689.0,31.56010655111111
2024-06-14 21:36:16,6690.0,31.56285
2024-06-14 21:36:17,6691.0,31.55968138074074
2024-06-14 21:36:18,6692.0,31.55046357925926
2024-06-14 21:36:19,6693.0,31.535628680000002
2024-06-14 21:36:20,6694.0,31.51560876740741
2024-06-14 21:36:21,6695.0,31.49083592592593
2024-06-14 21:36:22,6696.0,31.46174224
2024-06-14 21:36:23,6697.0,31.428759794074075
2024-06-14 21:36:24,6698.0,31.392320672592593
2024-06-14 21:36:25,6699.0,31.35285696
2024-06-14 21:36:26,6700.0,31.31080074074074
2024-06-14 21:36:27,6701.0,31.26658409925926
2024-06-14 21:36:28,6702.0,31.22063912
2024-06-14 21:36:29,6703.0,31.173397887407408
2024-06-14 21:36:30,6704.0,31.12529248592593
2024-06-14 21:36:31,6705.0,31.076755
2024-06-14 21:36:32,6706.0,31.028217514074075
2024-06-14 21:36:33,6707.0,30.980112112592593
2024-06-14 21:36:34,6708.0,30.93287088
2024-06-14 21:36:35,6709.0,30.886925900740742
2024-06-14 21:36:36,6710.0,30.84270925925926
2024-06-14 21:36:37,6711.0,30.80065304
2024-06-14 21:36:38,6712.0,30.761189327407408
2024-06-14 21:36:39,6713.0,30.724750205925925
2024-06-14 21:36:40,6714.0,30.69176776
2024-06-14 21:36:41,6715.0,30.662674074074076
2024-06-14 21:36:42,6716.0,30.637901232592593
2024-06-14 21:36:43,6717.0,30.617881320000002
2024-06-14 21:36:44,6718.0,30.60304642074074
2024-06-14 21:36:45,6719.0,30.59382861925926
2024-06-14 21:36:46,6720.0,30.59066
2024-06-14 21:36:47,6721.0,30.591381698443605
2024-06-14 21:36:48,6722.0,30.593490252992915
2024-06-14 21:36:49,6723.0,30.596900852475706
2024-06-14 21:36:50,6724.0,30.601528685719725
2024-06-14 21:36:51,6725.0,30.607288941552735
2024-06-14 21:36:52,6726.0,30.6140968088025
2024-06-14 21:36:53,6727.0,30.62186747629678
2024-06-14 21:36:54,6728.0,30.630516132863335
2024-06-14 21:36:55,6729.0,30.639957967329924
2024-06-14 21:36:56,6730.0,30.65010816852431
2024-06-14 21:36:57,6731.0,30.660881925274246
2024-06-14 21:36:58,6732.0,30.672194426407504
2024-06-14 21:36:59,6733.0,30.68396086075184
2024-06-14 21:37:00,6734.0,30.696096417135003
2024-06-14 21:37:01,6735.0,30.70851628438477
2024-06-14 21:37:02,6736.0,30.721135651328893
2024-06-14 21:37:03,6737.0,30.733869706795137
2024-06-14 21:37:04,6738.0,30.746633639611254
2024-06-14 21:37:05,6739.0,30.759342638605013
2024-06-14 21:37:06,6740.0,30.771911892604173
2024-06-14 21:37:07,6741.0,30.784256590436488
2024-06-14 21:37:08,6742.0,30.796291920929725
2024-06-14 21:37:09,6743.0,30.807933072911645
2024-06-14 21:37:10,6744.0,30.819095235210003
2024-06-14 21:37:11,6745.0,30.829693596652564
2024-06-14 21:37:12,6746.0,30.839643346067085
2024-06-14 21:37:13,6747.0,30.848859672281332
2024-06-14 21:37:14,6748.0,30.857257764123055
2024-06-14 21:37:15,6749.0,30.864752810420025
2024-06-14 21:37:16,6750.0,30.87126
2024-06-14 21:37:17,6751.0,30.87728289624664
2024-06-14 21:37:18,6752.0,30.883369089210273
2024-06-14 21:37:19,6753.0,30.88949980771867
2024-06-14 21:37:20,6754.0,30.895656280599578
2024-06-14 21:37:21,6755.0,30.901819736680764
2024-06-14 21:37:22,6756.0,30.907971404789993
2024-06-14 21:37:23,6757.0,30.91409251375502
2024-06-14 21:37:24,6758.0,30.920164292403605
2024-06-14 21:37:25,6759.0,30.92616796956351
2024-06-14 21:37:26,6760.0,30.932084774062496
2024-06-14 21:37:27,6761.0,30.937895934728317
2024-06-14 21:37:28,6762.0,30.94358268038874
2024-06-14 21:37:29,6763.0,30.94912623987153
2024-06-14 21:37:30,6764.0,30.95450784200444
2024-06-14 21:37:31,6765.0,30.959708715615225
2024-06-14 21:37:32,6766.0,30.96471008953166
2024-06-14 21:37:33,6767.0,30.969493192581496
2024-06-14 21:37:34,6768.0,30.974039253592494
2024-06-14 21:37:35,6769.0,30.978329501392416
2024-06-14 21:37:36,6770.0,30.982345164809022
2024-06-14 21:37:37,6771.0,30.986067472670072
2024-06-14 21:37:38,6772.0,30.98947765380333
2024-06-14 21:37:39,6773.0,30.99255693703655
2024-06-14 21:37:40,6774.0,30.995286551197495
2024-06-14 21:37:41,6775.0,30.99764772511393
2024-06-14 21:37:42,6776.0,30.999621687613608
2024-06-14 21:37:43,6777.0,31.001189667524294
2024-06-14 21:37:44,6778.0,31.002332893673746
2024-06-14 21:37:45,6779.0,31.003032594889728
2024-06-14 21:37:46,6780.0,31.003269999999997
2024-06-14 21:37:47,6781.0,31.00285232592592
2024-06-14 21:37:48,6782.0,31.00163727407407
2024-06-14 21:37:49,6783.0,30.999681799999998
2024-06-14 21:37:50,6784.0,30.997042859259256
2024-06-14 21:37:51,6785.0,30.993777407407404
2024-06-14 21:37:52,6786.0,30.9899424
2024-06-14 21:37:53,6787.0,30.98559479259259
2024-06-14 21:37:54,6788.0,30.98079154074074
2024-06-14 21:37:55,6789.0,30.975589599999996
2024-06-14 21:37:56,6790.0,30.970045925925927
2024-06-14 21:37:57,6791.0,30.964217474074072
2024-06-14 21:37:58,6792.0,30.9581612
2024-06-14 21:37:59,6793.0,30.95193405925926
2024-06-14 21:38:00,6794.0,30.945593007407407
2024-06-14 21:38:01,6795.0,30.939194999999998
2024-06-14 21:38:02,6796.0,30.932796992592593
2024-06-14 21:38:03,6797.0,30.92645594074074
2024-06-14 21:38:04,6798.0,30.9202288
2024-06-14 21:38:05,6799.0,30.914172525925927
2024-06-14 21:38:06,6800.0,30.908344074074076
2024-06-14 21:38:07,6801.0,30.902800400000004
2024-06-14 21:38:08,6802.0,30.89759845925926
2024-06-14 21:38:09,6803.0,30.89279520740741
2024-06-14 21:38:10,6804.0,30.888447600000003
2024-06-14 21:38:11,6805.0,30.884612592592596
2024-06-14 21:38:12,6806.0,30.881347140740743
2024-06-14 21:38:13,6807.0,30.878708200000002
2024-06-14 21:38:14,6808.0,30.87675272592593
2024-06-14 21:38:15,6809.0,30.875537674074074
2024-06-14 21:38:16,6810.0,30.875120000000003
2024-06-14 21:38:17,6811.0,30.87561403851852
2024-06-14 21:38:18,6812.0,30.877051241481485
2024-06-14 21:38:19,6813.0,30.87936424
2024-06-14 21:38:20,6814.0,30.88248566518519
2024-06-14 21:38:21,6815.0,30.88634814814815
2024-06-14 21:38:22,6816.0,30.89088432
2024-06-14 21:38:23,6817.0,30.896026811851854
2024-06-14 21:38:24,6818.0,30.901708254814817
2024-06-14 21:38:25,6819.0,30.907861280000002
2024-06-14 21:38:26,6820.0,30.91441851851852
2024-06-14 21:38:27,6821.0,30.921312601481485
2024-06-14 21:38:28,6822.0,30.928476160000002
2024-06-14 21:38:29,6823.0,30.935841825185186
2024-06-14 21:38:30,6824.0,30.94334222814815
2024-06-14 21:38:31,6825.0,30.95091
2024-06-14 21:38:32,6826.0,30.958477771851854
2024-06-14 21:38:33,6827.0,30.965978174814815
2024-06-14 21:38:34,6828.0,30.97334384
2024-06-14 21:38:35,6829.0,30.98050739851852
2024-06-14 21:38:36,6830.0,30.98740148148148
2024-06-14 21:38:37,6831.0,30.99395872
2024-06-14 21:38:38,6832.0,31.000111745185187
2024-06-14 21:38:39,6833.0,31.005793188148147
2024-06-14 21:38:40,6834.0,31.01093568
2024-06-14 21:38:41,6835.0,31.015471851851853
2024-06-14 21:38:42,6836.0,31.019334334814815
2024-06-14 21:38:43,6837.0,31.02245576
2024-06-14 21:38:44,6838.0,31.02476875851852
2024-06-14 21:38:45,6839.0,31.02620596148148
2024-06-14 21:38:46,6840.0,31.026699999999998
2024-06-14 21:38:47,6841.0,31.024332474074072
2024-06-14 21:38:48,6842.0,31.017445125925924
2024-06-14 21:38:49,6843.0,31.006360799999996
2024-06-14 21:38:50,6844.0,30.991402340740738
2024-06-14 21:38:51,6845.0,30.972892592592594
2024-06-14 21:38:52,6846.0,30.951154399999997
2024-06-14 21:38:53,6847.0,30.926510607407405
2024-06-14 21:38:54,6848.0,30.89928405925926
2024-06-14 21:38:55,6849.0,30.8697976
2024-06-14 21:38:56,6850.0,30.83837407407407
2024-06-14 21:38:57,6851.0,30.805336325925925
2024-06-14 21:38:58,6852.0,30.771007199999996
2024-06-14 21:38:59,6853.0,30.73570954074074
2024-06-14 21:39:00,6854.0,30.69976619259259
2024-06-14 21:39:01,6855.0,30.663499999999996
2024-06-14 21:39:02,6856.0,30.627233807407404
2024-06-14 21:39:03,6857.0,30.591290459259255
2024-06-14 21:39:04,6858.0,30.555992799999995
2024-06-14 21:39:05,6859.0,30.52166367407407
2024-06-14 21:39:06,6860.0,30.488625925925923
2024-06-14 21:39:07,6861.0,30.457202399999996
2024-06-14 21:39:08,6862.0,30.42771594074074
2024-06-14 21:39:09,6863.0,30.40048939259259
2024-06-14 21:39:10,6864.0,30.375845599999998
2024-06-14 21:39:11,6865.0,30.354107407407405
2024-06-14 21:39:12,6866.0,30.335597659259257
2024-06-14 21:39:13,6867.0,30.320639199999995
2024-06-14 21:39:14,6868.0,30.30955487407407
2024-06-14 21:39:15,6869.0,30.30266752592592
2024-06-14 21:39:16,6870.0,30.300299999999996
2024-06-14 21:39:17,6871.0,30.301233386666663
2024-06-14 21:39:18,6872.0,30.30394869333333
2024-06-14 21:39:19,6873.0,30.308318639999996
2024-06-14 21:39:20,6874.0,30.314215946666664
2024-06-14 21:39:21,6875.0,30.321513333333332
2024-06-14 21:39:22,6876.0,30.33008352
2024-06-14 21:39:23,6877.0,30.339799226666663
2024-06-14 21:39:24,6878.0,30.350533173333332
2024-06-14 21:39:25,6879.0,30.362158079999997
2024-06-14 21:39:26,6880.0,30.374546666666664
2024-06-14 21:39:27,6881.0,30.387571653333328
2024-06-14 21:39:28,6882.0,30.401105759999997
2024-06-14 21:39:29,6883.0,30.415021706666664
2024-06-14 21:39:30,6884.0,30.42919221333333
2024-06-14 21:39:31,6885.0,30.443489999999997
2024-06-14 21:39:32,6886.0,30.457787786666664
2024-06-14 21:39:33,6887.0,30.47195829333333
2024-06-14 21:39:34,6888.0,30.485874239999998
2024-06-14 21:39:35,6889.0,30.499408346666666
2024-06-14 21:39:36,6890.0,30.51243333333333
2024-06-14 21:39:37,6891.0,30.524821919999997
2024-06-14 21:39:38,6892.0,30.536446826666666
2024-06-14 21:39:39,6893.0,30.54718077333333
2024-06-14 21:39:40,6894.0,30.556896479999995
2024-06-14 21:39:41,6895.0,30.565466666666666
2024-06-14 21:39:42,6896.0,30.57276405333333
2024-06-14 21:39:43,6897.0,30.578661359999998
2024-06-14 21:39:44,6898.0,30.583031306666665
2024-06-14 21:39:45,6899.0,30.58574661333333
2024-06-14 21:39:46,6900.0,30.586679999999998
2024-06-14 21:39:47,6901.0,30.58635155575857
2024-06-14 21:39:48,6902.0,30.585389000017763
2024-06-14 21:39:49,6903.0,30.58382649825283
2024-06-14 21:39:50,6904.0,30.581698215939
2024-06-14 21:39:51,6905.0,30.579038318551515
2024-06-14 21:39:52,6906.0,30.575880971565617
2024-06-14 21:39:53,6907.0,30.57226034045654
2024-06-14 21:39:54,6908.0,30.568210590699525
2024-06-14 21:39:55,6909.0,30.56376588776981
2024-06-14 21:39:56,6910.0,30.558960397142638
2024-06-14 21:39:57,6911.0,30.55382828429324
2024-06-14 21:39:58,6912.0,30.548403714696857
2024-06-14 21:39:59,6913.0,30.54272085382873
2024-06-14 21:40:00,6914.0,30.536813867164096
2024-06-14 21:40:01,6915.0,30.530716920178197
2024-06-14 21:40:02,6916.0,30.52446417834627
2024-06-14 21:40:03,6917.0,30.518089807143554
2024-06-14 21:40:04,6918.0,30.511627972045282
2024-06-14 21:40:05,6919.0,30.505112838526703
2024-06-14 21:40:06,6920.0,30.49857857206305
2024-06-14 21:40:07,6921.0,30.49205933812956
2024-06-14 21:40:08,6922.0,30.485589302201475
2024-06-14 21:40:09,6923.0,30.47920262975403
2024-06-14 21:40:10,6924.0,30.47293348626247
2024-06-14 21:40:11,6925.0,30.466816037202033
2024-06-14 21:40:12,6926.0,30.460884448047953
2024-06-14 21:40:13,6927.0,30.45517288427547
2024-06-14 21:40:14,6928.0,30.44971551135982
2024-06-14 21:40:15,6929.0,30.44454649477625
2024-06-14 21:40:16,6930.0,30.43969999999999
2024-06-14 21:40:17,6931.0,30.434895660482994
2024-06-14 21:40:18,6932.0,30.429849277380907
2024-06-14 21:40:19,6933.0,30.424589267724514
2024-06-14 21:40:20,6934.0,30.419144048544624
2024-06-14 21:40:21,6935.0,30.413542036872023
2024-06-14 21:40:22,6936.0,30.40781164973751
2024-06-14 21:40:23,6937.0,30.401981304171876
2024-06-14 21:40:24,6938.0,30.396079417205918
2024-06-14 21:40:25,6939.0,30.390134405870423
2024-06-14 21:40:26,6940.0,30.384174687196197
2024-06-14 21:40:27,6941.0,30.378228678214025
2024-06-14 21:40:28,6942.0,30.372324795954704
2024-06-14 21:40:29,6943.0,30.36649145744903
2024-06-14 21:40:30,6944.0,30.360757079727794
2024-06-14 21:40:31,6945.0,30.35515007982179
2024-06-14 21:40:32,6946.0,30.34969887476182
2024-06-14 21:40:33,6947.0,30.34443188157867
2024-06-14 21:40:34,6948.0,30.339377517303138
2024-06-14 21:40:35,6949.0,30.334564198966014
2024-06-14 21:40:36,6950.0,30.330020343598097
2024-06-14 21:40:37,6951.0,30.32577436823018
2024-06-14 21:40:38,6952.0,30.321854689893062
2024-06-14 21:40:39,6953.0,30.318289725617532
2024-06-14 21:40:40,6954.0,30.31510789243438
2024-06-14 21:40:41,6955.0,30.312337607374406
2024-06-14 21:40:42,6956.0,30.310007287468405
2024-06-14 21:40:43,6957.0,30.30814534974717
2024-06-14 21:40:44,6958.0,30.306780211241495
2024-06-14 21:40:45,6959.0,30.30594028898217
2024-06-14 21:40:46,6960.0,30.305654
2024-06-14 21:40:47,6961.0,30.30798279288889
2024-06-14 21:40:48,6962.0,30.31475746311111
2024-06-14 21:40:49,6963.0,30.325660448
2024-06-14 21:40:50,6964.0,30.34037418488889
2024-06-14 21:40:51,6965.0,30.35858111111111
2024-06-14 21:40:52,6966.0,30.379963664
2024-06-14 21:40:53,6967.0,30.40420428088889
2024-06-14 21:40:54,6968.0,30.430985399111112
2024-06-14 21:40:55,6969.0,30.459989456
2024-06-14 21:40:56,6970.0,30.49089888888889
2024-06-14 21:40:57,6971.0,30.52339613511111
2024-06-14 21:40:58,6972.0,30.557163631999998
2024-06-14 21:40:59,6973.0,30.59188381688889
2024-06-14 21:41:00,6974.0,30.62723912711111
2024-06-14 21:41:01,6975.0,30.662912
2024-06-14 21:41:02,6976.0,30.698584872888887
2024-06-14 21:41:03,6977.0,30.73394018311111
2024-06-14 21:41:04,6978.0,30.768660368
2024-06-14 21:41:05,6979.0,30.802427864888887
2024-06-14 21:41:06,6980.0,30.834925111111108
2024-06-14 21:41:07,6981.0,30.865834543999995
2024-06-14 21:41:08,6982.0,30.894838600888885
2024-06-14 21:41:09,6983.0,30.92161971911111
2024-06-14 21:41:10,6984.0,30.945860336
2024-06-14 21:41:11,6985.0,30.967242888888883
2024-06-14 21:41:12,6986.0,30.98544981511111
2024-06-14 21:41:13,6987.0,31.000163551999993
2024-06-14 21:41:14,6988.0,31.011066536888883
2024-06-14 21:41:15,6989.0,31.017841207111108
2024-06-14 21:41:16,6990.0,31.020169999999997
2024-06-14 21:41:17,6991.0,31.02014575111111
2024-06-14 21:41:18,6992.0,31.020075208888883
2024-06-14 21:41:19,6993.0,31.019961679999994
2024-06-14 21:41:20,6994.0,31.01980847111111
2024-06-14 21:41:21,6995.0,31.019618888888886
2024-06-14 21:41:22,6996.0,31.01939624
2024-06-14 21:41:23,6997.0,31.01914383111111
2024-06-14 21:41:24,6998.0,31.018864968888884
2024-06-14 21:41:25,6999.0,31.018562959999997
2024-06-14 21:41:26,7000.0,31.01824111111111
2024-06-14 21:41:27,7001.0,31.017902728888888
2024-06-14 21:41:28,7002.0,31.017551119999997
2024-06-14 21:41:29,7003.0,31.017189591111105
2024-06-14 21:41:30,7004.0,31.016821448888887
2024-06-14 21:41:31,7005.0,31.01645
2024-06-14 21:41:32,7006.0,31.01607855111111
2024-06-14 21:41:33,7007.0,31.015710408888886
2024-06-14 21:41:34,7008.0,31.015348879999998
2024-06-14 21:41:35,7009.0,31.014997271111106
2024-06-14 21:41:36,7010.0,31.01465888888889
2024-06-14 21:41:37,7011.0,31.014337039999997
2024-06-14 21:41:38,7012.0,31.01403503111111
2024-06-14 21:41:39,7013.0,31.013756168888886
2024-06-14 21:41:40,7014.0,31.013503759999995
2024-06-14 21:41:41,7015.0,31.01328111111111
2024-06-14 21:41:42,7016.0,31.013091528888886
2024-06-14 21:41:43,7017.0,31.012938319999996
2024-06-14 21:41:44,7018.0,31.012824791111107
2024-06-14 21:41:45,7019.0,31.012754248888886
2024-06-14 21:41:46,7020.0,31.012729999999998
2024-06-14 21:41:47,7021.0,31.012958669567713
2024-06-14 21:41:48,7022.0,31.013634544537386
2024-06-14 21:41:49,7023.0,31.0147424243088
2024-06-14 21:41:50,7024.0,31.01626710828174
2024-06-14 21:41:51,7025.0,31.018193395855974
2024-06-14 21:41:52,7026.0,31.0205060864313
2024-06-14 21:41:53,7027.0,31.023189979407494
2024-06-14 21:41:54,7028.0,31.02622987418434
2024-06-14 21:41:55,7029.0,31.02961057016162
2024-06-14 21:41:56,7030.0,31.03331686673912
2024-06-14 21:41:57,7031.0,31.037333563316622
2024-06-14 21:41:58,7032.0,31.041645459293903
2024-06-14 21:41:59,7033.0,31.046237354070744
2024-06-14 21:42:00,7034.0,31.05109404704694
2024-06-14 21:42:01,7035.0,31.056200337622265
2024-06-14 21:42:02,7036.0,31.061541025196505
2024-06-14 21:42:03,7037.0,31.06710090916944
2024-06-14 21:42:04,7038.0,31.07286478894085
2024-06-14 21:42:05,7039.0,31.078817463910525
2024-06-14 21:42:06,7040.0,31.084943733478244
2024-06-14 21:42:07,7041.0,31.091228397043785
2024-06-14 21:42:08,7042.0,31.09765625400694
2024-06-14 21:42:09,7043.0,31.10421210376748
2024-06-14 21:42:10,7044.0,31.1108807457252
2024-06-14 21:42:11,7045.0,31.117646979279876
2024-06-14 21:42:12,7046.0,31.124495603831292
2024-06-14 21:42:13,7047.0,31.131411418779226
2024-06-14 21:42:14,7048.0,31.13837922352347
2024-06-14 21:42:15,7049.0,31.1453838174638
2024-06-14 21:42:16,7050.0,31.152409999999996
2024-06-14 21:42:17,7051.0,31.160384952906565
2024-06-14 21:42:18,7052.0,31.170149606106154
2024-06-14 21:42:19,7053.0,31.181559381220765
2024-06-14 21:42:20,7054.0,31.194469699872403
2024-06-14 21:42:21,7055.0,31.208735983683077
2024-06-14 21:42:22,7056.0,31.22421365427479
2024-06-14 21:42:23,7057.0,31.240758133269548
2024-06-14 21:42:24,7058.0,31.25822484228935
2024-06-14 21:42:25,7059.0,31.27646920295621
2024-06-14 21:42:26,7060.0,31.29534663689212
2024-06-14 21:42:27,7061.0,31.314712565719095
2024-06-14 21:42:28,7062.0,31.33442241105914
2024-06-14 21:42:29,7063.0,31.35433159453426
2024-06-14 21:42:30,7064.0,31.37429553776645
2024-06-14 21:42:31,7065.0,31.394169662377724
2024-06-14 21:42:32,7066.0,31.41380938999009
2024-06-14 21:42:33,7067.0,31.43307014222554
2024-06-14 21:42:34,7068.0,31.45180734070609
2024-06-14 21:42:35,7069.0,31.469876407053743
2024-06-14 21:42:36,7070.0,31.487132762890504
2024-06-14 21:42:37,7071.0,31.50343182983837
2024-06-14 21:42:38,7072.0,31.51862902951936
2024-06-14 21:42:39,7073.0,31.532579783555462
2024-06-14 21:42:40,7074.0,31.545139513568692
2024-06-14 21:42:41,7075.0,31.556163641181055
2024-06-14 21:42:42,7076.0,31.565507588014555
2024-06-14 21:42:43,7077.0,31.573026775691194
2024-06-14 21:42:44,7078.0,31.578576625832973
2024-06-14 21:42:45,7079.0,31.582012560061905
2024-06-14 21:42:46,7080.0,31.583189999999995
2024-06-14 21:42:47,7081.0,31.581050269695066
2024-06-14 21:42:48,7082.0,31.574796960354895
2024-06-14 21:42:49,7083.0,31.564678894341434
2024-06-14 21:42:50,7084.0,31.55094489401662
2024-06-14 21:42:51,7085.0,31.533843781742384
2024-06-14 21:42:52,7086.0,31.513624379880675
2024-06-14 21:42:53,7087.0,31.490535510793425
2024-06-14 21:42:54,7088.0,31.46482599684258
2024-06-14 21:42:55,7089.0,31.43674466039008
2024-06-14 21:42:56,7090.0,31.40654032379786
2024-06-14 21:42:57,7091.0,31.374461809427864
2024-06-14 21:42:58,7092.0,31.340757939642028
2024-06-14 21:42:59,7093.0,31.305677536802296
2024-06-14 21:43:00,7094.0,31.269469423270603
2024-06-14 21:43:01,7095.0,31.232382421408893
2024-06-14 21:43:02,7096.0,31.194665353579104
2024-06-14 21:43:03,7097.0,31.156567042143173
2024-06-14 21:43:04,7098.0,31.118336309463047
2024-06-14 21:43:05,7099.0,31.080221977900656
2024-06-14 21:43:06,7100.0,31.042472869817946
2024-06-14 21:43:07,7101.0,31.00533780757686
2024-06-14 21:43:08,7102.0,30.969065613539332
2024-06-14 21:43:09,7103.0,30.9339051100673
2024-06-14 21:43:10,7104.0,30.90010511952271
2024-06-14 21:43:11,7105.0,30.867914464267496
2024-06-14 21:43:12,7106.0,30.8375819666636
2024-06-14 21:43:13,7107.0,30.809356449072965
2024-06-14 21:43:14,7108.0,30.783486733857526
2024-06-14 21:43:15,7109.0,30.760221643379225
2024-06-14 21:43:16,7110.0,30.739810000000002
2024-06-14 21:43:17,7111.0,30.720755055880037
2024-06-14 21:43:18,7112.0,30.701436726883216
2024-06-14 21:43:19,7113.0,30.681918830927035
2024-06-14 21:43:20,7114.0,30.66226518592899
2024-06-14 21:43:21,7115.0,30.64253960980658
2024-06-14 21:43:22,7116.0,30.622805920477298
2024-06-14 21:43:23,7117.0,30.603127935858627
2024-06-14 21:43:24,7118.0,30.58356947386808
2024-06-14 21:43:25,7119.0,30.564194352423144
2024-06-14 21:43:26,7120.0,30.54506638944131
2024-06-14 21:43:27,7121.0,30.526249402840083
2024-06-14 21:43:28,7122.0,30.507807210536953
2024-06-14 21:43:29,7123.0,30.489803630449416
2024-06-14 21:43:30,7124.0,30.47230248049497
2024-06-14 21:43:31,7125.0,30.455367578591108
2024-06-14 21:43:32,7126.0,30.439062742655324
2024-06-14 21:43:33,7127.0,30.423451790605114
2024-06-14 21:43:34,7128.0,30.40859854035797
2024-06-14 21:43:35,7129.0,30.394566809831396
2024-06-14 21:43:36,7130.0,30.381420416942877
2024-06-14 21:43:37,7131.0,30.369223179609918
2024-06-14 21:43:38,7132.0,30.358038915750008
2024-06-14 21:43:39,7133.0,30.347931443280647
2024-06-14 21:43:40,7134.0,30.338964580119324
2024-06-14 21:43:41,7135.0,30.331202144183536
2024-06-14 21:43:42,7136.0,30.324707953390785
2024-06-14 21:43:43,7137.0,30.319545825658558
2024-06-14 21:43:44,7138.0,30.31577957890436
2024-06-14 21:43:45,7139.0,30.31347303104567
2024-06-14 21:43:46,7140.0,30.31269
2024-06-14 21:43:47,7141.0,30.31497034074074
2024-06-14 21:43:48,7142.0,30.321604059259258
2024-06-14 21:43:49,7143.0,30.3322802
2024-06-14 21:43:50,7144.0,30.346687807407406
2024-06-14 21:43:51,7145.0,30.364515925925925
2024-06-14 21:43:52,7146.0,30.385453599999998
2024-06-14 21:43:53,7147.0,30.409189874074073
2024-06-14 21:43:54,7148.0,30.43541379259259
2024-06-14 21:43:55,7149.0,30.463814399999997
2024-06-14 21:43:56,7150.0,30.49408074074074
2024-06-14 21:43:57,7151.0,30.525901859259257
2024-06-14 21:43:58,7152.0,30.558966799999997
2024-06-14 21:43:59,7153.0,30.592964607407403
2024-06-14 21:44:00,7154.0,30.627584325925923
2024-06-14 21:44:01,7155.0,30.662515
2024-06-14 21:44:02,7156.0,30.69744567407407
2024-06-14 21:44:03,7157.0,30.732065392592588
2024-06-14 21:44:04,7158.0,30.766063199999998
2024-06-14 21:44:05,7159.0,30.799128140740738
2024-06-14 21:44:06,7160.0,30.830949259259253
2024-06-14 21:44:07,7161.0,30.861215599999994
2024-06-14 21:44:08,7162.0,30.889616207407403
2024-06-14 21:44:09,7163.0,30.91584012592592
2024-06-14 21:44:10,7164.0,30.939576399999993
2024-06-14 21:44:11,7165.0,30.96051407407407
2024-06-14 21:44:12,7166.0,30.97834219259259
2024-06-14 21:44:13,7167.0,30.99274979999999
2024-06-14 21:44:14,7168.0,31.003425940740737
2024-06-14 21:44:15,7169.0,31.010059659259255
2024-06-14 21:44:16,7170.0,31.012339999999995
2024-06-14 21:44:17,7171.0,31.011001422222215
2024-06-14 21:44:18,7172.0,31.00710737777777
2024-06-14 21:44:19,7173.0,31.000840399999994
2024-06-14 21:44:20,7174.0,30.992383022222217
2024-06-14 21:44:21,7175.0,30.981917777777774
2024-06-14 21:44:22,7176.0,30.969627199999994
2024-06-14 21:44:23,7177.0,30.95569382222222
2024-06-14 21:44:24,7178.0,30.940300177777775
2024-06-14 21:44:25,7179.0,30.923628799999996
2024-06-14 21:44:26,7180.0,30.90586222222222
2024-06-14 21:44:27,7181.0,30.887182977777776
2024-06-14 21:44:28,7182.0,30.867773599999996
2024-06-14 21:44:29,7183.0,30.84781662222222
2024-06-14 21:44:30,7184.0,30.827494577777777
2024-06-14 21:44:31,7185.0,30.80699
2024-06-14 21:44:32,7186.0,30.786485422222224
2024-06-14 21:44:33,7187.0,30.76616337777778
2024-06-14 21:44:34,7188.0,30.746206400000002
2024-06-14 21:44:35,7189.0,30.72679702222222
2024-06-14 21:44:36,7190.0,30.70811777777778
2024-06-14 21:44:37,7191.0,30.690351200000002
2024-06-14 21:44:38,7192.0,30.673679822222223
2024-06-14 21:44:39,7193.0,30.65828617777778
2024-06-14 21:44:40,7194.0,30.644352800000004
2024-06-14 21:44:41,7195.0,30.632062222222224
2024-06-14 21:44:42,7196.0,30.62159697777778
2024-06-14 21:44:43,7197.0,30.613139600000004
2024-06-14 21:44:44,7198.0,30.606872622222227
2024-06-14 21:44:45,7199.0,30.60297857777778
2024-06-14 21:44:46,7200.0,30.601640000000003
2024-06-14 21:44:47,7201.0,30.605756020740746
2024-06-14 21:44:48,7202.0,30.617729899259263
2024-06-14 21:44:49,7203.0,30.637000360000005
2024-06-14 21:44:50,7204.0,30.66300612740741
2024-06-14 21:44:51,7205.0,30.69518592592593
2024-06-14 21:44:52,7206.0,30.732978480000003
2024-06-14 21:44:53,7207.0,30.77582251407408
2024-06-14 21:44:54,7208.0,30.823156752592595
2024-06-14 21:44:55,7209.0,30.87441992
2024-06-14 21:44:56,7210.0,30.929050740740742
2024-06-14 21:44:57,7211.0,30.986487939259263
2024-06-14 21:44:58,7212.0,31.046170240000002
2024-06-14 21:44:59,7213.0,31.10753636740741
2024-06-14 21:45:00,7214.0,31.17002504592593
2024-06-14 21:45:01,7215.0,31.233075000000003
2024-06-14 21:45:02,7216.0,31.296124954074077
2024-06-14 21:45:03,7217.0,31.358613632592593
2024-06-14 21:45:04,7218.0,31.419979760000004
2024-06-14 21:45:05,7219.0,31.479662060740747
2024-06-14 21:45:06,7220.0,31.537099259259264
2024-06-14 21:45:07,7221.0,31.591730080000005
2024-06-14 21:45:08,7222.0,31.64299324740741
2024-06-14 21:45:09,7223.0,31.69032748592593
2024-06-14 21:45:10,7224.0,31.733171520000006
2024-06-14 21:45:11,7225.0,31.770964074074072
2024-06-14 21:45:12,7226.0,31.803143872592592
2024-06-14 21:45:13,7227.0,31.829149640000004
2024-06-14 21:45:14,7228.0,31.848420100740746
2024-06-14 21:45:15,7229.0,31.86039397925926
2024-06-14 21:45:16,7230.0,31.864510000000003
2024-06-14 21:45:17,7231.0,31.86253640609372
2024-06-14 21:45:18,7232.0,31.856755833496052
2024-06-14 21:45:19,7233.0,31.84737859588875
2024-06-14 21:45:20,7234.0,31.834615006953573
2024-06-14 21:45:21,7235.0,31.81867538037229
2024-06-14 21:45:22,7236.0,31.799770029826654
2024-06-14 21:45:23,7237.0,31.778109268998424
2024-06-14 21:45:24,7238.0,31.75390341156936
2024-06-14 21:45:25,7239.0,31.727362771221223
2024-06-14 21:45:26,7240.0,31.69869766163577
2024-06-14 21:45:27,7241.0,31.668118396494762
2024-06-14 21:45:28,7242.0,31.635835289479957
2024-06-14 21:45:29,7243.0,31.602058654273115
2024-06-14 21:45:30,7244.0,31.566998804555997
2024-06-14 21:45:31,7245.0,31.53086605401036
2024-06-14 21:45:32,7246.0,31.49387071631796
2024-06-14 21:45:33,7247.0,31.456223105160568
2024-06-14 21:45:34,7248.0,31.418133534219933
2024-06-14 21:45:35,7249.0,31.379812317177816
2024-06-14 21:45:36,7250.0,31.341469767715978
2024-06-14 21:45:37,7251.0,31.303316199516182
2024-06-14 21:45:38,7252.0,31.26556192626018
2024-06-14 21:45:39,7253.0,31.228417261629733
2024-06-14 21:45:40,7254.0,31.192092519306605
2024-06-14 21:45:41,7255.0,31.15679801297255
2024-06-14 21:45:42,7256.0,31.122744056309333
2024-06-14 21:45:43,7257.0,31.09014096299871
2024-06-14 21:45:44,7258.0,31.05919904672244
2024-06-14 21:45:45,7259.0,31.030128621162284
2024-06-14 21:45:46,7260.0,31.00314
2024-06-14 21:45:47,7261.0,30.976655912171044
2024-06-14 21:45:48,7262.0,30.949053219944222
2024-06-14 21:45:49,7263.0,30.920473437001288
2024-06-14 21:45:50,7264.0,30.891058077024
2024-06-14 21:45:51,7265.0,30.86094865369411
2024-06-14 21:45:52,7266.0,30.83028668069339
2024-06-14 21:45:53,7267.0,30.799213671703598
2024-06-14 21:45:54,7268.0,30.767871140406488
2024-06-14 21:45:55,7269.0,30.73640060048382
2024-06-14 21:45:56,7270.0,30.704943565617352
2024-06-14 21:45:57,7271.0,30.67364154948885
2024-06-14 21:45:58,7272.0,30.642636065780067
2024-06-14 21:45:59,7273.0,30.612068628172764
2024-06-14 21:46:00,7274.0,30.582080750348705
2024-06-14 21:46:01,7275.0,30.55281394598964
2024-06-14 21:46:02,7276.0,30.524409728777336
2024-06-14 21:46:03,7277.0,30.49700961239355
2024-06-14 21:46:04,7278.0,30.470755110520045
2024-06-14 21:46:05,7279.0,30.445787736838575
2024-06-14 21:46:06,7280.0,30.422249005030896
2024-06-14 21:46:07,7281.0,30.400280428778775
2024-06-14 21:46:08,7282.0,30.380023521763974
2024-06-14 21:46:09,7283.0,30.361619797668244
2024-06-14 21:46:10,7284.0,30.34521077017335
2024-06-14 21:46:11,7285.0,30.330937952961044
2024-06-14 21:46:12,7286.0,30.318942859713093
2024-06-14 21:46:13,7287.0,30.309367004111255
2024-06-14 21:46:14,7288.0,30.302351899837284
2024-06-14 21:46:15,7289.0,30.298039060572947
2024-06-14 21:46:16,7290.0,30.29657
2024-06-14 21:46:17,7291.0,30.297296596076347
2024-06-14 21:46:18,7292.0,30.299420349597543
2024-06-14 21:46:19,7293.0,30.30285720850181
2024-06-14 21:46:20,7294.0,30.307523120727378
2024-06-14 21:46:21,7295.0,30.31333403421247
2024-06-14 21:46:22,7296.0,30.32020589689532
2024-06-14 21:46:23,7297.0,30.328054656714148
2024-06-14 21:46:24,7298.0,30.336796261607187
2024-06-14 21:46:25,7299.0,30.34634665951266
2024-06-14 21:46:26,7300.0,30.356621798368796
2024-06-14 21:46:27,7301.0,30.367537626113823
2024-06-14 21:46:28,7302.0,30.37901009068596
2024-06-14 21:46:29,7303.0,30.390955140023443
2024-06-14 21:46:30,7304.0,30.403288722064495
2024-06-14 21:46:31,7305.0,30.415926784747345
2024-06-14 21:46:32,7306.0,30.428785276010217
2024-06-14 21:46:33,7307.0,30.441780143791338
2024-06-14 21:46:34,7308.0,30.45482733602894
2024-06-14 21:46:35,7309.0,30.46784280066125
2024-06-14 21:46:36,7310.0,30.480742485626486
2024-06-14 21:46:37,7311.0,30.49344233886288
2024-06-14 21:46:38,7312.0,30.50585830830866
2024-06-14 21:46:39,7313.0,30.51790634190205
2024-06-14 21:46:40,7314.0,30.529502387581285
2024-06-14 21:46:41,7315.0,30.54056239328458
2024-06-14 21:46:42,7316.0,30.551002306950167
2024-06-14 21:46:43,7317.0,30.56073807651628
2024-06-14 21:46:44,7318.0,30.56968564992114
2024-06-14 21:46:45,7319.0,30.57776097510297
2024-06-14 21:46:46,7320.0,30.584880000000002
2024-06-14 21:46:47,7321.0,30.591552213045183
2024-06-14 21:46:48,7322.0,30.598327721930715
2024-06-14 21:46:49,7323.0,30.60518340348372
2024-06-14 21:46:50,7324.0,30.612096134531317
2024-06-14 21:46:51,7325.0,30.619042791900608
2024-06-14 21:46:52,7326.0,30.62600025241872
2024-06-14 21:46:53,7327.0,30.632945392912767
2024-06-14 21:46:54,7328.0,30.639855090209863
2024-06-14 21:46:55,7329.0,30.646706221137123
2024-06-14 21:46:56,7330.0,30.653475662521668
2024-06-14 21:46:57,7331.0,30.660140291190608
2024-06-14 21:46:58,7332.0,30.66667698397106
2024-06-14 21:46:59,7333.0,30.673062617690142
2024-06-14 21:47:00,7334.0,30.679274069174966
2024-06-14 21:47:01,7335.0,30.685288215252655
2024-06-14 21:47:02,7336.0,30.69108193275032
2024-06-14 21:47:03,7337.0,30.696632098495076
2024-06-14 21:47:04,7338.0,30.701915589314037
2024-06-14 21:47:05,7339.0,30.706909282034324
2024-06-14 21:47:06,7340.0,30.711590053483054
2024-06-14 21:47:07,7341.0,30.715934780487338
2024-06-14 21:47:08,7342.0,30.71992033987429
2024-06-14 21:47:09,7343.0,30.72352360847103
2024-06-14 21:47:10,7344.0,30.726721463104678
2024-06-14 21:47:11,7345.0,30.729490780602344
2024-06-14 21:47:12,7346.0,30.731808437791138
2024-06-14 21:47:13,7347.0,30.73365131149819
2024-06-14 21:47:14,7348.0,30.734996278550607
2024-06-14 21:47:15,7349.0,30.735820215775504
2024-06-14 21:47:16,7350.0,30.736099999999997
2024-06-14 21:47:17,7351.0,30.73564305185185
2024-06-14 21:47:18,7352.0,30.734313748148146
2024-06-14 21:47:19,7353.0,30.732174399999998
2024-06-14 21:47:20,7354.0,30.729287318518516
2024-06-14 21:47:21,7355.0,30.72571481481481
2024-06-14 21:47:22,7356.0,30.721519199999996
2024-06-14 21:47:23,7357.0,30.716762785185182
2024-06-14 21:47:24,7358.0,30.71150788148148
2024-06-14 21:47:25,7359.0,30.705816799999997
2024-06-14 21:47:26,7360.0,30.699751851851847
2024-06-14 21:47:27,7361.0,30.693375348148145
2024-06-14 21:47:28,7362.0,30.686749599999995
2024-06-14 21:47:29,7363.0,30.679936918518514
2024-06-14 21:47:30,7364.0,30.67299961481481
2024-06-14 21:47:31,7365.0,30.665999999999997
2024-06-14 21:47:32,7366.0,30.65900038518518
2024-06-14 21:47:33,7367.0,30.652063081481476
2024-06-14 21:47:34,7368.0,30.645250399999995
2024-06-14 21:47:35,7369.0,30.638624651851845
2024-06-14 21:47:36,7370.0,30.63224814814814
2024-06-14 21:47:37,7371.0,30.626183199999996
2024-06-14 21:47:38,7372.0,30.620492118518513
2024-06-14 21:47:39,7373.0,30.615237214814808
2024-06-14 21:47:40,7374.0,30.610480799999994
2024-06-14 21:47:41,7375.0,30.60628518518518
2024-06-14 21:47:42,7376.0,30.602712681481474
2024-06-14 21:47:43,7377.0,30.599825599999992
2024-06-14 21:47:44,7378.0,30.597686251851847
2024-06-14 21:47:45,7379.0,30.59635694814814
2024-06-14 21:47:46,7380.0,30.595899999999993
2024-06-14 21:47:47,7381.0,30.596146885933493
2024-06-14 21:47:48,7382.0,30.596874305827445
2024-06-14 21:47:49,7383.0,30.598062402822052
2024-06-14 21:47:50,7384.0,30.599691320057513
2024-06-14 21:47:51,7385.0,30.601741200674013
2024-06-14 21:47:52,7386.0,30.60419218781176
2024-06-14 21:47:53,7387.0,30.607024424610945
2024-06-14 21:47:54,7388.0,30.61021805421176
2024-06-14 21:47:55,7389.0,30.613753219754408
2024-06-14 21:47:56,7390.0,30.617610064379083
2024-06-14 21:47:57,7391.0,30.621768731225977
2024-06-14 21:47:58,7392.0,30.626209363435294
2024-06-14 21:47:59,7393.0,30.63091210414722
2024-06-14 21:48:00,7394.0,30.63585709650196
2024-06-14 21:48:01,7395.0,30.641024483639704
2024-06-14 21:48:02,7396.0,30.646394408700655
2024-06-14 21:48:03,7397.0,30.651947014825
2024-06-14 21:48:04,7398.0,30.657662445152944
2024-06-14 21:48:05,7399.0,30.663520842824678
2024-06-14 21:48:06,7400.0,30.669502350980395
2024-06-14 21:48:07,7401.0,30.675587112760297
2024-06-14 21:48:08,7402.0,30.681755271304578
2024-06-14 21:48:09,7403.0,30.687986969753435
2024-06-14 21:48:10,7404.0,30.694262351247062
2024-06-14 21:48:11,7405.0,30.700561558925656
2024-06-14 21:48:12,7406.0,30.706864735929415
2024-06-14 21:48:13,7407.0,30.713152025398532
2024-06-14 21:48:14,7408.0,30.719403570473204
2024-06-14 21:48:15,7409.0,30.725599514293627
2024-06-14 21:48:16,7410.0,30.73172
2024-06-14 21:48:17,7411.0,30.73830085607674
2024-06-14 21:48:18,7412.0,30.745836059156424
2024-06-14 21:48:19,7413.0,30.754242974601464
2024-06-14 21:48:20,7414.0,30.76343896777429
2024-06-14 21:48:21,7415.0,30.773341404037307
2024-06-14 21:48:22,7416.0,30.78386764875294
2024-06-14 21:48:23,7417.0,30.7949350672836
2024-06-14 21:48:24,7418.0,30.806461024991716
2024-06-14 21:48:25,7419.0,30.818362887239697
2024-06-14 21:48:26,7420.0,30.83055801938997
2024-06-14 21:48:27,7421.0,30.842963786804948
2024-06-14 21:48:28,7422.0,30.85549755484705
2024-06-14 21:48:29,7423.0,30.8680766888787
2024-06-14 21:48:30,7424.0,30.880618554262306
2024-06-14 21:48:31,7425.0,30.89304051636029
2024-06-14 21:48:32,7426.0,30.905259940535068
2024-06-14 21:48:33,7427.0,30.91719419214907
2024-06-14 21:48:34,7428.0,30.928760636564697
2024-06-14 21:48:35,7429.0,30.939876639144384
2024-06-14 21:48:36,7430.0,30.950459565250544
2024-06-14 21:48:37,7431.0,30.960426780245584
2024-06-14 21:48:38,7432.0,30.969695649491936
2024-06-14 21:48:39,7433.0,30.97818353835201
2024-06-14 21:48:40,7434.0,30.985807812188234
2024-06-14 21:48:41,7435.0,30.992485836363016
2024-06-14 21:48:42,7436.0,30.998134976238774
2024-06-14 21:48:43,7437.0,31.002672597177934
2024-06-14 21:48:44,7438.0,31.00601606454292
2024-06-14 21:48:45,7439.0,31.00808274369613
2024-06-14 21:48:46,7440.0,31.008789999999998
2024-06-14 21:48:47,7441.0,31.005597457777775
2024-06-14 21:48:48,7442.0,30.996310062222218
2024-06-14 21:48:49,7443.0,30.981363159999997
2024-06-14 21:48:50,7444.0,30.961192097777776
2024-06-14 21:48:51,7445.0,30.93623222222222
2024-06-14 21:48:52,7446.0,30.906918879999996
2024-06-14 21:48:53,7447.0,30.873687417777777
2024-06-14 21:48:54,7448.0,30.836973182222223
2024-06-14 21:48:55,7449.0,30.797211519999998
2024-06-14 21:48:56,7450.0,30.754837777777777
2024-06-14 21:48:57,7451.0,30.71028730222222
2024-06-14 21:48:58,7452.0,30.66399544
2024-06-14 21:48:59,7453.0,30.61639753777778
2024-06-14 21:49:00,7454.0,30.56792894222222
2024-06-14 21:49:01,7455.0,30.519025
2024-06-14 21:49:02,7456.0,30.470121057777778
2024-06-14 21:49:03,7457.0,30.421652462222223
2024-06-14 21:49:04,7458.0,30.37405456
2024-06-14 21:49:05,7459.0,30.327762697777775
2024-06-14 21:49:06,7460.0,30.28321222222222
2024-06-14 21:49:07,7461.0,30.24083848
2024-06-14 21:49:08,7462.0,30.201076817777775
2024-06-14 21:49:09,7463.0,30.16436258222222
2024-06-14 21:49:10,7464.0,30.13113112
2024-06-14 21:49:11,7465.0,30.10181777777778
2024-06-14 21:49:12,7466.0,30.076857902222223
2024-06-14 21:49:13,7467.0,30.05668684
2024-06-14 21:49:14,7468.0,30.041739937777777
2024-06-14 21:49:15,7469.0,30.032452542222224
2024-06-14 21:49:16,7470.0,30.02926
2024-06-14 21:49:17,7471.0,30.03340884148148
2024-06-14 21:49:18,7472.0,30.04547819851852
2024-06-14 21:49:19,7473.0,30.06490232
2024-06-14 21:49:20,7474.0,30.091115454814815
2024-06-14 21:49:21,7475.0,30.12355185185185
2024-06-14 21:49:22,7476.0,30.16164576
2024-06-14 21:49:23,7477.0,30.204831428148147
2024-06-14 21:49:24,7478.0,30.252543105185186
2024-06-14 21:49:25,7479.0,30.30421504
2024-06-14 21:49:26,7480.0,30.359281481481478
2024-06-14 21:49:27,7481.0,30.41717667851852
2024-06-14 21:49:28,7482.0,30.477334879999997
2024-06-14 21:49:29,7483.0,30.539190334814812
2024-06-14 21:49:30,7484.0,30.602177291851852
2024-06-14 21:49:31,7485.0,30.66573
2024-06-14 21:49:32,7486.0,30.729282708148148
2024-06-14 21:49:33,7487.0,30.792269665185184
2024-06-14 21:49:34,7488.0,30.85412512
2024-06-14 21:49:35,7489.0,30.914283321481477
2024-06-14 21:49:36,7490.0,30.972178518518515
2024-06-14 21:49:37,7491.0,31.027244959999997
2024-06-14 21:49:38,7492.0,31.07891689481481
2024-06-14 21:49:39,7493.0,31.12662857185185
2024-06-14 21:49:40,7494.0,31.16981424
2024-06-14 21:49:41,7495.0,31.20790814814814
2024-06-14 21:49:42,7496.0,31.240344545185184
2024-06-14 21:49:43,7497.0,31.266557679999995
2024-06-14 21:49:44,7498.0,31.28598180148148
2024-06-14 21:49:45,7499.0,31.29805115851851
2024-06-14 21:49:46,7500.0,31.302199999999996
2024-06-14 21:49:47,7501.0,31.299435350634855
2024-06-14 21:49:48,7502.0,31.291392474482514
2024-06-14 21:49:49,7503.0,31.278447979457603
2024-06-14 21:49:50,7504.0,31.260978473474747
2024-06-14 21:49:51,7505.0,31.239360564448575
2024-06-14 21:49:52,7506.0,31.213970860293713
2024-06-14 21:49:53,7507.0,31.185185968924788
2024-06-14 21:49:54,7508.0,31.153382498256423
2024-06-14 21:49:55,7509.0,31.11893705620325
2024-06-14 21:49:56,7510.0,31.082226250679895
2024-06-14 21:49:57,7511.0,31.043626689600984
2024-06-14 21:49:58,7512.0,31.003514980881146
2024-06-14 21:49:59,7513.0,30.96226773243501
2024-06-14 21:50:00,7514.0,30.92026155217719
2024-06-14 21:50:01,7515.0,30.87787304802233
2024-06-14 21:50:02,7516.0,30.835478827885044
2024-06-14 21:50:03,7517.0,30.79345549967997
2024-06-14 21:50:04,7518.0,30.752179671321723
2024-06-14 21:50:05,7519.0,30.712027950724938
2024-06-14 21:50:06,7520.0,30.67337694580424
2024-06-14 21:50:07,7521.0,30.63660326447426
2024-06-14 21:50:08,7522.0,30.602083514649614
2024-06-14 21:50:09,7523.0,30.570194304244943
2024-06-14 21:50:10,7524.0,30.541312241174865
2024-06-14 21:50:11,7525.0,30.515813933354007
2024-06-14 21:50:12,7526.0,30.494075988697
2024-06-14 21:50:13,7527.0,30.476475015118467
2024-06-14 21:50:14,7528.0,30.463387620533037
2024-06-14 21:50:15,7529.0,30.455190412855337
2024-06-14 21:50:16,7530.0,30.452259999999995
2024-06-14 21:50:17,7531.0,30.45209686206265
2024-06-14 21:50:18,7532.0,30.451949649648345
2024-06-14 21:50:19,7533.0,30.45181722643579
2024-06-14 21:50:20,7534.0,30.451698456103706
2024-06-14 21:50:21,7535.0,30.451592202330822
2024-06-14 21:50:22,7536.0,30.451497328795845
2024-06-14 21:50:23,7537.0,30.451412699177503
2024-06-14 21:50:24,7538.0,30.451337177154507
2024-06-14 21:50:25,7539.0,30.451269626405583
2024-06-14 21:50:26,7540.0,30.45120891060945
2024-06-14 21:50:27,7541.0,30.451153893444822
2024-06-14 21:50:28,7542.0,30.451103438590422
2024-06-14 21:50:29,7543.0,30.45105640972497
2024-06-14 21:50:30,7544.0,30.451011670527183
2024-06-14 21:50:31,7545.0,30.450968084675782
2024-06-14 21:50:32,7546.0,30.450924515849486
2024-06-14 21:50:33,7547.0,30.45087982772701
2024-06-14 21:50:34,7548.0,30.45083288398708
2024-06-14 21:50:35,7549.0,30.450782548308407
2024-06-14 21:50:36,7550.0,30.450727684369717
2024-06-14 21:50:37,7551.0,30.45066715584973
2024-06-14 21:50:38,7552.0,30.45059982642716
2024-06-14 21:50:39,7553.0,30.450524559780725
2024-06-14 21:50:40,7554.0,30.450440219589154
2024-06-14 21:50:41,7555.0,30.45034566953116
2024-06-14 21:50:42,7556.0,30.450239773285457
2024-06-14 21:50:43,7557.0,30.450121394530772
2024-06-14 21:50:44,7558.0,30.44998939694582
2024-06-14 21:50:45,7559.0,30.449842644209326
2024-06-14 21:50:46,7560.0,30.44968
2024-06-14 21:50:47,7561.0,30.448126188859522
2024-06-14 21:50:48,7562.0,30.443932664867955
2024-06-14 21:50:49,7563.0,30.43728838601162
2024-06-14 21:50:50,7564.0,30.42838231027683
2024-06-14 21:50:51,7565.0,30.417403395649895
2024-06-14 21:50:52,7566.0,30.40454060011713
2024-06-14 21:50:53,7567.0,30.38998288166485
2024-06-14 21:50:54,7568.0,30.373919198279374
2024-06-14 21:50:55,7569.0,30.35653850794701
2024-06-14 21:50:56,7570.0,30.33802976865408
2024-06-14 21:50:57,7571.0,30.3185819383869
2024-06-14 21:50:58,7572.0,30.29838397513177
2024-06-14 21:50:59,7573.0,30.277624836875013
2024-06-14 21:51:00,7574.0,30.25649348160295
2024-06-14 21:51:01,7575.0,30.235178867301883
2024-06-14 21:51:02,7576.0,30.21386995195813
2024-06-14 21:51:03,7577.0,30.192755693558016
2024-06-14 21:51:04,7578.0,30.172025050087846
2024-06-14 21:51:05,7579.0,30.15186697953393
2024-06-14 21:51:06,7580.0,30.132470439882596
2024-06-14 21:51:07,7581.0,30.114024389120146
2024-06-14 21:51:08,7582.0,30.0967177852329
2024-06-14 21:51:09,7583.0,30.080739586207173
2024-06-14 21:51:10,7584.0,30.06627875002928
2024-06-14 21:51:11,7585.0,30.053524234685533
2024-06-14 21:51:12,7586.0,30.042664998162245
2024-06-14 21:51:13,7587.0,30.033889998445733
2024-06-14 21:51:14,7588.0,30.02738819352231
2024-06-14 21:51:15,7589.0,30.023348541378294
2024-06-14 21:51:16,7590.0,30.021959999999996
2024-06-14 21:51:17,7591.0,30.022002533333332
2024-06-14 21:51:18,7592.0,30.022126266666664
2024-06-14 21:51:19,7593.0,30.022325399999996
2024-06-14 21:51:20,7594.0,30.02259413333333
2024-06-14 21:51:21,7595.0,30.022926666666663
2024-06-14 21:51:22,7596.0,30.023317199999997
2024-06-14 21:51:23,7597.0,30.02375993333333
2024-06-14 21:51:24,7598.0,30.024249066666666
2024-06-14 21:51:25,7599.0,30.024778799999996
2024-06-14 21:51:26,7600.0,30.025343333333332
2024-06-14 21:51:27,7601.0,30.025936866666665
2024-06-14 21:51:28,7602.0,30.026553599999996
2024-06-14 21:51:29,7603.0,30.02718773333333
2024-06-14 21:51:30,7604.0,30.027833466666667
2024-06-14 21:51:31,7605.0,30.028484999999996
2024-06-14 21:51:32,7606.0,30.029136533333332
2024-06-14 21:51:33,7607.0,30.029782266666665
2024-06-14 21:51:34,7608.0,30.0304164
2024-06-14 21:51:35,7609.0,30.03103313333333
2024-06-14 21:51:36,7610.0,30.031626666666668
2024-06-14 21:51:37,7611.0,30.0321912
2024-06-14 21:51:38,7612.0,30.032720933333334
2024-06-14 21:51:39,7613.0,30.033210066666665
2024-06-14 21:51:40,7614.0,30.0336528
2024-06-14 21:51:41,7615.0,30.034043333333333
2024-06-14 21:51:42,7616.0,30.034375866666668
2024-06-14 21:51:43,7617.0,30.0346446
2024-06-14 21:51:44,7618.0,30.034843733333336
2024-06-14 21:51:45,7619.0,30.034967466666668
2024-06-14 21:51:46,7620.0,30.03501
2024-06-14 21:51:47,7621.0,30.034563155555553
2024-06-14 21:51:48,7622.0,30.033263244444445
2024-06-14 21:51:49,7623.0,30.0311712
2024-06-14 21:51:50,7624.0,30.028347955555557
2024-06-14 21:51:51,7625.0,30.024854444444443
2024-06-14 21:51:52,7626.0,30.0207516
2024-06-14 21:51:53,7627.0,30.016100355555555
2024-06-14 21:51:54,7628.0,30.010961644444446
2024-06-14 21:51:55,7629.0,30.0053964
2024-06-14 21:51:56,7630.0,29.999465555555556
2024-06-14 21:51:57,7631.0,29.99323004444444
2024-06-14 21:51:58,7632.0,29.9867508
2024-06-14 21:51:59,7633.0,29.980088755555553
2024-06-14 21:52:00,7634.0,29.973304844444442
2024-06-14 21:52:01,7635.0,29.966459999999998
2024-06-14 21:52:02,7636.0,29.959615155555554
2024-06-14 21:52:03,7637.0,29.95283124444444
2024-06-14 21:52:04,7638.0,29.946169199999996
2024-06-14 21:52:05,7639.0,29.939689955555554
2024-06-14 21:52:06,7640.0,29.933454444444443
2024-06-14 21:52:07,7641.0,29.927523599999997
2024-06-14 21:52:08,7642.0,29.921958355555553
2024-06-14 21:52:09,7643.0,29.91681964444444
2024-06-14 21:52:10,7644.0,29.9121684
2024-06-14 21:52:11,7645.0,29.908065555555552
2024-06-14 21:52:12,7646.0,29.90457204444444
2024-06-14 21:52:13,7647.0,29.901748799999996
2024-06-14 21:52:14,7648.0,29.899656755555554
2024-06-14 21:52:15,7649.0,29.898356844444443
2024-06-14 21:52:16,7650.0,29.897909999999996
2024-06-14 21:52:17,7651.0,29.89838752627198
2024-06-14 21:52:18,7652.0,29.899796872345426
2024-06-14 21:52:19,7653.0,29.9021031891066
2024-06-14 21:52:20,7654.0,29.905271627441756
2024-06-14 21:52:21,7655.0,29.90926733823715
2024-06-14 21:52:22,7656.0,29.914055472379037
2024-06-14 21:52:23,7657.0,29.919601180753677
2024-06-14 21:52:24,7658.0,29.925869614247326
2024-06-14 21:52:25,7659.0,29.932825923746236
2024-06-14 21:52:26,7660.0,29.940435260136667
2024-06-14 21:52:27,7661.0,29.94866277430488
2024-06-14 21:52:28,7662.0,29.95747361713712
2024-06-14 21:52:29,7663.0,29.966832939519655
2024-06-14 21:52:30,7664.0,29.97670589233874
2024-06-14 21:52:31,7665.0,29.987057626480627
2024-06-14 21:52:32,7666.0,29.997853292831575
2024-06-14 21:52:33,7667.0,30.009058042277843
2024-06-14 21:52:34,7668.0,30.020637025705682
2024-06-14 21:52:35,7669.0,30.032555394001356
2024-06-14 21:52:36,7670.0,30.044778298051117
2024-06-14 21:52:37,7671.0,30.057270888741215
2024-06-14 21:52:38,7672.0,30.06999831695792
2024-06-14 21:52:39,7673.0,30.082925733587484
2024-06-14 21:52:40,7674.0,30.096018289516163
2024-06-14 21:52:41,7675.0,30.10924113563021
2024-06-14 21:52:42,7676.0,30.122559422815886
2024-06-14 21:52:43,7677.0,30.135938301959442
2024-06-14 21:52:44,7678.0,30.149342923947145
2024-06-14 21:52:45,7679.0,30.162738439665244
2024-06-14 21:52:46,7680.0,30.176089999999995
2024-06-14 21:52:47,7681.0,30.19084483440882
2024-06-14 21:52:48,7682.0,30.208322601978768
2024-06-14 21:52:49,7683.0,30.228297098040546
2024-06-14 21:52:50,7684.0,30.250542117924848
2024-06-14 21:52:51,7685.0,30.274831456962378
2024-06-14 21:52:52,7686.0,30.30093891048383
2024-06-14 21:52:53,7687.0,30.328638273819916
2024-06-14 21:52:54,7688.0,30.357703342301328
2024-06-14 21:52:55,7689.0,30.387907911258775
2024-06-14 21:52:56,7690.0,30.419025776022956
2024-06-14 21:52:57,7691.0,30.450830731924565
2024-06-14 21:52:58,7692.0,30.48309657429431
2024-06-14 21:52:59,7693.0,30.51559709846289
2024-06-14 21:53:00,7694.0,30.548106099761014
2024-06-14 21:53:01,7695.0,30.58039737351937
2024-06-14 21:53:02,7696.0,30.612244715068666
2024-06-14 21:53:03,7697.0,30.643421919739602
2024-06-14 21:53:04,7698.0,30.673702782862875
2024-06-14 21:53:05,7699.0,30.702861099769194
2024-06-14 21:53:06,7700.0,30.730670665789255
2024-06-14 21:53:07,7701.0,30.756905276253764
2024-06-14 21:53:08,7702.0,30.781338726493413
2024-06-14 21:53:09,7703.0,30.803744811838918
2024-06-14 21:53:10,7704.0,30.823897327620962
2024-06-14 21:53:11,7705.0,30.841570069170256
2024-06-14 21:53:12,7706.0,30.856536831817504
2024-06-14 21:53:13,7707.0,30.8685714108934
2024-06-14 21:53:14,7708.0,30.877447601728647
2024-06-14 21:53:15,7709.0,30.882939199653947
2024-06-14 21:53:16,7710.0,30.884820000000005
2024-06-14 21:53:17,7711.0,30.88430466102333
2024-06-14 21:53:18,7712.0,30.88278626939276
2024-06-14 21:53:19,7713.0,30.8803062630575
2024-06-14 21:53:20,7714.0,30.876906079966744
2024-06-14 21:53:21,7715.0,30.87262715806969
2024-06-14 21:53:22,7716.0,30.867510935315543
2024-06-14 21:53:23,7717.0,30.86159884965349
2024-06-14 21:53:24,7718.0,30.85493233903273
2024-06-14 21:53:25,7719.0,30.847552841402468
2024-06-14 21:53:26,7720.0,30.839501794711897
2024-06-14 21:53:27,7721.0,30.83082063691021
2024-06-14 21:53:28,7722.0,30.821550805946615
2024-06-14 21:53:29,7723.0,30.8117337397703
2024-06-14 21:53:30,7724.0,30.80141087633047
2024-06-14 21:53:31,7725.0,30.79062365357632
2024-06-14 21:53:32,7726.0,30.779413509457044
2024-06-14 21:53:33,7727.0,30.767821881921844
2024-06-14 21:53:34,7728.0,30.75589020891992
2024-06-14 21:53:35,7729.0,30.74365992840046
2024-06-14 21:53:36,7730.0,30.731172478312672
2024-06-14 21:53:37,7731.0,30.71846929660575
2024-06-14 21:53:38,7732.0,30.705591821228886
2024-06-14 21:53:39,7733.0,30.69258149013129
2024-06-14 21:53:40,7734.0,30.67947974126215
2024-06-14 21:53:41,7735.0,30.666328012570663
2024-06-14 21:53:42,7736.0,30.653167742006033
2024-06-14 21:53:43,7737.0,30.640040367517454
2024-06-14 21:53:44,7738.0,30.626987327054124
2024-06-14 21:53:45,7739.0,30.614050058565237
2024-06-14 21:53:46,7740.0,30.60127
2024-06-14 21:53:47,7741.0,30.58752767773106
2024-06-14 21:53:48,7742.0,30.57179109664958
2024-06-14 21:53:49,7743.0,30.554232912482547
2024-06-14 21:53:50,7744.0,30.53502578095693
2024-06-14 21:53:51,7745.0,30.514342357799705
2024-06-14 21:53:52,7746.0,30.49235529873785
2024-06-14 21:53:53,7747.0,30.469237259498342
2024-06-14 21:53:54,7748.0,30.445160895808147
2024-06-14 21:53:55,7749.0,30.42029886339425
2024-06-14 21:53:56,7750.0,30.39482381798362
2024-06-14 21:53:57,7751.0,30.368908415303242
2024-06-14 21:53:58,7752.0,30.34272531108008
2024-06-14 21:53:59,7753.0,30.31644716104112
2024-06-14 21:54:00,7754.0,30.29024662091333
2024-06-14 21:54:01,7755.0,30.26429634642368
2024-06-14 21:54:02,7756.0,30.238768993299164
2024-06-14 21:54:03,7757.0,30.213837217266736
2024-06-14 21:54:04,7758.0,30.189673674053388
2024-06-14 21:54:05,7759.0,30.166451019386088
2024-06-14 21:54:06,7760.0,30.144341908991812
2024-06-14 21:54:07,7761.0,30.123518998597532
2024-06-14 21:54:08,7762.0,30.104154943930236
2024-06-14 21:54:09,7763.0,30.086422400716884
2024-06-14 21:54:10,7764.0,30.07049402468446
2024-06-14 21:54:11,7765.0,30.05654247155994
2024-06-14 21:54:12,7766.0,30.044740397070292
2024-06-14 21:54:13,7767.0,30.035260456942506
2024-06-14 21:54:14,7768.0,30.028275306903538
2024-06-14 21:54:15,7769.0,30.02395760268038
2024-06-14 21:54:16,7770.0,30.022479999999998
2024-06-14 21:54:17,7771.0,30.024756559999997
2024-06-14 21:54:18,7772.0,30.03137928
2024-06-14 21:54:19,7773.0,30.04203772
2024-06-14 21:54:20,7774.0,30.056421439999998
2024-06-14 21:54:21,7775.0,30.07422
2024-06-14 21:54:22,7776.0,30.095122959999998
2024-06-14 21:54:23,7777.0,30.11881988
2024-06-14 21:54:24,7778.0,30.145000319999998
2024-06-14 21:54:25,7779.0,30.173353839999997
2024-06-14 21:54:26,7780.0,30.20357
2024-06-14 21:54:27,7781.0,30.23533836
2024-06-14 21:54:28,7782.0,30.268348479999997
2024-06-14 21:54:29,7783.0,30.302289919999996
2024-06-14 21:54:30,7784.0,30.336852239999995
2024-06-14 21:54:31,7785.0,30.371724999999994
2024-06-14 21:54:32,7786.0,30.40659776
2024-06-14 21:54:33,7787.0,30.441160079999996
2024-06-14 21:54:34,7788.0,30.47510152
2024-06-14 21:54:35,7789.0,30.50811164
2024-06-14 21:54:36,7790.0,30.539879999999997
2024-06-14 21:54:37,7791.0,30.57009616
2024-06-14 21:54:38,7792.0,30.598449679999998
2024-06-14 21:54:39,7793.0,30.624630119999996
2024-06-14 21:54:40,7794.0,30.648327039999998
2024-06-14 21:54:41,7795.0,30.669229999999995
2024-06-14 21:54:42,7796.0,30.687028559999998
2024-06-14 21:54:43,7797.0,30.701412279999996
2024-06-14 21:54:44,7798.0,30.712070719999996
2024-06-14 21:54:45,7799.0,30.718693439999996
2024-06-14 21:54:46,7800.0,30.720969999999998
2024-06-14 21:54:47,7801.0,30.719181546666665
2024-06-14 21:54:48,7802.0,30.71397877333333
2024-06-14 21:54:49,7803.0,30.70560556
2024-06-14 21:54:50,7804.0,30.694305786666664
2024-06-14 21:54:51,7805.0,30.68032333333333
2024-06-14 21:54:52,7806.0,30.663902079999996
2024-06-14 21:54:53,7807.0,30.64528590666666
2024-06-14 21:54:54,7808.0,30.62471869333333
2024-06-14 21:54:55,7809.0,30.60244432
2024-06-14 21:54:56,7810.0,30.578706666666665
2024-06-14 21:54:57,7811.0,30.55374961333333
2024-06-14 21:54:58,7812.0,30.52781704
2024-06-14 21:54:59,7813.0,30.501152826666665
2024-06-14 21:55:00,7814.0,30.474000853333333
2024-06-14 21:55:01,7815.0,30.446604999999998
2024-06-14 21:55:02,7816.0,30.419209146666663
2024-06-14 21:55:03,7817.0,30.39205717333333
2024-06-14 21:55:04,7818.0,30.365392959999998
2024-06-14 21:55:05,7819.0,30.339460386666666
2024-06-14 21:55:06,7820.0,30.31450333333333
2024-06-14 21:55:07,7821.0,30.290765679999996
2024-06-14 21:55:08,7822.0,30.268491306666665
2024-06-14 21:55:09,7823.0,30.24792409333333
2024-06-14 21:55:10,7824.0,30.229307919999997
2024-06-14 21:55:11,7825.0,30.212886666666662
2024-06-14 21:55:12,7826.0,30.198904213333332
2024-06-14 21:55:13,7827.0,30.18760444
2024-06-14 21:55:14,7828.0,30.179231226666666
2024-06-14 21:55:15,7829.0,30.17402845333333
2024-06-14 21:55:16,7830.0,30.17224
2024-06-14 21:55:17,7831.0,30.174055928888887
2024-06-14 21:55:18,7832.0,30.179338631111108
2024-06-14 21:55:19,7833.0,30.18784048
2024-06-14 21:55:20,7834.0,30.199313848888885
2024-06-14 21:55:21,7835.0,30.21351111111111
2024-06-14 21:55:22,7836.0,30.230184639999997
2024-06-14 21:55:23,7837.0,30.249086808888887
2024-06-14 21:55:24,7838.0,30.26996999111111
2024-06-14 21:55:25,7839.0,30.292586559999997
2024-06-14 21:55:26,7840.0,30.316688888888887
2024-06-14 21:55:27,7841.0,30.34202935111111
2024-06-14 21:55:28,7842.0,30.368360319999997
2024-06-14 21:55:29,7843.0,30.395434168888883
2024-06-14 21:55:30,7844.0,30.423003271111106
2024-06-14 21:55:31,7845.0,30.450819999999997
2024-06-14 21:55:32,7846.0,30.478636728888887
2024-06-14 21:55:33,7847.0,30.50620583111111
2024-06-14 21:55:34,7848.0,30.533279679999996
2024-06-14 21:55:35,7849.0,30.559610648888885
2024-06-14 21:55:36,7850.0,30.584951111111106
2024-06-14 21:55:37,7851.0,30.609053439999997
2024-06-14 21:55:38,7852.0,30.631670008888886
2024-06-14 21:55:39,7853.0,30.652553191111107
2024-06-14 21:55:40,7854.0,30.671455359999992
2024-06-14 21:55:41,7855.0,30.688128888888887
2024-06-14 21:55:42,7856.0,30.702326151111105
2024-06-14 21:55:43,7857.0,30.713799519999995
2024-06-14 21:55:44,7858.0,30.722301368888886
2024-06-14 21:55:45,7859.0,30.727584071111103
2024-06-14 21:55:46,7860.0,30.729399999999995
2024-06-14 21:55:47,7861.0,30.72809075555555
2024-06-14 21:55:48,7862.0,30.72428204444444
2024-06-14 21:55:49,7863.0,30.718152399999994
2024-06-14 21:55:50,7864.0,30.70988035555555
2024-06-14 21:55:51,7865.0,30.69964444444444
2024-06-14 21:55:52,7866.0,30.687623199999997
2024-06-14 21:55:53,7867.0,30.67399515555555
2024-06-14 21:55:54,7868.0,30.65893884444444
2024-06-14 21:55:55,7869.0,30.642632799999994
2024-06-14 21:55:56,7870.0,30.62525555555555
2024-06-14 21:55:57,7871.0,30.60698564444444
2024-06-14 21:55:58,7872.0,30.588001599999995
2024-06-14 21:55:59,7873.0,30.56848195555555
2024-06-14 21:56:00,7874.0,30.548605244444442
2024-06-14 21:56:01,7875.0,30.528549999999996
2024-06-14 21:56:02,7876.0,30.508494755555553
2024-06-14 21:56:03,7877.0,30.48861804444444
2024-06-14 21:56:04,7878.0,30.469098399999993
2024-06-14 21:56:05,7879.0,30.45011435555555
2024-06-14 21:56:06,7880.0,30.43184444444444
2024-06-14 21:56:07,7881.0,30.414467199999997
2024-06-14 21:56:08,7882.0,30.398161155555552
2024-06-14 21:56:09,7883.0,30.38310484444444
2024-06-14 21:56:10,7884.0,30.369476799999997
2024-06-14 21:56:11,7885.0,30.357455555555553
2024-06-14 21:56:12,7886.0,30.34721964444444
2024-06-14 21:56:13,7887.0,30.338947599999997
2024-06-14 21:56:14,7888.0,30.33281795555555
2024-06-14 21:56:15,7889.0,30.32900924444444
2024-06-14 21:56:16,7890.0,30.327699999999997
2024-06-14 21:56:17,7891.0,30.3280755677037
2024-06-14 21:56:18,7892.0,30.329168128296292
2024-06-14 21:56:19,7893.0,30.330926467999994
2024-06-14 21:56:20,7894.0,30.333299373037036
2024-06-14 21:56:21,7895.0,30.336235629629627
2024-06-14 21:56:22,7896.0,30.339684023999997
2024-06-14 21:56:23,7897.0,30.34359334237037
2024-06-14 21:56:24,7898.0,30.34791237096296
2024-06-14 21:56:25,7899.0,30.352589895999998
2024-06-14 21:56:26,7900.0,30.3575747037037
2024-06-14 21:56:27,7901.0,30.362815580296292
2024-06-14 21:56:28,7902.0,30.368261312
2024-06-14 21:56:29,7903.0,30.373860685037037
2024-06-14 21:56:30,7904.0,30.379562485629627
2024-06-14 21:56:31,7905.0,30.385315499999997
2024-06-14 21:56:32,7906.0,30.391068514370367
2024-06-14 21:56:33,7907.0,30.396770314962964
2024-06-14 21:56:34,7908.0,30.402369688
2024-06-14 21:56:35,7909.0,30.407815419703706
2024-06-14 21:56:36,7910.0,30.413056296296297
2024-06-14 21:56:37,7911.0,30.418041104
2024-06-14 21:56:38,7912.0,30.422718629037035
2024-06-14 21:56:39,7913.0,30.42703765762963
2024-06-14 21:56:40,7914.0,30.430946976
2024-06-14 21:56:41,7915.0,30.43439537037037
2024-06-14 21:56:42,7916.0,30.437331626962962
2024-06-14 21:56:43,7917.0,30.439704532
2024-06-14 21:56:44,7918.0,30.441462871703706
2024-06-14 21:56:45,7919.0,30.4425554322963
2024-06-14 21:56:46,7920.0,30.442931
2024-06-14 21:56:47,7921.0,30.44158961925926
2024-06-14 21:56:48,7922.0,30.43768742074074
2024-06-14 21:56:49,7923.0,30.43140732
2024-06-14 21:56:50,7924.0,30.422932232592593
2024-06-14 21:56:51,7925.0,30.412445074074075
2024-06-14 21:56:52,7926.0,30.40012876
2024-06-14 21:56:53,7927.0,30.386166205925928
2024-06-14 21:56:54,7928.0,30.370740327407407
2024-06-14 21:56:55,7929.0,30.354034040000002
2024-06-14 21:56:56,7930.0,30.33623025925926
2024-06-14 21:56:57,7931.0,30.317511900740744
2024-06-14 21:56:58,7932.0,30.298061880000002
2024-06-14 21:56:59,7933.0,30.278063112592594
2024-06-14 21:57:00,7934.0,30.257698514074075
2024-06-14 21:57:01,7935.0,30.237151000000004
2024-06-14 21:57:02,7936.0,30.21660348592593
2024-06-14 21:57:03,7937.0,30.196238887407407
2024-06-14 21:57:04,7938.0,30.17624012
2024-06-14 21:57:05,7939.0,30.156790099259258
2024-06-14 21:57:06,7940.0,30.13807174074074
2024-06-14 21:57:07,7941.0,30.12026796
2024-06-14 21:57:08,7942.0,30.103561672592594
2024-06-14 21:57:09,7943.0,30.088135794074073
2024-06-14 21:57:10,7944.0,30.07417324
2024-06-14 21:57:11,7945.0,30.061856925925927
2024-06-14 21:57:12,7946.0,30.051369767407405
2024-06-14 21:57:13,7947.0,30.04289468
2024-06-14 21:57:14,7948.0,30.03661457925926
2024-06-14 21:57:15,7949.0,30.032712380740744
2024-06-14 21:57:16,7950.0,30.031371
2024-06-14 21:57:17,7951.0,30.03297067986324
2024-06-14 21:57:18,7952.0,30.03765582337986
2024-06-14 21:57:19,7953.0,30.045255586440238
2024-06-14 21:57:20,7954.0,30.055599124934727
2024-06-14 21:57:21,7955.0,30.068515594753695
2024-06-14 21:57:22,7956.0,30.08383415178751
2024-06-14 21:57:23,7957.0,30.101383951926532
2024-06-14 21:57:24,7958.0,30.120994151061126
2024-06-14 21:57:25,7959.0,30.14249390508166
2024-06-14 21:57:26,7960.0,30.1657123698785
2024-06-14 21:57:27,7961.0,30.190478701342002
2024-06-14 21:57:28,7962.0,30.216622055362535
2024-06-14 21:57:29,7963.0,30.243971587830462
2024-06-14 21:57:30,7964.0,30.272356454636153
2024-06-14 21:57:31,7965.0,30.301605811669965
2024-06-14 21:57:32,7966.0,30.33154881482227
2024-06-14 21:57:33,7967.0,30.362014619983423
2024-06-14 21:57:34,7968.0,30.3928323830438
2024-06-14 21:57:35,7969.0,30.42383125989376
2024-06-14 21:57:36,7970.0,30.454840406423664
2024-06-14 21:57:37,7971.0,30.48568897852388
2024-06-14 21:57:38,7972.0,30.51620613208477
2024-06-14 21:57:39,7973.0,30.546221022996704
2024-06-14 21:57:40,7974.0,30.575562807150042
2024-06-14 21:57:41,7975.0,30.60406064043515
2024-06-14 21:57:42,7976.0,30.631543678742396
2024-06-14 21:57:43,7977.0,30.657841077962136
2024-06-14 21:57:44,7978.0,30.68278199398474
2024-06-14 21:57:45,7979.0,30.706195582700577
2024-06-14 21:57:46,7980.0,30.727911
2024-06-14 21:57:47,7981.0,30.749199669447574
2024-06-14 21:57:48,7982.0,30.77137180986711
2024-06-14 21:57:49,7983.0,30.794314770037865
2024-06-14 21:57:50,7984.0,30.817915898739084
2024-06-14 21:57:51,7985.0,30.842062544750032
2024-06-14 21:57:52,7986.0,30.866642056849955
2024-06-14 21:57:53,7987.0,30.89154178381811
2024-06-14 21:57:54,7988.0,30.916649074433742
2024-06-14 21:57:55,7989.0,30.941851277476122
2024-06-14 21:57:56,7990.0,30.967035741724484
2024-06-14 21:57:57,7991.0,30.992089815958096
2024-06-14 21:57:58,7992.0,31.0169008489562
2024-06-14 21:57:59,7993.0,31.041356189498057
2024-06-14 21:58:00,7994.0,31.065343186362917
2024-06-14 21:58:01,7995.0,31.088749188330034
2024-06-14 21:58:02,7996.0,31.11146154417866
2024-06-14 21:58:03,7997.0,31.133367602688057
2024-06-14 21:58:04,7998.0,31.154354712637467
2024-06-14 21:58:05,7999.0,31.174310222806145
2024-06-14 21:58:06,8000.0,31.193121481973353
2024-06-14 21:58:07,8001.0,31.210675838918334
2024-06-14 21:58:08,8002.0,31.22686064242035
2024-06-14 21:58:09,8003.0,31.241563241258653
2024-06-14 21:58:10,8004.0,31.254670984212485
2024-06-14 21:58:11,8005.0,31.266071220061118
2024-06-14 21:58:12,8006.0,31.27565129758379
2024-06-14 21:58:13,8007.0,31.283298565559765
2024-06-14 21:58:14,8008.0,31.288900372768282
2024-06-14 21:58:15,8009.0,31.292344067988612
2024-06-14 21:58:16,8010.0,31.293516999999998
2024-06-14 21:58:17,8011.0,31.29075648562963
2024-06-14 21:58:18,8012.0,31.28272589837037
2024-06-14 21:58:19,8013.0,31.269801671999996
2024-06-14 21:58:20,8014.0,31.25236024029629
2024-06-14 21:58:21,8015.0,31.230778037037034
2024-06-14 21:58:22,8016.0,31.205431496
2024-06-14 21:58:23,8017.0,31.17669705096296
2024-06-14 21:58:24,8018.0,31.144951135703703
2024-06-14 21:58:25,8019.0,31.110570183999997
2024-06-14 21:58:26,8020.0,31.07393062962963
2024-06-14 21:58:27,8021.0,31.035408906370368
2024-06-14 21:58:28,8022.0,30.995381447999996
2024-06-14 21:58:29,8023.0,30.954224688296293
2024-06-14 21:58:30,8024.0,30.91231506103703
2024-06-14 21:58:31,8025.0,30.870028999999995
2024-06-14 21:58:32,8026.0,30.82774293896296
2024-06-14 21:58:33,8027.0,30.7858333117037
2024-06-14 21:58:34,8028.0,30.744676551999998
2024-06-14 21:58:35,8029.0,30.704649093629627
2024-06-14 21:58:36,8030.0,30.66612737037037
2024-06-14 21:58:37,8031.0,30.629487815999997
2024-06-14 21:58:38,8032.0,30.595106864296294
2024-06-14 21:58:39,8033.0,30.563360949037033
2024-06-14 21:58:40,8034.0,30.534626504
2024-06-14 21:58:41,8035.0,30.50927996296296
2024-06-14 21:58:42,8036.0,30.487697759703703
2024-06-14 21:58:43,8037.0,30.470256327999994
2024-06-14 21:58:44,8038.0,30.457332101629625
2024-06-14 21:58:45,8039.0,30.44930151437037
2024-06-14 21:58:46,8040.0,30.446540999999996
2024-06-14 21:58:47,8041.0,30.447237462239052
2024-06-14 21:58:48,8042.0,30.449273494777643
2024-06-14 21:58:49,8043.0,30.45256906634793
2024-06-14 21:58:50,8044.0,30.457044145682055
2024-06-14 21:58:51,8045.0,30.46261870151217
2024-06-14 21:58:52,8046.0,30.469212702570424
2024-06-14 21:58:53,8047.0,30.47674611758897
2024-06-14 21:58:54,8048.0,30.485138915299952
2024-06-14 21:58:55,8049.0,30.49431106443553
2024-06-14 21:58:56,8050.0,30.50418253372784
2024-06-14 21:58:57,8051.0,30.514673291909038
2024-06-14 21:58:58,8052.0,30.525703307711282
2024-06-14 21:58:59,8053.0,30.537192549866706
2024-06-14 21:59:00,8054.0,30.549060987107474
2024-06-14 21:59:01,8055.0,30.56122858816573
2024-06-14 21:59:02,8056.0,30.573615321773623
2024-06-14 21:59:03,8057.0,30.586141156663302
2024-06-14 21:59:04,8058.0,30.59872606156692
2024-06-14 21:59:05,8059.0,30.611290005216627
2024-06-14 21:59:06,8060.0,30.62375295634457
2024-06-14 21:59:07,8061.0,30.636034883682896
2024-06-14 21:59:08,8062.0,30.648055755963764
2024-06-14 21:59:09,8063.0,30.659735541919318
2024-06-14 21:59:10,8064.0,30.670994210281705
2024-06-14 21:59:11,8065.0,30.681751729783084
2024-06-14 21:59:12,8066.0,30.691928069155594
2024-06-14 21:59:13,8067.0,30.70144319713139
2024-06-14 21:59:14,8068.0,30.71021708244262
2024-06-14 21:59:15,8069.0,30.71816969382144
2024-06-14 21:59:16,8070.0,30.725220999999994
2024-06-14 21:59:17,8071.0,30.73186141136373
2024-06-14 21:59:18,8072.0,30.73861869237218
2024-06-14 21:59:19,8073.0,30.7454688428686
2024-06-14 21:59:20,8074.0,30.752387862696246
2024-06-14 21:59:21,8075.0,30.75935175169839
2024-06-14 21:59:22,8076.0,30.766336509718283
2024-06-14 21:59:23,8077.0,30.77331813659919
2024-06-14 21:59:24,8078.0,30.78027263218437
2024-06-14 21:59:25,8079.0,30.787175996317092
2024-06-14 21:59:26,8080.0,30.794004228840606
2024-06-14 21:59:27,8081.0,30.800733329598177
2024-06-14 21:59:28,8082.0,30.807339298433067
2024-06-14 21:59:29,8083.0,30.81379813518854
2024-06-14 21:59:30,8084.0,30.82008583970785
2024-06-14 21:59:31,8085.0,30.826178411834263
2024-06-14 21:59:32,8086.0,30.832051851411038
2024-06-14 21:59:33,8087.0,30.83768215828143
2024-06-14 21:59:34,8088.0,30.843045332288714
2024-06-14 21:59:35,8089.0,30.848117373276143
2024-06-14 21:59:36,8090.0,30.852874281086972
2024-06-14 21:59:37,8091.0,30.857292055564468
2024-06-14 21:59:38,8092.0,30.861346696551898
2024-06-14 21:59:39,8093.0,30.86501420389251
2024-06-14 21:59:40,8094.0,30.86827057742957
2024-06-14 21:59:41,8095.0,30.871091817006345
2024-06-14 21:59:42,8096.0,30.87345392246609
2024-06-14 21:59:43,8097.0,30.875332893652065
2024-06-14 21:59:44,8098.0,30.87670473040754
2024-06-14 21:59:45,8099.0,30.877545432575758
2024-06-14 21:59:46,8100.0,30.877831
2024-06-14 21:59:47,8101.0,30.877614501356785
2024-06-14 21:59:48,8102.0,30.876972343171026
2024-06-14 21:59:49,8103.0,30.875915532058563
2024-06-14 21:59:50,8104.0,30.87445507463524
2024-06-14 21:59:51,8105.0,30.872601977516883
2024-06-14 21:59:52,8106.0,30.870367247319336
2024-06-14 21:59:53,8107.0,30.867761890658443
2024-06-14 21:59:54,8108.0,30.86479691415003
2024-06-14 21:59:55,8109.0,30.861483324409946
2024-06-14 21:59:56,8110.0,30.857832128054024
2024-06-14 21:59:57,8111.0,30.8538543316981
2024-06-14 21:59:58,8112.0,30.849560941958018
2024-06-14 21:59:59,8113.0,30.844962965449607
2024-06-14 22:00:00,8114.0,30.84007140878871
2024-06-14 22:00:01,8115.0,30.834897278591164
2024-06-14 22:00:02,8116.0,30.82945158147281
2024-06-14 22:00:03,8117.0,30.823745324049487
2024-06-14 22:00:04,8118.0,30.817789512937022
2024-06-14 22:00:05,8119.0,30.811595154751263
2024-06-14 22:00:06,8120.0,30.80517325610805
2024-06-14 22:00:07,8121.0,30.79853482362321
2024-06-14 22:00:08,8122.0,30.791690863912592
2024-06-14 22:00:09,8123.0,30.784652383592025
2024-06-14 22:00:10,8124.0,30.777430389277352
2024-06-14 22:00:11,8125.0,30.770035887584413
2024-06-14 22:00:12,8126.0,30.76247988512904
2024-06-14 22:00:13,8127.0,30.754773388527074
2024-06-14 22:00:14,8128.0,30.746927404394356
2024-06-14 22:00:15,8129.0,30.738952939346717
2024-06-14 22:00:16,8130.0,30.730861
2024-06-14 22:00:17,8131.0,30.720884328801432
2024-06-14 22:00:18,8132.0,30.707427007457497
2024-06-14 22:00:19,8133.0,30.69075705147293
2024-06-14 22:00:20,8134.0,30.671142476352443
2024-06-14 22:00:21,8135.0,30.64885129760077
2024-06-14 22:00:22,8136.0,30.62415153072265
2024-06-14 22:00:23,8137.0,30.59731119122279
2024-06-14 22:00:24,8138.0,30.56859829460593
2024-06-14 22:00:25,8139.0,30.538280856376794
2024-06-14 22:00:26,8140.0,30.5066268920401
2024-06-14 22:00:27,8141.0,30.47390441710059
2024-06-14 22:00:28,8142.0,30.440381447062983
2024-06-14 22:00:29,8143.0,30.406325997432003
2024-06-14 22:00:30,8144.0,30.372006083712378
2024-06-14 22:00:31,8145.0,30.337689721408836
2024-06-14 22:00:32,8146.0,30.30364492602611
2024-06-14 22:00:33,8147.0,30.270139713068918
2024-06-14 22:00:34,8148.0,30.23744209804199
2024-06-14 22:00:35,8149.0,30.20582009645005
2024-06-14 22:00:36,8150.0,30.175541723797835
2024-06-14 22:00:37,8151.0,30.146874995590057
2024-06-14 22:00:38,8152.0,30.120087927331454
2024-06-14 22:00:39,8153.0,30.095448534526746
2024-06-14 22:00:40,8154.0,30.073224832680665
2024-06-14 22:00:41,8155.0,30.053684837297936
2024-06-14 22:00:42,8156.0,30.037096563883285
2024-06-14 22:00:43,8157.0,30.023728027941438
2024-06-14 22:00:44,8158.0,30.01384724497713
2024-06-14 22:00:45,8159.0,30.007722230495073
2024-06-14 22:00:46,8160.0,30.005621000000005
2024-06-14 22:00:47,8161.0,30.006599093492635
2024-06-14 22:00:48,8162.0,30.009444587128637
2024-06-14 22:00:49,8163.0,30.014024300645165
2024-06-14 22:00:50,8164.0,30.020205053779375
2024-06-14 22:00:51,8165.0,30.027853666268424
2024-06-14 22:00:52,8166.0,30.036836957849467
2024-06-14 22:00:53,8167.0,30.047021748259663
2024-06-14 22:00:54,8168.0,30.058274857236167
2024-06-14 22:00:55,8169.0,30.070463104516133
2024-06-14 22:00:56,8170.0,30.083453309836724
2024-06-14 22:00:57,8171.0,30.09711229293509
2024-06-14 22:00:58,8172.0,30.11130687354839
2024-06-14 22:00:59,8173.0,30.12590387141378
2024-06-14 22:01:00,8174.0,30.14077010626842
2024-06-14 22:01:01,8175.0,30.155772397849464
2024-06-14 22:01:02,8176.0,30.170777565894067
2024-06-14 22:01:03,8177.0,30.18565243013939
2024-06-14 22:01:04,8178.0,30.200263810322582
2024-06-14 22:01:05,8179.0,30.214478526180805
2024-06-14 22:01:06,8180.0,30.228163397451215
2024-06-14 22:01:07,8181.0,30.241185243870966
2024-06-14 22:01:08,8182.0,30.25341088517722
2024-06-14 22:01:09,8183.0,30.264707141107127
2024-06-14 22:01:10,8184.0,30.274940831397846
2024-06-14 22:01:11,8185.0,30.283978775786537
2024-06-14 22:01:12,8186.0,30.291687794010354
2024-06-14 22:01:13,8187.0,30.29793470580645
2024-06-14 22:01:14,8188.0,30.302586330911986
2024-06-14 22:01:15,8189.0,30.305509489064114
2024-06-14 22:01:16,8190.0,30.306570999999998
2024-06-14 22:01:17,8191.0,30.30665430365318
2024-06-14 22:01:18,8192.0,30.30673184172799
2024-06-14 22:01:19,8193.0,30.30680393661779
2024-06-14 22:01:20,8194.0,30.30687091071592
2024-06-14 22:01:21,8195.0,30.30693308641573
2024-06-14 22:01:22,8196.0,30.306990786110568
2024-06-14 22:01:23,8197.0,30.307044332193776
2024-06-14 22:01:24,8198.0,30.30709404705872
2024-06-14 22:01:25,8199.0,30.30714025309873
2024-06-14 22:01:26,8200.0,30.307183272707157
2024-06-14 22:01:27,8201.0,30.307223428277354
2024-06-14 22:01:28,8202.0,30.307261042202672
2024-06-14 22:01:29,8203.0,30.307296436876445
2024-06-14 22:01:30,8204.0,30.30732993469204
2024-06-14 22:01:31,8205.0,30.307361858042793
2024-06-14 22:01:32,8206.0,30.30739252932205
2024-06-14 22:01:33,8207.0,30.307422270923173
2024-06-14 22:01:34,8208.0,30.30745140523949
2024-06-14 22:01:35,8209.0,30.307480254664366
2024-06-14 22:01:36,8210.0,30.30750914159114
2024-06-14 22:01:37,8211.0,30.307538388413164
2024-06-14 22:01:38,8212.0,30.307568317523785
2024-06-14 22:01:39,8213.0,30.30759925131635
2024-06-14 22:01:40,8214.0,30.307631512184205
2024-06-14 22:01:41,8215.0,30.307665422520706
2024-06-14 22:01:42,8216.0,30.307701304719195
2024-06-14 22:01:43,8217.0,30.30773948117302
2024-06-14 22:01:44,8218.0,30.307780274275533
2024-06-14 22:01:45,8219.0,30.30782400642007
2024-06-14 22:01:46,8220.0,30.307871
2024-06-14 22:01:47,8221.0,30.30791840339354
2024-06-14 22:01:48,8222.0,30.307963365157907
2024-06-14 22:01:49,8223.0,30.30800620795488
2024-06-14 22:01:50,8224.0,30.30804725444627
2024-06-14 22:01:51,8225.0,30.30808682729386
2024-06-14 22:01:52,8226.0,30.308125249159446
2024-06-14 22:01:53,8227.0,30.30816284270483
2024-06-14 22:01:54,8228.0,30.308199930591805
2024-06-14 22:01:55,8229.0,30.30823683548216
2024-06-14 22:01:56,8230.0,30.30827388003769
2024-06-14 22:01:57,8231.0,30.308311386920202
2024-06-14 22:01:58,8232.0,30.308349678791476
2024-06-14 22:01:59,8233.0,30.308389078313315
2024-06-14 22:02:00,8234.0,30.30842990814751
2024-06-14 22:02:01,8235.0,30.30847249095586
2024-06-14 22:02:02,8236.0,30.308517149400156
2024-06-14 22:02:03,8237.0,30.3085642061422
2024-06-14 22:02:04,8238.0,30.30861398384378
2024-06-14 22:02:05,8239.0,30.308666805166688
2024-06-14 22:02:06,8240.0,30.30872299277273
2024-06-14 22:02:07,8241.0,30.308782869323686
2024-06-14 22:02:08,8242.0,30.308846757481366
2024-06-14 22:02:09,8243.0,30.308914979907556
2024-06-14 22:02:10,8244.0,30.308987859264054
2024-06-14 22:02:11,8245.0,30.30906571821265
2024-06-14 22:02:12,8246.0,30.30914887941515
2024-06-14 22:02:13,8247.0,30.309237665533335
2024-06-14 22:02:14,8248.0,30.30933239922901
2024-06-14 22:02:15,8249.0,30.309433403163965
2024-06-14 22:02:16,8250.0,30.309540999999996
2024-06-14 22:02:17,8251.0,30.311461826340953
2024-06-14 22:02:18,8252.0,30.31683760590878
2024-06-14 22:02:19,8253.0,30.325421292042414
2024-06-14 22:02:20,8254.0,30.336965838080793
2024-06-14 22:02:21,8255.0,30.35122419736285
2024-06-14 22:02:22,8256.0,30.36794932322752
2024-06-14 22:02:23,8257.0,30.38689416901375
2024-06-14 22:02:24,8258.0,30.407811688060466
2024-06-14 22:02:25,8259.0,30.430454833706612
2024-06-14 22:02:26,8260.0,30.454576559291116
2024-06-14 22:02:27,8261.0,30.47992981815292
2024-06-14 22:02:28,8262.0,30.50626756363096
2024-06-14 22:02:29,8263.0,30.53334274906418
2024-06-14 22:02:30,8264.0,30.560908327791505
2024-06-14 22:02:31,8265.0,30.588717253151877
2024-06-14 22:02:32,8266.0,30.616522478484235
2024-06-14 22:02:33,8267.0,30.64407695712751
2024-06-14 22:02:34,8268.0,30.671133642420642
2024-06-14 22:02:35,8269.0,30.69744548770257
2024-06-14 22:02:36,8270.0,30.722765446312227
2024-06-14 22:02:37,8271.0,30.746846471588547
2024-06-14 22:02:38,8272.0,30.769441516870472
2024-06-14 22:02:39,8273.0,30.790303535496943
2024-06-14 22:02:40,8274.0,30.809185480806885
2024-06-14 22:02:41,8275.0,30.82584030613924
2024-06-14 22:02:42,8276.0,30.840020964832945
2024-06-14 22:02:43,8277.0,30.85148041022694
2024-06-14 22:02:44,8278.0,30.859971595660156
2024-06-14 22:02:45,8279.0,30.865247474471534
2024-06-14 22:02:46,8280.0,30.867061000000003
2024-06-14 22:02:47,8281.0,30.865218055111114
2024-06-14 22:02:48,8282.0,30.859856760888892
2024-06-14 22:02:49,8283.0,30.851228428000002
2024-06-14 22:02:50,8284.0,30.83958436711111
2024-06-14 22:02:51,8285.0,30.82517588888889
2024-06-14 22:02:52,8286.0,30.808254304000002
2024-06-14 22:02:53,8287.0,30.789070923111115
2024-06-14 22:02:54,8288.0,30.767877056888892
2024-06-14 22:02:55,8289.0,30.744924016000002
2024-06-14 22:02:56,8290.0,30.720463111111112
2024-06-14 22:02:57,8291.0,30.69474565288889
2024-06-14 22:02:58,8292.0,30.668022951999998
2024-06-14 22:02:59,8293.0,30.64054631911111
2024-06-14 22:03:00,8294.0,30.61256706488889
2024-06-14 22:03:01,8295.0,30.5843365
2024-06-14 22:03:02,8296.0,30.55610593511111
2024-06-14 22:03:03,8297.0,30.52812668088889
2024-06-14 22:03:04,8298.0,30.500650048
2024-06-14 22:03:05,8299.0,30.473927347111108
2024-06-14 22:03:06,8300.0,30.448209888888886
2024-06-14 22:03:07,8301.0,30.423748983999996
2024-06-14 22:03:08,8302.0,30.400795943111106
2024-06-14 22:03:09,8303.0,30.379602076888883
2024-06-14 22:03:10,8304.0,30.360418695999996
2024-06-14 22:03:11,8305.0,30.343497111111105
2024-06-14 22:03:12,8306.0,30.329088632888883
2024-06-14 22:03:13,8307.0,30.317444571999996
2024-06-14 22:03:14,8308.0,30.308816239111106
2024-06-14 22:03:15,8309.0,30.303454944888884
2024-06-14 22:03:16,8310.0,30.301611999999995
2024-06-14 22:03:17,8311.0,30.305785807407403
2024-06-14 22:03:18,8312.0,30.317927792592588
2024-06-14 22:03:19,8313.0,30.337468799999996
2024-06-14 22:03:20,8314.0,30.363839674074068
2024-06-14 22:03:21,8315.0,30.396471259259254
2024-06-14 22:03:22,8316.0,30.434794399999994
2024-06-14 22:03:23,8317.0,30.478239940740735
2024-06-14 22:03:24,8318.0,30.52623872592592
2024-06-14 22:03:25,8319.0,30.578221599999996
2024-06-14 22:03:26,8320.0,30.633619407407405
2024-06-14 22:03:27,8321.0,30.69186299259259
2024-06-14 22:03:28,8322.0,30.752383199999997
2024-06-14 22:03:29,8323.0,30.814610874074074
2024-06-14 22:03:30,8324.0,30.87797685925926
2024-06-14 22:03:31,8325.0,30.941912
2024-06-14 22:03:32,8326.0,31.005847140740737
2024-06-14 22:03:33,8327.0,31.069213125925927
2024-06-14 22:03:34,8328.0,31.131440799999996
2024-06-14 22:03:35,8329.0,31.191961007407407
2024-06-14 22:03:36,8330.0,31.25020459259259
2024-06-14 22:03:37,8331.0,31.305602399999998
2024-06-14 22:03:38,8332.0,31.357585274074076
2024-06-14 22:03:39,8333.0,31.405584059259258
2024-06-14 22:03:40,8334.0,31.449029600000003
2024-06-14 22:03:41,8335.0,31.487352740740743
2024-06-14 22:03:42,8336.0,31.51998432592593
2024-06-14 22:03:43,8337.0,31.5463552
2024-06-14 22:03:44,8338.0,31.56589620740741
2024-06-14 22:03:45,8339.0,31.57803819259259
2024-06-14 22:03:46,8340.0,31.582212000000002
2024-06-14 22:03:47,8341.0,31.579378465185187
2024-06-14 22:03:48,8342.0,31.57113545481482
2024-06-14 22:03:49,8343.0,31.55786936
2024-06-14 22:03:50,8344.0,31.539966571851853
2024-06-14 22:03:51,8345.0,31.517813481481483
2024-06-14 22:03:52,8346.0,31.49179648
2024-06-14 22:03:53,8347.0,31.46230195851852
2024-06-14 22:03:54,8348.0,31.42971630814815
2024-06-14 22:03:55,8349.0,31.39442592
2024-06-14 22:03:56,8350.0,31.356817185185186
2024-06-14 22:03:57,8351.0,31.317276494814816
2024-06-14 22:03:58,8352.0,31.276190240000002
2024-06-14 22:03:59,8353.0,31.233944811851853
2024-06-14 22:04:00,8354.0,31.190926601481483
2024-06-14 22:04:01,8355.0,31.147522000000002
2024-06-14 22:04:02,8356.0,31.10411739851852
2024-06-14 22:04:03,8357.0,31.061099188148148
2024-06-14 22:04:04,8358.0,31.01885376
2024-06-14 22:04:05,8359.0,30.977767505185184
2024-06-14 22:04:06,8360.0,30.93822681481481
2024-06-14 22:04:07,8361.0,30.90061808
2024-06-14 22:04:08,8362.0,30.86532769185185
2024-06-14 22:04:09,8363.0,30.83274204148148
2024-06-14 22:04:10,8364.0,30.80324752
2024-06-14 22:04:11,8365.0,30.777230518518518
2024-06-14 22:04:12,8366.0,30.755077428148148
2024-06-14 22:04:13,8367.0,30.73717464
2024-06-14 22:04:14,8368.0,30.723908545185182
2024-06-14 22:04:15,8369.0,30.715665534814814
2024-06-14 22:04:16,8370.0,30.712832
2024-06-14 22:04:17,8371.0,30.71511312296296
2024-06-14 22:04:18,8372.0,30.721749117037035
2024-06-14 22:04:19,8373.0,30.73242892
2024-06-14 22:04:20,8374.0,30.74684146962963
2024-06-14 22:04:21,8375.0,30.764675703703702
2024-06-14 22:04:22,8376.0,30.78562056
2024-06-14 22:04:23,8377.0,30.809364976296294
2024-06-14 22:04:24,8378.0,30.83559789037037
2024-06-14 22:04:25,8379.0,30.86400824
2024-06-14 22:04:26,8380.0,30.894284962962963
2024-06-14 22:04:27,8381.0,30.926116997037035
2024-06-14 22:04:28,8382.0,30.959193279999997
2024-06-14 22:04:29,8383.0,30.993202749629628
2024-06-14 22:04:30,8384.0,31.027834343703702
2024-06-14 22:04:31,8385.0,31.062777
2024-06-14 22:04:32,8386.0,31.097719656296295
2024-06-14 22:04:33,8387.0,31.13235125037037
2024-06-14 22:04:34,8388.0,31.16636072
2024-06-14 22:04:35,8389.0,31.199437002962963
2024-06-14 22:04:36,8390.0,31.231269037037038
2024-06-14 22:04:37,8391.0,31.26154576
2024-06-14 22:04:38,8392.0,31.289956109629628
2024-06-14 22:04:39,8393.0,31.316189023703703
2024-06-14 22:04:40,8394.0,31.339933439999996
2024-06-14 22:04:41,8395.0,31.360878296296292
2024-06-14 22:04:42,8396.0,31.37871253037037
2024-06-14 22:04:43,8397.0,31.393125079999994
2024-06-14 22:04:44,8398.0,31.403804882962962
2024-06-14 22:04:45,8399.0,31.410440877037036
2024-06-14 22:04:46,8400.0,31.412722
2024-06-14 22:04:47,8401.0,31.40770274074074
2024-06-14 22:04:48,8402.0,31.393101259259257
2024-06-14 22:04:49,8403.0,31.369602
2024-06-14 22:04:50,8404.0,31.337889407407406
2024-06-14 22:04:51,8405.0,31.298647925925923
2024-06-14 22:04:52,8406.0,31.252562
2024-06-14 22:04:53,8407.0,31.20031607407407
2024-06-14 22:04:54,8408.0,31.14259459259259
2024-06-14 22:04:55,8409.0,31.080081999999997
2024-06-14 22:04:56,8410.0,31.013462740740742
2024-06-14 22:04:57,8411.0,30.94342125925926
2024-06-14 22:04:58,8412.0,30.870641999999997
2024-06-14 22:04:59,8413.0,30.795809407407404
2024-06-14 22:05:00,8414.0,30.719607925925924
2024-06-14 22:05:01,8415.0,30.642722
2024-06-14 22:05:02,8416.0,30.56583607407407
2024-06-14 22:05:03,8417.0,30.48963459259259
2024-06-14 22:05:04,8418.0,30.414801999999998
2024-06-14 22:05:05,8419.0,30.34202274074074
2024-06-14 22:05:06,8420.0,30.27198125925926
2024-06-14 22:05:07,8421.0,30.205361999999997
2024-06-14 22:05:08,8422.0,30.142849407407407
2024-06-14 22:05:09,8423.0,30.085127925925924
2024-06-14 22:05:10,8424.0,30.032882
2024-06-14 22:05:11,8425.0,29.98679607407407
2024-06-14 22:05:12,8426.0,29.94755459259259
2024-06-14 22:05:13,8427.0,29.915842
2024-06-14 22:05:14,8428.0,29.89234274074074
2024-06-14 22:05:15,8429.0,29.87774125925926
2024-06-14 22:05:16,8430.0,29.872722
2024-06-14 22:05:17,8431.0,29.87552137777778
2024-06-14 22:05:18,8432.0,29.88366502222222
2024-06-14 22:05:19,8433.0,29.896771199999996
2024-06-14 22:05:20,8434.0,29.914458177777778
2024-06-14 22:05:21,8435.0,29.93634422222222
2024-06-14 22:05:22,8436.0,29.9620476
2024-06-14 22:05:23,8437.0,29.99118657777778
2024-06-14 22:05:24,8438.0,30.023379422222224
2024-06-14 22:05:25,8439.0,30.0582444
2024-06-14 22:05:26,8440.0,30.09539977777778
2024-06-14 22:05:27,8441.0,30.13446382222222
2024-06-14 22:05:28,8442.0,30.175054799999998
2024-06-14 22:05:29,8443.0,30.21679097777778
2024-06-14 22:05:30,8444.0,30.25929062222222
2024-06-14 22:05:31,8445.0,30.302172
2024-06-14 22:05:32,8446.0,30.345053377777777
2024-06-14 22:05:33,8447.0,30.38755302222222
2024-06-14 22:05:34,8448.0,30.4292892
2024-06-14 22:05:35,8449.0,30.469880177777775
2024-06-14 22:05:36,8450.0,30.508944222222222
2024-06-14 22:05:37,8451.0,30.5460996
2024-06-14 22:05:38,8452.0,30.580964577777777
2024-06-14 22:05:39,8453.0,30.61315742222222
2024-06-14 22:05:40,8454.0,30.642296399999996
2024-06-14 22:05:41,8455.0,30.667999777777776
2024-06-14 22:05:42,8456.0,30.68988582222222
2024-06-14 22:05:43,8457.0,30.707572799999998
2024-06-14 22:05:44,8458.0,30.720678977777773
2024-06-14 22:05:45,8459.0,30.728822622222225
2024-06-14 22:05:46,8460.0,30.731621999999998
2024-06-14 22:05:47,8461.0,30.730319404444444
2024-06-14 22:05:48,8462.0,30.72653003555555
2024-06-14 22:05:49,8463.0,30.720431519999998
2024-06-14 22:05:50,8464.0,30.712201484444442
2024-06-14 22:05:51,8465.0,30.702017555555553
2024-06-14 22:05:52,8466.0,30.69005736
2024-06-14 22:05:53,8467.0,30.67649852444444
2024-06-14 22:05:54,8468.0,30.661518675555552
2024-06-14 22:05:55,8469.0,30.64529544
2024-06-14 22:05:56,8470.0,30.628006444444445
2024-06-14 22:05:57,8471.0,30.609829315555555
2024-06-14 22:05:58,8472.0,30.59094168
2024-06-14 22:05:59,8473.0,30.571521164444444
2024-06-14 22:06:00,8474.0,30.551745395555557
2024-06-14 22:06:01,8475.0,30.531792000000003
2024-06-14 22:06:02,8476.0,30.511838604444446
2024-06-14 22:06:03,8477.0,30.492062835555558
2024-06-14 22:06:04,8478.0,30.472642320000002
2024-06-14 22:06:05,8479.0,30.453754684444444
2024-06-14 22:06:06,8480.0,30.435577555555557
2024-06-14 22:06:07,8481.0,30.418288560000004
2024-06-14 22:06:08,8482.0,30.402065324444447
2024-06-14 22:06:09,8483.0,30.38708547555556
2024-06-14 22:06:10,8484.0,30.37352664
2024-06-14 22:06:11,8485.0,30.36156644444445
2024-06-14 22:06:12,8486.0,30.35138251555556
2024-06-14 22:06:13,8487.0,30.343152480000004
2024-06-14 22:06:14,8488.0,30.33705396444445
2024-06-14 22:06:15,8489.0,30.333264595555562
2024-06-14 22:06:16,8490.0,30.331962000000004
2024-06-14 22:06:17,8491.0,30.333187421404308
2024-06-14 22:06:18,8492.0,30.336753382281767
2024-06-14 22:06:19,8493.0,30.342494427629184
2024-06-14 22:06:20,8494.0,30.350245102443367
2024-06-14 22:06:21,8495.0,30.35983995172114
2024-06-14 22:06:22,8496.0,30.371113520459296
2024-06-14 22:06:23,8497.0,30.383900353654663
2024-06-14 22:06:24,8498.0,30.39803499630404
2024-06-14 22:06:25,8499.0,30.413351993404238
2024-06-14 22:06:26,8500.0,30.429685889952076
2024-06-14 22:06:27,8501.0,30.446871230944357
2024-06-14 22:06:28,8502.0,30.46474256137789
2024-06-14 22:06:29,8503.0,30.48313442624949
2024-06-14 22:06:30,8504.0,30.501881370555964
2024-06-14 22:06:31,8505.0,30.520817939294123
2024-06-14 22:06:32,8506.0,30.53977867746078
2024-06-14 22:06:33,8507.0,30.558598130052747
2024-06-14 22:06:34,8508.0,30.57711084206683
2024-06-14 22:06:35,8509.0,30.59515135849984
2024-06-14 22:06:36,8510.0,30.612554224348585
2024-06-14 22:06:37,8511.0,30.629153984609886
2024-06-14 22:06:38,8512.0,30.644785184280543
2024-06-14 22:06:39,8513.0,30.65928236835737
2024-06-14 22:06:40,8514.0,30.67248008183718
2024-06-14 22:06:41,8515.0,30.68421286971678
2024-06-14 22:06:42,8516.0,30.694315276992977
2024-06-14 22:06:43,8517.0,30.702621848662588
2024-06-14 22:06:44,8518.0,30.708967129722424
2024-06-14 22:06:45,8519.0,30.71318566516929
2024-06-14 22:06:46,8520.0,30.715112
2024-06-14 22:06:47,8521.0,30.715826033793675
2024-06-14 22:06:48,8522.0,30.71651787531461
2024-06-14 22:06:49,8523.0,30.71718738333741
2024-06-14 22:06:50,8524.0,30.717834416636656
2024-06-14 22:06:51,8525.0,30.718458833986926
2024-06-14 22:06:52,8526.0,30.71906049416282
2024-06-14 22:06:53,8527.0,30.71963925593893
2024-06-14 22:06:54,8528.0,30.720194978089825
2024-06-14 22:06:55,8529.0,30.720727519390113
2024-06-14 22:06:56,8530.0,30.72123673861438
2024-06-14 22:06:57,8531.0,30.721722494537197
2024-06-14 22:06:58,8532.0,30.722184645933172
2024-06-14 22:06:59,8533.0,30.72262305157689
2024-06-14 22:07:00,8534.0,30.723037570242926
2024-06-14 22:07:01,8535.0,30.723428060705878
2024-06-14 22:07:02,8536.0,30.723794381740337
2024-06-14 22:07:03,8537.0,30.724136392120887
2024-06-14 22:07:04,8538.0,30.724453950622117
2024-06-14 22:07:05,8539.0,30.724746916018614
2024-06-14 22:07:06,8540.0,30.725015147084964
2024-06-14 22:07:07,8541.0,30.72525850259576
2024-06-14 22:07:08,8542.0,30.725476841325595
2024-06-14 22:07:09,8543.0,30.72567002204904
2024-06-14 22:07:10,8544.0,30.725837903540704
2024-06-14 22:07:11,8545.0,30.725980344575163
2024-06-14 22:07:12,8546.0,30.726097203927004
2024-06-14 22:07:13,8547.0,30.726188340370822
2024-06-14 22:07:14,8548.0,30.7262536126812
2024-06-14 22:07:15,8549.0,30.72629287963273
2024-06-14 22:07:16,8550.0,30.726305999999997
2024-06-14 22:07:17,8551.0,30.72541948148148
2024-06-14 22:07:18,8552.0,30.722840518518517
2024-06-14 22:07:19,8553.0,30.71869
2024-06-14 22:07:20,8554.0,30.713088814814814
2024-06-14 22:07:21,8555.0,30.70615785185185
2024-06-14 22:07:22,8556.0,30.698017999999998
2024-06-14 22:07:23,8557.0,30.688790148148147
2024-06-14 22:07:24,8558.0,30.678595185185184
2024-06-14 22:07:25,8559.0,30.667554
2024-06-14 22:07:26,8560.0,30.65578748148148
2024-06-14 22:07:27,8561.0,30.643416518518514
2024-06-14 22:07:28,8562.0,30.630561999999998
2024-06-14 22:07:29,8563.0,30.617344814814814
2024-06-14 22:07:30,8564.0,30.60388585185185
2024-06-14 22:07:31,8565.0,30.590305999999998
2024-06-14 22:07:32,8566.0,30.576726148148143
2024-06-14 22:07:33,8567.0,30.563267185185186
2024-06-14 22:07:34,8568.0,30.55005
2024-06-14 22:07:35,8569.0,30.53719548148148
2024-06-14 22:07:36,8570.0,30.524824518518518
2024-06-14 22:07:37,8571.0,30.513057999999997
2024-06-14 22:07:38,8572.0,30.502016814814812
2024-06-14 22:07:39,8573.0,30.49182185185185
2024-06-14 22:07:40,8574.0,30.482594
2024-06-14 22:07:41,8575.0,30.474454148148148
2024-06-14 22:07:42,8576.0,30.467523185185183
2024-06-14 22:07:43,8577.0,30.461921999999998
2024-06-14 22:07:44,8578.0,30.45777148148148
2024-06-14 22:07:45,8579.0,30.455192518518515
2024-06-14 22:07:46,8580.0,30.454306
2024-06-14 22:07:47,8581.0,30.454694979555555
2024-06-14 22:07:48,8582.0,30.455826556444443
2024-06-14 22:07:49,8583.0,30.457647687999998
2024-06-14 22:07:50,8584.0,30.460105331555557
2024-06-14 22:07:51,8585.0,30.463146444444444
2024-06-14 22:07:52,8586.0,30.466717984
2024-06-14 22:07:53,8587.0,30.470766907555557
2024-06-14 22:07:54,8588.0,30.475240172444444
2024-06-14 22:07:55,8589.0,30.480084736
2024-06-14 22:07:56,8590.0,30.485247555555556
2024-06-14 22:07:57,8591.0,30.490675588444443
2024-06-14 22:07:58,8592.0,30.496315792
2024-06-14 22:07:59,8593.0,30.502115123555555
2024-06-14 22:08:00,8594.0,30.508020540444445
2024-06-14 22:08:01,8595.0,30.513979
2024-06-14 22:08:02,8596.0,30.519937459555557
2024-06-14 22:08:03,8597.0,30.525842876444447
2024-06-14 22:08:04,8598.0,30.531642208
2024-06-14 22:08:05,8599.0,30.537282411555555
2024-06-14 22:08:06,8600.0,30.54271044444445
2024-06-14 22:08:07,8601.0,30.547873264
2024-06-14 22:08:08,8602.0,30.552717827555558
2024-06-14 22:08:09,8603.0,30.557191092444445
2024-06-14 22:08:10,8604.0,30.561240016000003
2024-06-14 22:08:11,8605.0,30.564811555555558
2024-06-14 22:08:12,8606.0,30.56785266844445
2024-06-14 22:08:13,8607.0,30.570310312000004
2024-06-14 22:08:14,8608.0,30.57213144355556
2024-06-14 22:08:15,8609.0,30.573263020444447
2024-06-14 22:08:16,8610.0,30.573652000000003
2024-06-14 22:08:17,8611.0,30.573282462604958
2024-06-14 22:08:18,8612.0,30.572206140635224
2024-06-14 22:08:19,8613.0,30.570471469413924
2024-06-14 22:08:20,8614.0,30.568126884264164
2024-06-14 22:08:21,8615.0,30.56522082050906
2024-06-14 22:08:22,8616.0,30.561801713471727
2024-06-14 22:08:23,8617.0,30.557917998475272
2024-06-14 22:08:24,8618.0,30.55361811084281
2024-06-14 22:08:25,8619.0,30.54895048589746
2024-06-14 22:08:26,8620.0,30.543963558962325
2024-06-14 22:08:27,8621.0,30.538705765360525
2024-06-14 22:08:28,8622.0,30.533225540415174
2024-06-14 22:08:29,8623.0,30.52757131944938
2024-06-14 22:08:30,8624.0,30.521791537786257
2024-06-14 22:08:31,8625.0,30.515934630748923
2024-06-14 22:08:32,8626.0,30.510049033660483
2024-06-14 22:08:33,8627.0,30.50418318184406
2024-06-14 22:08:34,8628.0,30.498385510622757
2024-06-14 22:08:35,8629.0,30.492704455319693
2024-06-14 22:08:36,8630.0,30.487188451257982
2024-06-14 22:08:37,8631.0,30.48188593376073
2024-06-14 22:08:38,8632.0,30.47684533815106
2024-06-14 22:08:39,8633.0,30.472115099752077
2024-06-14 22:08:40,8634.0,30.467743653886895
2024-06-14 22:08:41,8635.0,30.46377943587863
2024-06-14 22:08:42,8636.0,30.460270881050395
2024-06-14 22:08:43,8637.0,30.4572664247253
2024-06-14 22:08:44,8638.0,30.454814502226466
2024-06-14 22:08:45,8639.0,30.45296354887699
2024-06-14 22:08:46,8640.0,30.451762000000002
2024-06-14 22:08:47,8641.0,30.450910658530418
2024-06-14 22:08:48,8642.0,30.450078490366135
2024-06-14 22:08:49,8643.0,30.4492661752747
2024-06-14 22:08:50,8644.0,30.448474393023684
2024-06-14 22:08:51,8645.0,30.447703823380635
2024-06-14 22:08:52,8646.0,30.44695514611311
2024-06-14 22:08:53,8647.0,30.44622904098867
2024-06-14 22:08:54,8648.0,30.445526187774874
2024-06-14 22:08:55,8649.0,30.44484726623927
2024-06-14 22:08:56,8650.0,30.444192956149433
2024-06-14 22:08:57,8651.0,30.443563937272902
2024-06-14 22:08:58,8652.0,30.442960889377247
2024-06-14 22:08:59,8653.0,30.44238449223002
2024-06-14 22:09:00,8654.0,30.44183542559878
2024-06-14 22:09:01,8655.0,30.44131436925108
2024-06-14 22:09:02,8656.0,30.440822002954484
2024-06-14 22:09:03,8657.0,30.44035900647655
2024-06-14 22:09:04,8658.0,30.43992605958483
2024-06-14 22:09:05,8659.0,30.439523842046885
2024-06-14 22:09:06,8660.0,30.43915303363027
2024-06-14 22:09:07,8661.0,30.438814314102547
2024-06-14 22:09:08,8662.0,30.438508363231264
2024-06-14 22:09:09,8663.0,30.438235860783987
2024-06-14 22:09:10,8664.0,30.437997486528275
2024-06-14 22:09:11,8665.0,30.43779392023168
2024-06-14 22:09:12,8666.0,30.43762584166176
2024-06-14 22:09:13,8667.0,30.437493930586076
2024-06-14 22:09:14,8668.0,30.43739886677218
2024-06-14 22:09:15,8669.0,30.437341329987635
2024-06-14 22:09:16,8670.0,30.437321999999998
2024-06-14 22:09:17,8671.0,30.437581616754507
2024-06-14 22:09:18,8672.0,30.438346808002084
2024-06-14 22:09:19,8673.0,30.43959708521881
2024-06-14 22:09:20,8674.0,30.441311959880764
2024-06-14 22:09:21,8675.0,30.44347094346402
2024-06-14 22:09:22,8676.0,30.44605354744466
2024-06-14 22:09:23,8677.0,30.449039283298763
2024-06-14 22:09:24,8678.0,30.45240766250241
2024-06-14 22:09:25,8679.0,30.45613819653168
2024-06-14 22:09:26,8680.0,30.460210396862642
2024-06-14 22:09:27,8681.0,30.464603774971383
2024-06-14 22:09:28,8682.0,30.469297842333983
2024-06-14 22:09:29,8683.0,30.474272110426522
2024-06-14 22:09:30,8684.0,30.47950609072507
2024-06-14 22:09:31,8685.0,30.48497929470571
2024-06-14 22:09:32,8686.0,30.490671233844523
2024-06-14 22:09:33,8687.0,30.49656141961759
2024-06-14 22:09:34,8688.0,30.50262936350098
2024-06-14 22:09:35,8689.0,30.50885457697078
2024-06-14 22:09:36,8690.0,30.515216571503064
2024-06-14 22:09:37,8691.0,30.521694858573916
2024-06-14 22:09:38,8692.0,30.528268949659413
2024-06-14 22:09:39,8693.0,30.53491835623563
2024-06-14 22:09:40,8694.0,30.541622589778648
2024-06-14 22:09:41,8695.0,30.54836116176455
2024-06-14 22:09:42,8696.0,30.555113583669407
2024-06-14 22:09:43,8697.0,30.5618593669693
2024-06-14 22:09:44,8698.0,30.56857802314031
2024-06-14 22:09:45,8699.0,30.575249063658518
2024-06-14 22:09:46,8700.0,30.581851999999998
2024-06-14 22:09:47,8701.0,30.588989683008144
2024-06-14 22:09:48,8702.0,30.597216350193015
2024-06-14 22:09:49,8703.0,30.606438593030695
2024-06-14 22:09:50,8704.0,30.616563002997257
2024-06-14 22:09:51,8705.0,30.627496171568783
2024-06-14 22:09:52,8706.0,30.63914469022135
2024-06-14 22:09:53,8707.0,30.65141515043103
2024-06-14 22:09:54,8708.0,30.66421414367392
2024-06-14 22:09:55,8709.0,30.67744826142608
2024-06-14 22:09:56,8710.0,30.6910240951636
2024-06-14 22:09:57,8711.0,30.70484823636255
2024-06-14 22:09:58,8712.0,30.718827276499017
2024-06-14 22:09:59,8713.0,30.73286780704908
2024-06-14 22:10:00,8714.0,30.74687641948881
2024-06-14 22:10:01,8715.0,30.760759705294287
2024-06-14 22:10:02,8716.0,30.774424255941597
2024-06-14 22:10:03,8717.0,30.78777666290681
2024-06-14 22:10:04,8718.0,30.800723517666015
2024-06-14 22:10:05,8719.0,30.81317141169528
2024-06-14 22:10:06,8720.0,30.82502693647069
2024-06-14 22:10:07,8721.0,30.836196683468323
2024-06-14 22:10:08,8722.0,30.846587244164255
2024-06-14 22:10:09,8723.0,30.856105210034567
2024-06-14 22:10:10,8724.0,30.864657172555344
2024-06-14 22:10:11,8725.0,30.87214972320265
2024-06-14 22:10:12,8726.0,30.878489453452573
2024-06-14 22:10:13,8727.0,30.88358295478119
2024-06-14 22:10:14,8728.0,30.887336818664583
2024-06-14 22:10:15,8729.0,30.88965763657883
2024-06-14 22:10:16,8730.0,30.890452000000003
2024-06-14 22:10:17,8731.0,30.88925417291855
2024-06-14 22:10:18,8732.0,30.885754093110727
2024-06-14 22:10:19,8733.0,30.88009186273131
2024-06-14 22:10:20,8734.0,30.87240758393508
2024-06-14 22:10:21,8735.0,30.862841358876818
2024-06-14 22:10:22,8736.0,30.85153328971131
2024-06-14 22:10:23,8737.0,30.83862347859334
2024-06-14 22:10:24,8738.0,30.82425202767769
2024-06-14 22:10:25,8739.0,30.808559039119142
2024-06-14 22:10:26,8740.0,30.791684615072473
2024-06-14 22:10:27,8741.0,30.773768857692477
2024-06-14 22:10:28,8742.0,30.75495186913393
2024-06-14 22:10:29,8743.0,30.73537375155161
2024-06-14 22:10:30,8744.0,30.715174607100305
2024-06-14 22:10:31,8745.0,30.694494537934798
2024-06-14 22:10:32,8746.0,30.67347364620987
2024-06-14 22:10:33,8747.0,30.652252034080306
2024-06-14 22:10:34,8748.0,30.630969803700886
2024-06-14 22:10:35,8749.0,30.609767057226396
2024-06-14 22:10:36,8750.0,30.588783896811613
2024-06-14 22:10:37,8751.0,30.56816042461132
2024-06-14 22:10:38,8752.0,30.548036742780308
2024-06-14 22:10:39,8753.0,30.52855295347335
2024-06-14 22:10:40,8754.0,30.509849158845235
2024-06-14 22:10:41,8755.0,30.49206546105074
2024-06-14 22:10:42,8756.0,30.47534196224465
2024-06-14 22:10:43,8757.0,30.459818764581748
2024-06-14 22:10:44,8758.0,30.44563597021682
2024-06-14 22:10:45,8759.0,30.432933681304643
2024-06-14 22:10:46,8760.0,30.421852
2024-06-14 22:10:47,8761.0,30.411880719988353
2024-06-14 22:10:48,8762.0,30.402393351251902
2024-06-14 22:10:49,8763.0,30.393355570390565
2024-06-14 22:10:50,8764.0,30.38473305400425
2024-06-14 22:10:51,8765.0,30.37649147869287
2024-06-14 22:10:52,8766.0,30.368596521056332
2024-06-14 22:10:53,8767.0,30.361013857694545
2024-06-14 22:10:54,8768.0,30.353709165207423
2024-06-14 22:10:55,8769.0,30.346648120194875
2024-06-14 22:10:56,8770.0,30.339796399256823
2024-06-14 22:10:57,8771.0,30.333119678993157
2024-06-14 22:10:58,8772.0,30.3265836360038
2024-06-14 22:10:59,8773.0,30.320153946888663
2024-06-14 22:11:00,8774.0,30.31379628824765
2024-06-14 22:11:01,8775.0,30.30747633668068
2024-06-14 22:11:02,8776.0,30.30115976878766
2024-06-14 22:11:03,8777.0,30.294812261168495
2024-06-14 22:11:04,8778.0,30.288399490423103
2024-06-14 22:11:05,8779.0,30.281887133151393
2024-06-14 22:11:06,8780.0,30.275240865953275
2024-06-14 22:11:07,8781.0,30.26842636542866
2024-06-14 22:11:08,8782.0,30.261409308177456
2024-06-14 22:11:09,8783.0,30.254155370799584
2024-06-14 22:11:10,8784.0,30.246630229894937
2024-06-14 22:11:11,8785.0,30.23879956206344
2024-06-14 22:11:12,8786.0,30.230629043904997
2024-06-14 22:11:13,8787.0,30.222084352019518
2024-06-14 22:11:14,8788.0,30.213131163006924
2024-06-14 22:11:15,8789.0,30.203735153467115
2024-06-14 22:11:16,8790.0,30.193862
2024-06-14 22:11:17,8791.0,30.182920575836558
2024-06-14 22:11:18,8792.0,30.17043236166013
2024-06-14 22:11:19,8793.0,30.15653194524917
2024-06-14 22:11:20,8794.0,30.141353914382147
2024-06-14 22:11:21,8795.0,30.12503285683752
2024-06-14 22:11:22,8796.0,30.10770336039375
2024-06-14 22:11:23,8797.0,30.089500012829305
2024-06-14 22:11:24,8798.0,30.07055740192263
2024-06-14 22:11:25,8799.0,30.0510101154522
2024-06-14 22:11:26,8800.0,30.030992741196474
2024-06-14 22:11:27,8801.0,30.010639866933907
2024-06-14 22:11:28,8802.0,29.99008608044297
2024-06-14 22:11:29,8803.0,29.96946596950212
2024-06-14 22:11:30,8804.0,29.948914121889818
2024-06-14 22:11:31,8805.0,29.928565125384523
2024-06-14 22:11:32,8806.0,29.908553567764702
2024-06-14 22:11:33,8807.0,29.889014036808813
2024-06-14 22:11:34,8808.0,29.870081120295314
2024-06-14 22:11:35,8809.0,29.851889406002677
2024-06-14 22:11:36,8810.0,29.83457348170935
2024-06-14 22:11:37,8811.0,29.8182679351938
2024-06-14 22:11:38,8812.0,29.80310735423449
2024-06-14 22:11:39,8813.0,29.789226326609885
2024-06-14 22:11:40,8814.0,29.776759440098438
2024-06-14 22:11:41,8815.0,29.765841282478615
2024-06-14 22:11:42,8816.0,29.756606441528874
2024-06-14 22:11:43,8817.0,29.749189505027687
2024-06-14 22:11:44,8818.0,29.7437250607535
2024-06-14 22:11:45,8819.0,29.740347696484786
2024-06-14 22:11:46,8820.0,29.739192
2024-06-14 22:11:47,8821.0,29.741517872592592
2024-06-14 22:11:48,8822.0,29.748284047407406
2024-06-14 22:11:49,8823.0,29.75917336
2024-06-14 22:11:50,8824.0,29.773868645925926
2024-06-14 22:11:51,8825.0,29.792052740740736
2024-06-14 22:11:52,8826.0,29.81340848
2024-06-14 22:11:53,8827.0,29.83761869925926
2024-06-14 22:11:54,8828.0,29.864366234074073
2024-06-14 22:11:55,8829.0,29.89333392
2024-06-14 22:11:56,8830.0,29.92420459259259
2024-06-14 22:11:57,8831.0,29.956661087407404
2024-06-14 22:11:58,8832.0,29.99038624
2024-06-14 22:11:59,8833.0,30.025062885925923
2024-06-14 22:12:00,8834.0,30.06037386074074
2024-06-14 22:12:01,8835.0,30.096002
2024-06-14 22:12:02,8836.0,30.131630139259258
2024-06-14 22:12:03,8837.0,30.166941114074074
2024-06-14 22:12:04,8838.0,30.20161776
2024-06-14 22:12:05,8839.0,30.23534291259259
2024-06-14 22:12:06,8840.0,30.267799407407406
2024-06-14 22:12:07,8841.0,30.298670079999997
2024-06-14 22:12:08,8842.0,30.327637765925925
2024-06-14 22:12:09,8843.0,30.354385300740738
2024-06-14 22:12:10,8844.0,30.378595519999998
2024-06-14 22:12:11,8845.0,30.399951259259254
2024-06-14 22:12:12,8846.0,30.41813535407407
2024-06-14 22:12:13,8847.0,30.43283064
2024-06-14 22:12:14,8848.0,30.44371995259259
2024-06-14 22:12:15,8849.0,30.450486127407405
2024-06-14 22:12:16,8850.0,30.452811999999998
2024-06-14 22:12:17,8851.0,30.452342536296296
2024-06-14 22:12:18,8852.0,30.4509768237037
2024-06-14 22:12:19,8853.0,30.44877888
2024-06-14 22:12:20,8854.0,30.445812722962962
2024-06-14 22:12:21,8855.0,30.44214237037037
2024-06-14 22:12:22,8856.0,30.437831839999998
2024-06-14 22:12:23,8857.0,30.432945149629628
2024-06-14 22:12:24,8858.0,30.427546317037038
2024-06-14 22:12:25,8859.0,30.421699359999998
2024-06-14 22:12:26,8860.0,30.415468296296293
2024-06-14 22:12:27,8861.0,30.4089171437037
2024-06-14 22:12:28,8862.0,30.402109919999997
2024-06-14 22:12:29,8863.0,30.395110642962962
2024-06-14 22:12:30,8864.0,30.38798333037037
2024-06-14 22:12:31,8865.0,30.380792
2024-06-14 22:12:32,8866.0,30.373600669629628
2024-06-14 22:12:33,8867.0,30.366473357037037
2024-06-14 22:12:34,8868.0,30.359474080000002
2024-06-14 22:12:35,8869.0,30.3526668562963
2024-06-14 22:12:36,8870.0,30.346115703703703
2024-06-14 22:12:37,8871.0,30.33988464
2024-06-14 22:12:38,8872.0,30.334037682962965
2024-06-14 22:12:39,8873.0,30.328638850370368
2024-06-14 22:12:40,8874.0,30.32375216
2024-06-14 22:12:41,8875.0,30.31944162962963
2024-06-14 22:12:42,8876.0,30.315771277037037
2024-06-14 22:12:43,8877.0,30.31280512
2024-06-14 22:12:44,8878.0,30.310607176296298
2024-06-14 22:12:45,8879.0,30.309241463703703
2024-06-14 22:12:46,8880.0,30.308772
2024-06-14 22:12:47,8881.0,30.310999869925926
2024-06-14 22:12:48,8882.0,30.317480946074078
2024-06-14 22:12:49,8883.0,30.327911428
2024-06-14 22:12:50,8884.0,30.34198751525926
2024-06-14 22:12:51,8885.0,30.359405407407408
2024-06-14 22:12:52,8886.0,30.379861304000002
2024-06-14 22:12:53,8887.0,30.403051404592595
2024-06-14 22:12:54,8888.0,30.428671908740743
2024-06-14 22:12:55,8889.0,30.456419016
2024-06-14 22:12:56,8890.0,30.485988925925927
2024-06-14 22:12:57,8891.0,30.517077838074076
2024-06-14 22:12:58,8892.0,30.549381952
2024-06-14 22:12:59,8893.0,30.582597467259262
2024-06-14 22:13:00,8894.0,30.616420583407407
2024-06-14 22:13:01,8895.0,30.650547500000002
2024-06-14 22:13:02,8896.0,30.684674416592593
2024-06-14 22:13:03,8897.0,30.71849753274074
2024-06-14 22:13:04,8898.0,30.751713048000003
2024-06-14 22:13:05,8899.0,30.784017161925927
2024-06-14 22:13:06,8900.0,30.815106074074077
2024-06-14 22:13:07,8901.0,30.844675984000002
2024-06-14 22:13:08,8902.0,30.87242309125926
2024-06-14 22:13:09,8903.0,30.898043595407408
2024-06-14 22:13:10,8904.0,30.921233696
2024-06-14 22:13:11,8905.0,30.941689592592596
2024-06-14 22:13:12,8906.0,30.959107484740745
2024-06-14 22:13:13,8907.0,30.973183572000003
2024-06-14 22:13:14,8908.0,30.98361405392593
2024-06-14 22:13:15,8909.0,30.990095130074074
2024-06-14 22:13:16,8910.0,30.992323000000003
2024-06-14 22:13:17,8911.0,30.990122736
2024-06-14 22:13:18,8912.0,30.983721968
2024-06-14 22:13:19,8913.0,30.973420732000005
2024-06-14 22:13:20,8914.0,30.959519064000002
2024-06-14 22:13:21,8915.0,30.942317000000003
2024-06-14 22:13:22,8916.0,30.922114576000002
2024-06-14 22:13:23,8917.0,30.899211828000002
2024-06-14 22:13:24,8918.0,30.873908792
2024-06-14 22:13:25,8919.0,30.846505504000003
2024-06-14 22:13:26,8920.0,30.817302
2024-06-14 22:13:27,8921.0,30.786598316
2024-06-14 22:13:28,8922.0,30.754694488
2024-06-14 22:13:29,8923.0,30.721890552
2024-06-14 22:13:30,8924.0,30.688486544
2024-06-14 22:13:31,8925.0,30.6547825
2024-06-14 22:13:32,8926.0,30.621078456
2024-06-14 22:13:33,8927.0,30.587674448
2024-06-14 22:13:34,8928.0,30.554870511999997
2024-06-14 22:13:35,8929.0,30.522966684
2024-06-14 22:13:36,8930.0,30.492263
2024-06-14 22:13:37,8931.0,30.463059495999996
2024-06-14 22:13:38,8932.0,30.435656207999997
2024-06-14 22:13:39,8933.0,30.410353171999997
2024-06-14 22:13:40,8934.0,30.387450423999997
2024-06-14 22:13:41,8935.0,30.367248
2024-06-14 22:13:42,8936.0,30.350045935999997
2024-06-14 22:13:43,8937.0,30.336144267999998
2024-06-14 22:13:44,8938.0,30.325843031999995
2024-06-14 22:13:45,8939.0,30.319442263999996
2024-06-14 22:13:46,8940.0,30.317241999999997
2024-06-14 22:13:47,8941.0,30.31768177185185
2024-06-14 22:13:48,8942.0,30.318961108148144
2024-06-14 22:13:49,8943.0,30.321020039999997
2024-06-14 22:13:50,8944.0,30.323798598518515
2024-06-14 22:13:51,8945.0,30.327236814814814
2024-06-14 22:13:52,8946.0,30.33127472
2024-06-14 22:13:53,8947.0,30.335852345185184
2024-06-14 22:13:54,8948.0,30.34090972148148
2024-06-14 22:13:55,8949.0,30.346386879999997
2024-06-14 22:13:56,8950.0,30.352223851851853
2024-06-14 22:13:57,8951.0,30.358360668148148
2024-06-14 22:13:58,8952.0,30.36473736
2024-06-14 22:13:59,8953.0,30.371293958518518
2024-06-14 22:14:00,8954.0,30.377970494814814
2024-06-14 22:14:01,8955.0,30.384707
2024-06-14 22:14:02,8956.0,30.391443505185187
2024-06-14 22:14:03,8957.0,30.39812004148148
2024-06-14 22:14:04,8958.0,30.40467664
2024-06-14 22:14:05,8959.0,30.411053331851853
2024-06-14 22:14:06,8960.0,30.41719014814815
2024-06-14 22:14:07,8961.0,30.42302712
2024-06-14 22:14:08,8962.0,30.428504278518524
2024-06-14 22:14:09,8963.0,30.433561654814817
2024-06-14 22:14:10,8964.0,30.43813928
2024-06-14 22:14:11,8965.0,30.44217718518519
2024-06-14 22:14:12,8966.0,30.445615401481486
2024-06-14 22:14:13,8967.0,30.448393960000004
2024-06-14 22:14:14,8968.0,30.450452891851857
2024-06-14 22:14:15,8969.0,30.451732228148153
2024-06-14 22:14:16,8970.0,30.452172000000004
2024-06-14 22:14:17,8971.0,30.45089329481482
2024-06-14 22:14:18,8972.0,30.447173425185188
2024-06-14 22:14:19,8973.0,30.441186760000004
2024-06-14 22:14:20,8974.0,30.43310766814815
2024-06-14 22:14:21,8975.0,30.423110518518524
2024-06-14 22:14:22,8976.0,30.411369680000004
2024-06-14 22:14:23,8977.0,30.398059521481485
2024-06-14 22:14:24,8978.0,30.383354411851855
2024-06-14 22:14:25,8979.0,30.367428720000003
2024-06-14 22:14:26,8980.0,30.350456814814816
2024-06-14 22:14:27,8981.0,30.33261306518519
2024-06-14 22:14:28,8982.0,30.31407184
2024-06-14 22:14:29,8983.0,30.29500750814815
2024-06-14 22:14:30,8984.0,30.27559443851852
2024-06-14 22:14:31,8985.0,30.256007
2024-06-14 22:14:32,8986.0,30.236419561481483
2024-06-14 22:14:33,8987.0,30.217006491851855
2024-06-14 22:14:34,8988.0,30.197942160000004
2024-06-14 22:14:35,8989.0,30.179400934814815
2024-06-14 22:14:36,8990.0,30.161557185185185
2024-06-14 22:14:37,8991.0,30.14458528
2024-06-14 22:14:38,8992.0,30.128659588148146
2024-06-14 22:14:39,8993.0,30.11395447851852
2024-06-14 22:14:40,8994.0,30.100644319999997
2024-06-14 22:14:41,8995.0,30.088903481481484
2024-06-14 22:14:42,8996.0,30.078906331851854
2024-06-14 22:14:43,8997.0,30.07082724
2024-06-14 22:14:44,8998.0,30.064840574814813
2024-06-14 22:14:45,8999.0,30.061120705185186
2024-06-14 22:14:46,9000.0,30.059842
2024-06-14 22:14:47,9001.0,30.061126506666668
2024-06-14 22:14:48,9002.0,30.064863253333332
2024-06-14 22:14:49,9003.0,30.07087708
2024-06-14 22:14:50,9004.0,30.078992826666667
2024-06-14 22:14:51,9005.0,30.089035333333335
2024-06-14 22:14:52,9006.0,30.10082944
2024-06-14 22:14:53,9007.0,30.114199986666666
2024-06-14 22:14:54,9008.0,30.128971813333337
2024-06-14 22:14:55,9009.0,30.14496976
2024-06-14 22:14:56,9010.0,30.16201866666667
2024-06-14 22:14:57,9011.0,30.179943373333334
2024-06-14 22:14:58,9012.0,30.19856872
2024-06-14 22:14:59,9013.0,30.217719546666668
2024-06-14 22:15:00,9014.0,30.237220693333335
2024-06-14 22:15:01,9015.0,30.256897000000002
2024-06-14 22:15:02,9016.0,30.276573306666666
2024-06-14 22:15:03,9017.0,30.296074453333333
2024-06-14 22:15:04,9018.0,30.31522528
2024-06-14 22:15:05,9019.0,30.333850626666667
2024-06-14 22:15:06,9020.0,30.351775333333332
2024-06-14 22:15:07,9021.0,30.36882424
2024-06-14 22:15:08,9022.0,30.384822186666668
2024-06-14 22:15:09,9023.0,30.399594013333335
2024-06-14 22:15:10,9024.0,30.412964560000002
2024-06-14 22:15:11,9025.0,30.42475866666667
2024-06-14 22:15:12,9026.0,30.434801173333334
2024-06-14 22:15:13,9027.0,30.442916920000002
2024-06-14 22:15:14,9028.0,30.448930746666665
2024-06-14 22:15:15,9029.0,30.452667493333333
2024-06-14 22:15:16,9030.0,30.453952
2024-06-14 22:15:17,9031.0,30.452135223703703
2024-06-14 22:15:18,9032.0,30.4468500562963
2024-06-14 22:15:19,9033.0,30.43834424
2024-06-14 22:15:20,9034.0,30.426865517037037
2024-06-14 22:15:21,9035.0,30.412661629629632
2024-06-14 22:15:22,9036.0,30.39598032
2024-06-14 22:15:23,9037.0,30.377069330370368
2024-06-14 22:15:24,9038.0,30.356176402962966
2024-06-14 22:15:25,9039.0,30.33354928
2024-06-14 22:15:26,9040.0,30.309435703703702
2024-06-14 22:15:27,9041.0,30.284083416296294
2024-06-14 22:15:28,9042.0,30.25774016
2024-06-14 22:15:29,9043.0,30.230653677037036
2024-06-14 22:15:30,9044.0,30.203071709629626
2024-06-14 22:15:31,9045.0,30.175242
2024-06-14 22:15:32,9046.0,30.14741229037037
2024-06-14 22:15:33,9047.0,30.11983032296296
2024-06-14 22:15:34,9048.0,30.09274384
2024-06-14 22:15:35,9049.0,30.0664005837037
2024-06-14 22:15:36,9050.0,30.041048296296296
2024-06-14 22:15:37,9051.0,30.01693472
2024-06-14 22:15:38,9052.0,29.994307597037036
2024-06-14 22:15:39,9053.0,29.973414669629626
2024-06-14 22:15:40,9054.0,29.954503679999995
2024-06-14 22:15:41,9055.0,29.93782237037037
2024-06-14 22:15:42,9056.0,29.923618482962958
2024-06-14 22:15:43,9057.0,29.912139759999995
2024-06-14 22:15:44,9058.0,29.903633943703703
2024-06-14 22:15:45,9059.0,29.89834877629629
2024-06-14 22:15:46,9060.0,29.896531999999997
2024-06-14 22:15:47,9061.0,29.896763166857863
2024-06-14 22:15:48,9062.0,29.89744717161964
2024-06-14 22:15:49,9063.0,29.898569770567615
2024-06-14 22:15:50,9064.0,29.90011671998407
2024-06-14 22:15:51,9065.0,29.902073776151283
2024-06-14 22:15:52,9066.0,29.904426695351532
2024-06-14 22:15:53,9067.0,29.9071612338671
2024-06-14 22:15:54,9068.0,29.910263147980274
2024-06-14 22:15:55,9069.0,29.913718193973327
2024-06-14 22:15:56,9070.0,29.917512128128546
2024-06-14 22:15:57,9071.0,29.921630706728212
2024-06-14 22:15:58,9072.0,29.9260596860546
2024-06-14 22:15:59,9073.0,29.93078482238999
2024-06-14 22:16:00,9074.0,29.935791872016676
2024-06-14 22:16:01,9075.0,29.941066591216927
2024-06-14 22:16:02,9076.0,29.946594736273024
2024-06-14 22:16:03,9077.0,29.952362063467255
2024-06-14 22:16:04,9078.0,29.9583543290819
2024-06-14 22:16:05,9079.0,29.964557289399234
2024-06-14 22:16:06,9080.0,29.970956700701542
2024-06-14 22:16:07,9081.0,29.977538319271105
2024-06-14 22:16:08,9082.0,29.984287901390204
2024-06-14 22:16:09,9083.0,29.991191203341117
2024-06-14 22:16:10,9084.0,29.99823398140613
2024-06-14 22:16:11,9085.0,30.005401991867526
2024-06-14 22:16:12,9086.0,30.012680991007574
2024-06-14 22:16:13,9087.0,30.020056735108568
2024-06-14 22:16:14,9088.0,30.027514980452782
2024-06-14 22:16:15,9089.0,30.035041483322498
2024-06-14 22:16:16,9090.0,30.042622
2024-06-14 22:16:17,9091.0,30.051420697418244
2024-06-14 22:16:18,9092.0,30.06249099880648
2024-06-14 22:16:19,9093.0,30.075652544891437
2024-06-14 22:16:20,9094.0,30.090724976399834
2024-06-14 22:16:21,9095.0,30.107527934058403
2024-06-14 22:16:22,9096.0,30.12588105859387
2024-06-14 22:16:23,9097.0,30.145603990732955
2024-06-14 22:16:24,9098.0,30.16651637120239
2024-06-14 22:16:25,9099.0,30.1884378407289
2024-06-14 22:16:26,9100.0,30.2111880400392
2024-06-14 22:16:27,9101.0,30.234586609860028
2024-06-14 22:16:28,9102.0,30.258453190918107
2024-06-14 22:16:29,9103.0,30.282607423940156
2024-06-14 22:16:30,9104.0,30.306868949652905
2024-06-14 22:16:31,9105.0,30.331057408783074
2024-06-14 22:16:32,9106.0,30.354992442057405
2024-06-14 22:16:33,9107.0,30.378493690202603
2024-06-14 22:16:34,9108.0,30.401380793945407
2024-06-14 22:16:35,9109.0,30.423473394012536
2024-06-14 22:16:36,9110.0,30.444591131130714
2024-06-14 22:16:37,9111.0,30.464553646026676
2024-06-14 22:16:38,9112.0,30.483180579427138
2024-06-14 22:16:39,9113.0,30.500291572058828
2024-06-14 22:16:40,9114.0,30.515706264648472
2024-06-14 22:16:41,9115.0,30.529244297922798
2024-06-14 22:16:42,9116.0,30.540725312608526
2024-06-14 22:16:43,9117.0,30.549968949432387
2024-06-14 22:16:44,9118.0,30.556794849121104
2024-06-14 22:16:45,9119.0,30.5610226524014
2024-06-14 22:16:46,9120.0,30.562472000000007
2024-06-14 22:16:47,9121.0,30.56162550518519
2024-06-14 22:16:48,9122.0,30.55916297481482
2024-06-14 22:16:49,9123.0,30.555199840000007
2024-06-14 22:16:50,9124.0,30.54985153185186
2024-06-14 22:16:51,9125.0,30.543233481481487
2024-06-14 22:16:52,9126.0,30.535461120000008
2024-06-14 22:16:53,9127.0,30.526649878518523
2024-06-14 22:16:54,9128.0,30.516915188148154
2024-06-14 22:16:55,9129.0,30.506372480000007
2024-06-14 22:16:56,9130.0,30.49513718518519
2024-06-14 22:16:57,9131.0,30.48332473481482
2024-06-14 22:16:58,9132.0,30.471050560000005
2024-06-14 22:16:59,9133.0,30.458430091851856
2024-06-14 22:17:00,9134.0,30.445578761481485
2024-06-14 22:17:01,9135.0,30.432612000000006
2024-06-14 22:17:02,9136.0,30.41964523851852
2024-06-14 22:17:03,9137.0,30.40679390814815
2024-06-14 22:17:04,9138.0,30.39417344
2024-06-14 22:17:05,9139.0,30.381899265185186
2024-06-14 22:17:06,9140.0,30.370086814814815
2024-06-14 22:17:07,9141.0,30.35885152
2024-06-14 22:17:08,9142.0,30.34830881185185
2024-06-14 22:17:09,9143.0,30.338574121481482
2024-06-14 22:17:10,9144.0,30.32976288
2024-06-14 22:17:11,9145.0,30.32199051851852
2024-06-14 22:17:12,9146.0,30.315372468148148
2024-06-14 22:17:13,9147.0,30.31002416
2024-06-14 22:17:14,9148.0,30.306061025185183
2024-06-14 22:17:15,9149.0,30.303598494814814
2024-06-14 22:17:16,9150.0,30.302751999999998
2024-06-14 22:17:17,9151.0,30.30436946686282
2024-06-14 22:17:18,9152.0,30.309092681217326
2024-06-14 22:17:19,9153.0,30.316727863712597
2024-06-14 22:17:20,9154.0,30.327081234997696
2024-06-14 22:17:21,9155.0,30.3399590157217
2024-06-14 22:17:22,9156.0,30.355167426533676
2024-06-14 22:17:23,9157.0,30.372512688082704
2024-06-14 22:17:24,9158.0,30.391801021017844
2024-06-14 22:17:25,9159.0,30.41283864598818
2024-06-14 22:17:26,9160.0,30.435431783642777
2024-06-14 22:17:27,9161.0,30.459386654630702
2024-06-14 22:17:28,9162.0,30.484509479601037
2024-06-14 22:17:29,9163.0,30.510606479202846
2024-06-14 22:17:30,9164.0,30.537483874085204
2024-06-14 22:17:31,9165.0,30.564947884897183
2024-06-14 22:17:32,9166.0,30.592804732287853
2024-06-14 22:17:33,9167.0,30.620860636906286
2024-06-14 22:17:34,9168.0,30.648921819401554
2024-06-14 22:17:35,9169.0,30.67679450042273
2024-06-14 22:17:36,9170.0,30.704284900618884
2024-06-14 22:17:37,9171.0,30.73119924063909
2024-06-14 22:17:38,9172.0,30.757343741132413
2024-06-14 22:17:39,9173.0,30.782524622747932
2024-06-14 22:17:40,9174.0,30.806548106134716
2024-06-14 22:17:41,9175.0,30.829220411941836
2024-06-14 22:17:42,9176.0,30.850347760818366
2024-06-14 22:17:43,9177.0,30.869736373413375
2024-06-14 22:17:44,9178.0,30.887192470375936
2024-06-14 22:17:45,9179.0,30.90252227235512
2024-06-14 22:17:46,9180.0,30.915532000000002
2024-06-14 22:17:47,9181.0,30.927354281718955
2024-06-14 22:17:48,9182.0,30.939229695549994
2024-06-14 22:17:49,9183.0,30.95112638658663
2024-06-14 22:17:50,9184.0,30.963012499922378
2024-06-14 22:17:51,9185.0,30.974856180650757
2024-06-14 22:17:52,9186.0,30.98662557386529
2024-06-14 22:17:53,9187.0,30.99828882465948
2024-06-14 22:17:54,9188.0,31.009814078126848
2024-06-14 22:17:55,9189.0,31.021169479360918
2024-06-14 22:17:56,9190.0,31.032323173455193
2024-06-14 22:17:57,9191.0,31.043243305503196
2024-06-14 22:17:58,9192.0,31.053898020598446
2024-06-14 22:17:59,9193.0,31.064255463834456
2024-06-14 22:18:00,9194.0,31.07428378030474
2024-06-14 22:18:01,9195.0,31.083951115102813
2024-06-14 22:18:02,9196.0,31.093225613322204
2024-06-14 22:18:03,9197.0,31.102075420056412
2024-06-14 22:18:04,9198.0,31.110468680398963
2024-06-14 22:18:05,9199.0,31.118373539443372
2024-06-14 22:18:06,9200.0,31.12575814228315
2024-06-14 22:18:07,9201.0,31.132590634011816
2024-06-14 22:18:08,9202.0,31.13883915972289
2024-06-14 22:18:09,9203.0,31.14447186450989
2024-06-14 22:18:10,9204.0,31.14945689346632
2024-06-14 22:18:11,9205.0,31.153762391685706
2024-06-14 22:18:12,9206.0,31.15735650426156
2024-06-14 22:18:13,9207.0,31.1602073762874
2024-06-14 22:18:14,9208.0,31.162283152856745
2024-06-14 22:18:15,9209.0,31.163551979063104
2024-06-14 22:18:16,9210.0,31.163981999999997
2024-06-14 22:18:17,9211.0,31.162550240447043
2024-06-14 22:18:18,9212.0,31.15836523207134
2024-06-14 22:18:19,9213.0,31.151592380297643
2024-06-14 22:18:20,9214.0,31.142397090550702
2024-06-14 22:18:21,9215.0,31.13094476825526
2024-06-14 22:18:22,9216.0,31.117400818836074
2024-06-14 22:18:23,9217.0,31.101930647717886
2024-06-14 22:18:24,9218.0,31.084699660325455
2024-06-14 22:18:25,9219.0,31.065873262083525
2024-06-14 22:18:26,9220.0,31.045616858416842
2024-06-14 22:18:27,9221.0,31.024095854750158
2024-06-14 22:18:28,9222.0,31.001475656508227
2024-06-14 22:18:29,9223.0,30.977921669115794
2024-06-14 22:18:30,9224.0,30.953599297997606
2024-06-14 22:18:31,9225.0,30.92867394857842
2024-06-14 22:18:32,9226.0,30.90331102628298
2024-06-14 22:18:33,9227.0,30.877675936536036
2024-06-14 22:18:34,9228.0,30.85193408476234
2024-06-14 22:18:35,9229.0,30.82625087638664
2024-06-14 22:18:36,9230.0,30.800791716833686
2024-06-14 22:18:37,9231.0,30.775722011528224
2024-06-14 22:18:38,9232.0,30.75120716589501
2024-06-14 22:18:39,9233.0,30.727412585358785
2024-06-14 22:18:40,9234.0,30.704503675344302
2024-06-14 22:18:41,9235.0,30.68264584127632
2024-06-14 22:18:42,9236.0,30.662004488579573
2024-06-14 22:18:43,9237.0,30.642745022678817
2024-06-14 22:18:44,9238.0,30.625032848998806
2024-06-14 22:18:45,9239.0,30.609033372964284
2024-06-14 22:18:46,9240.0,30.594912
2024-06-14 22:18:47,9241.0,30.581664043332015
2024-06-14 22:18:48,9242.0,30.5682054147049
2024-06-14 22:18:49,9243.0,30.554582417321182
2024-06-14 22:18:50,9244.0,30.540841354383392
2024-06-14 22:18:51,9245.0,30.527028529094054
2024-06-14 22:18:52,9246.0,30.513190244655696
2024-06-14 22:18:53,9247.0,30.499372804270845
2024-06-14 22:18:54,9248.0,30.48562251114203
2024-06-14 22:18:55,9249.0,30.471985668471778
2024-06-14 22:18:56,9250.0,30.458508579462613
2024-06-14 22:18:57,9251.0,30.445237547317063
2024-06-14 22:18:58,9252.0,30.43221887523766
2024-06-14 22:18:59,9253.0,30.419498866426927
2024-06-14 22:19:00,9254.0,30.40712382408739
2024-06-14 22:19:01,9255.0,30.39514005142158
2024-06-14 22:19:02,9256.0,30.38359385163202
2024-06-14 22:19:03,9257.0,30.372531527921243
2024-06-14 22:19:04,9258.0,30.361999383491778
2024-06-14 22:19:05,9259.0,30.35204372154614
2024-06-14 22:19:06,9260.0,30.342710845286863
2024-06-14 22:19:07,9261.0,30.334047057916475
2024-06-14 22:19:08,9262.0,30.326098662637506
2024-06-14 22:19:09,9263.0,30.31891196265248
2024-06-14 22:19:10,9264.0,30.312533261163928
2024-06-14 22:19:11,9265.0,30.30700886137437
2024-06-14 22:19:12,9266.0,30.302385066486334
2024-06-14 22:19:13,9267.0,30.298708179702356
2024-06-14 22:19:14,9268.0,30.296024504224956
2024-06-14 22:19:15,9269.0,30.294380343256663
2024-06-14 22:19:16,9270.0,30.293822000000002
2024-06-14 22:19:17,9271.0,30.294043522191576
2024-06-14 22:19:18,9272.0,30.29470040754448
2024-06-14 22:19:19,9273.0,30.295781134225965
2024-06-14 22:19:20,9274.0,30.297274180403292
2024-06-14 22:19:21,9275.0,30.299168024243734
2024-06-14 22:19:22,9276.0,30.30145114391453
2024-06-14 22:19:23,9277.0,30.304112017582963
2024-06-14 22:19:24,9278.0,30.307139123416274
2024-06-14 22:19:25,9279.0,30.310520939581735
2024-06-14 22:19:26,9280.0,30.3142459442466
2024-06-14 22:19:27,9281.0,30.318302615578137
2024-06-14 22:19:28,9282.0,30.322679431743595
2024-06-14 22:19:29,9283.0,30.32736487091024
2024-06-14 22:19:30,9284.0,30.332347411245333
2024-06-14 22:19:31,9285.0,30.337615530916135
2024-06-14 22:19:32,9286.0,30.343157708089908
2024-06-14 22:19:33,9287.0,30.348962420933905
2024-06-14 22:19:34,9288.0,30.35501814761539
2024-06-14 22:19:35,9289.0,30.361313366301623
2024-06-14 22:19:36,9290.0,30.367836555159865
2024-06-14 22:19:37,9291.0,30.374576192357374
2024-06-14 22:19:38,9292.0,30.381520756061416
2024-06-14 22:19:39,9293.0,30.388658724439246
2024-06-14 22:19:40,9294.0,30.395978575658123
2024-06-14 22:19:41,9295.0,30.403468787885313
2024-06-14 22:19:42,9296.0,30.411117839288067
2024-06-14 22:19:43,9297.0,30.418914208033655
2024-06-14 22:19:44,9298.0,30.426846372289333
2024-06-14 22:19:45,9299.0,30.43490281022236
2024-06-14 22:19:46,9300.0,30.443071999999997
2024-06-14 22:19:47,9301.0,30.45306885199986
2024-06-14 22:19:48,9302.0,30.46644212548844
2024-06-14 22:19:49,9303.0,30.482931071966338
2024-06-14 22:19:50,9304.0,30.502274942934147
2024-06-14 22:19:51,9305.0,30.524212989892465
2024-06-14 22:19:52,9306.0,30.548484464341875
2024-06-14 22:19:53,9307.0,30.574828617782977
2024-06-14 22:19:54,9308.0,30.60298470171636
2024-06-14 22:19:55,9309.0,30.63269196764262
2024-06-14 22:19:56,9310.0,30.663689667062354
2024-06-14 22:19:57,9311.0,30.69571705147615
2024-06-14 22:19:58,9312.0,30.728513372384608
2024-06-14 22:19:59,9313.0,30.761817881288316
2024-06-14 22:20:00,9314.0,30.795369829687868
2024-06-14 22:20:01,9315.0,30.828908469083867
2024-06-14 22:20:02,9316.0,30.86217305097689
2024-06-14 22:20:03,9317.0,30.89490282686754
2024-06-14 22:20:04,9318.0,30.92683704825641
2024-06-14 22:20:05,9319.0,30.95771496664409
2024-06-14 22:20:06,9320.0,30.98727583353118
2024-06-14 22:20:07,9321.0,31.015258900418267
2024-06-14 22:20:08,9322.0,31.041403418805952
2024-06-14 22:20:09,9323.0,31.065448640194823
2024-06-14 22:20:10,9324.0,31.087133816085473
2024-06-14 22:20:11,9325.0,31.1061981979785
2024-06-14 22:20:12,9326.0,31.122381037374492
2024-06-14 22:20:13,9327.0,31.135421585774047
2024-06-14 22:20:14,9328.0,31.145059094677748
2024-06-14 22:20:15,9329.0,31.151032815586202
2024-06-14 22:20:16,9330.0,31.153082000000005
2024-06-14 22:20:17,9331.0,31.151206426666672
2024-06-14 22:20:18,9332.0,31.145750213333336
2024-06-14 22:20:19,9333.0,31.136969120000007
2024-06-14 22:20:20,9334.0,31.12511890666667
2024-06-14 22:20:21,9335.0,31.110455333333338
2024-06-14 22:20:22,9336.0,31.093234160000005
2024-06-14 22:20:23,9337.0,31.07371114666667
2024-06-14 22:20:24,9338.0,31.052142053333338
2024-06-14 22:20:25,9339.0,31.028782640000003
2024-06-14 22:20:26,9340.0,31.00388866666667
2024-06-14 22:20:27,9341.0,30.977715893333336
2024-06-14 22:20:28,9342.0,30.95052008
2024-06-14 22:20:29,9343.0,30.92255698666667
2024-06-14 22:20:30,9344.0,30.894082373333333
2024-06-14 22:20:31,9345.0,30.865352
2024-06-14 22:20:32,9346.0,30.836621626666666
2024-06-14 22:20:33,9347.0,30.808147013333333
2024-06-14 22:20:34,9348.0,30.780183920000002
2024-06-14 22:20:35,9349.0,30.752988106666667
2024-06-14 22:20:36,9350.0,30.72681533333333
2024-06-14 22:20:37,9351.0,30.70192136
2024-06-14 22:20:38,9352.0,30.678561946666665
2024-06-14 22:20:39,9353.0,30.656992853333335
2024-06-14 22:20:40,9354.0,30.637469839999998
2024-06-14 22:20:41,9355.0,30.620248666666665
2024-06-14 22:20:42,9356.0,30.60558509333333
2024-06-14 22:20:43,9357.0,30.593734879999996
2024-06-14 22:20:44,9358.0,30.584953786666667
2024-06-14 22:20:45,9359.0,30.57949757333333
2024-06-14 22:20:46,9360.0,30.577621999999998
2024-06-14 22:20:47,9361.0,30.57898479407407
2024-06-14 22:20:48,9362.0,30.582949285925924
2024-06-14 22:20:49,9363.0,30.58932964
2024-06-14 22:20:50,9364.0,30.597940020740737
2024-06-14 22:20:51,9365.0,30.60859459259259
2024-06-14 22:20:52,9366.0,30.62110752
2024-06-14 22:20:53,9367.0,30.635292967407405
2024-06-14 22:20:54,9368.0,30.65096509925926
2024-06-14 22:20:55,9369.0,30.66793808
2024-06-14 22:20:56,9370.0,30.68602607407407
2024-06-14 22:20:57,9371.0,30.705043245925925
2024-06-14 22:20:58,9372.0,30.72480376
2024-06-14 22:20:59,9373.0,30.74512178074074
2024-06-14 22:21:00,9374.0,30.765811472592592
2024-06-14 22:21:01,9375.0,30.786686999999997
2024-06-14 22:21:02,9376.0,30.807562527407406
2024-06-14 22:21:03,9377.0,30.82825221925926
2024-06-14 22:21:04,9378.0,30.848570239999997
2024-06-14 22:21:05,9379.0,30.868330754074073
2024-06-14 22:21:06,9380.0,30.887347925925926
2024-06-14 22:21:07,9381.0,30.90543592
2024-06-14 22:21:08,9382.0,30.92240890074074
2024-06-14 22:21:09,9383.0,30.938081032592592
2024-06-14 22:21:10,9384.0,30.95226648
2024-06-14 22:21:11,9385.0,30.964779407407406
2024-06-14 22:21:12,9386.0,30.975433979259257
2024-06-14 22:21:13,9387.0,30.984044360000002
2024-06-14 22:21:14,9388.0,30.990424714074074
2024-06-14 22:21:15,9389.0,30.994389205925927
2024-06-14 22:21:16,9390.0,30.995752
2024-06-14 22:21:17,9391.0,30.99572848238885
2024-06-14 22:21:18,9392.0,30.995658077578394
2024-06-14 22:21:19,9393.0,30.99554100760312
2024-06-14 22:21:20,9394.0,30.99537749449752
2024-06-14 22:21:21,9395.0,30.995167760296088
2024-06-14 22:21:22,9396.0,30.994912027033312
2024-06-14 22:21:23,9397.0,30.994610516743688
2024-06-14 22:21:24,9398.0,30.9942634514617
2024-06-14 22:21:25,9399.0,30.993871053221834
2024-06-14 22:21:26,9400.0,30.993433544058597
2024-06-14 22:21:27,9401.0,30.99295114600647
2024-06-14 22:21:28,9402.0,30.992424081099944
2024-06-14 22:21:29,9403.0,30.991852571373506
2024-06-14 22:21:30,9404.0,30.99123683886166
2024-06-14 22:21:31,9405.0,30.990577105598884
2024-06-14 22:21:32,9406.0,30.98987359361967
2024-06-14 22:21:33,9407.0,30.98912652495852
2024-06-14 22:21:34,9408.0,30.988336121649915
2024-06-14 22:21:35,9409.0,30.987502605728345
2024-06-14 22:21:36,9410.0,30.986626199228304
2024-06-14 22:21:37,9411.0,30.985707124184284
2024-06-14 22:21:38,9412.0,30.984745602630777
2024-06-14 22:21:39,9413.0,30.98374185660227
2024-06-14 22:21:40,9414.0,30.982696108133254
2024-06-14 22:21:41,9415.0,30.981608579258225
2024-06-14 22:21:42,9416.0,30.980479492011668
2024-06-14 22:21:43,9417.0,30.979309068428076
2024-06-14 22:21:44,9418.0,30.97809753054194
2024-06-14 22:21:45,9419.0,30.976845100387752
2024-06-14 22:21:46,9420.0,30.975552
2024-06-14 22:21:47,9421.0,30.971728508501137
2024-06-14 22:21:48,9422.0,30.96311494056917
2024-06-14 22:21:49,9423.0,30.950056571571924
2024-06-14 22:21:50,9424.0,30.932898676877222
2024-06-14 22:21:51,9425.0,30.911986531852886
2024-06-14 22:21:52,9426.0,30.887665411866745
2024-06-14 22:21:53,9427.0,30.86028059228662
2024-06-14 22:21:54,9428.0,30.830177348480333
2024-06-14 22:21:55,9429.0,30.797700955815714
2024-06-14 22:21:56,9430.0,30.763196689660585
2024-06-14 22:21:57,9431.0,30.727009825382765
2024-06-14 22:21:58,9432.0,30.68948563835009
2024-06-14 22:21:59,9433.0,30.650969403930368
2024-06-14 22:22:00,9434.0,30.611806397491435
2024-06-14 22:22:01,9435.0,30.572341894401116
2024-06-14 22:22:02,9436.0,30.53292117002723
2024-06-14 22:22:03,9437.0,30.493889499737605
2024-06-14 22:22:04,9438.0,30.455592158900057
2024-06-14 22:22:05,9439.0,30.41837442288242
2024-06-14 22:22:06,9440.0,30.38258156705251
2024-06-14 22:22:07,9441.0,30.348558866778163
2024-06-14 22:22:08,9442.0,30.31665159742719
2024-06-14 22:22:09,9443.0,30.287205034367425
2024-06-14 22:22:10,9444.0,30.260564452966687
2024-06-14 22:22:11,9445.0,30.237075128592796
2024-06-14 22:22:12,9446.0,30.217082336613586
2024-06-14 22:22:13,9447.0,30.20093135239688
2024-06-14 22:22:14,9448.0,30.188967451310493
2024-06-14 22:22:15,9449.0,30.181535908722257
2024-06-14 22:22:16,9450.0,30.178981999999998
2024-06-14 22:22:17,9451.0,30.18176873185185
2024-06-14 22:22:18,9452.0,30.189875588148144
2024-06-14 22:22:19,9453.0,30.202922559999998
2024-06-14 22:22:20,9454.0,30.220529638518517
2024-06-14 22:22:21,9455.0,30.24231681481481
2024-06-14 22:22:22,9456.0,30.267904079999997
2024-06-14 22:22:23,9457.0,30.296911425185183
2024-06-14 22:22:24,9458.0,30.328958841481477
2024-06-14 22:22:25,9459.0,30.363666319999997
2024-06-14 22:22:26,9460.0,30.40065385185185
2024-06-14 22:22:27,9461.0,30.439541428148146
2024-06-14 22:22:28,9462.0,30.479949039999997
2024-06-14 22:22:29,9463.0,30.521496678518517
2024-06-14 22:22:30,9464.0,30.56380433481481
2024-06-14 22:22:31,9465.0,30.606492
2024-06-14 22:22:32,9466.0,30.649179665185184
2024-06-14 22:22:33,9467.0,30.69148732148148
2024-06-14 22:22:34,9468.0,30.733034959999998
2024-06-14 22:22:35,9469.0,30.77344257185185
2024-06-14 22:22:36,9470.0,30.812330148148146
2024-06-14 22:22:37,9471.0,30.84931768
2024-06-14 22:22:38,9472.0,30.884025158518515
2024-06-14 22:22:39,9473.0,30.916072574814812
2024-06-14 22:22:40,9474.0,30.945079919999998
2024-06-14 22:22:41,9475.0,30.97066718518518
2024-06-14 22:22:42,9476.0,30.992454361481478
2024-06-14 22:22:43,9477.0,31.010061439999998
2024-06-14 22:22:44,9478.0,31.023108411851847
2024-06-14 22:22:45,9479.0,31.031215268148145
2024-06-14 22:22:46,9480.0,31.034001999999997
2024-06-14 22:22:47,9481.0,31.033781654331438
2024-06-14 22:22:48,9482.0,31.033127391440956
2024-06-14 22:22:49,9483.0,31.032049372501366
2024-06-14 22:22:50,9484.0,31.030557758685465
2024-06-14 22:22:51,9485.0,31.028662711166064
2024-06-14 22:22:52,9486.0,31.02637439111597
2024-06-14 22:22:53,9487.0,31.023702959707983
2024-06-14 22:22:54,9488.0,31.020658578114915
2024-06-14 22:22:55,9489.0,31.01725140750957
2024-06-14 22:22:56,9490.0,31.013491609064747
2024-06-14 22:22:57,9491.0,31.00938934395326
2024-06-14 22:22:58,9492.0,31.00495477334791
2024-06-14 22:22:59,9493.0,31.00019805842151
2024-06-14 22:23:00,9494.0,30.99512936034686
2024-06-14 22:23:01,9495.0,30.989758840296762
2024-06-14 22:23:02,9496.0,30.98409665944403
2024-06-14 22:23:03,9497.0,30.978152978961464
2024-06-14 22:23:04,9498.0,30.97193796002187
2024-06-14 22:23:05,9499.0,30.96546176379806
2024-06-14 22:23:06,9500.0,30.958734551462832
2024-06-14 22:23:07,9501.0,30.951766484188997
2024-06-14 22:23:08,9502.0,30.944567723149355
2024-06-14 22:23:09,9503.0,30.937148429516718
2024-06-14 22:23:10,9504.0,30.92951876446389
2024-06-14 22:23:11,9505.0,30.921688889163672
2024-06-14 22:23:12,9506.0,30.913668964788876
2024-06-14 22:23:13,9507.0,30.905469152512307
2024-06-14 22:23:14,9508.0,30.897099613506768
2024-06-14 22:23:15,9509.0,30.888570508945065
2024-06-14 22:23:16,9510.0,30.879892000000005
2024-06-14 22:23:17,9511.0,30.86883231535124
2024-06-14 22:23:18,9512.0,30.853376154196948
2024-06-14 22:23:19,9513.0,30.8338583834877
2024-06-14 22:23:20,9514.0,30.810613870174095
2024-06-14 22:23:21,9515.0,30.78397748120671
2024-06-14 22:23:22,9516.0,30.75428408353612
2024-06-14 22:23:23,9517.0,30.721868544112922
2024-06-14 22:23:24,9518.0,30.687065729887692
2024-06-14 22:23:25,9519.0,30.65021050781101
2024-06-14 22:23:26,9520.0,30.611637744833473
2024-06-14 22:23:27,9521.0,30.57168230790565
2024-06-14 22:23:28,9522.0,30.530679063978138
2024-06-14 22:23:29,9523.0,30.488962880001502
2024-06-14 22:23:30,9524.0,30.446868622926345
2024-06-14 22:23:31,9525.0,30.40473115970324
2024-06-14 22:23:32,9526.0,30.362885357282774
2024-06-14 22:23:33,9527.0,30.32166608261553
2024-06-14 22:23:34,9528.0,30.28140820265209
2024-06-14 22:23:35,9529.0,30.24244658434304
2024-06-14 22:23:36,9530.0,30.205116094638957
2024-06-14 22:23:37,9531.0,30.169751600490432
2024-06-14 22:23:38,9532.0,30.13668796884805
2024-06-14 22:23:39,9533.0,30.10626006666239
2024-06-14 22:23:40,9534.0,30.07880276088403
2024-06-14 22:23:41,9535.0,30.054650918463565
2024-06-14 22:23:42,9536.0,30.03413940635157
2024-06-14 22:23:43,9537.0,30.017603091498636
2024-06-14 22:23:44,9538.0,30.005376840855337
2024-06-14 22:23:45,9539.0,29.997795521372268
2024-06-14 22:23:46,9540.0,29.995194
2024-06-14 22:23:47,9541.0,29.998596540679568
2024-06-14 22:23:48,9542.0,30.008496484770127
2024-06-14 22:23:49,9543.0,30.024432315349475
2024-06-14 22:23:50,9544.0,30.045942515495398
2024-06-14 22:23:51,9545.0,30.072565568285683
2024-06-14 22:23:52,9546.0,30.10383995679813
2024-06-14 22:23:53,9547.0,30.139304164110523
2024-06-14 22:23:54,9548.0,30.178496673300653
2024-06-14 22:23:55,9549.0,30.220955967446315
2024-06-14 22:23:56,9550.0,30.266220529625297
2024-06-14 22:23:57,9551.0,30.313828842915388
2024-06-14 22:23:58,9552.0,30.363319390394384
2024-06-14 22:23:59,9553.0,30.41423065514007
2024-06-14 22:24:00,9554.0,30.466101120230242
2024-06-14 22:24:01,9555.0,30.518469268742688
2024-06-14 22:24:02,9556.0,30.570873583755194
2024-06-14 22:24:03,9557.0,30.622852548345563
2024-06-14 22:24:04,9558.0,30.673944645591575
2024-06-14 22:24:05,9559.0,30.723688358571025
2024-06-14 22:24:06,9560.0,30.771622170361702
2024-06-14 22:24:07,9561.0,30.8172845640414
2024-06-14 22:24:08,9562.0,30.860214022687906
2024-06-14 22:24:09,9563.0,30.899949029379016
2024-06-14 22:24:10,9564.0,30.936028067192513
2024-06-14 22:24:11,9565.0,30.96798961920619
2024-06-14 22:24:12,9566.0,30.99537216849784
2024-06-14 22:24:13,9567.0,31.017714198145267
2024-06-14 22:24:14,9568.0,31.03455419122623
2024-06-14 22:24:15,9569.0,31.04543063081855
2024-06-14 22:24:16,9570.0,31.049882000000004
2024-06-14 22:24:17,9571.0,31.05094974310738
2024-06-14 22:24:18,9572.0,31.051982906847847
2024-06-14 22:24:19,9573.0,31.052981377854746
2024-06-14 22:24:20,9574.0,31.05394504276142
2024-06-14 22:24:21,9575.0,31.054873788201224
2024-06-14 22:24:22,9576.0,31.055767500807494
2024-06-14 22:24:23,9577.0,31.056626067213585
2024-06-14 22:24:24,9578.0,31.057449374052844
2024-06-14 22:24:25,9579.0,31.058237307958606
2024-06-14 22:24:26,9580.0,31.058989755564227
2024-06-14 22:24:27,9581.0,31.05970660350306
2024-06-14 22:24:28,9582.0,31.060387738408433
2024-06-14 22:24:29,9583.0,31.061033046913703
2024-06-14 22:24:30,9584.0,31.06164241565222
2024-06-14 22:24:31,9585.0,31.062215731257318
2024-06-14 22:24:32,9586.0,31.062752880362357
2024-06-14 22:24:33,9587.0,31.063253749600676
2024-06-14 22:24:34,9588.0,31.063718225605623
2024-06-14 22:24:35,9589.0,31.06414619501054
2024-06-14 22:24:36,9590.0,31.064537544448786
2024-06-14 22:24:37,9591.0,31.06489216055369
2024-06-14 22:24:38,9592.0,31.06520992995861
2024-06-14 22:24:39,9593.0,31.06549073929689
2024-06-14 22:24:40,9594.0,31.065734475201875
2024-06-14 22:24:41,9595.0,31.065941024306916
2024-06-14 22:24:42,9596.0,31.06611027324535
2024-06-14 22:24:43,9597.0,31.066242108650528
2024-06-14 22:24:44,9598.0,31.066336417155803
2024-06-14 22:24:45,9599.0,31.06639308539451
2024-06-14 22:24:46,9600.0,31.066412000000003
2024-06-14 22:24:47,9601.0,31.06636866570064
2024-06-14 22:24:48,9602.0,31.06623916102009
2024-06-14 22:24:49,9603.0,31.066024233284658
2024-06-14 22:24:50,9604.0,31.065724629820647
2024-06-14 22:24:51,9605.0,31.065341097954363
2024-06-14 22:24:52,9606.0,31.064874385012107
2024-06-14 22:24:53,9607.0,31.06432523832019
2024-06-14 22:24:54,9608.0,31.063694405204913
2024-06-14 22:24:55,9609.0,31.062982632992583
2024-06-14 22:24:56,9610.0,31.062190669009503
2024-06-14 22:24:57,9611.0,31.06131926058198
2024-06-14 22:24:58,9612.0,31.060369155036316
2024-06-14 22:24:59,9613.0,31.059341099698816
2024-06-14 22:25:00,9614.0,31.058235841895787
2024-06-14 22:25:01,9615.0,31.057054128953535
2024-06-14 22:25:02,9616.0,31.05579670819836
2024-06-14 22:25:03,9617.0,31.05446432695657
2024-06-14 22:25:04,9618.0,31.053057732554468
2024-06-14 22:25:05,9619.0,31.051577672318363
2024-06-14 22:25:06,9620.0,31.05002489357456
2024-06-14 22:25:07,9621.0,31.048400143649353
2024-06-14 22:25:08,9622.0,31.04670416986906
2024-06-14 22:25:09,9623.0,31.04493771955998
2024-06-14 22:25:10,9624.0,31.043101540048415
2024-06-14 22:25:11,9625.0,31.04119637866068
2024-06-14 22:25:12,9626.0,31.039222982723068
2024-06-14 22:25:13,9627.0,31.03718209956189
2024-06-14 22:25:14,9628.0,31.03507447650345
2024-06-14 22:25:15,9629.0,31.03290086087405
2024-06-14 22:25:16,9630.0,31.030662
2024-06-14 22:25:17,9631.0,31.026473560879623
2024-06-14 22:25:18,9632.0,31.01861458835366
2024-06-14 22:25:19,9633.0,31.007330896512016
2024-06-14 22:25:20,9634.0,30.99286829944461
2024-06-14 22:25:21,9635.0,30.975472611241344
2024-06-14 22:25:22,9636.0,30.955389645992142
2024-06-14 22:25:23,9637.0,30.932865217786905
2024-06-14 22:25:24,9638.0,30.908145140715554
2024-06-14 22:25:25,9639.0,30.88147522886799
2024-06-14 22:25:26,9640.0,30.85310129633414
2024-06-14 22:25:27,9641.0,30.823269157203903
2024-06-14 22:25:28,9642.0,30.7922246255672
2024-06-14 22:25:29,9643.0,30.76021351551394
2024-06-14 22:25:30,9644.0,30.727481641134034
2024-06-14 22:25:31,9645.0,30.694274816517396
2024-06-14 22:25:32,9646.0,30.66083885575393
2024-06-14 22:25:33,9647.0,30.627419572933558
2024-06-14 22:25:34,9648.0,30.594262782146192
2024-06-14 22:25:35,9649.0,30.56161429748174
2024-06-14 22:25:36,9650.0,30.529719933030115
2024-06-14 22:25:37,9651.0,30.498825502881225
2024-06-14 22:25:38,9652.0,30.469176821124993
2024-06-14 22:25:39,9653.0,30.441019701851317
2024-06-14 22:25:40,9654.0,30.41459995915012
2024-06-14 22:25:41,9655.0,30.39016340711131
2024-06-14 22:25:42,9656.0,30.367955859824804
2024-06-14 22:25:43,9657.0,30.3482231313805
2024-06-14 22:25:44,9658.0,30.331211035868325
2024-06-14 22:25:45,9659.0,30.31716538737819
2024-06-14 22:25:46,9660.0,30.306331999999998
2024-06-14 22:25:47,9661.0,30.297234643217465
2024-06-14 22:25:48,9662.0,30.288242706815282
2024-06-14 22:25:49,9663.0,30.27937043533484
2024-06-14 22:25:50,9664.0,30.270632073317515
2024-06-14 22:25:51,9665.0,30.262041865304695
2024-06-14 22:25:52,9666.0,30.253614055837772
2024-06-14 22:25:53,9667.0,30.24536288945812
2024-06-14 22:25:54,9668.0,30.237302610707133
2024-06-14 22:25:55,9669.0,30.229447464126192
2024-06-14 22:25:56,9670.0,30.22181169425668
2024-06-14 22:25:57,9671.0,30.214409545639985
2024-06-14 22:25:58,9672.0,30.207255262817494
2024-06-14 22:25:59,9673.0,30.200363090330587
2024-06-14 22:26:00,9674.0,30.19374727272065
2024-06-14 22:26:01,9675.0,30.187422054529073
2024-06-14 22:26:02,9676.0,30.181401680297235
2024-06-14 22:26:03,9677.0,30.175700394566526
2024-06-14 22:26:04,9678.0,30.170332441878326
2024-06-14 22:26:05,9679.0,30.165312066774028
2024-06-14 22:26:06,9680.0,30.16065351379501
2024-06-14 22:26:07,9681.0,30.156371027482656
2024-06-14 22:26:08,9682.0,30.152478852378348
2024-06-14 22:26:09,9683.0,30.148991233023484
2024-06-14 22:26:10,9684.0,30.14592241395944
2024-06-14 22:26:11,9685.0,30.143286639727606
2024-06-14 22:26:12,9686.0,30.14109815486936
2024-06-14 22:26:13,9687.0,30.139371203926093
2024-06-14 22:26:14,9688.0,30.138120031439183
2024-06-14 22:26:15,9689.0,30.137358881950025
2024-06-14 22:26:16,9690.0,30.137102
2024-06-14 22:26:17,9691.0,30.138796968658124
2024-06-14 22:26:18,9692.0,30.14373863297851
2024-06-14 22:26:19,9693.0,30.15171213048016
2024-06-14 22:26:20,9694.0,30.162502598682085
2024-06-14 22:26:21,9695.0,30.175895175103292
2024-06-14 22:26:22,9696.0,30.191674997262794
2024-06-14 22:26:23,9697.0,30.20962720267959
2024-06-14 22:26:24,9698.0,30.229536928872697
2024-06-14 22:26:25,9699.0,30.251189313361124
2024-06-14 22:26:26,9700.0,30.274369493663873
2024-06-14 22:26:27,9701.0,30.29886260729996
2024-06-14 22:26:28,9702.0,30.324453791788383
2024-06-14 22:26:29,9703.0,30.350928184648158
2024-06-14 22:26:30,9704.0,30.37807092339829
2024-06-14 22:26:31,9705.0,30.40566714555779
2024-06-14 22:26:32,9706.0,30.433501988645666
2024-06-14 22:26:33,9707.0,30.461360590180924
2024-06-14 22:26:34,9708.0,30.489028087682573
2024-06-14 22:26:35,9709.0,30.516289618669624
2024-06-14 22:26:36,9710.0,30.542930320661082
2024-06-14 22:26:37,9711.0,30.56873533117596
2024-06-14 22:26:38,9712.0,30.59348978773326
2024-06-14 22:26:39,9713.0,30.616978827851998
2024-06-14 22:26:40,9714.0,30.63898758905118
2024-06-14 22:26:41,9715.0,30.659301208849808
2024-06-14 22:26:42,9716.0,30.677704824766895
2024-06-14 22:26:43,9717.0,30.69398357432145
2024-06-14 22:26:44,9718.0,30.707922595032482
2024-06-14 22:26:45,9719.0,30.719307024418995
2024-06-14 22:26:46,9720.0,30.727922000000003
2024-06-14 22:26:47,9721.0,30.73503905261805
2024-06-14 22:26:48,9722.0,30.742065887930487
2024-06-14 22:26:49,9723.0,30.748991905678558
2024-06-14 22:26:50,9724.0,30.75580650560348
2024-06-14 22:26:51,9725.0,30.762499087446493
2024-06-14 22:26:52,9726.0,30.769059050948826
2024-06-14 22:26:53,9727.0,30.775475795851712
2024-06-14 22:26:54,9728.0,30.78173872189637
2024-06-14 22:26:55,9729.0,30.787837228824042
2024-06-14 22:26:56,9730.0,30.793760716375957
2024-06-14 22:26:57,9731.0,30.79949858429334
2024-06-14 22:26:58,9732.0,30.805040232317427
2024-06-14 22:26:59,9733.0,30.81037506018945
2024-06-14 22:27:00,9734.0,30.815492467650632
2024-06-14 22:27:01,9735.0,30.82038185444221
2024-06-14 22:27:02,9736.0,30.825032620305414
2024-06-14 22:27:03,9737.0,30.82943416498147
2024-06-14 22:27:04,9738.0,30.833575888211616
2024-06-14 22:27:05,9739.0,30.83744718973708
2024-06-14 22:27:06,9740.0,30.841037469299085
2024-06-14 22:27:07,9741.0,30.844336126638872
2024-06-14 22:27:08,9742.0,30.847332561497666
2024-06-14 22:27:09,9743.0,30.850016173616694
2024-06-14 22:27:10,9744.0,30.852376362737203
2024-06-14 22:27:11,9745.0,30.854402528600406
2024-06-14 22:27:12,9746.0,30.856084070947535
2024-06-14 22:27:13,9747.0,30.857410389519835
2024-06-14 22:27:14,9748.0,30.858370884058523
2024-06-14 22:27:15,9749.0,30.858954954304828
2024-06-14 22:27:16,9750.0,30.859151999999995
2024-06-14 22:27:17,9751.0,30.85684884444444
2024-06-14 22:27:18,9752.0,30.850148755555548
2024-06-14 22:27:19,9753.0,30.839365799999992
2024-06-14 22:27:20,9754.0,30.82481404444444
2024-06-14 22:27:21,9755.0,30.80680755555555
2024-06-14 22:27:22,9756.0,30.785660399999994
2024-06-14 22:27:23,9757.0,30.761686644444442
2024-06-14 22:27:24,9758.0,30.73520035555555
2024-06-14 22:27:25,9759.0,30.706515599999996
2024-06-14 22:27:26,9760.0,30.67594644444444
2024-06-14 22:27:27,9761.0,30.64380695555555
2024-06-14 22:27:28,9762.0,30.610411199999998
2024-06-14 22:27:29,9763.0,30.57607324444444
2024-06-14 22:27:30,9764.0,30.54110715555555
2024-06-14 22:27:31,9765.0,30.505826999999996
2024-06-14 22:27:32,9766.0,30.470546844444442
2024-06-14 22:27:33,9767.0,30.435580755555552
2024-06-14 22:27:34,9768.0,30.401242799999995
2024-06-14 22:27:35,9769.0,30.367847044444442
2024-06-14 22:27:36,9770.0,30.33570755555555
2024-06-14 22:27:37,9771.0,30.3051384
2024-06-14 22:27:38,9772.0,30.276453644444445
2024-06-14 22:27:39,9773.0,30.24996735555555
2024-06-14 22:27:40,9774.0,30.2259936
2024-06-14 22:27:41,9775.0,30.204846444444442
2024-06-14 22:27:42,9776.0,30.186839955555552
2024-06-14 22:27:43,9777.0,30.172288199999997
2024-06-14 22:27:44,9778.0,30.161505244444445
2024-06-14 22:27:45,9779.0,30.154805155555554
2024-06-14 22:27:46,9780.0,30.152502
2024-06-14 22:27:47,9781.0,30.153337856966623
2024-06-14 22:27:48,9782.0,30.155793660622063
2024-06-14 22:27:49,9783.0,30.159791760099658
2024-06-14 22:27:50,9784.0,30.16525450453275
2024-06-14 22:27:51,9785.0,30.172104243054683
2024-06-14 22:27:52,9786.0,30.180263324798794
2024-06-14 22:27:53,9787.0,30.189654098898426
2024-06-14 22:27:54,9788.0,30.200198914486926
2024-06-14 22:27:55,9789.0,30.21182012069763
2024-06-14 22:27:56,9790.0,30.22444006666388
2024-06-14 22:27:57,9791.0,30.237981101519015
2024-06-14 22:27:58,9792.0,30.252365574396386
2024-06-14 22:27:59,9793.0,30.26751583442933
2024-06-14 22:28:00,9794.0,30.283354230751183
2024-06-14 22:28:01,9795.0,30.299803112495297
2024-06-14 22:28:02,9796.0,30.316784828795004
2024-06-14 22:28:03,9797.0,30.334221728783653
2024-06-14 22:28:04,9798.0,30.35203616159458
2024-06-14 22:28:05,9799.0,30.370150476361133
2024-06-14 22:28:06,9800.0,30.388487022216644
2024-06-14 22:28:07,9801.0,30.406968148294467
2024-06-14 22:28:08,9802.0,30.425516203727938
2024-06-14 22:28:09,9803.0,30.444053537650394
2024-06-14 22:28:10,9804.0,30.462502499195182
2024-06-14 22:28:11,9805.0,30.480785437495644
2024-06-14 22:28:12,9806.0,30.49882470168512
2024-06-14 22:28:13,9807.0,30.51654264089695
2024-06-14 22:28:14,9808.0,30.533861604264484
2024-06-14 22:28:15,9809.0,30.55070394092105
2024-06-14 22:28:16,9810.0,30.566992
2024-06-14 22:28:17,9811.0,30.583783125745615
2024-06-14 22:28:18,9812.0,30.602088929068852
2024-06-14 22:28:19,9813.0,30.621763159103043
2024-06-14 22:28:20,9814.0,30.642659564981546
2024-06-14 22:28:21,9815.0,30.664631895837687
2024-06-14 22:28:22,9816.0,30.687533900804816
2024-06-14 22:28:23,9817.0,30.71121932901627
2024-06-14 22:28:24,9818.0,30.735541929605397
2024-06-14 22:28:25,9819.0,30.76035545170553
2024-06-14 22:28:26,9820.0,30.785513644450017
2024-06-14 22:28:27,9821.0,30.810870256972198
2024-06-14 22:28:28,9822.0,30.836279038405415
2024-06-14 22:28:29,9823.0,30.861593737883013
2024-06-14 22:28:30,9824.0,30.886668104538323
2024-06-14 22:28:31,9825.0,30.911355887504698
2024-06-14 22:28:32,9826.0,30.93551083591548
2024-06-14 22:28:33,9827.0,30.958986698904
2024-06-14 22:28:34,9828.0,30.98163722560361
2024-06-14 22:28:35,9829.0,31.003316165147645
2024-06-14 22:28:36,9830.0,31.023877266669448
2024-06-14 22:28:37,9831.0,31.04317427930237
2024-06-14 22:28:38,9832.0,31.061060952179737
2024-06-14 22:28:39,9833.0,31.0773910344349
2024-06-14 22:28:40,9834.0,31.092018275201198
2024-06-14 22:28:41,9835.0,31.10479642361198
2024-06-14 22:28:42,9836.0,31.115579228800577
2024-06-14 22:28:43,9837.0,31.124220439900334
2024-06-14 22:28:44,9838.0,31.130573806044595
2024-06-14 22:28:45,9839.0,31.134493076366706
2024-06-14 22:28:46,9840.0,31.135831999999997
2024-06-14 22:28:47,9841.0,31.134923905185182
2024-06-14 22:28:48,9842.0,31.13228217481481
2024-06-14 22:28:49,9843.0,31.128030639999995
2024-06-14 22:28:50,9844.0,31.122293131851848
2024-06-14 22:28:51,9845.0,31.11519348148148
2024-06-14 22:28:52,9846.0,31.106855519999996
2024-06-14 22:28:53,9847.0,31.097403078518514
2024-06-14 22:28:54,9848.0,31.086959988148145
2024-06-14 22:28:55,9849.0,31.07565008
2024-06-14 22:28:56,9850.0,31.06359718518518
2024-06-14 22:28:57,9851.0,31.050925134814815
2024-06-14 22:28:58,9852.0,31.037757759999998
2024-06-14 22:28:59,9853.0,31.02421889185185
2024-06-14 22:29:00,9854.0,31.010432361481477
2024-06-14 22:29:01,9855.0,30.996522000000002
2024-06-14 22:29:02,9856.0,30.982611638518517
2024-06-14 22:29:03,9857.0,30.968825108148145
2024-06-14 22:29:04,9858.0,30.95528624
2024-06-14 22:29:05,9859.0,30.942118865185183
2024-06-14 22:29:06,9860.0,30.929446814814813
2024-06-14 22:29:07,9861.0,30.917393920000002
2024-06-14 22:29:08,9862.0,30.906084011851853
2024-06-14 22:29:09,9863.0,30.895640921481483
2024-06-14 22:29:10,9864.0,30.88618848
2024-06-14 22:29:11,9865.0,30.87785051851852
2024-06-14 22:29:12,9866.0,30.87075086814815
2024-06-14 22:29:13,9867.0,30.865013360000003
2024-06-14 22:29:14,9868.0,30.860761825185186
2024-06-14 22:29:15,9869.0,30.858120094814815
2024-06-14 22:29:16,9870.0,30.857212
2024-06-14 22:29:17,9871.0,30.857233647598648
2024-06-14 22:29:18,9872.0,30.857298413714314
2024-06-14 22:29:19,9873.0,30.85740603332659
2024-06-14 22:29:20,9874.0,30.857556241415068
2024-06-14 22:29:21,9875.0,30.857748772959336
2024-06-14 22:29:22,9876.0,30.857983362938985
2024-06-14 22:29:23,9877.0,30.85825974633361
2024-06-14 22:29:24,9878.0,30.85857765812279
2024-06-14 22:29:25,9879.0,30.858936833286126
2024-06-14 22:29:26,9880.0,30.859337006803205
2024-06-14 22:29:27,9881.0,30.85977791365362
2024-06-14 22:29:28,9882.0,30.860259288816952
2024-06-14 22:29:29,9883.0,30.860780867272805
2024-06-14 22:29:30,9884.0,30.861342384000757
2024-06-14 22:29:31,9885.0,30.861943573980408
2024-06-14 22:29:32,9886.0,30.86258417219134
2024-06-14 22:29:33,9887.0,30.86326391361315
2024-06-14 22:29:34,9888.0,30.86398253322543
2024-06-14 22:29:35,9889.0,30.864739766007762
2024-06-14 22:29:36,9890.0,30.86553534693974
2024-06-14 22:29:37,9891.0,30.86636901100096
2024-06-14 22:29:38,9892.0,30.867240493171
2024-06-14 22:29:39,9893.0,30.868149528429466
2024-06-14 22:29:40,9894.0,30.869095851755937
2024-06-14 22:29:41,9895.0,30.870079198130007
2024-06-14 22:29:42,9896.0,30.871099302531263
2024-06-14 22:29:43,9897.0,30.8721558999393
2024-06-14 22:29:44,9898.0,30.873248725333713
2024-06-14 22:29:45,9899.0,30.874377513694082
2024-06-14 22:29:46,9900.0,30.875542
2024-06-14 22:29:47,9901.0,30.878423464083696
2024-06-14 22:29:48,9902.0,30.88454709688851
2024-06-14 22:29:49,9903.0,30.893678500060695
2024-06-14 22:29:50,9904.0,30.905583275246514
2024-06-14 22:29:51,9905.0,30.920027024092214
2024-06-14 22:29:52,9906.0,30.936775348244062
2024-06-14 22:29:53,9907.0,30.95559384934831
2024-06-14 22:29:54,9908.0,30.97624812905122
2024-06-14 22:29:55,9909.0,30.99850378899904
2024-06-14 22:29:56,9910.0,31.02212643083804
2024-06-14 22:29:57,9911.0,31.046881656214463
2024-06-14 22:29:58,9912.0,31.072535066774574
2024-06-14 22:29:59,9913.0,31.09885226416463
2024-06-14 22:30:00,9914.0,31.125598850030883
2024-06-14 22:30:01,9915.0,31.15254042601959
2024-06-14 22:30:02,9916.0,31.17944259377702
2024-06-14 22:30:03,9917.0,31.20607095494942
2024-06-14 22:30:04,9918.0,31.23219111118305
2024-06-14 22:30:05,9919.0,31.25756866412416
2024-06-14 22:30:06,9920.0,31.28196921541902
2024-06-14 22:30:07,9921.0,31.305158366713876
2024-06-14 22:30:08,9922.0,31.32690171965499
2024-06-14 22:30:09,9923.0,31.34696487588862
2024-06-14 22:30:10,9924.0,31.36511343706102
2024-06-14 22:30:11,9925.0,31.381113004818445
2024-06-14 22:30:12,9926.0,31.394729180807158
2024-06-14 22:30:13,9927.0,31.40572756667341
2024-06-14 22:30:14,9928.0,31.413873764063467
2024-06-14 22:30:15,9929.0,31.418933374623577
2024-06-14 22:30:16,9930.0,31.420672000000003
2024-06-14 22:30:17,9931.0,31.416070548444445
2024-06-14 22:30:18,9932.0,31.402684507555556
2024-06-14 22:30:19,9933.0,31.381141348000003
2024-06-14 22:30:20,9934.0,31.352068540444446
2024-06-14 22:30:21,9935.0,31.31609355555556
2024-06-14 22:30:22,9936.0,31.273843864
2024-06-14 22:30:23,9937.0,31.225946936444448
2024-06-14 22:30:24,9938.0,31.17303024355556
2024-06-14 22:30:25,9939.0,31.115721256
2024-06-14 22:30:26,9940.0,31.054647444444445
2024-06-14 22:30:27,9941.0,30.990436279555556
2024-06-14 22:30:28,9942.0,30.923715232
2024-06-14 22:30:29,9943.0,30.855111772444445
2024-06-14 22:30:30,9944.0,30.785253371555555
2024-06-14 22:30:31,9945.0,30.714767499999997
2024-06-14 22:30:32,9946.0,30.644281628444443
2024-06-14 22:30:33,9947.0,30.574423227555553
2024-06-14 22:30:34,9948.0,30.505819767999995
2024-06-14 22:30:35,9949.0,30.43909872044444
2024-06-14 22:30:36,9950.0,30.374887555555553
2024-06-14 22:30:37,9951.0,30.313813743999997
2024-06-14 22:30:38,9952.0,30.25650475644444
2024-06-14 22:30:39,9953.0,30.203588063555554
2024-06-14 22:30:40,9954.0,30.155691135999994
2024-06-14 22:30:41,9955.0,30.11344144444444
2024-06-14 22:30:42,9956.0,30.07746645955555
2024-06-14 22:30:43,9957.0,30.048393651999994
2024-06-14 22:30:44,9958.0,30.02685049244444
2024-06-14 22:30:45,9959.0,30.01346445155555
2024-06-14 22:30:46,9960.0,30.008862999999995
2024-06-14 22:30:47,9961.0,30.009082974391436
2024-06-14 22:30:48,9962.0,30.009736543856597
2024-06-14 22:30:49,9963.0,30.010814177831726
2024-06-14 22:30:50,9964.0,30.012306345753085
2024-06-14 22:30:51,9965.0,30.01420351705692
2024-06-14 22:30:52,9966.0,30.016496161179493
2024-06-14 22:30:53,9967.0,30.01917474755705
2024-06-14 22:30:54,9968.0,30.022229745625843
2024-06-14 22:30:55,9969.0,30.025651624822128
2024-06-14 22:30:56,9970.0,30.029430854582166
2024-06-14 22:30:57,9971.0,30.0335579043422
2024-06-14 22:30:58,9972.0,30.038023243538486
2024-06-14 22:30:59,9973.0,30.042817341607286
2024-06-14 22:31:00,9974.0,30.047930667984836
2024-06-14 22:31:01,9975.0,30.05335369210741
2024-06-14 22:31:02,9976.0,30.059076883411244
2024-06-14 22:31:03,9977.0,30.065090711332605
2024-06-14 22:31:04,9978.0,30.071385645307736
2024-06-14 22:31:05,9979.0,30.077952154772895
2024-06-14 22:31:06,9980.0,30.084780709164338
2024-06-14 22:31:07,9981.0,30.091861777918314
2024-06-14 22:31:08,9982.0,30.099185830471082
2024-06-14 22:31:09,9983.0,30.106743336258887
2024-06-14 22:31:10,9984.0,30.11452476471799
2024-06-14 22:31:11,9985.0,30.12252058528464
2024-06-14 22:31:12,9986.0,30.130721267395092
2024-06-14 22:31:13,9987.0,30.139117280485603
2024-06-14 22:31:14,9988.0,30.147699093992422
2024-06-14 22:31:15,9989.0,30.156457177351804
2024-06-14 22:31:16,9990.0,30.165382
2024-06-14 22:31:17,9991.0,30.17701005553709
2024-06-14 22:31:18,9992.0,30.193632089118694
2024-06-14 22:31:19,9993.0,30.214869947514398
2024-06-14 22:31:20,9994.0,30.240345477493797
2024-06-14 22:31:21,9995.0,30.269680525826473
2024-06-14 22:31:22,9996.0,30.302496939282012
2024-06-14 22:31:23,9997.0,30.338416564630002
2024-06-14 22:31:24,9998.0,30.377061248640032
2024-06-14 22:31:25,9999.0,30.418052838081685
2024-06-14 22:31:26,10000.0,30.46101317972455
2024-06-14 22:31:27,10001.0,30.505564120338217
2024-06-14 22:31:28,10002.0,30.551327506692267
2024-06-14 22:31:29,10003.0,30.597925185556285
2024-06-14 22:31:30,10004.0,30.644979003699866
2024-06-14 22:31:31,10005.0,30.69211080789259
2024-06-14 22:31:32,10006.0,30.738942444904048
2024-06-14 22:31:33,10007.0,30.78509576150383
2024-06-14 22:31:34,10008.0,30.830192604461512
2024-06-14 22:31:35,10009.0,30.87385482054669
2024-06-14 22:31:36,10010.0,30.915704256528944
2024-06-14 22:31:37,10011.0,30.95536275917787
2024-06-14 22:31:38,10012.0,30.992452175263043
2024-06-14 22:31:39,10013.0,31.026594351554063
2024-06-14 22:31:40,10014.0,31.05741113482051
2024-06-14 22:31:41,10015.0,31.084524371831968
2024-06-14 22:31:42,10016.0,31.107555909358027
2024-06-14 22:31:43,10017.0,31.12612759416827
2024-06-14 22:31:44,10018.0,31.13986127303229
2024-06-14 22:31:45,10019.0,31.148378792719676
2024-06-14 22:31:46,10020.0,31.151302000000005
2024-06-14 22:31:47,10021.0,31.14946273481482
2024-06-14 22:31:48,10022.0,31.14411214518519
2024-06-14 22:31:49,10023.0,31.135501040000005
2024-06-14 22:31:50,10024.0,31.123880228148153
2024-06-14 22:31:51,10025.0,31.109500518518523
2024-06-14 22:31:52,10026.0,31.092612720000005
2024-06-14 22:31:53,10027.0,31.073467641481486
2024-06-14 22:31:54,10028.0,31.052316091851853
2024-06-14 22:31:55,10029.0,31.029408880000002
2024-06-14 22:31:56,10030.0,31.004996814814817
2024-06-14 22:31:57,10031.0,30.979330705185188
2024-06-14 22:31:58,10032.0,30.952661360000004
2024-06-14 22:31:59,10033.0,30.925239588148152
2024-06-14 22:32:00,10034.0,30.89731619851852
2024-06-14 22:32:01,10035.0,30.869142000000004
2024-06-14 22:32:02,10036.0,30.840967801481483
2024-06-14 22:32:03,10037.0,30.813044411851852
2024-06-14 22:32:04,10038.0,30.78562264
2024-06-14 22:32:05,10039.0,30.758953294814816
2024-06-14 22:32:06,10040.0,30.733287185185183
2024-06-14 22:32:07,10041.0,30.70887512
2024-06-14 22:32:08,10042.0,30.68596790814815
2024-06-14 22:32:09,10043.0,30.664816358518518
2024-06-14 22:32:10,10044.0,30.645671280000002
2024-06-14 22:32:11,10045.0,30.62878348148148
2024-06-14 22:32:12,10046.0,30.61440377185185
2024-06-14 22:32:13,10047.0,30.60278296
2024-06-14 22:32:14,10048.0,30.594171854814814
2024-06-14 22:32:15,10049.0,30.588821265185185
2024-06-14 22:32:16,10050.0,30.586982
2024-06-14 22:32:17,10051.0,30.586989072592594
2024-06-14 22:32:18,10052.0,30.587009647407406
2024-06-14 22:32:19,10053.0,30.58704276
2024-06-14 22:32:20,10054.0,30.587087445925928
2024-06-14 22:32:21,10055.0,30.58714274074074
2024-06-14 22:32:22,10056.0,30.587207680000002
2024-06-14 22:32:23,10057.0,30.58728129925926
2024-06-14 22:32:24,10058.0,30.587362634074076
2024-06-14 22:32:25,10059.0,30.58745072
2024-06-14 22:32:26,10060.0,30.58754459259259
2024-06-14 22:32:27,10061.0,30.58764328740741
2024-06-14 22:32:28,10062.0,30.58774584
2024-06-14 22:32:29,10063.0,30.587851285925925
2024-06-14 22:32:30,10064.0,30.58795866074074
2024-06-14 22:32:31,10065.0,30.588067
2024-06-14 22:32:32,10066.0,30.58817533925926
2024-06-14 22:32:33,10067.0,30.588282714074076
2024-06-14 22:32:34,10068.0,30.58838816
2024-06-14 22:32:35,10069.0,30.588490712592595
2024-06-14 22:32:36,10070.0,30.588589407407408
2024-06-14 22:32:37,10071.0,30.58868328
2024-06-14 22:32:38,10072.0,30.58877136592593
2024-06-14 22:32:39,10073.0,30.58885270074074
2024-06-14 22:32:40,10074.0,30.588926320000002
2024-06-14 22:32:41,10075.0,30.588991259259263
2024-06-14 22:32:42,10076.0,30.589046554074073
2024-06-14 22:32:43,10077.0,30.589091240000002
2024-06-14 22:32:44,10078.0,30.589124352592595
2024-06-14 22:32:45,10079.0,30.58914492740741
2024-06-14 22:32:46,10080.0,30.589152000000002
2024-06-14 22:32:47,10081.0,30.58773336201154
2024-06-14 22:32:48,10082.0,30.583605613285947
2024-06-14 22:32:49,10083.0,30.576961001682896
2024-06-14 22:32:50,10084.0,30.567991775062072
2024-06-14 22:32:51,10085.0,30.556890181283162
2024-06-14 22:32:52,10086.0,30.54384846820584
2024-06-14 22:32:53,10087.0,30.5290588836898
2024-06-14 22:32:54,10088.0,30.512713675594707
2024-06-14 22:32:55,10089.0,30.49500509178025
2024-06-14 22:32:56,10090.0,30.476125380106115
2024-06-14 22:32:57,10091.0,30.45626678843198
2024-06-14 22:32:58,10092.0,30.435621564617527
2024-06-14 22:32:59,10093.0,30.414381956522433
2024-06-14 22:33:00,10094.0,30.392740212006387
2024-06-14 22:33:01,10095.0,30.37088857892907
2024-06-14 22:33:02,10096.0,30.349019305150158
2024-06-14 22:33:03,10097.0,30.327324638529337
2024-06-14 22:33:04,10098.0,30.305996826926286
2024-06-14 22:33:05,10099.0,30.28522811820069
2024-06-14 22:33:06,10100.0,30.265210760212227
2024-06-14 22:33:07,10101.0,30.246137000820585
2024-06-14 22:33:08,10102.0,30.228199087885436
2024-06-14 22:33:09,10103.0,30.21158926926647
2024-06-14 22:33:10,10104.0,30.196499792823367
2024-06-14 22:33:11,10105.0,30.183122906415804
2024-06-14 22:33:12,10106.0,30.171650857903465
2024-06-14 22:33:13,10107.0,30.16227589514604
2024-06-14 22:33:14,10108.0,30.155190266003196
2024-06-14 22:33:15,10109.0,30.150586218334624
2024-06-14 22:33:16,10110.0,30.148656000000003
2024-06-14 22:33:17,10111.0,30.1481351244802
2024-06-14 22:33:18,10112.0,30.147630983181998
2024-06-14 22:33:19,10113.0,30.14714364085397
2024-06-14 22:33:20,10114.0,30.146673162244685
2024-06-14 22:33:21,10115.0,30.14621961210272
2024-06-14 22:33:22,10116.0,30.14578305517664
2024-06-14 22:33:23,10117.0,30.145363556215017
2024-06-14 22:33:24,10118.0,30.14496117996642
2024-06-14 22:33:25,10119.0,30.14457599117942
2024-06-14 22:33:26,10120.0,30.14420805460259
2024-06-14 22:33:27,10121.0,30.1438574349845
2024-06-14 22:33:28,10122.0,30.143524197073717
2024-06-14 22:33:29,10123.0,30.143208405618818
2024-06-14 22:33:30,10124.0,30.142910125368363
2024-06-14 22:33:31,10125.0,30.142629421070936
2024-06-14 22:33:32,10126.0,30.142366357475098
2024-06-14 22:33:33,10127.0,30.14212099932942
2024-06-14 22:33:34,10128.0,30.141893411382476
2024-06-14 22:33:35,10129.0,30.141683658382835
2024-06-14 22:33:36,10130.0,30.14149180507907
2024-06-14 22:33:37,10131.0,30.14131791621975
2024-06-14 22:33:38,10132.0,30.14116205655344
2024-06-14 22:33:39,10133.0,30.141024290828724
2024-06-14 22:33:40,10134.0,30.140904683794158
2024-06-14 22:33:41,10135.0,30.140803300198318
2024-06-14 22:33:42,10136.0,30.14072020478978
2024-06-14 22:33:43,10137.0,30.140655462317106
2024-06-14 22:33:44,10138.0,30.140609137528873
2024-06-14 22:33:45,10139.0,30.140581295173646
2024-06-14 22:33:46,10140.0,30.140572
2024-06-14 22:33:47,10141.0,30.140576326611026
2024-06-14 22:33:48,10142.0,30.14058929664336
2024-06-14 22:33:49,10143.0,30.140610895395852
2024-06-14 22:33:50,10144.0,30.140641108167387
2024-06-14 22:33:51,10145.0,30.14067992025683
2024-06-14 22:33:52,10146.0,30.14072731696304
2024-06-14 22:33:53,10147.0,30.140783283584895
2024-06-14 22:33:54,10148.0,30.140847805421252
2024-06-14 22:33:55,10149.0,30.140920867770987
2024-06-14 22:33:56,10150.0,30.141002455932966
2024-06-14 22:33:57,10151.0,30.141092555206054
2024-06-14 22:33:58,10152.0,30.14119115088912
2024-06-14 22:33:59,10153.0,30.141298228281038
2024-06-14 22:34:00,10154.0,30.14141377268067
2024-06-14 22:34:01,10155.0,30.14153776938688
2024-06-14 22:34:02,10156.0,30.141670203698542
2024-06-14 22:34:03,10157.0,30.14181106091452
2024-06-14 22:34:04,10158.0,30.141960326333688
2024-06-14 22:34:05,10159.0,30.142117985254902
2024-06-14 22:34:06,10160.0,30.142284022977044
2024-06-14 22:34:07,10161.0,30.142458424798974
2024-06-14 22:34:08,10162.0,30.142641176019556
2024-06-14 22:34:09,10163.0,30.142832261937667
2024-06-14 22:34:10,10164.0,30.143031667852167
2024-06-14 22:34:11,10165.0,30.143239379061928
2024-06-14 22:34:12,10166.0,30.143455380865817
2024-06-14 22:34:13,10167.0,30.143679658562704
2024-06-14 22:34:14,10168.0,30.143912197451446
2024-06-14 22:34:15,10169.0,30.144152982830924
2024-06-14 22:34:16,10170.0,30.144402000000003
2024-06-14 22:34:17,10171.0,30.145537556556103
2024-06-14 22:34:18,10172.0,30.148382469606478
2024-06-14 22:34:19,10173.0,30.15285348871476
2024-06-14 22:34:20,10174.0,30.158867363444564
2024-06-14 22:34:21,10175.0,30.166340843359517
2024-06-14 22:34:22,10176.0,30.175190678023235
2024-06-14 22:34:23,10177.0,30.18533361699934
2024-06-14 22:34:24,10178.0,30.196686409851463
2024-06-14 22:34:25,10179.0,30.209165806143222
2024-06-14 22:34:26,10180.0,30.22268855543823
2024-06-14 22:34:27,10181.0,30.237171407300117
2024-06-14 22:34:28,10182.0,30.252531111292505
2024-06-14 22:34:29,10183.0,30.268684416979017
2024-06-14 22:34:30,10184.0,30.28554807392327
2024-06-14 22:34:31,10185.0,30.303038831688887
2024-06-14 22:34:32,10186.0,30.321073439839495
2024-06-14 22:34:33,10187.0,30.339568647938716
2024-06-14 22:34:34,10188.0,30.35844120555016
2024-06-14 22:34:35,10189.0,30.377607862237465
2024-06-14 22:34:36,10190.0,30.396985367564238
2024-06-14 22:34:37,10191.0,30.416490471094114
2024-06-14 22:34:38,10192.0,30.436039922390712
2024-06-14 22:34:39,10193.0,30.45555047101764
2024-06-14 22:34:40,10194.0,30.474938866538544
2024-06-14 22:34:41,10195.0,30.49412185851703
2024-06-14 22:34:42,10196.0,30.51301619651672
2024-06-14 22:34:43,10197.0,30.53153863010124
2024-06-14 22:34:44,10198.0,30.549605908834213
2024-06-14 22:34:45,10199.0,30.567134782279258
2024-06-14 22:34:46,10200.0,30.584041999999997
2024-06-14 22:34:47,10201.0,30.601387889628228
2024-06-14 22:34:48,10202.0,30.620192516003907
2024-06-14 22:34:49,10203.0,30.6403122345029
2024-06-14 22:34:50,10204.0,30.66160340050107
2024-06-14 22:34:51,10205.0,30.683922369374287
2024-06-14 22:34:52,10206.0,30.70712549649841
2024-06-14 22:34:53,10207.0,30.73106913724931
2024-06-14 22:34:54,10208.0,30.75560964700285
2024-06-14 22:34:55,10209.0,30.780603381134895
2024-06-14 22:34:56,10210.0,30.805906695021314
2024-06-14 22:34:57,10211.0,30.831375944037962
2024-06-14 22:34:58,10212.0,30.856867483560716
2024-06-14 22:34:59,10213.0,30.882237668965434
2024-06-14 22:35:00,10214.0,30.907342855627984
2024-06-14 22:35:01,10215.0,30.932039398924235
2024-06-14 22:35:02,10216.0,30.956183654230042
2024-06-14 22:35:03,10217.0,30.97963197692128
2024-06-14 22:35:04,10218.0,31.002240722373813
2024-06-14 22:35:05,10219.0,31.023866245963504
2024-06-14 22:35:06,10220.0,31.044364903066214
2024-06-14 22:35:07,10221.0,31.06359304905782
2024-06-14 22:35:08,10222.0,31.08140703931417
2024-06-14 22:35:09,10223.0,31.097663229211147
2024-06-14 22:35:10,10224.0,31.112217974124608
2024-06-14 22:35:11,10225.0,31.12492762943042
2024-06-14 22:35:12,10226.0,31.135648550504445
2024-06-14 22:35:13,10227.0,31.144237092722552
2024-06-14 22:35:14,10228.0,31.150549611460605
2024-06-14 22:35:15,10229.0,31.154442462094465
2024-06-14 22:35:16,10230.0,31.155772000000006
2024-06-14 22:35:17,10231.0,31.151626939259266
2024-06-14 22:35:18,10232.0,31.139568580740747
2024-06-14 22:35:19,10233.0,31.120162160000007
2024-06-14 22:35:20,10234.0,31.093972912592598
2024-06-14 22:35:21,10235.0,31.06156607407408
2024-06-14 22:35:22,10236.0,31.023506880000003
2024-06-14 22:35:23,10237.0,30.98036056592593
2024-06-14 22:35:24,10238.0,30.932692367407412
2024-06-14 22:35:25,10239.0,30.881067520000002
2024-06-14 22:35:26,10240.0,30.826051259259263
2024-06-14 22:35:27,10241.0,30.768208820740746
2024-06-14 22:35:28,10242.0,30.708105440000004
2024-06-14 22:35:29,10243.0,30.646306352592596
2024-06-14 22:35:30,10244.0,30.583376794074077
2024-06-14 22:35:31,10245.0,30.519882000000003
2024-06-14 22:35:32,10246.0,30.456387205925928
2024-06-14 22:35:33,10247.0,30.39345764740741
2024-06-14 22:35:34,10248.0,30.331658560000005
2024-06-14 22:35:35,10249.0,30.271555179259263
2024-06-14 22:35:36,10250.0,30.21371274074074
2024-06-14 22:35:37,10251.0,30.15869648
2024-06-14 22:35:38,10252.0,30.107071632592593
2024-06-14 22:35:39,10253.0,30.059403434074074
2024-06-14 22:35:40,10254.0,30.01625712
2024-06-14 22:35:41,10255.0,29.978197925925926
2024-06-14 22:35:42,10256.0,29.945791087407407
2024-06-14 22:35:43,10257.0,29.919601840000002
2024-06-14 22:35:44,10258.0,29.90019541925926
2024-06-14 22:35:45,10259.0,29.88813706074074
2024-06-14 22:35:46,10260.0,29.883992
2024-06-14 22:35:47,10261.0,29.884540592834238
2024-06-14 22:35:48,10262.0,29.88615117998817
2024-06-14 22:35:49,10263.0,29.888770974438614
2024-06-14 22:35:50,10264.0,29.892347189162404
2024-06-14 22:35:51,10265.0,29.896827037136358
2024-06-14 22:35:52,10266.0,29.902157731337304
2024-06-14 22:35:53,10267.0,29.908286484742064
2024-06-14 22:35:54,10268.0,29.91516051032746
2024-06-14 22:35:55,10269.0,29.922727021070322
2024-06-14 22:35:56,10270.0,29.930933229947467
2024-06-14 22:35:57,10271.0,29.939726349935725
2024-06-14 22:35:58,10272.0,29.949053594011918
2024-06-14 22:35:59,10273.0,29.95886217515287
2024-06-14 22:36:00,10274.0,29.96909930633541
2024-06-14 22:36:01,10275.0,29.97971220053635
2024-06-14 22:36:02,10276.0,29.990648070732533
2024-06-14 22:36:03,10277.0,30.001854129900764
2024-06-14 22:36:04,10278.0,30.01327759101788
2024-06-14 22:36:05,10279.0,30.0248656670607
2024-06-14 22:36:06,10280.0,30.036565571006047
2024-06-14 22:36:07,10281.0,30.048324515830753
2024-06-14 22:36:08,10282.0,30.060089714511633
2024-06-14 22:36:09,10283.0,30.071808380025516
2024-06-14 22:36:10,10284.0,30.083427725349228
2024-06-14 22:36:11,10285.0,30.094894963459588
2024-06-14 22:36:12,10286.0,30.106157307333422
2024-06-14 22:36:13,10287.0,30.11716196994756
2024-06-14 22:36:14,10288.0,30.127856164278818
2024-06-14 22:36:15,10289.0,30.13818710330402
2024-06-14 22:36:16,10290.0,30.148102
2024-06-14 22:36:17,10291.0,30.15804294302599
2024-06-14 22:36:18,10292.0,30.168457482850112
2024-06-14 22:36:19,10293.0,30.17930102516252
2024-06-14 22:36:20,10294.0,30.19052897565338
2024-06-14 22:36:21,10295.0,30.202096740012834
2024-06-14 22:36:22,10296.0,30.213959723931044
2024-06-14 22:36:23,10297.0,30.226073333098174
2024-06-14 22:36:24,10298.0,30.238392973204366
2024-06-14 22:36:25,10299.0,30.25087404993978
2024-06-14 22:36:26,10300.0,30.26347196899458
2024-06-14 22:36:27,10301.0,30.276142136058912
2024-06-14 22:36:28,10302.0,30.288839956822937
2024-06-14 22:36:29,10303.0,30.301520836976803
2024-06-14 22:36:30,10304.0,30.314140182210675
2024-06-14 22:36:31,10305.0,30.326653398214706
2024-06-14 22:36:32,10306.0,30.339015890679047
2024-06-14 22:36:33,10307.0,30.351183065293863
2024-06-14 22:36:34,10308.0,30.3631103277493
2024-06-14 22:36:35,10309.0,30.374753083735516
2024-06-14 22:36:36,10310.0,30.386066738942674
2024-06-14 22:36:37,10311.0,30.39700669906092
2024-06-14 22:36:38,10312.0,30.40752836978042
2024-06-14 22:36:39,10313.0,30.417587156791317
2024-06-14 22:36:40,10314.0,30.427138465783777
2024-06-14 22:36:41,10315.0,30.43613770244795
2024-06-14 22:36:42,10316.0,30.444540272473997
2024-06-14 22:36:43,10317.0,30.452301581552067
2024-06-14 22:36:44,10318.0,30.459377035372324
2024-06-14 22:36:45,10319.0,30.46572203962491
2024-06-14 22:36:46,10320.0,30.471292
2024-06-14 22:36:47,10321.0,30.476453157170475
2024-06-14 22:36:48,10322.0,30.481594235009876
2024-06-14 22:36:49,10323.0,30.486704364009313
2024-06-14 22:36:50,10324.0,30.491772674659895
2024-06-14 22:36:51,10325.0,30.496788297452724
2024-06-14 22:36:52,10326.0,30.501740362878916
2024-06-14 22:36:53,10327.0,30.50661800142958
2024-06-14 22:36:54,10328.0,30.51141034359582
2024-06-14 22:36:55,10329.0,30.516106519868753
2024-06-14 22:36:56,10330.0,30.520695660739484
2024-06-14 22:36:57,10331.0,30.525166896699126
2024-06-14 22:36:58,10332.0,30.52950935823878
2024-06-14 22:36:59,10333.0,30.533712175849562
2024-06-14 22:37:00,10334.0,30.537764480022577
2024-06-14 22:37:01,10335.0,30.54165540124894
2024-06-14 22:37:02,10336.0,30.545374070019758
2024-06-14 22:37:03,10337.0,30.548909616826137
2024-06-14 22:37:04,10338.0,30.55225117215919
2024-06-14 22:37:05,10339.0,30.55538786651002
2024-06-14 22:37:06,10340.0,30.558308830369743
2024-06-14 22:37:07,10341.0,30.561003194229464
2024-06-14 22:37:08,10342.0,30.5634600885803
2024-06-14 22:37:09,10343.0,30.56566864391335
2024-06-14 22:37:10,10344.0,30.56761799071973
2024-06-14 22:37:11,10345.0,30.569297259490543
2024-06-14 22:37:12,10346.0,30.570695580716908
2024-06-14 22:37:13,10347.0,30.57180208488992
2024-06-14 22:37:14,10348.0,30.572605902500705
2024-06-14 22:37:15,10349.0,30.57309616404036
2024-06-14 22:37:16,10350.0,30.573262
2024-06-14 22:37:17,10351.0,30.573255742222223
2024-06-14 22:37:18,10352.0,30.57323753777778
2024-06-14 22:37:19,10353.0,30.57320824
2024-06-14 22:37:20,10354.0,30.573168702222222
2024-06-14 22:37:21,10355.0,30.573119777777777
2024-06-14 22:37:22,10356.0,30.573062320000002
2024-06-14 22:37:23,10357.0,30.57299718222222
2024-06-14 22:37:24,10358.0,30.572925217777776
2024-06-14 22:37:25,10359.0,30.572847279999998
2024-06-14 22:37:26,10360.0,30.572764222222222
2024-06-14 22:37:27,10361.0,30.572676897777775
2024-06-14 22:37:28,10362.0,30.572586159999997
2024-06-14 22:37:29,10363.0,30.57249286222222
2024-06-14 22:37:30,10364.0,30.572397857777776
2024-06-14 22:37:31,10365.0,30.572301999999997
2024-06-14 22:37:32,10366.0,30.57220614222222
2024-06-14 22:37:33,10367.0,30.572111137777775
2024-06-14 22:37:34,10368.0,30.572017839999997
2024-06-14 22:37:35,10369.0,30.57192710222222
2024-06-14 22:37:36,10370.0,30.571839777777775
2024-06-14 22:37:37,10371.0,30.57175672
2024-06-14 22:37:38,10372.0,30.571678782222218
2024-06-14 22:37:39,10373.0,30.571606817777774
2024-06-14 22:37:40,10374.0,30.57154168
2024-06-14 22:37:41,10375.0,30.57148422222222
2024-06-14 22:37:42,10376.0,30.571435297777775
2024-06-14 22:37:43,10377.0,30.571395759999998
2024-06-14 22:37:44,10378.0,30.57136646222222
2024-06-14 22:37:45,10379.0,30.571348257777775
2024-06-14 22:37:46,10380.0,30.571341999999998
2024-06-14 22:37:47,10381.0,30.571381101795186
2024-06-14 22:37:48,10382.0,30.571497010764553
2024-06-14 22:37:49,10383.0,30.571687632283812
2024-06-14 22:37:50,10384.0,30.571950871728667
2024-06-14 22:37:51,10385.0,30.57228463447483
2024-06-14 22:37:52,10386.0,30.572686825898003
2024-06-14 22:37:53,10387.0,30.5731553513739
2024-06-14 22:37:54,10388.0,30.57368811627823
2024-06-14 22:37:55,10389.0,30.574283025986695
2024-06-14 22:37:56,10390.0,30.574937985875007
2024-06-14 22:37:57,10391.0,30.575650901318877
2024-06-14 22:37:58,10392.0,30.576419677694012
2024-06-14 22:37:59,10393.0,30.577242220376117
2024-06-14 22:38:00,10394.0,30.578116434740906
2024-06-14 22:38:01,10395.0,30.57904022616408
2024-06-14 22:38:02,10396.0,30.580011500021353
2024-06-14 22:38:03,10397.0,30.58102816168843
2024-06-14 22:38:04,10398.0,30.58208811654102
2024-06-14 22:38:05,10399.0,30.583189269954833
2024-06-14 22:38:06,10400.0,30.584329527305577
2024-06-14 22:38:07,10401.0,30.585506793968957
2024-06-14 22:38:08,10402.0,30.586718975320686
2024-06-14 22:38:09,10403.0,30.58796397673647
2024-06-14 22:38:10,10404.0,30.58923970359202
2024-06-14 22:38:11,10405.0,30.59054406126304
2024-06-14 22:38:12,10406.0,30.59187495512524
2024-06-14 22:38:13,10407.0,30.593230290554324
2024-06-14 22:38:14,10408.0,30.594607972926006
2024-06-14 22:38:15,10409.0,30.596005907616
2024-06-14 22:38:16,10410.0,30.597422
2024-06-14 22:38:17,10411.0,30.59913846571734
2024-06-14 22:38:18,10412.0,30.601410213740657
2024-06-14 22:38:19,10413.0,30.604194189445682
2024-06-14 22:38:20,10414.0,30.6074473382081
2024-06-14 22:38:21,10415.0,30.61112660540363
2024-06-14 22:38:22,10416.0,30.615188936407986
2024-06-14 22:38:23,10417.0,30.619591276596864
2024-06-14 22:38:24,10418.0,30.62429057134598
2024-06-14 22:38:25,10419.0,30.629243766031045
2024-06-14 22:38:26,10420.0,30.63440780602776
2024-06-14 22:38:27,10421.0,30.639739636711834
2024-06-14 22:38:28,10422.0,30.645196203458983
2024-06-14 22:38:29,10423.0,30.650734451644905
2024-06-14 22:38:30,10424.0,30.656311326645316
2024-06-14 22:38:31,10425.0,30.66188377383592
2024-06-14 22:38:32,10426.0,30.667408738592428
2024-06-14 22:38:33,10427.0,30.67284316629055
2024-06-14 22:38:34,10428.0,30.678144002305988
2024-06-14 22:38:35,10429.0,30.683268192014456
2024-06-14 22:38:36,10430.0,30.68817268079166
2024-06-14 22:38:37,10431.0,30.692814414013306
2024-06-14 22:38:38,10432.0,30.697150337055106
2024-06-14 22:38:39,10433.0,30.701137395292765
2024-06-14 22:38:40,10434.0,30.704732534101996
2024-06-14 22:38:41,10435.0,30.707892698858505
2024-06-14 22:38:42,10436.0,30.710574834938
2024-06-14 22:38:43,10437.0,30.71273588771619
2024-06-14 22:38:44,10438.0,30.71433280256878
2024-06-14 22:38:45,10439.0,30.71532252487148
2024-06-14 22:38:46,10440.0,30.715662000000002
2024-06-14 22:38:47,10441.0,30.71550581520585
2024-06-14 22:38:48,10442.0,30.715042210450175
2024-06-14 22:38:49,10443.0,30.714278610173146
2024-06-14 22:38:50,10444.0,30.71322243881493
2024-06-14 22:38:51,10445.0,30.7118811208157
2024-06-14 22:38:52,10446.0,30.710262080615625
2024-06-14 22:38:53,10447.0,30.70837274265487
2024-06-14 22:38:54,10448.0,30.706220531373607
2024-06-14 22:38:55,10449.0,30.70381287121201
2024-06-14 22:38:56,10450.0,30.701157186610235
2024-06-14 22:38:57,10451.0,30.698260902008464
2024-06-14 22:38:58,10452.0,30.695131441846865
2024-06-14 22:38:59,10453.0,30.6917762305656
2024-06-14 22:39:00,10454.0,30.68820269260485
2024-06-14 22:39:01,10455.0,30.68441825240477
2024-06-14 22:39:02,10456.0,30.680430334405543
2024-06-14 22:39:03,10457.0,30.676246363047323
2024-06-14 22:39:04,10458.0,30.671873762770296
2024-06-14 22:39:05,10459.0,30.66731995801462
2024-06-14 22:39:06,10460.0,30.66259237322047
2024-06-14 22:39:07,10461.0,30.65769843282801
2024-06-14 22:39:08,10462.0,30.65264556127741
2024-06-14 22:39:09,10463.0,30.647441183008848
2024-06-14 22:39:10,10464.0,30.642092722462483
2024-06-14 22:39:11,10465.0,30.636607604078492
2024-06-14 22:39:12,10466.0,30.630993252297035
2024-06-14 22:39:13,10467.0,30.62525709155829
2024-06-14 22:39:14,10468.0,30.61940654630242
2024-06-14 22:39:15,10469.0,30.613449040969602
2024-06-14 22:39:16,10470.0,30.607391999999997
2024-06-14 22:39:17,10471.0,30.599753599030397
2024-06-14 22:39:18,10472.0,30.589195773697575
2024-06-14 22:39:19,10473.0,30.575941588441705
2024-06-14 22:39:20,10474.0,30.56021410770296
2024-06-14 22:39:21,10475.0,30.542236395921506
2024-06-14 22:39:22,10476.0,30.522231517537513
2024-06-14 22:39:23,10477.0,30.500422536991145
2024-06-14 22:39:24,10478.0,30.477032518722584
2024-06-14 22:39:25,10479.0,30.452284527171987
2024-06-14 22:39:26,10480.0,30.42640162677953
2024-06-14 22:39:27,10481.0,30.399606881985378
2024-06-14 22:39:28,10482.0,30.372123357229704
2024-06-14 22:39:29,10483.0,30.344174116952672
2024-06-14 22:39:30,10484.0,30.31598222559446
2024-06-14 22:39:31,10485.0,30.287770747595225
2024-06-14 22:39:32,10486.0,30.25976274739515
2024-06-14 22:39:33,10487.0,30.232181289434397
2024-06-14 22:39:34,10488.0,30.205249438153135
2024-06-14 22:39:35,10489.0,30.179190257991536
2024-06-14 22:39:36,10490.0,30.154226813389762
2024-06-14 22:39:37,10491.0,30.130582168787996
2024-06-14 22:39:38,10492.0,30.108479388626396
2024-06-14 22:39:39,10493.0,30.088141537345134
2024-06-14 22:39:40,10494.0,30.069791679384377
2024-06-14 22:39:41,10495.0,30.053652879184302
2024-06-14 22:39:42,10496.0,30.039948201185073
2024-06-14 22:39:43,10497.0,30.028900709826853
2024-06-14 22:39:44,10498.0,30.020733469549825
2024-06-14 22:39:45,10499.0,30.01566954479415
2024-06-14 22:39:46,10500.0,30.013932
2024-06-14 22:39:47,10501.0,30.014866616925204
2024-06-14 22:39:48,10502.0,30.01760706613259
2024-06-14 22:39:49,10503.0,30.022058245269815
2024-06-14 22:39:50,10504.0,30.02812505198454
2024-06-14 22:39:51,10505.0,30.03571238392442
2024-06-14 22:39:52,10506.0,30.04472513873712
2024-06-14 22:39:53,10507.0,30.055068214070296
2024-06-14 22:39:54,10508.0,30.0666465075716
2024-06-14 22:39:55,10509.0,30.079364916888704
2024-06-14 22:39:56,10510.0,30.093128339669256
2024-06-14 22:39:57,10511.0,30.107841673560923
2024-06-14 22:39:58,10512.0,30.123409816211357
2024-06-14 22:39:59,10513.0,30.13973766526822
2024-06-14 22:40:00,10514.0,30.156730118379173
2024-06-14 22:40:01,10515.0,30.17429207319187
2024-06-14 22:40:02,10516.0,30.192328427353978
2024-06-14 22:40:03,10517.0,30.210744078513148
2024-06-14 22:40:04,10518.0,30.229443924317035
2024-06-14 22:40:05,10519.0,30.24833286241331
2024-06-14 22:40:06,10520.0,30.26731579044963
2024-06-14 22:40:07,10521.0,30.286297606073642
2024-06-14 22:40:08,10522.0,30.305183206933016
2024-06-14 22:40:09,10523.0,30.323877490675407
2024-06-14 22:40:10,10524.0,30.342285354948476
2024-06-14 22:40:11,10525.0,30.360311697399883
2024-06-14 22:40:12,10526.0,30.377861415677284
2024-06-14 22:40:13,10527.0,30.394839407428336
2024-06-14 22:40:14,10528.0,30.411150570300705
2024-06-14 22:40:15,10529.0,30.426699801942043
2024-06-14 22:40:16,10530.0,30.441392000000008
2024-06-14 22:40:17,10531.0,30.456080938798713
2024-06-14 22:40:18,10532.0,30.471620688958573
2024-06-14 22:40:19,10533.0,30.48791659257168
2024-06-14 22:40:20,10534.0,30.50487399173014
2024-06-14 22:40:21,10535.0,30.522398228526058
2024-06-14 22:40:22,10536.0,30.540394645051535
2024-06-14 22:40:23,10537.0,30.558768583398678
2024-06-14 22:40:24,10538.0,30.577425385659588
2024-06-14 22:40:25,10539.0,30.596270393926368
2024-06-14 22:40:26,10540.0,30.615208950291127
2024-06-14 22:40:27,10541.0,30.63414639684596
2024-06-14 22:40:28,10542.0,30.652988075682973
2024-06-14 22:40:29,10543.0,30.671639328894276
2024-06-14 22:40:30,10544.0,30.69000549857196
2024-06-14 22:40:31,10545.0,30.70799192680814
2024-06-14 22:40:32,10546.0,30.72550395569491
2024-06-14 22:40:33,10547.0,30.742446927324384
2024-06-14 22:40:34,10548.0,30.758726183788653
2024-06-14 22:40:35,10549.0,30.77424706717983
2024-06-14 22:40:36,10550.0,30.78891491959001
2024-06-14 22:40:37,10551.0,30.802635083111305
2024-06-14 22:40:38,10552.0,30.815312899835813
2024-06-14 22:40:39,10553.0,30.82685371185564
2024-06-14 22:40:40,10554.0,30.83716286126289
2024-06-14 22:40:41,10555.0,30.846145690149662
2024-06-14 22:40:42,10556.0,30.853707540608063
2024-06-14 22:40:43,10557.0,30.859753754730193
2024-06-14 22:40:44,10558.0,30.86418967460816
2024-06-14 22:40:45,10559.0,30.866920642334062
2024-06-14 22:40:46,10560.0,30.867852000000006
2024-06-14 22:40:47,10561.0,30.86689563555556
2024-06-14 22:40:48,10562.0,30.86411348444445
2024-06-14 22:40:49,10563.0,30.859635960000006
2024-06-14 22:40:50,10564.0,30.853593475555563
2024-06-14 22:40:51,10565.0,30.846116444444448
2024-06-14 22:40:52,10566.0,30.837335280000005
2024-06-14 22:40:53,10567.0,30.82738039555556
2024-06-14 22:40:54,10568.0,30.816382204444448
2024-06-14 22:40:55,10569.0,30.804471120000002
2024-06-14 22:40:56,10570.0,30.79177755555556
2024-06-14 22:40:57,10571.0,30.778431924444448
2024-06-14 22:40:58,10572.0,30.764564640000003
2024-06-14 22:40:59,10573.0,30.750306115555556
2024-06-14 22:41:00,10574.0,30.735786764444445
2024-06-14 22:41:01,10575.0,30.721137000000002
2024-06-14 22:41:02,10576.0,30.706487235555556
2024-06-14 22:41:03,10577.0,30.691967884444445
2024-06-14 22:41:04,10578.0,30.677709359999998
2024-06-14 22:41:05,10579.0,30.663842075555554
2024-06-14 22:41:06,10580.0,30.650496444444443
2024-06-14 22:41:07,10581.0,30.63780288
2024-06-14 22:41:08,10582.0,30.625891795555553
2024-06-14 22:41:09,10583.0,30.61489360444444
2024-06-14 22:41:10,10584.0,30.604938719999996
2024-06-14 22:41:11,10585.0,30.59615755555555
2024-06-14 22:41:12,10586.0,30.58868052444444
2024-06-14 22:41:13,10587.0,30.582638039999996
2024-06-14 22:41:14,10588.0,30.578160515555552
2024-06-14 22:41:15,10589.0,30.57537836444444
2024-06-14 22:41:16,10590.0,30.574421999999995
2024-06-14 22:41:17,10591.0,30.574898568888884
2024-06-14 22:41:18,10592.0,30.576284951111106
2024-06-14 22:41:19,10593.0,30.578516159999996
2024-06-14 22:41:20,10594.0,30.581527208888883
2024-06-14 22:41:21,10595.0,30.585253111111104
2024-06-14 22:41:22,10596.0,30.589628879999996
2024-06-14 22:41:23,10597.0,30.594589528888886
2024-06-14 22:41:24,10598.0,30.60007007111111
2024-06-14 22:41:25,10599.0,30.606005519999997
2024-06-14 22:41:26,10600.0,30.612330888888884
2024-06-14 22:41:27,10601.0,30.618981191111107
2024-06-14 22:41:28,10602.0,30.625891439999997
2024-06-14 22:41:29,10603.0,30.632996648888888
2024-06-14 22:41:30,10604.0,30.64023183111111
2024-06-14 22:41:31,10605.0,30.647531999999998
2024-06-14 22:41:32,10606.0,30.654832168888888
2024-06-14 22:41:33,10607.0,30.66206735111111
2024-06-14 22:41:34,10608.0,30.66917256
2024-06-14 22:41:35,10609.0,30.67608280888889
2024-06-14 22:41:36,10610.0,30.682733111111112
2024-06-14 22:41:37,10611.0,30.68905848
2024-06-14 22:41:38,10612.0,30.69499392888889
2024-06-14 22:41:39,10613.0,30.700474471111114
2024-06-14 22:41:40,10614.0,30.70543512
2024-06-14 22:41:41,10615.0,30.70981088888889
2024-06-14 22:41:42,10616.0,30.71353679111111
2024-06-14 22:41:43,10617.0,30.716547840000004
2024-06-14 22:41:44,10618.0,30.71877904888889
2024-06-14 22:41:45,10619.0,30.720165431111113
2024-06-14 22:41:46,10620.0,30.720642
2024-06-14 22:41:47,10621.0,30.71933718814815
2024-06-14 22:41:48,10622.0,30.715541371851852
2024-06-14 22:41:49,10623.0,30.709432480000004
2024-06-14 22:41:50,10624.0,30.701188441481484
2024-06-14 22:41:51,10625.0,30.690987185185186
2024-06-14 22:41:52,10626.0,30.679006640000004
2024-06-14 22:41:53,10627.0,30.665424734814817
2024-06-14 22:41:54,10628.0,30.65041939851852
2024-06-14 22:41:55,10629.0,30.634168560000003
2024-06-14 22:41:56,10630.0,30.61685014814815
2024-06-14 22:41:57,10631.0,30.598642091851854
2024-06-14 22:41:58,10632.0,30.57972232
2024-06-14 22:41:59,10633.0,30.56026876148148
2024-06-14 22:42:00,10634.0,30.540459345185187
2024-06-14 22:42:01,10635.0,30.520471999999998
2024-06-14 22:42:02,10636.0,30.500484654814816
2024-06-14 22:42:03,10637.0,30.48067523851852
2024-06-14 22:42:04,10638.0,30.461221679999998
2024-06-14 22:42:05,10639.0,30.44230190814815
2024-06-14 22:42:06,10640.0,30.42409385185185
2024-06-14 22:42:07,10641.0,30.40677544
2024-06-14 22:42:08,10642.0,30.390524601481477
2024-06-14 22:42:09,10643.0,30.375519265185186
2024-06-14 22:42:10,10644.0,30.36193736
2024-06-14 22:42:11,10645.0,30.349956814814814
2024-06-14 22:42:12,10646.0,30.33975555851852
2024-06-14 22:42:13,10647.0,30.33151152
2024-06-14 22:42:14,10648.0,30.325402628148144
2024-06-14 22:42:15,10649.0,30.32160681185185
2024-06-14 22:42:16,10650.0,30.320301999999998
2024-06-14 22:42:17,10651.0,30.322964554074073
2024-06-14 22:42:18,10652.0,30.33071016592592
2024-06-14 22:42:19,10653.0,30.343175759999998
2024-06-14 22:42:20,10654.0,30.35999826074074
2024-06-14 22:42:21,10655.0,30.38081459259259
2024-06-14 22:42:22,10656.0,30.405261679999995
2024-06-14 22:42:23,10657.0,30.432976447407405
2024-06-14 22:42:24,10658.0,30.463595819259258
2024-06-14 22:42:25,10659.0,30.49675672
2024-06-14 22:42:26,10660.0,30.532096074074076
2024-06-14 22:42:27,10661.0,30.569250805925925
2024-06-14 22:42:28,10662.0,30.60785784
2024-06-14 22:42:29,10663.0,30.64755410074074
2024-06-14 22:42:30,10664.0,30.68797651259259
2024-06-14 22:42:31,10665.0,30.728762
2024-06-14 22:42:32,10666.0,30.769547487407408
2024-06-14 22:42:33,10667.0,30.80996989925926
2024-06-14 22:42:34,10668.0,30.84966616
2024-06-14 22:42:35,10669.0,30.888273194074078
2024-06-14 22:42:36,10670.0,30.925427925925927
2024-06-14 22:42:37,10671.0,30.960767280000002
2024-06-14 22:42:38,10672.0,30.993928180740742
2024-06-14 22:42:39,10673.0,31.024547552592594
2024-06-14 22:42:40,10674.0,31.05226232
2024-06-14 22:42:41,10675.0,31.07670940740741
2024-06-14 22:42:42,10676.0,31.097525739259265
2024-06-14 22:42:43,10677.0,31.11434824
2024-06-14 22:42:44,10678.0,31.126813834074074
2024-06-14 22:42:45,10679.0,31.13455944592593
2024-06-14 22:42:46,10680.0,31.137222
2024-06-14 22:42:47,10681.0,31.135849068371822
2024-06-14 22:42:48,10682.0,31.13184910344366
2024-06-14 22:42:49,10683.0,31.12540035015008
2024-06-14 22:42:50,10684.0,31.11668105342565
2024-06-14 22:42:51,10685.0,31.10586945820494
2024-06-14 22:42:52,10686.0,31.093143809422507
2024-06-14 22:42:53,10687.0,31.07868235201292
2024-06-14 22:42:54,10688.0,31.06266333091075
2024-06-14 22:42:55,10689.0,31.045264991050555
2024-06-14 22:42:56,10690.0,31.02666557736691
2024-06-14 22:42:57,10691.0,31.00704333479437
2024-06-14 22:42:58,10692.0,30.986576508267515
2024-06-14 22:42:59,10693.0,30.9654433427209
2024-06-14 22:43:00,10694.0,30.94382208308909
2024-06-14 22:43:01,10695.0,30.92189097430666
2024-06-14 22:43:02,10696.0,30.89982826130817
2024-06-14 22:43:03,10697.0,30.87781218902818
2024-06-14 22:43:04,10698.0,30.85602100240127
2024-06-14 22:43:05,10699.0,30.834632946361996
2024-06-14 22:43:06,10700.0,30.813826265844927
2024-06-14 22:43:07,10701.0,30.793779205784627
2024-06-14 22:43:08,10702.0,30.774670011115667
2024-06-14 22:43:09,10703.0,30.75667692677261
2024-06-14 22:43:10,10704.0,30.739978197690018
2024-06-14 22:43:11,10705.0,30.72475206880246
2024-06-14 22:43:12,10706.0,30.711176785044504
2024-06-14 22:43:13,10707.0,30.699430591350712
2024-06-14 22:43:14,10708.0,30.689691732655653
2024-06-14 22:43:15,10709.0,30.682138453893895
2024-06-14 22:43:16,10710.0,30.676948999999997
2024-06-14 22:43:17,10711.0,30.673038173069063
2024-06-14 22:43:18,10712.0,30.66920453638138
2024-06-14 22:43:19,10713.0,30.66545197664928
2024-06-14 22:43:20,10714.0,30.66178438058512
2024-06-14 22:43:21,10715.0,30.658205634901236
2024-06-14 22:43:22,10716.0,30.654719626309973
2024-06-14 22:43:23,10717.0,30.651330241523684
2024-06-14 22:43:24,10718.0,30.6480413672547
2024-06-14 22:43:25,10719.0,30.644856890215365
2024-06-14 22:43:26,10720.0,30.64178069711803
2024-06-14 22:43:27,10721.0,30.638816674675034
2024-06-14 22:43:28,10722.0,30.635968709598725
2024-06-14 22:43:29,10723.0,30.633240688601443
2024-06-14 22:43:30,10724.0,30.630636498395532
2024-06-14 22:43:31,10725.0,30.628160025693337
2024-06-14 22:43:32,10726.0,30.6258151572072
2024-06-14 22:43:33,10727.0,30.62360577964947
2024-06-14 22:43:34,10728.0,30.62153577973248
2024-06-14 22:43:35,10729.0,30.619609044168584
2024-06-14 22:43:36,10730.0,30.617829459670126
2024-06-14 22:43:37,10731.0,30.616200912949438
2024-06-14 22:43:38,10732.0,30.61472729071888
2024-06-14 22:43:39,10733.0,30.61341247969078
2024-06-14 22:43:40,10734.0,30.61226036657749
2024-06-14 22:43:41,10735.0,30.611274838091358
2024-06-14 22:43:42,10736.0,30.610459780944716
2024-06-14 22:43:43,10737.0,30.609819081849917
2024-06-14 22:43:44,10738.0,30.6093566275193
2024-06-14 22:43:45,10739.0,30.609076304665212
2024-06-14 22:43:46,10740.0,30.608981999999997
2024-06-14 22:43:47,10741.0,30.610329377777774
2024-06-14 22:43:48,10742.0,30.614249022222218
2024-06-14 22:43:49,10743.0,30.6205572
2024-06-14 22:43:50,10744.0,30.629070177777773
2024-06-14 22:43:51,10745.0,30.639604222222218
2024-06-14 22:43:52,10746.0,30.651975599999997
2024-06-14 22:43:53,10747.0,30.666000577777776
2024-06-14 22:43:54,10748.0,30.68149542222222
2024-06-14 22:43:55,10749.0,30.698276399999997
2024-06-14 22:43:56,10750.0,30.716159777777776
2024-06-14 22:43:57,10751.0,30.734961822222218
2024-06-14 22:43:58,10752.0,30.754498799999993
2024-06-14 22:43:59,10753.0,30.774586977777773
2024-06-14 22:44:00,10754.0,30.79504262222222
2024-06-14 22:44:01,10755.0,30.815681999999995
2024-06-14 22:44:02,10756.0,30.836321377777775
2024-06-14 22:44:03,10757.0,30.856777022222218
2024-06-14 22:44:04,10758.0,30.876865199999997
2024-06-14 22:44:05,10759.0,30.896402177777773
2024-06-14 22:44:06,10760.0,30.915204222222215
2024-06-14 22:44:07,10761.0,30.933087599999993
2024-06-14 22:44:08,10762.0,30.949868577777774
2024-06-14 22:44:09,10763.0,30.965363422222214
2024-06-14 22:44:10,10764.0,30.979388399999994
2024-06-14 22:44:11,10765.0,30.991759777777773
2024-06-14 22:44:12,10766.0,31.002293822222214
2024-06-14 22:44:13,10767.0,31.010806799999994
2024-06-14 22:44:14,10768.0,31.017114977777773
2024-06-14 22:44:15,10769.0,31.021034622222214
2024-06-14 22:44:16,10770.0,31.022381999999993
2024-06-14 22:44:17,10771.0,31.020845682962957
2024-06-14 22:44:18,10772.0,31.016376397037032
2024-06-14 22:44:19,10773.0,31.009183639999993
2024-06-14 22:44:20,10774.0,30.999476909629625
2024-06-14 22:44:21,10775.0,30.9874657037037
2024-06-14 22:44:22,10776.0,30.973359519999995
2024-06-14 22:44:23,10777.0,30.95736785629629
2024-06-14 22:44:24,10778.0,30.939700210370365
2024-06-14 22:44:25,10779.0,30.920566079999993
2024-06-14 22:44:26,10780.0,30.900174962962957
2024-06-14 22:44:27,10781.0,30.87873635703703
2024-06-14 22:44:28,10782.0,30.856459759999996
2024-06-14 22:44:29,10783.0,30.833554669629624
2024-06-14 22:44:30,10784.0,30.810230583703696
2024-06-14 22:44:31,10785.0,30.786696999999993
2024-06-14 22:44:32,10786.0,30.76316341629629
2024-06-14 22:44:33,10787.0,30.739839330370366
2024-06-14 22:44:34,10788.0,30.716934239999997
2024-06-14 22:44:35,10789.0,30.69465764296296
2024-06-14 22:44:36,10790.0,30.673219037037033
2024-06-14 22:44:37,10791.0,30.652827919999996
2024-06-14 22:44:38,10792.0,30.633693789629625
2024-06-14 22:44:39,10793.0,30.6160261437037
2024-06-14 22:44:40,10794.0,30.600034479999994
2024-06-14 22:44:41,10795.0,30.58592829629629
2024-06-14 22:44:42,10796.0,30.57391709037037
2024-06-14 22:44:43,10797.0,30.564210359999997
2024-06-14 22:44:44,10798.0,30.557017602962958
2024-06-14 22:44:45,10799.0,30.552548317037033
2024-06-14 22:44:46,10800.0,30.551011999999997
2024-06-14 22:44:47,10801.0,30.55134214786292
2024-06-14 22:44:48,10802.0,30.552310122014646
2024-06-14 22:44:49,10803.0,30.553882218299634
2024-06-14 22:44:50,10804.0,30.556024732562342
2024-06-14 22:44:51,10805.0,30.558703960647215
2024-06-14 22:44:52,10806.0,30.561886198398714
2024-06-14 22:44:53,10807.0,30.565537741661284
2024-06-14 22:44:54,10808.0,30.569624886279385
2024-06-14 22:44:55,10809.0,30.574113928097468
2024-06-14 22:44:56,10810.0,30.578971162959984
2024-06-14 22:44:57,10811.0,30.58416288671139
2024-06-14 22:44:58,10812.0,30.58965539519614
2024-06-14 22:44:59,10813.0,30.595414984258685
2024-06-14 22:45:00,10814.0,30.601407949743482
2024-06-14 22:45:01,10815.0,30.60760058749498
2024-06-14 22:45:02,10816.0,30.61395919335763
2024-06-14 22:45:03,10817.0,30.62045006317589
2024-06-14 22:45:04,10818.0,30.627039492794214
2024-06-14 22:45:05,10819.0,30.633693778057054
2024-06-14 22:45:06,10820.0,30.640379214808863
2024-06-14 22:45:07,10821.0,30.647062098894096
2024-06-14 22:45:08,10822.0,30.653708726157202
2024-06-14 22:45:09,10823.0,30.660285392442642
2024-06-14 22:45:10,10824.0,30.666758393594858
2024-06-14 22:45:11,10825.0,30.673094025458315
2024-06-14 22:45:12,10826.0,30.67925858387746
2024-06-14 22:45:13,10827.0,30.685218364696745
2024-06-14 22:45:14,10828.0,30.69093966376063
2024-06-14 22:45:15,10829.0,30.69638877691356
2024-06-14 22:45:16,10830.0,30.701532
2024-06-14 22:45:17,10831.0,30.706667791975324
2024-06-14 22:45:18,10832.0,30.71209528735048
2024-06-14 22:45:19,10833.0,30.717781795303257
2024-06-14 22:45:20,10834.0,30.723694625011433
2024-06-14 22:45:21,10835.0,30.729801085652795
2024-06-14 22:45:22,10836.0,30.73606848640514
2024-06-14 22:45:23,10837.0,30.74246413644625
2024-06-14 22:45:24,10838.0,30.74895534495391
2024-06-14 22:45:25,10839.0,30.755509421105906
2024-06-14 22:45:26,10840.0,30.762093674080024
2024-06-14 22:45:27,10841.0,30.76867541305406
2024-06-14 22:45:28,10842.0,30.775221947205786
2024-06-14 22:45:29,10843.0,30.781700585713
2024-06-14 22:45:30,10844.0,30.788078637753483
2024-06-14 22:45:31,10845.0,30.794323412505022
2024-06-14 22:45:32,10846.0,30.800402219145408
2024-06-14 22:45:33,10847.0,30.806282366852425
2024-06-14 22:45:34,10848.0,30.811931164803855
2024-06-14 22:45:35,10849.0,30.817315922177496
2024-06-14 22:45:36,10850.0,30.822403948151127
2024-06-14 22:45:37,10851.0,30.827162551902532
2024-06-14 22:45:38,10852.0,30.831559042609502
2024-06-14 22:45:39,10853.0,30.835560729449828
2024-06-14 22:45:40,10854.0,30.839134921601286
2024-06-14 22:45:41,10855.0,30.842248928241673
2024-06-14 22:45:42,10856.0,30.844870058548768
2024-06-14 22:45:43,10857.0,30.846965621700363
2024-06-14 22:45:44,10858.0,30.848502926874243
2024-06-14 22:45:45,10859.0,30.849449283248195
2024-06-14 22:45:46,10860.0,30.849772
2024-06-14 22:45:47,10861.0,30.848833300740743
2024-06-14 22:45:48,10862.0,30.84610253925926
2024-06-14 22:45:49,10863.0,30.841707720000002
2024-06-14 22:45:50,10864.0,30.83577684740741
2024-06-14 22:45:51,10865.0,30.828437925925925
2024-06-14 22:45:52,10866.0,30.81981896
2024-06-14 22:45:53,10867.0,30.810047954074072
2024-06-14 22:45:54,10868.0,30.799252912592596
2024-06-14 22:45:55,10869.0,30.787561840000002
2024-06-14 22:45:56,10870.0,30.775102740740742
2024-06-14 22:45:57,10871.0,30.762003619259257
2024-06-14 22:45:58,10872.0,30.74839248
2024-06-14 22:45:59,10873.0,30.734397327407404
2024-06-14 22:46:00,10874.0,30.720146165925925
2024-06-14 22:46:01,10875.0,30.705766999999994
2024-06-14 22:46:02,10876.0,30.69138783407407
2024-06-14 22:46:03,10877.0,30.67713667259259
2024-06-14 22:46:04,10878.0,30.663141519999996
2024-06-14 22:46:05,10879.0,30.64953038074074
2024-06-14 22:46:06,10880.0,30.636431259259254
2024-06-14 22:46:07,10881.0,30.623972159999994
2024-06-14 22:46:08,10882.0,30.612281087407403
2024-06-14 22:46:09,10883.0,30.601486045925924
2024-06-14 22:46:10,10884.0,30.591715039999997
2024-06-14 22:46:11,10885.0,30.58309607407407
2024-06-14 22:46:12,10886.0,30.575757152592587
2024-06-14 22:46:13,10887.0,30.569826279999997
2024-06-14 22:46:14,10888.0,30.565431460740733
2024-06-14 22:46:15,10889.0,30.562700699259253
2024-06-14 22:46:16,10890.0,30.561761999999995
2024-06-14 22:46:17,10891.0,30.5636016237037
2024-06-14 22:46:18,10892.0,30.568953256296293
2024-06-14 22:46:19,10893.0,30.577566039999994
2024-06-14 22:46:20,10894.0,30.58918911703703
2024-06-14 22:46:21,10895.0,30.603571629629624
2024-06-14 22:46:22,10896.0,30.620462719999995
2024-06-14 22:46:23,10897.0,30.639611530370367
2024-06-14 22:46:24,10898.0,30.66076720296296
2024-06-14 22:46:25,10899.0,30.683678879999995
2024-06-14 22:46:26,10900.0,30.708095703703698
2024-06-14 22:46:27,10901.0,30.733766816296292
2024-06-14 22:46:28,10902.0,30.760441359999994
2024-06-14 22:46:29,10903.0,30.78786847703703
2024-06-14 22:46:30,10904.0,30.815797309629623
2024-06-14 22:46:31,10905.0,30.843976999999995
2024-06-14 22:46:32,10906.0,30.872156690370364
2024-06-14 22:46:33,10907.0,30.90008552296296
2024-06-14 22:46:34,10908.0,30.927512639999996
2024-06-14 22:46:35,10909.0,30.9541871837037
2024-06-14 22:46:36,10910.0,30.979858296296293
2024-06-14 22:46:37,10911.0,31.004275119999996
2024-06-14 22:46:38,10912.0,31.027186797037032
2024-06-14 22:46:39,10913.0,31.048342469629628
2024-06-14 22:46:40,10914.0,31.067491279999995
2024-06-14 22:46:41,10915.0,31.084382370370363
2024-06-14 22:46:42,10916.0,31.09876488296296
2024-06-14 22:46:43,10917.0,31.110387959999994
2024-06-14 22:46:44,10918.0,31.119000743703698
2024-06-14 22:46:45,10919.0,31.124352376296294
2024-06-14 22:46:46,10920.0,31.126191999999996
2024-06-14 22:46:47,10921.0,31.124508379100448
2024-06-14 22:46:48,10922.0,31.119589634227026
2024-06-14 22:46:49,10923.0,31.11163394211757
2024-06-14 22:46:50,10924.0,31.100839479509915
2024-06-14 22:46:51,10925.0,31.0874044231419
2024-06-14 22:46:52,10926.0,31.07152694975137
2024-06-14 22:46:53,10927.0,31.05340523607615
2024-06-14 22:46:54,10928.0,31.03323745885408
2024-06-14 22:46:55,10929.0,31.01122179482301
2024-06-14 22:46:56,10930.0,30.987556420720765
2024-06-14 22:46:57,10931.0,30.962439513285183
2024-06-14 22:46:58,10932.0,30.93606924925411
2024-06-14 22:46:59,10933.0,30.90864380536538
2024-06-14 22:47:00,10934.0,30.880361358356826
2024-06-14 22:47:01,10935.0,30.851420084966293
2024-06-14 22:47:02,10936.0,30.822018161931613
2024-06-14 22:47:03,10937.0,30.792353765990626
2024-06-14 22:47:04,10938.0,30.76262507388117
2024-06-14 22:47:05,10939.0,30.73303026234108
2024-06-14 22:47:06,10940.0,30.7037675081082
2024-06-14 22:47:07,10941.0,30.675034987920363
2024-06-14 22:47:08,10942.0,30.6470308785154
2024-06-14 22:47:09,10943.0,30.619953356631164
2024-06-14 22:47:10,10944.0,30.594000599005486
2024-06-14 22:47:11,10945.0,30.569370782376197
2024-06-14 22:47:12,10946.0,30.546262083481142
2024-06-14 22:47:13,10947.0,30.52487267905816
2024-06-14 22:47:14,10948.0,30.50540074584508
2024-06-14 22:47:15,10949.0,30.488044460579747
2024-06-14 22:47:16,10950.0,30.473001999999997
2024-06-14 22:47:17,10951.0,30.459098748309138
2024-06-14 22:47:18,10952.0,30.445056525266025
2024-06-14 22:47:19,10953.0,30.430918160941836
2024-06-14 22:47:20,10954.0,30.416726485407743
2024-06-14 22:47:21,10955.0,30.40252432873491
2024-06-14 22:47:22,10956.0,30.38835452099451
2024-06-14 22:47:23,10957.0,30.37425989225772
2024-06-14 22:47:24,10958.0,30.360283272595705
2024-06-14 22:47:25,10959.0,30.346467492079633
2024-06-14 22:47:26,10960.0,30.332855380780686
2024-06-14 22:47:27,10961.0,30.319489768770026
2024-06-14 22:47:28,10962.0,30.306413486118828
2024-06-14 22:47:29,10963.0,30.293669362898257
2024-06-14 22:47:30,10964.0,30.281300229179493
2024-06-14 22:47:31,10965.0,30.269348915033707
2024-06-14 22:47:32,10966.0,30.257858250532056
2024-06-14 22:47:33,10967.0,30.24687106574573
2024-06-14 22:47:34,10968.0,30.236430190745885
2024-06-14 22:47:35,10969.0,30.2265784556037
2024-06-14 22:47:36,10970.0,30.21735869039034
2024-06-14 22:47:37,10971.0,30.208813725176988
2024-06-14 22:47:38,10972.0,30.200986390034803
2024-06-14 22:47:39,10973.0,30.19391951503496
2024-06-14 22:47:40,10974.0,30.187655930248628
2024-06-14 22:47:41,10975.0,30.18223846574698
2024-06-14 22:47:42,10976.0,30.177709951601194
2024-06-14 22:47:43,10977.0,30.174113217882425
2024-06-14 22:47:44,10978.0,30.17149109466186
2024-06-14 22:47:45,10979.0,30.169886412010662
2024-06-14 22:47:46,10980.0,30.169342
2024-06-14 22:47:47,10981.0,30.170674385185183
2024-06-14 22:47:48,10982.0,30.174550414814817
2024-06-14 22:47:49,10983.0,30.180788399999997
2024-06-14 22:47:50,10984.0,30.18920665185185
2024-06-14 22:47:51,10985.0,30.19962348148148
2024-06-14 22:47:52,10986.0,30.2118572
2024-06-14 22:47:53,10987.0,30.22572611851852
2024-06-14 22:47:54,10988.0,30.24104854814815
2024-06-14 22:47:55,10989.0,30.2576428
2024-06-14 22:47:56,10990.0,30.275327185185184
2024-06-14 22:47:57,10991.0,30.293920014814812
2024-06-14 22:47:58,10992.0,30.3132396
2024-06-14 22:47:59,10993.0,30.33310425185185
2024-06-14 22:48:00,10994.0,30.353332281481478
2024-06-14 22:48:01,10995.0,30.373741999999996
2024-06-14 22:48:02,10996.0,30.394151718518515
2024-06-14 22:48:03,10997.0,30.414379748148146
2024-06-14 22:48:04,10998.0,30.434244399999997
2024-06-14 22:48:05,10999.0,30.45356398518518
2024-06-14 22:48:06,11000.0,30.47215681481481
2024-06-14 22:48:07,11001.0,30.489841199999997
2024-06-14 22:48:08,11002.0,30.50643545185185
2024-06-14 22:48:09,11003.0,30.521757881481477
2024-06-14 22:48:10,11004.0,30.535626799999996
2024-06-14 22:48:11,11005.0,30.547860518518515
2024-06-14 22:48:12,11006.0,30.558277348148145
2024-06-14 22:48:13,11007.0,30.566695599999996
2024-06-14 22:48:14,11008.0,30.572933585185183
2024-06-14 22:48:15,11009.0,30.57680961481481
2024-06-14 22:48:16,11010.0,30.578141999999996
2024-06-14 22:48:17,11011.0,30.578141135300662
2024-06-14 22:48:18,11012.0,30.57813854246387
2024-06-14 22:48:19,11013.0,30.57813422338143
2024-06-14 22:48:20,11014.0,30.578128179945168
2024-06-14 22:48:21,11015.0,30.578120414046897
2024-06-14 22:48:22,11016.0,30.578110927578432
2024-06-14 22:48:23,11017.0,30.57809972243159
2024-06-14 22:48:24,11018.0,30.578086800498184
2024-06-14 22:48:25,11019.0,30.578072163670036
2024-06-14 22:48:26,11020.0,30.57805581383896
2024-06-14 22:48:27,11021.0,30.578037752896776
2024-06-14 22:48:28,11022.0,30.578017982735297
2024-06-14 22:48:29,11023.0,30.57799650524634
2024-06-14 22:48:30,11024.0,30.577973322321718
2024-06-14 22:48:31,11025.0,30.57794843585325
2024-06-14 22:48:32,11026.0,30.577921847732757
2024-06-14 22:48:33,11027.0,30.57789355985205
2024-06-14 22:48:34,11028.0,30.577863574102945
2024-06-14 22:48:35,11029.0,30.577831892377265
2024-06-14 22:48:36,11030.0,30.57779851656682
2024-06-14 22:48:37,11031.0,30.577763448563424
2024-06-14 22:48:38,11032.0,30.577726690258903
2024-06-14 22:48:39,11033.0,30.577688243545065
2024-06-14 22:48:40,11034.0,30.577648110313728
2024-06-14 22:48:41,11035.0,30.577606292456714
2024-06-14 22:48:42,11036.0,30.577562791865834
2024-06-14 22:48:43,11037.0,30.577517610432906
2024-06-14 22:48:44,11038.0,30.57747075004975
2024-06-14 22:48:45,11039.0,30.57742221260817
2024-06-14 22:48:46,11040.0,30.577371999999997
2024-06-14 22:48:47,11041.0,30.57691516475607
2024-06-14 22:48:48,11042.0,30.575681734176918
2024-06-14 22:48:49,11043.0,30.573724172308886
2024-06-14 22:48:50,11044.0,30.5710949431983
2024-06-14 22:48:51,11045.0,30.567846510891517
2024-06-14 22:48:52,11046.0,30.56403133943487
2024-06-14 22:48:53,11047.0,30.559701892874696
2024-06-14 22:48:54,11048.0,30.55491063525734
2024-06-14 22:48:55,11049.0,30.549710030629136
2024-06-14 22:48:56,11050.0,30.54415254303643
2024-06-14 22:48:57,11051.0,30.538290636525563
2024-06-14 22:48:58,11052.0,30.53217677514287
2024-06-14 22:48:59,11053.0,30.525863422934687
2024-06-14 22:49:00,11054.0,30.519403043947367
2024-06-14 22:49:01,11055.0,30.512848102227235
2024-06-14 22:49:02,11056.0,30.506251061820645
2024-06-14 22:49:03,11057.0,30.499664386773926
2024-06-14 22:49:04,11058.0,30.493140541133428
2024-06-14 22:49:05,11059.0,30.48673198894548
2024-06-14 22:49:06,11060.0,30.480491194256434
2024-06-14 22:49:07,11061.0,30.474470621112616
2024-06-14 22:49:08,11062.0,30.46872273356038
2024-06-14 22:49:09,11063.0,30.463299995646057
2024-06-14 22:49:10,11064.0,30.45825487141599
2024-06-14 22:49:11,11065.0,30.45363982491652
2024-06-14 22:49:12,11066.0,30.449507320193984
2024-06-14 22:49:13,11067.0,30.445909821294723
2024-06-14 22:49:14,11068.0,30.44289979226508
2024-06-14 22:49:15,11069.0,30.44052969715139
2024-06-14 22:49:16,11070.0,30.438851999999997
2024-06-14 22:49:17,11071.0,30.437594471805056
2024-06-14 22:49:18,11072.0,30.436444636501598
2024-06-14 22:49:19,11073.0,30.43539458754727
2024-06-14 22:49:20,11074.0,30.43443641839972
2024-06-14 22:49:21,11075.0,30.433562222516603
2024-06-14 22:49:22,11076.0,30.43276409335556
2024-06-14 22:49:23,11077.0,30.43203412437424
2024-06-14 22:49:24,11078.0,30.431364409030298
2024-06-14 22:49:25,11079.0,30.430747040781373
2024-06-14 22:49:26,11080.0,30.43017411308513
2024-06-14 22:49:27,11081.0,30.429637719399196
2024-06-14 22:49:28,11082.0,30.429129953181235
2024-06-14 22:49:29,11083.0,30.428642907888886
2024-06-14 22:49:30,11084.0,30.428168676979812
2024-06-14 22:49:31,11085.0,30.427699353911645
2024-06-14 22:49:32,11086.0,30.42722703214205
2024-06-14 22:49:33,11087.0,30.42674380512866
2024-06-14 22:49:34,11088.0,30.426241766329127
2024-06-14 22:49:35,11089.0,30.425713009201107
2024-06-14 22:49:36,11090.0,30.425149627202245
2024-06-14 22:49:37,11091.0,30.424543713790193
2024-06-14 22:49:38,11092.0,30.423887362422594
2024-06-14 22:49:39,11093.0,30.423172666557093
2024-06-14 22:49:40,11094.0,30.422391719651348
2024-06-14 22:49:41,11095.0,30.421536615163003
2024-06-14 22:49:42,11096.0,30.420599446549712
2024-06-14 22:49:43,11097.0,30.419572307269114
2024-06-14 22:49:44,11098.0,30.418447290778868
2024-06-14 22:49:45,11099.0,30.41721649053661
2024-06-14 22:49:46,11100.0,30.415872
2024-06-14 22:49:47,11101.0,30.413738733580622
2024-06-14 22:49:48,11102.0,30.410215303512985
2024-06-14 22:49:49,11103.0,30.40540434998909
2024-06-14 22:49:50,11104.0,30.39940851320096
2024-06-14 22:49:51,11105.0,30.392330433340604
2024-06-14 22:49:52,11106.0,30.384272750600044
2024-06-14 22:49:53,11107.0,30.375338105171288
2024-06-14 22:49:54,11108.0,30.365629137246344
2024-06-14 22:49:55,11109.0,30.35524848701724
2024-06-14 22:49:56,11110.0,30.34429879467598
2024-06-14 22:49:57,11111.0,30.332882700414572
2024-06-14 22:49:58,11112.0,30.32110284442505
2024-06-14 22:49:59,11113.0,30.30906186689941
2024-06-14 22:50:00,11114.0,30.29686240802967
2024-06-14 22:50:01,11115.0,30.28460710800785
2024-06-14 22:50:02,11116.0,30.272398607025963
2024-06-14 22:50:03,11117.0,30.260339545276018
2024-06-14 22:50:04,11118.0,30.24853256295003
2024-06-14 22:50:05,11119.0,30.237080300240013
2024-06-14 22:50:06,11120.0,30.226085397337982
2024-06-14 22:50:07,11121.0,30.215650494435955
2024-06-14 22:50:08,11122.0,30.20587823172594
2024-06-14 22:50:09,11123.0,30.19687124939995
2024-06-14 22:50:10,11124.0,30.188732187650007
2024-06-14 22:50:11,11125.0,30.18156368666812
2024-06-14 22:50:12,11126.0,30.175468386646298
2024-06-14 22:50:13,11127.0,30.17054892777656
2024-06-14 22:50:14,11128.0,30.16690795025092
2024-06-14 22:50:15,11129.0,30.164648094261395
2024-06-14 22:50:16,11130.0,30.163871999999994
2024-06-14 22:50:17,11131.0,30.16639776296296
2024-06-14 22:50:18,11132.0,30.17374543703703
2024-06-14 22:50:19,11133.0,30.185570599999995
2024-06-14 22:50:20,11134.0,30.201528829629623
2024-06-14 22:50:21,11135.0,30.2212757037037
2024-06-14 22:50:22,11136.0,30.244466799999994
2024-06-14 22:50:23,11137.0,30.27075769629629
2024-06-14 22:50:24,11138.0,30.299803970370366
2024-06-14 22:50:25,11139.0,30.331261199999993
2024-06-14 22:50:26,11140.0,30.364784962962958
2024-06-14 22:50:27,11141.0,30.400030837037033
2024-06-14 22:50:28,11142.0,30.436654399999995
2024-06-14 22:50:29,11143.0,30.474311229629624
2024-06-14 22:50:30,11144.0,30.5126569037037
2024-06-14 22:50:31,11145.0,30.551346999999993
2024-06-14 22:50:32,11146.0,30.59003709629629
2024-06-14 22:50:33,11147.0,30.628382770370365
2024-06-14 22:50:34,11148.0,30.666039599999994
2024-06-14 22:50:35,11149.0,30.702663162962956
2024-06-14 22:50:36,11150.0,30.73790903703703
2024-06-14 22:50:37,11151.0,30.771432799999996
2024-06-14 22:50:38,11152.0,30.802890029629626
2024-06-14 22:50:39,11153.0,30.8319363037037
2024-06-14 22:50:40,11154.0,30.858227199999995
2024-06-14 22:50:41,11155.0,30.881418296296292
2024-06-14 22:50:42,11156.0,30.901165170370366
2024-06-14 22:50:43,11157.0,30.917123399999994
2024-06-14 22:50:44,11158.0,30.928948562962958
2024-06-14 22:50:45,11159.0,30.936296237037034
2024-06-14 22:50:46,11160.0,30.938821999999995
2024-06-14 22:50:47,11161.0,30.93844498487449
2024-06-14 22:50:48,11162.0,30.93733384809767
2024-06-14 22:50:49,11163.0,30.93551845256906
2024-06-14 22:50:50,11164.0,30.93302866118819
2024-06-14 22:50:51,11165.0,30.929894336854588
2024-06-14 22:50:52,11166.0,30.926145342467777
2024-06-14 22:50:53,11167.0,30.921811540927305
2024-06-14 22:50:54,11168.0,30.91692279513268
2024-06-14 22:50:55,11169.0,30.911508967983448
2024-06-14 22:50:56,11170.0,30.90559992237913
2024-06-14 22:50:57,11171.0,30.899225521219254
2024-06-14 22:50:58,11172.0,30.892415627403352
2024-06-14 22:50:59,11173.0,30.88520010383095
2024-06-14 22:51:00,11174.0,30.877608813401586
2024-06-14 22:51:01,11175.0,30.86967161901478
2024-06-14 22:51:02,11176.0,30.861418383570065
2024-06-14 22:51:03,11177.0,30.852878969966973
2024-06-14 22:51:04,11178.0,30.84408324110503
2024-06-14 22:51:05,11179.0,30.835061059883763
2024-06-14 22:51:06,11180.0,30.825842289202704
2024-06-14 22:51:07,11181.0,30.816456791961382
2024-06-14 22:51:08,11182.0,30.80693443105933
2024-06-14 22:51:09,11183.0,30.79730506939607
2024-06-14 22:51:10,11184.0,30.787598569871136
2024-06-14 22:51:11,11185.0,30.77784479538406
2024-06-14 22:51:12,11186.0,30.76807360883436
2024-06-14 22:51:13,11187.0,30.75831487312158
2024-06-14 22:51:14,11188.0,30.748598451145238
2024-06-14 22:51:15,11189.0,30.738954205804866
2024-06-14 22:51:16,11190.0,30.729411999999996
2024-06-14 22:51:17,11191.0,30.719107681602534
2024-06-14 22:51:18,11192.0,30.70724638144735
2024-06-14 22:51:19,11193.0,30.693961886878416
2024-06-14 22:51:20,11194.0,30.679387985239703
2024-06-14 22:51:21,11195.0,30.663658463875194
2024-06-14 22:51:22,11196.0,30.646907110128858
2024-06-14 22:51:23,11197.0,30.62926771134466
2024-06-14 22:51:24,11198.0,30.61087405486659
2024-06-14 22:51:25,11199.0,30.59185992803861
2024-06-14 22:51:26,11200.0,30.572359118204695
2024-06-14 22:51:27,11201.0,30.552505412708822
2024-06-14 22:51:28,11202.0,30.53243259889496
2024-06-14 22:51:29,11203.0,30.512274464107094
2024-06-14 22:51:30,11204.0,30.492164795689185
2024-06-14 22:51:31,11205.0,30.47223738098521
2024-06-14 22:51:32,11206.0,30.45262600733915
2024-06-14 22:51:33,11207.0,30.43346446209496
2024-06-14 22:51:34,11208.0,30.41488653259664
2024-06-14 22:51:35,11209.0,30.397026006188145
2024-06-14 22:51:36,11210.0,30.380016670213454
2024-06-14 22:51:37,11211.0,30.363992312016546
2024-06-14 22:51:38,11212.0,30.34908671894138
2024-06-14 22:51:39,11213.0,30.335433678331945
2024-06-14 22:51:40,11214.0,30.32316697753221
2024-06-14 22:51:41,11215.0,30.312420403886144
2024-06-14 22:51:42,11216.0,30.303327744737725
2024-06-14 22:51:43,11217.0,30.29602278743093
2024-06-14 22:51:44,11218.0,30.290639319309726
2024-06-14 22:51:45,11219.0,30.287311127718088
2024-06-14 22:51:46,11220.0,30.286171999999993
2024-06-14 22:51:47,11221.0,30.287090061629623
2024-06-14 22:51:48,11222.0,30.289760786370362
2024-06-14 22:51:49,11223.0,30.294058983999992
2024-06-14 22:51:50,11224.0,30.29985946429629
2024-06-14 22:51:51,11225.0,30.307037037037034
2024-06-14 22:51:52,11226.0,30.315466511999997
2024-06-14 22:51:53,11227.0,30.325022698962957
2024-06-14 22:51:54,11228.0,30.3355804077037
2024-06-14 22:51:55,11229.0,30.347014447999996
2024-06-14 22:51:56,11230.0,30.359199629629625
2024-06-14 22:51:57,11231.0,30.372010762370365
2024-06-14 22:51:58,11232.0,30.385322655999996
2024-06-14 22:51:59,11233.0,30.399010120296293
2024-06-14 22:52:00,11234.0,30.412947965037034
2024-06-14 22:52:01,11235.0,30.427011
2024-06-14 22:52:02,11236.0,30.44107403496296
2024-06-14 22:52:03,11237.0,30.4550118797037
2024-06-14 22:52:04,11238.0,30.468699343999997
2024-06-14 22:52:05,11239.0,30.482011237629628
2024-06-14 22:52:06,11240.0,30.49482237037037
2024-06-14 22:52:07,11241.0,30.507007551999997
2024-06-14 22:52:08,11242.0,30.518441592296295
2024-06-14 22:52:09,11243.0,30.528999301037036
2024-06-14 22:52:10,11244.0,30.538555488
2024-06-14 22:52:11,11245.0,30.546984962962963
2024-06-14 22:52:12,11246.0,30.554162535703703
2024-06-14 22:52:13,11247.0,30.559963016
2024-06-14 22:52:14,11248.0,30.56426121362963
2024-06-14 22:52:15,11249.0,30.56693193837037
2024-06-14 22:52:16,11250.0,30.56785
2024-06-14 22:52:17,11251.0,30.56743556495982
2024-06-14 22:52:18,11252.0,30.566211365362065
2024-06-14 22:52:19,11253.0,30.564206059490907
2024-06-14 22:52:20,11254.0,30.561448305630524
2024-06-14 22:52:21,11255.0,30.557966762065092
2024-06-14 22:52:22,11256.0,30.553790087078784
2024-06-14 22:52:23,11257.0,30.548946938955776
2024-06-14 22:52:24,11258.0,30.54346597598024
2024-06-14 22:52:25,11259.0,30.53737585643636
2024-06-14 22:52:26,11260.0,30.5307052386083
2024-06-14 22:52:27,11261.0,30.52348278078024
2024-06-14 22:52:28,11262.0,30.515737141236354
2024-06-14 22:52:29,11263.0,30.50749697826082
2024-06-14 22:52:30,11264.0,30.498790950137813
2024-06-14 22:52:31,11265.0,30.489647715151502
2024-06-14 22:52:32,11266.0,30.48009593158607
2024-06-14 22:52:33,11267.0,30.47016425772569
2024-06-14 22:52:34,11268.0,30.459881351854527
2024-06-14 22:52:35,11269.0,30.449275872256777
2024-06-14 22:52:36,11270.0,30.438376477216593
2024-06-14 22:52:37,11271.0,30.427211825018166
2024-06-14 22:52:38,11272.0,30.415810573945663
2024-06-14 22:52:39,11273.0,30.40420138228326
2024-06-14 22:52:40,11274.0,30.392412908315137
2024-06-14 22:52:41,11275.0,30.380473810325466
2024-06-14 22:52:42,11276.0,30.368412746598416
2024-06-14 22:52:43,11277.0,30.356258375418175
2024-06-14 22:52:44,11278.0,30.344039355068904
2024-06-14 22:52:45,11279.0,30.331784343834787
2024-06-14 22:52:46,11280.0,30.319522
2024-06-14 22:52:47,11281.0,30.305761381202245
2024-06-14 22:52:48,11282.0,30.289147751894056
2024-06-14 22:52:49,11283.0,30.269914080581824
2024-06-14 22:52:50,11284.0,30.248293335771947
2024-06-14 22:52:51,11285.0,30.22451848597083
2024-06-14 22:52:52,11286.0,30.19882249968486
2024-06-14 22:52:53,11287.0,30.17143834542044
2024-06-14 22:52:54,11288.0,30.142598991683965
2024-06-14 22:52:55,11289.0,30.112537406981833
2024-06-14 22:52:56,11290.0,30.081486559820444
2024-06-14 22:52:57,11291.0,30.04967941870619
2024-06-14 22:52:58,11292.0,30.01734895214547
2024-06-14 22:52:59,11293.0,29.984728128644687
2024-06-14 22:53:00,11294.0,29.95204991671023
2024-06-14 22:53:01,11295.0,29.9195472848485
2024-06-14 22:53:02,11296.0,29.887453201565894
2024-06-14 22:53:03,11297.0,29.85600063536881
2024-06-14 22:53:04,11298.0,29.825422554763648
2024-06-14 22:53:05,11299.0,29.795951928256798
2024-06-14 22:53:06,11300.0,29.767821724354665
2024-06-14 22:53:07,11301.0,29.741264911563647
2024-06-14 22:53:08,11302.0,29.716514458390133
2024-06-14 22:53:09,11303.0,29.693803333340522
2024-06-14 22:53:10,11304.0,29.673364504921217
2024-06-14 22:53:11,11305.0,29.655430941638613
2024-06-14 22:53:12,11306.0,29.64023561199911
2024-06-14 22:53:13,11307.0,29.628011484509095
2024-06-14 22:53:14,11308.0,29.618991527674975
2024-06-14 22:53:15,11309.0,29.613408710003146
2024-06-14 22:53:16,11310.0,29.611496000000002
2024-06-14 22:53:17,11311.0,29.61267105779181
2024-06-14 22:53:18,11312.0,29.616116256299396
2024-06-14 22:53:19,11313.0,29.621711633221008
2024-06-14 22:53:20,11314.0,29.629337226254897
2024-06-14 22:53:21,11315.0,29.6388730730993
2024-06-14 22:53:22,11316.0,29.650199211452474
2024-06-14 22:53:23,11317.0,29.66319567901266
2024-06-14 22:53:24,11318.0,29.677742513478105
2024-06-14 22:53:25,11319.0,29.693719752547057
2024-06-14 22:53:26,11320.0,29.71100743391776
2024-06-14 22:53:27,11321.0,29.729485595288466
2024-06-14 22:53:28,11322.0,29.749034274357417
2024-06-14 22:53:29,11323.0,29.769533508822864
2024-06-14 22:53:30,11324.0,29.790863336383048
2024-06-14 22:53:31,11325.0,29.81290379473622
2024-06-14 22:53:32,11326.0,29.835534921580624
2024-06-14 22:53:33,11327.0,29.858636754614512
2024-06-14 22:53:34,11328.0,29.882089331536122
2024-06-14 22:53:35,11329.0,29.90577269004371
2024-06-14 22:53:36,11330.0,29.92956686783552
2024-06-14 22:53:37,11331.0,29.953351902609793
2024-06-14 22:53:38,11332.0,29.977007832064782
2024-06-14 22:53:39,11333.0,30.000414693898733
2024-06-14 22:53:40,11334.0,30.023452525809887
2024-06-14 22:53:41,11335.0,30.0460013654965
2024-06-14 22:53:42,11336.0,30.06794125065681
2024-06-14 22:53:43,11337.0,30.08915221898907
2024-06-14 22:53:44,11338.0,30.109514308191525
2024-06-14 22:53:45,11339.0,30.128907555962417
2024-06-14 22:53:46,11340.0,30.147212
2024-06-14 22:53:47,11341.0,30.16548982892647
2024-06-14 22:53:48,11342.0,30.184805650919586
2024-06-14 22:53:49,11343.0,30.205043133010932
2024-06-14 22:53:50,11344.0,30.22608594223208
2024-06-14 22:53:51,11345.0,30.24781774561461
2024-06-14 22:53:52,11346.0,30.27012221019011
2024-06-14 22:53:53,11347.0,30.29288300299016
2024-06-14 22:53:54,11348.0,30.315983791046328
2024-06-14 22:53:55,11349.0,30.339308241390206
2024-06-14 22:53:56,11350.0,30.36274002105337
2024-06-14 22:53:57,11351.0,30.3861627970674
2024-06-14 22:53:58,11352.0,30.40946023646388
2024-06-14 22:53:59,11353.0,30.43251600627438
2024-06-14 22:54:00,11354.0,30.455213773530488
2024-06-14 22:54:01,11355.0,30.477437205263783
2024-06-14 22:54:02,11356.0,30.499069968505843
2024-06-14 22:54:03,11357.0,30.519995730288247
2024-06-14 22:54:04,11358.0,30.540098157642582
2024-06-14 22:54:05,11359.0,30.559260917600426
2024-06-14 22:54:06,11360.0,30.577367677193347
2024-06-14 22:54:07,11361.0,30.594302103452943
2024-06-14 22:54:08,11362.0,30.609947863410785
2024-06-14 22:54:09,11363.0,30.62418862409845
2024-06-14 22:54:10,11364.0,30.636908052547525
2024-06-14 22:54:11,11365.0,30.647989815789586
2024-06-14 22:54:12,11366.0,30.657317580856215
2024-06-14 22:54:13,11367.0,30.66477501477899
2024-06-14 22:54:14,11368.0,30.67024578458949
2024-06-14 22:54:15,11369.0,30.673613557319303
2024-06-14 22:54:16,11370.0,30.674761999999998
2024-06-14 22:54:17,11371.0,30.67446891437037
2024-06-14 22:54:18,11372.0,30.67361630162963
2024-06-14 22:54:19,11373.0,30.672244127999996
2024-06-14 22:54:20,11374.0,30.670392359703705
2024-06-14 22:54:21,11375.0,30.668100962962964
2024-06-14 22:54:22,11376.0,30.665409904
2024-06-14 22:54:23,11377.0,30.662359149037034
2024-06-14 22:54:24,11378.0,30.658988664296295
2024-06-14 22:54:25,11379.0,30.655338415999996
2024-06-14 22:54:26,11380.0,30.65144837037037
2024-06-14 22:54:27,11381.0,30.64735849362963
2024-06-14 22:54:28,11382.0,30.643108752
2024-06-14 22:54:29,11383.0,30.638739111703703
2024-06-14 22:54:30,11384.0,30.634289538962964
2024-06-14 22:54:31,11385.0,30.6298
2024-06-14 22:54:32,11386.0,30.625310461037035
2024-06-14 22:54:33,11387.0,30.620860888296296
2024-06-14 22:54:34,11388.0,30.616491248
2024-06-14 22:54:35,11389.0,30.61224150637037
2024-06-14 22:54:36,11390.0,30.60815162962963
2024-06-14 22:54:37,11391.0,30.604261584
2024-06-14 22:54:38,11392.0,30.600611335703704
2024-06-14 22:54:39,11393.0,30.597240850962965
2024-06-14 22:54:40,11394.0,30.594190096
2024-06-14 22:54:41,11395.0,30.59149903703704
2024-06-14 22:54:42,11396.0,30.589207640296298
2024-06-14 22:54:43,11397.0,30.587355872
2024-06-14 22:54:44,11398.0,30.585983698370374
2024-06-14 22:54:45,11399.0,30.585131085629634
2024-06-14 22:54:46,11400.0,30.584838
2024-06-14 22:54:47,11401.0,30.58553517890945
2024-06-14 22:54:48,11402.0,30.58757163256983
2024-06-14 22:54:49,11403.0,30.59086473637918
2024-06-14 22:54:50,11404.0,30.595331865735556
2024-06-14 22:54:51,11405.0,30.600890396036995
2024-06-14 22:54:52,11406.0,30.607457702681536
2024-06-14 22:54:53,11407.0,30.614951161067236
2024-06-14 22:54:54,11408.0,30.623288146592134
2024-06-14 22:54:55,11409.0,30.632386034654274
2024-06-14 22:54:56,11410.0,30.642162200651704
2024-06-14 22:54:57,11411.0,30.65253401998247
2024-06-14 22:54:58,11412.0,30.66341886804461
2024-06-14 22:54:59,11413.0,30.674734120236174
2024-06-14 22:55:00,11414.0,30.68639715195521
2024-06-14 22:55:01,11415.0,30.69832533859975
2024-06-14 22:55:02,11416.0,30.710436055567854
2024-06-14 22:55:03,11417.0,30.72264667825756
2024-06-14 22:55:04,11418.0,30.734874582066915
2024-06-14 22:55:05,11419.0,30.74703714239396
2024-06-14 22:55:06,11420.0,30.759051734636746
2024-06-14 22:55:07,11421.0,30.77083573419331
2024-06-14 22:55:08,11422.0,30.782306516461702
2024-06-14 22:55:09,11423.0,30.793381456839967
2024-06-14 22:55:10,11424.0,30.803977930726145
2024-06-14 22:55:11,11425.0,30.814013313518288
2024-06-14 22:55:12,11426.0,30.823404980614438
2024-06-14 22:55:13,11427.0,30.832070307412643
2024-06-14 22:55:14,11428.0,30.839926669310938
2024-06-14 22:55:15,11429.0,30.846891441707374
2024-06-14 22:55:16,11430.0,30.852882
2024-06-14 22:55:17,11431.0,30.858384927477807
2024-06-14 22:55:18,11432.0,30.86393113750388
2024-06-14 22:55:19,11433.0,30.86950450058736
2024-06-14 22:55:20,11434.0,30.875088887237418
2024-06-14 22:55:21,11435.0,30.880668167963197
2024-06-14 22:55:22,11436.0,30.886226213273854
2024-06-14 22:55:23,11437.0,30.891746893678558
2024-06-14 22:55:24,11438.0,30.89721407968645
2024-06-14 22:55:25,11439.0,30.902611641806693
2024-06-14 22:55:26,11440.0,30.907923450548445
2024-06-14 22:55:27,11441.0,30.913133376420856
2024-06-14 22:55:28,11442.0,30.91822528993309
2024-06-14 22:55:29,11443.0,30.923183061594294
2024-06-14 22:55:30,11444.0,30.927990561913628
2024-06-14 22:55:31,11445.0,30.932631661400254
2024-06-14 22:55:32,11446.0,30.937090230563314
2024-06-14 22:55:33,11447.0,30.941350139911975
2024-06-14 22:55:34,11448.0,30.945395259955394
2024-06-14 22:55:35,11449.0,30.94920946120272
2024-06-14 22:55:36,11450.0,30.952776614163113
2024-06-14 22:55:37,11451.0,30.956080589345724
2024-06-14 22:55:38,11452.0,30.95910525725972
2024-06-14 22:55:39,11453.0,30.961834488414247
2024-06-14 22:55:40,11454.0,30.964252153318462
2024-06-14 22:55:41,11455.0,30.966342122481528
2024-06-14 22:55:42,11456.0,30.968088266412597
2024-06-14 22:55:43,11457.0,30.96947445562082
2024-06-14 22:55:44,11458.0,30.970484560615358
2024-06-14 22:55:45,11459.0,30.971102451905367
2024-06-14 22:55:46,11460.0,30.971312
2024-06-14 22:55:47,11461.0,30.96998130962963
2024-06-14 22:55:48,11462.0,30.96611021037037
2024-06-14 22:55:49,11463.0,30.95988016
2024-06-14 22:55:50,11464.0,30.951472616296297
2024-06-14 22:55:51,11465.0,30.94106903703704
2024-06-14 22:55:52,11466.0,30.928850880000002
2024-06-14 22:55:53,11467.0,30.914999602962965
2024-06-14 22:55:54,11468.0,30.899696663703704
2024-06-14 22:55:55,11469.0,30.883123519999998
2024-06-14 22:55:56,11470.0,30.86546162962963
2024-06-14 22:55:57,11471.0,30.84689245037037
2024-06-14 22:55:58,11472.0,30.82759744
2024-06-14 22:55:59,11473.0,30.807758056296297
2024-06-14 22:56:00,11474.0,30.787555757037037
2024-06-14 22:56:01,11475.0,30.767172
2024-06-14 22:56:02,11476.0,30.74678824296296
2024-06-14 22:56:03,11477.0,30.7265859437037
2024-06-14 22:56:04,11478.0,30.70674656
2024-06-14 22:56:05,11479.0,30.68745154962963
2024-06-14 22:56:06,11480.0,30.66888237037037
2024-06-14 22:56:07,11481.0,30.65122048
2024-06-14 22:56:08,11482.0,30.634647336296293
2024-06-14 22:56:09,11483.0,30.619344397037032
2024-06-14 22:56:10,11484.0,30.605493119999995
2024-06-14 22:56:11,11485.0,30.59327496296296
2024-06-14 22:56:12,11486.0,30.5828713837037
2024-06-14 22:56:13,11487.0,30.574463839999996
2024-06-14 22:56:14,11488.0,30.568233789629627
2024-06-14 22:56:15,11489.0,30.564362690370366
2024-06-14 22:56:16,11490.0,30.563031999999996
2024-06-14 22:56:17,11491.0,30.563503908148146
2024-06-14 22:56:18,11492.0,30.564876731851847
2024-06-14 22:56:19,11493.0,30.567086119999995
2024-06-14 22:56:20,11494.0,30.57006772148148
2024-06-14 22:56:21,11495.0,30.573757185185183
2024-06-14 22:56:22,11496.0,30.57809016
2024-06-14 22:56:23,11497.0,30.58300229481481
2024-06-14 22:56:24,11498.0,30.58842923851852
2024-06-14 22:56:25,11499.0,30.594306639999996
2024-06-14 22:56:26,11500.0,30.600570148148144
2024-06-14 22:56:27,11501.0,30.60715541185185
2024-06-14 22:56:28,11502.0,30.61399808
2024-06-14 22:56:29,11503.0,30.62103380148148
2024-06-14 22:56:30,11504.0,30.628198225185184
2024-06-14 22:56:31,11505.0,30.635427
2024-06-14 22:56:32,11506.0,30.642655774814816
2024-06-14 22:56:33,11507.0,30.64982019851852
2024-06-14 22:56:34,11508.0,30.65685592
2024-06-14 22:56:35,11509.0,30.663698588148147
2024-06-14 22:56:36,11510.0,30.670283851851853
2024-06-14 22:56:37,11511.0,30.676547360000004
2024-06-14 22:56:38,11512.0,30.682424761481485
2024-06-14 22:56:39,11513.0,30.68785170518519
2024-06-14 22:56:40,11514.0,30.69276384
2024-06-14 22:56:41,11515.0,30.69709681481482
2024-06-14 22:56:42,11516.0,30.70078627851852
2024-06-14 22:56:43,11517.0,30.70376788
2024-06-14 22:56:44,11518.0,30.705977268148153
2024-06-14 22:56:45,11519.0,30.707350091851854
2024-06-14 22:56:46,11520.0,30.707822000000004
2024-06-14 22:56:47,11521.0,30.706349042962966
2024-06-14 22:56:48,11522.0,30.70206407703704
2024-06-14 22:56:49,11523.0,30.695167960000006
2024-06-14 22:56:50,11524.0,30.68586154962963
2024-06-14 22:56:51,11525.0,30.674345703703707
2024-06-14 22:56:52,11526.0,30.660821280000004
2024-06-14 22:56:53,11527.0,30.6454891362963
2024-06-14 22:56:54,11528.0,30.628550130370375
2024-06-14 22:56:55,11529.0,30.610205120000003
2024-06-14 22:56:56,11530.0,30.590654962962965
2024-06-14 22:56:57,11531.0,30.57010051703704
2024-06-14 22:56:58,11532.0,30.548742640000004
2024-06-14 22:56:59,11533.0,30.526782189629632
2024-06-14 22:57:00,11534.0,30.504420023703705
2024-06-14 22:57:01,11535.0,30.481857
2024-06-14 22:57:02,11536.0,30.459293976296298
2024-06-14 22:57:03,11537.0,30.43693181037037
2024-06-14 22:57:04,11538.0,30.41497136
2024-06-14 22:57:05,11539.0,30.393613482962962
2024-06-14 22:57:06,11540.0,30.373059037037038
2024-06-14 22:57:07,11541.0,30.35350888
2024-06-14 22:57:08,11542.0,30.335163869629632
2024-06-14 22:57:09,11543.0,30.3182248637037
2024-06-14 22:57:10,11544.0,30.30289272
2024-06-14 22:57:11,11545.0,30.289368296296296
2024-06-14 22:57:12,11546.0,30.27785245037037
2024-06-14 22:57:13,11547.0,30.268546039999997
2024-06-14 22:57:14,11548.0,30.261649922962963
2024-06-14 22:57:15,11549.0,30.257364957037034
2024-06-14 22:57:16,11550.0,30.255892
2024-06-14 22:57:17,11551.0,30.259520735407406
2024-06-14 22:57:18,11552.0,30.270077056592594
2024-06-14 22:57:19,11553.0,30.287066136
2024-06-14 22:57:20,11554.0,30.309993146074074
2024-06-14 22:57:21,11555.0,30.33836325925926
2024-06-14 22:57:22,11556.0,30.371681648
2024-06-14 22:57:23,11557.0,30.40945348474074
2024-06-14 22:57:24,11558.0,30.451183941925926
2024-06-14 22:57:25,11559.0,30.496378191999998
2024-06-14 22:57:26,11560.0,30.544541407407408
2024-06-14 22:57:27,11561.0,30.595178760592592
2024-06-14 22:57:28,11562.0,30.647795423999998
2024-06-14 22:57:29,11563.0,30.701896570074073
2024-06-14 22:57:30,11564.0,30.756987371259257
2024-06-14 22:57:31,11565.0,30.812573
2024-06-14 22:57:32,11566.0,30.86815862874074
2024-06-14 22:57:33,11567.0,30.923249429925924
2024-06-14 22:57:34,11568.0,30.977350575999996
2024-06-14 22:57:35,11569.0,31.029967239407405
2024-06-14 22:57:36,11570.0,31.08060459259259
2024-06-14 22:57:37,11571.0,31.128767808
2024-06-14 22:57:38,11572.0,31.173962058074075
2024-06-14 22:57:39,11573.0,31.215692515259256
2024-06-14 22:57:40,11574.0,31.253464351999995
2024-06-14 22:57:41,11575.0,31.28678274074074
2024-06-14 22:57:42,11576.0,31.315152853925923
2024-06-14 22:57:43,11577.0,31.338079863999997
2024-06-14 22:57:44,11578.0,31.355068943407403
2024-06-14 22:57:45,11579.0,31.365625264592587
2024-06-14 22:57:46,11580.0,31.369253999999998
2024-06-14 22:57:47,11581.0,31.365342021925922
2024-06-14 22:57:48,11582.0,31.35396172207407
2024-06-14 22:57:49,11583.0,31.335646551999996
2024-06-14 22:57:50,11584.0,31.310929963259255
2024-06-14 22:57:51,11585.0,31.280345407407406
2024-06-14 22:57:52,11586.0,31.244426335999997
2024-06-14 22:57:53,11587.0,31.20370620059259
2024-06-14 22:57:54,11588.0,31.15871845274074
2024-06-14 22:57:55,11589.0,31.109996543999998
2024-06-14 22:57:56,11590.0,31.058073925925925
2024-06-14 22:57:57,11591.0,31.00348405007407
2024-06-14 22:57:58,11592.0,30.946760368
2024-06-14 22:57:59,11593.0,30.888436331259257
2024-06-14 22:58:00,11594.0,30.829045391407405
2024-06-14 22:58:01,11595.0,30.769121
2024-06-14 22:58:02,11596.0,30.709196608592592
2024-06-14 22:58:03,11597.0,30.64980566874074
2024-06-14 22:58:04,11598.0,30.591481632
2024-06-14 22:58:05,11599.0,30.534757949925925
2024-06-14 22:58:06,11600.0,30.480168074074072
2024-06-14 22:58:07,11601.0,30.428245456
2024-06-14 22:58:08,11602.0,30.379523547259257
2024-06-14 22:58:09,11603.0,30.334535799407405
2024-06-14 22:58:10,11604.0,30.293815663999997
2024-06-14 22:58:11,11605.0,30.257896592592594
2024-06-14 22:58:12,11606.0,30.227312036740738
2024-06-14 22:58:13,11607.0,30.202595447999997
2024-06-14 22:58:14,11608.0,30.184280277925925
2024-06-14 22:58:15,11609.0,30.17289997807407
2024-06-14 22:58:16,11610.0,30.168988
2024-06-14 22:58:17,11611.0,30.172633135999998
2024-06-14 22:58:18,11612.0,30.183237167999998
2024-06-14 22:58:19,11613.0,30.200303031999997
2024-06-14 22:58:20,11614.0,30.223333664
2024-06-14 22:58:21,11615.0,30.251832
2024-06-14 22:58:22,11616.0,30.285300976000002
2024-06-14 22:58:23,11617.0,30.323243528
2024-06-14 22:58:24,11618.0,30.365162592
2024-06-14 22:58:25,11619.0,30.410561104
2024-06-14 22:58:26,11620.0,30.458941999999997
2024-06-14 22:58:27,11621.0,30.509808216
2024-06-14 22:58:28,11622.0,30.562662688
2024-06-14 22:58:29,11623.0,30.617008352
2024-06-14 22:58:30,11624.0,30.672348144
2024-06-14 22:58:31,11625.0,30.728185000000003
2024-06-14 22:58:32,11626.0,30.784021856
2024-06-14 22:58:33,11627.0,30.839361648
2024-06-14 22:58:34,11628.0,30.893707312
2024-06-14 22:58:35,11629.0,30.946561784
2024-06-14 22:58:36,11630.0,30.997428
2024-06-14 22:58:37,11631.0,31.045808896
2024-06-14 22:58:38,11632.0,31.091207408
2024-06-14 22:58:39,11633.0,31.133126471999997
2024-06-14 22:58:40,11634.0,31.171069023999998
2024-06-14 22:58:41,11635.0,31.204538
2024-06-14 22:58:42,11636.0,31.233036336
2024-06-14 22:58:43,11637.0,31.256066968000003
2024-06-14 22:58:44,11638.0,31.273132832
2024-06-14 22:58:45,11639.0,31.283736864
2024-06-14 22:58:46,11640.0,31.287382
2024-06-14 22:58:47,11641.0,31.286000926261362
2024-06-14 22:58:48,11642.0,31.281960673070692
2024-06-14 22:58:49,11643.0,31.27541569246588
2024-06-14 22:58:50,11644.0,31.266520436484797
2024-06-14 22:58:51,11645.0,31.255429357165323
2024-06-14 22:58:52,11646.0,31.24229690654534
2024-06-14 22:58:53,11647.0,31.227277536662733
2024-06-14 22:58:54,11648.0,31.210525699555376
2024-06-14 22:58:55,11649.0,31.192195847261143
2024-06-14 22:58:56,11650.0,31.172442431817924
2024-06-14 22:58:57,11651.0,31.15141990526359
2024-06-14 22:58:58,11652.0,31.129282719636027
2024-06-14 22:58:59,11653.0,31.10618532697311
2024-06-14 22:59:00,11654.0,31.082282179312724
2024-06-14 22:59:01,11655.0,31.057727728692743
2024-06-14 22:59:02,11656.0,31.03267642715105
2024-06-14 22:59:03,11657.0,31.007282726725524
2024-06-14 22:59:04,11658.0,30.98170107945404
2024-06-14 22:59:05,11659.0,30.956085937374485
2024-06-14 22:59:06,11660.0,30.930591752524734
2024-06-14 22:59:07,11661.0,30.905372976942665
2024-06-14 22:59:08,11662.0,30.880584062666163
2024-06-14 22:59:09,11663.0,30.856379461733102
2024-06-14 22:59:10,11664.0,30.83291362618137
2024-06-14 22:59:11,11665.0,30.810341008048837
2024-06-14 22:59:12,11666.0,30.788816059373385
2024-06-14 22:59:13,11667.0,30.7684932321929
2024-06-14 22:59:14,11668.0,30.74952697854525
2024-06-14 22:59:15,11669.0,30.732071750468325
2024-06-14 22:59:16,11670.0,30.716282
2024-06-14 22:59:17,11671.0,30.70115606286501
2024-06-14 22:59:18,11672.0,30.685631928121413
2024-06-14 22:59:19,11673.0,30.669773527807102
2024-06-14 22:59:20,11674.0,30.65364479395995
2024-06-14 22:59:21,11675.0,30.63730965861783
2024-06-14 22:59:22,11676.0,30.62083205381863
2024-06-14 22:59:23,11677.0,30.60427591160023
2024-06-14 22:59:24,11678.0,30.5877051640005
2024-06-14 22:59:25,11679.0,30.571183743057336
2024-06-14 22:59:26,11680.0,30.5547755808086
2024-06-14 22:59:27,11681.0,30.538544609292185
2024-06-14 22:59:28,11682.0,30.522554760545958
2024-06-14 22:59:29,11683.0,30.506869966607812
2024-06-14 22:59:30,11684.0,30.491554159515623
2024-06-14 22:59:31,11685.0,30.476671271307257
2024-06-14 22:59:32,11686.0,30.462285234020612
2024-06-14 22:59:33,11687.0,30.448459979693556
2024-06-14 22:59:34,11688.0,30.43525944036397
2024-06-14 22:59:35,11689.0,30.422747548069744
2024-06-14 22:59:36,11690.0,30.410988234848748
2024-06-14 22:59:37,11691.0,30.400045432738857
2024-06-14 22:59:38,11692.0,30.389983073777962
2024-06-14 22:59:39,11693.0,30.380865090003933
2024-06-14 22:59:40,11694.0,30.37275541345466
2024-06-14 22:59:41,11695.0,30.365717976168014
2024-06-14 22:59:42,11696.0,30.359816710181875
2024-06-14 22:59:43,11697.0,30.35511554753412
2024-06-14 22:59:44,11698.0,30.35167842026264
2024-06-14 22:59:45,11699.0,30.34956926040531
2024-06-14 22:59:46,11700.0,30.348852
2024-06-14 22:59:47,11701.0,30.34957008
2024-06-14 22:59:48,11702.0,30.35165904
2024-06-14 22:59:49,11703.0,30.35502096
2024-06-14 22:59:50,11704.0,30.35955792
2024-06-14 22:59:51,11705.0,30.365172
2024-06-14 22:59:52,11706.0,30.37176528
2024-06-14 22:59:53,11707.0,30.37923984
2024-06-14 22:59:54,11708.0,30.387497760000002
2024-06-14 22:59:55,11709.0,30.396441120000002
2024-06-14 22:59:56,11710.0,30.405972000000002
2024-06-14 22:59:57,11711.0,30.41599248
2024-06-14 22:59:58,11712.0,30.42640464
2024-06-14 22:59:59,11713.0,30.43711056
2024-06-14 23:00:00,11714.0,30.44801232
2024-06-14 23:00:01,11715.0,30.459012
2024-06-14 23:00:02,11716.0,30.470011680000002
2024-06-14 23:00:03,11717.0,30.480913440000002
2024-06-14 23:00:04,11718.0,30.49161936
2024-06-14 23:00:05,11719.0,30.502031520000003
2024-06-14 23:00:06,11720.0,30.512052000000004
2024-06-14 23:00:07,11721.0,30.52158288
2024-06-14 23:00:08,11722.0,30.53052624
2024-06-14 23:00:09,11723.0,30.538784160000002
2024-06-14 23:00:10,11724.0,30.546258720000004
2024-06-14 23:00:11,11725.0,30.552852
2024-06-14 23:00:12,11726.0,30.558466080000002
2024-06-14 23:00:13,11727.0,30.56300304
2024-06-14 23:00:14,11728.0,30.56636496
2024-06-14 23:00:15,11729.0,30.568453920000003
2024-06-14 23:00:16,11730.0,30.569172000000002
2024-06-14 23:00:17,11731.0,30.56826261451852
2024-06-14 23:00:18,11732.0,30.56561712948148
2024-06-14 23:00:19,11733.0,30.561359552000003
2024-06-14 23:00:20,11734.0,30.555613889185185
2024-06-14 23:00:21,11735.0,30.548504148148147
2024-06-14 23:00:22,11736.0,30.540154336
2024-06-14 23:00:23,11737.0,30.530688459851852
2024-06-14 23:00:24,11738.0,30.520230526814817
2024-06-14 23:00:25,11739.0,30.508904544000004
2024-06-14 23:00:26,11740.0,30.49683451851852
2024-06-14 23:00:27,11741.0,30.48414445748148
2024-06-14 23:00:28,11742.0,30.470958368
2024-06-14 23:00:29,11743.0,30.457400257185185
2024-06-14 23:00:30,11744.0,30.44359413214815
2024-06-14 23:00:31,11745.0,30.429664000000002
2024-06-14 23:00:32,11746.0,30.415733867851852
2024-06-14 23:00:33,11747.0,30.401927742814816
2024-06-14 23:00:34,11748.0,30.388369632000003
2024-06-14 23:00:35,11749.0,30.37518354251852
2024-06-14 23:00:36,11750.0,30.362493481481483
2024-06-14 23:00:37,11751.0,30.350423456
2024-06-14 23:00:38,11752.0,30.339097473185188
2024-06-14 23:00:39,11753.0,30.32863954014815
2024-06-14 23:00:40,11754.0,30.319173664000004
2024-06-14 23:00:41,11755.0,30.310823851851854
2024-06-14 23:00:42,11756.0,30.303714110814816
2024-06-14 23:00:43,11757.0,30.297968448000002
2024-06-14 23:00:44,11758.0,30.29371087051852
2024-06-14 23:00:45,11759.0,30.291065385481485
2024-06-14 23:00:46,11760.0,30.290156000000003
2024-06-14 23:00:47,11761.0,30.290636043259262
2024-06-14 23:00:48,11762.0,30.292032532740745
2024-06-14 23:00:49,11763.0,30.294280008
2024-06-14 23:00:50,11764.0,30.297313008592596
2024-06-14 23:00:51,11765.0,30.301066074074075
2024-06-14 23:00:52,11766.0,30.305473744000004
2024-06-14 23:00:53,11767.0,30.310470557925928
2024-06-14 23:00:54,11768.0,30.31599105540741
2024-06-14 23:00:55,11769.0,30.321969776000003
2024-06-14 23:00:56,11770.0,30.32834125925926
2024-06-14 23:00:57,11771.0,30.335040044740744
2024-06-14 23:00:58,11772.0,30.342000672000005
2024-06-14 23:00:59,11773.0,30.349157680592594
2024-06-14 23:01:00,11774.0,30.35644561007408
2024-06-14 23:01:01,11775.0,30.363799
2024-06-14 23:01:02,11776.0,30.37115238992593
2024-06-14 23:01:03,11777.0,30.378440319407414
2024-06-14 23:01:04,11778.0,30.385597328000003
2024-06-14 23:01:05,11779.0,30.392557955259264
2024-06-14 23:01:06,11780.0,30.399256740740746
2024-06-14 23:01:07,11781.0,30.405628224000004
2024-06-14 23:01:08,11782.0,30.4116069445926
2024-06-14 23:01:09,11783.0,30.41712744207408
2024-06-14 23:01:10,11784.0,30.422124256000007
2024-06-14 23:01:11,11785.0,30.42653192592593
2024-06-14 23:01:12,11786.0,30.430284991407415
2024-06-14 23:01:13,11787.0,30.433317992000006
2024-06-14 23:01:14,11788.0,30.435565467259266
2024-06-14 23:01:15,11789.0,30.436961956740745
2024-06-14 23:01:16,11790.0,30.437442000000004
2024-06-14 23:01:17,11791.0,30.43648234370371
2024-06-14 23:01:18,11792.0,30.4336906162963
2024-06-14 23:01:19,11793.0,30.42919768
2024-06-14 23:01:20,11794.0,30.42313439703704
2024-06-14 23:01:21,11795.0,30.415631629629633
2024-06-14 23:01:22,11796.0,30.406820240000005
2024-06-14 23:01:23,11797.0,30.396831090370373
2024-06-14 23:01:24,11798.0,30.385795042962965
2024-06-14 23:01:25,11799.0,30.373842960000005
2024-06-14 23:01:26,11800.0,30.361105703703707
2024-06-14 23:01:27,11801.0,30.3477141362963
2024-06-14 23:01:28,11802.0,30.333799120000002
2024-06-14 23:01:29,11803.0,30.31949151703704
2024-06-14 23:01:30,11804.0,30.304922189629632
2024-06-14 23:01:31,11805.0,30.290222000000004
2024-06-14 23:01:32,11806.0,30.27552181037037
2024-06-14 23:01:33,11807.0,30.260952482962963
2024-06-14 23:01:34,11808.0,30.24664488
2024-06-14 23:01:35,11809.0,30.232729863703703
2024-06-14 23:01:36,11810.0,30.219338296296296
2024-06-14 23:01:37,11811.0,30.20660104
2024-06-14 23:01:38,11812.0,30.19464895703704
2024-06-14 23:01:39,11813.0,30.18361290962963
2024-06-14 23:01:40,11814.0,30.173623759999998
2024-06-14 23:01:41,11815.0,30.16481237037037
2024-06-14 23:01:42,11816.0,30.15730960296296
2024-06-14 23:01:43,11817.0,30.151246320000002
2024-06-14 23:01:44,11818.0,30.146753383703704
2024-06-14 23:01:45,11819.0,30.143961656296295
2024-06-14 23:01:46,11820.0,30.143002
2024-06-14 23:01:47,11821.0,30.143487544994642
2024-06-14 23:01:48,11822.0,30.14492176304444
2024-06-14 23:01:49,11823.0,30.14727102874821
2024-06-14 23:01:50,11824.0,30.150501716704753
2024-06-14 23:01:51,11825.0,30.154580201512886
2024-06-14 23:01:52,11826.0,30.159472857771412
2024-06-14 23:01:53,11827.0,30.16514606007914
2024-06-14 23:01:54,11828.0,30.17156618303489
2024-06-14 23:01:55,11829.0,30.178699601237465
2024-06-14 23:01:56,11830.0,30.186512689285674
2024-06-14 23:01:57,11831.0,30.194971821778328
2024-06-14 23:01:58,11832.0,30.204043373314235
2024-06-14 23:01:59,11833.0,30.213693718492205
2024-06-14 23:02:00,11834.0,30.22388923191105
2024-06-14 23:02:01,11835.0,30.234596288169577
2024-06-14 23:02:02,11836.0,30.245781261866597
2024-06-14 23:02:03,11837.0,30.257410527600918
2024-06-14 23:02:04,11838.0,30.269450459971353
2024-06-14 23:02:05,11839.0,30.281867433576707
2024-06-14 23:02:06,11840.0,30.294627823015794
2024-06-14 23:02:07,11841.0,30.307698002887424
2024-06-14 23:02:08,11842.0,30.3210443477904
2024-06-14 23:02:09,11843.0,30.334633232323537
2024-06-14 23:02:10,11844.0,30.348431031085646
2024-06-14 23:02:11,11845.0,30.36240411867553
2024-06-14 23:02:12,11846.0,30.37651886969201
2024-06-14 23:02:13,11847.0,30.390741658733884
2024-06-14 23:02:14,11848.0,30.405038860399966
2024-06-14 23:02:15,11849.0,30.419376849289065
2024-06-14 23:02:16,11850.0,30.433721999999996
2024-06-14 23:02:17,11851.0,30.449813070710924
2024-06-14 23:02:18,11852.0,30.469230099600026
2024-06-14 23:02:19,11853.0,30.49170138126611
2024-06-14 23:02:20,11854.0,30.51695521030798
2024-06-14 23:02:21,11855.0,30.544719881324458
2024-06-14 23:02:22,11856.0,30.574723688914347
2024-06-14 23:02:23,11857.0,30.606694927676454
2024-06-14 23:02:24,11858.0,30.640361892209594
2024-06-14 23:02:25,11859.0,30.675452877112573
2024-06-14 23:02:26,11860.0,30.7116961769842
2024-06-14 23:02:27,11861.0,30.748820086423287
2024-06-14 23:02:28,11862.0,30.78655290002864
2024-06-14 23:02:29,11863.0,30.82462291239908
2024-06-14 23:02:30,11864.0,30.8627584181334
2024-06-14 23:02:31,11865.0,30.90068771183042
2024-06-14 23:02:32,11866.0,30.93813908808895
2024-06-14 23:02:33,11867.0,30.974840841507792
2024-06-14 23:02:34,11868.0,31.010521266685764
2024-06-14 23:02:35,11869.0,31.044908658221672
2024-06-14 23:02:36,11870.0,31.07773131071432
2024-06-14 23:02:37,11871.0,31.108717518762532
2024-06-14 23:02:38,11872.0,31.137595576965108
2024-06-14 23:02:39,11873.0,31.164093779920854
2024-06-14 23:02:40,11874.0,31.18794042222859
2024-06-14 23:02:41,11875.0,31.208863798487116
2024-06-14 23:02:42,11876.0,31.22659220329525
2024-06-14 23:02:43,11877.0,31.2408539312518
2024-06-14 23:02:44,11878.0,31.251377276955562
2024-06-14 23:02:45,11879.0,31.25789053500536
2024-06-14 23:02:46,11880.0,31.260122000000003
2024-06-14 23:02:47,11881.0,31.258971719275397
2024-06-14 23:02:48,11882.0,31.255594659883517
2024-06-14 23:02:49,11883.0,31.250101495997274
2024-06-14 23:02:50,11884.0,31.24260290178957
2024-06-14 23:02:51,11885.0,31.233209551433315
2024-06-14 23:02:52,11886.0,31.222032119101414
2024-06-14 23:02:53,11887.0,31.209181278966774
2024-06-14 23:02:54,11888.0,31.194767705202302
2024-06-14 23:02:55,11889.0,31.178902071980907
2024-06-14 23:02:56,11890.0,31.161695053475494
2024-06-14 23:02:57,11891.0,31.14325732385897
2024-06-14 23:02:58,11892.0,31.12369955730424
2024-06-14 23:02:59,11893.0,31.10313242798421
2024-06-14 23:03:00,11894.0,31.081666610071792
2024-06-14 23:03:01,11895.0,31.05941277773989
2024-06-14 23:03:02,11896.0,31.036481605161416
2024-06-14 23:03:03,11897.0,31.012983766509265
2024-06-14 23:03:04,11898.0,30.989029935956356
2024-06-14 23:03:05,11899.0,30.964730787675588
2024-06-14 23:03:06,11900.0,30.940196995839873
2024-06-14 23:03:07,11901.0,30.915539234622113
2024-06-14 23:03:08,11902.0,30.89086817819522
2024-06-14 23:03:09,11903.0,30.866294500732092
2024-06-14 23:03:10,11904.0,30.84192887640565
2024-06-14 23:03:11,11905.0,30.81788197938879
2024-06-14 23:03:12,11906.0,30.79426448385442
2024-06-14 23:03:13,11907.0,30.77118706397545
2024-06-14 23:03:14,11908.0,30.748760393924787
2024-06-14 23:03:15,11909.0,30.727095147875332
2024-06-14 23:03:16,11910.0,30.706302
2024-06-14 23:03:17,11911.0,30.68510447582837
2024-06-14 23:03:18,11912.0,30.662262862371513
2024-06-14 23:03:19,11913.0,30.637942976024547
2024-06-14 23:03:20,11914.0,30.61231063318262
2024-06-14 23:03:21,11915.0,30.585531650240842
2024-06-14 23:03:22,11916.0,30.557771843594352
2024-06-14 23:03:23,11917.0,30.52919702963828
2024-06-14 23:03:24,11918.0,30.499973024767744
2024-06-14 23:03:25,11919.0,30.470265645377886
2024-06-14 23:03:26,11920.0,30.44024070786383
2024-06-14 23:03:27,11921.0,30.41006402862071
2024-06-14 23:03:28,11922.0,30.37990142404364
2024-06-14 23:03:29,11923.0,30.349918710527767
2024-06-14 23:03:30,11924.0,30.320281704468215
2024-06-14 23:03:31,11925.0,30.29115622226011
2024-06-14 23:03:32,11926.0,30.262708080298577
2024-06-14 23:03:33,11927.0,30.23510309497875
2024-06-14 23:03:34,11928.0,30.20850708269576
2024-06-14 23:03:35,11929.0,30.183085859844734
2024-06-14 23:03:36,11930.0,30.1590052428208
2024-06-14 23:03:37,11931.0,30.13643104801909
2024-06-14 23:03:38,11932.0,30.11552909183473
2024-06-14 23:03:39,11933.0,30.09646519066285
2024-06-14 23:03:40,11934.0,30.079405160898585
2024-06-14 23:03:41,11935.0,30.064514818937052
2024-06-14 23:03:42,11936.0,30.051959981173386
2024-06-14 23:03:43,11937.0,30.04190646400272
2024-06-14 23:03:44,11938.0,30.03452008382018
2024-06-14 23:03:45,11939.0,30.029966657020893
2024-06-14 23:03:46,11940.0,30.028411999999992
2024-06-14 23:03:47,11941.0,30.02974969777777
2024-06-14 23:03:48,11942.0,30.033641182222212
2024-06-14 23:03:49,11943.0,30.039904039999993
2024-06-14 23:03:50,11944.0,30.04835585777777
2024-06-14 23:03:51,11945.0,30.058814222222214
2024-06-14 23:03:52,11946.0,30.071096719999993
2024-06-14 23:03:53,11947.0,30.08502093777777
2024-06-14 23:03:54,11948.0,30.100404462222215
2024-06-14 23:03:55,11949.0,30.117064879999994
2024-06-14 23:03:56,11950.0,30.134819777777775
2024-06-14 23:03:57,11951.0,30.153486742222217
2024-06-14 23:03:58,11952.0,30.172883359999993
2024-06-14 23:03:59,11953.0,30.192827217777776
2024-06-14 23:04:00,11954.0,30.21313590222222
2024-06-14 23:04:01,11955.0,30.233627
2024-06-14 23:04:02,11956.0,30.254118097777773
2024-06-14 23:04:03,11957.0,30.27442678222222
2024-06-14 23:04:04,11958.0,30.29437064
2024-06-14 23:04:05,11959.0,30.313767257777776
2024-06-14 23:04:06,11960.0,30.332434222222222
2024-06-14 23:04:07,11961.0,30.35018912
2024-06-14 23:04:08,11962.0,30.366849537777778
2024-06-14 23:04:09,11963.0,30.38223306222222
2024-06-14 23:04:10,11964.0,30.396157279999997
2024-06-14 23:04:11,11965.0,30.408439777777776
2024-06-14 23:04:12,11966.0,30.418898142222222
2024-06-14 23:04:13,11967.0,30.42734996
2024-06-14 23:04:14,11968.0,30.43361281777778
2024-06-14 23:04:15,11969.0,30.437504302222223
2024-06-14 23:04:16,11970.0,30.438842
2024-06-14 23:04:17,11971.0,30.437903594074076
2024-06-14 23:04:18,11972.0,30.435173685925925
2024-06-14 23:04:19,11973.0,30.43078024
2024-06-14 23:04:20,11974.0,30.42485122074074
2024-06-14 23:04:21,11975.0,30.417514592592592
2024-06-14 23:04:22,11976.0,30.408898320000002
2024-06-14 23:04:23,11977.0,30.399130367407405
2024-06-14 23:04:24,11978.0,30.38833869925926
2024-06-14 23:04:25,11979.0,30.37665128
2024-06-14 23:04:26,11980.0,30.364196074074076
2024-06-14 23:04:27,11981.0,30.35110104592593
2024-06-14 23:04:28,11982.0,30.337494160000002
2024-06-14 23:04:29,11983.0,30.323503380740743
2024-06-14 23:04:30,11984.0,30.309256672592596
2024-06-14 23:04:31,11985.0,30.294882
2024-06-14 23:04:32,11986.0,30.280507327407406
2024-06-14 23:04:33,11987.0,30.26626061925926
2024-06-14 23:04:34,11988.0,30.25226984
2024-06-14 23:04:35,11989.0,30.238662954074076
2024-06-14 23:04:36,11990.0,30.225567925925926
2024-06-14 23:04:37,11991.0,30.21311272
2024-06-14 23:04:38,11992.0,30.20142530074074
2024-06-14 23:04:39,11993.0,30.190633632592593
2024-06-14 23:04:40,11994.0,30.180865680000004
2024-06-14 23:04:41,11995.0,30.17224940740741
2024-06-14 23:04:42,11996.0,30.16491277925926
2024-06-14 23:04:43,11997.0,30.15898376
2024-06-14 23:04:44,11998.0,30.154590314074074
2024-06-14 23:04:45,11999.0,30.151860405925927
2024-06-14 23:04:46,12000.0,30.150922
2024-06-14 23:04:47,12001.0,30.15272749925926
2024-06-14 23:04:48,12002.0,30.157979860740742
2024-06-14 23:04:49,12003.0,30.166432880000002
2024-06-14 23:04:50,12004.0,30.177840352592593
2024-06-14 23:04:51,12005.0,30.191956074074074
2024-06-14 23:04:52,12006.0,30.20853384
2024-06-14 23:04:53,12007.0,30.227327445925926
2024-06-14 23:04:54,12008.0,30.24809068740741
2024-06-14 23:04:55,12009.0,30.27057736
2024-06-14 23:04:56,12010.0,30.294541259259262
2024-06-14 23:04:57,12011.0,30.31973618074074
2024-06-14 23:04:58,12012.0,30.34591592
2024-06-14 23:04:59,12013.0,30.37283427259259
2024-06-14 23:05:00,12014.0,30.400245034074075
2024-06-14 23:05:01,12015.0,30.427902000000003
2024-06-14 23:05:02,12016.0,30.455558965925924
2024-06-14 23:05:03,12017.0,30.482969727407408
2024-06-14 23:05:04,12018.0,30.50988808
2024-06-14 23:05:05,12019.0,30.53606781925926
2024-06-14 23:05:06,12020.0,30.56126274074074
2024-06-14 23:05:07,12021.0,30.58522664
2024-06-14 23:05:08,12022.0,30.60771331259259
2024-06-14 23:05:09,12023.0,30.628476554074073
2024-06-14 23:05:10,12024.0,30.647270159999998
2024-06-14 23:05:11,12025.0,30.663847925925925
2024-06-14 23:05:12,12026.0,30.677963647407406
2024-06-14 23:05:13,12027.0,30.68937112
2024-06-14 23:05:14,12028.0,30.697824139259257
2024-06-14 23:05:15,12029.0,30.70307650074074
2024-06-14 23:05:16,12030.0,30.704881999999998
2024-06-14 23:05:17,12031.0,30.70487552105621
2024-06-14 23:05:18,12032.0,30.704856118102157
2024-06-14 23:05:19,12033.0,30.704823841953786
2024-06-14 23:05:20,12034.0,30.70477874342706
2024-06-14 23:05:21,12035.0,30.704720873337934
2024-06-14 23:05:22,12036.0,30.704650282502357
2024-06-14 23:05:23,12037.0,30.704567021736295
2024-06-14 23:05:24,12038.0,30.7044711418557
2024-06-14 23:05:25,12039.0,30.704362693676522
2024-06-14 23:05:26,12040.0,30.704241728014722
2024-06-14 23:05:27,12041.0,30.70410829568626
2024-06-14 23:05:28,12042.0,30.703962447507084
2024-06-14 23:05:29,12043.0,30.703804234293152
2024-06-14 23:05:30,12044.0,30.70363370686042
2024-06-14 23:05:31,12045.0,30.70345091602485
2024-06-14 23:05:32,12046.0,30.703255912602387
2024-06-14 23:05:33,12047.0,30.703048747408996
2024-06-14 23:05:34,12048.0,30.702829471260625
2024-06-14 23:05:35,12049.0,30.702598134973236
2024-06-14 23:05:36,12050.0,30.702354789362786
2024-06-14 23:05:37,12051.0,30.70209948524522
2024-06-14 23:05:38,12052.0,30.701832273436505
2024-06-14 23:05:39,12053.0,30.701553204752596
2024-06-14 23:05:40,12054.0,30.701262330009445
2024-06-14 23:05:41,12055.0,30.700959700023006
2024-06-14 23:05:42,12056.0,30.700645365609244
2024-06-14 23:05:43,12057.0,30.7003193775841
2024-06-14 23:05:44,12058.0,30.699981786763544
2024-06-14 23:05:45,12059.0,30.699632643963525
2024-06-14 23:05:46,12060.0,30.699272
2024-06-14 23:05:47,12061.0,30.698050781221664
2024-06-14 23:05:48,12062.0,30.695198148051272
2024-06-14 23:05:49,12063.0,30.6908315024159
2024-06-14 23:05:50,12064.0,30.68506824624261
2024-06-14 23:05:51,12065.0,30.678025781458473
2024-06-14 23:05:52,12066.0,30.669821509990552
2024-06-14 23:05:53,12067.0,30.660572833765922
2024-06-14 23:05:54,12068.0,30.65039715471164
2024-06-14 23:05:55,12069.0,30.639411874754778
2024-06-14 23:05:56,12070.0,30.6277343958224
2024-06-14 23:05:57,12071.0,30.61548211984158
2024-06-14 23:05:58,12072.0,30.602772448739373
2024-06-14 23:05:59,12073.0,30.589722784442856
2024-06-14 23:06:00,12074.0,30.576450528879096
2024-06-14 23:06:01,12075.0,30.56307308397515
2024-06-14 23:06:02,12076.0,30.5497078516581
2024-06-14 23:06:03,12077.0,30.536472233854997
2024-06-14 23:06:04,12078.0,30.523483632492916
2024-06-14 23:06:05,12079.0,30.510859449498923
2024-06-14 23:06:06,12080.0,30.498717086800088
2024-06-14 23:06:07,12081.0,30.487173946323477
2024-06-14 23:06:08,12082.0,30.47634742999615
2024-06-14 23:06:09,12083.0,30.466354939745184
2024-06-14 23:06:10,12084.0,30.457313877497636
2024-06-14 23:06:11,12085.0,30.44934164518058
2024-06-14 23:06:12,12086.0,30.442555644721086
2024-06-14 23:06:13,12087.0,30.43707327804621
2024-06-14 23:06:14,12088.0,30.433011947083024
2024-06-14 23:06:15,12089.0,30.4304890537586
2024-06-14 23:06:16,12090.0,30.429622
2024-06-14 23:06:17,12091.0,30.430489288888886
2024-06-14 23:06:18,12092.0,30.433012311111106
2024-06-14 23:06:19,12093.0,30.4370728
2024-06-14 23:06:20,12094.0,30.44255248888889
2024-06-14 23:06:21,12095.0,30.44933311111111
2024-06-14 23:06:22,12096.0,30.4572964
2024-06-14 23:06:23,12097.0,30.466324088888886
2024-06-14 23:06:24,12098.0,30.47629791111111
2024-06-14 23:06:25,12099.0,30.4870996
2024-06-14 23:06:26,12100.0,30.498610888888887
2024-06-14 23:06:27,12101.0,30.51071351111111
2024-06-14 23:06:28,12102.0,30.5232892
2024-06-14 23:06:29,12103.0,30.536219688888888
2024-06-14 23:06:30,12104.0,30.549386711111108
2024-06-14 23:06:31,12105.0,30.562672
2024-06-14 23:06:32,12106.0,30.575957288888887
2024-06-14 23:06:33,12107.0,30.58912431111111
2024-06-14 23:06:34,12108.0,30.602054799999998
2024-06-14 23:06:35,12109.0,30.61463048888889
2024-06-14 23:06:36,12110.0,30.62673311111111
2024-06-14 23:06:37,12111.0,30.6382444
2024-06-14 23:06:38,12112.0,30.649046088888888
2024-06-14 23:06:39,12113.0,30.659019911111113
2024-06-14 23:06:40,12114.0,30.668047599999998
2024-06-14 23:06:41,12115.0,30.67601088888889
2024-06-14 23:06:42,12116.0,30.682791511111112
2024-06-14 23:06:43,12117.0,30.688271200000003
2024-06-14 23:06:44,12118.0,30.69233168888889
2024-06-14 23:06:45,12119.0,30.69485471111111
2024-06-14 23:06:46,12120.0,30.695722
2024-06-14 23:06:47,12121.0,30.695585343604023
2024-06-14 23:06:48,12122.0,30.695178595987954
2024-06-14 23:06:49,12123.0,30.694506589509576
2024-06-14 23:06:50,12124.0,30.693574156526687
2024-06-14 23:06:51,12125.0,30.692386129397065
2024-06-14 23:06:52,12126.0,30.690947340478502
2024-06-14 23:06:53,12127.0,30.689262622128787
2024-06-14 23:06:54,12128.0,30.6873368067057
2024-06-14 23:06:55,12129.0,30.68517472656705
2024-06-14 23:06:56,12130.0,30.6827812140706
2024-06-14 23:06:57,12131.0,30.680161101574157
2024-06-14 23:06:58,12132.0,30.677319221435503
2024-06-14 23:06:59,12133.0,30.674260406012422
2024-06-14 23:07:00,12134.0,30.670989487662705
2024-06-14 23:07:01,12135.0,30.66751129874414
2024-06-14 23:07:02,12136.0,30.66383067161452
2024-06-14 23:07:03,12137.0,30.659952438631628
2024-06-14 23:07:04,12138.0,30.65588143215325
2024-06-14 23:07:05,12139.0,30.65162248453718
2024-06-14 23:07:06,12140.0,30.64718042814121
2024-06-14 23:07:07,12141.0,30.642560095323113
2024-06-14 23:07:08,12142.0,30.637766318440686
2024-06-14 23:07:09,12143.0,30.632803929851722
2024-06-14 23:07:10,12144.0,30.627677761914
2024-06-14 23:07:11,12145.0,30.622392646985315
2024-06-14 23:07:12,12146.0,30.616953417423453
2024-06-14 23:07:13,12147.0,30.6113649055862
2024-06-14 23:07:14,12148.0,30.605631943831348
2024-06-14 23:07:15,12149.0,30.599759364516682
2024-06-14 23:07:16,12150.0,30.593751999999995
2024-06-14 23:07:17,12151.0,30.585292434001826
2024-06-14 23:07:18,12152.0,30.57228617765012
2024-06-14 23:07:19,12153.0,30.55507245441379
2024-06-14 23:07:20,12154.0,30.53399048776172
2024-06-14 23:07:21,12155.0,30.509379501162822
2024-06-14 23:07:22,12156.0,30.48157871808599
2024-06-14 23:07:23,12157.0,30.450927362000122
2024-06-14 23:07:24,12158.0,30.417764656374118
2024-06-14 23:07:25,12159.0,30.38242982467688
2024-06-14 23:07:26,12160.0,30.345262090377307
2024-06-14 23:07:27,12161.0,30.306600676944292
2024-06-14 23:07:28,12162.0,30.266784807846744
2024-06-14 23:07:29,12163.0,30.22615370655355
2024-06-14 23:07:30,12164.0,30.185046596533624
2024-06-14 23:07:31,12165.0,30.14380270125585
2024-06-14 23:07:32,12166.0,30.102761244189143
2024-06-14 23:07:33,12167.0,30.06226144880239
2024-06-14 23:07:34,12168.0,30.022642538564494
2024-06-14 23:07:35,12169.0,29.984243736944357
2024-06-14 23:07:36,12170.0,29.947404267410874
2024-06-14 23:07:37,12171.0,29.912463353432948
2024-06-14 23:07:38,12172.0,29.87976021847948
2024-06-14 23:07:39,12173.0,29.849634086019357
2024-06-14 23:07:40,12174.0,29.822424179521494
2024-06-14 23:07:41,12175.0,29.798469722454783
2024-06-14 23:07:42,12176.0,29.778109938288125
2024-06-14 23:07:43,12177.0,29.761684050490416
2024-06-14 23:07:44,12178.0,29.749531282530565
2024-06-14 23:07:45,12179.0,29.741990857877457
2024-06-14 23:07:46,12180.0,29.739402
2024-06-14 23:07:47,12181.0,29.740676207407404
2024-06-14 23:07:48,12182.0,29.74438299259259
2024-06-14 23:07:49,12183.0,29.7503486
2024-06-14 23:07:50,12184.0,29.758399274074073
2024-06-14 23:07:51,12185.0,29.768361259259258
2024-06-14 23:07:52,12186.0,29.7800608
2024-06-14 23:07:53,12187.0,29.79332414074074
2024-06-14 23:07:54,12188.0,29.807977525925924
2024-06-14 23:07:55,12189.0,29.823847199999996
2024-06-14 23:07:56,12190.0,29.840759407407404
2024-06-14 23:07:57,12191.0,29.858540392592587
2024-06-14 23:07:58,12192.0,29.8770164
2024-06-14 23:07:59,12193.0,29.89601367407407
2024-06-14 23:08:00,12194.0,29.915358459259256
2024-06-14 23:08:01,12195.0,29.934876999999997
2024-06-14 23:08:02,12196.0,29.954395540740737
2024-06-14 23:08:03,12197.0,29.973740325925924
2024-06-14 23:08:04,12198.0,29.992737599999998
2024-06-14 23:08:05,12199.0,30.011213607407406
2024-06-14 23:08:06,12200.0,30.02899459259259
2024-06-14 23:08:07,12201.0,30.0459068
2024-06-14 23:08:08,12202.0,30.061776474074072
2024-06-14 23:08:09,12203.0,30.07642985925926
2024-06-14 23:08:10,12204.0,30.0896932
2024-06-14 23:08:11,12205.0,30.101392740740742
2024-06-14 23:08:12,12206.0,30.111354725925924
2024-06-14 23:08:13,12207.0,30.119405399999998
2024-06-14 23:08:14,12208.0,30.125371007407406
2024-06-14 23:08:15,12209.0,30.129077792592593
2024-06-14 23:08:16,12210.0,30.130352
2024-06-14 23:08:17,12211.0,30.129506776296296
2024-06-14 23:08:18,12212.0,30.1270479437037
2024-06-14 23:08:19,12213.0,30.12309076
2024-06-14 23:08:20,12214.0,30.11775048296296
2024-06-14 23:08:21,12215.0,30.11114237037037
2024-06-14 23:08:22,12216.0,30.10338168
2024-06-14 23:08:23,12217.0,30.09458366962963
2024-06-14 23:08:24,12218.0,30.08486359703704
2024-06-14 23:08:25,12219.0,30.074336719999998
2024-06-14 23:08:26,12220.0,30.063118296296295
2024-06-14 23:08:27,12221.0,30.051323583703702
2024-06-14 23:08:28,12222.0,30.039067839999998
2024-06-14 23:08:29,12223.0,30.026466322962964
2024-06-14 23:08:30,12224.0,30.01363429037037
2024-06-14 23:08:31,12225.0,30.000687
2024-06-14 23:08:32,12226.0,29.98773970962963
2024-06-14 23:08:33,12227.0,29.974907677037038
2024-06-14 23:08:34,12228.0,29.96230616
2024-06-14 23:08:35,12229.0,29.950050416296296
2024-06-14 23:08:36,12230.0,29.938255703703703
2024-06-14 23:08:37,12231.0,29.92703728
2024-06-14 23:08:38,12232.0,29.916510402962963
2024-06-14 23:08:39,12233.0,29.90679033037037
2024-06-14 23:08:40,12234.0,29.89799232
2024-06-14 23:08:41,12235.0,29.89023162962963
2024-06-14 23:08:42,12236.0,29.883623517037037
2024-06-14 23:08:43,12237.0,29.87828324
2024-06-14 23:08:44,12238.0,29.874326056296297
2024-06-14 23:08:45,12239.0,29.871867223703703
2024-06-14 23:08:46,12240.0,29.871022
2024-06-14 23:08:47,12241.0,29.871919632592594
2024-06-14 23:08:48,12242.0,29.874530927407406
2024-06-14 23:08:49,12243.0,29.878733479999998
2024-06-14 23:08:50,12244.0,29.884404885925928
2024-06-14 23:08:51,12245.0,29.89142274074074
2024-06-14 23:08:52,12246.0,29.89966464
2024-06-14 23:08:53,12247.0,29.90900817925926
2024-06-14 23:08:54,12248.0,29.919330954074074
2024-06-14 23:08:55,12249.0,29.93051056
2024-06-14 23:08:56,12250.0,29.942424592592594
2024-06-14 23:08:57,12251.0,29.954950647407408
2024-06-14 23:08:58,12252.0,29.96796632
2024-06-14 23:08:59,12253.0,29.981349205925927
2024-06-14 23:09:00,12254.0,29.994976900740742
2024-06-14 23:09:01,12255.0,30.008727
2024-06-14 23:09:02,12256.0,30.02247709925926
2024-06-14 23:09:03,12257.0,30.036104794074074
2024-06-14 23:09:04,12258.0,30.049487680000002
2024-06-14 23:09:05,12259.0,30.062503352592593
2024-06-14 23:09:06,12260.0,30.07502940740741
2024-06-14 23:09:07,12261.0,30.086943440000002
2024-06-14 23:09:08,12262.0,30.098123045925927
2024-06-14 23:09:09,12263.0,30.10844582074074
2024-06-14 23:09:10,12264.0,30.11778936
2024-06-14 23:09:11,12265.0,30.12603125925926
2024-06-14 23:09:12,12266.0,30.133049114074076
2024-06-14 23:09:13,12267.0,30.13872052
2024-06-14 23:09:14,12268.0,30.142923072592595
2024-06-14 23:09:15,12269.0,30.145534367407407
2024-06-14 23:09:16,12270.0,30.146432
2024-06-14 23:09:17,12271.0,30.14601624888889
2024-06-14 23:09:18,12272.0,30.144806791111115
2024-06-14 23:09:19,12273.0,30.14286032
2024-06-14 23:09:20,12274.0,30.14023352888889
2024-06-14 23:09:21,12275.0,30.136983111111114
2024-06-14 23:09:22,12276.0,30.13316576
2024-06-14 23:09:23,12277.0,30.12883816888889
2024-06-14 23:09:24,12278.0,30.124057031111114
2024-06-14 23:09:25,12279.0,30.11887904
2024-06-14 23:09:26,12280.0,30.113360888888888
2024-06-14 23:09:27,12281.0,30.107559271111114
2024-06-14 23:09:28,12282.0,30.101530880000002
2024-06-14 23:09:29,12283.0,30.09533240888889
2024-06-14 23:09:30,12284.0,30.089020551111112
2024-06-14 23:09:31,12285.0,30.082652000000003
2024-06-14 23:09:32,12286.0,30.07628344888889
2024-06-14 23:09:33,12287.0,30.069971591111113
2024-06-14 23:09:34,12288.0,30.063773120000004
2024-06-14 23:09:35,12289.0,30.057744728888895
2024-06-14 23:09:36,12290.0,30.051943111111115
2024-06-14 23:09:37,12291.0,30.046424960000003
2024-06-14 23:09:38,12292.0,30.041246968888895
2024-06-14 23:09:39,12293.0,30.036465831111116
2024-06-14 23:09:40,12294.0,30.032138240000005
2024-06-14 23:09:41,12295.0,30.028320888888896
2024-06-14 23:09:42,12296.0,30.025070471111114
2024-06-14 23:09:43,12297.0,30.022443680000006
2024-06-14 23:09:44,12298.0,30.020497208888894
2024-06-14 23:09:45,12299.0,30.01928775111112
2024-06-14 23:09:46,12300.0,30.018872000000005
2024-06-14 23:09:47,12301.0,30.02069017777778
2024-06-14 23:09:48,12302.0,30.02597942222223
2024-06-14 23:09:49,12303.0,30.034491800000005
2024-06-14 23:09:50,12304.0,30.045979377777783
2024-06-14 23:09:51,12305.0,30.06019422222223
2024-06-14 23:09:52,12306.0,30.076888400000005
2024-06-14 23:09:53,12307.0,30.095813977777784
2024-06-14 23:09:54,12308.0,30.116723022222228
2024-06-14 23:09:55,12309.0,30.139367600000007
2024-06-14 23:09:56,12310.0,30.16349977777778
2024-06-14 23:09:57,12311.0,30.188871622222226
2024-06-14 23:09:58,12312.0,30.215235200000006
2024-06-14 23:09:59,12313.0,30.24234257777778
2024-06-14 23:10:00,12314.0,30.269945822222226
2024-06-14 23:10:01,12315.0,30.297797000000003
2024-06-14 23:10:02,12316.0,30.325648177777783
2024-06-14 23:10:03,12317.0,30.353251422222225
2024-06-14 23:10:04,12318.0,30.380358800000003
2024-06-14 23:10:05,12319.0,30.406722377777783
2024-06-14 23:10:06,12320.0,30.432094222222226
2024-06-14 23:10:07,12321.0,30.456226400000002
2024-06-14 23:10:08,12322.0,30.47887097777778
2024-06-14 23:10:09,12323.0,30.499780022222225
2024-06-14 23:10:10,12324.0,30.518705600000004
2024-06-14 23:10:11,12325.0,30.535399777777783
2024-06-14 23:10:12,12326.0,30.549614622222226
2024-06-14 23:10:13,12327.0,30.561102200000004
2024-06-14 23:10:14,12328.0,30.56961457777778
2024-06-14 23:10:15,12329.0,30.574903822222225
2024-06-14 23:10:16,12330.0,30.576722000000004
2024-06-14 23:10:17,12331.0,30.576253872592595
2024-06-14 23:10:18,12332.0,30.574892047407413
2024-06-14 23:10:19,12333.0,30.572700360000002
2024-06-14 23:10:20,12334.0,30.56974264592593
2024-06-14 23:10:21,12335.0,30.566082740740743
2024-06-14 23:10:22,12336.0,30.561784480000004
2024-06-14 23:10:23,12337.0,30.556911699259263
2024-06-14 23:10:24,12338.0,30.551528234074077
2024-06-14 23:10:25,12339.0,30.545697920000002
2024-06-14 23:10:26,12340.0,30.539484592592597
2024-06-14 23:10:27,12341.0,30.53295208740741
2024-06-14 23:10:28,12342.0,30.526164240000004
2024-06-14 23:10:29,12343.0,30.519184885925927
2024-06-14 23:10:30,12344.0,30.512077860740742
2024-06-14 23:10:31,12345.0,30.504907000000003
2024-06-14 23:10:32,12346.0,30.497736139259263
2024-06-14 23:10:33,12347.0,30.490629114074075
2024-06-14 23:10:34,12348.0,30.483649760000002
2024-06-14 23:10:35,12349.0,30.476861912592597
2024-06-14 23:10:36,12350.0,30.47032940740741
2024-06-14 23:10:37,12351.0,30.464116080000004
2024-06-14 23:10:38,12352.0,30.458285765925925
2024-06-14 23:10:39,12353.0,30.452902300740746
2024-06-14 23:10:40,12354.0,30.448029520000002
2024-06-14 23:10:41,12355.0,30.443731259259263
2024-06-14 23:10:42,12356.0,30.440071354074075
2024-06-14 23:10:43,12357.0,30.437113640000003
2024-06-14 23:10:44,12358.0,30.434921952592592
2024-06-14 23:10:45,12359.0,30.43356012740741
2024-06-14 23:10:46,12360.0,30.433092000000002
2024-06-14 23:10:47,12361.0,30.434402385185187
2024-06-14 23:10:48,12362.0,30.43821441481482
2024-06-14 23:10:49,12363.0,30.444349400000004
2024-06-14 23:10:50,12364.0,30.452628651851853
2024-06-14 23:10:51,12365.0,30.462873481481484
2024-06-14 23:10:52,12366.0,30.474905200000002
2024-06-14 23:10:53,12367.0,30.48854511851852
2024-06-14 23:10:54,12368.0,30.50361454814815
2024-06-14 23:10:55,12369.0,30.5199348
2024-06-14 23:10:56,12370.0,30.537327185185188
2024-06-14 23:10:57,12371.0,30.555613014814817
2024-06-14 23:10:58,12372.0,30.574613600000003
2024-06-14 23:10:59,12373.0,30.594150251851854
2024-06-14 23:11:00,12374.0,30.614044281481483
2024-06-14 23:11:01,12375.0,30.634117
2024-06-14 23:11:02,12376.0,30.65418971851852
2024-06-14 23:11:03,12377.0,30.67408374814815
2024-06-14 23:11:04,12378.0,30.693620400000004
2024-06-14 23:11:05,12379.0,30.712620985185186
2024-06-14 23:11:06,12380.0,30.730906814814816
2024-06-14 23:11:07,12381.0,30.7482992
2024-06-14 23:11:08,12382.0,30.764619451851853
2024-06-14 23:11:09,12383.0,30.779688881481484
2024-06-14 23:11:10,12384.0,30.7933288
2024-06-14 23:11:11,12385.0,30.80536051851852
2024-06-14 23:11:12,12386.0,30.81560534814815
2024-06-14 23:11:13,12387.0,30.8238846
2024-06-14 23:11:14,12388.0,30.830019585185187
2024-06-14 23:11:15,12389.0,30.833831614814816
2024-06-14 23:11:16,12390.0,30.835142
2024-06-14 23:11:17,12391.0,30.83288858074074
2024-06-14 23:11:18,12392.0,30.82633317925926
2024-06-14 23:11:19,12393.0,30.815783080000003
2024-06-14 23:11:20,12394.0,30.80154556740741
2024-06-14 23:11:21,12395.0,30.783927925925926
2024-06-14 23:11:22,12396.0,30.76323744
2024-06-14 23:11:23,12397.0,30.739781394074072
2024-06-14 23:11:24,12398.0,30.713867072592592
2024-06-14 23:11:25,12399.0,30.68580176
2024-06-14 23:11:26,12400.0,30.65589274074074
2024-06-14 23:11:27,12401.0,30.62444729925926
2024-06-14 23:11:28,12402.0,30.59177272
2024-06-14 23:11:29,12403.0,30.558176287407406
2024-06-14 23:11:30,12404.0,30.523965285925925
2024-06-14 23:11:31,12405.0,30.489447
2024-06-14 23:11:32,12406.0,30.45492871407407
2024-06-14 23:11:33,12407.0,30.42071771259259
2024-06-14 23:11:34,12408.0,30.387121279999995
2024-06-14 23:11:35,12409.0,30.354446700740738
2024-06-14 23:11:36,12410.0,30.323001259259254
2024-06-14 23:11:37,12411.0,30.29309224
2024-06-14 23:11:38,12412.0,30.2650269274074
2024-06-14 23:11:39,12413.0,30.23911260592592
2024-06-14 23:11:40,12414.0,30.21565656
2024-06-14 23:11:41,12415.0,30.19496607407407
2024-06-14 23:11:42,12416.0,30.177348432592588
2024-06-14 23:11:43,12417.0,30.163110919999998
2024-06-14 23:11:44,12418.0,30.152560820740735
2024-06-14 23:11:45,12419.0,30.146005419259257
2024-06-14 23:11:46,12420.0,30.143751999999996
2024-06-14 23:11:47,12421.0,30.145074085925923
2024-06-14 23:11:48,12422.0,30.14892015407407
2024-06-14 23:11:49,12423.0,30.155109919999994
2024-06-14 23:11:50,12424.0,30.163463099259253
2024-06-14 23:11:51,12425.0,30.173799407407405
2024-06-14 23:11:52,12426.0,30.185938559999993
2024-06-14 23:11:53,12427.0,30.199700272592587
2024-06-14 23:11:54,12428.0,30.214904260740738
2024-06-14 23:11:55,12429.0,30.231370239999997
2024-06-14 23:11:56,12430.0,30.24891792592592
2024-06-14 23:11:57,12431.0,30.26736703407407
2024-06-14 23:11:58,12432.0,30.286537279999994
2024-06-14 23:11:59,12433.0,30.306248379259255
2024-06-14 23:12:00,12434.0,30.326320047407403
2024-06-14 23:12:01,12435.0,30.346571999999995
2024-06-14 23:12:02,12436.0,30.36682395259259
2024-06-14 23:12:03,12437.0,30.386895620740738
2024-06-14 23:12:04,12438.0,30.406606719999996
2024-06-14 23:12:05,12439.0,30.425776965925923
2024-06-14 23:12:06,12440.0,30.44422607407407
2024-06-14 23:12:07,12441.0,30.461773759999996
2024-06-14 23:12:08,12442.0,30.478239739259255
2024-06-14 23:12:09,12443.0,30.493443727407403
2024-06-14 23:12:10,12444.0,30.507205439999996
2024-06-14 23:12:11,12445.0,30.519344592592592
2024-06-14 23:12:12,12446.0,30.529680900740736
2024-06-14 23:12:13,12447.0,30.53803408
2024-06-14 23:12:14,12448.0,30.544223845925924
2024-06-14 23:12:15,12449.0,30.548069914074073
2024-06-14 23:12:16,12450.0,30.549391999999997
2024-06-14 23:12:17,12451.0,30.548099514666664
2024-06-14 23:12:18,12452.0,30.54433955733333
2024-06-14 23:12:19,12453.0,30.538288375999997
2024-06-14 23:12:20,12454.0,30.530122218666666
2024-06-14 23:12:21,12455.0,30.52001733333333
2024-06-14 23:12:22,12456.0,30.508149967999998
2024-06-14 23:12:23,12457.0,30.494696370666666
2024-06-14 23:12:24,12458.0,30.47983278933333
2024-06-14 23:12:25,12459.0,30.463735472
2024-06-14 23:12:26,12460.0,30.446580666666666
2024-06-14 23:12:27,12461.0,30.428544621333334
2024-06-14 23:12:28,12462.0,30.409803584
2024-06-14 23:12:29,12463.0,30.390533802666663
2024-06-14 23:12:30,12464.0,30.37091152533333
2024-06-14 23:12:31,12465.0,30.351113
2024-06-14 23:12:32,12466.0,30.33131447466667
2024-06-14 23:12:33,12467.0,30.311692197333333
2024-06-14 23:12:34,12468.0,30.292422416
2024-06-14 23:12:35,12469.0,30.27368137866667
2024-06-14 23:12:36,12470.0,30.255645333333334
2024-06-14 23:12:37,12471.0,30.238490528
2024-06-14 23:12:38,12472.0,30.222393210666667
2024-06-14 23:12:39,12473.0,30.207529629333337
2024-06-14 23:12:40,12474.0,30.194076032
2024-06-14 23:12:41,12475.0,30.182208666666668
2024-06-14 23:12:42,12476.0,30.172103781333337
2024-06-14 23:12:43,12477.0,30.163937624000003
2024-06-14 23:12:44,12478.0,30.15788644266667
2024-06-14 23:12:45,12479.0,30.154126485333336
2024-06-14 23:12:46,12480.0,30.152834000000002
2024-06-14 23:12:47,12481.0,30.155592141629633
2024-06-14 23:12:48,12482.0,30.16361582637037
2024-06-14 23:12:49,12483.0,30.176528944
2024-06-14 23:12:50,12484.0,30.1939553842963
2024-06-14 23:12:51,12485.0,30.21551903703704
2024-06-14 23:12:52,12486.0,30.240843792000003
2024-06-14 23:12:53,12487.0,30.269553538962963
2024-06-14 23:12:54,12488.0,30.301272167703704
2024-06-14 23:12:55,12489.0,30.335623568000003
2024-06-14 23:12:56,12490.0,30.37223162962963
2024-06-14 23:12:57,12491.0,30.41072024237037
2024-06-14 23:12:58,12492.0,30.450713296000004
2024-06-14 23:12:59,12493.0,30.4918346802963
2024-06-14 23:13:00,12494.0,30.53370828503704
2024-06-14 23:13:01,12495.0,30.575958
2024-06-14 23:13:02,12496.0,30.618207714962963
2024-06-14 23:13:03,12497.0,30.660081319703703
2024-06-14 23:13:04,12498.0,30.701202704
2024-06-14 23:13:05,12499.0,30.741195757629633
2024-06-14 23:13:06,12500.0,30.779684370370372
2024-06-14 23:13:07,12501.0,30.816292432
2024-06-14 23:13:08,12502.0,30.8506438322963
2024-06-14 23:13:09,12503.0,30.882362461037037
2024-06-14 23:13:10,12504.0,30.911072208
2024-06-14 23:13:11,12505.0,30.936396962962963
2024-06-14 23:13:12,12506.0,30.957960615703705
2024-06-14 23:13:13,12507.0,30.975387056000002
2024-06-14 23:13:14,12508.0,30.988300173629632
2024-06-14 23:13:15,12509.0,30.996323858370374
2024-06-14 23:13:16,12510.0,30.999082
2024-06-14 23:13:17,12511.0,30.99725938962963
2024-06-14 23:13:18,12512.0,30.99195725037037
2024-06-14 23:13:19,12513.0,30.983424120000002
2024-06-14 23:13:20,12514.0,30.971908536296297
2024-06-14 23:13:21,12515.0,30.95765903703704
2024-06-14 23:13:22,12516.0,30.94092416
2024-06-14 23:13:23,12517.0,30.92195244296296
2024-06-14 23:13:24,12518.0,30.900992423703705
2024-06-14 23:13:25,12519.0,30.87829264
2024-06-14 23:13:26,12520.0,30.85410162962963
2024-06-14 23:13:27,12521.0,30.82866793037037
2024-06-14 23:13:28,12522.0,30.80224008
2024-06-14 23:13:29,12523.0,30.775066616296296
2024-06-14 23:13:30,12524.0,30.74739607703704
2024-06-14 23:13:31,12525.0,30.719477
2024-06-14 23:13:32,12526.0,30.69155792296296
2024-06-14 23:13:33,12527.0,30.663887383703702
2024-06-14 23:13:34,12528.0,30.636713920000002
2024-06-14 23:13:35,12529.0,30.61028606962963
2024-06-14 23:13:36,12530.0,30.58485237037037
2024-06-14 23:13:37,12531.0,30.560661359999997
2024-06-14 23:13:38,12532.0,30.537961576296293
2024-06-14 23:13:39,12533.0,30.517001557037034
2024-06-14 23:13:40,12534.0,30.498029839999997
2024-06-14 23:13:41,12535.0,30.481294962962963
2024-06-14 23:13:42,12536.0,30.467045463703702
2024-06-14 23:13:43,12537.0,30.455529879999997
2024-06-14 23:13:44,12538.0,30.446996749629626
2024-06-14 23:13:45,12539.0,30.441694610370366
2024-06-14 23:13:46,12540.0,30.439871999999998
2024-06-14 23:13:47,12541.0,30.44034309333333
2024-06-14 23:13:48,12542.0,30.441713546666666
2024-06-14 23:13:49,12543.0,30.443919119999997
2024-06-14 23:13:50,12544.0,30.44689557333333
2024-06-14 23:13:51,12545.0,30.450578666666665
2024-06-14 23:13:52,12546.0,30.454904159999998
2024-06-14 23:13:53,12547.0,30.45980781333333
2024-06-14 23:13:54,12548.0,30.465225386666667
2024-06-14 23:13:55,12549.0,30.47109264
2024-06-14 23:13:56,12550.0,30.477345333333332
2024-06-14 23:13:57,12551.0,30.483919226666664
2024-06-14 23:13:58,12552.0,30.490750079999998
2024-06-14 23:13:59,12553.0,30.497773653333333
2024-06-14 23:14:00,12554.0,30.50492570666667
2024-06-14 23:14:01,12555.0,30.512141999999997
2024-06-14 23:14:02,12556.0,30.51935829333333
2024-06-14 23:14:03,12557.0,30.526510346666665
2024-06-14 23:14:04,12558.0,30.53353392
2024-06-14 23:14:05,12559.0,30.540364773333334
2024-06-14 23:14:06,12560.0,30.546938666666666
2024-06-14 23:14:07,12561.0,30.55319136
2024-06-14 23:14:08,12562.0,30.55905861333333
2024-06-14 23:14:09,12563.0,30.564476186666667
2024-06-14 23:14:10,12564.0,30.56937984
2024-06-14 23:14:11,12565.0,30.573705333333333
2024-06-14 23:14:12,12566.0,30.577388426666666
2024-06-14 23:14:13,12567.0,30.580364879999998
2024-06-14 23:14:14,12568.0,30.582570453333332
2024-06-14 23:14:15,12569.0,30.583940906666665
2024-06-14 23:14:16,12570.0,30.584412
2024-06-14 23:14:17,12571.0,30.584238542222224
2024-06-14 23:14:18,12572.0,30.58373393777778
2024-06-14 23:14:19,12573.0,30.58292184
2024-06-14 23:14:20,12574.0,30.58182590222222
2024-06-14 23:14:21,12575.0,30.58046977777778
2024-06-14 23:14:22,12576.0,30.57887712
2024-06-14 23:14:23,12577.0,30.577071582222224
2024-06-14 23:14:24,12578.0,30.575076817777777
2024-06-14 23:14:25,12579.0,30.57291648
2024-06-14 23:14:26,12580.0,30.570614222222222
2024-06-14 23:14:27,12581.0,30.56819369777778
2024-06-14 23:14:28,12582.0,30.56567856
2024-06-14 23:14:29,12583.0,30.563092462222222
2024-06-14 23:14:30,12584.0,30.560459057777777
2024-06-14 23:14:31,12585.0,30.557802000000002
2024-06-14 23:14:32,12586.0,30.55514494222222
2024-06-14 23:14:33,12587.0,30.552511537777775
2024-06-14 23:14:34,12588.0,30.54992544
2024-06-14 23:14:35,12589.0,30.54741030222222
2024-06-14 23:14:36,12590.0,30.544989777777776
2024-06-14 23:14:37,12591.0,30.542687519999998
2024-06-14 23:14:38,12592.0,30.54052718222222
2024-06-14 23:14:39,12593.0,30.538532417777777
2024-06-14 23:14:40,12594.0,30.536726879999996
2024-06-14 23:14:41,12595.0,30.53513422222222
2024-06-14 23:14:42,12596.0,30.533778097777773
2024-06-14 23:14:43,12597.0,30.532682159999997
2024-06-14 23:14:44,12598.0,30.531870062222218
2024-06-14 23:14:45,12599.0,30.531365457777774
2024-06-14 23:14:46,12600.0,30.531191999999997
2024-06-14 23:14:47,12601.0,30.53266850962963
2024-06-14 23:14:48,12602.0,30.536963810370366
2024-06-14 23:14:49,12603.0,30.543876559999998
2024-06-14 23:14:50,12604.0,30.553205416296294
2024-06-14 23:14:51,12605.0,30.564749037037036
2024-06-14 23:14:52,12606.0,30.57830608
2024-06-14 23:14:53,12607.0,30.593675202962963
2024-06-14 23:14:54,12608.0,30.610655063703703
2024-06-14 23:14:55,12609.0,30.62904432
2024-06-14 23:14:56,12610.0,30.648641629629626
2024-06-14 23:14:57,12611.0,30.66924565037037
2024-06-14 23:14:58,12612.0,30.69065504
2024-06-14 23:14:59,12613.0,30.712668456296296
2024-06-14 23:15:00,12614.0,30.735084557037034
2024-06-14 23:15:01,12615.0,30.757702
2024-06-14 23:15:02,12616.0,30.780319442962963
2024-06-14 23:15:03,12617.0,30.802735543703704
2024-06-14 23:15:04,12618.0,30.82474896
2024-06-14 23:15:05,12619.0,30.84615834962963
2024-06-14 23:15:06,12620.0,30.86676237037037
2024-06-14 23:15:07,12621.0,30.88635968
2024-06-14 23:15:08,12622.0,30.904748936296297
2024-06-14 23:15:09,12623.0,30.921728797037037
2024-06-14 23:15:10,12624.0,30.937097920000003
2024-06-14 23:15:11,12625.0,30.950654962962968
2024-06-14 23:15:12,12626.0,30.962198583703707
2024-06-14 23:15:13,12627.0,30.971527440000003
2024-06-14 23:15:14,12628.0,30.978440189629634
2024-06-14 23:15:15,12629.0,30.982735490370374
2024-06-14 23:15:16,12630.0,30.984212000000003
2024-06-14 23:15:17,12631.0,30.979599659259264
2024-06-14 23:15:18,12632.0,30.966181940740743
2024-06-14 23:15:19,12633.0,30.9445878
2024-06-14 23:15:20,12634.0,30.915446192592594
2024-06-14 23:15:21,12635.0,30.879386074074077
2024-06-14 23:15:22,12636.0,30.837036400000002
2024-06-14 23:15:23,12637.0,30.78902612592593
2024-06-14 23:15:24,12638.0,30.735984207407412
2024-06-14 23:15:25,12639.0,30.678539600000004
2024-06-14 23:15:26,12640.0,30.617321259259263
2024-06-14 23:15:27,12641.0,30.552958140740746
2024-06-14 23:15:28,12642.0,30.486079200000002
2024-06-14 23:15:29,12643.0,30.417313392592597
2024-06-14 23:15:30,12644.0,30.347289674074077
2024-06-14 23:15:31,12645.0,30.276637
2024-06-14 23:15:32,12646.0,30.205984325925925
2024-06-14 23:15:33,12647.0,30.13596060740741
2024-06-14 23:15:34,12648.0,30.067194800000003
2024-06-14 23:15:35,12649.0,30.000315859259263
2024-06-14 23:15:36,12650.0,29.935952740740746
2024-06-14 23:15:37,12651.0,29.8747344
2024-06-14 23:15:38,12652.0,29.817289792592597
2024-06-14 23:15:39,12653.0,29.764247874074076
2024-06-14 23:15:40,12654.0,29.716237600000003
2024-06-14 23:15:41,12655.0,29.67388792592593
2024-06-14 23:15:42,12656.0,29.637827807407408
2024-06-14 23:15:43,12657.0,29.6086862
2024-06-14 23:15:44,12658.0,29.587092059259263
2024-06-14 23:15:45,12659.0,29.573674340740745
2024-06-14 23:15:46,12660.0,29.569062000000002
2024-06-14 23:15:47,12661.0,29.57088007667622
2024-06-14 23:15:48,12662.0,29.576195122182494
2024-06-14 23:15:49,12663.0,29.584798359735228
2024-06-14 23:15:50,12664.0,29.596481012550843
2024-06-14 23:15:51,12665.0,29.61103430384575
2024-06-14 23:15:52,12666.0,29.62824945683636
2024-06-14 23:15:53,12667.0,29.647917694739096
2024-06-14 23:15:54,12668.0,29.669830240770363
2024-06-14 23:15:55,12669.0,29.693778318146585
2024-06-14 23:15:56,12670.0,29.719553150084167
2024-06-14 23:15:57,12671.0,29.746945959799525
2024-06-14 23:15:58,12672.0,29.77574797050908
2024-06-14 23:15:59,12673.0,29.805750405429237
2024-06-14 23:16:00,12674.0,29.836744487776414
2024-06-14 23:16:01,12675.0,29.86852144076703
2024-06-14 23:16:02,12676.0,29.90087248761749
2024-06-14 23:16:03,12677.0,29.933588851544215
2024-06-14 23:16:04,12678.0,29.966461755763614
2024-06-14 23:16:05,12679.0,29.999282423492108
2024-06-14 23:16:06,12680.0,30.03184207794611
2024-06-14 23:16:07,12681.0,30.063931942342023
2024-06-14 23:16:08,12682.0,30.095343239896277
2024-06-14 23:16:09,12683.0,30.125867193825275
2024-06-14 23:16:10,12684.0,30.15529502734544
2024-06-14 23:16:11,12685.0,30.183417963673172
2024-06-14 23:16:12,12686.0,30.2100272260249
2024-06-14 23:16:13,12687.0,30.234914037617035
2024-06-14 23:16:14,12688.0,30.257869621665986
2024-06-14 23:16:15,12689.0,30.278685201388164
2024-06-14 23:16:16,12690.0,30.297151999999997
2024-06-14 23:16:17,12691.0,30.314159272060937
2024-06-14 23:16:18,12692.0,30.33074736851294
2024-06-14 23:16:19,12693.0,30.34693415714618
2024-06-14 23:16:20,12694.0,30.362737505750804
2024-06-14 23:16:21,12695.0,30.378175282116988
2024-06-14 23:16:22,12696.0,30.39326535403488
2024-06-14 23:16:23,12697.0,30.408025589294656
2024-06-14 23:16:24,12698.0,30.422473855686473
2024-06-14 23:16:25,12699.0,30.436628021000484
2024-06-14 23:16:26,12700.0,30.45050595302686
2024-06-14 23:16:27,12701.0,30.46412551955576
2024-06-14 23:16:28,12702.0,30.477504588377354
2024-06-14 23:16:29,12703.0,30.490661027281792
2024-06-14 23:16:30,12704.0,30.503612704059236
2024-06-14 23:16:31,12705.0,30.51637748649986
2024-06-14 23:16:32,12706.0,30.528973242393814
2024-06-14 23:16:33,12707.0,30.541417839531267
2024-06-14 23:16:34,12708.0,30.553729145702377
2024-06-14 23:16:35,12709.0,30.56592502869731
2024-06-14 23:16:36,12710.0,30.578023356306222
2024-06-14 23:16:37,12711.0,30.59004199631928
2024-06-14 23:16:38,12712.0,30.601998816526642
2024-06-14 23:16:39,12713.0,30.613911684718474
2024-06-14 23:16:40,12714.0,30.625798468684938
2024-06-14 23:16:41,12715.0,30.63767703621619
2024-06-14 23:16:42,12716.0,30.649565255102395
2024-06-14 23:16:43,12717.0,30.661480993133722
2024-06-14 23:16:44,12718.0,30.673442118100322
2024-06-14 23:16:45,12719.0,30.68546649779236
2024-06-14 23:16:46,12720.0,30.697572
2024-06-14 23:16:47,12721.0,30.710017922124017
2024-06-14 23:16:48,12722.0,30.7230065191246
2024-06-14 23:16:49,12723.0,30.736470095131054
2024-06-14 23:16:50,12724.0,30.75034095427269
2024-06-14 23:16:51,12725.0,30.76455140067881
2024-06-14 23:16:52,12726.0,30.779033738478706
2024-06-14 23:16:53,12727.0,30.79372027180169
2024-06-14 23:16:54,12728.0,30.808543304777068
2024-06-14 23:16:55,12729.0,30.823435141534134
2024-06-14 23:16:56,12730.0,30.838328086202203
2024-06-14 23:16:57,12731.0,30.853154442910572
2024-06-14 23:16:58,12732.0,30.867846515788543
2024-06-14 23:16:59,12733.0,30.882336608965417
2024-06-14 23:17:00,12734.0,30.89655702657051
2024-06-14 23:17:01,12735.0,30.91044007273311
2024-06-14 23:17:02,12736.0,30.923918051582525
2024-06-14 23:17:03,12737.0,30.936923267248066
2024-06-14 23:17:04,12738.0,30.94938802385903
2024-06-14 23:17:05,12739.0,30.961244625544712
2024-06-14 23:17:06,12740.0,30.97242537643443
2024-06-14 23:17:07,12741.0,30.982862580657486
2024-06-14 23:17:08,12742.0,30.99248854234317
2024-06-14 23:17:09,12743.0,31.0012355656208
2024-06-14 23:17:10,12744.0,31.009035954619673
2024-06-14 23:17:11,12745.0,31.015822013469094
2024-06-14 23:17:12,12746.0,31.02152604629836
2024-06-14 23:17:13,12747.0,31.02608035723678
2024-06-14 23:17:14,12748.0,31.029417250413655
2024-06-14 23:17:15,12749.0,31.03146902995829
2024-06-14 23:17:16,12750.0,31.032167999999995
2024-06-14 23:17:17,12751.0,31.031758725244266
2024-06-14 23:17:18,12752.0,31.030559872820785
2024-06-14 23:17:19,12753.0,31.028614900495096
2024-06-14 23:17:20,12754.0,31.02596726603276
2024-06-14 23:17:21,12755.0,31.022660427199327
2024-06-14 23:17:22,12756.0,31.018737841760352
2024-06-14 23:17:23,12757.0,31.01424296748139
2024-06-14 23:17:24,12758.0,31.009219262127985
2024-06-14 23:17:25,12759.0,31.0037101834657
2024-06-14 23:17:26,12760.0,30.997759189260083
2024-06-14 23:17:27,12761.0,30.99140973727669
2024-06-14 23:17:28,12762.0,30.98470528528107
2024-06-14 23:17:29,12763.0,30.977689291038782
2024-06-14 23:17:30,12764.0,30.97040521231537
2024-06-14 23:17:31,12765.0,30.962896506876394
2024-06-14 23:17:32,12766.0,30.95520663248741
2024-06-14 23:17:33,12767.0,30.94737904691396
2024-06-14 23:17:34,12768.0,30.93945720792161
2024-06-14 23:17:35,12769.0,30.931484573275903
2024-06-14 23:17:36,12770.0,30.923504600742397
2024-06-14 23:17:37,12771.0,30.915560748086644
2024-06-14 23:17:38,12772.0,30.9076964730742
2024-06-14 23:17:39,12773.0,30.899955233470607
2024-06-14 23:17:40,12774.0,30.892380487041436
2024-06-14 23:17:41,12775.0,30.885015691552223
2024-06-14 23:17:42,12776.0,30.87790430476853
2024-06-14 23:17:43,12777.0,30.871089784455908
2024-06-14 23:17:44,12778.0,30.864615588379912
2024-06-14 23:17:45,12779.0,30.858525174306095
2024-06-14 23:17:46,12780.0,30.852862000000005
2024-06-14 23:17:47,12781.0,30.847533612091233
2024-06-14 23:17:48,12782.0,30.842405947744584
2024-06-14 23:17:49,12783.0,30.837460050528485
2024-06-14 23:17:50,12784.0,30.832676964011327
2024-06-14 23:17:51,12785.0,30.828037731761523
2024-06-14 23:17:52,12786.0,30.823523397347486
2024-06-14 23:17:53,12787.0,30.81911500433762
2024-06-14 23:17:54,12788.0,30.81479359630033
2024-06-14 23:17:55,12789.0,30.810540216804032
2024-06-14 23:17:56,12790.0,30.806335909417125
2024-06-14 23:17:57,12791.0,30.80216171770802
2024-06-14 23:17:58,12792.0,30.797998685245126
2024-06-14 23:17:59,12793.0,30.79382785559685
2024-06-14 23:18:00,12794.0,30.789630272331603
2024-06-14 23:18:01,12795.0,30.785386979017787
2024-06-14 23:18:02,12796.0,30.781079019223814
2024-06-14 23:18:03,12797.0,30.776687436518092
2024-06-14 23:18:04,12798.0,30.772193274469025
2024-06-14 23:18:05,12799.0,30.767577576645024
2024-06-14 23:18:06,12800.0,30.762821386614497
2024-06-14 23:18:07,12801.0,30.757905747945852
2024-06-14 23:18:08,12802.0,30.7528117042075
2024-06-14 23:18:09,12803.0,30.74752029896784
2024-06-14 23:18:10,12804.0,30.742012575795282
2024-06-14 23:18:11,12805.0,30.73626957825824
2024-06-14 23:18:12,12806.0,30.730272349925123
2024-06-14 23:18:13,12807.0,30.724001934364328
2024-06-14 23:18:14,12808.0,30.71743937514427
2024-06-14 23:18:15,12809.0,30.710565715833358
2024-06-14 23:18:16,12810.0,30.703362
2024-06-14 23:18:17,12811.0,30.695083794181624
2024-06-14 23:18:18,12812.0,30.68509258077568
2024-06-14 23:18:19,12813.0,30.67352827714057
2024-06-14 23:18:20,12814.0,30.660530800634707
2024-06-14 23:18:21,12815.0,30.6462400686165
2024-06-14 23:18:22,12816.0,30.63079599844436
2024-06-14 23:18:23,12817.0,30.614338507476695
2024-06-14 23:18:24,12818.0,30.59700751307192
2024-06-14 23:18:25,12819.0,30.57894293258844
2024-06-14 23:18:26,12820.0,30.560284683384673
2024-06-14 23:18:27,12821.0,30.541172682819028
2024-06-14 23:18:28,12822.0,30.521746848249904
2024-06-14 23:18:29,12823.0,30.502147097035724
2024-06-14 23:18:30,12824.0,30.48251334653489
2024-06-14 23:18:31,12825.0,30.462985514105817
2024-06-14 23:18:32,12826.0,30.44370351710692
2024-06-14 23:18:33,12827.0,30.424807272896594
2024-06-14 23:18:34,12828.0,30.406436698833268
2024-06-14 23:18:35,12829.0,30.388731712275344
2024-06-14 23:18:36,12830.0,30.371832230581226
2024-06-14 23:18:37,12831.0,30.355878171109335
2024-06-14 23:18:38,12832.0,30.341009451218074
2024-06-14 23:18:39,12833.0,30.327365988265854
2024-06-14 23:18:40,12834.0,30.315087699611087
2024-06-14 23:18:41,12835.0,30.304314502612186
2024-06-14 23:18:42,12836.0,30.295186314627564
2024-06-14 23:18:43,12837.0,30.28784305301562
2024-06-14 23:18:44,12838.0,30.28242463513477
2024-06-14 23:18:45,12839.0,30.27907097834343
2024-06-14 23:18:46,12840.0,30.277922
2024-06-14 23:18:47,12841.0,30.278172555709343
2024-06-14 23:18:48,12842.0,30.278912716302745
2024-06-14 23:18:49,12843.0,30.28012522197827
2024-06-14 23:18:50,12844.0,30.281792812933993
2024-06-14 23:18:51,12845.0,30.28389822936798
2024-06-14 23:18:52,12846.0,30.286424211478298
2024-06-14 23:18:53,12847.0,30.289353499463008
2024-06-14 23:18:54,12848.0,30.29266883352019
2024-06-14 23:18:55,12849.0,30.296352953847897
2024-06-14 23:18:56,12850.0,30.300388600644204
2024-06-14 23:18:57,12851.0,30.30475851410718
2024-06-14 23:18:58,12852.0,30.30944543443489
2024-06-14 23:18:59,12853.0,30.3144321018254
2024-06-14 23:19:00,12854.0,30.319701256476783
2024-06-14 23:19:01,12855.0,30.325235638587095
2024-06-14 23:19:02,12856.0,30.331017988354414
2024-06-14 23:19:03,12857.0,30.337031045976804
2024-06-14 23:19:04,12858.0,30.343257551652336
2024-06-14 23:19:05,12859.0,30.349680245579066
2024-06-14 23:19:06,12860.0,30.356281867955076
2024-06-14 23:19:07,12861.0,30.363045158978426
2024-06-14 23:19:08,12862.0,30.369952858847178
2024-06-14 23:19:09,12863.0,30.37698770775941
2024-06-14 23:19:10,12864.0,30.384132445913185
2024-06-14 23:19:11,12865.0,30.391369813506568
2024-06-14 23:19:12,12866.0,30.39868255073763
2024-06-14 23:19:13,12867.0,30.406053397804435
2024-06-14 23:19:14,12868.0,30.413465094905053
2024-06-14 23:19:15,12869.0,30.42090038223755
2024-06-14 23:19:16,12870.0,30.428341999999997
2024-06-14 23:19:17,12871.0,30.436702044429108
2024-06-14 23:19:18,12872.0,30.446809118428277
2024-06-14 23:19:19,12873.0,30.45852072219556
2024-06-14 23:19:20,12874.0,30.47169435592903
2024-06-14 23:19:21,12875.0,30.48618751982676
2024-06-14 23:19:22,12876.0,30.50185771408681
2024-06-14 23:19:23,12877.0,30.51856243890725
2024-06-14 23:19:24,12878.0,30.536159194486146
2024-06-14 23:19:25,12879.0,30.554505481021568
2024-06-14 23:19:26,12880.0,30.573458798711584
2024-06-14 23:19:27,12881.0,30.592876647754256
2024-06-14 23:19:28,12882.0,30.612616528347658
2024-06-14 23:19:29,12883.0,30.632535940689852
2024-06-14 23:19:30,12884.0,30.65249238497891
2024-06-14 23:19:31,12885.0,30.6723433614129
2024-06-14 23:19:32,12886.0,30.69194637018988
2024-06-14 23:19:33,12887.0,30.711158911507926
2024-06-14 23:19:34,12888.0,30.7298384855651
2024-06-14 23:19:35,12889.0,30.74784259255948
2024-06-14 23:19:36,12890.0,30.76502873268912
2024-06-14 23:19:37,12891.0,30.781254406152094
2024-06-14 23:19:38,12892.0,30.79637711314647
2024-06-14 23:19:39,12893.0,30.810254353870313
2024-06-14 23:19:40,12894.0,30.822743628521696
2024-06-14 23:19:41,12895.0,30.833702437298676
2024-06-14 23:19:42,12896.0,30.842988280399332
2024-06-14 23:19:43,12897.0,30.85045865802172
2024-06-14 23:19:44,12898.0,30.855971070363918
2024-06-14 23:19:45,12899.0,30.859383017623983
2024-06-14 23:19:46,12900.0,30.86055199999999
2024-06-14 23:19:47,12901.0,30.857804835555548
2024-06-14 23:19:48,12902.0,30.849813084444435
2024-06-14 23:19:49,12903.0,30.836951359999993
2024-06-14 23:19:50,12904.0,30.81959427555555
2024-06-14 23:19:51,12905.0,30.79811644444444
2024-06-14 23:19:52,12906.0,30.772892479999992
2024-06-14 23:19:53,12907.0,30.744296995555548
2024-06-14 23:19:54,12908.0,30.712704604444436
2024-06-14 23:19:55,12909.0,30.678489919999993
2024-06-14 23:19:56,12910.0,30.64202755555555
2024-06-14 23:19:57,12911.0,30.60369212444444
2024-06-14 23:19:58,12912.0,30.563858239999995
2024-06-14 23:19:59,12913.0,30.522900515555552
2024-06-14 23:20:00,12914.0,30.48119356444444
2024-06-14 23:20:01,12915.0,30.439111999999998
2024-06-14 23:20:02,12916.0,30.397030435555553
2024-06-14 23:20:03,12917.0,30.355323484444444
2024-06-14 23:20:04,12918.0,30.314365759999998
2024-06-14 23:20:05,12919.0,30.274531875555553
2024-06-14 23:20:06,12920.0,30.23619644444444
2024-06-14 23:20:07,12921.0,30.19973408
2024-06-14 23:20:08,12922.0,30.165519395555556
2024-06-14 23:20:09,12923.0,30.133927004444445
2024-06-14 23:20:10,12924.0,30.10533152
2024-06-14 23:20:11,12925.0,30.080107555555557
2024-06-14 23:20:12,12926.0,30.058629724444444
2024-06-14 23:20:13,12927.0,30.041272640000003
2024-06-14 23:20:14,12928.0,30.028410915555558
2024-06-14 23:20:15,12929.0,30.020419164444448
2024-06-14 23:20:16,12930.0,30.017672
2024-06-14 23:20:17,12931.0,30.019418962962966
2024-06-14 23:20:18,12932.0,30.024501037037037
2024-06-14 23:20:19,12933.0,30.03268
2024-06-14 23:20:20,12934.0,30.04371762962963
2024-06-14 23:20:21,12935.0,30.057375703703705
2024-06-14 23:20:22,12936.0,30.073415999999998
2024-06-14 23:20:23,12937.0,30.0916002962963
2024-06-14 23:20:24,12938.0,30.111690370370372
2024-06-14 23:20:25,12939.0,30.133448
2024-06-14 23:20:26,12940.0,30.156634962962965
2024-06-14 23:20:27,12941.0,30.18101303703704
2024-06-14 23:20:28,12942.0,30.206344
2024-06-14 23:20:29,12943.0,30.23238962962963
2024-06-14 23:20:30,12944.0,30.258911703703706
2024-06-14 23:20:31,12945.0,30.285672
2024-06-14 23:20:32,12946.0,30.312432296296297
2024-06-14 23:20:33,12947.0,30.33895437037037
2024-06-14 23:20:34,12948.0,30.365000000000002
2024-06-14 23:20:35,12949.0,30.390330962962963
2024-06-14 23:20:36,12950.0,30.41470903703704
2024-06-14 23:20:37,12951.0,30.437896000000002
2024-06-14 23:20:38,12952.0,30.45965362962963
2024-06-14 23:20:39,12953.0,30.479743703703708
2024-06-14 23:20:40,12954.0,30.497928
2024-06-14 23:20:41,12955.0,30.5139682962963
2024-06-14 23:20:42,12956.0,30.527626370370374
2024-06-14 23:20:43,12957.0,30.538664
2024-06-14 23:20:44,12958.0,30.546842962962966
2024-06-14 23:20:45,12959.0,30.551925037037037
2024-06-14 23:20:46,12960.0,30.553672000000002
2024-06-14 23:20:47,12961.0,30.553427027678797
2024-06-14 23:20:48,12962.0,30.5527034846752
2024-06-14 23:20:49,12963.0,30.551518431929228
2024-06-14 23:20:50,12964.0,30.5498889303809
2024-06-14 23:20:51,12965.0,30.547832040970235
2024-06-14 23:20:52,12966.0,30.54536482463725
2024-06-14 23:20:53,12967.0,30.54250434232197
2024-06-14 23:20:54,12968.0,30.53926765496441
2024-06-14 23:20:55,12969.0,30.535671823504586
2024-06-14 23:20:56,12970.0,30.531733908882522
2024-06-14 23:20:57,12971.0,30.527470972038238
2024-06-14 23:20:58,12972.0,30.52290007391175
2024-06-14 23:20:59,12973.0,30.518038275443075
2024-06-14 23:21:00,12974.0,30.512902637572243
2024-06-14 23:21:01,12975.0,30.507510221239258
2024-06-14 23:21:02,12976.0,30.50187808738415
2024-06-14 23:21:03,12977.0,30.49602329694693
2024-06-14 23:21:04,12978.0,30.48996291086762
2024-06-14 23:21:05,12979.0,30.48371399008625
2024-06-14 23:21:06,12980.0,30.477293595542825
2024-06-14 23:21:07,12981.0,30.470718788177365
2024-06-14 23:21:08,12982.0,30.464006628929898
2024-06-14 23:21:09,12983.0,30.457174178740434
2024-06-14 23:21:10,12984.0,30.450238498549
2024-06-14 23:21:11,12985.0,30.443216649295607
2024-06-14 23:21:12,12986.0,30.43612569192028
2024-06-14 23:21:13,12987.0,30.42898268736304
2024-06-14 23:21:14,12988.0,30.421804696563896
2024-06-14 23:21:15,12989.0,30.414608780462878
2024-06-14 23:21:16,12990.0,30.407412
2024-06-14 23:21:17,12991.0,30.399352330648234
2024-06-14 23:21:18,12992.0,30.389646192324996
2024-06-14 23:21:19,12993.0,30.378428312636963
2024-06-14 23:21:20,12994.0,30.365833419190828
2024-06-14 23:21:21,12995.0,30.351996239593284
2024-06-14 23:21:22,12996.0,30.337051501451004
2024-06-14 23:21:23,12997.0,30.321133932370678
2024-06-14 23:21:24,12998.0,30.304378259958995
2024-06-14 23:21:25,12999.0,30.28691921182263
2024-06-14 23:21:26,13000.0,30.26889151556829
2024-06-14 23:21:27,13001.0,30.250429898802643
2024-06-14 23:21:28,13002.0,30.231669089132374
2024-06-14 23:21:29,13003.0,30.21274381416418
2024-06-14 23:21:30,13004.0,30.19378880150474
2024-06-14 23:21:31,13005.0,30.174938778760744
2024-06-14 23:21:32,13006.0,30.15632847353887
2024-06-14 23:21:33,13007.0,30.13809261344581
2024-06-14 23:21:34,13008.0,30.12036592608825
2024-06-14 23:21:35,13009.0,30.10328313907287
2024-06-14 23:21:36,13010.0,30.086978980006364
2024-06-14 23:21:37,13011.0,30.071588176495414
2024-06-14 23:21:38,13012.0,30.0572454561467
2024-06-14 23:21:39,13013.0,30.044085546566915
2024-06-14 23:21:40,13014.0,30.032243175362748
2024-06-14 23:21:41,13015.0,30.021853070140878
2024-06-14 23:21:42,13016.0,30.013049958507985
2024-06-14 23:21:43,13017.0,30.005968568070774
2024-06-14 23:21:44,13018.0,30.00074362643591
2024-06-14 23:21:45,13019.0,29.99750986121009
2024-06-14 23:21:46,13020.0,29.996401999999996
2024-06-14 23:21:47,13021.0,29.99781355259259
2024-06-14 23:21:48,13022.0,30.001919887407404
2024-06-14 23:21:49,13023.0,30.00852852
2024-06-14 23:21:50,13024.0,30.017446965925924
2024-06-14 23:21:51,13025.0,30.028482740740735
2024-06-14 23:21:52,13026.0,30.041443359999995
2024-06-14 23:21:53,13027.0,30.056136339259258
2024-06-14 23:21:54,13028.0,30.07236919407407
2024-06-14 23:21:55,13029.0,30.089949439999998
2024-06-14 23:21:56,13030.0,30.10868459259259
2024-06-14 23:21:57,13031.0,30.128382167407402
2024-06-14 23:21:58,13032.0,30.148849679999998
2024-06-14 23:21:59,13033.0,30.169894645925922
2024-06-14 23:22:00,13034.0,30.191324580740737
2024-06-14 23:22:01,13035.0,30.212946999999996
2024-06-14 23:22:02,13036.0,30.23456941925926
2024-06-14 23:22:03,13037.0,30.255999354074074
2024-06-14 23:22:04,13038.0,30.27704432
2024-06-14 23:22:05,13039.0,30.297511832592594
2024-06-14 23:22:06,13040.0,30.317209407407407
2024-06-14 23:22:07,13041.0,30.335944559999998
2024-06-14 23:22:08,13042.0,30.353524805925925
2024-06-14 23:22:09,13043.0,30.36975766074074
2024-06-14 23:22:10,13044.0,30.384450639999997
2024-06-14 23:22:11,13045.0,30.397411259259258
2024-06-14 23:22:12,13046.0,30.408447034074072
2024-06-14 23:22:13,13047.0,30.41736548
2024-06-14 23:22:14,13048.0,30.423974112592592
2024-06-14 23:22:15,13049.0,30.428080447407407
2024-06-14 23:22:16,13050.0,30.429492
2024-06-14 23:22:17,13051.0,30.42718581333333
2024-06-14 23:22:18,13052.0,30.420476906666668
2024-06-14 23:22:19,13053.0,30.40967976
2024-06-14 23:22:20,13054.0,30.395108853333333
2024-06-14 23:22:21,13055.0,30.377078666666666
2024-06-14 23:22:22,13056.0,30.35590368
2024-06-14 23:22:23,13057.0,30.33189837333333
2024-06-14 23:22:24,13058.0,30.305377226666668
2024-06-14 23:22:25,13059.0,30.27665472
2024-06-14 23:22:26,13060.0,30.246045333333335
2024-06-14 23:22:27,13061.0,30.213863546666666
2024-06-14 23:22:28,13062.0,30.18042384
2024-06-14 23:22:29,13063.0,30.146040693333333
2024-06-14 23:22:30,13064.0,30.111028586666666
2024-06-14 23:22:31,13065.0,30.075702
2024-06-14 23:22:32,13066.0,30.040375413333336
2024-06-14 23:22:33,13067.0,30.005363306666666
2024-06-14 23:22:34,13068.0,29.970980160000003
2024-06-14 23:22:35,13069.0,29.937540453333334
2024-06-14 23:22:36,13070.0,29.905358666666668
2024-06-14 23:22:37,13071.0,29.874749280000003
2024-06-14 23:22:38,13072.0,29.846026773333335
2024-06-14 23:22:39,13073.0,29.81950562666667
2024-06-14 23:22:40,13074.0,29.795500320000002
2024-06-14 23:22:41,13075.0,29.774325333333337
2024-06-14 23:22:42,13076.0,29.75629514666667
2024-06-14 23:22:43,13077.0,29.741724240000003
2024-06-14 23:22:44,13078.0,29.730927093333335
2024-06-14 23:22:45,13079.0,29.72421818666667
2024-06-14 23:22:46,13080.0,29.721912000000003
2024-06-14 23:22:47,13081.0,29.723669065925456
2024-06-14 23:22:48,13082.0,29.728806997903668
2024-06-14 23:22:49,13083.0,29.737125897237416
2024-06-14 23:22:50,13084.0,29.748425865229482
2024-06-14 23:22:51,13085.0,29.762507003182648
2024-06-14 23:22:52,13086.0,29.779169412399693
2024-06-14 23:22:53,13087.0,29.798213194183393
2024-06-14 23:22:54,13088.0,29.81943844983653
2024-06-14 23:22:55,13089.0,29.842645280661888
2024-06-14 23:22:56,13090.0,29.867633787962244
2024-06-14 23:22:57,13091.0,29.894204073040374
2024-06-14 23:22:58,13092.0,29.922156237199065
2024-06-14 23:22:59,13093.0,29.951290381741092
2024-06-14 23:23:00,13094.0,29.981406607969237
2024-06-14 23:23:01,13095.0,30.01230501718628
2024-06-14 23:23:02,13096.0,30.043785710695
2024-06-14 23:23:03,13097.0,30.075648789798176
2024-06-14 23:23:04,13098.0,30.107694355798596
2024-06-14 23:23:05,13099.0,30.13972250999903
2024-06-14 23:23:06,13100.0,30.17153335370226
2024-06-14 23:23:07,13101.0,30.20292698821107
2024-06-14 23:23:08,13102.0,30.233703514828232
2024-06-14 23:23:09,13103.0,30.26366303485653
2024-06-14 23:23:10,13104.0,30.292605649598748
2024-06-14 23:23:11,13105.0,30.320331460357664
2024-06-14 23:23:12,13106.0,30.346640568436058
2024-06-14 23:23:13,13107.0,30.37133307513671
2024-06-14 23:23:14,13108.0,30.394209081762398
2024-06-14 23:23:15,13109.0,30.4150686896159
2024-06-14 23:23:16,13110.0,30.433712
2024-06-14 23:23:17,13111.0,30.451386919272988
2024-06-14 23:23:18,13112.0,30.469429389348715
2024-06-14 23:23:19,13113.0,30.48777156486329
2024-06-14 23:23:20,13114.0,30.506345600452832
2024-06-14 23:23:21,13115.0,30.52508365075344
2024-06-14 23:23:22,13116.0,30.543917870401252
2024-06-14 23:23:23,13117.0,30.562780414032357
2024-06-14 23:23:24,13118.0,30.58160343628288
2024-06-14 23:23:25,13119.0,30.600319091788936
2024-06-14 23:23:26,13120.0,30.618859535186633
2024-06-14 23:23:27,13121.0,30.637156921112084
2024-06-14 23:23:28,13122.0,30.655143404201404
2024-06-14 23:23:29,13123.0,30.67275113909071
2024-06-14 23:23:30,13124.0,30.68991228041611
2024-06-14 23:23:31,13125.0,30.70655898281372
2024-06-14 23:23:32,13126.0,30.722623400919655
2024-06-14 23:23:33,13127.0,30.73803768937002
2024-06-14 23:23:34,13128.0,30.75273400280094
2024-06-14 23:23:35,13129.0,30.766644495848517
2024-06-14 23:23:36,13130.0,30.779701323148874
2024-06-14 23:23:37,13131.0,30.791836639338115
2024-06-14 23:23:38,13132.0,30.80298259905236
2024-06-14 23:23:39,13133.0,30.813071356927722
2024-06-14 23:23:40,13134.0,30.822035067600314
2024-06-14 23:23:41,13135.0,30.829805885706246
2024-06-14 23:23:42,13136.0,30.836315965881635
2024-06-14 23:23:43,13137.0,30.84149746276259
2024-06-14 23:23:44,13138.0,30.845282530985223
2024-06-14 23:23:45,13139.0,30.84760332518566
2024-06-14 23:23:46,13140.0,30.848392
2024-06-14 23:23:47,13141.0,30.847457016296296
2024-06-14 23:23:48,13142.0,30.844737063703704
2024-06-14 23:23:49,13143.0,30.84035964
2024-06-14 23:23:50,13144.0,30.834452242962964
2024-06-14 23:23:51,13145.0,30.82714237037037
2024-06-14 23:23:52,13146.0,30.81855752
2024-06-14 23:23:53,13147.0,30.80882518962963
2024-06-14 23:23:54,13148.0,30.798072877037036
2024-06-14 23:23:55,13149.0,30.786428079999997
2024-06-14 23:23:56,13150.0,30.774018296296294
2024-06-14 23:23:57,13151.0,30.760971023703704
2024-06-14 23:23:58,13152.0,30.747413759999997
2024-06-14 23:23:59,13153.0,30.73347400296296
2024-06-14 23:24:00,13154.0,30.719279250370366
2024-06-14 23:24:01,13155.0,30.704956999999997
2024-06-14 23:24:02,13156.0,30.690634749629623
2024-06-14 23:24:03,13157.0,30.676439997037036
2024-06-14 23:24:04,13158.0,30.662500239999996
2024-06-14 23:24:05,13159.0,30.64894297629629
2024-06-14 23:24:06,13160.0,30.6358957037037
2024-06-14 23:24:07,13161.0,30.623485919999997
2024-06-14 23:24:08,13162.0,30.611841122962957
2024-06-14 23:24:09,13163.0,30.601088810370364
2024-06-14 23:24:10,13164.0,30.591356479999995
2024-06-14 23:24:11,13165.0,30.582771629629622
2024-06-14 23:24:12,13166.0,30.57546175703703
2024-06-14 23:24:13,13167.0,30.569554359999994
2024-06-14 23:24:14,13168.0,30.56517693629629
2024-06-14 23:24:15,13169.0,30.562456983703697
2024-06-14 23:24:16,13170.0,30.561521999999993
2024-06-14 23:24:17,13171.0,30.56247539851851
2024-06-14 23:24:18,13172.0,30.565248921481473
2024-06-14 23:24:19,13173.0,30.569712559999992
2024-06-14 23:24:20,13174.0,30.57573630518518
2024-06-14 23:24:21,13175.0,30.583190148148145
2024-06-14 23:24:22,13176.0,30.591944079999994
2024-06-14 23:24:23,13177.0,30.601868091851845
2024-06-14 23:24:24,13178.0,30.61283217481481
2024-06-14 23:24:25,13179.0,30.624706319999994
2024-06-14 23:24:26,13180.0,30.637360518518516
2024-06-14 23:24:27,13181.0,30.65066476148148
2024-06-14 23:24:28,13182.0,30.664489039999996
2024-06-14 23:24:29,13183.0,30.678703345185184
2024-06-14 23:24:30,13184.0,30.693177668148145
2024-06-14 23:24:31,13185.0,30.707781999999998
2024-06-14 23:24:32,13186.0,30.72238633185185
2024-06-14 23:24:33,13187.0,30.736860654814812
2024-06-14 23:24:34,13188.0,30.751074959999997
2024-06-14 23:24:35,13189.0,30.764899238518517
2024-06-14 23:24:36,13190.0,30.778203481481484
2024-06-14 23:24:37,13191.0,30.790857680000002
2024-06-14 23:24:38,13192.0,30.802731825185187
2024-06-14 23:24:39,13193.0,30.813695908148148
2024-06-14 23:24:40,13194.0,30.823619920000002
2024-06-14 23:24:41,13195.0,30.832373851851855
2024-06-14 23:24:42,13196.0,30.839827694814815
2024-06-14 23:24:43,13197.0,30.845851440000004
2024-06-14 23:24:44,13198.0,30.850315078518523
2024-06-14 23:24:45,13199.0,30.853088601481485
2024-06-14 23:24:46,13200.0,30.854042000000003
2024-06-14 23:24:47,13201.0,30.850806533333333
2024-06-14 23:24:48,13202.0,30.841394266666672
2024-06-14 23:24:49,13203.0,30.826246400000002
2024-06-14 23:24:50,13204.0,30.805804133333336
2024-06-14 23:24:51,13205.0,30.78050866666667
2024-06-14 23:24:52,13206.0,30.750801200000005
2024-06-14 23:24:53,13207.0,30.717122933333336
2024-06-14 23:24:54,13208.0,30.67991506666667
2024-06-14 23:24:55,13209.0,30.6396188
2024-06-14 23:24:56,13210.0,30.596675333333337
2024-06-14 23:24:57,13211.0,30.55152586666667
2024-06-14 23:24:58,13212.0,30.504611600000004
2024-06-14 23:24:59,13213.0,30.456373733333336
2024-06-14 23:25:00,13214.0,30.40725346666667
2024-06-14 23:25:01,13215.0,30.357692
2024-06-14 23:25:02,13216.0,30.308130533333337
2024-06-14 23:25:03,13217.0,30.259010266666667
2024-06-14 23:25:04,13218.0,30.2107724
2024-06-14 23:25:05,13219.0,30.163858133333335
2024-06-14 23:25:06,13220.0,30.11870866666667
2024-06-14 23:25:07,13221.0,30.075765200000003
2024-06-14 23:25:08,13222.0,30.035468933333334
2024-06-14 23:25:09,13223.0,29.998261066666668
2024-06-14 23:25:10,13224.0,29.964582800000002
2024-06-14 23:25:11,13225.0,29.934875333333334
2024-06-14 23:25:12,13226.0,29.909579866666668
2024-06-14 23:25:13,13227.0,29.889137599999998
2024-06-14 23:25:14,13228.0,29.87398973333333
2024-06-14 23:25:15,13229.0,29.864577466666667
2024-06-14 23:25:16,13230.0,29.861342
2024-06-14 23:25:17,13231.0,29.863196290370368
2024-06-14 23:25:18,13232.0,29.86859058962963
2024-06-14 23:25:19,13233.0,29.87727204
2024-06-14 23:25:20,13234.0,29.888987783703705
2024-06-14 23:25:21,13235.0,29.903484962962963
2024-06-14 23:25:22,13236.0,29.92051072
2024-06-14 23:25:23,13237.0,29.939812197037035
2024-06-14 23:25:24,13238.0,29.961136536296298
2024-06-14 23:25:25,13239.0,29.98423088
2024-06-14 23:25:26,13240.0,30.00884237037037
2024-06-14 23:25:27,13241.0,30.03471814962963
2024-06-14 23:25:28,13242.0,30.06160536
2024-06-14 23:25:29,13243.0,30.089251143703706
2024-06-14 23:25:30,13244.0,30.11740264296296
2024-06-14 23:25:31,13245.0,30.145807000000005
2024-06-14 23:25:32,13246.0,30.174211357037038
2024-06-14 23:25:33,13247.0,30.2023628562963
2024-06-14 23:25:34,13248.0,30.230008640000005
2024-06-14 23:25:35,13249.0,30.256895850370373
2024-06-14 23:25:36,13250.0,30.28277162962963
2024-06-14 23:25:37,13251.0,30.30738312
2024-06-14 23:25:38,13252.0,30.33047746370371
2024-06-14 23:25:39,13253.0,30.351801802962967
2024-06-14 23:25:40,13254.0,30.37110328
2024-06-14 23:25:41,13255.0,30.38812903703704
2024-06-14 23:25:42,13256.0,30.402626216296298
2024-06-14 23:25:43,13257.0,30.41434196
2024-06-14 23:25:44,13258.0,30.423023410370373
2024-06-14 23:25:45,13259.0,30.42841770962963
2024-06-14 23:25:46,13260.0,30.430272000000002
2024-06-14 23:25:47,13261.0,30.429744554074077
2024-06-14 23:25:48,13262.0,30.42821016592593
2024-06-14 23:25:49,13263.0,30.42574076
2024-06-14 23:25:50,13264.0,30.422408260740745
2024-06-14 23:25:51,13265.0,30.418284592592595
2024-06-14 23:25:52,13266.0,30.413441680000002
2024-06-14 23:25:53,13267.0,30.40795144740741
2024-06-14 23:25:54,13268.0,30.40188581925926
2024-06-14 23:25:55,13269.0,30.395316720000004
2024-06-14 23:25:56,13270.0,30.388316074074073
2024-06-14 23:25:57,13271.0,30.380955805925925
2024-06-14 23:25:58,13272.0,30.37330784
2024-06-14 23:25:59,13273.0,30.36544410074074
2024-06-14 23:26:00,13274.0,30.357436512592592
2024-06-14 23:26:01,13275.0,30.349357
2024-06-14 23:26:02,13276.0,30.341277487407407
2024-06-14 23:26:03,13277.0,30.33326989925926
2024-06-14 23:26:04,13278.0,30.32540616
2024-06-14 23:26:05,13279.0,30.317758194074074
2024-06-14 23:26:06,13280.0,30.310397925925923
2024-06-14 23:26:07,13281.0,30.30339728
2024-06-14 23:26:08,13282.0,30.29682818074074
2024-06-14 23:26:09,13283.0,30.29076255259259
2024-06-14 23:26:10,13284.0,30.285272319999997
2024-06-14 23:26:11,13285.0,30.280429407407404
2024-06-14 23:26:12,13286.0,30.276305739259254
2024-06-14 23:26:13,13287.0,30.27297324
2024-06-14 23:26:14,13288.0,30.27050383407407
2024-06-14 23:26:15,13289.0,30.268969445925922
2024-06-14 23:26:16,13290.0,30.268441999999997
2024-06-14 23:26:17,13291.0,30.271294177777776
2024-06-14 23:26:18,13292.0,30.279591422222218
2024-06-14 23:26:19,13293.0,30.292944799999997
2024-06-14 23:26:20,13294.0,30.310965377777777
2024-06-14 23:26:21,13295.0,30.33326422222222
2024-06-14 23:26:22,13296.0,30.3594524
2024-06-14 23:26:23,13297.0,30.389140977777778
2024-06-14 23:26:24,13298.0,30.42194102222222
2024-06-14 23:26:25,13299.0,30.457463599999997
2024-06-14 23:26:26,13300.0,30.495319777777777
2024-06-14 23:26:27,13301.0,30.535120622222223
2024-06-14 23:26:28,13302.0,30.5764772
2024-06-14 23:26:29,13303.0,30.61900057777778
2024-06-14 23:26:30,13304.0,30.662301822222226
2024-06-14 23:26:31,13305.0,30.705992000000002
2024-06-14 23:26:32,13306.0,30.74968217777778
2024-06-14 23:26:33,13307.0,30.792983422222225
2024-06-14 23:26:34,13308.0,30.835506800000005
2024-06-14 23:26:35,13309.0,30.876863377777784
2024-06-14 23:26:36,13310.0,30.916664222222227
2024-06-14 23:26:37,13311.0,30.954520400000003
2024-06-14 23:26:38,13312.0,30.990042977777783
2024-06-14 23:26:39,13313.0,31.022843022222226
2024-06-14 23:26:40,13314.0,31.052531600000005
2024-06-14 23:26:41,13315.0,31.078719777777785
2024-06-14 23:26:42,13316.0,31.101018622222227
2024-06-14 23:26:43,13317.0,31.11903920000001
2024-06-14 23:26:44,13318.0,31.132392577777786
2024-06-14 23:26:45,13319.0,31.140689822222228
2024-06-14 23:26:46,13320.0,31.143542000000007
2024-06-14 23:26:47,13321.0,31.140695884444455
2024-06-14 23:26:48,13322.0,31.13241627555556
2024-06-14 23:26:49,13323.0,31.11909128000001
2024-06-14 23:26:50,13324.0,31.101109004444453
2024-06-14 23:26:51,13325.0,31.07885755555556
2024-06-14 23:26:52,13326.0,31.052725040000006
2024-06-14 23:26:53,13327.0,31.02309956444445
2024-06-14 23:26:54,13328.0,30.99036923555556
2024-06-14 23:26:55,13329.0,30.954922160000006
2024-06-14 23:26:56,13330.0,30.91714644444445
2024-06-14 23:26:57,13331.0,30.87743019555556
2024-06-14 23:26:58,13332.0,30.836161520000005
2024-06-14 23:26:59,13333.0,30.793728524444447
2024-06-14 23:27:00,13334.0,30.75051931555556
2024-06-14 23:27:01,13335.0,30.706922000000006
2024-06-14 23:27:02,13336.0,30.663324684444447
2024-06-14 23:27:03,13337.0,30.620115475555558
2024-06-14 23:27:04,13338.0,30.577682480000004
2024-06-14 23:27:05,13339.0,30.53641380444445
2024-06-14 23:27:06,13340.0,30.49669755555556
2024-06-14 23:27:07,13341.0,30.458921840000002
2024-06-14 23:27:08,13342.0,30.42347476444445
2024-06-14 23:27:09,13343.0,30.390744435555558
2024-06-14 23:27:10,13344.0,30.361118960000002
2024-06-14 23:27:11,13345.0,30.334986444444443
2024-06-14 23:27:12,13346.0,30.31273499555556
2024-06-14 23:27:13,13347.0,30.29475272
2024-06-14 23:27:14,13348.0,30.281427724444445
2024-06-14 23:27:15,13349.0,30.273148115555557
2024-06-14 23:27:16,13350.0,30.270302
2024-06-14 23:27:17,13351.0,30.270335023967004
2024-06-14 23:27:18,13352.0,30.270433300225054
2024-06-14 23:27:19,13353.0,30.27059563530971
2024-06-14 23:27:20,13354.0,30.270820835756542
2024-06-14 23:27:21,13355.0,30.27110770810111
2024-06-14 23:27:22,13356.0,30.271455058878974
2024-06-14 23:27:23,13357.0,30.2718616946257
2024-06-14 23:27:24,13358.0,30.272326421876844
2024-06-14 23:27:25,13359.0,30.27284804716798
2024-06-14 23:27:26,13360.0,30.273425377034656
2024-06-14 23:27:27,13361.0,30.274057218012448
2024-06-14 23:27:28,13362.0,30.274742376636915
2024-06-14 23:27:29,13363.0,30.27547965944362
2024-06-14 23:27:30,13364.0,30.27626787296812
2024-06-14 23:27:31,13365.0,30.277105823745984
2024-06-14 23:27:32,13366.0,30.277992318312773
2024-06-14 23:27:33,13367.0,30.278926163204048
2024-06-14 23:27:34,13368.0,30.27990616495537
2024-06-14 23:27:35,13369.0,30.280931130102314
2024-06-14 23:27:36,13370.0,30.281999865180424
2024-06-14 23:27:37,13371.0,30.283111176725278
2024-06-14 23:27:38,13372.0,30.28426387127243
2024-06-14 23:27:39,13373.0,30.285456755357444
2024-06-14 23:27:40,13374.0,30.286688635515887
2024-06-14 23:27:41,13375.0,30.28795831828332
2024-06-14 23:27:42,13376.0,30.2892646101953
2024-06-14 23:27:43,13377.0,30.2906063177874
2024-06-14 23:27:44,13378.0,30.291982247595172
2024-06-14 23:27:45,13379.0,30.293391206154183
2024-06-14 23:27:46,13380.0,30.294832
2024-06-14 23:27:47,13381.0,30.296538050233103
2024-06-14 23:27:48,13382.0,30.298733013854573
2024-06-14 23:27:49,13383.0,30.301401051250885
2024-06-14 23:27:50,13384.0,30.304526322808506
2024-06-14 23:27:51,13385.0,30.308092988913913
2024-06-14 23:27:52,13386.0,30.312085209953565
2024-06-14 23:27:53,13387.0,30.31648714631394
2024-06-14 23:27:54,13388.0,30.321282958381495
2024-06-14 23:27:55,13389.0,30.32645680654271
2024-06-14 23:27:56,13390.0,30.331992851184054
2024-06-14 23:27:57,13391.0,30.337875252691987
2024-06-14 23:27:58,13392.0,30.344088171452984
2024-06-14 23:27:59,13393.0,30.350615767853522
2024-06-14 23:28:00,13394.0,30.357442202280062
2024-06-14 23:28:01,13395.0,30.36455163511907
2024-06-14 23:28:02,13396.0,30.371928226757024
2024-06-14 23:28:03,13397.0,30.379556137580384
2024-06-14 23:28:04,13398.0,30.38741952797563
2024-06-14 23:28:05,13399.0,30.395502558329216
2024-06-14 23:28:06,13400.0,30.40378938902763
2024-06-14 23:28:07,13401.0,30.412264180457328
2024-06-14 23:28:08,13402.0,30.420911093004783
2024-06-14 23:28:09,13403.0,30.429714287056466
2024-06-14 23:28:10,13404.0,30.438657922998843
2024-06-14 23:28:11,13405.0,30.447726161218387
2024-06-14 23:28:12,13406.0,30.456903162101565
2024-06-14 23:28:13,13407.0,30.466173086034843
2024-06-14 23:28:14,13408.0,30.475520093404697
2024-06-14 23:28:15,13409.0,30.484928344597595
2024-06-14 23:28:16,13410.0,30.494382
2024-06-14 23:28:17,13411.0,30.504839564768737
2024-06-14 23:28:18,13412.0,30.517166073036922
2024-06-14 23:28:19,13413.0,30.531205478655448
2024-06-14 23:28:20,13414.0,30.54680173547523
2024-06-14 23:28:21,13415.0,30.56379879734718
2024-06-14 23:28:22,13416.0,30.582040618122186
2024-06-14 23:28:23,13417.0,30.601371151651172
2024-06-14 23:28:24,13418.0,30.621634351785044
2024-06-14 23:28:25,13419.0,30.642674172374697
2024-06-14 23:28:26,13420.0,30.66433456727105
2024-06-14 23:28:27,13421.0,30.686459490325003
2024-06-14 23:28:28,13422.0,30.70889289538746
2024-06-14 23:28:29,13423.0,30.731478736309334
2024-06-14 23:28:30,13424.0,30.75406096694153
2024-06-14 23:28:31,13425.0,30.77648354113495
2024-06-14 23:28:32,13426.0,30.798590412740502
2024-06-14 23:28:33,13427.0,30.820225535609097
2024-06-14 23:28:34,13428.0,30.84123286359164
2024-06-14 23:28:35,13429.0,30.861456350539036
2024-06-14 23:28:36,13430.0,30.880739950302193
2024-06-14 23:28:37,13431.0,30.898927616732013
2024-06-14 23:28:38,13432.0,30.91586330367941
2024-06-14 23:28:39,13433.0,30.931390964995284
2024-06-14 23:28:40,13434.0,30.94535455453055
2024-06-14 23:28:41,13435.0,30.957598026136104
2024-06-14 23:28:42,13436.0,30.967965333662853
2024-06-14 23:28:43,13437.0,30.976300430961718
2024-06-14 23:28:44,13438.0,30.98244727188359
2024-06-14 23:28:45,13439.0,30.986249810279382
2024-06-14 23:28:46,13440.0,30.987552
2024-06-14 23:28:47,13441.0,30.987003845564505
2024-06-14 23:28:48,13442.0,30.985392159115023
2024-06-14 23:28:49,13443.0,30.98276610593706
2024-06-14 23:28:50,13444.0,30.979174851316117
2024-06-14 23:28:51,13445.0,30.9746675605377
2024-06-14 23:28:52,13446.0,30.969293398887316
2024-06-14 23:28:53,13447.0,30.96310153165047
2024-06-14 23:28:54,13448.0,30.956141124112662
2024-06-14 23:28:55,13449.0,30.948461341559405
2024-06-14 23:28:56,13450.0,30.940111349276194
2024-06-14 23:28:57,13451.0,30.93114031254854
2024-06-14 23:28:58,13452.0,30.921597396661944
2024-06-14 23:28:59,13453.0,30.91153176690192
2024-06-14 23:29:00,13454.0,30.900992588553958
2024-06-14 23:29:01,13455.0,30.890029026903576
2024-06-14 23:29:02,13456.0,30.87869024723627
2024-06-14 23:29:03,13457.0,30.86702541483755
2024-06-14 23:29:04,13458.0,30.855083694992917
2024-06-14 23:29:05,13459.0,30.842914252987878
2024-06-14 23:29:06,13460.0,30.83056625410794
2024-06-14 23:29:07,13461.0,30.818088863638604
2024-06-14 23:29:08,13462.0,30.805531246865375
2024-06-14 23:29:09,13463.0,30.79294256907376
2024-06-14 23:29:10,13464.0,30.780371995549256
2024-06-14 23:29:11,13465.0,30.76786869157738
2024-06-14 23:29:12,13466.0,30.75548182244363
2024-06-14 23:29:13,13467.0,30.743260553433515
2024-06-14 23:29:14,13468.0,30.731254049832533
2024-06-14 23:29:15,13469.0,30.719511476926193
2024-06-14 23:29:16,13470.0,30.708081999999997
2024-06-14 23:29:17,13471.0,30.696509513489044
2024-06-14 23:29:18,13472.0,30.684335093227087
2024-06-14 23:29:19,13473.0,30.671603676597638
2024-06-14 23:29:20,13474.0,30.658360200984184
2024-06-14 23:29:21,13475.0,30.644649603770233
2024-06-14 23:29:22,13476.0,30.630516822339292
2024-06-14 23:29:23,13477.0,30.616006794074845
2024-06-14 23:29:24,13478.0,30.601164456360415
2024-06-14 23:29:25,13479.0,30.586034746579482
2024-06-14 23:29:26,13480.0,30.570662602115558
2024-06-14 23:29:27,13481.0,30.555092960352145
2024-06-14 23:29:28,13482.0,30.539370758672735
2024-06-14 23:29:29,13483.0,30.52354093446084
2024-06-14 23:29:30,13484.0,30.507648425099955
2024-06-14 23:29:31,13485.0,30.491738167973583
2024-06-14 23:29:32,13486.0,30.475855100465225
2024-06-14 23:29:33,13487.0,30.460044159958375
2024-06-14 23:29:34,13488.0,30.44435028383654
2024-06-14 23:29:35,13489.0,30.428818409483224
2024-06-14 23:29:36,13490.0,30.41349347428192
2024-06-14 23:29:37,13491.0,30.398420415616133
2024-06-14 23:29:38,13492.0,30.383644170869367
2024-06-14 23:29:39,13493.0,30.369209677425122
2024-06-14 23:29:40,13494.0,30.355161872666894
2024-06-14 23:29:41,13495.0,30.341545693978183
2024-06-14 23:29:42,13496.0,30.328406078742503
2024-06-14 23:29:43,13497.0,30.315787964343343
2024-06-14 23:29:44,13498.0,30.303736288164203
2024-06-14 23:29:45,13499.0,30.292295987588588
2024-06-14 23:29:46,13500.0,30.281512
2024-06-14 23:29:47,13501.0,30.270949034995056
2024-06-14 23:29:48,13502.0,30.260168764572626
2024-06-14 23:29:49,13503.0,30.249211569719602
2024-06-14 23:29:50,13504.0,30.238117831422862
2024-06-14 23:29:51,13505.0,30.226927930669294
2024-06-14 23:29:52,13506.0,30.215682248445788
2024-06-14 23:29:53,13507.0,30.204421165739227
2024-06-14 23:29:54,13508.0,30.193185063536486
2024-06-14 23:29:55,13509.0,30.18201432282446
2024-06-14 23:29:56,13510.0,30.170949324590037
2024-06-14 23:29:57,13511.0,30.16003044982009
2024-06-14 23:29:58,13512.0,30.149298079501513
2024-06-14 23:29:59,13513.0,30.13879259462119
2024-06-14 23:30:00,13514.0,30.128554376166004
2024-06-14 23:30:01,13515.0,30.11862380512284
2024-06-14 23:30:02,13516.0,30.109041262478588
2024-06-14 23:30:03,13517.0,30.099847129220123
2024-06-14 23:30:04,13518.0,30.091081786334342
2024-06-14 23:30:05,13519.0,30.08278561480812
2024-06-14 23:30:06,13520.0,30.07499899562835
2024-06-14 23:30:07,13521.0,30.067762309781912
2024-06-14 23:30:08,13522.0,30.061115938255693
2024-06-14 23:30:09,13523.0,30.055100262036575
2024-06-14 23:30:10,13524.0,30.049755662111448
2024-06-14 23:30:11,13525.0,30.045122519467192
2024-06-14 23:30:12,13526.0,30.041241215090697
2024-06-14 23:30:13,13527.0,30.038152129968843
2024-06-14 23:30:14,13528.0,30.035895645088523
2024-06-14 23:30:15,13529.0,30.03451214143661
2024-06-14 23:30:16,13530.0,30.034042
2024-06-14 23:30:17,13531.0,30.03515774154226
2024-06-14 23:30:18,13532.0,30.03841105545824
2024-06-14 23:30:19,13533.0,30.04366107568171
2024-06-14 23:30:20,13534.0,30.050766936146474
2024-06-14 23:30:21,13535.0,30.059587770786305
2024-06-14 23:30:22,13536.0,30.069982713534984
2024-06-14 23:30:23,13537.0,30.081810898326307
2024-06-14 23:30:24,13538.0,30.094931459094052
2024-06-14 23:30:25,13539.0,30.109203529772003
2024-06-14 23:30:26,13540.0,30.124486244293944
2024-06-14 23:30:27,13541.0,30.140638736593672
2024-06-14 23:30:28,13542.0,30.157520140604955
2024-06-14 23:30:29,13543.0,30.17498959026159
2024-06-14 23:30:30,13544.0,30.192906219497353
2024-06-14 23:30:31,13545.0,30.211129162246035
2024-06-14 23:30:32,13546.0,30.22951755244142
2024-06-14 23:30:33,13547.0,30.24793052401729
2024-06-14 23:30:34,13548.0,30.26622721090743
2024-06-14 23:30:35,13549.0,30.28426674704563
2024-06-14 23:30:36,13550.0,30.301908266365672
2024-06-14 23:30:37,13551.0,30.319010902801335
2024-06-14 23:30:38,13552.0,30.335433790286416
2024-06-14 23:30:39,13553.0,30.351036062754687
2024-06-14 23:30:40,13554.0,30.36567685413994
2024-06-14 23:30:41,13555.0,30.379215298375957
2024-06-14 23:30:42,13556.0,30.391510529396527
2024-06-14 23:30:43,13557.0,30.40242168113543
2024-06-14 23:30:44,13558.0,30.411807887526454
2024-06-14 23:30:45,13559.0,30.41952828250338
2024-06-14 23:30:46,13560.0,30.425441999999997
2024-06-14 23:30:47,13561.0,30.430379699718838
2024-06-14 23:30:48,13562.0,30.43526077025132
2024-06-14 23:30:49,13563.0,30.440077438864567
2024-06-14 23:30:50,13564.0,30.444821932825686
2024-06-14 23:30:51,13565.0,30.449486479401813
2024-06-14 23:30:52,13566.0,30.454063305860053
2024-06-14 23:30:53,13567.0,30.458544639467533
2024-06-14 23:30:54,13568.0,30.462922707491362
2024-06-14 23:30:55,13569.0,30.467189737198655
2024-06-14 23:30:56,13570.0,30.471337955856548
2024-06-14 23:30:57,13571.0,30.47535959073214
2024-06-14 23:30:58,13572.0,30.479246869092563
2024-06-14 23:30:59,13573.0,30.48299201820493
2024-06-14 23:31:00,13574.0,30.486587265336354
2024-06-14 23:31:01,13575.0,30.490024837753964
2024-06-14 23:31:02,13576.0,30.493296962724866
2024-06-14 23:31:03,13577.0,30.496395867516192
2024-06-14 23:31:04,13578.0,30.49931377939504
2024-06-14 23:31:05,13579.0,30.50204292562855
2024-06-14 23:31:06,13580.0,30.50457553348383
2024-06-14 23:31:07,13581.0,30.506903830227998
2024-06-14 23:31:08,13582.0,30.50902004312817
2024-06-14 23:31:09,13583.0,30.510916399451474
2024-06-14 23:31:10,13584.0,30.512585126465016
2024-06-14 23:31:11,13585.0,30.51401845143592
2024-06-14 23:31:12,13586.0,30.515208601631304
2024-06-14 23:31:13,13587.0,30.516147804318283
2024-06-14 23:31:14,13588.0,30.516828286763985
2024-06-14 23:31:15,13589.0,30.517242276235514
2024-06-14 23:31:16,13590.0,30.517382
2024-06-14 23:31:17,13591.0,30.51667627259259
2024-06-14 23:31:18,13592.0,30.51462324740741
2024-06-14 23:31:19,13593.0,30.51131916
2024-06-14 23:31:20,13594.0,30.506860245925928
2024-06-14 23:31:21,13595.0,30.501342740740743
2024-06-14 23:31:22,13596.0,30.494862880000003
2024-06-14 23:31:23,13597.0,30.48751689925926
2024-06-14 23:31:24,13598.0,30.479401034074076
2024-06-14 23:31:25,13599.0,30.470611520000002
2024-06-14 23:31:26,13600.0,30.461244592592593
2024-06-14 23:31:27,13601.0,30.451396487407408
2024-06-14 23:31:28,13602.0,30.44116344
2024-06-14 23:31:29,13603.0,30.430641685925924
2024-06-14 23:31:30,13604.0,30.41992746074074
2024-06-14 23:31:31,13605.0,30.409117000000002
2024-06-14 23:31:32,13606.0,30.39830653925926
2024-06-14 23:31:33,13607.0,30.387592314074073
2024-06-14 23:31:34,13608.0,30.37707056
2024-06-14 23:31:35,13609.0,30.366837512592593
2024-06-14 23:31:36,13610.0,30.356989407407408
2024-06-14 23:31:37,13611.0,30.34762248
2024-06-14 23:31:38,13612.0,30.338832965925924
2024-06-14 23:31:39,13613.0,30.330717100740742
2024-06-14 23:31:40,13614.0,30.32337112
2024-06-14 23:31:41,13615.0,30.316891259259258
2024-06-14 23:31:42,13616.0,30.311373754074076
2024-06-14 23:31:43,13617.0,30.30691484
2024-06-14 23:31:44,13618.0,30.30361075259259
2024-06-14 23:31:45,13619.0,30.301557727407406
2024-06-14 23:31:46,13620.0,30.300852
2024-06-14 23:31:47,13621.0,30.302681226666664
2024-06-14 23:31:48,13622.0,30.308002613333333
2024-06-14 23:31:49,13623.0,30.31656672
2024-06-14 23:31:50,13624.0,30.328124106666667
2024-06-14 23:31:51,13625.0,30.34242533333333
2024-06-14 23:31:52,13626.0,30.359220960000002
2024-06-14 23:31:53,13627.0,30.378261546666668
2024-06-14 23:31:54,13628.0,30.39929765333333
2024-06-14 23:31:55,13629.0,30.42207984
2024-06-14 23:31:56,13630.0,30.44635866666667
2024-06-14 23:31:57,13631.0,30.471884693333333
2024-06-14 23:31:58,13632.0,30.498408480000002
2024-06-14 23:31:59,13633.0,30.525680586666667
2024-06-14 23:32:00,13634.0,30.553451573333334
2024-06-14 23:32:01,13635.0,30.581472
2024-06-14 23:32:02,13636.0,30.609492426666666
2024-06-14 23:32:03,13637.0,30.637263413333333
2024-06-14 23:32:04,13638.0,30.66453552
2024-06-14 23:32:05,13639.0,30.691059306666666
2024-06-14 23:32:06,13640.0,30.716585333333335
2024-06-14 23:32:07,13641.0,30.74086416
2024-06-14 23:32:08,13642.0,30.76364634666667
2024-06-14 23:32:09,13643.0,30.784682453333335
2024-06-14 23:32:10,13644.0,30.80372304
2024-06-14 23:32:11,13645.0,30.820518666666665
2024-06-14 23:32:12,13646.0,30.834819893333336
2024-06-14 23:32:13,13647.0,30.84637728
2024-06-14 23:32:14,13648.0,30.854941386666667
2024-06-14 23:32:15,13649.0,30.860262773333336
2024-06-14 23:32:16,13650.0,30.862092
2024-06-14 23:32:17,13651.0,30.858848730666665
2024-06-14 23:32:18,13652.0,30.849413765333335
2024-06-14 23:32:19,13653.0,30.834229368000003
2024-06-14 23:32:20,13654.0,30.81373780266667
2024-06-14 23:32:21,13655.0,30.788381333333334
2024-06-14 23:32:22,13656.0,30.758602224
2024-06-14 23:32:23,13657.0,30.724842738666666
2024-06-14 23:32:24,13658.0,30.687545141333334
2024-06-14 23:32:25,13659.0,30.647151695999998
2024-06-14 23:32:26,13660.0,30.604104666666668
2024-06-14 23:32:27,13661.0,30.558846317333334
2024-06-14 23:32:28,13662.0,30.511818912000003
2024-06-14 23:32:29,13663.0,30.463464714666667
2024-06-14 23:32:30,13664.0,30.414225989333335
2024-06-14 23:32:31,13665.0,30.364545
2024-06-14 23:32:32,13666.0,30.314864010666668
2024-06-14 23:32:33,13667.0,30.265625285333336
2024-06-14 23:32:34,13668.0,30.217271088
2024-06-14 23:32:35,13669.0,30.17024368266667
2024-06-14 23:32:36,13670.0,30.124985333333335
2024-06-14 23:32:37,13671.0,30.081938304
2024-06-14 23:32:38,13672.0,30.04154485866667
2024-06-14 23:32:39,13673.0,30.004247261333333
2024-06-14 23:32:40,13674.0,29.970487776000002
2024-06-14 23:32:41,13675.0,29.94070866666667
2024-06-14 23:32:42,13676.0,29.915352197333334
2024-06-14 23:32:43,13677.0,29.894860632
2024-06-14 23:32:44,13678.0,29.879676234666668
2024-06-14 23:32:45,13679.0,29.870241269333334
2024-06-14 23:32:46,13680.0,29.866998000000002
2024-06-14 23:32:47,13681.0,29.86788545718519
2024-06-14 23:32:48,13682.0,29.870467150814818
2024-06-14 23:32:49,13683.0,29.874622064000004
2024-06-14 23:32:50,13684.0,29.880229179851852
2024-06-14 23:32:51,13685.0,29.887167481481484
2024-06-14 23:32:52,13686.0,29.895315952000004
2024-06-14 23:32:53,13687.0,29.90455357451852
2024-06-14 23:32:54,13688.0,29.91475933214815
2024-06-14 23:32:55,13689.0,29.925812208
2024-06-14 23:32:56,13690.0,29.937591185185187
2024-06-14 23:32:57,13691.0,29.949975246814816
2024-06-14 23:32:58,13692.0,29.962843376
2024-06-14 23:32:59,13693.0,29.976074555851852
2024-06-14 23:33:00,13694.0,29.98954776948148
2024-06-14 23:33:01,13695.0,30.003141999999997
2024-06-14 23:33:02,13696.0,30.016736230518518
2024-06-14 23:33:03,13697.0,30.03020944414815
2024-06-14 23:33:04,13698.0,30.043440624
2024-06-14 23:33:05,13699.0,30.056308753185185
2024-06-14 23:33:06,13700.0,30.068692814814817
2024-06-14 23:33:07,13701.0,30.080471791999997
2024-06-14 23:33:08,13702.0,30.09152466785185
2024-06-14 23:33:09,13703.0,30.101730425481477
2024-06-14 23:33:10,13704.0,30.110968048
2024-06-14 23:33:11,13705.0,30.119116518518517
2024-06-14 23:33:12,13706.0,30.126054820148145
2024-06-14 23:33:13,13707.0,30.131661936
2024-06-14 23:33:14,13708.0,30.135816849185183
2024-06-14 23:33:15,13709.0,30.138398542814812
2024-06-14 23:33:16,13710.0,30.139286
2024-06-14 23:33:17,13711.0,30.138908401777776
2024-06-14 23:33:18,13712.0,30.137809934222222
2024-06-14 23:33:19,13713.0,30.136042088
2024-06-14 23:33:20,13714.0,30.133656353777777
2024-06-14 23:33:21,13715.0,30.13070422222222
2024-06-14 23:33:22,13716.0,30.127237184
2024-06-14 23:33:23,13717.0,30.123306729777777
2024-06-14 23:33:24,13718.0,30.118964350222225
2024-06-14 23:33:25,13719.0,30.114261536
2024-06-14 23:33:26,13720.0,30.10924977777778
2024-06-14 23:33:27,13721.0,30.103980566222223
2024-06-14 23:33:28,13722.0,30.098505392000003
2024-06-14 23:33:29,13723.0,30.09287574577778
2024-06-14 23:33:30,13724.0,30.087143118222226
2024-06-14 23:33:31,13725.0,30.081359000000003
2024-06-14 23:33:32,13726.0,30.07557488177778
2024-06-14 23:33:33,13727.0,30.069842254222223
2024-06-14 23:33:34,13728.0,30.064212608000002
2024-06-14 23:33:35,13729.0,30.058737433777782
2024-06-14 23:33:36,13730.0,30.05346822222223
2024-06-14 23:33:37,13731.0,30.048456464000004
2024-06-14 23:33:38,13732.0,30.043753649777784
2024-06-14 23:33:39,13733.0,30.039411270222228
2024-06-14 23:33:40,13734.0,30.035480816000007
2024-06-14 23:33:41,13735.0,30.032013777777784
2024-06-14 23:33:42,13736.0,30.029061646222228
2024-06-14 23:33:43,13737.0,30.026675912000005
2024-06-14 23:33:44,13738.0,30.024908065777783
2024-06-14 23:33:45,13739.0,30.02380959822223
2024-06-14 23:33:46,13740.0,30.023432000000007
2024-06-14 23:33:47,13741.0,30.023633139038683
2024-06-14 23:33:48,13742.0,30.024228050233674
2024-06-14 23:33:49,13743.0,30.025203974703402
2024-06-14 23:33:50,13744.0,30.026548153566317
2024-06-14 23:33:51,13745.0,30.028247827940845
2024-06-14 23:33:52,13746.0,30.03029023894542
2024-06-14 23:33:53,13747.0,30.03266262769848
2024-06-14 23:33:54,13748.0,30.035352235318456
2024-06-14 23:33:55,13749.0,30.03834630292379
2024-06-14 23:33:56,13750.0,30.041632071632907
2024-06-14 23:33:57,13751.0,30.045196782564247
2024-06-14 23:33:58,13752.0,30.049027676836246
2024-06-14 23:33:59,13753.0,30.053111995567335
2024-06-14 23:34:00,13754.0,30.057436979875952
2024-06-14 23:34:01,13755.0,30.061989870880527
2024-06-14 23:34:02,13756.0,30.0667579096995
2024-06-14 23:34:03,13757.0,30.071728337451297
2024-06-14 23:34:04,13758.0,30.076888395254368
2024-06-14 23:34:05,13759.0,30.08222532422713
2024-06-14 23:34:06,13760.0,30.087726365488027
2024-06-14 23:34:07,13761.0,30.093378760155495
2024-06-14 23:34:08,13762.0,30.099169749347972
2024-06-14 23:34:09,13763.0,30.10508657418388
2024-06-14 23:34:10,13764.0,30.11111647578166
2024-06-14 23:34:11,13765.0,30.117246695259748
2024-06-14 23:34:12,13766.0,30.123464473736576
2024-06-14 23:34:13,13767.0,30.129757052330582
2024-06-14 23:34:14,13768.0,30.136111672160197
2024-06-14 23:34:15,13769.0,30.14251557434386
2024-06-14 23:34:16,13770.0,30.148956000000002
2024-06-14 23:34:17,13771.0,30.156367059137626
2024-06-14 23:34:18,13772.0,30.165594622358327
2024-06-14 23:34:19,13773.0,30.176493571669422
2024-06-14 23:34:20,13774.0,30.188918789078244
2024-06-14 23:34:21,13775.0,30.20272515659211
2024-06-14 23:34:22,13776.0,30.217767556218345
2024-06-14 23:34:23,13777.0,30.233900869964277
2024-06-14 23:34:24,13778.0,30.25097997983722
2024-06-14 23:34:25,13779.0,30.268859767844507
2024-06-14 23:34:26,13780.0,30.287395115993455
2024-06-14 23:34:27,13781.0,30.306440906291392
2024-06-14 23:34:28,13782.0,30.325852020745643
2024-06-14 23:34:29,13783.0,30.34548334136352
2024-06-14 23:34:30,13784.0,30.365189750152357
2024-06-14 23:34:31,13785.0,30.384826129119478
2024-06-14 23:34:32,13786.0,30.404247360272205
2024-06-14 23:34:33,13787.0,30.42330832561786
2024-06-14 23:34:34,13788.0,30.44186390716376
2024-06-14 23:34:35,13789.0,30.459768986917236
2024-06-14 23:34:36,13790.0,30.47687844688562
2024-06-14 23:34:37,13791.0,30.49304716907622
2024-06-14 23:34:38,13792.0,30.508130035496368
2024-06-14 23:34:39,13793.0,30.52198192815338
2024-06-14 23:34:40,13794.0,30.53445772905459
2024-06-14 23:34:41,13795.0,30.545412320207316
2024-06-14 23:34:42,13796.0,30.554700583618878
2024-06-14 23:34:43,13797.0,30.56217740129661
2024-06-14 23:34:44,13798.0,30.56769765524782
2024-06-14 23:34:45,13799.0,30.571116227479845
2024-06-14 23:34:46,13800.0,30.572288000000004
2024-06-14 23:34:47,13801.0,30.572272062331244
2024-06-14 23:34:48,13802.0,30.572224546321415
2024-06-14 23:34:49,13803.0,30.572145897465205
2024-06-14 23:34:50,13804.0,30.572036561257306
2024-06-14 23:34:51,13805.0,30.571896983192396
2024-06-14 23:34:52,13806.0,30.57172760876517
2024-06-14 23:34:53,13807.0,30.571528883470304
2024-06-14 23:34:54,13808.0,30.571301252802495
2024-06-14 23:34:55,13809.0,30.57104516225642
2024-06-14 23:34:56,13810.0,30.570761057326774
2024-06-14 23:34:57,13811.0,30.570449383508237
2024-06-14 23:34:58,13812.0,30.570110586295495
2024-06-14 23:34:59,13813.0,30.569745111183245
2024-06-14 23:35:00,13814.0,30.56935340366616
2024-06-14 23:35:01,13815.0,30.568935909238927
2024-06-14 23:35:02,13816.0,30.56849307339624
2024-06-14 23:35:03,13817.0,30.568025341632783
2024-06-14 23:35:04,13818.0,30.567533159443247
2024-06-14 23:35:05,13819.0,30.567016972322307
2024-06-14 23:35:06,13820.0,30.566477225764654
2024-06-14 23:35:07,13821.0,30.565914365264977
2024-06-14 23:35:08,13822.0,30.565328836317963
2024-06-14 23:35:09,13823.0,30.5647210844183
2024-06-14 23:35:10,13824.0,30.56409155506066
2024-06-14 23:35:11,13825.0,30.56344069373975
2024-06-14 23:35:12,13826.0,30.56276894595024
2024-06-14 23:35:13,13827.0,30.562076757186826
2024-06-14 23:35:14,13828.0,30.56136457294419
2024-06-14 23:35:15,13829.0,30.56063283871702
2024-06-14 23:35:16,13830.0,30.559882
2024-06-14 23:35:17,13831.0,30.558711583801504
2024-06-14 23:35:18,13832.0,30.556759260537294
2024-06-14 23:35:19,13833.0,30.55408269081318
2024-06-14 23:35:20,13834.0,30.550739535234946
2024-06-14 23:35:21,13835.0,30.546787454408406
2024-06-14 23:35:22,13836.0,30.542284108939345
2024-06-14 23:35:23,13837.0,30.53728715943356
2024-06-14 23:35:24,13838.0,30.531854266496854
2024-06-14 23:35:25,13839.0,30.526043090735026
2024-06-14 23:35:26,13840.0,30.519911292753868
2024-06-14 23:35:27,13841.0,30.51351653315918
2024-06-14 23:35:28,13842.0,30.50691647255676
2024-06-14 23:35:29,13843.0,30.500168771552403
2024-06-14 23:35:30,13844.0,30.49333109075191
2024-06-14 23:35:31,13845.0,30.486461090761075
2024-06-14 23:35:32,13846.0,30.479616432185697
2024-06-14 23:35:33,13847.0,30.47285477563157
2024-06-14 23:35:34,13848.0,30.466233781704503
2024-06-14 23:35:35,13849.0,30.459811111010282
2024-06-14 23:35:36,13850.0,30.45364442415471
2024-06-14 23:35:37,13851.0,30.44779138174358
2024-06-14 23:35:38,13852.0,30.44230964438269
2024-06-14 23:35:39,13853.0,30.437256872677843
2024-06-14 23:35:40,13854.0,30.432690727234835
2024-06-14 23:35:41,13855.0,30.428668868659457
2024-06-14 23:35:42,13856.0,30.425248957557514
2024-06-14 23:35:43,13857.0,30.422488654534792
2024-06-14 23:35:44,13858.0,30.420445620197103
2024-06-14 23:35:45,13859.0,30.419177515150242
2024-06-14 23:35:46,13860.0,30.418741999999998
2024-06-14 23:35:47,13861.0,30.419242107259258
2024-06-14 23:35:48,13862.0,30.420696964740742
2024-06-14 23:35:49,13863.0,30.423038375999997
2024-06-14 23:35:50,13864.0,30.42619814459259
2024-06-14 23:35:51,13865.0,30.430108074074074
2024-06-14 23:35:52,13866.0,30.434699968
2024-06-14 23:35:53,13867.0,30.439905629925924
2024-06-14 23:35:54,13868.0,30.445656863407407
2024-06-14 23:35:55,13869.0,30.451885472
2024-06-14 23:35:56,13870.0,30.45852325925926
2024-06-14 23:35:57,13871.0,30.465502028740744
2024-06-14 23:35:58,13872.0,30.472753584000003
2024-06-14 23:35:59,13873.0,30.480209728592595
2024-06-14 23:36:00,13874.0,30.487802266074073
2024-06-14 23:36:01,13875.0,30.495463
2024-06-14 23:36:02,13876.0,30.50312373392593
2024-06-14 23:36:03,13877.0,30.51071627140741
2024-06-14 23:36:04,13878.0,30.518172416000002
2024-06-14 23:36:05,13879.0,30.525423971259265
2024-06-14 23:36:06,13880.0,30.532402740740746
2024-06-14 23:36:07,13881.0,30.539040528000005
2024-06-14 23:36:08,13882.0,30.545269136592598
2024-06-14 23:36:09,13883.0,30.55102037007408
2024-06-14 23:36:10,13884.0,30.556226032000005
2024-06-14 23:36:11,13885.0,30.56081792592593
2024-06-14 23:36:12,13886.0,30.564727855407416
2024-06-14 23:36:13,13887.0,30.567887624000008
2024-06-14 23:36:14,13888.0,30.570229035259267
2024-06-14 23:36:15,13889.0,30.571683892740747
2024-06-14 23:36:16,13890.0,30.572184000000007
2024-06-14 23:36:17,13891.0,30.57161484357351
2024-06-14 23:36:18,13892.0,30.56994115663637
2024-06-14 23:36:19,13893.0,30.56721361270212
2024-06-14 23:36:20,13894.0,30.56348288528428
2024-06-14 23:36:21,13895.0,30.558799647896386
2024-06-14 23:36:22,13896.0,30.55321457405196
2024-06-14 23:36:23,13897.0,30.54677833726453
2024-06-14 23:36:24,13898.0,30.539541611047635
2024-06-14 23:36:25,13899.0,30.53155506891479
2024-06-14 23:36:26,13900.0,30.522869384379526
2024-06-14 23:36:27,13901.0,30.513535230955377
2024-06-14 23:36:28,13902.0,30.503603282155865
2024-06-14 23:36:29,13903.0,30.49312421149452
2024-06-14 23:36:30,13904.0,30.48214869248487
2024-06-14 23:36:31,13905.0,30.47072739864045
2024-06-14 23:36:32,13906.0,30.45891100347477
2024-06-14 23:36:33,13907.0,30.44675018050138
2024-06-14 23:36:34,13908.0,30.43429560323379
2024-06-14 23:36:35,13909.0,30.421597945185542
2024-06-14 23:36:36,13910.0,30.408707879870153
2024-06-14 23:36:37,13911.0,30.395676080801163
2024-06-14 23:36:38,13912.0,30.38255322149209
2024-06-14 23:36:39,13913.0,30.36938997545646
2024-06-14 23:36:40,13914.0,30.356237016207814
2024-06-14 23:36:41,13915.0,30.34314501725967
2024-06-14 23:36:42,13916.0,30.330164652125557
2024-06-14 23:36:43,13917.0,30.317346594319005
2024-06-14 23:36:44,13918.0,30.30474151735354
2024-06-14 23:36:45,13919.0,30.292400094742696
2024-06-14 23:36:46,13920.0,30.280372999999997
2024-06-14 23:36:47,13921.0,30.267813867035077
2024-06-14 23:36:48,13922.0,30.253924696868676
2024-06-14 23:36:49,13923.0,30.238828713680988
2024-06-14 23:36:50,13924.0,30.222649141652216
2024-06-14 23:36:51,13925.0,30.20550920496255
2024-06-14 23:36:52,13926.0,30.18753212779218
2024-06-14 23:36:53,13927.0,30.168841134321312
2024-06-14 23:36:54,13928.0,30.14955944873013
2024-06-14 23:36:55,13929.0,30.129810295198833
2024-06-14 23:36:56,13930.0,30.10971689790762
2024-06-14 23:36:57,13931.0,30.08940248103668
2024-06-14 23:36:58,13932.0,30.068990268766207
2024-06-14 23:36:59,13933.0,30.0486034852764
2024-06-14 23:37:00,13934.0,30.02836535474745
2024-06-14 23:37:01,13935.0,30.008399101359554
2024-06-14 23:37:02,13936.0,29.988827949292908
2024-06-14 23:37:03,13937.0,29.969775122727707
2024-06-14 23:37:04,13938.0,29.95136384584414
2024-06-14 23:37:05,13939.0,29.933717342822405
2024-06-14 23:37:06,13940.0,29.9169588378427
2024-06-14 23:37:07,13941.0,29.90121155508522
2024-06-14 23:37:08,13942.0,29.886598718730152
2024-06-14 23:37:09,13943.0,29.873243552957693
2024-06-14 23:37:10,13944.0,29.861269281948047
2024-06-14 23:37:11,13945.0,29.850799129881402
2024-06-14 23:37:12,13946.0,29.84195632093795
2024-06-14 23:37:13,13947.0,29.83486407929789
2024-06-14 23:37:14,13948.0,29.829645629141414
2024-06-14 23:37:15,13949.0,29.82642419464872
2024-06-14 23:37:16,13950.0,29.825323
2024-06-14 23:37:17,13951.0,29.828847589228296
2024-06-14 23:37:18,13952.0,29.839112544452576
2024-06-14 23:37:19,13953.0,29.855654646981925
2024-06-14 23:37:20,13954.0,29.878010678125435
2024-06-14 23:37:21,13955.0,29.905717419192193
2024-06-14 23:37:22,13956.0,29.938311651491286
2024-06-14 23:37:23,13957.0,29.975330156331804
2024-06-14 23:37:24,13958.0,30.016309715022835
2024-06-14 23:37:25,13959.0,30.060787108873466
2024-06-14 23:37:26,13960.0,30.10829911919279
2024-06-14 23:37:27,13961.0,30.158382527289888
2024-06-14 23:37:28,13962.0,30.210574114473854
2024-06-14 23:37:29,13963.0,30.264410662053777
2024-06-14 23:37:30,13964.0,30.31942895133874
2024-06-14 23:37:31,13965.0,30.37516576363783
2024-06-14 23:37:32,13966.0,30.431157880260145
2024-06-14 23:37:33,13967.0,30.486942082514766
2024-06-14 23:37:34,13968.0,30.54205515171078
2024-06-14 23:37:35,13969.0,30.596033869157285
2024-06-14 23:37:36,13970.0,30.648415016163355
2024-06-14 23:37:37,13971.0,30.698735374038087
2024-06-14 23:37:38,13972.0,30.746531724090573
2024-06-14 23:37:39,13973.0,30.791340847629893
2024-06-14 23:37:40,13974.0,30.83269952596514
2024-06-14 23:37:41,13975.0,30.8701445404054
2024-06-14 23:37:42,13976.0,30.90321267225976
2024-06-14 23:37:43,13977.0,30.931440702837318
2024-06-14 23:37:44,13978.0,30.95436541344715
2024-06-14 23:37:45,13979.0,30.971523585398344
2024-06-14 23:37:46,13980.0,30.982452
2024-06-14 23:37:47,13981.0,30.990024752972023
2024-06-14 23:37:48,13982.0,30.99742100018248
2024-06-14 23:37:49,13983.0,31.004635113162685
2024-06-14 23:37:50,13984.0,31.01166146344394
2024-06-14 23:37:51,13985.0,31.018494422557563
2024-06-14 23:37:52,13986.0,31.02512836203486
2024-06-14 23:37:53,13987.0,31.031557653407145
2024-06-14 23:37:54,13988.0,31.03777666820572
2024-06-14 23:37:55,13989.0,31.04377977796191
2024-06-14 23:37:56,13990.0,31.04956135420701
2024-06-14 23:37:57,13991.0,31.055115768472348
2024-06-14 23:37:58,13992.0,31.060437392289217
2024-06-14 23:37:59,13993.0,31.065520597188936
2024-06-14 23:38:00,13994.0,31.070359754702814
2024-06-14 23:38:01,13995.0,31.074949236362166
2024-06-14 23:38:02,13996.0,31.0792834136983
2024-06-14 23:38:03,13997.0,31.083356658242522
2024-06-14 23:38:04,13998.0,31.087163341526143
2024-06-14 23:38:05,13999.0,31.09069783508048
2024-06-14 23:38:06,14000.0,31.09395451043684
2024-06-14 23:38:07,14001.0,31.09692773912653
2024-06-14 23:38:08,14002.0,31.099611892680866
2024-06-14 23:38:09,14003.0,31.10200134263116
2024-06-14 23:38:10,14004.0,31.104090460508715
2024-06-14 23:38:11,14005.0,31.105873617844846
2024-06-14 23:38:12,14006.0,31.10734518617086
2024-06-14 23:38:13,14007.0,31.108499537018073
2024-06-14 23:38:14,14008.0,31.109331041917795
2024-06-14 23:38:15,14009.0,31.109834072401334
2024-06-14 23:38:16,14010.0,31.110003
2024-06-14 23:38:17,14011.0,31.108099517727272
2024-06-14 23:38:18,14012.0,31.102543413291535
2024-06-14 23:38:19,14013.0,31.093566200266455
2024-06-14 23:38:20,14014.0,31.081399392225702
2024-06-14 23:38:21,14015.0,31.066274502742946
2024-06-14 23:38:22,14016.0,31.04842304539185
2024-06-14 23:38:23,14017.0,31.02807653374608
2024-06-14 23:38:24,14018.0,31.005466481379308
2024-06-14 23:38:25,14019.0,30.980824401865203
2024-06-14 23:38:26,14020.0,30.954381808777427
2024-06-14 23:38:27,14021.0,30.926370215689655
2024-06-14 23:38:28,14022.0,30.897021136175546
2024-06-14 23:38:29,14023.0,30.866566083808774
2024-06-14 23:38:30,14024.0,30.835236572163005
2024-06-14 23:38:31,14025.0,30.80326411481191
2024-06-14 23:38:32,14026.0,30.77088022532915
2024-06-14 23:38:33,14027.0,30.7383164172884
2024-06-14 23:38:34,14028.0,30.70580420426332
2024-06-14 23:38:35,14029.0,30.673575099827584
2024-06-14 23:38:36,14030.0,30.64186061755486
2024-06-14 23:38:37,14031.0,30.610892271018805
2024-06-14 23:38:38,14032.0,30.580901573793103
2024-06-14 23:38:39,14033.0,30.55212003945141
2024-06-14 23:38:40,14034.0,30.524779181567396
2024-06-14 23:38:41,14035.0,30.49911051371473
2024-06-14 23:38:42,14036.0,30.475345549467086
2024-06-14 23:38:43,14037.0,30.45371580239812
2024-06-14 23:38:44,14038.0,30.434452786081504
2024-06-14 23:38:45,14039.0,30.417788014090906
2024-06-14 23:38:46,14040.0,30.403952999999998
2024-06-14 23:38:47,14041.0,30.391601274797974
2024-06-14 23:38:48,14042.0,30.379251525029606
2024-06-14 23:38:49,14043.0,30.366932997601875
2024-06-14 23:38:50,14044.0,30.354674939421802
2024-06-14 23:38:51,14045.0,30.342506597396373
2024-06-14 23:38:52,14046.0,30.3304572184326
2024-06-14 23:38:53,14047.0,30.318556049437476
2024-06-14 23:38:54,14048.0,30.306832337318003
2024-06-14 23:38:55,14049.0,30.29531532898119
2024-06-14 23:38:56,14050.0,30.28403427133403
2024-06-14 23:38:57,14051.0,30.273018411283523
2024-06-14 23:38:58,14052.0,30.262296995736676
2024-06-14 23:38:59,14053.0,30.251899271600486
2024-06-14 23:39:00,14054.0,30.241854485781957
2024-06-14 23:39:01,14055.0,30.232191885188087
2024-06-14 23:39:02,14056.0,30.222940716725876
2024-06-14 23:39:03,14057.0,30.214130227302334
2024-06-14 23:39:04,14058.0,30.205789663824447
2024-06-14 23:39:05,14059.0,30.197948273199234
2024-06-14 23:39:06,14060.0,30.190635302333682
2024-06-14 23:39:07,14061.0,30.183879998134795
2024-06-14 23:39:08,14062.0,30.177711607509575
2024-06-14 23:39:09,14063.0,30.172159377365027
2024-06-14 23:39:10,14064.0,30.16725255460815
2024-06-14 23:39:11,14065.0,30.163020386145938
2024-06-14 23:39:12,14066.0,30.159492118885403
2024-06-14 23:39:13,14067.0,30.15669699973354
2024-06-14 23:39:14,14068.0,30.154664275597348
2024-06-14 23:39:15,14069.0,30.153423193383837
2024-06-14 23:39:16,14070.0,30.153003
2024-06-14 23:39:17,14071.0,30.154844285925925
2024-06-14 23:39:18,14072.0,30.160200754074072
2024-06-14 23:39:19,14073.0,30.16882132
2024-06-14 23:39:20,14074.0,30.180454899259257
2024-06-14 23:39:21,14075.0,30.194850407407404
2024-06-14 23:39:22,14076.0,30.211756759999997
2024-06-14 23:39:23,14077.0,30.23092287259259
2024-06-14 23:39:24,14078.0,30.25209766074074
2024-06-14 23:39:25,14079.0,30.275030039999997
2024-06-14 23:39:26,14080.0,30.299468925925925
2024-06-14 23:39:27,14081.0,30.325163234074072
2024-06-14 23:39:28,14082.0,30.351861879999998
2024-06-14 23:39:29,14083.0,30.379313779259256
2024-06-14 23:39:30,14084.0,30.407267847407407
2024-06-14 23:39:31,14085.0,30.435472999999995
2024-06-14 23:39:32,14086.0,30.46367815259259
2024-06-14 23:39:33,14087.0,30.491632220740737
2024-06-14 23:39:34,14088.0,30.519084119999995
2024-06-14 23:39:35,14089.0,30.545782765925924
2024-06-14 23:39:36,14090.0,30.57147707407407
2024-06-14 23:39:37,14091.0,30.595915959999996
2024-06-14 23:39:38,14092.0,30.61884833925926
2024-06-14 23:39:39,14093.0,30.640023127407407
2024-06-14 23:39:40,14094.0,30.659189239999996
2024-06-14 23:39:41,14095.0,30.67609559259259
2024-06-14 23:39:42,14096.0,30.690491100740736
2024-06-14 23:39:43,14097.0,30.70212468
2024-06-14 23:39:44,14098.0,30.710745245925924
2024-06-14 23:39:45,14099.0,30.71610171407407
2024-06-14 23:39:46,14100.0,30.717942999999998
2024-06-14 23:39:47,14101.0,30.717916120358336
2024-06-14 23:39:48,14102.0,30.717835700694273
2024-06-14 23:39:49,14103.0,30.717702069899183
2024-06-14 23:39:50,14104.0,30.71751555686445
2024-06-14 23:39:51,14105.0,30.717276490481442
2024-06-14 23:39:52,14106.0,30.71698519964155
2024-06-14 23:39:53,14107.0,30.71664201323614
2024-06-14 23:39:54,14108.0,30.7162472601566
2024-06-14 23:39:55,14109.0,30.7158012692943
2024-06-14 23:39:56,14110.0,30.715304369540622
2024-06-14 23:39:57,14111.0,30.714756889786944
2024-06-14 23:39:58,14112.0,30.714159158924648
2024-06-14 23:39:59,14113.0,30.713511505845105
2024-06-14 23:40:00,14114.0,30.7128142594397
2024-06-14 23:40:01,14115.0,30.712067748599804
2024-06-14 23:40:02,14116.0,30.7112723022168
2024-06-14 23:40:03,14117.0,30.710428249182062
2024-06-14 23:40:04,14118.0,30.709535918386972
2024-06-14 23:40:05,14119.0,30.708595638722908
2024-06-14 23:40:06,14120.0,30.70760773908125
2024-06-14 23:40:07,14121.0,30.706572548353368
2024-06-14 23:40:08,14122.0,30.705490395430648
2024-06-14 23:40:09,14123.0,30.704361609204465
2024-06-14 23:40:10,14124.0,30.703186518566202
2024-06-14 23:40:11,14125.0,30.701965452407226
2024-06-14 23:40:12,14126.0,30.700698739618925
2024-06-14 23:40:13,14127.0,30.699386709092675
2024-06-14 23:40:14,14128.0,30.69802968971985
2024-06-14 23:40:15,14129.0,30.696628010391834
2024-06-14 23:40:16,14130.0,30.695182000000003
2024-06-14 23:40:17,14131.0,30.691602615385946
2024-06-14 23:40:18,14132.0,30.683994756502372
2024-06-14 23:40:19,14133.0,30.672649666907333
2024-06-14 23:40:20,14134.0,30.65785859015886
2024-06-14 23:40:21,14135.0,30.639912769815
2024-06-14 23:40:22,14136.0,30.6191034494338
2024-06-14 23:40:23,14137.0,30.595721872573314
2024-06-14 23:40:24,14138.0,30.570059282791576
2024-06-14 23:40:25,14139.0,30.542406923646634
2024-06-14 23:40:26,14140.0,30.513056038696533
2024-06-14 23:40:27,14141.0,30.482297871499316
2024-06-14 23:40:28,14142.0,30.450423665613027
2024-06-14 23:40:29,14143.0,30.417724664595713
2024-06-14 23:40:30,14144.0,30.38449211200542
2024-06-14 23:40:31,14145.0,30.351017251400194
2024-06-14 23:40:32,14146.0,30.317591326338075
2024-06-14 23:40:33,14147.0,30.284505580377115
2024-06-14 23:40:34,14148.0,30.252051257075347
2024-06-14 23:40:35,14149.0,30.220519599990823
2024-06-14 23:40:36,14150.0,30.190201852681593
2024-06-14 23:40:37,14151.0,30.161389258705697
2024-06-14 23:40:38,14152.0,30.134373061621172
2024-06-14 23:40:39,14153.0,30.109444504986072
2024-06-14 23:40:40,14154.0,30.086894832358443
2024-06-14 23:40:41,14155.0,30.067015287296325
2024-06-14 23:40:42,14156.0,30.050097113357765
2024-06-14 23:40:43,14157.0,30.036431554100805
2024-06-14 23:40:44,14158.0,30.026309853083497
2024-06-14 23:40:45,14159.0,30.020023253863876
2024-06-14 23:40:46,14160.0,30.01786299999999
2024-06-14 23:40:47,14161.0,30.018686060740734
2024-06-14 23:40:48,14162.0,30.02108041925925
2024-06-14 23:40:49,14163.0,30.024933839999992
2024-06-14 23:40:50,14164.0,30.0301340874074
2024-06-14 23:40:51,14165.0,30.036568925925916
2024-06-14 23:40:52,14166.0,30.04412611999999
2024-06-14 23:40:53,14167.0,30.052693434074065
2024-06-14 23:40:54,14168.0,30.062158632592585
2024-06-14 23:40:55,14169.0,30.072409479999994
2024-06-14 23:40:56,14170.0,30.083333740740738
2024-06-14 23:40:57,14171.0,30.094819179259254
2024-06-14 23:40:58,14172.0,30.106753559999998
2024-06-14 23:40:59,14173.0,30.119024647407404
2024-06-14 23:41:00,14174.0,30.131520205925924
2024-06-14 23:41:01,14175.0,30.144128
2024-06-14 23:41:02,14176.0,30.15673579407407
2024-06-14 23:41:03,14177.0,30.16923135259259
2024-06-14 23:41:04,14178.0,30.18150244
2024-06-14 23:41:05,14179.0,30.19343682074074
2024-06-14 23:41:06,14180.0,30.20492225925926
2024-06-14 23:41:07,14181.0,30.21584652
2024-06-14 23:41:08,14182.0,30.226097367407405
2024-06-14 23:41:09,14183.0,30.235562565925928
2024-06-14 23:41:10,14184.0,30.24412988
2024-06-14 23:41:11,14185.0,30.251687074074074
2024-06-14 23:41:12,14186.0,30.258121912592593
2024-06-14 23:41:13,14187.0,30.26332216
2024-06-14 23:41:14,14188.0,30.26717558074074
2024-06-14 23:41:15,14189.0,30.269569939259263
2024-06-14 23:41:16,14190.0,30.270393000000002
2024-06-14 23:41:17,14191.0,30.27001055851852
2024-06-14 23:41:18,14192.0,30.268898001481485
2024-06-14 23:41:19,14193.0,30.26710748
2024-06-14 23:41:20,14194.0,30.26469114518519
2024-06-14 23:41:21,14195.0,30.261701148148152
2024-06-14 23:41:22,14196.0,30.258189640000005
2024-06-14 23:41:23,14197.0,30.254208771851854
2024-06-14 23:41:24,14198.0,30.249810694814816
2024-06-14 23:41:25,14199.0,30.24504756
2024-06-14 23:41:26,14200.0,30.239971518518523
2024-06-14 23:41:27,14201.0,30.234634721481484
2024-06-14 23:41:28,14202.0,30.22908932
2024-06-14 23:41:29,14203.0,30.223387465185187
2024-06-14 23:41:30,14204.0,30.217581308148148
2024-06-14 23:41:31,14205.0,30.211723
2024-06-14 23:41:32,14206.0,30.205864691851854
2024-06-14 23:41:33,14207.0,30.200058534814815
2024-06-14 23:41:34,14208.0,30.194356680000002
2024-06-14 23:41:35,14209.0,30.188811278518518
2024-06-14 23:41:36,14210.0,30.183474481481483
2024-06-14 23:41:37,14211.0,30.17839844
2024-06-14 23:41:38,14212.0,30.173635305185186
2024-06-14 23:41:39,14213.0,30.16923722814815
2024-06-14 23:41:40,14214.0,30.165256359999997
2024-06-14 23:41:41,14215.0,30.161744851851854
2024-06-14 23:41:42,14216.0,30.158754854814816
2024-06-14 23:41:43,14217.0,30.156338520000002
2024-06-14 23:41:44,14218.0,30.15454799851852
2024-06-14 23:41:45,14219.0,30.15343544148148
2024-06-14 23:41:46,14220.0,30.153053
2024-06-14 23:41:47,14221.0,30.153227633737654
2024-06-14 23:41:48,14222.0,30.15374366669561
2024-06-14 23:41:49,14223.0,30.15458929649137
2024-06-14 23:41:50,14224.0,30.155752720742427
2024-06-14 23:41:51,14225.0,30.157222137066277
2024-06-14 23:41:52,14226.0,30.158985743080425
2024-06-14 23:41:53,14227.0,30.16103173640236
2024-06-14 23:41:54,14228.0,30.163348314649582
2024-06-14 23:41:55,14229.0,30.165923675439586
2024-06-14 23:41:56,14230.0,30.168746016389875
2024-06-14 23:41:57,14231.0,30.171803535117935
2024-06-14 23:41:58,14232.0,30.175084429241274
2024-06-14 23:41:59,14233.0,30.178576896377386
2024-06-14 23:42:00,14234.0,30.182269134143766
2024-06-14 23:42:01,14235.0,30.18614934015791
2024-06-14 23:42:02,14236.0,30.19020571203732
2024-06-14 23:42:03,14237.0,30.19442644739949
2024-06-14 23:42:04,14238.0,30.198799743861915
2024-06-14 23:42:05,14239.0,30.203313799042096
2024-06-14 23:42:06,14240.0,30.207956810557523
2024-06-14 23:42:07,14241.0,30.212716976025707
2024-06-14 23:42:08,14242.0,30.21758249306413
2024-06-14 23:42:09,14243.0,30.222541559290296
2024-06-14 23:42:10,14244.0,30.227582372321702
2024-06-14 23:42:11,14245.0,30.232693129775846
2024-06-14 23:42:12,14246.0,30.23786202927022
2024-06-14 23:42:13,14247.0,30.24307726842233
2024-06-14 23:42:14,14248.0,30.248327044849663
2024-06-14 23:42:15,14249.0,30.25359955616972
2024-06-14 23:42:16,14250.0,30.258883000000004
2024-06-14 23:42:17,14251.0,30.264851214200657
2024-06-14 23:42:18,14252.0,30.272115784779974
2024-06-14 23:42:19,14253.0,30.28057153157768
2024-06-14 23:42:20,14254.0,30.29011327443349
2024-06-14 23:42:21,14255.0,30.300635833187126
2024-06-14 23:42:22,14256.0,30.312034027678305
2024-06-14 23:42:23,14257.0,30.324202677746747
2024-06-14 23:42:24,14258.0,30.337036603232175
2024-06-14 23:42:25,14259.0,30.3504306239743
2024-06-14 23:42:26,14260.0,30.36427955981285
2024-06-14 23:42:27,14261.0,30.37847823058754
2024-06-14 23:42:28,14262.0,30.39292145613809
2024-06-14 23:42:29,14263.0,30.40750405630422
2024-06-14 23:42:30,14264.0,30.422120850925648
2024-06-14 23:42:31,14265.0,30.436666659842093
2024-06-14 23:42:32,14266.0,30.45103630289327
2024-06-14 23:42:33,14267.0,30.465124599918912
2024-06-14 23:42:34,14268.0,30.478826370758725
2024-06-14 23:42:35,14269.0,30.492036435252437
2024-06-14 23:42:36,14270.0,30.50464961323976
2024-06-14 23:42:37,14271.0,30.516560724560414
2024-06-14 23:42:38,14272.0,30.527664589054126
2024-06-14 23:42:39,14273.0,30.5378560265606
2024-06-14 23:42:40,14274.0,30.547029856919576
2024-06-14 23:42:41,14275.0,30.555080899970758
2024-06-14 23:42:42,14276.0,30.56190397555387
2024-06-14 23:42:43,14277.0,30.56739390350863
2024-06-14 23:42:44,14278.0,30.571445503674756
2024-06-14 23:42:45,14279.0,30.573953595891975
2024-06-14 23:42:46,14280.0,30.574813
2024-06-14 23:42:47,14281.0,30.574070815736597
2024-06-14 23:42:48,14282.0,30.571902323611077
2024-06-14 23:42:49,14283.0,30.568394614620466
2024-06-14 23:42:50,14284.0,30.56363477976179
2024-06-14 23:42:51,14285.0,30.55770991003207
2024-06-14 23:42:52,14286.0,30.550707096428336
2024-06-14 23:42:53,14287.0,30.542713429947607
2024-06-14 23:42:54,14288.0,30.53381600158692
2024-06-14 23:42:55,14289.0,30.524101902343286
2024-06-14 23:42:56,14290.0,30.51365822321374
2024-06-14 23:42:57,14291.0,30.50257205519531
2024-06-14 23:42:58,14292.0,30.49093048928501
2024-06-14 23:42:59,14293.0,30.478820616479872
2024-06-14 23:43:00,14294.0,30.466329527776924
2024-06-14 23:43:01,14295.0,30.453544314173186
2024-06-14 23:43:02,14296.0,30.44055206666569
2024-06-14 23:43:03,14297.0,30.427439876251455
2024-06-14 23:43:04,14298.0,30.41429483392751
2024-06-14 23:43:05,14299.0,30.40120403069088
2024-06-14 23:43:06,14300.0,30.38825455753859
2024-06-14 23:43:07,14301.0,30.37553350546767
2024-06-14 23:43:08,14302.0,30.363127965475137
2024-06-14 23:43:09,14303.0,30.35112502855802
2024-06-14 23:43:10,14304.0,30.33961178571334
2024-06-14 23:43:11,14305.0,30.328675327938136
2024-06-14 23:43:12,14306.0,30.31840274622942
2024-06-14 23:43:13,14307.0,30.308881131584222
2024-06-14 23:43:14,14308.0,30.30019757499957
2024-06-14 23:43:15,14309.0,30.292439167472484
2024-06-14 23:43:16,14310.0,30.285692999999995
2024-06-14 23:43:17,14311.0,30.279441131786765
2024-06-14 23:43:18,14312.0,30.273120685741162
2024-06-14 23:43:19,14313.0,30.266751348415767
2024-06-14 23:43:20,14314.0,30.260352806363162
2024-06-14 23:43:21,14315.0,30.253944746135932
2024-06-14 23:43:22,14316.0,30.24754685428665
2024-06-14 23:43:23,14317.0,30.241178817367903
2024-06-14 23:43:24,14318.0,30.234860321932263
2024-06-14 23:43:25,14319.0,30.228611054532323
2024-06-14 23:43:26,14320.0,30.222450701720657
2024-06-14 23:43:27,14321.0,30.21639895004985
2024-06-14 23:43:28,14322.0,30.210475486072482
2024-06-14 23:43:29,14323.0,30.20469999634113
2024-06-14 23:43:30,14324.0,30.199092167408377
2024-06-14 23:43:31,14325.0,30.193671685826807
2024-06-14 23:43:32,14326.0,30.188458238148996
2024-06-14 23:43:33,14327.0,30.183471510927532
2024-06-14 23:43:34,14328.0,30.17873119071499
2024-06-14 23:43:35,14329.0,30.17425696406395
2024-06-14 23:43:36,14330.0,30.170068517526996
2024-06-14 23:43:37,14331.0,30.166185537656713
2024-06-14 23:43:38,14332.0,30.162627711005673
2024-06-14 23:43:39,14333.0,30.159414724126467
2024-06-14 23:43:40,14334.0,30.156566263571662
2024-06-14 23:43:41,14335.0,30.15410201589385
2024-06-14 23:43:42,14336.0,30.152041667645616
2024-06-14 23:43:43,14337.0,30.15040490537953
2024-06-14 23:43:44,14338.0,30.149211415648182
2024-06-14 23:43:45,14339.0,30.148480885004144
2024-06-14 23:43:46,14340.0,30.148233
2024-06-14 23:43:47,14341.0,30.148507544904636
2024-06-14 23:43:48,14342.0,30.149313227064642
2024-06-14 23:43:49,14343.0,30.150623117649168
2024-06-14 23:43:50,14344.0,30.152410287827387
2024-06-14 23:43:51,14345.0,30.154647808768438
2024-06-14 23:43:52,14346.0,30.15730875164149
2024-06-14 23:43:53,14347.0,30.160366187615697
2024-06-14 23:43:54,14348.0,30.16379318786021
2024-06-14 23:43:55,14349.0,30.167562823544184
2024-06-14 23:43:56,14350.0,30.171648165836785
2024-06-14 23:43:57,14351.0,30.176022285907163
2024-06-14 23:43:58,14352.0,30.180658254924474
2024-06-14 23:43:59,14353.0,30.185529144057874
2024-06-14 23:44:00,14354.0,30.190608024476525
2024-06-14 23:44:01,14355.0,30.195867967349574
2024-06-14 23:44:02,14356.0,30.201282043846184
2024-06-14 23:44:03,14357.0,30.206823325135513
2024-06-14 23:44:04,14358.0,30.21246488238671
2024-06-14 23:44:05,14359.0,30.21817978676894
2024-06-14 23:44:06,14360.0,30.22394110945135
2024-06-14 23:44:07,14361.0,30.2297219216031
2024-06-14 23:44:08,14362.0,30.235495294393345
2024-06-14 23:44:09,14363.0,30.24123429899125
2024-06-14 23:44:10,14364.0,30.246912006565964
2024-06-14 23:44:11,14365.0,30.252501488286644
2024-06-14 23:44:12,14366.0,30.257975815322443
2024-06-14 23:44:13,14367.0,30.263308058842522
2024-06-14 23:44:14,14368.0,30.268471290016038
2024-06-14 23:44:15,14369.0,30.273438580012144
2024-06-14 23:44:16,14370.0,30.278183
2024-06-14 23:44:17,14371.0,30.282755145103707
2024-06-14 23:44:18,14372.0,30.287232255258985
2024-06-14 23:44:19,14373.0,30.291627368852396
2024-06-14 23:44:20,14374.0,30.29595352427051
2024-06-14 23:44:21,14375.0,30.300223759899886
2024-06-14 23:44:22,14376.0,30.304451114127094
2024-06-14 23:44:23,14377.0,30.308648625338694
2024-06-14 23:44:24,14378.0,30.312829331921264
2024-06-14 23:44:25,14379.0,30.31700627226136
2024-06-14 23:44:26,14380.0,30.321192484745552
2024-06-14 23:44:27,14381.0,30.3254010077604
2024-06-14 23:44:28,14382.0,30.329644879692466
2024-06-14 23:44:29,14383.0,30.333937138928334
2024-06-14 23:44:30,14384.0,30.338290823854553
2024-06-14 23:44:31,14385.0,30.342718972857693
2024-06-14 23:44:32,14386.0,30.347234624324322
2024-06-14 23:44:33,14387.0,30.351850816640997
2024-06-14 23:44:34,14388.0,30.356580588194298
2024-06-14 23:44:35,14389.0,30.361436977370783
2024-06-14 23:44:36,14390.0,30.366433022557015
2024-06-14 23:44:37,14391.0,30.37158176213956
2024-06-14 23:44:38,14392.0,30.376896234504986
2024-06-14 23:44:39,14393.0,30.382389478039862
2024-06-14 23:44:40,14394.0,30.38807453113075
2024-06-14 23:44:41,14395.0,30.393964432164214
2024-06-14 23:44:42,14396.0,30.400072219526823
2024-06-14 23:44:43,14397.0,30.40641093160514
2024-06-14 23:44:44,14398.0,30.412993606785733
2024-06-14 23:44:45,14399.0,30.419833283455166
2024-06-14 23:44:46,14400.0,30.426943
2024-06-14 23:44:47,14401.0,30.435034094603168
2024-06-14 23:44:48,14402.0,30.444721683186668
2024-06-14 23:44:49,14403.0,30.455874470745695
2024-06-14 23:44:50,14404.0,30.468361162275425
2024-06-14 23:44:51,14405.0,30.482050462771053
2024-06-14 23:44:52,14406.0,30.496811077227758
2024-06-14 23:44:53,14407.0,30.512511710640737
2024-06-14 23:44:54,14408.0,30.529021068005175
2024-06-14 23:44:55,14409.0,30.546207854316254
2024-06-14 23:44:56,14410.0,30.563940774569165
2024-06-14 23:44:57,14411.0,30.582088533759094
2024-06-14 23:44:58,14412.0,30.600519836881226
2024-06-14 23:44:59,14413.0,30.619103388930753
2024-06-14 23:45:00,14414.0,30.637707894902864
2024-06-14 23:45:01,14415.0,30.656202059792733
2024-06-14 23:45:02,14416.0,30.67445458859556
2024-06-14 23:45:03,14417.0,30.692334186306525
2024-06-14 23:45:04,14418.0,30.709709557920814
2024-06-14 23:45:05,14419.0,30.726449408433623
2024-06-14 23:45:06,14420.0,30.742422442840134
2024-06-14 23:45:07,14421.0,30.757497366135535
2024-06-14 23:45:08,14422.0,30.77154288331501
2024-06-14 23:45:09,14423.0,30.784427699373747
2024-06-14 23:45:10,14424.0,30.796020519306936
2024-06-14 23:45:11,14425.0,30.806190048109762
2024-06-14 23:45:12,14426.0,30.81480499077741
2024-06-14 23:45:13,14427.0,30.821734052305075
2024-06-14 23:45:14,14428.0,30.82684593768793
2024-06-14 23:45:15,14429.0,30.830009351921174
2024-06-14 23:45:16,14430.0,30.831092999999996
2024-06-14 23:45:17,14431.0,30.828351278518515
2024-06-14 23:45:18,14432.0,30.820375361481474
2024-06-14 23:45:19,14433.0,30.807539119999998
2024-06-14 23:45:20,14434.0,30.790216425185182
2024-06-14 23:45:21,14435.0,30.768781148148143
2024-06-14 23:45:22,14436.0,30.743607159999993
2024-06-14 23:45:23,14437.0,30.71506833185185
2024-06-14 23:45:24,14438.0,30.683538534814808
2024-06-14 23:45:25,14439.0,30.649391639999997
2024-06-14 23:45:26,14440.0,30.613001518518516
2024-06-14 23:45:27,14441.0,30.57474204148148
2024-06-14 23:45:28,14442.0,30.534987079999997
2024-06-14 23:45:29,14443.0,30.49411050518518
2024-06-14 23:45:30,14444.0,30.452486188148143
2024-06-14 23:45:31,14445.0,30.410487999999997
2024-06-14 23:45:32,14446.0,30.36848981185185
2024-06-14 23:45:33,14447.0,30.32686549481481
2024-06-14 23:45:34,14448.0,30.285988919999994
2024-06-14 23:45:35,14449.0,30.246233958518513
2024-06-14 23:45:36,14450.0,30.20797448148148
2024-06-14 23:45:37,14451.0,30.171584359999997
2024-06-14 23:45:38,14452.0,30.137437465185183
2024-06-14 23:45:39,14453.0,30.10590766814814
2024-06-14 23:45:40,14454.0,30.07736884
2024-06-14 23:45:41,14455.0,30.052194851851844
2024-06-14 23:45:42,14456.0,30.03075957481481
2024-06-14 23:45:43,14457.0,30.013436879999993
2024-06-14 23:45:44,14458.0,30.000600638518513
2024-06-14 23:45:45,14459.0,29.992624721481477
2024-06-14 23:45:46,14460.0,29.989882999999995
2024-06-14 23:45:47,14461.0,29.99182320444444
2024-06-14 23:45:48,14462.0,29.997467435555553
2024-06-14 23:45:49,14463.0,30.006551119999997
2024-06-14 23:45:50,14464.0,30.018809684444438
2024-06-14 23:45:51,14465.0,30.033978555555553
2024-06-14 23:45:52,14466.0,30.051793159999995
2024-06-14 23:45:53,14467.0,30.07198892444444
2024-06-14 23:45:54,14468.0,30.09430127555555
2024-06-14 23:45:55,14469.0,30.118465639999993
2024-06-14 23:45:56,14470.0,30.144217444444443
2024-06-14 23:45:57,14471.0,30.171292115555552
2024-06-14 23:45:58,14472.0,30.199425079999997
2024-06-14 23:45:59,14473.0,30.22835176444444
2024-06-14 23:46:00,14474.0,30.25780759555555
2024-06-14 23:46:01,14475.0,30.287527999999995
2024-06-14 23:46:02,14476.0,30.31724840444444
2024-06-14 23:46:03,14477.0,30.34670423555555
2024-06-14 23:46:04,14478.0,30.375630919999995
2024-06-14 23:46:05,14479.0,30.40376388444444
2024-06-14 23:46:06,14480.0,30.430838555555553
2024-06-14 23:46:07,14481.0,30.456590359999996
2024-06-14 23:46:08,14482.0,30.48075472444444
2024-06-14 23:46:09,14483.0,30.503067075555553
2024-06-14 23:46:10,14484.0,30.523262839999997
2024-06-14 23:46:11,14485.0,30.541077444444444
2024-06-14 23:46:12,14486.0,30.556246315555555
2024-06-14 23:46:13,14487.0,30.568504879999995
2024-06-14 23:46:14,14488.0,30.57758856444444
2024-06-14 23:46:15,14489.0,30.583232795555553
2024-06-14 23:46:16,14490.0,30.585172999999998
2024-06-14 23:46:17,14491.0,30.58382860337014
2024-06-14 23:46:18,14492.0,30.57991360219529
2024-06-14 23:46:19,14493.0,30.57360527954751
2024-06-14 23:46:20,14494.0,30.565080918498875
2024-06-14 23:46:21,14495.0,30.554517802121442
2024-06-14 23:46:22,14496.0,30.54209321348729
2024-06-14 23:46:23,14497.0,30.52798443566849
2024-06-14 23:46:24,14498.0,30.5123687517371
2024-06-14 23:46:25,14499.0,30.495423444765194
2024-06-14 23:46:26,14500.0,30.477325797824847
2024-06-14 23:46:27,14501.0,30.458253093988116
2024-06-14 23:46:28,14502.0,30.438382616327075
2024-06-14 23:46:29,14503.0,30.417891647913798
2024-06-14 23:46:30,14504.0,30.396957471820343
2024-06-14 23:46:31,14505.0,30.37575737111879
2024-06-14 23:46:32,14506.0,30.3544686288812
2024-06-14 23:46:33,14507.0,30.333268528179648
2024-06-14 23:46:34,14508.0,30.312334352086197
2024-06-14 23:46:35,14509.0,30.291843383672916
2024-06-14 23:46:36,14510.0,30.27197290601188
2024-06-14 23:46:37,14511.0,30.252900202175148
2024-06-14 23:46:38,14512.0,30.2348025552348
2024-06-14 23:46:39,14513.0,30.217857248262895
2024-06-14 23:46:40,14514.0,30.20224156433151
2024-06-14 23:46:41,14515.0,30.188132786512703
2024-06-14 23:46:42,14516.0,30.17570819787855
2024-06-14 23:46:43,14517.0,30.16514508150112
2024-06-14 23:46:44,14518.0,30.156620720452484
2024-06-14 23:46:45,14519.0,30.150312397804704
2024-06-14 23:46:46,14520.0,30.14639739662985
2024-06-14 23:46:47,14521.0,30.145052999999997
2024-06-14 23:46:48,14522.0,30.1455374745582
2024-06-14 23:46:49,14523.0,30.14694530062733
2024-06-14 23:46:50,14524.0,30.149208081799166
2024-06-14 23:46:51,14525.0,30.152257421665503
2024-06-14 23:46:52,14526.0,30.156024923818112
2024-06-14 23:46:53,14527.0,30.160442191848784
2024-06-14 23:46:54,14528.0,30.165440829349293
2024-06-14 23:46:55,14529.0,30.170952439911435
2024-06-14 23:46:56,14530.0,30.17690862712698
2024-06-14 23:46:57,14531.0,30.18324099458772
2024-06-14 23:46:58,14532.0,30.189881145885437
2024-06-14 23:46:59,14533.0,30.196760684611913
2024-06-14 23:47:00,14534.0,30.203811214358932
2024-06-14 23:47:01,14535.0,30.210964338718274
2024-06-14 23:47:02,14536.0,30.218151661281723
2024-06-14 23:47:03,14537.0,30.225304785641065
2024-06-14 23:47:04,14538.0,30.232355315388084
2024-06-14 23:47:05,14539.0,30.23923485411456
2024-06-14 23:47:06,14540.0,30.245875005412273
2024-06-14 23:47:07,14541.0,30.252207372873016
2024-06-14 23:47:08,14542.0,30.258163560088562
2024-06-14 23:47:09,14543.0,30.2636751706507
2024-06-14 23:47:10,14544.0,30.268673808151213
2024-06-14 23:47:11,14545.0,30.273091076181885
2024-06-14 23:47:12,14546.0,30.276858578334494
2024-06-14 23:47:13,14547.0,30.279907918200827
2024-06-14 23:47:14,14548.0,30.282170699372667
2024-06-14 23:47:15,14549.0,30.283578525441797
2024-06-14 23:47:16,14550.0,30.284063
2024-06-14 23:47:17,14551.0,30.28406133777778
2024-06-14 23:47:18,14552.0,30.28405650222222
2024-06-14 23:47:19,14553.0,30.284048719999998
2024-06-14 23:47:20,14554.0,30.284038217777777
2024-06-14 23:47:21,14555.0,30.284025222222223
2024-06-14 23:47:22,14556.0,30.28400996
2024-06-14 23:47:23,14557.0,30.283992657777777
2024-06-14 23:47:24,14558.0,30.283973542222224
2024-06-14 23:47:25,14559.0,30.28395284
2024-06-14 23:47:26,14560.0,30.283930777777776
2024-06-14 23:47:27,14561.0,30.283907582222223
2024-06-14 23:47:28,14562.0,30.28388348
2024-06-14 23:47:29,14563.0,30.283858697777777
2024-06-14 23:47:30,14564.0,30.283833462222223
2024-06-14 23:47:31,14565.0,30.283808
2024-06-14 23:47:32,14566.0,30.28378253777778
2024-06-14 23:47:33,14567.0,30.28375730222222
2024-06-14 23:47:34,14568.0,30.28373252
2024-06-14 23:47:35,14569.0,30.283708417777778
2024-06-14 23:47:36,14570.0,30.28368522222222
2024-06-14 23:47:37,14571.0,30.283663160000003
2024-06-14 23:47:38,14572.0,30.283642457777777
2024-06-14 23:47:39,14573.0,30.283623342222224
2024-06-14 23:47:40,14574.0,30.283606040000002
2024-06-14 23:47:41,14575.0,30.28359077777778
2024-06-14 23:47:42,14576.0,30.283577782222224
2024-06-14 23:47:43,14577.0,30.283567280000003
2024-06-14 23:47:44,14578.0,30.283559497777777
2024-06-14 23:47:45,14579.0,30.283554662222222
2024-06-14 23:47:46,14580.0,30.283553
2024-06-14 23:47:47,14581.0,30.284934567407408
2024-06-14 23:47:48,14582.0,30.288953672592594
2024-06-14 23:47:49,14583.0,30.29542192
2024-06-14 23:47:50,14584.0,30.304150914074075
2024-06-14 23:47:51,14585.0,30.31495225925926
2024-06-14 23:47:52,14586.0,30.327637560000003
2024-06-14 23:47:53,14587.0,30.342018420740743
2024-06-14 23:47:54,14588.0,30.357906445925927
2024-06-14 23:47:55,14589.0,30.37511324
2024-06-14 23:47:56,14590.0,30.393450407407407
2024-06-14 23:47:57,14591.0,30.412729552592594
2024-06-14 23:47:58,14592.0,30.43276228
2024-06-14 23:47:59,14593.0,30.453360194074076
2024-06-14 23:48:00,14594.0,30.47433489925926
2024-06-14 23:48:01,14595.0,30.495498
2024-06-14 23:48:02,14596.0,30.51666110074074
2024-06-14 23:48:03,14597.0,30.537635805925927
2024-06-14 23:48:04,14598.0,30.55823372
2024-06-14 23:48:05,14599.0,30.578266447407408
2024-06-14 23:48:06,14600.0,30.597545592592592
2024-06-14 23:48:07,14601.0,30.61588276
2024-06-14 23:48:08,14602.0,30.633089554074076
2024-06-14 23:48:09,14603.0,30.648977579259263
2024-06-14 23:48:10,14604.0,30.663358440000003
2024-06-14 23:48:11,14605.0,30.67604374074074
2024-06-14 23:48:12,14606.0,30.686845085925928
2024-06-14 23:48:13,14607.0,30.69557408
2024-06-14 23:48:14,14608.0,30.70204232740741
2024-06-14 23:48:15,14609.0,30.706061432592595
2024-06-14 23:48:16,14610.0,30.707443
2024-06-14 23:48:17,14611.0,30.70607772888889
2024-06-14 23:48:18,14612.0,30.702106031111114
2024-06-14 23:48:19,14613.0,30.695714080000002
2024-06-14 23:48:20,14614.0,30.687088048888892
2024-06-14 23:48:21,14615.0,30.676414111111114
2024-06-14 23:48:22,14616.0,30.66387844
2024-06-14 23:48:23,14617.0,30.64966720888889
2024-06-14 23:48:24,14618.0,30.63396659111111
2024-06-14 23:48:25,14619.0,30.61696276
2024-06-14 23:48:26,14620.0,30.59884188888889
2024-06-14 23:48:27,14621.0,30.579790151111112
2024-06-14 23:48:28,14622.0,30.55999372
2024-06-14 23:48:29,14623.0,30.53963876888889
2024-06-14 23:48:30,14624.0,30.51891147111111
2024-06-14 23:48:31,14625.0,30.497998
2024-06-14 23:48:32,14626.0,30.477084528888888
2024-06-14 23:48:33,14627.0,30.45635723111111
2024-06-14 23:48:34,14628.0,30.43600228
2024-06-14 23:48:35,14629.0,30.416205848888886
2024-06-14 23:48:36,14630.0,30.39715411111111
2024-06-14 23:48:37,14631.0,30.37903324
2024-06-14 23:48:38,14632.0,30.362029408888887
2024-06-14 23:48:39,14633.0,30.34632879111111
2024-06-14 23:48:40,14634.0,30.332117559999997
2024-06-14 23:48:41,14635.0,30.319581888888887
2024-06-14 23:48:42,14636.0,30.30890795111111
2024-06-14 23:48:43,14637.0,30.300281919999996
2024-06-14 23:48:44,14638.0,30.293889968888887
2024-06-14 23:48:45,14639.0,30.28991827111111
2024-06-14 23:48:46,14640.0,30.288552999999997
2024-06-14 23:48:47,14641.0,30.28899531407407
2024-06-14 23:48:48,14642.0,30.290282045925924
2024-06-14 23:48:49,14643.0,30.292352879999996
2024-06-14 23:48:50,14644.0,30.29514750074074
2024-06-14 23:48:51,14645.0,30.29860559259259
2024-06-14 23:48:52,14646.0,30.302666839999997
2024-06-14 23:48:53,14647.0,30.307270927407405
2024-06-14 23:48:54,14648.0,30.312357539259256
2024-06-14 23:48:55,14649.0,30.317866359999996
2024-06-14 23:48:56,14650.0,30.32373707407407
2024-06-14 23:48:57,14651.0,30.32990936592592
2024-06-14 23:48:58,14652.0,30.336322919999994
2024-06-14 23:48:59,14653.0,30.342917420740736
2024-06-14 23:49:00,14654.0,30.349632552592592
2024-06-14 23:49:01,14655.0,30.356407999999995
2024-06-14 23:49:02,14656.0,30.363183447407405
2024-06-14 23:49:03,14657.0,30.369898579259257
2024-06-14 23:49:04,14658.0,30.376493079999996
2024-06-14 23:49:05,14659.0,30.382906634074068
2024-06-14 23:49:06,14660.0,30.389078925925922
2024-06-14 23:49:07,14661.0,30.394949639999997
2024-06-14 23:49:08,14662.0,30.40045846074074
2024-06-14 23:49:09,14663.0,30.405545072592588
2024-06-14 23:49:10,14664.0,30.410149159999996
2024-06-14 23:49:11,14665.0,30.414210407407403
2024-06-14 23:49:12,14666.0,30.417668499259253
2024-06-14 23:49:13,14667.0,30.420463119999994
2024-06-14 23:49:14,14668.0,30.422533954074073
2024-06-14 23:49:15,14669.0,30.42382068592592
2024-06-14 23:49:16,14670.0,30.424262999999996
2024-06-14 23:49:17,14671.0,30.42380067407407
2024-06-14 23:49:18,14672.0,30.42245572592592
2024-06-14 23:49:19,14673.0,30.420291199999998
2024-06-14 23:49:20,14674.0,30.41737014074074
2024-06-14 23:49:21,14675.0,30.41375559259259
2024-06-14 23:49:22,14676.0,30.409510599999994
2024-06-14 23:49:23,14677.0,30.404698207407403
2024-06-14 23:49:24,14678.0,30.399381459259256
2024-06-14 23:49:25,14679.0,30.393623399999996
2024-06-14 23:49:26,14680.0,30.38748707407407
2024-06-14 23:49:27,14681.0,30.381035525925924
2024-06-14 23:49:28,14682.0,30.374331799999997
2024-06-14 23:49:29,14683.0,30.36743894074074
2024-06-14 23:49:30,14684.0,30.36041999259259
2024-06-14 23:49:31,14685.0,30.353337999999997
2024-06-14 23:49:32,14686.0,30.346256007407405
2024-06-14 23:49:33,14687.0,30.339237059259254
2024-06-14 23:49:34,14688.0,30.332344199999998
2024-06-14 23:49:35,14689.0,30.325640474074074
2024-06-14 23:49:36,14690.0,30.319188925925925
2024-06-14 23:49:37,14691.0,30.3130526
2024-06-14 23:49:38,14692.0,30.307294540740738
2024-06-14 23:49:39,14693.0,30.301977792592588
2024-06-14 23:49:40,14694.0,30.297165399999997
2024-06-14 23:49:41,14695.0,30.292920407407408
2024-06-14 23:49:42,14696.0,30.289305859259255
2024-06-14 23:49:43,14697.0,30.286384799999997
2024-06-14 23:49:44,14698.0,30.28422027407407
2024-06-14 23:49:45,14699.0,30.282875325925925
2024-06-14 23:49:46,14700.0,30.282413
2024-06-14 23:49:47,14701.0,30.28418144148148
2024-06-14 23:49:48,14702.0,30.289325998518514
2024-06-14 23:49:49,14703.0,30.297605519999998
2024-06-14 23:49:50,14704.0,30.308778854814815
2024-06-14 23:49:51,14705.0,30.32260485185185
2024-06-14 23:49:52,14706.0,30.338842359999997
2024-06-14 23:49:53,14707.0,30.357250228148146
2024-06-14 23:49:54,14708.0,30.377587305185184
2024-06-14 23:49:55,14709.0,30.39961244
2024-06-14 23:49:56,14710.0,30.42308448148148
2024-06-14 23:49:57,14711.0,30.44776227851852
2024-06-14 23:49:58,14712.0,30.47340468
2024-06-14 23:49:59,14713.0,30.499770534814818
2024-06-14 23:50:00,14714.0,30.52661869185185
2024-06-14 23:50:01,14715.0,30.553708000000004
2024-06-14 23:50:02,14716.0,30.580797308148153
2024-06-14 23:50:03,14717.0,30.60764546518519
2024-06-14 23:50:04,14718.0,30.634011320000003
2024-06-14 23:50:05,14719.0,30.659653721481487
2024-06-14 23:50:06,14720.0,30.684331518518523
2024-06-14 23:50:07,14721.0,30.707803560000002
2024-06-14 23:50:08,14722.0,30.72982869481482
2024-06-14 23:50:09,14723.0,30.750165771851854
2024-06-14 23:50:10,14724.0,30.768573640000007
2024-06-14 23:50:11,14725.0,30.784811148148155
2024-06-14 23:50:12,14726.0,30.79863714518519
2024-06-14 23:50:13,14727.0,30.809810480000007
2024-06-14 23:50:14,14728.0,30.818090001481487
2024-06-14 23:50:15,14729.0,30.823234558518525
2024-06-14 23:50:16,14730.0,30.825003000000006
2024-06-14 23:50:17,14731.0,30.823183618751667
2024-06-14 23:50:18,14732.0,30.817877444834004
2024-06-14 23:50:19,14733.0,30.809312432988055
2024-06-14 23:50:20,14734.0,30.797716537954855
2024-06-14 23:50:21,14735.0,30.783317714475437
2024-06-14 23:50:22,14736.0,30.766343917290843
2024-06-14 23:50:23,14737.0,30.74702310114211
2024-06-14 23:50:24,14738.0,30.72558322077026
2024-06-14 23:50:25,14739.0,30.70225223091634
2024-06-14 23:50:26,14740.0,30.677258086321388
2024-06-14 23:50:27,14741.0,30.650828741726436
2024-06-14 23:50:28,14742.0,30.62319215187252
2024-06-14 23:50:29,14743.0,30.594576271500674
2024-06-14 23:50:30,14744.0,30.565209055351936
2024-06-14 23:50:31,14745.0,30.53531845816734
2024-06-14 23:50:32,14746.0,30.505132434687923
2024-06-14 23:50:33,14747.0,30.474878939654726
2024-06-14 23:50:34,14748.0,30.444785927808777
2024-06-14 23:50:35,14749.0,30.41508135389111
2024-06-14 23:50:36,14750.0,30.385993172642774
2024-06-14 23:50:37,14751.0,30.357749338804794
2024-06-14 23:50:38,14752.0,30.330577807118203
2024-06-14 23:50:39,14753.0,30.304706532324047
2024-06-14 23:50:40,14754.0,30.28036346916336
2024-06-14 23:50:41,14755.0,30.25777657237717
2024-06-14 23:50:42,14756.0,30.237173796706518
2024-06-14 23:50:43,14757.0,30.21878309689244
2024-06-14 23:50:44,14758.0,30.202832427675975
2024-06-14 23:50:45,14759.0,30.189549743798153
2024-06-14 23:50:46,14760.0,30.17916300000001
2024-06-14 23:50:47,14761.0,30.170335616201868
2024-06-14 23:50:48,14762.0,30.161589252324045
2024-06-14 23:50:49,14763.0,30.15293922310758
2024-06-14 23:50:50,14764.0,30.1444008432935
2024-06-14 23:50:51,14765.0,30.13598942762285
2024-06-14 23:50:52,14766.0,30.127720290836656
2024-06-14 23:50:53,14767.0,30.11960874767597
2024-06-14 23:50:54,14768.0,30.111670112881814
2024-06-14 23:50:55,14769.0,30.103919701195224
2024-06-14 23:50:56,14770.0,30.096372827357246
2024-06-14 23:50:57,14771.0,30.0890448061089
2024-06-14 23:50:58,14772.0,30.081950952191242
2024-06-14 23:50:59,14773.0,30.075106580345288
2024-06-14 23:51:00,14774.0,30.068527005312088
2024-06-14 23:51:01,14775.0,30.06222754183267
2024-06-14 23:51:02,14776.0,30.056223504648077
2024-06-14 23:51:03,14777.0,30.05053020849934
2024-06-14 23:51:04,14778.0,30.045162968127492
2024-06-14 23:51:05,14779.0,30.040137098273572
2024-06-14 23:51:06,14780.0,30.035467913678616
2024-06-14 23:51:07,14781.0,30.031170729083666
2024-06-14 23:51:08,14782.0,30.027260859229745
2024-06-14 23:51:09,14783.0,30.023753618857903
2024-06-14 23:51:10,14784.0,30.020664322709163
2024-06-14 23:51:11,14785.0,30.018008285524566
2024-06-14 23:51:12,14786.0,30.015800822045154
2024-06-14 23:51:13,14787.0,30.01405724701195
2024-06-14 23:51:14,14788.0,30.012792875166
2024-06-14 23:51:15,14789.0,30.012023021248336
2024-06-14 23:51:16,14790.0,30.011763
2024-06-14 23:51:17,14791.0,30.013137462222222
2024-06-14 23:51:18,14792.0,30.017135897777777
2024-06-14 23:51:19,14793.0,30.02357088
2024-06-14 23:51:20,14794.0,30.03225498222222
2024-06-14 23:51:21,14795.0,30.043000777777774
2024-06-14 23:51:22,14796.0,30.05562084
2024-06-14 23:51:23,14797.0,30.06992774222222
2024-06-14 23:51:24,14798.0,30.085734057777778
2024-06-14 23:51:25,14799.0,30.10285236
2024-06-14 23:51:26,14800.0,30.12109522222222
2024-06-14 23:51:27,14801.0,30.140275217777777
2024-06-14 23:51:28,14802.0,30.16020492
2024-06-14 23:51:29,14803.0,30.18069690222222
2024-06-14 23:51:30,14804.0,30.20156373777778
2024-06-14 23:51:31,14805.0,30.222618
2024-06-14 23:51:32,14806.0,30.243672262222223
2024-06-14 23:51:33,14807.0,30.264539097777778
2024-06-14 23:51:34,14808.0,30.28503108
2024-06-14 23:51:35,14809.0,30.304960782222224
2024-06-14 23:51:36,14810.0,30.324140777777778
2024-06-14 23:51:37,14811.0,30.34238364
2024-06-14 23:51:38,14812.0,30.359501942222224
2024-06-14 23:51:39,14813.0,30.37530825777778
2024-06-14 23:51:40,14814.0,30.38961516
2024-06-14 23:51:41,14815.0,30.402235222222224
2024-06-14 23:51:42,14816.0,30.41298101777778
2024-06-14 23:51:43,14817.0,30.42166512
2024-06-14 23:51:44,14818.0,30.428100102222224
2024-06-14 23:51:45,14819.0,30.432098537777783
2024-06-14 23:51:46,14820.0,30.433473000000003
2024-06-14 23:51:47,14821.0,30.433460517037037
2024-06-14 23:51:48,14822.0,30.433424202962964
2024-06-14 23:51:49,14823.0,30.433365760000004
2024-06-14 23:51:50,14824.0,30.433286890370372
2024-06-14 23:51:51,14825.0,30.433189296296298
2024-06-14 23:51:52,14826.0,30.433074680000004
2024-06-14 23:51:53,14827.0,30.432944743703708
2024-06-14 23:51:54,14828.0,30.43280118962963
2024-06-14 23:51:55,14829.0,30.43264572
2024-06-14 23:51:56,14830.0,30.43248003703704
2024-06-14 23:51:57,14831.0,30.432305842962965
2024-06-14 23:51:58,14832.0,30.43212484
2024-06-14 23:51:59,14833.0,30.43193873037037
2024-06-14 23:52:00,14834.0,30.431749216296296
2024-06-14 23:52:01,14835.0,30.431558
2024-06-14 23:52:02,14836.0,30.4313667837037
2024-06-14 23:52:03,14837.0,30.431177269629625
2024-06-14 23:52:04,14838.0,30.430991159999998
2024-06-14 23:52:05,14839.0,30.430810157037037
2024-06-14 23:52:06,14840.0,30.43063596296296
2024-06-14 23:52:07,14841.0,30.430470279999998
2024-06-14 23:52:08,14842.0,30.430314810370366
2024-06-14 23:52:09,14843.0,30.43017125629629
2024-06-14 23:52:10,14844.0,30.430041319999994
2024-06-14 23:52:11,14845.0,30.4299267037037
2024-06-14 23:52:12,14846.0,30.429829109629623
2024-06-14 23:52:13,14847.0,30.429750239999994
2024-06-14 23:52:14,14848.0,30.429691797037034
2024-06-14 23:52:15,14849.0,30.429655482962957
2024-06-14 23:52:16,14850.0,30.429642999999995
2024-06-14 23:52:17,14851.0,30.43851649629629
2024-06-14 23:52:18,14852.0,30.464330303703697
2024-06-14 23:52:19,14853.0,30.505874399999996
2024-06-14 23:52:20,14854.0,30.561938762962956
2024-06-14 23:52:21,14855.0,30.631313370370364
2024-06-14 23:52:22,14856.0,30.712788199999995
2024-06-14 23:52:23,14857.0,30.805153229629624
2024-06-14 23:52:24,14858.0,30.90719843703703
2024-06-14 23:52:25,14859.0,31.0177138
2024-06-14 23:52:26,14860.0,31.135489296296292
2024-06-14 23:52:27,14861.0,31.2593149037037
2024-06-14 23:52:28,14862.0,31.387980599999995
2024-06-14 23:52:29,14863.0,31.520276362962964
2024-06-14 23:52:30,14864.0,31.65499217037037
2024-06-14 23:52:31,14865.0,31.790917999999998
2024-06-14 23:52:32,14866.0,31.926843829629632
2024-06-14 23:52:33,14867.0,32.06155963703704
2024-06-14 23:52:34,14868.0,32.193855400000004
2024-06-14 23:52:35,14869.0,32.3225210962963
2024-06-14 23:52:36,14870.0,32.44634670370371
2024-06-14 23:52:37,14871.0,32.56412220000001
2024-06-14 23:52:38,14872.0,32.674637562962964
2024-06-14 23:52:39,14873.0,32.77668277037037
2024-06-14 23:52:40,14874.0,32.8690478
2024-06-14 23:52:41,14875.0,32.95052262962963
2024-06-14 23:52:42,14876.0,33.01989723703704
2024-06-14 23:52:43,14877.0,33.0759616
2024-06-14 23:52:44,14878.0,33.1175056962963
2024-06-14 23:52:45,14879.0,33.14331950370371
2024-06-14 23:52:46,14880.0,33.152193000000004
2024-06-14 23:52:47,14881.0,33.15161557370365
2024-06-14 23:52:48,14882.0,33.149935040970405
2024-06-14 23:52:49,14883.0,33.147229021034
2024-06-14 23:52:50,14884.0,33.14357513312815
2024-06-14 23:52:51,14885.0,33.13905099648661
2024-06-14 23:52:52,14886.0,33.13373423034309
2024-06-14 23:52:53,14887.0,33.12770245393131
2024-06-14 23:52:54,14888.0,33.12103328648502
2024-06-14 23:52:55,14889.0,33.113804347237945
2024-06-14 23:52:56,14890.0,33.10609325542381
2024-06-14 23:52:57,14891.0,33.09797763027633
2024-06-14 23:52:58,14892.0,33.08953509102925
2024-06-14 23:52:59,14893.0,33.080843256916296
2024-06-14 23:53:00,14894.0,33.07197974717119
2024-06-14 23:53:01,14895.0,33.06302218102767
2024-06-14 23:53:02,14896.0,33.05404817771945
2024-06-14 23:53:03,14897.0,33.04513535648028
2024-06-14 23:53:04,14898.0,33.03636133654387
2024-06-14 23:53:05,14899.0,33.027803737143955
2024-06-14 23:53:06,14900.0,33.01954017751427
2024-06-14 23:53:07,14901.0,33.011648276888536
2024-06-14 23:53:08,14902.0,33.00420565450048
2024-06-14 23:53:09,14903.0,32.997289929583836
2024-06-14 23:53:10,14904.0,32.99097872137233
2024-06-14 23:53:11,14905.0,32.98534964909969
2024-06-14 23:53:12,14906.0,32.980480331999644
2024-06-14 23:53:13,14907.0,32.97644838930592
2024-06-14 23:53:14,14908.0,32.97333144025226
2024-06-14 23:53:15,14909.0,32.97120710407237
2024-06-14 23:53:16,14910.0,32.970152999999996
2024-06-14 23:53:17,14911.0,32.969683584541066
2024-06-14 23:53:18,14912.0,32.96925938473759
2024-06-14 23:53:19,14913.0,32.968877125627415
2024-06-14 23:53:20,14914.0,32.96853353224839
2024-06-14 23:53:21,14915.0,32.968225329638344
2024-06-14 23:53:22,14916.0,32.967949242835125
2024-06-14 23:53:23,14917.0,32.96770199687659
2024-06-14 23:53:24,14918.0,32.967480316800575
2024-06-14 23:53:25,14919.0,32.96728092764491
2024-06-14 23:53:26,14920.0,32.967100554447455
2024-06-14 23:53:27,14921.0,32.96693592224604
2024-06-14 23:53:28,14922.0,32.96678375607853
2024-06-14 23:53:29,14923.0,32.966640780982736
2024-06-14 23:53:30,14924.0,32.966503721996524
2024-06-14 23:53:31,14925.0,32.96636930415774
2024-06-14 23:53:32,14926.0,32.96623425250422
2024-06-14 23:53:33,14927.0,32.9660952920738
2024-06-14 23:53:34,14928.0,32.96594914790435
2024-06-14 23:53:35,14929.0,32.96579254503368
2024-06-14 23:53:36,14930.0,32.96562220849964
2024-06-14 23:53:37,14931.0,32.9654348633401
2024-06-14 23:53:38,14932.0,32.965227234592874
2024-06-14 23:53:39,14933.0,32.96499604729582
2024-06-14 23:53:40,14934.0,32.96473802648678
2024-06-14 23:53:41,14935.0,32.96444989720359
2024-06-14 23:53:42,14936.0,32.9641283844841
2024-06-14 23:53:43,14937.0,32.96377021336615
2024-06-14 23:53:44,14938.0,32.96337210888759
2024-06-14 23:53:45,14939.0,32.96293079608626
2024-06-14 23:53:46,14940.0,32.962443
2024-06-14 23:53:47,14941.0,32.95622148440121
2024-06-14 23:53:48,14942.0,32.93904755674985
2024-06-14 23:53:49,14943.0,32.911620757615076
2024-06-14 23:53:50,14944.0,32.874640627566066
2024-06-14 23:53:51,14945.0,32.828806707172
2024-06-14 23:53:52,14946.0,32.77481853700205
2024-06-14 23:53:53,14947.0,32.713375657625356
2024-06-14 23:53:54,14948.0,32.645177609611125
2024-06-14 23:53:55,14949.0,32.57092393352851
2024-06-14 23:53:56,14950.0,32.49131416994669
2024-06-14 23:53:57,14951.0,32.407047859434826
2024-06-14 23:53:58,14952.0,32.31882454256211
2024-06-14 23:53:59,14953.0,32.227343759897686
2024-06-14 23:54:00,14954.0,32.13330505201074
2024-06-14 23:54:01,14955.0,32.03740795947044
2024-06-14 23:54:02,14956.0,31.940352022845968
2024-06-14 23:54:03,14957.0,31.842836782706478
2024-06-14 23:54:04,14958.0,31.74556177962116
2024-06-14 23:54:05,14959.0,31.64922655415916
2024-06-14 23:54:06,14960.0,31.554530646889667
2024-06-14 23:54:07,14961.0,31.462173598381845
2024-06-14 23:54:08,14962.0,31.37285494920487
2024-06-14 23:54:09,14963.0,31.28727423992791
2024-06-14 23:54:10,14964.0,31.206131011120135
2024-06-14 23:54:11,14965.0,31.13012480335072
2024-06-14 23:54:12,14966.0,31.059955157188835
2024-06-14 23:54:13,14967.0,30.996321613203648
2024-06-14 23:54:14,14968.0,30.939923711964333
2024-06-14 23:54:15,14969.0,30.891460994040067
2024-06-14 23:54:16,14970.0,30.851633000000003
2024-06-14 23:54:17,14971.0,30.81636649216131
2024-06-14 23:54:18,14972.0,30.781174328231
2024-06-14 23:54:19,14973.0,30.746135191863008
2024-06-14 23:54:20,14974.0,30.71132776671128
2024-06-14 23:54:21,14975.0,30.676830736429764
2024-06-14 23:54:22,14976.0,30.642722784672404
2024-06-14 23:54:23,14977.0,30.609082595093145
2024-06-14 23:54:24,14978.0,30.575988851345937
2024-06-14 23:54:25,14979.0,30.543520237084717
2024-06-14 23:54:26,14980.0,30.51175543596343
2024-06-14 23:54:27,14981.0,30.48077313163603
2024-06-14 23:54:28,14982.0,30.450652007756457
2024-06-14 23:54:29,14983.0,30.421470747978653
2024-06-14 23:54:30,14984.0,30.39330803595657
2024-06-14 23:54:31,14985.0,30.366242555344144
2024-06-14 23:54:32,14986.0,30.34035298979533
2024-06-14 23:54:33,14987.0,30.315718022964067
2024-06-14 23:54:34,14988.0,30.292416338504307
2024-06-14 23:54:35,14989.0,30.270526620069987
2024-06-14 23:54:36,14990.0,30.25012755131505
2024-06-14 23:54:37,14991.0,30.231297815893452
2024-06-14 23:54:38,14992.0,30.21411609745913
2024-06-14 23:54:39,14993.0,30.198661079666035
2024-06-14 23:54:40,14994.0,30.185011446168108
2024-06-14 23:54:41,14995.0,30.17324588061929
2024-06-14 23:54:42,14996.0,30.163443066673537
2024-06-14 23:54:43,14997.0,30.155681687984785
2024-06-14 23:54:44,14998.0,30.15004042820698
2024-06-14 23:54:45,14999.0,30.146597970994073
2024-06-14 23:54:46,15000.0,30.145433000000004
2024-06-14 23:54:47,15001.0,30.147251536296302
2024-06-14 23:54:48,15002.0,30.152541823703707
2024-06-14 23:54:49,15003.0,30.161055880000003
2024-06-14 23:54:50,15004.0,30.17254572296297
2024-06-14 23:54:51,15005.0,30.186763370370375
2024-06-14 23:54:52,15006.0,30.20346084
2024-06-14 23:54:53,15007.0,30.222390149629632
2024-06-14 23:54:54,15008.0,30.24330331703704
2024-06-14 23:54:55,15009.0,30.265952360000004
2024-06-14 23:54:56,15010.0,30.290089296296298
2024-06-14 23:54:57,15011.0,30.315466143703706
2024-06-14 23:54:58,15012.0,30.34183492
2024-06-14 23:54:59,15013.0,30.36894764296296
2024-06-14 23:55:00,15014.0,30.39655633037037
2024-06-14 23:55:01,15015.0,30.424413
2024-06-14 23:55:02,15016.0,30.452269669629633
2024-06-14 23:55:03,15017.0,30.479878357037038
2024-06-14 23:55:04,15018.0,30.50699108
2024-06-14 23:55:05,15019.0,30.533359856296297
2024-06-14 23:55:06,15020.0,30.558736703703705
2024-06-14 23:55:07,15021.0,30.58287364
2024-06-14 23:55:08,15022.0,30.60552268296296
2024-06-14 23:55:09,15023.0,30.62643585037037
2024-06-14 23:55:10,15024.0,30.64536516
2024-06-14 23:55:11,15025.0,30.662062629629627
2024-06-14 23:55:12,15026.0,30.676280277037037
2024-06-14 23:55:13,15027.0,30.68777012
2024-06-14 23:55:14,15028.0,30.696284176296295
2024-06-14 23:55:15,15029.0,30.701574463703704
2024-06-14 23:55:16,15030.0,30.703393
2024-06-14 23:55:17,15031.0,30.702972685925925
2024-06-14 23:55:18,15032.0,30.70174995407407
2024-06-14 23:55:19,15033.0,30.69978212
2024-06-14 23:55:20,15034.0,30.69712649925926
2024-06-14 23:55:21,15035.0,30.693840407407407
2024-06-14 23:55:22,15036.0,30.68998116
2024-06-14 23:55:23,15037.0,30.68560607259259
2024-06-14 23:55:24,15038.0,30.68077246074074
2024-06-14 23:55:25,15039.0,30.675537639999998
2024-06-14 23:55:26,15040.0,30.669958925925922
2024-06-14 23:55:27,15041.0,30.664093634074074
2024-06-14 23:55:28,15042.0,30.65799908
2024-06-14 23:55:29,15043.0,30.651732579259257
2024-06-14 23:55:30,15044.0,30.645351447407403
2024-06-14 23:55:31,15045.0,30.638913
2024-06-14 23:55:32,15046.0,30.63247455259259
2024-06-14 23:55:33,15047.0,30.62609342074074
2024-06-14 23:55:34,15048.0,30.61982692
2024-06-14 23:55:35,15049.0,30.613732365925923
2024-06-14 23:55:36,15050.0,30.607867074074072
2024-06-14 23:55:37,15051.0,30.60228836
2024-06-14 23:55:38,15052.0,30.59705353925926
2024-06-14 23:55:39,15053.0,30.592219927407406
2024-06-14 23:55:40,15054.0,30.58784484
2024-06-14 23:55:41,15055.0,30.583985592592594
2024-06-14 23:55:42,15056.0,30.58069950074074
2024-06-14 23:55:43,15057.0,30.57804388
2024-06-14 23:55:44,15058.0,30.576076045925927
2024-06-14 23:55:45,15059.0,30.574853314074076
2024-06-14 23:55:46,15060.0,30.574433
2024-06-14 23:55:47,15061.0,30.574433
2024-06-14 23:55:48,15062.0,30.574433
2024-06-14 23:55:49,15063.0,30.574433
2024-06-14 23:55:50,15064.0,30.574433
2024-06-14 23:55:51,15065.0,30.574433
2024-06-14 23:55:52,15066.0,30.574433
2024-06-14 23:55:53,15067.0,30.574433
2024-06-14 23:55:54,15068.0,30.574433
2024-06-14 23:55:55,15069.0,30.574433
2024-06-14 23:55:56,15070.0,30.574433
2024-06-14 23:55:57,15071.0,30.574433
2024-06-14 23:55:58,15072.0,30.574433
2024-06-14 23:55:59,15073.0,30.574433
2024-06-14 23:56:00,15074.0,30.574433
2024-06-14 23:56:01,15075.0,30.574433
2024-06-14 23:56:02,15076.0,30.574433
2024-06-14 23:56:03,15077.0,30.574433
2024-06-14 23:56:04,15078.0,30.574433
2024-06-14 23:56:05,15079.0,30.574433
2024-06-14 23:56:06,15080.0,30.574433
2024-06-14 23:56:07,15081.0,30.574433
2024-06-14 23:56:08,15082.0,30.574433
2024-06-14 23:56:09,15083.0,30.574433
2024-06-14 23:56:10,15084.0,30.574433
2024-06-14 23:56:11,15085.0,30.574433
2024-06-14 23:56:12,15086.0,30.574433
2024-06-14 23:56:13,15087.0,30.574433
2024-06-14 23:56:14,15088.0,30.574433
2024-06-14 23:56:15,15089.0,30.574433
2024-06-14 23:56:16,15090.0,30.574433
2024-06-14 23:56:17,15091.0,30.574412071287597
2024-06-14 23:56:18,15092.0,30.574349581831022
2024-06-14 23:56:19,15093.0,30.57424597665124
2024-06-14 23:56:20,15094.0,30.5741017007692
2024-06-14 23:56:21,15095.0,30.573917199205866
2024-06-14 23:56:22,15096.0,30.57369291698219
2024-06-14 23:56:23,15097.0,30.57342929911913
2024-06-14 23:56:24,15098.0,30.57312679063764
2024-06-14 23:56:25,15099.0,30.57278583655869
2024-06-14 23:56:26,15100.0,30.572406881903216
2024-06-14 23:56:27,15101.0,30.57199037169219
2024-06-14 23:56:28,15102.0,30.57153675094657
2024-06-14 23:56:29,15103.0,30.571046464687306
2024-06-14 23:56:30,15104.0,30.570519957935357
2024-06-14 23:56:31,15105.0,30.569957675711684
2024-06-14 23:56:32,15106.0,30.569360063037237
2024-06-14 23:56:33,15107.0,30.568727564932974
2024-06-14 23:56:34,15108.0,30.568060626419857
2024-06-14 23:56:35,15109.0,30.567359692518842
2024-06-14 23:56:36,15110.0,30.566625208250883
2024-06-14 23:56:37,15111.0,30.565857618636937
2024-06-14 23:56:38,15112.0,30.565057368697964
2024-06-14 23:56:39,15113.0,30.56422490345492
2024-06-14 23:56:40,15114.0,30.563360667928762
2024-06-14 23:56:41,15115.0,30.562465107140447
2024-06-14 23:56:42,15116.0,30.561538666110934
2024-06-14 23:56:43,15117.0,30.560581789861175
2024-06-14 23:56:44,15118.0,30.559594923412124
2024-06-14 23:56:45,15119.0,30.558578511784752
2024-06-14 23:56:46,15120.0,30.557533000000003
2024-06-14 23:56:47,15121.0,30.55587663555105
2024-06-14 23:56:48,15122.0,30.55307338660505
2024-06-14 23:56:49,15123.0,30.54919227919395
2024-06-14 23:56:50,15124.0,30.544302339349684
2024-06-14 23:56:51,15125.0,30.538472593104196
2024-06-14 23:56:52,15126.0,30.531772066489427
2024-06-14 23:56:53,15127.0,30.52426978553732
2024-06-14 23:56:54,15128.0,30.516034776279824
2024-06-14 23:56:55,15129.0,30.50713606474887
2024-06-14 23:56:56,15130.0,30.497642676976398
2024-06-14 23:56:57,15131.0,30.487623638994364
2024-06-14 23:56:58,15132.0,30.4771479768347
2024-06-14 23:56:59,15133.0,30.466284716529348
2024-06-14 23:57:00,15134.0,30.455102884110254
2024-06-14 23:57:01,15135.0,30.443671505609355
2024-06-14 23:57:02,15136.0,30.432059607058598
2024-06-14 23:57:03,15137.0,30.42033621448992
2024-06-14 23:57:04,15138.0,30.408570353935264
2024-06-14 23:57:05,15139.0,30.39683105142657
2024-06-14 23:57:06,15140.0,30.385187332995788
2024-06-14 23:57:07,15141.0,30.373708224674854
2024-06-14 23:57:08,15142.0,30.362462752495706
2024-06-14 23:57:09,15143.0,30.351519942490295
2024-06-14 23:57:10,15144.0,30.340948820690553
2024-06-14 23:57:11,15145.0,30.33081841312843
2024-06-14 23:57:12,15146.0,30.32119774583586
2024-06-14 23:57:13,15147.0,30.312155844844796
2024-06-14 23:57:14,15148.0,30.303761736187166
2024-06-14 23:57:15,15149.0,30.296084445894923
2024-06-14 23:57:16,15150.0,30.289193000000004
2024-06-14 23:57:17,15151.0,30.28264580133601
2024-06-14 23:57:18,15152.0,30.2759715634633
2024-06-14 23:57:19,15153.0,30.269194778503973
2024-06-14 23:57:20,15154.0,30.262339938580133
2024-06-14 23:57:21,15155.0,30.255431535813862
2024-06-14 23:57:22,15156.0,30.248494062327268
2024-06-14 23:57:23,15157.0,30.241552010242437
2024-06-14 23:57:24,15158.0,30.234629871681474
2024-06-14 23:57:25,15159.0,30.22775213876647
2024-06-14 23:57:26,15160.0,30.22094330361952
2024-06-14 23:57:27,15161.0,30.214227858362722
2024-06-14 23:57:28,15162.0,30.20763029511817
2024-06-14 23:57:29,15163.0,30.20117510600797
2024-06-14 23:57:30,15164.0,30.194886783154203
2024-06-14 23:57:31,15165.0,30.188789818678966
2024-06-14 23:57:32,15166.0,30.18290870470437
2024-06-14 23:57:33,15167.0,30.1772679333525
2024-06-14 23:57:34,15168.0,30.17189199674545
2024-06-14 23:57:35,15169.0,30.16680538700532
2024-06-14 23:57:36,15170.0,30.162032596254207
2024-06-14 23:57:37,15171.0,30.157598116614203
2024-06-14 23:57:38,15172.0,30.153526440207408
2024-06-14 23:57:39,15173.0,30.149842059155908
2024-06-14 23:57:40,15174.0,30.146569465581816
2024-06-14 23:57:41,15175.0,30.14373315160722
2024-06-14 23:57:42,15176.0,30.14135760935421
2024-06-14 23:57:43,15177.0,30.139467330944886
2024-06-14 23:57:44,15178.0,30.13808680850135
2024-06-14 23:57:45,15179.0,30.13724053414569
2024-06-14 23:57:46,15180.0,30.136953000000002
2024-06-14 23:57:47,15181.0,30.13879197185185
2024-06-14 23:57:48,15182.0,30.14414170814815
2024-06-14 23:57:49,15183.0,30.152751440000003
2024-06-14 23:57:50,15184.0,30.16437039851852
2024-06-14 23:57:51,15185.0,30.17874781481482
2024-06-14 23:57:52,15186.0,30.19563292
2024-06-14 23:57:53,15187.0,30.214774945185187
2024-06-14 23:57:54,15188.0,30.235923121481484
2024-06-14 23:57:55,15189.0,30.258826680000002
2024-06-14 23:57:56,15190.0,30.283234851851855
2024-06-14 23:57:57,15191.0,30.30889686814815
2024-06-14 23:57:58,15192.0,30.335561960000003
2024-06-14 23:57:59,15193.0,30.36297935851852
2024-06-14 23:58:00,15194.0,30.390898294814818
2024-06-14 23:58:01,15195.0,30.419068000000003
2024-06-14 23:58:02,15196.0,30.447237705185188
2024-06-14 23:58:03,15197.0,30.475156641481483
2024-06-14 23:58:04,15198.0,30.502574040000002
2024-06-14 23:58:05,15199.0,30.529239131851856
2024-06-14 23:58:06,15200.0,30.55490114814815
2024-06-14 23:58:07,15201.0,30.579309320000004
2024-06-14 23:58:08,15202.0,30.60221287851852
2024-06-14 23:58:09,15203.0,30.62336105481482
2024-06-14 23:58:10,15204.0,30.642503080000004
2024-06-14 23:58:11,15205.0,30.65938818518519
2024-06-14 23:58:12,15206.0,30.673765601481485
2024-06-14 23:58:13,15207.0,30.685384560000003
2024-06-14 23:58:14,15208.0,30.693994291851855
2024-06-14 23:58:15,15209.0,30.69934402814815
2024-06-14 23:58:16,15210.0,30.701183000000004
2024-06-14 23:58:17,15211.0,30.699832754074077
2024-06-14 23:58:18,15212.0,30.695904765925928
2024-06-14 23:58:19,15213.0,30.68958316
2024-06-14 23:58:20,15214.0,30.681052060740743
2024-06-14 23:58:21,15215.0,30.670495592592598
2024-06-14 23:58:22,15216.0,30.658097880000003
2024-06-14 23:58:23,15217.0,30.64404304740741
2024-06-14 23:58:24,15218.0,30.62851521925926
2024-06-14 23:58:25,15219.0,30.61169852
2024-06-14 23:58:26,15220.0,30.593777074074076
2024-06-14 23:58:27,15221.0,30.574935005925926
2024-06-14 23:58:28,15222.0,30.55535644
2024-06-14 23:58:29,15223.0,30.53522550074074
2024-06-14 23:58:30,15224.0,30.514726312592593
2024-06-14 23:58:31,15225.0,30.494042999999998
2024-06-14 23:58:32,15226.0,30.473359687407406
2024-06-14 23:58:33,15227.0,30.45286049925926
2024-06-14 23:58:34,15228.0,30.43272956
2024-06-14 23:58:35,15229.0,30.41315099407407
2024-06-14 23:58:36,15230.0,30.394308925925923
2024-06-14 23:58:37,15231.0,30.376387479999995
2024-06-14 23:58:38,15232.0,30.359570780740736
2024-06-14 23:58:39,15233.0,30.344042952592588
2024-06-14 23:58:40,15234.0,30.329988119999996
2024-06-14 23:58:41,15235.0,30.317590407407405
2024-06-14 23:58:42,15236.0,30.307033939259256
2024-06-14 23:58:43,15237.0,30.298502839999994
2024-06-14 23:58:44,15238.0,30.292181234074068
2024-06-14 23:58:45,15239.0,30.288253245925922
2024-06-14 23:58:46,15240.0,30.286902999999995
2024-06-14 23:58:47,15241.0,30.28690471275594
2024-06-14 23:58:48,15242.0,30.286909846199197
2024-06-14 23:58:49,15243.0,30.286918393092904
2024-06-14 23:58:50,15244.0,30.286930346200204
2024-06-14 23:58:51,15245.0,30.286945698284228
2024-06-14 23:58:52,15246.0,30.286964442108115
2024-06-14 23:58:53,15247.0,30.28698657043501
2024-06-14 23:58:54,15248.0,30.28701207602804
2024-06-14 23:58:55,15249.0,30.287040951650358
2024-06-14 23:58:56,15250.0,30.287073190065087
2024-06-14 23:58:57,15251.0,30.287108784035375
2024-06-14 23:58:58,15252.0,30.287147726324356
2024-06-14 23:58:59,15253.0,30.28719000969517
2024-06-14 23:59:00,15254.0,30.287235626910952
2024-06-14 23:59:01,15255.0,30.28728457073484
2024-06-14 23:59:02,15256.0,30.287336833929974
2024-06-14 23:59:03,15257.0,30.287392409259496
2024-06-14 23:59:04,15258.0,30.287451289486537
2024-06-14 23:59:05,15259.0,30.28751346737424
2024-06-14 23:59:06,15260.0,30.287578935685737
2024-06-14 23:59:07,15261.0,30.287647687184176
2024-06-14 23:59:08,15262.0,30.287719714632683
2024-06-14 23:59:09,15263.0,30.287795010794408
2024-06-14 23:59:10,15264.0,30.287873568432477
2024-06-14 23:59:11,15265.0,30.287955380310038
2024-06-14 23:59:12,15266.0,30.288040439190226
2024-06-14 23:59:13,15267.0,30.28812873783618
2024-06-14 23:59:14,15268.0,30.28822026901103
2024-06-14 23:59:15,15269.0,30.288315025477928
2024-06-14 23:59:16,15270.0,30.288413000000002
2024-06-14 23:59:17,15271.0,30.288802988602296
2024-06-14 23:59:18,15272.0,30.28975450720682
2024-06-14 23:59:19,15273.0,30.291238628422196
2024-06-14 23:59:20,15274.0,30.293226424857032
2024-06-14 23:59:21,15275.0,30.29568896911993
2024-06-14 23:59:22,15276.0,30.29859733381951
2024-06-14 23:59:23,15277.0,30.30192259156438
2024-06-14 23:59:24,15278.0,30.305635814963146
2024-06-14 23:59:25,15279.0,30.309708076624425
2024-06-14 23:59:26,15280.0,30.31411044915683
2024-06-14 23:59:27,15281.0,30.318814005168953
2024-06-14 23:59:28,15282.0,30.32378981726942
2024-06-14 23:59:29,15283.0,30.329008958066847
2024-06-14 23:59:30,15284.0,30.334442500169825
2024-06-14 23:59:31,15285.0,30.34006151618698
2024-06-14 23:59:32,15286.0,30.34583707872692
2024-06-14 23:59:33,15287.0,30.35174026039825
2024-06-14 23:59:34,15288.0,30.357742133809584
2024-06-14 23:59:35,15289.0,30.36381377156953
2024-06-14 23:59:36,15290.0,30.3699262462867
2024-06-14 23:59:37,15291.0,30.376050630569704
2024-06-14 23:59:38,15292.0,30.382157997027154
2024-06-14 23:59:39,15293.0,30.388219418267653
2024-06-14 23:59:40,15294.0,30.394205966899825
2024-06-14 23:59:41,15295.0,30.40008871553227
2024-06-14 23:59:42,15296.0,30.4058387367736
2024-06-14 23:59:43,15297.0,30.411427103232434
2024-06-14 23:59:44,15298.0,30.416824887517368
2024-06-14 23:59:45,15299.0,30.422003162237015
2024-06-14 23:59:46,15300.0,30.426933
2024-06-14 23:59:47,15301.0,30.431902387229258
2024-06-14 23:59:48,15302.0,30.43719556406121
2024-06-14 23:59:49,15303.0,30.44277798367466
2024-06-14 23:59:50,15304.0,30.44861509924841
2024-06-14 23:59:51,15305.0,30.454672363961272
2024-06-14 23:59:52,15306.0,30.46091523099205
2024-06-14 23:59:53,15307.0,30.467309153519555
2024-06-14 23:59:54,15308.0,30.473819584722577
2024-06-14 23:59:55,15309.0,30.480411977779937
2024-06-14 23:59:56,15310.0,30.487051785870435
2024-06-14 23:59:57,15311.0,30.493704462172875
2024-06-14 23:59:58,15312.0,30.50033545986606
2024-06-14 23:59:59,15313.0,30.506910232128803
2024-06-15 00:00:00,15314.0,30.51339423213991
2024-06-15 00:00:01,15315.0,30.51975291307818
2024-06-15 00:00:02,15316.0,30.525951728122422
2024-06-15 00:00:03,15317.0,30.531956130451444
2024-06-15 00:00:04,15318.0,30.537731573244045
2024-06-15 00:00:05,15319.0,30.543243509679034
2024-06-15 00:00:06,15320.0,30.54845739293522
2024-06-15 00:00:07,15321.0,30.553338676191405
2024-06-15 00:00:08,15322.0,30.557852812626397
2024-06-15 00:00:09,15323.0,30.561965255418997
2024-06-15 00:00:10,15324.0,30.56564145774802
2024-06-15 00:00:11,15325.0,30.568846872792264
2024-06-15 00:00:12,15326.0,30.57154695373053
2024-06-15 00:00:13,15327.0,30.573707153741633
2024-06-15 00:00:14,15328.0,30.575292926004376
2024-06-15 00:00:15,15329.0,30.576269723697564
2024-06-15 00:00:16,15330.0,30.576603000000006
2024-06-15 00:00:17,15331.0,30.574228857777783
2024-06-15 00:00:18,15332.0,30.567322262222227
2024-06-15 00:00:19,15333.0,30.556206960000008
2024-06-15 00:00:20,15334.0,30.541206697777785
2024-06-15 00:00:21,15335.0,30.522645222222227
2024-06-15 00:00:22,15336.0,30.500846280000008
2024-06-15 00:00:23,15337.0,30.476133617777784
2024-06-15 00:00:24,15338.0,30.448830982222226
2024-06-15 00:00:25,15339.0,30.419262120000006
2024-06-15 00:00:26,15340.0,30.387750777777782
2024-06-15 00:00:27,15341.0,30.354620702222228
2024-06-15 00:00:28,15342.0,30.32019564
2024-06-15 00:00:29,15343.0,30.28479933777778
2024-06-15 00:00:30,15344.0,30.248755542222227
2024-06-15 00:00:31,15345.0,30.212388
2024-06-15 00:00:32,15346.0,30.17602045777778
2024-06-15 00:00:33,15347.0,30.139976662222224
2024-06-15 00:00:34,15348.0,30.10458036
2024-06-15 00:00:35,15349.0,30.07015529777778
2024-06-15 00:00:36,15350.0,30.037025222222223
2024-06-15 00:00:37,15351.0,30.005513880000002
2024-06-15 00:00:38,15352.0,29.975945017777775
2024-06-15 00:00:39,15353.0,29.948642382222225
2024-06-15 00:00:40,15354.0,29.92392972
2024-06-15 00:00:41,15355.0,29.902130777777778
2024-06-15 00:00:42,15356.0,29.883569302222224
2024-06-15 00:00:43,15357.0,29.86856904
2024-06-15 00:00:44,15358.0,29.857453737777774
2024-06-15 00:00:45,15359.0,29.850547142222222
2024-06-15 00:00:46,15360.0,29.848173
2024-06-15 00:00:47,15361.0,29.849252773431676
2024-06-15 00:00:48,15362.0,29.85241090352158
2024-06-15 00:00:49,15363.0,29.857525604961992
2024-06-15 00:00:50,15364.0,29.864475092445225
2024-06-15 00:00:51,15365.0,29.873137580663567
2024-06-15 00:00:52,15366.0,29.883391284309315
2024-06-15 00:00:53,15367.0,29.895114418074765
2024-06-15 00:00:54,15368.0,29.908185196652216
2024-06-15 00:00:55,15369.0,29.92248183473396
2024-06-15 00:00:56,15370.0,29.937882547012304
2024-06-15 00:00:57,15371.0,29.95426554817953
2024-06-15 00:00:58,15372.0,29.971509052927946
2024-06-15 00:00:59,15373.0,29.989491275949838
2024-06-15 00:01:00,15374.0,30.008090431937514
2024-06-15 00:01:01,15375.0,30.027184735583262
2024-06-15 00:01:02,15376.0,30.04665240157938
2024-06-15 00:01:03,15377.0,30.06637164461816
2024-06-15 00:01:04,15378.0,30.086220679391914
2024-06-15 00:01:05,15379.0,30.106077720592925
2024-06-15 00:01:06,15380.0,30.125820982913492
2024-06-15 00:01:07,15381.0,30.145328681045914
2024-06-15 00:01:08,15382.0,30.164479029682486
2024-06-15 00:01:09,15383.0,30.1831502435155
2024-06-15 00:01:10,15384.0,30.20122053723726
2024-06-15 00:01:11,15385.0,30.218568125540056
2024-06-15 00:01:12,15386.0,30.235071223116186
2024-06-15 00:01:13,15387.0,30.25060804465795
2024-06-15 00:01:14,15388.0,30.265056804857643
2024-06-15 00:01:15,15389.0,30.27829571840756
2024-06-15 00:01:16,15390.0,30.290202999999998
2024-06-15 00:01:17,15391.0,30.301552948259104
2024-06-15 00:01:18,15392.0,30.313170528475688
2024-06-15 00:01:19,15393.0,30.325009955342047
2024-06-15 00:01:20,15394.0,30.337025443550477
2024-06-15 00:01:21,15395.0,30.349171207793276
2024-06-15 00:01:22,15396.0,30.36140146276274
2024-06-15 00:01:23,15397.0,30.373670423151164
2024-06-15 00:01:24,15398.0,30.385932303650847
2024-06-15 00:01:25,15399.0,30.398141318954085
2024-06-15 00:01:26,15400.0,30.41025168375317
2024-06-15 00:01:27,15401.0,30.422217612740408
2024-06-15 00:01:28,15402.0,30.43399332060808
2024-06-15 00:01:29,15403.0,30.4455330220485
2024-06-15 00:01:30,15404.0,30.456790931753954
2024-06-15 00:01:31,15405.0,30.467721264416742
2024-06-15 00:01:32,15406.0,30.478278234729153
2024-06-15 00:01:33,15407.0,30.488416057383493
2024-06-15 00:01:34,15408.0,30.498088947072056
2024-06-15 00:01:35,15409.0,30.507251118487137
2024-06-15 00:01:36,15410.0,30.51585678632103
2024-06-15 00:01:37,15411.0,30.523860165266036
2024-06-15 00:01:38,15412.0,30.531215470014452
2024-06-15 00:01:39,15413.0,30.53787691525857
2024-06-15 00:01:40,15414.0,30.543798715690688
2024-06-15 00:01:41,15415.0,30.5489350860031
2024-06-15 00:01:42,15416.0,30.553240240888112
2024-06-15 00:01:43,15417.0,30.556668395038002
2024-06-15 00:01:44,15418.0,30.55917376314509
2024-06-15 00:01:45,15419.0,30.560710559901654
2024-06-15 00:01:46,15420.0,30.561233
2024-06-15 00:01:47,15421.0,30.561010528674824
2024-06-15 00:01:48,15422.0,30.560351262468274
2024-06-15 00:01:49,15423.0,30.55926742303385
2024-06-15 00:01:50,15424.0,30.557771232025026
2024-06-15 00:01:51,15425.0,30.55587491109529
2024-06-15 00:01:52,15426.0,30.553590681898125
2024-06-15 00:01:53,15427.0,30.550930766087024
2024-06-15 00:01:54,15428.0,30.547907385315465
2024-06-15 00:01:55,15429.0,30.544532761236937
2024-06-15 00:01:56,15430.0,30.54081911550492
2024-06-15 00:01:57,15431.0,30.536778669772907
2024-06-15 00:01:58,15432.0,30.532423645694376
2024-06-15 00:01:59,15433.0,30.52776626492282
2024-06-15 00:02:00,15434.0,30.522818749111718
2024-06-15 00:02:01,15435.0,30.517593319914553
2024-06-15 00:02:02,15436.0,30.51210219898482
2024-06-15 00:02:03,15437.0,30.506357607975993
2024-06-15 00:02:04,15438.0,30.500371768541566
2024-06-15 00:02:05,15439.0,30.494156902335018
2024-06-15 00:02:06,15440.0,30.48772523100984
2024-06-15 00:02:07,15441.0,30.481088976219514
2024-06-15 00:02:08,15442.0,30.474260359617524
2024-06-15 00:02:09,15443.0,30.46725160285736
2024-06-15 00:02:10,15444.0,30.460074927592505
2024-06-15 00:02:11,15445.0,30.452742555476437
2024-06-15 00:02:12,15446.0,30.445266708162652
2024-06-15 00:02:13,15447.0,30.43765960730463
2024-06-15 00:02:14,15448.0,30.429933474555856
2024-06-15 00:02:15,15449.0,30.422100531569818
2024-06-15 00:02:16,15450.0,30.414172999999998
2024-06-15 00:02:17,15451.0,30.404640804726473
2024-06-15 00:02:18,15452.0,30.392139749147844
2024-06-15 00:02:19,15453.0,30.376900872695366
2024-06-15 00:02:20,15454.0,30.359155214800307
2024-06-15 00:02:21,15455.0,30.33913381489393
2024-06-15 00:02:22,15456.0,30.317067712407496
2024-06-15 00:02:23,15457.0,30.293187946772267
2024-06-15 00:02:24,15458.0,30.26772555741951
2024-06-15 00:02:25,15459.0,30.24091158378048
2024-06-15 00:02:26,15460.0,30.21297706528645
2024-06-15 00:02:27,15461.0,30.18415304136868
2024-06-15 00:02:28,15462.0,30.154670551458434
2024-06-15 00:02:29,15463.0,30.124760634986966
2024-06-15 00:02:30,15464.0,30.094654331385552
2024-06-15 00:02:31,15465.0,30.064582680085444
2024-06-15 00:02:32,15466.0,30.03477672051791
2024-06-15 00:02:33,15467.0,30.005467492114217
2024-06-15 00:02:34,15468.0,29.97688603430562
2024-06-15 00:02:35,15469.0,29.949263386523388
2024-06-15 00:02:36,15470.0,29.922830588198785
2024-06-15 00:02:37,15471.0,29.897818678763066
2024-06-15 00:02:38,15472.0,29.874458697647498
2024-06-15 00:02:39,15473.0,29.852981684283346
2024-06-15 00:02:40,15474.0,29.83361867810187
2024-06-15 00:02:41,15475.0,29.81660071853434
2024-06-15 00:02:42,15476.0,29.802158845012013
2024-06-15 00:02:43,15477.0,29.790524096966152
2024-06-15 00:02:44,15478.0,29.78192751382802
2024-06-15 00:02:45,15479.0,29.776600135028882
2024-06-15 00:02:46,15480.0,29.774773
2024-06-15 00:02:47,15481.0,29.777864537777777
2024-06-15 00:02:48,15482.0,29.786858102222222
2024-06-15 00:02:49,15483.0,29.80133212
2024-06-15 00:02:50,15484.0,29.820865017777777
2024-06-15 00:02:51,15485.0,29.845035222222222
2024-06-15 00:02:52,15486.0,29.87342116
2024-06-15 00:02:53,15487.0,29.90560125777778
2024-06-15 00:02:54,15488.0,29.941153942222222
2024-06-15 00:02:55,15489.0,29.97965764
2024-06-15 00:02:56,15490.0,30.020690777777777
2024-06-15 00:02:57,15491.0,30.063831782222223
2024-06-15 00:02:58,15492.0,30.10865908
2024-06-15 00:02:59,15493.0,30.154751097777776
2024-06-15 00:03:00,15494.0,30.20168626222222
2024-06-15 00:03:01,15495.0,30.249043
2024-06-15 00:03:02,15496.0,30.296399737777776
2024-06-15 00:03:03,15497.0,30.34333490222222
2024-06-15 00:03:04,15498.0,30.38942692
2024-06-15 00:03:05,15499.0,30.434254217777777
2024-06-15 00:03:06,15500.0,30.47739522222222
2024-06-15 00:03:07,15501.0,30.518428359999998
2024-06-15 00:03:08,15502.0,30.556932057777775
2024-06-15 00:03:09,15503.0,30.592484742222222
2024-06-15 00:03:10,15504.0,30.624664839999998
2024-06-15 00:03:11,15505.0,30.653050777777775
2024-06-15 00:03:12,15506.0,30.67722098222222
2024-06-15 00:03:13,15507.0,30.696753879999996
2024-06-15 00:03:14,15508.0,30.71122789777777
2024-06-15 00:03:15,15509.0,30.720221462222217
2024-06-15 00:03:16,15510.0,30.723312999999997
2024-06-15 00:03:17,15511.0,30.720976339259256
2024-06-15 00:03:18,15512.0,30.71417878074074
2024-06-15 00:03:19,15513.0,30.703238959999997
2024-06-15 00:03:20,15514.0,30.688475512592593
2024-06-15 00:03:21,15515.0,30.67020707407407
2024-06-15 00:03:22,15516.0,30.64875228
2024-06-15 00:03:23,15517.0,30.624429765925925
2024-06-15 00:03:24,15518.0,30.597558167407403
2024-06-15 00:03:25,15519.0,30.568456119999997
2024-06-15 00:03:26,15520.0,30.537442259259258
2024-06-15 00:03:27,15521.0,30.504835220740738
2024-06-15 00:03:28,15522.0,30.470953639999998
2024-06-15 00:03:29,15523.0,30.436116152592593
2024-06-15 00:03:30,15524.0,30.400641394074075
2024-06-15 00:03:31,15525.0,30.364847999999995
2024-06-15 00:03:32,15526.0,30.329054605925926
2024-06-15 00:03:33,15527.0,30.293579847407408
2024-06-15 00:03:34,15528.0,30.258742359999996
2024-06-15 00:03:35,15529.0,30.22486077925926
2024-06-15 00:03:36,15530.0,30.19225374074074
2024-06-15 00:03:37,15531.0,30.16123988
2024-06-15 00:03:38,15532.0,30.13213783259259
2024-06-15 00:03:39,15533.0,30.105266234074072
2024-06-15 00:03:40,15534.0,30.08094372
2024-06-15 00:03:41,15535.0,30.059488925925923
2024-06-15 00:03:42,15536.0,30.041220487407408
2024-06-15 00:03:43,15537.0,30.02645704
2024-06-15 00:03:44,15538.0,30.01551721925926
2024-06-15 00:03:45,15539.0,30.00871966074074
2024-06-15 00:03:46,15540.0,30.006383
2024-06-15 00:03:47,15541.0,30.008162285595215
2024-06-15 00:03:48,15542.0,30.01333856735623
2024-06-15 00:03:49,15543.0,30.021669482746105
2024-06-15 00:03:50,15544.0,30.0329126692279
2024-06-15 00:03:51,15545.0,30.046825764264675
2024-06-15 00:03:52,15546.0,30.063166405319485
2024-06-15 00:03:53,15547.0,30.081692229855395
2024-06-15 00:03:54,15548.0,30.10216087533546
2024-06-15 00:03:55,15549.0,30.12432997922274
2024-06-15 00:03:56,15550.0,30.147957178980292
2024-06-15 00:03:57,15551.0,30.17280011207118
2024-06-15 00:03:58,15552.0,30.198616415958462
2024-06-15 00:03:59,15553.0,30.225163728105194
2024-06-15 00:04:00,15554.0,30.252199685974432
2024-06-15 00:04:01,15555.0,30.279481927029245
2024-06-15 00:04:02,15556.0,30.306768088732685
2024-06-15 00:04:03,15557.0,30.33381580854781
2024-06-15 00:04:04,15558.0,30.36038272393769
2024-06-15 00:04:05,15559.0,30.386226472365372
2024-06-15 00:04:06,15560.0,30.411104691293918
2024-06-15 00:04:07,15561.0,30.43477501818639
2024-06-15 00:04:08,15562.0,30.45699509050585
2024-06-15 00:04:09,15563.0,30.477522545715345
2024-06-15 00:04:10,15564.0,30.496115021277948
2024-06-15 00:04:11,15565.0,30.51253015465671
2024-06-15 00:04:12,15566.0,30.52652558331469
2024-06-15 00:04:13,15567.0,30.53785894471495
2024-06-15 00:04:14,15568.0,30.54628787632055
2024-06-15 00:04:15,15569.0,30.55157001559455
2024-06-15 00:04:16,15570.0,30.553463
2024-06-15 00:04:17,15571.0,30.55357492258891
2024-06-15 00:04:18,15572.0,30.55367596769832
2024-06-15 00:04:19,15573.0,30.553766909718846
2024-06-15 00:04:20,15574.0,30.55384852304111
2024-06-15 00:04:21,15575.0,30.553921582055732
2024-06-15 00:04:22,15576.0,30.553986861153334
2024-06-15 00:04:23,15577.0,30.554045134724525
2024-06-15 00:04:24,15578.0,30.55409717715994
2024-06-15 00:04:25,15579.0,30.55414376285019
2024-06-15 00:04:26,15580.0,30.554185666185894
2024-06-15 00:04:27,15581.0,30.554223661557675
2024-06-15 00:04:28,15582.0,30.554258523356147
2024-06-15 00:04:29,15583.0,30.554291025971935
2024-06-15 00:04:30,15584.0,30.55432194379566
2024-06-15 00:04:31,15585.0,30.554352051217936
2024-06-15 00:04:32,15586.0,30.55438212262939
2024-06-15 00:04:33,15587.0,30.55441293242064
2024-06-15 00:04:34,15588.0,30.554445254982294
2024-06-15 00:04:35,15589.0,30.554479864704987
2024-06-15 00:04:36,15590.0,30.55451753597933
2024-06-15 00:04:37,15591.0,30.554559043195948
2024-06-15 00:04:38,15592.0,30.554605160745457
2024-06-15 00:04:39,15593.0,30.554656663018473
2024-06-15 00:04:40,15594.0,30.554714324405627
2024-06-15 00:04:41,15595.0,30.55477891929753
2024-06-15 00:04:42,15596.0,30.554851222084803
2024-06-15 00:04:43,15597.0,30.554932007158065
2024-06-15 00:04:44,15598.0,30.555022048907936
2024-06-15 00:04:45,15599.0,30.55512212172504
2024-06-15 00:04:46,15600.0,30.555232999999994
2024-06-15 00:04:47,15601.0,30.555802106753806
2024-06-15 00:04:48,15602.0,30.557235029661744
2024-06-15 00:04:49,15603.0,30.559469790095815
2024-06-15 00:04:50,15604.0,30.56244440942803
2024-06-15 00:04:51,15605.0,30.566096909030378
2024-06-15 00:04:52,15606.0,30.570365310274873
2024-06-15 00:04:53,15607.0,30.575187634533528
2024-06-15 00:04:54,15608.0,30.580501903178334
2024-06-15 00:04:55,15609.0,30.586246137581306
2024-06-15 00:04:56,15610.0,30.592358359114442
2024-06-15 00:04:57,15611.0,30.59877658914975
2024-06-15 00:04:58,15612.0,30.605438849059237
2024-06-15 00:04:59,15613.0,30.612283160214904
2024-06-15 00:05:00,15614.0,30.619247543988763
2024-06-15 00:05:01,15615.0,30.62627002175281
2024-06-15 00:05:02,15616.0,30.633288614879053
2024-06-15 00:05:03,15617.0,30.6402413447395
2024-06-15 00:05:04,15618.0,30.647066232706155
2024-06-15 00:05:05,15619.0,30.653701300151024
2024-06-15 00:05:06,15620.0,30.660084568446106
2024-06-15 00:05:07,15621.0,30.666154058963414
2024-06-15 00:05:08,15622.0,30.67184779307495
2024-06-15 00:05:09,15623.0,30.677103792152714
2024-06-15 00:05:10,15624.0,30.681860077568718
2024-06-15 00:05:11,15625.0,30.68605467069496
2024-06-15 00:05:12,15626.0,30.689625592903454
2024-06-15 00:05:13,15627.0,30.6925108655662
2024-06-15 00:05:14,15628.0,30.694648510055202
2024-06-15 00:05:15,15629.0,30.69597654774246
2024-06-15 00:05:16,15630.0,30.696432999999995
2024-06-15 00:05:17,15631.0,30.6962891411522
2024-06-15 00:05:18,15632.0,30.69586068843456
2024-06-15 00:05:19,15633.0,30.69515232758571
2024-06-15 00:05:20,15634.0,30.69416874434426
2024-06-15 00:05:21,15635.0,30.692914624448846
2024-06-15 00:05:22,15636.0,30.69139465363808
2024-06-15 00:05:23,15637.0,30.689613517650603
2024-06-15 00:05:24,15638.0,30.687575902225028
2024-06-15 00:05:25,15639.0,30.68528649309998
2024-06-15 00:05:26,15640.0,30.682749976014087
2024-06-15 00:05:27,15641.0,30.679971036705975
2024-06-15 00:05:28,15642.0,30.67695436091426
2024-06-15 00:05:29,15643.0,30.673704634377575
2024-06-15 00:05:30,15644.0,30.670226542834534
2024-06-15 00:05:31,15645.0,30.666524772023777
2024-06-15 00:05:32,15646.0,30.662604007683914
2024-06-15 00:05:33,15647.0,30.65846893555358
2024-06-15 00:05:34,15648.0,30.65412424137139
2024-06-15 00:05:35,15649.0,30.649574610875973
2024-06-15 00:05:36,15650.0,30.644824729805958
2024-06-15 00:05:37,15651.0,30.639879283899962
2024-06-15 00:05:38,15652.0,30.634742958896613
2024-06-15 00:05:39,15653.0,30.629420440534535
2024-06-15 00:05:40,15654.0,30.62391641455235
2024-06-15 00:05:41,15655.0,30.618235566688686
2024-06-15 00:05:42,15656.0,30.612382582682162
2024-06-15 00:05:43,15657.0,30.60636214827141
2024-06-15 00:05:44,15658.0,30.60017894919505
2024-06-15 00:05:45,15659.0,30.593837671191704
2024-06-15 00:05:46,15660.0,30.587343000000004
2024-06-15 00:05:47,15661.0,30.57788044732682
2024-06-15 00:05:48,15662.0,30.56290533228644
2024-06-15 00:05:49,15663.0,30.542827051728597
2024-06-15 00:05:50,15664.0,30.51805500250303
2024-06-15 00:05:51,15665.0,30.48899858145947
2024-06-15 00:05:52,15666.0,30.456067185447658
2024-06-15 00:05:53,15667.0,30.419670211317325
2024-06-15 00:05:54,15668.0,30.380217055918205
2024-06-15 00:05:55,15669.0,30.338117116100044
2024-06-15 00:05:56,15670.0,30.293779788712563
2024-06-15 00:05:57,15671.0,30.24761447060551
2024-06-15 00:05:58,15672.0,30.20003055862861
2024-06-15 00:05:59,15673.0,30.151437449631608
2024-06-15 00:06:00,15674.0,30.102244540464234
2024-06-15 00:06:01,15675.0,30.052861227976226
2024-06-15 00:06:02,15676.0,30.003696909017314
2024-06-15 00:06:03,15677.0,29.955160980437242
2024-06-15 00:06:04,15678.0,29.907662839085738
2024-06-15 00:06:05,15679.0,29.861611881812543
2024-06-15 00:06:06,15680.0,29.81741750546739
2024-06-15 00:06:07,15681.0,29.77548910690001
2024-06-15 00:06:08,15682.0,29.736236082960154
2024-06-15 00:06:09,15683.0,29.70006783049754
2024-06-15 00:06:10,15684.0,29.66739374636191
2024-06-15 00:06:11,15685.0,29.638623227403002
2024-06-15 00:06:12,15686.0,29.61416567047055
2024-06-15 00:06:13,15687.0,29.594430472414288
2024-06-15 00:06:14,15688.0,29.579827030083948
2024-06-15 00:06:15,15689.0,29.570764740329274
2024-06-15 00:06:16,15690.0,29.567652999999996
2024-06-15 00:06:17,15691.0,29.570245709185915
2024-06-15 00:06:18,15692.0,29.577817909039858
2024-06-15 00:06:19,15693.0,29.590060708006128
2024-06-15 00:06:20,15694.0,29.60666521452901
2024-06-15 00:06:21,15695.0,29.627322537052798
2024-06-15 00:06:22,15696.0,29.65172378402179
2024-06-15 00:06:23,15697.0,29.679560063880277
2024-06-15 00:06:24,15698.0,29.710522485072552
2024-06-15 00:06:25,15699.0,29.744302156042906
2024-06-15 00:06:26,15700.0,29.78059018523563
2024-06-15 00:06:27,15701.0,29.819077681095024
2024-06-15 00:06:28,15702.0,29.859455752065383
2024-06-15 00:06:29,15703.0,29.901415506590986
2024-06-15 00:06:30,15704.0,29.94464805311614
2024-06-15 00:06:31,15705.0,29.988844500085133
2024-06-15 00:06:32,15706.0,30.033695955942257
2024-06-15 00:06:33,15707.0,30.078893529131808
2024-06-15 00:06:34,15708.0,30.12412832809807
2024-06-15 00:06:35,15709.0,30.16909146128535
2024-06-15 00:06:36,15710.0,30.213474037137935
2024-06-15 00:06:37,15711.0,30.256967164100114
2024-06-15 00:06:38,15712.0,30.299261950616184
2024-06-15 00:06:39,15713.0,30.34004950513044
2024-06-15 00:06:40,15714.0,30.379020936087173
2024-06-15 00:06:41,15715.0,30.415867351930675
2024-06-15 00:06:42,15716.0,30.45027986110524
2024-06-15 00:06:43,15717.0,30.481949572055164
2024-06-15 00:06:44,15718.0,30.510567593224735
2024-06-15 00:06:45,15719.0,30.53582503305825
2024-06-15 00:06:46,15720.0,30.557412999999997
2024-06-15 00:06:47,15721.0,30.576432813416243
2024-06-15 00:06:48,15722.0,30.594252664423898
2024-06-15 00:06:49,15723.0,30.61096396909322
2024-06-15 00:06:50,15724.0,30.62665814349446
2024-06-15 00:06:51,15725.0,30.641426603697887
2024-06-15 00:06:52,15726.0,30.655360765773757
2024-06-15 00:06:53,15727.0,30.668552045792328
2024-06-15 00:06:54,15728.0,30.681091859823855
2024-06-15 00:06:55,15729.0,30.693071623938604
2024-06-15 00:06:56,15730.0,30.70458275420682
2024-06-15 00:06:57,15731.0,30.715716666698786
2024-06-15 00:06:58,15732.0,30.726564777484732
2024-06-15 00:06:59,15733.0,30.737218502634942
2024-06-15 00:07:00,15734.0,30.74776925821966
2024-06-15 00:07:01,15735.0,30.75830846030915
2024-06-15 00:07:02,15736.0,30.76892752497367
2024-06-15 00:07:03,15737.0,30.779717868283477
2024-06-15 00:07:04,15738.0,30.790770906308833
2024-06-15 00:07:05,15739.0,30.802178055119995
2024-06-15 00:07:06,15740.0,30.814030730787223
2024-06-15 00:07:07,15741.0,30.826420349380772
2024-06-15 00:07:08,15742.0,30.839438326970907
2024-06-15 00:07:09,15743.0,30.853176079627882
2024-06-15 00:07:10,15744.0,30.867725023421958
2024-06-15 00:07:11,15745.0,30.88317657442339
2024-06-15 00:07:12,15746.0,30.89962214870244
2024-06-15 00:07:13,15747.0,30.91715316232937
2024-06-15 00:07:14,15748.0,30.935861031374433
2024-06-15 00:07:15,15749.0,30.95583717190789
2024-06-15 00:07:16,15750.0,30.977173
2024-06-15 00:07:17,15751.0,31.002853419646936
2024-06-15 00:07:18,15752.0,31.035438598844966
2024-06-15 00:07:19,15753.0,31.074382849664502
2024-06-15 00:07:20,15754.0,31.119140484175954
2024-06-15 00:07:21,15755.0,31.169165814449734
2024-06-15 00:07:22,15756.0,31.22391315255625
2024-06-15 00:07:23,15757.0,31.282836810565914
2024-06-15 00:07:24,15758.0,31.345391100549136
2024-06-15 00:07:25,15759.0,31.41103033457632
2024-06-15 00:07:26,15760.0,31.479208824717883
2024-06-15 00:07:27,15761.0,31.54938088304423
2024-06-15 00:07:28,15762.0,31.62100082162578
2024-06-15 00:07:29,15763.0,31.693522952532934
2024-06-15 00:07:30,15764.0,31.766401587836114
2024-06-15 00:07:31,15765.0,31.839091039605712
2024-06-15 00:07:32,15766.0,31.91104561991215
2024-06-15 00:07:33,15767.0,31.981719640825844
2024-06-15 00:07:34,15768.0,32.05056741441719
2024-06-15 00:07:35,15769.0,32.1170432527566
2024-06-15 00:07:36,15770.0,32.1806014679145
2024-06-15 00:07:37,15771.0,32.240696371961285
2024-06-15 00:07:38,15772.0,32.296782276967356
2024-06-15 00:07:39,15773.0,32.348313495003154
2024-06-15 00:07:40,15774.0,32.39474433813906
2024-06-15 00:07:41,15775.0,32.4355291184455
2024-06-15 00:07:42,15776.0,32.47012214799288
2024-06-15 00:07:43,15777.0,32.49797773885161
2024-06-15 00:07:44,15778.0,32.5185502030921
2024-06-15 00:07:45,15779.0,32.53129385278476
2024-06-15 00:07:46,15780.0,32.535663
2024-06-15 00:07:47,15781.0,32.529984005609464
2024-06-15 00:07:48,15782.0,32.51340303698979
2024-06-15 00:07:49,15783.0,32.48660411596892
2024-06-15 00:07:50,15784.0,32.45027126437479
2024-06-15 00:07:51,15785.0,32.405088504035305
2024-06-15 00:07:52,15786.0,32.35173985677841
2024-06-15 00:07:53,15787.0,32.29090934443202
2024-06-15 00:07:54,15788.0,32.22328098882407
2024-06-15 00:07:55,15789.0,32.14953881178249
2024-06-15 00:07:56,15790.0,32.070366835135204
2024-06-15 00:07:57,15791.0,31.98644908071014
2024-06-15 00:07:58,15792.0,31.898469570335227
2024-06-15 00:07:59,15793.0,31.80711232583839
2024-06-15 00:08:00,15794.0,31.71306136904756
2024-06-15 00:08:01,15795.0,31.617000721790657
2024-06-15 00:08:02,15796.0,31.51961440589562
2024-06-15 00:08:03,15797.0,31.42158644319037
2024-06-15 00:08:04,15798.0,31.32360085550284
2024-06-15 00:08:05,15799.0,31.22634166466095
2024-06-15 00:08:06,15800.0,31.130492892492633
2024-06-15 00:08:07,15801.0,31.036738560825814
2024-06-15 00:08:08,15802.0,30.945762691488422
2024-06-15 00:08:09,15803.0,30.858249306308387
2024-06-15 00:08:10,15804.0,30.774882427113635
2024-06-15 00:08:11,15805.0,30.69634607573209
2024-06-15 00:08:12,15806.0,30.623324273991685
2024-06-15 00:08:13,15807.0,30.556501043720345
2024-06-15 00:08:14,15808.0,30.496560406746
2024-06-15 00:08:15,15809.0,30.444186384896575
2024-06-15 00:08:16,15810.0,30.400063
2024-06-15 00:08:17,15811.0,30.36020213954787
2024-06-15 00:08:18,15812.0,30.32022818880955
2024-06-15 00:08:19,15813.0,30.280243916279648
2024-06-15 00:08:20,15814.0,30.240352090452756
2024-06-15 00:08:21,15815.0,30.200655479823464
2024-06-15 00:08:22,15816.0,30.161256852886364
2024-06-15 00:08:23,15817.0,30.122258978136056
2024-06-15 00:08:24,15818.0,30.083764624067133
2024-06-15 00:08:25,15819.0,30.045876559174182
2024-06-15 00:08:26,15820.0,30.008697551951805
2024-06-15 00:08:27,15821.0,29.972330370894603
2024-06-15 00:08:28,15822.0,29.93687778449716
2024-06-15 00:08:29,15823.0,29.902442561254066
2024-06-15 00:08:30,15824.0,29.86912746965993
2024-06-15 00:08:31,15825.0,29.837035278209335
2024-06-15 00:08:32,15826.0,29.806268755396882
2024-06-15 00:08:33,15827.0,29.77693066971716
2024-06-15 00:08:34,15828.0,29.74912378966477
2024-06-15 00:08:35,15829.0,29.7229508837343
2024-06-15 00:08:36,15830.0,29.698514720420345
2024-06-15 00:08:37,15831.0,29.6759180682175
2024-06-15 00:08:38,15832.0,29.655263695620366
2024-06-15 00:08:39,15833.0,29.636654371123527
2024-06-15 00:08:40,15834.0,29.620192863221583
2024-06-15 00:08:41,15835.0,29.605981940409126
2024-06-15 00:08:42,15836.0,29.594124371180758
2024-06-15 00:08:43,15837.0,29.584722924031066
2024-06-15 00:08:44,15838.0,29.57788036745464
2024-06-15 00:08:45,15839.0,29.573699469946085
2024-06-15 00:08:46,15840.0,29.57228299999999
2024-06-15 00:08:47,15841.0,29.57319082569174
2024-06-15 00:08:48,15842.0,29.575833129874635
2024-06-15 00:08:49,15843.0,29.580088153210156
2024-06-15 00:08:50,15844.0,29.585834136359775
2024-06-15 00:08:51,15845.0,29.592949319984978
2024-06-15 00:08:52,15846.0,29.601311944747238
2024-06-15 00:08:53,15847.0,29.610800251308035
2024-06-15 00:08:54,15848.0,29.62129248032884
2024-06-15 00:08:55,15849.0,29.632666872471134
2024-06-15 00:08:56,15850.0,29.644801668396397
2024-06-15 00:08:57,15851.0,29.657575108766103
2024-06-15 00:08:58,15852.0,29.670865434241733
2024-06-15 00:08:59,15853.0,29.68455088548476
2024-06-15 00:09:00,15854.0,29.698509703156667
2024-06-15 00:09:01,15855.0,29.712620127918928
2024-06-15 00:09:02,15856.0,29.72676040043302
2024-06-15 00:09:03,15857.0,29.740808761360416
2024-06-15 00:09:04,15858.0,29.754643451362607
2024-06-15 00:09:05,15859.0,29.768142711101056
2024-06-15 00:09:06,15860.0,29.78118478123725
2024-06-15 00:09:07,15861.0,29.79364790243266
2024-06-15 00:09:08,15862.0,29.80541031534877
2024-06-15 00:09:09,15863.0,29.816350260647052
2024-06-15 00:09:10,15864.0,29.826345978988986
2024-06-15 00:09:11,15865.0,29.835275711036047
2024-06-15 00:09:12,15866.0,29.843017697449714
2024-06-15 00:09:13,15867.0,29.849450178891466
2024-06-15 00:09:14,15868.0,29.854451396022778
2024-06-15 00:09:15,15869.0,29.85789958950513
2024-06-15 00:09:16,15870.0,29.859672999999997
2024-06-15 00:09:17,15871.0,29.860526461271192
2024-06-15 00:09:18,15872.0,29.86129981157314
2024-06-15 00:09:19,15873.0,29.861998798303254
2024-06-15 00:09:20,15874.0,29.862629168858945
2024-06-15 00:09:21,15875.0,29.863196670637617
2024-06-15 00:09:22,15876.0,29.86370705103669
2024-06-15 00:09:23,15877.0,29.864166057453573
2024-06-15 00:09:24,15878.0,29.86457943728567
2024-06-15 00:09:25,15879.0,29.864952937930394
2024-06-15 00:09:26,15880.0,29.865292306785154
2024-06-15 00:09:27,15881.0,29.865603291247364
2024-06-15 00:09:28,15882.0,29.865891638714434
2024-06-15 00:09:29,15883.0,29.86616309658377
2024-06-15 00:09:30,15884.0,29.86642341225278
2024-06-15 00:09:31,15885.0,29.866678333118884
2024-06-15 00:09:32,15886.0,29.866933606579483
2024-06-15 00:09:33,15887.0,29.867194980031996
2024-06-15 00:09:34,15888.0,29.867468200873823
2024-06-15 00:09:35,15889.0,29.867759016502383
2024-06-15 00:09:36,15890.0,29.868073174315082
2024-06-15 00:09:37,15891.0,29.86841642170933
2024-06-15 00:09:38,15892.0,29.868794506082537
2024-06-15 00:09:39,15893.0,29.869213174832115
2024-06-15 00:09:40,15894.0,29.869678175355478
2024-06-15 00:09:41,15895.0,29.870195255050024
2024-06-15 00:09:42,15896.0,29.87077016131318
2024-06-15 00:09:43,15897.0,29.87140864154234
2024-06-15 00:09:44,15898.0,29.872116443134924
2024-06-15 00:09:45,15899.0,29.872899313488343
2024-06-15 00:09:46,15900.0,29.873763
2024-06-15 00:09:47,15901.0,29.875858206005095
2024-06-15 00:09:48,15902.0,29.880222321805245
2024-06-15 00:09:49,15903.0,29.886691125247495
2024-06-15 00:09:50,15904.0,29.89510039417889
2024-06-15 00:09:51,15905.0,29.905285906446466
2024-06-15 00:09:52,15906.0,29.917083439897276
2024-06-15 00:09:53,15907.0,29.93032877237836
2024-06-15 00:09:54,15908.0,29.944857681736764
2024-06-15 00:09:55,15909.0,29.960505945819527
2024-06-15 00:09:56,15910.0,29.977109342473703
2024-06-15 00:09:57,15911.0,29.99450364954632
2024-06-15 00:09:58,15912.0,30.012524644884436
2024-06-15 00:09:59,15913.0,30.03100810633509
2024-06-15 00:10:00,15914.0,30.04978981174532
2024-06-15 00:10:01,15915.0,30.06870553896218
2024-06-15 00:10:02,15916.0,30.08759106583271
2024-06-15 00:10:03,15917.0,30.106282170203958
2024-06-15 00:10:04,15918.0,30.12461462992296
2024-06-15 00:10:05,15919.0,30.14242422283676
2024-06-15 00:10:06,15920.0,30.159546726792406
2024-06-15 00:10:07,15921.0,30.17581791963694
2024-06-15 00:10:08,15922.0,30.191073579217406
2024-06-15 00:10:09,15923.0,30.20514948338085
2024-06-15 00:10:10,15924.0,30.21788140997432
2024-06-15 00:10:11,15925.0,30.229105136844847
2024-06-15 00:10:12,15926.0,30.23865644183949
2024-06-15 00:10:13,15927.0,30.246371102805277
2024-06-15 00:10:14,15928.0,30.252084897589263
2024-06-15 00:10:15,15929.0,30.25563360403849
2024-06-15 00:10:16,15930.0,30.256853
2024-06-15 00:10:17,15931.0,30.256826632592592
2024-06-15 00:10:18,15932.0,30.256749927407405
2024-06-15 00:10:19,15933.0,30.256626479999998
2024-06-15 00:10:20,15934.0,30.256459885925928
2024-06-15 00:10:21,15935.0,30.25625374074074
2024-06-15 00:10:22,15936.0,30.256011639999997
2024-06-15 00:10:23,15937.0,30.25573717925926
2024-06-15 00:10:24,15938.0,30.25543395407407
2024-06-15 00:10:25,15939.0,30.25510556
2024-06-15 00:10:26,15940.0,30.254755592592595
2024-06-15 00:10:27,15941.0,30.254387647407405
2024-06-15 00:10:28,15942.0,30.254005319999997
2024-06-15 00:10:29,15943.0,30.253612205925926
2024-06-15 00:10:30,15944.0,30.25321190074074
2024-06-15 00:10:31,15945.0,30.252807999999998
2024-06-15 00:10:32,15946.0,30.25240409925926
2024-06-15 00:10:33,15947.0,30.252003794074074
2024-06-15 00:10:34,15948.0,30.25161068
2024-06-15 00:10:35,15949.0,30.25122835259259
2024-06-15 00:10:36,15950.0,30.25086040740741
2024-06-15 00:10:37,15951.0,30.25051044
2024-06-15 00:10:38,15952.0,30.25018204592593
2024-06-15 00:10:39,15953.0,30.24987882074074
2024-06-15 00:10:40,15954.0,30.24960436
2024-06-15 00:10:41,15955.0,30.24936225925926
2024-06-15 00:10:42,15956.0,30.249156114074076
2024-06-15 00:10:43,15957.0,30.248989520000002
2024-06-15 00:10:44,15958.0,30.248866072592595
2024-06-15 00:10:45,15959.0,30.248789367407408
2024-06-15 00:10:46,15960.0,30.248763
2024-06-15 00:10:47,15961.0,30.24942909481482
2024-06-15 00:10:48,15962.0,30.251366825185187
2024-06-15 00:10:49,15963.0,30.25448536
2024-06-15 00:10:50,15964.0,30.258693868148146
2024-06-15 00:10:51,15965.0,30.26390151851852
2024-06-15 00:10:52,15966.0,30.27001748
2024-06-15 00:10:53,15967.0,30.27695092148148
2024-06-15 00:10:54,15968.0,30.28461101185185
2024-06-15 00:10:55,15969.0,30.29290692
2024-06-15 00:10:56,15970.0,30.301747814814814
2024-06-15 00:10:57,15971.0,30.311042865185186
2024-06-15 00:10:58,15972.0,30.320701239999998
2024-06-15 00:10:59,15973.0,30.330632108148144
2024-06-15 00:11:00,15974.0,30.340744638518515
2024-06-15 00:11:01,15975.0,30.350947999999995
2024-06-15 00:11:02,15976.0,30.36115136148148
2024-06-15 00:11:03,15977.0,30.371263891851846
2024-06-15 00:11:04,15978.0,30.381194759999996
2024-06-15 00:11:05,15979.0,30.39085313481481
2024-06-15 00:11:06,15980.0,30.40014818518518
2024-06-15 00:11:07,15981.0,30.408989079999994
2024-06-15 00:11:08,15982.0,30.417284988148143
2024-06-15 00:11:09,15983.0,30.424945078518512
2024-06-15 00:11:10,15984.0,30.431878519999994
2024-06-15 00:11:11,15985.0,30.437994481481475
2024-06-15 00:11:12,15986.0,30.443202131851844
2024-06-15 00:11:13,15987.0,30.447410639999994
2024-06-15 00:11:14,15988.0,30.450529174814807
2024-06-15 00:11:15,15989.0,30.45246690518518
2024-06-15 00:11:16,15990.0,30.453132999999994
2024-06-15 00:11:17,15991.0,30.45170322814814
2024-06-15 00:11:18,15992.0,30.447543891851847
2024-06-15 00:11:19,15993.0,30.440849959999994
2024-06-15 00:11:20,15994.0,30.431816401481477
2024-06-15 00:11:21,15995.0,30.42063818518518
2024-06-15 00:11:22,15996.0,30.407510279999993
2024-06-15 00:11:23,15997.0,30.392627654814806
2024-06-15 00:11:24,15998.0,30.376185278518513
2024-06-15 00:11:25,15999.0,30.358378119999994
2024-06-15 00:11:26,16000.0,30.33940114814814
2024-06-15 00:11:27,16001.0,30.319449331851846
2024-06-15 00:11:28,16002.0,30.298717639999996
2024-06-15 00:11:29,16003.0,30.277401041481475
2024-06-15 00:11:30,16004.0,30.255694505185183
2024-06-15 00:11:31,16005.0,30.233793
2024-06-15 00:11:32,16006.0,30.21189149481481
2024-06-15 00:11:33,16007.0,30.19018495851851
2024-06-15 00:11:34,16008.0,30.168868359999998
2024-06-15 00:11:35,16009.0,30.148136668148144
2024-06-15 00:11:36,16010.0,30.128184851851845
2024-06-15 00:11:37,16011.0,30.109207879999996
2024-06-15 00:11:38,16012.0,30.091400721481477
2024-06-15 00:11:39,16013.0,30.07495834518518
2024-06-15 00:11:40,16014.0,30.060075719999993
2024-06-15 00:11:41,16015.0,30.04694781481481
2024-06-15 00:11:42,16016.0,30.035769598518517
2024-06-15 00:11:43,16017.0,30.026736039999996
2024-06-15 00:11:44,16018.0,30.020042108148143
2024-06-15 00:11:45,16019.0,30.015882771851846
2024-06-15 00:11:46,16020.0,30.014452999999996
2024-06-15 00:11:47,16021.0,30.015810682367995
2024-06-15 00:11:48,16022.0,30.01977973343656
2024-06-15 00:11:49,16023.0,30.026204159152545
2024-06-15 00:11:50,16024.0,30.034927965462792
2024-06-15 00:11:51,16025.0,30.045795158314164
2024-06-15 00:11:52,16026.0,30.0586497436535
2024-06-15 00:11:53,16027.0,30.073335727427658
2024-06-15 00:11:54,16028.0,30.089697115583487
2024-06-15 00:11:55,16029.0,30.107577914067836
2024-06-15 00:11:56,16030.0,30.126822128827556
2024-06-15 00:11:57,16031.0,30.147273765809498
2024-06-15 00:11:58,16032.0,30.168776830960514
2024-06-15 00:11:59,16033.0,30.19117533022745
2024-06-15 00:12:00,16034.0,30.214313269557163
2024-06-15 00:12:01,16035.0,30.238034654896502
2024-06-15 00:12:02,16036.0,30.262183492192317
2024-06-15 00:12:03,16037.0,30.286603787391453
2024-06-15 00:12:04,16038.0,30.31113954644077
2024-06-15 00:12:05,16039.0,30.335634775287115
2024-06-15 00:12:06,16040.0,30.359933479877334
2024-06-15 00:12:07,16041.0,30.383879666158286
2024-06-15 00:12:08,16042.0,30.407317340076816
2024-06-15 00:12:09,16043.0,30.430090507579777
2024-06-15 00:12:10,16044.0,30.45204317461402
2024-06-15 00:12:11,16045.0,30.47301934712639
2024-06-15 00:12:12,16046.0,30.492863031063745
2024-06-15 00:12:13,16047.0,30.511418232372932
2024-06-15 00:12:14,16048.0,30.528528957000802
2024-06-15 00:12:15,16049.0,30.54403921089421
2024-06-15 00:12:16,16050.0,30.557792999999997
2024-06-15 00:12:17,16051.0,30.570746412809488
2024-06-15 00:12:18,16052.0,30.583928299295486
2024-06-15 00:12:19,16053.0,30.59729180762706
2024-06-15 00:12:20,16054.0,30.610790085973285
2024-06-15 00:12:21,16055.0,30.62437628250323
2024-06-15 00:12:22,16056.0,30.638003545385974
2024-06-15 00:12:23,16057.0,30.651625022790586
2024-06-15 00:12:24,16058.0,30.66519386288614
2024-06-15 00:12:25,16059.0,30.678663213841705
2024-06-15 00:12:26,16060.0,30.69198622382636
2024-06-15 00:12:27,16061.0,30.705116041009173
2024-06-15 00:12:28,16062.0,30.718005813559223
2024-06-15 00:12:29,16063.0,30.730608689645575
2024-06-15 00:12:30,16064.0,30.742877817437307
2024-06-15 00:12:31,16065.0,30.75476634510349
2024-06-15 00:12:32,16066.0,30.766227420813205
2024-06-15 00:12:33,16067.0,30.77721419273551
2024-06-15 00:12:34,16068.0,30.78767980903948
2024-06-15 00:12:35,16069.0,30.797577417894203
2024-06-15 00:12:36,16070.0,30.806860167468738
2024-06-15 00:12:37,16071.0,30.815481205932162
2024-06-15 00:12:38,16072.0,30.82339368145355
2024-06-15 00:12:39,16073.0,30.830550742201968
2024-06-15 00:12:40,16074.0,30.836905536346496
2024-06-15 00:12:41,16075.0,30.842411212056206
2024-06-15 00:12:42,16076.0,30.847020917500164
2024-06-15 00:12:43,16077.0,30.850687800847453
2024-06-15 00:12:44,16078.0,30.853365010267137
2024-06-15 00:12:45,16079.0,30.855005693928298
2024-06-15 00:12:46,16080.0,30.855563
2024-06-15 00:12:47,16081.0,30.853744137777777
2024-06-15 00:12:48,16082.0,30.84845290222222
2024-06-15 00:12:49,16083.0,30.83993732
2024-06-15 00:12:50,16084.0,30.828445417777775
2024-06-15 00:12:51,16085.0,30.814225222222223
2024-06-15 00:12:52,16086.0,30.797524759999998
2024-06-15 00:12:53,16087.0,30.77859205777778
2024-06-15 00:12:54,16088.0,30.757675142222222
2024-06-15 00:12:55,16089.0,30.73502204
2024-06-15 00:12:56,16090.0,30.710880777777778
2024-06-15 00:12:57,16091.0,30.685499382222226
2024-06-15 00:12:58,16092.0,30.65912588
2024-06-15 00:12:59,16093.0,30.63200829777778
2024-06-15 00:13:00,16094.0,30.604394662222223
2024-06-15 00:13:01,16095.0,30.576533
2024-06-15 00:13:02,16096.0,30.54867133777778
2024-06-15 00:13:03,16097.0,30.521057702222226
2024-06-15 00:13:04,16098.0,30.49394012
2024-06-15 00:13:05,16099.0,30.467566617777777
2024-06-15 00:13:06,16100.0,30.442185222222225
2024-06-15 00:13:07,16101.0,30.418043960000002
2024-06-15 00:13:08,16102.0,30.39539085777778
2024-06-15 00:13:09,16103.0,30.374473942222224
2024-06-15 00:13:10,16104.0,30.355541240000004
2024-06-15 00:13:11,16105.0,30.33884077777778
2024-06-15 00:13:12,16106.0,30.324620582222224
2024-06-15 00:13:13,16107.0,30.313128680000002
2024-06-15 00:13:14,16108.0,30.304613097777782
2024-06-15 00:13:15,16109.0,30.299321862222225
2024-06-15 00:13:16,16110.0,30.297503000000003
2024-06-15 00:13:17,16111.0,30.300223568888892
2024-06-15 00:13:18,16112.0,30.308137951111114
2024-06-15 00:13:19,16113.0,30.320875160000003
2024-06-15 00:13:20,16114.0,30.33806420888889
2024-06-15 00:13:21,16115.0,30.359334111111114
2024-06-15 00:13:22,16116.0,30.38431388
2024-06-15 00:13:23,16117.0,30.412632528888892
2024-06-15 00:13:24,16118.0,30.443919071111115
2024-06-15 00:13:25,16119.0,30.47780252
2024-06-15 00:13:26,16120.0,30.51391188888889
2024-06-15 00:13:27,16121.0,30.551876191111113
2024-06-15 00:13:28,16122.0,30.59132444
2024-06-15 00:13:29,16123.0,30.63188564888889
2024-06-15 00:13:30,16124.0,30.673188831111112
2024-06-15 00:13:31,16125.0,30.714863
2024-06-15 00:13:32,16126.0,30.756537168888894
2024-06-15 00:13:33,16127.0,30.797840351111113
2024-06-15 00:13:34,16128.0,30.838401560000005
2024-06-15 00:13:35,16129.0,30.877849808888893
2024-06-15 00:13:36,16130.0,30.915814111111114
2024-06-15 00:13:37,16131.0,30.951923480000005
2024-06-15 00:13:38,16132.0,30.98580692888889
2024-06-15 00:13:39,16133.0,31.017093471111114
2024-06-15 00:13:40,16134.0,31.045412120000005
2024-06-15 00:13:41,16135.0,31.070391888888892
2024-06-15 00:13:42,16136.0,31.09166179111111
2024-06-15 00:13:43,16137.0,31.108850840000002
2024-06-15 00:13:44,16138.0,31.121588048888896
2024-06-15 00:13:45,16139.0,31.129502431111113
2024-06-15 00:13:46,16140.0,31.132223000000003
2024-06-15 00:13:47,16141.0,31.12944281925926
2024-06-15 00:13:48,16142.0,31.121355020740747
2024-06-15 00:13:49,16143.0,31.108338720000003
2024-06-15 00:13:50,16144.0,31.090773032592594
2024-06-15 00:13:51,16145.0,31.069037074074078
2024-06-15 00:13:52,16146.0,31.04350996
2024-06-15 00:13:53,16147.0,31.014570805925928
2024-06-15 00:13:54,16148.0,30.98259872740741
2024-06-15 00:13:55,16149.0,30.947972840000002
2024-06-15 00:13:56,16150.0,30.91107225925926
2024-06-15 00:13:57,16151.0,30.87227610074074
2024-06-15 00:13:58,16152.0,30.831963480000002
2024-06-15 00:13:59,16153.0,30.790513512592597
2024-06-15 00:14:00,16154.0,30.748305314074074
2024-06-15 00:14:01,16155.0,30.705718000000005
2024-06-15 00:14:02,16156.0,30.66313068592593
2024-06-15 00:14:03,16157.0,30.620922487407405
2024-06-15 00:14:04,16158.0,30.57947252
2024-06-15 00:14:05,16159.0,30.53915989925926
2024-06-15 00:14:06,16160.0,30.50036374074074
2024-06-15 00:14:07,16161.0,30.46346316
2024-06-15 00:14:08,16162.0,30.42883727259259
2024-06-15 00:14:09,16163.0,30.396865194074074
2024-06-15 00:14:10,16164.0,30.36792604
2024-06-15 00:14:11,16165.0,30.342398925925927
2024-06-15 00:14:12,16166.0,30.320662967407408
2024-06-15 00:14:13,16167.0,30.30309728
2024-06-15 00:14:14,16168.0,30.29008097925926
2024-06-15 00:14:15,16169.0,30.28199318074074
2024-06-15 00:14:16,16170.0,30.279213
2024-06-15 00:14:17,16171.0,30.280122594074072
2024-06-15 00:14:18,16172.0,30.282768685925927
2024-06-15 00:14:19,16173.0,30.287027239999997
2024-06-15 00:14:20,16174.0,30.29277422074074
2024-06-15 00:14:21,16175.0,30.29988559259259
2024-06-15 00:14:22,16176.0,30.308237319999996
2024-06-15 00:14:23,16177.0,30.317705367407406
2024-06-15 00:14:24,16178.0,30.32816569925926
2024-06-15 00:14:25,16179.0,30.33949428
2024-06-15 00:14:26,16180.0,30.351567074074072
2024-06-15 00:14:27,16181.0,30.364260045925924
2024-06-15 00:14:28,16182.0,30.37744916
2024-06-15 00:14:29,16183.0,30.391010380740738
2024-06-15 00:14:30,16184.0,30.40481967259259
2024-06-15 00:14:31,16185.0,30.418753000000002
2024-06-15 00:14:32,16186.0,30.432686327407406
2024-06-15 00:14:33,16187.0,30.446495619259256
2024-06-15 00:14:34,16188.0,30.46005684
2024-06-15 00:14:35,16189.0,30.473245954074073
2024-06-15 00:14:36,16190.0,30.485938925925925
2024-06-15 00:14:37,16191.0,30.49801172
2024-06-15 00:14:38,16192.0,30.50934030074074
2024-06-15 00:14:39,16193.0,30.51980063259259
2024-06-15 00:14:40,16194.0,30.529268679999998
2024-06-15 00:14:41,16195.0,30.53762040740741
2024-06-15 00:14:42,16196.0,30.54473177925926
2024-06-15 00:14:43,16197.0,30.550478759999997
2024-06-15 00:14:44,16198.0,30.554737314074075
2024-06-15 00:14:45,16199.0,30.557383405925926
2024-06-15 00:14:46,16200.0,30.558293
2024-06-15 00:14:47,16201.0,30.556950250370367
2024-06-15 00:14:48,16202.0,30.553044069629628
2024-06-15 00:14:49,16203.0,30.54675756
2024-06-15 00:14:50,16204.0,30.538273823703705
2024-06-15 00:14:51,16205.0,30.527775962962963
2024-06-15 00:14:52,16206.0,30.515447079999998
2024-06-15 00:14:53,16207.0,30.501470277037036
2024-06-15 00:14:54,16208.0,30.486028656296295
2024-06-15 00:14:55,16209.0,30.46930532
2024-06-15 00:14:56,16210.0,30.45148337037037
2024-06-15 00:14:57,16211.0,30.432745909629627
2024-06-15 00:14:58,16212.0,30.41327604
2024-06-15 00:14:59,16213.0,30.3932568637037
2024-06-15 00:15:00,16214.0,30.37287148296296
2024-06-15 00:15:01,16215.0,30.352303
2024-06-15 00:15:02,16216.0,30.331734517037038
2024-06-15 00:15:03,16217.0,30.311349136296297
2024-06-15 00:15:04,16218.0,30.291329960000002
2024-06-15 00:15:05,16219.0,30.271860090370367
2024-06-15 00:15:06,16220.0,30.25312262962963
2024-06-15 00:15:07,16221.0,30.23530068
2024-06-15 00:15:08,16222.0,30.218577343703704
2024-06-15 00:15:09,16223.0,30.203135722962962
2024-06-15 00:15:10,16224.0,30.189158919999997
2024-06-15 00:15:11,16225.0,30.176830037037035
2024-06-15 00:15:12,16226.0,30.166332176296294
2024-06-15 00:15:13,16227.0,30.15784844
2024-06-15 00:15:14,16228.0,30.15156193037037
2024-06-15 00:15:15,16229.0,30.14765574962963
2024-06-15 00:15:16,16230.0,30.146313
2024-06-15 00:15:17,16231.0,30.15147868479188
2024-06-15 00:15:18,16232.0,30.166867244713462
2024-06-15 00:15:19,16233.0,30.192315938083677
2024-06-15 00:15:20,16234.0,30.227662023221434
2024-06-15 00:15:21,16235.0,30.27274275844567
2024-06-15 00:15:22,16236.0,30.32739540207529
2024-06-15 00:15:23,16237.0,30.391457212429227
2024-06-15 00:15:24,16238.0,30.464765447826398
2024-06-15 00:15:25,16239.0,30.54715736658573
2024-06-15 00:15:26,16240.0,30.638470227026133
2024-06-15 00:15:27,16241.0,30.738541287466546
2024-06-15 00:15:28,16242.0,30.84720780622587
2024-06-15 00:15:29,16243.0,30.964307041623044
2024-06-15 00:15:30,16244.0,31.08967625197698
2024-06-15 00:15:31,16245.0,31.223152695606604
2024-06-15 00:15:32,16246.0,31.364573630830836
2024-06-15 00:15:33,16247.0,31.513776315968595
2024-06-15 00:15:34,16248.0,31.670598009338807
2024-06-15 00:15:35,16249.0,31.834875969260395
2024-06-15 00:15:36,16250.0,32.00644745405227
2024-06-15 00:15:37,16251.0,32.185149722033366
2024-06-15 00:15:38,16252.0,32.3708200315226
2024-06-15 00:15:39,16253.0,32.56329564083889
2024-06-15 00:15:40,16254.0,32.76241380830116
2024-06-15 00:15:41,16255.0,32.96801179222834
2024-06-15 00:15:42,16256.0,33.17992685093933
2024-06-15 00:15:43,16257.0,33.39799624275308
2024-06-15 00:15:44,16258.0,33.62205722598849
2024-06-15 00:15:45,16259.0,33.851947058964484
2024-06-15 00:15:46,16260.0,34.087503
2024-06-15 00:15:47,16261.0,34.43562687881328
2024-06-15 00:15:48,16262.0,34.99298707623373
2024-06-15 00:15:49,16263.0,35.74407067724692
2024-06-15 00:15:50,16264.0,36.673364766838446
2024-06-15 00:15:51,16265.0,37.765356429993886
2024-06-15 00:15:52,16266.0,39.00453275169884
2024-06-15 00:15:53,16267.0,40.375380816938886
2024-06-15 00:15:54,16268.0,41.86238771069962
2024-06-15 00:15:55,16269.0,43.450040517966634
2024-06-15 00:15:56,16270.0,45.122826323725505
2024-06-15 00:15:57,16271.0,46.865232212961836
2024-06-15 00:15:58,16272.0,48.6617452706612
2024-06-15 00:15:59,16273.0,50.496852581809186
2024-06-15 00:16:00,16274.0,52.35504123139139
2024-06-15 00:16:01,16275.0,54.2207983043934
2024-06-15 00:16:02,16276.0,56.0786108858008
2024-06-15 00:16:03,16277.0,57.91296606059918
2024-06-15 00:16:04,16278.0,59.70835091377413
2024-06-15 00:16:05,16279.0,61.44925253031124
2024-06-15 00:16:06,16280.0,63.12015799519611
2024-06-15 00:16:07,16281.0,64.70555439341427
2024-06-15 00:16:08,16282.0,66.1899288099514
2024-06-15 00:16:09,16283.0,67.557768329793
2024-06-15 00:16:10,16284.0,68.79356003792472
2024-06-15 00:16:11,16285.0,69.88179101933213
2024-06-15 00:16:12,16286.0,70.80694835900081
2024-06-15 00:16:13,16287.0,71.55351914191633
2024-06-15 00:16:14,16288.0,72.10599045306432
2024-06-15 00:16:15,16289.0,72.44884937743036
2024-06-15 00:16:16,16290.0,72.56658300000001
2024-06-15 00:16:17,16291.0,72.54281297815045
2024-06-15 00:16:18,16292.0,72.47310505201399
2024-06-15 00:16:19,16293.0,72.35986243070892
2024-06-15 00:16:20,16294.0,72.20548832335353
2024-06-15 00:16:21,16295.0,72.01238593906612
2024-06-15 00:16:22,16296.0,71.78295848696501
2024-06-15 00:16:23,16297.0,71.51960917616847
2024-06-15 00:16:24,16298.0,71.22474121579482
2024-06-15 00:16:25,16299.0,70.90075781496236
2024-06-15 00:16:26,16300.0,70.55006218278938
2024-06-15 00:16:27,16301.0,70.17505752839415
2024-06-15 00:16:28,16302.0,69.77814706089502
2024-06-15 00:16:29,16303.0,69.36173398941027
2024-06-15 00:16:30,16304.0,68.92822152305817
2024-06-15 00:16:31,16305.0,68.48001287095705
2024-06-15 00:16:32,16306.0,68.0195112422252
2024-06-15 00:16:33,16307.0,67.54911984598094
2024-06-15 00:16:34,16308.0,67.07124189134254
2024-06-15 00:16:35,16309.0,66.58828058742829
2024-06-15 00:16:36,16310.0,66.10263914335651
2024-06-15 00:16:37,16311.0,65.6167207682455
2024-06-15 00:16:38,16312.0,65.13292867121355
2024-06-15 00:16:39,16313.0,64.65366606137896
2024-06-15 00:16:40,16314.0,64.18133614786002
2024-06-15 00:16:41,16315.0,63.71834213977505
2024-06-15 00:16:42,16316.0,63.26708724624233
2024-06-15 00:16:43,16317.0,62.82997467638017
2024-06-15 00:16:44,16318.0,62.40940763930686
2024-06-15 00:16:45,16319.0,62.007789344140704
2024-06-15 00:16:46,16320.0,61.627523
2024-06-15 00:16:47,16321.0,61.26061453267958
2024-06-15 00:16:48,16322.0,60.897188764658104
2024-06-15 00:16:49,16323.0,60.536827250079526
2024-06-15 00:16:50,16324.0,60.17911154308785
2024-06-15 00:16:51,16325.0,59.82362319782706
2024-06-15 00:16:52,16326.0,59.46994376844114
2024-06-15 00:16:53,16327.0,59.11765480907406
2024-06-15 00:16:54,16328.0,58.76633787386983
2024-06-15 00:16:55,16329.0,58.41557451697242
2024-06-15 00:16:56,16330.0,58.06494629252581
2024-06-15 00:16:57,16331.0,57.714034754674
2024-06-15 00:16:58,16332.0,57.36242145756097
2024-06-15 00:16:59,16333.0,57.00968795533069
2024-06-15 00:17:00,16334.0,56.65541580212717
2024-06-15 00:17:01,16335.0,56.299186552094376
2024-06-15 00:17:02,16336.0,55.9405817593763
2024-06-15 00:17:03,16337.0,55.57918297811692
2024-06-15 00:17:04,16338.0,55.21457176246023
2024-06-15 00:17:05,16339.0,54.84632966655021
2024-06-15 00:17:06,16340.0,54.47403824453085
2024-06-15 00:17:07,16341.0,54.09727905054613
2024-06-15 00:17:08,16342.0,53.71563363874003
2024-06-15 00:17:09,16343.0,53.32868356325655
2024-06-15 00:17:10,16344.0,52.93601037823966
2024-06-15 00:17:11,16345.0,52.537195637833356
2024-06-15 00:17:12,16346.0,52.13182089618161
2024-06-15 00:17:13,16347.0,51.71946770742842
2024-06-15 00:17:14,16348.0,51.29971762571777
2024-06-15 00:17:15,16349.0,50.87215220519363
2024-06-15 00:17:16,16350.0,50.436353
2024-06-15 00:17:17,16351.0,49.97269512272999
2024-06-15 00:17:18,16352.0,49.46464506419418
2024-06-15 00:17:19,16353.0,48.91642144586266
2024-06-15 00:17:20,16354.0,48.3322428892056
2024-06-15 00:17:21,16355.0,47.71632801569311
2024-06-15 00:17:22,16356.0,47.07289544679532
2024-06-15 00:17:23,16357.0,46.40616380398237
2024-06-15 00:17:24,16358.0,45.72035170872439
2024-06-15 00:17:25,16359.0,45.019677782491506
2024-06-15 00:17:26,16360.0,44.30836064675385
2024-06-15 00:17:27,16361.0,43.59061892298154
2024-06-15 00:17:28,16362.0,42.87067123264474
2024-06-15 00:17:29,16363.0,42.15273619721356
2024-06-15 00:17:30,16364.0,41.44103243815812
2024-06-15 00:17:31,16365.0,40.73977857694857
2024-06-15 00:17:32,16366.0,40.05319323505502
2024-06-15 00:17:33,16367.0,39.38549503394762
2024-06-15 00:17:34,16368.0,38.74090259509649
2024-06-15 00:17:35,16369.0,38.123634539971775
2024-06-15 00:17:36,16370.0,37.53790949004359
2024-06-15 00:17:37,16371.0,36.98794606678207
2024-06-15 00:17:38,16372.0,36.477962891657356
2024-06-15 00:17:39,16373.0,36.01217858613956
2024-06-15 00:17:40,16374.0,35.594811771698836
2024-06-15 00:17:41,16375.0,35.230081069805294
2024-06-15 00:17:42,16376.0,34.922205101929066
2024-06-15 00:17:43,16377.0,34.67540248954029
2024-06-15 00:17:44,16378.0,34.49389185410911
2024-06-15 00:17:45,16379.0,34.381891817105625
2024-06-15 00:17:46,16380.0,34.343621
2024-06-15 00:17:47,16381.0,34.35362719318518
2024-06-15 00:17:48,16382.0,34.38273611881481
2024-06-15 00:17:49,16383.0,34.429583296
2024-06-15 00:17:50,16384.0,34.49280424385185
2024-06-15 00:17:51,16385.0,34.571034481481476
2024-06-15 00:17:52,16386.0,34.662909528
2024-06-15 00:17:53,16387.0,34.76706490251851
2024-06-15 00:17:54,16388.0,34.88213612414815
2024-06-15 00:17:55,16389.0,35.00675871199999
2024-06-15 00:17:56,16390.0,35.139568185185176
2024-06-15 00:17:57,16391.0,35.27920006281481
2024-06-15 00:17:58,16392.0,35.424289863999995
2024-06-15 00:17:59,16393.0,35.573473107851854
2024-06-15 00:18:00,16394.0,35.72538531348148
2024-06-15 00:18:01,16395.0,35.878662
2024-06-15 00:18:02,16396.0,36.031938686518515
2024-06-15 00:18:03,16397.0,36.18385089214814
2024-06-15 00:18:04,16398.0,36.333034135999995
2024-06-15 00:18:05,16399.0,36.478123937185174
2024-06-15 00:18:06,16400.0,36.61775581481481
2024-06-15 00:18:07,16401.0,36.75056528799999
2024-06-15 00:18:08,16402.0,36.87518787585185
2024-06-15 00:18:09,16403.0,36.99025909748148
2024-06-15 00:18:10,16404.0,37.09441447199999
2024-06-15 00:18:11,16405.0,37.18628951851851
2024-06-15 00:18:12,16406.0,37.26451975614814
2024-06-15 00:18:13,16407.0,37.32774070399999
2024-06-15 00:18:14,16408.0,37.37458788118518
2024-06-15 00:18:15,16409.0,37.40369680681481
2024-06-15 00:18:16,16410.0,37.41370299999999
2024-06-15 00:18:17,16411.0,37.40409470370369
2024-06-15 00:18:18,16412.0,37.376143296296284
2024-06-15 00:18:19,16413.0,37.33115899999999
2024-06-15 00:18:20,16414.0,37.27045203703703
2024-06-15 00:18:21,16415.0,37.195332629629625
2024-06-15 00:18:22,16416.0,37.10711099999999
2024-06-15 00:18:23,16417.0,37.00709737037037
2024-06-15 00:18:24,16418.0,36.896601962962954
2024-06-15 00:18:25,16419.0,36.776934999999995
2024-06-15 00:18:26,16420.0,36.649406703703704
2024-06-15 00:18:27,16421.0,36.51532729629629
2024-06-15 00:18:28,16422.0,36.376007
2024-06-15 00:18:29,16423.0,36.23275603703703
2024-06-15 00:18:30,16424.0,36.08688462962963
2024-06-15 00:18:31,16425.0,35.939702999999994
2024-06-15 00:18:32,16426.0,35.792521370370366
2024-06-15 00:18:33,16427.0,35.64664996296296
2024-06-15 00:18:34,16428.0,35.503399
2024-06-15 00:18:35,16429.0,35.364078703703704
2024-06-15 00:18:36,16430.0,35.2299992962963
2024-06-15 00:18:37,16431.0,35.102471
2024-06-15 00:18:38,16432.0,34.982804037037035
2024-06-15 00:18:39,16433.0,34.87230862962963
2024-06-15 00:18:40,16434.0,34.77229500000001
2024-06-15 00:18:41,16435.0,34.68407337037038
2024-06-15 00:18:42,16436.0,34.608953962962964
2024-06-15 00:18:43,16437.0,34.548247
2024-06-15 00:18:44,16438.0,34.503262703703705
2024-06-15 00:18:45,16439.0,34.4753112962963
2024-06-15 00:18:46,16440.0,34.465703000000005
2024-06-15 00:18:47,16441.0,34.478187454809934
2024-06-15 00:18:48,16442.0,34.51497556570271
2024-06-15 00:18:49,16443.0,34.57506945237284
2024-06-15 00:18:50,16444.0,34.65747123451481
2024-06-15 00:18:51,16445.0,34.76118303182313
2024-06-15 00:18:52,16446.0,34.885206963992296
2024-06-15 00:18:53,16447.0,35.028545150716795
2024-06-15 00:18:54,16448.0,35.190199711691136
2024-06-15 00:18:55,16449.0,35.369172766609815
2024-06-15 00:18:56,16450.0,35.56446643516733
2024-06-15 00:18:57,16451.0,35.77508283705818
2024-06-15 00:18:58,16452.0,36.00002409197686
2024-06-15 00:18:59,16453.0,36.23829231961787
2024-06-15 00:19:00,16454.0,36.488889639675705
2024-06-15 00:19:01,16455.0,36.75081817184487
2024-06-15 00:19:02,16456.0,37.02308003581985
2024-06-15 00:19:03,16457.0,37.30467735129516
2024-06-15 00:19:04,16458.0,37.594612237965286
2024-06-15 00:19:05,16459.0,37.89188681552473
2024-06-15 00:19:06,16460.0,38.195503203668
2024-06-15 00:19:07,16461.0,38.504463522089566
2024-06-15 00:19:08,16462.0,38.81776989048395
2024-06-15 00:19:09,16463.0,39.13442442854564
2024-06-15 00:19:10,16464.0,39.45342925596915
2024-06-15 00:19:11,16465.0,39.773786492448956
2024-06-15 00:19:12,16466.0,40.09449825767957
2024-06-15 00:19:13,16467.0,40.41456667135547
2024-06-15 00:19:14,16468.0,40.73299385317119
2024-06-15 00:19:15,16469.0,41.0487819228212
2024-06-15 00:19:16,16470.0,41.360933
2024-06-15 00:19:17,16471.0,41.6971542934751
2024-06-15 00:19:18,16472.0,42.08296481053252
2024-06-15 00:19:19,16473.0,42.51408436864453
2024-06-15 00:19:20,16474.0,42.986232785283406
2024-06-15 00:19:21,16475.0,43.49512987792143
2024-06-15 00:19:22,16476.0,44.036495464030864
2024-06-15 00:19:23,16477.0,44.60604936108399
2024-06-15 00:19:24,16478.0,45.19951138655309
2024-06-15 00:19:25,16479.0,45.812601357910445
2024-06-15 00:19:26,16480.0,46.44103909262831
2024-06-15 00:19:27,16481.0,47.08054440817898
2024-06-15 00:19:28,16482.0,47.726837122034716
2024-06-15 00:19:29,16483.0,48.37563705166781
2024-06-15 00:19:30,16484.0,49.02266401455052
2024-06-15 00:19:31,16485.0,49.66363782815514
2024-06-15 00:19:32,16486.0,50.29427830995393
2024-06-15 00:19:33,16487.0,50.91030527741917
2024-06-15 00:19:34,16488.0,51.507438548023146
2024-06-15 00:19:35,16489.0,52.08139793923812
2024-06-15 00:19:36,16490.0,52.62790326853637
2024-06-15 00:19:37,16491.0,53.14267435339019
2024-06-15 00:19:38,16492.0,53.62143101127183
2024-06-15 00:19:39,16493.0,54.05989305965359
2024-06-15 00:19:40,16494.0,54.453780316007716
2024-06-15 00:19:41,16495.0,54.7988125978065
2024-06-15 00:19:42,16496.0,55.090709722522234
2024-06-15 00:19:43,16497.0,55.32519150762717
2024-06-15 00:19:44,16498.0,55.49797777059359
2024-06-15 00:19:45,16499.0,55.604788328893775
2024-06-15 00:19:46,16500.0,55.641343
2024-06-15 00:19:47,16501.0,55.57387096533333
2024-06-15 00:19:48,16502.0,55.37758868266666
2024-06-15 00:19:49,16503.0,55.061696884
2024-06-15 00:19:50,16504.0,54.63539630133334
2024-06-15 00:19:51,16505.0,54.10788766666666
2024-06-15 00:19:52,16506.0,53.488371712
2024-06-15 00:19:53,16507.0,52.78604916933333
2024-06-15 00:19:54,16508.0,52.01012077066667
2024-06-15 00:19:55,16509.0,51.169787248
2024-06-15 00:19:56,16510.0,50.27424933333333
2024-06-15 00:19:57,16511.0,49.33270775866666
2024-06-15 00:19:58,16512.0,48.35436325599999
2024-06-15 00:19:59,16513.0,47.34841655733332
2024-06-15 00:20:00,16514.0,46.32406839466666
2024-06-15 00:20:01,16515.0,45.290519499999995
2024-06-15 00:20:02,16516.0,44.25697060533333
2024-06-15 00:20:03,16517.0,43.23262244266665
2024-06-15 00:20:04,16518.0,42.22667574399999
2024-06-15 00:20:05,16519.0,41.24833124133332
2024-06-15 00:20:06,16520.0,40.30678966666666
2024-06-15 00:20:07,16521.0,39.41125175199999
2024-06-15 00:20:08,16522.0,38.57091822933332
2024-06-15 00:20:09,16523.0,37.79498983066665
2024-06-15 00:20:10,16524.0,37.09266728799999
2024-06-15 00:20:11,16525.0,36.47315133333332
2024-06-15 00:20:12,16526.0,35.94564269866665
2024-06-15 00:20:13,16527.0,35.51934211599998
2024-06-15 00:20:14,16528.0,35.20345031733331
2024-06-15 00:20:15,16529.0,35.007168034666655
2024-06-15 00:20:16,16530.0,34.939695999999984
2024-06-15 00:20:17,16531.0,34.960545699851835
2024-06-15 00:20:18,16532.0,35.02119937214813
2024-06-15 00:20:19,16533.0,35.11881387599998
2024-06-15 00:20:20,16534.0,35.2505460705185
2024-06-15 00:20:21,16535.0,35.4135528148148
2024-06-15 00:20:22,16536.0,35.60499096799999
2024-06-15 00:20:23,16537.0,35.82201738918517
2024-06-15 00:20:24,16538.0,36.06178893748147
2024-06-15 00:20:25,16539.0,36.321462471999986
2024-06-15 00:20:26,16540.0,36.59819485185184
2024-06-15 00:20:27,16541.0,36.88914293614813
2024-06-15 00:20:28,16542.0,37.19146358399998
2024-06-15 00:20:29,16543.0,37.50231365451851
2024-06-15 00:20:30,16544.0,37.818850006814806
2024-06-15 00:20:31,16545.0,38.13822949999999
2024-06-15 00:20:32,16546.0,38.457608993185175
2024-06-15 00:20:33,16547.0,38.77414534548147
2024-06-15 00:20:34,16548.0,39.08499541599999
2024-06-15 00:20:35,16549.0,39.38731606385184
2024-06-15 00:20:36,16550.0,39.67826414814814
2024-06-15 00:20:37,16551.0,39.954996527999995
2024-06-15 00:20:38,16552.0,40.21467006251851
2024-06-15 00:20:39,16553.0,40.45444161081481
2024-06-15 00:20:40,16554.0,40.671468032
2024-06-15 00:20:41,16555.0,40.86290618518518
2024-06-15 00:20:42,16556.0,41.02591292948148
2024-06-15 00:20:43,16557.0,41.15764512399999
2024-06-15 00:20:44,16558.0,41.25525962785185
2024-06-15 00:20:45,16559.0,41.31591330014815
2024-06-15 00:20:46,16560.0,41.336763
2024-06-15 00:20:47,16561.0,41.33308078666666
2024-06-15 00:20:48,16562.0,41.32236889333333
2024-06-15 00:20:49,16563.0,41.305129439999995
2024-06-15 00:20:50,16564.0,41.28186454666667
2024-06-15 00:20:51,16565.0,41.25307633333333
2024-06-15 00:20:52,16566.0,41.219266919999995
2024-06-15 00:20:53,16567.0,41.180938426666664
2024-06-15 00:20:54,16568.0,41.13859297333333
2024-06-15 00:20:55,16569.0,41.09273268
2024-06-15 00:20:56,16570.0,41.04385966666666
2024-06-15 00:20:57,16571.0,40.99247605333333
2024-06-15 00:20:58,16572.0,40.93908395999999
2024-06-15 00:20:59,16573.0,40.88418550666666
2024-06-15 00:21:00,16574.0,40.82828281333333
2024-06-15 00:21:01,16575.0,40.771878
2024-06-15 00:21:02,16576.0,40.71547318666667
2024-06-15 00:21:03,16577.0,40.659570493333334
2024-06-15 00:21:04,16578.0,40.60467204
2024-06-15 00:21:05,16579.0,40.55127994666667
2024-06-15 00:21:06,16580.0,40.49989633333333
2024-06-15 00:21:07,16581.0,40.45102331999999
2024-06-15 00:21:08,16582.0,40.40516302666666
2024-06-15 00:21:09,16583.0,40.36281757333333
2024-06-15 00:21:10,16584.0,40.32448908
2024-06-15 00:21:11,16585.0,40.29067966666666
2024-06-15 00:21:12,16586.0,40.261891453333334
2024-06-15 00:21:13,16587.0,40.23862655999999
2024-06-15 00:21:14,16588.0,40.22138710666666
2024-06-15 00:21:15,16589.0,40.210675213333325
2024-06-15 00:21:16,16590.0,40.206993
2024-06-15 00:21:17,16591.0,40.45788813777778
2024-06-15 00:21:18,16592.0,41.18776490222221
2024-06-15 00:21:19,16593.0,42.362410319999995
2024-06-15 00:21:20,16594.0,43.94761141777778
2024-06-15 00:21:21,16595.0,45.90915522222222
2024-06-15 00:21:22,16596.0,48.21282876
2024-06-15 00:21:23,16597.0,50.82441905777777
2024-06-15 00:21:24,16598.0,53.70971314222221
2024-06-15 00:21:25,16599.0,56.83449803999999
2024-06-15 00:21:26,16600.0,60.16456077777777
2024-06-15 00:21:27,16601.0,63.665688382222214
2024-06-15 00:21:28,16602.0,67.30366787999999
2024-06-15 00:21:29,16603.0,71.04428629777776
2024-06-15 00:21:30,16604.0,74.8533306622222
2024-06-15 00:21:31,16605.0,78.69658799999999
2024-06-15 00:21:32,16606.0,82.53984533777776
2024-06-15 00:21:33,16607.0,86.34888970222221
2024-06-15 00:21:34,16608.0,90.08950811999998
2024-06-15 00:21:35,16609.0,93.72748761777774
2024-06-15 00:21:36,16610.0,97.2286152222222
2024-06-15 00:21:37,16611.0,100.55867795999995
2024-06-15 00:21:38,16612.0,103.68346285777777
2024-06-15 00:21:39,16613.0,106.56875694222221
2024-06-15 00:21:40,16614.0,109.18034724
2024-06-15 00:21:41,16615.0,111.48402077777774
2024-06-15 00:21:42,16616.0,113.44556458222219
2024-06-15 00:21:43,16617.0,115.03076567999999
2024-06-15 00:21:44,16618.0,116.20541109777774
2024-06-15 00:21:45,16619.0,116.9352878622222
2024-06-15 00:21:46,16620.0,117.18618299999997
2024-06-15 00:21:47,16621.0,116.92546235130982
2024-06-15 00:21:48,16622.0,116.16661651065259
2024-06-15 00:21:49,16623.0,114.94461963614805
2024-06-15 00:21:50,16624.0,113.29444588591603
2024-06-15 00:21:51,16625.0,111.25106941807633
2024-06-15 00:21:52,16626.0,108.84946439074872
2024-06-15 00:21:53,16627.0,106.12460496205303
2024-06-15 00:21:54,16628.0,103.11146529010905
2024-06-15 00:21:55,16629.0,99.84501953303658
2024-06-15 00:21:56,16630.0,96.3602418489554
2024-06-15 00:21:57,16631.0,92.69210639598536
2024-06-15 00:21:58,16632.0,88.87558733224621
2024-06-15 00:21:59,16633.0,84.9456588158578
2024-06-15 00:22:00,16634.0,80.93729500493988
2024-06-15 00:22:01,16635.0,76.88547005761228
2024-06-15 00:22:02,16636.0,72.82515813199478
2024-06-15 00:22:03,16637.0,68.79133338620721
2024-06-15 00:22:04,16638.0,64.81896997836935
2024-06-15 00:22:05,16639.0,60.943042066601
2024-06-15 00:22:06,16640.0,57.19852380902196
2024-06-15 00:22:07,16641.0,53.62038936375204
2024-06-15 00:22:08,16642.0,50.24361288891103
2024-06-15 00:22:09,16643.0,47.10316854261875
2024-06-15 00:22:10,16644.0,44.23403048299495
2024-06-15 00:22:11,16645.0,41.671172868159516
2024-06-15 00:22:12,16646.0,39.44956985623217
2024-06-15 00:22:13,16647.0,37.60419560533275
2024-06-15 00:22:14,16648.0,36.170024273581035
2024-06-15 00:22:15,16649.0,35.18203001909686
2024-06-15 00:22:16,16650.0,34.67518700000001
2024-06-15 00:22:17,16651.0,34.426271688225675
2024-06-15 00:22:18,16652.0,34.18851596803243
2024-06-15 00:22:19,16653.0,33.96157711602506
2024-06-15 00:22:20,16654.0,33.74511240880835
2024-06-15 00:22:21,16655.0,33.538779122987115
2024-06-15 00:22:22,16656.0,33.342234535166135
2024-06-15 00:22:23,16657.0,33.1551359219502
2024-06-15 00:22:24,16658.0,32.9771405599441
2024-06-15 00:22:25,16659.0,32.80790572575264
2024-06-15 00:22:26,16660.0,32.64708869598061
2024-06-15 00:22:27,16661.0,32.49434674723279
2024-06-15 00:22:28,16662.0,32.34933715611398
2024-06-15 00:22:29,16663.0,32.211717199228985
2024-06-15 00:22:30,16664.0,32.081144153182585
2024-06-15 00:22:31,16665.0,31.95727529457956
2024-06-15 00:22:32,16666.0,31.83976790002473
2024-06-15 00:22:33,16667.0,31.728279246122874
2024-06-15 00:22:34,16668.0,31.622466609478778
2024-06-15 00:22:35,16669.0,31.521987266697245
2024-06-15 00:22:36,16670.0,31.426498494383065
2024-06-15 00:22:37,16671.0,31.33565756914103
2024-06-15 00:22:38,16672.0,31.249121767575932
2024-06-15 00:22:39,16673.0,31.16654836629256
2024-06-15 00:22:40,16674.0,31.087594641895713
2024-06-15 00:22:41,16675.0,31.011917870990185
2024-06-15 00:22:42,16676.0,30.939175330180763
2024-06-15 00:22:43,16677.0,30.86902429607224
2024-06-15 00:22:44,16678.0,30.801122045269416
2024-06-15 00:22:45,16679.0,30.735125854377067
2024-06-15 00:22:46,16680.0,30.670693000000007
2024-06-15 00:22:47,16681.0,30.60701206779457
2024-06-15 00:22:48,16682.0,30.543589058596503
2024-06-15 00:22:49,16683.0,30.48055737177969
2024-06-15 00:22:50,16684.0,30.418050406718002
2024-06-15 00:22:51,16685.0,30.35620156278533
2024-06-15 00:22:52,16686.0,30.295144239355547
2024-06-15 00:22:53,16687.0,30.235011835802545
2024-06-15 00:22:54,16688.0,30.175937751500197
2024-06-15 00:22:55,16689.0,30.118055385822387
2024-06-15 00:22:56,16690.0,30.06149813814299
2024-06-15 00:22:57,16691.0,30.006399407835904
2024-06-15 00:22:58,16692.0,29.95289259427499
2024-06-15 00:22:59,16693.0,29.90111109683414
2024-06-15 00:23:00,16694.0,29.851188314887235
2024-06-15 00:23:01,16695.0,29.80325764780815
2024-06-15 00:23:02,16696.0,29.757452494970774
2024-06-15 00:23:03,16697.0,29.71390625574898
2024-06-15 00:23:04,16698.0,29.672752329516662
2024-06-15 00:23:05,16699.0,29.634124115647683
2024-06-15 00:23:06,16700.0,29.598155013515942
2024-06-15 00:23:07,16701.0,29.564978422495304
2024-06-15 00:23:08,16702.0,29.534727741959667
2024-06-15 00:23:09,16703.0,29.5075363712829
2024-06-15 00:23:10,16704.0,29.483537709838885
2024-06-15 00:23:11,16705.0,29.46286515700151
2024-06-15 00:23:12,16706.0,29.445652112144646
2024-06-15 00:23:13,16707.0,29.432031974642186
2024-06-15 00:23:14,16708.0,29.422138143868
2024-06-15 00:23:15,16709.0,29.416104019195984
2024-06-15 00:23:16,16710.0,29.414063
2024-06-15 00:23:17,16711.0,29.41958741185185
2024-06-15 00:23:18,16712.0,29.435658428148148
2024-06-15 00:23:19,16713.0,29.461522719999998
2024-06-15 00:23:20,16714.0,29.49642695851852
2024-06-15 00:23:21,16715.0,29.539617814814815
2024-06-15 00:23:22,16716.0,29.59034196
2024-06-15 00:23:23,16717.0,29.647846065185185
2024-06-15 00:23:24,16718.0,29.71137680148148
2024-06-15 00:23:25,16719.0,29.78018084
2024-06-15 00:23:26,16720.0,29.853504851851852
2024-06-15 00:23:27,16721.0,29.930595508148148
2024-06-15 00:23:28,16722.0,30.01069948
2024-06-15 00:23:29,16723.0,30.09306343851852
2024-06-15 00:23:30,16724.0,30.176934054814815
2024-06-15 00:23:31,16725.0,30.261558
2024-06-15 00:23:32,16726.0,30.346181945185187
2024-06-15 00:23:33,16727.0,30.43005256148148
2024-06-15 00:23:34,16728.0,30.512416520000002
2024-06-15 00:23:35,16729.0,30.592520491851854
2024-06-15 00:23:36,16730.0,30.66961114814815
2024-06-15 00:23:37,16731.0,30.742935160000002
2024-06-15 00:23:38,16732.0,30.811739198518524
2024-06-15 00:23:39,16733.0,30.875269934814813
2024-06-15 00:23:40,16734.0,30.93277404
2024-06-15 00:23:41,16735.0,30.98349818518519
2024-06-15 00:23:42,16736.0,31.02668904148149
2024-06-15 00:23:43,16737.0,31.061593280000004
2024-06-15 00:23:44,16738.0,31.087457571851857
2024-06-15 00:23:45,16739.0,31.103528588148148
2024-06-15 00:23:46,16740.0,31.109053000000003
2024-06-15 00:23:47,16741.0,31.104560454073937
2024-06-15 00:23:48,16742.0,31.091485210063333
2024-06-15 00:23:49,16743.0,31.070430858619545
2024-06-15 00:23:50,16744.0,31.04200099039395
2024-06-15 00:23:51,16745.0,31.00679919603792
2024-06-15 00:23:52,16746.0,30.965429066202816
2024-06-15 00:23:53,16747.0,30.918494191540017
2024-06-15 00:23:54,16748.0,30.866598162700885
2024-06-15 00:23:55,16749.0,30.810344570336795
2024-06-15 00:23:56,16750.0,30.750337005099112
2024-06-15 00:23:57,16751.0,30.687179057639206
2024-06-15 00:23:58,16752.0,30.62147431860845
2024-06-15 00:23:59,16753.0,30.553826378658204
2024-06-15 00:24:00,16754.0,30.48483882843985
2024-06-15 00:24:01,16755.0,30.415115258604747
2024-06-15 00:24:02,16756.0,30.345259259804273
2024-06-15 00:24:03,16757.0,30.27587442268979
2024-06-15 00:24:04,16758.0,30.20756433791267
2024-06-15 00:24:05,16759.0,30.140932596124284
2024-06-15 00:24:06,16760.0,30.076582787975997
2024-06-15 00:24:07,16761.0,30.015118504119183
2024-06-15 00:24:08,16762.0,29.957143335205206
2024-06-15 00:24:09,16763.0,29.903260871885443
2024-06-15 00:24:10,16764.0,29.85407470481126
2024-06-15 00:24:11,16765.0,29.81018842463402
2024-06-15 00:24:12,16766.0,29.772205622005103
2024-06-15 00:24:13,16767.0,29.740729887575874
2024-06-15 00:24:14,16768.0,29.7163648119977
2024-06-15 00:24:15,16769.0,29.699713985921946
2024-06-15 00:24:16,16770.0,29.691380999999993
2024-06-15 00:24:17,16771.0,29.68746582267063
2024-06-15 00:24:18,16772.0,29.683666803409697
2024-06-15 00:24:19,16773.0,29.679985104424116
2024-06-15 00:24:20,16774.0,29.67642188792081
2024-06-15 00:24:21,16775.0,29.672978316106704
2024-06-15 00:24:22,16776.0,29.669655551188725
2024-06-15 00:24:23,16777.0,29.6664547553738
2024-06-15 00:24:24,16778.0,29.663377090868853
2024-06-15 00:24:25,16779.0,29.660423719880804
2024-06-15 00:24:26,16780.0,29.657595804616587
2024-06-15 00:24:27,16781.0,29.654894507283117
2024-06-15 00:24:28,16782.0,29.652320990087322
2024-06-15 00:24:29,16783.0,29.649876415236125
2024-06-15 00:24:30,16784.0,29.647561944936456
2024-06-15 00:24:31,16785.0,29.64537874139524
2024-06-15 00:24:32,16786.0,29.643327966819403
2024-06-15 00:24:33,16787.0,29.64141078341586
2024-06-15 00:24:34,16788.0,29.639628353391547
2024-06-15 00:24:35,16789.0,29.63798183895338
2024-06-15 00:24:36,16790.0,29.63647240230829
2024-06-15 00:24:37,16791.0,29.635101205663197
2024-06-15 00:24:38,16792.0,29.633869411225035
2024-06-15 00:24:39,16793.0,29.63277818120072
2024-06-15 00:24:40,16794.0,29.631828677797177
2024-06-15 00:24:41,16795.0,29.631022063221337
2024-06-15 00:24:42,16796.0,29.63035949968012
2024-06-15 00:24:43,16797.0,29.62984214938045
2024-06-15 00:24:44,16798.0,29.62947117452926
2024-06-15 00:24:45,16799.0,29.62924773733346
2024-06-15 00:24:46,16800.0,29.629172999999994
2024-06-15 00:24:47,16801.0,29.632623968888886
2024-06-15 00:24:48,16802.0,29.642663151111105
2024-06-15 00:24:49,16803.0,29.65881995999999
2024-06-15 00:24:50,16804.0,29.680623808888882
2024-06-15 00:24:51,16805.0,29.707604111111106
2024-06-15 00:24:52,16806.0,29.739290279999995
2024-06-15 00:24:53,16807.0,29.775211728888884
2024-06-15 00:24:54,16808.0,29.814897871111107
2024-06-15 00:24:55,16809.0,29.857878119999995
2024-06-15 00:24:56,16810.0,29.903681888888883
2024-06-15 00:24:57,16811.0,29.95183859111111
2024-06-15 00:24:58,16812.0,30.001877639999993
2024-06-15 00:24:59,16813.0,30.053328448888884
2024-06-15 00:25:00,16814.0,30.105720431111106
2024-06-15 00:25:01,16815.0,30.158582999999993
2024-06-15 00:25:02,16816.0,30.211445568888887
2024-06-15 00:25:03,16817.0,30.263837551111106
2024-06-15 00:25:04,16818.0,30.315288359999997
2024-06-15 00:25:05,16819.0,30.365327408888884
2024-06-15 00:25:06,16820.0,30.413484111111107
2024-06-15 00:25:07,16821.0,30.459287879999998
2024-06-15 00:25:08,16822.0,30.502268128888886
2024-06-15 00:25:09,16823.0,30.54195427111111
2024-06-15 00:25:10,16824.0,30.577875719999998
2024-06-15 00:25:11,16825.0,30.609561888888887
2024-06-15 00:25:12,16826.0,30.636542191111104
2024-06-15 00:25:13,16827.0,30.658346039999998
2024-06-15 00:25:14,16828.0,30.674502848888892
2024-06-15 00:25:15,16829.0,30.684542031111107
2024-06-15 00:25:16,16830.0,30.687993
2024-06-15 00:25:17,16831.0,30.686458798066056
2024-06-15 00:25:18,16832.0,30.681978112837488
2024-06-15 00:25:19,16833.0,30.674733825174194
2024-06-15 00:25:20,16834.0,30.66490881593607
2024-06-15 00:25:21,16835.0,30.652685965983014
2024-06-15 00:25:22,16836.0,30.638248156174914
2024-06-15 00:25:23,16837.0,30.621778267371678
2024-06-15 00:25:24,16838.0,30.603459180433195
2024-06-15 00:25:25,16839.0,30.583473776219364
2024-06-15 00:25:26,16840.0,30.562004935590082
2024-06-15 00:25:27,16841.0,30.539235539405244
2024-06-15 00:25:28,16842.0,30.51534846852475
2024-06-15 00:25:29,16843.0,30.490526603808487
2024-06-15 00:25:30,16844.0,30.46495282611636
2024-06-15 00:25:31,16845.0,30.438810016308267
2024-06-15 00:25:32,16846.0,30.412281055244094
2024-06-15 00:25:33,16847.0,30.385548823783747
2024-06-15 00:25:34,16848.0,30.358796202787122
2024-06-15 00:25:35,16849.0,30.33220607311411
2024-06-15 00:25:36,16850.0,30.30596131562461
2024-06-15 00:25:37,16851.0,30.28024481117852
2024-06-15 00:25:38,16852.0,30.255239440635734
2024-06-15 00:25:39,16853.0,30.231128084856152
2024-06-15 00:25:40,16854.0,30.208093624699664
2024-06-15 00:25:41,16855.0,30.186318941026173
2024-06-15 00:25:42,16856.0,30.165986914695573
2024-06-15 00:25:43,16857.0,30.147280426567757
2024-06-15 00:25:44,16858.0,30.130382357502626
2024-06-15 00:25:45,16859.0,30.115475588360074
2024-06-15 00:25:46,16860.0,30.102743
2024-06-15 00:25:47,16861.0,30.091112367195482
2024-06-15 00:25:48,16862.0,30.07941128694182
2024-06-15 00:25:49,16863.0,30.067672373432245
2024-06-15 00:25:50,16864.0,30.055928240859988
2024-06-15 00:25:51,16865.0,30.04421150341827
2024-06-15 00:25:52,16866.0,30.032554775300333
2024-06-15 00:25:53,16867.0,30.020990670699405
2024-06-15 00:25:54,16868.0,30.00955180380871
2024-06-15 00:25:55,16869.0,29.99827078882148
2024-06-15 00:25:56,16870.0,29.987180239930947
2024-06-15 00:25:57,16871.0,29.976312771330335
2024-06-15 00:25:58,16872.0,29.96570099721288
2024-06-15 00:25:59,16873.0,29.955377531771806
2024-06-15 00:26:00,16874.0,29.94537498920035
2024-06-15 00:26:01,16875.0,29.935725983691736
2024-06-15 00:26:02,16876.0,29.926463129439195
2024-06-15 00:26:03,16877.0,29.917619040635955
2024-06-15 00:26:04,16878.0,29.909226331475253
2024-06-15 00:26:05,16879.0,29.901317616150312
2024-06-15 00:26:06,16880.0,29.893925508854363
2024-06-15 00:26:07,16881.0,29.887082623780636
2024-06-15 00:26:08,16882.0,29.880821575122358
2024-06-15 00:26:09,16883.0,29.875174977072767
2024-06-15 00:26:10,16884.0,29.87017544382508
2024-06-15 00:26:11,16885.0,29.865855589572543
2024-06-15 00:26:12,16886.0,29.862248028508372
2024-06-15 00:26:13,16887.0,29.859385374825806
2024-06-15 00:26:14,16888.0,29.857300242718065
2024-06-15 00:26:15,16889.0,29.856025246378387
2024-06-15 00:26:16,16890.0,29.855593
2024-06-15 00:26:17,16891.0,29.856957202074074
2024-06-15 00:26:18,16892.0,29.860925789925925
2024-06-15 00:26:19,16893.0,29.867312736
2024-06-15 00:26:20,16894.0,29.87593201274074
2024-06-15 00:26:21,16895.0,29.886597592592594
2024-06-15 00:26:22,16896.0,29.899123448
2024-06-15 00:26:23,16897.0,29.913323551407405
2024-06-15 00:26:24,16898.0,29.929011875259256
2024-06-15 00:26:25,16899.0,29.946002392
2024-06-15 00:26:26,16900.0,29.964109074074074
2024-06-15 00:26:27,16901.0,29.983145893925926
2024-06-15 00:26:28,16902.0,30.002926824
2024-06-15 00:26:29,16903.0,30.02326583674074
2024-06-15 00:26:30,16904.0,30.04397690459259
2024-06-15 00:26:31,16905.0,30.064874
2024-06-15 00:26:32,16906.0,30.08577109540741
2024-06-15 00:26:33,16907.0,30.10648216325926
2024-06-15 00:26:34,16908.0,30.126821176
2024-06-15 00:26:35,16909.0,30.146602106074074
2024-06-15 00:26:36,16910.0,30.165638925925926
2024-06-15 00:26:37,16911.0,30.183745608
2024-06-15 00:26:38,16912.0,30.200736124740743
2024-06-15 00:26:39,16913.0,30.216424448592594
2024-06-15 00:26:40,16914.0,30.230624552000002
2024-06-15 00:26:41,16915.0,30.24315040740741
2024-06-15 00:26:42,16916.0,30.25381598725926
2024-06-15 00:26:43,16917.0,30.262435264
2024-06-15 00:26:44,16918.0,30.268822210074074
2024-06-15 00:26:45,16919.0,30.272790797925925
2024-06-15 00:26:46,16920.0,30.274155
2024-06-15 00:26:47,16921.0,30.274116534222223
2024-06-15 00:26:48,16922.0,30.27400463377778
2024-06-15 00:26:49,16923.0,30.273824544
2024-06-15 00:26:50,16924.0,30.273581510222222
2024-06-15 00:26:51,16925.0,30.273280777777778
2024-06-15 00:26:52,16926.0,30.272927592
2024-06-15 00:26:53,16927.0,30.27252719822222
2024-06-15 00:26:54,16928.0,30.27208484177778
2024-06-15 00:26:55,16929.0,30.271605768
2024-06-15 00:26:56,16930.0,30.271095222222222
2024-06-15 00:26:57,16931.0,30.27055844977778
2024-06-15 00:26:58,16932.0,30.270000696
2024-06-15 00:26:59,16933.0,30.269427206222222
2024-06-15 00:27:00,16934.0,30.26884322577778
2024-06-15 00:27:01,16935.0,30.268254000000002
2024-06-15 00:27:02,16936.0,30.267664774222222
2024-06-15 00:27:03,16937.0,30.26708079377778
2024-06-15 00:27:04,16938.0,30.266507304
2024-06-15 00:27:05,16939.0,30.26594955022222
2024-06-15 00:27:06,16940.0,30.265412777777776
2024-06-15 00:27:07,16941.0,30.264902232
2024-06-15 00:27:08,16942.0,30.264423158222222
2024-06-15 00:27:09,16943.0,30.26398080177778
2024-06-15 00:27:10,16944.0,30.263580408
2024-06-15 00:27:11,16945.0,30.263227222222223
2024-06-15 00:27:12,16946.0,30.262926489777776
2024-06-15 00:27:13,16947.0,30.262683456
2024-06-15 00:27:14,16948.0,30.262503366222223
2024-06-15 00:27:15,16949.0,30.262391465777778
2024-06-15 00:27:16,16950.0,30.262353
2024-06-15 00:27:17,16951.0,30.262588692444446
2024-06-15 00:27:18,16952.0,30.263285766222225
2024-06-15 00:27:19,16953.0,30.264429216000003
2024-06-15 00:27:20,16954.0,30.266004036444446
2024-06-15 00:27:21,16955.0,30.267995222222225
2024-06-15 00:27:22,16956.0,30.270387768000003
2024-06-15 00:27:23,16957.0,30.273166668444446
2024-06-15 00:27:24,16958.0,30.27631691822222
2024-06-15 00:27:25,16959.0,30.279823512
2024-06-15 00:27:26,16960.0,30.283671444444444
2024-06-15 00:27:27,16961.0,30.28784571022222
2024-06-15 00:27:28,16962.0,30.292331304
2024-06-15 00:27:29,16963.0,30.297113220444444
2024-06-15 00:27:30,16964.0,30.302176454222224
2024-06-15 00:27:31,16965.0,30.307506
2024-06-15 00:27:32,16966.0,30.313086852444446
2024-06-15 00:27:33,16967.0,30.318904006222223
2024-06-15 00:27:34,16968.0,30.324942456
2024-06-15 00:27:35,16969.0,30.331187196444443
2024-06-15 00:27:36,16970.0,30.337623222222224
2024-06-15 00:27:37,16971.0,30.344235528
2024-06-15 00:27:38,16972.0,30.351009108444444
2024-06-15 00:27:39,16973.0,30.35792895822222
2024-06-15 00:27:40,16974.0,30.364980071999998
2024-06-15 00:27:41,16975.0,30.372147444444444
2024-06-15 00:27:42,16976.0,30.37941607022222
2024-06-15 00:27:43,16977.0,30.386770944
2024-06-15 00:27:44,16978.0,30.394197060444444
2024-06-15 00:27:45,16979.0,30.401679414222222
2024-06-15 00:27:46,16980.0,30.409202999999998
