bootstrap beta=500 cadence=episode16 target=optimizer start
bootstrap completed=29/30 economic_updates=464
round 1/40 start epsilon=1.0000
progress step=50 round=1/40 episode=1/30 sample=zero_boundary_002 soc=0.6881 fc=20
progress step=100 round=1/40 episode=1/30 sample=zero_boundary_002 soc=0.4148 fc=440
progress step=150 round=1/40 episode=1/30 sample=zero_boundary_002 soc=0.4222 fc=20
progress step=200 round=1/40 episode=1/30 sample=zero_boundary_002 soc=0.3544 fc=400
progress step=250 round=1/40 episode=1/30 sample=zero_boundary_002 soc=0.4014 fc=300
progress step=300 round=1/40 episode=2/30 sample=zero_boundary_005 soc=0.6087 fc=160
progress step=350 round=1/40 episode=2/30 sample=zero_boundary_005 soc=0.6872 fc=300
progress step=400 round=1/40 episode=2/30 sample=zero_boundary_005 soc=0.5494 fc=60
progress step=450 round=1/40 episode=2/30 sample=zero_boundary_005 soc=0.4986 fc=390
progress step=500 round=1/40 episode=2/30 sample=zero_boundary_005 soc=0.4402 fc=90
progress step=550 round=1/40 episode=2/30 sample=zero_boundary_005 soc=0.3641 fc=350
progress step=600 round=1/40 episode=3/30 sample=zero_boundary_006 soc=0.6232 fc=420
progress step=650 round=1/40 episode=3/30 sample=zero_boundary_006 soc=0.7348 fc=260
progress step=700 round=1/40 episode=3/30 sample=zero_boundary_006 soc=0.7971 fc=220
progress step=750 round=1/40 episode=3/30 sample=zero_boundary_006 soc=0.7980 fc=150
progress step=800 round=1/40 episode=3/30 sample=zero_boundary_006 soc=0.7976 fc=310
progress step=850 round=1/40 episode=3/30 sample=zero_boundary_006 soc=0.7970 fc=330
progress step=900 round=1/40 episode=3/30 sample=zero_boundary_006 soc=0.7950 fc=400
progress step=950 round=1/40 episode=4/30 sample=zero_boundary_007 soc=0.6100 fc=560
progress step=1000 round=1/40 episode=4/30 sample=zero_boundary_007 soc=0.6058 fc=390
progress step=1050 round=1/40 episode=4/30 sample=zero_boundary_007 soc=0.5343 fc=470
progress step=1100 round=1/40 episode=4/30 sample=zero_boundary_007 soc=0.5510 fc=230
progress step=1150 round=1/40 episode=4/30 sample=zero_boundary_007 soc=0.5832 fc=290
progress step=1200 round=1/40 episode=4/30 sample=zero_boundary_007 soc=0.5379 fc=370
progress step=1250 round=1/40 episode=5/30 sample=zero_boundary_008 soc=0.6579 fc=500
progress step=1300 round=1/40 episode=5/30 sample=zero_boundary_008 soc=0.3436 fc=500
progress step=1350 round=1/40 episode=6/30 sample=zero_boundary_011 soc=0.7199 fc=550
progress step=1400 round=1/40 episode=6/30 sample=zero_boundary_011 soc=0.7643 fc=560
progress step=1450 round=1/40 episode=6/30 sample=zero_boundary_011 soc=0.6211 fc=120
progress step=1500 round=1/40 episode=6/30 sample=zero_boundary_011 soc=0.4947 fc=590
progress step=1550 round=1/40 episode=6/30 sample=zero_boundary_011 soc=0.3356 fc=490
progress step=1600 round=1/40 episode=6/30 sample=zero_boundary_011 soc=0.2481 fc=100
progress step=1650 round=1/40 episode=6/30 sample=zero_boundary_011 soc=0.4343 fc=110
progress step=1700 round=1/40 episode=6/30 sample=zero_boundary_011 soc=0.5805 fc=250
progress step=1750 round=1/40 episode=6/30 sample=zero_boundary_011 soc=0.7548 fc=440
progress step=1800 round=1/40 episode=6/30 sample=zero_boundary_011 soc=0.7995 fc=30
progress step=1850 round=1/40 episode=6/30 sample=zero_boundary_011 soc=0.7844 fc=150
progress step=1900 round=1/40 episode=6/30 sample=zero_boundary_011 soc=0.7998 fc=0
progress step=1950 round=1/40 episode=6/30 sample=zero_boundary_011 soc=0.7986 fc=10
progress step=2000 round=1/40 episode=6/30 sample=zero_boundary_011 soc=0.7898 fc=260
progress step=2050 round=1/40 episode=6/30 sample=zero_boundary_011 soc=0.7793 fc=190
progress step=2100 round=1/40 episode=7/30 sample=zero_boundary_013 soc=0.7276 fc=370
progress step=2150 round=1/40 episode=7/30 sample=zero_boundary_013 soc=0.7824 fc=130
progress step=2200 round=1/40 episode=7/30 sample=zero_boundary_013 soc=0.7678 fc=600
progress step=2250 round=1/40 episode=7/30 sample=zero_boundary_013 soc=0.7540 fc=490
progress step=2300 round=1/40 episode=7/30 sample=zero_boundary_013 soc=0.7978 fc=160
progress step=2350 round=1/40 episode=7/30 sample=zero_boundary_013 soc=0.7743 fc=570
progress step=2400 round=1/40 episode=7/30 sample=zero_boundary_013 soc=0.7991 fc=70
progress step=2450 round=1/40 episode=8/30 sample=zero_boundary_015 soc=0.6534 fc=100
progress step=2500 round=1/40 episode=8/30 sample=zero_boundary_015 soc=0.6603 fc=370
progress step=2550 round=1/40 episode=8/30 sample=zero_boundary_015 soc=0.2266 fc=300
progress step=2600 round=1/40 episode=9/30 sample=zero_boundary_016 soc=0.7607 fc=80
progress step=2650 round=1/40 episode=9/30 sample=zero_boundary_016 soc=0.7039 fc=140
progress step=2700 round=1/40 episode=9/30 sample=zero_boundary_016 soc=0.5035 fc=320
progress step=2750 round=1/40 episode=9/30 sample=zero_boundary_016 soc=0.2611 fc=280
progress step=2800 round=1/40 episode=10/30 sample=zero_boundary_017 soc=0.6102 fc=600
progress step=2850 round=1/40 episode=10/30 sample=zero_boundary_017 soc=0.3379 fc=180
progress step=2900 round=1/40 episode=11/30 sample=zero_boundary_020 soc=0.6547 fc=570
progress step=2950 round=1/40 episode=11/30 sample=zero_boundary_020 soc=0.6588 fc=580
progress step=3000 round=1/40 episode=12/30 sample=zero_boundary_021 soc=0.6154 fc=60
progress step=3050 round=1/40 episode=12/30 sample=zero_boundary_021 soc=0.7401 fc=50
progress step=3100 round=1/40 episode=12/30 sample=zero_boundary_021 soc=0.6698 fc=90
progress step=3150 round=1/40 episode=12/30 sample=zero_boundary_021 soc=0.5944 fc=330
progress step=3200 round=1/40 episode=12/30 sample=zero_boundary_021 soc=0.5388 fc=170
progress step=3250 round=1/40 episode=13/30 sample=zero_boundary_022 soc=0.6984 fc=310
progress step=3300 round=1/40 episode=13/30 sample=zero_boundary_022 soc=0.6403 fc=430
progress step=3350 round=1/40 episode=13/30 sample=zero_boundary_022 soc=0.6459 fc=350
progress step=3400 round=1/40 episode=13/30 sample=zero_boundary_022 soc=0.7560 fc=140
progress step=3450 round=1/40 episode=14/30 sample=zero_boundary_029 soc=0.7005 fc=230
progress step=3500 round=1/40 episode=14/30 sample=zero_boundary_029 soc=0.7083 fc=270
progress step=3550 round=1/40 episode=14/30 sample=zero_boundary_029 soc=0.6946 fc=340
progress step=3600 round=1/40 episode=14/30 sample=zero_boundary_029 soc=0.6672 fc=480
progress step=3650 round=1/40 episode=14/30 sample=zero_boundary_029 soc=0.7570 fc=70
progress step=3700 round=1/40 episode=14/30 sample=zero_boundary_029 soc=0.7784 fc=80
progress step=3750 round=1/40 episode=14/30 sample=zero_boundary_029 soc=0.8000 fc=20
progress step=3800 round=1/40 episode=14/30 sample=zero_boundary_029 soc=0.8000 fc=0
progress step=3850 round=1/40 episode=14/30 sample=zero_boundary_029 soc=0.8000 fc=0
progress step=3900 round=1/40 episode=14/30 sample=zero_boundary_029 soc=0.8000 fc=0
progress step=3950 round=1/40 episode=14/30 sample=zero_boundary_029 soc=0.8000 fc=0
progress step=4000 round=1/40 episode=14/30 sample=zero_boundary_029 soc=0.8000 fc=0
progress step=4050 round=1/40 episode=14/30 sample=zero_boundary_029 soc=0.8000 fc=0
progress step=4100 round=1/40 episode=14/30 sample=zero_boundary_029 soc=0.8000 fc=0
progress step=4150 round=1/40 episode=14/30 sample=zero_boundary_029 soc=0.8000 fc=0
progress step=4200 round=1/40 episode=14/30 sample=zero_boundary_029 soc=0.8000 fc=0
progress step=4250 round=1/40 episode=14/30 sample=zero_boundary_029 soc=0.8000 fc=0
progress step=4300 round=1/40 episode=14/30 sample=zero_boundary_029 soc=0.7984 fc=150
progress step=4350 round=1/40 episode=14/30 sample=zero_boundary_029 soc=0.7977 fc=140
progress step=4400 round=1/40 episode=14/30 sample=zero_boundary_029 soc=0.7967 fc=210
progress step=4450 round=1/40 episode=14/30 sample=zero_boundary_029 soc=0.7997 fc=30
progress step=4500 round=1/40 episode=15/30 sample=zero_boundary_033 soc=0.7050 fc=520
progress step=4550 round=1/40 episode=15/30 sample=zero_boundary_033 soc=0.7757 fc=480
progress step=4600 round=1/40 episode=15/30 sample=zero_boundary_033 soc=0.6470 fc=450
progress step=4650 round=1/40 episode=15/30 sample=zero_boundary_033 soc=0.6399 fc=500
progress step=4700 round=1/40 episode=15/30 sample=zero_boundary_033 soc=0.6195 fc=470
progress step=4750 round=1/40 episode=15/30 sample=zero_boundary_033 soc=0.5159 fc=500
progress step=4800 round=1/40 episode=15/30 sample=zero_boundary_033 soc=0.4221 fc=240
progress step=4850 round=1/40 episode=15/30 sample=zero_boundary_033 soc=0.6069 fc=560
progress step=4900 round=1/40 episode=15/30 sample=zero_boundary_033 soc=0.7999 fc=0
progress step=4950 round=1/40 episode=15/30 sample=zero_boundary_033 soc=0.7999 fc=0
progress step=5000 round=1/40 episode=15/30 sample=zero_boundary_033 soc=0.7999 fc=0
progress step=5050 round=1/40 episode=15/30 sample=zero_boundary_033 soc=0.7999 fc=0
progress step=5100 round=1/40 episode=15/30 sample=zero_boundary_033 soc=0.7999 fc=10
progress step=5150 round=1/40 episode=15/30 sample=zero_boundary_033 soc=0.8000 fc=0
progress step=5200 round=1/40 episode=15/30 sample=zero_boundary_033 soc=0.8000 fc=0
progress step=5250 round=1/40 episode=15/30 sample=zero_boundary_033 soc=0.7999 fc=30
progress step=5300 round=1/40 episode=15/30 sample=zero_boundary_033 soc=0.7996 fc=20
progress step=5350 round=1/40 episode=15/30 sample=zero_boundary_033 soc=0.7999 fc=30
progress step=5400 round=1/40 episode=15/30 sample=zero_boundary_033 soc=0.7993 fc=60
progress step=5450 round=1/40 episode=16/30 sample=zero_boundary_034 soc=0.6161 fc=360
progress step=5500 round=1/40 episode=16/30 sample=zero_boundary_034 soc=0.8000 fc=0
progress step=5550 round=1/40 episode=16/30 sample=zero_boundary_034 soc=0.8000 fc=0
progress step=5600 round=1/40 episode=16/30 sample=zero_boundary_034 soc=0.8000 fc=0
progress step=5650 round=1/40 episode=16/30 sample=zero_boundary_034 soc=0.8000 fc=0
progress step=5700 round=1/40 episode=16/30 sample=zero_boundary_034 soc=0.8000 fc=0
progress step=5750 round=1/40 episode=16/30 sample=zero_boundary_034 soc=0.8000 fc=0
progress step=5800 round=1/40 episode=16/30 sample=zero_boundary_034 soc=0.8000 fc=0
progress step=5850 round=1/40 episode=16/30 sample=zero_boundary_034 soc=0.8000 fc=0
progress step=5900 round=1/40 episode=16/30 sample=zero_boundary_034 soc=0.8000 fc=0
progress step=5950 round=1/40 episode=16/30 sample=zero_boundary_034 soc=0.8000 fc=0
progress step=6000 round=1/40 episode=16/30 sample=zero_boundary_034 soc=0.8000 fc=0
progress step=6050 round=1/40 episode=16/30 sample=zero_boundary_034 soc=0.8000 fc=0
progress step=6100 round=1/40 episode=16/30 sample=zero_boundary_034 soc=0.8000 fc=0
progress step=6150 round=1/40 episode=16/30 sample=zero_boundary_034 soc=0.8000 fc=0
progress step=6200 round=1/40 episode=16/30 sample=zero_boundary_034 soc=0.8000 fc=0
progress step=6250 round=1/40 episode=16/30 sample=zero_boundary_034 soc=0.8000 fc=0
progress step=6300 round=1/40 episode=16/30 sample=zero_boundary_034 soc=0.8000 fc=0
progress step=6350 round=1/40 episode=16/30 sample=zero_boundary_034 soc=0.8000 fc=70
progress step=6400 round=1/40 episode=16/30 sample=zero_boundary_034 soc=0.7981 fc=140
progress step=6450 round=1/40 episode=16/30 sample=zero_boundary_034 soc=0.7990 fc=40
progress step=6500 round=1/40 episode=16/30 sample=zero_boundary_034 soc=0.7991 fc=120
progress step=6550 round=1/40 episode=16/30 sample=zero_boundary_034 soc=0.7898 fc=490
progress step=6600 round=1/40 episode=16/30 sample=zero_boundary_034 soc=0.7981 fc=70
progress step=6650 round=1/40 episode=16/30 sample=zero_boundary_034 soc=0.7999 fc=0
progress step=6700 round=1/40 episode=16/30 sample=zero_boundary_034 soc=0.7999 fc=0
progress step=6750 round=1/40 episode=16/30 sample=zero_boundary_034 soc=0.7999 fc=0
progress step=6800 round=1/40 episode=16/30 sample=zero_boundary_034 soc=0.7999 fc=0
progress step=6850 round=1/40 episode=16/30 sample=zero_boundary_034 soc=0.7999 fc=0
progress step=6900 round=1/40 episode=16/30 sample=zero_boundary_034 soc=0.7999 fc=0
progress step=6950 round=1/40 episode=16/30 sample=zero_boundary_034 soc=0.7999 fc=0
progress step=7000 round=1/40 episode=16/30 sample=zero_boundary_034 soc=0.7999 fc=0
progress step=7050 round=1/40 episode=16/30 sample=zero_boundary_034 soc=0.7999 fc=0
progress step=7100 round=1/40 episode=17/30 sample=zero_boundary_037 soc=0.6602 fc=120
progress step=7150 round=1/40 episode=17/30 sample=zero_boundary_037 soc=0.6883 fc=380
progress step=7200 round=1/40 episode=17/30 sample=zero_boundary_037 soc=0.7276 fc=130
progress step=7250 round=1/40 episode=17/30 sample=zero_boundary_037 soc=0.7605 fc=550
progress step=7300 round=1/40 episode=17/30 sample=zero_boundary_037 soc=0.7967 fc=60
progress step=7350 round=1/40 episode=17/30 sample=zero_boundary_037 soc=0.7495 fc=190
progress step=7400 round=1/40 episode=17/30 sample=zero_boundary_037 soc=0.6023 fc=400
progress step=7450 round=1/40 episode=17/30 sample=zero_boundary_037 soc=0.5460 fc=50
progress step=7500 round=1/40 episode=17/30 sample=zero_boundary_037 soc=0.6987 fc=320
progress step=7550 round=1/40 episode=17/30 sample=zero_boundary_037 soc=0.7992 fc=10
progress step=7600 round=1/40 episode=17/30 sample=zero_boundary_037 soc=0.7999 fc=20
progress step=7650 round=1/40 episode=17/30 sample=zero_boundary_037 soc=0.7989 fc=40
progress step=7700 round=1/40 episode=17/30 sample=zero_boundary_037 soc=0.7997 fc=30
progress step=7750 round=1/40 episode=17/30 sample=zero_boundary_037 soc=0.7986 fc=150
progress step=7800 round=1/40 episode=17/30 sample=zero_boundary_037 soc=0.7995 fc=60
progress step=7850 round=1/40 episode=17/30 sample=zero_boundary_037 soc=0.7997 fc=60
progress step=7900 round=1/40 episode=17/30 sample=zero_boundary_037 soc=0.7985 fc=150
progress step=7950 round=1/40 episode=17/30 sample=zero_boundary_037 soc=0.7999 fc=30
progress step=8000 round=1/40 episode=17/30 sample=zero_boundary_037 soc=0.7996 fc=40
progress step=8050 round=1/40 episode=17/30 sample=zero_boundary_037 soc=0.7994 fc=80
progress step=8100 round=1/40 episode=17/30 sample=zero_boundary_037 soc=0.8000 fc=0
progress step=8150 round=1/40 episode=17/30 sample=zero_boundary_037 soc=0.8000 fc=0
progress step=8200 round=1/40 episode=17/30 sample=zero_boundary_037 soc=0.8000 fc=0
progress step=8250 round=1/40 episode=17/30 sample=zero_boundary_037 soc=0.7987 fc=140
progress step=8300 round=1/40 episode=17/30 sample=zero_boundary_037 soc=0.7998 fc=40
progress step=8350 round=1/40 episode=17/30 sample=zero_boundary_037 soc=0.7999 fc=0
progress step=8400 round=1/40 episode=17/30 sample=zero_boundary_037 soc=0.7995 fc=50
progress step=8450 round=1/40 episode=17/30 sample=zero_boundary_037 soc=0.7990 fc=80
progress step=8500 round=1/40 episode=17/30 sample=zero_boundary_037 soc=0.7999 fc=40
progress step=8550 round=1/40 episode=17/30 sample=zero_boundary_037 soc=0.7996 fc=0
progress step=8600 round=1/40 episode=17/30 sample=zero_boundary_037 soc=0.7997 fc=20
progress step=8650 round=1/40 episode=17/30 sample=zero_boundary_037 soc=0.7995 fc=40
progress step=8700 round=1/40 episode=17/30 sample=zero_boundary_037 soc=0.7993 fc=30
progress step=8750 round=1/40 episode=17/30 sample=zero_boundary_037 soc=0.7996 fc=20
progress step=8800 round=1/40 episode=17/30 sample=zero_boundary_037 soc=0.7994 fc=30
progress step=8850 round=1/40 episode=17/30 sample=zero_boundary_037 soc=0.7993 fc=10
progress step=8900 round=1/40 episode=17/30 sample=zero_boundary_037 soc=0.7999 fc=0
progress step=8950 round=1/40 episode=17/30 sample=zero_boundary_037 soc=0.7999 fc=0
progress step=9000 round=1/40 episode=18/30 sample=zero_boundary_038 soc=0.6536 fc=10
progress step=9050 round=1/40 episode=18/30 sample=zero_boundary_038 soc=0.6318 fc=440
progress step=9100 round=1/40 episode=18/30 sample=zero_boundary_038 soc=0.5725 fc=340
progress step=9150 round=1/40 episode=18/30 sample=zero_boundary_038 soc=0.5444 fc=530
progress step=9200 round=1/40 episode=18/30 sample=zero_boundary_038 soc=0.4028 fc=160
progress step=9250 round=1/40 episode=18/30 sample=zero_boundary_038 soc=0.2990 fc=420
progress step=9300 round=1/40 episode=18/30 sample=zero_boundary_038 soc=0.3964 fc=410
progress step=9350 round=1/40 episode=18/30 sample=zero_boundary_038 soc=0.5392 fc=220
progress step=9400 round=1/40 episode=18/30 sample=zero_boundary_038 soc=0.6860 fc=580
progress step=9450 round=1/40 episode=18/30 sample=zero_boundary_038 soc=0.7887 fc=160
progress step=9500 round=1/40 episode=18/30 sample=zero_boundary_038 soc=0.7450 fc=190
progress step=9550 round=1/40 episode=18/30 sample=zero_boundary_038 soc=0.7248 fc=100
progress step=9600 round=1/40 episode=18/30 sample=zero_boundary_038 soc=0.6770 fc=400
progress step=9650 round=1/40 episode=18/30 sample=zero_boundary_038 soc=0.6809 fc=520
progress step=9700 round=1/40 episode=19/30 sample=zero_boundary_040 soc=0.6304 fc=580
progress step=9750 round=1/40 episode=19/30 sample=zero_boundary_040 soc=0.5873 fc=440
progress step=9800 round=1/40 episode=19/30 sample=zero_boundary_040 soc=0.4130 fc=340
progress step=9850 round=1/40 episode=19/30 sample=zero_boundary_040 soc=0.3331 fc=250
progress step=9900 round=1/40 episode=19/30 sample=zero_boundary_040 soc=0.3499 fc=530
progress step=9950 round=1/40 episode=19/30 sample=zero_boundary_040 soc=0.3475 fc=0
progress step=10000 round=1/40 episode=19/30 sample=zero_boundary_040 soc=0.4215 fc=240
progress step=10050 round=1/40 episode=19/30 sample=zero_boundary_040 soc=0.4603 fc=230
progress step=10100 round=1/40 episode=19/30 sample=zero_boundary_040 soc=0.3760 fc=140
progress step=10150 round=1/40 episode=19/30 sample=zero_boundary_040 soc=0.2421 fc=240
progress step=10200 round=1/40 episode=20/30 sample=zero_boundary_041 soc=0.6337 fc=50
progress step=10250 round=1/40 episode=20/30 sample=zero_boundary_041 soc=0.5385 fc=470
progress step=10300 round=1/40 episode=20/30 sample=zero_boundary_041 soc=0.3084 fc=420
progress step=10350 round=1/40 episode=21/30 sample=zero_boundary_042 soc=0.6912 fc=580
progress step=10400 round=1/40 episode=21/30 sample=zero_boundary_042 soc=0.6122 fc=250
progress step=10450 round=1/40 episode=21/30 sample=zero_boundary_042 soc=0.4386 fc=520
progress step=10500 round=1/40 episode=21/30 sample=zero_boundary_042 soc=0.2064 fc=180
progress step=10550 round=1/40 episode=21/30 sample=zero_boundary_042 soc=0.2019 fc=480
progress step=10600 round=1/40 episode=21/30 sample=zero_boundary_042 soc=0.2776 fc=370
progress step=10650 round=1/40 episode=21/30 sample=zero_boundary_042 soc=0.2003 fc=560
progress step=10700 round=1/40 episode=22/30 sample=zero_boundary_044 soc=0.6346 fc=140
progress step=10750 round=1/40 episode=22/30 sample=zero_boundary_044 soc=0.5430 fc=440
progress step=10800 round=1/40 episode=22/30 sample=zero_boundary_044 soc=0.3526 fc=30
progress step=10850 round=1/40 episode=23/30 sample=zero_boundary_045 soc=0.6936 fc=20
progress step=10900 round=1/40 episode=23/30 sample=zero_boundary_045 soc=0.6259 fc=550
progress step=10950 round=1/40 episode=23/30 sample=zero_boundary_045 soc=0.5322 fc=390
progress step=11000 round=1/40 episode=23/30 sample=zero_boundary_045 soc=0.3165 fc=340
progress step=11050 round=1/40 episode=24/30 sample=zero_boundary_046 soc=0.5822 fc=10
progress step=11100 round=1/40 episode=24/30 sample=zero_boundary_046 soc=0.4641 fc=200
progress step=11150 round=1/40 episode=24/30 sample=zero_boundary_046 soc=0.2403 fc=550
progress step=11200 round=1/40 episode=25/30 sample=zero_boundary_048 soc=0.6759 fc=180
progress step=11250 round=1/40 episode=25/30 sample=zero_boundary_048 soc=0.4958 fc=200
progress step=11300 round=1/40 episode=25/30 sample=zero_boundary_048 soc=0.3722 fc=560
progress step=11350 round=1/40 episode=25/30 sample=zero_boundary_048 soc=0.4282 fc=240
progress step=11400 round=1/40 episode=25/30 sample=zero_boundary_048 soc=0.4750 fc=450
progress step=11450 round=1/40 episode=25/30 sample=zero_boundary_048 soc=0.5204 fc=130
progress step=11500 round=1/40 episode=26/30 sample=zero_boundary_049 soc=0.7051 fc=510
progress step=11550 round=1/40 episode=26/30 sample=zero_boundary_049 soc=0.7054 fc=210
progress step=11600 round=1/40 episode=26/30 sample=zero_boundary_049 soc=0.6745 fc=220
progress step=11650 round=1/40 episode=26/30 sample=zero_boundary_049 soc=0.6718 fc=320
progress step=11700 round=1/40 episode=26/30 sample=zero_boundary_049 soc=0.7701 fc=140
progress step=11750 round=1/40 episode=27/30 sample=zero_boundary_050 soc=0.6720 fc=140
progress step=11800 round=1/40 episode=27/30 sample=zero_boundary_050 soc=0.5255 fc=460
progress step=11850 round=1/40 episode=27/30 sample=zero_boundary_050 soc=0.3720 fc=450
progress step=11900 round=1/40 episode=27/30 sample=zero_boundary_050 soc=0.2619 fc=140
progress step=11950 round=1/40 episode=28/30 sample=zero_boundary_051 soc=0.6173 fc=370
progress step=12000 round=1/40 episode=28/30 sample=zero_boundary_051 soc=0.6407 fc=70
progress step=12050 round=1/40 episode=28/30 sample=zero_boundary_051 soc=0.6467 fc=510
progress step=12100 round=1/40 episode=29/30 sample=zero_boundary_052 soc=0.6707 fc=470
progress step=12150 round=1/40 episode=29/30 sample=zero_boundary_052 soc=0.5322 fc=450
progress step=12200 round=1/40 episode=29/30 sample=zero_boundary_052 soc=0.3740 fc=70
progress step=12250 round=1/40 episode=29/30 sample=zero_boundary_052 soc=0.4330 fc=100
progress step=12300 round=1/40 episode=29/30 sample=zero_boundary_052 soc=0.5545 fc=510
progress step=12350 round=1/40 episode=30/30 sample=zero_boundary_053 soc=0.7135 fc=210
progress step=12400 round=1/40 episode=30/30 sample=zero_boundary_053 soc=0.5670 fc=50
progress step=12450 round=1/40 episode=30/30 sample=zero_boundary_053 soc=0.5343 fc=340
progress step=12500 round=1/40 episode=30/30 sample=zero_boundary_053 soc=0.5609 fc=270
progress step=12550 round=1/40 episode=30/30 sample=zero_boundary_053 soc=0.6447 fc=540
round 1/40 exploratory=20/30 greedy_train start
MONITOR round=1 exploratory=20/30 greedy_train=11/30 validation=SKIPPED cost=None updates=784 best_round=None
round 2/40 start epsilon=0.9756
progress step=12600 round=2/40 episode=1/30 sample=zero_boundary_002 soc=0.7241 fc=400
progress step=12650 round=2/40 episode=1/30 sample=zero_boundary_002 soc=0.4884 fc=580
progress step=12700 round=2/40 episode=2/30 sample=zero_boundary_005 soc=0.6263 fc=140
progress step=12750 round=2/40 episode=2/30 sample=zero_boundary_005 soc=0.6416 fc=70
progress step=12800 round=2/40 episode=2/30 sample=zero_boundary_005 soc=0.4692 fc=490
progress step=12850 round=2/40 episode=2/30 sample=zero_boundary_005 soc=0.4411 fc=30
progress step=12900 round=2/40 episode=2/30 sample=zero_boundary_005 soc=0.3896 fc=170
progress step=12950 round=2/40 episode=2/30 sample=zero_boundary_005 soc=0.3433 fc=30
progress step=13000 round=2/40 episode=3/30 sample=zero_boundary_006 soc=0.6324 fc=410
progress step=13050 round=2/40 episode=3/30 sample=zero_boundary_006 soc=0.7664 fc=150
progress step=13100 round=2/40 episode=3/30 sample=zero_boundary_006 soc=0.7988 fc=10
progress step=13150 round=2/40 episode=3/30 sample=zero_boundary_006 soc=0.7959 fc=230
progress step=13200 round=2/40 episode=3/30 sample=zero_boundary_006 soc=0.7969 fc=0
progress step=13250 round=2/40 episode=3/30 sample=zero_boundary_006 soc=0.7988 fc=230
progress step=13300 round=2/40 episode=3/30 sample=zero_boundary_006 soc=0.7997 fc=140
progress step=13350 round=2/40 episode=4/30 sample=zero_boundary_007 soc=0.6304 fc=420
progress step=13400 round=2/40 episode=4/30 sample=zero_boundary_007 soc=0.5866 fc=340
progress step=13450 round=2/40 episode=4/30 sample=zero_boundary_007 soc=0.5648 fc=10
progress step=13500 round=2/40 episode=4/30 sample=zero_boundary_007 soc=0.6059 fc=460
progress step=13550 round=2/40 episode=4/30 sample=zero_boundary_007 soc=0.6005 fc=0
progress step=13600 round=2/40 episode=4/30 sample=zero_boundary_007 soc=0.5479 fc=20
progress step=13650 round=2/40 episode=5/30 sample=zero_boundary_008 soc=0.6603 fc=450
progress step=13700 round=2/40 episode=5/30 sample=zero_boundary_008 soc=0.2597 fc=10
progress step=13750 round=2/40 episode=6/30 sample=zero_boundary_011 soc=0.7734 fc=80
progress step=13800 round=2/40 episode=6/30 sample=zero_boundary_011 soc=0.7537 fc=250
progress step=13850 round=2/40 episode=6/30 sample=zero_boundary_011 soc=0.5872 fc=250
progress step=13900 round=2/40 episode=6/30 sample=zero_boundary_011 soc=0.4354 fc=580
progress step=13950 round=2/40 episode=6/30 sample=zero_boundary_011 soc=0.3126 fc=340
progress step=14000 round=2/40 episode=6/30 sample=zero_boundary_011 soc=0.2227 fc=310
progress step=14050 round=2/40 episode=6/30 sample=zero_boundary_011 soc=0.4763 fc=0
progress step=14100 round=2/40 episode=6/30 sample=zero_boundary_011 soc=0.6513 fc=290
progress step=14150 round=2/40 episode=6/30 sample=zero_boundary_011 soc=0.7997 fc=20
progress step=14200 round=2/40 episode=6/30 sample=zero_boundary_011 soc=0.7975 fc=200
progress step=14250 round=2/40 episode=6/30 sample=zero_boundary_011 soc=0.7833 fc=240
progress step=14300 round=2/40 episode=6/30 sample=zero_boundary_011 soc=0.7962 fc=480
progress step=14350 round=2/40 episode=6/30 sample=zero_boundary_011 soc=0.7933 fc=320
progress step=14400 round=2/40 episode=6/30 sample=zero_boundary_011 soc=0.7697 fc=400
progress step=14450 round=2/40 episode=7/30 sample=zero_boundary_013 soc=0.6033 fc=300
progress step=14500 round=2/40 episode=7/30 sample=zero_boundary_013 soc=0.7414 fc=220
progress step=14550 round=2/40 episode=7/30 sample=zero_boundary_013 soc=0.7550 fc=160
progress step=14600 round=2/40 episode=7/30 sample=zero_boundary_013 soc=0.7016 fc=140
progress step=14650 round=2/40 episode=7/30 sample=zero_boundary_013 soc=0.6744 fc=580
progress step=14700 round=2/40 episode=7/30 sample=zero_boundary_013 soc=0.7263 fc=480
progress step=14750 round=2/40 episode=7/30 sample=zero_boundary_013 soc=0.7427 fc=120
progress step=14800 round=2/40 episode=8/30 sample=zero_boundary_015 soc=0.6277 fc=430
progress step=14850 round=2/40 episode=8/30 sample=zero_boundary_015 soc=0.6589 fc=530
progress step=14900 round=2/40 episode=8/30 sample=zero_boundary_015 soc=0.6296 fc=390
progress step=14950 round=2/40 episode=9/30 sample=zero_boundary_016 soc=0.6424 fc=200
progress step=15000 round=2/40 episode=9/30 sample=zero_boundary_016 soc=0.7904 fc=160
progress step=15050 round=2/40 episode=9/30 sample=zero_boundary_016 soc=0.6411 fc=190
progress step=15100 round=2/40 episode=9/30 sample=zero_boundary_016 soc=0.4479 fc=600
progress step=15150 round=2/40 episode=10/30 sample=zero_boundary_017 soc=0.6033 fc=410
progress step=15200 round=2/40 episode=10/30 sample=zero_boundary_017 soc=0.5113 fc=320
progress step=15250 round=2/40 episode=10/30 sample=zero_boundary_017 soc=0.2507 fc=570
progress step=15300 round=2/40 episode=11/30 sample=zero_boundary_020 soc=0.6305 fc=390
progress step=15350 round=2/40 episode=11/30 sample=zero_boundary_020 soc=0.6307 fc=430
progress step=15400 round=2/40 episode=12/30 sample=zero_boundary_021 soc=0.6563 fc=60
progress step=15450 round=2/40 episode=12/30 sample=zero_boundary_021 soc=0.7343 fc=330
progress step=15500 round=2/40 episode=12/30 sample=zero_boundary_021 soc=0.6369 fc=340
progress step=15550 round=2/40 episode=12/30 sample=zero_boundary_021 soc=0.5256 fc=510
progress step=15600 round=2/40 episode=12/30 sample=zero_boundary_021 soc=0.5088 fc=130
progress step=15650 round=2/40 episode=13/30 sample=zero_boundary_022 soc=0.6659 fc=570
progress step=15700 round=2/40 episode=13/30 sample=zero_boundary_022 soc=0.6486 fc=230
progress step=15750 round=2/40 episode=13/30 sample=zero_boundary_022 soc=0.6961 fc=70
progress step=15800 round=2/40 episode=14/30 sample=zero_boundary_029 soc=0.6401 fc=580
progress step=15850 round=2/40 episode=14/30 sample=zero_boundary_029 soc=0.7263 fc=280
progress step=15900 round=2/40 episode=14/30 sample=zero_boundary_029 soc=0.6745 fc=220
progress step=15950 round=2/40 episode=14/30 sample=zero_boundary_029 soc=0.6932 fc=540
progress step=16000 round=2/40 episode=14/30 sample=zero_boundary_029 soc=0.7199 fc=130
progress step=16050 round=2/40 episode=14/30 sample=zero_boundary_029 soc=0.7407 fc=490
progress step=16100 round=2/40 episode=14/30 sample=zero_boundary_029 soc=0.7839 fc=480
progress step=16150 round=2/40 episode=14/30 sample=zero_boundary_029 soc=0.8000 fc=0
progress step=16200 round=2/40 episode=14/30 sample=zero_boundary_029 soc=0.8000 fc=0
progress step=16250 round=2/40 episode=14/30 sample=zero_boundary_029 soc=0.8000 fc=0
progress step=16300 round=2/40 episode=14/30 sample=zero_boundary_029 soc=0.8000 fc=0
progress step=16350 round=2/40 episode=14/30 sample=zero_boundary_029 soc=0.8000 fc=0
progress step=16400 round=2/40 episode=14/30 sample=zero_boundary_029 soc=0.8000 fc=0
progress step=16450 round=2/40 episode=14/30 sample=zero_boundary_029 soc=0.8000 fc=0
progress step=16500 round=2/40 episode=14/30 sample=zero_boundary_029 soc=0.8000 fc=0
progress step=16550 round=2/40 episode=14/30 sample=zero_boundary_029 soc=0.8000 fc=0
progress step=16600 round=2/40 episode=14/30 sample=zero_boundary_029 soc=0.8000 fc=0
progress step=16650 round=2/40 episode=14/30 sample=zero_boundary_029 soc=0.8000 fc=0
progress step=16700 round=2/40 episode=14/30 sample=zero_boundary_029 soc=0.7974 fc=30
progress step=16750 round=2/40 episode=14/30 sample=zero_boundary_029 soc=0.7680 fc=290
progress step=16800 round=2/40 episode=14/30 sample=zero_boundary_029 soc=0.7916 fc=210
progress step=16850 round=2/40 episode=14/30 sample=zero_boundary_029 soc=0.7994 fc=10
progress step=16900 round=2/40 episode=15/30 sample=zero_boundary_033 soc=0.7177 fc=440
progress step=16950 round=2/40 episode=15/30 sample=zero_boundary_033 soc=0.7146 fc=260
progress step=17000 round=2/40 episode=15/30 sample=zero_boundary_033 soc=0.5926 fc=130
progress step=17050 round=2/40 episode=15/30 sample=zero_boundary_033 soc=0.5404 fc=70
progress step=17100 round=2/40 episode=15/30 sample=zero_boundary_033 soc=0.5968 fc=380
progress step=17150 round=2/40 episode=15/30 sample=zero_boundary_033 soc=0.4301 fc=600
progress step=17200 round=2/40 episode=15/30 sample=zero_boundary_033 soc=0.4143 fc=90
progress step=17250 round=2/40 episode=15/30 sample=zero_boundary_033 soc=0.5955 fc=290
progress step=17300 round=2/40 episode=15/30 sample=zero_boundary_033 soc=0.7673 fc=270
progress step=17350 round=2/40 episode=15/30 sample=zero_boundary_033 soc=0.8000 fc=0
progress step=17400 round=2/40 episode=15/30 sample=zero_boundary_033 soc=0.8000 fc=0
progress step=17450 round=2/40 episode=15/30 sample=zero_boundary_033 soc=0.8000 fc=0
progress step=17500 round=2/40 episode=15/30 sample=zero_boundary_033 soc=0.7999 fc=0
progress step=17550 round=2/40 episode=15/30 sample=zero_boundary_033 soc=0.7999 fc=0
progress step=17600 round=2/40 episode=15/30 sample=zero_boundary_033 soc=0.7999 fc=0
progress step=17650 round=2/40 episode=15/30 sample=zero_boundary_033 soc=0.7996 fc=30
progress step=17700 round=2/40 episode=15/30 sample=zero_boundary_033 soc=0.7992 fc=60
progress step=17750 round=2/40 episode=15/30 sample=zero_boundary_033 soc=0.7996 fc=20
progress step=17800 round=2/40 episode=15/30 sample=zero_boundary_033 soc=0.7999 fc=20
progress step=17850 round=2/40 episode=16/30 sample=zero_boundary_034 soc=0.6947 fc=300
progress step=17900 round=2/40 episode=16/30 sample=zero_boundary_034 soc=0.7999 fc=0
progress step=17950 round=2/40 episode=16/30 sample=zero_boundary_034 soc=0.7999 fc=0
progress step=18000 round=2/40 episode=16/30 sample=zero_boundary_034 soc=0.7999 fc=0
progress step=18050 round=2/40 episode=16/30 sample=zero_boundary_034 soc=0.7999 fc=0
progress step=18100 round=2/40 episode=16/30 sample=zero_boundary_034 soc=0.7999 fc=0
progress step=18150 round=2/40 episode=16/30 sample=zero_boundary_034 soc=0.7999 fc=0
progress step=18200 round=2/40 episode=16/30 sample=zero_boundary_034 soc=0.7999 fc=0
progress step=18250 round=2/40 episode=16/30 sample=zero_boundary_034 soc=0.7999 fc=0
progress step=18300 round=2/40 episode=16/30 sample=zero_boundary_034 soc=0.7999 fc=0
progress step=18350 round=2/40 episode=16/30 sample=zero_boundary_034 soc=0.7999 fc=0
progress step=18400 round=2/40 episode=16/30 sample=zero_boundary_034 soc=0.7999 fc=0
progress step=18450 round=2/40 episode=16/30 sample=zero_boundary_034 soc=0.7999 fc=0
progress step=18500 round=2/40 episode=16/30 sample=zero_boundary_034 soc=0.7999 fc=0
progress step=18550 round=2/40 episode=16/30 sample=zero_boundary_034 soc=0.7999 fc=0
progress step=18600 round=2/40 episode=16/30 sample=zero_boundary_034 soc=0.7999 fc=0
progress step=18650 round=2/40 episode=16/30 sample=zero_boundary_034 soc=0.7999 fc=0
progress step=18700 round=2/40 episode=16/30 sample=zero_boundary_034 soc=0.7999 fc=50
progress step=18750 round=2/40 episode=16/30 sample=zero_boundary_034 soc=0.7995 fc=70
progress step=18800 round=2/40 episode=16/30 sample=zero_boundary_034 soc=0.7976 fc=300
progress step=18850 round=2/40 episode=16/30 sample=zero_boundary_034 soc=0.7978 fc=90
progress step=18900 round=2/40 episode=16/30 sample=zero_boundary_034 soc=0.7942 fc=220
progress step=18950 round=2/40 episode=16/30 sample=zero_boundary_034 soc=0.7994 fc=0
progress step=19000 round=2/40 episode=16/30 sample=zero_boundary_034 soc=0.7989 fc=100
progress step=19050 round=2/40 episode=16/30 sample=zero_boundary_034 soc=0.8000 fc=0
progress step=19100 round=2/40 episode=16/30 sample=zero_boundary_034 soc=0.8000 fc=0
progress step=19150 round=2/40 episode=16/30 sample=zero_boundary_034 soc=0.8000 fc=0
progress step=19200 round=2/40 episode=16/30 sample=zero_boundary_034 soc=0.8000 fc=0
progress step=19250 round=2/40 episode=16/30 sample=zero_boundary_034 soc=0.8000 fc=0
progress step=19300 round=2/40 episode=16/30 sample=zero_boundary_034 soc=0.8000 fc=0
progress step=19350 round=2/40 episode=16/30 sample=zero_boundary_034 soc=0.8000 fc=0
progress step=19400 round=2/40 episode=16/30 sample=zero_boundary_034 soc=0.8000 fc=0
progress step=19450 round=2/40 episode=16/30 sample=zero_boundary_034 soc=0.7989 fc=100
progress step=19500 round=2/40 episode=17/30 sample=zero_boundary_037 soc=0.6769 fc=410
progress step=19550 round=2/40 episode=17/30 sample=zero_boundary_037 soc=0.7144 fc=350
progress step=19600 round=2/40 episode=17/30 sample=zero_boundary_037 soc=0.7474 fc=40
progress step=19650 round=2/40 episode=17/30 sample=zero_boundary_037 soc=0.7880 fc=160
progress step=19700 round=2/40 episode=17/30 sample=zero_boundary_037 soc=0.7718 fc=60
progress step=19750 round=2/40 episode=17/30 sample=zero_boundary_037 soc=0.7136 fc=90
progress step=19800 round=2/40 episode=17/30 sample=zero_boundary_037 soc=0.5772 fc=310
progress step=19850 round=2/40 episode=17/30 sample=zero_boundary_037 soc=0.6181 fc=580
progress step=19900 round=2/40 episode=17/30 sample=zero_boundary_037 soc=0.7552 fc=330
progress step=19950 round=2/40 episode=17/30 sample=zero_boundary_037 soc=0.7993 fc=80
progress step=20000 round=2/40 episode=17/30 sample=zero_boundary_037 soc=0.7981 fc=90
progress step=20050 round=2/40 episode=17/30 sample=zero_boundary_037 soc=0.7996 fc=90
progress step=20100 round=2/40 episode=17/30 sample=zero_boundary_037 soc=0.7993 fc=90
progress step=20150 round=2/40 episode=17/30 sample=zero_boundary_037 soc=0.7998 fc=60
progress step=20200 round=2/40 episode=17/30 sample=zero_boundary_037 soc=0.7984 fc=40
progress step=20250 round=2/40 episode=17/30 sample=zero_boundary_037 soc=0.7992 fc=0
progress step=20300 round=2/40 episode=17/30 sample=zero_boundary_037 soc=0.7991 fc=70
progress step=20350 round=2/40 episode=17/30 sample=zero_boundary_037 soc=0.7994 fc=40
progress step=20400 round=2/40 episode=17/30 sample=zero_boundary_037 soc=0.7984 fc=50
progress step=20450 round=2/40 episode=17/30 sample=zero_boundary_037 soc=0.7992 fc=30
progress step=20500 round=2/40 episode=17/30 sample=zero_boundary_037 soc=0.7999 fc=0
progress step=20550 round=2/40 episode=17/30 sample=zero_boundary_037 soc=0.7999 fc=0
progress step=20600 round=2/40 episode=17/30 sample=zero_boundary_037 soc=0.7997 fc=20
progress step=20650 round=2/40 episode=17/30 sample=zero_boundary_037 soc=0.7995 fc=30
progress step=20700 round=2/40 episode=17/30 sample=zero_boundary_037 soc=0.7991 fc=110
progress step=20750 round=2/40 episode=17/30 sample=zero_boundary_037 soc=0.7993 fc=50
progress step=20800 round=2/40 episode=17/30 sample=zero_boundary_037 soc=0.7993 fc=40
progress step=20850 round=2/40 episode=17/30 sample=zero_boundary_037 soc=0.8000 fc=30
progress step=20900 round=2/40 episode=17/30 sample=zero_boundary_037 soc=0.7991 fc=30
progress step=20950 round=2/40 episode=17/30 sample=zero_boundary_037 soc=0.7995 fc=60
progress step=21000 round=2/40 episode=17/30 sample=zero_boundary_037 soc=0.7999 fc=0
progress step=21050 round=2/40 episode=17/30 sample=zero_boundary_037 soc=0.7994 fc=50
progress step=21100 round=2/40 episode=17/30 sample=zero_boundary_037 soc=0.7998 fc=20
progress step=21150 round=2/40 episode=17/30 sample=zero_boundary_037 soc=0.7996 fc=20
progress step=21200 round=2/40 episode=17/30 sample=zero_boundary_037 soc=0.7993 fc=20
progress step=21250 round=2/40 episode=17/30 sample=zero_boundary_037 soc=0.7997 fc=0
progress step=21300 round=2/40 episode=17/30 sample=zero_boundary_037 soc=0.7997 fc=30
progress step=21350 round=2/40 episode=17/30 sample=zero_boundary_037 soc=0.7999 fc=10
progress step=21400 round=2/40 episode=18/30 sample=zero_boundary_038 soc=0.6713 fc=120
progress step=21450 round=2/40 episode=18/30 sample=zero_boundary_038 soc=0.6174 fc=380
progress step=21500 round=2/40 episode=18/30 sample=zero_boundary_038 soc=0.5975 fc=520
progress step=21550 round=2/40 episode=18/30 sample=zero_boundary_038 soc=0.5271 fc=410
progress step=21600 round=2/40 episode=18/30 sample=zero_boundary_038 soc=0.4055 fc=260
progress step=21650 round=2/40 episode=18/30 sample=zero_boundary_038 soc=0.3448 fc=200
progress step=21700 round=2/40 episode=18/30 sample=zero_boundary_038 soc=0.4610 fc=500
progress step=21750 round=2/40 episode=18/30 sample=zero_boundary_038 soc=0.6116 fc=140
progress step=21800 round=2/40 episode=18/30 sample=zero_boundary_038 soc=0.7800 fc=300
progress step=21850 round=2/40 episode=18/30 sample=zero_boundary_038 soc=0.7697 fc=270
progress step=21900 round=2/40 episode=18/30 sample=zero_boundary_038 soc=0.7084 fc=60
progress step=21950 round=2/40 episode=18/30 sample=zero_boundary_038 soc=0.6337 fc=250
progress step=22000 round=2/40 episode=18/30 sample=zero_boundary_038 soc=0.6195 fc=170
progress step=22050 round=2/40 episode=18/30 sample=zero_boundary_038 soc=0.6867 fc=510
progress step=22100 round=2/40 episode=19/30 sample=zero_boundary_040 soc=0.6174 fc=500
progress step=22150 round=2/40 episode=19/30 sample=zero_boundary_040 soc=0.5366 fc=480
progress step=22200 round=2/40 episode=19/30 sample=zero_boundary_040 soc=0.4876 fc=140
progress step=22250 round=2/40 episode=19/30 sample=zero_boundary_040 soc=0.3779 fc=110
progress step=22300 round=2/40 episode=19/30 sample=zero_boundary_040 soc=0.3768 fc=450
progress step=22350 round=2/40 episode=19/30 sample=zero_boundary_040 soc=0.3774 fc=70
progress step=22400 round=2/40 episode=19/30 sample=zero_boundary_040 soc=0.4860 fc=510
progress step=22450 round=2/40 episode=19/30 sample=zero_boundary_040 soc=0.4559 fc=320
progress step=22500 round=2/40 episode=19/30 sample=zero_boundary_040 soc=0.3638 fc=330
progress step=22550 round=2/40 episode=19/30 sample=zero_boundary_040 soc=0.2868 fc=70
progress step=22600 round=2/40 episode=20/30 sample=zero_boundary_041 soc=0.5714 fc=490
progress step=22650 round=2/40 episode=20/30 sample=zero_boundary_041 soc=0.4791 fc=510
progress step=22700 round=2/40 episode=21/30 sample=zero_boundary_042 soc=0.6178 fc=400
progress step=22750 round=2/40 episode=21/30 sample=zero_boundary_042 soc=0.6551 fc=600
progress step=22800 round=2/40 episode=21/30 sample=zero_boundary_042 soc=0.4894 fc=190
progress step=22850 round=2/40 episode=21/30 sample=zero_boundary_042 soc=0.2320 fc=330
progress step=22900 round=2/40 episode=21/30 sample=zero_boundary_042 soc=0.2001 fc=580
progress step=22950 round=2/40 episode=21/30 sample=zero_boundary_042 soc=0.2032 fc=420
progress step=23000 round=2/40 episode=21/30 sample=zero_boundary_042 soc=0.2344 fc=450
progress step=23050 round=2/40 episode=22/30 sample=zero_boundary_044 soc=0.6169 fc=540
progress step=23100 round=2/40 episode=22/30 sample=zero_boundary_044 soc=0.6061 fc=270
progress step=23150 round=2/40 episode=22/30 sample=zero_boundary_044 soc=0.4403 fc=140
progress step=23200 round=2/40 episode=23/30 sample=zero_boundary_045 soc=0.6335 fc=30
progress step=23250 round=2/40 episode=23/30 sample=zero_boundary_045 soc=0.6377 fc=280
progress step=23300 round=2/40 episode=23/30 sample=zero_boundary_045 soc=0.5551 fc=200
progress step=23350 round=2/40 episode=23/30 sample=zero_boundary_045 soc=0.4314 fc=270
progress step=23400 round=2/40 episode=24/30 sample=zero_boundary_046 soc=0.6072 fc=200
progress step=23450 round=2/40 episode=24/30 sample=zero_boundary_046 soc=0.5109 fc=320
progress step=23500 round=2/40 episode=24/30 sample=zero_boundary_046 soc=0.3742 fc=580
progress step=23550 round=2/40 episode=25/30 sample=zero_boundary_048 soc=0.6242 fc=560
progress step=23600 round=2/40 episode=25/30 sample=zero_boundary_048 soc=0.5294 fc=470
progress step=23650 round=2/40 episode=25/30 sample=zero_boundary_048 soc=0.3637 fc=530
progress step=23700 round=2/40 episode=25/30 sample=zero_boundary_048 soc=0.2903 fc=320
progress step=23750 round=2/40 episode=25/30 sample=zero_boundary_048 soc=0.3806 fc=210
progress step=23800 round=2/40 episode=25/30 sample=zero_boundary_048 soc=0.3314 fc=380
progress step=23850 round=2/40 episode=26/30 sample=zero_boundary_049 soc=0.6704 fc=40
progress step=23900 round=2/40 episode=26/30 sample=zero_boundary_049 soc=0.6257 fc=150
progress step=23950 round=2/40 episode=26/30 sample=zero_boundary_049 soc=0.5910 fc=540
progress step=24000 round=2/40 episode=26/30 sample=zero_boundary_049 soc=0.5562 fc=580
progress step=24050 round=2/40 episode=26/30 sample=zero_boundary_049 soc=0.5724 fc=560
progress step=24100 round=2/40 episode=27/30 sample=zero_boundary_050 soc=0.6135 fc=210
progress step=24150 round=2/40 episode=27/30 sample=zero_boundary_050 soc=0.5869 fc=140
progress step=24200 round=2/40 episode=27/30 sample=zero_boundary_050 soc=0.4425 fc=300
progress step=24250 round=2/40 episode=27/30 sample=zero_boundary_050 soc=0.3275 fc=470
progress step=24300 round=2/40 episode=28/30 sample=zero_boundary_051 soc=0.6148 fc=510
progress step=24350 round=2/40 episode=28/30 sample=zero_boundary_051 soc=0.6408 fc=360
progress step=24400 round=2/40 episode=28/30 sample=zero_boundary_051 soc=0.6465 fc=400
progress step=24450 round=2/40 episode=29/30 sample=zero_boundary_052 soc=0.6269 fc=600
progress step=24500 round=2/40 episode=29/30 sample=zero_boundary_052 soc=0.5977 fc=90
progress step=24550 round=2/40 episode=29/30 sample=zero_boundary_052 soc=0.3583 fc=570
progress step=24600 round=2/40 episode=29/30 sample=zero_boundary_052 soc=0.3736 fc=130
progress step=24650 round=2/40 episode=29/30 sample=zero_boundary_052 soc=0.4581 fc=490
progress step=24700 round=2/40 episode=30/30 sample=zero_boundary_053 soc=0.6605 fc=390
progress step=24750 round=2/40 episode=30/30 sample=zero_boundary_053 soc=0.6392 fc=70
progress step=24800 round=2/40 episode=30/30 sample=zero_boundary_053 soc=0.5260 fc=440
progress step=24850 round=2/40 episode=30/30 sample=zero_boundary_053 soc=0.5698 fc=300
progress step=24900 round=2/40 episode=30/30 sample=zero_boundary_053 soc=0.5907 fc=200
round 2/40 exploratory=19/30 greedy_train start
MONITOR round=2 exploratory=19/30 greedy_train=14/30 validation=SKIPPED cost=None updates=1088 best_round=None
round 3/40 start epsilon=0.9513
progress step=24950 round=3/40 episode=1/30 sample=zero_boundary_002 soc=0.6587 fc=230
progress step=25000 round=3/40 episode=1/30 sample=zero_boundary_002 soc=0.6407 fc=560
progress step=25050 round=3/40 episode=1/30 sample=zero_boundary_002 soc=0.2915 fc=260
progress step=25100 round=3/40 episode=1/30 sample=zero_boundary_002 soc=0.4306 fc=260
progress step=25150 round=3/40 episode=1/30 sample=zero_boundary_002 soc=0.3224 fc=310
progress step=25200 round=3/40 episode=1/30 sample=zero_boundary_002 soc=0.4150 fc=0
progress step=25250 round=3/40 episode=2/30 sample=zero_boundary_005 soc=0.6650 fc=530
progress step=25300 round=3/40 episode=2/30 sample=zero_boundary_005 soc=0.6884 fc=10
progress step=25350 round=3/40 episode=2/30 sample=zero_boundary_005 soc=0.5863 fc=50
progress step=25400 round=3/40 episode=2/30 sample=zero_boundary_005 soc=0.5446 fc=540
progress step=25450 round=3/40 episode=2/30 sample=zero_boundary_005 soc=0.3893 fc=30
progress step=25500 round=3/40 episode=2/30 sample=zero_boundary_005 soc=0.3650 fc=160
progress step=25550 round=3/40 episode=3/30 sample=zero_boundary_006 soc=0.6584 fc=520
progress step=25600 round=3/40 episode=3/30 sample=zero_boundary_006 soc=0.7972 fc=340
progress step=25650 round=3/40 episode=3/30 sample=zero_boundary_006 soc=0.7990 fc=70
progress step=25700 round=3/40 episode=3/30 sample=zero_boundary_006 soc=0.7994 fc=0
progress step=25750 round=3/40 episode=3/30 sample=zero_boundary_006 soc=0.7987 fc=30
progress step=25800 round=3/40 episode=3/30 sample=zero_boundary_006 soc=0.7973 fc=270
progress step=25850 round=3/40 episode=3/30 sample=zero_boundary_006 soc=0.7989 fc=0
progress step=25900 round=3/40 episode=4/30 sample=zero_boundary_007 soc=0.6444 fc=190
progress step=25950 round=3/40 episode=4/30 sample=zero_boundary_007 soc=0.5571 fc=120
progress step=26000 round=3/40 episode=4/30 sample=zero_boundary_007 soc=0.5831 fc=260
progress step=26050 round=3/40 episode=4/30 sample=zero_boundary_007 soc=0.6200 fc=440
progress step=26100 round=3/40 episode=4/30 sample=zero_boundary_007 soc=0.5860 fc=20
progress step=26150 round=3/40 episode=4/30 sample=zero_boundary_007 soc=0.5680 fc=50
progress step=26200 round=3/40 episode=5/30 sample=zero_boundary_008 soc=0.6242 fc=50
progress step=26250 round=3/40 episode=6/30 sample=zero_boundary_011 soc=0.6082 fc=370
progress step=26300 round=3/40 episode=6/30 sample=zero_boundary_011 soc=0.7908 fc=80
progress step=26350 round=3/40 episode=6/30 sample=zero_boundary_011 soc=0.7237 fc=90
progress step=26400 round=3/40 episode=6/30 sample=zero_boundary_011 soc=0.5520 fc=290
progress step=26450 round=3/40 episode=6/30 sample=zero_boundary_011 soc=0.4029 fc=480
progress step=26500 round=3/40 episode=6/30 sample=zero_boundary_011 soc=0.2619 fc=600
progress step=26550 round=3/40 episode=6/30 sample=zero_boundary_011 soc=0.2159 fc=520
progress step=26600 round=3/40 episode=6/30 sample=zero_boundary_011 soc=0.4527 fc=130
progress step=26650 round=3/40 episode=6/30 sample=zero_boundary_011 soc=0.6274 fc=290
progress step=26700 round=3/40 episode=6/30 sample=zero_boundary_011 soc=0.7860 fc=50
progress step=26750 round=3/40 episode=6/30 sample=zero_boundary_011 soc=0.7746 fc=250
progress step=26800 round=3/40 episode=6/30 sample=zero_boundary_011 soc=0.7644 fc=290
progress step=26850 round=3/40 episode=6/30 sample=zero_boundary_011 soc=0.7799 fc=250
progress step=26900 round=3/40 episode=6/30 sample=zero_boundary_011 soc=0.7994 fc=30
progress step=26950 round=3/40 episode=6/30 sample=zero_boundary_011 soc=0.7816 fc=570
progress step=27000 round=3/40 episode=7/30 sample=zero_boundary_013 soc=0.6381 fc=0
progress step=27050 round=3/40 episode=7/30 sample=zero_boundary_013 soc=0.7557 fc=550
progress step=27100 round=3/40 episode=7/30 sample=zero_boundary_013 soc=0.7596 fc=70
progress step=27150 round=3/40 episode=7/30 sample=zero_boundary_013 soc=0.6664 fc=60
progress step=27200 round=3/40 episode=7/30 sample=zero_boundary_013 soc=0.6898 fc=110
progress step=27250 round=3/40 episode=7/30 sample=zero_boundary_013 soc=0.6893 fc=280
progress step=27300 round=3/40 episode=7/30 sample=zero_boundary_013 soc=0.7099 fc=120
progress step=27350 round=3/40 episode=8/30 sample=zero_boundary_015 soc=0.6524 fc=460
progress step=27400 round=3/40 episode=8/30 sample=zero_boundary_015 soc=0.6738 fc=190
progress step=27450 round=3/40 episode=8/30 sample=zero_boundary_015 soc=0.5532 fc=380
progress step=27500 round=3/40 episode=9/30 sample=zero_boundary_016 soc=0.6763 fc=280
progress step=27550 round=3/40 episode=9/30 sample=zero_boundary_016 soc=0.7994 fc=270
progress step=27600 round=3/40 episode=9/30 sample=zero_boundary_016 soc=0.6180 fc=250
progress step=27650 round=3/40 episode=9/30 sample=zero_boundary_016 soc=0.4452 fc=50
progress step=27700 round=3/40 episode=10/30 sample=zero_boundary_017 soc=0.5970 fc=600
progress step=27750 round=3/40 episode=10/30 sample=zero_boundary_017 soc=0.4864 fc=80
progress step=27800 round=3/40 episode=10/30 sample=zero_boundary_017 soc=0.2269 fc=260
progress step=27850 round=3/40 episode=11/30 sample=zero_boundary_020 soc=0.6328 fc=330
progress step=27900 round=3/40 episode=11/30 sample=zero_boundary_020 soc=0.6169 fc=390
progress step=27950 round=3/40 episode=12/30 sample=zero_boundary_021 soc=0.6968 fc=450
progress step=28000 round=3/40 episode=12/30 sample=zero_boundary_021 soc=0.7768 fc=30
progress step=28050 round=3/40 episode=12/30 sample=zero_boundary_021 soc=0.6601 fc=330
progress step=28100 round=3/40 episode=12/30 sample=zero_boundary_021 soc=0.5446 fc=210
progress step=28150 round=3/40 episode=12/30 sample=zero_boundary_021 soc=0.5714 fc=210
progress step=28200 round=3/40 episode=13/30 sample=zero_boundary_022 soc=0.6401 fc=240
progress step=28250 round=3/40 episode=13/30 sample=zero_boundary_022 soc=0.6086 fc=600
progress step=28300 round=3/40 episode=13/30 sample=zero_boundary_022 soc=0.6410 fc=580
progress step=28350 round=3/40 episode=14/30 sample=zero_boundary_029 soc=0.6287 fc=60
progress step=28400 round=3/40 episode=14/30 sample=zero_boundary_029 soc=0.7144 fc=60
progress step=28450 round=3/40 episode=14/30 sample=zero_boundary_029 soc=0.6379 fc=140
progress step=28500 round=3/40 episode=14/30 sample=zero_boundary_029 soc=0.6234 fc=150
progress step=28550 round=3/40 episode=14/30 sample=zero_boundary_029 soc=0.6753 fc=430
progress step=28600 round=3/40 episode=14/30 sample=zero_boundary_029 soc=0.7456 fc=170
progress step=28650 round=3/40 episode=14/30 sample=zero_boundary_029 soc=0.7919 fc=30
progress step=28700 round=3/40 episode=14/30 sample=zero_boundary_029 soc=0.7999 fc=0
progress step=28750 round=3/40 episode=14/30 sample=zero_boundary_029 soc=0.7999 fc=0
progress step=28800 round=3/40 episode=14/30 sample=zero_boundary_029 soc=0.7999 fc=0
progress step=28850 round=3/40 episode=14/30 sample=zero_boundary_029 soc=0.7999 fc=0
progress step=28900 round=3/40 episode=14/30 sample=zero_boundary_029 soc=0.7999 fc=0
progress step=28950 round=3/40 episode=14/30 sample=zero_boundary_029 soc=0.7999 fc=0
progress step=29000 round=3/40 episode=14/30 sample=zero_boundary_029 soc=0.7999 fc=0
progress step=29050 round=3/40 episode=14/30 sample=zero_boundary_029 soc=0.7999 fc=0
progress step=29100 round=3/40 episode=14/30 sample=zero_boundary_029 soc=0.7999 fc=0
progress step=29150 round=3/40 episode=14/30 sample=zero_boundary_029 soc=0.7999 fc=0
progress step=29200 round=3/40 episode=14/30 sample=zero_boundary_029 soc=0.7999 fc=0
progress step=29250 round=3/40 episode=14/30 sample=zero_boundary_029 soc=0.7941 fc=370
progress step=29300 round=3/40 episode=14/30 sample=zero_boundary_029 soc=0.7835 fc=60
progress step=29350 round=3/40 episode=14/30 sample=zero_boundary_029 soc=0.7972 fc=20
progress step=29400 round=3/40 episode=14/30 sample=zero_boundary_029 soc=0.7996 fc=0
progress step=29450 round=3/40 episode=15/30 sample=zero_boundary_033 soc=0.7206 fc=500
progress step=29500 round=3/40 episode=15/30 sample=zero_boundary_033 soc=0.6922 fc=110
progress step=29550 round=3/40 episode=15/30 sample=zero_boundary_033 soc=0.6237 fc=190
progress step=29600 round=3/40 episode=15/30 sample=zero_boundary_033 soc=0.5915 fc=460
progress step=29650 round=3/40 episode=15/30 sample=zero_boundary_033 soc=0.6356 fc=20
progress step=29700 round=3/40 episode=15/30 sample=zero_boundary_033 soc=0.4797 fc=40
progress step=29750 round=3/40 episode=15/30 sample=zero_boundary_033 soc=0.5280 fc=30
progress step=29800 round=3/40 episode=15/30 sample=zero_boundary_033 soc=0.7023 fc=540
progress step=29850 round=3/40 episode=15/30 sample=zero_boundary_033 soc=0.8000 fc=0
progress step=29900 round=3/40 episode=15/30 sample=zero_boundary_033 soc=0.8000 fc=0
progress step=29950 round=3/40 episode=15/30 sample=zero_boundary_033 soc=0.8000 fc=0
progress step=30000 round=3/40 episode=15/30 sample=zero_boundary_033 soc=0.8000 fc=0
progress step=30050 round=3/40 episode=15/30 sample=zero_boundary_033 soc=0.8000 fc=0
progress step=30100 round=3/40 episode=15/30 sample=zero_boundary_033 soc=0.7999 fc=0
progress step=30150 round=3/40 episode=15/30 sample=zero_boundary_033 soc=0.7999 fc=10
progress step=30200 round=3/40 episode=15/30 sample=zero_boundary_033 soc=0.7994 fc=80
progress step=30250 round=3/40 episode=15/30 sample=zero_boundary_033 soc=0.7996 fc=40
progress step=30300 round=3/40 episode=15/30 sample=zero_boundary_033 soc=0.7996 fc=40
progress step=30350 round=3/40 episode=15/30 sample=zero_boundary_033 soc=0.7995 fc=50
progress step=30400 round=3/40 episode=16/30 sample=zero_boundary_034 soc=0.6864 fc=460
progress step=30450 round=3/40 episode=16/30 sample=zero_boundary_034 soc=0.7999 fc=0
progress step=30500 round=3/40 episode=16/30 sample=zero_boundary_034 soc=0.7999 fc=0
progress step=30550 round=3/40 episode=16/30 sample=zero_boundary_034 soc=0.7999 fc=0
progress step=30600 round=3/40 episode=16/30 sample=zero_boundary_034 soc=0.7999 fc=0
progress step=30650 round=3/40 episode=16/30 sample=zero_boundary_034 soc=0.7999 fc=0
progress step=30700 round=3/40 episode=16/30 sample=zero_boundary_034 soc=0.7999 fc=0
progress step=30750 round=3/40 episode=16/30 sample=zero_boundary_034 soc=0.7999 fc=0
progress step=30800 round=3/40 episode=16/30 sample=zero_boundary_034 soc=0.7999 fc=0
progress step=30850 round=3/40 episode=16/30 sample=zero_boundary_034 soc=0.7999 fc=0
progress step=30900 round=3/40 episode=16/30 sample=zero_boundary_034 soc=0.7999 fc=0
progress step=30950 round=3/40 episode=16/30 sample=zero_boundary_034 soc=0.7999 fc=0
progress step=31000 round=3/40 episode=16/30 sample=zero_boundary_034 soc=0.7999 fc=0
progress step=31050 round=3/40 episode=16/30 sample=zero_boundary_034 soc=0.7999 fc=0
progress step=31100 round=3/40 episode=16/30 sample=zero_boundary_034 soc=0.7999 fc=0
progress step=31150 round=3/40 episode=16/30 sample=zero_boundary_034 soc=0.7999 fc=0
progress step=31200 round=3/40 episode=16/30 sample=zero_boundary_034 soc=0.7999 fc=0
progress step=31250 round=3/40 episode=16/30 sample=zero_boundary_034 soc=0.7985 fc=160
progress step=31300 round=3/40 episode=16/30 sample=zero_boundary_034 soc=0.7999 fc=50
progress step=31350 round=3/40 episode=16/30 sample=zero_boundary_034 soc=0.7986 fc=290
progress step=31400 round=3/40 episode=16/30 sample=zero_boundary_034 soc=0.7990 fc=210
progress step=31450 round=3/40 episode=16/30 sample=zero_boundary_034 soc=0.7962 fc=470
progress step=31500 round=3/40 episode=16/30 sample=zero_boundary_034 soc=0.7997 fc=20
progress step=31550 round=3/40 episode=16/30 sample=zero_boundary_034 soc=0.7998 fc=20
progress step=31600 round=3/40 episode=16/30 sample=zero_boundary_034 soc=0.8000 fc=0
progress step=31650 round=3/40 episode=16/30 sample=zero_boundary_034 soc=0.8000 fc=0
progress step=31700 round=3/40 episode=16/30 sample=zero_boundary_034 soc=0.8000 fc=0
progress step=31750 round=3/40 episode=16/30 sample=zero_boundary_034 soc=0.8000 fc=0
progress step=31800 round=3/40 episode=16/30 sample=zero_boundary_034 soc=0.8000 fc=0
progress step=31850 round=3/40 episode=16/30 sample=zero_boundary_034 soc=0.8000 fc=0
progress step=31900 round=3/40 episode=16/30 sample=zero_boundary_034 soc=0.8000 fc=0
progress step=31950 round=3/40 episode=16/30 sample=zero_boundary_034 soc=0.8000 fc=0
progress step=32000 round=3/40 episode=16/30 sample=zero_boundary_034 soc=0.7998 fc=20
progress step=32050 round=3/40 episode=17/30 sample=zero_boundary_037 soc=0.6573 fc=30
progress step=32100 round=3/40 episode=17/30 sample=zero_boundary_037 soc=0.6854 fc=530
progress step=32150 round=3/40 episode=17/30 sample=zero_boundary_037 soc=0.7393 fc=130
progress step=32200 round=3/40 episode=17/30 sample=zero_boundary_037 soc=0.7965 fc=250
progress step=32250 round=3/40 episode=17/30 sample=zero_boundary_037 soc=0.7639 fc=120
progress step=32300 round=3/40 episode=17/30 sample=zero_boundary_037 soc=0.6967 fc=60
progress step=32350 round=3/40 episode=17/30 sample=zero_boundary_037 soc=0.5414 fc=550
progress step=32400 round=3/40 episode=17/30 sample=zero_boundary_037 soc=0.5941 fc=470
progress step=32450 round=3/40 episode=17/30 sample=zero_boundary_037 soc=0.7132 fc=120
progress step=32500 round=3/40 episode=17/30 sample=zero_boundary_037 soc=0.7958 fc=330
progress step=32550 round=3/40 episode=17/30 sample=zero_boundary_037 soc=0.8000 fc=20
progress step=32600 round=3/40 episode=17/30 sample=zero_boundary_037 soc=0.7987 fc=110
progress step=32650 round=3/40 episode=17/30 sample=zero_boundary_037 soc=0.7996 fc=80
progress step=32700 round=3/40 episode=17/30 sample=zero_boundary_037 soc=0.7988 fc=120
progress step=32750 round=3/40 episode=17/30 sample=zero_boundary_037 soc=0.7991 fc=0
progress step=32800 round=3/40 episode=17/30 sample=zero_boundary_037 soc=0.7996 fc=0
progress step=32850 round=3/40 episode=17/30 sample=zero_boundary_037 soc=0.7990 fc=40
progress step=32900 round=3/40 episode=17/30 sample=zero_boundary_037 soc=0.7984 fc=50
progress step=32950 round=3/40 episode=17/30 sample=zero_boundary_037 soc=0.7988 fc=90
progress step=33000 round=3/40 episode=17/30 sample=zero_boundary_037 soc=0.7997 fc=30
progress step=33050 round=3/40 episode=17/30 sample=zero_boundary_037 soc=0.8000 fc=0
progress step=33100 round=3/40 episode=17/30 sample=zero_boundary_037 soc=0.8000 fc=0
progress step=33150 round=3/40 episode=17/30 sample=zero_boundary_037 soc=0.7998 fc=20
progress step=33200 round=3/40 episode=17/30 sample=zero_boundary_037 soc=0.7992 fc=60
progress step=33250 round=3/40 episode=17/30 sample=zero_boundary_037 soc=0.7976 fc=70
progress step=33300 round=3/40 episode=17/30 sample=zero_boundary_037 soc=0.8000 fc=20
progress step=33350 round=3/40 episode=17/30 sample=zero_boundary_037 soc=0.7998 fc=30
progress step=33400 round=3/40 episode=17/30 sample=zero_boundary_037 soc=0.7993 fc=110
progress step=33450 round=3/40 episode=17/30 sample=zero_boundary_037 soc=0.8000 fc=40
progress step=33500 round=3/40 episode=17/30 sample=zero_boundary_037 soc=0.7992 fc=0
progress step=33550 round=3/40 episode=17/30 sample=zero_boundary_037 soc=0.7997 fc=10
progress step=33600 round=3/40 episode=17/30 sample=zero_boundary_037 soc=0.7999 fc=20
progress step=33650 round=3/40 episode=17/30 sample=zero_boundary_037 soc=0.7998 fc=10
progress step=33700 round=3/40 episode=17/30 sample=zero_boundary_037 soc=0.7995 fc=0
progress step=33750 round=3/40 episode=17/30 sample=zero_boundary_037 soc=0.7990 fc=10
progress step=33800 round=3/40 episode=17/30 sample=zero_boundary_037 soc=0.7999 fc=30
progress step=33850 round=3/40 episode=17/30 sample=zero_boundary_037 soc=0.7996 fc=20
progress step=33900 round=3/40 episode=17/30 sample=zero_boundary_037 soc=0.7996 fc=0
progress step=33950 round=3/40 episode=18/30 sample=zero_boundary_038 soc=0.6865 fc=370
progress step=34000 round=3/40 episode=18/30 sample=zero_boundary_038 soc=0.6159 fc=230
progress step=34050 round=3/40 episode=18/30 sample=zero_boundary_038 soc=0.6041 fc=410
progress step=34100 round=3/40 episode=18/30 sample=zero_boundary_038 soc=0.5114 fc=560
progress step=34150 round=3/40 episode=18/30 sample=zero_boundary_038 soc=0.4286 fc=380
progress step=34200 round=3/40 episode=18/30 sample=zero_boundary_038 soc=0.3673 fc=90
progress step=34250 round=3/40 episode=18/30 sample=zero_boundary_038 soc=0.5260 fc=240
progress step=34300 round=3/40 episode=18/30 sample=zero_boundary_038 soc=0.6649 fc=120
progress step=34350 round=3/40 episode=18/30 sample=zero_boundary_038 soc=0.7996 fc=30
progress step=34400 round=3/40 episode=18/30 sample=zero_boundary_038 soc=0.7510 fc=460
progress step=34450 round=3/40 episode=18/30 sample=zero_boundary_038 soc=0.6723 fc=20
progress step=34500 round=3/40 episode=18/30 sample=zero_boundary_038 soc=0.6217 fc=150
progress step=34550 round=3/40 episode=18/30 sample=zero_boundary_038 soc=0.5654 fc=50
progress step=34600 round=3/40 episode=18/30 sample=zero_boundary_038 soc=0.6456 fc=470
progress step=34650 round=3/40 episode=19/30 sample=zero_boundary_040 soc=0.5915 fc=250
progress step=34700 round=3/40 episode=19/30 sample=zero_boundary_040 soc=0.4819 fc=570
progress step=34750 round=3/40 episode=19/30 sample=zero_boundary_040 soc=0.4233 fc=490
progress step=34800 round=3/40 episode=19/30 sample=zero_boundary_040 soc=0.3552 fc=370
progress step=34850 round=3/40 episode=19/30 sample=zero_boundary_040 soc=0.3227 fc=420
progress step=34900 round=3/40 episode=19/30 sample=zero_boundary_040 soc=0.2955 fc=270
progress step=34950 round=3/40 episode=19/30 sample=zero_boundary_040 soc=0.4311 fc=70
progress step=35000 round=3/40 episode=19/30 sample=zero_boundary_040 soc=0.3666 fc=220
progress step=35050 round=3/40 episode=19/30 sample=zero_boundary_040 soc=0.2859 fc=270
progress step=35100 round=3/40 episode=19/30 sample=zero_boundary_040 soc=0.2389 fc=390
progress step=35150 round=3/40 episode=20/30 sample=zero_boundary_041 soc=0.5542 fc=250
progress step=35200 round=3/40 episode=20/30 sample=zero_boundary_041 soc=0.4493 fc=50
progress step=35250 round=3/40 episode=21/30 sample=zero_boundary_042 soc=0.6238 fc=210
progress step=35300 round=3/40 episode=21/30 sample=zero_boundary_042 soc=0.6372 fc=210
progress step=35350 round=3/40 episode=21/30 sample=zero_boundary_042 soc=0.4975 fc=280
progress step=35400 round=3/40 episode=21/30 sample=zero_boundary_042 soc=0.2646 fc=360
progress step=35450 round=3/40 episode=21/30 sample=zero_boundary_042 soc=0.2007 fc=570
progress step=35500 round=3/40 episode=21/30 sample=zero_boundary_042 soc=0.2011 fc=520
progress step=35550 round=3/40 episode=21/30 sample=zero_boundary_042 soc=0.2684 fc=390
progress step=35600 round=3/40 episode=22/30 sample=zero_boundary_044 soc=0.6112 fc=30
progress step=35650 round=3/40 episode=22/30 sample=zero_boundary_044 soc=0.5908 fc=350
progress step=35700 round=3/40 episode=22/30 sample=zero_boundary_044 soc=0.4012 fc=200
progress step=35750 round=3/40 episode=23/30 sample=zero_boundary_045 soc=0.6495 fc=30
progress step=35800 round=3/40 episode=23/30 sample=zero_boundary_045 soc=0.6454 fc=120
progress step=35850 round=3/40 episode=23/30 sample=zero_boundary_045 soc=0.5689 fc=50
progress step=35900 round=3/40 episode=23/30 sample=zero_boundary_045 soc=0.4283 fc=220
progress step=35950 round=3/40 episode=24/30 sample=zero_boundary_046 soc=0.6036 fc=280
progress step=36000 round=3/40 episode=24/30 sample=zero_boundary_046 soc=0.5690 fc=40
progress step=36050 round=3/40 episode=24/30 sample=zero_boundary_046 soc=0.3464 fc=290
progress step=36100 round=3/40 episode=25/30 sample=zero_boundary_048 soc=0.6573 fc=80
progress step=36150 round=3/40 episode=25/30 sample=zero_boundary_048 soc=0.4156 fc=390
progress step=36200 round=3/40 episode=25/30 sample=zero_boundary_048 soc=0.2628 fc=90
progress step=36250 round=3/40 episode=25/30 sample=zero_boundary_048 soc=0.2604 fc=550
progress step=36300 round=3/40 episode=25/30 sample=zero_boundary_048 soc=0.3181 fc=370
progress step=36350 round=3/40 episode=25/30 sample=zero_boundary_048 soc=0.3369 fc=340
progress step=36400 round=3/40 episode=26/30 sample=zero_boundary_049 soc=0.6768 fc=500
progress step=36450 round=3/40 episode=26/30 sample=zero_boundary_049 soc=0.6498 fc=10
progress step=36500 round=3/40 episode=26/30 sample=zero_boundary_049 soc=0.6087 fc=360
progress step=36550 round=3/40 episode=26/30 sample=zero_boundary_049 soc=0.6080 fc=70
progress step=36600 round=3/40 episode=26/30 sample=zero_boundary_049 soc=0.6702 fc=30
progress step=36650 round=3/40 episode=27/30 sample=zero_boundary_050 soc=0.6623 fc=340
progress step=36700 round=3/40 episode=27/30 sample=zero_boundary_050 soc=0.5578 fc=300
progress step=36750 round=3/40 episode=27/30 sample=zero_boundary_050 soc=0.3991 fc=490
progress step=36800 round=3/40 episode=27/30 sample=zero_boundary_050 soc=0.2549 fc=10
progress step=36850 round=3/40 episode=28/30 sample=zero_boundary_051 soc=0.6079 fc=220
progress step=36900 round=3/40 episode=28/30 sample=zero_boundary_051 soc=0.6115 fc=30
progress step=36950 round=3/40 episode=28/30 sample=zero_boundary_051 soc=0.6116 fc=80
progress step=37000 round=3/40 episode=29/30 sample=zero_boundary_052 soc=0.6851 fc=270
progress step=37050 round=3/40 episode=29/30 sample=zero_boundary_052 soc=0.4631 fc=340
progress step=37100 round=3/40 episode=29/30 sample=zero_boundary_052 soc=0.3381 fc=80
progress step=37150 round=3/40 episode=29/30 sample=zero_boundary_052 soc=0.4233 fc=50
progress step=37200 round=3/40 episode=30/30 sample=zero_boundary_053 soc=0.6052 fc=420
progress step=37250 round=3/40 episode=30/30 sample=zero_boundary_053 soc=0.7043 fc=430
progress step=37300 round=3/40 episode=30/30 sample=zero_boundary_053 soc=0.5434 fc=260
progress step=37350 round=3/40 episode=30/30 sample=zero_boundary_053 soc=0.5218 fc=160
progress step=37400 round=3/40 episode=30/30 sample=zero_boundary_053 soc=0.5939 fc=140
progress step=37450 round=3/40 episode=30/30 sample=zero_boundary_053 soc=0.7088 fc=200
round 3/40 exploratory=20/30 greedy_train start
MONITOR round=3 exploratory=20/30 greedy_train=20/30 validation=SKIPPED cost=None updates=1408 best_round=None
round 4/40 start epsilon=0.9269
progress step=37500 round=4/40 episode=1/30 sample=zero_boundary_002 soc=0.7056 fc=360
progress step=37550 round=4/40 episode=1/30 sample=zero_boundary_002 soc=0.4189 fc=540
progress step=37600 round=4/40 episode=1/30 sample=zero_boundary_002 soc=0.4349 fc=500
progress step=37650 round=4/40 episode=1/30 sample=zero_boundary_002 soc=0.3777 fc=600
progress step=37700 round=4/40 episode=1/30 sample=zero_boundary_002 soc=0.3985 fc=330
progress step=37750 round=4/40 episode=1/30 sample=zero_boundary_002 soc=0.4866 fc=460
progress step=37800 round=4/40 episode=2/30 sample=zero_boundary_005 soc=0.6769 fc=600
progress step=37850 round=4/40 episode=2/30 sample=zero_boundary_005 soc=0.5128 fc=170
progress step=37900 round=4/40 episode=2/30 sample=zero_boundary_005 soc=0.4939 fc=510
progress step=37950 round=4/40 episode=2/30 sample=zero_boundary_005 soc=0.4349 fc=420
progress step=38000 round=4/40 episode=2/30 sample=zero_boundary_005 soc=0.4088 fc=540
progress step=38050 round=4/40 episode=3/30 sample=zero_boundary_006 soc=0.6052 fc=470
progress step=38100 round=4/40 episode=3/30 sample=zero_boundary_006 soc=0.7451 fc=60
progress step=38150 round=4/40 episode=3/30 sample=zero_boundary_006 soc=0.7987 fc=140
progress step=38200 round=4/40 episode=3/30 sample=zero_boundary_006 soc=0.7997 fc=50
progress step=38250 round=4/40 episode=3/30 sample=zero_boundary_006 soc=0.7991 fc=80
progress step=38300 round=4/40 episode=3/30 sample=zero_boundary_006 soc=0.7920 fc=540
progress step=38350 round=4/40 episode=3/30 sample=zero_boundary_006 soc=0.7953 fc=370
progress step=38400 round=4/40 episode=4/30 sample=zero_boundary_007 soc=0.6000 fc=250
progress step=38450 round=4/40 episode=4/30 sample=zero_boundary_007 soc=0.6378 fc=210
progress step=38500 round=4/40 episode=4/30 sample=zero_boundary_007 soc=0.5887 fc=60
progress step=38550 round=4/40 episode=4/30 sample=zero_boundary_007 soc=0.6058 fc=380
progress step=38600 round=4/40 episode=4/30 sample=zero_boundary_007 soc=0.6569 fc=220
progress step=38650 round=4/40 episode=4/30 sample=zero_boundary_007 soc=0.6193 fc=600
progress step=38700 round=4/40 episode=5/30 sample=zero_boundary_008 soc=0.6476 fc=480
progress step=38750 round=4/40 episode=5/30 sample=zero_boundary_008 soc=0.4279 fc=100
progress step=38800 round=4/40 episode=6/30 sample=zero_boundary_011 soc=0.6968 fc=310
progress step=38850 round=4/40 episode=6/30 sample=zero_boundary_011 soc=0.7886 fc=470
progress step=38900 round=4/40 episode=6/30 sample=zero_boundary_011 soc=0.6826 fc=30
progress step=38950 round=4/40 episode=6/30 sample=zero_boundary_011 soc=0.5686 fc=590
progress step=39000 round=4/40 episode=6/30 sample=zero_boundary_011 soc=0.4537 fc=140
progress step=39050 round=4/40 episode=6/30 sample=zero_boundary_011 soc=0.3716 fc=220
progress step=39100 round=4/40 episode=6/30 sample=zero_boundary_011 soc=0.5655 fc=550
progress step=39150 round=4/40 episode=6/30 sample=zero_boundary_011 soc=0.7565 fc=350
progress step=39200 round=4/40 episode=6/30 sample=zero_boundary_011 soc=0.7997 fc=30
progress step=39250 round=4/40 episode=6/30 sample=zero_boundary_011 soc=0.7992 fc=0
progress step=39300 round=4/40 episode=6/30 sample=zero_boundary_011 soc=0.7985 fc=70
progress step=39350 round=4/40 episode=6/30 sample=zero_boundary_011 soc=0.7971 fc=0
progress step=39400 round=4/40 episode=6/30 sample=zero_boundary_011 soc=0.7977 fc=390
progress step=39450 round=4/40 episode=6/30 sample=zero_boundary_011 soc=0.7970 fc=50
progress step=39500 round=4/40 episode=6/30 sample=zero_boundary_011 soc=0.7879 fc=30
progress step=39550 round=4/40 episode=7/30 sample=zero_boundary_013 soc=0.6922 fc=260
progress step=39600 round=4/40 episode=7/30 sample=zero_boundary_013 soc=0.7925 fc=260
progress step=39650 round=4/40 episode=7/30 sample=zero_boundary_013 soc=0.7767 fc=220
progress step=39700 round=4/40 episode=7/30 sample=zero_boundary_013 soc=0.7796 fc=450
progress step=39750 round=4/40 episode=7/30 sample=zero_boundary_013 soc=0.7997 fc=220
progress step=39800 round=4/40 episode=7/30 sample=zero_boundary_013 soc=0.7963 fc=170
progress step=39850 round=4/40 episode=7/30 sample=zero_boundary_013 soc=0.7988 fc=30
progress step=39900 round=4/40 episode=8/30 sample=zero_boundary_015 soc=0.6759 fc=350
progress step=39950 round=4/40 episode=8/30 sample=zero_boundary_015 soc=0.6670 fc=370
progress step=40000 round=4/40 episode=8/30 sample=zero_boundary_015 soc=0.3311 fc=60
progress step=40050 round=4/40 episode=9/30 sample=zero_boundary_016 soc=0.7379 fc=450
progress step=40100 round=4/40 episode=9/30 sample=zero_boundary_016 soc=0.7516 fc=80
progress step=40150 round=4/40 episode=9/30 sample=zero_boundary_016 soc=0.6132 fc=90
progress step=40200 round=4/40 episode=9/30 sample=zero_boundary_016 soc=0.3701 fc=80
progress step=40250 round=4/40 episode=10/30 sample=zero_boundary_017 soc=0.6372 fc=440
progress step=40300 round=4/40 episode=10/30 sample=zero_boundary_017 soc=0.4997 fc=260
progress step=40350 round=4/40 episode=10/30 sample=zero_boundary_017 soc=0.2600 fc=430
progress step=40400 round=4/40 episode=11/30 sample=zero_boundary_020 soc=0.6392 fc=470
progress step=40450 round=4/40 episode=11/30 sample=zero_boundary_020 soc=0.6597 fc=210
progress step=40500 round=4/40 episode=12/30 sample=zero_boundary_021 soc=0.6768 fc=130
progress step=40550 round=4/40 episode=12/30 sample=zero_boundary_021 soc=0.7953 fc=330
progress step=40600 round=4/40 episode=12/30 sample=zero_boundary_021 soc=0.7064 fc=140
progress step=40650 round=4/40 episode=12/30 sample=zero_boundary_021 soc=0.6234 fc=510
progress step=40700 round=4/40 episode=12/30 sample=zero_boundary_021 soc=0.6329 fc=120
progress step=40750 round=4/40 episode=13/30 sample=zero_boundary_022 soc=0.6884 fc=410
progress step=40800 round=4/40 episode=13/30 sample=zero_boundary_022 soc=0.6212 fc=210
progress step=40850 round=4/40 episode=13/30 sample=zero_boundary_022 soc=0.6797 fc=200
progress step=40900 round=4/40 episode=14/30 sample=zero_boundary_029 soc=0.6394 fc=20
progress step=40950 round=4/40 episode=14/30 sample=zero_boundary_029 soc=0.7435 fc=300
progress step=41000 round=4/40 episode=14/30 sample=zero_boundary_029 soc=0.7345 fc=100
progress step=41050 round=4/40 episode=14/30 sample=zero_boundary_029 soc=0.7632 fc=360
progress step=41100 round=4/40 episode=14/30 sample=zero_boundary_029 soc=0.7998 fc=30
progress step=41150 round=4/40 episode=14/30 sample=zero_boundary_029 soc=0.7952 fc=110
progress step=41200 round=4/40 episode=14/30 sample=zero_boundary_029 soc=0.7956 fc=330
progress step=41250 round=4/40 episode=14/30 sample=zero_boundary_029 soc=0.8000 fc=0
progress step=41300 round=4/40 episode=14/30 sample=zero_boundary_029 soc=0.8000 fc=0
progress step=41350 round=4/40 episode=14/30 sample=zero_boundary_029 soc=0.8000 fc=0
progress step=41400 round=4/40 episode=14/30 sample=zero_boundary_029 soc=0.8000 fc=0
progress step=41450 round=4/40 episode=14/30 sample=zero_boundary_029 soc=0.8000 fc=0
progress step=41500 round=4/40 episode=14/30 sample=zero_boundary_029 soc=0.8000 fc=0
progress step=41550 round=4/40 episode=14/30 sample=zero_boundary_029 soc=0.8000 fc=0
progress step=41600 round=4/40 episode=14/30 sample=zero_boundary_029 soc=0.8000 fc=0
progress step=41650 round=4/40 episode=14/30 sample=zero_boundary_029 soc=0.8000 fc=0
progress step=41700 round=4/40 episode=14/30 sample=zero_boundary_029 soc=0.8000 fc=0
progress step=41750 round=4/40 episode=14/30 sample=zero_boundary_029 soc=0.8000 fc=0
progress step=41800 round=4/40 episode=14/30 sample=zero_boundary_029 soc=0.7895 fc=200
progress step=41850 round=4/40 episode=14/30 sample=zero_boundary_029 soc=0.7962 fc=390
progress step=41900 round=4/40 episode=14/30 sample=zero_boundary_029 soc=0.7995 fc=10
progress step=41950 round=4/40 episode=14/30 sample=zero_boundary_029 soc=0.7994 fc=50
progress step=42000 round=4/40 episode=15/30 sample=zero_boundary_033 soc=0.7682 fc=210
progress step=42050 round=4/40 episode=15/30 sample=zero_boundary_033 soc=0.7742 fc=330
progress step=42100 round=4/40 episode=15/30 sample=zero_boundary_033 soc=0.7109 fc=390
progress step=42150 round=4/40 episode=15/30 sample=zero_boundary_033 soc=0.7130 fc=470
progress step=42200 round=4/40 episode=15/30 sample=zero_boundary_033 soc=0.7538 fc=370
progress step=42250 round=4/40 episode=15/30 sample=zero_boundary_033 soc=0.6137 fc=0
progress step=42300 round=4/40 episode=15/30 sample=zero_boundary_033 soc=0.6213 fc=320
progress step=42350 round=4/40 episode=15/30 sample=zero_boundary_033 soc=0.7999 fc=0
progress step=42400 round=4/40 episode=15/30 sample=zero_boundary_033 soc=0.7999 fc=0
progress step=42450 round=4/40 episode=15/30 sample=zero_boundary_033 soc=0.7999 fc=0
progress step=42500 round=4/40 episode=15/30 sample=zero_boundary_033 soc=0.7999 fc=0
progress step=42550 round=4/40 episode=15/30 sample=zero_boundary_033 soc=0.7999 fc=0
progress step=42600 round=4/40 episode=15/30 sample=zero_boundary_033 soc=0.7999 fc=0
progress step=42650 round=4/40 episode=15/30 sample=zero_boundary_033 soc=0.7999 fc=0
progress step=42700 round=4/40 episode=15/30 sample=zero_boundary_033 soc=0.7999 fc=10
progress step=42750 round=4/40 episode=15/30 sample=zero_boundary_033 soc=0.7995 fc=40
progress step=42800 round=4/40 episode=15/30 sample=zero_boundary_033 soc=0.8000 fc=0
progress step=42850 round=4/40 episode=15/30 sample=zero_boundary_033 soc=0.7999 fc=10
progress step=42900 round=4/40 episode=15/30 sample=zero_boundary_033 soc=0.7991 fc=10
progress step=42950 round=4/40 episode=16/30 sample=zero_boundary_034 soc=0.6898 fc=600
progress step=43000 round=4/40 episode=16/30 sample=zero_boundary_034 soc=0.8000 fc=0
progress step=43050 round=4/40 episode=16/30 sample=zero_boundary_034 soc=0.8000 fc=0
progress step=43100 round=4/40 episode=16/30 sample=zero_boundary_034 soc=0.8000 fc=0
progress step=43150 round=4/40 episode=16/30 sample=zero_boundary_034 soc=0.8000 fc=0
progress step=43200 round=4/40 episode=16/30 sample=zero_boundary_034 soc=0.8000 fc=0
progress step=43250 round=4/40 episode=16/30 sample=zero_boundary_034 soc=0.8000 fc=0
progress step=43300 round=4/40 episode=16/30 sample=zero_boundary_034 soc=0.8000 fc=0
progress step=43350 round=4/40 episode=16/30 sample=zero_boundary_034 soc=0.8000 fc=0
progress step=43400 round=4/40 episode=16/30 sample=zero_boundary_034 soc=0.8000 fc=0
progress step=43450 round=4/40 episode=16/30 sample=zero_boundary_034 soc=0.8000 fc=0
progress step=43500 round=4/40 episode=16/30 sample=zero_boundary_034 soc=0.8000 fc=0
progress step=43550 round=4/40 episode=16/30 sample=zero_boundary_034 soc=0.8000 fc=0
progress step=43600 round=4/40 episode=16/30 sample=zero_boundary_034 soc=0.8000 fc=0
progress step=43650 round=4/40 episode=16/30 sample=zero_boundary_034 soc=0.8000 fc=0
progress step=43700 round=4/40 episode=16/30 sample=zero_boundary_034 soc=0.8000 fc=0
progress step=43750 round=4/40 episode=16/30 sample=zero_boundary_034 soc=0.8000 fc=0
progress step=43800 round=4/40 episode=16/30 sample=zero_boundary_034 soc=0.7987 fc=70
progress step=43850 round=4/40 episode=16/30 sample=zero_boundary_034 soc=0.7994 fc=60
progress step=43900 round=4/40 episode=16/30 sample=zero_boundary_034 soc=0.7981 fc=350
progress step=43950 round=4/40 episode=16/30 sample=zero_boundary_034 soc=0.7978 fc=0
progress step=44000 round=4/40 episode=16/30 sample=zero_boundary_034 soc=0.7974 fc=520
progress step=44050 round=4/40 episode=16/30 sample=zero_boundary_034 soc=0.7987 fc=70
progress step=44100 round=4/40 episode=16/30 sample=zero_boundary_034 soc=0.7998 fc=30
progress step=44150 round=4/40 episode=16/30 sample=zero_boundary_034 soc=0.8000 fc=0
progress step=44200 round=4/40 episode=16/30 sample=zero_boundary_034 soc=0.8000 fc=0
progress step=44250 round=4/40 episode=16/30 sample=zero_boundary_034 soc=0.8000 fc=0
progress step=44300 round=4/40 episode=16/30 sample=zero_boundary_034 soc=0.8000 fc=0
progress step=44350 round=4/40 episode=16/30 sample=zero_boundary_034 soc=0.8000 fc=0
progress step=44400 round=4/40 episode=16/30 sample=zero_boundary_034 soc=0.8000 fc=0
progress step=44450 round=4/40 episode=16/30 sample=zero_boundary_034 soc=0.8000 fc=0
progress step=44500 round=4/40 episode=16/30 sample=zero_boundary_034 soc=0.8000 fc=0
progress step=44550 round=4/40 episode=16/30 sample=zero_boundary_034 soc=0.7994 fc=50
progress step=44600 round=4/40 episode=17/30 sample=zero_boundary_037 soc=0.6834 fc=600
progress step=44650 round=4/40 episode=17/30 sample=zero_boundary_037 soc=0.7581 fc=270
progress step=44700 round=4/40 episode=17/30 sample=zero_boundary_037 soc=0.7958 fc=350
progress step=44750 round=4/40 episode=17/30 sample=zero_boundary_037 soc=0.7986 fc=20
progress step=44800 round=4/40 episode=17/30 sample=zero_boundary_037 soc=0.7942 fc=200
progress step=44850 round=4/40 episode=17/30 sample=zero_boundary_037 soc=0.7564 fc=120
progress step=44900 round=4/40 episode=17/30 sample=zero_boundary_037 soc=0.6350 fc=390
progress step=44950 round=4/40 episode=17/30 sample=zero_boundary_037 soc=0.6748 fc=600
progress step=45000 round=4/40 episode=17/30 sample=zero_boundary_037 soc=0.7988 fc=0
progress step=45050 round=4/40 episode=17/30 sample=zero_boundary_037 soc=0.7997 fc=50
progress step=45100 round=4/40 episode=17/30 sample=zero_boundary_037 soc=0.7993 fc=60
progress step=45150 round=4/40 episode=17/30 sample=zero_boundary_037 soc=0.7986 fc=150
progress step=45200 round=4/40 episode=17/30 sample=zero_boundary_037 soc=0.7992 fc=120
progress step=45250 round=4/40 episode=17/30 sample=zero_boundary_037 soc=0.7995 fc=100
progress step=45300 round=4/40 episode=17/30 sample=zero_boundary_037 soc=0.7982 fc=60
progress step=45350 round=4/40 episode=17/30 sample=zero_boundary_037 soc=0.7989 fc=50
progress step=45400 round=4/40 episode=17/30 sample=zero_boundary_037 soc=0.7982 fc=90
progress step=45450 round=4/40 episode=17/30 sample=zero_boundary_037 soc=0.7994 fc=80
progress step=45500 round=4/40 episode=17/30 sample=zero_boundary_037 soc=0.7993 fc=30
progress step=45550 round=4/40 episode=17/30 sample=zero_boundary_037 soc=0.7978 fc=90
progress step=45600 round=4/40 episode=17/30 sample=zero_boundary_037 soc=0.7999 fc=0
progress step=45650 round=4/40 episode=17/30 sample=zero_boundary_037 soc=0.7999 fc=0
progress step=45700 round=4/40 episode=17/30 sample=zero_boundary_037 soc=0.8000 fc=0
progress step=45750 round=4/40 episode=17/30 sample=zero_boundary_037 soc=0.7991 fc=20
progress step=45800 round=4/40 episode=17/30 sample=zero_boundary_037 soc=0.7996 fc=100
progress step=45850 round=4/40 episode=17/30 sample=zero_boundary_037 soc=0.7996 fc=0
progress step=45900 round=4/40 episode=17/30 sample=zero_boundary_037 soc=0.7992 fc=60
progress step=45950 round=4/40 episode=17/30 sample=zero_boundary_037 soc=0.7992 fc=60
progress step=46000 round=4/40 episode=17/30 sample=zero_boundary_037 soc=0.7993 fc=90
progress step=46050 round=4/40 episode=17/30 sample=zero_boundary_037 soc=0.7998 fc=30
progress step=46100 round=4/40 episode=17/30 sample=zero_boundary_037 soc=0.7995 fc=40
progress step=46150 round=4/40 episode=17/30 sample=zero_boundary_037 soc=0.7990 fc=20
progress step=46200 round=4/40 episode=17/30 sample=zero_boundary_037 soc=0.7991 fc=100
progress step=46250 round=4/40 episode=17/30 sample=zero_boundary_037 soc=0.7997 fc=10
progress step=46300 round=4/40 episode=17/30 sample=zero_boundary_037 soc=0.7985 fc=110
progress step=46350 round=4/40 episode=17/30 sample=zero_boundary_037 soc=0.7996 fc=30
progress step=46400 round=4/40 episode=17/30 sample=zero_boundary_037 soc=0.7998 fc=30
progress step=46450 round=4/40 episode=17/30 sample=zero_boundary_037 soc=0.8000 fc=0
progress step=46500 round=4/40 episode=18/30 sample=zero_boundary_038 soc=0.6700 fc=470
progress step=46550 round=4/40 episode=18/30 sample=zero_boundary_038 soc=0.5921 fc=540
progress step=46600 round=4/40 episode=18/30 sample=zero_boundary_038 soc=0.5956 fc=600
progress step=46650 round=4/40 episode=18/30 sample=zero_boundary_038 soc=0.5445 fc=190
progress step=46700 round=4/40 episode=18/30 sample=zero_boundary_038 soc=0.4569 fc=10
progress step=46750 round=4/40 episode=18/30 sample=zero_boundary_038 soc=0.3845 fc=330
progress step=46800 round=4/40 episode=18/30 sample=zero_boundary_038 soc=0.5442 fc=490
progress step=46850 round=4/40 episode=18/30 sample=zero_boundary_038 soc=0.7230 fc=280
progress step=46900 round=4/40 episode=18/30 sample=zero_boundary_038 soc=0.7993 fc=80
progress step=46950 round=4/40 episode=18/30 sample=zero_boundary_038 soc=0.7716 fc=200
progress step=47000 round=4/40 episode=18/30 sample=zero_boundary_038 soc=0.7388 fc=10
progress step=47050 round=4/40 episode=18/30 sample=zero_boundary_038 soc=0.6730 fc=490
progress step=47100 round=4/40 episode=18/30 sample=zero_boundary_038 soc=0.6312 fc=60
progress step=47150 round=4/40 episode=18/30 sample=zero_boundary_038 soc=0.6926 fc=100
progress step=47200 round=4/40 episode=19/30 sample=zero_boundary_040 soc=0.6262 fc=600
progress step=47250 round=4/40 episode=19/30 sample=zero_boundary_040 soc=0.5751 fc=50
progress step=47300 round=4/40 episode=19/30 sample=zero_boundary_040 soc=0.5131 fc=520
progress step=47350 round=4/40 episode=19/30 sample=zero_boundary_040 soc=0.4479 fc=0
progress step=47400 round=4/40 episode=19/30 sample=zero_boundary_040 soc=0.4625 fc=300
progress step=47450 round=4/40 episode=19/30 sample=zero_boundary_040 soc=0.4658 fc=120
progress step=47500 round=4/40 episode=19/30 sample=zero_boundary_040 soc=0.6044 fc=230
progress step=47550 round=4/40 episode=19/30 sample=zero_boundary_040 soc=0.5764 fc=470
progress step=47600 round=4/40 episode=19/30 sample=zero_boundary_040 soc=0.4914 fc=570
progress step=47650 round=4/40 episode=19/30 sample=zero_boundary_040 soc=0.4160 fc=130
progress step=47700 round=4/40 episode=20/30 sample=zero_boundary_041 soc=0.5859 fc=220
progress step=47750 round=4/40 episode=20/30 sample=zero_boundary_041 soc=0.4991 fc=590
progress step=47800 round=4/40 episode=20/30 sample=zero_boundary_041 soc=0.2428 fc=230
progress step=47850 round=4/40 episode=21/30 sample=zero_boundary_042 soc=0.7236 fc=410
progress step=47900 round=4/40 episode=21/30 sample=zero_boundary_042 soc=0.5619 fc=0
progress step=47950 round=4/40 episode=21/30 sample=zero_boundary_042 soc=0.3487 fc=50
progress step=48000 round=4/40 episode=21/30 sample=zero_boundary_042 soc=0.2009 fc=540
progress step=48050 round=4/40 episode=21/30 sample=zero_boundary_042 soc=0.2014 fc=430
progress step=48100 round=4/40 episode=21/30 sample=zero_boundary_042 soc=0.3366 fc=20
progress step=48150 round=4/40 episode=21/30 sample=zero_boundary_042 soc=0.2001 fc=590
progress step=48200 round=4/40 episode=22/30 sample=zero_boundary_044 soc=0.6548 fc=40
progress step=48250 round=4/40 episode=22/30 sample=zero_boundary_044 soc=0.5611 fc=330
progress step=48300 round=4/40 episode=22/30 sample=zero_boundary_044 soc=0.3435 fc=460
progress step=48350 round=4/40 episode=23/30 sample=zero_boundary_045 soc=0.7105 fc=550
progress step=48400 round=4/40 episode=23/30 sample=zero_boundary_045 soc=0.6633 fc=600
progress step=48450 round=4/40 episode=23/30 sample=zero_boundary_045 soc=0.6102 fc=550
progress step=48500 round=4/40 episode=23/30 sample=zero_boundary_045 soc=0.4092 fc=360
progress step=48550 round=4/40 episode=23/30 sample=zero_boundary_045 soc=0.2438 fc=230
progress step=48600 round=4/40 episode=23/30 sample=zero_boundary_045 soc=0.2075 fc=580
progress step=48650 round=4/40 episode=24/30 sample=zero_boundary_046 soc=0.5915 fc=190
progress step=48700 round=4/40 episode=24/30 sample=zero_boundary_046 soc=0.4945 fc=470
progress step=48750 round=4/40 episode=24/30 sample=zero_boundary_046 soc=0.3377 fc=280
progress step=48800 round=4/40 episode=25/30 sample=zero_boundary_048 soc=0.6814 fc=300
progress step=48850 round=4/40 episode=25/30 sample=zero_boundary_048 soc=0.5422 fc=250
progress step=48900 round=4/40 episode=25/30 sample=zero_boundary_048 soc=0.4091 fc=60
progress step=48950 round=4/40 episode=25/30 sample=zero_boundary_048 soc=0.4350 fc=180
progress step=49000 round=4/40 episode=25/30 sample=zero_boundary_048 soc=0.4959 fc=340
progress step=49050 round=4/40 episode=25/30 sample=zero_boundary_048 soc=0.5209 fc=600
progress step=49100 round=4/40 episode=26/30 sample=zero_boundary_049 soc=0.7027 fc=410
progress step=49150 round=4/40 episode=26/30 sample=zero_boundary_049 soc=0.7299 fc=550
progress step=49200 round=4/40 episode=26/30 sample=zero_boundary_049 soc=0.7414 fc=440
progress step=49250 round=4/40 episode=26/30 sample=zero_boundary_049 soc=0.7661 fc=120
progress step=49300 round=4/40 episode=26/30 sample=zero_boundary_049 soc=0.8000 fc=0
progress step=49350 round=4/40 episode=27/30 sample=zero_boundary_050 soc=0.6690 fc=150
progress step=49400 round=4/40 episode=27/30 sample=zero_boundary_050 soc=0.5878 fc=140
progress step=49450 round=4/40 episode=27/30 sample=zero_boundary_050 soc=0.4412 fc=600
progress step=49500 round=4/40 episode=27/30 sample=zero_boundary_050 soc=0.3395 fc=380
progress step=49550 round=4/40 episode=28/30 sample=zero_boundary_051 soc=0.6218 fc=150
progress step=49600 round=4/40 episode=28/30 sample=zero_boundary_051 soc=0.6168 fc=240
progress step=49650 round=4/40 episode=28/30 sample=zero_boundary_051 soc=0.6154 fc=120
progress step=49700 round=4/40 episode=29/30 sample=zero_boundary_052 soc=0.6598 fc=80
progress step=49750 round=4/40 episode=29/30 sample=zero_boundary_052 soc=0.6101 fc=570
progress step=49800 round=4/40 episode=29/30 sample=zero_boundary_052 soc=0.3919 fc=230
progress step=49850 round=4/40 episode=29/30 sample=zero_boundary_052 soc=0.4001 fc=110
progress step=49900 round=4/40 episode=29/30 sample=zero_boundary_052 soc=0.5000 fc=200
progress step=49950 round=4/40 episode=30/30 sample=zero_boundary_053 soc=0.6832 fc=40
progress step=50000 round=4/40 episode=30/30 sample=zero_boundary_053 soc=0.6400 fc=130
progress step=50050 round=4/40 episode=30/30 sample=zero_boundary_053 soc=0.5201 fc=470
progress step=50100 round=4/40 episode=30/30 sample=zero_boundary_053 soc=0.6224 fc=280
progress step=50150 round=4/40 episode=30/30 sample=zero_boundary_053 soc=0.6645 fc=280
round 4/40 exploratory=20/30 greedy_train start
round 4/40 greedy_train=30/30 validation start
MONITOR round=4 exploratory=20/30 greedy_train=30/30 validation=8/8 cost=90488.32307544776 updates=1728 best_round=4
round 5/40 start epsilon=0.9026
progress step=50200 round=5/40 episode=1/30 sample=zero_boundary_002 soc=0.6890 fc=20
progress step=50250 round=5/40 episode=1/30 sample=zero_boundary_002 soc=0.6086 fc=550
progress step=50300 round=5/40 episode=1/30 sample=zero_boundary_002 soc=0.2865 fc=40
progress step=50350 round=5/40 episode=1/30 sample=zero_boundary_002 soc=0.4407 fc=60
progress step=50400 round=5/40 episode=1/30 sample=zero_boundary_002 soc=0.3365 fc=160
progress step=50450 round=5/40 episode=1/30 sample=zero_boundary_002 soc=0.4271 fc=190
progress step=50500 round=5/40 episode=2/30 sample=zero_boundary_005 soc=0.6831 fc=350
progress step=50550 round=5/40 episode=2/30 sample=zero_boundary_005 soc=0.6392 fc=420
progress step=50600 round=5/40 episode=2/30 sample=zero_boundary_005 soc=0.5946 fc=80
progress step=50650 round=5/40 episode=2/30 sample=zero_boundary_005 soc=0.5642 fc=360
progress step=50700 round=5/40 episode=2/30 sample=zero_boundary_005 soc=0.4496 fc=40
progress step=50750 round=5/40 episode=2/30 sample=zero_boundary_005 soc=0.4580 fc=600
progress step=50800 round=5/40 episode=3/30 sample=zero_boundary_006 soc=0.7038 fc=20
progress step=50850 round=5/40 episode=3/30 sample=zero_boundary_006 soc=0.7983 fc=190
progress step=50900 round=5/40 episode=3/30 sample=zero_boundary_006 soc=0.7984 fc=160
progress step=50950 round=5/40 episode=3/30 sample=zero_boundary_006 soc=0.7969 fc=60
progress step=51000 round=5/40 episode=3/30 sample=zero_boundary_006 soc=0.7990 fc=80
progress step=51050 round=5/40 episode=3/30 sample=zero_boundary_006 soc=0.7980 fc=150
progress step=51100 round=5/40 episode=3/30 sample=zero_boundary_006 soc=0.7979 fc=50
progress step=51150 round=5/40 episode=4/30 sample=zero_boundary_007 soc=0.6766 fc=420
progress step=51200 round=5/40 episode=4/30 sample=zero_boundary_007 soc=0.6236 fc=510
progress step=51250 round=5/40 episode=4/30 sample=zero_boundary_007 soc=0.6922 fc=600
progress step=51300 round=5/40 episode=4/30 sample=zero_boundary_007 soc=0.7402 fc=220
progress step=51350 round=5/40 episode=4/30 sample=zero_boundary_007 soc=0.7197 fc=430
progress step=51400 round=5/40 episode=4/30 sample=zero_boundary_007 soc=0.7626 fc=350
progress step=51450 round=5/40 episode=5/30 sample=zero_boundary_008 soc=0.5896 fc=60
progress step=51500 round=5/40 episode=6/30 sample=zero_boundary_011 soc=0.6093 fc=10
progress step=51550 round=5/40 episode=6/30 sample=zero_boundary_011 soc=0.7654 fc=60
progress step=51600 round=5/40 episode=6/30 sample=zero_boundary_011 soc=0.7155 fc=570
progress step=51650 round=5/40 episode=6/30 sample=zero_boundary_011 soc=0.6347 fc=260
progress step=51700 round=5/40 episode=6/30 sample=zero_boundary_011 soc=0.5130 fc=570
progress step=51750 round=5/40 episode=6/30 sample=zero_boundary_011 soc=0.3945 fc=560
progress step=51800 round=5/40 episode=6/30 sample=zero_boundary_011 soc=0.3293 fc=300
progress step=51850 round=5/40 episode=6/30 sample=zero_boundary_011 soc=0.6150 fc=500
progress step=51900 round=5/40 episode=6/30 sample=zero_boundary_011 soc=0.7892 fc=110
progress step=51950 round=5/40 episode=6/30 sample=zero_boundary_011 soc=0.7991 fc=20
progress step=52000 round=5/40 episode=6/30 sample=zero_boundary_011 soc=0.7911 fc=400
progress step=52050 round=5/40 episode=6/30 sample=zero_boundary_011 soc=0.7949 fc=600
progress step=52100 round=5/40 episode=6/30 sample=zero_boundary_011 soc=0.7968 fc=60
progress step=52150 round=5/40 episode=6/30 sample=zero_boundary_011 soc=0.7964 fc=290
progress step=52200 round=5/40 episode=6/30 sample=zero_boundary_011 soc=0.7762 fc=560
progress step=52250 round=5/40 episode=7/30 sample=zero_boundary_013 soc=0.6257 fc=210
progress step=52300 round=5/40 episode=7/30 sample=zero_boundary_013 soc=0.7851 fc=600
progress step=52350 round=5/40 episode=7/30 sample=zero_boundary_013 soc=0.7936 fc=280
progress step=52400 round=5/40 episode=7/30 sample=zero_boundary_013 soc=0.7706 fc=250
progress step=52450 round=5/40 episode=7/30 sample=zero_boundary_013 soc=0.7957 fc=140
progress step=52500 round=5/40 episode=7/30 sample=zero_boundary_013 soc=0.7965 fc=80
progress step=52550 round=5/40 episode=7/30 sample=zero_boundary_013 soc=0.7955 fc=600
progress step=52600 round=5/40 episode=8/30 sample=zero_boundary_015 soc=0.6406 fc=460
progress step=52650 round=5/40 episode=8/30 sample=zero_boundary_015 soc=0.6398 fc=480
progress step=52700 round=5/40 episode=8/30 sample=zero_boundary_015 soc=0.5367 fc=560
progress step=52750 round=5/40 episode=9/30 sample=zero_boundary_016 soc=0.6647 fc=370
progress step=52800 round=5/40 episode=9/30 sample=zero_boundary_016 soc=0.7898 fc=520
progress step=52850 round=5/40 episode=9/30 sample=zero_boundary_016 soc=0.6630 fc=600
progress step=52900 round=5/40 episode=9/30 sample=zero_boundary_016 soc=0.4931 fc=60
progress step=52950 round=5/40 episode=9/30 sample=zero_boundary_016 soc=0.2538 fc=270
progress step=53000 round=5/40 episode=10/30 sample=zero_boundary_017 soc=0.5838 fc=30
progress step=53050 round=5/40 episode=10/30 sample=zero_boundary_017 soc=0.3571 fc=480
progress step=53100 round=5/40 episode=11/30 sample=zero_boundary_020 soc=0.6569 fc=530
progress step=53150 round=5/40 episode=11/30 sample=zero_boundary_020 soc=0.6499 fc=600
progress step=53200 round=5/40 episode=12/30 sample=zero_boundary_021 soc=0.6272 fc=180
progress step=53250 round=5/40 episode=12/30 sample=zero_boundary_021 soc=0.7997 fc=110
progress step=53300 round=5/40 episode=12/30 sample=zero_boundary_021 soc=0.7706 fc=40
progress step=53350 round=5/40 episode=12/30 sample=zero_boundary_021 soc=0.6822 fc=520
progress step=53400 round=5/40 episode=12/30 sample=zero_boundary_021 soc=0.5958 fc=40
progress step=53450 round=5/40 episode=13/30 sample=zero_boundary_022 soc=0.6742 fc=100
progress step=53500 round=5/40 episode=13/30 sample=zero_boundary_022 soc=0.6397 fc=180
progress step=53550 round=5/40 episode=13/30 sample=zero_boundary_022 soc=0.6807 fc=540
progress step=53600 round=5/40 episode=13/30 sample=zero_boundary_022 soc=0.7367 fc=530
progress step=53650 round=5/40 episode=14/30 sample=zero_boundary_029 soc=0.7333 fc=330
progress step=53700 round=5/40 episode=14/30 sample=zero_boundary_029 soc=0.7728 fc=310
progress step=53750 round=5/40 episode=14/30 sample=zero_boundary_029 soc=0.7720 fc=420
progress step=53800 round=5/40 episode=14/30 sample=zero_boundary_029 soc=0.7626 fc=600
progress step=53850 round=5/40 episode=14/30 sample=zero_boundary_029 soc=0.7993 fc=20
progress step=53900 round=5/40 episode=14/30 sample=zero_boundary_029 soc=0.7938 fc=370
progress step=53950 round=5/40 episode=14/30 sample=zero_boundary_029 soc=0.7979 fc=60
progress step=54000 round=5/40 episode=14/30 sample=zero_boundary_029 soc=0.7999 fc=0
progress step=54050 round=5/40 episode=14/30 sample=zero_boundary_029 soc=0.7999 fc=0
progress step=54100 round=5/40 episode=14/30 sample=zero_boundary_029 soc=0.7999 fc=0
progress step=54150 round=5/40 episode=14/30 sample=zero_boundary_029 soc=0.7999 fc=0
progress step=54200 round=5/40 episode=14/30 sample=zero_boundary_029 soc=0.7999 fc=0
progress step=54250 round=5/40 episode=14/30 sample=zero_boundary_029 soc=0.7999 fc=0
progress step=54300 round=5/40 episode=14/30 sample=zero_boundary_029 soc=0.7999 fc=0
progress step=54350 round=5/40 episode=14/30 sample=zero_boundary_029 soc=0.7999 fc=0
progress step=54400 round=5/40 episode=14/30 sample=zero_boundary_029 soc=0.7999 fc=0
progress step=54450 round=5/40 episode=14/30 sample=zero_boundary_029 soc=0.7999 fc=0
progress step=54500 round=5/40 episode=14/30 sample=zero_boundary_029 soc=0.7999 fc=10
progress step=54550 round=5/40 episode=14/30 sample=zero_boundary_029 soc=0.7954 fc=40
progress step=54600 round=5/40 episode=14/30 sample=zero_boundary_029 soc=0.7973 fc=190
progress step=54650 round=5/40 episode=14/30 sample=zero_boundary_029 soc=0.7999 fc=70
progress step=54700 round=5/40 episode=15/30 sample=zero_boundary_033 soc=0.7108 fc=390
progress step=54750 round=5/40 episode=15/30 sample=zero_boundary_033 soc=0.7992 fc=120
progress step=54800 round=5/40 episode=15/30 sample=zero_boundary_033 soc=0.7398 fc=130
progress step=54850 round=5/40 episode=15/30 sample=zero_boundary_033 soc=0.7674 fc=480
progress step=54900 round=5/40 episode=15/30 sample=zero_boundary_033 soc=0.7464 fc=600
progress step=54950 round=5/40 episode=15/30 sample=zero_boundary_033 soc=0.6821 fc=140
progress step=55000 round=5/40 episode=15/30 sample=zero_boundary_033 soc=0.6171 fc=250
progress step=55050 round=5/40 episode=15/30 sample=zero_boundary_033 soc=0.7914 fc=310
progress step=55100 round=5/40 episode=15/30 sample=zero_boundary_033 soc=0.7999 fc=0
progress step=55150 round=5/40 episode=15/30 sample=zero_boundary_033 soc=0.7999 fc=0
progress step=55200 round=5/40 episode=15/30 sample=zero_boundary_033 soc=0.7999 fc=0
progress step=55250 round=5/40 episode=15/30 sample=zero_boundary_033 soc=0.7999 fc=0
progress step=55300 round=5/40 episode=15/30 sample=zero_boundary_033 soc=0.7999 fc=0
progress step=55350 round=5/40 episode=15/30 sample=zero_boundary_033 soc=0.7999 fc=0
progress step=55400 round=5/40 episode=15/30 sample=zero_boundary_033 soc=0.7999 fc=0
progress step=55450 round=5/40 episode=15/30 sample=zero_boundary_033 soc=0.7999 fc=30
progress step=55500 round=5/40 episode=15/30 sample=zero_boundary_033 soc=0.7998 fc=30
progress step=55550 round=5/40 episode=15/30 sample=zero_boundary_033 soc=0.8000 fc=0
progress step=55600 round=5/40 episode=15/30 sample=zero_boundary_033 soc=0.7990 fc=30
progress step=55650 round=5/40 episode=16/30 sample=zero_boundary_034 soc=0.6133 fc=590
progress step=55700 round=5/40 episode=16/30 sample=zero_boundary_034 soc=0.7999 fc=0
progress step=55750 round=5/40 episode=16/30 sample=zero_boundary_034 soc=0.7999 fc=0
progress step=55800 round=5/40 episode=16/30 sample=zero_boundary_034 soc=0.7999 fc=0
progress step=55850 round=5/40 episode=16/30 sample=zero_boundary_034 soc=0.7999 fc=0
progress step=55900 round=5/40 episode=16/30 sample=zero_boundary_034 soc=0.7999 fc=0
progress step=55950 round=5/40 episode=16/30 sample=zero_boundary_034 soc=0.7999 fc=0
progress step=56000 round=5/40 episode=16/30 sample=zero_boundary_034 soc=0.7999 fc=0
progress step=56050 round=5/40 episode=16/30 sample=zero_boundary_034 soc=0.7999 fc=0
progress step=56100 round=5/40 episode=16/30 sample=zero_boundary_034 soc=0.7999 fc=0
progress step=56150 round=5/40 episode=16/30 sample=zero_boundary_034 soc=0.7999 fc=0
progress step=56200 round=5/40 episode=16/30 sample=zero_boundary_034 soc=0.7999 fc=0
progress step=56250 round=5/40 episode=16/30 sample=zero_boundary_034 soc=0.7999 fc=0
progress step=56300 round=5/40 episode=16/30 sample=zero_boundary_034 soc=0.7999 fc=0
progress step=56350 round=5/40 episode=16/30 sample=zero_boundary_034 soc=0.7999 fc=0
progress step=56400 round=5/40 episode=16/30 sample=zero_boundary_034 soc=0.7999 fc=0
progress step=56450 round=5/40 episode=16/30 sample=zero_boundary_034 soc=0.7999 fc=0
progress step=56500 round=5/40 episode=16/30 sample=zero_boundary_034 soc=0.7999 fc=0
progress step=56550 round=5/40 episode=16/30 sample=zero_boundary_034 soc=0.7999 fc=0
progress step=56600 round=5/40 episode=16/30 sample=zero_boundary_034 soc=0.7994 fc=50
progress step=56650 round=5/40 episode=16/30 sample=zero_boundary_034 soc=0.7947 fc=520
progress step=56700 round=5/40 episode=16/30 sample=zero_boundary_034 soc=0.7989 fc=140
progress step=56750 round=5/40 episode=16/30 sample=zero_boundary_034 soc=0.7932 fc=40
progress step=56800 round=5/40 episode=16/30 sample=zero_boundary_034 soc=0.7990 fc=0
progress step=56850 round=5/40 episode=16/30 sample=zero_boundary_034 soc=0.8000 fc=0
progress step=56900 round=5/40 episode=16/30 sample=zero_boundary_034 soc=0.8000 fc=0
progress step=56950 round=5/40 episode=16/30 sample=zero_boundary_034 soc=0.8000 fc=0
progress step=57000 round=5/40 episode=16/30 sample=zero_boundary_034 soc=0.8000 fc=0
progress step=57050 round=5/40 episode=16/30 sample=zero_boundary_034 soc=0.8000 fc=0
progress step=57100 round=5/40 episode=16/30 sample=zero_boundary_034 soc=0.8000 fc=0
progress step=57150 round=5/40 episode=16/30 sample=zero_boundary_034 soc=0.8000 fc=0
progress step=57200 round=5/40 episode=16/30 sample=zero_boundary_034 soc=0.8000 fc=0
progress step=57250 round=5/40 episode=16/30 sample=zero_boundary_034 soc=0.8000 fc=0
progress step=57300 round=5/40 episode=17/30 sample=zero_boundary_037 soc=0.6462 fc=530
progress step=57350 round=5/40 episode=17/30 sample=zero_boundary_037 soc=0.7356 fc=300
progress step=57400 round=5/40 episode=17/30 sample=zero_boundary_037 soc=0.7956 fc=120
progress step=57450 round=5/40 episode=17/30 sample=zero_boundary_037 soc=0.7997 fc=30
progress step=57500 round=5/40 episode=17/30 sample=zero_boundary_037 soc=0.7993 fc=190
progress step=57550 round=5/40 episode=17/30 sample=zero_boundary_037 soc=0.7848 fc=170
progress step=57600 round=5/40 episode=17/30 sample=zero_boundary_037 soc=0.6455 fc=590
progress step=57650 round=5/40 episode=17/30 sample=zero_boundary_037 soc=0.6260 fc=240
progress step=57700 round=5/40 episode=17/30 sample=zero_boundary_037 soc=0.7987 fc=60
progress step=57750 round=5/40 episode=17/30 sample=zero_boundary_037 soc=0.7997 fc=70
progress step=57800 round=5/40 episode=17/30 sample=zero_boundary_037 soc=0.7986 fc=60
progress step=57850 round=5/40 episode=17/30 sample=zero_boundary_037 soc=0.7985 fc=170
progress step=57900 round=5/40 episode=17/30 sample=zero_boundary_037 soc=0.7992 fc=90
progress step=57950 round=5/40 episode=17/30 sample=zero_boundary_037 soc=0.7991 fc=10
progress step=58000 round=5/40 episode=17/30 sample=zero_boundary_037 soc=0.7985 fc=170
progress step=58050 round=5/40 episode=17/30 sample=zero_boundary_037 soc=0.7989 fc=100
progress step=58100 round=5/40 episode=17/30 sample=zero_boundary_037 soc=0.7997 fc=100
progress step=58150 round=5/40 episode=17/30 sample=zero_boundary_037 soc=0.7992 fc=10
progress step=58200 round=5/40 episode=17/30 sample=zero_boundary_037 soc=0.7979 fc=0
progress step=58250 round=5/40 episode=17/30 sample=zero_boundary_037 soc=0.7997 fc=30
progress step=58300 round=5/40 episode=17/30 sample=zero_boundary_037 soc=0.8000 fc=0
progress step=58350 round=5/40 episode=17/30 sample=zero_boundary_037 soc=0.8000 fc=0
progress step=58400 round=5/40 episode=17/30 sample=zero_boundary_037 soc=0.8000 fc=0
progress step=58450 round=5/40 episode=17/30 sample=zero_boundary_037 soc=0.7996 fc=10
progress step=58500 round=5/40 episode=17/30 sample=zero_boundary_037 soc=0.7995 fc=10
progress step=58550 round=5/40 episode=17/30 sample=zero_boundary_037 soc=0.8000 fc=0
progress step=58600 round=5/40 episode=17/30 sample=zero_boundary_037 soc=0.7997 fc=10
progress step=58650 round=5/40 episode=17/30 sample=zero_boundary_037 soc=0.7998 fc=30
progress step=58700 round=5/40 episode=17/30 sample=zero_boundary_037 soc=0.7995 fc=60
progress step=58750 round=5/40 episode=17/30 sample=zero_boundary_037 soc=0.7982 fc=20
progress step=58800 round=5/40 episode=17/30 sample=zero_boundary_037 soc=0.7996 fc=20
progress step=58850 round=5/40 episode=17/30 sample=zero_boundary_037 soc=0.7999 fc=0
progress step=58900 round=5/40 episode=17/30 sample=zero_boundary_037 soc=0.7997 fc=40
progress step=58950 round=5/40 episode=17/30 sample=zero_boundary_037 soc=0.7997 fc=0
progress step=59000 round=5/40 episode=17/30 sample=zero_boundary_037 soc=0.7990 fc=100
progress step=59050 round=5/40 episode=17/30 sample=zero_boundary_037 soc=0.8000 fc=20
progress step=59100 round=5/40 episode=17/30 sample=zero_boundary_037 soc=0.7996 fc=20
progress step=59150 round=5/40 episode=17/30 sample=zero_boundary_037 soc=0.7999 fc=0
progress step=59200 round=5/40 episode=18/30 sample=zero_boundary_038 soc=0.6727 fc=600
progress step=59250 round=5/40 episode=18/30 sample=zero_boundary_038 soc=0.6858 fc=130
progress step=59300 round=5/40 episode=18/30 sample=zero_boundary_038 soc=0.6115 fc=530
progress step=59350 round=5/40 episode=18/30 sample=zero_boundary_038 soc=0.6130 fc=80
progress step=59400 round=5/40 episode=18/30 sample=zero_boundary_038 soc=0.4899 fc=250
progress step=59450 round=5/40 episode=18/30 sample=zero_boundary_038 soc=0.4212 fc=500
progress step=59500 round=5/40 episode=18/30 sample=zero_boundary_038 soc=0.5332 fc=170
progress step=59550 round=5/40 episode=18/30 sample=zero_boundary_038 soc=0.7033 fc=320
progress step=59600 round=5/40 episode=18/30 sample=zero_boundary_038 soc=0.7987 fc=60
progress step=59650 round=5/40 episode=18/30 sample=zero_boundary_038 soc=0.7885 fc=100
progress step=59700 round=5/40 episode=18/30 sample=zero_boundary_038 soc=0.7622 fc=480
progress step=59750 round=5/40 episode=18/30 sample=zero_boundary_038 soc=0.7327 fc=90
progress step=59800 round=5/40 episode=18/30 sample=zero_boundary_038 soc=0.7018 fc=460
progress step=59850 round=5/40 episode=18/30 sample=zero_boundary_038 soc=0.7212 fc=490
progress step=59900 round=5/40 episode=19/30 sample=zero_boundary_040 soc=0.6252 fc=140
progress step=59950 round=5/40 episode=19/30 sample=zero_boundary_040 soc=0.6018 fc=540
progress step=60000 round=5/40 episode=19/30 sample=zero_boundary_040 soc=0.4763 fc=60
progress step=60050 round=5/40 episode=19/30 sample=zero_boundary_040 soc=0.4211 fc=470
progress step=60100 round=5/40 episode=19/30 sample=zero_boundary_040 soc=0.4731 fc=600
progress step=60150 round=5/40 episode=19/30 sample=zero_boundary_040 soc=0.4943 fc=470
progress step=60200 round=5/40 episode=19/30 sample=zero_boundary_040 soc=0.5993 fc=100
progress step=60250 round=5/40 episode=19/30 sample=zero_boundary_040 soc=0.6828 fc=430
progress step=60300 round=5/40 episode=19/30 sample=zero_boundary_040 soc=0.6054 fc=400
progress step=60350 round=5/40 episode=19/30 sample=zero_boundary_040 soc=0.4884 fc=330
progress step=60400 round=5/40 episode=20/30 sample=zero_boundary_041 soc=0.6517 fc=350
progress step=60450 round=5/40 episode=20/30 sample=zero_boundary_041 soc=0.6230 fc=600
progress step=60500 round=5/40 episode=20/30 sample=zero_boundary_041 soc=0.4103 fc=480
progress step=60550 round=5/40 episode=21/30 sample=zero_boundary_042 soc=0.6083 fc=600
progress step=60600 round=5/40 episode=21/30 sample=zero_boundary_042 soc=0.6910 fc=310
progress step=60650 round=5/40 episode=21/30 sample=zero_boundary_042 soc=0.5576 fc=590
progress step=60700 round=5/40 episode=21/30 sample=zero_boundary_042 soc=0.3776 fc=600
progress step=60750 round=5/40 episode=21/30 sample=zero_boundary_042 soc=0.2015 fc=540
progress step=60800 round=5/40 episode=21/30 sample=zero_boundary_042 soc=0.2015 fc=480
progress step=60850 round=5/40 episode=21/30 sample=zero_boundary_042 soc=0.2861 fc=90
progress step=60900 round=5/40 episode=22/30 sample=zero_boundary_044 soc=0.6062 fc=120
progress step=60950 round=5/40 episode=22/30 sample=zero_boundary_044 soc=0.6208 fc=470
progress step=61000 round=5/40 episode=22/30 sample=zero_boundary_044 soc=0.4468 fc=180
progress step=61050 round=5/40 episode=23/30 sample=zero_boundary_045 soc=0.6194 fc=120
progress step=61100 round=5/40 episode=23/30 sample=zero_boundary_045 soc=0.6719 fc=350
progress step=61150 round=5/40 episode=23/30 sample=zero_boundary_045 soc=0.6187 fc=540
progress step=61200 round=5/40 episode=23/30 sample=zero_boundary_045 soc=0.5193 fc=270
progress step=61250 round=5/40 episode=23/30 sample=zero_boundary_045 soc=0.3074 fc=150
progress step=61300 round=5/40 episode=23/30 sample=zero_boundary_045 soc=0.2770 fc=600
progress step=61350 round=5/40 episode=24/30 sample=zero_boundary_046 soc=0.6015 fc=400
progress step=61400 round=5/40 episode=24/30 sample=zero_boundary_046 soc=0.5497 fc=160
progress step=61450 round=5/40 episode=24/30 sample=zero_boundary_046 soc=0.3953 fc=0
progress step=61500 round=5/40 episode=25/30 sample=zero_boundary_048 soc=0.6300 fc=380
progress step=61550 round=5/40 episode=25/30 sample=zero_boundary_048 soc=0.6149 fc=270
progress step=61600 round=5/40 episode=25/30 sample=zero_boundary_048 soc=0.5095 fc=220
progress step=61650 round=5/40 episode=25/30 sample=zero_boundary_048 soc=0.4457 fc=340
progress step=61700 round=5/40 episode=25/30 sample=zero_boundary_048 soc=0.5212 fc=340
progress step=61750 round=5/40 episode=25/30 sample=zero_boundary_048 soc=0.4945 fc=40
progress step=61800 round=5/40 episode=26/30 sample=zero_boundary_049 soc=0.6670 fc=220
progress step=61850 round=5/40 episode=26/30 sample=zero_boundary_049 soc=0.6861 fc=300
progress step=61900 round=5/40 episode=26/30 sample=zero_boundary_049 soc=0.6764 fc=30
progress step=61950 round=5/40 episode=26/30 sample=zero_boundary_049 soc=0.6505 fc=600
progress step=62000 round=5/40 episode=26/30 sample=zero_boundary_049 soc=0.6842 fc=330
progress step=62050 round=5/40 episode=27/30 sample=zero_boundary_050 soc=0.6109 fc=220
progress step=62100 round=5/40 episode=27/30 sample=zero_boundary_050 soc=0.6693 fc=400
progress step=62150 round=5/40 episode=27/30 sample=zero_boundary_050 soc=0.5036 fc=220
progress step=62200 round=5/40 episode=27/30 sample=zero_boundary_050 soc=0.3542 fc=600
progress step=62250 round=5/40 episode=28/30 sample=zero_boundary_051 soc=0.6150 fc=170
progress step=62300 round=5/40 episode=28/30 sample=zero_boundary_051 soc=0.6419 fc=370
progress step=62350 round=5/40 episode=28/30 sample=zero_boundary_051 soc=0.6532 fc=590
progress step=62400 round=5/40 episode=29/30 sample=zero_boundary_052 soc=0.6393 fc=360
progress step=62450 round=5/40 episode=29/30 sample=zero_boundary_052 soc=0.6290 fc=370
progress step=62500 round=5/40 episode=29/30 sample=zero_boundary_052 soc=0.4128 fc=530
progress step=62550 round=5/40 episode=29/30 sample=zero_boundary_052 soc=0.4342 fc=600
progress step=62600 round=5/40 episode=29/30 sample=zero_boundary_052 soc=0.5550 fc=250
progress step=62650 round=5/40 episode=30/30 sample=zero_boundary_053 soc=0.6708 fc=330
progress step=62700 round=5/40 episode=30/30 sample=zero_boundary_053 soc=0.6511 fc=340
progress step=62750 round=5/40 episode=30/30 sample=zero_boundary_053 soc=0.5325 fc=10
progress step=62800 round=5/40 episode=30/30 sample=zero_boundary_053 soc=0.6251 fc=600
progress step=62850 round=5/40 episode=30/30 sample=zero_boundary_053 soc=0.6749 fc=400
round 5/40 exploratory=20/30 greedy_train start
round 5/40 greedy_train=30/30 validation start
MONITOR round=5 exploratory=20/30 greedy_train=30/30 validation=8/8 cost=90488.32307544776 updates=2048 best_round=4
round 6/40 start epsilon=0.8782
progress step=62900 round=6/40 episode=1/30 sample=zero_boundary_002 soc=0.6696 fc=430
progress step=62950 round=6/40 episode=1/30 sample=zero_boundary_002 soc=0.6956 fc=140
progress step=63000 round=6/40 episode=1/30 sample=zero_boundary_002 soc=0.3662 fc=600
progress step=63050 round=6/40 episode=1/30 sample=zero_boundary_002 soc=0.5296 fc=540
progress step=63100 round=6/40 episode=1/30 sample=zero_boundary_002 soc=0.4257 fc=0
progress step=63150 round=6/40 episode=1/30 sample=zero_boundary_002 soc=0.5197 fc=600
progress step=63200 round=6/40 episode=2/30 sample=zero_boundary_005 soc=0.6738 fc=440
progress step=63250 round=6/40 episode=2/30 sample=zero_boundary_005 soc=0.6919 fc=550
progress step=63300 round=6/40 episode=2/30 sample=zero_boundary_005 soc=0.6056 fc=590
progress step=63350 round=6/40 episode=2/30 sample=zero_boundary_005 soc=0.6090 fc=150
progress step=63400 round=6/40 episode=2/30 sample=zero_boundary_005 soc=0.4739 fc=430
progress step=63450 round=6/40 episode=2/30 sample=zero_boundary_005 soc=0.5040 fc=400
progress step=63500 round=6/40 episode=3/30 sample=zero_boundary_006 soc=0.6767 fc=20
progress step=63550 round=6/40 episode=3/30 sample=zero_boundary_006 soc=0.7938 fc=360
progress step=63600 round=6/40 episode=3/30 sample=zero_boundary_006 soc=0.7987 fc=10
progress step=63650 round=6/40 episode=3/30 sample=zero_boundary_006 soc=0.8000 fc=40
progress step=63700 round=6/40 episode=3/30 sample=zero_boundary_006 soc=0.7977 fc=170
progress step=63750 round=6/40 episode=3/30 sample=zero_boundary_006 soc=0.7977 fc=20
progress step=63800 round=6/40 episode=3/30 sample=zero_boundary_006 soc=0.7956 fc=20
progress step=63850 round=6/40 episode=4/30 sample=zero_boundary_007 soc=0.6634 fc=210
progress step=63900 round=6/40 episode=4/30 sample=zero_boundary_007 soc=0.6192 fc=600
progress step=63950 round=6/40 episode=4/30 sample=zero_boundary_007 soc=0.6631 fc=270
progress step=64000 round=6/40 episode=4/30 sample=zero_boundary_007 soc=0.7239 fc=300
progress step=64050 round=6/40 episode=4/30 sample=zero_boundary_007 soc=0.6871 fc=10
progress step=64100 round=6/40 episode=4/30 sample=zero_boundary_007 soc=0.7057 fc=340
progress step=64150 round=6/40 episode=5/30 sample=zero_boundary_008 soc=0.6421 fc=600
progress step=64200 round=6/40 episode=5/30 sample=zero_boundary_008 soc=0.2498 fc=60
progress step=64250 round=6/40 episode=6/30 sample=zero_boundary_011 soc=0.7974 fc=170
progress step=64300 round=6/40 episode=6/30 sample=zero_boundary_011 soc=0.7434 fc=310
progress step=64350 round=6/40 episode=6/30 sample=zero_boundary_011 soc=0.6465 fc=60
progress step=64400 round=6/40 episode=6/30 sample=zero_boundary_011 soc=0.4949 fc=280
progress step=64450 round=6/40 episode=6/30 sample=zero_boundary_011 soc=0.3907 fc=520
progress step=64500 round=6/40 episode=6/30 sample=zero_boundary_011 soc=0.3352 fc=280
progress step=64550 round=6/40 episode=6/30 sample=zero_boundary_011 soc=0.6046 fc=20
progress step=64600 round=6/40 episode=6/30 sample=zero_boundary_011 soc=0.7875 fc=600
progress step=64650 round=6/40 episode=6/30 sample=zero_boundary_011 soc=0.7993 fc=50
progress step=64700 round=6/40 episode=6/30 sample=zero_boundary_011 soc=0.7979 fc=470
progress step=64750 round=6/40 episode=6/30 sample=zero_boundary_011 soc=0.7847 fc=500
progress step=64800 round=6/40 episode=6/30 sample=zero_boundary_011 soc=0.7973 fc=60
progress step=64850 round=6/40 episode=6/30 sample=zero_boundary_011 soc=0.7983 fc=310
progress step=64900 round=6/40 episode=6/30 sample=zero_boundary_011 soc=0.7950 fc=300
progress step=64950 round=6/40 episode=7/30 sample=zero_boundary_013 soc=0.6083 fc=570
progress step=65000 round=6/40 episode=7/30 sample=zero_boundary_013 soc=0.7969 fc=190
progress step=65050 round=6/40 episode=7/30 sample=zero_boundary_013 soc=0.7808 fc=460
progress step=65100 round=6/40 episode=7/30 sample=zero_boundary_013 soc=0.7909 fc=430
progress step=65150 round=6/40 episode=7/30 sample=zero_boundary_013 soc=0.7997 fc=150
progress step=65200 round=6/40 episode=7/30 sample=zero_boundary_013 soc=0.7970 fc=60
progress step=65250 round=6/40 episode=7/30 sample=zero_boundary_013 soc=0.7804 fc=340
progress step=65300 round=6/40 episode=8/30 sample=zero_boundary_015 soc=0.6469 fc=210
progress step=65350 round=6/40 episode=8/30 sample=zero_boundary_015 soc=0.6846 fc=280
progress step=65400 round=6/40 episode=8/30 sample=zero_boundary_015 soc=0.6782 fc=590
progress step=65450 round=6/40 episode=9/30 sample=zero_boundary_016 soc=0.6122 fc=520
progress step=65500 round=6/40 episode=9/30 sample=zero_boundary_016 soc=0.7790 fc=500
progress step=65550 round=6/40 episode=9/30 sample=zero_boundary_016 soc=0.7161 fc=110
progress step=65600 round=6/40 episode=9/30 sample=zero_boundary_016 soc=0.5258 fc=580
progress step=65650 round=6/40 episode=9/30 sample=zero_boundary_016 soc=0.3343 fc=150
progress step=65700 round=6/40 episode=10/30 sample=zero_boundary_017 soc=0.6032 fc=530
progress step=65750 round=6/40 episode=10/30 sample=zero_boundary_017 soc=0.3532 fc=310
progress step=65800 round=6/40 episode=11/30 sample=zero_boundary_020 soc=0.6359 fc=320
progress step=65850 round=6/40 episode=11/30 sample=zero_boundary_020 soc=0.6992 fc=410
progress step=65900 round=6/40 episode=11/30 sample=zero_boundary_020 soc=0.7534 fc=20
progress step=65950 round=6/40 episode=12/30 sample=zero_boundary_021 soc=0.7606 fc=200
progress step=66000 round=6/40 episode=12/30 sample=zero_boundary_021 soc=0.7864 fc=600
progress step=66050 round=6/40 episode=12/30 sample=zero_boundary_021 soc=0.7055 fc=390
progress step=66100 round=6/40 episode=12/30 sample=zero_boundary_021 soc=0.6608 fc=10
progress step=66150 round=6/40 episode=13/30 sample=zero_boundary_022 soc=0.6345 fc=400
progress step=66200 round=6/40 episode=13/30 sample=zero_boundary_022 soc=0.6768 fc=40
progress step=66250 round=6/40 episode=13/30 sample=zero_boundary_022 soc=0.6753 fc=600
progress step=66300 round=6/40 episode=13/30 sample=zero_boundary_022 soc=0.7570 fc=570
progress step=66350 round=6/40 episode=14/30 sample=zero_boundary_029 soc=0.6689 fc=270
progress step=66400 round=6/40 episode=14/30 sample=zero_boundary_029 soc=0.7433 fc=600
progress step=66450 round=6/40 episode=14/30 sample=zero_boundary_029 soc=0.7340 fc=520
progress step=66500 round=6/40 episode=14/30 sample=zero_boundary_029 soc=0.7378 fc=540
progress step=66550 round=6/40 episode=14/30 sample=zero_boundary_029 soc=0.7978 fc=190
progress step=66600 round=6/40 episode=14/30 sample=zero_boundary_029 soc=0.7930 fc=600
progress step=66650 round=6/40 episode=14/30 sample=zero_boundary_029 soc=0.7961 fc=530
progress step=66700 round=6/40 episode=14/30 sample=zero_boundary_029 soc=0.7999 fc=0
progress step=66750 round=6/40 episode=14/30 sample=zero_boundary_029 soc=0.7999 fc=0
progress step=66800 round=6/40 episode=14/30 sample=zero_boundary_029 soc=0.7999 fc=0
progress step=66850 round=6/40 episode=14/30 sample=zero_boundary_029 soc=0.7999 fc=0
progress step=66900 round=6/40 episode=14/30 sample=zero_boundary_029 soc=0.7999 fc=0
progress step=66950 round=6/40 episode=14/30 sample=zero_boundary_029 soc=0.7999 fc=0
progress step=67000 round=6/40 episode=14/30 sample=zero_boundary_029 soc=0.7999 fc=0
progress step=67050 round=6/40 episode=14/30 sample=zero_boundary_029 soc=0.7999 fc=0
progress step=67100 round=6/40 episode=14/30 sample=zero_boundary_029 soc=0.7999 fc=0
progress step=67150 round=6/40 episode=14/30 sample=zero_boundary_029 soc=0.7999 fc=0
progress step=67200 round=6/40 episode=14/30 sample=zero_boundary_029 soc=0.8000 fc=0
progress step=67250 round=6/40 episode=14/30 sample=zero_boundary_029 soc=0.7945 fc=280
progress step=67300 round=6/40 episode=14/30 sample=zero_boundary_029 soc=0.7932 fc=360
progress step=67350 round=6/40 episode=14/30 sample=zero_boundary_029 soc=0.7736 fc=600
progress step=67400 round=6/40 episode=15/30 sample=zero_boundary_033 soc=0.6562 fc=520
progress step=67450 round=6/40 episode=15/30 sample=zero_boundary_033 soc=0.7732 fc=300
progress step=67500 round=6/40 episode=15/30 sample=zero_boundary_033 soc=0.7402 fc=50
progress step=67550 round=6/40 episode=15/30 sample=zero_boundary_033 soc=0.7336 fc=210
progress step=67600 round=6/40 episode=15/30 sample=zero_boundary_033 soc=0.6779 fc=330
progress step=67650 round=6/40 episode=15/30 sample=zero_boundary_033 soc=0.6822 fc=460
progress step=67700 round=6/40 episode=15/30 sample=zero_boundary_033 soc=0.5642 fc=490
progress step=67750 round=6/40 episode=15/30 sample=zero_boundary_033 soc=0.7233 fc=240
progress step=67800 round=6/40 episode=15/30 sample=zero_boundary_033 soc=0.8000 fc=0
progress step=67850 round=6/40 episode=15/30 sample=zero_boundary_033 soc=0.8000 fc=0
progress step=67900 round=6/40 episode=15/30 sample=zero_boundary_033 soc=0.8000 fc=0
progress step=67950 round=6/40 episode=15/30 sample=zero_boundary_033 soc=0.7999 fc=0
progress step=68000 round=6/40 episode=15/30 sample=zero_boundary_033 soc=0.7999 fc=0
progress step=68050 round=6/40 episode=15/30 sample=zero_boundary_033 soc=0.7999 fc=0
progress step=68100 round=6/40 episode=15/30 sample=zero_boundary_033 soc=0.7999 fc=0
progress step=68150 round=6/40 episode=15/30 sample=zero_boundary_033 soc=0.7999 fc=10
progress step=68200 round=6/40 episode=15/30 sample=zero_boundary_033 soc=0.7999 fc=20
progress step=68250 round=6/40 episode=15/30 sample=zero_boundary_033 soc=0.7995 fc=30
progress step=68300 round=6/40 episode=15/30 sample=zero_boundary_033 soc=0.7997 fc=0
progress step=68350 round=6/40 episode=15/30 sample=zero_boundary_033 soc=0.7999 fc=30
progress step=68400 round=6/40 episode=16/30 sample=zero_boundary_034 soc=0.7582 fc=20
progress step=68450 round=6/40 episode=16/30 sample=zero_boundary_034 soc=0.8000 fc=0
progress step=68500 round=6/40 episode=16/30 sample=zero_boundary_034 soc=0.8000 fc=0
progress step=68550 round=6/40 episode=16/30 sample=zero_boundary_034 soc=0.8000 fc=0
progress step=68600 round=6/40 episode=16/30 sample=zero_boundary_034 soc=0.8000 fc=0
progress step=68650 round=6/40 episode=16/30 sample=zero_boundary_034 soc=0.8000 fc=0
progress step=68700 round=6/40 episode=16/30 sample=zero_boundary_034 soc=0.8000 fc=0
progress step=68750 round=6/40 episode=16/30 sample=zero_boundary_034 soc=0.8000 fc=0
progress step=68800 round=6/40 episode=16/30 sample=zero_boundary_034 soc=0.8000 fc=0
progress step=68850 round=6/40 episode=16/30 sample=zero_boundary_034 soc=0.8000 fc=0
progress step=68900 round=6/40 episode=16/30 sample=zero_boundary_034 soc=0.8000 fc=0
progress step=68950 round=6/40 episode=16/30 sample=zero_boundary_034 soc=0.8000 fc=0
progress step=69000 round=6/40 episode=16/30 sample=zero_boundary_034 soc=0.8000 fc=0
progress step=69050 round=6/40 episode=16/30 sample=zero_boundary_034 soc=0.8000 fc=0
progress step=69100 round=6/40 episode=16/30 sample=zero_boundary_034 soc=0.8000 fc=0
progress step=69150 round=6/40 episode=16/30 sample=zero_boundary_034 soc=0.8000 fc=0
progress step=69200 round=6/40 episode=16/30 sample=zero_boundary_034 soc=0.8000 fc=0
progress step=69250 round=6/40 episode=16/30 sample=zero_boundary_034 soc=0.7994 fc=100
progress step=69300 round=6/40 episode=16/30 sample=zero_boundary_034 soc=0.7982 fc=120
progress step=69350 round=6/40 episode=16/30 sample=zero_boundary_034 soc=0.7995 fc=10
progress step=69400 round=6/40 episode=16/30 sample=zero_boundary_034 soc=0.7998 fc=30
progress step=69450 round=6/40 episode=16/30 sample=zero_boundary_034 soc=0.7991 fc=110
progress step=69500 round=6/40 episode=16/30 sample=zero_boundary_034 soc=0.7993 fc=60
progress step=69550 round=6/40 episode=16/30 sample=zero_boundary_034 soc=0.8000 fc=0
progress step=69600 round=6/40 episode=16/30 sample=zero_boundary_034 soc=0.8000 fc=0
progress step=69650 round=6/40 episode=16/30 sample=zero_boundary_034 soc=0.8000 fc=0
progress step=69700 round=6/40 episode=16/30 sample=zero_boundary_034 soc=0.8000 fc=0
progress step=69750 round=6/40 episode=16/30 sample=zero_boundary_034 soc=0.8000 fc=0
progress step=69800 round=6/40 episode=16/30 sample=zero_boundary_034 soc=0.8000 fc=0
progress step=69850 round=6/40 episode=16/30 sample=zero_boundary_034 soc=0.8000 fc=0
progress step=69900 round=6/40 episode=16/30 sample=zero_boundary_034 soc=0.8000 fc=0
progress step=69950 round=6/40 episode=16/30 sample=zero_boundary_034 soc=0.8000 fc=0
progress step=70000 round=6/40 episode=16/30 sample=zero_boundary_034 soc=0.7996 fc=30
progress step=70050 round=6/40 episode=17/30 sample=zero_boundary_037 soc=0.7246 fc=470
progress step=70100 round=6/40 episode=17/30 sample=zero_boundary_037 soc=0.7909 fc=510
progress step=70150 round=6/40 episode=17/30 sample=zero_boundary_037 soc=0.7937 fc=600
progress step=70200 round=6/40 episode=17/30 sample=zero_boundary_037 soc=0.7988 fc=80
progress step=70250 round=6/40 episode=17/30 sample=zero_boundary_037 soc=0.7964 fc=230
progress step=70300 round=6/40 episode=17/30 sample=zero_boundary_037 soc=0.7202 fc=440
progress step=70350 round=6/40 episode=17/30 sample=zero_boundary_037 soc=0.5981 fc=440
progress step=70400 round=6/40 episode=17/30 sample=zero_boundary_037 soc=0.7566 fc=60
progress step=70450 round=6/40 episode=17/30 sample=zero_boundary_037 soc=0.7976 fc=60
progress step=70500 round=6/40 episode=17/30 sample=zero_boundary_037 soc=0.7998 fc=10
progress step=70550 round=6/40 episode=17/30 sample=zero_boundary_037 soc=0.7997 fc=40
progress step=70600 round=6/40 episode=17/30 sample=zero_boundary_037 soc=0.7993 fc=30
progress step=70650 round=6/40 episode=17/30 sample=zero_boundary_037 soc=0.7991 fc=70
progress step=70700 round=6/40 episode=17/30 sample=zero_boundary_037 soc=0.7995 fc=10
progress step=70750 round=6/40 episode=17/30 sample=zero_boundary_037 soc=0.7993 fc=80
progress step=70800 round=6/40 episode=17/30 sample=zero_boundary_037 soc=0.7989 fc=80
progress step=70850 round=6/40 episode=17/30 sample=zero_boundary_037 soc=0.7990 fc=120
progress step=70900 round=6/40 episode=17/30 sample=zero_boundary_037 soc=0.7999 fc=60
progress step=70950 round=6/40 episode=17/30 sample=zero_boundary_037 soc=0.7999 fc=60
progress step=71000 round=6/40 episode=17/30 sample=zero_boundary_037 soc=0.7999 fc=0
progress step=71050 round=6/40 episode=17/30 sample=zero_boundary_037 soc=0.7999 fc=0
progress step=71100 round=6/40 episode=17/30 sample=zero_boundary_037 soc=0.7999 fc=0
progress step=71150 round=6/40 episode=17/30 sample=zero_boundary_037 soc=0.7994 fc=50
progress step=71200 round=6/40 episode=17/30 sample=zero_boundary_037 soc=0.7998 fc=40
progress step=71250 round=6/40 episode=17/30 sample=zero_boundary_037 soc=0.7982 fc=90
progress step=71300 round=6/40 episode=17/30 sample=zero_boundary_037 soc=0.7998 fc=30
progress step=71350 round=6/40 episode=17/30 sample=zero_boundary_037 soc=0.7991 fc=0
progress step=71400 round=6/40 episode=17/30 sample=zero_boundary_037 soc=0.7993 fc=30
progress step=71450 round=6/40 episode=17/30 sample=zero_boundary_037 soc=0.7990 fc=110
progress step=71500 round=6/40 episode=17/30 sample=zero_boundary_037 soc=0.7993 fc=60
progress step=71550 round=6/40 episode=17/30 sample=zero_boundary_037 soc=0.7998 fc=40
progress step=71600 round=6/40 episode=17/30 sample=zero_boundary_037 soc=0.7997 fc=0
progress step=71650 round=6/40 episode=17/30 sample=zero_boundary_037 soc=0.7998 fc=0
progress step=71700 round=6/40 episode=17/30 sample=zero_boundary_037 soc=0.7997 fc=50
progress step=71750 round=6/40 episode=17/30 sample=zero_boundary_037 soc=0.7997 fc=20
progress step=71800 round=6/40 episode=17/30 sample=zero_boundary_037 soc=0.7992 fc=30
progress step=71850 round=6/40 episode=17/30 sample=zero_boundary_037 soc=0.7999 fc=20
progress step=71900 round=6/40 episode=18/30 sample=zero_boundary_038 soc=0.6025 fc=600
progress step=71950 round=6/40 episode=18/30 sample=zero_boundary_038 soc=0.7213 fc=120
progress step=72000 round=6/40 episode=18/30 sample=zero_boundary_038 soc=0.6497 fc=600
progress step=72050 round=6/40 episode=18/30 sample=zero_boundary_038 soc=0.6774 fc=590
progress step=72100 round=6/40 episode=18/30 sample=zero_boundary_038 soc=0.6025 fc=20
progress step=72150 round=6/40 episode=18/30 sample=zero_boundary_038 soc=0.4987 fc=150
progress step=72200 round=6/40 episode=18/30 sample=zero_boundary_038 soc=0.5378 fc=200
progress step=72250 round=6/40 episode=18/30 sample=zero_boundary_038 soc=0.7006 fc=490
progress step=72300 round=6/40 episode=18/30 sample=zero_boundary_038 soc=0.7997 fc=30
progress step=72350 round=6/40 episode=18/30 sample=zero_boundary_038 soc=0.7998 fc=10
progress step=72400 round=6/40 episode=18/30 sample=zero_boundary_038 soc=0.7667 fc=250
progress step=72450 round=6/40 episode=18/30 sample=zero_boundary_038 soc=0.7211 fc=600
progress step=72500 round=6/40 episode=18/30 sample=zero_boundary_038 soc=0.7222 fc=100
progress step=72550 round=6/40 episode=18/30 sample=zero_boundary_038 soc=0.7061 fc=600
progress step=72600 round=6/40 episode=18/30 sample=zero_boundary_038 soc=0.7999 fc=0
progress step=72650 round=6/40 episode=19/30 sample=zero_boundary_040 soc=0.6217 fc=290
progress step=72700 round=6/40 episode=19/30 sample=zero_boundary_040 soc=0.5321 fc=230
progress step=72750 round=6/40 episode=19/30 sample=zero_boundary_040 soc=0.4457 fc=230
progress step=72800 round=6/40 episode=19/30 sample=zero_boundary_040 soc=0.4352 fc=290
progress step=72850 round=6/40 episode=19/30 sample=zero_boundary_040 soc=0.4627 fc=190
progress step=72900 round=6/40 episode=19/30 sample=zero_boundary_040 soc=0.5090 fc=550
progress step=72950 round=6/40 episode=19/30 sample=zero_boundary_040 soc=0.6782 fc=0
progress step=73000 round=6/40 episode=19/30 sample=zero_boundary_040 soc=0.5988 fc=80
progress step=73050 round=6/40 episode=19/30 sample=zero_boundary_040 soc=0.5146 fc=110
progress step=73100 round=6/40 episode=19/30 sample=zero_boundary_040 soc=0.5841 fc=100
progress step=73150 round=6/40 episode=20/30 sample=zero_boundary_041 soc=0.5608 fc=70
progress step=73200 round=6/40 episode=20/30 sample=zero_boundary_041 soc=0.4338 fc=80
progress step=73250 round=6/40 episode=21/30 sample=zero_boundary_042 soc=0.6407 fc=40
progress step=73300 round=6/40 episode=21/30 sample=zero_boundary_042 soc=0.6717 fc=290
progress step=73350 round=6/40 episode=21/30 sample=zero_boundary_042 soc=0.5570 fc=160
progress step=73400 round=6/40 episode=21/30 sample=zero_boundary_042 soc=0.3609 fc=550
progress step=73450 round=6/40 episode=21/30 sample=zero_boundary_042 soc=0.2068 fc=600
progress step=73500 round=6/40 episode=21/30 sample=zero_boundary_042 soc=0.2011 fc=600
progress step=73550 round=6/40 episode=21/30 sample=zero_boundary_042 soc=0.3000 fc=580
progress step=73600 round=6/40 episode=22/30 sample=zero_boundary_044 soc=0.6319 fc=380
progress step=73650 round=6/40 episode=22/30 sample=zero_boundary_044 soc=0.6519 fc=570
progress step=73700 round=6/40 episode=22/30 sample=zero_boundary_044 soc=0.5037 fc=360
progress step=73750 round=6/40 episode=22/30 sample=zero_boundary_044 soc=0.2068 fc=560
progress step=73800 round=6/40 episode=23/30 sample=zero_boundary_045 soc=0.6592 fc=520
progress step=73850 round=6/40 episode=23/30 sample=zero_boundary_045 soc=0.6227 fc=210
progress step=73900 round=6/40 episode=23/30 sample=zero_boundary_045 soc=0.5247 fc=600
progress step=73950 round=6/40 episode=23/30 sample=zero_boundary_045 soc=0.3205 fc=460
progress step=74000 round=6/40 episode=23/30 sample=zero_boundary_045 soc=0.2335 fc=600
progress step=74050 round=6/40 episode=23/30 sample=zero_boundary_045 soc=0.2027 fc=240
progress step=74100 round=6/40 episode=24/30 sample=zero_boundary_046 soc=0.5990 fc=590
progress step=74150 round=6/40 episode=24/30 sample=zero_boundary_046 soc=0.4208 fc=230
progress step=74200 round=6/40 episode=24/30 sample=zero_boundary_046 soc=0.2431 fc=510
progress step=74250 round=6/40 episode=25/30 sample=zero_boundary_048 soc=0.6277 fc=480
progress step=74300 round=6/40 episode=25/30 sample=zero_boundary_048 soc=0.4854 fc=30
progress step=74350 round=6/40 episode=25/30 sample=zero_boundary_048 soc=0.3836 fc=0
progress step=74400 round=6/40 episode=25/30 sample=zero_boundary_048 soc=0.4712 fc=510
progress step=74450 round=6/40 episode=25/30 sample=zero_boundary_048 soc=0.4584 fc=130
progress step=74500 round=6/40 episode=26/30 sample=zero_boundary_049 soc=0.6282 fc=540
progress step=74550 round=6/40 episode=26/30 sample=zero_boundary_049 soc=0.7064 fc=180
progress step=74600 round=6/40 episode=26/30 sample=zero_boundary_049 soc=0.7061 fc=600
progress step=74650 round=6/40 episode=26/30 sample=zero_boundary_049 soc=0.7128 fc=370
progress step=74700 round=6/40 episode=26/30 sample=zero_boundary_049 soc=0.7725 fc=30
progress step=74750 round=6/40 episode=26/30 sample=zero_boundary_049 soc=0.7991 fc=40
progress step=74800 round=6/40 episode=27/30 sample=zero_boundary_050 soc=0.6764 fc=510
progress step=74850 round=6/40 episode=27/30 sample=zero_boundary_050 soc=0.5598 fc=570
progress step=74900 round=6/40 episode=27/30 sample=zero_boundary_050 soc=0.4464 fc=190
progress step=74950 round=6/40 episode=27/30 sample=zero_boundary_050 soc=0.3342 fc=360
progress step=75000 round=6/40 episode=28/30 sample=zero_boundary_051 soc=0.6368 fc=290
progress step=75050 round=6/40 episode=28/30 sample=zero_boundary_051 soc=0.6807 fc=220
progress step=75100 round=6/40 episode=28/30 sample=zero_boundary_051 soc=0.6794 fc=360
progress step=75150 round=6/40 episode=29/30 sample=zero_boundary_052 soc=0.6567 fc=370
progress step=75200 round=6/40 episode=29/30 sample=zero_boundary_052 soc=0.5380 fc=300
progress step=75250 round=6/40 episode=29/30 sample=zero_boundary_052 soc=0.3431 fc=290
progress step=75300 round=6/40 episode=29/30 sample=zero_boundary_052 soc=0.4099 fc=370
progress step=75350 round=6/40 episode=29/30 sample=zero_boundary_052 soc=0.5916 fc=10
progress step=75400 round=6/40 episode=30/30 sample=zero_boundary_053 soc=0.6946 fc=520
progress step=75450 round=6/40 episode=30/30 sample=zero_boundary_053 soc=0.6369 fc=230
progress step=75500 round=6/40 episode=30/30 sample=zero_boundary_053 soc=0.5355 fc=220
progress step=75550 round=6/40 episode=30/30 sample=zero_boundary_053 soc=0.6323 fc=70
progress step=75600 round=6/40 episode=30/30 sample=zero_boundary_053 soc=0.7017 fc=340
round 6/40 exploratory=20/30 greedy_train start
round 6/40 greedy_train=30/30 validation start
MONITOR round=6 exploratory=20/30 greedy_train=30/30 validation=8/8 cost=50905.792870606114 updates=2368 best_round=6
round 7/40 start epsilon=0.8538
progress step=75650 round=7/40 episode=1/30 sample=zero_boundary_002 soc=0.7331 fc=220
progress step=75700 round=7/40 episode=1/30 sample=zero_boundary_002 soc=0.6082 fc=130
progress step=75750 round=7/40 episode=1/30 sample=zero_boundary_002 soc=0.2942 fc=450
progress step=75800 round=7/40 episode=1/30 sample=zero_boundary_002 soc=0.5016 fc=270
progress step=75850 round=7/40 episode=1/30 sample=zero_boundary_002 soc=0.4541 fc=550
progress step=75900 round=7/40 episode=1/30 sample=zero_boundary_002 soc=0.5524 fc=400
progress step=75950 round=7/40 episode=2/30 sample=zero_boundary_005 soc=0.6766 fc=300
progress step=76000 round=7/40 episode=2/30 sample=zero_boundary_005 soc=0.6272 fc=600
progress step=76050 round=7/40 episode=2/30 sample=zero_boundary_005 soc=0.5836 fc=280
progress step=76100 round=7/40 episode=2/30 sample=zero_boundary_005 soc=0.5507 fc=140
progress step=76150 round=7/40 episode=2/30 sample=zero_boundary_005 soc=0.4654 fc=30
progress step=76200 round=7/40 episode=2/30 sample=zero_boundary_005 soc=0.5229 fc=230
progress step=76250 round=7/40 episode=3/30 sample=zero_boundary_006 soc=0.7473 fc=470
progress step=76300 round=7/40 episode=3/30 sample=zero_boundary_006 soc=0.7989 fc=30
progress step=76350 round=7/40 episode=3/30 sample=zero_boundary_006 soc=0.7992 fc=90
progress step=76400 round=7/40 episode=3/30 sample=zero_boundary_006 soc=0.7977 fc=80
progress step=76450 round=7/40 episode=3/30 sample=zero_boundary_006 soc=0.7991 fc=170
progress step=76500 round=7/40 episode=3/30 sample=zero_boundary_006 soc=0.7964 fc=120
progress step=76550 round=7/40 episode=3/30 sample=zero_boundary_006 soc=0.7972 fc=140
progress step=76600 round=7/40 episode=4/30 sample=zero_boundary_007 soc=0.6617 fc=580
progress step=76650 round=7/40 episode=4/30 sample=zero_boundary_007 soc=0.5795 fc=600
progress step=76700 round=7/40 episode=4/30 sample=zero_boundary_007 soc=0.6429 fc=20
progress step=76750 round=7/40 episode=4/30 sample=zero_boundary_007 soc=0.7241 fc=90
progress step=76800 round=7/40 episode=4/30 sample=zero_boundary_007 soc=0.6998 fc=180
progress step=76850 round=7/40 episode=4/30 sample=zero_boundary_007 soc=0.7995 fc=30
progress step=76900 round=7/40 episode=5/30 sample=zero_boundary_008 soc=0.5379 fc=520
progress step=76950 round=7/40 episode=6/30 sample=zero_boundary_011 soc=0.6236 fc=460
progress step=77000 round=7/40 episode=6/30 sample=zero_boundary_011 soc=0.7991 fc=50
progress step=77050 round=7/40 episode=6/30 sample=zero_boundary_011 soc=0.7024 fc=260
progress step=77100 round=7/40 episode=6/30 sample=zero_boundary_011 soc=0.5927 fc=290
progress step=77150 round=7/40 episode=6/30 sample=zero_boundary_011 soc=0.4946 fc=350
progress step=77200 round=7/40 episode=6/30 sample=zero_boundary_011 soc=0.3794 fc=560
progress step=77250 round=7/40 episode=6/30 sample=zero_boundary_011 soc=0.4493 fc=540
progress step=77300 round=7/40 episode=6/30 sample=zero_boundary_011 soc=0.6411 fc=250
progress step=77350 round=7/40 episode=6/30 sample=zero_boundary_011 soc=0.7999 fc=30
progress step=77400 round=7/40 episode=6/30 sample=zero_boundary_011 soc=0.7996 fc=20
progress step=77450 round=7/40 episode=6/30 sample=zero_boundary_011 soc=0.7872 fc=20
progress step=77500 round=7/40 episode=6/30 sample=zero_boundary_011 soc=0.7720 fc=600
progress step=77550 round=7/40 episode=6/30 sample=zero_boundary_011 soc=0.7993 fc=80
progress step=77600 round=7/40 episode=6/30 sample=zero_boundary_011 soc=0.7991 fc=180
progress step=77650 round=7/40 episode=6/30 sample=zero_boundary_011 soc=0.7939 fc=600
progress step=77700 round=7/40 episode=7/30 sample=zero_boundary_013 soc=0.6458 fc=250
progress step=77750 round=7/40 episode=7/30 sample=zero_boundary_013 soc=0.7947 fc=330
progress step=77800 round=7/40 episode=7/30 sample=zero_boundary_013 soc=0.7929 fc=20
progress step=77850 round=7/40 episode=7/30 sample=zero_boundary_013 soc=0.7554 fc=300
progress step=77900 round=7/40 episode=7/30 sample=zero_boundary_013 soc=0.7963 fc=220
progress step=77950 round=7/40 episode=7/30 sample=zero_boundary_013 soc=0.7958 fc=20
progress step=78000 round=7/40 episode=7/30 sample=zero_boundary_013 soc=0.7981 fc=50
progress step=78050 round=7/40 episode=8/30 sample=zero_boundary_015 soc=0.6772 fc=360
progress step=78100 round=7/40 episode=8/30 sample=zero_boundary_015 soc=0.7045 fc=0
progress step=78150 round=7/40 episode=8/30 sample=zero_boundary_015 soc=0.5217 fc=600
progress step=78200 round=7/40 episode=9/30 sample=zero_boundary_016 soc=0.6556 fc=60
progress step=78250 round=7/40 episode=9/30 sample=zero_boundary_016 soc=0.7962 fc=460
progress step=78300 round=7/40 episode=9/30 sample=zero_boundary_016 soc=0.6732 fc=510
progress step=78350 round=7/40 episode=9/30 sample=zero_boundary_016 soc=0.5218 fc=600
progress step=78400 round=7/40 episode=9/30 sample=zero_boundary_016 soc=0.2916 fc=460
progress step=78450 round=7/40 episode=10/30 sample=zero_boundary_017 soc=0.6099 fc=520
progress step=78500 round=7/40 episode=10/30 sample=zero_boundary_017 soc=0.3666 fc=460
progress step=78550 round=7/40 episode=11/30 sample=zero_boundary_020 soc=0.6508 fc=600
progress step=78600 round=7/40 episode=11/30 sample=zero_boundary_020 soc=0.6532 fc=600
progress step=78650 round=7/40 episode=11/30 sample=zero_boundary_020 soc=0.7674 fc=110
progress step=78700 round=7/40 episode=12/30 sample=zero_boundary_021 soc=0.7793 fc=330
progress step=78750 round=7/40 episode=12/30 sample=zero_boundary_021 soc=0.7864 fc=510
progress step=78800 round=7/40 episode=12/30 sample=zero_boundary_021 soc=0.6896 fc=300
progress step=78850 round=7/40 episode=12/30 sample=zero_boundary_021 soc=0.6488 fc=180
progress step=78900 round=7/40 episode=13/30 sample=zero_boundary_022 soc=0.6336 fc=550
progress step=78950 round=7/40 episode=13/30 sample=zero_boundary_022 soc=0.6838 fc=450
progress step=79000 round=7/40 episode=13/30 sample=zero_boundary_022 soc=0.7013 fc=580
progress step=79050 round=7/40 episode=13/30 sample=zero_boundary_022 soc=0.7974 fc=10
progress step=79100 round=7/40 episode=14/30 sample=zero_boundary_029 soc=0.7096 fc=350
progress step=79150 round=7/40 episode=14/30 sample=zero_boundary_029 soc=0.7565 fc=180
progress step=79200 round=7/40 episode=14/30 sample=zero_boundary_029 soc=0.7038 fc=270
progress step=79250 round=7/40 episode=14/30 sample=zero_boundary_029 soc=0.7354 fc=450
progress step=79300 round=7/40 episode=14/30 sample=zero_boundary_029 soc=0.7976 fc=200
progress step=79350 round=7/40 episode=14/30 sample=zero_boundary_029 soc=0.7987 fc=240
progress step=79400 round=7/40 episode=14/30 sample=zero_boundary_029 soc=0.7920 fc=510
progress step=79450 round=7/40 episode=14/30 sample=zero_boundary_029 soc=0.7999 fc=0
progress step=79500 round=7/40 episode=14/30 sample=zero_boundary_029 soc=0.7999 fc=0
progress step=79550 round=7/40 episode=14/30 sample=zero_boundary_029 soc=0.7999 fc=0
progress step=79600 round=7/40 episode=14/30 sample=zero_boundary_029 soc=0.7999 fc=0
progress step=79650 round=7/40 episode=14/30 sample=zero_boundary_029 soc=0.7999 fc=0
progress step=79700 round=7/40 episode=14/30 sample=zero_boundary_029 soc=0.7999 fc=0
progress step=79750 round=7/40 episode=14/30 sample=zero_boundary_029 soc=0.7999 fc=0
progress step=79800 round=7/40 episode=14/30 sample=zero_boundary_029 soc=0.7999 fc=0
progress step=79850 round=7/40 episode=14/30 sample=zero_boundary_029 soc=0.7999 fc=0
progress step=79900 round=7/40 episode=14/30 sample=zero_boundary_029 soc=0.7999 fc=0
progress step=79950 round=7/40 episode=14/30 sample=zero_boundary_029 soc=0.7998 fc=20
progress step=80000 round=7/40 episode=14/30 sample=zero_boundary_029 soc=0.7950 fc=600
progress step=80050 round=7/40 episode=14/30 sample=zero_boundary_029 soc=0.7991 fc=60
progress step=80100 round=7/40 episode=14/30 sample=zero_boundary_029 soc=0.7432 fc=390
progress step=80150 round=7/40 episode=15/30 sample=zero_boundary_033 soc=0.6500 fc=260
progress step=80200 round=7/40 episode=15/30 sample=zero_boundary_033 soc=0.7797 fc=100
progress step=80250 round=7/40 episode=15/30 sample=zero_boundary_033 soc=0.7539 fc=450
progress step=80300 round=7/40 episode=15/30 sample=zero_boundary_033 soc=0.7468 fc=560
progress step=80350 round=7/40 episode=15/30 sample=zero_boundary_033 soc=0.7051 fc=600
progress step=80400 round=7/40 episode=15/30 sample=zero_boundary_033 soc=0.7115 fc=510
progress step=80450 round=7/40 episode=15/30 sample=zero_boundary_033 soc=0.6029 fc=510
progress step=80500 round=7/40 episode=15/30 sample=zero_boundary_033 soc=0.7518 fc=510
progress step=80550 round=7/40 episode=15/30 sample=zero_boundary_033 soc=0.7999 fc=0
progress step=80600 round=7/40 episode=15/30 sample=zero_boundary_033 soc=0.7999 fc=0
progress step=80650 round=7/40 episode=15/30 sample=zero_boundary_033 soc=0.7999 fc=0
progress step=80700 round=7/40 episode=15/30 sample=zero_boundary_033 soc=0.7999 fc=0
progress step=80750 round=7/40 episode=15/30 sample=zero_boundary_033 soc=0.7999 fc=0
progress step=80800 round=7/40 episode=15/30 sample=zero_boundary_033 soc=0.7999 fc=0
progress step=80850 round=7/40 episode=15/30 sample=zero_boundary_033 soc=0.8000 fc=0
progress step=80900 round=7/40 episode=15/30 sample=zero_boundary_033 soc=0.7998 fc=40
progress step=80950 round=7/40 episode=15/30 sample=zero_boundary_033 soc=0.8000 fc=10
progress step=81000 round=7/40 episode=15/30 sample=zero_boundary_033 soc=0.7994 fc=50
progress step=81050 round=7/40 episode=15/30 sample=zero_boundary_033 soc=0.7991 fc=10
progress step=81100 round=7/40 episode=15/30 sample=zero_boundary_033 soc=0.7999 fc=20
progress step=81150 round=7/40 episode=16/30 sample=zero_boundary_034 soc=0.7514 fc=310
progress step=81200 round=7/40 episode=16/30 sample=zero_boundary_034 soc=0.8000 fc=0
progress step=81250 round=7/40 episode=16/30 sample=zero_boundary_034 soc=0.8000 fc=0
progress step=81300 round=7/40 episode=16/30 sample=zero_boundary_034 soc=0.8000 fc=0
progress step=81350 round=7/40 episode=16/30 sample=zero_boundary_034 soc=0.8000 fc=0
progress step=81400 round=7/40 episode=16/30 sample=zero_boundary_034 soc=0.8000 fc=0
progress step=81450 round=7/40 episode=16/30 sample=zero_boundary_034 soc=0.8000 fc=0
progress step=81500 round=7/40 episode=16/30 sample=zero_boundary_034 soc=0.8000 fc=0
progress step=81550 round=7/40 episode=16/30 sample=zero_boundary_034 soc=0.8000 fc=0
progress step=81600 round=7/40 episode=16/30 sample=zero_boundary_034 soc=0.8000 fc=0
progress step=81650 round=7/40 episode=16/30 sample=zero_boundary_034 soc=0.8000 fc=0
progress step=81700 round=7/40 episode=16/30 sample=zero_boundary_034 soc=0.8000 fc=0
progress step=81750 round=7/40 episode=16/30 sample=zero_boundary_034 soc=0.8000 fc=0
progress step=81800 round=7/40 episode=16/30 sample=zero_boundary_034 soc=0.8000 fc=0
progress step=81850 round=7/40 episode=16/30 sample=zero_boundary_034 soc=0.8000 fc=0
progress step=81900 round=7/40 episode=16/30 sample=zero_boundary_034 soc=0.8000 fc=0
progress step=81950 round=7/40 episode=16/30 sample=zero_boundary_034 soc=0.8000 fc=0
progress step=82000 round=7/40 episode=16/30 sample=zero_boundary_034 soc=0.8000 fc=20
progress step=82050 round=7/40 episode=16/30 sample=zero_boundary_034 soc=0.7990 fc=70
progress step=82100 round=7/40 episode=16/30 sample=zero_boundary_034 soc=0.7978 fc=240
progress step=82150 round=7/40 episode=16/30 sample=zero_boundary_034 soc=0.7978 fc=240
progress step=82200 round=7/40 episode=16/30 sample=zero_boundary_034 soc=0.7954 fc=530
progress step=82250 round=7/40 episode=16/30 sample=zero_boundary_034 soc=0.7999 fc=30
progress step=82300 round=7/40 episode=16/30 sample=zero_boundary_034 soc=0.8000 fc=0
progress step=82350 round=7/40 episode=16/30 sample=zero_boundary_034 soc=0.8000 fc=0
progress step=82400 round=7/40 episode=16/30 sample=zero_boundary_034 soc=0.8000 fc=0
progress step=82450 round=7/40 episode=16/30 sample=zero_boundary_034 soc=0.8000 fc=0
progress step=82500 round=7/40 episode=16/30 sample=zero_boundary_034 soc=0.8000 fc=0
progress step=82550 round=7/40 episode=16/30 sample=zero_boundary_034 soc=0.8000 fc=0
progress step=82600 round=7/40 episode=16/30 sample=zero_boundary_034 soc=0.8000 fc=0
progress step=82650 round=7/40 episode=16/30 sample=zero_boundary_034 soc=0.8000 fc=0
progress step=82700 round=7/40 episode=16/30 sample=zero_boundary_034 soc=0.8000 fc=0
progress step=82750 round=7/40 episode=16/30 sample=zero_boundary_034 soc=0.7999 fc=10
progress step=82800 round=7/40 episode=17/30 sample=zero_boundary_037 soc=0.7333 fc=520
progress step=82850 round=7/40 episode=17/30 sample=zero_boundary_037 soc=0.7957 fc=530
progress step=82900 round=7/40 episode=17/30 sample=zero_boundary_037 soc=0.7937 fc=210
progress step=82950 round=7/40 episode=17/30 sample=zero_boundary_037 soc=0.7996 fc=30
progress step=83000 round=7/40 episode=17/30 sample=zero_boundary_037 soc=0.7891 fc=570
progress step=83050 round=7/40 episode=17/30 sample=zero_boundary_037 soc=0.7150 fc=600
progress step=83100 round=7/40 episode=17/30 sample=zero_boundary_037 soc=0.6261 fc=400
progress step=83150 round=7/40 episode=17/30 sample=zero_boundary_037 soc=0.7995 fc=0
progress step=83200 round=7/40 episode=17/30 sample=zero_boundary_037 soc=0.7991 fc=100
progress step=83250 round=7/40 episode=17/30 sample=zero_boundary_037 soc=0.7994 fc=30
progress step=83300 round=7/40 episode=17/30 sample=zero_boundary_037 soc=0.7983 fc=190
progress step=83350 round=7/40 episode=17/30 sample=zero_boundary_037 soc=0.7987 fc=140
progress step=83400 round=7/40 episode=17/30 sample=zero_boundary_037 soc=0.7994 fc=10
progress step=83450 round=7/40 episode=17/30 sample=zero_boundary_037 soc=0.7993 fc=50
progress step=83500 round=7/40 episode=17/30 sample=zero_boundary_037 soc=0.7995 fc=80
progress step=83550 round=7/40 episode=17/30 sample=zero_boundary_037 soc=0.7997 fc=50
progress step=83600 round=7/40 episode=17/30 sample=zero_boundary_037 soc=0.7992 fc=50
progress step=83650 round=7/40 episode=17/30 sample=zero_boundary_037 soc=0.7995 fc=60
progress step=83700 round=7/40 episode=17/30 sample=zero_boundary_037 soc=0.7996 fc=0
progress step=83750 round=7/40 episode=17/30 sample=zero_boundary_037 soc=0.7999 fc=0
progress step=83800 round=7/40 episode=17/30 sample=zero_boundary_037 soc=0.7999 fc=0
progress step=83850 round=7/40 episode=17/30 sample=zero_boundary_037 soc=0.7999 fc=0
progress step=83900 round=7/40 episode=17/30 sample=zero_boundary_037 soc=0.7993 fc=80
progress step=83950 round=7/40 episode=17/30 sample=zero_boundary_037 soc=0.7994 fc=50
progress step=84000 round=7/40 episode=17/30 sample=zero_boundary_037 soc=0.7992 fc=40
progress step=84050 round=7/40 episode=17/30 sample=zero_boundary_037 soc=0.7993 fc=20
progress step=84100 round=7/40 episode=17/30 sample=zero_boundary_037 soc=0.7999 fc=20
progress step=84150 round=7/40 episode=17/30 sample=zero_boundary_037 soc=0.7995 fc=20
progress step=84200 round=7/40 episode=17/30 sample=zero_boundary_037 soc=0.8000 fc=40
progress step=84250 round=7/40 episode=17/30 sample=zero_boundary_037 soc=0.7988 fc=30
progress step=84300 round=7/40 episode=17/30 sample=zero_boundary_037 soc=0.7991 fc=60
progress step=84350 round=7/40 episode=17/30 sample=zero_boundary_037 soc=0.7998 fc=20
progress step=84400 round=7/40 episode=17/30 sample=zero_boundary_037 soc=0.7997 fc=30
progress step=84450 round=7/40 episode=17/30 sample=zero_boundary_037 soc=0.8000 fc=30
progress step=84500 round=7/40 episode=17/30 sample=zero_boundary_037 soc=0.7994 fc=60
progress step=84550 round=7/40 episode=17/30 sample=zero_boundary_037 soc=0.7993 fc=30
progress step=84600 round=7/40 episode=17/30 sample=zero_boundary_037 soc=0.7997 fc=0
progress step=84650 round=7/40 episode=18/30 sample=zero_boundary_038 soc=0.6159 fc=140
progress step=84700 round=7/40 episode=18/30 sample=zero_boundary_038 soc=0.6876 fc=60
progress step=84750 round=7/40 episode=18/30 sample=zero_boundary_038 soc=0.6563 fc=420
progress step=84800 round=7/40 episode=18/30 sample=zero_boundary_038 soc=0.6585 fc=600
progress step=84850 round=7/40 episode=18/30 sample=zero_boundary_038 soc=0.6010 fc=440
progress step=84900 round=7/40 episode=18/30 sample=zero_boundary_038 soc=0.4819 fc=600
progress step=84950 round=7/40 episode=18/30 sample=zero_boundary_038 soc=0.5216 fc=80
progress step=85000 round=7/40 episode=18/30 sample=zero_boundary_038 soc=0.7163 fc=330
progress step=85050 round=7/40 episode=18/30 sample=zero_boundary_038 soc=0.7984 fc=100
progress step=85100 round=7/40 episode=18/30 sample=zero_boundary_038 soc=0.7990 fc=110
progress step=85150 round=7/40 episode=18/30 sample=zero_boundary_038 soc=0.7735 fc=600
progress step=85200 round=7/40 episode=18/30 sample=zero_boundary_038 soc=0.7537 fc=290
progress step=85250 round=7/40 episode=18/30 sample=zero_boundary_038 soc=0.7566 fc=490
progress step=85300 round=7/40 episode=18/30 sample=zero_boundary_038 soc=0.7367 fc=390
progress step=85350 round=7/40 episode=19/30 sample=zero_boundary_040 soc=0.6070 fc=140
progress step=85400 round=7/40 episode=19/30 sample=zero_boundary_040 soc=0.6571 fc=510
progress step=85450 round=7/40 episode=19/30 sample=zero_boundary_040 soc=0.5615 fc=420
progress step=85500 round=7/40 episode=19/30 sample=zero_boundary_040 soc=0.5715 fc=250
progress step=85550 round=7/40 episode=19/30 sample=zero_boundary_040 soc=0.5590 fc=380
progress step=85600 round=7/40 episode=19/30 sample=zero_boundary_040 soc=0.5504 fc=40
progress step=85650 round=7/40 episode=19/30 sample=zero_boundary_040 soc=0.6171 fc=430
progress step=85700 round=7/40 episode=19/30 sample=zero_boundary_040 soc=0.7798 fc=580
progress step=85750 round=7/40 episode=19/30 sample=zero_boundary_040 soc=0.7515 fc=420
progress step=85800 round=7/40 episode=19/30 sample=zero_boundary_040 soc=0.6789 fc=440
progress step=85850 round=7/40 episode=20/30 sample=zero_boundary_041 soc=0.6023 fc=460
progress step=85900 round=7/40 episode=20/30 sample=zero_boundary_041 soc=0.6084 fc=250
progress step=85950 round=7/40 episode=20/30 sample=zero_boundary_041 soc=0.5263 fc=320
progress step=86000 round=7/40 episode=20/30 sample=zero_boundary_041 soc=0.2813 fc=490
progress step=86050 round=7/40 episode=21/30 sample=zero_boundary_042 soc=0.6915 fc=290
progress step=86100 round=7/40 episode=21/30 sample=zero_boundary_042 soc=0.5984 fc=420
progress step=86150 round=7/40 episode=21/30 sample=zero_boundary_042 soc=0.4504 fc=0
progress step=86200 round=7/40 episode=21/30 sample=zero_boundary_042 soc=0.2249 fc=30
progress step=86250 round=7/40 episode=21/30 sample=zero_boundary_042 soc=0.2019 fc=410
progress step=86300 round=7/40 episode=21/30 sample=zero_boundary_042 soc=0.2916 fc=110
progress step=86350 round=7/40 episode=21/30 sample=zero_boundary_042 soc=0.2185 fc=40
progress step=86400 round=7/40 episode=22/30 sample=zero_boundary_044 soc=0.6478 fc=260
progress step=86450 round=7/40 episode=22/30 sample=zero_boundary_044 soc=0.5650 fc=250
progress step=86500 round=7/40 episode=22/30 sample=zero_boundary_044 soc=0.3992 fc=70
progress step=86550 round=7/40 episode=23/30 sample=zero_boundary_045 soc=0.6869 fc=450
progress step=86600 round=7/40 episode=23/30 sample=zero_boundary_045 soc=0.6706 fc=180
progress step=86650 round=7/40 episode=23/30 sample=zero_boundary_045 soc=0.5915 fc=600
progress step=86700 round=7/40 episode=23/30 sample=zero_boundary_045 soc=0.4464 fc=410
progress step=86750 round=7/40 episode=23/30 sample=zero_boundary_045 soc=0.2235 fc=0
progress step=86800 round=7/40 episode=23/30 sample=zero_boundary_045 soc=0.2032 fc=520
progress step=86850 round=7/40 episode=24/30 sample=zero_boundary_046 soc=0.6075 fc=570
progress step=86900 round=7/40 episode=24/30 sample=zero_boundary_046 soc=0.5139 fc=240
progress step=86950 round=7/40 episode=24/30 sample=zero_boundary_046 soc=0.3703 fc=440
progress step=87000 round=7/40 episode=25/30 sample=zero_boundary_048 soc=0.6180 fc=550
progress step=87050 round=7/40 episode=25/30 sample=zero_boundary_048 soc=0.6276 fc=600
progress step=87100 round=7/40 episode=25/30 sample=zero_boundary_048 soc=0.4775 fc=400
progress step=87150 round=7/40 episode=25/30 sample=zero_boundary_048 soc=0.4308 fc=80
progress step=87200 round=7/40 episode=25/30 sample=zero_boundary_048 soc=0.5280 fc=600
progress step=87250 round=7/40 episode=25/30 sample=zero_boundary_048 soc=0.5457 fc=600
progress step=87300 round=7/40 episode=26/30 sample=zero_boundary_049 soc=0.6479 fc=80
progress step=87350 round=7/40 episode=26/30 sample=zero_boundary_049 soc=0.6962 fc=160
progress step=87400 round=7/40 episode=26/30 sample=zero_boundary_049 soc=0.7310 fc=20
progress step=87450 round=7/40 episode=26/30 sample=zero_boundary_049 soc=0.7570 fc=190
progress step=87500 round=7/40 episode=26/30 sample=zero_boundary_049 soc=0.7972 fc=130
progress step=87550 round=7/40 episode=26/30 sample=zero_boundary_049 soc=0.8000 fc=0
progress step=87600 round=7/40 episode=27/30 sample=zero_boundary_050 soc=0.6408 fc=100
progress step=87650 round=7/40 episode=27/30 sample=zero_boundary_050 soc=0.5387 fc=470
progress step=87700 round=7/40 episode=27/30 sample=zero_boundary_050 soc=0.4439 fc=600
progress step=87750 round=7/40 episode=27/30 sample=zero_boundary_050 soc=0.3418 fc=90
progress step=87800 round=7/40 episode=28/30 sample=zero_boundary_051 soc=0.6467 fc=160
progress step=87850 round=7/40 episode=28/30 sample=zero_boundary_051 soc=0.6766 fc=190
progress step=87900 round=7/40 episode=28/30 sample=zero_boundary_051 soc=0.6940 fc=380
progress step=87950 round=7/40 episode=29/30 sample=zero_boundary_052 soc=0.6762 fc=600
progress step=88000 round=7/40 episode=29/30 sample=zero_boundary_052 soc=0.5663 fc=600
progress step=88050 round=7/40 episode=29/30 sample=zero_boundary_052 soc=0.4260 fc=70
progress step=88100 round=7/40 episode=29/30 sample=zero_boundary_052 soc=0.4946 fc=560
progress step=88150 round=7/40 episode=29/30 sample=zero_boundary_052 soc=0.6733 fc=110
progress step=88200 round=7/40 episode=30/30 sample=zero_boundary_053 soc=0.7314 fc=90
progress step=88250 round=7/40 episode=30/30 sample=zero_boundary_053 soc=0.6297 fc=200
progress step=88300 round=7/40 episode=30/30 sample=zero_boundary_053 soc=0.5756 fc=440
progress step=88350 round=7/40 episode=30/30 sample=zero_boundary_053 soc=0.6667 fc=600
progress step=88400 round=7/40 episode=30/30 sample=zero_boundary_053 soc=0.7589 fc=310
round 7/40 exploratory=20/30 greedy_train start
round 7/40 greedy_train=30/30 validation start
MONITOR round=7 exploratory=20/30 greedy_train=30/30 validation=8/8 cost=40675.116071503544 updates=2688 best_round=7
round 8/40 start epsilon=0.8295
progress step=88450 round=8/40 episode=1/30 sample=zero_boundary_002 soc=0.7383 fc=380
progress step=88500 round=8/40 episode=1/30 sample=zero_boundary_002 soc=0.5616 fc=170
progress step=88550 round=8/40 episode=1/30 sample=zero_boundary_002 soc=0.3309 fc=600
progress step=88600 round=8/40 episode=1/30 sample=zero_boundary_002 soc=0.4921 fc=210
progress step=88650 round=8/40 episode=1/30 sample=zero_boundary_002 soc=0.4701 fc=180
progress step=88700 round=8/40 episode=1/30 sample=zero_boundary_002 soc=0.5623 fc=90
progress step=88750 round=8/40 episode=2/30 sample=zero_boundary_005 soc=0.6800 fc=540
progress step=88800 round=8/40 episode=2/30 sample=zero_boundary_005 soc=0.6411 fc=120
progress step=88850 round=8/40 episode=2/30 sample=zero_boundary_005 soc=0.6533 fc=430
progress step=88900 round=8/40 episode=2/30 sample=zero_boundary_005 soc=0.6122 fc=540
progress step=88950 round=8/40 episode=2/30 sample=zero_boundary_005 soc=0.5210 fc=390
progress step=89000 round=8/40 episode=2/30 sample=zero_boundary_005 soc=0.5968 fc=300
progress step=89050 round=8/40 episode=3/30 sample=zero_boundary_006 soc=0.7166 fc=330
progress step=89100 round=8/40 episode=3/30 sample=zero_boundary_006 soc=0.7986 fc=30
progress step=89150 round=8/40 episode=3/30 sample=zero_boundary_006 soc=0.7992 fc=30
progress step=89200 round=8/40 episode=3/30 sample=zero_boundary_006 soc=0.7986 fc=90
progress step=89250 round=8/40 episode=3/30 sample=zero_boundary_006 soc=0.7990 fc=200
progress step=89300 round=8/40 episode=3/30 sample=zero_boundary_006 soc=0.7967 fc=380
progress step=89350 round=8/40 episode=3/30 sample=zero_boundary_006 soc=0.7994 fc=60
progress step=89400 round=8/40 episode=4/30 sample=zero_boundary_007 soc=0.6684 fc=30
progress step=89450 round=8/40 episode=4/30 sample=zero_boundary_007 soc=0.5788 fc=10
progress step=89500 round=8/40 episode=4/30 sample=zero_boundary_007 soc=0.6402 fc=600
progress step=89550 round=8/40 episode=4/30 sample=zero_boundary_007 soc=0.7593 fc=580
progress step=89600 round=8/40 episode=4/30 sample=zero_boundary_007 soc=0.7561 fc=480
progress step=89650 round=8/40 episode=5/30 sample=zero_boundary_008 soc=0.6187 fc=600
progress step=89700 round=8/40 episode=5/30 sample=zero_boundary_008 soc=0.5058 fc=70
progress step=89750 round=8/40 episode=6/30 sample=zero_boundary_011 soc=0.6636 fc=560
progress step=89800 round=8/40 episode=6/30 sample=zero_boundary_011 soc=0.7998 fc=50
progress step=89850 round=8/40 episode=6/30 sample=zero_boundary_011 soc=0.7411 fc=270
progress step=89900 round=8/40 episode=6/30 sample=zero_boundary_011 soc=0.6417 fc=280
progress step=89950 round=8/40 episode=6/30 sample=zero_boundary_011 soc=0.5725 fc=600
progress step=90000 round=8/40 episode=6/30 sample=zero_boundary_011 soc=0.4597 fc=600
progress step=90050 round=8/40 episode=6/30 sample=zero_boundary_011 soc=0.5729 fc=600
progress step=90100 round=8/40 episode=6/30 sample=zero_boundary_011 soc=0.7739 fc=560
progress step=90150 round=8/40 episode=6/30 sample=zero_boundary_011 soc=0.7995 fc=60
progress step=90200 round=8/40 episode=6/30 sample=zero_boundary_011 soc=0.7998 fc=30
progress step=90250 round=8/40 episode=6/30 sample=zero_boundary_011 soc=0.7987 fc=200
progress step=90300 round=8/40 episode=6/30 sample=zero_boundary_011 soc=0.7919 fc=530
progress step=90350 round=8/40 episode=6/30 sample=zero_boundary_011 soc=0.7958 fc=140
progress step=90400 round=8/40 episode=6/30 sample=zero_boundary_011 soc=0.7959 fc=520
progress step=90450 round=8/40 episode=6/30 sample=zero_boundary_011 soc=0.7850 fc=300
progress step=90500 round=8/40 episode=7/30 sample=zero_boundary_013 soc=0.6716 fc=90
progress step=90550 round=8/40 episode=7/30 sample=zero_boundary_013 soc=0.7966 fc=150
progress step=90600 round=8/40 episode=7/30 sample=zero_boundary_013 soc=0.7975 fc=50
progress step=90650 round=8/40 episode=7/30 sample=zero_boundary_013 soc=0.7450 fc=490
progress step=90700 round=8/40 episode=7/30 sample=zero_boundary_013 soc=0.7962 fc=430
progress step=90750 round=8/40 episode=7/30 sample=zero_boundary_013 soc=0.7937 fc=320
progress step=90800 round=8/40 episode=7/30 sample=zero_boundary_013 soc=0.7998 fc=30
progress step=90850 round=8/40 episode=8/30 sample=zero_boundary_015 soc=0.6567 fc=600
progress step=90900 round=8/40 episode=8/30 sample=zero_boundary_015 soc=0.6492 fc=600
progress step=90950 round=8/40 episode=8/30 sample=zero_boundary_015 soc=0.4686 fc=30
progress step=91000 round=8/40 episode=9/30 sample=zero_boundary_016 soc=0.6918 fc=430
progress step=91050 round=8/40 episode=9/30 sample=zero_boundary_016 soc=0.7786 fc=350
progress step=91100 round=8/40 episode=9/30 sample=zero_boundary_016 soc=0.6703 fc=30
progress step=91150 round=8/40 episode=9/30 sample=zero_boundary_016 soc=0.4987 fc=150
progress step=91200 round=8/40 episode=9/30 sample=zero_boundary_016 soc=0.2770 fc=100
progress step=91250 round=8/40 episode=10/30 sample=zero_boundary_017 soc=0.6110 fc=50
progress step=91300 round=8/40 episode=10/30 sample=zero_boundary_017 soc=0.3607 fc=600
progress step=91350 round=8/40 episode=11/30 sample=zero_boundary_020 soc=0.6446 fc=450
progress step=91400 round=8/40 episode=11/30 sample=zero_boundary_020 soc=0.6696 fc=430
progress step=91450 round=8/40 episode=11/30 sample=zero_boundary_020 soc=0.7417 fc=600
progress step=91500 round=8/40 episode=12/30 sample=zero_boundary_021 soc=0.7763 fc=90
progress step=91550 round=8/40 episode=12/30 sample=zero_boundary_021 soc=0.7651 fc=400
progress step=91600 round=8/40 episode=12/30 sample=zero_boundary_021 soc=0.7094 fc=460
progress step=91650 round=8/40 episode=12/30 sample=zero_boundary_021 soc=0.6416 fc=600
progress step=91700 round=8/40 episode=13/30 sample=zero_boundary_022 soc=0.6394 fc=250
progress step=91750 round=8/40 episode=13/30 sample=zero_boundary_022 soc=0.6707 fc=600
progress step=91800 round=8/40 episode=13/30 sample=zero_boundary_022 soc=0.6641 fc=570
progress step=91850 round=8/40 episode=13/30 sample=zero_boundary_022 soc=0.7579 fc=240
progress step=91900 round=8/40 episode=14/30 sample=zero_boundary_029 soc=0.6951 fc=90
progress step=91950 round=8/40 episode=14/30 sample=zero_boundary_029 soc=0.7404 fc=100
progress step=92000 round=8/40 episode=14/30 sample=zero_boundary_029 soc=0.7202 fc=460
progress step=92050 round=8/40 episode=14/30 sample=zero_boundary_029 soc=0.7294 fc=330
progress step=92100 round=8/40 episode=14/30 sample=zero_boundary_029 soc=0.7866 fc=60
progress step=92150 round=8/40 episode=14/30 sample=zero_boundary_029 soc=0.7958 fc=120
progress step=92200 round=8/40 episode=14/30 sample=zero_boundary_029 soc=0.7961 fc=0
progress step=92250 round=8/40 episode=14/30 sample=zero_boundary_029 soc=0.7999 fc=0
progress step=92300 round=8/40 episode=14/30 sample=zero_boundary_029 soc=0.7999 fc=0
progress step=92350 round=8/40 episode=14/30 sample=zero_boundary_029 soc=0.7999 fc=0
progress step=92400 round=8/40 episode=14/30 sample=zero_boundary_029 soc=0.7999 fc=0
progress step=92450 round=8/40 episode=14/30 sample=zero_boundary_029 soc=0.7999 fc=0
progress step=92500 round=8/40 episode=14/30 sample=zero_boundary_029 soc=0.7999 fc=0
progress step=92550 round=8/40 episode=14/30 sample=zero_boundary_029 soc=0.7999 fc=0
progress step=92600 round=8/40 episode=14/30 sample=zero_boundary_029 soc=0.7999 fc=0
progress step=92650 round=8/40 episode=14/30 sample=zero_boundary_029 soc=0.7999 fc=0
progress step=92700 round=8/40 episode=14/30 sample=zero_boundary_029 soc=0.7999 fc=0
progress step=92750 round=8/40 episode=14/30 sample=zero_boundary_029 soc=0.8000 fc=0
progress step=92800 round=8/40 episode=14/30 sample=zero_boundary_029 soc=0.7989 fc=310
progress step=92850 round=8/40 episode=14/30 sample=zero_boundary_029 soc=0.7976 fc=70
progress step=92900 round=8/40 episode=14/30 sample=zero_boundary_029 soc=0.7704 fc=340
progress step=92950 round=8/40 episode=15/30 sample=zero_boundary_033 soc=0.6510 fc=430
progress step=93000 round=8/40 episode=15/30 sample=zero_boundary_033 soc=0.7451 fc=310
progress step=93050 round=8/40 episode=15/30 sample=zero_boundary_033 soc=0.7106 fc=430
progress step=93100 round=8/40 episode=15/30 sample=zero_boundary_033 soc=0.7185 fc=260
progress step=93150 round=8/40 episode=15/30 sample=zero_boundary_033 soc=0.6656 fc=110
progress step=93200 round=8/40 episode=15/30 sample=zero_boundary_033 soc=0.6739 fc=110
progress step=93250 round=8/40 episode=15/30 sample=zero_boundary_033 soc=0.5566 fc=440
progress step=93300 round=8/40 episode=15/30 sample=zero_boundary_033 soc=0.7144 fc=100
progress step=93350 round=8/40 episode=15/30 sample=zero_boundary_033 soc=0.7999 fc=0
progress step=93400 round=8/40 episode=15/30 sample=zero_boundary_033 soc=0.7999 fc=0
progress step=93450 round=8/40 episode=15/30 sample=zero_boundary_033 soc=0.7999 fc=0
progress step=93500 round=8/40 episode=15/30 sample=zero_boundary_033 soc=0.7999 fc=0
progress step=93550 round=8/40 episode=15/30 sample=zero_boundary_033 soc=0.7999 fc=0
progress step=93600 round=8/40 episode=15/30 sample=zero_boundary_033 soc=0.8000 fc=0
progress step=93650 round=8/40 episode=15/30 sample=zero_boundary_033 soc=0.8000 fc=0
progress step=93700 round=8/40 episode=15/30 sample=zero_boundary_033 soc=0.7996 fc=60
progress step=93750 round=8/40 episode=15/30 sample=zero_boundary_033 soc=0.7998 fc=30
progress step=93800 round=8/40 episode=15/30 sample=zero_boundary_033 soc=0.7998 fc=20
progress step=93850 round=8/40 episode=15/30 sample=zero_boundary_033 soc=0.7999 fc=30
progress step=93900 round=8/40 episode=15/30 sample=zero_boundary_033 soc=0.7999 fc=20
progress step=93950 round=8/40 episode=16/30 sample=zero_boundary_034 soc=0.7604 fc=210
progress step=94000 round=8/40 episode=16/30 sample=zero_boundary_034 soc=0.8000 fc=0
progress step=94050 round=8/40 episode=16/30 sample=zero_boundary_034 soc=0.8000 fc=0
progress step=94100 round=8/40 episode=16/30 sample=zero_boundary_034 soc=0.8000 fc=0
progress step=94150 round=8/40 episode=16/30 sample=zero_boundary_034 soc=0.8000 fc=0
progress step=94200 round=8/40 episode=16/30 sample=zero_boundary_034 soc=0.8000 fc=0
progress step=94250 round=8/40 episode=16/30 sample=zero_boundary_034 soc=0.8000 fc=0
progress step=94300 round=8/40 episode=16/30 sample=zero_boundary_034 soc=0.8000 fc=0
progress step=94350 round=8/40 episode=16/30 sample=zero_boundary_034 soc=0.8000 fc=0
progress step=94400 round=8/40 episode=16/30 sample=zero_boundary_034 soc=0.8000 fc=0
progress step=94450 round=8/40 episode=16/30 sample=zero_boundary_034 soc=0.8000 fc=0
progress step=94500 round=8/40 episode=16/30 sample=zero_boundary_034 soc=0.8000 fc=0
progress step=94550 round=8/40 episode=16/30 sample=zero_boundary_034 soc=0.8000 fc=0
progress step=94600 round=8/40 episode=16/30 sample=zero_boundary_034 soc=0.8000 fc=0
progress step=94650 round=8/40 episode=16/30 sample=zero_boundary_034 soc=0.8000 fc=0
progress step=94700 round=8/40 episode=16/30 sample=zero_boundary_034 soc=0.8000 fc=0
progress step=94750 round=8/40 episode=16/30 sample=zero_boundary_034 soc=0.8000 fc=0
progress step=94800 round=8/40 episode=16/30 sample=zero_boundary_034 soc=0.7989 fc=10
progress step=94850 round=8/40 episode=16/30 sample=zero_boundary_034 soc=0.7982 fc=270
progress step=94900 round=8/40 episode=16/30 sample=zero_boundary_034 soc=0.7972 fc=300
progress step=94950 round=8/40 episode=16/30 sample=zero_boundary_034 soc=0.7989 fc=160
progress step=95000 round=8/40 episode=16/30 sample=zero_boundary_034 soc=0.7830 fc=440
progress step=95050 round=8/40 episode=16/30 sample=zero_boundary_034 soc=0.7994 fc=60
progress step=95100 round=8/40 episode=16/30 sample=zero_boundary_034 soc=0.8000 fc=0
progress step=95150 round=8/40 episode=16/30 sample=zero_boundary_034 soc=0.8000 fc=0
progress step=95200 round=8/40 episode=16/30 sample=zero_boundary_034 soc=0.8000 fc=0
progress step=95250 round=8/40 episode=16/30 sample=zero_boundary_034 soc=0.8000 fc=0
progress step=95300 round=8/40 episode=16/30 sample=zero_boundary_034 soc=0.8000 fc=0
progress step=95350 round=8/40 episode=16/30 sample=zero_boundary_034 soc=0.8000 fc=0
progress step=95400 round=8/40 episode=16/30 sample=zero_boundary_034 soc=0.8000 fc=0
progress step=95450 round=8/40 episode=16/30 sample=zero_boundary_034 soc=0.8000 fc=0
progress step=95500 round=8/40 episode=16/30 sample=zero_boundary_034 soc=0.8000 fc=0
progress step=95550 round=8/40 episode=16/30 sample=zero_boundary_034 soc=0.7999 fc=10
progress step=95600 round=8/40 episode=17/30 sample=zero_boundary_037 soc=0.7175 fc=280
progress step=95650 round=8/40 episode=17/30 sample=zero_boundary_037 soc=0.7636 fc=220
progress step=95700 round=8/40 episode=17/30 sample=zero_boundary_037 soc=0.7953 fc=90
progress step=95750 round=8/40 episode=17/30 sample=zero_boundary_037 soc=0.7972 fc=430
progress step=95800 round=8/40 episode=17/30 sample=zero_boundary_037 soc=0.7751 fc=210
progress step=95850 round=8/40 episode=17/30 sample=zero_boundary_037 soc=0.6919 fc=20
progress step=95900 round=8/40 episode=17/30 sample=zero_boundary_037 soc=0.5471 fc=10
progress step=95950 round=8/40 episode=17/30 sample=zero_boundary_037 soc=0.7187 fc=430
progress step=96000 round=8/40 episode=17/30 sample=zero_boundary_037 soc=0.7993 fc=50
progress step=96050 round=8/40 episode=17/30 sample=zero_boundary_037 soc=0.7994 fc=50
progress step=96100 round=8/40 episode=17/30 sample=zero_boundary_037 soc=0.7991 fc=60
progress step=96150 round=8/40 episode=17/30 sample=zero_boundary_037 soc=0.7994 fc=10
progress step=96200 round=8/40 episode=17/30 sample=zero_boundary_037 soc=0.7999 fc=60
progress step=96250 round=8/40 episode=17/30 sample=zero_boundary_037 soc=0.7980 fc=200
progress step=96300 round=8/40 episode=17/30 sample=zero_boundary_037 soc=0.7975 fc=60
progress step=96350 round=8/40 episode=17/30 sample=zero_boundary_037 soc=0.7996 fc=0
progress step=96400 round=8/40 episode=17/30 sample=zero_boundary_037 soc=0.7994 fc=50
progress step=96450 round=8/40 episode=17/30 sample=zero_boundary_037 soc=0.7998 fc=50
progress step=96500 round=8/40 episode=17/30 sample=zero_boundary_037 soc=0.7983 fc=90
progress step=96550 round=8/40 episode=17/30 sample=zero_boundary_037 soc=0.7999 fc=0
progress step=96600 round=8/40 episode=17/30 sample=zero_boundary_037 soc=0.7999 fc=0
progress step=96650 round=8/40 episode=17/30 sample=zero_boundary_037 soc=0.7999 fc=0
progress step=96700 round=8/40 episode=17/30 sample=zero_boundary_037 soc=0.7995 fc=50
progress step=96750 round=8/40 episode=17/30 sample=zero_boundary_037 soc=0.7996 fc=40
progress step=96800 round=8/40 episode=17/30 sample=zero_boundary_037 soc=0.7999 fc=10
progress step=96850 round=8/40 episode=17/30 sample=zero_boundary_037 soc=0.8000 fc=10
progress step=96900 round=8/40 episode=17/30 sample=zero_boundary_037 soc=0.7998 fc=40
progress step=96950 round=8/40 episode=17/30 sample=zero_boundary_037 soc=0.7986 fc=150
progress step=97000 round=8/40 episode=17/30 sample=zero_boundary_037 soc=0.7996 fc=60
progress step=97050 round=8/40 episode=17/30 sample=zero_boundary_037 soc=0.7998 fc=30
progress step=97100 round=8/40 episode=17/30 sample=zero_boundary_037 soc=0.7999 fc=20
progress step=97150 round=8/40 episode=17/30 sample=zero_boundary_037 soc=0.7997 fc=50
progress step=97200 round=8/40 episode=17/30 sample=zero_boundary_037 soc=0.7997 fc=50
progress step=97250 round=8/40 episode=17/30 sample=zero_boundary_037 soc=0.7996 fc=50
progress step=97300 round=8/40 episode=17/30 sample=zero_boundary_037 soc=0.7999 fc=30
progress step=97350 round=8/40 episode=17/30 sample=zero_boundary_037 soc=0.7998 fc=30
progress step=97400 round=8/40 episode=17/30 sample=zero_boundary_037 soc=0.7996 fc=10
progress step=97450 round=8/40 episode=18/30 sample=zero_boundary_038 soc=0.6124 fc=250
progress step=97500 round=8/40 episode=18/30 sample=zero_boundary_038 soc=0.6879 fc=0
progress step=97550 round=8/40 episode=18/30 sample=zero_boundary_038 soc=0.6544 fc=230
progress step=97600 round=8/40 episode=18/30 sample=zero_boundary_038 soc=0.6336 fc=420
progress step=97650 round=8/40 episode=18/30 sample=zero_boundary_038 soc=0.5561 fc=330
progress step=97700 round=8/40 episode=18/30 sample=zero_boundary_038 soc=0.4511 fc=390
progress step=97750 round=8/40 episode=18/30 sample=zero_boundary_038 soc=0.4802 fc=490
progress step=97800 round=8/40 episode=18/30 sample=zero_boundary_038 soc=0.6604 fc=520
progress step=97850 round=8/40 episode=18/30 sample=zero_boundary_038 soc=0.7983 fc=150
progress step=97900 round=8/40 episode=18/30 sample=zero_boundary_038 soc=0.7990 fc=110
progress step=97950 round=8/40 episode=18/30 sample=zero_boundary_038 soc=0.7607 fc=180
progress step=98000 round=8/40 episode=18/30 sample=zero_boundary_038 soc=0.7258 fc=290
progress step=98050 round=8/40 episode=18/30 sample=zero_boundary_038 soc=0.6931 fc=200
progress step=98100 round=8/40 episode=18/30 sample=zero_boundary_038 soc=0.6709 fc=130
progress step=98150 round=8/40 episode=18/30 sample=zero_boundary_038 soc=0.7998 fc=10
progress step=98200 round=8/40 episode=19/30 sample=zero_boundary_040 soc=0.6353 fc=580
progress step=98250 round=8/40 episode=19/30 sample=zero_boundary_040 soc=0.5073 fc=410
progress step=98300 round=8/40 episode=19/30 sample=zero_boundary_040 soc=0.4537 fc=490
progress step=98350 round=8/40 episode=19/30 sample=zero_boundary_040 soc=0.4472 fc=490
progress step=98400 round=8/40 episode=19/30 sample=zero_boundary_040 soc=0.4311 fc=340
progress step=98450 round=8/40 episode=19/30 sample=zero_boundary_040 soc=0.4913 fc=410
progress step=98500 round=8/40 episode=19/30 sample=zero_boundary_040 soc=0.6141 fc=450
progress step=98550 round=8/40 episode=19/30 sample=zero_boundary_040 soc=0.5144 fc=30
progress step=98600 round=8/40 episode=19/30 sample=zero_boundary_040 soc=0.4305 fc=60
progress step=98650 round=8/40 episode=19/30 sample=zero_boundary_040 soc=0.5189 fc=490
progress step=98700 round=8/40 episode=20/30 sample=zero_boundary_041 soc=0.5952 fc=410
progress step=98750 round=8/40 episode=20/30 sample=zero_boundary_041 soc=0.4658 fc=490
progress step=98800 round=8/40 episode=20/30 sample=zero_boundary_041 soc=0.2007 fc=600
progress step=98850 round=8/40 episode=21/30 sample=zero_boundary_042 soc=0.6921 fc=490
progress step=98900 round=8/40 episode=21/30 sample=zero_boundary_042 soc=0.5158 fc=260
progress step=98950 round=8/40 episode=21/30 sample=zero_boundary_042 soc=0.3422 fc=160
progress step=99000 round=8/40 episode=21/30 sample=zero_boundary_042 soc=0.2003 fc=540
progress step=99050 round=8/40 episode=21/30 sample=zero_boundary_042 soc=0.2006 fc=490
progress step=99100 round=8/40 episode=21/30 sample=zero_boundary_042 soc=0.3166 fc=190
progress step=99150 round=8/40 episode=21/30 sample=zero_boundary_042 soc=0.2001 fc=600
progress step=99200 round=8/40 episode=22/30 sample=zero_boundary_044 soc=0.6430 fc=570
progress step=99250 round=8/40 episode=22/30 sample=zero_boundary_044 soc=0.5231 fc=310
progress step=99300 round=8/40 episode=22/30 sample=zero_boundary_044 soc=0.2541 fc=430
progress step=99350 round=8/40 episode=23/30 sample=zero_boundary_045 soc=0.6675 fc=430
progress step=99400 round=8/40 episode=23/30 sample=zero_boundary_045 soc=0.6206 fc=510
progress step=99450 round=8/40 episode=23/30 sample=zero_boundary_045 soc=0.5720 fc=430
progress step=99500 round=8/40 episode=23/30 sample=zero_boundary_045 soc=0.3912 fc=490
progress step=99550 round=8/40 episode=23/30 sample=zero_boundary_045 soc=0.2247 fc=420
progress step=99600 round=8/40 episode=23/30 sample=zero_boundary_045 soc=0.2016 fc=490
progress step=99650 round=8/40 episode=24/30 sample=zero_boundary_046 soc=0.5924 fc=260
progress step=99700 round=8/40 episode=24/30 sample=zero_boundary_046 soc=0.4497 fc=30
progress step=99750 round=8/40 episode=24/30 sample=zero_boundary_046 soc=0.2486 fc=250
progress step=99800 round=8/40 episode=25/30 sample=zero_boundary_048 soc=0.6932 fc=160
progress step=99850 round=8/40 episode=25/30 sample=zero_boundary_048 soc=0.5167 fc=400
progress step=99900 round=8/40 episode=25/30 sample=zero_boundary_048 soc=0.4199 fc=180
progress step=99950 round=8/40 episode=25/30 sample=zero_boundary_048 soc=0.4764 fc=400
progress step=100000 round=8/40 episode=25/30 sample=zero_boundary_048 soc=0.4952 fc=70
progress step=100050 round=8/40 episode=26/30 sample=zero_boundary_049 soc=0.6008 fc=50
progress step=100100 round=8/40 episode=26/30 sample=zero_boundary_049 soc=0.6780 fc=410
progress step=100150 round=8/40 episode=26/30 sample=zero_boundary_049 soc=0.6585 fc=520
progress step=100200 round=8/40 episode=26/30 sample=zero_boundary_049 soc=0.6646 fc=520
progress step=100250 round=8/40 episode=26/30 sample=zero_boundary_049 soc=0.7042 fc=430
progress step=100300 round=8/40 episode=26/30 sample=zero_boundary_049 soc=0.7985 fc=170
progress step=100350 round=8/40 episode=27/30 sample=zero_boundary_050 soc=0.6723 fc=600
progress step=100400 round=8/40 episode=27/30 sample=zero_boundary_050 soc=0.5536 fc=500
progress step=100450 round=8/40 episode=27/30 sample=zero_boundary_050 soc=0.4018 fc=500
progress step=100500 round=8/40 episode=27/30 sample=zero_boundary_050 soc=0.2956 fc=560
progress step=100550 round=8/40 episode=28/30 sample=zero_boundary_051 soc=0.6502 fc=330
progress step=100600 round=8/40 episode=28/30 sample=zero_boundary_051 soc=0.7003 fc=450
progress step=100650 round=8/40 episode=28/30 sample=zero_boundary_051 soc=0.7024 fc=430
progress step=100700 round=8/40 episode=29/30 sample=zero_boundary_052 soc=0.6959 fc=420
progress step=100750 round=8/40 episode=29/30 sample=zero_boundary_052 soc=0.5225 fc=310
progress step=100800 round=8/40 episode=29/30 sample=zero_boundary_052 soc=0.3612 fc=0
progress step=100850 round=8/40 episode=29/30 sample=zero_boundary_052 soc=0.3883 fc=120
progress step=100900 round=8/40 episode=29/30 sample=zero_boundary_052 soc=0.5738 fc=390
progress step=100950 round=8/40 episode=30/30 sample=zero_boundary_053 soc=0.7251 fc=500
progress step=101000 round=8/40 episode=30/30 sample=zero_boundary_053 soc=0.6287 fc=510
progress step=101050 round=8/40 episode=30/30 sample=zero_boundary_053 soc=0.6054 fc=510
progress step=101100 round=8/40 episode=30/30 sample=zero_boundary_053 soc=0.6831 fc=570
progress step=101150 round=8/40 episode=30/30 sample=zero_boundary_053 soc=0.7600 fc=340
round 8/40 exploratory=20/30 greedy_train start
MONITOR round=8 exploratory=20/30 greedy_train=29/30 validation=SKIPPED cost=None updates=3008 best_round=7
round 9/40 start epsilon=0.8051
progress step=101200 round=9/40 episode=1/30 sample=zero_boundary_002 soc=0.7410 fc=540
progress step=101250 round=9/40 episode=1/30 sample=zero_boundary_002 soc=0.5134 fc=210
progress step=101300 round=9/40 episode=1/30 sample=zero_boundary_002 soc=0.3079 fc=250
progress step=101350 round=9/40 episode=1/30 sample=zero_boundary_002 soc=0.4490 fc=280
progress step=101400 round=9/40 episode=1/30 sample=zero_boundary_002 soc=0.4300 fc=370
progress step=101450 round=9/40 episode=1/30 sample=zero_boundary_002 soc=0.5532 fc=270
progress step=101500 round=9/40 episode=2/30 sample=zero_boundary_005 soc=0.6545 fc=370
progress step=101550 round=9/40 episode=2/30 sample=zero_boundary_005 soc=0.5773 fc=370
progress step=101600 round=9/40 episode=2/30 sample=zero_boundary_005 soc=0.5790 fc=370
progress step=101650 round=9/40 episode=2/30 sample=zero_boundary_005 soc=0.5287 fc=540
progress step=101700 round=9/40 episode=2/30 sample=zero_boundary_005 soc=0.4349 fc=180
progress step=101750 round=9/40 episode=2/30 sample=zero_boundary_005 soc=0.5097 fc=370
progress step=101800 round=9/40 episode=3/30 sample=zero_boundary_006 soc=0.7603 fc=370
progress step=101850 round=9/40 episode=3/30 sample=zero_boundary_006 soc=0.8000 fc=60
progress step=101900 round=9/40 episode=3/30 sample=zero_boundary_006 soc=0.7993 fc=110
progress step=101950 round=9/40 episode=3/30 sample=zero_boundary_006 soc=0.7985 fc=0
progress step=102000 round=9/40 episode=3/30 sample=zero_boundary_006 soc=0.7901 fc=420
progress step=102050 round=9/40 episode=3/30 sample=zero_boundary_006 soc=0.7988 fc=240
progress step=102100 round=9/40 episode=3/30 sample=zero_boundary_006 soc=0.7991 fc=20
progress step=102150 round=9/40 episode=4/30 sample=zero_boundary_007 soc=0.6651 fc=80
progress step=102200 round=9/40 episode=4/30 sample=zero_boundary_007 soc=0.6082 fc=60
progress step=102250 round=9/40 episode=4/30 sample=zero_boundary_007 soc=0.6563 fc=190
progress step=102300 round=9/40 episode=4/30 sample=zero_boundary_007 soc=0.7337 fc=50
progress step=102350 round=9/40 episode=4/30 sample=zero_boundary_007 soc=0.6920 fc=180
progress step=102400 round=9/40 episode=5/30 sample=zero_boundary_008 soc=0.6218 fc=10
progress step=102450 round=9/40 episode=5/30 sample=zero_boundary_008 soc=0.4632 fc=80
progress step=102500 round=9/40 episode=6/30 sample=zero_boundary_011 soc=0.6801 fc=310
progress step=102550 round=9/40 episode=6/30 sample=zero_boundary_011 soc=0.7975 fc=490
progress step=102600 round=9/40 episode=6/30 sample=zero_boundary_011 soc=0.7017 fc=500
progress step=102650 round=9/40 episode=6/30 sample=zero_boundary_011 soc=0.5838 fc=140
progress step=102700 round=9/40 episode=6/30 sample=zero_boundary_011 soc=0.4500 fc=130
progress step=102750 round=9/40 episode=6/30 sample=zero_boundary_011 soc=0.3716 fc=330
progress step=102800 round=9/40 episode=6/30 sample=zero_boundary_011 soc=0.5112 fc=420
progress step=102850 round=9/40 episode=6/30 sample=zero_boundary_011 soc=0.6824 fc=500
progress step=102900 round=9/40 episode=6/30 sample=zero_boundary_011 soc=0.7994 fc=40
progress step=102950 round=9/40 episode=6/30 sample=zero_boundary_011 soc=0.7999 fc=0
progress step=103000 round=9/40 episode=6/30 sample=zero_boundary_011 soc=0.7923 fc=130
progress step=103050 round=9/40 episode=6/30 sample=zero_boundary_011 soc=0.7823 fc=280
progress step=103100 round=9/40 episode=6/30 sample=zero_boundary_011 soc=0.7998 fc=260
progress step=103150 round=9/40 episode=6/30 sample=zero_boundary_011 soc=0.7953 fc=340
progress step=103200 round=9/40 episode=6/30 sample=zero_boundary_011 soc=0.7691 fc=20
progress step=103250 round=9/40 episode=7/30 sample=zero_boundary_013 soc=0.7118 fc=110
progress step=103300 round=9/40 episode=7/30 sample=zero_boundary_013 soc=0.7961 fc=70
progress step=103350 round=9/40 episode=7/30 sample=zero_boundary_013 soc=0.7859 fc=500
progress step=103400 round=9/40 episode=7/30 sample=zero_boundary_013 soc=0.7533 fc=90
progress step=103450 round=9/40 episode=7/30 sample=zero_boundary_013 soc=0.7922 fc=570
progress step=103500 round=9/40 episode=7/30 sample=zero_boundary_013 soc=0.7951 fc=0
progress step=103550 round=9/40 episode=7/30 sample=zero_boundary_013 soc=0.7998 fc=50
progress step=103600 round=9/40 episode=8/30 sample=zero_boundary_015 soc=0.6657 fc=170
progress step=103650 round=9/40 episode=8/30 sample=zero_boundary_015 soc=0.6355 fc=560
progress step=103700 round=9/40 episode=8/30 sample=zero_boundary_015 soc=0.3657 fc=240
progress step=103750 round=9/40 episode=9/30 sample=zero_boundary_016 soc=0.7479 fc=600
progress step=103800 round=9/40 episode=9/30 sample=zero_boundary_016 soc=0.7484 fc=20
progress step=103850 round=9/40 episode=9/30 sample=zero_boundary_016 soc=0.5791 fc=130
progress step=103900 round=9/40 episode=9/30 sample=zero_boundary_016 soc=0.3590 fc=60
progress step=103950 round=9/40 episode=10/30 sample=zero_boundary_017 soc=0.6304 fc=400
progress step=104000 round=9/40 episode=10/30 sample=zero_boundary_017 soc=0.4736 fc=340
progress step=104050 round=9/40 episode=10/30 sample=zero_boundary_017 soc=0.2000 fc=570
progress step=104100 round=9/40 episode=11/30 sample=zero_boundary_020 soc=0.6760 fc=300
progress step=104150 round=9/40 episode=11/30 sample=zero_boundary_020 soc=0.6992 fc=50
progress step=104200 round=9/40 episode=12/30 sample=zero_boundary_021 soc=0.6992 fc=80
progress step=104250 round=9/40 episode=12/30 sample=zero_boundary_021 soc=0.7895 fc=80
progress step=104300 round=9/40 episode=12/30 sample=zero_boundary_021 soc=0.7360 fc=10
progress step=104350 round=9/40 episode=12/30 sample=zero_boundary_021 soc=0.6485 fc=10
progress step=104400 round=9/40 episode=12/30 sample=zero_boundary_021 soc=0.6723 fc=470
progress step=104450 round=9/40 episode=13/30 sample=zero_boundary_022 soc=0.6838 fc=20
progress step=104500 round=9/40 episode=13/30 sample=zero_boundary_022 soc=0.6734 fc=560
progress step=104550 round=9/40 episode=13/30 sample=zero_boundary_022 soc=0.7477 fc=60
progress step=104600 round=9/40 episode=14/30 sample=zero_boundary_029 soc=0.6653 fc=70
progress step=104650 round=9/40 episode=14/30 sample=zero_boundary_029 soc=0.7871 fc=530
progress step=104700 round=9/40 episode=14/30 sample=zero_boundary_029 soc=0.7750 fc=120
progress step=104750 round=9/40 episode=14/30 sample=zero_boundary_029 soc=0.7690 fc=360
progress step=104800 round=9/40 episode=14/30 sample=zero_boundary_029 soc=0.7995 fc=0
progress step=104850 round=9/40 episode=14/30 sample=zero_boundary_029 soc=0.7957 fc=420
progress step=104900 round=9/40 episode=14/30 sample=zero_boundary_029 soc=0.7990 fc=200
progress step=104950 round=9/40 episode=14/30 sample=zero_boundary_029 soc=0.8000 fc=0
progress step=105000 round=9/40 episode=14/30 sample=zero_boundary_029 soc=0.8000 fc=0
progress step=105050 round=9/40 episode=14/30 sample=zero_boundary_029 soc=0.8000 fc=0
progress step=105100 round=9/40 episode=14/30 sample=zero_boundary_029 soc=0.8000 fc=0
progress step=105150 round=9/40 episode=14/30 sample=zero_boundary_029 soc=0.8000 fc=0
progress step=105200 round=9/40 episode=14/30 sample=zero_boundary_029 soc=0.8000 fc=0
progress step=105250 round=9/40 episode=14/30 sample=zero_boundary_029 soc=0.8000 fc=0
progress step=105300 round=9/40 episode=14/30 sample=zero_boundary_029 soc=0.8000 fc=0
progress step=105350 round=9/40 episode=14/30 sample=zero_boundary_029 soc=0.8000 fc=0
progress step=105400 round=9/40 episode=14/30 sample=zero_boundary_029 soc=0.8000 fc=0
progress step=105450 round=9/40 episode=14/30 sample=zero_boundary_029 soc=0.8000 fc=0
progress step=105500 round=9/40 episode=14/30 sample=zero_boundary_029 soc=0.7916 fc=120
progress step=105550 round=9/40 episode=14/30 sample=zero_boundary_029 soc=0.7990 fc=100
progress step=105600 round=9/40 episode=14/30 sample=zero_boundary_029 soc=0.7888 fc=70
progress step=105650 round=9/40 episode=14/30 sample=zero_boundary_029 soc=0.7998 fc=10
progress step=105700 round=9/40 episode=15/30 sample=zero_boundary_033 soc=0.7690 fc=120
progress step=105750 round=9/40 episode=15/30 sample=zero_boundary_033 soc=0.7610 fc=340
progress step=105800 round=9/40 episode=15/30 sample=zero_boundary_033 soc=0.7315 fc=340
progress step=105850 round=9/40 episode=15/30 sample=zero_boundary_033 soc=0.7199 fc=570
progress step=105900 round=9/40 episode=15/30 sample=zero_boundary_033 soc=0.7871 fc=530
progress step=105950 round=9/40 episode=15/30 sample=zero_boundary_033 soc=0.6861 fc=60
progress step=106000 round=9/40 episode=15/30 sample=zero_boundary_033 soc=0.7448 fc=430
progress step=106050 round=9/40 episode=15/30 sample=zero_boundary_033 soc=0.7999 fc=0
progress step=106100 round=9/40 episode=15/30 sample=zero_boundary_033 soc=0.7999 fc=0
progress step=106150 round=9/40 episode=15/30 sample=zero_boundary_033 soc=0.7999 fc=0
progress step=106200 round=9/40 episode=15/30 sample=zero_boundary_033 soc=0.7999 fc=0
progress step=106250 round=9/40 episode=15/30 sample=zero_boundary_033 soc=0.7999 fc=0
progress step=106300 round=9/40 episode=15/30 sample=zero_boundary_033 soc=0.7999 fc=0
progress step=106350 round=9/40 episode=15/30 sample=zero_boundary_033 soc=0.8000 fc=0
progress step=106400 round=9/40 episode=15/30 sample=zero_boundary_033 soc=0.7997 fc=20
progress step=106450 round=9/40 episode=15/30 sample=zero_boundary_033 soc=0.7995 fc=60
progress step=106500 round=9/40 episode=15/30 sample=zero_boundary_033 soc=0.7995 fc=60
progress step=106550 round=9/40 episode=15/30 sample=zero_boundary_033 soc=0.7993 fc=20
progress step=106600 round=9/40 episode=15/30 sample=zero_boundary_033 soc=0.7995 fc=40
progress step=106650 round=9/40 episode=16/30 sample=zero_boundary_034 soc=0.7416 fc=480
progress step=106700 round=9/40 episode=16/30 sample=zero_boundary_034 soc=0.8000 fc=0
progress step=106750 round=9/40 episode=16/30 sample=zero_boundary_034 soc=0.8000 fc=0
progress step=106800 round=9/40 episode=16/30 sample=zero_boundary_034 soc=0.8000 fc=0
progress step=106850 round=9/40 episode=16/30 sample=zero_boundary_034 soc=0.8000 fc=0
progress step=106900 round=9/40 episode=16/30 sample=zero_boundary_034 soc=0.8000 fc=0
progress step=106950 round=9/40 episode=16/30 sample=zero_boundary_034 soc=0.8000 fc=0
progress step=107000 round=9/40 episode=16/30 sample=zero_boundary_034 soc=0.8000 fc=0
progress step=107050 round=9/40 episode=16/30 sample=zero_boundary_034 soc=0.8000 fc=0
progress step=107100 round=9/40 episode=16/30 sample=zero_boundary_034 soc=0.8000 fc=0
progress step=107150 round=9/40 episode=16/30 sample=zero_boundary_034 soc=0.8000 fc=0
progress step=107200 round=9/40 episode=16/30 sample=zero_boundary_034 soc=0.8000 fc=0
progress step=107250 round=9/40 episode=16/30 sample=zero_boundary_034 soc=0.8000 fc=0
progress step=107300 round=9/40 episode=16/30 sample=zero_boundary_034 soc=0.8000 fc=0
progress step=107350 round=9/40 episode=16/30 sample=zero_boundary_034 soc=0.8000 fc=0
progress step=107400 round=9/40 episode=16/30 sample=zero_boundary_034 soc=0.8000 fc=0
progress step=107450 round=9/40 episode=16/30 sample=zero_boundary_034 soc=0.8000 fc=0
progress step=107500 round=9/40 episode=16/30 sample=zero_boundary_034 soc=0.7983 fc=170
progress step=107550 round=9/40 episode=16/30 sample=zero_boundary_034 soc=0.7994 fc=90
progress step=107600 round=9/40 episode=16/30 sample=zero_boundary_034 soc=0.7992 fc=240
progress step=107650 round=9/40 episode=16/30 sample=zero_boundary_034 soc=0.7970 fc=50
progress step=107700 round=9/40 episode=16/30 sample=zero_boundary_034 soc=0.7881 fc=390
progress step=107750 round=9/40 episode=16/30 sample=zero_boundary_034 soc=0.7991 fc=60
progress step=107800 round=9/40 episode=16/30 sample=zero_boundary_034 soc=0.7996 fc=40
progress step=107850 round=9/40 episode=16/30 sample=zero_boundary_034 soc=0.7999 fc=0
progress step=107900 round=9/40 episode=16/30 sample=zero_boundary_034 soc=0.7999 fc=0
progress step=107950 round=9/40 episode=16/30 sample=zero_boundary_034 soc=0.7999 fc=0
progress step=108000 round=9/40 episode=16/30 sample=zero_boundary_034 soc=0.7999 fc=0
progress step=108050 round=9/40 episode=16/30 sample=zero_boundary_034 soc=0.7999 fc=0
progress step=108100 round=9/40 episode=16/30 sample=zero_boundary_034 soc=0.7999 fc=0
progress step=108150 round=9/40 episode=16/30 sample=zero_boundary_034 soc=0.7999 fc=0
progress step=108200 round=9/40 episode=16/30 sample=zero_boundary_034 soc=0.7999 fc=0
progress step=108250 round=9/40 episode=16/30 sample=zero_boundary_034 soc=0.7998 fc=10
progress step=108300 round=9/40 episode=17/30 sample=zero_boundary_037 soc=0.7128 fc=400
progress step=108350 round=9/40 episode=17/30 sample=zero_boundary_037 soc=0.7769 fc=470
progress step=108400 round=9/40 episode=17/30 sample=zero_boundary_037 soc=0.7960 fc=290
progress step=108450 round=9/40 episode=17/30 sample=zero_boundary_037 soc=0.7997 fc=10
progress step=108500 round=9/40 episode=17/30 sample=zero_boundary_037 soc=0.7750 fc=60
progress step=108550 round=9/40 episode=17/30 sample=zero_boundary_037 soc=0.7476 fc=530
progress step=108600 round=9/40 episode=17/30 sample=zero_boundary_037 soc=0.6299 fc=380
progress step=108650 round=9/40 episode=17/30 sample=zero_boundary_037 soc=0.7256 fc=340
progress step=108700 round=9/40 episode=17/30 sample=zero_boundary_037 soc=0.7999 fc=30
progress step=108750 round=9/40 episode=17/30 sample=zero_boundary_037 soc=0.7993 fc=60
progress step=108800 round=9/40 episode=17/30 sample=zero_boundary_037 soc=0.7987 fc=0
progress step=108850 round=9/40 episode=17/30 sample=zero_boundary_037 soc=0.7986 fc=50
progress step=108900 round=9/40 episode=17/30 sample=zero_boundary_037 soc=0.7996 fc=50
progress step=108950 round=9/40 episode=17/30 sample=zero_boundary_037 soc=0.7993 fc=30
progress step=109000 round=9/40 episode=17/30 sample=zero_boundary_037 soc=0.7990 fc=50
progress step=109050 round=9/40 episode=17/30 sample=zero_boundary_037 soc=0.7996 fc=0
progress step=109100 round=9/40 episode=17/30 sample=zero_boundary_037 soc=0.7994 fc=40
progress step=109150 round=9/40 episode=17/30 sample=zero_boundary_037 soc=0.7999 fc=60
progress step=109200 round=9/40 episode=17/30 sample=zero_boundary_037 soc=0.7996 fc=60
progress step=109250 round=9/40 episode=17/30 sample=zero_boundary_037 soc=0.7999 fc=30
progress step=109300 round=9/40 episode=17/30 sample=zero_boundary_037 soc=0.8000 fc=0
progress step=109350 round=9/40 episode=17/30 sample=zero_boundary_037 soc=0.8000 fc=0
progress step=109400 round=9/40 episode=17/30 sample=zero_boundary_037 soc=0.7995 fc=60
progress step=109450 round=9/40 episode=17/30 sample=zero_boundary_037 soc=0.7988 fc=50
progress step=109500 round=9/40 episode=17/30 sample=zero_boundary_037 soc=0.7988 fc=150
progress step=109550 round=9/40 episode=17/30 sample=zero_boundary_037 soc=0.7998 fc=40
progress step=109600 round=9/40 episode=17/30 sample=zero_boundary_037 soc=0.7994 fc=40
progress step=109650 round=9/40 episode=17/30 sample=zero_boundary_037 soc=0.7999 fc=50
progress step=109700 round=9/40 episode=17/30 sample=zero_boundary_037 soc=0.7994 fc=60
progress step=109750 round=9/40 episode=17/30 sample=zero_boundary_037 soc=0.8000 fc=0
progress step=109800 round=9/40 episode=17/30 sample=zero_boundary_037 soc=0.7995 fc=70
progress step=109850 round=9/40 episode=17/30 sample=zero_boundary_037 soc=0.7996 fc=10
progress step=109900 round=9/40 episode=17/30 sample=zero_boundary_037 soc=0.7996 fc=50
progress step=109950 round=9/40 episode=17/30 sample=zero_boundary_037 soc=0.8000 fc=10
progress step=110000 round=9/40 episode=17/30 sample=zero_boundary_037 soc=0.8000 fc=10
progress step=110050 round=9/40 episode=17/30 sample=zero_boundary_037 soc=0.7994 fc=0
progress step=110100 round=9/40 episode=17/30 sample=zero_boundary_037 soc=0.7998 fc=20
progress step=110150 round=9/40 episode=17/30 sample=zero_boundary_037 soc=0.7999 fc=0
progress step=110200 round=9/40 episode=18/30 sample=zero_boundary_038 soc=0.7123 fc=360
progress step=110250 round=9/40 episode=18/30 sample=zero_boundary_038 soc=0.6846 fc=360
progress step=110300 round=9/40 episode=18/30 sample=zero_boundary_038 soc=0.7101 fc=570
progress step=110350 round=9/40 episode=18/30 sample=zero_boundary_038 soc=0.6213 fc=250
progress step=110400 round=9/40 episode=18/30 sample=zero_boundary_038 soc=0.5032 fc=310
progress step=110450 round=9/40 episode=18/30 sample=zero_boundary_038 soc=0.4842 fc=550
progress step=110500 round=9/40 episode=18/30 sample=zero_boundary_038 soc=0.6634 fc=570
progress step=110550 round=9/40 episode=18/30 sample=zero_boundary_038 soc=0.7987 fc=20
progress step=110600 round=9/40 episode=18/30 sample=zero_boundary_038 soc=0.7992 fc=60
progress step=110650 round=9/40 episode=18/30 sample=zero_boundary_038 soc=0.7797 fc=200
progress step=110700 round=9/40 episode=18/30 sample=zero_boundary_038 soc=0.7693 fc=460
progress step=110750 round=9/40 episode=18/30 sample=zero_boundary_038 soc=0.7537 fc=100
progress step=110800 round=9/40 episode=18/30 sample=zero_boundary_038 soc=0.7476 fc=460
progress step=110850 round=9/40 episode=18/30 sample=zero_boundary_038 soc=0.7999 fc=40
progress step=110900 round=9/40 episode=19/30 sample=zero_boundary_040 soc=0.5983 fc=490
progress step=110950 round=9/40 episode=19/30 sample=zero_boundary_040 soc=0.5331 fc=470
progress step=111000 round=9/40 episode=19/30 sample=zero_boundary_040 soc=0.5071 fc=460
progress step=111050 round=9/40 episode=19/30 sample=zero_boundary_040 soc=0.4342 fc=460
progress step=111100 round=9/40 episode=19/30 sample=zero_boundary_040 soc=0.4224 fc=190
progress step=111150 round=9/40 episode=19/30 sample=zero_boundary_040 soc=0.4192 fc=360
progress step=111200 round=9/40 episode=19/30 sample=zero_boundary_040 soc=0.5663 fc=590
progress step=111250 round=9/40 episode=19/30 sample=zero_boundary_040 soc=0.5376 fc=390
progress step=111300 round=9/40 episode=19/30 sample=zero_boundary_040 soc=0.4422 fc=460
progress step=111350 round=9/40 episode=19/30 sample=zero_boundary_040 soc=0.4242 fc=150
progress step=111400 round=9/40 episode=20/30 sample=zero_boundary_041 soc=0.5982 fc=490
progress step=111450 round=9/40 episode=20/30 sample=zero_boundary_041 soc=0.5326 fc=410
progress step=111500 round=9/40 episode=20/30 sample=zero_boundary_041 soc=0.2383 fc=490
progress step=111550 round=9/40 episode=21/30 sample=zero_boundary_042 soc=0.7396 fc=150
progress step=111600 round=9/40 episode=21/30 sample=zero_boundary_042 soc=0.6254 fc=500
progress step=111650 round=9/40 episode=21/30 sample=zero_boundary_042 soc=0.4444 fc=390
progress step=111700 round=9/40 episode=21/30 sample=zero_boundary_042 soc=0.3082 fc=500
progress step=111750 round=9/40 episode=21/30 sample=zero_boundary_042 soc=0.2007 fc=570
progress step=111800 round=9/40 episode=21/30 sample=zero_boundary_042 soc=0.3398 fc=490
progress step=111850 round=9/40 episode=21/30 sample=zero_boundary_042 soc=0.2001 fc=580
progress step=111900 round=9/40 episode=22/30 sample=zero_boundary_044 soc=0.6623 fc=160
progress step=111950 round=9/40 episode=22/30 sample=zero_boundary_044 soc=0.5925 fc=580
progress step=112000 round=9/40 episode=22/30 sample=zero_boundary_044 soc=0.3784 fc=290
progress step=112050 round=9/40 episode=23/30 sample=zero_boundary_045 soc=0.6775 fc=100
progress step=112100 round=9/40 episode=23/30 sample=zero_boundary_045 soc=0.6663 fc=490
progress step=112150 round=9/40 episode=23/30 sample=zero_boundary_045 soc=0.6013 fc=370
progress step=112200 round=9/40 episode=23/30 sample=zero_boundary_045 soc=0.4797 fc=380
progress step=112250 round=9/40 episode=23/30 sample=zero_boundary_045 soc=0.2646 fc=440
progress step=112300 round=9/40 episode=23/30 sample=zero_boundary_045 soc=0.2267 fc=200
progress step=112350 round=9/40 episode=24/30 sample=zero_boundary_046 soc=0.6058 fc=40
progress step=112400 round=9/40 episode=24/30 sample=zero_boundary_046 soc=0.5174 fc=300
progress step=112450 round=9/40 episode=24/30 sample=zero_boundary_046 soc=0.3681 fc=580
progress step=112500 round=9/40 episode=25/30 sample=zero_boundary_048 soc=0.6490 fc=200
progress step=112550 round=9/40 episode=25/30 sample=zero_boundary_048 soc=0.5590 fc=490
progress step=112600 round=9/40 episode=25/30 sample=zero_boundary_048 soc=0.4853 fc=200
progress step=112650 round=9/40 episode=25/30 sample=zero_boundary_048 soc=0.4636 fc=380
progress step=112700 round=9/40 episode=25/30 sample=zero_boundary_048 soc=0.5841 fc=570
progress step=112750 round=9/40 episode=25/30 sample=zero_boundary_048 soc=0.5843 fc=530
progress step=112800 round=9/40 episode=26/30 sample=zero_boundary_049 soc=0.6935 fc=490
progress step=112850 round=9/40 episode=26/30 sample=zero_boundary_049 soc=0.7100 fc=310
progress step=112900 round=9/40 episode=26/30 sample=zero_boundary_049 soc=0.7383 fc=190
progress step=112950 round=9/40 episode=26/30 sample=zero_boundary_049 soc=0.7449 fc=310
progress step=113000 round=9/40 episode=26/30 sample=zero_boundary_049 soc=0.7980 fc=10
progress step=113050 round=9/40 episode=27/30 sample=zero_boundary_050 soc=0.6359 fc=360
progress step=113100 round=9/40 episode=27/30 sample=zero_boundary_050 soc=0.5911 fc=100
progress step=113150 round=9/40 episode=27/30 sample=zero_boundary_050 soc=0.4707 fc=190
progress step=113200 round=9/40 episode=27/30 sample=zero_boundary_050 soc=0.3867 fc=240
progress step=113250 round=9/40 episode=27/30 sample=zero_boundary_050 soc=0.2291 fc=220
progress step=113300 round=9/40 episode=28/30 sample=zero_boundary_051 soc=0.6282 fc=510
progress step=113350 round=9/40 episode=28/30 sample=zero_boundary_051 soc=0.6409 fc=150
progress step=113400 round=9/40 episode=28/30 sample=zero_boundary_051 soc=0.7429 fc=490
progress step=113450 round=9/40 episode=29/30 sample=zero_boundary_052 soc=0.6180 fc=130
progress step=113500 round=9/40 episode=29/30 sample=zero_boundary_052 soc=0.4069 fc=220
progress step=113550 round=9/40 episode=29/30 sample=zero_boundary_052 soc=0.3513 fc=350
progress step=113600 round=9/40 episode=29/30 sample=zero_boundary_052 soc=0.4665 fc=200
progress step=113650 round=9/40 episode=30/30 sample=zero_boundary_053 soc=0.6462 fc=210
progress step=113700 round=9/40 episode=30/30 sample=zero_boundary_053 soc=0.6897 fc=570
progress step=113750 round=9/40 episode=30/30 sample=zero_boundary_053 soc=0.5619 fc=130
progress step=113800 round=9/40 episode=30/30 sample=zero_boundary_053 soc=0.5922 fc=330
progress step=113850 round=9/40 episode=30/30 sample=zero_boundary_053 soc=0.6056 fc=140
round 9/40 exploratory=20/30 greedy_train start
MONITOR round=9 exploratory=20/30 greedy_train=27/30 validation=SKIPPED cost=None updates=3328 best_round=7
round 10/40 start epsilon=0.7808
progress step=113900 round=10/40 episode=1/30 sample=zero_boundary_002 soc=0.6327 fc=230
progress step=113950 round=10/40 episode=1/30 sample=zero_boundary_002 soc=0.7032 fc=240
progress step=114000 round=10/40 episode=1/30 sample=zero_boundary_002 soc=0.3997 fc=40
progress step=114050 round=10/40 episode=1/30 sample=zero_boundary_002 soc=0.4633 fc=120
progress step=114100 round=10/40 episode=1/30 sample=zero_boundary_002 soc=0.4036 fc=460
progress step=114150 round=10/40 episode=1/30 sample=zero_boundary_002 soc=0.4803 fc=460
progress step=114200 round=10/40 episode=2/30 sample=zero_boundary_005 soc=0.6246 fc=370
progress step=114250 round=10/40 episode=2/30 sample=zero_boundary_005 soc=0.6921 fc=460
progress step=114300 round=10/40 episode=2/30 sample=zero_boundary_005 soc=0.5484 fc=250
progress step=114350 round=10/40 episode=2/30 sample=zero_boundary_005 soc=0.4811 fc=510
progress step=114400 round=10/40 episode=2/30 sample=zero_boundary_005 soc=0.4589 fc=560
progress step=114450 round=10/40 episode=2/30 sample=zero_boundary_005 soc=0.4899 fc=500
progress step=114500 round=10/40 episode=3/30 sample=zero_boundary_006 soc=0.6606 fc=120
progress step=114550 round=10/40 episode=3/30 sample=zero_boundary_006 soc=0.7811 fc=180
progress step=114600 round=10/40 episode=3/30 sample=zero_boundary_006 soc=0.7998 fc=30
progress step=114650 round=10/40 episode=3/30 sample=zero_boundary_006 soc=0.7992 fc=230
progress step=114700 round=10/40 episode=3/30 sample=zero_boundary_006 soc=0.7984 fc=50
progress step=114750 round=10/40 episode=3/30 sample=zero_boundary_006 soc=0.7986 fc=230
progress step=114800 round=10/40 episode=3/30 sample=zero_boundary_006 soc=0.7998 fc=20
progress step=114850 round=10/40 episode=4/30 sample=zero_boundary_007 soc=0.6504 fc=140
progress step=114900 round=10/40 episode=4/30 sample=zero_boundary_007 soc=0.6307 fc=250
progress step=114950 round=10/40 episode=4/30 sample=zero_boundary_007 soc=0.6102 fc=60
progress step=115000 round=10/40 episode=4/30 sample=zero_boundary_007 soc=0.6717 fc=340
progress step=115050 round=10/40 episode=4/30 sample=zero_boundary_007 soc=0.6835 fc=50
progress step=115100 round=10/40 episode=4/30 sample=zero_boundary_007 soc=0.6666 fc=30
progress step=115150 round=10/40 episode=5/30 sample=zero_boundary_008 soc=0.6773 fc=320
progress step=115200 round=10/40 episode=5/30 sample=zero_boundary_008 soc=0.3248 fc=460
progress step=115250 round=10/40 episode=6/30 sample=zero_boundary_011 soc=0.7406 fc=130
progress step=115300 round=10/40 episode=6/30 sample=zero_boundary_011 soc=0.7699 fc=400
progress step=115350 round=10/40 episode=6/30 sample=zero_boundary_011 soc=0.6377 fc=180
progress step=115400 round=10/40 episode=6/30 sample=zero_boundary_011 soc=0.5060 fc=350
progress step=115450 round=10/40 episode=6/30 sample=zero_boundary_011 soc=0.4210 fc=330
progress step=115500 round=10/40 episode=6/30 sample=zero_boundary_011 soc=0.3170 fc=210
progress step=115550 round=10/40 episode=6/30 sample=zero_boundary_011 soc=0.5505 fc=300
progress step=115600 round=10/40 episode=6/30 sample=zero_boundary_011 soc=0.7403 fc=40
progress step=115650 round=10/40 episode=6/30 sample=zero_boundary_011 soc=0.7998 fc=30
progress step=115700 round=10/40 episode=6/30 sample=zero_boundary_011 soc=0.7994 fc=50
progress step=115750 round=10/40 episode=6/30 sample=zero_boundary_011 soc=0.7951 fc=50
progress step=115800 round=10/40 episode=6/30 sample=zero_boundary_011 soc=0.7931 fc=360
progress step=115850 round=10/40 episode=6/30 sample=zero_boundary_011 soc=0.7913 fc=460
progress step=115900 round=10/40 episode=6/30 sample=zero_boundary_011 soc=0.7850 fc=240
progress step=115950 round=10/40 episode=6/30 sample=zero_boundary_011 soc=0.7987 fc=60
progress step=116000 round=10/40 episode=7/30 sample=zero_boundary_013 soc=0.7561 fc=140
progress step=116050 round=10/40 episode=7/30 sample=zero_boundary_013 soc=0.7981 fc=180
progress step=116100 round=10/40 episode=7/30 sample=zero_boundary_013 soc=0.7769 fc=470
progress step=116150 round=10/40 episode=7/30 sample=zero_boundary_013 soc=0.7846 fc=460
progress step=116200 round=10/40 episode=7/30 sample=zero_boundary_013 soc=0.7982 fc=370
progress step=116250 round=10/40 episode=7/30 sample=zero_boundary_013 soc=0.7930 fc=210
progress step=116300 round=10/40 episode=7/30 sample=zero_boundary_013 soc=0.7991 fc=80
progress step=116350 round=10/40 episode=8/30 sample=zero_boundary_015 soc=0.6835 fc=10
progress step=116400 round=10/40 episode=8/30 sample=zero_boundary_015 soc=0.6959 fc=590
progress step=116450 round=10/40 episode=8/30 sample=zero_boundary_015 soc=0.2258 fc=520
progress step=116500 round=10/40 episode=9/30 sample=zero_boundary_016 soc=0.7706 fc=470
progress step=116550 round=10/40 episode=9/30 sample=zero_boundary_016 soc=0.7497 fc=600
progress step=116600 round=10/40 episode=9/30 sample=zero_boundary_016 soc=0.5582 fc=600
progress step=116650 round=10/40 episode=9/30 sample=zero_boundary_016 soc=0.3544 fc=450
progress step=116700 round=10/40 episode=10/30 sample=zero_boundary_017 soc=0.6369 fc=470
progress step=116750 round=10/40 episode=10/30 sample=zero_boundary_017 soc=0.4978 fc=440
progress step=116800 round=10/40 episode=10/30 sample=zero_boundary_017 soc=0.2643 fc=450
progress step=116850 round=10/40 episode=11/30 sample=zero_boundary_020 soc=0.6756 fc=0
progress step=116900 round=10/40 episode=11/30 sample=zero_boundary_020 soc=0.6791 fc=130
progress step=116950 round=10/40 episode=12/30 sample=zero_boundary_021 soc=0.6684 fc=130
progress step=117000 round=10/40 episode=12/30 sample=zero_boundary_021 soc=0.7961 fc=100
progress step=117050 round=10/40 episode=12/30 sample=zero_boundary_021 soc=0.7379 fc=550
progress step=117100 round=10/40 episode=12/30 sample=zero_boundary_021 soc=0.6762 fc=300
progress step=117150 round=10/40 episode=12/30 sample=zero_boundary_021 soc=0.6867 fc=230
progress step=117200 round=10/40 episode=13/30 sample=zero_boundary_022 soc=0.6891 fc=240
progress step=117250 round=10/40 episode=13/30 sample=zero_boundary_022 soc=0.6669 fc=490
progress step=117300 round=10/40 episode=13/30 sample=zero_boundary_022 soc=0.7450 fc=90
progress step=117350 round=10/40 episode=14/30 sample=zero_boundary_029 soc=0.6157 fc=500
progress step=117400 round=10/40 episode=14/30 sample=zero_boundary_029 soc=0.7260 fc=460
progress step=117450 round=10/40 episode=14/30 sample=zero_boundary_029 soc=0.7428 fc=460
progress step=117500 round=10/40 episode=14/30 sample=zero_boundary_029 soc=0.7670 fc=540
progress step=117550 round=10/40 episode=14/30 sample=zero_boundary_029 soc=0.7998 fc=0
progress step=117600 round=10/40 episode=14/30 sample=zero_boundary_029 soc=0.7916 fc=420
progress step=117650 round=10/40 episode=14/30 sample=zero_boundary_029 soc=0.7963 fc=0
progress step=117700 round=10/40 episode=14/30 sample=zero_boundary_029 soc=0.7999 fc=0
progress step=117750 round=10/40 episode=14/30 sample=zero_boundary_029 soc=0.7999 fc=0
progress step=117800 round=10/40 episode=14/30 sample=zero_boundary_029 soc=0.7999 fc=0
progress step=117850 round=10/40 episode=14/30 sample=zero_boundary_029 soc=0.7999 fc=0
progress step=117900 round=10/40 episode=14/30 sample=zero_boundary_029 soc=0.7999 fc=0
progress step=117950 round=10/40 episode=14/30 sample=zero_boundary_029 soc=0.7999 fc=0
progress step=118000 round=10/40 episode=14/30 sample=zero_boundary_029 soc=0.7999 fc=0
progress step=118050 round=10/40 episode=14/30 sample=zero_boundary_029 soc=0.7999 fc=0
progress step=118100 round=10/40 episode=14/30 sample=zero_boundary_029 soc=0.7999 fc=0
progress step=118150 round=10/40 episode=14/30 sample=zero_boundary_029 soc=0.7999 fc=0
progress step=118200 round=10/40 episode=14/30 sample=zero_boundary_029 soc=0.7999 fc=0
progress step=118250 round=10/40 episode=14/30 sample=zero_boundary_029 soc=0.7996 fc=280
progress step=118300 round=10/40 episode=14/30 sample=zero_boundary_029 soc=0.7963 fc=400
progress step=118350 round=10/40 episode=14/30 sample=zero_boundary_029 soc=0.7977 fc=460
progress step=118400 round=10/40 episode=14/30 sample=zero_boundary_029 soc=0.7999 fc=20
progress step=118450 round=10/40 episode=15/30 sample=zero_boundary_033 soc=0.7407 fc=240
progress step=118500 round=10/40 episode=15/30 sample=zero_boundary_033 soc=0.7323 fc=340
progress step=118550 round=10/40 episode=15/30 sample=zero_boundary_033 soc=0.6478 fc=410
progress step=118600 round=10/40 episode=15/30 sample=zero_boundary_033 soc=0.6411 fc=470
progress step=118650 round=10/40 episode=15/30 sample=zero_boundary_033 soc=0.6894 fc=30
progress step=118700 round=10/40 episode=15/30 sample=zero_boundary_033 soc=0.5557 fc=390
progress step=118750 round=10/40 episode=15/30 sample=zero_boundary_033 soc=0.6168 fc=570
progress step=118800 round=10/40 episode=15/30 sample=zero_boundary_033 soc=0.7999 fc=0
progress step=118850 round=10/40 episode=15/30 sample=zero_boundary_033 soc=0.7999 fc=0
progress step=118900 round=10/40 episode=15/30 sample=zero_boundary_033 soc=0.7999 fc=0
progress step=118950 round=10/40 episode=15/30 sample=zero_boundary_033 soc=0.7999 fc=0
progress step=119000 round=10/40 episode=15/30 sample=zero_boundary_033 soc=0.7999 fc=0
progress step=119050 round=10/40 episode=15/30 sample=zero_boundary_033 soc=0.8000 fc=0
progress step=119100 round=10/40 episode=15/30 sample=zero_boundary_033 soc=0.8000 fc=0
progress step=119150 round=10/40 episode=15/30 sample=zero_boundary_033 soc=0.8000 fc=0
progress step=119200 round=10/40 episode=15/30 sample=zero_boundary_033 soc=0.7998 fc=20
progress step=119250 round=10/40 episode=15/30 sample=zero_boundary_033 soc=0.7998 fc=10
progress step=119300 round=10/40 episode=15/30 sample=zero_boundary_033 soc=0.7988 fc=120
progress step=119350 round=10/40 episode=15/30 sample=zero_boundary_033 soc=0.7998 fc=20
progress step=119400 round=10/40 episode=16/30 sample=zero_boundary_034 soc=0.6700 fc=510
progress step=119450 round=10/40 episode=16/30 sample=zero_boundary_034 soc=0.7999 fc=0
progress step=119500 round=10/40 episode=16/30 sample=zero_boundary_034 soc=0.7999 fc=0
progress step=119550 round=10/40 episode=16/30 sample=zero_boundary_034 soc=0.7999 fc=0
progress step=119600 round=10/40 episode=16/30 sample=zero_boundary_034 soc=0.7999 fc=0
progress step=119650 round=10/40 episode=16/30 sample=zero_boundary_034 soc=0.7999 fc=0
progress step=119700 round=10/40 episode=16/30 sample=zero_boundary_034 soc=0.7999 fc=0
progress step=119750 round=10/40 episode=16/30 sample=zero_boundary_034 soc=0.7999 fc=0
progress step=119800 round=10/40 episode=16/30 sample=zero_boundary_034 soc=0.7999 fc=0
progress step=119850 round=10/40 episode=16/30 sample=zero_boundary_034 soc=0.7999 fc=0
progress step=119900 round=10/40 episode=16/30 sample=zero_boundary_034 soc=0.7999 fc=0
progress step=119950 round=10/40 episode=16/30 sample=zero_boundary_034 soc=0.7999 fc=0
progress step=120000 round=10/40 episode=16/30 sample=zero_boundary_034 soc=0.7999 fc=0
progress step=120050 round=10/40 episode=16/30 sample=zero_boundary_034 soc=0.7999 fc=0
progress step=120100 round=10/40 episode=16/30 sample=zero_boundary_034 soc=0.7999 fc=0
progress step=120150 round=10/40 episode=16/30 sample=zero_boundary_034 soc=0.7999 fc=0
progress step=120200 round=10/40 episode=16/30 sample=zero_boundary_034 soc=0.7999 fc=0
progress step=120250 round=10/40 episode=16/30 sample=zero_boundary_034 soc=0.7996 fc=0
progress step=120300 round=10/40 episode=16/30 sample=zero_boundary_034 soc=0.7991 fc=40
progress step=120350 round=10/40 episode=16/30 sample=zero_boundary_034 soc=0.7975 fc=190
progress step=120400 round=10/40 episode=16/30 sample=zero_boundary_034 soc=0.8000 fc=30
progress step=120450 round=10/40 episode=16/30 sample=zero_boundary_034 soc=0.7912 fc=70
progress step=120500 round=10/40 episode=16/30 sample=zero_boundary_034 soc=0.7995 fc=60
progress step=120550 round=10/40 episode=16/30 sample=zero_boundary_034 soc=0.7989 fc=20
progress step=120600 round=10/40 episode=16/30 sample=zero_boundary_034 soc=0.8000 fc=0
progress step=120650 round=10/40 episode=16/30 sample=zero_boundary_034 soc=0.8000 fc=0
progress step=120700 round=10/40 episode=16/30 sample=zero_boundary_034 soc=0.8000 fc=0
progress step=120750 round=10/40 episode=16/30 sample=zero_boundary_034 soc=0.8000 fc=0
progress step=120800 round=10/40 episode=16/30 sample=zero_boundary_034 soc=0.8000 fc=0
progress step=120850 round=10/40 episode=16/30 sample=zero_boundary_034 soc=0.8000 fc=0
progress step=120900 round=10/40 episode=16/30 sample=zero_boundary_034 soc=0.8000 fc=0
progress step=120950 round=10/40 episode=16/30 sample=zero_boundary_034 soc=0.8000 fc=0
progress step=121000 round=10/40 episode=16/30 sample=zero_boundary_034 soc=0.7989 fc=100
progress step=121050 round=10/40 episode=17/30 sample=zero_boundary_037 soc=0.6976 fc=150
progress step=121100 round=10/40 episode=17/30 sample=zero_boundary_037 soc=0.7463 fc=280
progress step=121150 round=10/40 episode=17/30 sample=zero_boundary_037 soc=0.7997 fc=10
progress step=121200 round=10/40 episode=17/30 sample=zero_boundary_037 soc=0.7979 fc=350
progress step=121250 round=10/40 episode=17/30 sample=zero_boundary_037 soc=0.7815 fc=410
progress step=121300 round=10/40 episode=17/30 sample=zero_boundary_037 soc=0.7421 fc=480
progress step=121350 round=10/40 episode=17/30 sample=zero_boundary_037 soc=0.5975 fc=460
progress step=121400 round=10/40 episode=17/30 sample=zero_boundary_037 soc=0.6619 fc=20
progress step=121450 round=10/40 episode=17/30 sample=zero_boundary_037 soc=0.7991 fc=30
progress step=121500 round=10/40 episode=17/30 sample=zero_boundary_037 soc=0.7994 fc=40
progress step=121550 round=10/40 episode=17/30 sample=zero_boundary_037 soc=0.7995 fc=0
progress step=121600 round=10/40 episode=17/30 sample=zero_boundary_037 soc=0.7991 fc=130
progress step=121650 round=10/40 episode=17/30 sample=zero_boundary_037 soc=0.7988 fc=110
progress step=121700 round=10/40 episode=17/30 sample=zero_boundary_037 soc=0.7989 fc=140
progress step=121750 round=10/40 episode=17/30 sample=zero_boundary_037 soc=0.7988 fc=130
progress step=121800 round=10/40 episode=17/30 sample=zero_boundary_037 soc=0.7983 fc=190
progress step=121850 round=10/40 episode=17/30 sample=zero_boundary_037 soc=0.7991 fc=40
progress step=121900 round=10/40 episode=17/30 sample=zero_boundary_037 soc=0.7996 fc=70
progress step=121950 round=10/40 episode=17/30 sample=zero_boundary_037 soc=0.7992 fc=10
progress step=122000 round=10/40 episode=17/30 sample=zero_boundary_037 soc=0.7999 fc=60
progress step=122050 round=10/40 episode=17/30 sample=zero_boundary_037 soc=0.7999 fc=0
progress step=122100 round=10/40 episode=17/30 sample=zero_boundary_037 soc=0.7999 fc=0
progress step=122150 round=10/40 episode=17/30 sample=zero_boundary_037 soc=0.7998 fc=0
progress step=122200 round=10/40 episode=17/30 sample=zero_boundary_037 soc=0.7991 fc=100
progress step=122250 round=10/40 episode=17/30 sample=zero_boundary_037 soc=0.7968 fc=0
progress step=122300 round=10/40 episode=17/30 sample=zero_boundary_037 soc=0.7993 fc=0
progress step=122350 round=10/40 episode=17/30 sample=zero_boundary_037 soc=0.7993 fc=40
progress step=122400 round=10/40 episode=17/30 sample=zero_boundary_037 soc=0.7999 fc=40
progress step=122450 round=10/40 episode=17/30 sample=zero_boundary_037 soc=0.7996 fc=40
progress step=122500 round=10/40 episode=17/30 sample=zero_boundary_037 soc=0.7996 fc=40
progress step=122550 round=10/40 episode=17/30 sample=zero_boundary_037 soc=0.7994 fc=0
progress step=122600 round=10/40 episode=17/30 sample=zero_boundary_037 soc=0.7996 fc=0
progress step=122650 round=10/40 episode=17/30 sample=zero_boundary_037 soc=0.7998 fc=10
progress step=122700 round=10/40 episode=17/30 sample=zero_boundary_037 soc=0.7996 fc=30
progress step=122750 round=10/40 episode=17/30 sample=zero_boundary_037 soc=0.7992 fc=80
progress step=122800 round=10/40 episode=17/30 sample=zero_boundary_037 soc=0.7999 fc=20
progress step=122850 round=10/40 episode=17/30 sample=zero_boundary_037 soc=0.7990 fc=130
progress step=122900 round=10/40 episode=17/30 sample=zero_boundary_037 soc=0.7999 fc=0
progress step=122950 round=10/40 episode=18/30 sample=zero_boundary_038 soc=0.7015 fc=260
progress step=123000 round=10/40 episode=18/30 sample=zero_boundary_038 soc=0.6504 fc=150
progress step=123050 round=10/40 episode=18/30 sample=zero_boundary_038 soc=0.6183 fc=420
progress step=123100 round=10/40 episode=18/30 sample=zero_boundary_038 soc=0.5606 fc=100
progress step=123150 round=10/40 episode=18/30 sample=zero_boundary_038 soc=0.4504 fc=250
progress step=123200 round=10/40 episode=18/30 sample=zero_boundary_038 soc=0.4006 fc=50
progress step=123250 round=10/40 episode=18/30 sample=zero_boundary_038 soc=0.5539 fc=500
progress step=123300 round=10/40 episode=18/30 sample=zero_boundary_038 soc=0.7253 fc=490
progress step=123350 round=10/40 episode=18/30 sample=zero_boundary_038 soc=0.7999 fc=50
progress step=123400 round=10/40 episode=18/30 sample=zero_boundary_038 soc=0.7809 fc=260
progress step=123450 round=10/40 episode=18/30 sample=zero_boundary_038 soc=0.7261 fc=580
progress step=123500 round=10/40 episode=18/30 sample=zero_boundary_038 soc=0.7060 fc=410
progress step=123550 round=10/40 episode=18/30 sample=zero_boundary_038 soc=0.7026 fc=360
progress step=123600 round=10/40 episode=18/30 sample=zero_boundary_038 soc=0.7995 fc=20
progress step=123650 round=10/40 episode=19/30 sample=zero_boundary_040 soc=0.6102 fc=390
progress step=123700 round=10/40 episode=19/30 sample=zero_boundary_040 soc=0.5504 fc=390
progress step=123750 round=10/40 episode=19/30 sample=zero_boundary_040 soc=0.4913 fc=550
progress step=123800 round=10/40 episode=19/30 sample=zero_boundary_040 soc=0.3599 fc=410
progress step=123850 round=10/40 episode=19/30 sample=zero_boundary_040 soc=0.3657 fc=550
progress step=123900 round=10/40 episode=19/30 sample=zero_boundary_040 soc=0.3901 fc=240
progress step=123950 round=10/40 episode=19/30 sample=zero_boundary_040 soc=0.5332 fc=350
progress step=124000 round=10/40 episode=19/30 sample=zero_boundary_040 soc=0.5515 fc=410
progress step=124050 round=10/40 episode=19/30 sample=zero_boundary_040 soc=0.4939 fc=360
progress step=124100 round=10/40 episode=19/30 sample=zero_boundary_040 soc=0.4260 fc=410
progress step=124150 round=10/40 episode=20/30 sample=zero_boundary_041 soc=0.5822 fc=540
progress step=124200 round=10/40 episode=20/30 sample=zero_boundary_041 soc=0.4919 fc=410
progress step=124250 round=10/40 episode=20/30 sample=zero_boundary_041 soc=0.2003 fc=600
progress step=124300 round=10/40 episode=21/30 sample=zero_boundary_042 soc=0.6501 fc=370
progress step=124350 round=10/40 episode=21/30 sample=zero_boundary_042 soc=0.5040 fc=410
progress step=124400 round=10/40 episode=21/30 sample=zero_boundary_042 soc=0.3229 fc=320
progress step=124450 round=10/40 episode=21/30 sample=zero_boundary_042 soc=0.2012 fc=440
progress step=124500 round=10/40 episode=21/30 sample=zero_boundary_042 soc=0.2000 fc=520
progress step=124550 round=10/40 episode=21/30 sample=zero_boundary_042 soc=0.2854 fc=490
progress step=124600 round=10/40 episode=21/30 sample=zero_boundary_042 soc=0.2011 fc=450
progress step=124650 round=10/40 episode=22/30 sample=zero_boundary_044 soc=0.6525 fc=240
progress step=124700 round=10/40 episode=22/30 sample=zero_boundary_044 soc=0.4928 fc=230
progress step=124750 round=10/40 episode=22/30 sample=zero_boundary_044 soc=0.2474 fc=350
progress step=124800 round=10/40 episode=23/30 sample=zero_boundary_045 soc=0.6784 fc=410
progress step=124850 round=10/40 episode=23/30 sample=zero_boundary_045 soc=0.6364 fc=380
progress step=124900 round=10/40 episode=23/30 sample=zero_boundary_045 soc=0.5649 fc=460
progress step=124950 round=10/40 episode=23/30 sample=zero_boundary_045 soc=0.3573 fc=70
progress step=125000 round=10/40 episode=23/30 sample=zero_boundary_045 soc=0.2186 fc=160
progress step=125050 round=10/40 episode=23/30 sample=zero_boundary_045 soc=0.2043 fc=580
progress step=125100 round=10/40 episode=24/30 sample=zero_boundary_046 soc=0.6093 fc=420
progress step=125150 round=10/40 episode=24/30 sample=zero_boundary_046 soc=0.4420 fc=420
progress step=125200 round=10/40 episode=24/30 sample=zero_boundary_046 soc=0.2678 fc=410
progress step=125250 round=10/40 episode=25/30 sample=zero_boundary_048 soc=0.6689 fc=300
progress step=125300 round=10/40 episode=25/30 sample=zero_boundary_048 soc=0.5268 fc=580
progress step=125350 round=10/40 episode=25/30 sample=zero_boundary_048 soc=0.4267 fc=200
progress step=125400 round=10/40 episode=25/30 sample=zero_boundary_048 soc=0.4877 fc=410
progress step=125450 round=10/40 episode=25/30 sample=zero_boundary_048 soc=0.5696 fc=70
progress step=125500 round=10/40 episode=25/30 sample=zero_boundary_048 soc=0.6014 fc=320
progress step=125550 round=10/40 episode=26/30 sample=zero_boundary_049 soc=0.6971 fc=150
progress step=125600 round=10/40 episode=26/30 sample=zero_boundary_049 soc=0.7121 fc=60
progress step=125650 round=10/40 episode=26/30 sample=zero_boundary_049 soc=0.7162 fc=410
progress step=125700 round=10/40 episode=26/30 sample=zero_boundary_049 soc=0.7412 fc=390
progress step=125750 round=10/40 episode=26/30 sample=zero_boundary_049 soc=0.7996 fc=30
progress step=125800 round=10/40 episode=27/30 sample=zero_boundary_050 soc=0.6619 fc=170
progress step=125850 round=10/40 episode=27/30 sample=zero_boundary_050 soc=0.5753 fc=410
progress step=125900 round=10/40 episode=27/30 sample=zero_boundary_050 soc=0.4243 fc=220
progress step=125950 round=10/40 episode=27/30 sample=zero_boundary_050 soc=0.2757 fc=480
progress step=126000 round=10/40 episode=28/30 sample=zero_boundary_051 soc=0.6188 fc=460
progress step=126050 round=10/40 episode=28/30 sample=zero_boundary_051 soc=0.6616 fc=80
progress step=126100 round=10/40 episode=28/30 sample=zero_boundary_051 soc=0.6991 fc=310
progress step=126150 round=10/40 episode=29/30 sample=zero_boundary_052 soc=0.6776 fc=590
progress step=126200 round=10/40 episode=29/30 sample=zero_boundary_052 soc=0.5387 fc=590
progress step=126250 round=10/40 episode=29/30 sample=zero_boundary_052 soc=0.3370 fc=150
progress step=126300 round=10/40 episode=29/30 sample=zero_boundary_052 soc=0.4003 fc=590
progress step=126350 round=10/40 episode=29/30 sample=zero_boundary_052 soc=0.5262 fc=530
progress step=126400 round=10/40 episode=30/30 sample=zero_boundary_053 soc=0.7314 fc=390
progress step=126450 round=10/40 episode=30/30 sample=zero_boundary_053 soc=0.6202 fc=530
progress step=126500 round=10/40 episode=30/30 sample=zero_boundary_053 soc=0.5631 fc=580
progress step=126550 round=10/40 episode=30/30 sample=zero_boundary_053 soc=0.6593 fc=280
progress step=126600 round=10/40 episode=30/30 sample=zero_boundary_053 soc=0.7300 fc=590
round 10/40 exploratory=20/30 greedy_train start
MONITOR round=10 exploratory=20/30 greedy_train=24/30 validation=SKIPPED cost=None updates=3648 best_round=7
round 11/40 start epsilon=0.7564
progress step=126650 round=11/40 episode=1/30 sample=zero_boundary_002 soc=0.7213 fc=420
progress step=126700 round=11/40 episode=1/30 sample=zero_boundary_002 soc=0.5681 fc=180
progress step=126750 round=11/40 episode=1/30 sample=zero_boundary_002 soc=0.2601 fc=420
progress step=126800 round=11/40 episode=1/30 sample=zero_boundary_002 soc=0.4239 fc=420
progress step=126850 round=11/40 episode=1/30 sample=zero_boundary_002 soc=0.3913 fc=20
progress step=126900 round=11/40 episode=1/30 sample=zero_boundary_002 soc=0.5289 fc=120
progress step=126950 round=11/40 episode=2/30 sample=zero_boundary_005 soc=0.6675 fc=240
progress step=127000 round=11/40 episode=2/30 sample=zero_boundary_005 soc=0.6185 fc=210
progress step=127050 round=11/40 episode=2/30 sample=zero_boundary_005 soc=0.6261 fc=430
progress step=127100 round=11/40 episode=2/30 sample=zero_boundary_005 soc=0.5648 fc=110
progress step=127150 round=11/40 episode=2/30 sample=zero_boundary_005 soc=0.4670 fc=70
progress step=127200 round=11/40 episode=2/30 sample=zero_boundary_005 soc=0.5303 fc=190
progress step=127250 round=11/40 episode=3/30 sample=zero_boundary_006 soc=0.7342 fc=590
progress step=127300 round=11/40 episode=3/30 sample=zero_boundary_006 soc=0.7973 fc=200
progress step=127350 round=11/40 episode=3/30 sample=zero_boundary_006 soc=0.8000 fc=70
progress step=127400 round=11/40 episode=3/30 sample=zero_boundary_006 soc=0.7981 fc=10
progress step=127450 round=11/40 episode=3/30 sample=zero_boundary_006 soc=0.7985 fc=210
progress step=127500 round=11/40 episode=3/30 sample=zero_boundary_006 soc=0.8000 fc=20
progress step=127550 round=11/40 episode=3/30 sample=zero_boundary_006 soc=0.7999 fc=0
progress step=127600 round=11/40 episode=4/30 sample=zero_boundary_007 soc=0.6537 fc=120
progress step=127650 round=11/40 episode=4/30 sample=zero_boundary_007 soc=0.5541 fc=330
progress step=127700 round=11/40 episode=4/30 sample=zero_boundary_007 soc=0.5970 fc=240
progress step=127750 round=11/40 episode=4/30 sample=zero_boundary_007 soc=0.6856 fc=120
progress step=127800 round=11/40 episode=4/30 sample=zero_boundary_007 soc=0.6611 fc=80
progress step=127850 round=11/40 episode=5/30 sample=zero_boundary_008 soc=0.6000 fc=180
progress step=127900 round=11/40 episode=5/30 sample=zero_boundary_008 soc=0.4867 fc=400
progress step=127950 round=11/40 episode=6/30 sample=zero_boundary_011 soc=0.6597 fc=400
progress step=128000 round=11/40 episode=6/30 sample=zero_boundary_011 soc=0.7985 fc=10
progress step=128050 round=11/40 episode=6/30 sample=zero_boundary_011 soc=0.7016 fc=250
progress step=128100 round=11/40 episode=6/30 sample=zero_boundary_011 soc=0.5609 fc=580
progress step=128150 round=11/40 episode=6/30 sample=zero_boundary_011 soc=0.4723 fc=300
progress step=128200 round=11/40 episode=6/30 sample=zero_boundary_011 soc=0.3591 fc=400
progress step=128250 round=11/40 episode=6/30 sample=zero_boundary_011 soc=0.4781 fc=70
progress step=128300 round=11/40 episode=6/30 sample=zero_boundary_011 soc=0.6476 fc=110
progress step=128350 round=11/40 episode=6/30 sample=zero_boundary_011 soc=0.8000 fc=30
progress step=128400 round=11/40 episode=6/30 sample=zero_boundary_011 soc=0.8000 fc=20
progress step=128450 round=11/40 episode=6/30 sample=zero_boundary_011 soc=0.7963 fc=210
progress step=128500 round=11/40 episode=6/30 sample=zero_boundary_011 soc=0.7952 fc=380
progress step=128550 round=11/40 episode=6/30 sample=zero_boundary_011 soc=0.7988 fc=310
progress step=128600 round=11/40 episode=6/30 sample=zero_boundary_011 soc=0.7974 fc=340
progress step=128650 round=11/40 episode=6/30 sample=zero_boundary_011 soc=0.7703 fc=370
progress step=128700 round=11/40 episode=7/30 sample=zero_boundary_013 soc=0.6705 fc=560
progress step=128750 round=11/40 episode=7/30 sample=zero_boundary_013 soc=0.7958 fc=150
progress step=128800 round=11/40 episode=7/30 sample=zero_boundary_013 soc=0.7800 fc=270
progress step=128850 round=11/40 episode=7/30 sample=zero_boundary_013 soc=0.7044 fc=560
progress step=128900 round=11/40 episode=7/30 sample=zero_boundary_013 soc=0.7955 fc=320
progress step=128950 round=11/40 episode=7/30 sample=zero_boundary_013 soc=0.7989 fc=270
progress step=129000 round=11/40 episode=7/30 sample=zero_boundary_013 soc=0.7986 fc=90
progress step=129050 round=11/40 episode=8/30 sample=zero_boundary_015 soc=0.6555 fc=410
progress step=129100 round=11/40 episode=8/30 sample=zero_boundary_015 soc=0.6395 fc=530
progress step=129150 round=11/40 episode=8/30 sample=zero_boundary_015 soc=0.4356 fc=410
progress step=129200 round=11/40 episode=9/30 sample=zero_boundary_016 soc=0.7150 fc=410
progress step=129250 round=11/40 episode=9/30 sample=zero_boundary_016 soc=0.7650 fc=80
progress step=129300 round=11/40 episode=9/30 sample=zero_boundary_016 soc=0.5904 fc=200
progress step=129350 round=11/40 episode=9/30 sample=zero_boundary_016 soc=0.3968 fc=410
progress step=129400 round=11/40 episode=10/30 sample=zero_boundary_017 soc=0.6234 fc=510
progress step=129450 round=11/40 episode=10/30 sample=zero_boundary_017 soc=0.4870 fc=540
progress step=129500 round=11/40 episode=10/30 sample=zero_boundary_017 soc=0.2243 fc=140
progress step=129550 round=11/40 episode=11/30 sample=zero_boundary_020 soc=0.6764 fc=380
progress step=129600 round=11/40 episode=11/30 sample=zero_boundary_020 soc=0.6779 fc=30
progress step=129650 round=11/40 episode=12/30 sample=zero_boundary_021 soc=0.6950 fc=410
progress step=129700 round=11/40 episode=12/30 sample=zero_boundary_021 soc=0.7836 fc=430
progress step=129750 round=11/40 episode=12/30 sample=zero_boundary_021 soc=0.7313 fc=410
progress step=129800 round=11/40 episode=12/30 sample=zero_boundary_021 soc=0.6673 fc=110
progress step=129850 round=11/40 episode=12/30 sample=zero_boundary_021 soc=0.6792 fc=120
progress step=129900 round=11/40 episode=13/30 sample=zero_boundary_022 soc=0.6513 fc=60
progress step=129950 round=11/40 episode=13/30 sample=zero_boundary_022 soc=0.6335 fc=220
progress step=130000 round=11/40 episode=13/30 sample=zero_boundary_022 soc=0.7019 fc=420
progress step=130050 round=11/40 episode=14/30 sample=zero_boundary_029 soc=0.6438 fc=600
progress step=130100 round=11/40 episode=14/30 sample=zero_boundary_029 soc=0.7470 fc=260
progress step=130150 round=11/40 episode=14/30 sample=zero_boundary_029 soc=0.7349 fc=40
progress step=130200 round=11/40 episode=14/30 sample=zero_boundary_029 soc=0.7622 fc=270
progress step=130250 round=11/40 episode=14/30 sample=zero_boundary_029 soc=0.7982 fc=180
progress step=130300 round=11/40 episode=14/30 sample=zero_boundary_029 soc=0.7972 fc=0
progress step=130350 round=11/40 episode=14/30 sample=zero_boundary_029 soc=0.7993 fc=30
progress step=130400 round=11/40 episode=14/30 sample=zero_boundary_029 soc=0.7999 fc=0
progress step=130450 round=11/40 episode=14/30 sample=zero_boundary_029 soc=0.7999 fc=0
progress step=130500 round=11/40 episode=14/30 sample=zero_boundary_029 soc=0.7999 fc=0
progress step=130550 round=11/40 episode=14/30 sample=zero_boundary_029 soc=0.7999 fc=0
progress step=130600 round=11/40 episode=14/30 sample=zero_boundary_029 soc=0.7999 fc=0
progress step=130650 round=11/40 episode=14/30 sample=zero_boundary_029 soc=0.7999 fc=0
progress step=130700 round=11/40 episode=14/30 sample=zero_boundary_029 soc=0.7999 fc=0
progress step=130750 round=11/40 episode=14/30 sample=zero_boundary_029 soc=0.7999 fc=0
progress step=130800 round=11/40 episode=14/30 sample=zero_boundary_029 soc=0.7999 fc=0
progress step=130850 round=11/40 episode=14/30 sample=zero_boundary_029 soc=0.7999 fc=0
progress step=130900 round=11/40 episode=14/30 sample=zero_boundary_029 soc=0.7999 fc=0
progress step=130950 round=11/40 episode=14/30 sample=zero_boundary_029 soc=0.7965 fc=420
progress step=131000 round=11/40 episode=14/30 sample=zero_boundary_029 soc=0.7983 fc=310
progress step=131050 round=11/40 episode=14/30 sample=zero_boundary_029 soc=0.7976 fc=350
progress step=131100 round=11/40 episode=14/30 sample=zero_boundary_029 soc=0.7997 fc=30
progress step=131150 round=11/40 episode=15/30 sample=zero_boundary_033 soc=0.7575 fc=300
progress step=131200 round=11/40 episode=15/30 sample=zero_boundary_033 soc=0.7652 fc=170
progress step=131250 round=11/40 episode=15/30 sample=zero_boundary_033 soc=0.7076 fc=400
progress step=131300 round=11/40 episode=15/30 sample=zero_boundary_033 soc=0.6625 fc=360
progress step=131350 round=11/40 episode=15/30 sample=zero_boundary_033 soc=0.7085 fc=400
progress step=131400 round=11/40 episode=15/30 sample=zero_boundary_033 soc=0.5915 fc=400
progress step=131450 round=11/40 episode=15/30 sample=zero_boundary_033 soc=0.6489 fc=350
progress step=131500 round=11/40 episode=15/30 sample=zero_boundary_033 soc=0.8000 fc=0
progress step=131550 round=11/40 episode=15/30 sample=zero_boundary_033 soc=0.8000 fc=0
progress step=131600 round=11/40 episode=15/30 sample=zero_boundary_033 soc=0.8000 fc=0
progress step=131650 round=11/40 episode=15/30 sample=zero_boundary_033 soc=0.7999 fc=0
progress step=131700 round=11/40 episode=15/30 sample=zero_boundary_033 soc=0.7999 fc=0
progress step=131750 round=11/40 episode=15/30 sample=zero_boundary_033 soc=0.7999 fc=0
progress step=131800 round=11/40 episode=15/30 sample=zero_boundary_033 soc=0.7999 fc=0
progress step=131850 round=11/40 episode=15/30 sample=zero_boundary_033 soc=0.7998 fc=0
progress step=131900 round=11/40 episode=15/30 sample=zero_boundary_033 soc=0.7994 fc=70
progress step=131950 round=11/40 episode=15/30 sample=zero_boundary_033 soc=0.7997 fc=50
progress step=132000 round=11/40 episode=15/30 sample=zero_boundary_033 soc=0.7992 fc=0
progress step=132050 round=11/40 episode=15/30 sample=zero_boundary_033 soc=0.8000 fc=0
progress step=132100 round=11/40 episode=16/30 sample=zero_boundary_034 soc=0.6989 fc=220
progress step=132150 round=11/40 episode=16/30 sample=zero_boundary_034 soc=0.7999 fc=0
progress step=132200 round=11/40 episode=16/30 sample=zero_boundary_034 soc=0.7999 fc=0
progress step=132250 round=11/40 episode=16/30 sample=zero_boundary_034 soc=0.7999 fc=0
progress step=132300 round=11/40 episode=16/30 sample=zero_boundary_034 soc=0.7999 fc=0
progress step=132350 round=11/40 episode=16/30 sample=zero_boundary_034 soc=0.7999 fc=0
progress step=132400 round=11/40 episode=16/30 sample=zero_boundary_034 soc=0.7999 fc=0
progress step=132450 round=11/40 episode=16/30 sample=zero_boundary_034 soc=0.7999 fc=0
progress step=132500 round=11/40 episode=16/30 sample=zero_boundary_034 soc=0.7999 fc=0
progress step=132550 round=11/40 episode=16/30 sample=zero_boundary_034 soc=0.7999 fc=0
progress step=132600 round=11/40 episode=16/30 sample=zero_boundary_034 soc=0.7999 fc=0
progress step=132650 round=11/40 episode=16/30 sample=zero_boundary_034 soc=0.7999 fc=0
progress step=132700 round=11/40 episode=16/30 sample=zero_boundary_034 soc=0.7999 fc=0
progress step=132750 round=11/40 episode=16/30 sample=zero_boundary_034 soc=0.7999 fc=0
progress step=132800 round=11/40 episode=16/30 sample=zero_boundary_034 soc=0.7999 fc=0
progress step=132850 round=11/40 episode=16/30 sample=zero_boundary_034 soc=0.7999 fc=0
progress step=132900 round=11/40 episode=16/30 sample=zero_boundary_034 soc=0.7999 fc=0
progress step=132950 round=11/40 episode=16/30 sample=zero_boundary_034 soc=0.7982 fc=10
progress step=133000 round=11/40 episode=16/30 sample=zero_boundary_034 soc=0.8000 fc=30
progress step=133050 round=11/40 episode=16/30 sample=zero_boundary_034 soc=0.7999 fc=180
progress step=133100 round=11/40 episode=16/30 sample=zero_boundary_034 soc=0.7904 fc=80
progress step=133150 round=11/40 episode=16/30 sample=zero_boundary_034 soc=0.7941 fc=480
progress step=133200 round=11/40 episode=16/30 sample=zero_boundary_034 soc=0.7999 fc=0
progress step=133250 round=11/40 episode=16/30 sample=zero_boundary_034 soc=0.7998 fc=0
progress step=133300 round=11/40 episode=16/30 sample=zero_boundary_034 soc=0.8000 fc=0
progress step=133350 round=11/40 episode=16/30 sample=zero_boundary_034 soc=0.8000 fc=0
progress step=133400 round=11/40 episode=16/30 sample=zero_boundary_034 soc=0.8000 fc=0
progress step=133450 round=11/40 episode=16/30 sample=zero_boundary_034 soc=0.8000 fc=0
progress step=133500 round=11/40 episode=16/30 sample=zero_boundary_034 soc=0.8000 fc=0
progress step=133550 round=11/40 episode=16/30 sample=zero_boundary_034 soc=0.8000 fc=0
progress step=133600 round=11/40 episode=16/30 sample=zero_boundary_034 soc=0.8000 fc=0
progress step=133650 round=11/40 episode=16/30 sample=zero_boundary_034 soc=0.8000 fc=0
progress step=133700 round=11/40 episode=16/30 sample=zero_boundary_034 soc=0.7991 fc=90
progress step=133750 round=11/40 episode=17/30 sample=zero_boundary_037 soc=0.6820 fc=160
progress step=133800 round=11/40 episode=17/30 sample=zero_boundary_037 soc=0.7311 fc=550
progress step=133850 round=11/40 episode=17/30 sample=zero_boundary_037 soc=0.7805 fc=590
progress step=133900 round=11/40 episode=17/30 sample=zero_boundary_037 soc=0.7994 fc=130
progress step=133950 round=11/40 episode=17/30 sample=zero_boundary_037 soc=0.7683 fc=250
progress step=134000 round=11/40 episode=17/30 sample=zero_boundary_037 soc=0.7304 fc=310
progress step=134050 round=11/40 episode=17/30 sample=zero_boundary_037 soc=0.5927 fc=30
progress step=134100 round=11/40 episode=17/30 sample=zero_boundary_037 soc=0.6677 fc=130
progress step=134150 round=11/40 episode=17/30 sample=zero_boundary_037 soc=0.7977 fc=180
progress step=134200 round=11/40 episode=17/30 sample=zero_boundary_037 soc=0.7989 fc=50
progress step=134250 round=11/40 episode=17/30 sample=zero_boundary_037 soc=0.7999 fc=20
progress step=134300 round=11/40 episode=17/30 sample=zero_boundary_037 soc=0.7992 fc=30
progress step=134350 round=11/40 episode=17/30 sample=zero_boundary_037 soc=0.7987 fc=140
progress step=134400 round=11/40 episode=17/30 sample=zero_boundary_037 soc=0.7998 fc=0
progress step=134450 round=11/40 episode=17/30 sample=zero_boundary_037 soc=0.7993 fc=100
progress step=134500 round=11/40 episode=17/30 sample=zero_boundary_037 soc=0.7985 fc=60
progress step=134550 round=11/40 episode=17/30 sample=zero_boundary_037 soc=0.7990 fc=70
progress step=134600 round=11/40 episode=17/30 sample=zero_boundary_037 soc=0.7989 fc=160
progress step=134650 round=11/40 episode=17/30 sample=zero_boundary_037 soc=0.7981 fc=80
progress step=134700 round=11/40 episode=17/30 sample=zero_boundary_037 soc=0.7997 fc=40
progress step=134750 round=11/40 episode=17/30 sample=zero_boundary_037 soc=0.8000 fc=0
progress step=134800 round=11/40 episode=17/30 sample=zero_boundary_037 soc=0.8000 fc=0
progress step=134850 round=11/40 episode=17/30 sample=zero_boundary_037 soc=0.7999 fc=20
progress step=134900 round=11/40 episode=17/30 sample=zero_boundary_037 soc=0.7992 fc=100
progress step=134950 round=11/40 episode=17/30 sample=zero_boundary_037 soc=0.7989 fc=200
progress step=135000 round=11/40 episode=17/30 sample=zero_boundary_037 soc=0.7990 fc=0
progress step=135050 round=11/40 episode=17/30 sample=zero_boundary_037 soc=0.7997 fc=80
progress step=135100 round=11/40 episode=17/30 sample=zero_boundary_037 soc=0.7987 fc=20
progress step=135150 round=11/40 episode=17/30 sample=zero_boundary_037 soc=0.7999 fc=40
progress step=135200 round=11/40 episode=17/30 sample=zero_boundary_037 soc=0.7991 fc=0
progress step=135250 round=11/40 episode=17/30 sample=zero_boundary_037 soc=0.7995 fc=10
progress step=135300 round=11/40 episode=17/30 sample=zero_boundary_037 soc=0.8000 fc=30
progress step=135350 round=11/40 episode=17/30 sample=zero_boundary_037 soc=0.7997 fc=0
progress step=135400 round=11/40 episode=17/30 sample=zero_boundary_037 soc=0.7986 fc=70
progress step=135450 round=11/40 episode=17/30 sample=zero_boundary_037 soc=0.7999 fc=0
progress step=135500 round=11/40 episode=17/30 sample=zero_boundary_037 soc=0.7975 fc=180
progress step=135550 round=11/40 episode=17/30 sample=zero_boundary_037 soc=0.7997 fc=0
progress step=135600 round=11/40 episode=17/30 sample=zero_boundary_037 soc=0.7995 fc=20
progress step=135650 round=11/40 episode=18/30 sample=zero_boundary_038 soc=0.6897 fc=220
progress step=135700 round=11/40 episode=18/30 sample=zero_boundary_038 soc=0.6645 fc=270
progress step=135750 round=11/40 episode=18/30 sample=zero_boundary_038 soc=0.6461 fc=420
progress step=135800 round=11/40 episode=18/30 sample=zero_boundary_038 soc=0.5760 fc=130
progress step=135850 round=11/40 episode=18/30 sample=zero_boundary_038 soc=0.4553 fc=210
progress step=135900 round=11/40 episode=18/30 sample=zero_boundary_038 soc=0.4091 fc=420
progress step=135950 round=11/40 episode=18/30 sample=zero_boundary_038 soc=0.5681 fc=70
progress step=136000 round=11/40 episode=18/30 sample=zero_boundary_038 soc=0.7575 fc=360
progress step=136050 round=11/40 episode=18/30 sample=zero_boundary_038 soc=0.7998 fc=0
progress step=136100 round=11/40 episode=18/30 sample=zero_boundary_038 soc=0.7728 fc=420
progress step=136150 round=11/40 episode=18/30 sample=zero_boundary_038 soc=0.7481 fc=130
progress step=136200 round=11/40 episode=18/30 sample=zero_boundary_038 soc=0.7226 fc=10
progress step=136250 round=11/40 episode=18/30 sample=zero_boundary_038 soc=0.6808 fc=440
progress step=136300 round=11/40 episode=18/30 sample=zero_boundary_038 soc=0.7773 fc=110
progress step=136350 round=11/40 episode=19/30 sample=zero_boundary_040 soc=0.6227 fc=420
progress step=136400 round=11/40 episode=19/30 sample=zero_boundary_040 soc=0.5721 fc=290
progress step=136450 round=11/40 episode=19/30 sample=zero_boundary_040 soc=0.5124 fc=350
progress step=136500 round=11/40 episode=19/30 sample=zero_boundary_040 soc=0.4264 fc=490
progress step=136550 round=11/40 episode=19/30 sample=zero_boundary_040 soc=0.4424 fc=420
progress step=136600 round=11/40 episode=19/30 sample=zero_boundary_040 soc=0.4769 fc=520
progress step=136650 round=11/40 episode=19/30 sample=zero_boundary_040 soc=0.6505 fc=590
progress step=136700 round=11/40 episode=19/30 sample=zero_boundary_040 soc=0.6197 fc=100
progress step=136750 round=11/40 episode=19/30 sample=zero_boundary_040 soc=0.5449 fc=450
progress step=136800 round=11/40 episode=19/30 sample=zero_boundary_040 soc=0.4963 fc=390
progress step=136850 round=11/40 episode=20/30 sample=zero_boundary_041 soc=0.5991 fc=330
progress step=136900 round=11/40 episode=20/30 sample=zero_boundary_041 soc=0.5075 fc=380
progress step=136950 round=11/40 episode=20/30 sample=zero_boundary_041 soc=0.2417 fc=400
progress step=137000 round=11/40 episode=21/30 sample=zero_boundary_042 soc=0.7169 fc=430
progress step=137050 round=11/40 episode=21/30 sample=zero_boundary_042 soc=0.6077 fc=160
progress step=137100 round=11/40 episode=21/30 sample=zero_boundary_042 soc=0.4339 fc=240
progress step=137150 round=11/40 episode=21/30 sample=zero_boundary_042 soc=0.2371 fc=420
progress step=137200 round=11/40 episode=21/30 sample=zero_boundary_042 soc=0.2013 fc=530
progress step=137250 round=11/40 episode=21/30 sample=zero_boundary_042 soc=0.3463 fc=330
progress step=137300 round=11/40 episode=21/30 sample=zero_boundary_042 soc=0.2003 fc=600
progress step=137350 round=11/40 episode=22/30 sample=zero_boundary_044 soc=0.6702 fc=490
progress step=137400 round=11/40 episode=22/30 sample=zero_boundary_044 soc=0.5480 fc=60
progress step=137450 round=11/40 episode=22/30 sample=zero_boundary_044 soc=0.3179 fc=420
progress step=137500 round=11/40 episode=23/30 sample=zero_boundary_045 soc=0.7000 fc=100
progress step=137550 round=11/40 episode=23/30 sample=zero_boundary_045 soc=0.6502 fc=340
progress step=137600 round=11/40 episode=23/30 sample=zero_boundary_045 soc=0.5677 fc=490
progress step=137650 round=11/40 episode=23/30 sample=zero_boundary_045 soc=0.3584 fc=130
progress step=137700 round=11/40 episode=24/30 sample=zero_boundary_046 soc=0.6140 fc=230
progress step=137750 round=11/40 episode=24/30 sample=zero_boundary_046 soc=0.5145 fc=420
progress step=137800 round=11/40 episode=24/30 sample=zero_boundary_046 soc=0.3586 fc=420
progress step=137850 round=11/40 episode=25/30 sample=zero_boundary_048 soc=0.6582 fc=440
progress step=137900 round=11/40 episode=25/30 sample=zero_boundary_048 soc=0.5413 fc=130
progress step=137950 round=11/40 episode=25/30 sample=zero_boundary_048 soc=0.4325 fc=420
progress step=138000 round=11/40 episode=25/30 sample=zero_boundary_048 soc=0.4253 fc=310
progress step=138050 round=11/40 episode=25/30 sample=zero_boundary_048 soc=0.5315 fc=150
progress step=138100 round=11/40 episode=25/30 sample=zero_boundary_048 soc=0.5682 fc=550
progress step=138150 round=11/40 episode=26/30 sample=zero_boundary_049 soc=0.6950 fc=120
progress step=138200 round=11/40 episode=26/30 sample=zero_boundary_049 soc=0.7057 fc=420
progress step=138250 round=11/40 episode=26/30 sample=zero_boundary_049 soc=0.7210 fc=420
progress step=138300 round=11/40 episode=26/30 sample=zero_boundary_049 soc=0.7497 fc=190
progress step=138350 round=11/40 episode=26/30 sample=zero_boundary_049 soc=0.7993 fc=60
progress step=138400 round=11/40 episode=27/30 sample=zero_boundary_050 soc=0.6549 fc=150
progress step=138450 round=11/40 episode=27/30 sample=zero_boundary_050 soc=0.6260 fc=120
progress step=138500 round=11/40 episode=27/30 sample=zero_boundary_050 soc=0.4933 fc=50
progress step=138550 round=11/40 episode=27/30 sample=zero_boundary_050 soc=0.3873 fc=420
progress step=138600 round=11/40 episode=27/30 sample=zero_boundary_050 soc=0.2138 fc=420
progress step=138650 round=11/40 episode=28/30 sample=zero_boundary_051 soc=0.6565 fc=420
progress step=138700 round=11/40 episode=28/30 sample=zero_boundary_051 soc=0.6669 fc=60
progress step=138750 round=11/40 episode=29/30 sample=zero_boundary_052 soc=0.6129 fc=420
progress step=138800 round=11/40 episode=29/30 sample=zero_boundary_052 soc=0.6363 fc=370
progress step=138850 round=11/40 episode=29/30 sample=zero_boundary_052 soc=0.3962 fc=590
progress step=138900 round=11/40 episode=29/30 sample=zero_boundary_052 soc=0.3254 fc=430
progress step=138950 round=11/40 episode=29/30 sample=zero_boundary_052 soc=0.4278 fc=140
progress step=139000 round=11/40 episode=30/30 sample=zero_boundary_053 soc=0.6638 fc=420
progress step=139050 round=11/40 episode=30/30 sample=zero_boundary_053 soc=0.7092 fc=600
progress step=139100 round=11/40 episode=30/30 sample=zero_boundary_053 soc=0.6198 fc=20
progress step=139150 round=11/40 episode=30/30 sample=zero_boundary_053 soc=0.6736 fc=480
progress step=139200 round=11/40 episode=30/30 sample=zero_boundary_053 soc=0.7224 fc=420
round 11/40 exploratory=20/30 greedy_train start
MONITOR round=11 exploratory=20/30 greedy_train=24/30 validation=SKIPPED cost=None updates=3968 best_round=7
round 12/40 start epsilon=0.7321
progress step=139250 round=12/40 episode=1/30 sample=zero_boundary_002 soc=0.6516 fc=570
progress step=139300 round=12/40 episode=1/30 sample=zero_boundary_002 soc=0.7170 fc=560
progress step=139350 round=12/40 episode=1/30 sample=zero_boundary_002 soc=0.3676 fc=420
progress step=139400 round=12/40 episode=1/30 sample=zero_boundary_002 soc=0.4581 fc=420
progress step=139450 round=12/40 episode=1/30 sample=zero_boundary_002 soc=0.3684 fc=590
progress step=139500 round=12/40 episode=1/30 sample=zero_boundary_002 soc=0.4499 fc=460
progress step=139550 round=12/40 episode=2/30 sample=zero_boundary_005 soc=0.6575 fc=150
progress step=139600 round=12/40 episode=2/30 sample=zero_boundary_005 soc=0.7097 fc=420
progress step=139650 round=12/40 episode=2/30 sample=zero_boundary_005 soc=0.5954 fc=420
progress step=139700 round=12/40 episode=2/30 sample=zero_boundary_005 soc=0.5725 fc=10
progress step=139750 round=12/40 episode=2/30 sample=zero_boundary_005 soc=0.4946 fc=150
progress step=139800 round=12/40 episode=2/30 sample=zero_boundary_005 soc=0.4926 fc=340
progress step=139850 round=12/40 episode=3/30 sample=zero_boundary_006 soc=0.6523 fc=490
progress step=139900 round=12/40 episode=3/30 sample=zero_boundary_006 soc=0.7732 fc=350
progress step=139950 round=12/40 episode=3/30 sample=zero_boundary_006 soc=0.7989 fc=140
progress step=140000 round=12/40 episode=3/30 sample=zero_boundary_006 soc=0.7988 fc=40
progress step=140050 round=12/40 episode=3/30 sample=zero_boundary_006 soc=0.7990 fc=250
progress step=140100 round=12/40 episode=3/30 sample=zero_boundary_006 soc=0.8000 fc=80
progress step=140150 round=12/40 episode=3/30 sample=zero_boundary_006 soc=0.7981 fc=100
progress step=140200 round=12/40 episode=4/30 sample=zero_boundary_007 soc=0.6500 fc=530
progress step=140250 round=12/40 episode=4/30 sample=zero_boundary_007 soc=0.6072 fc=400
progress step=140300 round=12/40 episode=4/30 sample=zero_boundary_007 soc=0.6165 fc=330
progress step=140350 round=12/40 episode=4/30 sample=zero_boundary_007 soc=0.6770 fc=280
progress step=140400 round=12/40 episode=4/30 sample=zero_boundary_007 soc=0.6409 fc=400
progress step=140450 round=12/40 episode=4/30 sample=zero_boundary_007 soc=0.6317 fc=400
progress step=140500 round=12/40 episode=5/30 sample=zero_boundary_008 soc=0.6690 fc=400
progress step=140550 round=12/40 episode=5/30 sample=zero_boundary_008 soc=0.2780 fc=300
progress step=140600 round=12/40 episode=6/30 sample=zero_boundary_011 soc=0.7657 fc=200
progress step=140650 round=12/40 episode=6/30 sample=zero_boundary_011 soc=0.7350 fc=260
progress step=140700 round=12/40 episode=6/30 sample=zero_boundary_011 soc=0.6112 fc=200
progress step=140750 round=12/40 episode=6/30 sample=zero_boundary_011 soc=0.4708 fc=360
progress step=140800 round=12/40 episode=6/30 sample=zero_boundary_011 soc=0.3393 fc=400
progress step=140850 round=12/40 episode=6/30 sample=zero_boundary_011 soc=0.2559 fc=240
progress step=140900 round=12/40 episode=6/30 sample=zero_boundary_011 soc=0.5156 fc=520
progress step=140950 round=12/40 episode=6/30 sample=zero_boundary_011 soc=0.7059 fc=50
progress step=141000 round=12/40 episode=6/30 sample=zero_boundary_011 soc=0.7997 fc=0
progress step=141050 round=12/40 episode=6/30 sample=zero_boundary_011 soc=0.7974 fc=370
progress step=141100 round=12/40 episode=6/30 sample=zero_boundary_011 soc=0.7931 fc=520
progress step=141150 round=12/40 episode=6/30 sample=zero_boundary_011 soc=0.7992 fc=160
progress step=141200 round=12/40 episode=6/30 sample=zero_boundary_011 soc=0.7984 fc=200
progress step=141250 round=12/40 episode=6/30 sample=zero_boundary_011 soc=0.7867 fc=400
progress step=141300 round=12/40 episode=6/30 sample=zero_boundary_011 soc=0.8000 fc=20
progress step=141350 round=12/40 episode=7/30 sample=zero_boundary_013 soc=0.7980 fc=240
progress step=141400 round=12/40 episode=7/30 sample=zero_boundary_013 soc=0.7968 fc=100
progress step=141450 round=12/40 episode=7/30 sample=zero_boundary_013 soc=0.7597 fc=580
progress step=141500 round=12/40 episode=7/30 sample=zero_boundary_013 soc=0.7310 fc=110
progress step=141550 round=12/40 episode=7/30 sample=zero_boundary_013 soc=0.7861 fc=40
progress step=141600 round=12/40 episode=7/30 sample=zero_boundary_013 soc=0.7962 fc=400
progress step=141650 round=12/40 episode=8/30 sample=zero_boundary_015 soc=0.6215 fc=400
progress step=141700 round=12/40 episode=8/30 sample=zero_boundary_015 soc=0.6777 fc=570
progress step=141750 round=12/40 episode=8/30 sample=zero_boundary_015 soc=0.6914 fc=20
progress step=141800 round=12/40 episode=9/30 sample=zero_boundary_016 soc=0.6253 fc=420
progress step=141850 round=12/40 episode=9/30 sample=zero_boundary_016 soc=0.7833 fc=280
progress step=141900 round=12/40 episode=9/30 sample=zero_boundary_016 soc=0.7131 fc=220
progress step=141950 round=12/40 episode=9/30 sample=zero_boundary_016 soc=0.5178 fc=400
progress step=142000 round=12/40 episode=9/30 sample=zero_boundary_016 soc=0.2986 fc=390
progress step=142050 round=12/40 episode=10/30 sample=zero_boundary_017 soc=0.6198 fc=490
progress step=142100 round=12/40 episode=10/30 sample=zero_boundary_017 soc=0.3883 fc=400
progress step=142150 round=12/40 episode=11/30 sample=zero_boundary_020 soc=0.6348 fc=80
progress step=142200 round=12/40 episode=11/30 sample=zero_boundary_020 soc=0.6916 fc=330
progress step=142250 round=12/40 episode=11/30 sample=zero_boundary_020 soc=0.7484 fc=540
progress step=142300 round=12/40 episode=12/30 sample=zero_boundary_021 soc=0.7466 fc=310
progress step=142350 round=12/40 episode=12/30 sample=zero_boundary_021 soc=0.7882 fc=370
progress step=142400 round=12/40 episode=12/30 sample=zero_boundary_021 soc=0.6818 fc=370
progress step=142450 round=12/40 episode=12/30 sample=zero_boundary_021 soc=0.5997 fc=410
progress step=142500 round=12/40 episode=13/30 sample=zero_boundary_022 soc=0.6293 fc=280
progress step=142550 round=12/40 episode=13/30 sample=zero_boundary_022 soc=0.6601 fc=380
progress step=142600 round=12/40 episode=13/30 sample=zero_boundary_022 soc=0.6423 fc=380
progress step=142650 round=12/40 episode=13/30 sample=zero_boundary_022 soc=0.7202 fc=380
progress step=142700 round=12/40 episode=14/30 sample=zero_boundary_029 soc=0.6941 fc=310
progress step=142750 round=12/40 episode=14/30 sample=zero_boundary_029 soc=0.7397 fc=380
progress step=142800 round=12/40 episode=14/30 sample=zero_boundary_029 soc=0.7108 fc=380
progress step=142850 round=12/40 episode=14/30 sample=zero_boundary_029 soc=0.6936 fc=380
progress step=142900 round=12/40 episode=14/30 sample=zero_boundary_029 soc=0.7876 fc=230
progress step=142950 round=12/40 episode=14/30 sample=zero_boundary_029 soc=0.7983 fc=190
progress step=143000 round=12/40 episode=14/30 sample=zero_boundary_029 soc=0.7994 fc=220
progress step=143050 round=12/40 episode=14/30 sample=zero_boundary_029 soc=0.7999 fc=0
progress step=143100 round=12/40 episode=14/30 sample=zero_boundary_029 soc=0.7999 fc=0
progress step=143150 round=12/40 episode=14/30 sample=zero_boundary_029 soc=0.7999 fc=0
progress step=143200 round=12/40 episode=14/30 sample=zero_boundary_029 soc=0.7999 fc=0
progress step=143250 round=12/40 episode=14/30 sample=zero_boundary_029 soc=0.7999 fc=0
progress step=143300 round=12/40 episode=14/30 sample=zero_boundary_029 soc=0.7999 fc=0
progress step=143350 round=12/40 episode=14/30 sample=zero_boundary_029 soc=0.7999 fc=0
progress step=143400 round=12/40 episode=14/30 sample=zero_boundary_029 soc=0.7999 fc=0
progress step=143450 round=12/40 episode=14/30 sample=zero_boundary_029 soc=0.7999 fc=0
progress step=143500 round=12/40 episode=14/30 sample=zero_boundary_029 soc=0.7999 fc=0
progress step=143550 round=12/40 episode=14/30 sample=zero_boundary_029 soc=0.7999 fc=0
progress step=143600 round=12/40 episode=14/30 sample=zero_boundary_029 soc=0.7972 fc=380
progress step=143650 round=12/40 episode=14/30 sample=zero_boundary_029 soc=0.7987 fc=200
progress step=143700 round=12/40 episode=14/30 sample=zero_boundary_029 soc=0.7932 fc=280
progress step=143750 round=12/40 episode=15/30 sample=zero_boundary_033 soc=0.6259 fc=190
progress step=143800 round=12/40 episode=15/30 sample=zero_boundary_033 soc=0.7220 fc=170
progress step=143850 round=12/40 episode=15/30 sample=zero_boundary_033 soc=0.6888 fc=400
progress step=143900 round=12/40 episode=15/30 sample=zero_boundary_033 soc=0.6968 fc=130
progress step=143950 round=12/40 episode=15/30 sample=zero_boundary_033 soc=0.6241 fc=50
progress step=144000 round=12/40 episode=15/30 sample=zero_boundary_033 soc=0.6385 fc=380
progress step=144050 round=12/40 episode=15/30 sample=zero_boundary_033 soc=0.4839 fc=380
progress step=144100 round=12/40 episode=15/30 sample=zero_boundary_033 soc=0.6253 fc=280
progress step=144150 round=12/40 episode=15/30 sample=zero_boundary_033 soc=0.8000 fc=0
progress step=144200 round=12/40 episode=15/30 sample=zero_boundary_033 soc=0.8000 fc=0
progress step=144250 round=12/40 episode=15/30 sample=zero_boundary_033 soc=0.8000 fc=0
progress step=144300 round=12/40 episode=15/30 sample=zero_boundary_033 soc=0.7999 fc=0
progress step=144350 round=12/40 episode=15/30 sample=zero_boundary_033 soc=0.7999 fc=0
progress step=144400 round=12/40 episode=15/30 sample=zero_boundary_033 soc=0.7999 fc=0
progress step=144450 round=12/40 episode=15/30 sample=zero_boundary_033 soc=0.7999 fc=0
progress step=144500 round=12/40 episode=15/30 sample=zero_boundary_033 soc=0.8000 fc=20
progress step=144550 round=12/40 episode=15/30 sample=zero_boundary_033 soc=0.7996 fc=40
progress step=144600 round=12/40 episode=15/30 sample=zero_boundary_033 soc=0.7998 fc=30
progress step=144650 round=12/40 episode=15/30 sample=zero_boundary_033 soc=0.7988 fc=40
progress step=144700 round=12/40 episode=15/30 sample=zero_boundary_033 soc=0.8000 fc=20
progress step=144750 round=12/40 episode=16/30 sample=zero_boundary_034 soc=0.7704 fc=380
progress step=144800 round=12/40 episode=16/30 sample=zero_boundary_034 soc=0.7999 fc=0
progress step=144850 round=12/40 episode=16/30 sample=zero_boundary_034 soc=0.7999 fc=0
progress step=144900 round=12/40 episode=16/30 sample=zero_boundary_034 soc=0.7999 fc=0
progress step=144950 round=12/40 episode=16/30 sample=zero_boundary_034 soc=0.7999 fc=0
progress step=145000 round=12/40 episode=16/30 sample=zero_boundary_034 soc=0.7999 fc=0
progress step=145050 round=12/40 episode=16/30 sample=zero_boundary_034 soc=0.7999 fc=0
progress step=145100 round=12/40 episode=16/30 sample=zero_boundary_034 soc=0.7999 fc=0
progress step=145150 round=12/40 episode=16/30 sample=zero_boundary_034 soc=0.7999 fc=0
progress step=145200 round=12/40 episode=16/30 sample=zero_boundary_034 soc=0.7999 fc=0
progress step=145250 round=12/40 episode=16/30 sample=zero_boundary_034 soc=0.7999 fc=0
progress step=145300 round=12/40 episode=16/30 sample=zero_boundary_034 soc=0.7999 fc=0
progress step=145350 round=12/40 episode=16/30 sample=zero_boundary_034 soc=0.7999 fc=0
progress step=145400 round=12/40 episode=16/30 sample=zero_boundary_034 soc=0.7999 fc=0
progress step=145450 round=12/40 episode=16/30 sample=zero_boundary_034 soc=0.7999 fc=0
progress step=145500 round=12/40 episode=16/30 sample=zero_boundary_034 soc=0.7999 fc=0
progress step=145550 round=12/40 episode=16/30 sample=zero_boundary_034 soc=0.7999 fc=0
progress step=145600 round=12/40 episode=16/30 sample=zero_boundary_034 soc=0.7991 fc=130
progress step=145650 round=12/40 episode=16/30 sample=zero_boundary_034 soc=0.7997 fc=40
progress step=145700 round=12/40 episode=16/30 sample=zero_boundary_034 soc=0.7990 fc=230
progress step=145750 round=12/40 episode=16/30 sample=zero_boundary_034 soc=0.7996 fc=70
progress step=145800 round=12/40 episode=16/30 sample=zero_boundary_034 soc=0.7983 fc=0
progress step=145850 round=12/40 episode=16/30 sample=zero_boundary_034 soc=0.7997 fc=30
progress step=145900 round=12/40 episode=16/30 sample=zero_boundary_034 soc=0.8000 fc=0
progress step=145950 round=12/40 episode=16/30 sample=zero_boundary_034 soc=0.8000 fc=0
progress step=146000 round=12/40 episode=16/30 sample=zero_boundary_034 soc=0.8000 fc=0
progress step=146050 round=12/40 episode=16/30 sample=zero_boundary_034 soc=0.8000 fc=0
progress step=146100 round=12/40 episode=16/30 sample=zero_boundary_034 soc=0.8000 fc=0
progress step=146150 round=12/40 episode=16/30 sample=zero_boundary_034 soc=0.8000 fc=0
progress step=146200 round=12/40 episode=16/30 sample=zero_boundary_034 soc=0.8000 fc=0
progress step=146250 round=12/40 episode=16/30 sample=zero_boundary_034 soc=0.8000 fc=0
progress step=146300 round=12/40 episode=16/30 sample=zero_boundary_034 soc=0.8000 fc=0
progress step=146350 round=12/40 episode=16/30 sample=zero_boundary_034 soc=0.7996 fc=20
progress step=146400 round=12/40 episode=17/30 sample=zero_boundary_037 soc=0.7029 fc=380
progress step=146450 round=12/40 episode=17/30 sample=zero_boundary_037 soc=0.7473 fc=20
progress step=146500 round=12/40 episode=17/30 sample=zero_boundary_037 soc=0.7987 fc=320
progress step=146550 round=12/40 episode=17/30 sample=zero_boundary_037 soc=0.7959 fc=340
progress step=146600 round=12/40 episode=17/30 sample=zero_boundary_037 soc=0.7834 fc=270
progress step=146650 round=12/40 episode=17/30 sample=zero_boundary_037 soc=0.6995 fc=380
progress step=146700 round=12/40 episode=17/30 sample=zero_boundary_037 soc=0.5711 fc=440
progress step=146750 round=12/40 episode=17/30 sample=zero_boundary_037 soc=0.7320 fc=280
progress step=146800 round=12/40 episode=17/30 sample=zero_boundary_037 soc=0.7997 fc=0
progress step=146850 round=12/40 episode=17/30 sample=zero_boundary_037 soc=0.7990 fc=130
progress step=146900 round=12/40 episode=17/30 sample=zero_boundary_037 soc=0.7994 fc=110
progress step=146950 round=12/40 episode=17/30 sample=zero_boundary_037 soc=0.7998 fc=20
progress step=147000 round=12/40 episode=17/30 sample=zero_boundary_037 soc=0.7984 fc=120
progress step=147050 round=12/40 episode=17/30 sample=zero_boundary_037 soc=0.7994 fc=90
progress step=147100 round=12/40 episode=17/30 sample=zero_boundary_037 soc=0.8000 fc=0
progress step=147150 round=12/40 episode=17/30 sample=zero_boundary_037 soc=0.7999 fc=40
progress step=147200 round=12/40 episode=17/30 sample=zero_boundary_037 soc=0.7995 fc=50
progress step=147250 round=12/40 episode=17/30 sample=zero_boundary_037 soc=0.7989 fc=30
progress step=147300 round=12/40 episode=17/30 sample=zero_boundary_037 soc=0.7986 fc=50
progress step=147350 round=12/40 episode=17/30 sample=zero_boundary_037 soc=0.7997 fc=10
progress step=147400 round=12/40 episode=17/30 sample=zero_boundary_037 soc=0.8000 fc=0
progress step=147450 round=12/40 episode=17/30 sample=zero_boundary_037 soc=0.8000 fc=0
progress step=147500 round=12/40 episode=17/30 sample=zero_boundary_037 soc=0.7989 fc=110
progress step=147550 round=12/40 episode=17/30 sample=zero_boundary_037 soc=0.7999 fc=0
progress step=147600 round=12/40 episode=17/30 sample=zero_boundary_037 soc=0.7992 fc=40
progress step=147650 round=12/40 episode=17/30 sample=zero_boundary_037 soc=0.7983 fc=80
progress step=147700 round=12/40 episode=17/30 sample=zero_boundary_037 soc=0.7999 fc=20
progress step=147750 round=12/40 episode=17/30 sample=zero_boundary_037 soc=0.7994 fc=80
progress step=147800 round=12/40 episode=17/30 sample=zero_boundary_037 soc=0.7977 fc=200
progress step=147850 round=12/40 episode=17/30 sample=zero_boundary_037 soc=0.7995 fc=60
progress step=147900 round=12/40 episode=17/30 sample=zero_boundary_037 soc=0.7997 fc=20
progress step=147950 round=12/40 episode=17/30 sample=zero_boundary_037 soc=0.8000 fc=30
progress step=148000 round=12/40 episode=17/30 sample=zero_boundary_037 soc=0.7992 fc=40
progress step=148050 round=12/40 episode=17/30 sample=zero_boundary_037 soc=0.7999 fc=20
progress step=148100 round=12/40 episode=17/30 sample=zero_boundary_037 soc=0.7999 fc=0
progress step=148150 round=12/40 episode=17/30 sample=zero_boundary_037 soc=0.7998 fc=30
progress step=148200 round=12/40 episode=17/30 sample=zero_boundary_037 soc=0.7996 fc=40
progress step=148250 round=12/40 episode=18/30 sample=zero_boundary_038 soc=0.6032 fc=380
progress step=148300 round=12/40 episode=18/30 sample=zero_boundary_038 soc=0.6623 fc=380
progress step=148350 round=12/40 episode=18/30 sample=zero_boundary_038 soc=0.6027 fc=270
progress step=148400 round=12/40 episode=18/30 sample=zero_boundary_038 soc=0.6051 fc=380
progress step=148450 round=12/40 episode=18/30 sample=zero_boundary_038 soc=0.5061 fc=400
progress step=148500 round=12/40 episode=18/30 sample=zero_boundary_038 soc=0.4394 fc=230
progress step=148550 round=12/40 episode=18/30 sample=zero_boundary_038 soc=0.4454 fc=110
progress step=148600 round=12/40 episode=18/30 sample=zero_boundary_038 soc=0.6085 fc=120
progress step=148650 round=12/40 episode=18/30 sample=zero_boundary_038 soc=0.7586 fc=130
progress step=148700 round=12/40 episode=18/30 sample=zero_boundary_038 soc=0.7997 fc=60
progress step=148750 round=12/40 episode=18/30 sample=zero_boundary_038 soc=0.7549 fc=430
progress step=148800 round=12/40 episode=18/30 sample=zero_boundary_038 soc=0.6880 fc=360
progress step=148850 round=12/40 episode=18/30 sample=zero_boundary_038 soc=0.6514 fc=70
progress step=148900 round=12/40 episode=18/30 sample=zero_boundary_038 soc=0.6332 fc=380
progress step=148950 round=12/40 episode=18/30 sample=zero_boundary_038 soc=0.7861 fc=20
progress step=149000 round=12/40 episode=19/30 sample=zero_boundary_040 soc=0.6478 fc=380
progress step=149050 round=12/40 episode=19/30 sample=zero_boundary_040 soc=0.5438 fc=370
progress step=149100 round=12/40 episode=19/30 sample=zero_boundary_040 soc=0.5091 fc=380
progress step=149150 round=12/40 episode=19/30 sample=zero_boundary_040 soc=0.4984 fc=540
progress step=149200 round=12/40 episode=19/30 sample=zero_boundary_040 soc=0.4817 fc=50
progress step=149250 round=12/40 episode=19/30 sample=zero_boundary_040 soc=0.5347 fc=310
progress step=149300 round=12/40 episode=19/30 sample=zero_boundary_040 soc=0.6698 fc=170
progress step=149350 round=12/40 episode=19/30 sample=zero_boundary_040 soc=0.6002 fc=380
progress step=149400 round=12/40 episode=19/30 sample=zero_boundary_040 soc=0.4911 fc=160
progress step=149450 round=12/40 episode=19/30 sample=zero_boundary_040 soc=0.5321 fc=160
progress step=149500 round=12/40 episode=20/30 sample=zero_boundary_041 soc=0.5761 fc=200
progress step=149550 round=12/40 episode=20/30 sample=zero_boundary_041 soc=0.4283 fc=300
progress step=149600 round=12/40 episode=21/30 sample=zero_boundary_042 soc=0.6434 fc=130
progress step=149650 round=12/40 episode=21/30 sample=zero_boundary_042 soc=0.6723 fc=150
progress step=149700 round=12/40 episode=21/30 sample=zero_boundary_042 soc=0.5245 fc=490
progress step=149750 round=12/40 episode=21/30 sample=zero_boundary_042 soc=0.3028 fc=30
progress step=149800 round=12/40 episode=21/30 sample=zero_boundary_042 soc=0.2008 fc=470
progress step=149850 round=12/40 episode=21/30 sample=zero_boundary_042 soc=0.2011 fc=460
progress step=149900 round=12/40 episode=21/30 sample=zero_boundary_042 soc=0.2638 fc=330
progress step=149950 round=12/40 episode=22/30 sample=zero_boundary_044 soc=0.6288 fc=500
progress step=150000 round=12/40 episode=22/30 sample=zero_boundary_044 soc=0.6233 fc=410
progress step=150050 round=12/40 episode=22/30 sample=zero_boundary_044 soc=0.4557 fc=380
progress step=150100 round=12/40 episode=23/30 sample=zero_boundary_045 soc=0.6224 fc=370
progress step=150150 round=12/40 episode=23/30 sample=zero_boundary_045 soc=0.7102 fc=380
progress step=150200 round=12/40 episode=23/30 sample=zero_boundary_045 soc=0.6536 fc=380
progress step=150250 round=12/40 episode=23/30 sample=zero_boundary_045 soc=0.5509 fc=60
progress step=150300 round=12/40 episode=23/30 sample=zero_boundary_045 soc=0.3026 fc=560
progress step=150350 round=12/40 episode=23/30 sample=zero_boundary_045 soc=0.2659 fc=380
progress step=150400 round=12/40 episode=24/30 sample=zero_boundary_046 soc=0.6000 fc=380
progress step=150450 round=12/40 episode=24/30 sample=zero_boundary_046 soc=0.5684 fc=380
progress step=150500 round=12/40 episode=24/30 sample=zero_boundary_046 soc=0.3995 fc=590
progress step=150550 round=12/40 episode=25/30 sample=zero_boundary_048 soc=0.6000 fc=310
progress step=150600 round=12/40 episode=25/30 sample=zero_boundary_048 soc=0.6276 fc=530
progress step=150650 round=12/40 episode=25/30 sample=zero_boundary_048 soc=0.4636 fc=380
progress step=150700 round=12/40 episode=25/30 sample=zero_boundary_048 soc=0.4131 fc=480
progress step=150750 round=12/40 episode=25/30 sample=zero_boundary_048 soc=0.5110 fc=380
progress step=150800 round=12/40 episode=25/30 sample=zero_boundary_048 soc=0.5083 fc=380
progress step=150850 round=12/40 episode=26/30 sample=zero_boundary_049 soc=0.6465 fc=400
progress step=150900 round=12/40 episode=26/30 sample=zero_boundary_049 soc=0.6956 fc=340
progress step=150950 round=12/40 episode=26/30 sample=zero_boundary_049 soc=0.7040 fc=400
progress step=151000 round=12/40 episode=26/30 sample=zero_boundary_049 soc=0.7175 fc=370
progress step=151050 round=12/40 episode=26/30 sample=zero_boundary_049 soc=0.7943 fc=390
progress step=151100 round=12/40 episode=26/30 sample=zero_boundary_049 soc=0.7999 fc=0
progress step=151150 round=12/40 episode=27/30 sample=zero_boundary_050 soc=0.6678 fc=400
progress step=151200 round=12/40 episode=27/30 sample=zero_boundary_050 soc=0.5492 fc=260
progress step=151250 round=12/40 episode=27/30 sample=zero_boundary_050 soc=0.4258 fc=400
progress step=151300 round=12/40 episode=27/30 sample=zero_boundary_050 soc=0.3298 fc=160
progress step=151350 round=12/40 episode=28/30 sample=zero_boundary_051 soc=0.6113 fc=10
progress step=151400 round=12/40 episode=28/30 sample=zero_boundary_051 soc=0.6248 fc=400
progress step=151450 round=12/40 episode=28/30 sample=zero_boundary_051 soc=0.6681 fc=400
progress step=151500 round=12/40 episode=29/30 sample=zero_boundary_052 soc=0.6717 fc=400
progress step=151550 round=12/40 episode=29/30 sample=zero_boundary_052 soc=0.5108 fc=470
progress step=151600 round=12/40 episode=29/30 sample=zero_boundary_052 soc=0.3705 fc=490
progress step=151650 round=12/40 episode=29/30 sample=zero_boundary_052 soc=0.4626 fc=400
progress step=151700 round=12/40 episode=29/30 sample=zero_boundary_052 soc=0.6429 fc=200
progress step=151750 round=12/40 episode=30/30 sample=zero_boundary_053 soc=0.7005 fc=400
progress step=151800 round=12/40 episode=30/30 sample=zero_boundary_053 soc=0.6166 fc=270
progress step=151850 round=12/40 episode=30/30 sample=zero_boundary_053 soc=0.6058 fc=290
progress step=151900 round=12/40 episode=30/30 sample=zero_boundary_053 soc=0.6643 fc=540
progress step=151950 round=12/40 episode=30/30 sample=zero_boundary_053 soc=0.7660 fc=400
round 12/40 exploratory=20/30 greedy_train start
MONITOR round=12 exploratory=20/30 greedy_train=23/30 validation=SKIPPED cost=None updates=4288 best_round=7
round 13/40 start epsilon=0.7077
progress step=152000 round=13/40 episode=1/30 sample=zero_boundary_002 soc=0.7546 fc=260
progress step=152050 round=13/40 episode=1/30 sample=zero_boundary_002 soc=0.5192 fc=310
progress step=152100 round=13/40 episode=1/30 sample=zero_boundary_002 soc=0.3122 fc=400
progress step=152150 round=13/40 episode=1/30 sample=zero_boundary_002 soc=0.4580 fc=310
progress step=152200 round=13/40 episode=1/30 sample=zero_boundary_002 soc=0.4637 fc=540
progress step=152250 round=13/40 episode=1/30 sample=zero_boundary_002 soc=0.5832 fc=490
progress step=152300 round=13/40 episode=2/30 sample=zero_boundary_005 soc=0.6742 fc=400
progress step=152350 round=13/40 episode=2/30 sample=zero_boundary_005 soc=0.5792 fc=400
progress step=152400 round=13/40 episode=2/30 sample=zero_boundary_005 soc=0.5959 fc=70
progress step=152450 round=13/40 episode=2/30 sample=zero_boundary_005 soc=0.5317 fc=50
progress step=152500 round=13/40 episode=2/30 sample=zero_boundary_005 soc=0.4266 fc=260
progress step=152550 round=13/40 episode=2/30 sample=zero_boundary_005 soc=0.4910 fc=580
progress step=152600 round=13/40 episode=3/30 sample=zero_boundary_006 soc=0.7374 fc=170
progress step=152650 round=13/40 episode=3/30 sample=zero_boundary_006 soc=0.7984 fc=100
progress step=152700 round=13/40 episode=3/30 sample=zero_boundary_006 soc=0.7985 fc=250
progress step=152750 round=13/40 episode=3/30 sample=zero_boundary_006 soc=0.7999 fc=0
progress step=152800 round=13/40 episode=3/30 sample=zero_boundary_006 soc=0.7878 fc=340
progress step=152850 round=13/40 episode=3/30 sample=zero_boundary_006 soc=0.7994 fc=200
progress step=152900 round=13/40 episode=3/30 sample=zero_boundary_006 soc=0.7996 fc=50
progress step=152950 round=13/40 episode=4/30 sample=zero_boundary_007 soc=0.6494 fc=450
progress step=153000 round=13/40 episode=4/30 sample=zero_boundary_007 soc=0.5792 fc=230
progress step=153050 round=13/40 episode=4/30 sample=zero_boundary_007 soc=0.6280 fc=540
progress step=153100 round=13/40 episode=4/30 sample=zero_boundary_007 soc=0.6953 fc=0
progress step=153150 round=13/40 episode=4/30 sample=zero_boundary_007 soc=0.6730 fc=270
progress step=153200 round=13/40 episode=5/30 sample=zero_boundary_008 soc=0.6371 fc=300
progress step=153250 round=13/40 episode=5/30 sample=zero_boundary_008 soc=0.4383 fc=310
progress step=153300 round=13/40 episode=6/30 sample=zero_boundary_011 soc=0.6748 fc=590
progress step=153350 round=13/40 episode=6/30 sample=zero_boundary_011 soc=0.7996 fc=50
progress step=153400 round=13/40 episode=6/30 sample=zero_boundary_011 soc=0.6516 fc=590
progress step=153450 round=13/40 episode=6/30 sample=zero_boundary_011 soc=0.5416 fc=400
progress step=153500 round=13/40 episode=6/30 sample=zero_boundary_011 soc=0.4421 fc=500
progress step=153550 round=13/40 episode=6/30 sample=zero_boundary_011 soc=0.3418 fc=140
progress step=153600 round=13/40 episode=6/30 sample=zero_boundary_011 soc=0.4923 fc=480
progress step=153650 round=13/40 episode=6/30 sample=zero_boundary_011 soc=0.6795 fc=60
progress step=153700 round=13/40 episode=6/30 sample=zero_boundary_011 soc=0.7995 fc=30
progress step=153750 round=13/40 episode=6/30 sample=zero_boundary_011 soc=0.7999 fc=0
progress step=153800 round=13/40 episode=6/30 sample=zero_boundary_011 soc=0.7951 fc=330
progress step=153850 round=13/40 episode=6/30 sample=zero_boundary_011 soc=0.7980 fc=250
progress step=153900 round=13/40 episode=6/30 sample=zero_boundary_011 soc=0.7965 fc=400
progress step=153950 round=13/40 episode=6/30 sample=zero_boundary_011 soc=0.7922 fc=400
progress step=154000 round=13/40 episode=6/30 sample=zero_boundary_011 soc=0.7719 fc=200
progress step=154050 round=13/40 episode=7/30 sample=zero_boundary_013 soc=0.7059 fc=120
progress step=154100 round=13/40 episode=7/30 sample=zero_boundary_013 soc=0.7985 fc=110
progress step=154150 round=13/40 episode=7/30 sample=zero_boundary_013 soc=0.7911 fc=250
progress step=154200 round=13/40 episode=7/30 sample=zero_boundary_013 soc=0.7548 fc=400
progress step=154250 round=13/40 episode=7/30 sample=zero_boundary_013 soc=0.7977 fc=260
progress step=154300 round=13/40 episode=7/30 sample=zero_boundary_013 soc=0.7971 fc=500
progress step=154350 round=13/40 episode=7/30 sample=zero_boundary_013 soc=0.7988 fc=40
progress step=154400 round=13/40 episode=8/30 sample=zero_boundary_015 soc=0.6730 fc=90
progress step=154450 round=13/40 episode=8/30 sample=zero_boundary_015 soc=0.6589 fc=400
progress step=154500 round=13/40 episode=8/30 sample=zero_boundary_015 soc=0.3982 fc=100
progress step=154550 round=13/40 episode=9/30 sample=zero_boundary_016 soc=0.7270 fc=200
progress step=154600 round=13/40 episode=9/30 sample=zero_boundary_016 soc=0.7595 fc=400
progress step=154650 round=13/40 episode=9/30 sample=zero_boundary_016 soc=0.6179 fc=20
progress step=154700 round=13/40 episode=9/30 sample=zero_boundary_016 soc=0.4543 fc=360
progress step=154750 round=13/40 episode=9/30 sample=zero_boundary_016 soc=0.2413 fc=90
progress step=154800 round=13/40 episode=10/30 sample=zero_boundary_017 soc=0.6310 fc=280
progress step=154850 round=13/40 episode=10/30 sample=zero_boundary_017 soc=0.4109 fc=360
progress step=154900 round=13/40 episode=11/30 sample=zero_boundary_020 soc=0.6571 fc=400
progress step=154950 round=13/40 episode=11/30 sample=zero_boundary_020 soc=0.6623 fc=400
progress step=155000 round=13/40 episode=11/30 sample=zero_boundary_020 soc=0.7395 fc=400
progress step=155050 round=13/40 episode=12/30 sample=zero_boundary_021 soc=0.7515 fc=220
progress step=155100 round=13/40 episode=12/30 sample=zero_boundary_021 soc=0.7689 fc=540
progress step=155150 round=13/40 episode=12/30 sample=zero_boundary_021 soc=0.7173 fc=400
progress step=155200 round=13/40 episode=12/30 sample=zero_boundary_021 soc=0.6563 fc=460
progress step=155250 round=13/40 episode=13/30 sample=zero_boundary_022 soc=0.6625 fc=480
progress step=155300 round=13/40 episode=13/30 sample=zero_boundary_022 soc=0.6486 fc=260
progress step=155350 round=13/40 episode=13/30 sample=zero_boundary_022 soc=0.6619 fc=180
progress step=155400 round=13/40 episode=13/30 sample=zero_boundary_022 soc=0.7487 fc=200
progress step=155450 round=13/40 episode=14/30 sample=zero_boundary_029 soc=0.7128 fc=490
progress step=155500 round=13/40 episode=14/30 sample=zero_boundary_029 soc=0.7467 fc=290
progress step=155550 round=13/40 episode=14/30 sample=zero_boundary_029 soc=0.6964 fc=520
progress step=155600 round=13/40 episode=14/30 sample=zero_boundary_029 soc=0.6744 fc=300
progress step=155650 round=13/40 episode=14/30 sample=zero_boundary_029 soc=0.7900 fc=110
progress step=155700 round=13/40 episode=14/30 sample=zero_boundary_029 soc=0.7950 fc=40
progress step=155750 round=13/40 episode=14/30 sample=zero_boundary_029 soc=0.7990 fc=0
progress step=155800 round=13/40 episode=14/30 sample=zero_boundary_029 soc=0.7999 fc=0
progress step=155850 round=13/40 episode=14/30 sample=zero_boundary_029 soc=0.7999 fc=0
progress step=155900 round=13/40 episode=14/30 sample=zero_boundary_029 soc=0.7999 fc=0
progress step=155950 round=13/40 episode=14/30 sample=zero_boundary_029 soc=0.7999 fc=0
progress step=156000 round=13/40 episode=14/30 sample=zero_boundary_029 soc=0.7999 fc=0
progress step=156050 round=13/40 episode=14/30 sample=zero_boundary_029 soc=0.7999 fc=0
progress step=156100 round=13/40 episode=14/30 sample=zero_boundary_029 soc=0.7999 fc=0
progress step=156150 round=13/40 episode=14/30 sample=zero_boundary_029 soc=0.7999 fc=0
progress step=156200 round=13/40 episode=14/30 sample=zero_boundary_029 soc=0.7999 fc=0
progress step=156250 round=13/40 episode=14/30 sample=zero_boundary_029 soc=0.7999 fc=0
progress step=156300 round=13/40 episode=14/30 sample=zero_boundary_029 soc=0.7997 fc=0
progress step=156350 round=13/40 episode=14/30 sample=zero_boundary_029 soc=0.7962 fc=530
progress step=156400 round=13/40 episode=14/30 sample=zero_boundary_029 soc=0.7985 fc=320
progress step=156450 round=13/40 episode=14/30 sample=zero_boundary_029 soc=0.7812 fc=410
progress step=156500 round=13/40 episode=15/30 sample=zero_boundary_033 soc=0.6683 fc=210
progress step=156550 round=13/40 episode=15/30 sample=zero_boundary_033 soc=0.7642 fc=400
progress step=156600 round=13/40 episode=15/30 sample=zero_boundary_033 soc=0.7240 fc=320
progress step=156650 round=13/40 episode=15/30 sample=zero_boundary_033 soc=0.7463 fc=110
progress step=156700 round=13/40 episode=15/30 sample=zero_boundary_033 soc=0.7095 fc=570
progress step=156750 round=13/40 episode=15/30 sample=zero_boundary_033 soc=0.6851 fc=400
progress step=156800 round=13/40 episode=15/30 sample=zero_boundary_033 soc=0.5434 fc=470
progress step=156850 round=13/40 episode=15/30 sample=zero_boundary_033 soc=0.7576 fc=400
progress step=156900 round=13/40 episode=15/30 sample=zero_boundary_033 soc=0.7999 fc=0
progress step=156950 round=13/40 episode=15/30 sample=zero_boundary_033 soc=0.7999 fc=0
progress step=157000 round=13/40 episode=15/30 sample=zero_boundary_033 soc=0.7999 fc=0
progress step=157050 round=13/40 episode=15/30 sample=zero_boundary_033 soc=0.8000 fc=0
progress step=157100 round=13/40 episode=15/30 sample=zero_boundary_033 soc=0.8000 fc=0
progress step=157150 round=13/40 episode=15/30 sample=zero_boundary_033 soc=0.8000 fc=0
progress step=157200 round=13/40 episode=15/30 sample=zero_boundary_033 soc=0.8000 fc=0
progress step=157250 round=13/40 episode=15/30 sample=zero_boundary_033 soc=0.7997 fc=0
progress step=157300 round=13/40 episode=15/30 sample=zero_boundary_033 soc=0.7996 fc=20
progress step=157350 round=13/40 episode=15/30 sample=zero_boundary_033 soc=0.7997 fc=20
progress step=157400 round=13/40 episode=15/30 sample=zero_boundary_033 soc=0.7996 fc=0
progress step=157450 round=13/40 episode=15/30 sample=zero_boundary_033 soc=0.7994 fc=40
progress step=157500 round=13/40 episode=16/30 sample=zero_boundary_034 soc=0.7997 fc=10
progress step=157550 round=13/40 episode=16/30 sample=zero_boundary_034 soc=0.7999 fc=0
progress step=157600 round=13/40 episode=16/30 sample=zero_boundary_034 soc=0.7999 fc=0
progress step=157650 round=13/40 episode=16/30 sample=zero_boundary_034 soc=0.7999 fc=0
progress step=157700 round=13/40 episode=16/30 sample=zero_boundary_034 soc=0.7999 fc=0
progress step=157750 round=13/40 episode=16/30 sample=zero_boundary_034 soc=0.7999 fc=0
progress step=157800 round=13/40 episode=16/30 sample=zero_boundary_034 soc=0.7999 fc=0
progress step=157850 round=13/40 episode=16/30 sample=zero_boundary_034 soc=0.7999 fc=0
progress step=157900 round=13/40 episode=16/30 sample=zero_boundary_034 soc=0.7999 fc=0
progress step=157950 round=13/40 episode=16/30 sample=zero_boundary_034 soc=0.7999 fc=0
progress step=158000 round=13/40 episode=16/30 sample=zero_boundary_034 soc=0.7999 fc=0
progress step=158050 round=13/40 episode=16/30 sample=zero_boundary_034 soc=0.7999 fc=0
progress step=158100 round=13/40 episode=16/30 sample=zero_boundary_034 soc=0.7999 fc=0
progress step=158150 round=13/40 episode=16/30 sample=zero_boundary_034 soc=0.7999 fc=0
progress step=158200 round=13/40 episode=16/30 sample=zero_boundary_034 soc=0.7999 fc=0
progress step=158250 round=13/40 episode=16/30 sample=zero_boundary_034 soc=0.7999 fc=0
progress step=158300 round=13/40 episode=16/30 sample=zero_boundary_034 soc=0.7999 fc=0
progress step=158350 round=13/40 episode=16/30 sample=zero_boundary_034 soc=0.8000 fc=0
progress step=158400 round=13/40 episode=16/30 sample=zero_boundary_034 soc=0.7988 fc=120
progress step=158450 round=13/40 episode=16/30 sample=zero_boundary_034 soc=0.7991 fc=200
progress step=158500 round=13/40 episode=16/30 sample=zero_boundary_034 soc=0.7983 fc=240
progress step=158550 round=13/40 episode=16/30 sample=zero_boundary_034 soc=0.7990 fc=20
progress step=158600 round=13/40 episode=16/30 sample=zero_boundary_034 soc=0.7998 fc=30
progress step=158650 round=13/40 episode=16/30 sample=zero_boundary_034 soc=0.8000 fc=0
progress step=158700 round=13/40 episode=16/30 sample=zero_boundary_034 soc=0.8000 fc=0
progress step=158750 round=13/40 episode=16/30 sample=zero_boundary_034 soc=0.8000 fc=0
progress step=158800 round=13/40 episode=16/30 sample=zero_boundary_034 soc=0.8000 fc=0
progress step=158850 round=13/40 episode=16/30 sample=zero_boundary_034 soc=0.8000 fc=0
progress step=158900 round=13/40 episode=16/30 sample=zero_boundary_034 soc=0.8000 fc=0
progress step=158950 round=13/40 episode=16/30 sample=zero_boundary_034 soc=0.8000 fc=0
progress step=159000 round=13/40 episode=16/30 sample=zero_boundary_034 soc=0.8000 fc=0
progress step=159050 round=13/40 episode=16/30 sample=zero_boundary_034 soc=0.8000 fc=0
progress step=159100 round=13/40 episode=17/30 sample=zero_boundary_037 soc=0.6103 fc=420
progress step=159150 round=13/40 episode=17/30 sample=zero_boundary_037 soc=0.7274 fc=440
progress step=159200 round=13/40 episode=17/30 sample=zero_boundary_037 soc=0.7999 fc=200
progress step=159250 round=13/40 episode=17/30 sample=zero_boundary_037 soc=0.7979 fc=80
progress step=159300 round=13/40 episode=17/30 sample=zero_boundary_037 soc=0.7938 fc=550
progress step=159350 round=13/40 episode=17/30 sample=zero_boundary_037 soc=0.7999 fc=230
progress step=159400 round=13/40 episode=17/30 sample=zero_boundary_037 soc=0.7313 fc=10
progress step=159450 round=13/40 episode=17/30 sample=zero_boundary_037 soc=0.6348 fc=370
progress step=159500 round=13/40 episode=17/30 sample=zero_boundary_037 soc=0.7998 fc=0
progress step=159550 round=13/40 episode=17/30 sample=zero_boundary_037 soc=0.7997 fc=0
progress step=159600 round=13/40 episode=17/30 sample=zero_boundary_037 soc=0.7988 fc=150
progress step=159650 round=13/40 episode=17/30 sample=zero_boundary_037 soc=0.7993 fc=0
progress step=159700 round=13/40 episode=17/30 sample=zero_boundary_037 soc=0.7995 fc=20
progress step=159750 round=13/40 episode=17/30 sample=zero_boundary_037 soc=0.7998 fc=0
progress step=159800 round=13/40 episode=17/30 sample=zero_boundary_037 soc=0.8000 fc=10
progress step=159850 round=13/40 episode=17/30 sample=zero_boundary_037 soc=0.7999 fc=0
progress step=159900 round=13/40 episode=17/30 sample=zero_boundary_037 soc=0.7992 fc=30
progress step=159950 round=13/40 episode=17/30 sample=zero_boundary_037 soc=0.7996 fc=70
progress step=160000 round=13/40 episode=17/30 sample=zero_boundary_037 soc=0.7995 fc=0
progress step=160050 round=13/40 episode=17/30 sample=zero_boundary_037 soc=0.7992 fc=110
progress step=160100 round=13/40 episode=17/30 sample=zero_boundary_037 soc=0.7999 fc=0
progress step=160150 round=13/40 episode=17/30 sample=zero_boundary_037 soc=0.8000 fc=0
progress step=160200 round=13/40 episode=17/30 sample=zero_boundary_037 soc=0.8000 fc=0
progress step=160250 round=13/40 episode=17/30 sample=zero_boundary_037 soc=0.7998 fc=0
progress step=160300 round=13/40 episode=17/30 sample=zero_boundary_037 soc=0.7999 fc=0
progress step=160350 round=13/40 episode=17/30 sample=zero_boundary_037 soc=0.7983 fc=150
progress step=160400 round=13/40 episode=17/30 sample=zero_boundary_037 soc=0.7992 fc=80
progress step=160450 round=13/40 episode=17/30 sample=zero_boundary_037 soc=0.7993 fc=0
progress step=160500 round=13/40 episode=17/30 sample=zero_boundary_037 soc=0.7995 fc=0
progress step=160550 round=13/40 episode=17/30 sample=zero_boundary_037 soc=0.7998 fc=0
progress step=160600 round=13/40 episode=17/30 sample=zero_boundary_037 soc=0.7992 fc=0
progress step=160650 round=13/40 episode=17/30 sample=zero_boundary_037 soc=0.7995 fc=0
progress step=160700 round=13/40 episode=17/30 sample=zero_boundary_037 soc=0.7991 fc=0
progress step=160750 round=13/40 episode=17/30 sample=zero_boundary_037 soc=0.7987 fc=20
progress step=160800 round=13/40 episode=17/30 sample=zero_boundary_037 soc=0.7991 fc=70
progress step=160850 round=13/40 episode=17/30 sample=zero_boundary_037 soc=0.7988 fc=0
progress step=160900 round=13/40 episode=17/30 sample=zero_boundary_037 soc=0.7995 fc=50
progress step=160950 round=13/40 episode=17/30 sample=zero_boundary_037 soc=0.7996 fc=30
progress step=161000 round=13/40 episode=18/30 sample=zero_boundary_038 soc=0.6342 fc=420
progress step=161050 round=13/40 episode=18/30 sample=zero_boundary_038 soc=0.6922 fc=420
progress step=161100 round=13/40 episode=18/30 sample=zero_boundary_038 soc=0.6481 fc=590
progress step=161150 round=13/40 episode=18/30 sample=zero_boundary_038 soc=0.6433 fc=170
progress step=161200 round=13/40 episode=18/30 sample=zero_boundary_038 soc=0.5278 fc=500
progress step=161250 round=13/40 episode=18/30 sample=zero_boundary_038 soc=0.4162 fc=140
progress step=161300 round=13/40 episode=18/30 sample=zero_boundary_038 soc=0.4984 fc=240
progress step=161350 round=13/40 episode=18/30 sample=zero_boundary_038 soc=0.6871 fc=290
progress step=161400 round=13/40 episode=18/30 sample=zero_boundary_038 soc=0.7998 fc=0
progress step=161450 round=13/40 episode=18/30 sample=zero_boundary_038 soc=0.7955 fc=50
progress step=161500 round=13/40 episode=18/30 sample=zero_boundary_038 soc=0.7406 fc=20
progress step=161550 round=13/40 episode=18/30 sample=zero_boundary_038 soc=0.7188 fc=240
progress step=161600 round=13/40 episode=18/30 sample=zero_boundary_038 soc=0.6956 fc=360
progress step=161650 round=13/40 episode=18/30 sample=zero_boundary_038 soc=0.6834 fc=430
progress step=161700 round=13/40 episode=19/30 sample=zero_boundary_040 soc=0.6228 fc=300
progress step=161750 round=13/40 episode=19/30 sample=zero_boundary_040 soc=0.6147 fc=70
progress step=161800 round=13/40 episode=19/30 sample=zero_boundary_040 soc=0.4764 fc=180
progress step=161850 round=13/40 episode=19/30 sample=zero_boundary_040 soc=0.4591 fc=390
progress step=161900 round=13/40 episode=19/30 sample=zero_boundary_040 soc=0.4501 fc=420
progress step=161950 round=13/40 episode=19/30 sample=zero_boundary_040 soc=0.4499 fc=240
progress step=162000 round=13/40 episode=19/30 sample=zero_boundary_040 soc=0.5196 fc=450
progress step=162050 round=13/40 episode=19/30 sample=zero_boundary_040 soc=0.6381 fc=420
progress step=162100 round=13/40 episode=19/30 sample=zero_boundary_040 soc=0.5518 fc=60
progress step=162150 round=13/40 episode=19/30 sample=zero_boundary_040 soc=0.4557 fc=310
progress step=162200 round=13/40 episode=20/30 sample=zero_boundary_041 soc=0.6175 fc=270
progress step=162250 round=13/40 episode=20/30 sample=zero_boundary_041 soc=0.5894 fc=570
progress step=162300 round=13/40 episode=20/30 sample=zero_boundary_041 soc=0.4617 fc=520
progress step=162350 round=13/40 episode=20/30 sample=zero_boundary_041 soc=0.2034 fc=570
progress step=162400 round=13/40 episode=21/30 sample=zero_boundary_042 soc=0.7099 fc=420
progress step=162450 round=13/40 episode=21/30 sample=zero_boundary_042 soc=0.5809 fc=60
progress step=162500 round=13/40 episode=21/30 sample=zero_boundary_042 soc=0.4059 fc=40
progress step=162550 round=13/40 episode=21/30 sample=zero_boundary_042 soc=0.2264 fc=490
progress step=162600 round=13/40 episode=21/30 sample=zero_boundary_042 soc=0.2003 fc=530
progress step=162650 round=13/40 episode=21/30 sample=zero_boundary_042 soc=0.3165 fc=420
progress step=162700 round=13/40 episode=21/30 sample=zero_boundary_042 soc=0.2002 fc=570
progress step=162750 round=13/40 episode=22/30 sample=zero_boundary_044 soc=0.6571 fc=440
progress step=162800 round=13/40 episode=22/30 sample=zero_boundary_044 soc=0.5161 fc=420
progress step=162850 round=13/40 episode=22/30 sample=zero_boundary_044 soc=0.2885 fc=230
progress step=162900 round=13/40 episode=23/30 sample=zero_boundary_045 soc=0.7085 fc=100
progress step=162950 round=13/40 episode=23/30 sample=zero_boundary_045 soc=0.6683 fc=190
progress step=163000 round=13/40 episode=23/30 sample=zero_boundary_045 soc=0.6082 fc=0
progress step=163050 round=13/40 episode=23/30 sample=zero_boundary_045 soc=0.3901 fc=420
progress step=163100 round=13/40 episode=23/30 sample=zero_boundary_045 soc=0.2375 fc=590
progress step=163150 round=13/40 episode=23/30 sample=zero_boundary_045 soc=0.2055 fc=450
progress step=163200 round=13/40 episode=24/30 sample=zero_boundary_046 soc=0.6078 fc=570
progress step=163250 round=13/40 episode=24/30 sample=zero_boundary_046 soc=0.4774 fc=340
progress step=163300 round=13/40 episode=24/30 sample=zero_boundary_046 soc=0.2655 fc=420
progress step=163350 round=13/40 episode=25/30 sample=zero_boundary_048 soc=0.6637 fc=490
progress step=163400 round=13/40 episode=25/30 sample=zero_boundary_048 soc=0.5585 fc=600
progress step=163450 round=13/40 episode=25/30 sample=zero_boundary_048 soc=0.4555 fc=270
progress step=163500 round=13/40 episode=25/30 sample=zero_boundary_048 soc=0.4515 fc=420
progress step=163550 round=13/40 episode=25/30 sample=zero_boundary_048 soc=0.5235 fc=420
progress step=163600 round=13/40 episode=25/30 sample=zero_boundary_048 soc=0.5706 fc=310
progress step=163650 round=13/40 episode=26/30 sample=zero_boundary_049 soc=0.6778 fc=420
progress step=163700 round=13/40 episode=26/30 sample=zero_boundary_049 soc=0.6936 fc=390
progress step=163750 round=13/40 episode=26/30 sample=zero_boundary_049 soc=0.7121 fc=420
progress step=163800 round=13/40 episode=26/30 sample=zero_boundary_049 soc=0.7456 fc=460
progress step=163850 round=13/40 episode=26/30 sample=zero_boundary_049 soc=0.7897 fc=470
progress step=163900 round=13/40 episode=27/30 sample=zero_boundary_050 soc=0.6437 fc=540
progress step=163950 round=13/40 episode=27/30 sample=zero_boundary_050 soc=0.6218 fc=580
progress step=164000 round=13/40 episode=27/30 sample=zero_boundary_050 soc=0.4539 fc=480
progress step=164050 round=13/40 episode=27/30 sample=zero_boundary_050 soc=0.3524 fc=120
progress step=164100 round=13/40 episode=28/30 sample=zero_boundary_051 soc=0.6184 fc=550
progress step=164150 round=13/40 episode=28/30 sample=zero_boundary_051 soc=0.6229 fc=420
progress step=164200 round=13/40 episode=28/30 sample=zero_boundary_051 soc=0.6632 fc=420
progress step=164250 round=13/40 episode=29/30 sample=zero_boundary_052 soc=0.6628 fc=340
progress step=164300 round=13/40 episode=29/30 sample=zero_boundary_052 soc=0.5934 fc=120
progress step=164350 round=13/40 episode=29/30 sample=zero_boundary_052 soc=0.3483 fc=420
progress step=164400 round=13/40 episode=29/30 sample=zero_boundary_052 soc=0.3707 fc=510
progress step=164450 round=13/40 episode=29/30 sample=zero_boundary_052 soc=0.5300 fc=420
progress step=164500 round=13/40 episode=30/30 sample=zero_boundary_053 soc=0.6932 fc=500
progress step=164550 round=13/40 episode=30/30 sample=zero_boundary_053 soc=0.6467 fc=420
progress step=164600 round=13/40 episode=30/30 sample=zero_boundary_053 soc=0.5442 fc=520
progress step=164650 round=13/40 episode=30/30 sample=zero_boundary_053 soc=0.6409 fc=270
progress step=164700 round=13/40 episode=30/30 sample=zero_boundary_053 soc=0.6986 fc=420
round 13/40 exploratory=20/30 greedy_train start
MONITOR round=13 exploratory=20/30 greedy_train=24/30 validation=SKIPPED cost=None updates=4608 best_round=7
round 14/40 start epsilon=0.6833
progress step=164750 round=14/40 episode=1/30 sample=zero_boundary_002 soc=0.6823 fc=320
progress step=164800 round=14/40 episode=1/30 sample=zero_boundary_002 soc=0.6260 fc=480
progress step=164850 round=14/40 episode=1/30 sample=zero_boundary_002 soc=0.3367 fc=420
progress step=164900 round=14/40 episode=1/30 sample=zero_boundary_002 soc=0.5334 fc=540
progress step=164950 round=14/40 episode=1/30 sample=zero_boundary_002 soc=0.4601 fc=420
progress step=165000 round=14/40 episode=1/30 sample=zero_boundary_002 soc=0.5750 fc=570
progress step=165050 round=14/40 episode=2/30 sample=zero_boundary_005 soc=0.6791 fc=310
progress step=165100 round=14/40 episode=2/30 sample=zero_boundary_005 soc=0.6892 fc=10
progress step=165150 round=14/40 episode=2/30 sample=zero_boundary_005 soc=0.6404 fc=520
progress step=165200 round=14/40 episode=2/30 sample=zero_boundary_005 soc=0.6144 fc=10
progress step=165250 round=14/40 episode=2/30 sample=zero_boundary_005 soc=0.4948 fc=310
progress step=165300 round=14/40 episode=2/30 sample=zero_boundary_005 soc=0.5010 fc=590
progress step=165350 round=14/40 episode=3/30 sample=zero_boundary_006 soc=0.7065 fc=70
progress step=165400 round=14/40 episode=3/30 sample=zero_boundary_006 soc=0.7975 fc=230
progress step=165450 round=14/40 episode=3/30 sample=zero_boundary_006 soc=0.7993 fc=0
progress step=165500 round=14/40 episode=3/30 sample=zero_boundary_006 soc=0.7997 fc=180
progress step=165550 round=14/40 episode=3/30 sample=zero_boundary_006 soc=0.7989 fc=90
progress step=165600 round=14/40 episode=3/30 sample=zero_boundary_006 soc=0.7994 fc=180
progress step=165650 round=14/40 episode=3/30 sample=zero_boundary_006 soc=0.7979 fc=260
progress step=165700 round=14/40 episode=4/30 sample=zero_boundary_007 soc=0.6651 fc=320
progress step=165750 round=14/40 episode=4/30 sample=zero_boundary_007 soc=0.6025 fc=210
progress step=165800 round=14/40 episode=4/30 sample=zero_boundary_007 soc=0.6324 fc=300
progress step=165850 round=14/40 episode=4/30 sample=zero_boundary_007 soc=0.7201 fc=40
progress step=165900 round=14/40 episode=4/30 sample=zero_boundary_007 soc=0.6986 fc=420
progress step=165950 round=14/40 episode=4/30 sample=zero_boundary_007 soc=0.7445 fc=580
progress step=166000 round=14/40 episode=5/30 sample=zero_boundary_008 soc=0.5682 fc=420
progress step=166050 round=14/40 episode=6/30 sample=zero_boundary_011 soc=0.6206 fc=420
progress step=166100 round=14/40 episode=6/30 sample=zero_boundary_011 soc=0.7986 fc=140
progress step=166150 round=14/40 episode=6/30 sample=zero_boundary_011 soc=0.7254 fc=420
progress step=166200 round=14/40 episode=6/30 sample=zero_boundary_011 soc=0.6158 fc=420
progress step=166250 round=14/40 episode=6/30 sample=zero_boundary_011 soc=0.5108 fc=270
progress step=166300 round=14/40 episode=6/30 sample=zero_boundary_011 soc=0.3643 fc=490
progress step=166350 round=14/40 episode=6/30 sample=zero_boundary_011 soc=0.4112 fc=280
progress step=166400 round=14/40 episode=6/30 sample=zero_boundary_011 soc=0.6038 fc=320
progress step=166450 round=14/40 episode=6/30 sample=zero_boundary_011 soc=0.7996 fc=60
progress step=166500 round=14/40 episode=6/30 sample=zero_boundary_011 soc=0.7993 fc=0
progress step=166550 round=14/40 episode=6/30 sample=zero_boundary_011 soc=0.7972 fc=420
progress step=166600 round=14/40 episode=6/30 sample=zero_boundary_011 soc=0.7856 fc=310
progress step=166650 round=14/40 episode=6/30 sample=zero_boundary_011 soc=0.7964 fc=60
progress step=166700 round=14/40 episode=6/30 sample=zero_boundary_011 soc=0.7990 fc=180
progress step=166750 round=14/40 episode=6/30 sample=zero_boundary_011 soc=0.7757 fc=100
progress step=166800 round=14/40 episode=7/30 sample=zero_boundary_013 soc=0.6559 fc=450
progress step=166850 round=14/40 episode=7/30 sample=zero_boundary_013 soc=0.7991 fc=280
progress step=166900 round=14/40 episode=7/30 sample=zero_boundary_013 soc=0.7813 fc=420
progress step=166950 round=14/40 episode=7/30 sample=zero_boundary_013 soc=0.7473 fc=420
progress step=167000 round=14/40 episode=7/30 sample=zero_boundary_013 soc=0.7981 fc=50
progress step=167050 round=14/40 episode=7/30 sample=zero_boundary_013 soc=0.7989 fc=280
progress step=167100 round=14/40 episode=7/30 sample=zero_boundary_013 soc=0.7952 fc=160
progress step=167150 round=14/40 episode=8/30 sample=zero_boundary_015 soc=0.6507 fc=600
progress step=167200 round=14/40 episode=8/30 sample=zero_boundary_015 soc=0.6679 fc=170
progress step=167250 round=14/40 episode=8/30 sample=zero_boundary_015 soc=0.5730 fc=20
progress step=167300 round=14/40 episode=9/30 sample=zero_boundary_016 soc=0.6572 fc=160
progress step=167350 round=14/40 episode=9/30 sample=zero_boundary_016 soc=0.7970 fc=360
progress step=167400 round=14/40 episode=9/30 sample=zero_boundary_016 soc=0.6832 fc=420
progress step=167450 round=14/40 episode=9/30 sample=zero_boundary_016 soc=0.5434 fc=420
progress step=167500 round=14/40 episode=9/30 sample=zero_boundary_016 soc=0.3017 fc=420
progress step=167550 round=14/40 episode=10/30 sample=zero_boundary_017 soc=0.6358 fc=420
progress step=167600 round=14/40 episode=10/30 sample=zero_boundary_017 soc=0.4741 fc=420
progress step=167650 round=14/40 episode=10/30 sample=zero_boundary_017 soc=0.2731 fc=420
progress step=167700 round=14/40 episode=11/30 sample=zero_boundary_020 soc=0.6567 fc=320
progress step=167750 round=14/40 episode=11/30 sample=zero_boundary_020 soc=0.6770 fc=420
progress step=167800 round=14/40 episode=12/30 sample=zero_boundary_021 soc=0.6892 fc=420
progress step=167850 round=14/40 episode=12/30 sample=zero_boundary_021 soc=0.7954 fc=420
progress step=167900 round=14/40 episode=12/30 sample=zero_boundary_021 soc=0.7361 fc=50
progress step=167950 round=14/40 episode=12/30 sample=zero_boundary_021 soc=0.6592 fc=420
progress step=168000 round=14/40 episode=12/30 sample=zero_boundary_021 soc=0.6815 fc=160
progress step=168050 round=14/40 episode=13/30 sample=zero_boundary_022 soc=0.6949 fc=330
progress step=168100 round=14/40 episode=13/30 sample=zero_boundary_022 soc=0.6474 fc=180
progress step=168150 round=14/40 episode=13/30 sample=zero_boundary_022 soc=0.7315 fc=320
progress step=168200 round=14/40 episode=14/30 sample=zero_boundary_029 soc=0.6314 fc=420
progress step=168250 round=14/40 episode=14/30 sample=zero_boundary_029 soc=0.7550 fc=600
progress step=168300 round=14/40 episode=14/30 sample=zero_boundary_029 soc=0.7615 fc=420
progress step=168350 round=14/40 episode=14/30 sample=zero_boundary_029 soc=0.7865 fc=370
progress step=168400 round=14/40 episode=14/30 sample=zero_boundary_029 soc=0.7993 fc=20
progress step=168450 round=14/40 episode=14/30 sample=zero_boundary_029 soc=0.7991 fc=290
progress step=168500 round=14/40 episode=14/30 sample=zero_boundary_029 soc=0.7964 fc=100
progress step=168550 round=14/40 episode=14/30 sample=zero_boundary_029 soc=0.7994 fc=30
progress step=168600 round=14/40 episode=14/30 sample=zero_boundary_029 soc=0.7999 fc=0
progress step=168650 round=14/40 episode=14/30 sample=zero_boundary_029 soc=0.7999 fc=0
progress step=168700 round=14/40 episode=14/30 sample=zero_boundary_029 soc=0.7999 fc=0
progress step=168750 round=14/40 episode=14/30 sample=zero_boundary_029 soc=0.7999 fc=0
progress step=168800 round=14/40 episode=14/30 sample=zero_boundary_029 soc=0.7999 fc=0
progress step=168850 round=14/40 episode=14/30 sample=zero_boundary_029 soc=0.7999 fc=0
progress step=168900 round=14/40 episode=14/30 sample=zero_boundary_029 soc=0.7999 fc=0
progress step=168950 round=14/40 episode=14/30 sample=zero_boundary_029 soc=0.7999 fc=0
progress step=169000 round=14/40 episode=14/30 sample=zero_boundary_029 soc=0.7999 fc=0
progress step=169050 round=14/40 episode=14/30 sample=zero_boundary_029 soc=0.7999 fc=0
progress step=169100 round=14/40 episode=14/30 sample=zero_boundary_029 soc=0.7848 fc=260
progress step=169150 round=14/40 episode=14/30 sample=zero_boundary_029 soc=0.7984 fc=110
progress step=169200 round=14/40 episode=14/30 sample=zero_boundary_029 soc=0.7979 fc=10
progress step=169250 round=14/40 episode=14/30 sample=zero_boundary_029 soc=0.7991 fc=30
progress step=169300 round=14/40 episode=15/30 sample=zero_boundary_033 soc=0.7525 fc=400
progress step=169350 round=14/40 episode=15/30 sample=zero_boundary_033 soc=0.7846 fc=420
progress step=169400 round=14/40 episode=15/30 sample=zero_boundary_033 soc=0.7139 fc=120
progress step=169450 round=14/40 episode=15/30 sample=zero_boundary_033 soc=0.7186 fc=590
progress step=169500 round=14/40 episode=15/30 sample=zero_boundary_033 soc=0.7810 fc=400
progress step=169550 round=14/40 episode=15/30 sample=zero_boundary_033 soc=0.6831 fc=420
progress step=169600 round=14/40 episode=15/30 sample=zero_boundary_033 soc=0.7007 fc=420
progress step=169650 round=14/40 episode=15/30 sample=zero_boundary_033 soc=0.7999 fc=0
progress step=169700 round=14/40 episode=15/30 sample=zero_boundary_033 soc=0.7999 fc=0
progress step=169750 round=14/40 episode=15/30 sample=zero_boundary_033 soc=0.7999 fc=0
progress step=169800 round=14/40 episode=15/30 sample=zero_boundary_033 soc=0.7999 fc=0
progress step=169850 round=14/40 episode=15/30 sample=zero_boundary_033 soc=0.7999 fc=10
progress step=169900 round=14/40 episode=15/30 sample=zero_boundary_033 soc=0.8000 fc=0
progress step=169950 round=14/40 episode=15/30 sample=zero_boundary_033 soc=0.8000 fc=0
progress step=170000 round=14/40 episode=15/30 sample=zero_boundary_033 soc=0.8000 fc=0
progress step=170050 round=14/40 episode=15/30 sample=zero_boundary_033 soc=0.8000 fc=20
progress step=170100 round=14/40 episode=15/30 sample=zero_boundary_033 soc=0.7998 fc=0
progress step=170150 round=14/40 episode=15/30 sample=zero_boundary_033 soc=0.7997 fc=50
progress step=170200 round=14/40 episode=15/30 sample=zero_boundary_033 soc=0.7991 fc=70
progress step=170250 round=14/40 episode=16/30 sample=zero_boundary_034 soc=0.6773 fc=420
progress step=170300 round=14/40 episode=16/30 sample=zero_boundary_034 soc=0.8000 fc=0
progress step=170350 round=14/40 episode=16/30 sample=zero_boundary_034 soc=0.8000 fc=0
progress step=170400 round=14/40 episode=16/30 sample=zero_boundary_034 soc=0.8000 fc=0
progress step=170450 round=14/40 episode=16/30 sample=zero_boundary_034 soc=0.8000 fc=0
progress step=170500 round=14/40 episode=16/30 sample=zero_boundary_034 soc=0.8000 fc=0
progress step=170550 round=14/40 episode=16/30 sample=zero_boundary_034 soc=0.8000 fc=0
progress step=170600 round=14/40 episode=16/30 sample=zero_boundary_034 soc=0.8000 fc=0
progress step=170650 round=14/40 episode=16/30 sample=zero_boundary_034 soc=0.8000 fc=0
progress step=170700 round=14/40 episode=16/30 sample=zero_boundary_034 soc=0.8000 fc=0
progress step=170750 round=14/40 episode=16/30 sample=zero_boundary_034 soc=0.8000 fc=0
progress step=170800 round=14/40 episode=16/30 sample=zero_boundary_034 soc=0.8000 fc=0
progress step=170850 round=14/40 episode=16/30 sample=zero_boundary_034 soc=0.8000 fc=0
progress step=170900 round=14/40 episode=16/30 sample=zero_boundary_034 soc=0.8000 fc=0
progress step=170950 round=14/40 episode=16/30 sample=zero_boundary_034 soc=0.8000 fc=0
progress step=171000 round=14/40 episode=16/30 sample=zero_boundary_034 soc=0.8000 fc=0
progress step=171050 round=14/40 episode=16/30 sample=zero_boundary_034 soc=0.8000 fc=0
progress step=171100 round=14/40 episode=16/30 sample=zero_boundary_034 soc=0.7991 fc=0
progress step=171150 round=14/40 episode=16/30 sample=zero_boundary_034 soc=0.7995 fc=60
progress step=171200 round=14/40 episode=16/30 sample=zero_boundary_034 soc=0.7991 fc=270
progress step=171250 round=14/40 episode=16/30 sample=zero_boundary_034 soc=0.7992 fc=270
progress step=171300 round=14/40 episode=16/30 sample=zero_boundary_034 soc=0.7885 fc=280
progress step=171350 round=14/40 episode=16/30 sample=zero_boundary_034 soc=0.7986 fc=160
progress step=171400 round=14/40 episode=16/30 sample=zero_boundary_034 soc=0.7996 fc=60
progress step=171450 round=14/40 episode=16/30 sample=zero_boundary_034 soc=0.8000 fc=0
progress step=171500 round=14/40 episode=16/30 sample=zero_boundary_034 soc=0.8000 fc=0
progress step=171550 round=14/40 episode=16/30 sample=zero_boundary_034 soc=0.8000 fc=0
progress step=171600 round=14/40 episode=16/30 sample=zero_boundary_034 soc=0.8000 fc=0
progress step=171650 round=14/40 episode=16/30 sample=zero_boundary_034 soc=0.8000 fc=0
progress step=171700 round=14/40 episode=16/30 sample=zero_boundary_034 soc=0.8000 fc=0
progress step=171750 round=14/40 episode=16/30 sample=zero_boundary_034 soc=0.8000 fc=0
progress step=171800 round=14/40 episode=16/30 sample=zero_boundary_034 soc=0.8000 fc=0
progress step=171850 round=14/40 episode=16/30 sample=zero_boundary_034 soc=0.7998 fc=0
progress step=171900 round=14/40 episode=17/30 sample=zero_boundary_037 soc=0.6761 fc=380
progress step=171950 round=14/40 episode=17/30 sample=zero_boundary_037 soc=0.7189 fc=10
progress step=172000 round=14/40 episode=17/30 sample=zero_boundary_037 soc=0.7896 fc=60
progress step=172050 round=14/40 episode=17/30 sample=zero_boundary_037 soc=0.7987 fc=40
progress step=172100 round=14/40 episode=17/30 sample=zero_boundary_037 soc=0.7918 fc=460
progress step=172150 round=14/40 episode=17/30 sample=zero_boundary_037 soc=0.7674 fc=230
progress step=172200 round=14/40 episode=17/30 sample=zero_boundary_037 soc=0.6237 fc=380
progress step=172250 round=14/40 episode=17/30 sample=zero_boundary_037 soc=0.6755 fc=380
progress step=172300 round=14/40 episode=17/30 sample=zero_boundary_037 soc=0.7974 fc=270
progress step=172350 round=14/40 episode=17/30 sample=zero_boundary_037 soc=0.7980 fc=130
progress step=172400 round=14/40 episode=17/30 sample=zero_boundary_037 soc=0.7994 fc=0
progress step=172450 round=14/40 episode=17/30 sample=zero_boundary_037 soc=0.7988 fc=0
progress step=172500 round=14/40 episode=17/30 sample=zero_boundary_037 soc=0.7981 fc=210
progress step=172550 round=14/40 episode=17/30 sample=zero_boundary_037 soc=0.7997 fc=0
progress step=172600 round=14/40 episode=17/30 sample=zero_boundary_037 soc=0.7990 fc=90
progress step=172650 round=14/40 episode=17/30 sample=zero_boundary_037 soc=0.7993 fc=60
progress step=172700 round=14/40 episode=17/30 sample=zero_boundary_037 soc=0.8000 fc=0
progress step=172750 round=14/40 episode=17/30 sample=zero_boundary_037 soc=0.7982 fc=200
progress step=172800 round=14/40 episode=17/30 sample=zero_boundary_037 soc=0.8000 fc=40
progress step=172850 round=14/40 episode=17/30 sample=zero_boundary_037 soc=0.7995 fc=20
progress step=172900 round=14/40 episode=17/30 sample=zero_boundary_037 soc=0.7999 fc=0
progress step=172950 round=14/40 episode=17/30 sample=zero_boundary_037 soc=0.7999 fc=0
progress step=173000 round=14/40 episode=17/30 sample=zero_boundary_037 soc=0.8000 fc=0
progress step=173050 round=14/40 episode=17/30 sample=zero_boundary_037 soc=0.7982 fc=120
progress step=173100 round=14/40 episode=17/30 sample=zero_boundary_037 soc=0.7962 fc=380
progress step=173150 round=14/40 episode=17/30 sample=zero_boundary_037 soc=0.7996 fc=60
progress step=173200 round=14/40 episode=17/30 sample=zero_boundary_037 soc=0.7999 fc=0
progress step=173250 round=14/40 episode=17/30 sample=zero_boundary_037 soc=0.7988 fc=70
progress step=173300 round=14/40 episode=17/30 sample=zero_boundary_037 soc=0.7993 fc=70
progress step=173350 round=14/40 episode=17/30 sample=zero_boundary_037 soc=0.7993 fc=10
progress step=173400 round=14/40 episode=17/30 sample=zero_boundary_037 soc=0.7999 fc=10
progress step=173450 round=14/40 episode=17/30 sample=zero_boundary_037 soc=0.7989 fc=20
progress step=173500 round=14/40 episode=17/30 sample=zero_boundary_037 soc=0.7983 fc=50
progress step=173550 round=14/40 episode=17/30 sample=zero_boundary_037 soc=0.7988 fc=60
progress step=173600 round=14/40 episode=17/30 sample=zero_boundary_037 soc=0.7992 fc=10
progress step=173650 round=14/40 episode=17/30 sample=zero_boundary_037 soc=0.7981 fc=170
progress step=173700 round=14/40 episode=17/30 sample=zero_boundary_037 soc=0.7999 fc=30
progress step=173750 round=14/40 episode=17/30 sample=zero_boundary_037 soc=0.8000 fc=0
progress step=173800 round=14/40 episode=18/30 sample=zero_boundary_038 soc=0.7137 fc=500
progress step=173850 round=14/40 episode=18/30 sample=zero_boundary_038 soc=0.6831 fc=20
progress step=173900 round=14/40 episode=18/30 sample=zero_boundary_038 soc=0.6582 fc=510
progress step=173950 round=14/40 episode=18/30 sample=zero_boundary_038 soc=0.5813 fc=380
progress step=174000 round=14/40 episode=18/30 sample=zero_boundary_038 soc=0.4702 fc=570
progress step=174050 round=14/40 episode=18/30 sample=zero_boundary_038 soc=0.4239 fc=380
progress step=174100 round=14/40 episode=18/30 sample=zero_boundary_038 soc=0.5823 fc=380
progress step=174150 round=14/40 episode=18/30 sample=zero_boundary_038 soc=0.7762 fc=380
progress step=174200 round=14/40 episode=18/30 sample=zero_boundary_038 soc=0.7983 fc=120
progress step=174250 round=14/40 episode=18/30 sample=zero_boundary_038 soc=0.7795 fc=380
progress step=174300 round=14/40 episode=18/30 sample=zero_boundary_038 soc=0.7639 fc=60
progress step=174350 round=14/40 episode=18/30 sample=zero_boundary_038 soc=0.7210 fc=380
progress step=174400 round=14/40 episode=18/30 sample=zero_boundary_038 soc=0.6968 fc=300
progress step=174450 round=14/40 episode=18/30 sample=zero_boundary_038 soc=0.7652 fc=380
progress step=174500 round=14/40 episode=19/30 sample=zero_boundary_040 soc=0.6251 fc=240
progress step=174550 round=14/40 episode=19/30 sample=zero_boundary_040 soc=0.5523 fc=180
progress step=174600 round=14/40 episode=19/30 sample=zero_boundary_040 soc=0.4808 fc=400
progress step=174650 round=14/40 episode=19/30 sample=zero_boundary_040 soc=0.3979 fc=400
progress step=174700 round=14/40 episode=19/30 sample=zero_boundary_040 soc=0.4284 fc=380
progress step=174750 round=14/40 episode=19/30 sample=zero_boundary_040 soc=0.4599 fc=40
progress step=174800 round=14/40 episode=19/30 sample=zero_boundary_040 soc=0.6077 fc=80
progress step=174850 round=14/40 episode=19/30 sample=zero_boundary_040 soc=0.6152 fc=330
progress step=174900 round=14/40 episode=19/30 sample=zero_boundary_040 soc=0.5490 fc=400
progress step=174950 round=14/40 episode=19/30 sample=zero_boundary_040 soc=0.5135 fc=60
progress step=175000 round=14/40 episode=20/30 sample=zero_boundary_041 soc=0.5947 fc=400
progress step=175050 round=14/40 episode=20/30 sample=zero_boundary_041 soc=0.5399 fc=200
progress step=175100 round=14/40 episode=20/30 sample=zero_boundary_041 soc=0.2920 fc=120
progress step=175150 round=14/40 episode=21/30 sample=zero_boundary_042 soc=0.7082 fc=400
progress step=175200 round=14/40 episode=21/30 sample=zero_boundary_042 soc=0.6615 fc=400
progress step=175250 round=14/40 episode=21/30 sample=zero_boundary_042 soc=0.4969 fc=400
progress step=175300 round=14/40 episode=21/30 sample=zero_boundary_042 soc=0.2794 fc=400
progress step=175350 round=14/40 episode=21/30 sample=zero_boundary_042 soc=0.2000 fc=520
progress step=175400 round=14/40 episode=21/30 sample=zero_boundary_042 soc=0.2743 fc=590
progress step=175450 round=14/40 episode=21/30 sample=zero_boundary_042 soc=0.2105 fc=400
progress step=175500 round=14/40 episode=22/30 sample=zero_boundary_044 soc=0.6651 fc=400
progress step=175550 round=14/40 episode=22/30 sample=zero_boundary_044 soc=0.5932 fc=60
progress step=175600 round=14/40 episode=22/30 sample=zero_boundary_044 soc=0.4215 fc=450
progress step=175650 round=14/40 episode=23/30 sample=zero_boundary_045 soc=0.6661 fc=460
progress step=175700 round=14/40 episode=23/30 sample=zero_boundary_045 soc=0.6911 fc=350
progress step=175750 round=14/40 episode=23/30 sample=zero_boundary_045 soc=0.6370 fc=140
progress step=175800 round=14/40 episode=23/30 sample=zero_boundary_045 soc=0.5089 fc=500
progress step=175850 round=14/40 episode=23/30 sample=zero_boundary_045 soc=0.2985 fc=400
progress step=175900 round=14/40 episode=23/30 sample=zero_boundary_045 soc=0.2744 fc=400
progress step=175950 round=14/40 episode=24/30 sample=zero_boundary_046 soc=0.6252 fc=400
progress step=176000 round=14/40 episode=24/30 sample=zero_boundary_046 soc=0.5272 fc=260
progress step=176050 round=14/40 episode=24/30 sample=zero_boundary_046 soc=0.3816 fc=590
progress step=176100 round=14/40 episode=25/30 sample=zero_boundary_048 soc=0.6315 fc=530
progress step=176150 round=14/40 episode=25/30 sample=zero_boundary_048 soc=0.6016 fc=120
progress step=176200 round=14/40 episode=25/30 sample=zero_boundary_048 soc=0.4611 fc=380
progress step=176250 round=14/40 episode=25/30 sample=zero_boundary_048 soc=0.4224 fc=110
progress step=176300 round=14/40 episode=25/30 sample=zero_boundary_048 soc=0.5058 fc=20
progress step=176350 round=14/40 episode=25/30 sample=zero_boundary_048 soc=0.5112 fc=540
progress step=176400 round=14/40 episode=26/30 sample=zero_boundary_049 soc=0.6835 fc=570
progress step=176450 round=14/40 episode=26/30 sample=zero_boundary_049 soc=0.6971 fc=170
progress step=176500 round=14/40 episode=26/30 sample=zero_boundary_049 soc=0.6832 fc=510
progress step=176550 round=14/40 episode=26/30 sample=zero_boundary_049 soc=0.7122 fc=310
progress step=176600 round=14/40 episode=26/30 sample=zero_boundary_049 soc=0.7599 fc=200
progress step=176650 round=14/40 episode=27/30 sample=zero_boundary_050 soc=0.6173 fc=320
progress step=176700 round=14/40 episode=27/30 sample=zero_boundary_050 soc=0.6450 fc=600
progress step=176750 round=14/40 episode=27/30 sample=zero_boundary_050 soc=0.4971 fc=400
progress step=176800 round=14/40 episode=27/30 sample=zero_boundary_050 soc=0.3943 fc=240
progress step=176850 round=14/40 episode=27/30 sample=zero_boundary_050 soc=0.2378 fc=570
progress step=176900 round=14/40 episode=28/30 sample=zero_boundary_051 soc=0.6638 fc=250
progress step=176950 round=14/40 episode=28/30 sample=zero_boundary_051 soc=0.6685 fc=330
progress step=177000 round=14/40 episode=28/30 sample=zero_boundary_051 soc=0.7371 fc=300
progress step=177050 round=14/40 episode=29/30 sample=zero_boundary_052 soc=0.6559 fc=60
progress step=177100 round=14/40 episode=29/30 sample=zero_boundary_052 soc=0.4179 fc=430
progress step=177150 round=14/40 episode=29/30 sample=zero_boundary_052 soc=0.3598 fc=430
progress step=177200 round=14/40 episode=29/30 sample=zero_boundary_052 soc=0.4749 fc=480
progress step=177250 round=14/40 episode=30/30 sample=zero_boundary_053 soc=0.6494 fc=400
progress step=177300 round=14/40 episode=30/30 sample=zero_boundary_053 soc=0.6988 fc=530
progress step=177350 round=14/40 episode=30/30 sample=zero_boundary_053 soc=0.6089 fc=160
progress step=177400 round=14/40 episode=30/30 sample=zero_boundary_053 soc=0.6923 fc=110
progress step=177450 round=14/40 episode=30/30 sample=zero_boundary_053 soc=0.7348 fc=270
round 14/40 exploratory=20/30 greedy_train start
MONITOR round=14 exploratory=20/30 greedy_train=23/30 validation=SKIPPED cost=None updates=4928 best_round=7
round 15/40 start epsilon=0.6590
progress step=177500 round=15/40 episode=1/30 sample=zero_boundary_002 soc=0.6127 fc=580
progress step=177550 round=15/40 episode=1/30 sample=zero_boundary_002 soc=0.7155 fc=310
progress step=177600 round=15/40 episode=1/30 sample=zero_boundary_002 soc=0.4476 fc=400
progress step=177650 round=15/40 episode=1/30 sample=zero_boundary_002 soc=0.5286 fc=400
progress step=177700 round=15/40 episode=1/30 sample=zero_boundary_002 soc=0.4520 fc=50
progress step=177750 round=15/40 episode=1/30 sample=zero_boundary_002 soc=0.5279 fc=370
progress step=177800 round=15/40 episode=2/30 sample=zero_boundary_005 soc=0.6379 fc=400
progress step=177850 round=15/40 episode=2/30 sample=zero_boundary_005 soc=0.6996 fc=400
progress step=177900 round=15/40 episode=2/30 sample=zero_boundary_005 soc=0.5623 fc=410
progress step=177950 round=15/40 episode=2/30 sample=zero_boundary_005 soc=0.5536 fc=580
progress step=178000 round=15/40 episode=2/30 sample=zero_boundary_005 soc=0.5063 fc=0
progress step=178050 round=15/40 episode=2/30 sample=zero_boundary_005 soc=0.5059 fc=400
progress step=178100 round=15/40 episode=3/30 sample=zero_boundary_006 soc=0.6418 fc=470
progress step=178150 round=15/40 episode=3/30 sample=zero_boundary_006 soc=0.7567 fc=400
progress step=178200 round=15/40 episode=3/30 sample=zero_boundary_006 soc=0.7974 fc=180
progress step=178250 round=15/40 episode=3/30 sample=zero_boundary_006 soc=0.7962 fc=400
progress step=178300 round=15/40 episode=3/30 sample=zero_boundary_006 soc=0.7984 fc=40
progress step=178350 round=15/40 episode=3/30 sample=zero_boundary_006 soc=0.7987 fc=190
progress step=178400 round=15/40 episode=3/30 sample=zero_boundary_006 soc=0.7994 fc=30
progress step=178450 round=15/40 episode=4/30 sample=zero_boundary_007 soc=0.6385 fc=370
progress step=178500 round=15/40 episode=4/30 sample=zero_boundary_007 soc=0.6243 fc=400
progress step=178550 round=15/40 episode=4/30 sample=zero_boundary_007 soc=0.6188 fc=410
progress step=178600 round=15/40 episode=4/30 sample=zero_boundary_007 soc=0.7171 fc=400
progress step=178650 round=15/40 episode=4/30 sample=zero_boundary_007 soc=0.7500 fc=400
progress step=178700 round=15/40 episode=4/30 sample=zero_boundary_007 soc=0.7377 fc=530
progress step=178750 round=15/40 episode=5/30 sample=zero_boundary_008 soc=0.6847 fc=420
progress step=178800 round=15/40 episode=5/30 sample=zero_boundary_008 soc=0.3243 fc=420
progress step=178850 round=15/40 episode=6/30 sample=zero_boundary_011 soc=0.7409 fc=420
progress step=178900 round=15/40 episode=6/30 sample=zero_boundary_011 soc=0.7733 fc=520
progress step=178950 round=15/40 episode=6/30 sample=zero_boundary_011 soc=0.6765 fc=480
progress step=179000 round=15/40 episode=6/30 sample=zero_boundary_011 soc=0.5446 fc=420
progress step=179050 round=15/40 episode=6/30 sample=zero_boundary_011 soc=0.4413 fc=420
progress step=179100 round=15/40 episode=6/30 sample=zero_boundary_011 soc=0.3798 fc=400
progress step=179150 round=15/40 episode=6/30 sample=zero_boundary_011 soc=0.6134 fc=180
progress step=179200 round=15/40 episode=6/30 sample=zero_boundary_011 soc=0.7994 fc=0
progress step=179250 round=15/40 episode=6/30 sample=zero_boundary_011 soc=0.7993 fc=80
progress step=179300 round=15/40 episode=6/30 sample=zero_boundary_011 soc=0.7987 fc=70
progress step=179350 round=15/40 episode=6/30 sample=zero_boundary_011 soc=0.7999 fc=150
progress step=179400 round=15/40 episode=6/30 sample=zero_boundary_011 soc=0.7995 fc=0
progress step=179450 round=15/40 episode=6/30 sample=zero_boundary_011 soc=0.7978 fc=350
progress step=179500 round=15/40 episode=6/30 sample=zero_boundary_011 soc=0.7928 fc=220
progress step=179550 round=15/40 episode=6/30 sample=zero_boundary_011 soc=0.7986 fc=0
progress step=179600 round=15/40 episode=7/30 sample=zero_boundary_013 soc=0.7464 fc=340
progress step=179650 round=15/40 episode=7/30 sample=zero_boundary_013 soc=0.7934 fc=370
progress step=179700 round=15/40 episode=7/30 sample=zero_boundary_013 soc=0.7996 fc=300
progress step=179750 round=15/40 episode=7/30 sample=zero_boundary_013 soc=0.7985 fc=210
progress step=179800 round=15/40 episode=7/30 sample=zero_boundary_013 soc=0.7993 fc=10
progress step=179850 round=15/40 episode=7/30 sample=zero_boundary_013 soc=0.7994 fc=320
progress step=179900 round=15/40 episode=7/30 sample=zero_boundary_013 soc=0.7987 fc=20
progress step=179950 round=15/40 episode=8/30 sample=zero_boundary_015 soc=0.6732 fc=420
progress step=180000 round=15/40 episode=8/30 sample=zero_boundary_015 soc=0.6818 fc=420
progress step=180050 round=15/40 episode=8/30 sample=zero_boundary_015 soc=0.2200 fc=30
progress step=180100 round=15/40 episode=9/30 sample=zero_boundary_016 soc=0.7999 fc=0
progress step=180150 round=15/40 episode=9/30 sample=zero_boundary_016 soc=0.7419 fc=190
progress step=180200 round=15/40 episode=9/30 sample=zero_boundary_016 soc=0.5305 fc=420
progress step=180250 round=15/40 episode=9/30 sample=zero_boundary_016 soc=0.3485 fc=90
progress step=180300 round=15/40 episode=10/30 sample=zero_boundary_017 soc=0.6250 fc=250
progress step=180350 round=15/40 episode=10/30 sample=zero_boundary_017 soc=0.5368 fc=420
progress step=180400 round=15/40 episode=10/30 sample=zero_boundary_017 soc=0.3250 fc=420
progress step=180450 round=15/40 episode=11/30 sample=zero_boundary_020 soc=0.6779 fc=160
progress step=180500 round=15/40 episode=11/30 sample=zero_boundary_020 soc=0.7093 fc=530
progress step=180550 round=15/40 episode=12/30 sample=zero_boundary_021 soc=0.6532 fc=10
progress step=180600 round=15/40 episode=12/30 sample=zero_boundary_021 soc=0.7995 fc=100
progress step=180650 round=15/40 episode=12/30 sample=zero_boundary_021 soc=0.7464 fc=270
progress step=180700 round=15/40 episode=12/30 sample=zero_boundary_021 soc=0.6728 fc=410
progress step=180750 round=15/40 episode=12/30 sample=zero_boundary_021 soc=0.6193 fc=580
progress step=180800 round=15/40 episode=13/30 sample=zero_boundary_022 soc=0.6903 fc=450
progress step=180850 round=15/40 episode=13/30 sample=zero_boundary_022 soc=0.6401 fc=420
progress step=180900 round=15/40 episode=13/30 sample=zero_boundary_022 soc=0.6853 fc=270
progress step=180950 round=15/40 episode=13/30 sample=zero_boundary_022 soc=0.7999 fc=20
progress step=181000 round=15/40 episode=14/30 sample=zero_boundary_029 soc=0.7109 fc=350
progress step=181050 round=15/40 episode=14/30 sample=zero_boundary_029 soc=0.7188 fc=520
progress step=181100 round=15/40 episode=14/30 sample=zero_boundary_029 soc=0.7451 fc=540
progress step=181150 round=15/40 episode=14/30 sample=zero_boundary_029 soc=0.7991 fc=110
progress step=181200 round=15/40 episode=14/30 sample=zero_boundary_029 soc=0.7995 fc=50
progress step=181250 round=15/40 episode=14/30 sample=zero_boundary_029 soc=0.7999 fc=60
progress step=181300 round=15/40 episode=14/30 sample=zero_boundary_029 soc=0.7992 fc=80
progress step=181350 round=15/40 episode=14/30 sample=zero_boundary_029 soc=0.7999 fc=0
progress step=181400 round=15/40 episode=14/30 sample=zero_boundary_029 soc=0.7999 fc=0
progress step=181450 round=15/40 episode=14/30 sample=zero_boundary_029 soc=0.7999 fc=0
progress step=181500 round=15/40 episode=14/30 sample=zero_boundary_029 soc=0.7999 fc=0
progress step=181550 round=15/40 episode=14/30 sample=zero_boundary_029 soc=0.7999 fc=0
progress step=181600 round=15/40 episode=14/30 sample=zero_boundary_029 soc=0.7999 fc=0
progress step=181650 round=15/40 episode=14/30 sample=zero_boundary_029 soc=0.7999 fc=0
progress step=181700 round=15/40 episode=14/30 sample=zero_boundary_029 soc=0.7999 fc=0
progress step=181750 round=15/40 episode=14/30 sample=zero_boundary_029 soc=0.7999 fc=0
progress step=181800 round=15/40 episode=14/30 sample=zero_boundary_029 soc=0.7999 fc=0
progress step=181850 round=15/40 episode=14/30 sample=zero_boundary_029 soc=0.7999 fc=10
progress step=181900 round=15/40 episode=14/30 sample=zero_boundary_029 soc=0.7965 fc=10
progress step=181950 round=15/40 episode=14/30 sample=zero_boundary_029 soc=0.7976 fc=440
progress step=182000 round=15/40 episode=14/30 sample=zero_boundary_029 soc=0.7988 fc=140
progress step=182050 round=15/40 episode=15/30 sample=zero_boundary_033 soc=0.7189 fc=80
progress step=182100 round=15/40 episode=15/30 sample=zero_boundary_033 soc=0.7702 fc=420
progress step=182150 round=15/40 episode=15/30 sample=zero_boundary_033 soc=0.6879 fc=190
progress step=182200 round=15/40 episode=15/30 sample=zero_boundary_033 soc=0.7351 fc=490
progress step=182250 round=15/40 episode=15/30 sample=zero_boundary_033 soc=0.7680 fc=100
progress step=182300 round=15/40 episode=15/30 sample=zero_boundary_033 soc=0.6712 fc=310
progress step=182350 round=15/40 episode=15/30 sample=zero_boundary_033 soc=0.6341 fc=420
progress step=182400 round=15/40 episode=15/30 sample=zero_boundary_033 soc=0.7999 fc=0
progress step=182450 round=15/40 episode=15/30 sample=zero_boundary_033 soc=0.7999 fc=0
progress step=182500 round=15/40 episode=15/30 sample=zero_boundary_033 soc=0.7999 fc=0
progress step=182550 round=15/40 episode=15/30 sample=zero_boundary_033 soc=0.7999 fc=0
progress step=182600 round=15/40 episode=15/30 sample=zero_boundary_033 soc=0.7999 fc=0
progress step=182650 round=15/40 episode=15/30 sample=zero_boundary_033 soc=0.7999 fc=0
progress step=182700 round=15/40 episode=15/30 sample=zero_boundary_033 soc=0.8000 fc=0
progress step=182750 round=15/40 episode=15/30 sample=zero_boundary_033 soc=0.8000 fc=0
progress step=182800 round=15/40 episode=15/30 sample=zero_boundary_033 soc=0.7997 fc=30
progress step=182850 round=15/40 episode=15/30 sample=zero_boundary_033 soc=0.7995 fc=60
progress step=182900 round=15/40 episode=15/30 sample=zero_boundary_033 soc=0.7995 fc=30
progress step=182950 round=15/40 episode=15/30 sample=zero_boundary_033 soc=0.7992 fc=50
progress step=183000 round=15/40 episode=16/30 sample=zero_boundary_034 soc=0.6328 fc=460
progress step=183050 round=15/40 episode=16/30 sample=zero_boundary_034 soc=0.7999 fc=0
progress step=183100 round=15/40 episode=16/30 sample=zero_boundary_034 soc=0.7999 fc=0
progress step=183150 round=15/40 episode=16/30 sample=zero_boundary_034 soc=0.7999 fc=0
progress step=183200 round=15/40 episode=16/30 sample=zero_boundary_034 soc=0.7999 fc=0
progress step=183250 round=15/40 episode=16/30 sample=zero_boundary_034 soc=0.7999 fc=0
progress step=183300 round=15/40 episode=16/30 sample=zero_boundary_034 soc=0.7999 fc=0
progress step=183350 round=15/40 episode=16/30 sample=zero_boundary_034 soc=0.7999 fc=0
progress step=183400 round=15/40 episode=16/30 sample=zero_boundary_034 soc=0.7999 fc=0
progress step=183450 round=15/40 episode=16/30 sample=zero_boundary_034 soc=0.7999 fc=0
progress step=183500 round=15/40 episode=16/30 sample=zero_boundary_034 soc=0.7999 fc=0
progress step=183550 round=15/40 episode=16/30 sample=zero_boundary_034 soc=0.7999 fc=0
progress step=183600 round=15/40 episode=16/30 sample=zero_boundary_034 soc=0.7999 fc=0
progress step=183650 round=15/40 episode=16/30 sample=zero_boundary_034 soc=0.7999 fc=0
progress step=183700 round=15/40 episode=16/30 sample=zero_boundary_034 soc=0.7999 fc=0
progress step=183750 round=15/40 episode=16/30 sample=zero_boundary_034 soc=0.7999 fc=0
progress step=183800 round=15/40 episode=16/30 sample=zero_boundary_034 soc=0.7999 fc=0
progress step=183850 round=15/40 episode=16/30 sample=zero_boundary_034 soc=0.7999 fc=0
progress step=183900 round=15/40 episode=16/30 sample=zero_boundary_034 soc=0.7985 fc=50
progress step=183950 round=15/40 episode=16/30 sample=zero_boundary_034 soc=0.7993 fc=320
progress step=184000 round=15/40 episode=16/30 sample=zero_boundary_034 soc=0.7966 fc=70
progress step=184050 round=15/40 episode=16/30 sample=zero_boundary_034 soc=0.7993 fc=200
progress step=184100 round=15/40 episode=16/30 sample=zero_boundary_034 soc=0.7994 fc=110
progress step=184150 round=15/40 episode=16/30 sample=zero_boundary_034 soc=0.7999 fc=60
progress step=184200 round=15/40 episode=16/30 sample=zero_boundary_034 soc=0.7999 fc=0
progress step=184250 round=15/40 episode=16/30 sample=zero_boundary_034 soc=0.7999 fc=0
progress step=184300 round=15/40 episode=16/30 sample=zero_boundary_034 soc=0.7999 fc=0
progress step=184350 round=15/40 episode=16/30 sample=zero_boundary_034 soc=0.7999 fc=0
progress step=184400 round=15/40 episode=16/30 sample=zero_boundary_034 soc=0.7999 fc=0
progress step=184450 round=15/40 episode=16/30 sample=zero_boundary_034 soc=0.7999 fc=0
progress step=184500 round=15/40 episode=16/30 sample=zero_boundary_034 soc=0.7999 fc=0
progress step=184550 round=15/40 episode=16/30 sample=zero_boundary_034 soc=0.7999 fc=0
progress step=184600 round=15/40 episode=16/30 sample=zero_boundary_034 soc=0.7999 fc=0
progress step=184650 round=15/40 episode=17/30 sample=zero_boundary_037 soc=0.6682 fc=100
progress step=184700 round=15/40 episode=17/30 sample=zero_boundary_037 soc=0.7335 fc=180
progress step=184750 round=15/40 episode=17/30 sample=zero_boundary_037 soc=0.7877 fc=470
progress step=184800 round=15/40 episode=17/30 sample=zero_boundary_037 soc=0.7979 fc=90
progress step=184850 round=15/40 episode=17/30 sample=zero_boundary_037 soc=0.7991 fc=180
progress step=184900 round=15/40 episode=17/30 sample=zero_boundary_037 soc=0.7659 fc=70
progress step=184950 round=15/40 episode=17/30 sample=zero_boundary_037 soc=0.6651 fc=420
progress step=185000 round=15/40 episode=17/30 sample=zero_boundary_037 soc=0.6956 fc=560
progress step=185050 round=15/40 episode=17/30 sample=zero_boundary_037 soc=0.7990 fc=20
progress step=185100 round=15/40 episode=17/30 sample=zero_boundary_037 soc=0.8000 fc=20
progress step=185150 round=15/40 episode=17/30 sample=zero_boundary_037 soc=0.7998 fc=70
progress step=185200 round=15/40 episode=17/30 sample=zero_boundary_037 soc=0.7993 fc=50
progress step=185250 round=15/40 episode=17/30 sample=zero_boundary_037 soc=0.7996 fc=50
progress step=185300 round=15/40 episode=17/30 sample=zero_boundary_037 soc=0.7994 fc=10
progress step=185350 round=15/40 episode=17/30 sample=zero_boundary_037 soc=0.7991 fc=120
progress step=185400 round=15/40 episode=17/30 sample=zero_boundary_037 soc=0.7996 fc=10
progress step=185450 round=15/40 episode=17/30 sample=zero_boundary_037 soc=0.7989 fc=160
progress step=185500 round=15/40 episode=17/30 sample=zero_boundary_037 soc=0.7994 fc=100
progress step=185550 round=15/40 episode=17/30 sample=zero_boundary_037 soc=0.7981 fc=120
progress step=185600 round=15/40 episode=17/30 sample=zero_boundary_037 soc=0.7997 fc=50
progress step=185650 round=15/40 episode=17/30 sample=zero_boundary_037 soc=0.8000 fc=0
progress step=185700 round=15/40 episode=17/30 sample=zero_boundary_037 soc=0.8000 fc=0
progress step=185750 round=15/40 episode=17/30 sample=zero_boundary_037 soc=0.8000 fc=0
progress step=185800 round=15/40 episode=17/30 sample=zero_boundary_037 soc=0.7996 fc=20
progress step=185850 round=15/40 episode=17/30 sample=zero_boundary_037 soc=0.7994 fc=60
progress step=185900 round=15/40 episode=17/30 sample=zero_boundary_037 soc=0.7994 fc=20
progress step=185950 round=15/40 episode=17/30 sample=zero_boundary_037 soc=0.7998 fc=20
progress step=186000 round=15/40 episode=17/30 sample=zero_boundary_037 soc=0.7998 fc=40
progress step=186050 round=15/40 episode=17/30 sample=zero_boundary_037 soc=0.8000 fc=0
progress step=186100 round=15/40 episode=17/30 sample=zero_boundary_037 soc=0.7998 fc=20
progress step=186150 round=15/40 episode=17/30 sample=zero_boundary_037 soc=0.7992 fc=60
progress step=186200 round=15/40 episode=17/30 sample=zero_boundary_037 soc=0.7994 fc=40
progress step=186250 round=15/40 episode=17/30 sample=zero_boundary_037 soc=0.7998 fc=20
progress step=186300 round=15/40 episode=17/30 sample=zero_boundary_037 soc=0.7996 fc=50
progress step=186350 round=15/40 episode=17/30 sample=zero_boundary_037 soc=0.8000 fc=30
progress step=186400 round=15/40 episode=17/30 sample=zero_boundary_037 soc=0.7997 fc=20
progress step=186450 round=15/40 episode=17/30 sample=zero_boundary_037 soc=0.7996 fc=20
progress step=186500 round=15/40 episode=17/30 sample=zero_boundary_037 soc=0.7998 fc=0
progress step=186550 round=15/40 episode=18/30 sample=zero_boundary_038 soc=0.6712 fc=350
progress step=186600 round=15/40 episode=18/30 sample=zero_boundary_038 soc=0.6283 fc=170
progress step=186650 round=15/40 episode=18/30 sample=zero_boundary_038 soc=0.5682 fc=10
progress step=186700 round=15/40 episode=18/30 sample=zero_boundary_038 soc=0.5143 fc=240
progress step=186750 round=15/40 episode=18/30 sample=zero_boundary_038 soc=0.3870 fc=10
progress step=186800 round=15/40 episode=18/30 sample=zero_boundary_038 soc=0.2651 fc=350
progress step=186850 round=15/40 episode=18/30 sample=zero_boundary_038 soc=0.4046 fc=160
progress step=186900 round=15/40 episode=18/30 sample=zero_boundary_038 soc=0.5737 fc=350
progress step=186950 round=15/40 episode=18/30 sample=zero_boundary_038 soc=0.7627 fc=350
progress step=187000 round=15/40 episode=18/30 sample=zero_boundary_038 soc=0.7868 fc=550
progress step=187050 round=15/40 episode=18/30 sample=zero_boundary_038 soc=0.7412 fc=190
progress step=187100 round=15/40 episode=18/30 sample=zero_boundary_038 soc=0.6897 fc=190
progress step=187150 round=15/40 episode=18/30 sample=zero_boundary_038 soc=0.6639 fc=10
progress step=187200 round=15/40 episode=18/30 sample=zero_boundary_038 soc=0.6932 fc=350
progress step=187250 round=15/40 episode=19/30 sample=zero_boundary_040 soc=0.6266 fc=230
progress step=187300 round=15/40 episode=19/30 sample=zero_boundary_040 soc=0.5869 fc=350
progress step=187350 round=15/40 episode=19/30 sample=zero_boundary_040 soc=0.4674 fc=150
progress step=187400 round=15/40 episode=19/30 sample=zero_boundary_040 soc=0.3597 fc=420
progress step=187450 round=15/40 episode=19/30 sample=zero_boundary_040 soc=0.4235 fc=130
progress step=187500 round=15/40 episode=19/30 sample=zero_boundary_040 soc=0.4200 fc=400
progress step=187550 round=15/40 episode=19/30 sample=zero_boundary_040 soc=0.5337 fc=350
progress step=187600 round=15/40 episode=19/30 sample=zero_boundary_040 soc=0.5802 fc=350
progress step=187650 round=15/40 episode=19/30 sample=zero_boundary_040 soc=0.5218 fc=110
progress step=187700 round=15/40 episode=19/30 sample=zero_boundary_040 soc=0.4175 fc=90
progress step=187750 round=15/40 episode=20/30 sample=zero_boundary_041 soc=0.6164 fc=10
progress step=187800 round=15/40 episode=20/30 sample=zero_boundary_041 soc=0.5528 fc=110
progress step=187850 round=15/40 episode=20/30 sample=zero_boundary_041 soc=0.2988 fc=350
progress step=187900 round=15/40 episode=21/30 sample=zero_boundary_042 soc=0.6853 fc=350
progress step=187950 round=15/40 episode=21/30 sample=zero_boundary_042 soc=0.6010 fc=350
progress step=188000 round=15/40 episode=21/30 sample=zero_boundary_042 soc=0.4699 fc=250
progress step=188050 round=15/40 episode=21/30 sample=zero_boundary_042 soc=0.2609 fc=350
progress step=188100 round=15/40 episode=21/30 sample=zero_boundary_042 soc=0.2000 fc=590
progress step=188150 round=15/40 episode=21/30 sample=zero_boundary_042 soc=0.2279 fc=200
progress step=188200 round=15/40 episode=21/30 sample=zero_boundary_042 soc=0.2083 fc=490
progress step=188250 round=15/40 episode=22/30 sample=zero_boundary_044 soc=0.6588 fc=100
progress step=188300 round=15/40 episode=22/30 sample=zero_boundary_044 soc=0.5923 fc=280
progress step=188350 round=15/40 episode=22/30 sample=zero_boundary_044 soc=0.3866 fc=80
progress step=188400 round=15/40 episode=23/30 sample=zero_boundary_045 soc=0.6754 fc=350
progress step=188450 round=15/40 episode=23/30 sample=zero_boundary_045 soc=0.6739 fc=60
progress step=188500 round=15/40 episode=23/30 sample=zero_boundary_045 soc=0.5950 fc=300
progress step=188550 round=15/40 episode=23/30 sample=zero_boundary_045 soc=0.4054 fc=500
progress step=188600 round=15/40 episode=24/30 sample=zero_boundary_046 soc=0.6000 fc=350
progress step=188650 round=15/40 episode=24/30 sample=zero_boundary_046 soc=0.5575 fc=370
progress step=188700 round=15/40 episode=24/30 sample=zero_boundary_046 soc=0.4032 fc=350
progress step=188750 round=15/40 episode=25/30 sample=zero_boundary_048 soc=0.6118 fc=420
progress step=188800 round=15/40 episode=25/30 sample=zero_boundary_048 soc=0.6152 fc=580
progress step=188850 round=15/40 episode=25/30 sample=zero_boundary_048 soc=0.4571 fc=120
progress step=188900 round=15/40 episode=25/30 sample=zero_boundary_048 soc=0.3737 fc=350
progress step=188950 round=15/40 episode=25/30 sample=zero_boundary_048 soc=0.4589 fc=530
progress step=189000 round=15/40 episode=25/30 sample=zero_boundary_048 soc=0.4438 fc=350
progress step=189050 round=15/40 episode=26/30 sample=zero_boundary_049 soc=0.6588 fc=170
progress step=189100 round=15/40 episode=26/30 sample=zero_boundary_049 soc=0.6959 fc=300
progress step=189150 round=15/40 episode=26/30 sample=zero_boundary_049 soc=0.6824 fc=500
progress step=189200 round=15/40 episode=26/30 sample=zero_boundary_049 soc=0.6753 fc=130
progress step=189250 round=15/40 episode=26/30 sample=zero_boundary_049 soc=0.7342 fc=340
progress step=189300 round=15/40 episode=26/30 sample=zero_boundary_049 soc=0.7998 fc=10
progress step=189350 round=15/40 episode=27/30 sample=zero_boundary_050 soc=0.6600 fc=440
progress step=189400 round=15/40 episode=27/30 sample=zero_boundary_050 soc=0.5513 fc=100
progress step=189450 round=15/40 episode=27/30 sample=zero_boundary_050 soc=0.3867 fc=470
progress step=189500 round=15/40 episode=27/30 sample=zero_boundary_050 soc=0.2644 fc=440
progress step=189550 round=15/40 episode=28/30 sample=zero_boundary_051 soc=0.6764 fc=460
progress step=189600 round=15/40 episode=28/30 sample=zero_boundary_051 soc=0.7026 fc=340
progress step=189650 round=15/40 episode=28/30 sample=zero_boundary_051 soc=0.7615 fc=440
progress step=189700 round=15/40 episode=29/30 sample=zero_boundary_052 soc=0.6642 fc=400
progress step=189750 round=15/40 episode=29/30 sample=zero_boundary_052 soc=0.4639 fc=450
progress step=189800 round=15/40 episode=29/30 sample=zero_boundary_052 soc=0.3761 fc=350
progress step=189850 round=15/40 episode=29/30 sample=zero_boundary_052 soc=0.4688 fc=350
progress step=189900 round=15/40 episode=30/30 sample=zero_boundary_053 soc=0.6393 fc=540
progress step=189950 round=15/40 episode=30/30 sample=zero_boundary_053 soc=0.7237 fc=120
progress step=190000 round=15/40 episode=30/30 sample=zero_boundary_053 soc=0.6177 fc=280
progress step=190050 round=15/40 episode=30/30 sample=zero_boundary_053 soc=0.6548 fc=440
progress step=190100 round=15/40 episode=30/30 sample=zero_boundary_053 soc=0.6915 fc=470
round 15/40 exploratory=20/30 greedy_train start
MONITOR round=15 exploratory=20/30 greedy_train=27/30 validation=SKIPPED cost=None updates=5248 best_round=7
round 16/40 start epsilon=0.6346
progress step=190150 round=16/40 episode=1/30 sample=zero_boundary_002 soc=0.6028 fc=320
progress step=190200 round=16/40 episode=1/30 sample=zero_boundary_002 soc=0.7446 fc=440
progress step=190250 round=16/40 episode=1/30 sample=zero_boundary_002 soc=0.4656 fc=190
progress step=190300 round=16/40 episode=1/30 sample=zero_boundary_002 soc=0.5463 fc=130
progress step=190350 round=16/40 episode=1/30 sample=zero_boundary_002 soc=0.4910 fc=370
progress step=190400 round=16/40 episode=1/30 sample=zero_boundary_002 soc=0.5705 fc=250
progress step=190450 round=16/40 episode=2/30 sample=zero_boundary_005 soc=0.6220 fc=440
progress step=190500 round=16/40 episode=2/30 sample=zero_boundary_005 soc=0.7430 fc=440
progress step=190550 round=16/40 episode=2/30 sample=zero_boundary_005 soc=0.6244 fc=170
progress step=190600 round=16/40 episode=2/30 sample=zero_boundary_005 soc=0.6048 fc=440
progress step=190650 round=16/40 episode=2/30 sample=zero_boundary_005 soc=0.5507 fc=440
progress step=190700 round=16/40 episode=2/30 sample=zero_boundary_005 soc=0.5697 fc=10
progress step=190750 round=16/40 episode=3/30 sample=zero_boundary_006 soc=0.6278 fc=440
progress step=190800 round=16/40 episode=3/30 sample=zero_boundary_006 soc=0.7953 fc=60
progress step=190850 round=16/40 episode=3/30 sample=zero_boundary_006 soc=0.7999 fc=20
progress step=190900 round=16/40 episode=3/30 sample=zero_boundary_006 soc=0.7931 fc=440
progress step=190950 round=16/40 episode=3/30 sample=zero_boundary_006 soc=0.7999 fc=20
progress step=191000 round=16/40 episode=3/30 sample=zero_boundary_006 soc=0.7968 fc=320
progress step=191050 round=16/40 episode=3/30 sample=zero_boundary_006 soc=0.7999 fc=50
progress step=191100 round=16/40 episode=4/30 sample=zero_boundary_007 soc=0.6326 fc=60
progress step=191150 round=16/40 episode=4/30 sample=zero_boundary_007 soc=0.6427 fc=400
progress step=191200 round=16/40 episode=4/30 sample=zero_boundary_007 soc=0.6255 fc=400
progress step=191250 round=16/40 episode=4/30 sample=zero_boundary_007 soc=0.6877 fc=400
progress step=191300 round=16/40 episode=4/30 sample=zero_boundary_007 soc=0.7234 fc=90
progress step=191350 round=16/40 episode=4/30 sample=zero_boundary_007 soc=0.7097 fc=420
progress step=191400 round=16/40 episode=5/30 sample=zero_boundary_008 soc=0.6751 fc=530
progress step=191450 round=16/40 episode=5/30 sample=zero_boundary_008 soc=0.3667 fc=400
progress step=191500 round=16/40 episode=6/30 sample=zero_boundary_011 soc=0.7162 fc=20
progress step=191550 round=16/40 episode=6/30 sample=zero_boundary_011 soc=0.7757 fc=270
progress step=191600 round=16/40 episode=6/30 sample=zero_boundary_011 soc=0.6819 fc=510
progress step=191650 round=16/40 episode=6/30 sample=zero_boundary_011 soc=0.5572 fc=250
progress step=191700 round=16/40 episode=6/30 sample=zero_boundary_011 soc=0.4504 fc=400
progress step=191750 round=16/40 episode=6/30 sample=zero_boundary_011 soc=0.3938 fc=70
progress step=191800 round=16/40 episode=6/30 sample=zero_boundary_011 soc=0.5757 fc=410
progress step=191850 round=16/40 episode=6/30 sample=zero_boundary_011 soc=0.7493 fc=150
progress step=191900 round=16/40 episode=6/30 sample=zero_boundary_011 soc=0.7993 fc=0
progress step=191950 round=16/40 episode=6/30 sample=zero_boundary_011 soc=0.7998 fc=0
progress step=192000 round=16/40 episode=6/30 sample=zero_boundary_011 soc=0.7972 fc=350
progress step=192050 round=16/40 episode=6/30 sample=zero_boundary_011 soc=0.7984 fc=300
progress step=192100 round=16/40 episode=6/30 sample=zero_boundary_011 soc=0.7968 fc=280
progress step=192150 round=16/40 episode=6/30 sample=zero_boundary_011 soc=0.7982 fc=400
progress step=192200 round=16/40 episode=6/30 sample=zero_boundary_011 soc=0.7999 fc=0
progress step=192250 round=16/40 episode=7/30 sample=zero_boundary_013 soc=0.7411 fc=340
progress step=192300 round=16/40 episode=7/30 sample=zero_boundary_013 soc=0.7938 fc=390
progress step=192350 round=16/40 episode=7/30 sample=zero_boundary_013 soc=0.7780 fc=190
progress step=192400 round=16/40 episode=7/30 sample=zero_boundary_013 soc=0.7626 fc=390
progress step=192450 round=16/40 episode=7/30 sample=zero_boundary_013 soc=0.7970 fc=390
progress step=192500 round=16/40 episode=7/30 sample=zero_boundary_013 soc=0.7932 fc=570
progress step=192550 round=16/40 episode=7/30 sample=zero_boundary_013 soc=0.7995 fc=20
progress step=192600 round=16/40 episode=8/30 sample=zero_boundary_015 soc=0.6869 fc=220
progress step=192650 round=16/40 episode=8/30 sample=zero_boundary_015 soc=0.6893 fc=390
progress step=192700 round=16/40 episode=8/30 sample=zero_boundary_015 soc=0.2775 fc=480
progress step=192750 round=16/40 episode=9/30 sample=zero_boundary_016 soc=0.7487 fc=390
progress step=192800 round=16/40 episode=9/30 sample=zero_boundary_016 soc=0.7597 fc=20
progress step=192850 round=16/40 episode=9/30 sample=zero_boundary_016 soc=0.5584 fc=350
progress step=192900 round=16/40 episode=9/30 sample=zero_boundary_016 soc=0.3624 fc=390
progress step=192950 round=16/40 episode=10/30 sample=zero_boundary_017 soc=0.6212 fc=280
progress step=193000 round=16/40 episode=10/30 sample=zero_boundary_017 soc=0.4814 fc=390
progress step=193050 round=16/40 episode=10/30 sample=zero_boundary_017 soc=0.2189 fc=390
progress step=193100 round=16/40 episode=11/30 sample=zero_boundary_020 soc=0.6637 fc=390
progress step=193150 round=16/40 episode=11/30 sample=zero_boundary_020 soc=0.6829 fc=220
progress step=193200 round=16/40 episode=12/30 sample=zero_boundary_021 soc=0.7119 fc=390
progress step=193250 round=16/40 episode=12/30 sample=zero_boundary_021 soc=0.7982 fc=400
progress step=193300 round=16/40 episode=12/30 sample=zero_boundary_021 soc=0.7246 fc=450
progress step=193350 round=16/40 episode=12/30 sample=zero_boundary_021 soc=0.6552 fc=390
progress step=193400 round=16/40 episode=12/30 sample=zero_boundary_021 soc=0.6510 fc=100
progress step=193450 round=16/40 episode=13/30 sample=zero_boundary_022 soc=0.6725 fc=30
progress step=193500 round=16/40 episode=13/30 sample=zero_boundary_022 soc=0.6584 fc=420
progress step=193550 round=16/40 episode=13/30 sample=zero_boundary_022 soc=0.7302 fc=40
progress step=193600 round=16/40 episode=14/30 sample=zero_boundary_029 soc=0.6337 fc=280
progress step=193650 round=16/40 episode=14/30 sample=zero_boundary_029 soc=0.7299 fc=400
progress step=193700 round=16/40 episode=14/30 sample=zero_boundary_029 soc=0.7279 fc=580
progress step=193750 round=16/40 episode=14/30 sample=zero_boundary_029 soc=0.7340 fc=260
progress step=193800 round=16/40 episode=14/30 sample=zero_boundary_029 soc=0.7993 fc=0
progress step=193850 round=16/40 episode=14/30 sample=zero_boundary_029 soc=0.7965 fc=400
progress step=193900 round=16/40 episode=14/30 sample=zero_boundary_029 soc=0.7996 fc=130
progress step=193950 round=16/40 episode=14/30 sample=zero_boundary_029 soc=0.8000 fc=0
progress step=194000 round=16/40 episode=14/30 sample=zero_boundary_029 soc=0.8000 fc=0
progress step=194050 round=16/40 episode=14/30 sample=zero_boundary_029 soc=0.8000 fc=0
progress step=194100 round=16/40 episode=14/30 sample=zero_boundary_029 soc=0.8000 fc=0
progress step=194150 round=16/40 episode=14/30 sample=zero_boundary_029 soc=0.8000 fc=0
progress step=194200 round=16/40 episode=14/30 sample=zero_boundary_029 soc=0.8000 fc=0
progress step=194250 round=16/40 episode=14/30 sample=zero_boundary_029 soc=0.8000 fc=0
progress step=194300 round=16/40 episode=14/30 sample=zero_boundary_029 soc=0.8000 fc=0
progress step=194350 round=16/40 episode=14/30 sample=zero_boundary_029 soc=0.8000 fc=0
progress step=194400 round=16/40 episode=14/30 sample=zero_boundary_029 soc=0.8000 fc=0
progress step=194450 round=16/40 episode=14/30 sample=zero_boundary_029 soc=0.8000 fc=0
progress step=194500 round=16/40 episode=14/30 sample=zero_boundary_029 soc=0.7962 fc=310
progress step=194550 round=16/40 episode=14/30 sample=zero_boundary_029 soc=0.8000 fc=0
progress step=194600 round=16/40 episode=14/30 sample=zero_boundary_029 soc=0.7999 fc=270
progress step=194650 round=16/40 episode=14/30 sample=zero_boundary_029 soc=0.7990 fc=60
progress step=194700 round=16/40 episode=15/30 sample=zero_boundary_033 soc=0.7793 fc=490
progress step=194750 round=16/40 episode=15/30 sample=zero_boundary_033 soc=0.7828 fc=100
progress step=194800 round=16/40 episode=15/30 sample=zero_boundary_033 soc=0.7335 fc=400
progress step=194850 round=16/40 episode=15/30 sample=zero_boundary_033 soc=0.7114 fc=480
progress step=194900 round=16/40 episode=15/30 sample=zero_boundary_033 soc=0.7712 fc=20
progress step=194950 round=16/40 episode=15/30 sample=zero_boundary_033 soc=0.6233 fc=420
progress step=195000 round=16/40 episode=15/30 sample=zero_boundary_033 soc=0.7025 fc=420
progress step=195050 round=16/40 episode=15/30 sample=zero_boundary_033 soc=0.8000 fc=0
progress step=195100 round=16/40 episode=15/30 sample=zero_boundary_033 soc=0.8000 fc=0
progress step=195150 round=16/40 episode=15/30 sample=zero_boundary_033 soc=0.8000 fc=0
progress step=195200 round=16/40 episode=15/30 sample=zero_boundary_033 soc=0.7999 fc=0
progress step=195250 round=16/40 episode=15/30 sample=zero_boundary_033 soc=0.7999 fc=0
progress step=195300 round=16/40 episode=15/30 sample=zero_boundary_033 soc=0.7999 fc=0
progress step=195350 round=16/40 episode=15/30 sample=zero_boundary_033 soc=0.7999 fc=0
progress step=195400 round=16/40 episode=15/30 sample=zero_boundary_033 soc=0.7999 fc=0
progress step=195450 round=16/40 episode=15/30 sample=zero_boundary_033 soc=0.7993 fc=20
progress step=195500 round=16/40 episode=15/30 sample=zero_boundary_033 soc=0.7986 fc=130
progress step=195550 round=16/40 episode=15/30 sample=zero_boundary_033 soc=0.7999 fc=0
progress step=195600 round=16/40 episode=15/30 sample=zero_boundary_033 soc=0.7988 fc=0
progress step=195650 round=16/40 episode=16/30 sample=zero_boundary_034 soc=0.6963 fc=270
progress step=195700 round=16/40 episode=16/30 sample=zero_boundary_034 soc=0.8000 fc=0
progress step=195750 round=16/40 episode=16/30 sample=zero_boundary_034 soc=0.8000 fc=0
progress step=195800 round=16/40 episode=16/30 sample=zero_boundary_034 soc=0.8000 fc=0
progress step=195850 round=16/40 episode=16/30 sample=zero_boundary_034 soc=0.8000 fc=0
progress step=195900 round=16/40 episode=16/30 sample=zero_boundary_034 soc=0.8000 fc=0
progress step=195950 round=16/40 episode=16/30 sample=zero_boundary_034 soc=0.8000 fc=0
progress step=196000 round=16/40 episode=16/30 sample=zero_boundary_034 soc=0.8000 fc=0
progress step=196050 round=16/40 episode=16/30 sample=zero_boundary_034 soc=0.8000 fc=0
progress step=196100 round=16/40 episode=16/30 sample=zero_boundary_034 soc=0.8000 fc=0
progress step=196150 round=16/40 episode=16/30 sample=zero_boundary_034 soc=0.8000 fc=0
progress step=196200 round=16/40 episode=16/30 sample=zero_boundary_034 soc=0.8000 fc=0
progress step=196250 round=16/40 episode=16/30 sample=zero_boundary_034 soc=0.8000 fc=0
progress step=196300 round=16/40 episode=16/30 sample=zero_boundary_034 soc=0.8000 fc=0
progress step=196350 round=16/40 episode=16/30 sample=zero_boundary_034 soc=0.8000 fc=0
progress step=196400 round=16/40 episode=16/30 sample=zero_boundary_034 soc=0.8000 fc=0
progress step=196450 round=16/40 episode=16/30 sample=zero_boundary_034 soc=0.8000 fc=0
progress step=196500 round=16/40 episode=16/30 sample=zero_boundary_034 soc=0.7975 fc=120
progress step=196550 round=16/40 episode=16/30 sample=zero_boundary_034 soc=0.7988 fc=10
progress step=196600 round=16/40 episode=16/30 sample=zero_boundary_034 soc=0.7951 fc=450
progress step=196650 round=16/40 episode=16/30 sample=zero_boundary_034 soc=0.7953 fc=420
progress step=196700 round=16/40 episode=16/30 sample=zero_boundary_034 soc=0.7905 fc=420
progress step=196750 round=16/40 episode=16/30 sample=zero_boundary_034 soc=0.7975 fc=200
progress step=196800 round=16/40 episode=16/30 sample=zero_boundary_034 soc=0.7999 fc=20
progress step=196850 round=16/40 episode=16/30 sample=zero_boundary_034 soc=0.7999 fc=0
progress step=196900 round=16/40 episode=16/30 sample=zero_boundary_034 soc=0.7999 fc=0
progress step=196950 round=16/40 episode=16/30 sample=zero_boundary_034 soc=0.7999 fc=0
progress step=197000 round=16/40 episode=16/30 sample=zero_boundary_034 soc=0.7999 fc=0
progress step=197050 round=16/40 episode=16/30 sample=zero_boundary_034 soc=0.7999 fc=0
progress step=197100 round=16/40 episode=16/30 sample=zero_boundary_034 soc=0.7999 fc=0
progress step=197150 round=16/40 episode=16/30 sample=zero_boundary_034 soc=0.7999 fc=0
progress step=197200 round=16/40 episode=16/30 sample=zero_boundary_034 soc=0.7999 fc=0
progress step=197250 round=16/40 episode=16/30 sample=zero_boundary_034 soc=0.7984 fc=0
progress step=197300 round=16/40 episode=17/30 sample=zero_boundary_037 soc=0.7085 fc=70
progress step=197350 round=16/40 episode=17/30 sample=zero_boundary_037 soc=0.7744 fc=400
progress step=197400 round=16/40 episode=17/30 sample=zero_boundary_037 soc=0.7999 fc=30
progress step=197450 round=16/40 episode=17/30 sample=zero_boundary_037 soc=0.7975 fc=310
progress step=197500 round=16/40 episode=17/30 sample=zero_boundary_037 soc=0.7878 fc=160
progress step=197550 round=16/40 episode=17/30 sample=zero_boundary_037 soc=0.7182 fc=470
progress step=197600 round=16/40 episode=17/30 sample=zero_boundary_037 soc=0.5883 fc=410
progress step=197650 round=16/40 episode=17/30 sample=zero_boundary_037 soc=0.6821 fc=190
progress step=197700 round=16/40 episode=17/30 sample=zero_boundary_037 soc=0.7987 fc=20
progress step=197750 round=16/40 episode=17/30 sample=zero_boundary_037 soc=0.7988 fc=0
progress step=197800 round=16/40 episode=17/30 sample=zero_boundary_037 soc=0.7982 fc=0
progress step=197850 round=16/40 episode=17/30 sample=zero_boundary_037 soc=0.7994 fc=90
progress step=197900 round=16/40 episode=17/30 sample=zero_boundary_037 soc=0.7988 fc=110
progress step=197950 round=16/40 episode=17/30 sample=zero_boundary_037 soc=0.7980 fc=110
progress step=198000 round=16/40 episode=17/30 sample=zero_boundary_037 soc=0.7981 fc=0
progress step=198050 round=16/40 episode=17/30 sample=zero_boundary_037 soc=0.7988 fc=0
progress step=198100 round=16/40 episode=17/30 sample=zero_boundary_037 soc=0.7977 fc=210
progress step=198150 round=16/40 episode=17/30 sample=zero_boundary_037 soc=0.7984 fc=40
progress step=198200 round=16/40 episode=17/30 sample=zero_boundary_037 soc=0.7992 fc=30
progress step=198250 round=16/40 episode=17/30 sample=zero_boundary_037 soc=0.7998 fc=0
progress step=198300 round=16/40 episode=17/30 sample=zero_boundary_037 soc=0.7999 fc=0
progress step=198350 round=16/40 episode=17/30 sample=zero_boundary_037 soc=0.7999 fc=0
progress step=198400 round=16/40 episode=17/30 sample=zero_boundary_037 soc=0.7997 fc=0
progress step=198450 round=16/40 episode=17/30 sample=zero_boundary_037 soc=0.7989 fc=0
progress step=198500 round=16/40 episode=17/30 sample=zero_boundary_037 soc=0.7981 fc=170
progress step=198550 round=16/40 episode=17/30 sample=zero_boundary_037 soc=0.7992 fc=0
progress step=198600 round=16/40 episode=17/30 sample=zero_boundary_037 soc=0.7982 fc=0
progress step=198650 round=16/40 episode=17/30 sample=zero_boundary_037 soc=0.7985 fc=0
progress step=198700 round=16/40 episode=17/30 sample=zero_boundary_037 soc=0.7998 fc=60
progress step=198750 round=16/40 episode=17/30 sample=zero_boundary_037 soc=0.7993 fc=0
progress step=198800 round=16/40 episode=17/30 sample=zero_boundary_037 soc=0.7996 fc=0
progress step=198850 round=16/40 episode=17/30 sample=zero_boundary_037 soc=0.7999 fc=0
progress step=198900 round=16/40 episode=17/30 sample=zero_boundary_037 soc=0.7995 fc=70
progress step=198950 round=16/40 episode=17/30 sample=zero_boundary_037 soc=0.7996 fc=0
progress step=199000 round=16/40 episode=17/30 sample=zero_boundary_037 soc=0.7998 fc=0
progress step=199050 round=16/40 episode=17/30 sample=zero_boundary_037 soc=0.7984 fc=100
progress step=199100 round=16/40 episode=17/30 sample=zero_boundary_037 soc=0.8000 fc=10
progress step=199150 round=16/40 episode=17/30 sample=zero_boundary_037 soc=0.7994 fc=20
progress step=199200 round=16/40 episode=18/30 sample=zero_boundary_038 soc=0.7111 fc=330
progress step=199250 round=16/40 episode=18/30 sample=zero_boundary_038 soc=0.6616 fc=30
progress step=199300 round=16/40 episode=18/30 sample=zero_boundary_038 soc=0.6514 fc=370
progress step=199350 round=16/40 episode=18/30 sample=zero_boundary_038 soc=0.5854 fc=110
progress step=199400 round=16/40 episode=18/30 sample=zero_boundary_038 soc=0.4967 fc=390
progress step=199450 round=16/40 episode=18/30 sample=zero_boundary_038 soc=0.4606 fc=390
progress step=199500 round=16/40 episode=18/30 sample=zero_boundary_038 soc=0.6368 fc=500
progress step=199550 round=16/40 episode=18/30 sample=zero_boundary_038 soc=0.8000 fc=0
progress step=199600 round=16/40 episode=18/30 sample=zero_boundary_038 soc=0.7997 fc=10
progress step=199650 round=16/40 episode=18/30 sample=zero_boundary_038 soc=0.7708 fc=390
progress step=199700 round=16/40 episode=18/30 sample=zero_boundary_038 soc=0.7353 fc=520
progress step=199750 round=16/40 episode=18/30 sample=zero_boundary_038 soc=0.7012 fc=390
progress step=199800 round=16/40 episode=18/30 sample=zero_boundary_038 soc=0.6754 fc=310
progress step=199850 round=16/40 episode=18/30 sample=zero_boundary_038 soc=0.7948 fc=220
progress step=199900 round=16/40 episode=19/30 sample=zero_boundary_040 soc=0.6259 fc=340
progress step=199950 round=16/40 episode=19/30 sample=zero_boundary_040 soc=0.5341 fc=310
progress step=200000 round=16/40 episode=19/30 sample=zero_boundary_040 soc=0.4880 fc=40
progress step=200050 round=16/40 episode=19/30 sample=zero_boundary_040 soc=0.4271 fc=540
progress step=200100 round=16/40 episode=19/30 sample=zero_boundary_040 soc=0.4316 fc=600
progress step=200150 round=16/40 episode=19/30 sample=zero_boundary_040 soc=0.4474 fc=70
progress step=200200 round=16/40 episode=19/30 sample=zero_boundary_040 soc=0.6029 fc=130
progress step=200250 round=16/40 episode=19/30 sample=zero_boundary_040 soc=0.6011 fc=390
progress step=200300 round=16/40 episode=19/30 sample=zero_boundary_040 soc=0.5370 fc=410
progress step=200350 round=16/40 episode=19/30 sample=zero_boundary_040 soc=0.5182 fc=360
progress step=200400 round=16/40 episode=20/30 sample=zero_boundary_041 soc=0.5978 fc=20
progress step=200450 round=16/40 episode=20/30 sample=zero_boundary_041 soc=0.5233 fc=400
progress step=200500 round=16/40 episode=20/30 sample=zero_boundary_041 soc=0.2874 fc=350
progress step=200550 round=16/40 episode=21/30 sample=zero_boundary_042 soc=0.6977 fc=400
progress step=200600 round=16/40 episode=21/30 sample=zero_boundary_042 soc=0.6100 fc=290
progress step=200650 round=16/40 episode=21/30 sample=zero_boundary_042 soc=0.4533 fc=400
progress step=200700 round=16/40 episode=21/30 sample=zero_boundary_042 soc=0.2885 fc=590
progress step=200750 round=16/40 episode=21/30 sample=zero_boundary_042 soc=0.2002 fc=510
progress step=200800 round=16/40 episode=21/30 sample=zero_boundary_042 soc=0.3620 fc=400
progress step=200850 round=16/40 episode=21/30 sample=zero_boundary_042 soc=0.2220 fc=580
progress step=200900 round=16/40 episode=22/30 sample=zero_boundary_044 soc=0.6612 fc=400
progress step=200950 round=16/40 episode=22/30 sample=zero_boundary_044 soc=0.5902 fc=400
progress step=201000 round=16/40 episode=22/30 sample=zero_boundary_044 soc=0.3970 fc=290
progress step=201050 round=16/40 episode=23/30 sample=zero_boundary_045 soc=0.6808 fc=400
progress step=201100 round=16/40 episode=23/30 sample=zero_boundary_045 soc=0.6902 fc=400
progress step=201150 round=16/40 episode=23/30 sample=zero_boundary_045 soc=0.6475 fc=400
progress step=201200 round=16/40 episode=23/30 sample=zero_boundary_045 soc=0.4943 fc=400
progress step=201250 round=16/40 episode=23/30 sample=zero_boundary_045 soc=0.2963 fc=40
progress step=201300 round=16/40 episode=23/30 sample=zero_boundary_045 soc=0.2445 fc=400
progress step=201350 round=16/40 episode=24/30 sample=zero_boundary_046 soc=0.6149 fc=210
progress step=201400 round=16/40 episode=24/30 sample=zero_boundary_046 soc=0.5236 fc=570
progress step=201450 round=16/40 episode=24/30 sample=zero_boundary_046 soc=0.3889 fc=400
progress step=201500 round=16/40 episode=24/30 sample=zero_boundary_046 soc=0.2002 fc=550
progress step=201550 round=16/40 episode=25/30 sample=zero_boundary_048 soc=0.6355 fc=400
progress step=201600 round=16/40 episode=25/30 sample=zero_boundary_048 soc=0.4840 fc=150
progress step=201650 round=16/40 episode=25/30 sample=zero_boundary_048 soc=0.4235 fc=390
progress step=201700 round=16/40 episode=25/30 sample=zero_boundary_048 soc=0.5450 fc=400
progress step=201750 round=16/40 episode=25/30 sample=zero_boundary_048 soc=0.5710 fc=400
progress step=201800 round=16/40 episode=26/30 sample=zero_boundary_049 soc=0.6549 fc=210
progress step=201850 round=16/40 episode=26/30 sample=zero_boundary_049 soc=0.7183 fc=210
progress step=201900 round=16/40 episode=26/30 sample=zero_boundary_049 soc=0.7103 fc=370
progress step=201950 round=16/40 episode=26/30 sample=zero_boundary_049 soc=0.7001 fc=430
progress step=202000 round=16/40 episode=26/30 sample=zero_boundary_049 soc=0.7424 fc=40
progress step=202050 round=16/40 episode=26/30 sample=zero_boundary_049 soc=0.7984 fc=0
progress step=202100 round=16/40 episode=27/30 sample=zero_boundary_050 soc=0.6545 fc=30
progress step=202150 round=16/40 episode=27/30 sample=zero_boundary_050 soc=0.5176 fc=570
progress step=202200 round=16/40 episode=27/30 sample=zero_boundary_050 soc=0.3770 fc=410
progress step=202250 round=16/40 episode=27/30 sample=zero_boundary_050 soc=0.2739 fc=330
progress step=202300 round=16/40 episode=28/30 sample=zero_boundary_051 soc=0.6342 fc=140
progress step=202350 round=16/40 episode=28/30 sample=zero_boundary_051 soc=0.6359 fc=370
progress step=202400 round=16/40 episode=28/30 sample=zero_boundary_051 soc=0.7146 fc=410
progress step=202450 round=16/40 episode=29/30 sample=zero_boundary_052 soc=0.6788 fc=400
progress step=202500 round=16/40 episode=29/30 sample=zero_boundary_052 soc=0.4640 fc=200
progress step=202550 round=16/40 episode=29/30 sample=zero_boundary_052 soc=0.3590 fc=400
progress step=202600 round=16/40 episode=29/30 sample=zero_boundary_052 soc=0.4462 fc=80
progress step=202650 round=16/40 episode=30/30 sample=zero_boundary_053 soc=0.6120 fc=400
progress step=202700 round=16/40 episode=30/30 sample=zero_boundary_053 soc=0.7327 fc=80
progress step=202750 round=16/40 episode=30/30 sample=zero_boundary_053 soc=0.6184 fc=310
progress step=202800 round=16/40 episode=30/30 sample=zero_boundary_053 soc=0.6481 fc=290
progress step=202850 round=16/40 episode=30/30 sample=zero_boundary_053 soc=0.6938 fc=170
progress step=202900 round=16/40 episode=30/30 sample=zero_boundary_053 soc=0.7998 fc=0
round 16/40 exploratory=20/30 greedy_train start
MONITOR round=16 exploratory=20/30 greedy_train=23/30 validation=SKIPPED cost=None updates=5568 best_round=7
round 17/40 start epsilon=0.6103
progress step=202950 round=17/40 episode=1/30 sample=zero_boundary_002 soc=0.7191 fc=400
progress step=203000 round=17/40 episode=1/30 sample=zero_boundary_002 soc=0.4606 fc=400
progress step=203050 round=17/40 episode=1/30 sample=zero_boundary_002 soc=0.4492 fc=330
progress step=203100 round=17/40 episode=1/30 sample=zero_boundary_002 soc=0.4052 fc=130
progress step=203150 round=17/40 episode=1/30 sample=zero_boundary_002 soc=0.4543 fc=400
progress step=203200 round=17/40 episode=2/30 sample=zero_boundary_005 soc=0.6000 fc=260
progress step=203250 round=17/40 episode=2/30 sample=zero_boundary_005 soc=0.6925 fc=120
progress step=203300 round=17/40 episode=2/30 sample=zero_boundary_005 soc=0.5579 fc=520
progress step=203350 round=17/40 episode=2/30 sample=zero_boundary_005 soc=0.5856 fc=400
progress step=203400 round=17/40 episode=2/30 sample=zero_boundary_005 soc=0.5417 fc=230
progress step=203450 round=17/40 episode=2/30 sample=zero_boundary_005 soc=0.5352 fc=400
progress step=203500 round=17/40 episode=3/30 sample=zero_boundary_006 soc=0.6117 fc=600
progress step=203550 round=17/40 episode=3/30 sample=zero_boundary_006 soc=0.7717 fc=70
progress step=203600 round=17/40 episode=3/30 sample=zero_boundary_006 soc=0.7963 fc=400
progress step=203650 round=17/40 episode=3/30 sample=zero_boundary_006 soc=0.7976 fc=10
progress step=203700 round=17/40 episode=3/30 sample=zero_boundary_006 soc=0.7997 fc=70
progress step=203750 round=17/40 episode=3/30 sample=zero_boundary_006 soc=0.7992 fc=50
progress step=203800 round=17/40 episode=3/30 sample=zero_boundary_006 soc=0.7985 fc=250
progress step=203850 round=17/40 episode=4/30 sample=zero_boundary_007 soc=0.6057 fc=390
progress step=203900 round=17/40 episode=4/30 sample=zero_boundary_007 soc=0.6546 fc=350
progress step=203950 round=17/40 episode=4/30 sample=zero_boundary_007 soc=0.6369 fc=600
progress step=204000 round=17/40 episode=4/30 sample=zero_boundary_007 soc=0.6801 fc=150
progress step=204050 round=17/40 episode=4/30 sample=zero_boundary_007 soc=0.7410 fc=390
progress step=204100 round=17/40 episode=4/30 sample=zero_boundary_007 soc=0.7036 fc=580
progress step=204150 round=17/40 episode=5/30 sample=zero_boundary_008 soc=0.6675 fc=190
progress step=204200 round=17/40 episode=5/30 sample=zero_boundary_008 soc=0.3874 fc=390
progress step=204250 round=17/40 episode=6/30 sample=zero_boundary_011 soc=0.7103 fc=480
progress step=204300 round=17/40 episode=6/30 sample=zero_boundary_011 soc=0.7896 fc=230
progress step=204350 round=17/40 episode=6/30 sample=zero_boundary_011 soc=0.6780 fc=420
progress step=204400 round=17/40 episode=6/30 sample=zero_boundary_011 soc=0.5332 fc=390
progress step=204450 round=17/40 episode=6/30 sample=zero_boundary_011 soc=0.4261 fc=460
progress step=204500 round=17/40 episode=6/30 sample=zero_boundary_011 soc=0.3375 fc=390
progress step=204550 round=17/40 episode=6/30 sample=zero_boundary_011 soc=0.5275 fc=550
progress step=204600 round=17/40 episode=6/30 sample=zero_boundary_011 soc=0.7340 fc=30
progress step=204650 round=17/40 episode=6/30 sample=zero_boundary_011 soc=0.7987 fc=130
progress step=204700 round=17/40 episode=6/30 sample=zero_boundary_011 soc=0.7966 fc=290
progress step=204750 round=17/40 episode=6/30 sample=zero_boundary_011 soc=0.7954 fc=390
progress step=204800 round=17/40 episode=6/30 sample=zero_boundary_011 soc=0.7999 fc=0
progress step=204850 round=17/40 episode=6/30 sample=zero_boundary_011 soc=0.7960 fc=240
progress step=204900 round=17/40 episode=6/30 sample=zero_boundary_011 soc=0.7805 fc=290
progress step=204950 round=17/40 episode=6/30 sample=zero_boundary_011 soc=0.7805 fc=390
progress step=205000 round=17/40 episode=7/30 sample=zero_boundary_013 soc=0.7129 fc=390
progress step=205050 round=17/40 episode=7/30 sample=zero_boundary_013 soc=0.7955 fc=70
progress step=205100 round=17/40 episode=7/30 sample=zero_boundary_013 soc=0.7942 fc=380
progress step=205150 round=17/40 episode=7/30 sample=zero_boundary_013 soc=0.7594 fc=540
progress step=205200 round=17/40 episode=7/30 sample=zero_boundary_013 soc=0.7982 fc=170
progress step=205250 round=17/40 episode=7/30 sample=zero_boundary_013 soc=0.7954 fc=390
progress step=205300 round=17/40 episode=7/30 sample=zero_boundary_013 soc=0.7986 fc=0
progress step=205350 round=17/40 episode=8/30 sample=zero_boundary_015 soc=0.6540 fc=560
progress step=205400 round=17/40 episode=8/30 sample=zero_boundary_015 soc=0.6411 fc=140
progress step=205450 round=17/40 episode=8/30 sample=zero_boundary_015 soc=0.2610 fc=270
progress step=205500 round=17/40 episode=9/30 sample=zero_boundary_016 soc=0.7534 fc=450
progress step=205550 round=17/40 episode=9/30 sample=zero_boundary_016 soc=0.7490 fc=390
progress step=205600 round=17/40 episode=9/30 sample=zero_boundary_016 soc=0.5722 fc=240
progress step=205650 round=17/40 episode=9/30 sample=zero_boundary_016 soc=0.3791 fc=390
progress step=205700 round=17/40 episode=10/30 sample=zero_boundary_017 soc=0.6357 fc=390
progress step=205750 round=17/40 episode=10/30 sample=zero_boundary_017 soc=0.4728 fc=580
progress step=205800 round=17/40 episode=10/30 sample=zero_boundary_017 soc=0.2264 fc=390
progress step=205850 round=17/40 episode=11/30 sample=zero_boundary_020 soc=0.6646 fc=520
progress step=205900 round=17/40 episode=11/30 sample=zero_boundary_020 soc=0.6973 fc=390
progress step=205950 round=17/40 episode=12/30 sample=zero_boundary_021 soc=0.6939 fc=340
progress step=206000 round=17/40 episode=12/30 sample=zero_boundary_021 soc=0.7825 fc=390
progress step=206050 round=17/40 episode=12/30 sample=zero_boundary_021 soc=0.7266 fc=500
progress step=206100 round=17/40 episode=12/30 sample=zero_boundary_021 soc=0.6458 fc=150
progress step=206150 round=17/40 episode=12/30 sample=zero_boundary_021 soc=0.6684 fc=560
progress step=206200 round=17/40 episode=13/30 sample=zero_boundary_022 soc=0.6726 fc=370
progress step=206250 round=17/40 episode=13/30 sample=zero_boundary_022 soc=0.6657 fc=390
progress step=206300 round=17/40 episode=13/30 sample=zero_boundary_022 soc=0.7236 fc=280
progress step=206350 round=17/40 episode=14/30 sample=zero_boundary_029 soc=0.6328 fc=420
progress step=206400 round=17/40 episode=14/30 sample=zero_boundary_029 soc=0.7451 fc=80
progress step=206450 round=17/40 episode=14/30 sample=zero_boundary_029 soc=0.7477 fc=440
progress step=206500 round=17/40 episode=14/30 sample=zero_boundary_029 soc=0.7608 fc=580
progress step=206550 round=17/40 episode=14/30 sample=zero_boundary_029 soc=0.7982 fc=0
progress step=206600 round=17/40 episode=14/30 sample=zero_boundary_029 soc=0.7973 fc=420
progress step=206650 round=17/40 episode=14/30 sample=zero_boundary_029 soc=0.7971 fc=330
progress step=206700 round=17/40 episode=14/30 sample=zero_boundary_029 soc=0.8000 fc=0
progress step=206750 round=17/40 episode=14/30 sample=zero_boundary_029 soc=0.8000 fc=0
progress step=206800 round=17/40 episode=14/30 sample=zero_boundary_029 soc=0.8000 fc=0
progress step=206850 round=17/40 episode=14/30 sample=zero_boundary_029 soc=0.8000 fc=0
progress step=206900 round=17/40 episode=14/30 sample=zero_boundary_029 soc=0.8000 fc=0
progress step=206950 round=17/40 episode=14/30 sample=zero_boundary_029 soc=0.8000 fc=0
progress step=207000 round=17/40 episode=14/30 sample=zero_boundary_029 soc=0.8000 fc=0
progress step=207050 round=17/40 episode=14/30 sample=zero_boundary_029 soc=0.8000 fc=0
progress step=207100 round=17/40 episode=14/30 sample=zero_boundary_029 soc=0.8000 fc=0
progress step=207150 round=17/40 episode=14/30 sample=zero_boundary_029 soc=0.8000 fc=0
progress step=207200 round=17/40 episode=14/30 sample=zero_boundary_029 soc=0.8000 fc=0
progress step=207250 round=17/40 episode=14/30 sample=zero_boundary_029 soc=0.7998 fc=0
progress step=207300 round=17/40 episode=14/30 sample=zero_boundary_029 soc=0.7998 fc=0
progress step=207350 round=17/40 episode=14/30 sample=zero_boundary_029 soc=0.7931 fc=80
progress step=207400 round=17/40 episode=14/30 sample=zero_boundary_029 soc=0.7995 fc=0
progress step=207450 round=17/40 episode=15/30 sample=zero_boundary_033 soc=0.7782 fc=420
progress step=207500 round=17/40 episode=15/30 sample=zero_boundary_033 soc=0.7837 fc=560
progress step=207550 round=17/40 episode=15/30 sample=zero_boundary_033 soc=0.7462 fc=510
progress step=207600 round=17/40 episode=15/30 sample=zero_boundary_033 soc=0.7352 fc=360
progress step=207650 round=17/40 episode=15/30 sample=zero_boundary_033 soc=0.7613 fc=580
progress step=207700 round=17/40 episode=15/30 sample=zero_boundary_033 soc=0.6657 fc=440
progress step=207750 round=17/40 episode=15/30 sample=zero_boundary_033 soc=0.7529 fc=270
progress step=207800 round=17/40 episode=15/30 sample=zero_boundary_033 soc=0.8000 fc=0
progress step=207850 round=17/40 episode=15/30 sample=zero_boundary_033 soc=0.8000 fc=0
progress step=207900 round=17/40 episode=15/30 sample=zero_boundary_033 soc=0.8000 fc=0
progress step=207950 round=17/40 episode=15/30 sample=zero_boundary_033 soc=0.8000 fc=0
progress step=208000 round=17/40 episode=15/30 sample=zero_boundary_033 soc=0.7999 fc=0
progress step=208050 round=17/40 episode=15/30 sample=zero_boundary_033 soc=0.7999 fc=0
progress step=208100 round=17/40 episode=15/30 sample=zero_boundary_033 soc=0.7999 fc=0
progress step=208150 round=17/40 episode=15/30 sample=zero_boundary_033 soc=0.7997 fc=0
progress step=208200 round=17/40 episode=15/30 sample=zero_boundary_033 soc=0.8000 fc=0
progress step=208250 round=17/40 episode=15/30 sample=zero_boundary_033 soc=0.7985 fc=0
progress step=208300 round=17/40 episode=15/30 sample=zero_boundary_033 soc=0.7995 fc=50
progress step=208350 round=17/40 episode=15/30 sample=zero_boundary_033 soc=0.7998 fc=20
progress step=208400 round=17/40 episode=16/30 sample=zero_boundary_034 soc=0.6851 fc=400
progress step=208450 round=17/40 episode=16/30 sample=zero_boundary_034 soc=0.8000 fc=0
progress step=208500 round=17/40 episode=16/30 sample=zero_boundary_034 soc=0.8000 fc=0
progress step=208550 round=17/40 episode=16/30 sample=zero_boundary_034 soc=0.8000 fc=0
progress step=208600 round=17/40 episode=16/30 sample=zero_boundary_034 soc=0.8000 fc=0
progress step=208650 round=17/40 episode=16/30 sample=zero_boundary_034 soc=0.8000 fc=0
progress step=208700 round=17/40 episode=16/30 sample=zero_boundary_034 soc=0.8000 fc=0
progress step=208750 round=17/40 episode=16/30 sample=zero_boundary_034 soc=0.8000 fc=0
progress step=208800 round=17/40 episode=16/30 sample=zero_boundary_034 soc=0.8000 fc=0
progress step=208850 round=17/40 episode=16/30 sample=zero_boundary_034 soc=0.8000 fc=0
progress step=208900 round=17/40 episode=16/30 sample=zero_boundary_034 soc=0.8000 fc=0
progress step=208950 round=17/40 episode=16/30 sample=zero_boundary_034 soc=0.8000 fc=0
progress step=209000 round=17/40 episode=16/30 sample=zero_boundary_034 soc=0.8000 fc=0
progress step=209050 round=17/40 episode=16/30 sample=zero_boundary_034 soc=0.8000 fc=0
progress step=209100 round=17/40 episode=16/30 sample=zero_boundary_034 soc=0.8000 fc=0
progress step=209150 round=17/40 episode=16/30 sample=zero_boundary_034 soc=0.8000 fc=0
progress step=209200 round=17/40 episode=16/30 sample=zero_boundary_034 soc=0.8000 fc=0
progress step=209250 round=17/40 episode=16/30 sample=zero_boundary_034 soc=0.7999 fc=0
progress step=209300 round=17/40 episode=16/30 sample=zero_boundary_034 soc=0.7981 fc=210
progress step=209350 round=17/40 episode=16/30 sample=zero_boundary_034 soc=0.7965 fc=400
progress step=209400 round=17/40 episode=16/30 sample=zero_boundary_034 soc=0.7970 fc=210
progress step=209450 round=17/40 episode=16/30 sample=zero_boundary_034 soc=0.7917 fc=360
progress step=209500 round=17/40 episode=16/30 sample=zero_boundary_034 soc=0.7995 fc=0
progress step=209550 round=17/40 episode=16/30 sample=zero_boundary_034 soc=0.7998 fc=0
progress step=209600 round=17/40 episode=16/30 sample=zero_boundary_034 soc=0.8000 fc=0
progress step=209650 round=17/40 episode=16/30 sample=zero_boundary_034 soc=0.8000 fc=0
progress step=209700 round=17/40 episode=16/30 sample=zero_boundary_034 soc=0.8000 fc=0
progress step=209750 round=17/40 episode=16/30 sample=zero_boundary_034 soc=0.8000 fc=0
progress step=209800 round=17/40 episode=16/30 sample=zero_boundary_034 soc=0.8000 fc=0
progress step=209850 round=17/40 episode=16/30 sample=zero_boundary_034 soc=0.8000 fc=0
progress step=209900 round=17/40 episode=16/30 sample=zero_boundary_034 soc=0.8000 fc=0
progress step=209950 round=17/40 episode=16/30 sample=zero_boundary_034 soc=0.8000 fc=0
progress step=210000 round=17/40 episode=16/30 sample=zero_boundary_034 soc=0.7979 fc=90
progress step=210050 round=17/40 episode=17/30 sample=zero_boundary_037 soc=0.6979 fc=400
progress step=210100 round=17/40 episode=17/30 sample=zero_boundary_037 soc=0.7475 fc=350
progress step=210150 round=17/40 episode=17/30 sample=zero_boundary_037 soc=0.7959 fc=360
progress step=210200 round=17/40 episode=17/30 sample=zero_boundary_037 soc=0.7972 fc=10
progress step=210250 round=17/40 episode=17/30 sample=zero_boundary_037 soc=0.7902 fc=400
progress step=210300 round=17/40 episode=17/30 sample=zero_boundary_037 soc=0.7377 fc=90
progress step=210350 round=17/40 episode=17/30 sample=zero_boundary_037 soc=0.6130 fc=400
progress step=210400 round=17/40 episode=17/30 sample=zero_boundary_037 soc=0.6835 fc=360
progress step=210450 round=17/40 episode=17/30 sample=zero_boundary_037 soc=0.7974 fc=0
progress step=210500 round=17/40 episode=17/30 sample=zero_boundary_037 soc=0.7978 fc=0
progress step=210550 round=17/40 episode=17/30 sample=zero_boundary_037 soc=0.7994 fc=40
progress step=210600 round=17/40 episode=17/30 sample=zero_boundary_037 soc=0.7982 fc=110
progress step=210650 round=17/40 episode=17/30 sample=zero_boundary_037 soc=0.7995 fc=0
progress step=210700 round=17/40 episode=17/30 sample=zero_boundary_037 soc=0.7999 fc=0
progress step=210750 round=17/40 episode=17/30 sample=zero_boundary_037 soc=0.7980 fc=180
progress step=210800 round=17/40 episode=17/30 sample=zero_boundary_037 soc=0.7969 fc=90
progress step=210850 round=17/40 episode=17/30 sample=zero_boundary_037 soc=0.7967 fc=310
progress step=210900 round=17/40 episode=17/30 sample=zero_boundary_037 soc=0.7987 fc=0
progress step=210950 round=17/40 episode=17/30 sample=zero_boundary_037 soc=0.7978 fc=70
progress step=211000 round=17/40 episode=17/30 sample=zero_boundary_037 soc=0.7970 fc=170
progress step=211050 round=17/40 episode=17/30 sample=zero_boundary_037 soc=0.7999 fc=0
progress step=211100 round=17/40 episode=17/30 sample=zero_boundary_037 soc=0.7999 fc=0
progress step=211150 round=17/40 episode=17/30 sample=zero_boundary_037 soc=0.7995 fc=0
progress step=211200 round=17/40 episode=17/30 sample=zero_boundary_037 soc=0.7998 fc=0
progress step=211250 round=17/40 episode=17/30 sample=zero_boundary_037 soc=0.7991 fc=60
progress step=211300 round=17/40 episode=17/30 sample=zero_boundary_037 soc=0.7986 fc=0
progress step=211350 round=17/40 episode=17/30 sample=zero_boundary_037 soc=0.7971 fc=180
progress step=211400 round=17/40 episode=17/30 sample=zero_boundary_037 soc=0.7996 fc=40
progress step=211450 round=17/40 episode=17/30 sample=zero_boundary_037 soc=0.7995 fc=30
progress step=211500 round=17/40 episode=17/30 sample=zero_boundary_037 soc=0.7990 fc=0
progress step=211550 round=17/40 episode=17/30 sample=zero_boundary_037 soc=0.7987 fc=0
progress step=211600 round=17/40 episode=17/30 sample=zero_boundary_037 soc=0.7985 fc=0
progress step=211650 round=17/40 episode=17/30 sample=zero_boundary_037 soc=0.7992 fc=0
progress step=211700 round=17/40 episode=17/30 sample=zero_boundary_037 soc=0.7992 fc=90
progress step=211750 round=17/40 episode=17/30 sample=zero_boundary_037 soc=0.7991 fc=0
progress step=211800 round=17/40 episode=17/30 sample=zero_boundary_037 soc=0.7992 fc=90
progress step=211850 round=17/40 episode=17/30 sample=zero_boundary_037 soc=0.7991 fc=0
progress step=211900 round=17/40 episode=17/30 sample=zero_boundary_037 soc=0.7998 fc=0
progress step=211950 round=17/40 episode=18/30 sample=zero_boundary_038 soc=0.6934 fc=600
progress step=212000 round=17/40 episode=18/30 sample=zero_boundary_038 soc=0.6639 fc=490
progress step=212050 round=17/40 episode=18/30 sample=zero_boundary_038 soc=0.6589 fc=70
progress step=212100 round=17/40 episode=18/30 sample=zero_boundary_038 soc=0.5563 fc=560
progress step=212150 round=17/40 episode=18/30 sample=zero_boundary_038 soc=0.4634 fc=310
progress step=212200 round=17/40 episode=18/30 sample=zero_boundary_038 soc=0.4061 fc=200
progress step=212250 round=17/40 episode=18/30 sample=zero_boundary_038 soc=0.5808 fc=400
progress step=212300 round=17/40 episode=18/30 sample=zero_boundary_038 soc=0.7758 fc=150
progress step=212350 round=17/40 episode=18/30 sample=zero_boundary_038 soc=0.7992 fc=0
progress step=212400 round=17/40 episode=18/30 sample=zero_boundary_038 soc=0.7892 fc=260
progress step=212450 round=17/40 episode=18/30 sample=zero_boundary_038 soc=0.7846 fc=400
progress step=212500 round=17/40 episode=18/30 sample=zero_boundary_038 soc=0.7655 fc=400
progress step=212550 round=17/40 episode=18/30 sample=zero_boundary_038 soc=0.7451 fc=400
progress step=212600 round=17/40 episode=18/30 sample=zero_boundary_038 soc=0.7987 fc=0
progress step=212650 round=17/40 episode=19/30 sample=zero_boundary_040 soc=0.6108 fc=400
progress step=212700 round=17/40 episode=19/30 sample=zero_boundary_040 soc=0.5512 fc=480
progress step=212750 round=17/40 episode=19/30 sample=zero_boundary_040 soc=0.5528 fc=400
progress step=212800 round=17/40 episode=19/30 sample=zero_boundary_040 soc=0.4808 fc=390
progress step=212850 round=17/40 episode=19/30 sample=zero_boundary_040 soc=0.5043 fc=440
progress step=212900 round=17/40 episode=19/30 sample=zero_boundary_040 soc=0.5294 fc=380
progress step=212950 round=17/40 episode=19/30 sample=zero_boundary_040 soc=0.7002 fc=230
progress step=213000 round=17/40 episode=19/30 sample=zero_boundary_040 soc=0.6835 fc=590
progress step=213050 round=17/40 episode=19/30 sample=zero_boundary_040 soc=0.6228 fc=400
progress step=213100 round=17/40 episode=19/30 sample=zero_boundary_040 soc=0.5663 fc=490
progress step=213150 round=17/40 episode=20/30 sample=zero_boundary_041 soc=0.6053 fc=350
progress step=213200 round=17/40 episode=20/30 sample=zero_boundary_041 soc=0.5062 fc=260
progress step=213250 round=17/40 episode=20/30 sample=zero_boundary_041 soc=0.2348 fc=150
progress step=213300 round=17/40 episode=21/30 sample=zero_boundary_042 soc=0.7167 fc=390
progress step=213350 round=17/40 episode=21/30 sample=zero_boundary_042 soc=0.5959 fc=170
progress step=213400 round=17/40 episode=21/30 sample=zero_boundary_042 soc=0.4264 fc=480
progress step=213450 round=17/40 episode=21/30 sample=zero_boundary_042 soc=0.2767 fc=390
progress step=213500 round=17/40 episode=21/30 sample=zero_boundary_042 soc=0.2011 fc=510
progress step=213550 round=17/40 episode=21/30 sample=zero_boundary_042 soc=0.3430 fc=460
progress step=213600 round=17/40 episode=21/30 sample=zero_boundary_042 soc=0.2003 fc=600
progress step=213650 round=17/40 episode=22/30 sample=zero_boundary_044 soc=0.6541 fc=600
progress step=213700 round=17/40 episode=22/30 sample=zero_boundary_044 soc=0.5252 fc=390
progress step=213750 round=17/40 episode=22/30 sample=zero_boundary_044 soc=0.3127 fc=390
progress step=213800 round=17/40 episode=23/30 sample=zero_boundary_045 soc=0.7074 fc=560
progress step=213850 round=17/40 episode=23/30 sample=zero_boundary_045 soc=0.6710 fc=390
progress step=213900 round=17/40 episode=23/30 sample=zero_boundary_045 soc=0.6142 fc=500
progress step=213950 round=17/40 episode=23/30 sample=zero_boundary_045 soc=0.4428 fc=160
progress step=214000 round=17/40 episode=23/30 sample=zero_boundary_045 soc=0.2109 fc=260
progress step=214050 round=17/40 episode=23/30 sample=zero_boundary_045 soc=0.2036 fc=240
progress step=214100 round=17/40 episode=24/30 sample=zero_boundary_046 soc=0.5971 fc=390
progress step=214150 round=17/40 episode=24/30 sample=zero_boundary_046 soc=0.4998 fc=390
progress step=214200 round=17/40 episode=24/30 sample=zero_boundary_046 soc=0.3248 fc=390
progress step=214250 round=17/40 episode=25/30 sample=zero_boundary_048 soc=0.6494 fc=560
progress step=214300 round=17/40 episode=25/30 sample=zero_boundary_048 soc=0.5892 fc=390
progress step=214350 round=17/40 episode=25/30 sample=zero_boundary_048 soc=0.4949 fc=50
progress step=214400 round=17/40 episode=25/30 sample=zero_boundary_048 soc=0.4560 fc=390
progress step=214450 round=17/40 episode=25/30 sample=zero_boundary_048 soc=0.5685 fc=390
progress step=214500 round=17/40 episode=25/30 sample=zero_boundary_048 soc=0.5622 fc=0
progress step=214550 round=17/40 episode=26/30 sample=zero_boundary_049 soc=0.6870 fc=290
progress step=214600 round=17/40 episode=26/30 sample=zero_boundary_049 soc=0.7243 fc=150
progress step=214650 round=17/40 episode=26/30 sample=zero_boundary_049 soc=0.7280 fc=240
progress step=214700 round=17/40 episode=26/30 sample=zero_boundary_049 soc=0.7346 fc=210
progress step=214750 round=17/40 episode=26/30 sample=zero_boundary_049 soc=0.7688 fc=70
progress step=214800 round=17/40 episode=27/30 sample=zero_boundary_050 soc=0.6298 fc=440
progress step=214850 round=17/40 episode=27/30 sample=zero_boundary_050 soc=0.6527 fc=580
progress step=214900 round=17/40 episode=27/30 sample=zero_boundary_050 soc=0.5105 fc=560
progress step=214950 round=17/40 episode=27/30 sample=zero_boundary_050 soc=0.4133 fc=360
progress step=215000 round=17/40 episode=27/30 sample=zero_boundary_050 soc=0.2700 fc=370
progress step=215050 round=17/40 episode=28/30 sample=zero_boundary_051 soc=0.6531 fc=390
progress step=215100 round=17/40 episode=28/30 sample=zero_boundary_051 soc=0.6705 fc=570
progress step=215150 round=17/40 episode=28/30 sample=zero_boundary_051 soc=0.7203 fc=390
progress step=215200 round=17/40 episode=29/30 sample=zero_boundary_052 soc=0.6753 fc=390
progress step=215250 round=17/40 episode=29/30 sample=zero_boundary_052 soc=0.4811 fc=380
progress step=215300 round=17/40 episode=29/30 sample=zero_boundary_052 soc=0.3972 fc=470
progress step=215350 round=17/40 episode=29/30 sample=zero_boundary_052 soc=0.4763 fc=480
progress step=215400 round=17/40 episode=30/30 sample=zero_boundary_053 soc=0.6221 fc=390
progress step=215450 round=17/40 episode=30/30 sample=zero_boundary_053 soc=0.7066 fc=20
progress step=215500 round=17/40 episode=30/30 sample=zero_boundary_053 soc=0.6057 fc=570
progress step=215550 round=17/40 episode=30/30 sample=zero_boundary_053 soc=0.6376 fc=380
progress step=215600 round=17/40 episode=30/30 sample=zero_boundary_053 soc=0.6891 fc=390
round 17/40 exploratory=20/30 greedy_train start
MONITOR round=17 exploratory=20/30 greedy_train=22/30 validation=SKIPPED cost=None updates=5888 best_round=7
round 18/40 start epsilon=0.5859
progress step=215650 round=18/40 episode=1/30 sample=zero_boundary_002 soc=0.6000 fc=140
progress step=215700 round=18/40 episode=1/30 sample=zero_boundary_002 soc=0.7336 fc=320
progress step=215750 round=18/40 episode=1/30 sample=zero_boundary_002 soc=0.4641 fc=360
progress step=215800 round=18/40 episode=1/30 sample=zero_boundary_002 soc=0.5214 fc=160
progress step=215850 round=18/40 episode=1/30 sample=zero_boundary_002 soc=0.4618 fc=390
progress step=215900 round=18/40 episode=1/30 sample=zero_boundary_002 soc=0.5460 fc=540
progress step=215950 round=18/40 episode=2/30 sample=zero_boundary_005 soc=0.6103 fc=200
progress step=216000 round=18/40 episode=2/30 sample=zero_boundary_005 soc=0.7149 fc=390
progress step=216050 round=18/40 episode=2/30 sample=zero_boundary_005 soc=0.5712 fc=430
progress step=216100 round=18/40 episode=2/30 sample=zero_boundary_005 soc=0.5705 fc=390
progress step=216150 round=18/40 episode=2/30 sample=zero_boundary_005 soc=0.5023 fc=260
progress step=216200 round=18/40 episode=2/30 sample=zero_boundary_005 soc=0.4657 fc=390
progress step=216250 round=18/40 episode=3/30 sample=zero_boundary_006 soc=0.6256 fc=240
progress step=216300 round=18/40 episode=3/30 sample=zero_boundary_006 soc=0.7796 fc=350
progress step=216350 round=18/40 episode=3/30 sample=zero_boundary_006 soc=0.7942 fc=390
progress step=216400 round=18/40 episode=3/30 sample=zero_boundary_006 soc=0.7984 fc=370
progress step=216450 round=18/40 episode=3/30 sample=zero_boundary_006 soc=0.7956 fc=390
progress step=216500 round=18/40 episode=3/30 sample=zero_boundary_006 soc=0.7977 fc=0
progress step=216550 round=18/40 episode=3/30 sample=zero_boundary_006 soc=0.7990 fc=0
progress step=216600 round=18/40 episode=4/30 sample=zero_boundary_007 soc=0.6188 fc=390
progress step=216650 round=18/40 episode=4/30 sample=zero_boundary_007 soc=0.6164 fc=120
progress step=216700 round=18/40 episode=4/30 sample=zero_boundary_007 soc=0.5994 fc=390
progress step=216750 round=18/40 episode=4/30 sample=zero_boundary_007 soc=0.6560 fc=260
progress step=216800 round=18/40 episode=4/30 sample=zero_boundary_007 soc=0.7101 fc=480
progress step=216850 round=18/40 episode=4/30 sample=zero_boundary_007 soc=0.6986 fc=170
progress step=216900 round=18/40 episode=5/30 sample=zero_boundary_008 soc=0.6756 fc=30
progress step=216950 round=18/40 episode=5/30 sample=zero_boundary_008 soc=0.3717 fc=390
progress step=217000 round=18/40 episode=6/30 sample=zero_boundary_011 soc=0.7233 fc=60
progress step=217050 round=18/40 episode=6/30 sample=zero_boundary_011 soc=0.7863 fc=390
progress step=217100 round=18/40 episode=6/30 sample=zero_boundary_011 soc=0.6712 fc=330
progress step=217150 round=18/40 episode=6/30 sample=zero_boundary_011 soc=0.5519 fc=340
progress step=217200 round=18/40 episode=6/30 sample=zero_boundary_011 soc=0.4566 fc=390
progress step=217250 round=18/40 episode=6/30 sample=zero_boundary_011 soc=0.3946 fc=190
progress step=217300 round=18/40 episode=6/30 sample=zero_boundary_011 soc=0.6065 fc=20
progress step=217350 round=18/40 episode=6/30 sample=zero_boundary_011 soc=0.7900 fc=10
progress step=217400 round=18/40 episode=6/30 sample=zero_boundary_011 soc=0.7987 fc=0
progress step=217450 round=18/40 episode=6/30 sample=zero_boundary_011 soc=0.7998 fc=40
progress step=217500 round=18/40 episode=6/30 sample=zero_boundary_011 soc=0.7957 fc=100
progress step=217550 round=18/40 episode=6/30 sample=zero_boundary_011 soc=0.7994 fc=0
progress step=217600 round=18/40 episode=6/30 sample=zero_boundary_011 soc=0.7968 fc=470
progress step=217650 round=18/40 episode=6/30 sample=zero_boundary_011 soc=0.7920 fc=390
progress step=217700 round=18/40 episode=6/30 sample=zero_boundary_011 soc=0.7959 fc=200
progress step=217750 round=18/40 episode=7/30 sample=zero_boundary_013 soc=0.7499 fc=400
progress step=217800 round=18/40 episode=7/30 sample=zero_boundary_013 soc=0.7954 fc=390
progress step=217850 round=18/40 episode=7/30 sample=zero_boundary_013 soc=0.7954 fc=390
progress step=217900 round=18/40 episode=7/30 sample=zero_boundary_013 soc=0.7653 fc=390
progress step=217950 round=18/40 episode=7/30 sample=zero_boundary_013 soc=0.7968 fc=390
progress step=218000 round=18/40 episode=7/30 sample=zero_boundary_013 soc=0.7944 fc=590
progress step=218050 round=18/40 episode=7/30 sample=zero_boundary_013 soc=0.7977 fc=160
progress step=218100 round=18/40 episode=8/30 sample=zero_boundary_015 soc=0.6862 fc=550
progress step=218150 round=18/40 episode=8/30 sample=zero_boundary_015 soc=0.6969 fc=390
progress step=218200 round=18/40 episode=8/30 sample=zero_boundary_015 soc=0.3119 fc=390
progress step=218250 round=18/40 episode=9/30 sample=zero_boundary_016 soc=0.7695 fc=390
progress step=218300 round=18/40 episode=9/30 sample=zero_boundary_016 soc=0.7469 fc=390
progress step=218350 round=18/40 episode=9/30 sample=zero_boundary_016 soc=0.5821 fc=540
progress step=218400 round=18/40 episode=9/30 sample=zero_boundary_016 soc=0.3985 fc=70
progress step=218450 round=18/40 episode=9/30 sample=zero_boundary_016 soc=0.2001 fc=600
progress step=218500 round=18/40 episode=10/30 sample=zero_boundary_017 soc=0.5799 fc=500
progress step=218550 round=18/40 episode=10/30 sample=zero_boundary_017 soc=0.3659 fc=420
progress step=218600 round=18/40 episode=11/30 sample=zero_boundary_020 soc=0.6782 fc=390
progress step=218650 round=18/40 episode=11/30 sample=zero_boundary_020 soc=0.6890 fc=390
progress step=218700 round=18/40 episode=12/30 sample=zero_boundary_021 soc=0.6251 fc=390
progress step=218750 round=18/40 episode=12/30 sample=zero_boundary_021 soc=0.7959 fc=390
progress step=218800 round=18/40 episode=12/30 sample=zero_boundary_021 soc=0.7510 fc=390
progress step=218850 round=18/40 episode=12/30 sample=zero_boundary_021 soc=0.6909 fc=10
progress step=218900 round=18/40 episode=12/30 sample=zero_boundary_021 soc=0.6311 fc=390
progress step=218950 round=18/40 episode=13/30 sample=zero_boundary_022 soc=0.6794 fc=390
progress step=219000 round=18/40 episode=13/30 sample=zero_boundary_022 soc=0.6479 fc=280
progress step=219050 round=18/40 episode=13/30 sample=zero_boundary_022 soc=0.7207 fc=410
progress step=219100 round=18/40 episode=13/30 sample=zero_boundary_022 soc=0.7988 fc=0
progress step=219150 round=18/40 episode=14/30 sample=zero_boundary_029 soc=0.7288 fc=70
progress step=219200 round=18/40 episode=14/30 sample=zero_boundary_029 soc=0.7614 fc=390
progress step=219250 round=18/40 episode=14/30 sample=zero_boundary_029 soc=0.7527 fc=570
progress step=219300 round=18/40 episode=14/30 sample=zero_boundary_029 soc=0.7544 fc=170
progress step=219350 round=18/40 episode=14/30 sample=zero_boundary_029 soc=0.7998 fc=220
progress step=219400 round=18/40 episode=14/30 sample=zero_boundary_029 soc=0.7996 fc=250
progress step=219450 round=18/40 episode=14/30 sample=zero_boundary_029 soc=0.7994 fc=80
progress step=219500 round=18/40 episode=14/30 sample=zero_boundary_029 soc=0.7999 fc=0
progress step=219550 round=18/40 episode=14/30 sample=zero_boundary_029 soc=0.7999 fc=0
progress step=219600 round=18/40 episode=14/30 sample=zero_boundary_029 soc=0.7999 fc=0
progress step=219650 round=18/40 episode=14/30 sample=zero_boundary_029 soc=0.7999 fc=0
progress step=219700 round=18/40 episode=14/30 sample=zero_boundary_029 soc=0.7999 fc=0
progress step=219750 round=18/40 episode=14/30 sample=zero_boundary_029 soc=0.7999 fc=0
progress step=219800 round=18/40 episode=14/30 sample=zero_boundary_029 soc=0.7999 fc=0
progress step=219850 round=18/40 episode=14/30 sample=zero_boundary_029 soc=0.7999 fc=0
progress step=219900 round=18/40 episode=14/30 sample=zero_boundary_029 soc=0.7999 fc=0
progress step=219950 round=18/40 episode=14/30 sample=zero_boundary_029 soc=0.7999 fc=0
progress step=220000 round=18/40 episode=14/30 sample=zero_boundary_029 soc=0.8000 fc=70
progress step=220050 round=18/40 episode=14/30 sample=zero_boundary_029 soc=0.7989 fc=220
progress step=220100 round=18/40 episode=14/30 sample=zero_boundary_029 soc=0.7996 fc=0
progress step=220150 round=18/40 episode=14/30 sample=zero_boundary_029 soc=0.7968 fc=270
progress step=220200 round=18/40 episode=15/30 sample=zero_boundary_033 soc=0.6980 fc=390
progress step=220250 round=18/40 episode=15/30 sample=zero_boundary_033 soc=0.7570 fc=70
progress step=220300 round=18/40 episode=15/30 sample=zero_boundary_033 soc=0.6827 fc=330
progress step=220350 round=18/40 episode=15/30 sample=zero_boundary_033 soc=0.7113 fc=210
progress step=220400 round=18/40 episode=15/30 sample=zero_boundary_033 soc=0.7274 fc=20
progress step=220450 round=18/40 episode=15/30 sample=zero_boundary_033 soc=0.6305 fc=500
progress step=220500 round=18/40 episode=15/30 sample=zero_boundary_033 soc=0.6011 fc=540
progress step=220550 round=18/40 episode=15/30 sample=zero_boundary_033 soc=0.7886 fc=390
progress step=220600 round=18/40 episode=15/30 sample=zero_boundary_033 soc=0.8000 fc=0
progress step=220650 round=18/40 episode=15/30 sample=zero_boundary_033 soc=0.8000 fc=0
progress step=220700 round=18/40 episode=15/30 sample=zero_boundary_033 soc=0.8000 fc=0
progress step=220750 round=18/40 episode=15/30 sample=zero_boundary_033 soc=0.8000 fc=0
progress step=220800 round=18/40 episode=15/30 sample=zero_boundary_033 soc=0.8000 fc=0
progress step=220850 round=18/40 episode=15/30 sample=zero_boundary_033 soc=0.8000 fc=0
progress step=220900 round=18/40 episode=15/30 sample=zero_boundary_033 soc=0.7999 fc=0
progress step=220950 round=18/40 episode=15/30 sample=zero_boundary_033 soc=0.7987 fc=0
progress step=221000 round=18/40 episode=15/30 sample=zero_boundary_033 soc=0.7999 fc=30
progress step=221050 round=18/40 episode=15/30 sample=zero_boundary_033 soc=0.7999 fc=30
progress step=221100 round=18/40 episode=15/30 sample=zero_boundary_033 soc=0.7999 fc=10
progress step=221150 round=18/40 episode=16/30 sample=zero_boundary_034 soc=0.6156 fc=180
progress step=221200 round=18/40 episode=16/30 sample=zero_boundary_034 soc=0.8000 fc=0
progress step=221250 round=18/40 episode=16/30 sample=zero_boundary_034 soc=0.8000 fc=0
progress step=221300 round=18/40 episode=16/30 sample=zero_boundary_034 soc=0.8000 fc=0
progress step=221350 round=18/40 episode=16/30 sample=zero_boundary_034 soc=0.8000 fc=0
progress step=221400 round=18/40 episode=16/30 sample=zero_boundary_034 soc=0.8000 fc=0
progress step=221450 round=18/40 episode=16/30 sample=zero_boundary_034 soc=0.8000 fc=0
progress step=221500 round=18/40 episode=16/30 sample=zero_boundary_034 soc=0.8000 fc=0
progress step=221550 round=18/40 episode=16/30 sample=zero_boundary_034 soc=0.8000 fc=0
progress step=221600 round=18/40 episode=16/30 sample=zero_boundary_034 soc=0.8000 fc=0
progress step=221650 round=18/40 episode=16/30 sample=zero_boundary_034 soc=0.8000 fc=0
progress step=221700 round=18/40 episode=16/30 sample=zero_boundary_034 soc=0.8000 fc=0
progress step=221750 round=18/40 episode=16/30 sample=zero_boundary_034 soc=0.8000 fc=0
progress step=221800 round=18/40 episode=16/30 sample=zero_boundary_034 soc=0.8000 fc=0
progress step=221850 round=18/40 episode=16/30 sample=zero_boundary_034 soc=0.8000 fc=0
progress step=221900 round=18/40 episode=16/30 sample=zero_boundary_034 soc=0.8000 fc=0
progress step=221950 round=18/40 episode=16/30 sample=zero_boundary_034 soc=0.8000 fc=0
progress step=222000 round=18/40 episode=16/30 sample=zero_boundary_034 soc=0.8000 fc=0
progress step=222050 round=18/40 episode=16/30 sample=zero_boundary_034 soc=0.7984 fc=150
progress step=222100 round=18/40 episode=16/30 sample=zero_boundary_034 soc=0.7996 fc=30
progress step=222150 round=18/40 episode=16/30 sample=zero_boundary_034 soc=0.7982 fc=70
progress step=222200 round=18/40 episode=16/30 sample=zero_boundary_034 soc=0.7991 fc=100
progress step=222250 round=18/40 episode=16/30 sample=zero_boundary_034 soc=0.7982 fc=140
progress step=222300 round=18/40 episode=16/30 sample=zero_boundary_034 soc=0.7992 fc=20
progress step=222350 round=18/40 episode=16/30 sample=zero_boundary_034 soc=0.7999 fc=0
progress step=222400 round=18/40 episode=16/30 sample=zero_boundary_034 soc=0.7999 fc=0
progress step=222450 round=18/40 episode=16/30 sample=zero_boundary_034 soc=0.7999 fc=0
progress step=222500 round=18/40 episode=16/30 sample=zero_boundary_034 soc=0.7999 fc=0
progress step=222550 round=18/40 episode=16/30 sample=zero_boundary_034 soc=0.7999 fc=0
progress step=222600 round=18/40 episode=16/30 sample=zero_boundary_034 soc=0.7999 fc=0
progress step=222650 round=18/40 episode=16/30 sample=zero_boundary_034 soc=0.7999 fc=0
progress step=222700 round=18/40 episode=16/30 sample=zero_boundary_034 soc=0.7999 fc=0
progress step=222750 round=18/40 episode=16/30 sample=zero_boundary_034 soc=0.7999 fc=0
progress step=222800 round=18/40 episode=17/30 sample=zero_boundary_037 soc=0.6385 fc=380
progress step=222850 round=18/40 episode=17/30 sample=zero_boundary_037 soc=0.7300 fc=380
progress step=222900 round=18/40 episode=17/30 sample=zero_boundary_037 soc=0.7963 fc=500
progress step=222950 round=18/40 episode=17/30 sample=zero_boundary_037 soc=0.7945 fc=550
progress step=223000 round=18/40 episode=17/30 sample=zero_boundary_037 soc=0.7994 fc=190
progress step=223050 round=18/40 episode=17/30 sample=zero_boundary_037 soc=0.7731 fc=430
progress step=223100 round=18/40 episode=17/30 sample=zero_boundary_037 soc=0.6724 fc=380
progress step=223150 round=18/40 episode=17/30 sample=zero_boundary_037 soc=0.6553 fc=130
progress step=223200 round=18/40 episode=17/30 sample=zero_boundary_037 soc=0.7990 fc=90
progress step=223250 round=18/40 episode=17/30 sample=zero_boundary_037 soc=0.8000 fc=60
progress step=223300 round=18/40 episode=17/30 sample=zero_boundary_037 soc=0.8000 fc=30
progress step=223350 round=18/40 episode=17/30 sample=zero_boundary_037 soc=0.7995 fc=0
progress step=223400 round=18/40 episode=17/30 sample=zero_boundary_037 soc=0.7985 fc=190
progress step=223450 round=18/40 episode=17/30 sample=zero_boundary_037 soc=0.7993 fc=30
progress step=223500 round=18/40 episode=17/30 sample=zero_boundary_037 soc=0.7999 fc=30
progress step=223550 round=18/40 episode=17/30 sample=zero_boundary_037 soc=0.7987 fc=110
progress step=223600 round=18/40 episode=17/30 sample=zero_boundary_037 soc=0.7976 fc=260
progress step=223650 round=18/40 episode=17/30 sample=zero_boundary_037 soc=0.7999 fc=30
progress step=223700 round=18/40 episode=17/30 sample=zero_boundary_037 soc=0.7992 fc=110
progress step=223750 round=18/40 episode=17/30 sample=zero_boundary_037 soc=0.7991 fc=30
progress step=223800 round=18/40 episode=17/30 sample=zero_boundary_037 soc=0.8000 fc=0
progress step=223850 round=18/40 episode=17/30 sample=zero_boundary_037 soc=0.8000 fc=0
progress step=223900 round=18/40 episode=17/30 sample=zero_boundary_037 soc=0.8000 fc=0
progress step=223950 round=18/40 episode=17/30 sample=zero_boundary_037 soc=0.7996 fc=30
progress step=224000 round=18/40 episode=17/30 sample=zero_boundary_037 soc=0.7988 fc=30
progress step=224050 round=18/40 episode=17/30 sample=zero_boundary_037 soc=0.7996 fc=0
progress step=224100 round=18/40 episode=17/30 sample=zero_boundary_037 soc=0.8000 fc=40
progress step=224150 round=18/40 episode=17/30 sample=zero_boundary_037 soc=0.7996 fc=40
progress step=224200 round=18/40 episode=17/30 sample=zero_boundary_037 soc=0.7992 fc=50
progress step=224250 round=18/40 episode=17/30 sample=zero_boundary_037 soc=0.7996 fc=30
progress step=224300 round=18/40 episode=17/30 sample=zero_boundary_037 soc=0.7989 fc=30
progress step=224350 round=18/40 episode=17/30 sample=zero_boundary_037 soc=0.7993 fc=0
progress step=224400 round=18/40 episode=17/30 sample=zero_boundary_037 soc=0.7994 fc=30
progress step=224450 round=18/40 episode=17/30 sample=zero_boundary_037 soc=0.7992 fc=30
progress step=224500 round=18/40 episode=17/30 sample=zero_boundary_037 soc=0.7999 fc=30
progress step=224550 round=18/40 episode=17/30 sample=zero_boundary_037 soc=0.7999 fc=0
progress step=224600 round=18/40 episode=17/30 sample=zero_boundary_037 soc=0.7999 fc=0
progress step=224650 round=18/40 episode=17/30 sample=zero_boundary_037 soc=0.8000 fc=0
progress step=224700 round=18/40 episode=18/30 sample=zero_boundary_038 soc=0.6813 fc=190
progress step=224750 round=18/40 episode=18/30 sample=zero_boundary_038 soc=0.6633 fc=380
progress step=224800 round=18/40 episode=18/30 sample=zero_boundary_038 soc=0.6291 fc=430
progress step=224850 round=18/40 episode=18/30 sample=zero_boundary_038 soc=0.6008 fc=380
progress step=224900 round=18/40 episode=18/30 sample=zero_boundary_038 soc=0.4918 fc=540
progress step=224950 round=18/40 episode=18/30 sample=zero_boundary_038 soc=0.3980 fc=380
progress step=225000 round=18/40 episode=18/30 sample=zero_boundary_038 soc=0.5086 fc=340
progress step=225050 round=18/40 episode=18/30 sample=zero_boundary_038 soc=0.6849 fc=380
progress step=225100 round=18/40 episode=18/30 sample=zero_boundary_038 soc=0.7987 fc=30
progress step=225150 round=18/40 episode=18/30 sample=zero_boundary_038 soc=0.7931 fc=380
progress step=225200 round=18/40 episode=18/30 sample=zero_boundary_038 soc=0.7717 fc=270
progress step=225250 round=18/40 episode=18/30 sample=zero_boundary_038 soc=0.7337 fc=310
progress step=225300 round=18/40 episode=18/30 sample=zero_boundary_038 soc=0.7103 fc=530
progress step=225350 round=18/40 episode=18/30 sample=zero_boundary_038 soc=0.7407 fc=530
progress step=225400 round=18/40 episode=19/30 sample=zero_boundary_040 soc=0.6350 fc=570
progress step=225450 round=18/40 episode=19/30 sample=zero_boundary_040 soc=0.6023 fc=390
progress step=225500 round=18/40 episode=19/30 sample=zero_boundary_040 soc=0.5057 fc=590
progress step=225550 round=18/40 episode=19/30 sample=zero_boundary_040 soc=0.4585 fc=410
progress step=225600 round=18/40 episode=19/30 sample=zero_boundary_040 soc=0.4965 fc=410
progress step=225650 round=18/40 episode=19/30 sample=zero_boundary_040 soc=0.4967 fc=410
progress step=225700 round=18/40 episode=19/30 sample=zero_boundary_040 soc=0.6202 fc=410
progress step=225750 round=18/40 episode=19/30 sample=zero_boundary_040 soc=0.6998 fc=540
progress step=225800 round=18/40 episode=19/30 sample=zero_boundary_040 soc=0.6497 fc=410
progress step=225850 round=18/40 episode=19/30 sample=zero_boundary_040 soc=0.5467 fc=320
progress step=225900 round=18/40 episode=20/30 sample=zero_boundary_041 soc=0.6293 fc=370
progress step=225950 round=18/40 episode=20/30 sample=zero_boundary_041 soc=0.5782 fc=210
progress step=226000 round=18/40 episode=20/30 sample=zero_boundary_041 soc=0.3797 fc=590
progress step=226050 round=18/40 episode=21/30 sample=zero_boundary_042 soc=0.6521 fc=550
progress step=226100 round=18/40 episode=21/30 sample=zero_boundary_042 soc=0.6502 fc=280
progress step=226150 round=18/40 episode=21/30 sample=zero_boundary_042 soc=0.5139 fc=380
progress step=226200 round=18/40 episode=21/30 sample=zero_boundary_042 soc=0.3170 fc=590
progress step=226250 round=18/40 episode=21/30 sample=zero_boundary_042 soc=0.2003 fc=540
progress step=226300 round=18/40 episode=21/30 sample=zero_boundary_042 soc=0.2003 fc=580
progress step=226350 round=18/40 episode=21/30 sample=zero_boundary_042 soc=0.2690 fc=570
progress step=226400 round=18/40 episode=22/30 sample=zero_boundary_044 soc=0.6482 fc=380
progress step=226450 round=18/40 episode=22/30 sample=zero_boundary_044 soc=0.6349 fc=110
progress step=226500 round=18/40 episode=22/30 sample=zero_boundary_044 soc=0.4491 fc=380
progress step=226550 round=18/40 episode=23/30 sample=zero_boundary_045 soc=0.6393 fc=480
progress step=226600 round=18/40 episode=23/30 sample=zero_boundary_045 soc=0.6683 fc=380
progress step=226650 round=18/40 episode=23/30 sample=zero_boundary_045 soc=0.6320 fc=380
progress step=226700 round=18/40 episode=23/30 sample=zero_boundary_045 soc=0.5285 fc=410
progress step=226750 round=18/40 episode=23/30 sample=zero_boundary_045 soc=0.2996 fc=380
progress step=226800 round=18/40 episode=23/30 sample=zero_boundary_045 soc=0.2492 fc=250
progress step=226850 round=18/40 episode=24/30 sample=zero_boundary_046 soc=0.6248 fc=130
progress step=226900 round=18/40 episode=24/30 sample=zero_boundary_046 soc=0.5569 fc=450
progress step=226950 round=18/40 episode=24/30 sample=zero_boundary_046 soc=0.4373 fc=570
progress step=227000 round=18/40 episode=24/30 sample=zero_boundary_046 soc=0.2231 fc=380
progress step=227050 round=18/40 episode=25/30 sample=zero_boundary_048 soc=0.6344 fc=380
progress step=227100 round=18/40 episode=25/30 sample=zero_boundary_048 soc=0.4976 fc=380
progress step=227150 round=18/40 episode=25/30 sample=zero_boundary_048 soc=0.3882 fc=380
progress step=227200 round=18/40 episode=25/30 sample=zero_boundary_048 soc=0.5028 fc=380
progress step=227250 round=18/40 episode=25/30 sample=zero_boundary_048 soc=0.5136 fc=520
progress step=227300 round=18/40 episode=26/30 sample=zero_boundary_049 soc=0.6197 fc=410
progress step=227350 round=18/40 episode=26/30 sample=zero_boundary_049 soc=0.6993 fc=200
progress step=227400 round=18/40 episode=26/30 sample=zero_boundary_049 soc=0.7224 fc=160
progress step=227450 round=18/40 episode=26/30 sample=zero_boundary_049 soc=0.7466 fc=280
progress step=227500 round=18/40 episode=26/30 sample=zero_boundary_049 soc=0.7691 fc=410
progress step=227550 round=18/40 episode=26/30 sample=zero_boundary_049 soc=0.7992 fc=50
progress step=227600 round=18/40 episode=27/30 sample=zero_boundary_050 soc=0.6918 fc=230
progress step=227650 round=18/40 episode=27/30 sample=zero_boundary_050 soc=0.5914 fc=410
progress step=227700 round=18/40 episode=27/30 sample=zero_boundary_050 soc=0.4513 fc=410
progress step=227750 round=18/40 episode=27/30 sample=zero_boundary_050 soc=0.3509 fc=110
progress step=227800 round=18/40 episode=28/30 sample=zero_boundary_051 soc=0.6387 fc=410
progress step=227850 round=18/40 episode=28/30 sample=zero_boundary_051 soc=0.6548 fc=410
progress step=227900 round=18/40 episode=28/30 sample=zero_boundary_051 soc=0.6607 fc=560
progress step=227950 round=18/40 episode=29/30 sample=zero_boundary_052 soc=0.6889 fc=410
progress step=228000 round=18/40 episode=29/30 sample=zero_boundary_052 soc=0.6088 fc=280
progress step=228050 round=18/40 episode=29/30 sample=zero_boundary_052 soc=0.3959 fc=410
progress step=228100 round=18/40 episode=29/30 sample=zero_boundary_052 soc=0.4502 fc=80
progress step=228150 round=18/40 episode=29/30 sample=zero_boundary_052 soc=0.6036 fc=410
progress step=228200 round=18/40 episode=30/30 sample=zero_boundary_053 soc=0.7209 fc=410
progress step=228250 round=18/40 episode=30/30 sample=zero_boundary_053 soc=0.6514 fc=410
progress step=228300 round=18/40 episode=30/30 sample=zero_boundary_053 soc=0.5740 fc=580
progress step=228350 round=18/40 episode=30/30 sample=zero_boundary_053 soc=0.6650 fc=550
progress step=228400 round=18/40 episode=30/30 sample=zero_boundary_053 soc=0.7333 fc=70
round 18/40 exploratory=20/30 greedy_train start
MONITOR round=18 exploratory=20/30 greedy_train=23/30 validation=SKIPPED cost=None updates=6208 best_round=7
round 19/40 start epsilon=0.5615
progress step=228450 round=19/40 episode=1/30 sample=zero_boundary_002 soc=0.7130 fc=150
progress step=228500 round=19/40 episode=1/30 sample=zero_boundary_002 soc=0.6197 fc=330
progress step=228550 round=19/40 episode=1/30 sample=zero_boundary_002 soc=0.3202 fc=410
progress step=228600 round=19/40 episode=1/30 sample=zero_boundary_002 soc=0.5447 fc=410
progress step=228650 round=19/40 episode=1/30 sample=zero_boundary_002 soc=0.5368 fc=410
progress step=228700 round=19/40 episode=1/30 sample=zero_boundary_002 soc=0.6530 fc=410
progress step=228750 round=19/40 episode=2/30 sample=zero_boundary_005 soc=0.6841 fc=410
progress step=228800 round=19/40 episode=2/30 sample=zero_boundary_005 soc=0.6462 fc=180
progress step=228850 round=19/40 episode=2/30 sample=zero_boundary_005 soc=0.6117 fc=410
progress step=228900 round=19/40 episode=2/30 sample=zero_boundary_005 soc=0.5753 fc=180
progress step=228950 round=19/40 episode=2/30 sample=zero_boundary_005 soc=0.5005 fc=410
progress step=229000 round=19/40 episode=2/30 sample=zero_boundary_005 soc=0.5575 fc=40
progress step=229050 round=19/40 episode=3/30 sample=zero_boundary_006 soc=0.7436 fc=410
progress step=229100 round=19/40 episode=3/30 sample=zero_boundary_006 soc=0.7991 fc=0
progress step=229150 round=19/40 episode=3/30 sample=zero_boundary_006 soc=0.7973 fc=230
progress step=229200 round=19/40 episode=3/30 sample=zero_boundary_006 soc=0.7980 fc=0
progress step=229250 round=19/40 episode=3/30 sample=zero_boundary_006 soc=0.7980 fc=230
progress step=229300 round=19/40 episode=3/30 sample=zero_boundary_006 soc=0.7997 fc=110
progress step=229350 round=19/40 episode=3/30 sample=zero_boundary_006 soc=0.7978 fc=190
progress step=229400 round=19/40 episode=4/30 sample=zero_boundary_007 soc=0.6781 fc=190
progress step=229450 round=19/40 episode=4/30 sample=zero_boundary_007 soc=0.5938 fc=410
progress step=229500 round=19/40 episode=4/30 sample=zero_boundary_007 soc=0.6568 fc=410
progress step=229550 round=19/40 episode=4/30 sample=zero_boundary_007 soc=0.7480 fc=410
progress step=229600 round=19/40 episode=4/30 sample=zero_boundary_007 soc=0.7395 fc=200
progress step=229650 round=19/40 episode=4/30 sample=zero_boundary_007 soc=0.7995 fc=0
progress step=229700 round=19/40 episode=5/30 sample=zero_boundary_008 soc=0.5108 fc=600
progress step=229750 round=19/40 episode=6/30 sample=zero_boundary_011 soc=0.6550 fc=600
progress step=229800 round=19/40 episode=6/30 sample=zero_boundary_011 soc=0.7995 fc=100
progress step=229850 round=19/40 episode=6/30 sample=zero_boundary_011 soc=0.7185 fc=520
progress step=229900 round=19/40 episode=6/30 sample=zero_boundary_011 soc=0.5938 fc=460
progress step=229950 round=19/40 episode=6/30 sample=zero_boundary_011 soc=0.5130 fc=330
progress step=230000 round=19/40 episode=6/30 sample=zero_boundary_011 soc=0.4309 fc=410
progress step=230050 round=19/40 episode=6/30 sample=zero_boundary_011 soc=0.5606 fc=410
progress step=230100 round=19/40 episode=6/30 sample=zero_boundary_011 soc=0.7611 fc=410
progress step=230150 round=19/40 episode=6/30 sample=zero_boundary_011 soc=0.7995 fc=0
progress step=230200 round=19/40 episode=6/30 sample=zero_boundary_011 soc=0.7987 fc=0
progress step=230250 round=19/40 episode=6/30 sample=zero_boundary_011 soc=0.7996 fc=90
progress step=230300 round=19/40 episode=6/30 sample=zero_boundary_011 soc=0.7997 fc=0
progress step=230350 round=19/40 episode=6/30 sample=zero_boundary_011 soc=0.7985 fc=270
progress step=230400 round=19/40 episode=6/30 sample=zero_boundary_011 soc=0.7992 fc=210
progress step=230450 round=19/40 episode=6/30 sample=zero_boundary_011 soc=0.7786 fc=410
progress step=230500 round=19/40 episode=7/30 sample=zero_boundary_013 soc=0.6732 fc=0
progress step=230550 round=19/40 episode=7/30 sample=zero_boundary_013 soc=0.7961 fc=70
progress step=230600 round=19/40 episode=7/30 sample=zero_boundary_013 soc=0.7956 fc=410
progress step=230650 round=19/40 episode=7/30 sample=zero_boundary_013 soc=0.7518 fc=550
progress step=230700 round=19/40 episode=7/30 sample=zero_boundary_013 soc=0.7959 fc=410
progress step=230750 round=19/40 episode=7/30 sample=zero_boundary_013 soc=0.7995 fc=120
progress step=230800 round=19/40 episode=7/30 sample=zero_boundary_013 soc=0.7982 fc=0
progress step=230850 round=19/40 episode=8/30 sample=zero_boundary_015 soc=0.6825 fc=360
progress step=230900 round=19/40 episode=8/30 sample=zero_boundary_015 soc=0.6932 fc=410
progress step=230950 round=19/40 episode=8/30 sample=zero_boundary_015 soc=0.5017 fc=480
progress step=231000 round=19/40 episode=9/30 sample=zero_boundary_016 soc=0.6857 fc=410
progress step=231050 round=19/40 episode=9/30 sample=zero_boundary_016 soc=0.7893 fc=410
progress step=231100 round=19/40 episode=9/30 sample=zero_boundary_016 soc=0.6748 fc=520
progress step=231150 round=19/40 episode=9/30 sample=zero_boundary_016 soc=0.5228 fc=100
progress step=231200 round=19/40 episode=9/30 sample=zero_boundary_016 soc=0.3084 fc=350
progress step=231250 round=19/40 episode=10/30 sample=zero_boundary_017 soc=0.6198 fc=390
progress step=231300 round=19/40 episode=10/30 sample=zero_boundary_017 soc=0.4178 fc=60
progress step=231350 round=19/40 episode=11/30 sample=zero_boundary_020 soc=0.6000 fc=480
progress step=231400 round=19/40 episode=11/30 sample=zero_boundary_020 soc=0.6938 fc=410
progress step=231450 round=19/40 episode=11/30 sample=zero_boundary_020 soc=0.7486 fc=10
progress step=231500 round=19/40 episode=12/30 sample=zero_boundary_021 soc=0.7244 fc=560
progress step=231550 round=19/40 episode=12/30 sample=zero_boundary_021 soc=0.7947 fc=410
progress step=231600 round=19/40 episode=12/30 sample=zero_boundary_021 soc=0.7221 fc=270
progress step=231650 round=19/40 episode=12/30 sample=zero_boundary_021 soc=0.6430 fc=200
progress step=231700 round=19/40 episode=12/30 sample=zero_boundary_021 soc=0.6968 fc=260
progress step=231750 round=19/40 episode=13/30 sample=zero_boundary_022 soc=0.6518 fc=480
progress step=231800 round=19/40 episode=13/30 sample=zero_boundary_022 soc=0.6589 fc=0
progress step=231850 round=19/40 episode=13/30 sample=zero_boundary_022 soc=0.7249 fc=410
progress step=231900 round=19/40 episode=14/30 sample=zero_boundary_029 soc=0.6641 fc=190
progress step=231950 round=19/40 episode=14/30 sample=zero_boundary_029 soc=0.7476 fc=90
progress step=232000 round=19/40 episode=14/30 sample=zero_boundary_029 soc=0.7264 fc=60
progress step=232050 round=19/40 episode=14/30 sample=zero_boundary_029 soc=0.7381 fc=410
progress step=232100 round=19/40 episode=14/30 sample=zero_boundary_029 soc=0.8000 fc=10
progress step=232150 round=19/40 episode=14/30 sample=zero_boundary_029 soc=0.7973 fc=410
progress step=232200 round=19/40 episode=14/30 sample=zero_boundary_029 soc=0.7991 fc=10
progress step=232250 round=19/40 episode=14/30 sample=zero_boundary_029 soc=0.7999 fc=0
progress step=232300 round=19/40 episode=14/30 sample=zero_boundary_029 soc=0.7999 fc=0
progress step=232350 round=19/40 episode=14/30 sample=zero_boundary_029 soc=0.7999 fc=0
progress step=232400 round=19/40 episode=14/30 sample=zero_boundary_029 soc=0.7999 fc=0
progress step=232450 round=19/40 episode=14/30 sample=zero_boundary_029 soc=0.7999 fc=0
progress step=232500 round=19/40 episode=14/30 sample=zero_boundary_029 soc=0.7999 fc=0
progress step=232550 round=19/40 episode=14/30 sample=zero_boundary_029 soc=0.7999 fc=0
progress step=232600 round=19/40 episode=14/30 sample=zero_boundary_029 soc=0.7999 fc=0
progress step=232650 round=19/40 episode=14/30 sample=zero_boundary_029 soc=0.7999 fc=0
progress step=232700 round=19/40 episode=14/30 sample=zero_boundary_029 soc=0.7999 fc=0
progress step=232750 round=19/40 episode=14/30 sample=zero_boundary_029 soc=0.7999 fc=0
progress step=232800 round=19/40 episode=14/30 sample=zero_boundary_029 soc=0.7962 fc=370
progress step=232850 round=19/40 episode=14/30 sample=zero_boundary_029 soc=0.7994 fc=70
progress step=232900 round=19/40 episode=14/30 sample=zero_boundary_029 soc=0.7752 fc=390
progress step=232950 round=19/40 episode=15/30 sample=zero_boundary_033 soc=0.6098 fc=410
progress step=233000 round=19/40 episode=15/30 sample=zero_boundary_033 soc=0.7730 fc=410
progress step=233050 round=19/40 episode=15/30 sample=zero_boundary_033 soc=0.7744 fc=430
progress step=233100 round=19/40 episode=15/30 sample=zero_boundary_033 soc=0.7312 fc=600
progress step=233150 round=19/40 episode=15/30 sample=zero_boundary_033 soc=0.7114 fc=210
progress step=233200 round=19/40 episode=15/30 sample=zero_boundary_033 soc=0.7684 fc=440
progress step=233250 round=19/40 episode=15/30 sample=zero_boundary_033 soc=0.6632 fc=410
progress step=233300 round=19/40 episode=15/30 sample=zero_boundary_033 soc=0.7633 fc=130
progress step=233350 round=19/40 episode=15/30 sample=zero_boundary_033 soc=0.8000 fc=0
progress step=233400 round=19/40 episode=15/30 sample=zero_boundary_033 soc=0.8000 fc=0
progress step=233450 round=19/40 episode=15/30 sample=zero_boundary_033 soc=0.8000 fc=0
progress step=233500 round=19/40 episode=15/30 sample=zero_boundary_033 soc=0.8000 fc=0
progress step=233550 round=19/40 episode=15/30 sample=zero_boundary_033 soc=0.7999 fc=0
progress step=233600 round=19/40 episode=15/30 sample=zero_boundary_033 soc=0.7999 fc=0
progress step=233650 round=19/40 episode=15/30 sample=zero_boundary_033 soc=0.7999 fc=0
progress step=233700 round=19/40 episode=15/30 sample=zero_boundary_033 soc=0.7993 fc=20
progress step=233750 round=19/40 episode=15/30 sample=zero_boundary_033 soc=0.7981 fc=0
progress step=233800 round=19/40 episode=15/30 sample=zero_boundary_033 soc=0.7996 fc=0
progress step=233850 round=19/40 episode=15/30 sample=zero_boundary_033 soc=0.7997 fc=10
progress step=233900 round=19/40 episode=15/30 sample=zero_boundary_033 soc=0.7998 fc=20
progress step=233950 round=19/40 episode=16/30 sample=zero_boundary_034 soc=0.7289 fc=460
progress step=234000 round=19/40 episode=16/30 sample=zero_boundary_034 soc=0.8000 fc=0
progress step=234050 round=19/40 episode=16/30 sample=zero_boundary_034 soc=0.8000 fc=0
progress step=234100 round=19/40 episode=16/30 sample=zero_boundary_034 soc=0.8000 fc=0
progress step=234150 round=19/40 episode=16/30 sample=zero_boundary_034 soc=0.8000 fc=0
progress step=234200 round=19/40 episode=16/30 sample=zero_boundary_034 soc=0.8000 fc=0
progress step=234250 round=19/40 episode=16/30 sample=zero_boundary_034 soc=0.8000 fc=0
progress step=234300 round=19/40 episode=16/30 sample=zero_boundary_034 soc=0.8000 fc=0
progress step=234350 round=19/40 episode=16/30 sample=zero_boundary_034 soc=0.8000 fc=0
progress step=234400 round=19/40 episode=16/30 sample=zero_boundary_034 soc=0.8000 fc=0
progress step=234450 round=19/40 episode=16/30 sample=zero_boundary_034 soc=0.8000 fc=0
progress step=234500 round=19/40 episode=16/30 sample=zero_boundary_034 soc=0.8000 fc=0
progress step=234550 round=19/40 episode=16/30 sample=zero_boundary_034 soc=0.8000 fc=0
progress step=234600 round=19/40 episode=16/30 sample=zero_boundary_034 soc=0.8000 fc=0
progress step=234650 round=19/40 episode=16/30 sample=zero_boundary_034 soc=0.8000 fc=0
progress step=234700 round=19/40 episode=16/30 sample=zero_boundary_034 soc=0.8000 fc=0
progress step=234750 round=19/40 episode=16/30 sample=zero_boundary_034 soc=0.8000 fc=0
progress step=234800 round=19/40 episode=16/30 sample=zero_boundary_034 soc=0.7980 fc=70
progress step=234850 round=19/40 episode=16/30 sample=zero_boundary_034 soc=0.7966 fc=330
progress step=234900 round=19/40 episode=16/30 sample=zero_boundary_034 soc=0.7958 fc=0
progress step=234950 round=19/40 episode=16/30 sample=zero_boundary_034 soc=0.7968 fc=410
progress step=235000 round=19/40 episode=16/30 sample=zero_boundary_034 soc=0.7918 fc=410
progress step=235050 round=19/40 episode=16/30 sample=zero_boundary_034 soc=0.8000 fc=20
progress step=235100 round=19/40 episode=16/30 sample=zero_boundary_034 soc=0.7998 fc=10
progress step=235150 round=19/40 episode=16/30 sample=zero_boundary_034 soc=0.8000 fc=0
progress step=235200 round=19/40 episode=16/30 sample=zero_boundary_034 soc=0.8000 fc=0
progress step=235250 round=19/40 episode=16/30 sample=zero_boundary_034 soc=0.8000 fc=0
progress step=235300 round=19/40 episode=16/30 sample=zero_boundary_034 soc=0.8000 fc=0
progress step=235350 round=19/40 episode=16/30 sample=zero_boundary_034 soc=0.8000 fc=0
progress step=235400 round=19/40 episode=16/30 sample=zero_boundary_034 soc=0.8000 fc=0
progress step=235450 round=19/40 episode=16/30 sample=zero_boundary_034 soc=0.8000 fc=0
progress step=235500 round=19/40 episode=16/30 sample=zero_boundary_034 soc=0.8000 fc=0
progress step=235550 round=19/40 episode=16/30 sample=zero_boundary_034 soc=0.7997 fc=50
progress step=235600 round=19/40 episode=17/30 sample=zero_boundary_037 soc=0.7126 fc=120
progress step=235650 round=19/40 episode=17/30 sample=zero_boundary_037 soc=0.7872 fc=410
progress step=235700 round=19/40 episode=17/30 sample=zero_boundary_037 soc=0.7977 fc=330
progress step=235750 round=19/40 episode=17/30 sample=zero_boundary_037 soc=0.7979 fc=410
progress step=235800 round=19/40 episode=17/30 sample=zero_boundary_037 soc=0.8000 fc=100
progress step=235850 round=19/40 episode=17/30 sample=zero_boundary_037 soc=0.7573 fc=410
progress step=235900 round=19/40 episode=17/30 sample=zero_boundary_037 soc=0.6411 fc=40
progress step=235950 round=19/40 episode=17/30 sample=zero_boundary_037 soc=0.7655 fc=170
progress step=236000 round=19/40 episode=17/30 sample=zero_boundary_037 soc=0.7998 fc=50
progress step=236050 round=19/40 episode=17/30 sample=zero_boundary_037 soc=0.7981 fc=90
progress step=236100 round=19/40 episode=17/30 sample=zero_boundary_037 soc=0.7968 fc=20
progress step=236150 round=19/40 episode=17/30 sample=zero_boundary_037 soc=0.7980 fc=0
progress step=236200 round=19/40 episode=17/30 sample=zero_boundary_037 soc=0.7997 fc=0
progress step=236250 round=19/40 episode=17/30 sample=zero_boundary_037 soc=0.7966 fc=330
progress step=236300 round=19/40 episode=17/30 sample=zero_boundary_037 soc=0.7989 fc=0
progress step=236350 round=19/40 episode=17/30 sample=zero_boundary_037 soc=0.7984 fc=40
progress step=236400 round=19/40 episode=17/30 sample=zero_boundary_037 soc=0.7967 fc=70
progress step=236450 round=19/40 episode=17/30 sample=zero_boundary_037 soc=0.7998 fc=10
progress step=236500 round=19/40 episode=17/30 sample=zero_boundary_037 soc=0.7962 fc=330
progress step=236550 round=19/40 episode=17/30 sample=zero_boundary_037 soc=0.7993 fc=30
progress step=236600 round=19/40 episode=17/30 sample=zero_boundary_037 soc=0.7999 fc=0
progress step=236650 round=19/40 episode=17/30 sample=zero_boundary_037 soc=0.7999 fc=0
progress step=236700 round=19/40 episode=17/30 sample=zero_boundary_037 soc=0.7999 fc=0
progress step=236750 round=19/40 episode=17/30 sample=zero_boundary_037 soc=0.7986 fc=10
progress step=236800 round=19/40 episode=17/30 sample=zero_boundary_037 soc=0.7993 fc=20
progress step=236850 round=19/40 episode=17/30 sample=zero_boundary_037 soc=0.7985 fc=0
progress step=236900 round=19/40 episode=17/30 sample=zero_boundary_037 soc=0.7986 fc=80
progress step=236950 round=19/40 episode=17/30 sample=zero_boundary_037 soc=0.7990 fc=0
progress step=237000 round=19/40 episode=17/30 sample=zero_boundary_037 soc=0.7976 fc=0
progress step=237050 round=19/40 episode=17/30 sample=zero_boundary_037 soc=0.7977 fc=160
progress step=237100 round=19/40 episode=17/30 sample=zero_boundary_037 soc=0.7990 fc=0
progress step=237150 round=19/40 episode=17/30 sample=zero_boundary_037 soc=0.7977 fc=0
progress step=237200 round=19/40 episode=17/30 sample=zero_boundary_037 soc=0.7999 fc=40
progress step=237250 round=19/40 episode=17/30 sample=zero_boundary_037 soc=0.7995 fc=0
progress step=237300 round=19/40 episode=17/30 sample=zero_boundary_037 soc=0.7981 fc=20
progress step=237350 round=19/40 episode=17/30 sample=zero_boundary_037 soc=0.7989 fc=0
progress step=237400 round=19/40 episode=17/30 sample=zero_boundary_037 soc=0.7997 fc=30
progress step=237450 round=19/40 episode=17/30 sample=zero_boundary_037 soc=0.7991 fc=20
progress step=237500 round=19/40 episode=18/30 sample=zero_boundary_038 soc=0.7115 fc=140
progress step=237550 round=19/40 episode=18/30 sample=zero_boundary_038 soc=0.6874 fc=330
progress step=237600 round=19/40 episode=18/30 sample=zero_boundary_038 soc=0.6862 fc=370
progress step=237650 round=19/40 episode=18/30 sample=zero_boundary_038 soc=0.6165 fc=60
progress step=237700 round=19/40 episode=18/30 sample=zero_boundary_038 soc=0.5227 fc=40
progress step=237750 round=19/40 episode=18/30 sample=zero_boundary_038 soc=0.5292 fc=410
progress step=237800 round=19/40 episode=18/30 sample=zero_boundary_038 soc=0.7326 fc=250
progress step=237850 round=19/40 episode=18/30 sample=zero_boundary_038 soc=0.8000 fc=0
progress step=237900 round=19/40 episode=18/30 sample=zero_boundary_038 soc=0.7991 fc=0
progress step=237950 round=19/40 episode=18/30 sample=zero_boundary_038 soc=0.7894 fc=410
progress step=238000 round=19/40 episode=18/30 sample=zero_boundary_038 soc=0.7984 fc=20
progress step=238050 round=19/40 episode=18/30 sample=zero_boundary_038 soc=0.7634 fc=100
progress step=238100 round=19/40 episode=18/30 sample=zero_boundary_038 soc=0.7629 fc=410
progress step=238150 round=19/40 episode=18/30 sample=zero_boundary_038 soc=0.7996 fc=40
progress step=238200 round=19/40 episode=19/30 sample=zero_boundary_040 soc=0.6309 fc=410
progress step=238250 round=19/40 episode=19/30 sample=zero_boundary_040 soc=0.5606 fc=410
progress step=238300 round=19/40 episode=19/30 sample=zero_boundary_040 soc=0.5448 fc=470
progress step=238350 round=19/40 episode=19/30 sample=zero_boundary_040 soc=0.5183 fc=110
progress step=238400 round=19/40 episode=19/30 sample=zero_boundary_040 soc=0.5137 fc=410
progress step=238450 round=19/40 episode=19/30 sample=zero_boundary_040 soc=0.5524 fc=410
progress step=238500 round=19/40 episode=19/30 sample=zero_boundary_040 soc=0.7269 fc=0
progress step=238550 round=19/40 episode=19/30 sample=zero_boundary_040 soc=0.6928 fc=410
progress step=238600 round=19/40 episode=19/30 sample=zero_boundary_040 soc=0.6130 fc=410
progress step=238650 round=19/40 episode=19/30 sample=zero_boundary_040 soc=0.6478 fc=0
