bootstrap beta=500 cadence=replay16 target=optimizer start
bootstrap completed=29/30 economic_updates=1131
round 1/40 start epsilon=1.0000
progress step=50 round=1/40 episode=1/30 sample=zero_boundary_002 soc=0.7041 fc=600
progress step=100 round=1/40 episode=1/30 sample=zero_boundary_002 soc=0.4094 fc=160
progress step=150 round=1/40 episode=1/30 sample=zero_boundary_002 soc=0.4327 fc=310
progress step=200 round=1/40 episode=1/30 sample=zero_boundary_002 soc=0.3562 fc=390
progress step=250 round=1/40 episode=1/30 sample=zero_boundary_002 soc=0.3971 fc=80
progress step=300 round=1/40 episode=2/30 sample=zero_boundary_005 soc=0.6068 fc=230
progress step=350 round=1/40 episode=2/30 sample=zero_boundary_005 soc=0.7170 fc=510
progress step=400 round=1/40 episode=2/30 sample=zero_boundary_005 soc=0.5636 fc=300
progress step=450 round=1/40 episode=2/30 sample=zero_boundary_005 soc=0.5652 fc=210
progress step=500 round=1/40 episode=2/30 sample=zero_boundary_005 soc=0.5132 fc=100
progress step=550 round=1/40 episode=2/30 sample=zero_boundary_005 soc=0.4471 fc=190
progress step=600 round=1/40 episode=3/30 sample=zero_boundary_006 soc=0.6088 fc=120
progress step=650 round=1/40 episode=3/30 sample=zero_boundary_006 soc=0.6914 fc=460
progress step=700 round=1/40 episode=3/30 sample=zero_boundary_006 soc=0.7904 fc=330
progress step=750 round=1/40 episode=3/30 sample=zero_boundary_006 soc=0.7988 fc=50
progress step=800 round=1/40 episode=3/30 sample=zero_boundary_006 soc=0.7999 fc=70
progress step=850 round=1/40 episode=3/30 sample=zero_boundary_006 soc=0.7973 fc=120
progress step=900 round=1/40 episode=3/30 sample=zero_boundary_006 soc=0.7984 fc=130
progress step=950 round=1/40 episode=4/30 sample=zero_boundary_007 soc=0.6020 fc=260
progress step=1000 round=1/40 episode=4/30 sample=zero_boundary_007 soc=0.5976 fc=200
progress step=1050 round=1/40 episode=4/30 sample=zero_boundary_007 soc=0.5526 fc=510
progress step=1100 round=1/40 episode=4/30 sample=zero_boundary_007 soc=0.5715 fc=190
progress step=1150 round=1/40 episode=4/30 sample=zero_boundary_007 soc=0.6057 fc=460
progress step=1200 round=1/40 episode=4/30 sample=zero_boundary_007 soc=0.5580 fc=170
progress step=1250 round=1/40 episode=5/30 sample=zero_boundary_008 soc=0.6387 fc=400
progress step=1300 round=1/40 episode=5/30 sample=zero_boundary_008 soc=0.3363 fc=280
progress step=1350 round=1/40 episode=6/30 sample=zero_boundary_011 soc=0.6996 fc=170
progress step=1400 round=1/40 episode=6/30 sample=zero_boundary_011 soc=0.7528 fc=110
progress step=1450 round=1/40 episode=6/30 sample=zero_boundary_011 soc=0.6126 fc=480
progress step=1500 round=1/40 episode=6/30 sample=zero_boundary_011 soc=0.4295 fc=390
progress step=1550 round=1/40 episode=6/30 sample=zero_boundary_011 soc=0.3165 fc=70
progress step=1600 round=1/40 episode=6/30 sample=zero_boundary_011 soc=0.2345 fc=190
progress step=1650 round=1/40 episode=6/30 sample=zero_boundary_011 soc=0.4129 fc=450
progress step=1700 round=1/40 episode=6/30 sample=zero_boundary_011 soc=0.5931 fc=90
progress step=1750 round=1/40 episode=6/30 sample=zero_boundary_011 soc=0.7636 fc=490
progress step=1800 round=1/40 episode=6/30 sample=zero_boundary_011 soc=0.7995 fc=40
progress step=1850 round=1/40 episode=6/30 sample=zero_boundary_011 soc=0.7957 fc=20
progress step=1900 round=1/40 episode=6/30 sample=zero_boundary_011 soc=0.7863 fc=390
progress step=1950 round=1/40 episode=6/30 sample=zero_boundary_011 soc=0.7949 fc=50
progress step=2000 round=1/40 episode=6/30 sample=zero_boundary_011 soc=0.7938 fc=580
progress step=2050 round=1/40 episode=6/30 sample=zero_boundary_011 soc=0.7997 fc=20
progress step=2100 round=1/40 episode=7/30 sample=zero_boundary_013 soc=0.7357 fc=590
progress step=2150 round=1/40 episode=7/30 sample=zero_boundary_013 soc=0.7878 fc=590
progress step=2200 round=1/40 episode=7/30 sample=zero_boundary_013 soc=0.7693 fc=540
progress step=2250 round=1/40 episode=7/30 sample=zero_boundary_013 soc=0.7477 fc=530
progress step=2300 round=1/40 episode=7/30 sample=zero_boundary_013 soc=0.7994 fc=0
progress step=2350 round=1/40 episode=7/30 sample=zero_boundary_013 soc=0.7961 fc=200
progress step=2400 round=1/40 episode=7/30 sample=zero_boundary_013 soc=0.7997 fc=30
progress step=2450 round=1/40 episode=8/30 sample=zero_boundary_015 soc=0.6686 fc=140
progress step=2500 round=1/40 episode=8/30 sample=zero_boundary_015 soc=0.6604 fc=370
progress step=2550 round=1/40 episode=9/30 sample=zero_boundary_016 soc=0.6134 fc=510
progress step=2600 round=1/40 episode=9/30 sample=zero_boundary_016 soc=0.7803 fc=360
progress step=2650 round=1/40 episode=9/30 sample=zero_boundary_016 soc=0.7067 fc=510
progress step=2700 round=1/40 episode=9/30 sample=zero_boundary_016 soc=0.5040 fc=240
progress step=2750 round=1/40 episode=9/30 sample=zero_boundary_016 soc=0.2939 fc=10
progress step=2800 round=1/40 episode=10/30 sample=zero_boundary_017 soc=0.5956 fc=430
progress step=2850 round=1/40 episode=10/30 sample=zero_boundary_017 soc=0.2960 fc=20
progress step=2900 round=1/40 episode=11/30 sample=zero_boundary_020 soc=0.6640 fc=160
progress step=2950 round=1/40 episode=11/30 sample=zero_boundary_020 soc=0.6486 fc=230
progress step=3000 round=1/40 episode=12/30 sample=zero_boundary_021 soc=0.6212 fc=300
progress step=3050 round=1/40 episode=12/30 sample=zero_boundary_021 soc=0.7533 fc=440
progress step=3100 round=1/40 episode=12/30 sample=zero_boundary_021 soc=0.7177 fc=390
progress step=3150 round=1/40 episode=12/30 sample=zero_boundary_021 soc=0.6125 fc=380
progress step=3200 round=1/40 episode=12/30 sample=zero_boundary_021 soc=0.5117 fc=410
progress step=3250 round=1/40 episode=13/30 sample=zero_boundary_022 soc=0.6695 fc=240
progress step=3300 round=1/40 episode=13/30 sample=zero_boundary_022 soc=0.6218 fc=500
progress step=3350 round=1/40 episode=13/30 sample=zero_boundary_022 soc=0.6560 fc=190
progress step=3400 round=1/40 episode=13/30 sample=zero_boundary_022 soc=0.7463 fc=500
progress step=3450 round=1/40 episode=14/30 sample=zero_boundary_029 soc=0.6822 fc=500
progress step=3500 round=1/40 episode=14/30 sample=zero_boundary_029 soc=0.7168 fc=260
progress step=3550 round=1/40 episode=14/30 sample=zero_boundary_029 soc=0.7015 fc=470
progress step=3600 round=1/40 episode=14/30 sample=zero_boundary_029 soc=0.6835 fc=580
progress step=3650 round=1/40 episode=14/30 sample=zero_boundary_029 soc=0.7738 fc=170
progress step=3700 round=1/40 episode=14/30 sample=zero_boundary_029 soc=0.7950 fc=450
progress step=3750 round=1/40 episode=14/30 sample=zero_boundary_029 soc=0.7999 fc=30
progress step=3800 round=1/40 episode=14/30 sample=zero_boundary_029 soc=0.8000 fc=0
progress step=3850 round=1/40 episode=14/30 sample=zero_boundary_029 soc=0.8000 fc=0
progress step=3900 round=1/40 episode=14/30 sample=zero_boundary_029 soc=0.8000 fc=0
progress step=3950 round=1/40 episode=14/30 sample=zero_boundary_029 soc=0.8000 fc=0
progress step=4000 round=1/40 episode=14/30 sample=zero_boundary_029 soc=0.8000 fc=0
progress step=4050 round=1/40 episode=14/30 sample=zero_boundary_029 soc=0.8000 fc=0
progress step=4100 round=1/40 episode=14/30 sample=zero_boundary_029 soc=0.8000 fc=0
progress step=4150 round=1/40 episode=14/30 sample=zero_boundary_029 soc=0.8000 fc=0
progress step=4200 round=1/40 episode=14/30 sample=zero_boundary_029 soc=0.8000 fc=0
progress step=4250 round=1/40 episode=14/30 sample=zero_boundary_029 soc=0.8000 fc=0
progress step=4300 round=1/40 episode=14/30 sample=zero_boundary_029 soc=0.7996 fc=10
progress step=4350 round=1/40 episode=14/30 sample=zero_boundary_029 soc=0.7881 fc=320
progress step=4400 round=1/40 episode=14/30 sample=zero_boundary_029 soc=0.7967 fc=170
progress step=4450 round=1/40 episode=14/30 sample=zero_boundary_029 soc=0.7649 fc=220
progress step=4500 round=1/40 episode=15/30 sample=zero_boundary_033 soc=0.6954 fc=160
progress step=4550 round=1/40 episode=15/30 sample=zero_boundary_033 soc=0.7788 fc=70
progress step=4600 round=1/40 episode=15/30 sample=zero_boundary_033 soc=0.6796 fc=460
progress step=4650 round=1/40 episode=15/30 sample=zero_boundary_033 soc=0.6804 fc=340
progress step=4700 round=1/40 episode=15/30 sample=zero_boundary_033 soc=0.6421 fc=570
progress step=4750 round=1/40 episode=15/30 sample=zero_boundary_033 soc=0.5426 fc=60
progress step=4800 round=1/40 episode=15/30 sample=zero_boundary_033 soc=0.4586 fc=230
progress step=4850 round=1/40 episode=15/30 sample=zero_boundary_033 soc=0.6308 fc=150
progress step=4900 round=1/40 episode=15/30 sample=zero_boundary_033 soc=0.7998 fc=0
progress step=4950 round=1/40 episode=15/30 sample=zero_boundary_033 soc=0.7999 fc=0
progress step=5000 round=1/40 episode=15/30 sample=zero_boundary_033 soc=0.8000 fc=0
progress step=5050 round=1/40 episode=15/30 sample=zero_boundary_033 soc=0.8000 fc=0
progress step=5100 round=1/40 episode=15/30 sample=zero_boundary_033 soc=0.8000 fc=0
progress step=5150 round=1/40 episode=15/30 sample=zero_boundary_033 soc=0.8000 fc=0
progress step=5200 round=1/40 episode=15/30 sample=zero_boundary_033 soc=0.8000 fc=0
progress step=5250 round=1/40 episode=15/30 sample=zero_boundary_033 soc=0.7989 fc=30
progress step=5300 round=1/40 episode=15/30 sample=zero_boundary_033 soc=0.7999 fc=0
progress step=5350 round=1/40 episode=15/30 sample=zero_boundary_033 soc=0.7995 fc=10
progress step=5400 round=1/40 episode=15/30 sample=zero_boundary_033 soc=0.7999 fc=20
progress step=5450 round=1/40 episode=16/30 sample=zero_boundary_034 soc=0.6011 fc=570
progress step=5500 round=1/40 episode=16/30 sample=zero_boundary_034 soc=0.7996 fc=10
progress step=5550 round=1/40 episode=16/30 sample=zero_boundary_034 soc=0.8000 fc=0
progress step=5600 round=1/40 episode=16/30 sample=zero_boundary_034 soc=0.8000 fc=0
progress step=5650 round=1/40 episode=16/30 sample=zero_boundary_034 soc=0.8000 fc=0
progress step=5700 round=1/40 episode=16/30 sample=zero_boundary_034 soc=0.8000 fc=0
progress step=5750 round=1/40 episode=16/30 sample=zero_boundary_034 soc=0.8000 fc=0
progress step=5800 round=1/40 episode=16/30 sample=zero_boundary_034 soc=0.8000 fc=0
progress step=5850 round=1/40 episode=16/30 sample=zero_boundary_034 soc=0.8000 fc=0
progress step=5900 round=1/40 episode=16/30 sample=zero_boundary_034 soc=0.8000 fc=0
progress step=5950 round=1/40 episode=16/30 sample=zero_boundary_034 soc=0.8000 fc=0
progress step=6000 round=1/40 episode=16/30 sample=zero_boundary_034 soc=0.8000 fc=0
progress step=6050 round=1/40 episode=16/30 sample=zero_boundary_034 soc=0.8000 fc=0
progress step=6100 round=1/40 episode=16/30 sample=zero_boundary_034 soc=0.8000 fc=0
progress step=6150 round=1/40 episode=16/30 sample=zero_boundary_034 soc=0.8000 fc=0
progress step=6200 round=1/40 episode=16/30 sample=zero_boundary_034 soc=0.8000 fc=0
progress step=6250 round=1/40 episode=16/30 sample=zero_boundary_034 soc=0.8000 fc=0
progress step=6300 round=1/40 episode=16/30 sample=zero_boundary_034 soc=0.8000 fc=0
progress step=6350 round=1/40 episode=16/30 sample=zero_boundary_034 soc=0.7996 fc=70
progress step=6400 round=1/40 episode=16/30 sample=zero_boundary_034 soc=0.7986 fc=110
progress step=6450 round=1/40 episode=16/30 sample=zero_boundary_034 soc=0.7946 fc=540
progress step=6500 round=1/40 episode=16/30 sample=zero_boundary_034 soc=0.7974 fc=20
progress step=6550 round=1/40 episode=16/30 sample=zero_boundary_034 soc=0.7967 fc=230
progress step=6600 round=1/40 episode=16/30 sample=zero_boundary_034 soc=0.7996 fc=10
progress step=6650 round=1/40 episode=16/30 sample=zero_boundary_034 soc=0.7999 fc=0
progress step=6700 round=1/40 episode=16/30 sample=zero_boundary_034 soc=0.7999 fc=0
progress step=6750 round=1/40 episode=16/30 sample=zero_boundary_034 soc=0.7999 fc=0
progress step=6800 round=1/40 episode=16/30 sample=zero_boundary_034 soc=0.7999 fc=0
progress step=6850 round=1/40 episode=16/30 sample=zero_boundary_034 soc=0.7999 fc=0
progress step=6900 round=1/40 episode=16/30 sample=zero_boundary_034 soc=0.7999 fc=0
progress step=6950 round=1/40 episode=16/30 sample=zero_boundary_034 soc=0.7999 fc=0
progress step=7000 round=1/40 episode=16/30 sample=zero_boundary_034 soc=0.7999 fc=0
progress step=7050 round=1/40 episode=16/30 sample=zero_boundary_034 soc=0.7999 fc=0
progress step=7100 round=1/40 episode=17/30 sample=zero_boundary_037 soc=0.6491 fc=190
progress step=7150 round=1/40 episode=17/30 sample=zero_boundary_037 soc=0.7142 fc=130
progress step=7200 round=1/40 episode=17/30 sample=zero_boundary_037 soc=0.7588 fc=120
progress step=7250 round=1/40 episode=17/30 sample=zero_boundary_037 soc=0.7919 fc=140
progress step=7300 round=1/40 episode=17/30 sample=zero_boundary_037 soc=0.7980 fc=180
progress step=7350 round=1/40 episode=17/30 sample=zero_boundary_037 soc=0.7763 fc=410
progress step=7400 round=1/40 episode=17/30 sample=zero_boundary_037 soc=0.6356 fc=110
progress step=7450 round=1/40 episode=17/30 sample=zero_boundary_037 soc=0.5531 fc=280
progress step=7500 round=1/40 episode=17/30 sample=zero_boundary_037 soc=0.7087 fc=580
progress step=7550 round=1/40 episode=17/30 sample=zero_boundary_037 soc=0.7990 fc=110
progress step=7600 round=1/40 episode=17/30 sample=zero_boundary_037 soc=0.7999 fc=70
progress step=7650 round=1/40 episode=17/30 sample=zero_boundary_037 soc=0.7997 fc=80
progress step=7700 round=1/40 episode=17/30 sample=zero_boundary_037 soc=0.7997 fc=80
progress step=7750 round=1/40 episode=17/30 sample=zero_boundary_037 soc=0.7992 fc=90
progress step=7800 round=1/40 episode=17/30 sample=zero_boundary_037 soc=0.7991 fc=140
progress step=7850 round=1/40 episode=17/30 sample=zero_boundary_037 soc=0.7991 fc=60
progress step=7900 round=1/40 episode=17/30 sample=zero_boundary_037 soc=0.7989 fc=20
progress step=7950 round=1/40 episode=17/30 sample=zero_boundary_037 soc=0.7994 fc=90
progress step=8000 round=1/40 episode=17/30 sample=zero_boundary_037 soc=0.7992 fc=0
progress step=8050 round=1/40 episode=17/30 sample=zero_boundary_037 soc=0.7995 fc=50
progress step=8100 round=1/40 episode=17/30 sample=zero_boundary_037 soc=0.8000 fc=0
progress step=8150 round=1/40 episode=17/30 sample=zero_boundary_037 soc=0.8000 fc=0
progress step=8200 round=1/40 episode=17/30 sample=zero_boundary_037 soc=0.8000 fc=0
progress step=8250 round=1/40 episode=17/30 sample=zero_boundary_037 soc=0.7997 fc=30
progress step=8300 round=1/40 episode=17/30 sample=zero_boundary_037 soc=0.7997 fc=30
progress step=8350 round=1/40 episode=17/30 sample=zero_boundary_037 soc=0.7988 fc=10
progress step=8400 round=1/40 episode=17/30 sample=zero_boundary_037 soc=0.7997 fc=10
progress step=8450 round=1/40 episode=17/30 sample=zero_boundary_037 soc=0.8000 fc=10
progress step=8500 round=1/40 episode=17/30 sample=zero_boundary_037 soc=0.7992 fc=70
progress step=8550 round=1/40 episode=17/30 sample=zero_boundary_037 soc=0.7999 fc=0
progress step=8600 round=1/40 episode=17/30 sample=zero_boundary_037 soc=0.7998 fc=40
progress step=8650 round=1/40 episode=17/30 sample=zero_boundary_037 soc=0.7996 fc=40
progress step=8700 round=1/40 episode=17/30 sample=zero_boundary_037 soc=0.7997 fc=50
progress step=8750 round=1/40 episode=17/30 sample=zero_boundary_037 soc=0.7996 fc=60
progress step=8800 round=1/40 episode=17/30 sample=zero_boundary_037 soc=0.7988 fc=120
progress step=8850 round=1/40 episode=17/30 sample=zero_boundary_037 soc=0.7988 fc=0
progress step=8900 round=1/40 episode=17/30 sample=zero_boundary_037 soc=0.7997 fc=10
progress step=8950 round=1/40 episode=17/30 sample=zero_boundary_037 soc=0.8000 fc=0
progress step=9000 round=1/40 episode=18/30 sample=zero_boundary_038 soc=0.6426 fc=480
progress step=9050 round=1/40 episode=18/30 sample=zero_boundary_038 soc=0.6592 fc=240
progress step=9100 round=1/40 episode=18/30 sample=zero_boundary_038 soc=0.6147 fc=190
progress step=9150 round=1/40 episode=18/30 sample=zero_boundary_038 soc=0.5787 fc=350
progress step=9200 round=1/40 episode=18/30 sample=zero_boundary_038 soc=0.4868 fc=520
progress step=9250 round=1/40 episode=18/30 sample=zero_boundary_038 soc=0.3581 fc=70
progress step=9300 round=1/40 episode=18/30 sample=zero_boundary_038 soc=0.4517 fc=270
progress step=9350 round=1/40 episode=18/30 sample=zero_boundary_038 soc=0.6293 fc=230
progress step=9400 round=1/40 episode=18/30 sample=zero_boundary_038 soc=0.7818 fc=140
progress step=9450 round=1/40 episode=18/30 sample=zero_boundary_038 soc=0.7880 fc=280
progress step=9500 round=1/40 episode=18/30 sample=zero_boundary_038 soc=0.7287 fc=550
progress step=9550 round=1/40 episode=18/30 sample=zero_boundary_038 soc=0.6708 fc=270
progress step=9600 round=1/40 episode=18/30 sample=zero_boundary_038 soc=0.6655 fc=100
progress step=9650 round=1/40 episode=18/30 sample=zero_boundary_038 soc=0.6587 fc=100
progress step=9700 round=1/40 episode=19/30 sample=zero_boundary_040 soc=0.6357 fc=430
progress step=9750 round=1/40 episode=19/30 sample=zero_boundary_040 soc=0.6217 fc=340
progress step=9800 round=1/40 episode=19/30 sample=zero_boundary_040 soc=0.5170 fc=60
progress step=9850 round=1/40 episode=19/30 sample=zero_boundary_040 soc=0.4317 fc=180
progress step=9900 round=1/40 episode=19/30 sample=zero_boundary_040 soc=0.4482 fc=210
progress step=9950 round=1/40 episode=19/30 sample=zero_boundary_040 soc=0.4062 fc=540
progress step=10000 round=1/40 episode=19/30 sample=zero_boundary_040 soc=0.4802 fc=290
progress step=10050 round=1/40 episode=19/30 sample=zero_boundary_040 soc=0.5400 fc=220
progress step=10100 round=1/40 episode=19/30 sample=zero_boundary_040 soc=0.4881 fc=200
progress step=10150 round=1/40 episode=19/30 sample=zero_boundary_040 soc=0.3913 fc=500
progress step=10200 round=1/40 episode=20/30 sample=zero_boundary_041 soc=0.6202 fc=40
progress step=10250 round=1/40 episode=20/30 sample=zero_boundary_041 soc=0.5383 fc=250
progress step=10300 round=1/40 episode=20/30 sample=zero_boundary_041 soc=0.3120 fc=460
progress step=10350 round=1/40 episode=21/30 sample=zero_boundary_042 soc=0.6897 fc=10
progress step=10400 round=1/40 episode=21/30 sample=zero_boundary_042 soc=0.6032 fc=190
progress step=10450 round=1/40 episode=21/30 sample=zero_boundary_042 soc=0.4425 fc=60
progress step=10500 round=1/40 episode=21/30 sample=zero_boundary_042 soc=0.2448 fc=190
progress step=10550 round=1/40 episode=21/30 sample=zero_boundary_042 soc=0.2007 fc=530
progress step=10600 round=1/40 episode=21/30 sample=zero_boundary_042 soc=0.2781 fc=130
progress step=10650 round=1/40 episode=21/30 sample=zero_boundary_042 soc=0.2059 fc=210
progress step=10700 round=1/40 episode=22/30 sample=zero_boundary_044 soc=0.6560 fc=240
progress step=10750 round=1/40 episode=22/30 sample=zero_boundary_044 soc=0.5651 fc=380
progress step=10800 round=1/40 episode=22/30 sample=zero_boundary_044 soc=0.3316 fc=230
progress step=10850 round=1/40 episode=23/30 sample=zero_boundary_045 soc=0.7070 fc=120
progress step=10900 round=1/40 episode=23/30 sample=zero_boundary_045 soc=0.6398 fc=600
progress step=10950 round=1/40 episode=23/30 sample=zero_boundary_045 soc=0.5777 fc=530
progress step=11000 round=1/40 episode=23/30 sample=zero_boundary_045 soc=0.3819 fc=470
progress step=11050 round=1/40 episode=24/30 sample=zero_boundary_046 soc=0.6146 fc=280
progress step=11100 round=1/40 episode=24/30 sample=zero_boundary_046 soc=0.4891 fc=590
progress step=11150 round=1/40 episode=24/30 sample=zero_boundary_046 soc=0.3128 fc=210
progress step=11200 round=1/40 episode=25/30 sample=zero_boundary_048 soc=0.6678 fc=120
progress step=11250 round=1/40 episode=25/30 sample=zero_boundary_048 soc=0.5583 fc=60
progress step=11300 round=1/40 episode=25/30 sample=zero_boundary_048 soc=0.4384 fc=140
progress step=11350 round=1/40 episode=25/30 sample=zero_boundary_048 soc=0.4256 fc=410
progress step=11400 round=1/40 episode=25/30 sample=zero_boundary_048 soc=0.4918 fc=30
progress step=11450 round=1/40 episode=25/30 sample=zero_boundary_048 soc=0.4893 fc=470
progress step=11500 round=1/40 episode=26/30 sample=zero_boundary_049 soc=0.6865 fc=290
progress step=11550 round=1/40 episode=26/30 sample=zero_boundary_049 soc=0.6601 fc=520
progress step=11600 round=1/40 episode=26/30 sample=zero_boundary_049 soc=0.6462 fc=560
progress step=11650 round=1/40 episode=26/30 sample=zero_boundary_049 soc=0.6660 fc=0
progress step=11700 round=1/40 episode=26/30 sample=zero_boundary_049 soc=0.7106 fc=120
progress step=11750 round=1/40 episode=27/30 sample=zero_boundary_050 soc=0.6492 fc=140
progress step=11800 round=1/40 episode=27/30 sample=zero_boundary_050 soc=0.5614 fc=200
progress step=11850 round=1/40 episode=27/30 sample=zero_boundary_050 soc=0.4013 fc=90
progress step=11900 round=1/40 episode=27/30 sample=zero_boundary_050 soc=0.2591 fc=430
progress step=11950 round=1/40 episode=28/30 sample=zero_boundary_051 soc=0.6401 fc=490
progress step=12000 round=1/40 episode=28/30 sample=zero_boundary_051 soc=0.6523 fc=230
progress step=12050 round=1/40 episode=28/30 sample=zero_boundary_051 soc=0.6594 fc=170
progress step=12100 round=1/40 episode=29/30 sample=zero_boundary_052 soc=0.6769 fc=60
progress step=12150 round=1/40 episode=29/30 sample=zero_boundary_052 soc=0.5058 fc=530
progress step=12200 round=1/40 episode=29/30 sample=zero_boundary_052 soc=0.3052 fc=340
progress step=12250 round=1/40 episode=29/30 sample=zero_boundary_052 soc=0.3684 fc=290
progress step=12300 round=1/40 episode=29/30 sample=zero_boundary_052 soc=0.5412 fc=10
progress step=12350 round=1/40 episode=30/30 sample=zero_boundary_053 soc=0.6970 fc=450
progress step=12400 round=1/40 episode=30/30 sample=zero_boundary_053 soc=0.6033 fc=500
progress step=12450 round=1/40 episode=30/30 sample=zero_boundary_053 soc=0.5426 fc=590
progress step=12500 round=1/40 episode=30/30 sample=zero_boundary_053 soc=0.6143 fc=410
progress step=12550 round=1/40 episode=30/30 sample=zero_boundary_053 soc=0.6653 fc=310
round 1/40 exploratory=20/30 greedy_train start
MONITOR round=1 exploratory=20/30 greedy_train=10/30 validation=SKIPPED cost=None updates=1831 best_round=None
round 2/40 start epsilon=0.9756
progress step=12600 round=2/40 episode=1/30 sample=zero_boundary_002 soc=0.7097 fc=530
progress step=12650 round=2/40 episode=1/30 sample=zero_boundary_002 soc=0.5339 fc=330
progress step=12700 round=2/40 episode=1/30 sample=zero_boundary_002 soc=0.2268 fc=220
progress step=12750 round=2/40 episode=1/30 sample=zero_boundary_002 soc=0.3701 fc=560
progress step=12800 round=2/40 episode=1/30 sample=zero_boundary_002 soc=0.3275 fc=50
progress step=12850 round=2/40 episode=1/30 sample=zero_boundary_002 soc=0.4001 fc=270
progress step=12900 round=2/40 episode=2/30 sample=zero_boundary_005 soc=0.6439 fc=400
progress step=12950 round=2/40 episode=2/30 sample=zero_boundary_005 soc=0.5299 fc=30
progress step=13000 round=2/40 episode=2/30 sample=zero_boundary_005 soc=0.4848 fc=380
progress step=13050 round=2/40 episode=2/30 sample=zero_boundary_005 soc=0.4262 fc=580
progress step=13100 round=2/40 episode=2/30 sample=zero_boundary_005 soc=0.2936 fc=220
progress step=13150 round=2/40 episode=2/30 sample=zero_boundary_005 soc=0.3200 fc=400
progress step=13200 round=2/40 episode=3/30 sample=zero_boundary_006 soc=0.7032 fc=140
progress step=13250 round=2/40 episode=3/30 sample=zero_boundary_006 soc=0.7728 fc=580
progress step=13300 round=2/40 episode=3/30 sample=zero_boundary_006 soc=0.7990 fc=170
progress step=13350 round=2/40 episode=3/30 sample=zero_boundary_006 soc=0.7996 fc=30
progress step=13400 round=2/40 episode=3/30 sample=zero_boundary_006 soc=0.7990 fc=70
progress step=13450 round=2/40 episode=3/30 sample=zero_boundary_006 soc=0.7971 fc=360
progress step=13500 round=2/40 episode=3/30 sample=zero_boundary_006 soc=0.7998 fc=60
progress step=13550 round=2/40 episode=4/30 sample=zero_boundary_007 soc=0.6400 fc=10
progress step=13600 round=2/40 episode=4/30 sample=zero_boundary_007 soc=0.5216 fc=160
progress step=13650 round=2/40 episode=4/30 sample=zero_boundary_007 soc=0.5557 fc=520
progress step=13700 round=2/40 episode=4/30 sample=zero_boundary_007 soc=0.6235 fc=220
progress step=13750 round=2/40 episode=4/30 sample=zero_boundary_007 soc=0.5501 fc=320
progress step=13800 round=2/40 episode=5/30 sample=zero_boundary_008 soc=0.6123 fc=320
progress step=13850 round=2/40 episode=5/30 sample=zero_boundary_008 soc=0.4398 fc=560
progress step=13900 round=2/40 episode=6/30 sample=zero_boundary_011 soc=0.6732 fc=220
progress step=13950 round=2/40 episode=6/30 sample=zero_boundary_011 soc=0.7937 fc=490
progress step=14000 round=2/40 episode=6/30 sample=zero_boundary_011 soc=0.6913 fc=180
progress step=14050 round=2/40 episode=6/30 sample=zero_boundary_011 soc=0.5387 fc=520
progress step=14100 round=2/40 episode=6/30 sample=zero_boundary_011 soc=0.4503 fc=10
progress step=14150 round=2/40 episode=6/30 sample=zero_boundary_011 soc=0.3132 fc=500
progress step=14200 round=2/40 episode=6/30 sample=zero_boundary_011 soc=0.4509 fc=160
progress step=14250 round=2/40 episode=6/30 sample=zero_boundary_011 soc=0.6116 fc=510
progress step=14300 round=2/40 episode=6/30 sample=zero_boundary_011 soc=0.7885 fc=180
progress step=14350 round=2/40 episode=6/30 sample=zero_boundary_011 soc=0.7989 fc=80
progress step=14400 round=2/40 episode=6/30 sample=zero_boundary_011 soc=0.7935 fc=180
progress step=14450 round=2/40 episode=6/30 sample=zero_boundary_011 soc=0.7620 fc=70
progress step=14500 round=2/40 episode=6/30 sample=zero_boundary_011 soc=0.7942 fc=280
progress step=14550 round=2/40 episode=6/30 sample=zero_boundary_011 soc=0.7898 fc=580
progress step=14600 round=2/40 episode=6/30 sample=zero_boundary_011 soc=0.7513 fc=230
progress step=14650 round=2/40 episode=7/30 sample=zero_boundary_013 soc=0.6752 fc=260
progress step=14700 round=2/40 episode=7/30 sample=zero_boundary_013 soc=0.7876 fc=530
progress step=14750 round=2/40 episode=7/30 sample=zero_boundary_013 soc=0.7895 fc=210
progress step=14800 round=2/40 episode=7/30 sample=zero_boundary_013 soc=0.7430 fc=310
progress step=14850 round=2/40 episode=7/30 sample=zero_boundary_013 soc=0.7938 fc=310
progress step=14900 round=2/40 episode=7/30 sample=zero_boundary_013 soc=0.7930 fc=350
progress step=14950 round=2/40 episode=7/30 sample=zero_boundary_013 soc=0.7991 fc=90
progress step=15000 round=2/40 episode=8/30 sample=zero_boundary_015 soc=0.6622 fc=120
progress step=15050 round=2/40 episode=8/30 sample=zero_boundary_015 soc=0.6364 fc=510
progress step=15100 round=2/40 episode=8/30 sample=zero_boundary_015 soc=0.3343 fc=530
progress step=15150 round=2/40 episode=9/30 sample=zero_boundary_016 soc=0.7012 fc=520
progress step=15200 round=2/40 episode=9/30 sample=zero_boundary_016 soc=0.7340 fc=360
progress step=15250 round=2/40 episode=9/30 sample=zero_boundary_016 soc=0.5635 fc=480
progress step=15300 round=2/40 episode=9/30 sample=zero_boundary_016 soc=0.3718 fc=130
progress step=15350 round=2/40 episode=10/30 sample=zero_boundary_017 soc=0.5934 fc=190
progress step=15400 round=2/40 episode=10/30 sample=zero_boundary_017 soc=0.3709 fc=250
progress step=15450 round=2/40 episode=11/30 sample=zero_boundary_020 soc=0.6525 fc=60
progress step=15500 round=2/40 episode=11/30 sample=zero_boundary_020 soc=0.6688 fc=300
progress step=15550 round=2/40 episode=11/30 sample=zero_boundary_020 soc=0.7254 fc=540
progress step=15600 round=2/40 episode=12/30 sample=zero_boundary_021 soc=0.7744 fc=530
progress step=15650 round=2/40 episode=12/30 sample=zero_boundary_021 soc=0.7532 fc=380
progress step=15700 round=2/40 episode=12/30 sample=zero_boundary_021 soc=0.6922 fc=250
progress step=15750 round=2/40 episode=12/30 sample=zero_boundary_021 soc=0.5625 fc=570
progress step=15800 round=2/40 episode=13/30 sample=zero_boundary_022 soc=0.6567 fc=30
progress step=15850 round=2/40 episode=13/30 sample=zero_boundary_022 soc=0.6191 fc=510
progress step=15900 round=2/40 episode=13/30 sample=zero_boundary_022 soc=0.6299 fc=220
progress step=15950 round=2/40 episode=13/30 sample=zero_boundary_022 soc=0.7091 fc=40
progress step=16000 round=2/40 episode=14/30 sample=zero_boundary_029 soc=0.6693 fc=580
progress step=16050 round=2/40 episode=14/30 sample=zero_boundary_029 soc=0.6982 fc=0
progress step=16100 round=2/40 episode=14/30 sample=zero_boundary_029 soc=0.6457 fc=150
progress step=16150 round=2/40 episode=14/30 sample=zero_boundary_029 soc=0.6227 fc=190
progress step=16200 round=2/40 episode=14/30 sample=zero_boundary_029 soc=0.7233 fc=290
progress step=16250 round=2/40 episode=14/30 sample=zero_boundary_029 soc=0.7808 fc=540
progress step=16300 round=2/40 episode=14/30 sample=zero_boundary_029 soc=0.7994 fc=90
progress step=16350 round=2/40 episode=14/30 sample=zero_boundary_029 soc=0.7999 fc=0
progress step=16400 round=2/40 episode=14/30 sample=zero_boundary_029 soc=0.7999 fc=0
progress step=16450 round=2/40 episode=14/30 sample=zero_boundary_029 soc=0.7999 fc=0
progress step=16500 round=2/40 episode=14/30 sample=zero_boundary_029 soc=0.7999 fc=0
progress step=16550 round=2/40 episode=14/30 sample=zero_boundary_029 soc=0.7999 fc=0
progress step=16600 round=2/40 episode=14/30 sample=zero_boundary_029 soc=0.7999 fc=0
progress step=16650 round=2/40 episode=14/30 sample=zero_boundary_029 soc=0.7999 fc=0
progress step=16700 round=2/40 episode=14/30 sample=zero_boundary_029 soc=0.7999 fc=0
progress step=16750 round=2/40 episode=14/30 sample=zero_boundary_029 soc=0.7999 fc=0
progress step=16800 round=2/40 episode=14/30 sample=zero_boundary_029 soc=0.7999 fc=0
progress step=16850 round=2/40 episode=14/30 sample=zero_boundary_029 soc=0.7996 fc=50
progress step=16900 round=2/40 episode=14/30 sample=zero_boundary_029 soc=0.7963 fc=260
progress step=16950 round=2/40 episode=14/30 sample=zero_boundary_029 soc=0.7972 fc=40
progress step=17000 round=2/40 episode=14/30 sample=zero_boundary_029 soc=0.7625 fc=430
progress step=17050 round=2/40 episode=15/30 sample=zero_boundary_033 soc=0.6585 fc=50
progress step=17100 round=2/40 episode=15/30 sample=zero_boundary_033 soc=0.7266 fc=30
progress step=17150 round=2/40 episode=15/30 sample=zero_boundary_033 soc=0.6754 fc=60
progress step=17200 round=2/40 episode=15/30 sample=zero_boundary_033 soc=0.6786 fc=0
progress step=17250 round=2/40 episode=15/30 sample=zero_boundary_033 soc=0.6023 fc=90
progress step=17300 round=2/40 episode=15/30 sample=zero_boundary_033 soc=0.5597 fc=500
progress step=17350 round=2/40 episode=15/30 sample=zero_boundary_033 soc=0.4011 fc=130
progress step=17400 round=2/40 episode=15/30 sample=zero_boundary_033 soc=0.5541 fc=580
progress step=17450 round=2/40 episode=15/30 sample=zero_boundary_033 soc=0.7443 fc=400
progress step=17500 round=2/40 episode=15/30 sample=zero_boundary_033 soc=0.8000 fc=0
progress step=17550 round=2/40 episode=15/30 sample=zero_boundary_033 soc=0.7999 fc=0
progress step=17600 round=2/40 episode=15/30 sample=zero_boundary_033 soc=0.7999 fc=0
progress step=17650 round=2/40 episode=15/30 sample=zero_boundary_033 soc=0.7999 fc=0
progress step=17700 round=2/40 episode=15/30 sample=zero_boundary_033 soc=0.7999 fc=0
progress step=17750 round=2/40 episode=15/30 sample=zero_boundary_033 soc=0.7999 fc=0
progress step=17800 round=2/40 episode=15/30 sample=zero_boundary_033 soc=0.7997 fc=50
progress step=17850 round=2/40 episode=15/30 sample=zero_boundary_033 soc=0.7998 fc=30
progress step=17900 round=2/40 episode=15/30 sample=zero_boundary_033 soc=0.8000 fc=30
progress step=17950 round=2/40 episode=15/30 sample=zero_boundary_033 soc=0.7999 fc=0
progress step=18000 round=2/40 episode=15/30 sample=zero_boundary_033 soc=0.7999 fc=0
progress step=18050 round=2/40 episode=16/30 sample=zero_boundary_034 soc=0.7581 fc=410
progress step=18100 round=2/40 episode=16/30 sample=zero_boundary_034 soc=0.8000 fc=0
progress step=18150 round=2/40 episode=16/30 sample=zero_boundary_034 soc=0.8000 fc=0
progress step=18200 round=2/40 episode=16/30 sample=zero_boundary_034 soc=0.8000 fc=0
progress step=18250 round=2/40 episode=16/30 sample=zero_boundary_034 soc=0.8000 fc=0
progress step=18300 round=2/40 episode=16/30 sample=zero_boundary_034 soc=0.8000 fc=0
progress step=18350 round=2/40 episode=16/30 sample=zero_boundary_034 soc=0.8000 fc=0
progress step=18400 round=2/40 episode=16/30 sample=zero_boundary_034 soc=0.8000 fc=0
progress step=18450 round=2/40 episode=16/30 sample=zero_boundary_034 soc=0.8000 fc=0
progress step=18500 round=2/40 episode=16/30 sample=zero_boundary_034 soc=0.8000 fc=0
progress step=18550 round=2/40 episode=16/30 sample=zero_boundary_034 soc=0.8000 fc=0
progress step=18600 round=2/40 episode=16/30 sample=zero_boundary_034 soc=0.8000 fc=0
progress step=18650 round=2/40 episode=16/30 sample=zero_boundary_034 soc=0.8000 fc=0
progress step=18700 round=2/40 episode=16/30 sample=zero_boundary_034 soc=0.8000 fc=0
progress step=18750 round=2/40 episode=16/30 sample=zero_boundary_034 soc=0.8000 fc=0
progress step=18800 round=2/40 episode=16/30 sample=zero_boundary_034 soc=0.8000 fc=0
progress step=18850 round=2/40 episode=16/30 sample=zero_boundary_034 soc=0.8000 fc=0
progress step=18900 round=2/40 episode=16/30 sample=zero_boundary_034 soc=0.7998 fc=50
progress step=18950 round=2/40 episode=16/30 sample=zero_boundary_034 soc=0.7968 fc=170
progress step=19000 round=2/40 episode=16/30 sample=zero_boundary_034 soc=0.7968 fc=180
progress step=19050 round=2/40 episode=16/30 sample=zero_boundary_034 soc=0.7993 fc=160
progress step=19100 round=2/40 episode=16/30 sample=zero_boundary_034 soc=0.7995 fc=170
progress step=19150 round=2/40 episode=16/30 sample=zero_boundary_034 soc=0.7994 fc=60
progress step=19200 round=2/40 episode=16/30 sample=zero_boundary_034 soc=0.7999 fc=0
progress step=19250 round=2/40 episode=16/30 sample=zero_boundary_034 soc=0.7999 fc=0
progress step=19300 round=2/40 episode=16/30 sample=zero_boundary_034 soc=0.7999 fc=0
progress step=19350 round=2/40 episode=16/30 sample=zero_boundary_034 soc=0.7999 fc=0
progress step=19400 round=2/40 episode=16/30 sample=zero_boundary_034 soc=0.7999 fc=0
progress step=19450 round=2/40 episode=16/30 sample=zero_boundary_034 soc=0.7999 fc=0
progress step=19500 round=2/40 episode=16/30 sample=zero_boundary_034 soc=0.7999 fc=0
progress step=19550 round=2/40 episode=16/30 sample=zero_boundary_034 soc=0.7999 fc=0
progress step=19600 round=2/40 episode=16/30 sample=zero_boundary_034 soc=0.7999 fc=0
progress step=19650 round=2/40 episode=17/30 sample=zero_boundary_037 soc=0.6161 fc=350
progress step=19700 round=2/40 episode=17/30 sample=zero_boundary_037 soc=0.6772 fc=470
progress step=19750 round=2/40 episode=17/30 sample=zero_boundary_037 soc=0.7225 fc=0
progress step=19800 round=2/40 episode=17/30 sample=zero_boundary_037 soc=0.7690 fc=300
progress step=19850 round=2/40 episode=17/30 sample=zero_boundary_037 soc=0.7954 fc=370
progress step=19900 round=2/40 episode=17/30 sample=zero_boundary_037 soc=0.7370 fc=420
progress step=19950 round=2/40 episode=17/30 sample=zero_boundary_037 soc=0.6197 fc=40
progress step=20000 round=2/40 episode=17/30 sample=zero_boundary_037 soc=0.4743 fc=60
progress step=20050 round=2/40 episode=17/30 sample=zero_boundary_037 soc=0.6039 fc=440
progress step=20100 round=2/40 episode=17/30 sample=zero_boundary_037 soc=0.7479 fc=210
progress step=20150 round=2/40 episode=17/30 sample=zero_boundary_037 soc=0.7990 fc=130
progress step=20200 round=2/40 episode=17/30 sample=zero_boundary_037 soc=0.7992 fc=100
progress step=20250 round=2/40 episode=17/30 sample=zero_boundary_037 soc=0.7987 fc=140
progress step=20300 round=2/40 episode=17/30 sample=zero_boundary_037 soc=0.7996 fc=10
progress step=20350 round=2/40 episode=17/30 sample=zero_boundary_037 soc=0.7996 fc=40
progress step=20400 round=2/40 episode=17/30 sample=zero_boundary_037 soc=0.7996 fc=60
progress step=20450 round=2/40 episode=17/30 sample=zero_boundary_037 soc=0.7994 fc=80
progress step=20500 round=2/40 episode=17/30 sample=zero_boundary_037 soc=0.7999 fc=20
progress step=20550 round=2/40 episode=17/30 sample=zero_boundary_037 soc=0.7987 fc=10
progress step=20600 round=2/40 episode=17/30 sample=zero_boundary_037 soc=0.7997 fc=30
progress step=20650 round=2/40 episode=17/30 sample=zero_boundary_037 soc=0.8000 fc=0
progress step=20700 round=2/40 episode=17/30 sample=zero_boundary_037 soc=0.8000 fc=0
progress step=20750 round=2/40 episode=17/30 sample=zero_boundary_037 soc=0.8000 fc=0
progress step=20800 round=2/40 episode=17/30 sample=zero_boundary_037 soc=0.7992 fc=0
progress step=20850 round=2/40 episode=17/30 sample=zero_boundary_037 soc=0.7993 fc=80
progress step=20900 round=2/40 episode=17/30 sample=zero_boundary_037 soc=0.7999 fc=10
progress step=20950 round=2/40 episode=17/30 sample=zero_boundary_037 soc=0.7997 fc=20
progress step=21000 round=2/40 episode=17/30 sample=zero_boundary_037 soc=0.7999 fc=20
progress step=21050 round=2/40 episode=17/30 sample=zero_boundary_037 soc=0.7995 fc=10
progress step=21100 round=2/40 episode=17/30 sample=zero_boundary_037 soc=0.7988 fc=130
progress step=21150 round=2/40 episode=17/30 sample=zero_boundary_037 soc=0.7996 fc=40
progress step=21200 round=2/40 episode=17/30 sample=zero_boundary_037 soc=0.7999 fc=30
progress step=21250 round=2/40 episode=17/30 sample=zero_boundary_037 soc=0.7996 fc=20
progress step=21300 round=2/40 episode=17/30 sample=zero_boundary_037 soc=0.7995 fc=20
progress step=21350 round=2/40 episode=17/30 sample=zero_boundary_037 soc=0.7988 fc=40
progress step=21400 round=2/40 episode=17/30 sample=zero_boundary_037 soc=0.7998 fc=30
progress step=21450 round=2/40 episode=17/30 sample=zero_boundary_037 soc=0.7993 fc=60
progress step=21500 round=2/40 episode=17/30 sample=zero_boundary_037 soc=0.8000 fc=0
progress step=21550 round=2/40 episode=18/30 sample=zero_boundary_038 soc=0.6394 fc=510
progress step=21600 round=2/40 episode=18/30 sample=zero_boundary_038 soc=0.6653 fc=100
progress step=21650 round=2/40 episode=18/30 sample=zero_boundary_038 soc=0.6199 fc=250
progress step=21700 round=2/40 episode=18/30 sample=zero_boundary_038 soc=0.6058 fc=180
progress step=21750 round=2/40 episode=18/30 sample=zero_boundary_038 soc=0.4714 fc=90
progress step=21800 round=2/40 episode=18/30 sample=zero_boundary_038 soc=0.3391 fc=330
progress step=21850 round=2/40 episode=18/30 sample=zero_boundary_038 soc=0.3751 fc=380
progress step=21900 round=2/40 episode=18/30 sample=zero_boundary_038 soc=0.5248 fc=140
progress step=21950 round=2/40 episode=18/30 sample=zero_boundary_038 soc=0.6726 fc=0
progress step=22000 round=2/40 episode=18/30 sample=zero_boundary_038 soc=0.7996 fc=90
progress step=22050 round=2/40 episode=18/30 sample=zero_boundary_038 soc=0.7662 fc=380
progress step=22100 round=2/40 episode=18/30 sample=zero_boundary_038 soc=0.7356 fc=80
progress step=22150 round=2/40 episode=18/30 sample=zero_boundary_038 soc=0.6863 fc=150
progress step=22200 round=2/40 episode=18/30 sample=zero_boundary_038 soc=0.6745 fc=150
progress step=22250 round=2/40 episode=19/30 sample=zero_boundary_040 soc=0.6124 fc=570
progress step=22300 round=2/40 episode=19/30 sample=zero_boundary_040 soc=0.5722 fc=450
progress step=22350 round=2/40 episode=19/30 sample=zero_boundary_040 soc=0.3927 fc=250
progress step=22400 round=2/40 episode=19/30 sample=zero_boundary_040 soc=0.3290 fc=80
progress step=22450 round=2/40 episode=19/30 sample=zero_boundary_040 soc=0.2914 fc=260
progress step=22500 round=2/40 episode=19/30 sample=zero_boundary_040 soc=0.2393 fc=120
progress step=22550 round=2/40 episode=19/30 sample=zero_boundary_040 soc=0.2968 fc=600
progress step=22600 round=2/40 episode=19/30 sample=zero_boundary_040 soc=0.3862 fc=90
progress step=22650 round=2/40 episode=19/30 sample=zero_boundary_040 soc=0.2708 fc=420
progress step=22700 round=2/40 episode=19/30 sample=zero_boundary_040 soc=0.2004 fc=580
progress step=22750 round=2/40 episode=20/30 sample=zero_boundary_041 soc=0.6095 fc=310
progress step=22800 round=2/40 episode=20/30 sample=zero_boundary_041 soc=0.5431 fc=420
progress step=22850 round=2/40 episode=20/30 sample=zero_boundary_041 soc=0.3447 fc=490
progress step=22900 round=2/40 episode=21/30 sample=zero_boundary_042 soc=0.6679 fc=180
progress step=22950 round=2/40 episode=21/30 sample=zero_boundary_042 soc=0.5370 fc=420
progress step=23000 round=2/40 episode=21/30 sample=zero_boundary_042 soc=0.3450 fc=140
progress step=23050 round=2/40 episode=21/30 sample=zero_boundary_042 soc=0.2006 fc=560
progress step=23100 round=2/40 episode=21/30 sample=zero_boundary_042 soc=0.2010 fc=510
progress step=23150 round=2/40 episode=21/30 sample=zero_boundary_042 soc=0.3450 fc=110
progress step=23200 round=2/40 episode=21/30 sample=zero_boundary_042 soc=0.2000 fc=600
progress step=23250 round=2/40 episode=22/30 sample=zero_boundary_044 soc=0.6290 fc=420
progress step=23300 round=2/40 episode=22/30 sample=zero_boundary_044 soc=0.5176 fc=560
progress step=23350 round=2/40 episode=22/30 sample=zero_boundary_044 soc=0.2989 fc=280
progress step=23400 round=2/40 episode=23/30 sample=zero_boundary_045 soc=0.6784 fc=420
progress step=23450 round=2/40 episode=23/30 sample=zero_boundary_045 soc=0.6164 fc=190
progress step=23500 round=2/40 episode=23/30 sample=zero_boundary_045 soc=0.5236 fc=120
progress step=23550 round=2/40 episode=23/30 sample=zero_boundary_045 soc=0.3004 fc=310
progress step=23600 round=2/40 episode=24/30 sample=zero_boundary_046 soc=0.5719 fc=320
progress step=23650 round=2/40 episode=24/30 sample=zero_boundary_046 soc=0.4613 fc=360
progress step=23700 round=2/40 episode=24/30 sample=zero_boundary_046 soc=0.2741 fc=130
progress step=23750 round=2/40 episode=25/30 sample=zero_boundary_048 soc=0.6518 fc=530
progress step=23800 round=2/40 episode=25/30 sample=zero_boundary_048 soc=0.4820 fc=20
progress step=23850 round=2/40 episode=25/30 sample=zero_boundary_048 soc=0.3608 fc=60
progress step=23900 round=2/40 episode=25/30 sample=zero_boundary_048 soc=0.3832 fc=600
progress step=23950 round=2/40 episode=25/30 sample=zero_boundary_048 soc=0.4201 fc=480
progress step=24000 round=2/40 episode=25/30 sample=zero_boundary_048 soc=0.4546 fc=440
progress step=24050 round=2/40 episode=26/30 sample=zero_boundary_049 soc=0.6720 fc=10
progress step=24100 round=2/40 episode=26/30 sample=zero_boundary_049 soc=0.6226 fc=460
progress step=24150 round=2/40 episode=26/30 sample=zero_boundary_049 soc=0.6208 fc=430
progress step=24200 round=2/40 episode=26/30 sample=zero_boundary_049 soc=0.6282 fc=60
progress step=24250 round=2/40 episode=26/30 sample=zero_boundary_049 soc=0.6906 fc=470
progress step=24300 round=2/40 episode=27/30 sample=zero_boundary_050 soc=0.6650 fc=400
progress step=24350 round=2/40 episode=27/30 sample=zero_boundary_050 soc=0.5485 fc=160
progress step=24400 round=2/40 episode=27/30 sample=zero_boundary_050 soc=0.3830 fc=300
progress step=24450 round=2/40 episode=27/30 sample=zero_boundary_050 soc=0.2039 fc=430
progress step=24500 round=2/40 episode=28/30 sample=zero_boundary_051 soc=0.6303 fc=560
progress step=24550 round=2/40 episode=28/30 sample=zero_boundary_051 soc=0.6081 fc=550
progress step=24600 round=2/40 episode=28/30 sample=zero_boundary_051 soc=0.6294 fc=90
progress step=24650 round=2/40 episode=29/30 sample=zero_boundary_052 soc=0.6450 fc=120
progress step=24700 round=2/40 episode=29/30 sample=zero_boundary_052 soc=0.4279 fc=110
progress step=24750 round=2/40 episode=29/30 sample=zero_boundary_052 soc=0.3094 fc=20
progress step=24800 round=2/40 episode=29/30 sample=zero_boundary_052 soc=0.3930 fc=150
progress step=24850 round=2/40 episode=30/30 sample=zero_boundary_053 soc=0.6076 fc=260
progress step=24900 round=2/40 episode=30/30 sample=zero_boundary_053 soc=0.6836 fc=80
progress step=24950 round=2/40 episode=30/30 sample=zero_boundary_053 soc=0.5377 fc=480
progress step=25000 round=2/40 episode=30/30 sample=zero_boundary_053 soc=0.5399 fc=0
progress step=25050 round=2/40 episode=30/30 sample=zero_boundary_053 soc=0.5580 fc=30
progress step=25100 round=2/40 episode=30/30 sample=zero_boundary_053 soc=0.6778 fc=30
round 2/40 exploratory=20/30 greedy_train start
MONITOR round=2 exploratory=20/30 greedy_train=14/30 validation=SKIPPED cost=None updates=2530 best_round=None
round 3/40 start epsilon=0.9513
progress step=25150 round=3/40 episode=1/30 sample=zero_boundary_002 soc=0.7225 fc=110
progress step=25200 round=3/40 episode=1/30 sample=zero_boundary_002 soc=0.4007 fc=370
progress step=25250 round=3/40 episode=2/30 sample=zero_boundary_005 soc=0.6530 fc=220
progress step=25300 round=3/40 episode=2/30 sample=zero_boundary_005 soc=0.6168 fc=150
progress step=25350 round=3/40 episode=2/30 sample=zero_boundary_005 soc=0.5310 fc=60
progress step=25400 round=3/40 episode=2/30 sample=zero_boundary_005 soc=0.4701 fc=130
progress step=25450 round=3/40 episode=2/30 sample=zero_boundary_005 soc=0.3199 fc=390
progress step=25500 round=3/40 episode=2/30 sample=zero_boundary_005 soc=0.2859 fc=270
progress step=25550 round=3/40 episode=3/30 sample=zero_boundary_006 soc=0.6755 fc=270
progress step=25600 round=3/40 episode=3/30 sample=zero_boundary_006 soc=0.7614 fc=90
progress step=25650 round=3/40 episode=3/30 sample=zero_boundary_006 soc=0.7987 fc=40
progress step=25700 round=3/40 episode=3/30 sample=zero_boundary_006 soc=0.7990 fc=170
progress step=25750 round=3/40 episode=3/30 sample=zero_boundary_006 soc=0.7994 fc=90
progress step=25800 round=3/40 episode=3/30 sample=zero_boundary_006 soc=0.8000 fc=80
progress step=25850 round=3/40 episode=3/30 sample=zero_boundary_006 soc=0.7985 fc=70
progress step=25900 round=3/40 episode=4/30 sample=zero_boundary_007 soc=0.6505 fc=60
progress step=25950 round=3/40 episode=4/30 sample=zero_boundary_007 soc=0.5828 fc=390
progress step=26000 round=3/40 episode=4/30 sample=zero_boundary_007 soc=0.6184 fc=140
progress step=26050 round=3/40 episode=4/30 sample=zero_boundary_007 soc=0.6990 fc=340
progress step=26100 round=3/40 episode=4/30 sample=zero_boundary_007 soc=0.6932 fc=90
progress step=26150 round=3/40 episode=4/30 sample=zero_boundary_007 soc=0.6977 fc=60
progress step=26200 round=3/40 episode=5/30 sample=zero_boundary_008 soc=0.6111 fc=600
progress step=26250 round=3/40 episode=6/30 sample=zero_boundary_011 soc=0.6014 fc=150
progress step=26300 round=3/40 episode=6/30 sample=zero_boundary_011 soc=0.7566 fc=280
progress step=26350 round=3/40 episode=6/30 sample=zero_boundary_011 soc=0.7011 fc=270
progress step=26400 round=3/40 episode=6/30 sample=zero_boundary_011 soc=0.5414 fc=370
progress step=26450 round=3/40 episode=6/30 sample=zero_boundary_011 soc=0.3949 fc=350
progress step=26500 round=3/40 episode=6/30 sample=zero_boundary_011 soc=0.2842 fc=30
progress step=26550 round=3/40 episode=6/30 sample=zero_boundary_011 soc=0.2118 fc=130
progress step=26600 round=3/40 episode=6/30 sample=zero_boundary_011 soc=0.4783 fc=550
progress step=26650 round=3/40 episode=6/30 sample=zero_boundary_011 soc=0.6568 fc=130
progress step=26700 round=3/40 episode=6/30 sample=zero_boundary_011 soc=0.7998 fc=40
progress step=26750 round=3/40 episode=6/30 sample=zero_boundary_011 soc=0.7736 fc=440
progress step=26800 round=3/40 episode=6/30 sample=zero_boundary_011 soc=0.7552 fc=590
progress step=26850 round=3/40 episode=6/30 sample=zero_boundary_011 soc=0.7659 fc=100
progress step=26900 round=3/40 episode=6/30 sample=zero_boundary_011 soc=0.7831 fc=210
progress step=26950 round=3/40 episode=6/30 sample=zero_boundary_011 soc=0.7525 fc=430
progress step=27000 round=3/40 episode=7/30 sample=zero_boundary_013 soc=0.6256 fc=0
progress step=27050 round=3/40 episode=7/30 sample=zero_boundary_013 soc=0.7629 fc=460
progress step=27100 round=3/40 episode=7/30 sample=zero_boundary_013 soc=0.7617 fc=260
progress step=27150 round=3/40 episode=7/30 sample=zero_boundary_013 soc=0.7251 fc=0
progress step=27200 round=3/40 episode=7/30 sample=zero_boundary_013 soc=0.7481 fc=220
progress step=27250 round=3/40 episode=7/30 sample=zero_boundary_013 soc=0.7835 fc=10
progress step=27300 round=3/40 episode=7/30 sample=zero_boundary_013 soc=0.7947 fc=120
progress step=27350 round=3/40 episode=8/30 sample=zero_boundary_015 soc=0.6481 fc=300
progress step=27400 round=3/40 episode=8/30 sample=zero_boundary_015 soc=0.6187 fc=410
progress step=27450 round=3/40 episode=8/30 sample=zero_boundary_015 soc=0.5302 fc=260
progress step=27500 round=3/40 episode=9/30 sample=zero_boundary_016 soc=0.6628 fc=150
progress step=27550 round=3/40 episode=9/30 sample=zero_boundary_016 soc=0.7570 fc=60
progress step=27600 round=3/40 episode=9/30 sample=zero_boundary_016 soc=0.5644 fc=170
progress step=27650 round=3/40 episode=9/30 sample=zero_boundary_016 soc=0.3706 fc=80
progress step=27700 round=3/40 episode=10/30 sample=zero_boundary_017 soc=0.5840 fc=540
progress step=27750 round=3/40 episode=10/30 sample=zero_boundary_017 soc=0.3772 fc=60
progress step=27800 round=3/40 episode=11/30 sample=zero_boundary_020 soc=0.6472 fc=350
progress step=27850 round=3/40 episode=11/30 sample=zero_boundary_020 soc=0.6267 fc=150
progress step=27900 round=3/40 episode=11/30 sample=zero_boundary_020 soc=0.7067 fc=340
progress step=27950 round=3/40 episode=12/30 sample=zero_boundary_021 soc=0.7435 fc=60
progress step=28000 round=3/40 episode=12/30 sample=zero_boundary_021 soc=0.7242 fc=390
progress step=28050 round=3/40 episode=12/30 sample=zero_boundary_021 soc=0.5892 fc=220
progress step=28100 round=3/40 episode=12/30 sample=zero_boundary_021 soc=0.5027 fc=170
progress step=28150 round=3/40 episode=13/30 sample=zero_boundary_022 soc=0.6471 fc=30
progress step=28200 round=3/40 episode=13/30 sample=zero_boundary_022 soc=0.6380 fc=490
progress step=28250 round=3/40 episode=13/30 sample=zero_boundary_022 soc=0.6414 fc=330
progress step=28300 round=3/40 episode=13/30 sample=zero_boundary_022 soc=0.6902 fc=310
progress step=28350 round=3/40 episode=14/30 sample=zero_boundary_029 soc=0.6945 fc=280
progress step=28400 round=3/40 episode=14/30 sample=zero_boundary_029 soc=0.7030 fc=130
progress step=28450 round=3/40 episode=14/30 sample=zero_boundary_029 soc=0.6463 fc=40
progress step=28500 round=3/40 episode=14/30 sample=zero_boundary_029 soc=0.6361 fc=220
progress step=28550 round=3/40 episode=14/30 sample=zero_boundary_029 soc=0.7086 fc=370
progress step=28600 round=3/40 episode=14/30 sample=zero_boundary_029 soc=0.7714 fc=410
progress step=28650 round=3/40 episode=14/30 sample=zero_boundary_029 soc=0.7962 fc=140
progress step=28700 round=3/40 episode=14/30 sample=zero_boundary_029 soc=0.7999 fc=0
progress step=28750 round=3/40 episode=14/30 sample=zero_boundary_029 soc=0.7999 fc=0
progress step=28800 round=3/40 episode=14/30 sample=zero_boundary_029 soc=0.7999 fc=0
progress step=28850 round=3/40 episode=14/30 sample=zero_boundary_029 soc=0.7999 fc=0
progress step=28900 round=3/40 episode=14/30 sample=zero_boundary_029 soc=0.7999 fc=0
progress step=28950 round=3/40 episode=14/30 sample=zero_boundary_029 soc=0.7999 fc=0
progress step=29000 round=3/40 episode=14/30 sample=zero_boundary_029 soc=0.7999 fc=0
progress step=29050 round=3/40 episode=14/30 sample=zero_boundary_029 soc=0.7999 fc=0
progress step=29100 round=3/40 episode=14/30 sample=zero_boundary_029 soc=0.7999 fc=0
progress step=29150 round=3/40 episode=14/30 sample=zero_boundary_029 soc=0.7999 fc=0
progress step=29200 round=3/40 episode=14/30 sample=zero_boundary_029 soc=0.7997 fc=20
progress step=29250 round=3/40 episode=14/30 sample=zero_boundary_029 soc=0.7973 fc=280
progress step=29300 round=3/40 episode=14/30 sample=zero_boundary_029 soc=0.7983 fc=0
progress step=29350 round=3/40 episode=14/30 sample=zero_boundary_029 soc=0.7451 fc=330
progress step=29400 round=3/40 episode=15/30 sample=zero_boundary_033 soc=0.6613 fc=110
progress step=29450 round=3/40 episode=15/30 sample=zero_boundary_033 soc=0.7259 fc=470
progress step=29500 round=3/40 episode=15/30 sample=zero_boundary_033 soc=0.6417 fc=140
progress step=29550 round=3/40 episode=15/30 sample=zero_boundary_033 soc=0.5861 fc=430
progress step=29600 round=3/40 episode=15/30 sample=zero_boundary_033 soc=0.5067 fc=60
progress step=29650 round=3/40 episode=15/30 sample=zero_boundary_033 soc=0.4761 fc=530
progress step=29700 round=3/40 episode=15/30 sample=zero_boundary_033 soc=0.3397 fc=450
progress step=29750 round=3/40 episode=15/30 sample=zero_boundary_033 soc=0.4921 fc=0
progress step=29800 round=3/40 episode=15/30 sample=zero_boundary_033 soc=0.6444 fc=380
progress step=29850 round=3/40 episode=15/30 sample=zero_boundary_033 soc=0.7998 fc=0
progress step=29900 round=3/40 episode=15/30 sample=zero_boundary_033 soc=0.7999 fc=0
progress step=29950 round=3/40 episode=15/30 sample=zero_boundary_033 soc=0.7999 fc=0
progress step=30000 round=3/40 episode=15/30 sample=zero_boundary_033 soc=0.8000 fc=0
progress step=30050 round=3/40 episode=15/30 sample=zero_boundary_033 soc=0.8000 fc=0
progress step=30100 round=3/40 episode=15/30 sample=zero_boundary_033 soc=0.8000 fc=0
progress step=30150 round=3/40 episode=15/30 sample=zero_boundary_033 soc=0.7995 fc=40
progress step=30200 round=3/40 episode=15/30 sample=zero_boundary_033 soc=0.7997 fc=30
progress step=30250 round=3/40 episode=15/30 sample=zero_boundary_033 soc=0.8000 fc=30
progress step=30300 round=3/40 episode=15/30 sample=zero_boundary_033 soc=0.7997 fc=30
progress step=30350 round=3/40 episode=15/30 sample=zero_boundary_033 soc=0.7996 fc=10
progress step=30400 round=3/40 episode=16/30 sample=zero_boundary_034 soc=0.7620 fc=50
progress step=30450 round=3/40 episode=16/30 sample=zero_boundary_034 soc=0.8000 fc=0
progress step=30500 round=3/40 episode=16/30 sample=zero_boundary_034 soc=0.8000 fc=0
progress step=30550 round=3/40 episode=16/30 sample=zero_boundary_034 soc=0.8000 fc=0
progress step=30600 round=3/40 episode=16/30 sample=zero_boundary_034 soc=0.8000 fc=0
progress step=30650 round=3/40 episode=16/30 sample=zero_boundary_034 soc=0.8000 fc=0
progress step=30700 round=3/40 episode=16/30 sample=zero_boundary_034 soc=0.8000 fc=0
progress step=30750 round=3/40 episode=16/30 sample=zero_boundary_034 soc=0.8000 fc=0
progress step=30800 round=3/40 episode=16/30 sample=zero_boundary_034 soc=0.8000 fc=0
progress step=30850 round=3/40 episode=16/30 sample=zero_boundary_034 soc=0.8000 fc=0
progress step=30900 round=3/40 episode=16/30 sample=zero_boundary_034 soc=0.8000 fc=0
progress step=30950 round=3/40 episode=16/30 sample=zero_boundary_034 soc=0.8000 fc=0
progress step=31000 round=3/40 episode=16/30 sample=zero_boundary_034 soc=0.8000 fc=0
progress step=31050 round=3/40 episode=16/30 sample=zero_boundary_034 soc=0.8000 fc=0
progress step=31100 round=3/40 episode=16/30 sample=zero_boundary_034 soc=0.8000 fc=0
progress step=31150 round=3/40 episode=16/30 sample=zero_boundary_034 soc=0.8000 fc=0
progress step=31200 round=3/40 episode=16/30 sample=zero_boundary_034 soc=0.8000 fc=0
progress step=31250 round=3/40 episode=16/30 sample=zero_boundary_034 soc=0.7998 fc=60
progress step=31300 round=3/40 episode=16/30 sample=zero_boundary_034 soc=0.7948 fc=170
progress step=31350 round=3/40 episode=16/30 sample=zero_boundary_034 soc=0.7994 fc=30
progress step=31400 round=3/40 episode=16/30 sample=zero_boundary_034 soc=0.7999 fc=60
progress step=31450 round=3/40 episode=16/30 sample=zero_boundary_034 soc=0.7977 fc=380
progress step=31500 round=3/40 episode=16/30 sample=zero_boundary_034 soc=0.7993 fc=0
progress step=31550 round=3/40 episode=16/30 sample=zero_boundary_034 soc=0.8000 fc=0
progress step=31600 round=3/40 episode=16/30 sample=zero_boundary_034 soc=0.8000 fc=0
progress step=31650 round=3/40 episode=16/30 sample=zero_boundary_034 soc=0.8000 fc=0
progress step=31700 round=3/40 episode=16/30 sample=zero_boundary_034 soc=0.8000 fc=0
progress step=31750 round=3/40 episode=16/30 sample=zero_boundary_034 soc=0.8000 fc=0
progress step=31800 round=3/40 episode=16/30 sample=zero_boundary_034 soc=0.8000 fc=0
progress step=31850 round=3/40 episode=16/30 sample=zero_boundary_034 soc=0.8000 fc=0
progress step=31900 round=3/40 episode=16/30 sample=zero_boundary_034 soc=0.8000 fc=0
progress step=31950 round=3/40 episode=16/30 sample=zero_boundary_034 soc=0.8000 fc=0
progress step=32000 round=3/40 episode=17/30 sample=zero_boundary_037 soc=0.6135 fc=290
progress step=32050 round=3/40 episode=17/30 sample=zero_boundary_037 soc=0.6954 fc=150
progress step=32100 round=3/40 episode=17/30 sample=zero_boundary_037 soc=0.7468 fc=420
progress step=32150 round=3/40 episode=17/30 sample=zero_boundary_037 soc=0.7822 fc=560
progress step=32200 round=3/40 episode=17/30 sample=zero_boundary_037 soc=0.7777 fc=120
progress step=32250 round=3/40 episode=17/30 sample=zero_boundary_037 soc=0.7538 fc=550
progress step=32300 round=3/40 episode=17/30 sample=zero_boundary_037 soc=0.6126 fc=310
progress step=32350 round=3/40 episode=17/30 sample=zero_boundary_037 soc=0.4915 fc=50
progress step=32400 round=3/40 episode=17/30 sample=zero_boundary_037 soc=0.6546 fc=310
progress step=32450 round=3/40 episode=17/30 sample=zero_boundary_037 soc=0.7973 fc=60
progress step=32500 round=3/40 episode=17/30 sample=zero_boundary_037 soc=0.7983 fc=0
progress step=32550 round=3/40 episode=17/30 sample=zero_boundary_037 soc=0.7993 fc=60
progress step=32600 round=3/40 episode=17/30 sample=zero_boundary_037 soc=0.7996 fc=60
progress step=32650 round=3/40 episode=17/30 sample=zero_boundary_037 soc=0.7986 fc=100
progress step=32700 round=3/40 episode=17/30 sample=zero_boundary_037 soc=0.7991 fc=30
progress step=32750 round=3/40 episode=17/30 sample=zero_boundary_037 soc=0.7992 fc=50
progress step=32800 round=3/40 episode=17/30 sample=zero_boundary_037 soc=0.7990 fc=90
progress step=32850 round=3/40 episode=17/30 sample=zero_boundary_037 soc=0.7993 fc=30
progress step=32900 round=3/40 episode=17/30 sample=zero_boundary_037 soc=0.7992 fc=70
progress step=32950 round=3/40 episode=17/30 sample=zero_boundary_037 soc=0.7997 fc=80
progress step=33000 round=3/40 episode=17/30 sample=zero_boundary_037 soc=0.7999 fc=0
progress step=33050 round=3/40 episode=17/30 sample=zero_boundary_037 soc=0.7999 fc=0
progress step=33100 round=3/40 episode=17/30 sample=zero_boundary_037 soc=0.7999 fc=0
progress step=33150 round=3/40 episode=17/30 sample=zero_boundary_037 soc=0.7985 fc=60
progress step=33200 round=3/40 episode=17/30 sample=zero_boundary_037 soc=0.7984 fc=0
progress step=33250 round=3/40 episode=17/30 sample=zero_boundary_037 soc=0.7997 fc=20
progress step=33300 round=3/40 episode=17/30 sample=zero_boundary_037 soc=0.7991 fc=30
progress step=33350 round=3/40 episode=17/30 sample=zero_boundary_037 soc=0.7991 fc=100
progress step=33400 round=3/40 episode=17/30 sample=zero_boundary_037 soc=0.7995 fc=10
progress step=33450 round=3/40 episode=17/30 sample=zero_boundary_037 soc=0.7982 fc=50
progress step=33500 round=3/40 episode=17/30 sample=zero_boundary_037 soc=0.7996 fc=60
progress step=33550 round=3/40 episode=17/30 sample=zero_boundary_037 soc=0.7992 fc=30
progress step=33600 round=3/40 episode=17/30 sample=zero_boundary_037 soc=0.8000 fc=10
progress step=33650 round=3/40 episode=17/30 sample=zero_boundary_037 soc=0.7995 fc=0
progress step=33700 round=3/40 episode=17/30 sample=zero_boundary_037 soc=0.8000 fc=30
progress step=33750 round=3/40 episode=17/30 sample=zero_boundary_037 soc=0.7995 fc=30
progress step=33800 round=3/40 episode=17/30 sample=zero_boundary_037 soc=0.7989 fc=110
progress step=33850 round=3/40 episode=17/30 sample=zero_boundary_037 soc=0.7998 fc=20
progress step=33900 round=3/40 episode=18/30 sample=zero_boundary_038 soc=0.6356 fc=570
progress step=33950 round=3/40 episode=18/30 sample=zero_boundary_038 soc=0.6664 fc=340
progress step=34000 round=3/40 episode=18/30 sample=zero_boundary_038 soc=0.5684 fc=400
progress step=34050 round=3/40 episode=18/30 sample=zero_boundary_038 soc=0.5233 fc=60
progress step=34100 round=3/40 episode=18/30 sample=zero_boundary_038 soc=0.4024 fc=480
progress step=34150 round=3/40 episode=18/30 sample=zero_boundary_038 soc=0.2729 fc=600
progress step=34200 round=3/40 episode=18/30 sample=zero_boundary_038 soc=0.3110 fc=390
progress step=34250 round=3/40 episode=18/30 sample=zero_boundary_038 soc=0.4722 fc=80
progress step=34300 round=3/40 episode=18/30 sample=zero_boundary_038 soc=0.6072 fc=70
progress step=34350 round=3/40 episode=18/30 sample=zero_boundary_038 soc=0.7538 fc=20
progress step=34400 round=3/40 episode=18/30 sample=zero_boundary_038 soc=0.6980 fc=460
progress step=34450 round=3/40 episode=18/30 sample=zero_boundary_038 soc=0.6467 fc=140
progress step=34500 round=3/40 episode=18/30 sample=zero_boundary_038 soc=0.6362 fc=500
progress step=34550 round=3/40 episode=18/30 sample=zero_boundary_038 soc=0.6029 fc=440
progress step=34600 round=3/40 episode=19/30 sample=zero_boundary_040 soc=0.6179 fc=380
progress step=34650 round=3/40 episode=19/30 sample=zero_boundary_040 soc=0.6233 fc=230
progress step=34700 round=3/40 episode=19/30 sample=zero_boundary_040 soc=0.4643 fc=20
progress step=34750 round=3/40 episode=19/30 sample=zero_boundary_040 soc=0.4144 fc=470
progress step=34800 round=3/40 episode=19/30 sample=zero_boundary_040 soc=0.4009 fc=560
progress step=34850 round=3/40 episode=19/30 sample=zero_boundary_040 soc=0.3518 fc=260
progress step=34900 round=3/40 episode=19/30 sample=zero_boundary_040 soc=0.3969 fc=510
progress step=34950 round=3/40 episode=19/30 sample=zero_boundary_040 soc=0.5074 fc=460
progress step=35000 round=3/40 episode=19/30 sample=zero_boundary_040 soc=0.4006 fc=550
progress step=35050 round=3/40 episode=19/30 sample=zero_boundary_040 soc=0.2757 fc=360
progress step=35100 round=3/40 episode=20/30 sample=zero_boundary_041 soc=0.6160 fc=370
progress step=35150 round=3/40 episode=20/30 sample=zero_boundary_041 soc=0.5295 fc=150
progress step=35200 round=3/40 episode=20/30 sample=zero_boundary_041 soc=0.3611 fc=590
progress step=35250 round=3/40 episode=21/30 sample=zero_boundary_042 soc=0.6588 fc=280
progress step=35300 round=3/40 episode=21/30 sample=zero_boundary_042 soc=0.5582 fc=180
progress step=35350 round=3/40 episode=21/30 sample=zero_boundary_042 soc=0.3847 fc=100
progress step=35400 round=3/40 episode=21/30 sample=zero_boundary_042 soc=0.2006 fc=570
progress step=35450 round=3/40 episode=21/30 sample=zero_boundary_042 soc=0.2006 fc=580
progress step=35500 round=3/40 episode=21/30 sample=zero_boundary_042 soc=0.2167 fc=20
progress step=35550 round=3/40 episode=21/30 sample=zero_boundary_042 soc=0.2001 fc=570
progress step=35600 round=3/40 episode=22/30 sample=zero_boundary_044 soc=0.6421 fc=180
progress step=35650 round=3/40 episode=22/30 sample=zero_boundary_044 soc=0.5483 fc=60
progress step=35700 round=3/40 episode=22/30 sample=zero_boundary_044 soc=0.3325 fc=60
progress step=35750 round=3/40 episode=23/30 sample=zero_boundary_045 soc=0.6933 fc=140
progress step=35800 round=3/40 episode=23/30 sample=zero_boundary_045 soc=0.6205 fc=560
progress step=35850 round=3/40 episode=23/30 sample=zero_boundary_045 soc=0.5136 fc=40
progress step=35900 round=3/40 episode=23/30 sample=zero_boundary_045 soc=0.3102 fc=180
progress step=35950 round=3/40 episode=24/30 sample=zero_boundary_046 soc=0.5971 fc=470
progress step=36000 round=3/40 episode=24/30 sample=zero_boundary_046 soc=0.4829 fc=570
progress step=36050 round=3/40 episode=24/30 sample=zero_boundary_046 soc=0.2766 fc=250
progress step=36100 round=3/40 episode=25/30 sample=zero_boundary_048 soc=0.6775 fc=530
progress step=36150 round=3/40 episode=25/30 sample=zero_boundary_048 soc=0.4888 fc=530
progress step=36200 round=3/40 episode=25/30 sample=zero_boundary_048 soc=0.3352 fc=180
progress step=36250 round=3/40 episode=25/30 sample=zero_boundary_048 soc=0.3511 fc=210
progress step=36300 round=3/40 episode=25/30 sample=zero_boundary_048 soc=0.3693 fc=70
progress step=36350 round=3/40 episode=25/30 sample=zero_boundary_048 soc=0.3846 fc=410
progress step=36400 round=3/40 episode=26/30 sample=zero_boundary_049 soc=0.6713 fc=60
progress step=36450 round=3/40 episode=26/30 sample=zero_boundary_049 soc=0.6307 fc=580
progress step=36500 round=3/40 episode=26/30 sample=zero_boundary_049 soc=0.6240 fc=470
progress step=36550 round=3/40 episode=26/30 sample=zero_boundary_049 soc=0.6219 fc=530
progress step=36600 round=3/40 episode=26/30 sample=zero_boundary_049 soc=0.6855 fc=20
progress step=36650 round=3/40 episode=27/30 sample=zero_boundary_050 soc=0.6777 fc=190
progress step=36700 round=3/40 episode=27/30 sample=zero_boundary_050 soc=0.5735 fc=450
progress step=36750 round=3/40 episode=27/30 sample=zero_boundary_050 soc=0.3856 fc=230
progress step=36800 round=3/40 episode=27/30 sample=zero_boundary_050 soc=0.2091 fc=350
progress step=36850 round=3/40 episode=28/30 sample=zero_boundary_051 soc=0.6173 fc=370
progress step=36900 round=3/40 episode=28/30 sample=zero_boundary_051 soc=0.5962 fc=170
progress step=36950 round=3/40 episode=28/30 sample=zero_boundary_051 soc=0.6422 fc=210
progress step=37000 round=3/40 episode=29/30 sample=zero_boundary_052 soc=0.6630 fc=120
progress step=37050 round=3/40 episode=29/30 sample=zero_boundary_052 soc=0.4536 fc=120
progress step=37100 round=3/40 episode=29/30 sample=zero_boundary_052 soc=0.3152 fc=370
progress step=37150 round=3/40 episode=29/30 sample=zero_boundary_052 soc=0.3541 fc=140
progress step=37200 round=3/40 episode=30/30 sample=zero_boundary_053 soc=0.6112 fc=0
progress step=37250 round=3/40 episode=30/30 sample=zero_boundary_053 soc=0.6802 fc=120
progress step=37300 round=3/40 episode=30/30 sample=zero_boundary_053 soc=0.5334 fc=130
progress step=37350 round=3/40 episode=30/30 sample=zero_boundary_053 soc=0.5396 fc=30
progress step=37400 round=3/40 episode=30/30 sample=zero_boundary_053 soc=0.5351 fc=600
progress step=37450 round=3/40 episode=30/30 sample=zero_boundary_053 soc=0.6522 fc=220
round 3/40 exploratory=19/30 greedy_train start
MONITOR round=3 exploratory=19/30 greedy_train=13/30 validation=SKIPPED cost=None updates=3211 best_round=None
round 4/40 start epsilon=0.9269
progress step=37500 round=4/40 episode=1/30 sample=zero_boundary_002 soc=0.7097 fc=240
progress step=37550 round=4/40 episode=1/30 sample=zero_boundary_002 soc=0.4247 fc=430
progress step=37600 round=4/40 episode=2/30 sample=zero_boundary_005 soc=0.6614 fc=370
progress step=37650 round=4/40 episode=2/30 sample=zero_boundary_005 soc=0.6316 fc=150
progress step=37700 round=4/40 episode=2/30 sample=zero_boundary_005 soc=0.4987 fc=0
progress step=37750 round=4/40 episode=2/30 sample=zero_boundary_005 soc=0.4673 fc=490
progress step=37800 round=4/40 episode=2/30 sample=zero_boundary_005 soc=0.3030 fc=170
progress step=37850 round=4/40 episode=2/30 sample=zero_boundary_005 soc=0.2681 fc=140
progress step=37900 round=4/40 episode=3/30 sample=zero_boundary_006 soc=0.6796 fc=130
progress step=37950 round=4/40 episode=3/30 sample=zero_boundary_006 soc=0.7342 fc=330
progress step=38000 round=4/40 episode=3/30 sample=zero_boundary_006 soc=0.7990 fc=50
progress step=38050 round=4/40 episode=3/30 sample=zero_boundary_006 soc=0.7992 fc=100
progress step=38100 round=4/40 episode=3/30 sample=zero_boundary_006 soc=0.7994 fc=60
progress step=38150 round=4/40 episode=3/30 sample=zero_boundary_006 soc=0.7974 fc=270
progress step=38200 round=4/40 episode=3/30 sample=zero_boundary_006 soc=0.7904 fc=190
progress step=38250 round=4/40 episode=4/30 sample=zero_boundary_007 soc=0.6383 fc=140
progress step=38300 round=4/40 episode=4/30 sample=zero_boundary_007 soc=0.5542 fc=550
progress step=38350 round=4/40 episode=4/30 sample=zero_boundary_007 soc=0.5997 fc=380
progress step=38400 round=4/40 episode=4/30 sample=zero_boundary_007 soc=0.6554 fc=230
progress step=38450 round=4/40 episode=4/30 sample=zero_boundary_007 soc=0.6067 fc=310
progress step=38500 round=4/40 episode=4/30 sample=zero_boundary_007 soc=0.5832 fc=50
progress step=38550 round=4/40 episode=5/30 sample=zero_boundary_008 soc=0.6003 fc=250
progress step=38600 round=4/40 episode=6/30 sample=zero_boundary_011 soc=0.6110 fc=20
progress step=38650 round=4/40 episode=6/30 sample=zero_boundary_011 soc=0.7942 fc=430
progress step=38700 round=4/40 episode=6/30 sample=zero_boundary_011 soc=0.6858 fc=240
progress step=38750 round=4/40 episode=6/30 sample=zero_boundary_011 soc=0.5333 fc=530
progress step=38800 round=4/40 episode=6/30 sample=zero_boundary_011 soc=0.3804 fc=290
progress step=38850 round=4/40 episode=6/30 sample=zero_boundary_011 soc=0.2408 fc=110
progress step=38900 round=4/40 episode=6/30 sample=zero_boundary_011 soc=0.2142 fc=390
progress step=38950 round=4/40 episode=6/30 sample=zero_boundary_011 soc=0.4627 fc=80
progress step=39000 round=4/40 episode=6/30 sample=zero_boundary_011 soc=0.5926 fc=280
progress step=39050 round=4/40 episode=6/30 sample=zero_boundary_011 soc=0.7696 fc=180
progress step=39100 round=4/40 episode=6/30 sample=zero_boundary_011 soc=0.7807 fc=340
progress step=39150 round=4/40 episode=6/30 sample=zero_boundary_011 soc=0.7812 fc=580
progress step=39200 round=4/40 episode=6/30 sample=zero_boundary_011 soc=0.7922 fc=200
progress step=39250 round=4/40 episode=6/30 sample=zero_boundary_011 soc=0.7701 fc=220
progress step=39300 round=4/40 episode=6/30 sample=zero_boundary_011 soc=0.7665 fc=380
progress step=39350 round=4/40 episode=7/30 sample=zero_boundary_013 soc=0.6369 fc=60
progress step=39400 round=4/40 episode=7/30 sample=zero_boundary_013 soc=0.7504 fc=90
progress step=39450 round=4/40 episode=7/30 sample=zero_boundary_013 soc=0.7397 fc=530
progress step=39500 round=4/40 episode=7/30 sample=zero_boundary_013 soc=0.6986 fc=110
progress step=39550 round=4/40 episode=7/30 sample=zero_boundary_013 soc=0.7130 fc=540
progress step=39600 round=4/40 episode=7/30 sample=zero_boundary_013 soc=0.7415 fc=230
progress step=39650 round=4/40 episode=7/30 sample=zero_boundary_013 soc=0.7344 fc=50
progress step=39700 round=4/40 episode=8/30 sample=zero_boundary_015 soc=0.6432 fc=280
progress step=39750 round=4/40 episode=8/30 sample=zero_boundary_015 soc=0.6132 fc=390
progress step=39800 round=4/40 episode=8/30 sample=zero_boundary_015 soc=0.4858 fc=290
progress step=39850 round=4/40 episode=9/30 sample=zero_boundary_016 soc=0.6997 fc=330
progress step=39900 round=4/40 episode=9/30 sample=zero_boundary_016 soc=0.7726 fc=120
progress step=39950 round=4/40 episode=9/30 sample=zero_boundary_016 soc=0.5839 fc=80
progress step=40000 round=4/40 episode=9/30 sample=zero_boundary_016 soc=0.3742 fc=550
progress step=40050 round=4/40 episode=10/30 sample=zero_boundary_017 soc=0.5941 fc=140
progress step=40100 round=4/40 episode=10/30 sample=zero_boundary_017 soc=0.4207 fc=60
progress step=40150 round=4/40 episode=11/30 sample=zero_boundary_020 soc=0.6217 fc=90
progress step=40200 round=4/40 episode=11/30 sample=zero_boundary_020 soc=0.5983 fc=370
progress step=40250 round=4/40 episode=11/30 sample=zero_boundary_020 soc=0.6276 fc=440
progress step=40300 round=4/40 episode=12/30 sample=zero_boundary_021 soc=0.7422 fc=60
progress step=40350 round=4/40 episode=12/30 sample=zero_boundary_021 soc=0.7836 fc=210
progress step=40400 round=4/40 episode=12/30 sample=zero_boundary_021 soc=0.6626 fc=190
progress step=40450 round=4/40 episode=12/30 sample=zero_boundary_021 soc=0.5302 fc=310
progress step=40500 round=4/40 episode=13/30 sample=zero_boundary_022 soc=0.6247 fc=110
progress step=40550 round=4/40 episode=13/30 sample=zero_boundary_022 soc=0.6394 fc=410
progress step=40600 round=4/40 episode=13/30 sample=zero_boundary_022 soc=0.6244 fc=450
progress step=40650 round=4/40 episode=13/30 sample=zero_boundary_022 soc=0.6384 fc=500
progress step=40700 round=4/40 episode=14/30 sample=zero_boundary_029 soc=0.6848 fc=60
progress step=40750 round=4/40 episode=14/30 sample=zero_boundary_029 soc=0.7082 fc=60
progress step=40800 round=4/40 episode=14/30 sample=zero_boundary_029 soc=0.6403 fc=590
progress step=40850 round=4/40 episode=14/30 sample=zero_boundary_029 soc=0.6142 fc=120
progress step=40900 round=4/40 episode=14/30 sample=zero_boundary_029 soc=0.7046 fc=540
progress step=40950 round=4/40 episode=14/30 sample=zero_boundary_029 soc=0.7642 fc=120
progress step=41000 round=4/40 episode=14/30 sample=zero_boundary_029 soc=0.7991 fc=70
progress step=41050 round=4/40 episode=14/30 sample=zero_boundary_029 soc=0.7999 fc=0
progress step=41100 round=4/40 episode=14/30 sample=zero_boundary_029 soc=0.7999 fc=0
progress step=41150 round=4/40 episode=14/30 sample=zero_boundary_029 soc=0.7999 fc=0
progress step=41200 round=4/40 episode=14/30 sample=zero_boundary_029 soc=0.7999 fc=0
progress step=41250 round=4/40 episode=14/30 sample=zero_boundary_029 soc=0.7999 fc=0
progress step=41300 round=4/40 episode=14/30 sample=zero_boundary_029 soc=0.7999 fc=0
progress step=41350 round=4/40 episode=14/30 sample=zero_boundary_029 soc=0.7999 fc=0
progress step=41400 round=4/40 episode=14/30 sample=zero_boundary_029 soc=0.7999 fc=0
progress step=41450 round=4/40 episode=14/30 sample=zero_boundary_029 soc=0.7999 fc=0
progress step=41500 round=4/40 episode=14/30 sample=zero_boundary_029 soc=0.7999 fc=0
progress step=41550 round=4/40 episode=14/30 sample=zero_boundary_029 soc=0.7999 fc=0
progress step=41600 round=4/40 episode=14/30 sample=zero_boundary_029 soc=0.7980 fc=100
progress step=41650 round=4/40 episode=14/30 sample=zero_boundary_029 soc=0.7865 fc=330
progress step=41700 round=4/40 episode=14/30 sample=zero_boundary_029 soc=0.7789 fc=600
progress step=41750 round=4/40 episode=15/30 sample=zero_boundary_033 soc=0.6376 fc=510
progress step=41800 round=4/40 episode=15/30 sample=zero_boundary_033 soc=0.7203 fc=370
progress step=41850 round=4/40 episode=15/30 sample=zero_boundary_033 soc=0.6729 fc=400
progress step=41900 round=4/40 episode=15/30 sample=zero_boundary_033 soc=0.6449 fc=520
progress step=41950 round=4/40 episode=15/30 sample=zero_boundary_033 soc=0.5618 fc=500
progress step=42000 round=4/40 episode=15/30 sample=zero_boundary_033 soc=0.5537 fc=180
progress step=42050 round=4/40 episode=15/30 sample=zero_boundary_033 soc=0.3898 fc=350
progress step=42100 round=4/40 episode=15/30 sample=zero_boundary_033 soc=0.5077 fc=300
progress step=42150 round=4/40 episode=15/30 sample=zero_boundary_033 soc=0.7026 fc=420
progress step=42200 round=4/40 episode=15/30 sample=zero_boundary_033 soc=0.7999 fc=0
progress step=42250 round=4/40 episode=15/30 sample=zero_boundary_033 soc=0.7999 fc=0
progress step=42300 round=4/40 episode=15/30 sample=zero_boundary_033 soc=0.7999 fc=0
progress step=42350 round=4/40 episode=15/30 sample=zero_boundary_033 soc=0.8000 fc=0
progress step=42400 round=4/40 episode=15/30 sample=zero_boundary_033 soc=0.8000 fc=0
progress step=42450 round=4/40 episode=15/30 sample=zero_boundary_033 soc=0.8000 fc=0
progress step=42500 round=4/40 episode=15/30 sample=zero_boundary_033 soc=0.7998 fc=40
progress step=42550 round=4/40 episode=15/30 sample=zero_boundary_033 soc=0.7998 fc=0
progress step=42600 round=4/40 episode=15/30 sample=zero_boundary_033 soc=0.7996 fc=20
progress step=42650 round=4/40 episode=15/30 sample=zero_boundary_033 soc=0.7999 fc=40
progress step=42700 round=4/40 episode=15/30 sample=zero_boundary_033 soc=0.7998 fc=0
progress step=42750 round=4/40 episode=16/30 sample=zero_boundary_034 soc=0.7257 fc=420
progress step=42800 round=4/40 episode=16/30 sample=zero_boundary_034 soc=0.8000 fc=0
progress step=42850 round=4/40 episode=16/30 sample=zero_boundary_034 soc=0.8000 fc=0
progress step=42900 round=4/40 episode=16/30 sample=zero_boundary_034 soc=0.8000 fc=0
progress step=42950 round=4/40 episode=16/30 sample=zero_boundary_034 soc=0.8000 fc=0
progress step=43000 round=4/40 episode=16/30 sample=zero_boundary_034 soc=0.8000 fc=0
progress step=43050 round=4/40 episode=16/30 sample=zero_boundary_034 soc=0.8000 fc=0
progress step=43100 round=4/40 episode=16/30 sample=zero_boundary_034 soc=0.8000 fc=0
progress step=43150 round=4/40 episode=16/30 sample=zero_boundary_034 soc=0.8000 fc=0
progress step=43200 round=4/40 episode=16/30 sample=zero_boundary_034 soc=0.8000 fc=0
progress step=43250 round=4/40 episode=16/30 sample=zero_boundary_034 soc=0.8000 fc=0
progress step=43300 round=4/40 episode=16/30 sample=zero_boundary_034 soc=0.8000 fc=0
progress step=43350 round=4/40 episode=16/30 sample=zero_boundary_034 soc=0.8000 fc=0
progress step=43400 round=4/40 episode=16/30 sample=zero_boundary_034 soc=0.8000 fc=0
progress step=43450 round=4/40 episode=16/30 sample=zero_boundary_034 soc=0.8000 fc=0
progress step=43500 round=4/40 episode=16/30 sample=zero_boundary_034 soc=0.8000 fc=0
progress step=43550 round=4/40 episode=16/30 sample=zero_boundary_034 soc=0.8000 fc=0
progress step=43600 round=4/40 episode=16/30 sample=zero_boundary_034 soc=0.7994 fc=20
progress step=43650 round=4/40 episode=16/30 sample=zero_boundary_034 soc=0.7967 fc=110
progress step=43700 round=4/40 episode=16/30 sample=zero_boundary_034 soc=0.7982 fc=60
progress step=43750 round=4/40 episode=16/30 sample=zero_boundary_034 soc=0.7936 fc=500
progress step=43800 round=4/40 episode=16/30 sample=zero_boundary_034 soc=0.7918 fc=560
progress step=43850 round=4/40 episode=16/30 sample=zero_boundary_034 soc=0.8000 fc=30
progress step=43900 round=4/40 episode=16/30 sample=zero_boundary_034 soc=0.8000 fc=0
progress step=43950 round=4/40 episode=16/30 sample=zero_boundary_034 soc=0.8000 fc=0
progress step=44000 round=4/40 episode=16/30 sample=zero_boundary_034 soc=0.8000 fc=0
progress step=44050 round=4/40 episode=16/30 sample=zero_boundary_034 soc=0.8000 fc=0
progress step=44100 round=4/40 episode=16/30 sample=zero_boundary_034 soc=0.8000 fc=0
progress step=44150 round=4/40 episode=16/30 sample=zero_boundary_034 soc=0.8000 fc=0
progress step=44200 round=4/40 episode=16/30 sample=zero_boundary_034 soc=0.8000 fc=0
progress step=44250 round=4/40 episode=16/30 sample=zero_boundary_034 soc=0.8000 fc=0
progress step=44300 round=4/40 episode=16/30 sample=zero_boundary_034 soc=0.8000 fc=0
progress step=44350 round=4/40 episode=16/30 sample=zero_boundary_034 soc=0.7997 fc=0
progress step=44400 round=4/40 episode=17/30 sample=zero_boundary_037 soc=0.7038 fc=370
progress step=44450 round=4/40 episode=17/30 sample=zero_boundary_037 soc=0.7778 fc=110
progress step=44500 round=4/40 episode=17/30 sample=zero_boundary_037 soc=0.7940 fc=590
progress step=44550 round=4/40 episode=17/30 sample=zero_boundary_037 soc=0.7957 fc=60
progress step=44600 round=4/40 episode=17/30 sample=zero_boundary_037 soc=0.7889 fc=530
progress step=44650 round=4/40 episode=17/30 sample=zero_boundary_037 soc=0.7149 fc=500
progress step=44700 round=4/40 episode=17/30 sample=zero_boundary_037 soc=0.5778 fc=500
progress step=44750 round=4/40 episode=17/30 sample=zero_boundary_037 soc=0.7299 fc=10
progress step=44800 round=4/40 episode=17/30 sample=zero_boundary_037 soc=0.7998 fc=20
progress step=44850 round=4/40 episode=17/30 sample=zero_boundary_037 soc=0.7995 fc=30
progress step=44900 round=4/40 episode=17/30 sample=zero_boundary_037 soc=0.7992 fc=120
progress step=44950 round=4/40 episode=17/30 sample=zero_boundary_037 soc=0.7996 fc=60
progress step=45000 round=4/40 episode=17/30 sample=zero_boundary_037 soc=0.7994 fc=80
progress step=45050 round=4/40 episode=17/30 sample=zero_boundary_037 soc=0.7998 fc=50
progress step=45100 round=4/40 episode=17/30 sample=zero_boundary_037 soc=0.7998 fc=30
progress step=45150 round=4/40 episode=17/30 sample=zero_boundary_037 soc=0.7998 fc=60
progress step=45200 round=4/40 episode=17/30 sample=zero_boundary_037 soc=0.7998 fc=50
progress step=45250 round=4/40 episode=17/30 sample=zero_boundary_037 soc=0.7986 fc=60
progress step=45300 round=4/40 episode=17/30 sample=zero_boundary_037 soc=0.7996 fc=50
progress step=45350 round=4/40 episode=17/30 sample=zero_boundary_037 soc=0.7999 fc=0
progress step=45400 round=4/40 episode=17/30 sample=zero_boundary_037 soc=0.7999 fc=0
progress step=45450 round=4/40 episode=17/30 sample=zero_boundary_037 soc=0.7999 fc=0
progress step=45500 round=4/40 episode=17/30 sample=zero_boundary_037 soc=0.8000 fc=10
progress step=45550 round=4/40 episode=17/30 sample=zero_boundary_037 soc=0.7996 fc=20
progress step=45600 round=4/40 episode=17/30 sample=zero_boundary_037 soc=0.7999 fc=40
progress step=45650 round=4/40 episode=17/30 sample=zero_boundary_037 soc=0.8000 fc=0
progress step=45700 round=4/40 episode=17/30 sample=zero_boundary_037 soc=0.7999 fc=10
progress step=45750 round=4/40 episode=17/30 sample=zero_boundary_037 soc=0.7997 fc=20
progress step=45800 round=4/40 episode=17/30 sample=zero_boundary_037 soc=0.7997 fc=0
progress step=45850 round=4/40 episode=17/30 sample=zero_boundary_037 soc=0.7999 fc=20
progress step=45900 round=4/40 episode=17/30 sample=zero_boundary_037 soc=0.7998 fc=0
progress step=45950 round=4/40 episode=17/30 sample=zero_boundary_037 soc=0.7999 fc=20
progress step=46000 round=4/40 episode=17/30 sample=zero_boundary_037 soc=0.7991 fc=60
progress step=46050 round=4/40 episode=17/30 sample=zero_boundary_037 soc=0.7995 fc=60
progress step=46100 round=4/40 episode=17/30 sample=zero_boundary_037 soc=0.7997 fc=40
progress step=46150 round=4/40 episode=17/30 sample=zero_boundary_037 soc=0.7995 fc=40
progress step=46200 round=4/40 episode=17/30 sample=zero_boundary_037 soc=0.7997 fc=30
progress step=46250 round=4/40 episode=18/30 sample=zero_boundary_038 soc=0.6076 fc=0
progress step=46300 round=4/40 episode=18/30 sample=zero_boundary_038 soc=0.6800 fc=460
progress step=46350 round=4/40 episode=18/30 sample=zero_boundary_038 soc=0.6105 fc=600
progress step=46400 round=4/40 episode=18/30 sample=zero_boundary_038 soc=0.6129 fc=10
progress step=46450 round=4/40 episode=18/30 sample=zero_boundary_038 soc=0.5362 fc=300
progress step=46500 round=4/40 episode=18/30 sample=zero_boundary_038 soc=0.4280 fc=190
progress step=46550 round=4/40 episode=18/30 sample=zero_boundary_038 soc=0.4276 fc=530
progress step=46600 round=4/40 episode=18/30 sample=zero_boundary_038 soc=0.6031 fc=410
progress step=46650 round=4/40 episode=18/30 sample=zero_boundary_038 soc=0.7960 fc=0
progress step=46700 round=4/40 episode=18/30 sample=zero_boundary_038 soc=0.7997 fc=60
progress step=46750 round=4/40 episode=18/30 sample=zero_boundary_038 soc=0.7584 fc=20
progress step=46800 round=4/40 episode=18/30 sample=zero_boundary_038 soc=0.7222 fc=170
progress step=46850 round=4/40 episode=18/30 sample=zero_boundary_038 soc=0.7149 fc=390
progress step=46900 round=4/40 episode=18/30 sample=zero_boundary_038 soc=0.6902 fc=130
progress step=46950 round=4/40 episode=18/30 sample=zero_boundary_038 soc=0.7999 fc=0
progress step=47000 round=4/40 episode=19/30 sample=zero_boundary_040 soc=0.5906 fc=600
progress step=47050 round=4/40 episode=19/30 sample=zero_boundary_040 soc=0.4510 fc=600
progress step=47100 round=4/40 episode=19/30 sample=zero_boundary_040 soc=0.3983 fc=600
progress step=47150 round=4/40 episode=19/30 sample=zero_boundary_040 soc=0.3772 fc=0
progress step=47200 round=4/40 episode=19/30 sample=zero_boundary_040 soc=0.3454 fc=0
progress step=47250 round=4/40 episode=19/30 sample=zero_boundary_040 soc=0.3764 fc=470
progress step=47300 round=4/40 episode=19/30 sample=zero_boundary_040 soc=0.5241 fc=510
progress step=47350 round=4/40 episode=19/30 sample=zero_boundary_040 soc=0.4736 fc=330
progress step=47400 round=4/40 episode=19/30 sample=zero_boundary_040 soc=0.3692 fc=350
progress step=47450 round=4/40 episode=19/30 sample=zero_boundary_040 soc=0.3937 fc=60
progress step=47500 round=4/40 episode=20/30 sample=zero_boundary_041 soc=0.5631 fc=490
progress step=47550 round=4/40 episode=20/30 sample=zero_boundary_041 soc=0.4545 fc=460
progress step=47600 round=4/40 episode=20/30 sample=zero_boundary_041 soc=0.2008 fc=590
progress step=47650 round=4/40 episode=21/30 sample=zero_boundary_042 soc=0.6873 fc=170
progress step=47700 round=4/40 episode=21/30 sample=zero_boundary_042 soc=0.5689 fc=300
progress step=47750 round=4/40 episode=21/30 sample=zero_boundary_042 soc=0.3842 fc=320
progress step=47800 round=4/40 episode=21/30 sample=zero_boundary_042 soc=0.2443 fc=420
progress step=47850 round=4/40 episode=21/30 sample=zero_boundary_042 soc=0.2001 fc=600
progress step=47900 round=4/40 episode=21/30 sample=zero_boundary_042 soc=0.2985 fc=140
progress step=47950 round=4/40 episode=21/30 sample=zero_boundary_042 soc=0.2003 fc=480
progress step=48000 round=4/40 episode=22/30 sample=zero_boundary_044 soc=0.6550 fc=300
progress step=48050 round=4/40 episode=22/30 sample=zero_boundary_044 soc=0.4836 fc=470
progress step=48100 round=4/40 episode=23/30 sample=zero_boundary_045 soc=0.6063 fc=300
progress step=48150 round=4/40 episode=23/30 sample=zero_boundary_045 soc=0.7044 fc=220
progress step=48200 round=4/40 episode=23/30 sample=zero_boundary_045 soc=0.6482 fc=60
progress step=48250 round=4/40 episode=23/30 sample=zero_boundary_045 soc=0.5887 fc=600
progress step=48300 round=4/40 episode=23/30 sample=zero_boundary_045 soc=0.3665 fc=220
progress step=48350 round=4/40 episode=23/30 sample=zero_boundary_045 soc=0.2968 fc=600
progress step=48400 round=4/40 episode=23/30 sample=zero_boundary_045 soc=0.2014 fc=480
progress step=48450 round=4/40 episode=24/30 sample=zero_boundary_046 soc=0.6061 fc=230
progress step=48500 round=4/40 episode=24/30 sample=zero_boundary_046 soc=0.4002 fc=540
progress step=48550 round=4/40 episode=25/30 sample=zero_boundary_048 soc=0.6000 fc=90
progress step=48600 round=4/40 episode=25/30 sample=zero_boundary_048 soc=0.5981 fc=190
progress step=48650 round=4/40 episode=25/30 sample=zero_boundary_048 soc=0.4390 fc=530
progress step=48700 round=4/40 episode=25/30 sample=zero_boundary_048 soc=0.3524 fc=520
progress step=48750 round=4/40 episode=25/30 sample=zero_boundary_048 soc=0.4661 fc=150
progress step=48800 round=4/40 episode=25/30 sample=zero_boundary_048 soc=0.4292 fc=260
progress step=48850 round=4/40 episode=26/30 sample=zero_boundary_049 soc=0.6505 fc=560
progress step=48900 round=4/40 episode=26/30 sample=zero_boundary_049 soc=0.6817 fc=280
progress step=48950 round=4/40 episode=26/30 sample=zero_boundary_049 soc=0.6740 fc=270
progress step=49000 round=4/40 episode=26/30 sample=zero_boundary_049 soc=0.6628 fc=340
progress step=49050 round=4/40 episode=26/30 sample=zero_boundary_049 soc=0.6771 fc=170
progress step=49100 round=4/40 episode=26/30 sample=zero_boundary_049 soc=0.7995 fc=50
progress step=49150 round=4/40 episode=27/30 sample=zero_boundary_050 soc=0.6135 fc=320
progress step=49200 round=4/40 episode=27/30 sample=zero_boundary_050 soc=0.4750 fc=250
progress step=49250 round=4/40 episode=27/30 sample=zero_boundary_050 soc=0.3187 fc=390
progress step=49300 round=4/40 episode=28/30 sample=zero_boundary_051 soc=0.6305 fc=330
progress step=49350 round=4/40 episode=28/30 sample=zero_boundary_051 soc=0.6258 fc=240
progress step=49400 round=4/40 episode=28/30 sample=zero_boundary_051 soc=0.6511 fc=200
progress step=49450 round=4/40 episode=29/30 sample=zero_boundary_052 soc=0.6710 fc=600
progress step=49500 round=4/40 episode=29/30 sample=zero_boundary_052 soc=0.6074 fc=40
progress step=49550 round=4/40 episode=29/30 sample=zero_boundary_052 soc=0.4017 fc=510
progress step=49600 round=4/40 episode=29/30 sample=zero_boundary_052 soc=0.4701 fc=400
progress step=49650 round=4/40 episode=29/30 sample=zero_boundary_052 soc=0.5977 fc=300
progress step=49700 round=4/40 episode=30/30 sample=zero_boundary_053 soc=0.6894 fc=350
progress step=49750 round=4/40 episode=30/30 sample=zero_boundary_053 soc=0.6476 fc=240
progress step=49800 round=4/40 episode=30/30 sample=zero_boundary_053 soc=0.5514 fc=590
progress step=49850 round=4/40 episode=30/30 sample=zero_boundary_053 soc=0.6425 fc=480
progress step=49900 round=4/40 episode=30/30 sample=zero_boundary_053 soc=0.6716 fc=150
round 4/40 exploratory=19/30 greedy_train start
round 4/40 greedy_train=30/30 validation start
MONITOR round=4 exploratory=19/30 greedy_train=30/30 validation=8/8 cost=82504.22530209878 updates=3892 best_round=4
round 5/40 start epsilon=0.9026
progress step=49950 round=5/40 episode=1/30 sample=zero_boundary_002 soc=0.6643 fc=220
progress step=50000 round=5/40 episode=1/30 sample=zero_boundary_002 soc=0.6409 fc=600
progress step=50050 round=5/40 episode=1/30 sample=zero_boundary_002 soc=0.3522 fc=70
progress step=50100 round=5/40 episode=1/30 sample=zero_boundary_002 soc=0.5236 fc=560
progress step=50150 round=5/40 episode=1/30 sample=zero_boundary_002 soc=0.4346 fc=110
progress step=50200 round=5/40 episode=1/30 sample=zero_boundary_002 soc=0.5398 fc=150
progress step=50250 round=5/40 episode=2/30 sample=zero_boundary_005 soc=0.6747 fc=230
progress step=50300 round=5/40 episode=2/30 sample=zero_boundary_005 soc=0.6329 fc=430
progress step=50350 round=5/40 episode=2/30 sample=zero_boundary_005 soc=0.5627 fc=600
progress step=50400 round=5/40 episode=2/30 sample=zero_boundary_005 soc=0.5652 fc=30
progress step=50450 round=5/40 episode=2/30 sample=zero_boundary_005 soc=0.4469 fc=40
progress step=50500 round=5/40 episode=2/30 sample=zero_boundary_005 soc=0.4586 fc=270
progress step=50550 round=5/40 episode=3/30 sample=zero_boundary_006 soc=0.6864 fc=360
progress step=50600 round=5/40 episode=3/30 sample=zero_boundary_006 soc=0.7941 fc=260
progress step=50650 round=5/40 episode=3/30 sample=zero_boundary_006 soc=0.7984 fc=120
progress step=50700 round=5/40 episode=3/30 sample=zero_boundary_006 soc=0.7967 fc=220
progress step=50750 round=5/40 episode=3/30 sample=zero_boundary_006 soc=0.8000 fc=0
progress step=50800 round=5/40 episode=3/30 sample=zero_boundary_006 soc=0.7968 fc=390
progress step=50850 round=5/40 episode=3/30 sample=zero_boundary_006 soc=0.7977 fc=290
progress step=50900 round=5/40 episode=4/30 sample=zero_boundary_007 soc=0.6791 fc=240
progress step=50950 round=5/40 episode=4/30 sample=zero_boundary_007 soc=0.6141 fc=600
progress step=51000 round=5/40 episode=4/30 sample=zero_boundary_007 soc=0.6828 fc=10
progress step=51050 round=5/40 episode=4/30 sample=zero_boundary_007 soc=0.7222 fc=430
progress step=51100 round=5/40 episode=4/30 sample=zero_boundary_007 soc=0.7174 fc=360
progress step=51150 round=5/40 episode=4/30 sample=zero_boundary_007 soc=0.7413 fc=230
progress step=51200 round=5/40 episode=5/30 sample=zero_boundary_008 soc=0.5917 fc=140
progress step=51250 round=5/40 episode=5/30 sample=zero_boundary_008 soc=0.2088 fc=470
progress step=51300 round=5/40 episode=6/30 sample=zero_boundary_011 soc=0.7947 fc=380
progress step=51350 round=5/40 episode=6/30 sample=zero_boundary_011 soc=0.7163 fc=480
progress step=51400 round=5/40 episode=6/30 sample=zero_boundary_011 soc=0.5718 fc=180
progress step=51450 round=5/40 episode=6/30 sample=zero_boundary_011 soc=0.4473 fc=530
progress step=51500 round=5/40 episode=6/30 sample=zero_boundary_011 soc=0.3542 fc=150
progress step=51550 round=5/40 episode=6/30 sample=zero_boundary_011 soc=0.2901 fc=600
progress step=51600 round=5/40 episode=6/30 sample=zero_boundary_011 soc=0.6046 fc=210
progress step=51650 round=5/40 episode=6/30 sample=zero_boundary_011 soc=0.7714 fc=320
progress step=51700 round=5/40 episode=6/30 sample=zero_boundary_011 soc=0.7984 fc=90
progress step=51750 round=5/40 episode=6/30 sample=zero_boundary_011 soc=0.7935 fc=410
progress step=51800 round=5/40 episode=6/30 sample=zero_boundary_011 soc=0.7878 fc=340
progress step=51850 round=5/40 episode=6/30 sample=zero_boundary_011 soc=0.7940 fc=420
progress step=51900 round=5/40 episode=6/30 sample=zero_boundary_011 soc=0.7951 fc=170
progress step=51950 round=5/40 episode=6/30 sample=zero_boundary_011 soc=0.7724 fc=600
progress step=52000 round=5/40 episode=7/30 sample=zero_boundary_013 soc=0.6303 fc=600
progress step=52050 round=5/40 episode=7/30 sample=zero_boundary_013 soc=0.7833 fc=490
progress step=52100 round=5/40 episode=7/30 sample=zero_boundary_013 soc=0.7874 fc=130
progress step=52150 round=5/40 episode=7/30 sample=zero_boundary_013 soc=0.7704 fc=430
progress step=52200 round=5/40 episode=7/30 sample=zero_boundary_013 soc=0.7865 fc=290
progress step=52250 round=5/40 episode=7/30 sample=zero_boundary_013 soc=0.7962 fc=380
progress step=52300 round=5/40 episode=7/30 sample=zero_boundary_013 soc=0.7864 fc=60
progress step=52350 round=5/40 episode=8/30 sample=zero_boundary_015 soc=0.6465 fc=130
progress step=52400 round=5/40 episode=8/30 sample=zero_boundary_015 soc=0.6727 fc=550
progress step=52450 round=5/40 episode=8/30 sample=zero_boundary_015 soc=0.6121 fc=420
progress step=52500 round=5/40 episode=9/30 sample=zero_boundary_016 soc=0.6330 fc=30
progress step=52550 round=5/40 episode=9/30 sample=zero_boundary_016 soc=0.7987 fc=50
progress step=52600 round=5/40 episode=9/30 sample=zero_boundary_016 soc=0.7111 fc=430
progress step=52650 round=5/40 episode=9/30 sample=zero_boundary_016 soc=0.5283 fc=380
progress step=52700 round=5/40 episode=9/30 sample=zero_boundary_016 soc=0.2529 fc=490
progress step=52750 round=5/40 episode=10/30 sample=zero_boundary_017 soc=0.5975 fc=600
progress step=52800 round=5/40 episode=10/30 sample=zero_boundary_017 soc=0.3530 fc=190
progress step=52850 round=5/40 episode=11/30 sample=zero_boundary_020 soc=0.6826 fc=100
progress step=52900 round=5/40 episode=11/30 sample=zero_boundary_020 soc=0.6893 fc=380
progress step=52950 round=5/40 episode=12/30 sample=zero_boundary_021 soc=0.6056 fc=210
progress step=53000 round=5/40 episode=12/30 sample=zero_boundary_021 soc=0.7755 fc=440
progress step=53050 round=5/40 episode=12/30 sample=zero_boundary_021 soc=0.7661 fc=530
progress step=53100 round=5/40 episode=12/30 sample=zero_boundary_021 soc=0.6659 fc=310
progress step=53150 round=5/40 episode=12/30 sample=zero_boundary_021 soc=0.5526 fc=150
progress step=53200 round=5/40 episode=13/30 sample=zero_boundary_022 soc=0.6735 fc=190
progress step=53250 round=5/40 episode=13/30 sample=zero_boundary_022 soc=0.6257 fc=600
progress step=53300 round=5/40 episode=13/30 sample=zero_boundary_022 soc=0.6572 fc=130
progress step=53350 round=5/40 episode=13/30 sample=zero_boundary_022 soc=0.7540 fc=170
progress step=53400 round=5/40 episode=14/30 sample=zero_boundary_029 soc=0.7306 fc=500
progress step=53450 round=5/40 episode=14/30 sample=zero_boundary_029 soc=0.7877 fc=460
progress step=53500 round=5/40 episode=14/30 sample=zero_boundary_029 soc=0.7773 fc=540
progress step=53550 round=5/40 episode=14/30 sample=zero_boundary_029 soc=0.7670 fc=600
progress step=53600 round=5/40 episode=14/30 sample=zero_boundary_029 soc=0.7978 fc=60
progress step=53650 round=5/40 episode=14/30 sample=zero_boundary_029 soc=0.7980 fc=160
progress step=53700 round=5/40 episode=14/30 sample=zero_boundary_029 soc=0.7998 fc=40
progress step=53750 round=5/40 episode=14/30 sample=zero_boundary_029 soc=0.7999 fc=0
progress step=53800 round=5/40 episode=14/30 sample=zero_boundary_029 soc=0.7999 fc=0
progress step=53850 round=5/40 episode=14/30 sample=zero_boundary_029 soc=0.7999 fc=0
progress step=53900 round=5/40 episode=14/30 sample=zero_boundary_029 soc=0.7999 fc=0
progress step=53950 round=5/40 episode=14/30 sample=zero_boundary_029 soc=0.7999 fc=0
progress step=54000 round=5/40 episode=14/30 sample=zero_boundary_029 soc=0.7999 fc=0
progress step=54050 round=5/40 episode=14/30 sample=zero_boundary_029 soc=0.7999 fc=0
progress step=54100 round=5/40 episode=14/30 sample=zero_boundary_029 soc=0.7999 fc=0
progress step=54150 round=5/40 episode=14/30 sample=zero_boundary_029 soc=0.7999 fc=0
progress step=54200 round=5/40 episode=14/30 sample=zero_boundary_029 soc=0.7999 fc=0
progress step=54250 round=5/40 episode=14/30 sample=zero_boundary_029 soc=0.7983 fc=90
progress step=54300 round=5/40 episode=14/30 sample=zero_boundary_029 soc=0.7905 fc=100
progress step=54350 round=5/40 episode=14/30 sample=zero_boundary_029 soc=0.7995 fc=60
progress step=54400 round=5/40 episode=14/30 sample=zero_boundary_029 soc=0.7786 fc=470
progress step=54450 round=5/40 episode=15/30 sample=zero_boundary_033 soc=0.6902 fc=590
progress step=54500 round=5/40 episode=15/30 sample=zero_boundary_033 soc=0.7627 fc=320
progress step=54550 round=5/40 episode=15/30 sample=zero_boundary_033 soc=0.7164 fc=490
progress step=54600 round=5/40 episode=15/30 sample=zero_boundary_033 soc=0.7754 fc=470
progress step=54650 round=5/40 episode=15/30 sample=zero_boundary_033 soc=0.7828 fc=600
progress step=54700 round=5/40 episode=15/30 sample=zero_boundary_033 soc=0.6923 fc=360
progress step=54750 round=5/40 episode=15/30 sample=zero_boundary_033 soc=0.6055 fc=60
progress step=54800 round=5/40 episode=15/30 sample=zero_boundary_033 soc=0.7854 fc=600
progress step=54850 round=5/40 episode=15/30 sample=zero_boundary_033 soc=0.7999 fc=0
progress step=54900 round=5/40 episode=15/30 sample=zero_boundary_033 soc=0.7999 fc=0
progress step=54950 round=5/40 episode=15/30 sample=zero_boundary_033 soc=0.7999 fc=0
progress step=55000 round=5/40 episode=15/30 sample=zero_boundary_033 soc=0.7999 fc=0
progress step=55050 round=5/40 episode=15/30 sample=zero_boundary_033 soc=0.7999 fc=0
progress step=55100 round=5/40 episode=15/30 sample=zero_boundary_033 soc=0.8000 fc=0
progress step=55150 round=5/40 episode=15/30 sample=zero_boundary_033 soc=0.8000 fc=0
progress step=55200 round=5/40 episode=15/30 sample=zero_boundary_033 soc=0.7996 fc=30
progress step=55250 round=5/40 episode=15/30 sample=zero_boundary_033 soc=0.7999 fc=0
progress step=55300 round=5/40 episode=15/30 sample=zero_boundary_033 soc=0.7994 fc=60
progress step=55350 round=5/40 episode=15/30 sample=zero_boundary_033 soc=0.7998 fc=40
progress step=55400 round=5/40 episode=16/30 sample=zero_boundary_034 soc=0.6022 fc=450
progress step=55450 round=5/40 episode=16/30 sample=zero_boundary_034 soc=0.8000 fc=0
progress step=55500 round=5/40 episode=16/30 sample=zero_boundary_034 soc=0.8000 fc=0
progress step=55550 round=5/40 episode=16/30 sample=zero_boundary_034 soc=0.8000 fc=0
progress step=55600 round=5/40 episode=16/30 sample=zero_boundary_034 soc=0.8000 fc=0
progress step=55650 round=5/40 episode=16/30 sample=zero_boundary_034 soc=0.8000 fc=0
progress step=55700 round=5/40 episode=16/30 sample=zero_boundary_034 soc=0.8000 fc=0
progress step=55750 round=5/40 episode=16/30 sample=zero_boundary_034 soc=0.8000 fc=0
progress step=55800 round=5/40 episode=16/30 sample=zero_boundary_034 soc=0.8000 fc=0
progress step=55850 round=5/40 episode=16/30 sample=zero_boundary_034 soc=0.8000 fc=0
progress step=55900 round=5/40 episode=16/30 sample=zero_boundary_034 soc=0.8000 fc=0
progress step=55950 round=5/40 episode=16/30 sample=zero_boundary_034 soc=0.8000 fc=0
progress step=56000 round=5/40 episode=16/30 sample=zero_boundary_034 soc=0.8000 fc=0
progress step=56050 round=5/40 episode=16/30 sample=zero_boundary_034 soc=0.8000 fc=0
progress step=56100 round=5/40 episode=16/30 sample=zero_boundary_034 soc=0.8000 fc=0
progress step=56150 round=5/40 episode=16/30 sample=zero_boundary_034 soc=0.8000 fc=0
progress step=56200 round=5/40 episode=16/30 sample=zero_boundary_034 soc=0.8000 fc=0
progress step=56250 round=5/40 episode=16/30 sample=zero_boundary_034 soc=0.8000 fc=0
progress step=56300 round=5/40 episode=16/30 sample=zero_boundary_034 soc=0.7978 fc=120
progress step=56350 round=5/40 episode=16/30 sample=zero_boundary_034 soc=0.7999 fc=40
progress step=56400 round=5/40 episode=16/30 sample=zero_boundary_034 soc=0.7988 fc=190
progress step=56450 round=5/40 episode=16/30 sample=zero_boundary_034 soc=0.7993 fc=0
progress step=56500 round=5/40 episode=16/30 sample=zero_boundary_034 soc=0.7986 fc=50
progress step=56550 round=5/40 episode=16/30 sample=zero_boundary_034 soc=0.7999 fc=50
progress step=56600 round=5/40 episode=16/30 sample=zero_boundary_034 soc=0.7999 fc=0
progress step=56650 round=5/40 episode=16/30 sample=zero_boundary_034 soc=0.7999 fc=0
progress step=56700 round=5/40 episode=16/30 sample=zero_boundary_034 soc=0.7999 fc=0
progress step=56750 round=5/40 episode=16/30 sample=zero_boundary_034 soc=0.7999 fc=0
progress step=56800 round=5/40 episode=16/30 sample=zero_boundary_034 soc=0.7999 fc=0
progress step=56850 round=5/40 episode=16/30 sample=zero_boundary_034 soc=0.7999 fc=0
progress step=56900 round=5/40 episode=16/30 sample=zero_boundary_034 soc=0.7999 fc=0
progress step=56950 round=5/40 episode=16/30 sample=zero_boundary_034 soc=0.7999 fc=0
progress step=57000 round=5/40 episode=16/30 sample=zero_boundary_034 soc=0.7999 fc=0
progress step=57050 round=5/40 episode=17/30 sample=zero_boundary_037 soc=0.6387 fc=150
progress step=57100 round=5/40 episode=17/30 sample=zero_boundary_037 soc=0.7281 fc=130
progress step=57150 round=5/40 episode=17/30 sample=zero_boundary_037 soc=0.7991 fc=260
progress step=57200 round=5/40 episode=17/30 sample=zero_boundary_037 soc=0.7959 fc=320
progress step=57250 round=5/40 episode=17/30 sample=zero_boundary_037 soc=0.7990 fc=100
progress step=57300 round=5/40 episode=17/30 sample=zero_boundary_037 soc=0.7648 fc=160
progress step=57350 round=5/40 episode=17/30 sample=zero_boundary_037 soc=0.6746 fc=560
progress step=57400 round=5/40 episode=17/30 sample=zero_boundary_037 soc=0.6080 fc=420
progress step=57450 round=5/40 episode=17/30 sample=zero_boundary_037 soc=0.8000 fc=60
progress step=57500 round=5/40 episode=17/30 sample=zero_boundary_037 soc=0.7997 fc=40
progress step=57550 round=5/40 episode=17/30 sample=zero_boundary_037 soc=0.7991 fc=30
progress step=57600 round=5/40 episode=17/30 sample=zero_boundary_037 soc=0.7997 fc=20
progress step=57650 round=5/40 episode=17/30 sample=zero_boundary_037 soc=0.7992 fc=90
progress step=57700 round=5/40 episode=17/30 sample=zero_boundary_037 soc=0.7995 fc=30
progress step=57750 round=5/40 episode=17/30 sample=zero_boundary_037 soc=0.7973 fc=250
progress step=57800 round=5/40 episode=17/30 sample=zero_boundary_037 soc=0.7999 fc=0
progress step=57850 round=5/40 episode=17/30 sample=zero_boundary_037 soc=0.7987 fc=110
progress step=57900 round=5/40 episode=17/30 sample=zero_boundary_037 soc=0.7993 fc=20
progress step=57950 round=5/40 episode=17/30 sample=zero_boundary_037 soc=0.7989 fc=70
progress step=58000 round=5/40 episode=17/30 sample=zero_boundary_037 soc=0.7995 fc=30
progress step=58050 round=5/40 episode=17/30 sample=zero_boundary_037 soc=0.7999 fc=0
progress step=58100 round=5/40 episode=17/30 sample=zero_boundary_037 soc=0.7999 fc=0
progress step=58150 round=5/40 episode=17/30 sample=zero_boundary_037 soc=0.7999 fc=0
progress step=58200 round=5/40 episode=17/30 sample=zero_boundary_037 soc=0.7992 fc=40
progress step=58250 round=5/40 episode=17/30 sample=zero_boundary_037 soc=0.7993 fc=80
progress step=58300 round=5/40 episode=17/30 sample=zero_boundary_037 soc=0.7997 fc=60
progress step=58350 round=5/40 episode=17/30 sample=zero_boundary_037 soc=0.7999 fc=30
progress step=58400 round=5/40 episode=17/30 sample=zero_boundary_037 soc=0.7998 fc=40
progress step=58450 round=5/40 episode=17/30 sample=zero_boundary_037 soc=0.7996 fc=50
progress step=58500 round=5/40 episode=17/30 sample=zero_boundary_037 soc=0.7990 fc=50
progress step=58550 round=5/40 episode=17/30 sample=zero_boundary_037 soc=0.7988 fc=20
progress step=58600 round=5/40 episode=17/30 sample=zero_boundary_037 soc=0.7997 fc=0
progress step=58650 round=5/40 episode=17/30 sample=zero_boundary_037 soc=0.7997 fc=0
progress step=58700 round=5/40 episode=17/30 sample=zero_boundary_037 soc=0.7997 fc=40
progress step=58750 round=5/40 episode=17/30 sample=zero_boundary_037 soc=0.7996 fc=20
progress step=58800 round=5/40 episode=17/30 sample=zero_boundary_037 soc=0.7998 fc=40
progress step=58850 round=5/40 episode=17/30 sample=zero_boundary_037 soc=0.7998 fc=10
progress step=58900 round=5/40 episode=17/30 sample=zero_boundary_037 soc=0.8000 fc=0
progress step=58950 round=5/40 episode=18/30 sample=zero_boundary_038 soc=0.6509 fc=250
progress step=59000 round=5/40 episode=18/30 sample=zero_boundary_038 soc=0.6937 fc=600
progress step=59050 round=5/40 episode=18/30 sample=zero_boundary_038 soc=0.6427 fc=350
progress step=59100 round=5/40 episode=18/30 sample=zero_boundary_038 soc=0.5903 fc=10
progress step=59150 round=5/40 episode=18/30 sample=zero_boundary_038 soc=0.4733 fc=90
progress step=59200 round=5/40 episode=18/30 sample=zero_boundary_038 soc=0.3536 fc=330
progress step=59250 round=5/40 episode=18/30 sample=zero_boundary_038 soc=0.4415 fc=280
progress step=59300 round=5/40 episode=18/30 sample=zero_boundary_038 soc=0.6128 fc=210
progress step=59350 round=5/40 episode=18/30 sample=zero_boundary_038 soc=0.8000 fc=20
progress step=59400 round=5/40 episode=18/30 sample=zero_boundary_038 soc=0.7886 fc=550
progress step=59450 round=5/40 episode=18/30 sample=zero_boundary_038 soc=0.7597 fc=240
progress step=59500 round=5/40 episode=18/30 sample=zero_boundary_038 soc=0.7501 fc=400
progress step=59550 round=5/40 episode=18/30 sample=zero_boundary_038 soc=0.7297 fc=520
progress step=59600 round=5/40 episode=18/30 sample=zero_boundary_038 soc=0.7310 fc=570
progress step=59650 round=5/40 episode=19/30 sample=zero_boundary_040 soc=0.6263 fc=600
progress step=59700 round=5/40 episode=19/30 sample=zero_boundary_040 soc=0.6183 fc=110
progress step=59750 round=5/40 episode=19/30 sample=zero_boundary_040 soc=0.4639 fc=600
progress step=59800 round=5/40 episode=19/30 sample=zero_boundary_040 soc=0.4197 fc=320
progress step=59850 round=5/40 episode=19/30 sample=zero_boundary_040 soc=0.4477 fc=290
progress step=59900 round=5/40 episode=19/30 sample=zero_boundary_040 soc=0.4283 fc=530
progress step=59950 round=5/40 episode=19/30 sample=zero_boundary_040 soc=0.4929 fc=190
progress step=60000 round=5/40 episode=19/30 sample=zero_boundary_040 soc=0.5670 fc=490
progress step=60050 round=5/40 episode=19/30 sample=zero_boundary_040 soc=0.5155 fc=220
progress step=60100 round=5/40 episode=19/30 sample=zero_boundary_040 soc=0.4230 fc=120
progress step=60150 round=5/40 episode=20/30 sample=zero_boundary_041 soc=0.6220 fc=300
progress step=60200 round=5/40 episode=20/30 sample=zero_boundary_041 soc=0.5489 fc=70
progress step=60250 round=5/40 episode=20/30 sample=zero_boundary_041 soc=0.3953 fc=600
progress step=60300 round=5/40 episode=21/30 sample=zero_boundary_042 soc=0.6371 fc=430
progress step=60350 round=5/40 episode=21/30 sample=zero_boundary_042 soc=0.6597 fc=290
progress step=60400 round=5/40 episode=21/30 sample=zero_boundary_042 soc=0.5180 fc=600
progress step=60450 round=5/40 episode=21/30 sample=zero_boundary_042 soc=0.3300 fc=460
progress step=60500 round=5/40 episode=21/30 sample=zero_boundary_042 soc=0.2010 fc=510
progress step=60550 round=5/40 episode=21/30 sample=zero_boundary_042 soc=0.2023 fc=570
progress step=60600 round=5/40 episode=21/30 sample=zero_boundary_042 soc=0.2357 fc=570
progress step=60650 round=5/40 episode=22/30 sample=zero_boundary_044 soc=0.6270 fc=600
progress step=60700 round=5/40 episode=22/30 sample=zero_boundary_044 soc=0.6508 fc=570
progress step=60750 round=5/40 episode=22/30 sample=zero_boundary_044 soc=0.4879 fc=70
progress step=60800 round=5/40 episode=23/30 sample=zero_boundary_045 soc=0.6000 fc=340
progress step=60850 round=5/40 episode=23/30 sample=zero_boundary_045 soc=0.6798 fc=390
progress step=60900 round=5/40 episode=23/30 sample=zero_boundary_045 soc=0.6369 fc=390
progress step=60950 round=5/40 episode=23/30 sample=zero_boundary_045 soc=0.5592 fc=600
progress step=61000 round=5/40 episode=23/30 sample=zero_boundary_045 soc=0.3657 fc=550
progress step=61050 round=5/40 episode=23/30 sample=zero_boundary_045 soc=0.2757 fc=50
progress step=61100 round=5/40 episode=23/30 sample=zero_boundary_045 soc=0.2038 fc=490
progress step=61150 round=5/40 episode=24/30 sample=zero_boundary_046 soc=0.6339 fc=520
progress step=61200 round=5/40 episode=24/30 sample=zero_boundary_046 soc=0.4880 fc=400
progress step=61250 round=5/40 episode=24/30 sample=zero_boundary_046 soc=0.3089 fc=330
progress step=61300 round=5/40 episode=25/30 sample=zero_boundary_048 soc=0.6649 fc=380
progress step=61350 round=5/40 episode=25/30 sample=zero_boundary_048 soc=0.5491 fc=30
progress step=61400 round=5/40 episode=25/30 sample=zero_boundary_048 soc=0.4436 fc=0
progress step=61450 round=5/40 episode=25/30 sample=zero_boundary_048 soc=0.4765 fc=390
progress step=61500 round=5/40 episode=25/30 sample=zero_boundary_048 soc=0.5667 fc=590
progress step=61550 round=5/40 episode=25/30 sample=zero_boundary_048 soc=0.5965 fc=20
progress step=61600 round=5/40 episode=26/30 sample=zero_boundary_049 soc=0.7069 fc=600
progress step=61650 round=5/40 episode=26/30 sample=zero_boundary_049 soc=0.7061 fc=530
progress step=61700 round=5/40 episode=26/30 sample=zero_boundary_049 soc=0.6861 fc=360
progress step=61750 round=5/40 episode=26/30 sample=zero_boundary_049 soc=0.7191 fc=600
progress step=61800 round=5/40 episode=26/30 sample=zero_boundary_049 soc=0.7943 fc=340
progress step=61850 round=5/40 episode=27/30 sample=zero_boundary_050 soc=0.6757 fc=470
progress step=61900 round=5/40 episode=27/30 sample=zero_boundary_050 soc=0.5975 fc=600
progress step=61950 round=5/40 episode=27/30 sample=zero_boundary_050 soc=0.4522 fc=510
progress step=62000 round=5/40 episode=27/30 sample=zero_boundary_050 soc=0.3146 fc=390
progress step=62050 round=5/40 episode=28/30 sample=zero_boundary_051 soc=0.6399 fc=80
progress step=62100 round=5/40 episode=28/30 sample=zero_boundary_051 soc=0.6471 fc=600
progress step=62150 round=5/40 episode=28/30 sample=zero_boundary_051 soc=0.6765 fc=10
progress step=62200 round=5/40 episode=29/30 sample=zero_boundary_052 soc=0.6740 fc=460
progress step=62250 round=5/40 episode=29/30 sample=zero_boundary_052 soc=0.5760 fc=260
progress step=62300 round=5/40 episode=29/30 sample=zero_boundary_052 soc=0.3460 fc=250
progress step=62350 round=5/40 episode=29/30 sample=zero_boundary_052 soc=0.3699 fc=100
progress step=62400 round=5/40 episode=29/30 sample=zero_boundary_052 soc=0.5139 fc=90
progress step=62450 round=5/40 episode=30/30 sample=zero_boundary_053 soc=0.7199 fc=220
progress step=62500 round=5/40 episode=30/30 sample=zero_boundary_053 soc=0.6794 fc=200
progress step=62550 round=5/40 episode=30/30 sample=zero_boundary_053 soc=0.5762 fc=30
progress step=62600 round=5/40 episode=30/30 sample=zero_boundary_053 soc=0.6759 fc=510
progress step=62650 round=5/40 episode=30/30 sample=zero_boundary_053 soc=0.7349 fc=490
round 5/40 exploratory=20/30 greedy_train start
round 5/40 greedy_train=30/30 validation start
MONITOR round=5 exploratory=20/30 greedy_train=30/30 validation=8/8 cost=46476.6686577401 updates=4591 best_round=5
round 6/40 start epsilon=0.8782
progress step=62700 round=6/40 episode=1/30 sample=zero_boundary_002 soc=0.6696 fc=600
progress step=62750 round=6/40 episode=1/30 sample=zero_boundary_002 soc=0.6419 fc=200
progress step=62800 round=6/40 episode=1/30 sample=zero_boundary_002 soc=0.3168 fc=380
progress step=62850 round=6/40 episode=1/30 sample=zero_boundary_002 soc=0.5422 fc=180
progress step=62900 round=6/40 episode=1/30 sample=zero_boundary_002 soc=0.4607 fc=340
progress step=62950 round=6/40 episode=1/30 sample=zero_boundary_002 soc=0.5899 fc=480
progress step=63000 round=6/40 episode=2/30 sample=zero_boundary_005 soc=0.6886 fc=10
progress step=63050 round=6/40 episode=2/30 sample=zero_boundary_005 soc=0.6671 fc=110
progress step=63100 round=6/40 episode=2/30 sample=zero_boundary_005 soc=0.6370 fc=160
progress step=63150 round=6/40 episode=2/30 sample=zero_boundary_005 soc=0.6200 fc=360
progress step=63200 round=6/40 episode=2/30 sample=zero_boundary_005 soc=0.5128 fc=560
progress step=63250 round=6/40 episode=2/30 sample=zero_boundary_005 soc=0.5786 fc=160
progress step=63300 round=6/40 episode=3/30 sample=zero_boundary_006 soc=0.7222 fc=10
progress step=63350 round=6/40 episode=3/30 sample=zero_boundary_006 soc=0.7975 fc=50
progress step=63400 round=6/40 episode=3/30 sample=zero_boundary_006 soc=0.7990 fc=150
progress step=63450 round=6/40 episode=3/30 sample=zero_boundary_006 soc=0.7984 fc=350
progress step=63500 round=6/40 episode=3/30 sample=zero_boundary_006 soc=0.7998 fc=0
progress step=63550 round=6/40 episode=3/30 sample=zero_boundary_006 soc=0.7982 fc=180
progress step=63600 round=6/40 episode=3/30 sample=zero_boundary_006 soc=0.7937 fc=360
progress step=63650 round=6/40 episode=4/30 sample=zero_boundary_007 soc=0.6564 fc=600
progress step=63700 round=6/40 episode=4/30 sample=zero_boundary_007 soc=0.6257 fc=520
progress step=63750 round=6/40 episode=4/30 sample=zero_boundary_007 soc=0.6859 fc=70
progress step=63800 round=6/40 episode=4/30 sample=zero_boundary_007 soc=0.7363 fc=280
progress step=63850 round=6/40 episode=4/30 sample=zero_boundary_007 soc=0.7008 fc=90
progress step=63900 round=6/40 episode=4/30 sample=zero_boundary_007 soc=0.7449 fc=330
progress step=63950 round=6/40 episode=5/30 sample=zero_boundary_008 soc=0.5759 fc=600
progress step=64000 round=6/40 episode=6/30 sample=zero_boundary_011 soc=0.6141 fc=600
progress step=64050 round=6/40 episode=6/30 sample=zero_boundary_011 soc=0.7892 fc=120
progress step=64100 round=6/40 episode=6/30 sample=zero_boundary_011 soc=0.7238 fc=510
progress step=64150 round=6/40 episode=6/30 sample=zero_boundary_011 soc=0.5895 fc=340
progress step=64200 round=6/40 episode=6/30 sample=zero_boundary_011 soc=0.4925 fc=600
progress step=64250 round=6/40 episode=6/30 sample=zero_boundary_011 soc=0.3872 fc=350
progress step=64300 round=6/40 episode=6/30 sample=zero_boundary_011 soc=0.4693 fc=590
progress step=64350 round=6/40 episode=6/30 sample=zero_boundary_011 soc=0.6662 fc=560
progress step=64400 round=6/40 episode=6/30 sample=zero_boundary_011 soc=0.7996 fc=30
progress step=64450 round=6/40 episode=6/30 sample=zero_boundary_011 soc=0.7998 fc=0
progress step=64500 round=6/40 episode=6/30 sample=zero_boundary_011 soc=0.7875 fc=90
progress step=64550 round=6/40 episode=6/30 sample=zero_boundary_011 soc=0.7734 fc=590
progress step=64600 round=6/40 episode=6/30 sample=zero_boundary_011 soc=0.7950 fc=260
progress step=64650 round=6/40 episode=6/30 sample=zero_boundary_011 soc=0.7924 fc=550
progress step=64700 round=6/40 episode=6/30 sample=zero_boundary_011 soc=0.7707 fc=600
progress step=64750 round=6/40 episode=7/30 sample=zero_boundary_013 soc=0.6372 fc=530
progress step=64800 round=6/40 episode=7/30 sample=zero_boundary_013 soc=0.7836 fc=330
progress step=64850 round=6/40 episode=7/30 sample=zero_boundary_013 soc=0.7884 fc=600
progress step=64900 round=6/40 episode=7/30 sample=zero_boundary_013 soc=0.7312 fc=230
progress step=64950 round=6/40 episode=7/30 sample=zero_boundary_013 soc=0.7741 fc=400
progress step=65000 round=6/40 episode=7/30 sample=zero_boundary_013 soc=0.7973 fc=410
progress step=65050 round=6/40 episode=7/30 sample=zero_boundary_013 soc=0.7979 fc=210
progress step=65100 round=6/40 episode=8/30 sample=zero_boundary_015 soc=0.6619 fc=150
progress step=65150 round=6/40 episode=8/30 sample=zero_boundary_015 soc=0.6812 fc=160
progress step=65200 round=6/40 episode=8/30 sample=zero_boundary_015 soc=0.5768 fc=90
progress step=65250 round=6/40 episode=9/30 sample=zero_boundary_016 soc=0.6595 fc=210
progress step=65300 round=6/40 episode=9/30 sample=zero_boundary_016 soc=0.7954 fc=10
progress step=65350 round=6/40 episode=9/30 sample=zero_boundary_016 soc=0.6630 fc=300
progress step=65400 round=6/40 episode=9/30 sample=zero_boundary_016 soc=0.4963 fc=100
progress step=65450 round=6/40 episode=9/30 sample=zero_boundary_016 soc=0.2285 fc=290
progress step=65500 round=6/40 episode=10/30 sample=zero_boundary_017 soc=0.5400 fc=600
progress step=65550 round=6/40 episode=10/30 sample=zero_boundary_017 soc=0.3393 fc=270
progress step=65600 round=6/40 episode=11/30 sample=zero_boundary_020 soc=0.6792 fc=580
progress step=65650 round=6/40 episode=11/30 sample=zero_boundary_020 soc=0.6932 fc=370
progress step=65700 round=6/40 episode=12/30 sample=zero_boundary_021 soc=0.6333 fc=470
progress step=65750 round=6/40 episode=12/30 sample=zero_boundary_021 soc=0.7996 fc=40
progress step=65800 round=6/40 episode=12/30 sample=zero_boundary_021 soc=0.7598 fc=570
progress step=65850 round=6/40 episode=12/30 sample=zero_boundary_021 soc=0.6889 fc=180
progress step=65900 round=6/40 episode=12/30 sample=zero_boundary_021 soc=0.6209 fc=250
progress step=65950 round=6/40 episode=13/30 sample=zero_boundary_022 soc=0.6741 fc=560
progress step=66000 round=6/40 episode=13/30 sample=zero_boundary_022 soc=0.6496 fc=40
progress step=66050 round=6/40 episode=13/30 sample=zero_boundary_022 soc=0.6828 fc=380
progress step=66100 round=6/40 episode=13/30 sample=zero_boundary_022 soc=0.7840 fc=600
progress step=66150 round=6/40 episode=14/30 sample=zero_boundary_029 soc=0.7112 fc=60
progress step=66200 round=6/40 episode=14/30 sample=zero_boundary_029 soc=0.7492 fc=240
progress step=66250 round=6/40 episode=14/30 sample=zero_boundary_029 soc=0.7597 fc=520
progress step=66300 round=6/40 episode=14/30 sample=zero_boundary_029 soc=0.7573 fc=120
progress step=66350 round=6/40 episode=14/30 sample=zero_boundary_029 soc=0.7996 fc=120
progress step=66400 round=6/40 episode=14/30 sample=zero_boundary_029 soc=0.7988 fc=170
progress step=66450 round=6/40 episode=14/30 sample=zero_boundary_029 soc=0.7996 fc=0
progress step=66500 round=6/40 episode=14/30 sample=zero_boundary_029 soc=0.8000 fc=0
progress step=66550 round=6/40 episode=14/30 sample=zero_boundary_029 soc=0.8000 fc=0
progress step=66600 round=6/40 episode=14/30 sample=zero_boundary_029 soc=0.8000 fc=0
progress step=66650 round=6/40 episode=14/30 sample=zero_boundary_029 soc=0.8000 fc=0
progress step=66700 round=6/40 episode=14/30 sample=zero_boundary_029 soc=0.8000 fc=0
progress step=66750 round=6/40 episode=14/30 sample=zero_boundary_029 soc=0.8000 fc=0
progress step=66800 round=6/40 episode=14/30 sample=zero_boundary_029 soc=0.8000 fc=0
progress step=66850 round=6/40 episode=14/30 sample=zero_boundary_029 soc=0.8000 fc=0
progress step=66900 round=6/40 episode=14/30 sample=zero_boundary_029 soc=0.8000 fc=0
progress step=66950 round=6/40 episode=14/30 sample=zero_boundary_029 soc=0.8000 fc=0
progress step=67000 round=6/40 episode=14/30 sample=zero_boundary_029 soc=0.7977 fc=60
progress step=67050 round=6/40 episode=14/30 sample=zero_boundary_029 soc=0.7979 fc=120
progress step=67100 round=6/40 episode=14/30 sample=zero_boundary_029 soc=0.7988 fc=0
progress step=67150 round=6/40 episode=14/30 sample=zero_boundary_029 soc=0.7991 fc=60
progress step=67200 round=6/40 episode=15/30 sample=zero_boundary_033 soc=0.6964 fc=570
progress step=67250 round=6/40 episode=15/30 sample=zero_boundary_033 soc=0.7775 fc=480
progress step=67300 round=6/40 episode=15/30 sample=zero_boundary_033 soc=0.7084 fc=80
progress step=67350 round=6/40 episode=15/30 sample=zero_boundary_033 soc=0.7423 fc=490
progress step=67400 round=6/40 episode=15/30 sample=zero_boundary_033 soc=0.7531 fc=450
progress step=67450 round=6/40 episode=15/30 sample=zero_boundary_033 soc=0.7052 fc=480
progress step=67500 round=6/40 episode=15/30 sample=zero_boundary_033 soc=0.6621 fc=460
progress step=67550 round=6/40 episode=15/30 sample=zero_boundary_033 soc=0.7999 fc=0
progress step=67600 round=6/40 episode=15/30 sample=zero_boundary_033 soc=0.7999 fc=0
progress step=67650 round=6/40 episode=15/30 sample=zero_boundary_033 soc=0.7999 fc=0
progress step=67700 round=6/40 episode=15/30 sample=zero_boundary_033 soc=0.8000 fc=0
progress step=67750 round=6/40 episode=15/30 sample=zero_boundary_033 soc=0.8000 fc=0
progress step=67800 round=6/40 episode=15/30 sample=zero_boundary_033 soc=0.8000 fc=0
progress step=67850 round=6/40 episode=15/30 sample=zero_boundary_033 soc=0.8000 fc=0
progress step=67900 round=6/40 episode=15/30 sample=zero_boundary_033 soc=0.7999 fc=0
progress step=67950 round=6/40 episode=15/30 sample=zero_boundary_033 soc=0.7993 fc=30
progress step=68000 round=6/40 episode=15/30 sample=zero_boundary_033 soc=0.7990 fc=40
progress step=68050 round=6/40 episode=15/30 sample=zero_boundary_033 soc=0.7997 fc=0
progress step=68100 round=6/40 episode=15/30 sample=zero_boundary_033 soc=0.8000 fc=30
progress step=68150 round=6/40 episode=16/30 sample=zero_boundary_034 soc=0.6159 fc=600
progress step=68200 round=6/40 episode=16/30 sample=zero_boundary_034 soc=0.7999 fc=0
progress step=68250 round=6/40 episode=16/30 sample=zero_boundary_034 soc=0.7999 fc=0
progress step=68300 round=6/40 episode=16/30 sample=zero_boundary_034 soc=0.7999 fc=0
progress step=68350 round=6/40 episode=16/30 sample=zero_boundary_034 soc=0.7999 fc=0
progress step=68400 round=6/40 episode=16/30 sample=zero_boundary_034 soc=0.7999 fc=0
progress step=68450 round=6/40 episode=16/30 sample=zero_boundary_034 soc=0.7999 fc=0
progress step=68500 round=6/40 episode=16/30 sample=zero_boundary_034 soc=0.7999 fc=0
progress step=68550 round=6/40 episode=16/30 sample=zero_boundary_034 soc=0.7999 fc=0
progress step=68600 round=6/40 episode=16/30 sample=zero_boundary_034 soc=0.7999 fc=0
progress step=68650 round=6/40 episode=16/30 sample=zero_boundary_034 soc=0.7999 fc=0
progress step=68700 round=6/40 episode=16/30 sample=zero_boundary_034 soc=0.7999 fc=0
progress step=68750 round=6/40 episode=16/30 sample=zero_boundary_034 soc=0.7999 fc=0
progress step=68800 round=6/40 episode=16/30 sample=zero_boundary_034 soc=0.7999 fc=0
progress step=68850 round=6/40 episode=16/30 sample=zero_boundary_034 soc=0.7999 fc=0
progress step=68900 round=6/40 episode=16/30 sample=zero_boundary_034 soc=0.7999 fc=0
progress step=68950 round=6/40 episode=16/30 sample=zero_boundary_034 soc=0.7999 fc=0
progress step=69000 round=6/40 episode=16/30 sample=zero_boundary_034 soc=0.7999 fc=0
progress step=69050 round=6/40 episode=16/30 sample=zero_boundary_034 soc=0.7989 fc=90
progress step=69100 round=6/40 episode=16/30 sample=zero_boundary_034 soc=0.7979 fc=60
progress step=69150 round=6/40 episode=16/30 sample=zero_boundary_034 soc=0.7985 fc=170
progress step=69200 round=6/40 episode=16/30 sample=zero_boundary_034 soc=0.7987 fc=10
progress step=69250 round=6/40 episode=16/30 sample=zero_boundary_034 soc=0.7903 fc=190
progress step=69300 round=6/40 episode=16/30 sample=zero_boundary_034 soc=0.7990 fc=60
progress step=69350 round=6/40 episode=16/30 sample=zero_boundary_034 soc=0.7999 fc=0
progress step=69400 round=6/40 episode=16/30 sample=zero_boundary_034 soc=0.7999 fc=0
progress step=69450 round=6/40 episode=16/30 sample=zero_boundary_034 soc=0.7999 fc=0
progress step=69500 round=6/40 episode=16/30 sample=zero_boundary_034 soc=0.7999 fc=0
progress step=69550 round=6/40 episode=16/30 sample=zero_boundary_034 soc=0.7999 fc=0
progress step=69600 round=6/40 episode=16/30 sample=zero_boundary_034 soc=0.7999 fc=0
progress step=69650 round=6/40 episode=16/30 sample=zero_boundary_034 soc=0.7999 fc=0
progress step=69700 round=6/40 episode=16/30 sample=zero_boundary_034 soc=0.7999 fc=0
progress step=69750 round=6/40 episode=16/30 sample=zero_boundary_034 soc=0.7999 fc=0
progress step=69800 round=6/40 episode=17/30 sample=zero_boundary_037 soc=0.6428 fc=160
progress step=69850 round=6/40 episode=17/30 sample=zero_boundary_037 soc=0.7026 fc=600
progress step=69900 round=6/40 episode=17/30 sample=zero_boundary_037 soc=0.7736 fc=560
progress step=69950 round=6/40 episode=17/30 sample=zero_boundary_037 soc=0.7989 fc=210
progress step=70000 round=6/40 episode=17/30 sample=zero_boundary_037 soc=0.7888 fc=190
progress step=70050 round=6/40 episode=17/30 sample=zero_boundary_037 soc=0.7487 fc=60
progress step=70100 round=6/40 episode=17/30 sample=zero_boundary_037 soc=0.6229 fc=260
progress step=70150 round=6/40 episode=17/30 sample=zero_boundary_037 soc=0.5668 fc=40
progress step=70200 round=6/40 episode=17/30 sample=zero_boundary_037 soc=0.7264 fc=380
progress step=70250 round=6/40 episode=17/30 sample=zero_boundary_037 soc=0.7985 fc=40
progress step=70300 round=6/40 episode=17/30 sample=zero_boundary_037 soc=0.7991 fc=10
progress step=70350 round=6/40 episode=17/30 sample=zero_boundary_037 soc=0.7997 fc=10
progress step=70400 round=6/40 episode=17/30 sample=zero_boundary_037 soc=0.7999 fc=40
progress step=70450 round=6/40 episode=17/30 sample=zero_boundary_037 soc=0.7995 fc=60
progress step=70500 round=6/40 episode=17/30 sample=zero_boundary_037 soc=0.7992 fc=60
progress step=70550 round=6/40 episode=17/30 sample=zero_boundary_037 soc=0.7998 fc=30
progress step=70600 round=6/40 episode=17/30 sample=zero_boundary_037 soc=0.7998 fc=0
progress step=70650 round=6/40 episode=17/30 sample=zero_boundary_037 soc=0.7996 fc=60
progress step=70700 round=6/40 episode=17/30 sample=zero_boundary_037 soc=0.7986 fc=140
progress step=70750 round=6/40 episode=17/30 sample=zero_boundary_037 soc=0.7998 fc=50
progress step=70800 round=6/40 episode=17/30 sample=zero_boundary_037 soc=0.8000 fc=0
progress step=70850 round=6/40 episode=17/30 sample=zero_boundary_037 soc=0.8000 fc=0
progress step=70900 round=6/40 episode=17/30 sample=zero_boundary_037 soc=0.8000 fc=0
progress step=70950 round=6/40 episode=17/30 sample=zero_boundary_037 soc=0.7999 fc=0
progress step=71000 round=6/40 episode=17/30 sample=zero_boundary_037 soc=0.7995 fc=50
progress step=71050 round=6/40 episode=17/30 sample=zero_boundary_037 soc=0.7991 fc=50
progress step=71100 round=6/40 episode=17/30 sample=zero_boundary_037 soc=0.7998 fc=10
progress step=71150 round=6/40 episode=17/30 sample=zero_boundary_037 soc=0.7998 fc=30
progress step=71200 round=6/40 episode=17/30 sample=zero_boundary_037 soc=0.8000 fc=30
progress step=71250 round=6/40 episode=17/30 sample=zero_boundary_037 soc=0.7999 fc=30
progress step=71300 round=6/40 episode=17/30 sample=zero_boundary_037 soc=0.7988 fc=20
progress step=71350 round=6/40 episode=17/30 sample=zero_boundary_037 soc=0.7990 fc=90
progress step=71400 round=6/40 episode=17/30 sample=zero_boundary_037 soc=0.8000 fc=10
progress step=71450 round=6/40 episode=17/30 sample=zero_boundary_037 soc=0.7999 fc=0
progress step=71500 round=6/40 episode=17/30 sample=zero_boundary_037 soc=0.7998 fc=30
progress step=71550 round=6/40 episode=17/30 sample=zero_boundary_037 soc=0.7995 fc=50
progress step=71600 round=6/40 episode=17/30 sample=zero_boundary_037 soc=0.7999 fc=0
progress step=71650 round=6/40 episode=17/30 sample=zero_boundary_037 soc=0.7999 fc=0
progress step=71700 round=6/40 episode=18/30 sample=zero_boundary_038 soc=0.6601 fc=560
progress step=71750 round=6/40 episode=18/30 sample=zero_boundary_038 soc=0.6702 fc=350
progress step=71800 round=6/40 episode=18/30 sample=zero_boundary_038 soc=0.6359 fc=150
progress step=71850 round=6/40 episode=18/30 sample=zero_boundary_038 soc=0.6392 fc=530
progress step=71900 round=6/40 episode=18/30 sample=zero_boundary_038 soc=0.5747 fc=380
progress step=71950 round=6/40 episode=18/30 sample=zero_boundary_038 soc=0.4990 fc=490
progress step=72000 round=6/40 episode=18/30 sample=zero_boundary_038 soc=0.6153 fc=40
progress step=72050 round=6/40 episode=18/30 sample=zero_boundary_038 soc=0.7940 fc=300
progress step=72100 round=6/40 episode=18/30 sample=zero_boundary_038 soc=0.7996 fc=70
progress step=72150 round=6/40 episode=18/30 sample=zero_boundary_038 soc=0.7937 fc=520
progress step=72200 round=6/40 episode=18/30 sample=zero_boundary_038 soc=0.7668 fc=400
progress step=72250 round=6/40 episode=18/30 sample=zero_boundary_038 soc=0.7100 fc=100
progress step=72300 round=6/40 episode=18/30 sample=zero_boundary_038 soc=0.6755 fc=510
progress step=72350 round=6/40 episode=18/30 sample=zero_boundary_038 soc=0.7026 fc=250
progress step=72400 round=6/40 episode=19/30 sample=zero_boundary_040 soc=0.6305 fc=370
progress step=72450 round=6/40 episode=19/30 sample=zero_boundary_040 soc=0.5697 fc=60
progress step=72500 round=6/40 episode=19/30 sample=zero_boundary_040 soc=0.4347 fc=600
progress step=72550 round=6/40 episode=19/30 sample=zero_boundary_040 soc=0.4074 fc=510
progress step=72600 round=6/40 episode=19/30 sample=zero_boundary_040 soc=0.4233 fc=560
progress step=72650 round=6/40 episode=19/30 sample=zero_boundary_040 soc=0.4210 fc=120
progress step=72700 round=6/40 episode=19/30 sample=zero_boundary_040 soc=0.5260 fc=370
progress step=72750 round=6/40 episode=19/30 sample=zero_boundary_040 soc=0.6429 fc=580
progress step=72800 round=6/40 episode=19/30 sample=zero_boundary_040 soc=0.5474 fc=540
progress step=72850 round=6/40 episode=19/30 sample=zero_boundary_040 soc=0.4813 fc=350
progress step=72900 round=6/40 episode=20/30 sample=zero_boundary_041 soc=0.6191 fc=300
progress step=72950 round=6/40 episode=20/30 sample=zero_boundary_041 soc=0.5567 fc=570
progress step=73000 round=6/40 episode=20/30 sample=zero_boundary_041 soc=0.3637 fc=90
progress step=73050 round=6/40 episode=21/30 sample=zero_boundary_042 soc=0.6554 fc=600
progress step=73100 round=6/40 episode=21/30 sample=zero_boundary_042 soc=0.6880 fc=600
progress step=73150 round=6/40 episode=21/30 sample=zero_boundary_042 soc=0.6036 fc=570
progress step=73200 round=6/40 episode=21/30 sample=zero_boundary_042 soc=0.4076 fc=410
progress step=73250 round=6/40 episode=21/30 sample=zero_boundary_042 soc=0.3074 fc=550
progress step=73300 round=6/40 episode=21/30 sample=zero_boundary_042 soc=0.2012 fc=560
progress step=73350 round=6/40 episode=21/30 sample=zero_boundary_042 soc=0.2675 fc=600
progress step=73400 round=6/40 episode=22/30 sample=zero_boundary_044 soc=0.6340 fc=570
progress step=73450 round=6/40 episode=22/30 sample=zero_boundary_044 soc=0.6568 fc=10
progress step=73500 round=6/40 episode=22/30 sample=zero_boundary_044 soc=0.4933 fc=70
progress step=73550 round=6/40 episode=22/30 sample=zero_boundary_044 soc=0.2121 fc=320
progress step=73600 round=6/40 episode=23/30 sample=zero_boundary_045 soc=0.6853 fc=470
progress step=73650 round=6/40 episode=23/30 sample=zero_boundary_045 soc=0.6394 fc=230
progress step=73700 round=6/40 episode=23/30 sample=zero_boundary_045 soc=0.5208 fc=510
progress step=73750 round=6/40 episode=23/30 sample=zero_boundary_045 soc=0.3099 fc=320
progress step=73800 round=6/40 episode=24/30 sample=zero_boundary_046 soc=0.5968 fc=600
progress step=73850 round=6/40 episode=24/30 sample=zero_boundary_046 soc=0.4820 fc=600
progress step=73900 round=6/40 episode=24/30 sample=zero_boundary_046 soc=0.2700 fc=510
progress step=73950 round=6/40 episode=25/30 sample=zero_boundary_048 soc=0.6653 fc=120
progress step=74000 round=6/40 episode=25/30 sample=zero_boundary_048 soc=0.5659 fc=470
progress step=74050 round=6/40 episode=25/30 sample=zero_boundary_048 soc=0.4445 fc=500
progress step=74100 round=6/40 episode=25/30 sample=zero_boundary_048 soc=0.4437 fc=510
progress step=74150 round=6/40 episode=25/30 sample=zero_boundary_048 soc=0.5618 fc=410
progress step=74200 round=6/40 episode=25/30 sample=zero_boundary_048 soc=0.5972 fc=380
progress step=74250 round=6/40 episode=26/30 sample=zero_boundary_049 soc=0.6715 fc=540
progress step=74300 round=6/40 episode=26/30 sample=zero_boundary_049 soc=0.7026 fc=380
progress step=74350 round=6/40 episode=26/30 sample=zero_boundary_049 soc=0.7164 fc=470
progress step=74400 round=6/40 episode=26/30 sample=zero_boundary_049 soc=0.7537 fc=580
progress step=74450 round=6/40 episode=26/30 sample=zero_boundary_049 soc=0.7993 fc=0
progress step=74500 round=6/40 episode=27/30 sample=zero_boundary_050 soc=0.6423 fc=170
progress step=74550 round=6/40 episode=27/30 sample=zero_boundary_050 soc=0.6025 fc=520
progress step=74600 round=6/40 episode=27/30 sample=zero_boundary_050 soc=0.4455 fc=340
progress step=74650 round=6/40 episode=27/30 sample=zero_boundary_050 soc=0.3351 fc=180
progress step=74700 round=6/40 episode=28/30 sample=zero_boundary_051 soc=0.6178 fc=150
progress step=74750 round=6/40 episode=28/30 sample=zero_boundary_051 soc=0.6569 fc=430
progress step=74800 round=6/40 episode=28/30 sample=zero_boundary_051 soc=0.6636 fc=560
progress step=74850 round=6/40 episode=29/30 sample=zero_boundary_052 soc=0.6446 fc=600
progress step=74900 round=6/40 episode=29/30 sample=zero_boundary_052 soc=0.6139 fc=560
progress step=74950 round=6/40 episode=29/30 sample=zero_boundary_052 soc=0.3882 fc=430
progress step=75000 round=6/40 episode=29/30 sample=zero_boundary_052 soc=0.4137 fc=70
progress step=75050 round=6/40 episode=29/30 sample=zero_boundary_052 soc=0.5487 fc=600
progress step=75100 round=6/40 episode=30/30 sample=zero_boundary_053 soc=0.7017 fc=320
progress step=75150 round=6/40 episode=30/30 sample=zero_boundary_053 soc=0.6594 fc=210
progress step=75200 round=6/40 episode=30/30 sample=zero_boundary_053 soc=0.5372 fc=600
progress step=75250 round=6/40 episode=30/30 sample=zero_boundary_053 soc=0.6082 fc=400
progress step=75300 round=6/40 episode=30/30 sample=zero_boundary_053 soc=0.6268 fc=570
round 6/40 exploratory=20/30 greedy_train start
round 6/40 greedy_train=30/30 validation start
MONITOR round=6 exploratory=20/30 greedy_train=30/30 validation=7/8 cost=None updates=5290 best_round=5
round 7/40 start epsilon=0.8538
progress step=75350 round=7/40 episode=1/30 sample=zero_boundary_002 soc=0.6722 fc=10
progress step=75400 round=7/40 episode=1/30 sample=zero_boundary_002 soc=0.6473 fc=470
progress step=75450 round=7/40 episode=1/30 sample=zero_boundary_002 soc=0.3247 fc=520
progress step=75500 round=7/40 episode=1/30 sample=zero_boundary_002 soc=0.5002 fc=20
progress step=75550 round=7/40 episode=1/30 sample=zero_boundary_002 soc=0.4079 fc=290
progress step=75600 round=7/40 episode=1/30 sample=zero_boundary_002 soc=0.5266 fc=150
progress step=75650 round=7/40 episode=2/30 sample=zero_boundary_005 soc=0.6610 fc=270
progress step=75700 round=7/40 episode=2/30 sample=zero_boundary_005 soc=0.6142 fc=450
progress step=75750 round=7/40 episode=2/30 sample=zero_boundary_005 soc=0.5524 fc=90
progress step=75800 round=7/40 episode=2/30 sample=zero_boundary_005 soc=0.4934 fc=510
progress step=75850 round=7/40 episode=2/30 sample=zero_boundary_005 soc=0.3432 fc=30
progress step=75900 round=7/40 episode=2/30 sample=zero_boundary_005 soc=0.3325 fc=390
progress step=75950 round=7/40 episode=3/30 sample=zero_boundary_006 soc=0.6981 fc=50
progress step=76000 round=7/40 episode=3/30 sample=zero_boundary_006 soc=0.7998 fc=80
progress step=76050 round=7/40 episode=3/30 sample=zero_boundary_006 soc=0.7996 fc=50
progress step=76100 round=7/40 episode=3/30 sample=zero_boundary_006 soc=0.7977 fc=300
progress step=76150 round=7/40 episode=3/30 sample=zero_boundary_006 soc=0.7993 fc=30
progress step=76200 round=7/40 episode=3/30 sample=zero_boundary_006 soc=0.7974 fc=70
progress step=76250 round=7/40 episode=3/30 sample=zero_boundary_006 soc=0.7979 fc=180
progress step=76300 round=7/40 episode=4/30 sample=zero_boundary_007 soc=0.6537 fc=380
progress step=76350 round=7/40 episode=4/30 sample=zero_boundary_007 soc=0.5504 fc=70
progress step=76400 round=7/40 episode=4/30 sample=zero_boundary_007 soc=0.5723 fc=560
progress step=76450 round=7/40 episode=4/30 sample=zero_boundary_007 soc=0.6267 fc=80
progress step=76500 round=7/40 episode=4/30 sample=zero_boundary_007 soc=0.5725 fc=560
progress step=76550 round=7/40 episode=4/30 sample=zero_boundary_007 soc=0.6084 fc=110
progress step=76600 round=7/40 episode=5/30 sample=zero_boundary_008 soc=0.5937 fc=380
progress step=76650 round=7/40 episode=6/30 sample=zero_boundary_011 soc=0.6043 fc=140
progress step=76700 round=7/40 episode=6/30 sample=zero_boundary_011 soc=0.7639 fc=30
progress step=76750 round=7/40 episode=6/30 sample=zero_boundary_011 soc=0.6982 fc=340
progress step=76800 round=7/40 episode=6/30 sample=zero_boundary_011 soc=0.5619 fc=10
progress step=76850 round=7/40 episode=6/30 sample=zero_boundary_011 soc=0.4188 fc=440
progress step=76900 round=7/40 episode=6/30 sample=zero_boundary_011 soc=0.2836 fc=300
progress step=76950 round=7/40 episode=6/30 sample=zero_boundary_011 soc=0.2152 fc=300
progress step=77000 round=7/40 episode=6/30 sample=zero_boundary_011 soc=0.4976 fc=90
progress step=77050 round=7/40 episode=6/30 sample=zero_boundary_011 soc=0.6747 fc=10
progress step=77100 round=7/40 episode=6/30 sample=zero_boundary_011 soc=0.7998 fc=30
progress step=77150 round=7/40 episode=6/30 sample=zero_boundary_011 soc=0.7942 fc=590
progress step=77200 round=7/40 episode=6/30 sample=zero_boundary_011 soc=0.7722 fc=540
progress step=77250 round=7/40 episode=6/30 sample=zero_boundary_011 soc=0.7948 fc=270
progress step=77300 round=7/40 episode=6/30 sample=zero_boundary_011 soc=0.7937 fc=30
progress step=77350 round=7/40 episode=6/30 sample=zero_boundary_011 soc=0.7613 fc=300
progress step=77400 round=7/40 episode=7/30 sample=zero_boundary_013 soc=0.6320 fc=40
progress step=77450 round=7/40 episode=7/30 sample=zero_boundary_013 soc=0.7670 fc=480
progress step=77500 round=7/40 episode=7/30 sample=zero_boundary_013 soc=0.7657 fc=30
progress step=77550 round=7/40 episode=7/30 sample=zero_boundary_013 soc=0.7003 fc=300
progress step=77600 round=7/40 episode=7/30 sample=zero_boundary_013 soc=0.7265 fc=280
progress step=77650 round=7/40 episode=7/30 sample=zero_boundary_013 soc=0.7591 fc=580
progress step=77700 round=7/40 episode=7/30 sample=zero_boundary_013 soc=0.7867 fc=170
progress step=77750 round=7/40 episode=8/30 sample=zero_boundary_015 soc=0.6401 fc=190
progress step=77800 round=7/40 episode=8/30 sample=zero_boundary_015 soc=0.6659 fc=270
progress step=77850 round=7/40 episode=8/30 sample=zero_boundary_015 soc=0.5491 fc=260
progress step=77900 round=7/40 episode=9/30 sample=zero_boundary_016 soc=0.6660 fc=0
progress step=77950 round=7/40 episode=9/30 sample=zero_boundary_016 soc=0.7853 fc=180
progress step=78000 round=7/40 episode=9/30 sample=zero_boundary_016 soc=0.6076 fc=300
progress step=78050 round=7/40 episode=9/30 sample=zero_boundary_016 soc=0.4268 fc=100
progress step=78100 round=7/40 episode=10/30 sample=zero_boundary_017 soc=0.6203 fc=40
progress step=78150 round=7/40 episode=10/30 sample=zero_boundary_017 soc=0.4964 fc=100
progress step=78200 round=7/40 episode=10/30 sample=zero_boundary_017 soc=0.2229 fc=240
progress step=78250 round=7/40 episode=11/30 sample=zero_boundary_020 soc=0.6285 fc=20
progress step=78300 round=7/40 episode=11/30 sample=zero_boundary_020 soc=0.6323 fc=100
progress step=78350 round=7/40 episode=12/30 sample=zero_boundary_021 soc=0.6996 fc=500
progress step=78400 round=7/40 episode=12/30 sample=zero_boundary_021 soc=0.7969 fc=40
progress step=78450 round=7/40 episode=12/30 sample=zero_boundary_021 soc=0.7204 fc=570
progress step=78500 round=7/40 episode=12/30 sample=zero_boundary_021 soc=0.6445 fc=520
progress step=78550 round=7/40 episode=12/30 sample=zero_boundary_021 soc=0.6594 fc=40
progress step=78600 round=7/40 episode=13/30 sample=zero_boundary_022 soc=0.6637 fc=560
progress step=78650 round=7/40 episode=13/30 sample=zero_boundary_022 soc=0.6165 fc=450
progress step=78700 round=7/40 episode=13/30 sample=zero_boundary_022 soc=0.6751 fc=530
progress step=78750 round=7/40 episode=14/30 sample=zero_boundary_029 soc=0.6575 fc=420
progress step=78800 round=7/40 episode=14/30 sample=zero_boundary_029 soc=0.7540 fc=350
progress step=78850 round=7/40 episode=14/30 sample=zero_boundary_029 soc=0.7073 fc=500
progress step=78900 round=7/40 episode=14/30 sample=zero_boundary_029 soc=0.7251 fc=110
progress step=78950 round=7/40 episode=14/30 sample=zero_boundary_029 soc=0.7984 fc=140
progress step=79000 round=7/40 episode=14/30 sample=zero_boundary_029 soc=0.7916 fc=360
progress step=79050 round=7/40 episode=14/30 sample=zero_boundary_029 soc=0.7983 fc=350
progress step=79100 round=7/40 episode=14/30 sample=zero_boundary_029 soc=0.7999 fc=0
progress step=79150 round=7/40 episode=14/30 sample=zero_boundary_029 soc=0.7999 fc=0
progress step=79200 round=7/40 episode=14/30 sample=zero_boundary_029 soc=0.7999 fc=0
progress step=79250 round=7/40 episode=14/30 sample=zero_boundary_029 soc=0.7999 fc=0
progress step=79300 round=7/40 episode=14/30 sample=zero_boundary_029 soc=0.7999 fc=0
progress step=79350 round=7/40 episode=14/30 sample=zero_boundary_029 soc=0.7999 fc=0
progress step=79400 round=7/40 episode=14/30 sample=zero_boundary_029 soc=0.7999 fc=0
progress step=79450 round=7/40 episode=14/30 sample=zero_boundary_029 soc=0.7999 fc=0
progress step=79500 round=7/40 episode=14/30 sample=zero_boundary_029 soc=0.7999 fc=0
progress step=79550 round=7/40 episode=14/30 sample=zero_boundary_029 soc=0.7999 fc=0
progress step=79600 round=7/40 episode=14/30 sample=zero_boundary_029 soc=0.7999 fc=0
progress step=79650 round=7/40 episode=14/30 sample=zero_boundary_029 soc=0.7988 fc=150
progress step=79700 round=7/40 episode=14/30 sample=zero_boundary_029 soc=0.7959 fc=160
progress step=79750 round=7/40 episode=14/30 sample=zero_boundary_029 soc=0.7742 fc=280
progress step=79800 round=7/40 episode=14/30 sample=zero_boundary_029 soc=0.7996 fc=10
progress step=79850 round=7/40 episode=15/30 sample=zero_boundary_033 soc=0.7666 fc=60
progress step=79900 round=7/40 episode=15/30 sample=zero_boundary_033 soc=0.7732 fc=120
progress step=79950 round=7/40 episode=15/30 sample=zero_boundary_033 soc=0.7343 fc=50
progress step=80000 round=7/40 episode=15/30 sample=zero_boundary_033 soc=0.7131 fc=180
progress step=80050 round=7/40 episode=15/30 sample=zero_boundary_033 soc=0.7750 fc=500
progress step=80100 round=7/40 episode=15/30 sample=zero_boundary_033 soc=0.6607 fc=560
progress step=80150 round=7/40 episode=15/30 sample=zero_boundary_033 soc=0.7227 fc=480
progress step=80200 round=7/40 episode=15/30 sample=zero_boundary_033 soc=0.8000 fc=0
progress step=80250 round=7/40 episode=15/30 sample=zero_boundary_033 soc=0.8000 fc=0
progress step=80300 round=7/40 episode=15/30 sample=zero_boundary_033 soc=0.8000 fc=0
progress step=80350 round=7/40 episode=15/30 sample=zero_boundary_033 soc=0.8000 fc=0
progress step=80400 round=7/40 episode=15/30 sample=zero_boundary_033 soc=0.8000 fc=0
progress step=80450 round=7/40 episode=15/30 sample=zero_boundary_033 soc=0.7999 fc=0
progress step=80500 round=7/40 episode=15/30 sample=zero_boundary_033 soc=0.7999 fc=0
progress step=80550 round=7/40 episode=15/30 sample=zero_boundary_033 soc=0.7999 fc=20
progress step=80600 round=7/40 episode=15/30 sample=zero_boundary_033 soc=0.7997 fc=10
progress step=80650 round=7/40 episode=15/30 sample=zero_boundary_033 soc=0.7997 fc=0
progress step=80700 round=7/40 episode=15/30 sample=zero_boundary_033 soc=0.7996 fc=50
progress step=80750 round=7/40 episode=15/30 sample=zero_boundary_033 soc=0.7989 fc=60
progress step=80800 round=7/40 episode=16/30 sample=zero_boundary_034 soc=0.7086 fc=430
progress step=80850 round=7/40 episode=16/30 sample=zero_boundary_034 soc=0.7999 fc=0
progress step=80900 round=7/40 episode=16/30 sample=zero_boundary_034 soc=0.7999 fc=0
progress step=80950 round=7/40 episode=16/30 sample=zero_boundary_034 soc=0.7999 fc=0
progress step=81000 round=7/40 episode=16/30 sample=zero_boundary_034 soc=0.7999 fc=0
progress step=81050 round=7/40 episode=16/30 sample=zero_boundary_034 soc=0.7999 fc=0
progress step=81100 round=7/40 episode=16/30 sample=zero_boundary_034 soc=0.7999 fc=0
progress step=81150 round=7/40 episode=16/30 sample=zero_boundary_034 soc=0.7999 fc=0
progress step=81200 round=7/40 episode=16/30 sample=zero_boundary_034 soc=0.7999 fc=0
progress step=81250 round=7/40 episode=16/30 sample=zero_boundary_034 soc=0.7999 fc=0
progress step=81300 round=7/40 episode=16/30 sample=zero_boundary_034 soc=0.7999 fc=0
progress step=81350 round=7/40 episode=16/30 sample=zero_boundary_034 soc=0.7999 fc=0
progress step=81400 round=7/40 episode=16/30 sample=zero_boundary_034 soc=0.7999 fc=0
progress step=81450 round=7/40 episode=16/30 sample=zero_boundary_034 soc=0.7999 fc=0
progress step=81500 round=7/40 episode=16/30 sample=zero_boundary_034 soc=0.7999 fc=0
progress step=81550 round=7/40 episode=16/30 sample=zero_boundary_034 soc=0.7999 fc=0
progress step=81600 round=7/40 episode=16/30 sample=zero_boundary_034 soc=0.7999 fc=0
progress step=81650 round=7/40 episode=16/30 sample=zero_boundary_034 soc=0.7996 fc=50
progress step=81700 round=7/40 episode=16/30 sample=zero_boundary_034 soc=0.7986 fc=160
progress step=81750 round=7/40 episode=16/30 sample=zero_boundary_034 soc=0.7985 fc=300
progress step=81800 round=7/40 episode=16/30 sample=zero_boundary_034 soc=0.7980 fc=90
progress step=81850 round=7/40 episode=16/30 sample=zero_boundary_034 soc=0.7933 fc=80
progress step=81900 round=7/40 episode=16/30 sample=zero_boundary_034 soc=0.7989 fc=0
progress step=81950 round=7/40 episode=16/30 sample=zero_boundary_034 soc=0.7997 fc=0
progress step=82000 round=7/40 episode=16/30 sample=zero_boundary_034 soc=0.7999 fc=0
progress step=82050 round=7/40 episode=16/30 sample=zero_boundary_034 soc=0.7999 fc=0
progress step=82100 round=7/40 episode=16/30 sample=zero_boundary_034 soc=0.7999 fc=0
progress step=82150 round=7/40 episode=16/30 sample=zero_boundary_034 soc=0.7999 fc=0
progress step=82200 round=7/40 episode=16/30 sample=zero_boundary_034 soc=0.7999 fc=0
progress step=82250 round=7/40 episode=16/30 sample=zero_boundary_034 soc=0.7999 fc=0
progress step=82300 round=7/40 episode=16/30 sample=zero_boundary_034 soc=0.7999 fc=0
progress step=82350 round=7/40 episode=16/30 sample=zero_boundary_034 soc=0.7999 fc=0
progress step=82400 round=7/40 episode=16/30 sample=zero_boundary_034 soc=0.7999 fc=40
progress step=82450 round=7/40 episode=17/30 sample=zero_boundary_037 soc=0.7119 fc=90
progress step=82500 round=7/40 episode=17/30 sample=zero_boundary_037 soc=0.7974 fc=400
progress step=82550 round=7/40 episode=17/30 sample=zero_boundary_037 soc=0.7994 fc=230
progress step=82600 round=7/40 episode=17/30 sample=zero_boundary_037 soc=0.7986 fc=90
progress step=82650 round=7/40 episode=17/30 sample=zero_boundary_037 soc=0.7851 fc=380
progress step=82700 round=7/40 episode=17/30 sample=zero_boundary_037 soc=0.7431 fc=600
progress step=82750 round=7/40 episode=17/30 sample=zero_boundary_037 soc=0.6085 fc=200
progress step=82800 round=7/40 episode=17/30 sample=zero_boundary_037 soc=0.7021 fc=540
progress step=82850 round=7/40 episode=17/30 sample=zero_boundary_037 soc=0.7997 fc=50
progress step=82900 round=7/40 episode=17/30 sample=zero_boundary_037 soc=0.7991 fc=110
progress step=82950 round=7/40 episode=17/30 sample=zero_boundary_037 soc=0.7999 fc=40
progress step=83000 round=7/40 episode=17/30 sample=zero_boundary_037 soc=0.7989 fc=130
progress step=83050 round=7/40 episode=17/30 sample=zero_boundary_037 soc=0.7991 fc=20
progress step=83100 round=7/40 episode=17/30 sample=zero_boundary_037 soc=0.7984 fc=170
progress step=83150 round=7/40 episode=17/30 sample=zero_boundary_037 soc=0.7988 fc=130
progress step=83200 round=7/40 episode=17/30 sample=zero_boundary_037 soc=0.7993 fc=30
progress step=83250 round=7/40 episode=17/30 sample=zero_boundary_037 soc=0.7998 fc=60
progress step=83300 round=7/40 episode=17/30 sample=zero_boundary_037 soc=0.7994 fc=20
progress step=83350 round=7/40 episode=17/30 sample=zero_boundary_037 soc=0.7998 fc=60
progress step=83400 round=7/40 episode=17/30 sample=zero_boundary_037 soc=0.7994 fc=30
progress step=83450 round=7/40 episode=17/30 sample=zero_boundary_037 soc=0.7999 fc=0
progress step=83500 round=7/40 episode=17/30 sample=zero_boundary_037 soc=0.7999 fc=0
progress step=83550 round=7/40 episode=17/30 sample=zero_boundary_037 soc=0.7995 fc=70
progress step=83600 round=7/40 episode=17/30 sample=zero_boundary_037 soc=0.7999 fc=30
progress step=83650 round=7/40 episode=17/30 sample=zero_boundary_037 soc=0.7997 fc=50
progress step=83700 round=7/40 episode=17/30 sample=zero_boundary_037 soc=0.7998 fc=50
progress step=83750 round=7/40 episode=17/30 sample=zero_boundary_037 soc=0.7992 fc=60
progress step=83800 round=7/40 episode=17/30 sample=zero_boundary_037 soc=0.7992 fc=100
progress step=83850 round=7/40 episode=17/30 sample=zero_boundary_037 soc=0.7988 fc=110
progress step=83900 round=7/40 episode=17/30 sample=zero_boundary_037 soc=0.7989 fc=10
progress step=83950 round=7/40 episode=17/30 sample=zero_boundary_037 soc=0.7988 fc=110
progress step=84000 round=7/40 episode=17/30 sample=zero_boundary_037 soc=0.7998 fc=20
progress step=84050 round=7/40 episode=17/30 sample=zero_boundary_037 soc=0.7992 fc=90
progress step=84100 round=7/40 episode=17/30 sample=zero_boundary_037 soc=0.7993 fc=80
progress step=84150 round=7/40 episode=17/30 sample=zero_boundary_037 soc=0.7999 fc=30
progress step=84200 round=7/40 episode=17/30 sample=zero_boundary_037 soc=0.7997 fc=30
progress step=84250 round=7/40 episode=17/30 sample=zero_boundary_037 soc=0.7992 fc=10
progress step=84300 round=7/40 episode=17/30 sample=zero_boundary_037 soc=0.8000 fc=0
progress step=84350 round=7/40 episode=18/30 sample=zero_boundary_038 soc=0.7256 fc=100
progress step=84400 round=7/40 episode=18/30 sample=zero_boundary_038 soc=0.6947 fc=0
progress step=84450 round=7/40 episode=18/30 sample=zero_boundary_038 soc=0.6640 fc=40
progress step=84500 round=7/40 episode=18/30 sample=zero_boundary_038 soc=0.6107 fc=160
progress step=84550 round=7/40 episode=18/30 sample=zero_boundary_038 soc=0.5213 fc=270
progress step=84600 round=7/40 episode=18/30 sample=zero_boundary_038 soc=0.5143 fc=540
progress step=84650 round=7/40 episode=18/30 sample=zero_boundary_038 soc=0.7234 fc=490
progress step=84700 round=7/40 episode=18/30 sample=zero_boundary_038 soc=0.7990 fc=80
progress step=84750 round=7/40 episode=18/30 sample=zero_boundary_038 soc=0.7998 fc=0
progress step=84800 round=7/40 episode=18/30 sample=zero_boundary_038 soc=0.7937 fc=540
progress step=84850 round=7/40 episode=18/30 sample=zero_boundary_038 soc=0.7547 fc=590
progress step=84900 round=7/40 episode=18/30 sample=zero_boundary_038 soc=0.7454 fc=250
progress step=84950 round=7/40 episode=18/30 sample=zero_boundary_038 soc=0.7481 fc=380
progress step=85000 round=7/40 episode=18/30 sample=zero_boundary_038 soc=0.8000 fc=30
progress step=85050 round=7/40 episode=19/30 sample=zero_boundary_040 soc=0.6113 fc=170
progress step=85100 round=7/40 episode=19/30 sample=zero_boundary_040 soc=0.5286 fc=180
progress step=85150 round=7/40 episode=19/30 sample=zero_boundary_040 soc=0.4715 fc=320
progress step=85200 round=7/40 episode=19/30 sample=zero_boundary_040 soc=0.4075 fc=520
progress step=85250 round=7/40 episode=19/30 sample=zero_boundary_040 soc=0.4598 fc=250
progress step=85300 round=7/40 episode=19/30 sample=zero_boundary_040 soc=0.4716 fc=300
progress step=85350 round=7/40 episode=19/30 sample=zero_boundary_040 soc=0.6179 fc=560
progress step=85400 round=7/40 episode=19/30 sample=zero_boundary_040 soc=0.6164 fc=350
progress step=85450 round=7/40 episode=19/30 sample=zero_boundary_040 soc=0.5411 fc=240
progress step=85500 round=7/40 episode=19/30 sample=zero_boundary_040 soc=0.5130 fc=290
progress step=85550 round=7/40 episode=20/30 sample=zero_boundary_041 soc=0.6059 fc=230
progress step=85600 round=7/40 episode=20/30 sample=zero_boundary_041 soc=0.5292 fc=600
progress step=85650 round=7/40 episode=20/30 sample=zero_boundary_041 soc=0.2911 fc=140
progress step=85700 round=7/40 episode=21/30 sample=zero_boundary_042 soc=0.7062 fc=600
progress step=85750 round=7/40 episode=21/30 sample=zero_boundary_042 soc=0.6602 fc=120
progress step=85800 round=7/40 episode=21/30 sample=zero_boundary_042 soc=0.5205 fc=500
progress step=85850 round=7/40 episode=21/30 sample=zero_boundary_042 soc=0.3321 fc=500
progress step=85900 round=7/40 episode=21/30 sample=zero_boundary_042 soc=0.2001 fc=530
progress step=85950 round=7/40 episode=21/30 sample=zero_boundary_042 soc=0.2076 fc=420
progress step=86000 round=7/40 episode=21/30 sample=zero_boundary_042 soc=0.2002 fc=560
progress step=86050 round=7/40 episode=22/30 sample=zero_boundary_044 soc=0.6642 fc=220
progress step=86100 round=7/40 episode=22/30 sample=zero_boundary_044 soc=0.6147 fc=330
progress step=86150 round=7/40 episode=22/30 sample=zero_boundary_044 soc=0.4300 fc=600
progress step=86200 round=7/40 episode=23/30 sample=zero_boundary_045 soc=0.6464 fc=590
progress step=86250 round=7/40 episode=23/30 sample=zero_boundary_045 soc=0.7059 fc=270
progress step=86300 round=7/40 episode=23/30 sample=zero_boundary_045 soc=0.6549 fc=150
progress step=86350 round=7/40 episode=23/30 sample=zero_boundary_045 soc=0.5797 fc=270
progress step=86400 round=7/40 episode=23/30 sample=zero_boundary_045 soc=0.3494 fc=170
progress step=86450 round=7/40 episode=23/30 sample=zero_boundary_045 soc=0.2998 fc=600
progress step=86500 round=7/40 episode=23/30 sample=zero_boundary_045 soc=0.2269 fc=280
progress step=86550 round=7/40 episode=24/30 sample=zero_boundary_046 soc=0.6409 fc=50
progress step=86600 round=7/40 episode=24/30 sample=zero_boundary_046 soc=0.4897 fc=570
progress step=86650 round=7/40 episode=24/30 sample=zero_boundary_046 soc=0.3038 fc=130
progress step=86700 round=7/40 episode=25/30 sample=zero_boundary_048 soc=0.7015 fc=480
progress step=86750 round=7/40 episode=25/30 sample=zero_boundary_048 soc=0.5814 fc=310
progress step=86800 round=7/40 episode=25/30 sample=zero_boundary_048 soc=0.4801 fc=570
progress step=86850 round=7/40 episode=25/30 sample=zero_boundary_048 soc=0.5183 fc=570
progress step=86900 round=7/40 episode=25/30 sample=zero_boundary_048 soc=0.5837 fc=360
progress step=86950 round=7/40 episode=25/30 sample=zero_boundary_048 soc=0.6400 fc=240
progress step=87000 round=7/40 episode=26/30 sample=zero_boundary_049 soc=0.7054 fc=180
progress step=87050 round=7/40 episode=26/30 sample=zero_boundary_049 soc=0.7208 fc=290
progress step=87100 round=7/40 episode=26/30 sample=zero_boundary_049 soc=0.7376 fc=470
progress step=87150 round=7/40 episode=26/30 sample=zero_boundary_049 soc=0.7639 fc=150
progress step=87200 round=7/40 episode=26/30 sample=zero_boundary_049 soc=0.7987 fc=100
progress step=87250 round=7/40 episode=27/30 sample=zero_boundary_050 soc=0.6711 fc=490
progress step=87300 round=7/40 episode=27/30 sample=zero_boundary_050 soc=0.6389 fc=490
progress step=87350 round=7/40 episode=27/30 sample=zero_boundary_050 soc=0.5167 fc=350
progress step=87400 round=7/40 episode=27/30 sample=zero_boundary_050 soc=0.3705 fc=10
progress step=87450 round=7/40 episode=28/30 sample=zero_boundary_051 soc=0.6100 fc=170
progress step=87500 round=7/40 episode=28/30 sample=zero_boundary_051 soc=0.6624 fc=360
progress step=87550 round=7/40 episode=28/30 sample=zero_boundary_051 soc=0.7065 fc=50
progress step=87600 round=7/40 episode=29/30 sample=zero_boundary_052 soc=0.6301 fc=60
progress step=87650 round=7/40 episode=29/30 sample=zero_boundary_052 soc=0.6302 fc=600
progress step=87700 round=7/40 episode=29/30 sample=zero_boundary_052 soc=0.4047 fc=400
progress step=87750 round=7/40 episode=29/30 sample=zero_boundary_052 soc=0.4198 fc=590
progress step=87800 round=7/40 episode=29/30 sample=zero_boundary_052 soc=0.5259 fc=560
progress step=87850 round=7/40 episode=30/30 sample=zero_boundary_053 soc=0.6904 fc=400
progress step=87900 round=7/40 episode=30/30 sample=zero_boundary_053 soc=0.7077 fc=570
progress step=87950 round=7/40 episode=30/30 sample=zero_boundary_053 soc=0.5953 fc=290
progress step=88000 round=7/40 episode=30/30 sample=zero_boundary_053 soc=0.6916 fc=150
progress step=88050 round=7/40 episode=30/30 sample=zero_boundary_053 soc=0.7714 fc=230
round 7/40 exploratory=20/30 greedy_train start
round 7/40 greedy_train=30/30 validation start
MONITOR round=7 exploratory=20/30 greedy_train=30/30 validation=8/8 cost=44229.680683670296 updates=5990 best_round=7
round 8/40 start epsilon=0.8295
progress step=88100 round=8/40 episode=1/30 sample=zero_boundary_002 soc=0.6705 fc=430
progress step=88150 round=8/40 episode=1/30 sample=zero_boundary_002 soc=0.6647 fc=520
progress step=88200 round=8/40 episode=1/30 sample=zero_boundary_002 soc=0.3745 fc=10
progress step=88250 round=8/40 episode=1/30 sample=zero_boundary_002 soc=0.4986 fc=50
progress step=88300 round=8/40 episode=1/30 sample=zero_boundary_002 soc=0.4109 fc=470
progress step=88350 round=8/40 episode=1/30 sample=zero_boundary_002 soc=0.4895 fc=570
progress step=88400 round=8/40 episode=2/30 sample=zero_boundary_005 soc=0.6682 fc=470
progress step=88450 round=8/40 episode=2/30 sample=zero_boundary_005 soc=0.6847 fc=600
progress step=88500 round=8/40 episode=2/30 sample=zero_boundary_005 soc=0.6092 fc=570
progress step=88550 round=8/40 episode=2/30 sample=zero_boundary_005 soc=0.5876 fc=310
progress step=88600 round=8/40 episode=2/30 sample=zero_boundary_005 soc=0.4621 fc=560
progress step=88650 round=8/40 episode=2/30 sample=zero_boundary_005 soc=0.4741 fc=470
progress step=88700 round=8/40 episode=3/30 sample=zero_boundary_006 soc=0.6788 fc=170
progress step=88750 round=8/40 episode=3/30 sample=zero_boundary_006 soc=0.7767 fc=170
progress step=88800 round=8/40 episode=3/30 sample=zero_boundary_006 soc=0.7994 fc=100
progress step=88850 round=8/40 episode=3/30 sample=zero_boundary_006 soc=0.7984 fc=140
progress step=88900 round=8/40 episode=3/30 sample=zero_boundary_006 soc=0.7980 fc=50
progress step=88950 round=8/40 episode=3/30 sample=zero_boundary_006 soc=0.7976 fc=100
progress step=89000 round=8/40 episode=3/30 sample=zero_boundary_006 soc=0.7999 fc=150
progress step=89050 round=8/40 episode=4/30 sample=zero_boundary_007 soc=0.6638 fc=310
progress step=89100 round=8/40 episode=4/30 sample=zero_boundary_007 soc=0.5974 fc=310
progress step=89150 round=8/40 episode=4/30 sample=zero_boundary_007 soc=0.5956 fc=500
progress step=89200 round=8/40 episode=4/30 sample=zero_boundary_007 soc=0.6333 fc=600
progress step=89250 round=8/40 episode=4/30 sample=zero_boundary_007 soc=0.6154 fc=410
progress step=89300 round=8/40 episode=4/30 sample=zero_boundary_007 soc=0.5835 fc=190
progress step=89350 round=8/40 episode=5/30 sample=zero_boundary_008 soc=0.6075 fc=140
progress step=89400 round=8/40 episode=5/30 sample=zero_boundary_008 soc=0.2049 fc=600
progress step=89450 round=8/40 episode=6/30 sample=zero_boundary_011 soc=0.7682 fc=550
progress step=89500 round=8/40 episode=6/30 sample=zero_boundary_011 soc=0.7169 fc=360
progress step=89550 round=8/40 episode=6/30 sample=zero_boundary_011 soc=0.5804 fc=460
progress step=89600 round=8/40 episode=6/30 sample=zero_boundary_011 soc=0.4322 fc=430
progress step=89650 round=8/40 episode=6/30 sample=zero_boundary_011 soc=0.2949 fc=410
progress step=89700 round=8/40 episode=6/30 sample=zero_boundary_011 soc=0.2319 fc=310
progress step=89750 round=8/40 episode=6/30 sample=zero_boundary_011 soc=0.4875 fc=220
progress step=89800 round=8/40 episode=6/30 sample=zero_boundary_011 soc=0.6428 fc=220
progress step=89850 round=8/40 episode=6/30 sample=zero_boundary_011 soc=0.7998 fc=40
progress step=89900 round=8/40 episode=6/30 sample=zero_boundary_011 soc=0.7936 fc=170
progress step=89950 round=8/40 episode=6/30 sample=zero_boundary_011 soc=0.7666 fc=310
progress step=90000 round=8/40 episode=6/30 sample=zero_boundary_011 soc=0.7985 fc=70
progress step=90050 round=8/40 episode=6/30 sample=zero_boundary_011 soc=0.7984 fc=320
progress step=90100 round=8/40 episode=6/30 sample=zero_boundary_011 soc=0.7711 fc=170
progress step=90150 round=8/40 episode=7/30 sample=zero_boundary_013 soc=0.6215 fc=70
progress step=90200 round=8/40 episode=7/30 sample=zero_boundary_013 soc=0.7728 fc=310
progress step=90250 round=8/40 episode=7/30 sample=zero_boundary_013 soc=0.7672 fc=220
progress step=90300 round=8/40 episode=7/30 sample=zero_boundary_013 soc=0.7309 fc=0
progress step=90350 round=8/40 episode=7/30 sample=zero_boundary_013 soc=0.7490 fc=50
progress step=90400 round=8/40 episode=7/30 sample=zero_boundary_013 soc=0.7948 fc=80
progress step=90450 round=8/40 episode=7/30 sample=zero_boundary_013 soc=0.7950 fc=600
progress step=90500 round=8/40 episode=8/30 sample=zero_boundary_015 soc=0.6423 fc=290
progress step=90550 round=8/40 episode=8/30 sample=zero_boundary_015 soc=0.6577 fc=310
progress step=90600 round=8/40 episode=8/30 sample=zero_boundary_015 soc=0.5807 fc=330
progress step=90650 round=8/40 episode=9/30 sample=zero_boundary_016 soc=0.6487 fc=340
progress step=90700 round=8/40 episode=9/30 sample=zero_boundary_016 soc=0.7939 fc=100
progress step=90750 round=8/40 episode=9/30 sample=zero_boundary_016 soc=0.6209 fc=120
progress step=90800 round=8/40 episode=9/30 sample=zero_boundary_016 soc=0.4422 fc=530
progress step=90850 round=8/40 episode=10/30 sample=zero_boundary_017 soc=0.6100 fc=460
progress step=90900 round=8/40 episode=10/30 sample=zero_boundary_017 soc=0.5062 fc=420
progress step=90950 round=8/40 episode=10/30 sample=zero_boundary_017 soc=0.2330 fc=260
progress step=91000 round=8/40 episode=11/30 sample=zero_boundary_020 soc=0.6529 fc=130
progress step=91050 round=8/40 episode=11/30 sample=zero_boundary_020 soc=0.6447 fc=590
progress step=91100 round=8/40 episode=12/30 sample=zero_boundary_021 soc=0.6977 fc=460
progress step=91150 round=8/40 episode=12/30 sample=zero_boundary_021 soc=0.7873 fc=130
progress step=91200 round=8/40 episode=12/30 sample=zero_boundary_021 soc=0.6904 fc=90
progress step=91250 round=8/40 episode=12/30 sample=zero_boundary_021 soc=0.6151 fc=230
progress step=91300 round=8/40 episode=12/30 sample=zero_boundary_021 soc=0.6329 fc=430
progress step=91350 round=8/40 episode=13/30 sample=zero_boundary_022 soc=0.6496 fc=540
progress step=91400 round=8/40 episode=13/30 sample=zero_boundary_022 soc=0.6201 fc=170
progress step=91450 round=8/40 episode=13/30 sample=zero_boundary_022 soc=0.6625 fc=90
progress step=91500 round=8/40 episode=14/30 sample=zero_boundary_029 soc=0.6407 fc=80
progress step=91550 round=8/40 episode=14/30 sample=zero_boundary_029 soc=0.7629 fc=300
progress step=91600 round=8/40 episode=14/30 sample=zero_boundary_029 soc=0.7109 fc=440
progress step=91650 round=8/40 episode=14/30 sample=zero_boundary_029 soc=0.7091 fc=30
progress step=91700 round=8/40 episode=14/30 sample=zero_boundary_029 soc=0.7843 fc=410
progress step=91750 round=8/40 episode=14/30 sample=zero_boundary_029 soc=0.7954 fc=290
progress step=91800 round=8/40 episode=14/30 sample=zero_boundary_029 soc=0.7961 fc=390
progress step=91850 round=8/40 episode=14/30 sample=zero_boundary_029 soc=0.7999 fc=0
progress step=91900 round=8/40 episode=14/30 sample=zero_boundary_029 soc=0.7999 fc=0
progress step=91950 round=8/40 episode=14/30 sample=zero_boundary_029 soc=0.7999 fc=0
progress step=92000 round=8/40 episode=14/30 sample=zero_boundary_029 soc=0.7999 fc=0
progress step=92050 round=8/40 episode=14/30 sample=zero_boundary_029 soc=0.7999 fc=0
progress step=92100 round=8/40 episode=14/30 sample=zero_boundary_029 soc=0.7999 fc=0
progress step=92150 round=8/40 episode=14/30 sample=zero_boundary_029 soc=0.7999 fc=0
progress step=92200 round=8/40 episode=14/30 sample=zero_boundary_029 soc=0.7999 fc=0
progress step=92250 round=8/40 episode=14/30 sample=zero_boundary_029 soc=0.7999 fc=0
progress step=92300 round=8/40 episode=14/30 sample=zero_boundary_029 soc=0.7999 fc=0
progress step=92350 round=8/40 episode=14/30 sample=zero_boundary_029 soc=0.7999 fc=0
progress step=92400 round=8/40 episode=14/30 sample=zero_boundary_029 soc=0.7979 fc=370
progress step=92450 round=8/40 episode=14/30 sample=zero_boundary_029 soc=0.7943 fc=100
progress step=92500 round=8/40 episode=14/30 sample=zero_boundary_029 soc=0.7898 fc=500
progress step=92550 round=8/40 episode=14/30 sample=zero_boundary_029 soc=0.7997 fc=20
progress step=92600 round=8/40 episode=15/30 sample=zero_boundary_033 soc=0.7554 fc=380
progress step=92650 round=8/40 episode=15/30 sample=zero_boundary_033 soc=0.7642 fc=10
progress step=92700 round=8/40 episode=15/30 sample=zero_boundary_033 soc=0.7139 fc=440
progress step=92750 round=8/40 episode=15/30 sample=zero_boundary_033 soc=0.6739 fc=440
progress step=92800 round=8/40 episode=15/30 sample=zero_boundary_033 soc=0.7309 fc=250
progress step=92850 round=8/40 episode=15/30 sample=zero_boundary_033 soc=0.5881 fc=250
progress step=92900 round=8/40 episode=15/30 sample=zero_boundary_033 soc=0.6316 fc=280
progress step=92950 round=8/40 episode=15/30 sample=zero_boundary_033 soc=0.7999 fc=0
progress step=93000 round=8/40 episode=15/30 sample=zero_boundary_033 soc=0.7999 fc=0
progress step=93050 round=8/40 episode=15/30 sample=zero_boundary_033 soc=0.7999 fc=0
progress step=93100 round=8/40 episode=15/30 sample=zero_boundary_033 soc=0.7999 fc=10
progress step=93150 round=8/40 episode=15/30 sample=zero_boundary_033 soc=0.8000 fc=0
progress step=93200 round=8/40 episode=15/30 sample=zero_boundary_033 soc=0.8000 fc=0
progress step=93250 round=8/40 episode=15/30 sample=zero_boundary_033 soc=0.8000 fc=0
progress step=93300 round=8/40 episode=15/30 sample=zero_boundary_033 soc=0.7996 fc=40
progress step=93350 round=8/40 episode=15/30 sample=zero_boundary_033 soc=0.7998 fc=20
progress step=93400 round=8/40 episode=15/30 sample=zero_boundary_033 soc=0.8000 fc=20
progress step=93450 round=8/40 episode=15/30 sample=zero_boundary_033 soc=0.7991 fc=60
progress step=93500 round=8/40 episode=15/30 sample=zero_boundary_033 soc=0.7992 fc=60
progress step=93550 round=8/40 episode=16/30 sample=zero_boundary_034 soc=0.6990 fc=400
progress step=93600 round=8/40 episode=16/30 sample=zero_boundary_034 soc=0.8000 fc=0
progress step=93650 round=8/40 episode=16/30 sample=zero_boundary_034 soc=0.8000 fc=0
progress step=93700 round=8/40 episode=16/30 sample=zero_boundary_034 soc=0.8000 fc=0
progress step=93750 round=8/40 episode=16/30 sample=zero_boundary_034 soc=0.8000 fc=0
progress step=93800 round=8/40 episode=16/30 sample=zero_boundary_034 soc=0.8000 fc=0
progress step=93850 round=8/40 episode=16/30 sample=zero_boundary_034 soc=0.8000 fc=0
progress step=93900 round=8/40 episode=16/30 sample=zero_boundary_034 soc=0.8000 fc=0
progress step=93950 round=8/40 episode=16/30 sample=zero_boundary_034 soc=0.8000 fc=0
progress step=94000 round=8/40 episode=16/30 sample=zero_boundary_034 soc=0.8000 fc=0
progress step=94050 round=8/40 episode=16/30 sample=zero_boundary_034 soc=0.8000 fc=0
progress step=94100 round=8/40 episode=16/30 sample=zero_boundary_034 soc=0.8000 fc=0
progress step=94150 round=8/40 episode=16/30 sample=zero_boundary_034 soc=0.8000 fc=0
progress step=94200 round=8/40 episode=16/30 sample=zero_boundary_034 soc=0.8000 fc=0
progress step=94250 round=8/40 episode=16/30 sample=zero_boundary_034 soc=0.8000 fc=0
progress step=94300 round=8/40 episode=16/30 sample=zero_boundary_034 soc=0.8000 fc=0
progress step=94350 round=8/40 episode=16/30 sample=zero_boundary_034 soc=0.8000 fc=0
progress step=94400 round=8/40 episode=16/30 sample=zero_boundary_034 soc=0.7987 fc=140
progress step=94450 round=8/40 episode=16/30 sample=zero_boundary_034 soc=0.7999 fc=30
progress step=94500 round=8/40 episode=16/30 sample=zero_boundary_034 soc=0.7935 fc=250
progress step=94550 round=8/40 episode=16/30 sample=zero_boundary_034 soc=0.7995 fc=50
progress step=94600 round=8/40 episode=16/30 sample=zero_boundary_034 soc=0.7846 fc=210
progress step=94650 round=8/40 episode=16/30 sample=zero_boundary_034 soc=0.7993 fc=60
progress step=94700 round=8/40 episode=16/30 sample=zero_boundary_034 soc=0.7996 fc=30
progress step=94750 round=8/40 episode=16/30 sample=zero_boundary_034 soc=0.7999 fc=0
progress step=94800 round=8/40 episode=16/30 sample=zero_boundary_034 soc=0.7999 fc=0
progress step=94850 round=8/40 episode=16/30 sample=zero_boundary_034 soc=0.7999 fc=0
progress step=94900 round=8/40 episode=16/30 sample=zero_boundary_034 soc=0.7999 fc=0
progress step=94950 round=8/40 episode=16/30 sample=zero_boundary_034 soc=0.7999 fc=0
progress step=95000 round=8/40 episode=16/30 sample=zero_boundary_034 soc=0.7999 fc=0
progress step=95050 round=8/40 episode=16/30 sample=zero_boundary_034 soc=0.7999 fc=0
progress step=95100 round=8/40 episode=16/30 sample=zero_boundary_034 soc=0.7999 fc=0
progress step=95150 round=8/40 episode=16/30 sample=zero_boundary_034 soc=0.7990 fc=80
progress step=95200 round=8/40 episode=17/30 sample=zero_boundary_037 soc=0.7136 fc=120
progress step=95250 round=8/40 episode=17/30 sample=zero_boundary_037 soc=0.7497 fc=480
progress step=95300 round=8/40 episode=17/30 sample=zero_boundary_037 soc=0.7953 fc=450
progress step=95350 round=8/40 episode=17/30 sample=zero_boundary_037 soc=0.7998 fc=150
progress step=95400 round=8/40 episode=17/30 sample=zero_boundary_037 soc=0.7717 fc=380
progress step=95450 round=8/40 episode=17/30 sample=zero_boundary_037 soc=0.7194 fc=500
progress step=95500 round=8/40 episode=17/30 sample=zero_boundary_037 soc=0.5880 fc=30
progress step=95550 round=8/40 episode=17/30 sample=zero_boundary_037 soc=0.6941 fc=480
progress step=95600 round=8/40 episode=17/30 sample=zero_boundary_037 soc=0.7992 fc=110
progress step=95650 round=8/40 episode=17/30 sample=zero_boundary_037 soc=0.7978 fc=110
progress step=95700 round=8/40 episode=17/30 sample=zero_boundary_037 soc=0.7991 fc=10
progress step=95750 round=8/40 episode=17/30 sample=zero_boundary_037 soc=0.7995 fc=60
progress step=95800 round=8/40 episode=17/30 sample=zero_boundary_037 soc=0.7999 fc=10
progress step=95850 round=8/40 episode=17/30 sample=zero_boundary_037 soc=0.7995 fc=80
progress step=95900 round=8/40 episode=17/30 sample=zero_boundary_037 soc=0.8000 fc=10
progress step=95950 round=8/40 episode=17/30 sample=zero_boundary_037 soc=0.7983 fc=190
progress step=96000 round=8/40 episode=17/30 sample=zero_boundary_037 soc=0.7991 fc=30
progress step=96050 round=8/40 episode=17/30 sample=zero_boundary_037 soc=0.7991 fc=70
progress step=96100 round=8/40 episode=17/30 sample=zero_boundary_037 soc=0.7994 fc=100
progress step=96150 round=8/40 episode=17/30 sample=zero_boundary_037 soc=0.7993 fc=40
progress step=96200 round=8/40 episode=17/30 sample=zero_boundary_037 soc=0.7999 fc=0
progress step=96250 round=8/40 episode=17/30 sample=zero_boundary_037 soc=0.7999 fc=0
progress step=96300 round=8/40 episode=17/30 sample=zero_boundary_037 soc=0.7995 fc=60
progress step=96350 round=8/40 episode=17/30 sample=zero_boundary_037 soc=0.7994 fc=20
progress step=96400 round=8/40 episode=17/30 sample=zero_boundary_037 soc=0.7992 fc=130
progress step=96450 round=8/40 episode=17/30 sample=zero_boundary_037 soc=0.7997 fc=20
progress step=96500 round=8/40 episode=17/30 sample=zero_boundary_037 soc=0.8000 fc=40
progress step=96550 round=8/40 episode=17/30 sample=zero_boundary_037 soc=0.7989 fc=130
progress step=96600 round=8/40 episode=17/30 sample=zero_boundary_037 soc=0.7994 fc=90
progress step=96650 round=8/40 episode=17/30 sample=zero_boundary_037 soc=0.7994 fc=30
progress step=96700 round=8/40 episode=17/30 sample=zero_boundary_037 soc=0.7999 fc=20
progress step=96750 round=8/40 episode=17/30 sample=zero_boundary_037 soc=0.7999 fc=20
progress step=96800 round=8/40 episode=17/30 sample=zero_boundary_037 soc=0.8000 fc=30
progress step=96850 round=8/40 episode=17/30 sample=zero_boundary_037 soc=0.7994 fc=50
progress step=96900 round=8/40 episode=17/30 sample=zero_boundary_037 soc=0.7999 fc=30
progress step=96950 round=8/40 episode=17/30 sample=zero_boundary_037 soc=0.7993 fc=50
progress step=97000 round=8/40 episode=17/30 sample=zero_boundary_037 soc=0.7999 fc=10
progress step=97050 round=8/40 episode=17/30 sample=zero_boundary_037 soc=0.7997 fc=40
progress step=97100 round=8/40 episode=18/30 sample=zero_boundary_038 soc=0.6756 fc=30
progress step=97150 round=8/40 episode=18/30 sample=zero_boundary_038 soc=0.6136 fc=200
progress step=97200 round=8/40 episode=18/30 sample=zero_boundary_038 soc=0.5712 fc=380
progress step=97250 round=8/40 episode=18/30 sample=zero_boundary_038 soc=0.4773 fc=600
progress step=97300 round=8/40 episode=18/30 sample=zero_boundary_038 soc=0.3696 fc=320
progress step=97350 round=8/40 episode=18/30 sample=zero_boundary_038 soc=0.3482 fc=160
progress step=97400 round=8/40 episode=18/30 sample=zero_boundary_038 soc=0.5203 fc=440
progress step=97450 round=8/40 episode=18/30 sample=zero_boundary_038 soc=0.6994 fc=400
progress step=97500 round=8/40 episode=18/30 sample=zero_boundary_038 soc=0.7997 fc=20
progress step=97550 round=8/40 episode=18/30 sample=zero_boundary_038 soc=0.7532 fc=590
progress step=97600 round=8/40 episode=18/30 sample=zero_boundary_038 soc=0.6937 fc=70
progress step=97650 round=8/40 episode=18/30 sample=zero_boundary_038 soc=0.6775 fc=410
progress step=97700 round=8/40 episode=18/30 sample=zero_boundary_038 soc=0.6704 fc=410
progress step=97750 round=8/40 episode=18/30 sample=zero_boundary_038 soc=0.7480 fc=280
progress step=97800 round=8/40 episode=19/30 sample=zero_boundary_040 soc=0.6051 fc=140
progress step=97850 round=8/40 episode=19/30 sample=zero_boundary_040 soc=0.5287 fc=0
progress step=97900 round=8/40 episode=19/30 sample=zero_boundary_040 soc=0.4822 fc=290
progress step=97950 round=8/40 episode=19/30 sample=zero_boundary_040 soc=0.3935 fc=310
progress step=98000 round=8/40 episode=19/30 sample=zero_boundary_040 soc=0.3846 fc=490
progress step=98050 round=8/40 episode=19/30 sample=zero_boundary_040 soc=0.4251 fc=160
progress step=98100 round=8/40 episode=19/30 sample=zero_boundary_040 soc=0.5816 fc=190
progress step=98150 round=8/40 episode=19/30 sample=zero_boundary_040 soc=0.5314 fc=430
progress step=98200 round=8/40 episode=19/30 sample=zero_boundary_040 soc=0.4657 fc=500
progress step=98250 round=8/40 episode=19/30 sample=zero_boundary_040 soc=0.4700 fc=180
progress step=98300 round=8/40 episode=20/30 sample=zero_boundary_041 soc=0.6178 fc=430
progress step=98350 round=8/40 episode=20/30 sample=zero_boundary_041 soc=0.5112 fc=310
progress step=98400 round=8/40 episode=20/30 sample=zero_boundary_041 soc=0.2277 fc=490
progress step=98450 round=8/40 episode=21/30 sample=zero_boundary_042 soc=0.7082 fc=50
progress step=98500 round=8/40 episode=21/30 sample=zero_boundary_042 soc=0.5727 fc=560
progress step=98550 round=8/40 episode=21/30 sample=zero_boundary_042 soc=0.4118 fc=390
progress step=98600 round=8/40 episode=21/30 sample=zero_boundary_042 soc=0.2426 fc=110
progress step=98650 round=8/40 episode=21/30 sample=zero_boundary_042 soc=0.2022 fc=490
progress step=98700 round=8/40 episode=21/30 sample=zero_boundary_042 soc=0.3250 fc=0
progress step=98750 round=8/40 episode=21/30 sample=zero_boundary_042 soc=0.2005 fc=600
progress step=98800 round=8/40 episode=22/30 sample=zero_boundary_044 soc=0.6688 fc=60
progress step=98850 round=8/40 episode=22/30 sample=zero_boundary_044 soc=0.5392 fc=570
progress step=98900 round=8/40 episode=22/30 sample=zero_boundary_044 soc=0.2995 fc=570
progress step=98950 round=8/40 episode=23/30 sample=zero_boundary_045 soc=0.6952 fc=230
progress step=99000 round=8/40 episode=23/30 sample=zero_boundary_045 soc=0.6556 fc=250
progress step=99050 round=8/40 episode=23/30 sample=zero_boundary_045 soc=0.5755 fc=130
progress step=99100 round=8/40 episode=23/30 sample=zero_boundary_045 soc=0.4041 fc=430
progress step=99150 round=8/40 episode=23/30 sample=zero_boundary_045 soc=0.2209 fc=580
progress step=99200 round=8/40 episode=23/30 sample=zero_boundary_045 soc=0.2027 fc=570
progress step=99250 round=8/40 episode=24/30 sample=zero_boundary_046 soc=0.5823 fc=430
progress step=99300 round=8/40 episode=24/30 sample=zero_boundary_046 soc=0.4850 fc=100
progress step=99350 round=8/40 episode=24/30 sample=zero_boundary_046 soc=0.2670 fc=120
progress step=99400 round=8/40 episode=25/30 sample=zero_boundary_048 soc=0.6802 fc=410
progress step=99450 round=8/40 episode=25/30 sample=zero_boundary_048 soc=0.4817 fc=170
progress step=99500 round=8/40 episode=25/30 sample=zero_boundary_048 soc=0.3803 fc=430
progress step=99550 round=8/40 episode=25/30 sample=zero_boundary_048 soc=0.4010 fc=450
progress step=99600 round=8/40 episode=25/30 sample=zero_boundary_048 soc=0.4767 fc=380
progress step=99650 round=8/40 episode=25/30 sample=zero_boundary_048 soc=0.5227 fc=120
progress step=99700 round=8/40 episode=26/30 sample=zero_boundary_049 soc=0.6856 fc=50
progress step=99750 round=8/40 episode=26/30 sample=zero_boundary_049 soc=0.6415 fc=270
progress step=99800 round=8/40 episode=26/30 sample=zero_boundary_049 soc=0.6468 fc=90
progress step=99850 round=8/40 episode=26/30 sample=zero_boundary_049 soc=0.6682 fc=120
progress step=99900 round=8/40 episode=26/30 sample=zero_boundary_049 soc=0.7459 fc=480
progress step=99950 round=8/40 episode=27/30 sample=zero_boundary_050 soc=0.6818 fc=480
progress step=100000 round=8/40 episode=27/30 sample=zero_boundary_050 soc=0.5808 fc=430
progress step=100050 round=8/40 episode=27/30 sample=zero_boundary_050 soc=0.4446 fc=40
progress step=100100 round=8/40 episode=27/30 sample=zero_boundary_050 soc=0.3017 fc=430
progress step=100150 round=8/40 episode=28/30 sample=zero_boundary_051 soc=0.6330 fc=340
progress step=100200 round=8/40 episode=28/30 sample=zero_boundary_051 soc=0.6369 fc=200
progress step=100250 round=8/40 episode=28/30 sample=zero_boundary_051 soc=0.6468 fc=490
progress step=100300 round=8/40 episode=29/30 sample=zero_boundary_052 soc=0.6637 fc=190
progress step=100350 round=8/40 episode=29/30 sample=zero_boundary_052 soc=0.5042 fc=0
progress step=100400 round=8/40 episode=29/30 sample=zero_boundary_052 soc=0.2651 fc=440
progress step=100450 round=8/40 episode=29/30 sample=zero_boundary_052 soc=0.3412 fc=210
progress step=100500 round=8/40 episode=29/30 sample=zero_boundary_052 soc=0.4810 fc=130
progress step=100550 round=8/40 episode=30/30 sample=zero_boundary_053 soc=0.7567 fc=250
progress step=100600 round=8/40 episode=30/30 sample=zero_boundary_053 soc=0.6592 fc=430
progress step=100650 round=8/40 episode=30/30 sample=zero_boundary_053 soc=0.5868 fc=130
progress step=100700 round=8/40 episode=30/30 sample=zero_boundary_053 soc=0.6294 fc=100
progress step=100750 round=8/40 episode=30/30 sample=zero_boundary_053 soc=0.7032 fc=390
round 8/40 exploratory=20/30 greedy_train start
MONITOR round=8 exploratory=20/30 greedy_train=25/30 validation=SKIPPED cost=None updates=6689 best_round=7
round 9/40 start epsilon=0.8051
progress step=100800 round=9/40 episode=1/30 sample=zero_boundary_002 soc=0.7091 fc=90
progress step=100850 round=9/40 episode=1/30 sample=zero_boundary_002 soc=0.5764 fc=120
progress step=100900 round=9/40 episode=1/30 sample=zero_boundary_002 soc=0.3145 fc=590
progress step=100950 round=9/40 episode=1/30 sample=zero_boundary_002 soc=0.5272 fc=430
progress step=101000 round=9/40 episode=1/30 sample=zero_boundary_002 soc=0.5054 fc=430
progress step=101050 round=9/40 episode=1/30 sample=zero_boundary_002 soc=0.6121 fc=430
progress step=101100 round=9/40 episode=2/30 sample=zero_boundary_005 soc=0.6774 fc=480
progress step=101150 round=9/40 episode=2/30 sample=zero_boundary_005 soc=0.6065 fc=430
progress step=101200 round=9/40 episode=2/30 sample=zero_boundary_005 soc=0.6111 fc=200
progress step=101250 round=9/40 episode=2/30 sample=zero_boundary_005 soc=0.5538 fc=50
progress step=101300 round=9/40 episode=2/30 sample=zero_boundary_005 soc=0.4296 fc=430
progress step=101350 round=9/40 episode=2/30 sample=zero_boundary_005 soc=0.5020 fc=140
progress step=101400 round=9/40 episode=3/30 sample=zero_boundary_006 soc=0.7218 fc=330
progress step=101450 round=9/40 episode=3/30 sample=zero_boundary_006 soc=0.7994 fc=70
progress step=101500 round=9/40 episode=3/30 sample=zero_boundary_006 soc=0.7991 fc=70
progress step=101550 round=9/40 episode=3/30 sample=zero_boundary_006 soc=0.7994 fc=220
progress step=101600 round=9/40 episode=3/30 sample=zero_boundary_006 soc=0.7944 fc=130
progress step=101650 round=9/40 episode=3/30 sample=zero_boundary_006 soc=0.7979 fc=250
progress step=101700 round=9/40 episode=3/30 sample=zero_boundary_006 soc=0.7997 fc=20
progress step=101750 round=9/40 episode=4/30 sample=zero_boundary_007 soc=0.6696 fc=20
progress step=101800 round=9/40 episode=4/30 sample=zero_boundary_007 soc=0.5710 fc=260
progress step=101850 round=9/40 episode=4/30 sample=zero_boundary_007 soc=0.5950 fc=400
progress step=101900 round=9/40 episode=4/30 sample=zero_boundary_007 soc=0.6670 fc=400
progress step=101950 round=9/40 episode=4/30 sample=zero_boundary_007 soc=0.6546 fc=340
progress step=102000 round=9/40 episode=5/30 sample=zero_boundary_008 soc=0.6000 fc=490
progress step=102050 round=9/40 episode=5/30 sample=zero_boundary_008 soc=0.4935 fc=300
progress step=102100 round=9/40 episode=6/30 sample=zero_boundary_011 soc=0.6651 fc=50
progress step=102150 round=9/40 episode=6/30 sample=zero_boundary_011 soc=0.7987 fc=10
progress step=102200 round=9/40 episode=6/30 sample=zero_boundary_011 soc=0.7031 fc=200
progress step=102250 round=9/40 episode=6/30 sample=zero_boundary_011 soc=0.5744 fc=600
progress step=102300 round=9/40 episode=6/30 sample=zero_boundary_011 soc=0.4767 fc=40
progress step=102350 round=9/40 episode=6/30 sample=zero_boundary_011 soc=0.3661 fc=150
progress step=102400 round=9/40 episode=6/30 sample=zero_boundary_011 soc=0.4847 fc=400
progress step=102450 round=9/40 episode=6/30 sample=zero_boundary_011 soc=0.6516 fc=260
progress step=102500 round=9/40 episode=6/30 sample=zero_boundary_011 soc=0.7994 fc=50
progress step=102550 round=9/40 episode=6/30 sample=zero_boundary_011 soc=0.7997 fc=10
progress step=102600 round=9/40 episode=6/30 sample=zero_boundary_011 soc=0.7792 fc=430
progress step=102650 round=9/40 episode=6/30 sample=zero_boundary_011 soc=0.7991 fc=180
progress step=102700 round=9/40 episode=6/30 sample=zero_boundary_011 soc=0.7977 fc=400
progress step=102750 round=9/40 episode=6/30 sample=zero_boundary_011 soc=0.7803 fc=360
progress step=102800 round=9/40 episode=6/30 sample=zero_boundary_011 soc=0.7437 fc=590
progress step=102850 round=9/40 episode=7/30 sample=zero_boundary_013 soc=0.6869 fc=530
progress step=102900 round=9/40 episode=7/30 sample=zero_boundary_013 soc=0.7955 fc=430
progress step=102950 round=9/40 episode=7/30 sample=zero_boundary_013 soc=0.7973 fc=360
progress step=103000 round=9/40 episode=7/30 sample=zero_boundary_013 soc=0.7704 fc=290
progress step=103050 round=9/40 episode=7/30 sample=zero_boundary_013 soc=0.7992 fc=240
progress step=103100 round=9/40 episode=7/30 sample=zero_boundary_013 soc=0.7970 fc=20
progress step=103150 round=9/40 episode=7/30 sample=zero_boundary_013 soc=0.7994 fc=90
progress step=103200 round=9/40 episode=8/30 sample=zero_boundary_015 soc=0.6672 fc=510
progress step=103250 round=9/40 episode=8/30 sample=zero_boundary_015 soc=0.6499 fc=430
progress step=103300 round=9/40 episode=8/30 sample=zero_boundary_015 soc=0.4007 fc=410
progress step=103350 round=9/40 episode=9/30 sample=zero_boundary_016 soc=0.7049 fc=360
progress step=103400 round=9/40 episode=9/30 sample=zero_boundary_016 soc=0.7590 fc=430
progress step=103450 round=9/40 episode=9/30 sample=zero_boundary_016 soc=0.5757 fc=130
progress step=103500 round=9/40 episode=9/30 sample=zero_boundary_016 soc=0.3909 fc=280
progress step=103550 round=9/40 episode=10/30 sample=zero_boundary_017 soc=0.6315 fc=430
progress step=103600 round=9/40 episode=10/30 sample=zero_boundary_017 soc=0.4724 fc=260
progress step=103650 round=9/40 episode=10/30 sample=zero_boundary_017 soc=0.2201 fc=470
progress step=103700 round=9/40 episode=11/30 sample=zero_boundary_020 soc=0.6933 fc=470
progress step=103750 round=9/40 episode=11/30 sample=zero_boundary_020 soc=0.6949 fc=560
progress step=103800 round=9/40 episode=12/30 sample=zero_boundary_021 soc=0.6968 fc=550
progress step=103850 round=9/40 episode=12/30 sample=zero_boundary_021 soc=0.7934 fc=170
progress step=103900 round=9/40 episode=12/30 sample=zero_boundary_021 soc=0.7082 fc=500
progress step=103950 round=9/40 episode=12/30 sample=zero_boundary_021 soc=0.6351 fc=500
progress step=104000 round=9/40 episode=12/30 sample=zero_boundary_021 soc=0.6676 fc=50
progress step=104050 round=9/40 episode=13/30 sample=zero_boundary_022 soc=0.6885 fc=440
progress step=104100 round=9/40 episode=13/30 sample=zero_boundary_022 soc=0.6533 fc=240
progress step=104150 round=9/40 episode=13/30 sample=zero_boundary_022 soc=0.7090 fc=220
progress step=104200 round=9/40 episode=14/30 sample=zero_boundary_029 soc=0.6343 fc=370
progress step=104250 round=9/40 episode=14/30 sample=zero_boundary_029 soc=0.7333 fc=250
progress step=104300 round=9/40 episode=14/30 sample=zero_boundary_029 soc=0.7180 fc=510
progress step=104350 round=9/40 episode=14/30 sample=zero_boundary_029 soc=0.7148 fc=40
progress step=104400 round=9/40 episode=14/30 sample=zero_boundary_029 soc=0.7914 fc=300
progress step=104450 round=9/40 episode=14/30 sample=zero_boundary_029 soc=0.7973 fc=430
progress step=104500 round=9/40 episode=14/30 sample=zero_boundary_029 soc=0.8000 fc=180
progress step=104550 round=9/40 episode=14/30 sample=zero_boundary_029 soc=0.7999 fc=0
progress step=104600 round=9/40 episode=14/30 sample=zero_boundary_029 soc=0.7999 fc=0
progress step=104650 round=9/40 episode=14/30 sample=zero_boundary_029 soc=0.7999 fc=0
progress step=104700 round=9/40 episode=14/30 sample=zero_boundary_029 soc=0.7999 fc=0
progress step=104750 round=9/40 episode=14/30 sample=zero_boundary_029 soc=0.7999 fc=0
progress step=104800 round=9/40 episode=14/30 sample=zero_boundary_029 soc=0.7999 fc=0
progress step=104850 round=9/40 episode=14/30 sample=zero_boundary_029 soc=0.7999 fc=0
progress step=104900 round=9/40 episode=14/30 sample=zero_boundary_029 soc=0.7999 fc=0
progress step=104950 round=9/40 episode=14/30 sample=zero_boundary_029 soc=0.7999 fc=0
progress step=105000 round=9/40 episode=14/30 sample=zero_boundary_029 soc=0.7999 fc=0
progress step=105050 round=9/40 episode=14/30 sample=zero_boundary_029 soc=0.7999 fc=0
progress step=105100 round=9/40 episode=14/30 sample=zero_boundary_029 soc=0.7940 fc=330
progress step=105150 round=9/40 episode=14/30 sample=zero_boundary_029 soc=0.7983 fc=240
progress step=105200 round=9/40 episode=14/30 sample=zero_boundary_029 soc=0.7922 fc=400
progress step=105250 round=9/40 episode=14/30 sample=zero_boundary_029 soc=0.7995 fc=0
progress step=105300 round=9/40 episode=15/30 sample=zero_boundary_033 soc=0.7484 fc=460
progress step=105350 round=9/40 episode=15/30 sample=zero_boundary_033 soc=0.7476 fc=110
progress step=105400 round=9/40 episode=15/30 sample=zero_boundary_033 soc=0.6695 fc=360
progress step=105450 round=9/40 episode=15/30 sample=zero_boundary_033 soc=0.6240 fc=440
progress step=105500 round=9/40 episode=15/30 sample=zero_boundary_033 soc=0.6912 fc=140
progress step=105550 round=9/40 episode=15/30 sample=zero_boundary_033 soc=0.5635 fc=420
progress step=105600 round=9/40 episode=15/30 sample=zero_boundary_033 soc=0.6130 fc=540
progress step=105650 round=9/40 episode=15/30 sample=zero_boundary_033 soc=0.7998 fc=10
progress step=105700 round=9/40 episode=15/30 sample=zero_boundary_033 soc=0.8000 fc=0
progress step=105750 round=9/40 episode=15/30 sample=zero_boundary_033 soc=0.8000 fc=0
progress step=105800 round=9/40 episode=15/30 sample=zero_boundary_033 soc=0.7999 fc=0
progress step=105850 round=9/40 episode=15/30 sample=zero_boundary_033 soc=0.7999 fc=0
progress step=105900 round=9/40 episode=15/30 sample=zero_boundary_033 soc=0.7999 fc=0
progress step=105950 round=9/40 episode=15/30 sample=zero_boundary_033 soc=0.7999 fc=0
progress step=106000 round=9/40 episode=15/30 sample=zero_boundary_033 soc=0.7999 fc=10
progress step=106050 round=9/40 episode=15/30 sample=zero_boundary_033 soc=0.7997 fc=0
progress step=106100 round=9/40 episode=15/30 sample=zero_boundary_033 soc=0.7995 fc=60
progress step=106150 round=9/40 episode=15/30 sample=zero_boundary_033 soc=0.7994 fc=50
progress step=106200 round=9/40 episode=15/30 sample=zero_boundary_033 soc=0.7998 fc=40
progress step=106250 round=9/40 episode=16/30 sample=zero_boundary_034 soc=0.7007 fc=450
progress step=106300 round=9/40 episode=16/30 sample=zero_boundary_034 soc=0.8000 fc=0
progress step=106350 round=9/40 episode=16/30 sample=zero_boundary_034 soc=0.8000 fc=0
progress step=106400 round=9/40 episode=16/30 sample=zero_boundary_034 soc=0.8000 fc=0
progress step=106450 round=9/40 episode=16/30 sample=zero_boundary_034 soc=0.8000 fc=0
progress step=106500 round=9/40 episode=16/30 sample=zero_boundary_034 soc=0.8000 fc=0
progress step=106550 round=9/40 episode=16/30 sample=zero_boundary_034 soc=0.8000 fc=0
progress step=106600 round=9/40 episode=16/30 sample=zero_boundary_034 soc=0.8000 fc=0
progress step=106650 round=9/40 episode=16/30 sample=zero_boundary_034 soc=0.8000 fc=0
progress step=106700 round=9/40 episode=16/30 sample=zero_boundary_034 soc=0.8000 fc=0
progress step=106750 round=9/40 episode=16/30 sample=zero_boundary_034 soc=0.8000 fc=0
progress step=106800 round=9/40 episode=16/30 sample=zero_boundary_034 soc=0.8000 fc=0
progress step=106850 round=9/40 episode=16/30 sample=zero_boundary_034 soc=0.8000 fc=0
progress step=106900 round=9/40 episode=16/30 sample=zero_boundary_034 soc=0.8000 fc=0
progress step=106950 round=9/40 episode=16/30 sample=zero_boundary_034 soc=0.8000 fc=0
progress step=107000 round=9/40 episode=16/30 sample=zero_boundary_034 soc=0.8000 fc=0
progress step=107050 round=9/40 episode=16/30 sample=zero_boundary_034 soc=0.8000 fc=0
progress step=107100 round=9/40 episode=16/30 sample=zero_boundary_034 soc=0.7996 fc=30
progress step=107150 round=9/40 episode=16/30 sample=zero_boundary_034 soc=0.7995 fc=30
progress step=107200 round=9/40 episode=16/30 sample=zero_boundary_034 soc=0.7993 fc=80
progress step=107250 round=9/40 episode=16/30 sample=zero_boundary_034 soc=0.7929 fc=140
progress step=107300 round=9/40 episode=16/30 sample=zero_boundary_034 soc=0.7929 fc=260
progress step=107350 round=9/40 episode=16/30 sample=zero_boundary_034 soc=0.7995 fc=60
progress step=107400 round=9/40 episode=16/30 sample=zero_boundary_034 soc=0.7993 fc=70
progress step=107450 round=9/40 episode=16/30 sample=zero_boundary_034 soc=0.7999 fc=0
progress step=107500 round=9/40 episode=16/30 sample=zero_boundary_034 soc=0.7999 fc=0
progress step=107550 round=9/40 episode=16/30 sample=zero_boundary_034 soc=0.7999 fc=0
progress step=107600 round=9/40 episode=16/30 sample=zero_boundary_034 soc=0.7999 fc=0
progress step=107650 round=9/40 episode=16/30 sample=zero_boundary_034 soc=0.7999 fc=0
progress step=107700 round=9/40 episode=16/30 sample=zero_boundary_034 soc=0.7999 fc=0
progress step=107750 round=9/40 episode=16/30 sample=zero_boundary_034 soc=0.7999 fc=0
progress step=107800 round=9/40 episode=16/30 sample=zero_boundary_034 soc=0.7999 fc=0
progress step=107850 round=9/40 episode=16/30 sample=zero_boundary_034 soc=0.7994 fc=70
progress step=107900 round=9/40 episode=17/30 sample=zero_boundary_037 soc=0.6706 fc=590
progress step=107950 round=9/40 episode=17/30 sample=zero_boundary_037 soc=0.7177 fc=540
progress step=108000 round=9/40 episode=17/30 sample=zero_boundary_037 soc=0.7753 fc=210
progress step=108050 round=9/40 episode=17/30 sample=zero_boundary_037 soc=0.8000 fc=20
progress step=108100 round=9/40 episode=17/30 sample=zero_boundary_037 soc=0.7694 fc=350
progress step=108150 round=9/40 episode=17/30 sample=zero_boundary_037 soc=0.6921 fc=280
progress step=108200 round=9/40 episode=17/30 sample=zero_boundary_037 soc=0.5364 fc=510
progress step=108250 round=9/40 episode=17/30 sample=zero_boundary_037 soc=0.5980 fc=290
progress step=108300 round=9/40 episode=17/30 sample=zero_boundary_037 soc=0.7229 fc=290
progress step=108350 round=9/40 episode=17/30 sample=zero_boundary_037 soc=0.7999 fc=60
progress step=108400 round=9/40 episode=17/30 sample=zero_boundary_037 soc=0.7993 fc=40
progress step=108450 round=9/40 episode=17/30 sample=zero_boundary_037 soc=0.7995 fc=60
progress step=108500 round=9/40 episode=17/30 sample=zero_boundary_037 soc=0.8000 fc=50
progress step=108550 round=9/40 episode=17/30 sample=zero_boundary_037 soc=0.7999 fc=60
progress step=108600 round=9/40 episode=17/30 sample=zero_boundary_037 soc=0.7997 fc=60
progress step=108650 round=9/40 episode=17/30 sample=zero_boundary_037 soc=0.7990 fc=30
progress step=108700 round=9/40 episode=17/30 sample=zero_boundary_037 soc=0.7992 fc=70
progress step=108750 round=9/40 episode=17/30 sample=zero_boundary_037 soc=0.7991 fc=110
progress step=108800 round=9/40 episode=17/30 sample=zero_boundary_037 soc=0.7998 fc=0
progress step=108850 round=9/40 episode=17/30 sample=zero_boundary_037 soc=0.7997 fc=50
progress step=108900 round=9/40 episode=17/30 sample=zero_boundary_037 soc=0.7999 fc=0
progress step=108950 round=9/40 episode=17/30 sample=zero_boundary_037 soc=0.7999 fc=0
progress step=109000 round=9/40 episode=17/30 sample=zero_boundary_037 soc=0.7999 fc=20
progress step=109050 round=9/40 episode=17/30 sample=zero_boundary_037 soc=0.8000 fc=20
progress step=109100 round=9/40 episode=17/30 sample=zero_boundary_037 soc=0.7999 fc=20
progress step=109150 round=9/40 episode=17/30 sample=zero_boundary_037 soc=0.7999 fc=0
progress step=109200 round=9/40 episode=17/30 sample=zero_boundary_037 soc=0.7999 fc=60
progress step=109250 round=9/40 episode=17/30 sample=zero_boundary_037 soc=0.7992 fc=40
progress step=109300 round=9/40 episode=17/30 sample=zero_boundary_037 soc=0.7993 fc=30
progress step=109350 round=9/40 episode=17/30 sample=zero_boundary_037 soc=0.7995 fc=40
progress step=109400 round=9/40 episode=17/30 sample=zero_boundary_037 soc=0.7996 fc=30
progress step=109450 round=9/40 episode=17/30 sample=zero_boundary_037 soc=0.7995 fc=0
progress step=109500 round=9/40 episode=17/30 sample=zero_boundary_037 soc=0.7995 fc=0
progress step=109550 round=9/40 episode=17/30 sample=zero_boundary_037 soc=0.7996 fc=50
progress step=109600 round=9/40 episode=17/30 sample=zero_boundary_037 soc=0.8000 fc=10
progress step=109650 round=9/40 episode=17/30 sample=zero_boundary_037 soc=0.7989 fc=110
progress step=109700 round=9/40 episode=17/30 sample=zero_boundary_037 soc=0.7997 fc=10
progress step=109750 round=9/40 episode=17/30 sample=zero_boundary_037 soc=0.7997 fc=20
progress step=109800 round=9/40 episode=18/30 sample=zero_boundary_038 soc=0.6570 fc=290
progress step=109850 round=9/40 episode=18/30 sample=zero_boundary_038 soc=0.6077 fc=50
progress step=109900 round=9/40 episode=18/30 sample=zero_boundary_038 soc=0.5723 fc=100
progress step=109950 round=9/40 episode=18/30 sample=zero_boundary_038 soc=0.4966 fc=250
progress step=110000 round=9/40 episode=18/30 sample=zero_boundary_038 soc=0.3893 fc=530
progress step=110050 round=9/40 episode=18/30 sample=zero_boundary_038 soc=0.3668 fc=510
progress step=110100 round=9/40 episode=18/30 sample=zero_boundary_038 soc=0.5508 fc=320
progress step=110150 round=9/40 episode=18/30 sample=zero_boundary_038 soc=0.7033 fc=310
progress step=110200 round=9/40 episode=18/30 sample=zero_boundary_038 soc=0.7998 fc=10
progress step=110250 round=9/40 episode=18/30 sample=zero_boundary_038 soc=0.7694 fc=70
progress step=110300 round=9/40 episode=18/30 sample=zero_boundary_038 soc=0.7474 fc=230
progress step=110350 round=9/40 episode=18/30 sample=zero_boundary_038 soc=0.6965 fc=440
progress step=110400 round=9/40 episode=18/30 sample=zero_boundary_038 soc=0.6709 fc=310
progress step=110450 round=9/40 episode=18/30 sample=zero_boundary_038 soc=0.7519 fc=140
progress step=110500 round=9/40 episode=19/30 sample=zero_boundary_040 soc=0.5973 fc=130
progress step=110550 round=9/40 episode=19/30 sample=zero_boundary_040 soc=0.5121 fc=110
progress step=110600 round=9/40 episode=19/30 sample=zero_boundary_040 soc=0.4685 fc=320
progress step=110650 round=9/40 episode=19/30 sample=zero_boundary_040 soc=0.3737 fc=100
progress step=110700 round=9/40 episode=19/30 sample=zero_boundary_040 soc=0.3668 fc=410
progress step=110750 round=9/40 episode=19/30 sample=zero_boundary_040 soc=0.3901 fc=80
progress step=110800 round=9/40 episode=19/30 sample=zero_boundary_040 soc=0.5064 fc=370
progress step=110850 round=9/40 episode=19/30 sample=zero_boundary_040 soc=0.4779 fc=420
progress step=110900 round=9/40 episode=19/30 sample=zero_boundary_040 soc=0.3773 fc=240
progress step=110950 round=9/40 episode=19/30 sample=zero_boundary_040 soc=0.3526 fc=210
progress step=111000 round=9/40 episode=20/30 sample=zero_boundary_041 soc=0.5911 fc=340
progress step=111050 round=9/40 episode=20/30 sample=zero_boundary_041 soc=0.5140 fc=290
progress step=111100 round=9/40 episode=20/30 sample=zero_boundary_041 soc=0.2360 fc=120
progress step=111150 round=9/40 episode=21/30 sample=zero_boundary_042 soc=0.6894 fc=590
progress step=111200 round=9/40 episode=21/30 sample=zero_boundary_042 soc=0.5233 fc=430
progress step=111250 round=9/40 episode=21/30 sample=zero_boundary_042 soc=0.3221 fc=320
progress step=111300 round=9/40 episode=21/30 sample=zero_boundary_042 soc=0.2024 fc=410
progress step=111350 round=9/40 episode=21/30 sample=zero_boundary_042 soc=0.2010 fc=570
progress step=111400 round=9/40 episode=21/30 sample=zero_boundary_042 soc=0.3267 fc=380
progress step=111450 round=9/40 episode=21/30 sample=zero_boundary_042 soc=0.2002 fc=590
progress step=111500 round=9/40 episode=22/30 sample=zero_boundary_044 soc=0.6605 fc=570
progress step=111550 round=9/40 episode=22/30 sample=zero_boundary_044 soc=0.5069 fc=240
progress step=111600 round=9/40 episode=22/30 sample=zero_boundary_044 soc=0.2418 fc=390
progress step=111650 round=9/40 episode=23/30 sample=zero_boundary_045 soc=0.7046 fc=270
progress step=111700 round=9/40 episode=23/30 sample=zero_boundary_045 soc=0.6609 fc=30
progress step=111750 round=9/40 episode=23/30 sample=zero_boundary_045 soc=0.5623 fc=180
progress step=111800 round=9/40 episode=23/30 sample=zero_boundary_045 soc=0.3766 fc=400
progress step=111850 round=9/40 episode=23/30 sample=zero_boundary_045 soc=0.2404 fc=560
progress step=111900 round=9/40 episode=23/30 sample=zero_boundary_045 soc=0.2031 fc=290
progress step=111950 round=9/40 episode=24/30 sample=zero_boundary_046 soc=0.6023 fc=370
progress step=112000 round=9/40 episode=24/30 sample=zero_boundary_046 soc=0.4440 fc=370
progress step=112050 round=9/40 episode=24/30 sample=zero_boundary_046 soc=0.2217 fc=510
progress step=112100 round=9/40 episode=25/30 sample=zero_boundary_048 soc=0.6241 fc=450
progress step=112150 round=9/40 episode=25/30 sample=zero_boundary_048 soc=0.4408 fc=510
progress step=112200 round=9/40 episode=25/30 sample=zero_boundary_048 soc=0.3482 fc=380
progress step=112250 round=9/40 episode=25/30 sample=zero_boundary_048 soc=0.4421 fc=170
progress step=112300 round=9/40 episode=25/30 sample=zero_boundary_048 soc=0.4276 fc=370
progress step=112350 round=9/40 episode=26/30 sample=zero_boundary_049 soc=0.6241 fc=150
progress step=112400 round=9/40 episode=26/30 sample=zero_boundary_049 soc=0.6434 fc=370
progress step=112450 round=9/40 episode=26/30 sample=zero_boundary_049 soc=0.6389 fc=130
progress step=112500 round=9/40 episode=26/30 sample=zero_boundary_049 soc=0.6312 fc=360
progress step=112550 round=9/40 episode=26/30 sample=zero_boundary_049 soc=0.6610 fc=370
progress step=112600 round=9/40 episode=26/30 sample=zero_boundary_049 soc=0.7683 fc=170
progress step=112650 round=9/40 episode=27/30 sample=zero_boundary_050 soc=0.6761 fc=530
progress step=112700 round=9/40 episode=27/30 sample=zero_boundary_050 soc=0.5423 fc=200
progress step=112750 round=9/40 episode=27/30 sample=zero_boundary_050 soc=0.4152 fc=360
progress step=112800 round=9/40 episode=27/30 sample=zero_boundary_050 soc=0.3128 fc=390
progress step=112850 round=9/40 episode=28/30 sample=zero_boundary_051 soc=0.6370 fc=250
progress step=112900 round=9/40 episode=28/30 sample=zero_boundary_051 soc=0.6324 fc=430
progress step=112950 round=9/40 episode=28/30 sample=zero_boundary_051 soc=0.6661 fc=370
progress step=113000 round=9/40 episode=29/30 sample=zero_boundary_052 soc=0.6730 fc=430
progress step=113050 round=9/40 episode=29/30 sample=zero_boundary_052 soc=0.4897 fc=510
progress step=113100 round=9/40 episode=29/30 sample=zero_boundary_052 soc=0.3333 fc=570
progress step=113150 round=9/40 episode=29/30 sample=zero_boundary_052 soc=0.4059 fc=260
progress step=113200 round=9/40 episode=29/30 sample=zero_boundary_052 soc=0.5682 fc=250
progress step=113250 round=9/40 episode=30/30 sample=zero_boundary_053 soc=0.7152 fc=240
progress step=113300 round=9/40 episode=30/30 sample=zero_boundary_053 soc=0.6066 fc=50
progress step=113350 round=9/40 episode=30/30 sample=zero_boundary_053 soc=0.5704 fc=380
progress step=113400 round=9/40 episode=30/30 sample=zero_boundary_053 soc=0.6487 fc=440
progress step=113450 round=9/40 episode=30/30 sample=zero_boundary_053 soc=0.7520 fc=290
round 9/40 exploratory=20/30 greedy_train start
MONITOR round=9 exploratory=20/30 greedy_train=22/30 validation=SKIPPED cost=None updates=7388 best_round=7
round 10/40 start epsilon=0.7808
progress step=113500 round=10/40 episode=1/30 sample=zero_boundary_002 soc=0.7365 fc=100
progress step=113550 round=10/40 episode=1/30 sample=zero_boundary_002 soc=0.5230 fc=250
progress step=113600 round=10/40 episode=1/30 sample=zero_boundary_002 soc=0.2885 fc=270
progress step=113650 round=10/40 episode=1/30 sample=zero_boundary_002 soc=0.4414 fc=230
progress step=113700 round=10/40 episode=1/30 sample=zero_boundary_002 soc=0.4164 fc=230
progress step=113750 round=10/40 episode=1/30 sample=zero_boundary_002 soc=0.5113 fc=390
progress step=113800 round=10/40 episode=2/30 sample=zero_boundary_005 soc=0.6543 fc=100
progress step=113850 round=10/40 episode=2/30 sample=zero_boundary_005 soc=0.5489 fc=20
progress step=113900 round=10/40 episode=2/30 sample=zero_boundary_005 soc=0.5188 fc=260
progress step=113950 round=10/40 episode=2/30 sample=zero_boundary_005 soc=0.4533 fc=600
progress step=114000 round=10/40 episode=2/30 sample=zero_boundary_005 soc=0.3720 fc=40
progress step=114050 round=10/40 episode=2/30 sample=zero_boundary_005 soc=0.4640 fc=390
progress step=114100 round=10/40 episode=3/30 sample=zero_boundary_006 soc=0.7132 fc=230
progress step=114150 round=10/40 episode=3/30 sample=zero_boundary_006 soc=0.7989 fc=210
progress step=114200 round=10/40 episode=3/30 sample=zero_boundary_006 soc=0.7993 fc=90
progress step=114250 round=10/40 episode=3/30 sample=zero_boundary_006 soc=0.7994 fc=20
progress step=114300 round=10/40 episode=3/30 sample=zero_boundary_006 soc=0.7969 fc=550
progress step=114350 round=10/40 episode=3/30 sample=zero_boundary_006 soc=0.7991 fc=170
progress step=114400 round=10/40 episode=3/30 sample=zero_boundary_006 soc=0.7987 fc=80
progress step=114450 round=10/40 episode=4/30 sample=zero_boundary_007 soc=0.6201 fc=320
progress step=114500 round=10/40 episode=4/30 sample=zero_boundary_007 soc=0.5145 fc=460
progress step=114550 round=10/40 episode=4/30 sample=zero_boundary_007 soc=0.5418 fc=0
progress step=114600 round=10/40 episode=4/30 sample=zero_boundary_007 soc=0.6049 fc=470
progress step=114650 round=10/40 episode=4/30 sample=zero_boundary_007 soc=0.5765 fc=400
progress step=114700 round=10/40 episode=5/30 sample=zero_boundary_008 soc=0.6309 fc=260
progress step=114750 round=10/40 episode=5/30 sample=zero_boundary_008 soc=0.4422 fc=60
progress step=114800 round=10/40 episode=6/30 sample=zero_boundary_011 soc=0.6978 fc=310
progress step=114850 round=10/40 episode=6/30 sample=zero_boundary_011 soc=0.7966 fc=50
progress step=114900 round=10/40 episode=6/30 sample=zero_boundary_011 soc=0.6497 fc=480
progress step=114950 round=10/40 episode=6/30 sample=zero_boundary_011 soc=0.4998 fc=230
progress step=115000 round=10/40 episode=6/30 sample=zero_boundary_011 soc=0.4143 fc=220
progress step=115050 round=10/40 episode=6/30 sample=zero_boundary_011 soc=0.2796 fc=420
progress step=115100 round=10/40 episode=6/30 sample=zero_boundary_011 soc=0.4688 fc=350
progress step=115150 round=10/40 episode=6/30 sample=zero_boundary_011 soc=0.6271 fc=340
progress step=115200 round=10/40 episode=6/30 sample=zero_boundary_011 soc=0.7999 fc=10
progress step=115250 round=10/40 episode=6/30 sample=zero_boundary_011 soc=0.7990 fc=50
progress step=115300 round=10/40 episode=6/30 sample=zero_boundary_011 soc=0.7981 fc=340
progress step=115350 round=10/40 episode=6/30 sample=zero_boundary_011 soc=0.7941 fc=50
progress step=115400 round=10/40 episode=6/30 sample=zero_boundary_011 soc=0.7957 fc=340
progress step=115450 round=10/40 episode=6/30 sample=zero_boundary_011 soc=0.7994 fc=340
progress step=115500 round=10/40 episode=6/30 sample=zero_boundary_011 soc=0.7915 fc=160
progress step=115550 round=10/40 episode=7/30 sample=zero_boundary_013 soc=0.6919 fc=510
progress step=115600 round=10/40 episode=7/30 sample=zero_boundary_013 soc=0.7847 fc=440
progress step=115650 round=10/40 episode=7/30 sample=zero_boundary_013 soc=0.7396 fc=500
progress step=115700 round=10/40 episode=7/30 sample=zero_boundary_013 soc=0.7171 fc=400
progress step=115750 round=10/40 episode=7/30 sample=zero_boundary_013 soc=0.7682 fc=150
progress step=115800 round=10/40 episode=7/30 sample=zero_boundary_013 soc=0.7967 fc=150
progress step=115850 round=10/40 episode=7/30 sample=zero_boundary_013 soc=0.7995 fc=10
progress step=115900 round=10/40 episode=8/30 sample=zero_boundary_015 soc=0.6585 fc=330
progress step=115950 round=10/40 episode=8/30 sample=zero_boundary_015 soc=0.6384 fc=360
progress step=116000 round=10/40 episode=8/30 sample=zero_boundary_015 soc=0.2954 fc=450
progress step=116050 round=10/40 episode=9/30 sample=zero_boundary_016 soc=0.7491 fc=560
progress step=116100 round=10/40 episode=9/30 sample=zero_boundary_016 soc=0.7290 fc=250
progress step=116150 round=10/40 episode=9/30 sample=zero_boundary_016 soc=0.5652 fc=210
progress step=116200 round=10/40 episode=9/30 sample=zero_boundary_016 soc=0.3594 fc=330
progress step=116250 round=10/40 episode=10/30 sample=zero_boundary_017 soc=0.6040 fc=320
progress step=116300 round=10/40 episode=10/30 sample=zero_boundary_017 soc=0.3814 fc=310
progress step=116350 round=10/40 episode=11/30 sample=zero_boundary_020 soc=0.6345 fc=440
progress step=116400 round=10/40 episode=11/30 sample=zero_boundary_020 soc=0.6210 fc=330
progress step=116450 round=10/40 episode=11/30 sample=zero_boundary_020 soc=0.7054 fc=100
progress step=116500 round=10/40 episode=12/30 sample=zero_boundary_021 soc=0.7493 fc=250
progress step=116550 round=10/40 episode=12/30 sample=zero_boundary_021 soc=0.7149 fc=390
progress step=116600 round=10/40 episode=12/30 sample=zero_boundary_021 soc=0.6104 fc=370
progress step=116650 round=10/40 episode=12/30 sample=zero_boundary_021 soc=0.5151 fc=330
progress step=116700 round=10/40 episode=13/30 sample=zero_boundary_022 soc=0.6472 fc=370
progress step=116750 round=10/40 episode=13/30 sample=zero_boundary_022 soc=0.6353 fc=330
progress step=116800 round=10/40 episode=13/30 sample=zero_boundary_022 soc=0.6487 fc=580
progress step=116850 round=10/40 episode=13/30 sample=zero_boundary_022 soc=0.7305 fc=250
progress step=116900 round=10/40 episode=14/30 sample=zero_boundary_029 soc=0.6784 fc=550
progress step=116950 round=10/40 episode=14/30 sample=zero_boundary_029 soc=0.7342 fc=290
progress step=117000 round=10/40 episode=14/30 sample=zero_boundary_029 soc=0.6956 fc=300
progress step=117050 round=10/40 episode=14/30 sample=zero_boundary_029 soc=0.6936 fc=470
progress step=117100 round=10/40 episode=14/30 sample=zero_boundary_029 soc=0.7959 fc=330
progress step=117150 round=10/40 episode=14/30 sample=zero_boundary_029 soc=0.7956 fc=210
progress step=117200 round=10/40 episode=14/30 sample=zero_boundary_029 soc=0.7990 fc=150
progress step=117250 round=10/40 episode=14/30 sample=zero_boundary_029 soc=0.8000 fc=0
progress step=117300 round=10/40 episode=14/30 sample=zero_boundary_029 soc=0.8000 fc=0
progress step=117350 round=10/40 episode=14/30 sample=zero_boundary_029 soc=0.8000 fc=0
progress step=117400 round=10/40 episode=14/30 sample=zero_boundary_029 soc=0.8000 fc=0
progress step=117450 round=10/40 episode=14/30 sample=zero_boundary_029 soc=0.8000 fc=0
progress step=117500 round=10/40 episode=14/30 sample=zero_boundary_029 soc=0.8000 fc=0
progress step=117550 round=10/40 episode=14/30 sample=zero_boundary_029 soc=0.8000 fc=0
progress step=117600 round=10/40 episode=14/30 sample=zero_boundary_029 soc=0.8000 fc=0
progress step=117650 round=10/40 episode=14/30 sample=zero_boundary_029 soc=0.8000 fc=0
progress step=117700 round=10/40 episode=14/30 sample=zero_boundary_029 soc=0.8000 fc=0
progress step=117750 round=10/40 episode=14/30 sample=zero_boundary_029 soc=0.7999 fc=30
progress step=117800 round=10/40 episode=14/30 sample=zero_boundary_029 soc=0.7941 fc=450
progress step=117850 round=10/40 episode=14/30 sample=zero_boundary_029 soc=0.7998 fc=180
progress step=117900 round=10/40 episode=14/30 sample=zero_boundary_029 soc=0.7505 fc=580
progress step=117950 round=10/40 episode=15/30 sample=zero_boundary_033 soc=0.6623 fc=30
progress step=118000 round=10/40 episode=15/30 sample=zero_boundary_033 soc=0.7259 fc=410
progress step=118050 round=10/40 episode=15/30 sample=zero_boundary_033 soc=0.7154 fc=520
progress step=118100 round=10/40 episode=15/30 sample=zero_boundary_033 soc=0.7508 fc=130
progress step=118150 round=10/40 episode=15/30 sample=zero_boundary_033 soc=0.6755 fc=320
progress step=118200 round=10/40 episode=15/30 sample=zero_boundary_033 soc=0.6701 fc=320
progress step=118250 round=10/40 episode=15/30 sample=zero_boundary_033 soc=0.5470 fc=450
progress step=118300 round=10/40 episode=15/30 sample=zero_boundary_033 soc=0.7509 fc=170
progress step=118350 round=10/40 episode=15/30 sample=zero_boundary_033 soc=0.8000 fc=0
progress step=118400 round=10/40 episode=15/30 sample=zero_boundary_033 soc=0.8000 fc=0
progress step=118450 round=10/40 episode=15/30 sample=zero_boundary_033 soc=0.8000 fc=0
progress step=118500 round=10/40 episode=15/30 sample=zero_boundary_033 soc=0.8000 fc=0
progress step=118550 round=10/40 episode=15/30 sample=zero_boundary_033 soc=0.7999 fc=0
progress step=118600 round=10/40 episode=15/30 sample=zero_boundary_033 soc=0.7999 fc=0
progress step=118650 round=10/40 episode=15/30 sample=zero_boundary_033 soc=0.7999 fc=0
progress step=118700 round=10/40 episode=15/30 sample=zero_boundary_033 soc=0.7995 fc=70
progress step=118750 round=10/40 episode=15/30 sample=zero_boundary_033 soc=0.7994 fc=70
progress step=118800 round=10/40 episode=15/30 sample=zero_boundary_033 soc=0.7996 fc=30
progress step=118850 round=10/40 episode=15/30 sample=zero_boundary_033 soc=0.7991 fc=100
progress step=118900 round=10/40 episode=15/30 sample=zero_boundary_033 soc=0.7993 fc=30
progress step=118950 round=10/40 episode=16/30 sample=zero_boundary_034 soc=0.7871 fc=240
progress step=119000 round=10/40 episode=16/30 sample=zero_boundary_034 soc=0.7999 fc=0
progress step=119050 round=10/40 episode=16/30 sample=zero_boundary_034 soc=0.7999 fc=0
progress step=119100 round=10/40 episode=16/30 sample=zero_boundary_034 soc=0.7999 fc=0
progress step=119150 round=10/40 episode=16/30 sample=zero_boundary_034 soc=0.7999 fc=0
progress step=119200 round=10/40 episode=16/30 sample=zero_boundary_034 soc=0.7999 fc=0
progress step=119250 round=10/40 episode=16/30 sample=zero_boundary_034 soc=0.7999 fc=0
progress step=119300 round=10/40 episode=16/30 sample=zero_boundary_034 soc=0.7999 fc=0
progress step=119350 round=10/40 episode=16/30 sample=zero_boundary_034 soc=0.7999 fc=0
progress step=119400 round=10/40 episode=16/30 sample=zero_boundary_034 soc=0.7999 fc=0
progress step=119450 round=10/40 episode=16/30 sample=zero_boundary_034 soc=0.7999 fc=0
progress step=119500 round=10/40 episode=16/30 sample=zero_boundary_034 soc=0.7999 fc=0
progress step=119550 round=10/40 episode=16/30 sample=zero_boundary_034 soc=0.7999 fc=0
progress step=119600 round=10/40 episode=16/30 sample=zero_boundary_034 soc=0.7999 fc=0
progress step=119650 round=10/40 episode=16/30 sample=zero_boundary_034 soc=0.7999 fc=0
progress step=119700 round=10/40 episode=16/30 sample=zero_boundary_034 soc=0.7999 fc=0
progress step=119750 round=10/40 episode=16/30 sample=zero_boundary_034 soc=0.7999 fc=0
progress step=119800 round=10/40 episode=16/30 sample=zero_boundary_034 soc=0.7993 fc=30
progress step=119850 round=10/40 episode=16/30 sample=zero_boundary_034 soc=0.7998 fc=0
progress step=119900 round=10/40 episode=16/30 sample=zero_boundary_034 soc=0.7998 fc=150
progress step=119950 round=10/40 episode=16/30 sample=zero_boundary_034 soc=0.7980 fc=290
progress step=120000 round=10/40 episode=16/30 sample=zero_boundary_034 soc=0.7995 fc=200
progress step=120050 round=10/40 episode=16/30 sample=zero_boundary_034 soc=0.7995 fc=60
progress step=120100 round=10/40 episode=16/30 sample=zero_boundary_034 soc=0.7999 fc=0
progress step=120150 round=10/40 episode=16/30 sample=zero_boundary_034 soc=0.7999 fc=0
progress step=120200 round=10/40 episode=16/30 sample=zero_boundary_034 soc=0.7999 fc=0
progress step=120250 round=10/40 episode=16/30 sample=zero_boundary_034 soc=0.7999 fc=0
progress step=120300 round=10/40 episode=16/30 sample=zero_boundary_034 soc=0.7999 fc=0
progress step=120350 round=10/40 episode=16/30 sample=zero_boundary_034 soc=0.7999 fc=0
progress step=120400 round=10/40 episode=16/30 sample=zero_boundary_034 soc=0.7999 fc=0
progress step=120450 round=10/40 episode=16/30 sample=zero_boundary_034 soc=0.7999 fc=0
progress step=120500 round=10/40 episode=16/30 sample=zero_boundary_034 soc=0.7999 fc=0
progress step=120550 round=10/40 episode=17/30 sample=zero_boundary_037 soc=0.6042 fc=380
progress step=120600 round=10/40 episode=17/30 sample=zero_boundary_037 soc=0.6728 fc=20
progress step=120650 round=10/40 episode=17/30 sample=zero_boundary_037 soc=0.7169 fc=290
progress step=120700 round=10/40 episode=17/30 sample=zero_boundary_037 soc=0.7606 fc=160
progress step=120750 round=10/40 episode=17/30 sample=zero_boundary_037 soc=0.7982 fc=100
progress step=120800 round=10/40 episode=17/30 sample=zero_boundary_037 soc=0.7948 fc=290
progress step=120850 round=10/40 episode=17/30 sample=zero_boundary_037 soc=0.6871 fc=80
progress step=120900 round=10/40 episode=17/30 sample=zero_boundary_037 soc=0.5712 fc=220
progress step=120950 round=10/40 episode=17/30 sample=zero_boundary_037 soc=0.7129 fc=220
progress step=121000 round=10/40 episode=17/30 sample=zero_boundary_037 soc=0.7992 fc=50
progress step=121050 round=10/40 episode=17/30 sample=zero_boundary_037 soc=0.7984 fc=180
progress step=121100 round=10/40 episode=17/30 sample=zero_boundary_037 soc=0.7991 fc=80
progress step=121150 round=10/40 episode=17/30 sample=zero_boundary_037 soc=0.7997 fc=10
progress step=121200 round=10/40 episode=17/30 sample=zero_boundary_037 soc=0.7989 fc=40
progress step=121250 round=10/40 episode=17/30 sample=zero_boundary_037 soc=0.7993 fc=70
progress step=121300 round=10/40 episode=17/30 sample=zero_boundary_037 soc=0.7995 fc=20
progress step=121350 round=10/40 episode=17/30 sample=zero_boundary_037 soc=0.7990 fc=80
progress step=121400 round=10/40 episode=17/30 sample=zero_boundary_037 soc=0.7999 fc=20
progress step=121450 round=10/40 episode=17/30 sample=zero_boundary_037 soc=0.7985 fc=20
progress step=121500 round=10/40 episode=17/30 sample=zero_boundary_037 soc=0.7999 fc=40
progress step=121550 round=10/40 episode=17/30 sample=zero_boundary_037 soc=0.7999 fc=0
progress step=121600 round=10/40 episode=17/30 sample=zero_boundary_037 soc=0.7999 fc=0
progress step=121650 round=10/40 episode=17/30 sample=zero_boundary_037 soc=0.7999 fc=0
progress step=121700 round=10/40 episode=17/30 sample=zero_boundary_037 soc=0.7994 fc=80
progress step=121750 round=10/40 episode=17/30 sample=zero_boundary_037 soc=0.7992 fc=20
progress step=121800 round=10/40 episode=17/30 sample=zero_boundary_037 soc=0.8000 fc=0
progress step=121850 round=10/40 episode=17/30 sample=zero_boundary_037 soc=0.7988 fc=40
progress step=121900 round=10/40 episode=17/30 sample=zero_boundary_037 soc=0.7989 fc=20
progress step=121950 round=10/40 episode=17/30 sample=zero_boundary_037 soc=0.7990 fc=40
progress step=122000 round=10/40 episode=17/30 sample=zero_boundary_037 soc=0.7993 fc=20
progress step=122050 round=10/40 episode=17/30 sample=zero_boundary_037 soc=0.7998 fc=0
progress step=122100 round=10/40 episode=17/30 sample=zero_boundary_037 soc=0.7999 fc=0
progress step=122150 round=10/40 episode=17/30 sample=zero_boundary_037 soc=0.7997 fc=50
progress step=122200 round=10/40 episode=17/30 sample=zero_boundary_037 soc=0.7999 fc=30
progress step=122250 round=10/40 episode=17/30 sample=zero_boundary_037 soc=0.7992 fc=90
progress step=122300 round=10/40 episode=17/30 sample=zero_boundary_037 soc=0.7989 fc=20
progress step=122350 round=10/40 episode=17/30 sample=zero_boundary_037 soc=0.7989 fc=60
progress step=122400 round=10/40 episode=17/30 sample=zero_boundary_037 soc=0.7995 fc=20
progress step=122450 round=10/40 episode=18/30 sample=zero_boundary_038 soc=0.6251 fc=30
progress step=122500 round=10/40 episode=18/30 sample=zero_boundary_038 soc=0.6534 fc=370
progress step=122550 round=10/40 episode=18/30 sample=zero_boundary_038 soc=0.5829 fc=560
progress step=122600 round=10/40 episode=18/30 sample=zero_boundary_038 soc=0.5596 fc=370
progress step=122650 round=10/40 episode=18/30 sample=zero_boundary_038 soc=0.4562 fc=300
progress step=122700 round=10/40 episode=18/30 sample=zero_boundary_038 soc=0.3699 fc=370
progress step=122750 round=10/40 episode=18/30 sample=zero_boundary_038 soc=0.4063 fc=570
progress step=122800 round=10/40 episode=18/30 sample=zero_boundary_038 soc=0.5738 fc=370
progress step=122850 round=10/40 episode=18/30 sample=zero_boundary_038 soc=0.7308 fc=490
progress step=122900 round=10/40 episode=18/30 sample=zero_boundary_038 soc=0.7973 fc=120
progress step=122950 round=10/40 episode=18/30 sample=zero_boundary_038 soc=0.7608 fc=10
progress step=123000 round=10/40 episode=18/30 sample=zero_boundary_038 soc=0.7211 fc=450
progress step=123050 round=10/40 episode=18/30 sample=zero_boundary_038 soc=0.7125 fc=40
progress step=123100 round=10/40 episode=18/30 sample=zero_boundary_038 soc=0.6921 fc=320
progress step=123150 round=10/40 episode=19/30 sample=zero_boundary_040 soc=0.6152 fc=300
progress step=123200 round=10/40 episode=19/30 sample=zero_boundary_040 soc=0.6353 fc=390
progress step=123250 round=10/40 episode=19/30 sample=zero_boundary_040 soc=0.5118 fc=270
progress step=123300 round=10/40 episode=19/30 sample=zero_boundary_040 soc=0.4556 fc=300
progress step=123350 round=10/40 episode=19/30 sample=zero_boundary_040 soc=0.4795 fc=490
progress step=123400 round=10/40 episode=19/30 sample=zero_boundary_040 soc=0.4680 fc=390
progress step=123450 round=10/40 episode=19/30 sample=zero_boundary_040 soc=0.5047 fc=540
progress step=123500 round=10/40 episode=19/30 sample=zero_boundary_040 soc=0.6476 fc=360
progress step=123550 round=10/40 episode=19/30 sample=zero_boundary_040 soc=0.5424 fc=200
progress step=123600 round=10/40 episode=19/30 sample=zero_boundary_040 soc=0.4340 fc=390
progress step=123650 round=10/40 episode=20/30 sample=zero_boundary_041 soc=0.6099 fc=340
progress step=123700 round=10/40 episode=20/30 sample=zero_boundary_041 soc=0.5805 fc=530
progress step=123750 round=10/40 episode=20/30 sample=zero_boundary_041 soc=0.4746 fc=390
progress step=123800 round=10/40 episode=21/30 sample=zero_boundary_042 soc=0.6051 fc=420
progress step=123850 round=10/40 episode=21/30 sample=zero_boundary_042 soc=0.6606 fc=400
progress step=123900 round=10/40 episode=21/30 sample=zero_boundary_042 soc=0.5504 fc=200
progress step=123950 round=10/40 episode=21/30 sample=zero_boundary_042 soc=0.3180 fc=460
progress step=124000 round=10/40 episode=21/30 sample=zero_boundary_042 soc=0.2009 fc=510
progress step=124050 round=10/40 episode=21/30 sample=zero_boundary_042 soc=0.2014 fc=580
progress step=124100 round=10/40 episode=21/30 sample=zero_boundary_042 soc=0.2874 fc=390
progress step=124150 round=10/40 episode=22/30 sample=zero_boundary_044 soc=0.6049 fc=540
progress step=124200 round=10/40 episode=22/30 sample=zero_boundary_044 soc=0.6697 fc=120
progress step=124250 round=10/40 episode=22/30 sample=zero_boundary_044 soc=0.5263 fc=320
progress step=124300 round=10/40 episode=22/30 sample=zero_boundary_044 soc=0.2355 fc=390
progress step=124350 round=10/40 episode=23/30 sample=zero_boundary_045 soc=0.6583 fc=200
progress step=124400 round=10/40 episode=23/30 sample=zero_boundary_045 soc=0.5912 fc=320
progress step=124450 round=10/40 episode=23/30 sample=zero_boundary_045 soc=0.4778 fc=440
progress step=124500 round=10/40 episode=23/30 sample=zero_boundary_045 soc=0.2415 fc=300
progress step=124550 round=10/40 episode=24/30 sample=zero_boundary_046 soc=0.6165 fc=320
progress step=124600 round=10/40 episode=24/30 sample=zero_boundary_046 soc=0.4717 fc=390
progress step=124650 round=10/40 episode=24/30 sample=zero_boundary_046 soc=0.3065 fc=580
progress step=124700 round=10/40 episode=25/30 sample=zero_boundary_048 soc=0.6955 fc=20
progress step=124750 round=10/40 episode=25/30 sample=zero_boundary_048 soc=0.5426 fc=390
progress step=124800 round=10/40 episode=25/30 sample=zero_boundary_048 soc=0.3960 fc=390
progress step=124850 round=10/40 episode=25/30 sample=zero_boundary_048 soc=0.4260 fc=390
progress step=124900 round=10/40 episode=25/30 sample=zero_boundary_048 soc=0.4667 fc=390
progress step=124950 round=10/40 episode=25/30 sample=zero_boundary_048 soc=0.5310 fc=180
progress step=125000 round=10/40 episode=26/30 sample=zero_boundary_049 soc=0.6495 fc=390
progress step=125050 round=10/40 episode=26/30 sample=zero_boundary_049 soc=0.6350 fc=160
progress step=125100 round=10/40 episode=26/30 sample=zero_boundary_049 soc=0.6106 fc=350
progress step=125150 round=10/40 episode=26/30 sample=zero_boundary_049 soc=0.6251 fc=390
progress step=125200 round=10/40 episode=26/30 sample=zero_boundary_049 soc=0.6715 fc=300
progress step=125250 round=10/40 episode=27/30 sample=zero_boundary_050 soc=0.6771 fc=390
progress step=125300 round=10/40 episode=27/30 sample=zero_boundary_050 soc=0.5786 fc=400
progress step=125350 round=10/40 episode=27/30 sample=zero_boundary_050 soc=0.4259 fc=390
progress step=125400 round=10/40 episode=27/30 sample=zero_boundary_050 soc=0.2947 fc=390
progress step=125450 round=10/40 episode=28/30 sample=zero_boundary_051 soc=0.6259 fc=320
progress step=125500 round=10/40 episode=28/30 sample=zero_boundary_051 soc=0.6660 fc=180
progress step=125550 round=10/40 episode=28/30 sample=zero_boundary_051 soc=0.6681 fc=410
progress step=125600 round=10/40 episode=29/30 sample=zero_boundary_052 soc=0.6708 fc=120
progress step=125650 round=10/40 episode=29/30 sample=zero_boundary_052 soc=0.5130 fc=450
progress step=125700 round=10/40 episode=29/30 sample=zero_boundary_052 soc=0.2917 fc=390
progress step=125750 round=10/40 episode=29/30 sample=zero_boundary_052 soc=0.3677 fc=330
progress step=125800 round=10/40 episode=29/30 sample=zero_boundary_052 soc=0.5250 fc=490
progress step=125850 round=10/40 episode=30/30 sample=zero_boundary_053 soc=0.7160 fc=80
progress step=125900 round=10/40 episode=30/30 sample=zero_boundary_053 soc=0.6375 fc=390
progress step=125950 round=10/40 episode=30/30 sample=zero_boundary_053 soc=0.5539 fc=130
progress step=126000 round=10/40 episode=30/30 sample=zero_boundary_053 soc=0.6209 fc=490
progress step=126050 round=10/40 episode=30/30 sample=zero_boundary_053 soc=0.6897 fc=240
round 10/40 exploratory=20/30 greedy_train start
MONITOR round=10 exploratory=20/30 greedy_train=22/30 validation=SKIPPED cost=None updates=8087 best_round=7
round 11/40 start epsilon=0.7564
progress step=126100 round=11/40 episode=1/30 sample=zero_boundary_002 soc=0.7211 fc=10
progress step=126150 round=11/40 episode=1/30 sample=zero_boundary_002 soc=0.5614 fc=390
progress step=126200 round=11/40 episode=1/30 sample=zero_boundary_002 soc=0.2699 fc=180
progress step=126250 round=11/40 episode=1/30 sample=zero_boundary_002 soc=0.4650 fc=390
progress step=126300 round=11/40 episode=1/30 sample=zero_boundary_002 soc=0.4299 fc=470
progress step=126350 round=11/40 episode=1/30 sample=zero_boundary_002 soc=0.5206 fc=280
progress step=126400 round=11/40 episode=2/30 sample=zero_boundary_005 soc=0.6756 fc=320
progress step=126450 round=11/40 episode=2/30 sample=zero_boundary_005 soc=0.6023 fc=430
progress step=126500 round=11/40 episode=2/30 sample=zero_boundary_005 soc=0.5899 fc=40
progress step=126550 round=11/40 episode=2/30 sample=zero_boundary_005 soc=0.5216 fc=390
progress step=126600 round=11/40 episode=2/30 sample=zero_boundary_005 soc=0.4075 fc=20
progress step=126650 round=11/40 episode=2/30 sample=zero_boundary_005 soc=0.4514 fc=260
progress step=126700 round=11/40 episode=3/30 sample=zero_boundary_006 soc=0.7299 fc=250
progress step=126750 round=11/40 episode=3/30 sample=zero_boundary_006 soc=0.7998 fc=10
progress step=126800 round=11/40 episode=3/30 sample=zero_boundary_006 soc=0.7986 fc=190
progress step=126850 round=11/40 episode=3/30 sample=zero_boundary_006 soc=0.7995 fc=20
progress step=126900 round=11/40 episode=3/30 sample=zero_boundary_006 soc=0.7997 fc=60
progress step=126950 round=11/40 episode=3/30 sample=zero_boundary_006 soc=0.7996 fc=150
progress step=127000 round=11/40 episode=3/30 sample=zero_boundary_006 soc=0.7994 fc=50
progress step=127050 round=11/40 episode=4/30 sample=zero_boundary_007 soc=0.6592 fc=280
progress step=127100 round=11/40 episode=4/30 sample=zero_boundary_007 soc=0.5745 fc=70
progress step=127150 round=11/40 episode=4/30 sample=zero_boundary_007 soc=0.6299 fc=70
progress step=127200 round=11/40 episode=4/30 sample=zero_boundary_007 soc=0.7120 fc=390
progress step=127250 round=11/40 episode=4/30 sample=zero_boundary_007 soc=0.7013 fc=40
progress step=127300 round=11/40 episode=5/30 sample=zero_boundary_008 soc=0.6000 fc=390
progress step=127350 round=11/40 episode=5/30 sample=zero_boundary_008 soc=0.4968 fc=200
progress step=127400 round=11/40 episode=6/30 sample=zero_boundary_011 soc=0.6647 fc=500
progress step=127450 round=11/40 episode=6/30 sample=zero_boundary_011 soc=0.7950 fc=520
progress step=127500 round=11/40 episode=6/30 sample=zero_boundary_011 soc=0.6914 fc=390
progress step=127550 round=11/40 episode=6/30 sample=zero_boundary_011 soc=0.5517 fc=520
progress step=127600 round=11/40 episode=6/30 sample=zero_boundary_011 soc=0.4706 fc=390
progress step=127650 round=11/40 episode=6/30 sample=zero_boundary_011 soc=0.3606 fc=260
progress step=127700 round=11/40 episode=6/30 sample=zero_boundary_011 soc=0.4807 fc=20
progress step=127750 round=11/40 episode=6/30 sample=zero_boundary_011 soc=0.6419 fc=390
progress step=127800 round=11/40 episode=6/30 sample=zero_boundary_011 soc=0.7998 fc=10
progress step=127850 round=11/40 episode=6/30 sample=zero_boundary_011 soc=0.7999 fc=30
progress step=127900 round=11/40 episode=6/30 sample=zero_boundary_011 soc=0.7994 fc=270
progress step=127950 round=11/40 episode=6/30 sample=zero_boundary_011 soc=0.7969 fc=60
progress step=128000 round=11/40 episode=6/30 sample=zero_boundary_011 soc=0.7990 fc=290
progress step=128050 round=11/40 episode=6/30 sample=zero_boundary_011 soc=0.7977 fc=390
progress step=128100 round=11/40 episode=6/30 sample=zero_boundary_011 soc=0.7565 fc=180
progress step=128150 round=11/40 episode=7/30 sample=zero_boundary_013 soc=0.6764 fc=260
progress step=128200 round=11/40 episode=7/30 sample=zero_boundary_013 soc=0.7867 fc=400
progress step=128250 round=11/40 episode=7/30 sample=zero_boundary_013 soc=0.7668 fc=390
progress step=128300 round=11/40 episode=7/30 sample=zero_boundary_013 soc=0.7291 fc=450
progress step=128350 round=11/40 episode=7/30 sample=zero_boundary_013 soc=0.7972 fc=310
progress step=128400 round=11/40 episode=7/30 sample=zero_boundary_013 soc=0.7996 fc=270
progress step=128450 round=11/40 episode=7/30 sample=zero_boundary_013 soc=0.7987 fc=10
progress step=128500 round=11/40 episode=8/30 sample=zero_boundary_015 soc=0.6585 fc=80
progress step=128550 round=11/40 episode=8/30 sample=zero_boundary_015 soc=0.6589 fc=50
progress step=128600 round=11/40 episode=8/30 sample=zero_boundary_015 soc=0.3891 fc=370
progress step=128650 round=11/40 episode=9/30 sample=zero_boundary_016 soc=0.7327 fc=0
progress step=128700 round=11/40 episode=9/30 sample=zero_boundary_016 soc=0.7520 fc=370
progress step=128750 round=11/40 episode=9/30 sample=zero_boundary_016 soc=0.5800 fc=570
progress step=128800 round=11/40 episode=9/30 sample=zero_boundary_016 soc=0.3913 fc=250
progress step=128850 round=11/40 episode=10/30 sample=zero_boundary_017 soc=0.6196 fc=370
progress step=128900 round=11/40 episode=10/30 sample=zero_boundary_017 soc=0.5077 fc=260
progress step=128950 round=11/40 episode=10/30 sample=zero_boundary_017 soc=0.2302 fc=10
progress step=129000 round=11/40 episode=11/30 sample=zero_boundary_020 soc=0.6473 fc=130
progress step=129050 round=11/40 episode=11/30 sample=zero_boundary_020 soc=0.6525 fc=390
progress step=129100 round=11/40 episode=12/30 sample=zero_boundary_021 soc=0.6970 fc=480
progress step=129150 round=11/40 episode=12/30 sample=zero_boundary_021 soc=0.7985 fc=280
progress step=129200 round=11/40 episode=12/30 sample=zero_boundary_021 soc=0.7426 fc=370
progress step=129250 round=11/40 episode=12/30 sample=zero_boundary_021 soc=0.6712 fc=20
progress step=129300 round=11/40 episode=12/30 sample=zero_boundary_021 soc=0.6713 fc=390
progress step=129350 round=11/40 episode=13/30 sample=zero_boundary_022 soc=0.6593 fc=560
progress step=129400 round=11/40 episode=13/30 sample=zero_boundary_022 soc=0.6379 fc=380
progress step=129450 round=11/40 episode=13/30 sample=zero_boundary_022 soc=0.7010 fc=440
progress step=129500 round=11/40 episode=14/30 sample=zero_boundary_029 soc=0.6296 fc=390
progress step=129550 round=11/40 episode=14/30 sample=zero_boundary_029 soc=0.7130 fc=390
progress step=129600 round=11/40 episode=14/30 sample=zero_boundary_029 soc=0.6865 fc=360
progress step=129650 round=11/40 episode=14/30 sample=zero_boundary_029 soc=0.6974 fc=310
progress step=129700 round=11/40 episode=14/30 sample=zero_boundary_029 soc=0.7293 fc=210
progress step=129750 round=11/40 episode=14/30 sample=zero_boundary_029 soc=0.7926 fc=210
progress step=129800 round=11/40 episode=14/30 sample=zero_boundary_029 soc=0.7993 fc=130
progress step=129850 round=11/40 episode=14/30 sample=zero_boundary_029 soc=0.8000 fc=0
progress step=129900 round=11/40 episode=14/30 sample=zero_boundary_029 soc=0.8000 fc=0
progress step=129950 round=11/40 episode=14/30 sample=zero_boundary_029 soc=0.8000 fc=0
progress step=130000 round=11/40 episode=14/30 sample=zero_boundary_029 soc=0.8000 fc=0
progress step=130050 round=11/40 episode=14/30 sample=zero_boundary_029 soc=0.8000 fc=0
progress step=130100 round=11/40 episode=14/30 sample=zero_boundary_029 soc=0.8000 fc=0
progress step=130150 round=11/40 episode=14/30 sample=zero_boundary_029 soc=0.8000 fc=0
progress step=130200 round=11/40 episode=14/30 sample=zero_boundary_029 soc=0.8000 fc=0
progress step=130250 round=11/40 episode=14/30 sample=zero_boundary_029 soc=0.8000 fc=0
progress step=130300 round=11/40 episode=14/30 sample=zero_boundary_029 soc=0.8000 fc=0
progress step=130350 round=11/40 episode=14/30 sample=zero_boundary_029 soc=0.8000 fc=0
progress step=130400 round=11/40 episode=14/30 sample=zero_boundary_029 soc=0.7985 fc=190
progress step=130450 round=11/40 episode=14/30 sample=zero_boundary_029 soc=0.7989 fc=170
progress step=130500 round=11/40 episode=14/30 sample=zero_boundary_029 soc=0.7973 fc=440
progress step=130550 round=11/40 episode=14/30 sample=zero_boundary_029 soc=0.7993 fc=30
progress step=130600 round=11/40 episode=15/30 sample=zero_boundary_033 soc=0.7588 fc=170
progress step=130650 round=11/40 episode=15/30 sample=zero_boundary_033 soc=0.7171 fc=400
progress step=130700 round=11/40 episode=15/30 sample=zero_boundary_033 soc=0.6274 fc=260
progress step=130750 round=11/40 episode=15/30 sample=zero_boundary_033 soc=0.5967 fc=570
progress step=130800 round=11/40 episode=15/30 sample=zero_boundary_033 soc=0.6431 fc=110
progress step=130850 round=11/40 episode=15/30 sample=zero_boundary_033 soc=0.5133 fc=160
progress step=130900 round=11/40 episode=15/30 sample=zero_boundary_033 soc=0.5359 fc=570
progress step=130950 round=11/40 episode=15/30 sample=zero_boundary_033 soc=0.7304 fc=300
progress step=131000 round=11/40 episode=15/30 sample=zero_boundary_033 soc=0.7999 fc=0
progress step=131050 round=11/40 episode=15/30 sample=zero_boundary_033 soc=0.7999 fc=0
progress step=131100 round=11/40 episode=15/30 sample=zero_boundary_033 soc=0.7999 fc=0
progress step=131150 round=11/40 episode=15/30 sample=zero_boundary_033 soc=0.7999 fc=0
progress step=131200 round=11/40 episode=15/30 sample=zero_boundary_033 soc=0.8000 fc=0
progress step=131250 round=11/40 episode=15/30 sample=zero_boundary_033 soc=0.8000 fc=0
progress step=131300 round=11/40 episode=15/30 sample=zero_boundary_033 soc=0.7999 fc=10
progress step=131350 round=11/40 episode=15/30 sample=zero_boundary_033 soc=0.7994 fc=20
progress step=131400 round=11/40 episode=15/30 sample=zero_boundary_033 soc=0.7999 fc=40
progress step=131450 round=11/40 episode=15/30 sample=zero_boundary_033 soc=0.8000 fc=0
progress step=131500 round=11/40 episode=15/30 sample=zero_boundary_033 soc=0.7998 fc=10
progress step=131550 round=11/40 episode=16/30 sample=zero_boundary_034 soc=0.6790 fc=390
progress step=131600 round=11/40 episode=16/30 sample=zero_boundary_034 soc=0.7999 fc=0
progress step=131650 round=11/40 episode=16/30 sample=zero_boundary_034 soc=0.7999 fc=0
progress step=131700 round=11/40 episode=16/30 sample=zero_boundary_034 soc=0.7999 fc=0
progress step=131750 round=11/40 episode=16/30 sample=zero_boundary_034 soc=0.7999 fc=0
progress step=131800 round=11/40 episode=16/30 sample=zero_boundary_034 soc=0.7999 fc=0
progress step=131850 round=11/40 episode=16/30 sample=zero_boundary_034 soc=0.7999 fc=0
progress step=131900 round=11/40 episode=16/30 sample=zero_boundary_034 soc=0.7999 fc=0
progress step=131950 round=11/40 episode=16/30 sample=zero_boundary_034 soc=0.7999 fc=0
progress step=132000 round=11/40 episode=16/30 sample=zero_boundary_034 soc=0.7999 fc=0
progress step=132050 round=11/40 episode=16/30 sample=zero_boundary_034 soc=0.7999 fc=0
progress step=132100 round=11/40 episode=16/30 sample=zero_boundary_034 soc=0.7999 fc=0
progress step=132150 round=11/40 episode=16/30 sample=zero_boundary_034 soc=0.7999 fc=0
progress step=132200 round=11/40 episode=16/30 sample=zero_boundary_034 soc=0.7999 fc=0
progress step=132250 round=11/40 episode=16/30 sample=zero_boundary_034 soc=0.7999 fc=0
progress step=132300 round=11/40 episode=16/30 sample=zero_boundary_034 soc=0.7999 fc=0
progress step=132350 round=11/40 episode=16/30 sample=zero_boundary_034 soc=0.7999 fc=0
progress step=132400 round=11/40 episode=16/30 sample=zero_boundary_034 soc=0.7999 fc=30
progress step=132450 round=11/40 episode=16/30 sample=zero_boundary_034 soc=0.7990 fc=0
progress step=132500 round=11/40 episode=16/30 sample=zero_boundary_034 soc=0.7934 fc=390
progress step=132550 round=11/40 episode=16/30 sample=zero_boundary_034 soc=0.7977 fc=390
progress step=132600 round=11/40 episode=16/30 sample=zero_boundary_034 soc=0.7993 fc=360
progress step=132650 round=11/40 episode=16/30 sample=zero_boundary_034 soc=0.7985 fc=20
progress step=132700 round=11/40 episode=16/30 sample=zero_boundary_034 soc=0.7997 fc=30
progress step=132750 round=11/40 episode=16/30 sample=zero_boundary_034 soc=0.7999 fc=0
progress step=132800 round=11/40 episode=16/30 sample=zero_boundary_034 soc=0.7999 fc=0
progress step=132850 round=11/40 episode=16/30 sample=zero_boundary_034 soc=0.7999 fc=0
progress step=132900 round=11/40 episode=16/30 sample=zero_boundary_034 soc=0.7999 fc=0
progress step=132950 round=11/40 episode=16/30 sample=zero_boundary_034 soc=0.7999 fc=0
progress step=133000 round=11/40 episode=16/30 sample=zero_boundary_034 soc=0.7999 fc=0
progress step=133050 round=11/40 episode=16/30 sample=zero_boundary_034 soc=0.7999 fc=0
progress step=133100 round=11/40 episode=16/30 sample=zero_boundary_034 soc=0.7999 fc=0
progress step=133150 round=11/40 episode=16/30 sample=zero_boundary_034 soc=0.7996 fc=50
progress step=133200 round=11/40 episode=17/30 sample=zero_boundary_037 soc=0.6735 fc=50
progress step=133250 round=11/40 episode=17/30 sample=zero_boundary_037 soc=0.6993 fc=450
progress step=133300 round=11/40 episode=17/30 sample=zero_boundary_037 soc=0.7553 fc=390
progress step=133350 round=11/40 episode=17/30 sample=zero_boundary_037 soc=0.7947 fc=390
progress step=133400 round=11/40 episode=17/30 sample=zero_boundary_037 soc=0.7714 fc=390
progress step=133450 round=11/40 episode=17/30 sample=zero_boundary_037 soc=0.7321 fc=390
progress step=133500 round=11/40 episode=17/30 sample=zero_boundary_037 soc=0.6051 fc=390
progress step=133550 round=11/40 episode=17/30 sample=zero_boundary_037 soc=0.6497 fc=100
progress step=133600 round=11/40 episode=17/30 sample=zero_boundary_037 soc=0.7965 fc=310
progress step=133650 round=11/40 episode=17/30 sample=zero_boundary_037 soc=0.7991 fc=0
progress step=133700 round=11/40 episode=17/30 sample=zero_boundary_037 soc=0.7991 fc=0
progress step=133750 round=11/40 episode=17/30 sample=zero_boundary_037 soc=0.7989 fc=40
progress step=133800 round=11/40 episode=17/30 sample=zero_boundary_037 soc=0.7987 fc=140
progress step=133850 round=11/40 episode=17/30 sample=zero_boundary_037 soc=0.7989 fc=150
progress step=133900 round=11/40 episode=17/30 sample=zero_boundary_037 soc=0.7987 fc=150
progress step=133950 round=11/40 episode=17/30 sample=zero_boundary_037 soc=0.7990 fc=100
progress step=134000 round=11/40 episode=17/30 sample=zero_boundary_037 soc=0.7987 fc=10
progress step=134050 round=11/40 episode=17/30 sample=zero_boundary_037 soc=0.7988 fc=50
progress step=134100 round=11/40 episode=17/30 sample=zero_boundary_037 soc=0.7995 fc=10
progress step=134150 round=11/40 episode=17/30 sample=zero_boundary_037 soc=0.7984 fc=50
progress step=134200 round=11/40 episode=17/30 sample=zero_boundary_037 soc=0.8000 fc=0
progress step=134250 round=11/40 episode=17/30 sample=zero_boundary_037 soc=0.8000 fc=0
progress step=134300 round=11/40 episode=17/30 sample=zero_boundary_037 soc=0.7998 fc=10
progress step=134350 round=11/40 episode=17/30 sample=zero_boundary_037 soc=0.7992 fc=80
progress step=134400 round=11/40 episode=17/30 sample=zero_boundary_037 soc=0.7998 fc=140
progress step=134450 round=11/40 episode=17/30 sample=zero_boundary_037 soc=0.7993 fc=20
progress step=134500 round=11/40 episode=17/30 sample=zero_boundary_037 soc=0.7990 fc=120
progress step=134550 round=11/40 episode=17/30 sample=zero_boundary_037 soc=0.7997 fc=40
progress step=134600 round=11/40 episode=17/30 sample=zero_boundary_037 soc=0.7996 fc=40
progress step=134650 round=11/40 episode=17/30 sample=zero_boundary_037 soc=0.7999 fc=30
progress step=134700 round=11/40 episode=17/30 sample=zero_boundary_037 soc=0.7996 fc=10
progress step=134750 round=11/40 episode=17/30 sample=zero_boundary_037 soc=0.7999 fc=30
progress step=134800 round=11/40 episode=17/30 sample=zero_boundary_037 soc=0.7995 fc=0
progress step=134850 round=11/40 episode=17/30 sample=zero_boundary_037 soc=0.7995 fc=30
progress step=134900 round=11/40 episode=17/30 sample=zero_boundary_037 soc=0.7998 fc=20
progress step=134950 round=11/40 episode=17/30 sample=zero_boundary_037 soc=0.7994 fc=70
progress step=135000 round=11/40 episode=17/30 sample=zero_boundary_037 soc=0.7999 fc=50
progress step=135050 round=11/40 episode=17/30 sample=zero_boundary_037 soc=0.7999 fc=10
progress step=135100 round=11/40 episode=18/30 sample=zero_boundary_038 soc=0.7107 fc=320
progress step=135150 round=11/40 episode=18/30 sample=zero_boundary_038 soc=0.6759 fc=300
progress step=135200 round=11/40 episode=18/30 sample=zero_boundary_038 soc=0.6542 fc=140
progress step=135250 round=11/40 episode=18/30 sample=zero_boundary_038 soc=0.5798 fc=280
progress step=135300 round=11/40 episode=18/30 sample=zero_boundary_038 soc=0.4742 fc=150
progress step=135350 round=11/40 episode=18/30 sample=zero_boundary_038 soc=0.4342 fc=200
progress step=135400 round=11/40 episode=18/30 sample=zero_boundary_038 soc=0.5844 fc=150
progress step=135450 round=11/40 episode=18/30 sample=zero_boundary_038 soc=0.7427 fc=390
progress step=135500 round=11/40 episode=18/30 sample=zero_boundary_038 soc=0.8000 fc=10
progress step=135550 round=11/40 episode=18/30 sample=zero_boundary_038 soc=0.7889 fc=590
progress step=135600 round=11/40 episode=18/30 sample=zero_boundary_038 soc=0.7501 fc=60
progress step=135650 round=11/40 episode=18/30 sample=zero_boundary_038 soc=0.6885 fc=390
progress step=135700 round=11/40 episode=18/30 sample=zero_boundary_038 soc=0.6347 fc=420
progress step=135750 round=11/40 episode=18/30 sample=zero_boundary_038 soc=0.7334 fc=580
progress step=135800 round=11/40 episode=19/30 sample=zero_boundary_040 soc=0.5964 fc=180
progress step=135850 round=11/40 episode=19/30 sample=zero_boundary_040 soc=0.5413 fc=240
progress step=135900 round=11/40 episode=19/30 sample=zero_boundary_040 soc=0.5187 fc=80
progress step=135950 round=11/40 episode=19/30 sample=zero_boundary_040 soc=0.4459 fc=520
progress step=136000 round=11/40 episode=19/30 sample=zero_boundary_040 soc=0.4762 fc=390
progress step=136050 round=11/40 episode=19/30 sample=zero_boundary_040 soc=0.4959 fc=390
progress step=136100 round=11/40 episode=19/30 sample=zero_boundary_040 soc=0.6560 fc=590
progress step=136150 round=11/40 episode=19/30 sample=zero_boundary_040 soc=0.6608 fc=510
progress step=136200 round=11/40 episode=19/30 sample=zero_boundary_040 soc=0.5908 fc=390
progress step=136250 round=11/40 episode=19/30 sample=zero_boundary_040 soc=0.5742 fc=60
progress step=136300 round=11/40 episode=20/30 sample=zero_boundary_041 soc=0.6004 fc=390
progress step=136350 round=11/40 episode=20/30 sample=zero_boundary_041 soc=0.4834 fc=370
progress step=136400 round=11/40 episode=20/30 sample=zero_boundary_041 soc=0.2118 fc=0
progress step=136450 round=11/40 episode=21/30 sample=zero_boundary_042 soc=0.6954 fc=120
progress step=136500 round=11/40 episode=21/30 sample=zero_boundary_042 soc=0.5640 fc=540
progress step=136550 round=11/40 episode=21/30 sample=zero_boundary_042 soc=0.3454 fc=270
progress step=136600 round=11/40 episode=21/30 sample=zero_boundary_042 soc=0.2000 fc=570
progress step=136650 round=11/40 episode=21/30 sample=zero_boundary_042 soc=0.2006 fc=470
progress step=136700 round=11/40 episode=21/30 sample=zero_boundary_042 soc=0.2997 fc=390
progress step=136750 round=11/40 episode=21/30 sample=zero_boundary_042 soc=0.2001 fc=570
progress step=136800 round=11/40 episode=22/30 sample=zero_boundary_044 soc=0.6574 fc=400
progress step=136850 round=11/40 episode=22/30 sample=zero_boundary_044 soc=0.5299 fc=550
progress step=136900 round=11/40 episode=22/30 sample=zero_boundary_044 soc=0.2885 fc=150
progress step=136950 round=11/40 episode=23/30 sample=zero_boundary_045 soc=0.7056 fc=420
progress step=137000 round=11/40 episode=23/30 sample=zero_boundary_045 soc=0.6636 fc=460
progress step=137050 round=11/40 episode=23/30 sample=zero_boundary_045 soc=0.6035 fc=400
progress step=137100 round=11/40 episode=23/30 sample=zero_boundary_045 soc=0.4164 fc=430
progress step=137150 round=11/40 episode=23/30 sample=zero_boundary_045 soc=0.2431 fc=560
progress step=137200 round=11/40 episode=23/30 sample=zero_boundary_045 soc=0.2057 fc=280
progress step=137250 round=11/40 episode=24/30 sample=zero_boundary_046 soc=0.6118 fc=70
progress step=137300 round=11/40 episode=24/30 sample=zero_boundary_046 soc=0.4916 fc=430
progress step=137350 round=11/40 episode=24/30 sample=zero_boundary_046 soc=0.2796 fc=230
progress step=137400 round=11/40 episode=25/30 sample=zero_boundary_048 soc=0.6795 fc=540
progress step=137450 round=11/40 episode=25/30 sample=zero_boundary_048 soc=0.5688 fc=220
progress step=137500 round=11/40 episode=25/30 sample=zero_boundary_048 soc=0.4438 fc=460
progress step=137550 round=11/40 episode=25/30 sample=zero_boundary_048 soc=0.4395 fc=160
progress step=137600 round=11/40 episode=25/30 sample=zero_boundary_048 soc=0.5101 fc=60
progress step=137650 round=11/40 episode=25/30 sample=zero_boundary_048 soc=0.5678 fc=540
progress step=137700 round=11/40 episode=26/30 sample=zero_boundary_049 soc=0.7018 fc=550
progress step=137750 round=11/40 episode=26/30 sample=zero_boundary_049 soc=0.7252 fc=320
progress step=137800 round=11/40 episode=26/30 sample=zero_boundary_049 soc=0.7330 fc=390
progress step=137850 round=11/40 episode=26/30 sample=zero_boundary_049 soc=0.7164 fc=50
progress step=137900 round=11/40 episode=26/30 sample=zero_boundary_049 soc=0.7750 fc=530
progress step=137950 round=11/40 episode=27/30 sample=zero_boundary_050 soc=0.6479 fc=330
progress step=138000 round=11/40 episode=27/30 sample=zero_boundary_050 soc=0.5998 fc=330
progress step=138050 round=11/40 episode=27/30 sample=zero_boundary_050 soc=0.4537 fc=330
progress step=138100 round=11/40 episode=27/30 sample=zero_boundary_050 soc=0.3246 fc=490
progress step=138150 round=11/40 episode=28/30 sample=zero_boundary_051 soc=0.6235 fc=570
progress step=138200 round=11/40 episode=28/30 sample=zero_boundary_051 soc=0.6231 fc=100
progress step=138250 round=11/40 episode=28/30 sample=zero_boundary_051 soc=0.6262 fc=310
progress step=138300 round=11/40 episode=29/30 sample=zero_boundary_052 soc=0.6662 fc=540
progress step=138350 round=11/40 episode=29/30 sample=zero_boundary_052 soc=0.5662 fc=370
progress step=138400 round=11/40 episode=29/30 sample=zero_boundary_052 soc=0.3436 fc=220
progress step=138450 round=11/40 episode=29/30 sample=zero_boundary_052 soc=0.3949 fc=330
progress step=138500 round=11/40 episode=29/30 sample=zero_boundary_052 soc=0.5275 fc=40
progress step=138550 round=11/40 episode=30/30 sample=zero_boundary_053 soc=0.7335 fc=320
progress step=138600 round=11/40 episode=30/30 sample=zero_boundary_053 soc=0.6652 fc=80
progress step=138650 round=11/40 episode=30/30 sample=zero_boundary_053 soc=0.5528 fc=360
progress step=138700 round=11/40 episode=30/30 sample=zero_boundary_053 soc=0.6532 fc=320
progress step=138750 round=11/40 episode=30/30 sample=zero_boundary_053 soc=0.7096 fc=430
round 11/40 exploratory=20/30 greedy_train start
MONITOR round=11 exploratory=20/30 greedy_train=20/30 validation=SKIPPED cost=None updates=8787 best_round=7
round 12/40 start epsilon=0.7321
progress step=138800 round=12/40 episode=1/30 sample=zero_boundary_002 soc=0.7002 fc=160
progress step=138850 round=12/40 episode=1/30 sample=zero_boundary_002 soc=0.6213 fc=10
progress step=138900 round=12/40 episode=1/30 sample=zero_boundary_002 soc=0.2922 fc=240
progress step=138950 round=12/40 episode=1/30 sample=zero_boundary_002 soc=0.4866 fc=10
progress step=139000 round=12/40 episode=1/30 sample=zero_boundary_002 soc=0.3949 fc=150
progress step=139050 round=12/40 episode=1/30 sample=zero_boundary_002 soc=0.4997 fc=330
progress step=139100 round=12/40 episode=2/30 sample=zero_boundary_005 soc=0.6567 fc=190
progress step=139150 round=12/40 episode=2/30 sample=zero_boundary_005 soc=0.6025 fc=330
progress step=139200 round=12/40 episode=2/30 sample=zero_boundary_005 soc=0.5615 fc=400
progress step=139250 round=12/40 episode=2/30 sample=zero_boundary_005 soc=0.5187 fc=0
progress step=139300 round=12/40 episode=2/30 sample=zero_boundary_005 soc=0.3863 fc=330
progress step=139350 round=12/40 episode=2/30 sample=zero_boundary_005 soc=0.4091 fc=330
progress step=139400 round=12/40 episode=3/30 sample=zero_boundary_006 soc=0.7064 fc=330
progress step=139450 round=12/40 episode=3/30 sample=zero_boundary_006 soc=0.7995 fc=170
progress step=139500 round=12/40 episode=3/30 sample=zero_boundary_006 soc=0.7979 fc=180
progress step=139550 round=12/40 episode=3/30 sample=zero_boundary_006 soc=0.7985 fc=180
progress step=139600 round=12/40 episode=3/30 sample=zero_boundary_006 soc=0.7998 fc=60
progress step=139650 round=12/40 episode=3/30 sample=zero_boundary_006 soc=0.7981 fc=50
progress step=139700 round=12/40 episode=3/30 sample=zero_boundary_006 soc=0.7965 fc=360
progress step=139750 round=12/40 episode=4/30 sample=zero_boundary_007 soc=0.6524 fc=190
progress step=139800 round=12/40 episode=4/30 sample=zero_boundary_007 soc=0.5660 fc=500
progress step=139850 round=12/40 episode=4/30 sample=zero_boundary_007 soc=0.6040 fc=370
progress step=139900 round=12/40 episode=4/30 sample=zero_boundary_007 soc=0.6439 fc=590
progress step=139950 round=12/40 episode=4/30 sample=zero_boundary_007 soc=0.6625 fc=530
progress step=140000 round=12/40 episode=4/30 sample=zero_boundary_007 soc=0.7025 fc=150
progress step=140050 round=12/40 episode=5/30 sample=zero_boundary_008 soc=0.5347 fc=590
progress step=140100 round=12/40 episode=6/30 sample=zero_boundary_011 soc=0.6464 fc=40
progress step=140150 round=12/40 episode=6/30 sample=zero_boundary_011 soc=0.7974 fc=280
progress step=140200 round=12/40 episode=6/30 sample=zero_boundary_011 soc=0.6989 fc=330
progress step=140250 round=12/40 episode=6/30 sample=zero_boundary_011 soc=0.5316 fc=320
progress step=140300 round=12/40 episode=6/30 sample=zero_boundary_011 soc=0.4191 fc=200
progress step=140350 round=12/40 episode=6/30 sample=zero_boundary_011 soc=0.2861 fc=250
progress step=140400 round=12/40 episode=6/30 sample=zero_boundary_011 soc=0.3631 fc=100
progress step=140450 round=12/40 episode=6/30 sample=zero_boundary_011 soc=0.5327 fc=330
progress step=140500 round=12/40 episode=6/30 sample=zero_boundary_011 soc=0.7199 fc=370
progress step=140550 round=12/40 episode=6/30 sample=zero_boundary_011 soc=0.7998 fc=40
progress step=140600 round=12/40 episode=6/30 sample=zero_boundary_011 soc=0.7824 fc=400
progress step=140650 round=12/40 episode=6/30 sample=zero_boundary_011 soc=0.7944 fc=380
progress step=140700 round=12/40 episode=6/30 sample=zero_boundary_011 soc=0.7957 fc=330
progress step=140750 round=12/40 episode=6/30 sample=zero_boundary_011 soc=0.7999 fc=280
progress step=140800 round=12/40 episode=6/30 sample=zero_boundary_011 soc=0.7594 fc=100
progress step=140850 round=12/40 episode=7/30 sample=zero_boundary_013 soc=0.6478 fc=320
progress step=140900 round=12/40 episode=7/30 sample=zero_boundary_013 soc=0.7675 fc=90
progress step=140950 round=12/40 episode=7/30 sample=zero_boundary_013 soc=0.7689 fc=420
progress step=141000 round=12/40 episode=7/30 sample=zero_boundary_013 soc=0.7082 fc=330
progress step=141050 round=12/40 episode=7/30 sample=zero_boundary_013 soc=0.7758 fc=330
progress step=141100 round=12/40 episode=7/30 sample=zero_boundary_013 soc=0.7974 fc=30
progress step=141150 round=12/40 episode=7/30 sample=zero_boundary_013 soc=0.7994 fc=0
progress step=141200 round=12/40 episode=8/30 sample=zero_boundary_015 soc=0.6613 fc=160
progress step=141250 round=12/40 episode=8/30 sample=zero_boundary_015 soc=0.6412 fc=150
progress step=141300 round=12/40 episode=8/30 sample=zero_boundary_015 soc=0.4551 fc=450
progress step=141350 round=12/40 episode=9/30 sample=zero_boundary_016 soc=0.7163 fc=10
progress step=141400 round=12/40 episode=9/30 sample=zero_boundary_016 soc=0.7664 fc=10
progress step=141450 round=12/40 episode=9/30 sample=zero_boundary_016 soc=0.6054 fc=360
progress step=141500 round=12/40 episode=9/30 sample=zero_boundary_016 soc=0.4010 fc=290
progress step=141550 round=12/40 episode=10/30 sample=zero_boundary_017 soc=0.6205 fc=450
progress step=141600 round=12/40 episode=10/30 sample=zero_boundary_017 soc=0.4504 fc=330
progress step=141650 round=12/40 episode=11/30 sample=zero_boundary_020 soc=0.6042 fc=270
progress step=141700 round=12/40 episode=11/30 sample=zero_boundary_020 soc=0.6183 fc=290
progress step=141750 round=12/40 episode=11/30 sample=zero_boundary_020 soc=0.6619 fc=570
progress step=141800 round=12/40 episode=12/30 sample=zero_boundary_021 soc=0.7272 fc=0
progress step=141850 round=12/40 episode=12/30 sample=zero_boundary_021 soc=0.7940 fc=130
progress step=141900 round=12/40 episode=12/30 sample=zero_boundary_021 soc=0.6795 fc=250
progress step=141950 round=12/40 episode=12/30 sample=zero_boundary_021 soc=0.5502 fc=290
progress step=142000 round=12/40 episode=13/30 sample=zero_boundary_022 soc=0.6000 fc=460
progress step=142050 round=12/40 episode=13/30 sample=zero_boundary_022 soc=0.6435 fc=150
progress step=142100 round=12/40 episode=13/30 sample=zero_boundary_022 soc=0.6653 fc=120
progress step=142150 round=12/40 episode=13/30 sample=zero_boundary_022 soc=0.7196 fc=580
progress step=142200 round=12/40 episode=14/30 sample=zero_boundary_029 soc=0.6741 fc=370
progress step=142250 round=12/40 episode=14/30 sample=zero_boundary_029 soc=0.7596 fc=240
progress step=142300 round=12/40 episode=14/30 sample=zero_boundary_029 soc=0.7310 fc=560
progress step=142350 round=12/40 episode=14/30 sample=zero_boundary_029 soc=0.7383 fc=330
progress step=142400 round=12/40 episode=14/30 sample=zero_boundary_029 soc=0.7984 fc=0
progress step=142450 round=12/40 episode=14/30 sample=zero_boundary_029 soc=0.7989 fc=240
progress step=142500 round=12/40 episode=14/30 sample=zero_boundary_029 soc=0.7957 fc=100
progress step=142550 round=12/40 episode=14/30 sample=zero_boundary_029 soc=0.7999 fc=0
progress step=142600 round=12/40 episode=14/30 sample=zero_boundary_029 soc=0.7999 fc=0
progress step=142650 round=12/40 episode=14/30 sample=zero_boundary_029 soc=0.7999 fc=0
progress step=142700 round=12/40 episode=14/30 sample=zero_boundary_029 soc=0.7999 fc=0
progress step=142750 round=12/40 episode=14/30 sample=zero_boundary_029 soc=0.7999 fc=0
progress step=142800 round=12/40 episode=14/30 sample=zero_boundary_029 soc=0.7999 fc=0
progress step=142850 round=12/40 episode=14/30 sample=zero_boundary_029 soc=0.7999 fc=0
progress step=142900 round=12/40 episode=14/30 sample=zero_boundary_029 soc=0.7999 fc=0
progress step=142950 round=12/40 episode=14/30 sample=zero_boundary_029 soc=0.7999 fc=0
progress step=143000 round=12/40 episode=14/30 sample=zero_boundary_029 soc=0.7999 fc=0
progress step=143050 round=12/40 episode=14/30 sample=zero_boundary_029 soc=0.7999 fc=0
progress step=143100 round=12/40 episode=14/30 sample=zero_boundary_029 soc=0.7933 fc=280
progress step=143150 round=12/40 episode=14/30 sample=zero_boundary_029 soc=0.7953 fc=30
progress step=143200 round=12/40 episode=14/30 sample=zero_boundary_029 soc=0.7729 fc=430
progress step=143250 round=12/40 episode=15/30 sample=zero_boundary_033 soc=0.6109 fc=590
progress step=143300 round=12/40 episode=15/30 sample=zero_boundary_033 soc=0.7510 fc=140
progress step=143350 round=12/40 episode=15/30 sample=zero_boundary_033 soc=0.7527 fc=170
progress step=143400 round=12/40 episode=15/30 sample=zero_boundary_033 soc=0.7335 fc=410
progress step=143450 round=12/40 episode=15/30 sample=zero_boundary_033 soc=0.7043 fc=390
progress step=143500 round=12/40 episode=15/30 sample=zero_boundary_033 soc=0.7634 fc=550
progress step=143550 round=12/40 episode=15/30 sample=zero_boundary_033 soc=0.6411 fc=140
progress step=143600 round=12/40 episode=15/30 sample=zero_boundary_033 soc=0.7357 fc=390
progress step=143650 round=12/40 episode=15/30 sample=zero_boundary_033 soc=0.7999 fc=0
progress step=143700 round=12/40 episode=15/30 sample=zero_boundary_033 soc=0.7999 fc=0
progress step=143750 round=12/40 episode=15/30 sample=zero_boundary_033 soc=0.7999 fc=0
progress step=143800 round=12/40 episode=15/30 sample=zero_boundary_033 soc=0.7999 fc=0
progress step=143850 round=12/40 episode=15/30 sample=zero_boundary_033 soc=0.7999 fc=0
progress step=143900 round=12/40 episode=15/30 sample=zero_boundary_033 soc=0.7999 fc=0
progress step=143950 round=12/40 episode=15/30 sample=zero_boundary_033 soc=0.8000 fc=0
progress step=144000 round=12/40 episode=15/30 sample=zero_boundary_033 soc=0.7995 fc=0
progress step=144050 round=12/40 episode=15/30 sample=zero_boundary_033 soc=0.7988 fc=90
progress step=144100 round=12/40 episode=15/30 sample=zero_boundary_033 soc=0.7988 fc=30
progress step=144150 round=12/40 episode=15/30 sample=zero_boundary_033 soc=0.7997 fc=40
progress step=144200 round=12/40 episode=15/30 sample=zero_boundary_033 soc=0.7998 fc=20
progress step=144250 round=12/40 episode=16/30 sample=zero_boundary_034 soc=0.7179 fc=400
progress step=144300 round=12/40 episode=16/30 sample=zero_boundary_034 soc=0.8000 fc=0
progress step=144350 round=12/40 episode=16/30 sample=zero_boundary_034 soc=0.8000 fc=0
progress step=144400 round=12/40 episode=16/30 sample=zero_boundary_034 soc=0.8000 fc=0
progress step=144450 round=12/40 episode=16/30 sample=zero_boundary_034 soc=0.8000 fc=0
progress step=144500 round=12/40 episode=16/30 sample=zero_boundary_034 soc=0.8000 fc=0
progress step=144550 round=12/40 episode=16/30 sample=zero_boundary_034 soc=0.8000 fc=0
progress step=144600 round=12/40 episode=16/30 sample=zero_boundary_034 soc=0.8000 fc=0
progress step=144650 round=12/40 episode=16/30 sample=zero_boundary_034 soc=0.8000 fc=0
progress step=144700 round=12/40 episode=16/30 sample=zero_boundary_034 soc=0.8000 fc=0
progress step=144750 round=12/40 episode=16/30 sample=zero_boundary_034 soc=0.8000 fc=0
progress step=144800 round=12/40 episode=16/30 sample=zero_boundary_034 soc=0.8000 fc=0
progress step=144850 round=12/40 episode=16/30 sample=zero_boundary_034 soc=0.8000 fc=0
progress step=144900 round=12/40 episode=16/30 sample=zero_boundary_034 soc=0.8000 fc=0
progress step=144950 round=12/40 episode=16/30 sample=zero_boundary_034 soc=0.8000 fc=0
progress step=145000 round=12/40 episode=16/30 sample=zero_boundary_034 soc=0.8000 fc=0
progress step=145050 round=12/40 episode=16/30 sample=zero_boundary_034 soc=0.8000 fc=0
progress step=145100 round=12/40 episode=16/30 sample=zero_boundary_034 soc=0.7996 fc=60
progress step=145150 round=12/40 episode=16/30 sample=zero_boundary_034 soc=0.7982 fc=190
progress step=145200 round=12/40 episode=16/30 sample=zero_boundary_034 soc=0.7997 fc=50
progress step=145250 round=12/40 episode=16/30 sample=zero_boundary_034 soc=0.7992 fc=210
progress step=145300 round=12/40 episode=16/30 sample=zero_boundary_034 soc=0.7980 fc=330
progress step=145350 round=12/40 episode=16/30 sample=zero_boundary_034 soc=0.7988 fc=140
progress step=145400 round=12/40 episode=16/30 sample=zero_boundary_034 soc=0.7999 fc=0
progress step=145450 round=12/40 episode=16/30 sample=zero_boundary_034 soc=0.8000 fc=0
progress step=145500 round=12/40 episode=16/30 sample=zero_boundary_034 soc=0.8000 fc=0
progress step=145550 round=12/40 episode=16/30 sample=zero_boundary_034 soc=0.8000 fc=0
progress step=145600 round=12/40 episode=16/30 sample=zero_boundary_034 soc=0.8000 fc=0
progress step=145650 round=12/40 episode=16/30 sample=zero_boundary_034 soc=0.8000 fc=0
progress step=145700 round=12/40 episode=16/30 sample=zero_boundary_034 soc=0.8000 fc=0
progress step=145750 round=12/40 episode=16/30 sample=zero_boundary_034 soc=0.8000 fc=0
progress step=145800 round=12/40 episode=16/30 sample=zero_boundary_034 soc=0.8000 fc=0
progress step=145850 round=12/40 episode=16/30 sample=zero_boundary_034 soc=0.7990 fc=100
progress step=145900 round=12/40 episode=17/30 sample=zero_boundary_037 soc=0.7037 fc=330
progress step=145950 round=12/40 episode=17/30 sample=zero_boundary_037 soc=0.7356 fc=330
progress step=146000 round=12/40 episode=17/30 sample=zero_boundary_037 soc=0.7910 fc=250
progress step=146050 round=12/40 episode=17/30 sample=zero_boundary_037 soc=0.7983 fc=330
progress step=146100 round=12/40 episode=17/30 sample=zero_boundary_037 soc=0.7911 fc=570
progress step=146150 round=12/40 episode=17/30 sample=zero_boundary_037 soc=0.7087 fc=330
progress step=146200 round=12/40 episode=17/30 sample=zero_boundary_037 soc=0.5676 fc=330
progress step=146250 round=12/40 episode=17/30 sample=zero_boundary_037 soc=0.6991 fc=430
progress step=146300 round=12/40 episode=17/30 sample=zero_boundary_037 soc=0.7992 fc=80
progress step=146350 round=12/40 episode=17/30 sample=zero_boundary_037 soc=0.7978 fc=180
progress step=146400 round=12/40 episode=17/30 sample=zero_boundary_037 soc=0.7984 fc=30
progress step=146450 round=12/40 episode=17/30 sample=zero_boundary_037 soc=0.7984 fc=50
progress step=146500 round=12/40 episode=17/30 sample=zero_boundary_037 soc=0.7987 fc=80
progress step=146550 round=12/40 episode=17/30 sample=zero_boundary_037 soc=0.7990 fc=60
progress step=146600 round=12/40 episode=17/30 sample=zero_boundary_037 soc=0.8000 fc=0
progress step=146650 round=12/40 episode=17/30 sample=zero_boundary_037 soc=0.7984 fc=10
progress step=146700 round=12/40 episode=17/30 sample=zero_boundary_037 soc=0.7995 fc=40
progress step=146750 round=12/40 episode=17/30 sample=zero_boundary_037 soc=0.7996 fc=30
progress step=146800 round=12/40 episode=17/30 sample=zero_boundary_037 soc=0.7998 fc=70
progress step=146850 round=12/40 episode=17/30 sample=zero_boundary_037 soc=0.7994 fc=20
progress step=146900 round=12/40 episode=17/30 sample=zero_boundary_037 soc=0.7999 fc=0
progress step=146950 round=12/40 episode=17/30 sample=zero_boundary_037 soc=0.7999 fc=0
progress step=147000 round=12/40 episode=17/30 sample=zero_boundary_037 soc=0.7999 fc=70
progress step=147050 round=12/40 episode=17/30 sample=zero_boundary_037 soc=0.7991 fc=0
progress step=147100 round=12/40 episode=17/30 sample=zero_boundary_037 soc=0.7991 fc=140
progress step=147150 round=12/40 episode=17/30 sample=zero_boundary_037 soc=0.7994 fc=30
progress step=147200 round=12/40 episode=17/30 sample=zero_boundary_037 soc=0.7989 fc=0
progress step=147250 round=12/40 episode=17/30 sample=zero_boundary_037 soc=0.7985 fc=140
progress step=147300 round=12/40 episode=17/30 sample=zero_boundary_037 soc=0.7994 fc=10
progress step=147350 round=12/40 episode=17/30 sample=zero_boundary_037 soc=0.7999 fc=30
progress step=147400 round=12/40 episode=17/30 sample=zero_boundary_037 soc=0.7997 fc=40
progress step=147450 round=12/40 episode=17/30 sample=zero_boundary_037 soc=0.7988 fc=20
progress step=147500 round=12/40 episode=17/30 sample=zero_boundary_037 soc=0.7993 fc=40
progress step=147550 round=12/40 episode=17/30 sample=zero_boundary_037 soc=0.7994 fc=0
progress step=147600 round=12/40 episode=17/30 sample=zero_boundary_037 soc=0.7998 fc=30
progress step=147650 round=12/40 episode=17/30 sample=zero_boundary_037 soc=0.7989 fc=20
progress step=147700 round=12/40 episode=17/30 sample=zero_boundary_037 soc=0.7997 fc=10
progress step=147750 round=12/40 episode=17/30 sample=zero_boundary_037 soc=0.7999 fc=10
progress step=147800 round=12/40 episode=18/30 sample=zero_boundary_038 soc=0.6582 fc=70
progress step=147850 round=12/40 episode=18/30 sample=zero_boundary_038 soc=0.5682 fc=20
progress step=147900 round=12/40 episode=18/30 sample=zero_boundary_038 soc=0.5490 fc=490
progress step=147950 round=12/40 episode=18/30 sample=zero_boundary_038 soc=0.4270 fc=540
progress step=148000 round=12/40 episode=18/30 sample=zero_boundary_038 soc=0.3213 fc=120
progress step=148050 round=12/40 episode=18/30 sample=zero_boundary_038 soc=0.3256 fc=460
progress step=148100 round=12/40 episode=18/30 sample=zero_boundary_038 soc=0.4982 fc=360
progress step=148150 round=12/40 episode=18/30 sample=zero_boundary_038 soc=0.6704 fc=570
progress step=148200 round=12/40 episode=18/30 sample=zero_boundary_038 soc=0.7986 fc=40
progress step=148250 round=12/40 episode=18/30 sample=zero_boundary_038 soc=0.7662 fc=270
progress step=148300 round=12/40 episode=18/30 sample=zero_boundary_038 soc=0.7027 fc=340
progress step=148350 round=12/40 episode=18/30 sample=zero_boundary_038 soc=0.6792 fc=360
progress step=148400 round=12/40 episode=18/30 sample=zero_boundary_038 soc=0.6424 fc=260
progress step=148450 round=12/40 episode=18/30 sample=zero_boundary_038 soc=0.7693 fc=530
progress step=148500 round=12/40 episode=19/30 sample=zero_boundary_040 soc=0.6288 fc=340
progress step=148550 round=12/40 episode=19/30 sample=zero_boundary_040 soc=0.5482 fc=400
progress step=148600 round=12/40 episode=19/30 sample=zero_boundary_040 soc=0.5072 fc=330
progress step=148650 round=12/40 episode=19/30 sample=zero_boundary_040 soc=0.4824 fc=280
progress step=148700 round=12/40 episode=19/30 sample=zero_boundary_040 soc=0.4346 fc=30
progress step=148750 round=12/40 episode=19/30 sample=zero_boundary_040 soc=0.4340 fc=460
progress step=148800 round=12/40 episode=19/30 sample=zero_boundary_040 soc=0.6061 fc=330
progress step=148850 round=12/40 episode=19/30 sample=zero_boundary_040 soc=0.5644 fc=90
progress step=148900 round=12/40 episode=19/30 sample=zero_boundary_040 soc=0.4529 fc=480
progress step=148950 round=12/40 episode=19/30 sample=zero_boundary_040 soc=0.4513 fc=60
progress step=149000 round=12/40 episode=20/30 sample=zero_boundary_041 soc=0.5762 fc=340
progress step=149050 round=12/40 episode=20/30 sample=zero_boundary_041 soc=0.4645 fc=290
progress step=149100 round=12/40 episode=21/30 sample=zero_boundary_042 soc=0.6194 fc=100
progress step=149150 round=12/40 episode=21/30 sample=zero_boundary_042 soc=0.6922 fc=140
progress step=149200 round=12/40 episode=21/30 sample=zero_boundary_042 soc=0.5459 fc=100
progress step=149250 round=12/40 episode=21/30 sample=zero_boundary_042 soc=0.3066 fc=340
progress step=149300 round=12/40 episode=21/30 sample=zero_boundary_042 soc=0.2002 fc=550
progress step=149350 round=12/40 episode=21/30 sample=zero_boundary_042 soc=0.2011 fc=450
progress step=149400 round=12/40 episode=21/30 sample=zero_boundary_042 soc=0.2671 fc=400
progress step=149450 round=12/40 episode=22/30 sample=zero_boundary_044 soc=0.6266 fc=570
progress step=149500 round=12/40 episode=22/30 sample=zero_boundary_044 soc=0.6339 fc=50
progress step=149550 round=12/40 episode=22/30 sample=zero_boundary_044 soc=0.4752 fc=0
progress step=149600 round=12/40 episode=23/30 sample=zero_boundary_045 soc=0.6186 fc=340
progress step=149650 round=12/40 episode=23/30 sample=zero_boundary_045 soc=0.6650 fc=480
progress step=149700 round=12/40 episode=23/30 sample=zero_boundary_045 soc=0.5967 fc=310
progress step=149750 round=12/40 episode=23/30 sample=zero_boundary_045 soc=0.4944 fc=420
progress step=149800 round=12/40 episode=23/30 sample=zero_boundary_045 soc=0.2695 fc=520
progress step=149850 round=12/40 episode=24/30 sample=zero_boundary_046 soc=0.6024 fc=340
progress step=149900 round=12/40 episode=24/30 sample=zero_boundary_046 soc=0.4561 fc=550
progress step=149950 round=12/40 episode=24/30 sample=zero_boundary_046 soc=0.2221 fc=370
progress step=150000 round=12/40 episode=25/30 sample=zero_boundary_048 soc=0.6425 fc=340
progress step=150050 round=12/40 episode=25/30 sample=zero_boundary_048 soc=0.5004 fc=410
progress step=150100 round=12/40 episode=25/30 sample=zero_boundary_048 soc=0.3820 fc=340
progress step=150150 round=12/40 episode=25/30 sample=zero_boundary_048 soc=0.4842 fc=110
progress step=150200 round=12/40 episode=25/30 sample=zero_boundary_048 soc=0.4572 fc=500
progress step=150250 round=12/40 episode=26/30 sample=zero_boundary_049 soc=0.6195 fc=150
progress step=150300 round=12/40 episode=26/30 sample=zero_boundary_049 soc=0.7157 fc=310
progress step=150350 round=12/40 episode=26/30 sample=zero_boundary_049 soc=0.7167 fc=340
progress step=150400 round=12/40 episode=26/30 sample=zero_boundary_049 soc=0.7125 fc=200
progress step=150450 round=12/40 episode=26/30 sample=zero_boundary_049 soc=0.7543 fc=450
progress step=150500 round=12/40 episode=26/30 sample=zero_boundary_049 soc=0.7983 fc=80
progress step=150550 round=12/40 episode=27/30 sample=zero_boundary_050 soc=0.6637 fc=340
progress step=150600 round=12/40 episode=27/30 sample=zero_boundary_050 soc=0.5397 fc=110
progress step=150650 round=12/40 episode=27/30 sample=zero_boundary_050 soc=0.3892 fc=410
progress step=150700 round=12/40 episode=27/30 sample=zero_boundary_050 soc=0.2790 fc=310
progress step=150750 round=12/40 episode=28/30 sample=zero_boundary_051 soc=0.6480 fc=210
progress step=150800 round=12/40 episode=28/30 sample=zero_boundary_051 soc=0.6594 fc=180
progress step=150850 round=12/40 episode=28/30 sample=zero_boundary_051 soc=0.6945 fc=280
progress step=150900 round=12/40 episode=29/30 sample=zero_boundary_052 soc=0.7173 fc=340
progress step=150950 round=12/40 episode=29/30 sample=zero_boundary_052 soc=0.5387 fc=340
progress step=151000 round=12/40 episode=29/30 sample=zero_boundary_052 soc=0.4104 fc=470
progress step=151050 round=12/40 episode=29/30 sample=zero_boundary_052 soc=0.4657 fc=200
progress step=151100 round=12/40 episode=29/30 sample=zero_boundary_052 soc=0.6149 fc=320
progress step=151150 round=12/40 episode=30/30 sample=zero_boundary_053 soc=0.7118 fc=40
progress step=151200 round=12/40 episode=30/30 sample=zero_boundary_053 soc=0.5935 fc=380
progress step=151250 round=12/40 episode=30/30 sample=zero_boundary_053 soc=0.5602 fc=340
progress step=151300 round=12/40 episode=30/30 sample=zero_boundary_053 soc=0.6003 fc=70
progress step=151350 round=12/40 episode=30/30 sample=zero_boundary_053 soc=0.7067 fc=100
round 12/40 exploratory=20/30 greedy_train start
MONITOR round=12 exploratory=20/30 greedy_train=20/30 validation=SKIPPED cost=None updates=9486 best_round=7
round 13/40 start epsilon=0.7077
progress step=151400 round=13/40 episode=1/30 sample=zero_boundary_002 soc=0.7440 fc=560
progress step=151450 round=13/40 episode=1/30 sample=zero_boundary_002 soc=0.4714 fc=340
progress step=151500 round=13/40 episode=1/30 sample=zero_boundary_002 soc=0.3096 fc=240
progress step=151550 round=13/40 episode=1/30 sample=zero_boundary_002 soc=0.4160 fc=410
progress step=151600 round=13/40 episode=1/30 sample=zero_boundary_002 soc=0.4327 fc=340
progress step=151650 round=13/40 episode=1/30 sample=zero_boundary_002 soc=0.5660 fc=540
progress step=151700 round=13/40 episode=2/30 sample=zero_boundary_005 soc=0.6610 fc=410
progress step=151750 round=13/40 episode=2/30 sample=zero_boundary_005 soc=0.5399 fc=590
progress step=151800 round=13/40 episode=2/30 sample=zero_boundary_005 soc=0.5479 fc=0
progress step=151850 round=13/40 episode=2/30 sample=zero_boundary_005 soc=0.4851 fc=100
progress step=151900 round=13/40 episode=2/30 sample=zero_boundary_005 soc=0.3789 fc=390
progress step=151950 round=13/40 episode=2/30 sample=zero_boundary_005 soc=0.4269 fc=340
progress step=152000 round=13/40 episode=3/30 sample=zero_boundary_006 soc=0.7135 fc=290
progress step=152050 round=13/40 episode=3/30 sample=zero_boundary_006 soc=0.7903 fc=390
progress step=152100 round=13/40 episode=3/30 sample=zero_boundary_006 soc=0.7988 fc=130
progress step=152150 round=13/40 episode=3/30 sample=zero_boundary_006 soc=0.7990 fc=0
progress step=152200 round=13/40 episode=3/30 sample=zero_boundary_006 soc=0.7977 fc=30
progress step=152250 round=13/40 episode=3/30 sample=zero_boundary_006 soc=0.7971 fc=340
progress step=152300 round=13/40 episode=3/30 sample=zero_boundary_006 soc=0.7992 fc=40
progress step=152350 round=13/40 episode=4/30 sample=zero_boundary_007 soc=0.6158 fc=410
progress step=152400 round=13/40 episode=4/30 sample=zero_boundary_007 soc=0.5446 fc=340
progress step=152450 round=13/40 episode=4/30 sample=zero_boundary_007 soc=0.5819 fc=340
progress step=152500 round=13/40 episode=4/30 sample=zero_boundary_007 soc=0.6236 fc=350
progress step=152550 round=13/40 episode=4/30 sample=zero_boundary_007 soc=0.6073 fc=100
progress step=152600 round=13/40 episode=5/30 sample=zero_boundary_008 soc=0.6466 fc=340
progress step=152650 round=13/40 episode=5/30 sample=zero_boundary_008 soc=0.4161 fc=170
progress step=152700 round=13/40 episode=6/30 sample=zero_boundary_011 soc=0.6911 fc=340
progress step=152750 round=13/40 episode=6/30 sample=zero_boundary_011 soc=0.7791 fc=30
progress step=152800 round=13/40 episode=6/30 sample=zero_boundary_011 soc=0.6617 fc=240
progress step=152850 round=13/40 episode=6/30 sample=zero_boundary_011 soc=0.5502 fc=490
progress step=152900 round=13/40 episode=6/30 sample=zero_boundary_011 soc=0.4147 fc=410
progress step=152950 round=13/40 episode=6/30 sample=zero_boundary_011 soc=0.3204 fc=170
progress step=153000 round=13/40 episode=6/30 sample=zero_boundary_011 soc=0.4877 fc=130
progress step=153050 round=13/40 episode=6/30 sample=zero_boundary_011 soc=0.6509 fc=210
progress step=153100 round=13/40 episode=6/30 sample=zero_boundary_011 soc=0.7994 fc=30
progress step=153150 round=13/40 episode=6/30 sample=zero_boundary_011 soc=0.7987 fc=60
progress step=153200 round=13/40 episode=6/30 sample=zero_boundary_011 soc=0.7964 fc=340
progress step=153250 round=13/40 episode=6/30 sample=zero_boundary_011 soc=0.7917 fc=340
progress step=153300 round=13/40 episode=6/30 sample=zero_boundary_011 soc=0.7979 fc=150
progress step=153350 round=13/40 episode=6/30 sample=zero_boundary_011 soc=0.7957 fc=330
progress step=153400 round=13/40 episode=6/30 sample=zero_boundary_011 soc=0.7603 fc=410
progress step=153450 round=13/40 episode=7/30 sample=zero_boundary_013 soc=0.7261 fc=390
progress step=153500 round=13/40 episode=7/30 sample=zero_boundary_013 soc=0.7929 fc=390
progress step=153550 round=13/40 episode=7/30 sample=zero_boundary_013 soc=0.7579 fc=390
progress step=153600 round=13/40 episode=7/30 sample=zero_boundary_013 soc=0.7472 fc=390
progress step=153650 round=13/40 episode=7/30 sample=zero_boundary_013 soc=0.7937 fc=200
progress step=153700 round=13/40 episode=7/30 sample=zero_boundary_013 soc=0.7953 fc=0
progress step=153750 round=13/40 episode=7/30 sample=zero_boundary_013 soc=0.7994 fc=50
progress step=153800 round=13/40 episode=8/30 sample=zero_boundary_015 soc=0.6614 fc=390
progress step=153850 round=13/40 episode=8/30 sample=zero_boundary_015 soc=0.6577 fc=450
progress step=153900 round=13/40 episode=8/30 sample=zero_boundary_015 soc=0.3255 fc=490
progress step=153950 round=13/40 episode=9/30 sample=zero_boundary_016 soc=0.7426 fc=30
progress step=154000 round=13/40 episode=9/30 sample=zero_boundary_016 soc=0.7361 fc=280
progress step=154050 round=13/40 episode=9/30 sample=zero_boundary_016 soc=0.5777 fc=570
progress step=154100 round=13/40 episode=9/30 sample=zero_boundary_016 soc=0.4037 fc=390
progress step=154150 round=13/40 episode=9/30 sample=zero_boundary_016 soc=0.2031 fc=440
progress step=154200 round=13/40 episode=10/30 sample=zero_boundary_017 soc=0.5834 fc=460
progress step=154250 round=13/40 episode=10/30 sample=zero_boundary_017 soc=0.3950 fc=380
progress step=154300 round=13/40 episode=11/30 sample=zero_boundary_020 soc=0.6782 fc=390
progress step=154350 round=13/40 episode=11/30 sample=zero_boundary_020 soc=0.6761 fc=390
progress step=154400 round=13/40 episode=12/30 sample=zero_boundary_021 soc=0.6099 fc=420
progress step=154450 round=13/40 episode=12/30 sample=zero_boundary_021 soc=0.7796 fc=460
progress step=154500 round=13/40 episode=12/30 sample=zero_boundary_021 soc=0.7620 fc=220
progress step=154550 round=13/40 episode=12/30 sample=zero_boundary_021 soc=0.6629 fc=210
progress step=154600 round=13/40 episode=12/30 sample=zero_boundary_021 soc=0.5708 fc=10
progress step=154650 round=13/40 episode=13/30 sample=zero_boundary_022 soc=0.6753 fc=100
progress step=154700 round=13/40 episode=13/30 sample=zero_boundary_022 soc=0.6287 fc=390
progress step=154750 round=13/40 episode=13/30 sample=zero_boundary_022 soc=0.6722 fc=390
progress step=154800 round=13/40 episode=13/30 sample=zero_boundary_022 soc=0.7936 fc=510
progress step=154850 round=13/40 episode=14/30 sample=zero_boundary_029 soc=0.7114 fc=10
progress step=154900 round=13/40 episode=14/30 sample=zero_boundary_029 soc=0.7266 fc=390
progress step=154950 round=13/40 episode=14/30 sample=zero_boundary_029 soc=0.7257 fc=390
progress step=155000 round=13/40 episode=14/30 sample=zero_boundary_029 soc=0.7461 fc=90
progress step=155050 round=13/40 episode=14/30 sample=zero_boundary_029 soc=0.7984 fc=130
progress step=155100 round=13/40 episode=14/30 sample=zero_boundary_029 soc=0.7999 fc=140
progress step=155150 round=13/40 episode=14/30 sample=zero_boundary_029 soc=0.7987 fc=110
progress step=155200 round=13/40 episode=14/30 sample=zero_boundary_029 soc=0.7999 fc=0
progress step=155250 round=13/40 episode=14/30 sample=zero_boundary_029 soc=0.7999 fc=0
progress step=155300 round=13/40 episode=14/30 sample=zero_boundary_029 soc=0.7999 fc=0
progress step=155350 round=13/40 episode=14/30 sample=zero_boundary_029 soc=0.7999 fc=0
progress step=155400 round=13/40 episode=14/30 sample=zero_boundary_029 soc=0.7999 fc=0
progress step=155450 round=13/40 episode=14/30 sample=zero_boundary_029 soc=0.7999 fc=0
progress step=155500 round=13/40 episode=14/30 sample=zero_boundary_029 soc=0.7999 fc=0
progress step=155550 round=13/40 episode=14/30 sample=zero_boundary_029 soc=0.7999 fc=0
progress step=155600 round=13/40 episode=14/30 sample=zero_boundary_029 soc=0.7999 fc=0
progress step=155650 round=13/40 episode=14/30 sample=zero_boundary_029 soc=0.7999 fc=0
progress step=155700 round=13/40 episode=14/30 sample=zero_boundary_029 soc=0.8000 fc=40
progress step=155750 round=13/40 episode=14/30 sample=zero_boundary_029 soc=0.7999 fc=60
progress step=155800 round=13/40 episode=14/30 sample=zero_boundary_029 soc=0.7984 fc=150
progress step=155850 round=13/40 episode=14/30 sample=zero_boundary_029 soc=0.7884 fc=190
progress step=155900 round=13/40 episode=15/30 sample=zero_boundary_033 soc=0.6874 fc=570
progress step=155950 round=13/40 episode=15/30 sample=zero_boundary_033 soc=0.7580 fc=340
progress step=156000 round=13/40 episode=15/30 sample=zero_boundary_033 soc=0.6939 fc=180
progress step=156050 round=13/40 episode=15/30 sample=zero_boundary_033 soc=0.6844 fc=450
progress step=156100 round=13/40 episode=15/30 sample=zero_boundary_033 soc=0.6470 fc=10
progress step=156150 round=13/40 episode=15/30 sample=zero_boundary_033 soc=0.5861 fc=330
progress step=156200 round=13/40 episode=15/30 sample=zero_boundary_033 soc=0.5044 fc=320
progress step=156250 round=13/40 episode=15/30 sample=zero_boundary_033 soc=0.6958 fc=380
progress step=156300 round=13/40 episode=15/30 sample=zero_boundary_033 soc=0.8000 fc=0
progress step=156350 round=13/40 episode=15/30 sample=zero_boundary_033 soc=0.8000 fc=0
progress step=156400 round=13/40 episode=15/30 sample=zero_boundary_033 soc=0.8000 fc=0
progress step=156450 round=13/40 episode=15/30 sample=zero_boundary_033 soc=0.7999 fc=0
progress step=156500 round=13/40 episode=15/30 sample=zero_boundary_033 soc=0.7999 fc=0
progress step=156550 round=13/40 episode=15/30 sample=zero_boundary_033 soc=0.7999 fc=0
progress step=156600 round=13/40 episode=15/30 sample=zero_boundary_033 soc=0.7999 fc=0
progress step=156650 round=13/40 episode=15/30 sample=zero_boundary_033 soc=0.7998 fc=40
progress step=156700 round=13/40 episode=15/30 sample=zero_boundary_033 soc=0.7995 fc=40
progress step=156750 round=13/40 episode=15/30 sample=zero_boundary_033 soc=0.7997 fc=30
progress step=156800 round=13/40 episode=15/30 sample=zero_boundary_033 soc=0.7995 fc=50
progress step=156850 round=13/40 episode=16/30 sample=zero_boundary_034 soc=0.6000 fc=390
progress step=156900 round=13/40 episode=16/30 sample=zero_boundary_034 soc=0.8000 fc=0
progress step=156950 round=13/40 episode=16/30 sample=zero_boundary_034 soc=0.8000 fc=0
progress step=157000 round=13/40 episode=16/30 sample=zero_boundary_034 soc=0.8000 fc=0
progress step=157050 round=13/40 episode=16/30 sample=zero_boundary_034 soc=0.8000 fc=0
progress step=157100 round=13/40 episode=16/30 sample=zero_boundary_034 soc=0.8000 fc=0
progress step=157150 round=13/40 episode=16/30 sample=zero_boundary_034 soc=0.8000 fc=0
progress step=157200 round=13/40 episode=16/30 sample=zero_boundary_034 soc=0.8000 fc=0
progress step=157250 round=13/40 episode=16/30 sample=zero_boundary_034 soc=0.8000 fc=0
progress step=157300 round=13/40 episode=16/30 sample=zero_boundary_034 soc=0.8000 fc=0
progress step=157350 round=13/40 episode=16/30 sample=zero_boundary_034 soc=0.8000 fc=0
progress step=157400 round=13/40 episode=16/30 sample=zero_boundary_034 soc=0.8000 fc=0
progress step=157450 round=13/40 episode=16/30 sample=zero_boundary_034 soc=0.8000 fc=0
progress step=157500 round=13/40 episode=16/30 sample=zero_boundary_034 soc=0.8000 fc=0
progress step=157550 round=13/40 episode=16/30 sample=zero_boundary_034 soc=0.8000 fc=0
progress step=157600 round=13/40 episode=16/30 sample=zero_boundary_034 soc=0.8000 fc=0
progress step=157650 round=13/40 episode=16/30 sample=zero_boundary_034 soc=0.8000 fc=0
progress step=157700 round=13/40 episode=16/30 sample=zero_boundary_034 soc=0.8000 fc=0
progress step=157750 round=13/40 episode=16/30 sample=zero_boundary_034 soc=0.7994 fc=120
progress step=157800 round=13/40 episode=16/30 sample=zero_boundary_034 soc=0.7986 fc=40
progress step=157850 round=13/40 episode=16/30 sample=zero_boundary_034 soc=0.7956 fc=390
progress step=157900 round=13/40 episode=16/30 sample=zero_boundary_034 soc=0.7973 fc=100
progress step=157950 round=13/40 episode=16/30 sample=zero_boundary_034 soc=0.7973 fc=390
progress step=158000 round=13/40 episode=16/30 sample=zero_boundary_034 soc=0.7985 fc=80
progress step=158050 round=13/40 episode=16/30 sample=zero_boundary_034 soc=0.7999 fc=0
progress step=158100 round=13/40 episode=16/30 sample=zero_boundary_034 soc=0.7999 fc=0
progress step=158150 round=13/40 episode=16/30 sample=zero_boundary_034 soc=0.7999 fc=0
progress step=158200 round=13/40 episode=16/30 sample=zero_boundary_034 soc=0.7999 fc=0
progress step=158250 round=13/40 episode=16/30 sample=zero_boundary_034 soc=0.7999 fc=0
progress step=158300 round=13/40 episode=16/30 sample=zero_boundary_034 soc=0.7999 fc=0
progress step=158350 round=13/40 episode=16/30 sample=zero_boundary_034 soc=0.7999 fc=0
progress step=158400 round=13/40 episode=16/30 sample=zero_boundary_034 soc=0.7999 fc=0
progress step=158450 round=13/40 episode=16/30 sample=zero_boundary_034 soc=0.7999 fc=0
progress step=158500 round=13/40 episode=17/30 sample=zero_boundary_037 soc=0.6362 fc=350
progress step=158550 round=13/40 episode=17/30 sample=zero_boundary_037 soc=0.7243 fc=120
progress step=158600 round=13/40 episode=17/30 sample=zero_boundary_037 soc=0.7535 fc=550
progress step=158650 round=13/40 episode=17/30 sample=zero_boundary_037 soc=0.7966 fc=100
progress step=158700 round=13/40 episode=17/30 sample=zero_boundary_037 soc=0.7928 fc=390
progress step=158750 round=13/40 episode=17/30 sample=zero_boundary_037 soc=0.7797 fc=200
progress step=158800 round=13/40 episode=17/30 sample=zero_boundary_037 soc=0.7037 fc=420
progress step=158850 round=13/40 episode=17/30 sample=zero_boundary_037 soc=0.6713 fc=380
progress step=158900 round=13/40 episode=17/30 sample=zero_boundary_037 soc=0.8000 fc=50
progress step=158950 round=13/40 episode=17/30 sample=zero_boundary_037 soc=0.7975 fc=240
progress step=159000 round=13/40 episode=17/30 sample=zero_boundary_037 soc=0.7989 fc=60
progress step=159050 round=13/40 episode=17/30 sample=zero_boundary_037 soc=0.7978 fc=110
progress step=159100 round=13/40 episode=17/30 sample=zero_boundary_037 soc=0.7990 fc=30
progress step=159150 round=13/40 episode=17/30 sample=zero_boundary_037 soc=0.7993 fc=30
progress step=159200 round=13/40 episode=17/30 sample=zero_boundary_037 soc=0.7999 fc=20
progress step=159250 round=13/40 episode=17/30 sample=zero_boundary_037 soc=0.8000 fc=20
progress step=159300 round=13/40 episode=17/30 sample=zero_boundary_037 soc=0.7984 fc=20
progress step=159350 round=13/40 episode=17/30 sample=zero_boundary_037 soc=0.7992 fc=60
progress step=159400 round=13/40 episode=17/30 sample=zero_boundary_037 soc=0.7997 fc=10
progress step=159450 round=13/40 episode=17/30 sample=zero_boundary_037 soc=0.7996 fc=80
progress step=159500 round=13/40 episode=17/30 sample=zero_boundary_037 soc=0.7999 fc=0
progress step=159550 round=13/40 episode=17/30 sample=zero_boundary_037 soc=0.7999 fc=0
progress step=159600 round=13/40 episode=17/30 sample=zero_boundary_037 soc=0.7999 fc=0
progress step=159650 round=13/40 episode=17/30 sample=zero_boundary_037 soc=0.7998 fc=30
progress step=159700 round=13/40 episode=17/30 sample=zero_boundary_037 soc=0.7992 fc=80
progress step=159750 round=13/40 episode=17/30 sample=zero_boundary_037 soc=0.7996 fc=30
progress step=159800 round=13/40 episode=17/30 sample=zero_boundary_037 soc=0.7999 fc=30
progress step=159850 round=13/40 episode=17/30 sample=zero_boundary_037 soc=0.7998 fc=30
progress step=159900 round=13/40 episode=17/30 sample=zero_boundary_037 soc=0.7984 fc=130
progress step=159950 round=13/40 episode=17/30 sample=zero_boundary_037 soc=0.7992 fc=90
progress step=160000 round=13/40 episode=17/30 sample=zero_boundary_037 soc=0.7994 fc=50
progress step=160050 round=13/40 episode=17/30 sample=zero_boundary_037 soc=0.7997 fc=30
progress step=160100 round=13/40 episode=17/30 sample=zero_boundary_037 soc=0.7996 fc=30
progress step=160150 round=13/40 episode=17/30 sample=zero_boundary_037 soc=0.7995 fc=70
progress step=160200 round=13/40 episode=17/30 sample=zero_boundary_037 soc=0.7994 fc=30
progress step=160250 round=13/40 episode=17/30 sample=zero_boundary_037 soc=0.7988 fc=40
progress step=160300 round=13/40 episode=17/30 sample=zero_boundary_037 soc=0.7994 fc=30
progress step=160350 round=13/40 episode=17/30 sample=zero_boundary_037 soc=0.7999 fc=0
progress step=160400 round=13/40 episode=18/30 sample=zero_boundary_038 soc=0.6382 fc=510
progress step=160450 round=13/40 episode=18/30 sample=zero_boundary_038 soc=0.6784 fc=290
progress step=160500 round=13/40 episode=18/30 sample=zero_boundary_038 soc=0.6320 fc=380
progress step=160550 round=13/40 episode=18/30 sample=zero_boundary_038 soc=0.6220 fc=390
progress step=160600 round=13/40 episode=18/30 sample=zero_boundary_038 soc=0.5326 fc=580
progress step=160650 round=13/40 episode=18/30 sample=zero_boundary_038 soc=0.4482 fc=120
progress step=160700 round=13/40 episode=18/30 sample=zero_boundary_038 soc=0.5373 fc=390
progress step=160750 round=13/40 episode=18/30 sample=zero_boundary_038 soc=0.7373 fc=70
progress step=160800 round=13/40 episode=18/30 sample=zero_boundary_038 soc=0.7991 fc=10
progress step=160850 round=13/40 episode=18/30 sample=zero_boundary_038 soc=0.7946 fc=200
progress step=160900 round=13/40 episode=18/30 sample=zero_boundary_038 soc=0.7574 fc=510
progress step=160950 round=13/40 episode=18/30 sample=zero_boundary_038 soc=0.7276 fc=390
progress step=161000 round=13/40 episode=18/30 sample=zero_boundary_038 soc=0.6963 fc=580
progress step=161050 round=13/40 episode=18/30 sample=zero_boundary_038 soc=0.7140 fc=540
progress step=161100 round=13/40 episode=19/30 sample=zero_boundary_040 soc=0.6213 fc=50
progress step=161150 round=13/40 episode=19/30 sample=zero_boundary_040 soc=0.5974 fc=360
progress step=161200 round=13/40 episode=19/30 sample=zero_boundary_040 soc=0.4745 fc=260
progress step=161250 round=13/40 episode=19/30 sample=zero_boundary_040 soc=0.4257 fc=490
progress step=161300 round=13/40 episode=19/30 sample=zero_boundary_040 soc=0.4330 fc=410
progress step=161350 round=13/40 episode=19/30 sample=zero_boundary_040 soc=0.4008 fc=60
progress step=161400 round=13/40 episode=19/30 sample=zero_boundary_040 soc=0.4758 fc=470
progress step=161450 round=13/40 episode=19/30 sample=zero_boundary_040 soc=0.5516 fc=590
progress step=161500 round=13/40 episode=19/30 sample=zero_boundary_040 soc=0.4844 fc=390
progress step=161550 round=13/40 episode=19/30 sample=zero_boundary_040 soc=0.3775 fc=360
progress step=161600 round=13/40 episode=20/30 sample=zero_boundary_041 soc=0.6189 fc=470
progress step=161650 round=13/40 episode=20/30 sample=zero_boundary_041 soc=0.5406 fc=140
progress step=161700 round=13/40 episode=20/30 sample=zero_boundary_041 soc=0.3495 fc=320
progress step=161750 round=13/40 episode=21/30 sample=zero_boundary_042 soc=0.6715 fc=320
progress step=161800 round=13/40 episode=21/30 sample=zero_boundary_042 soc=0.6126 fc=320
progress step=161850 round=13/40 episode=21/30 sample=zero_boundary_042 soc=0.4708 fc=320
progress step=161900 round=13/40 episode=21/30 sample=zero_boundary_042 soc=0.2398 fc=320
progress step=161950 round=13/40 episode=21/30 sample=zero_boundary_042 soc=0.2000 fc=550
progress step=162000 round=13/40 episode=21/30 sample=zero_boundary_042 soc=0.2139 fc=240
progress step=162050 round=13/40 episode=21/30 sample=zero_boundary_042 soc=0.2235 fc=140
progress step=162100 round=13/40 episode=22/30 sample=zero_boundary_044 soc=0.6545 fc=320
progress step=162150 round=13/40 episode=22/30 sample=zero_boundary_044 soc=0.5778 fc=20
progress step=162200 round=13/40 episode=22/30 sample=zero_boundary_044 soc=0.3937 fc=430
progress step=162250 round=13/40 episode=23/30 sample=zero_boundary_045 soc=0.6696 fc=180
progress step=162300 round=13/40 episode=23/30 sample=zero_boundary_045 soc=0.6665 fc=480
progress step=162350 round=13/40 episode=23/30 sample=zero_boundary_045 soc=0.5658 fc=490
progress step=162400 round=13/40 episode=23/30 sample=zero_boundary_045 soc=0.3924 fc=320
progress step=162450 round=13/40 episode=24/30 sample=zero_boundary_046 soc=0.6261 fc=320
progress step=162500 round=13/40 episode=24/30 sample=zero_boundary_046 soc=0.5203 fc=320
progress step=162550 round=13/40 episode=24/30 sample=zero_boundary_046 soc=0.3611 fc=320
progress step=162600 round=13/40 episode=25/30 sample=zero_boundary_048 soc=0.6517 fc=320
progress step=162650 round=13/40 episode=25/30 sample=zero_boundary_048 soc=0.5493 fc=200
progress step=162700 round=13/40 episode=25/30 sample=zero_boundary_048 soc=0.4020 fc=500
progress step=162750 round=13/40 episode=25/30 sample=zero_boundary_048 soc=0.3315 fc=320
progress step=162800 round=13/40 episode=25/30 sample=zero_boundary_048 soc=0.3954 fc=140
progress step=162850 round=13/40 episode=25/30 sample=zero_boundary_048 soc=0.3865 fc=320
progress step=162900 round=13/40 episode=26/30 sample=zero_boundary_049 soc=0.6887 fc=320
progress step=162950 round=13/40 episode=26/30 sample=zero_boundary_049 soc=0.7176 fc=60
progress step=163000 round=13/40 episode=26/30 sample=zero_boundary_049 soc=0.6894 fc=570
progress step=163050 round=13/40 episode=26/30 sample=zero_boundary_049 soc=0.6895 fc=320
progress step=163100 round=13/40 episode=26/30 sample=zero_boundary_049 soc=0.7002 fc=240
progress step=163150 round=13/40 episode=27/30 sample=zero_boundary_050 soc=0.6326 fc=500
progress step=163200 round=13/40 episode=27/30 sample=zero_boundary_050 soc=0.5782 fc=150
progress step=163250 round=13/40 episode=27/30 sample=zero_boundary_050 soc=0.4395 fc=500
progress step=163300 round=13/40 episode=27/30 sample=zero_boundary_050 soc=0.3243 fc=550
progress step=163350 round=13/40 episode=28/30 sample=zero_boundary_051 soc=0.6350 fc=320
progress step=163400 round=13/40 episode=28/30 sample=zero_boundary_051 soc=0.6337 fc=300
progress step=163450 round=13/40 episode=28/30 sample=zero_boundary_051 soc=0.5981 fc=130
progress step=163500 round=13/40 episode=29/30 sample=zero_boundary_052 soc=0.6456 fc=320
progress step=163550 round=13/40 episode=29/30 sample=zero_boundary_052 soc=0.5655 fc=390
progress step=163600 round=13/40 episode=29/30 sample=zero_boundary_052 soc=0.3292 fc=580
progress step=163650 round=13/40 episode=29/30 sample=zero_boundary_052 soc=0.3561 fc=320
progress step=163700 round=13/40 episode=29/30 sample=zero_boundary_052 soc=0.5105 fc=380
progress step=163750 round=13/40 episode=30/30 sample=zero_boundary_053 soc=0.7060 fc=560
progress step=163800 round=13/40 episode=30/30 sample=zero_boundary_053 soc=0.6687 fc=540
progress step=163850 round=13/40 episode=30/30 sample=zero_boundary_053 soc=0.5699 fc=170
progress step=163900 round=13/40 episode=30/30 sample=zero_boundary_053 soc=0.6706 fc=250
progress step=163950 round=13/40 episode=30/30 sample=zero_boundary_053 soc=0.7289 fc=390
round 13/40 exploratory=20/30 greedy_train start
MONITOR round=13 exploratory=20/30 greedy_train=22/30 validation=SKIPPED cost=None updates=10185 best_round=7
round 14/40 start epsilon=0.6833
progress step=164000 round=14/40 episode=1/30 sample=zero_boundary_002 soc=0.6938 fc=460
progress step=164050 round=14/40 episode=1/30 sample=zero_boundary_002 soc=0.6233 fc=390
progress step=164100 round=14/40 episode=1/30 sample=zero_boundary_002 soc=0.3142 fc=390
progress step=164150 round=14/40 episode=1/30 sample=zero_boundary_002 soc=0.5208 fc=390
progress step=164200 round=14/40 episode=1/30 sample=zero_boundary_002 soc=0.4585 fc=310
progress step=164250 round=14/40 episode=1/30 sample=zero_boundary_002 soc=0.5661 fc=260
progress step=164300 round=14/40 episode=2/30 sample=zero_boundary_005 soc=0.6790 fc=390
progress step=164350 round=14/40 episode=2/30 sample=zero_boundary_005 soc=0.6494 fc=390
progress step=164400 round=14/40 episode=2/30 sample=zero_boundary_005 soc=0.6248 fc=350
progress step=164450 round=14/40 episode=2/30 sample=zero_boundary_005 soc=0.5753 fc=390
progress step=164500 round=14/40 episode=2/30 sample=zero_boundary_005 soc=0.4752 fc=390
progress step=164550 round=14/40 episode=2/30 sample=zero_boundary_005 soc=0.5090 fc=390
progress step=164600 round=14/40 episode=3/30 sample=zero_boundary_006 soc=0.7134 fc=350
progress step=164650 round=14/40 episode=3/30 sample=zero_boundary_006 soc=0.7872 fc=150
progress step=164700 round=14/40 episode=3/30 sample=zero_boundary_006 soc=0.7998 fc=0
progress step=164750 round=14/40 episode=3/30 sample=zero_boundary_006 soc=0.7991 fc=0
progress step=164800 round=14/40 episode=3/30 sample=zero_boundary_006 soc=0.7994 fc=0
progress step=164850 round=14/40 episode=3/30 sample=zero_boundary_006 soc=0.7990 fc=130
progress step=164900 round=14/40 episode=3/30 sample=zero_boundary_006 soc=0.7980 fc=330
progress step=164950 round=14/40 episode=4/30 sample=zero_boundary_007 soc=0.6536 fc=360
progress step=165000 round=14/40 episode=4/30 sample=zero_boundary_007 soc=0.5512 fc=340
progress step=165050 round=14/40 episode=4/30 sample=zero_boundary_007 soc=0.5900 fc=240
progress step=165100 round=14/40 episode=4/30 sample=zero_boundary_007 soc=0.6284 fc=510
progress step=165150 round=14/40 episode=4/30 sample=zero_boundary_007 soc=0.5884 fc=200
progress step=165200 round=14/40 episode=4/30 sample=zero_boundary_007 soc=0.6309 fc=330
progress step=165250 round=14/40 episode=5/30 sample=zero_boundary_008 soc=0.5245 fc=550
progress step=165300 round=14/40 episode=6/30 sample=zero_boundary_011 soc=0.6292 fc=330
progress step=165350 round=14/40 episode=6/30 sample=zero_boundary_011 soc=0.7915 fc=330
progress step=165400 round=14/40 episode=6/30 sample=zero_boundary_011 soc=0.7030 fc=190
progress step=165450 round=14/40 episode=6/30 sample=zero_boundary_011 soc=0.5591 fc=0
progress step=165500 round=14/40 episode=6/30 sample=zero_boundary_011 soc=0.4470 fc=570
progress step=165550 round=14/40 episode=6/30 sample=zero_boundary_011 soc=0.3112 fc=220
progress step=165600 round=14/40 episode=6/30 sample=zero_boundary_011 soc=0.3771 fc=470
progress step=165650 round=14/40 episode=6/30 sample=zero_boundary_011 soc=0.5577 fc=330
progress step=165700 round=14/40 episode=6/30 sample=zero_boundary_011 soc=0.7201 fc=150
progress step=165750 round=14/40 episode=6/30 sample=zero_boundary_011 soc=0.7984 fc=10
progress step=165800 round=14/40 episode=6/30 sample=zero_boundary_011 soc=0.7844 fc=80
progress step=165850 round=14/40 episode=6/30 sample=zero_boundary_011 soc=0.7573 fc=330
progress step=165900 round=14/40 episode=6/30 sample=zero_boundary_011 soc=0.7995 fc=100
progress step=165950 round=14/40 episode=6/30 sample=zero_boundary_011 soc=0.7980 fc=430
progress step=166000 round=14/40 episode=6/30 sample=zero_boundary_011 soc=0.7836 fc=340
progress step=166050 round=14/40 episode=7/30 sample=zero_boundary_013 soc=0.6629 fc=500
progress step=166100 round=14/40 episode=7/30 sample=zero_boundary_013 soc=0.7983 fc=160
progress step=166150 round=14/40 episode=7/30 sample=zero_boundary_013 soc=0.7911 fc=390
progress step=166200 round=14/40 episode=7/30 sample=zero_boundary_013 soc=0.7374 fc=390
progress step=166250 round=14/40 episode=7/30 sample=zero_boundary_013 soc=0.7967 fc=390
progress step=166300 round=14/40 episode=7/30 sample=zero_boundary_013 soc=0.7968 fc=410
progress step=166350 round=14/40 episode=7/30 sample=zero_boundary_013 soc=0.7981 fc=70
progress step=166400 round=14/40 episode=8/30 sample=zero_boundary_015 soc=0.6720 fc=350
progress step=166450 round=14/40 episode=8/30 sample=zero_boundary_015 soc=0.6807 fc=370
progress step=166500 round=14/40 episode=8/30 sample=zero_boundary_015 soc=0.5151 fc=300
progress step=166550 round=14/40 episode=9/30 sample=zero_boundary_016 soc=0.6795 fc=510
progress step=166600 round=14/40 episode=9/30 sample=zero_boundary_016 soc=0.7858 fc=260
progress step=166650 round=14/40 episode=9/30 sample=zero_boundary_016 soc=0.6412 fc=450
progress step=166700 round=14/40 episode=9/30 sample=zero_boundary_016 soc=0.4874 fc=350
progress step=166750 round=14/40 episode=9/30 sample=zero_boundary_016 soc=0.2630 fc=390
progress step=166800 round=14/40 episode=10/30 sample=zero_boundary_017 soc=0.5998 fc=510
progress step=166850 round=14/40 episode=10/30 sample=zero_boundary_017 soc=0.3638 fc=50
progress step=166900 round=14/40 episode=11/30 sample=zero_boundary_020 soc=0.6512 fc=90
progress step=166950 round=14/40 episode=11/30 sample=zero_boundary_020 soc=0.6670 fc=390
progress step=167000 round=14/40 episode=12/30 sample=zero_boundary_021 soc=0.6000 fc=230
progress step=167050 round=14/40 episode=12/30 sample=zero_boundary_021 soc=0.7611 fc=390
progress step=167100 round=14/40 episode=12/30 sample=zero_boundary_021 soc=0.7787 fc=340
progress step=167150 round=14/40 episode=12/30 sample=zero_boundary_021 soc=0.7360 fc=40
progress step=167200 round=14/40 episode=12/30 sample=zero_boundary_021 soc=0.6727 fc=180
progress step=167250 round=14/40 episode=13/30 sample=zero_boundary_022 soc=0.6636 fc=390
progress step=167300 round=14/40 episode=13/30 sample=zero_boundary_022 soc=0.6594 fc=500
progress step=167350 round=14/40 episode=13/30 sample=zero_boundary_022 soc=0.7067 fc=390
progress step=167400 round=14/40 episode=13/30 sample=zero_boundary_022 soc=0.7814 fc=390
progress step=167450 round=14/40 episode=14/30 sample=zero_boundary_029 soc=0.6885 fc=390
progress step=167500 round=14/40 episode=14/30 sample=zero_boundary_029 soc=0.7297 fc=450
progress step=167550 round=14/40 episode=14/30 sample=zero_boundary_029 soc=0.6880 fc=20
progress step=167600 round=14/40 episode=14/30 sample=zero_boundary_029 soc=0.6887 fc=70
progress step=167650 round=14/40 episode=14/30 sample=zero_boundary_029 soc=0.7988 fc=160
progress step=167700 round=14/40 episode=14/30 sample=zero_boundary_029 soc=0.7977 fc=170
progress step=167750 round=14/40 episode=14/30 sample=zero_boundary_029 soc=0.7976 fc=90
progress step=167800 round=14/40 episode=14/30 sample=zero_boundary_029 soc=0.7999 fc=0
progress step=167850 round=14/40 episode=14/30 sample=zero_boundary_029 soc=0.7999 fc=0
progress step=167900 round=14/40 episode=14/30 sample=zero_boundary_029 soc=0.7999 fc=0
progress step=167950 round=14/40 episode=14/30 sample=zero_boundary_029 soc=0.7999 fc=0
progress step=168000 round=14/40 episode=14/30 sample=zero_boundary_029 soc=0.7999 fc=0
progress step=168050 round=14/40 episode=14/30 sample=zero_boundary_029 soc=0.7999 fc=0
progress step=168100 round=14/40 episode=14/30 sample=zero_boundary_029 soc=0.7999 fc=0
progress step=168150 round=14/40 episode=14/30 sample=zero_boundary_029 soc=0.7999 fc=0
progress step=168200 round=14/40 episode=14/30 sample=zero_boundary_029 soc=0.7999 fc=0
progress step=168250 round=14/40 episode=14/30 sample=zero_boundary_029 soc=0.7999 fc=0
progress step=168300 round=14/40 episode=14/30 sample=zero_boundary_029 soc=0.7993 fc=90
progress step=168350 round=14/40 episode=14/30 sample=zero_boundary_029 soc=0.7987 fc=350
progress step=168400 round=14/40 episode=14/30 sample=zero_boundary_029 soc=0.7970 fc=340
progress step=168450 round=14/40 episode=14/30 sample=zero_boundary_029 soc=0.7915 fc=530
progress step=168500 round=14/40 episode=15/30 sample=zero_boundary_033 soc=0.6673 fc=0
progress step=168550 round=14/40 episode=15/30 sample=zero_boundary_033 soc=0.7734 fc=120
progress step=168600 round=14/40 episode=15/30 sample=zero_boundary_033 soc=0.7232 fc=120
progress step=168650 round=14/40 episode=15/30 sample=zero_boundary_033 soc=0.7224 fc=370
progress step=168700 round=14/40 episode=15/30 sample=zero_boundary_033 soc=0.6604 fc=80
progress step=168750 round=14/40 episode=15/30 sample=zero_boundary_033 soc=0.6011 fc=140
progress step=168800 round=14/40 episode=15/30 sample=zero_boundary_033 soc=0.4697 fc=340
progress step=168850 round=14/40 episode=15/30 sample=zero_boundary_033 soc=0.6525 fc=570
progress step=168900 round=14/40 episode=15/30 sample=zero_boundary_033 soc=0.7997 fc=20
progress step=168950 round=14/40 episode=15/30 sample=zero_boundary_033 soc=0.7999 fc=0
progress step=169000 round=14/40 episode=15/30 sample=zero_boundary_033 soc=0.7999 fc=0
progress step=169050 round=14/40 episode=15/30 sample=zero_boundary_033 soc=0.7999 fc=0
progress step=169100 round=14/40 episode=15/30 sample=zero_boundary_033 soc=0.7999 fc=0
progress step=169150 round=14/40 episode=15/30 sample=zero_boundary_033 soc=0.8000 fc=0
progress step=169200 round=14/40 episode=15/30 sample=zero_boundary_033 soc=0.8000 fc=0
progress step=169250 round=14/40 episode=15/30 sample=zero_boundary_033 soc=0.7993 fc=10
progress step=169300 round=14/40 episode=15/30 sample=zero_boundary_033 soc=0.7980 fc=50
progress step=169350 round=14/40 episode=15/30 sample=zero_boundary_033 soc=0.7999 fc=30
progress step=169400 round=14/40 episode=15/30 sample=zero_boundary_033 soc=0.7998 fc=0
progress step=169450 round=14/40 episode=15/30 sample=zero_boundary_033 soc=0.7998 fc=0
progress step=169500 round=14/40 episode=16/30 sample=zero_boundary_034 soc=0.7965 fc=0
progress step=169550 round=14/40 episode=16/30 sample=zero_boundary_034 soc=0.8000 fc=0
progress step=169600 round=14/40 episode=16/30 sample=zero_boundary_034 soc=0.8000 fc=0
progress step=169650 round=14/40 episode=16/30 sample=zero_boundary_034 soc=0.8000 fc=0
progress step=169700 round=14/40 episode=16/30 sample=zero_boundary_034 soc=0.8000 fc=0
progress step=169750 round=14/40 episode=16/30 sample=zero_boundary_034 soc=0.8000 fc=0
progress step=169800 round=14/40 episode=16/30 sample=zero_boundary_034 soc=0.8000 fc=0
progress step=169850 round=14/40 episode=16/30 sample=zero_boundary_034 soc=0.8000 fc=0
progress step=169900 round=14/40 episode=16/30 sample=zero_boundary_034 soc=0.8000 fc=0
progress step=169950 round=14/40 episode=16/30 sample=zero_boundary_034 soc=0.8000 fc=0
progress step=170000 round=14/40 episode=16/30 sample=zero_boundary_034 soc=0.8000 fc=0
progress step=170050 round=14/40 episode=16/30 sample=zero_boundary_034 soc=0.8000 fc=0
progress step=170100 round=14/40 episode=16/30 sample=zero_boundary_034 soc=0.8000 fc=0
progress step=170150 round=14/40 episode=16/30 sample=zero_boundary_034 soc=0.8000 fc=0
progress step=170200 round=14/40 episode=16/30 sample=zero_boundary_034 soc=0.8000 fc=0
progress step=170250 round=14/40 episode=16/30 sample=zero_boundary_034 soc=0.8000 fc=0
progress step=170300 round=14/40 episode=16/30 sample=zero_boundary_034 soc=0.8000 fc=0
progress step=170350 round=14/40 episode=16/30 sample=zero_boundary_034 soc=0.7989 fc=70
progress step=170400 round=14/40 episode=16/30 sample=zero_boundary_034 soc=0.7977 fc=80
progress step=170450 round=14/40 episode=16/30 sample=zero_boundary_034 soc=0.7987 fc=50
progress step=170500 round=14/40 episode=16/30 sample=zero_boundary_034 soc=0.7971 fc=280
progress step=170550 round=14/40 episode=16/30 sample=zero_boundary_034 soc=0.7982 fc=330
progress step=170600 round=14/40 episode=16/30 sample=zero_boundary_034 soc=0.7994 fc=40
progress step=170650 round=14/40 episode=16/30 sample=zero_boundary_034 soc=0.8000 fc=0
progress step=170700 round=14/40 episode=16/30 sample=zero_boundary_034 soc=0.8000 fc=0
progress step=170750 round=14/40 episode=16/30 sample=zero_boundary_034 soc=0.8000 fc=0
progress step=170800 round=14/40 episode=16/30 sample=zero_boundary_034 soc=0.8000 fc=0
progress step=170850 round=14/40 episode=16/30 sample=zero_boundary_034 soc=0.8000 fc=0
progress step=170900 round=14/40 episode=16/30 sample=zero_boundary_034 soc=0.8000 fc=0
progress step=170950 round=14/40 episode=16/30 sample=zero_boundary_034 soc=0.8000 fc=0
progress step=171000 round=14/40 episode=16/30 sample=zero_boundary_034 soc=0.8000 fc=0
progress step=171050 round=14/40 episode=16/30 sample=zero_boundary_034 soc=0.8000 fc=0
progress step=171100 round=14/40 episode=17/30 sample=zero_boundary_037 soc=0.6220 fc=360
progress step=171150 round=14/40 episode=17/30 sample=zero_boundary_037 soc=0.7017 fc=360
progress step=171200 round=14/40 episode=17/30 sample=zero_boundary_037 soc=0.7656 fc=340
progress step=171250 round=14/40 episode=17/30 sample=zero_boundary_037 soc=0.7968 fc=260
progress step=171300 round=14/40 episode=17/30 sample=zero_boundary_037 soc=0.7994 fc=170
progress step=171350 round=14/40 episode=17/30 sample=zero_boundary_037 soc=0.7824 fc=360
progress step=171400 round=14/40 episode=17/30 sample=zero_boundary_037 soc=0.6680 fc=360
progress step=171450 round=14/40 episode=17/30 sample=zero_boundary_037 soc=0.5841 fc=360
progress step=171500 round=14/40 episode=17/30 sample=zero_boundary_037 soc=0.7389 fc=360
progress step=171550 round=14/40 episode=17/30 sample=zero_boundary_037 soc=0.7972 fc=0
progress step=171600 round=14/40 episode=17/30 sample=zero_boundary_037 soc=0.7987 fc=110
progress step=171650 round=14/40 episode=17/30 sample=zero_boundary_037 soc=0.7999 fc=0
progress step=171700 round=14/40 episode=17/30 sample=zero_boundary_037 soc=0.7988 fc=80
progress step=171750 round=14/40 episode=17/30 sample=zero_boundary_037 soc=0.7990 fc=0
progress step=171800 round=14/40 episode=17/30 sample=zero_boundary_037 soc=0.7990 fc=60
progress step=171850 round=14/40 episode=17/30 sample=zero_boundary_037 soc=0.7989 fc=110
progress step=171900 round=14/40 episode=17/30 sample=zero_boundary_037 soc=0.7993 fc=0
progress step=171950 round=14/40 episode=17/30 sample=zero_boundary_037 soc=0.7978 fc=210
progress step=172000 round=14/40 episode=17/30 sample=zero_boundary_037 soc=0.7992 fc=0
progress step=172050 round=14/40 episode=17/30 sample=zero_boundary_037 soc=0.7975 fc=20
progress step=172100 round=14/40 episode=17/30 sample=zero_boundary_037 soc=0.8000 fc=0
progress step=172150 round=14/40 episode=17/30 sample=zero_boundary_037 soc=0.8000 fc=0
progress step=172200 round=14/40 episode=17/30 sample=zero_boundary_037 soc=0.8000 fc=0
progress step=172250 round=14/40 episode=17/30 sample=zero_boundary_037 soc=0.7984 fc=0
progress step=172300 round=14/40 episode=17/30 sample=zero_boundary_037 soc=0.7985 fc=120
progress step=172350 round=14/40 episode=17/30 sample=zero_boundary_037 soc=0.7977 fc=160
progress step=172400 round=14/40 episode=17/30 sample=zero_boundary_037 soc=0.7986 fc=30
progress step=172450 round=14/40 episode=17/30 sample=zero_boundary_037 soc=0.7992 fc=90
progress step=172500 round=14/40 episode=17/30 sample=zero_boundary_037 soc=0.7981 fc=0
progress step=172550 round=14/40 episode=17/30 sample=zero_boundary_037 soc=0.7997 fc=40
progress step=172600 round=14/40 episode=17/30 sample=zero_boundary_037 soc=0.7978 fc=180
progress step=172650 round=14/40 episode=17/30 sample=zero_boundary_037 soc=0.7997 fc=40
progress step=172700 round=14/40 episode=17/30 sample=zero_boundary_037 soc=0.7992 fc=60
progress step=172750 round=14/40 episode=17/30 sample=zero_boundary_037 soc=0.7995 fc=10
progress step=172800 round=14/40 episode=17/30 sample=zero_boundary_037 soc=0.7994 fc=0
progress step=172850 round=14/40 episode=17/30 sample=zero_boundary_037 soc=0.7990 fc=20
progress step=172900 round=14/40 episode=17/30 sample=zero_boundary_037 soc=0.7996 fc=20
progress step=172950 round=14/40 episode=17/30 sample=zero_boundary_037 soc=0.7998 fc=0
progress step=173000 round=14/40 episode=18/30 sample=zero_boundary_038 soc=0.6534 fc=390
progress step=173050 round=14/40 episode=18/30 sample=zero_boundary_038 soc=0.6815 fc=100
progress step=173100 round=14/40 episode=18/30 sample=zero_boundary_038 soc=0.6367 fc=390
progress step=173150 round=14/40 episode=18/30 sample=zero_boundary_038 soc=0.6149 fc=390
progress step=173200 round=14/40 episode=18/30 sample=zero_boundary_038 soc=0.5177 fc=510
progress step=173250 round=14/40 episode=18/30 sample=zero_boundary_038 soc=0.4196 fc=170
progress step=173300 round=14/40 episode=18/30 sample=zero_boundary_038 soc=0.5180 fc=490
progress step=173350 round=14/40 episode=18/30 sample=zero_boundary_038 soc=0.7014 fc=140
progress step=173400 round=14/40 episode=18/30 sample=zero_boundary_038 soc=0.7982 fc=150
progress step=173450 round=14/40 episode=18/30 sample=zero_boundary_038 soc=0.7960 fc=390
progress step=173500 round=14/40 episode=18/30 sample=zero_boundary_038 soc=0.7934 fc=470
progress step=173550 round=14/40 episode=18/30 sample=zero_boundary_038 soc=0.7632 fc=600
progress step=173600 round=14/40 episode=18/30 sample=zero_boundary_038 soc=0.7367 fc=140
progress step=173650 round=14/40 episode=18/30 sample=zero_boundary_038 soc=0.7506 fc=390
progress step=173700 round=14/40 episode=19/30 sample=zero_boundary_040 soc=0.6176 fc=390
progress step=173750 round=14/40 episode=19/30 sample=zero_boundary_040 soc=0.5913 fc=590
progress step=173800 round=14/40 episode=19/30 sample=zero_boundary_040 soc=0.5047 fc=50
progress step=173850 round=14/40 episode=19/30 sample=zero_boundary_040 soc=0.4384 fc=340
progress step=173900 round=14/40 episode=19/30 sample=zero_boundary_040 soc=0.4350 fc=290
progress step=173950 round=14/40 episode=19/30 sample=zero_boundary_040 soc=0.4388 fc=310
progress step=174000 round=14/40 episode=19/30 sample=zero_boundary_040 soc=0.5020 fc=370
progress step=174050 round=14/40 episode=19/30 sample=zero_boundary_040 soc=0.6044 fc=480
progress step=174100 round=14/40 episode=19/30 sample=zero_boundary_040 soc=0.5368 fc=390
progress step=174150 round=14/40 episode=19/30 sample=zero_boundary_040 soc=0.4299 fc=200
progress step=174200 round=14/40 episode=20/30 sample=zero_boundary_041 soc=0.6160 fc=70
progress step=174250 round=14/40 episode=20/30 sample=zero_boundary_041 soc=0.5613 fc=40
progress step=174300 round=14/40 episode=20/30 sample=zero_boundary_041 soc=0.3886 fc=350
progress step=174350 round=14/40 episode=21/30 sample=zero_boundary_042 soc=0.6680 fc=360
progress step=174400 round=14/40 episode=21/30 sample=zero_boundary_042 soc=0.6509 fc=360
progress step=174450 round=14/40 episode=21/30 sample=zero_boundary_042 soc=0.5276 fc=420
progress step=174500 round=14/40 episode=21/30 sample=zero_boundary_042 soc=0.3236 fc=140
progress step=174550 round=14/40 episode=21/30 sample=zero_boundary_042 soc=0.2013 fc=490
progress step=174600 round=14/40 episode=21/30 sample=zero_boundary_042 soc=0.2037 fc=0
progress step=174650 round=14/40 episode=21/30 sample=zero_boundary_042 soc=0.2000 fc=570
progress step=174700 round=14/40 episode=22/30 sample=zero_boundary_044 soc=0.6405 fc=220
progress step=174750 round=14/40 episode=22/30 sample=zero_boundary_044 soc=0.5991 fc=360
progress step=174800 round=14/40 episode=22/30 sample=zero_boundary_044 soc=0.4279 fc=360
progress step=174850 round=14/40 episode=23/30 sample=zero_boundary_045 soc=0.6310 fc=360
progress step=174900 round=14/40 episode=23/30 sample=zero_boundary_045 soc=0.6904 fc=460
progress step=174950 round=14/40 episode=23/30 sample=zero_boundary_045 soc=0.6357 fc=410
progress step=175000 round=14/40 episode=23/30 sample=zero_boundary_045 soc=0.5154 fc=360
progress step=175050 round=14/40 episode=23/30 sample=zero_boundary_045 soc=0.2577 fc=190
progress step=175100 round=14/40 episode=23/30 sample=zero_boundary_045 soc=0.2004 fc=490
progress step=175150 round=14/40 episode=24/30 sample=zero_boundary_046 soc=0.6144 fc=360
progress step=175200 round=14/40 episode=24/30 sample=zero_boundary_046 soc=0.5589 fc=520
progress step=175250 round=14/40 episode=24/30 sample=zero_boundary_046 soc=0.3689 fc=0
progress step=175300 round=14/40 episode=25/30 sample=zero_boundary_048 soc=0.6231 fc=360
progress step=175350 round=14/40 episode=25/30 sample=zero_boundary_048 soc=0.5820 fc=130
progress step=175400 round=14/40 episode=25/30 sample=zero_boundary_048 soc=0.4347 fc=360
progress step=175450 round=14/40 episode=25/30 sample=zero_boundary_048 soc=0.3133 fc=560
progress step=175500 round=14/40 episode=25/30 sample=zero_boundary_048 soc=0.4009 fc=410
progress step=175550 round=14/40 episode=25/30 sample=zero_boundary_048 soc=0.3886 fc=460
progress step=175600 round=14/40 episode=26/30 sample=zero_boundary_049 soc=0.6628 fc=370
progress step=175650 round=14/40 episode=26/30 sample=zero_boundary_049 soc=0.6747 fc=590
progress step=175700 round=14/40 episode=26/30 sample=zero_boundary_049 soc=0.6738 fc=360
progress step=175750 round=14/40 episode=26/30 sample=zero_boundary_049 soc=0.7113 fc=360
progress step=175800 round=14/40 episode=26/30 sample=zero_boundary_049 soc=0.7563 fc=330
progress step=175850 round=14/40 episode=27/30 sample=zero_boundary_050 soc=0.6035 fc=380
progress step=175900 round=14/40 episode=27/30 sample=zero_boundary_050 soc=0.6380 fc=360
progress step=175950 round=14/40 episode=27/30 sample=zero_boundary_050 soc=0.4930 fc=220
progress step=176000 round=14/40 episode=27/30 sample=zero_boundary_050 soc=0.3751 fc=360
progress step=176050 round=14/40 episode=28/30 sample=zero_boundary_051 soc=0.6102 fc=210
progress step=176100 round=14/40 episode=28/30 sample=zero_boundary_051 soc=0.6280 fc=250
progress step=176150 round=14/40 episode=28/30 sample=zero_boundary_051 soc=0.6501 fc=120
progress step=176200 round=14/40 episode=29/30 sample=zero_boundary_052 soc=0.6243 fc=220
progress step=176250 round=14/40 episode=29/30 sample=zero_boundary_052 soc=0.5989 fc=360
progress step=176300 round=14/40 episode=29/30 sample=zero_boundary_052 soc=0.3289 fc=360
progress step=176350 round=14/40 episode=29/30 sample=zero_boundary_052 soc=0.3105 fc=0
progress step=176400 round=14/40 episode=29/30 sample=zero_boundary_052 soc=0.3443 fc=110
progress step=176450 round=14/40 episode=30/30 sample=zero_boundary_053 soc=0.6672 fc=360
progress step=176500 round=14/40 episode=30/30 sample=zero_boundary_053 soc=0.6464 fc=360
progress step=176550 round=14/40 episode=30/30 sample=zero_boundary_053 soc=0.5263 fc=360
progress step=176600 round=14/40 episode=30/30 sample=zero_boundary_053 soc=0.5765 fc=290
progress step=176650 round=14/40 episode=30/30 sample=zero_boundary_053 soc=0.5767 fc=480
round 14/40 exploratory=20/30 greedy_train start
MONITOR round=14 exploratory=20/30 greedy_train=13/30 validation=SKIPPED cost=None updates=10885 best_round=7
round 15/40 start epsilon=0.6590
progress step=176700 round=15/40 episode=1/30 sample=zero_boundary_002 soc=0.6406 fc=0
progress step=176750 round=15/40 episode=1/30 sample=zero_boundary_002 soc=0.6514 fc=330
progress step=176800 round=15/40 episode=1/30 sample=zero_boundary_002 soc=0.2977 fc=0
progress step=176850 round=15/40 episode=2/30 sample=zero_boundary_005 soc=0.6405 fc=360
progress step=176900 round=15/40 episode=2/30 sample=zero_boundary_005 soc=0.5980 fc=330
progress step=176950 round=15/40 episode=2/30 sample=zero_boundary_005 soc=0.5249 fc=170
progress step=177000 round=15/40 episode=2/30 sample=zero_boundary_005 soc=0.4398 fc=340
progress step=177050 round=15/40 episode=2/30 sample=zero_boundary_005 soc=0.2717 fc=360
progress step=177100 round=15/40 episode=2/30 sample=zero_boundary_005 soc=0.3152 fc=470
progress step=177150 round=15/40 episode=3/30 sample=zero_boundary_006 soc=0.6878 fc=360
progress step=177200 round=15/40 episode=3/30 sample=zero_boundary_006 soc=0.7567 fc=260
progress step=177250 round=15/40 episode=3/30 sample=zero_boundary_006 soc=0.7972 fc=130
progress step=177300 round=15/40 episode=3/30 sample=zero_boundary_006 soc=0.7995 fc=70
progress step=177350 round=15/40 episode=3/30 sample=zero_boundary_006 soc=0.7992 fc=90
progress step=177400 round=15/40 episode=3/30 sample=zero_boundary_006 soc=0.7949 fc=0
progress step=177450 round=15/40 episode=3/30 sample=zero_boundary_006 soc=0.7987 fc=0
progress step=177500 round=15/40 episode=4/30 sample=zero_boundary_007 soc=0.6581 fc=390
progress step=177550 round=15/40 episode=4/30 sample=zero_boundary_007 soc=0.5391 fc=180
progress step=177600 round=15/40 episode=4/30 sample=zero_boundary_007 soc=0.6043 fc=540
progress step=177650 round=15/40 episode=4/30 sample=zero_boundary_007 soc=0.6627 fc=0
progress step=177700 round=15/40 episode=4/30 sample=zero_boundary_007 soc=0.6375 fc=390
progress step=177750 round=15/40 episode=5/30 sample=zero_boundary_008 soc=0.6111 fc=390
progress step=177800 round=15/40 episode=5/30 sample=zero_boundary_008 soc=0.4949 fc=390
progress step=177850 round=15/40 episode=6/30 sample=zero_boundary_011 soc=0.6620 fc=270
progress step=177900 round=15/40 episode=6/30 sample=zero_boundary_011 soc=0.7997 fc=0
progress step=177950 round=15/40 episode=6/30 sample=zero_boundary_011 soc=0.7026 fc=60
progress step=178000 round=15/40 episode=6/30 sample=zero_boundary_011 soc=0.5635 fc=50
progress step=178050 round=15/40 episode=6/30 sample=zero_boundary_011 soc=0.4912 fc=480
progress step=178100 round=15/40 episode=6/30 sample=zero_boundary_011 soc=0.3449 fc=390
progress step=178150 round=15/40 episode=6/30 sample=zero_boundary_011 soc=0.4855 fc=30
progress step=178200 round=15/40 episode=6/30 sample=zero_boundary_011 soc=0.6817 fc=390
progress step=178250 round=15/40 episode=6/30 sample=zero_boundary_011 soc=0.7997 fc=0
progress step=178300 round=15/40 episode=6/30 sample=zero_boundary_011 soc=0.7995 fc=0
progress step=178350 round=15/40 episode=6/30 sample=zero_boundary_011 soc=0.7747 fc=390
progress step=178400 round=15/40 episode=6/30 sample=zero_boundary_011 soc=0.7829 fc=390
progress step=178450 round=15/40 episode=6/30 sample=zero_boundary_011 soc=0.7940 fc=510
progress step=178500 round=15/40 episode=6/30 sample=zero_boundary_011 soc=0.7979 fc=390
progress step=178550 round=15/40 episode=6/30 sample=zero_boundary_011 soc=0.7533 fc=360
progress step=178600 round=15/40 episode=7/30 sample=zero_boundary_013 soc=0.6759 fc=340
progress step=178650 round=15/40 episode=7/30 sample=zero_boundary_013 soc=0.7990 fc=0
progress step=178700 round=15/40 episode=7/30 sample=zero_boundary_013 soc=0.7933 fc=390
progress step=178750 round=15/40 episode=7/30 sample=zero_boundary_013 soc=0.7367 fc=120
progress step=178800 round=15/40 episode=7/30 sample=zero_boundary_013 soc=0.7995 fc=250
progress step=178850 round=15/40 episode=7/30 sample=zero_boundary_013 soc=0.7974 fc=390
progress step=178900 round=15/40 episode=7/30 sample=zero_boundary_013 soc=0.7968 fc=0
progress step=178950 round=15/40 episode=8/30 sample=zero_boundary_015 soc=0.6612 fc=390
progress step=179000 round=15/40 episode=8/30 sample=zero_boundary_015 soc=0.6302 fc=390
progress step=179050 round=15/40 episode=8/30 sample=zero_boundary_015 soc=0.4123 fc=390
progress step=179100 round=15/40 episode=9/30 sample=zero_boundary_016 soc=0.7423 fc=470
progress step=179150 round=15/40 episode=9/30 sample=zero_boundary_016 soc=0.7775 fc=390
progress step=179200 round=15/40 episode=9/30 sample=zero_boundary_016 soc=0.6317 fc=340
progress step=179250 round=15/40 episode=9/30 sample=zero_boundary_016 soc=0.4698 fc=390
progress step=179300 round=15/40 episode=9/30 sample=zero_boundary_016 soc=0.2379 fc=310
progress step=179350 round=15/40 episode=10/30 sample=zero_boundary_017 soc=0.6088 fc=20
progress step=179400 round=15/40 episode=10/30 sample=zero_boundary_017 soc=0.3562 fc=20
progress step=179450 round=15/40 episode=11/30 sample=zero_boundary_020 soc=0.6482 fc=390
progress step=179500 round=15/40 episode=11/30 sample=zero_boundary_020 soc=0.6632 fc=530
progress step=179550 round=15/40 episode=11/30 sample=zero_boundary_020 soc=0.7516 fc=120
progress step=179600 round=15/40 episode=12/30 sample=zero_boundary_021 soc=0.7721 fc=430
progress step=179650 round=15/40 episode=12/30 sample=zero_boundary_021 soc=0.7820 fc=520
progress step=179700 round=15/40 episode=12/30 sample=zero_boundary_021 soc=0.7116 fc=360
progress step=179750 round=15/40 episode=12/30 sample=zero_boundary_021 soc=0.6443 fc=390
progress step=179800 round=15/40 episode=13/30 sample=zero_boundary_022 soc=0.6603 fc=130
progress step=179850 round=15/40 episode=13/30 sample=zero_boundary_022 soc=0.6548 fc=390
progress step=179900 round=15/40 episode=13/30 sample=zero_boundary_022 soc=0.6697 fc=390
progress step=179950 round=15/40 episode=13/30 sample=zero_boundary_022 soc=0.7680 fc=100
progress step=180000 round=15/40 episode=14/30 sample=zero_boundary_029 soc=0.7010 fc=430
progress step=180050 round=15/40 episode=14/30 sample=zero_boundary_029 soc=0.7460 fc=490
progress step=180100 round=15/40 episode=14/30 sample=zero_boundary_029 soc=0.7265 fc=390
progress step=180150 round=15/40 episode=14/30 sample=zero_boundary_029 soc=0.7428 fc=590
progress step=180200 round=15/40 episode=14/30 sample=zero_boundary_029 soc=0.7994 fc=180
progress step=180250 round=15/40 episode=14/30 sample=zero_boundary_029 soc=0.7996 fc=110
progress step=180300 round=15/40 episode=14/30 sample=zero_boundary_029 soc=0.7978 fc=30
progress step=180350 round=15/40 episode=14/30 sample=zero_boundary_029 soc=0.7999 fc=0
progress step=180400 round=15/40 episode=14/30 sample=zero_boundary_029 soc=0.7999 fc=0
progress step=180450 round=15/40 episode=14/30 sample=zero_boundary_029 soc=0.7999 fc=0
progress step=180500 round=15/40 episode=14/30 sample=zero_boundary_029 soc=0.7999 fc=0
progress step=180550 round=15/40 episode=14/30 sample=zero_boundary_029 soc=0.7999 fc=0
progress step=180600 round=15/40 episode=14/30 sample=zero_boundary_029 soc=0.7999 fc=0
progress step=180650 round=15/40 episode=14/30 sample=zero_boundary_029 soc=0.7999 fc=0
progress step=180700 round=15/40 episode=14/30 sample=zero_boundary_029 soc=0.7999 fc=0
progress step=180750 round=15/40 episode=14/30 sample=zero_boundary_029 soc=0.7999 fc=0
progress step=180800 round=15/40 episode=14/30 sample=zero_boundary_029 soc=0.7999 fc=0
progress step=180850 round=15/40 episode=14/30 sample=zero_boundary_029 soc=0.7992 fc=40
progress step=180900 round=15/40 episode=14/30 sample=zero_boundary_029 soc=0.7958 fc=390
progress step=180950 round=15/40 episode=14/30 sample=zero_boundary_029 soc=0.7968 fc=380
progress step=181000 round=15/40 episode=14/30 sample=zero_boundary_029 soc=0.7818 fc=380
progress step=181050 round=15/40 episode=15/30 sample=zero_boundary_033 soc=0.6645 fc=410
progress step=181100 round=15/40 episode=15/30 sample=zero_boundary_033 soc=0.7610 fc=220
progress step=181150 round=15/40 episode=15/30 sample=zero_boundary_033 soc=0.7312 fc=50
progress step=181200 round=15/40 episode=15/30 sample=zero_boundary_033 soc=0.7538 fc=410
progress step=181250 round=15/40 episode=15/30 sample=zero_boundary_033 soc=0.6901 fc=410
progress step=181300 round=15/40 episode=15/30 sample=zero_boundary_033 soc=0.6555 fc=190
progress step=181350 round=15/40 episode=15/30 sample=zero_boundary_033 soc=0.5192 fc=210
progress step=181400 round=15/40 episode=15/30 sample=zero_boundary_033 soc=0.7342 fc=410
progress step=181450 round=15/40 episode=15/30 sample=zero_boundary_033 soc=0.7999 fc=0
progress step=181500 round=15/40 episode=15/30 sample=zero_boundary_033 soc=0.7999 fc=0
progress step=181550 round=15/40 episode=15/30 sample=zero_boundary_033 soc=0.7999 fc=0
progress step=181600 round=15/40 episode=15/30 sample=zero_boundary_033 soc=0.7999 fc=0
progress step=181650 round=15/40 episode=15/30 sample=zero_boundary_033 soc=0.7999 fc=0
progress step=181700 round=15/40 episode=15/30 sample=zero_boundary_033 soc=0.7999 fc=0
progress step=181750 round=15/40 episode=15/30 sample=zero_boundary_033 soc=0.7999 fc=0
progress step=181800 round=15/40 episode=15/30 sample=zero_boundary_033 soc=0.7999 fc=0
progress step=181850 round=15/40 episode=15/30 sample=zero_boundary_033 soc=0.7994 fc=70
progress step=181900 round=15/40 episode=15/30 sample=zero_boundary_033 soc=0.7991 fc=80
progress step=181950 round=15/40 episode=15/30 sample=zero_boundary_033 soc=0.7997 fc=0
progress step=182000 round=15/40 episode=15/30 sample=zero_boundary_033 soc=0.7993 fc=50
progress step=182050 round=15/40 episode=16/30 sample=zero_boundary_034 soc=0.7647 fc=460
progress step=182100 round=15/40 episode=16/30 sample=zero_boundary_034 soc=0.7999 fc=0
progress step=182150 round=15/40 episode=16/30 sample=zero_boundary_034 soc=0.7999 fc=0
progress step=182200 round=15/40 episode=16/30 sample=zero_boundary_034 soc=0.7999 fc=0
progress step=182250 round=15/40 episode=16/30 sample=zero_boundary_034 soc=0.7999 fc=0
progress step=182300 round=15/40 episode=16/30 sample=zero_boundary_034 soc=0.7999 fc=0
progress step=182350 round=15/40 episode=16/30 sample=zero_boundary_034 soc=0.7999 fc=0
progress step=182400 round=15/40 episode=16/30 sample=zero_boundary_034 soc=0.7999 fc=0
progress step=182450 round=15/40 episode=16/30 sample=zero_boundary_034 soc=0.7999 fc=0
progress step=182500 round=15/40 episode=16/30 sample=zero_boundary_034 soc=0.7999 fc=0
progress step=182550 round=15/40 episode=16/30 sample=zero_boundary_034 soc=0.7999 fc=0
progress step=182600 round=15/40 episode=16/30 sample=zero_boundary_034 soc=0.7999 fc=0
progress step=182650 round=15/40 episode=16/30 sample=zero_boundary_034 soc=0.7999 fc=0
progress step=182700 round=15/40 episode=16/30 sample=zero_boundary_034 soc=0.7999 fc=0
progress step=182750 round=15/40 episode=16/30 sample=zero_boundary_034 soc=0.7999 fc=0
progress step=182800 round=15/40 episode=16/30 sample=zero_boundary_034 soc=0.7999 fc=0
progress step=182850 round=15/40 episode=16/30 sample=zero_boundary_034 soc=0.7999 fc=0
progress step=182900 round=15/40 episode=16/30 sample=zero_boundary_034 soc=0.7999 fc=0
progress step=182950 round=15/40 episode=16/30 sample=zero_boundary_034 soc=0.7978 fc=250
progress step=183000 round=15/40 episode=16/30 sample=zero_boundary_034 soc=0.7891 fc=120
progress step=183050 round=15/40 episode=16/30 sample=zero_boundary_034 soc=0.7947 fc=390
progress step=183100 round=15/40 episode=16/30 sample=zero_boundary_034 soc=0.7920 fc=0
progress step=183150 round=15/40 episode=16/30 sample=zero_boundary_034 soc=0.7973 fc=0
progress step=183200 round=15/40 episode=16/30 sample=zero_boundary_034 soc=0.7999 fc=0
progress step=183250 round=15/40 episode=16/30 sample=zero_boundary_034 soc=0.7999 fc=0
progress step=183300 round=15/40 episode=16/30 sample=zero_boundary_034 soc=0.7999 fc=0
progress step=183350 round=15/40 episode=16/30 sample=zero_boundary_034 soc=0.7999 fc=0
progress step=183400 round=15/40 episode=16/30 sample=zero_boundary_034 soc=0.7999 fc=0
progress step=183450 round=15/40 episode=16/30 sample=zero_boundary_034 soc=0.7999 fc=0
progress step=183500 round=15/40 episode=16/30 sample=zero_boundary_034 soc=0.7999 fc=0
progress step=183550 round=15/40 episode=16/30 sample=zero_boundary_034 soc=0.7999 fc=0
progress step=183600 round=15/40 episode=16/30 sample=zero_boundary_034 soc=0.7999 fc=0
progress step=183650 round=15/40 episode=17/30 sample=zero_boundary_037 soc=0.6095 fc=190
progress step=183700 round=15/40 episode=17/30 sample=zero_boundary_037 soc=0.7145 fc=360
progress step=183750 round=15/40 episode=17/30 sample=zero_boundary_037 soc=0.7573 fc=530
progress step=183800 round=15/40 episode=17/30 sample=zero_boundary_037 soc=0.7931 fc=340
progress step=183850 round=15/40 episode=17/30 sample=zero_boundary_037 soc=0.7912 fc=160
progress step=183900 round=15/40 episode=17/30 sample=zero_boundary_037 soc=0.7922 fc=360
progress step=183950 round=15/40 episode=17/30 sample=zero_boundary_037 soc=0.6816 fc=370
progress step=184000 round=15/40 episode=17/30 sample=zero_boundary_037 soc=0.5884 fc=360
progress step=184050 round=15/40 episode=17/30 sample=zero_boundary_037 soc=0.7529 fc=460
progress step=184100 round=15/40 episode=17/30 sample=zero_boundary_037 soc=0.7987 fc=40
progress step=184150 round=15/40 episode=17/30 sample=zero_boundary_037 soc=0.7993 fc=0
progress step=184200 round=15/40 episode=17/30 sample=zero_boundary_037 soc=0.7987 fc=70
progress step=184250 round=15/40 episode=17/30 sample=zero_boundary_037 soc=0.7992 fc=40
progress step=184300 round=15/40 episode=17/30 sample=zero_boundary_037 soc=0.7972 fc=0
progress step=184350 round=15/40 episode=17/30 sample=zero_boundary_037 soc=0.7985 fc=70
progress step=184400 round=15/40 episode=17/30 sample=zero_boundary_037 soc=0.7997 fc=10
progress step=184450 round=15/40 episode=17/30 sample=zero_boundary_037 soc=0.7984 fc=0
progress step=184500 round=15/40 episode=17/30 sample=zero_boundary_037 soc=0.7975 fc=0
progress step=184550 round=15/40 episode=17/30 sample=zero_boundary_037 soc=0.7995 fc=30
progress step=184600 round=15/40 episode=17/30 sample=zero_boundary_037 soc=0.7991 fc=90
progress step=184650 round=15/40 episode=17/30 sample=zero_boundary_037 soc=0.7999 fc=0
progress step=184700 round=15/40 episode=17/30 sample=zero_boundary_037 soc=0.7999 fc=0
progress step=184750 round=15/40 episode=17/30 sample=zero_boundary_037 soc=0.7999 fc=0
progress step=184800 round=15/40 episode=17/30 sample=zero_boundary_037 soc=0.7986 fc=130
progress step=184850 round=15/40 episode=17/30 sample=zero_boundary_037 soc=0.7992 fc=40
progress step=184900 round=15/40 episode=17/30 sample=zero_boundary_037 soc=0.7998 fc=40
progress step=184950 round=15/40 episode=17/30 sample=zero_boundary_037 soc=0.7988 fc=100
progress step=185000 round=15/40 episode=17/30 sample=zero_boundary_037 soc=0.7998 fc=0
progress step=185050 round=15/40 episode=17/30 sample=zero_boundary_037 soc=0.7990 fc=0
progress step=185100 round=15/40 episode=17/30 sample=zero_boundary_037 soc=0.7995 fc=0
progress step=185150 round=15/40 episode=17/30 sample=zero_boundary_037 soc=0.7997 fc=0
progress step=185200 round=15/40 episode=17/30 sample=zero_boundary_037 soc=0.7968 fc=180
progress step=185250 round=15/40 episode=17/30 sample=zero_boundary_037 soc=0.7986 fc=110
progress step=185300 round=15/40 episode=17/30 sample=zero_boundary_037 soc=0.7994 fc=20
progress step=185350 round=15/40 episode=17/30 sample=zero_boundary_037 soc=0.7986 fc=110
progress step=185400 round=15/40 episode=17/30 sample=zero_boundary_037 soc=0.7967 fc=180
progress step=185450 round=15/40 episode=17/30 sample=zero_boundary_037 soc=0.7996 fc=10
progress step=185500 round=15/40 episode=17/30 sample=zero_boundary_037 soc=0.7995 fc=40
progress step=185550 round=15/40 episode=18/30 sample=zero_boundary_038 soc=0.6290 fc=390
progress step=185600 round=15/40 episode=18/30 sample=zero_boundary_038 soc=0.6676 fc=390
progress step=185650 round=15/40 episode=18/30 sample=zero_boundary_038 soc=0.6216 fc=320
progress step=185700 round=15/40 episode=18/30 sample=zero_boundary_038 soc=0.6066 fc=390
progress step=185750 round=15/40 episode=18/30 sample=zero_boundary_038 soc=0.5059 fc=390
progress step=185800 round=15/40 episode=18/30 sample=zero_boundary_038 soc=0.3870 fc=390
progress step=185850 round=15/40 episode=18/30 sample=zero_boundary_038 soc=0.4450 fc=190
progress step=185900 round=15/40 episode=18/30 sample=zero_boundary_038 soc=0.5993 fc=260
progress step=185950 round=15/40 episode=18/30 sample=zero_boundary_038 soc=0.7877 fc=140
progress step=186000 round=15/40 episode=18/30 sample=zero_boundary_038 soc=0.7973 fc=150
progress step=186050 round=15/40 episode=18/30 sample=zero_boundary_038 soc=0.7824 fc=400
progress step=186100 round=15/40 episode=18/30 sample=zero_boundary_038 soc=0.7738 fc=390
progress step=186150 round=15/40 episode=18/30 sample=zero_boundary_038 soc=0.7800 fc=390
progress step=186200 round=15/40 episode=18/30 sample=zero_boundary_038 soc=0.7404 fc=200
progress step=186250 round=15/40 episode=19/30 sample=zero_boundary_040 soc=0.6158 fc=390
progress step=186300 round=15/40 episode=19/30 sample=zero_boundary_040 soc=0.6151 fc=360
progress step=186350 round=15/40 episode=19/30 sample=zero_boundary_040 soc=0.5083 fc=390
progress step=186400 round=15/40 episode=19/30 sample=zero_boundary_040 soc=0.4704 fc=390
progress step=186450 round=15/40 episode=19/30 sample=zero_boundary_040 soc=0.4549 fc=320
progress step=186500 round=15/40 episode=19/30 sample=zero_boundary_040 soc=0.4355 fc=100
progress step=186550 round=15/40 episode=19/30 sample=zero_boundary_040 soc=0.5097 fc=100
progress step=186600 round=15/40 episode=19/30 sample=zero_boundary_040 soc=0.6230 fc=100
progress step=186650 round=15/40 episode=19/30 sample=zero_boundary_040 soc=0.5581 fc=570
progress step=186700 round=15/40 episode=19/30 sample=zero_boundary_040 soc=0.4420 fc=400
progress step=186750 round=15/40 episode=20/30 sample=zero_boundary_041 soc=0.6187 fc=390
progress step=186800 round=15/40 episode=20/30 sample=zero_boundary_041 soc=0.5879 fc=390
progress step=186850 round=15/40 episode=20/30 sample=zero_boundary_041 soc=0.4580 fc=60
progress step=186900 round=15/40 episode=20/30 sample=zero_boundary_041 soc=0.2039 fc=370
progress step=186950 round=15/40 episode=21/30 sample=zero_boundary_042 soc=0.6974 fc=400
progress step=187000 round=15/40 episode=21/30 sample=zero_boundary_042 soc=0.5728 fc=0
progress step=187050 round=15/40 episode=21/30 sample=zero_boundary_042 soc=0.3294 fc=390
progress step=187100 round=15/40 episode=21/30 sample=zero_boundary_042 soc=0.2007 fc=490
progress step=187150 round=15/40 episode=21/30 sample=zero_boundary_042 soc=0.2010 fc=520
progress step=187200 round=15/40 episode=21/30 sample=zero_boundary_042 soc=0.2824 fc=300
progress step=187250 round=15/40 episode=21/30 sample=zero_boundary_042 soc=0.2002 fc=580
progress step=187300 round=15/40 episode=22/30 sample=zero_boundary_044 soc=0.6386 fc=390
progress step=187350 round=15/40 episode=22/30 sample=zero_boundary_044 soc=0.5043 fc=390
progress step=187400 round=15/40 episode=22/30 sample=zero_boundary_044 soc=0.2613 fc=20
progress step=187450 round=15/40 episode=23/30 sample=zero_boundary_045 soc=0.7103 fc=570
progress step=187500 round=15/40 episode=23/30 sample=zero_boundary_045 soc=0.6508 fc=240
progress step=187550 round=15/40 episode=23/30 sample=zero_boundary_045 soc=0.5851 fc=390
progress step=187600 round=15/40 episode=23/30 sample=zero_boundary_045 soc=0.3670 fc=480
progress step=187650 round=15/40 episode=23/30 sample=zero_boundary_045 soc=0.2140 fc=380
progress step=187700 round=15/40 episode=23/30 sample=zero_boundary_045 soc=0.2025 fc=280
progress step=187750 round=15/40 episode=24/30 sample=zero_boundary_046 soc=0.5885 fc=90
progress step=187800 round=15/40 episode=24/30 sample=zero_boundary_046 soc=0.4656 fc=120
progress step=187850 round=15/40 episode=24/30 sample=zero_boundary_046 soc=0.2637 fc=30
progress step=187900 round=15/40 episode=25/30 sample=zero_boundary_048 soc=0.6814 fc=40
progress step=187950 round=15/40 episode=25/30 sample=zero_boundary_048 soc=0.5536 fc=390
progress step=188000 round=15/40 episode=25/30 sample=zero_boundary_048 soc=0.4473 fc=390
progress step=188050 round=15/40 episode=25/30 sample=zero_boundary_048 soc=0.4732 fc=250
progress step=188100 round=15/40 episode=25/30 sample=zero_boundary_048 soc=0.5488 fc=390
progress step=188150 round=15/40 episode=25/30 sample=zero_boundary_048 soc=0.5827 fc=180
progress step=188200 round=15/40 episode=26/30 sample=zero_boundary_049 soc=0.6811 fc=390
progress step=188250 round=15/40 episode=26/30 sample=zero_boundary_049 soc=0.6896 fc=530
progress step=188300 round=15/40 episode=26/30 sample=zero_boundary_049 soc=0.6884 fc=600
progress step=188350 round=15/40 episode=26/30 sample=zero_boundary_049 soc=0.7403 fc=390
progress step=188400 round=15/40 episode=26/30 sample=zero_boundary_049 soc=0.7964 fc=310
progress step=188450 round=15/40 episode=27/30 sample=zero_boundary_050 soc=0.6601 fc=80
progress step=188500 round=15/40 episode=27/30 sample=zero_boundary_050 soc=0.5762 fc=470
progress step=188550 round=15/40 episode=27/30 sample=zero_boundary_050 soc=0.4235 fc=580
progress step=188600 round=15/40 episode=27/30 sample=zero_boundary_050 soc=0.3098 fc=110
progress step=188650 round=15/40 episode=28/30 sample=zero_boundary_051 soc=0.6318 fc=360
progress step=188700 round=15/40 episode=28/30 sample=zero_boundary_051 soc=0.6442 fc=250
progress step=188750 round=15/40 episode=28/30 sample=zero_boundary_051 soc=0.6624 fc=390
progress step=188800 round=15/40 episode=29/30 sample=zero_boundary_052 soc=0.6565 fc=10
progress step=188850 round=15/40 episode=29/30 sample=zero_boundary_052 soc=0.5802 fc=130
progress step=188900 round=15/40 episode=29/30 sample=zero_boundary_052 soc=0.3735 fc=210
progress step=188950 round=15/40 episode=29/30 sample=zero_boundary_052 soc=0.4077 fc=530
progress step=189000 round=15/40 episode=29/30 sample=zero_boundary_052 soc=0.5569 fc=390
progress step=189050 round=15/40 episode=30/30 sample=zero_boundary_053 soc=0.6993 fc=420
progress step=189100 round=15/40 episode=30/30 sample=zero_boundary_053 soc=0.6435 fc=600
progress step=189150 round=15/40 episode=30/30 sample=zero_boundary_053 soc=0.5125 fc=180
progress step=189200 round=15/40 episode=30/30 sample=zero_boundary_053 soc=0.6352 fc=160
progress step=189250 round=15/40 episode=30/30 sample=zero_boundary_053 soc=0.6773 fc=250
round 15/40 exploratory=19/30 greedy_train start
MONITOR round=15 exploratory=19/30 greedy_train=14/30 validation=SKIPPED cost=None updates=11565 best_round=7
round 16/40 start epsilon=0.6346
progress step=189300 round=16/40 episode=1/30 sample=zero_boundary_002 soc=0.6938 fc=410
progress step=189350 round=16/40 episode=1/30 sample=zero_boundary_002 soc=0.6069 fc=20
progress step=189400 round=16/40 episode=1/30 sample=zero_boundary_002 soc=0.2906 fc=560
progress step=189450 round=16/40 episode=1/30 sample=zero_boundary_002 soc=0.4176 fc=440
progress step=189500 round=16/40 episode=1/30 sample=zero_boundary_002 soc=0.3499 fc=360
progress step=189550 round=16/40 episode=1/30 sample=zero_boundary_002 soc=0.4476 fc=0
progress step=189600 round=16/40 episode=2/30 sample=zero_boundary_005 soc=0.6522 fc=250
progress step=189650 round=16/40 episode=2/30 sample=zero_boundary_005 soc=0.5798 fc=390
progress step=189700 round=16/40 episode=2/30 sample=zero_boundary_005 soc=0.5188 fc=260
progress step=189750 round=16/40 episode=2/30 sample=zero_boundary_005 soc=0.3865 fc=50
progress step=189800 round=16/40 episode=2/30 sample=zero_boundary_005 soc=0.2061 fc=510
progress step=189850 round=16/40 episode=2/30 sample=zero_boundary_005 soc=0.2257 fc=0
progress step=189900 round=16/40 episode=3/30 sample=zero_boundary_006 soc=0.6620 fc=420
progress step=189950 round=16/40 episode=3/30 sample=zero_boundary_006 soc=0.7100 fc=0
progress step=190000 round=16/40 episode=3/30 sample=zero_boundary_006 soc=0.7954 fc=20
progress step=190050 round=16/40 episode=3/30 sample=zero_boundary_006 soc=0.7970 fc=250
progress step=190100 round=16/40 episode=3/30 sample=zero_boundary_006 soc=0.7993 fc=40
progress step=190150 round=16/40 episode=3/30 sample=zero_boundary_006 soc=0.7949 fc=460
progress step=190200 round=16/40 episode=3/30 sample=zero_boundary_006 soc=0.7993 fc=190
progress step=190250 round=16/40 episode=4/30 sample=zero_boundary_007 soc=0.5923 fc=50
progress step=190300 round=16/40 episode=4/30 sample=zero_boundary_007 soc=0.4690 fc=0
progress step=190350 round=16/40 episode=4/30 sample=zero_boundary_007 soc=0.4491 fc=0
progress step=190400 round=16/40 episode=4/30 sample=zero_boundary_007 soc=0.4425 fc=180
progress step=190450 round=16/40 episode=4/30 sample=zero_boundary_007 soc=0.3488 fc=310
progress step=190500 round=16/40 episode=4/30 sample=zero_boundary_007 soc=0.3648 fc=0
progress step=190550 round=16/40 episode=5/30 sample=zero_boundary_008 soc=0.5296 fc=0
progress step=190600 round=16/40 episode=6/30 sample=zero_boundary_011 soc=0.6499 fc=520
progress step=190650 round=16/40 episode=6/30 sample=zero_boundary_011 soc=0.7986 fc=0
progress step=190700 round=16/40 episode=6/30 sample=zero_boundary_011 soc=0.6495 fc=240
progress step=190750 round=16/40 episode=6/30 sample=zero_boundary_011 soc=0.4271 fc=160
progress step=190800 round=16/40 episode=6/30 sample=zero_boundary_011 soc=0.2290 fc=120
progress step=190850 round=16/40 episode=7/30 sample=zero_boundary_013 soc=0.7233 fc=90
progress step=190900 round=16/40 episode=7/30 sample=zero_boundary_013 soc=0.7550 fc=490
progress step=190950 round=16/40 episode=7/30 sample=zero_boundary_013 soc=0.7108 fc=540
progress step=191000 round=16/40 episode=7/30 sample=zero_boundary_013 soc=0.6683 fc=390
progress step=191050 round=16/40 episode=7/30 sample=zero_boundary_013 soc=0.6836 fc=270
progress step=191100 round=16/40 episode=7/30 sample=zero_boundary_013 soc=0.6185 fc=480
progress step=191150 round=16/40 episode=8/30 sample=zero_boundary_015 soc=0.6000 fc=260
progress step=191200 round=16/40 episode=8/30 sample=zero_boundary_015 soc=0.6183 fc=150
progress step=191250 round=16/40 episode=8/30 sample=zero_boundary_015 soc=0.6118 fc=560
progress step=191300 round=16/40 episode=9/30 sample=zero_boundary_016 soc=0.6527 fc=390
progress step=191350 round=16/40 episode=9/30 sample=zero_boundary_016 soc=0.7957 fc=220
progress step=191400 round=16/40 episode=9/30 sample=zero_boundary_016 soc=0.6928 fc=390
progress step=191450 round=16/40 episode=9/30 sample=zero_boundary_016 soc=0.4941 fc=590
progress step=191500 round=16/40 episode=10/30 sample=zero_boundary_017 soc=0.6029 fc=220
progress step=191550 round=16/40 episode=10/30 sample=zero_boundary_017 soc=0.4982 fc=250
progress step=191600 round=16/40 episode=10/30 sample=zero_boundary_017 soc=0.2217 fc=390
progress step=191650 round=16/40 episode=11/30 sample=zero_boundary_020 soc=0.6515 fc=0
progress step=191700 round=16/40 episode=11/30 sample=zero_boundary_020 soc=0.6424 fc=440
progress step=191750 round=16/40 episode=12/30 sample=zero_boundary_021 soc=0.6900 fc=390
progress step=191800 round=16/40 episode=12/30 sample=zero_boundary_021 soc=0.7867 fc=470
progress step=191850 round=16/40 episode=12/30 sample=zero_boundary_021 soc=0.6470 fc=10
progress step=191900 round=16/40 episode=12/30 sample=zero_boundary_021 soc=0.4611 fc=0
progress step=191950 round=16/40 episode=12/30 sample=zero_boundary_021 soc=0.4722 fc=390
progress step=192000 round=16/40 episode=13/30 sample=zero_boundary_022 soc=0.6652 fc=390
progress step=192050 round=16/40 episode=13/30 sample=zero_boundary_022 soc=0.6119 fc=390
progress step=192100 round=16/40 episode=13/30 sample=zero_boundary_022 soc=0.6601 fc=390
progress step=192150 round=16/40 episode=14/30 sample=zero_boundary_029 soc=0.6525 fc=140
progress step=192200 round=16/40 episode=14/30 sample=zero_boundary_029 soc=0.7281 fc=390
progress step=192250 round=16/40 episode=14/30 sample=zero_boundary_029 soc=0.6548 fc=390
progress step=192300 round=16/40 episode=14/30 sample=zero_boundary_029 soc=0.6128 fc=390
progress step=192350 round=16/40 episode=14/30 sample=zero_boundary_029 soc=0.7149 fc=390
progress step=192400 round=16/40 episode=14/30 sample=zero_boundary_029 soc=0.7571 fc=530
progress step=192450 round=16/40 episode=14/30 sample=zero_boundary_029 soc=0.7824 fc=430
progress step=192500 round=16/40 episode=14/30 sample=zero_boundary_029 soc=0.7999 fc=0
progress step=192550 round=16/40 episode=14/30 sample=zero_boundary_029 soc=0.7999 fc=0
progress step=192600 round=16/40 episode=14/30 sample=zero_boundary_029 soc=0.7999 fc=0
progress step=192650 round=16/40 episode=14/30 sample=zero_boundary_029 soc=0.7999 fc=0
progress step=192700 round=16/40 episode=14/30 sample=zero_boundary_029 soc=0.7999 fc=0
progress step=192750 round=16/40 episode=14/30 sample=zero_boundary_029 soc=0.7999 fc=0
progress step=192800 round=16/40 episode=14/30 sample=zero_boundary_029 soc=0.7999 fc=0
progress step=192850 round=16/40 episode=14/30 sample=zero_boundary_029 soc=0.7999 fc=0
progress step=192900 round=16/40 episode=14/30 sample=zero_boundary_029 soc=0.7999 fc=0
progress step=192950 round=16/40 episode=14/30 sample=zero_boundary_029 soc=0.7999 fc=0
progress step=193000 round=16/40 episode=14/30 sample=zero_boundary_029 soc=0.7999 fc=0
progress step=193050 round=16/40 episode=14/30 sample=zero_boundary_029 soc=0.7977 fc=390
progress step=193100 round=16/40 episode=14/30 sample=zero_boundary_029 soc=0.7731 fc=150
progress step=193150 round=16/40 episode=14/30 sample=zero_boundary_029 soc=0.7605 fc=0
progress step=193200 round=16/40 episode=14/30 sample=zero_boundary_029 soc=0.7992 fc=40
progress step=193250 round=16/40 episode=15/30 sample=zero_boundary_033 soc=0.7332 fc=150
progress step=193300 round=16/40 episode=15/30 sample=zero_boundary_033 soc=0.7464 fc=400
progress step=193350 round=16/40 episode=15/30 sample=zero_boundary_033 soc=0.7154 fc=400
progress step=193400 round=16/40 episode=15/30 sample=zero_boundary_033 soc=0.6641 fc=0
progress step=193450 round=16/40 episode=15/30 sample=zero_boundary_033 soc=0.6892 fc=570
progress step=193500 round=16/40 episode=15/30 sample=zero_boundary_033 soc=0.5355 fc=250
progress step=193550 round=16/40 episode=15/30 sample=zero_boundary_033 soc=0.6177 fc=280
progress step=193600 round=16/40 episode=15/30 sample=zero_boundary_033 soc=0.8000 fc=0
progress step=193650 round=16/40 episode=15/30 sample=zero_boundary_033 soc=0.8000 fc=0
progress step=193700 round=16/40 episode=15/30 sample=zero_boundary_033 soc=0.8000 fc=0
progress step=193750 round=16/40 episode=15/30 sample=zero_boundary_033 soc=0.8000 fc=0
progress step=193800 round=16/40 episode=15/30 sample=zero_boundary_033 soc=0.8000 fc=0
progress step=193850 round=16/40 episode=15/30 sample=zero_boundary_033 soc=0.8000 fc=0
progress step=193900 round=16/40 episode=15/30 sample=zero_boundary_033 soc=0.7999 fc=0
progress step=193950 round=16/40 episode=15/30 sample=zero_boundary_033 soc=0.7996 fc=30
progress step=194000 round=16/40 episode=15/30 sample=zero_boundary_033 soc=0.7991 fc=0
progress step=194050 round=16/40 episode=15/30 sample=zero_boundary_033 soc=0.7994 fc=70
progress step=194100 round=16/40 episode=15/30 sample=zero_boundary_033 soc=0.7990 fc=0
progress step=194150 round=16/40 episode=15/30 sample=zero_boundary_033 soc=0.7997 fc=20
progress step=194200 round=16/40 episode=16/30 sample=zero_boundary_034 soc=0.7205 fc=390
progress step=194250 round=16/40 episode=16/30 sample=zero_boundary_034 soc=0.8000 fc=0
progress step=194300 round=16/40 episode=16/30 sample=zero_boundary_034 soc=0.8000 fc=0
progress step=194350 round=16/40 episode=16/30 sample=zero_boundary_034 soc=0.8000 fc=0
progress step=194400 round=16/40 episode=16/30 sample=zero_boundary_034 soc=0.8000 fc=0
progress step=194450 round=16/40 episode=16/30 sample=zero_boundary_034 soc=0.8000 fc=0
progress step=194500 round=16/40 episode=16/30 sample=zero_boundary_034 soc=0.8000 fc=0
progress step=194550 round=16/40 episode=16/30 sample=zero_boundary_034 soc=0.8000 fc=0
progress step=194600 round=16/40 episode=16/30 sample=zero_boundary_034 soc=0.8000 fc=0
progress step=194650 round=16/40 episode=16/30 sample=zero_boundary_034 soc=0.8000 fc=0
progress step=194700 round=16/40 episode=16/30 sample=zero_boundary_034 soc=0.8000 fc=0
progress step=194750 round=16/40 episode=16/30 sample=zero_boundary_034 soc=0.8000 fc=0
progress step=194800 round=16/40 episode=16/30 sample=zero_boundary_034 soc=0.8000 fc=0
progress step=194850 round=16/40 episode=16/30 sample=zero_boundary_034 soc=0.8000 fc=0
progress step=194900 round=16/40 episode=16/30 sample=zero_boundary_034 soc=0.8000 fc=0
progress step=194950 round=16/40 episode=16/30 sample=zero_boundary_034 soc=0.8000 fc=0
progress step=195000 round=16/40 episode=16/30 sample=zero_boundary_034 soc=0.8000 fc=0
progress step=195050 round=16/40 episode=16/30 sample=zero_boundary_034 soc=0.7978 fc=0
progress step=195100 round=16/40 episode=16/30 sample=zero_boundary_034 soc=0.7970 fc=0
progress step=195150 round=16/40 episode=16/30 sample=zero_boundary_034 soc=0.7954 fc=180
progress step=195200 round=16/40 episode=16/30 sample=zero_boundary_034 soc=0.7962 fc=0
progress step=195250 round=16/40 episode=16/30 sample=zero_boundary_034 soc=0.7945 fc=80
progress step=195300 round=16/40 episode=16/30 sample=zero_boundary_034 soc=0.7998 fc=30
progress step=195350 round=16/40 episode=16/30 sample=zero_boundary_034 soc=0.7997 fc=0
progress step=195400 round=16/40 episode=16/30 sample=zero_boundary_034 soc=0.7999 fc=0
progress step=195450 round=16/40 episode=16/30 sample=zero_boundary_034 soc=0.7999 fc=0
progress step=195500 round=16/40 episode=16/30 sample=zero_boundary_034 soc=0.7999 fc=0
progress step=195550 round=16/40 episode=16/30 sample=zero_boundary_034 soc=0.7999 fc=0
progress step=195600 round=16/40 episode=16/30 sample=zero_boundary_034 soc=0.7999 fc=0
progress step=195650 round=16/40 episode=16/30 sample=zero_boundary_034 soc=0.7999 fc=0
progress step=195700 round=16/40 episode=16/30 sample=zero_boundary_034 soc=0.7999 fc=0
progress step=195750 round=16/40 episode=16/30 sample=zero_boundary_034 soc=0.7999 fc=0
progress step=195800 round=16/40 episode=16/30 sample=zero_boundary_034 soc=0.7982 fc=0
progress step=195850 round=16/40 episode=17/30 sample=zero_boundary_037 soc=0.7116 fc=350
progress step=195900 round=16/40 episode=17/30 sample=zero_boundary_037 soc=0.7648 fc=50
progress step=195950 round=16/40 episode=17/30 sample=zero_boundary_037 soc=0.7999 fc=0
progress step=196000 round=16/40 episode=17/30 sample=zero_boundary_037 soc=0.7975 fc=0
progress step=196050 round=16/40 episode=17/30 sample=zero_boundary_037 soc=0.7885 fc=390
progress step=196100 round=16/40 episode=17/30 sample=zero_boundary_037 soc=0.7311 fc=390
progress step=196150 round=16/40 episode=17/30 sample=zero_boundary_037 soc=0.5863 fc=270
progress step=196200 round=16/40 episode=17/30 sample=zero_boundary_037 soc=0.6663 fc=0
progress step=196250 round=16/40 episode=17/30 sample=zero_boundary_037 soc=0.7992 fc=60
progress step=196300 round=16/40 episode=17/30 sample=zero_boundary_037 soc=0.7998 fc=20
progress step=196350 round=16/40 episode=17/30 sample=zero_boundary_037 soc=0.7992 fc=120
progress step=196400 round=16/40 episode=17/30 sample=zero_boundary_037 soc=0.7974 fc=0
progress step=196450 round=16/40 episode=17/30 sample=zero_boundary_037 soc=0.8000 fc=10
progress step=196500 round=16/40 episode=17/30 sample=zero_boundary_037 soc=0.7960 fc=300
progress step=196550 round=16/40 episode=17/30 sample=zero_boundary_037 soc=0.8000 fc=40
progress step=196600 round=16/40 episode=17/30 sample=zero_boundary_037 soc=0.7975 fc=240
progress step=196650 round=16/40 episode=17/30 sample=zero_boundary_037 soc=0.7984 fc=110
progress step=196700 round=16/40 episode=17/30 sample=zero_boundary_037 soc=0.8000 fc=0
progress step=196750 round=16/40 episode=17/30 sample=zero_boundary_037 soc=0.8000 fc=40
progress step=196800 round=16/40 episode=17/30 sample=zero_boundary_037 soc=0.7990 fc=70
progress step=196850 round=16/40 episode=17/30 sample=zero_boundary_037 soc=0.7999 fc=0
progress step=196900 round=16/40 episode=17/30 sample=zero_boundary_037 soc=0.7999 fc=0
progress step=196950 round=16/40 episode=17/30 sample=zero_boundary_037 soc=0.7993 fc=30
progress step=197000 round=16/40 episode=17/30 sample=zero_boundary_037 soc=0.7970 fc=140
progress step=197050 round=16/40 episode=17/30 sample=zero_boundary_037 soc=0.7984 fc=120
progress step=197100 round=16/40 episode=17/30 sample=zero_boundary_037 soc=0.7987 fc=50
progress step=197150 round=16/40 episode=17/30 sample=zero_boundary_037 soc=0.7990 fc=90
progress step=197200 round=16/40 episode=17/30 sample=zero_boundary_037 soc=0.7985 fc=170
progress step=197250 round=16/40 episode=17/30 sample=zero_boundary_037 soc=0.7997 fc=70
progress step=197300 round=16/40 episode=17/30 sample=zero_boundary_037 soc=0.7990 fc=0
progress step=197350 round=16/40 episode=17/30 sample=zero_boundary_037 soc=0.7987 fc=0
progress step=197400 round=16/40 episode=17/30 sample=zero_boundary_037 soc=0.7999 fc=0
progress step=197450 round=16/40 episode=17/30 sample=zero_boundary_037 soc=0.7997 fc=30
progress step=197500 round=16/40 episode=17/30 sample=zero_boundary_037 soc=0.7994 fc=70
progress step=197550 round=16/40 episode=17/30 sample=zero_boundary_037 soc=0.7976 fc=200
progress step=197600 round=16/40 episode=17/30 sample=zero_boundary_037 soc=0.7992 fc=20
progress step=197650 round=16/40 episode=17/30 sample=zero_boundary_037 soc=0.7996 fc=0
progress step=197700 round=16/40 episode=17/30 sample=zero_boundary_037 soc=0.7996 fc=0
progress step=197750 round=16/40 episode=18/30 sample=zero_boundary_038 soc=0.6943 fc=380
progress step=197800 round=16/40 episode=18/30 sample=zero_boundary_038 soc=0.6403 fc=70
progress step=197850 round=16/40 episode=18/30 sample=zero_boundary_038 soc=0.6349 fc=370
progress step=197900 round=16/40 episode=18/30 sample=zero_boundary_038 soc=0.5184 fc=590
progress step=197950 round=16/40 episode=18/30 sample=zero_boundary_038 soc=0.4387 fc=370
progress step=198000 round=16/40 episode=18/30 sample=zero_boundary_038 soc=0.3996 fc=370
progress step=198050 round=16/40 episode=18/30 sample=zero_boundary_038 soc=0.5418 fc=210
progress step=198100 round=16/40 episode=18/30 sample=zero_boundary_038 soc=0.7288 fc=80
progress step=198150 round=16/40 episode=18/30 sample=zero_boundary_038 soc=0.7990 fc=90
progress step=198200 round=16/40 episode=18/30 sample=zero_boundary_038 soc=0.7865 fc=240
progress step=198250 round=16/40 episode=18/30 sample=zero_boundary_038 soc=0.7807 fc=70
progress step=198300 round=16/40 episode=18/30 sample=zero_boundary_038 soc=0.7686 fc=370
progress step=198350 round=16/40 episode=18/30 sample=zero_boundary_038 soc=0.7479 fc=370
progress step=198400 round=16/40 episode=18/30 sample=zero_boundary_038 soc=0.7993 fc=30
progress step=198450 round=16/40 episode=19/30 sample=zero_boundary_040 soc=0.6004 fc=370
progress step=198500 round=16/40 episode=19/30 sample=zero_boundary_040 soc=0.4905 fc=370
progress step=198550 round=16/40 episode=19/30 sample=zero_boundary_040 soc=0.4408 fc=120
progress step=198600 round=16/40 episode=19/30 sample=zero_boundary_040 soc=0.4139 fc=370
progress step=198650 round=16/40 episode=19/30 sample=zero_boundary_040 soc=0.4023 fc=140
progress step=198700 round=16/40 episode=19/30 sample=zero_boundary_040 soc=0.4506 fc=270
progress step=198750 round=16/40 episode=19/30 sample=zero_boundary_040 soc=0.6147 fc=370
progress step=198800 round=16/40 episode=19/30 sample=zero_boundary_040 soc=0.5718 fc=180
progress step=198850 round=16/40 episode=19/30 sample=zero_boundary_040 soc=0.5030 fc=370
progress step=198900 round=16/40 episode=19/30 sample=zero_boundary_040 soc=0.4735 fc=460
progress step=198950 round=16/40 episode=20/30 sample=zero_boundary_041 soc=0.5944 fc=320
progress step=199000 round=16/40 episode=20/30 sample=zero_boundary_041 soc=0.4818 fc=0
progress step=199050 round=16/40 episode=20/30 sample=zero_boundary_041 soc=0.2065 fc=320
progress step=199100 round=16/40 episode=21/30 sample=zero_boundary_042 soc=0.6839 fc=190
progress step=199150 round=16/40 episode=21/30 sample=zero_boundary_042 soc=0.5176 fc=100
progress step=199200 round=16/40 episode=21/30 sample=zero_boundary_042 soc=0.3202 fc=320
progress step=199250 round=16/40 episode=21/30 sample=zero_boundary_042 soc=0.2020 fc=420
progress step=199300 round=16/40 episode=21/30 sample=zero_boundary_042 soc=0.2014 fc=560
progress step=199350 round=16/40 episode=21/30 sample=zero_boundary_042 soc=0.2890 fc=220
progress step=199400 round=16/40 episode=21/30 sample=zero_boundary_042 soc=0.2005 fc=520
progress step=199450 round=16/40 episode=22/30 sample=zero_boundary_044 soc=0.6101 fc=0
progress step=199500 round=16/40 episode=22/30 sample=zero_boundary_044 soc=0.4477 fc=0
progress step=199550 round=16/40 episode=23/30 sample=zero_boundary_045 soc=0.6189 fc=570
progress step=199600 round=16/40 episode=23/30 sample=zero_boundary_045 soc=0.6412 fc=320
progress step=199650 round=16/40 episode=23/30 sample=zero_boundary_045 soc=0.5135 fc=380
progress step=199700 round=16/40 episode=23/30 sample=zero_boundary_045 soc=0.3237 fc=0
progress step=199750 round=16/40 episode=24/30 sample=zero_boundary_046 soc=0.6258 fc=310
progress step=199800 round=16/40 episode=24/30 sample=zero_boundary_046 soc=0.4926 fc=320
progress step=199850 round=16/40 episode=24/30 sample=zero_boundary_046 soc=0.2655 fc=460
progress step=199900 round=16/40 episode=25/30 sample=zero_boundary_048 soc=0.6663 fc=320
progress step=199950 round=16/40 episode=25/30 sample=zero_boundary_048 soc=0.5043 fc=0
progress step=200000 round=16/40 episode=25/30 sample=zero_boundary_048 soc=0.3822 fc=120
progress step=200050 round=16/40 episode=25/30 sample=zero_boundary_048 soc=0.4049 fc=110
progress step=200100 round=16/40 episode=25/30 sample=zero_boundary_048 soc=0.3769 fc=320
progress step=200150 round=16/40 episode=25/30 sample=zero_boundary_048 soc=0.3607 fc=90
progress step=200200 round=16/40 episode=26/30 sample=zero_boundary_049 soc=0.6433 fc=70
progress step=200250 round=16/40 episode=26/30 sample=zero_boundary_049 soc=0.5975 fc=290
progress step=200300 round=16/40 episode=26/30 sample=zero_boundary_049 soc=0.5690 fc=130
progress step=200350 round=16/40 episode=26/30 sample=zero_boundary_049 soc=0.5381 fc=150
progress step=200400 round=16/40 episode=26/30 sample=zero_boundary_049 soc=0.5642 fc=0
progress step=200450 round=16/40 episode=27/30 sample=zero_boundary_050 soc=0.6371 fc=500
progress step=200500 round=16/40 episode=27/30 sample=zero_boundary_050 soc=0.4901 fc=230
progress step=200550 round=16/40 episode=27/30 sample=zero_boundary_050 soc=0.2922 fc=70
progress step=200600 round=16/40 episode=28/30 sample=zero_boundary_051 soc=0.6029 fc=0
progress step=200650 round=16/40 episode=28/30 sample=zero_boundary_051 soc=0.5460 fc=320
progress step=200700 round=16/40 episode=28/30 sample=zero_boundary_051 soc=0.4980 fc=130
progress step=200750 round=16/40 episode=29/30 sample=zero_boundary_052 soc=0.6166 fc=320
progress step=200800 round=16/40 episode=29/30 sample=zero_boundary_052 soc=0.4834 fc=310
progress step=200850 round=16/40 episode=30/30 sample=zero_boundary_053 soc=0.6131 fc=500
progress step=200900 round=16/40 episode=30/30 sample=zero_boundary_053 soc=0.6229 fc=0
progress step=200950 round=16/40 episode=30/30 sample=zero_boundary_053 soc=0.4279 fc=310
progress step=201000 round=16/40 episode=30/30 sample=zero_boundary_053 soc=0.3735 fc=490
progress step=201050 round=16/40 episode=30/30 sample=zero_boundary_053 soc=0.3110 fc=280
round 16/40 exploratory=18/30 greedy_train start
MONITOR round=16 exploratory=18/30 greedy_train=11/30 validation=SKIPPED cost=None updates=12206 best_round=7
round 17/40 start epsilon=0.6103
progress step=201100 round=17/40 episode=1/30 sample=zero_boundary_002 soc=0.6009 fc=520
progress step=201150 round=17/40 episode=1/30 sample=zero_boundary_002 soc=0.6861 fc=0
progress step=201200 round=17/40 episode=1/30 sample=zero_boundary_002 soc=0.3376 fc=330
progress step=201250 round=17/40 episode=2/30 sample=zero_boundary_005 soc=0.6608 fc=0
progress step=201300 round=17/40 episode=2/30 sample=zero_boundary_005 soc=0.5467 fc=0
progress step=201350 round=17/40 episode=2/30 sample=zero_boundary_005 soc=0.4688 fc=0
progress step=201400 round=17/40 episode=2/30 sample=zero_boundary_005 soc=0.3380 fc=0
progress step=201450 round=17/40 episode=2/30 sample=zero_boundary_005 soc=0.2005 fc=590
progress step=201500 round=17/40 episode=2/30 sample=zero_boundary_005 soc=0.2651 fc=390
progress step=201550 round=17/40 episode=3/30 sample=zero_boundary_006 soc=0.7059 fc=390
progress step=201600 round=17/40 episode=3/30 sample=zero_boundary_006 soc=0.7755 fc=320
progress step=201650 round=17/40 episode=3/30 sample=zero_boundary_006 soc=0.7971 fc=120
progress step=201700 round=17/40 episode=3/30 sample=zero_boundary_006 soc=0.7931 fc=0
progress step=201750 round=17/40 episode=3/30 sample=zero_boundary_006 soc=0.7974 fc=190
progress step=201800 round=17/40 episode=3/30 sample=zero_boundary_006 soc=0.7948 fc=480
progress step=201850 round=17/40 episode=3/30 sample=zero_boundary_006 soc=0.7985 fc=140
progress step=201900 round=17/40 episode=4/30 sample=zero_boundary_007 soc=0.6303 fc=0
progress step=201950 round=17/40 episode=4/30 sample=zero_boundary_007 soc=0.4774 fc=0
progress step=202000 round=17/40 episode=4/30 sample=zero_boundary_007 soc=0.4370 fc=100
progress step=202050 round=17/40 episode=4/30 sample=zero_boundary_007 soc=0.4904 fc=20
progress step=202100 round=17/40 episode=4/30 sample=zero_boundary_007 soc=0.3640 fc=0
progress step=202150 round=17/40 episode=4/30 sample=zero_boundary_007 soc=0.3188 fc=380
progress step=202200 round=17/40 episode=5/30 sample=zero_boundary_008 soc=0.4636 fc=310
progress step=202250 round=17/40 episode=6/30 sample=zero_boundary_011 soc=0.6401 fc=0
progress step=202300 round=17/40 episode=6/30 sample=zero_boundary_011 soc=0.7324 fc=0
progress step=202350 round=17/40 episode=6/30 sample=zero_boundary_011 soc=0.5532 fc=560
progress step=202400 round=17/40 episode=6/30 sample=zero_boundary_011 soc=0.3396 fc=300
progress step=202450 round=17/40 episode=7/30 sample=zero_boundary_013 soc=0.6055 fc=0
progress step=202500 round=17/40 episode=7/30 sample=zero_boundary_013 soc=0.6976 fc=0
progress step=202550 round=17/40 episode=7/30 sample=zero_boundary_013 soc=0.6446 fc=470
progress step=202600 round=17/40 episode=7/30 sample=zero_boundary_013 soc=0.4996 fc=0
progress step=202650 round=17/40 episode=7/30 sample=zero_boundary_013 soc=0.4195 fc=0
progress step=202700 round=17/40 episode=7/30 sample=zero_boundary_013 soc=0.4307 fc=0
progress step=202750 round=17/40 episode=7/30 sample=zero_boundary_013 soc=0.3904 fc=480
progress step=202800 round=17/40 episode=8/30 sample=zero_boundary_015 soc=0.6177 fc=50
progress step=202850 round=17/40 episode=8/30 sample=zero_boundary_015 soc=0.5963 fc=510
progress step=202900 round=17/40 episode=8/30 sample=zero_boundary_015 soc=0.4426 fc=460
progress step=202950 round=17/40 episode=9/30 sample=zero_boundary_016 soc=0.7158 fc=180
progress step=203000 round=17/40 episode=9/30 sample=zero_boundary_016 soc=0.7168 fc=120
progress step=203050 round=17/40 episode=9/30 sample=zero_boundary_016 soc=0.4773 fc=410
progress step=203100 round=17/40 episode=9/30 sample=zero_boundary_016 soc=0.2000 fc=580
progress step=203150 round=17/40 episode=10/30 sample=zero_boundary_017 soc=0.4781 fc=410
progress step=203200 round=17/40 episode=11/30 sample=zero_boundary_020 soc=0.6158 fc=410
progress step=203250 round=17/40 episode=11/30 sample=zero_boundary_020 soc=0.6181 fc=160
progress step=203300 round=17/40 episode=11/30 sample=zero_boundary_020 soc=0.6033 fc=590
progress step=203350 round=17/40 episode=12/30 sample=zero_boundary_021 soc=0.6956 fc=420
progress step=203400 round=17/40 episode=12/30 sample=zero_boundary_021 soc=0.7183 fc=410
progress step=203450 round=17/40 episode=12/30 sample=zero_boundary_021 soc=0.5844 fc=340
progress step=203500 round=17/40 episode=12/30 sample=zero_boundary_021 soc=0.3860 fc=210
progress step=203550 round=17/40 episode=13/30 sample=zero_boundary_022 soc=0.6033 fc=0
progress step=203600 round=17/40 episode=13/30 sample=zero_boundary_022 soc=0.5552 fc=150
progress step=203650 round=17/40 episode=13/30 sample=zero_boundary_022 soc=0.4507 fc=410
progress step=203700 round=17/40 episode=13/30 sample=zero_boundary_022 soc=0.4563 fc=260
progress step=203750 round=17/40 episode=14/30 sample=zero_boundary_029 soc=0.6459 fc=250
progress step=203800 round=17/40 episode=14/30 sample=zero_boundary_029 soc=0.6322 fc=190
progress step=203850 round=17/40 episode=14/30 sample=zero_boundary_029 soc=0.5149 fc=410
progress step=203900 round=17/40 episode=14/30 sample=zero_boundary_029 soc=0.4257 fc=410
progress step=203950 round=17/40 episode=14/30 sample=zero_boundary_029 soc=0.4792 fc=160
progress step=204000 round=17/40 episode=14/30 sample=zero_boundary_029 soc=0.4479 fc=0
progress step=204050 round=17/40 episode=14/30 sample=zero_boundary_029 soc=0.4133 fc=290
progress step=204100 round=17/40 episode=14/30 sample=zero_boundary_029 soc=0.4802 fc=180
progress step=204150 round=17/40 episode=14/30 sample=zero_boundary_029 soc=0.5838 fc=0
progress step=204200 round=17/40 episode=14/30 sample=zero_boundary_029 soc=0.7102 fc=190
progress step=204250 round=17/40 episode=14/30 sample=zero_boundary_029 soc=0.7999 fc=0
progress step=204300 round=17/40 episode=14/30 sample=zero_boundary_029 soc=0.7999 fc=0
progress step=204350 round=17/40 episode=14/30 sample=zero_boundary_029 soc=0.7999 fc=0
progress step=204400 round=17/40 episode=14/30 sample=zero_boundary_029 soc=0.7999 fc=0
progress step=204450 round=17/40 episode=14/30 sample=zero_boundary_029 soc=0.7999 fc=0
progress step=204500 round=17/40 episode=14/30 sample=zero_boundary_029 soc=0.7999 fc=0
progress step=204550 round=17/40 episode=14/30 sample=zero_boundary_029 soc=0.7999 fc=0
progress step=204600 round=17/40 episode=14/30 sample=zero_boundary_029 soc=0.7999 fc=0
progress step=204650 round=17/40 episode=14/30 sample=zero_boundary_029 soc=0.7602 fc=280
progress step=204700 round=17/40 episode=14/30 sample=zero_boundary_029 soc=0.7004 fc=0
progress step=204750 round=17/40 episode=14/30 sample=zero_boundary_029 soc=0.6300 fc=330
progress step=204800 round=17/40 episode=15/30 sample=zero_boundary_033 soc=0.6125 fc=0
progress step=204850 round=17/40 episode=15/30 sample=zero_boundary_033 soc=0.6568 fc=240
progress step=204900 round=17/40 episode=15/30 sample=zero_boundary_033 soc=0.5347 fc=90
progress step=204950 round=17/40 episode=15/30 sample=zero_boundary_033 soc=0.4273 fc=30
progress step=205000 round=17/40 episode=15/30 sample=zero_boundary_033 soc=0.2765 fc=0
progress step=205050 round=17/40 episode=15/30 sample=zero_boundary_033 soc=0.2598 fc=590
progress step=205100 round=17/40 episode=15/30 sample=zero_boundary_033 soc=0.2001 fc=520
progress step=205150 round=17/40 episode=15/30 sample=zero_boundary_033 soc=0.2325 fc=350
progress step=205200 round=17/40 episode=15/30 sample=zero_boundary_033 soc=0.3397 fc=0
progress step=205250 round=17/40 episode=15/30 sample=zero_boundary_033 soc=0.4647 fc=550
progress step=205300 round=17/40 episode=15/30 sample=zero_boundary_033 soc=0.5720 fc=480
progress step=205350 round=17/40 episode=15/30 sample=zero_boundary_033 soc=0.6594 fc=0
progress step=205400 round=17/40 episode=15/30 sample=zero_boundary_033 soc=0.7715 fc=440
progress step=205450 round=17/40 episode=15/30 sample=zero_boundary_033 soc=0.7999 fc=0
progress step=205500 round=17/40 episode=15/30 sample=zero_boundary_033 soc=0.7999 fc=0
progress step=205550 round=17/40 episode=15/30 sample=zero_boundary_033 soc=0.7997 fc=0
progress step=205600 round=17/40 episode=15/30 sample=zero_boundary_033 soc=0.7990 fc=0
progress step=205650 round=17/40 episode=15/30 sample=zero_boundary_033 soc=0.7995 fc=30
progress step=205700 round=17/40 episode=15/30 sample=zero_boundary_033 soc=0.7986 fc=0
progress step=205750 round=17/40 episode=15/30 sample=zero_boundary_033 soc=0.7989 fc=0
progress step=205800 round=17/40 episode=16/30 sample=zero_boundary_034 soc=0.7450 fc=260
progress step=205850 round=17/40 episode=16/30 sample=zero_boundary_034 soc=0.8000 fc=0
progress step=205900 round=17/40 episode=16/30 sample=zero_boundary_034 soc=0.8000 fc=0
progress step=205950 round=17/40 episode=16/30 sample=zero_boundary_034 soc=0.8000 fc=0
progress step=206000 round=17/40 episode=16/30 sample=zero_boundary_034 soc=0.8000 fc=0
progress step=206050 round=17/40 episode=16/30 sample=zero_boundary_034 soc=0.8000 fc=0
progress step=206100 round=17/40 episode=16/30 sample=zero_boundary_034 soc=0.8000 fc=0
progress step=206150 round=17/40 episode=16/30 sample=zero_boundary_034 soc=0.8000 fc=0
progress step=206200 round=17/40 episode=16/30 sample=zero_boundary_034 soc=0.8000 fc=0
progress step=206250 round=17/40 episode=16/30 sample=zero_boundary_034 soc=0.8000 fc=0
progress step=206300 round=17/40 episode=16/30 sample=zero_boundary_034 soc=0.8000 fc=0
progress step=206350 round=17/40 episode=16/30 sample=zero_boundary_034 soc=0.8000 fc=0
progress step=206400 round=17/40 episode=16/30 sample=zero_boundary_034 soc=0.8000 fc=0
progress step=206450 round=17/40 episode=16/30 sample=zero_boundary_034 soc=0.8000 fc=0
progress step=206500 round=17/40 episode=16/30 sample=zero_boundary_034 soc=0.8000 fc=0
progress step=206550 round=17/40 episode=16/30 sample=zero_boundary_034 soc=0.8000 fc=0
progress step=206600 round=17/40 episode=16/30 sample=zero_boundary_034 soc=0.8000 fc=0
progress step=206650 round=17/40 episode=16/30 sample=zero_boundary_034 soc=0.7996 fc=20
progress step=206700 round=17/40 episode=16/30 sample=zero_boundary_034 soc=0.7989 fc=0
progress step=206750 round=17/40 episode=16/30 sample=zero_boundary_034 soc=0.7784 fc=0
progress step=206800 round=17/40 episode=16/30 sample=zero_boundary_034 soc=0.7968 fc=400
progress step=206850 round=17/40 episode=16/30 sample=zero_boundary_034 soc=0.7525 fc=560
progress step=206900 round=17/40 episode=16/30 sample=zero_boundary_034 soc=0.7999 fc=20
progress step=206950 round=17/40 episode=16/30 sample=zero_boundary_034 soc=0.8000 fc=0
progress step=207000 round=17/40 episode=16/30 sample=zero_boundary_034 soc=0.8000 fc=0
progress step=207050 round=17/40 episode=16/30 sample=zero_boundary_034 soc=0.8000 fc=0
progress step=207100 round=17/40 episode=16/30 sample=zero_boundary_034 soc=0.8000 fc=0
progress step=207150 round=17/40 episode=16/30 sample=zero_boundary_034 soc=0.8000 fc=0
progress step=207200 round=17/40 episode=16/30 sample=zero_boundary_034 soc=0.8000 fc=0
progress step=207250 round=17/40 episode=16/30 sample=zero_boundary_034 soc=0.8000 fc=0
progress step=207300 round=17/40 episode=16/30 sample=zero_boundary_034 soc=0.8000 fc=0
progress step=207350 round=17/40 episode=16/30 sample=zero_boundary_034 soc=0.8000 fc=0
progress step=207400 round=17/40 episode=16/30 sample=zero_boundary_034 soc=0.7983 fc=40
progress step=207450 round=17/40 episode=17/30 sample=zero_boundary_037 soc=0.6859 fc=530
progress step=207500 round=17/40 episode=17/30 sample=zero_boundary_037 soc=0.6787 fc=200
progress step=207550 round=17/40 episode=17/30 sample=zero_boundary_037 soc=0.6596 fc=0
progress step=207600 round=17/40 episode=17/30 sample=zero_boundary_037 soc=0.6623 fc=0
progress step=207650 round=17/40 episode=17/30 sample=zero_boundary_037 soc=0.5935 fc=50
progress step=207700 round=17/40 episode=17/30 sample=zero_boundary_037 soc=0.4294 fc=0
progress step=207750 round=17/40 episode=17/30 sample=zero_boundary_037 soc=0.2052 fc=440
progress step=207800 round=17/40 episode=17/30 sample=zero_boundary_037 soc=0.2909 fc=580
progress step=207850 round=17/40 episode=17/30 sample=zero_boundary_037 soc=0.3503 fc=120
progress step=207900 round=17/40 episode=17/30 sample=zero_boundary_037 soc=0.4322 fc=540
progress step=207950 round=17/40 episode=17/30 sample=zero_boundary_037 soc=0.5800 fc=530
progress step=208000 round=17/40 episode=17/30 sample=zero_boundary_037 soc=0.7077 fc=0
progress step=208050 round=17/40 episode=17/30 sample=zero_boundary_037 soc=0.7892 fc=0
progress step=208100 round=17/40 episode=17/30 sample=zero_boundary_037 soc=0.7927 fc=0
progress step=208150 round=17/40 episode=17/30 sample=zero_boundary_037 soc=0.7948 fc=390
progress step=208200 round=17/40 episode=17/30 sample=zero_boundary_037 soc=0.7999 fc=0
progress step=208250 round=17/40 episode=17/30 sample=zero_boundary_037 soc=0.7992 fc=110
progress step=208300 round=17/40 episode=17/30 sample=zero_boundary_037 soc=0.7974 fc=210
progress step=208350 round=17/40 episode=17/30 sample=zero_boundary_037 soc=0.7962 fc=310
progress step=208400 round=17/40 episode=17/30 sample=zero_boundary_037 soc=0.7994 fc=0
progress step=208450 round=17/40 episode=17/30 sample=zero_boundary_037 soc=0.7999 fc=0
progress step=208500 round=17/40 episode=17/30 sample=zero_boundary_037 soc=0.7999 fc=0
progress step=208550 round=17/40 episode=17/30 sample=zero_boundary_037 soc=0.7984 fc=70
progress step=208600 round=17/40 episode=17/30 sample=zero_boundary_037 soc=0.7992 fc=0
progress step=208650 round=17/40 episode=17/30 sample=zero_boundary_037 soc=0.7995 fc=0
progress step=208700 round=17/40 episode=17/30 sample=zero_boundary_037 soc=0.7975 fc=190
progress step=208750 round=17/40 episode=17/30 sample=zero_boundary_037 soc=0.7984 fc=40
progress step=208800 round=17/40 episode=17/30 sample=zero_boundary_037 soc=0.7991 fc=20
progress step=208850 round=17/40 episode=17/30 sample=zero_boundary_037 soc=0.7953 fc=0
progress step=208900 round=17/40 episode=17/30 sample=zero_boundary_037 soc=0.7989 fc=80
progress step=208950 round=17/40 episode=17/30 sample=zero_boundary_037 soc=0.7999 fc=10
progress step=209000 round=17/40 episode=17/30 sample=zero_boundary_037 soc=0.7995 fc=0
progress step=209050 round=17/40 episode=17/30 sample=zero_boundary_037 soc=0.7991 fc=90
progress step=209100 round=17/40 episode=17/30 sample=zero_boundary_037 soc=0.7988 fc=0
progress step=209150 round=17/40 episode=17/30 sample=zero_boundary_037 soc=0.7974 fc=160
progress step=209200 round=17/40 episode=17/30 sample=zero_boundary_037 soc=0.7945 fc=300
progress step=209250 round=17/40 episode=17/30 sample=zero_boundary_037 soc=0.7998 fc=30
progress step=209300 round=17/40 episode=17/30 sample=zero_boundary_037 soc=0.7998 fc=0
progress step=209350 round=17/40 episode=18/30 sample=zero_boundary_038 soc=0.6382 fc=320
progress step=209400 round=17/40 episode=18/30 sample=zero_boundary_038 soc=0.4898 fc=50
progress step=209450 round=17/40 episode=18/30 sample=zero_boundary_038 soc=0.3669 fc=0
progress step=209500 round=17/40 episode=18/30 sample=zero_boundary_038 soc=0.2408 fc=460
progress step=209550 round=17/40 episode=18/30 sample=zero_boundary_038 soc=0.2016 fc=530
progress step=209600 round=17/40 episode=18/30 sample=zero_boundary_038 soc=0.2146 fc=40
progress step=209650 round=17/40 episode=18/30 sample=zero_boundary_038 soc=0.3064 fc=0
progress step=209700 round=17/40 episode=18/30 sample=zero_boundary_038 soc=0.3807 fc=0
progress step=209750 round=17/40 episode=18/30 sample=zero_boundary_038 soc=0.4346 fc=490
progress step=209800 round=17/40 episode=18/30 sample=zero_boundary_038 soc=0.3648 fc=170
progress step=209850 round=17/40 episode=18/30 sample=zero_boundary_038 soc=0.2169 fc=530
progress step=209900 round=17/40 episode=18/30 sample=zero_boundary_038 soc=0.2026 fc=170
progress step=209950 round=17/40 episode=18/30 sample=zero_boundary_038 soc=0.2007 fc=320
progress step=210000 round=17/40 episode=18/30 sample=zero_boundary_038 soc=0.2821 fc=570
progress step=210050 round=17/40 episode=19/30 sample=zero_boundary_040 soc=0.5385 fc=600
progress step=210100 round=17/40 episode=19/30 sample=zero_boundary_040 soc=0.3644 fc=0
progress step=210150 round=17/40 episode=19/30 sample=zero_boundary_040 soc=0.2094 fc=0
progress step=210200 round=17/40 episode=19/30 sample=zero_boundary_040 soc=0.2255 fc=230
progress step=210250 round=17/40 episode=19/30 sample=zero_boundary_040 soc=0.2056 fc=350
progress step=210300 round=17/40 episode=19/30 sample=zero_boundary_040 soc=0.2070 fc=320
progress step=210350 round=17/40 episode=19/30 sample=zero_boundary_040 soc=0.2572 fc=230
progress step=210400 round=17/40 episode=19/30 sample=zero_boundary_040 soc=0.2013 fc=560
progress step=210450 round=17/40 episode=19/30 sample=zero_boundary_040 soc=0.2005 fc=510
progress step=210500 round=17/40 episode=19/30 sample=zero_boundary_040 soc=0.2375 fc=500
progress step=210550 round=17/40 episode=20/30 sample=zero_boundary_041 soc=0.5170 fc=460
progress step=210600 round=17/40 episode=20/30 sample=zero_boundary_041 soc=0.2825 fc=140
progress step=210650 round=17/40 episode=21/30 sample=zero_boundary_042 soc=0.6515 fc=320
progress step=210700 round=17/40 episode=21/30 sample=zero_boundary_042 soc=0.4021 fc=300
progress step=210750 round=17/40 episode=22/30 sample=zero_boundary_044 soc=0.6104 fc=0
progress step=210800 round=17/40 episode=22/30 sample=zero_boundary_044 soc=0.5273 fc=0
progress step=210850 round=17/40 episode=22/30 sample=zero_boundary_044 soc=0.2488 fc=0
progress step=210900 round=17/40 episode=23/30 sample=zero_boundary_045 soc=0.6352 fc=350
progress step=210950 round=17/40 episode=23/30 sample=zero_boundary_045 soc=0.4720 fc=0
progress step=211000 round=17/40 episode=23/30 sample=zero_boundary_045 soc=0.3050 fc=0
progress step=211050 round=17/40 episode=24/30 sample=zero_boundary_046 soc=0.5176 fc=0
progress step=211100 round=17/40 episode=24/30 sample=zero_boundary_046 soc=0.2851 fc=100
progress step=211150 round=17/40 episode=25/30 sample=zero_boundary_048 soc=0.6314 fc=300
progress step=211200 round=17/40 episode=25/30 sample=zero_boundary_048 soc=0.4120 fc=500
progress step=211250 round=17/40 episode=25/30 sample=zero_boundary_048 soc=0.2057 fc=380
progress step=211300 round=17/40 episode=25/30 sample=zero_boundary_048 soc=0.2141 fc=0
progress step=211350 round=17/40 episode=25/30 sample=zero_boundary_048 soc=0.2324 fc=0
progress step=211400 round=17/40 episode=26/30 sample=zero_boundary_049 soc=0.6567 fc=360
progress step=211450 round=17/40 episode=26/30 sample=zero_boundary_049 soc=0.5937 fc=0
progress step=211500 round=17/40 episode=26/30 sample=zero_boundary_049 soc=0.4640 fc=0
progress step=211550 round=17/40 episode=26/30 sample=zero_boundary_049 soc=0.3621 fc=0
progress step=211600 round=17/40 episode=26/30 sample=zero_boundary_049 soc=0.2966 fc=340
progress step=211650 round=17/40 episode=27/30 sample=zero_boundary_050 soc=0.6187 fc=0
progress step=211700 round=17/40 episode=27/30 sample=zero_boundary_050 soc=0.5093 fc=560
progress step=211750 round=17/40 episode=27/30 sample=zero_boundary_050 soc=0.2976 fc=0
progress step=211800 round=17/40 episode=28/30 sample=zero_boundary_051 soc=0.6000 fc=0
progress step=211850 round=17/40 episode=28/30 sample=zero_boundary_051 soc=0.5368 fc=410
progress step=211900 round=17/40 episode=28/30 sample=zero_boundary_051 soc=0.5050 fc=0
progress step=211950 round=17/40 episode=29/30 sample=zero_boundary_052 soc=0.6029 fc=370
progress step=212000 round=17/40 episode=29/30 sample=zero_boundary_052 soc=0.5085 fc=370
progress step=212050 round=17/40 episode=30/30 sample=zero_boundary_053 soc=0.6031 fc=120
progress step=212100 round=17/40 episode=30/30 sample=zero_boundary_053 soc=0.6131 fc=520
progress step=212150 round=17/40 episode=30/30 sample=zero_boundary_053 soc=0.4005 fc=0
progress step=212200 round=17/40 episode=30/30 sample=zero_boundary_053 soc=0.2974 fc=0
progress step=212250 round=17/40 episode=30/30 sample=zero_boundary_053 soc=0.2502 fc=20
progress step=212300 round=17/40 episode=30/30 sample=zero_boundary_053 soc=0.3024 fc=120
round 17/40 exploratory=16/30 greedy_train start
MONITOR round=17 exploratory=16/30 greedy_train=10/30 validation=SKIPPED cost=None updates=12793 best_round=7
round 18/40 start epsilon=0.5859
progress step=212350 round=18/40 episode=1/30 sample=zero_boundary_002 soc=0.6372 fc=0
progress step=212400 round=18/40 episode=1/30 sample=zero_boundary_002 soc=0.2848 fc=150
progress step=212450 round=18/40 episode=2/30 sample=zero_boundary_005 soc=0.6071 fc=0
progress step=212500 round=18/40 episode=2/30 sample=zero_boundary_005 soc=0.4378 fc=0
progress step=212550 round=18/40 episode=2/30 sample=zero_boundary_005 soc=0.3318 fc=0
progress step=212600 round=18/40 episode=2/30 sample=zero_boundary_005 soc=0.2024 fc=410
progress step=212650 round=18/40 episode=2/30 sample=zero_boundary_005 soc=0.2039 fc=0
progress step=212700 round=18/40 episode=2/30 sample=zero_boundary_005 soc=0.2151 fc=590
progress step=212750 round=18/40 episode=3/30 sample=zero_boundary_006 soc=0.6609 fc=100
progress step=212800 round=18/40 episode=3/30 sample=zero_boundary_006 soc=0.6521 fc=0
progress step=212850 round=18/40 episode=3/30 sample=zero_boundary_006 soc=0.7094 fc=0
progress step=212900 round=18/40 episode=3/30 sample=zero_boundary_006 soc=0.7143 fc=590
progress step=212950 round=18/40 episode=3/30 sample=zero_boundary_006 soc=0.7671 fc=390
progress step=213000 round=18/40 episode=3/30 sample=zero_boundary_006 soc=0.7526 fc=170
progress step=213050 round=18/40 episode=3/30 sample=zero_boundary_006 soc=0.7693 fc=0
progress step=213100 round=18/40 episode=4/30 sample=zero_boundary_007 soc=0.6149 fc=0
progress step=213150 round=18/40 episode=4/30 sample=zero_boundary_007 soc=0.3883 fc=20
progress step=213200 round=18/40 episode=4/30 sample=zero_boundary_007 soc=0.3490 fc=270
progress step=213250 round=18/40 episode=4/30 sample=zero_boundary_007 soc=0.3031 fc=140
progress step=213300 round=18/40 episode=4/30 sample=zero_boundary_007 soc=0.2283 fc=420
progress step=213350 round=18/40 episode=5/30 sample=zero_boundary_008 soc=0.6147 fc=0
progress step=213400 round=18/40 episode=5/30 sample=zero_boundary_008 soc=0.3664 fc=370
progress step=213450 round=18/40 episode=6/30 sample=zero_boundary_011 soc=0.6615 fc=0
progress step=213500 round=18/40 episode=6/30 sample=zero_boundary_011 soc=0.6365 fc=40
progress step=213550 round=18/40 episode=6/30 sample=zero_boundary_011 soc=0.3854 fc=330
progress step=213600 round=18/40 episode=6/30 sample=zero_boundary_011 soc=0.2013 fc=410
progress step=213650 round=18/40 episode=7/30 sample=zero_boundary_013 soc=0.6495 fc=570
progress step=213700 round=18/40 episode=7/30 sample=zero_boundary_013 soc=0.6885 fc=0
progress step=213750 round=18/40 episode=7/30 sample=zero_boundary_013 soc=0.6089 fc=390
progress step=213800 round=18/40 episode=7/30 sample=zero_boundary_013 soc=0.4672 fc=60
progress step=213850 round=18/40 episode=7/30 sample=zero_boundary_013 soc=0.4667 fc=0
progress step=213900 round=18/40 episode=7/30 sample=zero_boundary_013 soc=0.4271 fc=50
progress step=213950 round=18/40 episode=7/30 sample=zero_boundary_013 soc=0.4157 fc=0
progress step=214000 round=18/40 episode=8/30 sample=zero_boundary_015 soc=0.6281 fc=0
progress step=214050 round=18/40 episode=8/30 sample=zero_boundary_015 soc=0.4781 fc=360
progress step=214100 round=18/40 episode=9/30 sample=zero_boundary_016 soc=0.6069 fc=260
progress step=214150 round=18/40 episode=9/30 sample=zero_boundary_016 soc=0.6709 fc=0
progress step=214200 round=18/40 episode=9/30 sample=zero_boundary_016 soc=0.4832 fc=0
progress step=214250 round=18/40 episode=10/30 sample=zero_boundary_017 soc=0.5924 fc=280
progress step=214300 round=18/40 episode=10/30 sample=zero_boundary_017 soc=0.4009 fc=20
progress step=214350 round=18/40 episode=11/30 sample=zero_boundary_020 soc=0.6364 fc=0
progress step=214400 round=18/40 episode=11/30 sample=zero_boundary_020 soc=0.6024 fc=0
progress step=214450 round=18/40 episode=11/30 sample=zero_boundary_020 soc=0.5756 fc=150
progress step=214500 round=18/40 episode=12/30 sample=zero_boundary_021 soc=0.6893 fc=280
progress step=214550 round=18/40 episode=12/30 sample=zero_boundary_021 soc=0.6064 fc=0
progress step=214600 round=18/40 episode=12/30 sample=zero_boundary_021 soc=0.3990 fc=0
progress step=214650 round=18/40 episode=12/30 sample=zero_boundary_021 soc=0.2324 fc=90
progress step=214700 round=18/40 episode=13/30 sample=zero_boundary_022 soc=0.6296 fc=290
progress step=214750 round=18/40 episode=13/30 sample=zero_boundary_022 soc=0.5386 fc=0
progress step=214800 round=18/40 episode=13/30 sample=zero_boundary_022 soc=0.4645 fc=110
progress step=214850 round=18/40 episode=13/30 sample=zero_boundary_022 soc=0.4810 fc=100
progress step=214900 round=18/40 episode=14/30 sample=zero_boundary_029 soc=0.6437 fc=360
progress step=214950 round=18/40 episode=14/30 sample=zero_boundary_029 soc=0.5760 fc=0
progress step=215000 round=18/40 episode=14/30 sample=zero_boundary_029 soc=0.4206 fc=0
progress step=215050 round=18/40 episode=14/30 sample=zero_boundary_029 soc=0.2926 fc=0
progress step=215100 round=18/40 episode=14/30 sample=zero_boundary_029 soc=0.3082 fc=0
progress step=215150 round=18/40 episode=14/30 sample=zero_boundary_029 soc=0.2692 fc=90
progress step=215200 round=18/40 episode=14/30 sample=zero_boundary_029 soc=0.2000 fc=230
progress step=215250 round=18/40 episode=14/30 sample=zero_boundary_029 soc=0.3186 fc=540
progress step=215300 round=18/40 episode=14/30 sample=zero_boundary_029 soc=0.4324 fc=420
progress step=215350 round=18/40 episode=14/30 sample=zero_boundary_029 soc=0.5612 fc=0
progress step=215400 round=18/40 episode=14/30 sample=zero_boundary_029 soc=0.6874 fc=210
progress step=215450 round=18/40 episode=14/30 sample=zero_boundary_029 soc=0.7992 fc=10
progress step=215500 round=18/40 episode=14/30 sample=zero_boundary_029 soc=0.7999 fc=0
progress step=215550 round=18/40 episode=14/30 sample=zero_boundary_029 soc=0.7999 fc=0
progress step=215600 round=18/40 episode=14/30 sample=zero_boundary_029 soc=0.7999 fc=0
progress step=215650 round=18/40 episode=14/30 sample=zero_boundary_029 soc=0.7999 fc=0
progress step=215700 round=18/40 episode=14/30 sample=zero_boundary_029 soc=0.7999 fc=0
progress step=215750 round=18/40 episode=14/30 sample=zero_boundary_029 soc=0.7999 fc=0
progress step=215800 round=18/40 episode=14/30 sample=zero_boundary_029 soc=0.7479 fc=270
progress step=215850 round=18/40 episode=14/30 sample=zero_boundary_029 soc=0.6778 fc=0
progress step=215900 round=18/40 episode=14/30 sample=zero_boundary_029 soc=0.5875 fc=450
progress step=215950 round=18/40 episode=15/30 sample=zero_boundary_033 soc=0.6287 fc=600
progress step=216000 round=18/40 episode=15/30 sample=zero_boundary_033 soc=0.5693 fc=0
progress step=216050 round=18/40 episode=15/30 sample=zero_boundary_033 soc=0.4408 fc=0
progress step=216100 round=18/40 episode=15/30 sample=zero_boundary_033 soc=0.3659 fc=450
progress step=216150 round=18/40 episode=15/30 sample=zero_boundary_033 soc=0.2154 fc=220
progress step=216200 round=18/40 episode=15/30 sample=zero_boundary_033 soc=0.2029 fc=370
progress step=216250 round=18/40 episode=15/30 sample=zero_boundary_033 soc=0.2029 fc=340
progress step=216300 round=18/40 episode=15/30 sample=zero_boundary_033 soc=0.2730 fc=230
progress step=216350 round=18/40 episode=15/30 sample=zero_boundary_033 soc=0.4170 fc=600
progress step=216400 round=18/40 episode=15/30 sample=zero_boundary_033 soc=0.5309 fc=60
progress step=216450 round=18/40 episode=15/30 sample=zero_boundary_033 soc=0.6025 fc=0
progress step=216500 round=18/40 episode=15/30 sample=zero_boundary_033 soc=0.7168 fc=0
progress step=216550 round=18/40 episode=15/30 sample=zero_boundary_033 soc=0.7998 fc=0
progress step=216600 round=18/40 episode=15/30 sample=zero_boundary_033 soc=0.8000 fc=0
progress step=216650 round=18/40 episode=15/30 sample=zero_boundary_033 soc=0.8000 fc=0
progress step=216700 round=18/40 episode=15/30 sample=zero_boundary_033 soc=0.7986 fc=10
progress step=216750 round=18/40 episode=15/30 sample=zero_boundary_033 soc=0.7994 fc=20
progress step=216800 round=18/40 episode=15/30 sample=zero_boundary_033 soc=0.7992 fc=50
progress step=216850 round=18/40 episode=15/30 sample=zero_boundary_033 soc=0.7995 fc=70
progress step=216900 round=18/40 episode=15/30 sample=zero_boundary_033 soc=0.7983 fc=110
progress step=216950 round=18/40 episode=16/30 sample=zero_boundary_034 soc=0.7717 fc=320
progress step=217000 round=18/40 episode=16/30 sample=zero_boundary_034 soc=0.8000 fc=0
progress step=217050 round=18/40 episode=16/30 sample=zero_boundary_034 soc=0.8000 fc=0
progress step=217100 round=18/40 episode=16/30 sample=zero_boundary_034 soc=0.8000 fc=0
progress step=217150 round=18/40 episode=16/30 sample=zero_boundary_034 soc=0.8000 fc=0
progress step=217200 round=18/40 episode=16/30 sample=zero_boundary_034 soc=0.8000 fc=0
progress step=217250 round=18/40 episode=16/30 sample=zero_boundary_034 soc=0.8000 fc=0
progress step=217300 round=18/40 episode=16/30 sample=zero_boundary_034 soc=0.8000 fc=0
progress step=217350 round=18/40 episode=16/30 sample=zero_boundary_034 soc=0.8000 fc=0
progress step=217400 round=18/40 episode=16/30 sample=zero_boundary_034 soc=0.8000 fc=0
progress step=217450 round=18/40 episode=16/30 sample=zero_boundary_034 soc=0.8000 fc=0
progress step=217500 round=18/40 episode=16/30 sample=zero_boundary_034 soc=0.8000 fc=0
progress step=217550 round=18/40 episode=16/30 sample=zero_boundary_034 soc=0.8000 fc=0
progress step=217600 round=18/40 episode=16/30 sample=zero_boundary_034 soc=0.8000 fc=0
progress step=217650 round=18/40 episode=16/30 sample=zero_boundary_034 soc=0.8000 fc=0
progress step=217700 round=18/40 episode=16/30 sample=zero_boundary_034 soc=0.8000 fc=0
progress step=217750 round=18/40 episode=16/30 sample=zero_boundary_034 soc=0.8000 fc=0
progress step=217800 round=18/40 episode=16/30 sample=zero_boundary_034 soc=0.7997 fc=20
progress step=217850 round=18/40 episode=16/30 sample=zero_boundary_034 soc=0.7962 fc=210
progress step=217900 round=18/40 episode=16/30 sample=zero_boundary_034 soc=0.7968 fc=40
progress step=217950 round=18/40 episode=16/30 sample=zero_boundary_034 soc=0.7951 fc=0
progress step=218000 round=18/40 episode=16/30 sample=zero_boundary_034 soc=0.7844 fc=320
progress step=218050 round=18/40 episode=16/30 sample=zero_boundary_034 soc=0.7997 fc=30
progress step=218100 round=18/40 episode=16/30 sample=zero_boundary_034 soc=0.7999 fc=0
progress step=218150 round=18/40 episode=16/30 sample=zero_boundary_034 soc=0.7999 fc=0
progress step=218200 round=18/40 episode=16/30 sample=zero_boundary_034 soc=0.7999 fc=0
progress step=218250 round=18/40 episode=16/30 sample=zero_boundary_034 soc=0.7999 fc=0
progress step=218300 round=18/40 episode=16/30 sample=zero_boundary_034 soc=0.7999 fc=0
progress step=218350 round=18/40 episode=16/30 sample=zero_boundary_034 soc=0.7999 fc=0
progress step=218400 round=18/40 episode=16/30 sample=zero_boundary_034 soc=0.7999 fc=0
progress step=218450 round=18/40 episode=16/30 sample=zero_boundary_034 soc=0.7999 fc=0
progress step=218500 round=18/40 episode=16/30 sample=zero_boundary_034 soc=0.7999 fc=0
progress step=218550 round=18/40 episode=17/30 sample=zero_boundary_037 soc=0.6000 fc=0
progress step=218600 round=18/40 episode=17/30 sample=zero_boundary_037 soc=0.6407 fc=550
progress step=218650 round=18/40 episode=17/30 sample=zero_boundary_037 soc=0.6342 fc=50
progress step=218700 round=18/40 episode=17/30 sample=zero_boundary_037 soc=0.6488 fc=550
progress step=218750 round=18/40 episode=17/30 sample=zero_boundary_037 soc=0.6460 fc=380
progress step=218800 round=18/40 episode=17/30 sample=zero_boundary_037 soc=0.5889 fc=230
progress step=218850 round=18/40 episode=17/30 sample=zero_boundary_037 soc=0.4546 fc=0
progress step=218900 round=18/40 episode=17/30 sample=zero_boundary_037 soc=0.2992 fc=320
progress step=218950 round=18/40 episode=17/30 sample=zero_boundary_037 soc=0.4115 fc=320
progress step=219000 round=18/40 episode=17/30 sample=zero_boundary_037 soc=0.5658 fc=320
progress step=219050 round=18/40 episode=17/30 sample=zero_boundary_037 soc=0.6899 fc=60
progress step=219100 round=18/40 episode=17/30 sample=zero_boundary_037 soc=0.7956 fc=320
progress step=219150 round=18/40 episode=17/30 sample=zero_boundary_037 soc=0.7987 fc=30
progress step=219200 round=18/40 episode=17/30 sample=zero_boundary_037 soc=0.7988 fc=40
progress step=219250 round=18/40 episode=17/30 sample=zero_boundary_037 soc=0.7967 fc=220
progress step=219300 round=18/40 episode=17/30 sample=zero_boundary_037 soc=0.7996 fc=20
progress step=219350 round=18/40 episode=17/30 sample=zero_boundary_037 soc=0.7992 fc=30
progress step=219400 round=18/40 episode=17/30 sample=zero_boundary_037 soc=0.7992 fc=70
progress step=219450 round=18/40 episode=17/30 sample=zero_boundary_037 soc=0.7981 fc=60
progress step=219500 round=18/40 episode=17/30 sample=zero_boundary_037 soc=0.7959 fc=160
progress step=219550 round=18/40 episode=17/30 sample=zero_boundary_037 soc=0.7999 fc=0
progress step=219600 round=18/40 episode=17/30 sample=zero_boundary_037 soc=0.7999 fc=0
progress step=219650 round=18/40 episode=17/30 sample=zero_boundary_037 soc=0.7999 fc=0
progress step=219700 round=18/40 episode=17/30 sample=zero_boundary_037 soc=0.7988 fc=20
progress step=219750 round=18/40 episode=17/30 sample=zero_boundary_037 soc=0.7994 fc=40
progress step=219800 round=18/40 episode=17/30 sample=zero_boundary_037 soc=0.7991 fc=0
progress step=219850 round=18/40 episode=17/30 sample=zero_boundary_037 soc=0.7994 fc=0
progress step=219900 round=18/40 episode=17/30 sample=zero_boundary_037 soc=0.7991 fc=20
progress step=219950 round=18/40 episode=17/30 sample=zero_boundary_037 soc=0.7985 fc=20
progress step=220000 round=18/40 episode=17/30 sample=zero_boundary_037 soc=0.7979 fc=0
progress step=220050 round=18/40 episode=17/30 sample=zero_boundary_037 soc=0.7997 fc=0
progress step=220100 round=18/40 episode=17/30 sample=zero_boundary_037 soc=0.7981 fc=0
progress step=220150 round=18/40 episode=17/30 sample=zero_boundary_037 soc=0.7983 fc=70
progress step=220200 round=18/40 episode=17/30 sample=zero_boundary_037 soc=0.7997 fc=0
progress step=220250 round=18/40 episode=17/30 sample=zero_boundary_037 soc=0.7999 fc=0
progress step=220300 round=18/40 episode=17/30 sample=zero_boundary_037 soc=0.7998 fc=0
progress step=220350 round=18/40 episode=17/30 sample=zero_boundary_037 soc=0.7962 fc=60
progress step=220400 round=18/40 episode=17/30 sample=zero_boundary_037 soc=0.7991 fc=80
progress step=220450 round=18/40 episode=18/30 sample=zero_boundary_038 soc=0.6170 fc=540
progress step=220500 round=18/40 episode=18/30 sample=zero_boundary_038 soc=0.5819 fc=430
progress step=220550 round=18/40 episode=18/30 sample=zero_boundary_038 soc=0.4351 fc=600
progress step=220600 round=18/40 episode=18/30 sample=zero_boundary_038 soc=0.3209 fc=580
progress step=220650 round=18/40 episode=18/30 sample=zero_boundary_038 soc=0.2007 fc=420
progress step=220700 round=18/40 episode=18/30 sample=zero_boundary_038 soc=0.2014 fc=580
progress step=220750 round=18/40 episode=18/30 sample=zero_boundary_038 soc=0.2402 fc=250
progress step=220800 round=18/40 episode=18/30 sample=zero_boundary_038 soc=0.3435 fc=0
progress step=220850 round=18/40 episode=18/30 sample=zero_boundary_038 soc=0.4191 fc=100
progress step=220900 round=18/40 episode=18/30 sample=zero_boundary_038 soc=0.4612 fc=0
progress step=220950 round=18/40 episode=18/30 sample=zero_boundary_038 soc=0.3429 fc=420
progress step=221000 round=18/40 episode=18/30 sample=zero_boundary_038 soc=0.2065 fc=490
progress step=221050 round=18/40 episode=18/30 sample=zero_boundary_038 soc=0.2034 fc=370
progress step=221100 round=18/40 episode=18/30 sample=zero_boundary_038 soc=0.2042 fc=580
progress step=221150 round=18/40 episode=19/30 sample=zero_boundary_040 soc=0.6079 fc=180
progress step=221200 round=18/40 episode=19/30 sample=zero_boundary_040 soc=0.5352 fc=0
progress step=221250 round=18/40 episode=19/30 sample=zero_boundary_040 soc=0.3175 fc=40
progress step=221300 round=18/40 episode=19/30 sample=zero_boundary_040 soc=0.2009 fc=570
progress step=221350 round=18/40 episode=19/30 sample=zero_boundary_040 soc=0.2021 fc=370
progress step=221400 round=18/40 episode=19/30 sample=zero_boundary_040 soc=0.2076 fc=110
progress step=221450 round=18/40 episode=19/30 sample=zero_boundary_040 soc=0.2384 fc=450
progress step=221500 round=18/40 episode=19/30 sample=zero_boundary_040 soc=0.2887 fc=0
progress step=221550 round=18/40 episode=19/30 sample=zero_boundary_040 soc=0.2014 fc=400
progress step=221600 round=18/40 episode=19/30 sample=zero_boundary_040 soc=0.2010 fc=480
progress step=221650 round=18/40 episode=20/30 sample=zero_boundary_041 soc=0.6019 fc=260
progress step=221700 round=18/40 episode=20/30 sample=zero_boundary_041 soc=0.4442 fc=420
progress step=221750 round=18/40 episode=20/30 sample=zero_boundary_041 soc=0.2161 fc=0
progress step=221800 round=18/40 episode=21/30 sample=zero_boundary_042 soc=0.6133 fc=40
progress step=221850 round=18/40 episode=21/30 sample=zero_boundary_042 soc=0.3676 fc=210
progress step=221900 round=18/40 episode=22/30 sample=zero_boundary_044 soc=0.6309 fc=0
progress step=221950 round=18/40 episode=22/30 sample=zero_boundary_044 soc=0.5026 fc=0
progress step=222000 round=18/40 episode=23/30 sample=zero_boundary_045 soc=0.6071 fc=350
progress step=222050 round=18/40 episode=23/30 sample=zero_boundary_045 soc=0.6014 fc=0
progress step=222100 round=18/40 episode=23/30 sample=zero_boundary_045 soc=0.4389 fc=530
progress step=222150 round=18/40 episode=23/30 sample=zero_boundary_045 soc=0.2598 fc=320
progress step=222200 round=18/40 episode=24/30 sample=zero_boundary_046 soc=0.5345 fc=550
progress step=222250 round=18/40 episode=24/30 sample=zero_boundary_046 soc=0.2746 fc=340
progress step=222300 round=18/40 episode=25/30 sample=zero_boundary_048 soc=0.6439 fc=320
progress step=222350 round=18/40 episode=25/30 sample=zero_boundary_048 soc=0.3766 fc=90
progress step=222400 round=18/40 episode=25/30 sample=zero_boundary_048 soc=0.2002 fc=530
progress step=222450 round=18/40 episode=25/30 sample=zero_boundary_048 soc=0.2375 fc=380
progress step=222500 round=18/40 episode=25/30 sample=zero_boundary_048 soc=0.2119 fc=250
progress step=222550 round=18/40 episode=26/30 sample=zero_boundary_049 soc=0.5942 fc=0
progress step=222600 round=18/40 episode=26/30 sample=zero_boundary_049 soc=0.5116 fc=170
progress step=222650 round=18/40 episode=26/30 sample=zero_boundary_049 soc=0.4501 fc=0
progress step=222700 round=18/40 episode=26/30 sample=zero_boundary_049 soc=0.3913 fc=0
progress step=222750 round=18/40 episode=26/30 sample=zero_boundary_049 soc=0.3946 fc=320
progress step=222800 round=18/40 episode=27/30 sample=zero_boundary_050 soc=0.6414 fc=420
progress step=222850 round=18/40 episode=27/30 sample=zero_boundary_050 soc=0.4515 fc=340
progress step=222900 round=18/40 episode=27/30 sample=zero_boundary_050 soc=0.2005 fc=500
progress step=222950 round=18/40 episode=28/30 sample=zero_boundary_051 soc=0.6137 fc=170
progress step=223000 round=18/40 episode=28/30 sample=zero_boundary_051 soc=0.5470 fc=320
progress step=223050 round=18/40 episode=28/30 sample=zero_boundary_051 soc=0.4787 fc=280
progress step=223100 round=18/40 episode=29/30 sample=zero_boundary_052 soc=0.6465 fc=320
progress step=223150 round=18/40 episode=29/30 sample=zero_boundary_052 soc=0.5432 fc=320
progress step=223200 round=18/40 episode=29/30 sample=zero_boundary_052 soc=0.2250 fc=0
progress step=223250 round=18/40 episode=29/30 sample=zero_boundary_052 soc=0.2072 fc=320
progress step=223300 round=18/40 episode=29/30 sample=zero_boundary_052 soc=0.2822 fc=330
progress step=223350 round=18/40 episode=30/30 sample=zero_boundary_053 soc=0.6725 fc=200
progress step=223400 round=18/40 episode=30/30 sample=zero_boundary_053 soc=0.5517 fc=0
progress step=223450 round=18/40 episode=30/30 sample=zero_boundary_053 soc=0.3336 fc=320
progress step=223500 round=18/40 episode=30/30 sample=zero_boundary_053 soc=0.3556 fc=250
progress step=223550 round=18/40 episode=30/30 sample=zero_boundary_053 soc=0.3471 fc=170
round 18/40 exploratory=17/30 greedy_train start
MONITOR round=18 exploratory=17/30 greedy_train=10/30 validation=SKIPPED cost=None updates=13395 best_round=7
round 19/40 start epsilon=0.5615
progress step=223600 round=19/40 episode=1/30 sample=zero_boundary_002 soc=0.6581 fc=320
progress step=223650 round=19/40 episode=1/30 sample=zero_boundary_002 soc=0.5217 fc=0
progress step=223700 round=19/40 episode=2/30 sample=zero_boundary_005 soc=0.6489 fc=600
progress step=223750 round=19/40 episode=2/30 sample=zero_boundary_005 soc=0.6428 fc=0
progress step=223800 round=19/40 episode=2/30 sample=zero_boundary_005 soc=0.4389 fc=0
progress step=223850 round=19/40 episode=2/30 sample=zero_boundary_005 soc=0.2681 fc=550
progress step=223900 round=19/40 episode=2/30 sample=zero_boundary_005 soc=0.2016 fc=410
progress step=223950 round=19/40 episode=2/30 sample=zero_boundary_005 soc=0.2225 fc=0
progress step=224000 round=19/40 episode=3/30 sample=zero_boundary_006 soc=0.6280 fc=50
progress step=224050 round=19/40 episode=3/30 sample=zero_boundary_006 soc=0.6433 fc=250
progress step=224100 round=19/40 episode=3/30 sample=zero_boundary_006 soc=0.6631 fc=0
progress step=224150 round=19/40 episode=3/30 sample=zero_boundary_006 soc=0.6897 fc=120
progress step=224200 round=19/40 episode=3/30 sample=zero_boundary_006 soc=0.7607 fc=290
progress step=224250 round=19/40 episode=3/30 sample=zero_boundary_006 soc=0.7615 fc=480
progress step=224300 round=19/40 episode=3/30 sample=zero_boundary_006 soc=0.7574 fc=0
progress step=224350 round=19/40 episode=4/30 sample=zero_boundary_007 soc=0.6264 fc=0
progress step=224400 round=19/40 episode=4/30 sample=zero_boundary_007 soc=0.5098 fc=0
progress step=224450 round=19/40 episode=4/30 sample=zero_boundary_007 soc=0.4096 fc=540
progress step=224500 round=19/40 episode=4/30 sample=zero_boundary_007 soc=0.4128 fc=230
progress step=224550 round=19/40 episode=4/30 sample=zero_boundary_007 soc=0.3047 fc=0
progress step=224600 round=19/40 episode=4/30 sample=zero_boundary_007 soc=0.2014 fc=0
progress step=224650 round=19/40 episode=5/30 sample=zero_boundary_008 soc=0.6424 fc=70
progress step=224700 round=19/40 episode=6/30 sample=zero_boundary_011 soc=0.6001 fc=440
progress step=224750 round=19/40 episode=6/30 sample=zero_boundary_011 soc=0.6916 fc=0
progress step=224800 round=19/40 episode=6/30 sample=zero_boundary_011 soc=0.5733 fc=0
progress step=224850 round=19/40 episode=6/30 sample=zero_boundary_011 soc=0.3079 fc=490
progress step=224900 round=19/40 episode=6/30 sample=zero_boundary_011 soc=0.2018 fc=320
progress step=224950 round=19/40 episode=7/30 sample=zero_boundary_013 soc=0.6782 fc=0
progress step=225000 round=19/40 episode=7/30 sample=zero_boundary_013 soc=0.5870 fc=0
progress step=225050 round=19/40 episode=7/30 sample=zero_boundary_013 soc=0.4522 fc=130
progress step=225100 round=19/40 episode=7/30 sample=zero_boundary_013 soc=0.3264 fc=560
progress step=225150 round=19/40 episode=7/30 sample=zero_boundary_013 soc=0.3003 fc=0
progress step=225200 round=19/40 episode=7/30 sample=zero_boundary_013 soc=0.2349 fc=0
progress step=225250 round=19/40 episode=8/30 sample=zero_boundary_015 soc=0.6000 fc=360
progress step=225300 round=19/40 episode=8/30 sample=zero_boundary_015 soc=0.5751 fc=0
progress step=225350 round=19/40 episode=8/30 sample=zero_boundary_015 soc=0.4692 fc=60
progress step=225400 round=19/40 episode=9/30 sample=zero_boundary_016 soc=0.6477 fc=390
progress step=225450 round=19/40 episode=9/30 sample=zero_boundary_016 soc=0.6297 fc=180
progress step=225500 round=19/40 episode=9/30 sample=zero_boundary_016 soc=0.3572 fc=520
progress step=225550 round=19/40 episode=10/30 sample=zero_boundary_017 soc=0.6117 fc=390
progress step=225600 round=19/40 episode=10/30 sample=zero_boundary_017 soc=0.3451 fc=110
progress step=225650 round=19/40 episode=11/30 sample=zero_boundary_020 soc=0.6283 fc=0
progress step=225700 round=19/40 episode=11/30 sample=zero_boundary_020 soc=0.4914 fc=0
progress step=225750 round=19/40 episode=12/30 sample=zero_boundary_021 soc=0.6418 fc=560
progress step=225800 round=19/40 episode=12/30 sample=zero_boundary_021 soc=0.6855 fc=140
progress step=225850 round=19/40 episode=12/30 sample=zero_boundary_021 soc=0.5353 fc=0
progress step=225900 round=19/40 episode=12/30 sample=zero_boundary_021 soc=0.3870 fc=390
progress step=225950 round=19/40 episode=12/30 sample=zero_boundary_021 soc=0.2449 fc=590
progress step=226000 round=19/40 episode=13/30 sample=zero_boundary_022 soc=0.6373 fc=500
progress step=226050 round=19/40 episode=13/30 sample=zero_boundary_022 soc=0.4750 fc=0
progress step=226100 round=19/40 episode=13/30 sample=zero_boundary_022 soc=0.4231 fc=310
progress step=226150 round=19/40 episode=13/30 sample=zero_boundary_022 soc=0.4671 fc=430
progress step=226200 round=19/40 episode=14/30 sample=zero_boundary_029 soc=0.6113 fc=0
progress step=226250 round=19/40 episode=14/30 sample=zero_boundary_029 soc=0.5917 fc=220
progress step=226300 round=19/40 episode=14/30 sample=zero_boundary_029 soc=0.5433 fc=440
progress step=226350 round=19/40 episode=14/30 sample=zero_boundary_029 soc=0.5018 fc=60
progress step=226400 round=19/40 episode=14/30 sample=zero_boundary_029 soc=0.5186 fc=390
progress step=226450 round=19/40 episode=14/30 sample=zero_boundary_029 soc=0.4689 fc=390
progress step=226500 round=19/40 episode=14/30 sample=zero_boundary_029 soc=0.5497 fc=390
progress step=226550 round=19/40 episode=14/30 sample=zero_boundary_029 soc=0.6904 fc=0
progress step=226600 round=19/40 episode=14/30 sample=zero_boundary_029 soc=0.7999 fc=0
progress step=226650 round=19/40 episode=14/30 sample=zero_boundary_029 soc=0.7999 fc=0
progress step=226700 round=19/40 episode=14/30 sample=zero_boundary_029 soc=0.7999 fc=0
progress step=226750 round=19/40 episode=14/30 sample=zero_boundary_029 soc=0.7999 fc=0
progress step=226800 round=19/40 episode=14/30 sample=zero_boundary_029 soc=0.7999 fc=0
progress step=226850 round=19/40 episode=14/30 sample=zero_boundary_029 soc=0.7999 fc=0
progress step=226900 round=19/40 episode=14/30 sample=zero_boundary_029 soc=0.7999 fc=0
progress step=226950 round=19/40 episode=14/30 sample=zero_boundary_029 soc=0.7999 fc=0
progress step=227000 round=19/40 episode=14/30 sample=zero_boundary_029 soc=0.7999 fc=0
progress step=227050 round=19/40 episode=14/30 sample=zero_boundary_029 soc=0.7953 fc=0
progress step=227100 round=19/40 episode=14/30 sample=zero_boundary_029 soc=0.7504 fc=0
progress step=227150 round=19/40 episode=14/30 sample=zero_boundary_029 soc=0.7005 fc=410
progress step=227200 round=19/40 episode=14/30 sample=zero_boundary_029 soc=0.6408 fc=0
progress step=227250 round=19/40 episode=15/30 sample=zero_boundary_033 soc=0.6476 fc=0
progress step=227300 round=19/40 episode=15/30 sample=zero_boundary_033 soc=0.5779 fc=420
progress step=227350 round=19/40 episode=15/30 sample=zero_boundary_033 soc=0.3803 fc=0
progress step=227400 round=19/40 episode=15/30 sample=zero_boundary_033 soc=0.2965 fc=420
progress step=227450 round=19/40 episode=15/30 sample=zero_boundary_033 soc=0.2450 fc=200
progress step=227500 round=19/40 episode=15/30 sample=zero_boundary_033 soc=0.2021 fc=490
progress step=227550 round=19/40 episode=15/30 sample=zero_boundary_033 soc=0.2277 fc=0
progress step=227600 round=19/40 episode=15/30 sample=zero_boundary_033 soc=0.3198 fc=360
progress step=227650 round=19/40 episode=15/30 sample=zero_boundary_033 soc=0.4375 fc=490
progress step=227700 round=19/40 episode=15/30 sample=zero_boundary_033 soc=0.5509 fc=0
progress step=227750 round=19/40 episode=15/30 sample=zero_boundary_033 soc=0.6211 fc=0
progress step=227800 round=19/40 episode=15/30 sample=zero_boundary_033 soc=0.7250 fc=0
progress step=227850 round=19/40 episode=15/30 sample=zero_boundary_033 soc=0.8000 fc=0
progress step=227900 round=19/40 episode=15/30 sample=zero_boundary_033 soc=0.7999 fc=0
progress step=227950 round=19/40 episode=15/30 sample=zero_boundary_033 soc=0.7999 fc=0
progress step=228000 round=19/40 episode=15/30 sample=zero_boundary_033 soc=0.7996 fc=0
progress step=228050 round=19/40 episode=15/30 sample=zero_boundary_033 soc=0.7985 fc=120
progress step=228100 round=19/40 episode=15/30 sample=zero_boundary_033 soc=0.7998 fc=30
progress step=228150 round=19/40 episode=15/30 sample=zero_boundary_033 soc=0.7987 fc=50
progress step=228200 round=19/40 episode=16/30 sample=zero_boundary_034 soc=0.6209 fc=600
progress step=228250 round=19/40 episode=16/30 sample=zero_boundary_034 soc=0.7209 fc=0
progress step=228300 round=19/40 episode=16/30 sample=zero_boundary_034 soc=0.7999 fc=0
progress step=228350 round=19/40 episode=16/30 sample=zero_boundary_034 soc=0.7999 fc=0
progress step=228400 round=19/40 episode=16/30 sample=zero_boundary_034 soc=0.7999 fc=0
progress step=228450 round=19/40 episode=16/30 sample=zero_boundary_034 soc=0.7999 fc=0
progress step=228500 round=19/40 episode=16/30 sample=zero_boundary_034 soc=0.7999 fc=0
progress step=228550 round=19/40 episode=16/30 sample=zero_boundary_034 soc=0.7999 fc=0
progress step=228600 round=19/40 episode=16/30 sample=zero_boundary_034 soc=0.7999 fc=0
progress step=228650 round=19/40 episode=16/30 sample=zero_boundary_034 soc=0.7999 fc=0
progress step=228700 round=19/40 episode=16/30 sample=zero_boundary_034 soc=0.7999 fc=0
progress step=228750 round=19/40 episode=16/30 sample=zero_boundary_034 soc=0.7999 fc=0
progress step=228800 round=19/40 episode=16/30 sample=zero_boundary_034 soc=0.7999 fc=0
progress step=228850 round=19/40 episode=16/30 sample=zero_boundary_034 soc=0.7999 fc=0
progress step=228900 round=19/40 episode=16/30 sample=zero_boundary_034 soc=0.7999 fc=0
progress step=228950 round=19/40 episode=16/30 sample=zero_boundary_034 soc=0.7999 fc=0
progress step=229000 round=19/40 episode=16/30 sample=zero_boundary_034 soc=0.7999 fc=0
progress step=229050 round=19/40 episode=16/30 sample=zero_boundary_034 soc=0.7995 fc=0
progress step=229100 round=19/40 episode=16/30 sample=zero_boundary_034 soc=0.7990 fc=30
progress step=229150 round=19/40 episode=16/30 sample=zero_boundary_034 soc=0.7920 fc=180
progress step=229200 round=19/40 episode=16/30 sample=zero_boundary_034 soc=0.7814 fc=0
progress step=229250 round=19/40 episode=16/30 sample=zero_boundary_034 soc=0.7319 fc=460
progress step=229300 round=19/40 episode=16/30 sample=zero_boundary_034 soc=0.6439 fc=500
progress step=229350 round=19/40 episode=16/30 sample=zero_boundary_034 soc=0.7300 fc=0
progress step=229400 round=19/40 episode=16/30 sample=zero_boundary_034 soc=0.7999 fc=0
progress step=229450 round=19/40 episode=16/30 sample=zero_boundary_034 soc=0.7999 fc=0
progress step=229500 round=19/40 episode=16/30 sample=zero_boundary_034 soc=0.7999 fc=0
progress step=229550 round=19/40 episode=16/30 sample=zero_boundary_034 soc=0.7999 fc=0
progress step=229600 round=19/40 episode=16/30 sample=zero_boundary_034 soc=0.7999 fc=0
progress step=229650 round=19/40 episode=16/30 sample=zero_boundary_034 soc=0.7999 fc=0
progress step=229700 round=19/40 episode=16/30 sample=zero_boundary_034 soc=0.7999 fc=0
progress step=229750 round=19/40 episode=16/30 sample=zero_boundary_034 soc=0.7999 fc=0
progress step=229800 round=19/40 episode=16/30 sample=zero_boundary_034 soc=0.7997 fc=20
progress step=229850 round=19/40 episode=17/30 sample=zero_boundary_037 soc=0.6342 fc=0
progress step=229900 round=19/40 episode=17/30 sample=zero_boundary_037 soc=0.5980 fc=340
progress step=229950 round=19/40 episode=17/30 sample=zero_boundary_037 soc=0.5676 fc=490
progress step=230000 round=19/40 episode=17/30 sample=zero_boundary_037 soc=0.5633 fc=0
progress step=230050 round=19/40 episode=17/30 sample=zero_boundary_037 soc=0.5179 fc=280
progress step=230100 round=19/40 episode=17/30 sample=zero_boundary_037 soc=0.4335 fc=160
progress step=230150 round=19/40 episode=17/30 sample=zero_boundary_037 soc=0.2006 fc=500
progress step=230200 round=19/40 episode=17/30 sample=zero_boundary_037 soc=0.2471 fc=0
progress step=230250 round=19/40 episode=17/30 sample=zero_boundary_037 soc=0.3713 fc=150
progress step=230300 round=19/40 episode=17/30 sample=zero_boundary_037 soc=0.4461 fc=0
progress step=230350 round=19/40 episode=17/30 sample=zero_boundary_037 soc=0.5279 fc=600
progress step=230400 round=19/40 episode=17/30 sample=zero_boundary_037 soc=0.5972 fc=270
progress step=230450 round=19/40 episode=17/30 sample=zero_boundary_037 soc=0.6328 fc=0
progress step=230500 round=19/40 episode=17/30 sample=zero_boundary_037 soc=0.7203 fc=520
progress step=230550 round=19/40 episode=17/30 sample=zero_boundary_037 soc=0.7946 fc=390
progress step=230600 round=19/40 episode=17/30 sample=zero_boundary_037 soc=0.7996 fc=0
progress step=230650 round=19/40 episode=17/30 sample=zero_boundary_037 soc=0.7969 fc=290
progress step=230700 round=19/40 episode=17/30 sample=zero_boundary_037 soc=0.7970 fc=60
progress step=230750 round=19/40 episode=17/30 sample=zero_boundary_037 soc=0.7983 fc=130
progress step=230800 round=19/40 episode=17/30 sample=zero_boundary_037 soc=0.7984 fc=130
progress step=230850 round=19/40 episode=17/30 sample=zero_boundary_037 soc=0.7999 fc=0
progress step=230900 round=19/40 episode=17/30 sample=zero_boundary_037 soc=0.7999 fc=0
progress step=230950 round=19/40 episode=17/30 sample=zero_boundary_037 soc=0.7999 fc=0
progress step=231000 round=19/40 episode=17/30 sample=zero_boundary_037 soc=0.7985 fc=0
progress step=231050 round=19/40 episode=17/30 sample=zero_boundary_037 soc=0.7991 fc=40
progress step=231100 round=19/40 episode=17/30 sample=zero_boundary_037 soc=0.7999 fc=0
progress step=231150 round=19/40 episode=17/30 sample=zero_boundary_037 soc=0.7990 fc=0
progress step=231200 round=19/40 episode=17/30 sample=zero_boundary_037 soc=0.7998 fc=0
progress step=231250 round=19/40 episode=17/30 sample=zero_boundary_037 soc=0.7969 fc=0
progress step=231300 round=19/40 episode=17/30 sample=zero_boundary_037 soc=0.7996 fc=10
progress step=231350 round=19/40 episode=17/30 sample=zero_boundary_037 soc=0.7994 fc=20
progress step=231400 round=19/40 episode=17/30 sample=zero_boundary_037 soc=0.7991 fc=50
progress step=231450 round=19/40 episode=17/30 sample=zero_boundary_037 soc=0.7983 fc=0
progress step=231500 round=19/40 episode=17/30 sample=zero_boundary_037 soc=0.7991 fc=0
progress step=231550 round=19/40 episode=17/30 sample=zero_boundary_037 soc=0.7991 fc=90
progress step=231600 round=19/40 episode=17/30 sample=zero_boundary_037 soc=0.7990 fc=0
progress step=231650 round=19/40 episode=17/30 sample=zero_boundary_037 soc=0.7986 fc=0
progress step=231700 round=19/40 episode=17/30 sample=zero_boundary_037 soc=0.7999 fc=0
progress step=231750 round=19/40 episode=18/30 sample=zero_boundary_038 soc=0.6483 fc=450
progress step=231800 round=19/40 episode=18/30 sample=zero_boundary_038 soc=0.5042 fc=0
progress step=231850 round=19/40 episode=18/30 sample=zero_boundary_038 soc=0.3874 fc=0
progress step=231900 round=19/40 episode=18/30 sample=zero_boundary_038 soc=0.2726 fc=0
progress step=231950 round=19/40 episode=18/30 sample=zero_boundary_038 soc=0.2002 fc=460
progress step=232000 round=19/40 episode=18/30 sample=zero_boundary_038 soc=0.2032 fc=320
progress step=232050 round=19/40 episode=18/30 sample=zero_boundary_038 soc=0.2238 fc=0
progress step=232100 round=19/40 episode=18/30 sample=zero_boundary_038 soc=0.2961 fc=560
progress step=232150 round=19/40 episode=18/30 sample=zero_boundary_038 soc=0.3884 fc=410
progress step=232200 round=19/40 episode=18/30 sample=zero_boundary_038 soc=0.4000 fc=0
progress step=232250 round=19/40 episode=18/30 sample=zero_boundary_038 soc=0.2568 fc=370
progress step=232300 round=19/40 episode=18/30 sample=zero_boundary_038 soc=0.2022 fc=390
progress step=232350 round=19/40 episode=18/30 sample=zero_boundary_038 soc=0.2043 fc=340
progress step=232400 round=19/40 episode=18/30 sample=zero_boundary_038 soc=0.2285 fc=0
progress step=232450 round=19/40 episode=19/30 sample=zero_boundary_040 soc=0.5624 fc=0
progress step=232500 round=19/40 episode=19/30 sample=zero_boundary_040 soc=0.4228 fc=30
progress step=232550 round=19/40 episode=19/30 sample=zero_boundary_040 soc=0.2287 fc=0
progress step=232600 round=19/40 episode=19/30 sample=zero_boundary_040 soc=0.2011 fc=420
progress step=232650 round=19/40 episode=19/30 sample=zero_boundary_040 soc=0.2014 fc=260
progress step=232700 round=19/40 episode=19/30 sample=zero_boundary_040 soc=0.2105 fc=110
progress step=232750 round=19/40 episode=19/30 sample=zero_boundary_040 soc=0.2322 fc=0
progress step=232800 round=19/40 episode=19/30 sample=zero_boundary_040 soc=0.2028 fc=460
progress step=232850 round=19/40 episode=19/30 sample=zero_boundary_040 soc=0.2015 fc=390
progress step=232900 round=19/40 episode=19/30 sample=zero_boundary_040 soc=0.2111 fc=520
progress step=232950 round=19/40 episode=20/30 sample=zero_boundary_041 soc=0.5816 fc=0
progress step=233000 round=19/40 episode=20/30 sample=zero_boundary_041 soc=0.3980 fc=0
progress step=233050 round=19/40 episode=21/30 sample=zero_boundary_042 soc=0.6316 fc=0
progress step=233100 round=19/40 episode=21/30 sample=zero_boundary_042 soc=0.4921 fc=330
progress step=233150 round=19/40 episode=21/30 sample=zero_boundary_042 soc=0.2426 fc=220
progress step=233200 round=19/40 episode=22/30 sample=zero_boundary_044 soc=0.5448 fc=290
progress step=233250 round=19/40 episode=22/30 sample=zero_boundary_044 soc=0.3088 fc=420
progress step=233300 round=19/40 episode=23/30 sample=zero_boundary_045 soc=0.6680 fc=0
progress step=233350 round=19/40 episode=23/30 sample=zero_boundary_045 soc=0.5162 fc=400
progress step=233400 round=19/40 episode=23/30 sample=zero_boundary_045 soc=0.3772 fc=0
progress step=233450 round=19/40 episode=24/30 sample=zero_boundary_046 soc=0.5503 fc=500
progress step=233500 round=19/40 episode=24/30 sample=zero_boundary_046 soc=0.3145 fc=340
progress step=233550 round=19/40 episode=25/30 sample=zero_boundary_048 soc=0.6156 fc=170
progress step=233600 round=19/40 episode=25/30 sample=zero_boundary_048 soc=0.4635 fc=510
progress step=233650 round=19/40 episode=25/30 sample=zero_boundary_048 soc=0.2000 fc=600
progress step=233700 round=19/40 episode=25/30 sample=zero_boundary_048 soc=0.2006 fc=330
progress step=233750 round=19/40 episode=25/30 sample=zero_boundary_048 soc=0.2403 fc=110
progress step=233800 round=19/40 episode=26/30 sample=zero_boundary_049 soc=0.6349 fc=0
progress step=233850 round=19/40 episode=26/30 sample=zero_boundary_049 soc=0.5377 fc=540
progress step=233900 round=19/40 episode=26/30 sample=zero_boundary_049 soc=0.4390 fc=600
progress step=233950 round=19/40 episode=26/30 sample=zero_boundary_049 soc=0.3494 fc=210
progress step=234000 round=19/40 episode=26/30 sample=zero_boundary_049 soc=0.2687 fc=410
progress step=234050 round=19/40 episode=27/30 sample=zero_boundary_050 soc=0.6000 fc=540
progress step=234100 round=19/40 episode=27/30 sample=zero_boundary_050 soc=0.5321 fc=0
progress step=234150 round=19/40 episode=27/30 sample=zero_boundary_050 soc=0.2668 fc=40
progress step=234200 round=19/40 episode=27/30 sample=zero_boundary_050 soc=0.2011 fc=400
progress step=234250 round=19/40 episode=28/30 sample=zero_boundary_051 soc=0.5497 fc=130
progress step=234300 round=19/40 episode=28/30 sample=zero_boundary_051 soc=0.4533 fc=90
progress step=234350 round=19/40 episode=28/30 sample=zero_boundary_051 soc=0.4090 fc=390
progress step=234400 round=19/40 episode=29/30 sample=zero_boundary_052 soc=0.5809 fc=0
progress step=234450 round=19/40 episode=29/30 sample=zero_boundary_052 soc=0.2828 fc=560
progress step=234500 round=19/40 episode=30/30 sample=zero_boundary_053 soc=0.6623 fc=0
progress step=234550 round=19/40 episode=30/30 sample=zero_boundary_053 soc=0.4694 fc=110
progress step=234600 round=19/40 episode=30/30 sample=zero_boundary_053 soc=0.2413 fc=0
progress step=234650 round=19/40 episode=30/30 sample=zero_boundary_053 soc=0.2044 fc=130
progress step=234700 round=19/40 episode=30/30 sample=zero_boundary_053 soc=0.2097 fc=0
round 19/40 exploratory=16/30 greedy_train start
MONITOR round=19 exploratory=16/30 greedy_train=10/30 validation=SKIPPED cost=None updates=13977 best_round=7
round 20/40 start epsilon=0.5372
progress step=234750 round=20/40 episode=1/30 sample=zero_boundary_002 soc=0.6464 fc=0
progress step=234800 round=20/40 episode=1/30 sample=zero_boundary_002 soc=0.4135 fc=170
progress step=234850 round=20/40 episode=2/30 sample=zero_boundary_005 soc=0.6314 fc=0
progress step=234900 round=20/40 episode=2/30 sample=zero_boundary_005 soc=0.4853 fc=500
progress step=234950 round=20/40 episode=2/30 sample=zero_boundary_005 soc=0.3346 fc=170
progress step=235000 round=20/40 episode=2/30 sample=zero_boundary_005 soc=0.2026 fc=460
progress step=235050 round=20/40 episode=2/30 sample=zero_boundary_005 soc=0.2021 fc=300
progress step=235100 round=20/40 episode=2/30 sample=zero_boundary_005 soc=0.2030 fc=200
progress step=235150 round=20/40 episode=3/30 sample=zero_boundary_006 soc=0.6572 fc=380
progress step=235200 round=20/40 episode=3/30 sample=zero_boundary_006 soc=0.6256 fc=0
progress step=235250 round=20/40 episode=3/30 sample=zero_boundary_006 soc=0.6313 fc=450
progress step=235300 round=20/40 episode=3/30 sample=zero_boundary_006 soc=0.6552 fc=230
progress step=235350 round=20/40 episode=3/30 sample=zero_boundary_006 soc=0.7076 fc=210
progress step=235400 round=20/40 episode=3/30 sample=zero_boundary_006 soc=0.7170 fc=0
progress step=235450 round=20/40 episode=3/30 sample=zero_boundary_006 soc=0.6734 fc=220
progress step=235500 round=20/40 episode=4/30 sample=zero_boundary_007 soc=0.6048 fc=0
progress step=235550 round=20/40 episode=4/30 sample=zero_boundary_007 soc=0.4467 fc=110
progress step=235600 round=20/40 episode=4/30 sample=zero_boundary_007 soc=0.3698 fc=470
progress step=235650 round=20/40 episode=4/30 sample=zero_boundary_007 soc=0.3417 fc=520
progress step=235700 round=20/40 episode=4/30 sample=zero_boundary_007 soc=0.2362 fc=390
progress step=235750 round=20/40 episode=4/30 sample=zero_boundary_007 soc=0.2492 fc=480
progress step=235800 round=20/40 episode=5/30 sample=zero_boundary_008 soc=0.5668 fc=180
progress step=235850 round=20/40 episode=6/30 sample=zero_boundary_011 soc=0.6208 fc=370
progress step=235900 round=20/40 episode=6/30 sample=zero_boundary_011 soc=0.7990 fc=120
progress step=235950 round=20/40 episode=6/30 sample=zero_boundary_011 soc=0.7168 fc=370
progress step=236000 round=20/40 episode=6/30 sample=zero_boundary_011 soc=0.5851 fc=230
progress step=236050 round=20/40 episode=6/30 sample=zero_boundary_011 soc=0.4991 fc=510
progress step=236100 round=20/40 episode=6/30 sample=zero_boundary_011 soc=0.3820 fc=360
progress step=236150 round=20/40 episode=6/30 sample=zero_boundary_011 soc=0.4561 fc=250
progress step=236200 round=20/40 episode=6/30 sample=zero_boundary_011 soc=0.6436 fc=360
progress step=236250 round=20/40 episode=6/30 sample=zero_boundary_011 soc=0.7992 fc=0
progress step=236300 round=20/40 episode=6/30 sample=zero_boundary_011 soc=0.7999 fc=30
progress step=236350 round=20/40 episode=6/30 sample=zero_boundary_011 soc=0.7873 fc=370
progress step=236400 round=20/40 episode=6/30 sample=zero_boundary_011 soc=0.7840 fc=370
progress step=236450 round=20/40 episode=6/30 sample=zero_boundary_011 soc=0.7986 fc=10
progress step=236500 round=20/40 episode=6/30 sample=zero_boundary_011 soc=0.7966 fc=400
progress step=236550 round=20/40 episode=6/30 sample=zero_boundary_011 soc=0.7894 fc=520
progress step=236600 round=20/40 episode=7/30 sample=zero_boundary_013 soc=0.6106 fc=0
progress step=236650 round=20/40 episode=7/30 sample=zero_boundary_013 soc=0.6953 fc=170
progress step=236700 round=20/40 episode=7/30 sample=zero_boundary_013 soc=0.6488 fc=0
progress step=236750 round=20/40 episode=7/30 sample=zero_boundary_013 soc=0.5094 fc=0
progress step=236800 round=20/40 episode=7/30 sample=zero_boundary_013 soc=0.5044 fc=530
progress step=236850 round=20/40 episode=7/30 sample=zero_boundary_013 soc=0.4772 fc=0
progress step=236900 round=20/40 episode=7/30 sample=zero_boundary_013 soc=0.4397 fc=600
progress step=236950 round=20/40 episode=8/30 sample=zero_boundary_015 soc=0.6079 fc=0
progress step=237000 round=20/40 episode=8/30 sample=zero_boundary_015 soc=0.5240 fc=50
progress step=237050 round=20/40 episode=8/30 sample=zero_boundary_015 soc=0.3278 fc=0
progress step=237100 round=20/40 episode=9/30 sample=zero_boundary_016 soc=0.6746 fc=230
progress step=237150 round=20/40 episode=9/30 sample=zero_boundary_016 soc=0.5965 fc=0
progress step=237200 round=20/40 episode=9/30 sample=zero_boundary_016 soc=0.3218 fc=0
progress step=237250 round=20/40 episode=10/30 sample=zero_boundary_017 soc=0.5673 fc=70
progress step=237300 round=20/40 episode=10/30 sample=zero_boundary_017 soc=0.2521 fc=450
progress step=237350 round=20/40 episode=11/30 sample=zero_boundary_020 soc=0.6221 fc=0
progress step=237400 round=20/40 episode=11/30 sample=zero_boundary_020 soc=0.5131 fc=150
progress step=237450 round=20/40 episode=12/30 sample=zero_boundary_021 soc=0.6383 fc=0
progress step=237500 round=20/40 episode=12/30 sample=zero_boundary_021 soc=0.7156 fc=210
progress step=237550 round=20/40 episode=12/30 sample=zero_boundary_021 soc=0.5909 fc=10
progress step=237600 round=20/40 episode=12/30 sample=zero_boundary_021 soc=0.4205 fc=160
progress step=237650 round=20/40 episode=12/30 sample=zero_boundary_021 soc=0.3242 fc=0
progress step=237700 round=20/40 episode=13/30 sample=zero_boundary_022 soc=0.6410 fc=410
progress step=237750 round=20/40 episode=13/30 sample=zero_boundary_022 soc=0.5151 fc=0
progress step=237800 round=20/40 episode=13/30 sample=zero_boundary_022 soc=0.5308 fc=330
progress step=237850 round=20/40 episode=13/30 sample=zero_boundary_022 soc=0.5810 fc=410
progress step=237900 round=20/40 episode=14/30 sample=zero_boundary_029 soc=0.6515 fc=0
progress step=237950 round=20/40 episode=14/30 sample=zero_boundary_029 soc=0.6492 fc=0
progress step=238000 round=20/40 episode=14/30 sample=zero_boundary_029 soc=0.5816 fc=120
progress step=238050 round=20/40 episode=14/30 sample=zero_boundary_029 soc=0.5084 fc=410
progress step=238100 round=20/40 episode=14/30 sample=zero_boundary_029 soc=0.5212 fc=390
progress step=238150 round=20/40 episode=14/30 sample=zero_boundary_029 soc=0.5021 fc=0
progress step=238200 round=20/40 episode=14/30 sample=zero_boundary_029 soc=0.5482 fc=0
progress step=238250 round=20/40 episode=14/30 sample=zero_boundary_029 soc=0.6792 fc=250
progress step=238300 round=20/40 episode=14/30 sample=zero_boundary_029 soc=0.7999 fc=0
progress step=238350 round=20/40 episode=14/30 sample=zero_boundary_029 soc=0.7999 fc=0
progress step=238400 round=20/40 episode=14/30 sample=zero_boundary_029 soc=0.7999 fc=0
progress step=238450 round=20/40 episode=14/30 sample=zero_boundary_029 soc=0.7999 fc=0
progress step=238500 round=20/40 episode=14/30 sample=zero_boundary_029 soc=0.7999 fc=0
progress step=238550 round=20/40 episode=14/30 sample=zero_boundary_029 soc=0.7999 fc=0
progress step=238600 round=20/40 episode=14/30 sample=zero_boundary_029 soc=0.7999 fc=0
progress step=238650 round=20/40 episode=14/30 sample=zero_boundary_029 soc=0.7999 fc=0
progress step=238700 round=20/40 episode=14/30 sample=zero_boundary_029 soc=0.7999 fc=0
progress step=238750 round=20/40 episode=14/30 sample=zero_boundary_029 soc=0.7951 fc=0
progress step=238800 round=20/40 episode=14/30 sample=zero_boundary_029 soc=0.7620 fc=190
progress step=238850 round=20/40 episode=14/30 sample=zero_boundary_029 soc=0.7210 fc=230
progress step=238900 round=20/40 episode=14/30 sample=zero_boundary_029 soc=0.6996 fc=410
progress step=238950 round=20/40 episode=15/30 sample=zero_boundary_033 soc=0.6821 fc=0
progress step=239000 round=20/40 episode=15/30 sample=zero_boundary_033 soc=0.6992 fc=140
progress step=239050 round=20/40 episode=15/30 sample=zero_boundary_033 soc=0.5434 fc=0
progress step=239100 round=20/40 episode=15/30 sample=zero_boundary_033 soc=0.5373 fc=410
progress step=239150 round=20/40 episode=15/30 sample=zero_boundary_033 soc=0.5925 fc=410
progress step=239200 round=20/40 episode=15/30 sample=zero_boundary_033 soc=0.4391 fc=90
progress step=239250 round=20/40 episode=15/30 sample=zero_boundary_033 soc=0.3250 fc=490
progress step=239300 round=20/40 episode=15/30 sample=zero_boundary_033 soc=0.4900 fc=60
progress step=239350 round=20/40 episode=15/30 sample=zero_boundary_033 soc=0.6445 fc=0
progress step=239400 round=20/40 episode=15/30 sample=zero_boundary_033 soc=0.7997 fc=10
progress step=239450 round=20/40 episode=15/30 sample=zero_boundary_033 soc=0.7999 fc=0
progress step=239500 round=20/40 episode=15/30 sample=zero_boundary_033 soc=0.7999 fc=0
progress step=239550 round=20/40 episode=15/30 sample=zero_boundary_033 soc=0.7999 fc=0
progress step=239600 round=20/40 episode=15/30 sample=zero_boundary_033 soc=0.7999 fc=0
progress step=239650 round=20/40 episode=15/30 sample=zero_boundary_033 soc=0.7999 fc=0
progress step=239700 round=20/40 episode=15/30 sample=zero_boundary_033 soc=0.7997 fc=10
progress step=239750 round=20/40 episode=15/30 sample=zero_boundary_033 soc=0.7998 fc=0
progress step=239800 round=20/40 episode=15/30 sample=zero_boundary_033 soc=0.7995 fc=40
progress step=239850 round=20/40 episode=15/30 sample=zero_boundary_033 soc=0.7993 fc=0
progress step=239900 round=20/40 episode=16/30 sample=zero_boundary_034 soc=0.6466 fc=380
progress step=239950 round=20/40 episode=16/30 sample=zero_boundary_034 soc=0.7865 fc=0
progress step=240000 round=20/40 episode=16/30 sample=zero_boundary_034 soc=0.7999 fc=0
progress step=240050 round=20/40 episode=16/30 sample=zero_boundary_034 soc=0.7999 fc=0
progress step=240100 round=20/40 episode=16/30 sample=zero_boundary_034 soc=0.7999 fc=0
progress step=240150 round=20/40 episode=16/30 sample=zero_boundary_034 soc=0.7999 fc=0
progress step=240200 round=20/40 episode=16/30 sample=zero_boundary_034 soc=0.7999 fc=0
progress step=240250 round=20/40 episode=16/30 sample=zero_boundary_034 soc=0.7999 fc=0
progress step=240300 round=20/40 episode=16/30 sample=zero_boundary_034 soc=0.7999 fc=0
progress step=240350 round=20/40 episode=16/30 sample=zero_boundary_034 soc=0.7999 fc=0
progress step=240400 round=20/40 episode=16/30 sample=zero_boundary_034 soc=0.7999 fc=0
progress step=240450 round=20/40 episode=16/30 sample=zero_boundary_034 soc=0.7999 fc=0
progress step=240500 round=20/40 episode=16/30 sample=zero_boundary_034 soc=0.7999 fc=0
progress step=240550 round=20/40 episode=16/30 sample=zero_boundary_034 soc=0.7999 fc=0
progress step=240600 round=20/40 episode=16/30 sample=zero_boundary_034 soc=0.7999 fc=0
progress step=240650 round=20/40 episode=16/30 sample=zero_boundary_034 soc=0.7999 fc=0
progress step=240700 round=20/40 episode=16/30 sample=zero_boundary_034 soc=0.7999 fc=0
progress step=240750 round=20/40 episode=16/30 sample=zero_boundary_034 soc=0.7996 fc=0
progress step=240800 round=20/40 episode=16/30 sample=zero_boundary_034 soc=0.7964 fc=0
progress step=240850 round=20/40 episode=16/30 sample=zero_boundary_034 soc=0.7727 fc=0
progress step=240900 round=20/40 episode=16/30 sample=zero_boundary_034 soc=0.7506 fc=540
progress step=240950 round=20/40 episode=16/30 sample=zero_boundary_034 soc=0.7391 fc=240
progress step=241000 round=20/40 episode=16/30 sample=zero_boundary_034 soc=0.6602 fc=10
progress step=241050 round=20/40 episode=16/30 sample=zero_boundary_034 soc=0.7578 fc=380
progress step=241100 round=20/40 episode=16/30 sample=zero_boundary_034 soc=0.8000 fc=0
progress step=241150 round=20/40 episode=16/30 sample=zero_boundary_034 soc=0.8000 fc=0
progress step=241200 round=20/40 episode=16/30 sample=zero_boundary_034 soc=0.8000 fc=0
progress step=241250 round=20/40 episode=16/30 sample=zero_boundary_034 soc=0.8000 fc=0
progress step=241300 round=20/40 episode=16/30 sample=zero_boundary_034 soc=0.8000 fc=0
progress step=241350 round=20/40 episode=16/30 sample=zero_boundary_034 soc=0.8000 fc=0
progress step=241400 round=20/40 episode=16/30 sample=zero_boundary_034 soc=0.8000 fc=0
progress step=241450 round=20/40 episode=16/30 sample=zero_boundary_034 soc=0.8000 fc=0
progress step=241500 round=20/40 episode=16/30 sample=zero_boundary_034 soc=0.7997 fc=0
progress step=241550 round=20/40 episode=17/30 sample=zero_boundary_037 soc=0.6628 fc=0
progress step=241600 round=20/40 episode=17/30 sample=zero_boundary_037 soc=0.6758 fc=70
progress step=241650 round=20/40 episode=17/30 sample=zero_boundary_037 soc=0.6347 fc=0
progress step=241700 round=20/40 episode=17/30 sample=zero_boundary_037 soc=0.6240 fc=370
progress step=241750 round=20/40 episode=17/30 sample=zero_boundary_037 soc=0.6112 fc=370
progress step=241800 round=20/40 episode=17/30 sample=zero_boundary_037 soc=0.5473 fc=340
progress step=241850 round=20/40 episode=17/30 sample=zero_boundary_037 soc=0.3106 fc=20
progress step=241900 round=20/40 episode=17/30 sample=zero_boundary_037 soc=0.2804 fc=0
progress step=241950 round=20/40 episode=17/30 sample=zero_boundary_037 soc=0.3859 fc=140
progress step=242000 round=20/40 episode=17/30 sample=zero_boundary_037 soc=0.5139 fc=0
progress step=242050 round=20/40 episode=17/30 sample=zero_boundary_037 soc=0.5926 fc=90
progress step=242100 round=20/40 episode=17/30 sample=zero_boundary_037 soc=0.6996 fc=210
progress step=242150 round=20/40 episode=17/30 sample=zero_boundary_037 soc=0.7763 fc=440
progress step=242200 round=20/40 episode=17/30 sample=zero_boundary_037 soc=0.7988 fc=10
progress step=242250 round=20/40 episode=17/30 sample=zero_boundary_037 soc=0.7995 fc=10
progress step=242300 round=20/40 episode=17/30 sample=zero_boundary_037 soc=0.7992 fc=0
progress step=242350 round=20/40 episode=17/30 sample=zero_boundary_037 soc=0.7976 fc=0
progress step=242400 round=20/40 episode=17/30 sample=zero_boundary_037 soc=0.7984 fc=110
progress step=242450 round=20/40 episode=17/30 sample=zero_boundary_037 soc=0.7998 fc=0
progress step=242500 round=20/40 episode=17/30 sample=zero_boundary_037 soc=0.7994 fc=0
progress step=242550 round=20/40 episode=17/30 sample=zero_boundary_037 soc=0.7999 fc=0
progress step=242600 round=20/40 episode=17/30 sample=zero_boundary_037 soc=0.8000 fc=0
progress step=242650 round=20/40 episode=17/30 sample=zero_boundary_037 soc=0.8000 fc=0
progress step=242700 round=20/40 episode=17/30 sample=zero_boundary_037 soc=0.7997 fc=20
progress step=242750 round=20/40 episode=17/30 sample=zero_boundary_037 soc=0.7958 fc=0
progress step=242800 round=20/40 episode=17/30 sample=zero_boundary_037 soc=0.7929 fc=170
progress step=242850 round=20/40 episode=17/30 sample=zero_boundary_037 soc=0.7981 fc=180
progress step=242900 round=20/40 episode=17/30 sample=zero_boundary_037 soc=0.7995 fc=0
progress step=242950 round=20/40 episode=17/30 sample=zero_boundary_037 soc=0.7969 fc=50
progress step=243000 round=20/40 episode=17/30 sample=zero_boundary_037 soc=0.7989 fc=60
progress step=243050 round=20/40 episode=17/30 sample=zero_boundary_037 soc=0.7974 fc=0
progress step=243100 round=20/40 episode=17/30 sample=zero_boundary_037 soc=0.7982 fc=0
progress step=243150 round=20/40 episode=17/30 sample=zero_boundary_037 soc=0.7991 fc=80
progress step=243200 round=20/40 episode=17/30 sample=zero_boundary_037 soc=0.7984 fc=80
progress step=243250 round=20/40 episode=17/30 sample=zero_boundary_037 soc=0.7993 fc=20
progress step=243300 round=20/40 episode=17/30 sample=zero_boundary_037 soc=0.7991 fc=70
progress step=243350 round=20/40 episode=17/30 sample=zero_boundary_037 soc=0.7985 fc=40
progress step=243400 round=20/40 episode=17/30 sample=zero_boundary_037 soc=0.8000 fc=0
progress step=243450 round=20/40 episode=18/30 sample=zero_boundary_038 soc=0.6510 fc=210
progress step=243500 round=20/40 episode=18/30 sample=zero_boundary_038 soc=0.5140 fc=460
progress step=243550 round=20/40 episode=18/30 sample=zero_boundary_038 soc=0.4221 fc=450
progress step=243600 round=20/40 episode=18/30 sample=zero_boundary_038 soc=0.3725 fc=0
progress step=243650 round=20/40 episode=18/30 sample=zero_boundary_038 soc=0.2003 fc=530
progress step=243700 round=20/40 episode=18/30 sample=zero_boundary_038 soc=0.2018 fc=390
progress step=243750 round=20/40 episode=18/30 sample=zero_boundary_038 soc=0.2665 fc=0
progress step=243800 round=20/40 episode=18/30 sample=zero_boundary_038 soc=0.3727 fc=480
progress step=243850 round=20/40 episode=18/30 sample=zero_boundary_038 soc=0.5179 fc=50
progress step=243900 round=20/40 episode=18/30 sample=zero_boundary_038 soc=0.5442 fc=430
progress step=243950 round=20/40 episode=18/30 sample=zero_boundary_038 soc=0.4266 fc=360
progress step=244000 round=20/40 episode=18/30 sample=zero_boundary_038 soc=0.3157 fc=0
progress step=244050 round=20/40 episode=18/30 sample=zero_boundary_038 soc=0.2052 fc=360
progress step=244100 round=20/40 episode=18/30 sample=zero_boundary_038 soc=0.2415 fc=500
progress step=244150 round=20/40 episode=19/30 sample=zero_boundary_040 soc=0.5694 fc=350
progress step=244200 round=20/40 episode=19/30 sample=zero_boundary_040 soc=0.3995 fc=350
progress step=244250 round=20/40 episode=19/30 sample=zero_boundary_040 soc=0.2201 fc=350
progress step=244300 round=20/40 episode=20/30 sample=zero_boundary_041 soc=0.5927 fc=0
progress step=244350 round=20/40 episode=20/30 sample=zero_boundary_041 soc=0.4659 fc=0
progress step=244400 round=20/40 episode=21/30 sample=zero_boundary_042 soc=0.6000 fc=60
progress step=244450 round=20/40 episode=21/30 sample=zero_boundary_042 soc=0.5802 fc=0
progress step=244500 round=20/40 episode=21/30 sample=zero_boundary_042 soc=0.3167 fc=0
progress step=244550 round=20/40 episode=22/30 sample=zero_boundary_044 soc=0.6193 fc=410
progress step=244600 round=20/40 episode=22/30 sample=zero_boundary_044 soc=0.4004 fc=0
progress step=244650 round=20/40 episode=23/30 sample=zero_boundary_045 soc=0.6335 fc=0
progress step=244700 round=20/40 episode=23/30 sample=zero_boundary_045 soc=0.5360 fc=0
progress step=244750 round=20/40 episode=23/30 sample=zero_boundary_045 soc=0.3551 fc=290
progress step=244800 round=20/40 episode=24/30 sample=zero_boundary_046 soc=0.6086 fc=0
progress step=244850 round=20/40 episode=24/30 sample=zero_boundary_046 soc=0.4323 fc=380
progress step=244900 round=20/40 episode=24/30 sample=zero_boundary_046 soc=0.2008 fc=520
progress step=244950 round=20/40 episode=25/30 sample=zero_boundary_048 soc=0.5295 fc=480
progress step=245000 round=20/40 episode=25/30 sample=zero_boundary_048 soc=0.2489 fc=420
progress step=245050 round=20/40 episode=25/30 sample=zero_boundary_048 soc=0.2042 fc=0
progress step=245100 round=20/40 episode=25/30 sample=zero_boundary_048 soc=0.2372 fc=0
progress step=245150 round=20/40 episode=26/30 sample=zero_boundary_049 soc=0.6197 fc=0
progress step=245200 round=20/40 episode=26/30 sample=zero_boundary_049 soc=0.6083 fc=600
progress step=245250 round=20/40 episode=26/30 sample=zero_boundary_049 soc=0.5166 fc=280
progress step=245300 round=20/40 episode=26/30 sample=zero_boundary_049 soc=0.4404 fc=70
progress step=245350 round=20/40 episode=26/30 sample=zero_boundary_049 soc=0.3815 fc=0
progress step=245400 round=20/40 episode=26/30 sample=zero_boundary_049 soc=0.4040 fc=0
