timestamp,time_s,load_total_kw
2024-06-26 08:07:28+08:00,0.0,0.0
2024-06-26 08:07:29+08:00,1.0,0.0019187640663254986
2024-06-26 08:07:30+08:00,2.0,0.007628140148873957
2024-06-26 08:07:31+08:00,3.0,0.017057754073003317
2024-06-26 08:07:32+08:00,4.0,0.03013723166407152
2024-06-26 08:07:33+08:00,5.0,0.04679619874743651
2024-06-26 08:07:34+08:00,6.0,0.06696428114845623
2024-06-26 08:07:35+08:00,7.0,0.09057110469248864
2024-06-26 08:07:36+08:00,8.0,0.11754629520489164
2024-06-26 08:07:37+08:00,9.0,0.1478194785110232
2024-06-26 08:07:38+08:00,10.0,0.18132028043624127
2024-06-26 08:07:39+08:00,11.0,0.2179783268059038
2024-06-26 08:07:40+08:00,12.0,0.25772324344536873
2024-06-26 08:07:41+08:00,13.0,0.300484656179994
2024-06-26 08:07:42+08:00,14.0,0.34619219083513747
2024-06-26 08:07:43+08:00,15.0,0.39477547323615714
2024-06-26 08:07:44+08:00,16.0,0.44616412920841103
2024-06-26 08:07:45+08:00,17.0,0.500287784577257
2024-06-26 08:07:46+08:00,18.0,0.5570760651680531
2024-06-26 08:07:47+08:00,19.0,0.6164585968061571
2024-06-26 08:07:48+08:00,20.0,0.678365005316927
2024-06-26 08:07:49+08:00,21.0,0.7427249165257208
2024-06-26 08:07:50+08:00,22.0,0.8094679562578965
2024-06-26 08:07:51+08:00,23.0,0.8785237503388118
2024-06-26 08:07:52+08:00,24.0,0.949821924593825
2024-06-26 08:07:53+08:00,25.0,1.0232921048482935
2024-06-26 08:07:54+08:00,26.0,1.098863916927576
2024-06-26 08:07:55+08:00,27.0,1.1764669866570299
2024-06-26 08:07:56+08:00,28.0,1.256030939862013
2024-06-26 08:07:57+08:00,29.0,1.337485402367884
2024-06-26 08:07:58+08:00,30.0,1.42076
2024-06-26 08:07:59+08:00,31.0,1.5204080346701874
2024-06-26 08:08:00+08:00,32.0,1.6502426536599255
2024-06-26 08:08:01+08:00,33.0,1.809083250849053
2024-06-26 08:08:02+08:00,34.0,1.9957492201174074
2024-06-26 08:08:03+08:00,35.0,2.209059955344828
2024-06-26 08:08:04+08:00,36.0,2.447834850411152
2024-06-26 08:08:05+08:00,37.0,2.7108932991962185
2024-06-26 08:08:06+08:00,38.0,2.997054695579865
2024-06-26 08:08:07+08:00,39.0,3.305138433441931
2024-06-26 08:08:08+08:00,40.0,3.6339639066622538
2024-06-26 08:08:09+08:00,41.0,3.982350509120672
2024-06-26 08:08:10+08:00,42.0,4.3491176346970235
2024-06-26 08:08:11+08:00,43.0,4.7330846772711475
2024-06-26 08:08:12+08:00,44.0,5.133071030722881
2024-06-26 08:08:13+08:00,45.0,5.547896088932063
2024-06-26 08:08:14+08:00,46.0,5.976379245778532
2024-06-26 08:08:15+08:00,47.0,6.417339895142126
2024-06-26 08:08:16+08:00,48.0,6.869597430902684
2024-06-26 08:08:17+08:00,49.0,7.331971246940043
2024-06-26 08:08:18+08:00,50.0,7.803280737134041
2024-06-26 08:08:19+08:00,51.0,8.282345295364518
2024-06-26 08:08:20+08:00,52.0,8.767984315511312
2024-06-26 08:08:21+08:00,53.0,9.259017191454259
2024-06-26 08:08:22+08:00,54.0,9.754263317073201
2024-06-26 08:08:23+08:00,55.0,10.252542086247972
2024-06-26 08:08:24+08:00,56.0,10.752672892858413
2024-06-26 08:08:25+08:00,57.0,11.253475130784363
2024-06-26 08:08:26+08:00,58.0,11.753768193905659
2024-06-26 08:08:27+08:00,59.0,12.252371476102137
2024-06-26 08:08:28+08:00,60.0,12.74810437125364
2024-06-26 08:08:29+08:00,61.0,13.252881164979197
2024-06-26 08:08:30+08:00,62.0,13.778914655691118
2024-06-26 08:08:31+08:00,63.0,14.325472006459172
2024-06-26 08:08:32+08:00,64.0,14.891820380353122
2024-06-26 08:08:33+08:00,65.0,15.477226940442735
2024-06-26 08:08:34+08:00,66.0,16.080958849797778
2024-06-26 08:08:35+08:00,67.0,16.702283271488003
2024-06-26 08:08:36+08:00,68.0,17.340467368583194
2024-06-26 08:08:37+08:00,69.0,17.994778304153105
2024-06-26 08:08:38+08:00,70.0,18.664483241267494
2024-06-26 08:08:39+08:00,71.0,19.348849342996136
2024-06-26 08:08:40+08:00,72.0,20.0471437724088
2024-06-26 08:08:41+08:00,73.0,20.75863369257524
2024-06-26 08:08:42+08:00,74.0,21.482586266565225
2024-06-26 08:08:43+08:00,75.0,22.21826865744852
2024-06-26 08:08:44+08:00,76.0,22.964948028294888
2024-06-26 08:08:45+08:00,77.0,23.7218915421741
2024-06-26 08:08:46+08:00,78.0,24.48836636215591
2024-06-26 08:08:47+08:00,79.0,25.2636396513101
2024-06-26 08:08:48+08:00,80.0,26.046978572706422
2024-06-26 08:08:49+08:00,81.0,26.837650289414636
2024-06-26 08:08:50+08:00,82.0,27.634921964504517
2024-06-26 08:08:51+08:00,83.0,28.43806076104583
2024-06-26 08:08:52+08:00,84.0,29.24633384210834
2024-06-26 08:08:53+08:00,85.0,30.0590083707618
2024-06-26 08:08:54+08:00,86.0,30.875351510075987
2024-06-26 08:08:55+08:00,87.0,31.694630423120664
2024-06-26 08:08:56+08:00,88.0,32.51611227296559
2024-06-26 08:08:57+08:00,89.0,33.33906422268054
2024-06-26 08:08:58+08:00,90.0,34.16275343533527
2024-06-26 08:08:59+08:00,91.0,34.993697711713686
2024-06-26 08:09:00+08:00,92.0,35.838609811643124
2024-06-26 08:09:01+08:00,93.0,36.69704933675851
2024-06-26 08:09:02+08:00,94.0,37.568575888694745
2024-06-26 08:09:03+08:00,95.0,38.45274906908678
2024-06-26 08:09:04+08:00,96.0,39.34912847956951
2024-06-26 08:09:05+08:00,97.0,40.25727372177785
2024-06-26 08:09:06+08:00,98.0,41.17674439734674
2024-06-26 08:09:07+08:00,99.0,42.10710010791108
2024-06-26 08:09:08+08:00,100.0,43.04790045510579
2024-06-26 08:09:09+08:00,101.0,43.9987050405658
2024-06-26 08:09:10+08:00,102.0,44.95907346592603
2024-06-26 08:09:11+08:00,103.0,45.9285653328214
2024-06-26 08:09:12+08:00,104.0,46.90674024288681
2024-06-26 08:09:13+08:00,105.0,47.8931577977572
2024-06-26 08:09:14+08:00,106.0,48.88737759906747
2024-06-26 08:09:15+08:00,107.0,49.88895924845255
2024-06-26 08:09:16+08:00,108.0,50.89746234754737
2024-06-26 08:09:17+08:00,109.0,51.91244649798684
2024-06-26 08:09:18+08:00,110.0,52.93347130140586
2024-06-26 08:09:19+08:00,111.0,53.960096359439376
2024-06-26 08:09:20+08:00,112.0,54.9918812737223
2024-06-26 08:09:21+08:00,113.0,56.02838564588954
2024-06-26 08:09:22+08:00,114.0,57.06916907757603
2024-06-26 08:09:23+08:00,115.0,58.113791170416675
2024-06-26 08:09:24+08:00,116.0,59.16181152604641
2024-06-26 08:09:25+08:00,117.0,60.212789746100135
2024-06-26 08:09:26+08:00,118.0,61.26628543221278
2024-06-26 08:09:27+08:00,119.0,62.32185818601927
2024-06-26 08:09:28+08:00,120.0,63.37906760915451
2024-06-26 08:09:29+08:00,121.0,64.441837442618
2024-06-26 08:09:30+08:00,122.0,65.51416984215726
2024-06-26 08:09:31+08:00,123.0,66.59574203152938
2024-06-26 08:09:32+08:00,124.0,67.68623123449137
2024-06-26 08:09:33+08:00,125.0,68.78531467480029
2024-06-26 08:09:34+08:00,126.0,69.89266957621318
2024-06-26 08:09:35+08:00,127.0,71.00797316248705
2024-06-26 08:09:36+08:00,128.0,72.13090265737898
2024-06-26 08:09:37+08:00,129.0,73.26113528464602
2024-06-26 08:09:38+08:00,130.0,74.39834826804518
2024-06-26 08:09:39+08:00,131.0,75.54221883133351
2024-06-26 08:09:40+08:00,132.0,76.69242419826806
2024-06-26 08:09:41+08:00,133.0,77.84864159260586
2024-06-26 08:09:42+08:00,134.0,79.01054823810396
2024-06-26 08:09:43+08:00,135.0,80.17782135851941
2024-06-26 08:09:44+08:00,136.0,81.35013817760925
2024-06-26 08:09:45+08:00,137.0,82.52717591913051
2024-06-26 08:09:46+08:00,138.0,83.70861180684027
2024-06-26 08:09:47+08:00,139.0,84.89412306449552
2024-06-26 08:09:48+08:00,140.0,86.08338691585331
2024-06-26 08:09:49+08:00,141.0,87.27608058467068
2024-06-26 08:09:50+08:00,142.0,88.47188129470473
2024-06-26 08:09:51+08:00,143.0,89.67046626971243
2024-06-26 08:09:52+08:00,144.0,90.87151273345087
2024-06-26 08:09:53+08:00,145.0,92.07469790967706
2024-06-26 08:09:54+08:00,146.0,93.27969902214807
2024-06-26 08:09:55+08:00,147.0,94.48619329462092
2024-06-26 08:09:56+08:00,148.0,95.69385795085265
2024-06-26 08:09:57+08:00,149.0,96.90237021460032
2024-06-26 08:09:58+08:00,150.0,98.11140730962096
2024-06-26 08:09:59+08:00,151.0,99.32378443765964
2024-06-26 08:10:00+08:00,152.0,100.5423511845576
2024-06-26 08:10:01+08:00,153.0,101.76683635021607
2024-06-26 08:10:02+08:00,154.0,102.99696873453632
2024-06-26 08:10:03+08:00,155.0,104.23247713741958
2024-06-26 08:10:04+08:00,156.0,105.47309035876712
2024-06-26 08:10:05+08:00,157.0,106.71853719848016
2024-06-26 08:10:06+08:00,158.0,107.96854645645998
2024-06-26 08:10:07+08:00,159.0,109.22284693260785
2024-06-26 08:10:08+08:00,160.0,110.48116742682498
2024-06-26 08:10:09+08:00,161.0,111.74323673901266
2024-06-26 08:10:10+08:00,162.0,113.0087836690721
2024-06-26 08:10:11+08:00,163.0,114.27753701690459
2024-06-26 08:10:12+08:00,164.0,115.54922558241135
2024-06-26 08:10:13+08:00,165.0,116.82357816549366
2024-06-26 08:10:14+08:00,166.0,118.10032356605278
2024-06-26 08:10:15+08:00,167.0,119.37919058398991
2024-06-26 08:10:16+08:00,168.0,120.65990801920634
2024-06-26 08:10:17+08:00,169.0,121.94220467160333
2024-06-26 08:10:18+08:00,170.0,123.22580934108213
2024-06-26 08:10:19+08:00,171.0,124.51045082754395
2024-06-26 08:10:20+08:00,172.0,125.79585793089008
2024-06-26 08:10:21+08:00,173.0,127.08175945102177
2024-06-26 08:10:22+08:00,174.0,128.36788418784027
2024-06-26 08:10:23+08:00,175.0,129.65396094124682
2024-06-26 08:10:24+08:00,176.0,130.93971851114267
2024-06-26 08:10:25+08:00,177.0,132.2248856974291
2024-06-26 08:10:26+08:00,178.0,133.50919130000736
2024-06-26 08:10:27+08:00,179.0,134.79236411877864
2024-06-26 08:10:28+08:00,180.0,136.07413295364427
2024-06-26 08:10:29+08:00,181.0,137.35688704126872
2024-06-26 08:10:30+08:00,182.0,138.64302451009846
2024-06-26 08:10:31+08:00,183.0,139.93228749770776
2024-06-26 08:10:32+08:00,184.0,141.22441814167084
2024-06-26 08:10:33+08:00,185.0,142.519158579562
2024-06-26 08:10:34+08:00,186.0,143.81625094895543
2024-06-26 08:10:35+08:00,187.0,145.11543738742546
2024-06-26 08:10:36+08:00,188.0,146.41646003254624
2024-06-26 08:10:37+08:00,189.0,147.7190610218921
2024-06-26 08:10:38+08:00,190.0,149.0229824930372
2024-06-26 08:10:39+08:00,191.0,150.3279665835559
2024-06-26 08:10:40+08:00,192.0,151.63375543102237
2024-06-26 08:10:41+08:00,193.0,152.94009117301087
2024-06-26 08:10:42+08:00,194.0,154.24671594709565
2024-06-26 08:10:43+08:00,195.0,155.55337189085103
2024-06-26 08:10:44+08:00,196.0,156.85980114185114
2024-06-26 08:10:45+08:00,197.0,158.16574583767027
2024-06-26 08:10:46+08:00,198.0,159.4709481158827
2024-06-26 08:10:47+08:00,199.0,160.77515011406265
2024-06-26 08:10:48+08:00,200.0,162.0780939697844
2024-06-26 08:10:49+08:00,201.0,163.37952182062216
2024-06-26 08:10:50+08:00,202.0,164.6791758041502
2024-06-26 08:10:51+08:00,203.0,165.97679805794274
2024-06-26 08:10:52+08:00,204.0,167.27213071957405
2024-06-26 08:10:53+08:00,205.0,168.5649159266184
2024-06-26 08:10:54+08:00,206.0,169.85489581665001
2024-06-26 08:10:55+08:00,207.0,171.14181252724313
2024-06-26 08:10:56+08:00,208.0,172.42540819597204
2024-06-26 08:10:57+08:00,209.0,173.7054249604109
2024-06-26 08:10:58+08:00,210.0,174.98160495813408
2024-06-26 08:10:59+08:00,211.0,176.25638761258864
2024-06-26 08:11:00+08:00,212.0,177.53219958334734
2024-06-26 08:11:01+08:00,213.0,178.80876386217264
2024-06-26 08:11:02+08:00,214.0,180.08580344082714
2024-06-26 08:11:03+08:00,215.0,181.3630413110734
2024-06-26 08:11:04+08:00,216.0,182.64020046467397
2024-06-26 08:11:05+08:00,217.0,183.91700389339132
2024-06-26 08:11:06+08:00,218.0,185.19317458898806
2024-06-26 08:11:07+08:00,219.0,186.4684355432268
2024-06-26 08:11:08+08:00,220.0,187.74250974787
2024-06-26 08:11:09+08:00,221.0,189.0151201946802
2024-06-26 08:11:10+08:00,222.0,190.28598987542003
2024-06-26 08:11:11+08:00,223.0,191.55484178185193
2024-06-26 08:11:12+08:00,224.0,192.82139890573856
2024-06-26 08:11:13+08:00,225.0,194.0853842388424
2024-06-26 08:11:14+08:00,226.0,195.346520772926
2024-06-26 08:11:15+08:00,227.0,196.60453149975191
2024-06-26 08:11:16+08:00,228.0,197.85913941108277
2024-06-26 08:11:17+08:00,229.0,199.110067498681
2024-06-26 08:11:18+08:00,230.0,200.35703875430914
2024-06-26 08:11:19+08:00,231.0,201.59977616972984
2024-06-26 08:11:20+08:00,232.0,202.83800273670565
2024-06-26 08:11:21+08:00,233.0,204.07144144699902
2024-06-26 08:11:22+08:00,234.0,205.29981529237256
2024-06-26 08:11:23+08:00,235.0,206.52284726458882
2024-06-26 08:11:24+08:00,236.0,207.74026035541033
2024-06-26 08:11:25+08:00,237.0,208.95177755659964
2024-06-26 08:11:26+08:00,238.0,210.1571218599193
2024-06-26 08:11:27+08:00,239.0,211.3560162571319
2024-06-26 08:11:28+08:00,240.0,212.54818373999993
2024-06-26 08:11:29+08:00,241.0,213.7366120380794
2024-06-26 08:11:30+08:00,242.0,214.92424884008395
2024-06-26 08:11:31+08:00,243.0,216.11075707651273
2024-06-26 08:11:32+08:00,244.0,217.29579967786484
2024-06-26 08:11:33+08:00,245.0,218.47903957463933
2024-06-26 08:11:34+08:00,246.0,219.66013969733538
2024-06-26 08:11:35+08:00,247.0,220.838762976452
2024-06-26 08:11:36+08:00,248.0,222.01457234248832
2024-06-26 08:11:37+08:00,249.0,223.18723072594346
2024-06-26 08:11:38+08:00,250.0,224.35640105731653
2024-06-26 08:11:39+08:00,251.0,225.52174626710658
2024-06-26 08:11:40+08:00,252.0,226.68292928581275
2024-06-26 08:11:41+08:00,253.0,227.83961304393415
2024-06-26 08:11:42+08:00,254.0,228.9914604719698
2024-06-26 08:11:43+08:00,255.0,230.1381345004189
2024-06-26 08:11:44+08:00,256.0,231.27929805978053
2024-06-26 08:11:45+08:00,257.0,232.4146140805537
2024-06-26 08:11:46+08:00,258.0,233.5437454932376
2024-06-26 08:11:47+08:00,259.0,234.6663552283313
2024-06-26 08:11:48+08:00,260.0,235.78210621633394
2024-06-26 08:11:49+08:00,261.0,236.89066138774453
2024-06-26 08:11:50+08:00,262.0,237.99168367306225
2024-06-26 08:11:51+08:00,263.0,239.08483600278615
2024-06-26 08:11:52+08:00,264.0,240.16978130741538
2024-06-26 08:11:53+08:00,265.0,241.246182517449
2024-06-26 08:11:54+08:00,266.0,242.3137025633861
2024-06-26 08:11:55+08:00,267.0,243.3720043757258
2024-06-26 08:11:56+08:00,268.0,244.42075088496722
2024-06-26 08:11:57+08:00,269.0,245.45960502160946
2024-06-26 08:11:58+08:00,270.0,246.48822971615155
2024-06-26 08:11:59+08:00,271.0,247.51094068654
2024-06-26 08:12:00+08:00,272.0,248.5319632567518
2024-06-26 08:12:01+08:00,273.0,249.55082476633186
2024-06-26 08:12:02+08:00,274.0,250.5670525548252
2024-06-26 08:12:03+08:00,275.0,251.58017396177678
2024-06-26 08:12:04+08:00,276.0,252.58971632673152
2024-06-26 08:12:05+08:00,277.0,253.59520698923438
2024-06-26 08:12:06+08:00,278.0,254.59617328883039
2024-06-26 08:12:07+08:00,279.0,255.59214256506448
2024-06-26 08:12:08+08:00,280.0,256.5826421574816
2024-06-26 08:12:09+08:00,281.0,257.56719940562664
2024-06-26 08:12:10+08:00,282.0,258.5453416490447
2024-06-26 08:12:11+08:00,283.0,259.51659622728056
2024-06-26 08:12:12+08:00,284.0,260.4804904798794
2024-06-26 08:12:13+08:00,285.0,261.43655174638604
2024-06-26 08:12:14+08:00,286.0,262.38430736634547
2024-06-26 08:12:15+08:00,287.0,263.3232846793026
2024-06-26 08:12:16+08:00,288.0,264.2530110248025
2024-06-26 08:12:17+08:00,289.0,265.1730137423901
2024-06-26 08:12:18+08:00,290.0,266.0828201716103
2024-06-26 08:12:19+08:00,291.0,266.9819576520081
2024-06-26 08:12:20+08:00,292.0,267.8699535231284
2024-06-26 08:12:21+08:00,293.0,268.7463351245163
2024-06-26 08:12:22+08:00,294.0,269.6106297957166
2024-06-26 08:12:23+08:00,295.0,270.4623648762743
2024-06-26 08:12:24+08:00,296.0,271.30106770573457
2024-06-26 08:12:25+08:00,297.0,272.126265623642
2024-06-26 08:12:26+08:00,298.0,272.93748596954185
2024-06-26 08:12:27+08:00,299.0,273.73425608297896
2024-06-26 08:12:28+08:00,300.0,274.51610330349837
2024-06-26 08:12:29+08:00,301.0,275.29056183396455
2024-06-26 08:12:30+08:00,302.0,276.0649286372536
2024-06-26 08:12:31+08:00,303.0,276.838375192928
2024-06-26 08:12:32+08:00,304.0,277.6100729805504
2024-06-26 08:12:33+08:00,305.0,278.37919347968295
2024-06-26 08:12:34+08:00,306.0,279.1449081698882
2024-06-26 08:12:35+08:00,307.0,279.9063885307286
2024-06-26 08:12:36+08:00,308.0,280.66280604176654
2024-06-26 08:12:37+08:00,309.0,281.41333218256443
2024-06-26 08:12:38+08:00,310.0,282.15713843268475
2024-06-26 08:12:39+08:00,311.0,282.89339627169
2024-06-26 08:12:40+08:00,312.0,283.6212771791425
2024-06-26 08:12:41+08:00,313.0,284.3399526346048
2024-06-26 08:12:42+08:00,314.0,285.04859411763914
2024-06-26 08:12:43+08:00,315.0,285.74637310780815
2024-06-26 08:12:44+08:00,316.0,286.4324610846742
2024-06-26 08:12:45+08:00,317.0,287.10602952779976
2024-06-26 08:12:46+08:00,318.0,287.76624991674714
2024-06-26 08:12:47+08:00,319.0,288.4122937310788
2024-06-26 08:12:48+08:00,320.0,289.04333245035735
2024-06-26 08:12:49+08:00,321.0,289.6585375541451
2024-06-26 08:12:50+08:00,322.0,290.25708052200446
2024-06-26 08:12:51+08:00,323.0,290.83813283349787
2024-06-26 08:12:52+08:00,324.0,291.4008659681878
2024-06-26 08:12:53+08:00,325.0,291.94445140563664
2024-06-26 08:12:54+08:00,326.0,292.4680606254069
2024-06-26 08:12:55+08:00,327.0,292.97086510706094
2024-06-26 08:12:56+08:00,328.0,293.45203633016126
2024-06-26 08:12:57+08:00,329.0,293.91074577427025
2024-06-26 08:12:58+08:00,330.0,294.3461649189503
2024-06-26 08:12:59+08:00,331.0,294.77236313085484
2024-06-26 08:13:00+08:00,332.0,295.2030749701919
2024-06-26 08:13:01+08:00,333.0,295.6369697068554
2024-06-26 08:13:02+08:00,334.0,296.0727166107397
2024-06-26 08:13:03+08:00,335.0,296.5089849517387
2024-06-26 08:13:04+08:00,336.0,296.94444399974674
2024-06-26 08:13:05+08:00,337.0,297.37776302465795
2024-06-26 08:13:06+08:00,338.0,297.8076112963664
2024-06-26 08:13:07+08:00,339.0,298.23265808476623
2024-06-26 08:13:08+08:00,340.0,298.65157265975176
2024-06-26 08:13:09+08:00,341.0,299.0630242912169
2024-06-26 08:13:10+08:00,342.0,299.465682249056
2024-06-26 08:13:11+08:00,343.0,299.858215803163
2024-06-26 08:13:12+08:00,344.0,300.2392942234322
2024-06-26 08:13:13+08:00,345.0,300.6075867797577
2024-06-26 08:13:14+08:00,346.0,300.96176274203367
2024-06-26 08:13:15+08:00,347.0,301.3004913801542
2024-06-26 08:13:16+08:00,348.0,301.62244196401343
2024-06-26 08:13:17+08:00,349.0,301.9262837635057
2024-06-26 08:13:18+08:00,350.0,302.2106860485249
2024-06-26 08:13:19+08:00,351.0,302.47431808896533
2024-06-26 08:13:20+08:00,352.0,302.71584915472107
2024-06-26 08:13:21+08:00,353.0,302.9339485156863
2024-06-26 08:13:22+08:00,354.0,303.1272854417552
2024-06-26 08:13:23+08:00,355.0,303.2945292028218
2024-06-26 08:13:24+08:00,356.0,303.43434906878036
2024-06-26 08:13:25+08:00,357.0,303.54541430952503
2024-06-26 08:13:26+08:00,358.0,303.6263941949498
2024-06-26 08:13:27+08:00,359.0,303.675957994949
2024-06-26 08:13:28+08:00,360.0,303.6927749794167
2024-06-26 08:13:29+08:00,361.0,303.6878232536501
2024-06-26 08:13:30+08:00,362.0,303.6731265548351
2024-06-26 08:13:31+08:00,363.0,303.64892260069854
2024-06-26 08:13:32+08:00,364.0,303.61544910896737
2024-06-26 08:13:33+08:00,365.0,303.5729437973686
2024-06-26 08:13:34+08:00,366.0,303.5216443836293
2024-06-26 08:13:35+08:00,367.0,303.46178858547626
2024-06-26 08:13:36+08:00,368.0,303.3936141206366
2024-06-26 08:13:37+08:00,369.0,303.3173587068371
2024-06-26 08:13:38+08:00,370.0,303.2332600618049
2024-06-26 08:13:39+08:00,371.0,303.1415559032669
2024-06-26 08:13:40+08:00,372.0,303.04248394895006
2024-06-26 08:13:41+08:00,373.0,302.93628191658144
2024-06-26 08:13:42+08:00,374.0,302.8231875238878
2024-06-26 08:13:43+08:00,375.0,302.70343848859625
2024-06-26 08:13:44+08:00,376.0,302.57727252843375
2024-06-26 08:13:45+08:00,377.0,302.44492736112727
2024-06-26 08:13:46+08:00,378.0,302.3066407044037
2024-06-26 08:13:47+08:00,379.0,302.1626502759901
2024-06-26 08:13:48+08:00,380.0,302.0131937936133
2024-06-26 08:13:49+08:00,381.0,301.85850897500046
2024-06-26 08:13:50+08:00,382.0,301.69883353787844
2024-06-26 08:13:51+08:00,383.0,301.5344051999742
2024-06-26 08:13:52+08:00,384.0,301.3654616790147
2024-06-26 08:13:53+08:00,385.0,301.19224069272684
2024-06-26 08:13:54+08:00,386.0,301.0149799588378
2024-06-26 08:13:55+08:00,387.0,300.8339171950743
2024-06-26 08:13:56+08:00,388.0,300.6492901191635
2024-06-26 08:13:57+08:00,389.0,300.4613364488323
2024-06-26 08:13:58+08:00,390.0,300.2702939018076
2024-06-26 08:13:59+08:00,391.0,300.05636825010185
2024-06-26 08:14:00+08:00,392.0,299.8006143176035
2024-06-26 08:14:01+08:00,393.0,299.50454339985396
2024-06-26 08:14:02+08:00,394.0,299.16966679239414
2024-06-26 08:14:03+08:00,395.0,298.7974957907652
2024-06-26 08:14:04+08:00,396.0,298.3895416905085
2024-06-26 08:14:05+08:00,397.0,297.9473157871651
2024-06-26 08:14:06+08:00,398.0,297.47232937627626
2024-06-26 08:14:07+08:00,399.0,296.966093753383
2024-06-26 08:14:08+08:00,400.0,296.4301202140266
2024-06-26 08:14:09+08:00,401.0,295.8659200537482
2024-06-26 08:14:10+08:00,402.0,295.27500456808895
2024-06-26 08:14:11+08:00,403.0,294.65888505259005
2024-06-26 08:14:12+08:00,404.0,294.01907280279266
2024-06-26 08:14:13+08:00,405.0,293.3570791142379
2024-06-26 08:14:14+08:00,406.0,292.67441528246695
2024-06-26 08:14:15+08:00,407.0,291.9725926030211
2024-06-26 08:14:16+08:00,408.0,291.2531223714413
2024-06-26 08:14:17+08:00,409.0,290.5175158832689
2024-06-26 08:14:18+08:00,410.0,289.7672844340451
2024-06-26 08:14:19+08:00,411.0,289.00393931931086
2024-06-26 08:14:20+08:00,412.0,288.2289918346076
2024-06-26 08:14:21+08:00,413.0,287.4439532754763
2024-06-26 08:14:22+08:00,414.0,286.6503349374581
2024-06-26 08:14:23+08:00,415.0,285.8496481160944
2024-06-26 08:14:24+08:00,416.0,285.0434041069262
2024-06-26 08:14:25+08:00,417.0,284.2331142054946
2024-06-26 08:14:26+08:00,418.0,283.42028970734094
2024-06-26 08:14:27+08:00,419.0,282.60644190800633
2024-06-26 08:14:28+08:00,420.0,281.7930821030319
2024-06-26 08:14:29+08:00,421.0,280.95900215719195
2024-06-26 08:14:30+08:00,422.0,280.083194357709
2024-06-26 08:14:31+08:00,423.0,279.16747063379654
2024-06-26 08:14:32+08:00,424.0,278.2136429146681
2024-06-26 08:14:33+08:00,425.0,277.2235231295372
2024-06-26 08:14:34+08:00,426.0,276.1989232076173
2024-06-26 08:14:35+08:00,427.0,275.1416550781221
2024-06-26 08:14:36+08:00,428.0,274.0535306702649
2024-06-26 08:14:37+08:00,429.0,272.9363619132593
2024-06-26 08:14:38+08:00,430.0,271.7919607363188
2024-06-26 08:14:39+08:00,431.0,270.62213906865696
2024-06-26 08:14:40+08:00,432.0,269.4287088394873
2024-06-26 08:14:41+08:00,433.0,268.2134819780233
2024-06-26 08:14:42+08:00,434.0,266.9782704134784
2024-06-26 08:14:43+08:00,435.0,265.72488607506637
2024-06-26 08:14:44+08:00,436.0,264.45514089200043
2024-06-26 08:14:45+08:00,437.0,263.17084679349426
2024-06-26 08:14:46+08:00,438.0,261.8738157087613
2024-06-26 08:14:47+08:00,439.0,260.56585956701514
2024-06-26 08:14:48+08:00,440.0,259.2487902974693
2024-06-26 08:14:49+08:00,441.0,257.9244198293373
2024-06-26 08:14:50+08:00,442.0,256.5945600918325
2024-06-26 08:14:51+08:00,443.0,255.2610230141686
2024-06-26 08:14:52+08:00,444.0,253.92562052555905
2024-06-26 08:14:53+08:00,445.0,252.59016455521737
2024-06-26 08:14:54+08:00,446.0,251.25646703235702
2024-06-26 08:14:55+08:00,447.0,249.92633988619164
2024-06-26 08:14:56+08:00,448.0,248.60159504593466
2024-06-26 08:14:57+08:00,449.0,247.2840444407996
2024-06-26 08:14:58+08:00,450.0,245.97549999999998
2024-06-26 08:14:59+08:00,451.0,244.63650770769087
2024-06-26 08:15:00+08:00,452.0,243.2307044826574
2024-06-26 08:15:01+08:00,453.0,241.7645386560583
2024-06-26 08:15:02+08:00,454.0,240.24445855905228
2024-06-26 08:15:03+08:00,455.0,238.67691252279803
2024-06-26 08:15:04+08:00,456.0,237.0683488784543
2024-06-26 08:15:05+08:00,457.0,235.42521595717974
2024-06-26 08:15:06+08:00,458.0,233.75396209013311
2024-06-26 08:15:07+08:00,459.0,232.06103560847313
2024-06-26 08:15:08+08:00,460.0,230.35288484335845
2024-06-26 08:15:09+08:00,461.0,228.63595812594784
2024-06-26 08:15:10+08:00,462.0,226.91670378739997
2024-06-26 08:15:11+08:00,463.0,225.20157015887358
2024-06-26 08:15:12+08:00,464.0,223.49700557152738
2024-06-26 08:15:13+08:00,465.0,221.80945835652005
2024-06-26 08:15:14+08:00,466.0,220.1453768450103
2024-06-26 08:15:15+08:00,467.0,218.5112093681569
2024-06-26 08:15:16+08:00,468.0,216.9134042571185
2024-06-26 08:15:17+08:00,469.0,215.35840984305386
2024-06-26 08:15:18+08:00,470.0,213.85267445712162
2024-06-26 08:15:19+08:00,471.0,212.40264643048056
2024-06-26 08:15:20+08:00,472.0,211.01477409428935
2024-06-26 08:15:21+08:00,473.0,209.69550577970674
2024-06-26 08:15:22+08:00,474.0,208.45128981789136
2024-06-26 08:15:23+08:00,475.0,207.288574540002
2024-06-26 08:15:24+08:00,476.0,206.21380827719736
2024-06-26 08:15:25+08:00,477.0,205.2334393606361
2024-06-26 08:15:26+08:00,478.0,204.35391612147703
2024-06-26 08:15:27+08:00,479.0,203.58168689087876
2024-06-26 08:15:28+08:00,480.0,202.9232
2024-06-26 08:15:29+08:00,481.0,202.32598765273102
2024-06-26 08:15:30+08:00,482.0,201.733986545031
2024-06-26 08:15:31+08:00,483.0,201.14825174616252
2024-06-26 08:15:32+08:00,484.0,200.5698383253879
2024-06-26 08:15:33+08:00,485.0,199.99980135196975
2024-06-26 08:15:34+08:00,486.0,199.43919589517037
2024-06-26 08:15:35+08:00,487.0,198.8890770242523
2024-06-26 08:15:36+08:00,488.0,198.35049980847793
2024-06-26 08:15:37+08:00,489.0,197.82451931710975
2024-06-26 08:15:38+08:00,490.0,197.31219061941013
2024-06-26 08:15:39+08:00,491.0,196.81456878464166
2024-06-26 08:15:40+08:00,492.0,196.33270888206667
2024-06-26 08:15:41+08:00,493.0,195.86766598094763
2024-06-26 08:15:42+08:00,494.0,195.42049515054705
2024-06-26 08:15:43+08:00,495.0,194.9922514601273
2024-06-26 08:15:44+08:00,496.0,194.58398997895088
2024-06-26 08:15:45+08:00,497.0,194.19676577628024
2024-06-26 08:15:46+08:00,498.0,193.83163392137777
2024-06-26 08:15:47+08:00,499.0,193.48964948350599
2024-06-26 08:15:48+08:00,500.0,193.1718675319273
2024-06-26 08:15:49+08:00,501.0,192.87934313590418
2024-06-26 08:15:50+08:00,502.0,192.61313136469903
2024-06-26 08:15:51+08:00,503.0,192.37428728757436
2024-06-26 08:15:52+08:00,504.0,192.16386597379258
2024-06-26 08:15:53+08:00,505.0,191.98292249261615
2024-06-26 08:15:54+08:00,506.0,191.83251191330754
2024-06-26 08:15:55+08:00,507.0,191.71368930512915
2024-06-26 08:15:56+08:00,508.0,191.62750973734347
2024-06-26 08:15:57+08:00,509.0,191.57502827921294
2024-06-26 08:15:58+08:00,510.0,191.5573
2024-06-26 08:15:59+08:00,511.0,191.61702392702577
2024-06-26 08:16:00+08:00,512.0,191.79441112046734
2024-06-26 08:16:01+08:00,513.0,192.08678469887113
2024-06-26 08:16:02+08:00,514.0,192.4914677807835
2024-06-26 08:16:03+08:00,515.0,193.00578348475085
2024-06-26 08:16:04+08:00,516.0,193.62705492931957
2024-06-26 08:16:05+08:00,517.0,194.35260523303606
2024-06-26 08:16:06+08:00,518.0,195.1797575144467
2024-06-26 08:16:07+08:00,519.0,196.1058348920979
2024-06-26 08:16:08+08:00,520.0,197.12816048453604
2024-06-26 08:16:09+08:00,521.0,198.2440574103075
2024-06-26 08:16:10+08:00,522.0,199.4508487879587
2024-06-26 08:16:11+08:00,523.0,200.74585773603602
2024-06-26 08:16:12+08:00,524.0,202.12640737308584
2024-06-26 08:16:13+08:00,525.0,203.58982081765456
2024-06-26 08:16:14+08:00,526.0,205.1334211882886
2024-06-26 08:16:15+08:00,527.0,206.7545316035343
2024-06-26 08:16:16+08:00,528.0,208.45047518193806
2024-06-26 08:16:17+08:00,529.0,210.2185750420463
2024-06-26 08:16:18+08:00,530.0,212.05615430240542
2024-06-26 08:16:19+08:00,531.0,213.96053608156177
2024-06-26 08:16:20+08:00,532.0,215.9290434980618
2024-06-26 08:16:21+08:00,533.0,217.95899967045182
2024-06-26 08:16:22+08:00,534.0,220.0477277172783
2024-06-26 08:16:23+08:00,535.0,222.19255075708756
2024-06-26 08:16:24+08:00,536.0,224.39079190842605
2024-06-26 08:16:25+08:00,537.0,226.63977428984015
2024-06-26 08:16:26+08:00,538.0,228.93682101987625
2024-06-26 08:16:27+08:00,539.0,231.27925521708073
2024-06-26 08:16:28+08:00,540.0,233.6644
2024-06-26 08:16:29+08:00,541.0,236.73450907921557
2024-06-26 08:16:30+08:00,542.0,241.06956668382745
2024-06-26 08:16:31+08:00,543.0,246.57349171015986
2024-06-26 08:16:32+08:00,544.0,253.1502030545369
2024-06-26 08:16:33+08:00,545.0,260.7036196132828
2024-06-26 08:16:34+08:00,546.0,269.13766028272175
2024-06-26 08:16:35+08:00,547.0,278.3562439591778
2024-06-26 08:16:36+08:00,548.0,288.2632895389753
2024-06-26 08:16:37+08:00,549.0,298.7627159184383
2024-06-26 08:16:38+08:00,550.0,309.75844199389087
2024-06-26 08:16:39+08:00,551.0,321.1543866616574
2024-06-26 08:16:40+08:00,552.0,332.85446881806195
2024-06-26 08:16:41+08:00,553.0,344.76260735942867
2024-06-26 08:16:42+08:00,554.0,356.78272118208173
2024-06-26 08:16:43+08:00,555.0,368.8187291823454
2024-06-26 08:16:44+08:00,556.0,380.77455025654376
2024-06-26 08:16:45+08:00,557.0,392.554103301001
2024-06-26 08:16:46+08:00,558.0,404.0613072120413
2024-06-26 08:16:47+08:00,559.0,415.20008088598877
2024-06-26 08:16:48+08:00,560.0,425.8743432191676
2024-06-26 08:16:49+08:00,561.0,435.98801310790213
2024-06-26 08:16:50+08:00,562.0,445.4450094485162
2024-06-26 08:16:51+08:00,563.0,454.1492511373343
2024-06-26 08:16:52+08:00,564.0,462.00465707068054
2024-06-26 08:16:53+08:00,565.0,468.9151461448788
2024-06-26 08:16:54+08:00,566.0,474.78463725625346
2024-06-26 08:16:55+08:00,567.0,479.51704930112885
2024-06-26 08:16:56+08:00,568.0,483.01630117582897
2024-06-26 08:16:57+08:00,569.0,485.1863117766779
2024-06-26 08:16:58+08:00,570.0,485.931
2024-06-26 08:16:59+08:00,571.0,485.7728457184797
2024-06-26 08:17:00+08:00,572.0,485.3118240928257
2024-06-26 08:17:01+08:00,573.0,484.5680969513987
2024-06-26 08:17:02+08:00,574.0,483.5618261225591
2024-06-26 08:17:03+08:00,575.0,482.3131734346674
2024-06-26 08:17:04+08:00,576.0,480.84230071608425
2024-06-26 08:17:05+08:00,577.0,479.1693697951701
2024-06-26 08:17:06+08:00,578.0,477.3145425002855
2024-06-26 08:17:07+08:00,579.0,475.2979806597909
2024-06-26 08:17:08+08:00,580.0,473.13984610204693
2024-06-26 08:17:09+08:00,581.0,470.86030065541405
2024-06-26 08:17:10+08:00,582.0,468.4795061482528
2024-06-26 08:17:11+08:00,583.0,466.0176244089238
2024-06-26 08:17:12+08:00,584.0,463.4948172657874
2024-06-26 08:17:13+08:00,585.0,460.93124654720424
2024-06-26 08:17:14+08:00,586.0,458.34707408153474
2024-06-26 08:17:15+08:00,587.0,455.7624616971396
2024-06-26 08:17:16+08:00,588.0,453.1975712223793
2024-06-26 08:17:17+08:00,589.0,450.6725644856142
2024-06-26 08:17:18+08:00,590.0,448.207603315205
2024-06-26 08:17:19+08:00,591.0,445.8228495395121
2024-06-26 08:17:20+08:00,592.0,443.5384649868962
2024-06-26 08:17:21+08:00,593.0,441.3746114857177
2024-06-26 08:17:22+08:00,594.0,439.3514508643371
2024-06-26 08:17:23+08:00,595.0,437.489144951115
2024-06-26 08:17:24+08:00,596.0,435.8078555744119
2024-06-26 08:17:25+08:00,597.0,434.32774456258835
2024-06-26 08:17:26+08:00,598.0,433.0689737440048
2024-06-26 08:17:27+08:00,599.0,432.0517049470219
2024-06-26 08:17:28+08:00,600.0,431.2961
2024-06-26 08:17:29+08:00,601.0,430.68217342334856
2024-06-26 08:17:30+08:00,602.0,430.07705988562486
2024-06-26 08:17:31+08:00,603.0,429.4816014374117
2024-06-26 08:17:32+08:00,604.0,428.8966401292918
2024-06-26 08:17:33+08:00,605.0,428.323018011848
2024-06-26 08:17:34+08:00,606.0,427.7615771356629
2024-06-26 08:17:35+08:00,607.0,427.21315955131945
2024-06-26 08:17:36+08:00,608.0,426.6786073094001
2024-06-26 08:17:37+08:00,609.0,426.1587624604879
2024-06-26 08:17:38+08:00,610.0,425.6544670551654
2024-06-26 08:17:39+08:00,611.0,425.1665631440155
2024-06-26 08:17:40+08:00,612.0,424.69589277762077
2024-06-26 08:17:41+08:00,613.0,424.2432980065641
2024-06-26 08:17:42+08:00,614.0,423.8096208814282
2024-06-26 08:17:43+08:00,615.0,423.39570345279583
2024-06-26 08:17:44+08:00,616.0,423.0023877712497
2024-06-26 08:17:45+08:00,617.0,422.63051588737255
2024-06-26 08:17:46+08:00,618.0,422.28092985174715
2024-06-26 08:17:47+08:00,619.0,421.9544717149563
2024-06-26 08:17:48+08:00,620.0,421.6519835275827
2024-06-26 08:17:49+08:00,621.0,421.3743073402091
2024-06-26 08:17:50+08:00,622.0,421.1222852034182
2024-06-26 08:17:51+08:00,623.0,420.8967591677928
2024-06-26 08:17:52+08:00,624.0,420.69857128391567
2024-06-26 08:17:53+08:00,625.0,420.5285636023696
2024-06-26 08:17:54+08:00,626.0,420.38757817373715
2024-06-26 08:17:55+08:00,627.0,420.2764570486013
2024-06-26 08:17:56+08:00,628.0,420.1960422775446
2024-06-26 08:17:57+08:00,629.0,420.14717591114993
2024-06-26 08:17:58+08:00,630.0,420.1307
2024-06-26 08:17:59+08:00,631.0,420.1656626575483
2024-06-26 08:18:00+08:00,632.0,420.26788007206386
2024-06-26 08:18:01+08:00,633.0,420.4333464063529
2024-06-26 08:18:02+08:00,634.0,420.6580558232214
2024-06-26 08:18:03+08:00,635.0,420.93800248547547
2024-06-26 08:18:04+08:00,636.0,421.26918055592125
2024-06-26 08:18:05+08:00,637.0,421.6475841973649
2024-06-26 08:18:06+08:00,638.0,422.06920757261247
2024-06-26 08:18:07+08:00,639.0,422.53004484447007
2024-06-26 08:18:08+08:00,640.0,423.0260901757438
2024-06-26 08:18:09+08:00,641.0,423.5533377292396
2024-06-26 08:18:10+08:00,642.0,424.1077816677639
2024-06-26 08:18:11+08:00,643.0,424.6854161541225
2024-06-26 08:18:12+08:00,644.0,425.2822353511217
2024-06-26 08:18:13+08:00,645.0,425.8942334215675
2024-06-26 08:18:14+08:00,646.0,426.51740452826607
2024-06-26 08:18:15+08:00,647.0,427.14774283402346
2024-06-26 08:18:16+08:00,648.0,427.7812425016458
2024-06-26 08:18:17+08:00,649.0,428.41389769393913
2024-06-26 08:18:18+08:00,650.0,429.0417025737097
2024-06-26 08:18:19+08:00,651.0,429.6606513037634
2024-06-26 08:18:20+08:00,652.0,430.26673804690654
2024-06-26 08:18:21+08:00,653.0,430.8559569659451
2024-06-26 08:18:22+08:00,654.0,431.4243022236851
2024-06-26 08:18:23+08:00,655.0,431.96776798293286
2024-06-26 08:18:24+08:00,656.0,432.4823484064944
2024-06-26 08:18:25+08:00,657.0,432.96403765717577
2024-06-26 08:18:26+08:00,658.0,433.40882989778305
2024-06-26 08:18:27+08:00,659.0,433.81271929112245
2024-06-26 08:18:28+08:00,660.0,434.1717
2024-06-26 08:18:29+08:00,661.0,434.51044592369226
2024-06-26 08:18:30+08:00,662.0,434.8554704874021
2024-06-26 08:18:31+08:00,663.0,435.20552714282417
2024-06-26 08:18:32+08:00,664.0,435.55936934165373
2024-06-26 08:18:33+08:00,665.0,435.9157505355856
2024-06-26 08:18:34+08:00,666.0,436.2734241763148
2024-06-26 08:18:35+08:00,667.0,436.63114371553644
2024-06-26 08:18:36+08:00,668.0,436.98766260494534
2024-06-26 08:18:37+08:00,669.0,437.34173429623655
2024-06-26 08:18:38+08:00,670.0,437.69211224110506
2024-06-26 08:18:39+08:00,671.0,438.037549891246
2024-06-26 08:18:40+08:00,672.0,438.37680069835415
2024-06-26 08:18:41+08:00,673.0,438.70861811412465
2024-06-26 08:18:42+08:00,674.0,439.0317555902524
2024-06-26 08:18:43+08:00,675.0,439.34496657843243
2024-06-26 08:18:44+08:00,676.0,439.64700453035977
2024-06-26 08:18:45+08:00,677.0,439.93662289772936
2024-06-26 08:18:46+08:00,678.0,440.2125751322361
2024-06-26 08:18:47+08:00,679.0,440.4736146855751
2024-06-26 08:18:48+08:00,680.0,440.7184950094414
2024-06-26 08:18:49+08:00,681.0,440.9459695555299
2024-06-26 08:18:50+08:00,682.0,441.15479177553567
2024-06-26 08:18:51+08:00,683.0,441.3437151211536
2024-06-26 08:18:52+08:00,684.0,441.51149304407875
2024-06-26 08:18:53+08:00,685.0,441.656878996006
2024-06-26 08:18:54+08:00,686.0,441.7786264286305
2024-06-26 08:18:55+08:00,687.0,441.87548879364715
2024-06-26 08:18:56+08:00,688.0,441.94621954275095
2024-06-26 08:18:57+08:00,689.0,441.9895721276369
2024-06-26 08:18:58+08:00,690.0,442.0043
2024-06-26 08:18:59+08:00,691.0,441.96796604960093
2024-06-26 08:19:00+08:00,692.0,441.86223016857383
2024-06-26 08:19:01+08:00,693.0,441.69199131217357
2024-06-26 08:19:02+08:00,694.0,441.46214843565514
2024-06-26 08:19:03+08:00,695.0,441.17760049427346
2024-06-26 08:19:04+08:00,696.0,440.84324644328365
2024-06-26 08:19:05+08:00,697.0,440.4639852379406
2024-06-26 08:19:06+08:00,698.0,440.04471583349925
2024-06-26 08:19:07+08:00,699.0,439.5903371852147
2024-06-26 08:19:08+08:00,700.0,439.1057482483418
2024-06-26 08:19:09+08:00,701.0,438.5958479781355
2024-06-26 08:19:10+08:00,702.0,438.06553532985095
2024-06-26 08:19:11+08:00,703.0,437.519709258743
2024-06-26 08:19:12+08:00,704.0,436.9632687200666
2024-06-26 08:19:13+08:00,705.0,436.4011126690767
2024-06-26 08:19:14+08:00,706.0,435.8381400610285
2024-06-26 08:19:15+08:00,707.0,435.27924985117676
2024-06-26 08:19:16+08:00,708.0,434.72934099477646
2024-06-26 08:19:17+08:00,709.0,434.1933124470826
2024-06-26 08:19:18+08:00,710.0,433.67606316335025
2024-06-26 08:19:19+08:00,711.0,433.1824920988343
2024-06-26 08:19:20+08:00,712.0,432.7174982087897
2024-06-26 08:19:21+08:00,713.0,432.2859804484715
2024-06-26 08:19:22+08:00,714.0,431.8928377731346
2024-06-26 08:19:23+08:00,715.0,431.54296913803404
2024-06-26 08:19:24+08:00,716.0,431.24127349842473
2024-06-26 08:19:25+08:00,717.0,430.9926498095618
2024-06-26 08:19:26+08:00,718.0,430.80199702669995
2024-06-26 08:19:27+08:00,719.0,430.67421410509434
2024-06-26 08:19:28+08:00,720.0,430.6142
2024-06-26 08:19:29+08:00,721.0,430.59007164305376
2024-06-26 08:19:30+08:00,722.0,430.5666836251519
2024-06-26 08:19:31+08:00,723.0,430.5440413904383
2024-06-26 08:19:32+08:00,724.0,430.52215038305667
2024-06-26 08:19:33+08:00,725.0,430.5010160471511
2024-06-26 08:19:34+08:00,726.0,430.48064382686533
2024-06-26 08:19:35+08:00,727.0,430.46103916634326
2024-06-26 08:19:36+08:00,728.0,430.44220750972886
2024-06-26 08:19:37+08:00,729.0,430.4241543011657
2024-06-26 08:19:38+08:00,730.0,430.40688498479784
2024-06-26 08:19:39+08:00,731.0,430.3904050047692
2024-06-26 08:19:40+08:00,732.0,430.37471980522355
2024-06-26 08:19:41+08:00,733.0,430.35983483030475
2024-06-26 08:19:42+08:00,734.0,430.3457555241567
2024-06-26 08:19:43+08:00,735.0,430.33248733092324
2024-06-26 08:19:44+08:00,736.0,430.3200356947482
2024-06-26 08:19:45+08:00,737.0,430.30840605977556
2024-06-26 08:19:46+08:00,738.0,430.297603870149
2024-06-26 08:19:47+08:00,739.0,430.28763457001264
2024-06-26 08:19:48+08:00,740.0,430.2785036035101
2024-06-26 08:19:49+08:00,741.0,430.2702164147853
2024-06-26 08:19:50+08:00,742.0,430.2627784479822
2024-06-26 08:19:51+08:00,743.0,430.25619514724457
2024-06-26 08:19:52+08:00,744.0,430.25047195671635
2024-06-26 08:19:53+08:00,745.0,430.24561432054134
2024-06-26 08:19:54+08:00,746.0,430.24162768286345
2024-06-26 08:19:55+08:00,747.0,430.23851748782647
2024-06-26 08:19:56+08:00,748.0,430.2362891795743
2024-06-26 08:19:57+08:00,749.0,430.23494820225096
2024-06-26 08:19:58+08:00,750.0,430.2345
2024-06-26 08:19:59+08:00,751.0,430.243663863286
2024-06-26 08:20:00+08:00,752.0,430.270610537135
2024-06-26 08:20:01+08:00,753.0,430.31452264753386
2024-06-26 08:20:02+08:00,754.0,430.37458282046947
2024-06-26 08:20:03+08:00,755.0,430.4499736819286
2024-06-26 08:20:04+08:00,756.0,430.5398778578981
2024-06-26 08:20:05+08:00,757.0,430.64347797436477
2024-06-26 08:20:06+08:00,758.0,430.7599566573154
2024-06-26 08:20:07+08:00,759.0,430.88849653273684
2024-06-26 08:20:08+08:00,760.0,431.02828022661595
2024-06-26 08:20:09+08:00,761.0,431.1784903649395
2024-06-26 08:20:10+08:00,762.0,431.33830957369423
2024-06-26 08:20:11+08:00,763.0,431.50692047886713
2024-06-26 08:20:12+08:00,764.0,431.68350570644486
2024-06-26 08:20:13+08:00,765.0,431.8672478824144
2024-06-26 08:20:14+08:00,766.0,432.0573296327624
2024-06-26 08:20:15+08:00,767.0,432.2529335834758
2024-06-26 08:20:16+08:00,768.0,432.45324236054137
2024-06-26 08:20:17+08:00,769.0,432.6574385899459
2024-06-26 08:20:18+08:00,770.0,432.8647048976763
2024-06-26 08:20:19+08:00,771.0,433.0742239097193
2024-06-26 08:20:20+08:00,772.0,433.28517825206177
2024-06-26 08:20:21+08:00,773.0,433.49675055069054
2024-06-26 08:20:22+08:00,774.0,433.70812343159236
2024-06-26 08:20:23+08:00,775.0,433.9184795207541
2024-06-26 08:20:24+08:00,776.0,434.12700144416254
2024-06-26 08:20:25+08:00,777.0,434.3328718278045
2024-06-26 08:20:26+08:00,778.0,434.5352732976669
2024-06-26 08:20:27+08:00,779.0,434.73338847973645
2024-06-26 08:20:28+08:00,780.0,434.9264
2024-06-26 08:20:29+08:00,781.0,435.12784061655987
2024-06-26 08:20:30+08:00,782.0,435.3504768060368
2024-06-26 08:20:31+08:00,783.0,435.5923417721955
2024-06-26 08:20:32+08:00,784.0,435.8514687188004
2024-06-26 08:20:33+08:00,785.0,436.12589084961627
2024-06-26 08:20:34+08:00,786.0,436.4136413684077
2024-06-26 08:20:35+08:00,787.0,436.71275347893913
2024-06-26 08:20:36+08:00,788.0,437.0212603849753
2024-06-26 08:20:37+08:00,789.0,437.3371952902807
2024-06-26 08:20:38+08:00,790.0,437.65859139862005
2024-06-26 08:20:39+08:00,791.0,437.98348191375777
2024-06-26 08:20:40+08:00,792.0,438.3099000394586
2024-06-26 08:20:41+08:00,793.0,438.63587897948713
2024-06-26 08:20:42+08:00,794.0,438.959451937608
2024-06-26 08:20:43+08:00,795.0,439.27865211758564
2024-06-26 08:20:44+08:00,796.0,439.59151272318474
2024-06-26 08:20:45+08:00,797.0,439.8960669581699
2024-06-26 08:20:46+08:00,798.0,440.1903480263058
2024-06-26 08:20:47+08:00,799.0,440.47238913135686
2024-06-26 08:20:48+08:00,800.0,440.7402234770878
2024-06-26 08:20:49+08:00,801.0,440.9918842672631
2024-06-26 08:20:50+08:00,802.0,441.2254047056476
2024-06-26 08:20:51+08:00,803.0,441.43881799600564
2024-06-26 08:20:52+08:00,804.0,441.6301573421019
2024-06-26 08:20:53+08:00,805.0,441.79745594770105
2024-06-26 08:20:54+08:00,806.0,441.93874701656756
2024-06-26 08:20:55+08:00,807.0,442.0520637524661
2024-06-26 08:20:56+08:00,808.0,442.13543935916135
2024-06-26 08:20:57+08:00,809.0,442.1869070404178
2024-06-26 08:20:58+08:00,810.0,442.2045
2024-06-26 08:20:59+08:00,811.0,442.1500205037037
2024-06-26 08:21:00+08:00,812.0,441.9915346962963
2024-06-26 08:21:01+08:00,813.0,441.73647159999996
2024-06-26 08:21:02+08:00,814.0,441.392260237037
2024-06-26 08:21:03+08:00,815.0,440.9663296296296
2024-06-26 08:21:04+08:00,816.0,440.46610880000003
2024-06-26 08:21:05+08:00,817.0,439.89902677037037
2024-06-26 08:21:06+08:00,818.0,439.27251256296296
2024-06-26 08:21:07+08:00,819.0,438.5939952
2024-06-26 08:21:08+08:00,820.0,437.8709037037037
2024-06-26 08:21:09+08:00,821.0,437.11066709629625
2024-06-26 08:21:10+08:00,822.0,436.3207144
2024-06-26 08:21:11+08:00,823.0,435.508474637037
2024-06-26 08:21:12+08:00,824.0,434.68137682962964
2024-06-26 08:21:13+08:00,825.0,433.84685
2024-06-26 08:21:14+08:00,826.0,433.01232317037034
2024-06-26 08:21:15+08:00,827.0,432.1852253629629
2024-06-26 08:21:16+08:00,828.0,431.3729856
2024-06-26 08:21:17+08:00,829.0,430.5830329037037
2024-06-26 08:21:18+08:00,830.0,429.82279629629625
2024-06-26 08:21:19+08:00,831.0,429.0997048
2024-06-26 08:21:20+08:00,832.0,428.421187437037
2024-06-26 08:21:21+08:00,833.0,427.7946732296296
2024-06-26 08:21:22+08:00,834.0,427.22759119999995
2024-06-26 08:21:23+08:00,835.0,426.72737037037035
2024-06-26 08:21:24+08:00,836.0,426.30143976296296
2024-06-26 08:21:25+08:00,837.0,425.95722839999996
2024-06-26 08:21:26+08:00,838.0,425.7021653037037
2024-06-26 08:21:27+08:00,839.0,425.5436794962963
2024-06-26 08:21:28+08:00,840.0,425.4892
2024-06-26 08:21:29+08:00,841.0,425.4992616592592
2024-06-26 08:21:30+08:00,842.0,425.5285319407407
2024-06-26 08:21:31+08:00,843.0,425.57563880000004
2024-06-26 08:21:32+08:00,844.0,425.6392101925926
2024-06-26 08:21:33+08:00,845.0,425.717874074074
2024-06-26 08:21:34+08:00,846.0,425.8102584
2024-06-26 08:21:35+08:00,847.0,425.91499112592595
2024-06-26 08:21:36+08:00,848.0,426.0307002074074
2024-06-26 08:21:37+08:00,849.0,426.1560136
2024-06-26 08:21:38+08:00,850.0,426.28955925925925
2024-06-26 08:21:39+08:00,851.0,426.42996514074076
2024-06-26 08:21:40+08:00,852.0,426.57585919999997
2024-06-26 08:21:41+08:00,853.0,426.7258693925926
2024-06-26 08:21:42+08:00,854.0,426.87862367407405
2024-06-26 08:21:43+08:00,855.0,427.03275
2024-06-26 08:21:44+08:00,856.0,427.18687632592594
2024-06-26 08:21:45+08:00,857.0,427.3396306074074
2024-06-26 08:21:46+08:00,858.0,427.48964079999996
2024-06-26 08:21:47+08:00,859.0,427.6355348592592
2024-06-26 08:21:48+08:00,860.0,427.77594074074074
2024-06-26 08:21:49+08:00,861.0,427.9094864
2024-06-26 08:21:50+08:00,862.0,428.0347997925926
2024-06-26 08:21:51+08:00,863.0,428.1505088740741
2024-06-26 08:21:52+08:00,864.0,428.25524160000003
2024-06-26 08:21:53+08:00,865.0,428.3476259259259
2024-06-26 08:21:54+08:00,866.0,428.4262898074074
2024-06-26 08:21:55+08:00,867.0,428.4898612
2024-06-26 08:21:56+08:00,868.0,428.53696805925927
2024-06-26 08:21:57+08:00,869.0,428.56623834074077
2024-06-26 08:21:58+08:00,870.0,428.5763
2024-06-26 08:21:59+08:00,871.0,428.56318094524084
2024-06-26 08:22:00+08:00,872.0,428.52486254713705
2024-06-26 08:22:01+08:00,873.0,428.4629029549491
2024-06-26 08:22:02+08:00,874.0,428.3788603179375
2024-06-26 08:22:03+08:00,875.0,428.27429278536283
2024-06-26 08:22:04+08:00,876.0,428.15075850648554
2024-06-26 08:22:05+08:00,877.0,428.0098156305662
2024-06-26 08:22:06+08:00,878.0,427.85302230686534
2024-06-26 08:22:07+08:00,879.0,427.6819366846434
2024-06-26 08:22:08+08:00,880.0,427.49811691316097
2024-06-26 08:22:09+08:00,881.0,427.3031211416786
2024-06-26 08:22:10+08:00,882.0,427.0985075194567
2024-06-26 08:22:11+08:00,883.0,426.88583419575576
2024-06-26 08:22:12+08:00,884.0,426.66665931983647
2024-06-26 08:22:13+08:00,885.0,426.44254104095916
2024-06-26 08:22:14+08:00,886.0,426.21503750838446
2024-06-26 08:22:15+08:00,887.0,425.9857068713729
2024-06-26 08:22:16+08:00,888.0,425.75610727918496
2024-06-26 08:22:17+08:00,889.0,425.52779688108114
2024-06-26 08:22:18+08:00,890.0,425.30233382632196
2024-06-26 08:22:19+08:00,891.0,425.08127626416797
2024-06-26 08:22:20+08:00,892.0,424.8661823438797
2024-06-26 08:22:21+08:00,893.0,424.6586102147176
2024-06-26 08:22:22+08:00,894.0,424.4601180259422
2024-06-26 08:22:23+08:00,895.0,424.27226392681405
2024-06-26 08:22:24+08:00,896.0,424.09660606659367
2024-06-26 08:22:25+08:00,897.0,423.9347025945416
2024-06-26 08:22:26+08:00,898.0,423.78811165991823
2024-06-26 08:22:27+08:00,899.0,423.65839141198416
2024-06-26 08:22:28+08:00,900.0,423.5471
2024-06-26 08:22:29+08:00,901.0,423.44900022297884
2024-06-26 08:22:30+08:00,902.0,423.3574711908203
2024-06-26 08:22:31+08:00,903.0,423.27199551911445
2024-06-26 08:22:32+08:00,904.0,423.1920558234511
2024-06-26 08:22:33+08:00,905.0,423.11713471942033
2024-06-26 08:22:34+08:00,906.0,423.04671482261233
2024-06-26 08:22:35+08:00,907.0,422.9802787486168
2024-06-26 08:22:36+08:00,908.0,422.917309113024
2024-06-26 08:22:37+08:00,909.0,422.8572885314237
2024-06-26 08:22:38+08:00,910.0,422.79969961940606
2024-06-26 08:22:39+08:00,911.0,422.74402499256104
2024-06-26 08:22:40+08:00,912.0,422.6897472664786
2024-06-26 08:22:41+08:00,913.0,422.63634905674877
2024-06-26 08:22:42+08:00,914.0,422.5833129789615
2024-06-26 08:22:43+08:00,915.0,422.5301216487068
2024-06-26 08:22:44+08:00,916.0,422.4762576815749
2024-06-26 08:22:45+08:00,917.0,422.42120369315546
2024-06-26 08:22:46+08:00,918.0,422.36444229903867
2024-06-26 08:22:47+08:00,919.0,422.30545611481443
2024-06-26 08:22:48+08:00,920.0,422.2437277560729
2024-06-26 08:22:49+08:00,921.0,422.1787398384039
2024-06-26 08:22:50+08:00,922.0,422.1099749773975
2024-06-26 08:22:51+08:00,923.0,422.03691578864374
2024-06-26 08:22:52+08:00,924.0,421.95904488773255
2024-06-26 08:22:53+08:00,925.0,421.8758448902539
2024-06-26 08:22:54+08:00,926.0,421.786798411798
2024-06-26 08:22:55+08:00,927.0,421.69138806795456
2024-06-26 08:22:56+08:00,928.0,421.58909647431375
2024-06-26 08:22:57+08:00,929.0,421.4794062464656
2024-06-26 08:22:58+08:00,930.0,421.3618
2024-06-26 08:22:59+08:00,931.0,421.21184060088615
2024-06-26 08:23:00+08:00,932.0,421.00818598595663
2024-06-26 08:23:01+08:00,933.0,420.7549613770964
2024-06-26 08:23:02+08:00,934.0,420.4562919961905
2024-06-26 08:23:03+08:00,935.0,420.116303065124
2024-06-26 08:23:04+08:00,936.0,419.73911980578197
2024-06-26 08:23:05+08:00,937.0,419.32886744004935
2024-06-26 08:23:06+08:00,938.0,418.8896711898113
2024-06-26 08:23:07+08:00,939.0,418.42565627695274
2024-06-26 08:23:08+08:00,940.0,417.94094792335875
2024-06-26 08:23:09+08:00,941.0,417.4396713509144
2024-06-26 08:23:10+08:00,942.0,416.9259517815047
2024-06-26 08:23:11+08:00,943.0,416.4039144370147
2024-06-26 08:23:12+08:00,944.0,415.8776845393294
2024-06-26 08:23:13+08:00,945.0,415.35138731033396
2024-06-26 08:23:14+08:00,946.0,414.82914797191324
2024-06-26 08:23:15+08:00,947.0,414.3150917459525
2024-06-26 08:23:16+08:00,948.0,413.8133438543365
2024-06-26 08:23:17+08:00,949.0,413.3280295189505
2024-06-26 08:23:18+08:00,950.0,412.8632739616794
2024-06-26 08:23:19+08:00,951.0,412.4232024044083
2024-06-26 08:23:20+08:00,952.0,412.0119400690223
2024-06-26 08:23:21+08:00,953.0,411.63361217740635
2024-06-26 08:23:22+08:00,954.0,411.2923439514455
2024-06-26 08:23:23+08:00,955.0,410.99226061302477
2024-06-26 08:23:24+08:00,956.0,410.7374873840293
2024-06-26 08:23:25+08:00,957.0,410.5321494863441
2024-06-26 08:23:26+08:00,958.0,410.3803721418541
2024-06-26 08:23:27+08:00,959.0,410.2862805724444
2024-06-26 08:23:28+08:00,960.0,410.254
2024-06-26 08:23:29+08:00,961.0,410.2888030222222
2024-06-26 08:23:30+08:00,962.0,410.3900481777778
2024-06-26 08:23:31+08:00,963.0,410.5529896
2024-06-26 08:23:32+08:00,964.0,410.7728814222222
2024-06-26 08:23:33+08:00,965.0,411.04497777777783
2024-06-26 08:23:34+08:00,966.0,411.3645328
2024-06-26 08:23:35+08:00,967.0,411.72680062222224
2024-06-26 08:23:36+08:00,968.0,412.12703537777776
2024-06-26 08:23:37+08:00,969.0,412.5604912
2024-06-26 08:23:38+08:00,970.0,413.02242222222225
2024-06-26 08:23:39+08:00,971.0,413.50808257777777
2024-06-26 08:23:40+08:00,972.0,414.01272639999996
2024-06-26 08:23:41+08:00,973.0,414.5316078222222
2024-06-26 08:23:42+08:00,974.0,415.05998097777774
2024-06-26 08:23:43+08:00,975.0,415.5931
2024-06-26 08:23:44+08:00,976.0,416.12621902222224
2024-06-26 08:23:45+08:00,977.0,416.6545921777778
2024-06-26 08:23:46+08:00,978.0,417.1734736
2024-06-26 08:23:47+08:00,979.0,417.67811742222216
2024-06-26 08:23:48+08:00,980.0,418.16377777777774
2024-06-26 08:23:49+08:00,981.0,418.6257088
2024-06-26 08:23:50+08:00,982.0,419.0591646222222
2024-06-26 08:23:51+08:00,983.0,419.45939937777774
2024-06-26 08:23:52+08:00,984.0,419.8216672
2024-06-26 08:23:53+08:00,985.0,420.1412222222222
2024-06-26 08:23:54+08:00,986.0,420.4133185777778
2024-06-26 08:23:55+08:00,987.0,420.63321039999994
2024-06-26 08:23:56+08:00,988.0,420.7961518222222
2024-06-26 08:23:57+08:00,989.0,420.89739697777776
2024-06-26 08:23:58+08:00,990.0,420.93219999999997
2024-06-26 08:23:59+08:00,991.0,420.91031990484163
2024-06-26 08:24:00+08:00,992.0,420.8465815175494
2024-06-26 08:24:01+08:00,993.0,420.74383768539747
2024-06-26 08:24:02+08:00,994.0,420.6049412556599
2024-06-26 08:24:03+08:00,995.0,420.43274507561085
2024-06-26 08:24:04+08:00,996.0,420.2301019925244
2024-06-26 08:24:05+08:00,997.0,419.9998648536748
2024-06-26 08:24:06+08:00,998.0,419.7448865063361
2024-06-26 08:24:07+08:00,999.0,419.4680197977825
2024-06-26 08:24:08+08:00,1000.0,419.17211757528804
2024-06-26 08:24:09+08:00,1001.0,418.86003268612694
2024-06-26 08:24:10+08:00,1002.0,418.5346179775733
2024-06-26 08:24:11+08:00,1003.0,418.19872629690127
2024-06-26 08:24:12+08:00,1004.0,417.855210491385
2024-06-26 08:24:13+08:00,1005.0,417.5069234082986
2024-06-26 08:24:14+08:00,1006.0,417.15671789491626
2024-06-26 08:24:15+08:00,1007.0,416.80744679851193
2024-06-26 08:24:16+08:00,1008.0,416.46196296636
2024-06-26 08:24:17+08:00,1009.0,416.1231192457345
2024-06-26 08:24:18+08:00,1010.0,415.79376848390945
2024-06-26 08:24:19+08:00,1011.0,415.47676352815915
2024-06-26 08:24:20+08:00,1012.0,415.1749572257577
2024-06-26 08:24:21+08:00,1013.0,414.89120242397917
2024-06-26 08:24:22+08:00,1014.0,414.62835197009775
2024-06-26 08:24:23+08:00,1015.0,414.3892587113876
2024-06-26 08:24:24+08:00,1016.0,414.1767754951228
2024-06-26 08:24:25+08:00,1017.0,413.9937551685775
2024-06-26 08:24:26+08:00,1018.0,413.8430505790258
2024-06-26 08:24:27+08:00,1019.0,413.7275145737419
2024-06-26 08:24:28+08:00,1020.0,413.65
2024-06-26 08:24:29+08:00,1021.0,413.5930278855173
2024-06-26 08:24:30+08:00,1022.0,413.53725176171486
2024-06-26 08:24:31+08:00,1023.0,413.48272323142254
2024-06-26 08:24:32+08:00,1024.0,413.42949389746974
2024-06-26 08:24:33+08:00,1025.0,413.37761536268647
2024-06-26 08:24:34+08:00,1026.0,413.32713922990223
2024-06-26 08:24:35+08:00,1027.0,413.27811710194675
2024-06-26 08:24:36+08:00,1028.0,413.23060058164964
2024-06-26 08:24:37+08:00,1029.0,413.1846412718408
2024-06-26 08:24:38+08:00,1030.0,413.1402907753498
2024-06-26 08:24:39+08:00,1031.0,413.09760069500624
2024-06-26 08:24:40+08:00,1032.0,413.05662263363996
2024-06-26 08:24:41+08:00,1033.0,413.0174081940806
2024-06-26 08:24:42+08:00,1034.0,412.9800089791578
2024-06-26 08:24:43+08:00,1035.0,412.9444765917014
2024-06-26 08:24:44+08:00,1036.0,412.91086263454093
2024-06-26 08:24:45+08:00,1037.0,412.8792187105061
2024-06-26 08:24:46+08:00,1038.0,412.84959642242666
2024-06-26 08:24:47+08:00,1039.0,412.82204737313225
2024-06-26 08:24:48+08:00,1040.0,412.79662316545273
2024-06-26 08:24:49+08:00,1041.0,412.77337540221754
2024-06-26 08:24:50+08:00,1042.0,412.75235568625646
2024-06-26 08:24:51+08:00,1043.0,412.7336156203993
2024-06-26 08:24:52+08:00,1044.0,412.7172068074755
2024-06-26 08:24:53+08:00,1045.0,412.7031808503151
2024-06-26 08:24:54+08:00,1046.0,412.69158935174755
2024-06-26 08:24:55+08:00,1047.0,412.6824839146025
2024-06-26 08:24:56+08:00,1048.0,412.6759161417098
2024-06-26 08:24:57+08:00,1049.0,412.6719376358991
2024-06-26 08:24:58+08:00,1050.0,412.67060000000004
2024-06-26 08:24:59+08:00,1051.0,412.67165208888895
2024-06-26 08:25:00+08:00,1052.0,412.6747127111111
2024-06-26 08:25:01+08:00,1053.0,412.67963840000004
2024-06-26 08:25:02+08:00,1054.0,412.6862856888889
2024-06-26 08:25:03+08:00,1055.0,412.6945111111112
2024-06-26 08:25:04+08:00,1056.0,412.7041712
2024-06-26 08:25:05+08:00,1057.0,412.71512248888894
2024-06-26 08:25:06+08:00,1058.0,412.72722151111117
2024-06-26 08:25:07+08:00,1059.0,412.74032480000005
2024-06-26 08:25:08+08:00,1060.0,412.75428888888894
2024-06-26 08:25:09+08:00,1061.0,412.76897031111116
2024-06-26 08:25:10+08:00,1062.0,412.7842256
2024-06-26 08:25:11+08:00,1063.0,412.79991128888895
2024-06-26 08:25:12+08:00,1064.0,412.81588391111114
2024-06-26 08:25:13+08:00,1065.0,412.83200000000005
2024-06-26 08:25:14+08:00,1066.0,412.8481160888889
2024-06-26 08:25:15+08:00,1067.0,412.8640887111111
2024-06-26 08:25:16+08:00,1068.0,412.87977440000003
2024-06-26 08:25:17+08:00,1069.0,412.8950296888889
2024-06-26 08:25:18+08:00,1070.0,412.9097111111111
2024-06-26 08:25:19+08:00,1071.0,412.9236752
2024-06-26 08:25:20+08:00,1072.0,412.9367784888889
2024-06-26 08:25:21+08:00,1073.0,412.9488775111111
2024-06-26 08:25:22+08:00,1074.0,412.9598288
2024-06-26 08:25:23+08:00,1075.0,412.9694888888889
2024-06-26 08:25:24+08:00,1076.0,412.97771431111113
2024-06-26 08:25:25+08:00,1077.0,412.9843616
2024-06-26 08:25:26+08:00,1078.0,412.9892872888889
2024-06-26 08:25:27+08:00,1079.0,412.9923479111111
2024-06-26 08:25:28+08:00,1080.0,412.9934
2024-06-26 08:25:29+08:00,1081.0,412.96450811532253
2024-06-26 08:25:30+08:00,1082.0,412.878868935805
2024-06-26 08:25:31+08:00,1083.0,412.7380371732197
2024-06-26 08:25:32+08:00,1084.0,412.5435675393391
2024-06-26 08:25:33+08:00,1085.0,412.2970147459355
2024-06-26 08:25:34+08:00,1086.0,411.9999335047812
2024-06-26 08:25:35+08:00,1087.0,411.65387852764866
2024-06-26 08:25:36+08:00,1088.0,411.26040452631014
2024-06-26 08:25:37+08:00,1089.0,410.8210662125381
2024-06-26 08:25:38+08:00,1090.0,410.3374182981047
2024-06-26 08:25:39+08:00,1091.0,409.81101549478245
2024-06-26 08:25:40+08:00,1092.0,409.2434125143437
2024-06-26 08:25:41+08:00,1093.0,408.63616406856073
2024-06-26 08:25:42+08:00,1094.0,407.99082486920594
2024-06-26 08:25:43+08:00,1095.0,407.3089496280516
2024-06-26 08:25:44+08:00,1096.0,406.5920930568703
2024-06-26 08:25:45+08:00,1097.0,405.84180986743405
2024-06-26 08:25:46+08:00,1098.0,405.0596547715155
2024-06-26 08:25:47+08:00,1099.0,404.24718248088686
2024-06-26 08:25:48+08:00,1100.0,403.4059477073205
2024-06-26 08:25:49+08:00,1101.0,402.5375051625888
2024-06-26 08:25:50+08:00,1102.0,401.64340955846404
2024-06-26 08:25:51+08:00,1103.0,400.72521560671856
2024-06-26 08:25:52+08:00,1104.0,399.7844780191249
2024-06-26 08:25:53+08:00,1105.0,398.8227515074552
2024-06-26 08:25:54+08:00,1106.0,397.84159078348193
2024-06-26 08:25:55+08:00,1107.0,396.84255055897745
2024-06-26 08:25:56+08:00,1108.0,395.8271855457141
2024-06-26 08:25:57+08:00,1109.0,394.7970504554641
2024-06-26 08:25:58+08:00,1110.0,393.7537
2024-06-26 08:25:59+08:00,1111.0,392.60027582482905
2024-06-26 08:26:00+08:00,1112.0,391.24478189235293
2024-06-26 08:26:01+08:00,1113.0,389.69606638968594
2024-06-26 08:26:02+08:00,1114.0,387.9629775039418
2024-06-26 08:26:03+08:00,1115.0,386.0543634222346
2024-06-26 08:26:04+08:00,1116.0,383.97907233167825
2024-06-26 08:26:05+08:00,1117.0,381.74595241938687
2024-06-26 08:26:06+08:00,1118.0,379.3638518724745
2024-06-26 08:26:07+08:00,1119.0,376.841618878055
2024-06-26 08:26:08+08:00,1120.0,374.1881016232424
2024-06-26 08:26:09+08:00,1121.0,371.4121482951507
2024-06-26 08:26:10+08:00,1122.0,368.52260708089403
2024-06-26 08:26:11+08:00,1123.0,365.5283261675861
2024-06-26 08:26:12+08:00,1124.0,362.4381537423412
2024-06-26 08:26:13+08:00,1125.0,359.2609379922732
2024-06-26 08:26:14+08:00,1126.0,356.00552710449614
2024-06-26 08:26:15+08:00,1127.0,352.6807692661239
2024-06-26 08:26:16+08:00,1128.0,349.2955126642706
2024-06-26 08:26:17+08:00,1129.0,345.8586054860502
2024-06-26 08:26:18+08:00,1130.0,342.37889591857663
2024-06-26 08:26:19+08:00,1131.0,338.865232148964
2024-06-26 08:26:20+08:00,1132.0,335.32646236432635
2024-06-26 08:26:21+08:00,1133.0,331.7714347517774
2024-06-26 08:26:22+08:00,1134.0,328.2089974984315
2024-06-26 08:26:23+08:00,1135.0,324.64799879140236
2024-06-26 08:26:24+08:00,1136.0,321.09728681780416
2024-06-26 08:26:25+08:00,1137.0,317.56570976475075
2024-06-26 08:26:26+08:00,1138.0,314.06211581935634
2024-06-26 08:26:27+08:00,1139.0,310.59535316873473
2024-06-26 08:26:28+08:00,1140.0,307.17427
2024-06-26 08:26:29+08:00,1141.0,303.7039065886024
2024-06-26 08:26:30+08:00,1142.0,300.0904135208578
2024-06-26 08:26:31+08:00,1143.0,296.3443044501781
2024-06-26 08:26:32+08:00,1144.0,292.47609302997535
2024-06-26 08:26:33+08:00,1145.0,288.49629291366165
2024-06-26 08:26:34+08:00,1146.0,284.415417754649
2024-06-26 08:26:35+08:00,1147.0,280.2439812063496
2024-06-26 08:26:36+08:00,1148.0,275.9924969221753
2024-06-26 08:26:37+08:00,1149.0,271.6714785555382
2024-06-26 08:26:38+08:00,1150.0,267.29143975985045
2024-06-26 08:26:39+08:00,1151.0,262.86289418852397
2024-06-26 08:26:40+08:00,1152.0,258.396355494971
2024-06-26 08:26:41+08:00,1153.0,253.9023373326033
2024-06-26 08:26:42+08:00,1154.0,249.39135335483323
2024-06-26 08:26:43+08:00,1155.0,244.87391721507257
2024-06-26 08:26:44+08:00,1156.0,240.36054256673356
2024-06-26 08:26:45+08:00,1157.0,235.86174306322812
2024-06-26 08:26:46+08:00,1158.0,231.38803235796837
2024-06-26 08:26:47+08:00,1159.0,226.9499241043664
2024-06-26 08:26:48+08:00,1160.0,222.55793195583414
2024-06-26 08:26:49+08:00,1161.0,218.22256956578372
2024-06-26 08:26:50+08:00,1162.0,213.95435058762718
2024-06-26 08:26:51+08:00,1163.0,209.7637886747765
2024-06-26 08:26:52+08:00,1164.0,205.66139748064387
2024-06-26 08:26:53+08:00,1165.0,201.65769065864123
2024-06-26 08:26:54+08:00,1166.0,197.76318186218066
2024-06-26 08:26:55+08:00,1167.0,193.9883847446742
2024-06-26 08:26:56+08:00,1168.0,190.3438129595339
2024-06-26 08:26:57+08:00,1169.0,186.83998016017182
2024-06-26 08:26:58+08:00,1170.0,183.4874
2024-06-26 08:26:59+08:00,1171.0,180.16315192397948
2024-06-26 08:27:00+08:00,1172.0,176.74688411795458
2024-06-26 08:27:01+08:00,1173.0,173.25296334666243
2024-06-26 08:27:02+08:00,1174.0,169.69575637484004
2024-06-26 08:27:03+08:00,1175.0,166.08962996722454
2024-06-26 08:27:04+08:00,1176.0,162.448950888553
2024-06-26 08:27:05+08:00,1177.0,158.7880859035624
2024-06-26 08:27:06+08:00,1178.0,155.1214017769899
2024-06-26 08:27:07+08:00,1179.0,151.46326527357255
2024-06-26 08:27:08+08:00,1180.0,147.82804315804742
2024-06-26 08:27:09+08:00,1181.0,144.23010219515157
2024-06-26 08:27:10+08:00,1182.0,140.68380914962208
2024-06-26 08:27:11+08:00,1183.0,137.203530786196
2024-06-26 08:27:12+08:00,1184.0,133.80363386961048
2024-06-26 08:27:13+08:00,1185.0,130.4984851646025
2024-06-26 08:27:14+08:00,1186.0,127.30245143590918
2024-06-26 08:27:15+08:00,1187.0,124.22989944826756
2024-06-26 08:27:16+08:00,1188.0,121.29519596641472
2024-06-26 08:27:17+08:00,1189.0,118.51270775508775
2024-06-26 08:27:18+08:00,1190.0,115.8968015790237
2024-06-26 08:27:19+08:00,1191.0,113.46184420295967
2024-06-26 08:27:20+08:00,1192.0,111.22220239163269
2024-06-26 08:27:21+08:00,1193.0,109.19224290977985
2024-06-26 08:27:22+08:00,1194.0,107.38633252213823
2024-06-26 08:27:23+08:00,1195.0,105.8188379934449
2024-06-26 08:27:24+08:00,1196.0,104.50412608843692
2024-06-26 08:27:25+08:00,1197.0,103.45656357185138
2024-06-26 08:27:26+08:00,1198.0,102.69051720842532
2024-06-26 08:27:27+08:00,1199.0,102.22035376289584
2024-06-26 08:27:28+08:00,1200.0,102.06044
2024-06-26 08:27:29+08:00,1201.0,102.27599837925926
2024-06-26 08:27:30+08:00,1202.0,102.90307730074075
2024-06-26 08:27:31+08:00,1203.0,103.91228244
2024-06-26 08:27:32+08:00,1204.0,105.27421947259259
2024-06-26 08:27:33+08:00,1205.0,106.95949407407407
2024-06-26 08:27:34+08:00,1206.0,108.93871192
2024-06-26 08:27:35+08:00,1207.0,111.18247868592593
2024-06-26 08:27:36+08:00,1208.0,113.66140004740741
2024-06-26 08:27:37+08:00,1209.0,116.34608168
2024-06-26 08:27:38+08:00,1210.0,119.20712925925926
2024-06-26 08:27:39+08:00,1211.0,122.21514846074075
2024-06-26 08:27:40+08:00,1212.0,125.34074496
2024-06-26 08:27:41+08:00,1213.0,128.5545244325926
2024-06-26 08:27:42+08:00,1214.0,131.82709255407406
2024-06-26 08:27:43+08:00,1215.0,135.129055
2024-06-26 08:27:44+08:00,1216.0,138.43101744592593
2024-06-26 08:27:45+08:00,1217.0,141.7035855674074
2024-06-26 08:27:46+08:00,1218.0,144.91736504
2024-06-26 08:27:47+08:00,1219.0,148.04296153925924
2024-06-26 08:27:48+08:00,1220.0,151.05098074074073
2024-06-26 08:27:49+08:00,1221.0,153.91202832
2024-06-26 08:27:50+08:00,1222.0,156.5967099525926
2024-06-26 08:27:51+08:00,1223.0,159.0756313140741
2024-06-26 08:27:52+08:00,1224.0,161.31939807999998
2024-06-26 08:27:53+08:00,1225.0,163.2986159259259
2024-06-26 08:27:54+08:00,1226.0,164.9838905274074
2024-06-26 08:27:55+08:00,1227.0,166.34582755999998
2024-06-26 08:27:56+08:00,1228.0,167.35503269925925
2024-06-26 08:27:57+08:00,1229.0,167.98211162074074
2024-06-26 08:27:58+08:00,1230.0,168.19767
2024-06-26 08:27:59+08:00,1231.0,167.87900444011808
2024-06-26 08:28:00+08:00,1232.0,166.95177407371273
2024-06-26 08:28:01+08:00,1233.0,165.45912837064463
2024-06-26 08:28:02+08:00,1234.0,163.44421680077434
2024-06-26 08:28:03+08:00,1235.0,160.9501888339625
2024-06-26 08:28:04+08:00,1236.0,158.02019394006976
2024-06-26 08:28:05+08:00,1237.0,154.69738158895677
2024-06-26 08:28:06+08:00,1238.0,151.0249012504841
2024-06-26 08:28:07+08:00,1239.0,147.04590239451238
2024-06-26 08:28:08+08:00,1240.0,142.80353449090228
2024-06-26 08:28:09+08:00,1241.0,138.3409470095144
2024-06-26 08:28:10+08:00,1242.0,133.70128942020935
2024-06-26 08:28:11+08:00,1243.0,128.9277111928478
2024-06-26 08:28:12+08:00,1244.0,124.06336179729034
2024-06-26 08:28:13+08:00,1245.0,119.1513907033976
2024-06-26 08:28:14+08:00,1246.0,114.23494738103022
2024-06-26 08:28:15+08:00,1247.0,109.35718130004884
2024-06-26 08:28:16+08:00,1248.0,104.56124193031404
2024-06-26 08:28:17+08:00,1249.0,99.89027874168647
2024-06-26 08:28:18+08:00,1250.0,95.38744120402677
2024-06-26 08:28:19+08:00,1251.0,91.0958787871956
2024-06-26 08:28:20+08:00,1252.0,87.0587409610535
2024-06-26 08:28:21+08:00,1253.0,83.31917719546114
2024-06-26 08:28:22+08:00,1254.0,79.92033696027916
2024-06-26 08:28:23+08:00,1255.0,76.90536972536816
2024-06-26 08:28:24+08:00,1256.0,74.31742496058875
2024-06-26 08:28:25+08:00,1257.0,72.19965213580161
2024-06-26 08:28:26+08:00,1258.0,70.59520072086738
2024-06-26 08:28:27+08:00,1259.0,69.54722018564661
2024-06-26 08:28:28+08:00,1260.0,69.09886
2024-06-26 08:28:29+08:00,1261.0,68.96679329287188
2024-06-26 08:28:30+08:00,1262.0,68.8389392406141
2024-06-26 08:28:31+08:00,1263.0,68.71531638419836
2024-06-26 08:28:32+08:00,1264.0,68.5959432645964
2024-06-26 08:28:33+08:00,1265.0,68.48083842277998
2024-06-26 08:28:34+08:00,1266.0,68.37002039972084
2024-06-26 08:28:35+08:00,1267.0,68.26350773639072
2024-06-26 08:28:36+08:00,1268.0,68.16131897376131
2024-06-26 08:28:37+08:00,1269.0,68.06347265280439
2024-06-26 08:28:38+08:00,1270.0,67.96998731449173
2024-06-26 08:28:39+08:00,1271.0,67.88088149979498
2024-06-26 08:28:40+08:00,1272.0,67.79617374968595
2024-06-26 08:28:41+08:00,1273.0,67.71588260513634
2024-06-26 08:28:42+08:00,1274.0,67.64002660711792
2024-06-26 08:28:43+08:00,1275.0,67.56862429660238
2024-06-26 08:28:44+08:00,1276.0,67.5016942145615
2024-06-26 08:28:45+08:00,1277.0,67.43925490196702
2024-06-26 08:28:46+08:00,1278.0,67.38132489979063
2024-06-26 08:28:47+08:00,1279.0,67.32792274900412
2024-06-26 08:28:48+08:00,1280.0,67.27906699057918
2024-06-26 08:28:49+08:00,1281.0,67.23477616548762
2024-06-26 08:28:50+08:00,1282.0,67.19506881470107
2024-06-26 08:28:51+08:00,1283.0,67.15996347919136
2024-06-26 08:28:52+08:00,1284.0,67.1294786999302
2024-06-26 08:28:53+08:00,1285.0,67.10363301788934
2024-06-26 08:28:54+08:00,1286.0,67.08244497404047
2024-06-26 08:28:55+08:00,1287.0,67.06593310935537
2024-06-26 08:28:56+08:00,1288.0,67.05411596480577
2024-06-26 08:28:57+08:00,1289.0,67.0470120813634
2024-06-26 08:28:58+08:00,1290.0,67.04464
2024-06-26 08:28:59+08:00,1291.0,67.08333526850764
2024-06-26 08:29:00+08:00,1292.0,67.19613212358504
2024-06-26 08:29:01+08:00,1293.0,67.37809713956396
2024-06-26 08:29:02+08:00,1294.0,67.62429689077615
2024-06-26 08:29:03+08:00,1295.0,67.92979795155338
2024-06-26 08:29:04+08:00,1296.0,68.28966689622739
2024-06-26 08:29:05+08:00,1297.0,68.69897029912994
2024-06-26 08:29:06+08:00,1298.0,69.15277473459277
2024-06-26 08:29:07+08:00,1299.0,69.64614677694766
2024-06-26 08:29:08+08:00,1300.0,70.17415300052635
2024-06-26 08:29:09+08:00,1301.0,70.7318599796606
2024-06-26 08:29:10+08:00,1302.0,71.31433428868215
2024-06-26 08:29:11+08:00,1303.0,71.91664250192278
2024-06-26 08:29:12+08:00,1304.0,72.53385119371421
2024-06-26 08:29:13+08:00,1305.0,73.16102693838822
2024-06-26 08:29:14+08:00,1306.0,73.79323631027655
2024-06-26 08:29:15+08:00,1307.0,74.42554588371097
2024-06-26 08:29:16+08:00,1308.0,75.05302223302323
2024-06-26 08:29:17+08:00,1309.0,75.67073193254508
2024-06-26 08:29:18+08:00,1310.0,76.27374155660826
2024-06-26 08:29:19+08:00,1311.0,76.85711767954454
2024-06-26 08:29:20+08:00,1312.0,77.41592687568568
2024-06-26 08:29:21+08:00,1313.0,77.94523571936344
2024-06-26 08:29:22+08:00,1314.0,78.44011078490954
2024-06-26 08:29:23+08:00,1315.0,78.89561864665576
2024-06-26 08:29:24+08:00,1316.0,79.30682587893386
2024-06-26 08:29:25+08:00,1317.0,79.66879905607557
2024-06-26 08:29:26+08:00,1318.0,79.97660475241267
2024-06-26 08:29:27+08:00,1319.0,80.22530954227689
2024-06-26 08:29:28+08:00,1320.0,80.40998
2024-06-26 08:29:29+08:00,1321.0,80.55433240514299
2024-06-26 08:29:30+08:00,1322.0,80.68601380620507
2024-06-26 08:29:31+08:00,1323.0,80.8059869309254
2024-06-26 08:29:32+08:00,1324.0,80.91521450704312
2024-06-26 08:29:33+08:00,1325.0,81.01465926229734
2024-06-26 08:29:34+08:00,1326.0,81.10528392442723
2024-06-26 08:29:35+08:00,1327.0,81.18805122117192
2024-06-26 08:29:36+08:00,1328.0,81.26392388027053
2024-06-26 08:29:37+08:00,1329.0,81.33386462946221
2024-06-26 08:29:38+08:00,1330.0,81.39883619648609
2024-06-26 08:29:39+08:00,1331.0,81.45980130908133
2024-06-26 08:29:40+08:00,1332.0,81.51772269498706
2024-06-26 08:29:41+08:00,1333.0,81.5735630819424
2024-06-26 08:29:42+08:00,1334.0,81.6282851976865
2024-06-26 08:29:43+08:00,1335.0,81.68285176995849
2024-06-26 08:29:44+08:00,1336.0,81.73822552649752
2024-06-26 08:29:45+08:00,1337.0,81.79536919504272
2024-06-26 08:29:46+08:00,1338.0,81.85524550333325
2024-06-26 08:29:47+08:00,1339.0,81.91881717910822
2024-06-26 08:29:48+08:00,1340.0,81.98704695010679
2024-06-26 08:29:49+08:00,1341.0,82.06089754406807
2024-06-26 08:29:50+08:00,1342.0,82.14133168873121
2024-06-26 08:29:51+08:00,1343.0,82.22931211183536
2024-06-26 08:29:52+08:00,1344.0,82.32580154111965
2024-06-26 08:29:53+08:00,1345.0,82.43176270432319
2024-06-26 08:29:54+08:00,1346.0,82.54815832918517
2024-06-26 08:29:55+08:00,1347.0,82.6759511434447
2024-06-26 08:29:56+08:00,1348.0,82.81610387484092
2024-06-26 08:29:57+08:00,1349.0,82.96957925111298
2024-06-26 08:29:58+08:00,1350.0,83.13734
2024-06-26 08:29:59+08:00,1351.0,83.50536667850758
2024-06-26 08:30:00+08:00,1352.0,84.24269672537946
2024-06-26 08:30:01+08:00,1353.0,85.32487819096205
2024-06-26 08:30:02+08:00,1354.0,86.72745912560173
2024-06-26 08:30:03+08:00,1355.0,88.42598757964484
2024-06-26 08:30:04+08:00,1356.0,90.39601160343778
2024-06-26 08:30:05+08:00,1357.0,92.61307924732694
2024-06-26 08:30:06+08:00,1358.0,95.05273856165867
2024-06-26 08:30:07+08:00,1359.0,97.69053759677936
2024-06-26 08:30:08+08:00,1360.0,100.50202440303542
2024-06-26 08:30:09+08:00,1361.0,103.46274703077317
2024-06-26 08:30:10+08:00,1362.0,106.54825353033903
2024-06-26 08:30:11+08:00,1363.0,109.73409195207937
2024-06-26 08:30:12+08:00,1364.0,112.99581034634053
2024-06-26 08:30:13+08:00,1365.0,116.30895676346896
2024-06-26 08:30:14+08:00,1366.0,119.64907925381097
2024-06-26 08:30:15+08:00,1367.0,122.99172586771297
2024-06-26 08:30:16+08:00,1368.0,126.31244465552136
2024-06-26 08:30:17+08:00,1369.0,129.5867836675825
2024-06-26 08:30:18+08:00,1370.0,132.79029095424272
2024-06-26 08:30:19+08:00,1371.0,135.89851456584847
2024-06-26 08:30:20+08:00,1372.0,138.88700255274608
2024-06-26 08:30:21+08:00,1373.0,141.73130296528197
2024-06-26 08:30:22+08:00,1374.0,144.40696385380247
2024-06-26 08:30:23+08:00,1375.0,146.889533268654
2024-06-26 08:30:24+08:00,1376.0,149.1545592601829
2024-06-26 08:30:25+08:00,1377.0,151.17758987873555
2024-06-26 08:30:26+08:00,1378.0,152.93417317465838
2024-06-26 08:30:27+08:00,1379.0,154.39985719829772
2024-06-26 08:30:28+08:00,1380.0,155.55019
2024-06-26 08:30:29+08:00,1381.0,156.53061843976386
2024-06-26 08:30:30+08:00,1382.0,157.50176973724237
2024-06-26 08:30:31+08:00,1383.0,158.46196248226343
2024-06-26 08:30:32+08:00,1384.0,159.4095152646549
2024-06-26 08:30:33+08:00,1385.0,160.34274667424475
2024-06-26 08:30:34+08:00,1386.0,161.25997530086076
2024-06-26 08:30:35+08:00,1387.0,162.15951973433081
2024-06-26 08:30:36+08:00,1388.0,163.03969856448288
2024-06-26 08:30:37+08:00,1389.0,163.89883038114476
2024-06-26 08:30:38+08:00,1390.0,164.73523377414438
2024-06-26 08:30:39+08:00,1391.0,165.54722733330962
2024-06-26 08:30:40+08:00,1392.0,166.33312964846832
2024-06-26 08:30:41+08:00,1393.0,167.09125930944845
2024-06-26 08:30:42+08:00,1394.0,167.8199349060778
2024-06-26 08:30:43+08:00,1395.0,168.51747502818435
2024-06-26 08:30:44+08:00,1396.0,169.18219826559587
2024-06-26 08:30:45+08:00,1397.0,169.81242320814033
2024-06-26 08:30:46+08:00,1398.0,170.40646844564554
2024-06-26 08:30:47+08:00,1399.0,170.9626525679395
2024-06-26 08:30:48+08:00,1400.0,171.47929416484996
2024-06-26 08:30:49+08:00,1401.0,171.9547118262049
2024-06-26 08:30:50+08:00,1402.0,172.38722414183215
2024-06-26 08:30:51+08:00,1403.0,172.77514970155963
2024-06-26 08:30:52+08:00,1404.0,173.1168070952152
2024-06-26 08:30:53+08:00,1405.0,173.41051491262675
2024-06-26 08:30:54+08:00,1406.0,173.65459174362215
2024-06-26 08:30:55+08:00,1407.0,173.8473561780293
2024-06-26 08:30:56+08:00,1408.0,173.98712680567604
2024-06-26 08:30:57+08:00,1409.0,174.07222221639034
2024-06-26 08:30:58+08:00,1410.0,174.100961
2024-06-26 08:30:59+08:00,1411.0,174.03792933451854
2024-06-26 08:31:00+08:00,1412.0,173.85456448948148
2024-06-26 08:31:01+08:00,1413.0,173.559461692
2024-06-26 08:31:02+08:00,1414.0,173.1612161691852
2024-06-26 08:31:03+08:00,1415.0,172.66842314814815
2024-06-26 08:31:04+08:00,1416.0,172.089677856
2024-06-26 08:31:05+08:00,1417.0,171.43357551985187
2024-06-26 08:31:06+08:00,1418.0,170.70871136681484
2024-06-26 08:31:07+08:00,1419.0,169.923680624
2024-06-26 08:31:08+08:00,1420.0,169.08707851851852
2024-06-26 08:31:09+08:00,1421.0,168.2075002774815
2024-06-26 08:31:10+08:00,1422.0,167.29354112800002
2024-06-26 08:31:11+08:00,1423.0,166.3537962971852
2024-06-26 08:31:12+08:00,1424.0,165.39686101214815
2024-06-26 08:31:13+08:00,1425.0,164.4313305
2024-06-26 08:31:14+08:00,1426.0,163.46579998785185
2024-06-26 08:31:15+08:00,1427.0,162.5088647028148
2024-06-26 08:31:16+08:00,1428.0,161.569119872
2024-06-26 08:31:17+08:00,1429.0,160.6551607225185
2024-06-26 08:31:18+08:00,1430.0,159.77558248148148
2024-06-26 08:31:19+08:00,1431.0,158.938980376
2024-06-26 08:31:20+08:00,1432.0,158.1539496331852
2024-06-26 08:31:21+08:00,1433.0,157.42908548014813
2024-06-26 08:31:22+08:00,1434.0,156.772983144
2024-06-26 08:31:23+08:00,1435.0,156.19423785185185
2024-06-26 08:31:24+08:00,1436.0,155.7014448308148
2024-06-26 08:31:25+08:00,1437.0,155.303199308
2024-06-26 08:31:26+08:00,1438.0,155.00809651051853
2024-06-26 08:31:27+08:00,1439.0,154.8247316654815
2024-06-26 08:31:28+08:00,1440.0,154.7617
2024-06-26 08:31:29+08:00,1441.0,155.08600211106668
2024-06-26 08:31:30+08:00,1442.0,156.03335359829583
2024-06-26 08:31:31+08:00,1443.0,157.56542219273115
2024-06-26 08:31:32+08:00,1444.0,159.64387562541629
2024-06-26 08:31:33+08:00,1445.0,162.23038162739493
2024-06-26 08:31:34+08:00,1446.0,165.28660792971075
2024-06-26 08:31:35+08:00,1447.0,168.77422226340747
2024-06-26 08:31:36+08:00,1448.0,172.65489235952867
2024-06-26 08:31:37+08:00,1449.0,176.89028594911807
2024-06-26 08:31:38+08:00,1450.0,181.44207076321936
2024-06-26 08:31:39+08:00,1451.0,186.27191453287622
2024-06-26 08:31:40+08:00,1452.0,191.34148498913228
2024-06-26 08:31:41+08:00,1453.0,196.6124498630313
2024-06-26 08:31:42+08:00,1454.0,202.04647688561687
2024-06-26 08:31:43+08:00,1455.0,207.60523378793272
2024-06-26 08:31:44+08:00,1456.0,213.25038830102247
2024-06-26 08:31:45+08:00,1457.0,218.94360815592984
2024-06-26 08:31:46+08:00,1458.0,224.64656108369851
2024-06-26 08:31:47+08:00,1459.0,230.32091481537208
2024-06-26 08:31:48+08:00,1460.0,235.9283370819943
2024-06-26 08:31:49+08:00,1461.0,241.43049561460884
2024-06-26 08:31:50+08:00,1462.0,246.78905814425934
2024-06-26 08:31:51+08:00,1463.0,251.9656924019896
2024-06-26 08:31:52+08:00,1464.0,256.9220661188431
2024-06-26 08:31:53+08:00,1465.0,261.6198470258636
2024-06-26 08:31:54+08:00,1466.0,266.0207028540948
2024-06-26 08:31:55+08:00,1467.0,270.0863013345804
2024-06-26 08:31:56+08:00,1468.0,273.778310198364
2024-06-26 08:31:57+08:00,1469.0,277.0583971764894
2024-06-26 08:31:58+08:00,1470.0,279.88823
2024-06-26 08:31:59+08:00,1471.0,282.4023444747872
2024-06-26 08:32:00+08:00,1472.0,284.7682917100142
2024-06-26 08:32:01+08:00,1473.0,286.9972623916329
2024-06-26 08:32:02+08:00,1474.0,289.1004472055954
2024-06-26 08:32:03+08:00,1475.0,291.08903683785366
2024-06-26 08:32:04+08:00,1476.0,292.97422197435964
2024-06-26 08:32:05+08:00,1477.0,294.76719330106533
2024-06-26 08:32:06+08:00,1478.0,296.4791415039229
2024-06-26 08:32:07+08:00,1479.0,298.121257268884
2024-06-26 08:32:08+08:00,1480.0,299.7047312819009
2024-06-26 08:32:09+08:00,1481.0,301.2407542289254
2024-06-26 08:32:10+08:00,1482.0,302.7405167959097
2024-06-26 08:32:11+08:00,1483.0,304.2152096688056
2024-06-26 08:32:12+08:00,1484.0,305.6760235335652
2024-06-26 08:32:13+08:00,1485.0,307.13414907614043
2024-06-26 08:32:14+08:00,1486.0,308.60077698248324
2024-06-26 08:32:15+08:00,1487.0,310.0870979385458
2024-06-26 08:32:16+08:00,1488.0,311.6043026302799
2024-06-26 08:32:17+08:00,1489.0,313.1635817436376
2024-06-26 08:32:18+08:00,1490.0,314.77612596457095
2024-06-26 08:32:19+08:00,1491.0,316.4531259790319
2024-06-26 08:32:20+08:00,1492.0,318.20577247297234
2024-06-26 08:32:21+08:00,1493.0,320.0452561323445
2024-06-26 08:32:22+08:00,1494.0,321.9827676431001
2024-06-26 08:32:23+08:00,1495.0,324.0294976911913
2024-06-26 08:32:24+08:00,1496.0,326.19663696257
2024-06-26 08:32:25+08:00,1497.0,328.4953761431882
2024-06-26 08:32:26+08:00,1498.0,330.936905918998
2024-06-26 08:32:27+08:00,1499.0,333.5324169759512
2024-06-26 08:32:28+08:00,1500.0,336.2931
2024-06-26 08:32:29+08:00,1501.0,339.51913540073
2024-06-26 08:32:30+08:00,1502.0,343.46481885071364
2024-06-26 08:32:31+08:00,1503.0,348.07251393038257
2024-06-26 08:32:32+08:00,1504.0,353.2845842201686
2024-06-26 08:32:33+08:00,1505.0,359.0433933005032
2024-06-26 08:32:34+08:00,1506.0,365.2913047518185
2024-06-26 08:32:35+08:00,1507.0,371.9706821545458
2024-06-26 08:32:36+08:00,1508.0,379.0238890891171
2024-06-26 08:32:37+08:00,1509.0,386.393289135964
2024-06-26 08:32:38+08:00,1510.0,394.0212458755182
2024-06-26 08:32:39+08:00,1511.0,401.8501228882116
2024-06-26 08:32:40+08:00,1512.0,409.82228375447573
2024-06-26 08:32:41+08:00,1513.0,417.8800920547424
2024-06-26 08:32:42+08:00,1514.0,425.9659113694433
2024-06-26 08:32:43+08:00,1515.0,434.02210527901013
2024-06-26 08:32:44+08:00,1516.0,441.99103736387474
2024-06-26 08:32:45+08:00,1517.0,449.8150712044687
2024-06-26 08:32:46+08:00,1518.0,457.4365703812239
2024-06-26 08:32:47+08:00,1519.0,464.79789847457175
2024-06-26 08:32:48+08:00,1520.0,471.84141906494426
2024-06-26 08:32:49+08:00,1521.0,478.5094957327731
2024-06-26 08:32:50+08:00,1522.0,484.74449205849
2024-06-26 08:32:51+08:00,1523.0,490.4887716225265
2024-06-26 08:32:52+08:00,1524.0,495.6846980053146
2024-06-26 08:32:53+08:00,1525.0,500.27463478728583
2024-06-26 08:32:54+08:00,1526.0,504.2009455488719
2024-06-26 08:32:55+08:00,1527.0,507.40599387050463
2024-06-26 08:32:56+08:00,1528.0,509.83214333261583
2024-06-26 08:32:57+08:00,1529.0,511.42175751563707
2024-06-26 08:32:58+08:00,1530.0,512.1172
2024-06-26 08:32:59+08:00,1531.0,512.3427487856792
2024-06-26 08:33:00+08:00,1532.0,512.5610858464134
2024-06-26 08:33:01+08:00,1533.0,512.772180723282
2024-06-26 08:33:02+08:00,1534.0,512.9760029573638
2024-06-26 08:33:03+08:00,1535.0,513.1725220897378
2024-06-26 08:33:04+08:00,1536.0,513.3617076614827
2024-06-26 08:33:05+08:00,1537.0,513.5435292136779
2024-06-26 08:33:06+08:00,1538.0,513.717956287402
2024-06-26 08:33:07+08:00,1539.0,513.8849584237341
2024-06-26 08:33:08+08:00,1540.0,514.0445051637531
2024-06-26 08:33:09+08:00,1541.0,514.1965660485381
2024-06-26 08:33:10+08:00,1542.0,514.341110619168
2024-06-26 08:33:11+08:00,1543.0,514.4781084167219
2024-06-26 08:33:12+08:00,1544.0,514.6075289822784
2024-06-26 08:33:13+08:00,1545.0,514.7293418569167
2024-06-26 08:33:14+08:00,1546.0,514.8435165817159
2024-06-26 08:33:15+08:00,1547.0,514.9500226977545
2024-06-26 08:33:16+08:00,1548.0,515.0488297461121
2024-06-26 08:33:17+08:00,1549.0,515.1399072678672
2024-06-26 08:33:18+08:00,1550.0,515.2232248040989
2024-06-26 08:33:19+08:00,1551.0,515.2987518958861
2024-06-26 08:33:20+08:00,1552.0,515.3664580843079
2024-06-26 08:33:21+08:00,1553.0,515.426312910443
2024-06-26 08:33:22+08:00,1554.0,515.4782859153707
2024-06-26 08:33:23+08:00,1555.0,515.5223466401698
2024-06-26 08:33:24+08:00,1556.0,515.5584646259193
2024-06-26 08:33:25+08:00,1557.0,515.586609413698
2024-06-26 08:33:26+08:00,1558.0,515.6067505445851
2024-06-26 08:33:27+08:00,1559.0,515.6188575596595
2024-06-26 08:33:28+08:00,1560.0,515.6229000000001
2024-06-26 08:33:29+08:00,1561.0,515.5959823484202
2024-06-26 08:33:30+08:00,1562.0,515.5171924107566
2024-06-26 08:33:31+08:00,1563.0,515.3894747126235
2024-06-26 08:33:32+08:00,1564.0,515.2157737796352
2024-06-26 08:33:33+08:00,1565.0,514.9990341374059
2024-06-26 08:33:34+08:00,1566.0,514.74220031155
2024-06-26 08:33:35+08:00,1567.0,514.4482168276817
2024-06-26 08:33:36+08:00,1568.0,514.1200282114149
2024-06-26 08:33:37+08:00,1569.0,513.7605789883642
2024-06-26 08:33:38+08:00,1570.0,513.3728136841436
2024-06-26 08:33:39+08:00,1571.0,512.9596768243674
2024-06-26 08:33:40+08:00,1572.0,512.5241129346501
2024-06-26 08:33:41+08:00,1573.0,512.0690665406056
2024-06-26 08:33:42+08:00,1574.0,511.5974821678482
2024-06-26 08:33:43+08:00,1575.0,511.1123043419922
2024-06-26 08:33:44+08:00,1576.0,510.61647758865195
2024-06-26 08:33:45+08:00,1577.0,510.1129464334415
2024-06-26 08:33:46+08:00,1578.0,509.6046554019751
2024-06-26 08:33:47+08:00,1579.0,509.09454901986703
2024-06-26 08:33:48+08:00,1580.0,508.5855718127316
2024-06-26 08:33:49+08:00,1581.0,508.08066830618293
2024-06-26 08:33:50+08:00,1582.0,507.5827830258352
2024-06-26 08:33:51+08:00,1583.0,507.0948604973029
2024-06-26 08:33:52+08:00,1584.0,506.61984524620004
2024-06-26 08:33:53+08:00,1585.0,506.16068179814096
2024-06-26 08:33:54+08:00,1586.0,505.72031467873984
2024-06-26 08:33:55+08:00,1587.0,505.301688413611
2024-06-26 08:33:56+08:00,1588.0,504.90774752836853
2024-06-26 08:33:57+08:00,1589.0,504.5414365486268
2024-06-26 08:33:58+08:00,1590.0,504.2057
2024-06-26 08:33:59+08:00,1591.0,503.8802597772991
2024-06-26 08:34:00+08:00,1592.0,503.54390174570545
2024-06-26 08:34:01+08:00,1593.0,503.198166386389
2024-06-26 08:34:02+08:00,1594.0,502.84459418051944
2024-06-26 08:34:03+08:00,1595.0,502.4847256092665
2024-06-26 08:34:04+08:00,1596.0,502.1201011537999
2024-06-26 08:34:05+08:00,1597.0,501.75226129528966
2024-06-26 08:34:06+08:00,1598.0,501.3827465149055
2024-06-26 08:34:07+08:00,1599.0,501.01309729381705
2024-06-26 08:34:08+08:00,1600.0,500.64485411319436
2024-06-26 08:34:09+08:00,1601.0,500.27955745420707
2024-06-26 08:34:10+08:00,1602.0,499.9187477980249
2024-06-26 08:34:11+08:00,1603.0,499.56396562581784
2024-06-26 08:34:12+08:00,1604.0,499.2167514187555
2024-06-26 08:34:13+08:00,1605.0,498.87864565800777
2024-06-26 08:34:14+08:00,1606.0,498.5511888247444
2024-06-26 08:34:15+08:00,1607.0,498.23592140013517
2024-06-26 08:34:16+08:00,1608.0,497.9343838653499
2024-06-26 08:34:17+08:00,1609.0,497.6481167015585
2024-06-26 08:34:18+08:00,1610.0,497.37866038993053
2024-06-26 08:34:19+08:00,1611.0,497.12755541163597
2024-06-26 08:34:20+08:00,1612.0,496.8963422478445
2024-06-26 08:34:21+08:00,1613.0,496.68656137972584
2024-06-26 08:34:22+08:00,1614.0,496.49975328845
2024-06-26 08:34:23+08:00,1615.0,496.3374584551866
2024-06-26 08:34:24+08:00,1616.0,496.2012173611056
2024-06-26 08:34:25+08:00,1617.0,496.09257048737663
2024-06-26 08:34:26+08:00,1618.0,496.0130583151695
2024-06-26 08:34:27+08:00,1619.0,495.964221325654
2024-06-26 08:34:28+08:00,1620.0,495.9476
2024-06-26 08:34:29+08:00,1621.0,496.0454729481482
2024-06-26 08:34:30+08:00,1622.0,496.3301942518519
2024-06-26 08:34:31+08:00,1623.0,496.7884176
2024-06-26 08:34:32+08:00,1624.0,497.4067966814815
2024-06-26 08:34:33+08:00,1625.0,498.1719851851852
2024-06-26 08:34:34+08:00,1626.0,499.0706368
2024-06-26 08:34:35+08:00,1627.0,500.0894052148148
2024-06-26 08:34:36+08:00,1628.0,501.21494411851853
2024-06-26 08:34:37+08:00,1629.0,502.4339072
2024-06-26 08:34:38+08:00,1630.0,503.7329481481481
2024-06-26 08:34:39+08:00,1631.0,505.09872065185186
2024-06-26 08:34:40+08:00,1632.0,506.51787840000003
2024-06-26 08:34:41+08:00,1633.0,507.97707508148153
2024-06-26 08:34:42+08:00,1634.0,509.4629643851852
2024-06-26 08:34:43+08:00,1635.0,510.96220000000005
2024-06-26 08:34:44+08:00,1636.0,512.4614356148148
2024-06-26 08:34:45+08:00,1637.0,513.9473249185185
2024-06-26 08:34:46+08:00,1638.0,515.4065216
2024-06-26 08:34:47+08:00,1639.0,516.8256793481482
2024-06-26 08:34:48+08:00,1640.0,518.1914518518519
2024-06-26 08:34:49+08:00,1641.0,519.4904928000001
2024-06-26 08:34:50+08:00,1642.0,520.7094558814815
2024-06-26 08:34:51+08:00,1643.0,521.8349947851851
2024-06-26 08:34:52+08:00,1644.0,522.8537632
2024-06-26 08:34:53+08:00,1645.0,523.7524148148149
2024-06-26 08:34:54+08:00,1646.0,524.5176033185186
2024-06-26 08:34:55+08:00,1647.0,525.1359824000001
2024-06-26 08:34:56+08:00,1648.0,525.5942057481482
2024-06-26 08:34:57+08:00,1649.0,525.8789270518519
2024-06-26 08:34:58+08:00,1650.0,525.9768
2024-06-26 08:34:59+08:00,1651.0,525.919005837037
2024-06-26 08:35:00+08:00,1652.0,525.7508773629629
2024-06-26 08:35:01+08:00,1653.0,525.4802956
2024-06-26 08:35:02+08:00,1654.0,525.1151415703704
2024-06-26 08:35:03+08:00,1655.0,524.6632962962963
2024-06-26 08:35:04+08:00,1656.0,524.1326408
2024-06-26 08:35:05+08:00,1657.0,523.5310561037037
2024-06-26 08:35:06+08:00,1658.0,522.8664232296297
2024-06-26 08:35:07+08:00,1659.0,522.1466232
2024-06-26 08:35:08+08:00,1660.0,521.3795370370372
2024-06-26 08:35:09+08:00,1661.0,520.573045762963
2024-06-26 08:35:10+08:00,1662.0,519.7350303999999
2024-06-26 08:35:11+08:00,1663.0,518.8733719703704
2024-06-26 08:35:12+08:00,1664.0,517.9959514962964
2024-06-26 08:35:13+08:00,1665.0,517.1106500000001
2024-06-26 08:35:14+08:00,1666.0,516.2253485037037
2024-06-26 08:35:15+08:00,1667.0,515.3479280296297
2024-06-26 08:35:16+08:00,1668.0,514.4862696
2024-06-26 08:35:17+08:00,1669.0,513.648254237037
2024-06-26 08:35:18+08:00,1670.0,512.841762962963
2024-06-26 08:35:19+08:00,1671.0,512.0746768
2024-06-26 08:35:20+08:00,1672.0,511.35487677037037
2024-06-26 08:35:21+08:00,1673.0,510.6902438962963
2024-06-26 08:35:22+08:00,1674.0,510.08865920000005
2024-06-26 08:35:23+08:00,1675.0,509.5580037037037
2024-06-26 08:35:24+08:00,1676.0,509.10615842962966
2024-06-26 08:35:25+08:00,1677.0,508.7410044
2024-06-26 08:35:26+08:00,1678.0,508.4704226370371
2024-06-26 08:35:27+08:00,1679.0,508.302294162963
2024-06-26 08:35:28+08:00,1680.0,508.2445
2024-06-26 08:35:29+08:00,1681.0,508.25657229629627
2024-06-26 08:35:30+08:00,1682.0,508.29169170370375
2024-06-26 08:35:31+08:00,1683.0,508.348212
2024-06-26 08:35:32+08:00,1684.0,508.424486962963
2024-06-26 08:35:33+08:00,1685.0,508.5188703703704
2024-06-26 08:35:34+08:00,1686.0,508.62971600000003
2024-06-26 08:35:35+08:00,1687.0,508.75537762962966
2024-06-26 08:35:36+08:00,1688.0,508.89420903703706
2024-06-26 08:35:37+08:00,1689.0,509.044564
2024-06-26 08:35:38+08:00,1690.0,509.2047962962963
2024-06-26 08:35:39+08:00,1691.0,509.3732597037037
2024-06-26 08:35:40+08:00,1692.0,509.548308
2024-06-26 08:35:41+08:00,1693.0,509.72829496296293
2024-06-26 08:35:42+08:00,1694.0,509.9115743703704
2024-06-26 08:35:43+08:00,1695.0,510.0965
2024-06-26 08:35:44+08:00,1696.0,510.2814256296296
2024-06-26 08:35:45+08:00,1697.0,510.46470503703705
2024-06-26 08:35:46+08:00,1698.0,510.644692
2024-06-26 08:35:47+08:00,1699.0,510.8197402962963
2024-06-26 08:35:48+08:00,1700.0,510.9882037037036
2024-06-26 08:35:49+08:00,1701.0,511.14843599999995
2024-06-26 08:35:50+08:00,1702.0,511.298790962963
2024-06-26 08:35:51+08:00,1703.0,511.4376223703703
2024-06-26 08:35:52+08:00,1704.0,511.56328399999995
2024-06-26 08:35:53+08:00,1705.0,511.67412962962965
2024-06-26 08:35:54+08:00,1706.0,511.76851303703705
2024-06-26 08:35:55+08:00,1707.0,511.844788
2024-06-26 08:35:56+08:00,1708.0,511.9013082962963
2024-06-26 08:35:57+08:00,1709.0,511.9364277037037
2024-06-26 08:35:58+08:00,1710.0,511.94849999999997
2024-06-26 08:35:59+08:00,1711.0,511.8982171259259
2024-06-26 08:36:00+08:00,1712.0,511.7519396740741
2024-06-26 08:36:01+08:00,1713.0,511.5165244
2024-06-26 08:36:02+08:00,1714.0,511.1988280592592
2024-06-26 08:36:03+08:00,1715.0,510.8057074074074
2024-06-26 08:36:04+08:00,1716.0,510.3440192
2024-06-26 08:36:05+08:00,1717.0,509.82062019259257
2024-06-26 08:36:06+08:00,1718.0,509.24236714074067
2024-06-26 08:36:07+08:00,1719.0,508.6161168
2024-06-26 08:36:08+08:00,1720.0,507.9487259259259
2024-06-26 08:36:09+08:00,1721.0,507.24705127407407
2024-06-26 08:36:10+08:00,1722.0,506.5179496
2024-06-26 08:36:11+08:00,1723.0,505.76827765925924
2024-06-26 08:36:12+08:00,1724.0,505.00489220740735
2024-06-26 08:36:13+08:00,1725.0,504.23465
2024-06-26 08:36:14+08:00,1726.0,503.46440779259257
2024-06-26 08:36:15+08:00,1727.0,502.70102234074074
2024-06-26 08:36:16+08:00,1728.0,501.95135039999997
2024-06-26 08:36:17+08:00,1729.0,501.22224872592597
2024-06-26 08:36:18+08:00,1730.0,500.5205740740741
2024-06-26 08:36:19+08:00,1731.0,499.8531832
2024-06-26 08:36:20+08:00,1732.0,499.22693285925925
2024-06-26 08:36:21+08:00,1733.0,498.64867980740746
2024-06-26 08:36:22+08:00,1734.0,498.1252808
2024-06-26 08:36:23+08:00,1735.0,497.6635925925926
2024-06-26 08:36:24+08:00,1736.0,497.2704719407408
2024-06-26 08:36:25+08:00,1737.0,496.95277560000005
2024-06-26 08:36:26+08:00,1738.0,496.71736032592594
2024-06-26 08:36:27+08:00,1739.0,496.5710828740741
2024-06-26 08:36:28+08:00,1740.0,496.5208
2024-06-26 08:36:29+08:00,1741.0,496.5405330744864
2024-06-26 08:36:30+08:00,1742.0,496.5982856823078
2024-06-26 08:36:31+08:00,1743.0,496.69188790000703
2024-06-26 08:36:32+08:00,1744.0,496.8191698041273
2024-06-26 08:36:33+08:00,1745.0,496.97796147121153
2024-06-26 08:36:34+08:00,1746.0,497.16609297780286
2024-06-26 08:36:35+08:00,1747.0,497.3813944004442
2024-06-26 08:36:36+08:00,1748.0,497.6216958156787
2024-06-26 08:36:37+08:00,1749.0,497.8848273000494
2024-06-26 08:36:38+08:00,1750.0,498.1686189300992
2024-06-26 08:36:39+08:00,1751.0,498.47090078237125
2024-06-26 08:36:40+08:00,1752.0,498.7895029334086
2024-06-26 08:36:41+08:00,1753.0,499.1222554597542
2024-06-26 08:36:42+08:00,1754.0,499.4669884379511
2024-06-26 08:36:43+08:00,1755.0,499.82153194454236
2024-06-26 08:36:44+08:00,1756.0,500.1837160560711
2024-06-26 08:36:45+08:00,1757.0,500.55137084908023
2024-06-26 08:36:46+08:00,1758.0,500.9223264001128
2024-06-26 08:36:47+08:00,1759.0,501.2944127857119
2024-06-26 08:36:48+08:00,1760.0,501.66546008242057
2024-06-26 08:36:49+08:00,1761.0,502.0332983667818
2024-06-26 08:36:50+08:00,1762.0,502.3957577153387
2024-06-26 08:36:51+08:00,1763.0,502.75066820463417
2024-06-26 08:36:52+08:00,1764.0,503.0958599112114
2024-06-26 08:36:53+08:00,1765.0,503.4291629116133
2024-06-26 08:36:54+08:00,1766.0,503.74840728238297
2024-06-26 08:36:55+08:00,1767.0,504.05142310006346
2024-06-26 08:36:56+08:00,1768.0,504.3360404411977
2024-06-26 08:36:57+08:00,1769.0,504.6000893823289
2024-06-26 08:36:58+08:00,1770.0,504.84139999999996
2024-06-26 08:36:59+08:00,1771.0,505.07468958063396
2024-06-26 08:37:00+08:00,1772.0,505.31540459583925
2024-06-26 08:37:01+08:00,1773.0,505.5624688999365
2024-06-26 08:37:02+08:00,1774.0,505.8148063472466
2024-06-26 08:37:03+08:00,1775.0,506.0713407920903
2024-06-26 08:37:04+08:00,1776.0,506.3309960887886
2024-06-26 08:37:05+08:00,1777.0,506.59269609166205
2024-06-26 08:37:06+08:00,1778.0,506.8553646550316
2024-06-26 08:37:07+08:00,1779.0,507.1179256332181
2024-06-26 08:37:08+08:00,1780.0,507.37930288054235
2024-06-26 08:37:09+08:00,1781.0,507.6384202513251
2024-06-26 08:37:10+08:00,1782.0,507.89420159988714
2024-06-26 08:37:11+08:00,1783.0,508.1455707805494
2024-06-26 08:37:12+08:00,1784.0,508.39145164763266
2024-06-26 08:37:13+08:00,1785.0,508.6307680554576
2024-06-26 08:37:14+08:00,1786.0,508.8624438583452
2024-06-26 08:37:15+08:00,1787.0,509.0854029106162
2024-06-26 08:37:16+08:00,1788.0,509.2985690665915
2024-06-26 08:37:17+08:00,1789.0,509.50086618059174
2024-06-26 08:37:18+08:00,1790.0,509.6912181069378
2024-06-26 08:37:19+08:00,1791.0,509.8685486999506
2024-06-26 08:37:20+08:00,1792.0,510.03178181395094
2024-06-26 08:37:21+08:00,1793.0,510.17984130325954
2024-06-26 08:37:22+08:00,1794.0,510.3116510221971
2024-06-26 08:37:23+08:00,1795.0,510.4261348250847
2024-06-26 08:37:24+08:00,1796.0,510.52221656624306
2024-06-26 08:37:25+08:00,1797.0,510.598820099993
2024-06-26 08:37:26+08:00,1798.0,510.6548692806552
2024-06-26 08:37:27+08:00,1799.0,510.6892879625506
2024-06-26 08:37:28+08:00,1800.0,510.701
2024-06-26 08:37:29+08:00,1801.0,510.6880147851852
2024-06-26 08:37:30+08:00,1802.0,510.65023961481484
2024-06-26 08:37:31+08:00,1803.0,510.5894452
2024-06-26 08:37:32+08:00,1804.0,510.5074022518519
2024-06-26 08:37:33+08:00,1805.0,510.4058814814815
2024-06-26 08:37:34+08:00,1806.0,510.2866536
2024-06-26 08:37:35+08:00,1807.0,510.15148931851854
2024-06-26 08:37:36+08:00,1808.0,510.00215934814815
2024-06-26 08:37:37+08:00,1809.0,509.8404344
2024-06-26 08:37:38+08:00,1810.0,509.6680851851852
2024-06-26 08:37:39+08:00,1811.0,509.48688241481483
2024-06-26 08:37:40+08:00,1812.0,509.2985968
2024-06-26 08:37:41+08:00,1813.0,509.1049990518519
2024-06-26 08:37:42+08:00,1814.0,508.9078598814815
2024-06-26 08:37:43+08:00,1815.0,508.7089500000001
2024-06-26 08:37:44+08:00,1816.0,508.51004011851853
2024-06-26 08:37:45+08:00,1817.0,508.3129009481481
2024-06-26 08:37:46+08:00,1818.0,508.1193032
2024-06-26 08:37:47+08:00,1819.0,507.9310175851852
2024-06-26 08:37:48+08:00,1820.0,507.74981481481484
2024-06-26 08:37:49+08:00,1821.0,507.57746560000004
2024-06-26 08:37:50+08:00,1822.0,507.4157406518519
2024-06-26 08:37:51+08:00,1823.0,507.2664106814815
2024-06-26 08:37:52+08:00,1824.0,507.1312464
2024-06-26 08:37:53+08:00,1825.0,507.0120185185186
2024-06-26 08:37:54+08:00,1826.0,506.9104977481482
2024-06-26 08:37:55+08:00,1827.0,506.82845480000003
2024-06-26 08:37:56+08:00,1828.0,506.7676603851852
2024-06-26 08:37:57+08:00,1829.0,506.72988521481483
2024-06-26 08:37:58+08:00,1830.0,506.7169
2024-06-26 08:37:59+08:00,1831.0,506.7373684740741
2024-06-26 08:38:00+08:00,1832.0,506.7969131259259
2024-06-26 08:38:01+08:00,1833.0,506.8927428
2024-06-26 08:38:02+08:00,1834.0,507.02206634074076
2024-06-26 08:38:03+08:00,1835.0,507.1820925925926
2024-06-26 08:38:04+08:00,1836.0,507.3700304
2024-06-26 08:38:05+08:00,1837.0,507.58308860740743
2024-06-26 08:38:06+08:00,1838.0,507.8184760592593
2024-06-26 08:38:07+08:00,1839.0,508.0734016
2024-06-26 08:38:08+08:00,1840.0,508.3450740740741
2024-06-26 08:38:09+08:00,1841.0,508.63070232592594
2024-06-26 08:38:10+08:00,1842.0,508.9274952
2024-06-26 08:38:11+08:00,1843.0,509.23266154074076
2024-06-26 08:38:12+08:00,1844.0,509.5434101925926
2024-06-26 08:38:13+08:00,1845.0,509.85695000000004
2024-06-26 08:38:14+08:00,1846.0,510.1704898074075
2024-06-26 08:38:15+08:00,1847.0,510.4812384592593
2024-06-26 08:38:16+08:00,1848.0,510.7864048000001
2024-06-26 08:38:17+08:00,1849.0,511.08319767407414
2024-06-26 08:38:18+08:00,1850.0,511.36882592592605
2024-06-26 08:38:19+08:00,1851.0,511.6404984
2024-06-26 08:38:20+08:00,1852.0,511.8954239407408
2024-06-26 08:38:21+08:00,1853.0,512.1308113925926
2024-06-26 08:38:22+08:00,1854.0,512.3438696000001
2024-06-26 08:38:23+08:00,1855.0,512.5318074074074
2024-06-26 08:38:24+08:00,1856.0,512.6918336592593
2024-06-26 08:38:25+08:00,1857.0,512.8211572000001
2024-06-26 08:38:26+08:00,1858.0,512.9169868740742
2024-06-26 08:38:27+08:00,1859.0,512.976531525926
2024-06-26 08:38:28+08:00,1860.0,512.9970000000001
2024-06-26 08:38:29+08:00,1861.0,512.9815951567417
2024-06-26 08:38:30+08:00,1862.0,512.9363123907877
2024-06-26 08:38:31+08:00,1863.0,512.8625493478696
2024-06-26 08:38:32+08:00,1864.0,512.7617036737191
2024-06-26 08:38:33+08:00,1865.0,512.6351730140678
2024-06-26 08:38:34+08:00,1866.0,512.4843550146473
2024-06-26 08:38:35+08:00,1867.0,512.3106473211892
2024-06-26 08:38:36+08:00,1868.0,512.1154475794252
2024-06-26 08:38:37+08:00,1869.0,511.90015343508685
2024-06-26 08:38:38+08:00,1870.0,511.6661625339058
2024-06-26 08:38:39+08:00,1871.0,511.4148725216135
2024-06-26 08:38:40+08:00,1872.0,511.1476810439418
2024-06-26 08:38:41+08:00,1873.0,510.86598574662224
2024-06-26 08:38:42+08:00,1874.0,510.5711842753864
2024-06-26 08:38:43+08:00,1875.0,510.2646742759659
2024-06-26 08:38:44+08:00,1876.0,509.94785339409236
2024-06-26 08:38:45+08:00,1877.0,509.6221192754974
2024-06-26 08:38:46+08:00,1878.0,509.2888695659127
2024-06-26 08:38:47+08:00,1879.0,508.9495019110698
2024-06-26 08:38:48+08:00,1880.0,508.60541395670026
2024-06-26 08:38:49+08:00,1881.0,508.25800334853585
2024-06-26 08:38:50+08:00,1882.0,507.9086677323081
2024-06-26 08:38:51+08:00,1883.0,507.55880475374863
2024-06-26 08:38:52+08:00,1884.0,507.209812058589
2024-06-26 08:38:53+08:00,1885.0,506.863087292561
2024-06-26 08:38:54+08:00,1886.0,506.52002810139606
2024-06-26 08:38:55+08:00,1887.0,506.18203213082586
2024-06-26 08:38:56+08:00,1888.0,505.8504970265821
2024-06-26 08:38:57+08:00,1889.0,505.52682043439626
2024-06-26 08:38:58+08:00,1890.0,505.2124
2024-06-26 08:38:59+08:00,1891.0,504.8859160693075
2024-06-26 08:39:00+08:00,1892.0,504.52714566971423
2024-06-26 08:39:01+08:00,1893.0,504.1391314691741
2024-06-26 08:39:02+08:00,1894.0,503.72491613564097
2024-06-26 08:39:03+08:00,1895.0,503.28754233706866
2024-06-26 08:39:04+08:00,1896.0,502.83005274141095
2024-06-26 08:39:05+08:00,1897.0,502.35549001662173
2024-06-26 08:39:06+08:00,1898.0,501.86689683065487
2024-06-26 08:39:07+08:00,1899.0,501.3673158514641
2024-06-26 08:39:08+08:00,1900.0,500.85978974700345
2024-06-26 08:39:09+08:00,1901.0,500.34736118522653
2024-06-26 08:39:10+08:00,1902.0,499.8330728340873
2024-06-26 08:39:11+08:00,1903.0,499.3199673615396
2024-06-26 08:39:12+08:00,1904.0,498.8110874355373
2024-06-26 08:39:13+08:00,1905.0,498.3094757240341
2024-06-26 08:39:14+08:00,1906.0,497.818174894984
2024-06-26 08:39:15+08:00,1907.0,497.34022761634077
2024-06-26 08:39:16+08:00,1908.0,496.8786765560582
2024-06-26 08:39:17+08:00,1909.0,496.43656438209024
2024-06-26 08:39:18+08:00,1910.0,496.0169337623906
2024-06-26 08:39:19+08:00,1911.0,495.6228273649132
2024-06-26 08:39:20+08:00,1912.0,495.25728785761186
2024-06-26 08:39:21+08:00,1913.0,494.92335790844044
2024-06-26 08:39:22+08:00,1914.0,494.62408018535274
2024-06-26 08:39:23+08:00,1915.0,494.3624973563026
2024-06-26 08:39:24+08:00,1916.0,494.1416520892439
2024-06-26 08:39:25+08:00,1917.0,493.9645870521304
2024-06-26 08:39:26+08:00,1918.0,493.8343449129161
2024-06-26 08:39:27+08:00,1919.0,493.75396833955466
2024-06-26 08:39:28+08:00,1920.0,493.7265
2024-06-26 08:39:29+08:00,1921.0,493.74060348473637
2024-06-26 08:39:30+08:00,1922.0,493.7817244467978
2024-06-26 08:39:31+08:00,1923.0,493.8480786479631
2024-06-26 08:39:32+08:00,1924.0,493.93788185001097
2024-06-26 08:39:33+08:00,1925.0,494.0493498147201
2024-06-26 08:39:34+08:00,1926.0,494.180698303869
2024-06-26 08:39:35+08:00,1927.0,494.3301430792365
2024-06-26 08:39:36+08:00,1928.0,494.49589990260137
2024-06-26 08:39:37+08:00,1929.0,494.6761845357421
2024-06-26 08:39:38+08:00,1930.0,494.8692127404375
2024-06-26 08:39:39+08:00,1931.0,495.07320027846623
2024-06-26 08:39:40+08:00,1932.0,495.286362911607
2024-06-26 08:39:41+08:00,1933.0,495.5069164016384
2024-06-26 08:39:42+08:00,1934.0,495.73307651033934
2024-06-26 08:39:43+08:00,1935.0,495.9630589994883
2024-06-26 08:39:44+08:00,1936.0,496.195079630864
2024-06-26 08:39:45+08:00,1937.0,496.42735416624515
2024-06-26 08:39:46+08:00,1938.0,496.6580983674105
2024-06-26 08:39:47+08:00,1939.0,496.88552799613865
2024-06-26 08:39:48+08:00,1940.0,497.1078588142083
2024-06-26 08:39:49+08:00,1941.0,497.3233065833982
2024-06-26 08:39:50+08:00,1942.0,497.530087065487
2024-06-26 08:39:51+08:00,1943.0,497.7264160222533
2024-06-26 08:39:52+08:00,1944.0,497.910509215476
2024-06-26 08:39:53+08:00,1945.0,498.0805824069336
2024-06-26 08:39:54+08:00,1946.0,498.23485135840485
2024-06-26 08:39:55+08:00,1947.0,498.3715318316684
2024-06-26 08:39:56+08:00,1948.0,498.48883958850297
2024-06-26 08:39:57+08:00,1949.0,498.58499039068727
2024-06-26 08:39:58+08:00,1950.0,498.65819999999997
2024-06-26 08:39:59+08:00,1951.0,498.71900812783116
2024-06-26 08:40:00+08:00,1952.0,498.77908189297847
2024-06-26 08:40:01+08:00,1953.0,498.83832816833154
2024-06-26 08:40:02+08:00,1954.0,498.8966538267803
2024-06-26 08:40:03+08:00,1955.0,498.95396574121446
2024-06-26 08:40:04+08:00,1956.0,499.01017078452395
2024-06-26 08:40:05+08:00,1957.0,499.06517582959845
2024-06-26 08:40:06+08:00,1958.0,499.11888774932777
2024-06-26 08:40:07+08:00,1959.0,499.17121341660174
2024-06-26 08:40:08+08:00,1960.0,499.2220597043102
2024-06-26 08:40:09+08:00,1961.0,499.2713334853427
2024-06-26 08:40:10+08:00,1962.0,499.31894163258943
2024-06-26 08:40:11+08:00,1963.0,499.3647910189399
2024-06-26 08:40:12+08:00,1964.0,499.4087885172841
2024-06-26 08:40:13+08:00,1965.0,499.4508410005117
2024-06-26 08:40:14+08:00,1966.0,499.4908553415125
2024-06-26 08:40:15+08:00,1967.0,499.52873841317626
2024-06-26 08:40:16+08:00,1968.0,499.564397088393
2024-06-26 08:40:17+08:00,1969.0,499.5977382400522
2024-06-26 08:40:18+08:00,1970.0,499.62866874104395
2024-06-26 08:40:19+08:00,1971.0,499.6570954642579
2024-06-26 08:40:20+08:00,1972.0,499.6829252825839
2024-06-26 08:40:21+08:00,1973.0,499.70606506891164
2024-06-26 08:40:22+08:00,1974.0,499.72642169613096
2024-06-26 08:40:23+08:00,1975.0,499.74390203713176
2024-06-26 08:40:24+08:00,1976.0,499.7584129648038
2024-06-26 08:40:25+08:00,1977.0,499.76986135203686
2024-06-26 08:40:26+08:00,1978.0,499.7781540717207
2024-06-26 08:40:27+08:00,1979.0,499.7831979967452
2024-06-26 08:40:28+08:00,1980.0,499.7849
2024-06-26 08:40:29+08:00,1981.0,499.7559101925926
2024-06-26 08:40:30+08:00,1982.0,499.6715762074074
2024-06-26 08:40:31+08:00,1983.0,499.53585119999997
2024-06-26 08:40:32+08:00,1984.0,499.3526883259259
2024-06-26 08:40:33+08:00,1985.0,499.12604074074073
2024-06-26 08:40:34+08:00,1986.0,498.8598616
2024-06-26 08:40:35+08:00,1987.0,498.5581040592592
2024-06-26 08:40:36+08:00,1988.0,498.22472127407406
2024-06-26 08:40:37+08:00,1989.0,497.8636664
2024-06-26 08:40:38+08:00,1990.0,497.47889259259256
2024-06-26 08:40:39+08:00,1991.0,497.0743530074074
2024-06-26 08:40:40+08:00,1992.0,496.6540008
2024-06-26 08:40:41+08:00,1993.0,496.2217891259259
2024-06-26 08:40:42+08:00,1994.0,495.78167114074074
2024-06-26 08:40:43+08:00,1995.0,495.3376
2024-06-26 08:40:44+08:00,1996.0,494.8935288592593
2024-06-26 08:40:45+08:00,1997.0,494.45341087407405
2024-06-26 08:40:46+08:00,1998.0,494.02119919999996
2024-06-26 08:40:47+08:00,1999.0,493.6008469925926
2024-06-26 08:40:48+08:00,2000.0,493.19630740740735
2024-06-26 08:40:49+08:00,2001.0,492.81153359999996
2024-06-26 08:40:50+08:00,2002.0,492.4504787259259
2024-06-26 08:40:51+08:00,2003.0,492.1170959407407
2024-06-26 08:40:52+08:00,2004.0,491.8153384
2024-06-26 08:40:53+08:00,2005.0,491.5491592592592
2024-06-26 08:40:54+08:00,2006.0,491.322511674074
2024-06-26 08:40:55+08:00,2007.0,491.1393488
2024-06-26 08:40:56+08:00,2008.0,491.0036237925926
2024-06-26 08:40:57+08:00,2009.0,490.9192898074074
2024-06-26 08:40:58+08:00,2010.0,490.89029999999997
2024-06-26 08:40:59+08:00,2011.0,490.92708563341785
2024-06-26 08:41:00+08:00,2012.0,491.03476404017323
2024-06-26 08:41:01+08:00,2013.0,491.2093174800188
2024-06-26 08:41:02+08:00,2014.0,491.44672821270706
2024-06-26 08:41:03+08:00,2015.0,491.7429784979907
2024-06-26 08:41:04+08:00,2016.0,492.0940505956224
2024-06-26 08:41:05+08:00,2017.0,492.4959267653547
2024-06-26 08:41:06+08:00,2018.0,492.94458926694017
2024-06-26 08:41:07+08:00,2019.0,493.4360203601316
2024-06-26 08:41:08+08:00,2020.0,493.9662023046815
2024-06-26 08:41:09+08:00,2021.0,494.5311173603424
2024-06-26 08:41:10+08:00,2022.0,495.12674778686716
2024-06-26 08:41:11+08:00,2023.0,495.74907584400825
2024-06-26 08:41:12+08:00,2024.0,496.3940837915183
2024-06-26 08:41:13+08:00,2025.0,497.05775388915
2024-06-26 08:41:14+08:00,2026.0,497.7360683966558
2024-06-26 08:41:15+08:00,2027.0,498.42500957378854
2024-06-26 08:41:16+08:00,2028.0,499.12055968030074
2024-06-26 08:41:17+08:00,2029.0,499.81870097594503
2024-06-26 08:41:18+08:00,2030.0,500.51541572047404
2024-06-26 08:41:19+08:00,2031.0,501.2066861736404
2024-06-26 08:41:20+08:00,2032.0,501.8884945951966
2024-06-26 08:41:21+08:00,2033.0,502.5568232448955
2024-06-26 08:41:22+08:00,2034.0,503.2076543824896
2024-06-26 08:41:23+08:00,2035.0,503.83697026773143
2024-06-26 08:41:24+08:00,2036.0,504.44075316037384
2024-06-26 08:41:25+08:00,2037.0,505.01498532016916
2024-06-26 08:41:26+08:00,2038.0,505.5556490068703
2024-06-26 08:41:27+08:00,2039.0,506.0587264802296
2024-06-26 08:41:28+08:00,2040.0,506.5202
2024-06-26 08:41:29+08:00,2041.0,506.96786762347404
2024-06-26 08:41:30+08:00,2042.0,507.430782489426
2024-06-26 08:41:31+08:00,2043.0,507.90680947983077
2024-06-26 08:41:32+08:00,2044.0,508.39381347666324
2024-06-26 08:41:33+08:00,2045.0,508.88965936189817
2024-06-26 08:41:34+08:00,2046.0,509.3922120175104
2024-06-26 08:41:35+08:00,2047.0,509.89933632547485
2024-06-26 08:41:36+08:00,2048.0,510.40889716776627
2024-06-26 08:41:37+08:00,2049.0,510.9187594263596
2024-06-26 08:41:38+08:00,2050.0,511.42678798322964
2024-06-26 08:41:39+08:00,2051.0,511.9308477203512
2024-06-26 08:41:40+08:00,2052.0,512.4288035196992
2024-06-26 08:41:41+08:00,2053.0,512.9185202632484
2024-06-26 08:41:42+08:00,2054.0,513.3978628329737
2024-06-26 08:41:43+08:00,2055.0,513.8646961108499
2024-06-26 08:41:44+08:00,2056.0,514.3168849788519
2024-06-26 08:41:45+08:00,2057.0,514.7522943189546
2024-06-26 08:41:46+08:00,2058.0,515.1687890131327
2024-06-26 08:41:47+08:00,2059.0,515.5642339433613
2024-06-26 08:41:48+08:00,2060.0,515.9364939916148
2024-06-26 08:41:49+08:00,2061.0,516.2834340398684
2024-06-26 08:41:50+08:00,2062.0,516.6029189700968
2024-06-26 08:41:51+08:00,2063.0,516.892813664275
2024-06-26 08:41:52+08:00,2064.0,517.1509830043776
2024-06-26 08:41:53+08:00,2065.0,517.3752918723795
2024-06-26 08:41:54+08:00,2066.0,517.5636051502557
2024-06-26 08:41:55+08:00,2067.0,517.7137877199812
2024-06-26 08:41:56+08:00,2068.0,517.8237044635304
2024-06-26 08:41:57+08:00,2069.0,517.8912202628784
2024-06-26 08:41:58+08:00,2070.0,517.9141999999999
2024-06-26 08:41:59+08:00,2071.0,517.8662156140111
2024-06-26 08:42:00+08:00,2072.0,517.726105313882
2024-06-26 08:42:01+08:00,2073.0,517.4996333863692
2024-06-26 08:42:02+08:00,2074.0,517.1925641182287
2024-06-26 08:42:03+08:00,2075.0,516.810661796217
2024-06-26 08:42:04+08:00,2076.0,516.3596907070905
2024-06-26 08:42:05+08:00,2077.0,515.8454151376054
2024-06-26 08:42:06+08:00,2078.0,515.273599374518
2024-06-26 08:42:07+08:00,2079.0,514.6500077045846
2024-06-26 08:42:08+08:00,2080.0,513.9804044145615
2024-06-26 08:42:09+08:00,2081.0,513.2705537912051
2024-06-26 08:42:10+08:00,2082.0,512.5262201212716
2024-06-26 08:42:11+08:00,2083.0,511.7531676915176
2024-06-26 08:42:12+08:00,2084.0,510.95716078869907
2024-06-26 08:42:13+08:00,2085.0,510.1439636995725
2024-06-26 08:42:14+08:00,2086.0,509.3193407108942
2024-06-26 08:42:15+08:00,2087.0,508.48905610942046
2024-06-26 08:42:16+08:00,2088.0,507.65887418190755
2024-06-26 08:42:17+08:00,2089.0,506.8345592151118
2024-06-26 08:42:18+08:00,2090.0,506.0218754957897
2024-06-26 08:42:19+08:00,2091.0,505.2265873106973
2024-06-26 08:42:20+08:00,2092.0,504.45445894659105
2024-06-26 08:42:21+08:00,2093.0,503.7112546902273
2024-06-26 08:42:22+08:00,2094.0,503.0027388283623
2024-06-26 08:42:23+08:00,2095.0,502.3346756477523
2024-06-26 08:42:24+08:00,2096.0,501.7128294351538
2024-06-26 08:42:25+08:00,2097.0,501.142964477323
2024-06-26 08:42:26+08:00,2098.0,500.6308450610162
2024-06-26 08:42:27+08:00,2099.0,500.18223547298976
2024-06-26 08:42:28+08:00,2100.0,499.80289999999997
2024-06-26 08:42:29+08:00,2101.0,499.45919246775094
2024-06-26 08:42:30+08:00,2102.0,499.114227798243
2024-06-26 08:42:31+08:00,2103.0,498.7689119226769
2024-06-26 08:42:32+08:00,2104.0,498.4241507722535
2024-06-26 08:42:33+08:00,2105.0,498.0808502781735
2024-06-26 08:42:34+08:00,2106.0,497.73991637163766
2024-06-26 08:42:35+08:00,2107.0,497.4022549838467
2024-06-26 08:42:36+08:00,2108.0,497.06877204600147
2024-06-26 08:42:37+08:00,2109.0,496.74037348930267
2024-06-26 08:42:38+08:00,2110.0,496.417965244951
2024-06-26 08:42:39+08:00,2111.0,496.1024532441473
2024-06-26 08:42:40+08:00,2112.0,495.79474341809237
2024-06-26 08:42:41+08:00,2113.0,495.4957416979869
2024-06-26 08:42:42+08:00,2114.0,495.20635401503165
2024-06-26 08:42:43+08:00,2115.0,494.92748630042746
2024-06-26 08:42:44+08:00,2116.0,494.66004448537495
2024-06-26 08:42:45+08:00,2117.0,494.40493450107493
2024-06-26 08:42:46+08:00,2118.0,494.1630622787283
2024-06-26 08:42:47+08:00,2119.0,493.9353337495356
2024-06-26 08:42:48+08:00,2120.0,493.72265484469773
2024-06-26 08:42:49+08:00,2121.0,493.5259314954154
2024-06-26 08:42:50+08:00,2122.0,493.34606963288945
2024-06-26 08:42:51+08:00,2123.0,493.1839751883205
2024-06-26 08:42:52+08:00,2124.0,493.0405540929094
2024-06-26 08:42:53+08:00,2125.0,492.91671227785696
2024-06-26 08:42:54+08:00,2126.0,492.8133556743638
2024-06-26 08:42:55+08:00,2127.0,492.7313902136308
2024-06-26 08:42:56+08:00,2128.0,492.67172182685863
2024-06-26 08:42:57+08:00,2129.0,492.6352564452481
2024-06-26 08:42:58+08:00,2130.0,492.6229
2024-06-26 08:42:59+08:00,2131.0,492.63850109629635
2024-06-26 08:43:00+08:00,2132.0,492.68388610370374
2024-06-26 08:43:01+08:00,2133.0,492.7569276
2024-06-26 08:43:02+08:00,2134.0,492.855498162963
2024-06-26 08:43:03+08:00,2135.0,492.9774703703704
2024-06-26 08:43:04+08:00,2136.0,493.1207168
2024-06-26 08:43:05+08:00,2137.0,493.28311002962965
2024-06-26 08:43:06+08:00,2138.0,493.46252263703707
2024-06-26 08:43:07+08:00,2139.0,493.6568272
2024-06-26 08:43:08+08:00,2140.0,493.86389629629633
2024-06-26 08:43:09+08:00,2141.0,494.0816025037037
2024-06-26 08:43:10+08:00,2142.0,494.30781840000003
2024-06-26 08:43:11+08:00,2143.0,494.54041656296295
2024-06-26 08:43:12+08:00,2144.0,494.77726957037044
2024-06-26 08:43:13+08:00,2145.0,495.01625
2024-06-26 08:43:14+08:00,2146.0,495.25523042962965
2024-06-26 08:43:15+08:00,2147.0,495.492083437037
2024-06-26 08:43:16+08:00,2148.0,495.7246816
2024-06-26 08:43:17+08:00,2149.0,495.9508974962963
2024-06-26 08:43:18+08:00,2150.0,496.16860370370375
2024-06-26 08:43:19+08:00,2151.0,496.3756728
2024-06-26 08:43:20+08:00,2152.0,496.56997736296296
2024-06-26 08:43:21+08:00,2153.0,496.7493899703704
2024-06-26 08:43:22+08:00,2154.0,496.9117832
2024-06-26 08:43:23+08:00,2155.0,497.05502962962964
2024-06-26 08:43:24+08:00,2156.0,497.17700183703704
2024-06-26 08:43:25+08:00,2157.0,497.27557240000004
2024-06-26 08:43:26+08:00,2158.0,497.3486138962963
2024-06-26 08:43:27+08:00,2159.0,497.3939989037037
2024-06-26 08:43:28+08:00,2160.0,497.4096
2024-06-26 08:43:29+08:00,2161.0,497.3509466962963
2024-06-26 08:43:30+08:00,2162.0,497.1803189037037
2024-06-26 08:43:31+08:00,2163.0,496.9057148
2024-06-26 08:43:32+08:00,2164.0,496.53513256296293
2024-06-26 08:43:33+08:00,2165.0,496.07657037037035
2024-06-26 08:43:34+08:00,2166.0,495.5380264
2024-06-26 08:43:35+08:00,2167.0,494.92749882962966
2024-06-26 08:43:36+08:00,2168.0,494.25298583703704
2024-06-26 08:43:37+08:00,2169.0,493.5224856
2024-06-26 08:43:38+08:00,2170.0,492.7439962962963
2024-06-26 08:43:39+08:00,2171.0,491.92551610370367
2024-06-26 08:43:40+08:00,2172.0,491.0750432
2024-06-26 08:43:41+08:00,2173.0,490.20057576296296
2024-06-26 08:43:42+08:00,2174.0,489.3101119703704
2024-06-26 08:43:43+08:00,2175.0,488.41165
2024-06-26 08:43:44+08:00,2176.0,487.51318802962965
2024-06-26 08:43:45+08:00,2177.0,486.62272423703706
2024-06-26 08:43:46+08:00,2178.0,485.74825680000004
2024-06-26 08:43:47+08:00,2179.0,484.89778389629635
2024-06-26 08:43:48+08:00,2180.0,484.0793037037037
2024-06-26 08:43:49+08:00,2181.0,483.3008144
2024-06-26 08:43:50+08:00,2182.0,482.570314162963
2024-06-26 08:43:51+08:00,2183.0,481.89580117037036
2024-06-26 08:43:52+08:00,2184.0,481.28527360000004
2024-06-26 08:43:53+08:00,2185.0,480.7467296296296
2024-06-26 08:43:54+08:00,2186.0,480.28816743703703
2024-06-26 08:43:55+08:00,2187.0,479.9175852
2024-06-26 08:43:56+08:00,2188.0,479.6429810962963
2024-06-26 08:43:57+08:00,2189.0,479.4723533037037
2024-06-26 08:43:58+08:00,2190.0,479.4137
2024-06-26 08:43:59+08:00,2191.0,479.43542344294826
2024-06-26 08:44:00+08:00,2192.0,479.4993900325359
2024-06-26 08:44:01+08:00,2193.0,479.60379415987705
2024-06-26 08:44:02+08:00,2194.0,479.74683021608587
2024-06-26 08:44:03+08:00,2195.0,479.9266925922764
2024-06-26 08:44:04+08:00,2196.0,480.1415756795629
2024-06-26 08:44:05+08:00,2197.0,480.3896738690595
2024-06-26 08:44:06+08:00,2198.0,480.6691815518803
2024-06-26 08:44:07+08:00,2199.0,480.97829311913944
2024-06-26 08:44:08+08:00,2200.0,481.3152029619511
2024-06-26 08:44:09+08:00,2201.0,481.6781054714295
2024-06-26 08:44:10+08:00,2202.0,482.06519503868867
2024-06-26 08:44:11+08:00,2203.0,482.4746660548428
2024-06-26 08:44:12+08:00,2204.0,482.904712911006
2024-06-26 08:44:13+08:00,2205.0,483.3535299982926
2024-06-26 08:44:14+08:00,2206.0,483.81931170781644
2024-06-26 08:44:15+08:00,2207.0,484.3002524306919
2024-06-26 08:44:16+08:00,2208.0,484.794546558033
2024-06-26 08:44:17+08:00,2209.0,485.300388480954
2024-06-26 08:44:18+08:00,2210.0,485.81597259056895
2024-06-26 08:44:19+08:00,2211.0,486.33949327799206
2024-06-26 08:44:20+08:00,2212.0,486.86914493433744
2024-06-26 08:44:21+08:00,2213.0,487.4031219507192
2024-06-26 08:44:22+08:00,2214.0,487.93961871825155
2024-06-26 08:44:23+08:00,2215.0,488.4768296280487
2024-06-26 08:44:24+08:00,2216.0,489.01294907122457
2024-06-26 08:44:25+08:00,2217.0,489.54617143889357
2024-06-26 08:44:26+08:00,2218.0,490.07469112216967
2024-06-26 08:44:27+08:00,2219.0,490.5967025121671
2024-06-26 08:44:28+08:00,2220.0,491.11039999999997
2024-06-26 08:44:29+08:00,2221.0,491.6576111470921
2024-06-26 08:44:30+08:00,2222.0,492.277116818571
2024-06-26 08:44:31+08:00,2223.0,492.9625413611064
2024-06-26 08:44:32+08:00,2224.0,493.70750912136793
2024-06-26 08:44:33+08:00,2225.0,494.50564444602537
2024-06-26 08:44:34+08:00,2226.0,495.35057168174836
2024-06-26 08:44:35+08:00,2227.0,496.2359151752067
2024-06-26 08:44:36+08:00,2228.0,497.15529927307
2024-06-26 08:44:37+08:00,2229.0,498.10234832200797
2024-06-26 08:44:38+08:00,2230.0,499.0706866686903
2024-06-26 08:44:39+08:00,2231.0,500.05393865978675
2024-06-26 08:44:40+08:00,2232.0,501.04572864196695
2024-06-26 08:44:41+08:00,2233.0,502.0396809619007
2024-06-26 08:44:42+08:00,2234.0,503.02941996625765
2024-06-26 08:44:43+08:00,2235.0,504.0085700017074
2024-06-26 08:44:44+08:00,2236.0,504.97075541491984
2024-06-26 08:44:45+08:00,2237.0,505.90960055256454
2024-06-26 08:44:46+08:00,2238.0,506.81872976131126
2024-06-26 08:44:47+08:00,2239.0,507.6917673878297
2024-06-26 08:44:48+08:00,2240.0,508.5223377787895
2024-06-26 08:44:49+08:00,2241.0,509.3040652808605
2024-06-26 08:44:50+08:00,2242.0,510.03057424071227
2024-06-26 08:44:51+08:00,2243.0,510.6954890050146
2024-06-26 08:44:52+08:00,2244.0,511.2924339204371
2024-06-26 08:44:53+08:00,2245.0,511.8150333336496
2024-06-26 08:44:54+08:00,2246.0,512.2569115913216
2024-06-26 08:44:55+08:00,2247.0,512.6116930401229
2024-06-26 08:44:56+08:00,2248.0,512.8730020267234
2024-06-26 08:44:57+08:00,2249.0,513.0344628977924
2024-06-26 08:44:58+08:00,2250.0,513.0897
2024-06-26 08:44:59+08:00,2251.0,513.0616403851852
2024-06-26 08:45:00+08:00,2252.0,512.9800124148148
2024-06-26 08:45:01+08:00,2253.0,512.8486424
2024-06-26 08:45:02+08:00,2254.0,512.6713566518519
2024-06-26 08:45:03+08:00,2255.0,512.4519814814814
2024-06-26 08:45:04+08:00,2256.0,512.1943432
2024-06-26 08:45:05+08:00,2257.0,511.9022681185185
2024-06-26 08:45:06+08:00,2258.0,511.57958254814815
2024-06-26 08:45:07+08:00,2259.0,511.23011280000003
2024-06-26 08:45:08+08:00,2260.0,510.8576851851852
2024-06-26 08:45:09+08:00,2261.0,510.4661260148148
2024-06-26 08:45:10+08:00,2262.0,510.0592616
2024-06-26 08:45:11+08:00,2263.0,509.6409182518518
2024-06-26 08:45:12+08:00,2264.0,509.21492228148145
2024-06-26 08:45:13+08:00,2265.0,508.78509999999994
2024-06-26 08:45:14+08:00,2266.0,508.3552777185185
2024-06-26 08:45:15+08:00,2267.0,507.9292817481482
2024-06-26 08:45:16+08:00,2268.0,507.5109384
2024-06-26 08:45:17+08:00,2269.0,507.10407398518515
2024-06-26 08:45:18+08:00,2270.0,506.7125148148148
2024-06-26 08:45:19+08:00,2271.0,506.3400872
2024-06-26 08:45:20+08:00,2272.0,505.99061745185185
2024-06-26 08:45:21+08:00,2273.0,505.6679318814815
2024-06-26 08:45:22+08:00,2274.0,505.3758568
2024-06-26 08:45:23+08:00,2275.0,505.1182185185185
2024-06-26 08:45:24+08:00,2276.0,504.89884334814815
2024-06-26 08:45:25+08:00,2277.0,504.7215576
2024-06-26 08:45:26+08:00,2278.0,504.5901875851852
2024-06-26 08:45:27+08:00,2279.0,504.5085596148148
2024-06-26 08:45:28+08:00,2280.0,504.4805
2024-06-26 08:45:29+08:00,2281.0,504.5218378370371
2024-06-26 08:45:30+08:00,2282.0,504.64209336296295
2024-06-26 08:45:31+08:00,2283.0,504.8356296
2024-06-26 08:45:32+08:00,2284.0,505.0968095703704
2024-06-26 08:45:33+08:00,2285.0,505.4199962962963
2024-06-26 08:45:34+08:00,2286.0,505.7995528
2024-06-26 08:45:35+08:00,2287.0,506.22984210370373
2024-06-26 08:45:36+08:00,2288.0,506.70522722962966
2024-06-26 08:45:37+08:00,2289.0,507.2200712
2024-06-26 08:45:38+08:00,2290.0,507.76873703703706
2024-06-26 08:45:39+08:00,2291.0,508.34558776296296
2024-06-26 08:45:40+08:00,2292.0,508.9449864
2024-06-26 08:45:41+08:00,2293.0,509.5612959703704
2024-06-26 08:45:42+08:00,2294.0,510.18887949629635
2024-06-26 08:45:43+08:00,2295.0,510.8221000000001
2024-06-26 08:45:44+08:00,2296.0,511.4553205037038
2024-06-26 08:45:45+08:00,2297.0,512.0829040296296
2024-06-26 08:45:46+08:00,2298.0,512.6992136000001
2024-06-26 08:45:47+08:00,2299.0,513.2986122370371
2024-06-26 08:45:48+08:00,2300.0,513.8754629629631
2024-06-26 08:45:49+08:00,2301.0,514.4241288
2024-06-26 08:45:50+08:00,2302.0,514.9389727703705
2024-06-26 08:45:51+08:00,2303.0,515.4143578962963
2024-06-26 08:45:52+08:00,2304.0,515.8446472000002
2024-06-26 08:45:53+08:00,2305.0,516.2242037037037
2024-06-26 08:45:54+08:00,2306.0,516.5473904296297
2024-06-26 08:45:55+08:00,2307.0,516.8085704000001
2024-06-26 08:45:56+08:00,2308.0,517.0021066370371
2024-06-26 08:45:57+08:00,2309.0,517.122362162963
2024-06-26 08:45:58+08:00,2310.0,517.1637000000001
2024-06-26 08:45:59+08:00,2311.0,517.0560091851852
2024-06-26 08:46:00+08:00,2312.0,516.7427268148149
2024-06-26 08:46:01+08:00,2313.0,516.2385380000001
2024-06-26 08:46:02+08:00,2314.0,515.558127851852
2024-06-26 08:46:03+08:00,2315.0,514.7161814814815
2024-06-26 08:46:04+08:00,2316.0,513.7273840000001
2024-06-26 08:46:05+08:00,2317.0,512.6064205185186
2024-06-26 08:46:06+08:00,2318.0,511.3679761481482
2024-06-26 08:46:07+08:00,2319.0,510.0267360000001
2024-06-26 08:46:08+08:00,2320.0,508.5973851851852
2024-06-26 08:46:09+08:00,2321.0,507.0946088148149
2024-06-26 08:46:10+08:00,2322.0,505.533092
2024-06-26 08:46:11+08:00,2323.0,503.9275198518519
2024-06-26 08:46:12+08:00,2324.0,502.2925774814815
2024-06-26 08:46:13+08:00,2325.0,500.64295000000004
2024-06-26 08:46:14+08:00,2326.0,498.99332251851854
2024-06-26 08:46:15+08:00,2327.0,497.35838014814817
2024-06-26 08:46:16+08:00,2328.0,495.752808
2024-06-26 08:46:17+08:00,2329.0,494.19129118518526
2024-06-26 08:46:18+08:00,2330.0,492.6885148148148
2024-06-26 08:46:19+08:00,2331.0,491.259164
2024-06-26 08:46:20+08:00,2332.0,489.91792385185187
2024-06-26 08:46:21+08:00,2333.0,488.6794794814815
2024-06-26 08:46:22+08:00,2334.0,487.55851600000005
2024-06-26 08:46:23+08:00,2335.0,486.5697185185185
2024-06-26 08:46:24+08:00,2336.0,485.7277721481482
2024-06-26 08:46:25+08:00,2337.0,485.047362
2024-06-26 08:46:26+08:00,2338.0,484.5431731851852
2024-06-26 08:46:27+08:00,2339.0,484.2298908148148
2024-06-26 08:46:28+08:00,2340.0,484.1222
2024-06-26 08:46:29+08:00,2341.0,484.2143937656909
2024-06-26 08:46:30+08:00,2342.0,484.48314108741897
2024-06-26 08:46:31+08:00,2343.0,484.916691002168
2024-06-26 08:46:32+08:00,2344.0,485.50329254692133
2024-06-26 08:46:33+08:00,2345.0,486.2311947586625
2024-06-26 08:46:34+08:00,2346.0,487.08864667437507
2024-06-26 08:46:35+08:00,2347.0,488.0638973310424
2024-06-26 08:46:36+08:00,2348.0,489.1451957656482
2024-06-26 08:46:37+08:00,2349.0,490.32079101517587
2024-06-26 08:46:38+08:00,2350.0,491.57893211660894
2024-06-26 08:46:39+08:00,2351.0,492.9078681069308
2024-06-26 08:46:40+08:00,2352.0,494.29584802312513
2024-06-26 08:46:41+08:00,2353.0,495.73112090217535
2024-06-26 08:46:42+08:00,2354.0,497.20193578106495
2024-06-26 08:46:43+08:00,2355.0,498.6965416967775
2024-06-26 08:46:44+08:00,2356.0,500.2031876862965
2024-06-26 08:46:45+08:00,2357.0,501.7101227866054
2024-06-26 08:46:46+08:00,2358.0,503.2055960346877
2024-06-26 08:46:47+08:00,2359.0,504.67785646752696
2024-06-26 08:46:48+08:00,2360.0,506.1151531221066
2024-06-26 08:46:49+08:00,2361.0,507.50573503541034
2024-06-26 08:46:50+08:00,2362.0,508.83785124442153
2024-06-26 08:46:51+08:00,2363.0,510.0997507861236
2024-06-26 08:46:52+08:00,2364.0,511.2796826975001
2024-06-26 08:46:53+08:00,2365.0,512.3658960155348
2024-06-26 08:46:54+08:00,2366.0,513.3466397772107
2024-06-26 08:46:55+08:00,2367.0,514.2101630195119
2024-06-26 08:46:56+08:00,2368.0,514.9447147794214
2024-06-26 08:46:57+08:00,2369.0,515.538544093923
2024-06-26 08:46:58+08:00,2370.0,515.9799
2024-06-26 08:46:59+08:00,2371.0,516.3387008245955
2024-06-26 08:47:00+08:00,2372.0,516.6923699020601
2024-06-26 08:47:01+08:00,2373.0,517.0404137804883
2024-06-26 08:47:02+08:00,2374.0,517.3823390079745
2024-06-26 08:47:03+08:00,2375.0,517.7176521326135
2024-06-26 08:47:04+08:00,2376.0,518.0458597024999
2024-06-26 08:47:05+08:00,2377.0,518.3664682657284
2024-06-26 08:47:06+08:00,2378.0,518.6789843703934
2024-06-26 08:47:07+08:00,2379.0,518.9829145645897
2024-06-26 08:47:08+08:00,2380.0,519.2777653964118
2024-06-26 08:47:09+08:00,2381.0,519.5630434139546
2024-06-26 08:47:10+08:00,2382.0,519.8382551653124
2024-06-26 08:47:11+08:00,2383.0,520.1029071985798
2024-06-26 08:47:12+08:00,2384.0,520.3565060618516
2024-06-26 08:47:13+08:00,2385.0,520.5985583032225
2024-06-26 08:47:14+08:00,2386.0,520.828570470787
2024-06-26 08:47:15+08:00,2387.0,521.0460491126395
2024-06-26 08:47:16+08:00,2388.0,521.2505007768749
2024-06-26 08:47:17+08:00,2389.0,521.4414320115877
2024-06-26 08:47:18+08:00,2390.0,521.6183493648726
2024-06-26 08:47:19+08:00,2391.0,521.7807593848241
2024-06-26 08:47:20+08:00,2392.0,521.9281686195369
2024-06-26 08:47:21+08:00,2393.0,522.0600836171058
2024-06-26 08:47:22+08:00,2394.0,522.176010925625
2024-06-26 08:47:23+08:00,2395.0,522.2754570931894
2024-06-26 08:47:24+08:00,2396.0,522.3579286678935
2024-06-26 08:47:25+08:00,2397.0,522.422932197832
2024-06-26 08:47:26+08:00,2398.0,522.4699742310995
2024-06-26 08:47:27+08:00,2399.0,522.4985613157907
2024-06-26 08:47:28+08:00,2400.0,522.5082
2024-06-26 08:47:29+08:00,2401.0,522.3964807407408
2024-06-26 08:47:30+08:00,2402.0,522.0714792592593
2024-06-26 08:47:31+08:00,2403.0,521.5484299999999
2024-06-26 08:47:32+08:00,2404.0,520.8425674074074
2024-06-26 08:47:33+08:00,2405.0,519.9691259259259
2024-06-26 08:47:34+08:00,2406.0,518.94334
2024-06-26 08:47:35+08:00,2407.0,517.780444074074
2024-06-26 08:47:36+08:00,2408.0,516.4956725925925
2024-06-26 08:47:37+08:00,2409.0,515.1042600000001
2024-06-26 08:47:38+08:00,2410.0,513.6214407407407
2024-06-26 08:47:39+08:00,2411.0,512.0624492592593
2024-06-26 08:47:40+08:00,2412.0,510.44252
2024-06-26 08:47:41+08:00,2413.0,508.7768874074074
2024-06-26 08:47:42+08:00,2414.0,507.0807859259259
2024-06-26 08:47:43+08:00,2415.0,505.36945
2024-06-26 08:47:44+08:00,2416.0,503.65811407407404
2024-06-26 08:47:45+08:00,2417.0,501.9620125925926
2024-06-26 08:47:46+08:00,2418.0,500.29638000000006
2024-06-26 08:47:47+08:00,2419.0,498.67645074074073
2024-06-26 08:47:48+08:00,2420.0,497.11745925925925
2024-06-26 08:47:49+08:00,2421.0,495.63464000000005
2024-06-26 08:47:50+08:00,2422.0,494.2432274074074
2024-06-26 08:47:51+08:00,2423.0,492.95845592592593
2024-06-26 08:47:52+08:00,2424.0,491.79556
2024-06-26 08:47:53+08:00,2425.0,490.7697740740741
2024-06-26 08:47:54+08:00,2426.0,489.8963325925926
2024-06-26 08:47:55+08:00,2427.0,489.19047
2024-06-26 08:47:56+08:00,2428.0,488.66742074074074
2024-06-26 08:47:57+08:00,2429.0,488.34241925925926
2024-06-26 08:47:58+08:00,2430.0,488.2307
2024-06-26 08:47:59+08:00,2431.0,488.26601635555556
2024-06-26 08:48:00+08:00,2432.0,488.3687548444445
2024-06-26 08:48:01+08:00,2433.0,488.5340996
2024-06-26 08:48:02+08:00,2434.0,488.75723475555554
2024-06-26 08:48:03+08:00,2435.0,489.0333444444445
2024-06-26 08:48:04+08:00,2436.0,489.35761279999997
2024-06-26 08:48:05+08:00,2437.0,489.7252239555556
2024-06-26 08:48:06+08:00,2438.0,490.1313620444445
2024-06-26 08:48:07+08:00,2439.0,490.5712112
2024-06-26 08:48:08+08:00,2440.0,491.03995555555554
2024-06-26 08:48:09+08:00,2441.0,491.53277924444444
2024-06-26 08:48:10+08:00,2442.0,492.0448664
2024-06-26 08:48:11+08:00,2443.0,492.5714011555556
2024-06-26 08:48:12+08:00,2444.0,493.10756764444443
2024-06-26 08:48:13+08:00,2445.0,493.64855
2024-06-26 08:48:14+08:00,2446.0,494.18953235555557
2024-06-26 08:48:15+08:00,2447.0,494.7256988444444
2024-06-26 08:48:16+08:00,2448.0,495.25223359999995
2024-06-26 08:48:17+08:00,2449.0,495.76432075555556
2024-06-26 08:48:18+08:00,2450.0,496.25714444444446
2024-06-26 08:48:19+08:00,2451.0,496.7258888
2024-06-26 08:48:20+08:00,2452.0,497.1657379555555
2024-06-26 08:48:21+08:00,2453.0,497.5718760444445
2024-06-26 08:48:22+08:00,2454.0,497.93948720000003
2024-06-26 08:48:23+08:00,2455.0,498.2637555555556
2024-06-26 08:48:24+08:00,2456.0,498.5398652444444
2024-06-26 08:48:25+08:00,2457.0,498.76300039999995
2024-06-26 08:48:26+08:00,2458.0,498.9283451555555
2024-06-26 08:48:27+08:00,2459.0,499.03108364444444
2024-06-26 08:48:28+08:00,2460.0,499.0664
2024-06-26 08:48:29+08:00,2461.0,499.0317042074074
2024-06-26 08:48:30+08:00,2462.0,498.9307709925926
2024-06-26 08:48:31+08:00,2463.0,498.76833159999995
2024-06-26 08:48:32+08:00,2464.0,498.5491172740741
2024-06-26 08:48:33+08:00,2465.0,498.27785925925923
2024-06-26 08:48:34+08:00,2466.0,497.95928879999997
2024-06-26 08:48:35+08:00,2467.0,497.5981371407407
2024-06-26 08:48:36+08:00,2468.0,497.1991355259259
2024-06-26 08:48:37+08:00,2469.0,496.7670152
2024-06-26 08:48:38+08:00,2470.0,496.3065074074074
2024-06-26 08:48:39+08:00,2471.0,495.8223433925926
2024-06-26 08:48:40+08:00,2472.0,495.3192544
2024-06-26 08:48:41+08:00,2473.0,494.8019716740741
2024-06-26 08:48:42+08:00,2474.0,494.2752264592593
2024-06-26 08:48:43+08:00,2475.0,493.74375
2024-06-26 08:48:44+08:00,2476.0,493.2122735407407
2024-06-26 08:48:45+08:00,2477.0,492.68552832592593
2024-06-26 08:48:46+08:00,2478.0,492.1682456
2024-06-26 08:48:47+08:00,2479.0,491.6651566074074
2024-06-26 08:48:48+08:00,2480.0,491.1809925925926
2024-06-26 08:48:49+08:00,2481.0,490.7204848
2024-06-26 08:48:50+08:00,2482.0,490.28836447407406
2024-06-26 08:48:51+08:00,2483.0,489.8893628592592
2024-06-26 08:48:52+08:00,2484.0,489.5282112
2024-06-26 08:48:53+08:00,2485.0,489.2096407407407
2024-06-26 08:48:54+08:00,2486.0,488.9383827259259
2024-06-26 08:48:55+08:00,2487.0,488.7191684
2024-06-26 08:48:56+08:00,2488.0,488.5567290074074
2024-06-26 08:48:57+08:00,2489.0,488.45579579259254
2024-06-26 08:48:58+08:00,2490.0,488.42109999999997
2024-06-26 08:48:59+08:00,2491.0,488.44937342222215
2024-06-26 08:49:00+08:00,2492.0,488.53162337777775
2024-06-26 08:49:01+08:00,2493.0,488.6639944
2024-06-26 08:49:02+08:00,2494.0,488.8426310222222
2024-06-26 08:49:03+08:00,2495.0,489.06367777777774
2024-06-26 08:49:04+08:00,2496.0,489.32327919999994
2024-06-26 08:49:05+08:00,2497.0,489.6175798222222
2024-06-26 08:49:06+08:00,2498.0,489.9427241777778
2024-06-26 08:49:07+08:00,2499.0,490.2948568
2024-06-26 08:49:08+08:00,2500.0,490.67012222222223
2024-06-26 08:49:09+08:00,2501.0,491.0646649777778
2024-06-26 08:49:10+08:00,2502.0,491.47462959999996
2024-06-26 08:49:11+08:00,2503.0,491.8961606222222
2024-06-26 08:49:12+08:00,2504.0,492.32540257777777
2024-06-26 08:49:13+08:00,2505.0,492.7585
2024-06-26 08:49:14+08:00,2506.0,493.19159742222223
2024-06-26 08:49:15+08:00,2507.0,493.62083937777777
2024-06-26 08:49:16+08:00,2508.0,494.0423704
2024-06-26 08:49:17+08:00,2509.0,494.45233502222226
2024-06-26 08:49:18+08:00,2510.0,494.8468777777778
2024-06-26 08:49:19+08:00,2511.0,495.2221432
2024-06-26 08:49:20+08:00,2512.0,495.57427582222226
2024-06-26 08:49:21+08:00,2513.0,495.8994201777778
2024-06-26 08:49:22+08:00,2514.0,496.19372080000005
2024-06-26 08:49:23+08:00,2515.0,496.4533222222222
2024-06-26 08:49:24+08:00,2516.0,496.6743689777778
2024-06-26 08:49:25+08:00,2517.0,496.8530056
2024-06-26 08:49:26+08:00,2518.0,496.98537662222225
2024-06-26 08:49:27+08:00,2519.0,497.0676265777778
2024-06-26 08:49:28+08:00,2520.0,497.09590000000003
2024-06-26 08:49:29+08:00,2521.0,497.0479576
2024-06-26 08:49:30+08:00,2522.0,496.90848880000004
2024-06-26 08:49:31+08:00,2523.0,496.68403120000005
2024-06-26 08:49:32+08:00,2524.0,496.38112240000004
2024-06-26 08:49:33+08:00,2525.0,496.0063
2024-06-26 08:49:34+08:00,2526.0,495.5661016
2024-06-26 08:49:35+08:00,2527.0,495.0670648
2024-06-26 08:49:36+08:00,2528.0,494.5157272
2024-06-26 08:49:37+08:00,2529.0,493.91862640000005
2024-06-26 08:49:38+08:00,2530.0,493.2823
2024-06-26 08:49:39+08:00,2531.0,492.6132856
2024-06-26 08:49:40+08:00,2532.0,491.91812080000005
2024-06-26 08:49:41+08:00,2533.0,491.20334320000006
2024-06-26 08:49:42+08:00,2534.0,490.4754904
2024-06-26 08:49:43+08:00,2535.0,489.7411000000001
2024-06-26 08:49:44+08:00,2536.0,489.0067096
2024-06-26 08:49:45+08:00,2537.0,488.2788568
2024-06-26 08:49:46+08:00,2538.0,487.56407920000004
2024-06-26 08:49:47+08:00,2539.0,486.86891440000005
2024-06-26 08:49:48+08:00,2540.0,486.1999
2024-06-26 08:49:49+08:00,2541.0,485.5635736
2024-06-26 08:49:50+08:00,2542.0,484.9664728
2024-06-26 08:49:51+08:00,2543.0,484.4151352
2024-06-26 08:49:52+08:00,2544.0,483.9160984
2024-06-26 08:49:53+08:00,2545.0,483.4759
2024-06-26 08:49:54+08:00,2546.0,483.10107760000005
2024-06-26 08:49:55+08:00,2547.0,482.7981688
2024-06-26 08:49:56+08:00,2548.0,482.57371120000005
2024-06-26 08:49:57+08:00,2549.0,482.4342424
2024-06-26 08:49:58+08:00,2550.0,482.3863
2024-06-26 08:49:59+08:00,2551.0,482.3915943837919
2024-06-26 08:50:00+08:00,2552.0,482.40716954353354
2024-06-26 08:50:01+08:00,2553.0,482.4325634917737
2024-06-26 08:50:02+08:00,2554.0,482.46731424106116
2024-06-26 08:50:03+08:00,2555.0,482.5109598039447
2024-06-26 08:50:04+08:00,2556.0,482.5630381929731
2024-06-26 08:50:05+08:00,2557.0,482.6230874206953
2024-06-26 08:50:06+08:00,2558.0,482.6906454996599
2024-06-26 08:50:07+08:00,2559.0,482.7652504424159
2024-06-26 08:50:08+08:00,2560.0,482.8464402615119
2024-06-26 08:50:09+08:00,2561.0,482.93375296949677
2024-06-26 08:50:10+08:00,2562.0,483.0267265789194
2024-06-26 08:50:11+08:00,2563.0,483.12489910232847
2024-06-26 08:50:12+08:00,2564.0,483.22780855227285
2024-06-26 08:50:13+08:00,2565.0,483.3349929413013
2024-06-26 08:50:14+08:00,2566.0,483.4459902819627
2024-06-26 08:50:15+08:00,2567.0,483.5603385868056
2024-06-26 08:50:16+08:00,2568.0,483.6775758683791
2024-06-26 08:50:17+08:00,2569.0,483.79724013923186
2024-06-26 08:50:18+08:00,2570.0,483.9188694119127
2024-06-26 08:50:19+08:00,2571.0,484.0420016989703
2024-06-26 08:50:20+08:00,2572.0,484.16617501295366
2024-06-26 08:50:21+08:00,2573.0,484.2909273664115
2024-06-26 08:50:22+08:00,2574.0,484.41579677189253
2024-06-26 08:50:23+08:00,2575.0,484.5403212419456
2024-06-26 08:50:24+08:00,2576.0,484.6640387891196
2024-06-26 08:50:25+08:00,2577.0,484.78648742596323
2024-06-26 08:50:26+08:00,2578.0,484.9072051650253
2024-06-26 08:50:27+08:00,2579.0,485.02573001885463
2024-06-26 08:50:28+08:00,2580.0,485.1416
2024-06-26 08:50:29+08:00,2581.0,485.25585689185607
2024-06-26 08:50:30+08:00,2582.0,485.3700397315126
2024-06-26 08:50:31+08:00,2583.0,485.484432412061
2024-06-26 08:50:32+08:00,2584.0,485.59931882659265
2024-06-26 08:50:33+08:00,2585.0,485.71498286819906
2024-06-26 08:50:34+08:00,2586.0,485.8317084299715
2024-06-26 08:50:35+08:00,2587.0,485.9497794050015
2024-06-26 08:50:36+08:00,2588.0,486.0694796863804
2024-06-26 08:50:37+08:00,2589.0,486.19109316719954
2024-06-26 08:50:38+08:00,2590.0,486.3149037405505
2024-06-26 08:50:39+08:00,2591.0,486.44119529952457
2024-06-26 08:50:40+08:00,2592.0,486.57025173721314
2024-06-26 08:50:41+08:00,2593.0,486.7023569467077
2024-06-26 08:50:42+08:00,2594.0,486.83779482109964
2024-06-26 08:50:43+08:00,2595.0,486.9768492534803
2024-06-26 08:50:44+08:00,2596.0,487.1198041369411
2024-06-26 08:50:45+08:00,2597.0,487.26694336457354
2024-06-26 08:50:46+08:00,2598.0,487.418550829469
2024-06-26 08:50:47+08:00,2599.0,487.57491042471884
2024-06-26 08:50:48+08:00,2600.0,487.7363060434144
2024-06-26 08:50:49+08:00,2601.0,487.9030215786473
2024-06-26 08:50:50+08:00,2602.0,488.0753409235088
2024-06-26 08:50:51+08:00,2603.0,488.25354797109026
2024-06-26 08:50:52+08:00,2604.0,488.4379266144833
2024-06-26 08:50:53+08:00,2605.0,488.628760746779
2024-06-26 08:50:54+08:00,2606.0,488.8263342610691
2024-06-26 08:50:55+08:00,2607.0,489.0309310504448
2024-06-26 08:50:56+08:00,2608.0,489.24283500799754
2024-06-26 08:50:57+08:00,2609.0,489.46233002681885
2024-06-26 08:50:58+08:00,2610.0,489.6897
2024-06-26 08:50:59+08:00,2611.0,489.95370335235225
2024-06-26 08:51:00+08:00,2612.0,490.2795948855059
2024-06-26 08:51:01+08:00,2613.0,490.66240305778155
2024-06-26 08:51:02+08:00,2614.0,491.0971563274995
2024-06-26 08:51:03+08:00,2615.0,491.57888315298
2024-06-26 08:51:04+08:00,2616.0,492.10261199254364
2024-06-26 08:51:05+08:00,2617.0,492.6633713045108
2024-06-26 08:51:06+08:00,2618.0,493.2561895472017
2024-06-26 08:51:07+08:00,2619.0,493.87609517893685
2024-06-26 08:51:08+08:00,2620.0,494.51811665803666
2024-06-26 08:51:09+08:00,2621.0,495.1772824428214
2024-06-26 08:51:10+08:00,2622.0,495.8486209916116
2024-06-26 08:51:11+08:00,2623.0,496.5271607627276
2024-06-26 08:51:12+08:00,2624.0,497.20793021448975
2024-06-26 08:51:13+08:00,2625.0,497.88595780521837
2024-06-26 08:51:14+08:00,2626.0,498.556271993234
2024-06-26 08:51:15+08:00,2627.0,499.21390123685705
2024-06-26 08:51:16+08:00,2628.0,499.85387399440776
2024-06-26 08:51:17+08:00,2629.0,500.47121872420655
2024-06-26 08:51:18+08:00,2630.0,501.0609638845739
2024-06-26 08:51:19+08:00,2631.0,501.6181379338301
2024-06-26 08:51:20+08:00,2632.0,502.1377693302955
2024-06-26 08:51:21+08:00,2633.0,502.6148865322907
2024-06-26 08:51:22+08:00,2634.0,503.0445179981359
2024-06-26 08:51:23+08:00,2635.0,503.4216921861515
2024-06-26 08:51:24+08:00,2636.0,503.74143755465803
2024-06-26 08:51:25+08:00,2637.0,503.99878256197576
2024-06-26 08:51:26+08:00,2638.0,504.18875566642504
2024-06-26 08:51:27+08:00,2639.0,504.3063853263263
2024-06-26 08:51:28+08:00,2640.0,504.3467
2024-06-26 08:51:29+08:00,2641.0,504.30527149571157
2024-06-26 08:51:30+08:00,2642.0,504.18458684933813
2024-06-26 08:51:31+08:00,2643.0,503.9900473606176
2024-06-26 08:51:32+08:00,2644.0,503.72705432928774
2024-06-26 08:51:33+08:00,2645.0,503.40100905508643
2024-06-26 08:51:34+08:00,2646.0,503.0173128377515
2024-06-26 08:51:35+08:00,2647.0,502.58136697702076
2024-06-26 08:51:36+08:00,2648.0,502.098572772632
2024-06-26 08:51:37+08:00,2649.0,501.5743315243232
2024-06-26 08:51:38+08:00,2650.0,501.0140445318321
2024-06-26 08:51:39+08:00,2651.0,500.42311309489656
2024-06-26 08:51:40+08:00,2652.0,499.8069385132544
2024-06-26 08:51:41+08:00,2653.0,499.1709220866435
2024-06-26 08:51:42+08:00,2654.0,498.52046511480165
2024-06-26 08:51:43+08:00,2655.0,497.8609688974667
2024-06-26 08:51:44+08:00,2656.0,497.1978347343765
2024-06-26 08:51:45+08:00,2657.0,496.53646392526883
2024-06-26 08:51:46+08:00,2658.0,495.8822577698816
2024-06-26 08:51:47+08:00,2659.0,495.24061756795265
2024-06-26 08:51:48+08:00,2660.0,494.61694461921974
2024-06-26 08:51:49+08:00,2661.0,494.01664022342084
2024-06-26 08:51:50+08:00,2662.0,493.44510568029364
2024-06-26 08:51:51+08:00,2663.0,492.90774228957605
2024-06-26 08:51:52+08:00,2664.0,492.4099513510059
2024-06-26 08:51:53+08:00,2665.0,491.957134164321
2024-06-26 08:51:54+08:00,2666.0,491.55469202925923
2024-06-26 08:51:55+08:00,2667.0,491.2080262455584
2024-06-26 08:51:56+08:00,2668.0,490.9225381129564
2024-06-26 08:51:57+08:00,2669.0,490.7036289311909
2024-06-26 08:51:58+08:00,2670.0,490.5567
2024-06-26 08:51:59+08:00,2671.0,490.44866185399417
2024-06-26 08:52:00+08:00,2672.0,490.3428895018584
2024-06-26 08:52:01+08:00,2673.0,490.23948095444155
2024-06-26 08:52:02+08:00,2674.0,490.13853422259257
2024-06-26 08:52:03+08:00,2675.0,490.0401473171604
2024-06-26 08:52:04+08:00,2676.0,489.94441824899405
2024-06-26 08:52:05+08:00,2677.0,489.85144502894246
2024-06-26 08:52:06+08:00,2678.0,489.76132566785446
2024-06-26 08:52:07+08:00,2679.0,489.6741581765791
2024-06-26 08:52:08+08:00,2680.0,489.5900405659654
2024-06-26 08:52:09+08:00,2681.0,489.5090708468621
2024-06-26 08:52:10+08:00,2682.0,489.43134703011833
2024-06-26 08:52:11+08:00,2683.0,489.35696712658296
2024-06-26 08:52:12+08:00,2684.0,489.28602914710495
2024-06-26 08:52:13+08:00,2685.0,489.2186311025333
2024-06-26 08:52:14+08:00,2686.0,489.15487100371683
2024-06-26 08:52:15+08:00,2687.0,489.09484686150466
2024-06-26 08:52:16+08:00,2688.0,489.0386566867455
2024-06-26 08:52:17+08:00,2689.0,488.9863984902886
2024-06-26 08:52:18+08:00,2690.0,488.9381702829827
2024-06-26 08:52:19+08:00,2691.0,488.8940700756767
2024-06-26 08:52:20+08:00,2692.0,488.8541958792198
2024-06-26 08:52:21+08:00,2693.0,488.8186457044607
2024-06-26 08:52:22+08:00,2694.0,488.7875175622486
2024-06-26 08:52:23+08:00,2695.0,488.76090946343203
2024-06-26 08:52:24+08:00,2696.0,488.73891941886035
2024-06-26 08:52:25+08:00,2697.0,488.72164543938237
2024-06-26 08:52:26+08:00,2698.0,488.709185535847
2024-06-26 08:52:27+08:00,2699.0,488.70163771910325
2024-06-26 08:52:28+08:00,2700.0,488.6991
2024-06-26 08:52:29+08:00,2701.0,488.7505283657597
2024-06-26 08:52:30+08:00,2702.0,488.9002422095242
2024-06-26 08:52:31+08:00,2703.0,489.1413846510212
2024-06-26 08:52:32+08:00,2704.0,489.4670988099787
2024-06-26 08:52:33+08:00,2705.0,489.8705278061246
2024-06-26 08:52:34+08:00,2706.0,490.34481475918665
2024-06-26 08:52:35+08:00,2707.0,490.88310278889276
2024-06-26 08:52:36+08:00,2708.0,491.4785350149708
2024-06-26 08:52:37+08:00,2709.0,492.1242545571487
2024-06-26 08:52:38+08:00,2710.0,492.8134045351543
2024-06-26 08:52:39+08:00,2711.0,493.53912806871534
2024-06-26 08:52:40+08:00,2712.0,494.29456827755996
2024-06-26 08:52:41+08:00,2713.0,495.07286828141577
2024-06-26 08:52:42+08:00,2714.0,495.8671712000108
2024-06-26 08:52:43+08:00,2715.0,496.67062015307283
2024-06-26 08:52:44+08:00,2716.0,497.4763582603298
2024-06-26 08:52:45+08:00,2717.0,498.2775286415095
2024-06-26 08:52:46+08:00,2718.0,499.0672744163399
2024-06-26 08:52:47+08:00,2719.0,499.8387387045488
2024-06-26 08:52:48+08:00,2720.0,500.5850646258641
2024-06-26 08:52:49+08:00,2721.0,501.29939530001366
2024-06-26 08:52:50+08:00,2722.0,501.9748738467253
2024-06-26 08:52:51+08:00,2723.0,502.604643385727
2024-06-26 08:52:52+08:00,2724.0,503.18184703674655
2024-06-26 08:52:53+08:00,2725.0,503.6996279195119
2024-06-26 08:52:54+08:00,2726.0,504.1511291537508
2024-06-26 08:52:55+08:00,2727.0,504.5294938591912
2024-06-26 08:52:56+08:00,2728.0,504.8278651555609
2024-06-26 08:52:57+08:00,2729.0,505.03938616258796
2024-06-26 08:52:58+08:00,2730.0,505.1572
2024-06-26 08:52:59+08:00,2731.0,505.2249542225972
2024-06-26 08:53:00+08:00,2732.0,505.29084725925384
2024-06-26 08:53:01+08:00,2733.0,505.3548485408088
2024-06-26 08:53:02+08:00,2734.0,505.416927498101
2024-06-26 08:53:03+08:00,2735.0,505.4770535619696
2024-06-26 08:53:04+08:00,2736.0,505.5351961632534
2024-06-26 08:53:05+08:00,2737.0,505.59132473279146
2024-06-26 08:53:06+08:00,2738.0,505.6454087014228
2024-06-26 08:53:07+08:00,2739.0,505.69741749998633
2024-06-26 08:53:08+08:00,2740.0,505.74732055932105
2024-06-26 08:53:09+08:00,2741.0,505.795087310266
2024-06-26 08:53:10+08:00,2742.0,505.84068718366007
2024-06-26 08:53:11+08:00,2743.0,505.8840896103423
2024-06-26 08:53:12+08:00,2744.0,505.9252640211517
2024-06-26 08:53:13+08:00,2745.0,505.96417984692715
2024-06-26 08:53:14+08:00,2746.0,506.00080651850766
2024-06-26 08:53:15+08:00,2747.0,506.0351134667324
2024-06-26 08:53:16+08:00,2748.0,506.0670701224401
2024-06-26 08:53:17+08:00,2749.0,506.09664591646975
2024-06-26 08:53:18+08:00,2750.0,506.1238102796606
2024-06-26 08:53:19+08:00,2751.0,506.1485326428513
2024-06-26 08:53:20+08:00,2752.0,506.170782436881
2024-06-26 08:53:21+08:00,2753.0,506.19052909258875
2024-06-26 08:53:22+08:00,2754.0,506.2077420408134
2024-06-26 08:53:23+08:00,2755.0,506.22239071239386
2024-06-26 08:53:24+08:00,2756.0,506.23444453816944
2024-06-26 08:53:25+08:00,2757.0,506.2438729489788
2024-06-26 08:53:26+08:00,2758.0,506.250645375661
2024-06-26 08:53:27+08:00,2759.0,506.2547312490551
2024-06-26 08:53:28+08:00,2760.0,506.2561
2024-06-26 08:53:29+08:00,2761.0,506.20707226666667
2024-06-26 08:53:30+08:00,2762.0,506.0644461333334
2024-06-26 08:53:31+08:00,2763.0,505.8349072
2024-06-26 08:53:32+08:00,2764.0,505.52514106666666
2024-06-26 08:53:33+08:00,2765.0,505.1418333333333
2024-06-26 08:53:34+08:00,2766.0,504.6916696
2024-06-26 08:53:35+08:00,2767.0,504.18133546666667
2024-06-26 08:53:36+08:00,2768.0,503.61751653333334
2024-06-26 08:53:37+08:00,2769.0,503.0068984
2024-06-26 08:53:38+08:00,2770.0,502.35616666666664
2024-06-26 08:53:39+08:00,2771.0,501.6720069333333
2024-06-26 08:53:40+08:00,2772.0,500.96110480000004
2024-06-26 08:53:41+08:00,2773.0,500.23014586666665
2024-06-26 08:53:42+08:00,2774.0,499.4858157333333
2024-06-26 08:53:43+08:00,2775.0,498.7348
2024-06-26 08:53:44+08:00,2776.0,497.9837842666667
2024-06-26 08:53:45+08:00,2777.0,497.2394541333333
2024-06-26 08:53:46+08:00,2778.0,496.50849519999997
2024-06-26 08:53:47+08:00,2779.0,495.7975930666667
2024-06-26 08:53:48+08:00,2780.0,495.1134333333333
2024-06-26 08:53:49+08:00,2781.0,494.4627016
2024-06-26 08:53:50+08:00,2782.0,493.85208346666667
2024-06-26 08:53:51+08:00,2783.0,493.28826453333335
2024-06-26 08:53:52+08:00,2784.0,492.77793040000006
2024-06-26 08:53:53+08:00,2785.0,492.32776666666666
2024-06-26 08:53:54+08:00,2786.0,491.94445893333335
2024-06-26 08:53:55+08:00,2787.0,491.6346928
2024-06-26 08:53:56+08:00,2788.0,491.40515386666664
2024-06-26 08:53:57+08:00,2789.0,491.26252773333334
2024-06-26 08:53:58+08:00,2790.0,491.2135
2024-06-26 08:53:59+08:00,2791.0,491.21537081481483
2024-06-26 08:54:00+08:00,2792.0,491.2208131851852
2024-06-26 08:54:01+08:00,2793.0,491.229572
2024-06-26 08:54:02+08:00,2794.0,491.2413921481482
2024-06-26 08:54:03+08:00,2795.0,491.25601851851854
2024-06-26 08:54:04+08:00,2796.0,491.273196
2024-06-26 08:54:05+08:00,2797.0,491.2926694814815
2024-06-26 08:54:06+08:00,2798.0,491.31418385185185
2024-06-26 08:54:07+08:00,2799.0,491.337484
2024-06-26 08:54:08+08:00,2800.0,491.3623148148148
2024-06-26 08:54:09+08:00,2801.0,491.3884211851852
2024-06-26 08:54:10+08:00,2802.0,491.41554800000006
2024-06-26 08:54:11+08:00,2803.0,491.44344014814817
2024-06-26 08:54:12+08:00,2804.0,491.47184251851854
2024-06-26 08:54:13+08:00,2805.0,491.5005
2024-06-26 08:54:14+08:00,2806.0,491.5291574814815
2024-06-26 08:54:15+08:00,2807.0,491.55755985185186
2024-06-26 08:54:16+08:00,2808.0,491.58545200000003
2024-06-26 08:54:17+08:00,2809.0,491.6125788148148
2024-06-26 08:54:18+08:00,2810.0,491.6386851851852
2024-06-26 08:54:19+08:00,2811.0,491.663516
2024-06-26 08:54:20+08:00,2812.0,491.6868161481482
2024-06-26 08:54:21+08:00,2813.0,491.70833051851855
2024-06-26 08:54:22+08:00,2814.0,491.727804
2024-06-26 08:54:23+08:00,2815.0,491.74498148148155
2024-06-26 08:54:24+08:00,2816.0,491.7596078518519
2024-06-26 08:54:25+08:00,2817.0,491.771428
2024-06-26 08:54:26+08:00,2818.0,491.78018681481484
2024-06-26 08:54:27+08:00,2819.0,491.7856291851852
2024-06-26 08:54:28+08:00,2820.0,491.7875
2024-06-26 08:54:29+08:00,2821.0,491.78162811851854
2024-06-26 08:54:30+08:00,2822.0,491.7645462814815
2024-06-26 08:54:31+08:00,2823.0,491.7370552
2024-06-26 08:54:32+08:00,2824.0,491.6999555851852
2024-06-26 08:54:33+08:00,2825.0,491.6540481481482
2024-06-26 08:54:34+08:00,2826.0,491.60013360000005
2024-06-26 08:54:35+08:00,2827.0,491.53901265185186
2024-06-26 08:54:36+08:00,2828.0,491.47148601481484
2024-06-26 08:54:37+08:00,2829.0,491.3983544
2024-06-26 08:54:38+08:00,2830.0,491.3204185185186
2024-06-26 08:54:39+08:00,2831.0,491.2384790814815
2024-06-26 08:54:40+08:00,2832.0,491.1533368
2024-06-26 08:54:41+08:00,2833.0,491.0657923851852
2024-06-26 08:54:42+08:00,2834.0,490.97664654814815
2024-06-26 08:54:43+08:00,2835.0,490.8867
2024-06-26 08:54:44+08:00,2836.0,490.7967534518518
2024-06-26 08:54:45+08:00,2837.0,490.70760761481483
2024-06-26 08:54:46+08:00,2838.0,490.6200632
2024-06-26 08:54:47+08:00,2839.0,490.53492091851854
2024-06-26 08:54:48+08:00,2840.0,490.4529814814815
2024-06-26 08:54:49+08:00,2841.0,490.3750456
2024-06-26 08:54:50+08:00,2842.0,490.3019139851852
2024-06-26 08:54:51+08:00,2843.0,490.2343873481482
2024-06-26 08:54:52+08:00,2844.0,490.17326640000005
2024-06-26 08:54:53+08:00,2845.0,490.1193518518519
2024-06-26 08:54:54+08:00,2846.0,490.0734444148148
2024-06-26 08:54:55+08:00,2847.0,490.0363448
2024-06-26 08:54:56+08:00,2848.0,490.00885371851854
2024-06-26 08:54:57+08:00,2849.0,489.9917718814815
2024-06-26 08:54:58+08:00,2850.0,489.9859
2024-06-26 08:54:59+08:00,2851.0,490.0259109925926
2024-06-26 08:55:00+08:00,2852.0,490.1423066074074
2024-06-26 08:55:01+08:00,2853.0,490.3296308
2024-06-26 08:55:02+08:00,2854.0,490.58242752592594
2024-06-26 08:55:03+08:00,2855.0,490.89524074074075
2024-06-26 08:55:04+08:00,2856.0,491.2626144
2024-06-26 08:55:05+08:00,2857.0,491.67909245925927
2024-06-26 08:55:06+08:00,2858.0,492.13921887407406
2024-06-26 08:55:07+08:00,2859.0,492.63753760000003
2024-06-26 08:55:08+08:00,2860.0,493.16859259259263
2024-06-26 08:55:09+08:00,2861.0,493.72692780740744
2024-06-26 08:55:10+08:00,2862.0,494.3070872
2024-06-26 08:55:11+08:00,2863.0,494.90361472592593
2024-06-26 08:55:12+08:00,2864.0,495.5110543407407
2024-06-26 08:55:13+08:00,2865.0,496.12395
2024-06-26 08:55:14+08:00,2866.0,496.73684565925925
2024-06-26 08:55:15+08:00,2867.0,497.3442852740741
2024-06-26 08:55:16+08:00,2868.0,497.9408128
2024-06-26 08:55:17+08:00,2869.0,498.52097219259264
2024-06-26 08:55:18+08:00,2870.0,499.07930740740744
2024-06-26 08:55:19+08:00,2871.0,499.6103624
2024-06-26 08:55:20+08:00,2872.0,500.1086811259259
2024-06-26 08:55:21+08:00,2873.0,500.56880754074075
2024-06-26 08:55:22+08:00,2874.0,500.9852856
2024-06-26 08:55:23+08:00,2875.0,501.35265925925927
2024-06-26 08:55:24+08:00,2876.0,501.66547247407414
2024-06-26 08:55:25+08:00,2877.0,501.9182692
2024-06-26 08:55:26+08:00,2878.0,502.10559339259265
2024-06-26 08:55:27+08:00,2879.0,502.22198900740744
2024-06-26 08:55:28+08:00,2880.0,502.262
2024-06-26 08:55:29+08:00,2881.0,502.1648636444445
2024-06-26 08:55:30+08:00,2882.0,501.88228515555556
2024-06-26 08:55:31+08:00,2883.0,501.4275104
2024-06-26 08:55:32+08:00,2884.0,500.8137852444445
2024-06-26 08:55:33+08:00,2885.0,500.05435555555556
2024-06-26 08:55:34+08:00,2886.0,499.1624672
2024-06-26 08:55:35+08:00,2887.0,498.15136604444444
2024-06-26 08:55:36+08:00,2888.0,497.03429795555553
2024-06-26 08:55:37+08:00,2889.0,495.82450880000005
2024-06-26 08:55:38+08:00,2890.0,494.53524444444446
2024-06-26 08:55:39+08:00,2891.0,493.1797507555556
2024-06-26 08:55:40+08:00,2892.0,491.7712736
2024-06-26 08:55:41+08:00,2893.0,490.32305884444446
2024-06-26 08:55:42+08:00,2894.0,488.84835235555556
2024-06-26 08:55:43+08:00,2895.0,487.3604
2024-06-26 08:55:44+08:00,2896.0,485.87244764444443
2024-06-26 08:55:45+08:00,2897.0,484.39774115555554
2024-06-26 08:55:46+08:00,2898.0,482.9495264
2024-06-26 08:55:47+08:00,2899.0,481.5410492444445
2024-06-26 08:55:48+08:00,2900.0,480.18555555555554
2024-06-26 08:55:49+08:00,2901.0,478.8962912
2024-06-26 08:55:50+08:00,2902.0,477.68650204444447
2024-06-26 08:55:51+08:00,2903.0,476.56943395555555
2024-06-26 08:55:52+08:00,2904.0,475.55833279999996
2024-06-26 08:55:53+08:00,2905.0,474.66644444444444
2024-06-26 08:55:54+08:00,2906.0,473.90701475555556
2024-06-26 08:55:55+08:00,2907.0,473.2932896
2024-06-26 08:55:56+08:00,2908.0,472.83851484444443
2024-06-26 08:55:57+08:00,2909.0,472.55593635555556
2024-06-26 08:55:58+08:00,2910.0,472.4588
2024-06-26 08:55:59+08:00,2911.0,472.4684788221557
2024-06-26 08:56:00+08:00,2912.0,472.4971215507011
2024-06-26 08:56:01+08:00,2913.0,472.5441375787532
2024-06-26 08:56:02+08:00,2914.0,472.60893629942933
2024-06-26 08:56:03+08:00,2915.0,472.6909271058467
2024-06-26 08:56:04+08:00,2916.0,472.7895193911225
2024-06-26 08:56:05+08:00,2917.0,472.9041225483739
2024-06-26 08:56:06+08:00,2918.0,473.03414597071816
2024-06-26 08:56:07+08:00,2919.0,473.17899905127246
2024-06-26 08:56:08+08:00,2920.0,473.33809118315395
2024-06-26 08:56:09+08:00,2921.0,473.5108317594799
2024-06-26 08:56:10+08:00,2922.0,473.6966301733675
2024-06-26 08:56:11+08:00,2923.0,473.89489581793396
2024-06-26 08:56:12+08:00,2924.0,474.10503808629653
2024-06-26 08:56:13+08:00,2925.0,474.3264663715723
2024-06-26 08:56:14+08:00,2926.0,474.55859006687854
2024-06-26 08:56:15+08:00,2927.0,474.80081856533246
2024-06-26 08:56:16+08:00,2928.0,475.0525612600513
2024-06-26 08:56:17+08:00,2929.0,475.3132275441522
2024-06-26 08:56:18+08:00,2930.0,475.58222681075233
2024-06-26 08:56:19+08:00,2931.0,475.858968452969
2024-06-26 08:56:20+08:00,2932.0,476.1428618639194
2024-06-26 08:56:21+08:00,2933.0,476.43331643672065
2024-06-26 08:56:22+08:00,2934.0,476.72974156449004
2024-06-26 08:56:23+08:00,2935.0,477.0315466403447
2024-06-26 08:56:24+08:00,2936.0,477.3381410574019
2024-06-26 08:56:25+08:00,2937.0,477.6489342087788
2024-06-26 08:56:26+08:00,2938.0,477.9633354875927
2024-06-26 08:56:27+08:00,2939.0,478.28075428696064
2024-06-26 08:56:28+08:00,2940.0,478.6006
2024-06-26 08:56:29+08:00,2941.0,478.9729289130393
2024-06-26 08:56:30+08:00,2942.0,479.44302611240727
2024-06-26 08:56:31+08:00,2943.0,480.0031441912211
2024-06-26 08:56:32+08:00,2944.0,480.64553574259804
2024-06-26 08:56:33+08:00,2945.0,481.36245335965526
2024-06-26 08:56:34+08:00,2946.0,482.1461496355099
2024-06-26 08:56:35+08:00,2947.0,482.9888771632793
2024-06-26 08:56:36+08:00,2948.0,483.8828885360806
2024-06-26 08:56:37+08:00,2949.0,484.820436347031
2024-06-26 08:56:38+08:00,2950.0,485.79377318924764
2024-06-26 08:56:39+08:00,2951.0,486.7951516558478
2024-06-26 08:56:40+08:00,2952.0,487.81682433994865
2024-06-26 08:56:41+08:00,2953.0,488.85104383466745
2024-06-26 08:56:42+08:00,2954.0,489.89006273312145
2024-06-26 08:56:43+08:00,2955.0,490.9261336284277
2024-06-26 08:56:44+08:00,2956.0,491.9515091137035
2024-06-26 08:56:45+08:00,2957.0,492.958441782066
2024-06-26 08:56:46+08:00,2958.0,493.93918422663245
2024-06-26 08:56:47+08:00,2959.0,494.8859890405201
2024-06-26 08:56:48+08:00,2960.0,495.791108816846
2024-06-26 08:56:49+08:00,2961.0,496.6467961487275
2024-06-26 08:56:50+08:00,2962.0,497.44530362928185
2024-06-26 08:56:51+08:00,2963.0,498.17888385162604
2024-06-26 08:56:52+08:00,2964.0,498.8397894088775
2024-06-26 08:56:53+08:00,2965.0,499.42027289415324
2024-06-26 08:56:54+08:00,2966.0,499.9125869005706
2024-06-26 08:56:55+08:00,2967.0,500.3089840212468
2024-06-26 08:56:56+08:00,2968.0,500.60171684929895
2024-06-26 08:56:57+08:00,2969.0,500.78303797784423
2024-06-26 08:56:58+08:00,2970.0,500.8452
2024-06-26 08:56:59+08:00,2971.0,500.7874504888889
2024-06-26 08:57:00+08:00,2972.0,500.61945191111107
2024-06-26 08:57:01+08:00,2973.0,500.34907919999995
2024-06-26 08:57:02+08:00,2974.0,499.98420728888885
2024-06-26 08:57:03+08:00,2975.0,499.5327111111111
2024-06-26 08:57:04+08:00,2976.0,499.00246559999994
2024-06-26 08:57:05+08:00,2977.0,498.40134568888885
2024-06-26 08:57:06+08:00,2978.0,497.7372263111111
2024-06-26 08:57:07+08:00,2979.0,497.0179824
2024-06-26 08:57:08+08:00,2980.0,496.25148888888884
2024-06-26 08:57:09+08:00,2981.0,495.4456207111111
2024-06-26 08:57:10+08:00,2982.0,494.60825279999995
2024-06-26 08:57:11+08:00,2983.0,493.7472600888889
2024-06-26 08:57:12+08:00,2984.0,492.87051751111113
2024-06-26 08:57:13+08:00,2985.0,491.98589999999996
2024-06-26 08:57:14+08:00,2986.0,491.1012824888889
2024-06-26 08:57:15+08:00,2987.0,490.2245399111111
2024-06-26 08:57:16+08:00,2988.0,489.36354719999997
2024-06-26 08:57:17+08:00,2989.0,488.5261792888889
2024-06-26 08:57:18+08:00,2990.0,487.7203111111111
2024-06-26 08:57:19+08:00,2991.0,486.9538176
2024-06-26 08:57:20+08:00,2992.0,486.2345736888889
2024-06-26 08:57:21+08:00,2993.0,485.5704543111111
2024-06-26 08:57:22+08:00,2994.0,484.9693344
2024-06-26 08:57:23+08:00,2995.0,484.43908888888893
2024-06-26 08:57:24+08:00,2996.0,483.98759271111106
2024-06-26 08:57:25+08:00,2997.0,483.6227208
2024-06-26 08:57:26+08:00,2998.0,483.35234808888885
2024-06-26 08:57:27+08:00,2999.0,483.18434951111107
2024-06-26 08:57:28+08:00,3000.0,483.1266
2024-06-26 08:57:29+08:00,3001.0,483.151939549439
2024-06-26 08:57:30+08:00,3002.0,483.22591940932773
2024-06-26 08:57:31+08:00,3003.0,483.34548139702355
2024-06-26 08:57:32+08:00,3004.0,483.50756732988384
2024-06-26 08:57:33+08:00,3005.0,483.70911902526626
2024-06-26 08:57:34+08:00,3006.0,483.9470783005281
2024-06-26 08:57:35+08:00,3007.0,484.21838697302684
2024-06-26 08:57:36+08:00,3008.0,484.51998686011984
2024-06-26 08:57:37+08:00,3009.0,484.8488197791646
2024-06-26 08:57:38+08:00,3010.0,485.20182754751875
2024-06-26 08:57:39+08:00,3011.0,485.57595198253944
2024-06-26 08:57:40+08:00,3012.0,485.9681349015842
2024-06-26 08:57:41+08:00,3013.0,486.3753181220106
2024-06-26 08:57:42+08:00,3014.0,486.794443461176
2024-06-26 08:57:43+08:00,3015.0,487.2224527364378
2024-06-26 08:57:44+08:00,3016.0,487.65628776515354
2024-06-26 08:57:45+08:00,3017.0,488.09289036468056
2024-06-26 08:57:46+08:00,3018.0,488.5292023523764
2024-06-26 08:57:47+08:00,3019.0,488.9621655455984
2024-06-26 08:57:48+08:00,3020.0,489.38872176170406
2024-06-26 08:57:49+08:00,3021.0,489.80581281805087
2024-06-26 08:57:50+08:00,3022.0,490.2103805319962
2024-06-26 08:57:51+08:00,3023.0,490.59936672089754
2024-06-26 08:57:52+08:00,3024.0,490.9697132021123
2024-06-26 08:57:53+08:00,3025.0,491.318361792998
2024-06-26 08:57:54+08:00,3026.0,491.642254310912
2024-06-26 08:57:55+08:00,3027.0,491.9383325732117
2024-06-26 08:57:56+08:00,3028.0,492.20353839725465
2024-06-26 08:57:57+08:00,3029.0,492.4348136003983
2024-06-26 08:57:58+08:00,3030.0,492.6291
2024-06-26 08:57:59+08:00,3031.0,492.80421511071285
2024-06-26 08:58:00+08:00,3032.0,492.97971929163424
2024-06-26 08:58:01+08:00,3033.0,493.1551686267883
2024-06-26 08:58:02+08:00,3034.0,493.33011920019914
2024-06-26 08:58:03+08:00,3035.0,493.50412709589085
2024-06-26 08:58:04+08:00,3036.0,493.67674839788765
2024-06-26 08:58:05+08:00,3037.0,493.8475391902136
2024-06-26 08:58:06+08:00,3038.0,494.01605555689264
2024-06-26 08:58:07+08:00,3039.0,494.18185358194916
2024-06-26 08:58:08+08:00,3040.0,494.344489349407
2024-06-26 08:58:09+08:00,3041.0,494.5035189432905
2024-06-26 08:58:10+08:00,3042.0,494.65849844762363
2024-06-26 08:58:11+08:00,3043.0,494.80898394643054
2024-06-26 08:58:12+08:00,3044.0,494.95453152373534
2024-06-26 08:58:13+08:00,3045.0,495.0946972635622
2024-06-26 08:58:14+08:00,3046.0,495.2290372499351
2024-06-26 08:58:15+08:00,3047.0,495.35710756687826
2024-06-26 08:58:16+08:00,3048.0,495.47846429841576
2024-06-26 08:58:17+08:00,3049.0,495.5926635285717
2024-06-26 08:58:18+08:00,3050.0,495.6992613413702
2024-06-26 08:58:19+08:00,3051.0,495.79781382083536
2024-06-26 08:58:20+08:00,3052.0,495.8878770509912
2024-06-26 08:58:21+08:00,3053.0,495.9690071158621
2024-06-26 08:58:22+08:00,3054.0,496.0407600994719
2024-06-26 08:58:23+08:00,3055.0,496.10269208584486
2024-06-26 08:58:24+08:00,3056.0,496.154359159005
2024-06-26 08:58:25+08:00,3057.0,496.1953174029765
2024-06-26 08:58:26+08:00,3058.0,496.2251229017834
2024-06-26 08:58:27+08:00,3059.0,496.24333173944984
2024-06-26 08:58:28+08:00,3060.0,496.2495
2024-06-26 08:58:29+08:00,3061.0,496.22537659259257
2024-06-26 08:58:30+08:00,3062.0,496.15519940740745
2024-06-26 08:58:31+08:00,3063.0,496.042258
2024-06-26 08:58:32+08:00,3064.0,495.88984192592596
2024-06-26 08:58:33+08:00,3065.0,495.7012407407408
2024-06-26 08:58:34+08:00,3066.0,495.47974400000004
2024-06-26 08:58:35+08:00,3067.0,495.2286412592593
2024-06-26 08:58:36+08:00,3068.0,494.9512220740741
2024-06-26 08:58:37+08:00,3069.0,494.650776
2024-06-26 08:58:38+08:00,3070.0,494.3305925925926
2024-06-26 08:58:39+08:00,3071.0,493.9939614074074
2024-06-26 08:58:40+08:00,3072.0,493.64417199999997
2024-06-26 08:58:41+08:00,3073.0,493.2845139259259
2024-06-26 08:58:42+08:00,3074.0,492.91827674074074
2024-06-26 08:58:43+08:00,3075.0,492.54875
2024-06-26 08:58:44+08:00,3076.0,492.1792232592593
2024-06-26 08:58:45+08:00,3077.0,491.8129860740741
2024-06-26 08:58:46+08:00,3078.0,491.453328
2024-06-26 08:58:47+08:00,3079.0,491.1035385925926
2024-06-26 08:58:48+08:00,3080.0,490.7669074074074
2024-06-26 08:58:49+08:00,3081.0,490.446724
2024-06-26 08:58:50+08:00,3082.0,490.146277925926
2024-06-26 08:58:51+08:00,3083.0,489.86885874074073
2024-06-26 08:58:52+08:00,3084.0,489.61775600000004
2024-06-26 08:58:53+08:00,3085.0,489.3962592592593
2024-06-26 08:58:54+08:00,3086.0,489.20765807407406
2024-06-26 08:58:55+08:00,3087.0,489.055242
2024-06-26 08:58:56+08:00,3088.0,488.94230059259263
2024-06-26 08:58:57+08:00,3089.0,488.8721234074074
2024-06-26 08:58:58+08:00,3090.0,488.848
2024-06-26 08:58:59+08:00,3091.0,488.94032373333334
2024-06-26 08:59:00+08:00,3092.0,489.2089018666667
2024-06-26 08:59:01+08:00,3093.0,489.6411448
2024-06-26 08:59:02+08:00,3094.0,490.22446293333337
2024-06-26 08:59:03+08:00,3095.0,490.94626666666665
2024-06-26 08:59:04+08:00,3096.0,491.79396640000004
2024-06-26 08:59:05+08:00,3097.0,492.7549725333334
2024-06-26 08:59:06+08:00,3098.0,493.81669546666666
2024-06-26 08:59:07+08:00,3099.0,494.9665456
2024-06-26 08:59:08+08:00,3100.0,496.19193333333334
2024-06-26 08:59:09+08:00,3101.0,497.4802690666667
2024-06-26 08:59:10+08:00,3102.0,498.8189632
2024-06-26 08:59:11+08:00,3103.0,500.1954261333334
2024-06-26 08:59:12+08:00,3104.0,501.5970682666667
2024-06-26 08:59:13+08:00,3105.0,503.0113
2024-06-26 08:59:14+08:00,3106.0,504.42553173333334
2024-06-26 08:59:15+08:00,3107.0,505.8271738666667
2024-06-26 08:59:16+08:00,3108.0,507.2036368
2024-06-26 08:59:17+08:00,3109.0,508.54233093333335
2024-06-26 08:59:18+08:00,3110.0,509.8306666666667
2024-06-26 08:59:19+08:00,3111.0,511.0560544
2024-06-26 08:59:20+08:00,3112.0,512.2059045333334
2024-06-26 08:59:21+08:00,3113.0,513.2676274666667
2024-06-26 08:59:22+08:00,3114.0,514.2286336
2024-06-26 08:59:23+08:00,3115.0,515.0763333333334
2024-06-26 08:59:24+08:00,3116.0,515.7981370666668
2024-06-26 08:59:25+08:00,3117.0,516.3814552000001
2024-06-26 08:59:26+08:00,3118.0,516.8136981333334
2024-06-26 08:59:27+08:00,3119.0,517.0822762666667
2024-06-26 08:59:28+08:00,3120.0,517.1746
2024-06-26 08:59:29+08:00,3121.0,517.1007575703704
2024-06-26 08:59:30+08:00,3122.0,516.8859432296297
2024-06-26 08:59:31+08:00,3123.0,516.5402264
2024-06-26 08:59:32+08:00,3124.0,516.0736765037037
2024-06-26 08:59:33+08:00,3125.0,515.4963629629631
2024-06-26 08:59:34+08:00,3126.0,514.8183552
2024-06-26 08:59:35+08:00,3127.0,514.0497226370371
2024-06-26 08:59:36+08:00,3128.0,513.2005346962962
2024-06-26 08:59:37+08:00,3129.0,512.2808608
2024-06-26 08:59:38+08:00,3130.0,511.3007703703704
2024-06-26 08:59:39+08:00,3131.0,510.27033282962964
2024-06-26 08:59:40+08:00,3132.0,509.1996176
2024-06-26 08:59:41+08:00,3133.0,508.09869410370374
2024-06-26 08:59:42+08:00,3134.0,506.977631762963
2024-06-26 08:59:43+08:00,3135.0,505.84650000000005
2024-06-26 08:59:44+08:00,3136.0,504.71536823703707
2024-06-26 08:59:45+08:00,3137.0,503.5943058962963
2024-06-26 08:59:46+08:00,3138.0,502.49338240000003
2024-06-26 08:59:47+08:00,3139.0,501.4226671703704
2024-06-26 08:59:48+08:00,3140.0,500.39222962962964
2024-06-26 08:59:49+08:00,3141.0,499.41213919999996
2024-06-26 08:59:50+08:00,3142.0,498.4924653037037
2024-06-26 08:59:51+08:00,3143.0,497.6432773629629
2024-06-26 08:59:52+08:00,3144.0,496.8746448
2024-06-26 08:59:53+08:00,3145.0,496.196637037037
2024-06-26 08:59:54+08:00,3146.0,495.61932349629626
2024-06-26 08:59:55+08:00,3147.0,495.15277359999993
2024-06-26 08:59:56+08:00,3148.0,494.80705677037037
2024-06-26 08:59:57+08:00,3149.0,494.5922424296296
2024-06-26 08:59:58+08:00,3150.0,494.5184
2024-06-26 08:59:59+08:00,3151.0,494.52172267631147
2024-06-26 09:00:00+08:00,3152.0,494.53159936291934
2024-06-26 09:00:01+08:00,3153.0,494.54789304633385
2024-06-26 09:00:02+08:00,3154.0,494.57046671306534
2024-06-26 09:00:03+08:00,3155.0,494.5991833496241
2024-06-26 09:00:04+08:00,3156.0,494.63390594252036
2024-06-26 09:00:05+08:00,3157.0,494.6744974782644
2024-06-26 09:00:06+08:00,3158.0,494.7208209433665
2024-06-26 09:00:07+08:00,3159.0,494.77273932433695
2024-06-26 09:00:08+08:00,3160.0,494.830115607686
2024-06-26 09:00:09+08:00,3161.0,494.892812779924
2024-06-26 09:00:10+08:00,3162.0,494.96069382756116
2024-06-26 09:00:11+08:00,3163.0,495.0336217371077
2024-06-26 09:00:12+08:00,3164.0,495.111459495074
2024-06-26 09:00:13+08:00,3165.0,495.1940700879702
2024-06-26 09:00:14+08:00,3166.0,495.28131650230677
2024-06-26 09:00:15+08:00,3167.0,495.3730617245938
2024-06-26 09:00:16+08:00,3168.0,495.4691687413417
2024-06-26 09:00:17+08:00,3169.0,495.5695005390607
2024-06-26 09:00:18+08:00,3170.0,495.673920104261
2024-06-26 09:00:19+08:00,3171.0,495.782290423453
2024-06-26 09:00:20+08:00,3172.0,495.8944744831469
2024-06-26 09:00:21+08:00,3173.0,496.01033526985293
2024-06-26 09:00:22+08:00,3174.0,496.12973577008154
2024-06-26 09:00:23+08:00,3175.0,496.2525389703428
2024-06-26 09:00:24+08:00,3176.0,496.3786078571471
2024-06-26 09:00:25+08:00,3177.0,496.5078054170047
2024-06-26 09:00:26+08:00,3178.0,496.6399946364259
2024-06-26 09:00:27+08:00,3179.0,496.77503850192085
2024-06-26 09:00:28+08:00,3180.0,496.9128
2024-06-26 09:00:29+08:00,3181.0,497.0955666536347
2024-06-26 09:00:30+08:00,3182.0,497.3615346080186
2024-06-26 09:00:31+08:00,3183.0,497.7044297829953
2024-06-26 09:00:32+08:00,3184.0,498.11797809840846
2024-06-26 09:00:33+08:00,3185.0,498.59590547410164
2024-06-26 09:00:34+08:00,3186.0,499.1319378299185
2024-06-26 09:00:35+08:00,3187.0,499.7198010857026
2024-06-26 09:00:36+08:00,3188.0,500.3532211612976
2024-06-26 09:00:37+08:00,3189.0,501.02592397654706
2024-06-26 09:00:38+08:00,3190.0,501.7316354512945
2024-06-26 09:00:39+08:00,3191.0,502.4640815053838
2024-06-26 09:00:40+08:00,3192.0,503.2169880586583
2024-06-26 09:00:41+08:00,3193.0,503.9840810309617
2024-06-26 09:00:42+08:00,3194.0,504.75908634213766
2024-06-26 09:00:43+08:00,3195.0,505.5357299120298
2024-06-26 09:00:44+08:00,3196.0,506.3077376604815
2024-06-26 09:00:45+08:00,3197.0,507.06883550733676
2024-06-26 09:00:46+08:00,3198.0,507.8127493724389
2024-06-26 09:00:47+08:00,3199.0,508.53320517563156
2024-06-26 09:00:48+08:00,3200.0,509.2239288367584
2024-06-26 09:00:49+08:00,3201.0,509.878646275663
2024-06-26 09:00:50+08:00,3202.0,510.49108341218897
2024-06-26 09:00:51+08:00,3203.0,511.05496616618
2024-06-26 09:00:52+08:00,3204.0,511.56402045747956
2024-06-26 09:00:53+08:00,3205.0,512.0119722059313
2024-06-26 09:00:54+08:00,3206.0,512.3925473313791
2024-06-26 09:00:55+08:00,3207.0,512.6994717536661
2024-06-26 09:00:56+08:00,3208.0,512.9264713926362
2024-06-26 09:00:57+08:00,3209.0,513.067272168133
2024-06-26 09:00:58+08:00,3210.0,513.1156
2024-06-26 09:00:59+08:00,3211.0,513.0795384399352
2024-06-26 09:01:00+08:00,3212.0,512.9740132852668
2024-06-26 09:01:01+08:00,3213.0,512.8030138242841
2024-06-26 09:01:02+08:00,3214.0,512.5705293452764
2024-06-26 09:01:03+08:00,3215.0,512.2805491365333
2024-06-26 09:01:04+08:00,3216.0,511.9370624863435
2024-06-26 09:01:05+08:00,3217.0,511.5440586829967
2024-06-26 09:01:06+08:00,3218.0,511.105527014782
2024-06-26 09:01:07+08:00,3219.0,510.62545676998883
2024-06-26 09:01:08+08:00,3220.0,510.1078372369063
2024-06-26 09:01:09+08:00,3221.0,509.55665770382376
2024-06-26 09:01:10+08:00,3222.0,508.97590745903057
2024-06-26 09:01:11+08:00,3223.0,508.36957579081593
2024-06-26 09:01:12+08:00,3224.0,507.7416519874691
2024-06-26 09:01:13+08:00,3225.0,507.0961253372794
2024-06-26 09:01:14+08:00,3226.0,506.4369851285361
2024-06-26 09:01:15+08:00,3227.0,505.76822064952853
2024-06-26 09:01:16+08:00,3228.0,505.09382118854586
2024-06-26 09:01:17+08:00,3229.0,504.4177760338775
2024-06-26 09:01:18+08:00,3230.0,503.74407447381265
2024-06-26 09:01:19+08:00,3231.0,503.07670579664057
2024-06-26 09:01:20+08:00,3232.0,502.4196592906506
2024-06-26 09:01:21+08:00,3233.0,501.77692424413203
2024-06-26 09:01:22+08:00,3234.0,501.1524899453741
2024-06-26 09:01:23+08:00,3235.0,500.5503456826661
2024-06-26 09:01:24+08:00,3236.0,499.97448074429735
2024-06-26 09:01:25+08:00,3237.0,499.42888441855706
2024-06-26 09:01:26+08:00,3238.0,498.91754599373456
2024-06-26 09:01:27+08:00,3239.0,498.4444547581191
2024-06-26 09:01:28+08:00,3240.0,498.0136
2024-06-26 09:01:29+08:00,3241.0,497.5983727381772
2024-06-26 09:01:30+08:00,3242.0,497.17074330996917
2024-06-26 09:01:31+08:00,3243.0,496.73256998144296
2024-06-26 09:01:32+08:00,3244.0,496.2857110186656
2024-06-26 09:01:33+08:00,3245.0,495.8320246877043
2024-06-26 09:01:34+08:00,3246.0,495.37336925462586
2024-06-26 09:01:35+08:00,3247.0,494.91160298549755
2024-06-26 09:01:36+08:00,3248.0,494.4485841463864
2024-06-26 09:01:37+08:00,3249.0,493.9861710033594
2024-06-26 09:01:38+08:00,3250.0,493.52622182248365
2024-06-26 09:01:39+08:00,3251.0,493.07059486982615
2024-06-26 09:01:40+08:00,3252.0,492.62114841145416
2024-06-26 09:01:41+08:00,3253.0,492.17974071343446
2024-06-26 09:01:42+08:00,3254.0,491.74823004183423
2024-06-26 09:01:43+08:00,3255.0,491.3284746627206
2024-06-26 09:01:44+08:00,3256.0,490.9223328421605
2024-06-26 09:01:45+08:00,3257.0,490.53166284622114
2024-06-26 09:01:46+08:00,3258.0,490.15832294096936
2024-06-26 09:01:47+08:00,3259.0,489.8041713924725
2024-06-26 09:01:48+08:00,3260.0,489.47106646679737
2024-06-26 09:01:49+08:00,3261.0,489.16086643001114
2024-06-26 09:01:50+08:00,3262.0,488.8754295481809
2024-06-26 09:01:51+08:00,3263.0,488.61661408737365
2024-06-26 09:01:52+08:00,3264.0,488.3862783136565
2024-06-26 09:01:53+08:00,3265.0,488.18628049309643
2024-06-26 09:01:54+08:00,3266.0,488.01847889176054
2024-06-26 09:01:55+08:00,3267.0,487.8847317757158
2024-06-26 09:01:56+08:00,3268.0,487.7868974110295
2024-06-26 09:01:57+08:00,3269.0,487.72683406376854
2024-06-26 09:01:58+08:00,3270.0,487.7064
2024-06-26 09:01:59+08:00,3271.0,487.86254296296295
2024-06-26 09:02:00+08:00,3272.0,488.31677703703696
2024-06-26 09:02:01+08:00,3273.0,489.04780999999997
2024-06-26 09:02:02+08:00,3274.0,490.0343496296296
2024-06-26 09:02:03+08:00,3275.0,491.2551037037037
2024-06-26 09:02:04+08:00,3276.0,492.68877999999995
2024-06-26 09:02:05+08:00,3277.0,494.3140862962963
2024-06-26 09:02:06+08:00,3278.0,496.10973037037036
2024-06-26 09:02:07+08:00,3279.0,498.05442
2024-06-26 09:02:08+08:00,3280.0,500.12686296296295
2024-06-26 09:02:09+08:00,3281.0,502.305767037037
2024-06-26 09:02:10+08:00,3282.0,504.56984
2024-06-26 09:02:11+08:00,3283.0,506.89778962962964
2024-06-26 09:02:12+08:00,3284.0,509.26832370370374
2024-06-26 09:02:13+08:00,3285.0,511.66015
2024-06-26 09:02:14+08:00,3286.0,514.0519762962963
2024-06-26 09:02:15+08:00,3287.0,516.4225103703703
2024-06-26 09:02:16+08:00,3288.0,518.75046
2024-06-26 09:02:17+08:00,3289.0,521.014532962963
2024-06-26 09:02:18+08:00,3290.0,523.1934370370371
2024-06-26 09:02:19+08:00,3291.0,525.26588
2024-06-26 09:02:20+08:00,3292.0,527.2105696296296
2024-06-26 09:02:21+08:00,3293.0,529.0062137037038
2024-06-26 09:02:22+08:00,3294.0,530.63152
2024-06-26 09:02:23+08:00,3295.0,532.0651962962963
2024-06-26 09:02:24+08:00,3296.0,533.2859503703705
2024-06-26 09:02:25+08:00,3297.0,534.2724900000001
2024-06-26 09:02:26+08:00,3298.0,535.0035229629631
2024-06-26 09:02:27+08:00,3299.0,535.457757037037
2024-06-26 09:02:28+08:00,3300.0,535.6139000000001
2024-06-26 09:02:29+08:00,3301.0,535.485750162963
2024-06-26 09:02:30+08:00,3302.0,535.112950637037
2024-06-26 09:02:31+08:00,3303.0,534.5129764000001
2024-06-26 09:02:32+08:00,3304.0,533.7033024296297
2024-06-26 09:02:33+08:00,3305.0,532.7014037037037
2024-06-26 09:02:34+08:00,3306.0,531.5247552000001
2024-06-26 09:02:35+08:00,3307.0,530.1908318962963
2024-06-26 09:02:36+08:00,3308.0,528.7171087703704
2024-06-26 09:02:37+08:00,3309.0,527.1210608000001
2024-06-26 09:02:38+08:00,3310.0,525.4201629629631
2024-06-26 09:02:39+08:00,3311.0,523.631890237037
2024-06-26 09:02:40+08:00,3312.0,521.7737176
2024-06-26 09:02:41+08:00,3313.0,519.8631200296297
2024-06-26 09:02:42+08:00,3314.0,517.9175725037038
2024-06-26 09:02:43+08:00,3315.0,515.95455
2024-06-26 09:02:44+08:00,3316.0,513.9915274962964
2024-06-26 09:02:45+08:00,3317.0,512.0459799703705
2024-06-26 09:02:46+08:00,3318.0,510.1353824000001
2024-06-26 09:02:47+08:00,3319.0,508.277209762963
2024-06-26 09:02:48+08:00,3320.0,506.48893703703703
2024-06-26 09:02:49+08:00,3321.0,504.7880392
2024-06-26 09:02:50+08:00,3322.0,503.19199122962965
2024-06-26 09:02:51+08:00,3323.0,501.71826810370374
2024-06-26 09:02:52+08:00,3324.0,500.3843448
2024-06-26 09:02:53+08:00,3325.0,499.2076962962963
2024-06-26 09:02:54+08:00,3326.0,498.2057975703704
2024-06-26 09:02:55+08:00,3327.0,497.39612360000007
2024-06-26 09:02:56+08:00,3328.0,496.796149362963
2024-06-26 09:02:57+08:00,3329.0,496.4233498370371
2024-06-26 09:02:58+08:00,3330.0,496.2952
2024-06-26 09:02:59+08:00,3331.0,496.31098491851856
2024-06-26 09:03:00+08:00,3332.0,496.3569046814815
2024-06-26 09:03:01+08:00,3333.0,496.4308068
2024-06-26 09:03:02+08:00,3334.0,496.53053878518523
2024-06-26 09:03:03+08:00,3335.0,496.6539481481482
2024-06-26 09:03:04+08:00,3336.0,496.7988824
2024-06-26 09:03:05+08:00,3337.0,496.9631890518519
2024-06-26 09:03:06+08:00,3338.0,497.1447156148148
2024-06-26 09:03:07+08:00,3339.0,497.34130960000005
2024-06-26 09:03:08+08:00,3340.0,497.55081851851855
2024-06-26 09:03:09+08:00,3341.0,497.7710898814815
2024-06-26 09:03:10+08:00,3342.0,497.9999712
2024-06-26 09:03:11+08:00,3343.0,498.2353099851852
2024-06-26 09:03:12+08:00,3344.0,498.47495374814815
2024-06-26 09:03:13+08:00,3345.0,498.71675
2024-06-26 09:03:14+08:00,3346.0,498.9585462518518
2024-06-26 09:03:15+08:00,3347.0,499.1981900148149
2024-06-26 09:03:16+08:00,3348.0,499.43352880000003
2024-06-26 09:03:17+08:00,3349.0,499.66241011851855
2024-06-26 09:03:18+08:00,3350.0,499.88268148148154
2024-06-26 09:03:19+08:00,3351.0,500.0921904
2024-06-26 09:03:20+08:00,3352.0,500.28878438518524
2024-06-26 09:03:21+08:00,3353.0,500.47031094814815
2024-06-26 09:03:22+08:00,3354.0,500.6346176
2024-06-26 09:03:23+08:00,3355.0,500.77955185185186
2024-06-26 09:03:24+08:00,3356.0,500.90296121481487
2024-06-26 09:03:25+08:00,3357.0,501.0026932
2024-06-26 09:03:26+08:00,3358.0,501.07659531851857
2024-06-26 09:03:27+08:00,3359.0,501.1225150814815
2024-06-26 09:03:28+08:00,3360.0,501.1383
2024-06-26 09:03:29+08:00,3361.0,501.095254962963
2024-06-26 09:03:30+08:00,3362.0,500.97003303703707
2024-06-26 09:03:31+08:00,3363.0,500.768504
2024-06-26 09:03:32+08:00,3364.0,500.49653762962964
2024-06-26 09:03:33+08:00,3365.0,500.1600037037037
2024-06-26 09:03:34+08:00,3366.0,499.76477200000005
2024-06-26 09:03:35+08:00,3367.0,499.3167122962963
2024-06-26 09:03:36+08:00,3368.0,498.8216943703704
2024-06-26 09:03:37+08:00,3369.0,498.285588
2024-06-26 09:03:38+08:00,3370.0,497.714262962963
2024-06-26 09:03:39+08:00,3371.0,497.113589037037
2024-06-26 09:03:40+08:00,3372.0,496.489436
2024-06-26 09:03:41+08:00,3373.0,495.84767362962964
2024-06-26 09:03:42+08:00,3374.0,495.1941717037037
2024-06-26 09:03:43+08:00,3375.0,494.5348
2024-06-26 09:03:44+08:00,3376.0,493.87542829629626
2024-06-26 09:03:45+08:00,3377.0,493.22192637037034
2024-06-26 09:03:46+08:00,3378.0,492.58016399999997
2024-06-26 09:03:47+08:00,3379.0,491.9560109629629
2024-06-26 09:03:48+08:00,3380.0,491.35533703703703
2024-06-26 09:03:49+08:00,3381.0,490.784012
2024-06-26 09:03:50+08:00,3382.0,490.2479056296296
2024-06-26 09:03:51+08:00,3383.0,489.75288770370366
2024-06-26 09:03:52+08:00,3384.0,489.30482799999993
2024-06-26 09:03:53+08:00,3385.0,488.90959629629623
2024-06-26 09:03:54+08:00,3386.0,488.57306237037034
2024-06-26 09:03:55+08:00,3387.0,488.301096
2024-06-26 09:03:56+08:00,3388.0,488.09956696296297
2024-06-26 09:03:57+08:00,3389.0,487.974345037037
2024-06-26 09:03:58+08:00,3390.0,487.93129999999996
2024-06-26 09:03:59+08:00,3391.0,488.00123034074073
2024-06-26 09:04:00+08:00,3392.0,488.2046640592592
2024-06-26 09:04:01+08:00,3393.0,488.5320652
2024-06-26 09:04:02+08:00,3394.0,488.97389780740735
2024-06-26 09:04:03+08:00,3395.0,489.52062592592586
2024-06-26 09:04:04+08:00,3396.0,490.16271359999996
2024-06-26 09:04:05+08:00,3397.0,490.89062487407404
2024-06-26 09:04:06+08:00,3398.0,491.69482379259256
2024-06-26 09:04:07+08:00,3399.0,492.56577439999995
2024-06-26 09:04:08+08:00,3400.0,493.4939407407407
2024-06-26 09:04:09+08:00,3401.0,494.4697868592592
2024-06-26 09:04:10+08:00,3402.0,495.4837768
2024-06-26 09:04:11+08:00,3403.0,496.5263746074074
2024-06-26 09:04:12+08:00,3404.0,497.5880443259259
2024-06-26 09:04:13+08:00,3405.0,498.65925000000004
2024-06-26 09:04:14+08:00,3406.0,499.73045567407405
2024-06-26 09:04:15+08:00,3407.0,500.7921253925926
2024-06-26 09:04:16+08:00,3408.0,501.8347232
2024-06-26 09:04:17+08:00,3409.0,502.84871314074076
2024-06-26 09:04:18+08:00,3410.0,503.8245592592593
2024-06-26 09:04:19+08:00,3411.0,504.7527256
2024-06-26 09:04:20+08:00,3412.0,505.6236762074074
2024-06-26 09:04:21+08:00,3413.0,506.42787512592594
2024-06-26 09:04:22+08:00,3414.0,507.15578639999995
2024-06-26 09:04:23+08:00,3415.0,507.7978740740741
2024-06-26 09:04:24+08:00,3416.0,508.3446021925927
2024-06-26 09:04:25+08:00,3417.0,508.7864348
2024-06-26 09:04:26+08:00,3418.0,509.1138359407407
2024-06-26 09:04:27+08:00,3419.0,509.3172696592593
2024-06-26 09:04:28+08:00,3420.0,509.3872
2024-06-26 09:04:29+08:00,3421.0,508.26196864
2024-06-26 09:04:30+08:00,3422.0,504.98856832
2024-06-26 09:04:31+08:00,3423.0,499.72043967999997
2024-06-26 09:04:32+08:00,3424.0,492.61102336
2024-06-26 09:04:33+08:00,3425.0,483.81376
2024-06-26 09:04:34+08:00,3426.0,473.48209024
2024-06-26 09:04:35+08:00,3427.0,461.76945472000006
2024-06-26 09:04:36+08:00,3428.0,448.82929407999995
2024-06-26 09:04:37+08:00,3429.0,434.81504896
2024-06-26 09:04:38+08:00,3430.0,419.88016
2024-06-26 09:04:39+08:00,3431.0,404.17806784
2024-06-26 09:04:40+08:00,3432.0,387.86221312000004
2024-06-26 09:04:41+08:00,3433.0,371.08603648
2024-06-26 09:04:42+08:00,3434.0,354.00297856
2024-06-26 09:04:43+08:00,3435.0,336.76647999999994
2024-06-26 09:04:44+08:00,3436.0,319.52998144
2024-06-26 09:04:45+08:00,3437.0,302.44692352
2024-06-26 09:04:46+08:00,3438.0,285.6707468799999
2024-06-26 09:04:47+08:00,3439.0,269.35489215999996
2024-06-26 09:04:48+08:00,3440.0,253.65279999999993
2024-06-26 09:04:49+08:00,3441.0,238.71791103999993
2024-06-26 09:04:50+08:00,3442.0,224.70366591999993
2024-06-26 09:04:51+08:00,3443.0,211.76350527999995
2024-06-26 09:04:52+08:00,3444.0,200.05086975999996
2024-06-26 09:04:53+08:00,3445.0,189.7191999999999
2024-06-26 09:04:54+08:00,3446.0,180.9219366399999
2024-06-26 09:04:55+08:00,3447.0,173.81252031999992
2024-06-26 09:04:56+08:00,3448.0,168.54439168
2024-06-26 09:04:57+08:00,3449.0,165.27099135999993
2024-06-26 09:04:58+08:00,3450.0,164.14576
2024-06-26 09:04:59+08:00,3451.0,164.16185964888888
2024-06-26 09:05:00+08:00,3452.0,164.20869499111112
2024-06-26 09:05:01+08:00,3453.0,164.28407062
2024-06-26 09:05:02+08:00,3454.0,164.38579112888888
2024-06-26 09:05:03+08:00,3455.0,164.51166111111112
2024-06-26 09:05:04+08:00,3456.0,164.65948516
2024-06-26 09:05:05+08:00,3457.0,164.8270678688889
2024-06-26 09:05:06+08:00,3458.0,165.0122138311111
2024-06-26 09:05:07+08:00,3459.0,165.21272764
2024-06-26 09:05:08+08:00,3460.0,165.4264138888889
2024-06-26 09:05:09+08:00,3461.0,165.6510771711111
2024-06-26 09:05:10+08:00,3462.0,165.88452207999998
2024-06-26 09:05:11+08:00,3463.0,166.12455320888887
2024-06-26 09:05:12+08:00,3464.0,166.3689751511111
2024-06-26 09:05:13+08:00,3465.0,166.6155925
2024-06-26 09:05:14+08:00,3466.0,166.86220984888888
2024-06-26 09:05:15+08:00,3467.0,167.1066317911111
2024-06-26 09:05:16+08:00,3468.0,167.34666291999997
2024-06-26 09:05:17+08:00,3469.0,167.58010782888886
2024-06-26 09:05:18+08:00,3470.0,167.8047711111111
2024-06-26 09:05:19+08:00,3471.0,168.01845736
2024-06-26 09:05:20+08:00,3472.0,168.21897116888888
2024-06-26 09:05:21+08:00,3473.0,168.4041171311111
2024-06-26 09:05:22+08:00,3474.0,168.57169984
2024-06-26 09:05:23+08:00,3475.0,168.7195238888889
2024-06-26 09:05:24+08:00,3476.0,168.8453938711111
2024-06-26 09:05:25+08:00,3477.0,168.94711438
2024-06-26 09:05:26+08:00,3478.0,169.02249000888887
2024-06-26 09:05:27+08:00,3479.0,169.0693253511111
2024-06-26 09:05:28+08:00,3480.0,169.085425
2024-06-26 09:05:29+08:00,3481.0,168.98484020148146
2024-06-26 09:05:30+08:00,3482.0,168.6922298785185
2024-06-26 09:05:31+08:00,3483.0,168.22131013999999
2024-06-26 09:05:32+08:00,3484.0,167.5857970948148
2024-06-26 09:05:33+08:00,3485.0,166.7994068518518
2024-06-26 09:05:34+08:00,3486.0,165.87585552
2024-06-26 09:05:35+08:00,3487.0,164.82885920814815
2024-06-26 09:05:36+08:00,3488.0,163.6721340251852
2024-06-26 09:05:37+08:00,3489.0,162.41939607999998
2024-06-26 09:05:38+08:00,3490.0,161.08436148148147
2024-06-26 09:05:39+08:00,3491.0,159.68074633851853
2024-06-26 09:05:40+08:00,3492.0,158.22226676
2024-06-26 09:05:41+08:00,3493.0,156.7226388548148
2024-06-26 09:05:42+08:00,3494.0,155.19557873185184
2024-06-26 09:05:43+08:00,3495.0,153.6548025
2024-06-26 09:05:44+08:00,3496.0,152.11402626814814
2024-06-26 09:05:45+08:00,3497.0,150.58696614518516
2024-06-26 09:05:46+08:00,3498.0,149.08733823999998
2024-06-26 09:05:47+08:00,3499.0,147.62885866148144
2024-06-26 09:05:48+08:00,3500.0,146.2252435185185
2024-06-26 09:05:49+08:00,3501.0,144.89020892
2024-06-26 09:05:50+08:00,3502.0,143.6374709748148
2024-06-26 09:05:51+08:00,3503.0,142.48074579185183
2024-06-26 09:05:52+08:00,3504.0,141.43374948
2024-06-26 09:05:53+08:00,3505.0,140.51019814814813
2024-06-26 09:05:54+08:00,3506.0,139.72380790518517
2024-06-26 09:05:55+08:00,3507.0,139.08829486
2024-06-26 09:05:56+08:00,3508.0,138.61737512148147
2024-06-26 09:05:57+08:00,3509.0,138.32476479851852
2024-06-26 09:05:58+08:00,3510.0,138.22418
2024-06-26 09:05:59+08:00,3511.0,138.22908622162961
2024-06-26 09:06:00+08:00,3512.0,138.24335886637036
2024-06-26 09:06:01+08:00,3513.0,138.266328904
2024-06-26 09:06:02+08:00,3514.0,138.2973273042963
2024-06-26 09:06:03+08:00,3515.0,138.33568503703702
2024-06-26 09:06:04+08:00,3516.0,138.380733072
2024-06-26 09:06:05+08:00,3517.0,138.43180237896297
2024-06-26 09:06:06+08:00,3518.0,138.4882239277037
2024-06-26 09:06:07+08:00,3519.0,138.549328688
2024-06-26 09:06:08+08:00,3520.0,138.61444762962964
2024-06-26 09:06:09+08:00,3521.0,138.68291172237036
2024-06-26 09:06:10+08:00,3522.0,138.754051936
2024-06-26 09:06:11+08:00,3523.0,138.8271992402963
2024-06-26 09:06:12+08:00,3524.0,138.90168460503702
2024-06-26 09:06:13+08:00,3525.0,138.976839
2024-06-26 09:06:14+08:00,3526.0,139.05199339496295
2024-06-26 09:06:15+08:00,3527.0,139.1264787597037
2024-06-26 09:06:16+08:00,3528.0,139.199626064
2024-06-26 09:06:17+08:00,3529.0,139.2707662776296
2024-06-26 09:06:18+08:00,3530.0,139.3392303703704
2024-06-26 09:06:19+08:00,3531.0,139.404349312
2024-06-26 09:06:20+08:00,3532.0,139.4654540722963
2024-06-26 09:06:21+08:00,3533.0,139.52187562103705
2024-06-26 09:06:22+08:00,3534.0,139.57294492800003
2024-06-26 09:06:23+08:00,3535.0,139.61799296296294
2024-06-26 09:06:24+08:00,3536.0,139.6563506957037
2024-06-26 09:06:25+08:00,3537.0,139.687349096
2024-06-26 09:06:26+08:00,3538.0,139.7103191336296
2024-06-26 09:06:27+08:00,3539.0,139.72459177837038
2024-06-26 09:06:28+08:00,3540.0,139.729498
2024-06-26 09:06:29+08:00,3541.0,139.53916573985188
2024-06-26 09:06:30+08:00,3542.0,138.98547189214815
2024-06-26 09:06:31+08:00,3543.0,138.094370856
2024-06-26 09:06:32+08:00,3544.0,136.89181703051852
2024-06-26 09:06:33+08:00,3545.0,135.4037648148148
2024-06-26 09:06:34+08:00,3546.0,133.656168608
2024-06-26 09:06:35+08:00,3547.0,131.67498280918517
2024-06-26 09:06:36+08:00,3548.0,129.48616181748147
2024-06-26 09:06:37+08:00,3549.0,127.115660032
2024-06-26 09:06:38+08:00,3550.0,124.58943185185186
2024-06-26 09:06:39+08:00,3551.0,121.93343167614815
2024-06-26 09:06:40+08:00,3552.0,119.17361390399999
2024-06-26 09:06:41+08:00,3553.0,116.33593293451852
2024-06-26 09:06:42+08:00,3554.0,113.44634316681481
2024-06-26 09:06:43+08:00,3555.0,110.530799
2024-06-26 09:06:44+08:00,3556.0,107.61525483318519
2024-06-26 09:06:45+08:00,3557.0,104.72566506548148
2024-06-26 09:06:46+08:00,3558.0,101.887984096
2024-06-26 09:06:47+08:00,3559.0,99.12816632385186
2024-06-26 09:06:48+08:00,3560.0,96.47216614814815
2024-06-26 09:06:49+08:00,3561.0,93.94593796800001
2024-06-26 09:06:50+08:00,3562.0,91.57543618251852
2024-06-26 09:06:51+08:00,3563.0,89.38661519081481
2024-06-26 09:06:52+08:00,3564.0,87.405429392
2024-06-26 09:06:53+08:00,3565.0,85.65783318518518
2024-06-26 09:06:54+08:00,3566.0,84.16978096948148
2024-06-26 09:06:55+08:00,3567.0,82.96722714399999
2024-06-26 09:06:56+08:00,3568.0,82.07612610785185
2024-06-26 09:06:57+08:00,3569.0,81.52243226014816
2024-06-26 09:06:58+08:00,3570.0,81.3321
2024-06-26 09:06:59+08:00,3571.0,81.33283744482894
2024-06-26 09:07:00+08:00,3572.0,81.33503267581446
2024-06-26 09:07:01+08:00,3573.0,81.33866003770461
2024-06-26 09:07:02+08:00,3574.0,81.34369387524741
2024-06-26 09:07:03+08:00,3575.0,81.35010853319089
2024-06-26 09:07:04+08:00,3576.0,81.35787835628308
2024-06-26 09:07:05+08:00,3577.0,81.36697768927205
2024-06-26 09:07:06+08:00,3578.0,81.37738087690579
2024-06-26 09:07:07+08:00,3579.0,81.38906226393233
2024-06-26 09:07:08+08:00,3580.0,81.40199619509976
2024-06-26 09:07:09+08:00,3581.0,81.41615701515605
2024-06-26 09:07:10+08:00,3582.0,81.43151906884928
2024-06-26 09:07:11+08:00,3583.0,81.44805670092745
2024-06-26 09:07:12+08:00,3584.0,81.46574425613862
2024-06-26 09:07:13+08:00,3585.0,81.48455607923083
2024-06-26 09:07:14+08:00,3586.0,81.50446651495209
2024-06-26 09:07:15+08:00,3587.0,81.52544990805043
2024-06-26 09:07:16+08:00,3588.0,81.54748060327393
2024-06-26 09:07:17+08:00,3589.0,81.57053294537054
2024-06-26 09:07:18+08:00,3590.0,81.59458127908839
2024-06-26 09:07:19+08:00,3591.0,81.61959994917545
2024-06-26 09:07:20+08:00,3592.0,81.64556330037979
2024-06-26 09:07:21+08:00,3593.0,81.6724456774494
2024-06-26 09:07:22+08:00,3594.0,81.70022142513237
2024-06-26 09:07:23+08:00,3595.0,81.7288648881767
2024-06-26 09:07:24+08:00,3596.0,81.75835041133041
2024-06-26 09:07:25+08:00,3597.0,81.78865233934158
2024-06-26 09:07:26+08:00,3598.0,81.81974501695821
2024-06-26 09:07:27+08:00,3599.0,81.85160278892833
2024-06-26 09:07:28+08:00,3600.0,81.88419999999999
2024-06-26 09:07:29+08:00,3601.0,81.92133032662213
2024-06-26 09:07:30+08:00,3602.0,81.96680223696848
2024-06-26 09:07:31+08:00,3603.0,82.02061226337436
2024-06-26 09:07:32+08:00,3604.0,82.08275693817507
2024-06-26 09:07:33+08:00,3605.0,82.15323279370585
2024-06-26 09:07:34+08:00,3606.0,82.2320363623021
2024-06-26 09:07:35+08:00,3607.0,82.319164176299
2024-06-26 09:07:36+08:00,3608.0,82.41461276803193
2024-06-26 09:07:37+08:00,3609.0,82.51837866983614
2024-06-26 09:07:38+08:00,3610.0,82.63045841404693
2024-06-26 09:07:39+08:00,3611.0,82.75084853299961
2024-06-26 09:07:40+08:00,3612.0,82.87954555902947
2024-06-26 09:07:41+08:00,3613.0,83.01654602447181
2024-06-26 09:07:42+08:00,3614.0,83.1618464616619
2024-06-26 09:07:43+08:00,3615.0,83.31544340293505
2024-06-26 09:07:44+08:00,3616.0,83.47733338062656
2024-06-26 09:07:45+08:00,3617.0,83.64751292707172
2024-06-26 09:07:46+08:00,3618.0,83.82597857460581
2024-06-26 09:07:47+08:00,3619.0,84.01272685556415
2024-06-26 09:07:48+08:00,3620.0,84.20775430228204
2024-06-26 09:07:49+08:00,3621.0,84.41105744709473
2024-06-26 09:07:50+08:00,3622.0,84.62263282233756
2024-06-26 09:07:51+08:00,3623.0,84.84247696034582
2024-06-26 09:07:52+08:00,3624.0,85.07058639345476
2024-06-26 09:07:53+08:00,3625.0,85.30695765399973
2024-06-26 09:07:54+08:00,3626.0,85.551587274316
2024-06-26 09:07:55+08:00,3627.0,85.80447178673887
2024-06-26 09:07:56+08:00,3628.0,86.06560772360363
2024-06-26 09:07:57+08:00,3629.0,86.33499161724558
2024-06-26 09:07:58+08:00,3630.0,86.61261999999999
2024-06-26 09:07:59+08:00,3631.0,87.00559675718472
2024-06-26 09:08:00+08:00,3632.0,87.61048962132263
2024-06-26 09:08:01+08:00,3633.0,88.41149089555648
2024-06-26 09:08:02+08:00,3634.0,89.39279288302916
2024-06-26 09:08:03+08:00,3635.0,90.53858788688343
2024-06-26 09:08:04+08:00,3636.0,91.83306821026213
2024-06-26 09:08:05+08:00,3637.0,93.26042615630806
2024-06-26 09:08:06+08:00,3638.0,94.80485402816404
2024-06-26 09:08:07+08:00,3639.0,96.4505441289729
2024-06-26 09:08:08+08:00,3640.0,98.18168876187747
2024-06-26 09:08:09+08:00,3641.0,99.98248023002051
2024-06-26 09:08:10+08:00,3642.0,101.8371108365449
2024-06-26 09:08:11+08:00,3643.0,103.7297728845934
2024-06-26 09:08:12+08:00,3644.0,105.64465867730887
2024-06-26 09:08:13+08:00,3645.0,107.56596051783413
2024-06-26 09:08:14+08:00,3646.0,109.47787070931193
2024-06-26 09:08:15+08:00,3647.0,111.36458155488516
2024-06-26 09:08:16+08:00,3648.0,113.21028535769659
2024-06-26 09:08:17+08:00,3649.0,114.99917442088909
2024-06-26 09:08:18+08:00,3650.0,116.71544104760541
2024-06-26 09:08:19+08:00,3651.0,118.34327754098841
2024-06-26 09:08:20+08:00,3652.0,119.86687620418085
2024-06-26 09:08:21+08:00,3653.0,121.27042934032565
2024-06-26 09:08:22+08:00,3654.0,122.53812925256553
2024-06-26 09:08:23+08:00,3655.0,123.65416824404335
2024-06-26 09:08:24+08:00,3656.0,124.6027386179019
2024-06-26 09:08:25+08:00,3657.0,125.36803267728403
2024-06-26 09:08:26+08:00,3658.0,125.93424272533255
2024-06-26 09:08:27+08:00,3659.0,126.28556106519027
2024-06-26 09:08:28+08:00,3660.0,126.40618
2024-06-26 09:08:29+08:00,3661.0,126.30689257286126
2024-06-26 09:08:30+08:00,3662.0,126.01741144154845
2024-06-26 09:08:31+08:00,3663.0,125.5503083312167
2024-06-26 09:08:32+08:00,3664.0,124.91815496702118
2024-06-26 09:08:33+08:00,3665.0,124.13352307411701
2024-06-26 09:08:34+08:00,3666.0,123.20898437765935
2024-06-26 09:08:35+08:00,3667.0,122.15711060280334
2024-06-26 09:08:36+08:00,3668.0,120.99047347470413
2024-06-26 09:08:37+08:00,3669.0,119.72164471851684
2024-06-26 09:08:38+08:00,3670.0,118.36319605939664
2024-06-26 09:08:39+08:00,3671.0,116.92769922249866
2024-06-26 09:08:40+08:00,3672.0,115.42772593297803
2024-06-26 09:08:41+08:00,3673.0,113.87584791598994
2024-06-26 09:08:42+08:00,3674.0,112.28463689668948
2024-06-26 09:08:43+08:00,3675.0,110.66666460023183
2024-06-26 09:08:44+08:00,3676.0,109.03450275177211
2024-06-26 09:08:45+08:00,3677.0,107.40072307646547
2024-06-26 09:08:46+08:00,3678.0,105.77789729946704
2024-06-26 09:08:47+08:00,3679.0,104.17859714593202
2024-06-26 09:08:48+08:00,3680.0,102.61539434101549
2024-06-26 09:08:49+08:00,3681.0,101.10086060987261
2024-06-26 09:08:50+08:00,3682.0,99.64756767765856
2024-06-26 09:08:51+08:00,3683.0,98.26808726952842
2024-06-26 09:08:52+08:00,3684.0,96.97499111063739
2024-06-26 09:08:53+08:00,3685.0,95.78085092614057
2024-06-26 09:08:54+08:00,3686.0,94.69823844119315
2024-06-26 09:08:55+08:00,3687.0,93.73972538095023
2024-06-26 09:08:56+08:00,3688.0,92.91788347056698
2024-06-26 09:08:57+08:00,3689.0,92.24528443519851
2024-06-26 09:08:58+08:00,3690.0,91.7345
2024-06-26 09:08:59+08:00,3691.0,91.31221419693796
2024-06-26 09:09:00+08:00,3692.0,90.8970185232781
2024-06-26 09:09:01+08:00,3693.0,90.48934590212437
2024-06-26 09:09:02+08:00,3694.0,90.08962925658065
2024-06-26 09:09:03+08:00,3695.0,89.69830150975089
2024-06-26 09:09:04+08:00,3696.0,89.31579558473896
2024-06-26 09:09:05+08:00,3697.0,88.94254440464881
2024-06-26 09:09:06+08:00,3698.0,88.57898089258437
2024-06-26 09:09:07+08:00,3699.0,88.22553797164954
2024-06-26 09:09:08+08:00,3700.0,87.88264856494825
2024-06-26 09:09:09+08:00,3701.0,87.5507455955844
2024-06-26 09:09:10+08:00,3702.0,87.23026198666194
2024-06-26 09:09:11+08:00,3703.0,86.92163066128478
2024-06-26 09:09:12+08:00,3704.0,86.62528454255683
2024-06-26 09:09:13+08:00,3705.0,86.341656553582
2024-06-26 09:09:14+08:00,3706.0,86.07117961746422
2024-06-26 09:09:15+08:00,3707.0,85.8142866573074
2024-06-26 09:09:16+08:00,3708.0,85.57141059621549
2024-06-26 09:09:17+08:00,3709.0,85.34298435729237
2024-06-26 09:09:18+08:00,3710.0,85.12944086364196
2024-06-26 09:09:19+08:00,3711.0,84.93121303836821
2024-06-26 09:09:20+08:00,3712.0,84.74873380457502
2024-06-26 09:09:21+08:00,3713.0,84.5824360853663
2024-06-26 09:09:22+08:00,3714.0,84.43275280384599
2024-06-26 09:09:23+08:00,3715.0,84.30011688311802
2024-06-26 09:09:24+08:00,3716.0,84.18496124628628
2024-06-26 09:09:25+08:00,3717.0,84.08771881645468
2024-06-26 09:09:26+08:00,3718.0,84.00882251672715
2024-06-26 09:09:27+08:00,3719.0,83.94870527020761
2024-06-26 09:09:28+08:00,3720.0,83.90780000000001
2024-06-26 09:09:29+08:00,3721.0,83.87807009529446
2024-06-26 09:09:30+08:00,3722.0,83.85106084122722
2024-06-26 09:09:31+08:00,3723.0,83.82657800482131
2024-06-26 09:09:32+08:00,3724.0,83.80442735309974
2024-06-26 09:09:33+08:00,3725.0,83.78441465308558
2024-06-26 09:09:34+08:00,3726.0,83.76634567180183
2024-06-26 09:09:35+08:00,3727.0,83.75002617627153
2024-06-26 09:09:36+08:00,3728.0,83.73526193351773
2024-06-26 09:09:37+08:00,3729.0,83.72185871056345
2024-06-26 09:09:38+08:00,3730.0,83.7096222744317
2024-06-26 09:09:39+08:00,3731.0,83.69835839214555
2024-06-26 09:09:40+08:00,3732.0,83.68787283072798
2024-06-26 09:09:41+08:00,3733.0,83.67797135720208
2024-06-26 09:09:42+08:00,3734.0,83.66845973859084
2024-06-26 09:09:43+08:00,3735.0,83.65914374191729
2024-06-26 09:09:44+08:00,3736.0,83.64982913420451
2024-06-26 09:09:45+08:00,3737.0,83.64032168247546
2024-06-26 09:09:46+08:00,3738.0,83.63042715375323
2024-06-26 09:09:47+08:00,3739.0,83.61995131506082
2024-06-26 09:09:48+08:00,3740.0,83.60869993342128
2024-06-26 09:09:49+08:00,3741.0,83.59647877585763
2024-06-26 09:09:50+08:00,3742.0,83.58309360939289
2024-06-26 09:09:51+08:00,3743.0,83.56835020105012
2024-06-26 09:09:52+08:00,3744.0,83.55205431785232
2024-06-26 09:09:53+08:00,3745.0,83.53401172682254
2024-06-26 09:09:54+08:00,3746.0,83.51402819498381
2024-06-26 09:09:55+08:00,3747.0,83.49190948935916
2024-06-26 09:09:56+08:00,3748.0,83.46746137697161
2024-06-26 09:09:57+08:00,3749.0,83.44048962484422
2024-06-26 09:09:58+08:00,3750.0,83.4108
2024-06-26 09:09:59+08:00,3751.0,83.35677671487115
2024-06-26 09:10:00+08:00,3752.0,83.25906333733144
2024-06-26 09:10:01+08:00,3753.0,83.12085466756623
2024-06-26 09:10:02+08:00,3754.0,82.94534550576091
2024-06-26 09:10:03+08:00,3755.0,82.73573065210081
2024-06-26 09:10:04+08:00,3756.0,82.49520490677133
2024-06-26 09:10:05+08:00,3757.0,82.22696306995785
2024-06-26 09:10:06+08:00,3758.0,81.93419994184566
2024-06-26 09:10:07+08:00,3759.0,81.6201103226202
2024-06-26 09:10:08+08:00,3760.0,81.28788901246682
2024-06-26 09:10:09+08:00,3761.0,80.94073081157089
2024-06-26 09:10:10+08:00,3762.0,80.58183052011775
2024-06-26 09:10:11+08:00,3763.0,80.21438293829279
2024-06-26 09:10:12+08:00,3764.0,79.84158286628137
2024-06-26 09:10:13+08:00,3765.0,79.46662510426887
2024-06-26 09:10:14+08:00,3766.0,79.09270445244066
2024-06-26 09:10:15+08:00,3767.0,78.72301571098207
2024-06-26 09:10:16+08:00,3768.0,78.36075368007849
2024-06-26 09:10:17+08:00,3769.0,78.0091131599153
2024-06-26 09:10:18+08:00,3770.0,77.67128895067785
2024-06-26 09:10:19+08:00,3771.0,77.35047585255151
2024-06-26 09:10:20+08:00,3772.0,77.04986866572165
2024-06-26 09:10:21+08:00,3773.0,76.77266219037362
2024-06-26 09:10:22+08:00,3774.0,76.52205122669282
2024-06-26 09:10:23+08:00,3775.0,76.30123057486459
2024-06-26 09:10:24+08:00,3776.0,76.11339503507432
2024-06-26 09:10:25+08:00,3777.0,75.96173940750735
2024-06-26 09:10:26+08:00,3778.0,75.84945849234906
2024-06-26 09:10:27+08:00,3779.0,75.77974708978482
2024-06-26 09:10:28+08:00,3780.0,75.7558
2024-06-26 09:10:29+08:00,3781.0,75.76849655506287
2024-06-26 09:10:30+08:00,3782.0,75.80570836591332
2024-06-26 09:10:31+08:00,3783.0,75.86611865104408
2024-06-26 09:10:32+08:00,3784.0,75.94841062894785
2024-06-26 09:10:33+08:00,3785.0,76.05126751811746
2024-06-26 09:10:34+08:00,3786.0,76.17337253704558
2024-06-26 09:10:35+08:00,3787.0,76.31340890422496
2024-06-26 09:10:36+08:00,3788.0,76.47005983814836
2024-06-26 09:10:37+08:00,3789.0,76.64200855730849
2024-06-26 09:10:38+08:00,3790.0,76.82793828019811
2024-06-26 09:10:39+08:00,3791.0,77.02653222530995
2024-06-26 09:10:40+08:00,3792.0,77.23647361113674
2024-06-26 09:10:41+08:00,3793.0,77.45644565617125
2024-06-26 09:10:42+08:00,3794.0,77.6851315789062
2024-06-26 09:10:43+08:00,3795.0,77.92121459783431
2024-06-26 09:10:44+08:00,3796.0,78.16337793144834
2024-06-26 09:10:45+08:00,3797.0,78.41030479824104
2024-06-26 09:10:46+08:00,3798.0,78.66067841670512
2024-06-26 09:10:47+08:00,3799.0,78.91318200533335
2024-06-26 09:10:48+08:00,3800.0,79.16649878261846
2024-06-26 09:10:49+08:00,3801.0,79.41931196705315
2024-06-26 09:10:50+08:00,3802.0,79.67030477713021
2024-06-26 09:10:51+08:00,3803.0,79.91816043134236
2024-06-26 09:10:52+08:00,3804.0,80.16156214818234
2024-06-26 09:10:53+08:00,3805.0,80.39919314614289
2024-06-26 09:10:54+08:00,3806.0,80.62973664371674
2024-06-26 09:10:55+08:00,3807.0,80.85187585939664
2024-06-26 09:10:56+08:00,3808.0,81.06429401167533
2024-06-26 09:10:57+08:00,3809.0,81.26567431904553
2024-06-26 09:10:58+08:00,3810.0,81.4547
2024-06-26 09:10:59+08:00,3811.0,81.64230496984337
2024-06-26 09:11:00+08:00,3812.0,81.8395522994358
2024-06-26 09:11:01+08:00,3813.0,82.04531894060337
2024-06-26 09:11:02+08:00,3814.0,82.25848184517216
2024-06-26 09:11:03+08:00,3815.0,82.47791796496823
2024-06-26 09:11:04+08:00,3816.0,82.70250425181767
2024-06-26 09:11:05+08:00,3817.0,82.93111765754652
2024-06-26 09:11:06+08:00,3818.0,83.1626351339809
2024-06-26 09:11:07+08:00,3819.0,83.39593363294684
2024-06-26 09:11:08+08:00,3820.0,83.62989010627044
2024-06-26 09:11:09+08:00,3821.0,83.86338150577775
2024-06-26 09:11:10+08:00,3822.0,84.09528478329487
2024-06-26 09:11:11+08:00,3823.0,84.32447689064786
2024-06-26 09:11:12+08:00,3824.0,84.54983477966277
2024-06-26 09:11:13+08:00,3825.0,84.77023540216568
2024-06-26 09:11:14+08:00,3826.0,84.9845557099827
2024-06-26 09:11:15+08:00,3827.0,85.19167265493986
2024-06-26 09:11:16+08:00,3828.0,85.39046318886325
2024-06-26 09:11:17+08:00,3829.0,85.57980426357894
2024-06-26 09:11:18+08:00,3830.0,85.75857283091301
2024-06-26 09:11:19+08:00,3831.0,85.92564584269152
2024-06-26 09:11:20+08:00,3832.0,86.07990025074054
2024-06-26 09:11:21+08:00,3833.0,86.22021300688615
2024-06-26 09:11:22+08:00,3834.0,86.34546106295441
2024-06-26 09:11:23+08:00,3835.0,86.45452137077143
2024-06-26 09:11:24+08:00,3836.0,86.54627088216324
2024-06-26 09:11:25+08:00,3837.0,86.61958654895594
2024-06-26 09:11:26+08:00,3838.0,86.67334532297558
2024-06-26 09:11:27+08:00,3839.0,86.70642415604824
2024-06-26 09:11:28+08:00,3840.0,86.71770000000001
2024-06-26 09:11:29+08:00,3841.0,86.70296549792737
2024-06-26 09:11:30+08:00,3842.0,86.66000451306815
2024-06-26 09:11:31+08:00,3843.0,86.59068082746035
2024-06-26 09:11:32+08:00,3844.0,86.49685822314197
2024-06-26 09:11:33+08:00,3845.0,86.38040048215106
2024-06-26 09:11:34+08:00,3846.0,86.24317138652563
2024-06-26 09:11:35+08:00,3847.0,86.08703471830367
2024-06-26 09:11:36+08:00,3848.0,85.91385425952325
2024-06-26 09:11:37+08:00,3849.0,85.72549379222232
2024-06-26 09:11:38+08:00,3850.0,85.52381709843894
2024-06-26 09:11:39+08:00,3851.0,85.31068796021111
2024-06-26 09:11:40+08:00,3852.0,85.08797015957686
2024-06-26 09:11:41+08:00,3853.0,84.8575274785742
2024-06-26 09:11:42+08:00,3854.0,84.62122369924113
2024-06-26 09:11:43+08:00,3855.0,84.3809226036157
2024-06-26 09:11:44+08:00,3856.0,84.13848797373589
2024-06-26 09:11:45+08:00,3857.0,83.89578359163974
2024-06-26 09:11:46+08:00,3858.0,83.6546732393653
2024-06-26 09:11:47+08:00,3859.0,83.4170206989505
2024-06-26 09:11:48+08:00,3860.0,83.18468975243341
2024-06-26 09:11:49+08:00,3861.0,82.95954418185205
2024-06-26 09:11:50+08:00,3862.0,82.74344776924443
2024-06-26 09:11:51+08:00,3863.0,82.53826429664856
2024-06-26 09:11:52+08:00,3864.0,82.34585754610247
2024-06-26 09:11:53+08:00,3865.0,82.16809129964416
2024-06-26 09:11:54+08:00,3866.0,82.00682933931165
2024-06-26 09:11:55+08:00,3867.0,81.86393544714296
2024-06-26 09:11:56+08:00,3868.0,81.74127340517613
2024-06-26 09:11:57+08:00,3869.0,81.64070699544912
2024-06-26 09:11:58+08:00,3870.0,81.5641
2024-06-26 09:11:59+08:00,3871.0,81.50254876692826
2024-06-26 09:12:00+08:00,3872.0,81.44568198362235
2024-06-26 09:12:01+08:00,3873.0,81.39316194105373
2024-06-26 09:12:02+08:00,3874.0,81.34465093019382
2024-06-26 09:12:03+08:00,3875.0,81.29981124201404
2024-06-26 09:12:04+08:00,3876.0,81.25830516748583
2024-06-26 09:12:05+08:00,3877.0,81.21979499758062
2024-06-26 09:12:06+08:00,3878.0,81.18394302326985
2024-06-26 09:12:07+08:00,3879.0,81.15041153552492
2024-06-26 09:12:08+08:00,3880.0,81.1188628253173
2024-06-26 09:12:09+08:00,3881.0,81.08895918361839
2024-06-26 09:12:10+08:00,3882.0,81.06036290139964
2024-06-26 09:12:11+08:00,3883.0,81.03273626963248
2024-06-26 09:12:12+08:00,3884.0,81.00574157928833
2024-06-26 09:12:13+08:00,3885.0,80.97904112133864
2024-06-26 09:12:14+08:00,3886.0,80.9522971867548
2024-06-26 09:12:15+08:00,3887.0,80.9251720665083
2024-06-26 09:12:16+08:00,3888.0,80.89732805157053
2024-06-26 09:12:17+08:00,3889.0,80.86842743291294
2024-06-26 09:12:18+08:00,3890.0,80.83813250150695
2024-06-26 09:12:19+08:00,3891.0,80.80610554832398
2024-06-26 09:12:20+08:00,3892.0,80.77200886433549
2024-06-26 09:12:21+08:00,3893.0,80.73550474051288
2024-06-26 09:12:22+08:00,3894.0,80.69625546782761
2024-06-26 09:12:23+08:00,3895.0,80.6539233372511
2024-06-26 09:12:24+08:00,3896.0,80.60817063975477
2024-06-26 09:12:25+08:00,3897.0,80.55865966631006
2024-06-26 09:12:26+08:00,3898.0,80.50505270788841
2024-06-26 09:12:27+08:00,3899.0,80.44701205546124
2024-06-26 09:12:28+08:00,3900.0,80.38419999999999
2024-06-26 09:12:29+08:00,3901.0,80.30435737994472
2024-06-26 09:12:30+08:00,3902.0,80.19687024571009
2024-06-26 09:12:31+08:00,3903.0,80.06386870622958
2024-06-26 09:12:32+08:00,3904.0,79.90748287043658
2024-06-26 09:12:33+08:00,3905.0,79.72984284726449
2024-06-26 09:12:34+08:00,3906.0,79.53307874564676
2024-06-26 09:12:35+08:00,3907.0,79.31932067451676
2024-06-26 09:12:36+08:00,3908.0,79.09069874280796
2024-06-26 09:12:37+08:00,3909.0,78.8493430594537
2024-06-26 09:12:38+08:00,3910.0,78.59738373338745
2024-06-26 09:12:39+08:00,3911.0,78.33695087354262
2024-06-26 09:12:40+08:00,3912.0,78.07017458885261
2024-06-26 09:12:41+08:00,3913.0,77.79918498825084
2024-06-26 09:12:42+08:00,3914.0,77.52611218067072
2024-06-26 09:12:43+08:00,3915.0,77.25308627504566
2024-06-26 09:12:44+08:00,3916.0,76.9822373803091
2024-06-26 09:12:45+08:00,3917.0,76.71569560539444
2024-06-26 09:12:46+08:00,3918.0,76.45559105923508
2024-06-26 09:12:47+08:00,3919.0,76.20405385076445
2024-06-26 09:12:48+08:00,3920.0,75.96321408891596
2024-06-26 09:12:49+08:00,3921.0,75.73520188262303
2024-06-26 09:12:50+08:00,3922.0,75.52214734081907
2024-06-26 09:12:51+08:00,3923.0,75.32618057243748
2024-06-26 09:12:52+08:00,3924.0,75.1494316864117
2024-06-26 09:12:53+08:00,3925.0,74.99403079167514
2024-06-26 09:12:54+08:00,3926.0,74.86210799716119
2024-06-26 09:12:55+08:00,3927.0,74.75579341180331
2024-06-26 09:12:56+08:00,3928.0,74.67721714453485
2024-06-26 09:12:57+08:00,3929.0,74.6285093042893
2024-06-26 09:12:58+08:00,3930.0,74.61180000000002
2024-06-26 09:12:59+08:00,3931.0,74.63061297457679
2024-06-26 09:13:00+08:00,3932.0,74.68628146503215
2024-06-26 09:13:01+08:00,3933.0,74.77764982145368
2024-06-26 09:13:02+08:00,3934.0,74.90356239392892
2024-06-26 09:13:03+08:00,3935.0,75.06286353254545
2024-06-26 09:13:04+08:00,3936.0,75.25439758739081
2024-06-26 09:13:05+08:00,3937.0,75.47700890855259
2024-06-26 09:13:06+08:00,3938.0,75.72954184611835
2024-06-26 09:13:07+08:00,3939.0,76.01084075017565
2024-06-26 09:13:08+08:00,3940.0,76.31974997081205
2024-06-26 09:13:09+08:00,3941.0,76.6551138581151
2024-06-26 09:13:10+08:00,3942.0,77.01577676217241
2024-06-26 09:13:11+08:00,3943.0,77.40058303307148
2024-06-26 09:13:12+08:00,3944.0,77.80837702089994
2024-06-26 09:13:13+08:00,3945.0,78.23800307574531
2024-06-26 09:13:14+08:00,3946.0,78.68830554769518
2024-06-26 09:13:15+08:00,3947.0,79.15812878683708
2024-06-26 09:13:16+08:00,3948.0,79.6463171432586
2024-06-26 09:13:17+08:00,3949.0,80.1517149670473
2024-06-26 09:13:18+08:00,3950.0,80.67316660829074
2024-06-26 09:13:19+08:00,3951.0,81.20951641707649
2024-06-26 09:13:20+08:00,3952.0,81.7596087434921
2024-06-26 09:13:21+08:00,3953.0,82.32228793762515
2024-06-26 09:13:22+08:00,3954.0,82.8963983495632
2024-06-26 09:13:23+08:00,3955.0,83.4807843293938
2024-06-26 09:13:24+08:00,3956.0,84.07429022720454
2024-06-26 09:13:25+08:00,3957.0,84.67576039308297
2024-06-26 09:13:26+08:00,3958.0,85.28403917711664
2024-06-26 09:13:27+08:00,3959.0,85.89797092939313
2024-06-26 09:13:28+08:00,3960.0,86.5164
2024-06-26 09:13:29+08:00,3961.0,87.19390092463804
2024-06-26 09:13:30+08:00,3962.0,87.98160443538687
2024-06-26 09:13:31+08:00,3963.0,88.87318917690234
2024-06-26 09:13:32+08:00,3964.0,89.86233379384026
2024-06-26 09:13:33+08:00,3965.0,90.94271693085645
2024-06-26 09:13:34+08:00,3966.0,92.10801723260676
2024-06-26 09:13:35+08:00,3967.0,93.351913343747
2024-06-26 09:13:36+08:00,3968.0,94.66808390893299
2024-06-26 09:13:37+08:00,3969.0,96.05020757282058
2024-06-26 09:13:38+08:00,3970.0,97.4919629800656
2024-06-26 09:13:39+08:00,3971.0,98.98702877532386
2024-06-26 09:13:40+08:00,3972.0,100.52908360325121
2024-06-26 09:13:41+08:00,3973.0,102.11180610850347
2024-06-26 09:13:42+08:00,3974.0,103.72887493573646
2024-06-26 09:13:43+08:00,3975.0,105.373968729606
2024-06-26 09:13:44+08:00,3976.0,107.04076613476794
2024-06-26 09:13:45+08:00,3977.0,108.7229457958781
2024-06-26 09:13:46+08:00,3978.0,110.41418635759231
2024-06-26 09:13:47+08:00,3979.0,112.10816646456641
2024-06-26 09:13:48+08:00,3980.0,113.79856476145619
2024-06-26 09:13:49+08:00,3981.0,115.47905989291752
2024-06-26 09:13:50+08:00,3982.0,117.1433305036062
2024-06-26 09:13:51+08:00,3983.0,118.78505523817806
2024-06-26 09:13:52+08:00,3984.0,120.39791274128895
2024-06-26 09:13:53+08:00,3985.0,121.97558165759469
2024-06-26 09:13:54+08:00,3986.0,123.51174063175107
2024-06-26 09:13:55+08:00,3987.0,125.00006830841399
2024-06-26 09:13:56+08:00,3988.0,126.43424333223922
2024-06-26 09:13:57+08:00,3989.0,127.8079443478826
2024-06-26 09:13:58+08:00,3990.0,129.11485
2024-06-26 09:13:59+08:00,3991.0,130.35983389082168
2024-06-26 09:14:00+08:00,3992.0,131.55507396666465
2024-06-26 09:14:01+08:00,3993.0,132.70520538831494
2024-06-26 09:14:02+08:00,3994.0,133.81486331655853
2024-06-26 09:14:03+08:00,3995.0,134.88868291218142
2024-06-26 09:14:04+08:00,3996.0,135.9312993359695
2024-06-26 09:14:05+08:00,3997.0,136.94734774870884
2024-06-26 09:14:06+08:00,3998.0,137.9414633111854
2024-06-26 09:14:07+08:00,3999.0,138.91828118418508
2024-06-26 09:14:08+08:00,4000.0,139.88243652849397
2024-06-26 09:14:09+08:00,4001.0,140.838564504898
2024-06-26 09:14:10+08:00,4002.0,141.79130027418313
2024-06-26 09:14:11+08:00,4003.0,142.74527899713533
2024-06-26 09:14:12+08:00,4004.0,143.7051358345406
2024-06-26 09:14:13+08:00,4005.0,144.67550594718492
2024-06-26 09:14:14+08:00,4006.0,145.66102449585424
2024-06-26 09:14:15+08:00,4007.0,146.66632664133462
2024-06-26 09:14:16+08:00,4008.0,147.69604754441193
2024-06-26 09:14:17+08:00,4009.0,148.7548223658722
2024-06-26 09:14:18+08:00,4010.0,149.8472862665014
2024-06-26 09:14:19+08:00,4011.0,150.97807440708553
2024-06-26 09:14:20+08:00,4012.0,152.15182194841057
2024-06-26 09:14:21+08:00,4013.0,153.37316405126245
2024-06-26 09:14:22+08:00,4014.0,154.64673587642716
2024-06-26 09:14:23+08:00,4015.0,155.97717258469075
2024-06-26 09:14:24+08:00,4016.0,157.36910933683907
2024-06-26 09:14:25+08:00,4017.0,158.82718129365816
2024-06-26 09:14:26+08:00,4018.0,160.35602361593408
2024-06-26 09:14:27+08:00,4019.0,161.9602714644527
2024-06-26 09:14:28+08:00,4020.0,163.64456
2024-06-26 09:14:29+08:00,4021.0,165.47510945281732
2024-06-26 09:14:30+08:00,4022.0,167.5085267480819
2024-06-26 09:14:31+08:00,4023.0,169.73502708898354
2024-06-26 09:14:32+08:00,4024.0,172.1448256787122
2024-06-26 09:14:33+08:00,4025.0,174.72813772045777
2024-06-26 09:14:34+08:00,4026.0,177.47517841741006
2024-06-26 09:14:35+08:00,4027.0,180.37616297275903
2024-06-26 09:14:36+08:00,4028.0,183.42130658969458
2024-06-26 09:14:37+08:00,4029.0,186.60082447140653
2024-06-26 09:14:38+08:00,4030.0,189.90493182108477
2024-06-26 09:14:39+08:00,4031.0,193.32384384191923
2024-06-26 09:14:40+08:00,4032.0,196.8477757370998
2024-06-26 09:14:41+08:00,4033.0,200.4669427098163
2024-06-26 09:14:42+08:00,4034.0,204.17155996325866
2024-06-26 09:14:43+08:00,4035.0,207.95184270061677
2024-06-26 09:14:44+08:00,4036.0,211.79800612508052
2024-06-26 09:14:45+08:00,4037.0,215.7002654398398
2024-06-26 09:14:46+08:00,4038.0,219.64883584808442
2024-06-26 09:14:47+08:00,4039.0,223.63393255300437
2024-06-26 09:14:48+08:00,4040.0,227.6457707577895
2024-06-26 09:14:49+08:00,4041.0,231.67456566562967
2024-06-26 09:14:50+08:00,4042.0,235.7105324797148
2024-06-26 09:14:51+08:00,4043.0,239.74388640323474
2024-06-26 09:14:52+08:00,4044.0,243.7648426393794
2024-06-26 09:14:53+08:00,4045.0,247.7636163913387
2024-06-26 09:14:54+08:00,4046.0,251.73042286230242
2024-06-26 09:14:55+08:00,4047.0,255.65547725546054
2024-06-26 09:14:56+08:00,4048.0,259.5289947740029
2024-06-26 09:14:57+08:00,4049.0,263.34119062111944
2024-06-26 09:14:58+08:00,4050.0,267.08227999999997
2024-06-26 09:14:59+08:00,4051.0,270.8922849593431
2024-06-26 09:15:00+08:00,4052.0,274.90424708310934
2024-06-26 09:15:01+08:00,4053.0,279.0979108773812
2024-06-26 09:15:02+08:00,4054.0,283.4530208482415
2024-06-26 09:15:03+08:00,4055.0,287.949321501773
2024-06-26 09:15:04+08:00,4056.0,292.56655734405814
2024-06-26 09:15:05+08:00,4057.0,297.28447288117974
2024-06-26 09:15:06+08:00,4058.0,302.0828126192205
2024-06-26 09:15:07+08:00,4059.0,306.94132106426304
2024-06-26 09:15:08+08:00,4060.0,311.8397427223901
2024-06-26 09:15:09+08:00,4061.0,316.7578220996843
2024-06-26 09:15:10+08:00,4062.0,321.6753037022283
2024-06-26 09:15:11+08:00,4063.0,326.5719320361048
2024-06-26 09:15:12+08:00,4064.0,331.42745160739656
2024-06-26 09:15:13+08:00,4065.0,336.22160692218625
2024-06-26 09:15:14+08:00,4066.0,340.9341424865565
2024-06-26 09:15:15+08:00,4067.0,345.5448028065899
2024-06-26 09:15:16+08:00,4068.0,350.03333238836933
2024-06-26 09:15:17+08:00,4069.0,354.3794757379773
2024-06-26 09:15:18+08:00,4070.0,358.5629773614967
2024-06-26 09:15:19+08:00,4071.0,362.56358176500987
2024-06-26 09:15:20+08:00,4072.0,366.3610334545998
2024-06-26 09:15:21+08:00,4073.0,369.935076936349
2024-06-26 09:15:22+08:00,4074.0,373.2654567163402
2024-06-26 09:15:23+08:00,4075.0,376.33191730065613
2024-06-26 09:15:24+08:00,4076.0,379.11420319537945
2024-06-26 09:15:25+08:00,4077.0,381.5920589065928
2024-06-26 09:15:26+08:00,4078.0,383.7452289403789
2024-06-26 09:15:27+08:00,4079.0,385.5534578028204
2024-06-26 09:15:28+08:00,4080.0,386.99649
2024-06-26 09:15:29+08:00,4081.0,388.20311520801016
2024-06-26 09:15:30+08:00,4082.0,389.31977136198594
2024-06-26 09:15:31+08:00,4083.0,390.3526753565737
2024-06-26 09:15:32+08:00,4084.0,391.30804408642007
2024-06-26 09:15:33+08:00,4085.0,392.1920944461714
2024-06-26 09:15:34+08:00,4086.0,393.0110433304742
2024-06-26 09:15:35+08:00,4087.0,393.77110763397496
2024-06-26 09:15:36+08:00,4088.0,394.47850425132015
2024-06-26 09:15:37+08:00,4089.0,395.1394500771561
2024-06-26 09:15:38+08:00,4090.0,395.7601620061294
2024-06-26 09:15:39+08:00,4091.0,396.34685693288657
2024-06-26 09:15:40+08:00,4092.0,396.9057517520741
2024-06-26 09:15:41+08:00,4093.0,397.4430633583382
2024-06-26 09:15:42+08:00,4094.0,397.9650086463256
2024-06-26 09:15:43+08:00,4095.0,398.4778045106827
2024-06-26 09:15:44+08:00,4096.0,398.98766784605596
2024-06-26 09:15:45+08:00,4097.0,399.5008155470918
2024-06-26 09:15:46+08:00,4098.0,400.02346450843675
2024-06-26 09:15:47+08:00,4099.0,400.5618316247373
2024-06-26 09:15:48+08:00,4100.0,401.12213379063985
2024-06-26 09:15:49+08:00,4101.0,401.71058790079087
2024-06-26 09:15:50+08:00,4102.0,402.33341084983687
2024-06-26 09:15:51+08:00,4103.0,402.9968195324243
2024-06-26 09:15:52+08:00,4104.0,403.7070308431997
2024-06-26 09:15:53+08:00,4105.0,404.4702616768094
2024-06-26 09:15:54+08:00,4106.0,405.2927289279
2024-06-26 09:15:55+08:00,4107.0,406.18064949111783
2024-06-26 09:15:56+08:00,4108.0,407.1402402611095
2024-06-26 09:15:57+08:00,4109.0,408.1777181325214
2024-06-26 09:15:58+08:00,4110.0,409.2993
2024-06-26 09:15:59+08:00,4111.0,410.5984246651665
2024-06-26 09:16:00+08:00,4112.0,412.15303110927124
2024-06-26 09:16:01+08:00,4113.0,413.9460864964045
2024-06-26 09:16:02+08:00,4114.0,415.9605579906568
2024-06-26 09:16:03+08:00,4115.0,418.1794127561185
2024-06-26 09:16:04+08:00,4116.0,420.58561795687984
2024-06-26 09:16:05+08:00,4117.0,423.16214075703124
2024-06-26 09:16:06+08:00,4118.0,425.891948320663
2024-06-26 09:16:07+08:00,4119.0,428.7580078118656
2024-06-26 09:16:08+08:00,4120.0,431.7432863947293
2024-06-26 09:16:09+08:00,4121.0,434.8307512333446
2024-06-26 09:16:10+08:00,4122.0,438.00336949180166
2024-06-26 09:16:11+08:00,4123.0,441.24410833419097
2024-06-26 09:16:12+08:00,4124.0,444.5359349246029
2024-06-26 09:16:13+08:00,4125.0,447.86181642712774
2024-06-26 09:16:14+08:00,4126.0,451.2047200058559
2024-06-26 09:16:15+08:00,4127.0,454.5476128248777
2024-06-26 09:16:16+08:00,4128.0,457.87346204828356
2024-06-26 09:16:17+08:00,4129.0,461.1652348401638
2024-06-26 09:16:18+08:00,4130.0,464.4058983646088
2024-06-26 09:16:19+08:00,4131.0,467.578419785709
2024-06-26 09:16:20+08:00,4132.0,470.6657662675546
2024-06-26 09:16:21+08:00,4133.0,473.6509049742361
2024-06-26 09:16:22+08:00,4134.0,476.51680306984366
2024-06-26 09:16:23+08:00,4135.0,479.2464277184678
2024-06-26 09:16:24+08:00,4136.0,481.82274608419897
2024-06-26 09:16:25+08:00,4137.0,484.2287253311274
2024-06-26 09:16:26+08:00,4138.0,486.4473326233436
2024-06-26 09:16:27+08:00,4139.0,488.4615351249376
2024-06-26 09:16:28+08:00,4140.0,490.2543
2024-06-26 09:16:29+08:00,4141.0,491.93077121826127
2024-06-26 09:16:30+08:00,4142.0,493.60531641092643
2024-06-26 09:16:31+08:00,4143.0,495.2747382342975
2024-06-26 09:16:32+08:00,4144.0,496.9358393446766
2024-06-26 09:16:33+08:00,4145.0,498.58542239836584
2024-06-26 09:16:34+08:00,4146.0,500.22029005166723
2024-06-26 09:16:35+08:00,4147.0,501.837244960883
2024-06-26 09:16:36+08:00,4148.0,503.4330897823151
2024-06-26 09:16:37+08:00,4149.0,505.00462717226566
2024-06-26 09:16:38+08:00,4150.0,506.54865978703685
2024-06-26 09:16:39+08:00,4151.0,508.06199028293065
2024-06-26 09:16:40+08:00,4152.0,509.5414213162492
2024-06-26 09:16:41+08:00,4153.0,510.98375554329465
2024-06-26 09:16:42+08:00,4154.0,512.385795620369
2024-06-26 09:16:43+08:00,4155.0,513.7443442037744
2024-06-26 09:16:44+08:00,4156.0,515.0562039498128
2024-06-26 09:16:45+08:00,4157.0,516.3181775147866
2024-06-26 09:16:46+08:00,4158.0,517.5270675549975
2024-06-26 09:16:47+08:00,4159.0,518.679676726748
2024-06-26 09:16:48+08:00,4160.0,519.7728076863398
2024-06-26 09:16:49+08:00,4161.0,520.8032630900753
2024-06-26 09:16:50+08:00,4162.0,521.7678455942564
2024-06-26 09:16:51+08:00,4163.0,522.6633578551853
2024-06-26 09:16:52+08:00,4164.0,523.4866025291639
2024-06-26 09:16:53+08:00,4165.0,524.2343822724946
2024-06-26 09:16:54+08:00,4166.0,524.9034997414792
2024-06-26 09:16:55+08:00,4167.0,525.49075759242
2024-06-26 09:16:56+08:00,4168.0,525.992958481619
2024-06-26 09:16:57+08:00,4169.0,526.4069050653782
2024-06-26 09:16:58+08:00,4170.0,526.7293999999999
2024-06-26 09:16:59+08:00,4171.0,526.9951228606845
2024-06-26 09:17:00+08:00,4172.0,527.2417086504555
2024-06-26 09:17:01+08:00,4173.0,527.4703931673491
2024-06-26 09:17:02+08:00,4174.0,527.6824122094011
2024-06-26 09:17:03+08:00,4175.0,527.8790015746482
2024-06-26 09:17:04+08:00,4176.0,528.0613970611263
2024-06-26 09:17:05+08:00,4177.0,528.2308344668718
2024-06-26 09:17:06+08:00,4178.0,528.3885495899206
2024-06-26 09:17:07+08:00,4179.0,528.5357782283088
2024-06-26 09:17:08+08:00,4180.0,528.673756180073
2024-06-26 09:17:09+08:00,4181.0,528.8037192432491
2024-06-26 09:17:10+08:00,4182.0,528.9269032158736
2024-06-26 09:17:11+08:00,4183.0,529.0445438959822
2024-06-26 09:17:12+08:00,4184.0,529.1578770816113
2024-06-26 09:17:13+08:00,4185.0,529.2681385707973
2024-06-26 09:17:14+08:00,4186.0,529.3765641615762
2024-06-26 09:17:15+08:00,4187.0,529.4843896519842
2024-06-26 09:17:16+08:00,4188.0,529.5928508400574
2024-06-26 09:17:17+08:00,4189.0,529.7031835238321
2024-06-26 09:17:18+08:00,4190.0,529.8166235013446
2024-06-26 09:17:19+08:00,4191.0,529.9344065706307
2024-06-26 09:17:20+08:00,4192.0,530.0577685297269
2024-06-26 09:17:21+08:00,4193.0,530.1879451766694
2024-06-26 09:17:22+08:00,4194.0,530.3261723094942
2024-06-26 09:17:23+08:00,4195.0,530.4736857262378
2024-06-26 09:17:24+08:00,4196.0,530.6317212249359
2024-06-26 09:17:25+08:00,4197.0,530.801514603625
2024-06-26 09:17:26+08:00,4198.0,530.9843016603413
2024-06-26 09:17:27+08:00,4199.0,531.1813181931209
2024-06-26 09:17:28+08:00,4200.0,531.3938
2024-06-26 09:17:29+08:00,4201.0,531.6370928993263
2024-06-26 09:17:30+08:00,4202.0,531.9233239687268
2024-06-26 09:17:31+08:00,4203.0,532.2489008951566
2024-06-26 09:17:32+08:00,4204.0,532.6102313655708
2024-06-26 09:17:33+08:00,4205.0,533.0037230669246
2024-06-26 09:17:34+08:00,4206.0,533.4257836861733
2024-06-26 09:17:35+08:00,4207.0,533.872820910272
2024-06-26 09:17:36+08:00,4208.0,534.3412424261757
2024-06-26 09:17:37+08:00,4209.0,534.8274559208397
2024-06-26 09:17:38+08:00,4210.0,535.3278690812191
2024-06-26 09:17:39+08:00,4211.0,535.8388895942691
2024-06-26 09:17:40+08:00,4212.0,536.356925146945
2024-06-26 09:17:41+08:00,4213.0,536.8783834262017
2024-06-26 09:17:42+08:00,4214.0,537.3996721189945
2024-06-26 09:17:43+08:00,4215.0,537.9171989122786
2024-06-26 09:17:44+08:00,4216.0,538.427371493009
2024-06-26 09:17:45+08:00,4217.0,538.9265975481412
2024-06-26 09:17:46+08:00,4218.0,539.41128476463
2024-06-26 09:17:47+08:00,4219.0,539.8778408294306
2024-06-26 09:17:48+08:00,4220.0,540.3226734294984
2024-06-26 09:17:49+08:00,4221.0,540.7421902517884
2024-06-26 09:17:50+08:00,4222.0,541.1327989832558
2024-06-26 09:17:51+08:00,4223.0,541.4909073108557
2024-06-26 09:17:52+08:00,4224.0,541.8129229215434
2024-06-26 09:17:53+08:00,4225.0,542.0952535022737
2024-06-26 09:17:54+08:00,4226.0,542.3343067400025
2024-06-26 09:17:55+08:00,4227.0,542.5264903216842
2024-06-26 09:17:56+08:00,4228.0,542.6682119342742
2024-06-26 09:17:57+08:00,4229.0,542.7558792647278
2024-06-26 09:17:58+08:00,4230.0,542.7859000000001
2024-06-26 09:17:59+08:00,4231.0,542.6975652740742
2024-06-26 09:18:00+08:00,4232.0,542.440591525926
2024-06-26 09:18:01+08:00,4233.0,542.0270244000001
2024-06-26 09:18:02+08:00,4234.0,541.4689095407408
2024-06-26 09:18:03+08:00,4235.0,540.7782925925927
2024-06-26 09:18:04+08:00,4236.0,539.9672192
2024-06-26 09:18:05+08:00,4237.0,539.0477350074075
2024-06-26 09:18:06+08:00,4238.0,538.0318856592593
2024-06-26 09:18:07+08:00,4239.0,536.9317168000001
2024-06-26 09:18:08+08:00,4240.0,535.759274074074
2024-06-26 09:18:09+08:00,4241.0,534.5266031259259
2024-06-26 09:18:10+08:00,4242.0,533.2457496000001
2024-06-26 09:18:11+08:00,4243.0,531.9287591407408
2024-06-26 09:18:12+08:00,4244.0,530.5876773925926
2024-06-26 09:18:13+08:00,4245.0,529.2345500000001
2024-06-26 09:18:14+08:00,4246.0,527.8814226074073
2024-06-26 09:18:15+08:00,4247.0,526.5403408592593
2024-06-26 09:18:16+08:00,4248.0,525.2233504
2024-06-26 09:18:17+08:00,4249.0,523.9424968740741
2024-06-26 09:18:18+08:00,4250.0,522.7098259259259
2024-06-26 09:18:19+08:00,4251.0,521.5373832
2024-06-26 09:18:20+08:00,4252.0,520.4372143407408
2024-06-26 09:18:21+08:00,4253.0,519.4213649925925
2024-06-26 09:18:22+08:00,4254.0,518.5018808
2024-06-26 09:18:23+08:00,4255.0,517.6908074074074
2024-06-26 09:18:24+08:00,4256.0,517.0001904592592
2024-06-26 09:18:25+08:00,4257.0,516.4420756
2024-06-26 09:18:26+08:00,4258.0,516.028508474074
2024-06-26 09:18:27+08:00,4259.0,515.7715347259258
2024-06-26 09:18:28+08:00,4260.0,515.6831999999999
2024-06-26 09:18:29+08:00,4261.0,515.7531857481481
2024-06-26 09:18:30+08:00,4262.0,515.9567806518518
2024-06-26 09:18:31+08:00,4263.0,516.2844412
2024-06-26 09:18:32+08:00,4264.0,516.7266238814814
2024-06-26 09:18:33+08:00,4265.0,517.2737851851851
2024-06-26 09:18:34+08:00,4266.0,517.9163816
2024-06-26 09:18:35+08:00,4267.0,518.6448696148148
2024-06-26 09:18:36+08:00,4268.0,519.4497057185184
2024-06-26 09:18:37+08:00,4269.0,520.3213463999999
2024-06-26 09:18:38+08:00,4270.0,521.2502481481481
2024-06-26 09:18:39+08:00,4271.0,522.2268674518518
2024-06-26 09:18:40+08:00,4272.0,523.2416608
2024-06-26 09:18:41+08:00,4273.0,524.2850846814814
2024-06-26 09:18:42+08:00,4274.0,525.3475955851852
2024-06-26 09:18:43+08:00,4275.0,526.4196499999999
2024-06-26 09:18:44+08:00,4276.0,527.4917044148148
2024-06-26 09:18:45+08:00,4277.0,528.5542153185186
2024-06-26 09:18:46+08:00,4278.0,529.5976392
2024-06-26 09:18:47+08:00,4279.0,530.6124325481481
2024-06-26 09:18:48+08:00,4280.0,531.5890518518519
2024-06-26 09:18:49+08:00,4281.0,532.5179535999999
2024-06-26 09:18:50+08:00,4282.0,533.3895942814815
2024-06-26 09:18:51+08:00,4283.0,534.1944303851852
2024-06-26 09:18:52+08:00,4284.0,534.9229184
2024-06-26 09:18:53+08:00,4285.0,535.5655148148148
2024-06-26 09:18:54+08:00,4286.0,536.1126761185185
2024-06-26 09:18:55+08:00,4287.0,536.5548588
2024-06-26 09:18:56+08:00,4288.0,536.8825193481482
2024-06-26 09:18:57+08:00,4289.0,537.0861142518519
2024-06-26 09:18:58+08:00,4290.0,537.1561
2024-06-26 09:18:59+08:00,4291.0,537.1087928296297
2024-06-26 09:19:00+08:00,4292.0,536.9711719703704
2024-06-26 09:19:01+08:00,4293.0,536.7496884000001
2024-06-26 09:19:02+08:00,4294.0,536.4507930962963
2024-06-26 09:19:03+08:00,4295.0,536.0809370370371
2024-06-26 09:19:04+08:00,4296.0,535.6465712
2024-06-26 09:19:05+08:00,4297.0,535.154146562963
2024-06-26 09:19:06+08:00,4298.0,534.6101141037037
2024-06-26 09:19:07+08:00,4299.0,534.0209248
2024-06-26 09:19:08+08:00,4300.0,533.3930296296296
2024-06-26 09:19:09+08:00,4301.0,532.7328795703703
2024-06-26 09:19:10+08:00,4302.0,532.0469256
2024-06-26 09:19:11+08:00,4303.0,531.3416186962962
2024-06-26 09:19:12+08:00,4304.0,530.6234098370371
2024-06-26 09:19:13+08:00,4305.0,529.8987500000001
2024-06-26 09:19:14+08:00,4306.0,529.174090162963
2024-06-26 09:19:15+08:00,4307.0,528.4558813037037
2024-06-26 09:19:16+08:00,4308.0,527.7505744
2024-06-26 09:19:17+08:00,4309.0,527.0646204296296
2024-06-26 09:19:18+08:00,4310.0,526.4044703703703
2024-06-26 09:19:19+08:00,4311.0,525.7765752
2024-06-26 09:19:20+08:00,4312.0,525.1873858962963
2024-06-26 09:19:21+08:00,4313.0,524.643353437037
2024-06-26 09:19:22+08:00,4314.0,524.1509288
2024-06-26 09:19:23+08:00,4315.0,523.7165629629629
2024-06-26 09:19:24+08:00,4316.0,523.3467069037038
2024-06-26 09:19:25+08:00,4317.0,523.0478115999999
2024-06-26 09:19:26+08:00,4318.0,522.8263280296296
2024-06-26 09:19:27+08:00,4319.0,522.6887071703703
2024-06-26 09:19:28+08:00,4320.0,522.6414
2024-06-26 09:19:29+08:00,4321.0,522.6575521443385
2024-06-26 09:19:30+08:00,4322.0,522.7047730785185
2024-06-26 09:19:31+08:00,4323.0,522.7812095542857
2024-06-26 09:19:32+08:00,4324.0,522.8850083233862
2024-06-26 09:19:33+08:00,4325.0,523.0143161375661
2024-06-26 09:19:34+08:00,4326.0,523.1672797485714
2024-06-26 09:19:35+08:00,4327.0,523.3420459081482
2024-06-26 09:19:36+08:00,4328.0,523.5367613680423
2024-06-26 09:19:37+08:00,4329.0,523.74957288
2024-06-26 09:19:38+08:00,4330.0,523.9786271957672
2024-06-26 09:19:39+08:00,4331.0,524.2220710670899
2024-06-26 09:19:40+08:00,4332.0,524.4780512457143
2024-06-26 09:19:41+08:00,4333.0,524.7447144833862
2024-06-26 09:19:42+08:00,4334.0,525.020207531852
2024-06-26 09:19:43+08:00,4335.0,525.3026771428571
2024-06-26 09:19:44+08:00,4336.0,525.5902700681481
2024-06-26 09:19:45+08:00,4337.0,525.8811330594709
2024-06-26 09:19:46+08:00,4338.0,526.1734128685715
2024-06-26 09:19:47+08:00,4339.0,526.4652562471958
2024-06-26 09:19:48+08:00,4340.0,526.75480994709
2024-06-26 09:19:49+08:00,4341.0,527.0402207200001
2024-06-26 09:19:50+08:00,4342.0,527.319635317672
2024-06-26 09:19:51+08:00,4343.0,527.5912004918519
2024-06-26 09:19:52+08:00,4344.0,527.8530629942857
2024-06-26 09:19:53+08:00,4345.0,528.1033695767196
2024-06-26 09:19:54+08:00,4346.0,528.3402669908995
2024-06-26 09:19:55+08:00,4347.0,528.5619019885714
2024-06-26 09:19:56+08:00,4348.0,528.7664213214815
2024-06-26 09:19:57+08:00,4349.0,528.9519717413757
2024-06-26 09:19:58+08:00,4350.0,529.1167
2024-06-26 09:19:59+08:00,4351.0,529.271992377143
2024-06-26 09:20:00+08:00,4352.0,529.43009296
2024-06-26 09:20:01+08:00,4353.0,529.5904352114287
2024-06-26 09:20:02+08:00,4354.0,529.7524525942858
2024-06-26 09:20:03+08:00,4355.0,529.9155785714287
2024-06-26 09:20:04+08:00,4356.0,530.0792466057143
2024-06-26 09:20:05+08:00,4357.0,530.2428901600001
2024-06-26 09:20:06+08:00,4358.0,530.4059426971429
2024-06-26 09:20:07+08:00,4359.0,530.56783768
2024-06-26 09:20:08+08:00,4360.0,530.7280085714286
2024-06-26 09:20:09+08:00,4361.0,530.8858888342858
2024-06-26 09:20:10+08:00,4362.0,531.0409119314286
2024-06-26 09:20:11+08:00,4363.0,531.1925113257143
2024-06-26 09:20:12+08:00,4364.0,531.34012048
2024-06-26 09:20:13+08:00,4365.0,531.4831728571429
2024-06-26 09:20:14+08:00,4366.0,531.62110192
2024-06-26 09:20:15+08:00,4367.0,531.7533411314287
2024-06-26 09:20:16+08:00,4368.0,531.8793239542857
2024-06-26 09:20:17+08:00,4369.0,531.9984838514285
2024-06-26 09:20:18+08:00,4370.0,532.1102542857143
2024-06-26 09:20:19+08:00,4371.0,532.2140687200001
2024-06-26 09:20:20+08:00,4372.0,532.3093606171428
2024-06-26 09:20:21+08:00,4373.0,532.39556344
2024-06-26 09:20:22+08:00,4374.0,532.4721106514286
2024-06-26 09:20:23+08:00,4375.0,532.5384357142858
2024-06-26 09:20:24+08:00,4376.0,532.5939720914286
2024-06-26 09:20:25+08:00,4377.0,532.6381532457143
2024-06-26 09:20:26+08:00,4378.0,532.67041264
2024-06-26 09:20:27+08:00,4379.0,532.690183737143
2024-06-26 09:20:28+08:00,4380.0,532.6969
2024-06-26 09:20:29+08:00,4381.0,532.6767981742231
2024-06-26 09:20:30+08:00,4382.0,532.6182550789919
2024-06-26 09:20:31+08:00,4383.0,532.5239142874553
2024-06-26 09:20:32+08:00,4384.0,532.396419372763
2024-06-26 09:20:33+08:00,4385.0,532.2384139080641
2024-06-26 09:20:34+08:00,4386.0,532.0525414665079
2024-06-26 09:20:35+08:00,4387.0,531.8414456212436
2024-06-26 09:20:36+08:00,4388.0,531.6077699454204
2024-06-26 09:20:37+08:00,4389.0,531.3541580121874
2024-06-26 09:20:38+08:00,4390.0,531.0832533946942
2024-06-26 09:20:39+08:00,4391.0,530.7976996660899
2024-06-26 09:20:40+08:00,4392.0,530.5001403995236
2024-06-26 09:20:41+08:00,4393.0,530.1932191681449
2024-06-26 09:20:42+08:00,4394.0,529.8795795451027
2024-06-26 09:20:43+08:00,4395.0,529.5618651035464
2024-06-26 09:20:44+08:00,4396.0,529.2427194166254
2024-06-26 09:20:45+08:00,4397.0,528.9247860574886
2024-06-26 09:20:46+08:00,4398.0,528.6107085992855
2024-06-26 09:20:47+08:00,4399.0,528.3031306151653
2024-06-26 09:20:48+08:00,4400.0,528.0046956782774
2024-06-26 09:20:49+08:00,4401.0,527.7180473617707
2024-06-26 09:20:50+08:00,4402.0,527.4458292387947
2024-06-26 09:20:51+08:00,4403.0,527.1906848824987
2024-06-26 09:20:52+08:00,4404.0,526.9552578660316
2024-06-26 09:20:53+08:00,4405.0,526.7421917625431
2024-06-26 09:20:54+08:00,4406.0,526.5541301451822
2024-06-26 09:20:55+08:00,4407.0,526.3937165870981
2024-06-26 09:20:56+08:00,4408.0,526.2635946614404
2024-06-26 09:20:57+08:00,4409.0,526.1664079413579
2024-06-26 09:20:58+08:00,4410.0,526.1048000000001
2024-06-26 09:20:59+08:00,4411.0,526.0623509623459
2024-06-26 09:21:00+08:00,4412.0,526.0208992348562
2024-06-26 09:21:01+08:00,4413.0,525.9804758129019
2024-06-26 09:21:02+08:00,4414.0,525.941111691855
2024-06-26 09:21:03+08:00,4415.0,525.9028378670866
2024-06-26 09:21:04+08:00,4416.0,525.8656853339685
2024-06-26 09:21:05+08:00,4417.0,525.8296850878719
2024-06-26 09:21:06+08:00,4418.0,525.7948681241685
2024-06-26 09:21:07+08:00,4419.0,525.7612654382294
2024-06-26 09:21:08+08:00,4420.0,525.7289080254264
2024-06-26 09:21:09+08:00,4421.0,525.697826881131
2024-06-26 09:21:10+08:00,4422.0,525.6680530007145
2024-06-26 09:21:11+08:00,4423.0,525.6396173795484
2024-06-26 09:21:12+08:00,4424.0,525.6125510130045
2024-06-26 09:21:13+08:00,4425.0,525.5868848964536
2024-06-26 09:21:14+08:00,4426.0,525.5626500252677
2024-06-26 09:21:15+08:00,4427.0,525.5398773948182
2024-06-26 09:21:16+08:00,4428.0,525.5185980004765
2024-06-26 09:21:17+08:00,4429.0,525.4988428376139
2024-06-26 09:21:18+08:00,4430.0,525.4806429016022
2024-06-26 09:21:19+08:00,4431.0,525.4640291878127
2024-06-26 09:21:20+08:00,4432.0,525.4490326916168
2024-06-26 09:21:21+08:00,4433.0,525.4356844083862
2024-06-26 09:21:22+08:00,4434.0,525.4240153334922
2024-06-26 09:21:23+08:00,4435.0,525.4140564623062
2024-06-26 09:21:24+08:00,4436.0,525.4058387902
2024-06-26 09:21:25+08:00,4437.0,525.3993933125448
2024-06-26 09:21:26+08:00,4438.0,525.3947510247119
2024-06-26 09:21:27+08:00,4439.0,525.3919429220733
2024-06-26 09:21:28+08:00,4440.0,525.3910000000001
2024-06-26 09:21:29+08:00,4441.0,525.415111315926
2024-06-26 09:21:30+08:00,4442.0,525.4858142469476
2024-06-26 09:21:31+08:00,4443.0,525.6006622679308
2024-06-26 09:21:32+08:00,4444.0,525.7572088537416
2024-06-26 09:21:33+08:00,4445.0,525.9530074792459
2024-06-26 09:21:34+08:00,4446.0,526.1856116193095
2024-06-26 09:21:35+08:00,4447.0,526.4525747487985
2024-06-26 09:21:36+08:00,4448.0,526.7514503425784
2024-06-26 09:21:37+08:00,4449.0,527.0797918755156
2024-06-26 09:21:38+08:00,4450.0,527.4351528224757
2024-06-26 09:21:39+08:00,4451.0,527.8150866583248
2024-06-26 09:21:40+08:00,4452.0,528.2171468579285
2024-06-26 09:21:41+08:00,4453.0,528.638886896153
2024-06-26 09:21:42+08:00,4454.0,529.0778602478642
2024-06-26 09:21:43+08:00,4455.0,529.5316203879278
2024-06-26 09:21:44+08:00,4456.0,529.9977207912099
2024-06-26 09:21:45+08:00,4457.0,530.4737149325762
2024-06-26 09:21:46+08:00,4458.0,530.9571562868928
2024-06-26 09:21:47+08:00,4459.0,531.4455983290255
2024-06-26 09:21:48+08:00,4460.0,531.9365945338403
2024-06-26 09:21:49+08:00,4461.0,532.427698376203
2024-06-26 09:21:50+08:00,4462.0,532.9164633309796
2024-06-26 09:21:51+08:00,4463.0,533.400442873036
2024-06-26 09:21:52+08:00,4464.0,533.877190477238
2024-06-26 09:21:53+08:00,4465.0,534.3442596184516
2024-06-26 09:21:54+08:00,4466.0,534.7992037715427
2024-06-26 09:21:55+08:00,4467.0,535.2395764113772
2024-06-26 09:21:56+08:00,4468.0,535.662931012821
2024-06-26 09:21:57+08:00,4469.0,536.0668210507399
2024-06-26 09:21:58+08:00,4470.0,536.4488
2024-06-26 09:21:59+08:00,4471.0,536.831096075186
2024-06-26 09:22:00+08:00,4472.0,537.2359086612531
2024-06-26 09:22:01+08:00,4473.0,537.6607479886228
2024-06-26 09:22:02+08:00,4474.0,538.1031242877166
2024-06-26 09:22:03+08:00,4475.0,538.5605477889558
2024-06-26 09:22:04+08:00,4476.0,539.030528722762
2024-06-26 09:22:05+08:00,4477.0,539.5105773195567
2024-06-26 09:22:06+08:00,4478.0,539.9982038097611
2024-06-26 09:22:07+08:00,4479.0,540.4909184237971
2024-06-26 09:22:08+08:00,4480.0,540.9862313920858
2024-06-26 09:22:09+08:00,4481.0,541.4816529450486
2024-06-26 09:22:10+08:00,4482.0,541.9746933131072
2024-06-26 09:22:11+08:00,4483.0,542.4628627266832
2024-06-26 09:22:12+08:00,4484.0,542.9436714161976
2024-06-26 09:22:13+08:00,4485.0,543.4146296120723
2024-06-26 09:22:14+08:00,4486.0,543.8732475447285
2024-06-26 09:22:15+08:00,4487.0,544.3170354445878
2024-06-26 09:22:16+08:00,4488.0,544.7435035420715
2024-06-26 09:22:17+08:00,4489.0,545.1501620676013
2024-06-26 09:22:18+08:00,4490.0,545.5345212515983
2024-06-26 09:22:19+08:00,4491.0,545.8940913244844
2024-06-26 09:22:20+08:00,4492.0,546.2263825166808
2024-06-26 09:22:21+08:00,4493.0,546.5289050586091
2024-06-26 09:22:22+08:00,4494.0,546.7991691806906
2024-06-26 09:22:23+08:00,4495.0,547.0346851133467
2024-06-26 09:22:24+08:00,4496.0,547.2329630869992
2024-06-26 09:22:25+08:00,4497.0,547.3915133320693
2024-06-26 09:22:26+08:00,4498.0,547.5078460789784
2024-06-26 09:22:27+08:00,4499.0,547.5794715581483
2024-06-26 09:22:28+08:00,4500.0,547.6039000000001
2024-06-26 09:22:29+08:00,4501.0,547.5123141629631
2024-06-26 09:22:30+08:00,4502.0,547.2458826370371
2024-06-26 09:22:31+08:00,4503.0,546.8170944
2024-06-26 09:22:32+08:00,4504.0,546.2384384296297
2024-06-26 09:22:33+08:00,4505.0,545.5224037037037
2024-06-26 09:22:34+08:00,4506.0,544.6814792
2024-06-26 09:22:35+08:00,4507.0,543.7281538962964
2024-06-26 09:22:36+08:00,4508.0,542.6749167703704
2024-06-26 09:22:37+08:00,4509.0,541.5342568
2024-06-26 09:22:38+08:00,4510.0,540.318662962963
2024-06-26 09:22:39+08:00,4511.0,539.0406242370372
2024-06-26 09:22:40+08:00,4512.0,537.7126296
2024-06-26 09:22:41+08:00,4513.0,536.3471680296296
2024-06-26 09:22:42+08:00,4514.0,534.9567285037037
2024-06-26 09:22:43+08:00,4515.0,533.5538
2024-06-26 09:22:44+08:00,4516.0,532.1508714962963
2024-06-26 09:22:45+08:00,4517.0,530.7604319703704
2024-06-26 09:22:46+08:00,4518.0,529.3949704
2024-06-26 09:22:47+08:00,4519.0,528.066975762963
2024-06-26 09:22:48+08:00,4520.0,526.788937037037
2024-06-26 09:22:49+08:00,4521.0,525.5733432
2024-06-26 09:22:50+08:00,4522.0,524.4326832296297
2024-06-26 09:22:51+08:00,4523.0,523.3794461037037
2024-06-26 09:22:52+08:00,4524.0,522.4261208
2024-06-26 09:22:53+08:00,4525.0,521.5851962962963
2024-06-26 09:22:54+08:00,4526.0,520.8691615703704
2024-06-26 09:22:55+08:00,4527.0,520.2905056
2024-06-26 09:22:56+08:00,4528.0,519.861717362963
2024-06-26 09:22:57+08:00,4529.0,519.5952858370371
2024-06-26 09:22:58+08:00,4530.0,519.5037
2024-06-26 09:22:59+08:00,4531.0,519.54051816389
2024-06-26 09:23:00+08:00,4532.0,519.6478519892768
2024-06-26 09:23:01+08:00,4533.0,519.8210204767345
2024-06-26 09:23:02+08:00,4534.0,520.0553426268377
2024-06-26 09:23:03+08:00,4535.0,520.3461374401608
2024-06-26 09:23:04+08:00,4536.0,520.6887239172783
2024-06-26 09:23:05+08:00,4537.0,521.0784210587644
2024-06-26 09:23:06+08:00,4538.0,521.5105478651941
2024-06-26 09:23:07+08:00,4539.0,521.9804233371415
2024-06-26 09:23:08+08:00,4540.0,522.483366475181
2024-06-26 09:23:09+08:00,4541.0,523.0146962798874
2024-06-26 09:23:10+08:00,4542.0,523.5697317518346
2024-06-26 09:23:11+08:00,4543.0,524.1437918915976
2024-06-26 09:23:12+08:00,4544.0,524.7321956997506
2024-06-26 09:23:13+08:00,4545.0,525.3302621768681
2024-06-26 09:23:14+08:00,4546.0,525.9333103235246
2024-06-26 09:23:15+08:00,4547.0,526.5366591402943
2024-06-26 09:23:16+08:00,4548.0,527.135627627752
2024-06-26 09:23:17+08:00,4549.0,527.725534786472
2024-06-26 09:23:18+08:00,4550.0,528.3016996170289
2024-06-26 09:23:19+08:00,4551.0,528.8594411199969
2024-06-26 09:23:20+08:00,4552.0,529.3940782959506
2024-06-26 09:23:21+08:00,4553.0,529.9009301454645
2024-06-26 09:23:22+08:00,4554.0,530.3753156691129
2024-06-26 09:23:23+08:00,4555.0,530.8125538674705
2024-06-26 09:23:24+08:00,4556.0,531.2079637411115
2024-06-26 09:23:25+08:00,4557.0,531.5568642906105
2024-06-26 09:23:26+08:00,4558.0,531.854574516542
2024-06-26 09:23:27+08:00,4559.0,532.0964134194803
2024-06-26 09:23:28+08:00,4560.0,532.2777
2024-06-26 09:23:29+08:00,4561.0,532.4262144027418
2024-06-26 09:23:30+08:00,4562.0,532.5727160612357
2024-06-26 09:23:31+08:00,4563.0,532.7169929093893
2024-06-26 09:23:32+08:00,4564.0,532.8588328811107
2024-06-26 09:23:33+08:00,4565.0,532.9980239103073
2024-06-26 09:23:34+08:00,4566.0,533.134353930887
2024-06-26 09:23:35+08:00,4567.0,533.2676108767578
2024-06-26 09:23:36+08:00,4568.0,533.3975826818272
2024-06-26 09:23:37+08:00,4569.0,533.524057280003
2024-06-26 09:23:38+08:00,4570.0,533.6468226051933
2024-06-26 09:23:39+08:00,4571.0,533.7656665913057
2024-06-26 09:23:40+08:00,4572.0,533.880377172248
2024-06-26 09:23:41+08:00,4573.0,533.9907422819279
2024-06-26 09:23:42+08:00,4574.0,534.0965498542532
2024-06-26 09:23:43+08:00,4575.0,534.1975878231319
2024-06-26 09:23:44+08:00,4576.0,534.2936441224715
2024-06-26 09:23:45+08:00,4577.0,534.38450668618
2024-06-26 09:23:46+08:00,4578.0,534.4699634481651
2024-06-26 09:23:47+08:00,4579.0,534.5498023423348
2024-06-26 09:23:48+08:00,4580.0,534.6238113025967
2024-06-26 09:23:49+08:00,4581.0,534.6917782628584
2024-06-26 09:23:50+08:00,4582.0,534.753491157028
2024-06-26 09:23:51+08:00,4583.0,534.8087379190132
2024-06-26 09:23:52+08:00,4584.0,534.8573064827217
2024-06-26 09:23:53+08:00,4585.0,534.8989847820613
2024-06-26 09:23:54+08:00,4586.0,534.93356075094
2024-06-26 09:23:55+08:00,4587.0,534.9608223232655
2024-06-26 09:23:56+08:00,4588.0,534.9805574329454
2024-06-26 09:23:57+08:00,4589.0,534.9925540138876
2024-06-26 09:23:58+08:00,4590.0,534.9966
2024-06-26 09:23:59+08:00,4591.0,534.966116474074
2024-06-26 09:24:00+08:00,4592.0,534.8774371259259
2024-06-26 09:24:01+08:00,4593.0,534.7347188
2024-06-26 09:24:02+08:00,4594.0,534.5421183407407
2024-06-26 09:24:03+08:00,4595.0,534.3037925925926
2024-06-26 09:24:04+08:00,4596.0,534.0238984
2024-06-26 09:24:05+08:00,4597.0,533.7065926074073
2024-06-26 09:24:06+08:00,4598.0,533.3560320592593
2024-06-26 09:24:07+08:00,4599.0,532.9763736
2024-06-26 09:24:08+08:00,4600.0,532.571774074074
2024-06-26 09:24:09+08:00,4601.0,532.1463903259258
2024-06-26 09:24:10+08:00,4602.0,531.7043792
2024-06-26 09:24:11+08:00,4603.0,531.2498975407408
2024-06-26 09:24:12+08:00,4604.0,530.7871021925926
2024-06-26 09:24:13+08:00,4605.0,530.3201499999999
2024-06-26 09:24:14+08:00,4606.0,529.8531978074074
2024-06-26 09:24:15+08:00,4607.0,529.3904024592592
2024-06-26 09:24:16+08:00,4608.0,528.9359208
2024-06-26 09:24:17+08:00,4609.0,528.4939096740741
2024-06-26 09:24:18+08:00,4610.0,528.0685259259259
2024-06-26 09:24:19+08:00,4611.0,527.6639264
2024-06-26 09:24:20+08:00,4612.0,527.2842679407407
2024-06-26 09:24:21+08:00,4613.0,526.9337073925926
2024-06-26 09:24:22+08:00,4614.0,526.6164016
2024-06-26 09:24:23+08:00,4615.0,526.3365074074073
2024-06-26 09:24:24+08:00,4616.0,526.0981816592591
2024-06-26 09:24:25+08:00,4617.0,525.9055811999999
2024-06-26 09:24:26+08:00,4618.0,525.762862874074
2024-06-26 09:24:27+08:00,4619.0,525.6741835259259
2024-06-26 09:24:28+08:00,4620.0,525.6437
2024-06-26 09:24:29+08:00,4621.0,525.7441135407407
2024-06-26 09:24:30+08:00,4622.0,526.0362256592592
2024-06-26 09:24:31+08:00,4623.0,526.5063435999999
2024-06-26 09:24:32+08:00,4624.0,527.1407746074074
2024-06-26 09:24:33+08:00,4625.0,527.9258259259259
2024-06-26 09:24:34+08:00,4626.0,528.8478048
2024-06-26 09:24:35+08:00,4627.0,529.8930184740741
2024-06-26 09:24:36+08:00,4628.0,531.0477741925926
2024-06-26 09:24:37+08:00,4629.0,532.2983792
2024-06-26 09:24:38+08:00,4630.0,533.6311407407408
2024-06-26 09:24:39+08:00,4631.0,535.0323660592593
2024-06-26 09:24:40+08:00,4632.0,536.4883624
2024-06-26 09:24:41+08:00,4633.0,537.9854370074074
2024-06-26 09:24:42+08:00,4634.0,539.5098971259259
2024-06-26 09:24:43+08:00,4635.0,541.04805
2024-06-26 09:24:44+08:00,4636.0,542.5862028740742
2024-06-26 09:24:45+08:00,4637.0,544.1106629925927
2024-06-26 09:24:46+08:00,4638.0,545.6077376
2024-06-26 09:24:47+08:00,4639.0,547.0637339407408
2024-06-26 09:24:48+08:00,4640.0,548.4649592592593
2024-06-26 09:24:49+08:00,4641.0,549.7977208
2024-06-26 09:24:50+08:00,4642.0,551.0483258074074
2024-06-26 09:24:51+08:00,4643.0,552.203081525926
2024-06-26 09:24:52+08:00,4644.0,553.2482952
2024-06-26 09:24:53+08:00,4645.0,554.1702740740741
2024-06-26 09:24:54+08:00,4646.0,554.9553253925926
2024-06-26 09:24:55+08:00,4647.0,555.5897564
2024-06-26 09:24:56+08:00,4648.0,556.0598743407407
2024-06-26 09:24:57+08:00,4649.0,556.3519864592593
2024-06-26 09:24:58+08:00,4650.0,556.4524
2024-06-26 09:24:59+08:00,4651.0,556.4266962637532
2024-06-26 09:25:00+08:00,4652.0,556.3513039918131
2024-06-26 09:25:01+08:00,4653.0,556.2288015893802
2024-06-26 09:25:02+08:00,4654.0,556.061767461655
2024-06-26 09:25:03+08:00,4655.0,555.8527800138379
2024-06-26 09:25:04+08:00,4656.0,555.6044176511294
2024-06-26 09:25:05+08:00,4657.0,555.3192587787303
2024-06-26 09:25:06+08:00,4658.0,554.9998818018406
2024-06-26 09:25:07+08:00,4659.0,554.6488651256611
2024-06-26 09:25:08+08:00,4660.0,554.2687871553923
2024-06-26 09:25:09+08:00,4661.0,553.8622262962346
2024-06-26 09:25:10+08:00,4662.0,553.4317609533884
2024-06-26 09:25:11+08:00,4663.0,552.9799695320544
2024-06-26 09:25:12+08:00,4664.0,552.5094304374329
2024-06-26 09:25:13+08:00,4665.0,552.0227220747245
2024-06-26 09:25:14+08:00,4666.0,551.5224228491296
2024-06-26 09:25:15+08:00,4667.0,551.0111111658489
2024-06-26 09:25:16+08:00,4668.0,550.4913654300826
2024-06-26 09:25:17+08:00,4669.0,549.9657640470315
2024-06-26 09:25:18+08:00,4670.0,549.4368854218958
2024-06-26 09:25:19+08:00,4671.0,548.907307959876
2024-06-26 09:25:20+08:00,4672.0,548.3796100661729
2024-06-26 09:25:21+08:00,4673.0,547.8563701459866
2024-06-26 09:25:22+08:00,4674.0,547.3401666045179
2024-06-26 09:25:23+08:00,4675.0,546.8335778469672
2024-06-26 09:25:24+08:00,4676.0,546.3391822785348
2024-06-26 09:25:25+08:00,4677.0,545.8595583044215
2024-06-26 09:25:26+08:00,4678.0,545.3972843298276
2024-06-26 09:25:27+08:00,4679.0,544.9549387599536
2024-06-26 09:25:28+08:00,4680.0,544.5351
2024-06-26 09:25:29+08:00,4681.0,544.113155758565
2024-06-26 09:25:30+08:00,4682.0,543.664685151654
2024-06-26 09:25:31+08:00,4683.0,543.1925536955786
2024-06-26 09:25:32+08:00,4684.0,542.6996269066505
2024-06-26 09:25:33+08:00,4685.0,542.1887703011811
2024-06-26 09:25:34+08:00,4686.0,541.6628493954822
2024-06-26 09:25:35+08:00,4687.0,541.1247297058652
2024-06-26 09:25:36+08:00,4688.0,540.577276748642
2024-06-26 09:25:37+08:00,4689.0,540.0233560401241
2024-06-26 09:25:38+08:00,4690.0,539.4658330966229
2024-06-26 09:25:39+08:00,4691.0,538.9075734344501
2024-06-26 09:25:40+08:00,4692.0,538.3514425699175
2024-06-26 09:25:41+08:00,4693.0,537.8003060193365
2024-06-26 09:25:42+08:00,4694.0,537.2570292990187
2024-06-26 09:25:43+08:00,4695.0,536.7244779252757
2024-06-26 09:25:44+08:00,4696.0,536.2055174144191
2024-06-26 09:25:45+08:00,4697.0,535.7030132827606
2024-06-26 09:25:46+08:00,4698.0,535.2198310466116
2024-06-26 09:25:47+08:00,4699.0,534.758836222284
2024-06-26 09:25:48+08:00,4700.0,534.3228943260892
2024-06-26 09:25:49+08:00,4701.0,533.9148708743389
2024-06-26 09:25:50+08:00,4702.0,533.5376313833447
2024-06-26 09:25:51+08:00,4703.0,533.194041369418
2024-06-26 09:25:52+08:00,4704.0,532.8869663488705
2024-06-26 09:25:53+08:00,4705.0,532.619271838014
2024-06-26 09:25:54+08:00,4706.0,532.3938233531599
2024-06-26 09:25:55+08:00,4707.0,532.2134864106199
2024-06-26 09:25:56+08:00,4708.0,532.0811265267055
2024-06-26 09:25:57+08:00,4709.0,531.9996092177282
2024-06-26 09:25:58+08:00,4710.0,531.9718
2024-06-26 09:25:59+08:00,4711.0,532.1613979555556
2024-06-26 09:26:00+08:00,4712.0,532.7129556444445
2024-06-26 09:26:01+08:00,4713.0,533.6006188000001
2024-06-26 09:26:02+08:00,4714.0,534.7985331555557
2024-06-26 09:26:03+08:00,4715.0,536.2808444444445
2024-06-26 09:26:04+08:00,4716.0,538.0216984
2024-06-26 09:26:05+08:00,4717.0,539.9952407555555
2024-06-26 09:26:06+08:00,4718.0,542.1756172444444
2024-06-26 09:26:07+08:00,4719.0,544.5369736
2024-06-26 09:26:08+08:00,4720.0,547.0534555555556
2024-06-26 09:26:09+08:00,4721.0,549.6992088444445
2024-06-26 09:26:10+08:00,4722.0,552.4483792
2024-06-26 09:26:11+08:00,4723.0,555.2751123555556
2024-06-26 09:26:12+08:00,4724.0,558.1535540444445
2024-06-26 09:26:13+08:00,4725.0,561.05785
2024-06-26 09:26:14+08:00,4726.0,563.9621459555556
2024-06-26 09:26:15+08:00,4727.0,566.8405876444444
2024-06-26 09:26:16+08:00,4728.0,569.6673208000001
2024-06-26 09:26:17+08:00,4729.0,572.4164911555555
2024-06-26 09:26:18+08:00,4730.0,575.0622444444446
2024-06-26 09:26:19+08:00,4731.0,577.5787264
2024-06-26 09:26:20+08:00,4732.0,579.9400827555556
2024-06-26 09:26:21+08:00,4733.0,582.1204592444445
2024-06-26 09:26:22+08:00,4734.0,584.0940016
2024-06-26 09:26:23+08:00,4735.0,585.8348555555556
2024-06-26 09:26:24+08:00,4736.0,587.3171668444445
2024-06-26 09:26:25+08:00,4737.0,588.5150812
2024-06-26 09:26:26+08:00,4738.0,589.4027443555556
2024-06-26 09:26:27+08:00,4739.0,589.9543020444445
2024-06-26 09:26:28+08:00,4740.0,590.1439
2024-06-26 09:26:29+08:00,4741.0,589.9323763347554
2024-06-26 09:26:30+08:00,4742.0,589.3167238522353
2024-06-26 09:26:31+08:00,4743.0,588.3253203222607
2024-06-26 09:26:32+08:00,4744.0,586.986543514652
2024-06-26 09:26:33+08:00,4745.0,585.3287711992299
2024-06-26 09:26:34+08:00,4746.0,583.3803811458156
2024-06-26 09:26:35+08:00,4747.0,581.1697511242294
2024-06-26 09:26:36+08:00,4748.0,578.725258904292
2024-06-26 09:26:37+08:00,4749.0,576.0752822558243
2024-06-26 09:26:38+08:00,4750.0,573.2481989486471
2024-06-26 09:26:39+08:00,4751.0,570.2723867525808
2024-06-26 09:26:40+08:00,4752.0,567.1762234374465
2024-06-26 09:26:41+08:00,4753.0,563.9880867730648
2024-06-26 09:26:42+08:00,4754.0,560.7363545292562
2024-06-26 09:26:43+08:00,4755.0,557.4494044758418
2024-06-26 09:26:44+08:00,4756.0,554.155614382642
2024-06-26 09:26:45+08:00,4757.0,550.8833620194779
2024-06-26 09:26:46+08:00,4758.0,547.6610251561697
2024-06-26 09:26:47+08:00,4759.0,544.5169815625386
2024-06-26 09:26:48+08:00,4760.0,541.4796090084051
2024-06-26 09:26:49+08:00,4761.0,538.5772852635899
2024-06-26 09:26:50+08:00,4762.0,535.8383880979139
2024-06-26 09:26:51+08:00,4763.0,533.2912952811977
2024-06-26 09:26:52+08:00,4764.0,530.9643845832619
2024-06-26 09:26:53+08:00,4765.0,528.8860337739275
2024-06-26 09:26:54+08:00,4766.0,527.0846206230151
2024-06-26 09:26:55+08:00,4767.0,525.5885229003454
2024-06-26 09:26:56+08:00,4768.0,524.4261183757392
2024-06-26 09:26:57+08:00,4769.0,523.6257848190171
2024-06-26 09:26:58+08:00,4770.0,523.2158999999999
2024-06-26 09:26:59+08:00,4771.0,523.0136352106124
2024-06-26 09:27:00+08:00,4772.0,522.8172871946311
2024-06-26 09:27:01+08:00,4773.0,522.6269218996545
2024-06-26 09:27:02+08:00,4774.0,522.4426052732811
2024-06-26 09:27:03+08:00,4775.0,522.2644032631093
2024-06-26 09:27:04+08:00,4776.0,522.0923818167379
2024-06-26 09:27:05+08:00,4777.0,521.9266068817651
2024-06-26 09:27:06+08:00,4778.0,521.7671444057896
2024-06-26 09:27:07+08:00,4779.0,521.61406033641
2024-06-26 09:27:08+08:00,4780.0,521.4674206212245
2024-06-26 09:27:09+08:00,4781.0,521.3272912078316
2024-06-26 09:27:10+08:00,4782.0,521.1937380438302
2024-06-26 09:27:11+08:00,4783.0,521.0668270768185
2024-06-26 09:27:12+08:00,4784.0,520.9466242543949
2024-06-26 09:27:13+08:00,4785.0,520.8331955241581
2024-06-26 09:27:14+08:00,4786.0,520.7266068337067
2024-06-26 09:27:15+08:00,4787.0,520.6269241306389
2024-06-26 09:27:16+08:00,4788.0,520.5342133625535
2024-06-26 09:27:17+08:00,4789.0,520.4485404770487
2024-06-26 09:27:18+08:00,4790.0,520.3699714217233
2024-06-26 09:27:19+08:00,4791.0,520.2985721441758
2024-06-26 09:27:20+08:00,4792.0,520.2344085920043
2024-06-26 09:27:21+08:00,4793.0,520.1775467128078
2024-06-26 09:27:22+08:00,4794.0,520.1280524541845
2024-06-26 09:27:23+08:00,4795.0,520.0859917637331
2024-06-26 09:27:24+08:00,4796.0,520.0514305890517
2024-06-26 09:27:25+08:00,4797.0,520.0244348777394
2024-06-26 09:27:26+08:00,4798.0,520.0050705773942
2024-06-26 09:27:27+08:00,4799.0,519.993403635615
2024-06-26 09:27:28+08:00,4800.0,519.9895
2024-06-26 09:27:29+08:00,4801.0,520.0156232888888
2024-06-26 09:27:30+08:00,4802.0,520.0916183111111
2024-06-26 09:27:31+08:00,4803.0,520.2139228
2024-06-26 09:27:32+08:00,4804.0,520.3789744888888
2024-06-26 09:27:33+08:00,4805.0,520.5832111111112
2024-06-26 09:27:34+08:00,4806.0,520.8230704
2024-06-26 09:27:35+08:00,4807.0,521.0949900888888
2024-06-26 09:27:36+08:00,4808.0,521.3954079111111
2024-06-26 09:27:37+08:00,4809.0,521.7207616000001
2024-06-26 09:27:38+08:00,4810.0,522.0674888888889
2024-06-26 09:27:39+08:00,4811.0,522.4320275111111
2024-06-26 09:27:40+08:00,4812.0,522.8108152000001
2024-06-26 09:27:41+08:00,4813.0,523.2002896888889
2024-06-26 09:27:42+08:00,4814.0,523.5968887111112
2024-06-26 09:27:43+08:00,4815.0,523.99705
2024-06-26 09:27:44+08:00,4816.0,524.3972112888888
2024-06-26 09:27:45+08:00,4817.0,524.7938103111111
2024-06-26 09:27:46+08:00,4818.0,525.1832848
2024-06-26 09:27:47+08:00,4819.0,525.5620724888888
2024-06-26 09:27:48+08:00,4820.0,525.9266111111111
2024-06-26 09:27:49+08:00,4821.0,526.2733384000001
2024-06-26 09:27:50+08:00,4822.0,526.5986920888889
2024-06-26 09:27:51+08:00,4823.0,526.8991099111112
2024-06-26 09:27:52+08:00,4824.0,527.1710296
2024-06-26 09:27:53+08:00,4825.0,527.4108888888888
2024-06-26 09:27:54+08:00,4826.0,527.615125511111
2024-06-26 09:27:55+08:00,4827.0,527.7801772
2024-06-26 09:27:56+08:00,4828.0,527.9024816888889
2024-06-26 09:27:57+08:00,4829.0,527.978476711111
2024-06-26 09:27:58+08:00,4830.0,528.0046
2024-06-26 09:27:59+08:00,4831.0,527.9440752296296
2024-06-26 09:28:00+08:00,4832.0,527.7680031703703
2024-06-26 09:28:01+08:00,4833.0,527.4846372
2024-06-26 09:28:02+08:00,4834.0,527.1022306962963
2024-06-26 09:28:03+08:00,4835.0,526.629037037037
2024-06-26 09:28:04+08:00,4836.0,526.0733095999999
2024-06-26 09:28:05+08:00,4837.0,525.443301762963
2024-06-26 09:28:06+08:00,4838.0,524.7472669037037
2024-06-26 09:28:07+08:00,4839.0,523.9934584
2024-06-26 09:28:08+08:00,4840.0,523.1901296296296
2024-06-26 09:28:09+08:00,4841.0,522.3455339703704
2024-06-26 09:28:10+08:00,4842.0,521.4679248
2024-06-26 09:28:11+08:00,4843.0,520.5655554962963
2024-06-26 09:28:12+08:00,4844.0,519.6466794370369
2024-06-26 09:28:13+08:00,4845.0,518.71955
2024-06-26 09:28:14+08:00,4846.0,517.792420562963
2024-06-26 09:28:15+08:00,4847.0,516.8735445037037
2024-06-26 09:28:16+08:00,4848.0,515.9711752
2024-06-26 09:28:17+08:00,4849.0,515.0935660296296
2024-06-26 09:28:18+08:00,4850.0,514.2489703703704
2024-06-26 09:28:19+08:00,4851.0,513.4456416
2024-06-26 09:28:20+08:00,4852.0,512.6918330962963
2024-06-26 09:28:21+08:00,4853.0,511.99579823703704
2024-06-26 09:28:22+08:00,4854.0,511.36579040000004
2024-06-26 09:28:23+08:00,4855.0,510.810062962963
2024-06-26 09:28:24+08:00,4856.0,510.3368693037037
2024-06-26 09:28:25+08:00,4857.0,509.9544628
2024-06-26 09:28:26+08:00,4858.0,509.6710968296296
2024-06-26 09:28:27+08:00,4859.0,509.49502477037043
2024-06-26 09:28:28+08:00,4860.0,509.4345
2024-06-26 09:28:29+08:00,4861.0,509.55709345185187
2024-06-26 09:28:30+08:00,4862.0,509.91372894814816
2024-06-26 09:28:31+08:00,4863.0,510.48768920000003
2024-06-26 09:28:32+08:00,4864.0,511.2622569185185
2024-06-26 09:28:33+08:00,4865.0,512.2207148148148
2024-06-26 09:28:34+08:00,4866.0,513.3463456000001
2024-06-26 09:28:35+08:00,4867.0,514.6224319851852
2024-06-26 09:28:36+08:00,4868.0,516.0322566814815
2024-06-26 09:28:37+08:00,4869.0,517.5591023999999
2024-06-26 09:28:38+08:00,4870.0,519.1862518518519
2024-06-26 09:28:39+08:00,4871.0,520.8969877481481
2024-06-26 09:28:40+08:00,4872.0,522.6745928
2024-06-26 09:28:41+08:00,4873.0,524.5023497185185
2024-06-26 09:28:42+08:00,4874.0,526.3635412148149
2024-06-26 09:28:43+08:00,4875.0,528.2414500000001
2024-06-26 09:28:44+08:00,4876.0,530.1193587851852
2024-06-26 09:28:45+08:00,4877.0,531.9805502814814
2024-06-26 09:28:46+08:00,4878.0,533.8083072
2024-06-26 09:28:47+08:00,4879.0,535.5859122518518
2024-06-26 09:28:48+08:00,4880.0,537.2966481481482
2024-06-26 09:28:49+08:00,4881.0,538.9237976000001
2024-06-26 09:28:50+08:00,4882.0,540.4506433185185
2024-06-26 09:28:51+08:00,4883.0,541.8604680148148
2024-06-26 09:28:52+08:00,4884.0,543.1365544
2024-06-26 09:28:53+08:00,4885.0,544.2621851851852
2024-06-26 09:28:54+08:00,4886.0,545.2206430814815
2024-06-26 09:28:55+08:00,4887.0,545.9952108
2024-06-26 09:28:56+08:00,4888.0,546.5691710518519
2024-06-26 09:28:57+08:00,4889.0,546.9258065481482
2024-06-26 09:28:58+08:00,4890.0,547.0484
2024-06-26 09:28:59+08:00,4891.0,547.0322790518519
2024-06-26 09:29:00+08:00,4892.0,546.9853817481481
2024-06-26 09:29:01+08:00,4893.0,546.9099064000001
2024-06-26 09:29:02+08:00,4894.0,546.8080513185186
2024-06-26 09:29:03+08:00,4895.0,546.6820148148148
2024-06-26 09:29:04+08:00,4896.0,546.5339952
2024-06-26 09:29:05+08:00,4897.0,546.3661907851853
2024-06-26 09:29:06+08:00,4898.0,546.1807998814814
2024-06-26 09:29:07+08:00,4899.0,545.9800208
2024-06-26 09:29:08+08:00,4900.0,545.7660518518519
2024-06-26 09:29:09+08:00,4901.0,545.5410913481481
2024-06-26 09:29:10+08:00,4902.0,545.3073376
2024-06-26 09:29:11+08:00,4903.0,545.0669889185186
2024-06-26 09:29:12+08:00,4904.0,544.8222436148149
2024-06-26 09:29:13+08:00,4905.0,544.5753
2024-06-26 09:29:14+08:00,4906.0,544.3283563851852
2024-06-26 09:29:15+08:00,4907.0,544.0836110814815
2024-06-26 09:29:16+08:00,4908.0,543.8432624
2024-06-26 09:29:17+08:00,4909.0,543.6095086518519
2024-06-26 09:29:18+08:00,4910.0,543.3845481481482
2024-06-26 09:29:19+08:00,4911.0,543.1705792
2024-06-26 09:29:20+08:00,4912.0,542.9698001185185
2024-06-26 09:29:21+08:00,4913.0,542.7844092148149
2024-06-26 09:29:22+08:00,4914.0,542.6166048000001
2024-06-26 09:29:23+08:00,4915.0,542.4685851851852
2024-06-26 09:29:24+08:00,4916.0,542.3425486814816
2024-06-26 09:29:25+08:00,4917.0,542.2406936000001
2024-06-26 09:29:26+08:00,4918.0,542.1652182518518
2024-06-26 09:29:27+08:00,4919.0,542.1183209481482
2024-06-26 09:29:28+08:00,4920.0,542.1022
2024-06-26 09:29:29+08:00,4921.0,542.1071481424765
2024-06-26 09:29:30+08:00,4922.0,542.1218780981467
2024-06-26 09:29:31+08:00,4923.0,542.1462181593719
2024-06-26 09:29:32+08:00,4924.0,542.1799966185132
2024-06-26 09:29:33+08:00,4925.0,542.2230417679317
2024-06-26 09:29:34+08:00,4926.0,542.2751818999888
2024-06-26 09:29:35+08:00,4927.0,542.3362453070456
2024-06-26 09:29:36+08:00,4928.0,542.4060602814633
2024-06-26 09:29:37+08:00,4929.0,542.4844551156028
2024-06-26 09:29:38+08:00,4930.0,542.5712581018258
2024-06-26 09:29:39+08:00,4931.0,542.6662975324933
2024-06-26 09:29:40+08:00,4932.0,542.7694016999662
2024-06-26 09:29:41+08:00,4933.0,542.8803988966062
2024-06-26 09:29:42+08:00,4934.0,542.999117414774
2024-06-26 09:29:43+08:00,4935.0,543.1253855468311
2024-06-26 09:29:44+08:00,4936.0,543.2590315851386
2024-06-26 09:29:45+08:00,4937.0,543.3998838220576
2024-06-26 09:29:46+08:00,4938.0,543.5477705499495
2024-06-26 09:29:47+08:00,4939.0,543.7025200611752
2024-06-26 09:29:48+08:00,4940.0,543.8639606480962
2024-06-26 09:29:49+08:00,4941.0,544.0319206030733
2024-06-26 09:29:50+08:00,4942.0,544.2062282184681
2024-06-26 09:29:51+08:00,4943.0,544.3867117866416
2024-06-26 09:29:52+08:00,4944.0,544.573199599955
2024-06-26 09:29:53+08:00,4945.0,544.7655199507697
2024-06-26 09:29:54+08:00,4946.0,544.9635011314464
2024-06-26 09:29:55+08:00,4947.0,545.1669714343467
2024-06-26 09:29:56+08:00,4948.0,545.3757591518315
2024-06-26 09:29:57+08:00,4949.0,545.5896925762622
2024-06-26 09:29:58+08:00,4950.0,545.8086000000001
2024-06-26 09:29:59+08:00,4951.0,546.1192386237379
2024-06-26 09:30:00+08:00,4952.0,546.6000264481687
2024-06-26 09:30:01+08:00,4953.0,547.2382829656535
2024-06-26 09:30:02+08:00,4954.0,548.0213276685538
2024-06-26 09:30:03+08:00,4955.0,548.9364800492307
2024-06-26 09:30:04+08:00,4956.0,549.971059600045
2024-06-26 09:30:05+08:00,4957.0,551.1123858133585
2024-06-26 09:30:06+08:00,4958.0,552.347778181532
2024-06-26 09:30:07+08:00,4959.0,553.6645561969267
2024-06-26 09:30:08+08:00,4960.0,555.0500393519039
2024-06-26 09:30:09+08:00,4961.0,556.4915471388249
2024-06-26 09:30:10+08:00,4962.0,557.9763990500506
2024-06-26 09:30:11+08:00,4963.0,559.4919145779425
2024-06-26 09:30:12+08:00,4964.0,561.0254132148616
2024-06-26 09:30:13+08:00,4965.0,562.564214453169
2024-06-26 09:30:14+08:00,4966.0,564.095637785226
2024-06-26 09:30:15+08:00,4967.0,565.607002703394
2024-06-26 09:30:16+08:00,4968.0,567.0856287000338
2024-06-26 09:30:17+08:00,4969.0,568.5188352675068
2024-06-26 09:30:18+08:00,4970.0,569.8939418981743
2024-06-26 09:30:19+08:00,4971.0,571.1982680843972
2024-06-26 09:30:20+08:00,4972.0,572.419133318537
2024-06-26 09:30:21+08:00,4973.0,573.5438570929546
2024-06-26 09:30:22+08:00,4974.0,574.5597589000114
2024-06-26 09:30:23+08:00,4975.0,575.4541582320684
2024-06-26 09:30:24+08:00,4976.0,576.2143745814869
2024-06-26 09:30:25+08:00,4977.0,576.8277274406281
2024-06-26 09:30:26+08:00,4978.0,577.2815363018533
2024-06-26 09:30:27+08:00,4979.0,577.5631206575235
2024-06-26 09:30:28+08:00,4980.0,577.6598
2024-06-26 09:30:29+08:00,4981.0,577.5415886222222
2024-06-26 09:30:30+08:00,4982.0,577.1977009777778
2024-06-26 09:30:31+08:00,4983.0,576.6442568
2024-06-26 09:30:32+08:00,4984.0,575.8973758222223
2024-06-26 09:30:33+08:00,4985.0,574.9731777777778
2024-06-26 09:30:34+08:00,4986.0,573.8877824
2024-06-26 09:30:35+08:00,4987.0,572.6573094222223
2024-06-26 09:30:36+08:00,4988.0,571.2978785777777
2024-06-26 09:30:37+08:00,4989.0,569.8256096
2024-06-26 09:30:38+08:00,4990.0,568.2566222222223
2024-06-26 09:30:39+08:00,4991.0,566.6070361777778
2024-06-26 09:30:40+08:00,4992.0,564.8929712
2024-06-26 09:30:41+08:00,4993.0,563.1305470222222
2024-06-26 09:30:42+08:00,4994.0,561.3358833777778
2024-06-26 09:30:43+08:00,4995.0,559.5251000000001
2024-06-26 09:30:44+08:00,4996.0,557.7143166222222
2024-06-26 09:30:45+08:00,4997.0,555.9196529777778
2024-06-26 09:30:46+08:00,4998.0,554.1572288
2024-06-26 09:30:47+08:00,4999.0,552.4431638222222
2024-06-26 09:30:48+08:00,5000.0,550.7935777777778
2024-06-26 09:30:49+08:00,5001.0,549.2245904
2024-06-26 09:30:50+08:00,5002.0,547.7523214222223
2024-06-26 09:30:51+08:00,5003.0,546.3928905777777
2024-06-26 09:30:52+08:00,5004.0,545.1624176
2024-06-26 09:30:53+08:00,5005.0,544.0770222222222
2024-06-26 09:30:54+08:00,5006.0,543.1528241777778
2024-06-26 09:30:55+08:00,5007.0,542.4059432
2024-06-26 09:30:56+08:00,5008.0,541.8524990222222
2024-06-26 09:30:57+08:00,5009.0,541.5086113777777
2024-06-26 09:30:58+08:00,5010.0,541.3904
2024-06-26 09:30:59+08:00,5011.0,541.4397226962963
2024-06-26 09:31:00+08:00,5012.0,541.5832069037037
2024-06-26 09:31:01+08:00,5013.0,541.8141267999999
2024-06-26 09:31:02+08:00,5014.0,542.1257565629629
2024-06-26 09:31:03+08:00,5015.0,542.5113703703703
2024-06-26 09:31:04+08:00,5016.0,542.9642424
2024-06-26 09:31:05+08:00,5017.0,543.4776468296296
2024-06-26 09:31:06+08:00,5018.0,544.0448578370371
2024-06-26 09:31:07+08:00,5019.0,544.6591496000001
2024-06-26 09:31:08+08:00,5020.0,545.3137962962962
2024-06-26 09:31:09+08:00,5021.0,546.0020721037038
2024-06-26 09:31:10+08:00,5022.0,546.7172512
2024-06-26 09:31:11+08:00,5023.0,547.452607762963
2024-06-26 09:31:12+08:00,5024.0,548.2014159703704
2024-06-26 09:31:13+08:00,5025.0,548.95695
2024-06-26 09:31:14+08:00,5026.0,549.7124840296296
2024-06-26 09:31:15+08:00,5027.0,550.461292237037
2024-06-26 09:31:16+08:00,5028.0,551.1966488
2024-06-26 09:31:17+08:00,5029.0,551.9118278962962
2024-06-26 09:31:18+08:00,5030.0,552.6001037037037
2024-06-26 09:31:19+08:00,5031.0,553.2547504
2024-06-26 09:31:20+08:00,5032.0,553.8690421629631
2024-06-26 09:31:21+08:00,5033.0,554.4362531703704
2024-06-26 09:31:22+08:00,5034.0,554.9496576
2024-06-26 09:31:23+08:00,5035.0,555.4025296296296
2024-06-26 09:31:24+08:00,5036.0,555.788143437037
2024-06-26 09:31:25+08:00,5037.0,556.0997732000001
2024-06-26 09:31:26+08:00,5038.0,556.3306930962964
2024-06-26 09:31:27+08:00,5039.0,556.4741773037038
2024-06-26 09:31:28+08:00,5040.0,556.5235
2024-06-26 09:31:29+08:00,5041.0,556.5196055111112
2024-06-26 09:31:30+08:00,5042.0,556.5082760888889
2024-06-26 09:31:31+08:00,5043.0,556.4900428
2024-06-26 09:31:32+08:00,5044.0,556.4654367111111
2024-06-26 09:31:33+08:00,5045.0,556.4349888888889
2024-06-26 09:31:34+08:00,5046.0,556.3992304000001
2024-06-26 09:31:35+08:00,5047.0,556.3586923111111
2024-06-26 09:31:36+08:00,5048.0,556.3139056888889
2024-06-26 09:31:37+08:00,5049.0,556.2654016
2024-06-26 09:31:38+08:00,5050.0,556.2137111111111
2024-06-26 09:31:39+08:00,5051.0,556.1593652888889
2024-06-26 09:31:40+08:00,5052.0,556.1028952
2024-06-26 09:31:41+08:00,5053.0,556.0448319111111
2024-06-26 09:31:42+08:00,5054.0,555.9857064888889
2024-06-26 09:31:43+08:00,5055.0,555.92605
2024-06-26 09:31:44+08:00,5056.0,555.8663935111111
2024-06-26 09:31:45+08:00,5057.0,555.8072680888889
2024-06-26 09:31:46+08:00,5058.0,555.7492048
2024-06-26 09:31:47+08:00,5059.0,555.6927347111111
2024-06-26 09:31:48+08:00,5060.0,555.6383888888889
2024-06-26 09:31:49+08:00,5061.0,555.5866984
2024-06-26 09:31:50+08:00,5062.0,555.5381943111112
2024-06-26 09:31:51+08:00,5063.0,555.493407688889
2024-06-26 09:31:52+08:00,5064.0,555.4528696000001
2024-06-26 09:31:53+08:00,5065.0,555.4171111111112
2024-06-26 09:31:54+08:00,5066.0,555.3866632888889
2024-06-26 09:31:55+08:00,5067.0,555.3620572000001
2024-06-26 09:31:56+08:00,5068.0,555.3438239111113
2024-06-26 09:31:57+08:00,5069.0,555.332494488889
2024-06-26 09:31:58+08:00,5070.0,555.3286
2024-06-26 09:31:59+08:00,5071.0,555.3710540015163
2024-06-26 09:32:00+08:00,5072.0,555.4959646342086
2024-06-26 09:32:01+08:00,5073.0,555.6996548402916
2024-06-26 09:32:02+08:00,5074.0,555.9784475619806
2024-06-26 09:32:03+08:00,5075.0,556.3286657414906
2024-06-26 09:32:04+08:00,5076.0,556.7466323210366
2024-06-26 09:32:05+08:00,5077.0,557.2286702428337
2024-06-26 09:32:06+08:00,5078.0,557.7711024490967
2024-06-26 09:32:07+08:00,5079.0,558.3702518820409
2024-06-26 09:32:08+08:00,5080.0,559.022441483881
2024-06-26 09:32:09+08:00,5081.0,559.7239941968323
2024-06-26 09:32:10+08:00,5082.0,560.4712329631097
2024-06-26 09:32:11+08:00,5083.0,561.2604807249285
2024-06-26 09:32:12+08:00,5084.0,562.0880604245033
2024-06-26 09:32:13+08:00,5085.0,562.9502950040493
2024-06-26 09:32:14+08:00,5086.0,563.8435074057815
2024-06-26 09:32:15+08:00,5087.0,564.764020571915
2024-06-26 09:32:16+08:00,5088.0,565.7081574446647
2024-06-26 09:32:17+08:00,5089.0,566.6722409662458
2024-06-26 09:32:18+08:00,5090.0,567.6525940788732
2024-06-26 09:32:19+08:00,5091.0,568.6455397247619
2024-06-26 09:32:20+08:00,5092.0,569.6474008461271
2024-06-26 09:32:21+08:00,5093.0,570.6545003851835
2024-06-26 09:32:22+08:00,5094.0,571.6631612841464
2024-06-26 09:32:23+08:00,5095.0,572.6697064852307
2024-06-26 09:32:24+08:00,5096.0,573.6704589306516
2024-06-26 09:32:25+08:00,5097.0,574.6617415626239
2024-06-26 09:32:26+08:00,5098.0,575.6398773233627
2024-06-26 09:32:27+08:00,5099.0,576.601189155083
2024-06-26 09:32:28+08:00,5100.0,577.542
2024-06-26 09:32:29+08:00,5101.0,578.532398844917
2024-06-26 09:32:30+08:00,5102.0,579.6379666766373
2024-06-26 09:32:31+08:00,5103.0,580.8482644373761
2024-06-26 09:32:32+08:00,5104.0,582.1528530693485
2024-06-26 09:32:33+08:00,5105.0,583.5412935147693
2024-06-26 09:32:34+08:00,5106.0,585.0031467158536
2024-06-26 09:32:35+08:00,5107.0,586.5279736148165
2024-06-26 09:32:36+08:00,5108.0,588.1053351538732
2024-06-26 09:32:37+08:00,5109.0,589.7247922752382
2024-06-26 09:32:38+08:00,5110.0,591.3759059211269
2024-06-26 09:32:39+08:00,5111.0,593.0482370337543
2024-06-26 09:32:40+08:00,5112.0,594.7313465553353
2024-06-26 09:32:41+08:00,5113.0,596.4147954280852
2024-06-26 09:32:42+08:00,5114.0,598.0881445942185
2024-06-26 09:32:43+08:00,5115.0,599.7409549959508
2024-06-26 09:32:44+08:00,5116.0,601.3627875754968
2024-06-26 09:32:45+08:00,5117.0,602.9432032750717
2024-06-26 09:32:46+08:00,5118.0,604.4717630368903
2024-06-26 09:32:47+08:00,5119.0,605.9380278031678
2024-06-26 09:32:48+08:00,5120.0,607.331558516119
2024-06-26 09:32:49+08:00,5121.0,608.6419161179592
2024-06-26 09:32:50+08:00,5122.0,609.8586615509033
2024-06-26 09:32:51+08:00,5123.0,610.9713557571664
2024-06-26 09:32:52+08:00,5124.0,611.9695596789635
2024-06-26 09:32:53+08:00,5125.0,612.8428342585094
2024-06-26 09:32:54+08:00,5126.0,613.5807404380195
2024-06-26 09:32:55+08:00,5127.0,614.1728391597085
2024-06-26 09:32:56+08:00,5128.0,614.6086913657916
2024-06-26 09:32:57+08:00,5129.0,614.8778579984837
2024-06-26 09:32:58+08:00,5130.0,614.9699
2024-06-26 09:32:59+08:00,5131.0,614.8162413774189
2024-06-26 09:33:00+08:00,5132.0,614.3685302545524
2024-06-26 09:33:01+08:00,5133.0,613.6466637487163
2024-06-26 09:33:02+08:00,5134.0,612.6705389772261
2024-06-26 09:33:03+08:00,5135.0,611.4600530573975
2024-06-26 09:33:04+08:00,5136.0,610.0351031065464
2024-06-26 09:33:05+08:00,5137.0,608.4155862419883
2024-06-26 09:33:06+08:00,5138.0,606.6213995810386
2024-06-26 09:33:07+08:00,5139.0,604.6724402410133
2024-06-26 09:33:08+08:00,5140.0,602.5886053392278
2024-06-26 09:33:09+08:00,5141.0,600.3897919929979
2024-06-26 09:33:10+08:00,5142.0,598.0958973196392
2024-06-26 09:33:11+08:00,5143.0,595.7268184364674
2024-06-26 09:33:12+08:00,5144.0,593.3024524607981
2024-06-26 09:33:13+08:00,5145.0,590.8426965099469
2024-06-26 09:33:14+08:00,5146.0,588.3674477012295
2024-06-26 09:33:15+08:00,5147.0,585.8966031519617
2024-06-26 09:33:16+08:00,5148.0,583.4500599794588
2024-06-26 09:33:17+08:00,5149.0,581.0477153010368
2024-06-26 09:33:18+08:00,5150.0,578.7094662340111
2024-06-26 09:33:19+08:00,5151.0,576.4552098956975
2024-06-26 09:33:20+08:00,5152.0,574.3048434034117
2024-06-26 09:33:21+08:00,5153.0,572.2782638744691
2024-06-26 09:33:22+08:00,5154.0,570.3953684261857
2024-06-26 09:33:23+08:00,5155.0,568.6760541758767
2024-06-26 09:33:24+08:00,5156.0,567.1402182408582
2024-06-26 09:33:25+08:00,5157.0,565.8077577384456
2024-06-26 09:33:26+08:00,5158.0,564.6985697859545
2024-06-26 09:33:27+08:00,5159.0,563.8325515007009
2024-06-26 09:33:28+08:00,5160.0,563.2296
2024-06-26 09:33:29+08:00,5161.0,562.7690220696695
2024-06-26 09:33:30+08:00,5162.0,562.3171814436749
2024-06-26 09:33:31+08:00,5163.0,561.8745606615545
2024-06-26 09:33:32+08:00,5164.0,561.4416422628456
2024-06-26 09:33:33+08:00,5165.0,561.0189087870863
2024-06-26 09:33:34+08:00,5166.0,560.6068427738144
2024-06-26 09:33:35+08:00,5167.0,560.205926762568
2024-06-26 09:33:36+08:00,5168.0,559.8166432928847
2024-06-26 09:33:37+08:00,5169.0,559.4394749043024
2024-06-26 09:33:38+08:00,5170.0,559.0749041363592
2024-06-26 09:33:39+08:00,5171.0,558.7234135285929
2024-06-26 09:33:40+08:00,5172.0,558.3854856205412
2024-06-26 09:33:41+08:00,5173.0,558.0616029517421
2024-06-26 09:33:42+08:00,5174.0,557.7522480617333
2024-06-26 09:33:43+08:00,5175.0,557.4579034900532
2024-06-26 09:33:44+08:00,5176.0,557.179051776239
2024-06-26 09:33:45+08:00,5177.0,556.916175459829
2024-06-26 09:33:46+08:00,5178.0,556.6697570803608
2024-06-26 09:33:47+08:00,5179.0,556.4402791773725
2024-06-26 09:33:48+08:00,5180.0,556.2282242904018
2024-06-26 09:33:49+08:00,5181.0,556.0340749589867
2024-06-26 09:33:50+08:00,5182.0,555.8583137226651
2024-06-26 09:33:51+08:00,5183.0,555.7014231209748
2024-06-26 09:33:52+08:00,5184.0,555.5638856934537
2024-06-26 09:33:53+08:00,5185.0,555.4461839796395
2024-06-26 09:33:54+08:00,5186.0,555.3488005190702
2024-06-26 09:33:55+08:00,5187.0,555.2722178512839
2024-06-26 09:33:56+08:00,5188.0,555.2169185158181
2024-06-26 09:33:57+08:00,5189.0,555.1833850522108
2024-06-26 09:33:58+08:00,5190.0,555.1721
2024-06-26 09:33:59+08:00,5191.0,555.194746637037
2024-06-26 09:34:00+08:00,5192.0,555.2606277629629
2024-06-26 09:34:01+08:00,5193.0,555.3666552
2024-06-26 09:34:02+08:00,5194.0,555.5097407703704
2024-06-26 09:34:03+08:00,5195.0,555.6867962962963
2024-06-26 09:34:04+08:00,5196.0,555.8947336
2024-06-26 09:34:05+08:00,5197.0,556.1304645037037
2024-06-26 09:34:06+08:00,5198.0,556.3909008296296
2024-06-26 09:34:07+08:00,5199.0,556.6729544
2024-06-26 09:34:08+08:00,5200.0,556.9735370370371
2024-06-26 09:34:09+08:00,5201.0,557.289560562963
2024-06-26 09:34:10+08:00,5202.0,557.6179368
2024-06-26 09:34:11+08:00,5203.0,557.9555775703703
2024-06-26 09:34:12+08:00,5204.0,558.2993946962963
2024-06-26 09:34:13+08:00,5205.0,558.6463
2024-06-26 09:34:14+08:00,5206.0,558.9932053037037
2024-06-26 09:34:15+08:00,5207.0,559.3370224296297
2024-06-26 09:34:16+08:00,5208.0,559.6746632
2024-06-26 09:34:17+08:00,5209.0,560.003039437037
2024-06-26 09:34:18+08:00,5210.0,560.319062962963
2024-06-26 09:34:19+08:00,5211.0,560.6196456
2024-06-26 09:34:20+08:00,5212.0,560.9016991703703
2024-06-26 09:34:21+08:00,5213.0,561.1621354962963
2024-06-26 09:34:22+08:00,5214.0,561.3978664
2024-06-26 09:34:23+08:00,5215.0,561.6058037037037
2024-06-26 09:34:24+08:00,5216.0,561.7828592296296
2024-06-26 09:34:25+08:00,5217.0,561.9259447999999
2024-06-26 09:34:26+08:00,5218.0,562.0319722370369
2024-06-26 09:34:27+08:00,5219.0,562.097853362963
2024-06-26 09:34:28+08:00,5220.0,562.1205
2024-06-26 09:34:29+08:00,5221.0,562.079716562963
2024-06-26 09:34:30+08:00,5222.0,561.961073837037
2024-06-26 09:34:31+08:00,5223.0,561.7701331999999
2024-06-26 09:34:32+08:00,5224.0,561.5124560296296
2024-06-26 09:34:33+08:00,5225.0,561.1936037037036
2024-06-26 09:34:34+08:00,5226.0,560.8191376
2024-06-26 09:34:35+08:00,5227.0,560.3946190962963
2024-06-26 09:34:36+08:00,5228.0,559.9256095703704
2024-06-26 09:34:37+08:00,5229.0,559.4176703999999
2024-06-26 09:34:38+08:00,5230.0,558.876362962963
2024-06-26 09:34:39+08:00,5231.0,558.307248637037
2024-06-26 09:34:40+08:00,5232.0,557.7158887999999
2024-06-26 09:34:41+08:00,5233.0,557.1078448296297
2024-06-26 09:34:42+08:00,5234.0,556.4886781037037
2024-06-26 09:34:43+08:00,5235.0,555.86395
2024-06-26 09:34:44+08:00,5236.0,555.2392218962963
2024-06-26 09:34:45+08:00,5237.0,554.6200551703703
2024-06-26 09:34:46+08:00,5238.0,554.0120112000001
2024-06-26 09:34:47+08:00,5239.0,553.420651362963
2024-06-26 09:34:48+08:00,5240.0,552.851537037037
2024-06-26 09:34:49+08:00,5241.0,552.3102296
2024-06-26 09:34:50+08:00,5242.0,551.8022904296296
2024-06-26 09:34:51+08:00,5243.0,551.3332809037038
2024-06-26 09:34:52+08:00,5244.0,550.9087624
2024-06-26 09:34:53+08:00,5245.0,550.5342962962962
2024-06-26 09:34:54+08:00,5246.0,550.2154439703704
2024-06-26 09:34:55+08:00,5247.0,549.9577668
2024-06-26 09:34:56+08:00,5248.0,549.766826162963
2024-06-26 09:34:57+08:00,5249.0,549.648183437037
2024-06-26 09:34:58+08:00,5250.0,549.6074
2024-06-26 09:34:59+08:00,5251.0,549.6516095447619
2024-06-26 09:35:00+08:00,5252.0,549.780594088582
2024-06-26 09:35:01+08:00,5253.0,549.9888874957627
2024-06-26 09:35:02+08:00,5254.0,550.2710236306061
2024-06-26 09:35:03+08:00,5255.0,550.6215363574142
2024-06-26 09:35:04+08:00,5256.0,551.0349595404896
2024-06-26 09:35:05+08:00,5257.0,551.5058270441339
2024-06-26 09:35:06+08:00,5258.0,552.0286727326496
2024-06-26 09:35:07+08:00,5259.0,552.5980304703388
2024-06-26 09:35:08+08:00,5260.0,553.2084341215036
2024-06-26 09:35:09+08:00,5261.0,553.8544175504462
2024-06-26 09:35:10+08:00,5262.0,554.5305146214687
2024-06-26 09:35:11+08:00,5263.0,555.2312591988732
2024-06-26 09:35:12+08:00,5264.0,555.9511851469621
2024-06-26 09:35:13+08:00,5265.0,556.6848263300374
2024-06-26 09:35:14+08:00,5266.0,557.4267166124012
2024-06-26 09:35:15+08:00,5267.0,558.1713898583556
2024-06-26 09:35:16+08:00,5268.0,558.913379932203
2024-06-26 09:35:17+08:00,5269.0,559.6472206982455
2024-06-26 09:35:18+08:00,5270.0,560.367446020785
2024-06-26 09:35:19+08:00,5271.0,561.0685897641239
2024-06-26 09:35:20+08:00,5272.0,561.7451857925644
2024-06-26 09:35:21+08:00,5273.0,562.3917679704084
2024-06-26 09:35:22+08:00,5274.0,563.0028701619583
2024-06-26 09:35:23+08:00,5275.0,563.5730262315161
2024-06-26 09:35:24+08:00,5276.0,564.096770043384
2024-06-26 09:35:25+08:00,5277.0,564.5686354618642
2024-06-26 09:35:26+08:00,5278.0,564.9831563512589
2024-06-26 09:35:27+08:00,5279.0,565.3348665758701
2024-06-26 09:35:28+08:00,5280.0,565.6183000000001
2024-06-26 09:35:29+08:00,5281.0,565.8653001204264
2024-06-26 09:35:30+08:00,5282.0,566.111022552445
2024-06-26 09:35:31+08:00,5283.0,566.3549693381359
2024-06-26 09:35:32+08:00,5284.0,566.596642519579
2024-06-26 09:35:33+08:00,5285.0,566.8355441388544
2024-06-26 09:35:34+08:00,5286.0,567.0711762380419
2024-06-26 09:35:35+08:00,5287.0,567.3030408592213
2024-06-26 09:35:36+08:00,5288.0,567.5306400444729
2024-06-26 09:35:37+08:00,5289.0,567.7534758358762
2024-06-26 09:35:38+08:00,5290.0,567.9710502755114
2024-06-26 09:35:39+08:00,5291.0,568.1828654054584
2024-06-26 09:35:40+08:00,5292.0,568.3884232677971
2024-06-26 09:35:41+08:00,5293.0,568.5872259046074
2024-06-26 09:35:42+08:00,5294.0,568.7787753579694
2024-06-26 09:35:43+08:00,5295.0,568.9625736699628
2024-06-26 09:35:44+08:00,5296.0,569.1381228826676
2024-06-26 09:35:45+08:00,5297.0,569.3049250381639
2024-06-26 09:35:46+08:00,5298.0,569.4624821785314
2024-06-26 09:35:47+08:00,5299.0,569.6102963458501
2024-06-26 09:35:48+08:00,5300.0,569.7478695822002
2024-06-26 09:35:49+08:00,5301.0,569.8747039296613
2024-06-26 09:35:50+08:00,5302.0,569.9903014303133
2024-06-26 09:35:51+08:00,5303.0,570.0941641262365
2024-06-26 09:35:52+08:00,5304.0,570.1857940595105
2024-06-26 09:35:53+08:00,5305.0,570.2646932722155
2024-06-26 09:35:54+08:00,5306.0,570.330363806431
2024-06-26 09:35:55+08:00,5307.0,570.3823077042374
2024-06-26 09:35:56+08:00,5308.0,570.4200270077145
2024-06-26 09:35:57+08:00,5309.0,570.443023758942
2024-06-26 09:35:58+08:00,5310.0,570.4508000000001
2024-06-26 09:35:59+08:00,5311.0,569.0548155525927
2024-06-26 09:36:00+08:00,5312.0,564.9937698874074
2024-06-26 09:36:01+08:00,5313.0,558.4580245200001
2024-06-26 09:36:02+08:00,5314.0,549.6379409659261
2024-06-26 09:36:03+08:00,5315.0,538.7238807407408
2024-06-26 09:36:04+08:00,5316.0,525.9062053600001
2024-06-26 09:36:05+08:00,5317.0,511.37527633925936
2024-06-26 09:36:06+08:00,5318.0,495.32145519407413
2024-06-26 09:36:07+08:00,5319.0,477.93510344000003
2024-06-26 09:36:08+08:00,5320.0,459.4065825925926
2024-06-26 09:36:09+08:00,5321.0,439.9262541674074
2024-06-26 09:36:10+08:00,5322.0,419.6844796800001
2024-06-26 09:36:11+08:00,5323.0,398.871620645926
2024-06-26 09:36:12+08:00,5324.0,377.6780385807408
2024-06-26 09:36:13+08:00,5325.0,356.29409499999997
2024-06-26 09:36:14+08:00,5326.0,334.91015141925925
2024-06-26 09:36:15+08:00,5327.0,313.71656935407407
2024-06-26 09:36:16+08:00,5328.0,292.9037103200001
2024-06-26 09:36:17+08:00,5329.0,272.6619358325926
2024-06-26 09:36:18+08:00,5330.0,253.18160740740737
2024-06-26 09:36:19+08:00,5331.0,234.65308656000002
2024-06-26 09:36:20+08:00,5332.0,217.26673480592592
2024-06-26 09:36:21+08:00,5333.0,201.21291366074075
2024-06-26 09:36:22+08:00,5334.0,186.68198464
2024-06-26 09:36:23+08:00,5335.0,173.86430925925924
2024-06-26 09:36:24+08:00,5336.0,162.95024903407398
2024-06-26 09:36:25+08:00,5337.0,154.13016547999996
2024-06-26 09:36:26+08:00,5338.0,147.59442011259262
2024-06-26 09:36:27+08:00,5339.0,143.53337444740737
2024-06-26 09:36:28+08:00,5340.0,142.13738999999998
2024-06-26 09:36:29+08:00,5341.0,142.2007984641967
2024-06-26 09:36:30+08:00,5342.0,142.3862823047904
2024-06-26 09:36:31+08:00,5343.0,142.68672919378633
2024-06-26 09:36:32+08:00,5344.0,143.09502680318977
2024-06-26 09:36:33+08:00,5345.0,143.604062805006
2024-06-26 09:36:34+08:00,5346.0,144.20672487124034
2024-06-26 09:36:35+08:00,5347.0,144.89590067389798
2024-06-26 09:36:36+08:00,5348.0,145.66447788498422
2024-06-26 09:36:37+08:00,5349.0,146.5053441765044
2024-06-26 09:36:38+08:00,5350.0,147.41138722046372
2024-06-26 09:36:39+08:00,5351.0,148.3754946888675
2024-06-26 09:36:40+08:00,5352.0,149.390554253721
2024-06-26 09:36:41+08:00,5353.0,150.44945358702947
2024-06-26 09:36:42+08:00,5354.0,151.54508036079824
2024-06-26 09:36:43+08:00,5355.0,152.67032224703257
2024-06-26 09:36:44+08:00,5356.0,153.81806691773767
2024-06-26 09:36:45+08:00,5357.0,154.98120204491892
2024-06-26 09:36:46+08:00,5358.0,156.1526153005815
2024-06-26 09:36:47+08:00,5359.0,157.32519435673075
2024-06-26 09:36:48+08:00,5360.0,158.49182688537192
2024-06-26 09:36:49+08:00,5361.0,159.6454005585103
2024-06-26 09:36:50+08:00,5362.0,160.77880304815113
2024-06-26 09:36:51+08:00,5363.0,161.8849220262997
2024-06-26 09:36:52+08:00,5364.0,162.95664516496134
2024-06-26 09:36:53+08:00,5365.0,163.98686013614127
2024-06-26 09:36:54+08:00,5366.0,164.96845461184475
2024-06-26 09:36:55+08:00,5367.0,165.89431626407708
2024-06-26 09:36:56+08:00,5368.0,166.75733276484357
2024-06-26 09:36:57+08:00,5369.0,167.55039178614945
2024-06-26 09:36:58+08:00,5370.0,168.266381
2024-06-26 09:36:59+08:00,5371.0,168.94066860687022
2024-06-26 09:37:00+08:00,5372.0,169.6129042515696
2024-06-26 09:37:01+08:00,5373.0,170.28239777260504
2024-06-26 09:37:02+08:00,5374.0,170.94845900848352
2024-06-26 09:37:03+08:00,5375.0,171.61039779771198
2024-06-26 09:37:04+08:00,5376.0,172.26752397879736
2024-06-26 09:37:05+08:00,5377.0,172.9191473902467
2024-06-26 09:37:06+08:00,5378.0,173.56457787056678
2024-06-26 09:37:07+08:00,5379.0,174.20312525826472
2024-06-26 09:37:08+08:00,5380.0,174.83409939184736
2024-06-26 09:37:09+08:00,5381.0,175.4568101098217
2024-06-26 09:37:10+08:00,5382.0,176.0705672506947
2024-06-26 09:37:11+08:00,5383.0,176.67468065297325
2024-06-26 09:37:12+08:00,5384.0,177.2684601551644
2024-06-26 09:37:13+08:00,5385.0,177.85121559577502
2024-06-26 09:37:14+08:00,5386.0,178.42225681331206
2024-06-26 09:37:15+08:00,5387.0,178.9808936462825
2024-06-26 09:37:16+08:00,5388.0,179.52643593319328
2024-06-26 09:37:17+08:00,5389.0,180.0581935125514
2024-06-26 09:37:18+08:00,5390.0,180.57547622286373
2024-06-26 09:37:19+08:00,5391.0,181.07759390263726
2024-06-26 09:37:20+08:00,5392.0,181.563856390379
2024-06-26 09:37:21+08:00,5393.0,182.03357352459577
2024-06-26 09:37:22+08:00,5394.0,182.4860551437946
2024-06-26 09:37:23+08:00,5395.0,182.92061108648244
2024-06-26 09:37:24+08:00,5396.0,183.33655119116625
2024-06-26 09:37:25+08:00,5397.0,183.73318529635293
2024-06-26 09:37:26+08:00,5398.0,184.10982324054947
2024-06-26 09:37:27+08:00,5399.0,184.46577486226286
2024-06-26 09:37:28+08:00,5400.0,184.80034999999998
2024-06-26 09:37:29+08:00,5401.0,185.1251900637626
2024-06-26 09:37:30+08:00,5402.0,185.45179861643783
2024-06-26 09:37:31+08:00,5403.0,185.77927872586068
2024-06-26 09:37:32+08:00,5404.0,186.10673345986615
2024-06-26 09:37:33+08:00,5405.0,186.43326588628926
2024-06-26 09:37:34+08:00,5406.0,186.75797907296501
2024-06-26 09:37:35+08:00,5407.0,187.07997608772845
2024-06-26 09:37:36+08:00,5408.0,187.39835999841452
2024-06-26 09:37:37+08:00,5409.0,187.7122338728583
2024-06-26 09:37:38+08:00,5410.0,188.0207007788947
2024-06-26 09:37:39+08:00,5411.0,188.32286378435884
2024-06-26 09:37:40+08:00,5412.0,188.61782595708567
2024-06-26 09:37:41+08:00,5413.0,188.90469036491018
2024-06-26 09:37:42+08:00,5414.0,189.18256007566745
2024-06-26 09:37:43+08:00,5415.0,189.4505381571924
2024-06-26 09:37:44+08:00,5416.0,189.70772767732012
2024-06-26 09:37:45+08:00,5417.0,189.95323170388556
2024-06-26 09:37:46+08:00,5418.0,190.1861533047238
2024-06-26 09:37:47+08:00,5419.0,190.40559554766972
2024-06-26 09:37:48+08:00,5420.0,190.61066150055845
2024-06-26 09:37:49+08:00,5421.0,190.80045423122496
2024-06-26 09:37:50+08:00,5422.0,190.97407680750428
2024-06-26 09:37:51+08:00,5423.0,191.13063229723133
2024-06-26 09:37:52+08:00,5424.0,191.26922376824126
2024-06-26 09:37:53+08:00,5425.0,191.38895428836898
2024-06-26 09:37:54+08:00,5426.0,191.48892692544948
2024-06-26 09:37:55+08:00,5427.0,191.56824474731783
2024-06-26 09:37:56+08:00,5428.0,191.62601082180902
2024-06-26 09:37:57+08:00,5429.0,191.66132821675808
2024-06-26 09:37:58+08:00,5430.0,191.67329999999998
2024-06-26 09:37:59+08:00,5431.0,191.29043188148145
2024-06-26 09:38:00+08:00,5432.0,190.1766337185185
2024-06-26 09:38:01+08:00,5433.0,188.3841148
2024-06-26 09:38:02+08:00,5434.0,185.96508441481478
2024-06-26 09:38:03+08:00,5435.0,182.97175185185182
2024-06-26 09:38:04+08:00,5436.0,179.4563264
2024-06-26 09:38:05+08:00,5437.0,175.47101734814814
2024-06-26 09:38:06+08:00,5438.0,171.0680339851852
2024-06-26 09:38:07+08:00,5439.0,166.2995856
2024-06-26 09:38:08+08:00,5440.0,161.21788148148144
2024-06-26 09:38:09+08:00,5441.0,155.8751309185185
2024-06-26 09:38:10+08:00,5442.0,150.3235432
2024-06-26 09:38:11+08:00,5443.0,144.61532761481482
2024-06-26 09:38:12+08:00,5444.0,138.80269345185184
2024-06-26 09:38:13+08:00,5445.0,132.93785
2024-06-26 09:38:14+08:00,5446.0,127.07300654814814
2024-06-26 09:38:15+08:00,5447.0,121.26037238518518
2024-06-26 09:38:16+08:00,5448.0,115.5521568
2024-06-26 09:38:17+08:00,5449.0,110.00056908148147
2024-06-26 09:38:18+08:00,5450.0,104.65781851851851
2024-06-26 09:38:19+08:00,5451.0,99.57611440000001
2024-06-26 09:38:20+08:00,5452.0,94.80766601481483
2024-06-26 09:38:21+08:00,5453.0,90.40468265185184
2024-06-26 09:38:22+08:00,5454.0,86.41937360000001
2024-06-26 09:38:23+08:00,5455.0,82.90394814814815
2024-06-26 09:38:24+08:00,5456.0,79.91061558518518
2024-06-26 09:38:25+08:00,5457.0,77.49158519999997
2024-06-26 09:38:26+08:00,5458.0,75.69906628148149
2024-06-26 09:38:27+08:00,5459.0,74.58526811851851
2024-06-26 09:38:28+08:00,5460.0,74.20240000000001
2024-06-26 09:38:29+08:00,5461.0,74.26666529185187
2024-06-26 09:38:30+08:00,5462.0,74.45361886814817
2024-06-26 09:38:31+08:00,5463.0,74.75449728000001
2024-06-26 09:38:32+08:00,5464.0,75.16053707851853
2024-06-26 09:38:33+08:00,5465.0,75.66297481481483
2024-06-26 09:38:34+08:00,5466.0,76.25304704000001
2024-06-26 09:38:35+08:00,5467.0,76.92199030518519
2024-06-26 09:38:36+08:00,5468.0,77.66104116148149
2024-06-26 09:38:37+08:00,5469.0,78.46143616000002
2024-06-26 09:38:38+08:00,5470.0,79.31441185185186
2024-06-26 09:38:39+08:00,5471.0,80.21120478814815
2024-06-26 09:38:40+08:00,5472.0,81.14305152
2024-06-26 09:38:41+08:00,5473.0,82.10118859851852
2024-06-26 09:38:42+08:00,5474.0,83.07685257481482
2024-06-26 09:38:43+08:00,5475.0,84.06128000000001
2024-06-26 09:38:44+08:00,5476.0,85.0457074251852
2024-06-26 09:38:45+08:00,5477.0,86.02137140148149
2024-06-26 09:38:46+08:00,5478.0,86.97950848
2024-06-26 09:38:47+08:00,5479.0,87.91135521185186
2024-06-26 09:38:48+08:00,5480.0,88.80814814814816
2024-06-26 09:38:49+08:00,5481.0,89.66112384000002
2024-06-26 09:38:50+08:00,5482.0,90.46151883851851
2024-06-26 09:38:51+08:00,5483.0,91.20056969481483
2024-06-26 09:38:52+08:00,5484.0,91.86951296000001
2024-06-26 09:38:53+08:00,5485.0,92.45958518518519
2024-06-26 09:38:54+08:00,5486.0,92.96202292148149
2024-06-26 09:38:55+08:00,5487.0,93.36806272000001
2024-06-26 09:38:56+08:00,5488.0,93.66894113185185
2024-06-26 09:38:57+08:00,5489.0,93.85589470814814
2024-06-26 09:38:58+08:00,5490.0,93.92016000000001
2024-06-26 09:38:59+08:00,5491.0,93.9059357451852
2024-06-26 09:39:00+08:00,5492.0,93.86455609481483
2024-06-26 09:39:01+08:00,5493.0,93.79796072000002
2024-06-26 09:39:02+08:00,5494.0,93.70808929185186
2024-06-26 09:39:03+08:00,5495.0,93.59688148148149
2024-06-26 09:39:04+08:00,5496.0,93.46627696000002
2024-06-26 09:39:05+08:00,5497.0,93.31821539851853
2024-06-26 09:39:06+08:00,5498.0,93.15463646814815
2024-06-26 09:39:07+08:00,5499.0,92.97747984000002
2024-06-26 09:39:08+08:00,5500.0,92.7886851851852
2024-06-26 09:39:09+08:00,5501.0,92.59019217481483
2024-06-26 09:39:10+08:00,5502.0,92.38394048
2024-06-26 09:39:11+08:00,5503.0,92.17186977185186
2024-06-26 09:39:12+08:00,5504.0,91.9559197214815
2024-06-26 09:39:13+08:00,5505.0,91.73803000000001
2024-06-26 09:39:14+08:00,5506.0,91.52014027851853
2024-06-26 09:39:15+08:00,5507.0,91.30419022814816
2024-06-26 09:39:16+08:00,5508.0,91.09211952000001
2024-06-26 09:39:17+08:00,5509.0,90.88586782518519
2024-06-26 09:39:18+08:00,5510.0,90.68737481481483
2024-06-26 09:39:19+08:00,5511.0,90.49858016
2024-06-26 09:39:20+08:00,5512.0,90.32142353185185
2024-06-26 09:39:21+08:00,5513.0,90.1578446014815
2024-06-26 09:39:22+08:00,5514.0,90.00978304
2024-06-26 09:39:23+08:00,5515.0,89.87917851851853
2024-06-26 09:39:24+08:00,5516.0,89.76797070814816
2024-06-26 09:39:25+08:00,5517.0,89.67809928000001
2024-06-26 09:39:26+08:00,5518.0,89.61150390518519
2024-06-26 09:39:27+08:00,5519.0,89.57012425481483
2024-06-26 09:39:28+08:00,5520.0,89.55590000000001
2024-06-26 09:39:29+08:00,5521.0,89.65167268148149
2024-06-26 09:39:30+08:00,5522.0,89.93028411851853
2024-06-26 09:39:31+08:00,5523.0,90.37867440000001
2024-06-26 09:39:32+08:00,5524.0,90.98378361481483
2024-06-26 09:39:33+08:00,5525.0,91.73255185185187
2024-06-26 09:39:34+08:00,5526.0,92.61191920000002
2024-06-26 09:39:35+08:00,5527.0,93.60882574814815
2024-06-26 09:39:36+08:00,5528.0,94.71021158518519
2024-06-26 09:39:37+08:00,5529.0,95.90301680000002
2024-06-26 09:39:38+08:00,5530.0,97.17418148148148
2024-06-26 09:39:39+08:00,5531.0,98.51064571851852
2024-06-26 09:39:40+08:00,5532.0,99.89934960000001
2024-06-26 09:39:41+08:00,5533.0,101.32723321481483
2024-06-26 09:39:42+08:00,5534.0,102.78123665185186
2024-06-26 09:39:43+08:00,5535.0,104.24830000000001
2024-06-26 09:39:44+08:00,5536.0,105.71536334814816
2024-06-26 09:39:45+08:00,5537.0,107.16936678518519
2024-06-26 09:39:46+08:00,5538.0,108.59725040000001
2024-06-26 09:39:47+08:00,5539.0,109.9859542814815
2024-06-26 09:39:48+08:00,5540.0,111.32241851851853
2024-06-26 09:39:49+08:00,5541.0,112.59358319999998
2024-06-26 09:39:50+08:00,5542.0,113.78638841481482
2024-06-26 09:39:51+08:00,5543.0,114.88777425185187
2024-06-26 09:39:52+08:00,5544.0,115.8846808
2024-06-26 09:39:53+08:00,5545.0,116.76404814814816
2024-06-26 09:39:54+08:00,5546.0,117.5128163851852
2024-06-26 09:39:55+08:00,5547.0,118.11792559999998
2024-06-26 09:39:56+08:00,5548.0,118.5663158814815
2024-06-26 09:39:57+08:00,5549.0,118.8449273185185
2024-06-26 09:39:58+08:00,5550.0,118.9407
2024-06-26 09:39:59+08:00,5551.0,118.79699274074075
2024-06-26 09:40:00+08:00,5552.0,118.37893525925928
2024-06-26 09:40:01+08:00,5553.0,117.706124
2024-06-26 09:40:02+08:00,5554.0,116.7981554074074
2024-06-26 09:40:03+08:00,5555.0,115.67462592592592
2024-06-26 09:40:04+08:00,5556.0,114.35513200000001
2024-06-26 09:40:05+08:00,5557.0,112.85927007407408
2024-06-26 09:40:06+08:00,5558.0,111.20663659259259
2024-06-26 09:40:07+08:00,5559.0,109.41682800000001
2024-06-26 09:40:08+08:00,5560.0,107.50944074074074
2024-06-26 09:40:09+08:00,5561.0,105.50407125925926
2024-06-26 09:40:10+08:00,5562.0,103.42031600000001
2024-06-26 09:40:11+08:00,5563.0,101.27777140740741
2024-06-26 09:40:12+08:00,5564.0,99.09603392592592
2024-06-26 09:40:13+08:00,5565.0,96.8947
2024-06-26 09:40:14+08:00,5566.0,94.69336607407408
2024-06-26 09:40:15+08:00,5567.0,92.51162859259259
2024-06-26 09:40:16+08:00,5568.0,90.369084
2024-06-26 09:40:17+08:00,5569.0,88.28532874074075
2024-06-26 09:40:18+08:00,5570.0,86.27995925925926
2024-06-26 09:40:19+08:00,5571.0,84.372572
2024-06-26 09:40:20+08:00,5572.0,82.58276340740741
2024-06-26 09:40:21+08:00,5573.0,80.93012992592593
2024-06-26 09:40:22+08:00,5574.0,79.434268
2024-06-26 09:40:23+08:00,5575.0,78.11477407407408
2024-06-26 09:40:24+08:00,5576.0,76.99124459259258
2024-06-26 09:40:25+08:00,5577.0,76.083276
2024-06-26 09:40:26+08:00,5578.0,75.41046474074074
2024-06-26 09:40:27+08:00,5579.0,74.99240725925925
2024-06-26 09:40:28+08:00,5580.0,74.84870000000001
2024-06-26 09:40:29+08:00,5581.0,74.92553765231203
2024-06-26 09:40:30+08:00,5582.0,75.14941300203262
2024-06-26 09:40:31+08:00,5583.0,75.51036963833863
2024-06-26 09:40:32+08:00,5584.0,75.99845115040686
2024-06-26 09:40:33+08:00,5585.0,76.60370112741415
2024-06-26 09:40:34+08:00,5586.0,77.31616315853734
2024-06-26 09:40:35+08:00,5587.0,78.1258808329532
2024-06-26 09:40:36+08:00,5588.0,79.02289773983861
2024-06-26 09:40:37+08:00,5589.0,79.99725746837036
2024-06-26 09:40:38+08:00,5590.0,81.0390036077253
2024-06-26 09:40:39+08:00,5591.0,82.13817974708022
2024-06-26 09:40:40+08:00,5592.0,83.28482947561197
2024-06-26 09:40:41+08:00,5593.0,84.46899638249738
2024-06-26 09:40:42+08:00,5594.0,85.68072405691326
2024-06-26 09:40:43+08:00,5595.0,86.91005608803643
2024-06-26 09:40:44+08:00,5596.0,88.14703606504372
2024-06-26 09:40:45+08:00,5597.0,89.38170757711195
2024-06-26 09:40:46+08:00,5598.0,90.60411421341796
2024-06-26 09:40:47+08:00,5599.0,91.80429956313856
2024-06-26 09:40:48+08:00,5600.0,92.97230721545057
2024-06-26 09:40:49+08:00,5601.0,94.09818075953082
2024-06-26 09:40:50+08:00,5602.0,95.17196378455616
2024-06-26 09:40:51+08:00,5603.0,96.18369987970338
2024-06-26 09:40:52+08:00,5604.0,97.12343263414931
2024-06-26 09:40:53+08:00,5605.0,97.98120563707076
2024-06-26 09:40:54+08:00,5606.0,98.74706247764459
2024-06-26 09:40:55+08:00,5607.0,99.4110467450476
2024-06-26 09:40:56+08:00,5608.0,99.96320202845665
2024-06-26 09:40:57+08:00,5609.0,100.39357191704849
2024-06-26 09:40:58+08:00,5610.0,100.69220000000001
2024-06-26 09:40:59+08:00,5611.0,100.91190286277676
2024-06-26 09:41:00+08:00,5612.0,101.11303111355038
2024-06-26 09:41:01+08:00,5613.0,101.29692937555684
2024-06-26 09:41:02+08:00,5614.0,101.46494227203215
2024-06-26 09:41:03+08:00,5615.0,101.61841442621224
2024-06-26 09:41:04+08:00,5616.0,101.75869046133312
2024-06-26 09:41:05+08:00,5617.0,101.88711500063074
2024-06-26 09:41:06+08:00,5618.0,102.00503266734111
2024-06-26 09:41:07+08:00,5619.0,102.11378808470016
2024-06-26 09:41:08+08:00,5620.0,102.21472587594388
2024-06-26 09:41:09+08:00,5621.0,102.30919066430826
2024-06-26 09:41:10+08:00,5622.0,102.39852707302926
2024-06-26 09:41:11+08:00,5623.0,102.48407972534284
2024-06-26 09:41:12+08:00,5624.0,102.56719324448501
2024-06-26 09:41:13+08:00,5625.0,102.6492122536917
2024-06-26 09:41:14+08:00,5626.0,102.73148137619893
2024-06-26 09:41:15+08:00,5627.0,102.81534523524266
2024-06-26 09:41:16+08:00,5628.0,102.90214845405882
2024-06-26 09:41:17+08:00,5629.0,102.99323565588344
2024-06-26 09:41:18+08:00,5630.0,103.08995146395249
2024-06-26 09:41:19+08:00,5631.0,103.1936405015019
2024-06-26 09:41:20+08:00,5632.0,103.30564739176769
2024-06-26 09:41:21+08:00,5633.0,103.42731675798582
2024-06-26 09:41:22+08:00,5634.0,103.55999322339227
2024-06-26 09:41:23+08:00,5635.0,103.70502141122297
2024-06-26 09:41:24+08:00,5636.0,103.86374594471397
2024-06-26 09:41:25+08:00,5637.0,104.0375114471012
2024-06-26 09:41:26+08:00,5638.0,104.22766254162062
2024-06-26 09:41:27+08:00,5639.0,104.43554385150823
2024-06-26 09:41:28+08:00,5640.0,104.6625
2024-06-26 09:41:29+08:00,5641.0,104.9944187391427
2024-06-26 09:41:30+08:00,5642.0,105.50729813338378
2024-06-26 09:41:31+08:00,5643.0,106.18764827456019
2024-06-26 09:41:32+08:00,5644.0,107.02197925450879
2024-06-26 09:41:33+08:00,5645.0,107.99680116506654
2024-06-26 09:41:34+08:00,5646.0,109.0986240980704
2024-06-26 09:41:35+08:00,5647.0,110.31395814535726
2024-06-26 09:41:36+08:00,5648.0,111.62931339876405
2024-06-26 09:41:37+08:00,5649.0,113.03119995012774
2024-06-26 09:41:38+08:00,5650.0,114.50612789128519
2024-06-26 09:41:39+08:00,5651.0,116.04060731407337
2024-06-26 09:41:40+08:00,5652.0,117.6211483103292
2024-06-26 09:41:41+08:00,5653.0,119.23426097188963
2024-06-26 09:41:42+08:00,5654.0,120.86645539059153
2024-06-26 09:41:43+08:00,5655.0,122.50424165827187
2024-06-26 09:41:44+08:00,5656.0,124.1341298667676
2024-06-26 09:41:45+08:00,5657.0,125.74263010791557
2024-06-26 09:41:46+08:00,5658.0,127.3162524735528
2024-06-26 09:41:47+08:00,5659.0,128.84150705551613
2024-06-26 09:41:48+08:00,5660.0,130.3049039456426
2024-06-26 09:41:49+08:00,5661.0,131.692953235769
2024-06-26 09:41:50+08:00,5662.0,132.9921650177324
2024-06-26 09:41:51+08:00,5663.0,134.1890493833696
2024-06-26 09:41:52+08:00,5664.0,135.2701164245176
2024-06-26 09:41:53+08:00,5665.0,136.22187623301332
2024-06-26 09:41:54+08:00,5666.0,137.03083890069365
2024-06-26 09:41:55+08:00,5667.0,137.68351451939557
2024-06-26 09:41:56+08:00,5668.0,138.16641318095597
2024-06-26 09:41:57+08:00,5669.0,138.4660449772118
2024-06-26 09:41:58+08:00,5670.0,138.56892
2024-06-26 09:41:59+08:00,5671.0,138.4286269581281
2024-06-26 09:42:00+08:00,5672.0,138.02024119920728
2024-06-26 09:42:01+08:00,5673.0,137.36250277328008
2024-06-26 09:42:02+08:00,5674.0,136.47415173038894
2024-06-26 09:42:03+08:00,5675.0,135.37392812057638
2024-06-26 09:42:04+08:00,5676.0,134.08057199388475
2024-06-26 09:42:05+08:00,5677.0,132.61282340035663
2024-06-26 09:42:06+08:00,5678.0,130.98942239003443
2024-06-26 09:42:07+08:00,5679.0,129.22910901296063
2024-06-26 09:42:08+08:00,5680.0,127.3506233191777
2024-06-26 09:42:09+08:00,5681.0,125.37270535872811
2024-06-26 09:42:10+08:00,5682.0,123.31409518165431
2024-06-26 09:42:11+08:00,5683.0,121.19353283799877
2024-06-26 09:42:12+08:00,5684.0,119.02975837780399
2024-06-26 09:42:13+08:00,5685.0,116.84151185111239
2024-06-26 09:42:14+08:00,5686.0,114.64753330796646
2024-06-26 09:42:15+08:00,5687.0,112.46656279840865
2024-06-26 09:42:16+08:00,5688.0,110.31734037248147
2024-06-26 09:42:17+08:00,5689.0,108.21860608022735
2024-06-26 09:42:18+08:00,5690.0,106.18909997168876
2024-06-26 09:42:19+08:00,5691.0,104.24756209690817
2024-06-26 09:42:20+08:00,5692.0,102.41273250592803
2024-06-26 09:42:21+08:00,5693.0,100.70335124879085
2024-06-26 09:42:22+08:00,5694.0,99.13815837553908
2024-06-26 09:42:23+08:00,5695.0,97.73589393621516
2024-06-26 09:42:24+08:00,5696.0,96.51529798086159
2024-06-26 09:42:25+08:00,5697.0,95.49511055952081
2024-06-26 09:42:26+08:00,5698.0,94.69407172223532
2024-06-26 09:42:27+08:00,5699.0,94.13092151904756
2024-06-26 09:42:28+08:00,5700.0,93.8244
2024-06-26 09:42:29+08:00,5701.0,93.65944546131603
2024-06-26 09:42:30+08:00,5702.0,93.5079076226172
2024-06-26 09:42:31+08:00,5703.0,93.36889366904312
2024-06-26 09:42:32+08:00,5704.0,93.24151078573345
2024-06-26 09:42:33+08:00,5705.0,93.12486615782788
2024-06-26 09:42:34+08:00,5706.0,93.01806697046604
2024-06-26 09:42:35+08:00,5707.0,92.92022040878759
2024-06-26 09:42:36+08:00,5708.0,92.83043365793218
2024-06-26 09:42:37+08:00,5709.0,92.74781390303944
2024-06-26 09:42:38+08:00,5710.0,92.67146832924904
2024-06-26 09:42:39+08:00,5711.0,92.60050412170067
2024-06-26 09:42:40+08:00,5712.0,92.53402846553392
2024-06-26 09:42:41+08:00,5713.0,92.4711485458885
2024-06-26 09:42:42+08:00,5714.0,92.41097154790403
2024-06-26 09:42:43+08:00,5715.0,92.35260465672016
2024-06-26 09:42:44+08:00,5716.0,92.29515505747656
2024-06-26 09:42:45+08:00,5717.0,92.23772993531288
2024-06-26 09:42:46+08:00,5718.0,92.17943647536877
2024-06-26 09:42:47+08:00,5719.0,92.11938186278391
2024-06-26 09:42:48+08:00,5720.0,92.0566732826979
2024-06-26 09:42:49+08:00,5721.0,91.99041792025044
2024-06-26 09:42:50+08:00,5722.0,91.91972296058115
2024-06-26 09:42:51+08:00,5723.0,91.8436955888297
2024-06-26 09:42:52+08:00,5724.0,91.76144299013575
2024-06-26 09:42:53+08:00,5725.0,91.67207234963894
2024-06-26 09:42:54+08:00,5726.0,91.57469085247895
2024-06-26 09:42:55+08:00,5727.0,91.46840568379541
2024-06-26 09:42:56+08:00,5728.0,91.35232402872796
2024-06-26 09:42:57+08:00,5729.0,91.22555307241628
2024-06-26 09:42:58+08:00,5730.0,91.0872
2024-06-26 09:42:59+08:00,5731.0,90.91835080797416
2024-06-26 09:43:00+08:00,5732.0,90.70312441354623
2024-06-26 09:43:01+08:00,5733.0,90.44517738292451
2024-06-26 09:43:02+08:00,5734.0,90.14816628231728
2024-06-26 09:43:03+08:00,5735.0,89.81574767793283
2024-06-26 09:43:04+08:00,5736.0,89.45157813597946
2024-06-26 09:43:05+08:00,5737.0,89.0593142226655
2024-06-26 09:43:06+08:00,5738.0,88.6426125041992
2024-06-26 09:43:07+08:00,5739.0,88.20512954678891
2024-06-26 09:43:08+08:00,5740.0,87.7505219166429
2024-06-26 09:43:09+08:00,5741.0,87.28244617996945
2024-06-26 09:43:10+08:00,5742.0,86.80455890297691
2024-06-26 09:43:11+08:00,5743.0,86.3205166518735
2024-06-26 09:43:12+08:00,5744.0,85.83397599286758
2024-06-26 09:43:13+08:00,5745.0,85.34859349216745
2024-06-26 09:43:14+08:00,5746.0,84.86802571598136
2024-06-26 09:43:15+08:00,5747.0,84.39592923051765
2024-06-26 09:43:16+08:00,5748.0,83.93596060198459
2024-06-26 09:43:17+08:00,5749.0,83.49177639659051
2024-06-26 09:43:18+08:00,5750.0,83.06703318054366
2024-06-26 09:43:19+08:00,5751.0,82.66538752005239
2024-06-26 09:43:20+08:00,5752.0,82.29049598132495
2024-06-26 09:43:21+08:00,5753.0,81.94601513056969
2024-06-26 09:43:22+08:00,5754.0,81.63560153399486
2024-06-26 09:43:23+08:00,5755.0,81.36291175780879
2024-06-26 09:43:24+08:00,5756.0,81.13160236821975
2024-06-26 09:43:25+08:00,5757.0,80.94532993143605
2024-06-26 09:43:26+08:00,5758.0,80.807751013666
2024-06-26 09:43:27+08:00,5759.0,80.72252218111788
2024-06-26 09:43:28+08:00,5760.0,80.6933
2024-06-26 09:43:29+08:00,5761.0,80.70099967407407
2024-06-26 09:43:30+08:00,5762.0,80.72339872592592
2024-06-26 09:43:31+08:00,5763.0,80.75944719999998
2024-06-26 09:43:32+08:00,5764.0,80.80809514074073
2024-06-26 09:43:33+08:00,5765.0,80.86829259259258
2024-06-26 09:43:34+08:00,5766.0,80.9389896
2024-06-26 09:43:35+08:00,5767.0,81.0191362074074
2024-06-26 09:43:36+08:00,5768.0,81.10768245925925
2024-06-26 09:43:37+08:00,5769.0,81.2035784
2024-06-26 09:43:38+08:00,5770.0,81.30577407407408
2024-06-26 09:43:39+08:00,5771.0,81.41321952592592
2024-06-26 09:43:40+08:00,5772.0,81.5248648
2024-06-26 09:43:41+08:00,5773.0,81.63965994074074
2024-06-26 09:43:42+08:00,5774.0,81.75655499259258
2024-06-26 09:43:43+08:00,5775.0,81.87449999999998
2024-06-26 09:43:44+08:00,5776.0,81.99244500740741
2024-06-26 09:43:45+08:00,5777.0,82.10934005925925
2024-06-26 09:43:46+08:00,5778.0,82.22413519999999
2024-06-26 09:43:47+08:00,5779.0,82.33578047407407
2024-06-26 09:43:48+08:00,5780.0,82.44322592592593
2024-06-26 09:43:49+08:00,5781.0,82.54542160000001
2024-06-26 09:43:50+08:00,5782.0,82.64131754074074
2024-06-26 09:43:51+08:00,5783.0,82.7298637925926
2024-06-26 09:43:52+08:00,5784.0,82.8100104
2024-06-26 09:43:53+08:00,5785.0,82.8807074074074
2024-06-26 09:43:54+08:00,5786.0,82.94090485925926
2024-06-26 09:43:55+08:00,5787.0,82.9895528
2024-06-26 09:43:56+08:00,5788.0,83.02560127407408
2024-06-26 09:43:57+08:00,5789.0,83.04800032592593
2024-06-26 09:43:58+08:00,5790.0,83.0557
2024-06-26 09:43:59+08:00,5791.0,83.055011859679
2024-06-26 09:44:00+08:00,5792.0,83.05295777224688
2024-06-26 09:44:01+08:00,5793.0,83.04955323799993
2024-06-26 09:44:02+08:00,5794.0,83.04481375723445
2024-06-26 09:44:03+08:00,5795.0,83.03875483024675
2024-06-26 09:44:04+08:00,5796.0,83.03139195733308
2024-06-26 09:44:05+08:00,5797.0,83.0227406387898
2024-06-26 09:44:06+08:00,5798.0,83.01281637491319
2024-06-26 09:44:07+08:00,5799.0,83.00163466599952
2024-06-26 09:44:08+08:00,5800.0,82.98921101234512
2024-06-26 09:44:09+08:00,5801.0,82.97556091424627
2024-06-26 09:44:10+08:00,5802.0,82.96069987199927
2024-06-26 09:44:11+08:00,5803.0,82.94464338590042
2024-06-26 09:44:12+08:00,5804.0,82.92740695624603
2024-06-26 09:44:13+08:00,5805.0,82.90900608333239
2024-06-26 09:44:14+08:00,5806.0,82.88945626745578
2024-06-26 09:44:15+08:00,5807.0,82.86877300891253
2024-06-26 09:44:16+08:00,5808.0,82.84697180799891
2024-06-26 09:44:17+08:00,5809.0,82.82406816501123
2024-06-26 09:44:18+08:00,5810.0,82.8000775802458
2024-06-26 09:44:19+08:00,5811.0,82.77501555399888
2024-06-26 09:44:20+08:00,5812.0,82.74889758656681
2024-06-26 09:44:21+08:00,5813.0,82.72173917824588
2024-06-26 09:44:22+08:00,5814.0,82.69355582933237
2024-06-26 09:44:23+08:00,5815.0,82.6643630401226
2024-06-26 09:44:24+08:00,5816.0,82.63417631091282
2024-06-26 09:44:25+08:00,5817.0,82.6030111419994
2024-06-26 09:44:26+08:00,5818.0,82.57088303367857
2024-06-26 09:44:27+08:00,5819.0,82.53780748624669
2024-06-26 09:44:28+08:00,5820.0,82.50380000000001
2024-06-26 09:44:29+08:00,5821.0,82.44492469153111
2024-06-26 09:44:30+08:00,5822.0,82.33950638854367
2024-06-26 09:44:31+08:00,5823.0,82.19095165800063
2024-06-26 09:44:32+08:00,5824.0,82.00266706686499
2024-06-26 09:44:33+08:00,5825.0,81.77805918209967
2024-06-26 09:44:34+08:00,5826.0,81.52053457066765
2024-06-26 09:44:35+08:00,5827.0,81.23349979953193
2024-06-26 09:44:36+08:00,5828.0,80.92036143565542
2024-06-26 09:44:37+08:00,5829.0,80.58452604600114
2024-06-26 09:44:38+08:00,5830.0,80.22940019753202
2024-06-26 09:44:39+08:00,5831.0,79.858390457211
2024-06-26 09:44:40+08:00,5832.0,79.47490339200111
2024-06-26 09:44:41+08:00,5833.0,79.08234556886528
2024-06-26 09:44:42+08:00,5834.0,78.68412355476646
2024-06-26 09:44:43+08:00,5835.0,78.28364391666763
2024-06-26 09:44:44+08:00,5836.0,77.88431322153177
2024-06-26 09:44:45+08:00,5837.0,77.4895380363218
2024-06-26 09:44:46+08:00,5838.0,77.10272492800074
2024-06-26 09:44:47+08:00,5839.0,76.72728046353151
2024-06-26 09:44:48+08:00,5840.0,76.3666112098771
2024-06-26 09:44:49+08:00,5841.0,76.0241237340005
2024-06-26 09:44:50+08:00,5842.0,75.7032246028646
2024-06-26 09:44:51+08:00,5843.0,75.40732038343242
2024-06-26 09:44:52+08:00,5844.0,75.13981764266691
2024-06-26 09:44:53+08:00,5845.0,74.90412294753105
2024-06-26 09:44:54+08:00,5846.0,74.70364286498778
2024-06-26 09:44:55+08:00,5847.0,74.54178396200008
2024-06-26 09:44:56+08:00,5848.0,74.42195280553089
2024-06-26 09:44:57+08:00,5849.0,74.34755596254321
2024-06-26 09:44:58+08:00,5850.0,74.322
2024-06-26 09:44:59+08:00,5851.0,74.32484374463246
2024-06-26 09:45:00+08:00,5852.0,74.33315878386789
2024-06-26 09:45:01+08:00,5853.0,74.34662082571333
2024-06-26 09:45:02+08:00,5854.0,74.36490557817592
2024-06-26 09:45:03+08:00,5855.0,74.3876887492627
2024-06-26 09:45:04+08:00,5856.0,74.41464604698076
2024-06-26 09:45:05+08:00,5857.0,74.44545317933716
2024-06-26 09:45:06+08:00,5858.0,74.47978585433901
2024-06-26 09:45:07+08:00,5859.0,74.51731977999336
2024-06-26 09:45:08+08:00,5860.0,74.5577306643073
2024-06-26 09:45:09+08:00,5861.0,74.60069421528792
2024-06-26 09:45:10+08:00,5862.0,74.64588614094227
2024-06-26 09:45:11+08:00,5863.0,74.69298214927744
2024-06-26 09:45:12+08:00,5864.0,74.74165794830053
2024-06-26 09:45:13+08:00,5865.0,74.79158924601857
2024-06-26 09:45:14+08:00,5866.0,74.84245175043868
2024-06-26 09:45:15+08:00,5867.0,74.89392116956793
2024-06-26 09:45:16+08:00,5868.0,74.94567321141339
2024-06-26 09:45:17+08:00,5869.0,74.99738358398216
2024-06-26 09:45:18+08:00,5870.0,75.04872799528127
2024-06-26 09:45:19+08:00,5871.0,75.09938215331783
2024-06-26 09:45:20+08:00,5872.0,75.14902176609894
2024-06-26 09:45:21+08:00,5873.0,75.19732254163164
2024-06-26 09:45:22+08:00,5874.0,75.24396018792302
2024-06-26 09:45:23+08:00,5875.0,75.28861041298016
2024-06-26 09:45:24+08:00,5876.0,75.33094892481013
2024-06-26 09:45:25+08:00,5877.0,75.37065143142003
2024-06-26 09:45:26+08:00,5878.0,75.40739364081692
2024-06-26 09:45:27+08:00,5879.0,75.44085126100788
2024-06-26 09:45:28+08:00,5880.0,75.4707
2024-06-26 09:45:29+08:00,5881.0,75.49769380546745
2024-06-26 09:45:30+08:00,5882.0,75.52290546649019
2024-06-26 09:45:31+08:00,5883.0,75.5464889531838
2024-06-26 09:45:32+08:00,5884.0,75.56859823566391
2024-06-26 09:45:33+08:00,5885.0,75.58938728404615
2024-06-26 09:45:34+08:00,5886.0,75.60901006844617
2024-06-26 09:45:35+08:00,5887.0,75.62762055897954
2024-06-26 09:45:36+08:00,5888.0,75.64537272576194
2024-06-26 09:45:37+08:00,5889.0,75.66242053890899
2024-06-26 09:45:38+08:00,5890.0,75.67891796853628
2024-06-26 09:45:39+08:00,5891.0,75.69501898475947
2024-06-26 09:45:40+08:00,5892.0,75.71087755769416
2024-06-26 09:45:41+08:00,5893.0,75.72664765745598
2024-06-26 09:45:42+08:00,5894.0,75.74248325416059
2024-06-26 09:45:43+08:00,5895.0,75.75853831792355
2024-06-26 09:45:44+08:00,5896.0,75.77496681886055
2024-06-26 09:45:45+08:00,5897.0,75.79192272708717
2024-06-26 09:45:46+08:00,5898.0,75.80956001271909
2024-06-26 09:45:47+08:00,5899.0,75.82803264587186
2024-06-26 09:45:48+08:00,5900.0,75.84749459666115
2024-06-26 09:45:49+08:00,5901.0,75.86809983520259
2024-06-26 09:45:50+08:00,5902.0,75.8900023316118
2024-06-26 09:45:51+08:00,5903.0,75.91335605600439
2024-06-26 09:45:52+08:00,5904.0,75.938314978496
2024-06-26 09:45:53+08:00,5905.0,75.96503306920225
2024-06-26 09:45:54+08:00,5906.0,75.99366429823877
2024-06-26 09:45:55+08:00,5907.0,76.02436263572116
2024-06-26 09:45:56+08:00,5908.0,76.05728205176511
2024-06-26 09:45:57+08:00,5909.0,76.09257651648618
2024-06-26 09:45:58+08:00,5910.0,76.13040000000001
2024-06-26 09:45:59+08:00,5911.0,76.18258902106356
2024-06-26 09:46:00+08:00,5912.0,76.25971501279471
2024-06-26 09:46:01+08:00,5913.0,76.36003431685057
2024-06-26 09:46:02+08:00,5914.0,76.48180327488815
2024-06-26 09:46:03+08:00,5915.0,76.62327822856454
2024-06-26 09:46:04+08:00,5916.0,76.78271551953681
2024-06-26 09:46:05+08:00,5917.0,76.95837148946201
2024-06-26 09:46:06+08:00,5918.0,77.1485024799972
2024-06-26 09:46:07+08:00,5919.0,77.35136483279948
2024-06-26 09:46:08+08:00,5920.0,77.56521488952589
2024-06-26 09:46:09+08:00,5921.0,77.78830899183347
2024-06-26 09:46:10+08:00,5922.0,78.01890348137931
2024-06-26 09:46:11+08:00,5923.0,78.25525469982048
2024-06-26 09:46:12+08:00,5924.0,78.49561898881404
2024-06-26 09:46:13+08:00,5925.0,78.73825269001705
2024-06-26 09:46:14+08:00,5926.0,78.98141214508658
2024-06-26 09:46:15+08:00,5927.0,79.22335369567968
2024-06-26 09:46:16+08:00,5928.0,79.46233368345342
2024-06-26 09:46:17+08:00,5929.0,79.69660845006489
2024-06-26 09:46:18+08:00,5930.0,79.92443433717109
2024-06-26 09:46:19+08:00,5931.0,80.14406768642917
2024-06-26 09:46:20+08:00,5932.0,80.35376483949612
2024-06-26 09:46:21+08:00,5933.0,80.55178213802905
2024-06-26 09:46:22+08:00,5934.0,80.736375923685
2024-06-26 09:46:23+08:00,5935.0,80.90580253812107
2024-06-26 09:46:24+08:00,5936.0,81.05831832299427
2024-06-26 09:46:25+08:00,5937.0,81.1921796199617
2024-06-26 09:46:26+08:00,5938.0,81.30564277068044
2024-06-26 09:46:27+08:00,5939.0,81.3969641168075
2024-06-26 09:46:28+08:00,5940.0,81.46439999999998
2024-06-26 09:46:29+08:00,5941.0,81.51888699449489
2024-06-26 09:46:30+08:00,5942.0,81.57247954423465
2024-06-26 09:46:31+08:00,5943.0,81.62511079543442
2024-06-26 09:46:32+08:00,5944.0,81.67671389430942
2024-06-26 09:46:33+08:00,5945.0,81.7272219870748
2024-06-26 09:46:34+08:00,5946.0,81.77656821994577
2024-06-26 09:46:35+08:00,5947.0,81.8246857391375
2024-06-26 09:46:36+08:00,5948.0,81.87150769086516
2024-06-26 09:46:37+08:00,5949.0,81.91696722134397
2024-06-26 09:46:38+08:00,5950.0,81.96099747678909
2024-06-26 09:46:39+08:00,5951.0,82.00353160341571
2024-06-26 09:46:40+08:00,5952.0,82.04450274743901
2024-06-26 09:46:41+08:00,5953.0,82.08384405507417
2024-06-26 09:46:42+08:00,5954.0,82.12148867253637
2024-06-26 09:46:43+08:00,5955.0,82.1573697460408
2024-06-26 09:46:44+08:00,5956.0,82.19142042180266
2024-06-26 09:46:45+08:00,5957.0,82.22357384603711
2024-06-26 09:46:46+08:00,5958.0,82.25376316495934
2024-06-26 09:46:47+08:00,5959.0,82.28192152478454
2024-06-26 09:46:48+08:00,5960.0,82.30798207172789
2024-06-26 09:46:49+08:00,5961.0,82.33187795200458
2024-06-26 09:46:50+08:00,5962.0,82.35354231182977
2024-06-26 09:46:51+08:00,5963.0,82.37290829741866
2024-06-26 09:46:52+08:00,5964.0,82.38990905498645
2024-06-26 09:46:53+08:00,5965.0,82.4044777307483
2024-06-26 09:46:54+08:00,5966.0,82.4165474709194
2024-06-26 09:46:55+08:00,5967.0,82.42605142171493
2024-06-26 09:46:56+08:00,5968.0,82.4329227293501
2024-06-26 09:46:57+08:00,5969.0,82.43709454004006
2024-06-26 09:46:58+08:00,5970.0,82.4385
2024-06-26 09:46:59+08:00,5971.0,82.42061872592593
2024-06-26 09:47:00+08:00,5972.0,82.36860047407409
2024-06-26 09:47:01+08:00,5973.0,82.2848836
2024-06-26 09:47:02+08:00,5974.0,82.17190645925926
2024-06-26 09:47:03+08:00,5975.0,82.03210740740742
2024-06-26 09:47:04+08:00,5976.0,81.86792480000001
2024-06-26 09:47:05+08:00,5977.0,81.6817969925926
2024-06-26 09:47:06+08:00,5978.0,81.47616234074074
2024-06-26 09:47:07+08:00,5979.0,81.25345920000001
2024-06-26 09:47:08+08:00,5980.0,81.01612592592593
2024-06-26 09:47:09+08:00,5981.0,80.76660087407409
2024-06-26 09:47:10+08:00,5982.0,80.50732239999999
2024-06-26 09:47:11+08:00,5983.0,80.24072885925926
2024-06-26 09:47:12+08:00,5984.0,79.96925860740741
2024-06-26 09:47:13+08:00,5985.0,79.69535000000002
2024-06-26 09:47:14+08:00,5986.0,79.4214413925926
2024-06-26 09:47:15+08:00,5987.0,79.14997114074075
2024-06-26 09:47:16+08:00,5988.0,78.88337760000002
2024-06-26 09:47:17+08:00,5989.0,78.62409912592592
2024-06-26 09:47:18+08:00,5990.0,78.37457407407408
2024-06-26 09:47:19+08:00,5991.0,78.1372408
2024-06-26 09:47:20+08:00,5992.0,77.91453765925927
2024-06-26 09:47:21+08:00,5993.0,77.70890300740741
2024-06-26 09:47:22+08:00,5994.0,77.5227752
2024-06-26 09:47:23+08:00,5995.0,77.3585925925926
2024-06-26 09:47:24+08:00,5996.0,77.21879354074073
2024-06-26 09:47:25+08:00,5997.0,77.1058164
2024-06-26 09:47:26+08:00,5998.0,77.02209952592594
2024-06-26 09:47:27+08:00,5999.0,76.97008127407408
2024-06-26 09:47:28+08:00,6000.0,76.9522
2024-06-26 09:47:29+08:00,6001.0,76.95416761481482
2024-06-26 09:47:30+08:00,6002.0,76.95989158518519
2024-06-26 09:47:31+08:00,6003.0,76.96910360000001
2024-06-26 09:47:32+08:00,6004.0,76.98153534814814
2024-06-26 09:47:33+08:00,6005.0,76.99691851851853
2024-06-26 09:47:34+08:00,6006.0,77.01498480000001
2024-06-26 09:47:35+08:00,6007.0,77.03546588148149
2024-06-26 09:47:36+08:00,6008.0,77.05809345185186
2024-06-26 09:47:37+08:00,6009.0,77.0825992
2024-06-26 09:47:38+08:00,6010.0,77.10871481481482
2024-06-26 09:47:39+08:00,6011.0,77.13617198518519
2024-06-26 09:47:40+08:00,6012.0,77.16470240000001
2024-06-26 09:47:41+08:00,6013.0,77.19403774814816
2024-06-26 09:47:42+08:00,6014.0,77.22390971851853
2024-06-26 09:47:43+08:00,6015.0,77.25405
2024-06-26 09:47:44+08:00,6016.0,77.28419028148149
2024-06-26 09:47:45+08:00,6017.0,77.31406225185185
2024-06-26 09:47:46+08:00,6018.0,77.3433976
2024-06-26 09:47:47+08:00,6019.0,77.37192801481483
2024-06-26 09:47:48+08:00,6020.0,77.3993851851852
2024-06-26 09:47:49+08:00,6021.0,77.42550080000001
2024-06-26 09:47:50+08:00,6022.0,77.45000654814817
2024-06-26 09:47:51+08:00,6023.0,77.47263411851853
2024-06-26 09:47:52+08:00,6024.0,77.49311520000002
2024-06-26 09:47:53+08:00,6025.0,77.51118148148149
2024-06-26 09:47:54+08:00,6026.0,77.52656465185187
2024-06-26 09:47:55+08:00,6027.0,77.5389964
2024-06-26 09:47:56+08:00,6028.0,77.54820841481482
2024-06-26 09:47:57+08:00,6029.0,77.55393238518519
2024-06-26 09:47:58+08:00,6030.0,77.55590000000001
2024-06-26 09:47:59+08:00,6031.0,77.5462059851852
2024-06-26 09:48:00+08:00,6032.0,77.51800521481482
2024-06-26 09:48:01+08:00,6033.0,77.4726196
2024-06-26 09:48:02+08:00,6034.0,77.41137105185186
2024-06-26 09:48:03+08:00,6035.0,77.3355814814815
2024-06-26 09:48:04+08:00,6036.0,77.24657280000001
2024-06-26 09:48:05+08:00,6037.0,77.14566691851851
2024-06-26 09:48:06+08:00,6038.0,77.03418574814816
2024-06-26 09:48:07+08:00,6039.0,76.91345120000001
2024-06-26 09:48:08+08:00,6040.0,76.7847851851852
2024-06-26 09:48:09+08:00,6041.0,76.64950961481482
2024-06-26 09:48:10+08:00,6042.0,76.50894640000001
2024-06-26 09:48:11+08:00,6043.0,76.36441745185186
2024-06-26 09:48:12+08:00,6044.0,76.21724468148149
2024-06-26 09:48:13+08:00,6045.0,76.06875000000002
2024-06-26 09:48:14+08:00,6046.0,75.92025531851851
2024-06-26 09:48:15+08:00,6047.0,75.77308254814817
2024-06-26 09:48:16+08:00,6048.0,75.6285536
2024-06-26 09:48:17+08:00,6049.0,75.48799038518519
2024-06-26 09:48:18+08:00,6050.0,75.35271481481482
2024-06-26 09:48:19+08:00,6051.0,75.2240488
2024-06-26 09:48:20+08:00,6052.0,75.10331425185187
2024-06-26 09:48:21+08:00,6053.0,74.99183308148149
2024-06-26 09:48:22+08:00,6054.0,74.89092720000001
2024-06-26 09:48:23+08:00,6055.0,74.80191851851853
2024-06-26 09:48:24+08:00,6056.0,74.72612894814816
2024-06-26 09:48:25+08:00,6057.0,74.66488040000002
2024-06-26 09:48:26+08:00,6058.0,74.6194947851852
2024-06-26 09:48:27+08:00,6059.0,74.59129401481482
2024-06-26 09:48:28+08:00,6060.0,74.58160000000001
2024-06-26 09:48:29+08:00,6061.0,74.58535893600853
2024-06-26 09:48:30+08:00,6062.0,74.59654753830112
2024-06-26 09:48:31+08:00,6063.0,74.61503349827832
2024-06-26 09:48:32+08:00,6064.0,74.64068450734067
2024-06-26 09:48:33+08:00,6065.0,74.6733682568887
2024-06-26 09:48:34+08:00,6066.0,74.71295243832292
2024-06-26 09:48:35+08:00,6067.0,74.75930474304388
2024-06-26 09:48:36+08:00,6068.0,74.81229286245215
2024-06-26 09:48:37+08:00,6069.0,74.87178448794823
2024-06-26 09:48:38+08:00,6070.0,74.93764731093266
2024-06-26 09:48:39+08:00,6071.0,75.00974902280598
2024-06-26 09:48:40+08:00,6072.0,75.08795731496872
2024-06-26 09:48:41+08:00,6073.0,75.17213987882143
2024-06-26 09:48:42+08:00,6074.0,75.26216440576464
2024-06-26 09:48:43+08:00,6075.0,75.35789858719886
2024-06-26 09:48:44+08:00,6076.0,75.45921011452465
2024-06-26 09:48:45+08:00,6077.0,75.56596667914255
2024-06-26 09:48:46+08:00,6078.0,75.67803597245309
2024-06-26 09:48:47+08:00,6079.0,75.79528568585678
2024-06-26 09:48:48+08:00,6080.0,75.9175835107542
2024-06-26 09:48:49+08:00,6081.0,76.04479713854585
2024-06-26 09:48:50+08:00,6082.0,76.17679426063228
2024-06-26 09:48:51+08:00,6083.0,76.31344256841403
2024-06-26 09:48:52+08:00,6084.0,76.45460975329162
2024-06-26 09:48:53+08:00,6085.0,76.6001635066656
2024-06-26 09:48:54+08:00,6086.0,76.7499715199365
2024-06-26 09:48:55+08:00,6087.0,76.90390148450484
2024-06-26 09:48:56+08:00,6088.0,77.0618210917712
2024-06-26 09:48:57+08:00,6089.0,77.22359803313606
2024-06-26 09:48:58+08:00,6090.0,77.38909999999998
2024-06-26 09:48:59+08:00,6091.0,77.59236734202004
2024-06-26 09:49:00+08:00,6092.0,77.86542863450225
2024-06-26 09:49:01+08:00,6093.0,78.2051339073206
2024-06-26 09:49:02+08:00,6094.0,78.60833319034904
2024-06-26 09:49:03+08:00,6095.0,79.07187651346162
2024-06-26 09:49:04+08:00,6096.0,79.59261390653224
2024-06-26 09:49:05+08:00,6097.0,80.16739539943492
2024-06-26 09:49:06+08:00,6098.0,80.79307102204365
2024-06-26 09:49:07+08:00,6099.0,81.4664908042324
2024-06-26 09:49:08+08:00,6100.0,82.18450477587514
2024-06-26 09:49:09+08:00,6101.0,82.94396296684587
2024-06-26 09:49:10+08:00,6102.0,83.74171540701856
2024-06-26 09:49:11+08:00,6103.0,84.57461212626718
2024-06-26 09:49:12+08:00,6104.0,85.43950315446573
2024-06-26 09:49:13+08:00,6105.0,86.33323852148818
2024-06-26 09:49:14+08:00,6106.0,87.25266825720851
2024-06-26 09:49:15+08:00,6107.0,88.19464239150071
2024-06-26 09:49:16+08:00,6108.0,89.15601095423874
2024-06-26 09:49:17+08:00,6109.0,90.1336239752966
2024-06-26 09:49:18+08:00,6110.0,91.12433148454828
2024-06-26 09:49:19+08:00,6111.0,92.12498351186774
2024-06-26 09:49:20+08:00,6112.0,93.13243008712895
2024-06-26 09:49:21+08:00,6113.0,94.14352124020593
2024-06-26 09:49:22+08:00,6114.0,95.15510700097262
2024-06-26 09:49:23+08:00,6115.0,96.16403739930304
2024-06-26 09:49:24+08:00,6116.0,97.16716246507113
2024-06-26 09:49:25+08:00,6117.0,98.1613322281509
2024-06-26 09:49:26+08:00,6118.0,99.1433967184163
2024-06-26 09:49:27+08:00,6119.0,100.11020596574133
2024-06-26 09:49:28+08:00,6120.0,101.05860999999999
2024-06-26 09:49:29+08:00,6121.0,101.99951358125928
2024-06-26 09:49:30+08:00,6122.0,102.94654746310339
2024-06-26 09:49:31+08:00,6123.0,103.90065066568202
2024-06-26 09:49:32+08:00,6124.0,104.86276220914489
2024-06-26 09:49:33+08:00,6125.0,105.83382111364172
2024-06-26 09:49:34+08:00,6126.0,106.8147663993222
2024-06-26 09:49:35+08:00,6127.0,107.80653708633605
2024-06-26 09:49:36+08:00,6128.0,108.81007219483298
2024-06-26 09:49:37+08:00,6129.0,109.82631074496273
2024-06-26 09:49:38+08:00,6130.0,110.85619175687496
2024-06-26 09:49:39+08:00,6131.0,111.9006542507194
2024-06-26 09:49:40+08:00,6132.0,112.96063724664577
2024-06-26 09:49:41+08:00,6133.0,114.03707976480378
2024-06-26 09:49:42+08:00,6134.0,115.13092082534313
2024-06-26 09:49:43+08:00,6135.0,116.24309944841353
2024-06-26 09:49:44+08:00,6136.0,117.37455465416473
2024-06-26 09:49:45+08:00,6137.0,118.5262254627464
2024-06-26 09:49:46+08:00,6138.0,119.69905089430823
2024-06-26 09:49:47+08:00,6139.0,120.893969969
2024-06-26 09:49:48+08:00,6140.0,122.11192170697134
2024-06-26 09:49:49+08:00,6141.0,123.35384512837204
2024-06-26 09:49:50+08:00,6142.0,124.62067925335174
2024-06-26 09:49:51+08:00,6143.0,125.9133631020602
2024-06-26 09:49:52+08:00,6144.0,127.23283569464714
2024-06-26 09:49:53+08:00,6145.0,128.5800360512622
2024-06-26 09:49:54+08:00,6146.0,129.95590319205516
2024-06-26 09:49:55+08:00,6147.0,131.3613761371757
2024-06-26 09:49:56+08:00,6148.0,132.79739390677358
2024-06-26 09:49:57+08:00,6149.0,134.2648955209984
2024-06-26 09:49:58+08:00,6150.0,135.76482
2024-06-26 09:49:59+08:00,6151.0,137.381048055641
2024-06-26 09:50:00+08:00,6152.0,139.18621614400246
2024-06-26 09:50:01+08:00,6153.0,141.16439690156156
2024-06-26 09:50:02+08:00,6154.0,143.2996629647955
2024-06-26 09:50:03+08:00,6155.0,145.57608697018145
2024-06-26 09:50:04+08:00,6156.0,147.9777415541966
2024-06-26 09:50:05+08:00,6157.0,150.4886993533181
2024-06-26 09:50:06+08:00,6158.0,153.0930330040232
2024-06-26 09:50:07+08:00,6159.0,155.77481514278904
2024-06-26 09:50:08+08:00,6160.0,158.5181184060928
2024-06-26 09:50:09+08:00,6161.0,161.3070154304117
2024-06-26 09:50:10+08:00,6162.0,164.12557885222293
2024-06-26 09:50:11+08:00,6163.0,166.9578813080036
2024-06-26 09:50:12+08:00,6164.0,169.787995434231
2024-06-26 09:50:13+08:00,6165.0,172.59999386738224
2024-06-26 09:50:14+08:00,6166.0,175.37794924393452
2024-06-26 09:50:15+08:00,6167.0,178.10593420036506
2024-06-26 09:50:16+08:00,6168.0,180.768021373151
2024-06-26 09:50:17+08:00,6169.0,183.34828339876952
2024-06-26 09:50:18+08:00,6170.0,185.83079291369785
2024-06-26 09:50:19+08:00,6171.0,188.19962255441314
2024-06-26 09:50:20+08:00,6172.0,190.43884495739258
2024-06-26 09:50:21+08:00,6173.0,192.53253275911337
2024-06-26 09:50:22+08:00,6174.0,194.46475859605266
2024-06-26 09:50:23+08:00,6175.0,196.2195951046877
2024-06-26 09:50:24+08:00,6176.0,197.78111492149563
2024-06-26 09:50:25+08:00,6177.0,199.13339068295363
2024-06-26 09:50:26+08:00,6178.0,200.26049502553892
2024-06-26 09:50:27+08:00,6179.0,201.14650058572863
2024-06-26 09:50:28+08:00,6180.0,201.77548
2024-06-26 09:50:29+08:00,6181.0,202.24971614695482
2024-06-26 09:50:30+08:00,6182.0,202.68400183631903
2024-06-26 09:50:31+08:00,6183.0,203.08117460125604
2024-06-26 09:50:32+08:00,6184.0,203.44407197492922
2024-06-26 09:50:33+08:00,6185.0,203.77553149050183
2024-06-26 09:50:34+08:00,6186.0,204.07839068113736
2024-06-26 09:50:35+08:00,6187.0,204.35548707999908
2024-06-26 09:50:36+08:00,6188.0,204.60965822025042
2024-06-26 09:50:37+08:00,6189.0,204.84374163505478
2024-06-26 09:50:38+08:00,6190.0,205.0605748575754
2024-06-26 09:50:39+08:00,6191.0,205.26299542097576
2024-06-26 09:50:40+08:00,6192.0,205.45384085841917
2024-06-26 09:50:41+08:00,6193.0,205.63594870306898
2024-06-26 09:50:42+08:00,6194.0,205.81215648808862
2024-06-26 09:50:43+08:00,6195.0,205.9853017466414
2024-06-26 09:50:44+08:00,6196.0,206.15822201189067
2024-06-26 09:50:45+08:00,6197.0,206.33375481699986
2024-06-26 09:50:46+08:00,6198.0,206.51473769513228
2024-06-26 09:50:47+08:00,6199.0,206.70400817945134
2024-06-26 09:50:48+08:00,6200.0,206.9044038031204
2024-06-26 09:50:49+08:00,6201.0,207.11876209930276
2024-06-26 09:50:50+08:00,6202.0,207.34992060116184
2024-06-26 09:50:51+08:00,6203.0,207.60071684186101
2024-06-26 09:50:52+08:00,6204.0,207.8739883545636
2024-06-26 09:50:53+08:00,6205.0,208.17257267243306
2024-06-26 09:50:54+08:00,6206.0,208.4993073286326
2024-06-26 09:50:55+08:00,6207.0,208.85702985632574
2024-06-26 09:50:56+08:00,6208.0,209.2485777886758
2024-06-26 09:50:57+08:00,6209.0,209.67678865884608
2024-06-26 09:50:58+08:00,6210.0,210.1445
2024-06-26 09:50:59+08:00,6211.0,210.69788983102282
2024-06-26 09:51:00+08:00,6212.0,211.37904576759945
2024-06-26 09:51:01+08:00,6213.0,212.1846697380928
2024-06-26 09:51:02+08:00,6214.0,213.11146367086576
2024-06-26 09:51:03+08:00,6215.0,214.15612949428132
2024-06-26 09:51:04+08:00,6216.0,215.3153691367023
2024-06-26 09:51:05+08:00,6217.0,216.58588452649167
2024-06-26 09:51:06+08:00,6218.0,217.96437759201228
2024-06-26 09:51:07+08:00,6219.0,219.44755026162707
2024-06-26 09:51:08+08:00,6220.0,221.03210446369894
2024-06-26 09:51:09+08:00,6221.0,222.71474212659078
2024-06-26 09:51:10+08:00,6222.0,224.49216517866554
2024-06-26 09:51:11+08:00,6223.0,226.3610755482861
2024-06-26 09:51:12+08:00,6224.0,228.31817516381534
2024-06-26 09:51:13+08:00,6225.0,230.36016595361622
2024-06-26 09:51:14+08:00,6226.0,232.4837498460516
2024-06-26 09:51:15+08:00,6227.0,234.68562876948442
2024-06-26 09:51:16+08:00,6228.0,236.96250465227757
2024-06-26 09:51:17+08:00,6229.0,239.311079422794
2024-06-26 09:51:18+08:00,6230.0,241.72805500939657
2024-06-26 09:51:19+08:00,6231.0,244.21013334044815
2024-06-26 09:51:20+08:00,6232.0,246.75401634431176
2024-06-26 09:51:21+08:00,6233.0,249.3564059493502
2024-06-26 09:51:22+08:00,6234.0,252.01400408392644
2024-06-26 09:51:23+08:00,6235.0,254.72351267640335
2024-06-26 09:51:24+08:00,6236.0,257.48163365514387
2024-06-26 09:51:25+08:00,6237.0,260.28506894851085
2024-06-26 09:51:26+08:00,6238.0,263.1305204848673
2024-06-26 09:51:27+08:00,6239.0,266.0146901925761
2024-06-26 09:51:28+08:00,6240.0,268.93428
2024-06-26 09:51:29+08:00,6241.0,272.2502659161758
2024-06-26 09:51:30+08:00,6242.0,276.28684792900947
2024-06-26 09:51:31+08:00,6243.0,280.98556393516816
2024-06-26 09:51:32+08:00,6244.0,286.28795183131905
2024-06-26 09:51:33+08:00,6245.0,292.1355495141292
2024-06-26 09:51:34+08:00,6246.0,298.46989488026577
2024-06-26 09:51:35+08:00,6247.0,305.23252582639583
2024-06-26 09:51:36+08:00,6248.0,312.36498024918666
2024-06-26 09:51:37+08:00,6249.0,319.8087960453052
2024-06-26 09:51:38+08:00,6250.0,327.50551111141874
2024-06-26 09:51:39+08:00,6251.0,335.3966633441943
2024-06-26 09:51:40+08:00,6252.0,343.42379064029893
2024-06-26 09:51:41+08:00,6253.0,351.5284308964
2024-06-26 09:51:42+08:00,6254.0,359.6521220091645
2024-06-26 09:51:43+08:00,6255.0,367.73640187525956
2024-06-26 09:51:44+08:00,6256.0,375.72280839135226
2024-06-26 09:51:45+08:00,6257.0,383.5528794541098
2024-06-26 09:51:46+08:00,6258.0,391.1681529601993
2024-06-26 09:51:47+08:00,6259.0,398.51016680628794
2024-06-26 09:51:48+08:00,6260.0,405.5204588890427
2024-06-26 09:51:49+08:00,6261.0,412.1405671051308
2024-06-26 09:51:50+08:00,6262.0,418.31202935121934
2024-06-26 09:51:51+08:00,6263.0,423.9763835239755
2024-06-26 09:51:52+08:00,6264.0,429.07516752006643
2024-06-26 09:51:53+08:00,6265.0,433.54991923615916
2024-06-26 09:51:54+08:00,6266.0,437.34217656892076
2024-06-26 09:51:55+08:00,6267.0,440.39347741501865
2024-06-26 09:51:56+08:00,6268.0,442.64535967111965
2024-06-26 09:51:57+08:00,6269.0,444.0393612338911
2024-06-26 09:51:58+08:00,6270.0,444.51702
2024-06-26 09:51:59+08:00,6271.0,444.5082983086553
2024-06-26 09:52:00+08:00,6272.0,444.48242043955764
2024-06-26 09:52:01+08:00,6273.0,444.4398172001117
2024-06-26 09:52:02+08:00,6274.0,444.38091939772204
2024-06-26 09:52:03+08:00,6275.0,444.3061578397934
2024-06-26 09:52:04+08:00,6276.0,444.2159633337304
2024-06-26 09:52:05+08:00,6277.0,444.11076668693767
2024-06-26 09:52:06+08:00,6278.0,443.9909987068199
2024-06-26 09:52:07+08:00,6279.0,443.8570902007817
2024-06-26 09:52:08+08:00,6280.0,443.70947197622775
2024-06-26 09:52:09+08:00,6281.0,443.5485748405627
2024-06-26 09:52:10+08:00,6282.0,443.37482960119115
2024-06-26 09:52:11+08:00,6283.0,443.1886670655178
2024-06-26 09:52:12+08:00,6284.0,442.9905180409473
2024-06-26 09:52:13+08:00,6285.0,442.78081333488433
2024-06-26 09:52:14+08:00,6286.0,442.5599837547335
2024-06-26 09:52:15+08:00,6287.0,442.32846010789933
2024-06-26 09:52:16+08:00,6288.0,442.0866732017867
2024-06-26 09:52:17+08:00,6289.0,441.8350538438002
2024-06-26 09:52:18+08:00,6290.0,441.5740328413444
2024-06-26 09:52:19+08:00,6291.0,441.304041001824
2024-06-26 09:52:20+08:00,6292.0,441.0255091326436
2024-06-26 09:52:21+08:00,6293.0,440.7388680412079
2024-06-26 09:52:22+08:00,6294.0,440.4445485349215
2024-06-26 09:52:23+08:00,6295.0,440.1429814211892
2024-06-26 09:52:24+08:00,6296.0,439.8345975074155
2024-06-26 09:52:25+08:00,6297.0,439.51982760100503
2024-06-26 09:52:26+08:00,6298.0,439.19910250936255
2024-06-26 09:52:27+08:00,6299.0,438.8728530398927
2024-06-26 09:52:28+08:00,6300.0,438.54151
2024-06-26 09:52:29+08:00,6301.0,438.12905709284814
2024-06-26 09:52:30+08:00,6302.0,437.5668516458967
2024-06-26 09:52:31+08:00,6303.0,436.86638490299504
2024-06-26 09:52:32+08:00,6304.0,436.039148107992
2024-06-26 09:52:33+08:00,6305.0,435.09663250473676
2024-06-26 09:52:34+08:00,6306.0,434.0503293370785
2024-06-26 09:52:35+08:00,6307.0,432.91172984886623
2024-06-26 09:52:36+08:00,6308.0,431.692325283949
2024-06-26 09:52:37+08:00,6309.0,430.4036068861761
2024-06-26 09:52:38+08:00,6310.0,429.0570658993964
2024-06-26 09:52:39+08:00,6311.0,427.6641935674591
2024-06-26 09:52:40+08:00,6312.0,426.2364811342133
2024-06-26 09:52:41+08:00,6313.0,424.78541984350807
2024-06-26 09:52:42+08:00,6314.0,423.32250093919254
2024-06-26 09:52:43+08:00,6315.0,421.8592156651157
2024-06-26 09:52:44+08:00,6316.0,420.40705526512676
2024-06-26 09:52:45+08:00,6317.0,418.97751098307475
2024-06-26 09:52:46+08:00,6318.0,417.5820740628089
2024-06-26 09:52:47+08:00,6319.0,416.2322357481781
2024-06-26 09:52:48+08:00,6320.0,414.9394872830315
2024-06-26 09:52:49+08:00,6321.0,413.71531991121833
2024-06-26 09:52:50+08:00,6322.0,412.5712248765875
2024-06-26 09:52:51+08:00,6323.0,411.5186934229883
2024-06-26 09:52:52+08:00,6324.0,410.56921679426966
2024-06-26 09:52:53+08:00,6325.0,409.73428623428066
2024-06-26 09:52:54+08:00,6326.0,409.02539298687054
2024-06-26 09:52:55+08:00,6327.0,408.4540282958884
2024-06-26 09:52:56+08:00,6328.0,408.03168340518306
2024-06-26 09:52:57+08:00,6329.0,407.769849558604
2024-06-26 09:52:58+08:00,6330.0,407.680018
2024-06-26 09:52:59+08:00,6331.0,407.9739623857778
2024-06-26 09:53:00+08:00,6332.0,408.8290733262223
2024-06-26 09:53:01+08:00,6333.0,410.20526749600003
2024-06-26 09:53:02+08:00,6334.0,412.0624615697778
2024-06-26 09:53:03+08:00,6335.0,414.36057222222223
2024-06-26 09:53:04+08:00,6336.0,417.059516128
2024-06-26 09:53:05+08:00,6337.0,420.11920996177776
2024-06-26 09:53:06+08:00,6338.0,423.4995703982222
2024-06-26 09:53:07+08:00,6339.0,427.160514112
2024-06-26 09:53:08+08:00,6340.0,431.0619577777778
2024-06-26 09:53:09+08:00,6341.0,435.16381807022225
2024-06-26 09:53:10+08:00,6342.0,439.426011664
2024-06-26 09:53:11+08:00,6343.0,443.8084552337778
2024-06-26 09:53:12+08:00,6344.0,448.27106545422225
2024-06-26 09:53:13+08:00,6345.0,452.773759
2024-06-26 09:53:14+08:00,6346.0,457.27645254577783
2024-06-26 09:53:15+08:00,6347.0,461.7390627662223
2024-06-26 09:53:16+08:00,6348.0,466.121506336
2024-06-26 09:53:17+08:00,6349.0,470.3836999297778
2024-06-26 09:53:18+08:00,6350.0,474.4855602222222
2024-06-26 09:53:19+08:00,6351.0,478.387003888
2024-06-26 09:53:20+08:00,6352.0,482.04794760177776
2024-06-26 09:53:21+08:00,6353.0,485.4283080382222
2024-06-26 09:53:22+08:00,6354.0,488.488001872
2024-06-26 09:53:23+08:00,6355.0,491.18694577777785
2024-06-26 09:53:24+08:00,6356.0,493.48505643022224
2024-06-26 09:53:25+08:00,6357.0,495.342250504
2024-06-26 09:53:26+08:00,6358.0,496.71844467377787
2024-06-26 09:53:27+08:00,6359.0,497.5735556142222
2024-06-26 09:53:28+08:00,6360.0,497.8675
2024-06-26 09:53:29+08:00,6361.0,497.7595520296296
2024-06-26 09:53:30+08:00,6362.0,497.4455215703704
2024-06-26 09:53:31+08:00,6363.0,496.9401288
2024-06-26 09:53:32+08:00,6364.0,496.2580938962963
2024-06-26 09:53:33+08:00,6365.0,495.41413703703705
2024-06-26 09:53:34+08:00,6366.0,494.42297840000003
2024-06-26 09:53:35+08:00,6367.0,493.29933816296295
2024-06-26 09:53:36+08:00,6368.0,492.0579365037037
2024-06-26 09:53:37+08:00,6369.0,490.7134936
2024-06-26 09:53:38+08:00,6370.0,489.2807296296296
2024-06-26 09:53:39+08:00,6371.0,487.77436477037037
2024-06-26 09:53:40+08:00,6372.0,486.20911920000003
2024-06-26 09:53:41+08:00,6373.0,484.5997130962963
2024-06-26 09:53:42+08:00,6374.0,482.96086663703704
2024-06-26 09:53:43+08:00,6375.0,481.3073
2024-06-26 09:53:44+08:00,6376.0,479.65373336296295
2024-06-26 09:53:45+08:00,6377.0,478.01488690370365
2024-06-26 09:53:46+08:00,6378.0,476.4054808
2024-06-26 09:53:47+08:00,6379.0,474.8402352296296
2024-06-26 09:53:48+08:00,6380.0,473.33387037037033
2024-06-26 09:53:49+08:00,6381.0,471.9011064
2024-06-26 09:53:50+08:00,6382.0,470.55666349629627
2024-06-26 09:53:51+08:00,6383.0,469.31526183703704
2024-06-26 09:53:52+08:00,6384.0,468.19162159999996
2024-06-26 09:53:53+08:00,6385.0,467.200462962963
2024-06-26 09:53:54+08:00,6386.0,466.3565061037037
2024-06-26 09:53:55+08:00,6387.0,465.67447119999997
2024-06-26 09:53:56+08:00,6388.0,465.1690784296296
2024-06-26 09:53:57+08:00,6389.0,464.8550479703704
2024-06-26 09:53:58+08:00,6390.0,464.7471
2024-06-26 09:53:59+08:00,6391.0,464.84563034074074
2024-06-26 09:54:00+08:00,6392.0,465.1322640592592
2024-06-26 09:54:01+08:00,6393.0,465.5935652
2024-06-26 09:54:02+08:00,6394.0,466.21609780740744
2024-06-26 09:54:03+08:00,6395.0,466.9864259259259
2024-06-26 09:54:04+08:00,6396.0,467.8911136
2024-06-26 09:54:05+08:00,6397.0,468.916724874074
2024-06-26 09:54:06+08:00,6398.0,470.0498237925926
2024-06-26 09:54:07+08:00,6399.0,471.2769744
2024-06-26 09:54:08+08:00,6400.0,472.5847407407407
2024-06-26 09:54:09+08:00,6401.0,473.95968685925925
2024-06-26 09:54:10+08:00,6402.0,475.3883768
2024-06-26 09:54:11+08:00,6403.0,476.85737460740734
2024-06-26 09:54:12+08:00,6404.0,478.35324432592586
2024-06-26 09:54:13+08:00,6405.0,479.86254999999994
2024-06-26 09:54:14+08:00,6406.0,481.3718556740741
2024-06-26 09:54:15+08:00,6407.0,482.86772539259255
2024-06-26 09:54:16+08:00,6408.0,484.3367232
2024-06-26 09:54:17+08:00,6409.0,485.76541314074075
2024-06-26 09:54:18+08:00,6410.0,487.1403592592592
2024-06-26 09:54:19+08:00,6411.0,488.4481255999999
2024-06-26 09:54:20+08:00,6412.0,489.67527620740736
2024-06-26 09:54:21+08:00,6413.0,490.80837512592586
2024-06-26 09:54:22+08:00,6414.0,491.83398639999996
2024-06-26 09:54:23+08:00,6415.0,492.7386740740741
2024-06-26 09:54:24+08:00,6416.0,493.5090021925925
2024-06-26 09:54:25+08:00,6417.0,494.1315348
2024-06-26 09:54:26+08:00,6418.0,494.59283594074066
2024-06-26 09:54:27+08:00,6419.0,494.8794696592592
2024-06-26 09:54:28+08:00,6420.0,494.97799999999995
2024-06-26 09:54:29+08:00,6421.0,494.52563987851846
2024-06-26 09:54:30+08:00,6422.0,493.20968316148145
2024-06-26 09:54:31+08:00,6423.0,491.09181531999997
2024-06-26 09:54:32+08:00,6424.0,488.2337218251851
2024-06-26 09:54:33+08:00,6425.0,484.69708814814805
2024-06-26 09:54:34+08:00,6426.0,480.54359975999995
2024-06-26 09:54:35+08:00,6427.0,475.83494213185185
2024-06-26 09:54:36+08:00,6428.0,470.6328007348148
2024-06-26 09:54:37+08:00,6429.0,464.99886103999995
2024-06-26 09:54:38+08:00,6430.0,458.9948085185185
2024-06-26 09:54:39+08:00,6431.0,452.68232864148143
2024-06-26 09:54:40+08:00,6432.0,446.12310687999997
2024-06-26 09:54:41+08:00,6433.0,439.3788287051852
2024-06-26 09:54:42+08:00,6434.0,432.51117958814814
2024-06-26 09:54:43+08:00,6435.0,425.58184500000004
2024-06-26 09:54:44+08:00,6436.0,418.65251041185184
2024-06-26 09:54:45+08:00,6437.0,411.78486129481485
2024-06-26 09:54:46+08:00,6438.0,405.04058312
2024-06-26 09:54:47+08:00,6439.0,398.48136135851854
2024-06-26 09:54:48+08:00,6440.0,392.1688814814815
2024-06-26 09:54:49+08:00,6441.0,386.16482896
2024-06-26 09:54:50+08:00,6442.0,380.53088926518524
2024-06-26 09:54:51+08:00,6443.0,375.3287478681482
2024-06-26 09:54:52+08:00,6444.0,370.62009024
2024-06-26 09:54:53+08:00,6445.0,366.4666018518519
2024-06-26 09:54:54+08:00,6446.0,362.92996817481486
2024-06-26 09:54:55+08:00,6447.0,360.07187468000006
2024-06-26 09:54:56+08:00,6448.0,357.9540068385186
2024-06-26 09:54:57+08:00,6449.0,356.6380501214815
2024-06-26 09:54:58+08:00,6450.0,356.18569
2024-06-26 09:54:59+08:00,6451.0,356.2026471901576
2024-06-26 09:55:00+08:00,6452.0,356.2522969872754
2024-06-26 09:55:01+08:00,6453.0,356.3328067313207
2024-06-26 09:55:02+08:00,6454.0,356.4423437622609
2024-06-26 09:55:03+08:00,6455.0,356.5790754200634
2024-06-26 09:55:04+08:00,6456.0,356.7411690446957
2024-06-26 09:55:05+08:00,6457.0,356.92679197612506
2024-06-26 09:55:06+08:00,6458.0,357.1341115543189
2024-06-26 09:55:07+08:00,6459.0,357.3612951192447
2024-06-26 09:55:08+08:00,6460.0,357.60651001086967
2024-06-26 09:55:09+08:00,6461.0,357.86792356916135
2024-06-26 09:55:10+08:00,6462.0,358.1437031340871
2024-06-26 09:55:11+08:00,6463.0,358.43201604561426
2024-06-26 09:55:12+08:00,6464.0,358.7310296437103
2024-06-26 09:55:13+08:00,6465.0,359.0389112683426
2024-06-26 09:55:14+08:00,6466.0,359.35382825947846
2024-06-26 09:55:15+08:00,6467.0,359.6739479570853
2024-06-26 09:55:16+08:00,6468.0,359.99743770113065
2024-06-26 09:55:17+08:00,6469.0,360.3224648315817
2024-06-26 09:55:18+08:00,6470.0,360.64719668840604
2024-06-26 09:55:19+08:00,6471.0,360.9698006115708
2024-06-26 09:55:20+08:00,6472.0,361.2884439410437
2024-06-26 09:55:21+08:00,6473.0,361.6012940167918
2024-06-26 09:55:22+08:00,6474.0,361.9065181787828
2024-06-26 09:55:23+08:00,6475.0,362.20228376698384
2024-06-26 09:55:24+08:00,6476.0,362.48675812136247
2024-06-26 09:55:25+08:00,6477.0,362.758108581886
2024-06-26 09:55:26+08:00,6478.0,363.0145024885218
2024-06-26 09:55:27+08:00,6479.0,363.2541071812374
2024-06-26 09:55:28+08:00,6480.0,363.47509
2024-06-26 09:55:29+08:00,6481.0,363.69055564246634
2024-06-26 09:55:30+08:00,6482.0,363.9141103677745
2024-06-26 09:55:31+08:00,6483.0,364.14467385811406
2024-06-26 09:55:32+08:00,6484.0,364.3811657956746
2024-06-26 09:55:33+08:00,6485.0,364.6225058626458
2024-06-26 09:55:34+08:00,6486.0,364.86761374121727
2024-06-26 09:55:35+08:00,6487.0,365.11540911357855
2024-06-26 09:55:36+08:00,6488.0,365.36481166191936
2024-06-26 09:55:37+08:00,6489.0,365.6147410684292
2024-06-26 09:55:38+08:00,6490.0,365.8641170152978
2024-06-26 09:55:39+08:00,6491.0,366.11185918471466
2024-06-26 09:55:40+08:00,6492.0,366.35688725886945
2024-06-26 09:55:41+08:00,6493.0,366.5981209199518
2024-06-26 09:55:42+08:00,6494.0,366.83447985015124
2024-06-26 09:55:43+08:00,6495.0,367.06488373165746
2024-06-26 09:55:44+08:00,6496.0,367.2882522466601
2024-06-26 09:55:45+08:00,6497.0,367.50350507734873
2024-06-26 09:55:46+08:00,6498.0,367.70956190591295
2024-06-26 09:55:47+08:00,6499.0,367.9053424145424
2024-06-26 09:55:48+08:00,6500.0,368.08976628542666
2024-06-26 09:55:49+08:00,6501.0,368.2617532007554
2024-06-26 09:55:50+08:00,6502.0,368.42022284271815
2024-06-26 09:55:51+08:00,6503.0,368.5640948935046
2024-06-26 09:55:52+08:00,6504.0,368.69228903530427
2024-06-26 09:55:53+08:00,6505.0,368.80372495030696
2024-06-26 09:55:54+08:00,6506.0,368.89732232070213
2024-06-26 09:55:55+08:00,6507.0,368.97200082867937
2024-06-26 09:55:56+08:00,6508.0,369.0266801564284
2024-06-26 09:55:57+08:00,6509.0,369.0602799861387
2024-06-26 09:55:58+08:00,6510.0,369.07172
2024-06-26 09:55:59+08:00,6511.0,369.027843851357
2024-06-26 09:56:00+08:00,6512.0,368.90017502593025
2024-06-26 09:56:01+08:00,6513.0,368.69465295447367
2024-06-26 09:56:02+08:00,6514.0,368.417217067741
2024-06-26 09:56:03+08:00,6515.0,368.0738067964858
2024-06-26 09:56:04+08:00,6516.0,367.670361571462
2024-06-26 09:56:05+08:00,6517.0,367.2128208234232
2024-06-26 09:56:06+08:00,6518.0,366.7071239831232
2024-06-26 09:56:07+08:00,6519.0,366.1592104813157
2024-06-26 09:56:08+08:00,6520.0,365.5750197487545
2024-06-26 09:56:09+08:00,6521.0,364.96049121619336
2024-06-26 09:56:10+08:00,6522.0,364.32156431438585
2024-06-26 09:56:11+08:00,6523.0,363.66417847408593
2024-06-26 09:56:12+08:00,6524.0,362.9942731260471
2024-06-26 09:56:13+08:00,6525.0,362.3177877010233
2024-06-26 09:56:14+08:00,6526.0,361.6406616297681
2024-06-26 09:56:15+08:00,6527.0,360.9688343430354
2024-06-26 09:56:16+08:00,6528.0,360.3082452715788
2024-06-26 09:56:17+08:00,6529.0,359.66483384615213
2024-06-26 09:56:18+08:00,6530.0,359.04453949750905
2024-06-26 09:56:19+08:00,6531.0,358.45330165640337
2024-06-26 09:56:20+08:00,6532.0,357.8970597535888
2024-06-26 09:56:21+08:00,6533.0,357.381753219819
2024-06-26 09:56:22+08:00,6534.0,356.91332148584786
2024-06-26 09:56:23+08:00,6535.0,356.49770398242896
2024-06-26 09:56:24+08:00,6536.0,356.14084014031613
2024-06-26 09:56:25+08:00,6537.0,355.84866939026307
2024-06-26 09:56:26+08:00,6538.0,355.6271311630236
2024-06-26 09:56:27+08:00,6539.0,355.4821648893513
2024-06-26 09:56:28+08:00,6540.0,355.41971
2024-06-26 09:56:29+08:00,6541.0,355.4013923801142
2024-06-26 09:56:30+08:00,6542.0,355.3847971420384
2024-06-26 09:56:31+08:00,6543.0,355.36980255732664
2024-06-26 09:56:32+08:00,6544.0,355.3562868975329
2024-06-26 09:56:33+08:00,6545.0,355.3441284342113
2024-06-26 09:56:34+08:00,6546.0,355.3332054389156
2024-06-26 09:56:35+08:00,6547.0,355.3233961832
2024-06-26 09:56:36+08:00,6548.0,355.31457893861835
2024-06-26 09:56:37+08:00,6549.0,355.3066319767247
2024-06-26 09:56:38+08:00,6550.0,355.299433569073
2024-06-26 09:56:39+08:00,6551.0,355.2928619872173
2024-06-26 09:56:40+08:00,6552.0,355.2867955027116
2024-06-26 09:56:41+08:00,6553.0,355.2811123871098
2024-06-26 09:56:42+08:00,6554.0,355.2756909119659
2024-06-26 09:56:43+08:00,6555.0,355.270409348834
2024-06-26 09:56:44+08:00,6556.0,355.2651459692681
2024-06-26 09:56:45+08:00,6557.0,355.259779044822
2024-06-26 09:56:46+08:00,6558.0,355.25418684704977
2024-06-26 09:56:47+08:00,6559.0,355.2482476475055
2024-06-26 09:56:48+08:00,6560.0,355.241839717743
2024-06-26 09:56:49+08:00,6561.0,355.23484132931645
2024-06-26 09:56:50+08:00,6562.0,355.22713075377976
2024-06-26 09:56:51+08:00,6563.0,355.2185862626869
2024-06-26 09:56:52+08:00,6564.0,355.20908612759195
2024-06-26 09:56:53+08:00,6565.0,355.19850862004876
2024-06-26 09:56:54+08:00,6566.0,355.1867320116114
2024-06-26 09:56:55+08:00,6567.0,355.17363457383385
2024-06-26 09:56:56+08:00,6568.0,355.1590945782701
2024-06-26 09:56:57+08:00,6569.0,355.1429902964742
2024-06-26 09:56:58+08:00,6570.0,355.1252
2024-06-26 09:56:59+08:00,6571.0,355.0931753245928
2024-06-26 09:57:00+08:00,6572.0,355.0354985375748
2024-06-26 09:57:01+08:00,6573.0,354.9537438578654
2024-06-26 09:57:02+08:00,6574.0,354.849485504384
2024-06-26 09:57:03+08:00,6575.0,354.72429769605003
2024-06-26 09:57:04+08:00,6576.0,354.57975465178305
2024-06-26 09:57:05+08:00,6577.0,354.4174305905024
2024-06-26 09:57:06+08:00,6578.0,354.23889973112756
2024-06-26 09:57:07+08:00,6579.0,354.045736292578
2024-06-26 09:57:08+08:00,6580.0,353.8395144937731
2024-06-26 09:57:09+08:00,6581.0,353.62180855363226
2024-06-26 09:57:10+08:00,6582.0,353.3941926910751
2024-06-26 09:57:11+08:00,6583.0,353.1582411250209
2024-06-26 09:57:12+08:00,6584.0,352.91552807438916
2024-06-26 09:57:13+08:00,6585.0,352.66762775809934
2024-06-26 09:57:14+08:00,6586.0,352.41611439507085
2024-06-26 09:57:15+08:00,6587.0,352.16256220422315
2024-06-26 09:57:16+08:00,6588.0,351.90854540447566
2024-06-26 09:57:17+08:00,6589.0,351.65563821474785
2024-06-26 09:57:18+08:00,6590.0,351.4054148539591
2024-06-26 09:57:19+08:00,6591.0,351.1594495410289
2024-06-26 09:57:20+08:00,6592.0,350.91931649487674
2024-06-26 09:57:21+08:00,6593.0,350.686589934422
2024-06-26 09:57:22+08:00,6594.0,350.46284407858417
2024-06-26 09:57:23+08:00,6595.0,350.2496531462825
2024-06-26 09:57:24+08:00,6596.0,350.04859135643676
2024-06-26 09:57:25+08:00,6597.0,349.86123292796617
2024-06-26 09:57:26+08:00,6598.0,349.6891520797902
2024-06-26 09:57:27+08:00,6599.0,349.5339230308283
2024-06-26 09:57:28+08:00,6600.0,349.39712
2024-06-26 09:57:29+08:00,6601.0,349.269074674521
2024-06-26 09:57:30+08:00,6602.0,349.139350880333
2024-06-26 09:57:31+08:00,6603.0,349.00837104444406
2024-06-26 09:57:32+08:00,6604.0,348.87655759386223
2024-06-26 09:57:33+08:00,6605.0,348.74433295559567
2024-06-26 09:57:34+08:00,6606.0,348.6121195566523
2024-06-26 09:57:35+08:00,6607.0,348.4803398240404
2024-06-26 09:57:36+08:00,6608.0,348.34941618476796
2024-06-26 09:57:37+08:00,6609.0,348.21977106584296
2024-06-26 09:57:38+08:00,6610.0,348.0918268942736
2024-06-26 09:57:39+08:00,6611.0,347.96600609706786
2024-06-26 09:57:40+08:00,6612.0,347.84273110123394
2024-06-26 09:57:41+08:00,6613.0,347.7224243337798
2024-06-26 09:57:42+08:00,6614.0,347.6055082217136
2024-06-26 09:57:43+08:00,6615.0,347.49240519204335
2024-06-26 09:57:44+08:00,6616.0,347.38353767177716
2024-06-26 09:57:45+08:00,6617.0,347.2793280879231
2024-06-26 09:57:46+08:00,6618.0,347.18019886748925
2024-06-26 09:57:47+08:00,6619.0,347.0865724374837
2024-06-26 09:57:48+08:00,6620.0,346.9988712249146
2024-06-26 09:57:49+08:00,6621.0,346.91751765678987
2024-06-26 09:57:50+08:00,6622.0,346.8429341601177
2024-06-26 09:57:51+08:00,6623.0,346.775543161906
2024-06-26 09:57:52+08:00,6624.0,346.71576708916314
2024-06-26 09:57:53+08:00,6625.0,346.66402836889694
2024-06-26 09:57:54+08:00,6626.0,346.6207494281155
2024-06-26 09:57:55+08:00,6627.0,346.58635269382717
2024-06-26 09:57:56+08:00,6628.0,346.56126059303966
2024-06-26 09:57:57+08:00,6629.0,346.5458955527613
2024-06-26 09:57:58+08:00,6630.0,346.54068
2024-06-26 09:57:59+08:00,6631.0,346.5460632704276
2024-06-26 09:58:00+08:00,6632.0,346.56182470111526
2024-06-26 09:58:01+08:00,6633.0,346.58738172116966
2024-06-26 09:58:02+08:00,6634.0,346.6221517596979
2024-06-26 09:58:03+08:00,6635.0,346.6655522458068
2024-06-26 09:58:04+08:00,6636.0,346.71700060860326
2024-06-26 09:58:05+08:00,6637.0,346.7759142771944
2024-06-26 09:58:06+08:00,6638.0,346.8417106806869
2024-06-26 09:58:07+08:00,6639.0,346.91380724818777
2024-06-26 09:58:08+08:00,6640.0,346.99162140880395
2024-06-26 09:58:09+08:00,6641.0,347.0745705916424
2024-06-26 09:58:10+08:00,6642.0,347.16207222580994
2024-06-26 09:58:11+08:00,6643.0,347.25354374041353
2024-06-26 09:58:12+08:00,6644.0,347.34840256456016
2024-06-26 09:58:13+08:00,6645.0,347.44606612735663
2024-06-26 09:58:14+08:00,6646.0,347.54595185791
2024-06-26 09:58:15+08:00,6647.0,347.6474771853271
2024-06-26 09:58:16+08:00,6648.0,347.7500595387149
2024-06-26 09:58:17+08:00,6649.0,347.8531163471802
2024-06-26 09:58:18+08:00,6650.0,347.9560650398301
2024-06-26 09:58:19+08:00,6651.0,348.05832304577143
2024-06-26 09:58:20+08:00,6652.0,348.1593077941111
2024-06-26 09:58:21+08:00,6653.0,348.2584367139561
2024-06-26 09:58:22+08:00,6654.0,348.3551272344132
2024-06-26 09:58:23+08:00,6655.0,348.4487967845895
2024-06-26 09:58:24+08:00,6656.0,348.5388627935919
2024-06-26 09:58:25+08:00,6657.0,348.62474269052717
2024-06-26 09:58:26+08:00,6658.0,348.7058539045023
2024-06-26 09:58:27+08:00,6659.0,348.7816138646243
2024-06-26 09:58:28+08:00,6660.0,348.85144
2024-06-26 09:58:29+08:00,6661.0,348.91810212117593
2024-06-26 09:58:30+08:00,6662.0,348.98472248203626
2024-06-26 09:58:31+08:00,6663.0,349.051247176695
2024-06-26 09:58:32+08:00,6664.0,349.1176222992657
2024-06-26 09:58:33+08:00,6665.0,349.18379394386227
2024-06-26 09:58:34+08:00,6666.0,349.2497082045985
2024-06-26 09:58:35+08:00,6667.0,349.31531117558814
2024-06-26 09:58:36+08:00,6668.0,349.380548950945
2024-06-26 09:58:37+08:00,6669.0,349.4453676247828
2024-06-26 09:58:38+08:00,6670.0,349.5097132912154
2024-06-26 09:58:39+08:00,6671.0,349.5735320443566
2024-06-26 09:58:40+08:00,6672.0,349.6367699783201
2024-06-26 09:58:41+08:00,6673.0,349.6993731872198
2024-06-26 09:58:42+08:00,6674.0,349.7612877651694
2024-06-26 09:58:43+08:00,6675.0,349.82245980628267
2024-06-26 09:58:44+08:00,6676.0,349.8828354046735
2024-06-26 09:58:45+08:00,6677.0,349.94236065445546
2024-06-26 09:58:46+08:00,6678.0,350.0009816497426
2024-06-26 09:58:47+08:00,6679.0,350.0586444846486
2024-06-26 09:58:48+08:00,6680.0,350.1152952532871
2024-06-26 09:58:49+08:00,6681.0,350.1708800497721
2024-06-26 09:58:50+08:00,6682.0,350.22534496821726
2024-06-26 09:58:51+08:00,6683.0,350.2786361027364
2024-06-26 09:58:52+08:00,6684.0,350.3306995474434
2024-06-26 09:58:53+08:00,6685.0,350.3814813964518
2024-06-26 09:58:54+08:00,6686.0,350.43092774387566
2024-06-26 09:58:55+08:00,6687.0,350.4789846838286
2024-06-26 09:58:56+08:00,6688.0,350.5255983104244
2024-06-26 09:58:57+08:00,6689.0,350.57071471777704
2024-06-26 09:58:58+08:00,6690.0,350.61428
2024-06-26 09:58:59+08:00,6691.0,350.65629841036025
2024-06-26 09:59:00+08:00,6692.0,350.69687198368416
2024-06-26 09:59:01+08:00,6693.0,350.7360934864248
2024-06-26 09:59:02+08:00,6694.0,350.77405568503553
2024-06-26 09:59:03+08:00,6695.0,350.81085134596947
2024-06-26 09:59:04+08:00,6696.0,350.8465732356799
2024-06-26 09:59:05+08:00,6697.0,350.8813141206199
2024-06-26 09:59:06+08:00,6698.0,350.9151667672428
2024-06-26 09:59:07+08:00,6699.0,350.9482239420018
2024-06-26 09:59:08+08:00,6700.0,350.98057841134994
2024-06-26 09:59:09+08:00,6701.0,351.01232294174065
2024-06-26 09:59:10+08:00,6702.0,351.04355029962704
2024-06-26 09:59:11+08:00,6703.0,351.0743532514623
2024-06-26 09:59:12+08:00,6704.0,351.1048245636997
2024-06-26 09:59:13+08:00,6705.0,351.13505700279234
2024-06-26 09:59:14+08:00,6706.0,351.1651433351935
2024-06-26 09:59:15+08:00,6707.0,351.1951763273564
2024-06-26 09:59:16+08:00,6708.0,351.2252487457343
2024-06-26 09:59:17+08:00,6709.0,351.2554533567802
2024-06-26 09:59:18+08:00,6710.0,351.2858829269476
2024-06-26 09:59:19+08:00,6711.0,351.31663022268947
2024-06-26 09:59:20+08:00,6712.0,351.34778801045906
2024-06-26 09:59:21+08:00,6713.0,351.3794490567096
2024-06-26 09:59:22+08:00,6714.0,351.4117061278943
2024-06-26 09:59:23+08:00,6715.0,351.44465199046647
2024-06-26 09:59:24+08:00,6716.0,351.4783794108792
2024-06-26 09:59:25+08:00,6717.0,351.5129811555857
2024-06-26 09:59:26+08:00,6718.0,351.5485499910392
2024-06-26 09:59:27+08:00,6719.0,351.5851786836929
2024-06-26 09:59:28+08:00,6720.0,351.62296000000003
2024-06-26 09:59:29+08:00,6721.0,351.66320543717364
2024-06-26 09:59:30+08:00,6722.0,351.7069376757557
2024-06-26 09:59:31+08:00,6723.0,351.75381625719234
2024-06-26 09:59:32+08:00,6724.0,351.80350072293004
2024-06-26 09:59:33+08:00,6725.0,351.8556506144152
2024-06-26 09:59:34+08:00,6726.0,351.90992547309406
2024-06-26 09:59:35+08:00,6727.0,351.965984840413
2024-06-26 09:59:36+08:00,6728.0,352.02348825781837
2024-06-26 09:59:37+08:00,6729.0,352.0820952667564
2024-06-26 09:59:38+08:00,6730.0,352.14146540867364
2024-06-26 09:59:39+08:00,6731.0,352.2012582250163
2024-06-26 09:59:40+08:00,6732.0,352.26113325723077
2024-06-26 09:59:41+08:00,6733.0,352.3207500467634
2024-06-26 09:59:42+08:00,6734.0,352.3797681350605
2024-06-26 09:59:43+08:00,6735.0,352.4378470635684
2024-06-26 09:59:44+08:00,6736.0,352.49464637373353
2024-06-26 09:59:45+08:00,6737.0,352.54982560700205
2024-06-26 09:59:46+08:00,6738.0,352.60304430482057
2024-06-26 09:59:47+08:00,6739.0,352.6539620086352
2024-06-26 09:59:48+08:00,6740.0,352.7022382598924
2024-06-26 09:59:49+08:00,6741.0,352.7475326000385
2024-06-26 09:59:50+08:00,6742.0,352.7895045705198
2024-06-26 09:59:51+08:00,6743.0,352.82781371278276
2024-06-26 09:59:52+08:00,6744.0,352.86211956827356
2024-06-26 09:59:53+08:00,6745.0,352.8920816784386
2024-06-26 09:59:54+08:00,6746.0,352.9173595847243
2024-06-26 09:59:55+08:00,6747.0,352.9376128285769
2024-06-26 09:59:56+08:00,6748.0,352.95250095144286
2024-06-26 09:59:57+08:00,6749.0,352.96168349476847
2024-06-26 09:59:58+08:00,6750.0,352.96482000000003
2024-06-26 09:59:59+08:00,6751.0,352.92975789925924
2024-06-26 10:00:00+08:00,6752.0,352.8277590607408
2024-06-26 10:00:01+08:00,6753.0,352.66360468
2024-06-26 10:00:02+08:00,6754.0,352.44207595259263
2024-06-26 10:00:03+08:00,6755.0,352.1679540740741
2024-06-26 10:00:04+08:00,6756.0,351.84602024000003
2024-06-26 10:00:05+08:00,6757.0,351.48105564592595
2024-06-26 10:00:06+08:00,6758.0,351.07784148740745
2024-06-26 10:00:07+08:00,6759.0,350.64115896
2024-06-26 10:00:08+08:00,6760.0,350.1757892592593
2024-06-26 10:00:09+08:00,6761.0,349.6865135807408
2024-06-26 10:00:10+08:00,6762.0,349.17811312000003
2024-06-26 10:00:11+08:00,6763.0,348.6553690725926
2024-06-26 10:00:12+08:00,6764.0,348.1230626340741
2024-06-26 10:00:13+08:00,6765.0,347.58597499999996
2024-06-26 10:00:14+08:00,6766.0,347.04888736592596
2024-06-26 10:00:15+08:00,6767.0,346.51658092740746
2024-06-26 10:00:16+08:00,6768.0,345.99383688000006
2024-06-26 10:00:17+08:00,6769.0,345.4854364192593
2024-06-26 10:00:18+08:00,6770.0,344.9961607407408
2024-06-26 10:00:19+08:00,6771.0,344.53079104000005
2024-06-26 10:00:20+08:00,6772.0,344.09410851259264
2024-06-26 10:00:21+08:00,6773.0,343.69089435407403
2024-06-26 10:00:22+08:00,6774.0,343.32592976
2024-06-26 10:00:23+08:00,6775.0,343.00399592592595
2024-06-26 10:00:24+08:00,6776.0,342.7298740474074
2024-06-26 10:00:25+08:00,6777.0,342.50834532000005
2024-06-26 10:00:26+08:00,6778.0,342.3441909392593
2024-06-26 10:00:27+08:00,6779.0,342.24219210074074
2024-06-26 10:00:28+08:00,6780.0,342.20713
2024-06-26 10:00:29+08:00,6781.0,342.2480478502001
2024-06-26 10:00:30+08:00,6782.0,342.36746083448946
2024-06-26 10:00:31+08:00,6783.0,342.5603581034012
2024-06-26 10:00:32+08:00,6784.0,342.82172880746873
2024-06-26 10:00:33+08:00,6785.0,343.1465620972253
2024-06-26 10:00:34+08:00,6786.0,343.52984712320426
2024-06-26 10:00:35+08:00,6787.0,343.9665730359389
2024-06-26 10:00:36+08:00,6788.0,344.45172898596246
2024-06-26 10:00:37+08:00,6789.0,344.98030412380837
2024-06-26 10:00:38+08:00,6790.0,345.5472876000099
2024-06-26 10:00:39+08:00,6791.0,346.1476685651002
2024-06-26 10:00:40+08:00,6792.0,346.77643616961274
2024-06-26 10:00:41+08:00,6793.0,347.4285795640808
2024-06-26 10:00:42+08:00,6794.0,348.09908789903767
2024-06-26 10:00:43+08:00,6795.0,348.78295032501666
2024-06-26 10:00:44+08:00,6796.0,349.475155992551
2024-06-26 10:00:45+08:00,6797.0,350.1706940521741
2024-06-26 10:00:46+08:00,6798.0,350.8645536544191
2024-06-26 10:00:47+08:00,6799.0,351.5517239498196
2024-06-26 10:00:48+08:00,6800.0,352.22719408890856
2024-06-26 10:00:49+08:00,6801.0,352.88595322221954
2024-06-26 10:00:50+08:00,6802.0,353.52299050028574
2024-06-26 10:00:51+08:00,6803.0,354.13329507364045
2024-06-26 10:00:52+08:00,6804.0,354.711856092817
2024-06-26 10:00:53+08:00,6805.0,355.2536627083487
2024-06-26 10:00:54+08:00,6806.0,355.7537040707689
2024-06-26 10:00:55+08:00,6807.0,356.2069693306107
2024-06-26 10:00:56+08:00,6808.0,356.6084476384077
2024-06-26 10:00:57+08:00,6809.0,356.95312814469304
2024-06-26 10:00:58+08:00,6810.0,357.236
2024-06-26 10:00:59+08:00,6811.0,357.48620055160325
2024-06-26 10:01:00+08:00,6812.0,357.73583726529597
2024-06-26 10:01:01+08:00,6813.0,357.9843544693892
2024-06-26 10:01:02+08:00,6814.0,358.23119649219404
2024-06-26 10:01:03+08:00,6815.0,358.47580766202157
2024-06-26 10:01:04+08:00,6816.0,358.71763230718295
2024-06-26 10:01:05+08:00,6817.0,358.9561147559891
2024-06-26 10:01:06+08:00,6818.0,359.1906993367512
2024-06-26 10:01:07+08:00,6819.0,359.4208303777805
2024-06-26 10:01:08+08:00,6820.0,359.6459522073877
2024-06-26 10:01:09+08:00,6821.0,359.86550915388415
2024-06-26 10:01:10+08:00,6822.0,360.07894554558084
2024-06-26 10:01:11+08:00,6823.0,360.2857057107889
2024-06-26 10:01:12+08:00,6824.0,360.4852339778194
2024-06-26 10:01:13+08:00,6825.0,360.6769746749834
2024-06-26 10:01:14+08:00,6826.0,360.86037213059194
2024-06-26 10:01:15+08:00,6827.0,361.03487067295623
2024-06-26 10:01:16+08:00,6828.0,361.1999146303872
2024-06-26 10:01:17+08:00,6829.0,361.3549483311961
2024-06-26 10:01:18+08:00,6830.0,361.4994161036938
2024-06-26 10:01:19+08:00,6831.0,361.6327622761916
2024-06-26 10:01:20+08:00,6832.0,361.75443117700047
2024-06-26 10:01:21+08:00,6833.0,361.8638671344315
2024-06-26 10:01:22+08:00,6834.0,361.9605144767957
2024-06-26 10:01:23+08:00,6835.0,362.0438175324043
2024-06-26 10:01:24+08:00,6836.0,362.1132206295684
2024-06-26 10:01:25+08:00,6837.0,362.16816809659883
2024-06-26 10:01:26+08:00,6838.0,362.2081042618069
2024-06-26 10:01:27+08:00,6839.0,362.2324734535036
2024-06-26 10:01:28+08:00,6840.0,362.24072
2024-06-26 10:01:29+08:00,6841.0,362.2103898548148
2024-06-26 10:01:30+08:00,6842.0,362.1221567051852
2024-06-26 10:01:31+08:00,6843.0,361.98015648
2024-06-26 10:01:32+08:00,6844.0,361.7885251081482
2024-06-26 10:01:33+08:00,6845.0,361.5513985185185
2024-06-26 10:01:34+08:00,6846.0,361.27291264
2024-06-26 10:01:35+08:00,6847.0,360.95720340148154
2024-06-26 10:01:36+08:00,6848.0,360.60840673185186
2024-06-26 10:01:37+08:00,6849.0,360.23065856000005
2024-06-26 10:01:38+08:00,6850.0,359.82809481481485
2024-06-26 10:01:39+08:00,6851.0,359.4048514251852
2024-06-26 10:01:40+08:00,6852.0,358.96506432
2024-06-26 10:01:41+08:00,6853.0,358.5128694281481
2024-06-26 10:01:42+08:00,6854.0,358.05240267851855
2024-06-26 10:01:43+08:00,6855.0,357.5878
2024-06-26 10:01:44+08:00,6856.0,357.12319732148154
2024-06-26 10:01:45+08:00,6857.0,356.66273057185185
2024-06-26 10:01:46+08:00,6858.0,356.21053568
2024-06-26 10:01:47+08:00,6859.0,355.77074857481483
2024-06-26 10:01:48+08:00,6860.0,355.3475051851852
2024-06-26 10:01:49+08:00,6861.0,354.94494144000004
2024-06-26 10:01:50+08:00,6862.0,354.5671932681482
2024-06-26 10:01:51+08:00,6863.0,354.21839659851855
2024-06-26 10:01:52+08:00,6864.0,353.9026873600001
2024-06-26 10:01:53+08:00,6865.0,353.6242014814815
2024-06-26 10:01:54+08:00,6866.0,353.3870748918519
2024-06-26 10:01:55+08:00,6867.0,353.19544352
2024-06-26 10:01:56+08:00,6868.0,353.0534432948148
2024-06-26 10:01:57+08:00,6869.0,352.9652101451852
2024-06-26 10:01:58+08:00,6870.0,352.93488
2024-06-26 10:01:59+08:00,6871.0,352.9968553037037
2024-06-26 10:02:00+08:00,6872.0,353.1771470962963
2024-06-26 10:02:01+08:00,6873.0,353.4673042
2024-06-26 10:02:02+08:00,6874.0,353.85887543703706
2024-06-26 10:02:03+08:00,6875.0,354.3434096296296
2024-06-26 10:02:04+08:00,6876.0,354.9124556
2024-06-26 10:02:05+08:00,6877.0,355.5575621703704
2024-06-26 10:02:06+08:00,6878.0,356.27027816296294
2024-06-26 10:02:07+08:00,6879.0,357.0421524
2024-06-26 10:02:08+08:00,6880.0,357.8647337037037
2024-06-26 10:02:09+08:00,6881.0,358.7295708962963
2024-06-26 10:02:10+08:00,6882.0,359.6282128
2024-06-26 10:02:11+08:00,6883.0,360.55220823703706
2024-06-26 10:02:12+08:00,6884.0,361.49310602962964
2024-06-26 10:02:13+08:00,6885.0,362.442455
2024-06-26 10:02:14+08:00,6886.0,363.39180397037035
2024-06-26 10:02:15+08:00,6887.0,364.3327017629629
2024-06-26 10:02:16+08:00,6888.0,365.25669719999996
2024-06-26 10:02:17+08:00,6889.0,366.15533910370374
2024-06-26 10:02:18+08:00,6890.0,367.02017629629626
2024-06-26 10:02:19+08:00,6891.0,367.84275759999997
2024-06-26 10:02:20+08:00,6892.0,368.61463183703705
2024-06-26 10:02:21+08:00,6893.0,369.3273478296296
2024-06-26 10:02:22+08:00,6894.0,369.9724544
2024-06-26 10:02:23+08:00,6895.0,370.54150037037033
2024-06-26 10:02:24+08:00,6896.0,371.02603456296293
2024-06-26 10:02:25+08:00,6897.0,371.4176058
2024-06-26 10:02:26+08:00,6898.0,371.7077629037037
2024-06-26 10:02:27+08:00,6899.0,371.88805469629625
2024-06-26 10:02:28+08:00,6900.0,371.95002999999997
2024-06-26 10:02:29+08:00,6901.0,371.9014708875109
2024-06-26 10:02:30+08:00,6902.0,371.75989826594275
2024-06-26 10:02:31+08:00,6903.0,371.5314692091437
2024-06-26 10:02:32+08:00,6904.0,371.22234079096205
2024-06-26 10:02:33+08:00,6905.0,370.8386700852461
2024-06-26 10:02:34+08:00,6906.0,370.38661416584426
2024-06-26 10:02:35+08:00,6907.0,369.87233010660475
2024-06-26 10:02:36+08:00,6908.0,369.30197498137585
2024-06-26 10:02:37+08:00,6909.0,368.68170586400595
2024-06-26 10:02:38+08:00,6910.0,368.01767982834326
2024-06-26 10:02:39+08:00,6911.0,367.3160539482361
2024-06-26 10:02:40+08:00,6912.0,366.58298529753284
2024-06-26 10:02:41+08:00,6913.0,365.82463095008177
2024-06-26 10:02:42+08:00,6914.0,365.0471479797311
2024-06-26 10:02:43+08:00,6915.0,364.25669346032925
2024-06-26 10:02:44+08:00,6916.0,363.45942446572445
2024-06-26 10:02:45+08:00,6917.0,362.66149806976506
2024-06-26 10:02:46+08:00,6918.0,361.8690713462993
2024-06-26 10:02:47+08:00,6919.0,361.08830136917555
2024-06-26 10:02:48+08:00,6920.0,360.32534521224204
2024-06-26 10:02:49+08:00,6921.0,359.58635994934724
2024-06-26 10:02:50+08:00,6922.0,358.8775026543392
2024-06-26 10:02:51+08:00,6923.0,358.20493040106646
2024-06-26 10:02:52+08:00,6924.0,357.5748002633772
2024-06-26 10:02:53+08:00,6925.0,356.9932693151197
2024-06-26 10:02:54+08:00,6926.0,356.4664946301423
2024-06-26 10:02:55+08:00,6927.0,356.00063328229334
2024-06-26 10:02:56+08:00,6928.0,355.6018423454211
2024-06-26 10:02:57+08:00,6929.0,355.2762788933739
2024-06-26 10:02:58+08:00,6930.0,355.0301
2024-06-26 10:02:59+08:00,6931.0,354.82686064144093
2024-06-26 10:03:00+08:00,6932.0,354.6262121997641
2024-06-26 10:03:01+08:00,6933.0,354.4284563577067
2024-06-26 10:03:02+08:00,6934.0,354.2338947980058
2024-06-26 10:03:03+08:00,6935.0,354.04282920339887
2024-06-26 10:03:04+08:00,6936.0,353.8555612566229
2024-06-26 10:03:05+08:00,6937.0,353.672392640415
2024-06-26 10:03:06+08:00,6938.0,353.49362503751263
2024-06-26 10:03:07+08:00,6939.0,353.3195601306528
2024-06-26 10:03:08+08:00,6940.0,353.1504996025727
2024-06-26 10:03:09+08:00,6941.0,352.98674513600963
2024-06-26 10:03:10+08:00,6942.0,352.82859841370066
2024-06-26 10:03:11+08:00,6943.0,352.6763611183831
2024-06-26 10:03:12+08:00,6944.0,352.53033493279406
2024-06-26 10:03:13+08:00,6945.0,352.39082153967075
2024-06-26 10:03:14+08:00,6946.0,352.2581226217504
2024-06-26 10:03:15+08:00,6947.0,352.13253986177006
2024-06-26 10:03:16+08:00,6948.0,352.01437494246716
2024-06-26 10:03:17+08:00,6949.0,351.90392954657875
2024-06-26 10:03:18+08:00,6950.0,351.8015053568419
2024-06-26 10:03:19+08:00,6951.0,351.7074040559941
2024-06-26 10:03:20+08:00,6952.0,351.6219273267722
2024-06-26 10:03:21+08:00,6953.0,351.5453768519138
2024-06-26 10:03:22+08:00,6954.0,351.4780543141557
2024-06-26 10:03:23+08:00,6955.0,351.42026139623533
2024-06-26 10:03:24+08:00,6956.0,351.3722997808898
2024-06-26 10:03:25+08:00,6957.0,351.3344711508563
2024-06-26 10:03:26+08:00,6958.0,351.30707718887203
2024-06-26 10:03:27+08:00,6959.0,351.29041957767424
2024-06-26 10:03:28+08:00,6960.0,351.2848
2024-06-26 10:03:29+08:00,6961.0,351.3214448296297
2024-06-26 10:03:30+08:00,6962.0,351.42804797037036
2024-06-26 10:03:31+08:00,6963.0,351.5996124
2024-06-26 10:03:32+08:00,6964.0,351.83114109629634
2024-06-26 10:03:33+08:00,6965.0,352.11763703703707
2024-06-26 10:03:34+08:00,6966.0,352.4541032
2024-06-26 10:03:35+08:00,6967.0,352.835542562963
2024-06-26 10:03:36+08:00,6968.0,353.2569581037037
2024-06-26 10:03:37+08:00,6969.0,353.7133528
2024-06-26 10:03:38+08:00,6970.0,354.19972962962964
2024-06-26 10:03:39+08:00,6971.0,354.71109157037034
2024-06-26 10:03:40+08:00,6972.0,355.2424416
2024-06-26 10:03:41+08:00,6973.0,355.7887826962963
2024-06-26 10:03:42+08:00,6974.0,356.34511783703704
2024-06-26 10:03:43+08:00,6975.0,356.90644999999995
2024-06-26 10:03:44+08:00,6976.0,357.467782162963
2024-06-26 10:03:45+08:00,6977.0,358.0241173037037
2024-06-26 10:03:46+08:00,6978.0,358.5704584
2024-06-26 10:03:47+08:00,6979.0,359.1018084296296
2024-06-26 10:03:48+08:00,6980.0,359.61317037037037
2024-06-26 10:03:49+08:00,6981.0,360.0995472
2024-06-26 10:03:50+08:00,6982.0,360.5559418962963
2024-06-26 10:03:51+08:00,6983.0,360.977357437037
2024-06-26 10:03:52+08:00,6984.0,361.3587968
2024-06-26 10:03:53+08:00,6985.0,361.69526296296294
2024-06-26 10:03:54+08:00,6986.0,361.9817589037037
2024-06-26 10:03:55+08:00,6987.0,362.2132876
2024-06-26 10:03:56+08:00,6988.0,362.38485202962966
2024-06-26 10:03:57+08:00,6989.0,362.49145517037033
2024-06-26 10:03:58+08:00,6990.0,362.5281
2024-06-26 10:03:59+08:00,6991.0,362.49955566814816
2024-06-26 10:04:00+08:00,6992.0,362.4165176118519
2024-06-26 10:04:01+08:00,6993.0,362.28287824
2024-06-26 10:04:02+08:00,6994.0,362.1025299614815
2024-06-26 10:04:03+08:00,6995.0,361.8793651851852
2024-06-26 10:04:04+08:00,6996.0,361.61727632000003
2024-06-26 10:04:05+08:00,6997.0,361.3201557748148
2024-06-26 10:04:06+08:00,6998.0,360.9918959585185
2024-06-26 10:04:07+08:00,6999.0,360.63638928
2024-06-26 10:04:08+08:00,7000.0,360.25752814814814
2024-06-26 10:04:09+08:00,7001.0,359.85920497185185
2024-06-26 10:04:10+08:00,7002.0,359.44531215999996
2024-06-26 10:04:11+08:00,7003.0,359.01974212148144
2024-06-26 10:04:12+08:00,7004.0,358.5863872651852
2024-06-26 10:04:13+08:00,7005.0,358.14914
2024-06-26 10:04:14+08:00,7006.0,357.7118927348148
2024-06-26 10:04:15+08:00,7007.0,357.2785378785185
2024-06-26 10:04:16+08:00,7008.0,356.85296783999996
2024-06-26 10:04:17+08:00,7009.0,356.4390750281482
2024-06-26 10:04:18+08:00,7010.0,356.04075185185184
2024-06-26 10:04:19+08:00,7011.0,355.66189072
2024-06-26 10:04:20+08:00,7012.0,355.30638404148146
2024-06-26 10:04:21+08:00,7013.0,354.9781242251852
2024-06-26 10:04:22+08:00,7014.0,354.68100368
2024-06-26 10:04:23+08:00,7015.0,354.4189148148148
2024-06-26 10:04:24+08:00,7016.0,354.1957500385185
2024-06-26 10:04:25+08:00,7017.0,354.01540176
2024-06-26 10:04:26+08:00,7018.0,353.88176238814816
2024-06-26 10:04:27+08:00,7019.0,353.7987243318518
2024-06-26 10:04:28+08:00,7020.0,353.77018
2024-06-26 10:04:29+08:00,7021.0,353.7759843949954
2024-06-26 10:04:30+08:00,7022.0,353.79300978910106
2024-06-26 10:04:31+08:00,7023.0,353.820674495996
2024-06-26 10:04:32+08:00,7024.0,353.85839682935944
2024-06-26 10:04:33+08:00,7025.0,353.90559510287045
2024-06-26 10:04:34+08:00,7026.0,353.96168763020813
2024-06-26 10:04:35+08:00,7027.0,354.0260927250516
2024-06-26 10:04:36+08:00,7028.0,354.09822870107996
2024-06-26 10:04:37+08:00,7029.0,354.1775138719723
2024-06-26 10:04:38+08:00,7030.0,354.2633665514077
2024-06-26 10:04:39+08:00,7031.0,354.3552050530655
2024-06-26 10:04:40+08:00,7032.0,354.45244769062447
2024-06-26 10:04:41+08:00,7033.0,354.55451277776393
2024-06-26 10:04:42+08:00,7034.0,354.660818628163
2024-06-26 10:04:43+08:00,7035.0,354.77078355550066
2024-06-26 10:04:44+08:00,7036.0,354.88382587345603
2024-06-26 10:04:45+08:00,7037.0,354.9993638957084
2024-06-26 10:04:46+08:00,7038.0,355.1168159359367
2024-06-26 10:04:47+08:00,7039.0,355.23560030782016
2024-06-26 10:04:48+08:00,7040.0,355.3551353250378
2024-06-26 10:04:49+08:00,7041.0,355.4748393012688
2024-06-26 10:04:50+08:00,7042.0,355.5941305501921
2024-06-26 10:04:51+08:00,7043.0,355.71242738548705
2024-06-26 10:04:52+08:00,7044.0,355.8291481208326
2024-06-26 10:04:53+08:00,7045.0,355.943711069908
2024-06-26 10:04:54+08:00,7046.0,356.0555345463922
2024-06-26 10:04:55+08:00,7047.0,356.1640368639644
2024-06-26 10:04:56+08:00,7048.0,356.2686363363037
2024-06-26 10:04:57+08:00,7049.0,356.3687512770892
2024-06-26 10:04:58+08:00,7050.0,356.4638
2024-06-26 10:04:59+08:00,7051.0,356.5593587317997
2024-06-26 10:05:00+08:00,7052.0,356.6609573348074
2024-06-26 10:05:01+08:00,7053.0,356.7679445760356
2024-06-26 10:05:02+08:00,7054.0,356.8796692224966
2024-06-26 10:05:03+08:00,7055.0,356.9954800412031
2024-06-26 10:05:04+08:00,7056.0,357.11472579916733
2024-06-26 10:05:05+08:00,7057.0,357.2367552634018
2024-06-26 10:05:06+08:00,7058.0,357.36091720091895
2024-06-26 10:05:07+08:00,7059.0,357.48656037873127
2024-06-26 10:05:08+08:00,7060.0,357.61303356385105
2024-06-26 10:05:09+08:00,7061.0,357.739685523291
2024-06-26 10:05:10+08:00,7062.0,357.8658650240632
2024-06-26 10:05:11+08:00,7063.0,357.99092083318044
2024-06-26 10:05:12+08:00,7064.0,358.114201717655
2024-06-26 10:05:13+08:00,7065.0,358.2350564444993
2024-06-26 10:05:14+08:00,7066.0,358.352833780726
2024-06-26 10:05:15+08:00,7067.0,358.4668824933471
2024-06-26 10:05:16+08:00,7068.0,358.5765513493755
2024-06-26 10:05:17+08:00,7069.0,358.68118911582343
2024-06-26 10:05:18+08:00,7070.0,358.78014455970333
2024-06-26 10:05:19+08:00,7071.0,358.8727664480277
2024-06-26 10:05:20+08:00,7072.0,358.9584035478089
2024-06-26 10:05:21+08:00,7073.0,359.03640462605944
2024-06-26 10:05:22+08:00,7074.0,359.10611844979184
2024-06-26 10:05:23+08:00,7075.0,359.16689378601836
2024-06-26 10:05:24+08:00,7076.0,359.2180794017516
2024-06-26 10:05:25+08:00,7077.0,359.259024064004
2024-06-26 10:05:26+08:00,7078.0,359.2890765397878
2024-06-26 10:05:27+08:00,7079.0,359.3075855961157
2024-06-26 10:05:28+08:00,7080.0,359.3139
2024-06-26 10:05:29+08:00,7081.0,359.28213362962964
2024-06-26 10:05:30+08:00,7082.0,359.18972237037036
2024-06-26 10:05:31+08:00,7083.0,359.040998
2024-06-26 10:05:32+08:00,7084.0,358.8402922962963
2024-06-26 10:05:33+08:00,7085.0,358.59193703703704
2024-06-26 10:05:34+08:00,7086.0,358.30026399999997
2024-06-26 10:05:35+08:00,7087.0,357.96960496296293
2024-06-26 10:05:36+08:00,7088.0,357.6042917037037
2024-06-26 10:05:37+08:00,7089.0,357.208656
2024-06-26 10:05:38+08:00,7090.0,356.7870296296296
2024-06-26 10:05:39+08:00,7091.0,356.34374437037036
2024-06-26 10:05:40+08:00,7092.0,355.883132
2024-06-26 10:05:41+08:00,7093.0,355.4095242962963
2024-06-26 10:05:42+08:00,7094.0,354.927253037037
2024-06-26 10:05:43+08:00,7095.0,354.44065
2024-06-26 10:05:44+08:00,7096.0,353.954046962963
2024-06-26 10:05:45+08:00,7097.0,353.4717757037037
2024-06-26 10:05:46+08:00,7098.0,352.998168
2024-06-26 10:05:47+08:00,7099.0,352.53755562962965
2024-06-26 10:05:48+08:00,7100.0,352.0942703703704
2024-06-26 10:05:49+08:00,7101.0,351.672644
2024-06-26 10:05:50+08:00,7102.0,351.2770082962963
2024-06-26 10:05:51+08:00,7103.0,350.9116950370371
2024-06-26 10:05:52+08:00,7104.0,350.58103600000004
2024-06-26 10:05:53+08:00,7105.0,350.28936296296297
2024-06-26 10:05:54+08:00,7106.0,350.0410077037037
2024-06-26 10:05:55+08:00,7107.0,349.840302
2024-06-26 10:05:56+08:00,7108.0,349.69157762962965
2024-06-26 10:05:57+08:00,7109.0,349.59916637037037
2024-06-26 10:05:58+08:00,7110.0,349.5674
2024-06-26 10:05:59+08:00,7111.0,349.6057060740741
2024-06-26 10:06:00+08:00,7112.0,349.71714192592594
2024-06-26 10:06:01+08:00,7113.0,349.89648400000004
2024-06-26 10:06:02+08:00,7114.0,350.13850874074075
2024-06-26 10:06:03+08:00,7115.0,350.43799259259265
2024-06-26 10:06:04+08:00,7116.0,350.78971200000007
2024-06-26 10:06:05+08:00,7117.0,351.1884434074074
2024-06-26 10:06:06+08:00,7118.0,351.62896325925925
2024-06-26 10:06:07+08:00,7119.0,352.10604800000004
2024-06-26 10:06:08+08:00,7120.0,352.6144740740741
2024-06-26 10:06:09+08:00,7121.0,353.14901792592593
2024-06-26 10:06:10+08:00,7122.0,353.704456
2024-06-26 10:06:11+08:00,7123.0,354.2755647407408
2024-06-26 10:06:12+08:00,7124.0,354.85712059259265
2024-06-26 10:06:13+08:00,7125.0,355.44390000000004
2024-06-26 10:06:14+08:00,7126.0,356.03067940740743
2024-06-26 10:06:15+08:00,7127.0,356.61223525925925
2024-06-26 10:06:16+08:00,7128.0,357.18334400000003
2024-06-26 10:06:17+08:00,7129.0,357.7387820740741
2024-06-26 10:06:18+08:00,7130.0,358.2733259259259
2024-06-26 10:06:19+08:00,7131.0,358.78175200000004
2024-06-26 10:06:20+08:00,7132.0,359.2588367407408
2024-06-26 10:06:21+08:00,7133.0,359.6993565925926
2024-06-26 10:06:22+08:00,7134.0,360.09808799999996
2024-06-26 10:06:23+08:00,7135.0,360.44980740740743
2024-06-26 10:06:24+08:00,7136.0,360.7492912592592
2024-06-26 10:06:25+08:00,7137.0,360.991316
2024-06-26 10:06:26+08:00,7138.0,361.1706580740741
2024-06-26 10:06:27+08:00,7139.0,361.28209392592595
2024-06-26 10:06:28+08:00,7140.0,361.3204
2024-06-26 10:06:29+08:00,7141.0,361.31487551140447
2024-06-26 10:06:30+08:00,7142.0,361.29855544634376
2024-06-26 10:06:31+08:00,7143.0,361.2718199059065
2024-06-26 10:06:32+08:00,7144.0,361.23504899118143
2024-06-26 10:06:33+08:00,7145.0,361.18862280325743
2024-06-26 10:06:34+08:00,7146.0,361.13292144322304
2024-06-26 10:06:35+08:00,7147.0,361.06832501216707
2024-06-26 10:06:36+08:00,7148.0,360.99521361117826
2024-06-26 10:06:37+08:00,7149.0,360.9139673413453
2024-06-26 10:06:38+08:00,7150.0,360.824966303757
2024-06-26 10:06:39+08:00,7151.0,360.728590599502
2024-06-26 10:06:40+08:00,7152.0,360.62522032966905
2024-06-26 10:06:41+08:00,7153.0,360.5152355953469
2024-06-26 10:06:42+08:00,7154.0,360.3990164976243
2024-06-26 10:06:43+08:00,7155.0,360.2769431375899
2024-06-26 10:06:44+08:00,7156.0,360.1493956163325
2024-06-26 10:06:45+08:00,7157.0,360.0167540349408
2024-06-26 10:06:46+08:00,7158.0,359.87939849450356
2024-06-26 10:06:47+08:00,7159.0,359.7377090961095
2024-06-26 10:06:48+08:00,7160.0,359.5920659408473
2024-06-26 10:06:49+08:00,7161.0,359.4428491298057
2024-06-26 10:06:50+08:00,7162.0,359.29043876407354
2024-06-26 10:06:51+08:00,7163.0,359.13521494473935
2024-06-26 10:06:52+08:00,7164.0,358.97755777289206
2024-06-26 10:06:53+08:00,7165.0,358.81784734962025
2024-06-26 10:06:54+08:00,7166.0,358.65646377601274
2024-06-26 10:06:55+08:00,7167.0,358.4937871531582
2024-06-26 10:06:56+08:00,7168.0,358.3301975821455
2024-06-26 10:06:57+08:00,7169.0,358.1660751640631
2024-06-26 10:06:58+08:00,7170.0,358.0018
2024-06-26 10:06:59+08:00,7171.0,357.8202234490747
2024-06-26 10:07:00+08:00,7172.0,357.6056269161035
2024-06-26 10:07:01+08:00,7173.0,357.3605355707212
2024-06-26 10:07:02+08:00,7174.0,357.0874745825628
2024-06-26 10:07:03+08:00,7175.0,356.7889691212631
2024-06-26 10:07:04+08:00,7176.0,356.4675443564572
2024-06-26 10:07:05+08:00,7177.0,356.1257254577798
2024-06-26 10:07:06+08:00,7178.0,355.766037594866
2024-06-26 10:07:07+08:00,7179.0,355.3910059373506
2024-06-26 10:07:08+08:00,7180.0,355.00315565486864
2024-06-26 10:07:09+08:00,7181.0,354.6050119170548
2024-06-26 10:07:10+08:00,7182.0,354.19909989354426
2024-06-26 10:07:11+08:00,7183.0,353.78794475397166
2024-06-26 10:07:12+08:00,7184.0,353.37407166797226
2024-06-26 10:07:13+08:00,7185.0,352.96000580518063
2024-06-26 10:07:14+08:00,7186.0,352.5482723352319
2024-06-26 10:07:15+08:00,7187.0,352.1413964277609
2024-06-26 10:07:16+08:00,7188.0,351.7419032524026
2024-06-26 10:07:17+08:00,7189.0,351.35231797879186
2024-06-26 10:07:18+08:00,7190.0,350.9751657765637
2024-06-26 10:07:19+08:00,7191.0,350.61297181535286
2024-06-26 10:07:20+08:00,7192.0,350.2682612647944
2024-06-26 10:07:21+08:00,7193.0,349.9435592945231
2024-06-26 10:07:22+08:00,7194.0,349.641391074174
2024-06-26 10:07:23+08:00,7195.0,349.364281773382
2024-06-26 10:07:24+08:00,7196.0,349.114756561782
2024-06-26 10:07:25+08:00,7197.0,348.89534060900877
2024-06-26 10:07:26+08:00,7198.0,348.7085590846976
2024-06-26 10:07:27+08:00,7199.0,348.5569371584829
2024-06-26 10:07:28+08:00,7200.0,348.443
2024-06-26 10:07:29+08:00,7201.0,348.34951799677924
2024-06-26 10:07:30+08:00,7202.0,348.25765080229206
2024-06-26 10:07:31+08:00,7203.0,348.1675074850847
2024-06-26 10:07:32+08:00,7204.0,348.07919711370323
2024-06-26 10:07:33+08:00,7205.0,347.992828756694
2024-06-26 10:07:34+08:00,7206.0,347.9085114826029
2024-06-26 10:07:35+08:00,7207.0,347.8263543599765
2024-06-26 10:07:36+08:00,7208.0,347.7464664573607
2024-06-26 10:07:37+08:00,7209.0,347.66895684330177
2024-06-26 10:07:38+08:00,7210.0,347.593934586346
2024-06-26 10:07:39+08:00,7211.0,347.5215087550394
2024-06-26 10:07:40+08:00,7212.0,347.45178841792836
2024-06-26 10:07:41+08:00,7213.0,347.3848826435588
2024-06-26 10:07:42+08:00,7214.0,347.32090050047714
2024-06-26 10:07:43+08:00,7215.0,347.25995105722944
2024-06-26 10:07:44+08:00,7216.0,347.20214338236195
2024-06-26 10:07:45+08:00,7217.0,347.1475865444208
2024-06-26 10:07:46+08:00,7218.0,347.0963896119522
2024-06-26 10:07:47+08:00,7219.0,347.04866165350234
2024-06-26 10:07:48+08:00,7220.0,347.0045117376174
2024-06-26 10:07:49+08:00,7221.0,346.96404893284364
2024-06-26 10:07:50+08:00,7222.0,346.92738230772716
2024-06-26 10:07:51+08:00,7223.0,346.89462093081414
2024-06-26 10:07:52+08:00,7224.0,346.8658738706508
2024-06-26 10:07:53+08:00,7225.0,346.84125019578323
2024-06-26 10:07:54+08:00,7226.0,346.82085897475775
2024-06-26 10:07:55+08:00,7227.0,346.80480927612047
2024-06-26 10:07:56+08:00,7228.0,346.7932101684176
2024-06-26 10:07:57+08:00,7229.0,346.7861707201954
2024-06-26 10:07:58+08:00,7230.0,346.7838
2024-06-26 10:07:59+08:00,7231.0,346.7876502277208
2024-06-26 10:08:00+08:00,7232.0,346.7990621208528
2024-06-26 10:08:01+08:00,7233.0,346.8178274943503
2024-06-26 10:08:02+08:00,7234.0,346.8437381631676
2024-06-26 10:08:03+08:00,7235.0,346.876585942259
2024-06-26 10:08:04+08:00,7236.0,346.91616264657887
2024-06-26 10:08:05+08:00,7237.0,346.9622600910815
2024-06-26 10:08:06+08:00,7238.0,347.0146700907211
2024-06-26 10:08:07+08:00,7239.0,347.0731844604521
2024-06-26 10:08:08+08:00,7240.0,347.13759501522884
2024-06-26 10:08:09+08:00,7241.0,347.2076935700056
2024-06-26 10:08:10+08:00,7242.0,347.2832719397366
2024-06-26 10:08:11+08:00,7243.0,347.3641219393762
2024-06-26 10:08:12+08:00,7244.0,347.4500353838788
2024-06-26 10:08:13+08:00,7245.0,347.5408040881987
2024-06-26 10:08:14+08:00,7246.0,347.6362198672901
2024-06-26 10:08:15+08:00,7247.0,347.73607453610737
2024-06-26 10:08:16+08:00,7248.0,347.8401599096049
2024-06-26 10:08:17+08:00,7249.0,347.9482678027369
2024-06-26 10:08:18+08:00,7250.0,348.0601900304577
2024-06-26 10:08:19+08:00,7251.0,348.17571840772166
2024-06-26 10:08:20+08:00,7252.0,348.2946447494831
2024-06-26 10:08:21+08:00,7253.0,348.4167608706962
2024-06-26 10:08:22+08:00,7254.0,348.54185858631547
2024-06-26 10:08:23+08:00,7255.0,348.6697297112951
2024-06-26 10:08:24+08:00,7256.0,348.8001660605894
2024-06-26 10:08:25+08:00,7257.0,348.93295944915275
2024-06-26 10:08:26+08:00,7258.0,349.0679016919394
2024-06-26 10:08:27+08:00,7259.0,349.2047846039037
2024-06-26 10:08:28+08:00,7260.0,349.3434
2024-06-26 10:08:29+08:00,7261.0,349.5109165516518
2024-06-26 10:08:30+08:00,7262.0,349.73187555250496
2024-06-26 10:08:31+08:00,7263.0,350.0021277508472
2024-06-26 10:08:32+08:00,7264.0,350.3175238949661
2024-06-26 10:08:33+08:00,7265.0,350.67391473314933
2024-06-26 10:08:34+08:00,7266.0,351.0671510136845
2024-06-26 10:08:35+08:00,7267.0,351.4930834848593
2024-06-26 10:08:36+08:00,7268.0,351.9475628949614
2024-06-26 10:08:37+08:00,7269.0,352.4264399922783
2024-06-26 10:08:38+08:00,7270.0,352.92556552509785
2024-06-26 10:08:39+08:00,7271.0,353.4407902417075
2024-06-26 10:08:40+08:00,7272.0,353.9679648903951
2024-06-26 10:08:41+08:00,7273.0,354.50294021944813
2024-06-26 10:08:42+08:00,7274.0,355.0415669771543
2024-06-26 10:08:43+08:00,7275.0,355.5796959118013
2024-06-26 10:08:44+08:00,7276.0,356.11317777167665
2024-06-26 10:08:45+08:00,7277.0,356.63786330506815
2024-06-26 10:08:46+08:00,7278.0,357.1496032602634
2024-06-26 10:08:47+08:00,7279.0,357.64424838555
2024-06-26 10:08:48+08:00,7280.0,358.1176494292156
2024-06-26 10:08:49+08:00,7281.0,358.5656571395478
2024-06-26 10:08:50+08:00,7282.0,358.98412226483447
2024-06-26 10:08:51+08:00,7283.0,359.36889555336296
2024-06-26 10:08:52+08:00,7284.0,359.71582775342114
2024-06-26 10:08:53+08:00,7285.0,360.0207696132966
2024-06-26 10:08:54+08:00,7286.0,360.2795718812768
2024-06-26 10:08:55+08:00,7287.0,360.4880853056497
2024-06-26 10:08:56+08:00,7288.0,360.6421606347027
2024-06-26 10:08:57+08:00,7289.0,360.7376486167236
2024-06-26 10:08:58+08:00,7290.0,360.7704
2024-06-26 10:08:59+08:00,7291.0,360.73580752592596
2024-06-26 10:09:00+08:00,7292.0,360.63517487407404
2024-06-26 10:09:01+08:00,7293.0,360.4732192
2024-06-26 10:09:02+08:00,7294.0,360.25465765925924
2024-06-26 10:09:03+08:00,7295.0,359.98420740740744
2024-06-26 10:09:04+08:00,7296.0,359.66658559999996
2024-06-26 10:09:05+08:00,7297.0,359.30650939259255
2024-06-26 10:09:06+08:00,7298.0,358.90869594074076
2024-06-26 10:09:07+08:00,7299.0,358.4778624
2024-06-26 10:09:08+08:00,7300.0,358.01872592592593
2024-06-26 10:09:09+08:00,7301.0,357.53600367407404
2024-06-26 10:09:10+08:00,7302.0,357.0344128
2024-06-26 10:09:11+08:00,7303.0,356.5186704592593
2024-06-26 10:09:12+08:00,7304.0,355.99349380740745
2024-06-26 10:09:13+08:00,7305.0,355.46360000000004
2024-06-26 10:09:14+08:00,7306.0,354.9337061925926
2024-06-26 10:09:15+08:00,7307.0,354.4085295407407
2024-06-26 10:09:16+08:00,7308.0,353.8927872
2024-06-26 10:09:17+08:00,7309.0,353.39119632592593
2024-06-26 10:09:18+08:00,7310.0,352.90847407407404
2024-06-26 10:09:19+08:00,7311.0,352.4493376
2024-06-26 10:09:20+08:00,7312.0,352.0185040592592
2024-06-26 10:09:21+08:00,7313.0,351.62069060740737
2024-06-26 10:09:22+08:00,7314.0,351.26061439999995
2024-06-26 10:09:23+08:00,7315.0,350.9429925925926
2024-06-26 10:09:24+08:00,7316.0,350.67254234074073
2024-06-26 10:09:25+08:00,7317.0,350.45398079999995
2024-06-26 10:09:26+08:00,7318.0,350.2920251259259
2024-06-26 10:09:27+08:00,7319.0,350.191392474074
2024-06-26 10:09:28+08:00,7320.0,350.1568
2024-06-26 10:09:29+08:00,7321.0,350.1624385683644
2024-06-26 10:09:30+08:00,7322.0,350.1791295375912
2024-06-26 10:09:31+08:00,7323.0,350.20653580388097
2024-06-26 10:09:32+08:00,7324.0,350.2443202634341
2024-06-26 10:09:33+08:00,7325.0,350.29214581245105
2024-06-26 10:09:34+08:00,7326.0,350.3496753471324
2024-06-26 10:09:35+08:00,7327.0,350.41657176367846
2024-06-26 10:09:36+08:00,7328.0,350.4924979582898
2024-06-26 10:09:37+08:00,7329.0,350.57711682716683
2024-06-26 10:09:38+08:00,7330.0,350.6700912665101
2024-06-26 10:09:39+08:00,7331.0,350.77108417252003
2024-06-26 10:09:40+08:00,7332.0,350.87975844139714
2024-06-26 10:09:41+08:00,7333.0,350.9957769693418
2024-06-26 10:09:42+08:00,7334.0,351.11880265255456
2024-06-26 10:09:43+08:00,7335.0,351.2484983872359
2024-06-26 10:09:44+08:00,7336.0,351.38452706958617
2024-06-26 10:09:45+08:00,7337.0,351.526551595806
2024-06-26 10:09:46+08:00,7338.0,351.6742348620957
2024-06-26 10:09:47+08:00,7339.0,351.82723976465587
2024-06-26 10:09:48+08:00,7340.0,351.98522919968696
2024-06-26 10:09:49+08:00,7341.0,352.14786606338936
2024-06-26 10:09:50+08:00,7342.0,352.31481325196364
2024-06-26 10:09:51+08:00,7343.0,352.4857336616102
2024-06-26 10:09:52+08:00,7344.0,352.66029018852953
2024-06-26 10:09:53+08:00,7345.0,352.8381457289221
2024-06-26 10:09:54+08:00,7346.0,353.0189631789884
2024-06-26 10:09:55+08:00,7347.0,353.2024054349289
2024-06-26 10:09:56+08:00,7348.0,353.3881353929439
2024-06-26 10:09:57+08:00,7349.0,353.5758159492342
2024-06-26 10:09:58+08:00,7350.0,353.76511
2024-06-26 10:09:59+08:00,7351.0,353.98683068187694
2024-06-26 10:10:00+08:00,7352.0,354.2688432559449
2024-06-26 10:10:01+08:00,7353.0,354.60638880507116
2024-06-26 10:10:02+08:00,7354.0,354.9947084121227
2024-06-26 10:10:03+08:00,7355.0,355.4290431599668
2024-06-26 10:10:04+08:00,7356.0,355.9046341314704
2024-06-26 10:10:05+08:00,7357.0,356.4167224095009
2024-06-26 10:10:06+08:00,7358.0,356.9605490769252
2024-06-26 10:10:07+08:00,7359.0,357.53135521661056
2024-06-26 10:10:08+08:00,7360.0,358.12438191142417
2024-06-26 10:10:09+08:00,7361.0,358.734870244233
2024-06-26 10:10:10+08:00,7362.0,359.35806129790427
2024-06-26 10:10:11+08:00,7363.0,359.98919615530514
2024-06-26 10:10:12+08:00,7364.0,360.6235158993027
2024-06-26 10:10:13+08:00,7365.0,361.2562616127641
2024-06-26 10:10:14+08:00,7366.0,361.88267437855654
2024-06-26 10:10:15+08:00,7367.0,362.497995279547
2024-06-26 10:10:16+08:00,7368.0,363.0974653986028
2024-06-26 10:10:17+08:00,7369.0,363.67632581859107
2024-06-26 10:10:18+08:00,7370.0,364.22981762237873
2024-06-26 10:10:19+08:00,7371.0,364.75318189283314
2024-06-26 10:10:20+08:00,7372.0,365.2416597128213
2024-06-26 10:10:21+08:00,7373.0,365.69049216521046
2024-06-26 10:10:22+08:00,7374.0,366.09492033286756
2024-06-26 10:10:23+08:00,7375.0,366.45018529866
2024-06-26 10:10:24+08:00,7376.0,366.7515281454547
2024-06-26 10:10:25+08:00,7377.0,366.994189956119
2024-06-26 10:10:26+08:00,7378.0,367.17341181351986
2024-06-26 10:10:27+08:00,7379.0,367.2844348005245
2024-06-26 10:10:28+08:00,7380.0,367.3225
2024-06-26 10:10:29+08:00,7381.0,367.2956282102563
2024-06-26 10:10:30+08:00,7382.0,367.2168667890359
2024-06-26 10:10:31+08:00,7383.0,367.08899665835474
2024-06-26 10:10:32+08:00,7384.0,366.91479874022866
2024-06-26 10:10:33+08:00,7385.0,366.6970539566737
2024-06-26 10:10:34+08:00,7386.0,366.4385432297058
2024-06-26 10:10:35+08:00,7387.0,366.14204748134074
2024-06-26 10:10:36+08:00,7388.0,365.8103476335945
2024-06-26 10:10:37+08:00,7389.0,365.44622460848313
2024-06-26 10:10:38+08:00,7390.0,365.0524593280225
2024-06-26 10:10:39+08:00,7391.0,364.6318327142286
2024-06-26 10:10:40+08:00,7392.0,364.18712568911724
2024-06-26 10:10:41+08:00,7393.0,363.7211191747044
2024-06-26 10:10:42+08:00,7394.0,363.236594093006
2024-06-26 10:10:43+08:00,7395.0,362.73633136603803
2024-06-26 10:10:44+08:00,7396.0,362.2231119158164
2024-06-26 10:10:45+08:00,7397.0,361.699716664357
2024-06-26 10:10:46+08:00,7398.0,361.1689265336758
2024-06-26 10:10:47+08:00,7399.0,360.6335224457888
2024-06-26 10:10:48+08:00,7400.0,360.09628532271176
2024-06-26 10:10:49+08:00,7401.0,359.5599960864607
2024-06-26 10:10:50+08:00,7402.0,359.02743565905166
2024-06-26 10:10:51+08:00,7403.0,358.5013849625004
2024-06-26 10:10:52+08:00,7404.0,357.984624918823
2024-06-26 10:10:53+08:00,7405.0,357.47993645003527
2024-06-26 10:10:54+08:00,7406.0,356.9901004781531
2024-06-26 10:10:55+08:00,7407.0,356.5178979251927
2024-06-26 10:10:56+08:00,7408.0,356.06610971316974
2024-06-26 10:10:57+08:00,7409.0,355.63751676410016
2024-06-26 10:10:58+08:00,7410.0,355.23490000000004
2024-06-26 10:10:59+08:00,7411.0,354.8349689307147
2024-06-26 10:11:00+08:00,7412.0,354.41418891201556
2024-06-26 10:11:01+08:00,7413.0,353.9749746348074
2024-06-26 10:11:02+08:00,7414.0,353.51974078999507
2024-06-26 10:11:03+08:00,7415.0,353.05090206848337
2024-06-26 10:11:04+08:00,7416.0,352.5708731611771
2024-06-26 10:11:05+08:00,7417.0,352.0820687589811
2024-06-26 10:11:06+08:00,7418.0,351.5869035528002
2024-06-26 10:11:07+08:00,7419.0,351.0877922335393
2024-06-26 10:11:08+08:00,7420.0,350.58714949210304
2024-06-26 10:11:09+08:00,7421.0,350.0873900193965
2024-06-26 10:11:10+08:00,7422.0,349.59092850632425
2024-06-26 10:11:11+08:00,7423.0,349.1001796437912
2024-06-26 10:11:12+08:00,7424.0,348.6175581227022
2024-06-26 10:11:13+08:00,7425.0,348.145478633962
2024-06-26 10:11:14+08:00,7426.0,347.6863558684755
2024-06-26 10:11:15+08:00,7427.0,347.24260451714747
2024-06-26 10:11:16+08:00,7428.0,346.81663927088283
2024-06-26 10:11:17+08:00,7429.0,346.41087482058623
2024-06-26 10:11:18+08:00,7430.0,346.02772585716264
2024-06-26 10:11:19+08:00,7431.0,345.66960707151685
2024-06-26 10:11:20+08:00,7432.0,345.3389331545536
2024-06-26 10:11:21+08:00,7433.0,345.0381187971778
2024-06-26 10:11:22+08:00,7434.0,344.7695786902943
2024-06-26 10:11:23+08:00,7435.0,344.5357275248078
2024-06-26 10:11:24+08:00,7436.0,344.33897999162315
2024-06-26 10:11:25+08:00,7437.0,344.18175078164523
2024-06-26 10:11:26+08:00,7438.0,344.06645458577884
2024-06-26 10:11:27+08:00,7439.0,343.9955060949288
2024-06-26 10:11:28+08:00,7440.0,343.97132
2024-06-26 10:11:29+08:00,7441.0,343.99103575673195
2024-06-26 10:11:30+08:00,7442.0,344.04873177465834
2024-06-26 10:11:31+08:00,7443.0,344.1422311753747
2024-06-26 10:11:32+08:00,7444.0,344.2693570804768
2024-06-26 10:11:33+08:00,7445.0,344.4279326115605
2024-06-26 10:11:34+08:00,7446.0,344.61578089022123
2024-06-26 10:11:35+08:00,7447.0,344.8307250380547
2024-06-26 10:11:36+08:00,7448.0,345.07058817665677
2024-06-26 10:11:37+08:00,7449.0,345.333193427623
2024-06-26 10:11:38+08:00,7450.0,345.6163639125491
2024-06-26 10:11:39+08:00,7451.0,345.9179227530307
2024-06-26 10:11:40+08:00,7452.0,346.23569307066356
2024-06-26 10:11:41+08:00,7453.0,346.5674979870434
2024-06-26 10:11:42+08:00,7454.0,346.91116062376585
2024-06-26 10:11:43+08:00,7455.0,347.26450410242654
2024-06-26 10:11:44+08:00,7456.0,347.62535154462125
2024-06-26 10:11:45+08:00,7457.0,347.99152607194566
2024-06-26 10:11:46+08:00,7458.0,348.3608508059954
2024-06-26 10:11:47+08:00,7459.0,348.7311488683662
2024-06-26 10:11:48+08:00,7460.0,349.10024338065364
2024-06-26 10:11:49+08:00,7461.0,349.46595746445365
2024-06-26 10:11:50+08:00,7462.0,349.82611424136167
2024-06-26 10:11:51+08:00,7463.0,350.17853683297346
2024-06-26 10:11:52+08:00,7464.0,350.5210483608848
2024-06-26 10:11:53+08:00,7465.0,350.8514719466912
2024-06-26 10:11:54+08:00,7466.0,351.1676307119886
2024-06-26 10:11:55+08:00,7467.0,351.4673477783724
2024-06-26 10:11:56+08:00,7468.0,351.74844626743845
2024-06-26 10:11:57+08:00,7469.0,352.0087493007824
2024-06-26 10:11:58+08:00,7470.0,352.24608
2024-06-26 10:11:59+08:00,7471.0,352.46933525338136
2024-06-26 10:12:00+08:00,7472.0,352.68895952948526
2024-06-26 10:12:01+08:00,7473.0,352.9050973203103
2024-06-26 10:12:02+08:00,7474.0,353.11789311785515
2024-06-26 10:12:03+08:00,7475.0,353.32749141411824
2024-06-26 10:12:04+08:00,7476.0,353.5340367010982
2024-06-26 10:12:05+08:00,7477.0,353.73767347079365
2024-06-26 10:12:06+08:00,7478.0,353.9385462152032
2024-06-26 10:12:07+08:00,7479.0,354.13679942632535
2024-06-26 10:12:08+08:00,7480.0,354.3325775961588
2024-06-26 10:12:09+08:00,7481.0,354.52602521670195
2024-06-26 10:12:10+08:00,7482.0,354.7172867799535
2024-06-26 10:12:11+08:00,7483.0,354.9065067779121
2024-06-26 10:12:12+08:00,7484.0,355.0938297025762
2024-06-26 10:12:13+08:00,7485.0,355.27940004594444
2024-06-26 10:12:14+08:00,7486.0,355.4633623000153
2024-06-26 10:12:15+08:00,7487.0,355.6458609567876
2024-06-26 10:12:16+08:00,7488.0,355.82704050825976
2024-06-26 10:12:17+08:00,7489.0,356.0070454464303
2024-06-26 10:12:18+08:00,7490.0,356.18602026329796
2024-06-26 10:12:19+08:00,7491.0,356.3641094508613
2024-06-26 10:12:20+08:00,7492.0,356.5414575011187
2024-06-26 10:12:21+08:00,7493.0,356.718208906069
2024-06-26 10:12:22+08:00,7494.0,356.8945081577107
2024-06-26 10:12:23+08:00,7495.0,357.0704997480422
2024-06-26 10:12:24+08:00,7496.0,357.2463281690624
2024-06-26 10:12:25+08:00,7497.0,357.42213791276964
2024-06-26 10:12:26+08:00,7498.0,357.5980734711626
2024-06-26 10:12:27+08:00,7499.0,357.77427933623983
2024-06-26 10:12:28+08:00,7500.0,357.9509
2024-06-26 10:12:29+08:00,7501.0,358.1323462818429
2024-06-26 10:12:30+08:00,7502.0,358.32224921936427
2024-06-26 10:12:31+08:00,7503.0,358.5195836318556
2024-06-26 10:12:32+08:00,7504.0,358.72332433860885
2024-06-26 10:12:33+08:00,7505.0,358.9324461589157
2024-06-26 10:12:34+08:00,7506.0,359.14592391206816
2024-06-26 10:12:35+08:00,7507.0,359.36273241735773
2024-06-26 10:12:36+08:00,7508.0,359.58184649407633
2024-06-26 10:12:37+08:00,7509.0,359.80224096151574
2024-06-26 10:12:38+08:00,7510.0,360.02289063896774
2024-06-26 10:12:39+08:00,7511.0,360.24277034572407
2024-06-26 10:12:40+08:00,7512.0,360.46085490107663
2024-06-26 10:12:41+08:00,7513.0,360.6761191243171
2024-06-26 10:12:42+08:00,7514.0,360.8875378347374
2024-06-26 10:12:43+08:00,7515.0,361.094085851629
2024-06-26 10:12:44+08:00,7516.0,361.2947379942841
2024-06-26 10:12:45+08:00,7517.0,361.48846908199414
2024-06-26 10:12:46+08:00,7518.0,361.6742539340511
2024-06-26 10:12:47+08:00,7519.0,361.85106736974666
2024-06-26 10:12:48+08:00,7520.0,362.0178842083728
2024-06-26 10:12:49+08:00,7521.0,362.17367926922105
2024-06-26 10:12:50+08:00,7522.0,362.31742737158334
2024-06-26 10:12:51+08:00,7523.0,362.4481033347514
2024-06-26 10:12:52+08:00,7524.0,362.56468197801706
2024-06-26 10:12:53+08:00,7525.0,362.66613812067203
2024-06-26 10:12:54+08:00,7526.0,362.7514465820082
2024-06-26 10:12:55+08:00,7527.0,362.8195821813173
2024-06-26 10:12:56+08:00,7528.0,362.8695197378911
2024-06-26 10:12:57+08:00,7529.0,362.90023407102143
2024-06-26 10:12:58+08:00,7530.0,362.9107
2024-06-26 10:12:59+08:00,7531.0,362.90337253333337
2024-06-26 10:13:00+08:00,7532.0,362.8820562666667
2024-06-26 10:13:01+08:00,7533.0,362.8477504
2024-06-26 10:13:02+08:00,7534.0,362.8014541333333
2024-06-26 10:13:03+08:00,7535.0,362.74416666666673
2024-06-26 10:13:04+08:00,7536.0,362.6768872
2024-06-26 10:13:05+08:00,7537.0,362.60061493333336
2024-06-26 10:13:06+08:00,7538.0,362.5163490666667
2024-06-26 10:13:07+08:00,7539.0,362.4250888
2024-06-26 10:13:08+08:00,7540.0,362.3278333333334
2024-06-26 10:13:09+08:00,7541.0,362.2255818666667
2024-06-26 10:13:10+08:00,7542.0,362.1193336
2024-06-26 10:13:11+08:00,7543.0,362.01008773333336
2024-06-26 10:13:12+08:00,7544.0,361.8988434666667
2024-06-26 10:13:13+08:00,7545.0,361.7866
2024-06-26 10:13:14+08:00,7546.0,361.67435653333337
2024-06-26 10:13:15+08:00,7547.0,361.5631122666667
2024-06-26 10:13:16+08:00,7548.0,361.45386640000004
2024-06-26 10:13:17+08:00,7549.0,361.34761813333336
2024-06-26 10:13:18+08:00,7550.0,361.2453666666667
2024-06-26 10:13:19+08:00,7551.0,361.1481112
2024-06-26 10:13:20+08:00,7552.0,361.05685093333335
2024-06-26 10:13:21+08:00,7553.0,360.97258506666674
2024-06-26 10:13:22+08:00,7554.0,360.8963128
2024-06-26 10:13:23+08:00,7555.0,360.82903333333337
2024-06-26 10:13:24+08:00,7556.0,360.77174586666666
2024-06-26 10:13:25+08:00,7557.0,360.72544960000005
2024-06-26 10:13:26+08:00,7558.0,360.6911437333334
2024-06-26 10:13:27+08:00,7559.0,360.6698274666667
2024-06-26 10:13:28+08:00,7560.0,360.6625
2024-06-26 10:13:29+08:00,7561.0,360.6633532740741
2024-06-26 10:13:30+08:00,7562.0,360.66583552592596
2024-06-26 10:13:31+08:00,7563.0,360.6698304
2024-06-26 10:13:32+08:00,7564.0,360.6752215407408
2024-06-26 10:13:33+08:00,7565.0,360.6818925925926
2024-06-26 10:13:34+08:00,7566.0,360.6897272
2024-06-26 10:13:35+08:00,7567.0,360.6986090074074
2024-06-26 10:13:36+08:00,7568.0,360.70842165925933
2024-06-26 10:13:37+08:00,7569.0,360.71904880000005
2024-06-26 10:13:38+08:00,7570.0,360.7303740740741
2024-06-26 10:13:39+08:00,7571.0,360.74228112592596
2024-06-26 10:13:40+08:00,7572.0,360.7546536
2024-06-26 10:13:41+08:00,7573.0,360.76737514074074
2024-06-26 10:13:42+08:00,7574.0,360.7803293925926
2024-06-26 10:13:43+08:00,7575.0,360.7934
2024-06-26 10:13:44+08:00,7576.0,360.80647060740745
2024-06-26 10:13:45+08:00,7577.0,360.8194248592593
2024-06-26 10:13:46+08:00,7578.0,360.8321464
2024-06-26 10:13:47+08:00,7579.0,360.8445188740741
2024-06-26 10:13:48+08:00,7580.0,360.8564259259259
2024-06-26 10:13:49+08:00,7581.0,360.8677512
2024-06-26 10:13:50+08:00,7582.0,360.87837834074077
2024-06-26 10:13:51+08:00,7583.0,360.8881909925926
2024-06-26 10:13:52+08:00,7584.0,360.89707280000005
2024-06-26 10:13:53+08:00,7585.0,360.90490740740745
2024-06-26 10:13:54+08:00,7586.0,360.9115784592593
2024-06-26 10:13:55+08:00,7587.0,360.9169696
2024-06-26 10:13:56+08:00,7588.0,360.9209644740741
2024-06-26 10:13:57+08:00,7589.0,360.92344672592594
2024-06-26 10:13:58+08:00,7590.0,360.9243
2024-06-26 10:13:59+08:00,7591.0,360.91067776296296
2024-06-26 10:14:00+08:00,7592.0,360.8710494370371
2024-06-26 10:14:01+08:00,7593.0,360.80727260000003
2024-06-26 10:14:02+08:00,7594.0,360.72120482962964
2024-06-26 10:14:03+08:00,7595.0,360.6147037037037
2024-06-26 10:14:04+08:00,7596.0,360.4896268
2024-06-26 10:14:05+08:00,7597.0,360.34783169629634
2024-06-26 10:14:06+08:00,7598.0,360.1911759703704
2024-06-26 10:14:07+08:00,7599.0,360.0215172
2024-06-26 10:14:08+08:00,7600.0,359.840712962963
2024-06-26 10:14:09+08:00,7601.0,359.6506208370371
2024-06-26 10:14:10+08:00,7602.0,359.4530984
2024-06-26 10:14:11+08:00,7603.0,359.2500032296296
2024-06-26 10:14:12+08:00,7604.0,359.0431929037037
2024-06-26 10:14:13+08:00,7605.0,358.83452500000004
2024-06-26 10:14:14+08:00,7606.0,358.62585709629633
2024-06-26 10:14:15+08:00,7607.0,358.4190467703704
2024-06-26 10:14:16+08:00,7608.0,358.21595160000004
2024-06-26 10:14:17+08:00,7609.0,358.01842916296295
2024-06-26 10:14:18+08:00,7610.0,357.82833703703704
2024-06-26 10:14:19+08:00,7611.0,357.6475328
2024-06-26 10:14:20+08:00,7612.0,357.4778740296296
2024-06-26 10:14:21+08:00,7613.0,357.32121830370374
2024-06-26 10:14:22+08:00,7614.0,357.17942320000003
2024-06-26 10:14:23+08:00,7615.0,357.05434629629633
2024-06-26 10:14:24+08:00,7616.0,356.94784517037033
2024-06-26 10:14:25+08:00,7617.0,356.8617774
2024-06-26 10:14:26+08:00,7618.0,356.79800056296295
2024-06-26 10:14:27+08:00,7619.0,356.75837223703707
2024-06-26 10:14:28+08:00,7620.0,356.74475
2024-06-26 10:14:29+08:00,7621.0,356.7693311703704
2024-06-26 10:14:30+08:00,7622.0,356.8408400296296
2024-06-26 10:14:31+08:00,7623.0,356.9559246
2024-06-26 10:14:32+08:00,7624.0,357.11123290370375
2024-06-26 10:14:33+08:00,7625.0,357.30341296296297
2024-06-26 10:14:34+08:00,7626.0,357.5291128
2024-06-26 10:14:35+08:00,7627.0,357.78498043703706
2024-06-26 10:14:36+08:00,7628.0,358.0676638962963
2024-06-26 10:14:37+08:00,7629.0,358.3738112
2024-06-26 10:14:38+08:00,7630.0,358.7000703703704
2024-06-26 10:14:39+08:00,7631.0,359.0430894296297
2024-06-26 10:14:40+08:00,7632.0,359.39951640000004
2024-06-26 10:14:41+08:00,7633.0,359.7659993037037
2024-06-26 10:14:42+08:00,7634.0,360.139186162963
2024-06-26 10:14:43+08:00,7635.0,360.515725
2024-06-26 10:14:44+08:00,7636.0,360.89226383703704
2024-06-26 10:14:45+08:00,7637.0,361.2654506962963
2024-06-26 10:14:46+08:00,7638.0,361.6319336
2024-06-26 10:14:47+08:00,7639.0,361.98836057037033
2024-06-26 10:14:48+08:00,7640.0,362.3313796296296
2024-06-26 10:14:49+08:00,7641.0,362.6576388
2024-06-26 10:14:50+08:00,7642.0,362.9637861037037
2024-06-26 10:14:51+08:00,7643.0,363.246469562963
2024-06-26 10:14:52+08:00,7644.0,363.5023372
2024-06-26 10:14:53+08:00,7645.0,363.72803703703704
2024-06-26 10:14:54+08:00,7646.0,363.92021709629626
2024-06-26 10:14:55+08:00,7647.0,364.0755254
2024-06-26 10:14:56+08:00,7648.0,364.19060997037036
2024-06-26 10:14:57+08:00,7649.0,364.2621188296296
2024-06-26 10:14:58+08:00,7650.0,364.2867
2024-06-26 10:14:59+08:00,7651.0,364.24347583407405
2024-06-26 10:15:00+08:00,7652.0,364.1177328059259
2024-06-26 10:15:01+08:00,7653.0,363.91536512
2024-06-26 10:15:02+08:00,7654.0,363.6422669807407
2024-06-26 10:15:03+08:00,7655.0,363.3043325925926
2024-06-26 10:15:04+08:00,7656.0,362.90745616000004
2024-06-26 10:15:05+08:00,7657.0,362.4575318874074
2024-06-26 10:15:06+08:00,7658.0,361.9604539792593
2024-06-26 10:15:07+08:00,7659.0,361.42211664
2024-06-26 10:15:08+08:00,7660.0,360.84841407407407
2024-06-26 10:15:09+08:00,7661.0,360.24524048592593
2024-06-26 10:15:10+08:00,7662.0,359.61849008
2024-06-26 10:15:11+08:00,7663.0,358.97405706074073
2024-06-26 10:15:12+08:00,7664.0,358.31783563259256
2024-06-26 10:15:13+08:00,7665.0,357.65572000000003
2024-06-26 10:15:14+08:00,7666.0,356.99360436740744
2024-06-26 10:15:15+08:00,7667.0,356.3373829392592
2024-06-26 10:15:16+08:00,7668.0,355.69294992000005
2024-06-26 10:15:17+08:00,7669.0,355.06619951407407
2024-06-26 10:15:18+08:00,7670.0,354.46302592592593
2024-06-26 10:15:19+08:00,7671.0,353.88932336000005
2024-06-26 10:15:20+08:00,7672.0,353.3509860207407
2024-06-26 10:15:21+08:00,7673.0,352.8539081125926
2024-06-26 10:15:22+08:00,7674.0,352.40398383999997
2024-06-26 10:15:23+08:00,7675.0,352.00710740740743
2024-06-26 10:15:24+08:00,7676.0,351.6691730192593
2024-06-26 10:15:25+08:00,7677.0,351.39607488
2024-06-26 10:15:26+08:00,7678.0,351.19370719407414
2024-06-26 10:15:27+08:00,7679.0,351.06796416592596
2024-06-26 10:15:28+08:00,7680.0,351.02474
2024-06-26 10:15:29+08:00,7681.0,351.04010010666667
2024-06-26 10:15:30+08:00,7682.0,351.08478405333335
2024-06-26 10:15:31+08:00,7683.0,351.15669728
2024-06-26 10:15:32+08:00,7684.0,351.2537452266667
2024-06-26 10:15:33+08:00,7685.0,351.3738333333333
2024-06-26 10:15:34+08:00,7686.0,351.51486704
2024-06-26 10:15:35+08:00,7687.0,351.67475178666666
2024-06-26 10:15:36+08:00,7688.0,351.85139301333334
2024-06-26 10:15:37+08:00,7689.0,352.04269616
2024-06-26 10:15:38+08:00,7690.0,352.2465666666667
2024-06-26 10:15:39+08:00,7691.0,352.46090997333334
2024-06-26 10:15:40+08:00,7692.0,352.68363152
2024-06-26 10:15:41+08:00,7693.0,352.9126367466667
2024-06-26 10:15:42+08:00,7694.0,353.14583109333336
2024-06-26 10:15:43+08:00,7695.0,353.38112
2024-06-26 10:15:44+08:00,7696.0,353.6164089066667
2024-06-26 10:15:45+08:00,7697.0,353.8496032533334
2024-06-26 10:15:46+08:00,7698.0,354.07860848
2024-06-26 10:15:47+08:00,7699.0,354.3013300266667
2024-06-26 10:15:48+08:00,7700.0,354.5156733333333
2024-06-26 10:15:49+08:00,7701.0,354.71954384000003
2024-06-26 10:15:50+08:00,7702.0,354.9108469866667
2024-06-26 10:15:51+08:00,7703.0,355.08748821333336
2024-06-26 10:15:52+08:00,7704.0,355.24737296
2024-06-26 10:15:53+08:00,7705.0,355.38840666666664
2024-06-26 10:15:54+08:00,7706.0,355.5084947733333
2024-06-26 10:15:55+08:00,7707.0,355.60554272
2024-06-26 10:15:56+08:00,7708.0,355.67745594666667
2024-06-26 10:15:57+08:00,7709.0,355.72213989333335
2024-06-26 10:15:58+08:00,7710.0,355.7375
2024-06-26 10:15:59+08:00,7711.0,355.7345270110976
2024-06-26 10:16:00+08:00,7712.0,355.72573497159533
2024-06-26 10:16:01+08:00,7713.0,355.7113142723006
2024-06-26 10:16:02+08:00,7714.0,355.6914553040208
2024-06-26 10:16:03+08:00,7715.0,355.66634845756334
2024-06-26 10:16:04+08:00,7716.0,355.6361841237356
2024-06-26 10:16:05+08:00,7717.0,355.60115269334483
2024-06-26 10:16:06+08:00,7718.0,355.5614445571986
2024-06-26 10:16:07+08:00,7719.0,355.51725010610426
2024-06-26 10:16:08+08:00,7720.0,355.4687597308693
2024-06-26 10:16:09+08:00,7721.0,355.41616382230086
2024-06-26 10:16:10+08:00,7722.0,355.3596527712065
2024-06-26 10:16:11+08:00,7723.0,355.2994169683937
2024-06-26 10:16:12+08:00,7724.0,355.2356468046696
2024-06-26 10:16:13+08:00,7725.0,355.16853267084184
2024-06-26 10:16:14+08:00,7726.0,355.0982649577177
2024-06-26 10:16:15+08:00,7727.0,355.0250340561046
2024-06-26 10:16:16+08:00,7728.0,354.9490303568098
2024-06-26 10:16:17+08:00,7729.0,354.8704442506409
2024-06-26 10:16:18+08:00,7730.0,354.78946612840514
2024-06-26 10:16:19+08:00,7731.0,354.70628638091
2024-06-26 10:16:20+08:00,7732.0,354.62109539896284
2024-06-26 10:16:21+08:00,7733.0,354.53408357337105
2024-06-26 10:16:22+08:00,7734.0,354.4454412949421
2024-06-26 10:16:23+08:00,7735.0,354.3553589544832
2024-06-26 10:16:24+08:00,7736.0,354.2640269428019
2024-06-26 10:16:25+08:00,7737.0,354.1716356507055
2024-06-26 10:16:26+08:00,7738.0,354.0783754690015
2024-06-26 10:16:27+08:00,7739.0,353.9844367884972
2024-06-26 10:16:28+08:00,7740.0,353.89001
2024-06-26 10:16:29+08:00,7741.0,353.7816571463176
2024-06-26 10:16:30+08:00,7742.0,353.6472062761837
2024-06-26 10:16:31+08:00,7743.0,353.48874678929457
2024-06-26 10:16:32+08:00,7744.0,353.30836808534633
2024-06-26 10:16:33+08:00,7745.0,353.1081595640353
2024-06-26 10:16:34+08:00,7746.0,352.890210625058
2024-06-26 10:16:35+08:00,7747.0,352.65661066811043
2024-06-26 10:16:36+08:00,7748.0,352.409449092889
2024-06-26 10:16:37+08:00,7749.0,352.15081529908997
2024-06-26 10:16:38+08:00,7750.0,351.88279868640967
2024-06-26 10:16:39+08:00,7751.0,351.60748865454434
2024-06-26 10:16:40+08:00,7752.0,351.3269746031902
2024-06-26 10:16:41+08:00,7753.0,351.0433459320436
2024-06-26 10:16:42+08:00,7754.0,350.75869204080084
2024-06-26 10:16:43+08:00,7755.0,350.4751023291582
2024-06-26 10:16:44+08:00,7756.0,350.19466619681185
2024-06-26 10:16:45+08:00,7757.0,349.9194730434582
2024-06-26 10:16:46+08:00,7758.0,349.6516122687935
2024-06-26 10:16:47+08:00,7759.0,349.39317327251393
2024-06-26 10:16:48+08:00,7760.0,349.146245454316
2024-06-26 10:16:49+08:00,7761.0,348.9129182138957
2024-06-26 10:16:50+08:00,7762.0,348.69528095094955
2024-06-26 10:16:51+08:00,7763.0,348.4954230651737
2024-06-26 10:16:52+08:00,7764.0,348.3154339562644
2024-06-26 10:16:53+08:00,7765.0,348.1574030239181
2024-06-26 10:16:54+08:00,7766.0,348.023419667831
2024-06-26 10:16:55+08:00,7767.0,347.91557328769943
2024-06-26 10:16:56+08:00,7768.0,347.83595328321945
2024-06-26 10:16:57+08:00,7769.0,347.78664905408755
2024-06-26 10:16:58+08:00,7770.0,347.76975
2024-06-26 10:16:59+08:00,7771.0,347.773364097527
2024-06-26 10:17:00+08:00,7772.0,347.7840620532845
2024-06-26 10:17:01+08:00,7773.0,347.801627362037
2024-06-26 10:17:02+08:00,7774.0,347.82584351854894
2024-06-26 10:17:03+08:00,7775.0,347.85649401758496
2024-06-26 10:17:04+08:00,7776.0,347.8933623539094
2024-06-26 10:17:05+08:00,7777.0,347.9362320222869
2024-06-26 10:17:06+08:00,7778.0,347.984886517482
2024-06-26 10:17:07+08:00,7779.0,348.0391093342592
2024-06-26 10:17:08+08:00,7780.0,348.0986839673829
2024-06-26 10:17:09+08:00,7781.0,348.1633939116178
2024-06-26 10:17:10+08:00,7782.0,348.2330226617283
2024-06-26 10:17:11+08:00,7783.0,348.3073537124789
2024-06-26 10:17:12+08:00,7784.0,348.3861705586342
2024-06-26 10:17:13+08:00,7785.0,348.4692566949587
2024-06-26 10:17:14+08:00,7786.0,348.5563956162169
2024-06-26 10:17:15+08:00,7787.0,348.6473708171733
2024-06-26 10:17:16+08:00,7788.0,348.74196579259245
2024-06-26 10:17:17+08:00,7789.0,348.8399640372388
2024-06-26 10:17:18+08:00,7790.0,348.941149045877
2024-06-26 10:17:19+08:00,7791.0,349.04530431327146
2024-06-26 10:17:20+08:00,7792.0,349.1522133341867
2024-06-26 10:17:21+08:00,7793.0,349.26165960338733
2024-06-26 10:17:22+08:00,7794.0,349.3734266156377
2024-06-26 10:17:23+08:00,7795.0,349.48729786570254
2024-06-26 10:17:24+08:00,7796.0,349.6030568483462
2024-06-26 10:17:25+08:00,7797.0,349.7204870583333
2024-06-26 10:17:26+08:00,7798.0,349.8393719904282
2024-06-26 10:17:27+08:00,7799.0,349.95949513939564
2024-06-26 10:17:28+08:00,7800.0,350.08064
2024-06-26 10:17:29+08:00,7801.0,350.2142082278389
2024-06-26 10:17:30+08:00,7802.0,350.3708596608072
2024-06-26 10:17:31+08:00,7803.0,350.54926506711496
2024-06-26 10:17:32+08:00,7804.0,350.7480952149726
2024-06-26 10:17:33+08:00,7805.0,350.9660208725902
2024-06-26 10:17:34+08:00,7806.0,351.2017128081781
2024-06-26 10:17:35+08:00,7807.0,351.4538417899465
2024-06-26 10:17:36+08:00,7808.0,351.7210785861057
2024-06-26 10:17:37+08:00,7809.0,352.00209396486594
2024-06-26 10:17:38+08:00,7810.0,352.2955586944374
2024-06-26 10:17:39+08:00,7811.0,352.6001435430303
2024-06-26 10:17:40+08:00,7812.0,352.9145192788549
2024-06-26 10:17:41+08:00,7813.0,353.2373566701216
2024-06-26 10:17:42+08:00,7814.0,353.5673264850404
2024-06-26 10:17:43+08:00,7815.0,353.9030994918217
2024-06-26 10:17:44+08:00,7816.0,354.2433464586757
2024-06-26 10:17:45+08:00,7817.0,354.58673815381263
2024-06-26 10:17:46+08:00,7818.0,354.9319453454428
2024-06-26 10:17:47+08:00,7819.0,355.2776388017763
2024-06-26 10:17:48+08:00,7820.0,355.6224892910235
2024-06-26 10:17:49+08:00,7821.0,355.9651675813946
2024-06-26 10:17:50+08:00,7822.0,356.30434444109983
2024-06-26 10:17:51+08:00,7823.0,356.63869063834943
2024-06-26 10:17:52+08:00,7824.0,356.9668769413537
2024-06-26 10:17:53+08:00,7825.0,357.2875741183229
2024-06-26 10:17:54+08:00,7826.0,357.5994529374671
2024-06-26 10:17:55+08:00,7827.0,357.9011841669967
2024-06-26 10:17:56+08:00,7828.0,358.19143857512194
2024-06-26 10:17:57+08:00,7829.0,358.468886930053
2024-06-26 10:17:58+08:00,7830.0,358.73220000000003
2024-06-26 10:17:59+08:00,7831.0,358.9900203272593
2024-06-26 10:18:00+08:00,7832.0,359.25147887534024
2024-06-26 10:18:01+08:00,7833.0,359.51597904427376
2024-06-26 10:18:02+08:00,7834.0,359.78292423409056
2024-06-26 10:18:03+08:00,7835.0,360.0517178448212
2024-06-26 10:18:04+08:00,7836.0,360.32176327649665
2024-06-26 10:18:05+08:00,7837.0,360.59246392914747
2024-06-26 10:18:06+08:00,7838.0,360.8632232028044
2024-06-26 10:18:07+08:00,7839.0,361.1334444974982
2024-06-26 10:18:08+08:00,7840.0,361.40253121325964
2024-06-26 10:18:09+08:00,7841.0,361.66988675011936
2024-06-26 10:18:10+08:00,7842.0,361.93491450810814
2024-06-26 10:18:11+08:00,7843.0,362.1970178872567
2024-06-26 10:18:12+08:00,7844.0,362.4556002875958
2024-06-26 10:18:13+08:00,7845.0,362.710065109156
2024-06-26 10:18:14+08:00,7846.0,362.9598157519683
2024-06-26 10:18:15+08:00,7847.0,363.20425561606316
2024-06-26 10:18:16+08:00,7848.0,363.44278810147136
2024-06-26 10:18:17+08:00,7849.0,363.6748166082238
2024-06-26 10:18:18+08:00,7850.0,363.8997445363511
2024-06-26 10:18:19+08:00,7851.0,364.11697528588394
2024-06-26 10:18:20+08:00,7852.0,364.32591225685303
2024-06-26 10:18:21+08:00,7853.0,364.52595884928917
2024-06-26 10:18:22+08:00,7854.0,364.7165184632231
2024-06-26 10:18:23+08:00,7855.0,364.89699449868544
2024-06-26 10:18:24+08:00,7856.0,365.0667903557071
2024-06-26 10:18:25+08:00,7857.0,365.2253094343186
2024-06-26 10:18:26+08:00,7858.0,365.3719551345508
2024-06-26 10:18:27+08:00,7859.0,365.50613085643437
2024-06-26 10:18:28+08:00,7860.0,365.62724000000003
2024-06-26 10:18:29+08:00,7861.0,365.7380306577816
2024-06-26 10:18:30+08:00,7862.0,365.8419674828041
2024-06-26 10:18:31+08:00,7863.0,365.9395287158353
2024-06-26 10:18:32+08:00,7864.0,366.0311925976428
2024-06-26 10:18:33+08:00,7865.0,366.11743736899433
2024-06-26 10:18:34+08:00,7866.0,366.1987412706574
2024-06-26 10:18:35+08:00,7867.0,366.2755825433999
2024-06-26 10:18:36+08:00,7868.0,366.3484394279893
2024-06-26 10:18:37+08:00,7869.0,366.41779016519337
2024-06-26 10:18:38+08:00,7870.0,366.48411299577975
2024-06-26 10:18:39+08:00,7871.0,366.54788616051616
2024-06-26 10:18:40+08:00,7872.0,366.60958790017014
2024-06-26 10:18:41+08:00,7873.0,366.6696964555095
2024-06-26 10:18:42+08:00,7874.0,366.7286900673018
2024-06-26 10:18:43+08:00,7875.0,366.78704697631474
2024-06-26 10:18:44+08:00,7876.0,366.845245423316
2024-06-26 10:18:45+08:00,7877.0,366.9037636490732
2024-06-26 10:18:46+08:00,7878.0,366.96307989435417
2024-06-26 10:18:47+08:00,7879.0,367.02367239992634
2024-06-26 10:18:48+08:00,7880.0,367.0860194065575
2024-06-26 10:18:49+08:00,7881.0,367.15059915501536
2024-06-26 10:18:50+08:00,7882.0,367.2178898860675
2024-06-26 10:18:51+08:00,7883.0,367.2883698404816
2024-06-26 10:18:52+08:00,7884.0,367.3625172590255
2024-06-26 10:18:53+08:00,7885.0,367.4408103824665
2024-06-26 10:18:54+08:00,7886.0,367.5237274515726
2024-06-26 10:18:55+08:00,7887.0,367.6117467071113
2024-06-26 10:18:56+08:00,7888.0,367.7053463898503
2024-06-26 10:18:57+08:00,7889.0,367.80500474055737
2024-06-26 10:18:58+08:00,7890.0,367.9112
2024-06-26 10:18:59+08:00,7891.0,368.03277414756644
2024-06-26 10:19:00+08:00,7892.0,368.17699778344013
2024-06-26 10:19:01+08:00,7893.0,368.3419920795813
2024-06-26 10:19:02+08:00,7894.0,368.52587820795054
2024-06-26 10:19:03+08:00,7895.0,368.72677734050825
2024-06-26 10:19:04+08:00,7896.0,368.94281064921495
2024-06-26 10:19:05+08:00,7897.0,369.17209930603093
2024-06-26 10:19:06+08:00,7898.0,369.41276448291666
2024-06-26 10:19:07+08:00,7899.0,369.66292735183276
2024-06-26 10:19:08+08:00,7900.0,369.9207090847395
2024-06-26 10:19:09+08:00,7901.0,370.18423085359734
2024-06-26 10:19:10+08:00,7902.0,370.45161383036674
2024-06-26 10:19:11+08:00,7903.0,370.72097918700814
2024-06-26 10:19:12+08:00,7904.0,370.9904480954821
2024-06-26 10:19:13+08:00,7905.0,371.2581417277489
2024-06-26 10:19:14+08:00,7906.0,371.5221812557691
2024-06-26 10:19:15+08:00,7907.0,371.780687851503
2024-06-26 10:19:16+08:00,7908.0,372.0317826869112
2024-06-26 10:19:17+08:00,7909.0,372.273586933954
2024-06-26 10:19:18+08:00,7910.0,372.50422176459193
2024-06-26 10:19:19+08:00,7911.0,372.7218083507855
2024-06-26 10:19:20+08:00,7912.0,372.92446786449494
2024-06-26 10:19:21+08:00,7913.0,373.11032147768094
2024-06-26 10:19:22+08:00,7914.0,373.27749036230375
2024-06-26 10:19:23+08:00,7915.0,373.42409569032384
2024-06-26 10:19:24+08:00,7916.0,373.5482586337018
2024-06-26 10:19:25+08:00,7917.0,373.6481003643979
2024-06-26 10:19:26+08:00,7918.0,373.7217420543727
2024-06-26 10:19:27+08:00,7919.0,373.7673048755866
2024-06-26 10:19:28+08:00,7920.0,373.78291
2024-06-26 10:19:29+08:00,7921.0,373.6991115111111
2024-06-26 10:19:30+08:00,7922.0,373.45533408888895
2024-06-26 10:19:31+08:00,7923.0,373.06300480000004
2024-06-26 10:19:32+08:00,7924.0,372.53355071111116
2024-06-26 10:19:33+08:00,7925.0,371.8783988888889
2024-06-26 10:19:34+08:00,7926.0,371.1089764
2024-06-26 10:19:35+08:00,7927.0,370.2367103111111
2024-06-26 10:19:36+08:00,7928.0,369.2730276888889
2024-06-26 10:19:37+08:00,7929.0,368.22935559999996
2024-06-26 10:19:38+08:00,7930.0,367.1171211111111
2024-06-26 10:19:39+08:00,7931.0,365.94775128888887
2024-06-26 10:19:40+08:00,7932.0,364.7326732
2024-06-26 10:19:41+08:00,7933.0,363.4833139111111
2024-06-26 10:19:42+08:00,7934.0,362.21110048888886
2024-06-26 10:19:43+08:00,7935.0,360.92746
2024-06-26 10:19:44+08:00,7936.0,359.64381951111113
2024-06-26 10:19:45+08:00,7937.0,358.3716060888889
2024-06-26 10:19:46+08:00,7938.0,357.12224679999997
2024-06-26 10:19:47+08:00,7939.0,355.90716871111107
2024-06-26 10:19:48+08:00,7940.0,354.73779888888885
2024-06-26 10:19:49+08:00,7941.0,353.6255644
2024-06-26 10:19:50+08:00,7942.0,352.5818923111111
2024-06-26 10:19:51+08:00,7943.0,351.6182096888889
2024-06-26 10:19:52+08:00,7944.0,350.7459436
2024-06-26 10:19:53+08:00,7945.0,349.9765211111111
2024-06-26 10:19:54+08:00,7946.0,349.32136928888883
2024-06-26 10:19:55+08:00,7947.0,348.79191519999995
2024-06-26 10:19:56+08:00,7948.0,348.3995859111111
2024-06-26 10:19:57+08:00,7949.0,348.15580848888885
2024-06-26 10:19:58+08:00,7950.0,348.07201
2024-06-26 10:19:59+08:00,7951.0,348.1074625274074
2024-06-26 10:20:00+08:00,7952.0,348.2105971525926
2024-06-26 10:20:01+08:00,7953.0,348.37657943999994
2024-06-26 10:20:02+08:00,7954.0,348.6005749540741
2024-06-26 10:20:03+08:00,7955.0,348.87774925925925
2024-06-26 10:20:04+08:00,7956.0,349.20326792
2024-06-26 10:20:05+08:00,7957.0,349.5722965007407
2024-06-26 10:20:06+08:00,7958.0,349.9800005659259
2024-06-26 10:20:07+08:00,7959.0,350.42154568
2024-06-26 10:20:08+08:00,7960.0,350.8920974074074
2024-06-26 10:20:09+08:00,7961.0,351.3868213125926
2024-06-26 10:20:10+08:00,7962.0,351.90088296
2024-06-26 10:20:11+08:00,7963.0,352.42944791407405
2024-06-26 10:20:12+08:00,7964.0,352.96768173925926
2024-06-26 10:20:13+08:00,7965.0,353.51075
2024-06-26 10:20:14+08:00,7966.0,354.05381826074074
2024-06-26 10:20:15+08:00,7967.0,354.5920520859259
2024-06-26 10:20:16+08:00,7968.0,355.12061704
2024-06-26 10:20:17+08:00,7969.0,355.6346786874074
2024-06-26 10:20:18+08:00,7970.0,356.1294025925926
2024-06-26 10:20:19+08:00,7971.0,356.59995432
2024-06-26 10:20:20+08:00,7972.0,357.04149943407407
2024-06-26 10:20:21+08:00,7973.0,357.4492034992592
2024-06-26 10:20:22+08:00,7974.0,357.81823208000003
2024-06-26 10:20:23+08:00,7975.0,358.14375074074076
2024-06-26 10:20:24+08:00,7976.0,358.42092504592597
2024-06-26 10:20:25+08:00,7977.0,358.64492056
2024-06-26 10:20:26+08:00,7978.0,358.8109028474074
2024-06-26 10:20:27+08:00,7979.0,358.9140374725926
2024-06-26 10:20:28+08:00,7980.0,358.94949
2024-06-26 10:20:29+08:00,7981.0,358.91353841481487
2024-06-26 10:20:30+08:00,7982.0,358.8089519851852
2024-06-26 10:20:31+08:00,7983.0,358.6406332
2024-06-26 10:20:32+08:00,7984.0,358.4134845481482
2024-06-26 10:20:33+08:00,7985.0,358.13240851851856
2024-06-26 10:20:34+08:00,7986.0,357.80230760000006
2024-06-26 10:20:35+08:00,7987.0,357.4280842814815
2024-06-26 10:20:36+08:00,7988.0,357.0146410518519
2024-06-26 10:20:37+08:00,7989.0,356.56688040000006
2024-06-26 10:20:38+08:00,7990.0,356.0897048148148
2024-06-26 10:20:39+08:00,7991.0,355.58801678518523
2024-06-26 10:20:40+08:00,7992.0,355.0667188
2024-06-26 10:20:41+08:00,7993.0,354.53071334814814
2024-06-26 10:20:42+08:00,7994.0,353.9849029185185
2024-06-26 10:20:43+08:00,7995.0,353.43419000000006
2024-06-26 10:20:44+08:00,7996.0,352.8834770814815
2024-06-26 10:20:45+08:00,7997.0,352.33766665185186
2024-06-26 10:20:46+08:00,7998.0,351.8016612
2024-06-26 10:20:47+08:00,7999.0,351.2803632148148
2024-06-26 10:20:48+08:00,8000.0,350.7786751851852
2024-06-26 10:20:49+08:00,8001.0,350.30149960000006
2024-06-26 10:20:50+08:00,8002.0,349.85373894814813
2024-06-26 10:20:51+08:00,8003.0,349.44029571851854
2024-06-26 10:20:52+08:00,8004.0,349.06607240000005
2024-06-26 10:20:53+08:00,8005.0,348.7359714814815
2024-06-26 10:20:54+08:00,8006.0,348.4548954518519
2024-06-26 10:20:55+08:00,8007.0,348.22774680000003
2024-06-26 10:20:56+08:00,8008.0,348.0594280148149
2024-06-26 10:20:57+08:00,8009.0,347.95484158518525
2024-06-26 10:20:58+08:00,8010.0,347.91889000000003
2024-06-26 10:20:59+08:00,8011.0,347.9789280325926
2024-06-26 10:21:00+08:00,8012.0,348.15358412740744
2024-06-26 10:21:01+08:00,8013.0,348.43467128000003
2024-06-26 10:21:02+08:00,8014.0,348.8140024859259
2024-06-26 10:21:03+08:00,8015.0,349.28339074074074
2024-06-26 10:21:04+08:00,8016.0,349.83464904
2024-06-26 10:21:05+08:00,8017.0,350.4595903792593
2024-06-26 10:21:06+08:00,8018.0,351.1500277540741
2024-06-26 10:21:07+08:00,8019.0,351.89777416000004
2024-06-26 10:21:08+08:00,8020.0,352.6946425925926
2024-06-26 10:21:09+08:00,8021.0,353.53244604740746
2024-06-26 10:21:10+08:00,8022.0,354.40299752
2024-06-26 10:21:11+08:00,8023.0,355.298110005926
2024-06-26 10:21:12+08:00,8024.0,356.20959650074076
2024-06-26 10:21:13+08:00,8025.0,357.12927
2024-06-26 10:21:14+08:00,8026.0,358.0489434992593
2024-06-26 10:21:15+08:00,8027.0,358.9604299940741
2024-06-26 10:21:16+08:00,8028.0,359.85554248
2024-06-26 10:21:17+08:00,8029.0,360.72609395259263
2024-06-26 10:21:18+08:00,8030.0,361.5638974074074
2024-06-26 10:21:19+08:00,8031.0,362.36076584
2024-06-26 10:21:20+08:00,8032.0,363.1085122459259
2024-06-26 10:21:21+08:00,8033.0,363.79894962074076
2024-06-26 10:21:22+08:00,8034.0,364.42389096
2024-06-26 10:21:23+08:00,8035.0,364.97514925925924
2024-06-26 10:21:24+08:00,8036.0,365.44453751407406
2024-06-26 10:21:25+08:00,8037.0,365.82386872
2024-06-26 10:21:26+08:00,8038.0,366.1049558725926
2024-06-26 10:21:27+08:00,8039.0,366.2796119674074
2024-06-26 10:21:28+08:00,8040.0,366.33965
2024-06-26 10:21:29+08:00,8041.0,366.3173449188191
2024-06-26 10:21:30+08:00,8042.0,366.25083939375344
2024-06-26 10:21:31+08:00,8043.0,366.14074800251854
2024-06-26 10:21:32+08:00,8044.0,365.98768532283003
2024-06-26 10:21:33+08:00,8045.0,365.79226593240355
2024-06-26 10:21:34+08:00,8046.0,365.55510440895466
2024-06-26 10:21:35+08:00,8047.0,365.276815330199
2024-06-26 10:21:36+08:00,8048.0,364.95801327385203
2024-06-26 10:21:37+08:00,8049.0,364.5993128176295
2024-06-26 10:21:38+08:00,8050.0,364.2013285392469
2024-06-26 10:21:39+08:00,8051.0,363.76467501641986
2024-06-26 10:21:40+08:00,8052.0,363.289966826864
2024-06-26 10:21:41+08:00,8053.0,362.7778185482948
2024-06-26 10:21:42+08:00,8054.0,362.22884475842807
2024-06-26 10:21:43+08:00,8055.0,361.6436600349791
2024-06-26 10:21:44+08:00,8056.0,361.02287895566377
2024-06-26 10:21:45+08:00,8057.0,360.3671160981975
2024-06-26 10:21:46+08:00,8058.0,359.67698604029596
2024-06-26 10:21:47+08:00,8059.0,358.9531033596747
2024-06-26 10:21:48+08:00,8060.0,358.19608263404933
2024-06-26 10:21:49+08:00,8061.0,357.40653844113547
2024-06-26 10:21:50+08:00,8062.0,356.58508535864866
2024-06-26 10:21:51+08:00,8063.0,355.7323379643045
2024-06-26 10:21:52+08:00,8064.0,354.84891083581863
2024-06-26 10:21:53+08:00,8065.0,353.9354185509066
2024-06-26 10:21:54+08:00,8066.0,352.992475687284
2024-06-26 10:21:55+08:00,8067.0,352.0206968226665
2024-06-26 10:21:56+08:00,8068.0,351.0206965347695
2024-06-26 10:21:57+08:00,8069.0,349.99308940130885
2024-06-26 10:21:58+08:00,8070.0,348.93849
2024-06-26 10:21:59+08:00,8071.0,347.2836199142467
2024-06-26 10:22:00+08:00,8072.0,344.50977078967486
2024-06-26 10:22:01+08:00,8073.0,340.6994122973335
2024-06-26 10:22:02+08:00,8074.0,335.93501410827156
2024-06-26 10:22:03+08:00,8075.0,330.2990458935379
2024-06-26 10:22:04+08:00,8076.0,323.87397732418134
2024-06-26 10:22:05+08:00,8077.0,316.74227807125106
2024-06-26 10:22:06+08:00,8078.0,308.9864178057958
2024-06-26 10:22:07+08:00,8079.0,300.68886619886456
2024-06-26 10:22:08+08:00,8080.0,291.9320929215062
2024-06-26 10:22:09+08:00,8081.0,282.7985676447697
2024-06-26 10:22:10+08:00,8082.0,273.37076003970407
2024-06-26 10:22:11+08:00,8083.0,263.73113977735807
2024-06-26 10:22:12+08:00,8084.0,253.96217652878067
2024-06-26 10:22:13+08:00,8085.0,244.14633996502087
2024-06-26 10:22:14+08:00,8086.0,234.36609975712756
2024-06-26 10:22:15+08:00,8087.0,224.70392557614957
2024-06-26 10:22:16+08:00,8088.0,215.24228709313604
2024-06-26 10:22:17+08:00,8089.0,206.06365397913567
2024-06-26 10:22:18+08:00,8090.0,197.25049590519757
2024-06-26 10:22:19+08:00,8091.0,188.8852825423705
2024-06-26 10:22:20+08:00,8092.0,181.0504835617035
2024-06-26 10:22:21+08:00,8093.0,173.82856863424547
2024-06-26 10:22:22+08:00,8094.0,167.30200743104535
2024-06-26 10:22:23+08:00,8095.0,161.553269623152
2024-06-26 10:22:24+08:00,8096.0,156.6648248816144
2024-06-26 10:22:25+08:00,8097.0,152.7191428774815
2024-06-26 10:22:26+08:00,8098.0,149.79869328180212
2024-06-26 10:22:27+08:00,8099.0,147.98594576562533
2024-06-26 10:22:28+08:00,8100.0,147.36337
2024-06-26 10:22:29+08:00,8101.0,147.5811452442647
2024-06-26 10:22:30+08:00,8102.0,148.2196906598422
2024-06-26 10:22:31+08:00,8103.0,149.25683577090763
2024-06-26 10:22:32+08:00,8104.0,150.6704101016361
2024-06-26 10:22:33+08:00,8105.0,152.43824317620275
2024-06-26 10:22:34+08:00,8106.0,154.53816451878268
2024-06-26 10:22:35+08:00,8107.0,156.94800365355104
2024-06-26 10:22:36+08:00,8108.0,159.6455901046829
2024-06-26 10:22:37+08:00,8109.0,162.60875339635342
2024-06-26 10:22:38+08:00,8110.0,165.81532305273774
2024-06-26 10:22:39+08:00,8111.0,169.24312859801088
2024-06-26 10:22:40+08:00,8112.0,172.86999955634806
2024-06-26 10:22:41+08:00,8113.0,176.6737654519244
2024-06-26 10:22:42+08:00,8114.0,180.63225580891495
2024-06-26 10:22:43+08:00,8115.0,184.72330015149487
2024-06-26 10:22:44+08:00,8116.0,188.92472800383933
2024-06-26 10:22:45+08:00,8117.0,193.21436889012335
2024-06-26 10:22:46+08:00,8118.0,197.57005233452213
2024-06-26 10:22:47+08:00,8119.0,201.96960786121073
2024-06-26 10:22:48+08:00,8120.0,206.3908649943643
2024-06-26 10:22:49+08:00,8121.0,210.811653258158
2024-06-26 10:22:50+08:00,8122.0,215.20980217676686
2024-06-26 10:22:51+08:00,8123.0,219.5631412743661
2024-06-26 10:22:52+08:00,8124.0,223.84950007513075
2024-06-26 10:22:53+08:00,8125.0,228.04670810323603
2024-06-26 10:22:54+08:00,8126.0,232.13259488285695
2024-06-26 10:22:55+08:00,8127.0,236.0849899381687
2024-06-26 10:22:56+08:00,8128.0,239.8817227933464
2024-06-26 10:22:57+08:00,8129.0,243.5006229725651
2024-06-26 10:22:58+08:00,8130.0,246.91952
2024-06-26 10:22:59+08:00,8131.0,250.33704458595344
2024-06-26 10:23:00+08:00,8132.0,253.95195220813514
2024-06-26 10:23:01+08:00,8133.0,257.74225954183134
2024-06-26 10:23:02+08:00,8134.0,261.68598326232825
2024-06-26 10:23:03+08:00,8135.0,265.76114004491217
2024-06-26 10:23:04+08:00,8136.0,269.9457465648693
2024-06-26 10:23:05+08:00,8137.0,274.2178194974858
2024-06-26 10:23:06+08:00,8138.0,278.555375518048
2024-06-26 10:23:07+08:00,8139.0,282.93643130184205
2024-06-26 10:23:08+08:00,8140.0,287.33900352415424
2024-06-26 10:23:09+08:00,8141.0,291.74110886027074
2024-06-26 10:23:10+08:00,8142.0,296.1207639854779
2024-06-26 10:23:11+08:00,8143.0,300.45598557506185
2024-06-26 10:23:12+08:00,8144.0,304.72479030430884
2024-06-26 10:23:13+08:00,8145.0,308.9051948485052
2024-06-26 10:23:14+08:00,8146.0,312.9752158829369
2024-06-26 10:23:15+08:00,8147.0,316.91287008289044
2024-06-26 10:23:16+08:00,8148.0,320.69617412365193
2024-06-26 10:23:17+08:00,8149.0,324.3031446805076
2024-06-26 10:23:18+08:00,8150.0,327.71179842874375
2024-06-26 10:23:19+08:00,8151.0,330.9001520436466
2024-06-26 10:23:20+08:00,8152.0,333.84622220050227
2024-06-26 10:23:21+08:00,8153.0,336.5280255745971
2024-06-26 10:23:22+08:00,8154.0,338.92357884121725
2024-06-26 10:23:23+08:00,8155.0,341.0108986756491
2024-06-26 10:23:24+08:00,8156.0,342.76800175317874
2024-06-26 10:23:25+08:00,8157.0,344.17290474909237
2024-06-26 10:23:26+08:00,8158.0,345.20362433867626
2024-06-26 10:23:27+08:00,8159.0,345.83817719721674
2024-06-26 10:23:28+08:00,8160.0,346.05458
2024-06-26 10:23:29+08:00,8161.0,345.9990860346389
2024-06-26 10:23:30+08:00,8162.0,345.8362066119386
2024-06-26 10:23:31+08:00,8163.0,345.57134544197396
2024-06-26 10:23:32+08:00,8164.0,345.20990623481964
2024-06-26 10:23:33+08:00,8165.0,344.7572927005503
2024-06-26 10:23:34+08:00,8166.0,344.2189085492408
2024-06-26 10:23:35+08:00,8167.0,343.6001574909657
2024-06-26 10:23:36+08:00,8168.0,342.9064432357999
2024-06-26 10:23:37+08:00,8169.0,342.1431694938179
2024-06-26 10:23:38+08:00,8170.0,341.31573997509446
2024-06-26 10:23:39+08:00,8171.0,340.4295583897044
2024-06-26 10:23:40+08:00,8172.0,339.49002844772247
2024-06-26 10:23:41+08:00,8173.0,338.5025538592232
2024-06-26 10:23:42+08:00,8174.0,337.47253833428147
2024-06-26 10:23:43+08:00,8175.0,336.4053855829719
2024-06-26 10:23:44+08:00,8176.0,335.3064993153693
2024-06-26 10:23:45+08:00,8177.0,334.18128324154833
2024-06-26 10:23:46+08:00,8178.0,333.03514107158367
2024-06-26 10:23:47+08:00,8179.0,331.87347651555007
2024-06-26 10:23:48+08:00,8180.0,330.7016932835223
2024-06-26 10:23:49+08:00,8181.0,329.525195085575
2024-06-26 10:23:50+08:00,8182.0,328.34938563178287
2024-06-26 10:23:51+08:00,8183.0,327.17966863222074
2024-06-26 10:23:52+08:00,8184.0,326.0214477969633
2024-06-26 10:23:53+08:00,8185.0,324.8801268360851
2024-06-26 10:23:54+08:00,8186.0,323.7611094596611
2024-06-26 10:23:55+08:00,8187.0,322.6697993777658
2024-06-26 10:23:56+08:00,8188.0,321.6116003004741
2024-06-26 10:23:57+08:00,8189.0,320.59191593786056
2024-06-26 10:23:58+08:00,8190.0,319.61615
2024-06-26 10:23:59+08:00,8191.0,318.6253467199172
2024-06-26 10:24:00+08:00,8192.0,317.56191736174816
2024-06-26 10:24:01+08:00,8193.0,316.43331618223425
2024-06-26 10:24:02+08:00,8194.0,315.24699743811675
2024-06-26 10:24:03+08:00,8195.0,314.01041538613714
2024-06-26 10:24:04+08:00,8196.0,312.73102428303673
2024-06-26 10:24:05+08:00,8197.0,311.416278385557
2024-06-26 10:24:06+08:00,8198.0,310.07363195043934
2024-06-26 10:24:07+08:00,8199.0,308.710539234425
2024-06-26 10:24:08+08:00,8200.0,307.3344544942555
2024-06-26 10:24:09+08:00,8201.0,305.95283198667215
2024-06-26 10:24:10+08:00,8202.0,304.5731259684164
2024-06-26 10:24:11+08:00,8203.0,303.2027906962295
2024-06-26 10:24:12+08:00,8204.0,301.84928042685294
2024-06-26 10:24:13+08:00,8205.0,300.52004941702813
2024-06-26 10:24:14+08:00,8206.0,299.2225519234963
2024-06-26 10:24:15+08:00,8207.0,297.964242202999
2024-06-26 10:24:16+08:00,8208.0,296.75257451227753
2024-06-26 10:24:17+08:00,8209.0,295.59500310807334
2024-06-26 10:24:18+08:00,8210.0,294.4989822471277
2024-06-26 10:24:19+08:00,8211.0,293.4719661861821
2024-06-26 10:24:20+08:00,8212.0,292.5214091819779
2024-06-26 10:24:21+08:00,8213.0,291.65476549125646
2024-06-26 10:24:22+08:00,8214.0,290.8794893707592
2024-06-26 10:24:23+08:00,8215.0,290.2030350772274
2024-06-26 10:24:24+08:00,8216.0,289.63285686740255
2024-06-26 10:24:25+08:00,8217.0,289.17640899802603
2024-06-26 10:24:26+08:00,8218.0,288.84114572583917
2024-06-26 10:24:27+08:00,8219.0,288.6345213075833
2024-06-26 10:24:28+08:00,8220.0,288.56399
2024-06-26 10:24:29+08:00,8221.0,288.78085358039095
2024-06-26 10:24:30+08:00,8222.0,289.4216793541536
2024-06-26 10:24:31+08:00,8223.0,290.47181987017257
2024-06-26 10:24:32+08:00,8224.0,291.91662767733254
2024-06-26 10:24:33+08:00,8225.0,293.7414553245181
2024-06-26 10:24:34+08:00,8226.0,295.9316553606138
2024-06-26 10:24:35+08:00,8227.0,298.4725803345043
2024-06-26 10:24:36+08:00,8228.0,301.3495827950743
2024-06-26 10:24:37+08:00,8229.0,304.54801529120834
2024-06-26 10:24:38+08:00,8230.0,308.05323037179113
2024-06-26 10:24:39+08:00,8231.0,311.85058058570723
2024-06-26 10:24:40+08:00,8232.0,315.92541848184135
2024-06-26 10:24:41+08:00,8233.0,320.263096609078
2024-06-26 10:24:42+08:00,8234.0,324.84896751630185
2024-06-26 10:24:43+08:00,8235.0,329.6683837523976
2024-06-26 10:24:44+08:00,8236.0,334.7066978662497
2024-06-26 10:24:45+08:00,8237.0,339.949262406743
2024-06-26 10:24:46+08:00,8238.0,345.381429922762
2024-06-26 10:24:47+08:00,8239.0,350.98855296319135
2024-06-26 10:24:48+08:00,8240.0,356.75598407691564
2024-06-26 10:24:49+08:00,8241.0,362.66907581281953
2024-06-26 10:24:50+08:00,8242.0,368.7131807197877
2024-06-26 10:24:51+08:00,8243.0,374.87365134670466
2024-06-26 10:24:52+08:00,8244.0,381.1358402424551
2024-06-26 10:24:53+08:00,8245.0,387.4850999559237
2024-06-26 10:24:54+08:00,8246.0,393.906783035995
2024-06-26 10:24:55+08:00,8247.0,400.38624203155365
2024-06-26 10:24:56+08:00,8248.0,406.9088294914843
2024-06-26 10:24:57+08:00,8249.0,413.45989796467154
2024-06-26 10:24:58+08:00,8250.0,420.0248
2024-06-26 10:24:59+08:00,8251.0,427.44187021014335
2024-06-26 10:25:00+08:00,8252.0,436.47197337370096
2024-06-26 10:25:01+08:00,8253.0,446.9842572884465
2024-06-26 10:25:02+08:00,8254.0,458.8478697521532
2024-06-26 10:25:03+08:00,8255.0,471.9319585625949
2024-06-26 10:25:04+08:00,8256.0,486.1056715175449
2024-06-26 10:25:05+08:00,8257.0,501.2381564147769
2024-06-26 10:25:06+08:00,8258.0,517.1985610520642
2024-06-26 10:25:07+08:00,8259.0,533.8560332271805
2024-06-26 10:25:08+08:00,8260.0,551.0797207378993
2024-06-26 10:25:09+08:00,8261.0,568.738771381994
2024-06-26 10:25:10+08:00,8262.0,586.702332957238
2024-06-26 10:25:11+08:00,8263.0,604.8395532614052
2024-06-26 10:25:12+08:00,8264.0,623.0195800922688
2024-06-26 10:25:13+08:00,8265.0,641.1115612476024
2024-06-26 10:25:14+08:00,8266.0,658.9846445251795
2024-06-26 10:25:15+08:00,8267.0,676.5079777227738
2024-06-26 10:25:16+08:00,8268.0,693.5507086381588
2024-06-26 10:25:17+08:00,8269.0,709.9819850691075
2024-06-26 10:25:18+08:00,8270.0,725.670954813394
2024-06-26 10:25:19+08:00,8271.0,740.4867656687916
2024-06-26 10:25:20+08:00,8272.0,754.2985654330738
2024-06-26 10:25:21+08:00,8273.0,766.9755019040142
2024-06-26 10:25:22+08:00,8274.0,778.3867228793863
2024-06-26 10:25:23+08:00,8275.0,788.4013761569635
2024-06-26 10:25:24+08:00,8276.0,796.8886095345194
2024-06-26 10:25:25+08:00,8277.0,803.7175708098274
2024-06-26 10:25:26+08:00,8278.0,808.7574077806612
2024-06-26 10:25:27+08:00,8279.0,811.8772682447942
2024-06-26 10:25:28+08:00,8280.0,812.9463
2024-06-26 10:25:29+08:00,8281.0,811.4501185527457
2024-06-26 10:25:30+08:00,8282.0,807.0852395845507
2024-06-26 10:25:31+08:00,8283.0,800.0371611557662
2024-06-26 10:25:32+08:00,8284.0,790.4913813267439
2024-06-26 10:25:33+08:00,8285.0,778.633398157835
2024-06-26 10:25:34+08:00,8286.0,764.6487097093911
2024-06-26 10:25:35+08:00,8287.0,748.7228140417639
2024-06-26 10:25:36+08:00,8288.0,731.0412092153042
2024-06-26 10:25:37+08:00,8289.0,711.7893932903639
2024-06-26 10:25:38+08:00,8290.0,691.1528643272944
2024-06-26 10:25:39+08:00,8291.0,669.3171203864473
2024-06-26 10:25:40+08:00,8292.0,646.4676595281737
2024-06-26 10:25:41+08:00,8293.0,622.7899798128252
2024-06-26 10:25:42+08:00,8294.0,598.4695793007534
2024-06-26 10:25:43+08:00,8295.0,573.6919560523095
2024-06-26 10:25:44+08:00,8296.0,548.642608127845
2024-06-26 10:25:45+08:00,8297.0,523.5070335877116
2024-06-26 10:25:46+08:00,8298.0,498.47073049226054
2024-06-26 10:25:47+08:00,8299.0,473.71919690184325
2024-06-26 10:25:48+08:00,8300.0,449.43793087681127
2024-06-26 10:25:49+08:00,8301.0,425.812430477516
2024-06-26 10:25:50+08:00,8302.0,403.02819376430887
2024-06-26 10:25:51+08:00,8303.0,381.27071879754135
2024-06-26 10:25:52+08:00,8304.0,360.72550363756494
2024-06-26 10:25:53+08:00,8305.0,341.5780463447311
2024-06-26 10:25:54+08:00,8306.0,324.01384497939114
2024-06-26 10:25:55+08:00,8307.0,308.21839760189675
2024-06-26 10:25:56+08:00,8308.0,294.3772022725991
2024-06-26 10:25:57+08:00,8309.0,282.6757570518497
2024-06-26 10:25:58+08:00,8310.0,273.29956
2024-06-26 10:25:59+08:00,8311.0,265.16692578963193
2024-06-26 10:26:00+08:00,8312.0,257.0831179259196
2024-06-26 10:26:01+08:00,8313.0,249.06405771810344
2024-06-26 10:26:02+08:00,8314.0,241.12566647542374
2024-06-26 10:26:03+08:00,8315.0,233.28386550712088
2024-06-26 10:26:04+08:00,8316.0,225.55457612243512
2024-06-26 10:26:05+08:00,8317.0,217.95371963060683
2024-06-26 10:26:06+08:00,8318.0,210.49721734087638
2024-06-26 10:26:07+08:00,8319.0,203.2009905624841
2024-06-26 10:26:08+08:00,8320.0,196.08096060467028
2024-06-26 10:26:09+08:00,8321.0,189.15304877667532
2024-06-26 10:26:10+08:00,8322.0,182.43317638773948
2024-06-26 10:26:11+08:00,8323.0,175.9372647471032
2024-06-26 10:26:12+08:00,8324.0,169.68123516400678
2024-06-26 10:26:13+08:00,8325.0,163.68100894769051
2024-06-26 10:26:14+08:00,8326.0,157.95250740739482
2024-06-26 10:26:15+08:00,8327.0,152.51165185236
2024-06-26 10:26:16+08:00,8328.0,147.37436359182632
2024-06-26 10:26:17+08:00,8329.0,142.55656393503423
2024-06-26 10:26:18+08:00,8330.0,138.07417419122402
2024-06-26 10:26:19+08:00,8331.0,133.94311566963603
2024-06-26 10:26:20+08:00,8332.0,130.1793096795106
2024-06-26 10:26:21+08:00,8333.0,126.79867753008807
2024-06-26 10:26:22+08:00,8334.0,123.81714053060875
2024-06-26 10:26:23+08:00,8335.0,121.25061999031306
2024-06-26 10:26:24+08:00,8336.0,119.11503721844124
2024-06-26 10:26:25+08:00,8337.0,117.42631352423372
2024-06-26 10:26:26+08:00,8338.0,116.20037021693076
2024-06-26 10:26:27+08:00,8339.0,115.45312860577275
2024-06-26 10:26:28+08:00,8340.0,115.20051000000001
2024-06-26 10:26:29+08:00,8341.0,115.57098192681482
2024-06-26 10:26:30+08:00,8342.0,116.6487184411852
2024-06-26 10:26:31+08:00,8343.0,118.38320064400001
2024-06-26 10:26:32+08:00,8344.0,120.72390963614815
2024-06-26 10:26:33+08:00,8345.0,123.62032651851854
2024-06-26 10:26:34+08:00,8346.0,127.021932392
2024-06-26 10:26:35+08:00,8347.0,130.87820835748147
2024-06-26 10:26:36+08:00,8348.0,135.13863551585186
2024-06-26 10:26:37+08:00,8349.0,139.75269496800001
2024-06-26 10:26:38+08:00,8350.0,144.6698678148148
2024-06-26 10:26:39+08:00,8351.0,149.8396351571852
2024-06-26 10:26:40+08:00,8352.0,155.211478096
2024-06-26 10:26:41+08:00,8353.0,160.73487773214816
2024-06-26 10:26:42+08:00,8354.0,166.3593151665185
2024-06-26 10:26:43+08:00,8355.0,172.03427150000002
2024-06-26 10:26:44+08:00,8356.0,177.7092278334815
2024-06-26 10:26:45+08:00,8357.0,183.33366526785184
2024-06-26 10:26:46+08:00,8358.0,188.85706490399997
2024-06-26 10:26:47+08:00,8359.0,194.2289078428148
2024-06-26 10:26:48+08:00,8360.0,199.3986751851852
2024-06-26 10:26:49+08:00,8361.0,204.31584803200002
2024-06-26 10:26:50+08:00,8362.0,208.92990748414815
2024-06-26 10:26:51+08:00,8363.0,213.1903346425185
2024-06-26 10:26:52+08:00,8364.0,217.04661060799998
2024-06-26 10:26:53+08:00,8365.0,220.44821648148147
2024-06-26 10:26:54+08:00,8366.0,223.34463336385187
2024-06-26 10:26:55+08:00,8367.0,225.685342356
2024-06-26 10:26:56+08:00,8368.0,227.41982455881478
2024-06-26 10:26:57+08:00,8369.0,228.49756107318518
2024-06-26 10:26:58+08:00,8370.0,228.868033
2024-06-26 10:26:59+08:00,8371.0,228.86084797692536
2024-06-26 10:27:00+08:00,8372.0,228.83945926352774
2024-06-26 10:27:01+08:00,8373.0,228.8041163935468
2024-06-26 10:27:02+08:00,8374.0,228.75506890072208
2024-06-26 10:27:03+08:00,8375.0,228.69256631879318
2024-06-26 10:27:04+08:00,8376.0,228.61685818149968
2024-06-26 10:27:05+08:00,8377.0,228.5281940225812
2024-06-26 10:27:06+08:00,8378.0,228.4268233757773
2024-06-26 10:27:07+08:00,8379.0,228.31299577482753
2024-06-26 10:27:08+08:00,8380.0,228.18696075347154
2024-06-26 10:27:09+08:00,8381.0,228.04896784544889
2024-06-26 10:27:10+08:00,8382.0,227.8992665844991
2024-06-26 10:27:11+08:00,8383.0,227.73810650436187
2024-06-26 10:27:12+08:00,8384.0,227.5657371387767
2024-06-26 10:27:13+08:00,8385.0,227.38240802148323
2024-06-26 10:27:14+08:00,8386.0,227.188368686221
2024-06-26 10:27:15+08:00,8387.0,226.98386866672962
2024-06-26 10:27:16+08:00,8388.0,226.76915749674868
2024-06-26 10:27:17+08:00,8389.0,226.54448471001774
2024-06-26 10:27:18+08:00,8390.0,226.31009984027642
2024-06-26 10:27:19+08:00,8391.0,226.06625242126427
2024-06-26 10:27:20+08:00,8392.0,225.8131919867209
2024-06-26 10:27:21+08:00,8393.0,225.5511680703859
2024-06-26 10:27:22+08:00,8394.0,225.28043020599884
2024-06-26 10:27:23+08:00,8395.0,225.00122792729928
2024-06-26 10:27:24+08:00,8396.0,224.71381076802686
2024-06-26 10:27:25+08:00,8397.0,224.41842826192112
2024-06-26 10:27:26+08:00,8398.0,224.1153299427217
2024-06-26 10:27:27+08:00,8399.0,223.80476534416812
2024-06-26 10:27:28+08:00,8400.0,223.486984
2024-06-26 10:27:29+08:00,8401.0,223.08219140594764
2024-06-26 10:27:30+08:00,8402.0,222.5163400704456
2024-06-26 10:27:31+08:00,8403.0,221.7983000462901
2024-06-26 10:27:32+08:00,8404.0,220.93694138627714
2024-06-26 10:27:33+08:00,8405.0,219.94113414320285
2024-06-26 10:27:34+08:00,8406.0,218.8197483698633
2024-06-26 10:27:35+08:00,8407.0,217.58165411905463
2024-06-26 10:27:36+08:00,8408.0,216.23572144357294
2024-06-26 10:27:37+08:00,8409.0,214.79082039621426
2024-06-26 10:27:38+08:00,8410.0,213.25582102977478
2024-06-26 10:27:39+08:00,8411.0,211.63959339705053
2024-06-26 10:27:40+08:00,8412.0,209.95100755083766
2024-06-26 10:27:41+08:00,8413.0,208.19893354393224
2024-06-26 10:27:42+08:00,8414.0,206.39224142913037
2024-06-26 10:27:43+08:00,8415.0,204.53980125922817
2024-06-26 10:27:44+08:00,8416.0,202.65048308702168
2024-06-26 10:27:45+08:00,8417.0,200.73315696530707
2024-06-26 10:27:46+08:00,8418.0,198.7966929468804
2024-06-26 10:27:47+08:00,8419.0,196.84996108453777
2024-06-26 10:27:48+08:00,8420.0,194.9018314310753
2024-06-26 10:27:49+08:00,8421.0,192.96117403928903
2024-06-26 10:27:50+08:00,8422.0,191.03685896197516
2024-06-26 10:27:51+08:00,8423.0,189.1377562519297
2024-06-26 10:27:52+08:00,8424.0,187.27273596194874
2024-06-26 10:27:53+08:00,8425.0,185.45066814482846
2024-06-26 10:27:54+08:00,8426.0,183.68042285336492
2024-06-26 10:27:55+08:00,8427.0,181.9708701403542
2024-06-26 10:27:56+08:00,8428.0,180.3308800585924
2024-06-26 10:27:57+08:00,8429.0,178.76932266087564
2024-06-26 10:27:58+08:00,8430.0,177.29506800000001
2024-06-26 10:27:59+08:00,8431.0,175.88181323593707
2024-06-26 10:28:00+08:00,8432.0,174.4958024713202
2024-06-26 10:28:01+08:00,8433.0,173.1347261729383
2024-06-26 10:28:02+08:00,8434.0,171.7962748075802
2024-06-26 10:28:03+08:00,8435.0,170.47813884203487
2024-06-26 10:28:04+08:00,8436.0,169.17800874309108
2024-06-26 10:28:05+08:00,8437.0,167.89357497753778
2024-06-26 10:28:06+08:00,8438.0,166.62252801216383
2024-06-26 10:28:07+08:00,8439.0,165.3625583137581
2024-06-26 10:28:08+08:00,8440.0,164.11135634910946
2024-06-26 10:28:09+08:00,8441.0,162.86661258500683
2024-06-26 10:28:10+08:00,8442.0,161.62601748823903
2024-06-26 10:28:11+08:00,8443.0,160.387261525595
2024-06-26 10:28:12+08:00,8444.0,159.1480351638635
2024-06-26 10:28:13+08:00,8445.0,157.90602886983356
2024-06-26 10:28:14+08:00,8446.0,156.658933110294
2024-06-26 10:28:15+08:00,8447.0,155.40443835203362
2024-06-26 10:28:16+08:00,8448.0,154.14023506184145
2024-06-26 10:28:17+08:00,8449.0,152.86401370650623
2024-06-26 10:28:18+08:00,8450.0,151.57346475281688
2024-06-26 10:28:19+08:00,8451.0,150.2662786675623
2024-06-26 10:28:20+08:00,8452.0,148.94014591753137
2024-06-26 10:28:21+08:00,8453.0,147.59275696951295
2024-06-26 10:28:22+08:00,8454.0,146.22180229029593
2024-06-26 10:28:23+08:00,8455.0,144.82497234666914
2024-06-26 10:28:24+08:00,8456.0,143.39995760542152
2024-06-26 10:28:25+08:00,8457.0,141.9444485333419
2024-06-26 10:28:26+08:00,8458.0,140.45613559721917
2024-06-26 10:28:27+08:00,8459.0,138.93270926384227
2024-06-26 10:28:28+08:00,8460.0,137.37186
2024-06-26 10:28:29+08:00,8461.0,135.71591492989592
2024-06-26 10:28:30+08:00,8462.0,133.91749340357808
2024-06-26 10:28:31+08:00,8463.0,131.9897242266022
2024-06-26 10:28:32+08:00,8464.0,129.94573620452394
2024-06-26 10:28:33+08:00,8465.0,127.798658142899
2024-06-26 10:28:34+08:00,8466.0,125.56161884728309
2024-06-26 10:28:35+08:00,8467.0,123.24774712323186
2024-06-26 10:28:36+08:00,8468.0,120.87017177630105
2024-06-26 10:28:37+08:00,8469.0,118.44202161204632
2024-06-26 10:28:38+08:00,8470.0,115.97642543602335
2024-06-26 10:28:39+08:00,8471.0,113.48651205378786
2024-06-26 10:28:40+08:00,8472.0,110.98541027089551
2024-06-26 10:28:41+08:00,8473.0,108.48624889290203
2024-06-26 10:28:42+08:00,8474.0,106.00215672536308
2024-06-26 10:28:43+08:00,8475.0,103.54626257383434
2024-06-26 10:28:44+08:00,8476.0,101.13169524387152
2024-06-26 10:28:45+08:00,8477.0,98.77158354103031
2024-06-26 10:28:46+08:00,8478.0,96.47905627086642
2024-06-26 10:28:47+08:00,8479.0,94.2672422389355
2024-06-26 10:28:48+08:00,8480.0,92.14927025079326
2024-06-26 10:28:49+08:00,8481.0,90.13826911199538
2024-06-26 10:28:50+08:00,8482.0,88.24736762809758
2024-06-26 10:28:51+08:00,8483.0,86.48969460465551
2024-06-26 10:28:52+08:00,8484.0,84.8783788472249
2024-06-26 10:28:53+08:00,8485.0,83.4265491613614
2024-06-26 10:28:54+08:00,8486.0,82.14733435262072
2024-06-26 10:28:55+08:00,8487.0,81.05386322655855
2024-06-26 10:28:56+08:00,8488.0,80.1592645887306
2024-06-26 10:28:57+08:00,8489.0,79.47666724469252
2024-06-26 10:28:58+08:00,8490.0,79.01920000000001
2024-06-26 10:28:59+08:00,8491.0,78.6827524323843
2024-06-26 10:29:00+08:00,8492.0,78.35460677101433
2024-06-26 10:29:01+08:00,8493.0,78.03498079860225
2024-06-26 10:29:02+08:00,8494.0,77.7240922978603
2024-06-26 10:29:03+08:00,8495.0,77.4221590515007
2024-06-26 10:29:04+08:00,8496.0,77.12939884223563
2024-06-26 10:29:05+08:00,8497.0,76.84602945277736
2024-06-26 10:29:06+08:00,8498.0,76.57226866583807
2024-06-26 10:29:07+08:00,8499.0,76.30833426412998
2024-06-26 10:29:08+08:00,8500.0,76.05444403036532
2024-06-26 10:29:09+08:00,8501.0,75.81081574725627
2024-06-26 10:29:10+08:00,8502.0,75.57766719751508
2024-06-26 10:29:11+08:00,8503.0,75.35521616385395
2024-06-26 10:29:12+08:00,8504.0,75.14368042898509
2024-06-26 10:29:13+08:00,8505.0,74.94327777562074
2024-06-26 10:29:14+08:00,8506.0,74.75422598647307
2024-06-26 10:29:15+08:00,8507.0,74.57674284425433
2024-06-26 10:29:16+08:00,8508.0,74.41104613167673
2024-06-26 10:29:17+08:00,8509.0,74.25735363145246
2024-06-26 10:29:18+08:00,8510.0,74.11588312629377
2024-06-26 10:29:19+08:00,8511.0,73.98685239891284
2024-06-26 10:29:20+08:00,8512.0,73.87047923202192
2024-06-26 10:29:21+08:00,8513.0,73.7669814083332
2024-06-26 10:29:22+08:00,8514.0,73.67657671055892
2024-06-26 10:29:23+08:00,8515.0,73.59948292141125
2024-06-26 10:29:24+08:00,8516.0,73.53591782360243
2024-06-26 10:29:25+08:00,8517.0,73.4860991998447
2024-06-26 10:29:26+08:00,8518.0,73.45024483285023
2024-06-26 10:29:27+08:00,8519.0,73.42857250533126
2024-06-26 10:29:28+08:00,8520.0,73.4213
2024-06-26 10:29:29+08:00,8521.0,73.50881645740117
2024-06-26 10:29:30+08:00,8522.0,73.76645579471409
2024-06-26 10:29:31+08:00,8523.0,74.18685295960292
2024-06-26 10:29:32+08:00,8524.0,74.76264289973173
2024-06-26 10:29:33+08:00,8525.0,75.48646056276468
2024-06-26 10:29:34+08:00,8526.0,76.35094089636588
2024-06-26 10:29:35+08:00,8527.0,77.3487188481995
2024-06-26 10:29:36+08:00,8528.0,78.4724293659296
2024-06-26 10:29:37+08:00,8529.0,79.71470739722035
2024-06-26 10:29:38+08:00,8530.0,81.06818788973585
2024-06-26 10:29:39+08:00,8531.0,82.52550579114025
2024-06-26 10:29:40+08:00,8532.0,84.07929604909766
2024-06-26 10:29:41+08:00,8533.0,85.72219361127223
2024-06-26 10:29:42+08:00,8534.0,87.44683342532804
2024-06-26 10:29:43+08:00,8535.0,89.24585043892925
2024-06-26 10:29:44+08:00,8536.0,91.11187959973998
2024-06-26 10:29:45+08:00,8537.0,93.03755585542434
2024-06-26 10:29:46+08:00,8538.0,95.01551415364649
2024-06-26 10:29:47+08:00,8539.0,97.03838944207052
2024-06-26 10:29:48+08:00,8540.0,99.09881666836058
2024-06-26 10:29:49+08:00,8541.0,101.1894307801808
2024-06-26 10:29:50+08:00,8542.0,103.30286672519529
2024-06-26 10:29:51+08:00,8543.0,105.43175945106816
2024-06-26 10:29:52+08:00,8544.0,107.56874390546355
2024-06-26 10:29:53+08:00,8545.0,109.70645503604561
2024-06-26 10:29:54+08:00,8546.0,111.83752779047842
2024-06-26 10:29:55+08:00,8547.0,113.95459711642613
2024-06-26 10:29:56+08:00,8548.0,116.0502979615529
2024-06-26 10:29:57+08:00,8549.0,118.11726527352282
2024-06-26 10:29:58+08:00,8550.0,120.148134
2024-06-26 10:29:59+08:00,8551.0,122.30384386781053
2024-06-26 10:30:00+08:00,8552.0,124.73398540911376
2024-06-26 10:30:01+08:00,8553.0,127.41416977957384
2024-06-26 10:30:02+08:00,8554.0,130.3200081348549
2024-06-26 10:30:03+08:00,8555.0,133.42711163062106
2024-06-26 10:30:04+08:00,8556.0,136.71109142253647
2024-06-26 10:30:05+08:00,8557.0,140.14755866626518
2024-06-26 10:30:06+08:00,8558.0,143.71212451747138
2024-06-26 10:30:07+08:00,8559.0,147.38040013181921
2024-06-26 10:30:08+08:00,8560.0,151.12799666497273
2024-06-26 10:30:09+08:00,8561.0,154.93052527259613
2024-06-26 10:30:10+08:00,8562.0,158.76359711035352
2024-06-26 10:30:11+08:00,8563.0,162.602823333909
2024-06-26 10:30:12+08:00,8564.0,166.42381509892667
2024-06-26 10:30:13+08:00,8565.0,170.20218356107074
2024-06-26 10:30:14+08:00,8566.0,173.91353987600527
2024-06-26 10:30:15+08:00,8567.0,177.53349519939445
2024-06-26 10:30:16+08:00,8568.0,181.0376606869023
2024-06-26 10:30:17+08:00,8569.0,184.40164749419307
2024-06-26 10:30:18+08:00,8570.0,187.6010667769308
2024-06-26 10:30:19+08:00,8571.0,190.61152969077963
2024-06-26 10:30:20+08:00,8572.0,193.40864739140375
2024-06-26 10:30:21+08:00,8573.0,195.96803103446717
2024-06-26 10:30:22+08:00,8574.0,198.2652917756341
2024-06-26 10:30:23+08:00,8575.0,200.27604077056867
2024-06-26 10:30:24+08:00,8576.0,201.97588917493488
2024-06-26 10:30:25+08:00,8577.0,203.34044814439707
2024-06-26 10:30:26+08:00,8578.0,204.34532883461924
2024-06-26 10:30:27+08:00,8579.0,204.96614240126547
2024-06-26 10:30:28+08:00,8580.0,205.17849999999999
2024-06-26 10:30:29+08:00,8581.0,204.7519186962963
2024-06-26 10:30:30+08:00,8582.0,203.5109549037037
2024-06-26 10:30:31+08:00,8583.0,201.51377879999998
2024-06-26 10:30:32+08:00,8584.0,198.81856056296294
2024-06-26 10:30:33+08:00,8585.0,195.48347037037036
2024-06-26 10:30:34+08:00,8586.0,191.56667839999997
2024-06-26 10:30:35+08:00,8587.0,187.1263548296296
2024-06-26 10:30:36+08:00,8588.0,182.22066983703704
2024-06-26 10:30:37+08:00,8589.0,176.9077936
2024-06-26 10:30:38+08:00,8590.0,171.24589629629628
2024-06-26 10:30:39+08:00,8591.0,165.2931481037037
2024-06-26 10:30:40+08:00,8592.0,159.1077192
2024-06-26 10:30:41+08:00,8593.0,152.74777976296295
2024-06-26 10:30:42+08:00,8594.0,146.27149997037037
2024-06-26 10:30:43+08:00,8595.0,139.73704999999998
2024-06-26 10:30:44+08:00,8596.0,133.20260002962962
2024-06-26 10:30:45+08:00,8597.0,126.72632023703702
2024-06-26 10:30:46+08:00,8598.0,120.3663808
2024-06-26 10:30:47+08:00,8599.0,114.18095189629629
2024-06-26 10:30:48+08:00,8600.0,108.22820370370368
2024-06-26 10:30:49+08:00,8601.0,102.56630639999999
2024-06-26 10:30:50+08:00,8602.0,97.25343016296294
2024-06-26 10:30:51+08:00,8603.0,92.34774517037036
2024-06-26 10:30:52+08:00,8604.0,87.90742159999999
2024-06-26 10:30:53+08:00,8605.0,83.99062962962964
2024-06-26 10:30:54+08:00,8606.0,80.65553943703705
2024-06-26 10:30:55+08:00,8607.0,77.96032119999998
2024-06-26 10:30:56+08:00,8608.0,75.9631450962963
2024-06-26 10:30:57+08:00,8609.0,74.7221813037037
2024-06-26 10:30:58+08:00,8610.0,74.29560000000001
2024-06-26 10:30:59+08:00,8611.0,74.32995454814815
2024-06-26 10:31:00+08:00,8612.0,74.42989505185186
2024-06-26 10:31:01+08:00,8613.0,74.59073680000002
2024-06-26 10:31:02+08:00,8614.0,74.8077950814815
2024-06-26 10:31:03+08:00,8615.0,75.07638518518519
2024-06-26 10:31:04+08:00,8616.0,75.39182240000001
2024-06-26 10:31:05+08:00,8617.0,75.74942201481483
2024-06-26 10:31:06+08:00,8618.0,76.14449931851853
2024-06-26 10:31:07+08:00,8619.0,76.5723696
2024-06-26 10:31:08+08:00,8620.0,77.02834814814817
2024-06-26 10:31:09+08:00,8621.0,77.50775025185187
2024-06-26 10:31:10+08:00,8622.0,78.00589120000001
2024-06-26 10:31:11+08:00,8623.0,78.51808628148149
2024-06-26 10:31:12+08:00,8624.0,79.0396507851852
2024-06-26 10:31:13+08:00,8625.0,79.5659
2024-06-26 10:31:14+08:00,8626.0,80.09214921481482
2024-06-26 10:31:15+08:00,8627.0,80.61371371851854
2024-06-26 10:31:16+08:00,8628.0,81.12590880000002
2024-06-26 10:31:17+08:00,8629.0,81.62404974814817
2024-06-26 10:31:18+08:00,8630.0,82.10345185185187
2024-06-26 10:31:19+08:00,8631.0,82.55943040000001
2024-06-26 10:31:20+08:00,8632.0,82.9873006814815
2024-06-26 10:31:21+08:00,8633.0,83.3823779851852
2024-06-26 10:31:22+08:00,8634.0,83.73997760000002
2024-06-26 10:31:23+08:00,8635.0,84.05541481481484
2024-06-26 10:31:24+08:00,8636.0,84.32400491851854
2024-06-26 10:31:25+08:00,8637.0,84.54106320000002
2024-06-26 10:31:26+08:00,8638.0,84.70190494814817
2024-06-26 10:31:27+08:00,8639.0,84.80184545185188
2024-06-26 10:31:28+08:00,8640.0,84.83620000000002
2024-06-26 10:31:29+08:00,8641.0,84.79665834074076
2024-06-26 10:31:30+08:00,8642.0,84.68162805925928
2024-06-26 10:31:31+08:00,8643.0,84.49650120000003
2024-06-26 10:31:32+08:00,8644.0,84.24666980740743
2024-06-26 10:31:33+08:00,8645.0,83.93752592592594
2024-06-26 10:31:34+08:00,8646.0,83.5744616
2024-06-26 10:31:35+08:00,8647.0,83.16286887407409
2024-06-26 10:31:36+08:00,8648.0,82.7081397925926
2024-06-26 10:31:37+08:00,8649.0,82.21566640000002
2024-06-26 10:31:38+08:00,8650.0,81.69084074074077
2024-06-26 10:31:39+08:00,8651.0,81.13905485925928
2024-06-26 10:31:40+08:00,8652.0,80.56570080000002
2024-06-26 10:31:41+08:00,8653.0,79.97617060740743
2024-06-26 10:31:42+08:00,8654.0,79.37585632592595
2024-06-26 10:31:43+08:00,8655.0,78.77015000000003
2024-06-26 10:31:44+08:00,8656.0,78.16444367407409
2024-06-26 10:31:45+08:00,8657.0,77.5641293925926
2024-06-26 10:31:46+08:00,8658.0,76.97459920000001
2024-06-26 10:31:47+08:00,8659.0,76.40124514074076
2024-06-26 10:31:48+08:00,8660.0,75.84945925925928
2024-06-26 10:31:49+08:00,8661.0,75.32463360000001
2024-06-26 10:31:50+08:00,8662.0,74.83216020740741
2024-06-26 10:31:51+08:00,8663.0,74.37743112592594
2024-06-26 10:31:52+08:00,8664.0,73.96583840000001
2024-06-26 10:31:53+08:00,8665.0,73.60277407407409
2024-06-26 10:31:54+08:00,8666.0,73.29363019259262
2024-06-26 10:31:55+08:00,8667.0,73.04379880000002
2024-06-26 10:31:56+08:00,8668.0,72.85867194074075
2024-06-26 10:31:57+08:00,8669.0,72.74364165925928
2024-06-26 10:31:58+08:00,8670.0,72.70410000000001
2024-06-26 10:31:59+08:00,8671.0,72.96389561739608
2024-06-26 10:32:00+08:00,8672.0,73.72644531377482
2024-06-26 10:32:01+08:00,8673.0,74.96649335542214
2024-06-26 10:32:02+08:00,8674.0,76.65878400862393
2024-06-26 10:32:03+08:00,8675.0,78.778061539666
2024-06-26 10:32:04+08:00,8676.0,81.29907021483429
2024-06-26 10:32:05+08:00,8677.0,84.19655430041463
2024-06-26 10:32:06+08:00,8678.0,87.44525806269291
2024-06-26 10:32:07+08:00,8679.0,91.019925767955
2024-06-26 10:32:08+08:00,8680.0,94.89530168248677
2024-06-26 10:32:09+08:00,8681.0,99.04613007257409
2024-06-26 10:32:10+08:00,8682.0,103.44715520450285
2024-06-26 10:32:11+08:00,8683.0,108.0731213445589
2024-06-26 10:32:12+08:00,8684.0,112.89877275902815
2024-06-26 10:32:13+08:00,8685.0,117.89885371419642
2024-06-26 10:32:14+08:00,8686.0,123.04810847634961
2024-06-26 10:32:15+08:00,8687.0,128.3212813117736
2024-06-26 10:32:16+08:00,8688.0,133.69311648675423
2024-06-26 10:32:17+08:00,8689.0,139.13835826757747
2024-06-26 10:32:18+08:00,8690.0,144.63175092052907
2024-06-26 10:32:19+08:00,8691.0,150.14803871189497
2024-06-26 10:32:20+08:00,8692.0,155.66196590796105
2024-06-26 10:32:21+08:00,8693.0,161.14827677501313
2024-06-26 10:32:22+08:00,8694.0,166.58171557933713
2024-06-26 10:32:23+08:00,8695.0,171.9370265872189
2024-06-26 10:32:24+08:00,8696.0,177.1889540649443
2024-06-26 10:32:25+08:00,8697.0,182.31224227879926
2024-06-26 10:32:26+08:00,8698.0,187.28163549506962
2024-06-26 10:32:27+08:00,8699.0,192.07187798004128
2024-06-26 10:32:28+08:00,8700.0,196.657714
2024-06-26 10:32:29+08:00,8701.0,201.3167972795143
2024-06-26 10:32:30+08:00,8702.0,206.32012270137486
2024-06-26 10:32:31+08:00,8703.0,211.63244626920073
2024-06-26 10:32:32+08:00,8704.0,217.21852398661122
2024-06-26 10:32:33+08:00,8705.0,223.04311185722554
2024-06-26 10:32:34+08:00,8706.0,229.07096588466288
2024-06-26 10:32:35+08:00,8707.0,235.26684207254243
2024-06-26 10:32:36+08:00,8708.0,241.59549642448343
2024-06-26 10:32:37+08:00,8709.0,248.021684944105
2024-06-26 10:32:38+08:00,8710.0,254.51016363502652
2024-06-26 10:32:39+08:00,8711.0,261.025688500867
2024-06-26 10:32:40+08:00,8712.0,267.53301554524575
2024-06-26 10:32:41+08:00,8713.0,273.996900771782
2024-06-26 10:32:42+08:00,8714.0,280.3821001840949
2024-06-26 10:32:43+08:00,8715.0,286.65336978580365
2024-06-26 10:32:44+08:00,8716.0,292.77546558052745
2024-06-26 10:32:45+08:00,8717.0,298.7131435718856
2024-06-26 10:32:46+08:00,8718.0,304.4311597634972
2024-06-26 10:32:47+08:00,8719.0,309.8942701589815
2024-06-26 10:32:48+08:00,8720.0,315.0672307619577
2024-06-26 10:32:49+08:00,8721.0,319.914797576045
2024-06-26 10:32:50+08:00,8722.0,324.40172660486263
2024-06-26 10:32:51+08:00,8723.0,328.4927738520298
2024-06-26 10:32:52+08:00,8724.0,332.1526953211657
2024-06-26 10:32:53+08:00,8725.0,335.3462470158896
2024-06-26 10:32:54+08:00,8726.0,338.03818493982055
2024-06-26 10:32:55+08:00,8727.0,340.1932650965779
2024-06-26 10:32:56+08:00,8728.0,341.77624348978077
2024-06-26 10:32:57+08:00,8729.0,342.75187612304836
2024-06-26 10:32:58+08:00,8730.0,343.084919
2024-06-26 10:32:59+08:00,8731.0,342.6527463425185
2024-06-26 10:33:00+08:00,8732.0,341.39551679348153
2024-06-26 10:33:01+08:00,8733.0,339.372162988
2024-06-26 10:33:02+08:00,8734.0,336.64161756118517
2024-06-26 10:33:03+08:00,8735.0,333.26281314814815
2024-06-26 10:33:04+08:00,8736.0,329.29468238400005
2024-06-26 10:33:05+08:00,8737.0,324.7961579038519
2024-06-26 10:33:06+08:00,8738.0,319.8261723428148
2024-06-26 10:33:07+08:00,8739.0,314.443658336
2024-06-26 10:33:08+08:00,8740.0,308.70754851851854
2024-06-26 10:33:09+08:00,8741.0,302.6767755254815
2024-06-26 10:33:10+08:00,8742.0,296.410271992
2024-06-26 10:33:11+08:00,8743.0,289.9669705531852
2024-06-26 10:33:12+08:00,8744.0,283.4058038441481
2024-06-26 10:33:13+08:00,8745.0,276.7857045
2024-06-26 10:33:14+08:00,8746.0,270.16560515585184
2024-06-26 10:33:15+08:00,8747.0,263.6044384468148
2024-06-26 10:33:16+08:00,8748.0,257.161137008
2024-06-26 10:33:17+08:00,8749.0,250.8946334745185
2024-06-26 10:33:18+08:00,8750.0,244.86386048148148
2024-06-26 10:33:19+08:00,8751.0,239.127750664
2024-06-26 10:33:20+08:00,8752.0,233.7452366571852
2024-06-26 10:33:21+08:00,8753.0,228.77525109614814
2024-06-26 10:33:22+08:00,8754.0,224.27672661599996
2024-06-26 10:33:23+08:00,8755.0,220.30859585185186
2024-06-26 10:33:24+08:00,8756.0,216.9297914388148
2024-06-26 10:33:25+08:00,8757.0,214.19924601199997
2024-06-26 10:33:26+08:00,8758.0,212.1758922065185
2024-06-26 10:33:27+08:00,8759.0,210.9186626574815
2024-06-26 10:33:28+08:00,8760.0,210.48649
2024-06-26 10:33:29+08:00,8761.0,211.3657495288889
2024-06-26 10:33:30+08:00,8762.0,213.92359543111112
2024-06-26 10:33:31+08:00,8763.0,218.04012867999998
2024-06-26 10:33:32+08:00,8764.0,223.5954502488889
2024-06-26 10:33:33+08:00,8765.0,230.46966111111112
2024-06-26 10:33:34+08:00,8766.0,238.54286224
2024-06-26 10:33:35+08:00,8767.0,247.69515460888888
2024-06-26 10:33:36+08:00,8768.0,257.8066391911111
2024-06-26 10:33:37+08:00,8769.0,268.75741696
2024-06-26 10:33:38+08:00,8770.0,280.42758888888886
2024-06-26 10:33:39+08:00,8771.0,292.69725595111106
2024-06-26 10:33:40+08:00,8772.0,305.44651911999995
2024-06-26 10:33:41+08:00,8773.0,318.5554793688889
2024-06-26 10:33:42+08:00,8774.0,331.9042376711111
2024-06-26 10:33:43+08:00,8775.0,345.37289499999997
2024-06-26 10:33:44+08:00,8776.0,358.84155232888884
2024-06-26 10:33:45+08:00,8777.0,372.1903106311111
2024-06-26 10:33:46+08:00,8778.0,385.29927087999994
2024-06-26 10:33:47+08:00,8779.0,398.04853404888877
2024-06-26 10:33:48+08:00,8780.0,410.3182011111111
2024-06-26 10:33:49+08:00,8781.0,421.98837303999994
2024-06-26 10:33:50+08:00,8782.0,432.9391508088888
2024-06-26 10:33:51+08:00,8783.0,443.0506353911111
2024-06-26 10:33:52+08:00,8784.0,452.20292775999997
2024-06-26 10:33:53+08:00,8785.0,460.2761288888888
2024-06-26 10:33:54+08:00,8786.0,467.1503397511111
2024-06-26 10:33:55+08:00,8787.0,472.70566131999993
2024-06-26 10:33:56+08:00,8788.0,476.8221945688889
2024-06-26 10:33:57+08:00,8789.0,479.38004047111104
2024-06-26 10:33:58+08:00,8790.0,480.2593
2024-06-26 10:33:59+08:00,8791.0,480.062477768117
2024-06-26 10:34:00+08:00,8792.0,479.48635197801514
2024-06-26 10:34:01+08:00,8793.0,478.5524339880151
2024-06-26 10:34:02+08:00,8794.0,477.2822351564373
2024-06-26 10:34:03+08:00,8795.0,475.6972668416025
2024-06-26 10:34:04+08:00,8796.0,473.81904040183133
2024-06-26 10:34:05+08:00,8797.0,471.66906719544437
2024-06-26 10:34:06+08:00,8798.0,469.26885858076224
2024-06-26 10:34:07+08:00,8799.0,466.6399259161055
2024-06-26 10:34:08+08:00,8800.0,463.8037805597948
2024-06-26 10:34:09+08:00,8801.0,460.78193387015085
2024-06-26 10:34:10+08:00,8802.0,457.59589720549405
2024-06-26 10:34:11+08:00,8803.0,454.26718192414523
2024-06-26 10:34:12+08:00,8804.0,450.8172993844249
2024-06-26 10:34:13+08:00,8805.0,447.26776094465373
2024-06-26 10:34:14+08:00,8806.0,443.6400779631523
2024-06-26 10:34:15+08:00,8807.0,439.95576179824127
2024-06-26 10:34:16+08:00,8808.0,436.23632380824114
2024-06-26 10:34:17+08:00,8809.0,432.50327535147255
2024-06-26 10:34:18+08:00,8810.0,428.7781277862563
2024-06-26 10:34:19+08:00,8811.0,425.0823924709128
2024-06-26 10:34:20+08:00,8812.0,421.43758076376275
2024-06-26 10:34:21+08:00,8813.0,417.86520402312675
2024-06-26 10:34:22+08:00,8814.0,414.38677360732544
2024-06-26 10:34:23+08:00,8815.0,411.0238008746794
2024-06-26 10:34:24+08:00,8816.0,407.79779718350926
2024-06-26 10:34:25+08:00,8817.0,404.7302738921356
2024-06-26 10:34:26+08:00,8818.0,401.84274235887915
2024-06-26 10:34:27+08:00,8819.0,399.1567139420604
2024-06-26 10:34:28+08:00,8820.0,396.6937
2024-06-26 10:34:29+08:00,8821.0,394.3368143516641
2024-06-26 10:34:30+08:00,8822.0,391.95803460232514
2024-06-26 10:34:31+08:00,8823.0,389.5621677897629
2024-06-26 10:34:32+08:00,8824.0,387.1540209517575
2024-06-26 10:34:33+08:00,8825.0,384.73840112608855
2024-06-26 10:34:34+08:00,8826.0,382.3201153505362
2024-06-26 10:34:35+08:00,8827.0,379.9039706628803
2024-06-26 10:34:36+08:00,8828.0,377.49477410090066
2024-06-26 10:34:37+08:00,8829.0,375.09733270237734
2024-06-26 10:34:38+08:00,8830.0,372.71645350509016
2024-06-26 10:34:39+08:00,8831.0,370.356943546819
2024-06-26 10:34:40+08:00,8832.0,368.0236098653439
2024-06-26 10:34:41+08:00,8833.0,365.72125949844457
2024-06-26 10:34:42+08:00,8834.0,363.45469948390115
2024-06-26 10:34:43+08:00,8835.0,361.2287368594934
2024-06-26 10:34:44+08:00,8836.0,359.04817866300124
2024-06-26 10:34:45+08:00,8837.0,356.9178319322046
2024-06-26 10:34:46+08:00,8838.0,354.84250370488337
2024-06-26 10:34:47+08:00,8839.0,352.82700101881755
2024-06-26 10:34:48+08:00,8840.0,350.87613091178696
2024-06-26 10:34:49+08:00,8841.0,348.99470042157157
2024-06-26 10:34:50+08:00,8842.0,347.18751658595113
2024-06-26 10:34:51+08:00,8843.0,345.4593864427058
2024-06-26 10:34:52+08:00,8844.0,343.8151170296153
2024-06-26 10:34:53+08:00,8845.0,342.2595153844596
2024-06-26 10:34:54+08:00,8846.0,340.7973885450187
2024-06-26 10:34:55+08:00,8847.0,339.4335435490723
2024-06-26 10:34:56+08:00,8848.0,338.17278743440045
2024-06-26 10:34:57+08:00,8849.0,337.01992723878305
2024-06-26 10:34:58+08:00,8850.0,335.97977000000003
2024-06-26 10:34:59+08:00,8851.0,335.0033926852278
2024-06-26 10:35:00+08:00,8852.0,334.03939842691364
2024-06-26 10:35:01+08:00,8853.0,333.088883510743
2024-06-26 10:35:02+08:00,8854.0,332.1529442224018
2024-06-26 10:35:03+08:00,8855.0,331.2326768475756
2024-06-26 10:35:04+08:00,8856.0,330.32917767195005
2024-06-26 10:35:05+08:00,8857.0,329.4435429812112
2024-06-26 10:35:06+08:00,8858.0,328.5768690610443
2024-06-26 10:35:07+08:00,8859.0,327.7302521971354
2024-06-26 10:35:08+08:00,8860.0,326.90478867517
2024-06-26 10:35:09+08:00,8861.0,326.10157478083386
2024-06-26 10:35:10+08:00,8862.0,325.3217067998128
2024-06-26 10:35:11+08:00,8863.0,324.56628101779233
2024-06-26 10:35:12+08:00,8864.0,323.8363937204584
2024-06-26 10:35:13+08:00,8865.0,323.13314119349644
2024-06-26 10:35:14+08:00,8866.0,322.4576197225923
2024-06-26 10:35:15+08:00,8867.0,321.81092559343176
2024-06-26 10:35:16+08:00,8868.0,321.19415509170034
2024-06-26 10:35:17+08:00,8869.0,320.608404503084
2024-06-26 10:35:18+08:00,8870.0,320.05477011326815
2024-06-26 10:35:19+08:00,8871.0,319.53434820793865
2024-06-26 10:35:20+08:00,8872.0,319.04823507278127
2024-06-26 10:35:21+08:00,8873.0,318.59752699348155
2024-06-26 10:35:22+08:00,8874.0,318.1833202557254
2024-06-26 10:35:23+08:00,8875.0,317.8067111451983
2024-06-26 10:35:24+08:00,8876.0,317.46879594758605
2024-06-26 10:35:25+08:00,8877.0,317.1706709485744
2024-06-26 10:35:26+08:00,8878.0,316.9134324338491
2024-06-26 10:35:27+08:00,8879.0,316.69817668909565
2024-06-26 10:35:28+08:00,8880.0,316.526
2024-06-26 10:35:29+08:00,8881.0,316.37726999792056
2024-06-26 10:35:30+08:00,8882.0,316.2317109842059
2024-06-26 10:35:31+08:00,8883.0,316.089454249527
2024-06-26 10:35:32+08:00,8884.0,315.9506310845547
2024-06-26 10:35:33+08:00,8885.0,315.8153727799598
2024-06-26 10:35:34+08:00,8886.0,315.683810626413
2024-06-26 10:35:35+08:00,8887.0,315.5560759145855
2024-06-26 10:35:36+08:00,8888.0,315.4322999351479
2024-06-26 10:35:37+08:00,8889.0,315.3126139787712
2024-06-26 10:35:38+08:00,8890.0,315.1971493361262
2024-06-26 10:35:39+08:00,8891.0,315.0860372978837
2024-06-26 10:35:40+08:00,8892.0,314.97940915471463
2024-06-26 10:35:41+08:00,8893.0,314.87739619728984
2024-06-26 10:35:42+08:00,8894.0,314.78012971628016
2024-06-26 10:35:43+08:00,8895.0,314.6877410023565
2024-06-26 10:35:44+08:00,8896.0,314.6003613461896
2024-06-26 10:35:45+08:00,8897.0,314.51812203845043
2024-06-26 10:35:46+08:00,8898.0,314.44115436980974
2024-06-26 10:35:47+08:00,8899.0,314.3695896309385
2024-06-26 10:35:48+08:00,8900.0,314.30355911250757
2024-06-26 10:35:49+08:00,8901.0,314.2431941051876
2024-06-26 10:35:50+08:00,8902.0,314.18862589964976
2024-06-26 10:35:51+08:00,8903.0,314.1399857865647
2024-06-26 10:35:52+08:00,8904.0,314.0974050566033
2024-06-26 10:35:53+08:00,8905.0,314.0610150004364
2024-06-26 10:35:54+08:00,8906.0,314.03094690873496
2024-06-26 10:35:55+08:00,8907.0,314.0073320721696
2024-06-26 10:35:56+08:00,8908.0,313.9903017814115
2024-06-26 10:35:57+08:00,8909.0,313.97998732713137
2024-06-26 10:35:58+08:00,8910.0,313.97652
2024-06-26 10:35:59+08:00,8911.0,314.01134014637034
2024-06-26 10:36:00+08:00,8912.0,314.1126351176296
2024-06-26 10:36:01+08:00,8913.0,314.275656712
2024-06-26 10:36:02+08:00,8914.0,314.4956567277037
2024-06-26 10:36:03+08:00,8915.0,314.76788696296296
2024-06-26 10:36:04+08:00,8916.0,315.087599216
2024-06-26 10:36:05+08:00,8917.0,315.45004528503705
2024-06-26 10:36:06+08:00,8918.0,315.8504769682963
2024-06-26 10:36:07+08:00,8919.0,316.28414606399997
2024-06-26 10:36:08+08:00,8920.0,316.74630437037035
2024-06-26 10:36:09+08:00,8921.0,317.23220368562966
2024-06-26 10:36:10+08:00,8922.0,317.737095808
2024-06-26 10:36:11+08:00,8923.0,318.2562325357037
2024-06-26 10:36:12+08:00,8924.0,318.78486566696296
2024-06-26 10:36:13+08:00,8925.0,319.31824700000004
2024-06-26 10:36:14+08:00,8926.0,319.85162833303707
2024-06-26 10:36:15+08:00,8927.0,320.3802614642963
2024-06-26 10:36:16+08:00,8928.0,320.89939819200004
2024-06-26 10:36:17+08:00,8929.0,321.40429031437037
2024-06-26 10:36:18+08:00,8930.0,321.8901896296296
2024-06-26 10:36:19+08:00,8931.0,322.35234793600006
2024-06-26 10:36:20+08:00,8932.0,322.7860170317037
2024-06-26 10:36:21+08:00,8933.0,323.18644871496303
2024-06-26 10:36:22+08:00,8934.0,323.548894784
2024-06-26 10:36:23+08:00,8935.0,323.86860703703707
2024-06-26 10:36:24+08:00,8936.0,324.1408372722963
2024-06-26 10:36:25+08:00,8937.0,324.360837288
2024-06-26 10:36:26+08:00,8938.0,324.5238588823704
2024-06-26 10:36:27+08:00,8939.0,324.6251538536297
2024-06-26 10:36:28+08:00,8940.0,324.65997400000003
2024-06-26 10:36:29+08:00,8941.0,324.6319304001959
2024-06-26 10:36:30+08:00,8942.0,324.5499463051245
2024-06-26 10:36:31+08:00,8943.0,324.41724177129686
2024-06-26 10:36:32+08:00,8944.0,324.2370368552242
2024-06-26 10:36:33+08:00,8945.0,324.01255161341777
2024-06-26 10:36:34+08:00,8946.0,323.74700610238864
2024-06-26 10:36:35+08:00,8947.0,323.4436203786482
2024-06-26 10:36:36+08:00,8948.0,323.10561449870744
2024-06-26 10:36:37+08:00,8949.0,322.73620851907765
2024-06-26 10:36:38+08:00,8950.0,322.33862249627
2024-06-26 10:36:39+08:00,8951.0,321.9160764867957
2024-06-26 10:36:40+08:00,8952.0,321.4717905471659
2024-06-26 10:36:41+08:00,8953.0,321.00898473389185
2024-06-26 10:36:42+08:00,8954.0,320.5308791034847
2024-06-26 10:36:43+08:00,8955.0,320.0406937124556
2024-06-26 10:36:44+08:00,8956.0,319.5416486173158
2024-06-26 10:36:45+08:00,8957.0,319.0369638745765
2024-06-26 10:36:46+08:00,8958.0,318.5298595407488
2024-06-26 10:36:47+08:00,8959.0,318.02355567234406
2024-06-26 10:36:48+08:00,8960.0,317.52127232587327
2024-06-26 10:36:49+08:00,8961.0,317.0262295578478
2024-06-26 10:36:50+08:00,8962.0,316.54164742477866
2024-06-26 10:36:51+08:00,8963.0,316.07074598317723
2024-06-26 10:36:52+08:00,8964.0,315.6167452895545
2024-06-26 10:36:53+08:00,8965.0,315.18286540042186
2024-06-26 10:36:54+08:00,8966.0,314.7723263722903
2024-06-26 10:36:55+08:00,8967.0,314.3883482616712
2024-06-26 10:36:56+08:00,8968.0,314.03415112507565
2024-06-26 10:36:57+08:00,8969.0,313.7129550190148
2024-06-26 10:36:58+08:00,8970.0,313.42798
2024-06-26 10:36:59+08:00,8971.0,313.1594682295777
2024-06-26 10:37:00+08:00,8972.0,312.88616521033174
2024-06-26 10:37:01+08:00,8973.0,312.60904601032877
2024-06-26 10:37:02+08:00,8974.0,312.3290856976356
2024-06-26 10:37:03+08:00,8975.0,312.0472593403189
2024-06-26 10:37:04+08:00,8976.0,311.7645420064455
2024-06-26 10:37:05+08:00,8977.0,311.48190876408205
2024-06-26 10:37:06+08:00,8978.0,311.2003346812954
2024-06-26 10:37:07+08:00,8979.0,310.9207948261522
2024-06-26 10:37:08+08:00,8980.0,310.64426426671923
2024-06-26 10:37:09+08:00,8981.0,310.37171807106336
2024-06-26 10:37:10+08:00,8982.0,310.1041313072511
2024-06-26 10:37:11+08:00,8983.0,309.84247904334944
2024-06-26 10:37:12+08:00,8984.0,309.5877363474249
2024-06-26 10:37:13+08:00,8985.0,309.3408782875444
2024-06-26 10:37:14+08:00,8986.0,309.10287993177457
2024-06-26 10:37:15+08:00,8987.0,308.8747163481822
2024-06-26 10:37:16+08:00,8988.0,308.65736260483413
2024-06-26 10:37:17+08:00,8989.0,308.45179376979695
2024-06-26 10:37:18+08:00,8990.0,308.2589849111375
2024-06-26 10:37:19+08:00,8991.0,308.0799110969224
2024-06-26 10:37:20+08:00,8992.0,307.91554739521854
2024-06-26 10:37:21+08:00,8993.0,307.7668688740926
2024-06-26 10:37:22+08:00,8994.0,307.6348506016114
2024-06-26 10:37:23+08:00,8995.0,307.52046764584156
2024-06-26 10:37:24+08:00,8996.0,307.4246950748499
2024-06-26 10:37:25+08:00,8997.0,307.3485079567032
2024-06-26 10:37:26+08:00,8998.0,307.29288135946814
2024-06-26 10:37:27+08:00,8999.0,307.2587903512115
2024-06-26 10:37:28+08:00,9000.0,307.24721
2024-06-26 10:37:29+08:00,9001.0,307.27810109629627
2024-06-26 10:37:30+08:00,9002.0,307.3679661037037
2024-06-26 10:37:31+08:00,9003.0,307.5125926
2024-06-26 10:37:32+08:00,9004.0,307.70776816296296
2024-06-26 10:37:33+08:00,9005.0,307.9492803703704
2024-06-26 10:37:34+08:00,9006.0,308.2329168
2024-06-26 10:37:35+08:00,9007.0,308.5544650296296
2024-06-26 10:37:36+08:00,9008.0,308.90971263703705
2024-06-26 10:37:37+08:00,9009.0,309.29444720000004
2024-06-26 10:37:38+08:00,9010.0,309.70445629629626
2024-06-26 10:37:39+08:00,9011.0,310.13552750370366
2024-06-26 10:37:40+08:00,9012.0,310.5834484
2024-06-26 10:37:41+08:00,9013.0,311.044006562963
2024-06-26 10:37:42+08:00,9014.0,311.5129895703704
2024-06-26 10:37:43+08:00,9015.0,311.98618500000003
2024-06-26 10:37:44+08:00,9016.0,312.4593804296296
2024-06-26 10:37:45+08:00,9017.0,312.92836343703704
2024-06-26 10:37:46+08:00,9018.0,313.3889216
2024-06-26 10:37:47+08:00,9019.0,313.8368424962963
2024-06-26 10:37:48+08:00,9020.0,314.2679137037037
2024-06-26 10:37:49+08:00,9021.0,314.6779228
2024-06-26 10:37:50+08:00,9022.0,315.06265736296297
2024-06-26 10:37:51+08:00,9023.0,315.4179049703704
2024-06-26 10:37:52+08:00,9024.0,315.7394532
2024-06-26 10:37:53+08:00,9025.0,316.0230896296296
2024-06-26 10:37:54+08:00,9026.0,316.2646018370371
2024-06-26 10:37:55+08:00,9027.0,316.4597774
2024-06-26 10:37:56+08:00,9028.0,316.60440389629633
2024-06-26 10:37:57+08:00,9029.0,316.69426890370374
2024-06-26 10:37:58+08:00,9030.0,316.72516
2024-06-26 10:37:59+08:00,9031.0,316.6664279007484
2024-06-26 10:38:00+08:00,9032.0,316.49548422051475
2024-06-26 10:38:01+08:00,9033.0,316.22020788558103
2024-06-26 10:38:02+08:00,9034.0,315.84847782222926
2024-06-26 10:38:03+08:00,9035.0,315.3881729567413
2024-06-26 10:38:04+08:00,9036.0,314.84717221539915
2024-06-26 10:38:05+08:00,9037.0,314.23335452448475
2024-06-26 10:38:06+08:00,9038.0,313.55459881028014
2024-06-26 10:38:07+08:00,9039.0,312.8187839990671
2024-06-26 10:38:08+08:00,9040.0,312.0337890171277
2024-06-26 10:38:09+08:00,9041.0,311.20749279074386
2024-06-26 10:38:10+08:00,9042.0,310.3477742461975
2024-06-26 10:38:11+08:00,9043.0,309.4625123097706
2024-06-26 10:38:12+08:00,9044.0,308.5595859077451
2024-06-26 10:38:13+08:00,9045.0,307.64687396640295
2024-06-26 10:38:14+08:00,9046.0,306.7322554120261
2024-06-26 10:38:15+08:00,9047.0,305.8236091708966
2024-06-26 10:38:16+08:00,9048.0,304.92881416929623
2024-06-26 10:38:17+08:00,9049.0,304.05574933350704
2024-06-26 10:38:18+08:00,9050.0,303.2122935898109
2024-06-26 10:38:19+08:00,9051.0,302.4063258644899
2024-06-26 10:38:20+08:00,9052.0,301.6457250838259
2024-06-26 10:38:21+08:00,9053.0,300.9383701741008
2024-06-26 10:38:22+08:00,9054.0,300.2921400615966
2024-06-26 10:38:23+08:00,9055.0,299.7149136725953
2024-06-26 10:38:24+08:00,9056.0,299.2145699333788
2024-06-26 10:38:25+08:00,9057.0,298.7989877702291
2024-06-26 10:38:26+08:00,9058.0,298.47604610942807
2024-06-26 10:38:27+08:00,9059.0,298.2536238772577
2024-06-26 10:38:28+08:00,9060.0,298.1396
2024-06-26 10:38:29+08:00,9061.0,298.084939294205
2024-06-26 10:38:30+08:00,9062.0,298.0351290600527
2024-06-26 10:38:31+08:00,9063.0,297.98983194926944
2024-06-26 10:38:32+08:00,9064.0,297.9487106135817
2024-06-26 10:38:33+08:00,9065.0,297.9114277047159
2024-06-26 10:38:34+08:00,9066.0,297.87764587439847
2024-06-26 10:38:35+08:00,9067.0,297.84702777435575
2024-06-26 10:38:36+08:00,9068.0,297.8192360563143
2024-06-26 10:38:37+08:00,9069.0,297.7939333720005
2024-06-26 10:38:38+08:00,9070.0,297.77078237314066
2024-06-26 10:38:39+08:00,9071.0,297.7494457114614
2024-06-26 10:38:40+08:00,9072.0,297.72958603868904
2024-06-26 10:38:41+08:00,9073.0,297.71086600655
2024-06-26 10:38:42+08:00,9074.0,297.6929482667708
2024-06-26 10:38:43+08:00,9075.0,297.67549547107797
2024-06-26 10:38:44+08:00,9076.0,297.6581702711976
2024-06-26 10:38:45+08:00,9077.0,297.64063531885625
2024-06-26 10:38:46+08:00,9078.0,297.6225532657805
2024-06-26 10:38:47+08:00,9079.0,297.6035867636966
2024-06-26 10:38:48+08:00,9080.0,297.58339846433114
2024-06-26 10:38:49+08:00,9081.0,297.56165101941036
2024-06-26 10:38:50+08:00,9082.0,297.5380070806609
2024-06-26 10:38:51+08:00,9083.0,297.51212929980903
2024-06-26 10:38:52+08:00,9084.0,297.4836803285813
2024-06-26 10:38:53+08:00,9085.0,297.452322818704
2024-06-26 10:38:54+08:00,9086.0,297.4177194219036
2024-06-26 10:38:55+08:00,9087.0,297.3795327899066
2024-06-26 10:38:56+08:00,9088.0,297.33742557443935
2024-06-26 10:38:57+08:00,9089.0,297.2910604272284
2024-06-26 10:38:58+08:00,9090.0,297.2401
2024-06-26 10:38:59+08:00,9091.0,297.1665073283196
2024-06-26 10:39:00+08:00,9092.0,297.0543895887496
2024-06-26 10:39:01+08:00,9093.0,296.90662564451236
2024-06-26 10:39:02+08:00,9094.0,296.7260943588301
2024-06-26 10:39:03+08:00,9095.0,296.5156745949251
2024-06-26 10:39:04+08:00,9096.0,296.27824521601957
2024-06-26 10:39:05+08:00,9097.0,296.0166850853357
2024-06-26 10:39:06+08:00,9098.0,295.73387306609595
2024-06-26 10:39:07+08:00,9099.0,295.43268802152244
2024-06-26 10:39:08+08:00,9100.0,295.1160088148374
2024-06-26 10:39:09+08:00,9101.0,294.78671430926323
2024-06-26 10:39:10+08:00,9102.0,294.447683368022
2024-06-26 10:39:11+08:00,9103.0,294.1017948543361
2024-06-26 10:39:12+08:00,9104.0,293.75192763142775
2024-06-26 10:39:13+08:00,9105.0,293.4009605625191
2024-06-26 10:39:14+08:00,9106.0,293.0517725108326
2024-06-26 10:39:15+08:00,9107.0,292.7072423395904
2024-06-26 10:39:16+08:00,9108.0,292.37024891201474
2024-06-26 10:39:17+08:00,9109.0,292.04367109132784
2024-06-26 10:39:18+08:00,9110.0,291.73038774075206
2024-06-26 10:39:19+08:00,9111.0,291.43327772350966
2024-06-26 10:39:20+08:00,9112.0,291.1552199028228
2024-06-26 10:39:21+08:00,9113.0,290.89909314191385
2024-06-26 10:39:22+08:00,9114.0,290.6677763040049
2024-06-26 10:39:23+08:00,9115.0,290.46414825231835
2024-06-26 10:39:24+08:00,9116.0,290.29108785007645
2024-06-26 10:39:25+08:00,9117.0,290.1514739605014
2024-06-26 10:39:26+08:00,9118.0,290.04818544681547
2024-06-26 10:39:27+08:00,9119.0,289.9841011722409
2024-06-26 10:39:28+08:00,9120.0,289.9621
2024-06-26 10:39:29+08:00,9121.0,289.9922520592593
2024-06-26 10:39:30+08:00,9122.0,290.0799671407408
2024-06-26 10:39:31+08:00,9123.0,290.22113360000003
2024-06-26 10:39:32+08:00,9124.0,290.4116397925926
2024-06-26 10:39:33+08:00,9125.0,290.6473740740741
2024-06-26 10:39:34+08:00,9126.0,290.9242248
2024-06-26 10:39:35+08:00,9127.0,291.238080325926
2024-06-26 10:39:36+08:00,9128.0,291.58482900740745
2024-06-26 10:39:37+08:00,9129.0,291.9603592
2024-06-26 10:39:38+08:00,9130.0,292.3605592592593
2024-06-26 10:39:39+08:00,9131.0,292.78131754074076
2024-06-26 10:39:40+08:00,9132.0,293.2185224
2024-06-26 10:39:41+08:00,9133.0,293.6680621925926
2024-06-26 10:39:42+08:00,9134.0,294.1258252740741
2024-06-26 10:39:43+08:00,9135.0,294.58770000000004
2024-06-26 10:39:44+08:00,9136.0,295.04957472592594
2024-06-26 10:39:45+08:00,9137.0,295.50733780740745
2024-06-26 10:39:46+08:00,9138.0,295.9568776
2024-06-26 10:39:47+08:00,9139.0,296.39408245925927
2024-06-26 10:39:48+08:00,9140.0,296.81484074074075
2024-06-26 10:39:49+08:00,9141.0,297.21504080000005
2024-06-26 10:39:50+08:00,9142.0,297.5905709925926
2024-06-26 10:39:51+08:00,9143.0,297.93731967407405
2024-06-26 10:39:52+08:00,9144.0,298.25117520000003
2024-06-26 10:39:53+08:00,9145.0,298.52802592592593
2024-06-26 10:39:54+08:00,9146.0,298.7637602074074
2024-06-26 10:39:55+08:00,9147.0,298.9542664
2024-06-26 10:39:56+08:00,9148.0,299.09543285925923
2024-06-26 10:39:57+08:00,9149.0,299.18314794074075
2024-06-26 10:39:58+08:00,9150.0,299.2133
2024-06-26 10:39:59+08:00,9151.0,299.21083965257105
2024-06-26 10:40:00+08:00,9152.0,299.2035700145273
2024-06-26 10:40:01+08:00,9153.0,299.19165819223326
2024-06-26 10:40:02+08:00,9154.0,299.1752712920537
2024-06-26 10:40:03+08:00,9155.0,299.1545764203531
2024-06-26 10:40:04+08:00,9156.0,299.1297406834962
2024-06-26 10:40:05+08:00,9157.0,299.1009311878475
2024-06-26 10:40:06+08:00,9158.0,299.0683150397716
2024-06-26 10:40:07+08:00,9159.0,299.0320593456332
2024-06-26 10:40:08+08:00,9160.0,298.9923312117968
2024-06-26 10:40:09+08:00,9161.0,298.9492977446271
2024-06-26 10:40:10+08:00,9162.0,298.9031260504886
2024-06-26 10:40:11+08:00,9163.0,298.85398323574606
2024-06-26 10:40:12+08:00,9164.0,298.802036406764
2024-06-26 10:40:13+08:00,9165.0,298.7474526699071
2024-06-26 10:40:14+08:00,9166.0,298.69039913153983
2024-06-26 10:40:15+08:00,9167.0,298.63104289802686
2024-06-26 10:40:16+08:00,9168.0,298.56955107573293
2024-06-26 10:40:17+08:00,9169.0,298.5060907710225
2024-06-26 10:40:18+08:00,9170.0,298.4408290902602
2024-06-26 10:40:19+08:00,9171.0,298.37393313981073
2024-06-26 10:40:20+08:00,9172.0,298.30557002603854
2024-06-26 10:40:21+08:00,9173.0,298.2359068553084
2024-06-26 10:40:22+08:00,9174.0,298.1651107339849
2024-06-26 10:40:23+08:00,9175.0,298.09334876843246
2024-06-26 10:40:24+08:00,9176.0,298.0207880650159
2024-06-26 10:40:25+08:00,9177.0,297.94759573009975
2024-06-26 10:40:26+08:00,9178.0,297.87393887004873
2024-06-26 10:40:27+08:00,9179.0,297.79998459122726
2024-06-26 10:40:28+08:00,9180.0,297.7259
2024-06-26 10:40:29+08:00,9181.0,297.6423332458098
2024-06-26 10:40:30+08:00,9182.0,297.5407944929143
2024-06-26 10:40:31+08:00,9183.0,297.4227438699002
2024-06-26 10:40:32+08:00,9184.0,297.28964150535455
2024-06-26 10:40:33+08:00,9185.0,297.1429475278639
2024-06-26 10:40:34+08:00,9186.0,296.9841220660152
2024-06-26 10:40:35+08:00,9187.0,296.8146252483953
2024-06-26 10:40:36+08:00,9188.0,296.63591720359113
2024-06-26 10:40:37+08:00,9189.0,296.4494580601894
2024-06-26 10:40:38+08:00,9190.0,296.2567079467768
2024-06-26 10:40:39+08:00,9191.0,296.0591269919405
2024-06-26 10:40:40+08:00,9192.0,295.85817532426717
2024-06-26 10:40:41+08:00,9193.0,295.6553130723435
2024-06-26 10:40:42+08:00,9194.0,295.4520003647565
2024-06-26 10:40:43+08:00,9195.0,295.249697330093
2024-06-26 10:40:44+08:00,9196.0,295.04986409693976
2024-06-26 10:40:45+08:00,9197.0,294.8539607938836
2024-06-26 10:40:46+08:00,9198.0,294.66344754951143
2024-06-26 10:40:47+08:00,9199.0,294.47978449241003
2024-06-26 10:40:48+08:00,9200.0,294.30443175116625
2024-06-26 10:40:49+08:00,9201.0,294.13884945436683
2024-06-26 10:40:50+08:00,9202.0,293.9844977305988
2024-06-26 10:40:51+08:00,9203.0,293.84283670844883
2024-06-26 10:40:52+08:00,9204.0,293.71532651650386
2024-06-26 10:40:53+08:00,9205.0,293.6034272833506
2024-06-26 10:40:54+08:00,9206.0,293.5085991375759
2024-06-26 10:40:55+08:00,9207.0,293.4323022077667
2024-06-26 10:40:56+08:00,9208.0,293.3759966225098
2024-06-26 10:40:57+08:00,9209.0,293.3411425103919
2024-06-26 10:40:58+08:00,9210.0,293.3292
2024-06-26 10:40:59+08:00,9211.0,293.3399738074074
2024-06-26 10:41:00+08:00,9212.0,293.3713157925926
2024-06-26 10:41:01+08:00,9213.0,293.4217568
2024-06-26 10:41:02+08:00,9214.0,293.48982767407404
2024-06-26 10:41:03+08:00,9215.0,293.5740592592593
2024-06-26 10:41:04+08:00,9216.0,293.6729824
2024-06-26 10:41:05+08:00,9217.0,293.7851279407408
2024-06-26 10:41:06+08:00,9218.0,293.90902672592597
2024-06-26 10:41:07+08:00,9219.0,294.0432096
2024-06-26 10:41:08+08:00,9220.0,294.1862074074074
2024-06-26 10:41:09+08:00,9221.0,294.3365509925926
2024-06-26 10:41:10+08:00,9222.0,294.4927712
2024-06-26 10:41:11+08:00,9223.0,294.65339887407407
2024-06-26 10:41:12+08:00,9224.0,294.81696485925926
2024-06-26 10:41:13+08:00,9225.0,294.982
2024-06-26 10:41:14+08:00,9226.0,295.14703514074074
2024-06-26 10:41:15+08:00,9227.0,295.3106011259259
2024-06-26 10:41:16+08:00,9228.0,295.4712288
2024-06-26 10:41:17+08:00,9229.0,295.62744900740745
2024-06-26 10:41:18+08:00,9230.0,295.77779259259256
2024-06-26 10:41:19+08:00,9231.0,295.9207904
2024-06-26 10:41:20+08:00,9232.0,296.05497327407403
2024-06-26 10:41:21+08:00,9233.0,296.1788720592592
2024-06-26 10:41:22+08:00,9234.0,296.2910176
2024-06-26 10:41:23+08:00,9235.0,296.3899407407407
2024-06-26 10:41:24+08:00,9236.0,296.4741723259259
2024-06-26 10:41:25+08:00,9237.0,296.5422432
2024-06-26 10:41:26+08:00,9238.0,296.5926842074074
2024-06-26 10:41:27+08:00,9239.0,296.62402619259257
2024-06-26 10:41:28+08:00,9240.0,296.6348
2024-06-26 10:41:29+08:00,9241.0,296.616727310201
2024-06-26 10:41:30+08:00,9242.0,296.56313569610205
2024-06-26 10:41:31+08:00,9243.0,296.47496484064993
2024-06-26 10:41:32+08:00,9244.0,296.35315442679166
2024-06-26 10:41:33+08:00,9245.0,296.1986441374741
2024-06-26 10:41:34+08:00,9246.0,296.01237365564424
2024-06-26 10:41:35+08:00,9247.0,295.7952826642489
2024-06-26 10:41:36+08:00,9248.0,295.54831084623504
2024-06-26 10:41:37+08:00,9249.0,295.27239788454955
2024-06-26 10:41:38+08:00,9250.0,294.96848346213943
2024-06-26 10:41:39+08:00,9251.0,294.63750726195155
2024-06-26 10:41:40+08:00,9252.0,294.2804089669327
2024-06-26 10:41:41+08:00,9253.0,293.89812826003
2024-06-26 10:41:42+08:00,9254.0,293.49160482419023
2024-06-26 10:41:43+08:00,9255.0,293.06177834236036
2024-06-26 10:41:44+08:00,9256.0,292.60958849748727
2024-06-26 10:41:45+08:00,9257.0,292.1359749725179
2024-06-26 10:41:46+08:00,9258.0,291.64187745039914
2024-06-26 10:41:47+08:00,9259.0,291.12823561407794
2024-06-26 10:41:48+08:00,9260.0,290.59598914650115
2024-06-26 10:41:49+08:00,9261.0,290.04607773061576
2024-06-26 10:41:50+08:00,9262.0,289.47944104936863
2024-06-26 10:41:51+08:00,9263.0,288.8970187857068
2024-06-26 10:41:52+08:00,9264.0,288.299750622577
2024-06-26 10:41:53+08:00,9265.0,287.6885762429263
2024-06-26 10:41:54+08:00,9266.0,287.06443532970144
2024-06-26 10:41:55+08:00,9267.0,286.42826756584947
2024-06-26 10:41:56+08:00,9268.0,285.78101263431734
2024-06-26 10:41:57+08:00,9269.0,285.12361021805185
2024-06-26 10:41:58+08:00,9270.0,284.457
2024-06-26 10:41:59+08:00,9271.0,283.64116231528146
2024-06-26 10:42:00+08:00,9272.0,282.54964363234933
2024-06-26 10:42:01+08:00,9273.0,281.2037328341505
2024-06-26 10:42:02+08:00,9274.0,279.6247188036319
2024-06-26 10:42:03+08:00,9275.0,277.8338904237404
2024-06-26 10:42:04+08:00,9276.0,275.852536577423
2024-06-26 10:42:05+08:00,9277.0,273.70194614762653
2024-06-26 10:42:06+08:00,9278.0,271.403408017298
2024-06-26 10:42:07+08:00,9279.0,268.97821106938426
2024-06-26 10:42:08+08:00,9280.0,266.4476441868321
2024-06-26 10:42:09+08:00,9281.0,263.8329962525887
2024-06-26 10:42:10+08:00,9282.0,261.15555614960084
2024-06-26 10:42:11+08:00,9283.0,258.4366127608155
2024-06-26 10:42:12+08:00,9284.0,255.69745496917943
2024-06-26 10:42:13+08:00,9285.0,252.95937165763965
2024-06-26 10:42:14+08:00,9286.0,250.2436517091431
2024-06-26 10:42:15+08:00,9287.0,247.5715840066367
2024-06-26 10:42:16+08:00,9288.0,244.96445743306725
2024-06-26 10:42:17+08:00,9289.0,242.4435608713818
2024-06-26 10:42:18+08:00,9290.0,240.0301832045272
2024-06-26 10:42:19+08:00,9291.0,237.74561331545038
2024-06-26 10:42:20+08:00,9292.0,235.6111400870983
2024-06-26 10:42:21+08:00,9293.0,233.64805240241776
2024-06-26 10:42:22+08:00,9294.0,231.87763914435578
2024-06-26 10:42:23+08:00,9295.0,230.32118919585923
2024-06-26 10:42:24+08:00,9296.0,228.99999143987498
2024-06-26 10:42:25+08:00,9297.0,227.93533475935007
2024-06-26 10:42:26+08:00,9298.0,227.1485080372313
2024-06-26 10:42:27+08:00,9299.0,226.66080015646565
2024-06-26 10:42:28+08:00,9300.0,226.4935
2024-06-26 10:42:29+08:00,9301.0,226.4996877037037
2024-06-26 10:42:30+08:00,9302.0,226.5176882962963
2024-06-26 10:42:31+08:00,9303.0,226.546658
2024-06-26 10:42:32+08:00,9304.0,226.58575303703705
2024-06-26 10:42:33+08:00,9305.0,226.63412962962965
2024-06-26 10:42:34+08:00,9306.0,226.69094400000003
2024-06-26 10:42:35+08:00,9307.0,226.7553523703704
2024-06-26 10:42:36+08:00,9308.0,226.82651096296297
2024-06-26 10:42:37+08:00,9309.0,226.90357600000002
2024-06-26 10:42:38+08:00,9310.0,226.98570370370373
2024-06-26 10:42:39+08:00,9311.0,227.0720502962963
2024-06-26 10:42:40+08:00,9312.0,227.161772
2024-06-26 10:42:41+08:00,9313.0,227.25402503703702
2024-06-26 10:42:42+08:00,9314.0,227.34796562962964
2024-06-26 10:42:43+08:00,9315.0,227.44275
2024-06-26 10:42:44+08:00,9316.0,227.53753437037037
2024-06-26 10:42:45+08:00,9317.0,227.63147496296295
2024-06-26 10:42:46+08:00,9318.0,227.723728
2024-06-26 10:42:47+08:00,9319.0,227.81344970370372
2024-06-26 10:42:48+08:00,9320.0,227.8997962962963
2024-06-26 10:42:49+08:00,9321.0,227.981924
2024-06-26 10:42:50+08:00,9322.0,228.05898903703704
2024-06-26 10:42:51+08:00,9323.0,228.13014762962962
2024-06-26 10:42:52+08:00,9324.0,228.19455599999998
2024-06-26 10:42:53+08:00,9325.0,228.25137037037038
2024-06-26 10:42:54+08:00,9326.0,228.29974696296296
2024-06-26 10:42:55+08:00,9327.0,228.338842
2024-06-26 10:42:56+08:00,9328.0,228.3678117037037
2024-06-26 10:42:57+08:00,9329.0,228.3858122962963
2024-06-26 10:42:58+08:00,9330.0,228.392
2024-06-26 10:42:59+08:00,9331.0,228.27655221761393
2024-06-26 10:43:00+08:00,9332.0,227.93642681745155
2024-06-26 10:43:01+08:00,9333.0,227.3809507200065
2024-06-26 10:43:02+08:00,9334.0,226.6194508457724
2024-06-26 10:43:03+08:00,9335.0,225.66125411524305
2024-06-26 10:43:04+08:00,9336.0,224.515687448912
2024-06-26 10:43:05+08:00,9337.0,223.1920777672729
2024-06-26 10:43:06+08:00,9338.0,221.69975199081952
2024-06-26 10:43:07+08:00,9339.0,220.04803704004544
2024-06-26 10:43:08+08:00,9340.0,218.2462598354444
2024-06-26 10:43:09+08:00,9341.0,216.30374729750997
2024-06-26 10:43:10+08:00,9342.0,214.2298263467359
2024-06-26 10:43:11+08:00,9343.0,212.03382390361585
2024-06-26 10:43:12+08:00,9344.0,209.72506688864348
2024-06-26 10:43:13+08:00,9345.0,207.3128822223124
2024-06-26 10:43:14+08:00,9346.0,204.80659682511634
2024-06-26 10:43:15+08:00,9347.0,202.21553761754896
2024-06-26 10:43:16+08:00,9348.0,199.54903152010388
2024-06-26 10:43:17+08:00,9349.0,196.81640545327483
2024-06-26 10:43:18+08:00,9350.0,194.02698633755546
2024-06-26 10:43:19+08:00,9351.0,191.1901010934394
2024-06-26 10:43:20+08:00,9352.0,188.31507664142035
2024-06-26 10:43:21+08:00,9353.0,185.41123990199196
2024-06-26 10:43:22+08:00,9354.0,182.48791779564792
2024-06-26 10:43:23+08:00,9355.0,179.55443724288187
2024-06-26 10:43:24+08:00,9356.0,176.6201251641875
2024-06-26 10:43:25+08:00,9357.0,173.69430848005845
2024-06-26 10:43:26+08:00,9358.0,170.78631411098843
2024-06-26 10:43:27+08:00,9359.0,167.90546897747103
2024-06-26 10:43:28+08:00,9360.0,165.0611
2024-06-26 10:43:29+08:00,9361.0,162.00663874045492
2024-06-26 10:43:30+08:00,9362.0,158.5146160590857
2024-06-26 10:43:31+08:00,9363.0,154.62300782394158
2024-06-26 10:43:32+08:00,9364.0,150.3697899030718
2024-06-26 10:43:33+08:00,9365.0,145.79293816452557
2024-06-26 10:43:34+08:00,9366.0,140.93042847635212
2024-06-26 10:43:35+08:00,9367.0,135.82023670660067
2024-06-26 10:43:36+08:00,9368.0,130.50033872332043
2024-06-26 10:43:37+08:00,9369.0,125.00871039456062
2024-06-26 10:43:38+08:00,9370.0,119.3833275883705
2024-06-26 10:43:39+08:00,9371.0,113.66216617279926
2024-06-26 10:43:40+08:00,9372.0,107.88320201589612
2024-06-26 10:43:41+08:00,9373.0,102.08441098571032
2024-06-26 10:43:42+08:00,9374.0,96.30376895029109
2024-06-26 10:43:43+08:00,9375.0,90.5792517776876
2024-06-26 10:43:44+08:00,9376.0,84.94883533594914
2024-06-26 10:43:45+08:00,9377.0,79.45049549312489
2024-06-26 10:43:46+08:00,9378.0,74.12220811726408
2024-06-26 10:43:47+08:00,9379.0,69.00194907641594
2024-06-26 10:43:48+08:00,9380.0,64.12769423862972
2024-06-26 10:43:49+08:00,9381.0,59.53741947195456
2024-06-26 10:43:50+08:00,9382.0,55.26910064443976
2024-06-26 10:43:51+08:00,9383.0,51.360713624134505
2024-06-26 10:43:52+08:00,9384.0,47.85023427908803
2024-06-26 10:43:53+08:00,9385.0,44.77563847734956
2024-06-26 10:43:54+08:00,9386.0,42.17490208696833
2024-06-26 10:43:55+08:00,9387.0,40.086000975993514
2024-06-26 10:43:56+08:00,9388.0,38.546911012474396
2024-06-26 10:43:57+08:00,9389.0,37.59560806446015
2024-06-26 10:43:58+08:00,9390.0,37.270068
2024-06-26 10:43:59+08:00,9391.0,37.27909494874074
2024-06-26 10:44:00+08:00,9392.0,37.305355163259264
2024-06-26 10:44:01+08:00,9393.0,37.347617696
2024-06-26 10:44:02+08:00,9394.0,37.40465159940741
2024-06-26 10:44:03+08:00,9395.0,37.47522592592593
2024-06-26 10:44:04+08:00,9396.0,37.558109728
2024-06-26 10:44:05+08:00,9397.0,37.652072058074076
2024-06-26 10:44:06+08:00,9398.0,37.75588196859259
2024-06-26 10:44:07+08:00,9399.0,37.868308512000006
2024-06-26 10:44:08+08:00,9400.0,37.98812074074075
2024-06-26 10:44:09+08:00,9401.0,38.114087707259266
2024-06-26 10:44:10+08:00,9402.0,38.244978464
2024-06-26 10:44:11+08:00,9403.0,38.37956206340741
2024-06-26 10:44:12+08:00,9404.0,38.51660755792593
2024-06-26 10:44:13+08:00,9405.0,38.654884
2024-06-26 10:44:14+08:00,9406.0,38.79316044207408
2024-06-26 10:44:15+08:00,9407.0,38.93020593659259
2024-06-26 10:44:16+08:00,9408.0,39.064789536000006
2024-06-26 10:44:17+08:00,9409.0,39.19568029274075
2024-06-26 10:44:18+08:00,9410.0,39.321647259259265
2024-06-26 10:44:19+08:00,9411.0,39.44145948800001
2024-06-26 10:44:20+08:00,9412.0,39.55388603140741
2024-06-26 10:44:21+08:00,9413.0,39.65769594192593
2024-06-26 10:44:22+08:00,9414.0,39.75165827200001
2024-06-26 10:44:23+08:00,9415.0,39.83454207407408
2024-06-26 10:44:24+08:00,9416.0,39.9051164005926
2024-06-26 10:44:25+08:00,9417.0,39.962150304000005
2024-06-26 10:44:26+08:00,9418.0,40.00441283674074
2024-06-26 10:44:27+08:00,9419.0,40.03067305125926
2024-06-26 10:44:28+08:00,9420.0,40.0397
2024-06-26 10:44:29+08:00,9421.0,40.0293516427067
2024-06-26 10:44:30+08:00,9422.0,39.999183177963054
2024-06-26 10:44:31+08:00,9423.0,39.9505095164734
2024-06-26 10:44:32+08:00,9424.0,39.88464556894212
2024-06-26 10:44:33+08:00,9425.0,39.80290624607356
2024-06-26 10:44:34+08:00,9426.0,39.70660645857208
2024-06-26 10:44:35+08:00,9427.0,39.59706111714207
2024-06-26 10:44:36+08:00,9428.0,39.47558513248784
2024-06-26 10:44:37+08:00,9429.0,39.343493415313795
2024-06-26 10:44:38+08:00,9430.0,39.20210087632428
2024-06-26 10:44:39+08:00,9431.0,39.052722426223646
2024-06-26 10:44:40+08:00,9432.0,38.89667297571626
2024-06-26 10:44:41+08:00,9433.0,38.735267435506486
2024-06-26 10:44:42+08:00,9434.0,38.56982071629868
2024-06-26 10:44:43+08:00,9435.0,38.40164772879721
2024-06-26 10:44:44+08:00,9436.0,38.23206338370643
2024-06-26 10:44:45+08:00,9437.0,38.0623825917307
2024-06-26 10:44:46+08:00,9438.0,37.89392026357439
2024-06-26 10:44:47+08:00,9439.0,37.72799130994184
2024-06-26 10:44:48+08:00,9440.0,37.565910641537435
2024-06-26 10:44:49+08:00,9441.0,37.40899316906552
2024-06-26 10:44:50+08:00,9442.0,37.258553803230456
2024-06-26 10:44:51+08:00,9443.0,37.115907454736615
2024-06-26 10:44:52+08:00,9444.0,36.98236903428834
2024-06-26 10:44:53+08:00,9445.0,36.85925345259
2024-06-26 10:44:54+08:00,9446.0,36.747875620345965
2024-06-26 10:44:55+08:00,9447.0,36.64955044826059
2024-06-26 10:44:56+08:00,9448.0,36.565592847038225
2024-06-26 10:44:57+08:00,9449.0,36.49731772738324
2024-06-26 10:44:58+08:00,9450.0,36.446039999999996
2024-06-26 10:44:59+08:00,9451.0,36.40499506750028
2024-06-26 10:45:00+08:00,9452.0,36.366439435117286
2024-06-26 10:45:01+08:00,9453.0,36.33021966748755
2024-06-26 10:45:02+08:00,9454.0,36.29618232924754
2024-06-26 10:45:03+08:00,9455.0,36.2641739850338
2024-06-26 10:45:04+08:00,9456.0,36.23404119948281
2024-06-26 10:45:05+08:00,9457.0,36.20563053723109
2024-06-26 10:45:06+08:00,9458.0,36.17878856291512
2024-06-26 10:45:07+08:00,9459.0,36.153361841171446
2024-06-26 10:45:08+08:00,9460.0,36.12919693663653
2024-06-26 10:45:09+08:00,9461.0,36.10614041394692
2024-06-26 10:45:10+08:00,9462.0,36.08403883773908
2024-06-26 10:45:11+08:00,9463.0,36.062738772649546
2024-06-26 10:45:12+08:00,9464.0,36.042086783314815
2024-06-26 10:45:13+08:00,9465.0,36.02192943437137
2024-06-26 10:45:14+08:00,9466.0,36.00211329045575
2024-06-26 10:45:15+08:00,9467.0,35.982484916204434
2024-06-26 10:45:16+08:00,9468.0,35.96289087625396
2024-06-26 10:45:17+08:00,9469.0,35.94317773524079
2024-06-26 10:45:18+08:00,9470.0,35.923192057801465
2024-06-26 10:45:19+08:00,9471.0,35.902780408572454
2024-06-26 10:45:20+08:00,9472.0,35.88178935219031
2024-06-26 10:45:21+08:00,9473.0,35.8600654532915
2024-06-26 10:45:22+08:00,9474.0,35.83745527651255
2024-06-26 10:45:23+08:00,9475.0,35.813805386489946
2024-06-26 10:45:24+08:00,9476.0,35.78896234786021
2024-06-26 10:45:25+08:00,9477.0,35.76277272525984
2024-06-26 10:45:26+08:00,9478.0,35.73508308332535
2024-06-26 10:45:27+08:00,9479.0,35.70573998669324
2024-06-26 10:45:28+08:00,9480.0,35.67459
2024-06-26 10:45:29+08:00,9481.0,35.64041305504451
2024-06-26 10:45:30+08:00,9482.0,35.60232841426716
2024-06-26 10:45:31+08:00,9483.0,35.56069163826676
2024-06-26 10:45:32+08:00,9484.0,35.515858287642125
2024-06-26 10:45:33+08:00,9485.0,35.468183922992054
2024-06-26 10:45:34+08:00,9486.0,35.418024104915375
2024-06-26 10:45:35+08:00,9487.0,35.36573439401088
2024-06-26 10:45:36+08:00,9488.0,35.3116703508774
2024-06-26 10:45:37+08:00,9489.0,35.25618753611375
2024-06-26 10:45:38+08:00,9490.0,35.19964151031872
2024-06-26 10:45:39+08:00,9491.0,35.142387834091124
2024-06-26 10:45:40+08:00,9492.0,35.08478206802979
2024-06-26 10:45:41+08:00,9493.0,35.02717977273352
2024-06-26 10:45:42+08:00,9494.0,34.969936508801126
2024-06-26 10:45:43+08:00,9495.0,34.91340783683141
2024-06-26 10:45:44+08:00,9496.0,34.857949317423206
2024-06-26 10:45:45+08:00,9497.0,34.8039165111753
2024-06-26 10:45:46+08:00,9498.0,34.75166497868653
2024-06-26 10:45:47+08:00,9499.0,34.70155028055568
2024-06-26 10:45:48+08:00,9500.0,34.65392797738158
2024-06-26 10:45:49+08:00,9501.0,34.60915362976303
2024-06-26 10:45:50+08:00,9502.0,34.56758279829885
2024-06-26 10:45:51+08:00,9503.0,34.52957104358785
2024-06-26 10:45:52+08:00,9504.0,34.49547392622884
2024-06-26 10:45:53+08:00,9505.0,34.465647006820625
2024-06-26 10:45:54+08:00,9506.0,34.440445845962024
2024-06-26 10:45:55+08:00,9507.0,34.420226004251866
2024-06-26 10:45:56+08:00,9508.0,34.40534304228892
2024-06-26 10:45:57+08:00,9509.0,34.396152520672025
2024-06-26 10:45:58+08:00,9510.0,34.39301
2024-06-26 10:45:59+08:00,9511.0,34.396900915489155
2024-06-26 10:46:00+08:00,9512.0,34.408287020739735
2024-06-26 10:46:01+08:00,9513.0,34.42673835392639
2024-06-26 10:46:02+08:00,9514.0,34.451824953223785
2024-06-26 10:46:03+08:00,9515.0,34.483116856806575
2024-06-26 10:46:04+08:00,9516.0,34.5201841028494
2024-06-26 10:46:05+08:00,9517.0,34.562596729526945
2024-06-26 10:46:06+08:00,9518.0,34.609924775013845
2024-06-26 10:46:07+08:00,9519.0,34.661738277484766
2024-06-26 10:46:08+08:00,9520.0,34.71760727511436
2024-06-26 10:46:09+08:00,9521.0,34.77710180607729
2024-06-26 10:46:10+08:00,9522.0,34.839791908548214
2024-06-26 10:46:11+08:00,9523.0,34.90524762070178
2024-06-26 10:46:12+08:00,9524.0,34.97303898071265
2024-06-26 10:46:13+08:00,9525.0,35.04273602675549
2024-06-26 10:46:14+08:00,9526.0,35.11390879700494
2024-06-26 10:46:15+08:00,9527.0,35.18612732963567
2024-06-26 10:46:16+08:00,9528.0,35.25896166282232
2024-06-26 10:46:17+08:00,9529.0,35.33198183473957
2024-06-26 10:46:18+08:00,9530.0,35.404757883562056
2024-06-26 10:46:19+08:00,9531.0,35.47685984746445
2024-06-26 10:46:20+08:00,9532.0,35.547857764621405
2024-06-26 10:46:21+08:00,9533.0,35.61732167320758
2024-06-26 10:46:22+08:00,9534.0,35.684821611397616
2024-06-26 10:46:23+08:00,9535.0,35.74992761736619
2024-06-26 10:46:24+08:00,9536.0,35.81220972928795
2024-06-26 10:46:25+08:00,9537.0,35.87123798533756
2024-06-26 10:46:26+08:00,9538.0,35.92658242368966
2024-06-26 10:46:27+08:00,9539.0,35.97781308251893
2024-06-26 10:46:28+08:00,9540.0,36.0245
2024-06-26 10:46:29+08:00,9541.0,36.06719255353866
2024-06-26 10:46:30+08:00,9542.0,36.10691266683159
2024-06-26 10:46:31+08:00,9543.0,36.14393919748979
2024-06-26 10:46:32+08:00,9544.0,36.1785510031243
2024-06-26 10:46:33+08:00,9545.0,36.21102694134611
2024-06-26 10:46:34+08:00,9546.0,36.24164586976627
2024-06-26 10:46:35+08:00,9547.0,36.27068664599579
2024-06-26 10:46:36+08:00,9548.0,36.29842812764567
2024-06-26 10:46:37+08:00,9549.0,36.32514917232696
2024-06-26 10:46:38+08:00,9550.0,36.35112863765065
2024-06-26 10:46:39+08:00,9551.0,36.376645381227775
2024-06-26 10:46:40+08:00,9552.0,36.401978260669345
2024-06-26 10:46:41+08:00,9553.0,36.427406133586395
2024-06-26 10:46:42+08:00,9554.0,36.453207857589916
2024-06-26 10:46:43+08:00,9555.0,36.47966229029095
2024-06-26 10:46:44+08:00,9556.0,36.50704828930052
2024-06-26 10:46:45+08:00,9557.0,36.53564471222962
2024-06-26 10:46:46+08:00,9558.0,36.56573041668929
2024-06-26 10:46:47+08:00,9559.0,36.59758426029053
2024-06-26 10:46:48+08:00,9560.0,36.631485100644376
2024-06-26 10:46:49+08:00,9561.0,36.66771179536185
2024-06-26 10:46:50+08:00,9562.0,36.70654320205396
2024-06-26 10:46:51+08:00,9563.0,36.74825817833172
2024-06-26 10:46:52+08:00,9564.0,36.79313558180615
2024-06-26 10:46:53+08:00,9565.0,36.841454270088285
2024-06-26 10:46:54+08:00,9566.0,36.89349310078912
2024-06-26 10:46:55+08:00,9567.0,36.949530931519696
2024-06-26 10:46:56+08:00,9568.0,37.00984661989102
2024-06-26 10:46:57+08:00,9569.0,37.07471902351412
2024-06-26 10:46:58+08:00,9570.0,37.144427
2024-06-26 10:46:59+08:00,9571.0,37.319810990181914
2024-06-26 10:47:00+08:00,9572.0,37.69203744618406
2024-06-26 10:47:01+08:00,9573.0,38.24687424255391
2024-06-26 10:47:02+08:00,9574.0,38.970089253838935
2024-06-26 10:47:03+08:00,9575.0,39.84745035458663
2024-06-26 10:47:04+08:00,9576.0,40.864725419344445
2024-06-26 10:47:05+08:00,9577.0,42.00768232265986
2024-06-26 10:47:06+08:00,9578.0,43.26208893908035
2024-06-26 10:47:07+08:00,9579.0,44.61371314315339
2024-06-26 10:47:08+08:00,9580.0,46.04832280942644
2024-06-26 10:47:09+08:00,9581.0,47.55168581244698
2024-06-26 10:47:10+08:00,9582.0,49.1095700267625
2024-06-26 10:47:11+08:00,9583.0,50.70774332692046
2024-06-26 10:47:12+08:00,9584.0,52.33197358746832
2024-06-26 10:47:13+08:00,9585.0,53.968028682953566
2024-06-26 10:47:14+08:00,9586.0,55.601676487923655
2024-06-26 10:47:15+08:00,9587.0,57.21868487692609
2024-06-26 10:47:16+08:00,9588.0,58.80482172450833
2024-06-26 10:47:17+08:00,9589.0,60.345854905217855
2024-06-26 10:47:18+08:00,9590.0,61.82755229360211
2024-06-26 10:47:19+08:00,9591.0,63.23568176420861
2024-06-26 10:47:20+08:00,9592.0,64.55601119158477
2024-06-26 10:47:21+08:00,9593.0,65.77430845027811
2024-06-26 10:47:22+08:00,9594.0,66.8763414148361
2024-06-26 10:47:23+08:00,9595.0,67.84787795980623
2024-06-26 10:47:24+08:00,9596.0,68.67468595973591
2024-06-26 10:47:25+08:00,9597.0,69.34253328917268
2024-06-26 10:47:26+08:00,9598.0,69.83718782266394
2024-06-26 10:47:27+08:00,9599.0,70.14441743475723
2024-06-26 10:47:28+08:00,9600.0,70.24999
2024-06-26 10:47:29+08:00,9601.0,70.1292361197037
2024-06-26 10:47:30+08:00,9602.0,69.77795210429629
2024-06-26 10:47:31+08:00,9603.0,69.212604392
2024-06-26 10:47:32+08:00,9604.0,68.44965942103703
2024-06-26 10:47:33+08:00,9605.0,67.50558362962963
2024-06-26 10:47:34+08:00,9606.0,66.396843456
2024-06-26 10:47:35+08:00,9607.0,65.13990533837037
2024-06-26 10:47:36+08:00,9608.0,63.75123571496296
2024-06-26 10:47:37+08:00,9609.0,62.247301023999995
2024-06-26 10:47:38+08:00,9610.0,60.6445677037037
2024-06-26 10:47:39+08:00,9611.0,58.95950219229629
2024-06-26 10:47:40+08:00,9612.0,57.208570928
2024-06-26 10:47:41+08:00,9613.0,55.40824034903704
2024-06-26 10:47:42+08:00,9614.0,53.574976893629625
2024-06-26 10:47:43+08:00,9615.0,51.725246999999996
2024-06-26 10:47:44+08:00,9616.0,49.87551710637037
2024-06-26 10:47:45+08:00,9617.0,48.04225365096296
2024-06-26 10:47:46+08:00,9618.0,46.241923072000006
2024-06-26 10:47:47+08:00,9619.0,44.49099180770371
2024-06-26 10:47:48+08:00,9620.0,42.80592629629629
2024-06-26 10:47:49+08:00,9621.0,41.203192976000004
2024-06-26 10:47:50+08:00,9622.0,39.69925828503704
2024-06-26 10:47:51+08:00,9623.0,38.31058866162964
2024-06-26 10:47:52+08:00,9624.0,37.053650544
2024-06-26 10:47:53+08:00,9625.0,35.94491037037037
2024-06-26 10:47:54+08:00,9626.0,35.00083457896297
2024-06-26 10:47:55+08:00,9627.0,34.237889608
2024-06-26 10:47:56+08:00,9628.0,33.67254189570371
2024-06-26 10:47:57+08:00,9629.0,33.321257880296315
2024-06-26 10:47:58+08:00,9630.0,33.200503999999995
2024-06-26 10:47:59+08:00,9631.0,33.20449347779599
2024-06-26 10:48:00+08:00,9632.0,33.21629824926578
2024-06-26 10:48:01+08:00,9633.0,33.23567282153202
2024-06-26 10:48:02+08:00,9634.0,33.26237170171737
2024-06-26 10:48:03+08:00,9635.0,33.2961493969445
2024-06-26 10:48:04+08:00,9636.0,33.336760414336084
2024-06-26 10:48:05+08:00,9637.0,33.38395926101479
2024-06-26 10:48:06+08:00,9638.0,33.43750044410326
2024-06-26 10:48:07+08:00,9639.0,33.497138470724174
2024-06-26 10:48:08+08:00,9640.0,33.56262784800021
2024-06-26 10:48:09+08:00,9641.0,33.633723083054015
2024-06-26 10:48:10+08:00,9642.0,33.71017868300827
2024-06-26 10:48:11+08:00,9643.0,33.79174915498563
2024-06-26 10:48:12+08:00,9644.0,33.87818900610877
2024-06-26 10:48:13+08:00,9645.0,33.969252743500356
2024-06-26 10:48:14+08:00,9646.0,34.064694874283035
2024-06-26 10:48:15+08:00,9647.0,34.1642699055795
2024-06-26 10:48:16+08:00,9648.0,34.2677323445124
2024-06-26 10:48:17+08:00,9649.0,34.37483669820442
2024-06-26 10:48:18+08:00,9650.0,34.485337473778195
2024-06-26 10:48:19+08:00,9651.0,34.59898917835642
2024-06-26 10:48:20+08:00,9652.0,34.71554631906174
2024-06-26 10:48:21+08:00,9653.0,34.83476340301683
2024-06-26 10:48:22+08:00,9654.0,34.95639493734436
2024-06-26 10:48:23+08:00,9655.0,35.080195429167
2024-06-26 10:48:24+08:00,9656.0,35.205919385607395
2024-06-26 10:48:25+08:00,9657.0,35.33332131378823
2024-06-26 10:48:26+08:00,9658.0,35.462155720832165
2024-06-26 10:48:27+08:00,9659.0,35.59217711386187
2024-06-26 10:48:28+08:00,9660.0,35.72314
2024-06-26 10:48:29+08:00,9661.0,35.87290299554645
2024-06-26 10:48:30+08:00,9662.0,36.05772403718921
2024-06-26 10:48:31+08:00,9663.0,36.274956612633154
2024-06-26 10:48:32+08:00,9664.0,36.52195420958312
2024-06-26 10:48:33+08:00,9665.0,36.796070315743975
2024-06-26 10:48:34+08:00,9666.0,37.09465841882056
2024-06-26 10:48:35+08:00,9667.0,37.41507200651773
2024-06-26 10:48:36+08:00,9668.0,37.75466456654036
2024-06-26 10:48:37+08:00,9669.0,38.11078958659328
2024-06-26 10:48:38+08:00,9670.0,38.48080055438134
2024-06-26 10:48:39+08:00,9671.0,38.86205095760941
2024-06-26 10:48:40+08:00,9672.0,39.25189428398235
2024-06-26 10:48:41+08:00,9673.0,39.64768402120501
2024-06-26 10:48:42+08:00,9674.0,40.046773656982225
2024-06-26 10:48:43+08:00,9675.0,40.44651667901887
2024-06-26 10:48:44+08:00,9676.0,40.84426657501978
2024-06-26 10:48:45+08:00,9677.0,41.23737683268984
2024-06-26 10:48:46+08:00,9678.0,41.62320093973387
2024-06-26 10:48:47+08:00,9679.0,41.99909238385675
2024-06-26 10:48:48+08:00,9680.0,42.36240465276332
2024-06-26 10:48:49+08:00,9681.0,42.71049123415843
2024-06-26 10:48:50+08:00,9682.0,43.040705615746944
2024-06-26 10:48:51+08:00,9683.0,43.350401285233715
2024-06-26 10:48:52+08:00,9684.0,43.63693173032359
2024-06-26 10:48:53+08:00,9685.0,43.89765043872143
2024-06-26 10:48:54+08:00,9686.0,44.129910898132096
2024-06-26 10:48:55+08:00,9687.0,44.33106659626043
2024-06-26 10:48:56+08:00,9688.0,44.49847102081129
2024-06-26 10:48:57+08:00,9689.0,44.629477659489524
2024-06-26 10:48:58+08:00,9690.0,44.72144
2024-06-26 10:48:59+08:00,9691.0,44.79227921708484
2024-06-26 10:49:00+08:00,9692.0,44.86163775155256
2024-06-26 10:49:01+08:00,9693.0,44.92945099020754
2024-06-26 10:49:02+08:00,9694.0,44.99565431985423
2024-06-26 10:49:03+08:00,9695.0,45.06018312729702
2024-06-26 10:49:04+08:00,9696.0,45.12297279934032
2024-06-26 10:49:05+08:00,9697.0,45.183958722788546
2024-06-26 10:49:06+08:00,9698.0,45.2430762844461
2024-06-26 10:49:07+08:00,9699.0,45.3002608711174
2024-06-26 10:49:08+08:00,9700.0,45.35544786960685
2024-06-26 10:49:09+08:00,9701.0,45.40857266671887
2024-06-26 10:49:10+08:00,9702.0,45.45957064925786
2024-06-26 10:49:11+08:00,9703.0,45.508377204028235
2024-06-26 10:49:12+08:00,9704.0,45.55492771783441
2024-06-26 10:49:13+08:00,9705.0,45.59915757748078
2024-06-26 10:49:14+08:00,9706.0,45.641002169771774
2024-06-26 10:49:15+08:00,9707.0,45.68039688151179
2024-06-26 10:49:16+08:00,9708.0,45.71727709950524
2024-06-26 10:49:17+08:00,9709.0,45.751578210556545
2024-06-26 10:49:18+08:00,9710.0,45.78323560147009
2024-06-26 10:49:19+08:00,9711.0,45.81218465905032
2024-06-26 10:49:20+08:00,9712.0,45.838360770101616
2024-06-26 10:49:21+08:00,9713.0,45.8616993214284
2024-06-26 10:49:22+08:00,9714.0,45.88213569983509
2024-06-26 10:49:23+08:00,9715.0,45.899605292126076
2024-06-26 10:49:24+08:00,9716.0,45.914043485105786
2024-06-26 10:49:25+08:00,9717.0,45.925385665578624
2024-06-26 10:49:26+08:00,9718.0,45.933567220349
2024-06-26 10:49:27+08:00,9719.0,45.938523536221325
2024-06-26 10:49:28+08:00,9720.0,45.94019
2024-06-26 10:49:29+08:00,9721.0,45.902294361844255
2024-06-26 10:49:30+08:00,9722.0,45.79183836758239
2024-06-26 10:49:31+08:00,9723.0,45.61366839752252
2024-06-26 10:49:32+08:00,9724.0,45.37263083197271
2024-06-26 10:49:33+08:00,9725.0,45.073572051241044
2024-06-26 10:49:34+08:00,9726.0,44.72133843563562
2024-06-26 10:49:35+08:00,9727.0,44.32077636546451
2024-06-26 10:49:36+08:00,9728.0,43.87673222103582
2024-06-26 10:49:37+08:00,9729.0,43.39405238265762
2024-06-26 10:49:38+08:00,9730.0,42.87758323063801
2024-06-26 10:49:39+08:00,9731.0,42.33217114528505
2024-06-26 10:49:40+08:00,9732.0,41.76266250690685
2024-06-26 10:49:41+08:00,9733.0,41.17390369581149
2024-06-26 10:49:42+08:00,9734.0,40.57074109230705
2024-06-26 10:49:43+08:00,9735.0,39.95802107670163
2024-06-26 10:49:44+08:00,9736.0,39.3405900293033
2024-06-26 10:49:45+08:00,9737.0,38.72329433042015
2024-06-26 10:49:46+08:00,9738.0,38.11098036036027
2024-06-26 10:49:47+08:00,9739.0,37.508494499431755
2024-06-26 10:49:48+08:00,9740.0,36.92068312794267
2024-06-26 10:49:49+08:00,9741.0,36.352392626201116
2024-06-26 10:49:50+08:00,9742.0,35.80846937451517
2024-06-26 10:49:51+08:00,9743.0,35.29375975319293
2024-06-26 10:49:52+08:00,9744.0,34.81311014254247
2024-06-26 10:49:53+08:00,9745.0,34.37136692287188
2024-06-26 10:49:54+08:00,9746.0,33.97337647448924
2024-06-26 10:49:55+08:00,9747.0,33.62398517770265
2024-06-26 10:49:56+08:00,9748.0,33.32803941282019
2024-06-26 10:49:57+08:00,9749.0,33.09038556014995
2024-06-26 10:49:58+08:00,9750.0,32.91587
2024-06-26 10:49:59+08:00,9751.0,32.776609719632056
2024-06-26 10:50:00+08:00,9752.0,32.64146690970954
2024-06-26 10:50:01+08:00,9753.0,32.51040575564312
2024-06-26 10:50:02+08:00,9754.0,32.38339044284344
2024-06-26 10:50:03+08:00,9755.0,32.26038515672117
2024-06-26 10:50:04+08:00,9756.0,32.141354082686966
2024-06-26 10:50:05+08:00,9757.0,32.02626140615148
2024-06-26 10:50:06+08:00,9758.0,31.915071312525384
2024-06-26 10:50:07+08:00,9759.0,31.80774798721933
2024-06-26 10:50:08+08:00,9760.0,31.70425561564398
2024-06-26 10:50:09+08:00,9761.0,31.604558383209987
2024-06-26 10:50:10+08:00,9762.0,31.50862047532802
2024-06-26 10:50:11+08:00,9763.0,31.416406077408734
2024-06-26 10:50:12+08:00,9764.0,31.32787937486279
2024-06-26 10:50:13+08:00,9765.0,31.243004553100842
2024-06-26 10:50:14+08:00,9766.0,31.161745797533555
2024-06-26 10:50:15+08:00,9767.0,31.08406729357159
2024-06-26 10:50:16+08:00,9768.0,31.009933226625602
2024-06-26 10:50:17+08:00,9769.0,30.939307782106244
2024-06-26 10:50:18+08:00,9770.0,30.872155145424188
2024-06-26 10:50:19+08:00,9771.0,30.808439501990087
2024-06-26 10:50:20+08:00,9772.0,30.748125037214603
2024-06-26 10:50:21+08:00,9773.0,30.691175936508394
2024-06-26 10:50:22+08:00,9774.0,30.637556385282117
2024-06-26 10:50:23+08:00,9775.0,30.587230568946435
2024-06-26 10:50:24+08:00,9776.0,30.540162672912
2024-06-26 10:50:25+08:00,9777.0,30.496316882589486
2024-06-26 10:50:26+08:00,9778.0,30.45565738338954
2024-06-26 10:50:27+08:00,9779.0,30.418148360722824
2024-06-26 10:50:28+08:00,9780.0,30.383754
2024-06-26 10:50:29+08:00,9781.0,30.351729359739338
2024-06-26 10:50:30+08:00,9782.0,30.32129694421912
2024-06-26 10:50:31+08:00,9783.0,30.292372107490024
2024-06-26 10:50:32+08:00,9784.0,30.264870203602708
2024-06-26 10:50:33+08:00,9785.0,30.23870658660785
2024-06-26 10:50:34+08:00,9786.0,30.21379661055613
2024-06-26 10:50:35+08:00,9787.0,30.190055629498204
2024-06-26 10:50:36+08:00,9788.0,30.167398997484757
2024-06-26 10:50:37+08:00,9789.0,30.145742068566456
2024-06-26 10:50:38+08:00,9790.0,30.12500019679397
2024-06-26 10:50:39+08:00,9791.0,30.105088736217972
2024-06-26 10:50:40+08:00,9792.0,30.08592304088913
2024-06-26 10:50:41+08:00,9793.0,30.06741846485813
2024-06-26 10:50:42+08:00,9794.0,30.049490362175625
2024-06-26 10:50:43+08:00,9795.0,30.0320540868923
2024-06-26 10:50:44+08:00,9796.0,30.015024993058816
2024-06-26 10:50:45+08:00,9797.0,29.998318434725853
2024-06-26 10:50:46+08:00,9798.0,29.981849765944077
2024-06-26 10:50:47+08:00,9799.0,29.96553434076416
2024-06-26 10:50:48+08:00,9800.0,29.949287513236783
2024-06-26 10:50:49+08:00,9801.0,29.933024637412608
2024-06-26 10:50:50+08:00,9802.0,29.916661067342304
2024-06-26 10:50:51+08:00,9803.0,29.90011215707655
2024-06-26 10:50:52+08:00,9804.0,29.883293260666015
2024-06-26 10:50:53+08:00,9805.0,29.866119732161366
2024-06-26 10:50:54+08:00,9806.0,29.848506925613282
2024-06-26 10:50:55+08:00,9807.0,29.830370195072437
2024-06-26 10:50:56+08:00,9808.0,29.81162489458949
2024-06-26 10:50:57+08:00,9809.0,29.79218637821512
2024-06-26 10:50:58+08:00,9810.0,29.77197
2024-06-26 10:50:59+08:00,9811.0,29.751415684097452
2024-06-26 10:51:00+08:00,9812.0,29.731007726755614
2024-06-26 10:51:01+08:00,9813.0,29.710728040167393
2024-06-26 10:51:02+08:00,9814.0,29.69055853652568
2024-06-26 10:51:03+08:00,9815.0,29.67048112802337
2024-06-26 10:51:04+08:00,9816.0,29.650477726853367
2024-06-26 10:51:05+08:00,9817.0,29.630530245208565
2024-06-26 10:51:06+08:00,9818.0,29.61062059528187
2024-06-26 10:51:07+08:00,9819.0,29.59073068926617
2024-06-26 10:51:08+08:00,9820.0,29.57084243935437
2024-06-26 10:51:09+08:00,9821.0,29.55093775773937
2024-06-26 10:51:10+08:00,9822.0,29.530998556614062
2024-06-26 10:51:11+08:00,9823.0,29.511006748171337
2024-06-26 10:51:12+08:00,9824.0,29.490944244604112
2024-06-26 10:51:13+08:00,9825.0,29.470792958105278
2024-06-26 10:51:14+08:00,9826.0,29.45053480086772
2024-06-26 10:51:15+08:00,9827.0,29.430151685084354
2024-06-26 10:51:16+08:00,9828.0,29.40962552294807
2024-06-26 10:51:17+08:00,9829.0,29.388938226651764
2024-06-26 10:51:18+08:00,9830.0,29.36807170838834
2024-06-26 10:51:19+08:00,9831.0,29.347007880350688
2024-06-26 10:51:20+08:00,9832.0,29.325728654731716
2024-06-26 10:51:21+08:00,9833.0,29.304215943724316
2024-06-26 10:51:22+08:00,9834.0,29.282451659521385
2024-06-26 10:51:23+08:00,9835.0,29.260417714315828
2024-06-26 10:51:24+08:00,9836.0,29.23809602030053
2024-06-26 10:51:25+08:00,9837.0,29.215468489668407
2024-06-26 10:51:26+08:00,9838.0,29.192517034612344
2024-06-26 10:51:27+08:00,9839.0,29.16922356732524
2024-06-26 10:51:28+08:00,9840.0,29.14557
2024-06-26 10:51:29+08:00,9841.0,29.12157296558655
2024-06-26 10:51:30+08:00,9842.0,29.097264761931513
2024-06-26 10:51:31+08:00,9843.0,29.07265079857282
2024-06-26 10:51:32+08:00,9844.0,29.047736485048386
2024-06-26 10:51:33+08:00,9845.0,29.022527230896138
2024-06-26 10:51:34+08:00,9846.0,28.997028445654003
2024-06-26 10:51:35+08:00,9847.0,28.971245538859907
2024-06-26 10:51:36+08:00,9848.0,28.94518392005177
2024-06-26 10:51:37+08:00,9849.0,28.918848998767526
2024-06-26 10:51:38+08:00,9850.0,28.892246184545094
2024-06-26 10:51:39+08:00,9851.0,28.865380886922395
2024-06-26 10:51:40+08:00,9852.0,28.83825851543736
2024-06-26 10:51:41+08:00,9853.0,28.810884479627912
2024-06-26 10:51:42+08:00,9854.0,28.783264189031982
2024-06-26 10:51:43+08:00,9855.0,28.755403053187482
2024-06-26 10:51:44+08:00,9856.0,28.727306481632347
2024-06-26 10:51:45+08:00,9857.0,28.698979883904496
2024-06-26 10:51:46+08:00,9858.0,28.67042866954186
2024-06-26 10:51:47+08:00,9859.0,28.64165824808236
2024-06-26 10:51:48+08:00,9860.0,28.612674029063925
2024-06-26 10:51:49+08:00,9861.0,28.583481422024473
2024-06-26 10:51:50+08:00,9862.0,28.554085836501933
2024-06-26 10:51:51+08:00,9863.0,28.52449268203423
2024-06-26 10:51:52+08:00,9864.0,28.494707368159286
2024-06-26 10:51:53+08:00,9865.0,28.464735304415036
2024-06-26 10:51:54+08:00,9866.0,28.434581900339392
2024-06-26 10:51:55+08:00,9867.0,28.404252565470287
2024-06-26 10:51:56+08:00,9868.0,28.37375270934564
2024-06-26 10:51:57+08:00,9869.0,28.343087741503386
2024-06-26 10:51:58+08:00,9870.0,28.31226307148144
2024-06-26 10:51:59+08:00,9871.0,28.28118040978677
2024-06-26 10:52:00+08:00,9872.0,28.24974466410042
2024-06-26 10:52:01+08:00,9873.0,28.21796603972142
2024-06-26 10:52:02+08:00,9874.0,28.185854741948816
2024-06-26 10:52:03+08:00,9875.0,28.153420976081648
2024-06-26 10:52:04+08:00,9876.0,28.120674947418944
2024-06-26 10:52:05+08:00,9877.0,28.087626861259746
2024-06-26 10:52:06+08:00,9878.0,28.054286922903092
2024-06-26 10:52:07+08:00,9879.0,28.020665337648023
2024-06-26 10:52:08+08:00,9880.0,27.986772310793565
2024-06-26 10:52:09+08:00,9881.0,27.952618047638772
2024-06-26 10:52:10+08:00,9882.0,27.918212753482663
2024-06-26 10:52:11+08:00,9883.0,27.883566633624294
2024-06-26 10:52:12+08:00,9884.0,27.848689893362693
2024-06-26 10:52:13+08:00,9885.0,27.8135927379969
2024-06-26 10:52:14+08:00,9886.0,27.77828537282595
2024-06-26 10:52:15+08:00,9887.0,27.74277800314888
2024-06-26 10:52:16+08:00,9888.0,27.707080834264737
2024-06-26 10:52:17+08:00,9889.0,27.671204071472545
2024-06-26 10:52:18+08:00,9890.0,27.63515792007135
2024-06-26 10:52:19+08:00,9891.0,27.59895258536019
2024-06-26 10:52:20+08:00,9892.0,27.5625982726381
2024-06-26 10:52:21+08:00,9893.0,27.526105187204116
2024-06-26 10:52:22+08:00,9894.0,27.489483534357277
2024-06-26 10:52:23+08:00,9895.0,27.452743519396623
2024-06-26 10:52:24+08:00,9896.0,27.41589534762119
2024-06-26 10:52:25+08:00,9897.0,27.378949224330018
2024-06-26 10:52:26+08:00,9898.0,27.341915354822138
2024-06-26 10:52:27+08:00,9899.0,27.304803944396593
2024-06-26 10:52:28+08:00,9900.0,27.267625198352423
2024-06-26 10:52:29+08:00,9901.0,27.230286324331033
2024-06-26 10:52:30+08:00,9902.0,27.192693043852344
2024-06-26 10:52:31+08:00,9903.0,27.154853333033188
2024-06-26 10:52:32+08:00,9904.0,27.116775167990372
2024-06-26 10:52:33+08:00,9905.0,27.078466524840717
2024-06-26 10:52:34+08:00,9906.0,27.039935379701042
2024-06-26 10:52:35+08:00,9907.0,27.001189708688166
2024-06-26 10:52:36+08:00,9908.0,26.96223748791891
2024-06-26 10:52:37+08:00,9909.0,26.92308669351008
2024-06-26 10:52:38+08:00,9910.0,26.883745301578504
2024-06-26 10:52:39+08:00,9911.0,26.844221288240995
2024-06-26 10:52:40+08:00,9912.0,26.80452262961438
2024-06-26 10:52:41+08:00,9913.0,26.76465730181546
2024-06-26 10:52:42+08:00,9914.0,26.724633280961072
2024-06-26 10:52:43+08:00,9915.0,26.68445854316802
2024-06-26 10:52:44+08:00,9916.0,26.64414106455313
2024-06-26 10:52:45+08:00,9917.0,26.603688821233217
2024-06-26 10:52:46+08:00,9918.0,26.563109789325097
2024-06-26 10:52:47+08:00,9919.0,26.522411944945592
2024-06-26 10:52:48+08:00,9920.0,26.481603264211515
2024-06-26 10:52:49+08:00,9921.0,26.44069172323969
2024-06-26 10:52:50+08:00,9922.0,26.39968529814693
2024-06-26 10:52:51+08:00,9923.0,26.358591965050056
2024-06-26 10:52:52+08:00,9924.0,26.317419700065884
2024-06-26 10:52:53+08:00,9925.0,26.27617647931123
2024-06-26 10:52:54+08:00,9926.0,26.23487027890292
2024-06-26 10:52:55+08:00,9927.0,26.193509074957763
2024-06-26 10:52:56+08:00,9928.0,26.152100843592578
2024-06-26 10:52:57+08:00,9929.0,26.11065356092419
2024-06-26 10:52:58+08:00,9930.0,26.06917520306941
2024-06-26 10:52:59+08:00,9931.0,26.02759520966139
2024-06-26 10:53:00+08:00,9932.0,25.985842281436447
2024-06-26 10:53:01+08:00,9933.0,25.94392328616617
2024-06-26 10:53:02+08:00,9934.0,25.901845091622143
2024-06-26 10:53:03+08:00,9935.0,25.85961456557593
2024-06-26 10:53:04+08:00,9936.0,25.817238575799134
2024-06-26 10:53:05+08:00,9937.0,25.77472399006332
2024-06-26 10:53:06+08:00,9938.0,25.73207767614008
2024-06-26 10:53:07+08:00,9939.0,25.689306501800985
2024-06-26 10:53:08+08:00,9940.0,25.646417334817624
2024-06-26 10:53:09+08:00,9941.0,25.60341704296157
2024-06-26 10:53:10+08:00,9942.0,25.560312494004418
2024-06-26 10:53:11+08:00,9943.0,25.517110555717732
2024-06-26 10:53:12+08:00,9944.0,25.473818095873106
2024-06-26 10:53:13+08:00,9945.0,25.430441982242115
2024-06-26 10:53:14+08:00,9946.0,25.38698908259634
2024-06-26 10:53:15+08:00,9947.0,25.34346626470737
2024-06-26 10:53:16+08:00,9948.0,25.299880396346776
2024-06-26 10:53:17+08:00,9949.0,25.256238345286146
2024-06-26 10:53:18+08:00,9950.0,25.212546979297056
2024-06-26 10:53:19+08:00,9951.0,25.168813166151093
2024-06-26 10:53:20+08:00,9952.0,25.12504377361983
2024-06-26 10:53:21+08:00,9953.0,25.081245669474857
2024-06-26 10:53:22+08:00,9954.0,25.037425721487747
2024-06-26 10:53:23+08:00,9955.0,24.99359079743009
2024-06-26 10:53:24+08:00,9956.0,24.949747765073457
2024-06-26 10:53:25+08:00,9957.0,24.905903492189438
2024-06-26 10:53:26+08:00,9958.0,24.862064846549607
2024-06-26 10:53:27+08:00,9959.0,24.81823869592555
2024-06-26 10:53:28+08:00,9960.0,24.77443190808885
2024-06-26 10:53:29+08:00,9961.0,24.73058396353739
2024-06-26 10:53:30+08:00,9962.0,24.68663407710868
2024-06-26 10:53:31+08:00,9963.0,24.642588718083736
2024-06-26 10:53:32+08:00,9964.0,24.598454355743577
2024-06-26 10:53:33+08:00,9965.0,24.55423745936922
2024-06-26 10:53:34+08:00,9966.0,24.50994449824168
2024-06-26 10:53:35+08:00,9967.0,24.465581941641968
2024-06-26 10:53:36+08:00,9968.0,24.421156258851106
2024-06-26 10:53:37+08:00,9969.0,24.376673919150104
2024-06-26 10:53:38+08:00,9970.0,24.332141391819988
2024-06-26 10:53:39+08:00,9971.0,24.287565146141766
2024-06-26 10:53:40+08:00,9972.0,24.242951651396453
2024-06-26 10:53:41+08:00,9973.0,24.19830737686507
2024-06-26 10:53:42+08:00,9974.0,24.15363879182863
2024-06-26 10:53:43+08:00,9975.0,24.108952365568157
2024-06-26 10:53:44+08:00,9976.0,24.06425456736466
2024-06-26 10:53:45+08:00,9977.0,24.01955186649915
2024-06-26 10:53:46+08:00,9978.0,23.97485073225265
2024-06-26 10:53:47+08:00,9979.0,23.930157633906177
2024-06-26 10:53:48+08:00,9980.0,23.885479040740744
2024-06-26 10:53:49+08:00,9981.0,23.840821422037372
2024-06-26 10:53:50+08:00,9982.0,23.796191247077065
2024-06-26 10:53:51+08:00,9983.0,23.75159498514085
2024-06-26 10:53:52+08:00,9984.0,23.70703910550974
2024-06-26 10:53:53+08:00,9985.0,23.662530077464755
2024-06-26 10:53:54+08:00,9986.0,23.61807437028691
2024-06-26 10:53:55+08:00,9987.0,23.57367845325721
2024-06-26 10:53:56+08:00,9988.0,23.529348795656684
2024-06-26 10:53:57+08:00,9989.0,23.485091866766346
2024-06-26 10:53:58+08:00,9990.0,23.440914135867203
2024-06-26 10:53:59+08:00,9991.0,23.396756315917575
2024-06-26 10:54:00+08:00,9992.0,23.35255924623449
2024-06-26 10:54:01+08:00,9993.0,23.308329585637047
2024-06-26 10:54:02+08:00,9994.0,23.264073992944343
2024-06-26 10:54:03+08:00,9995.0,23.219799126975477
2024-06-26 10:54:04+08:00,9996.0,23.17551164654954
2024-06-26 10:54:05+08:00,9997.0,23.13121821048564
2024-06-26 10:54:06+08:00,9998.0,23.08692547760286
2024-06-26 10:54:07+08:00,9999.0,23.042640106720317
2024-06-26 10:54:08+08:00,10000.0,22.99836875665709
2024-06-26 10:54:09+08:00,10001.0,22.954118086232285
2024-06-26 10:54:10+08:00,10002.0,22.909894754265004
2024-06-26 10:54:11+08:00,10003.0,22.865705419574336
2024-06-26 10:54:12+08:00,10004.0,22.821556740979386
2024-06-26 10:54:13+08:00,10005.0,22.777455377299244
2024-06-26 10:54:14+08:00,10006.0,22.733407987353015
2024-06-26 10:54:15+08:00,10007.0,22.689421229959787
2024-06-26 10:54:16+08:00,10008.0,22.645501763938668
2024-06-26 10:54:17+08:00,10009.0,22.60165624810875
2024-06-26 10:54:18+08:00,10010.0,22.557891341289135
2024-06-26 10:54:19+08:00,10011.0,22.51421370229891
2024-06-26 10:54:20+08:00,10012.0,22.47062998995719
2024-06-26 10:54:21+08:00,10013.0,22.427146863083056
2024-06-26 10:54:22+08:00,10014.0,22.383770980495616
2024-06-26 10:54:23+08:00,10015.0,22.34050900101396
2024-06-26 10:54:24+08:00,10016.0,22.29736758345719
2024-06-26 10:54:25+08:00,10017.0,22.254353386644407
2024-06-26 10:54:26+08:00,10018.0,22.211473069394703
2024-06-26 10:54:27+08:00,10019.0,22.168733290527168
2024-06-26 10:54:28+08:00,10020.0,22.12614070886092
2024-06-26 10:54:29+08:00,10021.0,22.083628833415816
2024-06-26 10:54:30+08:00,10022.0,22.04113172916094
2024-06-26 10:54:31+08:00,10023.0,21.99865688883923
2024-06-26 10:54:32+08:00,10024.0,21.956211805193586
2024-06-26 10:54:33+08:00,10025.0,21.913803970966956
2024-06-26 10:54:34+08:00,10026.0,21.87144087890225
2024-06-26 10:54:35+08:00,10027.0,21.829130021742387
2024-06-26 10:54:36+08:00,10028.0,21.7868788922303
2024-06-26 10:54:37+08:00,10029.0,21.7446949831089
2024-06-26 10:54:38+08:00,10030.0,21.702585787121127
2024-06-26 10:54:39+08:00,10031.0,21.660558797009884
2024-06-26 10:54:40+08:00,10032.0,21.61862150551811
2024-06-26 10:54:41+08:00,10033.0,21.576781405388722
2024-06-26 10:54:42+08:00,10034.0,21.53504598936464
2024-06-26 10:54:43+08:00,10035.0,21.493422750188792
2024-06-26 10:54:44+08:00,10036.0,21.451919180604094
2024-06-26 10:54:45+08:00,10037.0,21.41054277335348
2024-06-26 10:54:46+08:00,10038.0,21.369301021179865
2024-06-26 10:54:47+08:00,10039.0,21.32820141682617
2024-06-26 10:54:48+08:00,10040.0,21.287251453035328
2024-06-26 10:54:49+08:00,10041.0,21.246458622550247
2024-06-26 10:54:50+08:00,10042.0,21.205830418113866
2024-06-26 10:54:51+08:00,10043.0,21.165374332469096
2024-06-26 10:54:52+08:00,10044.0,21.125097858358863
2024-06-26 10:54:53+08:00,10045.0,21.085008488526096
2024-06-26 10:54:54+08:00,10046.0,21.045113715713708
2024-06-26 10:54:55+08:00,10047.0,21.00542103266463
2024-06-26 10:54:56+08:00,10048.0,20.965937932121776
2024-06-26 10:54:57+08:00,10049.0,20.926671906828084
2024-06-26 10:54:58+08:00,10050.0,20.887630449526462
2024-06-26 10:54:59+08:00,10051.0,20.84872912388483
2024-06-26 10:55:00+08:00,10052.0,20.809884668053265
2024-06-26 10:55:01+08:00,10053.0,20.771106336497947
2024-06-26 10:55:02+08:00,10054.0,20.732403383685043
2024-06-26 10:55:03+08:00,10055.0,20.69378506408073
2024-06-26 10:55:04+08:00,10056.0,20.65526063215117
2024-06-26 10:55:05+08:00,10057.0,20.616839342362553
2024-06-26 10:55:06+08:00,10058.0,20.578530449181038
2024-06-26 10:55:07+08:00,10059.0,20.54034320707281
2024-06-26 10:55:08+08:00,10060.0,20.502286870504026
2024-06-26 10:55:09+08:00,10061.0,20.464370693940875
2024-06-26 10:55:10+08:00,10062.0,20.426603931849524
2024-06-26 10:55:11+08:00,10063.0,20.388995838696147
2024-06-26 10:55:12+08:00,10064.0,20.35155566894691
2024-06-26 10:55:13+08:00,10065.0,20.314292677068
2024-06-26 10:55:14+08:00,10066.0,20.277216117525576
2024-06-26 10:55:15+08:00,10067.0,20.240335244785822
2024-06-26 10:55:16+08:00,10068.0,20.2036593133149
2024-06-26 10:55:17+08:00,10069.0,20.167197577579
2024-06-26 10:55:18+08:00,10070.0,20.130959292044274
2024-06-26 10:55:19+08:00,10071.0,20.09495371117691
2024-06-26 10:55:20+08:00,10072.0,20.059190089443078
2024-06-26 10:55:21+08:00,10073.0,20.023677681308943
2024-06-26 10:55:22+08:00,10074.0,19.988425741240693
2024-06-26 10:55:23+08:00,10075.0,19.95344352370449
2024-06-26 10:55:24+08:00,10076.0,19.91874028316651
2024-06-26 10:55:25+08:00,10077.0,19.884325274092923
2024-06-26 10:55:26+08:00,10078.0,19.85020775094991
2024-06-26 10:55:27+08:00,10079.0,19.81639696820363
2024-06-26 10:55:28+08:00,10080.0,19.782902180320274
2024-06-26 10:55:29+08:00,10081.0,19.74960298115017
2024-06-26 10:55:30+08:00,10082.0,19.71638130492229
2024-06-26 10:55:31+08:00,10083.0,19.683249916670782
2024-06-26 10:55:32+08:00,10084.0,19.650221581429783
2024-06-26 10:55:33+08:00,10085.0,19.617309064233442
2024-06-26 10:55:34+08:00,10086.0,19.584525130115892
2024-06-26 10:55:35+08:00,10087.0,19.551882544111276
2024-06-26 10:55:36+08:00,10088.0,19.519394071253735
2024-06-26 10:55:37+08:00,10089.0,19.48707247657741
2024-06-26 10:55:38+08:00,10090.0,19.454930525116442
2024-06-26 10:55:39+08:00,10091.0,19.422980981904974
2024-06-26 10:55:40+08:00,10092.0,19.391236611977142
2024-06-26 10:55:41+08:00,10093.0,19.35971018036709
2024-06-26 10:55:42+08:00,10094.0,19.328414452108955
2024-06-26 10:55:43+08:00,10095.0,19.297362192236886
2024-06-26 10:55:44+08:00,10096.0,19.266566165785008
2024-06-26 10:55:45+08:00,10097.0,19.236039137787483
2024-06-26 10:55:46+08:00,10098.0,19.205793873278438
2024-06-26 10:55:47+08:00,10099.0,19.175843137292016
2024-06-26 10:55:48+08:00,10100.0,19.14619969486236
2024-06-26 10:55:49+08:00,10101.0,19.116876311023606
2024-06-26 10:55:50+08:00,10102.0,19.087885750809903
2024-06-26 10:55:51+08:00,10103.0,19.059240779255383
2024-06-26 10:55:52+08:00,10104.0,19.030954161394195
2024-06-26 10:55:53+08:00,10105.0,19.003038662260472
2024-06-26 10:55:54+08:00,10106.0,18.975507046888357
2024-06-26 10:55:55+08:00,10107.0,18.948372080311994
2024-06-26 10:55:56+08:00,10108.0,18.921646527565525
2024-06-26 10:55:57+08:00,10109.0,18.895343153683086
2024-06-26 10:55:58+08:00,10110.0,18.86947472369882
2024-06-26 10:55:59+08:00,10111.0,18.843843228137597
2024-06-26 10:56:00+08:00,10112.0,18.818256110191612
2024-06-26 10:56:01+08:00,10113.0,18.79273431389599
2024-06-26 10:56:02+08:00,10114.0,18.76729878328587
2024-06-26 10:56:03+08:00,10115.0,18.74197046239638
2024-06-26 10:56:04+08:00,10116.0,18.716770295262652
2024-06-26 10:56:05+08:00,10117.0,18.691719225919805
2024-06-26 10:56:06+08:00,10118.0,18.66683819840298
2024-06-26 10:56:07+08:00,10119.0,18.6421481567473
2024-06-26 10:56:08+08:00,10120.0,18.617670044987907
2024-06-26 10:56:09+08:00,10121.0,18.593424807159916
2024-06-26 10:56:10+08:00,10122.0,18.56943338729846
2024-06-26 10:56:11+08:00,10123.0,18.545716729438677
2024-06-26 10:56:12+08:00,10124.0,18.522295777615696
2024-06-26 10:56:13+08:00,10125.0,18.499191475864635
2024-06-26 10:56:14+08:00,10126.0,18.476424768220635
2024-06-26 10:56:15+08:00,10127.0,18.454016598718827
2024-06-26 10:56:16+08:00,10128.0,18.431987911394334
2024-06-26 10:56:17+08:00,10129.0,18.410359650282288
2024-06-26 10:56:18+08:00,10130.0,18.389152759417822
2024-06-26 10:56:19+08:00,10131.0,18.36838818283606
2024-06-26 10:56:20+08:00,10132.0,18.348086864572142
2024-06-26 10:56:21+08:00,10133.0,18.328269748661192
2024-06-26 10:56:22+08:00,10134.0,18.30895777913834
2024-06-26 10:56:23+08:00,10135.0,18.290171900038708
2024-06-26 10:56:24+08:00,10136.0,18.271933055397444
2024-06-26 10:56:25+08:00,10137.0,18.254262189249662
2024-06-26 10:56:26+08:00,10138.0,18.2371802456305
2024-06-26 10:56:27+08:00,10139.0,18.22070816857509
2024-06-26 10:56:28+08:00,10140.0,18.204866902118553
2024-06-26 10:56:29+08:00,10141.0,18.189197678351984
2024-06-26 10:56:30+08:00,10142.0,18.17326494776287
2024-06-26 10:56:31+08:00,10143.0,18.15712448198095
2024-06-26 10:56:32+08:00,10144.0,18.140832052635957
2024-06-26 10:56:33+08:00,10145.0,18.12444343135762
2024-06-26 10:56:34+08:00,10146.0,18.108014389775672
2024-06-26 10:56:35+08:00,10147.0,18.091600699519862
2024-06-26 10:56:36+08:00,10148.0,18.075258132219908
2024-06-26 10:56:37+08:00,10149.0,18.05904245950555
2024-06-26 10:56:38+08:00,10150.0,18.043009453006523
2024-06-26 10:56:39+08:00,10151.0,18.02721488435256
2024-06-26 10:56:40+08:00,10152.0,18.0117145251734
2024-06-26 10:56:41+08:00,10153.0,17.996564147098763
2024-06-26 10:56:42+08:00,10154.0,17.9818195217584
2024-06-26 10:56:43+08:00,10155.0,17.96753642078204
2024-06-26 10:56:44+08:00,10156.0,17.95377061579941
2024-06-26 10:56:45+08:00,10157.0,17.94057787844025
2024-06-26 10:56:46+08:00,10158.0,17.928013980334295
2024-06-26 10:56:47+08:00,10159.0,17.916134693111278
2024-06-26 10:56:48+08:00,10160.0,17.90499578840093
2024-06-26 10:56:49+08:00,10161.0,17.89465303783299
2024-06-26 10:56:50+08:00,10162.0,17.885162213037187
2024-06-26 10:56:51+08:00,10163.0,17.87657908564326
2024-06-26 10:56:52+08:00,10164.0,17.868959427280945
2024-06-26 10:56:53+08:00,10165.0,17.86235900957997
2024-06-26 10:56:54+08:00,10166.0,17.85683360417007
2024-06-26 10:56:55+08:00,10167.0,17.85243898268098
2024-06-26 10:56:56+08:00,10168.0,17.84923091674244
2024-06-26 10:56:57+08:00,10169.0,17.847265177984173
2024-06-26 10:56:58+08:00,10170.0,17.846597538035923
2024-06-26 10:56:59+08:00,10171.0,17.846603901900586
2024-06-26 10:57:00+08:00,10172.0,17.846622972105717
2024-06-26 10:57:01+08:00,10173.0,17.846654716568015
2024-06-26 10:57:02+08:00,10174.0,17.846699103204195
2024-06-26 10:57:03+08:00,10175.0,17.846756099930957
2024-06-26 10:57:04+08:00,10176.0,17.84682567466502
2024-06-26 10:57:05+08:00,10177.0,17.846907795323073
2024-06-26 10:57:06+08:00,10178.0,17.84700242982183
2024-06-26 10:57:07+08:00,10179.0,17.847109546078006
2024-06-26 10:57:08+08:00,10180.0,17.847229112008296
2024-06-26 10:57:09+08:00,10181.0,17.847361095529415
2024-06-26 10:57:10+08:00,10182.0,17.84750546455806
2024-06-26 10:57:11+08:00,10183.0,17.847662187010954
2024-06-26 10:57:12+08:00,10184.0,17.847831230804786
2024-06-26 10:57:13+08:00,10185.0,17.848012563856273
2024-06-26 10:57:14+08:00,10186.0,17.848206154082117
2024-06-26 10:57:15+08:00,10187.0,17.848411969399027
2024-06-26 10:57:16+08:00,10188.0,17.848629977723714
2024-06-26 10:57:17+08:00,10189.0,17.848860146972875
2024-06-26 10:57:18+08:00,10190.0,17.84910244506322
2024-06-26 10:57:19+08:00,10191.0,17.84935683991146
2024-06-26 10:57:20+08:00,10192.0,17.849623299434302
2024-06-26 10:57:21+08:00,10193.0,17.849901791548447
2024-06-26 10:57:22+08:00,10194.0,17.850192284170607
2024-06-26 10:57:23+08:00,10195.0,17.850494745217482
2024-06-26 10:57:24+08:00,10196.0,17.850809142605787
2024-06-26 10:57:25+08:00,10197.0,17.851135444252222
2024-06-26 10:57:26+08:00,10198.0,17.8514736180735
2024-06-26 10:57:27+08:00,10199.0,17.851823631986317
2024-06-26 10:57:28+08:00,10200.0,17.852185453907392
2024-06-26 10:57:29+08:00,10201.0,17.85329728306598
2024-06-26 10:57:30+08:00,10202.0,17.855858448130213
2024-06-26 10:57:31+08:00,10203.0,17.859810611175114
2024-06-26 10:57:32+08:00,10204.0,17.86509543427569
2024-06-26 10:57:33+08:00,10205.0,17.87165457950697
2024-06-26 10:57:34+08:00,10206.0,17.879429708943963
2024-06-26 10:57:35+08:00,10207.0,17.888362484661684
2024-06-26 10:57:36+08:00,10208.0,17.898394568735153
2024-06-26 10:57:37+08:00,10209.0,17.909467623239387
2024-06-26 10:57:38+08:00,10210.0,17.921523310249402
2024-06-26 10:57:39+08:00,10211.0,17.934503291840212
2024-06-26 10:57:40+08:00,10212.0,17.948349230086837
2024-06-26 10:57:41+08:00,10213.0,17.963002787064298
2024-06-26 10:57:42+08:00,10214.0,17.978405624847603
2024-06-26 10:57:43+08:00,10215.0,17.994499405511775
2024-06-26 10:57:44+08:00,10216.0,18.011225791131825
2024-06-26 10:57:45+08:00,10217.0,18.028526443782777
2024-06-26 10:57:46+08:00,10218.0,18.046343025539638
2024-06-26 10:57:47+08:00,10219.0,18.064617198477432
2024-06-26 10:57:48+08:00,10220.0,18.08329062467118
2024-06-26 10:57:49+08:00,10221.0,18.102304966195884
2024-06-26 10:57:50+08:00,10222.0,18.121601885126573
2024-06-26 10:57:51+08:00,10223.0,18.14112304353826
2024-06-26 10:57:52+08:00,10224.0,18.160810103505963
2024-06-26 10:57:53+08:00,10225.0,18.180604727104694
2024-06-26 10:57:54+08:00,10226.0,18.200448576409475
2024-06-26 10:57:55+08:00,10227.0,18.220283313495322
2024-06-26 10:57:56+08:00,10228.0,18.24005060043725
2024-06-26 10:57:57+08:00,10229.0,18.259692099310275
2024-06-26 10:57:58+08:00,10230.0,18.279149472189413
2024-06-26 10:57:59+08:00,10231.0,18.29898431117371
2024-06-26 10:58:00+08:00,10232.0,18.319779537930057
2024-06-26 10:58:01+08:00,10233.0,18.34150880888525
2024-06-26 10:58:02+08:00,10234.0,18.364145780466078
2024-06-26 10:58:03+08:00,10235.0,18.387664109099333
2024-06-26 10:58:04+08:00,10236.0,18.412037451211813
2024-06-26 10:58:05+08:00,10237.0,18.437239463230306
2024-06-26 10:58:06+08:00,10238.0,18.4632438015816
2024-06-26 10:58:07+08:00,10239.0,18.4900241226925
2024-06-26 10:58:08+08:00,10240.0,18.517554082989786
2024-06-26 10:58:09+08:00,10241.0,18.54580733890026
2024-06-26 10:58:10+08:00,10242.0,18.574757546850712
2024-06-26 10:58:11+08:00,10243.0,18.60437836326793
2024-06-26 10:58:12+08:00,10244.0,18.634643444578707
2024-06-26 10:58:13+08:00,10245.0,18.665526447209846
2024-06-26 10:58:14+08:00,10246.0,18.69700102758813
2024-06-26 10:58:15+08:00,10247.0,18.72904084214035
2024-06-26 10:58:16+08:00,10248.0,18.761619547293307
2024-06-26 10:58:17+08:00,10249.0,18.794710799473794
2024-06-26 10:58:18+08:00,10250.0,18.82828825510859
2024-06-26 10:58:19+08:00,10251.0,18.862325570624503
2024-06-26 10:58:20+08:00,10252.0,18.896796402448313
2024-06-26 10:58:21+08:00,10253.0,18.93167440700682
2024-06-26 10:58:22+08:00,10254.0,18.966933240726817
2024-06-26 10:58:23+08:00,10255.0,19.002546560035096
2024-06-26 10:58:24+08:00,10256.0,19.03848802135845
2024-06-26 10:58:25+08:00,10257.0,19.074731281123665
2024-06-26 10:58:26+08:00,10258.0,19.111249995757543
2024-06-26 10:58:27+08:00,10259.0,19.14801782168687
2024-06-26 10:58:28+08:00,10260.0,19.18500841533844
2024-06-26 10:58:29+08:00,10261.0,19.222557077154942
2024-06-26 10:58:30+08:00,10262.0,19.261004341663178
2024-06-26 10:58:31+08:00,10263.0,19.300331716416128
2024-06-26 10:58:32+08:00,10264.0,19.340520708966757
2024-06-26 10:58:33+08:00,10265.0,19.38155282686804
2024-06-26 10:58:34+08:00,10266.0,19.423409577672956
2024-06-26 10:58:35+08:00,10267.0,19.466072468934474
2024-06-26 10:58:36+08:00,10268.0,19.50952300820557
2024-06-26 10:58:37+08:00,10269.0,19.553742703039216
2024-06-26 10:58:38+08:00,10270.0,19.598713060988388
2024-06-26 10:58:39+08:00,10271.0,19.644415589606055
2024-06-26 10:58:40+08:00,10272.0,19.69083179644519
2024-06-26 10:58:41+08:00,10273.0,19.73794318905877
2024-06-26 10:58:42+08:00,10274.0,19.785731274999772
2024-06-26 10:58:43+08:00,10275.0,19.83417756182116
2024-06-26 10:58:44+08:00,10276.0,19.883263557075917
2024-06-26 10:58:45+08:00,10277.0,19.93297076831701
2024-06-26 10:58:46+08:00,10278.0,19.983280703097414
2024-06-26 10:58:47+08:00,10279.0,20.0341748689701
2024-06-26 10:58:48+08:00,10280.0,20.08563477348805
2024-06-26 10:58:49+08:00,10281.0,20.137641924204228
2024-06-26 10:58:50+08:00,10282.0,20.19017782867162
2024-06-26 10:58:51+08:00,10283.0,20.243223994443184
2024-06-26 10:58:52+08:00,10284.0,20.2967619290719
2024-06-26 10:58:53+08:00,10285.0,20.350773140110743
2024-06-26 10:58:54+08:00,10286.0,20.405239135112684
2024-06-26 10:58:55+08:00,10287.0,20.4601414216307
2024-06-26 10:58:56+08:00,10288.0,20.515461507217765
2024-06-26 10:58:57+08:00,10289.0,20.57118089942685
2024-06-26 10:58:58+08:00,10290.0,20.627281105810923
2024-06-26 10:58:59+08:00,10291.0,20.68402367591704
2024-06-26 10:59:00+08:00,10292.0,20.741672581548162
2024-06-26 10:59:01+08:00,10293.0,20.800212963641172
2024-06-26 10:59:02+08:00,10294.0,20.85962996313293
2024-06-26 10:59:03+08:00,10295.0,20.919908720960315
2024-06-26 10:59:04+08:00,10296.0,20.98103437806018
2024-06-26 10:59:05+08:00,10297.0,21.04299207536941
2024-06-26 10:59:06+08:00,10298.0,21.105766953824865
2024-06-26 10:59:07+08:00,10299.0,21.169344154363415
2024-06-26 10:59:08+08:00,10300.0,21.23370881792193
2024-06-26 10:59:09+08:00,10301.0,21.298846085437283
2024-06-26 10:59:10+08:00,10302.0,21.364741097846338
2024-06-26 10:59:11+08:00,10303.0,21.43137899608596
2024-06-26 10:59:12+08:00,10304.0,21.498744921093035
2024-06-26 10:59:13+08:00,10305.0,21.566824013804414
2024-06-26 10:59:14+08:00,10306.0,21.63560141515697
2024-06-26 10:59:15+08:00,10307.0,21.70506226608758
2024-06-26 10:59:16+08:00,10308.0,21.775191707533104
2024-06-26 10:59:17+08:00,10309.0,21.84597488043042
2024-06-26 10:59:18+08:00,10310.0,21.917396925716382
2024-06-26 10:59:19+08:00,10311.0,21.989442984327876
2024-06-26 10:59:20+08:00,10312.0,22.062098197201763
2024-06-26 10:59:21+08:00,10313.0,22.13534770527491
2024-06-26 10:59:22+08:00,10314.0,22.209176649484196
2024-06-26 10:59:23+08:00,10315.0,22.283570170766478
2024-06-26 10:59:24+08:00,10316.0,22.35851341005863
2024-06-26 10:59:25+08:00,10317.0,22.43399150829752
2024-06-26 10:59:26+08:00,10318.0,22.50998960642002
2024-06-26 10:59:27+08:00,10319.0,22.586492845363
2024-06-26 10:59:28+08:00,10320.0,22.66348636606332
2024-06-26 10:59:29+08:00,10321.0,22.741193626236626
2024-06-26 10:59:30+08:00,10322.0,22.819839476068523
2024-06-26 10:59:31+08:00,10323.0,22.899411145200826
2024-06-26 10:59:32+08:00,10324.0,22.97989586327537
2024-06-26 10:59:33+08:00,10325.0,23.061280859933966
2024-06-26 10:59:34+08:00,10326.0,23.143553364818448
2024-06-26 10:59:35+08:00,10327.0,23.226700607570642
2024-06-26 10:59:36+08:00,10328.0,23.310709817832358
2024-06-26 10:59:37+08:00,10329.0,23.39556822524543
2024-06-26 10:59:38+08:00,10330.0,23.481263059451678
2024-06-26 10:59:39+08:00,10331.0,23.56778155009293
2024-06-26 10:59:40+08:00,10332.0,23.655110926811002
2024-06-26 10:59:41+08:00,10333.0,23.743238419247717
2024-06-26 10:59:42+08:00,10334.0,23.832151257044913
2024-06-26 10:59:43+08:00,10335.0,23.9218366698444
2024-06-26 10:59:44+08:00,10336.0,24.012281887288008
2024-06-26 10:59:45+08:00,10337.0,24.10347413901755
2024-06-26 10:59:46+08:00,10338.0,24.195400654674863
2024-06-26 10:59:47+08:00,10339.0,24.288048663901765
2024-06-26 10:59:48+08:00,10340.0,24.381405396340078
2024-06-26 10:59:49+08:00,10341.0,24.47545808163163
2024-06-26 10:59:50+08:00,10342.0,24.570193949418236
2024-06-26 10:59:51+08:00,10343.0,24.66560022934173
2024-06-26 10:59:52+08:00,10344.0,24.76166415104393
2024-06-26 10:59:53+08:00,10345.0,24.85837294416666
2024-06-26 10:59:54+08:00,10346.0,24.955713838351745
2024-06-26 10:59:55+08:00,10347.0,25.053674063241004
2024-06-26 10:59:56+08:00,10348.0,25.15224084847627
2024-06-26 10:59:57+08:00,10349.0,25.25140142369936
2024-06-26 10:59:58+08:00,10350.0,25.351143018552094
2024-06-26 10:59:59+08:00,10351.0,25.451665846838825
2024-06-26 11:00:00+08:00,10352.0,25.553171020467197
2024-06-26 11:00:01+08:00,10353.0,25.655647116234007
2024-06-26 11:00:02+08:00,10354.0,25.759082710936042
2024-06-26 11:00:03+08:00,10355.0,25.86346638137009
2024-06-26 11:00:04+08:00,10356.0,25.96878670433294
2024-06-26 11:00:05+08:00,10357.0,26.07503225662138
2024-06-26 11:00:06+08:00,10358.0,26.182191615032202
2024-06-26 11:00:07+08:00,10359.0,26.290253356362197
2024-06-26 11:00:08+08:00,10360.0,26.399206057408144
2024-06-26 11:00:09+08:00,10361.0,26.509038294966846
2024-06-26 11:00:10+08:00,10362.0,26.619738645835078
2024-06-26 11:00:11+08:00,10363.0,26.73129568680964
2024-06-26 11:00:12+08:00,10364.0,26.84369799468732
2024-06-26 11:00:13+08:00,10365.0,26.956934146264903
2024-06-26 11:00:14+08:00,10366.0,27.070992718339173
2024-06-26 11:00:15+08:00,10367.0,27.185862287706932
2024-06-26 11:00:16+08:00,10368.0,27.301531431164964
2024-06-26 11:00:17+08:00,10369.0,27.417988725510046
2024-06-26 11:00:18+08:00,10370.0,27.535222747538988
2024-06-26 11:00:19+08:00,10371.0,27.653222074048564
2024-06-26 11:00:20+08:00,10372.0,27.77197528183557
2024-06-26 11:00:21+08:00,10373.0,27.891470947696792
2024-06-26 11:00:22+08:00,10374.0,28.01169764842902
2024-06-26 11:00:23+08:00,10375.0,28.132643960829043
2024-06-26 11:00:24+08:00,10376.0,28.254298461693647
2024-06-26 11:00:25+08:00,10377.0,28.37664972781963
2024-06-26 11:00:26+08:00,10378.0,28.49968633600377
2024-06-26 11:00:27+08:00,10379.0,28.623396863042863
2024-06-26 11:00:28+08:00,10380.0,28.747769885733696
2024-06-26 11:00:29+08:00,10381.0,28.87299004742362
2024-06-26 11:00:30+08:00,10382.0,28.999242614285723
2024-06-26 11:00:31+08:00,10383.0,29.126517097355418
2024-06-26 11:00:32+08:00,10384.0,29.25480300766809
2024-06-26 11:00:33+08:00,10385.0,29.38408985625916
2024-06-26 11:00:34+08:00,10386.0,29.514367154164017
2024-06-26 11:00:35+08:00,10387.0,29.64562441241807
2024-06-26 11:00:36+08:00,10388.0,29.77785114205672
2024-06-26 11:00:37+08:00,10389.0,29.91103685411537
2024-06-26 11:00:38+08:00,10390.0,30.045171059629418
2024-06-26 11:00:39+08:00,10391.0,30.180243269634275
2024-06-26 11:00:40+08:00,10392.0,30.316242995165332
2024-06-26 11:00:41+08:00,10393.0,30.453159747258002
2024-06-26 11:00:42+08:00,10394.0,30.590983036947684
2024-06-26 11:00:43+08:00,10395.0,30.72970237526978
2024-06-26 11:00:44+08:00,10396.0,30.869307273259693
2024-06-26 11:00:45+08:00,10397.0,31.00978724195283
2024-06-26 11:00:46+08:00,10398.0,31.15113179238458
2024-06-26 11:00:47+08:00,10399.0,31.293330435590356
2024-06-26 11:00:48+08:00,10400.0,31.43637268260556
2024-06-26 11:00:49+08:00,10401.0,31.580248044465588
2024-06-26 11:00:50+08:00,10402.0,31.72494603220585
2024-06-26 11:00:51+08:00,10403.0,31.87045615686175
2024-06-26 11:00:52+08:00,10404.0,32.01676792946868
2024-06-26 11:00:53+08:00,10405.0,32.16387086106206
2024-06-26 11:00:54+08:00,10406.0,32.311754462677264
2024-06-26 11:00:55+08:00,10407.0,32.46040824534972
2024-06-26 11:00:56+08:00,10408.0,32.609821720114816
2024-06-26 11:00:57+08:00,10409.0,32.759984398007965
2024-06-26 11:00:58+08:00,10410.0,32.91088579006457
2024-06-26 11:00:59+08:00,10411.0,33.062699453316135
2024-06-26 11:01:00+08:00,10412.0,33.21559939901397
2024-06-26 11:01:01+08:00,10413.0,33.369575819523156
2024-06-26 11:01:02+08:00,10414.0,33.52461890720879
2024-06-26 11:01:03+08:00,10415.0,33.680718854435966
2024-06-26 11:01:04+08:00,10416.0,33.83786585356977
2024-06-26 11:01:05+08:00,10417.0,33.99605009697528
2024-06-26 11:01:06+08:00,10418.0,34.1552617770176
2024-06-26 11:01:07+08:00,10419.0,34.31549108606182
2024-06-26 11:01:08+08:00,10420.0,34.47672821647302
2024-06-26 11:01:09+08:00,10421.0,34.63896336061628
2024-06-26 11:01:10+08:00,10422.0,34.802186710856716
2024-06-26 11:01:11+08:00,10423.0,34.966388459559404
2024-06-26 11:01:12+08:00,10424.0,35.13155879908943
2024-06-26 11:01:13+08:00,10425.0,35.297687921811885
2024-06-26 11:01:14+08:00,10426.0,35.464766020091865
2024-06-26 11:01:15+08:00,10427.0,35.63278328629445
2024-06-26 11:01:16+08:00,10428.0,35.80172991278474
2024-06-26 11:01:17+08:00,10429.0,35.97159609192781
2024-06-26 11:01:18+08:00,10430.0,36.14237201608876
2024-06-26 11:01:19+08:00,10431.0,36.314047877632674
2024-06-26 11:01:20+08:00,10432.0,36.48661386892465
2024-06-26 11:01:21+08:00,10433.0,36.660060182329765
2024-06-26 11:01:22+08:00,10434.0,36.834377010213124
2024-06-26 11:01:23+08:00,10435.0,37.0095545449398
2024-06-26 11:01:24+08:00,10436.0,37.18558297887489
2024-06-26 11:01:25+08:00,10437.0,37.36245250438349
2024-06-26 11:01:26+08:00,10438.0,37.54015331383068
2024-06-26 11:01:27+08:00,10439.0,37.71867559958155
2024-06-26 11:01:28+08:00,10440.0,37.8980095540012
2024-06-26 11:01:29+08:00,10441.0,38.075804473558954
2024-06-26 11:01:30+08:00,10442.0,38.2500570352694
2024-06-26 11:01:31+08:00,10443.0,38.42127850231551
2024-06-26 11:01:32+08:00,10444.0,38.58998013788026
2024-06-26 11:01:33+08:00,10445.0,38.7566732051466
2024-06-26 11:01:34+08:00,10446.0,38.921868967297506
2024-06-26 11:01:35+08:00,10447.0,39.08607868751593
2024-06-26 11:01:36+08:00,10448.0,39.24981362898485
2024-06-26 11:01:37+08:00,10449.0,39.41358505488724
2024-06-26 11:01:38+08:00,10450.0,39.57790422840606
2024-06-26 11:01:39+08:00,10451.0,39.74328241272426
2024-06-26 11:01:40+08:00,10452.0,39.91023087102483
2024-06-26 11:01:41+08:00,10453.0,40.07926086649073
2024-06-26 11:01:42+08:00,10454.0,40.25088366230491
2024-06-26 11:01:43+08:00,10455.0,40.425610521650356
2024-06-26 11:01:44+08:00,10456.0,40.60395270771002
2024-06-26 11:01:45+08:00,10457.0,40.78642148366687
2024-06-26 11:01:46+08:00,10458.0,40.97352811270389
2024-06-26 11:01:47+08:00,10459.0,41.165783858004026
2024-06-26 11:01:48+08:00,10460.0,41.36369998275025
2024-06-26 11:01:49+08:00,10461.0,41.56778775012554
2024-06-26 11:01:50+08:00,10462.0,41.778558423312845
2024-06-26 11:01:51+08:00,10463.0,41.99652326549513
2024-06-26 11:01:52+08:00,10464.0,42.222193539855375
2024-06-26 11:01:53+08:00,10465.0,42.45608050957655
2024-06-26 11:01:54+08:00,10466.0,42.69869543784159
2024-06-26 11:01:55+08:00,10467.0,42.95054958783351
2024-06-26 11:01:56+08:00,10468.0,43.21215422273523
2024-06-26 11:01:57+08:00,10469.0,43.48402060572974
2024-06-26 11:01:58+08:00,10470.0,43.76666
2024-06-26 11:01:59+08:00,10471.0,44.062229947115235
2024-06-26 11:02:00+08:00,10472.0,44.37272047477392
2024-06-26 11:02:01+08:00,10473.0,44.69839157535294
2024-06-26 11:02:02+08:00,10474.0,45.03950324122919
2024-06-26 11:02:03+08:00,10475.0,45.39631546477955
2024-06-26 11:02:04+08:00,10476.0,45.769088238380874
2024-06-26 11:02:05+08:00,10477.0,46.15808155441008
2024-06-26 11:02:06+08:00,10478.0,46.56355540524403
2024-06-26 11:02:07+08:00,10479.0,46.985769783259606
2024-06-26 11:02:08+08:00,10480.0,47.424984680833695
2024-06-26 11:02:09+08:00,10481.0,47.88146009034317
2024-06-26 11:02:10+08:00,10482.0,48.35545600416492
2024-06-26 11:02:11+08:00,10483.0,48.84723241467583
2024-06-26 11:02:12+08:00,10484.0,49.35704931425277
2024-06-26 11:02:13+08:00,10485.0,49.88516669527263
2024-06-26 11:02:14+08:00,10486.0,50.43184455011229
2024-06-26 11:02:15+08:00,10487.0,50.99734287114863
2024-06-26 11:02:16+08:00,10488.0,51.58192165075854
2024-06-26 11:02:17+08:00,10489.0,52.185840881318875
2024-06-26 11:02:18+08:00,10490.0,52.80936055520654
2024-06-26 11:02:19+08:00,10491.0,53.45274066479842
2024-06-26 11:02:20+08:00,10492.0,54.11624120247138
2024-06-26 11:02:21+08:00,10493.0,54.80012216060231
2024-06-26 11:02:22+08:00,10494.0,55.50464353156809
2024-06-26 11:02:23+08:00,10495.0,56.230065307745605
2024-06-26 11:02:24+08:00,10496.0,56.97664748151174
2024-06-26 11:02:25+08:00,10497.0,57.74465004524335
2024-06-26 11:02:26+08:00,10498.0,58.53433299131735
2024-06-26 11:02:27+08:00,10499.0,59.34595631211061
2024-06-26 11:02:28+08:00,10500.0,60.17978
2024-06-26 11:02:29+08:00,10501.0,61.10477360670773
2024-06-26 11:02:30+08:00,10502.0,62.18334571124544
2024-06-26 11:02:31+08:00,10503.0,63.40591484692411
2024-06-26 11:02:32+08:00,10504.0,64.76289954705479
2024-06-26 11:02:33+08:00,10505.0,66.2447183449485
2024-06-26 11:02:34+08:00,10506.0,67.84178977391622
2024-06-26 11:02:35+08:00,10507.0,69.54453236726901
2024-06-26 11:02:36+08:00,10508.0,71.34336465831788
2024-06-26 11:02:37+08:00,10509.0,73.22870518037384
2024-06-26 11:02:38+08:00,10510.0,75.1909724667479
2024-06-26 11:02:39+08:00,10511.0,77.2205850507511
2024-06-26 11:02:40+08:00,10512.0,79.30796146569442
2024-06-26 11:02:41+08:00,10513.0,81.44352024488893
2024-06-26 11:02:42+08:00,10514.0,83.6176799216456
2024-06-26 11:02:43+08:00,10515.0,85.8208590292755
2024-06-26 11:02:44+08:00,10516.0,88.0434761010896
2024-06-26 11:02:45+08:00,10517.0,90.27594967039893
2024-06-26 11:02:46+08:00,10518.0,92.50869827051451
2024-06-26 11:02:47+08:00,10519.0,94.73214043474738
2024-06-26 11:02:48+08:00,10520.0,96.93669469640852
2024-06-26 11:02:49+08:00,10521.0,99.11277958880899
2024-06-26 11:02:50+08:00,10522.0,101.25081364525978
2024-06-26 11:02:51+08:00,10523.0,103.34121539907191
2024-06-26 11:02:52+08:00,10524.0,105.37440338355641
2024-06-26 11:02:53+08:00,10525.0,107.34079613202428
2024-06-26 11:02:54+08:00,10526.0,109.23081217778655
2024-06-26 11:02:55+08:00,10527.0,111.03487005415425
2024-06-26 11:02:56+08:00,10528.0,112.74338829443838
2024-06-26 11:02:57+08:00,10529.0,114.34678543194995
2024-06-26 11:02:58+08:00,10530.0,115.83547999999999
2024-06-26 11:02:59+08:00,10531.0,117.26458418564833
2024-06-26 11:03:00+08:00,10532.0,118.69423749613286
2024-06-26 11:03:01+08:00,10533.0,120.12239944503153
2024-06-26 11:03:02+08:00,10534.0,121.54702954592244
2024-06-26 11:03:03+08:00,10535.0,122.96608731238359
2024-06-26 11:03:04+08:00,10536.0,124.37753225799307
2024-06-26 11:03:05+08:00,10537.0,125.77932389632883
2024-06-26 11:03:06+08:00,10538.0,127.16942174096899
2024-06-26 11:03:07+08:00,10539.0,128.54578530549153
2024-06-26 11:03:08+08:00,10540.0,129.9063741034745
2024-06-26 11:03:09+08:00,10541.0,131.24914764849595
2024-06-26 11:03:10+08:00,10542.0,132.5720654541339
2024-06-26 11:03:11+08:00,10543.0,133.87308703396639
2024-06-26 11:03:12+08:00,10544.0,135.15017190157144
2024-06-26 11:03:13+08:00,10545.0,136.40127957052712
2024-06-26 11:03:14+08:00,10546.0,137.62436955441143
2024-06-26 11:03:15+08:00,10547.0,138.81740136680247
2024-06-26 11:03:16+08:00,10548.0,139.9783345212782
2024-06-26 11:03:17+08:00,10549.0,141.10512853141668
2024-06-26 11:03:18+08:00,10550.0,142.19574291079593
2024-06-26 11:03:19+08:00,10551.0,143.24813717299406
2024-06-26 11:03:20+08:00,10552.0,144.260270831589
2024-06-26 11:03:21+08:00,10553.0,145.23010340015887
2024-06-26 11:03:22+08:00,10554.0,146.15559439228164
2024-06-26 11:03:23+08:00,10555.0,147.0347033215354
2024-06-26 11:03:24+08:00,10556.0,147.86538970149817
2024-06-26 11:03:25+08:00,10557.0,148.64561304574798
2024-06-26 11:03:26+08:00,10558.0,149.37333286786284
2024-06-26 11:03:27+08:00,10559.0,150.04650868142085
2024-06-26 11:03:28+08:00,10560.0,150.6631
2024-06-26 11:03:29+08:00,10561.0,151.24709540330016
2024-06-26 11:03:30+08:00,10562.0,151.82345045856934
2024-06-26 11:03:31+08:00,10563.0,152.39157516070762
2024-06-26 11:03:32+08:00,10564.0,152.95087950461513
2024-06-26 11:03:33+08:00,10565.0,153.50077348519198
2024-06-26 11:03:34+08:00,10566.0,154.0406670973383
2024-06-26 11:03:35+08:00,10567.0,154.56997033595422
2024-06-26 11:03:36+08:00,10568.0,155.0880931959398
2024-06-26 11:03:37+08:00,10569.0,155.59444567219526
2024-06-26 11:03:38+08:00,10570.0,156.08843775962063
2024-06-26 11:03:39+08:00,10571.0,156.5694794531161
2024-06-26 11:03:40+08:00,10572.0,157.03698074758174
2024-06-26 11:03:41+08:00,10573.0,157.49035163791766
2024-06-26 11:03:42+08:00,10574.0,157.929002119024
2024-06-26 11:03:43+08:00,10575.0,158.3523421858009
2024-06-26 11:03:44+08:00,10576.0,158.75978183314845
2024-06-26 11:03:45+08:00,10577.0,159.1507310559668
2024-06-26 11:03:46+08:00,10578.0,159.524599849156
2024-06-26 11:03:47+08:00,10579.0,159.88079820761624
2024-06-26 11:03:48+08:00,10580.0,160.21873612624762
2024-06-26 11:03:49+08:00,10581.0,160.53782359995023
2024-06-26 11:03:50+08:00,10582.0,160.83747062362423
2024-06-26 11:03:51+08:00,10583.0,161.11708719216972
2024-06-26 11:03:52+08:00,10584.0,161.3760833004868
2024-06-26 11:03:53+08:00,10585.0,161.61386894347567
2024-06-26 11:03:54+08:00,10586.0,161.82985411603636
2024-06-26 11:03:55+08:00,10587.0,162.023448813069
2024-06-26 11:03:56+08:00,10588.0,162.19406302947377
2024-06-26 11:03:57+08:00,10589.0,162.3411067601507
2024-06-26 11:03:58+08:00,10590.0,162.46399
2024-06-26 11:03:59+08:00,10591.0,162.57363748647097
2024-06-26 11:04:00+08:00,10592.0,162.6812868756399
2024-06-26 11:04:01+08:00,10593.0,162.7868175403472
2024-06-26 11:04:02+08:00,10594.0,162.8901088534334
2024-06-26 11:04:03+08:00,10595.0,162.99104018773895
2024-06-26 11:04:04+08:00,10596.0,163.08949091610427
2024-06-26 11:04:05+08:00,10597.0,163.18534041136982
2024-06-26 11:04:06+08:00,10598.0,163.27846804637608
2024-06-26 11:04:07+08:00,10599.0,163.36875319396347
2024-06-26 11:04:08+08:00,10600.0,163.4560752269725
2024-06-26 11:04:09+08:00,10601.0,163.54031351824364
2024-06-26 11:04:10+08:00,10602.0,163.62134744061726
2024-06-26 11:04:11+08:00,10603.0,163.69905636693392
2024-06-26 11:04:12+08:00,10604.0,163.77331967003403
2024-06-26 11:04:13+08:00,10605.0,163.84401672275806
2024-06-26 11:04:14+08:00,10606.0,163.91102689794644
2024-06-26 11:04:15+08:00,10607.0,163.97422956843968
2024-06-26 11:04:16+08:00,10608.0,164.0335041070782
2024-06-26 11:04:17+08:00,10609.0,164.08872988670245
2024-06-26 11:04:18+08:00,10610.0,164.13978628015292
2024-06-26 11:04:19+08:00,10611.0,164.18655266027005
2024-06-26 11:04:20+08:00,10612.0,164.22890839989432
2024-06-26 11:04:21+08:00,10613.0,164.26673287186617
2024-06-26 11:04:22+08:00,10614.0,164.29990544902606
2024-06-26 11:04:23+08:00,10615.0,164.32830550421448
2024-06-26 11:04:24+08:00,10616.0,164.3518124102718
2024-06-26 11:04:25+08:00,10617.0,164.37030554003857
2024-06-26 11:04:26+08:00,10618.0,164.38366426635525
2024-06-26 11:04:27+08:00,10619.0,164.3917679620622
2024-06-26 11:04:28+08:00,10620.0,164.394496
2024-06-26 11:04:29+08:00,10621.0,164.37432185007407
2024-06-26 11:04:30+08:00,10622.0,164.31563341392592
2024-06-26 11:04:31+08:00,10623.0,164.221181712
2024-06-26 11:04:32+08:00,10624.0,164.09371776474075
2024-06-26 11:04:33+08:00,10625.0,163.93599259259258
2024-06-26 11:04:34+08:00,10626.0,163.75075721599998
2024-06-26 11:04:35+08:00,10627.0,163.5407626554074
2024-06-26 11:04:36+08:00,10628.0,163.30875993125926
2024-06-26 11:04:37+08:00,10629.0,163.057500064
2024-06-26 11:04:38+08:00,10630.0,162.7897340740741
2024-06-26 11:04:39+08:00,10631.0,162.50821298192594
2024-06-26 11:04:40+08:00,10632.0,162.21568780799998
2024-06-26 11:04:41+08:00,10633.0,161.91490957274073
2024-06-26 11:04:42+08:00,10634.0,161.6086292965926
2024-06-26 11:04:43+08:00,10635.0,161.299598
2024-06-26 11:04:44+08:00,10636.0,160.9905667034074
2024-06-26 11:04:45+08:00,10637.0,160.68428642725928
2024-06-26 11:04:46+08:00,10638.0,160.383508192
2024-06-26 11:04:47+08:00,10639.0,160.09098301807407
2024-06-26 11:04:48+08:00,10640.0,159.80946192592592
2024-06-26 11:04:49+08:00,10641.0,159.541695936
2024-06-26 11:04:50+08:00,10642.0,159.29043606874075
2024-06-26 11:04:51+08:00,10643.0,159.0584333445926
2024-06-26 11:04:52+08:00,10644.0,158.848438784
2024-06-26 11:04:53+08:00,10645.0,158.66320340740742
2024-06-26 11:04:54+08:00,10646.0,158.50547823525926
2024-06-26 11:04:55+08:00,10647.0,158.37801428800003
2024-06-26 11:04:56+08:00,10648.0,158.28356258607408
2024-06-26 11:04:57+08:00,10649.0,158.22487414992594
2024-06-26 11:04:58+08:00,10650.0,158.2047
2024-06-26 11:04:59+08:00,10651.0,159.0567837925926
2024-06-26 11:05:00+08:00,10652.0,161.5355730074074
2024-06-26 11:05:01+08:00,10653.0,165.5248744
2024-06-26 11:05:02+08:00,10654.0,170.90849472592592
2024-06-26 11:05:03+08:00,10655.0,177.57024074074076
2024-06-26 11:05:04+08:00,10656.0,185.3939192
2024-06-26 11:05:05+08:00,10657.0,194.26333685925925
2024-06-26 11:05:06+08:00,10658.0,204.06230047407408
2024-06-26 11:05:07+08:00,10659.0,214.67461680000002
2024-06-26 11:05:08+08:00,10660.0,225.9840925925926
2024-06-26 11:05:09+08:00,10661.0,237.87453460740744
2024-06-26 11:05:10+08:00,10662.0,250.2297496
2024-06-26 11:05:11+08:00,10663.0,262.93354432592594
2024-06-26 11:05:12+08:00,10664.0,275.8697255407408
2024-06-26 11:05:13+08:00,10665.0,288.9221
2024-06-26 11:05:14+08:00,10666.0,301.9744744592593
2024-06-26 11:05:15+08:00,10667.0,314.91065567407406
2024-06-26 11:05:16+08:00,10668.0,327.6144504
2024-06-26 11:05:17+08:00,10669.0,339.96966539259256
2024-06-26 11:05:18+08:00,10670.0,351.86010740740744
2024-06-26 11:05:19+08:00,10671.0,363.16958320000003
2024-06-26 11:05:20+08:00,10672.0,373.781899525926
2024-06-26 11:05:21+08:00,10673.0,383.58086314074075
2024-06-26 11:05:22+08:00,10674.0,392.45028080000003
2024-06-26 11:05:23+08:00,10675.0,400.27395925925924
2024-06-26 11:05:24+08:00,10676.0,406.9357052740741
2024-06-26 11:05:25+08:00,10677.0,412.31932559999996
2024-06-26 11:05:26+08:00,10678.0,416.3086269925926
2024-06-26 11:05:27+08:00,10679.0,418.7874162074074
2024-06-26 11:05:28+08:00,10680.0,419.6395
2024-06-26 11:05:29+08:00,10681.0,418.96820340740743
2024-06-26 11:05:30+08:00,10682.0,417.01534059259257
2024-06-26 11:05:31+08:00,10683.0,413.87245199999995
2024-06-26 11:05:32+08:00,10684.0,409.6310780740741
2024-06-26 11:05:33+08:00,10685.0,404.3827592592593
2024-06-26 11:05:34+08:00,10686.0,398.219036
2024-06-26 11:05:35+08:00,10687.0,391.23144874074075
2024-06-26 11:05:36+08:00,10688.0,383.51153792592595
2024-06-26 11:05:37+08:00,10689.0,375.150844
2024-06-26 11:05:38+08:00,10690.0,366.2409074074074
2024-06-26 11:05:39+08:00,10691.0,356.8732685925926
2024-06-26 11:05:40+08:00,10692.0,347.139468
2024-06-26 11:05:41+08:00,10693.0,337.13104607407405
2024-06-26 11:05:42+08:00,10694.0,326.93954325925927
2024-06-26 11:05:43+08:00,10695.0,316.65649999999994
2024-06-26 11:05:44+08:00,10696.0,306.3734567407407
2024-06-26 11:05:45+08:00,10697.0,296.18195392592594
2024-06-26 11:05:46+08:00,10698.0,286.17353199999997
2024-06-26 11:05:47+08:00,10699.0,276.4397314074074
2024-06-26 11:05:48+08:00,10700.0,267.0720925925926
2024-06-26 11:05:49+08:00,10701.0,258.162156
2024-06-26 11:05:50+08:00,10702.0,249.8014620740741
2024-06-26 11:05:51+08:00,10703.0,242.08155125925927
2024-06-26 11:05:52+08:00,10704.0,235.093964
2024-06-26 11:05:53+08:00,10705.0,228.93024074074071
2024-06-26 11:05:54+08:00,10706.0,223.6819219259259
2024-06-26 11:05:55+08:00,10707.0,219.44054799999998
2024-06-26 11:05:56+08:00,10708.0,216.29765940740737
2024-06-26 11:05:57+08:00,10709.0,214.34479659259262
2024-06-26 11:05:58+08:00,10710.0,213.6735
2024-06-26 11:05:59+08:00,10711.0,214.33405374814814
2024-06-26 11:06:00+08:00,10712.0,216.25566465185184
2024-06-26 11:06:01+08:00,10713.0,219.34825719999998
2024-06-26 11:06:02+08:00,10714.0,223.52175588148145
2024-06-26 11:06:03+08:00,10715.0,228.6860851851852
2024-06-26 11:06:04+08:00,10716.0,234.7511696
2024-06-26 11:06:05+08:00,10717.0,241.62693361481482
2024-06-26 11:06:06+08:00,10718.0,249.2233017185185
2024-06-26 11:06:07+08:00,10719.0,257.4501984
2024-06-26 11:06:08+08:00,10720.0,266.2175481481481
2024-06-26 11:06:09+08:00,10721.0,275.4352754518518
2024-06-26 11:06:10+08:00,10722.0,285.01330479999996
2024-06-26 11:06:11+08:00,10723.0,294.8615606814815
2024-06-26 11:06:12+08:00,10724.0,304.88996758518516
2024-06-26 11:06:13+08:00,10725.0,315.00845000000004
2024-06-26 11:06:14+08:00,10726.0,325.1269324148148
2024-06-26 11:06:15+08:00,10727.0,335.1553393185185
2024-06-26 11:06:16+08:00,10728.0,345.00359519999995
2024-06-26 11:06:17+08:00,10729.0,354.5816245481481
2024-06-26 11:06:18+08:00,10730.0,363.7993518518518
2024-06-26 11:06:19+08:00,10731.0,372.56670159999993
2024-06-26 11:06:20+08:00,10732.0,380.7935982814815
2024-06-26 11:06:21+08:00,10733.0,388.38996638518506
2024-06-26 11:06:22+08:00,10734.0,395.26573040000005
2024-06-26 11:06:23+08:00,10735.0,401.33081481481474
2024-06-26 11:06:24+08:00,10736.0,406.49514411851845
2024-06-26 11:06:25+08:00,10737.0,410.66864279999993
2024-06-26 11:06:26+08:00,10738.0,413.76123534814815
2024-06-26 11:06:27+08:00,10739.0,415.68284625185174
2024-06-26 11:06:28+08:00,10740.0,416.3434
2024-06-26 11:06:29+08:00,10741.0,416.3093995308283
2024-06-26 11:06:30+08:00,10742.0,416.2083641343868
2024-06-26 11:06:31+08:00,10743.0,416.0417428272856
2024-06-26 11:06:32+08:00,10744.0,415.810984626135
2024-06-26 11:06:33+08:00,10745.0,415.51753854754526
2024-06-26 11:06:34+08:00,10746.0,415.16285360812657
2024-06-26 11:06:35+08:00,10747.0,414.7483788244892
2024-06-26 11:06:36+08:00,10748.0,414.27556321324334
2024-06-26 11:06:37+08:00,10749.0,413.74585579099926
2024-06-26 11:06:38+08:00,10750.0,413.1607055743671
2024-06-26 11:06:39+08:00,10751.0,412.5215615799572
2024-06-26 11:06:40+08:00,10752.0,411.82987282437983
2024-06-26 11:06:41+08:00,10753.0,411.0870883242451
2024-06-26 11:06:42+08:00,10754.0,410.29465709616323
2024-06-26 11:06:43+08:00,10755.0,409.4540281567445
2024-06-26 11:06:44+08:00,10756.0,408.5666505225993
2024-06-26 11:06:45+08:00,10757.0,407.63397321033756
2024-06-26 11:06:46+08:00,10758.0,406.65744523656974
2024-06-26 11:06:47+08:00,10759.0,405.638515617906
2024-06-26 11:06:48+08:00,10760.0,404.57863337095654
2024-06-26 11:06:49+08:00,10761.0,403.47924751233165
2024-06-26 11:06:50+08:00,10762.0,402.3418070586415
2024-06-26 11:06:51+08:00,10763.0,401.16776102649635
2024-06-26 11:06:52+08:00,10764.0,399.95855843250644
2024-06-26 11:06:53+08:00,10765.0,398.715648293282
2024-06-26 11:06:54+08:00,10766.0,397.4404796254333
2024-06-26 11:06:55+08:00,10767.0,396.1345014455705
2024-06-26 11:06:56+08:00,10768.0,394.79916277030384
2024-06-26 11:06:57+08:00,10769.0,393.4359126162436
2024-06-26 11:06:58+08:00,10770.0,392.0462
2024-06-26 11:06:59+08:00,10771.0,390.22470136894157
2024-06-26 11:07:00+08:00,10772.0,387.605346444511
2024-06-26 11:07:01+08:00,10773.0,384.24846415442954
2024-06-26 11:07:02+08:00,10774.0,380.2143834264185
2024-06-26 11:07:03+08:00,10775.0,375.56343318819944
2024-06-26 11:07:04+08:00,10776.0,370.3559423674935
2024-06-26 11:07:05+08:00,10777.0,364.6522398920222
2024-06-26 11:07:06+08:00,10778.0,358.51265468950663
2024-06-26 11:07:07+08:00,10779.0,351.9975156876684
2024-06-26 11:07:08+08:00,10780.0,345.1671518142287
2024-06-26 11:07:09+08:00,10781.0,338.08189199690884
2024-06-26 11:07:10+08:00,10782.0,330.80206516343026
2024-06-26 11:07:11+08:00,10783.0,323.38800024151425
2024-06-26 11:07:12+08:00,10784.0,315.9000261588822
2024-06-26 11:07:13+08:00,10785.0,308.3984718432554
2024-06-26 11:07:14+08:00,10786.0,300.94366622235526
2024-06-26 11:07:15+08:00,10787.0,293.5959382239031
2024-06-26 11:07:16+08:00,10788.0,286.41561677562015
2024-06-26 11:07:17+08:00,10789.0,279.46303080522796
2024-06-26 11:07:18+08:00,10790.0,272.7985092404477
2024-06-26 11:07:19+08:00,10791.0,266.4823810090008
2024-06-26 11:07:20+08:00,10792.0,260.5749750386085
2024-06-26 11:07:21+08:00,10793.0,255.1366202569923
2024-06-26 11:07:22+08:00,10794.0,250.2276455918734
2024-06-26 11:07:23+08:00,10795.0,245.90837997097324
2024-06-26 11:07:24+08:00,10796.0,242.23915232201313
2024-06-26 11:07:25+08:00,10797.0,239.28029157271445
2024-06-26 11:07:26+08:00,10798.0,237.09212665079846
2024-06-26 11:07:27+08:00,10799.0,235.73498648398652
2024-06-26 11:07:28+08:00,10800.0,235.2692
2024-06-26 11:07:29+08:00,10801.0,235.35184930579638
2024-06-26 11:07:30+08:00,10802.0,235.5928622691293
2024-06-26 11:07:31+08:00,10803.0,235.98183645891447
2024-06-26 11:07:32+08:00,10804.0,236.50836944406757
2024-06-26 11:07:33+08:00,10805.0,237.1620587935043
2024-06-26 11:07:34+08:00,10806.0,237.9325020761403
2024-06-26 11:07:35+08:00,10807.0,238.80929686089138
2024-06-26 11:07:36+08:00,10808.0,239.78204071667312
2024-06-26 11:07:37+08:00,10809.0,240.84033121240125
2024-06-26 11:07:38+08:00,10810.0,241.9737659169915
2024-06-26 11:07:39+08:00,10811.0,243.1719423993595
2024-06-26 11:07:40+08:00,10812.0,244.42445822842097
2024-06-26 11:07:41+08:00,10813.0,245.7209109730916
2024-06-26 11:07:42+08:00,10814.0,247.0508982022871
2024-06-26 11:07:43+08:00,10815.0,248.40401748492312
2024-06-26 11:07:44+08:00,10816.0,249.7698663899154
2024-06-26 11:07:45+08:00,10817.0,251.13804248617961
2024-06-26 11:07:46+08:00,10818.0,252.49814334263147
2024-06-26 11:07:47+08:00,10819.0,253.8397665281866
2024-06-26 11:07:48+08:00,10820.0,255.15250961176073
2024-06-26 11:07:49+08:00,10821.0,256.4259701622696
2024-06-26 11:07:50+08:00,10822.0,257.64974574862885
2024-06-26 11:07:51+08:00,10823.0,258.81343393975413
2024-06-26 11:07:52+08:00,10824.0,259.9066323045613
2024-06-26 11:07:53+08:00,10825.0,260.9189384119659
2024-06-26 11:07:54+08:00,10826.0,261.8399498308836
2024-06-26 11:07:55+08:00,10827.0,262.6592641302302
2024-06-26 11:07:56+08:00,10828.0,263.3664788789213
2024-06-26 11:07:57+08:00,10829.0,263.9511916458727
2024-06-26 11:07:58+08:00,10830.0,264.403
2024-06-26 11:07:59+08:00,10831.0,264.7830932430162
2024-06-26 11:08:00+08:00,10832.0,265.15918023218984
2024-06-26 11:08:01+08:00,10833.0,265.53063786976986
2024-06-26 11:08:02+08:00,10834.0,265.89684305800535
2024-06-26 11:08:03+08:00,10835.0,266.2571726991453
2024-06-26 11:08:04+08:00,10836.0,266.6110036954388
2024-06-26 11:08:05+08:00,10837.0,266.95771294913476
2024-06-26 11:08:06+08:00,10838.0,267.2966773624823
2024-06-26 11:08:07+08:00,10839.0,267.62727383773046
2024-06-26 11:08:08+08:00,10840.0,267.9488792771282
2024-06-26 11:08:09+08:00,10841.0,268.2608705829246
2024-06-26 11:08:10+08:00,10842.0,268.5626246573686
2024-06-26 11:08:11+08:00,10843.0,268.85351840270937
2024-06-26 11:08:12+08:00,10844.0,269.1329287211957
2024-06-26 11:08:13+08:00,10845.0,269.4002325150769
2024-06-26 11:08:14+08:00,10846.0,269.65480668660183
2024-06-26 11:08:15+08:00,10847.0,269.8960281380195
2024-06-26 11:08:16+08:00,10848.0,270.1232737715791
2024-06-26 11:08:17+08:00,10849.0,270.3359204895294
2024-06-26 11:08:18+08:00,10850.0,270.5333451941196
2024-06-26 11:08:19+08:00,10851.0,270.71492478759876
2024-06-26 11:08:20+08:00,10852.0,270.8800361722158
2024-06-26 11:08:21+08:00,10853.0,271.0280562502198
2024-06-26 11:08:22+08:00,10854.0,271.1583619238597
2024-06-26 11:08:23+08:00,10855.0,271.2703300953846
2024-06-26 11:08:24+08:00,10856.0,271.36333766704354
2024-06-26 11:08:25+08:00,10857.0,271.4367615410855
2024-06-26 11:08:26+08:00,10858.0,271.4899786197596
2024-06-26 11:08:27+08:00,10859.0,271.52236580531473
2024-06-26 11:08:28+08:00,10860.0,271.5333
2024-06-26 11:08:29+08:00,10861.0,271.50615754074073
2024-06-26 11:08:30+08:00,10862.0,271.42719765925926
2024-06-26 11:08:31+08:00,10863.0,271.30012159999995
2024-06-26 11:08:32+08:00,10864.0,271.12863060740744
2024-06-26 11:08:33+08:00,10865.0,270.9164259259259
2024-06-26 11:08:34+08:00,10866.0,270.6672088
2024-06-26 11:08:35+08:00,10867.0,270.38468047407406
2024-06-26 11:08:36+08:00,10868.0,270.0725421925926
2024-06-26 11:08:37+08:00,10869.0,269.7344952
2024-06-26 11:08:38+08:00,10870.0,269.37424074074073
2024-06-26 11:08:39+08:00,10871.0,268.99548005925925
2024-06-26 11:08:40+08:00,10872.0,268.6019144
2024-06-26 11:08:41+08:00,10873.0,268.1972450074074
2024-06-26 11:08:42+08:00,10874.0,267.78517312592595
2024-06-26 11:08:43+08:00,10875.0,267.36940000000004
2024-06-26 11:08:44+08:00,10876.0,266.9536268740741
2024-06-26 11:08:45+08:00,10877.0,266.54155499259264
2024-06-26 11:08:46+08:00,10878.0,266.1368856
2024-06-26 11:08:47+08:00,10879.0,265.7433199407408
2024-06-26 11:08:48+08:00,10880.0,265.36455925925924
2024-06-26 11:08:49+08:00,10881.0,265.0043048
2024-06-26 11:08:50+08:00,10882.0,264.6662578074074
2024-06-26 11:08:51+08:00,10883.0,264.35411952592597
2024-06-26 11:08:52+08:00,10884.0,264.0715912
2024-06-26 11:08:53+08:00,10885.0,263.8223740740741
2024-06-26 11:08:54+08:00,10886.0,263.61016939259264
2024-06-26 11:08:55+08:00,10887.0,263.4386784
2024-06-26 11:08:56+08:00,10888.0,263.31160234074076
2024-06-26 11:08:57+08:00,10889.0,263.2326424592593
2024-06-26 11:08:58+08:00,10890.0,263.20550000000003
2024-06-26 11:08:59+08:00,10891.0,263.2201552592593
2024-06-26 11:09:00+08:00,10892.0,263.2627887407408
2024-06-26 11:09:01+08:00,10893.0,263.331402
2024-06-26 11:09:02+08:00,10894.0,263.42399659259263
2024-06-26 11:09:03+08:00,10895.0,263.5385740740741
2024-06-26 11:09:04+08:00,10896.0,263.67313600000006
2024-06-26 11:09:05+08:00,10897.0,263.82568392592594
2024-06-26 11:09:06+08:00,10898.0,263.9942194074074
2024-06-26 11:09:07+08:00,10899.0,264.176744
2024-06-26 11:09:08+08:00,10900.0,264.37125925925926
2024-06-26 11:09:09+08:00,10901.0,264.57576674074073
2024-06-26 11:09:10+08:00,10902.0,264.788268
2024-06-26 11:09:11+08:00,10903.0,265.0067645925926
2024-06-26 11:09:12+08:00,10904.0,265.2292580740741
2024-06-26 11:09:13+08:00,10905.0,265.45375
2024-06-26 11:09:14+08:00,10906.0,265.67824192592593
2024-06-26 11:09:15+08:00,10907.0,265.9007354074074
2024-06-26 11:09:16+08:00,10908.0,266.119232
2024-06-26 11:09:17+08:00,10909.0,266.3317332592593
2024-06-26 11:09:18+08:00,10910.0,266.53624074074077
2024-06-26 11:09:19+08:00,10911.0,266.73075600000004
2024-06-26 11:09:20+08:00,10912.0,266.91328059259257
2024-06-26 11:09:21+08:00,10913.0,267.0818160740741
2024-06-26 11:09:22+08:00,10914.0,267.234364
2024-06-26 11:09:23+08:00,10915.0,267.3689259259259
2024-06-26 11:09:24+08:00,10916.0,267.4835034074074
2024-06-26 11:09:25+08:00,10917.0,267.576098
2024-06-26 11:09:26+08:00,10918.0,267.6447112592592
2024-06-26 11:09:27+08:00,10919.0,267.68734474074074
2024-06-26 11:09:28+08:00,10920.0,267.702
2024-06-26 11:09:29+08:00,10921.0,267.69246845797613
2024-06-26 11:09:30+08:00,10922.0,267.66458117103423
2024-06-26 11:09:31+08:00,10923.0,267.6193991478689
2024-06-26 11:09:32+08:00,10924.0,267.5579833971747
2024-06-26 11:09:33+08:00,10925.0,267.48139492764636
2024-06-26 11:09:34+08:00,10926.0,267.3906947479784
2024-06-26 11:09:35+08:00,10927.0,267.28694386686533
2024-06-26 11:09:36+08:00,10928.0,267.1712032930018
2024-06-26 11:09:37+08:00,10929.0,267.0445340350824
2024-06-26 11:09:38+08:00,10930.0,266.90799710180175
2024-06-26 11:09:39+08:00,10931.0,266.76265350185446
2024-06-26 11:09:40+08:00,10932.0,266.60956424393504
2024-06-26 11:09:41+08:00,10933.0,266.4497903367382
2024-06-26 11:09:42+08:00,10934.0,266.2843927889585
2024-06-26 11:09:43+08:00,10935.0,266.1144326092905
2024-06-26 11:09:44+08:00,10936.0,265.9409708064287
2024-06-26 11:09:45+08:00,10937.0,265.76506838906795
2024-06-26 11:09:46+08:00,10938.0,265.5877863659026
2024-06-26 11:09:47+08:00,10939.0,265.4101857456274
2024-06-26 11:09:48+08:00,10940.0,265.2333275369369
2024-06-26 11:09:49+08:00,10941.0,265.0582727485256
2024-06-26 11:09:50+08:00,10942.0,264.88608238908824
2024-06-26 11:09:51+08:00,10943.0,264.7178174673193
2024-06-26 11:09:52+08:00,10944.0,264.5545389919135
2024-06-26 11:09:53+08:00,10945.0,264.3973079715652
2024-06-26 11:09:54+08:00,10946.0,264.2471854149693
2024-06-26 11:09:55+08:00,10947.0,264.10523233082023
2024-06-26 11:09:56+08:00,10948.0,263.9725097278126
2024-06-26 11:09:57+08:00,10949.0,263.850078614641
2024-06-26 11:09:58+08:00,10950.0,263.73900000000003
2024-06-26 11:09:59+08:00,10951.0,263.6323122594331
2024-06-26 11:10:00+08:00,10952.0,263.5226545981134
2024-06-26 11:10:01+08:00,10953.0,263.4104892691798
2024-06-26 11:10:02+08:00,10954.0,263.2962785257715
2024-06-26 11:10:03+08:00,10955.0,263.1804846210274
2024-06-26 11:10:04+08:00,10956.0,263.0635698080866
2024-06-26 11:10:05+08:00,10957.0,262.9459963400882
2024-06-26 11:10:06+08:00,10958.0,262.8282264701711
2024-06-26 11:10:07+08:00,10959.0,262.71072245147445
2024-06-26 11:10:08+08:00,10960.0,262.59394653713724
2024-06-26 11:10:09+08:00,10961.0,262.4783609802986
2024-06-26 11:10:10+08:00,10962.0,262.36442803409744
2024-06-26 11:10:11+08:00,10963.0,262.25260995167287
2024-06-26 11:10:12+08:00,10964.0,262.14336898616386
2024-06-26 11:10:13+08:00,10965.0,262.03716739070956
2024-06-26 11:10:14+08:00,10966.0,261.93446741844895
2024-06-26 11:10:15+08:00,10967.0,261.83573132252104
2024-06-26 11:10:16+08:00,10968.0,261.74142135606496
2024-06-26 11:10:17+08:00,10969.0,261.65199977221965
2024-06-26 11:10:18+08:00,10970.0,261.56792882412424
2024-06-26 11:10:19+08:00,10971.0,261.4896707649176
2024-06-26 11:10:20+08:00,10972.0,261.417687847739
2024-06-26 11:10:21+08:00,10973.0,261.35244232572734
2024-06-26 11:10:22+08:00,10974.0,261.29439645202166
2024-06-26 11:10:23+08:00,10975.0,261.244012479761
2024-06-26 11:10:24+08:00,10976.0,261.2017526620845
2024-06-26 11:10:25+08:00,10977.0,261.16807925213107
2024-06-26 11:10:26+08:00,10978.0,261.1434545030399
2024-06-26 11:10:27+08:00,10979.0,261.1283406679498
2024-06-26 11:10:28+08:00,10980.0,261.1232
2024-06-26 11:10:29+08:00,10981.0,261.1262263941474
2024-06-26 11:10:30+08:00,10982.0,261.13518382107503
2024-06-26 11:10:31+08:00,10983.0,261.14988964751103
2024-06-26 11:10:32+08:00,10984.0,261.1701612401836
2024-06-26 11:10:33+08:00,10985.0,261.19581596582066
2024-06-26 11:10:34+08:00,10986.0,261.22667119115044
2024-06-26 11:10:35+08:00,10987.0,261.2625442829011
2024-06-26 11:10:36+08:00,10988.0,261.30325260780074
2024-06-26 11:10:37+08:00,10989.0,261.3486135325775
2024-06-26 11:10:38+08:00,10990.0,261.3984444239594
2024-06-26 11:10:39+08:00,10991.0,261.4525626486747
2024-06-26 11:10:40+08:00,10992.0,261.5107855734514
2024-06-26 11:10:41+08:00,10993.0,261.5729305650177
2024-06-26 11:10:42+08:00,10994.0,261.63881499010165
2024-06-26 11:10:43+08:00,10995.0,261.7082562154315
2024-06-26 11:10:44+08:00,10996.0,261.7810716077352
2024-06-26 11:10:45+08:00,10997.0,261.85707853374106
2024-06-26 11:10:46+08:00,10998.0,261.9360943601771
2024-06-26 11:10:47+08:00,10999.0,262.01793645377137
2024-06-26 11:10:48+08:00,11000.0,262.1024221812521
2024-06-26 11:10:49+08:00,11001.0,262.1893689093474
2024-06-26 11:10:50+08:00,11002.0,262.27859400478536
2024-06-26 11:10:51+08:00,11003.0,262.36991483429415
2024-06-26 11:10:52+08:00,11004.0,262.4631487646019
2024-06-26 11:10:53+08:00,11005.0,262.5581131624366
2024-06-26 11:10:54+08:00,11006.0,262.6546253945265
2024-06-26 11:10:55+08:00,11007.0,262.7525028275996
2024-06-26 11:10:56+08:00,11008.0,262.85156282838415
2024-06-26 11:10:57+08:00,11009.0,262.95162276360827
2024-06-26 11:10:58+08:00,11010.0,263.0525
2024-06-26 11:10:59+08:00,11011.0,263.17032375491027
2024-06-26 11:11:00+08:00,11012.0,263.31968265309735
2024-06-26 11:11:01+08:00,11013.0,263.49808317240047
2024-06-26 11:11:02+08:00,11014.0,263.70303179065877
2024-06-26 11:11:03+08:00,11015.0,263.9320349857116
2024-06-26 11:11:04+08:00,11016.0,264.1825992353982
2024-06-26 11:11:05+08:00,11017.0,264.4522310175577
2024-06-26 11:11:06+08:00,11018.0,264.7384368100294
2024-06-26 11:11:07+08:00,11019.0,265.0387230906526
2024-06-26 11:11:08+08:00,11020.0,265.3505963372664
2024-06-26 11:11:09+08:00,11021.0,265.6715630277101
2024-06-26 11:11:10+08:00,11022.0,265.9991296398229
2024-06-26 11:11:11+08:00,11023.0,266.3308026514441
2024-06-26 11:11:12+08:00,11024.0,266.6640885404129
2024-06-26 11:11:13+08:00,11025.0,266.99649378456854
2024-06-26 11:11:14+08:00,11026.0,267.3255248617502
2024-06-26 11:11:15+08:00,11027.0,267.64868824979715
2024-06-26 11:11:16+08:00,11028.0,267.96349042654856
2024-06-26 11:11:17+08:00,11029.0,268.2674378698439
2024-06-26 11:11:18+08:00,11030.0,268.5580370575221
2024-06-26 11:11:19+08:00,11031.0,268.83279446742256
2024-06-26 11:11:20+08:00,11032.0,269.08921657738443
2024-06-26 11:11:21+08:00,11033.0,269.32480986524706
2024-06-26 11:11:22+08:00,11034.0,269.5370808088495
2024-06-26 11:11:23+08:00,11035.0,269.72353588603124
2024-06-26 11:11:24+08:00,11036.0,269.8816815746312
2024-06-26 11:11:25+08:00,11037.0,270.00902435248895
2024-06-26 11:11:26+08:00,11038.0,270.1030706974434
2024-06-26 11:11:27+08:00,11039.0,270.1613270873341
2024-06-26 11:11:28+08:00,11040.0,270.1813
2024-06-26 11:11:29+08:00,11041.0,270.1623454518519
2024-06-26 11:11:30+08:00,11042.0,270.1072049481482
2024-06-26 11:11:31+08:00,11043.0,270.01846320000004
2024-06-26 11:11:32+08:00,11044.0,269.89870491851855
2024-06-26 11:11:33+08:00,11045.0,269.7505148148149
2024-06-26 11:11:34+08:00,11046.0,269.5764776
2024-06-26 11:11:35+08:00,11047.0,269.3791779851852
2024-06-26 11:11:36+08:00,11048.0,269.1612006814815
2024-06-26 11:11:37+08:00,11049.0,268.9251304
2024-06-26 11:11:38+08:00,11050.0,268.67355185185187
2024-06-26 11:11:39+08:00,11051.0,268.40904974814816
2024-06-26 11:11:40+08:00,11052.0,268.1342088
2024-06-26 11:11:41+08:00,11053.0,267.85161371851854
2024-06-26 11:11:42+08:00,11054.0,267.5638492148148
2024-06-26 11:11:43+08:00,11055.0,267.2735
2024-06-26 11:11:44+08:00,11056.0,266.9831507851852
2024-06-26 11:11:45+08:00,11057.0,266.6953862814815
2024-06-26 11:11:46+08:00,11058.0,266.4127912
2024-06-26 11:11:47+08:00,11059.0,266.13795025185186
2024-06-26 11:11:48+08:00,11060.0,265.87344814814816
2024-06-26 11:11:49+08:00,11061.0,265.6218696
2024-06-26 11:11:50+08:00,11062.0,265.3857993185185
2024-06-26 11:11:51+08:00,11063.0,265.1678220148148
2024-06-26 11:11:52+08:00,11064.0,264.9705224
2024-06-26 11:11:53+08:00,11065.0,264.79648518518525
2024-06-26 11:11:54+08:00,11066.0,264.6482950814815
2024-06-26 11:11:55+08:00,11067.0,264.5285368
2024-06-26 11:11:56+08:00,11068.0,264.4397950518519
2024-06-26 11:11:57+08:00,11069.0,264.38465454814815
2024-06-26 11:11:58+08:00,11070.0,264.3657
2024-06-26 11:11:59+08:00,11071.0,264.3717694131241
2024-06-26 11:12:00+08:00,11072.0,264.3899156185023
2024-06-26 11:12:01+08:00,11073.0,264.4200455651434
2024-06-26 11:12:02+08:00,11074.0,264.46206620205623
2024-06-26 11:12:03+08:00,11075.0,264.5158844782496
2024-06-26 11:12:04+08:00,11076.0,264.58140734273223
2024-06-26 11:12:05+08:00,11077.0,264.65854174451295
2024-06-26 11:12:06+08:00,11078.0,264.74719463260067
2024-06-26 11:12:07+08:00,11079.0,264.847272956004
2024-06-26 11:12:08+08:00,11080.0,264.9586836637319
2024-06-26 11:12:09+08:00,11081.0,265.08133370479317
2024-06-26 11:12:10+08:00,11082.0,265.21513002819665
2024-06-26 11:12:11+08:00,11083.0,265.3599795829509
2024-06-26 11:12:12+08:00,11084.0,265.51578931806506
2024-06-26 11:12:13+08:00,11085.0,265.68246618254767
2024-06-26 11:12:14+08:00,11086.0,265.8599171254076
2024-06-26 11:12:15+08:00,11087.0,266.04804909565377
2024-06-26 11:12:16+08:00,11088.0,266.2467690422949
2024-06-26 11:12:17+08:00,11089.0,266.45598391433975
2024-06-26 11:12:18+08:00,11090.0,266.6756006607972
2024-06-26 11:12:19+08:00,11091.0,266.90552623067606
2024-06-26 11:12:20+08:00,11092.0,267.145667572985
2024-06-26 11:12:21+08:00,11093.0,267.395931636733
2024-06-26 11:12:22+08:00,11094.0,267.6562253709288
2024-06-26 11:12:23+08:00,11095.0,267.92645572458116
2024-06-26 11:12:24+08:00,11096.0,268.2065296466989
2024-06-26 11:12:25+08:00,11097.0,268.49635408629086
2024-06-26 11:12:26+08:00,11098.0,268.7958359923659
2024-06-26 11:12:27+08:00,11099.0,269.1048823139326
2024-06-26 11:12:28+08:00,11100.0,269.4234
2024-06-26 11:12:29+08:00,11101.0,270.10716755273404
2024-06-26 11:12:30+08:00,11102.0,271.4787589409675
2024-06-26 11:12:31+08:00,11103.0,273.4882743137091
2024-06-26 11:12:32+08:00,11104.0,276.08581381996777
2024-06-26 11:12:33+08:00,11105.0,279.22147760875214
2024-06-26 11:12:34+08:00,11106.0,282.8453658290712
2024-06-26 11:12:35+08:00,11107.0,286.90757862993365
2024-06-26 11:12:36+08:00,11108.0,291.35821616034826
2024-06-26 11:12:37+08:00,11109.0,296.14737856932396
2024-06-26 11:12:38+08:00,11110.0,301.2251660058695
2024-06-26 11:12:39+08:00,11111.0,306.5416786189936
2024-06-26 11:12:40+08:00,11112.0,312.04701655770515
2024-06-26 11:12:41+08:00,11113.0,317.6912799710129
2024-06-26 11:12:42+08:00,11114.0,323.42456900792575
2024-06-26 11:12:43+08:00,11115.0,329.1969838174524
2024-06-26 11:12:44+08:00,11116.0,334.9586245486017
2024-06-26 11:12:45+08:00,11117.0,340.6595913503824
2024-06-26 11:12:46+08:00,11118.0,346.2499843718034
2024-06-26 11:12:47+08:00,11119.0,351.67990376187345
2024-06-26 11:12:48+08:00,11120.0,356.8994496696014
2024-06-26 11:12:49+08:00,11121.0,361.858722243996
2024-06-26 11:12:50+08:00,11122.0,366.50782163406603
2024-06-26 11:12:51+08:00,11123.0,370.7968479888204
2024-06-26 11:12:52+08:00,11124.0,374.6759014572678
2024-06-26 11:12:53+08:00,11125.0,378.0950821884171
2024-06-26 11:12:54+08:00,11126.0,381.0044903312771
2024-06-26 11:12:55+08:00,11127.0,383.35422603485665
2024-06-26 11:12:56+08:00,11128.0,385.0943894481643
2024-06-26 11:12:57+08:00,11129.0,386.1750807202092
2024-06-26 11:12:58+08:00,11130.0,386.5464
2024-06-26 11:12:59+08:00,11131.0,386.53469697777774
2024-06-26 11:13:00+08:00,11132.0,386.50065182222227
2024-06-26 11:13:01+08:00,11133.0,386.44586039999996
2024-06-26 11:13:02+08:00,11134.0,386.37191857777776
2024-06-26 11:13:03+08:00,11135.0,386.2804222222222
2024-06-26 11:13:04+08:00,11136.0,386.1729672
2024-06-26 11:13:05+08:00,11137.0,386.0511493777778
2024-06-26 11:13:06+08:00,11138.0,385.91656462222227
2024-06-26 11:13:07+08:00,11139.0,385.7708088
2024-06-26 11:13:08+08:00,11140.0,385.61547777777776
2024-06-26 11:13:09+08:00,11141.0,385.4521674222222
2024-06-26 11:13:10+08:00,11142.0,385.2824736
2024-06-26 11:13:11+08:00,11143.0,385.10799217777776
2024-06-26 11:13:12+08:00,11144.0,384.9303190222222
2024-06-26 11:13:13+08:00,11145.0,384.75104999999996
2024-06-26 11:13:14+08:00,11146.0,384.57178097777773
2024-06-26 11:13:15+08:00,11147.0,384.3941078222222
2024-06-26 11:13:16+08:00,11148.0,384.2196264
2024-06-26 11:13:17+08:00,11149.0,384.0499325777777
2024-06-26 11:13:18+08:00,11150.0,383.8866222222222
2024-06-26 11:13:19+08:00,11151.0,383.7312912
2024-06-26 11:13:20+08:00,11152.0,383.5855353777778
2024-06-26 11:13:21+08:00,11153.0,383.4509506222222
2024-06-26 11:13:22+08:00,11154.0,383.32913279999997
2024-06-26 11:13:23+08:00,11155.0,383.22167777777776
2024-06-26 11:13:24+08:00,11156.0,383.1301814222222
2024-06-26 11:13:25+08:00,11157.0,383.05623959999997
2024-06-26 11:13:26+08:00,11158.0,383.0014481777778
2024-06-26 11:13:27+08:00,11159.0,382.9674030222222
2024-06-26 11:13:28+08:00,11160.0,382.9557
2024-06-26 11:13:29+08:00,11161.0,382.98804228148146
2024-06-26 11:13:30+08:00,11162.0,383.0821289185185
2024-06-26 11:13:31+08:00,11163.0,383.23354959999995
2024-06-26 11:13:32+08:00,11164.0,383.43789401481484
2024-06-26 11:13:33+08:00,11165.0,383.6907518518518
2024-06-26 11:13:34+08:00,11166.0,383.9877128
2024-06-26 11:13:35+08:00,11167.0,384.32436654814813
2024-06-26 11:13:36+08:00,11168.0,384.69630278518514
2024-06-26 11:13:37+08:00,11169.0,385.0991112
2024-06-26 11:13:38+08:00,11170.0,385.52838148148146
2024-06-26 11:13:39+08:00,11171.0,385.9797033185185
2024-06-26 11:13:40+08:00,11172.0,386.44866640000004
2024-06-26 11:13:41+08:00,11173.0,386.93086041481484
2024-06-26 11:13:42+08:00,11174.0,387.4218750518518
2024-06-26 11:13:43+08:00,11175.0,387.9173
2024-06-26 11:13:44+08:00,11176.0,388.41272494814814
2024-06-26 11:13:45+08:00,11177.0,388.9037395851852
2024-06-26 11:13:46+08:00,11178.0,389.3859336
2024-06-26 11:13:47+08:00,11179.0,389.8548966814815
2024-06-26 11:13:48+08:00,11180.0,390.3062185185185
2024-06-26 11:13:49+08:00,11181.0,390.7354888
2024-06-26 11:13:50+08:00,11182.0,391.13829721481477
2024-06-26 11:13:51+08:00,11183.0,391.51023345185183
2024-06-26 11:13:52+08:00,11184.0,391.84688719999997
2024-06-26 11:13:53+08:00,11185.0,392.14384814814815
2024-06-26 11:13:54+08:00,11186.0,392.3967059851851
2024-06-26 11:13:55+08:00,11187.0,392.60105039999996
2024-06-26 11:13:56+08:00,11188.0,392.7524710814815
2024-06-26 11:13:57+08:00,11189.0,392.8465577185185
2024-06-26 11:13:58+08:00,11190.0,392.8789
2024-06-26 11:13:59+08:00,11191.0,392.8347927703703
2024-06-26 11:14:00+08:00,11192.0,392.70648082962964
2024-06-26 11:14:01+08:00,11193.0,392.4999788
2024-06-26 11:14:02+08:00,11194.0,392.22130130370374
2024-06-26 11:14:03+08:00,11195.0,391.87646296296293
2024-06-26 11:14:04+08:00,11196.0,391.4714784
2024-06-26 11:14:05+08:00,11197.0,391.012362237037
2024-06-26 11:14:06+08:00,11198.0,390.5051290962963
2024-06-26 11:14:07+08:00,11199.0,389.9557936
2024-06-26 11:14:08+08:00,11200.0,389.3703703703704
2024-06-26 11:14:09+08:00,11201.0,388.75487402962966
2024-06-26 11:14:10+08:00,11202.0,388.1153192
2024-06-26 11:14:11+08:00,11203.0,387.4577205037037
2024-06-26 11:14:12+08:00,11204.0,386.78809256296296
2024-06-26 11:14:13+08:00,11205.0,386.11244999999997
2024-06-26 11:14:14+08:00,11206.0,385.43680743703703
2024-06-26 11:14:15+08:00,11207.0,384.7671794962963
2024-06-26 11:14:16+08:00,11208.0,384.1095808
2024-06-26 11:14:17+08:00,11209.0,383.4700259703704
2024-06-26 11:14:18+08:00,11210.0,382.8545296296296
2024-06-26 11:14:19+08:00,11211.0,382.2691064
2024-06-26 11:14:20+08:00,11212.0,381.7197709037037
2024-06-26 11:14:21+08:00,11213.0,381.212537762963
2024-06-26 11:14:22+08:00,11214.0,380.75342159999997
2024-06-26 11:14:23+08:00,11215.0,380.348437037037
2024-06-26 11:14:24+08:00,11216.0,380.0035986962963
2024-06-26 11:14:25+08:00,11217.0,379.72492120000004
2024-06-26 11:14:26+08:00,11218.0,379.51841917037035
2024-06-26 11:14:27+08:00,11219.0,379.3901072296296
2024-06-26 11:14:28+08:00,11220.0,379.346
2024-06-26 11:14:29+08:00,11221.0,379.4417469758578
2024-06-26 11:14:30+08:00,11222.0,379.7214428339644
2024-06-26 11:14:31+08:00,11223.0,380.17376997011905
2024-06-26 11:14:32+08:00,11224.0,380.78741078012155
2024-06-26 11:14:33+08:00,11225.0,381.5510476597713
2024-06-26 11:14:34+08:00,11226.0,382.4533630048678
2024-06-26 11:14:35+08:00,11227.0,383.48303921121067
2024-06-26 11:14:36+08:00,11228.0,384.6287586745994
2024-06-26 11:14:37+08:00,11229.0,385.8792037908335
2024-06-26 11:14:38+08:00,11230.0,387.2230569557126
2024-06-26 11:14:39+08:00,11231.0,388.64900056503603
2024-06-26 11:14:40+08:00,11232.0,390.1457170146034
2024-06-26 11:14:41+08:00,11233.0,391.7018887002144
2024-06-26 11:14:42+08:00,11234.0,393.30619801766835
2024-06-26 11:14:43+08:00,11235.0,394.9473273627649
2024-06-26 11:14:44+08:00,11236.0,396.61395913130355
2024-06-26 11:14:45+08:00,11237.0,398.29477571908376
2024-06-26 11:14:46+08:00,11238.0,399.97845952190517
2024-06-26 11:14:47+08:00,11239.0,401.6536929355673
2024-06-26 11:14:48+08:00,11240.0,403.3091583558695
2024-06-26 11:14:49+08:00,11241.0,404.93353817861157
2024-06-26 11:14:50+08:00,11242.0,406.5155147995928
2024-06-26 11:14:51+08:00,11243.0,408.0437706146129
2024-06-26 11:14:52+08:00,11244.0,409.5069880194713
2024-06-26 11:14:53+08:00,11245.0,410.8938494099675
2024-06-26 11:14:54+08:00,11246.0,412.1930371819011
2024-06-26 11:14:55+08:00,11247.0,413.39323373107163
2024-06-26 11:14:56+08:00,11248.0,414.4831214532786
2024-06-26 11:14:57+08:00,11249.0,415.45138274432156
2024-06-26 11:14:58+08:00,11250.0,416.2867
2024-06-26 11:14:59+08:00,11251.0,417.05587808530805
2024-06-26 11:15:00+08:00,11252.0,417.8317345170917
2024-06-26 11:15:01+08:00,11253.0,418.61197066892834
2024-06-26 11:15:02+08:00,11254.0,419.3942879143952
2024-06-26 11:15:03+08:00,11255.0,420.1763876270696
2024-06-26 11:15:04+08:00,11256.0,420.9559711805287
2024-06-26 11:15:05+08:00,11257.0,421.7307399483501
2024-06-26 11:15:06+08:00,11258.0,422.4983953041109
2024-06-26 11:15:07+08:00,11259.0,423.2566386213885
2024-06-26 11:15:08+08:00,11260.0,424.00317127376013
2024-06-26 11:15:09+08:00,11261.0,424.7356946348031
2024-06-26 11:15:10+08:00,11262.0,425.4519100780948
2024-06-26 11:15:11+08:00,11263.0,426.1495189772125
2024-06-26 11:15:12+08:00,11264.0,426.8262227057335
2024-06-26 11:15:13+08:00,11265.0,427.47972263723506
2024-06-26 11:15:14+08:00,11266.0,428.10772014529465
2024-06-26 11:15:15+08:00,11267.0,428.7079166034893
2024-06-26 11:15:16+08:00,11268.0,429.2780133853966
2024-06-26 11:15:17+08:00,11269.0,429.8157118645936
2024-06-26 11:15:18+08:00,11270.0,430.31871341465785
2024-06-26 11:15:19+08:00,11271.0,430.7847194091665
2024-06-26 11:15:20+08:00,11272.0,431.2114312216969
2024-06-26 11:15:21+08:00,11273.0,431.5965502258263
2024-06-26 11:15:22+08:00,11274.0,431.9377777951322
2024-06-26 11:15:23+08:00,11275.0,432.23281530319167
2024-06-26 11:15:24+08:00,11276.0,432.4793641235822
2024-06-26 11:15:25+08:00,11277.0,432.675125629881
2024-06-26 11:15:26+08:00,11278.0,432.8178011956653
2024-06-26 11:15:27+08:00,11279.0,432.9050921945126
2024-06-26 11:15:28+08:00,11280.0,432.9347
2024-06-26 11:15:29+08:00,11281.0,432.9149762666667
2024-06-26 11:15:30+08:00,11282.0,432.85759813333334
2024-06-26 11:15:31+08:00,11283.0,432.7652552
2024-06-26 11:15:32+08:00,11284.0,432.6406370666667
2024-06-26 11:15:33+08:00,11285.0,432.48643333333337
2024-06-26 11:15:34+08:00,11286.0,432.3053336
2024-06-26 11:15:35+08:00,11287.0,432.1000274666667
2024-06-26 11:15:36+08:00,11288.0,431.87320453333336
2024-06-26 11:15:37+08:00,11289.0,431.6275544
2024-06-26 11:15:38+08:00,11290.0,431.3657666666667
2024-06-26 11:15:39+08:00,11291.0,431.09053093333335
2024-06-26 11:15:40+08:00,11292.0,430.80453680000005
2024-06-26 11:15:41+08:00,11293.0,430.5104738666667
2024-06-26 11:15:42+08:00,11294.0,430.21103173333336
2024-06-26 11:15:43+08:00,11295.0,429.9089
2024-06-26 11:15:44+08:00,11296.0,429.6067682666667
2024-06-26 11:15:45+08:00,11297.0,429.3073261333334
2024-06-26 11:15:46+08:00,11298.0,429.01326320000004
2024-06-26 11:15:47+08:00,11299.0,428.7272690666667
2024-06-26 11:15:48+08:00,11300.0,428.45203333333336
2024-06-26 11:15:49+08:00,11301.0,428.1902456
2024-06-26 11:15:50+08:00,11302.0,427.94459546666667
2024-06-26 11:15:51+08:00,11303.0,427.71777253333335
2024-06-26 11:15:52+08:00,11304.0,427.5124664
2024-06-26 11:15:53+08:00,11305.0,427.33136666666667
2024-06-26 11:15:54+08:00,11306.0,427.17716293333336
2024-06-26 11:15:55+08:00,11307.0,427.0525448
2024-06-26 11:15:56+08:00,11308.0,426.96020186666664
2024-06-26 11:15:57+08:00,11309.0,426.9028237333334
2024-06-26 11:15:58+08:00,11310.0,426.8831
2024-06-26 11:15:59+08:00,11311.0,426.9269676336459
2024-06-26 11:16:00+08:00,11312.0,427.05526865408075
2024-06-26 11:16:01+08:00,11313.0,427.2630502405501
2024-06-26 11:16:02+08:00,11314.0,427.5453595722998
2024-06-26 11:16:03+08:00,11315.0,427.89724382857537
2024-06-26 11:16:04+08:00,11316.0,428.3137501886226
2024-06-26 11:16:05+08:00,11317.0,428.78992583168707
2024-06-26 11:16:06+08:00,11318.0,429.32081793701457
2024-06-26 11:16:07+08:00,11319.0,429.9014736838507
2024-06-26 11:16:08+08:00,11320.0,430.52694025144115
2024-06-26 11:16:09+08:00,11321.0,431.1922648190316
2024-06-26 11:16:10+08:00,11322.0,431.89249456586776
2024-06-26 11:16:11+08:00,11323.0,432.6226766711952
2024-06-26 11:16:12+08:00,11324.0,433.3778583142597
2024-06-26 11:16:13+08:00,11325.0,434.1530866743069
2024-06-26 11:16:14+08:00,11326.0,434.94340893058256
2024-06-26 11:16:15+08:00,11327.0,435.7438722623322
2024-06-26 11:16:16+08:00,11328.0,436.5495238488016
2024-06-26 11:16:17+08:00,11329.0,437.3554108692364
2024-06-26 11:16:18+08:00,11330.0,438.15658050288226
2024-06-26 11:16:19+08:00,11331.0,438.94807992898495
2024-06-26 11:16:20+08:00,11332.0,439.72495632679005
2024-06-26 11:16:21+08:00,11333.0,440.4822568755432
2024-06-26 11:16:22+08:00,11334.0,441.2150287544903
2024-06-26 11:16:23+08:00,11335.0,441.9183191428768
2024-06-26 11:16:24+08:00,11336.0,442.5871752199484
2024-06-26 11:16:25+08:00,11337.0,443.2166441649509
2024-06-26 11:16:26+08:00,11338.0,443.8017731571298
2024-06-26 11:16:27+08:00,11339.0,444.33760937573095
2024-06-26 11:16:28+08:00,11340.0,444.81919999999997
2024-06-26 11:16:29+08:00,11341.0,445.2777069162887
2024-06-26 11:16:30+08:00,11342.0,445.74645160331005
2024-06-26 11:16:31+08:00,11343.0,446.2237206288515
2024-06-26 11:16:32+08:00,11344.0,446.7078005607004
2024-06-26 11:16:33+08:00,11345.0,447.1969779666442
2024-06-26 11:16:34+08:00,11346.0,447.6895394144703
2024-06-26 11:16:35+08:00,11347.0,448.183771471966
2024-06-26 11:16:36+08:00,11348.0,448.67796070691884
2024-06-26 11:16:37+08:00,11349.0,449.1703936871161
2024-06-26 11:16:38+08:00,11350.0,449.6593569803453
2024-06-26 11:16:39+08:00,11351.0,450.1431371543936
2024-06-26 11:16:40+08:00,11352.0,450.62002077704875
2024-06-26 11:16:41+08:00,11353.0,451.0882944160978
2024-06-26 11:16:42+08:00,11354.0,451.5462446393284
2024-06-26 11:16:43+08:00,11355.0,451.9921580145279
2024-06-26 11:16:44+08:00,11356.0,452.42432110948357
2024-06-26 11:16:45+08:00,11357.0,452.8410204919829
2024-06-26 11:16:46+08:00,11358.0,453.2405427298133
2024-06-26 11:16:47+08:00,11359.0,453.6211743907621
2024-06-26 11:16:48+08:00,11360.0,453.9812020426168
2024-06-26 11:16:49+08:00,11361.0,454.31891225316474
2024-06-26 11:16:50+08:00,11362.0,454.63259159019333
2024-06-26 11:16:51+08:00,11363.0,454.9205266214899
2024-06-26 11:16:52+08:00,11364.0,455.181003914842
2024-06-26 11:16:53+08:00,11365.0,455.4123100380368
2024-06-26 11:16:54+08:00,11366.0,455.6127315588619
2024-06-26 11:16:55+08:00,11367.0,455.7805550451047
2024-06-26 11:16:56+08:00,11368.0,455.91406706455246
2024-06-26 11:16:57+08:00,11369.0,456.0115541849927
2024-06-26 11:16:58+08:00,11370.0,456.07130297421276
2024-06-26 11:16:59+08:00,11371.0,456.09159999999997
2024-06-26 11:17:00+08:00,11372.0,456.06655931967157
2024-06-26 11:17:01+08:00,11373.0,455.9929705744494
2024-06-26 11:17:02+08:00,11374.0,455.8731337079776
2024-06-26 11:17:03+08:00,11375.0,455.7093486639007
2024-06-26 11:17:04+08:00,11376.0,455.50391538586297
2024-06-26 11:17:05+08:00,11377.0,455.25913381750865
2024-06-26 11:17:06+08:00,11378.0,454.9773039024823
2024-06-26 11:17:07+08:00,11379.0,454.6607255844281
2024-06-26 11:17:08+08:00,11380.0,454.3116988069905
2024-06-26 11:17:09+08:00,11381.0,453.93252351381375
2024-06-26 11:17:10+08:00,11382.0,453.5254996485422
2024-06-26 11:17:11+08:00,11383.0,453.0929271548202
2024-06-26 11:17:12+08:00,11384.0,452.6371059762922
2024-06-26 11:17:13+08:00,11385.0,452.16033605660243
2024-06-26 11:17:14+08:00,11386.0,451.66491733939523
2024-06-26 11:17:15+08:00,11387.0,451.15314976831496
2024-06-26 11:17:16+08:00,11388.0,450.6273332870061
2024-06-26 11:17:17+08:00,11389.0,450.08976783911277
2024-06-26 11:17:18+08:00,11390.0,449.5427533682794
2024-06-26 11:17:19+08:00,11391.0,448.9885898181504
2024-06-26 11:17:20+08:00,11392.0,448.42957713236996
2024-06-26 11:17:21+08:00,11393.0,447.8680152545826
2024-06-26 11:17:22+08:00,11394.0,447.3062041284326
2024-06-26 11:17:23+08:00,11395.0,446.74644369756425
2024-06-26 11:17:24+08:00,11396.0,446.191033905622
2024-06-26 11:17:25+08:00,11397.0,445.64227469625007
2024-06-26 11:17:26+08:00,11398.0,445.10246601309285
2024-06-26 11:17:27+08:00,11399.0,444.5739077997947
2024-06-26 11:17:28+08:00,11400.0,444.0589
2024-06-26 11:17:29+08:00,11401.0,443.52062911865085
2024-06-26 11:17:30+08:00,11402.0,442.9243177014666
2024-06-26 11:17:31+08:00,11403.0,442.27531975325735
2024-06-26 11:17:32+08:00,11404.0,441.57898927883303
2024-06-26 11:17:33+08:00,11405.0,440.84068028300373
2024-06-26 11:17:34+08:00,11406.0,440.0657467705795
2024-06-26 11:17:35+08:00,11407.0,439.25954274637036
2024-06-26 11:17:36+08:00,11408.0,438.4274222151863
2024-06-26 11:17:37+08:00,11409.0,437.5747391818374
2024-06-26 11:17:38+08:00,11410.0,436.70684765113367
2024-06-26 11:17:39+08:00,11411.0,435.82910162788517
2024-06-26 11:17:40+08:00,11412.0,434.946855116902
2024-06-26 11:17:41+08:00,11413.0,434.06546212299395
2024-06-26 11:17:42+08:00,11414.0,433.1902766509713
2024-06-26 11:17:43+08:00,11415.0,432.32665270564405
2024-06-26 11:17:44+08:00,11416.0,431.47994429182216
2024-06-26 11:17:45+08:00,11417.0,430.65550541431566
2024-06-26 11:17:46+08:00,11418.0,429.8586900779347
2024-06-26 11:17:47+08:00,11419.0,429.0948522874891
2024-06-26 11:17:48+08:00,11420.0,428.36934604778907
2024-06-26 11:17:49+08:00,11421.0,427.6875253636446
2024-06-26 11:17:50+08:00,11422.0,427.0547442398657
2024-06-26 11:17:51+08:00,11423.0,426.4763566812625
2024-06-26 11:17:52+08:00,11424.0,425.95771669264485
2024-06-26 11:17:53+08:00,11425.0,425.504178278823
2024-06-26 11:17:54+08:00,11426.0,425.1210954446068
2024-06-26 11:17:55+08:00,11427.0,424.8138221948064
2024-06-26 11:17:56+08:00,11428.0,424.58771253423174
2024-06-26 11:17:57+08:00,11429.0,424.44812046769295
2024-06-26 11:17:58+08:00,11430.0,424.4004
2024-06-26 11:17:59+08:00,11431.0,424.49111252676073
2024-06-26 11:18:00+08:00,11432.0,424.7559343562252
2024-06-26 11:18:01+08:00,11433.0,425.1838918621673
2024-06-26 11:18:02+08:00,11434.0,425.7640114183605
2024-06-26 11:18:03+08:00,11435.0,426.4853193985785
2024-06-26 11:18:04+08:00,11436.0,427.3368421765949
2024-06-26 11:18:05+08:00,11437.0,428.30760612618343
2024-06-26 11:18:06+08:00,11438.0,429.3866376211176
2024-06-26 11:18:07+08:00,11439.0,430.5629630351712
2024-06-26 11:18:08+08:00,11440.0,431.8256087421178
2024-06-26 11:18:09+08:00,11441.0,433.1636011157311
2024-06-26 11:18:10+08:00,11442.0,434.5659665297847
2024-06-26 11:18:11+08:00,11443.0,436.02173135805225
2024-06-26 11:18:12+08:00,11444.0,437.5199219743074
2024-06-26 11:18:13+08:00,11445.0,439.0495647523238
2024-06-26 11:18:14+08:00,11446.0,440.5996860658751
2024-06-26 11:18:15+08:00,11447.0,442.159312288735
2024-06-26 11:18:16+08:00,11448.0,443.7174697946771
2024-06-26 11:18:17+08:00,11449.0,445.26318495747495
2024-06-26 11:18:18+08:00,11450.0,446.78548415090233
2024-06-26 11:18:19+08:00,11451.0,448.2733937487329
2024-06-26 11:18:20+08:00,11452.0,449.7159401247401
2024-06-26 11:18:21+08:00,11453.0,451.10214965269785
2024-06-26 11:18:22+08:00,11454.0,452.4210487063796
2024-06-26 11:18:23+08:00,11455.0,453.66166365955905
2024-06-26 11:18:24+08:00,11456.0,454.81302088601
2024-06-26 11:18:25+08:00,11457.0,455.86414675950584
2024-06-26 11:18:26+08:00,11458.0,456.80406765382037
2024-06-26 11:18:27+08:00,11459.0,457.6218099427272
2024-06-26 11:18:28+08:00,11460.0,458.3064
2024-06-26 11:18:29+08:00,11461.0,458.9217268869024
2024-06-26 11:18:30+08:00,11462.0,459.53797631655
2024-06-26 11:18:31+08:00,11463.0,460.1536196404942
2024-06-26 11:18:32+08:00,11464.0,460.76712821028633
2024-06-26 11:18:33+08:00,11465.0,461.37697337747795
2024-06-26 11:18:34+08:00,11466.0,461.9816264936204
2024-06-26 11:18:35+08:00,11467.0,462.5795589102651
2024-06-26 11:18:36+08:00,11468.0,463.16924197896356
2024-06-26 11:18:37+08:00,11469.0,463.74914705126713
2024-06-26 11:18:38+08:00,11470.0,464.3177454787273
2024-06-26 11:18:39+08:00,11471.0,464.87350861289536
2024-06-26 11:18:40+08:00,11472.0,465.41490780532297
2024-06-26 11:18:41+08:00,11473.0,465.9404144075613
2024-06-26 11:18:42+08:00,11474.0,466.4484997711619
2024-06-26 11:18:43+08:00,11475.0,466.93763524767616
2024-06-26 11:18:44+08:00,11476.0,467.4062921886555
2024-06-26 11:18:45+08:00,11477.0,467.8529419456515
2024-06-26 11:18:46+08:00,11478.0,468.2760558702153
2024-06-26 11:18:47+08:00,11479.0,468.6741053138985
2024-06-26 11:18:48+08:00,11480.0,469.0455616282525
2024-06-26 11:18:49+08:00,11481.0,469.38889616482874
2024-06-26 11:18:50+08:00,11482.0,469.70258027517866
2024-06-26 11:18:51+08:00,11483.0,469.98508531085366
2024-06-26 11:18:52+08:00,11484.0,470.2348826234051
2024-06-26 11:18:53+08:00,11485.0,470.4504435643845
2024-06-26 11:18:54+08:00,11486.0,470.6302394853432
2024-06-26 11:18:55+08:00,11487.0,470.7727417378327
2024-06-26 11:18:56+08:00,11488.0,470.8764216734044
2024-06-26 11:18:57+08:00,11489.0,470.93975064360967
2024-06-26 11:18:58+08:00,11490.0,470.9612
2024-06-26 11:18:59+08:00,11491.0,470.78032284444447
2024-06-26 11:19:00+08:00,11492.0,470.2541347555556
2024-06-26 11:19:01+08:00,11493.0,469.40730080000003
2024-06-26 11:19:02+08:00,11494.0,468.2644860444445
2024-06-26 11:19:03+08:00,11495.0,466.85035555555555
2024-06-26 11:19:04+08:00,11496.0,465.1895744
2024-06-26 11:19:05+08:00,11497.0,463.30680764444446
2024-06-26 11:19:06+08:00,11498.0,461.2267203555556
2024-06-26 11:19:07+08:00,11499.0,458.9739776
2024-06-26 11:19:08+08:00,11500.0,456.57324444444447
2024-06-26 11:19:09+08:00,11501.0,454.0491859555556
2024-06-26 11:19:10+08:00,11502.0,451.42646720000005
2024-06-26 11:19:11+08:00,11503.0,448.72975324444445
2024-06-26 11:19:12+08:00,11504.0,445.9837091555556
2024-06-26 11:19:13+08:00,11505.0,443.213
2024-06-26 11:19:14+08:00,11506.0,440.44229084444447
2024-06-26 11:19:15+08:00,11507.0,437.6962467555556
2024-06-26 11:19:16+08:00,11508.0,434.99953280000005
2024-06-26 11:19:17+08:00,11509.0,432.3768140444445
2024-06-26 11:19:18+08:00,11510.0,429.8527555555556
2024-06-26 11:19:19+08:00,11511.0,427.45202240000003
2024-06-26 11:19:20+08:00,11512.0,425.19927964444446
2024-06-26 11:19:21+08:00,11513.0,423.1191923555556
2024-06-26 11:19:22+08:00,11514.0,421.2364256
2024-06-26 11:19:23+08:00,11515.0,419.57564444444444
2024-06-26 11:19:24+08:00,11516.0,418.16151395555556
2024-06-26 11:19:25+08:00,11517.0,417.0186992
2024-06-26 11:19:26+08:00,11518.0,416.17186524444446
2024-06-26 11:19:27+08:00,11519.0,415.6456771555556
2024-06-26 11:19:28+08:00,11520.0,415.4648
2024-06-26 11:19:29+08:00,11521.0,415.68677282962966
2024-06-26 11:19:30+08:00,11522.0,416.3325119703704
2024-06-26 11:19:31+08:00,11523.0,417.3717484
2024-06-26 11:19:32+08:00,11524.0,418.7742130962963
2024-06-26 11:19:33+08:00,11525.0,420.50963703703707
2024-06-26 11:19:34+08:00,11526.0,422.54775120000005
2024-06-26 11:19:35+08:00,11527.0,424.85828656296303
2024-06-26 11:19:36+08:00,11528.0,427.4109741037037
2024-06-26 11:19:37+08:00,11529.0,430.17554480000007
2024-06-26 11:19:38+08:00,11530.0,433.12172962962967
2024-06-26 11:19:39+08:00,11531.0,436.2192595703704
2024-06-26 11:19:40+08:00,11532.0,439.4378656
2024-06-26 11:19:41+08:00,11533.0,442.7472786962963
2024-06-26 11:19:42+08:00,11534.0,446.11722983703703
2024-06-26 11:19:43+08:00,11535.0,449.51745000000005
2024-06-26 11:19:44+08:00,11536.0,452.91767016296296
2024-06-26 11:19:45+08:00,11537.0,456.2876213037037
2024-06-26 11:19:46+08:00,11538.0,459.59703440000004
2024-06-26 11:19:47+08:00,11539.0,462.81564042962964
2024-06-26 11:19:48+08:00,11540.0,465.91317037037044
2024-06-26 11:19:49+08:00,11541.0,468.85935520000004
2024-06-26 11:19:50+08:00,11542.0,471.6239258962963
2024-06-26 11:19:51+08:00,11543.0,474.176613437037
2024-06-26 11:19:52+08:00,11544.0,476.48714880000006
2024-06-26 11:19:53+08:00,11545.0,478.5252629629629
2024-06-26 11:19:54+08:00,11546.0,480.2606869037038
2024-06-26 11:19:55+08:00,11547.0,481.66315160000005
2024-06-26 11:19:56+08:00,11548.0,482.7023880296296
2024-06-26 11:19:57+08:00,11549.0,483.3481271703704
2024-06-26 11:19:58+08:00,11550.0,483.5701
2024-06-26 11:19:59+08:00,11551.0,483.5557841716071
2024-06-26 11:20:00+08:00,11552.0,483.51328654781577
2024-06-26 11:20:01+08:00,11553.0,483.4432819207075
2024-06-26 11:20:02+08:00,11554.0,483.3464450823634
2024-06-26 11:20:03+08:00,11555.0,483.2234508248648
2024-06-26 11:20:04+08:00,11556.0,483.0749739402932
2024-06-26 11:20:05+08:00,11557.0,482.9016892207296
2024-06-26 11:20:06+08:00,11558.0,482.7042714582555
2024-06-26 11:20:07+08:00,11559.0,482.4833954449521
2024-06-26 11:20:08+08:00,11560.0,482.2397359729008
2024-06-26 11:20:09+08:00,11561.0,481.97396783418276
2024-06-26 11:20:10+08:00,11562.0,481.6867658208794
2024-06-26 11:20:11+08:00,11563.0,481.3788047250719
2024-06-26 11:20:12+08:00,11564.0,481.0507593388418
2024-06-26 11:20:13+08:00,11565.0,480.70330445427004
2024-06-26 11:20:14+08:00,11566.0,480.33711486343816
2024-06-26 11:20:15+08:00,11567.0,479.95286535842746
2024-06-26 11:20:16+08:00,11568.0,479.5512307313191
2024-06-26 11:20:17+08:00,11569.0,479.1328857741945
2024-06-26 11:20:18+08:00,11570.0,478.69850527913485
2024-06-26 11:20:19+08:00,11571.0,478.24876403822157
2024-06-26 11:20:20+08:00,11572.0,477.78433684353587
2024-06-26 11:20:21+08:00,11573.0,477.3058984871591
2024-06-26 11:20:22+08:00,11574.0,476.81412376117254
2024-06-26 11:20:23+08:00,11575.0,476.30968745765745
2024-06-26 11:20:24+08:00,11576.0,475.7932643686952
2024-06-26 11:20:25+08:00,11577.0,475.265529286367
2024-06-26 11:20:26+08:00,11578.0,474.7271570027542
2024-06-26 11:20:27+08:00,11579.0,474.1788223099381
2024-06-26 11:20:28+08:00,11580.0,473.6212
2024-06-26 11:20:29+08:00,11581.0,472.9242693718268
2024-06-26 11:20:30+08:00,11582.0,471.97028294827675
2024-06-26 11:20:31+08:00,11583.0,470.7783253573876
2024-06-26 11:20:32+08:00,11584.0,469.3674812271975
2024-06-26 11:20:33+08:00,11585.0,467.75683518574436
2024-06-26 11:20:34+08:00,11586.0,465.9654718610662
2024-06-26 11:20:35+08:00,11587.0,464.0124758812009
2024-06-26 11:20:36+08:00,11588.0,461.91693187418645
2024-06-26 11:20:37+08:00,11589.0,459.6979244680609
2024-06-26 11:20:38+08:00,11590.0,457.3745382908622
2024-06-26 11:20:39+08:00,11591.0,454.96585797062824
2024-06-26 11:20:40+08:00,11592.0,452.49096813539705
2024-06-26 11:20:41+08:00,11593.0,449.96895341320663
2024-06-26 11:20:42+08:00,11594.0,447.418898432095
2024-06-26 11:20:43+08:00,11595.0,444.85988782009997
2024-06-26 11:20:44+08:00,11596.0,442.3110062052596
2024-06-26 11:20:45+08:00,11597.0,439.7913382156119
2024-06-26 11:20:46+08:00,11598.0,437.31996847919487
2024-06-26 11:20:47+08:00,11599.0,434.9159816240464
2024-06-26 11:20:48+08:00,11600.0,432.59846227820435
2024-06-26 11:20:49+08:00,11601.0,430.386495069707
2024-06-26 11:20:50+08:00,11602.0,428.29916462659213
2024-06-26 11:20:51+08:00,11603.0,426.3555555768977
2024-06-26 11:20:52+08:00,11604.0,424.57475254866176
2024-06-26 11:20:53+08:00,11605.0,422.9758401699222
2024-06-26 11:20:54+08:00,11606.0,421.5779030687171
2024-06-26 11:20:55+08:00,11607.0,420.4000258730843
2024-06-26 11:20:56+08:00,11608.0,419.46129321106196
2024-06-26 11:20:57+08:00,11609.0,418.7807897106878
2024-06-26 11:20:58+08:00,11610.0,418.37760000000003
2024-06-26 11:20:59+08:00,11611.0,418.1227801028904
2024-06-26 11:21:00+08:00,11612.0,417.87474945593715
2024-06-26 11:21:01+08:00,11613.0,417.63363780620824
2024-06-26 11:21:02+08:00,11614.0,417.3995749007715
2024-06-26 11:21:03+08:00,11615.0,417.17269048669453
2024-06-26 11:21:04+08:00,11616.0,416.9531143110451
2024-06-26 11:21:05+08:00,11617.0,416.7409761208912
2024-06-26 11:21:06+08:00,11618.0,416.5364056633006
2024-06-26 11:21:07+08:00,11619.0,416.3395326853409
2024-06-26 11:21:08+08:00,11620.0,416.15048693408
2024-06-26 11:21:09+08:00,11621.0,415.9693981565857
2024-06-26 11:21:10+08:00,11622.0,415.7963960999258
2024-06-26 11:21:11+08:00,11623.0,415.631610511168
2024-06-26 11:21:12+08:00,11624.0,415.4751711373802
2024-06-26 11:21:13+08:00,11625.0,415.32720772563005
2024-06-26 11:21:14+08:00,11626.0,415.1878500229854
2024-06-26 11:21:15+08:00,11627.0,415.0572277765141
2024-06-26 11:21:16+08:00,11628.0,414.93547073328386
2024-06-26 11:21:17+08:00,11629.0,414.82270864036246
2024-06-26 11:21:18+08:00,11630.0,414.71907124481777
2024-06-26 11:21:19+08:00,11631.0,414.6246882937175
2024-06-26 11:21:20+08:00,11632.0,414.53968953412954
2024-06-26 11:21:21+08:00,11633.0,414.4642047131215
2024-06-26 11:21:22+08:00,11634.0,414.3983635777613
2024-06-26 11:21:23+08:00,11635.0,414.3422958751167
2024-06-26 11:21:24+08:00,11636.0,414.2961313522554
2024-06-26 11:21:25+08:00,11637.0,414.25999975624535
2024-06-26 11:21:26+08:00,11638.0,414.2340308341542
2024-06-26 11:21:27+08:00,11639.0,414.21835433304983
2024-06-26 11:21:28+08:00,11640.0,414.2131
2024-06-26 11:21:29+08:00,11641.0,414.22542395862837
2024-06-26 11:21:30+08:00,11642.0,414.2617603919439
2024-06-26 11:21:31+08:00,11643.0,414.32115613609255
2024-06-26 11:21:32+08:00,11644.0,414.40265802722007
2024-06-26 11:21:33+08:00,11645.0,414.5053129014725
2024-06-26 11:21:34+08:00,11646.0,414.6281675949956
2024-06-26 11:21:35+08:00,11647.0,414.7702689439352
2024-06-26 11:21:36+08:00,11648.0,414.9306637844373
2024-06-26 11:21:37+08:00,11649.0,415.1083989526476
2024-06-26 11:21:38+08:00,11650.0,415.302521284712
2024-06-26 11:21:39+08:00,11651.0,415.5120776167765
2024-06-26 11:21:40+08:00,11652.0,415.7361147849868
2024-06-26 11:21:41+08:00,11653.0,415.97367962548884
2024-06-26 11:21:42+08:00,11654.0,416.22381897442847
2024-06-26 11:21:43+08:00,11655.0,416.4855796679516
2024-06-26 11:21:44+08:00,11656.0,416.758008542204
2024-06-26 11:21:45+08:00,11657.0,417.04015243333157
2024-06-26 11:21:46+08:00,11658.0,417.3310581774802
2024-06-26 11:21:47+08:00,11659.0,417.6297726107958
2024-06-26 11:21:48+08:00,11660.0,417.9353425694241
2024-06-26 11:21:49+08:00,11661.0,418.2468148895111
2024-06-26 11:21:50+08:00,11662.0,418.5632364072025
2024-06-26 11:21:51+08:00,11663.0,418.88365395864435
2024-06-26 11:21:52+08:00,11664.0,419.2071143799824
2024-06-26 11:21:53+08:00,11665.0,419.53266450736254
2024-06-26 11:21:54+08:00,11666.0,419.8593511769307
2024-06-26 11:21:55+08:00,11667.0,420.18622122483265
2024-06-26 11:21:56+08:00,11668.0,420.51232148721425
2024-06-26 11:21:57+08:00,11669.0,420.8366988002214
2024-06-26 11:21:58+08:00,11670.0,421.15840000000003
2024-06-26 11:21:59+08:00,11671.0,421.50514437967115
2024-06-26 11:22:00+08:00,11672.0,421.9025152535203
2024-06-26 11:22:01+08:00,11673.0,422.3463554894396
2024-06-26 11:22:02+08:00,11674.0,422.8325079553213
2024-06-26 11:22:03+08:00,11675.0,423.35681551905765
2024-06-26 11:22:04+08:00,11676.0,423.91512104854087
2024-06-26 11:22:05+08:00,11677.0,424.5032674116632
2024-06-26 11:22:06+08:00,11678.0,425.11709747631687
2024-06-26 11:22:07+08:00,11679.0,425.7524541103941
2024-06-26 11:22:08+08:00,11680.0,426.40518018178716
2024-06-26 11:22:09+08:00,11681.0,427.07111855838826
2024-06-26 11:22:10+08:00,11682.0,427.74611210808956
2024-06-26 11:22:11+08:00,11683.0,428.42600369878335
2024-06-26 11:22:12+08:00,11684.0,429.1066361983619
2024-06-26 11:22:13+08:00,11685.0,429.7838524747174
2024-06-26 11:22:14+08:00,11686.0,430.45349539574204
2024-06-26 11:22:15+08:00,11687.0,431.11140782932813
2024-06-26 11:22:16+08:00,11688.0,431.75343264336783
2024-06-26 11:22:17+08:00,11689.0,432.3754127057534
2024-06-26 11:22:18+08:00,11690.0,432.9731908843771
2024-06-26 11:22:19+08:00,11691.0,433.5426100471311
2024-06-26 11:22:20+08:00,11692.0,434.0795130619077
2024-06-26 11:22:21+08:00,11693.0,434.579742796599
2024-06-26 11:22:22+08:00,11694.0,435.0391421190974
2024-06-26 11:22:23+08:00,11695.0,435.453553897295
2024-06-26 11:22:24+08:00,11696.0,435.8188209990841
2024-06-26 11:22:25+08:00,11697.0,436.130786292357
2024-06-26 11:22:26+08:00,11698.0,436.38529264500573
2024-06-26 11:22:27+08:00,11699.0,436.57818292492266
2024-06-26 11:22:28+08:00,11700.0,436.7053
2024-06-26 11:22:29+08:00,11701.0,436.7970439608935
2024-06-26 11:22:30+08:00,11702.0,436.886545718606
2024-06-26 11:22:31+08:00,11703.0,436.9737443715506
2024-06-26 11:22:32+08:00,11704.0,437.0585790181402
2024-06-26 11:22:33+08:00,11705.0,437.14098875678803
2024-06-26 11:22:34+08:00,11706.0,437.2209126859071
2024-06-26 11:22:35+08:00,11707.0,437.29828990391024
2024-06-26 11:22:36+08:00,11708.0,437.3730595092107
2024-06-26 11:22:37+08:00,11709.0,437.4451606002214
2024-06-26 11:22:38+08:00,11710.0,437.5145322753554
2024-06-26 11:22:39+08:00,11711.0,437.5811136330257
2024-06-26 11:22:40+08:00,11712.0,437.6448437716454
2024-06-26 11:22:41+08:00,11713.0,437.7056617896275
2024-06-26 11:22:42+08:00,11714.0,437.76350678538506
2024-06-26 11:22:43+08:00,11715.0,437.81831785733107
2024-06-26 11:22:44+08:00,11716.0,437.8700341038786
2024-06-26 11:22:45+08:00,11717.0,437.9185946234407
2024-06-26 11:22:46+08:00,11718.0,437.9639385144303
2024-06-26 11:22:47+08:00,11719.0,438.0060048752605
2024-06-26 11:22:48+08:00,11720.0,438.0447328043444
2024-06-26 11:22:49+08:00,11721.0,438.0800614000949
2024-06-26 11:22:50+08:00,11722.0,438.11192976092514
2024-06-26 11:22:51+08:00,11723.0,438.140276985248
2024-06-26 11:22:52+08:00,11724.0,438.1650421714768
2024-06-26 11:22:53+08:00,11725.0,438.1861644180243
2024-06-26 11:22:54+08:00,11726.0,438.2035828233036
2024-06-26 11:22:55+08:00,11727.0,438.2172364857278
2024-06-26 11:22:56+08:00,11728.0,438.22706450371
2024-06-26 11:22:57+08:00,11729.0,438.23300597566305
2024-06-26 11:22:58+08:00,11730.0,438.235
2024-06-26 11:22:59+08:00,11731.0,438.20188038518523
2024-06-26 11:23:00+08:00,11732.0,438.10553241481483
2024-06-26 11:23:01+08:00,11733.0,437.9504724
2024-06-26 11:23:02+08:00,11734.0,437.74121665185186
2024-06-26 11:23:03+08:00,11735.0,437.4822814814815
2024-06-26 11:23:04+08:00,11736.0,437.17818320000003
2024-06-26 11:23:05+08:00,11737.0,436.83343811851853
2024-06-26 11:23:06+08:00,11738.0,436.4525625481482
2024-06-26 11:23:07+08:00,11739.0,436.0400728
2024-06-26 11:23:08+08:00,11740.0,435.6004851851852
2024-06-26 11:23:09+08:00,11741.0,435.13831601481485
2024-06-26 11:23:10+08:00,11742.0,434.6580816
2024-06-26 11:23:11+08:00,11743.0,434.16429825185185
2024-06-26 11:23:12+08:00,11744.0,433.6614822814815
2024-06-26 11:23:13+08:00,11745.0,433.15415
2024-06-26 11:23:14+08:00,11746.0,432.64681771851855
2024-06-26 11:23:15+08:00,11747.0,432.1440017481481
2024-06-26 11:23:16+08:00,11748.0,431.6502184
2024-06-26 11:23:17+08:00,11749.0,431.1699839851852
2024-06-26 11:23:18+08:00,11750.0,430.70781481481487
2024-06-26 11:23:19+08:00,11751.0,430.2682272
2024-06-26 11:23:20+08:00,11752.0,429.8557374518519
2024-06-26 11:23:21+08:00,11753.0,429.4748618814815
2024-06-26 11:23:22+08:00,11754.0,429.1301168
2024-06-26 11:23:23+08:00,11755.0,428.82601851851854
2024-06-26 11:23:24+08:00,11756.0,428.5670833481482
2024-06-26 11:23:25+08:00,11757.0,428.3578276
2024-06-26 11:23:26+08:00,11758.0,428.2027675851852
2024-06-26 11:23:27+08:00,11759.0,428.10641961481485
2024-06-26 11:23:28+08:00,11760.0,428.0733
2024-06-26 11:23:29+08:00,11761.0,428.12478880000003
2024-06-26 11:23:30+08:00,11762.0,428.27457440000006
2024-06-26 11:23:31+08:00,11763.0,428.5156356
2024-06-26 11:23:32+08:00,11764.0,428.8409512
2024-06-26 11:23:33+08:00,11765.0,429.24350000000004
2024-06-26 11:23:34+08:00,11766.0,429.7162608
2024-06-26 11:23:35+08:00,11767.0,430.2522124
2024-06-26 11:23:36+08:00,11768.0,430.8443336
2024-06-26 11:23:37+08:00,11769.0,431.4856032
2024-06-26 11:23:38+08:00,11770.0,432.169
2024-06-26 11:23:39+08:00,11771.0,432.8875028
2024-06-26 11:23:40+08:00,11772.0,433.63409040000005
2024-06-26 11:23:41+08:00,11773.0,434.4017416
2024-06-26 11:23:42+08:00,11774.0,435.18343519999996
2024-06-26 11:23:43+08:00,11775.0,435.97215000000006
2024-06-26 11:23:44+08:00,11776.0,436.7608648
2024-06-26 11:23:45+08:00,11777.0,437.54255839999996
2024-06-26 11:23:46+08:00,11778.0,438.3102096
2024-06-26 11:23:47+08:00,11779.0,439.0567972
2024-06-26 11:23:48+08:00,11780.0,439.7753
2024-06-26 11:23:49+08:00,11781.0,440.4586968
2024-06-26 11:23:50+08:00,11782.0,441.0999664
2024-06-26 11:23:51+08:00,11783.0,441.6920876
2024-06-26 11:23:52+08:00,11784.0,442.22803919999996
2024-06-26 11:23:53+08:00,11785.0,442.7008
2024-06-26 11:23:54+08:00,11786.0,443.10334879999994
2024-06-26 11:23:55+08:00,11787.0,443.4286644
2024-06-26 11:23:56+08:00,11788.0,443.6697256
2024-06-26 11:23:57+08:00,11789.0,443.81951119999997
2024-06-26 11:23:58+08:00,11790.0,443.871
2024-06-26 11:23:59+08:00,11791.0,443.7988879111111
2024-06-26 11:24:00+08:00,11792.0,443.58910728888884
2024-06-26 11:24:01+08:00,11793.0,443.25149159999995
2024-06-26 11:24:02+08:00,11794.0,442.79587431111105
2024-06-26 11:24:03+08:00,11795.0,442.2320888888889
2024-06-26 11:24:04+08:00,11796.0,441.56996879999997
2024-06-26 11:24:05+08:00,11797.0,440.8193475111111
2024-06-26 11:24:06+08:00,11798.0,439.9900584888889
2024-06-26 11:24:07+08:00,11799.0,439.09193519999997
2024-06-26 11:24:08+08:00,11800.0,438.1348111111111
2024-06-26 11:24:09+08:00,11801.0,437.12851968888884
2024-06-26 11:24:10+08:00,11802.0,436.0828944
2024-06-26 11:24:11+08:00,11803.0,435.0077687111111
2024-06-26 11:24:12+08:00,11804.0,433.91297608888885
2024-06-26 11:24:13+08:00,11805.0,432.80834999999996
2024-06-26 11:24:14+08:00,11806.0,431.7037239111111
2024-06-26 11:24:15+08:00,11807.0,430.60893128888887
2024-06-26 11:24:16+08:00,11808.0,429.5338056
2024-06-26 11:24:17+08:00,11809.0,428.48818031111114
2024-06-26 11:24:18+08:00,11810.0,427.4818888888889
2024-06-26 11:24:19+08:00,11811.0,426.5247648
2024-06-26 11:24:20+08:00,11812.0,425.62664151111113
2024-06-26 11:24:21+08:00,11813.0,424.79735248888886
2024-06-26 11:24:22+08:00,11814.0,424.04673119999995
2024-06-26 11:24:23+08:00,11815.0,423.3846111111111
2024-06-26 11:24:24+08:00,11816.0,422.8208256888889
2024-06-26 11:24:25+08:00,11817.0,422.36520840000003
2024-06-26 11:24:26+08:00,11818.0,422.02759271111114
2024-06-26 11:24:27+08:00,11819.0,421.8178120888889
2024-06-26 11:24:28+08:00,11820.0,421.7457
2024-06-26 11:24:29+08:00,11821.0,421.77290634074075
2024-06-26 11:24:30+08:00,11822.0,421.8520520592592
2024-06-26 11:24:31+08:00,11823.0,421.97942720000003
2024-06-26 11:24:32+08:00,11824.0,422.15132180740744
2024-06-26 11:24:33+08:00,11825.0,422.36402592592594
2024-06-26 11:24:34+08:00,11826.0,422.6138296
2024-06-26 11:24:35+08:00,11827.0,422.8970228740741
2024-06-26 11:24:36+08:00,11828.0,423.2098957925926
2024-06-26 11:24:37+08:00,11829.0,423.5487384
2024-06-26 11:24:38+08:00,11830.0,423.9098407407407
2024-06-26 11:24:39+08:00,11831.0,424.28949285925927
2024-06-26 11:24:40+08:00,11832.0,424.6839848
2024-06-26 11:24:41+08:00,11833.0,425.0896066074074
2024-06-26 11:24:42+08:00,11834.0,425.502648325926
2024-06-26 11:24:43+08:00,11835.0,425.9194
2024-06-26 11:24:44+08:00,11836.0,426.3361516740741
2024-06-26 11:24:45+08:00,11837.0,426.7491933925926
2024-06-26 11:24:46+08:00,11838.0,427.15481520000003
2024-06-26 11:24:47+08:00,11839.0,427.5493071407407
2024-06-26 11:24:48+08:00,11840.0,427.9289592592593
2024-06-26 11:24:49+08:00,11841.0,428.2900616
2024-06-26 11:24:50+08:00,11842.0,428.6289042074074
2024-06-26 11:24:51+08:00,11843.0,428.9417771259259
2024-06-26 11:24:52+08:00,11844.0,429.22497039999996
2024-06-26 11:24:53+08:00,11845.0,429.4747740740741
2024-06-26 11:24:54+08:00,11846.0,429.68747819259255
2024-06-26 11:24:55+08:00,11847.0,429.8593728
2024-06-26 11:24:56+08:00,11848.0,429.9867479407407
2024-06-26 11:24:57+08:00,11849.0,430.06589365925925
2024-06-26 11:24:58+08:00,11850.0,430.0931
2024-06-26 11:24:59+08:00,11851.0,430.09180367718216
2024-06-26 11:25:00+08:00,11852.0,430.08796695248884
2024-06-26 11:25:01+08:00,11853.0,430.0816681915606
2024-06-26 11:25:02+08:00,11854.0,430.072985760038
2024-06-26 11:25:03+08:00,11855.0,430.06199802356133
2024-06-26 11:25:04+08:00,11856.0,430.04878334777123
2024-06-26 11:25:05+08:00,11857.0,430.03342009830806
2024-06-26 11:25:06+08:00,11858.0,430.01598664081234
2024-06-26 11:25:07+08:00,11859.0,429.9965613409246
2024-06-26 11:25:08+08:00,11860.0,429.9752225642852
2024-06-26 11:25:09+08:00,11861.0,429.95204867653473
2024-06-26 11:25:10+08:00,11862.0,429.92711804331367
2024-06-26 11:25:11+08:00,11863.0,429.9005090302624
2024-06-26 11:25:12+08:00,11864.0,429.87230000302145
2024-06-26 11:25:13+08:00,11865.0,429.84256932723133
2024-06-26 11:25:14+08:00,11866.0,429.8113953685325
2024-06-26 11:25:15+08:00,11867.0,429.77885649256535
2024-06-26 11:25:16+08:00,11868.0,429.74503106497053
2024-06-26 11:25:17+08:00,11869.0,429.70999745138835
2024-06-26 11:25:18+08:00,11870.0,429.67383401745934
2024-06-26 11:25:19+08:00,11871.0,429.63661912882407
2024-06-26 11:25:20+08:00,11872.0,429.5984311511229
2024-06-26 11:25:21+08:00,11873.0,429.5593484499963
2024-06-26 11:25:22+08:00,11874.0,429.5194493910849
2024-06-26 11:25:23+08:00,11875.0,429.47881234002904
2024-06-26 11:25:24+08:00,11876.0,429.4375156624692
2024-06-26 11:25:25+08:00,11877.0,429.3956377240459
2024-06-26 11:25:26+08:00,11878.0,429.3532568903996
2024-06-26 11:25:27+08:00,11879.0,429.3104515271708
2024-06-26 11:25:28+08:00,11880.0,429.2673
2024-06-26 11:25:29+08:00,11881.0,429.222482804672
2024-06-26 11:25:30+08:00,11882.0,429.1745705674457
2024-06-26 11:25:31+08:00,11883.0,429.12347684967216
2024-06-26 11:25:32+08:00,11884.0,429.06911521270257
2024-06-26 11:25:33+08:00,11885.0,429.0113992178879
2024-06-26 11:25:34+08:00,11886.0,428.95024242657956
2024-06-26 11:25:35+08:00,11887.0,428.88555840012845
2024-06-26 11:25:36+08:00,11888.0,428.8172606998859
2024-06-26 11:25:37+08:00,11889.0,428.7452628872029
2024-06-26 11:25:38+08:00,11890.0,428.66947852343066
2024-06-26 11:25:39+08:00,11891.0,428.58982116992024
2024-06-26 11:25:40+08:00,11892.0,428.506204388023
2024-06-26 11:25:41+08:00,11893.0,428.4185417390898
2024-06-26 11:25:42+08:00,11894.0,428.326746784472
2024-06-26 11:25:43+08:00,11895.0,428.23073308552057
2024-06-26 11:25:44+08:00,11896.0,428.1304142035867
2024-06-26 11:25:45+08:00,11897.0,428.0257037000217
2024-06-26 11:25:46+08:00,11898.0,427.91651513617654
2024-06-26 11:25:47+08:00,11899.0,427.8027620734024
2024-06-26 11:25:48+08:00,11900.0,427.68435807305036
2024-06-26 11:25:49+08:00,11901.0,427.5612166964717
2024-06-26 11:25:50+08:00,11902.0,427.43325150501744
2024-06-26 11:25:51+08:00,11903.0,427.3003760600388
2024-06-26 11:25:52+08:00,11904.0,427.16250392288674
2024-06-26 11:25:53+08:00,11905.0,427.01954865491274
2024-06-26 11:25:54+08:00,11906.0,426.8714238174676
2024-06-26 11:25:55+08:00,11907.0,426.7180429719026
2024-06-26 11:25:56+08:00,11908.0,426.55931967956894
2024-06-26 11:25:57+08:00,11909.0,426.39516750181775
2024-06-26 11:25:58+08:00,11910.0,426.2255
2024-06-26 11:25:59+08:00,11911.0,426.007986035815
2024-06-26 11:26:00+08:00,11912.0,425.70470975312736
2024-06-26 11:26:01+08:00,11913.0,425.32220763653675
2024-06-26 11:26:02+08:00,11914.0,424.8670161706426
2024-06-26 11:26:03+08:00,11915.0,424.3456718400445
2024-06-26 11:26:04+08:00,11916.0,423.764711129342
2024-06-26 11:26:05+08:00,11917.0,423.1306705231347
2024-06-26 11:26:06+08:00,11918.0,422.45008650602205
2024-06-26 11:26:07+08:00,11919.0,421.7294955626037
2024-06-26 11:26:08+08:00,11920.0,420.9754341774792
2024-06-26 11:26:09+08:00,11921.0,420.194438835248
2024-06-26 11:26:10+08:00,11922.0,419.39304602050976
2024-06-26 11:26:11+08:00,11923.0,418.577792217864
2024-06-26 11:26:12+08:00,11924.0,417.75521391191023
2024-06-26 11:26:13+08:00,11925.0,416.93184758724806
2024-06-26 11:26:14+08:00,11926.0,416.11422972847697
2024-06-26 11:26:15+08:00,11927.0,415.30889682019665
2024-06-26 11:26:16+08:00,11928.0,414.52238534700655
2024-06-26 11:26:17+08:00,11929.0,413.7612317935061
2024-06-26 11:26:18+08:00,11930.0,413.03197264429514
2024-06-26 11:26:19+08:00,11931.0,412.341144383973
2024-06-26 11:26:20+08:00,11932.0,411.69528349713937
2024-06-26 11:26:21+08:00,11933.0,411.10092646839365
2024-06-26 11:26:22+08:00,11934.0,410.56460978233554
2024-06-26 11:26:23+08:00,11935.0,410.0928699235644
2024-06-26 11:26:24+08:00,11936.0,409.69224337668004
2024-06-26 11:26:25+08:00,11937.0,409.36926662628184
2024-06-26 11:26:26+08:00,11938.0,409.1304761569694
2024-06-26 11:26:27+08:00,11939.0,408.9824084533423
2024-06-26 11:26:28+08:00,11940.0,408.9316
2024-06-26 11:26:29+08:00,11941.0,409.00508195555557
2024-06-26 11:26:30+08:00,11942.0,409.21884764444445
2024-06-26 11:26:31+08:00,11943.0,409.5628768
2024-06-26 11:26:32+08:00,11944.0,410.02714915555555
2024-06-26 11:26:33+08:00,11945.0,410.60164444444445
2024-06-26 11:26:34+08:00,11946.0,411.2763424
2024-06-26 11:26:35+08:00,11947.0,412.04122275555557
2024-06-26 11:26:36+08:00,11948.0,412.8862652444445
2024-06-26 11:26:37+08:00,11949.0,413.8014496
2024-06-26 11:26:38+08:00,11950.0,414.77675555555555
2024-06-26 11:26:39+08:00,11951.0,415.80216284444447
2024-06-26 11:26:40+08:00,11952.0,416.8676512
2024-06-26 11:26:41+08:00,11953.0,417.96320035555556
2024-06-26 11:26:42+08:00,11954.0,419.0787900444444
2024-06-26 11:26:43+08:00,11955.0,420.2044
2024-06-26 11:26:44+08:00,11956.0,421.3300099555555
2024-06-26 11:26:45+08:00,11957.0,422.4455996444445
2024-06-26 11:26:46+08:00,11958.0,423.5411488
2024-06-26 11:26:47+08:00,11959.0,424.6066371555555
2024-06-26 11:26:48+08:00,11960.0,425.63204444444443
2024-06-26 11:26:49+08:00,11961.0,426.6073504
2024-06-26 11:26:50+08:00,11962.0,427.52253475555557
2024-06-26 11:26:51+08:00,11963.0,428.3675772444445
2024-06-26 11:26:52+08:00,11964.0,429.13245759999995
2024-06-26 11:26:53+08:00,11965.0,429.80715555555554
2024-06-26 11:26:54+08:00,11966.0,430.38165084444444
2024-06-26 11:26:55+08:00,11967.0,430.8459232
2024-06-26 11:26:56+08:00,11968.0,431.18995235555553
2024-06-26 11:26:57+08:00,11969.0,431.4037180444444
2024-06-26 11:26:58+08:00,11970.0,431.4772
2024-06-26 11:26:59+08:00,11971.0,431.4636772159006
2024-06-26 11:27:00+08:00,11972.0,431.4238874851641
2024-06-26 11:27:01+08:00,11973.0,431.3589987401328
2024-06-26 11:27:02+08:00,11974.0,431.2701789131491
2024-06-26 11:27:03+08:00,11975.0,431.15859593655546
2024-06-26 11:27:04+08:00,11976.0,431.02541774269434
2024-06-26 11:27:05+08:00,11977.0,430.871812263908
2024-06-26 11:27:06+08:00,11978.0,430.69894743253894
2024-06-26 11:27:07+08:00,11979.0,430.5079911809295
2024-06-26 11:27:08+08:00,11980.0,430.300111441422
2024-06-26 11:27:09+08:00,11981.0,430.07647614635914
2024-06-26 11:27:10+08:00,11982.0,429.838253228083
2024-06-26 11:27:11+08:00,11983.0,429.58661061893616
2024-06-26 11:27:12+08:00,11984.0,429.32271625126094
2024-06-26 11:27:13+08:00,11985.0,429.0477380573997
2024-06-26 11:27:14+08:00,11986.0,428.76284396969504
2024-06-26 11:27:15+08:00,11987.0,428.4692019204892
2024-06-26 11:27:16+08:00,11988.0,428.1679798421245
2024-06-26 11:27:17+08:00,11989.0,427.8603456669435
2024-06-26 11:27:18+08:00,11990.0,427.54746732728864
2024-06-26 11:27:19+08:00,11991.0,427.2305127555021
2024-06-26 11:27:20+08:00,11992.0,426.9106498839265
2024-06-26 11:27:21+08:00,11993.0,426.58904664490404
2024-06-26 11:27:22+08:00,11994.0,426.26687097077735
2024-06-26 11:27:23+08:00,11995.0,425.9452907938887
2024-06-26 11:27:24+08:00,11996.0,425.62547404658045
2024-06-26 11:27:25+08:00,11997.0,425.308588661195
2024-06-26 11:27:26+08:00,11998.0,424.99580257007494
2024-06-26 11:27:27+08:00,11999.0,424.68828370556247
2024-06-26 11:27:28+08:00,12000.0,424.3872
2024-06-26 11:27:29+08:00,12001.0,424.06998622036355
2024-06-26 11:27:30+08:00,12002.0,423.7155435039992
2024-06-26 11:27:31+08:00,12003.0,423.327239338805
2024-06-26 11:27:32+08:00,12004.0,422.90844121267884
2024-06-26 11:27:33+08:00,12005.0,422.46251661351874
2024-06-26 11:27:34+08:00,12006.0,421.99283302922265
2024-06-26 11:27:35+08:00,12007.0,421.5027579476885
2024-06-26 11:27:36+08:00,12008.0,420.99565885681426
2024-06-26 11:27:37+08:00,12009.0,420.4749032444979
2024-06-26 11:27:38+08:00,12010.0,419.94385859863735
2024-06-26 11:27:39+08:00,12011.0,419.4058924071306
2024-06-26 11:27:40+08:00,12012.0,418.8643721578755
2024-06-26 11:27:41+08:00,12013.0,418.3226653387701
2024-06-26 11:27:42+08:00,12014.0,417.7841394377123
2024-06-26 11:27:43+08:00,12015.0,417.25216194260025
2024-06-26 11:27:44+08:00,12016.0,416.73010034133165
2024-06-26 11:27:45+08:00,12017.0,416.2213221218046
2024-06-26 11:27:46+08:00,12018.0,415.72919477191704
2024-06-26 11:27:47+08:00,12019.0,415.2570857795668
2024-06-26 11:27:48+08:00,12020.0,414.808362632652
2024-06-26 11:27:49+08:00,12021.0,414.3863928190706
2024-06-26 11:27:50+08:00,12022.0,413.9945438267203
2024-06-26 11:27:51+08:00,12023.0,413.6361831434994
2024-06-26 11:27:52+08:00,12024.0,413.3146782573057
2024-06-26 11:27:53+08:00,12025.0,413.0333966560371
2024-06-26 11:27:54+08:00,12026.0,412.79570582759163
2024-06-26 11:27:55+08:00,12027.0,412.6049732598673
2024-06-26 11:27:56+08:00,12028.0,412.46456644076187
2024-06-26 11:27:57+08:00,12029.0,412.3778528581735
2024-06-26 11:27:58+08:00,12030.0,412.3482
2024-06-26 11:27:59+08:00,12031.0,412.3941125333334
2024-06-26 11:28:00+08:00,12032.0,412.5276762666667
2024-06-26 11:28:01+08:00,12033.0,412.7426304
2024-06-26 11:28:02+08:00,12034.0,413.0327141333334
2024-06-26 11:28:03+08:00,12035.0,413.3916666666667
2024-06-26 11:28:04+08:00,12036.0,413.8132272
2024-06-26 11:28:05+08:00,12037.0,414.29113493333335
2024-06-26 11:28:06+08:00,12038.0,414.8191290666667
2024-06-26 11:28:07+08:00,12039.0,415.3909488
2024-06-26 11:28:08+08:00,12040.0,416.00033333333334
2024-06-26 11:28:09+08:00,12041.0,416.6410218666667
2024-06-26 11:28:10+08:00,12042.0,417.30675360000004
2024-06-26 11:28:11+08:00,12043.0,417.99126773333336
2024-06-26 11:28:12+08:00,12044.0,418.6883034666667
2024-06-26 11:28:13+08:00,12045.0,419.3916
2024-06-26 11:28:14+08:00,12046.0,420.0948965333334
2024-06-26 11:28:15+08:00,12047.0,420.79193226666666
2024-06-26 11:28:16+08:00,12048.0,421.4764464
2024-06-26 11:28:17+08:00,12049.0,422.14217813333335
2024-06-26 11:28:18+08:00,12050.0,422.7828666666667
2024-06-26 11:28:19+08:00,12051.0,423.3922512
2024-06-26 11:28:20+08:00,12052.0,423.96407093333335
2024-06-26 11:28:21+08:00,12053.0,424.49206506666667
2024-06-26 11:28:22+08:00,12054.0,424.9699728
2024-06-26 11:28:23+08:00,12055.0,425.3915333333333
2024-06-26 11:28:24+08:00,12056.0,425.7504858666666
2024-06-26 11:28:25+08:00,12057.0,426.0405696
2024-06-26 11:28:26+08:00,12058.0,426.25552373333335
2024-06-26 11:28:27+08:00,12059.0,426.3890874666667
2024-06-26 11:28:28+08:00,12060.0,426.435
2024-06-26 11:28:29+08:00,12061.0,426.4150702814815
2024-06-26 11:28:30+08:00,12062.0,426.35709291851856
2024-06-26 11:28:31+08:00,12063.0,426.2637856
2024-06-26 11:28:32+08:00,12064.0,426.13786601481485
2024-06-26 11:28:33+08:00,12065.0,425.98205185185185
2024-06-26 11:28:34+08:00,12066.0,425.7990608
2024-06-26 11:28:35+08:00,12067.0,425.59161054814814
2024-06-26 11:28:36+08:00,12068.0,425.3624187851852
2024-06-26 11:28:37+08:00,12069.0,425.11420319999996
2024-06-26 11:28:38+08:00,12070.0,424.84968148148147
2024-06-26 11:28:39+08:00,12071.0,424.5715713185185
2024-06-26 11:28:40+08:00,12072.0,424.2825904
2024-06-26 11:28:41+08:00,12073.0,423.9854564148148
2024-06-26 11:28:42+08:00,12074.0,423.6828870518519
2024-06-26 11:28:43+08:00,12075.0,423.37760000000003
2024-06-26 11:28:44+08:00,12076.0,423.0723129481482
2024-06-26 11:28:45+08:00,12077.0,422.76974358518515
2024-06-26 11:28:46+08:00,12078.0,422.4726096
2024-06-26 11:28:47+08:00,12079.0,422.1836286814815
2024-06-26 11:28:48+08:00,12080.0,421.9055185185185
2024-06-26 11:28:49+08:00,12081.0,421.6409968
2024-06-26 11:28:50+08:00,12082.0,421.3927812148148
2024-06-26 11:28:51+08:00,12083.0,421.1635894518518
2024-06-26 11:28:52+08:00,12084.0,420.9561392
2024-06-26 11:28:53+08:00,12085.0,420.77314814814815
2024-06-26 11:28:54+08:00,12086.0,420.6173339851852
2024-06-26 11:28:55+08:00,12087.0,420.4914144
2024-06-26 11:28:56+08:00,12088.0,420.3981070814815
2024-06-26 11:28:57+08:00,12089.0,420.34012971851854
2024-06-26 11:28:58+08:00,12090.0,420.3202
2024-06-26 11:28:59+08:00,12091.0,420.3524317925926
2024-06-26 11:29:00+08:00,12092.0,420.4461970074074
2024-06-26 11:29:01+08:00,12093.0,420.5971004
2024-06-26 11:29:02+08:00,12094.0,420.80074672592593
2024-06-26 11:29:03+08:00,12095.0,421.0527407407408
2024-06-26 11:29:04+08:00,12096.0,421.3486872
2024-06-26 11:29:05+08:00,12097.0,421.6841908592593
2024-06-26 11:29:06+08:00,12098.0,422.0548564740741
2024-06-26 11:29:07+08:00,12099.0,422.45628880000004
2024-06-26 11:29:08+08:00,12100.0,422.8840925925926
2024-06-26 11:29:09+08:00,12101.0,423.3338726074074
2024-06-26 11:29:10+08:00,12102.0,423.8012336
2024-06-26 11:29:11+08:00,12103.0,424.2817803259259
2024-06-26 11:29:12+08:00,12104.0,424.7711175407407
2024-06-26 11:29:13+08:00,12105.0,425.26484999999997
2024-06-26 11:29:14+08:00,12106.0,425.7585824592593
2024-06-26 11:29:15+08:00,12107.0,426.24791967407407
2024-06-26 11:29:16+08:00,12108.0,426.72846639999995
2024-06-26 11:29:17+08:00,12109.0,427.1958273925926
2024-06-26 11:29:18+08:00,12110.0,427.6456074074074
2024-06-26 11:29:19+08:00,12111.0,428.07341119999995
2024-06-26 11:29:20+08:00,12112.0,428.4748435259259
2024-06-26 11:29:21+08:00,12113.0,428.8455091407407
2024-06-26 11:29:22+08:00,12114.0,429.1810128
2024-06-26 11:29:23+08:00,12115.0,429.4769592592593
2024-06-26 11:29:24+08:00,12116.0,429.72895327407406
2024-06-26 11:29:25+08:00,12117.0,429.9325996
2024-06-26 11:29:26+08:00,12118.0,430.08350299259257
2024-06-26 11:29:27+08:00,12119.0,430.17726820740745
2024-06-26 11:29:28+08:00,12120.0,430.2095
2024-06-26 11:29:29+08:00,12121.0,430.2084390321154
2024-06-26 11:29:30+08:00,12122.0,430.20529034625406
2024-06-26 11:29:31+08:00,12123.0,430.2001052691048
2024-06-26 11:29:32+08:00,12124.0,430.19293512735635
2024-06-26 11:29:33+08:00,12125.0,430.1838312476975
2024-06-26 11:29:34+08:00,12126.0,430.172844956817
2024-06-26 11:29:35+08:00,12127.0,430.1600275814037
2024-06-26 11:29:36+08:00,12128.0,430.1454304481463
2024-06-26 11:29:37+08:00,12129.0,430.12910488373353
2024-06-26 11:29:38+08:00,12130.0,430.11110221485427
2024-06-26 11:29:39+08:00,12131.0,430.0914737681972
2024-06-26 11:29:40+08:00,12132.0,430.0702708704511
2024-06-26 11:29:41+08:00,12133.0,430.0475448483048
2024-06-26 11:29:42+08:00,12134.0,430.02334702844706
2024-06-26 11:29:43+08:00,12135.0,429.9977287375666
2024-06-26 11:29:44+08:00,12136.0,429.97074130235217
2024-06-26 11:29:45+08:00,12137.0,429.94243604949264
2024-06-26 11:29:46+08:00,12138.0,429.91286430567675
2024-06-26 11:29:47+08:00,12139.0,429.8820773975932
2024-06-26 11:29:48+08:00,12140.0,429.8501266519308
2024-06-26 11:29:49+08:00,12141.0,429.81706339537834
2024-06-26 11:29:50+08:00,12142.0,429.7829389546245
2024-06-26 11:29:51+08:00,12143.0,429.74780465635826
2024-06-26 11:29:52+08:00,12144.0,429.7117118272682
2024-06-26 11:29:53+08:00,12145.0,429.6747117940431
2024-06-26 11:29:54+08:00,12146.0,429.6368558833719
2024-06-26 11:29:55+08:00,12147.0,429.59819542194316
2024-06-26 11:29:56+08:00,12148.0,429.5587817364457
2024-06-26 11:29:57+08:00,12149.0,429.5186661535684
2024-06-26 11:29:58+08:00,12150.0,429.4779
2024-06-26 11:29:59+08:00,12151.0,429.4267971056908
2024-06-26 11:30:00+08:00,12152.0,429.3566110042949
2024-06-26 11:30:01+08:00,12153.0,429.2688025780568
2024-06-26 11:30:02+08:00,12154.0,429.1648327092207
2024-06-26 11:30:03+08:00,12155.0,429.0461622800309
2024-06-26 11:30:04+08:00,12156.0,428.9142521727317
2024-06-26 11:30:05+08:00,12157.0,428.7705632695676
2024-06-26 11:30:06+08:00,12158.0,428.6165564527828
2024-06-26 11:30:07+08:00,12159.0,428.45369260462166
2024-06-26 11:30:08+08:00,12160.0,428.2834326073284
2024-06-26 11:30:09+08:00,12161.0,428.1072373431475
2024-06-26 11:30:10+08:00,12162.0,427.92656769432324
2024-06-26 11:30:11+08:00,12163.0,427.74288454309993
2024-06-26 11:30:12+08:00,12164.0,427.5576487717218
2024-06-26 11:30:13+08:00,12165.0,427.3723212624334
2024-06-26 11:30:14+08:00,12166.0,427.18836289747884
2024-06-26 11:30:15+08:00,12167.0,427.00723455910247
2024-06-26 11:30:16+08:00,12168.0,426.83039712954877
2024-06-26 11:30:17+08:00,12169.0,426.65931149106206
2024-06-26 11:30:18+08:00,12170.0,426.49543852588647
2024-06-26 11:30:19+08:00,12171.0,426.34023911626633
2024-06-26 11:30:20+08:00,12172.0,426.1951741444463
2024-06-26 11:30:21+08:00,12173.0,426.0617044926703
2024-06-26 11:30:22+08:00,12174.0,425.94129104318296
2024-06-26 11:30:23+08:00,12175.0,425.8353946782284
2024-06-26 11:30:24+08:00,12176.0,425.74547628005104
2024-06-26 11:30:25+08:00,12177.0,425.6729967308952
2024-06-26 11:30:26+08:00,12178.0,425.6194169130052
2024-06-26 11:30:27+08:00,12179.0,425.5861977086253
2024-06-26 11:30:28+08:00,12180.0,425.5748
2024-06-26 11:30:29+08:00,12181.0,425.6020034074074
2024-06-26 11:30:30+08:00,12182.0,425.68114059259256
2024-06-26 11:30:31+08:00,12183.0,425.80850200000003
2024-06-26 11:30:32+08:00,12184.0,425.98037807407405
2024-06-26 11:30:33+08:00,12185.0,426.19305925925926
2024-06-26 11:30:34+08:00,12186.0,426.442836
2024-06-26 11:30:35+08:00,12187.0,426.72599874074075
2024-06-26 11:30:36+08:00,12188.0,427.0388379259259
2024-06-26 11:30:37+08:00,12189.0,427.377644
2024-06-26 11:30:38+08:00,12190.0,427.7387074074074
2024-06-26 11:30:39+08:00,12191.0,428.1183185925926
2024-06-26 11:30:40+08:00,12192.0,428.512768
2024-06-26 11:30:41+08:00,12193.0,428.91834607407407
2024-06-26 11:30:42+08:00,12194.0,429.3313432592592
2024-06-26 11:30:43+08:00,12195.0,429.7480499999999
2024-06-26 11:30:44+08:00,12196.0,430.1647567407407
2024-06-26 11:30:45+08:00,12197.0,430.5777539259259
2024-06-26 11:30:46+08:00,12198.0,430.98333199999996
2024-06-26 11:30:47+08:00,12199.0,431.3777814074074
2024-06-26 11:30:48+08:00,12200.0,431.75739259259257
2024-06-26 11:30:49+08:00,12201.0,432.1184559999999
2024-06-26 11:30:50+08:00,12202.0,432.45726207407404
2024-06-26 11:30:51+08:00,12203.0,432.7701012592592
2024-06-26 11:30:52+08:00,12204.0,433.053264
2024-06-26 11:30:53+08:00,12205.0,433.3030407407407
2024-06-26 11:30:54+08:00,12206.0,433.5157219259259
2024-06-26 11:30:55+08:00,12207.0,433.687598
2024-06-26 11:30:56+08:00,12208.0,433.8149594074074
2024-06-26 11:30:57+08:00,12209.0,433.8940965925926
2024-06-26 11:30:58+08:00,12210.0,433.9213
2024-06-26 11:30:59+08:00,12211.0,433.9142336
2024-06-26 11:31:00+08:00,12212.0,433.8936768
2024-06-26 11:31:01+08:00,12213.0,433.8605932
2024-06-26 11:31:02+08:00,12214.0,433.8159464
2024-06-26 11:31:03+08:00,12215.0,433.7607
2024-06-26 11:31:04+08:00,12216.0,433.69581759999994
2024-06-26 11:31:05+08:00,12217.0,433.62226279999993
2024-06-26 11:31:06+08:00,12218.0,433.54099919999993
2024-06-26 11:31:07+08:00,12219.0,433.4529904
2024-06-26 11:31:08+08:00,12220.0,433.3592
2024-06-26 11:31:09+08:00,12221.0,433.2605916
2024-06-26 11:31:10+08:00,12222.0,433.1581288
2024-06-26 11:31:11+08:00,12223.0,433.0527752
2024-06-26 11:31:12+08:00,12224.0,432.9454944
2024-06-26 11:31:13+08:00,12225.0,432.8372499999999
2024-06-26 11:31:14+08:00,12226.0,432.7290056
2024-06-26 11:31:15+08:00,12227.0,432.6217248
2024-06-26 11:31:16+08:00,12228.0,432.5163712
2024-06-26 11:31:17+08:00,12229.0,432.41390839999997
2024-06-26 11:31:18+08:00,12230.0,432.3153
2024-06-26 11:31:19+08:00,12231.0,432.2215096
2024-06-26 11:31:20+08:00,12232.0,432.1335008
2024-06-26 11:31:21+08:00,12233.0,432.05223720000004
2024-06-26 11:31:22+08:00,12234.0,431.9786824
2024-06-26 11:31:23+08:00,12235.0,431.9138
2024-06-26 11:31:24+08:00,12236.0,431.85855359999994
2024-06-26 11:31:25+08:00,12237.0,431.8139068
2024-06-26 11:31:26+08:00,12238.0,431.7808232
2024-06-26 11:31:27+08:00,12239.0,431.76026640000003
2024-06-26 11:31:28+08:00,12240.0,431.7532
2024-06-26 11:31:29+08:00,12241.0,431.75737868694
2024-06-26 11:31:30+08:00,12242.0,431.76975091354603
2024-06-26 11:31:31+08:00,12243.0,431.7900709284972
2024-06-26 11:31:32+08:00,12244.0,431.81809298047256
2024-06-26 11:31:33+08:00,12245.0,431.85357131815124
2024-06-26 11:31:34+08:00,12246.0,431.8962601902122
2024-06-26 11:31:35+08:00,12247.0,431.94591384533464
2024-06-26 11:31:36+08:00,12248.0,432.0022865321977
2024-06-26 11:31:37+08:00,12249.0,432.0651324994803
2024-06-26 11:31:38+08:00,12250.0,432.13420599586163
2024-06-26 11:31:39+08:00,12251.0,432.20926127002076
2024-06-26 11:31:40+08:00,12252.0,432.2900525706367
2024-06-26 11:31:41+08:00,12253.0,432.37633414638856
2024-06-26 11:31:42+08:00,12254.0,432.4678602459555
2024-06-26 11:31:43+08:00,12255.0,432.5643851180165
2024-06-26 11:31:44+08:00,12256.0,432.6656630112507
2024-06-26 11:31:45+08:00,12257.0,432.7714481743372
2024-06-26 11:31:46+08:00,12258.0,432.881494855955
2024-06-26 11:31:47+08:00,12259.0,432.99555730478323
2024-06-26 11:31:48+08:00,12260.0,433.11338976950105
2024-06-26 11:31:49+08:00,12261.0,433.2347464987874
2024-06-26 11:31:50+08:00,12262.0,433.35938174132144
2024-06-26 11:31:51+08:00,12263.0,433.4870497457822
2024-06-26 11:31:52+08:00,12264.0,433.6175047608489
2024-06-26 11:31:53+08:00,12265.0,433.75050103520044
2024-06-26 11:31:54+08:00,12266.0,433.885792817516
2024-06-26 11:31:55+08:00,12267.0,434.0231343564747
2024-06-26 11:31:56+08:00,12268.0,434.16227990075555
2024-06-26 11:31:57+08:00,12269.0,434.30298369903755
2024-06-26 11:31:58+08:00,12270.0,434.445
2024-06-26 11:31:59+08:00,12271.0,434.6121794120735
2024-06-26 11:32:00+08:00,12272.0,434.82608498813335
2024-06-26 11:32:01+08:00,12273.0,435.0830396435253
2024-06-26 11:32:02+08:00,12274.0,435.37936629359507
2024-06-26 11:32:03+08:00,12275.0,435.7113878536884
2024-06-26 11:32:04+08:00,12276.0,436.0754272391511
2024-06-26 11:32:05+08:00,12277.0,436.46780736532884
2024-06-26 11:32:06+08:00,12278.0,436.8848511475675
2024-06-26 11:32:07+08:00,12279.0,437.3228815012126
2024-06-26 11:32:08+08:00,12280.0,437.7782213416101
2024-06-26 11:32:09+08:00,12281.0,438.2471935841056
2024-06-26 11:32:10+08:00,12282.0,438.72612114404495
2024-06-26 11:32:11+08:00,12283.0,439.2113269367739
2024-06-26 11:32:12+08:00,12284.0,439.6991338776382
2024-06-26 11:32:13+08:00,12285.0,440.1858648819835
2024-06-26 11:32:14+08:00,12286.0,440.6678428651556
2024-06-26 11:32:15+08:00,12287.0,441.14139074250033
2024-06-26 11:32:16+08:00,12288.0,441.60283142936333
2024-06-26 11:32:17+08:00,12289.0,442.04848784109043
2024-06-26 11:32:18+08:00,12290.0,442.47468289302725
2024-06-26 11:32:19+08:00,12291.0,442.8777395005197
2024-06-26 11:32:20+08:00,12292.0,443.25398057891346
2024-06-26 11:32:21+08:00,12293.0,443.5997290435542
2024-06-26 11:32:22+08:00,12294.0,443.9113078097878
2024-06-26 11:32:23+08:00,12295.0,444.1850397929599
2024-06-26 11:32:24+08:00,12296.0,444.41724790841636
2024-06-26 11:32:25+08:00,12297.0,444.6042550715028
2024-06-26 11:32:26+08:00,12298.0,444.74238419756506
2024-06-26 11:32:27+08:00,12299.0,444.8279582019489
2024-06-26 11:32:28+08:00,12300.0,444.8573
2024-06-26 11:32:29+08:00,12301.0,444.85413841811004
2024-06-26 11:32:30+08:00,12302.0,444.8447755151529
2024-06-26 11:32:31+08:00,12303.0,444.8293940551978
2024-06-26 11:32:32+08:00,12304.0,444.8081768023139
2024-06-26 11:32:33+08:00,12305.0,444.7813065205704
2024-06-26 11:32:34+08:00,12306.0,444.7489659740366
2024-06-26 11:32:35+08:00,12307.0,444.7113379267815
2024-06-26 11:32:36+08:00,12308.0,444.66860514287436
2024-06-26 11:32:37+08:00,12309.0,444.6209503863845
2024-06-26 11:32:38+08:00,12310.0,444.5685564213809
2024-06-26 11:32:39+08:00,12311.0,444.5116060119329
2024-06-26 11:32:40+08:00,12312.0,444.45028192210964
2024-06-26 11:32:41+08:00,12313.0,444.3847669159803
2024-06-26 11:32:42+08:00,12314.0,444.3152437576141
2024-06-26 11:32:43+08:00,12315.0,444.24189521108025
2024-06-26 11:32:44+08:00,12316.0,444.1649040404479
2024-06-26 11:32:45+08:00,12317.0,444.0844530097863
2024-06-26 11:32:46+08:00,12318.0,444.0007248831645
2024-06-26 11:32:47+08:00,12319.0,443.9139024246518
2024-06-26 11:32:48+08:00,12320.0,443.82416839831734
2024-06-26 11:32:49+08:00,12321.0,443.73170556823044
2024-06-26 11:32:50+08:00,12322.0,443.63669669846007
2024-06-26 11:32:51+08:00,12323.0,443.53932455307563
2024-06-26 11:32:52+08:00,12324.0,443.43977189614617
2024-06-26 11:32:53+08:00,12325.0,443.33822149174097
2024-06-26 11:32:54+08:00,12326.0,443.2348561039292
2024-06-26 11:32:55+08:00,12327.0,443.12985849678
2024-06-26 11:32:56+08:00,12328.0,443.02341143436263
2024-06-26 11:32:57+08:00,12329.0,442.91569768074623
2024-06-26 11:32:58+08:00,12330.0,442.80690000000004
2024-06-26 11:32:59+08:00,12331.0,442.6856749864996
2024-06-26 11:33:00+08:00,12332.0,442.5414549893298
2024-06-26 11:33:01+08:00,12333.0,442.3755864046241
2024-06-26 11:33:02+08:00,12334.0,442.18941562851563
2024-06-26 11:33:03+08:00,12335.0,441.9842890571378
2024-06-26 11:33:04+08:00,12336.0,441.7615530866238
2024-06-26 11:33:05+08:00,12337.0,441.522554113107
2024-06-26 11:33:06+08:00,12338.0,441.26863853272056
2024-06-26 11:33:07+08:00,12339.0,441.001152741598
2024-06-26 11:33:08+08:00,12340.0,440.72144313587233
2024-06-26 11:33:09+08:00,12341.0,440.43085611167703
2024-06-26 11:33:10+08:00,12342.0,440.1307380651453
2024-06-26 11:33:11+08:00,12343.0,439.8224353924105
2024-06-26 11:33:12+08:00,12344.0,439.50729448960595
2024-06-26 11:33:13+08:00,12345.0,439.18666175286484
2024-06-26 11:33:14+08:00,12346.0,438.8618835783204
2024-06-26 11:33:15+08:00,12347.0,438.53430636210607
2024-06-26 11:33:16+08:00,12348.0,438.205276500355
2024-06-26 11:33:17+08:00,12349.0,437.8761403892006
2024-06-26 11:33:18+08:00,12350.0,437.5482444247762
2024-06-26 11:33:19+08:00,12351.0,437.2229350032149
2024-06-26 11:33:20+08:00,12352.0,436.9015585206501
2024-06-26 11:33:21+08:00,12353.0,436.5854613732151
2024-06-26 11:33:22+08:00,12354.0,436.2759899570431
2024-06-26 11:33:23+08:00,12355.0,435.9744906682675
2024-06-26 11:33:24+08:00,12356.0,435.6823099030216
2024-06-26 11:33:25+08:00,12357.0,435.4007940574386
2024-06-26 11:33:26+08:00,12358.0,435.13128952765175
2024-06-26 11:33:27+08:00,12359.0,434.8751427097945
2024-06-26 11:33:28+08:00,12360.0,434.6337
2024-06-26 11:33:29+08:00,12361.0,434.3953774795028
2024-06-26 11:33:30+08:00,12362.0,434.1484731497879
2024-06-26 11:33:31+08:00,12363.0,433.8941562873636
2024-06-26 11:33:32+08:00,12364.0,433.6335961687385
2024-06-26 11:33:33+08:00,12365.0,433.3679620704213
2024-06-26 11:33:34+08:00,12366.0,433.09842326892027
2024-06-26 11:33:35+08:00,12367.0,432.82614904074416
2024-06-26 11:33:36+08:00,12368.0,432.5523086624014
2024-06-26 11:33:37+08:00,12369.0,432.2780714104006
2024-06-26 11:33:38+08:00,12370.0,432.00460656125034
2024-06-26 11:33:39+08:00,12371.0,431.73308339145905
2024-06-26 11:33:40+08:00,12372.0,431.46467117753537
2024-06-26 11:33:41+08:00,12373.0,431.2005391959877
2024-06-26 11:33:42+08:00,12374.0,430.94185672332475
2024-06-26 11:33:43+08:00,12375.0,430.689793036055
2024-06-26 11:33:44+08:00,12376.0,430.44551741068693
2024-06-26 11:33:45+08:00,12377.0,430.2101991237291
2024-06-26 11:33:46+08:00,12378.0,429.9850074516902
2024-06-26 11:33:47+08:00,12379.0,429.77111167107864
2024-06-26 11:33:48+08:00,12380.0,429.569681058403
2024-06-26 11:33:49+08:00,12381.0,429.38188489017165
2024-06-26 11:33:50+08:00,12382.0,429.20889244289344
2024-06-26 11:33:51+08:00,12383.0,429.0518729930767
2024-06-26 11:33:52+08:00,12384.0,428.91199581723004
2024-06-26 11:33:53+08:00,12385.0,428.7904301918621
2024-06-26 11:33:54+08:00,12386.0,428.68834539348114
2024-06-26 11:33:55+08:00,12387.0,428.6069106985959
2024-06-26 11:33:56+08:00,12388.0,428.547295383715
2024-06-26 11:33:57+08:00,12389.0,428.5106687253469
2024-06-26 11:33:58+08:00,12390.0,428.4982
2024-06-26 11:33:59+08:00,12391.0,428.4987963159063
2024-06-26 11:34:00+08:00,12392.0,428.5005790591325
2024-06-26 11:34:01+08:00,12393.0,428.50353892293924
2024-06-26 11:34:02+08:00,12394.0,428.5076666005874
2024-06-26 11:34:03+08:00,12395.0,428.51295278533763
2024-06-26 11:34:04+08:00,12396.0,428.5193881704508
2024-06-26 11:34:05+08:00,12397.0,428.5269634491875
2024-06-26 11:34:06+08:00,12398.0,428.5356693148087
2024-06-26 11:34:07+08:00,12399.0,428.54549646057495
2024-06-26 11:34:08+08:00,12400.0,428.55643557974713
2024-06-26 11:34:09+08:00,12401.0,428.568477365586
2024-06-26 11:34:10+08:00,12402.0,428.58161251135226
2024-06-26 11:34:11+08:00,12403.0,428.5958317103067
2024-06-26 11:34:12+08:00,12404.0,428.61112565571017
2024-06-26 11:34:13+08:00,12405.0,428.6274850408233
2024-06-26 11:34:14+08:00,12406.0,428.64490055890684
2024-06-26 11:34:15+08:00,12407.0,428.6633629032216
2024-06-26 11:34:16+08:00,12408.0,428.68286276702844
2024-06-26 11:34:17+08:00,12409.0,428.7033908435879
2024-06-26 11:34:18+08:00,12410.0,428.7249378261609
2024-06-26 11:34:19+08:00,12411.0,428.74749440800815
2024-06-26 11:34:20+08:00,12412.0,428.7710512823904
2024-06-26 11:34:21+08:00,12413.0,428.79559914256845
2024-06-26 11:34:22+08:00,12414.0,428.82112868180303
2024-06-26 11:34:23+08:00,12415.0,428.8476305933549
2024-06-26 11:34:24+08:00,12416.0,428.87509557048475
2024-06-26 11:34:25+08:00,12417.0,428.9035143064535
2024-06-26 11:34:26+08:00,12418.0,428.93287749452173
2024-06-26 11:34:27+08:00,12419.0,428.9631758279503
2024-06-26 11:34:28+08:00,12420.0,428.9944
2024-06-26 11:34:29+08:00,12421.0,429.0607120535311
2024-06-26 11:34:30+08:00,12422.0,429.1930842239968
2024-06-26 11:34:31+08:00,12423.0,429.38672249354653
2024-06-26 11:34:32+08:00,12424.0,429.63683284433
2024-06-26 11:34:33+08:00,12425.0,429.938621258497
2024-06-26 11:34:34+08:00,12426.0,430.287293718197
2024-06-26 11:34:35+08:00,12427.0,430.6780562055797
2024-06-26 11:34:36+08:00,12428.0,431.10611470279474
2024-06-26 11:34:37+08:00,12429.0,431.5666751919918
2024-06-26 11:34:38+08:00,12430.0,432.0549436553206
2024-06-26 11:34:39+08:00,12431.0,432.56612607493054
2024-06-26 11:34:40+08:00,12432.0,433.0954284329716
2024-06-26 11:34:41+08:00,12433.0,433.6380567115932
2024-06-26 11:34:42+08:00,12434.0,434.189216892945
2024-06-26 11:34:43+08:00,12435.0,434.7441149591767
2024-06-26 11:34:44+08:00,12436.0,435.29795689243804
2024-06-26 11:34:45+08:00,12437.0,435.84594867487846
2024-06-26 11:34:46+08:00,12438.0,436.3832962886477
2024-06-26 11:34:47+08:00,12439.0,436.90520571589553
2024-06-26 11:34:48+08:00,12440.0,437.40688293877145
2024-06-26 11:34:49+08:00,12441.0,437.88353393942504
2024-06-26 11:34:50+08:00,12442.0,438.3303647000062
2024-06-26 11:34:51+08:00,12443.0,438.7425812026644
2024-06-26 11:34:52+08:00,12444.0,439.11538942954934
2024-06-26 11:34:53+08:00,12445.0,439.4439953628106
2024-06-26 11:34:54+08:00,12446.0,439.7236049845978
2024-06-26 11:34:55+08:00,12447.0,439.94942427706076
2024-06-26 11:34:56+08:00,12448.0,440.11665922234897
2024-06-26 11:34:57+08:00,12449.0,440.2205158026122
2024-06-26 11:34:58+08:00,12450.0,440.25620000000004
2024-06-26 11:34:59+08:00,12451.0,440.2224252740741
2024-06-26 11:35:00+08:00,12452.0,440.12417152592593
2024-06-26 11:35:01+08:00,12453.0,439.96604440000004
2024-06-26 11:35:02+08:00,12454.0,439.7526495407408
2024-06-26 11:35:03+08:00,12455.0,439.4885925925926
2024-06-26 11:35:04+08:00,12456.0,439.1784792000001
2024-06-26 11:35:05+08:00,12457.0,438.8269150074075
2024-06-26 11:35:06+08:00,12458.0,438.4385056592593
2024-06-26 11:35:07+08:00,12459.0,438.0178568
2024-06-26 11:35:08+08:00,12460.0,437.5695740740741
2024-06-26 11:35:09+08:00,12461.0,437.098263125926
2024-06-26 11:35:10+08:00,12462.0,436.6085296
2024-06-26 11:35:11+08:00,12463.0,436.1049791407408
2024-06-26 11:35:12+08:00,12464.0,435.5922173925926
2024-06-26 11:35:13+08:00,12465.0,435.07484999999997
2024-06-26 11:35:14+08:00,12466.0,434.5574826074074
2024-06-26 11:35:15+08:00,12467.0,434.0447208592593
2024-06-26 11:35:16+08:00,12468.0,433.5411704
2024-06-26 11:35:17+08:00,12469.0,433.0514368740741
2024-06-26 11:35:18+08:00,12470.0,432.580125925926
2024-06-26 11:35:19+08:00,12471.0,432.1318432
2024-06-26 11:35:20+08:00,12472.0,431.71119434074075
2024-06-26 11:35:21+08:00,12473.0,431.32278499259263
2024-06-26 11:35:22+08:00,12474.0,430.9712208
2024-06-26 11:35:23+08:00,12475.0,430.6611074074074
2024-06-26 11:35:24+08:00,12476.0,430.3970504592593
2024-06-26 11:35:25+08:00,12477.0,430.1836556
2024-06-26 11:35:26+08:00,12478.0,430.02552847407406
2024-06-26 11:35:27+08:00,12479.0,429.92727472592594
2024-06-26 11:35:28+08:00,12480.0,429.8935
2024-06-26 11:35:29+08:00,12481.0,429.9657913481482
2024-06-26 11:35:30+08:00,12482.0,430.17609345185184
2024-06-26 11:35:31+08:00,12483.0,430.5145484
2024-06-26 11:35:32+08:00,12484.0,430.9712982814815
2024-06-26 11:35:33+08:00,12485.0,431.5364851851852
2024-06-26 11:35:34+08:00,12486.0,432.2002512
2024-06-26 11:35:35+08:00,12487.0,432.9527384148148
2024-06-26 11:35:36+08:00,12488.0,433.78408891851853
2024-06-26 11:35:37+08:00,12489.0,434.6844448
2024-06-26 11:35:38+08:00,12490.0,435.6439481481482
2024-06-26 11:35:39+08:00,12491.0,436.6527410518519
2024-06-26 11:35:40+08:00,12492.0,437.7009656
2024-06-26 11:35:41+08:00,12493.0,438.7787638814815
2024-06-26 11:35:42+08:00,12494.0,439.8762779851852
2024-06-26 11:35:43+08:00,12495.0,440.98365
2024-06-26 11:35:44+08:00,12496.0,442.0910220148148
2024-06-26 11:35:45+08:00,12497.0,443.1885361185185
2024-06-26 11:35:46+08:00,12498.0,444.2663344
2024-06-26 11:35:47+08:00,12499.0,445.31455894814815
2024-06-26 11:35:48+08:00,12500.0,446.3233518518519
2024-06-26 11:35:49+08:00,12501.0,447.2828552
2024-06-26 11:35:50+08:00,12502.0,448.1832110814815
2024-06-26 11:35:51+08:00,12503.0,449.01456158518516
2024-06-26 11:35:52+08:00,12504.0,449.7670488
2024-06-26 11:35:53+08:00,12505.0,450.43081481481477
2024-06-26 11:35:54+08:00,12506.0,450.9960017185185
2024-06-26 11:35:55+08:00,12507.0,451.4527516
2024-06-26 11:35:56+08:00,12508.0,451.7912065481481
2024-06-26 11:35:57+08:00,12509.0,452.00150865185185
2024-06-26 11:35:58+08:00,12510.0,452.0738
2024-06-26 11:35:59+08:00,12511.0,452.0070546874866
2024-06-26 11:36:00+08:00,12512.0,451.8115930612509
2024-06-26 11:36:01+08:00,12513.0,451.49457658824963
2024-06-26 11:36:02+08:00,12514.0,451.06316673543967
2024-06-26 11:36:03+08:00,12515.0,450.5245249697778
2024-06-26 11:36:04+08:00,12516.0,449.8858127582209
2024-06-26 11:36:05+08:00,12517.0,449.1541915677256
2024-06-26 11:36:06+08:00,12518.0,448.33682286524885
2024-06-26 11:36:07+08:00,12519.0,447.44086811774736
2024-06-26 11:36:08+08:00,12520.0,446.473488792178
2024-06-26 11:36:09+08:00,12521.0,445.44184635549743
2024-06-26 11:36:10+08:00,12522.0,444.3531022746626
2024-06-26 11:36:11+08:00,12523.0,443.2144180166303
2024-06-26 11:36:12+08:00,12524.0,442.0329550483572
2024-06-26 11:36:13+08:00,12525.0,440.8158748368003
2024-06-26 11:36:14+08:00,12526.0,439.5703388489162
2024-06-26 11:36:15+08:00,12527.0,438.3035085516618
2024-06-26 11:36:16+08:00,12528.0,437.0225454119939
2024-06-26 11:36:17+08:00,12529.0,435.7346108968693
2024-06-26 11:36:18+08:00,12530.0,434.44686647324477
2024-06-26 11:36:19+08:00,12531.0,433.1664736080771
2024-06-26 11:36:20+08:00,12532.0,431.9005937683232
2024-06-26 11:36:21+08:00,12533.0,430.65638842093966
2024-06-26 11:36:22+08:00,12534.0,429.4410190328835
2024-06-26 11:36:23+08:00,12535.0,428.2616470711113
2024-06-26 11:36:24+08:00,12536.0,427.12543400258016
2024-06-26 11:36:25+08:00,12537.0,426.03954129424653
2024-06-26 11:36:26+08:00,12538.0,425.0111304130675
2024-06-26 11:36:27+08:00,12539.0,424.0473628259997
2024-06-26 11:36:28+08:00,12540.0,423.1554
2024-06-26 11:36:29+08:00,12541.0,422.28278804807434
2024-06-26 11:36:30+08:00,12542.0,421.3753139128584
2024-06-26 11:36:31+08:00,12543.0,420.4375003057534
2024-06-26 11:36:32+08:00,12544.0,419.4738699381606
2024-06-26 11:36:33+08:00,12545.0,418.48894552148124
2024-06-26 11:36:34+08:00,12546.0,417.4872497671165
2024-06-26 11:36:35+08:00,12547.0,416.4733053864677
2024-06-26 11:36:36+08:00,12548.0,415.45163509093607
2024-06-26 11:36:37+08:00,12549.0,414.42676159192285
2024-06-26 11:36:38+08:00,12550.0,413.40320760082926
2024-06-26 11:36:39+08:00,12551.0,412.38549582905654
2024-06-26 11:36:40+08:00,12552.0,411.37814898800605
2024-06-26 11:36:41+08:00,12553.0,410.3856897890789
2024-06-26 11:36:42+08:00,12554.0,409.41264094367637
2024-06-26 11:36:43+08:00,12555.0,408.46352516319973
2024-06-26 11:36:44+08:00,12556.0,407.54286515905017
2024-06-26 11:36:45+08:00,12557.0,406.65518364262897
2024-06-26 11:36:46+08:00,12558.0,405.80500332533734
2024-06-26 11:36:47+08:00,12559.0,404.9968469185766
2024-06-26 11:36:48+08:00,12560.0,404.23523713374794
2024-06-26 11:36:49+08:00,12561.0,403.5246966822526
2024-06-26 11:36:50+08:00,12562.0,402.86974827549193
2024-06-26 11:36:51+08:00,12563.0,402.27491462486694
2024-06-26 11:36:52+08:00,12564.0,401.7447184417791
2024-06-26 11:36:53+08:00,12565.0,401.2836824376296
2024-06-26 11:36:54+08:00,12566.0,400.89632932381954
2024-06-26 11:36:55+08:00,12567.0,400.5871818117504
2024-06-26 11:36:56+08:00,12568.0,400.3607626128232
2024-06-26 11:36:57+08:00,12569.0,400.22159443843935
2024-06-26 11:36:58+08:00,12570.0,400.1742
2024-06-26 11:36:59+08:00,12571.0,400.2253869254539
2024-06-26 11:37:00+08:00,12572.0,400.3750389151629
2024-06-26 11:37:01+08:00,12573.0,400.6172927891481
2024-06-26 11:37:02+08:00,12574.0,400.9462853674305
2024-06-26 11:37:03+08:00,12575.0,401.35615347003113
2024-06-26 11:37:04+08:00,12576.0,401.841033916971
2024-06-26 11:37:05+08:00,12577.0,402.3950635282713
2024-06-26 11:37:06+08:00,12578.0,403.01237912395277
2024-06-26 11:37:07+08:00,12579.0,403.68711752403675
2024-06-26 11:37:08+08:00,12580.0,404.4134155485441
2024-06-26 11:37:09+08:00,12581.0,405.1854100174959
2024-06-26 11:37:10+08:00,12582.0,405.99723775091314
2024-06-26 11:37:11+08:00,12583.0,406.8430355688169
2024-06-26 11:37:12+08:00,12584.0,407.71694029122824
2024-06-26 11:37:13+08:00,12585.0,408.61308873816813
2024-06-26 11:37:14+08:00,12586.0,409.5256177296577
2024-06-26 11:37:15+08:00,12587.0,410.4486640857179
2024-06-26 11:37:16+08:00,12588.0,411.3763646263697
2024-06-26 11:37:17+08:00,12589.0,412.3028561716343
2024-06-26 11:37:18+08:00,12590.0,413.2222755415326
2024-06-26 11:37:19+08:00,12591.0,414.12875955608575
2024-06-26 11:37:20+08:00,12592.0,415.0164450353147
2024-06-26 11:37:21+08:00,12593.0,415.8794687992405
2024-06-26 11:37:22+08:00,12594.0,416.7119676678842
2024-06-26 11:37:23+08:00,12595.0,417.5080784612668
2024-06-26 11:37:24+08:00,12596.0,418.26193799940944
2024-06-26 11:37:25+08:00,12597.0,418.96768310233296
2024-06-26 11:37:26+08:00,12598.0,419.6194505900586
2024-06-26 11:37:27+08:00,12599.0,420.21137728260726
2024-06-26 11:37:28+08:00,12600.0,420.7376
2024-06-26 11:37:29+08:00,12601.0,421.23211208932844
2024-06-26 11:37:30+08:00,12602.0,421.73189021803023
2024-06-26 11:37:31+08:00,12603.0,422.23554618664525
2024-06-26 11:37:32+08:00,12604.0,422.74169179571385
2024-06-26 11:37:33+08:00,12605.0,423.248938845776
2024-06-26 11:37:34+08:00,12606.0,423.7558991373719
2024-06-26 11:37:35+08:00,12607.0,424.26118447104136
2024-06-26 11:37:36+08:00,12608.0,424.7634066473248
2024-06-26 11:37:37+08:00,12609.0,425.26117746676215
2024-06-26 11:37:38+08:00,12610.0,425.7531087298935
2024-06-26 11:37:39+08:00,12611.0,426.2378122372588
2024-06-26 11:37:40+08:00,12612.0,426.7138997893985
2024-06-26 11:37:41+08:00,12613.0,427.17998318685244
2024-06-26 11:37:42+08:00,12614.0,427.63467423016067
2024-06-26 11:37:43+08:00,12615.0,428.0765847198634
2024-06-26 11:37:44+08:00,12616.0,428.5043264565007
2024-06-26 11:37:45+08:00,12617.0,428.9165112406126
2024-06-26 11:37:46+08:00,12618.0,429.31175087273925
2024-06-26 11:37:47+08:00,12619.0,429.6886571534207
2024-06-26 11:37:48+08:00,12620.0,430.045841883197
2024-06-26 11:37:49+08:00,12621.0,430.38191686260836
2024-06-26 11:37:50+08:00,12622.0,430.69549389219486
2024-06-26 11:37:51+08:00,12623.0,430.98518477249644
2024-06-26 11:37:52+08:00,12624.0,431.2496013040533
2024-06-26 11:37:53+08:00,12625.0,431.48735528740553
2024-06-26 11:37:54+08:00,12626.0,431.6970585230932
2024-06-26 11:37:55+08:00,12627.0,431.87732281165637
2024-06-26 11:37:56+08:00,12628.0,432.0267599536352
2024-06-26 11:37:57+08:00,12629.0,432.14398174956966
2024-06-26 11:37:58+08:00,12630.0,432.2276
2024-06-26 11:37:59+08:00,12631.0,432.29315550275425
2024-06-26 11:38:00+08:00,12632.0,432.35708655342415
2024-06-26 11:38:01+08:00,12633.0,432.41935119919555
2024-06-26 11:38:02+08:00,12634.0,432.4799074872541
2024-06-26 11:38:03+08:00,12635.0,432.53871346478553
2024-06-26 11:38:04+08:00,12636.0,432.59572717897566
2024-06-26 11:38:05+08:00,12637.0,432.6509066770101
2024-06-26 11:38:06+08:00,12638.0,432.70421000607456
2024-06-26 11:38:07+08:00,12639.0,432.75559521335487
2024-06-26 11:38:08+08:00,12640.0,432.8050203460366
2024-06-26 11:38:09+08:00,12641.0,432.85244345130565
2024-06-26 11:38:10+08:00,12642.0,432.8978225763476
2024-06-26 11:38:11+08:00,12643.0,432.9411157683482
2024-06-26 11:38:12+08:00,12644.0,432.9822810744933
2024-06-26 11:38:13+08:00,12645.0,433.0212765419684
2024-06-26 11:38:14+08:00,12646.0,433.0580602179594
2024-06-26 11:38:15+08:00,12647.0,433.09259014965187
2024-06-26 11:38:16+08:00,12648.0,433.1248243842317
2024-06-26 11:38:17+08:00,12649.0,433.15472096888453
2024-06-26 11:38:18+08:00,12650.0,433.1822379507961
2024-06-26 11:38:19+08:00,12651.0,433.20733337715205
2024-06-26 11:38:20+08:00,12652.0,433.22996529513824
2024-06-26 11:38:21+08:00,12653.0,433.25009175194026
2024-06-26 11:38:22+08:00,12654.0,433.26767079474394
2024-06-26 11:38:23+08:00,12655.0,433.28266047073487
2024-06-26 11:38:24+08:00,12656.0,433.29501882709894
2024-06-26 11:38:25+08:00,12657.0,433.3047039110217
2024-06-26 11:38:26+08:00,12658.0,433.311673769689
2024-06-26 11:38:27+08:00,12659.0,433.31588645028654
2024-06-26 11:38:28+08:00,12660.0,433.3173
2024-06-26 11:38:29+08:00,12661.0,433.2483093037037
2024-06-26 11:38:30+08:00,12662.0,433.04760909629624
2024-06-26 11:38:31+08:00,12663.0,432.72460720000004
2024-06-26 11:38:32+08:00,12664.0,432.288711437037
2024-06-26 11:38:33+08:00,12665.0,431.74932962962964
2024-06-26 11:38:34+08:00,12666.0,431.11586959999994
2024-06-26 11:38:35+08:00,12667.0,430.39773917037036
2024-06-26 11:38:36+08:00,12668.0,429.60434616296294
2024-06-26 11:38:37+08:00,12669.0,428.74509839999996
2024-06-26 11:38:38+08:00,12670.0,427.8294037037037
2024-06-26 11:38:39+08:00,12671.0,426.8666698962963
2024-06-26 11:38:40+08:00,12672.0,425.8663048
2024-06-26 11:38:41+08:00,12673.0,424.837716237037
2024-06-26 11:38:42+08:00,12674.0,423.7903120296296
2024-06-26 11:38:43+08:00,12675.0,422.7335
2024-06-26 11:38:44+08:00,12676.0,421.6766879703704
2024-06-26 11:38:45+08:00,12677.0,420.6292837629629
2024-06-26 11:38:46+08:00,12678.0,419.60069519999996
2024-06-26 11:38:47+08:00,12679.0,418.6003301037037
2024-06-26 11:38:48+08:00,12680.0,417.6375962962963
2024-06-26 11:38:49+08:00,12681.0,416.72190159999997
2024-06-26 11:38:50+08:00,12682.0,415.86265383703704
2024-06-26 11:38:51+08:00,12683.0,415.0692608296296
2024-06-26 11:38:52+08:00,12684.0,414.3511304
2024-06-26 11:38:53+08:00,12685.0,413.71767037037034
2024-06-26 11:38:54+08:00,12686.0,413.17828856296296
2024-06-26 11:38:55+08:00,12687.0,412.74239279999995
2024-06-26 11:38:56+08:00,12688.0,412.4193909037037
2024-06-26 11:38:57+08:00,12689.0,412.2186906962963
2024-06-26 11:38:58+08:00,12690.0,412.1497
2024-06-26 11:38:59+08:00,12691.0,412.1837837037037
2024-06-26 11:39:00+08:00,12692.0,412.28293629629627
2024-06-26 11:39:01+08:00,12693.0,412.44250999999997
2024-06-26 11:39:02+08:00,12694.0,412.657857037037
2024-06-26 11:39:03+08:00,12695.0,412.92432962962965
2024-06-26 11:39:04+08:00,12696.0,413.23728
2024-06-26 11:39:05+08:00,12697.0,413.59206037037035
2024-06-26 11:39:06+08:00,12698.0,413.98402296296297
2024-06-26 11:39:07+08:00,12699.0,414.40852
2024-06-26 11:39:08+08:00,12700.0,414.8609037037037
2024-06-26 11:39:09+08:00,12701.0,415.3365262962963
2024-06-26 11:39:10+08:00,12702.0,415.83074
2024-06-26 11:39:11+08:00,12703.0,416.33889703703704
2024-06-26 11:39:12+08:00,12704.0,416.8563496296296
2024-06-26 11:39:13+08:00,12705.0,417.37845000000004
2024-06-26 11:39:14+08:00,12706.0,417.90055037037035
2024-06-26 11:39:15+08:00,12707.0,418.418002962963
2024-06-26 11:39:16+08:00,12708.0,418.92616
2024-06-26 11:39:17+08:00,12709.0,419.4203737037037
2024-06-26 11:39:18+08:00,12710.0,419.89599629629635
2024-06-26 11:39:19+08:00,12711.0,420.34838
2024-06-26 11:39:20+08:00,12712.0,420.77287703703706
2024-06-26 11:39:21+08:00,12713.0,421.1648396296297
2024-06-26 11:39:22+08:00,12714.0,421.51962
2024-06-26 11:39:23+08:00,12715.0,421.83257037037043
2024-06-26 11:39:24+08:00,12716.0,422.09904296296304
2024-06-26 11:39:25+08:00,12717.0,422.31439000000006
2024-06-26 11:39:26+08:00,12718.0,422.47396370370376
2024-06-26 11:39:27+08:00,12719.0,422.57311629629635
2024-06-26 11:39:28+08:00,12720.0,422.60720000000003
2024-06-26 11:39:29+08:00,12721.0,422.5988700887621
2024-06-26 11:39:30+08:00,12722.0,422.57434040410794
2024-06-26 11:39:31+08:00,12723.0,422.53430101962704
2024-06-26 11:39:32+08:00,12724.0,422.4794420089088
2024-06-26 11:39:33+08:00,12725.0,422.41045344554277
2024-06-26 11:39:34+08:00,12726.0,422.32802540311826
2024-06-26 11:39:35+08:00,12727.0,422.2328479552249
2024-06-26 11:39:36+08:00,12728.0,422.125611175452
2024-06-26 11:39:37+08:00,12729.0,422.00700513738906
2024-06-26 11:39:38+08:00,12730.0,421.8777199146256
2024-06-26 11:39:39+08:00,12731.0,421.73844558075103
2024-06-26 11:39:40+08:00,12732.0,421.5898722093548
2024-06-26 11:39:41+08:00,12733.0,421.4326898740263
2024-06-26 11:39:42+08:00,12734.0,421.2675886483552
2024-06-26 11:39:43+08:00,12735.0,421.0952586059307
2024-06-26 11:39:44+08:00,12736.0,420.9163898203424
2024-06-26 11:39:45+08:00,12737.0,420.73167236517975
2024-06-26 11:39:46+08:00,12738.0,420.5417963140322
2024-06-26 11:39:47+08:00,12739.0,420.3474517404891
2024-06-26 11:39:48+08:00,12740.0,420.14932871814005
2024-06-26 11:39:49+08:00,12741.0,419.9481173205745
2024-06-26 11:39:50+08:00,12742.0,419.7445076213818
2024-06-26 11:39:51+08:00,12743.0,419.5391896941515
2024-06-26 11:39:52+08:00,12744.0,419.332853612473
2024-06-26 11:39:53+08:00,12745.0,419.1261894499358
2024-06-26 11:39:54+08:00,12746.0,418.91988728012933
2024-06-26 11:39:55+08:00,12747.0,418.71463717664307
2024-06-26 11:39:56+08:00,12748.0,418.51112921306645
2024-06-26 11:39:57+08:00,12749.0,418.31005346298895
2024-06-26 11:39:58+08:00,12750.0,418.1121
2024-06-26 11:39:59+08:00,12751.0,417.90103290738136
2024-06-26 11:40:00+08:00,12752.0,417.6618084165632
2024-06-26 11:40:01+08:00,12753.0,417.3969048233569
2024-06-26 11:40:02+08:00,12754.0,417.1088004235744
2024-06-26 11:40:03+08:00,12755.0,416.79997351302717
2024-06-26 11:40:04+08:00,12756.0,416.4729023875269
2024-06-26 11:40:05+08:00,12757.0,416.13006534288553
2024-06-26 11:40:06+08:00,12758.0,415.77394067491446
2024-06-26 11:40:07+08:00,12759.0,415.40700667942554
2024-06-26 11:40:08+08:00,12760.0,415.03174165223027
2024-06-26 11:40:09+08:00,12761.0,414.65062388914055
2024-06-26 11:40:10+08:00,12762.0,414.2661316859678
2024-06-26 11:40:11+08:00,12763.0,413.8807433385239
2024-06-26 11:40:12+08:00,12764.0,413.4969371426206
2024-06-26 11:40:13+08:00,12765.0,413.1171913940693
2024-06-26 11:40:14+08:00,12766.0,412.74398438868195
2024-06-26 11:40:15+08:00,12767.0,412.37979442227
2024-06-26 11:40:16+08:00,12768.0,412.0270997906452
2024-06-26 11:40:17+08:00,12769.0,411.6883787896194
2024-06-26 11:40:18+08:00,12770.0,411.36610971500403
2024-06-26 11:40:19+08:00,12771.0,411.062770862611
2024-06-26 11:40:20+08:00,12772.0,410.78084052825176
2024-06-26 11:40:21+08:00,12773.0,410.52279700773806
2024-06-26 11:40:22+08:00,12774.0,410.29111859688174
2024-06-26 11:40:23+08:00,12775.0,410.0882835914943
2024-06-26 11:40:24+08:00,12776.0,409.9167702873875
2024-06-26 11:40:25+08:00,12777.0,409.779056980373
2024-06-26 11:40:26+08:00,12778.0,409.67762196626245
2024-06-26 11:40:27+08:00,12779.0,409.6149435408676
2024-06-26 11:40:28+08:00,12780.0,409.5935
2024-06-26 11:40:29+08:00,12781.0,409.59374382121115
2024-06-26 11:40:30+08:00,12782.0,409.59447313326
2024-06-26 11:40:31+08:00,12783.0,409.5956847087695
2024-06-26 11:40:32+08:00,12784.0,409.59737532036263
2024-06-26 11:40:33+08:00,12785.0,409.59954174066235
2024-06-26 11:40:34+08:00,12786.0,409.60218074229164
2024-06-26 11:40:35+08:00,12787.0,409.6052890978734
2024-06-26 11:40:36+08:00,12788.0,409.6088635800308
2024-06-26 11:40:37+08:00,12789.0,409.6129009613866
2024-06-26 11:40:38+08:00,12790.0,409.6173980145639
2024-06-26 11:40:39+08:00,12791.0,409.6223515121856
2024-06-26 11:40:40+08:00,12792.0,409.62775822687485
2024-06-26 11:40:41+08:00,12793.0,409.6336149312544
2024-06-26 11:40:42+08:00,12794.0,409.6399183979473
2024-06-26 11:40:43+08:00,12795.0,409.6466653995766
2024-06-26 11:40:44+08:00,12796.0,409.65385270876516
2024-06-26 11:40:45+08:00,12797.0,409.66147709813606
2024-06-26 11:40:46+08:00,12798.0,409.6695353403122
2024-06-26 11:40:47+08:00,12799.0,409.6780242079166
2024-06-26 11:40:48+08:00,12800.0,409.68694047357224
2024-06-26 11:40:49+08:00,12801.0,409.6962809099021
2024-06-26 11:40:50+08:00,12802.0,409.7060422895291
2024-06-26 11:40:51+08:00,12803.0,409.7162213850762
2024-06-26 11:40:52+08:00,12804.0,409.7268149691664
2024-06-26 11:40:53+08:00,12805.0,409.7378198144227
2024-06-26 11:40:54+08:00,12806.0,409.7492326934682
2024-06-26 11:40:55+08:00,12807.0,409.76105037892563
2024-06-26 11:40:56+08:00,12808.0,409.77326964341813
2024-06-26 11:40:57+08:00,12809.0,409.7858872595686
2024-06-26 11:40:58+08:00,12810.0,409.7989
2024-06-26 11:40:59+08:00,12811.0,409.81971750986577
2024-06-26 11:41:00+08:00,12812.0,409.8555003626731
2024-06-26 11:41:01+08:00,12813.0,409.905871723576
2024-06-26 11:41:02+08:00,12814.0,409.970454757728
2024-06-26 11:41:03+08:00,12815.0,410.04887263028303
2024-06-26 11:41:04+08:00,12816.0,410.14074850639486
2024-06-26 11:41:05+08:00,12817.0,410.24570555121727
2024-06-26 11:41:06+08:00,12818.0,410.3633669299042
2024-06-26 11:41:07+08:00,12819.0,410.4933558076093
2024-06-26 11:41:08+08:00,12820.0,410.63529534948634
2024-06-26 11:41:09+08:00,12821.0,410.7888087206892
2024-06-26 11:41:10+08:00,12822.0,410.95351908637167
2024-06-26 11:41:11+08:00,12823.0,411.12904961168755
2024-06-26 11:41:12+08:00,12824.0,411.31502346179064
2024-06-26 11:41:13+08:00,12825.0,411.5110638018347
2024-06-26 11:41:14+08:00,12826.0,411.7167937969736
2024-06-26 11:41:15+08:00,12827.0,411.9318366123611
2024-06-26 11:41:16+08:00,12828.0,412.15581541315106
2024-06-26 11:41:17+08:00,12829.0,412.38835336449716
2024-06-26 11:41:18+08:00,12830.0,412.62907363155324
2024-06-26 11:41:19+08:00,12831.0,412.8775993794731
2024-06-26 11:41:20+08:00,12832.0,413.13355377341065
2024-06-26 11:41:21+08:00,12833.0,413.3965599785196
2024-06-26 11:41:22+08:00,12834.0,413.66624115995364
2024-06-26 11:41:23+08:00,12835.0,413.9422204828667
2024-06-26 11:41:24+08:00,12836.0,414.22412111241255
2024-06-26 11:41:25+08:00,12837.0,414.5115662137451
2024-06-26 11:41:26+08:00,12838.0,414.80417895201793
2024-06-26 11:41:27+08:00,12839.0,415.10158249238503
2024-06-26 11:41:28+08:00,12840.0,415.40340000000003
2024-06-26 11:41:29+08:00,12841.0,415.7669810938113
2024-06-26 11:41:30+08:00,12842.0,416.24404050731476
2024-06-26 11:41:31+08:00,12843.0,416.82574907748545
2024-06-26 11:41:32+08:00,12844.0,417.50327764129895
2024-06-26 11:41:33+08:00,12845.0,418.26779703573027
2024-06-26 11:41:34+08:00,12846.0,419.1104780977548
2024-06-26 11:41:35+08:00,12847.0,420.02249166434785
2024-06-26 11:41:36+08:00,12848.0,420.9950085724846
2024-06-26 11:41:37+08:00,12849.0,422.0191996591403
2024-06-26 11:41:38+08:00,12850.0,423.0862357612903
2024-06-26 11:41:39+08:00,12851.0,424.18728771590986
2024-06-26 11:41:40+08:00,12852.0,425.3135263599742
2024-06-26 11:41:41+08:00,12853.0,426.45612253045863
2024-06-26 11:41:42+08:00,12854.0,427.60624706433833
2024-06-26 11:41:43+08:00,12855.0,428.7550707985887
2024-06-26 11:41:44+08:00,12856.0,429.89376457018494
2024-06-26 11:41:45+08:00,12857.0,431.0134992161023
2024-06-26 11:41:46+08:00,12858.0,432.1054455733161
2024-06-26 11:41:47+08:00,12859.0,433.16077447880156
2024-06-26 11:41:48+08:00,12860.0,434.17065676953405
2024-06-26 11:41:49+08:00,12861.0,435.12626328248865
2024-06-26 11:41:50+08:00,12862.0,436.01876485464084
2024-06-26 11:41:51+08:00,12863.0,436.83933232296573
2024-06-26 11:41:52+08:00,12864.0,437.5791365244387
2024-06-26 11:41:53+08:00,12865.0,438.2293482960349
2024-06-26 11:41:54+08:00,12866.0,438.78113847472974
2024-06-26 11:41:55+08:00,12867.0,439.2256778974984
2024-06-26 11:41:56+08:00,12868.0,439.5541374013161
2024-06-26 11:41:57+08:00,12869.0,439.7576878231583
2024-06-26 11:41:58+08:00,12870.0,439.8275
2024-06-26 11:41:59+08:00,12871.0,439.8215653407292
2024-06-26 11:42:00+08:00,12872.0,439.8039832163028
2024-06-26 11:42:01+08:00,12873.0,439.77508640679997
2024-06-26 11:42:02+08:00,12874.0,439.7352076922996
2024-06-26 11:42:03+08:00,12875.0,439.6846798528806
2024-06-26 11:42:04+08:00,12876.0,439.6238356686221
2024-06-26 11:42:05+08:00,12877.0,439.5530079196032
2024-06-26 11:42:06+08:00,12878.0,439.47252938590276
2024-06-26 11:42:07+08:00,12879.0,439.3827328475999
2024-06-26 11:42:08+08:00,12880.0,439.28395108477355
2024-06-26 11:42:09+08:00,12881.0,439.1765168775027
2024-06-26 11:42:10+08:00,12882.0,439.06076300586653
2024-06-26 11:42:11+08:00,12883.0,438.9370222499438
2024-06-26 11:42:12+08:00,12884.0,438.8056273898138
2024-06-26 11:42:13+08:00,12885.0,438.6669112055554
2024-06-26 11:42:14+08:00,12886.0,438.5212064772475
2024-06-26 11:42:15+08:00,12887.0,438.3688459849693
2024-06-26 11:42:16+08:00,12888.0,438.2101625087997
2024-06-26 11:42:17+08:00,12889.0,438.0454888288179
2024-06-26 11:42:18+08:00,12890.0,437.87515772510267
2024-06-26 11:42:19+08:00,12891.0,437.69950197773306
2024-06-26 11:42:20+08:00,12892.0,437.5188543667883
2024-06-26 11:42:21+08:00,12893.0,437.3335476723471
2024-06-26 11:42:22+08:00,12894.0,437.1439146744887
2024-06-26 11:42:23+08:00,12895.0,436.950288153292
2024-06-26 11:42:24+08:00,12896.0,436.753000888836
2024-06-26 11:42:25+08:00,12897.0,436.5523856611998
2024-06-26 11:42:26+08:00,12898.0,436.34877525046244
2024-06-26 11:42:27+08:00,12899.0,436.14250243670284
2024-06-26 11:42:28+08:00,12900.0,435.9339
2024-06-26 11:42:29+08:00,12901.0,435.70121660572437
2024-06-26 11:42:30+08:00,12902.0,435.4241128674175
2024-06-26 11:42:31+08:00,12903.0,435.1050394874145
2024-06-26 11:42:32+08:00,12904.0,434.74644716805113
2024-06-26 11:42:33+08:00,12905.0,434.3507866116628
2024-06-26 11:42:34+08:00,12906.0,433.92050852058475
2024-06-26 11:42:35+08:00,12907.0,433.45806359715266
2024-06-26 11:42:36+08:00,12908.0,432.9659025437018
2024-06-26 11:42:37+08:00,12909.0,432.44647606256774
2024-06-26 11:42:38+08:00,12910.0,431.9022348560859
2024-06-26 11:42:39+08:00,12911.0,431.3356296265917
2024-06-26 11:42:40+08:00,12912.0,430.7491110764206
2024-06-26 11:42:41+08:00,12913.0,430.14512990790803
2024-06-26 11:42:42+08:00,12914.0,429.52613682338944
2024-06-26 11:42:43+08:00,12915.0,428.8945825252003
2024-06-26 11:42:44+08:00,12916.0,428.25291771567606
2024-06-26 11:42:45+08:00,12917.0,427.60359309715216
2024-06-26 11:42:46+08:00,12918.0,426.949059371964
2024-06-26 11:42:47+08:00,12919.0,426.2917672424471
2024-06-26 11:42:48+08:00,12920.0,425.63416741093687
2024-06-26 11:42:49+08:00,12921.0,424.9787105797688
2024-06-26 11:42:50+08:00,12922.0,424.3278474512782
2024-06-26 11:42:51+08:00,12923.0,423.6840287278007
2024-06-26 11:42:52+08:00,12924.0,423.04970511167164
2024-06-26 11:42:53+08:00,12925.0,422.42732730522647
2024-06-26 11:42:54+08:00,12926.0,421.8193460108007
2024-06-26 11:42:55+08:00,12927.0,421.2282119307297
2024-06-26 11:42:56+08:00,12928.0,420.6563757673489
2024-06-26 11:42:57+08:00,12929.0,420.1062882229939
2024-06-26 11:42:58+08:00,12930.0,419.5804
2024-06-26 11:42:59+08:00,12931.0,419.0536922733139
2024-06-26 11:43:00+08:00,12932.0,418.50153837931117
2024-06-26 11:43:01+08:00,12933.0,417.92697726247036
2024-06-26 11:43:02+08:00,12934.0,417.3330478672701
2024-06-26 11:43:03+08:00,12935.0,416.7227891381892
2024-06-26 11:43:04+08:00,12936.0,416.09924001970614
2024-06-26 11:43:05+08:00,12937.0,415.46543945629975
2024-06-26 11:43:06+08:00,12938.0,414.82442639244863
2024-06-26 11:43:07+08:00,12939.0,414.1792397726313
2024-06-26 11:43:08+08:00,12940.0,413.53291854132664
2024-06-26 11:43:09+08:00,12941.0,412.88850164301306
2024-06-26 11:43:10+08:00,12942.0,412.24902802216945
2024-06-26 11:43:11+08:00,12943.0,411.6175366232743
2024-06-26 11:43:12+08:00,12944.0,410.9970663908064
2024-06-26 11:43:13+08:00,12945.0,410.39065626924435
2024-06-26 11:43:14+08:00,12946.0,409.8013452030667
2024-06-26 11:43:15+08:00,12947.0,409.23217213675224
2024-06-26 11:43:16+08:00,12948.0,408.6861760147796
2024-06-26 11:43:17+08:00,12949.0,408.16639578162744
2024-06-26 11:43:18+08:00,12950.0,407.6758703817744
2024-06-26 11:43:19+08:00,12951.0,407.21763875969907
2024-06-26 11:43:20+08:00,12952.0,406.7947398598803
2024-06-26 11:43:21+08:00,12953.0,406.4102126267965
2024-06-26 11:43:22+08:00,12954.0,406.06709600492644
2024-06-26 11:43:23+08:00,12955.0,405.7684289387489
2024-06-26 11:43:24+08:00,12956.0,405.51725037274235
2024-06-26 11:43:25+08:00,12957.0,405.3165992513856
2024-06-26 11:43:26+08:00,12958.0,405.1695145191571
2024-06-26 11:43:27+08:00,12959.0,405.0790351205357
2024-06-26 11:43:28+08:00,12960.0,405.04819999999995
2024-06-26 11:43:29+08:00,12961.0,405.1056254210063
2024-06-26 11:43:30+08:00,12962.0,405.2729902389824
2024-06-26 11:43:31+08:00,12963.0,405.54292728636364
2024-06-26 11:43:32+08:00,12964.0,405.9080693955856
2024-06-26 11:43:33+08:00,12965.0,406.3610493990836
2024-06-26 11:43:34+08:00,12966.0,406.8945001292932
2024-06-26 11:43:35+08:00,12967.0,407.5010544186498
2024-06-26 11:43:36+08:00,12968.0,408.1733450995889
2024-06-26 11:43:37+08:00,12969.0,408.904005004546
2024-06-26 11:43:38+08:00,12970.0,409.6856669659565
2024-06-26 11:43:39+08:00,12971.0,410.51096381625587
2024-06-26 11:43:40+08:00,12972.0,411.3725283878796
2024-06-26 11:43:41+08:00,12973.0,412.26299351326315
2024-06-26 11:43:42+08:00,12974.0,413.17499202484197
2024-06-26 11:43:43+08:00,12975.0,414.10115675505153
2024-06-26 11:43:44+08:00,12976.0,415.03412053632735
2024-06-26 11:43:45+08:00,12977.0,415.9665162011048
2024-06-26 11:43:46+08:00,12978.0,416.8909765818194
2024-06-26 11:43:47+08:00,12979.0,417.8001345109066
2024-06-26 11:43:48+08:00,12980.0,418.68662282080186
2024-06-26 11:43:49+08:00,12981.0,419.54307434394065
2024-06-26 11:43:50+08:00,12982.0,420.3621219127584
2024-06-26 11:43:51+08:00,12983.0,421.13639835969065
2024-06-26 11:43:52+08:00,12984.0,421.8585365171728
2024-06-26 11:43:53+08:00,12985.0,422.52116921764036
2024-06-26 11:43:54+08:00,12986.0,423.11692929352876
2024-06-26 11:43:55+08:00,12987.0,423.63844957727343
2024-06-26 11:43:56+08:00,12988.0,424.0783629013099
2024-06-26 11:43:57+08:00,12989.0,424.4293020980736
2024-06-26 11:43:58+08:00,12990.0,424.6839
2024-06-26 11:43:59+08:00,12991.0,424.88631259822273
2024-06-26 11:44:00+08:00,12992.0,425.0854400023938
2024-06-26 11:44:01+08:00,12993.0,425.28103122272654
2024-06-26 11:44:02+08:00,12994.0,425.4728352694342
2024-06-26 11:44:03+08:00,12995.0,425.66060115273
2024-06-26 11:44:04+08:00,12996.0,425.8440778828272
2024-06-26 11:44:05+08:00,12997.0,426.02301446993897
2024-06-26 11:44:06+08:00,12998.0,426.1971599242786
2024-06-26 11:44:07+08:00,12999.0,426.36626325605937
2024-06-26 11:44:08+08:00,13000.0,426.53007347549436
2024-06-26 11:44:09+08:00,13001.0,426.6883395927971
2024-06-26 11:44:10+08:00,13002.0,426.8408106181805
2024-06-26 11:44:11+08:00,13003.0,426.98723556185814
2024-06-26 11:44:12+08:00,13004.0,427.12736343404293
2024-06-26 11:44:13+08:00,13005.0,427.2609432449484
2024-06-26 11:44:14+08:00,13006.0,427.3877240047877
2024-06-26 11:44:15+08:00,13007.0,427.5074547237739
2024-06-26 11:44:16+08:00,13008.0,427.61988441212037
2024-06-26 11:44:17+08:00,13009.0,427.7247620800404
2024-06-26 11:44:18+08:00,13010.0,427.8218367377472
2024-06-26 11:44:19+08:00,13011.0,427.910857395454
2024-06-26 11:44:20+08:00,13012.0,427.99157306337406
2024-06-26 11:44:21+08:00,13013.0,428.0637327517205
2024-06-26 11:44:22+08:00,13014.0,428.1270854707068
2024-06-26 11:44:23+08:00,13015.0,428.181380230546
2024-06-26 11:44:24+08:00,13016.0,428.2263660414514
2024-06-26 11:44:25+08:00,13017.0,428.2617919136363
2024-06-26 11:44:26+08:00,13018.0,428.28740685731384
2024-06-26 11:44:27+08:00,13019.0,428.30295988269734
2024-06-26 11:44:28+08:00,13020.0,428.3082
2024-06-26 11:44:29+08:00,13021.0,428.30719595996845
2024-06-26 11:44:30+08:00,13022.0,428.30418505612346
2024-06-26 11:44:31+08:00,13023.0,428.2991691128393
2024-06-26 11:44:32+08:00,13024.0,428.29214995449024
2024-06-26 11:44:33+08:00,13025.0,428.2831294054508
2024-06-26 11:44:34+08:00,13026.0,428.27210929009516
2024-06-26 11:44:35+08:00,13027.0,428.2590914327978
2024-06-26 11:44:36+08:00,13028.0,428.2440776579329
2024-06-26 11:44:37+08:00,13029.0,428.2270697898749
2024-06-26 11:44:38+08:00,13030.0,428.2080696529981
2024-06-26 11:44:39+08:00,13031.0,428.18707907167686
2024-06-26 11:44:40+08:00,13032.0,428.16409987028555
2024-06-26 11:44:41+08:00,13033.0,428.1391338731985
2024-06-26 11:44:42+08:00,13034.0,428.11218290478996
2024-06-26 11:44:43+08:00,13035.0,428.0832487894343
2024-06-26 11:44:44+08:00,13036.0,428.052333351506
2024-06-26 11:44:45+08:00,13037.0,428.01943841537917
2024-06-26 11:44:46+08:00,13038.0,427.9845658054283
2024-06-26 11:44:47+08:00,13039.0,427.9477173460278
2024-06-26 11:44:48+08:00,13040.0,427.90889486155174
2024-06-26 11:44:49+08:00,13041.0,427.8681001763748
2024-06-26 11:44:50+08:00,13042.0,427.825335114871
2024-06-26 11:44:51+08:00,13043.0,427.7806015014149
2024-06-26 11:44:52+08:00,13044.0,427.73390116038075
2024-06-26 11:44:53+08:00,13045.0,427.6852359161429
2024-06-26 11:44:54+08:00,13046.0,427.63460759307566
2024-06-26 11:44:55+08:00,13047.0,427.58201801555344
2024-06-26 11:44:56+08:00,13048.0,427.5274690079506
2024-06-26 11:44:57+08:00,13049.0,427.4709623946413
2024-06-26 11:44:58+08:00,13050.0,427.4125
2024-06-26 11:44:59+08:00,13051.0,426.78613091861956
2024-06-26 11:45:00+08:00,13052.0,425.0745572057158
2024-06-26 11:45:01+08:00,13053.0,422.35076012659755
2024-06-26 11:45:02+08:00,13054.0,418.6877209465738
2024-06-26 11:45:03+08:00,13055.0,414.15842093095335
2024-06-26 11:45:04+08:00,13056.0,408.83584134504497
2024-06-26 11:45:05+08:00,13057.0,402.7929634541578
2024-06-26 11:45:06+08:00,13058.0,396.10276852360056
2024-06-26 11:45:07+08:00,13059.0,388.8382378186822
2024-06-26 11:45:08+08:00,13060.0,381.07235260471145
2024-06-26 11:45:09+08:00,13061.0,372.87809414699746
2024-06-26 11:45:10+08:00,13062.0,364.32844371084883
2024-06-26 11:45:11+08:00,13063.0,355.49638256157465
2024-06-26 11:45:12+08:00,13064.0,346.4548919644837
2024-06-26 11:45:13+08:00,13065.0,337.2769531848849
2024-06-26 11:45:14+08:00,13066.0,328.03554748808716
2024-06-26 11:45:15+08:00,13067.0,318.8036561393993
2024-06-26 11:45:16+08:00,13068.0,309.6542604041302
2024-06-26 11:45:17+08:00,13069.0,300.6603415475888
2024-06-26 11:45:18+08:00,13070.0,291.89488083508394
2024-06-26 11:45:19+08:00,13071.0,283.4308595319245
2024-06-26 11:45:20+08:00,13072.0,275.3412589034194
2024-06-26 11:45:21+08:00,13073.0,267.6990602148775
2024-06-26 11:45:22+08:00,13074.0,260.57724473160766
2024-06-26 11:45:23+08:00,13075.0,254.04879371891883
2024-06-26 11:45:24+08:00,13076.0,248.1866884421198
2024-06-26 11:45:25+08:00,13077.0,243.06391016651958
2024-06-26 11:45:26+08:00,13078.0,238.7534401574269
2024-06-26 11:45:27+08:00,13079.0,235.32825968015078
2024-06-26 11:45:28+08:00,13080.0,232.86135
2024-06-26 11:45:29+08:00,13081.0,230.91350335839923
2024-06-26 11:45:30+08:00,13082.0,228.99841450793107
2024-06-26 11:45:31+08:00,13083.0,227.1184184806411
2024-06-26 11:45:32+08:00,13084.0,225.27585030857503
2024-06-26 11:45:33+08:00,13085.0,223.4730450237785
2024-06-26 11:45:34+08:00,13086.0,221.7123376582971
2024-06-26 11:45:35+08:00,13087.0,219.99606324417655
2024-06-26 11:45:36+08:00,13088.0,218.3265568134625
2024-06-26 11:45:37+08:00,13089.0,216.70615339820057
2024-06-26 11:45:38+08:00,13090.0,215.13718803043648
2024-06-26 11:45:39+08:00,13091.0,213.62199574221577
2024-06-26 11:45:40+08:00,13092.0,212.1629115655842
2024-06-26 11:45:41+08:00,13093.0,210.76227053258745
2024-06-26 11:45:42+08:00,13094.0,209.42240767527105
2024-06-26 11:45:43+08:00,13095.0,208.14565802568075
2024-06-26 11:45:44+08:00,13096.0,206.93435661586219
2024-06-26 11:45:45+08:00,13097.0,205.79083847786097
2024-06-26 11:45:46+08:00,13098.0,204.71743864372283
2024-06-26 11:45:47+08:00,13099.0,203.71649214549333
2024-06-26 11:45:48+08:00,13100.0,202.7903340152182
2024-06-26 11:45:49+08:00,13101.0,201.9412992849431
2024-06-26 11:45:50+08:00,13102.0,201.17172298671363
2024-06-26 11:45:51+08:00,13103.0,200.4839401525755
2024-06-26 11:45:52+08:00,13104.0,199.88028581457428
2024-06-26 11:45:53+08:00,13105.0,199.3630950047557
2024-06-26 11:45:54+08:00,13106.0,198.93470275516538
2024-06-26 11:45:55+08:00,13107.0,198.59744409784903
2024-06-26 11:45:56+08:00,13108.0,198.3536540648522
2024-06-26 11:45:57+08:00,13109.0,198.20566768822067
2024-06-26 11:45:58+08:00,13110.0,198.15582
2024-06-26 11:45:59+08:00,13111.0,198.44434032
2024-06-26 11:46:00+08:00,13112.0,199.28367216
2024-06-26 11:46:01+08:00,13113.0,200.63447184
2024-06-26 11:46:02+08:00,13114.0,202.45739568000002
2024-06-26 11:46:03+08:00,13115.0,204.7131
2024-06-26 11:46:04+08:00,13116.0,207.36224112
2024-06-26 11:46:05+08:00,13117.0,210.36547536
2024-06-26 11:46:06+08:00,13118.0,213.68345904
2024-06-26 11:46:07+08:00,13119.0,217.27684848
2024-06-26 11:46:08+08:00,13120.0,221.1063
2024-06-26 11:46:09+08:00,13121.0,225.13246992
2024-06-26 11:46:10+08:00,13122.0,229.31601456
2024-06-26 11:46:11+08:00,13123.0,233.61759024
2024-06-26 11:46:12+08:00,13124.0,237.99785328
2024-06-26 11:46:13+08:00,13125.0,242.41745999999998
2024-06-26 11:46:14+08:00,13126.0,246.83706672
2024-06-26 11:46:15+08:00,13127.0,251.21732976000004
2024-06-26 11:46:16+08:00,13128.0,255.51890544000003
2024-06-26 11:46:17+08:00,13129.0,259.70245008
2024-06-26 11:46:18+08:00,13130.0,263.72862000000003
2024-06-26 11:46:19+08:00,13131.0,267.55807152
2024-06-26 11:46:20+08:00,13132.0,271.15146096
2024-06-26 11:46:21+08:00,13133.0,274.46944464
2024-06-26 11:46:22+08:00,13134.0,277.47267888
2024-06-26 11:46:23+08:00,13135.0,280.12182
2024-06-26 11:46:24+08:00,13136.0,282.37752432
2024-06-26 11:46:25+08:00,13137.0,284.20044816
2024-06-26 11:46:26+08:00,13138.0,285.55124784
2024-06-26 11:46:27+08:00,13139.0,286.39057968
2024-06-26 11:46:28+08:00,13140.0,286.6791
2024-06-26 11:46:29+08:00,13141.0,286.6528378014815
2024-06-26 11:46:30+08:00,13142.0,286.57643867851857
2024-06-26 11:46:31+08:00,13143.0,286.45348384000005
2024-06-26 11:46:32+08:00,13144.0,286.2875544948148
2024-06-26 11:46:33+08:00,13145.0,286.0822318518519
2024-06-26 11:46:34+08:00,13146.0,285.84109712000003
2024-06-26 11:46:35+08:00,13147.0,285.56773150814814
2024-06-26 11:46:36+08:00,13148.0,285.2657162251852
2024-06-26 11:46:37+08:00,13149.0,284.93863248
2024-06-26 11:46:38+08:00,13150.0,284.5900614814815
2024-06-26 11:46:39+08:00,13151.0,284.2235844385185
2024-06-26 11:46:40+08:00,13152.0,283.84278256
2024-06-26 11:46:41+08:00,13153.0,283.45123705481484
2024-06-26 11:46:42+08:00,13154.0,283.0525291318519
2024-06-26 11:46:43+08:00,13155.0,282.65024
2024-06-26 11:46:44+08:00,13156.0,282.2479508681481
2024-06-26 11:46:45+08:00,13157.0,281.84924294518515
2024-06-26 11:46:46+08:00,13158.0,281.45769744
2024-06-26 11:46:47+08:00,13159.0,281.0768955614815
2024-06-26 11:46:48+08:00,13160.0,280.7104185185185
2024-06-26 11:46:49+08:00,13161.0,280.36184751999997
2024-06-26 11:46:50+08:00,13162.0,280.0347637748148
2024-06-26 11:46:51+08:00,13163.0,279.7327484918518
2024-06-26 11:46:52+08:00,13164.0,279.45938287999996
2024-06-26 11:46:53+08:00,13165.0,279.2182481481482
2024-06-26 11:46:54+08:00,13166.0,279.0129255051852
2024-06-26 11:46:55+08:00,13167.0,278.84699616
2024-06-26 11:46:56+08:00,13168.0,278.7240413214814
2024-06-26 11:46:57+08:00,13169.0,278.6476421985185
2024-06-26 11:46:58+08:00,13170.0,278.62138
2024-06-26 11:46:59+08:00,13171.0,278.7473119400049
2024-06-26 11:47:00+08:00,13172.0,279.1182624840037
2024-06-26 11:47:01+08:00,13173.0,279.72396371797237
2024-06-26 11:47:02+08:00,13174.0,280.5541477278869
2024-06-26 11:47:03+08:00,13175.0,281.5985465997232
2024-06-26 11:47:04+08:00,13176.0,282.8468924194574
2024-06-26 11:47:05+08:00,13177.0,284.2889172730654
2024-06-26 11:47:06+08:00,13178.0,285.91435324652315
2024-06-26 11:47:07+08:00,13179.0,287.7129324258068
2024-06-26 11:47:08+08:00,13180.0,289.67438689689214
2024-06-26 11:47:09+08:00,13181.0,291.78844874575526
2024-06-26 11:47:10+08:00,13182.0,294.0448500583722
2024-06-26 11:47:11+08:00,13183.0,296.43332292071887
2024-06-26 11:47:12+08:00,13184.0,298.9435994187713
2024-06-26 11:47:13+08:00,13185.0,301.5654116385055
2024-06-26 11:47:14+08:00,13186.0,304.28849166589737
2024-06-26 11:47:15+08:00,13187.0,307.10257158692303
2024-06-26 11:47:16+08:00,13188.0,309.9973834875583
2024-06-26 11:47:17+08:00,13189.0,312.96265945377934
2024-06-26 11:47:18+08:00,13190.0,315.98813157156206
2024-06-26 11:47:19+08:00,13191.0,319.06353192688243
2024-06-26 11:47:20+08:00,13192.0,322.1785926057165
2024-06-26 11:47:21+08:00,13193.0,325.3230456940403
2024-06-26 11:47:22+08:00,13194.0,328.48662327782966
2024-06-26 11:47:23+08:00,13195.0,331.65905744306065
2024-06-26 11:47:24+08:00,13196.0,334.8300802757093
2024-06-26 11:47:25+08:00,13197.0,337.98942386175156
2024-06-26 11:47:26+08:00,13198.0,341.12682028716347
2024-06-26 11:47:27+08:00,13199.0,344.2320016379209
2024-06-26 11:47:28+08:00,13200.0,347.29470000000003
2024-06-26 11:47:29+08:00,13201.0,350.4958063065508
2024-06-26 11:47:30+08:00,13202.0,354.00735606236685
2024-06-26 11:47:31+08:00,13203.0,357.8057982108901
2024-06-26 11:47:32+08:00,13204.0,361.86758169556197
2024-06-26 11:47:33+08:00,13205.0,366.16915545982425
2024-06-26 11:47:34+08:00,13206.0,370.6869684471184
2024-06-26 11:47:35+08:00,13207.0,375.3974696008861
2024-06-26 11:47:36+08:00,13208.0,380.277107864569
2024-06-26 11:47:37+08:00,13209.0,385.3023321816088
2024-06-26 11:47:38+08:00,13210.0,390.449591495447
2024-06-26 11:47:39+08:00,13211.0,395.6953347495254
2024-06-26 11:47:40+08:00,13212.0,401.01601088728546
2024-06-26 11:47:41+08:00,13213.0,406.3880688521689
2024-06-26 11:47:42+08:00,13214.0,411.7879575876173
2024-06-26 11:47:43+08:00,13215.0,417.1921260370724
2024-06-26 11:47:44+08:00,13216.0,422.5770231439757
2024-06-26 11:47:45+08:00,13217.0,427.9190978517688
2024-06-26 11:47:46+08:00,13218.0,433.19479910389344
2024-06-26 11:47:47+08:00,13219.0,438.38057584379123
2024-06-26 11:47:48+08:00,13220.0,443.4528770149038
2024-06-26 11:47:49+08:00,13221.0,448.3881515606727
2024-06-26 11:47:50+08:00,13222.0,453.1628484245397
2024-06-26 11:47:51+08:00,13223.0,457.7534165499464
2024-06-26 11:47:52+08:00,13224.0,462.13630488033425
2024-06-26 11:47:53+08:00,13225.0,466.28796235914507
2024-06-26 11:47:54+08:00,13226.0,470.1848379298205
2024-06-26 11:47:55+08:00,13227.0,473.803380535802
2024-06-26 11:47:56+08:00,13228.0,477.1200391205314
2024-06-26 11:47:57+08:00,13229.0,480.1112626274502
2024-06-26 11:47:58+08:00,13230.0,482.7535
2024-06-26 11:47:59+08:00,13231.0,485.2174184458782
2024-06-26 11:48:00+08:00,13232.0,487.6852929021315
2024-06-26 11:48:01+08:00,13233.0,490.1509839062256
2024-06-26 11:48:02+08:00,13234.0,492.6083519956259
2024-06-26 11:48:03+08:00,13235.0,495.05125770779824
2024-06-26 11:48:04+08:00,13236.0,497.47356158020824
2024-06-26 11:48:05+08:00,13237.0,499.86912415032157
2024-06-26 11:48:06+08:00,13238.0,502.23180595560376
2024-06-26 11:48:07+08:00,13239.0,504.55546753352047
2024-06-26 11:48:08+08:00,13240.0,506.83396942153735
2024-06-26 11:48:09+08:00,13241.0,509.0611721571201
2024-06-26 11:48:10+08:00,13242.0,511.23093627773426
2024-06-26 11:48:11+08:00,13243.0,513.3371223208457
2024-06-26 11:48:12+08:00,13244.0,515.3735908239197
2024-06-26 11:48:13+08:00,13245.0,517.3342023244221
2024-06-26 11:48:14+08:00,13246.0,519.2128173598186
2024-06-26 11:48:15+08:00,13247.0,521.0032964675747
2024-06-26 11:48:16+08:00,13248.0,522.6995001851561
2024-06-26 11:48:17+08:00,13249.0,524.2952890500285
2024-06-26 11:48:18+08:00,13250.0,525.7845235996575
2024-06-26 11:48:19+08:00,13251.0,527.1610643715087
2024-06-26 11:48:20+08:00,13252.0,528.4187719030479
2024-06-26 11:48:21+08:00,13253.0,529.5515067317403
2024-06-26 11:48:22+08:00,13254.0,530.553129395052
2024-06-26 11:48:23+08:00,13255.0,531.4175004304486
2024-06-26 11:48:24+08:00,13256.0,532.1384803753954
2024-06-26 11:48:25+08:00,13257.0,532.7099297673584
2024-06-26 11:48:26+08:00,13258.0,533.125709143803
2024-06-26 11:48:27+08:00,13259.0,533.379679042195
2024-06-26 11:48:28+08:00,13260.0,533.4657
2024-06-26 11:48:29+08:00,13261.0,533.4293683851852
2024-06-26 11:48:30+08:00,13262.0,533.3236764148147
2024-06-26 11:48:31+08:00,13263.0,533.1535783999999
2024-06-26 11:48:32+08:00,13264.0,532.9240286518518
2024-06-26 11:48:33+08:00,13265.0,532.6399814814814
2024-06-26 11:48:34+08:00,13266.0,532.3063912
2024-06-26 11:48:35+08:00,13267.0,531.9282121185186
2024-06-26 11:48:36+08:00,13268.0,531.5103985481481
2024-06-26 11:48:37+08:00,13269.0,531.0579048
2024-06-26 11:48:38+08:00,13270.0,530.5756851851852
2024-06-26 11:48:39+08:00,13271.0,530.0686940148148
2024-06-26 11:48:40+08:00,13272.0,529.5418856
2024-06-26 11:48:41+08:00,13273.0,529.0002142518518
2024-06-26 11:48:42+08:00,13274.0,528.4486342814815
2024-06-26 11:48:43+08:00,13275.0,527.8920999999999
2024-06-26 11:48:44+08:00,13276.0,527.3355657185184
2024-06-26 11:48:45+08:00,13277.0,526.7839857481481
2024-06-26 11:48:46+08:00,13278.0,526.2423143999999
2024-06-26 11:48:47+08:00,13279.0,525.7155059851851
2024-06-26 11:48:48+08:00,13280.0,525.2085148148147
2024-06-26 11:48:49+08:00,13281.0,524.7262952
2024-06-26 11:48:50+08:00,13282.0,524.2738014518518
2024-06-26 11:48:51+08:00,13283.0,523.8559878814814
2024-06-26 11:48:52+08:00,13284.0,523.4778088
2024-06-26 11:48:53+08:00,13285.0,523.1442185185184
2024-06-26 11:48:54+08:00,13286.0,522.8601713481481
2024-06-26 11:48:55+08:00,13287.0,522.6306215999999
2024-06-26 11:48:56+08:00,13288.0,522.4605235851851
2024-06-26 11:48:57+08:00,13289.0,522.3548316148148
2024-06-26 11:48:58+08:00,13290.0,522.3185
2024-06-26 11:48:59+08:00,13291.0,522.3204182532291
2024-06-26 11:49:00+08:00,13292.0,522.3260861427395
2024-06-26 11:49:01+08:00,13293.0,522.3353733632653
2024-06-26 11:49:02+08:00,13294.0,522.3481496095405
2024-06-26 11:49:03+08:00,13295.0,522.3642845762997
2024-06-26 11:49:04+08:00,13296.0,522.3836479582766
2024-06-26 11:49:05+08:00,13297.0,522.4061094502057
2024-06-26 11:49:06+08:00,13298.0,522.4315387468213
2024-06-26 11:49:07+08:00,13299.0,522.4598055428571
2024-06-26 11:49:08+08:00,13300.0,522.4907795330478
2024-06-26 11:49:09+08:00,13301.0,522.5243304121273
2024-06-26 11:49:10+08:00,13302.0,522.56032787483
2024-06-26 11:49:11+08:00,13303.0,522.5986416158897
2024-06-26 11:49:12+08:00,13304.0,522.6391413300412
2024-06-26 11:49:13+08:00,13305.0,522.6816967120182
2024-06-26 11:49:14+08:00,13306.0,522.726177456555
2024-06-26 11:49:15+08:00,13307.0,522.7724532583858
2024-06-26 11:49:16+08:00,13308.0,522.8203938122449
2024-06-26 11:49:17+08:00,13309.0,522.8698688128665
2024-06-26 11:49:18+08:00,13310.0,522.9207479549844
2024-06-26 11:49:19+08:00,13311.0,522.9729009333333
2024-06-26 11:49:20+08:00,13312.0,523.0261974426472
2024-06-26 11:49:21+08:00,13313.0,523.0805071776603
2024-06-26 11:49:22+08:00,13314.0,523.1356998331066
2024-06-26 11:49:23+08:00,13315.0,523.1916451037205
2024-06-26 11:49:24+08:00,13316.0,523.2482126842363
2024-06-26 11:49:25+08:00,13317.0,523.3052722693878
2024-06-26 11:49:26+08:00,13318.0,523.3626935539095
2024-06-26 11:49:27+08:00,13319.0,523.4203462325356
2024-06-26 11:49:28+08:00,13320.0,523.4781
2024-06-26 11:49:29+08:00,13321.0,523.5432431600572
2024-06-26 11:49:30+08:00,13322.0,523.622392253498
2024-06-26 11:49:31+08:00,13323.0,523.7144093306123
2024-06-26 11:49:32+08:00,13324.0,523.8181564416898
2024-06-26 11:49:33+08:00,13325.0,523.9324956370203
2024-06-26 11:49:34+08:00,13326.0,524.0562889668934
2024-06-26 11:49:35+08:00,13327.0,524.1883984815992
2024-06-26 11:49:36+08:00,13328.0,524.3276862314269
2024-06-26 11:49:37+08:00,13329.0,524.4730142666667
2024-06-26 11:49:38+08:00,13330.0,524.6232446376083
2024-06-26 11:49:39+08:00,13331.0,524.777239394541
2024-06-26 11:49:40+08:00,13332.0,524.9338605877551
2024-06-26 11:49:41+08:00,13333.0,525.0919702675401
2024-06-26 11:49:42+08:00,13334.0,525.2504304841858
2024-06-26 11:49:43+08:00,13335.0,525.4081032879818
2024-06-26 11:49:44+08:00,13336.0,525.5638507292181
2024-06-26 11:49:45+08:00,13337.0,525.7165348581843
2024-06-26 11:49:46+08:00,13338.0,525.8650177251701
2024-06-26 11:49:47+08:00,13339.0,526.0081613804654
2024-06-26 11:49:48+08:00,13340.0,526.1448278743595
2024-06-26 11:49:49+08:00,13341.0,526.2738792571429
2024-06-26 11:49:50+08:00,13342.0,526.3941775791046
2024-06-26 11:49:51+08:00,13343.0,526.504584890535
2024-06-26 11:49:52+08:00,13344.0,526.6039632417235
2024-06-26 11:49:53+08:00,13345.0,526.6911746829595
2024-06-26 11:49:54+08:00,13346.0,526.7650812645335
2024-06-26 11:49:55+08:00,13347.0,526.8245450367347
2024-06-26 11:49:56+08:00,13348.0,526.868428049853
2024-06-26 11:49:57+08:00,13349.0,526.8955923541781
2024-06-26 11:49:58+08:00,13350.0,526.9049
2024-06-26 11:49:59+08:00,13351.0,526.9032928592592
2024-06-26 11:50:00+08:00,13352.0,526.8986175407407
2024-06-26 11:50:01+08:00,13353.0,526.8910932
2024-06-26 11:50:02+08:00,13354.0,526.8809389925926
2024-06-26 11:50:03+08:00,13355.0,526.868374074074
2024-06-26 11:50:04+08:00,13356.0,526.8536176
2024-06-26 11:50:05+08:00,13357.0,526.8368887259259
2024-06-26 11:50:06+08:00,13358.0,526.8184066074074
2024-06-26 11:50:07+08:00,13359.0,526.7983904
2024-06-26 11:50:08+08:00,13360.0,526.7770592592593
2024-06-26 11:50:09+08:00,13361.0,526.7546323407407
2024-06-26 11:50:10+08:00,13362.0,526.7313288
2024-06-26 11:50:11+08:00,13363.0,526.7073677925925
2024-06-26 11:50:12+08:00,13364.0,526.6829684740741
2024-06-26 11:50:13+08:00,13365.0,526.65835
2024-06-26 11:50:14+08:00,13366.0,526.6337315259259
2024-06-26 11:50:15+08:00,13367.0,526.6093322074074
2024-06-26 11:50:16+08:00,13368.0,526.5853711999999
2024-06-26 11:50:17+08:00,13369.0,526.5620676592592
2024-06-26 11:50:18+08:00,13370.0,526.5396407407408
2024-06-26 11:50:19+08:00,13371.0,526.5183096
2024-06-26 11:50:20+08:00,13372.0,526.4982933925925
2024-06-26 11:50:21+08:00,13373.0,526.4798112740741
2024-06-26 11:50:22+08:00,13374.0,526.4630824
2024-06-26 11:50:23+08:00,13375.0,526.4483259259258
2024-06-26 11:50:24+08:00,13376.0,526.4357610074075
2024-06-26 11:50:25+08:00,13377.0,526.4256068
2024-06-26 11:50:26+08:00,13378.0,526.4180824592592
2024-06-26 11:50:27+08:00,13379.0,526.4134071407408
2024-06-26 11:50:28+08:00,13380.0,526.4118
2024-06-26 11:50:29+08:00,13381.0,526.4129186261368
2024-06-26 11:50:30+08:00,13382.0,526.4162270925132
2024-06-26 11:50:31+08:00,13383.0,526.4216542810776
2024-06-26 11:50:32+08:00,13384.0,526.4291290737791
2024-06-26 11:50:33+08:00,13385.0,526.4385803525661
2024-06-26 11:50:34+08:00,13386.0,526.4499369993873
2024-06-26 11:50:35+08:00,13387.0,526.4631278961916
2024-06-26 11:50:36+08:00,13388.0,526.4780819249274
2024-06-26 11:50:37+08:00,13389.0,526.4947279675438
2024-06-26 11:50:38+08:00,13390.0,526.5129949059892
2024-06-26 11:50:39+08:00,13391.0,526.5328116222123
2024-06-26 11:50:40+08:00,13392.0,526.554106998162
2024-06-26 11:50:41+08:00,13393.0,526.5768099157867
2024-06-26 11:50:42+08:00,13394.0,526.6008492570354
2024-06-26 11:50:43+08:00,13395.0,526.6261539038568
2024-06-26 11:50:44+08:00,13396.0,526.6526527381993
2024-06-26 11:50:45+08:00,13397.0,526.6802746420118
2024-06-26 11:50:46+08:00,13398.0,526.708948497243
2024-06-26 11:50:47+08:00,13399.0,526.7386031858415
2024-06-26 11:50:48+08:00,13400.0,526.7691675897562
2024-06-26 11:50:49+08:00,13401.0,526.8005705909355
2024-06-26 11:50:50+08:00,13402.0,526.8327410713283
2024-06-26 11:50:51+08:00,13403.0,526.8656079128834
2024-06-26 11:50:52+08:00,13404.0,526.8990999975493
2024-06-26 11:50:53+08:00,13405.0,526.9331462072748
2024-06-26 11:50:54+08:00,13406.0,526.9676754240085
2024-06-26 11:50:55+08:00,13407.0,527.0026165296991
2024-06-26 11:50:56+08:00,13408.0,527.0378984062954
2024-06-26 11:50:57+08:00,13409.0,527.0734499357462
2024-06-26 11:50:58+08:00,13410.0,527.1092
2024-06-26 11:50:59+08:00,13411.0,527.1500594447099
2024-06-26 11:51:00+08:00,13412.0,527.2005416742428
2024-06-26 11:51:01+08:00,13413.0,527.2599794086176
2024-06-26 11:51:02+08:00,13414.0,527.3277053678536
2024-06-26 11:51:03+08:00,13415.0,527.4030522719696
2024-06-26 11:51:04+08:00,13416.0,527.4853528409849
2024-06-26 11:51:05+08:00,13417.0,527.5739397949185
2024-06-26 11:51:06+08:00,13418.0,527.6681458537896
2024-06-26 11:51:07+08:00,13419.0,527.7673037376172
2024-06-26 11:51:08+08:00,13420.0,527.8707461664203
2024-06-26 11:51:09+08:00,13421.0,527.977805860218
2024-06-26 11:51:10+08:00,13422.0,528.0878155390297
2024-06-26 11:51:11+08:00,13423.0,528.2001079228742
2024-06-26 11:51:12+08:00,13424.0,528.3140157317707
2024-06-26 11:51:13+08:00,13425.0,528.4288716857382
2024-06-26 11:51:14+08:00,13426.0,528.5440085047957
2024-06-26 11:51:15+08:00,13427.0,528.6587589089623
2024-06-26 11:51:16+08:00,13428.0,528.7724556182574
2024-06-26 11:51:17+08:00,13429.0,528.8844313526998
2024-06-26 11:51:18+08:00,13430.0,528.9940188323086
2024-06-26 11:51:19+08:00,13431.0,529.1005507771031
2024-06-26 11:51:20+08:00,13432.0,529.2033599071021
2024-06-26 11:51:21+08:00,13433.0,529.3017789423249
2024-06-26 11:51:22+08:00,13434.0,529.3951406027905
2024-06-26 11:51:23+08:00,13435.0,529.482777608518
2024-06-26 11:51:24+08:00,13436.0,529.5640226795265
2024-06-26 11:51:25+08:00,13437.0,529.638208535835
2024-06-26 11:51:26+08:00,13438.0,529.7046678974626
2024-06-26 11:51:27+08:00,13439.0,529.7627334844287
2024-06-26 11:51:28+08:00,13440.0,529.8117380167519
2024-06-26 11:51:29+08:00,13441.0,529.8510142144517
2024-06-26 11:51:30+08:00,13442.0,529.8798947975467
2024-06-26 11:51:31+08:00,13443.0,529.8977124860565
2024-06-26 11:51:32+08:00,13444.0,529.9038
2024-06-26 11:51:33+08:00,13445.0,529.895022553482
2024-06-26 11:51:34+08:00,13446.0,529.8696141556669
2024-06-26 11:51:35+08:00,13447.0,529.8289607191625
2024-06-26 11:51:36+08:00,13448.0,529.7744481565771
2024-06-26 11:51:37+08:00,13449.0,529.707462380519
2024-06-26 11:51:38+08:00,13450.0,529.6293893035959
2024-06-26 11:51:39+08:00,13451.0,529.5416148384161
2024-06-26 11:51:40+08:00,13452.0,529.4455248975876
2024-06-26 11:51:41+08:00,13453.0,529.3425053937187
2024-06-26 11:51:42+08:00,13454.0,529.2339422394175
2024-06-26 11:51:43+08:00,13455.0,529.1212213472918
2024-06-26 11:51:44+08:00,13456.0,529.00572862995
2024-06-26 11:51:45+08:00,13457.0,528.88885
2024-06-26 11:51:46+08:00,13458.0,528.7719713700501
2024-06-26 11:51:47+08:00,13459.0,528.6564786527083
2024-06-26 11:51:48+08:00,13460.0,528.5437577605827
2024-06-26 11:51:49+08:00,13461.0,528.4351946062814
2024-06-26 11:51:50+08:00,13462.0,528.3321751024124
2024-06-26 11:51:51+08:00,13463.0,528.236085161584
2024-06-26 11:51:52+08:00,13464.0,528.1483106964042
2024-06-26 11:51:53+08:00,13465.0,528.0702376194811
2024-06-26 11:51:54+08:00,13466.0,528.003251843423
2024-06-26 11:51:55+08:00,13467.0,527.9487392808376
2024-06-26 11:51:56+08:00,13468.0,527.9080858443332
2024-06-26 11:51:57+08:00,13469.0,527.882677446518
2024-06-26 11:51:58+08:00,13470.0,527.8739
2024-06-26 11:51:59+08:00,13471.0,527.893300088889
2024-06-26 11:52:00+08:00,13472.0,527.9497367111112
2024-06-26 11:52:01+08:00,13473.0,528.0405644000001
2024-06-26 11:52:02+08:00,13474.0,528.1631376888889
2024-06-26 11:52:03+08:00,13475.0,528.3148111111112
2024-06-26 11:52:04+08:00,13476.0,528.4929392000001
2024-06-26 11:52:05+08:00,13477.0,528.694876488889
2024-06-26 11:52:06+08:00,13478.0,528.9179775111112
2024-06-26 11:52:07+08:00,13479.0,529.1595968
2024-06-26 11:52:08+08:00,13480.0,529.417088888889
2024-06-26 11:52:09+08:00,13481.0,529.6878083111112
2024-06-26 11:52:10+08:00,13482.0,529.9691096
2024-06-26 11:52:11+08:00,13483.0,530.2583472888889
2024-06-26 11:52:12+08:00,13484.0,530.5528759111112
2024-06-26 11:52:13+08:00,13485.0,530.85005
2024-06-26 11:52:14+08:00,13486.0,531.1472240888888
2024-06-26 11:52:15+08:00,13487.0,531.4417527111111
2024-06-26 11:52:16+08:00,13488.0,531.7309904
2024-06-26 11:52:17+08:00,13489.0,532.0122916888888
2024-06-26 11:52:18+08:00,13490.0,532.2830111111111
2024-06-26 11:52:19+08:00,13491.0,532.5405032
2024-06-26 11:52:20+08:00,13492.0,532.7821224888888
2024-06-26 11:52:21+08:00,13493.0,533.0052235111111
2024-06-26 11:52:22+08:00,13494.0,533.2071608
2024-06-26 11:52:23+08:00,13495.0,533.3852888888889
2024-06-26 11:52:24+08:00,13496.0,533.5369623111111
2024-06-26 11:52:25+08:00,13497.0,533.6595356
2024-06-26 11:52:26+08:00,13498.0,533.7503632888888
2024-06-26 11:52:27+08:00,13499.0,533.806799911111
2024-06-26 11:52:28+08:00,13500.0,533.8262
2024-06-26 11:52:29+08:00,13501.0,533.7938352296296
2024-06-26 11:52:30+08:00,13502.0,533.6996831703703
2024-06-26 11:52:31+08:00,13503.0,533.5481572
2024-06-26 11:52:32+08:00,13504.0,533.3436706962963
2024-06-26 11:52:33+08:00,13505.0,533.090637037037
2024-06-26 11:52:34+08:00,13506.0,532.7934696
2024-06-26 11:52:35+08:00,13507.0,532.4565817629629
2024-06-26 11:52:36+08:00,13508.0,532.0843869037037
2024-06-26 11:52:37+08:00,13509.0,531.6812984
2024-06-26 11:52:38+08:00,13510.0,531.2517296296296
2024-06-26 11:52:39+08:00,13511.0,530.8000939703703
2024-06-26 11:52:40+08:00,13512.0,530.3308048
2024-06-26 11:52:41+08:00,13513.0,529.8482754962962
2024-06-26 11:52:42+08:00,13514.0,529.356919437037
2024-06-26 11:52:43+08:00,13515.0,528.86115
2024-06-26 11:52:44+08:00,13516.0,528.3653805629629
2024-06-26 11:52:45+08:00,13517.0,527.8740245037036
2024-06-26 11:52:46+08:00,13518.0,527.3914952
2024-06-26 11:52:47+08:00,13519.0,526.9222060296296
2024-06-26 11:52:48+08:00,13520.0,526.4705703703703
2024-06-26 11:52:49+08:00,13521.0,526.0410016
2024-06-26 11:52:50+08:00,13522.0,525.6379130962963
2024-06-26 11:52:51+08:00,13523.0,525.265718237037
2024-06-26 11:52:52+08:00,13524.0,524.9288303999999
2024-06-26 11:52:53+08:00,13525.0,524.631662962963
2024-06-26 11:52:54+08:00,13526.0,524.3786293037036
2024-06-26 11:52:55+08:00,13527.0,524.1741427999999
2024-06-26 11:52:56+08:00,13528.0,524.0226168296296
2024-06-26 11:52:57+08:00,13529.0,523.9284647703703
2024-06-26 11:52:58+08:00,13530.0,523.8960999999999
2024-06-26 11:52:59+08:00,13531.0,523.9075015407407
2024-06-26 11:53:00+08:00,13532.0,523.9406696592592
2024-06-26 11:53:01+08:00,13533.0,523.9940495999999
2024-06-26 11:53:02+08:00,13534.0,524.0660866074073
2024-06-26 11:53:03+08:00,13535.0,524.1552259259258
2024-06-26 11:53:04+08:00,13536.0,524.2599127999999
2024-06-26 11:53:05+08:00,13537.0,524.378592474074
2024-06-26 11:53:06+08:00,13538.0,524.5097101925925
2024-06-26 11:53:07+08:00,13539.0,524.6517111999999
2024-06-26 11:53:08+08:00,13540.0,524.8030407407407
2024-06-26 11:53:09+08:00,13541.0,524.9621440592591
2024-06-26 11:53:10+08:00,13542.0,525.1274663999999
2024-06-26 11:53:11+08:00,13543.0,525.2974530074073
2024-06-26 11:53:12+08:00,13544.0,525.4705491259258
2024-06-26 11:53:13+08:00,13545.0,525.6451999999999
2024-06-26 11:53:14+08:00,13546.0,525.8198508740741
2024-06-26 11:53:15+08:00,13547.0,525.9929469925925
2024-06-26 11:53:16+08:00,13548.0,526.1629336
2024-06-26 11:53:17+08:00,13549.0,526.3282559407407
2024-06-26 11:53:18+08:00,13550.0,526.4873592592592
2024-06-26 11:53:19+08:00,13551.0,526.6386887999998
2024-06-26 11:53:20+08:00,13552.0,526.7806898074074
2024-06-26 11:53:21+08:00,13553.0,526.9118075259258
2024-06-26 11:53:22+08:00,13554.0,527.0304871999999
2024-06-26 11:53:23+08:00,13555.0,527.135174074074
2024-06-26 11:53:24+08:00,13556.0,527.2243133925925
2024-06-26 11:53:25+08:00,13557.0,527.2963503999999
2024-06-26 11:53:26+08:00,13558.0,527.3497303407407
2024-06-26 11:53:27+08:00,13559.0,527.3828984592592
2024-06-26 11:53:28+08:00,13560.0,527.3942999999999
2024-06-26 11:53:29+08:00,13561.0,527.2766237925925
2024-06-26 11:53:30+08:00,13562.0,526.9342930074073
2024-06-26 11:53:31+08:00,13563.0,526.3833543999999
2024-06-26 11:53:32+08:00,13564.0,525.6398547259258
2024-06-26 11:53:33+08:00,13565.0,524.7198407407407
2024-06-26 11:53:34+08:00,13566.0,523.6393592
2024-06-26 11:53:35+08:00,13567.0,522.4144568592592
2024-06-26 11:53:36+08:00,13568.0,521.061180474074
2024-06-26 11:53:37+08:00,13569.0,519.5955768
2024-06-26 11:53:38+08:00,13570.0,518.0336925925925
2024-06-26 11:53:39+08:00,13571.0,516.3915746074074
2024-06-26 11:53:40+08:00,13572.0,514.6852696
2024-06-26 11:53:41+08:00,13573.0,512.9308243259259
2024-06-26 11:53:42+08:00,13574.0,511.14428554074067
2024-06-26 11:53:43+08:00,13575.0,509.34169999999995
2024-06-26 11:53:44+08:00,13576.0,507.5391144592592
2024-06-26 11:53:45+08:00,13577.0,505.752575674074
2024-06-26 11:53:46+08:00,13578.0,503.9981303999999
2024-06-26 11:53:47+08:00,13579.0,502.29182539259256
2024-06-26 11:53:48+08:00,13580.0,500.6497074074074
2024-06-26 11:53:49+08:00,13581.0,499.08782319999995
2024-06-26 11:53:50+08:00,13582.0,497.62221952592586
2024-06-26 11:53:51+08:00,13583.0,496.2689431407407
2024-06-26 11:53:52+08:00,13584.0,495.04404079999995
2024-06-26 11:53:53+08:00,13585.0,493.96355925925917
2024-06-26 11:53:54+08:00,13586.0,493.043545274074
2024-06-26 11:53:55+08:00,13587.0,492.3000455999999
2024-06-26 11:53:56+08:00,13588.0,491.74910699259254
2024-06-26 11:53:57+08:00,13589.0,491.40677620740735
2024-06-26 11:53:58+08:00,13590.0,491.28909999999996
2024-06-26 11:53:59+08:00,13591.0,491.4519831111111
2024-06-26 11:54:00+08:00,13592.0,491.9258248888888
2024-06-26 11:54:01+08:00,13593.0,492.68841399999997
2024-06-26 11:54:02+08:00,13594.0,493.7175391111111
2024-06-26 11:54:03+08:00,13595.0,494.99098888888886
2024-06-26 11:54:04+08:00,13596.0,496.48655199999996
2024-06-26 11:54:05+08:00,13597.0,498.18201711111107
2024-06-26 11:54:06+08:00,13598.0,500.0551728888889
2024-06-26 11:54:07+08:00,13599.0,502.083808
2024-06-26 11:54:08+08:00,13600.0,504.24571111111106
2024-06-26 11:54:09+08:00,13601.0,506.5186708888889
2024-06-26 11:54:10+08:00,13602.0,508.880476
2024-06-26 11:54:11+08:00,13603.0,511.3089151111111
2024-06-26 11:54:12+08:00,13604.0,513.7817768888889
2024-06-26 11:54:13+08:00,13605.0,516.27685
2024-06-26 11:54:14+08:00,13606.0,518.771923111111
2024-06-26 11:54:15+08:00,13607.0,521.2447848888888
2024-06-26 11:54:16+08:00,13608.0,523.6732239999999
2024-06-26 11:54:17+08:00,13609.0,526.0350291111112
2024-06-26 11:54:18+08:00,13610.0,528.3079888888889
2024-06-26 11:54:19+08:00,13611.0,530.469892
2024-06-26 11:54:20+08:00,13612.0,532.4985271111111
2024-06-26 11:54:21+08:00,13613.0,534.3716828888888
2024-06-26 11:54:22+08:00,13614.0,536.0671479999999
2024-06-26 11:54:23+08:00,13615.0,537.5627111111111
2024-06-26 11:54:24+08:00,13616.0,538.8361608888888
2024-06-26 11:54:25+08:00,13617.0,539.865286
2024-06-26 11:54:26+08:00,13618.0,540.6278751111112
2024-06-26 11:54:27+08:00,13619.0,541.1017168888889
2024-06-26 11:54:28+08:00,13620.0,541.2646
2024-06-26 11:54:29+08:00,13621.0,541.1369706666666
2024-06-26 11:54:30+08:00,13622.0,540.7656853333333
2024-06-26 11:54:31+08:00,13623.0,540.168148
2024-06-26 11:54:32+08:00,13624.0,539.3617626666667
2024-06-26 11:54:33+08:00,13625.0,538.3639333333333
2024-06-26 11:54:34+08:00,13626.0,537.192064
2024-06-26 11:54:35+08:00,13627.0,535.8635586666666
2024-06-26 11:54:36+08:00,13628.0,534.3958213333333
2024-06-26 11:54:37+08:00,13629.0,532.806256
2024-06-26 11:54:38+08:00,13630.0,531.1122666666666
2024-06-26 11:54:39+08:00,13631.0,529.3312573333333
2024-06-26 11:54:40+08:00,13632.0,527.4806319999999
2024-06-26 11:54:41+08:00,13633.0,525.5777946666666
2024-06-26 11:54:42+08:00,13634.0,523.6401493333333
2024-06-26 11:54:43+08:00,13635.0,521.6851
2024-06-26 11:54:44+08:00,13636.0,519.7300506666667
2024-06-26 11:54:45+08:00,13637.0,517.7924053333334
2024-06-26 11:54:46+08:00,13638.0,515.8895679999999
2024-06-26 11:54:47+08:00,13639.0,514.0389426666667
2024-06-26 11:54:48+08:00,13640.0,512.2579333333333
2024-06-26 11:54:49+08:00,13641.0,510.563944
2024-06-26 11:54:50+08:00,13642.0,508.97437866666667
2024-06-26 11:54:51+08:00,13643.0,507.5066413333333
2024-06-26 11:54:52+08:00,13644.0,506.178136
2024-06-26 11:54:53+08:00,13645.0,505.00626666666665
2024-06-26 11:54:54+08:00,13646.0,504.0084373333333
2024-06-26 11:54:55+08:00,13647.0,503.202052
2024-06-26 11:54:56+08:00,13648.0,502.60451466666666
2024-06-26 11:54:57+08:00,13649.0,502.2332293333333
2024-06-26 11:54:58+08:00,13650.0,502.1056
2024-06-26 11:54:59+08:00,13651.0,502.13135061701996
2024-06-26 11:55:00+08:00,13652.0,502.20676595385487
2024-06-26 11:55:01+08:00,13653.0,502.3290912391673
2024-06-26 11:55:02+08:00,13654.0,502.49557170161984
2024-06-26 11:55:03+08:00,13655.0,502.70345256987486
2024-06-26 11:55:04+08:00,13656.0,502.949979072595
2024-06-26 11:55:05+08:00,13657.0,503.23239643844283
2024-06-26 11:55:06+08:00,13658.0,503.5479498960808
2024-06-26 11:55:07+08:00,13659.0,503.89388467417143
2024-06-26 11:55:08+08:00,13660.0,504.2674460013774
2024-06-26 11:55:09+08:00,13661.0,504.66587910636105
2024-06-26 11:55:10+08:00,13662.0,505.08642921778505
2024-06-26 11:55:11+08:00,13663.0,505.5263415643119
2024-06-26 11:55:12+08:00,13664.0,505.98286137460417
2024-06-26 11:55:13+08:00,13665.0,506.4532338773243
2024-06-26 11:55:14+08:00,13666.0,506.9347043011349
2024-06-26 11:55:15+08:00,13667.0,507.4245178746985
2024-06-26 11:55:16+08:00,13668.0,507.9199198266776
2024-06-26 11:55:17+08:00,13669.0,508.4181553857348
2024-06-26 11:55:18+08:00,13670.0,508.9164697805325
2024-06-26 11:55:19+08:00,13671.0,509.4121082397334
2024-06-26 11:55:20+08:00,13672.0,509.90231599199996
2024-06-26 11:55:21+08:00,13673.0,510.3843382659947
2024-06-26 11:55:22+08:00,13674.0,510.85542029038015
2024-06-26 11:55:23+08:00,13675.0,511.3128072938188
2024-06-26 11:55:24+08:00,13676.0,511.7537445049734
2024-06-26 11:55:25+08:00,13677.0,512.1754771525061
2024-06-26 11:55:26+08:00,13678.0,512.57525046508
2024-06-26 11:55:27+08:00,13679.0,512.950309671357
2024-06-26 11:55:28+08:00,13680.0,513.2979
2024-06-26 11:55:29+08:00,13681.0,513.6238485299161
2024-06-26 11:55:30+08:00,13682.0,513.9366341743197
2024-06-26 11:55:31+08:00,13683.0,514.2374799133337
2024-06-26 11:55:32+08:00,13684.0,514.5276087270818
2024-06-26 11:55:33+08:00,13685.0,514.8082435956869
2024-06-26 11:55:34+08:00,13686.0,515.0806074992726
2024-06-26 11:55:35+08:00,13687.0,515.3459234179621
2024-06-26 11:55:36+08:00,13688.0,515.6054143318786
2024-06-26 11:55:37+08:00,13689.0,515.8603032211453
2024-06-26 11:55:38+08:00,13690.0,516.1118130658857
2024-06-26 11:55:39+08:00,13691.0,516.3611668462231
2024-06-26 11:55:40+08:00,13692.0,516.6095875422807
2024-06-26 11:55:41+08:00,13693.0,516.8582981341815
2024-06-26 11:55:42+08:00,13694.0,517.108521602049
2024-06-26 11:55:43+08:00,13695.0,517.3614809260066
2024-06-26 11:55:44+08:00,13696.0,517.6183990861775
2024-06-26 11:55:45+08:00,13697.0,517.880499062685
2024-06-26 11:55:46+08:00,13698.0,518.1490038356523
2024-06-26 11:55:47+08:00,13699.0,518.4251363852024
2024-06-26 11:55:48+08:00,13700.0,518.7101196914593
2024-06-26 11:55:49+08:00,13701.0,519.0051767345458
2024-06-26 11:55:50+08:00,13702.0,519.3115304945851
2024-06-26 11:55:51+08:00,13703.0,519.6304039517008
2024-06-26 11:55:52+08:00,13704.0,519.9630200860158
2024-06-26 11:55:53+08:00,13705.0,520.3106018776538
2024-06-26 11:55:54+08:00,13706.0,520.6743723067377
2024-06-26 11:55:55+08:00,13707.0,521.0555543533911
2024-06-26 11:55:56+08:00,13708.0,521.4553709977372
2024-06-26 11:55:57+08:00,13709.0,521.875045219899
2024-06-26 11:55:58+08:00,13710.0,522.3158000000001
2024-06-26 11:55:59+08:00,13711.0,522.8267013482663
2024-06-26 11:56:00+08:00,13712.0,523.4499338632229
2024-06-26 11:56:01+08:00,13713.0,524.1763984074416
2024-06-26 11:56:02+08:00,13714.0,524.9969958434943
2024-06-26 11:56:03+08:00,13715.0,525.902627033953
2024-06-26 11:56:04+08:00,13716.0,526.8841928413892
2024-06-26 11:56:05+08:00,13717.0,527.9325941283751
2024-06-26 11:56:06+08:00,13718.0,529.0387317574823
2024-06-26 11:56:07+08:00,13719.0,530.1935065912828
2024-06-26 11:56:08+08:00,13720.0,531.3878194923486
2024-06-26 11:56:09+08:00,13721.0,532.6125713232514
2024-06-26 11:56:10+08:00,13722.0,533.8586629465628
2024-06-26 11:56:11+08:00,13723.0,535.1169952248551
2024-06-26 11:56:12+08:00,13724.0,536.3784690206999
2024-06-26 11:56:13+08:00,13725.0,537.6339851966692
2024-06-26 11:56:14+08:00,13726.0,538.8744446153347
2024-06-26 11:56:15+08:00,13727.0,540.0907481392683
2024-06-26 11:56:16+08:00,13728.0,541.2737966310419
2024-06-26 11:56:17+08:00,13729.0,542.4144909532274
2024-06-26 11:56:18+08:00,13730.0,543.5037319683964
2024-06-26 11:56:19+08:00,13731.0,544.5324205391212
2024-06-26 11:56:20+08:00,13732.0,545.4914575279735
2024-06-26 11:56:21+08:00,13733.0,546.3717437975247
2024-06-26 11:56:22+08:00,13734.0,547.1641802103472
2024-06-26 11:56:23+08:00,13735.0,547.8596676290128
2024-06-26 11:56:24+08:00,13736.0,548.4491069160931
2024-06-26 11:56:25+08:00,13737.0,548.9233989341601
2024-06-26 11:56:26+08:00,13738.0,549.2734445457858
2024-06-26 11:56:27+08:00,13739.0,549.4901446135417
2024-06-26 11:56:28+08:00,13740.0,549.5644
2024-06-26 11:56:29+08:00,13741.0,549.4571829173846
2024-06-26 11:56:30+08:00,13742.0,549.1436325238454
2024-06-26 11:56:31+08:00,13743.0,548.6359001008433
2024-06-26 11:56:32+08:00,13744.0,547.9461369298388
2024-06-26 11:56:33+08:00,13745.0,547.0864942922926
2024-06-26 11:56:34+08:00,13746.0,546.0691234696653
2024-06-26 11:56:35+08:00,13747.0,544.9061757434176
2024-06-26 11:56:36+08:00,13748.0,543.6098023950102
2024-06-26 11:56:37+08:00,13749.0,542.1921547059036
2024-06-26 11:56:38+08:00,13750.0,540.6653839575587
2024-06-26 11:56:39+08:00,13751.0,539.0416414314359
2024-06-26 11:56:40+08:00,13752.0,537.333078408996
2024-06-26 11:56:41+08:00,13753.0,535.5518461716997
2024-06-26 11:56:42+08:00,13754.0,533.7100960010075
2024-06-26 11:56:43+08:00,13755.0,531.8199791783802
2024-06-26 11:56:44+08:00,13756.0,529.8936469852785
2024-06-26 11:56:45+08:00,13757.0,527.9432507031629
2024-06-26 11:56:46+08:00,13758.0,525.9809416134941
2024-06-26 11:56:47+08:00,13759.0,524.0188709977327
2024-06-26 11:56:48+08:00,13760.0,522.0691901373395
2024-06-26 11:56:49+08:00,13761.0,520.1440503137752
2024-06-26 11:56:50+08:00,13762.0,518.2556028085003
2024-06-26 11:56:51+08:00,13763.0,516.4159989029754
2024-06-26 11:56:52+08:00,13764.0,514.6373898786615
2024-06-26 11:56:53+08:00,13765.0,512.9319270170188
2024-06-26 11:56:54+08:00,13766.0,511.3117615995082
2024-06-26 11:56:55+08:00,13767.0,509.78904490759044
2024-06-26 11:56:56+08:00,13768.0,508.375928222726
2024-06-26 11:56:57+08:00,13769.0,507.08456282637565
2024-06-26 11:56:58+08:00,13770.0,505.9271
2024-06-26 11:56:59+08:00,13771.0,504.84522685525025
2024-06-26 11:57:00+08:00,13772.0,503.7729056741282
2024-06-26 11:57:01+08:00,13773.0,502.71070049362
2024-06-26 11:57:02+08:00,13774.0,501.6591753507121
2024-06-26 11:57:03+08:00,13775.0,500.61889428239067
2024-06-26 11:57:04+08:00,13776.0,499.59042132564224
2024-06-26 11:57:05+08:00,13777.0,498.574320517453
2024-06-26 11:57:06+08:00,13778.0,497.57115589480935
2024-06-26 11:57:07+08:00,13779.0,496.5814914946976
2024-06-26 11:57:08+08:00,13780.0,495.605891354104
2024-06-26 11:57:09+08:00,13781.0,494.644919510015
2024-06-26 11:57:10+08:00,13782.0,493.69913999941684
2024-06-26 11:57:11+08:00,13783.0,492.7691168592958
2024-06-26 11:57:12+08:00,13784.0,491.85541412663844
2024-06-26 11:57:13+08:00,13785.0,490.9585958384308
2024-06-26 11:57:14+08:00,13786.0,490.0792260316594
2024-06-26 11:57:15+08:00,13787.0,489.2178687433104
2024-06-26 11:57:16+08:00,13788.0,488.3750880103703
2024-06-26 11:57:17+08:00,13789.0,487.5514478698253
2024-06-26 11:57:18+08:00,13790.0,486.7475123586619
2024-06-26 11:57:19+08:00,13791.0,485.96384551386615
2024-06-26 11:57:20+08:00,13792.0,485.2010113724246
2024-06-26 11:57:21+08:00,13793.0,484.4595739713235
2024-06-26 11:57:22+08:00,13794.0,483.7400973475492
2024-06-26 11:57:23+08:00,13795.0,483.04314553808797
2024-06-26 11:57:24+08:00,13796.0,482.3692825799262
2024-06-26 11:57:25+08:00,13797.0,481.7190725100502
2024-06-26 11:57:26+08:00,13798.0,481.0930793654463
2024-06-26 11:57:27+08:00,13799.0,480.4918671831008
2024-06-26 11:57:28+08:00,13800.0,479.916
2024-06-26 11:57:29+08:00,13801.0,479.3491438550702
2024-06-26 11:57:30+08:00,13802.0,478.7757917551527
2024-06-26 11:57:31+08:00,13803.0,478.19774818910645
2024-06-26 11:57:32+08:00,13804.0,477.6168176457905
2024-06-26 11:57:33+08:00,13805.0,477.03480461406383
2024-06-26 11:57:34+08:00,13806.0,476.4535135827855
2024-06-26 11:57:35+08:00,13807.0,475.8747490408144
2024-06-26 11:57:36+08:00,13808.0,475.30031547700963
2024-06-26 11:57:37+08:00,13809.0,474.73201738023016
2024-06-26 11:57:38+08:00,13810.0,474.17165923933504
2024-06-26 11:57:39+08:00,13811.0,473.6210455431832
2024-06-26 11:57:40+08:00,13812.0,473.08198078063367
2024-06-26 11:57:41+08:00,13813.0,472.55626944054546
2024-06-26 11:57:42+08:00,13814.0,472.04571601177753
2024-06-26 11:57:43+08:00,13815.0,471.55212498318895
2024-06-26 11:57:44+08:00,13816.0,471.0773008436387
2024-06-26 11:57:45+08:00,13817.0,470.6230480819857
2024-06-26 11:57:46+08:00,13818.0,470.19117118708914
2024-06-26 11:57:47+08:00,13819.0,469.7834746478078
2024-06-26 11:57:48+08:00,13820.0,469.40176295300085
2024-06-26 11:57:49+08:00,13821.0,469.04784059152723
2024-06-26 11:57:50+08:00,13822.0,468.7235120522459
2024-06-26 11:57:51+08:00,13823.0,468.43058182401603
2024-06-26 11:57:52+08:00,13824.0,468.1708543956963
2024-06-26 11:57:53+08:00,13825.0,467.94613425614614
2024-06-26 11:57:54+08:00,13826.0,467.75822589422415
2024-06-26 11:57:55+08:00,13827.0,467.6089337987896
2024-06-26 11:57:56+08:00,13828.0,467.5000624587014
2024-06-26 11:57:57+08:00,13829.0,467.4334163628185
2024-06-26 11:57:58+08:00,13830.0,467.4108
2024-06-26 11:57:59+08:00,13831.0,467.4705609335955
2024-06-26 11:58:00+08:00,13832.0,467.64543589679795
2024-06-26 11:58:01+08:00,13833.0,467.9288131332312
2024-06-26 11:58:02+08:00,13834.0,468.31408088651926
2024-06-26 11:58:03+08:00,13835.0,468.79462740028595
2024-06-26 11:58:04+08:00,13836.0,469.3638409181553
2024-06-26 11:58:05+08:00,13837.0,470.0151096837511
2024-06-26 11:58:06+08:00,13838.0,470.7418219406975
2024-06-26 11:58:07+08:00,13839.0,471.5373659326182
2024-06-26 11:58:08+08:00,13840.0,472.3951299031373
2024-06-26 11:58:09+08:00,13841.0,473.3085020958785
2024-06-26 11:58:10+08:00,13842.0,474.2708707544659
2024-06-26 11:58:11+08:00,13843.0,475.2756241225233
2024-06-26 11:58:12+08:00,13844.0,476.31615044367476
2024-06-26 11:58:13+08:00,13845.0,477.3858379615441
2024-06-26 11:58:14+08:00,13846.0,478.4780749197553
2024-06-26 11:58:15+08:00,13847.0,479.5862495619322
2024-06-26 11:58:16+08:00,13848.0,480.7037501316988
2024-06-26 11:58:17+08:00,13849.0,481.82396487267897
2024-06-26 11:58:18+08:00,13850.0,482.9402820284967
2024-06-26 11:58:19+08:00,13851.0,484.04608984277587
2024-06-26 11:58:20+08:00,13852.0,485.13477655914033
2024-06-26 11:58:21+08:00,13853.0,486.19973042121416
2024-06-26 11:58:22+08:00,13854.0,487.2343396726211
2024-06-26 11:58:23+08:00,13855.0,488.2319925569853
2024-06-26 11:58:24+08:00,13856.0,489.1860773179304
2024-06-26 11:58:25+08:00,13857.0,490.0899821990805
2024-06-26 11:58:26+08:00,13858.0,490.9370954440596
2024-06-26 11:58:27+08:00,13859.0,491.7208052964914
2024-06-26 11:58:28+08:00,13860.0,492.43449999999996
2024-06-26 11:58:29+08:00,13861.0,493.1222672961011
2024-06-26 11:58:30+08:00,13862.0,493.8305519633478
2024-06-26 11:58:31+08:00,13863.0,494.55627780091936
2024-06-26 11:58:32+08:00,13864.0,495.2963686079954
2024-06-26 11:58:33+08:00,13865.0,496.0477481837554
2024-06-26 11:58:34+08:00,13866.0,496.8073403273788
2024-06-26 11:58:35+08:00,13867.0,497.572068838045
2024-06-26 11:58:36+08:00,13868.0,498.33885751493364
2024-06-26 11:58:37+08:00,13869.0,499.10463015722405
2024-06-26 11:58:38+08:00,13870.0,499.8663105640958
2024-06-26 11:58:39+08:00,13871.0,500.62082253472835
2024-06-26 11:58:40+08:00,13872.0,501.36508986830114
2024-06-26 11:58:41+08:00,13873.0,502.0960363639937
2024-06-26 11:58:42+08:00,13874.0,502.8105858209854
2024-06-26 11:58:43+08:00,13875.0,503.50566203845585
2024-06-26 11:58:44+08:00,13876.0,504.17818881558446
2024-06-26 11:58:45+08:00,13877.0,504.82508995155075
2024-06-26 11:58:46+08:00,13878.0,505.44328924553406
2024-06-26 11:58:47+08:00,13879.0,506.0297104967141
2024-06-26 11:58:48+08:00,13880.0,506.5812775042702
2024-06-26 11:58:49+08:00,13881.0,507.09491406738175
2024-06-26 11:58:50+08:00,13882.0,507.56754398522844
2024-06-26 11:58:51+08:00,13883.0,507.99609105698954
2024-06-26 11:58:52+08:00,13884.0,508.37747908184474
2024-06-26 11:58:53+08:00,13885.0,508.70863185897326
2024-06-26 11:58:54+08:00,13886.0,508.9864731875548
2024-06-26 11:58:55+08:00,13887.0,509.2079268667689
2024-06-26 11:58:56+08:00,13888.0,509.3699166957947
2024-06-26 11:58:57+08:00,13889.0,509.469366473812
2024-06-26 11:58:58+08:00,13890.0,509.5032
2024-06-26 11:58:59+08:00,13891.0,509.40166136296295
2024-06-26 11:59:00+08:00,13892.0,509.10627623703704
2024-06-26 11:59:01+08:00,13893.0,508.6308908
2024-06-26 11:59:02+08:00,13894.0,507.9893512296296
2024-06-26 11:59:03+08:00,13895.0,507.1955037037037
2024-06-26 11:59:04+08:00,13896.0,506.2631944
2024-06-26 11:59:05+08:00,13897.0,505.2062694962963
2024-06-26 11:59:06+08:00,13898.0,504.0385751703704
2024-06-26 11:59:07+08:00,13899.0,502.77395759999996
2024-06-26 11:59:08+08:00,13900.0,501.42626296296294
2024-06-26 11:59:09+08:00,13901.0,500.00933743703706
2024-06-26 11:59:10+08:00,13902.0,498.5370272
2024-06-26 11:59:11+08:00,13903.0,497.02317842962964
2024-06-26 11:59:12+08:00,13904.0,495.4816373037037
2024-06-26 11:59:13+08:00,13905.0,493.92625
2024-06-26 11:59:14+08:00,13906.0,492.37086269629623
2024-06-26 11:59:15+08:00,13907.0,490.8293215703704
2024-06-26 11:59:16+08:00,13908.0,489.3154728
2024-06-26 11:59:17+08:00,13909.0,487.8431625629629
2024-06-26 11:59:18+08:00,13910.0,486.426237037037
2024-06-26 11:59:19+08:00,13911.0,485.07854239999995
2024-06-26 11:59:20+08:00,13912.0,483.8139248296296
2024-06-26 11:59:21+08:00,13913.0,482.64623050370363
2024-06-26 11:59:22+08:00,13914.0,481.5893056
2024-06-26 11:59:23+08:00,13915.0,480.65699629629626
2024-06-26 11:59:24+08:00,13916.0,479.86314877037034
2024-06-26 11:59:25+08:00,13917.0,479.2216092
2024-06-26 11:59:26+08:00,13918.0,478.7462237629629
2024-06-26 11:59:27+08:00,13919.0,478.450838637037
2024-06-26 11:59:28+08:00,13920.0,478.34929999999997
2024-06-26 11:59:29+08:00,13921.0,478.3641948148148
2024-06-26 11:59:30+08:00,13922.0,478.40752518518514
2024-06-26 11:59:31+08:00,13923.0,478.47725999999994
2024-06-26 11:59:32+08:00,13924.0,478.5713681481481
2024-06-26 11:59:33+08:00,13925.0,478.6878185185185
2024-06-26 11:59:34+08:00,13926.0,478.82457999999997
2024-06-26 11:59:35+08:00,13927.0,478.9796214814815
2024-06-26 11:59:36+08:00,13928.0,479.15091185185184
2024-06-26 11:59:37+08:00,13929.0,479.33642
2024-06-26 11:59:38+08:00,13930.0,479.5341148148148
2024-06-26 11:59:39+08:00,13931.0,479.74196518518517
2024-06-26 11:59:40+08:00,13932.0,479.95793999999995
2024-06-26 11:59:41+08:00,13933.0,480.18000814814815
2024-06-26 11:59:42+08:00,13934.0,480.4061385185185
2024-06-26 11:59:43+08:00,13935.0,480.63430000000005
2024-06-26 11:59:44+08:00,13936.0,480.8624614814815
2024-06-26 11:59:45+08:00,13937.0,481.08859185185185
2024-06-26 11:59:46+08:00,13938.0,481.31066000000004
2024-06-26 11:59:47+08:00,13939.0,481.5266348148148
2024-06-26 11:59:48+08:00,13940.0,481.73448518518524
2024-06-26 11:59:49+08:00,13941.0,481.93218
2024-06-26 11:59:50+08:00,13942.0,482.1176881481482
2024-06-26 11:59:51+08:00,13943.0,482.28897851851855
2024-06-26 11:59:52+08:00,13944.0,482.44401999999997
2024-06-26 11:59:53+08:00,13945.0,482.5807814814815
2024-06-26 11:59:54+08:00,13946.0,482.6972318518519
2024-06-26 11:59:55+08:00,13947.0,482.79134
2024-06-26 11:59:56+08:00,13948.0,482.86107481481486
2024-06-26 11:59:57+08:00,13949.0,482.90440518518517
2024-06-26 11:59:58+08:00,13950.0,482.9193
2024-06-26 11:59:59+08:00,13951.0,482.9010451791046
2024-06-26 12:00:00+08:00,13952.0,482.8475335499517
2024-06-26 12:00:01+08:00,13953.0,482.7606443628417
2024-06-26 12:00:02+08:00,13954.0,482.6422568680745
2024-06-26 12:00:03+08:00,13955.0,482.4942503159507
2024-06-26 12:00:04+08:00,13956.0,482.3185039567702
2024-06-26 12:00:05+08:00,13957.0,482.1168970408333
2024-06-26 12:00:06+08:00,13958.0,481.89130881844034
2024-06-26 12:00:07+08:00,13959.0,481.6436185398913
2024-06-26 12:00:08+08:00,13960.0,481.3757054554865
2024-06-26 12:00:09+08:00,13961.0,481.0894488155262
2024-06-26 12:00:10+08:00,13962.0,480.78672787031053
2024-06-26 12:00:11+08:00,13963.0,480.4694218701397
2024-06-26 12:00:12+08:00,13964.0,480.139410065314
2024-06-26 12:00:13+08:00,13965.0,479.7985717061335
2024-06-26 12:00:14+08:00,13966.0,479.4487860428985
2024-06-26 12:00:15+08:00,13967.0,479.09193232590917
2024-06-26 12:00:16+08:00,13968.0,478.72988980546575
2024-06-26 12:00:17+08:00,13969.0,478.3645377318685
2024-06-26 12:00:18+08:00,13970.0,477.9977553554175
2024-06-26 12:00:19+08:00,13971.0,477.63142192641294
2024-06-26 12:00:20+08:00,13972.0,477.2674166951552
2024-06-26 12:00:21+08:00,13973.0,476.9076189119444
2024-06-26 12:00:22+08:00,13974.0,476.5539078270807
2024-06-26 12:00:23+08:00,13975.0,476.20816269086436
2024-06-26 12:00:24+08:00,13976.0,475.8722627535955
2024-06-26 12:00:25+08:00,13977.0,475.5480872655745
2024-06-26 12:00:26+08:00,13978.0,475.2375154771014
2024-06-26 12:00:27+08:00,13979.0,474.9424266384765
2024-06-26 12:00:28+08:00,13980.0,474.6647
2024-06-26 12:00:29+08:00,13981.0,474.3882588133753
2024-06-26 12:00:30+08:00,13982.0,474.09690947104673
2024-06-26 12:00:31+08:00,13983.0,473.79235593442553
2024-06-26 12:00:32+08:00,13984.0,473.47630216492297
2024-06-26 12:00:33+08:00,13985.0,473.1504521239504
2024-06-26 12:00:34+08:00,13986.0,472.8165097729193
2024-06-26 12:00:35+08:00,13987.0,472.47617907324076
2024-06-26 12:00:36+08:00,13988.0,472.13116398632627
2024-06-26 12:00:37+08:00,13989.0,471.78316847358707
2024-06-26 12:00:38+08:00,13990.0,471.4338964964344
2024-06-26 12:00:39+08:00,13991.0,471.0850520162797
2024-06-26 12:00:40+08:00,13992.0,470.7383389945342
2024-06-26 12:00:41+08:00,13993.0,470.3954613926094
2024-06-26 12:00:42+08:00,13994.0,470.05812317191635
2024-06-26 12:00:43+08:00,13995.0,469.72802829386654
2024-06-26 12:00:44+08:00,13996.0,469.4068807198712
2024-06-26 12:00:45+08:00,13997.0,469.0963844113418
2024-06-26 12:00:46+08:00,13998.0,468.79824332968946
2024-06-26 12:00:47+08:00,13999.0,468.5141614363257
2024-06-26 12:00:48+08:00,14000.0,468.24584269266165
2024-06-26 12:00:49+08:00,14001.0,467.99499106010876
2024-06-26 12:00:50+08:00,14002.0,467.7633105000782
2024-06-26 12:00:51+08:00,14003.0,467.5525049739815
2024-06-26 12:00:52+08:00,14004.0,467.36427844322986
2024-06-26 12:00:53+08:00,14005.0,467.20033486923455
2024-06-26 12:00:54+08:00,14006.0,467.062378213407
2024-06-26 12:00:55+08:00,14007.0,466.95211243715846
2024-06-26 12:00:56+08:00,14008.0,466.8712415019002
2024-06-26 12:00:57+08:00,14009.0,466.8214693690436
2024-06-26 12:00:58+08:00,14010.0,466.8045
2024-06-26 12:00:59+08:00,14011.0,466.8322314220451
2024-06-26 12:01:00+08:00,14012.0,466.91312653418174
2024-06-26 12:01:01+08:00,14013.0,467.0437366054122
2024-06-26 12:01:02+08:00,14014.0,467.2206129047387
2024-06-26 12:01:03+08:00,14015.0,467.44030670116314
2024-06-26 12:01:04+08:00,14016.0,467.69936926368786
2024-06-26 12:01:05+08:00,14017.0,467.9943518613151
2024-06-26 12:01:06+08:00,14018.0,468.32180576304694
2024-06-26 12:01:07+08:00,14019.0,468.6782822378856
2024-06-26 12:01:08+08:00,14020.0,469.06033255483305
2024-06-26 12:01:09+08:00,14021.0,469.46450798289175
2024-06-26 12:01:10+08:00,14022.0,469.8873597910637
2024-06-26 12:01:11+08:00,14023.0,470.3254392483511
2024-06-26 12:01:12+08:00,14024.0,470.77529762375605
2024-06-26 12:01:13+08:00,14025.0,471.2334861862808
2024-06-26 12:01:14+08:00,14026.0,471.69655620492756
2024-06-26 12:01:15+08:00,14027.0,472.1610589486984
2024-06-26 12:01:16+08:00,14028.0,472.6235456865955
2024-06-26 12:01:17+08:00,14029.0,473.08056768762106
2024-06-26 12:01:18+08:00,14030.0,473.5286762207773
2024-06-26 12:01:19+08:00,14031.0,473.9644225550662
2024-06-26 12:01:20+08:00,14032.0,474.3843579594902
2024-06-26 12:01:21+08:00,14033.0,474.7850337030512
2024-06-26 12:01:22+08:00,14034.0,475.16300105475153
2024-06-26 12:01:23+08:00,14035.0,475.51481128359336
2024-06-26 12:01:24+08:00,14036.0,475.8370156585788
2024-06-26 12:01:25+08:00,14037.0,476.12616544871
2024-06-26 12:01:26+08:00,14038.0,476.37881192298914
2024-06-26 12:01:27+08:00,14039.0,476.59150635041846
2024-06-26 12:01:28+08:00,14040.0,476.7608
2024-06-26 12:01:29+08:00,14041.0,476.90682970884086
2024-06-26 12:01:30+08:00,14042.0,477.0518472177516
2024-06-26 12:01:31+08:00,14043.0,477.19557615129
2024-06-26 12:01:32+08:00,14044.0,477.33774013401387
2024-06-26 12:01:33+08:00,14045.0,477.47806279048075
2024-06-26 12:01:34+08:00,14046.0,477.6162677452485
2024-06-26 12:01:35+08:00,14047.0,477.75207862287476
2024-06-26 12:01:36+08:00,14048.0,477.88521904791725
2024-06-26 12:01:37+08:00,14049.0,478.0154126449338
2024-06-26 12:01:38+08:00,14050.0,478.142383038482
2024-06-26 12:01:39+08:00,14051.0,478.26585385311967
2024-06-26 12:01:40+08:00,14052.0,478.3855487134045
2024-06-26 12:01:41+08:00,14053.0,478.50119124389425
2024-06-26 12:01:42+08:00,14054.0,478.61250506914655
2024-06-26 12:01:43+08:00,14055.0,478.7192138137192
2024-06-26 12:01:44+08:00,14056.0,478.8210411021699
2024-06-26 12:01:45+08:00,14057.0,478.9177105590564
2024-06-26 12:01:46+08:00,14058.0,479.00894580893635
2024-06-26 12:01:47+08:00,14059.0,479.0944704763676
2024-06-26 12:01:48+08:00,14060.0,479.17400818590767
2024-06-26 12:01:49+08:00,14061.0,479.24728256211444
2024-06-26 12:01:50+08:00,14062.0,479.31401722954564
2024-06-26 12:01:51+08:00,14063.0,479.373935812759
2024-06-26 12:01:52+08:00,14064.0,479.42676193631206
2024-06-26 12:01:53+08:00,14065.0,479.4722192247628
2024-06-26 12:01:54+08:00,14066.0,479.5100313026688
2024-06-26 12:01:55+08:00,14067.0,479.53992179458777
2024-06-26 12:01:56+08:00,14068.0,479.56161432507747
2024-06-26 12:01:57+08:00,14069.0,479.57483251869564
2024-06-26 12:01:58+08:00,14070.0,479.5793
2024-06-26 12:01:59+08:00,14071.0,479.5666654814815
2024-06-26 12:02:00+08:00,14072.0,479.5299105185185
2024-06-26 12:02:01+08:00,14073.0,479.470758
2024-06-26 12:02:02+08:00,14074.0,479.3909308148148
2024-06-26 12:02:03+08:00,14075.0,479.2921518518518
2024-06-26 12:02:04+08:00,14076.0,479.176144
2024-06-26 12:02:05+08:00,14077.0,479.04463014814814
2024-06-26 12:02:06+08:00,14078.0,478.8993331851852
2024-06-26 12:02:07+08:00,14079.0,478.741976
2024-06-26 12:02:08+08:00,14080.0,478.5742814814815
2024-06-26 12:02:09+08:00,14081.0,478.39797251851854
2024-06-26 12:02:10+08:00,14082.0,478.21477200000004
2024-06-26 12:02:11+08:00,14083.0,478.0264028148148
2024-06-26 12:02:12+08:00,14084.0,477.83458785185184
2024-06-26 12:02:13+08:00,14085.0,477.64104999999995
2024-06-26 12:02:14+08:00,14086.0,477.4475121481482
2024-06-26 12:02:15+08:00,14087.0,477.25569718518517
2024-06-26 12:02:16+08:00,14088.0,477.06732800000003
2024-06-26 12:02:17+08:00,14089.0,476.88412748148147
2024-06-26 12:02:18+08:00,14090.0,476.70781851851854
2024-06-26 12:02:19+08:00,14091.0,476.540124
2024-06-26 12:02:20+08:00,14092.0,476.3827668148149
2024-06-26 12:02:21+08:00,14093.0,476.23746985185187
2024-06-26 12:02:22+08:00,14094.0,476.105956
2024-06-26 12:02:23+08:00,14095.0,475.9899481481482
2024-06-26 12:02:24+08:00,14096.0,475.8911691851852
2024-06-26 12:02:25+08:00,14097.0,475.811342
2024-06-26 12:02:26+08:00,14098.0,475.75218948148154
2024-06-26 12:02:27+08:00,14099.0,475.7154345185186
2024-06-26 12:02:28+08:00,14100.0,475.7028
2024-06-26 12:02:29+08:00,14101.0,475.88863318518526
2024-06-26 12:02:30+08:00,14102.0,476.4292388148148
2024-06-26 12:02:31+08:00,14103.0,477.299276
2024-06-26 12:02:32+08:00,14104.0,478.47340385185186
2024-06-26 12:02:33+08:00,14105.0,479.9262814814815
2024-06-26 12:02:34+08:00,14106.0,481.63256800000005
2024-06-26 12:02:35+08:00,14107.0,483.56692251851854
2024-06-26 12:02:36+08:00,14108.0,485.70400414814816
2024-06-26 12:02:37+08:00,14109.0,488.01847200000003
2024-06-26 12:02:38+08:00,14110.0,490.48498518518517
2024-06-26 12:02:39+08:00,14111.0,493.0782028148148
2024-06-26 12:02:40+08:00,14112.0,495.772784
2024-06-26 12:02:41+08:00,14113.0,498.5433878518519
2024-06-26 12:02:42+08:00,14114.0,501.3646734814815
2024-06-26 12:02:43+08:00,14115.0,504.2113
2024-06-26 12:02:44+08:00,14116.0,507.0579265185185
2024-06-26 12:02:45+08:00,14117.0,509.8792121481481
2024-06-26 12:02:46+08:00,14118.0,512.649816
2024-06-26 12:02:47+08:00,14119.0,515.3443971851851
2024-06-26 12:02:48+08:00,14120.0,517.9376148148149
2024-06-26 12:02:49+08:00,14121.0,520.404128
2024-06-26 12:02:50+08:00,14122.0,522.7185958518519
2024-06-26 12:02:51+08:00,14123.0,524.8556774814815
2024-06-26 12:02:52+08:00,14124.0,526.790032
2024-06-26 12:02:53+08:00,14125.0,528.4963185185186
2024-06-26 12:02:54+08:00,14126.0,529.9491961481481
2024-06-26 12:02:55+08:00,14127.0,531.1233239999999
2024-06-26 12:02:56+08:00,14128.0,531.9933611851851
2024-06-26 12:02:57+08:00,14129.0,532.5339668148148
2024-06-26 12:02:58+08:00,14130.0,532.7198
2024-06-26 12:02:59+08:00,14131.0,532.5702169481482
2024-06-26 12:03:00+08:00,14132.0,532.1350662518518
2024-06-26 12:03:01+08:00,14133.0,531.4347455999999
2024-06-26 12:03:02+08:00,14134.0,530.4896526814814
2024-06-26 12:03:03+08:00,14135.0,529.3201851851851
2024-06-26 12:03:04+08:00,14136.0,527.9467407999999
2024-06-26 12:03:05+08:00,14137.0,526.3897172148148
2024-06-26 12:03:06+08:00,14138.0,524.6695121185185
2024-06-26 12:03:07+08:00,14139.0,522.8065231999999
2024-06-26 12:03:08+08:00,14140.0,520.8211481481482
2024-06-26 12:03:09+08:00,14141.0,518.7337846518518
2024-06-26 12:03:10+08:00,14142.0,516.5648304
2024-06-26 12:03:11+08:00,14143.0,514.3346830814814
2024-06-26 12:03:12+08:00,14144.0,512.0637403851852
2024-06-26 12:03:13+08:00,14145.0,509.7724
2024-06-26 12:03:14+08:00,14146.0,507.4810596148148
2024-06-26 12:03:15+08:00,14147.0,505.2101169185185
2024-06-26 12:03:16+08:00,14148.0,502.9799696
2024-06-26 12:03:17+08:00,14149.0,500.81101534814815
2024-06-26 12:03:18+08:00,14150.0,498.7236518518518
2024-06-26 12:03:19+08:00,14151.0,496.7382768
2024-06-26 12:03:20+08:00,14152.0,494.8752878814815
2024-06-26 12:03:21+08:00,14153.0,493.1550827851852
2024-06-26 12:03:22+08:00,14154.0,491.59805919999997
2024-06-26 12:03:23+08:00,14155.0,490.2246148148148
2024-06-26 12:03:24+08:00,14156.0,489.05514731851855
2024-06-26 12:03:25+08:00,14157.0,488.11005439999997
2024-06-26 12:03:26+08:00,14158.0,487.40973374814814
2024-06-26 12:03:27+08:00,14159.0,486.9745830518518
2024-06-26 12:03:28+08:00,14160.0,486.825
2024-06-26 12:03:29+08:00,14161.0,486.87032684444443
2024-06-26 12:03:30+08:00,14162.0,487.00218675555556
2024-06-26 12:03:31+08:00,14163.0,487.21439879999997
2024-06-26 12:03:32+08:00,14164.0,487.50078204444446
2024-06-26 12:03:33+08:00,14165.0,487.85515555555554
2024-06-26 12:03:34+08:00,14166.0,488.2713384
2024-06-26 12:03:35+08:00,14167.0,488.74314964444443
2024-06-26 12:03:36+08:00,14168.0,489.2644083555556
2024-06-26 12:03:37+08:00,14169.0,489.82893359999997
2024-06-26 12:03:38+08:00,14170.0,490.4305444444444
2024-06-26 12:03:39+08:00,14171.0,491.06305995555556
2024-06-26 12:03:40+08:00,14172.0,491.7202992
2024-06-26 12:03:41+08:00,14173.0,492.3960812444444
2024-06-26 12:03:42+08:00,14174.0,493.08422515555554
2024-06-26 12:03:43+08:00,14175.0,493.77855
2024-06-26 12:03:44+08:00,14176.0,494.47287484444445
2024-06-26 12:03:45+08:00,14177.0,495.1610187555556
2024-06-26 12:03:46+08:00,14178.0,495.8368008
2024-06-26 12:03:47+08:00,14179.0,496.4940400444445
2024-06-26 12:03:48+08:00,14180.0,497.1265555555555
2024-06-26 12:03:49+08:00,14181.0,497.7281664
2024-06-26 12:03:50+08:00,14182.0,498.29269164444446
2024-06-26 12:03:51+08:00,14183.0,498.8139503555555
2024-06-26 12:03:52+08:00,14184.0,499.28576160000006
2024-06-26 12:03:53+08:00,14185.0,499.70194444444445
2024-06-26 12:03:54+08:00,14186.0,500.0563179555555
2024-06-26 12:03:55+08:00,14187.0,500.3427012000001
2024-06-26 12:03:56+08:00,14188.0,500.55491324444444
2024-06-26 12:03:57+08:00,14189.0,500.68677315555556
2024-06-26 12:03:58+08:00,14190.0,500.7321
2024-06-26 12:03:59+08:00,14191.0,500.7282828633048
2024-06-26 12:04:00+08:00,14192.0,500.7169455257135
2024-06-26 12:04:01+08:00,14193.0,500.6982590959677
2024-06-26 12:04:02+08:00,14194.0,500.67239468280894
2024-06-26 12:04:03+08:00,14195.0,500.6395233949787
2024-06-26 12:04:04+08:00,14196.0,500.5998163412185
2024-06-26 12:04:05+08:00,14197.0,500.55344463027
2024-06-26 12:04:06+08:00,14198.0,500.5005793708747
2024-06-26 12:04:07+08:00,14199.0,500.441391671774
2024-06-26 12:04:08+08:00,14200.0,500.37605264170963
2024-06-26 12:04:09+08:00,14201.0,500.304733389423
2024-06-26 12:04:10+08:00,14202.0,500.2276050236557
2024-06-26 12:04:11+08:00,14203.0,500.14483865314924
2024-06-26 12:04:12+08:00,14204.0,500.0566053866452
2024-06-26 12:04:13+08:00,14205.0,499.963076332885
2024-06-26 12:04:14+08:00,14206.0,499.86442260061034
2024-06-26 12:04:15+08:00,14207.0,499.76081529856265
2024-06-26 12:04:16+08:00,14208.0,499.65242553548353
2024-06-26 12:04:17+08:00,14209.0,499.53942442011447
2024-06-26 12:04:18+08:00,14210.0,499.42198306119707
2024-06-26 12:04:19+08:00,14211.0,499.30027256747275
2024-06-26 12:04:20+08:00,14212.0,499.17446404768316
2024-06-26 12:04:21+08:00,14213.0,499.04472861056985
2024-06-26 12:04:22+08:00,14214.0,498.91123736487424
2024-06-26 12:04:23+08:00,14215.0,498.774161419338
2024-06-26 12:04:24+08:00,14216.0,498.6336718827025
2024-06-26 12:04:25+08:00,14217.0,498.4899398637095
2024-06-26 12:04:26+08:00,14218.0,498.34313647110037
2024-06-26 12:04:27+08:00,14219.0,498.1934328136167
2024-06-26 12:04:28+08:00,14220.0,498.041
2024-06-26 12:04:29+08:00,14221.0,497.8448002234203
2024-06-26 12:04:30+08:00,14222.0,497.5677744918626
2024-06-26 12:04:31+08:00,14223.0,497.21606213629053
2024-06-26 12:04:32+08:00,14224.0,496.79580248766786
2024-06-26 12:04:33+08:00,14225.0,496.3131348769583
2024-06-26 12:04:34+08:00,14226.0,495.77419863512574
2024-06-26 12:04:35+08:00,14227.0,495.18513309313386
2024-06-26 12:04:36+08:00,14228.0,494.55207758194643
2024-06-26 12:04:37+08:00,14229.0,493.88117143252725
2024-06-26 12:04:38+08:00,14230.0,493.17855397584003
2024-06-26 12:04:39+08:00,14231.0,492.4503645428485
2024-06-26 12:04:40+08:00,14232.0,491.7027424645164
2024-06-26 12:04:41+08:00,14233.0,490.9418270718077
2024-06-26 12:04:42+08:00,14234.0,490.173757695686
2024-06-26 12:04:43+08:00,14235.0,489.404673667115
2024-06-26 12:04:44+08:00,14236.0,488.64071431705855
2024-06-26 12:04:45+08:00,14237.0,487.88801897648045
2024-06-26 12:04:46+08:00,14238.0,487.1527269763443
2024-06-26 12:04:47+08:00,14239.0,486.44097764761403
2024-06-26 12:04:48+08:00,14240.0,485.7589103212533
2024-06-26 12:04:49+08:00,14241.0,485.11266432822595
2024-06-26 12:04:50+08:00,14242.0,484.5083789994957
2024-06-26 12:04:51+08:00,14243.0,483.95219366602623
2024-06-26 12:04:52+08:00,14244.0,483.45024765878145
2024-06-26 12:04:53+08:00,14245.0,483.008680308725
2024-06-26 12:04:54+08:00,14246.0,482.6336309468207
2024-06-26 12:04:55+08:00,14247.0,482.3312389040323
2024-06-26 12:04:56+08:00,14248.0,482.10764351132354
2024-06-26 12:04:57+08:00,14249.0,481.96898409965814
2024-06-26 12:04:58+08:00,14250.0,481.9214
2024-06-26 12:04:59+08:00,14251.0,481.9262817573596
2024-06-26 12:05:00+08:00,14252.0,481.94076200543464
2024-06-26 12:05:01+08:00,14253.0,481.9645932082198
2024-06-26 12:05:02+08:00,14254.0,481.9975278297096
2024-06-26 12:05:03+08:00,14255.0,482.0393183338987
2024-06-26 12:05:04+08:00,14256.0,482.08971718478153
2024-06-26 12:05:05+08:00,14257.0,482.14847684635276
2024-06-26 12:05:06+08:00,14258.0,482.21534978260695
2024-06-26 12:05:07+08:00,14259.0,482.2900884575386
2024-06-26 12:05:08+08:00,14260.0,482.3724453351424
2024-06-26 12:05:09+08:00,14261.0,482.46217287941283
2024-06-26 12:05:10+08:00,14262.0,482.55902355434455
2024-06-26 12:05:11+08:00,14263.0,482.662749823932
2024-06-26 12:05:12+08:00,14264.0,482.77310415217
2024-06-26 12:05:13+08:00,14265.0,482.8898390030528
2024-06-26 12:05:14+08:00,14266.0,483.0127068405752
2024-06-26 12:05:15+08:00,14267.0,483.14146012873164
2024-06-26 12:05:16+08:00,14268.0,483.2758513315169
2024-06-26 12:05:17+08:00,14269.0,483.4156329129253
2024-06-26 12:05:18+08:00,14270.0,483.56055733695143
2024-06-26 12:05:19+08:00,14271.0,483.7103770675901
2024-06-26 12:05:20+08:00,14272.0,483.8648445688357
2024-06-26 12:05:21+08:00,14273.0,484.0237123046828
2024-06-26 12:05:22+08:00,14274.0,484.1867327391261
2024-06-26 12:05:23+08:00,14275.0,484.35365833616
2024-06-26 12:05:24+08:00,14276.0,484.5242415597792
2024-06-26 12:05:25+08:00,14277.0,484.69823487397827
2024-06-26 12:05:26+08:00,14278.0,484.8753907427516
2024-06-26 12:05:27+08:00,14279.0,485.05546163009404
2024-06-26 12:05:28+08:00,14280.0,485.2382
2024-06-26 12:05:29+08:00,14281.0,485.4636956143504
2024-06-26 12:05:30+08:00,14282.0,485.7681512128039
2024-06-26 12:05:31+08:00,14283.0,486.14548872602177
2024-06-26 12:05:32+08:00,14284.0,486.58963008466526
2024-06-26 12:05:33+08:00,14285.0,487.0944972193955
2024-06-26 12:05:34+08:00,14286.0,487.6540120608739
2024-06-26 12:05:35+08:00,14287.0,488.26209653976156
2024-06-26 12:05:36+08:00,14288.0,488.9126725867199
2024-06-26 12:05:37+08:00,14289.0,489.5996621324099
2024-06-26 12:05:38+08:00,14290.0,490.316987107493
2024-06-26 12:05:39+08:00,14291.0,491.0585694426303
2024-06-26 12:05:40+08:00,14292.0,491.81833106848313
2024-06-26 12:05:41+08:00,14293.0,492.5901939157128
2024-06-26 12:05:42+08:00,14294.0,493.3680799149804
2024-06-26 12:05:43+08:00,14295.0,494.1459109969472
2024-06-26 12:05:44+08:00,14296.0,494.91760909227446
2024-06-26 12:05:45+08:00,14297.0,495.67709613162344
2024-06-26 12:05:46+08:00,14298.0,496.4182940456554
2024-06-26 12:05:47+08:00,14299.0,497.1351247650316
2024-06-26 12:05:48+08:00,14300.0,497.82151022041313
2024-06-26 12:05:49+08:00,14301.0,498.47137234246134
2024-06-26 12:05:50+08:00,14302.0,499.0786330618375
2024-06-26 12:05:51+08:00,14303.0,499.63721430920276
2024-06-26 12:05:52+08:00,14304.0,500.14103801521856
2024-06-26 12:05:53+08:00,14305.0,500.5840261105458
2024-06-26 12:05:54+08:00,14306.0,500.9601005258459
2024-06-26 12:05:55+08:00,14307.0,501.26318319178023
2024-06-26 12:05:56+08:00,14308.0,501.4871960390098
2024-06-26 12:05:57+08:00,14309.0,501.62606099819595
2024-06-26 12:05:58+08:00,14310.0,501.6737
2024-06-26 12:05:59+08:00,14311.0,501.61656591202086
2024-06-26 12:06:00+08:00,14312.0,501.4499537904868
2024-06-26 12:06:01+08:00,14313.0,501.18104884900265
2024-06-26 12:06:02+08:00,14314.0,500.8170363011733
2024-06-26 12:06:03+08:00,14315.0,500.36510136060355
2024-06-26 12:06:04+08:00,14316.0,499.83242924089836
2024-06-26 12:06:05+08:00,14317.0,499.22620515566257
2024-06-26 12:06:06+08:00,14318.0,498.55361431850105
2024-06-26 12:06:07+08:00,14319.0,497.8218419430187
2024-06-26 12:06:08+08:00,14320.0,497.03807324282025
2024-06-26 12:06:09+08:00,14321.0,496.20949343151085
2024-06-26 12:06:10+08:00,14322.0,495.3432877226951
2024-06-26 12:06:11+08:00,14323.0,494.446641329978
2024-06-26 12:06:12+08:00,14324.0,493.52673946696444
2024-06-26 12:06:13+08:00,14325.0,492.59076734725926
2024-06-26 12:06:14+08:00,14326.0,491.6459101844673
2024-06-26 12:06:15+08:00,14327.0,490.6993531921935
2024-06-26 12:06:16+08:00,14328.0,489.75828158404266
2024-06-26 12:06:17+08:00,14329.0,488.8298805736197
2024-06-26 12:06:18+08:00,14330.0,487.9213353745295
2024-06-26 12:06:19+08:00,14331.0,487.0398312003769
2024-06-26 12:06:20+08:00,14332.0,486.19255326476673
2024-06-26 12:06:21+08:00,14333.0,485.386686781304
2024-06-26 12:06:22+08:00,14334.0,484.6294169635935
2024-06-26 12:06:23+08:00,14335.0,483.9279290252401
2024-06-26 12:06:24+08:00,14336.0,483.2894081798486
2024-06-26 12:06:25+08:00,14337.0,482.721039641024
2024-06-26 12:06:26+08:00,14338.0,482.23000862237114
2024-06-26 12:06:27+08:00,14339.0,481.8235003374948
2024-06-26 12:06:28+08:00,14340.0,481.5087
2024-06-26 12:06:29+08:00,14341.0,481.24336837361625
2024-06-26 12:06:30+08:00,14342.0,480.9807690665178
2024-06-26 12:06:31+08:00,14343.0,480.72134155897595
2024-06-26 12:06:32+08:00,14344.0,480.4655253312625
2024-06-26 12:06:33+08:00,14345.0,480.2137598636488
2024-06-26 12:06:34+08:00,14346.0,479.96648463640656
2024-06-26 12:06:35+08:00,14347.0,479.72413912980704
2024-06-26 12:06:36+08:00,14348.0,479.4871628241221
2024-06-26 12:06:37+08:00,14349.0,479.2559951996231
2024-06-26 12:06:38+08:00,14350.0,479.0310757365816
2024-06-26 12:06:39+08:00,14351.0,478.8128439152692
2024-06-26 12:06:40+08:00,14352.0,478.6017392159573
2024-06-26 12:06:41+08:00,14353.0,478.3982011189176
2024-06-26 12:06:42+08:00,14354.0,478.20266910442155
2024-06-26 12:06:43+08:00,14355.0,478.01558265274076
2024-06-26 12:06:44+08:00,14356.0,477.8373812441466
2024-06-26 12:06:45+08:00,14357.0,477.66850435891087
2024-06-26 12:06:46+08:00,14358.0,477.5093914773049
2024-06-26 12:06:47+08:00,14359.0,477.3604820796003
2024-06-26 12:06:48+08:00,14360.0,477.2222156460686
2024-06-26 12:06:49+08:00,14361.0,477.09503165698135
2024-06-26 12:06:50+08:00,14362.0,476.97936959261006
2024-06-26 12:06:51+08:00,14363.0,476.87566893322634
2024-06-26 12:06:52+08:00,14364.0,476.78436915910163
2024-06-26 12:06:53+08:00,14365.0,476.70590975050754
2024-06-26 12:06:54+08:00,14366.0,476.64073018771563
2024-06-26 12:06:55+08:00,14367.0,476.5892699509974
2024-06-26 12:06:56+08:00,14368.0,476.55196852062437
2024-06-26 12:06:57+08:00,14369.0,476.529265376868
2024-06-26 12:06:58+08:00,14370.0,476.52160000000003
2024-06-26 12:06:59+08:00,14371.0,476.53039837037045
2024-06-26 12:07:00+08:00,14372.0,476.5559936296297
2024-06-26 12:07:01+08:00,14373.0,476.597186
2024-06-26 12:07:02+08:00,14374.0,476.65277570370375
2024-06-26 12:07:03+08:00,14375.0,476.721562962963
2024-06-26 12:07:04+08:00,14376.0,476.80234800000005
2024-06-26 12:07:05+08:00,14377.0,476.8939310370371
2024-06-26 12:07:06+08:00,14378.0,476.9951122962963
2024-06-26 12:07:07+08:00,14379.0,477.104692
2024-06-26 12:07:08+08:00,14380.0,477.2214703703704
2024-06-26 12:07:09+08:00,14381.0,477.34424762962965
2024-06-26 12:07:10+08:00,14382.0,477.471824
2024-06-26 12:07:11+08:00,14383.0,477.60299970370374
2024-06-26 12:07:12+08:00,14384.0,477.736574962963
2024-06-26 12:07:13+08:00,14385.0,477.87135
2024-06-26 12:07:14+08:00,14386.0,478.00612503703707
2024-06-26 12:07:15+08:00,14387.0,478.1397002962963
2024-06-26 12:07:16+08:00,14388.0,478.270876
2024-06-26 12:07:17+08:00,14389.0,478.39845237037036
2024-06-26 12:07:18+08:00,14390.0,478.52122962962966
2024-06-26 12:07:19+08:00,14391.0,478.638008
2024-06-26 12:07:20+08:00,14392.0,478.7475877037037
2024-06-26 12:07:21+08:00,14393.0,478.848768962963
2024-06-26 12:07:22+08:00,14394.0,478.94035199999996
2024-06-26 12:07:23+08:00,14395.0,479.021137037037
2024-06-26 12:07:24+08:00,14396.0,479.0899242962963
2024-06-26 12:07:25+08:00,14397.0,479.145514
2024-06-26 12:07:26+08:00,14398.0,479.18670637037036
2024-06-26 12:07:27+08:00,14399.0,479.2123016296296
2024-06-26 12:07:28+08:00,14400.0,479.2211
2024-06-26 12:07:29+08:00,14401.0,479.2133126518518
2024-06-26 12:07:30+08:00,14402.0,479.1906585481481
2024-06-26 12:07:31+08:00,14403.0,479.15419959999997
2024-06-26 12:07:32+08:00,14404.0,479.1049977185185
2024-06-26 12:07:33+08:00,14405.0,479.04411481481475
2024-06-26 12:07:34+08:00,14406.0,478.9726128
2024-06-26 12:07:35+08:00,14407.0,478.8915535851852
2024-06-26 12:07:36+08:00,14408.0,478.8019990814814
2024-06-26 12:07:37+08:00,14409.0,478.7050112
2024-06-26 12:07:38+08:00,14410.0,478.60165185185184
2024-06-26 12:07:39+08:00,14411.0,478.49298294814815
2024-06-26 12:07:40+08:00,14412.0,478.3800664
2024-06-26 12:07:41+08:00,14413.0,478.26396411851846
2024-06-26 12:07:42+08:00,14414.0,478.14573801481475
2024-06-26 12:07:43+08:00,14415.0,478.02645
2024-06-26 12:07:44+08:00,14416.0,477.9071619851852
2024-06-26 12:07:45+08:00,14417.0,477.78893588148145
2024-06-26 12:07:46+08:00,14418.0,477.6728336
2024-06-26 12:07:47+08:00,14419.0,477.55991705185187
2024-06-26 12:07:48+08:00,14420.0,477.4512481481481
2024-06-26 12:07:49+08:00,14421.0,477.34788879999996
2024-06-26 12:07:50+08:00,14422.0,477.2509009185185
2024-06-26 12:07:51+08:00,14423.0,477.16134641481483
2024-06-26 12:07:52+08:00,14424.0,477.0802872
2024-06-26 12:07:53+08:00,14425.0,477.00878518518516
2024-06-26 12:07:54+08:00,14426.0,476.9479022814815
2024-06-26 12:07:55+08:00,14427.0,476.8987004
2024-06-26 12:07:56+08:00,14428.0,476.86224145185184
2024-06-26 12:07:57+08:00,14429.0,476.83958734814814
2024-06-26 12:07:58+08:00,14430.0,476.8318
2024-06-26 12:07:59+08:00,14431.0,476.85945416296295
2024-06-26 12:08:00+08:00,14432.0,476.93990263703705
2024-06-26 12:08:01+08:00,14433.0,477.0693744
2024-06-26 12:08:02+08:00,14434.0,477.2440984296296
2024-06-26 12:08:03+08:00,14435.0,477.4603037037037
2024-06-26 12:08:04+08:00,14436.0,477.71421919999995
2024-06-26 12:08:05+08:00,14437.0,478.0020738962963
2024-06-26 12:08:06+08:00,14438.0,478.32009677037036
2024-06-26 12:08:07+08:00,14439.0,478.66451679999994
2024-06-26 12:08:08+08:00,14440.0,479.03156296296294
2024-06-26 12:08:09+08:00,14441.0,479.41746423703705
2024-06-26 12:08:10+08:00,14442.0,479.81844959999995
2024-06-26 12:08:11+08:00,14443.0,480.2307480296296
2024-06-26 12:08:12+08:00,14444.0,480.6505885037037
2024-06-26 12:08:13+08:00,14445.0,481.0742
2024-06-26 12:08:14+08:00,14446.0,481.49781149629626
2024-06-26 12:08:15+08:00,14447.0,481.9176519703704
2024-06-26 12:08:16+08:00,14448.0,482.3299504
2024-06-26 12:08:17+08:00,14449.0,482.73093576296293
2024-06-26 12:08:18+08:00,14450.0,483.116837037037
2024-06-26 12:08:19+08:00,14451.0,483.48388320000004
2024-06-26 12:08:20+08:00,14452.0,483.8283032296296
2024-06-26 12:08:21+08:00,14453.0,484.1463261037037
2024-06-26 12:08:22+08:00,14454.0,484.4341808
2024-06-26 12:08:23+08:00,14455.0,484.6880962962963
2024-06-26 12:08:24+08:00,14456.0,484.90430157037036
2024-06-26 12:08:25+08:00,14457.0,485.07902559999997
2024-06-26 12:08:26+08:00,14458.0,485.20849736296293
2024-06-26 12:08:27+08:00,14459.0,485.28894583703703
2024-06-26 12:08:28+08:00,14460.0,485.3166
2024-06-26 12:08:29+08:00,14461.0,485.21847706666665
2024-06-26 12:08:30+08:00,14462.0,484.93302853333336
2024-06-26 12:08:31+08:00,14463.0,484.4736348
2024-06-26 12:08:32+08:00,14464.0,483.8536762666667
2024-06-26 12:08:33+08:00,14465.0,483.0865333333333
2024-06-26 12:08:34+08:00,14466.0,482.1855864
2024-06-26 12:08:35+08:00,14467.0,481.16421586666667
2024-06-26 12:08:36+08:00,14468.0,480.03580213333333
2024-06-26 12:08:37+08:00,14469.0,478.8137256
2024-06-26 12:08:38+08:00,14470.0,477.5113666666667
2024-06-26 12:08:39+08:00,14471.0,476.1421057333334
2024-06-26 12:08:40+08:00,14472.0,474.7193232
2024-06-26 12:08:41+08:00,14473.0,473.25639946666666
2024-06-26 12:08:42+08:00,14474.0,471.76671493333333
2024-06-26 12:08:43+08:00,14475.0,470.26365000000004
2024-06-26 12:08:44+08:00,14476.0,468.7605850666667
2024-06-26 12:08:45+08:00,14477.0,467.27090053333336
2024-06-26 12:08:46+08:00,14478.0,465.8079768
2024-06-26 12:08:47+08:00,14479.0,464.3851942666667
2024-06-26 12:08:48+08:00,14480.0,463.01593333333335
2024-06-26 12:08:49+08:00,14481.0,461.7135744
2024-06-26 12:08:50+08:00,14482.0,460.4914978666667
2024-06-26 12:08:51+08:00,14483.0,459.3630841333333
2024-06-26 12:08:52+08:00,14484.0,458.3417136
2024-06-26 12:08:53+08:00,14485.0,457.4407666666667
2024-06-26 12:08:54+08:00,14486.0,456.6736237333334
2024-06-26 12:08:55+08:00,14487.0,456.0536652
2024-06-26 12:08:56+08:00,14488.0,455.59427146666667
2024-06-26 12:08:57+08:00,14489.0,455.3088229333333
2024-06-26 12:08:58+08:00,14490.0,455.21070000000003
2024-06-26 12:08:59+08:00,14491.0,455.24618544862545
2024-06-26 12:09:00+08:00,14492.0,455.3495221946225
2024-06-26 12:09:01+08:00,14493.0,455.51603083817264
2024-06-26 12:09:02+08:00,14494.0,455.74103197945686
2024-06-26 12:09:03+08:00,14495.0,456.0198462186567
2024-06-26 12:09:04+08:00,14496.0,456.3477941559531
2024-06-26 12:09:05+08:00,14497.0,456.7201963915277
2024-06-26 12:09:06+08:00,14498.0,457.13237352556143
2024-06-26 12:09:07+08:00,14499.0,457.57964615823573
2024-06-26 12:09:08+08:00,14500.0,458.0573348897318
2024-06-26 12:09:09+08:00,14501.0,458.560760320231
2024-06-26 12:09:10+08:00,14502.0,459.0852430499144
2024-06-26 12:09:11+08:00,14503.0,459.6261036789635
2024-06-26 12:09:12+08:00,14504.0,460.17866280755936
2024-06-26 12:09:13+08:00,14505.0,460.73824103588333
2024-06-26 12:09:14+08:00,14506.0,461.3001589641167
2024-06-26 12:09:15+08:00,14507.0,461.85973719244066
2024-06-26 12:09:16+08:00,14508.0,462.41229632103654
2024-06-26 12:09:17+08:00,14509.0,462.9531569500856
2024-06-26 12:09:18+08:00,14510.0,463.477639679769
2024-06-26 12:09:19+08:00,14511.0,463.9810651102682
2024-06-26 12:09:20+08:00,14512.0,464.4587538417643
2024-06-26 12:09:21+08:00,14513.0,464.9060264744386
2024-06-26 12:09:22+08:00,14514.0,465.31820360847234
2024-06-26 12:09:23+08:00,14515.0,465.69060584404684
2024-06-26 12:09:24+08:00,14516.0,466.01855378134337
2024-06-26 12:09:25+08:00,14517.0,466.2973680205431
2024-06-26 12:09:26+08:00,14518.0,466.5223691618274
2024-06-26 12:09:27+08:00,14519.0,466.68887780537744
2024-06-26 12:09:28+08:00,14520.0,466.79221455137457
2024-06-26 12:09:29+08:00,14521.0,466.8277
2024-06-26 12:09:30+08:00,14522.0,466.8185807146454
2024-06-26 12:09:31+08:00,14523.0,466.791360130364
2024-06-26 12:09:32+08:00,14524.0,466.74624415482947
2024-06-26 12:09:33+08:00,14525.0,466.6834386957155
2024-06-26 12:09:34+08:00,14526.0,466.60314966069575
2024-06-26 12:09:35+08:00,14527.0,466.50558295744383
2024-06-26 12:09:36+08:00,14528.0,466.3909444936334
2024-06-26 12:09:37+08:00,14529.0,466.2594401769382
2024-06-26 12:09:38+08:00,14530.0,466.11127591503185
2024-06-26 12:09:39+08:00,14531.0,465.946657615588
2024-06-26 12:09:40+08:00,14532.0,465.7657911862803
2024-06-26 12:09:41+08:00,14533.0,465.5688825347824
2024-06-26 12:09:42+08:00,14534.0,465.356137568768
2024-06-26 12:09:43+08:00,14535.0,465.12776219591086
2024-06-26 12:09:44+08:00,14536.0,464.8839623238844
2024-06-26 12:09:45+08:00,14537.0,464.6249438603625
2024-06-26 12:09:46+08:00,14538.0,464.35091271301866
2024-06-26 12:09:47+08:00,14539.0,464.06207478952666
2024-06-26 12:09:48+08:00,14540.0,463.75863599756013
2024-06-26 12:09:49+08:00,14541.0,463.4408022447927
2024-06-26 12:09:50+08:00,14542.0,463.10877943889795
2024-06-26 12:09:51+08:00,14543.0,462.76277348754974
2024-06-26 12:09:52+08:00,14544.0,462.4029902984216
2024-06-26 12:09:53+08:00,14545.0,462.0296357791873
2024-06-26 12:09:54+08:00,14546.0,461.6429158375203
2024-06-26 12:09:55+08:00,14547.0,461.2430363810945
2024-06-26 12:09:56+08:00,14548.0,460.83020331758337
2024-06-26 12:09:57+08:00,14549.0,460.40462255466065
2024-06-26 12:09:58+08:00,14550.0,459.9665
2024-06-26 12:09:59+08:00,14551.0,459.16343532321014
2024-06-26 12:10:00+08:00,14552.0,457.6761768562744
2024-06-26 12:10:01+08:00,14553.0,455.5546535004287
2024-06-26 12:10:02+08:00,14554.0,452.84879415690864
2024-06-26 12:10:03+08:00,14555.0,449.60852772695
2024-06-26 12:10:04+08:00,14556.0,445.88378311178855
2024-06-26 12:10:05+08:00,14557.0,441.72448921266
2024-06-26 12:10:06+08:00,14558.0,437.18057493080016
2024-06-26 12:10:07+08:00,14559.0,432.3019691674446
2024-06-26 12:10:08+08:00,14560.0,427.13860082382934
2024-06-26 12:10:09+08:00,14561.0,421.74039880118994
2024-06-26 12:10:10+08:00,14562.0,416.1572920007622
2024-06-26 12:10:11+08:00,14563.0,410.4392093237817
2024-06-26 12:10:12+08:00,14564.0,404.6360796714844
2024-06-26 12:10:13+08:00,14565.0,398.79783194510605
2024-06-26 12:10:14+08:00,14566.0,392.97439504588215
2024-06-26 12:10:15+08:00,14567.0,387.2156978750487
2024-06-26 12:10:16+08:00,14568.0,381.57166933384144
2024-06-26 12:10:17+08:00,14569.0,376.0922383234959
2024-06-26 12:10:18+08:00,14570.0,370.827333745248
2024-06-26 12:10:19+08:00,14571.0,365.8268845003334
2024-06-26 12:10:20+08:00,14572.0,361.1408194899879
2024-06-26 12:10:21+08:00,14573.0,356.81906761544724
2024-06-26 12:10:22+08:00,14574.0,352.9115577779471
2024-06-26 12:10:23+08:00,14575.0,349.4682188787233
2024-06-26 12:10:24+08:00,14576.0,346.5389798190116
2024-06-26 12:10:25+08:00,14577.0,344.17376950004757
2024-06-26 12:10:26+08:00,14578.0,342.4225168230672
2024-06-26 12:10:27+08:00,14579.0,341.3351506893061
2024-06-26 12:10:28+08:00,14580.0,340.9616
2024-06-26 12:10:29+08:00,14581.0,340.9623659259259
2024-06-26 12:10:30+08:00,14582.0,340.96459407407406
2024-06-26 12:10:31+08:00,14583.0,340.96817999999996
2024-06-26 12:10:32+08:00,14584.0,340.9730192592593
2024-06-26 12:10:33+08:00,14585.0,340.9790074074074
2024-06-26 12:10:34+08:00,14586.0,340.98604
2024-06-26 12:10:35+08:00,14587.0,340.9940125925926
2024-06-26 12:10:36+08:00,14588.0,341.00282074074073
2024-06-26 12:10:37+08:00,14589.0,341.01235999999994
2024-06-26 12:10:38+08:00,14590.0,341.0225259259259
2024-06-26 12:10:39+08:00,14591.0,341.03321407407407
2024-06-26 12:10:40+08:00,14592.0,341.04431999999997
2024-06-26 12:10:41+08:00,14593.0,341.0557392592592
2024-06-26 12:10:42+08:00,14594.0,341.06736740740735
2024-06-26 12:10:43+08:00,14595.0,341.0791
2024-06-26 12:10:44+08:00,14596.0,341.09083259259256
2024-06-26 12:10:45+08:00,14597.0,341.1024607407407
2024-06-26 12:10:46+08:00,14598.0,341.11388
2024-06-26 12:10:47+08:00,14599.0,341.1249859259259
2024-06-26 12:10:48+08:00,14600.0,341.135674074074
2024-06-26 12:10:49+08:00,14601.0,341.14584
2024-06-26 12:10:50+08:00,14602.0,341.15537925925923
2024-06-26 12:10:51+08:00,14603.0,341.16418740740744
2024-06-26 12:10:52+08:00,14604.0,341.17215999999996
2024-06-26 12:10:53+08:00,14605.0,341.1791925925926
2024-06-26 12:10:54+08:00,14606.0,341.1851807407407
2024-06-26 12:10:55+08:00,14607.0,341.19001999999995
2024-06-26 12:10:56+08:00,14608.0,341.1936059259259
2024-06-26 12:10:57+08:00,14609.0,341.19583407407407
2024-06-26 12:10:58+08:00,14610.0,341.1966
2024-06-26 12:10:59+08:00,14611.0,340.3720062492906
2024-06-26 12:11:00+08:00,14612.0,337.97229053212635
2024-06-26 12:11:01+08:00,14613.0,334.1085511509527
2024-06-26 12:11:02+08:00,14614.0,328.89188640821527
2024-06-26 12:11:03+08:00,14615.0,322.43339460635985
2024-06-26 12:11:04+08:00,14616.0,314.8441740478318
2024-06-26 12:11:05+08:00,14617.0,306.235323035077
2024-06-26 12:11:06+08:00,14618.0,296.71793987054076
2024-06-26 12:11:07+08:00,14619.0,286.4031228566689
2024-06-26 12:11:08+08:00,14620.0,275.401970295907
2024-06-26 12:11:09+08:00,14621.0,263.8255804907007
2024-06-26 12:11:10+08:00,14622.0,251.78505174349553
2024-06-26 12:11:11+08:00,14623.0,239.39148235673713
2024-06-26 12:11:12+08:00,14624.0,226.7559706328711
2024-06-26 12:11:13+08:00,14625.0,213.98961487434312
2024-06-26 12:11:14+08:00,14626.0,201.20351338359876
2024-06-26 12:11:15+08:00,14627.0,188.5087644630836
2024-06-26 12:11:16+08:00,14628.0,176.01646641524326
2024-06-26 12:11:17+08:00,14629.0,163.83771754252342
2024-06-26 12:11:18+08:00,14630.0,152.0836161473696
2024-06-26 12:11:19+08:00,14631.0,140.86526053222752
2024-06-26 12:11:20+08:00,14632.0,130.2937489995427
2024-06-26 12:11:21+08:00,14633.0,120.4801798517608
2024-06-26 12:11:22+08:00,14634.0,111.53565139132735
2024-06-26 12:11:23+08:00,14635.0,103.57126192068807
2024-06-26 12:11:24+08:00,14636.0,96.69810974228858
2024-06-26 12:11:25+08:00,14637.0,91.02729315857425
2024-06-26 12:11:26+08:00,14638.0,86.66991047199105
2024-06-26 12:11:27+08:00,14639.0,83.7370599849844
2024-06-26 12:11:28+08:00,14640.0,82.33984
2024-06-26 12:11:29+08:00,14641.0,81.75631146094146
2024-06-26 12:11:30+08:00,14642.0,81.19056336208294
2024-06-26 12:11:31+08:00,14643.0,80.64273608142565
2024-06-26 12:11:32+08:00,14644.0,80.1129699969707
2024-06-26 12:11:33+08:00,14645.0,79.60140548671932
2024-06-26 12:11:34+08:00,14646.0,79.10818292867262
2024-06-26 12:11:35+08:00,14647.0,78.6334427008318
2024-06-26 12:11:36+08:00,14648.0,78.17732518119803
2024-06-26 12:11:37+08:00,14649.0,77.73997074777247
2024-06-26 12:11:38+08:00,14650.0,77.32151977855628
2024-06-26 12:11:39+08:00,14651.0,76.92211265155063
2024-06-26 12:11:40+08:00,14652.0,76.54188974475669
2024-06-26 12:11:41+08:00,14653.0,76.18099143617565
2024-06-26 12:11:42+08:00,14654.0,75.83955810380866
2024-06-26 12:11:43+08:00,14655.0,75.51773012565685
2024-06-26 12:11:44+08:00,14656.0,75.21564787972146
2024-06-26 12:11:45+08:00,14657.0,74.93345174400362
2024-06-26 12:11:46+08:00,14658.0,74.67128209650447
2024-06-26 12:11:47+08:00,14659.0,74.42927931522523
2024-06-26 12:11:48+08:00,14660.0,74.20758377816703
2024-06-26 12:11:49+08:00,14661.0,74.00633586333107
2024-06-26 12:11:50+08:00,14662.0,73.82567594871848
2024-06-26 12:11:51+08:00,14663.0,73.66574441233045
2024-06-26 12:11:52+08:00,14664.0,73.52668163216816
2024-06-26 12:11:53+08:00,14665.0,73.40862798623276
2024-06-26 12:11:54+08:00,14666.0,73.3117238525254
2024-06-26 12:11:55+08:00,14667.0,73.2361096090473
2024-06-26 12:11:56+08:00,14668.0,73.18192563379958
2024-06-26 12:11:57+08:00,14669.0,73.14931230478344
2024-06-26 12:11:58+08:00,14670.0,73.13841000000001
2024-06-26 12:11:59+08:00,14671.0,73.16081851555556
2024-06-26 12:12:00+08:00,14672.0,73.22600692444445
2024-06-26 12:12:01+08:00,14673.0,73.33091952000001
2024-06-26 12:12:02+08:00,14674.0,73.47250059555556
2024-06-26 12:12:03+08:00,14675.0,73.64769444444445
2024-06-26 12:12:04+08:00,14676.0,73.85344536000001
2024-06-26 12:12:05+08:00,14677.0,74.08669763555555
2024-06-26 12:12:06+08:00,14678.0,74.34439556444444
2024-06-26 12:12:07+08:00,14679.0,74.62348344
2024-06-26 12:12:08+08:00,14680.0,74.92090555555556
2024-06-26 12:12:09+08:00,14681.0,75.23360620444446
2024-06-26 12:12:10+08:00,14682.0,75.55852968
2024-06-26 12:12:11+08:00,14683.0,75.89262027555556
2024-06-26 12:12:12+08:00,14684.0,76.23282228444445
2024-06-26 12:12:13+08:00,14685.0,76.57608
2024-06-26 12:12:14+08:00,14686.0,76.91933771555556
2024-06-26 12:12:15+08:00,14687.0,77.25953972444445
2024-06-26 12:12:16+08:00,14688.0,77.59363032
2024-06-26 12:12:17+08:00,14689.0,77.91855379555557
2024-06-26 12:12:18+08:00,14690.0,78.23125444444446
2024-06-26 12:12:19+08:00,14691.0,78.52867656000001
2024-06-26 12:12:20+08:00,14692.0,78.80776443555555
2024-06-26 12:12:21+08:00,14693.0,79.06546236444446
2024-06-26 12:12:22+08:00,14694.0,79.29871464
2024-06-26 12:12:23+08:00,14695.0,79.50446555555557
2024-06-26 12:12:24+08:00,14696.0,79.67965940444445
2024-06-26 12:12:25+08:00,14697.0,79.82124048
2024-06-26 12:12:26+08:00,14698.0,79.92615307555555
2024-06-26 12:12:27+08:00,14699.0,79.99134148444445
2024-06-26 12:12:28+08:00,14700.0,80.01375
2024-06-26 12:12:29+08:00,14701.0,79.9994128912745
2024-06-26 12:12:30+08:00,14702.0,79.95740685519044
2024-06-26 12:12:31+08:00,14703.0,79.8892398268864
2024-06-26 12:12:32+08:00,14704.0,79.79641974150101
2024-06-26 12:12:33+08:00,14705.0,79.68045453417284
2024-06-26 12:12:34+08:00,14706.0,79.54285214004054
2024-06-26 12:12:35+08:00,14707.0,79.38512049424268
2024-06-26 12:12:36+08:00,14708.0,79.2087675319179
2024-06-26 12:12:37+08:00,14709.0,79.0153011882048
2024-06-26 12:12:38+08:00,14710.0,78.80622939824198
2024-06-26 12:12:39+08:00,14711.0,78.58306009716804
2024-06-26 12:12:40+08:00,14712.0,78.34730122012161
2024-06-26 12:12:41+08:00,14713.0,78.10046070224126
2024-06-26 12:12:42+08:00,14714.0,77.84404647866565
2024-06-26 12:12:43+08:00,14715.0,77.57956648453334
2024-06-26 12:12:44+08:00,14716.0,77.30852865498296
2024-06-26 12:12:45+08:00,14717.0,77.03244092515311
2024-06-26 12:12:46+08:00,14718.0,76.75281123018242
2024-06-26 12:12:47+08:00,14719.0,76.47114750520946
2024-06-26 12:12:48+08:00,14720.0,76.18895768537284
2024-06-26 12:12:49+08:00,14721.0,75.90774970581121
2024-06-26 12:12:50+08:00,14722.0,75.62903150166314
2024-06-26 12:12:51+08:00,14723.0,75.35431100806726
2024-06-26 12:12:52+08:00,14724.0,75.08509616016214
2024-06-26 12:12:53+08:00,14725.0,74.82289489308643
2024-06-26 12:12:54+08:00,14726.0,74.5692151419787
2024-06-26 12:12:55+08:00,14727.0,74.32556484197761
2024-06-26 12:12:56+08:00,14728.0,74.09345192822171
2024-06-26 12:12:57+08:00,14729.0,73.87438433584964
2024-06-26 12:12:58+08:00,14730.0,73.66987
2024-06-26 12:12:59+08:00,14731.0,73.47583043125987
2024-06-26 12:13:00+08:00,14732.0,73.28686895318205
2024-06-26 12:13:01+08:00,14733.0,73.10251622035378
2024-06-26 12:13:02+08:00,14734.0,72.92230288736225
2024-06-26 12:13:03+08:00,14735.0,72.74575960879469
2024-06-26 12:13:04+08:00,14736.0,72.57241703923829
2024-06-26 12:13:05+08:00,14737.0,72.40180583328032
2024-06-26 12:13:06+08:00,14738.0,72.23345664550796
2024-06-26 12:13:07+08:00,14739.0,72.0669001305084
2024-06-26 12:13:08+08:00,14740.0,71.9016669428689
2024-06-26 12:13:09+08:00,14741.0,71.73728773717666
2024-06-26 12:13:10+08:00,14742.0,71.5732931680189
2024-06-26 12:13:11+08:00,14743.0,71.40921388998282
2024-06-26 12:13:12+08:00,14744.0,71.24458055765567
2024-06-26 12:13:13+08:00,14745.0,71.07892382562463
2024-06-26 12:13:14+08:00,14746.0,70.91177434847691
2024-06-26 12:13:15+08:00,14747.0,70.74266278079976
2024-06-26 12:13:16+08:00,14748.0,70.57111977718034
2024-06-26 12:13:17+08:00,14749.0,70.39667599220594
2024-06-26 12:13:18+08:00,14750.0,70.21886208046374
2024-06-26 12:13:19+08:00,14751.0,70.03720869654094
2024-06-26 12:13:20+08:00,14752.0,69.8512464950248
2024-06-26 12:13:21+08:00,14753.0,69.66050613050245
2024-06-26 12:13:22+08:00,14754.0,69.46451825756121
2024-06-26 12:13:23+08:00,14755.0,69.26281353078822
2024-06-26 12:13:24+08:00,14756.0,69.05492260477072
2024-06-26 12:13:25+08:00,14757.0,68.84037613409595
2024-06-26 12:13:26+08:00,14758.0,68.61870477335108
2024-06-26 12:13:27+08:00,14759.0,68.38943917712336
2024-06-26 12:13:28+08:00,14760.0,68.15211
2024-06-26 12:13:29+08:00,14761.0,67.89637416744318
2024-06-26 12:13:30+08:00,14762.0,67.61365644857639
2024-06-26 12:13:31+08:00,14763.0,67.30613926347888
2024-06-26 12:13:32+08:00,14764.0,66.9760050322298
2024-06-26 12:13:33+08:00,14765.0,66.62543617490837
2024-06-26 12:13:34+08:00,14766.0,66.25661511159376
2024-06-26 12:13:35+08:00,14767.0,65.8717242623652
2024-06-26 12:13:36+08:00,14768.0,65.47294604730186
2024-06-26 12:13:37+08:00,14769.0,65.06246288648292
2024-06-26 12:13:38+08:00,14770.0,64.6424571999876
2024-06-26 12:13:39+08:00,14771.0,64.21511140789508
2024-06-26 12:13:40+08:00,14772.0,63.782607930284584
2024-06-26 12:13:41+08:00,14773.0,63.347129187235275
2024-06-26 12:13:42+08:00,14774.0,62.91085759882636
2024-06-26 12:13:43+08:00,14775.0,62.47597558513704
2024-06-26 12:13:44+08:00,14776.0,62.044665566246486
2024-06-26 12:13:45+08:00,14777.0,61.619109962233914
2024-06-26 12:13:46+08:00,14778.0,61.20149119317852
2024-06-26 12:13:47+08:00,14779.0,60.79399167915948
2024-06-26 12:13:48+08:00,14780.0,60.39879384025601
2024-06-26 12:13:49+08:00,14781.0,60.0180800965473
2024-06-26 12:13:50+08:00,14782.0,59.65403286811254
2024-06-26 12:13:51+08:00,14783.0,59.30883457503091
2024-06-26 12:13:52+08:00,14784.0,58.98466763738164
2024-06-26 12:13:53+08:00,14785.0,58.68371447524389
2024-06-26 12:13:54+08:00,14786.0,58.408157508696874
2024-06-26 12:13:55+08:00,14787.0,58.160179157819776
2024-06-26 12:13:56+08:00,14788.0,57.94196184269181
2024-06-26 12:13:57+08:00,14789.0,57.75568798339215
2024-06-26 12:13:58+08:00,14790.0,57.60354
2024-06-26 12:13:59+08:00,14791.0,57.4698703576465
2024-06-26 12:14:00+08:00,14792.0,57.33771760775629
2024-06-26 12:14:01+08:00,14793.0,57.20729329984885
2024-06-26 12:14:02+08:00,14794.0,57.078808983443665
2024-06-26 12:14:03+08:00,14795.0,56.952476208060204
2024-06-26 12:14:04+08:00,14796.0,56.82850652321794
2024-06-26 12:14:05+08:00,14797.0,56.70711147843635
2024-06-26 12:14:06+08:00,14798.0,56.58850262323491
2024-06-26 12:14:07+08:00,14799.0,56.4728915071331
2024-06-26 12:14:08+08:00,14800.0,56.360489679650385
2024-06-26 12:14:09+08:00,14801.0,56.25150869030625
2024-06-26 12:14:10+08:00,14802.0,56.14616008862018
2024-06-26 12:14:11+08:00,14803.0,56.044655424111625
2024-06-26 12:14:12+08:00,14804.0,55.94720624630008
2024-06-26 12:14:13+08:00,14805.0,55.85402410470501
2024-06-26 12:14:14+08:00,14806.0,55.7653205488459
2024-06-26 12:14:15+08:00,14807.0,55.681307128242224
2024-06-26 12:14:16+08:00,14808.0,55.60219539241345
2024-06-26 12:14:17+08:00,14809.0,55.52819689087906
2024-06-26 12:14:18+08:00,14810.0,55.45952317315852
2024-06-26 12:14:19+08:00,14811.0,55.396385788771326
2024-06-26 12:14:20+08:00,14812.0,55.33899628723694
2024-06-26 12:14:21+08:00,14813.0,55.28756621807483
2024-06-26 12:14:22+08:00,14814.0,55.24230713080448
2024-06-26 12:14:23+08:00,14815.0,55.20343057494537
2024-06-26 12:14:24+08:00,14816.0,55.17114810001697
2024-06-26 12:14:25+08:00,14817.0,55.145671255538765
2024-06-26 12:14:26+08:00,14818.0,55.12721159103021
2024-06-26 12:14:27+08:00,14819.0,55.1159806560108
2024-06-26 12:14:28+08:00,14820.0,55.11219
2024-06-26 12:14:29+08:00,14821.0,55.14159102814815
2024-06-26 12:14:30+08:00,14822.0,55.22712129185185
2024-06-26 12:14:31+08:00,14823.0,55.36477156
2024-06-26 12:14:32+08:00,14824.0,55.55053260148148
2024-06-26 12:14:33+08:00,14825.0,55.780395185185185
2024-06-26 12:14:34+08:00,14826.0,56.05035008
2024-06-26 12:14:35+08:00,14827.0,56.35638805481481
2024-06-26 12:14:36+08:00,14828.0,56.69449987851851
2024-06-26 12:14:37+08:00,14829.0,57.06067632
2024-06-26 12:14:38+08:00,14830.0,57.450908148148145
2024-06-26 12:14:39+08:00,14831.0,57.861186131851845
2024-06-26 12:14:40+08:00,14832.0,58.287501039999995
2024-06-26 12:14:41+08:00,14833.0,58.725843641481475
2024-06-26 12:14:42+08:00,14834.0,59.17220470518518
2024-06-26 12:14:43+08:00,14835.0,59.622575
2024-06-26 12:14:44+08:00,14836.0,60.072945294814815
2024-06-26 12:14:45+08:00,14837.0,60.51930635851852
2024-06-26 12:14:46+08:00,14838.0,60.95764896
2024-06-26 12:14:47+08:00,14839.0,61.38396386814814
2024-06-26 12:14:48+08:00,14840.0,61.79424185185185
2024-06-26 12:14:49+08:00,14841.0,62.18447367999999
2024-06-26 12:14:50+08:00,14842.0,62.55065012148148
2024-06-26 12:14:51+08:00,14843.0,62.88876194518519
2024-06-26 12:14:52+08:00,14844.0,63.194799919999994
2024-06-26 12:14:53+08:00,14845.0,63.46475481481482
2024-06-26 12:14:54+08:00,14846.0,63.69461739851851
2024-06-26 12:14:55+08:00,14847.0,63.88037844
2024-06-26 12:14:56+08:00,14848.0,64.01802870814815
2024-06-26 12:14:57+08:00,14849.0,64.10355897185184
2024-06-26 12:14:58+08:00,14850.0,64.13296
2024-06-26 12:14:59+08:00,14851.0,64.11256251259259
2024-06-26 12:15:00+08:00,14852.0,64.05322436740741
2024-06-26 12:15:01+08:00,14853.0,63.95772704
2024-06-26 12:15:02+08:00,14854.0,63.82885200592592
2024-06-26 12:15:03+08:00,14855.0,63.669380740740735
2024-06-26 12:15:04+08:00,14856.0,63.48209472
2024-06-26 12:15:05+08:00,14857.0,63.26977541925926
2024-06-26 12:15:06+08:00,14858.0,63.03520431407407
2024-06-26 12:15:07+08:00,14859.0,62.78116288
2024-06-26 12:15:08+08:00,14860.0,62.51043259259259
2024-06-26 12:15:09+08:00,14861.0,62.22579492740741
2024-06-26 12:15:10+08:00,14862.0,61.930031359999994
2024-06-26 12:15:11+08:00,14863.0,61.62592336592592
2024-06-26 12:15:12+08:00,14864.0,61.31625242074074
2024-06-26 12:15:13+08:00,14865.0,61.0038
2024-06-26 12:15:14+08:00,14866.0,60.69134757925926
2024-06-26 12:15:15+08:00,14867.0,60.381676634074076
2024-06-26 12:15:16+08:00,14868.0,60.07756864
2024-06-26 12:15:17+08:00,14869.0,59.78180507259259
2024-06-26 12:15:18+08:00,14870.0,59.4971674074074
2024-06-26 12:15:19+08:00,14871.0,59.22643712
2024-06-26 12:15:20+08:00,14872.0,58.97239568592593
2024-06-26 12:15:21+08:00,14873.0,58.73782458074074
2024-06-26 12:15:22+08:00,14874.0,58.52550528
2024-06-26 12:15:23+08:00,14875.0,58.33821925925926
2024-06-26 12:15:24+08:00,14876.0,58.17874799407407
2024-06-26 12:15:25+08:00,14877.0,58.04987296
2024-06-26 12:15:26+08:00,14878.0,57.954375632592594
2024-06-26 12:15:27+08:00,14879.0,57.89503748740741
2024-06-26 12:15:28+08:00,14880.0,57.87464
2024-06-26 12:15:29+08:00,14881.0,57.87867997396618
2024-06-26 12:15:30+08:00,14882.0,57.89062898144794
2024-06-26 12:15:31+08:00,14883.0,57.91023065082009
2024-06-26 12:15:32+08:00,14884.0,57.93722861045743
2024-06-26 12:15:33+08:00,14885.0,57.971366488734795
2024-06-26 12:15:34+08:00,14886.0,58.012387914026974
2024-06-26 12:15:35+08:00,14887.0,58.0600365147088
2024-06-26 12:15:36+08:00,14888.0,58.11405591915507
2024-06-26 12:15:37+08:00,14889.0,58.17418975574061
2024-06-26 12:15:38+08:00,14890.0,58.24018165284022
2024-06-26 12:15:39+08:00,14891.0,58.31177523882872
2024-06-26 12:15:40+08:00,14892.0,58.38871414208093
2024-06-26 12:15:41+08:00,14893.0,58.470741990971646
2024-06-26 12:15:42+08:00,14894.0,58.55760241387569
2024-06-26 12:15:43+08:00,14895.0,58.649039039167874
2024-06-26 12:15:44+08:00,14896.0,58.744795495223016
2024-06-26 12:15:45+08:00,14897.0,58.84461541041591
2024-06-26 12:15:46+08:00,14898.0,58.94824241312139
2024-06-26 12:15:47+08:00,14899.0,59.05542013171426
2024-06-26 12:15:48+08:00,14900.0,59.16589219456933
2024-06-26 12:15:49+08:00,14901.0,59.27940223006142
2024-06-26 12:15:50+08:00,14902.0,59.39569386656534
2024-06-26 12:15:51+08:00,14903.0,59.514510732455896
2024-06-26 12:15:52+08:00,14904.0,59.635596456107905
2024-06-26 12:15:53+08:00,14905.0,59.758694665896186
2024-06-26 12:15:54+08:00,14906.0,59.88354899019554
2024-06-26 12:15:55+08:00,14907.0,60.00990305738079
2024-06-26 12:15:56+08:00,14908.0,60.137500495826735
2024-06-26 12:15:57+08:00,14909.0,60.2660849339082
2024-06-26 12:15:58+08:00,14910.0,60.3954
2024-06-26 12:15:59+08:00,14911.0,60.534156176426386
2024-06-26 12:16:00+08:00,14912.0,60.69067730040801
2024-06-26 12:16:01+08:00,14913.0,60.86412703266424
2024-06-26 12:16:02+08:00,14914.0,61.05366903391446
2024-06-26 12:16:03+08:00,14915.0,61.258466964878046
2024-06-26 12:16:04+08:00,14916.0,61.47768448627439
2024-06-26 12:16:05+08:00,14917.0,61.710485258822864
2024-06-26 12:16:06+08:00,14918.0,61.956032943242846
2024-06-26 12:16:07+08:00,14919.0,62.21349120025371
2024-06-26 12:16:08+08:00,14920.0,62.48202369057486
2024-06-26 12:16:09+08:00,14921.0,62.760794074925656
2024-06-26 12:16:10+08:00,14922.0,63.04896601402548
2024-06-26 12:16:11+08:00,14923.0,63.34570316859372
2024-06-26 12:16:12+08:00,14924.0,63.65016919934976
2024-06-26 12:16:13+08:00,14925.0,63.96152776701295
2024-06-26 12:16:14+08:00,14926.0,64.27894253230271
2024-06-26 12:16:15+08:00,14927.0,64.6015771559384
2024-06-26 12:16:16+08:00,14928.0,64.92859529863938
2024-06-26 12:16:17+08:00,14929.0,65.25916062112508
2024-06-26 12:16:18+08:00,14930.0,65.59243678411482
2024-06-26 12:16:19+08:00,14931.0,65.92758744832804
2024-06-26 12:16:20+08:00,14932.0,66.26377627448409
2024-06-26 12:16:21+08:00,14933.0,66.60016692330234
2024-06-26 12:16:22+08:00,14934.0,66.9359230555022
2024-06-26 12:16:23+08:00,14935.0,67.27020833180302
2024-06-26 12:16:24+08:00,14936.0,67.60218641292418
2024-06-26 12:16:25+08:00,14937.0,67.93102095958508
2024-06-26 12:16:26+08:00,14938.0,68.25587563250511
2024-06-26 12:16:27+08:00,14939.0,68.57591409240362
2024-06-26 12:16:28+08:00,14940.0,68.8903
2024-06-26 12:16:29+08:00,14941.0,69.21496646696353
2024-06-26 12:16:30+08:00,14942.0,69.56471565271362
2024-06-26 12:16:31+08:00,14943.0,69.93701478959481
2024-06-26 12:16:32+08:00,14944.0,70.32933110995171
2024-06-26 12:16:33+08:00,14945.0,70.73913184612886
2024-06-26 12:16:34+08:00,14946.0,71.16388423047081
2024-06-26 12:16:35+08:00,14947.0,71.60105549532219
2024-06-26 12:16:36+08:00,14948.0,72.0481128730275
2024-06-26 12:16:37+08:00,14949.0,72.50252359593134
2024-06-26 12:16:38+08:00,14950.0,72.96175489637827
2024-06-26 12:16:39+08:00,14951.0,73.42327400671286
2024-06-26 12:16:40+08:00,14952.0,73.88454815927967
2024-06-26 12:16:41+08:00,14953.0,74.34304458642329
2024-06-26 12:16:42+08:00,14954.0,74.79623052048827
2024-06-26 12:16:43+08:00,14955.0,75.24157319381916
2024-06-26 12:16:44+08:00,14956.0,75.67653983876056
2024-06-26 12:16:45+08:00,14957.0,76.09859768765703
2024-06-26 12:16:46+08:00,14958.0,76.50521397285311
2024-06-26 12:16:47+08:00,14959.0,76.8938559266934
2024-06-26 12:16:48+08:00,14960.0,77.26199078152246
2024-06-26 12:16:49+08:00,14961.0,77.60708576968486
2024-06-26 12:16:50+08:00,14962.0,77.92660812352514
2024-06-26 12:16:51+08:00,14963.0,78.2180250753879
2024-06-26 12:16:52+08:00,14964.0,78.4788038576177
2024-06-26 12:16:53+08:00,14965.0,78.70641170255912
2024-06-26 12:16:54+08:00,14966.0,78.89831584255666
2024-06-26 12:16:55+08:00,14967.0,79.051983509955
2024-06-26 12:16:56+08:00,14968.0,79.16488193709858
2024-06-26 12:16:57+08:00,14969.0,79.23447835633209
2024-06-26 12:16:58+08:00,14970.0,79.25824
2024-06-26 12:16:59+08:00,14971.0,79.20977533564134
2024-06-26 12:17:00+08:00,14972.0,79.06784052232365
2024-06-26 12:17:01+08:00,14973.0,78.83762432968435
2024-06-26 12:17:02+08:00,14974.0,78.52431552736084
2024-06-26 12:17:03+08:00,14975.0,78.13310288499059
2024-06-26 12:17:04+08:00,14976.0,77.66917517221098
2024-06-26 12:17:05+08:00,14977.0,77.13772115865947
2024-06-26 12:17:06+08:00,14978.0,76.54392961397346
2024-06-26 12:17:07+08:00,14979.0,75.89298930779039
2024-06-26 12:17:08+08:00,14980.0,75.19008900974765
2024-06-26 12:17:09+08:00,14981.0,74.4404174894827
2024-06-26 12:17:10+08:00,14982.0,73.64916351663295
2024-06-26 12:17:11+08:00,14983.0,72.82151586083585
2024-06-26 12:17:12+08:00,14984.0,71.96266329172876
2024-06-26 12:17:13+08:00,14985.0,71.07779457894917
2024-06-26 12:17:14+08:00,14986.0,70.17209849213447
2024-06-26 12:17:15+08:00,14987.0,69.25076380092209
2024-06-26 12:17:16+08:00,14988.0,68.31897927494944
2024-06-26 12:17:17+08:00,14989.0,67.38193368385397
2024-06-26 12:17:18+08:00,14990.0,66.4448157972731
2024-06-26 12:17:19+08:00,14991.0,65.51281438484422
2024-06-26 12:17:20+08:00,14992.0,64.59111821620479
2024-06-26 12:17:21+08:00,14993.0,63.68491606099223
2024-06-26 12:17:22+08:00,14994.0,62.799396688843956
2024-06-26 12:17:23+08:00,14995.0,61.93974886939738
2024-06-26 12:17:24+08:00,14996.0,61.11116137228994
2024-06-26 12:17:25+08:00,14997.0,60.318822967159065
2024-06-26 12:17:26+08:00,14998.0,59.567922423642166
2024-06-26 12:17:27+08:00,14999.0,58.86364851137667
2024-06-26 12:17:28+08:00,15000.0,58.21119
2024-06-26 12:17:29+08:00,15001.0,57.57456743225367
2024-06-26 12:17:30+08:00,15002.0,56.916253214592984
2024-06-26 12:17:31+08:00,15003.0,56.239113912226124
2024-06-26 12:17:32+08:00,15004.0,55.54601609036124
2024-06-26 12:17:33+08:00,15005.0,54.8398263142065
2024-06-26 12:17:34+08:00,15006.0,54.12341114897004
2024-06-26 12:17:35+08:00,15007.0,53.39963715986005
2024-06-26 12:17:36+08:00,15008.0,52.67137091208467
2024-06-26 12:17:37+08:00,15009.0,51.94147897085206
2024-06-26 12:17:38+08:00,15010.0,51.2128279013704
2024-06-26 12:17:39+08:00,15011.0,50.48828426884783
2024-06-26 12:17:40+08:00,15012.0,49.770714638492514
2024-06-26 12:17:41+08:00,15013.0,49.06298557551261
2024-06-26 12:17:42+08:00,15014.0,48.3679636451163
2024-06-26 12:17:43+08:00,15015.0,47.68851541251171
2024-06-26 12:17:44+08:00,15016.0,47.02750744290702
2024-06-26 12:17:45+08:00,15017.0,46.38780630151039
2024-06-26 12:17:46+08:00,15018.0,45.77227855352997
2024-06-26 12:17:47+08:00,15019.0,45.183790764173935
2024-06-26 12:17:48+08:00,15020.0,44.62520949865042
2024-06-26 12:17:49+08:00,15021.0,44.09940132216761
2024-06-26 12:17:50+08:00,15022.0,43.60923279993366
2024-06-26 12:17:51+08:00,15023.0,43.15757049715672
2024-06-26 12:17:52+08:00,15024.0,42.747280979044945
2024-06-26 12:17:53+08:00,15025.0,42.38123081080652
2024-06-26 12:17:54+08:00,15026.0,42.062286557649585
2024-06-26 12:17:55+08:00,15027.0,41.79331478478231
2024-06-26 12:17:56+08:00,15028.0,41.57718205741284
2024-06-26 12:17:57+08:00,15029.0,41.41675494074935
2024-06-26 12:17:58+08:00,15030.0,41.3149
2024-06-26 12:17:59+08:00,15031.0,41.24527580677007
2024-06-26 12:18:00+08:00,15032.0,41.17950897668515
2024-06-26 12:18:01+08:00,15033.0,41.11741814098388
2024-06-26 12:18:02+08:00,15034.0,41.05882193090487
2024-06-26 12:18:03+08:00,15035.0,41.00353897768675
2024-06-26 12:18:04+08:00,15036.0,40.951387912568144
2024-06-26 12:18:05+08:00,15037.0,40.90218736678768
2024-06-26 12:18:06+08:00,15038.0,40.85575597158398
2024-06-26 12:18:07+08:00,15039.0,40.81191235819567
2024-06-26 12:18:08+08:00,15040.0,40.77047515786137
2024-06-26 12:18:09+08:00,15041.0,40.73126300181971
2024-06-26 12:18:10+08:00,15042.0,40.69409452130932
2024-06-26 12:18:11+08:00,15043.0,40.6587883475688
2024-06-26 12:18:12+08:00,15044.0,40.62516311183681
2024-06-26 12:18:13+08:00,15045.0,40.59303744535195
2024-06-26 12:18:14+08:00,15046.0,40.56222997935284
2024-06-26 12:18:15+08:00,15047.0,40.532559345078134
2024-06-26 12:18:16+08:00,15048.0,40.50384417376642
2024-06-26 12:18:17+08:00,15049.0,40.475903096656346
2024-06-26 12:18:18+08:00,15050.0,40.44855474498653
2024-06-26 12:18:19+08:00,15051.0,40.4216177499956
2024-06-26 12:18:20+08:00,15052.0,40.39491074292218
2024-06-26 12:18:21+08:00,15053.0,40.36825235500488
2024-06-26 12:18:22+08:00,15054.0,40.34146121748235
2024-06-26 12:18:23+08:00,15055.0,40.31435596159319
2024-06-26 12:18:24+08:00,15056.0,40.28675521857604
2024-06-26 12:18:25+08:00,15057.0,40.25847761966953
2024-06-26 12:18:26+08:00,15058.0,40.229341796112266
2024-06-26 12:18:27+08:00,15059.0,40.19916637914287
2024-06-26 12:18:28+08:00,15060.0,40.16777
2024-06-26 12:18:29+08:00,15061.0,40.13510506685641
2024-06-26 12:18:30+08:00,15062.0,40.10134781602295
2024-06-26 12:18:31+08:00,15063.0,40.066652620945284
2024-06-26 12:18:32+08:00,15064.0,40.03117385506907
2024-06-26 12:18:33+08:00,15065.0,39.99506589183998
2024-06-26 12:18:34+08:00,15066.0,39.95848310470366
2024-06-26 12:18:35+08:00,15067.0,39.921579867105805
2024-06-26 12:18:36+08:00,15068.0,39.88451055249207
2024-06-26 12:18:37+08:00,15069.0,39.84742953430811
2024-06-26 12:18:38+08:00,15070.0,39.8104911859996
2024-06-26 12:18:39+08:00,15071.0,39.773849881012225
2024-06-26 12:18:40+08:00,15072.0,39.73765999279163
2024-06-26 12:18:41+08:00,15073.0,39.70207589478347
2024-06-26 12:18:42+08:00,15074.0,39.66725196043343
2024-06-26 12:18:43+08:00,15075.0,39.63334256318717
2024-06-26 12:18:44+08:00,15076.0,39.600502076490365
2024-06-26 12:18:45+08:00,15077.0,39.56888487378866
2024-06-26 12:18:46+08:00,15078.0,39.53864532852774
2024-06-26 12:18:47+08:00,15079.0,39.509937814153275
2024-06-26 12:18:48+08:00,15080.0,39.48291670411092
2024-06-26 12:18:49+08:00,15081.0,39.45773637184634
2024-06-26 12:18:50+08:00,15082.0,39.434551190805195
2024-06-26 12:18:51+08:00,15083.0,39.41351553443317
2024-06-26 12:18:52+08:00,15084.0,39.39478377617591
2024-06-26 12:18:53+08:00,15085.0,39.3785102894791
2024-06-26 12:18:54+08:00,15086.0,39.364849447788394
2024-06-26 12:18:55+08:00,15087.0,39.35395562454948
2024-06-26 12:18:56+08:00,15088.0,39.345983193207985
2024-06-26 12:18:57+08:00,15089.0,39.341086527209605
2024-06-26 12:18:58+08:00,15090.0,39.33942
2024-06-26 12:18:59+08:00,15091.0,39.33998012510254
2024-06-26 12:19:00+08:00,15092.0,39.34162706399757
2024-06-26 12:19:01+08:00,15093.0,39.344310662066164
2024-06-26 12:19:02+08:00,15094.0,39.347980764689396
2024-06-26 12:19:03+08:00,15095.0,39.35258721724837
2024-06-26 12:19:04+08:00,15096.0,39.35807986512415
2024-06-26 12:19:05+08:00,15097.0,39.364408553697814
2024-06-26 12:19:06+08:00,15098.0,39.37152312835046
2024-06-26 12:19:07+08:00,15099.0,39.37937343446317
2024-06-26 12:19:08+08:00,15100.0,39.38790931741701
2024-06-26 12:19:09+08:00,15101.0,39.39708062259308
2024-06-26 12:19:10+08:00,15102.0,39.40683719537245
2024-06-26 12:19:11+08:00,15103.0,39.4171288811362
2024-06-26 12:19:12+08:00,15104.0,39.42790552526543
2024-06-26 12:19:13+08:00,15105.0,39.4391169731412
2024-06-26 12:19:14+08:00,15106.0,39.450713070144616
2024-06-26 12:19:15+08:00,15107.0,39.46264366165674
2024-06-26 12:19:16+08:00,15108.0,39.47485859305868
2024-06-26 12:19:17+08:00,15109.0,39.48730770973148
2024-06-26 12:19:18+08:00,15110.0,39.49994085705625
2024-06-26 12:19:19+08:00,15111.0,39.51270788041406
2024-06-26 12:19:20+08:00,15112.0,39.525558625186
2024-06-26 12:19:21+08:00,15113.0,39.53844293675316
2024-06-26 12:19:22+08:00,15114.0,39.5513106604966
2024-06-26 12:19:23+08:00,15115.0,39.56411164179742
2024-06-26 12:19:24+08:00,15116.0,39.57679572603669
2024-06-26 12:19:25+08:00,15117.0,39.5893127585955
2024-06-26 12:19:26+08:00,15118.0,39.60161258485494
2024-06-26 12:19:27+08:00,15119.0,39.61364505019608
2024-06-26 12:19:28+08:00,15120.0,39.62536
2024-06-26 12:19:29+08:00,15121.0,39.63757247572985
2024-06-26 12:19:30+08:00,15122.0,39.65105228921914
2024-06-26 12:19:31+08:00,15123.0,39.6656814414045
2024-06-26 12:19:32+08:00,15124.0,39.68134193322257
2024-06-26 12:19:33+08:00,15125.0,39.69791576560999
2024-06-26 12:19:34+08:00,15126.0,39.715284939503405
2024-06-26 12:19:35+08:00,15127.0,39.73333145583943
2024-06-26 12:19:36+08:00,15128.0,39.751937315554734
2024-06-26 12:19:37+08:00,15129.0,39.770984519585944
2024-06-26 12:19:38+08:00,15130.0,39.79035506886969
2024-06-26 12:19:39+08:00,15131.0,39.8099309643426
2024-06-26 12:19:40+08:00,15132.0,39.82959420694133
2024-06-26 12:19:41+08:00,15133.0,39.84922679760252
2024-06-26 12:19:42+08:00,15134.0,39.868710737262795
2024-06-26 12:19:43+08:00,15135.0,39.88792802685879
2024-06-26 12:19:44+08:00,15136.0,39.90676066732716
2024-06-26 12:19:45+08:00,15137.0,39.925090659604535
2024-06-26 12:19:46+08:00,15138.0,39.94280000462756
2024-06-26 12:19:47+08:00,15139.0,39.95977070333285
2024-06-26 12:19:48+08:00,15140.0,39.97588475665707
2024-06-26 12:19:49+08:00,15141.0,39.99102416553683
2024-06-26 12:19:50+08:00,15142.0,40.00507093090879
2024-06-26 12:19:51+08:00,15143.0,40.017907053709585
2024-06-26 12:19:52+08:00,15144.0,40.02941453487585
2024-06-26 12:19:53+08:00,15145.0,40.03947537534422
2024-06-26 12:19:54+08:00,15146.0,40.04797157605133
2024-06-26 12:19:55+08:00,15147.0,40.054785137933834
2024-06-26 12:19:56+08:00,15148.0,40.059798061928355
2024-06-26 12:19:57+08:00,15149.0,40.06289234897153
2024-06-26 12:19:58+08:00,15150.0,40.06395
2024-06-26 12:19:59+08:00,15151.0,40.063683972778065
2024-06-26 12:20:00+08:00,15152.0,40.06289622896661
2024-06-26 12:20:01+08:00,15153.0,40.061602275347205
2024-06-26 12:20:02+08:00,15154.0,40.05981761870139
2024-06-26 12:20:03+08:00,15155.0,40.05755776581072
2024-06-26 12:20:04+08:00,15156.0,40.054838223456734
2024-06-26 12:20:05+08:00,15157.0,40.051674498421
2024-06-26 12:20:06+08:00,15158.0,40.04808209748505
2024-06-26 12:20:07+08:00,15159.0,40.044076527430455
2024-06-26 12:20:08+08:00,15160.0,40.03967329503874
2024-06-26 12:20:09+08:00,15161.0,40.03488790709148
2024-06-26 12:20:10+08:00,15162.0,40.02973587037021
2024-06-26 12:20:11+08:00,15163.0,40.02423269165649
2024-06-26 12:20:12+08:00,15164.0,40.01839387773186
2024-06-26 12:20:13+08:00,15165.0,40.012234935377876
2024-06-26 12:20:14+08:00,15166.0,40.0057713713761
2024-06-26 12:20:15+08:00,15167.0,39.99901869250805
2024-06-26 12:20:16+08:00,15168.0,39.991992405555315
2024-06-26 12:20:17+08:00,15169.0,39.984708017299425
2024-06-26 12:20:18+08:00,15170.0,39.977181034521934
2024-06-26 12:20:19+08:00,15171.0,39.969426964004384
2024-06-26 12:20:20+08:00,15172.0,39.961461312528336
2024-06-26 12:20:21+08:00,15173.0,39.95329958687534
2024-06-26 12:20:22+08:00,15174.0,39.94495729382695
2024-06-26 12:20:23+08:00,15175.0,39.9364499401647
2024-06-26 12:20:24+08:00,15176.0,39.92779303267016
2024-06-26 12:20:25+08:00,15177.0,39.91900207812486
2024-06-26 12:20:26+08:00,15178.0,39.910092583310366
2024-06-26 12:20:27+08:00,15179.0,39.90108005500823
2024-06-26 12:20:28+08:00,15180.0,39.89198
2024-06-26 12:20:29+08:00,15181.0,39.88227830134628
2024-06-26 12:20:30+08:00,15182.0,39.87146663510094
2024-06-26 12:20:31+08:00,15183.0,39.85956919753541
2024-06-26 12:20:32+08:00,15184.0,39.84661018492109
2024-06-26 12:20:33+08:00,15185.0,39.83261379352941
2024-06-26 12:20:34+08:00,15186.0,39.81760421963179
2024-06-26 12:20:35+08:00,15187.0,39.801605659499664
2024-06-26 12:20:36+08:00,15188.0,39.784642309404425
2024-06-26 12:20:37+08:00,15189.0,39.76673836561752
2024-06-26 12:20:38+08:00,15190.0,39.74791802441035
2024-06-26 12:20:39+08:00,15191.0,39.72820548205434
2024-06-26 12:20:40+08:00,15192.0,39.70762493482092
2024-06-26 12:20:41+08:00,15193.0,39.6862005789815
2024-06-26 12:20:42+08:00,15194.0,39.663956610807496
2024-06-26 12:20:43+08:00,15195.0,39.64091722657035
2024-06-26 12:20:44+08:00,15196.0,39.617106622541456
2024-06-26 12:20:45+08:00,15197.0,39.59254899499224
2024-06-26 12:20:46+08:00,15198.0,39.56726854019414
2024-06-26 12:20:47+08:00,15199.0,39.54128945441857
2024-06-26 12:20:48+08:00,15200.0,39.51463593393693
2024-06-26 12:20:49+08:00,15201.0,39.48733217502066
2024-06-26 12:20:50+08:00,15202.0,39.45940237394118
2024-06-26 12:20:51+08:00,15203.0,39.4308707269699
2024-06-26 12:20:52+08:00,15204.0,39.40176143037825
2024-06-26 12:20:53+08:00,15205.0,39.372098680437645
2024-06-26 12:20:54+08:00,15206.0,39.3419066734195
2024-06-26 12:20:55+08:00,15207.0,39.311209605595245
2024-06-26 12:20:56+08:00,15208.0,39.280031673236294
2024-06-26 12:20:57+08:00,15209.0,39.24839707261407
2024-06-26 12:20:58+08:00,15210.0,39.21633
2024-06-26 12:20:59+08:00,15211.0,39.18284745295753
2024-06-26 12:21:00+08:00,15212.0,39.1470034659054
2024-06-26 12:21:01+08:00,15213.0,39.108877790397905
2024-06-26 12:21:02+08:00,15214.0,39.06855017798937
2024-06-26 12:21:03+08:00,15215.0,39.02610038023411
2024-06-26 12:21:04+08:00,15216.0,38.98160814868643
2024-06-26 12:21:05+08:00,15217.0,38.93515323490066
2024-06-26 12:21:06+08:00,15218.0,38.88681539043109
2024-06-26 12:21:07+08:00,15219.0,38.83667436683206
2024-06-26 12:21:08+08:00,15220.0,38.78480991565786
2024-06-26 12:21:09+08:00,15221.0,38.73130178846281
2024-06-26 12:21:10+08:00,15222.0,38.67622973680123
2024-06-26 12:21:11+08:00,15223.0,38.61967351222743
2024-06-26 12:21:12+08:00,15224.0,38.56171286629573
2024-06-26 12:21:13+08:00,15225.0,38.50242755056043
2024-06-26 12:21:14+08:00,15226.0,38.441897316575854
2024-06-26 12:21:15+08:00,15227.0,38.38020191589631
2024-06-26 12:21:16+08:00,15228.0,38.31742110007612
2024-06-26 12:21:17+08:00,15229.0,38.253634620669594
2024-06-26 12:21:18+08:00,15230.0,38.18892222923103
2024-06-26 12:21:19+08:00,15231.0,38.12336367731477
2024-06-26 12:21:20+08:00,15232.0,38.0570387164751
2024-06-26 12:21:21+08:00,15233.0,37.99002709826636
2024-06-26 12:21:22+08:00,15234.0,37.92240857424283
2024-06-26 12:21:23+08:00,15235.0,37.85426289595886
2024-06-26 12:21:24+08:00,15236.0,37.78566981496874
2024-06-26 12:21:25+08:00,15237.0,37.716709082826796
2024-06-26 12:21:26+08:00,15238.0,37.64746045108734
2024-06-26 12:21:27+08:00,15239.0,37.578003671304664
2024-06-26 12:21:28+08:00,15240.0,37.50841849503311
2024-06-26 12:21:29+08:00,15241.0,37.43784842743483
2024-06-26 12:21:30+08:00,15242.0,37.365422622946035
2024-06-26 12:21:31+08:00,15243.0,37.2911993070321
2024-06-26 12:21:32+08:00,15244.0,37.21523670515841
2024-06-26 12:21:33+08:00,15245.0,37.137593042790336
2024-06-26 12:21:34+08:00,15246.0,37.058326545393264
2024-06-26 12:21:35+08:00,15247.0,36.97749543843257
2024-06-26 12:21:36+08:00,15248.0,36.89515794737365
2024-06-26 12:21:37+08:00,15249.0,36.81137229768186
2024-06-26 12:21:38+08:00,15250.0,36.726196714822585
2024-06-26 12:21:39+08:00,15251.0,36.63968942426121
2024-06-26 12:21:40+08:00,15252.0,36.55190865146313
2024-06-26 12:21:41+08:00,15253.0,36.46291262189369
2024-06-26 12:21:42+08:00,15254.0,36.372759561018306
2024-06-26 12:21:43+08:00,15255.0,36.28150769430232
2024-06-26 12:21:44+08:00,15256.0,36.18921524721115
2024-06-26 12:21:45+08:00,15257.0,36.095940445210154
2024-06-26 12:21:46+08:00,15258.0,36.00174151376471
2024-06-26 12:21:47+08:00,15259.0,35.906676678340204
2024-06-26 12:21:48+08:00,15260.0,35.81080416440203
2024-06-26 12:21:49+08:00,15261.0,35.71418219741553
2024-06-26 12:21:50+08:00,15262.0,35.61686900284612
2024-06-26 12:21:51+08:00,15263.0,35.51892280615916
2024-06-26 12:21:52+08:00,15264.0,35.42040183282004
2024-06-26 12:21:53+08:00,15265.0,35.32136430829413
2024-06-26 12:21:54+08:00,15266.0,35.22186845804683
2024-06-26 12:21:55+08:00,15267.0,35.12197250754348
2024-06-26 12:21:56+08:00,15268.0,35.0217346822495
2024-06-26 12:21:57+08:00,15269.0,34.92121320763026
2024-06-26 12:21:58+08:00,15270.0,34.82046630915112
2024-06-26 12:21:59+08:00,15271.0,34.718957059161816
2024-06-26 12:22:00+08:00,15272.0,34.61613547824557
2024-06-26 12:22:01+08:00,15273.0,34.51204021421804
2024-06-26 12:22:02+08:00,15274.0,34.406709914894876
2024-06-26 12:22:03+08:00,15275.0,34.300183228091726
2024-06-26 12:22:04+08:00,15276.0,34.19249880162426
2024-06-26 12:22:05+08:00,15277.0,34.083695283308124
2024-06-26 12:22:06+08:00,15278.0,33.973811320958966
2024-06-26 12:22:07+08:00,15279.0,33.862885562392464
2024-06-26 12:22:08+08:00,15280.0,33.75095665542424
2024-06-26 12:22:09+08:00,15281.0,33.63806324786996
2024-06-26 12:22:10+08:00,15282.0,33.52424398754528
2024-06-26 12:22:11+08:00,15283.0,33.40953752226586
2024-06-26 12:22:12+08:00,15284.0,33.29398249984735
2024-06-26 12:22:13+08:00,15285.0,33.177617568105404
2024-06-26 12:22:14+08:00,15286.0,33.06048137485568
2024-06-26 12:22:15+08:00,15287.0,32.94261256791382
2024-06-26 12:22:16+08:00,15288.0,32.824049795095476
2024-06-26 12:22:17+08:00,15289.0,32.704831704216325
2024-06-26 12:22:18+08:00,15290.0,32.58499694309201
2024-06-26 12:22:19+08:00,15291.0,32.46458415953818
2024-06-26 12:22:20+08:00,15292.0,32.34363200137048
2024-06-26 12:22:21+08:00,15293.0,32.22217911640459
2024-06-26 12:22:22+08:00,15294.0,32.10026415245614
2024-06-26 12:22:23+08:00,15295.0,31.977925757340802
2024-06-26 12:22:24+08:00,15296.0,31.855202578874216
2024-06-26 12:22:25+08:00,15297.0,31.732133264872044
2024-06-26 12:22:26+08:00,15298.0,31.60875646314994
2024-06-26 12:22:27+08:00,15299.0,31.48511082152356
2024-06-26 12:22:28+08:00,15300.0,31.36123498780855
2024-06-26 12:22:29+08:00,15301.0,31.236778100967566
2024-06-26 12:22:30+08:00,15302.0,31.111383235629685
2024-06-26 12:22:31+08:00,15303.0,30.985079943110172
2024-06-26 12:22:32+08:00,15304.0,30.857897774724314
2024-06-26 12:22:33+08:00,15305.0,30.729866281787395
2024-06-26 12:22:34+08:00,15306.0,30.601015015614678
2024-06-26 12:22:35+08:00,15307.0,30.47137352752146
2024-06-26 12:22:36+08:00,15308.0,30.340971368823016
2024-06-26 12:22:37+08:00,15309.0,30.20983809083462
2024-06-26 12:22:38+08:00,15310.0,30.078003244871557
2024-06-26 12:22:39+08:00,15311.0,29.9454963822491
2024-06-26 12:22:40+08:00,15312.0,29.812347054282537
2024-06-26 12:22:41+08:00,15313.0,29.678584812287138
2024-06-26 12:22:42+08:00,15314.0,29.54423920757819
2024-06-26 12:22:43+08:00,15315.0,29.40933979147097
2024-06-26 12:22:44+08:00,15316.0,29.273916115280755
2024-06-26 12:22:45+08:00,15317.0,29.137997730322827
2024-06-26 12:22:46+08:00,15318.0,29.001614187912462
2024-06-26 12:22:47+08:00,15319.0,28.864795039364953
2024-06-26 12:22:48+08:00,15320.0,28.72756983599556
2024-06-26 12:22:49+08:00,15321.0,28.589968129119573
2024-06-26 12:22:50+08:00,15322.0,28.452019470052267
2024-06-26 12:22:51+08:00,15323.0,28.313753410108927
2024-06-26 12:22:52+08:00,15324.0,28.175199500604826
2024-06-26 12:22:53+08:00,15325.0,28.03638729285525
2024-06-26 12:22:54+08:00,15326.0,27.897346338175474
2024-06-26 12:22:55+08:00,15327.0,27.75810618788078
2024-06-26 12:22:56+08:00,15328.0,27.618696393286445
2024-06-26 12:22:57+08:00,15329.0,27.479146505707746
2024-06-26 12:22:58+08:00,15330.0,27.33948607645997
2024-06-26 12:22:59+08:00,15331.0,27.199454031064597
2024-06-26 12:23:00+08:00,15332.0,27.058786336957034
2024-06-26 12:23:01+08:00,15333.0,26.91750810832343
2024-06-26 12:23:02+08:00,15334.0,26.77564445934993
2024-06-26 12:23:03+08:00,15335.0,26.633220504222685
2024-06-26 12:23:04+08:00,15336.0,26.490261357127842
2024-06-26 12:23:05+08:00,15337.0,26.34679213225155
2024-06-26 12:23:06+08:00,15338.0,26.202837943779965
2024-06-26 12:23:07+08:00,15339.0,26.058423905899225
2024-06-26 12:23:08+08:00,15340.0,25.913575132795486
2024-06-26 12:23:09+08:00,15341.0,25.768316738654896
2024-06-26 12:23:10+08:00,15342.0,25.622673837663598
2024-06-26 12:23:11+08:00,15343.0,25.476671544007754
2024-06-26 12:23:12+08:00,15344.0,25.3303349718735
2024-06-26 12:23:13+08:00,15345.0,25.18368923544699
2024-06-26 12:23:14+08:00,15346.0,25.036759448914374
2024-06-26 12:23:15+08:00,15347.0,24.889570726461805
2024-06-26 12:23:16+08:00,15348.0,24.742148182275418
2024-06-26 12:23:17+08:00,15349.0,24.594516930541374
2024-06-26 12:23:18+08:00,15350.0,24.446702085445818
2024-06-26 12:23:19+08:00,15351.0,24.298728761174903
2024-06-26 12:23:20+08:00,15352.0,24.150622071914775
2024-06-26 12:23:21+08:00,15353.0,24.00240713185158
2024-06-26 12:23:22+08:00,15354.0,23.854109055171463
2024-06-26 12:23:23+08:00,15355.0,23.705752956060586
2024-06-26 12:23:24+08:00,15356.0,23.557363948705095
2024-06-26 12:23:25+08:00,15357.0,23.40896714729113
2024-06-26 12:23:26+08:00,15358.0,23.260587666004845
2024-06-26 12:23:27+08:00,15359.0,23.112250619032388
2024-06-26 12:23:28+08:00,15360.0,22.96398112055991
2024-06-26 12:23:29+08:00,15361.0,22.815558277240715
2024-06-26 12:23:30+08:00,15362.0,22.66676012536227
2024-06-26 12:23:31+08:00,15363.0,22.517610173561977
2024-06-26 12:23:32+08:00,15364.0,22.368131930477244
2024-06-26 12:23:33+08:00,15365.0,22.21834890474547
2024-06-26 12:23:34+08:00,15366.0,22.068284605004052
2024-06-26 12:23:35+08:00,15367.0,21.917962539890397
2024-06-26 12:23:36+08:00,15368.0,21.76740621804191
2024-06-26 12:23:37+08:00,15369.0,21.61663914809598
2024-06-26 12:23:38+08:00,15370.0,21.46568483869002
2024-06-26 12:23:39+08:00,15371.0,21.31456679846143
2024-06-26 12:23:40+08:00,15372.0,21.163308536047616
2024-06-26 12:23:41+08:00,15373.0,21.011933560085968
2024-06-26 12:23:42+08:00,15374.0,20.8604653792139
2024-06-26 12:23:43+08:00,15375.0,20.708927502068807
2024-06-26 12:23:44+08:00,15376.0,20.55734343728809
2024-06-26 12:23:45+08:00,15377.0,20.40573669350916
2024-06-26 12:23:46+08:00,15378.0,20.254130779369408
2024-06-26 12:23:47+08:00,15379.0,20.102549203506243
2024-06-26 12:23:48+08:00,15380.0,19.951015474557057
2024-06-26 12:23:49+08:00,15381.0,19.79955310115927
2024-06-26 12:23:50+08:00,15382.0,19.648185591950266
2024-06-26 12:23:51+08:00,15383.0,19.496936455567454
2024-06-26 12:23:52+08:00,15384.0,19.34582920064824
2024-06-26 12:23:53+08:00,15385.0,19.19488733583002
2024-06-26 12:23:54+08:00,15386.0,19.044134369750196
2024-06-26 12:23:55+08:00,15387.0,18.893593811046173
2024-06-26 12:23:56+08:00,15388.0,18.743289168355354
2024-06-26 12:23:57+08:00,15389.0,18.593243950315134
2024-06-26 12:23:58+08:00,15390.0,18.44348166556292
2024-06-26 12:23:59+08:00,15391.0,18.29378688621358
2024-06-26 12:24:00+08:00,15392.0,18.14394464601935
2024-06-26 12:24:01+08:00,15393.0,17.993979146073663
2024-06-26 12:24:02+08:00,15394.0,17.843914587469964
2024-06-26 12:24:03+08:00,15395.0,17.69377517130169
2024-06-26 12:24:04+08:00,15396.0,17.543585098662287
2024-06-26 12:24:05+08:00,15397.0,17.39336857064519
2024-06-26 12:24:06+08:00,15398.0,17.243149788343846
2024-06-26 12:24:07+08:00,15399.0,17.092952952851693
2024-06-26 12:24:08+08:00,15400.0,16.94280226526217
2024-06-26 12:24:09+08:00,15401.0,16.792721926668722
2024-06-26 12:24:10+08:00,15402.0,16.642736138164793
2024-06-26 12:24:11+08:00,15403.0,16.492869100843812
2024-06-26 12:24:12+08:00,15404.0,16.34314501579923
2024-06-26 12:24:13+08:00,15405.0,16.193588084124485
2024-06-26 12:24:14+08:00,15406.0,16.04422250691302
2024-06-26 12:24:15+08:00,15407.0,15.895072485258268
2024-06-26 12:24:16+08:00,15408.0,15.746162220253678
2024-06-26 12:24:17+08:00,15409.0,15.597515912992687
2024-06-26 12:24:18+08:00,15410.0,15.44915776456874
2024-06-26 12:24:19+08:00,15411.0,15.301111976075276
2024-06-26 12:24:20+08:00,15412.0,15.153402748605734
2024-06-26 12:24:21+08:00,15413.0,15.006054283253555
2024-06-26 12:24:22+08:00,15414.0,14.85909078111218
2024-06-26 12:24:23+08:00,15415.0,14.712536443275054
2024-06-26 12:24:24+08:00,15416.0,14.566415470835613
2024-06-26 12:24:25+08:00,15417.0,14.420752064887303
2024-06-26 12:24:26+08:00,15418.0,14.27557042652356
2024-06-26 12:24:27+08:00,15419.0,14.130894756837828
2024-06-26 12:24:28+08:00,15420.0,13.986749256923543
2024-06-26 12:24:29+08:00,15421.0,13.842891037331446
2024-06-26 12:24:30+08:00,15422.0,13.699079350574237
2024-06-26 12:24:31+08:00,15423.0,13.555341610688311
2024-06-26 12:24:32+08:00,15424.0,13.41170523171006
2024-06-26 12:24:33+08:00,15425.0,13.26819762767588
2024-06-26 12:24:34+08:00,15426.0,13.124846212622165
2024-06-26 12:24:35+08:00,15427.0,12.981678400585308
2024-06-26 12:24:36+08:00,15428.0,12.838721605601698
2024-06-26 12:24:37+08:00,15429.0,12.69600324170774
2024-06-26 12:24:38+08:00,15430.0,12.55355072293982
2024-06-26 12:24:39+08:00,15431.0,12.411391463334331
2024-06-26 12:24:40+08:00,15432.0,12.269552876927671
2024-06-26 12:24:41+08:00,15433.0,12.128062377756235
2024-06-26 12:24:42+08:00,15434.0,11.98694737985641
2024-06-26 12:24:43+08:00,15435.0,11.846235297264597
2024-06-26 12:24:44+08:00,15436.0,11.705953544017186
2024-06-26 12:24:45+08:00,15437.0,11.566129534150573
2024-06-26 12:24:46+08:00,15438.0,11.42679068170115
2024-06-26 12:24:47+08:00,15439.0,11.287964400705311
2024-06-26 12:24:48+08:00,15440.0,11.149678105199452
2024-06-26 12:24:49+08:00,15441.0,11.011959209219965
2024-06-26 12:24:50+08:00,15442.0,10.874835126803244
2024-06-26 12:24:51+08:00,15443.0,10.738333271985683
2024-06-26 12:24:52+08:00,15444.0,10.602481058803678
2024-06-26 12:24:53+08:00,15445.0,10.467305901293617
2024-06-26 12:24:54+08:00,15446.0,10.332835213491903
2024-06-26 12:24:55+08:00,15447.0,10.19909640943492
2024-06-26 12:24:56+08:00,15448.0,10.06611690315907
2024-06-26 12:24:57+08:00,15449.0,9.933924108700744
2024-06-26 12:24:58+08:00,15450.0,9.802545440096335
2024-06-26 12:24:59+08:00,15451.0,9.671668076578543
2024-06-26 12:25:00+08:00,15452.0,9.540983812791467
2024-06-26 12:25:01+08:00,15453.0,9.410526985888573
2024-06-26 12:25:02+08:00,15454.0,9.280331933023344
2024-06-26 12:25:03+08:00,15455.0,9.150432991349254
2024-06-26 12:25:04+08:00,15456.0,9.020864498019778
2024-06-26 12:25:05+08:00,15457.0,8.891660790188398
2024-06-26 12:25:06+08:00,15458.0,8.762856205008584
2024-06-26 12:25:07+08:00,15459.0,8.634485079633816
2024-06-26 12:25:08+08:00,15460.0,8.50658175121757
2024-06-26 12:25:09+08:00,15461.0,8.37918055691332
2024-06-26 12:25:10+08:00,15462.0,8.252315833874546
2024-06-26 12:25:11+08:00,15463.0,8.126021919254722
2024-06-26 12:25:12+08:00,15464.0,8.000333150207325
2024-06-26 12:25:13+08:00,15465.0,7.875283863885834
2024-06-26 12:25:14+08:00,15466.0,7.7509083974437205
2024-06-26 12:25:15+08:00,15467.0,7.627241088034465
2024-06-26 12:25:16+08:00,15468.0,7.504316272811542
2024-06-26 12:25:17+08:00,15469.0,7.382168288928425
2024-06-26 12:25:18+08:00,15470.0,7.260831473538597
2024-06-26 12:25:19+08:00,15471.0,7.14034016379553
2024-06-26 12:25:20+08:00,15472.0,7.020728696852701
2024-06-26 12:25:21+08:00,15473.0,6.9020314098635875
2024-06-26 12:25:22+08:00,15474.0,6.784282639981666
2024-06-26 12:25:23+08:00,15475.0,6.667516724360411
2024-06-26 12:25:24+08:00,15476.0,6.5517680001533005
2024-06-26 12:25:25+08:00,15477.0,6.43707080451381
2024-06-26 12:25:26+08:00,15478.0,6.323459474595416
2024-06-26 12:25:27+08:00,15479.0,6.210968347551596
2024-06-26 12:25:28+08:00,15480.0,6.099631760535825
2024-06-26 12:25:29+08:00,15481.0,5.989599576359348
2024-06-26 12:25:30+08:00,15482.0,5.880947495247563
2024-06-26 12:25:31+08:00,15483.0,5.773598610475179
2024-06-26 12:25:32+08:00,15484.0,5.667476015316901
2024-06-26 12:25:33+08:00,15485.0,5.5625028030474395
2024-06-26 12:25:34+08:00,15486.0,5.458602066941501
2024-06-26 12:25:35+08:00,15487.0,5.355696900273795
2024-06-26 12:25:36+08:00,15488.0,5.253710396319027
2024-06-26 12:25:37+08:00,15489.0,5.152565648351908
2024-06-26 12:25:38+08:00,15490.0,5.052185749647144
2024-06-26 12:25:39+08:00,15491.0,4.952493793479442
2024-06-26 12:25:40+08:00,15492.0,4.853412873123511
2024-06-26 12:25:41+08:00,15493.0,4.754866081854059
2024-06-26 12:25:42+08:00,15494.0,4.656776512945793
2024-06-26 12:25:43+08:00,15495.0,4.559067259673423
2024-06-26 12:25:44+08:00,15496.0,4.461661415311656
2024-06-26 12:25:45+08:00,15497.0,4.364482073135197
2024-06-26 12:25:46+08:00,15498.0,4.267452326418757
2024-06-26 12:25:47+08:00,15499.0,4.170495268437045
2024-06-26 12:25:48+08:00,15500.0,4.073533992464765
2024-06-26 12:25:49+08:00,15501.0,3.976491591776627
2024-06-26 12:25:50+08:00,15502.0,3.8792911596473387
2024-06-26 12:25:51+08:00,15503.0,3.7818557893516087
2024-06-26 12:25:52+08:00,15504.0,3.6841085741641435
2024-06-26 12:25:53+08:00,15505.0,3.5859726073596527
2024-06-26 12:25:54+08:00,15506.0,3.487370982212842
2024-06-26 12:25:55+08:00,15507.0,3.3882267919984215
2024-06-26 12:25:56+08:00,15508.0,3.288463129991098
2024-06-26 12:25:57+08:00,15509.0,3.188003089465579
2024-06-26 12:25:58+08:00,15510.0,3.086769763696573
2024-06-26 12:25:59+08:00,15511.0,2.985082121418907
2024-06-26 12:26:00+08:00,15512.0,2.883310468852609
2024-06-26 12:26:01+08:00,15513.0,2.7814549055001883
2024-06-26 12:26:02+08:00,15514.0,2.6795155308641543
2024-06-26 12:26:03+08:00,15515.0,2.577492444447017
2024-06-26 12:26:04+08:00,15516.0,2.475385745751285
2024-06-26 12:26:05+08:00,15517.0,2.3731955342794686
2024-06-26 12:26:06+08:00,15518.0,2.2709219095340765
2024-06-26 12:26:07+08:00,15519.0,2.1685649710176182
2024-06-26 12:26:08+08:00,15520.0,2.0661248182326037
2024-06-26 12:26:09+08:00,15521.0,1.9636015506815427
2024-06-26 12:26:10+08:00,15522.0,1.8609952678669435
2024-06-26 12:26:11+08:00,15523.0,1.7583060692913162
2024-06-26 12:26:12+08:00,15524.0,1.6555340544571704
2024-06-26 12:26:13+08:00,15525.0,1.5526793228670153
2024-06-26 12:26:14+08:00,15526.0,1.4497419740233601
2024-06-26 12:26:15+08:00,15527.0,1.3467221074287148
2024-06-26 12:26:16+08:00,15528.0,1.2436198225855883
2024-06-26 12:26:17+08:00,15529.0,1.1404352189964908
2024-06-26 12:26:18+08:00,15530.0,1.0371683961639309
2024-06-26 12:26:19+08:00,15531.0,0.9338194535904186
2024-06-26 12:26:20+08:00,15532.0,0.8303884907784633
2024-06-26 12:26:21+08:00,15533.0,0.7268756072305739
2024-06-26 12:26:22+08:00,15534.0,0.6232809024492606
2024-06-26 12:26:23+08:00,15535.0,0.5196044759370326
2024-06-26 12:26:24+08:00,15536.0,0.41584642719639875
2024-06-26 12:26:25+08:00,15537.0,0.3120068557298695
2024-06-26 12:26:26+08:00,15538.0,0.20808586103995377
2024-06-26 12:26:27+08:00,15539.0,0.10408354262916057
2024-06-26 12:26:28+08:00,15540.0,0.0
