timestamp,time_s,load_total_kw
2024-05-27 16:40:21,0,123.261081
2024-05-27 16:40:22,1,117.852132978
2024-05-27 16:40:23,2,112.550334114
2024-05-27 16:40:24,3,107.361032657
2024-05-27 16:40:25,4,102.289576857
2024-05-27 16:40:26,5,97.3413149653
2024-05-27 16:40:27,6,92.521595232
2024-05-27 16:40:28,7,87.8357659074
2024-05-27 16:40:29,8,83.2891752418
2024-05-27 16:40:30,9,78.8871714855
2024-05-27 16:40:31,10,74.6351028889
2024-05-27 16:40:32,11,70.5383177023
2024-05-27 16:40:33,12,66.602164176
2024-05-27 16:40:34,13,62.8319905604
2024-05-27 16:40:35,14,59.2331451058
2024-05-27 16:40:36,15,55.8109760625
2024-05-27 16:40:37,16,52.5708316809
2024-05-27 16:40:38,17,49.5180602113
2024-05-27 16:40:39,18,46.658009904
2024-05-27 16:40:40,19,43.9960290094
2024-05-27 16:40:41,20,41.5374657778
2024-05-27 16:40:42,21,39.2876684595
2024-05-27 16:40:43,22,37.2519853049
2024-05-27 16:40:44,23,35.4357645643
2024-05-27 16:40:45,24,33.844354488
2024-05-27 16:40:46,25,32.4831033264
2024-05-27 16:40:47,26,31.3573593298
2024-05-27 16:40:48,27,30.4724707485
2024-05-27 16:40:49,28,29.8337858329
2024-05-27 16:40:50,29,29.4466528333
2024-05-27 16:40:51,30,29.31642
2024-05-27 16:40:52,31,29.4591941464
2024-05-27 16:40:53,32,29.8748443521
2024-05-27 16:40:54,33,30.5443622667
2024-05-27 16:40:55,34,31.44873954
2024-05-27 16:40:56,35,32.5689678218
2024-05-27 16:40:57,36,33.8860387616
2024-05-27 16:40:58,37,35.3809440093
2024-05-27 16:40:59,38,37.0346752145
2024-05-27 16:41:00,39,38.828224027
2024-05-27 16:41:01,40,40.7425820964
2024-05-27 16:41:02,41,42.7587410724
2024-05-27 16:41:03,42,44.8576926049
2024-05-27 16:41:04,43,47.0204283434
2024-05-27 16:41:05,44,49.2279399378
2024-05-27 16:41:06,45,51.4612190376
2024-05-27 16:41:07,46,53.7012572927
2024-05-27 16:41:08,47,55.9290463527
2024-05-27 16:41:09,48,58.1255778673
2024-05-27 16:41:10,49,60.2718434863
2024-05-27 16:41:11,50,62.3488348594
2024-05-27 16:41:12,51,64.3375436363
2024-05-27 16:41:13,52,66.2189614666
2024-05-27 16:41:14,53,67.9740800001
2024-05-27 16:41:15,54,69.5838908865
2024-05-27 16:41:16,55,71.0293857756
2024-05-27 16:41:17,56,72.291556317
2024-05-27 16:41:18,57,73.3513941604
2024-05-27 16:41:19,58,74.1898909556
2024-05-27 16:41:20,59,74.7880383522
2024-05-27 16:41:21,60,75.126828
2024-05-27 16:41:22,61,75.320743562
2024-05-27 16:41:23,62,75.4977298816
2024-05-27 16:41:24,63,75.6589703792
2024-05-27 16:41:25,64,75.805648475
2024-05-27 16:41:26,65,75.9389475895
2024-05-27 16:41:27,66,76.0600511429
2024-05-27 16:41:28,67,76.1701425557
2024-05-27 16:41:29,68,76.2704052481
2024-05-27 16:41:30,69,76.3620226405
2024-05-27 16:41:31,70,76.4461781532
2024-05-27 16:41:32,71,76.5240552066
2024-05-27 16:41:33,72,76.596837221
2024-05-27 16:41:34,73,76.6657076168
2024-05-27 16:41:35,74,76.7318498142
2024-05-27 16:41:36,75,76.7964472337
2024-05-27 16:41:37,76,76.8606832955
2024-05-27 16:41:38,77,76.9257414201
2024-05-27 16:41:39,78,76.9928050277
2024-05-27 16:41:40,79,77.0630575386
2024-05-27 16:41:41,80,77.1376823733
2024-05-27 16:41:42,81,77.2178629521
2024-05-27 16:41:43,82,77.3047826953
2024-05-27 16:41:44,83,77.3996250232
2024-05-27 16:41:45,84,77.5035733562
2024-05-27 16:41:46,85,77.6178111146
2024-05-27 16:41:47,86,77.7435217188
2024-05-27 16:41:48,87,77.8818885891
2024-05-27 16:41:49,88,78.0340951458
2024-05-27 16:41:50,89,78.2013248094
2024-05-27 16:41:51,90,78.384761
2024-05-27 16:41:52,91,78.5991599009
2024-05-27 16:41:53,92,78.8583012843
2024-05-27 16:41:54,93,79.1619039541
2024-05-27 16:41:55,94,79.5096867144
2024-05-27 16:41:56,95,79.901368369
2024-05-27 16:41:57,96,80.336667722
2024-05-27 16:41:58,97,80.8153035773
2024-05-27 16:41:59,98,81.3369947388
2024-05-27 16:42:00,99,81.9014600106
2024-05-27 16:42:01,100,82.5084181965
2024-05-27 16:42:02,101,83.1575881006
2024-05-27 16:42:03,102,83.8486885269
2024-05-27 16:42:04,103,84.5814382792
2024-05-27 16:42:05,104,85.3555561616
2024-05-27 16:42:06,105,86.170760978
2024-05-27 16:42:07,106,87.0267715323
2024-05-27 16:42:08,107,87.9233066286
2024-05-27 16:42:09,108,88.8600850708
2024-05-27 16:42:10,109,89.8368256629
2024-05-27 16:42:11,110,90.8532472087
2024-05-27 16:42:12,111,91.9090685124
2024-05-27 16:42:13,112,93.0040083778
2024-05-27 16:42:14,113,94.137785609
2024-05-27 16:42:15,114,95.3101190098
2024-05-27 16:42:16,115,96.5207273843
2024-05-27 16:42:17,116,97.7693295364
2024-05-27 16:42:18,117,99.05564427
2024-05-27 16:42:19,118,100.379390389
2024-05-27 16:42:20,119,101.740286698
2024-05-27 16:42:21,120,103.138052
2024-05-27 16:42:22,121,104.913655838
2024-05-27 16:42:23,122,107.375105282
2024-05-27 16:42:24,123,110.47267543
2024-05-27 16:42:25,124,114.156641378
2024-05-27 16:42:26,125,118.377278224
2024-05-27 16:42:27,126,123.084861065
2024-05-27 16:42:28,127,128.229664997
2024-05-27 16:42:29,128,133.761965118
2024-05-27 16:42:30,129,139.632036525
2024-05-27 16:42:31,130,145.790154315
2024-05-27 16:42:32,131,152.186593585
2024-05-27 16:42:33,132,158.771629432
2024-05-27 16:42:34,133,165.495536953
2024-05-27 16:42:35,134,172.308591246
2024-05-27 16:42:36,135,179.161067406
2024-05-27 16:42:37,136,186.003240532
2024-05-27 16:42:38,137,192.78538572
2024-05-27 16:42:39,138,199.457778068
2024-05-27 16:42:40,139,205.970692672
2024-05-27 16:42:41,140,212.274404629
2024-05-27 16:42:42,141,218.319189037
2024-05-27 16:42:43,142,224.055320993
2024-05-27 16:42:44,143,229.433075593
2024-05-27 16:42:45,144,234.402727935
2024-05-27 16:42:46,145,238.914553116
2024-05-27 16:42:47,146,242.918826233
2024-05-27 16:42:48,147,246.365822383
2024-05-27 16:42:49,148,249.205816662
2024-05-27 16:42:50,149,251.389084169
2024-05-27 16:42:51,150,252.8659
2024-05-27 16:42:52,151,253.961215596
2024-05-27 16:42:53,152,255.032518622
2024-05-27 16:42:54,153,256.078888511
2024-05-27 16:42:55,154,257.099404698
2024-05-27 16:42:56,155,258.093146615
2024-05-27 16:42:57,156,259.059193697
2024-05-27 16:42:58,157,259.996625376
2024-05-27 16:42:59,158,260.904521086
2024-05-27 16:43:00,159,261.781960261
2024-05-27 16:43:01,160,262.628022334
2024-05-27 16:43:02,161,263.441786739
2024-05-27 16:43:03,162,264.222332909
2024-05-27 16:43:04,163,264.968740277
2024-05-27 16:43:05,164,265.680088278
2024-05-27 16:43:06,165,266.355456344
2024-05-27 16:43:07,166,266.99392391
2024-05-27 16:43:08,167,267.594570408
2024-05-27 16:43:09,168,268.156475273
2024-05-27 16:43:10,169,268.678717937
2024-05-27 16:43:11,170,269.160377834
2024-05-27 16:43:12,171,269.600534398
2024-05-27 16:43:13,172,269.998267062
2024-05-27 16:43:14,173,270.352655259
2024-05-27 16:43:15,174,270.662778424
2024-05-27 16:43:16,175,270.92771599
2024-05-27 16:43:17,176,271.146547389
2024-05-27 16:43:18,177,271.318352057
2024-05-27 16:43:19,178,271.442209425
2024-05-27 16:43:20,179,271.517198929
2024-05-27 16:43:21,180,271.5424
2024-05-27 16:43:22,181,271.517909926
2024-05-27 16:43:23,182,271.446666074
2024-05-27 16:43:24,183,271.332008
2024-05-27 16:43:25,184,271.177275259
2024-05-27 16:43:26,185,270.985807407
2024-05-27 16:43:27,186,270.760944
2024-05-27 16:43:28,187,270.506024593
2024-05-27 16:43:29,188,270.224388741
2024-05-27 16:43:30,189,269.919376
2024-05-27 16:43:31,190,269.594325926
2024-05-27 16:43:32,191,269.252578074
2024-05-27 16:43:33,192,268.897472
2024-05-27 16:43:34,193,268.532347259
2024-05-27 16:43:35,194,268.160543407
2024-05-27 16:43:36,195,267.7854
2024-05-27 16:43:37,196,267.410256593
2024-05-27 16:43:38,197,267.038452741
2024-05-27 16:43:39,198,266.673328
2024-05-27 16:43:40,199,266.318221926
2024-05-27 16:43:41,200,265.976474074
2024-05-27 16:43:42,201,265.651424
2024-05-27 16:43:43,202,265.346411259
2024-05-27 16:43:44,203,265.064775407
2024-05-27 16:43:45,204,264.809856
2024-05-27 16:43:46,205,264.584992593
2024-05-27 16:43:47,206,264.393524741
2024-05-27 16:43:48,207,264.238792
2024-05-27 16:43:49,208,264.124133926
2024-05-27 16:43:50,209,264.052890074
2024-05-27 16:43:51,210,264.0284
2024-05-27 16:43:52,211,264.051913565
2024-05-27 16:43:53,212,264.120459406
2024-05-27 16:43:54,213,264.231045248
2024-05-27 16:43:55,214,264.380678811
2024-05-27 16:43:56,215,264.566367818
2024-05-27 16:43:57,216,264.785119991
2024-05-27 16:43:58,217,265.033943054
2024-05-27 16:43:59,218,265.309844727
2024-05-27 16:44:00,219,265.609832733
2024-05-27 16:44:01,220,265.930914795
2024-05-27 16:44:02,221,266.270098635
2024-05-27 16:44:03,222,266.624391974
2024-05-27 16:44:04,223,266.990802537
2024-05-27 16:44:05,224,267.366338043
2024-05-27 16:44:06,225,267.748006217
2024-05-27 16:44:07,226,268.13281478
2024-05-27 16:44:08,227,268.517771454
2024-05-27 16:44:09,228,268.899883962
2024-05-27 16:44:10,229,269.276160026
2024-05-27 16:44:11,230,269.643607368
2024-05-27 16:44:12,231,269.999233711
2024-05-27 16:44:13,232,270.340046777
2024-05-27 16:44:14,233,270.663054288
2024-05-27 16:44:15,234,270.965263966
2024-05-27 16:44:16,235,271.243683534
2024-05-27 16:44:17,236,271.495320714
2024-05-27 16:44:18,237,271.717183228
2024-05-27 16:44:19,238,271.906278799
2024-05-27 16:44:20,239,272.059615149
2024-05-27 16:44:21,240,272.1742
2024-05-27 16:44:22,241,272.264604398
2024-05-27 16:44:23,242,272.347748264
2024-05-27 16:44:24,243,272.424162633
2024-05-27 16:44:25,244,272.494378539
2024-05-27 16:44:26,245,272.558927016
2024-05-27 16:44:27,246,272.618339098
2024-05-27 16:44:28,247,272.67314582
2024-05-27 16:44:29,248,272.723878217
2024-05-27 16:44:30,249,272.771067321
2024-05-27 16:44:31,250,272.815244169
2024-05-27 16:44:32,251,272.856939794
2024-05-27 16:44:33,252,272.89668523
2024-05-27 16:44:34,253,272.935011513
2024-05-27 16:44:35,254,272.972449675
2024-05-27 16:44:36,255,273.009530752
2024-05-27 16:44:37,256,273.046785778
2024-05-27 16:44:38,257,273.084745787
2024-05-27 16:44:39,258,273.123941814
2024-05-27 16:44:40,259,273.164904892
2024-05-27 16:44:41,260,273.208166057
2024-05-27 16:44:42,261,273.254256342
2024-05-27 16:44:43,262,273.303706782
2024-05-27 16:44:44,263,273.357048412
2024-05-27 16:44:45,264,273.414812265
2024-05-27 16:44:46,265,273.477529376
2024-05-27 16:44:47,266,273.545730779
2024-05-27 16:44:48,267,273.619947508
2024-05-27 16:44:49,268,273.700710599
2024-05-27 16:44:50,269,273.788551085
2024-05-27 16:44:51,270,273.884
2024-05-27 16:44:52,271,274.014976832
2024-05-27 16:44:53,272,274.206028513
2024-05-27 16:44:54,273,274.452627244
2024-05-27 16:44:55,274,274.750245225
2024-05-27 16:44:56,275,275.094354658
2024-05-27 16:44:57,276,275.480427744
2024-05-27 16:44:58,277,275.903936683
2024-05-27 16:44:59,278,276.360353676
2024-05-27 16:45:00,279,276.845150925
2024-05-27 16:45:01,280,277.353800629
2024-05-27 16:45:02,281,277.881774991
2024-05-27 16:45:03,282,278.424546212
2024-05-27 16:45:04,283,278.977586491
2024-05-27 16:45:05,284,279.536368031
2024-05-27 16:45:06,285,280.096363031
2024-05-27 16:45:07,286,280.653043693
2024-05-27 16:45:08,287,281.201882219
2024-05-27 16:45:09,288,281.738350808
2024-05-27 16:45:10,289,282.257921662
2024-05-27 16:45:11,290,282.756066981
2024-05-27 16:45:12,291,283.228258968
2024-05-27 16:45:13,292,283.669969822
2024-05-27 16:45:14,293,284.076671744
2024-05-27 16:45:15,294,284.443836936
2024-05-27 16:45:16,295,284.766937598
2024-05-27 16:45:17,296,285.041445932
2024-05-27 16:45:18,297,285.262834138
2024-05-27 16:45:19,298,285.426574418
2024-05-27 16:45:20,299,285.528138971
2024-05-27 16:45:21,300,285.563
2024-05-27 16:45:22,301,285.492254335
2024-05-27 16:45:23,302,285.285919179
2024-05-27 16:45:24,303,284.95284729
2024-05-27 16:45:25,304,284.501891426
2024-05-27 16:45:26,305,283.941904346
2024-05-27 16:45:27,306,283.281738809
2024-05-27 16:45:28,307,282.530247571
2024-05-27 16:45:29,308,281.696283392
2024-05-27 16:45:30,309,280.788699029
2024-05-27 16:45:31,310,279.816347242
2024-05-27 16:45:32,311,278.788080788
2024-05-27 16:45:33,312,277.712752426
2024-05-27 16:45:34,313,276.599214913
2024-05-27 16:45:35,314,275.456321009
2024-05-27 16:45:36,315,274.292923471
2024-05-27 16:45:37,316,273.117875058
2024-05-27 16:45:38,317,271.940028527
2024-05-27 16:45:39,318,270.768236638
2024-05-27 16:45:40,319,269.611352149
2024-05-27 16:45:41,320,268.478227817
2024-05-27 16:45:42,321,267.377716402
2024-05-27 16:45:43,322,266.318670661
2024-05-27 16:45:44,323,265.309943352
2024-05-27 16:45:45,324,264.360387234
2024-05-27 16:45:46,325,263.478855066
2024-05-27 16:45:47,326,262.674199605
2024-05-27 16:45:48,327,261.955273609
2024-05-27 16:45:49,328,261.330929838
2024-05-27 16:45:50,329,260.810021049
2024-05-27 16:45:51,330,260.4014
2024-05-27 16:45:52,331,260.055797894
2024-05-27 16:45:53,332,259.718094845
2024-05-27 16:45:54,333,259.388366979
2024-05-27 16:45:55,334,259.066690422
2024-05-27 16:45:56,335,258.753141302
2024-05-27 16:45:57,336,258.447795744
2024-05-27 16:45:58,337,258.150729875
2024-05-27 16:45:59,338,257.862019823
2024-05-27 16:46:00,339,257.581741712
2024-05-27 16:46:01,340,257.309971669
2024-05-27 16:46:02,341,257.046785822
2024-05-27 16:46:03,342,256.792260296
2024-05-27 16:46:04,343,256.546471218
2024-05-27 16:46:05,344,256.309494715
2024-05-27 16:46:06,345,256.081406913
2024-05-27 16:46:07,346,255.862283938
2024-05-27 16:46:08,347,255.652201917
2024-05-27 16:46:09,348,255.451236976
2024-05-27 16:46:10,349,255.259465243
2024-05-27 16:46:11,350,255.076962842
2024-05-27 16:46:12,351,254.903805902
2024-05-27 16:46:13,352,254.740070548
2024-05-27 16:46:14,353,254.585832906
2024-05-27 16:46:15,354,254.441169104
2024-05-27 16:46:16,355,254.306155268
2024-05-27 16:46:17,356,254.180867524
2024-05-27 16:46:18,357,254.065381999
2024-05-27 16:46:19,358,253.959774819
2024-05-27 16:46:20,359,253.86412211
2024-05-27 16:46:21,360,253.7785
2024-05-27 16:46:22,361,253.698382082
2024-05-27 16:46:23,362,253.619271155
2024-05-27 16:46:24,363,253.541287151
2024-05-27 16:46:25,364,253.464550004
2024-05-27 16:46:26,365,253.389179645
2024-05-27 16:46:27,366,253.315296007
2024-05-27 16:46:28,367,253.243019023
2024-05-27 16:46:29,368,253.172468626
2024-05-27 16:46:30,369,253.103764749
2024-05-27 16:46:31,370,253.037027323
2024-05-27 16:46:32,371,252.972376282
2024-05-27 16:46:33,372,252.909931558
2024-05-27 16:46:34,373,252.849813084
2024-05-27 16:46:35,374,252.792140793
2024-05-27 16:46:36,375,252.737034616
2024-05-27 16:46:37,376,252.684614488
2024-05-27 16:46:38,377,252.63500034
2024-05-27 16:46:39,378,252.588312105
2024-05-27 16:46:40,379,252.544669716
2024-05-27 16:46:41,380,252.504193106
2024-05-27 16:46:42,381,252.467002207
2024-05-27 16:46:43,382,252.433216951
2024-05-27 16:46:44,383,252.402957272
2024-05-27 16:46:45,384,252.376343102
2024-05-27 16:46:46,385,252.353494373
2024-05-27 16:46:47,386,252.334531019
2024-05-27 16:46:48,387,252.319572972
2024-05-27 16:46:49,388,252.308740165
2024-05-27 16:46:50,389,252.30215253
2024-05-27 16:46:51,390,252.29993
2024-05-27 16:46:52,391,252.312967591
2024-05-27 16:46:53,392,252.350895129
2024-05-27 16:46:54,393,252.41193476
2024-05-27 16:46:55,394,252.494308631
2024-05-27 16:46:56,395,252.596238889
2024-05-27 16:46:57,396,252.71594768
2024-05-27 16:46:58,397,252.851657151
2024-05-27 16:46:59,398,253.001589449
2024-05-27 16:47:00,399,253.16396672
2024-05-27 16:47:01,400,253.337011111
2024-05-27 16:47:02,401,253.518944769
2024-05-27 16:47:03,402,253.70798984
2024-05-27 16:47:04,403,253.902368471
2024-05-27 16:47:05,404,254.100302809
2024-05-27 16:47:06,405,254.300015
2024-05-27 16:47:07,406,254.499727191
2024-05-27 16:47:08,407,254.697661529
2024-05-27 16:47:09,408,254.89204016
2024-05-27 16:47:10,409,255.081085231
2024-05-27 16:47:11,410,255.263018889
2024-05-27 16:47:12,411,255.43606328
2024-05-27 16:47:13,412,255.598440551
2024-05-27 16:47:14,413,255.748372849
2024-05-27 16:47:15,414,255.88408232
2024-05-27 16:47:16,415,256.003791111
2024-05-27 16:47:17,416,256.105721369
2024-05-27 16:47:18,417,256.18809524
2024-05-27 16:47:19,418,256.249134871
2024-05-27 16:47:20,419,256.287062409
2024-05-27 16:47:21,420,256.3001
2024-05-27 16:47:22,421,256.279634036
2024-05-27 16:47:23,422,256.220096684
2024-05-27 16:47:24,423,256.12427876
2024-05-27 16:47:25,424,255.994971076
2024-05-27 16:47:26,425,255.834964444
2024-05-27 16:47:27,426,255.64704968
2024-05-27 16:47:28,427,255.434017596
2024-05-27 16:47:29,428,255.198659004
2024-05-27 16:47:30,429,254.94376472
2024-05-27 16:47:31,430,254.672125556
2024-05-27 16:47:32,431,254.386532324
2024-05-27 16:47:33,432,254.08977584
2024-05-27 16:47:34,433,253.784646916
2024-05-27 16:47:35,434,253.473936364
2024-05-27 16:47:36,435,253.160435
2024-05-27 16:47:37,436,252.846933636
2024-05-27 16:47:38,437,252.536223084
2024-05-27 16:47:39,438,252.23109416
2024-05-27 16:47:40,439,251.934337676
2024-05-27 16:47:41,440,251.648744444
2024-05-27 16:47:42,441,251.37710528
2024-05-27 16:47:43,442,251.122210996
2024-05-27 16:47:44,443,250.886852404
2024-05-27 16:47:45,444,250.67382032
2024-05-27 16:47:46,445,250.485905556
2024-05-27 16:47:47,446,250.325898924
2024-05-27 16:47:48,447,250.19659124
2024-05-27 16:47:49,448,250.100773316
2024-05-27 16:47:50,449,250.041235964
2024-05-27 16:47:51,450,250.02077
2024-05-27 16:47:52,451,250.029260468
2024-05-27 16:47:53,452,250.053960012
2024-05-27 16:47:54,453,250.09371084
2024-05-27 16:47:55,454,250.147355161
2024-05-27 16:47:56,455,250.213735185
2024-05-27 16:47:57,456,250.29169312
2024-05-27 16:47:58,457,250.380071175
2024-05-27 16:47:59,458,250.477711559
2024-05-27 16:48:00,459,250.58345648
2024-05-27 16:48:01,460,250.696148148
2024-05-27 16:48:02,461,250.814628772
2024-05-27 16:48:03,462,250.93774056
2024-05-27 16:48:04,463,251.064325721
2024-05-27 16:48:05,464,251.193226465
2024-05-27 16:48:06,465,251.323285
2024-05-27 16:48:07,466,251.453343535
2024-05-27 16:48:08,467,251.582244279
2024-05-27 16:48:09,468,251.70882944
2024-05-27 16:48:10,469,251.831941228
2024-05-27 16:48:11,470,251.950421852
2024-05-27 16:48:12,471,252.06311352
2024-05-27 16:48:13,472,252.168858441
2024-05-27 16:48:14,473,252.266498825
2024-05-27 16:48:15,474,252.35487688
2024-05-27 16:48:16,475,252.432834815
2024-05-27 16:48:17,476,252.499214839
2024-05-27 16:48:18,477,252.55285916
2024-05-27 16:48:19,478,252.592609988
2024-05-27 16:48:20,479,252.617309532
2024-05-27 16:48:21,480,252.6258
2024-05-27 16:48:22,481,252.619090815
2024-05-27 16:48:23,482,252.599573185
2024-05-27 16:48:24,483,252.568162
2024-05-27 16:48:25,484,252.525772148
2024-05-27 16:48:26,485,252.473318519
2024-05-27 16:48:27,486,252.411716
2024-05-27 16:48:28,487,252.341879481
2024-05-27 16:48:29,488,252.264723852
2024-05-27 16:48:30,489,252.181164
2024-05-27 16:48:31,490,252.092114815
2024-05-27 16:48:32,491,251.998491185
2024-05-27 16:48:33,492,251.901208
2024-05-27 16:48:34,493,251.801180148
2024-05-27 16:48:35,494,251.699322519
2024-05-27 16:48:36,495,251.59655
2024-05-27 16:48:37,496,251.493777481
2024-05-27 16:48:38,497,251.391919852
2024-05-27 16:48:39,498,251.291892
2024-05-27 16:48:40,499,251.194608815
2024-05-27 16:48:41,500,251.100985185
2024-05-27 16:48:42,501,251.011936
2024-05-27 16:48:43,502,250.928376148
2024-05-27 16:48:44,503,250.851220519
2024-05-27 16:48:45,504,250.781384
2024-05-27 16:48:46,505,250.719781481
2024-05-27 16:48:47,506,250.667327852
2024-05-27 16:48:48,507,250.624938
2024-05-27 16:48:49,508,250.593526815
2024-05-27 16:48:50,509,250.574009185
2024-05-27 16:48:51,510,250.5673
2024-05-27 16:48:52,511,250.580709896
2024-05-27 16:48:53,512,250.619720504
2024-05-27 16:48:54,513,250.6825032
2024-05-27 16:48:55,514,250.767229363
2024-05-27 16:48:56,515,250.87207037
2024-05-27 16:48:57,516,250.9951976
2024-05-27 16:48:58,517,251.13478243
2024-05-27 16:48:59,518,251.288996237
2024-05-27 16:49:00,519,251.4560104
2024-05-27 16:49:01,520,251.633996296
2024-05-27 16:49:02,521,251.821125304
2024-05-27 16:49:03,522,252.0155688
2024-05-27 16:49:04,523,252.215498163
2024-05-27 16:49:05,524,252.41908477
2024-05-27 16:49:06,525,252.6245
2024-05-27 16:49:07,526,252.82991523
2024-05-27 16:49:08,527,253.033501837
2024-05-27 16:49:09,528,253.2334312
2024-05-27 16:49:10,529,253.427874696
2024-05-27 16:49:11,530,253.615003704
2024-05-27 16:49:12,531,253.7929896
2024-05-27 16:49:13,532,253.960003763
2024-05-27 16:49:14,533,254.11421757
2024-05-27 16:49:15,534,254.2538024
2024-05-27 16:49:16,535,254.37692963
2024-05-27 16:49:17,536,254.481770637
2024-05-27 16:49:18,537,254.5664968
2024-05-27 16:49:19,538,254.629279496
2024-05-27 16:49:20,539,254.668290104
2024-05-27 16:49:21,540,254.6817
2024-05-27 16:49:22,541,254.672967611
2024-05-27 16:49:23,542,254.647189729
2024-05-27 16:49:24,543,254.604995288
2024-05-27 16:49:25,544,254.547013217
2024-05-27 16:49:26,545,254.473872449
2024-05-27 16:49:27,546,254.386201913
2024-05-27 16:49:28,547,254.284630542
2024-05-27 16:49:29,548,254.169787266
2024-05-27 16:49:30,549,254.042301017
2024-05-27 16:49:31,550,253.902800725
2024-05-27 16:49:32,551,253.751915322
2024-05-27 16:49:33,552,253.59027374
2024-05-27 16:49:34,553,253.418504908
2024-05-27 16:49:35,554,253.237237759
2024-05-27 16:49:36,555,253.047101224
2024-05-27 16:49:37,556,252.848724233
2024-05-27 16:49:38,557,252.642735718
2024-05-27 16:49:39,558,252.42976461
2024-05-27 16:49:40,559,252.21043984
2024-05-27 16:49:41,560,251.985390339
2024-05-27 16:49:42,561,251.755245039
2024-05-27 16:49:43,562,251.52063287
2024-05-27 16:49:44,563,251.282182765
2024-05-27 16:49:45,564,251.040523653
2024-05-27 16:49:46,565,250.796284466
2024-05-27 16:49:47,566,250.550094136
2024-05-27 16:49:48,567,250.302581593
2024-05-27 16:49:49,568,250.054375768
2024-05-27 16:49:50,569,249.806105594
2024-05-27 16:49:51,570,249.5584
2024-05-27 16:49:52,571,249.283635645
2024-05-27 16:49:53,572,248.956649073
2024-05-27 16:49:54,573,248.581759047
2024-05-27 16:49:55,574,248.163284329
2024-05-27 16:49:56,575,247.705543682
2024-05-27 16:49:57,576,247.212855867
2024-05-27 16:49:58,577,246.689539647
2024-05-27 16:49:59,578,246.139913784
2024-05-27 16:50:00,579,245.568297041
2024-05-27 16:50:01,580,244.979008179
2024-05-27 16:50:02,581,244.376365962
2024-05-27 16:50:03,582,243.76468915
2024-05-27 16:50:04,583,243.148296508
2024-05-27 16:50:05,584,242.531506795
2024-05-27 16:50:06,585,241.918638776
2024-05-27 16:50:07,586,241.314011213
2024-05-27 16:50:08,587,240.721942867
2024-05-27 16:50:09,588,240.1467525
2024-05-27 16:50:10,589,239.592758876
2024-05-27 16:50:11,590,239.064280756
2024-05-27 16:50:12,591,238.565636903
2024-05-27 16:50:13,592,238.101146079
2024-05-27 16:50:14,593,237.675127046
2024-05-27 16:50:15,594,237.291898567
2024-05-27 16:50:16,595,236.955779403
2024-05-27 16:50:17,596,236.671088317
2024-05-27 16:50:18,597,236.442144072
2024-05-27 16:50:19,598,236.273265429
2024-05-27 16:50:20,599,236.168771151
2024-05-27 16:50:21,600,236.13298
2024-05-27 16:50:22,601,236.134101834
2024-05-27 16:50:23,602,236.137435616
2024-05-27 16:50:24,603,236.142933767
2024-05-27 16:50:25,604,236.150548707
2024-05-27 16:50:26,605,236.160232856
2024-05-27 16:50:27,606,236.171938637
2024-05-27 16:50:28,607,236.185618468
2024-05-27 16:50:29,608,236.201224771
2024-05-27 16:50:30,609,236.218709966
2024-05-27 16:50:31,610,236.238026474
2024-05-27 16:50:32,611,236.259126715
2024-05-27 16:50:33,612,236.28196311
2024-05-27 16:50:34,613,236.306488079
2024-05-27 16:50:35,614,236.332654044
2024-05-27 16:50:36,615,236.360413424
2024-05-27 16:50:37,616,236.389718641
2024-05-27 16:50:38,617,236.420522114
2024-05-27 16:50:39,618,236.452776265
2024-05-27 16:50:40,619,236.486433513
2024-05-27 16:50:41,620,236.521446281
2024-05-27 16:50:42,621,236.557766987
2024-05-27 16:50:43,622,236.595348053
2024-05-27 16:50:44,623,236.634141899
2024-05-27 16:50:45,624,236.674100946
2024-05-27 16:50:46,625,236.715177615
2024-05-27 16:50:47,626,236.757324326
2024-05-27 16:50:48,627,236.800493499
2024-05-27 16:50:49,628,236.844637555
2024-05-27 16:50:50,629,236.889708916
2024-05-27 16:50:51,630,236.93566
2024-05-27 16:50:52,631,236.995994424
2024-05-27 16:50:53,632,237.082908225
2024-05-27 16:50:54,633,237.194392461
2024-05-27 16:50:55,634,237.328438187
2024-05-27 16:50:56,635,237.483036459
2024-05-27 16:50:57,636,237.656178334
2024-05-27 16:50:58,637,237.845854867
2024-05-27 16:50:59,638,238.050057114
2024-05-27 16:51:00,639,238.266776133
2024-05-27 16:51:01,640,238.494002979
2024-05-27 16:51:02,641,238.729728707
2024-05-27 16:51:03,642,238.971944375
2024-05-27 16:51:04,643,239.218641039
2024-05-27 16:51:05,644,239.467809753
2024-05-27 16:51:06,645,239.717441576
2024-05-27 16:51:07,646,239.965527562
2024-05-27 16:51:08,647,240.210058768
2024-05-27 16:51:09,648,240.44902625
2024-05-27 16:51:10,649,240.680421064
2024-05-27 16:51:11,650,240.902234267
2024-05-27 16:51:12,651,241.112456914
2024-05-27 16:51:13,652,241.309080062
2024-05-27 16:51:14,653,241.490094766
2024-05-27 16:51:15,654,241.653492083
2024-05-27 16:51:16,655,241.79726307
2024-05-27 16:51:17,656,241.919398781
2024-05-27 16:51:18,657,242.017890273
2024-05-27 16:51:19,658,242.090728603
2024-05-27 16:51:20,659,242.135904827
2024-05-27 16:51:21,660,242.15141
2024-05-27 16:51:22,661,242.03834408
2024-05-27 16:51:23,662,241.70942504
2024-05-27 16:51:24,663,241.18007096
2024-05-27 16:51:25,664,240.46569992
2024-05-27 16:51:26,665,239.58173
2024-05-27 16:51:27,666,238.54357928
2024-05-27 16:51:28,667,237.36666584
2024-05-27 16:51:29,668,236.06640776
2024-05-27 16:51:30,669,234.65822312
2024-05-27 16:51:31,670,233.15753
2024-05-27 16:51:32,671,231.57974648
2024-05-27 16:51:33,672,229.94029064
2024-05-27 16:51:34,673,228.25458056
2024-05-27 16:51:35,674,226.53803432
2024-05-27 16:51:36,675,224.80607
2024-05-27 16:51:37,676,223.07410568
2024-05-27 16:51:38,677,221.35755944
2024-05-27 16:51:39,678,219.67184936
2024-05-27 16:51:40,679,218.03239352
2024-05-27 16:51:41,680,216.45461
2024-05-27 16:51:42,681,214.95391688
2024-05-27 16:51:43,682,213.54573224
2024-05-27 16:51:44,683,212.24547416
2024-05-27 16:51:45,684,211.06856072
2024-05-27 16:51:46,685,210.03041
2024-05-27 16:51:47,686,209.14644008
2024-05-27 16:51:48,687,208.43206904
2024-05-27 16:51:49,688,207.90271496
2024-05-27 16:51:50,689,207.57379592
2024-05-27 16:51:51,690,207.46073
2024-05-27 16:51:52,691,207.480013658
2024-05-27 16:51:53,692,207.536681789
2024-05-27 16:51:54,693,207.628960132
2024-05-27 16:51:55,694,207.755074423
2024-05-27 16:51:56,695,207.9132504
2024-05-27 16:51:57,696,208.101713801
2024-05-27 16:51:58,697,208.318690363
2024-05-27 16:51:59,698,208.562405824
2024-05-27 16:52:00,699,208.831085921
2024-05-27 16:52:01,700,209.122956391
2024-05-27 16:52:02,701,209.436242973
2024-05-27 16:52:03,702,209.769171403
2024-05-27 16:52:04,703,210.119967419
2024-05-27 16:52:05,704,210.486856759
2024-05-27 16:52:06,705,210.86806516
2024-05-27 16:52:07,706,211.26181836
2024-05-27 16:52:08,707,211.666342095
2024-05-27 16:52:09,708,212.079862104
2024-05-27 16:52:10,709,212.500604125
2024-05-27 16:52:11,710,212.926793893
2024-05-27 16:52:12,711,213.356657148
2024-05-27 16:52:13,712,213.788419627
2024-05-27 16:52:14,713,214.220307066
2024-05-27 16:52:15,714,214.650545204
2024-05-27 16:52:16,715,215.077359778
2024-05-27 16:52:17,716,215.498976525
2024-05-27 16:52:18,717,215.913621184
2024-05-27 16:52:19,718,216.319519491
2024-05-27 16:52:20,719,216.714897184
2024-05-27 16:52:21,720,217.09798
2024-05-27 16:52:22,721,217.494069379
2024-05-27 16:52:23,722,217.927284346
2024-05-27 16:52:24,723,218.394077016
2024-05-27 16:52:25,724,218.890899504
2024-05-27 16:52:26,725,219.414203926
2024-05-27 16:52:27,726,219.960442396
2024-05-27 16:52:28,727,220.52606703
2024-05-27 16:52:29,728,221.107529944
2024-05-27 16:52:30,729,221.701283252
2024-05-27 16:52:31,730,222.30377907
2024-05-27 16:52:32,731,222.911469512
2024-05-27 16:52:33,732,223.520806696
2024-05-27 16:52:34,733,224.128242734
2024-05-27 16:52:35,734,224.730229744
2024-05-27 16:52:36,735,225.32321984
2024-05-27 16:52:37,736,225.903665137
2024-05-27 16:52:38,737,226.468017751
2024-05-27 16:52:39,738,227.012729797
2024-05-27 16:52:40,739,227.53425339
2024-05-27 16:52:41,740,228.029040646
2024-05-27 16:52:42,741,228.493543679
2024-05-27 16:52:43,742,228.924214606
2024-05-27 16:52:44,743,229.317505541
2024-05-27 16:52:45,744,229.669868599
2024-05-27 16:52:46,745,229.977755896
2024-05-27 16:52:47,746,230.237619548
2024-05-27 16:52:48,747,230.445911668
2024-05-27 16:52:49,748,230.599084374
2024-05-27 16:52:50,749,230.693589779
2024-05-27 16:52:51,750,230.72588
2024-05-27 16:52:52,751,230.671964616
2024-05-27 16:52:53,752,230.515119864
2024-05-27 16:52:54,753,230.26269784
2024-05-27 16:52:55,754,229.922050643
2024-05-27 16:52:56,755,229.50053037
2024-05-27 16:52:57,756,229.00548912
2024-05-27 16:52:58,757,228.44427899
2024-05-27 16:52:59,758,227.824252077
2024-05-27 16:53:00,759,227.15276048
2024-05-27 16:53:01,760,226.437156296
2024-05-27 16:53:02,761,225.684791624
2024-05-27 16:53:03,762,224.90301856
2024-05-27 16:53:04,763,224.099189203
2024-05-27 16:53:05,764,223.28065565
2024-05-27 16:53:06,765,222.45477
2024-05-27 16:53:07,766,221.62888435
2024-05-27 16:53:08,767,220.810350797
2024-05-27 16:53:09,768,220.00652144
2024-05-27 16:53:10,769,219.224748376
2024-05-27 16:53:11,770,218.472383704
2024-05-27 16:53:12,771,217.75677952
2024-05-27 16:53:13,772,217.085287923
2024-05-27 16:53:14,773,216.46526101
2024-05-27 16:53:15,774,215.90405088
2024-05-27 16:53:16,775,215.40900963
2024-05-27 16:53:17,776,214.987489357
2024-05-27 16:53:18,777,214.64684216
2024-05-27 16:53:19,778,214.394420136
2024-05-27 16:53:20,779,214.237575384
2024-05-27 16:53:21,780,214.18366
2024-05-27 16:53:22,781,214.37168256
2024-05-27 16:53:23,782,214.91865728
2024-05-27 16:53:24,783,215.79894472
2024-05-27 16:53:25,784,216.98690544
2024-05-27 16:53:26,785,218.4569
2024-05-27 16:53:27,786,220.18328896
2024-05-27 16:53:28,787,222.14043288
2024-05-27 16:53:29,788,224.30269232
2024-05-27 16:53:30,789,226.64442784
2024-05-27 16:53:31,790,229.14
2024-05-27 16:53:32,791,231.76376936
2024-05-27 16:53:33,792,234.49009648
2024-05-27 16:53:34,793,237.29334192
2024-05-27 16:53:35,794,240.14786624
2024-05-27 16:53:36,795,243.02803
2024-05-27 16:53:37,796,245.90819376
2024-05-27 16:53:38,797,248.76271808
2024-05-27 16:53:39,798,251.56596352
2024-05-27 16:53:40,799,254.29229064
2024-05-27 16:53:41,800,256.91606
2024-05-27 16:53:42,801,259.41163216
2024-05-27 16:53:43,802,261.75336768
2024-05-27 16:53:44,803,263.91562712
2024-05-27 16:53:45,804,265.87277104
2024-05-27 16:53:46,805,267.59916
2024-05-27 16:53:47,806,269.06915456
2024-05-27 16:53:48,807,270.25711528
2024-05-27 16:53:49,808,271.13740272
2024-05-27 16:53:50,809,271.68437744
2024-05-27 16:53:51,810,271.8724
2024-05-27 16:53:52,811,271.778906734
2024-05-27 16:53:53,812,271.506544674
2024-05-27 16:53:54,813,271.067490426
2024-05-27 16:53:55,814,270.473920598
2024-05-27 16:53:56,815,269.738011796
2024-05-27 16:53:57,816,268.871940627
2024-05-27 16:53:58,817,267.887883697
2024-05-27 16:53:59,818,266.798017614
2024-05-27 16:54:00,819,265.614518984
2024-05-27 16:54:01,820,264.349564414
2024-05-27 16:54:02,821,263.01533051
2024-05-27 16:54:03,822,261.62399388
2024-05-27 16:54:04,823,260.18773113
2024-05-27 16:54:05,824,258.718718867
2024-05-27 16:54:06,825,257.229133698
2024-05-27 16:54:07,826,255.731152229
2024-05-27 16:54:08,827,254.236951068
2024-05-27 16:54:09,828,252.75870682
2024-05-27 16:54:10,829,251.308596093
2024-05-27 16:54:11,830,249.898795494
2024-05-27 16:54:12,831,248.541481629
2024-05-27 16:54:13,832,247.248831105
2024-05-27 16:54:14,833,246.033020529
2024-05-27 16:54:15,834,244.906226507
2024-05-27 16:54:16,835,243.880625646
2024-05-27 16:54:17,836,242.968394554
2024-05-27 16:54:18,837,242.181709836
2024-05-27 16:54:19,838,241.5327481
2024-05-27 16:54:20,839,241.033685953
2024-05-27 16:54:21,840,240.6967
2024-05-27 16:54:22,841,240.447310877
2024-05-27 16:54:23,842,240.20307587
2024-05-27 16:54:24,843,239.964226564
2024-05-27 16:54:25,844,239.730994542
2024-05-27 16:54:26,845,239.503611391
2024-05-27 16:54:27,846,239.282308693
2024-05-27 16:54:28,847,239.067318034
2024-05-27 16:54:29,848,238.858870999
2024-05-27 16:54:30,849,238.657199171
2024-05-27 16:54:31,850,238.462534136
2024-05-27 16:54:32,851,238.275107477
2024-05-27 16:54:33,852,238.09515078
2024-05-27 16:54:34,853,237.922895629
2024-05-27 16:54:35,854,237.758573608
2024-05-27 16:54:36,855,237.602416302
2024-05-27 16:54:37,856,237.454655296
2024-05-27 16:54:38,857,237.315522174
2024-05-27 16:54:39,858,237.18524852
2024-05-27 16:54:40,859,237.064065919
2024-05-27 16:54:41,860,236.952205957
2024-05-27 16:54:42,861,236.849900216
2024-05-27 16:54:43,862,236.757380282
2024-05-27 16:54:44,863,236.67487774
2024-05-27 16:54:45,864,236.602624173
2024-05-27 16:54:46,865,236.540851167
2024-05-27 16:54:47,866,236.489790306
2024-05-27 16:54:48,867,236.449673174
2024-05-27 16:54:49,868,236.420731356
2024-05-27 16:54:50,869,236.403196436
2024-05-27 16:54:51,870,236.3973
2024-05-27 16:54:52,871,236.436474667
2024-05-27 16:54:53,872,236.550437333
2024-05-27 16:54:54,873,236.733846
2024-05-27 16:54:55,874,236.981358667
2024-05-27 16:54:56,875,237.287633333
2024-05-27 16:54:57,876,237.647328
2024-05-27 16:54:58,877,238.055100667
2024-05-27 16:54:59,878,238.505609333
2024-05-27 16:55:00,879,238.993512
2024-05-27 16:55:01,880,239.513466667
2024-05-27 16:55:02,881,240.060131333
2024-05-27 16:55:03,882,240.628164
2024-05-27 16:55:04,883,241.212222667
2024-05-27 16:55:05,884,241.806965333
2024-05-27 16:55:06,885,242.40705
2024-05-27 16:55:07,886,243.007134667
2024-05-27 16:55:08,887,243.601877333
2024-05-27 16:55:09,888,244.185936
2024-05-27 16:55:10,889,244.753968667
2024-05-27 16:55:11,890,245.300633333
2024-05-27 16:55:12,891,245.820588
2024-05-27 16:55:13,892,246.308490667
2024-05-27 16:55:14,893,246.758999333
2024-05-27 16:55:15,894,247.166772
2024-05-27 16:55:16,895,247.526466667
2024-05-27 16:55:17,896,247.832741333
2024-05-27 16:55:18,897,248.080254
2024-05-27 16:55:19,898,248.263662667
2024-05-27 16:55:20,899,248.377625333
2024-05-27 16:55:21,900,248.4168
2024-05-27 16:55:22,901,248.400984799
2024-05-27 16:55:23,902,248.354949108
2024-05-27 16:55:24,903,248.280807797
2024-05-27 16:55:25,904,248.180675734
2024-05-27 16:55:26,905,248.05666779
2024-05-27 16:55:27,906,247.910898833
2024-05-27 16:55:28,907,247.745483733
2024-05-27 16:55:29,908,247.562537358
2024-05-27 16:55:30,909,247.364174578
2024-05-27 16:55:31,910,247.152510262
2024-05-27 16:55:32,911,246.929659279
2024-05-27 16:55:33,912,246.697736499
2024-05-27 16:55:34,913,246.458856791
2024-05-27 16:55:35,914,246.215135024
2024-05-27 16:55:36,915,245.968686067
2024-05-27 16:55:37,916,245.721624789
2024-05-27 16:55:38,917,245.47606606
2024-05-27 16:55:39,918,245.234124749
2024-05-27 16:55:40,919,244.997915725
2024-05-27 16:55:41,920,244.769553857
2024-05-27 16:55:42,921,244.551154015
2024-05-27 16:55:43,922,244.344831067
2024-05-27 16:55:44,923,244.152699883
2024-05-27 16:55:45,924,243.976875333
2024-05-27 16:55:46,925,243.819472284
2024-05-27 16:55:47,926,243.682605607
2024-05-27 16:55:48,927,243.568390171
2024-05-27 16:55:49,928,243.478940845
2024-05-27 16:55:50,929,243.416372498
2024-05-27 16:55:51,930,243.3828
2024-05-27 16:55:52,931,243.364684539
2024-05-27 16:55:53,932,243.347082118
2024-05-27 16:55:54,933,243.329999829
2024-05-27 16:55:55,934,243.313444763
2024-05-27 16:55:56,935,243.297424012
2024-05-27 16:55:57,936,243.281944667
2024-05-27 16:55:58,937,243.26701382
2024-05-27 16:55:59,938,243.252638562
2024-05-27 16:56:00,939,243.238825985
2024-05-27 16:56:01,940,243.22558318
2024-05-27 16:56:02,941,243.212917238
2024-05-27 16:56:03,942,243.200835251
2024-05-27 16:56:04,943,243.18934431
2024-05-27 16:56:05,944,243.178451507
2024-05-27 16:56:06,945,243.168163933
2024-05-27 16:56:07,946,243.15848868
2024-05-27 16:56:08,947,243.149432838
2024-05-27 16:56:09,948,243.141003501
2024-05-27 16:56:10,949,243.133207758
2024-05-27 16:56:11,950,243.126052701
2024-05-27 16:56:12,951,243.119545422
2024-05-27 16:56:13,952,243.113693013
2024-05-27 16:56:14,953,243.108502564
2024-05-27 16:56:15,954,243.103981167
2024-05-27 16:56:16,955,243.100135914
2024-05-27 16:56:17,956,243.096973895
2024-05-27 16:56:18,957,243.094502203
2024-05-27 16:56:19,958,243.092727929
2024-05-27 16:56:20,959,243.091658164
2024-05-27 16:56:21,960,243.0913
2024-05-27 16:56:22,961,243.212970104
2024-05-27 16:56:23,962,243.566919496
2024-05-27 16:56:24,963,244.1365568
2024-05-27 16:56:25,964,244.905290637
2024-05-27 16:56:26,965,245.85652963
2024-05-27 16:56:27,966,246.9736824
2024-05-27 16:56:28,967,248.24015757
2024-05-27 16:56:29,968,249.639363763
2024-05-27 16:56:30,969,251.1547096
2024-05-27 16:56:31,970,252.769603704
2024-05-27 16:56:32,971,254.467454696
2024-05-27 16:56:33,972,256.2316712
2024-05-27 16:56:34,973,258.045661837
2024-05-27 16:56:35,974,259.89283523
2024-05-27 16:56:36,975,261.7566
2024-05-27 16:56:37,976,263.62036477
2024-05-27 16:56:38,977,265.467538163
2024-05-27 16:56:39,978,267.2815288
2024-05-27 16:56:40,979,269.045745304
2024-05-27 16:56:41,980,270.743596296
2024-05-27 16:56:42,981,272.3584904
2024-05-27 16:56:43,982,273.873836237
2024-05-27 16:56:44,983,275.27304243
2024-05-27 16:56:45,984,276.5395176
2024-05-27 16:56:46,985,277.65667037
2024-05-27 16:56:47,986,278.607909363
2024-05-27 16:56:48,987,279.3766432
2024-05-27 16:56:49,988,279.946280504
2024-05-27 16:56:50,989,280.300229896
2024-05-27 16:56:51,990,280.4219
2024-05-27 16:56:52,991,280.399659694
2024-05-27 16:56:53,992,280.334708504
2024-05-27 16:56:54,993,280.229701022
2024-05-27 16:56:55,994,280.08729184
2024-05-27 16:56:56,995,279.91013555
2024-05-27 16:56:57,996,279.700886745
2024-05-27 16:56:58,997,279.462200016
2024-05-27 16:56:59,998,279.196729954
2024-05-27 16:57:00,999,278.907131154
2024-05-27 16:57:01,1000,278.596058206
2024-05-27 16:57:02,1001,278.266165702
2024-05-27 16:57:03,1002,277.920108234
2024-05-27 16:57:04,1003,277.560540396
2024-05-27 16:57:05,1004,277.190116777
2024-05-27 16:57:06,1005,276.811491972
2024-05-27 16:57:07,1006,276.427320571
2024-05-27 16:57:08,1007,276.040257167
2024-05-27 16:57:09,1008,275.652956352
2024-05-27 16:57:10,1009,275.268072717
2024-05-27 16:57:11,1010,274.888260856
2024-05-27 16:57:12,1011,274.516175359
2024-05-27 16:57:13,1012,274.154470819
2024-05-27 16:57:14,1013,273.805801829
2024-05-27 16:57:15,1014,273.472822979
2024-05-27 16:57:16,1015,273.158188863
2024-05-27 16:57:17,1016,272.864554072
2024-05-27 16:57:18,1017,272.594573198
2024-05-27 16:57:19,1018,272.350900833
2024-05-27 16:57:20,1019,272.13619157
2024-05-27 16:57:21,1020,271.9531
2024-05-27 16:57:22,1021,271.786075926
2024-05-27 16:57:23,1022,271.618108471
2024-05-27 16:57:24,1023,271.449661202
2024-05-27 16:57:25,1024,271.281197691
2024-05-27 16:57:26,1025,271.113181508
2024-05-27 16:57:27,1026,270.946076221
2024-05-27 16:57:28,1027,270.780345401
2024-05-27 16:57:29,1028,270.616452618
2024-05-27 16:57:30,1029,270.454861441
2024-05-27 16:57:31,1030,270.296035441
2024-05-27 16:57:32,1031,270.140438187
2024-05-27 16:57:33,1032,269.988533248
2024-05-27 16:57:34,1033,269.840784196
2024-05-27 16:57:35,1034,269.697654599
2024-05-27 16:57:36,1035,269.559608028
2024-05-27 16:57:37,1036,269.427108052
2024-05-27 16:57:38,1037,269.300618241
2024-05-27 16:57:39,1038,269.180602166
2024-05-27 16:57:40,1039,269.067523395
2024-05-27 16:57:41,1040,268.961845498
2024-05-27 16:57:42,1041,268.864032046
2024-05-27 16:57:43,1042,268.774546608
2024-05-27 16:57:44,1043,268.693852755
2024-05-27 16:57:45,1044,268.622414055
2024-05-27 16:57:46,1045,268.560694079
2024-05-27 16:57:47,1046,268.509156397
2024-05-27 16:57:48,1047,268.468264578
2024-05-27 16:57:49,1048,268.438482192
2024-05-27 16:57:50,1049,268.42027281
2024-05-27 16:57:51,1050,268.4141
2024-05-27 16:57:52,1051,268.500339804
2024-05-27 16:57:53,1052,268.751441159
2024-05-27 16:57:54,1053,269.15597698
2024-05-27 16:57:55,1054,269.70252018
2024-05-27 16:57:56,1055,270.379643673
2024-05-27 16:57:57,1056,271.175920373
2024-05-27 16:57:58,1057,272.079923195
2024-05-27 16:57:59,1058,273.080225052
2024-05-27 16:58:00,1059,274.165398859
2024-05-27 16:58:01,1060,275.32401753
2024-05-27 16:58:02,1061,276.544653978
2024-05-27 16:58:03,1062,277.815881119
2024-05-27 16:58:04,1063,279.126271865
2024-05-27 16:58:05,1064,280.464399131
2024-05-27 16:58:06,1065,281.818835832
2024-05-27 16:58:07,1066,283.17815488
2024-05-27 16:58:08,1067,284.530929191
2024-05-27 16:58:09,1068,285.865731678
2024-05-27 16:58:10,1069,287.171135256
2024-05-27 16:58:11,1070,288.435712837
2024-05-27 16:58:12,1071,289.648037338
2024-05-27 16:58:13,1072,290.796681671
2024-05-27 16:58:14,1073,291.870218751
2024-05-27 16:58:15,1074,292.857221492
2024-05-27 16:58:16,1075,293.746262807
2024-05-27 16:58:17,1076,294.525915611
2024-05-27 16:58:18,1077,295.184752819
2024-05-27 16:58:19,1078,295.711347343
2024-05-27 16:58:20,1079,296.094272099
2024-05-27 16:58:21,1080,296.3221
2024-05-27 16:58:22,1081,296.462572404
2024-05-27 16:58:23,1082,296.591568103
2024-05-27 16:58:24,1083,296.709866158
2024-05-27 16:58:25,1084,296.818245632
2024-05-27 16:58:26,1085,296.91748559
2024-05-27 16:58:27,1086,297.008365092
2024-05-27 16:58:28,1087,297.091663202
2024-05-27 16:58:29,1088,297.168158984
2024-05-27 16:58:30,1089,297.238631498
2024-05-27 16:58:31,1090,297.30385981
2024-05-27 16:58:32,1091,297.36462298
2024-05-27 16:58:33,1092,297.421700073
2024-05-27 16:58:34,1093,297.47587015
2024-05-27 16:58:35,1094,297.527912275
2024-05-27 16:58:36,1095,297.57860551
2024-05-27 16:58:37,1096,297.628728919
2024-05-27 16:58:38,1097,297.679061564
2024-05-27 16:58:39,1098,297.730382507
2024-05-27 16:58:40,1099,297.783470813
2024-05-27 16:58:41,1100,297.839105542
2024-05-27 16:58:42,1101,297.898065759
2024-05-27 16:58:43,1102,297.961130526
2024-05-27 16:58:44,1103,298.029078906
2024-05-27 16:58:45,1104,298.102689961
2024-05-27 16:58:46,1105,298.182742755
2024-05-27 16:58:47,1106,298.27001635
2024-05-27 16:58:48,1107,298.36528981
2024-05-27 16:58:49,1108,298.469342196
2024-05-27 16:58:50,1109,298.582952572
2024-05-27 16:58:51,1110,298.7069
2024-05-27 16:58:52,1111,298.860695461
2024-05-27 16:58:53,1112,299.060964351
2024-05-27 16:58:54,1113,299.304157359
2024-05-27 16:58:55,1114,299.586725173
2024-05-27 16:58:56,1115,299.905118481
2024-05-27 16:58:57,1116,300.255787972
2024-05-27 16:58:58,1117,300.635184334
2024-05-27 16:58:59,1118,301.039758255
2024-05-27 16:59:00,1119,301.465960423
2024-05-27 16:59:01,1120,301.910241526
2024-05-27 16:59:02,1121,302.369052254
2024-05-27 16:59:03,1122,302.838843293
2024-05-27 16:59:04,1123,303.316065333
2024-05-27 16:59:05,1124,303.797169062
2024-05-27 16:59:06,1125,304.278605168
2024-05-27 16:59:07,1126,304.756824338
2024-05-27 16:59:08,1127,305.228277262
2024-05-27 16:59:09,1128,305.689414628
2024-05-27 16:59:10,1129,306.136687124
2024-05-27 16:59:11,1130,306.566545438
2024-05-27 16:59:12,1131,306.975440259
2024-05-27 16:59:13,1132,307.359822274
2024-05-27 16:59:14,1133,307.716142173
2024-05-27 16:59:15,1134,308.040850642
2024-05-27 16:59:16,1135,308.330398371
2024-05-27 16:59:17,1136,308.581236048
2024-05-27 16:59:18,1137,308.789814362
2024-05-27 16:59:19,1138,308.952583999
2024-05-27 16:59:20,1139,309.065995649
2024-05-27 16:59:21,1140,309.1265
2024-05-27 16:59:22,1141,309.158899611
2024-05-27 16:59:23,1142,309.190355992
2024-05-27 16:59:24,1143,309.220858262
2024-05-27 16:59:25,1144,309.250395537
2024-05-27 16:59:26,1145,309.278956936
2024-05-27 16:59:27,1146,309.306531574
2024-05-27 16:59:28,1147,309.33310857
2024-05-27 16:59:29,1148,309.358677041
2024-05-27 16:59:30,1149,309.383226105
2024-05-27 16:59:31,1150,309.406744878
2024-05-27 16:59:32,1151,309.429222477
2024-05-27 16:59:33,1152,309.450648021
2024-05-27 16:59:34,1153,309.471010626
2024-05-27 16:59:35,1154,309.49029941
2024-05-27 16:59:36,1155,309.50850349
2024-05-27 16:59:37,1156,309.525611984
2024-05-27 16:59:38,1157,309.541614008
2024-05-27 16:59:39,1158,309.556498681
2024-05-27 16:59:40,1159,309.570255118
2024-05-27 16:59:41,1160,309.582872439
2024-05-27 16:59:42,1161,309.594339759
2024-05-27 16:59:43,1162,309.604646197
2024-05-27 16:59:44,1163,309.613780869
2024-05-27 16:59:45,1164,309.621732894
2024-05-27 16:59:46,1165,309.628491387
2024-05-27 16:59:47,1166,309.634045467
2024-05-27 16:59:48,1167,309.638384251
2024-05-27 16:59:49,1168,309.641496857
2024-05-27 16:59:50,1169,309.6433724
2024-05-27 16:59:51,1170,309.644
2024-05-27 16:59:52,1171,309.626512685
2024-05-27 16:59:53,1172,309.57501305
2024-05-27 16:59:54,1173,309.490944565
2024-05-27 16:59:55,1174,309.375750695
2024-05-27 16:59:56,1175,309.23087491
2024-05-27 16:59:57,1176,309.057760675
2024-05-27 16:59:58,1177,308.857851459
2024-05-27 16:59:59,1178,308.63259073
2024-05-27 17:00:00,1179,308.383421954
2024-05-27 17:00:01,1180,308.1117886
2024-05-27 17:00:02,1181,307.819134134
2024-05-27 17:00:03,1182,307.506902025
2024-05-27 17:00:04,1183,307.17653574
2024-05-27 17:00:05,1184,306.829478747
2024-05-27 17:00:06,1185,306.467174512
2024-05-27 17:00:07,1186,306.091066504
2024-05-27 17:00:08,1187,305.70259819
2024-05-27 17:00:09,1188,305.303213038
2024-05-27 17:00:10,1189,304.894354515
2024-05-27 17:00:11,1190,304.477466088
2024-05-27 17:00:12,1191,304.053991226
2024-05-27 17:00:13,1192,303.625373396
2024-05-27 17:00:14,1193,303.193056065
2024-05-27 17:00:15,1194,302.7584827
2024-05-27 17:00:16,1195,302.32309677
2024-05-27 17:00:17,1196,301.888341742
2024-05-27 17:00:18,1197,301.455661084
2024-05-27 17:00:19,1198,301.026498262
2024-05-27 17:00:20,1199,300.602296745
2024-05-27 17:00:21,1200,300.1845
2024-05-27 17:00:22,1201,299.741606166
2024-05-27 17:00:23,1202,299.244252047
2024-05-27 17:00:24,1203,298.697089106
2024-05-27 17:00:25,1204,298.104768805
2024-05-27 17:00:26,1205,297.471942606
2024-05-27 17:00:27,1206,296.803261974
2024-05-27 17:00:28,1207,296.103378371
2024-05-27 17:00:29,1208,295.376943259
2024-05-27 17:00:30,1209,294.628608102
2024-05-27 17:00:31,1210,293.863024362
2024-05-27 17:00:32,1211,293.084843502
2024-05-27 17:00:33,1212,292.298716985
2024-05-27 17:00:34,1213,291.509296275
2024-05-27 17:00:35,1214,290.721232833
2024-05-27 17:00:36,1215,289.939178123
2024-05-27 17:00:37,1216,289.167783607
2024-05-27 17:00:38,1217,288.411700748
2024-05-27 17:00:39,1218,287.67558101
2024-05-27 17:00:40,1219,286.964075855
2024-05-27 17:00:41,1220,286.281836745
2024-05-27 17:00:42,1221,285.633515144
2024-05-27 17:00:43,1222,285.023762515
2024-05-27 17:00:44,1223,284.45723032
2024-05-27 17:00:45,1224,283.938570023
2024-05-27 17:00:46,1225,283.472433085
2024-05-27 17:00:47,1226,283.063470971
2024-05-27 17:00:48,1227,282.716335142
2024-05-27 17:00:49,1228,282.435677062
2024-05-27 17:00:50,1229,282.226148194
2024-05-27 17:00:51,1230,282.0924
2024-05-27 17:00:52,1231,281.999273343
2024-05-27 17:00:53,1232,281.908543665
2024-05-27 17:00:54,1233,281.820264293
2024-05-27 17:00:55,1234,281.734488556
2024-05-27 17:00:56,1235,281.651269783
2024-05-27 17:00:57,1236,281.570661302
2024-05-27 17:00:58,1237,281.492716443
2024-05-27 17:00:59,1238,281.417488533
2024-05-27 17:01:00,1239,281.345030902
2024-05-27 17:01:01,1240,281.275396877
2024-05-27 17:01:02,1241,281.208639789
2024-05-27 17:01:03,1242,281.144812965
2024-05-27 17:01:04,1243,281.083969734
2024-05-27 17:01:05,1244,281.026163424
2024-05-27 17:01:06,1245,280.971447365
2024-05-27 17:01:07,1246,280.919874885
2024-05-27 17:01:08,1247,280.871499313
2024-05-27 17:01:09,1248,280.826373977
2024-05-27 17:01:10,1249,280.784552205
2024-05-27 17:01:11,1250,280.746087328
2024-05-27 17:01:12,1251,280.711032672
2024-05-27 17:01:13,1252,280.679441568
2024-05-27 17:01:14,1253,280.651367342
2024-05-27 17:01:15,1254,280.626863326
2024-05-27 17:01:16,1255,280.605982845
2024-05-27 17:01:17,1256,280.588779231
2024-05-27 17:01:18,1257,280.57530581
2024-05-27 17:01:19,1258,280.565615913
2024-05-27 17:01:20,1259,280.559762866
2024-05-27 17:01:21,1260,280.5578
2024-05-27 17:01:22,1261,280.577840948
2024-05-27 17:01:23,1262,280.636296949
2024-05-27 17:01:24,1263,280.730667737
2024-05-27 17:01:25,1264,280.858453048
2024-05-27 17:01:26,1265,281.017152616
2024-05-27 17:01:27,1266,281.204266177
2024-05-27 17:01:28,1267,281.417293464
2024-05-27 17:01:29,1268,281.653734214
2024-05-27 17:01:30,1269,281.91108816
2024-05-27 17:01:31,1270,282.186855038
2024-05-27 17:01:32,1271,282.478534583
2024-05-27 17:01:33,1272,282.78362653
2024-05-27 17:01:34,1273,283.099630612
2024-05-27 17:01:35,1274,283.424046567
2024-05-27 17:01:36,1275,283.754374127
2024-05-27 17:01:37,1276,284.088113028
2024-05-27 17:01:38,1277,284.422763006
2024-05-27 17:01:39,1278,284.755823794
2024-05-27 17:01:40,1279,285.084795128
2024-05-27 17:01:41,1280,285.407176743
2024-05-27 17:01:42,1281,285.720468373
2024-05-27 17:01:43,1282,286.022169754
2024-05-27 17:01:44,1283,286.30978062
2024-05-27 17:01:45,1284,286.580800706
2024-05-27 17:01:46,1285,286.832729747
2024-05-27 17:01:47,1286,287.063067478
2024-05-27 17:01:48,1287,287.269313634
2024-05-27 17:01:49,1288,287.44896795
2024-05-27 17:01:50,1289,287.59953016
2024-05-27 17:01:51,1290,287.7185
2024-05-27 17:01:52,1291,287.818973038
2024-05-27 17:01:53,1292,287.915798164
2024-05-27 17:01:54,1293,288.009105095
2024-05-27 17:01:55,1294,288.099023548
2024-05-27 17:01:56,1295,288.18568324
2024-05-27 17:01:57,1296,288.269213888
2024-05-27 17:01:58,1297,288.349745208
2024-05-27 17:01:59,1298,288.427406918
2024-05-27 17:02:00,1299,288.502328734
2024-05-27 17:02:01,1300,288.574640373
2024-05-27 17:02:02,1301,288.644471552
2024-05-27 17:02:03,1302,288.711951988
2024-05-27 17:02:04,1303,288.777211398
2024-05-27 17:02:05,1304,288.840379498
2024-05-27 17:02:06,1305,288.901586006
2024-05-27 17:02:07,1306,288.960960639
2024-05-27 17:02:08,1307,289.018633112
2024-05-27 17:02:09,1308,289.074733144
2024-05-27 17:02:10,1309,289.129390451
2024-05-27 17:02:11,1310,289.182734749
2024-05-27 17:02:12,1311,289.234895757
2024-05-27 17:02:13,1312,289.28600319
2024-05-27 17:02:14,1313,289.336186765
2024-05-27 17:02:15,1314,289.3855762
2024-05-27 17:02:16,1315,289.434301211
2024-05-27 17:02:17,1316,289.482491515
2024-05-27 17:02:18,1317,289.530276829
2024-05-27 17:02:19,1318,289.57778687
2024-05-27 17:02:20,1319,289.625151355
2024-05-27 17:02:21,1320,289.6725
2024-05-27 17:02:22,1321,289.718535527
2024-05-27 17:02:23,1322,289.762013515
2024-05-27 17:02:24,1323,289.803142971
2024-05-27 17:02:25,1324,289.8421329
2024-05-27 17:02:26,1325,289.879192308
2024-05-27 17:02:27,1326,289.914530201
2024-05-27 17:02:28,1327,289.948355584
2024-05-27 17:02:29,1328,289.980877464
2024-05-27 17:02:30,1329,290.012304845
2024-05-27 17:02:31,1330,290.042846735
2024-05-27 17:02:32,1331,290.072712137
2024-05-27 17:02:33,1332,290.102110059
2024-05-27 17:02:34,1333,290.131249506
2024-05-27 17:02:35,1334,290.160339484
2024-05-27 17:02:36,1335,290.189588998
2024-05-27 17:02:37,1336,290.219207054
2024-05-27 17:02:38,1337,290.249402658
2024-05-27 17:02:39,1338,290.280384816
2024-05-27 17:02:40,1339,290.312362534
2024-05-27 17:02:41,1340,290.345544817
2024-05-27 17:02:42,1341,290.380140671
2024-05-27 17:02:43,1342,290.416359101
2024-05-27 17:02:44,1343,290.454409114
2024-05-27 17:02:45,1344,290.494499716
2024-05-27 17:02:46,1345,290.536839911
2024-05-27 17:02:47,1346,290.581638706
2024-05-27 17:02:48,1347,290.629105107
2024-05-27 17:02:49,1348,290.679448119
2024-05-27 17:02:50,1349,290.732876748
2024-05-27 17:02:51,1350,290.7896
2024-05-27 17:02:52,1351,290.857480202
2024-05-27 17:02:53,1352,290.943293619
2024-05-27 17:02:54,1353,291.045620163
2024-05-27 17:02:55,1354,291.163039748
2024-05-27 17:02:56,1355,291.294132286
2024-05-27 17:02:57,1356,291.43747769
2024-05-27 17:02:58,1357,291.591655872
2024-05-27 17:02:59,1358,291.755246745
2024-05-27 17:03:00,1359,291.926830222
2024-05-27 17:03:01,1360,292.104986215
2024-05-27 17:03:02,1361,292.288294637
2024-05-27 17:03:03,1362,292.475335401
2024-05-27 17:03:04,1363,292.664688419
2024-05-27 17:03:05,1364,292.854933604
2024-05-27 17:03:06,1365,293.044650869
2024-05-27 17:03:07,1366,293.232420126
2024-05-27 17:03:08,1367,293.416821288
2024-05-27 17:03:09,1368,293.596434268
2024-05-27 17:03:10,1369,293.769838977
2024-05-27 17:03:11,1370,293.93561533
2024-05-27 17:03:12,1371,294.092343238
2024-05-27 17:03:13,1372,294.238602614
2024-05-27 17:03:14,1373,294.372973372
2024-05-27 17:03:15,1374,294.494035423
2024-05-27 17:03:16,1375,294.600368679
2024-05-27 17:03:17,1376,294.690553055
2024-05-27 17:03:18,1377,294.763168463
2024-05-27 17:03:19,1378,294.816794814
2024-05-27 17:03:20,1379,294.850012022
2024-05-27 17:03:21,1380,294.8614
2024-05-27 17:03:22,1381,294.851168168
2024-05-27 17:03:23,1382,294.821175989
2024-05-27 17:03:24,1383,294.77247844
2024-05-27 17:03:25,1384,294.706130499
2024-05-27 17:03:26,1385,294.623187141
2024-05-27 17:03:27,1386,294.524703343
2024-05-27 17:03:28,1387,294.411734083
2024-05-27 17:03:29,1388,294.285334337
2024-05-27 17:03:30,1389,294.146559082
2024-05-27 17:03:31,1390,293.996463295
2024-05-27 17:03:32,1391,293.836101951
2024-05-27 17:03:33,1392,293.66653003
2024-05-27 17:03:34,1393,293.488802506
2024-05-27 17:03:35,1394,293.303974357
2024-05-27 17:03:36,1395,293.11310056
2024-05-27 17:03:37,1396,292.91723609
2024-05-27 17:03:38,1397,292.717435927
2024-05-27 17:03:39,1398,292.514755045
2024-05-27 17:03:40,1399,292.310248421
2024-05-27 17:03:41,1400,292.104971033
2024-05-27 17:03:42,1401,291.899977858
2024-05-27 17:03:43,1402,291.696323872
2024-05-27 17:03:44,1403,291.495064051
2024-05-27 17:03:45,1404,291.297253373
2024-05-27 17:03:46,1405,291.103946814
2024-05-27 17:03:47,1406,290.916199352
2024-05-27 17:03:48,1407,290.735065963
2024-05-27 17:03:49,1408,290.561601623
2024-05-27 17:03:50,1409,290.39686131
2024-05-27 17:03:51,1410,290.2419
2024-05-27 17:03:52,1411,290.08774992
2024-05-27 17:03:53,1412,289.925369547
2024-05-27 17:03:54,1413,289.755703237
2024-05-27 17:03:55,1414,289.579695344
2024-05-27 17:03:56,1415,289.398290223
2024-05-27 17:03:57,1416,289.212432227
2024-05-27 17:03:58,1417,289.023065712
2024-05-27 17:03:59,1418,288.831135032
2024-05-27 17:04:00,1419,288.637584542
2024-05-27 17:04:01,1420,288.443358596
2024-05-27 17:04:02,1421,288.249401549
2024-05-27 17:04:03,1422,288.056657755
2024-05-27 17:04:04,1423,287.86607157
2024-05-27 17:04:05,1424,287.678587347
2024-05-27 17:04:06,1425,287.49514944
2024-05-27 17:04:07,1426,287.316702206
2024-05-27 17:04:08,1427,287.144189998
2024-05-27 17:04:09,1428,286.97855717
2024-05-27 17:04:10,1429,286.820748078
2024-05-27 17:04:11,1430,286.671707076
2024-05-27 17:04:12,1431,286.532378518
2024-05-27 17:04:13,1432,286.403706759
2024-05-27 17:04:14,1433,286.286636154
2024-05-27 17:04:15,1434,286.182111057
2024-05-27 17:04:16,1435,286.091075822
2024-05-27 17:04:17,1436,286.014474805
2024-05-27 17:04:18,1437,285.95325236
2024-05-27 17:04:19,1438,285.908352841
2024-05-27 17:04:20,1439,285.880720603
2024-05-27 17:04:21,1440,285.8713
2024-05-27 17:04:22,1441,285.902660308
2024-05-27 17:04:23,1442,285.994079459
2024-05-27 17:04:24,1443,286.14156479
2024-05-27 17:04:25,1444,286.34112364
2024-05-27 17:04:26,1445,286.588763349
2024-05-27 17:04:27,1446,286.880491253
2024-05-27 17:04:28,1447,287.212314692
2024-05-27 17:04:29,1448,287.580241005
2024-05-27 17:04:30,1449,287.98027753
2024-05-27 17:04:31,1450,288.408431604
2024-05-27 17:04:32,1451,288.860710568
2024-05-27 17:04:33,1452,289.333121759
2024-05-27 17:04:34,1453,289.821672516
2024-05-27 17:04:35,1454,290.322370178
2024-05-27 17:04:36,1455,290.831222082
2024-05-27 17:04:37,1456,291.344235568
2024-05-27 17:04:38,1457,291.857417974
2024-05-27 17:04:39,1458,292.366776639
2024-05-27 17:04:40,1459,292.8683189
2024-05-27 17:04:41,1460,293.358052098
2024-05-27 17:04:42,1461,293.831983569
2024-05-27 17:04:43,1462,294.286120653
2024-05-27 17:04:44,1463,294.716470688
2024-05-27 17:04:45,1464,295.119041012
2024-05-27 17:04:46,1465,295.489838965
2024-05-27 17:04:47,1466,295.824871885
2024-05-27 17:04:48,1467,296.120147109
2024-05-27 17:04:49,1468,296.371671978
2024-05-27 17:04:50,1469,296.575453829
2024-05-27 17:04:51,1470,296.7275
2024-05-27 17:04:52,1471,296.848773655
2024-05-27 17:04:53,1472,296.963165492
2024-05-27 17:04:54,1473,297.071074151
2024-05-27 17:04:55,1474,297.172898273
2024-05-27 17:04:56,1475,297.269036498
2024-05-27 17:04:57,1476,297.359887468
2024-05-27 17:04:58,1477,297.445849823
2024-05-27 17:04:59,1478,297.527322204
2024-05-27 17:05:00,1479,297.604703252
2024-05-27 17:05:01,1480,297.678391607
2024-05-27 17:05:02,1481,297.74878591
2024-05-27 17:05:03,1482,297.816284802
2024-05-27 17:05:04,1483,297.881286924
2024-05-27 17:05:05,1484,297.944190916
2024-05-27 17:05:06,1485,298.005395419
2024-05-27 17:05:07,1486,298.065299074
2024-05-27 17:05:08,1487,298.124300522
2024-05-27 17:05:09,1488,298.182798403
2024-05-27 17:05:10,1489,298.241191358
2024-05-27 17:05:11,1490,298.299878027
2024-05-27 17:05:12,1491,298.359257052
2024-05-27 17:05:13,1492,298.419727074
2024-05-27 17:05:14,1493,298.481686732
2024-05-27 17:05:15,1494,298.545534669
2024-05-27 17:05:16,1495,298.611669523
2024-05-27 17:05:17,1496,298.680489937
2024-05-27 17:05:18,1497,298.752394551
2024-05-27 17:05:19,1498,298.827782006
2024-05-27 17:05:20,1499,298.907050942
2024-05-27 17:05:21,1500,298.9906
2024-05-27 17:05:22,1501,299.080527061
2024-05-27 17:05:23,1502,299.178161024
2024-05-27 17:05:24,1503,299.282747059
2024-05-27 17:05:25,1504,299.393530334
2024-05-27 17:05:26,1505,299.509756017
2024-05-27 17:05:27,1506,299.630669278
2024-05-27 17:05:28,1507,299.755515286
2024-05-27 17:05:29,1508,299.88353921
2024-05-27 17:05:30,1509,300.013986218
2024-05-27 17:05:31,1510,300.14610148
2024-05-27 17:05:32,1511,300.279130163
2024-05-27 17:05:33,1512,300.412317438
2024-05-27 17:05:34,1513,300.544908473
2024-05-27 17:05:35,1514,300.676148437
2024-05-27 17:05:36,1515,300.805282498
2024-05-27 17:05:37,1516,300.931555827
2024-05-27 17:05:38,1517,301.05421359
2024-05-27 17:05:39,1518,301.172500959
2024-05-27 17:05:40,1519,301.2856631
2024-05-27 17:05:41,1520,301.392945184
2024-05-27 17:05:42,1521,301.493592379
2024-05-27 17:05:43,1522,301.586849854
2024-05-27 17:05:44,1523,301.671962778
2024-05-27 17:05:45,1524,301.74817632
2024-05-27 17:05:46,1525,301.814735648
2024-05-27 17:05:47,1526,301.870885932
2024-05-27 17:05:48,1527,301.91587234
2024-05-27 17:05:49,1528,301.948940041
2024-05-27 17:05:50,1529,301.969334205
2024-05-27 17:05:51,1530,301.9763
2024-05-27 17:05:52,1531,301.949150484
2024-05-27 17:05:53,1532,301.8696242
2024-05-27 17:05:54,1533,301.740604541
2024-05-27 17:05:55,1534,301.564974902
2024-05-27 17:05:56,1535,301.345618677
2024-05-27 17:05:57,1536,301.085419259
2024-05-27 17:05:58,1537,300.787260042
2024-05-27 17:05:59,1538,300.454024421
2024-05-27 17:06:00,1539,300.08859579
2024-05-27 17:06:01,1540,299.693857543
2024-05-27 17:06:02,1541,299.272693073
2024-05-27 17:06:03,1542,298.827985776
2024-05-27 17:06:04,1543,298.362619044
2024-05-27 17:06:05,1544,297.879476272
2024-05-27 17:06:06,1545,297.381440854
2024-05-27 17:06:07,1546,296.871396183
2024-05-27 17:06:08,1547,296.352225655
2024-05-27 17:06:09,1548,295.826812663
2024-05-27 17:06:10,1549,295.298040601
2024-05-27 17:06:11,1550,294.768792864
2024-05-27 17:06:12,1551,294.241952844
2024-05-27 17:06:13,1552,293.720403936
2024-05-27 17:06:14,1553,293.207029535
2024-05-27 17:06:15,1554,292.704713034
2024-05-27 17:06:16,1555,292.216337827
2024-05-27 17:06:17,1556,291.744787309
2024-05-27 17:06:18,1557,291.292944873
2024-05-27 17:06:19,1558,290.863693914
2024-05-27 17:06:20,1559,290.459917825
2024-05-27 17:06:21,1560,290.0845
2024-05-27 17:06:22,1561,289.719591919
2024-05-27 17:06:23,1562,289.346199809
2024-05-27 17:06:24,1563,288.965489185
2024-05-27 17:06:25,1564,288.578625565
2024-05-27 17:06:26,1565,288.186774463
2024-05-27 17:06:27,1566,287.791101396
2024-05-27 17:06:28,1567,287.39277188
2024-05-27 17:06:29,1568,286.992951431
2024-05-27 17:06:30,1569,286.592805565
2024-05-27 17:06:31,1570,286.193499799
2024-05-27 17:06:32,1571,285.796199647
2024-05-27 17:06:33,1572,285.402070627
2024-05-27 17:06:34,1573,285.012278254
2024-05-27 17:06:35,1574,284.627988044
2024-05-27 17:06:36,1575,284.250365514
2024-05-27 17:06:37,1576,283.880576179
2024-05-27 17:06:38,1577,283.519785555
2024-05-27 17:06:39,1578,283.16915916
2024-05-27 17:06:40,1579,282.829862507
2024-05-27 17:06:41,1580,282.503061115
2024-05-27 17:06:42,1581,282.189920498
2024-05-27 17:06:43,1582,281.891606173
2024-05-27 17:06:44,1583,281.609283655
2024-05-27 17:06:45,1584,281.344118462
2024-05-27 17:06:46,1585,281.097276108
2024-05-27 17:06:47,1586,280.86992211
2024-05-27 17:06:48,1587,280.663221985
2024-05-27 17:06:49,1588,280.478341247
2024-05-27 17:06:50,1589,280.316445413
2024-05-27 17:06:51,1590,280.1787
2024-05-27 17:06:52,1591,280.054072339
2024-05-27 17:06:53,1592,279.930883116
2024-05-27 17:06:54,1593,279.809327874
2024-05-27 17:06:55,1594,279.689602158
2024-05-27 17:06:56,1595,279.571901512
2024-05-27 17:06:57,1596,279.45642148
2024-05-27 17:06:58,1597,279.343357607
2024-05-27 17:06:59,1598,279.232905436
2024-05-27 17:07:00,1599,279.125260512
2024-05-27 17:07:01,1600,279.02061838
2024-05-27 17:07:02,1601,278.919174582
2024-05-27 17:07:03,1602,278.821124665
2024-05-27 17:07:04,1603,278.726664171
2024-05-27 17:07:05,1604,278.635988646
2024-05-27 17:07:06,1605,278.549293633
2024-05-27 17:07:07,1606,278.466774676
2024-05-27 17:07:08,1607,278.388627321
2024-05-27 17:07:09,1608,278.31504711
2024-05-27 17:07:10,1609,278.246229589
2024-05-27 17:07:11,1610,278.182370301
2024-05-27 17:07:12,1611,278.123664791
2024-05-27 17:07:13,1612,278.070308603
2024-05-27 17:07:14,1613,278.022497281
2024-05-27 17:07:15,1614,277.98042637
2024-05-27 17:07:16,1615,277.944291413
2024-05-27 17:07:17,1616,277.914287956
2024-05-27 17:07:18,1617,277.890611542
2024-05-27 17:07:19,1618,277.873457715
2024-05-27 17:07:20,1619,277.863022019
2024-05-27 17:07:21,1620,277.8595
2024-05-27 17:07:22,1621,277.888411585
2024-05-27 17:07:23,1622,277.972518015
2024-05-27 17:07:24,1623,278.1078768
2024-05-27 17:07:25,1624,278.290545452
2024-05-27 17:07:26,1625,278.516581481
2024-05-27 17:07:27,1626,278.7820424
2024-05-27 17:07:28,1627,279.082985719
2024-05-27 17:07:29,1628,279.415468948
2024-05-27 17:07:30,1629,279.7755496
2024-05-27 17:07:31,1630,280.159285185
2024-05-27 17:07:32,1631,280.562733215
2024-05-27 17:07:33,1632,280.9819512
2024-05-27 17:07:34,1633,281.412996652
2024-05-27 17:07:35,1634,281.851927081
2024-05-27 17:07:36,1635,282.2948
2024-05-27 17:07:37,1636,282.737672919
2024-05-27 17:07:38,1637,283.176603348
2024-05-27 17:07:39,1638,283.6076488
2024-05-27 17:07:40,1639,284.026866785
2024-05-27 17:07:41,1640,284.430314815
2024-05-27 17:07:42,1641,284.8140504
2024-05-27 17:07:43,1642,285.174131052
2024-05-27 17:07:44,1643,285.506614281
2024-05-27 17:07:45,1644,285.8075576
2024-05-27 17:07:46,1645,286.073018519
2024-05-27 17:07:47,1646,286.299054548
2024-05-27 17:07:48,1647,286.4817232
2024-05-27 17:07:49,1648,286.617081985
2024-05-27 17:07:50,1649,286.701188415
2024-05-27 17:07:51,1650,286.7301
2024-05-27 17:07:52,1651,286.722078311
2024-05-27 17:07:53,1652,286.698742489
2024-05-27 17:07:54,1653,286.6611864
2024-05-27 17:07:55,1654,286.610503911
2024-05-27 17:07:56,1655,286.547788889
2024-05-27 17:07:57,1656,286.4741352
2024-05-27 17:07:58,1657,286.390636711
2024-05-27 17:07:59,1658,286.298387289
2024-05-27 17:08:00,1659,286.1984808
2024-05-27 17:08:01,1660,286.092011111
2024-05-27 17:08:02,1661,285.980072089
2024-05-27 17:08:03,1662,285.8637576
2024-05-27 17:08:04,1663,285.744161511
2024-05-27 17:08:05,1664,285.622377689
2024-05-27 17:08:06,1665,285.4995
2024-05-27 17:08:07,1666,285.376622311
2024-05-27 17:08:08,1667,285.254838489
2024-05-27 17:08:09,1668,285.1352424
2024-05-27 17:08:10,1669,285.018927911
2024-05-27 17:08:11,1670,284.906988889
2024-05-27 17:08:12,1671,284.8005192
2024-05-27 17:08:13,1672,284.700612711
2024-05-27 17:08:14,1673,284.608363289
2024-05-27 17:08:15,1674,284.5248648
2024-05-27 17:08:16,1675,284.451211111
2024-05-27 17:08:17,1676,284.388496089
2024-05-27 17:08:18,1677,284.3378136
2024-05-27 17:08:19,1678,284.300257511
2024-05-27 17:08:20,1679,284.276921689
2024-05-27 17:08:21,1680,284.2689
2024-05-27 17:08:22,1681,284.274059648
2024-05-27 17:08:23,1682,284.289312156
2024-05-27 17:08:24,1683,284.314317874
2024-05-27 17:08:25,1684,284.348737151
2024-05-27 17:08:26,1685,284.392230334
2024-05-27 17:08:27,1686,284.444457774
2024-05-27 17:08:28,1687,284.505079819
2024-05-27 17:08:29,1688,284.573756817
2024-05-27 17:08:30,1689,284.650149118
2024-05-27 17:08:31,1690,284.73391707
2024-05-27 17:08:32,1691,284.824721022
2024-05-27 17:08:33,1692,284.922221323
2024-05-27 17:08:34,1693,285.026078321
2024-05-27 17:08:35,1694,285.135952366
2024-05-27 17:08:36,1695,285.251503806
2024-05-27 17:08:37,1696,285.372392989
2024-05-27 17:08:38,1697,285.498280266
2024-05-27 17:08:39,1698,285.628825984
2024-05-27 17:08:40,1699,285.763690492
2024-05-27 17:08:41,1700,285.90253414
2024-05-27 17:08:42,1701,286.045017275
2024-05-27 17:08:43,1702,286.190800247
2024-05-27 17:08:44,1703,286.339543405
2024-05-27 17:08:45,1704,286.490907097
2024-05-27 17:08:46,1705,286.644551672
2024-05-27 17:08:47,1706,286.800137479
2024-05-27 17:08:48,1707,286.957324866
2024-05-27 17:08:49,1708,287.115774183
2024-05-27 17:08:50,1709,287.275145778
2024-05-27 17:08:51,1710,287.4351
2024-05-27 17:08:52,1711,287.6171696
2024-05-27 17:08:53,1712,287.840876839
2024-05-27 17:08:54,1713,288.102866334
2024-05-27 17:08:55,1714,288.399782699
2024-05-27 17:08:56,1715,288.72827055
2024-05-27 17:08:57,1716,289.084974503
2024-05-27 17:08:58,1717,289.466539173
2024-05-27 17:08:59,1718,289.869609175
2024-05-27 17:09:00,1719,290.290829125
2024-05-27 17:09:01,1720,290.726843638
2024-05-27 17:09:02,1721,291.17429733
2024-05-27 17:09:03,1722,291.629834816
2024-05-27 17:09:04,1723,292.090100712
2024-05-27 17:09:05,1724,292.551739633
2024-05-27 17:09:06,1725,293.011396194
2024-05-27 17:09:07,1726,293.465715012
2024-05-27 17:09:08,1727,293.911340701
2024-05-27 17:09:09,1728,294.344917877
2024-05-27 17:09:10,1729,294.763091156
2024-05-27 17:09:11,1730,295.162505152
2024-05-27 17:09:12,1731,295.539804482
2024-05-27 17:09:13,1732,295.891633761
2024-05-27 17:09:14,1733,296.214637603
2024-05-27 17:09:15,1734,296.505460626
2024-05-27 17:09:16,1735,296.760747443
2024-05-27 17:09:17,1736,296.977142672
2024-05-27 17:09:18,1737,297.151290926
2024-05-27 17:09:19,1738,297.279836822
2024-05-27 17:09:20,1739,297.359424975
2024-05-27 17:09:21,1740,297.3867
2024-05-27 17:09:22,1741,297.324984622
2024-05-27 17:09:23,1742,297.145448978
2024-05-27 17:09:24,1743,296.8565088
2024-05-27 17:09:25,1744,296.466579822
2024-05-27 17:09:26,1745,295.984077778
2024-05-27 17:09:27,1746,295.4174184
2024-05-27 17:09:28,1747,294.775017422
2024-05-27 17:09:29,1748,294.065290578
2024-05-27 17:09:30,1749,293.2966536
2024-05-27 17:09:31,1750,292.477522222
2024-05-27 17:09:32,1751,291.616312178
2024-05-27 17:09:33,1752,290.7214392
2024-05-27 17:09:34,1753,289.801319022
2024-05-27 17:09:35,1754,288.864367378
2024-05-27 17:09:36,1755,287.919
2024-05-27 17:09:37,1756,286.973632622
2024-05-27 17:09:38,1757,286.036680978
2024-05-27 17:09:39,1758,285.1165608
2024-05-27 17:09:40,1759,284.221687822
2024-05-27 17:09:41,1760,283.360477778
2024-05-27 17:09:42,1761,282.5413464
2024-05-27 17:09:43,1762,281.772709422
2024-05-27 17:09:44,1763,281.062982578
2024-05-27 17:09:45,1764,280.4205816
2024-05-27 17:09:46,1765,279.853922222
2024-05-27 17:09:47,1766,279.371420178
2024-05-27 17:09:48,1767,278.9814912
2024-05-27 17:09:49,1768,278.692551022
2024-05-27 17:09:50,1769,278.513015378
2024-05-27 17:09:51,1770,278.4513
2024-05-27 17:09:52,1771,278.469261391
2024-05-27 17:09:53,1772,278.521942704
2024-05-27 17:09:54,1773,278.607539652
2024-05-27 17:09:55,1774,278.724247948
2024-05-27 17:09:56,1775,278.870263303
2024-05-27 17:09:57,1776,279.04378143
2024-05-27 17:09:58,1777,279.242998041
2024-05-27 17:09:59,1778,279.466108848
2024-05-27 17:10:00,1779,279.711309565
2024-05-27 17:10:01,1780,279.976795902
2024-05-27 17:10:02,1781,280.260763573
2024-05-27 17:10:03,1782,280.561408289
2024-05-27 17:10:04,1783,280.876925763
2024-05-27 17:10:05,1784,281.205511708
2024-05-27 17:10:06,1785,281.545361835
2024-05-27 17:10:07,1786,281.894671856
2024-05-27 17:10:08,1787,282.251637485
2024-05-27 17:10:09,1788,282.614454433
2024-05-27 17:10:10,1789,282.981318413
2024-05-27 17:10:11,1790,283.350425137
2024-05-27 17:10:12,1791,283.719970317
2024-05-27 17:10:13,1792,284.088149666
2024-05-27 17:10:14,1793,284.453158896
2024-05-27 17:10:15,1794,284.813193719
2024-05-27 17:10:16,1795,285.166449847
2024-05-27 17:10:17,1796,285.511122993
2024-05-27 17:10:18,1797,285.845408869
2024-05-27 17:10:19,1798,286.167503187
2024-05-27 17:10:20,1799,286.47560166
2024-05-27 17:10:21,1800,286.7679
2024-05-27 17:10:22,1801,287.061515732
2024-05-27 17:10:23,1802,287.37344662
2024-05-27 17:10:24,1803,287.701708731
2024-05-27 17:10:25,1804,288.044318133
2024-05-27 17:10:26,1805,288.399290894
2024-05-27 17:10:27,1806,288.764643081
2024-05-27 17:10:28,1807,289.138390763
2024-05-27 17:10:29,1808,289.518550008
2024-05-27 17:10:30,1809,289.903136883
2024-05-27 17:10:31,1810,290.290167455
2024-05-27 17:10:32,1811,290.677657794
2024-05-27 17:10:33,1812,291.063623967
2024-05-27 17:10:34,1813,291.446082041
2024-05-27 17:10:35,1814,291.823048084
2024-05-27 17:10:36,1815,292.192538165
2024-05-27 17:10:37,1816,292.552568352
2024-05-27 17:10:38,1817,292.901154711
2024-05-27 17:10:39,1818,293.236313311
2024-05-27 17:10:40,1819,293.55606022
2024-05-27 17:10:41,1820,293.858411505
2024-05-27 17:10:42,1821,294.141383235
2024-05-27 17:10:43,1822,294.402991478
2024-05-27 17:10:44,1823,294.6412523
2024-05-27 17:10:45,1824,294.85418177
2024-05-27 17:10:46,1825,295.039795957
2024-05-27 17:10:47,1826,295.196110926
2024-05-27 17:10:48,1827,295.321142748
2024-05-27 17:10:49,1828,295.412907489
2024-05-27 17:10:50,1829,295.469421217
2024-05-27 17:10:51,1830,295.4887
2024-05-27 17:10:52,1831,295.474327428
2024-05-27 17:10:53,1832,295.431597161
2024-05-27 17:10:54,1833,295.361090377
2024-05-27 17:10:55,1834,295.26338825
2024-05-27 17:10:56,1835,295.139071957
2024-05-27 17:10:57,1836,294.988722673
2024-05-27 17:10:58,1837,294.812921574
2024-05-27 17:10:59,1838,294.612249837
2024-05-27 17:11:00,1839,294.387288637
2024-05-27 17:11:01,1840,294.13861915
2024-05-27 17:11:02,1841,293.866822552
2024-05-27 17:11:03,1842,293.572480019
2024-05-27 17:11:04,1843,293.256172726
2024-05-27 17:11:05,1844,292.91848185
2024-05-27 17:11:06,1845,292.559988566
2024-05-27 17:11:07,1846,292.18127405
2024-05-27 17:11:08,1847,291.782919479
2024-05-27 17:11:09,1848,291.365506028
2024-05-27 17:11:10,1849,290.929614873
2024-05-27 17:11:11,1850,290.475827189
2024-05-27 17:11:12,1851,290.004724153
2024-05-27 17:11:13,1852,289.516886941
2024-05-27 17:11:14,1853,289.012896729
2024-05-27 17:11:15,1854,288.493334691
2024-05-27 17:11:16,1855,287.958782005
2024-05-27 17:11:17,1856,287.409819847
2024-05-27 17:11:18,1857,286.847029391
2024-05-27 17:11:19,1858,286.270991814
2024-05-27 17:11:20,1859,285.682288292
2024-05-27 17:11:21,1860,285.0815
2024-05-27 17:11:22,1861,284.301248658
2024-05-27 17:11:23,1862,283.189405495
2024-05-27 17:11:24,1863,281.769425949
2024-05-27 17:11:25,1864,280.064765459
2024-05-27 17:11:26,1865,278.098879465
2024-05-27 17:11:27,1866,275.895223405
2024-05-27 17:11:28,1867,273.477252719
2024-05-27 17:11:29,1868,270.868422846
2024-05-27 17:11:30,1869,268.092189224
2024-05-27 17:11:31,1870,265.172007293
2024-05-27 17:11:32,1871,262.131332493
2024-05-27 17:11:33,1872,258.993620262
2024-05-27 17:11:34,1873,255.782326038
2024-05-27 17:11:35,1874,252.520905263
2024-05-27 17:11:36,1875,249.232813373
2024-05-27 17:11:37,1876,245.94150581
2024-05-27 17:11:38,1877,242.670438011
2024-05-27 17:11:39,1878,239.443065416
2024-05-27 17:11:40,1879,236.282843463
2024-05-27 17:11:41,1880,233.213227593
2024-05-27 17:11:42,1881,230.257673243
2024-05-27 17:11:43,1882,227.439635854
2024-05-27 17:11:44,1883,224.782570864
2024-05-27 17:11:45,1884,222.309933713
2024-05-27 17:11:46,1885,220.045179839
2024-05-27 17:11:47,1886,218.011764682
2024-05-27 17:11:48,1887,216.23314368
2024-05-27 17:11:49,1888,214.732772273
2024-05-27 17:11:50,1889,213.5341059
2024-05-27 17:11:51,1890,212.6606
2024-05-27 17:11:52,1891,211.963352124
2024-05-27 17:11:53,1892,211.278355514
2024-05-27 17:11:54,1893,210.606409143
2024-05-27 17:11:55,1894,209.948311987
2024-05-27 17:11:56,1895,209.304863019
2024-05-27 17:11:57,1896,208.676861214
2024-05-27 17:11:58,1897,208.065105546
2024-05-27 17:11:59,1898,207.47039499
2024-05-27 17:12:00,1899,206.893528519
2024-05-27 17:12:01,1900,206.335305109
2024-05-27 17:12:02,1901,205.796523733
2024-05-27 17:12:03,1902,205.277983366
2024-05-27 17:12:04,1903,204.780482982
2024-05-27 17:12:05,1904,204.304821555
2024-05-27 17:12:06,1905,203.851798061
2024-05-27 17:12:07,1906,203.422211472
2024-05-27 17:12:08,1907,203.016860764
2024-05-27 17:12:09,1908,202.636544911
2024-05-27 17:12:10,1909,202.282062886
2024-05-27 17:12:11,1910,201.954213666
2024-05-27 17:12:12,1911,201.653796223
2024-05-27 17:12:13,1912,201.381609532
2024-05-27 17:12:14,1913,201.138452567
2024-05-27 17:12:15,1914,200.925124304
2024-05-27 17:12:16,1915,200.742423715
2024-05-27 17:12:17,1916,200.591149776
2024-05-27 17:12:18,1917,200.47210146
2024-05-27 17:12:19,1918,200.386077743
2024-05-27 17:12:20,1919,200.333877598
2024-05-27 17:12:21,1920,200.3163
2024-05-27 17:12:22,1921,200.323663644
2024-05-27 17:12:23,1922,200.345085156
2024-05-27 17:12:24,1923,200.3795604
2024-05-27 17:12:25,1924,200.426085244
2024-05-27 17:12:26,1925,200.483655556
2024-05-27 17:12:27,1926,200.5512672
2024-05-27 17:12:28,1927,200.627916044
2024-05-27 17:12:29,1928,200.712597956
2024-05-27 17:12:30,1929,200.8043088
2024-05-27 17:12:31,1930,200.902044444
2024-05-27 17:12:32,1931,201.004800756
2024-05-27 17:12:33,1932,201.1115736
2024-05-27 17:12:34,1933,201.221358844
2024-05-27 17:12:35,1934,201.333152356
2024-05-27 17:12:36,1935,201.44595
2024-05-27 17:12:37,1936,201.558747644
2024-05-27 17:12:38,1937,201.670541156
2024-05-27 17:12:39,1938,201.7803264
2024-05-27 17:12:40,1939,201.887099244
2024-05-27 17:12:41,1940,201.989855556
2024-05-27 17:12:42,1941,202.0875912
2024-05-27 17:12:43,1942,202.179302044
2024-05-27 17:12:44,1943,202.263983956
2024-05-27 17:12:45,1944,202.3406328
2024-05-27 17:12:46,1945,202.408244444
2024-05-27 17:12:47,1946,202.465814756
2024-05-27 17:12:48,1947,202.5123396
2024-05-27 17:12:49,1948,202.546814844
2024-05-27 17:12:50,1949,202.568236356
2024-05-27 17:12:51,1950,202.5756
2024-05-27 17:12:52,1951,202.574094569
2024-05-27 17:12:53,1952,202.569592464
2024-05-27 17:12:54,1953,202.562114972
2024-05-27 17:12:55,1954,202.551683376
2024-05-27 17:12:56,1955,202.538318961
2024-05-27 17:12:57,1956,202.522043012
2024-05-27 17:12:58,1957,202.502876813
2024-05-27 17:12:59,1958,202.480841648
2024-05-27 17:13:00,1959,202.455958804
2024-05-27 17:13:01,1960,202.428249564
2024-05-27 17:13:02,1961,202.397735212
2024-05-27 17:13:03,1962,202.364437035
2024-05-27 17:13:04,1963,202.328376315
2024-05-27 17:13:05,1964,202.289574338
2024-05-27 17:13:06,1965,202.248052389
2024-05-27 17:13:07,1966,202.203831752
2024-05-27 17:13:08,1967,202.156933711
2024-05-27 17:13:09,1968,202.107379552
2024-05-27 17:13:10,1969,202.055190559
2024-05-27 17:13:11,1970,202.000388016
2024-05-27 17:13:12,1971,201.942993209
2024-05-27 17:13:13,1972,201.883027422
2024-05-27 17:13:14,1973,201.82051194
2024-05-27 17:13:15,1974,201.755468046
2024-05-27 17:13:16,1975,201.687917027
2024-05-27 17:13:17,1976,201.617880166
2024-05-27 17:13:18,1977,201.545378748
2024-05-27 17:13:19,1978,201.470434058
2024-05-27 17:13:20,1979,201.39306738
2024-05-27 17:13:21,1980,201.3133
2024-05-27 17:13:22,1981,201.133319523
2024-05-27 17:13:23,1982,200.764423838
2024-05-27 17:13:24,1983,200.220299652
2024-05-27 17:13:25,1984,199.514633671
2024-05-27 17:13:26,1985,198.661112603
2024-05-27 17:13:27,1986,197.673423154
2024-05-27 17:13:28,1987,196.565252031
2024-05-27 17:13:29,1988,195.350285941
2024-05-27 17:13:30,1989,194.042211591
2024-05-27 17:13:31,1990,192.654715687
2024-05-27 17:13:32,1991,191.201484937
2024-05-27 17:13:33,1992,189.696206048
2024-05-27 17:13:34,1993,188.152565726
2024-05-27 17:13:35,1994,186.584250678
2024-05-27 17:13:36,1995,185.004947611
2024-05-27 17:13:37,1996,183.428343232
2024-05-27 17:13:38,1997,181.868124248
2024-05-27 17:13:39,1998,180.337977365
2024-05-27 17:13:40,1999,178.851589291
2024-05-27 17:13:41,2000,177.422646733
2024-05-27 17:13:42,2001,176.064836396
2024-05-27 17:13:43,2002,174.791844989
2024-05-27 17:13:44,2003,173.617359217
2024-05-27 17:13:45,2004,172.555065788
2024-05-27 17:13:46,2005,171.618651409
2024-05-27 17:13:47,2006,170.821802787
2024-05-27 17:13:48,2007,170.178206628
2024-05-27 17:13:49,2008,169.701549639
2024-05-27 17:13:50,2009,169.405518528
2024-05-27 17:13:51,2010,169.3038
2024-05-27 17:13:52,2011,169.326941815
2024-05-27 17:13:53,2012,169.394399202
2024-05-27 17:13:54,2013,169.503220072
2024-05-27 17:13:55,2014,169.650452337
2024-05-27 17:13:56,2015,169.833143909
2024-05-27 17:13:57,2016,170.0483427
2024-05-27 17:13:58,2017,170.293096622
2024-05-27 17:13:59,2018,170.564453586
2024-05-27 17:14:00,2019,170.859461504
2024-05-27 17:14:01,2020,171.175168288
2024-05-27 17:14:02,2021,171.50862185
2024-05-27 17:14:03,2022,171.856870101
2024-05-27 17:14:04,2023,172.216960954
2024-05-27 17:14:05,2024,172.58594232
2024-05-27 17:14:06,2025,172.960862111
2024-05-27 17:14:07,2026,173.338768239
2024-05-27 17:14:08,2027,173.716708615
2024-05-27 17:14:09,2028,174.091731152
2024-05-27 17:14:10,2029,174.460883761
2024-05-27 17:14:11,2030,174.821214354
2024-05-27 17:14:12,2031,175.169770843
2024-05-27 17:14:13,2032,175.503601139
2024-05-27 17:14:14,2033,175.819753155
2024-05-27 17:14:15,2034,176.115274802
2024-05-27 17:14:16,2035,176.387213992
2024-05-27 17:14:17,2036,176.632618637
2024-05-27 17:14:18,2037,176.848536648
2024-05-27 17:14:19,2038,177.032015938
2024-05-27 17:14:20,2039,177.180104418
2024-05-27 17:14:21,2040,177.28985
2024-05-27 17:14:22,2041,177.3786164
2024-05-27 17:14:23,2042,177.465684722
2024-05-27 17:14:24,2043,177.550978958
2024-05-27 17:14:25,2044,177.634423102
2024-05-27 17:14:26,2045,177.715941147
2024-05-27 17:14:27,2046,177.795457086
2024-05-27 17:14:28,2047,177.872894913
2024-05-27 17:14:29,2048,177.948178619
2024-05-27 17:14:30,2049,178.021232199
2024-05-27 17:14:31,2050,178.091979646
2024-05-27 17:14:32,2051,178.160344953
2024-05-27 17:14:33,2052,178.226252112
2024-05-27 17:14:34,2053,178.289625117
2024-05-27 17:14:35,2054,178.350387962
2024-05-27 17:14:36,2055,178.408464639
2024-05-27 17:14:37,2056,178.463779141
2024-05-27 17:14:38,2057,178.516255462
2024-05-27 17:14:39,2058,178.565817595
2024-05-27 17:14:40,2059,178.612389532
2024-05-27 17:14:41,2060,178.655895268
2024-05-27 17:14:42,2061,178.696258794
2024-05-27 17:14:43,2062,178.733404105
2024-05-27 17:14:44,2063,178.767255193
2024-05-27 17:14:45,2064,178.797736052
2024-05-27 17:14:46,2065,178.824770674
2024-05-27 17:14:47,2066,178.848283053
2024-05-27 17:14:48,2067,178.868197182
2024-05-27 17:14:49,2068,178.884437054
2024-05-27 17:14:50,2069,178.896926662
2024-05-27 17:14:51,2070,178.90559
2024-05-27 17:14:52,2071,178.912224678
2024-05-27 17:14:53,2072,178.918676988
2024-05-27 17:14:54,2073,178.924943946
2024-05-27 17:14:55,2074,178.931022565
2024-05-27 17:14:56,2075,178.936909861
2024-05-27 17:14:57,2076,178.942602848
2024-05-27 17:14:58,2077,178.948098541
2024-05-27 17:14:59,2078,178.953393954
2024-05-27 17:15:00,2079,178.958486102
2024-05-27 17:15:01,2080,178.963372
2024-05-27 17:15:02,2081,178.968048662
2024-05-27 17:15:03,2082,178.972513104
2024-05-27 17:15:04,2083,178.976762339
2024-05-27 17:15:05,2084,178.980793383
2024-05-27 17:15:06,2085,178.98460325
2024-05-27 17:15:07,2086,178.988188955
2024-05-27 17:15:08,2087,178.991547512
2024-05-27 17:15:09,2088,178.994675936
2024-05-27 17:15:10,2089,178.997571242
2024-05-27 17:15:11,2090,179.000230444
2024-05-27 17:15:12,2091,179.002650558
2024-05-27 17:15:13,2092,179.004828597
2024-05-27 17:15:14,2093,179.006761577
2024-05-27 17:15:15,2094,179.008446512
2024-05-27 17:15:16,2095,179.009880417
2024-05-27 17:15:17,2096,179.011060306
2024-05-27 17:15:18,2097,179.011983194
2024-05-27 17:15:19,2098,179.012646096
2024-05-27 17:15:20,2099,179.013046026
2024-05-27 17:15:21,2100,179.01318
2024-05-27 17:15:22,2101,178.99663499
2024-05-27 17:15:23,2102,178.94850405
2024-05-27 17:15:24,2103,178.87104332
2024-05-27 17:15:25,2104,178.766508936
2024-05-27 17:15:26,2105,178.637157037
2024-05-27 17:15:27,2106,178.48524376
2024-05-27 17:15:28,2107,178.313025243
2024-05-27 17:15:29,2108,178.122757624
2024-05-27 17:15:30,2109,177.91669704
2024-05-27 17:15:31,2110,177.69709963
2024-05-27 17:15:32,2111,177.46622153
2024-05-27 17:15:33,2112,177.22631888
2024-05-27 17:15:34,2113,176.979647816
2024-05-27 17:15:35,2114,176.728464477
2024-05-27 17:15:36,2115,176.475025
2024-05-27 17:15:37,2116,176.221585523
2024-05-27 17:15:38,2117,175.970402184
2024-05-27 17:15:39,2118,175.72373112
2024-05-27 17:15:40,2119,175.48382847
2024-05-27 17:15:41,2120,175.25295037
2024-05-27 17:15:42,2121,175.03335296
2024-05-27 17:15:43,2122,174.827292376
2024-05-27 17:15:44,2123,174.637024757
2024-05-27 17:15:45,2124,174.46480624
2024-05-27 17:15:46,2125,174.312892963
2024-05-27 17:15:47,2126,174.183541064
2024-05-27 17:15:48,2127,174.07900668
2024-05-27 17:15:49,2128,174.00154595
2024-05-27 17:15:50,2129,173.95341501
2024-05-27 17:15:51,2130,173.93687
2024-05-27 17:15:52,2131,173.961125212
2024-05-27 17:15:53,2132,174.031685828
2024-05-27 17:15:54,2133,174.14524432
2024-05-27 17:15:55,2134,174.298493159
2024-05-27 17:15:56,2135,174.488124815
2024-05-27 17:15:57,2136,174.71083176
2024-05-27 17:15:58,2137,174.963306465
2024-05-27 17:15:59,2138,175.242241401
2024-05-27 17:16:00,2139,175.54432904
2024-05-27 17:16:01,2140,175.866261852
2024-05-27 17:16:02,2141,176.204732308
2024-05-27 17:16:03,2142,176.55643288
2024-05-27 17:16:04,2143,176.918056039
2024-05-27 17:16:05,2144,177.286294255
2024-05-27 17:16:06,2145,177.65784
2024-05-27 17:16:07,2146,178.029385745
2024-05-27 17:16:08,2147,178.397623961
2024-05-27 17:16:09,2148,178.75924712
2024-05-27 17:16:10,2149,179.110947692
2024-05-27 17:16:11,2150,179.449418148
2024-05-27 17:16:12,2151,179.77135096
2024-05-27 17:16:13,2152,180.073438599
2024-05-27 17:16:14,2153,180.352373535
2024-05-27 17:16:15,2154,180.60484824
2024-05-27 17:16:16,2155,180.827555185
2024-05-27 17:16:17,2156,181.017186841
2024-05-27 17:16:18,2157,181.17043568
2024-05-27 17:16:19,2158,181.283994172
2024-05-27 17:16:20,2159,181.354554788
2024-05-27 17:16:21,2160,181.37881
2024-05-27 17:16:22,2161,181.367554952
2024-05-27 17:16:23,2162,181.334792668
2024-05-27 17:16:24,2163,181.282027438
2024-05-27 17:16:25,2164,181.210763553
2024-05-27 17:16:26,2165,181.122505303
2024-05-27 17:16:27,2166,181.018756979
2024-05-27 17:16:28,2167,180.901022871
2024-05-27 17:16:29,2168,180.77080727
2024-05-27 17:16:30,2169,180.629614466
2024-05-27 17:16:31,2170,180.478948748
2024-05-27 17:16:32,2171,180.320314409
2024-05-27 17:16:33,2172,180.155215738
2024-05-27 17:16:34,2173,179.985157025
2024-05-27 17:16:35,2174,179.811642562
2024-05-27 17:16:36,2175,179.636176638
2024-05-27 17:16:37,2176,179.460263544
2024-05-27 17:16:38,2177,179.28540757
2024-05-27 17:16:39,2178,179.113113007
2024-05-27 17:16:40,2179,178.944884145
2024-05-27 17:16:41,2180,178.782225275
2024-05-27 17:16:42,2181,178.626640686
2024-05-27 17:16:43,2182,178.47963467
2024-05-27 17:16:44,2183,178.342711517
2024-05-27 17:16:45,2184,178.217375517
2024-05-27 17:16:46,2185,178.105130961
2024-05-27 17:16:47,2186,178.007482139
2024-05-27 17:16:48,2187,177.925933341
2024-05-27 17:16:49,2188,177.861988859
2024-05-27 17:16:50,2189,177.817152982
2024-05-27 17:16:51,2190,177.79293
2024-05-27 17:16:52,2191,177.78015035
2024-05-27 17:16:53,2192,177.768582965
2024-05-27 17:16:54,2193,177.75813988
2024-05-27 17:16:55,2194,177.748733131
2024-05-27 17:16:56,2195,177.740274754
2024-05-27 17:16:57,2196,177.732676783
2024-05-27 17:16:58,2197,177.725851254
2024-05-27 17:16:59,2198,177.719710204
2024-05-27 17:17:00,2199,177.714165667
2024-05-27 17:17:01,2200,177.709129679
2024-05-27 17:17:02,2201,177.704514276
2024-05-27 17:17:03,2202,177.700231493
2024-05-27 17:17:04,2203,177.696193366
2024-05-27 17:17:05,2204,177.69231193
2024-05-27 17:17:06,2205,177.688499221
2024-05-27 17:17:07,2206,177.684667275
2024-05-27 17:17:08,2207,177.680728126
2024-05-27 17:17:09,2208,177.676593812
2024-05-27 17:17:10,2209,177.672176366
2024-05-27 17:17:11,2210,177.667387825
2024-05-27 17:17:12,2211,177.662140225
2024-05-27 17:17:13,2212,177.6563456
2024-05-27 17:17:14,2213,177.649915987
2024-05-27 17:17:15,2214,177.64276342
2024-05-27 17:17:16,2215,177.634799937
2024-05-27 17:17:17,2216,177.625937571
2024-05-27 17:17:18,2217,177.616088359
2024-05-27 17:17:19,2218,177.605164336
2024-05-27 17:17:20,2219,177.593077538
2024-05-27 17:17:21,2220,177.57974
2024-05-27 17:17:22,2221,177.522560124
2024-05-27 17:17:23,2222,177.382952303
2024-05-27 17:17:24,2223,177.166837563
2024-05-27 17:17:25,2224,176.88013693
2024-05-27 17:17:26,2225,176.528771427
2024-05-27 17:17:27,2226,176.11866208
2024-05-27 17:17:28,2227,175.655729915
2024-05-27 17:17:29,2228,175.145895957
2024-05-27 17:17:30,2229,174.59508123
2024-05-27 17:17:31,2230,174.00920676
2024-05-27 17:17:32,2231,173.394193571
2024-05-27 17:17:33,2232,172.75596269
2024-05-27 17:17:34,2233,172.100435141
2024-05-27 17:17:35,2234,171.43353195
2024-05-27 17:17:36,2235,170.761174141
2024-05-27 17:17:37,2236,170.08928274
2024-05-27 17:17:38,2237,169.423778771
2024-05-27 17:17:39,2238,168.77058326
2024-05-27 17:17:40,2239,168.135617233
2024-05-27 17:17:41,2240,167.524801713
2024-05-27 17:17:42,2241,166.944057727
2024-05-27 17:17:43,2242,166.399306299
2024-05-27 17:17:44,2243,165.896468455
2024-05-27 17:17:45,2244,165.44146522
2024-05-27 17:17:46,2245,165.040217619
2024-05-27 17:17:47,2246,164.698646676
2024-05-27 17:17:48,2247,164.422673418
2024-05-27 17:17:49,2248,164.218218869
2024-05-27 17:17:50,2249,164.091204055
2024-05-27 17:17:51,2250,164.04755
2024-05-27 17:17:52,2251,164.312466546
2024-05-27 17:17:53,2252,165.089664991
2024-05-27 17:17:54,2253,166.352818543
2024-05-27 17:17:55,2254,168.075600411
2024-05-27 17:17:56,2255,170.231683804
2024-05-27 17:17:57,2256,172.794741931
2024-05-27 17:17:58,2257,175.738448
2024-05-27 17:17:59,2258,179.036475221
2024-05-27 17:18:00,2259,182.662496801
2024-05-27 17:18:01,2260,186.590185951
2024-05-27 17:18:02,2261,190.793215879
2024-05-27 17:18:03,2262,195.245259793
2024-05-27 17:18:04,2263,199.919990902
2024-05-27 17:18:05,2264,204.791082416
2024-05-27 17:18:06,2265,209.832207543
2024-05-27 17:18:07,2266,215.017039491
2024-05-27 17:18:08,2267,220.31925147
2024-05-27 17:18:09,2268,225.712516689
2024-05-27 17:18:10,2269,231.170508356
2024-05-27 17:18:11,2270,236.66689968
2024-05-27 17:18:12,2271,242.17536387
2024-05-27 17:18:13,2272,247.669574135
2024-05-27 17:18:14,2273,253.123203683
2024-05-27 17:18:15,2274,258.509925724
2024-05-27 17:18:16,2275,263.803413465
2024-05-27 17:18:17,2276,268.977340117
2024-05-27 17:18:18,2277,274.005378888
2024-05-27 17:18:19,2278,278.861202986
2024-05-27 17:18:20,2279,283.51848562
2024-05-27 17:18:21,2280,287.9509
2024-05-27 17:18:22,2281,292.420352113
2024-05-27 17:18:23,2282,297.185380881
2024-05-27 17:18:24,2283,302.214608912
2024-05-27 17:18:25,2284,307.476658816
2024-05-27 17:18:26,2285,312.940153201
2024-05-27 17:18:27,2286,318.573714676
2024-05-27 17:18:28,2287,324.34596585
2024-05-27 17:18:29,2288,330.225529332
2024-05-27 17:18:30,2289,336.18102773
2024-05-27 17:18:31,2290,342.181083653
2024-05-27 17:18:32,2291,348.194319711
2024-05-27 17:18:33,2292,354.189358511
2024-05-27 17:18:34,2293,360.134822663
2024-05-27 17:18:35,2294,365.999334775
2024-05-27 17:18:36,2295,371.751517457
2024-05-27 17:18:37,2296,377.359993317
2024-05-27 17:18:38,2297,382.793384964
2024-05-27 17:18:39,2298,388.020315007
2024-05-27 17:18:40,2299,393.009406055
2024-05-27 17:18:41,2300,397.729280715
2024-05-27 17:18:42,2301,402.148561599
2024-05-27 17:18:43,2302,406.235871313
2024-05-27 17:18:44,2303,409.959832466
2024-05-27 17:18:45,2304,413.289067669
2024-05-27 17:18:46,2305,416.192199529
2024-05-27 17:18:47,2306,418.637850655
2024-05-27 17:18:48,2307,420.594643657
2024-05-27 17:18:49,2308,422.031201142
2024-05-27 17:18:50,2309,422.91614572
2024-05-27 17:18:51,2310,423.2181
2024-05-27 17:18:52,2311,423.215217092
2024-05-27 17:18:53,2312,423.20663689
2024-05-27 17:18:54,2313,423.192462181
2024-05-27 17:18:55,2314,423.17279575
2024-05-27 17:18:56,2315,423.147740382
2024-05-27 17:18:57,2316,423.117398865
2024-05-27 17:18:58,2317,423.081873982
2024-05-27 17:18:59,2318,423.04126852
2024-05-27 17:19:00,2319,422.995685265
2024-05-27 17:19:01,2320,422.945227002
2024-05-27 17:19:02,2321,422.889996516
2024-05-27 17:19:03,2322,422.830096594
2024-05-27 17:19:04,2323,422.765630021
2024-05-27 17:19:05,2324,422.696699583
2024-05-27 17:19:06,2325,422.623408065
2024-05-27 17:19:07,2326,422.545858253
2024-05-27 17:19:08,2327,422.464152933
2024-05-27 17:19:09,2328,422.378394891
2024-05-27 17:19:10,2329,422.288686912
2024-05-27 17:19:11,2330,422.195131781
2024-05-27 17:19:12,2331,422.097832285
2024-05-27 17:19:13,2332,421.996891208
2024-05-27 17:19:14,2333,421.892411338
2024-05-27 17:19:15,2334,421.784495459
2024-05-27 17:19:16,2335,421.673246357
2024-05-27 17:19:17,2336,421.558766817
2024-05-27 17:19:18,2337,421.441159626
2024-05-27 17:19:19,2338,421.320527569
2024-05-27 17:19:20,2339,421.196973432
2024-05-27 17:19:21,2340,421.0706
2024-05-27 17:19:22,2341,420.893231546
2024-05-27 17:19:23,2342,420.621328253
2024-05-27 17:19:24,2343,420.261946774
2024-05-27 17:19:25,2344,419.822143761
2024-05-27 17:19:26,2345,419.308975866
2024-05-27 17:19:27,2346,418.729499741
2024-05-27 17:19:28,2347,418.09077204
2024-05-27 17:19:29,2348,417.399849414
2024-05-27 17:19:30,2349,416.663788515
2024-05-27 17:19:31,2350,415.889645997
2024-05-27 17:19:32,2351,415.084478511
2024-05-27 17:19:33,2352,414.255342709
2024-05-27 17:19:34,2353,413.409295244
2024-05-27 17:19:35,2354,412.553392769
2024-05-27 17:19:36,2355,411.694691935
2024-05-27 17:19:37,2356,410.840249395
2024-05-27 17:19:38,2357,409.997121801
2024-05-27 17:19:39,2358,409.172365806
2024-05-27 17:19:40,2359,408.373038062
2024-05-27 17:19:41,2360,407.606195221
2024-05-27 17:19:42,2361,406.878893935
2024-05-27 17:19:43,2362,406.198190858
2024-05-27 17:19:44,2363,405.57114264
2024-05-27 17:19:45,2364,405.004805935
2024-05-27 17:19:46,2365,404.506237395
2024-05-27 17:19:47,2366,404.082493673
2024-05-27 17:19:48,2367,403.740631419
2024-05-27 17:19:49,2368,403.487707288
2024-05-27 17:19:50,2369,403.330777931
2024-05-27 17:19:51,2370,403.2769
2024-05-27 17:19:52,2371,403.36322083
2024-05-27 17:19:53,2372,403.61433597
2024-05-27 17:19:54,2373,404.0184744
2024-05-27 17:19:55,2374,404.563865096
2024-05-27 17:19:56,2375,405.238737037
2024-05-27 17:19:57,2376,406.0313192
2024-05-27 17:19:58,2377,406.929840563
2024-05-27 17:19:59,2378,407.922530104
2024-05-27 17:20:00,2379,408.9976168
2024-05-27 17:20:01,2380,410.14332963
2024-05-27 17:20:02,2381,411.34789757
2024-05-27 17:20:03,2382,412.5995496
2024-05-27 17:20:04,2383,413.886514696
2024-05-27 17:20:05,2384,415.197021837
2024-05-27 17:20:06,2385,416.5193
2024-05-27 17:20:07,2386,417.841578163
2024-05-27 17:20:08,2387,419.152085304
2024-05-27 17:20:09,2388,420.4390504
2024-05-27 17:20:10,2389,421.69070243
2024-05-27 17:20:11,2390,422.89527037
2024-05-27 17:20:12,2391,424.0409832
2024-05-27 17:20:13,2392,425.116069896
2024-05-27 17:20:14,2393,426.108759437
2024-05-27 17:20:15,2394,427.0072808
2024-05-27 17:20:16,2395,427.799862963
2024-05-27 17:20:17,2396,428.474734904
2024-05-27 17:20:18,2397,429.0201256
2024-05-27 17:20:19,2398,429.42426403
2024-05-27 17:20:20,2399,429.67537917
2024-05-27 17:20:21,2400,429.7617
2024-05-27 17:20:22,2401,428.795189482
2024-05-27 17:20:23,2402,425.981914685
2024-05-27 17:20:24,2403,421.451260739
2024-05-27 17:20:25,2404,415.332612778
2024-05-27 17:20:26,2405,407.755355934
2024-05-27 17:20:27,2406,398.84887534
2024-05-27 17:20:28,2407,388.742556127
2024-05-27 17:20:29,2408,377.565783428
2024-05-27 17:20:30,2409,365.447942375
2024-05-27 17:20:31,2410,352.518418101
2024-05-27 17:20:32,2411,338.906595738
2024-05-27 17:20:33,2412,324.741860419
2024-05-27 17:20:34,2413,310.153597276
2024-05-27 17:20:35,2414,295.27119144
2024-05-27 17:20:36,2415,280.224028046
2024-05-27 17:20:37,2416,265.141492224
2024-05-27 17:20:38,2417,250.152969107
2024-05-27 17:20:39,2418,235.387843829
2024-05-27 17:20:40,2419,220.97550152
2024-05-27 17:20:41,2420,207.045327313
2024-05-27 17:20:42,2421,193.726706342
2024-05-27 17:20:43,2422,181.149023737
2024-05-27 17:20:44,2423,169.441664632
2024-05-27 17:20:45,2424,158.734014159
2024-05-27 17:20:46,2425,149.15545745
2024-05-27 17:20:47,2426,140.835379637
2024-05-27 17:20:48,2427,133.903165854
2024-05-27 17:20:49,2428,128.488201231
2024-05-27 17:20:50,2429,124.719870903
2024-05-27 17:20:51,2430,122.72756
2024-05-27 17:20:52,2431,121.71139706
2024-05-27 17:20:53,2432,120.781351701
2024-05-27 17:20:54,2433,119.931570672
2024-05-27 17:20:55,2434,119.156200726
2024-05-27 17:20:56,2435,118.449388614
2024-05-27 17:20:57,2436,117.805281087
2024-05-27 17:20:58,2437,117.218024898
2024-05-27 17:20:59,2438,116.681766797
2024-05-27 17:21:00,2439,116.190653536
2024-05-27 17:21:01,2440,115.738831867
2024-05-27 17:21:02,2441,115.320448541
2024-05-27 17:21:03,2442,114.929650309
2024-05-27 17:21:04,2443,114.560583923
2024-05-27 17:21:05,2444,114.207396135
2024-05-27 17:21:06,2445,113.864233696
2024-05-27 17:21:07,2446,113.525243357
2024-05-27 17:21:08,2447,113.184571871
2024-05-27 17:21:09,2448,112.836365987
2024-05-27 17:21:10,2449,112.474772459
2024-05-27 17:21:11,2450,112.093938037
2024-05-27 17:21:12,2451,111.688009473
2024-05-27 17:21:13,2452,111.251133519
2024-05-27 17:21:14,2453,110.777456925
2024-05-27 17:21:15,2454,110.261126444
2024-05-27 17:21:16,2455,109.696288826
2024-05-27 17:21:17,2456,109.077090824
2024-05-27 17:21:18,2457,108.397679189
2024-05-27 17:21:19,2458,107.652200673
2024-05-27 17:21:20,2459,106.834802026
2024-05-27 17:21:21,2460,105.93963
2024-05-27 17:21:22,2461,104.785401377
2024-05-27 17:21:23,2462,103.215991374
2024-05-27 17:21:24,2463,101.263284399
2024-05-27 17:21:25,2464,98.9591648606
2024-05-27 17:21:26,2465,96.3355171651
2024-05-27 17:21:27,2466,93.4242257206
2024-05-27 17:21:28,2467,90.2571749344
2024-05-27 17:21:29,2468,86.8662492143
2024-05-27 17:21:30,2469,83.2833329678
2024-05-27 17:21:31,2470,79.5403106025
2024-05-27 17:21:32,2471,75.6690665259
2024-05-27 17:21:33,2472,71.7014851456
2024-05-27 17:21:34,2473,67.6694508692
2024-05-27 17:21:35,2474,63.6048481043
2024-05-27 17:21:36,2475,59.5395612584
2024-05-27 17:21:37,2476,55.505474739
2024-05-27 17:21:38,2477,51.5344729539
2024-05-27 17:21:39,2478,47.6584403104
2024-05-27 17:21:40,2479,43.9092612163
2024-05-27 17:21:41,2480,40.318820079
2024-05-27 17:21:42,2481,36.9190013062
2024-05-27 17:21:43,2482,33.7416893054
2024-05-27 17:21:44,2483,30.8187684842
2024-05-27 17:21:45,2484,28.1821232501
2024-05-27 17:21:46,2485,25.8636380108
2024-05-27 17:21:47,2486,23.8951971738
2024-05-27 17:21:48,2487,22.3086851466
2024-05-27 17:21:49,2488,21.1359863369
2024-05-27 17:21:50,2489,20.4089851521
2024-05-27 17:21:51,2490,20.159566
2024-05-27 17:21:52,2491,20.1777008644
2024-05-27 17:21:53,2492,20.2313111857
2024-05-27 17:21:54,2493,20.3192055562
2024-05-27 17:21:55,2494,20.4401925679
2024-05-27 17:21:56,2495,20.5930808132
2024-05-27 17:21:57,2496,20.7766788842
2024-05-27 17:21:58,2497,20.9897953731
2024-05-27 17:21:59,2498,21.231238872
2024-05-27 17:22:00,2499,21.4998179732
2024-05-27 17:22:01,2500,21.7943412689
2024-05-27 17:22:02,2501,22.1136173513
2024-05-27 17:22:03,2502,22.4564548126
2024-05-27 17:22:04,2503,22.8216622448
2024-05-27 17:22:05,2504,23.2080482404
2024-05-27 17:22:06,2505,23.6144213913
2024-05-27 17:22:07,2506,24.03959029
2024-05-27 17:22:08,2507,24.4823635284
2024-05-27 17:22:09,2508,24.9415496988
2024-05-27 17:22:10,2509,25.4159573935
2024-05-27 17:22:11,2510,25.9043952046
2024-05-27 17:22:12,2511,26.4056717242
2024-05-27 17:22:13,2512,26.9185955447
2024-05-27 17:22:14,2513,27.4419752581
2024-05-27 17:22:15,2514,27.9746194567
2024-05-27 17:22:16,2515,28.5153367327
2024-05-27 17:22:17,2516,29.0629356783
2024-05-27 17:22:18,2517,29.6162248856
2024-05-27 17:22:19,2518,30.1740129469
2024-05-27 17:22:20,2519,30.7351084543
2024-05-27 17:22:21,2520,31.29832
2024-05-27 17:22:22,2521,31.8842974534
2024-05-27 17:22:23,2522,32.5142297042
2024-05-27 17:22:24,2523,33.1877338755
2024-05-27 17:22:25,2524,33.9044270904
2024-05-27 17:22:26,2525,34.6639264718
2024-05-27 17:22:27,2526,35.4658491428
2024-05-27 17:22:28,2527,36.3098122264
2024-05-27 17:22:29,2528,37.1954328457
2024-05-27 17:22:30,2529,38.1223281237
2024-05-27 17:22:31,2530,39.0901151833
2024-05-27 17:22:32,2531,40.0984111477
2024-05-27 17:22:33,2532,41.1468331398
2024-05-27 17:22:34,2533,42.2349982828
2024-05-27 17:22:35,2534,43.3625236995
2024-05-27 17:22:36,2535,44.5290265132
2024-05-27 17:22:37,2536,45.7341238467
2024-05-27 17:22:38,2537,46.9774328231
2024-05-27 17:22:39,2538,48.2585705654
2024-05-27 17:22:40,2539,49.5771541968
2024-05-27 17:22:41,2540,50.9328008401
2024-05-27 17:22:42,2541,52.3251276185
2024-05-27 17:22:43,2542,53.7537516549
2024-05-27 17:22:44,2543,55.2182900724
2024-05-27 17:22:45,2544,56.718359994
2024-05-27 17:22:46,2545,58.2535785428
2024-05-27 17:22:47,2546,59.8235628418
2024-05-27 17:22:48,2547,61.427930014
2024-05-27 17:22:49,2548,63.0662971824
2024-05-27 17:22:50,2549,64.73828147
2024-05-27 17:22:51,2550,66.4435
2024-05-27 17:22:52,2551,68.2747121691
2024-05-27 17:22:53,2552,70.3168386101
2024-05-27 17:22:54,2553,72.5577382999
2024-05-27 17:22:55,2554,74.9852702158
2024-05-27 17:22:56,2555,77.5872933345
2024-05-27 17:22:57,2556,80.3516666332
2024-05-27 17:22:58,2557,83.2662490888
2024-05-27 17:22:59,2558,86.3188996783
2024-05-27 17:23:00,2559,89.4974773788
2024-05-27 17:23:01,2560,92.7898411673
2024-05-27 17:23:02,2561,96.1838500207
2024-05-27 17:23:03,2562,99.6673629161
2024-05-27 17:23:04,2563,103.228238831
2024-05-27 17:23:05,2564,106.854336741
2024-05-27 17:23:06,2565,110.533515624
2024-05-27 17:23:07,2566,114.253634458
2024-05-27 17:23:08,2567,118.002552218
2024-05-27 17:23:09,2568,121.768127883
2024-05-27 17:23:10,2569,125.538220428
2024-05-27 17:23:11,2570,129.300688831
2024-05-27 17:23:12,2571,133.04339207
2024-05-27 17:23:13,2572,136.754189121
2024-05-27 17:23:14,2573,140.42093896
2024-05-27 17:23:15,2574,144.031500566
2024-05-27 17:23:16,2575,147.573732915
2024-05-27 17:23:17,2576,151.035494984
2024-05-27 17:23:18,2577,154.40464575
2024-05-27 17:23:19,2578,157.66904419
2024-05-27 17:23:20,2579,160.816549281
2024-05-27 17:23:21,2580,163.83502
2024-05-27 17:23:22,2581,166.855841922
2024-05-27 17:23:23,2582,170.007578225
2024-05-27 17:23:24,2583,173.273854297
2024-05-27 17:23:25,2584,176.638295523
2024-05-27 17:23:26,2585,180.084527288
2024-05-27 17:23:27,2586,183.596174978
2024-05-27 17:23:28,2587,187.15686398
2024-05-27 17:23:29,2588,190.750219678
2024-05-27 17:23:30,2589,194.359867458
2024-05-27 17:23:31,2590,197.969432707
2024-05-27 17:23:32,2591,201.562540809
2024-05-27 17:23:33,2592,205.122817151
2024-05-27 17:23:34,2593,208.633887118
2024-05-27 17:23:35,2594,212.079376096
2024-05-27 17:23:36,2595,215.442909471
2024-05-27 17:23:37,2596,218.708112629
2024-05-27 17:23:38,2597,221.858610954
2024-05-27 17:23:39,2598,224.878029834
2024-05-27 17:23:40,2599,227.749994653
2024-05-27 17:23:41,2600,230.458130798
2024-05-27 17:23:42,2601,232.986063653
2024-05-27 17:23:43,2602,235.317418606
2024-05-27 17:23:44,2603,237.435821041
2024-05-27 17:23:45,2604,239.324896345
2024-05-27 17:23:46,2605,240.968269902
2024-05-27 17:23:47,2606,242.349567099
2024-05-27 17:23:48,2607,243.452413322
2024-05-27 17:23:49,2608,244.260433956
2024-05-27 17:23:50,2609,244.757254387
2024-05-27 17:23:51,2610,244.9265
2024-05-27 17:23:52,2611,244.866605108
2024-05-27 17:23:53,2612,244.691419008
2024-05-27 17:23:54,2613,244.407689563
2024-05-27 17:23:55,2614,244.022164635
2024-05-27 17:23:56,2615,243.541592086
2024-05-27 17:23:57,2616,242.972719779
2024-05-27 17:23:58,2617,242.322295578
2024-05-27 17:23:59,2618,241.597067344
2024-05-27 17:24:00,2619,240.803782941
2024-05-27 17:24:01,2620,239.94919023
2024-05-27 17:24:02,2621,239.040037075
2024-05-27 17:24:03,2622,238.083071338
2024-05-27 17:24:04,2623,237.085040882
2024-05-27 17:24:05,2624,236.05269357
2024-05-27 17:24:06,2625,234.992777263
2024-05-27 17:24:07,2626,233.912039826
2024-05-27 17:24:08,2627,232.817229119
2024-05-27 17:24:09,2628,231.715093007
2024-05-27 17:24:10,2629,230.612379352
2024-05-27 17:24:11,2630,229.515836016
2024-05-27 17:24:12,2631,228.432210861
2024-05-27 17:24:13,2632,227.368251752
2024-05-27 17:24:14,2633,226.33070655
2024-05-27 17:24:15,2634,225.326323117
2024-05-27 17:24:16,2635,224.361849318
2024-05-27 17:24:17,2636,223.444033013
2024-05-27 17:24:18,2637,222.579622067
2024-05-27 17:24:19,2638,221.77536434
2024-05-27 17:24:20,2639,221.038007697
2024-05-27 17:24:21,2640,220.3743
2024-05-27 17:24:22,2641,219.76081392
2024-05-27 17:24:23,2642,219.168635713
2024-05-27 17:24:24,2643,218.596283621
2024-05-27 17:24:25,2644,218.042275884
2024-05-27 17:24:26,2645,217.505130743
2024-05-27 17:24:27,2646,216.983366438
2024-05-27 17:24:28,2647,216.475501211
2024-05-27 17:24:29,2648,215.980053302
2024-05-27 17:24:30,2649,215.495540951
2024-05-27 17:24:31,2650,215.0204824
2024-05-27 17:24:32,2651,214.553395889
2024-05-27 17:24:33,2652,214.09279966
2024-05-27 17:24:34,2653,213.637211951
2024-05-27 17:24:35,2654,213.185151006
2024-05-27 17:24:36,2655,212.735135063
2024-05-27 17:24:37,2656,212.285682365
2024-05-27 17:24:38,2657,211.835311151
2024-05-27 17:24:39,2658,211.382539662
2024-05-27 17:24:40,2659,210.925886139
2024-05-27 17:24:41,2660,210.463868824
2024-05-27 17:24:42,2661,209.995005955
2024-05-27 17:24:43,2662,209.517815775
2024-05-27 17:24:44,2663,209.030816524
2024-05-27 17:24:45,2664,208.532526443
2024-05-27 17:24:46,2665,208.021463772
2024-05-27 17:24:47,2666,207.496146752
2024-05-27 17:24:48,2667,206.955093625
2024-05-27 17:24:49,2668,206.396822629
2024-05-27 17:24:50,2669,205.819852008
2024-05-27 17:24:51,2670,205.2227
2024-05-27 17:24:52,2671,204.5802162
2024-05-27 17:24:53,2672,203.872317687
2024-05-27 17:24:54,2673,203.105123932
2024-05-27 17:24:55,2674,202.284754409
2024-05-27 17:24:56,2675,201.417328587
2024-05-27 17:24:57,2676,200.508965938
2024-05-27 17:24:58,2677,199.565785933
2024-05-27 17:24:59,2678,198.593908045
2024-05-27 17:25:00,2679,197.599451744
2024-05-27 17:25:01,2680,196.588536502
2024-05-27 17:25:02,2681,195.56728179
2024-05-27 17:25:03,2682,194.54180708
2024-05-27 17:25:04,2683,193.518231843
2024-05-27 17:25:05,2684,192.50267555
2024-05-27 17:25:06,2685,191.501257674
2024-05-27 17:25:07,2686,190.520097684
2024-05-27 17:25:08,2687,189.565315054
2024-05-27 17:25:09,2688,188.643029253
2024-05-27 17:25:10,2689,187.759359755
2024-05-27 17:25:11,2690,186.920426029
2024-05-27 17:25:12,2691,186.132347547
2024-05-27 17:25:13,2692,185.401243782
2024-05-27 17:25:14,2693,184.733234204
2024-05-27 17:25:15,2694,184.134438284
2024-05-27 17:25:16,2695,183.610975495
2024-05-27 17:25:17,2696,183.168965307
2024-05-27 17:25:18,2697,182.814527192
2024-05-27 17:25:19,2698,182.553780622
2024-05-27 17:25:20,2699,182.392845067
2024-05-27 17:25:21,2700,182.33784
2024-05-27 17:25:22,2701,182.353230447
2024-05-27 17:25:23,2702,182.398174947
2024-05-27 17:25:24,2703,182.470833236
2024-05-27 17:25:25,2704,182.569365053
2024-05-27 17:25:26,2705,182.691930134
2024-05-27 17:25:27,2706,182.836688217
2024-05-27 17:25:28,2707,183.00179904
2024-05-27 17:25:29,2708,183.185422339
2024-05-27 17:25:30,2709,183.385717853
2024-05-27 17:25:31,2710,183.600845318
2024-05-27 17:25:32,2711,183.828964472
2024-05-27 17:25:33,2712,184.068235052
2024-05-27 17:25:34,2713,184.316816796
2024-05-27 17:25:35,2714,184.572869441
2024-05-27 17:25:36,2715,184.834552724
2024-05-27 17:25:37,2716,185.100026383
2024-05-27 17:25:38,2717,185.367450155
2024-05-27 17:25:39,2718,185.634983778
2024-05-27 17:25:40,2719,185.900786989
2024-05-27 17:25:41,2720,186.163019525
2024-05-27 17:25:42,2721,186.419841123
2024-05-27 17:25:43,2722,186.669411522
2024-05-27 17:25:44,2723,186.909890458
2024-05-27 17:25:45,2724,187.139437669
2024-05-27 17:25:46,2725,187.356212893
2024-05-27 17:25:47,2726,187.558375865
2024-05-27 17:25:48,2727,187.744086325
2024-05-27 17:25:49,2728,187.911504009
2024-05-27 17:25:50,2729,188.058788655
2024-05-27 17:25:51,2730,188.1841
2024-05-27 17:25:52,2731,188.294023963
2024-05-27 17:25:53,2732,188.396741969
2024-05-27 17:25:54,2733,188.492807018
2024-05-27 17:25:55,2734,188.582772106
2024-05-27 17:25:56,2735,188.667190233
2024-05-27 17:25:57,2736,188.746614395
2024-05-27 17:25:58,2737,188.821597591
2024-05-27 17:25:59,2738,188.89269282
2024-05-27 17:26:00,2739,188.960453078
2024-05-27 17:26:01,2740,189.025431365
2024-05-27 17:26:02,2741,189.088180678
2024-05-27 17:26:03,2742,189.149254015
2024-05-27 17:26:04,2743,189.209204374
2024-05-27 17:26:05,2744,189.268584754
2024-05-27 17:26:06,2745,189.327948152
2024-05-27 17:26:07,2746,189.387847567
2024-05-27 17:26:08,2747,189.448835996
2024-05-27 17:26:09,2748,189.511466437
2024-05-27 17:26:10,2749,189.57629189
2024-05-27 17:26:11,2750,189.64386535
2024-05-27 17:26:12,2751,189.714739818
2024-05-27 17:26:13,2752,189.78946829
2024-05-27 17:26:14,2753,189.868603764
2024-05-27 17:26:15,2754,189.95269924
2024-05-27 17:26:16,2755,190.042307714
2024-05-27 17:26:17,2756,190.137982186
2024-05-27 17:26:18,2757,190.240275652
2024-05-27 17:26:19,2758,190.349741111
2024-05-27 17:26:20,2759,190.466931561
2024-05-27 17:26:21,2760,190.5924
2024-05-27 17:26:22,2761,190.746801506
2024-05-27 17:26:23,2762,190.947988588
2024-05-27 17:26:24,2763,191.192310392
2024-05-27 17:26:25,2764,191.476116062
2024-05-27 17:26:26,2765,191.795754744
2024-05-27 17:26:27,2766,192.147575583
2024-05-27 17:26:28,2767,192.527927723
2024-05-27 17:26:29,2768,192.93316031
2024-05-27 17:26:30,2769,193.359622489
2024-05-27 17:26:31,2770,193.803663406
2024-05-27 17:26:32,2771,194.261632205
2024-05-27 17:26:33,2772,194.729878031
2024-05-27 17:26:34,2773,195.204750029
2024-05-27 17:26:35,2774,195.682597345
2024-05-27 17:26:36,2775,196.159769124
2024-05-27 17:26:37,2776,196.63261451
2024-05-27 17:26:38,2777,197.09748265
2024-05-27 17:26:39,2778,197.550722687
2024-05-27 17:26:40,2779,197.988683768
2024-05-27 17:26:41,2780,198.407715036
2024-05-27 17:26:42,2781,198.804165638
2024-05-27 17:26:43,2782,199.174384719
2024-05-27 17:26:44,2783,199.514721423
2024-05-27 17:26:45,2784,199.821524896
2024-05-27 17:26:46,2785,200.091144282
2024-05-27 17:26:47,2786,200.319928728
2024-05-27 17:26:48,2787,200.504227377
2024-05-27 17:26:49,2788,200.640389375
2024-05-27 17:26:50,2789,200.724763868
2024-05-27 17:26:51,2790,200.7537
2024-05-27 17:26:52,2791,200.743483301
2024-05-27 17:26:53,2792,200.713592015
2024-05-27 17:26:54,2793,200.665164353
2024-05-27 17:26:55,2794,200.59933853
2024-05-27 17:26:56,2795,200.51725276
2024-05-27 17:26:57,2796,200.420045256
2024-05-27 17:26:58,2797,200.30885423
2024-05-27 17:26:59,2798,200.184817898
2024-05-27 17:27:00,2799,200.049074472
2024-05-27 17:27:01,2800,199.902762166
2024-05-27 17:27:02,2801,199.747019193
2024-05-27 17:27:03,2802,199.582983767
2024-05-27 17:27:04,2803,199.411794101
2024-05-27 17:27:05,2804,199.234588409
2024-05-27 17:27:06,2805,199.052504904
2024-05-27 17:27:07,2806,198.866681801
2024-05-27 17:27:08,2807,198.678257311
2024-05-27 17:27:09,2808,198.48836965
2024-05-27 17:27:10,2809,198.29815703
2024-05-27 17:27:11,2810,198.108757665
2024-05-27 17:27:12,2811,197.921309768
2024-05-27 17:27:13,2812,197.736951553
2024-05-27 17:27:14,2813,197.556821233
2024-05-27 17:27:15,2814,197.382057022
2024-05-27 17:27:16,2815,197.213797134
2024-05-27 17:27:17,2816,197.053179781
2024-05-27 17:27:18,2817,196.901343178
2024-05-27 17:27:19,2818,196.759425538
2024-05-27 17:27:20,2819,196.628565074
2024-05-27 17:27:21,2820,196.5099
2024-05-27 17:27:22,2821,196.400522151
2024-05-27 17:27:23,2822,196.296465386
2024-05-27 17:27:24,2823,196.197280951
2024-05-27 17:27:25,2824,196.102520094
2024-05-27 17:27:26,2825,196.011734063
2024-05-27 17:27:27,2826,195.924474104
2024-05-27 17:27:28,2827,195.840291465
2024-05-27 17:27:29,2828,195.758737393
2024-05-27 17:27:30,2829,195.679363136
2024-05-27 17:27:31,2830,195.601719941
2024-05-27 17:27:32,2831,195.525359056
2024-05-27 17:27:33,2832,195.449831727
2024-05-27 17:27:34,2833,195.374689203
2024-05-27 17:27:35,2834,195.29948273
2024-05-27 17:27:36,2835,195.223763556
2024-05-27 17:27:37,2836,195.147082928
2024-05-27 17:27:38,2837,195.068992093
2024-05-27 17:27:39,2838,194.989042299
2024-05-27 17:27:40,2839,194.906784794
2024-05-27 17:27:41,2840,194.821770824
2024-05-27 17:27:42,2841,194.733551637
2024-05-27 17:27:43,2842,194.641678481
2024-05-27 17:27:44,2843,194.545702602
2024-05-27 17:27:45,2844,194.445175248
2024-05-27 17:27:46,2845,194.339647666
2024-05-27 17:27:47,2846,194.228671104
2024-05-27 17:27:48,2847,194.111796809
2024-05-27 17:27:49,2848,193.988576028
2024-05-27 17:27:50,2849,193.85856001
2024-05-27 17:27:51,2850,193.7213
2024-05-27 17:27:52,2851,193.570418168
2024-05-27 17:27:53,2852,193.4004998
2024-05-27 17:27:54,2853,193.21254082
2024-05-27 17:27:55,2854,193.007537149
2024-05-27 17:27:56,2855,192.786484712
2024-05-27 17:27:57,2856,192.550379432
2024-05-27 17:27:58,2857,192.300217231
2024-05-27 17:27:59,2858,192.036994034
2024-05-27 17:28:00,2859,191.761705763
2024-05-27 17:28:01,2860,191.475348341
2024-05-27 17:28:02,2861,191.178917692
2024-05-27 17:28:03,2862,190.873409739
2024-05-27 17:28:04,2863,190.559820405
2024-05-27 17:28:05,2864,190.239145613
2024-05-27 17:28:06,2865,189.912381286
2024-05-27 17:28:07,2866,189.580523348
2024-05-27 17:28:08,2867,189.244567722
2024-05-27 17:28:09,2868,188.90551033
2024-05-27 17:28:10,2869,188.564347097
2024-05-27 17:28:11,2870,188.222073945
2024-05-27 17:28:12,2871,187.879686797
2024-05-27 17:28:13,2872,187.538181578
2024-05-27 17:28:14,2873,187.198554209
2024-05-27 17:28:15,2874,186.861800614
2024-05-27 17:28:16,2875,186.528916717
2024-05-27 17:28:17,2876,186.20089844
2024-05-27 17:28:18,2877,185.878741706
2024-05-27 17:28:19,2878,185.56344244
2024-05-27 17:28:20,2879,185.255996563
2024-05-27 17:28:21,2880,184.9574
2024-05-27 17:28:22,2881,184.654436706
2024-05-27 17:28:23,2882,184.334477129
2024-05-27 17:28:24,2883,183.999396931
2024-05-27 17:28:25,2884,183.65107177
2024-05-27 17:28:26,2885,183.291377308
2024-05-27 17:28:27,2886,182.922189206
2024-05-27 17:28:28,2887,182.545383123
2024-05-27 17:28:29,2888,182.162834721
2024-05-27 17:28:30,2889,181.77641966
2024-05-27 17:28:31,2890,181.388013601
2024-05-27 17:28:32,2891,180.999492204
2024-05-27 17:28:33,2892,180.612731129
2024-05-27 17:28:34,2893,180.229606038
2024-05-27 17:28:35,2894,179.851992591
2024-05-27 17:28:36,2895,179.481766448
2024-05-27 17:28:37,2896,179.120803269
2024-05-27 17:28:38,2897,178.770978717
2024-05-27 17:28:39,2898,178.43416845
2024-05-27 17:28:40,2899,178.11224813
2024-05-27 17:28:41,2900,177.807093417
2024-05-27 17:28:42,2901,177.520579972
2024-05-27 17:28:43,2902,177.254583455
2024-05-27 17:28:44,2903,177.010979526
2024-05-27 17:28:45,2904,176.791643847
2024-05-27 17:28:46,2905,176.598452078
2024-05-27 17:28:47,2906,176.433279879
2024-05-27 17:28:48,2907,176.298002912
2024-05-27 17:28:49,2908,176.194496836
2024-05-27 17:28:50,2909,176.124637311
2024-05-27 17:28:51,2910,176.0903
2024-05-27 17:28:52,2911,176.075048561
2024-05-27 17:28:53,2912,176.061135378
2024-05-27 17:28:54,2913,176.048469194
2024-05-27 17:28:55,2914,176.036958753
2024-05-27 17:28:56,2915,176.026512802
2024-05-27 17:28:57,2916,176.017040083
2024-05-27 17:28:58,2917,176.008449341
2024-05-27 17:28:59,2918,176.00064932
2024-05-27 17:29:00,2919,175.993548765
2024-05-27 17:29:01,2920,175.987056421
2024-05-27 17:29:02,2921,175.981081031
2024-05-27 17:29:03,2922,175.97553134
2024-05-27 17:29:04,2923,175.970316092
2024-05-27 17:29:05,2924,175.965344032
2024-05-27 17:29:06,2925,175.960523904
2024-05-27 17:29:07,2926,175.955764452
2024-05-27 17:29:08,2927,175.950974421
2024-05-27 17:29:09,2928,175.946062555
2024-05-27 17:29:10,2929,175.940937599
2024-05-27 17:29:11,2930,175.935508297
2024-05-27 17:29:12,2931,175.929683393
2024-05-27 17:29:13,2932,175.923371632
2024-05-27 17:29:14,2933,175.916481757
2024-05-27 17:29:15,2934,175.908922514
2024-05-27 17:29:16,2935,175.900602647
2024-05-27 17:29:17,2936,175.8914309
2024-05-27 17:29:18,2937,175.881316017
2024-05-27 17:29:19,2938,175.870166743
2024-05-27 17:29:20,2939,175.857891823
2024-05-27 17:29:21,2940,175.8444
2024-05-27 17:29:22,2941,175.826190408
2024-05-27 17:29:23,2942,175.800215238
2024-05-27 17:29:24,2943,175.767062817
2024-05-27 17:29:25,2944,175.727321475
2024-05-27 17:29:26,2945,175.681579539
2024-05-27 17:29:27,2946,175.63042534
2024-05-27 17:29:28,2947,175.574447206
2024-05-27 17:29:29,2948,175.514233465
2024-05-27 17:29:30,2949,175.450372445
2024-05-27 17:29:31,2950,175.383452477
2024-05-27 17:29:32,2951,175.314061888
2024-05-27 17:29:33,2952,175.242789008
2024-05-27 17:29:34,2953,175.170222164
2024-05-27 17:29:35,2954,175.096949686
2024-05-27 17:29:36,2955,175.023559903
2024-05-27 17:29:37,2956,174.950641142
2024-05-27 17:29:38,2957,174.878781733
2024-05-27 17:29:39,2958,174.808570005
2024-05-27 17:29:40,2959,174.740594286
2024-05-27 17:29:41,2960,174.675442905
2024-05-27 17:29:42,2961,174.613704191
2024-05-27 17:29:43,2962,174.555966472
2024-05-27 17:29:44,2963,174.502818077
2024-05-27 17:29:45,2964,174.454847335
2024-05-27 17:29:46,2965,174.412642575
2024-05-27 17:29:47,2966,174.376792124
2024-05-27 17:29:48,2967,174.347884313
2024-05-27 17:29:49,2968,174.326507469
2024-05-27 17:29:50,2969,174.313249922
2024-05-27 17:29:51,2970,174.3087
2024-05-27 17:29:52,2971,174.309592059
2024-05-27 17:29:53,2972,174.312187141
2024-05-27 17:29:54,2973,174.3163636
2024-05-27 17:29:55,2974,174.321999793
2024-05-27 17:29:56,2975,174.328974074
2024-05-27 17:29:57,2976,174.3371648
2024-05-27 17:29:58,2977,174.346450326
2024-05-27 17:29:59,2978,174.356709007
2024-05-27 17:30:00,2979,174.3678192
2024-05-27 17:30:01,2980,174.379659259
2024-05-27 17:30:02,2981,174.392107541
2024-05-27 17:30:03,2982,174.4050424
2024-05-27 17:30:04,2983,174.418342193
2024-05-27 17:30:05,2984,174.431885274
2024-05-27 17:30:06,2985,174.44555
2024-05-27 17:30:07,2986,174.459214726
2024-05-27 17:30:08,2987,174.472757807
2024-05-27 17:30:09,2988,174.4860576
2024-05-27 17:30:10,2989,174.498992459
2024-05-27 17:30:11,2990,174.511440741
2024-05-27 17:30:12,2991,174.5232808
2024-05-27 17:30:13,2992,174.534390993
2024-05-27 17:30:14,2993,174.544649674
2024-05-27 17:30:15,2994,174.5539352
2024-05-27 17:30:16,2995,174.562125926
2024-05-27 17:30:17,2996,174.569100207
2024-05-27 17:30:18,2997,174.5747364
2024-05-27 17:30:19,2998,174.578912859
2024-05-27 17:30:20,2999,174.581507941
2024-05-27 17:30:21,3000,174.5824
2024-05-27 17:30:22,3001,174.56851197
2024-05-27 17:30:23,3002,174.52811043
2024-05-27 17:30:24,3003,174.4630892
2024-05-27 17:30:25,3004,174.375342104
2024-05-27 17:30:26,3005,174.266762963
2024-05-27 17:30:27,3006,174.1392456
2024-05-27 17:30:28,3007,173.994683837
2024-05-27 17:30:29,3008,173.834971496
2024-05-27 17:30:30,3009,173.6620024
2024-05-27 17:30:31,3010,173.47767037
2024-05-27 17:30:32,3011,173.28386923
2024-05-27 17:30:33,3012,173.0824928
2024-05-27 17:30:34,3013,172.875434904
2024-05-27 17:30:35,3014,172.664589363
2024-05-27 17:30:36,3015,172.45185
2024-05-27 17:30:37,3016,172.239110637
2024-05-27 17:30:38,3017,172.028265096
2024-05-27 17:30:39,3018,171.8212072
2024-05-27 17:30:40,3019,171.61983077
2024-05-27 17:30:41,3020,171.42602963
2024-05-27 17:30:42,3021,171.2416976
2024-05-27 17:30:43,3022,171.068728504
2024-05-27 17:30:44,3023,170.909016163
2024-05-27 17:30:45,3024,170.7644544
2024-05-27 17:30:46,3025,170.636937037
2024-05-27 17:30:47,3026,170.528357896
2024-05-27 17:30:48,3027,170.4406108
2024-05-27 17:30:49,3028,170.37558957
2024-05-27 17:30:50,3029,170.33518803
2024-05-27 17:30:51,3030,170.3213
2024-05-27 17:30:52,3031,170.494740492
2024-05-27 17:30:53,3032,171.000848015
2024-05-27 17:30:54,3033,171.818301639
2024-05-27 17:30:55,3034,172.925780436
2024-05-27 17:30:56,3035,174.301963475
2024-05-27 17:30:57,3036,175.925529828
2024-05-27 17:30:58,3037,177.775158565
2024-05-27 17:30:59,3038,179.829528757
2024-05-27 17:31:00,3039,182.067319474
2024-05-27 17:31:01,3040,184.467209787
2024-05-27 17:31:02,3041,187.007878767
2024-05-27 17:31:03,3042,189.668005484
2024-05-27 17:31:04,3043,192.426269009
2024-05-27 17:31:05,3044,195.261348413
2024-05-27 17:31:06,3045,198.151922766
2024-05-27 17:31:07,3046,201.076671138
2024-05-27 17:31:08,3047,204.014272602
2024-05-27 17:31:09,3048,206.943406226
2024-05-27 17:31:10,3049,209.842751082
2024-05-27 17:31:11,3050,212.690986241
2024-05-27 17:31:12,3051,215.466790772
2024-05-27 17:31:13,3052,218.148843748
2024-05-27 17:31:14,3053,220.715824237
2024-05-27 17:31:15,3054,223.146411312
2024-05-27 17:31:16,3055,225.419284042
2024-05-27 17:31:17,3056,227.513121499
2024-05-27 17:31:18,3057,229.406602752
2024-05-27 17:31:19,3058,231.078406873
2024-05-27 17:31:20,3059,232.507212932
2024-05-27 17:31:21,3060,233.6717
2024-05-27 17:31:22,3061,234.677167149
2024-05-27 17:31:23,3062,235.644250713
2024-05-27 17:31:24,3063,236.574635653
2024-05-27 17:31:25,3064,237.470006932
2024-05-27 17:31:26,3065,238.332049511
2024-05-27 17:31:27,3066,239.162448352
2024-05-27 17:31:28,3067,239.962888417
2024-05-27 17:31:29,3068,240.735054668
2024-05-27 17:31:30,3069,241.480632066
2024-05-27 17:31:31,3070,242.201305574
2024-05-27 17:31:32,3071,242.898760153
2024-05-27 17:31:33,3072,243.574680766
2024-05-27 17:31:34,3073,244.230752373
2024-05-27 17:31:35,3074,244.868659938
2024-05-27 17:31:36,3075,245.490088422
2024-05-27 17:31:37,3076,246.096722786
2024-05-27 17:31:38,3077,246.690247992
2024-05-27 17:31:39,3078,247.272349004
2024-05-27 17:31:40,3079,247.844710781
2024-05-27 17:31:41,3080,248.409018287
2024-05-27 17:31:42,3081,248.966956482
2024-05-27 17:31:43,3082,249.52021033
2024-05-27 17:31:44,3083,250.070464791
2024-05-27 17:31:45,3084,250.619404828
2024-05-27 17:31:46,3085,251.168715402
2024-05-27 17:31:47,3086,251.720081475
2024-05-27 17:31:48,3087,252.27518801
2024-05-27 17:31:49,3088,252.835719968
2024-05-27 17:31:50,3089,253.403362311
2024-05-27 17:31:51,3090,253.9798
2024-05-27 17:31:52,3091,254.554238978
2024-05-27 17:31:53,3092,255.115390999
2024-05-27 17:31:54,3093,255.664199749
2024-05-27 17:31:55,3094,256.201608911
2024-05-27 17:31:56,3095,256.728562168
2024-05-27 17:31:57,3096,257.246003206
2024-05-27 17:31:58,3097,257.754875706
2024-05-27 17:31:59,3098,258.256123354
2024-05-27 17:32:00,3099,258.750689833
2024-05-27 17:32:01,3100,259.239518827
2024-05-27 17:32:02,3101,259.72355402
2024-05-27 17:32:03,3102,260.203739096
2024-05-27 17:32:04,3103,260.681017738
2024-05-27 17:32:05,3104,261.156333631
2024-05-27 17:32:06,3105,261.630630458
2024-05-27 17:32:07,3106,262.104851903
2024-05-27 17:32:08,3107,262.57994165
2024-05-27 17:32:09,3108,263.056843384
2024-05-27 17:32:10,3109,263.536500786
2024-05-27 17:32:11,3110,264.019857543
2024-05-27 17:32:12,3111,264.507857336
2024-05-27 17:32:13,3112,265.001443851
2024-05-27 17:32:14,3113,265.501560772
2024-05-27 17:32:15,3114,266.009151781
2024-05-27 17:32:16,3115,266.525160563
2024-05-27 17:32:17,3116,267.050530801
2024-05-27 17:32:18,3117,267.586206181
2024-05-27 17:32:19,3118,268.133130384
2024-05-27 17:32:20,3119,268.692247096
2024-05-27 17:32:21,3120,269.2645
2024-05-27 17:32:22,3121,269.867698326
2024-05-27 17:32:23,3122,270.516124793
2024-05-27 17:32:24,3123,271.20543332
2024-05-27 17:32:25,3124,271.931277824
2024-05-27 17:32:26,3125,272.689312226
2024-05-27 17:32:27,3126,273.475190442
2024-05-27 17:32:28,3127,274.284566392
2024-05-27 17:32:29,3128,275.113093993
2024-05-27 17:32:30,3129,275.956427165
2024-05-27 17:32:31,3130,276.810219825
2024-05-27 17:32:32,3131,277.670125893
2024-05-27 17:32:33,3132,278.531799285
2024-05-27 17:32:34,3133,279.390893922
2024-05-27 17:32:35,3134,280.243063721
2024-05-27 17:32:36,3135,281.0839626
2024-05-27 17:32:37,3136,281.909244479
2024-05-27 17:32:38,3137,282.714563275
2024-05-27 17:32:39,3138,283.495572907
2024-05-27 17:32:40,3139,284.247927294
2024-05-27 17:32:41,3140,284.967280353
2024-05-27 17:32:42,3141,285.649286004
2024-05-27 17:32:43,3142,286.289598164
2024-05-27 17:32:44,3143,286.883870752
2024-05-27 17:32:45,3144,287.427757686
2024-05-27 17:32:46,3145,287.916912886
2024-05-27 17:32:47,3146,288.346990268
2024-05-27 17:32:48,3147,288.713643753
2024-05-27 17:32:49,3148,289.012527257
2024-05-27 17:32:50,3149,289.2392947
2024-05-27 17:32:51,3150,289.3896
2024-05-27 17:32:52,3151,289.495275519
2024-05-27 17:32:53,3152,289.591502311
2024-05-27 17:32:54,3153,289.678957328
2024-05-27 17:32:55,3154,289.758317523
2024-05-27 17:32:56,3155,289.830259852
2024-05-27 17:32:57,3156,289.895461266
2024-05-27 17:32:58,3157,289.954598719
2024-05-27 17:32:59,3158,290.008349166
2024-05-27 17:33:00,3159,290.057389558
2024-05-27 17:33:01,3160,290.102396851
2024-05-27 17:33:02,3161,290.144047996
2024-05-27 17:33:03,3162,290.183019949
2024-05-27 17:33:04,3163,290.219989661
2024-05-27 17:33:05,3164,290.255634088
2024-05-27 17:33:06,3165,290.290630181
2024-05-27 17:33:07,3166,290.325654895
2024-05-27 17:33:08,3167,290.361385183
2024-05-27 17:33:09,3168,290.398497999
2024-05-27 17:33:10,3169,290.437670296
2024-05-27 17:33:11,3170,290.479579027
2024-05-27 17:33:12,3171,290.524901146
2024-05-27 17:33:13,3172,290.574313607
2024-05-27 17:33:14,3173,290.628493362
2024-05-27 17:33:15,3174,290.688117366
2024-05-27 17:33:16,3175,290.753862572
2024-05-27 17:33:17,3176,290.826405933
2024-05-27 17:33:18,3177,290.906424403
2024-05-27 17:33:19,3178,290.994594935
2024-05-27 17:33:20,3179,291.091594483
2024-05-27 17:33:21,3180,291.1981
2024-05-27 17:33:22,3181,291.37462674
2024-05-27 17:33:23,3182,291.675156776
2024-05-27 17:33:24,3183,292.090567292
2024-05-27 17:33:25,3184,292.61173547
2024-05-27 17:33:26,3185,293.229538494
2024-05-27 17:33:27,3186,293.934853547
2024-05-27 17:33:28,3187,294.718557813
2024-05-27 17:33:29,3188,295.571528474
2024-05-27 17:33:30,3189,296.484642714
2024-05-27 17:33:31,3190,297.448777717
2024-05-27 17:33:32,3191,298.454810664
2024-05-27 17:33:33,3192,299.49361874
2024-05-27 17:33:34,3193,300.556079129
2024-05-27 17:33:35,3194,301.633069012
2024-05-27 17:33:36,3195,302.715465573
2024-05-27 17:33:37,3196,303.794145996
2024-05-27 17:33:38,3197,304.859987464
2024-05-27 17:33:39,3198,305.90386716
2024-05-27 17:33:40,3199,306.916662268
2024-05-27 17:33:41,3200,307.889249969
2024-05-27 17:33:42,3201,308.812507449
2024-05-27 17:33:43,3202,309.67731189
2024-05-27 17:33:44,3203,310.474540474
2024-05-27 17:33:45,3204,311.195070387
2024-05-27 17:33:46,3205,311.82977881
2024-05-27 17:33:47,3206,312.369542927
2024-05-27 17:33:48,3207,312.805239921
2024-05-27 17:33:49,3208,313.127746976
2024-05-27 17:33:50,3209,313.327941275
2024-05-27 17:33:51,3210,313.3967
2024-05-27 17:33:52,3211,313.307622163
2024-05-27 17:33:53,3212,313.048486637
2024-05-27 17:33:54,3213,312.6314404
2024-05-27 17:33:55,3214,312.06863043
2024-05-27 17:33:56,3215,311.372203704
2024-05-27 17:33:57,3216,310.5543072
2024-05-27 17:33:58,3217,309.627087896
2024-05-27 17:33:59,3218,308.60269277
2024-05-27 17:34:00,3219,307.4932688
2024-05-27 17:34:01,3220,306.310962963
2024-05-27 17:34:02,3221,305.067922237
2024-05-27 17:34:03,3222,303.7762936
2024-05-27 17:34:04,3223,302.44822403
2024-05-27 17:34:05,3224,301.095860504
2024-05-27 17:34:06,3225,299.73135
2024-05-27 17:34:07,3226,298.366839496
2024-05-27 17:34:08,3227,297.01447597
2024-05-27 17:34:09,3228,295.6864064
2024-05-27 17:34:10,3229,294.394777763
2024-05-27 17:34:11,3230,293.151737037
2024-05-27 17:34:12,3231,291.9694312
2024-05-27 17:34:13,3232,290.86000723
2024-05-27 17:34:14,3233,289.835612104
2024-05-27 17:34:15,3234,288.9083928
2024-05-27 17:34:16,3235,288.090496296
2024-05-27 17:34:17,3236,287.39406957
2024-05-27 17:34:18,3237,286.8312596
2024-05-27 17:34:19,3238,286.414213363
2024-05-27 17:34:20,3239,286.155077837
2024-05-27 17:34:21,3240,286.066
2024-05-27 17:34:22,3241,286.088509748
2024-05-27 17:34:23,3242,286.153992652
2024-05-27 17:34:24,3243,286.2593792
2024-05-27 17:34:25,3244,286.401599881
2024-05-27 17:34:26,3245,286.577585185
2024-05-27 17:34:27,3246,286.7842656
2024-05-27 17:34:28,3247,287.018571615
2024-05-27 17:34:29,3248,287.277433719
2024-05-27 17:34:30,3249,287.5577824
2024-05-27 17:34:31,3250,287.856548148
2024-05-27 17:34:32,3251,288.170661452
2024-05-27 17:34:33,3252,288.4970528
2024-05-27 17:34:34,3253,288.832652681
2024-05-27 17:34:35,3254,289.174391585
2024-05-27 17:34:36,3255,289.5192
2024-05-27 17:34:37,3256,289.864008415
2024-05-27 17:34:38,3257,290.205747319
2024-05-27 17:34:39,3258,290.5413472
2024-05-27 17:34:40,3259,290.867738548
2024-05-27 17:34:41,3260,291.181851852
2024-05-27 17:34:42,3261,291.4806176
2024-05-27 17:34:43,3262,291.760966281
2024-05-27 17:34:44,3263,292.019828385
2024-05-27 17:34:45,3264,292.2541344
2024-05-27 17:34:46,3265,292.460814815
2024-05-27 17:34:47,3266,292.636800119
2024-05-27 17:34:48,3267,292.7790208
2024-05-27 17:34:49,3268,292.884407348
2024-05-27 17:34:50,3269,292.949890252
2024-05-27 17:34:51,3270,292.9724
2024-05-27 17:34:52,3271,292.893316356
2024-05-27 17:34:53,3272,292.663254844
2024-05-27 17:34:54,3273,292.2929996
2024-05-27 17:34:55,3274,291.793334756
2024-05-27 17:34:56,3275,291.175044444
2024-05-27 17:34:57,3276,290.4489128
2024-05-27 17:34:58,3277,289.625723956
2024-05-27 17:34:59,3278,288.716262044
2024-05-27 17:35:00,3279,287.7313112
2024-05-27 17:35:01,3280,286.681655556
2024-05-27 17:35:02,3281,285.578079244
2024-05-27 17:35:03,3282,284.4313664
2024-05-27 17:35:04,3283,283.252301156
2024-05-27 17:35:05,3284,282.051667644
2024-05-27 17:35:06,3285,280.84025
2024-05-27 17:35:07,3286,279.628832356
2024-05-27 17:35:08,3287,278.428198844
2024-05-27 17:35:09,3288,277.2491336
2024-05-27 17:35:10,3289,276.102420756
2024-05-27 17:35:11,3290,274.998844444
2024-05-27 17:35:12,3291,273.9491888
2024-05-27 17:35:13,3292,272.964237956
2024-05-27 17:35:14,3293,272.054776044
2024-05-27 17:35:15,3294,271.2315872
2024-05-27 17:35:16,3295,270.505455556
2024-05-27 17:35:17,3296,269.887165244
2024-05-27 17:35:18,3297,269.3875004
2024-05-27 17:35:19,3298,269.017245156
2024-05-27 17:35:20,3299,268.787183644
2024-05-27 17:35:21,3300,268.7081
2024-05-27 17:35:22,3301,268.751858163
2024-05-27 17:35:23,3302,268.879154637
2024-05-27 17:35:24,3303,269.0840224
2024-05-27 17:35:25,3304,269.36049443
2024-05-27 17:35:26,3305,269.702603704
2024-05-27 17:35:27,3306,270.1043832
2024-05-27 17:35:28,3307,270.559865896
2024-05-27 17:35:29,3308,271.06308477
2024-05-27 17:35:30,3309,271.6080728
2024-05-27 17:35:31,3310,272.188862963
2024-05-27 17:35:32,3311,272.799488237
2024-05-27 17:35:33,3312,273.4339816
2024-05-27 17:35:34,3313,274.08637603
2024-05-27 17:35:35,3314,274.750704504
2024-05-27 17:35:36,3315,275.421
2024-05-27 17:35:37,3316,276.091295496
2024-05-27 17:35:38,3317,276.75562397
2024-05-27 17:35:39,3318,277.4080184
2024-05-27 17:35:40,3319,278.042511763
2024-05-27 17:35:41,3320,278.653137037
2024-05-27 17:35:42,3321,279.2339272
2024-05-27 17:35:43,3322,279.77891523
2024-05-27 17:35:44,3323,280.282134104
2024-05-27 17:35:45,3324,280.7376168
2024-05-27 17:35:46,3325,281.139396296
2024-05-27 17:35:47,3326,281.48150557
2024-05-27 17:35:48,3327,281.7579776
2024-05-27 17:35:49,3328,281.962845363
2024-05-27 17:35:50,3329,282.090141837
2024-05-27 17:35:51,3330,282.1339
2024-05-27 17:35:52,3331,282.104886074
2024-05-27 17:35:53,3332,282.020481926
2024-05-27 17:35:54,3333,281.884644
2024-05-27 17:35:55,3334,281.701328741
2024-05-27 17:35:56,3335,281.474492593
2024-05-27 17:35:57,3336,281.208092
2024-05-27 17:35:58,3337,280.906083407
2024-05-27 17:35:59,3338,280.572423259
2024-05-27 17:36:00,3339,280.211068
2024-05-27 17:36:01,3340,279.825974074
2024-05-27 17:36:02,3341,279.421097926
2024-05-27 17:36:03,3342,279.000396
2024-05-27 17:36:04,3343,278.567824741
2024-05-27 17:36:05,3344,278.127340593
2024-05-27 17:36:06,3345,277.6829
2024-05-27 17:36:07,3346,277.238459407
2024-05-27 17:36:08,3347,276.797975259
2024-05-27 17:36:09,3348,276.365404
2024-05-27 17:36:10,3349,275.944702074
2024-05-27 17:36:11,3350,275.539825926
2024-05-27 17:36:12,3351,275.154732
2024-05-27 17:36:13,3352,274.793376741
2024-05-27 17:36:14,3353,274.459716593
2024-05-27 17:36:15,3354,274.157708
2024-05-27 17:36:16,3355,273.891307407
2024-05-27 17:36:17,3356,273.664471259
2024-05-27 17:36:18,3357,273.481156
2024-05-27 17:36:19,3358,273.345318074
2024-05-27 17:36:20,3359,273.260913926
2024-05-27 17:36:21,3360,273.2319
2024-05-27 17:36:22,3361,273.253367763
2024-05-27 17:36:23,3362,273.315819437
2024-05-27 17:36:24,3363,273.4163276
2024-05-27 17:36:25,3364,273.55196483
2024-05-27 17:36:26,3365,273.719803704
2024-05-27 17:36:27,3366,273.9169168
2024-05-27 17:36:28,3367,274.140376696
2024-05-27 17:36:29,3368,274.38725597
2024-05-27 17:36:30,3369,274.6546272
2024-05-27 17:36:31,3370,274.939562963
2024-05-27 17:36:32,3371,275.239135837
2024-05-27 17:36:33,3372,275.5504184
2024-05-27 17:36:34,3373,275.87048323
2024-05-27 17:36:35,3374,276.196402904
2024-05-27 17:36:36,3375,276.52525
2024-05-27 17:36:37,3376,276.854097096
2024-05-27 17:36:38,3377,277.18001677
2024-05-27 17:36:39,3378,277.5000816
2024-05-27 17:36:40,3379,277.811364163
2024-05-27 17:36:41,3380,278.110937037
2024-05-27 17:36:42,3381,278.3958728
2024-05-27 17:36:43,3382,278.66324403
2024-05-27 17:36:44,3383,278.910123304
2024-05-27 17:36:45,3384,279.1335832
2024-05-27 17:36:46,3385,279.330696296
2024-05-27 17:36:47,3386,279.49853517
2024-05-27 17:36:48,3387,279.6341724
2024-05-27 17:36:49,3388,279.734680563
2024-05-27 17:36:50,3389,279.797132237
2024-05-27 17:36:51,3390,279.8186
2024-05-27 17:36:52,3391,279.793806163
2024-05-27 17:36:53,3392,279.721678637
2024-05-27 17:36:54,3393,279.6055984
2024-05-27 17:36:55,3394,279.44894643
2024-05-27 17:36:56,3395,279.255103704
2024-05-27 17:36:57,3396,279.0274512
2024-05-27 17:36:58,3397,278.769369896
2024-05-27 17:36:59,3398,278.48424077
2024-05-27 17:37:00,3399,278.1754448
2024-05-27 17:37:01,3400,277.846362963
2024-05-27 17:37:02,3401,277.500376237
2024-05-27 17:37:03,3402,277.1408656
2024-05-27 17:37:04,3403,276.77121203
2024-05-27 17:37:05,3404,276.394796504
2024-05-27 17:37:06,3405,276.015
2024-05-27 17:37:07,3406,275.635203496
2024-05-27 17:37:08,3407,275.25878797
2024-05-27 17:37:09,3408,274.8891344
2024-05-27 17:37:10,3409,274.529623763
2024-05-27 17:37:11,3410,274.183637037
2024-05-27 17:37:12,3411,273.8545552
2024-05-27 17:37:13,3412,273.54575923
2024-05-27 17:37:14,3413,273.260630104
2024-05-27 17:37:15,3414,273.0025488
2024-05-27 17:37:16,3415,272.774896296
2024-05-27 17:37:17,3416,272.58105357
2024-05-27 17:37:18,3417,272.4244016
2024-05-27 17:37:19,3418,272.308321363
2024-05-27 17:37:20,3419,272.236193837
2024-05-27 17:37:21,3420,272.2114
2024-05-27 17:37:22,3421,272.257037452
2024-05-27 17:37:23,3422,272.389800948
2024-05-27 17:37:24,3423,272.6034672
2024-05-27 17:37:25,3424,272.891812919
2024-05-27 17:37:26,3425,273.248614815
2024-05-27 17:37:27,3426,273.6676496
2024-05-27 17:37:28,3427,274.142693985
2024-05-27 17:37:29,3428,274.667524681
2024-05-27 17:37:30,3429,275.2359184
2024-05-27 17:37:31,3430,275.841651852
2024-05-27 17:37:32,3431,276.478501748
2024-05-27 17:37:33,3432,277.1402448
2024-05-27 17:37:34,3433,277.820657719
2024-05-27 17:37:35,3434,278.513517215
2024-05-27 17:37:36,3435,279.2126
2024-05-27 17:37:37,3436,279.911682785
2024-05-27 17:37:38,3437,280.604542281
2024-05-27 17:37:39,3438,281.2849552
2024-05-27 17:37:40,3439,281.946698252
2024-05-27 17:37:41,3440,282.583548148
2024-05-27 17:37:42,3441,283.1892816
2024-05-27 17:37:43,3442,283.757675319
2024-05-27 17:37:44,3443,284.282506015
2024-05-27 17:37:45,3444,284.7575504
2024-05-27 17:37:46,3445,285.176585185
2024-05-27 17:37:47,3446,285.533387081
2024-05-27 17:37:48,3447,285.8217328
2024-05-27 17:37:49,3448,286.035399052
2024-05-27 17:37:50,3449,286.168162548
2024-05-27 17:37:51,3450,286.2138
2024-05-27 17:37:52,3451,286.181343644
2024-05-27 17:37:53,3452,286.086925156
2024-05-27 17:37:54,3453,285.9349704
2024-05-27 17:37:55,3454,285.729905244
2024-05-27 17:37:56,3455,285.476155556
2024-05-27 17:37:57,3456,285.1781472
2024-05-27 17:37:58,3457,284.840306044
2024-05-27 17:37:59,3458,284.467057956
2024-05-27 17:38:00,3459,284.0628288
2024-05-27 17:38:01,3460,283.632044444
2024-05-27 17:38:02,3461,283.179130756
2024-05-27 17:38:03,3462,282.7085136
2024-05-27 17:38:04,3463,282.224618844
2024-05-27 17:38:05,3464,281.731872356
2024-05-27 17:38:06,3465,281.2347
2024-05-27 17:38:07,3466,280.737527644
2024-05-27 17:38:08,3467,280.244781156
2024-05-27 17:38:09,3468,279.7608864
2024-05-27 17:38:10,3469,279.290269244
2024-05-27 17:38:11,3470,278.837355556
2024-05-27 17:38:12,3471,278.4065712
2024-05-27 17:38:13,3472,278.002342044
2024-05-27 17:38:14,3473,277.629093956
2024-05-27 17:38:15,3474,277.2912528
2024-05-27 17:38:16,3475,276.993244444
2024-05-27 17:38:17,3476,276.739494756
2024-05-27 17:38:18,3477,276.5344296
2024-05-27 17:38:19,3478,276.382474844
2024-05-27 17:38:20,3479,276.288056356
2024-05-27 17:38:21,3480,276.2556
2024-05-27 17:38:22,3481,276.476384504
2024-05-27 17:38:23,3482,277.118666696
2024-05-27 17:38:24,3483,278.1523396
2024-05-27 17:38:25,3484,279.547296237
2024-05-27 17:38:26,3485,281.27342963
2024-05-27 17:38:27,3486,283.3006328
2024-05-27 17:38:28,3487,285.59879877
2024-05-27 17:38:29,3488,288.137820563
2024-05-27 17:38:30,3489,290.8875912
2024-05-27 17:38:31,3490,293.818003704
2024-05-27 17:38:32,3491,296.898951096
2024-05-27 17:38:33,3492,300.1003264
2024-05-27 17:38:34,3493,303.392022637
2024-05-27 17:38:35,3494,306.74393283
2024-05-27 17:38:36,3495,310.12595
2024-05-27 17:38:37,3496,313.50796717
2024-05-27 17:38:38,3497,316.859877363
2024-05-27 17:38:39,3498,320.1515736
2024-05-27 17:38:40,3499,323.352948904
2024-05-27 17:38:41,3500,326.433896296
2024-05-27 17:38:42,3501,329.3643088
2024-05-27 17:38:43,3502,332.114079437
2024-05-27 17:38:44,3503,334.65310123
2024-05-27 17:38:45,3504,336.9512672
2024-05-27 17:38:46,3505,338.97847037
2024-05-27 17:38:47,3506,340.704603763
2024-05-27 17:38:48,3507,342.0995604
2024-05-27 17:38:49,3508,343.133233304
2024-05-27 17:38:50,3509,343.775515496
2024-05-27 17:38:51,3510,343.9963
2024-05-27 17:38:52,3511,343.95504723
2024-05-27 17:38:53,3512,343.83503917
2024-05-27 17:38:54,3513,343.6419012
2024-05-27 17:38:55,3514,343.381258696
2024-05-27 17:38:56,3515,343.058737037
2024-05-27 17:38:57,3516,342.6799616
2024-05-27 17:38:58,3517,342.250557763
2024-05-27 17:38:59,3518,341.776150904
2024-05-27 17:39:00,3519,341.2623664
2024-05-27 17:39:01,3520,340.71482963
2024-05-27 17:39:02,3521,340.13916597
2024-05-27 17:39:03,3522,339.5410008
2024-05-27 17:39:04,3523,338.925959496
2024-05-27 17:39:05,3524,338.299667437
2024-05-27 17:39:06,3525,337.66775
2024-05-27 17:39:07,3526,337.035832563
2024-05-27 17:39:08,3527,336.409540504
2024-05-27 17:39:09,3528,335.7944992
2024-05-27 17:39:10,3529,335.19633403
2024-05-27 17:39:11,3530,334.62067037
2024-05-27 17:39:12,3531,334.0731336
2024-05-27 17:39:13,3532,333.559349096
2024-05-27 17:39:14,3533,333.084942237
2024-05-27 17:39:15,3534,332.6555384
2024-05-27 17:39:16,3535,332.276762963
2024-05-27 17:39:17,3536,331.954241304
2024-05-27 17:39:18,3537,331.6935988
2024-05-27 17:39:19,3538,331.50046083
2024-05-27 17:39:20,3539,331.38045277
2024-05-27 17:39:21,3540,331.3392
2024-05-27 17:39:22,3541,331.521797063
2024-05-27 17:39:23,3542,332.0598636
2024-05-27 17:39:24,3543,332.938812631
2024-05-27 17:39:25,3544,334.14405718
2024-05-27 17:39:26,3545,335.661010266
2024-05-27 17:39:27,3546,337.475084912
2024-05-27 17:39:28,3547,339.571694138
2024-05-27 17:39:29,3548,341.936250967
2024-05-27 17:39:30,3549,344.55416842
2024-05-27 17:39:31,3550,347.410859517
2024-05-27 17:39:32,3551,350.491737282
2024-05-27 17:39:33,3552,353.782214735
2024-05-27 17:39:34,3553,357.267704897
2024-05-27 17:39:35,3554,360.93362079
2024-05-27 17:39:36,3555,364.765375436
2024-05-27 17:39:37,3556,368.748381855
2024-05-27 17:39:38,3557,372.86805307
2024-05-27 17:39:39,3558,377.109802102
2024-05-27 17:39:40,3559,381.459041972
2024-05-27 17:39:41,3560,385.901185702
2024-05-27 17:39:42,3561,390.421646312
2024-05-27 17:39:43,3562,395.005836826
2024-05-27 17:39:44,3563,399.639170263
2024-05-27 17:39:45,3564,404.307059646
2024-05-27 17:39:46,3565,408.994917996
2024-05-27 17:39:47,3566,413.688158334
2024-05-27 17:39:48,3567,418.372193682
2024-05-27 17:39:49,3568,423.032437062
2024-05-27 17:39:50,3569,427.654301494
2024-05-27 17:39:51,3570,432.2232
2024-05-27 17:39:52,3571,437.145168847
2024-05-27 17:39:53,3572,442.794146998
2024-05-27 17:39:54,3573,449.107401518
2024-05-27 17:39:55,3574,456.022199473
2024-05-27 17:39:56,3575,463.47580793
2024-05-27 17:39:57,3576,471.405493954
2024-05-27 17:39:58,3577,479.748524611
2024-05-27 17:39:59,3578,488.442166967
2024-05-27 17:40:00,3579,497.423688088
2024-05-27 17:40:01,3580,506.630355039
2024-05-27 17:40:02,3581,515.999434887
2024-05-27 17:40:03,3582,525.468194698
2024-05-27 17:40:04,3583,534.973901537
2024-05-27 17:40:05,3584,544.453822471
2024-05-27 17:40:06,3585,553.845224564
2024-05-27 17:40:07,3586,563.085374884
2024-05-27 17:40:08,3587,572.111540496
2024-05-27 17:40:09,3588,580.860988465
2024-05-27 17:40:10,3589,589.270985859
2024-05-27 17:40:11,3590,597.278799742
2024-05-27 17:40:12,3591,604.82169718
2024-05-27 17:40:13,3592,611.83694524
2024-05-27 17:40:14,3593,618.261810988
2024-05-27 17:40:15,3594,624.033561488
2024-05-27 17:40:16,3595,629.089463808
2024-05-27 17:40:17,3596,633.366785013
2024-05-27 17:40:18,3597,636.802792169
2024-05-27 17:40:19,3598,639.334752341
2024-05-27 17:40:20,3599,640.899932596
2024-05-27 17:40:21,3600,641.4356
2024-05-27 17:40:22,3601,641.416870341
2024-05-27 17:40:23,3602,641.362384059
2024-05-27 17:40:24,3603,641.2746952
2024-05-27 17:40:25,3604,641.156357807
2024-05-27 17:40:26,3605,641.009925926
2024-05-27 17:40:27,3606,640.8379536
2024-05-27 17:40:28,3607,640.642994874
2024-05-27 17:40:29,3608,640.427603793
2024-05-27 17:40:30,3609,640.1943344
2024-05-27 17:40:31,3610,639.945740741
2024-05-27 17:40:32,3611,639.684376859
2024-05-27 17:40:33,3612,639.4127968
2024-05-27 17:40:34,3613,639.133554607
2024-05-27 17:40:35,3614,638.849204326
2024-05-27 17:40:36,3615,638.5623
2024-05-27 17:40:37,3616,638.275395674
2024-05-27 17:40:38,3617,637.991045393
2024-05-27 17:40:39,3618,637.7118032
2024-05-27 17:40:40,3619,637.440223141
2024-05-27 17:40:41,3620,637.178859259
2024-05-27 17:40:42,3621,636.9302656
2024-05-27 17:40:43,3622,636.696996207
2024-05-27 17:40:44,3623,636.481605126
2024-05-27 17:40:45,3624,636.2866464
2024-05-27 17:40:46,3625,636.114674074
2024-05-27 17:40:47,3626,635.968242193
2024-05-27 17:40:48,3627,635.8499048
2024-05-27 17:40:49,3628,635.762215941
2024-05-27 17:40:50,3629,635.707729659
2024-05-27 17:40:51,3630,635.689
2024-05-27 17:40:52,3631,635.730149619
2024-05-27 17:40:53,3632,635.849980927
2024-05-27 17:40:54,3633,636.043067601
2024-05-27 17:40:55,3634,636.303983317
2024-05-27 17:40:56,3635,636.627301752
2024-05-27 17:40:57,3636,637.007596583
2024-05-27 17:40:58,3637,637.439441486
2024-05-27 17:40:59,3638,637.917410137
2024-05-27 17:41:00,3639,638.436076214
2024-05-27 17:41:01,3640,638.990013393
2024-05-27 17:41:02,3641,639.573795351
2024-05-27 17:41:03,3642,640.181995764
2024-05-27 17:41:04,3643,640.809188309
2024-05-27 17:41:05,3644,641.449946662
2024-05-27 17:41:06,3645,642.0988445
2024-05-27 17:41:07,3646,642.7504555
2024-05-27 17:41:08,3647,643.399353338
2024-05-27 17:41:09,3648,644.040111691
2024-05-27 17:41:10,3649,644.667304236
2024-05-27 17:41:11,3650,645.275504649
2024-05-27 17:41:12,3651,645.859286607
2024-05-27 17:41:13,3652,646.413223786
2024-05-27 17:41:14,3653,646.931889863
2024-05-27 17:41:15,3654,647.409858514
2024-05-27 17:41:16,3655,647.841703417
2024-05-27 17:41:17,3656,648.221998248
2024-05-27 17:41:18,3657,648.545316683
2024-05-27 17:41:19,3658,648.806232399
2024-05-27 17:41:20,3659,648.999319073
2024-05-27 17:41:21,3660,649.119150381
2024-05-27 17:41:22,3661,649.1603
2024-05-27 17:41:23,3662,649.154520902
2024-05-27 17:41:24,3663,649.137239649
2024-05-27 17:41:25,3664,649.108540305
2024-05-27 17:41:26,3665,649.068506935
2024-05-27 17:41:27,3666,649.017223601
2024-05-27 17:41:28,3667,648.954774367
2024-05-27 17:41:29,3668,648.881243297
2024-05-27 17:41:30,3669,648.796714455
2024-05-27 17:41:31,3670,648.701271904
2024-05-27 17:41:32,3671,648.594999707
2024-05-27 17:41:33,3672,648.477981929
2024-05-27 17:41:34,3673,648.350302633
2024-05-27 17:41:35,3674,648.212045882
2024-05-27 17:41:36,3675,648.06329574
2024-05-27 17:41:37,3676,647.904136272
2024-05-27 17:41:38,3677,647.73465154
2024-05-27 17:41:39,3678,647.554925608
2024-05-27 17:41:40,3679,647.36504254
2024-05-27 17:41:41,3680,647.165086399
2024-05-27 17:41:42,3681,646.95514125
2024-05-27 17:41:43,3682,646.735291155
2024-05-27 17:41:44,3683,646.505620178
2024-05-27 17:41:45,3684,646.266212384
2024-05-27 17:41:46,3685,646.017151835
2024-05-27 17:41:47,3686,645.758522595
2024-05-27 17:41:48,3687,645.490408728
2024-05-27 17:41:49,3688,645.212894297
2024-05-27 17:41:50,3689,644.926063367
2024-05-27 17:41:51,3690,644.63
2024-05-27 17:41:52,3691,644.060206808
2024-05-27 17:41:53,3692,642.969343188
2024-05-27 17:41:54,3693,641.383228386
2024-05-27 17:41:55,3694,639.327681644
2024-05-27 17:41:56,3695,636.828522208
2024-05-27 17:41:57,3696,633.911569322
2024-05-27 17:41:58,3697,630.602642229
2024-05-27 17:41:59,3698,626.927560175
2024-05-27 17:42:00,3699,622.912142403
2024-05-27 17:42:01,3700,618.582208158
2024-05-27 17:42:02,3701,613.963576683
2024-05-27 17:42:03,3702,609.082067224
2024-05-27 17:42:04,3703,603.963499024
2024-05-27 17:42:05,3704,598.633691328
2024-05-27 17:42:06,3705,593.11846338
2024-05-27 17:42:07,3706,587.443634424
2024-05-27 17:42:08,3707,581.635023704
2024-05-27 17:42:09,3708,575.718450465
2024-05-27 17:42:10,3709,569.719733951
2024-05-27 17:42:11,3710,563.664693406
2024-05-27 17:42:12,3711,557.579148075
2024-05-27 17:42:13,3712,551.488917201
2024-05-27 17:42:14,3713,545.41982003
2024-05-27 17:42:15,3714,539.397675804
2024-05-27 17:42:16,3715,533.448303769
2024-05-27 17:42:17,3716,527.597523169
2024-05-27 17:42:18,3717,521.871153248
2024-05-27 17:42:19,3718,516.29501325
2024-05-27 17:42:20,3719,510.894922419
2024-05-27 17:42:21,3720,505.6967
2024-05-27 17:42:22,3721,500.479806702
2024-05-27 17:42:23,3722,495.02160967
2024-05-27 17:42:24,3723,489.3447878
2024-05-27 17:42:25,3724,483.472019991
2024-05-27 17:42:26,3725,477.42598514
2024-05-27 17:42:27,3726,471.229362144
2024-05-27 17:42:28,3727,464.9048299
2024-05-27 17:42:29,3728,458.475067306
2024-05-27 17:42:30,3729,451.96275326
2024-05-27 17:42:31,3730,445.390566658
2024-05-27 17:42:32,3731,438.781186399
2024-05-27 17:42:33,3732,432.157291379
2024-05-27 17:42:34,3733,425.541560495
2024-05-27 17:42:35,3734,418.956672646
2024-05-27 17:42:36,3735,412.425306729
2024-05-27 17:42:37,3736,405.970141641
2024-05-27 17:42:38,3737,399.613856279
2024-05-27 17:42:39,3738,393.379129542
2024-05-27 17:42:40,3739,387.288640325
2024-05-27 17:42:41,3740,381.365067527
2024-05-27 17:42:42,3741,375.631090045
2024-05-27 17:42:43,3742,370.109386777
2024-05-27 17:42:44,3743,364.822636619
2024-05-27 17:42:45,3744,359.79351847
2024-05-27 17:42:46,3745,355.044711226
2024-05-27 17:42:47,3746,350.598893785
2024-05-27 17:42:48,3747,346.478745045
2024-05-27 17:42:49,3748,342.706943902
2024-05-27 17:42:50,3749,339.306169255
2024-05-27 17:42:51,3750,336.2991
2024-05-27 17:42:52,3751,333.497925132
2024-05-27 17:42:53,3752,330.703826096
2024-05-27 17:42:54,3753,327.92297047
2024-05-27 17:42:55,3754,325.161525828
2024-05-27 17:42:56,3755,322.425659748
2024-05-27 17:42:57,3756,319.721539804
2024-05-27 17:42:58,3757,317.055333574
2024-05-27 17:42:59,3758,314.433208632
2024-05-27 17:43:00,3759,311.861332556
2024-05-27 17:43:01,3760,309.345872921
2024-05-27 17:43:02,3761,306.892997304
2024-05-27 17:43:03,3762,304.508873279
2024-05-27 17:43:04,3763,302.199668425
2024-05-27 17:43:05,3764,299.971550315
2024-05-27 17:43:06,3765,297.830686527
2024-05-27 17:43:07,3766,295.783244637
2024-05-27 17:43:08,3767,293.83539222
2024-05-27 17:43:09,3768,291.993296853
2024-05-27 17:43:10,3769,290.263126112
2024-05-27 17:43:11,3770,288.651047572
2024-05-27 17:43:12,3771,287.16322881
2024-05-27 17:43:13,3772,285.805837402
2024-05-27 17:43:14,3773,284.585040923
2024-05-27 17:43:15,3774,283.507006951
2024-05-27 17:43:16,3775,282.577903061
2024-05-27 17:43:17,3776,281.803896828
2024-05-27 17:43:18,3777,281.19115583
2024-05-27 17:43:19,3778,280.745847642
2024-05-27 17:43:20,3779,280.47413984
2024-05-27 17:43:21,3780,280.3822
2024-05-27 17:43:22,3781,280.391480589
2024-05-27 17:43:23,3782,280.41888652
2024-05-27 17:43:24,3783,280.463764039
2024-05-27 17:43:25,3784,280.525459392
2024-05-27 17:43:26,3785,280.603318825
2024-05-27 17:43:27,3786,280.696688583
2024-05-27 17:43:28,3787,280.804914913
2024-05-27 17:43:29,3788,280.927344061
2024-05-27 17:43:30,3789,281.063322273
2024-05-27 17:43:31,3790,281.212195794
2024-05-27 17:43:32,3791,281.373310871
2024-05-27 17:43:33,3792,281.546013749
2024-05-27 17:43:34,3793,281.729650675
2024-05-27 17:43:35,3794,281.923567894
2024-05-27 17:43:36,3795,282.127111653
2024-05-27 17:43:37,3796,282.339628197
2024-05-27 17:43:38,3797,282.560463772
2024-05-27 17:43:39,3798,282.788964624
2024-05-27 17:43:40,3799,283.024477
2024-05-27 17:43:41,3800,283.266347144
2024-05-27 17:43:42,3801,283.513921304
2024-05-27 17:43:43,3802,283.766545724
2024-05-27 17:43:44,3803,284.023566652
2024-05-27 17:43:45,3804,284.284330333
2024-05-27 17:43:46,3805,284.548183012
2024-05-27 17:43:47,3806,284.814470936
2024-05-27 17:43:48,3807,285.082540351
2024-05-27 17:43:49,3808,285.351737503
2024-05-27 17:43:50,3809,285.621408637
2024-05-27 17:43:51,3810,285.8909
2024-05-27 17:43:52,3811,286.183190758
2024-05-27 17:43:53,3812,286.519588546
2024-05-27 17:43:54,3813,286.896932307
2024-05-27 17:43:55,3814,287.312060989
2024-05-27 17:43:56,3815,287.761813537
2024-05-27 17:43:57,3816,288.243028897
2024-05-27 17:43:58,3817,288.752546015
2024-05-27 17:43:59,3818,289.287203835
2024-05-27 17:44:00,3819,289.843841305
2024-05-27 17:44:01,3820,290.419297369
2024-05-27 17:44:02,3821,291.010410974
2024-05-27 17:44:03,3822,291.614021066
2024-05-27 17:44:04,3823,292.226966589
2024-05-27 17:44:05,3824,292.846086489
2024-05-27 17:44:06,3825,293.468219714
2024-05-27 17:44:07,3826,294.090205207
2024-05-27 17:44:08,3827,294.708881916
2024-05-27 17:44:09,3828,295.321088785
2024-05-27 17:44:10,3829,295.923664761
2024-05-27 17:44:11,3830,296.513448788
2024-05-27 17:44:12,3831,297.087279814
2024-05-27 17:44:13,3832,297.641996784
2024-05-27 17:44:14,3833,298.174438642
2024-05-27 17:44:15,3834,298.681444336
2024-05-27 17:44:16,3835,299.159852811
2024-05-27 17:44:17,3836,299.606503013
2024-05-27 17:44:18,3837,300.018233887
2024-05-27 17:44:19,3838,300.391884379
2024-05-27 17:44:20,3839,300.724293435
2024-05-27 17:44:21,3840,301.0123
2024-05-27 17:44:22,3841,301.266129938
2024-05-27 17:44:23,3842,301.499231066
2024-05-27 17:44:24,3843,301.713275265
2024-05-27 17:44:25,3844,301.909934416
2024-05-27 17:44:26,3845,302.090880399
2024-05-27 17:44:27,3846,302.257785093
2024-05-27 17:44:28,3847,302.41232038
2024-05-27 17:44:29,3848,302.556158138
2024-05-27 17:44:30,3849,302.69097025
2024-05-27 17:44:31,3850,302.818428594
2024-05-27 17:44:32,3851,302.940205052
2024-05-27 17:44:33,3852,303.057971503
2024-05-27 17:44:34,3853,303.173399828
2024-05-27 17:44:35,3854,303.288161907
2024-05-27 17:44:36,3855,303.40392962
2024-05-27 17:44:37,3856,303.522374847
2024-05-27 17:44:38,3857,303.64516947
2024-05-27 17:44:39,3858,303.773985367
2024-05-27 17:44:40,3859,303.910494419
2024-05-27 17:44:41,3860,304.056368507
2024-05-27 17:44:42,3861,304.213279511
2024-05-27 17:44:43,3862,304.382899311
2024-05-27 17:44:44,3863,304.566899787
2024-05-27 17:44:45,3864,304.76695282
2024-05-27 17:44:46,3865,304.98473029
2024-05-27 17:44:47,3866,305.221904077
2024-05-27 17:44:48,3867,305.480146061
2024-05-27 17:44:49,3868,305.761128123
2024-05-27 17:44:50,3869,306.066522142
2024-05-27 17:44:51,3870,306.398
2024-05-27 17:44:52,3871,307.154059381
2024-05-27 17:44:53,3872,308.694198511
2024-05-27 17:44:54,3873,310.961590081
2024-05-27 17:44:55,3874,313.899406783
2024-05-27 17:44:56,3875,317.450821309
2024-05-27 17:44:57,3876,321.55900635
2024-05-27 17:44:58,3877,326.167134598
2024-05-27 17:44:59,3878,331.218378744
2024-05-27 17:45:00,3879,336.65591148
2024-05-27 17:45:01,3880,342.422905498
2024-05-27 17:45:02,3881,348.462533488
2024-05-27 17:45:03,3882,354.717968144
2024-05-27 17:45:04,3883,361.132382155
2024-05-27 17:45:05,3884,367.648948215
2024-05-27 17:45:06,3885,374.210839014
2024-05-27 17:45:07,3886,380.761227243
2024-05-27 17:45:08,3887,387.243285596
2024-05-27 17:45:09,3888,393.600186762
2024-05-27 17:45:10,3889,399.775103435
2024-05-27 17:45:11,3890,405.711208304
2024-05-27 17:45:12,3891,411.351674063
2024-05-27 17:45:13,3892,416.639673402
2024-05-27 17:45:14,3893,421.518379013
2024-05-27 17:45:15,3894,425.930963587
2024-05-27 17:45:16,3895,429.820599817
2024-05-27 17:45:17,3896,433.130460394
2024-05-27 17:45:18,3897,435.803718009
2024-05-27 17:45:19,3898,437.783545354
2024-05-27 17:45:20,3899,439.01311512
2024-05-27 17:45:21,3900,439.4356
2024-05-27 17:45:22,3901,439.367259986
2024-05-27 17:45:23,3902,439.167672328
2024-05-27 17:45:24,3903,438.844985604
2024-05-27 17:45:25,3904,438.407348392
2024-05-27 17:45:26,3905,437.86290927
2024-05-27 17:45:27,3906,437.219816814
2024-05-27 17:45:28,3907,436.486219604
2024-05-27 17:45:29,3908,435.670266216
2024-05-27 17:45:30,3909,434.780105228
2024-05-27 17:45:31,3910,433.823885218
2024-05-27 17:45:32,3911,432.809754764
2024-05-27 17:45:33,3912,431.745862443
2024-05-27 17:45:34,3913,430.640356832
2024-05-27 17:45:35,3914,429.501386511
2024-05-27 17:45:36,3915,428.337100055
2024-05-27 17:45:37,3916,427.155646044
2024-05-27 17:45:38,3917,425.965173054
2024-05-27 17:45:39,3918,424.773829664
2024-05-27 17:45:40,3919,423.58976445
2024-05-27 17:45:41,3920,422.421125992
2024-05-27 17:45:42,3921,421.276062865
2024-05-27 17:45:43,3922,420.162723649
2024-05-27 17:45:44,3923,419.08925692
2024-05-27 17:45:45,3924,418.063811257
2024-05-27 17:45:46,3925,417.094535236
2024-05-27 17:45:47,3926,416.189577437
2024-05-27 17:45:48,3927,415.357086436
2024-05-27 17:45:49,3928,414.605210811
2024-05-27 17:45:50,3929,413.94209914
2024-05-27 17:45:51,3930,413.3759
2024-05-27 17:45:52,3931,412.870049272
2024-05-27 17:45:53,3932,412.381969891
2024-05-27 17:45:54,3933,411.910791015
2024-05-27 17:45:55,3934,411.455641803
2024-05-27 17:45:56,3935,411.015651416
2024-05-27 17:45:57,3936,410.589949012
2024-05-27 17:45:58,3937,410.177663749
2024-05-27 17:45:59,3938,409.777924788
2024-05-27 17:46:00,3939,409.389861288
2024-05-27 17:46:01,3940,409.012602407
2024-05-27 17:46:02,3941,408.645277305
2024-05-27 17:46:03,3942,408.287015141
2024-05-27 17:46:04,3943,407.936945074
2024-05-27 17:46:05,3944,407.594196263
2024-05-27 17:46:06,3945,407.257897867
2024-05-27 17:46:07,3946,406.927179046
2024-05-27 17:46:08,3947,406.601168959
2024-05-27 17:46:09,3948,406.278996764
2024-05-27 17:46:10,3949,405.959791622
2024-05-27 17:46:11,3950,405.64268269
2024-05-27 17:46:12,3951,405.326799129
2024-05-27 17:46:13,3952,405.011270097
2024-05-27 17:46:14,3953,404.695224754
2024-05-27 17:46:15,3954,404.377792259
2024-05-27 17:46:16,3955,404.05810177
2024-05-27 17:46:17,3956,403.735282447
2024-05-27 17:46:18,3957,403.40846345
2024-05-27 17:46:19,3958,403.076773937
2024-05-27 17:46:20,3959,402.739343067
2024-05-27 17:46:21,3960,402.3953
2024-05-27 17:46:22,3961,402.042312274
2024-05-27 17:46:23,3962,401.679442108
2024-05-27 17:46:24,3963,401.307910682
2024-05-27 17:46:25,3964,400.928939178
2024-05-27 17:46:26,3965,400.543748775
2024-05-27 17:46:27,3966,400.153560655
2024-05-27 17:46:28,3967,399.759595997
2024-05-27 17:46:29,3968,399.363075984
2024-05-27 17:46:30,3969,398.965221794
2024-05-27 17:46:31,3970,398.567254609
2024-05-27 17:46:32,3971,398.170395609
2024-05-27 17:46:33,3972,397.775865976
2024-05-27 17:46:34,3973,397.384886888
2024-05-27 17:46:35,3974,396.998679528
2024-05-27 17:46:36,3975,396.618465075
2024-05-27 17:46:37,3976,396.245464711
2024-05-27 17:46:38,3977,395.880899615
2024-05-27 17:46:39,3978,395.525990969
2024-05-27 17:46:40,3979,395.181959953
2024-05-27 17:46:41,3980,394.850027747
2024-05-27 17:46:42,3981,394.531415533
2024-05-27 17:46:43,3982,394.22734449
2024-05-27 17:46:44,3983,393.939035799
2024-05-27 17:46:45,3984,393.667710642
2024-05-27 17:46:46,3985,393.414590198
2024-05-27 17:46:47,3986,393.180895648
2024-05-27 17:46:48,3987,392.967848172
2024-05-27 17:46:49,3988,392.776668952
2024-05-27 17:46:50,3989,392.608579168
2024-05-27 17:46:51,3990,392.4648
2024-05-27 17:46:52,3991,392.334184361
2024-05-27 17:46:53,3992,392.204915206
2024-05-27 17:46:54,3993,392.077208777
2024-05-27 17:46:55,3994,391.951281319
2024-05-27 17:46:56,3995,391.827349076
2024-05-27 17:46:57,3996,391.70562829
2024-05-27 17:46:58,3997,391.586335205
2024-05-27 17:46:59,3998,391.469686066
2024-05-27 17:47:00,3999,391.355897114
2024-05-27 17:47:01,4000,391.245184595
2024-05-27 17:47:02,4001,391.137764751
2024-05-27 17:47:03,4002,391.033853826
2024-05-27 17:47:04,4003,390.933668064
2024-05-27 17:47:05,4004,390.837423708
2024-05-27 17:47:06,4005,390.745337002
2024-05-27 17:47:07,4006,390.657624189
2024-05-27 17:47:08,4007,390.574501513
2024-05-27 17:47:09,4008,390.496185217
2024-05-27 17:47:10,4009,390.422891546
2024-05-27 17:47:11,4010,390.354836742
2024-05-27 17:47:12,4011,390.292237049
2024-05-27 17:47:13,4012,390.235308711
2024-05-27 17:47:14,4013,390.184267971
2024-05-27 17:47:15,4014,390.139331072
2024-05-27 17:47:16,4015,390.10071426
2024-05-27 17:47:17,4016,390.068633776
2024-05-27 17:47:18,4017,390.043305864
2024-05-27 17:47:19,4018,390.024946769
2024-05-27 17:47:20,4019,390.013772733
2024-05-27 17:47:21,4020,390.01
2024-05-27 17:47:22,4021,390.052184267
2024-05-27 17:47:23,4022,390.174902133
2024-05-27 17:47:24,4023,390.3724012
2024-05-27 17:47:25,4024,390.638929067
2024-05-27 17:47:26,4025,390.968733333
2024-05-27 17:47:27,4026,391.3560616
2024-05-27 17:47:28,4027,391.795161467
2024-05-27 17:47:29,4028,392.280280533
2024-05-27 17:47:30,4029,392.8056664
2024-05-27 17:47:31,4030,393.365566667
2024-05-27 17:47:32,4031,393.954228933
2024-05-27 17:47:33,4032,394.5659008
2024-05-27 17:47:34,4033,395.194829867
2024-05-27 17:47:35,4034,395.835263733
2024-05-27 17:47:36,4035,396.48145
2024-05-27 17:47:37,4036,397.127636267
2024-05-27 17:47:38,4037,397.768070133
2024-05-27 17:47:39,4038,398.3969992
2024-05-27 17:47:40,4039,399.008671067
2024-05-27 17:47:41,4040,399.597333333
2024-05-27 17:47:42,4041,400.1572336
2024-05-27 17:47:43,4042,400.682619467
2024-05-27 17:47:44,4043,401.167738533
2024-05-27 17:47:45,4044,401.6068384
2024-05-27 17:47:46,4045,401.994166667
2024-05-27 17:47:47,4046,402.323970933
2024-05-27 17:47:48,4047,402.5904988
2024-05-27 17:47:49,4048,402.787997867
2024-05-27 17:47:50,4049,402.910715733
2024-05-27 17:47:51,4050,402.9529
2024-05-27 17:47:52,4051,402.618983126
2024-05-27 17:47:53,4052,401.639866018
2024-05-27 17:47:54,4053,400.049498949
2024-05-27 17:47:55,4054,397.881832193
2024-05-27 17:47:56,4055,395.170816021
2024-05-27 17:47:57,4056,391.950400708
2024-05-27 17:47:58,4057,388.254536525
2024-05-27 17:47:59,4058,384.117173746
2024-05-27 17:48:00,4059,379.572262643
2024-05-27 17:48:01,4060,374.65375349
2024-05-27 17:48:02,4061,369.395596559
2024-05-27 17:48:03,4062,363.831742123
2024-05-27 17:48:04,4063,357.996140455
2024-05-27 17:48:05,4064,351.922741828
2024-05-27 17:48:06,4065,345.645496514
2024-05-27 17:48:07,4066,339.198354787
2024-05-27 17:48:08,4067,332.61526692
2024-05-27 17:48:09,4068,325.930183184
2024-05-27 17:48:10,4069,319.177053854
2024-05-27 17:48:11,4070,312.389829202
2024-05-27 17:48:12,4071,305.602459501
2024-05-27 17:48:13,4072,298.848895023
2024-05-27 17:48:14,4073,292.163086042
2024-05-27 17:48:15,4074,285.57898283
2024-05-27 17:48:16,4075,279.130535661
2024-05-27 17:48:17,4076,272.851694807
2024-05-27 17:48:18,4077,266.776410541
2024-05-27 17:48:19,4078,260.938633136
2024-05-27 17:48:20,4079,255.372312865
2024-05-27 17:48:21,4080,250.1114
2024-05-27 17:48:22,4081,244.924566531
2024-05-27 17:48:23,4082,239.570246582
2024-05-27 17:48:24,4083,234.067033633
2024-05-27 17:48:25,4084,228.433521161
2024-05-27 17:48:26,4085,222.688302646
2024-05-27 17:48:27,4086,216.849971566
2024-05-27 17:48:28,4087,210.937121399
2024-05-27 17:48:29,4088,204.968345623
2024-05-27 17:48:30,4089,198.962237717
2024-05-27 17:48:31,4090,192.93739116
2024-05-27 17:48:32,4091,186.91239943
2024-05-27 17:48:33,4092,180.905856005
2024-05-27 17:48:34,4093,174.936354364
2024-05-27 17:48:35,4094,169.022487985
2024-05-27 17:48:36,4095,163.182850347
2024-05-27 17:48:37,4096,157.436034928
2024-05-27 17:48:38,4097,151.800635207
2024-05-27 17:48:39,4098,146.295244661
2024-05-27 17:48:40,4099,140.93845677
2024-05-27 17:48:41,4100,135.748865012
2024-05-27 17:48:42,4101,130.745062866
2024-05-27 17:48:43,4102,125.945643809
2024-05-27 17:48:44,4103,121.36920132
2024-05-27 17:48:45,4104,117.034328878
2024-05-27 17:48:46,4105,112.959619961
2024-05-27 17:48:47,4106,109.163668048
2024-05-27 17:48:48,4107,105.665066617
2024-05-27 17:48:49,4108,102.482409146
2024-05-27 17:48:50,4109,99.6342891145
2024-05-27 17:48:51,4110,97.1393
2024-05-27 17:48:52,4111,94.8324662222
2024-05-27 17:48:53,4112,92.5394297339
2024-05-27 17:48:54,4113,90.264710314
2024-05-27 17:48:55,4114,88.0128277415
2024-05-27 17:48:56,4115,85.7883017953
2024-05-27 17:48:57,4116,83.5956522542
2024-05-27 17:48:58,4117,81.4393988973
2024-05-27 17:48:59,4118,79.3240615033
2024-05-27 17:49:00,4119,77.2541598513
2024-05-27 17:49:01,4120,75.2342137202
2024-05-27 17:49:02,4121,73.2687428887
2024-05-27 17:49:03,4122,71.362267136
2024-05-27 17:49:04,4123,69.5193062408
2024-05-27 17:49:05,4124,67.7443799821
2024-05-27 17:49:06,4125,66.0420081389
2024-05-27 17:49:07,4126,64.4167104899
2024-05-27 17:49:08,4127,62.8730068142
2024-05-27 17:49:09,4128,61.4154168907
2024-05-27 17:49:10,4129,60.0484604982
2024-05-27 17:49:11,4130,58.7766574156
2024-05-27 17:49:12,4131,57.604527422
2024-05-27 17:49:13,4132,56.5365902962
2024-05-27 17:49:14,4133,55.577365817
2024-05-27 17:49:15,4134,54.7313737636
2024-05-27 17:49:16,4135,54.0031339146
2024-05-27 17:49:17,4136,53.3971660491
2024-05-27 17:49:18,4137,52.917989946
2024-05-27 17:49:19,4138,52.5701253842
2024-05-27 17:49:20,4139,52.3580921425
2024-05-27 17:49:21,4140,52.28641
2024-05-27 17:49:22,4141,52.4235662133
2024-05-27 17:49:23,4142,52.8225661067
2024-05-27 17:49:24,4143,53.46470656
2024-05-27 17:49:25,4144,54.3312844533
2024-05-27 17:49:26,4145,55.4035966667
2024-05-27 17:49:27,4146,56.66294008
2024-05-27 17:49:28,4147,58.0906115733
2024-05-27 17:49:29,4148,59.6679080267
2024-05-27 17:49:30,4149,61.37612632
2024-05-27 17:49:31,4150,63.1965633333
2024-05-27 17:49:32,4151,65.1105159467
2024-05-27 17:49:33,4152,67.09928104
2024-05-27 17:49:34,4153,69.1441554933
2024-05-27 17:49:35,4154,71.2264361867
2024-05-27 17:49:36,4155,73.32742
2024-05-27 17:49:37,4156,75.4284038133
2024-05-27 17:49:38,4157,77.5106845067
2024-05-27 17:49:39,4158,79.55555896
2024-05-27 17:49:40,4159,81.5443240533
2024-05-27 17:49:41,4160,83.4582766667
2024-05-27 17:49:42,4161,85.27871368
2024-05-27 17:49:43,4162,86.9869319733
2024-05-27 17:49:44,4163,88.5642284267
2024-05-27 17:49:45,4164,89.99189992
2024-05-27 17:49:46,4165,91.2512433333
2024-05-27 17:49:47,4166,92.3235555467
2024-05-27 17:49:48,4167,93.19013344
2024-05-27 17:49:49,4168,93.8322738933
2024-05-27 17:49:50,4169,94.2312737867
2024-05-27 17:49:51,4170,94.36843
2024-05-27 17:49:52,4171,94.3087318756
2024-05-27 17:49:53,4172,94.1350646044
2024-05-27 17:49:54,4173,93.85556884
2024-05-27 17:49:55,4174,93.4783852356
2024-05-27 17:49:56,4175,93.0116544444
2024-05-27 17:49:57,4176,92.46351712
2024-05-27 17:49:58,4177,91.8421139156
2024-05-27 17:49:59,4178,91.1555854844
2024-05-27 17:50:00,4179,90.41207248
2024-05-27 17:50:01,4180,89.6197155556
2024-05-27 17:50:02,4181,88.7866553644
2024-05-27 17:50:03,4182,87.92103256
2024-05-27 17:50:04,4183,87.0309877956
2024-05-27 17:50:05,4184,86.1246617244
2024-05-27 17:50:06,4185,85.210195
2024-05-27 17:50:07,4186,84.2957282756
2024-05-27 17:50:08,4187,83.3894022044
2024-05-27 17:50:09,4188,82.49935744
2024-05-27 17:50:10,4189,81.6337346356
2024-05-27 17:50:11,4190,80.8006744444
2024-05-27 17:50:12,4191,80.00831752
2024-05-27 17:50:13,4192,79.2648045156
2024-05-27 17:50:14,4193,78.5782760844
2024-05-27 17:50:15,4194,77.95687288
2024-05-27 17:50:16,4195,77.4087355556
2024-05-27 17:50:17,4196,76.9420047644
2024-05-27 17:50:18,4197,76.56482116
2024-05-27 17:50:19,4198,76.2853253956
2024-05-27 17:50:20,4199,76.1116581244
2024-05-27 17:50:21,4200,76.05196
2024-05-27 17:50:22,4201,76.0549697304
2024-05-27 17:50:23,4202,76.0637253096
2024-05-27 17:50:24,4203,76.07781632
2024-05-27 17:50:25,4204,76.0968323437
2024-05-27 17:50:26,4205,76.120362963
2024-05-27 17:50:27,4206,76.14799776
2024-05-27 17:50:28,4207,76.179326317
2024-05-27 17:50:29,4208,76.2139382163
2024-05-27 17:50:30,4209,76.25142304
2024-05-27 17:50:31,4210,76.2913703704
2024-05-27 17:50:32,4211,76.3333697896
2024-05-27 17:50:33,4212,76.37701088
2024-05-27 17:50:34,4213,76.4218832237
2024-05-27 17:50:35,4214,76.467576403
2024-05-27 17:50:36,4215,76.51368
2024-05-27 17:50:37,4216,76.559783597
2024-05-27 17:50:38,4217,76.6054767763
2024-05-27 17:50:39,4218,76.65034912
2024-05-27 17:50:40,4219,76.6939902104
2024-05-27 17:50:41,4220,76.7359896296
2024-05-27 17:50:42,4221,76.77593696
2024-05-27 17:50:43,4222,76.8134217837
2024-05-27 17:50:44,4223,76.848033683
2024-05-27 17:50:45,4224,76.87936224
2024-05-27 17:50:46,4225,76.906997037
2024-05-27 17:50:47,4226,76.9305276563
2024-05-27 17:50:48,4227,76.94954368
2024-05-27 17:50:49,4228,76.9636346904
2024-05-27 17:50:50,4229,76.9723902696
2024-05-27 17:50:51,4230,76.9754
2024-05-27 17:50:52,4231,76.9579863319
2024-05-27 17:50:53,4232,76.9073283881
2024-05-27 17:50:54,4233,76.82580076
2024-05-27 17:50:55,4234,76.7157780385
2024-05-27 17:50:56,4235,76.5796348148
2024-05-27 17:50:57,4236,76.41974568
2024-05-27 17:50:58,4237,76.2384852252
2024-05-27 17:50:59,4238,76.0382280415
2024-05-27 17:51:00,4239,75.82134872
2024-05-27 17:51:01,4240,75.5902218519
2024-05-27 17:51:02,4241,75.3472220281
2024-05-27 17:51:03,4242,75.09472384
2024-05-27 17:51:04,4243,74.8351018785
2024-05-27 17:51:05,4244,74.5707307348
2024-05-27 17:51:06,4245,74.303985
2024-05-27 17:51:07,4246,74.0372392652
2024-05-27 17:51:08,4247,73.7728681215
2024-05-27 17:51:09,4248,73.51324616
2024-05-27 17:51:10,4249,73.2607479719
2024-05-27 17:51:11,4250,73.0177481481
2024-05-27 17:51:12,4251,72.78662128
2024-05-27 17:51:13,4252,72.5697419585
2024-05-27 17:51:14,4253,72.3694847748
2024-05-27 17:51:15,4254,72.18822432
2024-05-27 17:51:16,4255,72.0283351852
2024-05-27 17:51:17,4256,71.8921919615
2024-05-27 17:51:18,4257,71.78216924
2024-05-27 17:51:19,4258,71.7006416119
2024-05-27 17:51:20,4259,71.6499836681
2024-05-27 17:51:21,4260,71.63257
2024-05-27 17:51:22,4261,71.6346747889
2024-05-27 17:51:23,4262,71.6408886345
2024-05-27 17:51:24,4263,71.6510607553
2024-05-27 17:51:25,4264,71.6650403695
2024-05-27 17:51:26,4265,71.6826766956
2024-05-27 17:51:27,4266,71.703818952
2024-05-27 17:51:28,4267,71.7283163571
2024-05-27 17:51:29,4268,71.7560181292
2024-05-27 17:51:30,4269,71.7867734868
2024-05-27 17:51:31,4270,71.8204316482
2024-05-27 17:51:32,4271,71.8568418319
2024-05-27 17:51:33,4272,71.8958532561
2024-05-27 17:51:34,4273,71.9373151394
2024-05-27 17:51:35,4274,71.9810767
2024-05-27 17:51:36,4275,72.0269871564
2024-05-27 17:51:37,4276,72.074895727
2024-05-27 17:51:38,4277,72.1246516301
2024-05-27 17:51:39,4278,72.1761040842
2024-05-27 17:51:40,4279,72.2291023076
2024-05-27 17:51:41,4280,72.2834955187
2024-05-27 17:51:42,4281,72.3391329359
2024-05-27 17:51:43,4282,72.3958637777
2024-05-27 17:51:44,4283,72.4535372623
2024-05-27 17:51:45,4284,72.5120026082
2024-05-27 17:51:46,4285,72.5711090337
2024-05-27 17:51:47,4286,72.6307057573
2024-05-27 17:51:48,4287,72.6906419973
2024-05-27 17:51:49,4288,72.7507669722
2024-05-27 17:51:50,4289,72.8109299003
2024-05-27 17:51:51,4290,72.87098
2024-05-27 17:51:52,4291,72.9376913738
2024-05-27 17:51:53,4292,73.0172325537
2024-05-27 17:51:54,4293,73.1085444027
2024-05-27 17:51:55,4294,73.2105677834
2024-05-27 17:51:56,4295,73.3222435589
2024-05-27 17:51:57,4296,73.4425125918
2024-05-27 17:51:58,4297,73.5703157451
2024-05-27 17:51:59,4298,73.7045938816
2024-05-27 17:52:00,4299,73.8442878641
2024-05-27 17:52:01,4300,73.9883385554
2024-05-27 17:52:02,4301,74.1356868183
2024-05-27 17:52:03,4302,74.2852735158
2024-05-27 17:52:04,4303,74.4360395106
2024-05-27 17:52:05,4304,74.5869256656
2024-05-27 17:52:06,4305,74.7368728436
2024-05-27 17:52:07,4306,74.8848219074
2024-05-27 17:52:08,4307,75.0297137199
2024-05-27 17:52:09,4308,75.1704891439
2024-05-27 17:52:10,4309,75.3060890422
2024-05-27 17:52:11,4310,75.4354542777
2024-05-27 17:52:12,4311,75.5575257132
2024-05-27 17:52:13,4312,75.6712442115
2024-05-27 17:52:14,4313,75.7755506355
2024-05-27 17:52:15,4314,75.869385848
2024-05-27 17:52:16,4315,75.9516907118
2024-05-27 17:52:17,4316,76.0214060898
2024-05-27 17:52:18,4317,76.0774728447
2024-05-27 17:52:19,4318,76.1188318396
2024-05-27 17:52:20,4319,76.144423937
2024-05-27 17:52:21,4320,76.15319
2024-05-27 17:52:22,4321,76.1426791246
2024-05-27 17:52:23,4322,76.1118685622
2024-05-27 17:52:24,4323,76.0618414092
2024-05-27 17:52:25,4324,75.9936807614
2024-05-27 17:52:26,4325,75.9084697149
2024-05-27 17:52:27,4326,75.8072913659
2024-05-27 17:52:28,4327,75.6912288104
2024-05-27 17:52:29,4328,75.5613651445
2024-05-27 17:52:30,4329,75.4187834642
2024-05-27 17:52:31,4330,75.2645668656
2024-05-27 17:52:32,4331,75.0997984447
2024-05-27 17:52:33,4332,74.9255612978
2024-05-27 17:52:34,4333,74.7429385207
2024-05-27 17:52:35,4334,74.5530132096
2024-05-27 17:52:36,4335,74.3568684606
2024-05-27 17:52:37,4336,74.1555873698
2024-05-27 17:52:38,4337,73.9502530331
2024-05-27 17:52:39,4338,73.7419485467
2024-05-27 17:52:40,4339,73.5317570066
2024-05-27 17:52:41,4340,73.3207615089
2024-05-27 17:52:42,4341,73.1100451497
2024-05-27 17:52:43,4342,72.9006910251
2024-05-27 17:52:44,4343,72.693782231
2024-05-27 17:52:45,4344,72.4904018637
2024-05-27 17:52:46,4345,72.2916330191
2024-05-27 17:52:47,4346,72.0985587934
2024-05-27 17:52:48,4347,71.9122622825
2024-05-27 17:52:49,4348,71.7338265826
2024-05-27 17:52:50,4349,71.5643347897
2024-05-27 17:52:51,4350,71.40487
2024-05-27 17:52:52,4351,71.2494558719
2024-05-27 17:52:53,4352,71.0915948615
2024-05-27 17:52:54,4353,70.9315882613
2024-05-27 17:52:55,4354,70.7697373639
2024-05-27 17:52:56,4355,70.6063434619
2024-05-27 17:52:57,4356,70.4417078476
2024-05-27 17:52:58,4357,70.2761318137
2024-05-27 17:52:59,4358,70.1099166526
2024-05-27 17:53:00,4359,69.9433636569
2024-05-27 17:53:01,4360,69.7767741191
2024-05-27 17:53:02,4361,69.6104493317
2024-05-27 17:53:03,4362,69.4446905872
2024-05-27 17:53:04,4363,69.2797991782
2024-05-27 17:53:05,4364,69.1160763972
2024-05-27 17:53:06,4365,68.9538235366
2024-05-27 17:53:07,4366,68.7933418891
2024-05-27 17:53:08,4367,68.634932747
2024-05-27 17:53:09,4368,68.4788974031
2024-05-27 17:53:10,4369,68.3255371496
2024-05-27 17:53:11,4370,68.1751532793
2024-05-27 17:53:12,4371,68.0280470846
2024-05-27 17:53:13,4372,67.884519858
2024-05-27 17:53:14,4373,67.744872892
2024-05-27 17:53:15,4374,67.6094074793
2024-05-27 17:53:16,4375,67.4784249121
2024-05-27 17:53:17,4376,67.3522264832
2024-05-27 17:53:18,4377,67.231113485
2024-05-27 17:53:19,4378,67.1153872101
2024-05-27 17:53:20,4379,67.0053489509
2024-05-27 17:53:21,4380,66.9013
2024-05-27 17:53:22,4381,66.8029693021
2024-05-27 17:53:23,4382,66.7096376352
2024-05-27 17:53:24,4383,66.6209340418
2024-05-27 17:53:25,4384,66.5364875644
2024-05-27 17:53:26,4385,66.4559272454
2024-05-27 17:53:27,4386,66.3788821274
2024-05-27 17:53:28,4387,66.3049812527
2024-05-27 17:53:29,4388,66.2338536639
2024-05-27 17:53:30,4389,66.1651284035
2024-05-27 17:53:31,4390,66.0984345138
2024-05-27 17:53:32,4391,66.0334010375
2024-05-27 17:53:33,4392,65.9696570169
2024-05-27 17:53:34,4393,65.9068314945
2024-05-27 17:53:35,4394,65.8445535128
2024-05-27 17:53:36,4395,65.7824521143
2024-05-27 17:53:37,4396,65.7201563415
2024-05-27 17:53:38,4397,65.6572952368
2024-05-27 17:53:39,4398,65.5934978427
2024-05-27 17:53:40,4399,65.5283932016
2024-05-27 17:53:41,4400,65.4616103561
2024-05-27 17:53:42,4401,65.3927783486
2024-05-27 17:53:43,4402,65.3215262216
2024-05-27 17:53:44,4403,65.2474830176
2024-05-27 17:53:45,4404,65.170277779
2024-05-27 17:53:46,4405,65.0895395483
2024-05-27 17:53:47,4406,65.004897368
2024-05-27 17:53:48,4407,64.9159802805
2024-05-27 17:53:49,4408,64.8224173284
2024-05-27 17:53:50,4409,64.723837554
2024-05-27 17:53:51,4410,64.61987
2024-05-27 17:53:52,4411,64.5043083615
2024-05-27 17:53:53,4412,64.3720711363
2024-05-27 17:53:54,4413,64.2244745706
2024-05-27 17:53:55,4414,64.0628349105
2024-05-27 17:53:56,4415,63.8884684022
2024-05-27 17:53:57,4416,63.7026912917
2024-05-27 17:53:58,4417,63.5068198253
2024-05-27 17:53:59,4418,63.3021702491
2024-05-27 17:54:00,4419,63.0900588093
2024-05-27 17:54:01,4420,62.871801752
2024-05-27 17:54:02,4421,62.6487153233
2024-05-27 17:54:03,4422,62.4221157694
2024-05-27 17:54:04,4423,62.1933193365
2024-05-27 17:54:05,4424,61.9636422706
2024-05-27 17:54:06,4425,61.734400818
2024-05-27 17:54:07,4426,61.5069112248
2024-05-27 17:54:08,4427,61.2824897372
2024-05-27 17:54:09,4428,61.0624526012
2024-05-27 17:54:10,4429,60.8481160631
2024-05-27 17:54:11,4430,60.640796369
2024-05-27 17:54:12,4431,60.441809765
2024-05-27 17:54:13,4432,60.2524724973
2024-05-27 17:54:14,4433,60.074100812
2024-05-27 17:54:15,4434,59.9080109554
2024-05-27 17:54:16,4435,59.7555191734
2024-05-27 17:54:17,4436,59.6179417124
2024-05-27 17:54:18,4437,59.4965948184
2024-05-27 17:54:19,4438,59.3927947375
2024-05-27 17:54:20,4439,59.307857716
2024-05-27 17:54:21,4440,59.2431
2024-05-27 17:54:22,4441,59.1893019138
2024-05-27 17:54:23,4442,59.1364092475
2024-05-27 17:54:24,4443,59.0844864456
2024-05-27 17:54:25,4444,59.0335979527
2024-05-27 17:54:26,4445,58.9838082133
2024-05-27 17:54:27,4446,58.9351816721
2024-05-27 17:54:28,4447,58.8877827735
2024-05-27 17:54:29,4448,58.8416759622
2024-05-27 17:54:30,4449,58.7969256828
2024-05-27 17:54:31,4450,58.7535963797
2024-05-27 17:54:32,4451,58.7117524976
2024-05-27 17:54:33,4452,58.6714584811
2024-05-27 17:54:34,4453,58.6327787746
2024-05-27 17:54:35,4454,58.5957778229
2024-05-27 17:54:36,4455,58.5605200704
2024-05-27 17:54:37,4456,58.5270699617
2024-05-27 17:54:38,4457,58.4954919414
2024-05-27 17:54:39,4458,58.4658504541
2024-05-27 17:54:40,4459,58.4382099442
2024-05-27 17:54:41,4460,58.4126348565
2024-05-27 17:54:42,4461,58.3891896355
2024-05-27 17:54:43,4462,58.3679387257
2024-05-27 17:54:44,4463,58.3489465717
2024-05-27 17:54:45,4464,58.332277618
2024-05-27 17:54:46,4465,58.3179963093
2024-05-27 17:54:47,4466,58.3061670902
2024-05-27 17:54:48,4467,58.2968544051
2024-05-27 17:54:49,4468,58.2901226986
2024-05-27 17:54:50,4469,58.2860364154
2024-05-27 17:54:51,4470,58.28466
2024-05-27 17:54:52,4471,58.3575463259
2024-05-27 17:54:53,4472,58.5695792741
2024-05-27 17:54:54,4473,58.9108198
2024-05-27 17:54:55,4474,59.3713288593
2024-05-27 17:54:56,4475,59.9411674074
2024-05-27 17:54:57,4476,60.6103964
2024-05-27 17:54:58,4477,61.3690767926
2024-05-27 17:54:59,4478,62.2072695407
2024-05-27 17:55:00,4479,63.1150356
2024-05-27 17:55:01,4480,64.0824359259
2024-05-27 17:55:02,4481,65.0995314741
2024-05-27 17:55:03,4482,66.1563832
2024-05-27 17:55:04,4483,67.2430520593
2024-05-27 17:55:05,4484,68.3495990074
2024-05-27 17:55:06,4485,69.466085
2024-05-27 17:55:07,4486,70.5825709926
2024-05-27 17:55:08,4487,71.6891179407
2024-05-27 17:55:09,4488,72.7757868
2024-05-27 17:55:10,4489,73.8326385259
2024-05-27 17:55:11,4490,74.8497340741
2024-05-27 17:55:12,4491,75.8171344
2024-05-27 17:55:13,4492,76.7249004593
2024-05-27 17:55:14,4493,77.5630932074
2024-05-27 17:55:15,4494,78.3217736
2024-05-27 17:55:16,4495,78.9910025926
2024-05-27 17:55:17,4496,79.5608411407
2024-05-27 17:55:18,4497,80.0213502
2024-05-27 17:55:19,4498,80.3625907259
2024-05-27 17:55:20,4499,80.5746236741
2024-05-27 17:55:21,4500,80.64751
2024-05-27 17:55:22,4501,80.5890719363
2024-05-27 17:55:23,4502,80.4187467671
2024-05-27 17:55:24,4503,80.144018025
2024-05-27 17:55:25,4504,79.7723692428
2024-05-27 17:55:26,4505,79.3112839532
2024-05-27 17:55:27,4506,78.768245689
2024-05-27 17:55:28,4507,78.1507379827
2024-05-27 17:55:29,4508,77.4662443672
2024-05-27 17:55:30,4509,76.7222483751
2024-05-27 17:55:31,4510,75.9262335392
2024-05-27 17:55:32,4511,75.0856833922
2024-05-27 17:55:33,4512,74.2080814669
2024-05-27 17:55:34,4513,73.3009112958
2024-05-27 17:55:35,4514,72.3716564118
2024-05-27 17:55:36,4515,71.4278003475
2024-05-27 17:55:37,4516,70.4768266357
2024-05-27 17:55:38,4517,69.526218809
2024-05-27 17:55:39,4518,68.5834604003
2024-05-27 17:55:40,4519,67.6560349422
2024-05-27 17:55:41,4520,66.7514259674
2024-05-27 17:55:42,4521,65.8771170086
2024-05-27 17:55:43,4522,65.0405915986
2024-05-27 17:55:44,4523,64.2493332701
2024-05-27 17:55:45,4524,63.5108255558
2024-05-27 17:55:46,4525,62.8325519884
2024-05-27 17:55:47,4526,62.2219961006
2024-05-27 17:55:48,4527,61.6866414252
2024-05-27 17:55:49,4528,61.2339714948
2024-05-27 17:55:50,4529,60.8714698421
2024-05-27 17:55:51,4530,60.60662
2024-05-27 17:55:52,4531,60.3988748439
2024-05-27 17:55:53,4532,60.2022978951
2024-05-27 17:55:54,4533,60.0162886547
2024-05-27 17:55:55,4534,59.8402466237
2024-05-27 17:55:56,4535,59.6735713034
2024-05-27 17:55:57,4536,59.5156621947
2024-05-27 17:55:58,4537,59.3659187989
2024-05-27 17:55:59,4538,59.223740617
2024-05-27 17:56:00,4539,59.0885271502
2024-05-27 17:56:01,4540,58.9596778996
2024-05-27 17:56:02,4541,58.8365923662
2024-05-27 17:56:03,4542,58.7186700513
2024-05-27 17:56:04,4543,58.6053104559
2024-05-27 17:56:05,4544,58.4959130811
2024-05-27 17:56:06,4545,58.389877428
2024-05-27 17:56:07,4546,58.2866029978
2024-05-27 17:56:08,4547,58.1854892916
2024-05-27 17:56:09,4548,58.0859358105
2024-05-27 17:56:10,4549,57.9873420556
2024-05-27 17:56:11,4550,57.889107528
2024-05-27 17:56:12,4551,57.7906317289
2024-05-27 17:56:13,4552,57.6913141593
2024-05-27 17:56:14,4553,57.5905543203
2024-05-27 17:56:15,4554,57.4877517132
2024-05-27 17:56:16,4555,57.3823058389
2024-05-27 17:56:17,4556,57.2736161986
2024-05-27 17:56:18,4557,57.1610822935
2024-05-27 17:56:19,4558,57.0441036246
2024-05-27 17:56:20,4559,56.9220796931
2024-05-27 17:56:21,4560,56.79441
2024-05-27 17:56:22,4561,56.6660442927
2024-05-27 17:56:23,4562,56.541994066
2024-05-27 17:56:24,4563,56.4217514424
2024-05-27 17:56:25,4564,56.3048085443
2024-05-27 17:56:26,4565,56.1906574941
2024-05-27 17:56:27,4566,56.0787904144
2024-05-27 17:56:28,4567,55.9686994276
2024-05-27 17:56:29,4568,55.8598766561
2024-05-27 17:56:30,4569,55.7518142223
2024-05-27 17:56:31,4570,55.6440042488
2024-05-27 17:56:32,4571,55.535938858
2024-05-27 17:56:33,4572,55.4271101723
2024-05-27 17:56:34,4573,55.3170103141
2024-05-27 17:56:35,4574,55.205131406
2024-05-27 17:56:36,4575,55.0909655704
2024-05-27 17:56:37,4576,54.9740049297
2024-05-27 17:56:38,4577,54.8537416064
2024-05-27 17:56:39,4578,54.7296677229
2024-05-27 17:56:40,4579,54.6012754017
2024-05-27 17:56:41,4580,54.4680567652
2024-05-27 17:56:42,4581,54.3295039359
2024-05-27 17:56:43,4582,54.1851090363
2024-05-27 17:56:44,4583,54.0343641887
2024-05-27 17:56:45,4584,53.8767615157
2024-05-27 17:56:46,4585,53.7117931396
2024-05-27 17:56:47,4586,53.538951183
2024-05-27 17:56:48,4587,53.3577277683
2024-05-27 17:56:49,4588,53.1676150179
2024-05-27 17:56:50,4589,52.9681050543
2024-05-27 17:56:51,4590,52.75869
2024-05-27 17:56:52,4591,52.5126455989
2024-05-27 17:56:53,4592,52.206484213
2024-05-27 17:56:54,4593,51.8445528917
2024-05-27 17:56:55,4594,51.4311986844
2024-05-27 17:56:56,4595,50.9707686403
2024-05-27 17:56:57,4596,50.4676098089
2024-05-27 17:56:58,4597,49.9260692396
2024-05-27 17:56:59,4598,49.3504939816
2024-05-27 17:57:00,4599,48.7452310844
2024-05-27 17:57:01,4600,48.1146275973
2024-05-27 17:57:02,4601,47.4630305697
2024-05-27 17:57:03,4602,46.7947870509
2024-05-27 17:57:04,4603,46.1142440904
2024-05-27 17:57:05,4604,45.4257487374
2024-05-27 17:57:06,4605,44.7336480414
2024-05-27 17:57:07,4606,44.0422890516
2024-05-27 17:57:08,4607,43.3560188175
2024-05-27 17:57:09,4608,42.6791843885
2024-05-27 17:57:10,4609,42.0161328138
2024-05-27 17:57:11,4610,41.3712111429
2024-05-27 17:57:12,4611,40.7487664251
2024-05-27 17:57:13,4612,40.1531457098
2024-05-27 17:57:14,4613,39.5886960463
2024-05-27 17:57:15,4614,39.059764484
2024-05-27 17:57:16,4615,38.5706980723
2024-05-27 17:57:17,4616,38.1258438605
2024-05-27 17:57:18,4617,37.729548898
2024-05-27 17:57:19,4618,37.3861602342
2024-05-27 17:57:20,4619,37.1000249184
2024-05-27 17:57:21,4620,36.87549
2024-05-27 17:57:22,4621,36.6845693977
2024-05-27 17:57:23,4622,36.4965346617
2024-05-27 17:57:24,4623,36.3116192887
2024-05-27 17:57:25,4624,36.1300567752
2024-05-27 17:57:26,4625,35.9520806179
2024-05-27 17:57:27,4626,35.7779243134
2024-05-27 17:57:28,4627,35.6078213582
2024-05-27 17:57:29,4628,35.4420052489
2024-05-27 17:57:30,4629,35.2807094822
2024-05-27 17:57:31,4630,35.1241675547
2024-05-27 17:57:32,4631,34.972612963
2024-05-27 17:57:33,4632,34.8262792036
2024-05-27 17:57:34,4633,34.6853997732
2024-05-27 17:57:35,4634,34.5502081684
2024-05-27 17:57:36,4635,34.4209378858
2024-05-27 17:57:37,4636,34.297822422
2024-05-27 17:57:38,4637,34.1810952736
2024-05-27 17:57:39,4638,34.0709899372
2024-05-27 17:57:40,4639,33.9677399094
2024-05-27 17:57:41,4640,33.8715786868
2024-05-27 17:57:42,4641,33.782739766
2024-05-27 17:57:43,4642,33.7014566436
2024-05-27 17:57:44,4643,33.6279628162
2024-05-27 17:57:45,4644,33.5624917805
2024-05-27 17:57:46,4645,33.505277033
2024-05-27 17:57:47,4646,33.4565520703
2024-05-27 17:57:48,4647,33.4165503891
2024-05-27 17:57:49,4648,33.3855054859
2024-05-27 17:57:50,4649,33.3636508573
2024-05-27 17:57:51,4650,33.35122
2024-05-27 17:57:52,4651,33.3436984191
2024-05-27 17:57:53,4652,33.3364164401
2024-05-27 17:57:54,4653,33.3293747895
2024-05-27 17:57:55,4654,33.3225741943
2024-05-27 17:57:56,4655,33.3160153811
2024-05-27 17:57:57,4656,33.3096990768
2024-05-27 17:57:58,4657,33.303626008
2024-05-27 17:57:59,4658,33.2977969016
2024-05-27 17:58:00,4659,33.2922124843
2024-05-27 17:58:01,4660,33.2868734829
2024-05-27 17:58:02,4661,33.2817806241
2024-05-27 17:58:03,4662,33.2769346347
2024-05-27 17:58:04,4663,33.2723362414
2024-05-27 17:58:05,4664,33.2679861711
2024-05-27 17:58:06,4665,33.2638851504
2024-05-27 17:58:07,4666,33.2600339062
2024-05-27 17:58:08,4667,33.2564331652
2024-05-27 17:58:09,4668,33.2530836542
2024-05-27 17:58:10,4669,33.2499860998
2024-05-27 17:58:11,4670,33.247141229
2024-05-27 17:58:12,4671,33.2445497684
2024-05-27 17:58:13,4672,33.2422124448
2024-05-27 17:58:14,4673,33.240129985
2024-05-27 17:58:15,4674,33.2383031158
2024-05-27 17:58:16,4675,33.2367325638
2024-05-27 17:58:17,4676,33.2354190559
2024-05-27 17:58:18,4677,33.2343633188
2024-05-27 17:58:19,4678,33.2335660793
2024-05-27 17:58:20,4679,33.2330280641
2024-05-27 17:58:21,4680,33.23275
2024-05-27 17:58:22,4681,33.2326044799
2024-05-27 17:58:23,4682,33.2324636249
2024-05-27 17:58:24,4683,33.2323274536
2024-05-27 17:58:25,4684,33.2321959848
2024-05-27 17:58:26,4685,33.2320692375
2024-05-27 17:58:27,4686,33.2319472303
2024-05-27 17:58:28,4687,33.2318299821
2024-05-27 17:58:29,4688,33.2317175118
2024-05-27 17:58:30,4689,33.231609838
2024-05-27 17:58:31,4690,33.2315069795
2024-05-27 17:58:32,4691,33.2314089553
2024-05-27 17:58:33,4692,33.2313157841
2024-05-27 17:58:34,4693,33.2312274847
2024-05-27 17:58:35,4694,33.2311440759
2024-05-27 17:58:36,4695,33.2310655765
2024-05-27 17:58:37,4696,33.2309920053
2024-05-27 17:58:38,4697,33.2309233811
2024-05-27 17:58:39,4698,33.2308597227
2024-05-27 17:58:40,4699,33.230801049
2024-05-27 17:58:41,4700,33.2307473787
2024-05-27 17:58:42,4701,33.2306987306
2024-05-27 17:58:43,4702,33.2306551235
2024-05-27 17:58:44,4703,33.2306165762
2024-05-27 17:58:45,4704,33.2305831076
2024-05-27 17:58:46,4705,33.2305547364
2024-05-27 17:58:47,4706,33.2305314814
2024-05-27 17:58:48,4707,33.2305133615
2024-05-27 17:58:49,4708,33.2305003954
2024-05-27 17:58:50,4709,33.230492602
2024-05-27 17:58:51,4710,33.23049
