timestamp,parent,左氢燃料电池#1_kw,左氢燃料电池#1_stopped,左氢燃料电池#2_kw,左氢燃料电池#2_stopped,左氢燃料电池#3_kw,左氢燃料电池#3_stopped,左氢燃料电池#4_kw,左氢燃料电池#4_stopped,左电池簇1_kw,左电池簇1_soc,左电池簇2_kw,左电池簇2_soc,左电池簇3_kw,左电池簇3_soc,左电池簇4_kw,左电池簇4_soc,左电池簇5_kw,左电池簇5_soc,左电池簇6_kw,左电池簇6_soc,左逆变电源_kw,右氢燃料电池#1_kw,右氢燃料电池#1_stopped,右氢燃料电池#2_kw,右氢燃料电池#2_stopped,右氢燃料电池#3_kw,右氢燃料电池#3_stopped,右氢燃料电池#4_kw,右氢燃料电池#4_stopped,右电池簇1_kw,右电池簇1_soc,右电池簇2_kw,右电池簇2_soc,右电池簇3_kw,右电池簇3_soc,右电池簇4_kw,右电池簇4_soc,右电池簇5_kw,右电池簇5_soc,右电池簇6_kw,右电池簇6_soc,右逆变电源_kw,fc_total_kw,battery_total_kw,load_total_kw,soc_mean_pct,soc_channel_count,fc_all_stopped,inverter_total_kw,aligned,speed_kn,speed_source,state_class,correction,eligible,sample_id,disposition,reason
2024-07-02 14:00:18,7月2日14_00_7月2日18_00,0,0,0,0,0,0,0,0,0.00056,90.5,0.00056,85.1,0.000561,91.2,0.000561,91.6,-0.020794,91.6,0.000562,91.3,0,0,0,0,0,0,0,0,0,0.000561,86.6,0.000562,94.4,-0.021918,91.2,-0.021879,91.3,-0.006744,91.9,-0.03372,92.3,0,0,-0.101128,0,90.75,12,False,0,True,0,linear,normal_operation,stationary_sub_kw_zero_drift,True,,excluded,stationary_only_without_sailing_task
2024-07-02 14:00:48,7月2日14_00_7月2日18_00,0,0,0,0,0,0,0,0,0.00056,90.5,0.00056,85.1,0.000561,91.2,0.000561,91.6,-0.020794,91.6,0.000562,91.3,0,0,0,0,0,0,0,0,0,0.000561,86.6,0.000562,94.4,-0.021918,91.2,-0.021879,91.3,-0.006744,91.9,-0.03372,92.3,0,0,-0.101128,0,90.75,12,False,0,True,0,linear,normal_operation,stationary_sub_kw_zero_drift,True,,excluded,stationary_only_without_sailing_task
2024-07-02 14:01:18,7月2日14_00_7月2日18_00,0,0,0,0,0,0,0,0,0.00056,90.5,0.00056,85.1,0.000561,91.2,0.000561,91.6,-0.020794,91.6,0.000562,91.3,0,0,0,0,0,0,0,0,0,0.000561,86.6,0.000562,94.4,-0.021918,91.2,-0.023562,91.3,-0.006182,91.9,-0.034282,92.3,0,0,-0.102811,0,90.75,12,False,0,True,0,linear,normal_operation,stationary_sub_kw_zero_drift,True,,excluded,stationary_only_without_sailing_task
2024-07-02 14:01:48,7月2日14_00_7月2日18_00,0,0,0,0,0,0,0,0,0.00056,90.5,0.00056,85.1,0.000561,91.2,0.000561,91.6,-0.020794,91.6,0.000562,91.3,0,0,0,0,0,0,0,0,0,0.000561,86.6,0.000562,94.4,-0.021918,91.2,-0.021879,91.3,-0.006182,91.9,-0.03372,92.3,0,0,-0.100566,0,90.75,12,False,0,True,0,linear,normal_operation,stationary_sub_kw_zero_drift,True,,excluded,stationary_only_without_sailing_task
2024-07-02 14:02:18,7月2日14_00_7月2日18_00,0,0,0,0,0,0,0,0,0.00056,90.5,0.00056,85.1,0.000561,91.2,0.000561,91.6,-0.020794,91.6,0.000562,91.3,0,0,0,0,0,0,0,0,0,0.000561,86.6,0.000562,94.4,-0.021918,91.2,-0.021879,91.3,-0.006744,91.9,-0.03372,92.3,0,0,-0.101128,0,90.75,12,False,0,True,0,linear,normal_operation,stationary_sub_kw_zero_drift,True,,excluded,stationary_only_without_sailing_task
2024-07-02 14:02:48,7月2日14_00_7月2日18_00,0,0,0,0,0,0,0,0,0.00056,90.5,0.00056,85.1,0.000561,91.2,0.000561,91.6,-0.020794,91.6,0.000562,91.3,0,0,0,0,0,0,0,0,0,0.000561,86.6,0.000562,94.4,-0.021918,91.2,-0.021879,91.3,-0.006182,91.9,-0.03372,92.3,0,0,-0.100566,0,90.75,12,False,0,True,0,linear,normal_operation,stationary_sub_kw_zero_drift,True,,excluded,stationary_only_without_sailing_task
2024-07-02 14:03:18,7月2日14_00_7月2日18_00,0,0,0,0,0,0,0,0,0.00056,90.5,0.00056,85.1,0.000561,91.2,0.000561,91.6,-0.020794,91.6,0.000562,91.3,0,0,0,0,0,0,0,0,0,0.000561,86.6,0.000562,94.4,-0.021918,91.2,-0.021879,91.3,-0.006182,91.9,-0.03372,92.3,0,0,-0.100566,0,90.75,12,False,0,True,0,linear,normal_operation,stationary_sub_kw_zero_drift,True,,excluded,stationary_only_without_sailing_task
2024-07-02 14:03:48,7月2日14_00_7月2日18_00,0,0,0,0,0,0,0,0,0.00056,90.5,0.00056,85.1,0.000561,91.2,0.000561,91.6,-0.020794,91.6,0.000562,91.3,0,0,0,0,0,0,0,0,0,0.000561,86.6,0.000562,94.4,-0.021918,91.2,-0.021879,91.3,-0.00562,91.9,-0.03372,92.3,0,0,-0.100004,0,90.75,12,False,0,True,0,linear,normal_operation,stationary_sub_kw_zero_drift,True,,excluded,stationary_only_without_sailing_task
2024-07-02 14:04:18,7月2日14_00_7月2日18_00,0,0,0,0,0,0,0,0,0.00056,90.5,0.00056,85.1,0.000561,91.2,0.000561,91.6,-0.020794,91.6,0.000562,91.3,0,0,0,0,0,0,0,0,0,0.000561,86.6,0.000562,94.4,-0.021918,91.2,-0.023001,91.3,-0.006744,91.9,-0.03372,92.3,0,0,-0.10225,0,90.75,12,False,0,True,0,linear,normal_operation,stationary_sub_kw_zero_drift,True,,excluded,stationary_only_without_sailing_task
2024-07-02 14:04:48,7月2日14_00_7月2日18_00,0,0,0,0,0,0,0,0,0.00056,90.5,0.00056,85.1,0.000561,91.2,0.000561,91.6,-0.020794,91.6,0.000562,91.3,0,0,0,0,0,0,0,0,0,0.000561,86.6,0.000562,94.4,-0.021918,91.2,-0.021879,91.3,-0.00562,91.9,-0.03372,92.3,0,0,-0.100004,0,90.75,12,False,0,True,0,linear,normal_operation,stationary_sub_kw_zero_drift,True,,excluded,stationary_only_without_sailing_task
2024-07-02 14:05:18,7月2日14_00_7月2日18_00,0,0,0,0,0,0,0,0,0.00056,90.5,0.00056,85.1,0.000561,91.2,0.000561,91.6,-0.020794,91.6,0.000562,91.3,0,0,0,0,0,0,0,0,0,0.000561,86.6,0.000562,94.4,-0.021918,91.2,-0.021879,91.3,-0.006744,91.9,-0.03372,92.3,0,0,-0.101128,0,90.75,12,False,0,True,0,linear,normal_operation,stationary_sub_kw_zero_drift,True,,excluded,stationary_only_without_sailing_task
2024-07-02 14:05:48,7月2日14_00_7月2日18_00,0,0,0,0,0,0,0,0,0.00056,90.5,0.00056,85.1,0.000561,91.2,0.000561,91.6,-0.020794,91.6,0.000562,91.3,0,0,0,0,0,0,0,0,0,0.000561,86.6,0.000562,94.4,-0.023042,91.2,-0.021879,91.3,-0.006744,91.9,-0.03372,92.3,0,0,-0.102252,0,90.75,12,False,0,True,0,linear,normal_operation,stationary_sub_kw_zero_drift,True,,excluded,stationary_only_without_sailing_task
2024-07-02 14:06:18,7月2日14_00_7月2日18_00,0,0,0,0,0,0,0,0,0.00056,90.5,0.00056,85.1,0.000561,91.2,0.000561,91.6,-0.020794,91.6,0.000562,91.3,0,0,0,0,0,0,0,0,0,0.000561,86.6,0.000562,94.4,-0.02248,91.2,-0.021879,91.3,-0.005058,91.9,-0.03372,92.3,0,0,-0.100004,0,90.75,12,False,0,True,0,linear,normal_operation,stationary_sub_kw_zero_drift,True,,excluded,stationary_only_without_sailing_task
2024-07-02 14:06:49,7月2日14_00_7月2日18_00,0,0,0,0,0,0,0,0,0.00056,90.5,0.00056,85.1,0.000561,91.2,0.000561,91.6,-0.020794,91.6,0.000562,91.3,0,0,0,0,0,0,0,0,0,0.000561,86.6,0.000562,94.4,-0.021918,91.2,-0.021879,91.3,-0.00562,91.9,-0.03372,92.3,0,0,-0.100004,0,90.75,12,False,0,True,0,linear,normal_operation,stationary_sub_kw_zero_drift,True,,excluded,stationary_only_without_sailing_task
2024-07-02 14:07:18,7月2日14_00_7月2日18_00,0,0,0,0,0,0,0,0,0.00056,90.5,0.00056,85.1,0.000561,91.2,0.000561,91.6,-0.020794,91.6,0.000562,91.3,0,0,0,0,0,0,0,0,0,0.000561,86.6,0.000562,94.4,-0.021918,91.2,-0.021879,91.3,-0.006744,91.9,-0.03372,92.3,0,0,-0.101128,0,90.75,12,False,0,True,0,linear,normal_operation,stationary_sub_kw_zero_drift,True,,excluded,stationary_only_without_sailing_task
2024-07-02 14:07:48,7月2日14_00_7月2日18_00,0,0,0,0,0,0,0,0,0.00056,90.5,0.00056,85.1,0.000561,91.2,0.000561,91.6,-0.020794,91.6,0.000562,91.3,0,0,0,0,0,0,0,0,0,0.000561,86.6,0.000562,94.4,-0.023604,91.2,-0.02244,91.3,-0.006744,91.9,-0.03372,92.3,0,0,-0.103375,0,90.75,12,False,0,True,0,linear,normal_operation,stationary_sub_kw_zero_drift,True,,excluded,stationary_only_without_sailing_task
2024-07-02 14:08:18,7月2日14_00_7月2日18_00,0,0,0,0,0,0,0,0,0.00056,90.5,0.00056,85.1,0.000561,91.2,0.000561,91.6,-0.020794,91.6,0.000562,91.3,0,0,0,0,0,0,0,0,0,0.000561,86.6,0.000562,94.4,-0.021918,91.2,-0.021879,91.3,-0.006744,91.9,-0.03372,92.3,0,0,-0.101128,0,90.75,12,False,0,True,0,linear,normal_operation,stationary_sub_kw_zero_drift,True,,excluded,stationary_only_without_sailing_task
2024-07-02 14:08:48,7月2日14_00_7月2日18_00,0,0,0,0,0,0,0,0,0.00056,90.5,0.00056,85.1,0.000561,91.2,0.000561,91.6,-0.020794,91.6,0.000562,91.3,0,0,0,0,0,0,0,0,0,0.000561,86.6,0.000562,94.4,-0.021918,91.2,-0.021879,91.3,-0.005058,91.9,-0.03372,92.3,0,0,-0.099442,0,90.75,12,False,0,True,0,linear,normal_operation,stationary_sub_kw_zero_drift,True,,excluded,stationary_only_without_sailing_task
2024-07-02 14:09:18,7月2日14_00_7月2日18_00,0,0,0,0,0,0,0,0,0.00056,90.5,0.00056,85.1,0.000561,91.2,0.000561,91.6,-0.020794,91.6,0.000562,91.3,0,0,0,0,0,0,0,0,0,0.000561,86.6,0.000562,94.4,-0.02248,91.2,-0.021879,91.3,-0.00562,91.9,-0.03372,92.3,0,0,-0.100566,0,90.75,12,False,0,True,0,linear,normal_operation,stationary_sub_kw_zero_drift,True,,excluded,stationary_only_without_sailing_task
2024-07-02 14:09:48,7月2日14_00_7月2日18_00,0,0,0,0,0,0,0,0,0.00056,90.5,0.00056,85.1,0.000561,91.2,0.000561,91.6,-0.020794,91.6,0.000562,91.3,0,0,0,0,0,0,0,0,0,0.000561,86.6,0.000562,94.4,-0.021918,91.2,-0.021879,91.3,-0.00562,91.9,-0.03372,92.3,0,0,-0.100004,0,90.75,12,False,0,True,0,linear,normal_operation,stationary_sub_kw_zero_drift,True,,excluded,stationary_only_without_sailing_task
2024-07-02 14:10:18,7月2日14_00_7月2日18_00,0,0,0,0,0,0,0,0,0.00056,90.5,0.00056,85.1,0.000561,91.2,0.000561,91.6,-0.020794,91.6,0.000562,91.3,0,0,0,0,0,0,0,0,0,0.000561,86.6,0.000562,94.4,-0.021918,91.2,-0.02244,91.3,-0.006744,91.9,-0.03372,92.3,0,0,-0.101689,0,90.75,12,False,0,True,0,linear,normal_operation,stationary_sub_kw_zero_drift,True,,excluded,stationary_only_without_sailing_task
2024-07-02 14:10:48,7月2日14_00_7月2日18_00,0,0,0,0,0,0,0,0,0.00056,90.5,0.00056,85.1,0.000561,91.2,0.000561,91.6,-0.021356,91.6,0.000562,91.3,0,0,0,0,0,0,0,0,0,0.000561,86.6,0.000562,94.4,-0.021918,91.2,-0.023562,91.3,-0.005058,91.9,-0.03372,92.3,0,0,-0.101687,0,90.75,12,False,0,True,0,linear,normal_operation,stationary_sub_kw_zero_drift,True,,excluded,stationary_only_without_sailing_task
2024-07-02 14:11:18,7月2日14_00_7月2日18_00,0,0,0,0,0,0,0,0,0.00056,90.5,0.00056,85.1,0.000561,91.2,0.000561,91.6,-0.020794,91.6,0.000562,91.3,0,0,0,0,0,0,0,0,0,0.000561,86.6,0.000562,94.4,-0.021918,91.2,-0.023562,91.3,-0.006182,91.9,-0.03372,92.3,0,0,-0.102249,0,90.75,12,False,0,True,0,linear,normal_operation,stationary_sub_kw_zero_drift,True,,excluded,stationary_only_without_sailing_task
2024-07-02 14:11:48,7月2日14_00_7月2日18_00,0,0,0,0,0,0,0,0,0.00056,90.5,0.00056,85.1,0.000561,91.2,0.000561,91.6,-0.020794,91.6,0.000562,91.3,0,0,0,0,0,0,0,0,0,0.000561,86.6,0.000562,94.4,-0.021918,91.2,-0.021879,91.3,-0.00562,91.9,-0.03372,92.3,0,0,-0.100004,0,90.75,12,False,0,True,0,linear,normal_operation,stationary_sub_kw_zero_drift,True,,excluded,stationary_only_without_sailing_task
2024-07-02 14:12:18,7月2日14_00_7月2日18_00,0,0,0,0,0,0,0,0,0.00056,90.5,0.00056,85.1,0.000561,91.2,0.000561,91.6,-0.020794,91.6,0.000562,91.3,0,0,0,0,0,0,0,0,0,0.000561,86.6,0.000562,94.4,-0.021918,91.2,-0.02244,91.3,-0.006744,91.9,-0.03372,92.3,0,0,-0.101689,0,90.75,12,False,0,True,0,linear,normal_operation,stationary_sub_kw_zero_drift,True,,excluded,stationary_only_without_sailing_task
2024-07-02 14:12:49,7月2日14_00_7月2日18_00,0,0,0,0,0,0,0,0,0.00056,90.5,0.00056,85.1,0.000561,91.2,0.000561,91.6,-0.020794,91.6,0.000562,91.3,0,0,0,0,0,0,0,0,0,0.000561,86.6,0.000562,94.4,-0.021918,91.2,-0.021918,91.3,-0.006744,91.9,-0.03372,92.3,0,0,-0.101167,0,90.75,12,False,0,True,0,linear,normal_operation,stationary_sub_kw_zero_drift,True,,excluded,stationary_only_without_sailing_task
2024-07-02 14:13:18,7月2日14_00_7月2日18_00,0,0,0,0,0,0,0,0,0.00056,90.5,0.00056,85.1,0.000561,91.2,0.000561,91.6,-0.020794,91.6,0.000562,91.3,0,0,0,0,0,0,0,0,0,0.000561,86.6,0.000562,94.4,-0.021918,91.2,-0.021918,91.3,-0.006182,91.9,-0.03372,92.3,0,0,-0.100605,0,90.75,12,False,0,True,0,linear,normal_operation,stationary_sub_kw_zero_drift,True,,excluded,stationary_only_without_sailing_task
2024-07-02 14:13:48,7月2日14_00_7月2日18_00,0,0,0,0,0,0,0,0,0.00056,90.5,0.00056,85.1,0.000561,91.2,0.000561,91.6,-0.020794,91.6,0.000562,91.3,0,0,0,0,0,0,0,0,0,0.000561,86.6,0.000562,94.4,-0.021918,91.2,-0.021918,91.3,-0.006182,91.9,-0.03372,92.3,0,0,-0.100605,0,90.75,12,False,0,True,0,linear,normal_operation,stationary_sub_kw_zero_drift,True,,excluded,stationary_only_without_sailing_task
2024-07-02 14:14:18,7月2日14_00_7月2日18_00,0,0,0,0,0,0,0,0,0.00056,90.5,0.00056,85.1,0.000561,91.2,0.000561,91.6,-0.020794,91.6,0.000562,91.3,0,0,0,0,0,0,0,0,0,0.000561,86.6,0.000562,94.4,-0.021918,91.2,-0.023604,91.3,-0.00562,91.9,-0.03372,92.3,0,0,-0.101729,0,90.75,12,False,0,True,0,linear,normal_operation,stationary_sub_kw_zero_drift,True,,excluded,stationary_only_without_sailing_task
2024-07-02 14:14:48,7月2日14_00_7月2日18_00,0,0,0,0,0,0,0,0,0.00056,90.5,0.00056,85.1,0.000561,91.2,0.000561,91.6,-0.020794,91.6,0.000562,91.3,0,0,0,0,0,0,0,0,0,0.000561,86.6,0.000562,94.4,-0.021918,91.2,-0.023604,91.3,-0.006744,91.9,-0.03372,92.3,0,0,-0.102853,0,90.75,12,False,0,True,0,linear,normal_operation,stationary_sub_kw_zero_drift,True,,excluded,stationary_only_without_sailing_task
2024-07-02 14:15:18,7月2日14_00_7月2日18_00,0,0,0,0,0,0,0,0,0.00056,90.5,0.00056,85.1,0.000561,91.2,0.000561,91.6,-0.020794,91.6,0.000562,91.3,0,0,0,0,0,0,0,0,0,0.000561,86.6,0.000562,94.4,-0.021918,91.2,-0.023604,91.3,-0.005058,91.9,-0.03372,92.3,0,0,-0.101167,0,90.75,12,False,0,True,0,linear,normal_operation,stationary_sub_kw_zero_drift,True,,excluded,stationary_only_without_sailing_task
2024-07-02 14:15:48,7月2日14_00_7月2日18_00,0,0,0,0,0,0,0,0,0.00056,90.5,0.00056,85.1,0.000561,91.2,0.000561,91.6,-0.020794,91.6,0.000562,91.3,0,0,0,0,0,0,0,0,0,0.000561,86.6,0.000562,94.4,-0.021918,91.2,-0.021918,91.3,-0.006744,91.9,-0.03372,92.3,0,0,-0.101167,0,90.75,12,False,0,True,0,linear,normal_operation,stationary_sub_kw_zero_drift,True,,excluded,stationary_only_without_sailing_task
2024-07-02 14:16:18,7月2日14_00_7月2日18_00,0,0,0,0,0,0,0,0,0.00056,90.5,0.00056,85.1,0.000561,91.2,0.000561,91.6,-0.020794,91.6,0.000562,91.3,0,0,0,0,0,0,0,0,0,0.000561,86.6,0.000562,94.4,-0.021918,91.2,-0.021918,91.3,-0.005058,91.9,-0.03372,92.3,0,0,-0.099481,0,90.75,12,False,0,True,0,linear,normal_operation,stationary_sub_kw_zero_drift,True,,excluded,stationary_only_without_sailing_task
2024-07-02 14:16:48,7月2日14_00_7月2日18_00,0,0,0,0,0,0,0,0,0.00056,90.5,0.00056,85.1,0.000561,91.2,0.000561,91.6,-0.020794,91.6,0.000562,91.3,0,0,0,0,0,0,0,0,0,0.000561,86.6,0.000562,94.4,-0.021918,91.2,-0.021918,91.3,-0.00562,91.9,-0.03372,92.3,0,0,-0.100043,0,90.75,12,False,0,True,0,linear,normal_operation,stationary_sub_kw_zero_drift,True,,excluded,stationary_only_without_sailing_task
2024-07-02 14:17:18,7月2日14_00_7月2日18_00,0,0,0,0,0,0,0,0,0.00056,90.5,0.00056,85.1,0.000561,91.2,0.000561,91.6,-0.020794,91.6,0.000562,91.3,0,0,0,0,0,0,0,0,0,0.000561,86.6,0.000562,94.4,-0.021918,91.2,-0.021918,91.3,-0.006744,91.9,-0.03372,92.3,0,0,-0.101167,0,90.75,12,False,0,True,0,linear,normal_operation,stationary_sub_kw_zero_drift,True,,excluded,stationary_only_without_sailing_task
2024-07-02 14:17:48,7月2日14_00_7月2日18_00,0,0,0,0,0,0,0,0,0.00056,90.5,0.00056,85.1,0.000561,91.2,0.000561,91.6,-0.020794,91.6,0.000562,91.3,0,0,0,0,0,0,0,0,0,0.000561,86.6,0.000562,94.4,-0.021918,91.2,-0.021918,91.3,-0.006744,91.9,-0.03372,92.3,0,0,-0.101167,0,90.75,12,False,0,True,0,linear,normal_operation,stationary_sub_kw_zero_drift,True,,excluded,stationary_only_without_sailing_task
2024-07-02 14:18:19,7月2日14_00_7月2日18_00,0,0,0,0,0,0,0,0,0.00056,90.5,0.00056,85.1,0.000561,91.2,0.000561,91.6,-0.020794,91.6,0.000562,91.3,0,0,0,0,0,0,0,0,0,0.000561,86.6,0.000562,94.4,-0.021918,91.2,-0.021918,91.3,-0.005058,91.9,-0.034282,92.3,0,0,-0.100043,0,90.75,12,False,0,True,0,linear,normal_operation,stationary_sub_kw_zero_drift,True,,excluded,stationary_only_without_sailing_task
2024-07-02 14:18:48,7月2日14_00_7月2日18_00,0,0,0,0,0,0,0,0,0.00056,90.5,0.00056,85.1,0.000561,91.2,0.000561,91.6,-0.020794,91.6,0.000562,91.3,0,0,0,0,0,0,0,0,0,0.000561,86.6,0.000562,94.4,-0.021918,91.2,-0.021918,91.3,-0.005058,91.9,-0.03372,92.3,0,0,-0.099481,0,90.75,12,False,0,True,0,linear,normal_operation,stationary_sub_kw_zero_drift,True,,excluded,stationary_only_without_sailing_task
2024-07-02 14:19:18,7月2日14_00_7月2日18_00,0,0,0,0,0,0,0,0,0.00056,90.5,0.00056,85.1,0.000561,91.2,0.000561,91.6,-0.020794,91.6,0.000562,91.3,0,0,0,0,0,0,0,0,0,0.000561,86.6,0.000562,94.4,-0.021918,91.2,-0.021918,91.3,-0.005058,91.9,-0.034282,92.3,0,0,-0.100043,0,90.75,12,False,0,True,0,linear,normal_operation,stationary_sub_kw_zero_drift,True,,excluded,stationary_only_without_sailing_task
2024-07-02 14:19:48,7月2日14_00_7月2日18_00,0,0,0,0,0,0,0,0,0.00056,90.5,0.00056,85.1,0.000561,91.2,0.000561,91.6,-0.020794,91.6,0.000562,91.3,0,0,0,0,0,0,0,0,0,0.000561,86.6,0.000562,94.4,-0.021918,91.2,-0.021918,91.3,-0.006744,91.9,-0.03372,92.3,0,0,-0.101167,0,90.75,12,False,0,True,0,linear,normal_operation,stationary_sub_kw_zero_drift,True,,excluded,stationary_only_without_sailing_task
2024-07-02 14:20:18,7月2日14_00_7月2日18_00,0,0,0,0,0,0,0,0,1.148,90.5,0.00056,85.1,0.000561,91.2,0.000561,91.6,-0.020794,91.6,0.86548,91.3,0,0,0,0,0,0,0,0,0,1.43616,86.6,1.86813,94.4,-1.30384,91.2,-1.64104,91.3,-0.015736,91.9,-0.052828,92.3,0,0,2.285214,2.285214,90.75,12,False,0,True,0,linear,normal_operation,none,True,,excluded,stationary_only_without_sailing_task
2024-07-02 14:27:48,7月2日14_00_7月2日18_00,0,0,0,0,0,0,0,0,6.394,90.1,6.672,84.8,6.684,90.9,6.5726,91.3,5.00864,91.3,5.7018,90.9,38.4,0,0,0,0,0,0,0,0,6.4055,86.2,6.3054,94,4.8633,90.9,4.99968,91,7.5752,91.5,7.5752,91.9,37.3,0,74.75732,74.75732,90.4,12,False,75.7,True,0,linear,normal_operation,none,True,,excluded,long_stop_dwell_core
2024-07-02 14:28:18,7月2日14_00_7月2日18_00,0,0,0,0,0,0,0,0,6.2828,90.1,6.394,84.7,6.684,90.9,6.127,91.2,6.138,91.2,5.859,90.9,38.9,0,0,0,0,0,0,0,0,8.5778,86.2,8.4107,94,6.8634,90.9,6.8634,91,3.28662,91.5,3.71628,91.9,37.4,0,75.203,75.203,90.375,12,False,76.3,True,0,linear,normal_operation,none,True,,excluded,long_stop_dwell_core
2024-07-02 14:28:48,7月2日14_00_7月2日18_00,0,0,0,0,0,0,0,0,6.394,90.1,6.2828,84.7,6.5726,90.8,6.127,91.2,6.138,91.2,6.417,90.9,38.3,0,0,0,0,0,0,0,0,4.27776,86.2,3.85578,94,6.5844,90.8,6.417,90.9,7.9651,91.5,8.2436,91.8,37.9,0,75.27504,75.27504,90.3416666667,12,False,76.2,True,0,linear,normal_operation,none,True,,excluded,long_stop_dwell_core
2024-07-02 14:29:18,7月2日14_00_7月2日18_00,0,0,0,0,0,0,0,0,6.672,90,7.1168,84.7,3.70962,90.8,3.5648,91.2,7.8678,91.2,8.7048,90.8,38.4,0,0,0,0,0,0,0,0,5.55886,86.1,5.42934,93.9,6.5844,90.8,6.3054,90.9,6.684,91.4,6.9625,91.8,37.4,0,75.16032,75.16032,90.3,12,False,75.8,True,0,linear,normal_operation,none,True,,excluded,long_stop_dwell_core
2024-07-02 14:29:48,7月2日14_00_7月2日18_00,0,0,0,0,0,0,0,0,8.2288,90,8.2288,84.6,6.684,90.8,6.684,91.1,3.71628,91.1,4.57002,90.8,39.2,0,0,0,0,0,0,0,0,4.99072,86.1,5.14476,93.9,5.42934,90.8,5.42934,90.9,4.28544,91.4,4.43052,91.8,28.9,0,67.82202,67.82202,90.275,12,False,68.1,True,0,linear,normal_operation,none,True,,excluded,long_stop_dwell_core
2024-07-02 14:30:18,7月2日14_00_7月2日18_00,0,0,0,0,0,0,0,0,6.5608,89.9,6.672,84.6,3.70962,90.7,3.70962,91.1,4.7151,91.1,4.7151,90.8,30.7,0,0,0,0,0,0,0,0,6.4055,86.1,6.0264,93.9,6.5844,90.7,6.3054,90.8,2.14272,91.4,1.99764,91.8,29,0,59.5443,59.5443,90.2416666667,12,False,59.7,True,0,linear,normal_operation,none,True,,excluded,long_stop_dwell_core
2024-07-02 14:30:48,7月2日14_00_7月2日18_00,0,0,0,0,0,0,0,0,3.27484,89.9,3.28073,84.6,4.27776,90.7,3.99369,91.1,7.5888,91.1,7.9794,90.7,31.1,0,0,0,0,0,0,0,0,3.14154,86.1,3.28662,93.9,2.43165,90.7,2.14272,90.8,5.56884,91.4,5.859,91.7,21.2,0,52.82559,52.82559,90.225,12,False,52.3,True,0,linear,normal_operation,none,True,,excluded,long_stop_dwell_core
2024-07-02 14:31:18,7月2日14_00_7月2日18_00,0,0,0,0,0,0,0,0,5.26532,89.9,5.6712,84.5,6.5726,90.7,6.4055,91.1,3.42612,91,3.71628,90.7,30.2,0,0,0,0,0,0,0,0,4.70665,86,4.28544,93.8,5.42934,90.7,5.28426,90.8,1.2834,91.3,1.2834,91.7,21.2,0,53.32951,53.32951,90.1833333333,12,False,51.4,True,0,linear,normal_operation,none,True,,excluded,long_stop_dwell_core
2024-07-02 14:31:48,7月2日14_00_7月2日18_00,0,0,0,0,0,0,0,0,6.116,89.9,6.394,84.5,5.13554,90.6,4.42258,91,4.14778,91,4.43052,90.7,31.1,0,0,0,0,0,0,0,0,5.13554,86,4.8546,93.8,3.14717,90.7,2.85696,90.8,3.00204,91.3,3.14154,91.7,21,0,52.78427,52.78427,90.1666666667,12,False,52.1,True,0,linear,normal_operation,none,True,,excluded,long_stop_dwell_core
2024-07-02 14:32:18,7月2日14_00_7月2日18_00,0,0,0,0,0,0,0,0,3.84196,89.8,3.99369,84.5,3.28073,90.6,3.28073,91,7.3098,91,7.7004,90.6,31.3,0,0,0,0,0,0,0,0,4.27776,86,4.14036,93.8,3.00742,90.7,2.86208,90.8,3.71628,91.3,4.14036,91.7,21,0,51.55157,51.55157,90.15,12,False,52.3,True,0,linear,normal_operation,none,True,,excluded,long_stop_dwell_core
2024-07-02 14:32:48,7月2日14_00_7月2日18_00,0,0,0,0,0,0,0,0,3.41998,89.8,3.5648,84.5,6.8511,90.6,6.5726,91,4.8546,90.9,5.56884,90.6,30.7,0,0,0,0,0,0,0,0,4.56183,86,4.28544,93.8,3.29251,90.6,3.42612,90.7,3.14154,91.3,3.14154,91.7,21.1,0,52.6809,52.6809,90.125,12,False,51.8,True,0,linear,normal_operation,none,True,,excluded,long_stop_dwell_core
2024-07-02 14:33:19,7月2日14_00_7月2日18_00,0,0,0,0,0,0,0,0,7.1168,89.8,7.3948,84.4,7.1296,90.6,6.8511,90.9,4.7151,90.9,4.7151,90.6,37.4,0,0,0,0,0,0,0,0,3.99369,85.9,3.85578,93.7,2.71674,90.6,2.57699,90.7,4.57002,91.3,4.43052,91.6,21.2,0,60.06624,60.06624,90.0833333333,12,False,58.6,True,0,linear,normal_operation,none,True,,excluded,long_stop_dwell_core
2024-07-02 14:33:48,7月2日14_00_7月2日18_00,0,0,0,0,0,0,0,0,6.672,89.8,6.5608,84.4,5.8485,90.5,5.6814,90.9,5.859,90.9,6.417,90.6,38.7,0,0,0,0,0,0,0,0,3.42612,85.9,3.28662,93.7,5.00864,90.6,4.7151,90.7,2.57238,91.2,2.57238,91.6,21,0,58.61994,58.61994,90.0666666667,12,False,59.7,True,0,linear,normal_operation,none,True,,excluded,long_stop_dwell_core
2024-07-02 14:34:18,7月2日14_00_7月2日18_00,0,0,0,0,0,0,0,0,6.2828,89.7,6.5608,84.3,5.27479,90.5,5.13554,90.9,6.975,90.9,7.1424,90.5,38.7,0,0,0,0,0,0,0,0,3.71628,85.9,3.71628,93.7,5.42934,90.6,5.56884,90.7,2.00122,91.2,2.00122,91.6,21.3,0,59.80451,59.80451,90.0416666667,12,False,60,True,0,linear,normal_operation,none,True,,excluded,long_stop_dwell_core
2024-07-02 14:34:48,7月2日14_00_7月2日18_00,0,0,0,0,0,0,0,0,7.1168,89.7,7.1168,84.3,7.2836,90.5,6.95,90.9,4.43052,90.8,4.8546,90.5,38.2,0,0,0,0,0,0,0,0,3.00204,85.9,2.85696,93.7,5.28426,90.6,5.14476,90.7,3.00204,91.2,3.14154,91.6,21.1,0,60.18392,60.18392,90.0333333333,12,False,59.3,True,0,linear,normal_operation,none,True,,excluded,quality_cut_without_natural_transition
2024-07-02 14:35:18,7月2日14_00_7月2日18_00,0,0,0,0,0,0,0,0,6.5608,89.7,7.1168,84.3,8.1176,90.4,7.8396,90.8,7.9794,90.8,7.4214,90.5,38.5,0,0,0,0,0,0,0,0,5.41961,85.9,4.99968,93.7,4.14778,90.5,3.85578,90.6,7.8678,91.2,5.859,91.6,21.1,0,77.18525,77.18525,90,12,False,59.6,True,0,linear,normal_operation,none,True,,excluded,quality_cut_without_natural_transition
2024-07-02 14:35:48,7月2日14_00_7月2日18_00,0,0,0,0,0,0,0,0,7.2836,89.6,7.2836,84.2,6.5608,90.4,6.2828,90.8,6.138,90.8,6.138,90.4,41.8,0,0,0,0,0,0,0,0,5.41961,85.8,5.14476,93.6,3.72294,90.5,3.5712,90.6,3.14154,91.2,3.14154,91.5,23.6,0,63.82839,63.82839,89.95,12,False,65.4,True,0.0047619047619,linear,normal_operation,none,True,,excluded,quality_cut_without_natural_transition
2024-07-02 14:36:18,7月2日14_00_7月2日18_00,0,0,0,0,0,0,0,0,8.3805,89.6,8.6736,84.2,9.1184,90.3,8.3956,90.7,10.6944,90.7,11.2514,90.4,39.2,0,0,0,0,0,0,0,0,7.5752,85.8,7.2967,93.6,7.5888,90.5,7.4214,90.6,10.9729,91.1,11.4185,91.5,22.8,0,108.7874,108.7874,89.9166666667,12,False,62,True,0.1,linear,normal_operation,none,True,,excluded,quality_cut_without_natural_transition
2024-07-02 14:36:48,7月2日14_00_7月2日18_00,0,0,0,0,0,0,0,0,7.3815,89.5,6.95,84.1,4.56183,90.3,3.99369,90.7,10.6944,90.7,9.9703,90.3,39.2,0,0,0,0,0,0,0,0,8.5778,85.8,8.2436,93.6,8.2584,90.4,8.1322,90.5,9.1348,91.1,9.4133,91.5,22.1,0,95.31182,95.31182,89.875,12,False,61.3,True,0.1,linear,normal_operation,none,True,,excluded,quality_cut_without_natural_transition
2024-07-02 14:37:18,7月2日14_00_7月2日18_00,0,0,0,0,0,0,0,0,5.26532,89.5,5.26532,84.1,2.70702,90.3,2.42295,90.7,7.2967,90.6,7.8537,90.3,30.4,0,0,0,0,0,0,0,0,15.207,85.7,15.5124,93.5,17.0692,90.4,16.7912,90.5,16.2352,91,15.5124,91.4,28.9,0,127.13841,127.13841,89.8333333333,12,False,59.3,True,0.1,linear,normal_operation,none,True,,excluded,quality_cut_without_natural_transition
2024-07-02 14:37:48,7月2日14_00_7月2日18_00,0,0,0,0,0,0,0,0,4.12552,89.5,4.55364,84.1,7.5616,90.3,7.2836,90.7,3.42612,90.6,3.71628,90.2,31.1,0,0,0,0,0,0,0,0,8.5624,85.6,8.2288,93.4,6.9625,90.3,6.4055,90.4,7.9508,91,8.2288,91.3,28.8,0,77.00556,77.00556,89.7833333333,12,False,59.9,True,0.0952380952381,linear,normal_operation,none,True,,excluded,quality_cut_without_natural_transition
2024-07-02 14:38:18,7月2日14_00_7月2日18_00,0,0,0,0,0,0,0,0,6.116,89.4,6.2828,84.1,4.27776,90.2,4.13294,90.6,4.57002,90.6,4.7151,90.2,31.6,0,0,0,0,0,0,0,0,8.9516,85.6,8.6892,93.4,6.8511,90.3,6.5726,90.4,8.5778,90.9,9.1184,91.3,36.5,0,78.85532,78.85532,89.75,12,False,68.1,True,0,linear,normal_operation,none,True,,excluded,quality_cut_without_natural_transition
2024-07-02 14:38:48,7月2日14_00_7月2日18_00,0,0,0,0,0,0,0,0,4.41464,89.4,4.41464,84,5.13554,90.2,4.99072,90.6,6.138,90.5,6.417,90.2,31.9,0,0,0,0,0,0,0,0,8.5624,85.5,8.2436,93.4,7.4081,90.2,6.8511,90.3,9.3964,90.9,9.6744,91.2,36.8,0,81.64654,81.64654,89.7,12,False,68.7,True,0,linear,normal_operation,none,True,,excluded,quality_cut_without_natural_transition
2024-07-02 14:39:18,7月2日14_00_7月2日18_00,0,0,0,0,0,0,0,0,6.5608,89.4,6.5608,84,8.9516,90.2,8.6736,90.6,9.1348,90.5,8.5932,90.2,31.6,0,0,0,0,0,0,0,0,7.5616,85.5,7.5752,93.3,7.6866,90.2,7.8537,90.3,3.5648,90.8,3.28073,91.2,37.1,0,85.99743,85.99743,89.6833333333,12,False,68.7,True,0,linear,normal_operation,none,True,,excluded,quality_cut_without_natural_transition
2024-07-02 14:39:48,7月2日14_00_7月2日18_00,0,0,0,0,0,0,0,0,17.8942,89.3,18.1712,83.9,19.5562,90.1,18.836,90.5,14.9564,90.4,15.6792,90.1,31.1,0,0,0,0,0,0,0,0,18.559,85.4,18.759,93.2,23.865,90.1,24.0315,90.2,21.756,90.8,21.5895,91.1,37.5,0,233.6532,233.6532,89.5916666667,12,False,68.6,True,0.2,exact,normal_operation,none,True,,excluded,quality_cut_without_natural_transition
2024-07-02 14:40:18,7月2日14_00_7月2日18_00,0,0,0,0,0,0,0,0,17.696,89.2,18.249,83.8,17.451,90,16.897,90.4,16.5132,90.4,16.958,90,39.4,0,0,0,0,0,0,0,0,23.6684,85.3,23.3788,93.1,26.9244,90,24.8192,90.1,23.7112,90.6,23.9882,91,37.2,0,250.2544,250.2544,89.4916666667,12,False,76.6,True,1.55,linear,normal_operation,none,True,,excluded,quality_cut_without_natural_transition
2024-07-02 14:40:48,7月2日14_00_7月2日18_00,0,0,0,0,0,0,0,0,18.4149,89.1,18.6914,83.7,17.174,89.9,16.4538,90.3,19.758,90.3,19.869,89.9,37.9,0,0,0,0,0,0,0,0,17.451,85.2,17.0385,93,14.5116,89.9,14.9295,90,16.317,90.6,17.0385,90.9,37.6,0,207.6472,207.6472,89.4,12,False,75.5,True,3,linear,normal_operation,none,True,,excluded,quality_cut_without_natural_transition
2024-07-02 14:41:18,7月2日14_00_7月2日18_00,0,0,0,0,0,0,0,0,20.6448,89,20.9587,83.6,20.4057,89.8,19.1338,90.2,18.204,90.2,18.0375,89.8,38.8,0,0,0,0,0,0,0,0,26.0463,85.1,25.4933,92.9,32.6823,89.8,32.8482,89.9,26.0463,90.5,26.4887,90.8,37.4,0,286.9896,286.9896,89.3,12,False,76.2,True,2.615,linear,normal_operation,none,True,,excluded,quality_cut_without_natural_transition
2024-07-02 14:41:48,7月2日14_00_7月2日18_00,0,0,0,0,0,0,0,0,7.2705,89,8.103,83.6,5.26532,89.7,3.5584,90.2,9.4133,90.1,9.8412,89.7,38.3,0,0,0,0,0,0,0,0,28.5384,85,28.8144,92.8,22.8248,89.6,20.9966,89.7,20.9587,90.3,21.7882,90.7,37.7,0,187.37282,187.37282,89.2,12,False,76,True,1.5,exact,normal_operation,none,True,,excluded,quality_cut_without_natural_transition
2024-07-02 14:42:19,7月2日14_00_7月2日18_00,0,0,0,0,0,0,0,0,46.306,88.8,46.1416,83.4,57.982,89.6,55.794,90,33.0648,90,34.0584,89.6,38.8,0,0,0,0,0,0,0,0,37.18,84.8,36.5313,92.6,43.1433,89.4,42.955,89.5,40.81,90.1,41.69,90.5,38.6,0,515.6564,515.6564,89.025,12,False,77.4,True,2.8,linear,normal_operation,none,True,,excluded,quality_cut_without_natural_transition
2024-07-02 14:42:48,7月2日14_00_7月2日18_00,0,0,0,0,0,0,0,0,52.416,88.5,52.5798,83.1,45.3196,89.3,44.0592,89.7,50.6178,89.7,52.9785,89.4,38.9,0,0,0,0,0,0,0,0,47.676,84.5,47.128,92.3,47.214,89.1,48.0924,89.2,49.8132,89.8,49.1008,90.2,38.2,0,586.9953,586.9953,88.7333333333,12,False,77.1,True,9.27,linear,normal_operation,none,True,,excluded,quality_cut_without_natural_transition
2024-07-02 14:43:18,7月2日14_00_7月2日18_00,0,0,0,0,0,0,0,0,36.9477,88.3,37.1124,82.9,39.7476,89,37.9359,89.5,43.34,89.5,44.66,89.1,32.5,0,0,0,0,0,0,0,0,40.626,84.2,40.7,92.1,36.6966,88.9,37.3578,89,35.9803,89.6,35.815,89.9,39.2,0,466.9193,466.9193,88.5,12,False,71.7,True,10.6,linear,normal_operation,none,True,,excluded,quality_cut_without_natural_transition
2024-07-02 14:43:48,7月2日14_00_7月2日18_00,0,0,0,0,0,0,0,0,39.6752,88.1,39.7476,82.7,39.27,88.8,37.18,89.3,39.3414,89.3,39.7822,88.9,30.9,0,0,0,0,0,0,0,0,37.015,84,36.8068,91.8,38.9557,88.7,39.8924,88.8,38.7904,89.4,39.6169,89.7,38.8,0,466.0736,466.0736,88.2916666667,12,False,69.7,True,10.2,exact,normal_operation,none,True,,excluded,quality_cut_without_natural_transition
2024-07-02 14:44:19,7月2日14_00_7月2日18_00,0,0,0,0,0,0,0,0,38.9241,87.9,39.9123,82.5,41.6142,88.6,39.7476,89.1,39.5067,89,39.8924,88.6,33.1,0,0,0,0,0,0,0,0,42.4377,83.8,42.515,91.6,43.1433,88.5,43.505,88.6,44.055,89.2,45.045,89.5,38.8,0,500.2983,500.2983,88.075,12,False,71.9,True,10.2,linear,normal_operation,none,True,,excluded,quality_cut_without_natural_transition
2024-07-02 14:44:49,7月2日14_00_7月2日18_00,0,0,0,0,0,0,0,0,60.495,87.6,61.585,82.2,69.215,88.3,65.945,88.8,55.896,88.8,56.444,88.4,31.8,0,0,0,0,0,0,0,0,56.341,83.5,55.794,91.4,56.992,88.2,56.992,88.3,60.17,88.9,60.717,89.2,45.9,0,716.586,716.586,87.8,12,False,77.7,True,11.2,linear,normal_operation,none,True,,excluded,quality_cut_without_natural_transition
2024-07-02 14:45:19,7月2日14_00_7月2日18_00,0,0,0,0,0,0,0,0,62.56,87.2,62.56,81.8,60.606,87.9,57.876,88.4,63.336,88.4,64.428,88,31.1,0,0,0,0,0,0,0,0,56.784,83.2,56.888,91.1,53.253,87.9,53.156,88,53.0464,88.6,53.8684,88.9,30.3,0,698.3618,698.3618,87.45,12,False,61.4,True,11.3263157895,linear,normal_operation,none,True,,excluded,quality_cut_without_natural_transition
2024-07-02 14:45:49,7月2日14_00_7月2日18_00,0,0,0,0,0,0,0,0,59.95,86.9,60.495,81.5,64.855,87.6,61.585,88.1,61.698,88.1,63.336,87.7,33.7,0,0,0,0,0,0,0,0,57.876,82.9,57.435,90.7,58.636,87.6,58.088,87.7,56.444,88.3,57.54,88.6,32.9,0,717.938,717.938,87.1416666667,12,False,66.6,True,11.4,linear,normal_operation,none,True,,excluded,quality_cut_without_natural_transition
2024-07-02 14:46:19,7月2日14_00_7月2日18_00,0,0,0,0,0,0,0,0,55.59,86.6,56.784,81.2,54.2077,87.3,51.2539,87.8,56.888,87.8,57.435,87.3,32,0,0,0,0,0,0,0,0,41.0652,82.6,40.15,90.5,38.7904,87.3,38.0741,87.4,33.8314,88,34.162,88.3,31.4,0,558.2317,558.2317,86.8416666667,12,False,63.4,True,11.1947368421,linear,normal_operation,none,True,,excluded,quality_cut_without_natural_transition
2024-07-02 14:46:49,7月2日14_00_7月2日18_00,0,0,0,0,0,0,0,0,36.3987,86.4,36.8379,81,39.4731,87.1,37.5516,87.6,40.975,87.5,42.515,87.1,41,1,0,1,0,1,0,1,0,33.5559,82.4,32.7294,90.3,31.1339,87.1,30.5256,87.2,32.7888,87.8,34.224,88.1,32.9,4,428.7089,432.7089,86.6333333333,12,False,73.9,True,10.9608695652,linear,normal_operation,none,True,,excluded,quality_cut_without_natural_transition
2024-07-02 14:47:19,7月2日14_00_7月2日18_00,0,0,0,0,0,0,0,0,38.6496,86.2,39.0888,80.7,39.71,86.8,37.455,87.4,38.0741,87.3,38.6251,86.9,42.5,22,0,1,0,1,0,1,0,31.0213,82.2,29.808,90.1,30.7468,86.9,30.7468,87.1,28.756,87.6,29.309,88,31.4,25,411.9905,436.9905,86.4333333333,12,False,73.9,True,10.2388888889,linear,normal_operation,none,True,,excluded,quality_cut_without_natural_transition
2024-07-02 14:47:49,7月2日14_00_7月2日18_00,0,0,0,0,0,0,0,0,38.2104,85.9,38.6496,80.5,39.16,86.6,37.62,87.2,37.3578,87.1,38.3496,86.7,41.2,22,0,21,0,1,0,1,0,27.5448,82.1,27.3182,89.9,28.0371,86.8,26.5993,86.9,26.0463,87.5,26.7652,87.8,33.1,45,391.6583,436.6583,86.25,12,False,74.3,True,10.2,linear,normal_operation,none,True,,excluded,quality_cut_without_natural_transition
2024-07-02 14:48:19,7月2日14_00_7月2日18_00,0,0,0,0,0,0,0,0,39.3633,85.7,39.0888,80.3,39.71,86.4,38.005,87,39.6169,86.9,40.3332,86.5,40.9,23,0,12,0,1,0,24,0,26.7168,81.9,26.2122,89.8,23.7112,86.6,24.2652,86.8,25.8804,87.3,26.4887,87.7,32.9,60,389.3917,449.3917,86.075,12,False,73.8,True,10.14,linear,normal_operation,none,True,,excluded,quality_cut_without_natural_transition
2024-07-02 14:48:49,7月2日14_00_7月2日18_00,0,0,0,0,0,0,0,0,37.2222,85.5,37.6614,80.1,38.17,86.2,36.74,86.8,38.0741,86.7,38.9557,86.3,33.8,22,0,12,0,19,0,24,0,21.5117,81.8,20.9966,89.7,23.822,86.5,23.545,86.6,21.7168,87.2,21.5506,87.5,31.6,77,359.9661,436.9661,85.9083333333,12,False,65.4,True,10.1,linear,normal_operation,none,True,,excluded,quality_cut_without_natural_transition
2024-07-02 14:49:19,7月2日14_00_7月2日18_00,0,0,0,0,0,0,0,0,36.3987,85.3,36.6732,79.9,38.17,86,36.74,86.6,37.3578,86.5,38.0741,86,32.8,23,0,18,0,23,0,24,0,20.8304,81.7,20.7196,89.6,21.867,86.4,21.9938,86.5,20.0355,87.1,20.9966,87.4,32.9,88,349.8567,437.8567,85.75,12,False,65.7,True,10.1,linear,normal_operation,none,True,,excluded,quality_cut_without_natural_transition
2024-07-02 14:49:49,7月2日14_00_7月2日18_00,0,0,0,0,0,0,0,0,36.3987,85.1,36.8379,79.7,40.975,85.7,38.72,86.4,36.9721,86.3,38.5149,85.8,39.7,23,0,13,0,23,0,24,0,22.3412,81.6,21.9938,89.4,20.313,86.3,19.758,86.4,22.2708,87,22.714,87.3,31.7,83,357.8094,440.8094,85.5833333333,12,False,71.4,True,10.0285714286,linear,normal_operation,none,True,,excluded,quality_cut_without_natural_transition
2024-07-02 14:50:19,7月2日14_00_7月2日18_00,0,0,0,0,0,0,0,0,37.9359,84.9,38.3751,79.5,37.895,85.5,37.455,86.2,37.7986,86.1,38.5149,85.6,39.8,23,0,13,0,23,0,24,0,20.5534,81.5,20.7196,89.3,25.3732,86.2,24.653,86.3,21.0345,86.9,21.0345,87.2,33,83,361.3427,444.3427,85.4333333333,12,False,72.8,True,10.2,linear,normal_operation,none,True,,excluded,quality_cut_without_natural_transition
2024-07-02 14:50:49,7月2日14_00_7月2日18_00,0,0,0,0,0,0,0,0,37.2222,84.7,38.2104,79.3,37.015,85.3,34.76,86,38.5149,85.9,38.7904,85.4,43.4,23,0,13,0,23,0,24,0,20.7196,81.4,20.4426,89.2,18.315,86,18.4815,86.2,22.3816,86.8,22.714,87.1,32.5,83,347.5672,430.5672,85.275,12,False,75.9,True,9.66111111111,linear,normal_operation,none,True,,excluded,quality_cut_without_natural_transition
2024-07-02 14:51:20,7月2日14_00_7月2日18_00,0,0,0,0,0,0,0,0,37.9359,84.5,38.9241,79.1,40.535,85.1,38.005,85.8,36.8068,85.7,37.0823,85.2,44.2,23,0,13,0,23,0,24,0,21.7168,81.2,21.5506,89.1,20.757,85.9,20.313,86.1,20.313,86.7,20.5905,87,31.3,83,354.53,437.53,85.1166666667,12,False,75.5,True,9,linear,normal_operation,none,True,,excluded,quality_cut_without_natural_transition
2024-07-02 14:51:49,7月2日14_00_7月2日18_00,0,0,1,0,0,0,0,0,38.4849,84.3,38.9241,78.9,38.885,84.9,36.905,85.5,38.3496,85.4,39.3414,85,43.7,23,0,13,0,23,0,25,0,20.9966,81.1,20.8304,89,23.31,85.8,22.8248,85.9,20.313,86.5,20.4795,86.8,33.2,85,359.6443,444.6443,84.925,12,False,76.9,True,8.7,linear,normal_operation,none,True,,excluded,quality_cut_without_natural_transition
2024-07-02 14:52:19,7月2日14_00_7月2日18_00,0,0,1,0,1,0,1,0,39.3633,84.1,39.9123,78.6,42.6024,84.7,39.7476,85.3,39.7822,85.2,39.8924,84.8,45.8,23,0,13,0,24,0,25,0,21.8276,81,21.2736,88.9,21.4785,85.7,21.2736,85.8,21.5506,86.4,21.867,86.7,31.3,88,370.5711,458.5711,84.7666666667,12,False,77.1,True,8.82,linear,normal_operation,none,True,,excluded,quality_cut_without_natural_transition
2024-07-02 14:52:49,7月2日14_00_7月2日18_00,0,0,23,0,14,0,1,0,34.3125,83.9,34.65,78.5,33.77,84.5,32.395,85.1,35.4293,85,36.5313,84.6,46,23,0,12,0,24,0,25,0,23.6684,80.9,22.5478,88.8,23.1435,85.6,22.8248,85.7,20.4795,86.3,22.5478,86.6,40.2,122,342.2999,464.2999,84.625,12,False,86.2,True,9.5,linear,normal_operation,none,True,,excluded,quality_cut_without_natural_transition
2024-07-02 14:53:19,7月2日14_00_7月2日18_00,0,0,23,0,23,0,23,0,28.2112,83.7,28.9275,78.3,28.0968,84.3,26.8272,85,29.9736,84.9,30.0279,84.4,46.8,24,0,13,0,24,0,24,0,22.673,80.8,22.2708,88.6,20.757,85.4,20.757,85.6,21.7168,86.2,22.3816,86.5,40.4,154,302.6204,456.6204,84.475,12,False,87.2,True,8.95,linear,normal_operation,none,True,,excluded,quality_cut_without_natural_transition
2024-07-02 14:53:49,7月2日14_00_7月2日18_00,0,0,23,0,23,0,23,0,28.7622,83.6,29.3132,78.1,30.9111,84.2,29.0377,84.8,28.4795,84.7,28.8666,84.2,47.5,24,0,13,0,23,0,25,0,22.2306,80.6,21.8276,88.5,22.1445,85.3,21.2736,85.4,22.8248,86.1,23.3788,86.4,46.3,154,309.0502,463.0502,84.325,12,False,93.8,True,8.4,linear,normal_operation,none,True,,excluded,quality_cut_without_natural_transition
2024-07-02 14:54:19,7月2日14_00_7月2日18_00,0,0,23,0,23,0,23,0,28.2112,83.4,27.3847,78,28.8144,84,27.5448,84.7,29.5855,84.6,29.862,84.1,44.5,23,0,12,0,24,0,25,0,22.7836,80.5,22.3816,88.4,22.5885,85.2,22.5478,85.3,23.1018,86,22.8248,86.2,41.6,153,307.6307,460.6307,84.2,12,False,86.1,True,8.27368421053,linear,normal_operation,none,True,,excluded,quality_cut_without_natural_transition
2024-07-02 14:54:49,7月2日14_00_7月2日18_00,0,0,24,0,23,0,23,0,30.25,83.3,31.0213,77.8,32.7294,83.8,31.4621,84.5,33.3408,84.4,33.8928,83.9,52.6,23,0,23,0,24,0,25,0,20.1656,80.4,19.758,88.3,21.867,85.1,21.8276,85.2,21.1455,85.8,22.2708,86.1,42.1,165,319.7309,484.7309,84.05,12,False,94.7,True,8.215,linear,normal_operation,none,True,,excluded,quality_cut_without_natural_transition
2024-07-02 14:55:19,7月2日14_00_7月2日18_00,0,0,24,0,24,0,23,0,32.12,83.1,33.11,77.6,31.4621,83.6,30.305,84.3,31.6296,84.2,32.3472,83.7,52.9,24,0,23,0,24,0,25,0,19.7224,80.3,18.759,88.2,21.312,85,21.4398,85.1,21.0345,85.7,20.313,86,42.4,167,313.5546,480.5546,83.9,12,False,95.3,True,8.60952380952,linear,normal_operation,none,True,,excluded,quality_cut_without_natural_transition
2024-07-02 14:55:49,7月2日14_00_7月2日18_00,0,0,23,0,23,0,23,0,29.26,82.9,29.203,77.5,29.4785,83.5,27.5448,84.2,29.309,84.1,30.0279,83.6,52.3,24,0,23,0,24,0,24,0,20.7196,80.2,19.8332,88.1,19.5915,84.9,20.757,85,20.757,85.6,21.7168,85.9,42.6,164,298.1983,462.1983,83.7916666667,12,False,94.9,True,8.78,linear,normal_operation,none,True,,excluded,quality_cut_without_natural_transition
2024-07-02 14:56:19,7月2日14_00_7月2日18_00,0,0,24,0,23,0,23,0,28.0459,82.8,28.4867,77.3,28.8144,83.3,27.7104,84.1,29.862,83.9,30.3044,83.4,54.1,24,0,23,0,24,0,25,0,19.9994,80.1,19.4805,88,19.314,84.8,19.203,84.9,21.4398,85.5,21.9938,85.8,43,166,294.6543,460.6543,83.6583333333,12,False,97.1,True,8.34736842105,linear,normal_operation,none,True,,excluded,quality_cut_without_natural_transition
2024-07-02 14:56:49,7月2日14_00_7月2日18_00,0,0,24,0,23,0,23,0,26.5031,82.6,27.2194,77.2,27.7104,83.2,26.4408,83.9,27.7606,83.7,28.8666,83.3,46.4,24,0,24,0,24,0,25,0,21.1074,80,20.5534,87.9,21.756,84.6,21.7168,84.8,20.0355,85.4,19.869,85.7,42.2,167,289.539,456.539,83.525,12,False,88.6,True,8.18571428571,linear,normal_operation,none,True,,excluded,quality_cut_without_natural_transition
2024-07-02 14:57:19,7月2日14_00_7月2日18_00,0,0,23,0,24,0,24,0,28.9275,82.5,29.0377,77,29.0904,83,27.9864,83.7,29.5855,83.6,29.7514,83.1,46.5,24,0,23,0,24,0,25,0,20.8304,79.8,20.1656,87.7,21.4785,84.5,21.8276,84.6,19.5915,85.3,20.0355,85.6,41.2,167,298.308,465.308,83.3666666667,12,False,87.7,True,8.1,linear,normal_operation,none,True,,excluded,quality_cut_without_natural_transition
2024-07-02 14:57:49,7月2日14_00_7月2日18_00,0,0,23,0,24,0,23,0,27.6602,82.3,28.3765,76.9,29.0904,82.9,27.7104,83.6,28.1477,83.4,28.4795,82.9,47.3,24,0,24,0,24,0,25,0,20.5534,79.7,20.2764,87.6,20.5905,84.4,20.0355,84.5,21.1455,85.2,21.5895,85.4,40.8,167,293.6555,460.6555,83.2333333333,12,False,88.1,True,8.1,linear,normal_operation,none,True,,excluded,quality_cut_without_natural_transition
2024-07-02 14:58:19,7月2日14_00_7月2日18_00,0,0,23,0,24,0,24,0,26.9439,82.2,27.6602,76.7,27.8208,82.7,26.5512,83.4,27.3182,83.3,27.4841,82.8,46.7,24,0,24,0,24,0,25,0,20.9966,79.6,20.2764,87.5,19.869,84.3,19.758,84.4,20.868,85.1,21.756,85.3,42.2,168,287.3024,455.3024,83.1083333333,12,False,88.9,True,8.1,linear,normal_operation,none,True,,excluded,quality_cut_without_natural_transition
2024-07-02 14:58:49,7月2日14_00_7月2日18_00,0,0,24,0,24,0,23,0,24.6848,82,25.1256,76.5,25.1712,82.5,24.012,83.2,27.4841,83.1,28.5901,82.6,45.9,24,0,24,0,24,0,24,0,24.0555,79.5,22.714,87.4,28.531,84.2,28.0371,84.3,21.8276,84.9,23.7112,85.2,42.4,167,303.9442,470.9442,82.95,12,False,88.3,True,8.44285714286,linear,normal_operation,none,True,,excluded,quality_cut_without_natural_transition
2024-07-02 14:59:19,7月2日14_00_7月2日18_00,0,0,24,0,24,0,24,0,21.9144,81.9,22.1904,76.4,22.0647,82.4,20.9587,83.1,24.332,83,25.2168,82.5,39.8,32,0,24,0,24,0,32,0,25.0509,79.3,24.7744,87.3,20.5905,84,19.9994,84.1,21.7168,84.8,21.8276,85.1,40.7,184,270.6366,454.6366,82.825,12,False,80.5,True,8.1,linear,normal_operation,none,True,,excluded,quality_cut_without_natural_transition
2024-07-02 14:59:49,7月2日14_00_7月2日18_00,0,0,24,0,24,0,24,0,29.4785,81.8,30.0295,76.3,33.5559,82.2,31.4621,83,29.862,82.8,30.1385,82.3,37.8,35,0,33,0,34,0,35,0,18.005,79.2,17.76,87.2,18.2368,83.9,15.4845,84.1,15.762,84.7,16.9275,85,25,209,286.7023,495.7023,82.7083333333,12,False,62.8,True,8.0380952381,linear,normal_operation,none,True,,excluded,quality_cut_without_natural_transition
2024-07-02 15:00:19,7月2日14_00_7月2日18_00,0,0,24,0,24,0,24,0,29.975,81.6,30.305,76.1,28.7622,82.1,27.4949,82.8,27.5947,82.7,28.4795,82.2,40.5,42,0,33,0,43,0,44,0,17.5618,79.1,16.761,87.1,18.5925,83.8,18.759,84,17.76,84.6,18.5925,84.9,26,234,280.6381,514.6381,82.5833333333,12,False,66.5,True,8.4,linear,normal_operation,none,True,,excluded,quality_cut_without_natural_transition
2024-07-02 15:00:49,7月2日14_00_7月2日18_00,0,0,24,0,24,0,24,0,30.25,81.4,30.4703,75.9,28.5384,81.9,27.2688,82.7,30.2496,82.5,30.1385,82,38.3,42,0,28,0,43,0,44,0,20.1656,79,19.5915,87,17.9588,83.7,17.9265,83.9,20.202,84.5,21.0345,84.8,26.6,229,293.7945,522.7945,82.4416666667,12,False,64.9,True,8.5,linear,normal_operation,none,True,,excluded,quality_cut_without_natural_transition
2024-07-02 15:01:19,7月2日14_00_7月2日18_00,0,0,24,0,24,0,24,0,29.425,81.3,29.203,75.8,29.4785,81.8,27.7704,82.5,27.3182,82.4,28.3136,81.8,37.3,42,0,36,0,43,0,45,0,17.174,78.9,16.65,86.9,19.203,83.6,19.203,83.8,17.9265,84.4,17.205,84.7,26.6,238,278.8702,516.8702,82.325,12,False,63.9,True,8.68,linear,normal_operation,none,True,,excluded,quality_cut_without_natural_transition
2024-07-02 15:01:49,7月2日14_00_7月2日18_00,0,0,24,0,24,0,24,0,29.975,81.1,29.9193,75.6,31.0213,81.6,29.203,82.4,29.5855,82.2,29.862,81.7,38.2,42,0,37,0,43,0,45,0,19.2792,78.8,18.87,86.8,15.9572,83.5,16.0395,83.7,18.4815,84.3,18.87,84.6,26.5,239,287.0635,526.0635,82.1916666667,12,False,64.7,True,9,linear,normal_operation,none,True,,excluded,quality_cut_without_natural_transition
2024-07-02 15:02:19,7月2日14_00_7月2日18_00,0,0,24,0,24,0,24,0,28.325,81,28.9275,75.4,28.7622,81.4,27.9357,82.2,27.5947,82.1,26.3228,81.5,39.3,42,0,26,0,43,0,45,0,19.0022,78.7,17.76,86.7,18.626,83.4,18.5925,83.6,17.4825,84.2,17.9265,84.5,25,228,277.2576,505.2576,82.0583333333,12,False,64.3,True,9.06111111111,linear,normal_operation,none,True,,excluded,quality_cut_without_natural_transition
2024-07-02 15:02:49,7月2日14_00_7月2日18_00,0,0,24,0,24,0,24,0,31.13,80.8,31.845,75.3,31.9029,81.3,30.9111,82.1,29.309,81.9,29.862,81.4,38.1,42,0,37,0,44,0,45,0,17.2848,78.6,16.317,86.6,17.0692,83.3,16.761,83.5,15.9285,84.1,15.7904,84.4,24.9,240,284.1109,524.1109,81.9416666667,12,False,63,True,9.13,linear,normal_operation,none,True,,excluded,quality_cut_without_natural_transition
2024-07-02 15:03:19,7月2日14_00_7月2日18_00,0,0,24,0,24,0,24,0,29.975,80.6,30.855,75.1,31.1866,81.1,29.9193,81.9,29.0325,81.8,29.6976,81.2,39.9,42,0,38,0,44,0,45,0,16.317,78.5,15.207,86.5,15.5124,83.3,15.2344,83.4,17.4825,84,17.5935,84.3,27,241,278.0128,519.0128,81.8083333333,12,False,66.9,True,9.4,linear,normal_operation,none,True,,excluded,quality_cut_without_natural_transition
2024-07-02 15:03:49,7月2日14_00_7月2日18_00,0,0,24,0,24,0,24,0,30.25,80.5,30.965,75,31.2968,80.9,30.4703,81.8,29.3664,81.6,29.808,81.1,39.8,42,0,38,0,44,0,45,0,17.451,78.4,16.317,86.4,16.2352,83.2,16.2352,83.3,16.317,83.9,16.65,84.2,24.9,241,281.3619,522.3619,81.6916666667,12,False,64.7,True,9.43,linear,normal_operation,none,True,,excluded,quality_cut_without_natural_transition
2024-07-02 15:04:19,7月2日14_00_7月2日18_00,0,0,24,0,24,0,24,0,29.7,80.3,30.25,74.8,32.5641,80.8,31.4621,81.6,30.9672,81.4,30.084,80.9,45.1,42,0,38,0,44,0,45,0,16.65,78.4,15.651,86.3,14.0668,83.1,14.4004,83.2,15.7904,83.8,16.0684,84.1,24.9,241,277.6544,518.6544,81.5583333333,12,False,70,True,9.405,linear,normal_operation,none,True,,excluded,quality_cut_without_natural_transition
2024-07-02 15:04:49,7月2日14_00_7月2日18_00,0,0,24,0,24,0,24,0,28.875,80.1,28.875,74.6,29.4785,80.6,29.3132,81.4,29.9736,81.3,30.2496,80.7,44.3,42,0,38,0,44,0,45,0,18.559,78.3,17.205,86.2,14.7896,83,14.9564,83.1,17.0385,83.8,17.5935,84,26.3,241,276.9069,517.9069,81.425,12,False,70.6,True,9.26,linear,normal_operation,none,True,,excluded,quality_cut_without_natural_transition
2024-07-02 15:05:19,7月2日14_00_7月2日18_00,0,0,34,0,34,0,28,0,24.8501,80,25.4011,74.5,25.7232,80.5,24.564,81.3,26.5993,81.1,26.8758,80.6,38.1,42,0,39,0,44,0,45,0,17.8942,78.2,16.761,86.1,17.514,82.9,17.316,83.1,17.316,83.7,17.5935,83.9,26.6,266,258.4082,524.4082,81.325,12,False,64.7,True,8.9,linear,normal_operation,none,True,,excluded,quality_cut_without_natural_transition
2024-07-02 15:05:49,7月2日14_00_7月2日18_00,0,0,39,0,34,0,34,0,24.1338,79.9,24.5195,74.3,23.0184,80.3,21.4728,81.2,25.7698,81,26.0463,80.4,29.4,42,0,38,0,44,0,45,0,14.9295,78.1,14.208,86.1,16.958,82.8,15.7904,83,13.9556,83.6,15.0676,83.8,25.8,276,235.8697,511.8697,81.2083333333,12,False,55.2,True,8.9,linear,normal_operation,none,True,,excluded,quality_cut_without_natural_transition
2024-07-02 15:06:19,7月2日14_00_7月2日18_00,0,0,44,0,44,0,40,0,19.4856,79.8,20.2032,74.2,19.6868,80.2,18.9679,81.1,21.7168,80.8,22.2708,80.3,31.3,42,0,39,0,44,0,45,0,19.2792,78,17.76,86,15.6792,82.7,15.3456,82.9,16.761,83.5,17.316,83.7,26.6,298,224.4721,522.4721,81.1,12,False,57.9,True,8.9,linear,normal_operation,none,True,,excluded,quality_cut_without_natural_transition
2024-07-02 15:06:49,7月2日14_00_7月2日18_00,0,0,54,0,44,0,43,0,16.7006,79.7,17.4195,74.1,16.7308,80.1,16.9771,81,17.9265,80.7,18.315,80.2,30.1,42,0,39,0,44,0,45,0,15.9285,77.9,15.207,85.9,14.7896,82.7,14.9564,82.8,15.5124,83.4,15.7904,83.6,26.5,311,196.2538,507.2538,81.0083333333,12,False,56.6,True,9.06666666667,linear,normal_operation,none,True,,excluded,quality_cut_without_natural_transition
2024-07-02 15:07:19,7月2日14_00_7月2日18_00,0,0,59,0,45,0,44,0,14.8757,79.6,15.1522,74,16.897,80,16.897,80.9,17.9265,80.7,18.0375,80.1,29.5,42,0,38,0,43,0,45,0,15.651,77.8,14.652,85.8,16.7912,82.6,16.9275,82.7,16.761,83.3,16.9275,83.6,26.6,316,197.4961,513.4961,80.925,12,False,56.1,True,8.8,linear,normal_operation,none,True,,excluded,quality_cut_without_natural_transition
2024-07-02 15:07:49,7月2日14_00_7月2日18_00,0,0,60,0,45,0,45,0,15.4287,79.5,15.9817,74,15.2904,79.9,14.6256,80.8,16.761,80.6,17.316,80,31.4,42,0,38,0,44,0,45,0,19.1684,77.7,17.316,85.7,19.4805,82.5,19.4805,82.6,15.2344,83.2,15.0676,83.5,32.1,319,201.1508,520.1508,80.8333333333,12,False,63.5,True,8.77142857143,linear,normal_operation,none,True,,excluded,quality_cut_without_natural_transition
2024-07-02 15:08:19,7月2日14_00_7月2日18_00,0,0,60,0,45,0,45,0,16.2582,79.4,16.9771,73.9,17.2848,79.8,16.897,80.7,17.316,80.5,18.0375,79.9,37.3,42,0,39,0,44,0,45,0,19.7224,77.6,18.315,85.6,16.7912,82.4,16.65,82.5,20.313,83.1,19.4805,83.4,34.5,320,214.0427,534.0427,80.7333333333,12,False,71.8,True,8.6,linear,normal_operation,none,True,,excluded,quality_cut_without_natural_transition
2024-07-02 15:08:49,7月2日14_00_7月2日18_00,0,0,60,0,44,0,44,0,16.7006,79.3,17.2536,73.8,16.2876,79.7,15.7336,80.6,17.4825,80.4,17.5935,79.8,37.4,42,0,39,0,44,0,45,0,19.2792,77.5,17.76,85.5,19.869,82.3,20.202,82.4,17.76,83,17.9265,83.3,33.9,318,213.8481,531.8481,80.6333333333,12,False,71.3,True,8.6,linear,normal_operation,none,True,,excluded,quality_cut_without_natural_transition
2024-07-02 15:09:19,7月2日14_00_7月2日18_00,0,0,60,0,44,0,45,0,14.8757,79.2,15.5946,73.7,16.4538,79.7,15.6228,80.5,17.0385,80.3,17.316,79.7,37.1,42,0,39,0,44,0,45,0,20.8304,77.4,19.8332,85.4,21.0345,82.2,20.757,82.3,20.4795,82.9,21.1455,83.2,42,319,220.9815,539.9815,80.5416666667,12,False,79.1,True,8.535,linear,normal_operation,none,True,,excluded,quality_cut_without_natural_transition
2024-07-02 15:09:49,7月2日14_00_7月2日18_00,0,0,61,0,44,0,45,0,16.9771,79.1,17.696,73.6,18.7252,79.6,17.728,80.4,18.204,80.2,18.0375,79.6,45.1,42,0,39,0,44,0,45,0,22.0647,77.3,20.8304,85.3,22.0335,82.1,21.9938,82.2,22.1046,82.8,22.991,83,40.1,320,239.3858,559.3858,80.4333333333,12,False,85.2,True,8.7,linear,normal_operation,none,True,,excluded,quality_cut_without_natural_transition
2024-07-02 15:10:19,7月2日14_00_7月2日18_00,0,0,61,0,45,0,45,0,17.696,79,18.1384,73.5,18.005,79.5,16.897,80.3,18.0375,80.1,18.87,79.5,44.1,42,0,39,0,44,0,45,0,20.5534,77.2,19.2792,85.2,17.5935,82,17.316,82.1,19.203,82.7,19.758,82.9,41.1,321,221.347,542.347,80.3333333333,12,False,85.2,True,8.76,linear,normal_operation,none,True,,excluded,quality_cut_without_natural_transition
2024-07-02 15:10:49,7月2日14_00_7月2日18_00,0,0,61,0,45,0,45,0,15.9817,79,16.1476,73.4,18.9679,79.4,18.4149,80.2,18.4815,80,18.759,79.4,44.2,42,0,39,0,44,0,45,0,19.1684,77,18.559,85.1,21.5895,81.8,20.5905,82,19.0365,82.6,20.202,82.8,40.8,321,225.8985,546.8985,80.225,12,False,85,True,8.8,linear,normal_operation,none,True,,excluded,quality_cut_without_natural_transition
2024-07-02 15:11:19,7月2日14_00_7月2日18_00,0,0,61,0,45,0,46,0,17.696,78.9,18.1384,73.3,18.1712,79.3,17.4195,80.2,18.0375,79.9,18.204,79.3,45,42,0,39,0,44,0,45,0,19.7224,76.9,17.8942,85,20.5905,81.7,20.313,81.9,18.0375,82.5,18.315,82.7,42.5,322,222.5392,544.5392,80.1333333333,12,False,87.5,True,8.93,linear,normal_operation,none,True,,excluded,quality_cut_without_natural_transition
2024-07-02 15:11:49,7月2日14_00_7月2日18_00,0,0,62,0,45,0,45,0,18.802,78.8,19.4103,73.2,18.005,79.2,17.5618,80.1,18.315,79.8,19.0365,79.2,44.7,42,0,38,0,44,0,45,0,21.4011,76.8,19.8332,84.9,21.1455,81.6,21.312,81.8,22.1046,82.4,21.7168,82.6,41.1,321,238.6438,559.6438,80.0333333333,12,False,85.8,True,9,linear,normal_operation,none,True,,excluded,quality_cut_without_natural_transition
2024-07-02 15:12:19,7月2日14_00_7月2日18_00,0,0,61,0,45,0,45,0,18.802,78.7,19.2444,73.1,18.282,79.1,18.005,80,18.87,79.7,19.758,79.2,38.9,42,0,39,0,44,0,45,0,21.2352,76.7,19.7224,84.8,19.203,81.5,19.0365,81.7,19.8332,82.3,20.2764,82.5,41,321,232.2681,553.2681,79.9416666667,12,False,79.9,True,9.06,linear,normal_operation,none,True,,excluded,quality_cut_without_natural_transition
2024-07-02 15:12:49,7月2日14_00_7月2日18_00,0,0,61,0,45,0,46,0,16.1476,78.6,16.8665,73,16.897,79,16.897,79.9,18.0375,79.6,18.0375,79,37,42,0,38,0,44,0,45,0,21.2352,76.6,19.4454,84.7,18.204,81.4,18.204,81.6,19.5915,82.2,20.202,82.4,42.2,321,219.7652,540.7652,79.8333333333,12,False,79.2,True,9.1,linear,normal_operation,none,True,,excluded,quality_cut_without_natural_transition
2024-07-02 15:13:19,7月2日14_00_7月2日18_00,0,0,61,0,45,0,46,0,15.1522,78.5,15.4287,72.9,13.9054,78.9,13.3514,79.8,15.207,79.5,15.318,79,28.8,42,0,39,0,44,0,45,0,19.4454,76.5,18.005,84.6,20.4795,81.3,20.0355,81.5,17.4825,82.1,18.204,82.3,42,322,202.0146,524.0146,79.7416666667,12,False,70.8,True,9.1,linear,normal_operation,none,True,,excluded,quality_cut_without_natural_transition
2024-07-02 15:13:49,7月2日14_00_7月2日18_00,0,0,62,0,46,0,46,0,14.9863,78.4,14.6256,72.9,16.4538,78.8,16.2876,79.7,15.651,79.4,16.65,78.9,30.5,42,0,39,0,44,0,45,0,21.0693,76.4,19.7224,84.5,21.756,81.2,21.4398,81.4,20.9966,82,21.4398,82.2,41.9,324,221.0782,545.0782,79.65,12,False,72.4,True,9.1,linear,normal_operation,none,True,,excluded,quality_cut_without_natural_transition
2024-07-02 15:14:19,7月2日14_00_7月2日18_00,0,0,62,0,46,0,46,0,13.4622,78.3,13.9054,72.8,16.7308,78.7,16.62,79.6,15.4845,79.3,15.651,78.8,29.7,42,0,38,0,44,0,45,0,18.005,76.3,17.0078,84.4,15.3456,81.1,15.2344,81.3,17.316,81.9,18.0375,82.1,26.9,323,192.8002,515.8002,79.55,12,False,56.6,True,9.1,linear,normal_operation,none,True,,excluded,quality_cut_without_natural_transition
2024-07-02 15:14:49,7月2日14_00_7月2日18_00,0,0,62,0,45,0,46,0,14.3227,78.2,15.1796,72.7,15.4566,78.6,15.4566,79.5,15.762,79.3,15.9285,78.7,29.2,42,0,34,0,44,0,45,0,18.005,76.2,16.62,84.3,18.759,81,18.4815,81.2,16.0395,81.8,16.4835,82,25.8,318,196.4945,514.4945,79.4583333333,12,False,55,True,9,linear,normal_operation,none,True,,excluded,quality_cut_without_natural_transition
2024-07-02 15:15:19,7月2日14_00_7月2日18_00,0,0,62,0,45,0,45,0,16.9771,78.2,17.5301,72.6,17.2848,78.5,16.897,79.5,15.651,79.2,16.0395,78.6,36.9,42,0,34,0,44,0,45,0,17.8942,76.1,16.1768,84.2,16.68,80.9,16.9275,81.1,16.4835,81.7,16.0395,81.9,26.4,317,200.581,517.581,79.375,12,False,63.3,True,9,linear,normal_operation,none,True,,excluded,quality_cut_without_natural_transition
2024-07-02 15:15:49,7月2日14_00_7月2日18_00,0,0,62,0,46,0,46,0,16.9771,78.1,17.4195,72.5,17.0078,78.4,17.0078,79.4,17.205,79.1,17.0385,78.5,37.4,42,0,34,0,44,0,45,0,20.4057,76,18.4482,84.1,17.76,80.8,18.204,81,19.5915,81.6,19.0365,81.8,26.5,319,216.1016,535.1016,79.275,12,False,63.9,True,8.9,linear,normal_operation,none,True,,excluded,quality_cut_without_natural_transition
2024-07-02 15:16:19,7月2日14_00_7月2日18_00,0,0,62,0,45,0,46,0,17.9725,78,18.249,72.4,20.2398,78.4,19.6868,79.3,17.205,79,17.0385,78.4,43.7,42,0,34,0,44,0,45,0,17.728,75.9,16.1768,84,16.3464,80.7,16.4835,80.9,16.9275,81.5,17.5935,81.7,26.3,318,211.6473,529.6473,79.1833333333,12,False,70,True,9.01428571429,linear,normal_operation,none,True,,excluded,quality_cut_without_natural_transition
2024-07-02 15:16:49,7月2日14_00_7月2日18_00,0,0,62,0,46,0,46,0,17.9725,77.9,18.1384,72.3,19.2444,78.2,18.6914,79.2,18.204,78.9,18.315,78.3,44,42,0,34,0,44,0,45,0,18.1712,75.8,16.0106,83.9,15.3456,80.7,16.0684,80.8,18.204,81.4,18.315,81.6,26.3,319,212.6805,531.6805,79.0833333333,12,False,70.3,True,9.2,linear,normal_operation,none,True,,excluded,quality_cut_without_natural_transition
2024-07-02 15:17:19,7月2日14_00_7月2日18_00,0,0,62,0,46,0,45,0,18.768,77.8,19.5209,72.2,19.2444,78.1,18.6914,79.1,18.315,78.8,18.759,78.2,45,42,0,34,0,44,0,45,0,17.2848,75.7,16.0106,83.9,14.7896,80.6,15.0676,80.7,15.9285,81.3,15.9285,81.5,26.8,318,208.3083,526.3083,78.9916666667,12,False,71.8,True,9.2619047619,linear,normal_operation,none,True,,excluded,quality_cut_without_natural_transition
2024-07-02 15:17:49,7月2日14_00_7月2日18_00,0,0,62,0,46,0,46,0,18.1056,77.7,18.5255,72.1,18.5255,78,17.9725,79,18.204,78.7,18.0375,78.1,44.3,42,0,34,0,44,0,45,0,18.1712,75.6,16.1768,83.8,18.0375,80.5,18.5925,80.6,17.0385,81.2,16.9275,81.4,25.3,319,214.3146,533.3146,78.8916666667,12,False,69.6,True,9.3,linear,normal_operation,none,True,,excluded,quality_cut_without_natural_transition
2024-07-02 15:18:19,7月2日14_00_7月2日18_00,0,0,62,0,46,0,46,0,16.2582,77.6,17.4195,72,17.5301,77.9,16.7006,78.9,16.9275,78.6,17.316,78,36,42,0,33,0,44,0,45,0,17.451,75.5,15.8998,83.7,17.316,80.4,17.76,80.5,17.205,81.1,17.5935,81.3,26.6,318,205.3772,523.3772,78.7916666667,12,False,62.6,True,9.3,linear,normal_operation,none,True,,excluded,quality_cut_without_natural_transition
2024-07-02 15:18:49,7月2日14_00_7月2日18_00,0,0,62,0,46,0,46,0,16.8665,77.5,17.143,71.9,17.0078,77.9,16.7006,78.8,17.316,78.5,17.205,78,37.2,42,0,34,0,44,0,45,0,18.005,75.4,16.62,83.6,18.315,80.3,18.87,80.4,16.761,81,17.316,81.2,25.5,319,208.1259,527.1259,78.7083333333,12,False,62.7,True,9.2,linear,normal_operation,none,True,,excluded,quality_cut_without_natural_transition
2024-07-02 15:19:19,7月2日14_00_7月2日18_00,0,0,62,0,45,0,45,0,17.4195,77.4,17.143,71.8,17.4195,77.8,16.9771,78.7,17.205,78.4,17.0385,77.9,36.6,42,0,34,0,44,0,45,0,17.728,75.3,16.7308,83.5,17.0385,80.2,17.316,80.3,18.204,80.9,19.203,81.1,27,317,209.4229,526.4229,78.6083333333,12,False,63.6,True,9.14,linear,normal_operation,none,True,,excluded,quality_cut_without_natural_transition
2024-07-02 15:19:49,7月2日14_00_7月2日18_00,0,0,62,0,45,0,45,0,16.59,77.3,16.9771,71.8,15.7336,77.7,15.4566,78.6,16.0395,78.3,14.4855,77.8,30.3,42,0,34,0,44,0,45,0,18.1712,75.2,16.7308,83.4,18.5925,80.1,18.87,80.2,19.2792,80.8,19.203,81,26.5,317,206.129,523.129,78.5166666667,12,False,56.8,True,9.13157894737,linear,normal_operation,none,True,,excluded,quality_cut_without_natural_transition
2024-07-02 15:20:19,7月2日14_00_7月2日18_00,0,0,62,0,46,0,45,0,16.4241,77.2,16.8665,71.7,13.4622,77.6,13.3514,78.5,15.762,78.3,16.0395,77.7,29,42,0,33,0,44,0,45,0,18.9679,75.1,17.451,83.3,17.76,80,17.5935,80.1,18.559,80.7,18.5925,80.9,25.7,317,200.8296,517.8296,78.425,12,False,54.7,True,9.45909090909,linear,normal_operation,none,True,,excluded,quality_cut_without_natural_transition
2024-07-02 15:20:49,7月2日14_00_7月2日18_00,0,0,62,0,45,0,45,0,15.5946,77.2,15.9817,71.6,15.8998,77.5,16.1768,78.5,16.761,78.2,16.9275,77.6,30.6,42,0,34,0,44,0,45,0,18.249,75,16.1768,83.2,16.0684,79.9,16.317,80,17.76,80.6,17.4825,80.8,24.7,317,199.3951,516.3951,78.3416666667,12,False,55.3,True,9.51578947368,linear,normal_operation,none,True,,excluded,quality_cut_without_natural_transition
2024-07-02 15:21:19,7月2日14_00_7月2日18_00,0,0,62,0,46,0,46,0,14.8757,77.1,14.8757,71.5,16.0106,77.4,16.0106,78.4,15.9285,78.1,16.0395,77.5,30.2,42,0,34,0,44,0,45,0,20.1292,74.9,18.4482,83.1,18.759,79.8,19.0365,80,18.759,80.5,19.314,80.7,27,319,208.1865,527.1865,78.25,12,False,57.2,True,9.8,linear,normal_operation,none,True,,excluded,quality_cut_without_natural_transition
2024-07-02 15:21:49,7月2日14_00_7月2日18_00,0,0,62,0,46,0,46,0,16.8665,77,17.4195,71.4,16.2876,77.3,15.8998,78.3,16.4835,78,16.65,77.4,37.4,42,0,34,0,44,0,45,0,18.6914,74.8,16.897,83,18.5925,79.7,17.9265,79.8,17.0385,80.4,17.76,80.6,26.5,319,206.5128,525.5128,78.1416666667,12,False,63.9,True,9.81111111111,linear,normal_operation,none,True,,excluded,quality_cut_without_natural_transition
2024-07-02 15:22:19,7月2日14_00_7月2日18_00,0,0,62,0,46,0,46,0,15.4287,76.9,15.9817,71.3,16.4538,77.3,15.8998,78.2,17.0385,77.9,17.205,77.3,36.4,42,0,33,0,44,0,45,0,19.9633,74.7,18.4482,82.9,17.0385,79.6,17.0385,79.7,19.7224,80.4,20.1656,80.5,27.1,318,210.384,528.384,78.0583333333,12,False,63.5,True,10,linear,normal_operation,none,True,,excluded,quality_cut_without_natural_transition
2024-07-02 15:22:49,7月2日14_00_7月2日18_00,0,0,62,0,45,0,45,0,18.6576,76.8,19.2444,71.2,22.2306,77.2,20.1292,78.1,19.2792,77.8,18.7252,77.2,44.3,42,0,34,0,44,0,45,0,17.2536,74.6,15.6228,82.9,16.68,79.5,16.65,79.7,17.4825,80.3,17.76,80.4,26.5,317,219.7151,536.7151,77.975,12,False,70.8,True,9.18,linear,normal_operation,none,True,,excluded,quality_cut_without_natural_transition
2024-07-02 15:23:19,7月2日14_00_7月2日18_00,0,0,62,0,45,0,46,0,18.6576,76.7,18.802,71.1,18.9679,77.1,18.4149,78,19.2792,77.7,19.7224,77.1,46.4,42,0,34,0,44,0,45,0,17.4195,74.5,16.0106,82.8,15.9572,79.4,15.9285,79.6,16.317,80.2,16.65,80.3,25.1,318,212.1268,530.1268,77.875,12,False,71.5,True,9,linear,normal_operation,none,True,,excluded,quality_cut_without_natural_transition
2024-07-02 15:23:49,7月2日14_00_7月2日18_00,0,0,62,0,45,0,45,0,17.664,76.6,17.9725,71,16.8665,77,16.9771,77.9,17.9265,77.6,17.76,77,43.8,42,0,33,0,44,0,45,0,17.5301,74.4,16.62,82.7,17.9265,79.3,18.204,79.5,15.762,80.1,15.9285,80.2,32.3,316,207.1377,523.1377,77.775,12,False,76.1,True,8.8,linear,normal_operation,none,True,,excluded,quality_cut_without_natural_transition
2024-07-02 15:24:19,7月2日14_00_7月2日18_00,0,0,62,0,45,0,46,0,18.216,76.5,18.3816,70.9,18.802,76.9,18.5255,77.8,18.7252,77.5,17.4825,77,44.4,42,0,33,0,44,0,45,0,16.9771,74.3,15.6228,82.6,18.4815,79.2,19.1684,79.4,16.65,80,16.761,80.2,26.5,317,213.7936,530.7936,77.6916666667,12,False,70.9,True,8.8,linear,normal_operation,none,True,,excluded,quality_cut_without_natural_transition
2024-07-02 15:24:49,7月2日14_00_7月2日18_00,0,0,62,0,45,0,45,0,16.836,76.4,16.7006,70.8,16.59,76.8,15.8711,77.7,18.4482,77.4,18.1712,76.8,39.3,42,0,34,0,44,0,45,0,18.9679,74.2,17.728,82.5,19.4805,79.1,19.4454,79.3,15.762,79.9,17.316,80.1,32.5,317,211.3169,528.3169,77.5833333333,12,False,71.8,True,9.1,linear,normal_operation,none,True,,excluded,quality_cut_without_natural_transition
2024-07-02 15:25:19,7月2日14_00_7月2日18_00,0,0,62,0,46,0,46,0,16.6704,76.3,16.9464,70.7,19.5209,76.7,18.9679,77.6,17.451,77.3,17.0078,76.7,37,42,0,34,0,44,0,46,0,19.4103,74.1,18.005,82.4,18.87,79,17.9265,79.2,18.836,79.8,19.2792,80,34.2,320,218.8914,538.8914,77.4833333333,12,False,71.2,True,9.27142857143,linear,normal_operation,none,True,,excluded,quality_cut_without_natural_transition
2024-07-02 15:25:49,7月2日14_00_7月2日18_00,0,0,62,0,45,0,46,0,9.8058,76.2,9.3626,70.6,9.3626,76.5,8.9194,77.5,14.0415,77.2,13.764,76.6,37,42,0,33,0,44,0,46,0,18.6914,74,16.2876,82.3,16.4835,78.9,16.761,79.1,17.2848,79.7,17.76,79.9,32.7,318,168.5242,486.5242,77.375,12,False,69.7,True,9.03,linear,normal_operation,none,True,,excluded,quality_cut_without_natural_transition
2024-07-02 15:26:19,7月2日14_00_7月2日18_00,0,0,62,0,45,0,45,0,19.9272,76.2,20.4057,70.6,21.0693,76.5,14.4594,77.5,1.14185,77.1,-4.3245,76.6,37,42,0,34,0,44,0,46,0,6.394,74,4.8372,82.3,2.4273,78.9,-2.40498,79.1,-9.9502,79.7,2.4273,79.9,32.9,318,76.40957,394.40957,77.3666666667,12,False,69.9,True,7.37619047619,linear,normal_operation,none,True,,excluded,quality_cut_without_natural_transition
2024-07-02 15:26:49,7月2日14_00_7月2日18_00,0,0,62,0,45,0,45,0,-14.3104,76.2,-14.3663,70.6,-18.256,76.6,-17.248,77.5,-11.3883,77.2,-11.648,76.6,36.5,42,0,34,0,44,0,46,0,-11.76,74,-13.216,82.3,-12.6225,79,-12.5103,79.1,-10.4346,79.7,-10.1541,79.9,34.2,318,-157.9145,160.0855,77.3916666667,12,False,70.7,True,2.8,linear,normal_operation,none,True,,excluded,quality_cut_without_natural_transition
2024-07-02 15:27:19,7月2日14_00_7月2日18_00,0,0,62,0,46,0,46,0,-16.072,76.3,-16.296,70.7,-15.3153,76.7,-14.6982,77.6,-17.141,77.3,-17.3658,76.7,38.5,42,0,33,0,44,0,46,0,11.954,74.1,10.6944,82.4,17.824,79,17.267,79.1,14.7048,79.8,15.2618,79.9,39.7,319,-9.1823,309.8177,77.4666666667,12,False,78.2,True,3.94285714286,linear,normal_operation,none,True,,excluded,quality_cut_without_natural_transition
2024-07-02 15:27:49,7月2日14_00_7月2日18_00,0,0,62,0,45,0,45,0,6.684,76.4,7.4081,70.8,6.8511,76.7,7.6866,77.7,-3.24819,77.3,-3.1416,76.8,36.5,42,0,33,0,44,0,46,0,18.7252,74,16.4835,82.3,13.8136,78.9,13.7888,79,15.5124,79.7,15.6792,79.8,40.1,317,116.24271,433.24271,77.45,12,False,76.6,True,5.41428571429,linear,normal_operation,none,True,,excluded,quality_cut_without_natural_transition
2024-07-02 15:28:19,7月2日14_00_7月2日18_00,0,0,62,0,46,0,46,0,22.7836,76.3,22.7836,70.7,24.9403,76.6,24.4979,77.6,15.9859,77.3,17.0692,76.7,29.9,42,0,34,0,44,0,46,0,20.7928,73.8,19.1684,82.2,22.8248,78.8,22.8248,78.9,19.9994,79.5,20.9966,79.7,40.5,320,254.6673,574.6673,77.3416666667,12,False,70.4,True,10.78,linear,normal_operation,none,True,,excluded,quality_cut_without_natural_transition
2024-07-02 15:28:49,7月2日14_00_7月2日18_00,0,0,62,0,46,0,46,0,18.6914,76.2,19.1338,70.6,17.174,76.5,16.1768,77.5,21.756,77.2,22.1445,76.6,31.3,42,0,33,0,44,0,46,0,20.6822,73.7,19.1338,82.1,16.9275,78.7,16.4835,78.8,19.7224,79.4,19.9994,79.6,40.4,319,228.0253,547.0253,77.2416666667,12,False,71.7,True,11.9380952381,linear,normal_operation,none,True,,excluded,quality_cut_without_natural_transition
2024-07-02 15:29:19,7月2日14_00_7月2日18_00,0,0,62,0,46,0,46,0,19.2444,76.1,19.2444,70.5,20.4057,76.4,20.1292,77.4,18.87,77.1,18.87,76.5,30,42,0,33,0,44,0,46,0,18.6914,73.6,17.174,82,18.4815,78.6,18.204,78.7,18.005,79.3,18.836,79.5,42.1,319,226.1556,545.1556,77.1416666667,12,False,72.1,True,12.3,linear,normal_operation,none,True,,excluded,quality_cut_without_natural_transition
2024-07-02 15:29:49,7月2日14_00_7月2日18_00,0,0,62,0,46,0,45,0,19.6512,76,20.7552,70.4,20.6822,76.3,19.6868,77.3,20.2764,77,20.2764,76.4,35.7,42,0,33,0,44,0,46,0,17.2536,73.5,15.8998,81.9,18.4815,78.5,19.314,78.6,16.4835,79.2,16.65,79.4,42.3,318,225.4106,543.4106,77.0416666667,12,False,78,True,12.3,linear,normal_operation,none,True,,excluded,quality_cut_without_natural_transition
2024-07-02 15:30:19,7月2日14_00_7月2日18_00,0,0,62,0,46,0,46,0,21.9144,75.9,23.184,70.3,25.0056,76.2,24.8952,77.2,21.7168,76.9,21.7168,76.3,37.4,42,0,33,0,44,0,45,0,20.4792,73.4,18.6914,81.8,18.87,78.4,18.87,78.5,17.316,79.1,16.9275,79.3,42.5,318,249.5869,567.5869,76.9416666667,12,False,79.9,True,12.3,linear,normal_operation,none,True,,excluded,quality_cut_without_natural_transition
2024-07-02 15:30:49,7月2日14_00_7月2日18_00,0,0,62,0,46,0,46,0,20.0928,75.8,20.0928,70.2,18.802,76.1,18.9679,77.1,18.282,76.8,18.4482,76.2,38,42,0,33,0,44,0,45,0,17.8619,73.3,16.7006,81.7,17.4825,78.3,17.5935,78.4,17.8942,79.1,17.76,79.2,40.4,318,219.9784,537.9784,76.85,12,False,78.4,True,12.4,linear,normal_operation,none,True,,excluded,quality_cut_without_natural_transition
2024-07-02 15:31:19,7月2日14_00_7月2日18_00,0,0,62,0,46,0,46,0,19.6512,75.6,19.4856,70,20.6822,76,19.9633,76.9,20.8304,76.7,20.8304,76.1,43.5,42,0,33,0,44,0,46,0,18.6914,73.2,17.2536,81.6,15.4845,78.2,15.0676,78.3,18.282,79,18.7252,79.1,40.8,319,224.9474,543.9474,76.725,12,False,84.3,True,12.4,linear,normal_operation,none,True,,excluded,quality_cut_without_natural_transition
2024-07-02 15:31:49,7月2日14_00_7月2日18_00,0,0,62,0,46,0,46,0,19.3752,75.5,19.7616,69.9,22.908,75.8,22.7424,76.8,22.673,76.5,23.0601,76,44.3,42,0,33,0,44,0,45,0,14.3227,73.1,13.0744,81.5,16.65,78.1,16.4835,78.2,15.4845,78.9,15.9285,79,26.7,318,222.4639,540.4639,76.6083333333,12,False,71,True,11.91,linear,normal_operation,none,True,,excluded,quality_cut_without_natural_transition
2024-07-02 15:32:19,7月2日14_00_7月2日18_00,0,0,62,0,45,0,46,0,18.1056,75.4,18.216,69.8,18.6914,75.7,17.696,76.7,20.5534,76.4,20.7196,75.9,37,42,0,34,0,44,0,45,0,15.5946,73,14.1824,81.4,15.207,78,15.3456,78.1,14.9295,78.8,15.762,78.9,25,318,205.0031,523.0031,76.5083333333,12,False,62,True,12,linear,normal_operation,none,True,,excluded,quality_cut_without_natural_transition
2024-07-02 15:32:49,7月2日14_00_7月2日18_00,0,0,62,0,46,0,45,0,19.3752,75.3,19.6512,69.7,18.802,75.6,18.6914,76.6,19.4454,76.3,19.9994,75.8,37.4,42,0,33,0,44,0,46,0,17.2536,73,15.7052,81.4,14.4004,77.9,14.2336,78.1,15.651,78.7,16.317,78.9,25,318,209.5254,527.5254,76.4416666667,12,False,62.4,True,11.9,linear,normal_operation,none,True,,excluded,quality_cut_without_natural_transition
2024-07-02 15:33:19,7月2日14_00_7月2日18_00,0,0,62,0,45,0,46,0,20.9931,75.2,21.1968,69.6,20.0928,75.5,20.2032,76.5,21.5506,76.2,21.5506,75.6,37.3,42,0,34,0,44,0,46,0,16.2582,72.9,15.2628,81.3,14.5116,77.8,14.7896,78,15.0405,78.6,15.207,78.8,24.9,319,216.6568,535.6568,76.3333333333,12,False,62.2,True,11.9619047619,linear,normal_operation,none,True,,excluded,quality_cut_without_natural_transition
2024-07-02 15:33:49,7月2日14_00_7月2日18_00,0,0,62,0,46,0,46,0,18.6576,75.1,18.6576,69.5,17.8619,75.4,17.4195,76.4,18.836,76.1,19.2792,75.5,38.6,42,0,33,0,44,0,45,0,17.143,72.8,15.8711,81.2,16.0395,77.8,16.2352,77.9,13.764,78.5,13.653,78.7,26.3,318,203.4176,521.4176,76.2416666667,12,False,64.9,True,12,linear,normal_operation,none,True,,excluded,quality_cut_without_natural_transition
2024-07-02 15:34:19,7月2日14_00_7月2日18_00,0,0,62,0,46,0,46,0,20.1666,75,20.7552,69.4,18.5255,75.3,18.802,76.3,19.7224,76,19.8332,75.4,36.5,35,0,33,0,36,0,37,0,17.2536,72.7,16.59,81.1,21.0345,77.7,20.868,77.8,18.4482,78.4,19.0022,78.6,26.5,295,231.0014,526.0014,76.1416666667,12,False,63,True,11.9368421053,linear,normal_operation,none,True,,excluded,quality_cut_without_natural_transition
2024-07-02 15:34:49,7月2日14_00_7月2日18_00,0,0,62,0,46,0,45,0,18.9336,74.9,18.9336,69.3,18.5255,75.2,17.9725,76.2,18.559,75.9,18.836,75.3,36.8,35,0,33,0,36,0,36,0,18.9336,72.6,17.5301,81,18.87,77.5,19.5915,77.7,19.5562,78.3,19.0022,78.5,26.6,293,225.2438,518.2438,76.0333333333,12,False,63.4,True,11.9,linear,normal_operation,none,True,,excluded,quality_cut_without_natural_transition
2024-07-02 15:35:19,7月2日14_00_7月2日18_00,0,0,62,0,46,0,45,0,19.4503,74.8,19.9272,69.2,19.2096,75.1,18.249,76.1,20.1656,75.8,20.4426,75.2,37,35,0,33,0,35,0,36,0,20.9208,72.5,19.4856,80.9,19.314,77.4,18.759,77.6,19.9994,78.2,20.2764,78.4,26.6,292,236.1995,528.1995,75.9333333333,12,False,63.6,True,12.0238095238,linear,normal_operation,none,True,,excluded,quality_cut_without_natural_transition
2024-07-02 15:35:49,7月2日14_00_7月2日18_00,0,0,62,0,45,0,46,0,18.6576,74.7,18.9336,69.1,18.9679,75,18.9336,76,19.7224,75.7,19.8332,75.1,35.8,35,0,34,0,36,0,36,0,19.6512,72.3,18.1056,80.8,19.7224,77.3,19.758,77.5,17.451,78.1,17.8942,78.3,24.7,294,227.6307,521.6307,75.825,12,False,60.5,True,12.1,linear,normal_operation,none,True,,excluded,quality_cut_without_natural_transition
2024-07-02 15:36:19,7月2日14_00_7月2日18_00,0,0,62,0,45,0,46,0,20.3319,74.6,20.4792,69,21.0312,74.9,19.9272,75.9,20.5534,75.6,20.7196,75,38.2,35,0,34,0,36,0,36,0,19.3752,72.2,18.768,80.7,21.2736,77.2,21.5895,77.4,19.1684,78,19.5562,78.2,25.3,294,242.7734,536.7734,75.725,12,False,63.5,True,12.1,linear,normal_operation,none,True,,excluded,quality_cut_without_natural_transition
2024-07-02 15:36:49,7月2日14_00_7月2日18_00,0,0,62,0,45,0,46,0,18.3816,74.5,18.768,68.9,18.249,74.8,18.6576,75.8,20.2764,75.5,19.4454,74.9,39.6,34,0,34,0,36,0,36,0,20.0564,72.1,18.216,80.6,20.1656,77.1,20.0355,77.3,19.0022,77.9,18.836,78.1,26.8,293,230.0897,523.0897,75.625,12,False,66.4,True,12.1,linear,normal_operation,none,True,,excluded,quality_cut_without_natural_transition
2024-07-02 15:37:19,7月2日14_00_7月2日18_00,0,0,62,0,45,0,46,0,19.7258,74.4,19.4856,68.8,20.9208,74.7,22.1904,75.7,20.7928,75.4,20.5163,74.8,37.1,34,0,34,0,35,0,36,0,20.7176,72,19.2096,80.5,21.1074,77,20.868,77.2,20.5163,77.8,21.2352,78,26.6,292,247.2858,539.2858,75.525,12,False,63.7,True,12.16,linear,normal_operation,none,True,,excluded,quality_cut_without_natural_transition
2024-07-02 15:37:49,7月2日14_00_7月2日18_00,0,0,62,0,45,0,46,0,18.8993,74.3,19.0992,68.7,19.4856,74.6,19.2096,75.6,19.5562,75.3,19.4454,74.7,38.3,35,0,33,0,36,0,36,0,19.6156,71.9,18.3816,80.4,18.1712,76.9,18.204,77,17.8942,77.7,18.282,77.8,24.9,293,226.2439,519.2439,75.4083333333,12,False,63.2,True,12.219047619,linear,normal_operation,none,True,,excluded,quality_cut_without_natural_transition
2024-07-02 15:38:19,7月2日14_00_7月2日18_00,0,0,62,0,45,0,46,0,19.3401,74.2,19.8911,68.6,19.4856,74.5,19.9272,75.5,19.8332,75.2,19.5562,74.6,38.5,35,0,34,0,36,0,36,0,21.8747,71.8,20.6074,80.3,18.4482,76.8,18.204,76.9,18.836,77.6,19.8332,77.7,26.6,294,235.8369,529.8369,75.3083333333,12,False,65.1,True,12.4,linear,normal_operation,none,True,,excluded,quality_cut_without_natural_transition
2024-07-02 15:38:49,7月2日14_00_7月2日18_00,0,0,62,0,46,0,46,0,18.1056,74.1,18.3816,68.5,21.3624,74.4,20.9208,75.4,20.6822,75.1,20.5163,74.5,38,35,0,34,0,36,0,36,0,20.4421,71.7,19.2096,80.2,19.1684,76.7,19.0365,76.8,20.2398,77.5,21.5117,77.6,27.3,295,239.577,534.577,75.2083333333,12,False,65.3,True,12.4,linear,normal_operation,none,True,,excluded,quality_cut_without_natural_transition
2024-07-02 15:39:19,7月2日14_00_7月2日18_00,0,0,62,0,46,0,46,0,19.1748,74,19.7258,68.4,20.7552,74.3,19.6512,75.3,20.1292,75,20.2398,74.4,38.8,35,0,34,0,35,0,36,0,20.3319,71.6,18.768,80.1,22.2708,76.6,21.8276,76.7,18.9679,77.4,19.7224,77.5,26.5,294,241.5646,535.5646,75.1083333333,12,False,65.3,True,12.4,linear,normal_operation,none,True,,excluded,quality_cut_without_natural_transition
2024-07-02 15:39:49,7月2日14_00_7月2日18_00,0,0,62,0,46,0,46,0,18.3483,73.9,19.0646,68.3,18.9336,74.2,18.9336,75.2,19.5209,74.9,19.7974,74.3,36.3,35,0,34,0,35,0,36,0,22.11,71.5,20.8829,80,22.714,76.5,22.991,76.6,20.7928,77.3,19.5209,77.4,26.5,294,243.61,537.61,75.0083333333,12,False,62.8,True,12.5055555556,linear,normal_operation,none,True,,excluded,quality_cut_without_natural_transition
2024-07-02 15:40:19,7月2日14_00_7月2日18_00,0,0,62,0,46,0,46,0,17.388,73.8,17.4984,68.2,18.1056,74.1,18.216,75.1,19.4454,74.7,19.1338,74.2,37.8,35,0,33,0,35,0,36,0,23.54,71.4,22.1502,79.9,20.4426,76.4,21.1455,76.5,22.3412,77.2,22.673,77.3,24.9,293,242.0797,535.0797,74.9,12,False,62.7,True,12.6,linear,normal_operation,none,True,,excluded,quality_cut_without_natural_transition
2024-07-02 15:40:49,7月2日14_00_7月2日18_00,0,0,58,0,36,0,36,0,19.7258,73.7,20.6074,68.1,22.2604,74,21.8747,75,20.2398,74.6,20.6822,74.1,38.3,35,0,34,0,35,0,36,0,23.65,71.2,21.9849,79.8,23.6684,76.3,24.5422,76.4,23.779,77.1,22.5071,77.2,32.1,270,265.5219,535.5219,74.7916666667,12,False,70.4,True,12.31,linear,normal_operation,none,True,,excluded,quality_cut_without_natural_transition
2024-07-02 15:41:19,7月2日14_00_7月2日18_00,0,0,58,0,36,0,36,0,20.1666,73.6,20.6074,67.9,21.9849,73.8,21.5992,74.9,20.6822,74.5,20.6822,74,37.3,34,0,34,0,35,0,36,0,24.2,71.1,21.945,79.6,22.2306,76.1,23.545,76.3,24.288,77,24.4536,77.1,32.5,269,266.3847,535.3847,74.6583333333,12,False,69.8,True,12.4,linear,normal_operation,none,True,,excluded,quality_cut_without_natural_transition
2024-07-02 15:41:49,7月2日14_00_7月2日18_00,0,0,58,0,36,0,36,0,21.7094,73.5,22.591,67.8,22.591,73.7,22.2604,74.7,21.4011,74.4,21.2352,73.8,36.9,34,0,33,0,35,0,35,0,22.55,71,20.4421,79.5,19.2792,76,18.759,76.2,20.9587,76.8,21.4011,77,25.1,267,255.1782,522.1782,74.5333333333,12,False,62,True,12.5,linear,normal_operation,none,True,,excluded,quality_cut_without_natural_transition
2024-07-02 15:42:19,7月2日14_00_7月2日18_00,0,0,58,0,36,0,36,0,19.3401,73.3,20.0564,67.7,20.2032,73.6,20.0928,74.6,19.7974,74.3,19.7974,73.7,30,34,0,33,0,35,0,35,0,21.12,70.9,20.1666,79.4,22.9495,75.9,21.7168,76.1,19.9633,76.7,21.2352,76.8,25.7,267,246.4387,513.4387,74.4166666667,12,False,55.7,True,12.5619047619,linear,normal_operation,none,True,,excluded,quality_cut_without_natural_transition
2024-07-02 15:42:49,7月2日14_00_7月2日18_00,0,0,58,0,36,0,36,0,20.7176,73.2,21.3237,67.6,19.7616,73.5,19.7616,74.5,20.1292,74.2,20.2398,73.6,29.6,34,0,33,0,35,0,36,0,19.855,70.8,18.8993,79.3,19.2792,75.8,19.314,75.9,19.2444,76.6,19.9633,76.7,25.3,268,238.4887,506.4887,74.3083333333,12,False,54.9,True,12.6,linear,normal_operation,none,True,,excluded,quality_cut_without_natural_transition
2024-07-02 15:43:19,7月2日14_00_7月2日18_00,0,0,58,0,36,0,36,0,21.12,73.1,21.1584,67.5,18.9336,73.4,18.9336,74.4,19.9633,74.1,20.1292,73.5,28.8,35,0,34,0,35,0,36,0,22.11,70.6,21.12,79.2,19.4454,75.7,19.314,75.8,21.7882,76.5,22.3412,76.6,26.3,270,246.3569,516.3569,74.2,12,False,55.1,True,12.4736842105,linear,normal_operation,none,True,,excluded,quality_cut_without_natural_transition
2024-07-02 15:43:49,7月2日14_00_7月2日18_00,0,0,58,0,36,0,36,0,21.285,73,21.7094,67.4,21.4339,73.3,21.5992,74.3,20.4057,74,20.6822,73.4,36.5,35,0,34,0,35,0,36,0,22.935,70.5,19.0646,79.1,23.5025,75.6,24.653,75.7,21.7882,76.4,22.3412,76.5,27.2,270,261.3999,531.3999,74.1,12,False,63.7,True,12.17,linear,normal_operation,none,True,,excluded,quality_cut_without_natural_transition
2024-07-02 15:44:19,7月2日14_00_7月2日18_00,0,0,58,0,36,0,36,0,24.365,72.9,25.08,67.2,24.5195,73.2,24.244,74.2,24.288,73.9,24.564,73.3,37.7,34,0,33,0,35,0,35,0,20.68,70.4,19.58,79,17.2848,75.5,17.76,75.6,20.5163,76.3,19.9633,76.4,26.8,267,262.8449,529.8449,73.9916666667,12,False,64.5,True,11.9380952381,linear,normal_operation,none,True,,excluded,quality_cut_without_natural_transition
2024-07-02 15:44:49,7月2日14_00_7月2日18_00,0,0,58,0,35,0,36,0,23.375,72.8,23.65,67.1,23.693,73,23.2522,74.1,23.184,73.7,22.7424,73.2,38.3,34,0,33,0,35,0,36,0,21.3561,70.3,20.405,78.9,20.2764,75.4,20.5905,75.5,19.7974,76.2,20.4057,76.3,32.3,267,262.7277,529.7277,73.875,12,False,70.6,True,11.9,linear,normal_operation,none,True,,excluded,quality_cut_without_natural_transition
2024-07-02 15:45:19,7月2日14_00_7月2日18_00,0,0,58,0,36,0,36,0,24.3207,72.6,24.64,67,23.4175,72.9,23.4175,73.9,23.9016,73.6,23.2944,73,46.4,34,0,34,0,35,0,35,0,22.1796,70.2,21.12,78.8,20.7928,75.3,20.9966,75.4,19.6868,76.1,20.1292,76.2,32.7,268,267.8967,535.8967,73.75,12,False,79.1,True,11.7666666667,linear,normal_operation,none,True,,excluded,quality_cut_without_natural_transition
2024-07-02 15:45:49,7月2日14_00_7月2日18_00,0,0,58,0,36,0,36,0,22.11,72.5,22.55,66.9,22.9767,72.8,23.2522,73.8,22.908,73.5,23.2944,72.9,44.2,34,0,33,0,35,0,36,0,22.7835,70.1,21.285,78.6,22.9495,75.1,23.268,75.3,22.0248,76,22.0248,76.1,34,268,271.4269,539.4269,73.6333333333,12,False,78.2,True,11.7428571429,linear,normal_operation,none,True,,excluded,quality_cut_without_natural_transition
2024-07-02 15:46:19,7月2日14_00_7月2日18_00,0,0,58,0,35,0,36,0,22.11,72.4,22.385,66.7,23.5828,72.7,23.5828,73.7,24.1776,73.4,23.736,72.8,44.8,34,0,33,0,35,0,35,0,23.3325,69.9,22.8933,78.5,24.2214,75,23.545,75.1,22.4664,75.8,22.3008,75.9,41,266,278.3336,544.3336,73.4916666667,12,False,85.8,True,12.06,linear,normal_operation,none,True,,excluded,quality_cut_without_natural_transition
2024-07-02 15:46:49,7月2日14_00_7月2日18_00,0,0,58,0,35,0,36,0,20.955,72.3,21.285,66.6,21.4339,72.5,21.3237,73.6,22.632,73.2,22.4664,72.6,37.7,34,0,34,0,35,0,36,0,24.3207,69.8,23.7717,78.4,24.4979,74.9,24.099,75,23.6256,75.7,24.012,75.8,42.5,268,274.4229,542.4229,73.3666666667,12,False,80.2,True,12.1105263158,linear,normal_operation,none,True,,excluded,quality_cut_without_natural_transition
2024-07-02 15:47:19,7月2日14_00_7月2日18_00,0,0,58,0,36,0,36,0,22.11,72.2,22.55,66.5,21.3237,72.4,21.1584,73.4,22.632,73.1,23.6256,72.5,37,34,0,33,0,35,0,35,0,24.2764,69.7,23.3325,78.3,21.4011,74.8,21.7168,74.9,22.0248,75.6,22.632,75.7,42.7,267,268.7833,535.7833,73.2583333333,12,False,79.7,True,12.2,linear,normal_operation,none,True,,excluded,quality_cut_without_natural_transition
2024-07-02 15:47:49,7月2日14_00_7月2日18_00,0,0,58,0,35,0,36,0,22.55,72,22.825,66.4,20.4421,72.3,19.8911,73.3,21.4728,73,21.4728,72.4,36.7,34,0,33,0,35,0,35,0,23.4544,69.5,22.1796,78.1,22.3412,74.6,22.5478,74.8,21.6384,75.5,21.0312,75.6,41.8,266,261.8464,527.8464,73.125,12,False,78.5,True,12.4142857143,linear,normal_operation,none,True,,excluded,quality_cut_without_natural_transition
2024-07-02 15:48:19,7月2日14_00_7月2日18_00,0,0,58,0,35,0,36,0,18.865,71.9,19.14,66.3,21.7094,72.2,21.4339,73.2,21.3624,72.9,21.1968,72.3,37.6,34,0,33,0,35,0,35,0,22.742,69.4,22.0698,78,24.1776,74.5,24.6085,74.6,21.0312,75.3,20.6448,75.4,40.7,266,258.9814,524.9814,73,12,False,78.3,True,12.5,linear,normal_operation,none,True,,excluded,quality_cut_without_natural_transition
2024-07-02 15:48:49,7月2日14_00_7月2日18_00,0,0,58,0,35,0,36,0,20.13,71.8,21.12,66.1,21.3237,72.1,21.5992,73.1,21.1968,72.7,21.4728,72.2,36.7,34,0,33,0,35,0,36,0,26.0848,69.3,24.7599,77.9,22.673,74.4,22.673,74.5,24.244,75.2,24.7296,75.3,42.4,267,272.0068,539.0068,72.8833333333,12,False,79.1,True,12.5105263158,linear,normal_operation,none,True,,excluded,quality_cut_without_natural_transition
2024-07-02 15:49:19,7月2日14_00_7月2日18_00,0,0,58,0,35,0,36,0,21.835,71.7,22.66,66,19.8911,72,19.8911,73,20.7552,72.6,20.9208,72.1,36.6,34,0,33,0,35,0,36,0,23.29,69.1,22.509,77.8,22.9495,74.3,22.7836,74.4,22.0248,75.1,22.908,75.2,40.9,267,262.4181,529.4181,72.775,12,False,77.5,True,12.6,linear,normal_operation,none,True,,excluded,quality_cut_without_natural_transition
2024-07-02 15:49:49,7月2日14_00_7月2日18_00,0,0,58,0,35,0,36,0,19.855,71.6,20.13,65.9,21.4339,71.9,21.3237,72.9,21.7488,72.5,21.7488,72,37.8,34,0,33,0,35,0,35,0,22.5776,69,22.0698,77.6,22.632,74.1,22.9495,74.3,21.9144,75,22.4664,75.1,42.4,266,260.8499,526.8499,72.6583333333,12,False,80.2,True,12.7,linear,normal_operation,none,True,,excluded,quality_cut_without_natural_transition
2024-07-02 15:50:19,7月2日14_00_7月2日18_00,0,0,58,0,35,0,36,0,20.955,71.5,21.395,65.8,20.8829,71.7,20.9931,72.8,21.7488,72.4,21.6384,71.8,37.1,34,0,33,0,35,0,35,0,21.8652,68.9,22.0698,77.5,21.0693,74,21.2736,74.1,23.8583,74.8,23.5828,74.9,42.6,266,261.3322,527.3322,72.5166666667,12,False,79.7,True,12.7,linear,normal_operation,none,True,,excluded,quality_cut_without_natural_transition
2024-07-02 15:50:49,7月2日14_00_7月2日18_00,0,0,58,0,35,0,36,0,19.855,71.4,20.405,65.7,19.4503,71.6,19.0646,72.7,20.6448,72.3,20.4792,71.7,28.5,34,0,33,0,35,0,36,0,24.0024,68.7,22.7835,77.4,22.2306,73.9,22.7836,74,22.0248,74.7,22.9767,74.8,42.4,267,256.7005,523.7005,72.4083333333,12,False,70.9,True,12.4,linear,normal_operation,none,True,,excluded,quality_cut_without_natural_transition
2024-07-02 15:51:19,7月2日14_00_7月2日18_00,0,0,58,0,35,0,36,0,20.405,71.3,20.57,65.6,18.8993,71.5,18.6238,72.6,21.1968,72.2,20.6448,71.6,30.1,34,0,33,0,35,0,36,0,22.5776,68.6,21.9051,77.3,23.736,73.8,24.0555,73.9,23.5828,74.6,23.2522,74.7,40.8,267,259.4489,526.4489,72.3083333333,12,False,70.9,True,12.14,linear,normal_operation,none,True,,excluded,quality_cut_without_natural_transition
2024-07-02 15:51:49,7月2日14_00_7月2日18_00,0,0,58,0,35,0,36,0,21.9051,71.1,22.66,65.5,19.6156,71.4,19.7258,72.4,20.9208,72.1,21.1968,71.5,31.4,34,0,33,0,35,0,35,0,24.0024,68.5,23.1678,77.1,22.5071,73.6,22.3412,73.8,23.2522,74.5,22.7012,74.6,42.6,266,263.996,529.996,72.175,12,False,74,True,11.5,linear,normal_operation,none,True,,excluded,quality_cut_without_natural_transition
2024-07-02 15:52:19,7月2日14_00_7月2日18_00,0,0,58,0,35,0,36,0,20.68,71,20.955,65.3,21.8747,71.3,22.2604,72.3,23.6256,72,22.0248,71.4,38.4,34,0,33,0,35,0,35,0,19.6184,68.4,19.9836,77,18.9679,73.5,19.2792,73.7,20.4792,74.4,21.1968,74.4,24.7,266,250.9456,516.9456,72.0583333333,12,False,63.1,True,11.68,linear,normal_operation,none,True,,excluded,quality_cut_without_natural_transition
2024-07-02 15:52:49,7月2日14_00_7月2日18_00,0,0,58,0,35,0,36,0,22.8933,70.9,23.7717,65.2,23.21,71.2,23.54,72.2,21.3624,71.8,22.4664,71.3,36.5,34,0,33,0,35,0,35,0,20.2581,68.3,19.3797,76.9,18.4149,73.4,18.282,73.6,19.9272,74.3,20.3688,74.3,25,266,253.8745,519.8745,71.95,12,False,61.5,True,11.8,linear,normal_operation,none,True,,excluded,quality_cut_without_natural_transition
2024-07-02 15:53:19,7月2日14_00_7月2日18_00,0,0,58,0,35,0,36,0,24.7599,70.8,25.1442,65.1,23.65,71.1,24.09,72.1,22.7424,71.7,21.9144,71.1,37.7,34,0,33,0,35,0,36,0,19.1052,68.2,18.666,76.8,19.2444,73.3,19.7224,73.5,19.2096,74.2,19.0992,74.2,26.4,267,257.3477,524.3477,71.8416666667,12,False,64.1,True,12.1095238095,linear,normal_operation,none,True,,excluded,quality_cut_without_natural_transition
2024-07-02 15:53:49,7月2日14_00_7月2日18_00,0,0,58,0,35,0,36,0,24.4305,70.7,24.5952,65,23.925,70.9,24.365,72,23.9016,71.6,23.184,71,44.3,34,0,33,0,35,0,36,0,18.9954,68.1,18.666,76.7,22.3412,73.2,21.5506,73.3,19.9272,74.1,20.9208,74.1,26.4,267,266.8025,533.8025,71.725,12,False,70.7,True,12.27,linear,normal_operation,none,True,,excluded,quality_cut_without_natural_transition
2024-07-02 15:54:19,7月2日14_00_7月2日18_00,0,0,58,0,35,0,36,0,22.0698,70.5,22.3443,64.8,21.945,70.8,22.11,71.8,23.736,71.5,23.0184,70.9,44.7,34,0,33,0,35,0,35,0,20.2212,68,19.8189,76.6,19.7974,73.1,20.2764,73.2,20.2032,73.9,20.0928,74,25.8,266,255.6334,521.6334,71.5916666667,12,False,70.5,True,11.6571428571,linear,normal_operation,none,True,,excluded,quality_cut_without_natural_transition
2024-07-02 15:54:49,7月2日14_00_7月2日18_00,0,0,58,0,35,0,36,0,20.2581,70.4,20.8071,64.7,20.405,70.7,20.845,71.7,21.4728,71.4,20.4792,70.8,37.8,34,0,33,0,35,0,36,0,20.2212,67.8,19.2699,76.5,17.8619,73,18.282,73.1,19.6512,73.8,20.0928,73.9,25.1,267,239.6462,506.6462,71.4833333333,12,False,62.9,True,11.35,linear,normal_operation,none,True,,excluded,quality_cut_without_natural_transition
2024-07-02 15:55:19,7月2日14_00_7月2日18_00,0,0,58,0,35,0,36,0,20.2581,70.3,19.855,64.6,21.835,70.6,21.67,71.6,21.9144,71.2,21.4728,70.7,39.1,34,0,33,0,35,0,36,0,19.1052,67.7,18.666,76.4,20.6822,72.9,21.2736,73,20.2032,73.7,20.3688,73.8,26.8,267,247.3043,514.3043,71.375,12,False,65.9,True,10.5,linear,normal_operation,none,True,,excluded,quality_cut_without_natural_transition
2024-07-02 15:55:49,7月2日14_00_7月2日18_00,0,0,58,0,35,0,36,0,20.2581,70.2,20.5326,64.5,20.57,70.5,20.845,71.5,21.1968,71.1,21.3624,70.6,38.7,34,0,33,0,35,0,36,0,19.6184,67.6,19.2699,76.3,20.7928,72.8,21.4011,72.9,19.0992,73.6,19.7616,73.7,24.7,267,244.7079,511.7079,71.275,12,False,63.4,True,9.98,linear,normal_operation,none,True,,excluded,quality_cut_without_natural_transition
2024-07-02 15:56:19,7月2日14_00_7月2日18_00,0,0,58,0,35,0,36,0,24.156,70.1,24.5952,64.4,24.805,70.4,25.19,71.4,24.1338,71,23.9685,70.4,38.2,34,0,33,0,35,0,35,0,20.6048,67.5,19.5444,76.2,19.9633,72.7,20.2764,72.8,19.3752,73.5,19.7616,73.6,26.5,266,266.3742,532.3742,71.1666666667,12,False,64.7,True,9.8,linear,normal_operation,none,True,,excluded,quality_cut_without_natural_transition
2024-07-02 15:56:49,7月2日14_00_7月2日18_00,0,0,58,0,35,0,36,0,20.9169,70,20.8071,64.3,21.67,70.2,21.67,71.3,21.0312,70.9,21.0312,70.3,39,34,0,33,0,35,0,36,0,21.2076,67.4,20.8071,76.1,20.4057,72.6,20.2764,72.7,18.9336,73.4,20.4792,73.5,25.5,267,249.236,516.236,71.0583333333,12,False,64.5,True,9.80526315789,linear,normal_operation,none,True,,excluded,quality_cut_without_natural_transition
2024-07-02 15:57:19,7月2日14_00_7月2日18_00,0,0,58,0,35,0,36,0,21.9051,69.8,22.6188,64.2,21.395,70.1,21.395,71.1,22.9767,70.8,22.591,70.2,38,34,0,33,0,35,0,35,0,20.7692,67.3,20.5326,76,18.802,72.5,19.4454,72.6,19.7616,73.3,20.0928,73.3,25.1,266,252.2852,518.2852,70.9333333333,12,False,63.1,True,9.9,linear,normal_operation,none,True,,excluded,quality_cut_without_natural_transition
2024-07-02 15:57:49,7月2日14_00_7月2日18_00,0,0,57,0,35,0,36,0,23.058,69.7,23.1678,64,22.55,70,22.935,71,22.8665,70.6,21.9849,70.1,39.4,34,0,33,0,35,0,36,0,18.632,67.2,18.2817,75.9,19.7974,72.4,20.2398,72.5,20.0564,73.2,20.0564,73.2,24.7,266,253.6259,519.6259,70.8166666667,12,False,64.1,True,9.9,linear,normal_operation,none,True,,excluded,quality_cut_without_natural_transition
2024-07-02 15:58:19,7月2日14_00_7月2日18_00,0,0,58,0,35,0,36,0,23.1256,69.6,23.3325,63.9,23.607,69.9,23.54,70.9,22.7012,70.5,22.2604,70,39.1,34,0,33,0,35,0,35,0,18.9608,67.1,18.666,75.8,20.7928,72.3,21.5117,72.4,19.8911,73.1,20.8829,73.1,26.4,266,259.272,525.272,70.7166666667,12,False,65.5,True,9.9,linear,normal_operation,none,True,,excluded,quality_cut_without_natural_transition
2024-07-02 15:58:49,7月2日14_00_7月2日18_00,0,0,58,0,35,0,36,0,22.468,69.5,22.8933,63.8,22.6188,69.8,22.935,70.8,23.8583,70.4,24.1338,69.8,40,34,0,33,0,35,0,35,0,18.9608,67,18.8307,75.7,19.7974,72.1,20.1292,72.3,20.4421,73,20.7176,73,26.3,266,257.785,523.785,70.6,12,False,66.3,True,10,linear,normal_operation,none,True,,excluded,quality_cut_without_natural_transition
2024-07-02 15:59:19,7月2日14_00_7月2日18_00,0,0,58,0,35,0,36,0,22.742,69.3,22.509,63.6,20.13,69.6,21.12,70.6,23.693,70.3,23.4175,69.7,39.6,34,0,33,0,35,0,35,0,19.3444,66.9,18.9954,75.6,19.5209,72,19.4103,72.1,19.3401,72.9,19.6156,72.9,25.1,266,249.8382,515.8382,70.4583333333,12,False,64.7,True,10.12,linear,normal_operation,none,True,,excluded,quality_cut_without_natural_transition
2024-07-02 15:59:49,7月2日14_00_7月2日18_00,0,0,58,0,35,0,36,0,24.0024,69.2,23.838,63.5,24.7599,69.5,25.0344,70.5,23.5828,70.1,23.5828,69.6,38.9,34,0,33,0,35,0,36,0,19.9472,66.8,19.3797,75.5,17.9725,71.9,18.282,72,18.734,72.8,19.0992,72.8,26.3,267,258.2149,525.2149,70.35,12,False,65.2,True,10.3,linear,normal_operation,none,True,,excluded,quality_cut_without_natural_transition
2024-07-02 16:00:19,7月2日14_00_7月2日18_00,0,0,58,0,35,0,36,0,5.36123,69.1,5.37096,63.4,1.41568,69.4,2.54933,70.4,12.3319,70,11.8895,69.5,37.6,34,0,33,0,35,0,36,0,10.12,66.7,9.1466,75.4,7.9365,71.9,8.214,72,9.3457,72.7,9.1798,72.7,33.5,267,92.8612,359.8612,70.2666666667,12,False,71.1,True,9.78,linear,normal_operation,none,True,,excluded,quality_cut_without_natural_transition
2024-07-02 16:00:49,7月2日14_00_7月2日18_00,0,0,57,0,35,0,35,0,0.98987,69.1,0.56406,63.4,0.283648,69.4,0.99166,70.4,-0.78396,70,-1.79032,69.4,30,34,0,33,0,35,0,36,0,-1.89336,66.7,-2.35578,75.3,-0.045592,71.8,-0.305793,71.9,-1.0878,72.6,-1.75935,72.7,34.8,265,-7.192717,257.807283,70.225,12,False,64.8,True,9.45,linear,onboard_fc_charging,none,True,,excluded,quality_cut_without_natural_transition
2024-07-02 16:01:19,7月2日14_00_7月2日18_00,0,0,58,0,35,0,36,0,-8.0475,69.1,-8.547,63.4,-8.7292,69.4,-7.506,70.4,-4.37802,70,-5.09655,69.5,31,34,0,33,0,35,0,36,0,-10.1382,66.7,-10.212,75.4,-10.3974,71.9,-9.6148,72,-11.5506,72.7,-11.439,72.7,41.9,267,-105.65627,161.34373,70.2666666667,12,False,72.9,True,7.8,linear,onboard_fc_charging,none,True,,excluded,quality_cut_without_natural_transition
2024-07-02 16:01:49,7月2日14_00_7月2日18_00,0,0,58,0,35,0,36,0,-11.697,69.2,-12.3097,63.5,-17.7203,69.5,-16.1551,70.5,-12.0744,70.1,-12.5216,69.5,31.8,34,0,33,0,35,0,35,0,-1.7451,66.7,-1.79496,75.4,1.57356,71.9,1.99764,72,-0.185481,72.7,-0.270145,72.8,40.9,266,-82.902586,183.097414,70.3166666667,12,False,72.7,True,6.91666666667,linear,onboard_fc_charging,none,True,,excluded,quality_cut_without_natural_transition
2024-07-02 16:02:19,7月2日14_00_7月2日18_00,0,0,57,0,35,0,36,0,-13.7826,69.3,-13.6152,63.6,-11.439,69.6,-10.1556,70.6,-13.72,70.1,-14.224,69.6,36.4,34,0,33,0,35,0,36,0,-12.0096,66.8,-11.954,75.4,-15.147,71.9,-14.586,72,-13.2483,72.7,-12.857,72.8,41.1,266,-156.7383,109.2617,70.3666666667,12,False,77.5,True,4.72,linear,onboard_fc_charging,none,True,,excluded,quality_cut_without_natural_transition
2024-07-02 16:02:49,7月2日14_00_7月2日18_00,0,0,58,0,35,0,35,0,-11.997,69.3,-12.1086,63.6,-13.4719,69.6,-12.1862,70.6,-13.2957,70.2,-13.9128,69.7,38.4,34,0,33,0,35,0,35,0,-13.8444,66.8,-14.1478,75.5,-13.9128,72,-13.6566,72.1,-12.992,72.8,-12.712,72.8,42.9,265,-158.2378,106.7622,70.4166666667,12,False,81.3,True,4.17,linear,onboard_fc_charging,none,True,,excluded,quality_cut_without_natural_transition
2024-07-02 16:03:19,7月2日14_00_7月2日18_00,0,0,50,0,35,0,36,0,-11.16,69.4,-10.8252,63.7,-12.857,69.7,-11.6272,70.7,-11.5005,70.3,-12.1176,69.7,37.2,34,0,33,0,35,0,35,0,-14.8719,66.9,-15.1776,75.6,-12.5326,72.1,-11.6896,72.2,-13.6323,72.9,-13.8567,72.9,41.1,258,-151.8482,106.1518,70.5083333333,12,False,78.3,True,3,linear,onboard_fc_charging,none,True,,excluded,quality_cut_without_natural_transition
2024-07-02 16:03:49,7月2日14_00_7月2日18_00,0,0,37,0,35,0,36,0,-8.912,69.4,-7.9651,63.7,-7.254,69.7,-6.138,70.7,-12.0054,70.3,-11.8932,69.8,44.4,34,0,33,0,35,0,36,0,-14.3706,67,-14.7312,75.7,-12.1954,72.1,-12.0268,72.2,-14.025,72.9,-14.5299,73,41.1,246,-136.0466,109.9534,70.5416666667,12,False,85.5,True,1.9,linear,onboard_fc_charging,none,True,,excluded,quality_cut_without_natural_transition
2024-07-02 16:04:19,7月2日14_00_7月2日18_00,0,0,37,0,35,0,36,0,-8.5374,69.5,-7.9794,63.8,-11.0123,69.8,-10.0061,70.7,-7.9662,70.4,-8.2467,69.8,45,34,0,33,0,35,0,35,0,-11.4742,67,-11.6413,75.7,-13.6809,72.2,-14.2748,72.3,-14.5558,73,-14.4434,73.1,42.9,245,-133.8185,111.1815,70.6083333333,12,False,87.9,True,1.9,linear,onboard_fc_charging,none,True,,excluded,quality_cut_without_natural_transition
2024-07-02 16:04:49,7月2日14_00_7月2日18_00,0,0,37,0,35,0,35,0,-9.5418,69.5,-9.3744,63.8,-7.826,69.8,-7.0993,70.8,-9.3126,70.4,-9.4809,69.9,45.5,34,0,33,0,35,0,36,0,-12.7553,67.1,-12.9456,75.8,-14.3565,72.3,-13.7372,72.4,-11.9706,73.1,-12.1954,73.1,41.5,245,-130.5956,114.4044,70.6666666667,12,False,87,True,1.9,linear,onboard_fc_charging,none,True,,excluded,quality_cut_without_natural_transition
2024-07-02 16:05:19,7月2日14_00_7月2日18_00,0,0,37,0,35,0,36,0,-8.4816,69.6,-8.7048,63.8,-9.2794,69.9,-8.5527,70.8,-9.0882,70.4,-9.1443,69.9,44.9,34,0,33,0,35,0,35,0,-14.2592,67.1,-13.5594,75.8,-12.2734,72.3,-11.6896,72.4,-12.9822,73.1,-12.7347,73.2,41.2,245,-130.7495,114.2505,70.6916666667,12,False,86.1,True,1.9,linear,onboard_fc_charging,none,True,,excluded,quality_cut_without_natural_transition
2024-07-02 16:05:49,7月2日14_00_7月2日18_00,0,0,37,0,35,0,35,0,-8.0352,69.6,-7.7562,63.9,-10.64,69.9,-9.856,70.9,-8.1345,70.5,-8.6394,70,45.5,34,0,33,0,35,0,36,0,-9.1184,67.2,-9.6918,75.9,-7.293,72.3,-6.7881,72.4,-9.8736,73.2,-9.7053,73.2,41.6,245,-105.5315,139.4685,70.75,12,False,87.1,True,1.9,linear,onboard_fc_charging,none,True,,excluded,quality_cut_without_natural_transition
2024-07-02 16:06:19,7月2日14_00_7月2日18_00,0,0,37,0,35,0,36,0,-11.2359,69.6,-11.1241,63.9,-10.64,70,-10.08,70.9,-8.992,70.5,-9.0882,70,36.6,34,0,33,0,35,0,36,0,-8.9677,67.2,-9.3019,75.9,-11.24,72.4,-11.24,72.5,-10.3785,73.2,-10.4907,73.3,32.9,246,-122.779,123.221,70.7833333333,12,False,69.5,True,1.9,linear,onboard_fc_charging,none,True,,excluded,quality_cut_without_natural_transition
2024-07-02 16:06:49,7月2日14_00_7月2日18_00,0,0,37,0,35,0,35,0,-11.0682,69.7,-10.5651,64,-9.464,70,-8.568,71,-11.3524,70.6,-11.0714,70.1,35.5,34,0,33,0,35,0,36,0,-14.6196,67.3,-15.2607,76,-15.5664,72.5,-15.4262,72.5,-14.9195,73.3,-14.9195,73.3,32,245,-152.801,92.199,70.8583333333,12,False,67.5,True,0,linear,ambiguous_external_supply,none,False,,excluded,ambiguous_external_supply
2024-07-02 16:07:19,7月2日14_00_7月2日18_00,0,0,36,0,35,0,36,0,-10.6769,69.8,-10.2856,64,-9.744,70.1,-8.904,71,-11.0714,70.7,-11.0152,70.1,36.6,34,0,33,0,35,0,36,0,-16.7141,67.4,-17.1054,76.1,-16.0176,72.5,-15.8203,72.6,-16.1581,73.4,-16.1581,73.4,24.3,245,-159.6707,85.3293,70.925,12,False,60.9,True,0,linear,ambiguous_external_supply,none,False,,excluded,ambiguous_external_supply
2024-07-02 16:07:49,7月2日14_00_7月2日18_00,0,0,36,0,35,0,35,0,-10.621,69.8,-10.304,64.1,-9.8,70.1,-9.184,71.1,-11.0152,70.7,-11.0152,70.2,36.8,34,0,33,0,35,0,36,0,-16.211,67.5,-17.248,76.2,-15.0024,72.6,-14.4691,72.7,-17.9352,73.5,-17.3148,73.5,24.1,244,-160.1199,83.8801,71,12,False,60.9,True,0,linear,ambiguous_external_supply,none,False,,excluded,ambiguous_external_supply
2024-07-02 16:08:19,7月2日14_00_7月2日18_00,0,0,36,0,35,0,36,0,-9.5589,69.9,-9.632,64.2,-10.9395,70.2,-10.5468,71.1,-10.6218,70.8,-11.24,70.2,35.6,34,0,33,0,35,0,35,0,-15.8756,67.6,-16.576,76.3,-15.9612,72.7,-15.792,72.8,-17.202,73.5,-17.3148,73.6,24.1,244,-161.2606,82.7394,71.075,12,False,59.7,True,0,linear,ambiguous_external_supply,none,False,,excluded,ambiguous_external_supply
2024-07-02 16:08:49,7月2日14_00_7月2日18_00,0,0,37,0,35,0,36,0,-12.096,69.9,-11.536,64.2,-11.6127,70.3,-10.7712,71.2,-12.1045,70.8,-12.0482,70.3,28.5,34,0,30,0,35,0,36,0,-13.5837,67.6,-14.3663,76.3,-15.8765,72.8,-16.074,72.9,-16.1868,73.6,-16.0176,73.7,23.9,243,-162.2735,80.7265,71.1333333333,12,False,52.4,True,0,linear,ambiguous_external_supply,none,False,,excluded,ambiguous_external_supply
2024-07-02 16:09:19,7月2日14_00_7月2日18_00,0,0,37,0,35,0,36,0,-11.144,70,-10.696,64.3,-11.9493,70.3,-11.6127,71.2,-11.9919,70.9,-12.0482,70.4,28.7,25,0,24,0,25,0,25,0,-11.439,67.7,-11.8508,76.4,-10.3212,72.9,-10.0777,72.9,-10.6407,73.7,-10.4155,73.7,23.8,207,-134.187,72.813,71.2,12,False,52.5,True,0,linear,ambiguous_external_supply,none,False,,excluded,ambiguous_external_supply
2024-07-02 16:09:49,7月2日14_00_7月2日18_00,0,0,37,0,35,0,35,0,-10.92,70.1,-10.528,64.3,-12.2859,70.4,-11.6127,71.3,-11.7667,71,-11.26,70.4,28.5,24,0,24,0,25,0,25,0,-12.1086,67.8,-12.4098,76.5,-8.7265,72.9,-8.2761,73,-10.9785,73.8,-10.9785,73.8,24.6,205,-131.8513,73.1487,71.275,12,False,53.1,True,0,linear,ambiguous_external_supply,none,False,,excluded,ambiguous_external_supply
2024-07-02 16:10:19,7月2日14_00_7月2日18_00,0,0,36,0,35,0,35,0,-11.368,70.1,-10.696,64.4,-10.098,70.4,-9.7614,71.3,-10.0214,71,-10.5844,70.5,35.5,25,0,25,0,25,0,25,0,-10.2672,67.8,-10.9564,76.5,-10.4718,72.9,-10.5844,73,-10.7533,73.8,-10.9785,73.9,24.1,206,-126.5408,79.4592,71.3,12,False,59.6,True,0,linear,ambiguous_external_supply,none,False,,excluded,ambiguous_external_supply
2024-07-02 16:10:49,7月2日14_00_7月2日18_00,0,0,36,0,35,0,35,0,-11.032,70.2,-10.7712,64.4,-9.1443,70.5,-8.8638,71.4,-11.3726,71.1,-11.6541,70.5,36.7,24,0,24,0,25,0,25,0,-9.765,67.9,-10.062,76.6,-11.1108,73,-11.2037,73.1,-10.8659,73.9,-10.8096,73.9,23.8,204,-126.655,77.345,71.375,12,False,60.5,True,0,linear,ambiguous_external_supply,none,False,,excluded,ambiguous_external_supply
2024-07-02 16:11:19,7月2日14_00_7月2日18_00,0,0,36,0,35,0,36,0,-9.744,70.2,-9.352,64.5,-11.22,70.5,-10.8273,71.4,-10.2466,71.1,-10.0777,70.6,36.2,25,0,24,0,25,0,25,0,-10.5462,67.9,-10.4533,76.6,-10.9416,73.1,-10.697,73.2,-10.697,73.9,-10.4155,74,23.9,206,-125.2182,80.7818,71.4166666667,12,False,60.1,True,0,linear,ambiguous_external_supply,none,False,,excluded,ambiguous_external_supply
2024-07-02 16:11:49,7月2日14_00_7月2日18_00,0,0,36,0,35,0,36,0,-6.776,70.3,-5.992,64.5,-11.1838,70.6,-10.7342,71.5,-10.4718,71.2,-10.3029,70.7,43.4,24,0,24,0,25,0,25,0,-9.1512,68,-9.8943,76.7,-11.5056,73.1,-11.3726,73.2,-10.9222,74,-10.4718,74,24,205,-118.7784,86.2216,71.4833333333,12,False,67.4,True,0,linear,ambiguous_external_supply,none,False,,excluded,ambiguous_external_supply
2024-07-02 16:12:19,7月2日14_00_7月2日18_00,0,0,36,0,35,0,36,0,-10.024,70.3,-10.192,64.6,-7.7979,70.7,-7.5735,71.6,-9.4021,71.2,-9.571,70.7,44.5,24,0,24,0,24,0,25,0,-10.2672,68,-10.8446,76.8,-10.5468,73.2,-10.3592,73.3,-10.9785,74,-10.8096,74.1,24.2,204,-118.3664,85.6336,71.5416666667,12,False,68.7,True,0,linear,ambiguous_external_supply,none,False,,excluded,ambiguous_external_supply
2024-07-02 16:12:49,7月2日14_00_7月2日18_00,0,0,36,0,35,0,35,0,-8.792,70.4,-8.288,64.6,-9.8736,70.7,-9.7614,71.6,-8.7265,71.3,-8.5576,70.8,44.1,24,0,24,0,24,0,25,0,-10.8446,68.1,-11.4595,76.8,-9.9264,73.2,-10.1903,73.3,-9.8525,74.1,-10.0777,74.1,23.9,203,-116.3501,86.6499,71.5833333333,12,False,68,True,0,linear,ambiguous_external_supply,none,False,,excluded,ambiguous_external_supply
2024-07-02 16:13:19,7月2日14_00_7月2日18_00,0,0,36,0,35,0,36,0,-10.6029,70.4,-10.3224,64.7,-9.2004,70.8,-8.9199,71.6,-7.6568,71.3,-7.7556,70.8,44.2,25,0,24,0,25,0,25,0,-10.3974,68.1,-11.0123,76.9,-10.0956,73.3,-9.7962,73.4,-10.9785,74.2,-10.8659,74.2,24.3,206,-117.6039,88.3961,71.6416666667,12,False,68.5,True,0,linear,ambiguous_external_supply,none,False,,excluded,ambiguous_external_supply
2024-07-02 16:13:49,7月2日14_00_7月2日18_00,0,0,36,0,35,0,36,0,-10.7712,70.5,-10.4907,64.7,-10.7904,70.8,-10.5094,71.7,-9.4584,71.4,-9.5147,70.8,36.3,24,0,24,0,25,0,25,0,-9.8384,68.2,-10.5092,76.9,-10.0956,73.3,-10.0777,73.4,-10.4155,74.2,-11.2037,74.3,24,205,-123.6749,81.3251,71.6833333333,12,False,60.3,True,0,linear,ambiguous_external_supply,none,False,,excluded,ambiguous_external_supply
2024-07-02 16:14:19,7月2日14_00_7月2日18_00,0,0,36,0,35,0,36,0,-11.1639,70.5,-10.5468,64.8,-11.0714,70.9,-10.2284,71.8,-9.2895,71.4,-9.1769,70.9,36.5,24,0,24,0,25,0,25,0,-11.2359,68.3,-11.704,77,-10.152,73.4,-9.9651,73.5,-10.1903,74.3,-9.8525,74.3,24.2,205,-124.5767,80.4233,71.7583333333,12,False,60.7,True,0,linear,ambiguous_external_supply,none,False,,excluded,ambiguous_external_supply
2024-07-02 16:14:49,7月2日14_00_7月2日18_00,0,0,36,0,35,0,35,0,-10.9956,70.6,-10.7712,64.9,-9.2168,70.9,-8.9358,71.8,-10.5281,71.5,-10.2466,70.9,37.5,24,0,24,0,25,0,25,0,-10.2297,68.3,-10.6769,77,-8.2344,73.4,-8.3324,73.5,-9.5147,74.3,-9.5147,74.4,31.9,204,-117.1969,86.8031,71.7916666667,12,False,69.4,True,0,linear,ambiguous_external_supply,none,False,,excluded,ambiguous_external_supply
2024-07-02 16:15:19,7月2日14_00_7月2日18_00,0,0,37,0,35,0,35,0,-8.9199,70.6,-8.3589,64.9,-11.4086,71,-10.9028,71.9,-10.8096,71.5,-10.4718,71,36.4,24,0,24,0,24,0,24,0,-10.062,68.4,-10.5092,77.1,-7.9383,73.5,-7.9946,73.6,-10.134,74.4,-10.2466,74.4,31.6,203,-117.7563,85.2437,71.8583333333,12,False,68,True,0,linear,ambiguous_external_supply,none,False,,excluded,ambiguous_external_supply
2024-07-02 16:15:49,7月2日14_00_7月2日18_00,0,0,36,0,35,0,36,0,-12.0615,70.7,-11.9144,65,-8.2614,71,-8.43,71.9,-9.571,71.6,-9.5147,71,39.6,24,0,24,0,25,0,24,0,-10.1179,68.4,-10.92,77.2,-6.6997,73.5,-7.2627,73.6,-8.7828,74.4,-8.5576,74.5,32,204,-112.0937,91.9063,71.9,12,False,71.6,True,0,linear,ambiguous_external_supply,none,False,,excluded,ambiguous_external_supply
2024-07-02 16:16:19,7月2日14_00_7月2日18_00,0,0,36,0,35,0,36,0,-8.6955,70.7,-8.6955,65,-10.5094,71.1,-9.8912,72,-10.9222,71.6,-10.3029,71.1,40.5,24,0,24,0,24,0,25,0,-8.4968,68.5,-8.944,77.2,-8.8548,73.6,-8.8391,73.7,-6.6434,74.5,-6.8686,74.5,39.6,204,-107.6634,96.3366,71.9583333333,12,False,80.1,True,0,linear,ambiguous_external_supply,none,False,,excluded,ambiguous_external_supply
2024-07-02 16:16:49,7月2日14_00_7月2日18_00,0,0,36,0,35,0,36,0,-8.415,70.8,-7.9662,65,-10.678,71.1,-10.7904,72,-10.5844,71.7,-10.3592,71.2,38.9,24,0,24,0,25,0,24,0,-7.3098,68.5,-7.5465,77.2,-8.5164,73.6,-8.9517,73.7,-7.6568,74.5,-7.6568,74.5,39.8,204,-106.4312,97.5688,71.9833333333,12,False,78.7,True,0,linear,ambiguous_external_supply,none,False,,excluded,ambiguous_external_supply
2024-07-02 16:17:19,7月2日14_00_7月2日18_00,0,0,37,0,35,0,36,0,-10.5468,70.8,-10.4346,65.1,-9.835,71.2,-9.6102,72.1,-9.2332,71.7,-9.2332,71.2,41,24,0,24,0,24,0,25,0,-8.6086,68.5,-9.0558,77.3,-8.1072,73.7,-7.7694,73.8,-7.2064,74.5,-7.2064,74.6,41.7,205,-106.8468,98.1532,72.0416666667,12,False,82.7,True,0,linear,ambiguous_external_supply,none,False,,excluded,ambiguous_external_supply
2024-07-02 16:17:49,7月2日14_00_7月2日18_00,0,0,37,0,35,0,36,0,-11.3322,70.9,-11.1838,65.2,-8.43,71.2,-8.0366,72.1,-9.7962,71.8,-9.4584,71.3,39.5,24,0,24,0,24,0,25,0,-7.4347,68.6,-8.0496,77.3,-8.6292,73.7,-8.5576,73.8,-7.6005,74.6,-7.6568,74.6,41.8,205,-106.1656,98.8344,72.0916666667,12,False,81.3,True,0,linear,ambiguous_external_supply,none,False,,excluded,ambiguous_external_supply
2024-07-02 16:18:19,7月2日14_00_7月2日18_00,0,0,36,0,35,0,36,0,-9.0882,71,-8.6955,65.2,-10.4532,71.3,-10.3408,72.2,-10.2648,71.8,-9.7962,71.3,39.1,24,0,24,0,25,0,25,0,-6.417,68.6,-6.7639,77.4,-6.3619,73.7,-6.0241,73.8,-10.134,74.6,-9.571,74.7,44.2,205,-103.9106,101.0894,72.1333333333,12,False,83.3,True,0,linear,ambiguous_external_supply,none,False,,excluded,ambiguous_external_supply
2024-07-02 16:18:49,7月2日14_00_7月2日18_00,0,0,37,0,35,0,36,0,-9.0321,71,-8.976,65.3,-10.397,71.3,-10.0598,72.2,-10.0392,71.9,-10.0777,71.4,39.8,24,0,24,0,25,0,25,0,-6.0264,68.7,-6.708,77.4,-7.7131,73.8,-7.4316,73.9,-8.2761,74.7,-8.1635,74.7,43.7,206,-102.9005,103.0995,72.1916666667,12,False,83.5,True,0,linear,ambiguous_external_supply,none,False,,excluded,ambiguous_external_supply
2024-07-02 16:19:19,7月2日14_00_7月2日18_00,0,0,37,0,35,0,36,0,-9.9297,71.1,-9.537,65.3,-10.6218,71.4,-10.1722,72.3,-8.7265,71.9,-9.2895,71.4,41,24,0,24,0,25,0,24,0,-6.1938,68.7,-6.8198,77.4,-8.0088,73.8,-8.1635,73.9,-7.7694,74.7,-7.9383,74.7,43.7,205,-103.1703,101.8297,72.2166666667,12,False,84.7,True,0,linear,ambiguous_external_supply,none,False,,excluded,ambiguous_external_supply
2024-07-02 16:19:49,7月2日14_00_7月2日18_00,0,0,36,0,35,0,36,0,-10.959,71.1,-10.7904,65.4,-9.7226,71.4,-9.273,72.3,-8.8391,72,-8.6139,71.5,39.2,24,0,24,0,24,0,25,0,-6.8076,68.7,-7.5465,77.5,-7.4879,73.9,-7.319,74,-7.7131,74.7,-7.9383,74.8,44.3,204,-103.0104,100.9896,72.275,12,False,83.5,True,0,linear,ambiguous_external_supply,none,False,,excluded,ambiguous_external_supply
2024-07-02 16:20:19,7月2日14_00_7月2日18_00,0,0,37,0,35,0,35,0,-9.9297,71.2,-9.7226,65.4,-10.2284,71.5,-9.7226,72.4,-9.3458,72,-9.4584,71.5,40.6,24,0,24,0,25,0,25,0,-7.267,68.8,-7.9937,77.5,-7.0938,73.9,-7.0938,74,-7.0938,74.8,-7.319,74.8,44.2,205,-102.2686,102.7314,72.3166666667,12,False,84.8,True,0,linear,ambiguous_external_supply,none,False,,excluded,ambiguous_external_supply
2024-07-02 16:20:49,7月2日14_00_7月2日18_00,0,0,37,0,35,0,36,0,-9.7614,71.2,-9.4416,65.5,-10.3408,71.6,-10.2284,72.4,-9.008,72.1,-9.3458,71.6,41.3,24,0,24,0,24,0,25,0,-7.4906,68.8,-8.1614,77.6,-8.46,73.9,-8.5013,74,-5.9678,74.8,-6.1367,74.9,44.1,205,-102.8438,102.1562,72.3666666667,12,False,85.4,True,0,linear,ambiguous_external_supply,none,False,,excluded,ambiguous_external_supply
2024-07-02 16:21:19,7月2日14_00_7月2日18_00,0,0,37,0,35,0,36,0,-10.4532,71.3,-10.5094,65.5,-8.8796,71.6,-8.7672,72.5,-9.9828,72.1,-9.9651,71.6,39.4,24,0,24,0,25,0,25,0,-7.0434,68.8,-7.7142,77.6,-6.756,74,-6.756,74.1,-8.2761,74.9,-8.0509,74.9,44.1,206,-103.1539,102.8461,72.4083333333,12,False,83.5,True,0,linear,ambiguous_external_supply,none,False,,excluded,ambiguous_external_supply
2024-07-02 16:21:49,7月2日14_00_7月2日18_00,0,0,36,0,35,0,36,0,-9.6102,71.3,-9.3854,65.6,-10.0036,71.7,-9.7788,72.5,-9.6444,72.2,-9.4584,71.7,39.8,24,0,24,0,25,0,25,0,-7.267,68.9,-8.4,77.7,-6.5871,74,-6.5308,74.1,-7.5442,74.9,-7.7694,74.9,44,205,-101.9793,103.0207,72.4583333333,12,False,83.8,True,0,linear,ambiguous_external_supply,none,False,,excluded,ambiguous_external_supply
2024-07-02 16:22:19,7月2日14_00_7月2日18_00,0,0,36,0,35,0,36,0,-10.2284,71.4,-10.0036,65.6,-8.711,71.7,-8.9358,72.6,-10.5468,72.2,-9.9264,71.7,41.3,24,0,24,0,24,0,25,0,-6.9875,68.9,-7.5465,77.7,-6.6997,74.1,-6.8123,74.1,-8.5013,74.9,-8.3887,75,43.8,204,-103.288,100.712,72.4916666667,12,False,85.1,True,0,linear,ambiguous_external_supply,none,False,,excluded,ambiguous_external_supply
2024-07-02 16:22:49,7月2日14_00_7月2日18_00,0,0,37,0,35,0,36,0,-9.4416,71.4,-9.1044,65.7,-10.1722,71.8,-10.0598,72.6,-9.9828,72.3,-10.152,71.8,39.3,24,0,24,0,24,0,25,0,-6.4844,69,-7.1552,77.7,-7.1501,74.1,-7.4879,74.2,-7.6005,75,-7.7694,75,44,205,-102.5603,102.4397,72.55,12,False,83.3,True,0,linear,ambiguous_external_supply,none,False,,excluded,ambiguous_external_supply
2024-07-02 16:23:19,7月2日14_00_7月2日18_00,0,0,36,0,35,0,36,0,-9.0882,71.5,-8.7672,65.7,-9.9474,71.8,-9.835,72.7,-10.0956,72.4,-9.9264,71.8,39.8,24,0,24,0,25,0,25,0,-6.9316,69,-7.504,77.8,-9.87,74.1,-9.2895,74.2,-5.47236,75,-5.3485,75.1,44.1,205,-102.07576,102.92424,72.5916666667,12,False,83.9,True,0,linear,ambiguous_external_supply,none,False,,excluded,ambiguous_external_supply
2024-07-02 16:23:49,7月2日14_00_7月2日18_00,0,0,36,0,35,0,36,0,-11.6896,71.5,-11.6896,65.8,-9.1606,71.9,-9.0482,72.7,-12.0696,72.4,-11.844,71.9,32.8,24,0,24,0,25,0,25,0,-9.1676,69,-9.52,77.8,-10.2648,74.2,-10.2084,74.3,-9.8525,75.1,-10.2466,75.1,28,205,-124.7615,80.2385,72.6416666667,12,False,60.8,True,0,linear,ambiguous_external_supply,none,False,,excluded,ambiguous_external_supply
2024-07-02 16:24:19,7月2日14_00_7月2日18_00,0,0,36,0,35,0,36,0,-10.8466,71.6,-10.8466,65.8,-12.4423,71.9,-12.1608,72.8,-9.8136,72.5,-9.8136,71.9,31.3,24,0,24,0,25,0,25,0,-8.736,69.1,-9.744,77.9,-9.3624,74.2,-8.7828,74.3,-11.562,75.1,-11.5056,75.2,27.6,205,-125.6163,79.3837,72.6916666667,12,False,58.9,True,0,linear,ambiguous_external_supply,none,False,,excluded,ambiguous_external_supply
2024-07-02 16:24:49,7月2日14_00_7月2日18_00,0,0,36,0,35,0,35,0,-11.802,71.7,-11.9706,65.9,-10.0777,72,-10.0036,72.9,-11.1108,72.5,-11.0544,72,31.7,24,0,24,0,24,0,24,0,-9.632,69.1,-10.472,77.9,-9.7008,74.3,-9.4188,74.4,-9.588,75.2,-9.87,75.2,27.7,202,-124.7007,77.2993,72.7583333333,12,False,59.4,True,0,linear,ambiguous_external_supply,none,False,,excluded,ambiguous_external_supply
2024-07-02 16:25:19,7月2日14_00_7月2日18_00,0,0,37,0,35,0,36,0,-9.554,71.7,-9.6102,66,-9.3854,72,-9.7226,72.9,-10.3212,72.6,-10.434,72,40,24,0,24,0,25,0,24,0,-10.864,69.2,-11.4444,78,-9.4188,74.3,-9.2496,74.4,-8.8548,75.2,-8.7984,75.3,27.5,205,-117.6574,87.3426,72.8,12,False,67.5,True,0,linear,ambiguous_external_supply,none,False,,excluded,ambiguous_external_supply
2024-07-02 16:25:49,7月2日14_00_7月2日18_00,0,0,36,0,35,0,35,0,-9.3854,71.8,-8.43,66,-11.2037,72.1,-11.26,73,-10.2648,72.6,-9.9828,72.1,37.3,24,0,24,0,25,0,25,0,-9.8,69.2,-10.4907,78,-9.2496,74.4,-9.1368,74.5,-10.716,75.3,-10.7724,75.3,27.8,204,-120.6922,83.3078,72.8583333333,12,False,65.1,True,0,linear,ambiguous_external_supply,none,False,,excluded,ambiguous_external_supply
2024-07-02 16:26:19,7月2日14_00_7月2日18_00,0,0,36,0,35,0,36,0,-10.2846,71.8,-10.6218,66,-10.0777,72.2,-10.1903,73,-10.152,72.7,-10.2084,72.2,35.4,24,0,24,0,25,0,25,0,-8.904,69.3,-10.0419,78.1,-10.3212,74.4,-10.3212,74.5,-11.7312,75.3,-11.562,75.4,23.8,205,-124.4163,80.5837,72.9083333333,12,False,59.2,True,0,linear,ambiguous_external_supply,none,False,,excluded,ambiguous_external_supply
2024-07-02 16:26:49,7月2日14_00_7月2日18_00,0,0,36,0,35,0,36,0,-9.6664,71.9,-9.4416,66.1,-9.0482,72.2,-8.5986,73.1,-8.742,72.7,-8.5164,72.2,44.7,24,0,24,0,24,0,25,0,-10.248,69.3,-10.8273,78.2,-9.5316,74.5,-10.2084,74.6,-10.9416,75.4,-11.1108,75.4,24.1,204,-116.8809,87.1191,72.9666666667,12,False,68.8,True,0,linear,ambiguous_external_supply,none,False,,excluded,ambiguous_external_supply
2024-07-02 16:27:19,7月2日14_00_7月2日18_00,0,0,36,0,35,0,36,0,-9.7788,71.9,-9.7226,66.2,-8.8796,72.3,-8.8796,73.1,-9.024,72.8,-8.6292,72.3,43.6,24,0,24,0,24,0,25,0,-9.688,69.4,-10.2102,78.2,-10.3212,74.5,-10.3776,74.6,-10.8288,75.5,-11.2236,75.5,23.9,204,-117.5632,86.4368,73.025,12,False,67.5,True,0,linear,ambiguous_external_supply,none,False,,excluded,ambiguous_external_supply
2024-07-02 16:27:49,7月2日14_00_7月2日18_00,0,0,36,0,35,0,35,0,-10.0036,72,-9.8912,66.2,-8.8234,72.3,-8.43,73.2,-8.9676,72.8,-8.9112,72.3,43.3,24,0,24,0,25,0,25,0,-8.904,69.4,-9.8175,78.3,-10.5468,74.6,-10.434,74.7,-10.716,75.5,-10.9416,75.6,23.9,204,-116.3869,87.6131,73.075,12,False,67.2,True,0,linear,ambiguous_external_supply,none,False,,excluded,ambiguous_external_supply
2024-07-02 16:28:19,7月2日14_00_7月2日18_00,0,0,36,0,35,0,35,0,-7.7418,72,-7.4746,66.3,-10.5844,72.4,-10.5281,73.2,-9.024,72.9,-8.742,72.3,44.6,24,0,24,0,24,0,25,0,-8.792,69.5,-10.2663,78.3,-11.4695,74.7,-11.5056,74.7,-9.87,75.6,-10.0956,75.6,23.7,203,-116.0939,86.9061,73.125,12,False,68.3,True,0,linear,ambiguous_external_supply,none,False,,excluded,ambiguous_external_supply
2024-07-02 16:28:49,7月2日14_00_7月2日18_00,0,0,36,0,35,0,35,0,-10.959,72.1,-11.2962,66.3,-8.711,72.4,-8.5986,73.3,-10.6596,72.9,-10.716,72.4,36.4,24,0,24,0,24,0,25,0,-10.3224,69.5,-11.6688,78.4,-11.3565,74.7,-11.28,74.8,-8.7984,75.6,-9.1932,75.7,23.9,203,-123.5597,79.4403,73.175,12,False,60.3,True,0,linear,ambiguous_external_supply,none,False,,excluded,ambiguous_external_supply
2024-07-02 16:29:19,7月2日14_00_7月2日18_00,0,0,36,0,35,0,36,0,-9.1044,72.1,-8.711,66.4,-10.5844,72.5,-10.9222,73.3,-10.998,73,-11.1108,72.5,35.7,24,0,24,0,25,0,25,0,-11.2761,69.6,-12.5326,78.4,-10.0392,74.8,-9.5316,74.9,-8.6292,75.7,-9.024,75.7,24,205,-122.4635,82.5365,73.2416666667,12,False,59.7,True,0,linear,ambiguous_external_supply,none,False,,excluded,ambiguous_external_supply
2024-07-02 16:29:49,7月2日14_00_7月2日18_00,0,0,36,0,35,0,36,0,-10.0598,72.2,-9.4416,66.4,-9.6836,72.5,-9.3458,73.4,-10.998,73.1,-10.7724,72.5,37.2,24,0,24,0,25,0,24,0,-10.098,69.7,-11.1838,78.5,-10.5655,74.8,-10.5468,74.9,-9.9828,75.7,-10.3212,75.8,24.2,204,-122.9993,81.0007,73.2916666667,12,False,61.4,True,0,linear,ambiguous_external_supply,none,False,,excluded,ambiguous_external_supply
2024-07-02 16:30:19,7月2日14_00_7月2日18_00,0,0,36,0,35,0,35,0,-10.1722,72.2,-10.116,66.5,-9.1606,72.6,-8.9358,73.4,-10.434,73.1,-10.0956,72.6,39.1,24,0,24,0,24,0,24,0,-9.8175,69.7,-10.9028,78.6,-10.848,74.9,-10.6596,75,-9.4188,75.8,-9.7008,75.8,24.2,202,-120.2617,81.7383,73.35,12,False,63.3,True,0,linear,ambiguous_external_supply,none,False,,excluded,ambiguous_external_supply
2024-07-02 16:30:49,7月2日14_00_7月2日18_00,0,0,36,0,35,0,36,0,-8.7672,72.3,-8.6548,66.5,-11.3163,72.6,-11.2037,73.5,-9.87,73.2,-9.8136,72.6,38.2,24,0,24,0,24,0,25,0,-10.9956,69.8,-12.4202,78.6,-11.074,74.9,-10.6596,75,-9.2496,75.8,-9.1932,75.9,24,204,-123.2178,80.7822,73.3916666667,12,False,62.2,True,0,linear,ambiguous_external_supply,none,False,,excluded,ambiguous_external_supply
2024-07-02 16:31:19,7月2日14_00_7月2日18_00,0,0,36,0,35,0,36,0,-10.116,72.3,-9.7226,66.6,-9.7399,72.7,-9.1769,73.5,-10.716,73.2,-10.2084,72.7,39,24,0,24,0,25,0,25,0,-11.0517,69.8,-11.9706,78.7,-9.588,75,-9.9264,75.1,-10.4904,75.9,-10.3776,75.9,24.1,205,-123.0845,81.9155,73.45,12,False,63.1,True,0,linear,ambiguous_external_supply,none,False,,excluded,ambiguous_external_supply
2024-07-02 16:31:49,7月2日14_00_7月2日18_00,0,0,36,0,35,0,35,0,-10.5094,72.4,-10.6218,66.6,-9.3458,72.7,-9.3292,73.6,-9.5316,73.3,-9.5316,72.7,39.4,24,0,24,0,25,0,25,0,-9.6492,69.9,-10.7904,78.7,-10.17,75,-9.9828,75.1,-10.998,75.9,-11.2236,76,23.7,204,-121.6834,82.3166,73.4916666667,12,False,63.1,True,0,exact,ambiguous_external_supply,none,False,,excluded,ambiguous_external_supply
2024-07-02 16:32:19,7月2日14_00_7月2日18_00,0,0,36,0,35,0,35,0,-10.1722,72.4,-10.2846,66.7,-10.5844,72.8,-10.2466,73.6,-9.7008,73.3,-9.5316,72.8,36.3,24,0,24,0,25,0,24,0,-8.5272,69.9,-9.7788,78.8,-9.7008,75.1,-9.8136,75.2,-8.6856,76,-8.8548,76,31.6,203,-115.881,87.119,73.55,12,False,67.9,True,0,linear,ambiguous_external_supply,none,False,,excluded,ambiguous_external_supply
2024-07-02 16:32:49,7月2日14_00_7月2日18_00,0,0,36,0,35,0,35,0,-9.6102,72.5,-9.4416,66.7,-11.1474,72.8,-11.3163,73.7,-9.9264,73.4,-10.0392,72.8,37.4,24,0,24,0,25,0,25,0,-8.3589,70,-9.8912,78.8,-10.17,75.1,-10.152,75.2,-8.5728,76,-8.9112,76.1,31.6,204,-117.5372,86.4628,73.5916666667,12,False,69,True,0,linear,ambiguous_external_supply,none,False,,excluded,ambiguous_external_supply
2024-07-02 16:33:19,7月2日14_00_7月2日18_00,0,0,36,0,35,0,36,0,-10.7342,72.5,-10.678,66.8,-9.2895,72.9,-9.1206,73.7,-10.5468,73.4,-10.5468,72.9,37.1,24,0,24,0,24,0,25,0,-8.6955,70,-9.554,78.9,-7.7268,75.2,-7.5012,75.3,-7.7832,76.1,-7.7268,76.1,39.5,204,-109.9034,94.0966,73.65,12,False,76.6,True,0,linear,ambiguous_external_supply,none,False,,excluded,ambiguous_external_supply
2024-07-02 16:33:49,7月2日14_00_7月2日18_00,0,0,36,0,35,0,36,0,-9.7226,72.6,-9.6664,66.8,-9.3458,72.9,-9.7962,73.8,-9.9828,73.5,-9.87,72.9,38.6,24,0,24,0,25,0,24,0,-8.415,70.1,-9.3292,78.9,-7.6704,75.2,-7.6704,75.3,-7.3753,76.1,-7.7694,76.2,39.5,204,-106.6135,97.3865,73.6916666667,12,False,78.1,True,0,linear,ambiguous_external_supply,none,False,,excluded,ambiguous_external_supply
2024-07-02 16:34:19,7月2日14_00_7月2日18_00,0,0,36,0,35,0,35,0,-7.306,72.6,-7.306,66.9,-9.1206,73,-9.3458,73.8,-9.0804,73.5,-9.4188,73,47.3,24,0,24,0,25,0,25,0,-8.0223,70.1,-8.992,79,-8.9112,75.3,-8.7984,75.4,-6.193,76.1,-6.2493,76.2,40.4,204,-98.7438,105.2562,73.7416666667,12,False,87.7,True,0,linear,ambiguous_external_supply,none,False,,excluded,ambiguous_external_supply
2024-07-02 16:34:49,7月2日14_00_7月2日18_00,0,0,36,0,35,0,36,0,-7.7556,72.7,-7.587,66.9,-9.008,73,-8.4862,73.9,-9.4188,73.6,-9.2496,73,47.4,24,0,24,0,25,0,25,0,-7.1808,70.1,-8.4862,79,-7.7832,75.3,-7.6704,75.4,-8.3472,76.2,-8.7984,76.2,40.2,205,-99.7714,105.2286,73.775,12,False,87.6,True,0,linear,ambiguous_external_supply,none,False,,excluded,ambiguous_external_supply
2024-07-02 16:35:19,7月2日14_00_7月2日18_00,0,0,36,0,35,0,36,0,-10.7904,72.7,-11.0714,67,-9.1769,73.1,-9.3458,73.9,-9.87,73.6,-10.152,73.1,36.5,24,0,24,0,24,0,24,0,-7.0686,70.2,-7.9804,79.1,-7.05,75.4,-7.05,75.5,-8.5728,76.2,-9.0804,76.3,40.4,203,-107.2087,95.7913,73.8416666667,12,False,76.9,True,0,linear,ambiguous_external_supply,none,False,,excluded,ambiguous_external_supply
2024-07-02 16:35:49,7月2日14_00_7月2日18_00,0,0,36,0,35,0,35,0,-8.0928,72.8,-8.0366,67,-11.823,73.1,-11.4852,74,-11.1108,73.7,-10.2648,73.1,37.4,24,0,24,0,25,0,25,0,-7.854,70.2,-8.5986,79.1,-8.4036,75.4,-8.5164,75.5,-6.4745,76.3,-6.4182,76.3,40.1,204,-107.0785,96.9215,73.875,12,False,77.5,True,0,linear,ambiguous_external_supply,none,False,,excluded,ambiguous_external_supply
2024-07-02 16:36:19,7月2日14_00_7月2日18_00,0,0,36,0,35,0,36,0,-13.6246,72.8,-13.2305,67.1,-10.8096,73.2,-10.8096,74,-9.9828,73.8,-9.8136,73.2,29.8,24,0,24,0,24,0,25,0,-7.7418,70.3,-8.7672,79.2,-8.0088,75.4,-7.9524,75.5,-7.7131,76.3,-7.7131,76.4,40.5,204,-116.1671,87.8329,73.9333333333,12,False,70.3,True,0,linear,ambiguous_external_supply,none,False,,excluded,ambiguous_external_supply
2024-07-02 16:36:49,7月2日14_00_7月2日18_00,0,0,36,0,35,0,36,0,-11.7667,72.9,-11.9919,67.1,-11.823,73.3,-11.9356,74.1,-10.0956,73.8,-9.8136,73.2,28.5,24,0,24,0,25,0,25,0,-8.3589,70.3,-9.3292,79.2,-6.9372,75.5,-7.2192,75.6,-7.5442,76.3,-7.6568,76.4,40.7,205,-114.4719,90.5281,73.975,12,False,69.2,True,0,linear,ambiguous_external_supply,none,False,,excluded,ambiguous_external_supply
2024-07-02 16:37:19,7月2日14_00_7月2日18_00,0,0,36,0,35,0,36,0,-11.4852,73,-11.9356,67.2,-11.4852,73.3,-11.5978,74.2,-10.5468,73.9,-10.3212,73.3,29.7,24,0,24,0,24,0,24,0,-7.7418,70.3,-8.4862,79.3,-6.9372,75.5,-6.8808,75.6,-8.3472,76.4,-8.2908,76.4,40.5,203,-114.0558,88.9442,74.0333333333,12,False,70.2,True,0,linear,ambiguous_external_supply,none,False,,excluded,ambiguous_external_supply
2024-07-02 16:37:49,7月2日14_00_7月2日18_00,0,0,36,0,35,0,36,0,-11.8793,73,-11.3726,67.2,-12.4423,73.4,-11.8793,74.2,-10.3776,73.9,-10.5468,73.4,29,24,0,24,0,24,0,24,0,-7.1808,70.4,-8.711,79.3,-8.3472,75.6,-8.6292,75.7,-7.0375,76.4,-7.319,76.5,40.3,203,-115.7226,87.2774,74.0833333333,12,False,69.3,True,0,linear,ambiguous_external_supply,none,False,,excluded,ambiguous_external_supply
2024-07-02 16:38:19,7月2日14_00_7月2日18_00,0,0,36,0,35,0,36,0,-10.397,73.1,-10.2284,67.3,-9.4584,73.4,-10.0214,74.3,-10.7724,74,-10.434,73.4,35.4,24,0,24,0,24,0,25,0,-7.0686,70.4,-8.149,79.4,-7.7268,75.6,-7.8396,75.7,-8.3472,76.5,-8.6856,76.5,40.5,204,-109.1284,94.8716,74.1333333333,12,False,75.9,True,0,linear,ambiguous_external_supply,none,False,,excluded,ambiguous_external_supply
2024-07-02 16:38:49,7月2日14_00_7月2日18_00,0,0,36,0,35,0,35,0,-10.4532,73.1,-10.678,67.4,-9.7399,73.5,-9.571,74.3,-10.5468,74,-10.716,73.5,36.9,24,0,24,0,24,0,24,0,-5.9466,70.4,-7.1374,79.4,-9.306,75.7,-9.1368,75.7,-7.896,76.5,-7.7268,76.6,41.8,202,-108.8545,93.1455,74.175,12,False,78.7,True,0,linear,ambiguous_external_supply,none,False,,excluded,ambiguous_external_supply
2024-07-02 16:39:19,7月2日14_00_7月2日18_00,0,0,36,0,35,0,35,0,-8.43,73.2,-8.2052,67.4,-8.7265,73.5,-8.7265,74.4,-10.2648,74.1,-10.0392,73.5,44.8,24,0,24,0,24,0,25,0,-6.9564,70.5,-8.0928,79.4,-9.1368,75.7,-9.024,75.8,-6.9249,76.5,-6.8686,76.6,40.2,203,-101.3957,101.6043,74.2166666667,12,False,85,True,0,linear,ambiguous_external_supply,none,False,,excluded,ambiguous_external_supply
2024-07-02 16:39:49,7月2日14_00_7月2日18_00,0,0,36,0,35,0,36,0,-8.5986,73.2,-8.711,67.5,-10.4155,73.6,-10.5844,74.4,-8.178,74.1,-7.8396,73.6,43.6,24,0,24,0,25,0,25,0,-6.2271,70.5,-6.9688,79.5,-7.4448,75.7,-7.332,75.8,-9.8136,76.6,-9.6444,76.7,40.6,205,-101.7578,103.2422,74.2666666667,12,False,84.2,True,0,linear,ambiguous_external_supply,none,False,,excluded,ambiguous_external_supply
2024-07-02 16:40:19,7月2日14_00_7月2日18_00,0,0,36,0,35,0,36,0,-8.7672,73.3,-8.8234,67.5,-9.6836,73.6,-9.4584,74.5,-9.024,74.2,-8.6856,73.6,44.2,24,0,24,0,25,0,25,0,-8.2614,70.6,-9.273,79.5,-7.2192,75.8,-7.332,75.9,-7.5576,76.6,-8.0652,76.7,40.5,205,-102.1506,102.8494,74.3166666667,12,False,84.7,True,0,linear,ambiguous_external_supply,none,False,,excluded,ambiguous_external_supply
2024-07-02 16:40:49,7月2日14_00_7月2日18_00,0,0,36,0,35,0,36,0,-8.992,73.3,-8.8234,67.5,-9.1206,73.7,-8.8954,74.5,-8.9112,74.2,-9.024,73.7,43.5,24,0,24,0,25,0,24,0,-11.521,70.6,-12.1608,79.6,-9.1368,75.8,-9.0804,75.9,-9.9828,76.7,-9.9828,76.7,24,204,-115.6312,88.3688,74.35,12,False,67.5,True,0,exact,ambiguous_external_supply,none,False,,excluded,ambiguous_external_supply
2024-07-02 16:41:19,7月2日14_00_7月2日18_00,0,0,36,0,35,0,36,0,-7.2498,73.4,-7.4746,67.6,-10.1903,73.7,-9.9651,74.6,-9.5316,74.3,-9.306,73.7,44.7,24,0,24,0,25,0,25,0,-10.5844,70.7,-11.5978,79.6,-11.2435,75.9,-11.3,76,-8.9676,76.7,-9.0804,76.8,23.9,205,-116.4911,88.5089,74.4166666667,12,False,68.6,True,0,linear,ambiguous_external_supply,none,False,,excluded,ambiguous_external_supply
2024-07-02 16:41:49,7月2日14_00_7月2日18_00,0,0,36,0,35,0,35,0,-11.521,73.4,-11.24,67.6,-9.2332,73.8,-9.3458,74.6,-10.2084,74.3,-9.8136,73.8,36.6,24,0,24,0,25,0,25,0,-7.8118,70.7,-8.8391,79.7,-11.526,75.9,-11.526,76,-10.152,76.8,-10.6032,76.8,24,204,-121.8201,82.1799,74.45,12,False,60.6,True,0,linear,ambiguous_external_supply,none,False,,excluded,ambiguous_external_supply
2024-07-02 16:42:19,7月2日14_00_7月2日18_00,0,0,36,0,35,0,36,0,-10.0036,73.5,-10.3029,67.7,-10.3029,73.8,-10.134,74.7,-10.4904,74.4,-10.3776,73.8,35.8,24,0,24,0,24,0,24,0,-9.2168,70.8,-10.0214,79.7,-10.3395,76,-10.283,76.1,-11.2236,76.8,-11.1672,76.9,24.1,203,-123.8629,79.1371,74.5166666667,12,False,59.9,True,0,linear,ambiguous_external_supply,none,False,,excluded,ambiguous_external_supply
2024-07-02 16:42:49,7月2日14_00_7月2日18_00,0,0,36,0,35,0,36,0,-9.3292,73.5,-9.0482,67.7,-10.9785,73.9,-10.4718,74.7,-10.4904,74.4,-10.5468,73.9,37.2,24,0,24,0,25,0,25,0,-10.0214,70.8,-10.6407,79.8,-9.8875,76.1,-9.8875,76.1,-11.2236,76.9,-11.28,77,24.3,205,-123.8056,81.1944,74.5666666667,12,False,61.5,True,0,linear,ambiguous_external_supply,none,False,,excluded,ambiguous_external_supply
2024-07-02 16:43:20,7月2日14_00_7月2日18_00,0,0,36,0,35,0,36,0,-10.6218,73.6,-10.1722,67.8,-10.5844,74,-10.3592,74.8,-10.2084,74.5,-9.9828,73.9,36.4,24,0,24,0,25,0,25,0,-9.6273,70.9,-10.3592,79.9,-9.266,76.1,-8.8705,76.2,-11.413,77,-12.1475,77,24.2,205,-123.6123,81.3877,74.6416666667,12,False,60.6,True,0,linear,ambiguous_external_supply,none,False,,excluded,ambiguous_external_supply
2024-07-02 16:43:49,7月2日14_00_7月2日18_00,0,0,36,0,35,0,36,0,-10.5094,73.6,-10.2846,67.9,-9.5147,74,-9.5147,74.9,-10.3776,74.5,-10.7724,74,35.8,24,0,24,0,24,0,24,0,-9.8525,70.9,-10.8096,79.9,-9.718,76.1,-9.588,76.2,-11.0175,77,-11.074,77.1,24.3,203,-123.033,79.967,74.675,12,False,60.1,True,0,linear,ambiguous_external_supply,none,False,,excluded,ambiguous_external_supply
2024-07-02 16:44:19,7月2日14_00_7月2日18_00,0,0,36,0,35,0,36,0,-10.2846,73.7,-10.5844,67.9,-10.0214,74.1,-9.7962,74.9,-10.3776,74.6,-10.4904,74,36.7,24,0,24,0,24,0,25,0,-9.0643,71,-9.6273,80,-11.4695,76.2,-11.413,76.3,-10.0956,77.1,-10.0956,77.1,24.6,204,-123.3199,80.6801,74.7416666667,12,False,61.3,True,0,linear,ambiguous_external_supply,none,False,,excluded,ambiguous_external_supply
2024-07-02 16:44:49,7月2日14_00_7月2日18_00,0,0,36,0,35,0,36,0,-11.4289,73.8,-11.3726,68,-8.3887,74.1,-8.2761,75,-10.6596,74.7,-10.716,74.1,37.6,24,0,24,0,25,0,24,0,-9.7962,71,-10.2466,80,-10.848,76.3,-10.735,76.4,-9.7572,77.1,-9.9264,77.2,24.2,204,-122.1513,81.8487,74.8083333333,12,False,61.8,True,0,linear,ambiguous_external_supply,none,False,,excluded,ambiguous_external_supply
2024-07-02 16:45:19,7月2日14_00_7月2日18_00,0,0,36,0,35,0,35,0,-10.116,73.8,-9.9088,68,-10.134,74.2,-10.2466,75,-10.3212,74.7,-10.3212,74.1,35.7,24,0,24,0,24,0,24,0,-9.1206,71.1,-9.9651,80.1,-11.2435,76.3,-11.187,76.4,-9.8136,77.2,-9.9828,77.2,24.1,202,-122.3604,79.6396,74.8416666667,12,False,59.8,True,0,linear,ambiguous_external_supply,none,False,,excluded,ambiguous_external_supply
2024-07-02 16:45:49,7月2日14_00_7月2日18_00,0,0,36,0,35,0,35,0,-9.3854,73.9,-9.273,68.1,-10.5844,74.2,-10.4718,75.1,-10.396,74.8,-9.9828,74.2,36.9,24,0,24,0,25,0,25,0,-9.9651,71.1,-10.2648,80.1,-11.074,76.4,-11.0175,76.5,-9.7572,77.2,-9.9828,77.3,24,204,-122.1548,81.8452,74.9083333333,12,False,60.9,True,0,linear,ambiguous_external_supply,none,False,,excluded,ambiguous_external_supply
2024-07-02 16:46:19,7月2日14_00_7月2日18_00,0,0,36,0,35,0,36,0,-11.4289,73.9,-11.2037,68.1,-8.8954,74.3,-8.3324,75.1,-10.735,74.8,-10.8852,74.3,37.4,24,0,24,0,25,0,24,0,-10.7533,71.2,-10.9416,80.2,-9.492,76.4,-8.9676,76.5,-10.8288,77.3,-10.9416,77.3,24.3,204,-123.4055,80.5945,74.95,12,False,61.7,True,0,linear,ambiguous_external_supply,none,False,,excluded,ambiguous_external_supply
2024-07-02 16:46:49,7月2日14_00_7月2日18_00,0,0,36,0,35,0,35,0,-8.5424,74,-8.3176,68.2,-11.9919,74.3,-11.823,75.2,-10.3776,74.9,-10.2084,74.3,36.1,24,0,24,0,24,0,24,0,-9.6836,71.2,-10.2084,80.2,-9.7745,76.5,-9.87,76.6,-11.3,77.3,-11.2435,77.4,24,202,-123.3409,78.6591,75.0083333333,12,False,60.1,True,0,linear,ambiguous_external_supply,none,False,,excluded,ambiguous_external_supply
2024-07-02 16:47:19,7月2日14_00_7月2日18_00,0,0,36,0,35,0,36,0,-12.1045,74,-11.9356,68.2,-9.1206,74.4,-9.1206,75.2,-9.6444,74.9,-9.4188,74.4,37,24,0,24,0,25,0,25,0,-9.571,71.3,-10.0392,80.3,-11.3,76.5,-11.2435,76.6,-9.7008,77.4,-9.7008,77.5,24.4,205,-122.8998,82.1002,75.0583333333,12,False,61.4,True,0,linear,ambiguous_external_supply,none,False,,excluded,ambiguous_external_supply
2024-07-02 16:47:49,7月2日14_00_7月2日18_00,0,0,36,0,35,0,36,0,-10.2466,74.1,-10.134,68.3,-9.9088,74.4,-9.9651,75.3,-10.3212,75,-9.9264,74.4,37.6,24,0,24,0,24,0,25,0,-10.2466,71.3,-10.6596,80.3,-9.492,76.6,-9.7572,76.7,-10.9045,77.4,-10.8288,77.5,24.2,204,-122.3908,81.6092,75.1083333333,12,False,61.8,True,0,linear,ambiguous_external_supply,none,False,,excluded,ambiguous_external_supply
2024-07-02 16:48:20,7月2日14_00_7月2日18_00,0,0,36,0,35,0,36,0,-8.7672,74.1,-8.8234,68.3,-11.3726,74.5,-11.7104,75.3,-10.2648,75,-10.0392,74.5,36.3,24,0,24,0,24,0,25,0,-9.3458,71.4,-10.152,80.4,-9.7745,76.7,-9.588,76.7,-10.848,77.5,-11.1305,77.6,24,204,-121.8164,82.1836,75.1666666667,12,False,60.3,True,0,linear,ambiguous_external_supply,none,False,,excluded,ambiguous_external_supply
2024-07-02 16:48:49,7月2日14_00_7月2日18_00,0,0,36,0,35,0,36,0,-10.6218,74.2,-10.5281,68.4,-9.1769,74.5,-9.1206,75.4,-10.848,75.1,-10.6596,74.5,37.2,24,0,24,0,25,0,24,0,-9.7399,71.4,-10.6596,80.4,-9.266,76.7,-9.6444,76.8,-11.3,77.6,-11.5825,77.6,23.9,204,-123.1474,80.8526,75.2166666667,12,False,61.1,True,0,linear,ambiguous_external_supply,none,False,,excluded,ambiguous_external_supply
2024-07-02 16:49:19,7月2日14_00_7月2日18_00,0,0,36,0,35,0,36,0,-10.5844,74.2,-10.9785,68.4,-10.3592,74.6,-10.1903,75.4,-9.3624,75.2,-9.4752,74.6,37.4,24,0,24,0,25,0,25,0,-10.4718,71.5,-11.1672,80.5,-9.4355,76.8,-9.6444,76.8,-10.1135,77.6,-10.0956,77.7,24.1,205,-121.878,83.122,75.275,12,False,61.5,True,0,linear,ambiguous_external_supply,none,False,,excluded,ambiguous_external_supply
2024-07-02 16:49:49,7月2日14_00_7月2日18_00,0,0,36,0,35,0,36,0,-8.7672,74.3,-8.8796,68.5,-11.5415,74.7,-11.26,75.5,-10.4904,75.2,-10.2648,74.6,36,24,0,24,0,25,0,24,0,-10.5468,71.5,-10.8852,80.6,-9.6615,76.8,-9.8136,76.9,-9.7008,77.7,-10.2648,77.7,24.1,204,-122.0762,81.9238,75.3333333333,12,False,60.1,True,0,linear,ambiguous_external_supply,none,False,,excluded,ambiguous_external_supply
2024-07-02 16:50:19,7月2日14_00_7月2日18_00,0,0,36,0,35,0,35,0,-10.397,74.3,-10.3029,68.5,-10.0214,74.7,-9.6273,75.5,-10.5655,75.3,-10.5468,74.7,37,24,0,24,0,25,0,25,0,-11.28,71.6,-12.0132,80.6,-10.2265,76.9,-10.9416,76.9,-8.7984,77.7,-8.9112,77.8,24.2,204,-123.6318,80.3682,75.375,12,False,61.2,True,0,linear,ambiguous_external_supply,none,False,,excluded,ambiguous_external_supply
2024-07-02 16:50:49,7月2日14_00_7月2日18_00,0,0,36,0,35,0,35,0,-10.8659,74.4,-10.7533,68.6,-9.7962,74.8,-9.8525,75.6,-10.17,75.3,-10.152,74.7,37.5,24,0,24,0,25,0,25,0,-10.434,71.6,-10.8852,80.7,-9.605,76.9,-9.7572,77,-10.9045,77.8,-11.639,77.8,22.4,204,-124.8148,79.1852,75.4333333333,12,False,59.9,True,0,linear,ambiguous_external_supply,none,False,,excluded,ambiguous_external_supply
2024-07-02 16:51:19,7月2日14_00_7月2日18_00,0,0,36,0,35,0,36,0,-8.0366,74.4,-7.9242,68.7,-11.3163,74.8,-11.5978,75.6,-11.1305,75.4,-11.1305,74.8,36.6,24,0,24,0,24,0,24,0,-9.4021,71.7,-9.8136,80.7,-10.396,77,-10.0392,77,-11.8085,77.8,-11.978,77.9,22.3,203,-124.5733,78.4267,75.4833333333,12,False,58.9,True,0,linear,ambiguous_external_supply,none,False,,excluded,ambiguous_external_supply
2024-07-02 16:51:49,7月2日14_00_7月2日18_00,0,0,36,0,35,0,36,0,-13.8498,74.5,-14.1313,68.7,-10.5844,74.9,-10.5281,75.7,-9.1932,75.4,-9.1932,74.8,29.1,24,0,24,0,24,0,25,0,-9.4752,71.7,-10.2648,80.8,-11.6955,77,-11.6955,77.1,-9.588,77.9,-9.944,78,22,204,-130.143,73.857,75.5416666667,12,False,51.1,True,0,linear,ambiguous_external_supply,none,False,,excluded,ambiguous_external_supply
2024-07-02 16:52:19,7月2日14_00_7月2日18_00,0,0,36,0,35,0,36,0,-11.9356,74.6,-11.7104,68.8,-11.5415,74.9,-11.6541,75.8,-10.848,75.5,-10.509,74.9,29.8,24,0,24,0,25,0,24,0,-10.5468,71.8,-11.1672,80.9,-11.639,77.1,-11.413,77.2,-9.024,77.9,-9.3624,78,22,204,-131.351,72.649,75.6166666667,12,False,51.8,True,0,linear,ambiguous_external_supply,none,False,,excluded,ambiguous_external_supply
2024-07-02 16:52:49,7月2日14_00_7月2日18_00,0,0,36,0,35,0,36,0,-10.8659,74.6,-10.697,68.8,-12.2388,75,-12.6336,75.8,-10.735,75.5,-10.7915,75,29.1,24,0,24,0,24,0,25,0,-10.2648,71.9,-10.5468,80.9,-11.1305,77.1,-10.848,77.2,-10.0956,78,-10.0392,78.1,22.1,204,-130.8867,73.1133,75.6583333333,12,False,51.2,True,0,linear,ambiguous_external_supply,none,False,,excluded,ambiguous_external_supply
2024-07-02 16:53:20,7月2日14_00_7月2日18_00,0,0,36,0,35,0,36,0,-8.6548,74.7,-8.6548,68.9,-11.7876,75.1,-11.5415,75.9,-10.4525,75.6,-10.509,75,36,24,0,24,0,25,0,24,0,-10.3212,71.9,-10.7724,81,-10.0005,77.2,-10.0005,77.3,-11.0175,78,-10.848,78.1,22,204,-124.5603,79.4397,75.725,12,False,58,True,0,linear,ambiguous_external_supply,none,False,,excluded,ambiguous_external_supply
2024-07-02 16:53:50,7月2日14_00_7月2日18_00,0,0,36,0,35,0,35,0,-10.6407,74.7,-10.8096,68.9,-9.4021,75.1,-9.0643,75.9,-10.3395,75.6,-10.7915,75.1,38,24,0,24,0,25,0,25,0,-10.0956,72,-10.4904,81,-10.2265,77.3,-10.396,77.3,-11.074,78.1,-11.4695,78.2,22,204,-124.7997,79.2003,75.7666666667,12,False,60,True,0,linear,ambiguous_external_supply,none,False,,excluded,ambiguous_external_supply
2024-07-02 16:54:20,7月2日14_00_7月2日18_00,0,0,36,0,35,0,36,0,-9.7226,74.8,-9.6273,69,-10.4718,75.2,-10.5844,76,-10.3395,75.7,-10.283,75.1,36.6,24,0,24,0,25,0,24,0,-9.5316,72,-9.87,81.1,-12.0345,77.3,-12.2605,77.4,-9.4752,78.2,-9.8136,78.2,22.1,204,-124.014,79.986,75.8333333333,12,False,58.7,True,0,linear,ambiguous_external_supply,none,False,,excluded,ambiguous_external_supply
2024-07-02 16:54:50,7月2日14_00_7月2日18_00,0,0,36,0,35,0,36,0,-9.0482,74.8,-9.1606,69,-8.3324,75.2,-8.2198,76,-9.492,75.8,-9.1368,75.2,43.6,24,0,24,0,24,0,24,0,-10.8852,72.1,-11.526,81.1,-10.622,77.4,-10.283,77.5,-9.9264,78.2,-10.2084,78.3,21.9,203,-116.8408,86.1592,75.8833333333,12,False,65.5,True,0,linear,ambiguous_external_supply,none,False,,excluded,ambiguous_external_supply
2024-07-02 16:55:20,7月2日14_00_7月2日18_00,0,0,36,0,35,0,36,0,-8.9358,74.9,-8.6548,69.1,-10.4155,75.3,-10.2466,76.1,-8.2344,75.8,-8.2344,75.2,44.8,24,0,24,0,24,0,25,0,-11.2236,72.1,-11.3565,81.2,-10.057,77.4,-10.1135,77.5,-10.5655,78.3,-10.4525,78.4,22.3,204,-118.4901,85.5099,75.9416666667,12,False,67.1,True,0,linear,ambiguous_external_supply,none,False,,excluded,ambiguous_external_supply
2024-07-02 16:55:50,7月2日14_00_7月2日18_00,0,0,36,0,35,0,35,0,-9.7226,74.9,-9.7226,69.1,-9.5147,75.3,-9.6836,76.1,-7.7832,75.8,-7.4448,75.3,44.5,24,0,24,0,25,0,25,0,-10.998,72.2,-11.0175,81.3,-10.3395,77.5,-10.057,77.6,-10.6785,78.3,-11.0175,78.4,22.2,204,-117.9795,86.0205,75.9833333333,12,False,66.7,True,0,linear,ambiguous_external_supply,none,False,,excluded,ambiguous_external_supply
2024-07-02 16:56:20,7月2日14_00_7月2日18_00,0,0,36,0,35,0,36,0,-10.116,75,-10.2466,69.2,-8.1072,75.4,-8.0509,76.2,-8.4036,75.9,-8.2344,75.3,43.9,24,0,24,0,25,0,25,0,-10.3776,72.2,-10.7915,81.3,-10.283,77.5,-10.057,77.6,-10.961,78.4,-11.3565,78.5,22,205,-116.9853,88.0147,76.0416666667,12,False,65.9,True,0,linear,ambiguous_external_supply,none,False,,excluded,ambiguous_external_supply
2024-07-02 16:56:50,7月2日14_00_7月2日18_00,0,0,36,0,35,0,36,0,-8.8796,75,-8.8234,69.2,-8.5576,75.4,-8.5576,76.2,-8.9112,75.9,-8.9676,75.3,45.4,24,0,24,0,24,0,24,0,-10.716,72.3,-11.0175,81.4,-11.4695,77.6,-11.413,77.7,-9.1368,78.4,-9.8136,78.5,21.9,203,-116.2634,86.7366,76.075,12,False,67.3,True,0,linear,ambiguous_external_supply,none,False,,excluded,ambiguous_external_supply
2024-07-02 16:57:20,7月2日14_00_7月2日18_00,0,0,36,0,35,0,36,0,-10.8659,75.1,-10.6407,69.3,-10.0214,75.5,-10.0214,76.3,-9.5316,76,-9.306,75.4,36.9,24,0,24,0,24,0,24,0,-11.6748,72.4,-11.6955,81.4,-10.2265,77.6,-10.5655,77.7,-9.1932,78.5,-9.2496,78.6,22.5,203,-122.9921,80.0079,76.15,12,False,59.4,True,0,linear,ambiguous_external_supply,none,False,,excluded,ambiguous_external_supply
2024-07-02 16:57:50,7月2日14_00_7月2日18_00,0,0,36,0,35,0,35,0,-8.8234,75.1,-8.7672,69.3,-11.1474,75.5,-11.5415,76.3,-10.152,76,-9.87,75.4,37.8,24,0,24,0,24,0,25,0,-11.28,72.4,-11.413,81.5,-10.509,77.7,-10.3578,77.8,-9.2496,78.5,-9.3624,78.6,22.2,203,-122.4733,80.5267,76.175,12,False,60,True,0,linear,ambiguous_external_supply,none,False,,excluded,ambiguous_external_supply
2024-07-02 16:58:20,7月2日14_00_7月2日18_00,0,0,36,0,35,0,36,0,-9.7226,75.2,-9.571,69.4,-10.3592,75.6,-10.4155,76.4,-10.3395,76.1,-9.87,75.5,36.4,24,0,24,0,25,0,25,0,-9.5316,72.5,-10.17,81.6,-10.17,77.8,-10.17,77.8,-10.7915,78.6,-11.1305,78.7,22.1,205,-122.2414,82.7586,76.2666666667,12,False,58.5,True,0,linear,ambiguous_external_supply,none,False,,excluded,ambiguous_external_supply
2024-07-02 16:58:50,7月2日14_00_7月2日18_00,0,0,36,0,35,0,36,0,-8.711,75.2,-8.8796,69.4,-11.3163,75.6,-11.4852,76.5,-10.735,76.1,-10.622,75.5,36.4,24,0,24,0,24,0,25,0,-10.2648,72.5,-10.961,81.6,-9.2095,77.8,-9.379,77.9,-11.5825,78.6,-11.639,78.7,22.1,204,-124.7849,79.2151,76.2833333333,12,False,58.5,True,0,linear,ambiguous_external_supply,none,False,,excluded,ambiguous_external_supply
2024-07-02 16:59:20,7月2日14_00_7月2日18_00,0,0,36,0,35,0,36,0,-8.3176,75.3,-8.5986,69.5,-10.0777,75.7,-9.7962,76.5,-10.848,76.2,-10.7915,75.6,39.9,24,0,24,0,25,0,25,0,-8.9676,72.6,-9.306,81.7,-10.17,77.9,-10.2265,77.9,-11.978,78.7,-12.43,78.8,22.3,205,-121.5077,83.4923,76.3666666667,12,False,62.2,True,0,linear,ambiguous_external_supply,none,False,,excluded,ambiguous_external_supply
2024-07-02 16:59:50,7月2日14_00_7月2日18_00,0,0,36,0,35,0,35,0,-9.6102,75.3,-9.6664,69.5,-10.3592,75.7,-10.3029,76.6,-9.2095,76.2,-9.1368,75.7,39.6,24,0,24,0,24,0,24,0,-10.6596,72.6,-10.848,81.7,-10.735,77.9,-10.6785,78,-10.4525,78.8,-10.6785,78.9,22.3,202,-122.3371,79.6629,76.4083333333,12,False,61.9,True,0,linear,ambiguous_external_supply,none,False,,excluded,ambiguous_external_supply
2024-07-02 17:00:20,7月2日14_00_7月2日18_00,0,0,36,0,35,0,35,0,-8.5424,75.4,-8.3738,69.6,-10.5281,75.8,-10.2466,76.6,-10.4525,76.3,-10.2265,75.7,40,24,0,24,0,25,0,25,0,-10.2084,72.7,-10.17,81.8,-11.639,78,-11.9426,78.1,-9.605,78.8,-9.944,78.9,22.1,204,-121.8789,82.1211,76.475,12,False,62.1,True,0,linear,ambiguous_external_supply,none,False,,excluded,ambiguous_external_supply
2024-07-02 17:00:50,7月2日14_00_7月2日18_00,0,0,36,0,35,0,35,0,-10.5281,75.4,-10.3029,69.6,-9.6836,75.9,-9.7399,76.7,-10.1135,76.4,-9.7745,75.8,37.2,24,0,24,0,24,0,25,0,-10.5468,72.7,-11.074,81.8,-11.8085,78,-11.7162,78.1,-9.024,78.9,-9.7745,79,21.7,203,-124.0865,78.9135,76.525,12,False,58.9,True,0,linear,ambiguous_external_supply,none,False,,excluded,ambiguous_external_supply
2024-07-02 17:01:20,7月2日14_00_7月2日18_00,0,0,36,0,35,0,36,0,-10.3029,75.5,-10.3592,69.7,-9.3458,75.9,-9.2895,76.7,-10.4525,76.4,-10.17,75.8,36.3,24,0,24,0,25,0,25,0,-10.8852,72.8,-10.961,81.9,-9.7745,78.1,-9.8484,78.2,-11.2435,78.9,-11.3,79,22.2,205,-123.9325,81.0675,76.575,12,False,58.5,True,0,linear,ambiguous_external_supply,none,False,,excluded,ambiguous_external_supply
2024-07-02 17:01:50,7月2日14_00_7月2日18_00,0,0,36,0,35,0,36,0,-7.3622,75.5,-7.4184,69.7,-10.1903,76,-9.8525,76.8,-9.5485,76.5,-9.1368,75.9,43.5,24,0,24,0,24,0,25,0,-9.588,72.9,-10.0005,81.9,-10.2265,78.1,-9.622,78.2,-11.4695,79,-11.6955,79.1,22.2,204,-116.1107,87.8893,76.6333333333,12,False,65.7,True,0,linear,ambiguous_external_supply,none,False,,excluded,ambiguous_external_supply
2024-07-02 17:02:20,7月2日14_00_7月2日18_00,0,0,36,0,35,0,35,0,-10.0598,75.6,-9.7399,69.8,-8.2761,76,-8.6139,76.8,-8.4036,76.5,-8.46,75.9,44.2,24,0,24,0,24,0,25,0,-10.0956,72.9,-10.735,82,-10.961,78.2,-10.5842,78.3,-10.2265,79,-10.622,79.1,22.3,203,-116.7776,86.2224,76.675,12,False,66.5,True,0,linear,ambiguous_external_supply,none,False,,excluded,ambiguous_external_supply
2024-07-02 17:02:50,7月2日14_00_7月2日18_00,0,0,36,0,35,0,35,0,-9.6102,75.6,-9.2332,69.8,-8.8954,76.1,-8.3887,76.9,-8.7984,76.6,-8.46,76,44.3,24,0,24,0,25,0,24,0,-10.0956,73,-10.396,82.1,-10.283,78.3,-10.3578,78.3,-10.848,79.1,-11.0175,79.2,22.3,203,-116.3838,86.6162,76.75,12,False,66.6,True,0,linear,ambiguous_external_supply,none,False,,excluded,ambiguous_external_supply
2024-07-02 17:03:20,7月2日14_00_7月2日18_00,0,0,36,0,35,0,36,0,-11.26,75.7,-11.7104,69.9,-10.3592,76.1,-10.4155,76.9,-8.46,76.6,-8.2344,76,35.8,24,0,24,0,24,0,25,0,-10.2648,73,-10.735,82.1,-11.2435,78.3,-11.2068,78.4,-10.396,79.2,-10.622,79.3,22.2,204,-124.9076,79.0924,76.7916666667,12,False,58,True,0,linear,ambiguous_external_supply,none,False,,excluded,ambiguous_external_supply
2024-07-02 17:03:50,7月2日14_00_7月2日18_00,0,0,36,0,35,0,36,0,-10.5844,75.7,-10.3592,69.9,-11.1474,76.2,-11.1474,77,-8.742,76.6,-8.46,76.1,37.1,23,0,24,0,24,0,25,0,-9.8136,73.1,-10.3395,82.2,-11.2435,78.4,-11.1502,78.4,-10.3395,79.2,-10.509,79.3,22.3,203,-123.8357,79.1643,76.8416666667,12,False,59.4,True,0,linear,ambiguous_external_supply,none,False,,excluded,ambiguous_external_supply
2024-07-02 17:04:20,7月2日14_00_7月2日18_00,0,0,36,0,35,0,36,0,-10.697,75.8,-10.8659,70,-9.9651,76.2,-10.3029,77,-9.1932,76.7,-9.024,76.1,37.5,24,0,24,0,25,0,24,0,-9.0804,73.1,-9.6615,82.2,-10.961,78.4,-10.8106,78.5,-11.187,79.3,-11.413,79.4,21.8,204,-123.1616,80.8384,76.8916666667,12,False,59.3,True,0,linear,ambiguous_external_supply,none,False,,excluded,ambiguous_external_supply
2024-07-02 17:04:50,7月2日14_00_7月2日18_00,0,0,36,0,35,0,35,0,-9.571,75.9,-9.5147,70.1,-10.0777,76.3,-9.8525,77.1,-10.9045,76.7,-10.735,76.2,36.4,24,0,24,0,24,0,25,0,-10.434,73.2,-10.6785,82.3,-9.3225,78.5,-9.3956,78.6,-11.2435,79.3,-11.6955,79.4,22.3,203,-123.425,79.575,76.9666666667,12,False,58.7,True,0,linear,ambiguous_external_supply,none,False,,excluded,ambiguous_external_supply
2024-07-02 17:05:20,7月2日14_00_7月2日18_00,0,0,36,0,35,0,36,0,-10.1903,75.9,-10.0777,70.1,-9.571,76.3,-9.7962,77.1,-10.6785,76.8,-10.7915,76.2,36.2,24,0,24,0,25,0,25,0,-11.28,73.2,-11.074,82.3,-10.057,78.5,-9.9616,78.6,-10.735,79.4,-10.961,79.5,22,205,-125.1738,79.8262,76.9916666667,12,False,58.2,True,0,linear,ambiguous_external_supply,none,False,,excluded,ambiguous_external_supply
2024-07-02 17:05:50,7月2日14_00_7月2日18_00,0,0,36,0,35,0,35,0,-10.7533,76,-10.8659,70.2,-9.571,76.4,-9.5147,77.2,-9.7745,76.9,-9.5485,76.3,37.7,24,0,24,0,25,0,25,0,-9.8136,73.3,-10.283,82.4,-9.7745,78.6,-10.188,78.7,-11.3,79.4,-11.639,79.5,22,204,-123.026,80.974,77.075,12,False,59.7,True,0,linear,ambiguous_external_supply,none,False,,excluded,ambiguous_external_supply
2024-07-02 17:06:20,7月2日14_00_7月2日18_00,0,0,36,0,35,0,36,0,-9.6836,76,-9.8525,70.2,-10.697,76.4,-10.4718,77.2,-10.3395,76.9,-10.1135,76.3,36.6,24,0,24,0,24,0,25,0,-10.0956,73.3,-10.509,82.4,-9.5485,78.6,-9.7918,78.7,-11.4695,79.5,-11.526,79.6,22.1,204,-124.0983,79.9017,77.0916666667,12,False,58.7,True,0,linear,ambiguous_external_supply,none,False,,excluded,ambiguous_external_supply
2024-07-02 17:06:50,7月2日14_00_7月2日18_00,0,0,36,0,35,0,35,0,-9.4584,76.1,-9.7399,70.3,-10.5281,76.5,-10.3029,77.3,-10.396,77,-10.396,76.4,37.6,24,0,24,0,24,0,25,0,-9.7572,73.4,-10.0005,82.5,-10.6785,78.7,-10.754,78.8,-10.9045,79.6,-11.3565,79.7,22.4,203,-124.2725,78.7275,77.1916666667,12,False,60,True,0,linear,ambiguous_external_supply,none,False,,excluded,ambiguous_external_supply
2024-07-02 17:07:20,7月2日14_00_7月2日18_00,0,0,36,0,35,0,36,0,-10.5844,76.1,-10.5844,70.3,-9.4584,76.5,-9.4021,77.3,-10.17,77,-9.944,76.4,37,24,0,24,0,24,0,25,0,-9.4188,73.4,-9.944,82.5,-10.6785,78.7,-10.4144,78.8,-11.3,79.6,-11.4695,79.7,22,204,-123.3685,80.6315,77.1916666667,12,False,59,True,0,linear,ambiguous_external_supply,none,False,,excluded,ambiguous_external_supply
2024-07-02 17:07:50,7月2日14_00_7月2日18_00,0,0,36,0,35,0,36,0,-9.571,76.2,-9.4584,70.4,-10.134,76.6,-10.0214,77.4,-10.9045,77.1,-10.735,76.5,35.8,24,0,24,0,25,0,24,0,-9.8136,73.5,-10.5655,82.6,-10.6785,78.8,-10.9238,78.9,-10.3395,79.7,-10.622,79.8,22,204,-123.7672,80.2328,77.2916666667,12,False,57.8,True,0,linear,ambiguous_external_supply,none,False,,excluded,ambiguous_external_supply
2024-07-02 17:08:20,7月2日14_00_7月2日18_00,0,0,36,0,35,0,36,0,-10.0777,76.2,-9.6836,70.4,-10.697,76.6,-10.5844,77.4,-9.8875,77.1,-10.0005,76.5,37,24,0,24,0,24,0,25,0,-9.9828,73.5,-10.3395,82.7,-11.3,78.9,-11.2068,78.9,-10.509,79.7,-10.1135,79.8,22.7,204,-124.3823,79.6177,77.3083333333,12,False,59.7,True,0,linear,ambiguous_external_supply,none,False,,excluded,ambiguous_external_supply
2024-07-02 17:08:50,7月2日14_00_7月2日18_00,0,0,36,0,35,0,35,0,-10.0777,76.3,-9.9088,70.5,-9.6273,76.7,-9.7399,77.5,-10.735,77.2,-10.3395,76.6,37,24,0,24,0,24,0,25,0,-10.152,73.6,-10.6785,82.7,-11.1305,78.9,-11.3766,79,-10.0005,79.8,-10.283,79.9,22.1,203,-124.0493,78.9507,77.3916666667,12,False,59.1,True,0,linear,ambiguous_external_supply,none,False,,excluded,ambiguous_external_supply
2024-07-02 17:09:20,7月2日14_00_7月2日18_00,0,0,36,0,35,0,36,0,-9.1769,76.3,-8.9517,70.5,-7.2064,76.7,-7.4879,77.5,-10.7915,77.2,-10.0005,76.6,43.5,24,0,24,0,24,0,25,0,-10.998,73.6,-11.074,82.8,-10.848,79,-10.9238,79.1,-9.7745,79.8,-10.2265,79.9,22,204,-117.4597,86.5403,77.4166666667,12,False,65.5,True,0,linear,ambiguous_external_supply,none,False,,excluded,ambiguous_external_supply
2024-07-02 17:09:50,7月2日14_00_7月2日18_00,0,0,36,0,35,0,36,0,-8.4862,76.4,-8.2052,70.6,-9.9651,76.8,-9.9088,77.6,-8.8705,77.3,-8.5164,76.7,44.3,24,0,24,0,24,0,25,0,-10.716,73.7,-10.9045,82.8,-10.6785,79,-10.8672,79.1,-9.831,79.9,-10.2265,80,22.1,204,-117.1759,86.8241,77.4916666667,12,False,66.4,True,0,linear,ambiguous_external_supply,none,False,,excluded,ambiguous_external_supply
2024-07-02 17:10:20,7月2日14_00_7月2日18_00,0,0,36,0,35,0,36,0,-7.868,76.4,-7.6432,70.6,-9.6273,76.8,-9.4584,77.6,-9.2095,77.3,-9.3225,76.7,45.2,24,0,24,0,25,0,25,0,-11.1305,73.8,-11.4695,82.9,-9.6615,79.1,-10.0182,79.2,-10.0005,79.9,-10.6785,80.1,22.3,205,-116.0876,88.9124,77.5333333333,12,False,67.5,True,0,linear,ambiguous_external_supply,none,False,,excluded,ambiguous_external_supply
2024-07-02 17:10:50,7月2日14_00_7月2日18_00,0,0,36,0,35,0,35,0,-10.5844,76.5,-10.7533,70.7,-10.134,76.9,-10.0214,77.7,-9.831,77.4,-9.718,76.8,37,24,0,24,0,25,0,25,0,-11.074,73.8,-11.526,82.9,-9.5485,79.1,-9.3956,79.2,-10.7915,80,-11.074,80.1,22.1,204,-124.4517,79.5483,77.5916666667,12,False,59.1,True,0,linear,ambiguous_external_supply,none,False,,excluded,ambiguous_external_supply
2024-07-02 17:11:20,7月2日14_00_7月2日18_00,0,0,36,0,35,0,36,0,-10.8659,76.5,-10.4718,70.7,-10.134,76.9,-9.9651,77.7,-9.492,77.4,-9.3225,76.8,37.7,24,0,24,0,24,0,25,0,-12.091,73.9,-12.43,83,-10.3395,79.2,-10.471,79.3,-8.6445,80.1,-8.7575,80.2,22.2,204,-122.9848,81.0152,77.6416666667,12,False,59.9,True,0,linear,ambiguous_external_supply,none,False,,excluded,ambiguous_external_supply
2024-07-02 17:11:50,7月2日14_00_7月2日18_00,0,0,36,0,34,0,35,0,-10.0214,76.6,-9.7399,70.8,-10.998,77,-10.6596,77.8,-9.5485,77.5,-9.3225,76.9,37.7,24,0,24,0,25,0,25,0,-10.509,73.9,-10.622,83.1,-10.622,79.2,-10.754,79.3,-9.7745,80.1,-9.944,80.2,22,203,-122.5154,80.4846,77.7,12,False,59.7,True,0,linear,ambiguous_external_supply,none,False,,excluded,ambiguous_external_supply
2024-07-02 17:12:20,7月2日14_00_7月2日18_00,0,0,36,0,35,0,35,0,-9.9651,76.6,-9.7962,70.8,-10.8288,77.1,-10.434,77.9,-9.5485,77.5,-9.605,76.9,36.8,24,0,24,0,24,0,25,0,-10.6785,74,-10.961,83.1,-10.848,79.3,-10.9998,79.4,-9.718,80.2,-9.8875,80.3,21.9,203,-123.2704,79.7296,77.7583333333,12,False,58.7,True,0,linear,ambiguous_external_supply,none,False,,excluded,ambiguous_external_supply
2024-07-02 17:12:50,7月2日14_00_7月2日18_00,0,0,36,0,35,0,35,0,-8.7265,76.7,-8.6702,70.9,-10.7724,77.1,-10.4904,77.9,-11.074,77.6,-10.9045,77,38.1,24,0,24,0,24,0,24,0,-10.3776,74,-11.1305,83.2,-11.7728,79.4,-11.4534,79.4,-9.3225,80.2,-9.5485,80.3,22.1,202,-124.2433,77.7567,77.8083333333,12,False,60.2,True,0,linear,ambiguous_external_supply,none,False,,excluded,ambiguous_external_supply
2024-07-02 17:13:20,7月2日14_00_7月2日18_00,0,0,36,0,35,0,36,0,-8.8796,76.7,-8.5986,70.9,-10.0956,77.2,-10.3212,78,-11.074,77.6,-11.1305,77,37.3,24,0,17,0,24,0,25,0,-8.6856,74.1,-10.057,83.2,-9.3225,79.4,-9.1126,79.5,-9.266,80.3,-9.5485,80.4,21.9,197,-116.0917,80.9083,77.8583333333,12,False,59.2,True,0,linear,ambiguous_external_supply,none,False,,excluded,ambiguous_external_supply
2024-07-02 17:13:50,7月2日14_00_7月2日18_00,0,0,36,0,35,0,36,0,-12.0482,76.8,-12.2734,71,-7.8257,77.2,-7.882,78,-10.5655,77.7,-10.4525,77.1,34.9,2,1,3,1,3,1,3,1,1.00598,74.1,0.288256,83.2,4.7489,79.4,4.75735,79.5,2.15808,80.3,2.3042,80.4,22,118,-45.784534,72.215466,77.8916666667,12,False,56.9,True,0,linear,ambiguous_external_supply,none,False,,excluded,ambiguous_external_supply
2024-07-02 17:14:20,7月2日14_00_7月2日18_00,0,0,28,0,35,0,35,0,-8.2761,76.8,-8.1072,71,-10.998,77.3,-11.1108,78.1,-8.814,77.8,-8.588,77.2,35.3,2,1,3,1,3,1,2,1,2.3001,74.1,1.58484,83.2,0.432384,79.4,0.288768,79.5,5.17242,80.2,5.02656,80.4,22.3,108,-41.089028,66.910972,77.9166666667,12,False,57.6,True,0,linear,ambiguous_external_supply,none,False,,excluded,ambiguous_external_supply
2024-07-02 17:14:50,7月2日14_00_7月2日18_00,0,0,1,0,3,1,7,0,3.8696,76.9,4.1552,71,9.296,77.3,8.904,78.1,-0.99651,77.8,-1.17667,77.2,34.2,3,1,3,1,3,1,3,1,4.30848,74.1,3.73626,83.2,5.02656,79.4,4.8981,79.5,-1.5174,80.2,-1.6017,80.4,22.2,23,38.90192,61.90192,77.925,12,False,56.4,True,0,linear,normal_operation,none,True,,excluded,stationary_only_without_sailing_task
2024-07-02 17:15:20,7月2日14_00_7月2日18_00,0,0,3,1,3,1,2,1,5.57882,76.8,5.7018,71,1.8648,77.2,2.296,78,5.03552,77.8,5.45853,77.2,33.2,2,1,3,1,3,1,3,1,3.44454,74.1,2.72646,83.2,1.2926,79.4,1.15415,79.5,3.15843,80.2,3.44454,80.3,22.2,19,41.15619,60.15619,77.8916666667,12,False,55.4,True,0,linear,normal_operation,none,True,,excluded,stationary_only_without_sailing_task
2024-07-02 17:15:50,7月2日14_00_7月2日18_00,0,0,2,1,3,1,3,1,3.14717,76.8,4.00803,71,4.732,77.2,4.4464,78,4.45434,77.8,4.59459,77.1,33.6,1,1,1,1,1,1,1,1,3.584,74,2.87232,83.2,3.87651,79.4,4.17746,79.4,1.58202,80.2,1.72227,80.3,22,12,43.19711,55.19711,77.8666666667,12,False,55.6,True,0,linear,normal_operation,none,True,,excluded,stationary_only_without_sailing_task
2024-07-02 17:16:20,7月2日14_00_7月2日18_00,0,0,2,1,3,1,3,1,5.00864,76.8,5.29373,71,4.00803,77.2,3.29251,78,4.45434,77.7,3.73626,77.1,33.8,0,1,0,1,0,1,0,1,5.0176,74,4.16262,83.2,3.73626,79.3,3.74292,79.4,2.58621,80.2,2.58621,80.3,22.3,8,47.62533,55.62533,77.85,12,False,56.1,True,0,linear,normal_operation,none,True,,excluded,stationary_only_without_sailing_task
2024-07-02 17:16:50,7月2日14_00_7月2日18_00,0,0,2,1,1,1,3,1,4.8546,76.8,4.99968,70.9,3.7296,77.2,3.7296,78,5.02656,77.7,6.048,77.1,32.8,0,0,0,0,0,0,0,0,4.0152,74,3.15843,83.2,3.73626,79.3,3.5968,79.4,3.73626,80.2,3.73626,80.3,22.1,6,50.36725,56.36725,77.8416666667,12,False,54.9,True,0,linear,normal_operation,none,True,,excluded,stationary_only_without_sailing_task
2024-07-02 17:17:20,7月2日14_00_7月2日18_00,0,0,0,1,0,1,0,1,2.43165,76.7,2.43165,70.9,10.1556,77.1,9.9882,78,3.30429,77.7,3.30429,77.1,32.4,0,0,0,0,0,0,0,0,3.584,74,2.87232,83.1,2.58621,79.3,2.4447,79.4,5.0176,80.2,5.0176,80.3,22.2,0,53.13811,53.13811,77.8166666667,12,False,54.6,True,0,linear,normal_operation,none,True,,excluded,stationary_only_without_sailing_task
2024-07-02 17:17:50,7月2日14_00_7月2日18_00,0,0,0,0,0,0,0,0,8.6892,76.7,8.9838,70.9,0.43008,77.1,0.28672,77.9,9.184,77.7,9.296,77,39,0,0,0,0,0,0,0,0,4.3008,74,3.4384,83.1,5.31267,79.3,5.32214,79.4,1.72227,80.1,1.72227,80.3,22.2,0,58.68835,58.68835,77.7916666667,12,False,61.2,True,0,linear,normal_operation,none,True,,excluded,stationary_only_without_sailing_task
2024-07-02 17:18:20,7月2日14_00_7月2日18_00,0,0,0,0,0,0,0,0,1.2857,76.7,1.43104,70.9,11.439,77.1,10.881,77.9,4.1552,77.6,4.1552,77,36.5,0,0,0,0,0,0,0,0,4.3008,73.9,3.584,83.1,5.0176,79.3,5.03552,79.3,1.86813,80.1,2.00838,80.2,22.7,0,55.16157,55.16157,77.7583333333,12,False,59.2,True,0,linear,normal_operation,none,True,,excluded,stationary_only_without_sailing_task
2024-07-02 17:18:50,7月2日14_00_7月2日18_00,0,0,0,0,0,0,0,0,9.2462,76.6,9.1348,70.8,-0.7784,77.1,-0.9408,77.9,5.712,77.6,5.4488,77,29.5,0,0,0,0,0,0,0,0,3.8696,73.9,3.0128,83.1,4.5864,79.2,4.60278,79.3,3.0128,80.1,2.72646,80.2,22.1,0,49.63344,49.63344,77.7333333333,12,False,51.6,True,0,linear,normal_operation,none,True,,excluded,stationary_only_without_sailing_task
2024-07-02 17:19:20,7月2日14_00_7月2日18_00,0,0,0,0,0,0,0,0,1.14595,76.6,1.14595,70.8,9.5976,77,9.1512,77.9,3.584,77.6,3.7296,76.9,29.9,0,0,0,0,0,0,0,0,3.584,73.9,2.5816,83.1,2.72646,79.2,2.73132,79.3,5.1632,80.1,5.3032,80.2,22.2,0,50.44408,50.44408,77.7166666667,12,False,52.1,True,0,linear,normal_operation,none,True,,excluded,stationary_only_without_sailing_task
2024-07-02 17:19:50,7月2日14_00_7月2日18_00,0,0,0,0,0,0,0,0,8.8563,76.6,8.8722,70.8,1.00061,77,0.71552,77.8,4.4464,77.6,4.5864,76.9,28.6,0,0,0,0,0,0,0,0,5.15398,73.9,4.3008,83.1,4.3008,79.2,4.60278,79.3,1.5792,80.1,1.7192,80.2,22.1,0,50.13419,50.13419,77.7083333333,12,False,50.7,True,0,linear,normal_operation,none,True,,excluded,stationary_only_without_sailing_task
2024-07-02 17:20:20,7月2日14_00_7月2日18_00,0,0,0,0,0,0,0,0,3.14154,76.6,3.14154,70.7,6.3167,77,5.8695,77.8,4.5864,77.5,4.732,76.9,29.8,0,0,0,0,0,0,0,0,3.72294,73.8,2.8672,83,4.872,79.2,4.8894,79.3,2.7216,80.1,2.7216,80.2,22,0,49.58242,49.58242,77.675,12,False,51.8,True,0,linear,normal_operation,none,True,,excluded,stationary_only_without_sailing_task
2024-07-02 17:20:50,7月2日14_00_7月2日18_00,0,0,0,0,0,0,0,0,5.6916,76.6,5.56884,70.7,0.57018,77,0.57018,77.8,4.1552,77.5,4.1552,76.9,21.7,0,0,0,0,0,0,0,0,3.43226,73.8,2.5816,83,4.872,79.1,5.02656,79.2,2.8672,80,3.0128,80.2,22.2,0,42.50362,42.50362,77.65,12,False,43.9,True,0,linear,normal_operation,none,True,,excluded,stationary_only_without_sailing_task
2024-07-02 17:21:20,7月2日14_00_7月2日18_00,0,0,0,0,0,0,0,0,1.57356,76.5,1.71306,70.7,2.71674,77,2.57699,77.8,6.16,77.5,6.16,76.9,20.8,0,0,0,0,0,0,0,0,3.72294,73.8,2.8672,83,2.8672,79.1,2.73132,79.2,5.3032,80,5.1632,80.1,22.3,0,43.55541,43.55541,77.6333333333,12,False,43.1,True,0,linear,normal_operation,none,True,,excluded,stationary_only_without_sailing_task
2024-07-02 17:21:50,7月2日14_00_7月2日18_00,0,0,0,0,0,0,0,0,1.86147,76.5,2.14656,70.7,6.8634,76.9,6.417,77.8,1.58202,77.5,1.7192,76.8,21.4,0,0,0,0,0,0,0,0,5.00864,73.8,4.3008,83,2.15424,79.1,2.01196,79.2,2.436,80,2.436,80.1,18.3,0,38.93729,38.93729,77.6166666667,12,False,39.7,True,0,linear,normal_operation,none,True,,excluded,stationary_only_without_sailing_task
2024-07-02 17:22:20,7月2日14_00_7月2日18_00,0,0,0,0,0,0,0,0,6.8511,76.5,6.975,70.7,2.14656,76.9,2.14656,77.7,4.3008,77.4,4.3008,76.8,28.4,0,0,0,0,0,0,0,0,2.14656,73.8,1.5792,83,4.872,79.1,4.74045,79.2,2.5816,80,2.5816,80.1,18.3,0,45.22223,45.22223,77.6,12,False,46.7,True,0,linear,normal_operation,none,True,,excluded,stationary_only_without_sailing_task
2024-07-02 17:22:50,7月2日14_00_7月2日18_00,0,0,0,0,0,0,0,0,1.85814,76.5,1.71613,70.6,8.1468,76.9,7.5888,77.7,3.8696,77.4,3.8696,76.8,27.9,0,0,0,0,0,0,0,0,3.14717,73.7,2.5816,83,1.00419,79.1,1.00598,79.2,5.1632,80,5.3032,80.1,17.9,0,45.25441,45.25441,77.5833333333,12,False,45.8,True,0,linear,normal_operation,none,True,,excluded,stationary_only_without_sailing_task
2024-07-02 17:23:20,7月2日14_00_7月2日18_00,0,0,0,0,0,0,0,0,7.9651,76.4,7.6866,70.6,0.71552,76.9,0.286208,77.7,4.872,77.4,5.0176,76.8,28.5,0,0,0,0,0,0,0,0,4.43846,73.7,3.4384,82.9,5.0176,79.1,5.03552,79.2,0.00056,80,-0.02352,80.1,17.8,0,44.450048,44.450048,77.5666666667,12,False,46.3,True,0,linear,normal_operation,none,True,,excluded,stationary_only_without_sailing_task
2024-07-02 17:23:50,7月2日14_00_7月2日18_00,0,0,0,0,0,0,0,0,3.28662,76.4,3.28662,70.6,7.9794,76.8,7.4214,77.7,6.328,77.4,6.4285,76.7,36.6,0,0,0,0,0,0,0,0,3.29251,73.7,2.8672,82.9,1.43616,79,1.1521,79.1,4.732,79.9,5.0176,80.1,18.1,0,53.22811,53.22811,77.525,12,False,54.7,True,0,linear,normal_operation,none,True,,excluded,stationary_only_without_sailing_task
2024-07-02 17:24:20,7月2日14_00_7月2日18_00,0,0,0,0,0,0,0,0,7.5752,76.4,7.5752,70.6,3.29251,76.8,2.71188,77.6,6.4285,77.3,6.4285,76.7,36.2,0,0,0,0,0,0,0,0,3.29251,73.7,2.5816,82.9,3.4384,79,3.5968,79.1,2.5816,79.9,2.436,80,18,0,51.9387,51.9387,77.5,12,False,54.2,True,0,linear,normal_operation,none,True,,excluded,stationary_only_without_sailing_task
2024-07-02 17:24:50,7月2日14_00_7月2日18_00,0,0,0,0,0,0,0,0,3.71628,76.4,4.00086,70.5,7.7004,76.8,7.1424,77.6,6.0372,77.3,6.0372,76.7,36.4,0,0,0,0,0,0,0,0,3.43226,73.7,2.8672,82.9,3.7296,79,3.44454,79.1,2.1504,79.9,2.1504,80,18.1,0,52.40874,52.40874,77.4916666667,12,False,54.5,True,0,linear,normal_operation,none,True,,excluded,stationary_only_without_sailing_task
2024-07-02 17:25:20,7月2日14_00_7月2日18_00,0,0,0,0,0,0,0,0,6.4055,76.3,6.684,70.5,6.5844,76.7,6.3054,77.6,4.3008,77.3,4.1552,76.7,35.5,0,0,0,0,0,0,0,0,3.72294,73.7,2.8672,82.9,2.15424,79,1.86813,79.1,3.7296,79.9,3.7296,80,18.1,0,52.50701,52.50701,77.475,12,False,53.6,True,0,linear,normal_operation,none,True,,excluded,stationary_only_without_sailing_task
2024-07-02 17:25:50,7月2日14_00_7月2日18_00,0,0,0,0,0,0,0,0,6.9625,76.3,6.9625,70.5,3.5712,76.7,3.5712,77.5,6.4285,77.3,6.3167,76.6,35.9,0,0,0,0,0,0,0,0,1.0024,73.6,0.43008,82.9,3.584,79,3.44454,79.1,5.00864,79.9,4.8633,80,18,0,52.14556,52.14556,77.45,12,False,53.9,True,0,linear,normal_operation,none,True,,excluded,stationary_only_without_sailing_task
2024-07-02 17:26:20,7月2日14_00_7月2日18_00,0,0,0,0,0,0,0,0,5.13554,76.3,5.41961,70.4,4.28544,76.7,4.00086,77.5,7.6024,77.2,7.7142,76.6,36.5,0,0,0,0,0,0,0,0,4.14778,73.6,3.4384,82.9,4.1552,79,4.02237,79.1,1.148,79.9,1.288,80,18.2,0,52.3578,52.3578,77.4333333333,12,False,54.7,True,0,linear,normal_operation,none,True,,excluded,stationary_only_without_sailing_task
2024-07-02 17:26:50,7月2日14_00_7月2日18_00,0,0,0,0,0,0,0,0,3.28662,76.2,3.42612,70.4,4.28544,76.7,3.85578,77.5,6.0372,77.2,6.0372,76.6,28.3,0,0,0,0,0,0,0,0,3.29251,73.6,2.296,82.9,1.15005,78.9,1.00419,79,5.1632,79.8,5.0176,80,18.1,0,44.85191,44.85191,77.4,12,False,46.4,True,0,linear,normal_operation,none,True,,excluded,stationary_only_without_sailing_task
2024-07-02 17:27:20,7月2日14_00_7月2日18_00,0,0,0,0,0,0,0,0,2.85696,76.2,3.14154,70.4,3.28662,76.6,3.14154,77.5,2.5816,77.2,2.296,76.5,19,0,0,0,0,0,0,0,0,3.43226,73.6,2.5816,82.8,3.4384,78.9,3.30429,79,3.0128,79.8,2.8672,79.9,18,0,35.94081,35.94081,77.3666666667,12,False,37,True,0,linear,normal_operation,none,True,,excluded,stationary_only_without_sailing_task
2024-07-02 17:27:50,7月2日14_00_7月2日18_00,0,0,0,0,0,0,0,0,3.71628,76.2,3.5712,70.4,1.00061,76.6,1.00061,77.5,2.8672,77.2,2.8672,76.5,16.8,0,0,0,0,0,0,0,0,4.14778,73.6,3.2984,82.8,2.7216,78.9,2.72646,79,1.4336,79.8,1.5792,79.9,15.7,0,30.93014,30.93014,77.3666666667,12,False,32.5,True,0,linear,normal_operation,none,True,,excluded,stationary_only_without_sailing_task
2024-07-02 17:28:20,7月2日14_00_7月2日18_00,0,0,0,0,0,0,0,0,1.57356,76.2,1.71306,70.4,3.86269,76.6,3.43226,77.5,2.296,77.1,2.436,76.5,16.2,0,0,0,0,0,0,0,0,2.2919,73.6,1.5792,82.8,2.1504,78.9,2.00838,79,3.7296,79.8,3.7296,79.9,15.6,0,30.80265,30.80265,77.3583333333,12,False,31.8,True,0,linear,normal_operation,none,True,,excluded,stationary_only_without_sailing_task
2024-07-02 17:28:50,7月2日14_00_7月2日18_00,0,0,0,0,0,0,0,0,3.14154,76.2,3.14154,70.4,3.14717,76.6,3.00204,77.4,1.288,77.1,1.288,76.5,15.9,0,0,0,0,0,0,0,0,3.14717,73.5,2.436,82.8,1.43616,78.9,1.2903,79,3.584,79.8,3.7296,79.9,15.5,0,30.63152,30.63152,77.3416666667,12,False,31.4,True,0,nearest,normal_operation,none,True,,excluded,stationary_only_without_sailing_task
2024-07-02 17:36:20,7月2日14_00_7月2日18_00,0,0,0,0,0,0,0,0,0.000559,76.2,0.000559,70.3,0.00056,76.6,0.00056,77.4,-0.010098,77.1,0.000561,76.5,0,0,0,0,0,0,0,0,0,-0,73.5,0.000561,82.8,-0.003366,78.9,-0,79,-0,79.8,-0.021879,79.9,0,0,-0.031983,0,77.3333333333,12,False,0,True,0,linear,normal_operation,stationary_sub_kw_zero_drift,True,,excluded,stationary_only_without_sailing_task
2024-07-02 17:36:50,7月2日14_00_7月2日18_00,0,0,0,0,0,0,0,0,0.000559,76.2,0.000559,70.3,0.00056,76.6,0.00056,77.4,-0.010098,77.1,0.000561,76.5,0,0,0,0,0,0,0,0,0,-0,73.5,0.000561,82.8,-0.003366,78.9,-0,79,-0,79.8,-0.021318,79.9,0,0,-0.031422,0,77.3333333333,12,False,0,True,0,linear,normal_operation,stationary_sub_kw_zero_drift,True,,excluded,stationary_only_without_sailing_task
2024-07-02 17:37:20,7月2日14_00_7月2日18_00,0,0,0,0,0,0,0,0,0.000559,76.2,0.000559,70.3,0.00056,76.6,0.00056,77.4,-0.010098,77.1,0.000561,76.5,0,0,0,0,0,0,0,0,0,-0,73.5,0.000561,82.8,-0.003366,78.9,-0,79,-0,79.8,-0.021879,79.9,0,0,-0.031983,0,77.3333333333,12,False,0,True,0,linear,normal_operation,stationary_sub_kw_zero_drift,True,,excluded,stationary_only_without_sailing_task
2024-07-02 17:37:50,7月2日14_00_7月2日18_00,0,0,0,0,0,0,0,0,0.000559,76.2,0.000559,70.3,0.00056,76.6,0.00056,77.4,-0.011781,77.1,0.000561,76.5,0,0,0,0,0,0,0,0,0,-0,73.5,0.000561,82.8,-0.003366,78.9,-0,79,-0,79.8,-0.021879,79.9,0,0,-0.033666,0,77.3333333333,12,False,0,True,0,linear,normal_operation,stationary_sub_kw_zero_drift,True,,excluded,stationary_only_without_sailing_task
2024-07-02 17:38:20,7月2日14_00_7月2日18_00,0,0,0,0,0,0,0,0,0.000559,76.2,0.000559,70.3,0.00056,76.6,0.00056,77.4,-0.010659,77.1,0.000561,76.5,0,0,0,0,0,0,0,0,0,-0,73.5,0.000561,82.8,-0.003366,78.9,-0,79,-0,79.8,-0.021879,79.9,0,0,-0.032544,0,77.3333333333,12,False,0,True,0,linear,normal_operation,stationary_sub_kw_zero_drift,True,,excluded,stationary_only_without_sailing_task
2024-07-02 17:38:50,7月2日14_00_7月2日18_00,0,0,0,0,0,0,0,0,0.000559,76.2,0.000559,70.3,0.00056,76.6,0.00056,77.4,-0.011781,77.1,0.000561,76.5,0,0,0,0,0,0,0,0,0,-0,73.5,0.000561,82.8,-0.003366,78.9,-0,79,-0,79.8,-0.021879,79.9,0,0,-0.033666,0,77.3333333333,12,False,0,True,0,linear,normal_operation,stationary_sub_kw_zero_drift,True,,excluded,stationary_only_without_sailing_task
2024-07-02 17:39:20,7月2日14_00_7月2日18_00,0,0,0,0,0,0,0,0,0.000559,76.2,0.000559,70.3,0.00056,76.6,0.00056,77.4,-0.010098,77.1,0.000561,76.5,0,0,0,0,0,0,0,0,0,-0,73.5,0.000561,82.8,-0.003927,78.9,-0,79,-0,79.8,-0.021879,79.9,0,0,-0.032544,0,77.3333333333,12,False,0,True,0,linear,normal_operation,stationary_sub_kw_zero_drift,True,,excluded,stationary_only_without_sailing_task
2024-07-02 17:39:50,7月2日14_00_7月2日18_00,0,0,0,0,0,0,0,0,0.000559,76.2,0.000559,70.3,0.00056,76.6,0.00056,77.4,-0.010098,77.1,0.000561,76.5,0,0,0,0,0,0,0,0,0,-0,73.5,0.000561,82.8,-0.005049,78.9,-0,79,-0,79.8,-0.021879,79.9,0,0,-0.033666,0,77.3333333333,12,False,0,True,0,linear,normal_operation,stationary_sub_kw_zero_drift,True,,excluded,stationary_only_without_sailing_task
2024-07-02 17:40:20,7月2日14_00_7月2日18_00,0,0,0,0,0,0,0,0,0.000559,76.2,0.000559,70.3,0.00056,76.6,0.00056,77.4,-0.010098,77.1,0.000561,76.5,0,0,0,0,0,0,0,0,0,-0,73.5,0.000561,82.8,-0.005049,78.9,-0,79,-0,79.8,-0.021879,79.9,0,0,-0.033666,0,77.3333333333,12,False,0,True,0,linear,normal_operation,stationary_sub_kw_zero_drift,True,,excluded,stationary_only_without_sailing_task
2024-07-02 17:40:50,7月2日14_00_7月2日18_00,0,0,0,0,0,0,0,0,0.000559,76.2,0.000559,70.3,0.00056,76.6,0.00056,77.4,-0.011781,77.1,0.000561,76.5,0,0,0,0,0,0,0,0,0,-0,73.5,0.000561,82.8,-0.005049,78.9,-0,79,-0,79.8,-0.021318,79.9,0,0,-0.034788,0,77.3333333333,12,False,0,True,0,linear,normal_operation,stationary_sub_kw_zero_drift,True,,excluded,stationary_only_without_sailing_task
2024-07-02 17:41:20,7月2日14_00_7月2日18_00,0,0,0,0,0,0,0,0,0.000559,76.2,0.000559,70.3,0.00056,76.6,0.00056,77.4,-0.011781,77.1,0.000561,76.5,0,0,0,0,0,0,0,0,0,-0,73.5,0.000561,82.8,-0.005049,78.9,-0,79,-0,79.8,-0.021879,79.9,0,0,-0.035349,0,77.3333333333,12,False,0,True,0,linear,normal_operation,stationary_sub_kw_zero_drift,True,,excluded,stationary_only_without_sailing_task
2024-07-02 17:41:50,7月2日14_00_7月2日18_00,0,0,0,0,0,0,0,0,0.000559,76.2,0.000559,70.3,0.00056,76.6,0.00056,77.4,-0.010098,77.1,0.000561,76.5,0,0,0,0,0,0,0,0,0,-0,73.5,0.000561,82.8,-0.005049,78.9,-0,79,-0,79.8,-0.021879,79.9,0,0,-0.033666,0,77.3333333333,12,False,0,True,0,linear,normal_operation,stationary_sub_kw_zero_drift,True,,excluded,stationary_only_without_sailing_task
2024-07-02 17:42:20,7月2日14_00_7月2日18_00,0,0,0,0,0,0,0,0,0.000559,76.2,0.000559,70.3,0.00056,76.6,0.00056,77.4,-0.01122,77.1,0.000561,76.5,0,0,0,0,0,0,0,0,0,-0,73.5,0.000561,82.8,-0.005049,78.9,-0,79,-0,79.8,-0.021879,79.9,0,0,-0.034788,0,77.3333333333,12,False,0,True,0,linear,normal_operation,stationary_sub_kw_zero_drift,True,,excluded,stationary_only_without_sailing_task
2024-07-02 17:42:50,7月2日14_00_7月2日18_00,0,0,0,0,0,0,0,0,0.000559,76.2,0.000559,70.3,0.00056,76.6,0.00056,77.4,-0.010098,77.1,0.000561,76.5,0,0,0,0,0,0,0,0,0,-0,73.5,0.000561,82.8,-0.005049,78.9,-0,79,-0,79.8,-0.021879,79.9,0,0,-0.033666,0,77.3333333333,12,False,0,True,0,linear,normal_operation,stationary_sub_kw_zero_drift,True,,excluded,stationary_only_without_sailing_task
2024-07-02 17:43:20,7月2日14_00_7月2日18_00,0,0,0,0,0,0,0,0,0.000559,76.2,0.000559,70.3,0.00056,76.6,0.00056,77.4,-0.010098,77.1,0.000561,76.5,0,0,0,0,0,0,0,0,0,-0,73.5,0.000561,82.8,-0.005049,78.9,-0,79,-0,79.8,-0.021879,79.9,0,0,-0.033666,0,77.3333333333,12,False,0,True,0,linear,normal_operation,stationary_sub_kw_zero_drift,True,,excluded,stationary_only_without_sailing_task
2024-07-02 17:43:50,7月2日14_00_7月2日18_00,0,0,0,0,0,0,0,0,0.000559,76.2,0.000559,70.3,0.00056,76.6,0.00056,77.4,-0.011781,77.1,0.000561,76.5,0,0,0,0,0,0,0,0,0,-0,73.5,0.000561,82.8,-0.005049,78.9,-0,79,-0,79.8,-0.021879,79.9,0,0,-0.035349,0,77.3333333333,12,False,0,True,0,linear,normal_operation,stationary_sub_kw_zero_drift,True,,excluded,stationary_only_without_sailing_task
2024-07-02 17:44:20,7月2日14_00_7月2日18_00,0,0,0,0,0,0,0,0,0.000559,76.2,0.000559,70.3,0.00056,76.6,0.00056,77.4,-0.011781,77.1,0.000561,76.5,0,0,0,0,0,0,0,0,0,-0,73.5,0.000561,82.8,-0.00561,78.9,-0,79,-0,79.8,-0.021879,79.9,0,0,-0.03591,0,77.3333333333,12,False,0,True,0,linear,normal_operation,stationary_sub_kw_zero_drift,True,,excluded,stationary_only_without_sailing_task
2024-07-02 17:44:50,7月2日14_00_7月2日18_00,0,0,0,0,0,0,0,0,0.000559,76.2,0.000559,70.3,0.00056,76.6,0.00056,77.4,-0.011781,77.1,0.000561,76.5,0,0,0,0,0,0,0,0,0,-0,73.5,0.000561,82.8,-0.005049,78.9,-0,79,-0,79.8,-0.021879,79.9,0,0,-0.035349,0,77.3333333333,12,False,0,True,0,linear,normal_operation,stationary_sub_kw_zero_drift,True,,excluded,stationary_only_without_sailing_task
2024-07-02 17:45:20,7月2日14_00_7月2日18_00,0,0,0,0,0,0,0,0,0.000559,76.2,0.000559,70.3,0.00056,76.6,0.00056,77.4,-0.011781,77.1,0.000561,76.5,0,0,0,0,0,0,0,0,0,-0,73.5,0.000561,82.8,-0.006171,78.9,-0,79,-0,79.8,-0.021879,79.9,0,0,-0.036471,0,77.3333333333,12,False,0,True,0,linear,normal_operation,stationary_sub_kw_zero_drift,True,,excluded,stationary_only_without_sailing_task
2024-07-02 17:45:50,7月2日14_00_7月2日18_00,0,0,0,0,0,0,0,0,0.000559,76.2,0.000559,70.3,0.00056,76.6,0.00056,77.4,-0.011781,77.1,0.000561,76.5,0,0,0,0,0,0,0,0,0,-0,73.5,0.000561,82.8,-0.006732,78.9,-0,79,-0,79.8,-0.021879,79.9,0,0,-0.037032,0,77.3333333333,12,False,0,True,0,linear,normal_operation,stationary_sub_kw_zero_drift,True,,excluded,stationary_only_without_sailing_task
2024-07-02 17:46:20,7月2日14_00_7月2日18_00,0,0,0,0,0,0,0,0,0.000559,76.2,0.000559,70.3,0.00056,76.6,0.00056,77.4,-0.011781,77.1,0.000561,76.5,0,0,0,0,0,0,0,0,0,-0,73.5,0.000561,82.8,-0.006732,78.9,-0,79,-0,79.8,-0.021879,79.9,0,0,-0.037032,0,77.3333333333,12,False,0,True,0,linear,normal_operation,stationary_sub_kw_zero_drift,True,,excluded,stationary_only_without_sailing_task
2024-07-02 17:46:50,7月2日14_00_7月2日18_00,0,0,0,0,0,0,0,0,0.000559,76.2,0.000559,70.3,0.00056,76.6,0.00056,77.4,-0.011781,77.1,0.000561,76.5,0,0,0,0,0,0,0,0,0,-0,73.5,0.000561,82.8,-0.006732,78.9,-0,79,-0,79.8,-0.021879,79.9,0,0,-0.037032,0,77.3333333333,12,False,0,True,0,linear,normal_operation,stationary_sub_kw_zero_drift,True,,excluded,stationary_only_without_sailing_task
2024-07-02 17:47:20,7月2日14_00_7月2日18_00,0,0,0,0,0,0,0,0,0.000559,76.2,0.000559,70.3,0.00056,76.6,0.00056,77.4,-0.011781,77.1,0.000561,76.5,0,0,0,0,0,0,0,0,0,-0,73.5,0.000561,82.8,-0.006732,78.9,-0.001122,79,-0,79.8,-0.021879,79.9,0,0,-0.038154,0,77.3333333333,12,False,0,True,0,linear,normal_operation,stationary_sub_kw_zero_drift,True,,excluded,stationary_only_without_sailing_task
2024-07-02 17:47:50,7月2日14_00_7月2日18_00,0,0,0,0,0,0,0,0,0.000559,76.2,0.000559,70.3,0.00056,76.6,0.00056,77.4,-0.011781,77.1,0.000561,76.5,0,0,0,0,0,0,0,0,0,-0,73.5,0.000561,82.8,-0.006732,78.9,-0.001122,79,-0,79.8,-0.021879,79.9,0,0,-0.038154,0,77.3333333333,12,False,0,True,0,linear,normal_operation,stationary_sub_kw_zero_drift,True,,excluded,stationary_only_without_sailing_task
2024-07-02 17:48:20,7月2日14_00_7月2日18_00,0,0,0,0,0,0,0,0,0.000559,76.2,0.000559,70.3,0.00056,76.6,0.00056,77.4,-0.011781,77.1,0.000561,76.5,0,0,0,0,0,0,0,0,0,-0,73.5,0.000561,82.8,-0.006732,78.9,-0.001122,79,-0,79.8,-0.021879,79.9,0,0,-0.038154,0,77.3333333333,12,False,0,True,0,linear,normal_operation,stationary_sub_kw_zero_drift,True,,excluded,stationary_only_without_sailing_task
2024-07-02 17:48:50,7月2日14_00_7月2日18_00,0,0,0,0,0,0,0,0,0.000559,76.2,0.000559,70.3,0.00056,76.6,0.00056,77.4,-0.011781,77.1,0.000561,76.5,0,0,0,0,0,0,0,0,0,-0,73.5,0.000561,82.8,-0.005049,78.9,-0.001122,79,-0,79.8,-0.023001,79.9,0,0,-0.037593,0,77.3333333333,12,False,0,True,0,linear,normal_operation,stationary_sub_kw_zero_drift,True,,excluded,stationary_only_without_sailing_task
2024-07-02 17:49:20,7月2日14_00_7月2日18_00,0,0,0,0,0,0,0,0,0.000559,76.2,0.000559,70.3,0.00056,76.6,0.00056,77.4,-0.011781,77.1,0.000561,76.5,0,0,0,0,0,0,0,0,0,-0,73.5,0.000561,82.8,-0.006732,78.9,-0.001122,79,-0,79.8,-0.02244,79.9,0,0,-0.038715,0,77.3333333333,12,False,0,True,0,linear,normal_operation,stationary_sub_kw_zero_drift,True,,excluded,stationary_only_without_sailing_task
2024-07-02 17:49:50,7月2日14_00_7月2日18_00,0,0,0,0,0,0,0,0,0.000559,76.2,0.000559,70.3,0.00056,76.6,0.00056,77.4,-0.011781,77.1,0.000561,76.5,0,0,0,0,0,0,0,0,0,-0,73.5,0.000561,82.8,-0.00561,78.9,-0.001122,79,-0,79.8,-0.023562,79.9,0,0,-0.038715,0,77.3333333333,12,False,0,True,0,linear,normal_operation,stationary_sub_kw_zero_drift,True,,excluded,stationary_only_without_sailing_task
2024-07-02 17:50:20,7月2日14_00_7月2日18_00,0,0,0,0,0,0,0,0,0.000559,76.2,0.000559,70.3,0.00056,76.6,0.00056,77.4,-0.011781,77.1,0.000561,76.5,0,0,0,0,0,0,0,0,0,-0,73.5,0.000561,82.8,-0.005049,78.9,-0.001122,79,-0,79.8,-0.023562,79.9,0,0,-0.038154,0,77.3333333333,12,False,0,True,0,linear,normal_operation,stationary_sub_kw_zero_drift,True,,excluded,stationary_only_without_sailing_task
2024-07-02 17:50:50,7月2日14_00_7月2日18_00,0,0,0,0,0,0,0,0,0.000559,76.2,0.000559,70.3,0.00056,76.6,0.00056,77.4,-0.011781,77.1,0.000561,76.5,0,0,0,0,0,0,0,0,0,-0,73.5,0.000561,82.8,-0.00561,78.9,-0.001122,79,-0,79.8,-0.023562,79.9,0,0,-0.038715,0,77.3333333333,12,False,0,True,0,linear,normal_operation,stationary_sub_kw_zero_drift,True,,excluded,stationary_only_without_sailing_task
2024-07-02 17:51:20,7月2日14_00_7月2日18_00,0,0,0,0,0,0,0,0,0.000559,76.2,0.000559,70.3,0.00056,76.6,0.00056,77.4,-0.011781,77.1,0.000561,76.5,0,0,0,0,0,0,0,0,0,-0,73.5,0.000561,82.8,-0.006732,78.9,-0.001122,79,-0,79.8,-0.023562,79.9,0,0,-0.039837,0,77.3333333333,12,False,0,True,0,linear,normal_operation,stationary_sub_kw_zero_drift,True,,excluded,stationary_only_without_sailing_task
2024-07-02 17:51:50,7月2日14_00_7月2日18_00,0,0,0,0,0,0,0,0,0.000559,76.2,0.000559,70.3,0.00056,76.6,0.00056,77.4,-0.011781,77.1,0.000561,76.5,0,0,0,0,0,0,0,0,0,-0,73.5,0.000561,82.8,-0.006732,78.9,-0.001122,79,-0,79.8,-0.023562,79.9,0,0,-0.039837,0,77.3333333333,12,False,0,True,0,linear,normal_operation,stationary_sub_kw_zero_drift,True,,excluded,stationary_only_without_sailing_task
2024-07-02 17:52:20,7月2日14_00_7月2日18_00,0,0,0,0,0,0,0,0,0.000559,76.2,0.000559,70.3,0.00056,76.6,0.00056,77.4,-0.010659,77.1,0.000561,76.5,0,0,0,0,0,0,0,0,0,-0,73.5,0.000561,82.8,-0.006732,78.9,-0.001122,79,-0.001122,79.8,-0.023562,79.9,0,0,-0.039837,0,77.3333333333,12,False,0,True,0,linear,normal_operation,stationary_sub_kw_zero_drift,True,,excluded,stationary_only_without_sailing_task
2024-07-02 17:52:50,7月2日14_00_7月2日18_00,0,0,0,0,0,0,0,0,0.000559,76.2,0.000559,70.3,0.00056,76.6,0.00056,77.4,-0.011781,77.1,0.000561,76.5,0,0,0,0,0,0,0,0,0,-0,73.5,0.000561,82.8,-0.006732,78.9,-0.001122,79,-0.000561,79.8,-0.023562,79.9,0,0,-0.040398,0,77.3333333333,12,False,0,True,0,linear,normal_operation,stationary_sub_kw_zero_drift,True,,excluded,stationary_only_without_sailing_task
2024-07-02 17:53:20,7月2日14_00_7月2日18_00,0,0,0,0,0,0,0,0,0.000559,76.2,0.000559,70.3,0.00056,76.6,0.00056,77.4,-0.011781,77.1,0.000561,76.5,0,0,0,0,0,0,0,0,0,-0,73.5,0.000561,82.8,-0.006732,78.9,-0.001683,79,-0,79.8,-0.024123,79.9,0,0,-0.040959,0,77.3333333333,12,False,0,True,0,linear,normal_operation,stationary_sub_kw_zero_drift,True,,excluded,stationary_only_without_sailing_task
2024-07-02 17:53:50,7月2日14_00_7月2日18_00,0,0,0,0,0,0,0,0,0.000559,76.2,0.000559,70.3,0.00056,76.6,0.00056,77.4,-0.011781,77.1,0.000561,76.5,0,0,0,0,0,0,0,0,0,-0,73.5,0.000561,82.8,-0.006732,78.9,-0.001122,79,-0,79.8,-0.023562,79.9,0,0,-0.039837,0,77.3333333333,12,False,0,True,0,linear,normal_operation,stationary_sub_kw_zero_drift,True,,excluded,stationary_only_without_sailing_task
2024-07-02 17:54:20,7月2日14_00_7月2日18_00,0,0,0,0,0,0,0,0,0.000559,76.2,0.000559,70.3,0.00056,76.6,0.00056,77.4,-0.011781,77.1,0.000561,76.5,0,0,0,0,0,0,0,0,0,-0,73.5,0.000561,82.8,-0.006732,78.9,-0.001122,79,-0.000561,79.8,-0.023562,79.9,0,0,-0.040398,0,77.3333333333,12,False,0,True,0,linear,normal_operation,stationary_sub_kw_zero_drift,True,,excluded,stationary_only_without_sailing_task
2024-07-02 17:54:50,7月2日14_00_7月2日18_00,0,0,0,0,0,0,0,0,0.000559,76.2,0.000559,70.3,0.00056,76.6,0.00056,77.4,-0.011781,77.1,0.000561,76.5,0,0,0,0,0,0,0,0,0,-0,73.5,0.000561,82.8,-0.006732,78.9,-0.001122,79,-0,79.8,-0.023562,79.9,0,0,-0.039837,0,77.3333333333,12,False,0,True,0,linear,normal_operation,stationary_sub_kw_zero_drift,True,,excluded,stationary_only_without_sailing_task
2024-07-02 17:55:20,7月2日14_00_7月2日18_00,0,0,0,0,0,0,0,0,0.000559,76.2,0.000559,70.3,0.00056,76.6,0.00056,77.4,-0.011781,77.1,0.000561,76.5,0,0,0,0,0,0,0,0,0,-0,73.5,0.000561,82.8,-0.006732,78.9,-0.001122,79,-0,79.8,-0.023562,79.9,0,0,-0.039837,0,77.3333333333,12,False,0,True,0,linear,normal_operation,stationary_sub_kw_zero_drift,True,,excluded,stationary_only_without_sailing_task
2024-07-02 17:55:50,7月2日14_00_7月2日18_00,0,0,0,0,0,0,0,0,0.000559,76.2,0.000559,70.3,0.00056,76.6,0.00056,77.4,-0.011781,77.1,0.000561,76.5,0,0,0,0,0,0,0,0,0,-0,73.5,0.000561,82.8,-0.006732,78.9,-0.001122,79,-0.001122,79.8,-0.023562,79.9,0,0,-0.040959,0,77.3333333333,12,False,0,True,0,linear,normal_operation,stationary_sub_kw_zero_drift,True,,excluded,stationary_only_without_sailing_task
2024-07-02 17:56:20,7月2日14_00_7月2日18_00,0,0,0,0,0,0,0,0,0.000559,76.2,0.000559,70.3,0.00056,76.6,0.00056,77.4,-0.011781,77.1,0.000561,76.5,0,0,0,0,0,0,0,0,0,-0,73.5,0.000561,82.8,-0.006732,78.9,-0.002244,79,-0.000561,79.8,-0.023562,79.9,0,0,-0.04152,0,77.3333333333,12,False,0,True,0,linear,normal_operation,stationary_sub_kw_zero_drift,True,,excluded,stationary_only_without_sailing_task
2024-07-02 17:56:50,7月2日14_00_7月2日18_00,0,0,0,0,0,0,0,0,0.000559,76.2,0.000559,70.3,0.00056,76.6,0.00056,77.4,-0.011781,77.1,0.000561,76.5,0,0,0,0,0,0,0,0,0,-0,73.5,0.000561,82.8,-0.006732,78.9,-0.002805,79,-0,79.8,-0.024684,79.9,0,0,-0.042642,0,77.3333333333,12,False,0,True,0,linear,normal_operation,stationary_sub_kw_zero_drift,True,,excluded,stationary_only_without_sailing_task
2024-07-02 17:57:20,7月2日14_00_7月2日18_00,0,0,0,0,0,0,0,0,0.000559,76.2,0.000559,70.3,0.00056,76.6,0.00056,77.4,-0.011781,77.1,0.000561,76.5,0,0,0,0,0,0,0,0,0,-0,73.5,0.000561,82.8,-0.006732,78.9,-0.002805,79,-0,79.8,-0.025245,79.9,0,0,-0.043203,0,77.3333333333,12,False,0,True,0,linear,normal_operation,stationary_sub_kw_zero_drift,True,,excluded,stationary_only_without_sailing_task
2024-07-02 17:57:50,7月2日14_00_7月2日18_00,0,0,0,0,0,0,0,0,0.000559,76.2,0.000559,70.3,0.00056,76.6,0.00056,77.4,-0.011781,77.1,0.000561,76.5,0,0,0,0,0,0,0,0,0,-0,73.5,0.000561,82.8,-0.006732,78.9,-0.002805,79,-0.000561,79.8,-0.023562,79.9,0,0,-0.042081,0,77.3333333333,12,False,0,True,0,linear,normal_operation,stationary_sub_kw_zero_drift,True,,excluded,stationary_only_without_sailing_task
2024-07-02 17:58:20,7月2日14_00_7月2日18_00,0,0,0,0,0,0,0,0,0.000559,76.2,0.000559,70.3,0.00056,76.6,0.00056,77.4,-0.012342,77.1,0.000561,76.5,0,0,0,0,0,0,0,0,0,-0,73.5,0.000561,82.8,-0.007854,78.9,-0.002805,79,-0.000561,79.8,-0.025245,79.9,0,0,-0.045447,0,77.3333333333,12,False,0,True,0,linear,normal_operation,stationary_sub_kw_zero_drift,True,,excluded,stationary_only_without_sailing_task
2024-07-02 17:58:50,7月2日14_00_7月2日18_00,0,0,0,0,0,0,0,0,0.000559,76.2,0.000559,70.3,0.00056,76.6,0.00056,77.4,-0.011781,77.1,0.000561,76.5,0,0,0,0,0,0,0,0,0,-0,73.5,0.000561,82.8,-0.007854,78.9,-0.002805,79,-0.001122,79.8,-0.025245,79.9,0,0,-0.045447,0,77.3333333333,12,False,0,True,0,linear,normal_operation,stationary_sub_kw_zero_drift,True,,excluded,stationary_only_without_sailing_task
2024-07-02 17:59:20,7月2日14_00_7月2日18_00,0,0,0,0,0,0,0,0,0.000559,76.2,0.000559,70.3,0.00056,76.6,0.00056,77.4,-0.011781,77.1,0.000561,76.5,0,0,0,0,0,0,0,0,0,-0,73.5,0.000561,82.8,-0.008415,78.9,-0.002805,79,-0.001122,79.8,-0.025245,79.9,0,0,-0.046008,0,77.3333333333,12,False,0,True,0,linear,normal_operation,stationary_sub_kw_zero_drift,True,,excluded,stationary_only_without_sailing_task
2024-07-02 17:59:50,7月2日14_00_7月2日18_00,0,0,0,0,0,0,0,0,0.000559,76.2,0.000559,70.3,0.00056,76.6,0.00056,77.4,-0.011781,77.1,0.000561,76.5,0,0,0,0,0,0,0,0,0,-0,73.5,0.000561,82.8,-0.008415,78.9,-0.002805,79,-0.001122,79.8,-0.024684,79.9,0,0,-0.045447,0,77.3333333333,12,False,0,True,0,nearest,normal_operation,stationary_sub_kw_zero_drift,True,,excluded,stationary_only_without_sailing_task
