timestamp,parent,左氢燃料电池#1_kw,左氢燃料电池#1_stopped,左氢燃料电池#2_kw,左氢燃料电池#2_stopped,左氢燃料电池#3_kw,左氢燃料电池#3_stopped,左氢燃料电池#4_kw,左氢燃料电池#4_stopped,左电池簇1_kw,左电池簇1_soc,左电池簇2_kw,左电池簇2_soc,左电池簇3_kw,左电池簇3_soc,左电池簇4_kw,左电池簇4_soc,左电池簇5_kw,左电池簇5_soc,左电池簇6_kw,左电池簇6_soc,左逆变电源_kw,右氢燃料电池#1_kw,右氢燃料电池#1_stopped,右氢燃料电池#2_kw,右氢燃料电池#2_stopped,右氢燃料电池#3_kw,右氢燃料电池#3_stopped,右氢燃料电池#4_kw,右氢燃料电池#4_stopped,右电池簇1_kw,右电池簇1_soc,右电池簇2_kw,右电池簇2_soc,右电池簇3_kw,右电池簇3_soc,右电池簇4_kw,右电池簇4_soc,右电池簇5_kw,右电池簇5_soc,右电池簇6_kw,右电池簇6_soc,右逆变电源_kw,fc_total_kw,battery_total_kw,load_total_kw,soc_mean_pct,soc_channel_count,fc_all_stopped,inverter_total_kw,aligned,speed_kn,speed_source,state_class,correction,eligible,sample_id,disposition,reason
2024-04-25 08:00:26,4月25日08_00_4月25日18_00,0,0,0,0,0,0,0,0,0.000561,98,0.000561,89.9,0.000561,84.5,0.000561,95.9,-0.027024,98,0.000563,98,0,0,0,0,0,0,0,0,0,0.000561,95.8,0.143872,98,-0.04777,97.2,-0.04245,96.5,-0.013488,94.9,-0.05058,95.7,0,0,-0.034072,0,95.2,12,False,0,True,0,linear,normal_operation,stationary_sub_kw_zero_drift,True,,excluded,stationary_only_without_sailing_task
2024-04-25 08:00:56,4月25日08_00_4月25日18_00,0,0,0,0,0,0,0,0,0.000561,98,0.000561,89.9,0.000561,84.5,0.000561,95.9,-0.027587,98,0.000563,98,0,0,0,0,0,0,0,0,0,0.000561,95.8,0.143872,98,-0.04777,97.2,-0.04245,96.5,-0.013488,94.9,-0.05058,95.7,0,0,-0.034635,0,95.2,12,False,0,True,0,linear,normal_operation,stationary_sub_kw_zero_drift,True,,excluded,stationary_only_without_sailing_task
2024-04-25 08:01:26,4月25日08_00_4月25日18_00,0,0,0,0,0,0,0,0,0.000561,98,0.000561,89.9,0.000561,84.5,0.000561,95.9,-0.027024,98,0.000563,98,0,0,0,0,0,0,0,0,0,0.000561,95.8,0.143872,98,-0.048332,97.2,-0.04245,96.5,-0.013488,94.9,-0.05058,95.7,0,0,-0.034634,0,95.2,12,False,0,True,0,linear,normal_operation,stationary_sub_kw_zero_drift,True,,excluded,stationary_only_without_sailing_task
2024-04-25 08:01:56,4月25日08_00_4月25日18_00,0,0,0,0,0,0,0,0,0.000561,98,0.000561,89.9,0.000561,84.5,0.000561,95.9,-0.027024,98,0.000563,98,0,0,0,0,0,0,0,0,0,0.000561,95.8,0.143872,98,-0.04777,97.2,-0.04245,96.5,-0.013488,94.9,-0.05058,95.7,0,0,-0.034072,0,95.2,12,False,0,True,0,linear,normal_operation,stationary_sub_kw_zero_drift,True,,excluded,stationary_only_without_sailing_task
2024-04-25 08:02:26,4月25日08_00_4月25日18_00,0,0,0,0,0,0,0,0,0.000561,98,0.000561,89.9,0.000561,84.5,0.000561,95.9,-0.026461,98,0.000563,98,0,0,0,0,0,0,0,0,0,0.000561,95.8,0.143872,98,-0.04777,97.2,-0.04245,96.5,-0.012926,94.9,-0.05058,95.7,0,0,-0.032947,0,95.2,12,False,0,True,0,linear,normal_operation,stationary_sub_kw_zero_drift,True,,excluded,stationary_only_without_sailing_task
2024-04-25 08:02:56,4月25日08_00_4月25日18_00,0,0,0,0,0,0,0,0,0.000561,98,0.000561,89.9,0.000561,84.5,0.000561,95.9,-0.026461,98,0.000563,98,0,0,0,0,0,0,0,0,0,0.000561,95.8,0.143872,98,-0.04777,97.2,-0.04245,96.5,-0.011802,94.9,-0.05058,95.7,0,0,-0.031823,0,95.2,12,False,0,True,0,linear,normal_operation,stationary_sub_kw_zero_drift,True,,excluded,stationary_only_without_sailing_task
2024-04-25 08:03:26,4月25日08_00_4月25日18_00,0,0,0,0,0,0,0,0,0.000561,98,0.000561,89.9,0.000561,84.5,0.000561,95.9,-0.027024,98,0.000563,98,0,0,0,0,0,0,0,0,0,0.000561,95.8,0.143872,98,-0.04777,97.2,-0.04245,96.5,-0.013488,94.9,-0.05058,95.7,0,0,-0.034072,0,95.2,12,False,0,True,0,linear,normal_operation,stationary_sub_kw_zero_drift,True,,excluded,stationary_only_without_sailing_task
2024-04-25 08:03:56,4月25日08_00_4月25日18_00,0,0,0,0,0,0,0,0,0.000561,98,0.000561,89.9,0.000561,84.5,0.000561,95.9,-0.027024,98,0.000563,98,0,0,0,0,0,0,0,0,0,0.000561,95.8,0.143872,98,-0.04777,97.2,-0.04245,96.5,-0.012926,94.9,-0.05058,95.7,0,0,-0.03351,0,95.2,12,False,0,True,0,linear,normal_operation,stationary_sub_kw_zero_drift,True,,excluded,stationary_only_without_sailing_task
2024-04-25 08:04:26,4月25日08_00_4月25日18_00,0,0,0,0,0,0,0,0,0.000561,98,0.000561,89.9,0.000561,84.5,0.000561,95.9,-0.027587,98,0.000563,98,0,0,0,0,0,0,0,0,0,0.000561,95.8,0.143872,98,-0.04777,97.2,-0.04245,96.5,-0.012926,94.9,-0.05058,95.7,0,0,-0.034073,0,95.2,12,False,0,True,0,linear,normal_operation,stationary_sub_kw_zero_drift,True,,excluded,stationary_only_without_sailing_task
2024-04-25 08:04:56,4月25日08_00_4月25日18_00,0,0,0,0,0,0,0,0,0.000561,98,0.000561,89.9,0.000561,84.5,0.000561,95.9,-0.027587,98,0.000563,98,0,0,0,0,0,0,0,0,0,0.000561,95.8,0.143872,98,-0.04777,97.2,-0.04245,96.5,-0.013488,94.9,-0.05058,95.7,0,0,-0.034635,0,95.2,12,False,0,True,0,linear,normal_operation,stationary_sub_kw_zero_drift,True,,excluded,stationary_only_without_sailing_task
2024-04-25 08:05:26,4月25日08_00_4月25日18_00,0,0,0,0,0,0,0,0,0.000561,98,0.000561,89.9,0.000561,84.5,0.000561,95.9,-0.027587,98,0.000563,98,0,0,0,0,0,0,0,0,0,0.000561,95.8,0.143872,98,-0.04777,97.2,-0.04245,96.5,-0.013488,94.9,-0.05058,95.7,0,0,-0.034635,0,95.2,12,False,0,True,0,linear,normal_operation,stationary_sub_kw_zero_drift,True,,excluded,stationary_only_without_sailing_task
2024-04-25 08:05:56,4月25日08_00_4月25日18_00,0,0,0,0,0,0,0,0,0.000561,98,0.000561,89.9,0.000561,84.5,0.000561,95.9,-0.027587,98,0.000563,98,0,0,0,0,0,0,0,0,0,0.000561,95.8,0.143872,98,-0.04777,97.2,-0.04245,96.5,-0.013488,94.9,-0.05058,95.7,0,0,-0.034635,0,95.2,12,False,0,True,0,linear,normal_operation,stationary_sub_kw_zero_drift,True,,excluded,stationary_only_without_sailing_task
2024-04-25 08:06:26,4月25日08_00_4月25日18_00,0,0,0,0,0,0,0,0,0.000561,98,0.000561,89.9,0.000561,84.5,0.000561,95.9,-0.027587,98,0.000563,98,0,0,0,0,0,0,0,0,0,0.000561,95.8,0.143872,98,-0.04777,97.2,-0.043016,96.5,-0.013488,94.9,-0.05058,95.7,0,0,-0.035201,0,95.2,12,False,0,True,0,linear,normal_operation,stationary_sub_kw_zero_drift,True,,excluded,stationary_only_without_sailing_task
2024-04-25 08:06:56,4月25日08_00_4月25日18_00,0,0,0,0,0,0,0,0,0.000561,98,0.000561,89.9,0.000561,84.5,0.000561,95.9,-0.027587,98,0.000563,98,0,0,0,0,0,0,0,0,0,0.000561,95.8,0.143872,98,-0.04777,97.2,-0.04245,96.5,-0.013488,94.9,-0.05058,95.7,0,0,-0.034635,0,95.2,12,False,0,True,0,linear,normal_operation,stationary_sub_kw_zero_drift,True,,excluded,stationary_only_without_sailing_task
2024-04-25 08:07:26,4月25日08_00_4月25日18_00,0,0,0,0,0,0,0,0,0.000561,98,0.000561,89.9,0.000561,84.5,0.000561,95.9,-0.027587,98,0.000563,98,0,0,0,0,0,0,0,0,0,0.000561,95.8,0.143872,98,-0.04777,97.2,-0.04245,96.5,-0.013488,94.9,-0.05058,95.7,0,0,-0.034635,0,95.2,12,False,0,True,0,linear,normal_operation,stationary_sub_kw_zero_drift,True,,excluded,stationary_only_without_sailing_task
2024-04-25 08:07:56,4月25日08_00_4月25日18_00,0,0,0,0,0,0,0,0,0.000561,98,0.000561,89.9,0.000561,84.5,0.000561,95.9,-0.027587,98,0.000563,98,0,0,0,0,0,0,0,0,0,0.000561,95.8,0.143872,98,-0.04777,97.2,-0.04245,96.5,-0.013488,94.9,-0.05058,95.7,0,0,-0.034635,0,95.2,12,False,0,True,0,linear,normal_operation,stationary_sub_kw_zero_drift,True,,excluded,stationary_only_without_sailing_task
2024-04-25 08:08:26,4月25日08_00_4月25日18_00,0,0,0,0,0,0,0,0,0.000561,98,0.000561,89.9,0.000561,84.5,0.000561,95.9,-0.027587,98,0.000563,98,0,0,0,0,0,0,0,0,0,0.000561,95.8,0.143872,98,-0.04777,97.2,-0.04245,96.5,-0.013488,94.9,-0.05058,95.7,0,0,-0.034635,0,95.2,12,False,0,True,0,linear,normal_operation,stationary_sub_kw_zero_drift,True,,excluded,stationary_only_without_sailing_task
2024-04-25 08:08:56,4月25日08_00_4月25日18_00,0,0,0,0,0,0,0,0,0.000561,98,0.000561,89.9,0.000561,84.5,0.000561,95.9,-0.027587,98,0.000563,98,0,0,0,0,0,0,0,0,0,0.000561,95.8,0.143872,98,-0.04777,97.2,-0.04245,96.5,-0.013488,94.9,-0.05058,95.7,0,0,-0.034635,0,95.2,12,False,0,True,0,linear,normal_operation,stationary_sub_kw_zero_drift,True,,excluded,stationary_only_without_sailing_task
2024-04-25 08:09:26,4月25日08_00_4月25日18_00,0,0,0,0,0,0,0,0,0.000561,98,0.000561,89.9,0.000561,84.5,0.000561,95.9,-0.027587,98,0.000563,98,0,0,0,0,0,0,0,0,0,0.000561,95.8,0.143872,98,-0.04777,97.2,-0.043016,96.5,-0.013488,94.9,-0.05058,95.7,0,0,-0.035201,0,95.2,12,False,0,True,0,linear,normal_operation,stationary_sub_kw_zero_drift,True,,excluded,stationary_only_without_sailing_task
2024-04-25 08:09:56,4月25日08_00_4月25日18_00,0,0,0,0,0,0,0,0,0.000561,98,0.000561,89.9,0.000561,84.5,0.000561,95.9,-0.027587,98,0.000563,98,0,0,0,0,0,0,0,0,0,0.000561,95.8,0.143872,98,-0.04777,97.2,-0.04245,96.5,-0.013488,94.9,-0.05058,95.7,0,0,-0.034635,0,95.2,12,False,0,True,0,linear,normal_operation,stationary_sub_kw_zero_drift,True,,excluded,stationary_only_without_sailing_task
2024-04-25 08:10:26,4月25日08_00_4月25日18_00,0,0,0,0,0,0,0,0,0.000561,98,0.000561,89.9,0.000561,84.5,0.000561,95.9,-0.027587,98,0.000563,98,0,0,0,0,0,0,0,0,0,0.000561,95.8,0.143872,98,-0.048332,97.2,-0.04245,96.5,-0.013488,94.9,-0.05058,95.7,0,0,-0.035197,0,95.2,12,False,0,True,0,linear,normal_operation,stationary_sub_kw_zero_drift,True,,excluded,stationary_only_without_sailing_task
2024-04-25 08:10:56,4月25日08_00_4月25日18_00,0,0,0,0,0,0,0,0,0.000561,98,0.000561,89.9,0.000561,84.5,0.000561,95.9,-0.027587,98,0.000563,98,0,0,0,0,0,0,0,0,0,0.000561,95.8,0.143872,98,-0.048332,97.2,-0.04245,96.5,-0.013488,94.9,-0.05058,95.7,0,0,-0.035197,0,95.2,12,False,0,True,0,linear,normal_operation,stationary_sub_kw_zero_drift,True,,excluded,stationary_only_without_sailing_task
2024-04-25 08:11:26,4月25日08_00_4月25日18_00,0,0,0,0,0,0,0,0,0.000561,98,0.000561,89.9,0.000561,84.5,0.000561,95.9,-0.027587,98,0.000563,98,0,0,0,0,0,0,0,0,0,0.000561,95.8,0.143872,98,-0.04777,97.2,-0.04245,96.5,-0.013488,94.9,-0.05058,95.7,0,0,-0.034635,0,95.2,12,False,0,True,0,linear,normal_operation,stationary_sub_kw_zero_drift,True,,excluded,stationary_only_without_sailing_task
2024-04-25 08:11:56,4月25日08_00_4月25日18_00,0,0,0,0,0,0,0,0,0.000561,98,0.000561,89.9,0.000561,84.5,0.000561,95.9,-0.027587,98,0.000563,98,0,0,0,0,0,0,0,0,0,0.000561,95.8,0.143872,98,-0.04777,97.2,-0.04245,96.5,-0.013488,94.9,-0.05058,95.7,0,0,-0.034635,0,95.2,12,False,0,True,0,linear,normal_operation,stationary_sub_kw_zero_drift,True,,excluded,stationary_only_without_sailing_task
2024-04-25 08:12:26,4月25日08_00_4月25日18_00,0,0,0,0,0,0,0,0,0.000561,98,0.000561,89.9,0.000561,84.5,0.000561,95.9,-0.027024,98,0.000563,98,0,0,0,0,0,0,0,0,0,0.000561,95.8,0.143872,98,-0.04777,97.2,-0.04245,96.5,-0.013488,94.9,-0.05058,95.7,0,0,-0.034072,0,95.2,12,False,0,True,0,linear,normal_operation,stationary_sub_kw_zero_drift,True,,excluded,stationary_only_without_sailing_task
2024-04-25 08:12:56,4月25日08_00_4月25日18_00,0,0,0,0,0,0,0,0,0.000561,98,0.000561,89.9,0.000561,84.5,0.000561,95.9,-0.027024,98,0.000563,98,0,0,0,0,0,0,0,0,0,0.000561,95.8,0.143872,98,-0.04777,97.2,-0.044714,96.5,-0.013488,94.9,-0.05058,95.7,0,0,-0.036336,0,95.2,12,False,0,True,0,linear,normal_operation,stationary_sub_kw_zero_drift,True,,excluded,stationary_only_without_sailing_task
2024-04-25 08:13:26,4月25日08_00_4月25日18_00,0,0,0,0,0,0,0,0,0.000561,98,0.000561,89.9,0.000561,84.5,0.000561,95.9,-0.027587,98,0.000563,98,0,0,0,0,0,0,0,0,0,0.000561,95.8,0.143872,98,-0.04777,97.2,-0.04245,96.5,-0.013488,94.9,-0.05058,95.7,0,0,-0.034635,0,95.2,12,False,0,True,0,linear,normal_operation,stationary_sub_kw_zero_drift,True,,excluded,stationary_only_without_sailing_task
2024-04-25 08:13:56,4月25日08_00_4月25日18_00,0,0,0,0,0,0,0,0,0.000561,98,0.000561,89.9,0.000561,84.5,0.000561,95.9,-0.027587,98,0.000563,98,0,0,0,0,0,0,0,0,0,0.000561,95.8,0.143872,98,-0.04777,97.2,-0.04245,96.5,-0.013488,94.9,-0.05058,95.7,0,0,-0.034635,0,95.2,12,False,0,True,0,linear,normal_operation,stationary_sub_kw_zero_drift,True,,excluded,stationary_only_without_sailing_task
2024-04-25 08:14:26,4月25日08_00_4月25日18_00,0,0,0,0,0,0,0,0,0.000561,98,0.000561,89.9,0.000561,84.5,0.000561,95.9,-0.027587,98,0.000563,98,0,0,0,0,0,0,0,0,0,0.000561,95.8,0.143872,98,-0.04777,97.2,-0.04245,96.5,-0.013488,94.9,-0.05058,95.7,0,0,-0.034635,0,95.2,12,False,0,True,0,linear,normal_operation,stationary_sub_kw_zero_drift,True,,excluded,stationary_only_without_sailing_task
2024-04-25 08:14:56,4月25日08_00_4月25日18_00,0,0,0,0,0,0,0,0,0.000561,98,0.000561,89.9,0.000561,84.5,0.000561,95.9,-0.027587,98,0.000563,98,0,0,0,0,0,0,0,0,0,0.000561,95.8,0.143872,98,-0.04777,97.2,-0.044148,96.5,-0.013488,94.9,-0.051142,95.7,0,0,-0.036895,0,95.2,12,False,0,True,0,linear,normal_operation,stationary_sub_kw_zero_drift,True,,excluded,stationary_only_without_sailing_task
2024-04-25 08:15:26,4月25日08_00_4月25日18_00,0,0,0,0,0,0,0,0,0.000561,98,0.000561,89.9,0.000561,84.5,0.000561,95.9,-0.027587,98,0.000563,98,0,0,0,0,0,0,0,0,0,0.000561,95.8,0.143872,98,-0.04777,97.2,-0.04245,96.5,-0.013488,94.9,-0.05058,95.7,0,0,-0.034635,0,95.2,12,False,0,True,0,linear,normal_operation,stationary_sub_kw_zero_drift,True,,excluded,stationary_only_without_sailing_task
2024-04-25 08:15:56,4月25日08_00_4月25日18_00,0,0,0,0,0,0,0,0,0.000561,98,0.000561,89.9,0.000561,84.5,0.000561,95.9,-0.027587,98,0.000563,98,0,0,0,0,0,0,0,0,0,0.000561,95.8,0.143872,98,-0.04777,97.2,-0.04245,96.5,-0.013488,94.9,-0.05058,95.7,0,0,-0.034635,0,95.2,12,False,0,True,0,linear,normal_operation,stationary_sub_kw_zero_drift,True,,excluded,stationary_only_without_sailing_task
2024-04-25 08:16:26,4月25日08_00_4月25日18_00,0,0,0,0,0,0,0,0,0.000561,98,0.000561,89.9,0.000561,84.5,0.000561,95.9,-0.027024,98,0.000563,98,0,0,0,0,0,0,0,0,0,0.000561,95.8,0.143872,98,-0.04777,97.2,-0.044148,96.5,-0.013488,94.9,-0.05058,95.7,0,0,-0.03577,0,95.2,12,False,0,True,0,linear,normal_operation,stationary_sub_kw_zero_drift,True,,excluded,stationary_only_without_sailing_task
2024-04-25 08:16:56,4月25日08_00_4月25日18_00,0,0,0,0,0,0,0,0,0.000561,98,0.000561,89.9,0.000561,84.5,0.000561,95.9,-0.027024,98,0.000563,98,0,0,0,0,0,0,0,0,0,0.000561,95.8,0.143872,98,-0.04777,97.2,-0.044714,96.5,-0.013488,94.9,-0.05058,95.7,0,0,-0.036336,0,95.2,12,False,0,True,0,linear,normal_operation,stationary_sub_kw_zero_drift,True,,excluded,stationary_only_without_sailing_task
2024-04-25 08:17:26,4月25日08_00_4月25日18_00,0,0,0,0,0,0,0,0,0.000561,98,0.000561,89.9,0.000561,84.5,0.000561,95.9,-0.026461,98,0.000563,98,0,0,0,0,0,0,0,0,0,0.000561,95.8,0.143872,98,-0.04777,97.2,-0.04245,96.5,-0.013488,94.9,-0.05058,95.7,0,0,-0.033509,0,95.2,12,False,0,True,0,linear,normal_operation,stationary_sub_kw_zero_drift,True,,excluded,stationary_only_without_sailing_task
2024-04-25 08:17:56,4月25日08_00_4月25日18_00,0,0,0,0,0,0,0,0,0.000561,98,0.000561,89.9,0.000561,84.5,0.000561,95.9,-0.027587,98,0.000563,98,0,0,0,0,0,0,0,0,0,0.000561,95.8,0.143872,98,-0.04777,97.2,-0.04245,96.5,-0.013488,94.9,-0.05058,95.7,0,0,-0.034635,0,95.2,12,False,0,True,0,linear,normal_operation,stationary_sub_kw_zero_drift,True,,excluded,stationary_only_without_sailing_task
2024-04-25 08:18:26,4月25日08_00_4月25日18_00,0,0,0,0,0,0,0,0,0.000561,98,0.000561,89.9,0.000561,84.5,0.000561,95.9,-0.027587,98,0.000563,98,0,0,0,0,0,0,0,0,0,0.000561,95.8,0.143872,98,-0.04777,97.2,-0.043016,96.5,-0.013488,94.9,-0.05058,95.7,0,0,-0.035201,0,95.2,12,False,0,True,0,linear,normal_operation,stationary_sub_kw_zero_drift,True,,excluded,stationary_only_without_sailing_task
2024-04-25 08:18:56,4月25日08_00_4月25日18_00,0,0,0,0,0,0,0,0,0.000561,98,0.000561,89.9,0.000561,84.5,0.000561,95.9,-0.027587,98,0.000563,98,0,0,0,0,0,0,0,0,0,0.000561,95.8,0.143872,98,-0.04777,97.2,-0.04245,96.5,-0.01405,94.9,-0.05058,95.7,0,0,-0.035197,0,95.2,12,False,0,True,0,linear,normal_operation,stationary_sub_kw_zero_drift,True,,excluded,stationary_only_without_sailing_task
2024-04-25 08:19:26,4月25日08_00_4月25日18_00,0,0,0,0,0,0,0,0,0.000561,98,0.000561,89.9,0.000561,84.5,0.000561,95.9,-0.027587,98,0.000563,98,0,0,0,0,0,0,0,0,0,0.000561,95.8,0.143872,98,-0.04777,97.2,-0.04245,96.5,-0.013488,94.9,-0.05058,95.7,0,0,-0.034635,0,95.2,12,False,0,True,0,linear,normal_operation,stationary_sub_kw_zero_drift,True,,excluded,stationary_only_without_sailing_task
2024-04-25 08:19:56,4月25日08_00_4月25日18_00,0,0,0,0,0,0,0,0,0.000561,98,0.000561,89.9,0.000561,84.5,0.000561,95.9,-0.027024,98,0.000563,98,0,0,0,0,0,0,0,0,0,0.000561,95.8,0.143872,98,-0.04777,97.2,-0.04245,96.5,-0.013488,94.9,-0.05058,95.7,0,0,-0.034072,0,95.2,12,False,0,True,0,linear,normal_operation,stationary_sub_kw_zero_drift,True,,excluded,stationary_only_without_sailing_task
2024-04-25 08:20:26,4月25日08_00_4月25日18_00,0,0,0,0,0,0,0,0,0.000561,98,0.000561,89.9,0.000561,84.5,0.000561,95.9,-0.027587,98,0.000563,98,0,0,0,0,0,0,0,0,0,0.000561,95.8,0.143872,98,-0.04777,97.2,-0.04245,96.5,-0.013488,94.9,-0.05058,95.7,0,0,-0.034635,0,95.2,12,False,0,True,0,linear,normal_operation,stationary_sub_kw_zero_drift,True,,excluded,stationary_only_without_sailing_task
2024-04-25 08:20:56,4月25日08_00_4月25日18_00,0,0,0,0,0,0,0,0,0.000561,98,0.000561,89.9,0.000561,84.5,0.000561,95.9,-0.027587,98,0.000563,98,0,0,0,0,0,0,0,0,0,0.000561,95.8,0.143872,98,-0.048332,97.2,-0.043016,96.5,-0.013488,94.9,-0.05058,95.7,0,0,-0.035763,0,95.2,12,False,0,True,0,linear,normal_operation,stationary_sub_kw_zero_drift,True,,excluded,stationary_only_without_sailing_task
2024-04-25 08:21:26,4月25日08_00_4月25日18_00,0,0,0,0,0,0,0,0,0.000561,98,0.000561,89.9,0.000561,84.5,0.000561,95.9,-0.027587,98,0.000563,98,0,0,0,0,0,0,0,0,0,0.000561,95.8,0.143872,98,-0.04777,97.2,-0.044148,96.5,-0.013488,94.9,-0.05058,95.7,0,0,-0.036333,0,95.2,12,False,0,True,0,linear,normal_operation,stationary_sub_kw_zero_drift,True,,excluded,stationary_only_without_sailing_task
2024-04-25 08:21:56,4月25日08_00_4月25日18_00,0,0,0,0,0,0,0,0,0.000561,98,0.000561,89.9,0.000561,84.5,0.000561,95.9,-0.027587,98,0.000563,98,0,0,0,0,0,0,0,0,0,0.000561,95.8,0.143872,98,-0.04777,97.2,-0.04245,96.5,-0.013488,94.9,-0.05058,95.7,0,0,-0.034635,0,95.2,12,False,0,True,0,linear,normal_operation,stationary_sub_kw_zero_drift,True,,excluded,stationary_only_without_sailing_task
2024-04-25 08:22:26,4月25日08_00_4月25日18_00,0,0,0,0,0,0,0,0,0.000561,98,0.000561,89.9,0.000561,84.5,0.000561,95.9,-0.026461,98,0.000563,98,0,0,0,0,0,0,0,0,0,0.000561,95.8,0.143872,98,-0.04777,97.2,-0.044714,96.5,-0.013488,94.9,-0.05058,95.7,0,0,-0.035773,0,95.2,12,False,0,True,0,linear,normal_operation,stationary_sub_kw_zero_drift,True,,excluded,stationary_only_without_sailing_task
2024-04-25 08:22:56,4月25日08_00_4月25日18_00,0,0,0,0,0,0,0,0,0.000561,98,0.000561,89.9,0.000561,84.5,0.000561,95.9,-0.027024,98,0.000563,98,0,0,0,0,0,0,0,0,0,0.000561,95.8,0.143872,98,-0.04777,97.2,-0.04245,96.5,-0.013488,94.9,-0.05058,95.7,0,0,-0.034072,0,95.2,12,False,0,True,0,linear,normal_operation,stationary_sub_kw_zero_drift,True,,excluded,stationary_only_without_sailing_task
2024-04-25 08:23:26,4月25日08_00_4月25日18_00,0,0,0,0,0,0,0,0,0.000561,98,0.000561,89.9,0.000561,84.5,0.000561,95.9,-0.027587,98,0.000563,98,0,0,0,0,0,0,0,0,0,0.000561,95.8,0.143872,98,-0.04777,97.2,-0.044148,96.5,-0.013488,94.9,-0.05058,95.7,0,0,-0.036333,0,95.2,12,False,0,True,0,linear,normal_operation,stationary_sub_kw_zero_drift,True,,excluded,stationary_only_without_sailing_task
2024-04-25 08:23:56,4月25日08_00_4月25日18_00,0,0,0,0,0,0,0,0,0.000561,98,0.000561,89.9,0.000561,84.5,0.000561,95.9,-0.027587,98,0.000563,98,0,0,0,0,0,0,0,0,0,0.000561,95.8,0.143872,98,-0.04777,97.2,-0.044714,96.5,-0.013488,94.9,-0.05058,95.7,0,0,-0.036899,0,95.2,12,False,0,True,0,linear,normal_operation,stationary_sub_kw_zero_drift,True,,excluded,stationary_only_without_sailing_task
2024-04-25 08:24:26,4月25日08_00_4月25日18_00,0,0,0,0,0,0,0,0,0.000561,98,0.000561,89.9,0.000561,84.5,0.000561,95.9,-0.027587,98,0.000563,98,0,0,0,0,0,0,0,0,0,0.000561,95.8,0.143872,98,-0.04777,97.2,-0.044714,96.5,-0.013488,94.9,-0.05058,95.7,0,0,-0.036899,0,95.2,12,False,0,True,0,linear,normal_operation,stationary_sub_kw_zero_drift,True,,excluded,stationary_only_without_sailing_task
2024-04-25 08:24:56,4月25日08_00_4月25日18_00,0,0,0,0,0,0,0,0,0.000561,98,0.000561,89.9,0.000561,84.5,0.000561,95.9,-0.027587,98,0.000563,98,0,0,0,0,0,0,0,0,0,0.000561,95.8,0.143872,98,-0.04777,97.2,-0.043582,96.5,-0.013488,94.9,-0.05058,95.7,0,0,-0.035767,0,95.2,12,False,0,True,0,linear,normal_operation,stationary_sub_kw_zero_drift,True,,excluded,stationary_only_without_sailing_task
2024-04-25 08:25:26,4月25日08_00_4月25日18_00,0,0,0,0,0,0,0,0,0.000561,98,0.000561,89.9,0.000561,84.5,0.000561,95.9,-0.027587,98,0.000563,98,0,0,0,0,0,0,0,0,0,0.000561,95.8,0.143872,98,-0.04777,97.2,-0.04245,96.5,-0.013488,94.9,-0.05058,95.7,0,0,-0.034635,0,95.2,12,False,0,True,0,linear,normal_operation,stationary_sub_kw_zero_drift,True,,excluded,stationary_only_without_sailing_task
2024-04-25 08:25:56,4月25日08_00_4月25日18_00,0,0,0,0,0,0,0,0,0.000561,98,0.000561,89.9,0.000561,84.5,0.000561,95.9,-0.027587,98,0.000563,98,0,0,0,0,0,0,0,0,0,0.000561,95.8,0.143872,98,-0.04777,97.2,-0.044714,96.5,-0.013488,94.9,-0.05058,95.7,0,0,-0.036899,0,95.2,12,False,0,True,0,linear,normal_operation,stationary_sub_kw_zero_drift,True,,excluded,stationary_only_without_sailing_task
2024-04-25 08:26:26,4月25日08_00_4月25日18_00,0,0,0,0,0,0,0,0,0.000561,98,0.000561,89.9,0.000561,84.5,0.000561,95.9,-0.027587,98,0.000563,98,0,0,0,0,0,0,0,0,0,0.000561,95.8,0.143872,98,-0.04777,97.2,-0.04245,96.5,-0.013488,94.9,-0.05058,95.7,0,0,-0.034635,0,95.2,12,False,0,True,0,linear,normal_operation,stationary_sub_kw_zero_drift,True,,excluded,stationary_only_without_sailing_task
2024-04-25 08:26:56,4月25日08_00_4月25日18_00,0,0,0,0,0,0,0,0,0.000561,98,0.000561,89.9,0.000561,84.5,0.000561,95.9,-0.027587,98,0.000563,98,0,0,0,0,0,0,0,0,0,0.000561,95.8,0.143872,98,-0.04777,97.2,-0.044148,96.5,-0.013488,94.9,-0.05058,95.7,0,0,-0.036333,0,95.2,12,False,0,True,0,linear,normal_operation,stationary_sub_kw_zero_drift,True,,excluded,stationary_only_without_sailing_task
2024-04-25 08:27:26,4月25日08_00_4月25日18_00,0,0,0,0,0,0,0,0,0.000561,98,0.000561,89.9,0.000561,84.5,0.000561,95.9,-0.027024,98,0.000563,98,0,0,0,0,0,0,0,0,0,0.000561,95.8,0.143872,98,-0.04777,97.2,-0.04245,96.5,-0.013488,94.9,-0.05058,95.7,0,0,-0.034072,0,95.2,12,False,0,True,0,linear,normal_operation,stationary_sub_kw_zero_drift,True,,excluded,stationary_only_without_sailing_task
2024-04-25 08:27:56,4月25日08_00_4月25日18_00,0,0,0,0,0,0,0,0,0.000561,98,0.000561,89.9,0.000561,84.5,0.000561,95.9,-0.026461,98,0.000563,98,0,0,0,0,0,0,0,0,0,0.000561,95.8,0.143872,98,-0.04777,97.2,-0.043016,96.5,-0.013488,94.9,-0.05058,95.7,0,0,-0.034075,0,95.2,12,False,0,True,0,linear,normal_operation,stationary_sub_kw_zero_drift,True,,excluded,stationary_only_without_sailing_task
2024-04-25 08:28:26,4月25日08_00_4月25日18_00,0,0,0,0,0,0,0,0,0.000561,98,0.000561,89.9,0.000561,84.5,0.000561,95.9,-0.027024,98,0.000563,98,0,0,0,0,0,0,0,0,0,0.000561,95.8,0.143872,98,-0.04777,97.2,-0.044148,96.5,-0.013488,94.9,-0.05058,95.7,0,0,-0.03577,0,95.2,12,False,0,True,0,linear,normal_operation,stationary_sub_kw_zero_drift,True,,excluded,stationary_only_without_sailing_task
2024-04-25 08:28:56,4月25日08_00_4月25日18_00,0,0,0,0,0,0,0,0,0.000561,98,0.000561,89.9,0.000561,84.5,0.000561,95.9,-0.027587,98,0.000563,98,0,0,0,0,0,0,0,0,0,0.000561,95.8,0.143872,98,-0.04777,97.2,-0.044714,96.5,-0.013488,94.9,-0.05058,95.7,0,0,-0.036899,0,95.2,12,False,0,True,0,linear,normal_operation,stationary_sub_kw_zero_drift,True,,excluded,stationary_only_without_sailing_task
2024-04-25 08:29:26,4月25日08_00_4月25日18_00,0,0,0,0,0,0,0,0,0.000561,98,0.000561,89.9,0.000561,84.5,0.000561,95.9,-0.027587,98,0.000563,98,0,0,0,0,0,0,0,0,0,0.000561,95.8,0.143872,98,-0.04777,97.2,-0.044714,96.5,-0.013488,94.9,-0.05058,95.7,0,0,-0.036899,0,95.2,12,False,0,True,0,linear,normal_operation,stationary_sub_kw_zero_drift,True,,excluded,stationary_only_without_sailing_task
2024-04-25 08:29:56,4月25日08_00_4月25日18_00,0,0,0,0,0,0,0,0,0.000561,98,0.000561,89.9,0.000561,84.5,0.000561,95.9,-0.027587,98,0.000563,98,0,0,0,0,0,0,0,0,0,0.000561,95.8,0.143872,98,-0.048332,97.2,-0.044148,96.5,-0.013488,94.9,-0.05058,95.7,0,0,-0.036895,0,95.2,12,False,0,True,0,linear,normal_operation,stationary_sub_kw_zero_drift,True,,excluded,stationary_only_without_sailing_task
2024-04-25 08:30:26,4月25日08_00_4月25日18_00,0,0,0,0,0,0,0,0,0.000561,98,0.000561,89.9,0.000561,84.5,0.000561,95.9,-0.027587,98,0.000563,98,0,0,0,0,0,0,0,0,0,0.000561,95.8,0.143872,98,-0.04777,97.2,-0.043016,96.5,-0.013488,94.9,-0.051142,95.7,0,0,-0.035763,0,95.2,12,False,0,True,0,linear,normal_operation,stationary_sub_kw_zero_drift,True,,excluded,stationary_only_without_sailing_task
2024-04-25 08:30:56,4月25日08_00_4月25日18_00,0,0,0,0,0,0,0,0,0.000561,98,0.000561,89.9,0.000561,84.5,0.000561,95.9,-0.027587,98,0.000563,98,0,0,0,0,0,0,0,0,0,0.000561,95.8,0.143872,98,-0.04777,97.2,-0.044714,96.5,-0.013488,94.9,-0.05058,95.7,0,0,-0.036899,0,95.2,12,False,0,True,0,linear,normal_operation,stationary_sub_kw_zero_drift,True,,excluded,stationary_only_without_sailing_task
2024-04-25 08:31:26,4月25日08_00_4月25日18_00,0,0,0,0,0,0,0,0,0.000561,98,0.000561,89.9,0.000561,84.5,0.000561,95.9,-0.027587,98,0.000563,98,0,0,0,0,0,0,0,0,0,0.000561,95.8,0.143872,98,-0.048332,97.2,-0.044148,96.5,-0.013488,94.9,-0.05058,95.7,0,0,-0.036895,0,95.2,12,False,0,True,0,linear,normal_operation,stationary_sub_kw_zero_drift,True,,excluded,stationary_only_without_sailing_task
2024-04-25 08:31:56,4月25日08_00_4月25日18_00,0,0,0,0,0,0,0,0,0.000561,98,0.000561,89.9,0.000561,84.5,0.000561,95.9,-0.027024,98,0.000563,98,0,0,0,0,0,0,0,0,0,0.000561,95.8,0.143872,98,-0.048332,97.2,-0.044714,96.5,-0.013488,94.9,-0.05058,95.7,0,0,-0.036898,0,95.2,12,False,0,True,0,linear,normal_operation,stationary_sub_kw_zero_drift,True,,excluded,stationary_only_without_sailing_task
2024-04-25 08:32:26,4月25日08_00_4月25日18_00,0,0,0,0,0,0,0,0,0.000561,98,0.000561,89.9,0.000561,84.5,0.000561,95.9,-0.027587,98,0.000563,98,0,0,0,0,0,0,0,0,0,0.000561,95.8,0.143872,98,-0.048332,97.2,-0.044714,96.5,-0.013488,94.9,-0.05058,95.7,0,0,-0.037461,0,95.2,12,False,0,True,0,linear,normal_operation,stationary_sub_kw_zero_drift,True,,excluded,stationary_only_without_sailing_task
2024-04-25 08:32:56,4月25日08_00_4月25日18_00,0,0,0,0,0,0,0,0,0.000561,98,0.000561,89.9,0.000561,84.5,0.000561,95.9,-0.027587,98,0.000563,98,0,0,0,0,0,0,0,0,0,0.000561,95.8,0.143872,98,-0.048332,97.2,-0.044714,96.5,-0.013488,94.9,-0.05058,95.7,0,0,-0.037461,0,95.2,12,False,0,True,0,linear,normal_operation,stationary_sub_kw_zero_drift,True,,excluded,stationary_only_without_sailing_task
2024-04-25 08:33:26,4月25日08_00_4月25日18_00,0,0,0,0,0,0,0,0,0.000561,98,0.000561,89.9,0.000561,84.5,0.000561,95.9,-0.026461,98,0.000563,98,0,0,0,0,0,0,0,0,0,0.000561,95.8,0.143872,98,-0.04777,97.2,-0.044714,96.5,-0.013488,94.9,-0.05058,95.7,0,0,-0.035773,0,95.2,12,False,0,True,0,linear,normal_operation,stationary_sub_kw_zero_drift,True,,excluded,stationary_only_without_sailing_task
2024-04-25 08:33:56,4月25日08_00_4月25日18_00,0,0,0,0,0,0,0,0,0.000561,98,0.000561,89.9,0.000561,84.5,0.000561,95.9,-0.025898,98,0.000563,98,0,0,0,0,0,0,0,0,0,0.000561,95.8,0.143872,98,-0.04777,97.2,-0.044714,96.5,-0.013488,94.9,-0.05058,95.7,0,0,-0.03521,0,95.2,12,False,0,True,0,linear,normal_operation,stationary_sub_kw_zero_drift,True,,excluded,stationary_only_without_sailing_task
2024-04-25 08:34:26,4月25日08_00_4月25日18_00,0,0,0,0,0,0,0,0,0.000561,98,0.000561,89.9,0.000561,84.5,0.000561,95.9,-0.025898,98,0.000563,98,0,0,0,0,0,0,0,0,0,0.000561,95.8,0.143872,98,-0.048332,97.2,-0.044714,96.5,-0.013488,94.9,-0.05058,95.7,0,0,-0.035772,0,95.2,12,False,0,True,0,linear,normal_operation,stationary_sub_kw_zero_drift,True,,excluded,stationary_only_without_sailing_task
2024-04-25 08:34:56,4月25日08_00_4月25日18_00,0,0,0,0,0,0,0,0,0.000561,98,0.000561,89.9,0.000561,84.5,0.000561,95.9,-0.025898,98,0.000563,98,0,0,0,0,0,0,0,0,0,0.000561,95.8,0.143872,98,-0.048894,97.2,-0.044148,96.5,-0.013488,94.9,-0.05058,95.7,0,0,-0.035768,0,95.2,12,False,0,True,0,linear,normal_operation,stationary_sub_kw_zero_drift,True,,excluded,stationary_only_without_sailing_task
2024-04-25 08:35:26,4月25日08_00_4月25日18_00,0,0,0,0,0,0,0,0,0.000561,98,0.000561,89.9,0.000561,84.5,0.000561,95.9,-0.025898,98,0.000563,98,0,0,0,0,0,0,0,0,0,0.000561,95.8,0.143872,98,-0.048894,97.2,-0.044714,96.5,-0.013488,94.9,-0.05058,95.7,0,0,-0.036334,0,95.2,12,False,0,True,0,linear,normal_operation,stationary_sub_kw_zero_drift,True,,excluded,stationary_only_without_sailing_task
2024-04-25 08:35:56,4月25日08_00_4月25日18_00,0,0,0,0,0,0,0,0,0.000561,98,0.000561,89.9,0.000561,84.5,0.000561,95.9,-0.026461,98,0.000563,98,0,0,0,0,0,0,0,0,0,0.000561,95.8,0.143872,98,-0.048332,97.2,-0.044714,96.5,-0.013488,94.9,-0.05058,95.7,0,0,-0.036335,0,95.2,12,False,0,True,0,linear,normal_operation,stationary_sub_kw_zero_drift,True,,excluded,stationary_only_without_sailing_task
2024-04-25 08:36:26,4月25日08_00_4月25日18_00,0,0,0,0,0,0,0,0,0.000561,98,0.000561,89.9,0.000561,84.5,0.000561,95.9,-0.026461,98,0.000563,98,0,0,0,0,0,0,0,0,0,0.000561,95.8,0.143872,98,-0.04777,97.2,-0.044714,96.5,-0.013488,94.9,-0.05058,95.7,0,0,-0.035773,0,95.2,12,False,0,True,0,linear,normal_operation,stationary_sub_kw_zero_drift,True,,excluded,stationary_only_without_sailing_task
2024-04-25 08:36:56,4月25日08_00_4月25日18_00,0,0,0,0,0,0,0,0,0.000561,98,0.000561,89.9,0.000561,84.5,0.000561,95.9,-0.026461,98,0.000563,98,0,0,0,0,0,0,0,0,0,0.000561,95.8,0.143872,98,-0.04777,97.2,-0.044714,96.5,-0.013488,94.9,-0.05058,95.7,0,0,-0.035773,0,95.2,12,False,0,True,0,linear,normal_operation,stationary_sub_kw_zero_drift,True,,excluded,stationary_only_without_sailing_task
2024-04-25 08:37:26,4月25日08_00_4月25日18_00,0,0,0,0,0,0,0,0,0.000561,98,0.000561,89.9,0.000561,84.5,0.000561,95.9,-0.027587,98,0.000563,98,0,0,0,0,0,0,0,0,0,0.000561,95.8,0.143872,98,-0.04777,97.2,-0.04245,96.5,-0.013488,94.9,-0.05058,95.7,0,0,-0.034635,0,95.2,12,False,0,True,0,linear,normal_operation,stationary_sub_kw_zero_drift,True,,excluded,stationary_only_without_sailing_task
2024-04-25 08:37:56,4月25日08_00_4月25日18_00,0,0,0,0,0,0,0,0,0.000561,98,0.000561,89.9,0.000561,84.5,0.000561,95.9,-0.027587,98,0.000563,98,0,0,0,0,0,0,0,0,0,0.000561,95.8,0.143872,98,-0.04777,97.2,-0.04245,96.5,-0.013488,94.9,-0.05058,95.7,0,0,-0.034635,0,95.2,12,False,0,True,0,linear,normal_operation,stationary_sub_kw_zero_drift,True,,excluded,stationary_only_without_sailing_task
2024-04-25 08:38:26,4月25日08_00_4月25日18_00,0,0,0,0,0,0,0,0,0.000561,98,0.000561,89.9,0.000561,84.5,0.000561,95.9,-0.027587,98,0.000563,98,0,0,0,0,0,0,0,0,0,0.000561,95.8,0.143872,98,-0.048332,97.2,-0.044714,96.5,-0.013488,94.9,-0.05058,95.7,0,0,-0.037461,0,95.2,12,False,0,True,0,linear,normal_operation,stationary_sub_kw_zero_drift,True,,excluded,stationary_only_without_sailing_task
2024-04-25 08:38:56,4月25日08_00_4月25日18_00,0,0,0,0,0,0,0,0,0.000561,98,0.000561,89.9,0.000561,84.5,0.000561,95.9,-0.027587,98,0.000563,98,0,0,0,0,0,0,0,0,0,0.000561,95.8,0.143872,98,-0.048332,97.2,-0.04245,96.5,-0.013488,94.9,-0.05058,95.7,0,0,-0.035197,0,95.2,12,False,0,True,0,linear,normal_operation,stationary_sub_kw_zero_drift,True,,excluded,stationary_only_without_sailing_task
2024-04-25 08:39:26,4月25日08_00_4月25日18_00,0,0,0,0,0,0,0,0,0.000561,98,0.000561,89.9,0.000561,84.5,0.000561,95.9,-0.027587,98,0.000563,98,0,0,0,0,0,0,0,0,0,0.000561,95.8,0.143872,98,-0.04777,97.2,-0.044714,96.5,-0.013488,94.9,-0.05058,95.7,0,0,-0.036899,0,95.2,12,False,0,True,0,linear,normal_operation,stationary_sub_kw_zero_drift,True,,excluded,stationary_only_without_sailing_task
2024-04-25 08:39:56,4月25日08_00_4月25日18_00,0,0,0,0,0,0,0,0,0.000561,98,0.000561,89.9,0.000561,84.5,0.000561,95.9,-0.027587,98,0.000563,98,0,0,0,0,0,0,0,0,0,0.000561,95.8,0.143872,98,-0.04777,97.2,-0.044714,96.5,-0.013488,94.9,-0.05058,95.7,0,0,-0.036899,0,95.2,12,False,0,True,0,linear,normal_operation,stationary_sub_kw_zero_drift,True,,excluded,stationary_only_without_sailing_task
2024-04-25 08:40:26,4月25日08_00_4月25日18_00,0,0,0,0,0,0,0,0,0.000561,98,0.000561,89.9,0.000561,84.5,0.000561,95.9,-0.027587,98,0.000563,98,0,0,0,0,0,0,0,0,0,0.000561,95.8,0.143872,98,-0.048332,97.2,-0.044714,96.5,-0.013488,94.9,-0.05058,95.7,0,0,-0.037461,0,95.2,12,False,0,True,0,linear,normal_operation,stationary_sub_kw_zero_drift,True,,excluded,stationary_only_without_sailing_task
2024-04-25 08:40:56,4月25日08_00_4月25日18_00,0,0,0,0,0,0,0,0,0.000561,98,0.000561,89.9,0.000561,84.5,0.000561,95.9,-0.027587,98,0.000563,98,0,0,0,0,0,0,0,0,0,0.000561,95.8,0.143872,98,-0.048894,97.2,-0.044714,96.5,-0.013488,94.9,-0.05058,95.7,0,0,-0.038023,0,95.2,12,False,0,True,0,linear,normal_operation,stationary_sub_kw_zero_drift,True,,excluded,stationary_only_without_sailing_task
2024-04-25 08:41:26,4月25日08_00_4月25日18_00,0,0,0,0,0,0,0,0,0.000561,98,0.000561,89.9,0.000561,84.5,0.000561,95.9,-0.027587,98,0.000563,98,0,0,0,0,0,0,0,0,0,0.000561,95.8,0.143872,98,-0.049456,97.2,-0.044714,96.5,-0.013488,94.9,-0.05058,95.7,0,0,-0.038585,0,95.2,12,False,0,True,0,linear,normal_operation,stationary_sub_kw_zero_drift,True,,excluded,stationary_only_without_sailing_task
2024-04-25 08:41:56,4月25日08_00_4月25日18_00,0,0,0,0,0,0,0,0,0.000561,98,0.000561,89.9,0.000561,84.5,0.000561,95.9,-0.027587,98,0.000563,98,0,0,0,0,0,0,0,0,0,0.000561,95.8,0.143872,98,-0.049456,97.2,-0.044714,96.5,-0.013488,94.9,-0.051142,95.7,0,0,-0.039147,0,95.2,12,False,0,True,0,linear,normal_operation,stationary_sub_kw_zero_drift,True,,excluded,stationary_only_without_sailing_task
2024-04-25 08:42:26,4月25日08_00_4月25日18_00,0,0,0,0,0,0,0,0,0.000561,98,0.000561,89.9,0.000561,84.5,0.000561,95.9,-0.027587,98,0.000563,98,0,0,0,0,0,0,0,0,0,0.000561,95.8,0.143872,98,-0.04777,97.2,-0.044714,96.5,-0.013488,94.9,-0.051142,95.7,0,0,-0.037461,0,95.2,12,False,0,True,0,linear,normal_operation,stationary_sub_kw_zero_drift,True,,excluded,stationary_only_without_sailing_task
2024-04-25 08:42:56,4月25日08_00_4月25日18_00,0,0,0,0,0,0,0,0,0.000561,98,0.000561,89.9,0.000561,84.5,0.000561,95.9,-0.027587,98,0.000563,98,0,0,0,0,0,0,0,0,0,0.000561,95.8,0.143872,98,-0.048894,97.2,-0.044714,96.5,-0.013488,94.9,-0.05058,95.7,0,0,-0.038023,0,95.2,12,False,0,True,0,linear,normal_operation,stationary_sub_kw_zero_drift,True,,excluded,stationary_only_without_sailing_task
2024-04-25 08:43:26,4月25日08_00_4月25日18_00,0,0,0,0,0,0,0,0,0.000561,98,0.000561,89.9,0.000561,84.5,0.000561,95.9,-0.026461,98,0.000563,98,0,0,0,0,0,0,0,0,0,0.000561,95.8,0.143872,98,-0.048894,97.2,-0.044714,96.5,-0.013488,94.9,-0.05058,95.7,0,0,-0.036897,0,95.2,12,False,0,True,0,linear,normal_operation,stationary_sub_kw_zero_drift,True,,excluded,stationary_only_without_sailing_task
2024-04-25 08:43:56,4月25日08_00_4月25日18_00,0,0,0,0,0,0,0,0,1.8648,98,1.7192,89.9,1.43616,84.5,1.2903,95.8,-2.7918,98,-2.71848,98,0,0,0,0,0,0,0,0,0,0.71808,95.8,0.71936,98,0.431616,97.2,-0.044714,96.5,1.2926,94.9,1.00598,95.7,0,0,4.923102,4.923102,95.1916666667,12,False,0,True,0,linear,normal_operation,none,True,,excluded,stationary_only_without_sailing_task
2024-04-25 08:44:26,4月25日08_00_4月25日18_00,0,0,0,0,0,0,0,0,-0.146982,98,-0.197472,89.9,-0.051612,84.5,0.287232,95.8,0.432384,98,0.57426,98,0,0,0,0,0,0,0,0,0,1.43616,95.8,1.58484,97.9,-1.97613,97.2,-2.02628,96.5,0.71936,94.9,0.71936,95.7,0,0,1.35512,1.35512,95.1833333333,12,False,0,True,0,linear,normal_operation,none,True,,excluded,stationary_only_without_sailing_task
2024-04-25 08:44:56,4月25日08_00_4月25日18_00,0,0,0,0,0,0,0,0,0.287232,98,0.287232,89.9,0.287232,84.5,0.287232,95.8,-0.63619,98,-0.176219,98,0,0,0,0,0,0,0,0,0,-0.64515,95.8,-0.548512,97.9,1.72534,97.2,1.59612,96.5,-0.73622,94.9,-0.86548,95.7,0,0,0.862617,0.862617,95.1833333333,12,False,0,True,0,linear,normal_operation,none,True,,excluded,stationary_only_without_sailing_task
2024-04-25 08:51:26,4月25日08_00_4月25日18_00,0,0,0,0,0,0,0,0,4.99072,97.8,4.99072,89.7,5.14476,84.2,4.99968,95.6,2.8672,97.8,3.14717,97.7,27.7,0,0,0,0,0,0,0,0,4.43052,95.6,4.57821,97.7,3.584,97,3.45682,96.3,1.8648,94.7,1.8648,95.5,18.9,0,45.9194,45.9194,94.9666666667,12,False,46.6,True,0,linear,normal_operation,none,True,,excluded,long_stop_dwell_core
2024-04-25 08:51:56,4月25日08_00_4月25日18_00,0,0,0,0,0,0,0,0,5.6814,97.7,5.8485,89.7,2.14272,84.2,2.14272,95.6,5.00864,97.7,5.29373,97.7,26.7,0,0,0,0,0,0,0,0,3.85578,95.6,4.14778,97.7,2.8672,97,2.73618,96.3,3.00742,94.7,3.14717,95.5,18.9,0,45.87924,45.87924,94.95,12,False,45.6,True,0,linear,normal_operation,none,True,,excluded,long_stop_dwell_core
2024-04-25 08:52:26,4月25日08_00_4月25日18_00,0,0,0,0,0,0,0,0,2.14272,97.7,1.99764,89.6,5.42934,84.2,5.8485,95.5,5.15398,97.7,5.57882,97.7,26.7,0,0,0,0,0,0,0,0,4.8546,95.5,5.00864,97.7,2.0048,97,2.16192,96.3,3.14717,94.7,3.14717,95.5,19,0,46.4753,46.4753,94.925,12,False,45.7,True,0,linear,normal_operation,none,True,,excluded,long_stop_dwell_core
2024-04-25 08:52:56,4月25日08_00_4月25日18_00,0,0,0,0,0,0,0,0,4.27776,97.7,4.27776,89.6,5.13554,84.1,4.99072,95.5,3.29251,97.7,3.43226,97.7,27.4,0,0,0,0,0,0,0,0,3.5712,95.5,3.86269,97.7,2.1504,97,2.16192,96.3,4.00803,94.7,3.72294,95.4,18.9,0,44.88373,44.88373,94.9083333333,12,False,46.3,True,0,linear,normal_operation,none,True,,excluded,long_stop_dwell_core
2024-04-25 08:53:26,4月25日08_00_4月25日18_00,0,0,0,0,0,0,0,0,6.684,97.7,6.8511,89.6,2.4273,84.1,2.4273,95.5,3.72294,97.7,3.86269,97.6,26.5,0,0,0,0,0,0,0,0,3.00204,95.5,3.29251,97.7,2.1504,97,2.16192,96.3,4.57821,94.6,4.72355,95.4,18.9,0,45.88396,45.88396,94.8916666667,12,False,45.4,True,0,linear,normal_operation,none,True,,excluded,long_stop_dwell_core
2024-04-25 08:53:56,4月25日08_00_4月25日18_00,0,0,0,0,0,0,0,0,2.42295,97.6,2.85184,89.6,4.7151,84.1,4.56183,95.5,5.43907,97.6,5.57882,97.6,26.5,0,0,0,0,0,0,0,0,3.71628,95.5,4.14778,97.6,3.584,97,3.6032,96.3,2.57699,94.6,2.2919,95.4,19,0,45.48976,45.48976,94.8666666667,12,False,45.5,True,0,linear,normal_operation,none,True,,excluded,long_stop_dwell_core
2024-04-25 08:54:26,4月25日08_00_4月25日18_00,0,0,0,0,0,0,0,0,3.5648,97.6,3.70962,89.6,5.27479,84.1,4.99072,95.5,3.72294,97.6,4.29312,97.6,27.3,0,0,0,0,0,0,0,0,3.71628,95.5,4.00803,97.6,4.14778,96.9,4.17746,96.3,1.86147,94.6,1.86147,95.4,18.9,0,45.32848,45.32848,94.8583333333,12,False,46.2,True,0,linear,normal_operation,none,True,,excluded,long_stop_dwell_core
2024-04-25 08:54:56,4月25日08_00_4月25日18_00,0,0,0,0,0,0,0,0,5.6814,97.6,6.0156,89.5,3.5712,84.1,3.28662,95.4,3.86269,97.6,3.86269,97.6,26.9,0,0,0,0,0,0,0,0,2.85696,95.4,3.43226,97.6,5.00864,96.9,5.04448,96.2,2.00122,94.6,1.86147,95.4,19,0,46.48523,46.48523,94.825,12,False,45.9,True,0,linear,normal_operation,none,True,,excluded,long_stop_dwell_core
2024-04-25 08:55:26,4月25日08_00_4月25日18_00,0,0,0,0,0,0,0,0,5.6712,97.6,5.6814,89.5,3.42612,84,3.28662,95.4,3.86269,97.6,4.00803,97.6,26.9,0,0,0,0,0,0,0,0,4.00086,95.4,4.29312,97.6,2.86208,96.9,2.73618,96.2,2.86208,94.6,2.57699,95.4,18.9,0,45.26737,45.26737,94.8166666667,12,False,45.8,True,0,linear,normal_operation,none,True,,excluded,long_stop_dwell_core
2024-04-25 08:55:56,4月25日08_00_4月25日18_00,0,0,0,0,0,0,0,0,5.12632,97.5,5.13554,89.5,3.5712,84,3.5648,95.4,3.86269,97.6,4.00803,97.5,27.3,0,0,0,0,0,0,0,0,3.5712,95.4,3.72294,97.5,2.14656,96.9,2.16192,96.2,4.29312,94.6,4.29312,95.4,19,0,45.45744,45.45744,94.7916666667,12,False,46.3,True,0,linear,normal_operation,none,True,,excluded,long_stop_dwell_core
2024-04-25 08:56:26,4月25日08_00_4月25日18_00,0,0,0,0,0,0,0,0,3.5648,97.5,3.5648,89.4,5.27479,84,4.99072,95.4,4.14778,97.5,4.43846,97.5,27.3,0,0,0,0,0,0,0,0,3.42612,95.4,3.86269,97.5,2.57699,96.9,2.59543,96.2,3.86269,94.6,3.72294,95.3,18.8,0,46.02821,46.02821,94.7666666667,12,False,46.1,True,0,linear,normal_operation,none,True,,excluded,long_stop_dwell_core
2024-04-25 08:56:56,4月25日08_00_4月25日18_00,0,0,0,0,0,0,0,0,3.70962,97.5,3.84887,89.4,5.27479,84,4.99072,95.3,4.00803,97.5,4.14778,97.5,27,0,0,0,0,0,0,0,0,4.14036,95.4,4.43846,97.5,4.00803,96.8,3.89033,96.2,1.86147,94.5,1.86147,95.3,19,0,46.17993,46.17993,94.7416666667,12,False,46,True,0,linear,normal_operation,none,True,,excluded,long_stop_dwell_core
2024-04-25 08:57:26,4月25日08_00_4月25日18_00,0,0,0,0,0,0,0,0,2.56777,97.5,2.99666,89.4,5.41961,83.9,5.13554,95.3,4.8633,97.5,4.8546,97.5,27.6,0,0,0,0,0,0,0,0,2.71188,95.3,3.14717,97.5,4.57821,96.8,4.32384,96.2,2.57699,94.5,2.71674,95.3,19.1,0,45.89231,45.89231,94.725,12,False,46.7,True,0,linear,normal_operation,none,True,,excluded,long_stop_dwell_core
2024-04-25 08:57:56,4月25日08_00_4月25日18_00,0,0,0,0,0,0,0,0,3.70962,97.5,3.70962,89.4,3.70962,83.9,3.70962,95.3,5.28426,97.5,5.42934,97.4,27.4,0,0,0,0,0,0,0,0,2.57238,95.3,2.86208,97.5,3.43226,96.8,3.45682,96.1,3.72294,94.5,3.72294,95.3,19,0,45.3215,45.3215,94.7083333333,12,False,46.4,True,0,linear,normal_operation,none,True,,excluded,long_stop_dwell_core
2024-04-25 08:58:26,4月25日08_00_4月25日18_00,0,0,0,0,0,0,0,0,4.8459,97.4,5.13554,89.4,2.57238,83.9,2.4273,95.3,5.42934,97.4,5.56884,97.4,27,0,0,0,0,0,0,0,0,2.71188,95.3,2.86208,97.5,2.57699,96.8,2.59543,96.1,4.43052,94.5,4.57002,95.3,18.9,0,45.72622,45.72622,94.6916666667,12,False,45.9,True,0,linear,normal_operation,none,True,,excluded,long_stop_dwell_core
2024-04-25 08:58:56,4月25日08_00_4月25日18_00,0,0,0,0,0,0,0,0,4.27776,97.4,4.27776,89.3,3.28662,83.9,3.13591,95.3,5.28426,97.4,5.56884,97.4,27.5,0,0,0,0,0,0,0,0,3.14154,95.3,3.43226,97.4,4.43846,96.8,4.46228,96.1,2.14656,94.5,2.00122,95.3,18.7,0,45.45347,45.45347,94.675,12,False,46.2,True,0,linear,normal_operation,none,True,,excluded,long_stop_dwell_core
2024-04-25 08:59:26,4月25日08_00_4月25日18_00,0,0,0,0,0,0,0,0,4.42258,97.4,4.70665,89.3,4.13294,83.9,3.99369,95.2,4.14036,97.4,4.28544,97.4,27.5,0,0,0,0,0,0,0,0,2.85696,95.3,3.14717,97.4,3.43226,96.7,3.16969,96.1,3.72294,94.5,3.5776,95.2,19,0,45.58828,45.58828,94.65,12,False,46.5,True,0,linear,normal_operation,none,True,,excluded,long_stop_dwell_core
2024-04-25 08:59:56,4月25日08_00_4月25日18_00,0,0,0,0,0,0,0,0,4.13294,97.4,4.42258,89.3,6.127,83.8,5.8485,95.2,3.43226,97.4,3.43226,97.3,28.9,0,0,0,0,0,0,0,0,2.4273,95.3,2.86208,97.4,3.00742,96.7,3.02894,96.1,4.28544,94.4,4.14036,95.2,19,0,47.14708,47.14708,94.625,12,False,47.9,True,0,linear,normal_operation,none,True,,excluded,long_stop_dwell_core
2024-04-25 09:00:26,4月25日08_00_4月25日18_00,0,0,0,0,0,0,0,0,3.5648,97.3,3.84887,89.3,6.4055,83.8,6.0156,95.2,3.72294,97.3,3.5776,97.3,28.9,0,0,0,0,0,0,0,0,4.43052,95.3,4.57002,97.4,4.14778,96.7,4.02954,96,1.2857,94.4,1.14595,95.2,19,0,46.74482,46.74482,94.6,12,False,47.9,True,0,linear,normal_operation,none,True,,excluded,long_stop_dwell_core
2024-04-25 09:00:56,4月25日08_00_4月25日18_00,0,0,0,0,0,0,0,0,4.56183,97.3,4.8459,89.2,4.70665,83.8,4.70665,95.2,4.00803,97.3,4.14778,97.3,29.1,0,0,0,0,0,0,0,0,2.71188,95.2,3.14717,97.4,3.86269,96.7,3.5968,96,3.14717,94.4,3.29251,95.2,18.8,0,46.73506,46.73506,94.5833333333,12,False,47.9,True,0,linear,normal_operation,none,True,,excluded,long_stop_dwell_core
2024-04-25 09:01:26,4月25日08_00_4月25日18_00,0,0,0,0,0,0,0,0,5.40988,97.3,5.54888,89.2,3.13591,83.7,2.99666,95.1,5.14476,97.3,5.42934,97.3,29,0,0,0,0,0,0,0,0,2.14272,95.2,2.57699,97.4,2.71674,96.7,2.73132,96,4.57002,94.4,4.7151,95.2,18.9,0,47.11832,47.11832,94.5666666667,12,False,47.9,True,0,linear,normal_operation,none,True,,excluded,long_stop_dwell_core
2024-04-25 09:01:56,4月25日08_00_4月25日18_00,0,0,0,0,0,0,0,0,5.54888,97.3,5.54888,89.2,3.13591,83.7,2.85184,95.1,5.14476,97.3,5.28426,97.2,28,0,0,0,0,0,0,0,0,3.00204,95.2,3.00742,97.3,4.29312,96.7,4.17004,96,2.86208,94.4,2.71188,95.1,19,0,47.56111,47.56111,94.5416666667,12,False,47,True,0,linear,normal_operation,none,True,,excluded,long_stop_dwell_core
2024-04-25 09:02:26,4月25日08_00_4月25日18_00,0,0,0,0,0,0,0,0,3.70962,97.2,3.5648,89.2,5.41961,83.7,5.8485,95.1,4.28544,97.2,4.8546,97.2,28.9,0,0,0,0,0,0,0,0,2.85696,95.2,3.00742,97.3,3.5776,96.6,3.45068,96,3.5712,94.4,3.71628,95.1,19,0,47.86271,47.86271,94.5166666667,12,False,47.9,True,0,linear,normal_operation,none,True,,excluded,long_stop_dwell_core
2024-04-25 09:02:56,4月25日08_00_4月25日18_00,0,0,0,0,0,0,0,0,3.41998,97.2,3.70962,89.1,6.4055,83.7,6.127,95.1,4.00803,97.2,4.00086,97.2,29.4,0,0,0,0,0,0,0,0,4.00086,95.2,4.43052,97.3,1.71613,96.6,1.72841,95.9,3.71628,94.3,3.71628,95.1,18.9,0,46.97947,46.97947,94.4916666667,12,False,48.3,True,0,linear,normal_operation,none,True,,excluded,long_stop_dwell_core
2024-04-25 09:03:26,4月25日08_00_4月25日18_00,0,0,0,0,0,0,0,0,3.70962,97.2,3.99369,89.1,6.2941,83.6,5.8485,95,3.5776,97.2,3.86269,97.2,28.3,0,0,0,0,0,0,0,0,3.42612,95.2,3.71628,97.3,5.00864,96.6,4.8894,95.9,1.2857,94.3,1.43104,95.1,19,0,47.04338,47.04338,94.475,12,False,47.3,True,0,linear,normal_operation,none,True,,excluded,long_stop_dwell_core
2024-04-25 09:03:56,4月25日08_00_4月25日18_00,0,0,0,0,0,0,0,0,5.54888,97.2,5.55886,89.1,3.84887,83.6,3.28073,95,4.57002,97.2,4.57002,97.1,28.4,0,0,0,0,0,0,0,0,3.42612,95.1,3.72294,97.3,2.14656,96.6,2.01554,95.9,4.43052,94.3,4.43052,95.1,19,0,47.54958,47.54958,94.4583333333,12,False,47.4,True,0,linear,normal_operation,none,True,,excluded,long_stop_dwell_core
2024-04-25 09:04:26,4月25日08_00_4月25日18_00,0,0,0,0,0,0,0,0,5.40988,97.1,5.838,89.1,2.99666,83.6,2.85184,95,4.99968,97.1,5.14476,97.1,28.5,0,0,0,0,0,0,0,0,4.14036,95.1,4.43052,97.2,3.29251,96.6,3.16969,95.9,2.57699,94.3,2.57699,95.1,18.8,0,47.42788,47.42788,94.4333333333,12,False,47.3,True,0,linear,normal_operation,none,True,,excluded,long_stop_dwell_core
2024-04-25 09:04:56,4月25日08_00_4月25日18_00,0,0,0,0,0,0,0,0,3.5648,97.1,3.70962,89,6.5726,83.6,6.0156,95,3.5776,97.1,3.72294,97.1,28.5,0,0,0,0,0,0,0,0,3.5712,95.1,3.71628,97.2,5.00864,96.5,5.03552,95.9,1.2857,94.3,1.2857,95.1,18.9,0,47.0662,47.0662,94.4166666667,12,False,47.4,True,0,linear,normal_operation,none,True,,excluded,long_stop_dwell_core
2024-04-25 09:05:26,4月25日08_00_4月25日18_00,0,0,0,0,0,0,0,0,5.6712,97.1,5.838,89,2.4273,83.5,2.2837,94.9,5.28426,97.1,5.42934,97.1,27.9,0,0,0,0,0,0,0,0,3.71628,95.1,3.71628,97.2,2.57699,96.5,2.44905,95.9,3.29251,94.3,3.42612,95,18.9,0,46.11103,46.11103,94.3916666667,12,False,46.8,True,0,linear,normal_operation,none,True,,excluded,long_stop_dwell_core
2024-04-25 09:05:56,4月25日08_00_4月25日18_00,0,0,0,0,0,0,0,0,3.13591,97.1,3.5648,89,5.41961,83.5,5.13554,94.9,4.28544,97.1,4.8546,97,28.7,0,0,0,0,0,0,0,0,3.28662,95.1,3.5712,97.2,2.57699,96.5,2.3083,95.8,3.85578,94.2,3.85578,95,18.9,0,45.85057,45.85057,94.3666666667,12,False,47.6,True,0,linear,normal_operation,none,True,,excluded,long_stop_dwell_core
2024-04-25 09:06:26,4月25日08_00_4月25日18_00,0,0,0,0,0,0,0,0,2.56777,97.1,2.85184,89,6.2941,83.5,6.0156,94.9,4.00803,97.1,4.28544,97,27,0,0,0,0,0,0,0,0,3.5712,95,3.5712,97.2,2.00122,96.5,1.87479,95.8,4.28544,94.2,4.28544,95,18.9,0,45.61207,45.61207,94.3583333333,12,False,45.9,True,0,linear,normal_operation,none,True,,excluded,long_stop_dwell_core
2024-04-25 09:06:56,4月25日08_00_4月25日18_00,0,0,0,0,0,0,0,0,4.42258,97,4.56183,89,2.14272,83.5,1.85481,94.9,6.5844,97,6.5844,97,27,0,0,0,0,0,0,0,0,3.71628,95,4.00086,97.1,3.14717,96.5,3.02894,95.8,3.14154,94.2,3.00204,95,18.9,0,46.18757,46.18757,94.3333333333,12,False,45.9,True,0,linear,normal_operation,none,True,,excluded,long_stop_dwell_core
2024-04-25 09:07:26,4月25日08_00_4月25日18_00,0,0,0,0,0,0,0,0,5.54888,97,5.6712,88.9,5.27479,83.5,4.99072,94.9,2.14656,97,2.2919,97,26.6,0,0,0,0,0,0,0,0,3.42612,95,3.5712,97.1,2.2919,96.5,2.16192,95.8,4.00086,94.2,3.85578,95,18.9,0,45.23183,45.23183,94.325,12,False,45.5,True,0,linear,normal_operation,none,True,,excluded,long_stop_dwell_core
2024-04-25 09:07:56,4月25日08_00_4月25日18_00,0,0,0,0,0,0,0,0,3.28073,97,3.28073,88.9,6.127,83.4,5.13554,94.8,4.29312,97,4.43846,96.9,26.2,0,0,0,0,0,0,0,0,3.42612,95,3.71628,97.1,3.00742,96.5,3.02894,95.8,3.28662,94.2,3.28662,94.9,19,0,46.30758,46.30758,94.2916666667,12,False,45.2,True,0,linear,normal_operation,none,True,train_parent_020_01,train,accepted_train
2024-04-25 09:08:26,4月25日08_00_4月25日18_00,0,0,0,0,0,0,0,0,3.70962,97,3.99369,88.9,3.5648,83.4,3.13591,94.8,5.56884,97,5.6916,96.9,27.1,0,0,0,0,0,0,0,0,3.00204,95,3.14154,97.1,3.00742,96.4,3.02894,95.8,3.5712,94.1,3.71628,94.9,18.8,0,45.13188,45.13188,94.275,12,False,45.9,True,0,linear,normal_operation,none,True,train_parent_020_01,train,accepted_train
2024-04-25 09:08:56,4月25日08_00_4月25日18_00,0,0,0,0,0,0,0,0,4.70665,97,4.70665,88.9,3.14154,83.4,2.99666,94.8,4.57002,96.9,4.8546,96.9,26.3,0,0,0,0,0,0,0,0,3.28662,94.9,3.71628,97.1,3.14717,96.4,3.02894,95.8,3.42612,94.1,3.5712,94.9,18.8,0,45.15245,45.15245,94.2583333333,12,False,45.1,True,0,linear,normal_operation,none,True,train_parent_020_01,train,accepted_train
2024-04-25 09:09:26,4月25日08_00_4月25日18_00,0,0,0,0,0,0,0,0,4.13294,96.9,4.27776,88.8,6.2941,83.4,5.8485,94.8,2.2919,96.9,2.43165,96.9,26.6,0,0,0,0,0,0,0,0,2.57238,94.9,2.71674,97,3.5776,96.4,3.31018,95.7,3.71628,94.1,3.85578,94.9,19.1,0,45.02581,45.02581,94.225,12,False,45.7,True,0,linear,normal_operation,none,True,train_parent_020_01,train,accepted_train
2024-04-25 09:09:56,4月25日08_00_4月25日18_00,0,0,0,0,0,0,0,0,5.838,96.9,6.2828,88.8,2.71188,83.3,2.70702,94.7,4.00803,96.9,4.00803,96.9,27,0,0,0,0,0,0,0,0,2.2878,94.9,2.57699,97,3.43226,96.4,3.45068,95.7,4.00086,94.1,4.00086,94.9,19,0,45.30521,45.30521,94.2083333333,12,False,46,True,0,linear,normal_operation,none,True,train_parent_020_01,train,accepted_train
2024-04-25 09:10:26,4月25日08_00_4月25日18_00,0,0,0,0,0,0,0,0,3.5648,96.9,3.5648,88.8,5.27479,83.3,4.99072,94.7,4.29312,96.9,4.29312,96.8,27.2,0,0,0,0,0,0,0,0,2.14272,94.9,2.57699,97,5.28426,96.4,5.03552,95.7,2.4273,94.1,2.4273,94.8,18.8,0,45.87544,45.87544,94.1916666667,12,False,46,True,0,linear,normal_operation,none,True,train_parent_020_01,train,accepted_train
2024-04-25 09:10:56,4月25日08_00_4月25日18_00,0,0,0,0,0,0,0,0,2.85184,96.9,3.13591,88.8,6.127,83.3,5.6814,94.7,3.72294,96.9,3.72294,96.8,26.6,0,0,0,0,0,0,0,0,2.57238,94.9,2.71674,97,3.43226,96.3,3.31018,95.7,3.71628,94.1,3.85578,94.8,18.9,0,44.84565,44.84565,94.1833333333,12,False,45.5,True,0,linear,normal_operation,none,True,train_parent_020_01,train,accepted_train
2024-04-25 09:11:26,4月25日08_00_4月25日18_00,0,0,0,0,0,0,0,0,4.42258,96.8,4.56183,88.7,6.2941,83.3,6.0156,94.7,6.696,96.8,6.975,96.8,26.5,0,0,0,0,0,0,0,0,5.42934,94.9,5.6916,97,4.99968,96.3,4.8894,95.7,6.0264,94,6.138,94.8,18.7,0,68.13953,68.13953,94.15,12,False,45.2,True,0,linear,normal_operation,none,True,train_parent_020_01,train,accepted_train
2024-04-25 09:11:56,4月25日08_00_4月25日18_00,0,0,0,0,0,0,0,0,12.765,96.8,13.098,88.7,12.9548,83.2,12.4875,94.6,12.254,96.8,12.6996,96.7,26.8,0,0,0,0,0,0,0,0,10.3972,94.8,10.2488,96.9,9.8589,96.3,8.6394,95.6,10.5273,94,10.9729,94.8,18.8,0,136.9034,136.9034,94.1,12,False,45.6,True,0,linear,normal_operation,none,True,train_parent_020_01,train,accepted_train
2024-04-25 09:12:26,4月25日08_00_4月25日18_00,0,0,0,0,0,0,0,0,14.9026,96.7,15.1796,88.6,15.651,83.1,14.1824,94.5,13.2328,96.7,13.7888,96.7,28.3,0,0,0,0,0,0,0,0,13.4865,94.8,13.3996,96.9,18.5925,96.2,18.6147,95.6,13.3996,93.9,13.3996,94.7,18.7,0,177.8297,177.8297,94.0333333333,12,False,47,True,0.1,linear,normal_operation,none,True,train_parent_020_01,train,accepted_train
2024-04-25 09:12:56,4月25日08_00_4月25日18_00,0,0,0,0,0,0,0,0,14.4594,96.6,14.4594,88.5,13.764,83,12.9315,94.5,15.6792,96.6,15.9572,96.6,30.2,0,0,0,0,0,0,0,0,18.282,94.7,18.0375,96.8,17.9265,96.1,17.856,95.5,16.0395,93.8,16.317,94.6,18.9,0,191.7092,191.7092,93.9416666667,12,False,49.1,True,0.1,linear,normal_operation,none,True,train_parent_020_01,train,accepted_train
2024-04-25 09:13:26,4月25日08_00_4月25日18_00,0,0,0,0,0,0,0,0,11.1908,96.6,11.911,88.5,12.654,83,11.3775,94.4,11.7872,96.6,12.3988,96.5,27.6,0,0,0,0,0,0,0,0,17.174,94.6,17.0385,96.7,14.0668,96,13.1924,95.4,14.652,93.8,14.652,94.5,19.3,0,162.095,162.095,93.8833333333,12,False,46.9,True,2.2,linear,normal_operation,none,True,train_parent_020_01,train,accepted_train
2024-04-25 09:13:56,4月25日08_00_4月25日18_00,0,0,0,0,0,0,0,0,10.3598,96.5,10.4895,88.4,8.6736,82.9,7.9365,94.4,9.2462,96.5,9.6918,96.4,28.2,0,0,0,0,0,0,0,0,6.394,94.5,6.0156,96.6,5.41961,96,6.0588,95.3,6.2941,93.7,6.394,94.5,18.8,0,92.97351,92.97351,93.8083333333,12,False,47,True,2.2,linear,normal_operation,none,True,train_parent_020_01,train,accepted_train
2024-04-25 09:14:26,4月25日08_00_4月25日18_00,0,0,0,0,0,0,0,0,5.6712,96.5,6.672,88.4,4.27776,82.9,3.84887,94.3,5.14476,96.5,5.42934,96.4,26.8,0,0,0,0,0,0,0,0,11.211,94.5,10.9532,96.6,13.6776,95.9,14.168,95.3,12.3988,93.7,12.788,94.4,20.2,0,106.24053,106.24053,93.7833333333,12,False,47,True,2.48421052632,linear,normal_operation,none,True,train_parent_020_01,train,accepted_train
2024-04-25 09:14:56,4月25日08_00_4月25日18_00,0,0,0,0,0,0,0,0,3.13028,96.5,3.5584,88.4,6.4055,82.9,6.0048,94.3,3.42612,96.4,3.5712,96.4,27.6,0,0,0,0,0,0,0,0,12.9315,94.4,12.6768,96.5,15.2344,95.8,14.5899,95.2,12.51,93.6,12.6768,94.4,20.1,0,106.7157,106.7157,93.7333333333,12,False,47.7,True,1.8,linear,normal_operation,none,True,train_parent_020_01,train,accepted_train
2024-04-25 09:15:26,4月25日08_00_4月25日18_00,0,0,0,0,0,0,0,0,4.12552,96.4,4.55364,88.3,6.5726,82.8,6.0048,94.3,5.14476,96.4,4.43052,96.4,26.6,0,0,0,0,0,0,0,0,11.211,94.4,11.12,96.5,10.842,95.8,10.752,95.1,13.2328,93.5,13.653,94.3,20.1,0,101.64264,101.64264,93.6833333333,12,False,46.7,True,1.89,linear,normal_operation,none,True,train_parent_020_01,train,accepted_train
2024-04-25 09:15:56,4月25日08_00_4月25日18_00,0,0,0,0,0,0,0,0,5.40988,96.4,5.26532,88.3,6.2941,82.8,5.6712,94.2,6.696,96.4,6.8634,96.3,27,0,0,0,0,0,0,0,0,25.1712,94.3,24.7744,96.4,32.6232,95.6,32.4704,95,22.3816,93.4,23.1018,94.2,20.3,0,196.7225,196.7225,93.6083333333,12,False,47.3,True,2.1,linear,normal_operation,none,True,train_parent_020_01,train,accepted_train
2024-04-25 09:16:26,4月25日08_00_4月25日18_00,0,0,0,0,0,0,0,0,6.95,96.4,6.8388,88.3,6.684,82.8,6.2828,94.2,7.8678,96.3,7.8678,96.3,26.6,0,0,0,0,0,0,0,0,29.6438,94.1,29.532,96.2,24.9403,95.5,25.0756,94.9,31.0776,93.3,31.9608,94,20.2,0,214.7213,214.7213,93.525,12,False,46.8,True,5.51666666667,linear,normal_operation,none,True,train_parent_020_01,train,accepted_train
2024-04-25 09:16:56,4月25日08_00_4月25日18_00,0,0,0,0,0,0,0,0,13.098,96.3,13.4865,88.2,16.0395,82.7,15.318,94.2,12.9781,96.3,12.811,96.2,27.5,0,0,0,0,0,0,0,0,28.2112,93.9,27.7104,96.1,31.0776,95.3,30.525,94.7,25.7232,93.1,26.1648,93.9,20.3,0,253.1433,253.1433,93.4083333333,12,False,47.8,True,6.6,linear,normal_operation,none,True,train_parent_020_01,train,accepted_train
2024-04-25 09:17:26,4月25日08_00_4月25日18_00,0,0,0,0,0,0,0,0,20.2398,96.2,21.2352,88.1,20.7928,82.6,19.4103,94.1,18.759,96.2,18.315,96.2,26.8,0,0,0,0,0,0,0,0,28.652,93.8,27.7104,95.9,27.0417,95.2,25.9096,94.6,23.9449,93,24.9403,93.7,19.7,0,276.951,276.951,93.3,12,False,46.5,True,7.7,linear,normal_operation,none,True,train_parent_020_01,train,accepted_train
2024-04-25 09:17:56,4月25日08_00_4月25日18_00,0,0,0,0,0,0,0,0,29.865,96.1,30.58,88,32.4539,82.4,30.7458,93.9,26.8758,96.1,27.2076,96,27.8,0,0,0,0,0,0,0,0,29.3132,93.6,28.5384,95.8,28.8666,95,28.634,94.4,30.36,92.8,31.6296,93.6,20,0,355.0699,355.0699,93.1416666667,12,False,47.8,True,8.18,linear,normal_operation,none,True,train_parent_020_01,train,accepted_train
2024-04-25 09:18:26,4月25日08_00_4月25日18_00,0,0,0,0,0,0,0,0,35.8497,95.9,35.685,87.8,36.63,82.3,34.375,93.8,36.5313,95.9,36.8068,95.9,26.6,0,0,0,0,0,0,0,0,32.1784,93.5,30.7458,95.6,32.7888,94.9,32.523,94.3,32.0131,92.7,32.7294,93.4,19.9,0,408.8563,408.8563,93,12,False,46.5,True,8.9,linear,normal_operation,none,True,train_parent_020_01,train,accepted_train
2024-04-25 09:18:56,4月25日08_00_4月25日18_00,0,0,0,0,0,0,0,0,31.1832,95.7,31.515,87.6,31.955,82.1,29.975,93.6,32.4539,95.7,33.1702,95.7,26.1,0,0,0,0,0,0,0,0,31.9029,93.3,30.9111,95.4,33.3408,94.7,33.078,94.1,30.6912,92.5,32.1784,93.2,18.5,0,382.3547,382.3547,92.8,12,False,44.6,True,9.22380952381,linear,normal_operation,none,True,train_parent_020_01,train,accepted_train
2024-04-25 09:19:26,4月25日08_00_4月25日18_00,0,0,0,0,0,0,0,0,29.425,95.6,29.865,87.5,31.955,81.9,29.59,93.4,32.2886,95.6,32.4539,95.5,27.7,0,0,0,0,0,0,0,0,32.4539,93.1,31.5723,95.3,31.9608,94.5,31.6905,93.9,30.2496,92.3,31.6296,93.1,18.5,0,375.1342,375.1342,92.6416666667,12,False,46.2,True,9.5,linear,normal_operation,none,True,train_parent_020_01,train,accepted_train
2024-04-25 09:19:56,4月25日08_00_4月25日18_00,0,0,0,0,0,0,0,0,29.865,95.4,30.69,87.3,31.1866,81.7,29.59,93.3,31.7376,95.4,32.0131,95.3,27.5,0,0,0,0,0,0,0,0,32.2886,93,32.0131,95.1,30.084,94.4,29.9128,93.7,30.6912,92.2,32.5128,92.9,18.7,0,372.5848,372.5848,92.475,12,False,46.2,True,9.5,linear,normal_operation,none,True,train_parent_020_01,train,accepted_train
2024-04-25 09:20:26,4月25日08_00_4月25日18_00,0,0,0,0,0,0,0,0,30.58,95.3,31.24,87.1,32.67,81.6,30.415,93.1,30.9672,95.2,31.5192,95.2,28.4,0,0,0,0,0,0,0,0,31.5723,92.8,30.9111,94.9,32.0712,94.2,31.1355,93.6,31.5192,92,32.3472,92.7,18.3,0,376.9479,376.9479,92.3083333333,12,False,46.7,True,9.5,linear,normal_operation,none,True,train_parent_020_01,train,accepted_train
2024-04-25 09:20:56,4月25日08_00_4月25日18_00,0,0,0,0,0,0,0,0,31.13,95.1,31.845,87,34.21,81.4,32.12,92.9,30.36,95.1,31.3536,95,29.8,0,0,0,0,0,0,0,0,32.5641,92.6,31.2968,94.8,32.5128,94,32.412,93.4,30.6912,91.8,31.3536,92.5,18.4,0,381.8491,381.8491,92.1333333333,12,False,48.2,True,9.5,linear,normal_operation,none,True,train_parent_020_01,train,accepted_train
2024-04-25 09:21:26,4月25日08_00_4月25日18_00,0,0,0,0,0,0,0,0,30.25,94.9,30.965,86.8,32.2886,81.2,30.58,92.8,30.8016,94.9,30.9672,94.8,29.9,0,0,0,0,0,0,0,0,32.4539,92.4,31.4621,94.6,31.7952,93.8,32.6895,93.2,30.8016,91.7,31.7952,92.4,18.8,0,376.8499,376.8499,91.9583333333,12,False,48.7,True,9.56,linear,normal_operation,none,True,train_parent_020_01,train,accepted_train
2024-04-25 09:21:56,4月25日08_00_4月25日18_00,0,0,0,0,0,0,0,0,30.855,94.8,30.855,86.6,26.2752,81,23.6256,92.6,29.6976,94.7,29.6976,94.7,28.8,0,0,0,0,0,0,0,0,30.9111,92.3,29.532,94.4,23.3366,93.7,23.1852,93.1,32.3472,91.5,33.0648,92.2,18.4,0,343.3829,343.3829,91.8,12,False,47.2,True,9.7,linear,normal_operation,none,True,train_parent_020_01,train,accepted_train
2024-04-25 09:22:26,4月25日08_00_4月25日18_00,0,0,0,0,0,0,0,0,14.4333,94.7,14.5992,86.5,16.62,81,15.4566,92.5,18.559,94.6,18.7252,94.5,28.2,0,0,0,0,0,0,0,0,16.0106,92.2,15.651,94.3,13.9556,93.6,14.0309,93,15.207,91.4,15.762,92.1,18.2,0,189.0104,189.0104,91.7,12,False,46.4,True,9.13333333333,linear,normal_operation,none,True,train_parent_020_01,train,accepted_train
2024-04-25 09:22:56,4月25日08_00_4月25日18_00,0,0,0,0,0,0,0,0,16.9771,94.6,17.4195,86.4,18.005,80.9,16.7308,92.4,16.317,94.5,15.9285,94.4,25.8,0,0,0,0,0,0,0,0,14.652,92.1,14.208,94.3,18.204,93.5,17.577,92.9,15.0405,91.3,15.651,92,18.4,0,196.7104,196.7104,91.6083333333,12,False,44.2,True,8,linear,normal_operation,none,True,train_parent_020_01,train,accepted_train
2024-04-25 09:23:26,4月25日08_00_4月25日18_00,0,0,0,0,0,0,0,0,16.7006,94.5,17.143,86.3,19.2792,80.8,17.728,92.3,18.0375,94.4,18.315,94.4,26.5,0,0,0,0,0,0,0,0,16.62,92,16.65,94.2,13.6776,93.4,13.7514,92.8,16.65,91.3,17.0385,91.9,18.6,0,201.5908,201.5908,91.525,12,False,45.1,True,7.37368421053,linear,normal_operation,none,True,train_parent_020_01,train,accepted_train
2024-04-25 09:23:56,4月25日08_00_4月25日18_00,0,0,0,0,0,0,0,0,17.2536,94.4,17.696,86.2,17.0078,80.7,15.4566,92.3,17.316,94.3,17.76,94.3,27.6,0,0,0,0,0,0,0,0,13.209,91.9,13.3996,94.1,17.792,93.3,17.019,92.7,14.652,91.2,15.762,91.9,18.3,0,194.3236,194.3236,91.4416666667,12,False,45.9,True,7.1,linear,normal_operation,none,True,train_parent_020_01,train,accepted_train
2024-04-25 09:24:26,4月25日08_00_4月25日18_00,0,0,0,0,0,0,0,0,16.4241,94.3,17.2536,86.2,18.559,80.6,16.897,92.2,16.9275,94.2,17.4825,94.2,26.3,0,0,0,0,0,0,0,0,16.4835,91.8,16.317,94,15.6792,93.2,15.4008,92.7,15.9285,91.1,16.4835,91.8,18.4,0,199.8362,199.8362,91.3583333333,12,False,44.7,True,6.36666666667,linear,normal_operation,none,True,train_parent_020_01,train,accepted_train
2024-04-25 09:24:56,4月25日08_00_4月25日18_00,0,0,0,0,0,0,0,0,16.4241,94.2,16.897,86.1,17.451,80.5,16.1768,92.1,15.5124,94.2,16.0684,94.1,25.6,0,0,0,0,0,0,0,0,16.65,91.8,16.206,93.9,14.5116,93.2,13.8384,92.6,16.65,91,17.205,91.7,18.3,0,193.5907,193.5907,91.2833333333,12,False,43.9,True,6.3,linear,normal_operation,none,True,train_parent_020_01,train,accepted_train
2024-04-25 09:25:26,4月25日08_00_4月25日18_00,0,0,0,0,0,0,0,0,19.2444,94.1,19.6868,86,20.1656,80.4,19.2444,92,18.759,94.1,19.4805,94,34.3,0,0,0,0,0,0,0,0,15.651,91.7,15.207,93.8,17.514,93.1,17.298,92.5,15.9285,90.9,16.0395,91.6,18.4,0,214.2187,214.2187,91.1833333333,12,False,52.7,True,6,linear,normal_operation,none,True,train_parent_020_01,train,accepted_train
2024-04-25 09:25:56,4月25日08_00_4月25日18_00,0,0,0,0,0,0,0,0,17.2536,94,17.9725,85.9,19.8332,80.3,18.4482,91.9,19.203,94,19.0365,93.9,33,0,0,0,0,0,0,0,0,15.762,91.6,15.207,93.8,16.68,93,16.4052,92.4,15.207,90.8,16.4835,91.5,18.5,0,207.4917,207.4917,91.0916666667,12,False,51.5,True,6,linear,normal_operation,none,True,train_parent_020_01,train,accepted_train
2024-04-25 09:26:26,4月25日08_00_4月25日18_00,0,0,0,0,0,0,0,0,18.1384,93.9,18.9679,85.8,17.2848,80.2,16.62,91.8,18.4815,93.9,18.315,93.8,34.9,0,0,0,0,0,0,0,0,16.206,91.5,15.9285,93.7,17.236,92.9,16.0146,92.3,15.762,90.8,15.4845,91.4,18.4,0,204.4392,204.4392,91,12,False,53.3,True,6,linear,normal_operation,none,True,train_parent_020_01,train,accepted_train
2024-04-25 09:26:56,4月25日08_00_4月25日18_00,0,0,0,0,0,0,0,0,18.1384,93.8,18.802,85.7,19.8332,80.1,18.282,91.7,17.76,93.8,16.9275,93.7,36.2,0,0,0,0,0,0,0,0,17.205,91.4,16.206,93.6,15.5124,92.8,15.2892,92.2,15.651,90.7,15.9285,91.3,18.3,0,205.5352,205.5352,90.9,12,False,54.5,True,5.68,linear,normal_operation,none,True,train_parent_020_01,train,accepted_train
2024-04-25 09:27:26,4月25日08_00_4月25日18_00,0,0,0,0,2,0,1,0,18.6914,93.7,18.802,85.6,20.7928,80,20.4057,91.6,17.76,93.7,18.5925,93.6,37.5,0,0,0,0,0,0,0,0,16.65,91.3,16.761,93.5,15.0676,92.7,14.2848,92.2,16.206,90.6,17.4825,91.3,18.6,3,211.4963,214.4963,90.8166666667,12,False,56.1,True,5.5,linear,normal_operation,none,True,train_parent_020_01,train,accepted_train
2024-04-25 09:27:56,4月25日08_00_4月25日18_00,0,0,0,0,24,0,1,0,14.0162,93.6,14.0162,85.5,14.4855,79.9,12.9315,91.5,16.761,93.6,16.9275,93.5,37.4,0,0,0,0,0,0,0,0,15.4845,91.2,15.0405,93.4,16.2352,92.6,16.0973,92.1,15.9285,90.5,15.762,91.2,18.4,25,183.6859,208.6859,90.7166666667,12,False,55.8,True,5.67,linear,normal_operation,none,True,train_parent_020_01,train,accepted_train
2024-04-25 09:28:26,4月25日08_00_4月25日18_00,0,0,0,0,24,0,23,0,10.9335,93.6,11.1,85.4,12.099,79.8,11.211,91.4,11.954,93.5,12.51,93.4,37.8,0,0,0,0,0,0,0,0,16.0395,91.1,16.0395,93.3,17.514,92.6,16.9885,92,14.5116,90.4,14.6784,91.1,18.6,47,165.579,212.579,90.6333333333,12,False,56.4,True,5.3,linear,normal_operation,none,True,train_parent_020_01,train,accepted_train
2024-04-25 09:28:56,4月25日08_00_4月25日18_00,0,0,0,0,24,0,23,0,14.1824,93.5,14.1824,85.3,13.764,79.7,12.9315,91.4,11.697,93.4,12.5325,93.3,38.6,0,0,0,0,0,0,0,0,18.4482,91.1,17.9265,93.3,16.7912,92.5,16.74,91.9,18.204,90.3,18.204,91,24.7,47,185.6037,232.6037,90.5583333333,12,False,63.3,True,5.22,linear,normal_operation,none,True,train_parent_020_01,train,accepted_train
2024-04-25 09:29:26,4月25日08_00_4月25日18_00,0,0,0,0,24,0,23,0,12.9082,93.4,13.098,85.3,13.9305,79.7,13.209,91.3,12.9781,93.4,12.6996,93.3,39.4,0,0,0,0,0,0,0,0,18.1712,90.9,17.4825,93.1,17.9588,92.4,17.577,91.8,18.315,90.2,19.203,90.9,24.9,47,187.5309,234.5309,90.475,12,False,64.3,True,5.33888888889,linear,normal_operation,none,True,train_parent_020_01,train,accepted_train
2024-04-25 09:29:56,4月25日08_00_4月25日18_00,0,0,0,0,24,0,23,0,10.8225,93.4,10.656,85.2,12.21,79.6,11.211,91.3,12.254,93.3,13.4237,93.2,39,0,0,0,0,0,0,0,0,17.0078,90.9,16.4835,93.1,15.3456,92.3,15.2892,91.7,17.9265,90.1,17.5935,90.8,29.2,47,170.2233,217.2233,90.4083333333,12,False,68.2,True,5.7,linear,normal_operation,none,True,train_parent_020_01,train,accepted_train
2024-04-25 09:30:26,4月25日08_00_4月25日18_00,0,0,0,0,24,0,23,0,13.6284,93.3,14.208,85.1,13.764,79.5,12.654,91.2,12.9781,93.2,12.9781,93.1,39.5,1,0,0,0,0,0,0,0,17.8942,90.8,17.205,93,17.792,92.2,17.856,91.6,18.0375,90.1,17.9265,90.7,28.8,48,186.9218,234.9218,90.3166666667,12,False,68.3,True,5.56666666667,linear,normal_operation,none,True,train_parent_020_01,train,accepted_train
2024-04-25 09:30:56,4月25日08_00_4月25日18_00,0,0,0,0,24,0,23,0,10.9335,93.3,11.211,85.1,12.51,79.5,11.766,91.1,12.254,93.2,12.5325,93.1,40.1,1,0,1,0,0,0,0,0,17.0385,90.7,16.9275,92.9,19.869,92.1,19.9406,91.5,16.761,90,18.0375,90.6,30.4,49,179.7811,228.7811,90.2583333333,12,False,70.5,True,5.7,linear,normal_operation,none,True,train_parent_020_01,train,accepted_train
2024-04-25 09:31:26,4月25日08_00_4月25日18_00,0,0,0,0,24,0,23,0,16.1768,93.2,16.7308,85,18.559,79.4,18.1712,91.1,15.3456,93.1,15.2344,93,41,23,0,1,0,1,0,1,0,27.8712,90.6,27.4841,92.8,32.5717,92,32.1345,91.4,29.1431,89.8,30.1385,90.5,30.5,73,279.5609,352.5609,90.1583333333,12,False,71.5,True,5.615,linear,normal_operation,none,True,train_parent_020_01,train,accepted_train
2024-04-25 09:31:56,4月25日08_00_4月25日18_00,0,0,0,0,24,0,23,0,29.9193,93,30.305,84.9,30.36,79.2,28.704,90.9,25.6502,93,24.8192,92.9,40.3,23,0,23,0,11,0,1,0,31.5723,90.4,31.2432,92.6,32.6232,91.8,30.969,91.2,29.3664,89.7,30.0279,90.3,29,105,355.5597,460.5597,89.9916666667,12,False,69.3,True,6.2,linear,normal_operation,none,True,train_parent_020_01,train,accepted_train
2024-04-25 09:32:26,4月25日08_00_4月25日18_00,0,0,0,0,24,0,23,0,26.7786,92.9,27.1092,84.7,27.9864,79.1,26.2752,90.8,29.4196,92.8,29.309,92.7,40.9,24,0,24,0,24,0,23,0,26.5512,90.2,25.6039,92.5,21.7168,91.6,21.6284,91.1,24.7744,89.5,24.6085,90.2,28.7,142,311.7612,453.7612,89.8416666667,12,False,69.6,True,7.53333333333,linear,normal_operation,none,True,train_parent_020_01,train,accepted_train
2024-04-25 09:32:56,4月25日08_00_4月25日18_00,0,0,0,0,24,0,23,0,25.7868,92.8,26.1174,84.6,28.5384,78.9,25.9992,90.6,25.8804,92.7,26.2122,92.6,39.5,24,0,24,0,24,0,24,0,24.0555,90.1,23.3366,92.3,26.3704,91.5,26.0208,91,22.714,89.4,23.268,90.1,30.7,143,304.2997,447.2997,89.7166666667,12,False,70.2,True,7.6,linear,normal_operation,none,True,train_parent_020_01,train,accepted_train
2024-04-25 09:33:26,4月25日08_00_4月25日18_00,0,0,0,0,24,0,23,0,25.2358,92.6,25.1712,84.4,28.98,78.8,27.4949,90.5,25.7698,92.6,26.3228,92.5,40.8,23,0,24,0,24,0,24,0,24.4979,90,23.779,92.2,24.653,91.4,24.186,90.8,23.9882,89.3,24.099,89.9,29.1,142,304.1776,446.1776,89.5833333333,12,False,69.9,True,7.6,linear,normal_operation,none,True,train_parent_020_01,train,accepted_train
2024-04-25 09:33:56,4月25日08_00_4月25日18_00,0,0,0,0,24,0,23,0,26.3929,92.5,26.5031,84.3,26.8272,78.6,24.8952,90.4,26.0463,92.4,26.4887,92.3,39.7,24,0,24,0,25,0,24,0,23.9449,89.9,23.5025,92.1,24.099,91.2,23.63,90.7,23.9449,89.2,25.7698,89.8,28.9,144,302.0445,446.0445,89.45,12,False,68.6,True,7.6,linear,normal_operation,none,True,train_parent_020_01,train,accepted_train
2024-04-25 09:34:26,4月25日08_00_4月25日18_00,0,0,0,0,24,0,23,0,28.7622,92.3,28.7622,84.1,25.8336,78.5,24.564,90.2,27.2076,92.3,27.5947,92.2,39.2,24,0,24,0,24,0,25,0,25.4472,89.7,25.0509,92,23.9882,91.1,22.9072,90.6,23.779,89,24.7744,89.7,28.8,144,308.6712,452.6712,89.3083333333,12,False,68,True,7.4,linear,normal_operation,none,True,train_parent_020_01,train,accepted_train
2024-04-25 09:34:56,4月25日08_00_4月25日18_00,0,0,0,0,24,0,24,0,25.7868,92.2,26.2276,84,31.2968,78.3,28.652,90.1,27.5947,92.1,28.0371,92,40.8,24,0,24,0,25,0,25,0,25.8336,89.6,25.2168,91.8,24.2652,91,24.186,90.5,24.6085,88.9,26.2122,89.5,28.7,146,317.9173,463.9173,89.1666666667,12,False,69.5,True,7.485,linear,normal_operation,none,True,train_parent_020_01,train,accepted_train
2024-04-25 09:35:26,4月25日08_00_4月25日18_00,0,0,0,0,24,0,24,0,27.7704,92,28.4867,83.8,27.5448,78.2,25.7232,89.9,28.0371,92,28.1477,91.9,43,24,0,24,0,25,0,25,0,23.9449,89.5,23.6684,91.7,23.545,90.9,23.074,90.3,24.0555,88.8,24.4979,89.4,30,146,308.4956,454.4956,89.0333333333,12,False,73,True,7.5,linear,normal_operation,none,True,train_parent_020_01,train,accepted_train
2024-04-25 09:35:56,4月25日08_00_4月25日18_00,0,0,0,0,24,0,23,0,26.7786,91.9,26.7786,83.7,27.7104,78,25.7232,89.8,25.6039,91.8,25.7698,91.7,39.9,24,0,24,0,25,0,25,0,25.7232,89.3,25.2168,91.6,24.9854,90.7,24.3528,90.2,24.0555,88.7,24.6085,89.3,28.5,145,307.3067,452.3067,88.8916666667,12,False,68.4,True,7.5,linear,normal_operation,none,True,train_parent_020_01,train,accepted_train
2024-04-25 09:36:26,4月25日08_00_4月25日18_00,0,0,0,0,24,0,24,0,25.2358,91.8,26.1174,83.6,29.0377,77.9,27.1092,89.7,26.3228,91.7,26.8758,91.6,41.4,24,0,24,0,24,0,24,0,24.6085,89.2,23.6684,91.4,24.2652,90.6,24.3528,90.1,23.545,88.5,24.4979,89.1,29.1,144,305.6365,449.6365,88.7666666667,12,False,70.5,True,7.5,linear,normal_operation,none,True,train_parent_020_01,train,accepted_train
2024-04-25 09:36:56,4月25日08_00_4月25日18_00,0,0,0,0,24,0,24,0,26.5031,91.6,27.1092,83.4,24.288,77.7,23.0184,89.5,27.5947,91.5,27.8712,91.4,40.6,24,0,24,0,25,0,25,0,24.9403,89.1,24.0555,91.3,24.653,90.5,24.186,89.9,23.7112,88.4,24.2652,89,28.7,146,302.1958,448.1958,88.6083333333,12,False,69.3,True,7.585,linear,normal_operation,none,True,train_parent_020_01,train,accepted_train
2024-04-25 09:37:26,4月25日08_00_4月25日18_00,0,0,0,0,24,0,24,0,25.1256,91.5,25.9521,83.3,27.1584,77.6,25.4472,89.4,23.7112,91.4,24.332,91.3,39.7,24,0,24,0,25,0,25,0,23.3366,88.9,22.673,91.2,24.099,90.3,23.908,89.8,23.9449,88.3,24.7744,88.9,30.1,146,294.4624,440.4624,88.4916666667,12,False,69.8,True,7.63333333333,linear,normal_operation,none,True,train_parent_020_01,train,accepted_train
2024-04-25 09:37:56,4月25日08_00_4月25日18_00,0,0,0,0,24,0,24,0,25.7868,91.3,26.3929,83.1,28.5384,77.4,26.6684,89.2,26.5993,91.3,27.3182,91.2,40.1,24,0,24,0,25,0,24,0,24.9403,88.8,23.6684,91.1,24.9854,90.2,24.9088,89.7,25.4933,88.1,25.8804,88.7,30.4,145,311.1806,456.1806,88.3416666667,12,False,70.5,True,7.7,linear,normal_operation,none,True,train_parent_020_01,train,accepted_train
2024-04-25 09:38:26,4月25日08_00_4月25日18_00,0,0,0,0,24,0,24,0,26.2276,91.2,26.5031,83,26.5512,77.3,24.7296,89.1,25.8804,91.1,26.5993,91,39.5,24,0,24,0,24,0,25,0,24.7744,88.7,24.4979,90.9,24.376,90.1,23.7968,89.5,22.5478,88,23.3788,88.6,30.1,145,299.8629,444.8629,88.2083333333,12,False,69.6,True,7.77,linear,normal_operation,none,True,train_parent_020_01,train,accepted_train
2024-04-25 09:38:56,4月25日08_00_4月25日18_00,0,0,0,0,24,0,23,0,27.3847,91.1,27.1092,82.8,28.704,77.1,26.2276,89,25.7698,91,25.8804,90.9,40.3,24,0,24,0,25,0,25,0,27.1584,88.5,26.4887,90.8,26.2596,89.9,25.3536,89.4,26.2122,87.9,26.2122,88.5,30.1,145,318.7604,463.7604,88.075,12,False,70.4,True,7.9,linear,normal_operation,none,True,train_parent_020_01,train,accepted_train
2024-04-25 09:39:26,4月25日08_00_4月25日18_00,0,0,0,0,24,0,24,0,26.6684,90.9,27.4949,82.7,26.1648,77,24.564,88.8,27.7606,90.8,28.4795,90.7,40.7,24,0,24,0,25,0,25,0,25.9992,88.4,25.2168,90.7,25.8164,89.8,25.4648,89.3,24.0555,87.8,24.099,88.3,29.8,146,311.7839,457.7839,87.9333333333,12,False,70.5,True,8.13333333333,linear,normal_operation,none,True,train_parent_020_01,train,accepted_train
2024-04-25 09:39:56,4月25日08_00_4月25日18_00,0,0,1,0,24,0,24,0,25.5113,90.8,25.6766,82.6,28.5384,76.8,26.6684,88.7,27.3182,90.7,27.2076,90.6,40.2,25,0,24,0,24,0,24,0,26.1648,88.2,25.2168,90.5,23.1018,89.7,22.9072,89.1,23.9882,87.6,24.653,88.2,24,146,306.9523,452.9523,87.7916666667,12,False,64.2,True,8.2,linear,normal_operation,none,True,train_parent_020_01,train,accepted_train
2024-04-25 09:40:26,4月25日08_00_4月25日18_00,0,0,14,0,24,0,24,0,23.9685,90.6,24.1776,82.4,24.4536,76.7,22.908,88.6,24.7744,90.6,25.3274,90.4,40.7,25,0,24,0,24,0,25,0,24.2214,88.1,23.3366,90.4,24.653,89.5,24.6308,89,23.7112,87.5,25.2168,88.1,23.8,160,291.3793,451.3793,87.6583333333,12,False,64.5,True,8.435,linear,normal_operation,none,True,train_parent_020_01,train,accepted_train
2024-04-25 09:40:56,4月25日08_00_4月25日18_00,0,0,18,0,24,0,24,0,23.9685,90.5,24.564,82.3,24.4536,76.6,23.2944,88.4,25.7698,90.4,25.3274,90.3,41.6,25,0,24,0,25,0,24,0,24.332,88,23.3366,90.3,25.5394,89.4,25.3536,88.9,24.332,87.4,26.2122,88,23.9,164,296.4835,460.4835,87.5416666667,12,False,65.5,True,8.5,linear,normal_operation,none,True,train_parent_020_01,train,accepted_train
2024-04-25 09:41:26,4月25日08_00_4月25日18_00,0,0,18,0,24,0,24,0,22.1904,90.4,22.4664,82.2,23.6684,76.4,21.7488,88.3,21.1074,90.3,21.1074,90.2,41,25,0,24,0,25,0,25,0,22.2306,87.9,21.7168,90.2,22.2708,89.3,22.6292,88.8,23.545,87.2,24.332,87.8,22.9,165,269.0132,434.0132,87.4166666667,12,False,63.9,True,8.8,linear,normal_operation,none,True,train_parent_020_01,train,accepted_train
2024-04-25 09:41:56,4月25日08_00_4月25日18_00,0,0,18,0,24,0,24,0,23.46,90.3,23.736,82,27.1584,76.3,25.5576,88.2,23.268,90.2,23.545,90.1,40.6,24,0,24,0,25,0,24,0,24.9403,87.7,24.4979,90,25.0962,89.2,24.9088,88.6,23.1018,87.1,24.2214,87.7,24.1,163,293.4914,456.4914,87.2833333333,12,False,64.7,True,8.62857142857,linear,normal_operation,none,True,train_parent_020_01,train,accepted_train
2024-04-25 09:42:26,4月25日08_00_4月25日18_00,1,0,18,0,24,0,24,0,23.184,90.1,23.2944,81.9,22.9495,76.2,21.3624,88.1,24.099,90,24.2652,89.9,41.6,25,0,24,0,24,0,24,0,23.9449,87.6,22.7836,89.9,23.9882,89,23.63,88.5,21.7168,87,22.1046,87.6,24.1,164,277.3226,441.3226,87.15,12,False,65.7,True,8.9,linear,normal_operation,none,True,train_parent_020_01,train,accepted_train
2024-04-25 09:42:56,4月25日08_00_4月25日18_00,1,0,18,0,24,0,24,0,22.7424,90,23.184,81.8,25.5576,76,24.012,88,22.2708,89.9,22.991,89.8,42,25,0,25,0,25,0,25,0,24.0555,87.5,22.7836,89.8,22.5478,88.9,22.796,88.4,23.822,86.9,24.2652,87.4,23.9,167,281.0279,448.0279,87.0333333333,12,False,65.9,True,8.65714285714,linear,normal_operation,none,True,train_parent_020_01,train,accepted_train
2024-04-25 09:43:26,4月25日08_00_4月25日18_00,1,0,18,0,25,0,24,0,22.4664,89.9,22.632,81.6,25.5576,75.9,23.6256,87.8,22.2708,89.8,22.714,89.7,41,24,0,24,0,25,0,25,0,23.6684,87.3,23.6684,89.7,23.3788,88.8,23.1852,88.3,23.7112,86.8,23.3788,87.3,23.8,166,280.2572,446.2572,86.9083333333,12,False,64.8,True,8.5,linear,normal_operation,none,True,train_parent_020_01,train,accepted_train
2024-04-25 09:43:56,4月25日08_00_4月25日18_00,1,0,18,0,24,0,24,0,23.9685,89.8,24.288,81.5,21.7882,75.8,19.9633,87.7,24.099,89.7,24.653,89.6,42,25,0,24,0,24,0,24,0,22.3412,87.2,21.2736,89.5,24.099,88.7,23.7968,88.1,22.5478,86.6,22.991,87.2,23.2,164,275.8094,439.8094,86.7833333333,12,False,65.2,True,8.5,linear,normal_operation,none,True,train_parent_020_01,train,accepted_train
2024-04-25 09:44:26,4月25日08_00_4月25日18_00,1,0,18,0,24,0,24,0,20.6448,89.6,20.4792,81.4,23.226,75.7,21.4011,87.6,23.545,89.6,23.7112,89.4,35.7,24,0,24,0,24,0,25,0,23.6684,87.1,23.0601,89.4,22.8248,88.5,22.4624,88,22.2708,86.5,22.991,87.1,23.5,164,270.2848,434.2848,86.6583333333,12,False,59.2,True,8.43333333333,linear,normal_operation,none,True,train_parent_020_01,train,accepted_train
2024-04-25 09:44:56,4月25日08_00_4月25日18_00,1,0,18,0,24,0,24,0,22.3008,89.5,22.4664,81.3,25.9992,75.5,23.2944,87.5,21.7168,89.4,22.714,89.3,35.4,25,0,25,0,25,0,24,0,23.6684,87,22.9495,89.3,20.0355,88.4,19.5507,87.9,21.7168,86.4,22.991,86.9,22.4,166,269.4035,435.4035,86.5333333333,12,False,57.8,True,8.3,linear,normal_operation,none,True,train_parent_020_01,train,accepted_train
2024-04-25 09:45:26,4月25日08_00_4月25日18_00,1,0,18,0,25,0,24,0,23.6256,89.4,24.1776,81.2,24.4536,75.4,22.632,87.3,23.7112,89.3,23.9882,89.2,36.8,25,0,25,0,25,0,24,0,20.2398,86.8,19.8332,89.2,23.7112,88.3,23.4632,87.8,20.8304,86.3,21.8276,86.8,22.6,167,272.4936,439.4936,86.4166666667,12,False,59.4,True,8.33157894737,linear,normal_operation,none,True,train_parent_020_01,train,accepted_train
2024-04-25 09:45:56,4月25日08_00_4月25日18_00,1,0,18,0,24,0,24,0,23.9685,89.3,24.012,81,21.2352,75.3,19.7974,87.2,24.2652,89.2,23.822,89.1,36.2,25,0,25,0,24,0,25,0,22.3412,86.7,22.1046,89.1,23.268,88.2,23.1852,87.7,23.545,86.2,24.653,86.7,22.2,166,276.1973,442.1973,86.3083333333,12,False,58.4,True,7.975,linear,normal_operation,none,True,train_parent_020_01,train,accepted_train
2024-04-25 09:46:26,4月25日08_00_4月25日18_00,1,0,18,0,25,0,24,0,20.6448,89.2,21.3624,80.9,25.4472,75.1,23.6256,87.1,21.2736,89,22.2708,88.9,35.6,24,0,25,0,25,0,25,0,22.9495,86.6,22.1046,89,21.1074,88,21.2217,87.5,23.1018,86,23.545,86.6,22.4,167,268.6544,435.6544,86.1583333333,12,False,58,True,7.9,linear,normal_operation,none,True,train_parent_020_01,train,accepted_train
2024-04-25 09:46:56,4月25日08_00_4月25日18_00,3,1,18,0,24,0,24,0,23.184,89,23.46,80.8,21.2352,75,19.4103,87,21.7168,88.9,22.2708,88.8,35.7,24,0,25,0,24,0,24,0,22.673,86.5,22.2708,88.8,22.991,87.9,22.6292,87.4,22.5478,85.9,22.3816,86.4,22.5,166,266.7705,432.7705,86.0333333333,12,False,58.2,True,7.82,linear,normal_operation,none,True,train_parent_020_01,train,accepted_train
2024-04-25 09:47:26,4月25日08_00_4月25日18_00,3,1,18,0,24,0,24,0,23.2944,88.9,23.736,80.7,26.4408,74.9,25.0056,86.9,22.2708,88.8,23.1018,88.7,34.4,34,0,34,0,33,0,25,0,19.7224,86.4,19.8332,88.7,19.314,87.8,19.3836,87.3,17.205,85.8,17.9265,86.3,22.3,195,257.2341,452.2341,85.9333333333,12,False,56.7,True,7.8,linear,normal_operation,none,True,train_parent_020_01,train,accepted_train
2024-04-25 09:47:56,4月25日08_00_4月25日18_00,3,1,18,0,24,0,24,0,20.6448,88.8,21.0312,80.5,23.184,74.8,22.0248,86.8,21.1074,88.7,21.9938,88.6,34.7,45,0,44,0,45,0,37,0,12.3765,86.3,11.7872,88.6,12.9548,87.7,12.4657,87.2,13.3996,85.7,14.0668,86.2,23.8,240,207.0366,447.0366,85.825,12,False,58.5,True,7.8,linear,normal_operation,none,True,train_parent_020_01,train,accepted_train
2024-04-25 09:48:26,4月25日08_00_4月25日18_00,3,1,18,0,24,0,24,0,23.46,88.7,23.184,80.4,19.9633,74.6,18.6914,86.6,22.2708,88.6,23.1018,88.4,34.9,46,0,45,0,46,0,46,0,12.765,86.2,12.51,88.6,12.4211,87.7,12.298,87.2,7.8537,85.7,7.9651,86.2,23.4,252,196.4842,448.4842,85.7416666667,12,False,58.3,True,7.8,linear,normal_operation,none,True,train_parent_020_01,train,accepted_train
2024-04-25 09:48:56,4月25日08_00_4月25日18_00,1,1,18,0,24,0,24,0,20.7552,88.6,21.3624,80.3,25.4472,74.5,23.9016,86.5,20.8304,88.5,21.2736,88.3,36,45,0,45,0,46,0,45,0,10.5084,86.2,10.2304,88.5,10.4159,87.6,10.2856,87.1,11.4185,85.6,11.954,86.1,24.1,248,198.3832,446.3832,85.65,12,False,60.1,True,7.8,linear,normal_operation,none,True,train_parent_020_01,train,accepted_train
2024-04-25 09:49:26,4月25日08_00_4月25日18_00,0,0,18,0,25,0,24,0,22.0248,88.4,21.9144,80.2,20.2398,74.4,19.9633,86.4,22.8248,88.3,23.9882,88.2,34.3,45,0,45,0,46,0,46,0,10.1192,86.1,9.6918,88.5,9.8589,87.5,9.632,87.1,10.6944,85.5,10.6944,86.1,22.3,249,191.646,440.646,85.5583333333,12,False,56.6,True,7.8,linear,normal_operation,none,True,train_parent_020_01,train,accepted_train
2024-04-25 09:49:56,4月25日08_00_4月25日18_00,0,0,18,0,34,0,31,0,18.6576,88.3,19.0992,80.1,19.6868,74.3,18.5255,86.3,19.0365,88.2,19.5915,88.1,35.3,46,0,45,0,46,0,46,0,10.6752,86,10.1374,88.4,10.8615,87.5,10.304,87,9.4133,85.5,9.8589,86,22.3,266,175.8474,441.8474,85.475,12,False,57.6,True,7.8,linear,normal_operation,none,True,train_parent_020_01,train,accepted_train
2024-04-25 09:50:26,4月25日08_00_4月25日18_00,0,0,18,0,34,0,34,0,19.4856,88.2,20.3688,79.9,20.1292,74.2,18.6914,86.2,20.0355,88.1,20.1656,88,33.4,45,0,45,0,46,0,46,0,10.3972,86,10.4159,88.4,11.4185,87.4,10.192,86.9,9.6918,85.4,9.6918,86,23.2,268,180.6833,448.6833,85.3916666667,12,False,56.6,True,7.9,linear,normal_operation,none,True,train_parent_020_01,train,accepted_train
2024-04-25 09:50:56,4月25日08_00_4月25日18_00,6,0,18,0,35,0,34,0,18.5255,88.1,18.6914,79.8,17.0078,74,16.62,86.1,19.203,88,19.869,87.9,34.3,46,0,45,0,46,0,46,0,9.3964,85.9,9.2462,88.3,10.4159,87.4,9.744,86.9,8.1322,85.4,8.9677,85.9,24,276,165.8191,441.8191,85.3083333333,12,False,58.3,True,7.98571428571,linear,normal_operation,none,True,train_parent_020_01,train,accepted_train
2024-04-25 09:51:26,4月25日08_00_4月25日18_00,5,0,19,0,35,0,34,0,17.9725,88,18.5255,79.7,19.6868,74,18.1384,86,19.203,87.9,19.0365,87.8,36.2,46,0,45,0,46,0,46,0,9.5632,85.9,8.6892,88.3,10.4159,87.3,9.632,86.8,11.2514,85.3,11.8084,85.9,22.2,276,173.9228,449.9228,85.2416666667,12,False,58.4,True,8,linear,normal_operation,none,True,train_parent_020_01,train,accepted_train
2024-04-25 09:51:56,4月25日08_00_4月25日18_00,0,0,18,0,35,0,35,0,18.802,87.9,19.2444,79.6,21.0693,73.8,20.4057,85.9,18.5925,87.8,19.0365,87.7,34.3,46,0,45,0,46,0,46,0,10.6752,85.8,10.2488,88.2,10.6944,87.3,10.752,86.8,9.9703,85.3,10.1374,85.8,23.7,271,179.6285,450.6285,85.1583333333,12,False,58,True,8.08095238095,linear,normal_operation,none,True,train_parent_020_01,train,accepted_train
2024-04-25 09:52:26,4月25日08_00_4月25日18_00,0,0,19,0,35,0,35,0,18.9336,87.8,19.6868,79.5,22.5071,73.7,20.9587,85.8,17.0385,87.7,16.761,87.6,34.9,46,0,45,0,46,0,46,0,10.842,85.8,10.5273,88.1,11.697,87.2,10.92,86.7,9.1348,85.2,10.1374,85.7,22.3,272,179.1442,451.1442,85.0666666667,12,False,57.2,True,8.06,linear,normal_operation,none,True,train_parent_020_01,train,accepted_train
2024-04-25 09:52:56,4月25日08_00_4月25日18_00,0,0,21,0,35,0,35,0,18.9336,87.7,19.7974,79.4,17.2848,73.6,16.62,85.7,19.0365,87.6,18.87,87.5,36.1,45,0,45,0,46,0,46,0,10.2304,85.7,9.2462,88.1,10.5273,87.1,9.464,86.7,10.5273,85.2,11.5299,85.7,22.2,273,172.0674,445.0674,85,12,False,58.3,True,8.08571428571,linear,normal_operation,none,True,train_parent_020_01,train,accepted_train
2024-04-25 09:53:26,4月25日08_00_4月25日18_00,0,0,22,0,35,0,35,0,18.5255,87.6,18.5255,79.3,19.4103,73.5,17.8619,85.6,19.758,87.5,19.758,87.4,34.3,45,0,46,0,46,0,46,0,9.6744,85.7,9.5804,88,8.7048,87.1,8.904,86.6,11.4185,85.1,11.4185,85.6,24.2,275,173.5398,448.5398,84.9166666667,12,False,58.5,True,8.16666666667,linear,normal_operation,none,True,train_parent_020_01,train,accepted_train
2024-04-25 09:53:56,4月25日08_00_4月25日18_00,0,0,18,0,35,0,35,0,19.0992,87.5,19.6868,79.2,20.4057,73.4,18.6914,85.5,18.759,87.4,19.203,87.3,36.2,45,0,45,0,46,0,46,0,9.9524,85.6,9.6918,88,10.9729,87,9.744,86.6,7.4081,85.1,7.2967,85.6,22.3,270,170.911,440.911,84.85,12,False,58.5,True,8.22,linear,normal_operation,none,True,train_parent_020_01,train,accepted_train
2024-04-25 09:54:26,4月25日08_00_4月25日18_00,0,0,19,0,44,0,35,0,16.8665,87.4,16.9771,79.1,17.2848,73.3,16.2876,85.4,16.761,87.3,17.0385,87.2,34.3,46,0,45,0,46,0,46,0,10.5084,85.6,10.1374,87.9,10.5273,87,10.304,86.5,9.9703,85,10.9729,85.5,22.2,281,163.6358,444.6358,84.7666666667,12,False,56.5,True,8.1619047619,linear,normal_operation,none,True,train_parent_020_01,train,accepted_train
2024-04-25 09:54:56,4月25日08_00_4月25日18_00,0,0,19,0,45,0,45,0,17.4195,87.3,16.9771,79,16.4538,73.2,15.2904,85.3,17.4825,87.2,17.5935,87.1,34.9,46,0,45,0,46,0,46,0,10.2304,85.5,9.5804,87.9,9.1512,86.9,9.464,86.5,10.5273,85,9.9703,85.5,22.1,292,160.1404,452.1404,84.7,12,False,57,True,8.1,linear,normal_operation,none,True,train_parent_020_01,train,accepted_train
2024-04-25 09:55:26,4月25日08_00_4月25日18_00,0,0,20,0,46,0,45,0,15.9817,87.2,15.7052,79,16.4538,73.1,15.1796,85.3,15.9572,87.1,16.65,87,33.3,46,0,45,0,46,0,46,0,10.1192,85.4,9.6918,87.8,10.2488,86.9,11.18,86.4,7.9651,84.9,7.8537,85.4,22.3,294,152.9861,446.9861,84.625,12,False,55.6,True,8.26666666667,linear,normal_operation,none,True,train_parent_020_01,train,accepted_train
2024-04-25 09:55:56,4月25日08_00_4月25日18_00,0,0,21,0,46,0,46,0,16.2582,87.2,16.59,78.9,15.2904,73,14.0162,85.2,15.7904,87.1,15.5124,86.9,34.2,45,0,45,0,46,0,46,0,9.1348,85.4,9.5804,87.8,10.4159,86.8,9.632,86.3,9.4133,84.9,8.9677,85.4,22.3,295,150.6017,445.6017,84.575,12,False,56.5,True,8.4,linear,normal_operation,none,True,train_parent_020_01,train,accepted_train
2024-04-25 09:56:26,4月25日08_00_4月25日18_00,0,0,21,0,46,0,46,0,15.7052,87.1,16.2582,78.8,17.174,73,16.1768,85.1,17.205,87,17.4825,86.8,34.7,45,0,46,0,46,0,46,0,8.6892,85.3,7.8537,87.7,9.9703,86.8,10.192,86.3,10.5273,84.8,11.5299,85.3,22.3,296,158.7641,454.7641,84.5,12,False,57,True,8.28571428571,linear,normal_operation,none,True,train_parent_020_01,train,accepted_train
2024-04-25 09:56:56,4月25日08_00_4月25日18_00,0,0,21,0,46,0,46,0,13.9054,87,14.4594,78.7,16.1768,72.9,15.6228,85,14.7896,86.9,15.5124,86.7,33.9,46,0,45,0,46,0,46,0,10.3972,85.3,10.5273,87.7,7.5888,86.7,7.728,86.2,10.5273,84.8,11.5299,85.3,22.3,296,148.7649,444.7649,84.4333333333,12,False,56.2,True,8.1,linear,normal_operation,none,True,train_parent_020_01,train,accepted_train
2024-04-25 09:57:26,4月25日08_00_4月25日18_00,0,0,21,0,46,0,46,0,7.104,86.9,7.8255,78.6,5.6712,72.8,5.12632,84.9,8.5778,86.8,8.2436,86.7,33.9,46,0,45,0,46,0,46,0,-3.71176,85.2,-3.50493,87.6,-4.7544,86.7,-3.36076,86.2,-5.2472,84.7,-5.4544,85.2,22.1,296,16.51497,312.51497,84.3583333333,12,False,56,True,8,linear,normal_operation,none,True,train_parent_020_01,train,accepted_train
2024-04-25 09:57:56,4月25日08_00_4月25日18_00,0,0,21,0,46,0,46,0,12.0772,86.9,12.3765,78.6,11.9325,72.7,10.9335,84.9,10.2488,86.7,9.8589,86.6,33.8,46,0,45,0,46,0,46,0,-2.14656,85.3,-2.7048,87.7,-2.9512,86.7,-3.12465,86.2,-3.1304,84.7,-3.2984,85.2,23.3,296,50.07139,346.07139,84.35,12,False,57.1,True,7.36,linear,normal_operation,none,True,train_parent_020_01,train,accepted_train
2024-04-25 09:58:26,4月25日08_00_4月25日18_00,0,0,21,0,46,0,46,0,10.9335,86.8,11.1,78.5,9.3964,72.7,8.3956,84.8,9.9703,86.7,10.2488,86.5,33.8,46,0,46,0,46,0,46,0,-4.536,85.3,-4.07847,87.7,-1.8984,86.7,-1.90294,86.2,-2.6768,84.8,-2.7496,85.3,22.3,297,42.20239,339.20239,84.3333333333,12,False,56.1,True,6.9,linear,normal_operation,none,True,train_parent_020_01,train,accepted_train
2024-04-25 09:58:56,4月25日08_00_4月25日18_00,0,0,20,0,46,0,46,0,-2.13714,86.8,-2.1762,78.5,-5.13721,72.7,-5.12603,84.9,-2.0888,86.7,-2.1504,86.5,34.5,46,0,46,0,46,0,46,0,-8.0784,85.3,-7.9242,87.7,-9.1606,86.8,-8.9676,86.3,-10.7904,84.8,-11.24,85.3,22.3,296,-74.97698,221.02302,84.3583333333,12,False,56.8,True,6.305,linear,onboard_fc_charging,none,True,train_parent_020_01,train,accepted_train
2024-04-25 09:59:26,4月25日08_00_4月25日18_00,0,0,21,0,46,0,46,0,-12.6,86.9,-12.6,78.6,-13.8006,72.8,-12.7347,84.9,-8.992,86.7,-9.3292,86.6,33.7,46,0,46,0,46,0,46,0,-18.0723,85.4,-17.766,87.8,-21.809,86.9,-22.8336,86.4,-19.6272,84.9,-19.6836,85.4,22.1,297,-189.8482,107.1518,84.4416666667,12,False,55.8,True,5,linear,onboard_fc_charging,none,True,train_parent_020_01,train,accepted_train
2024-04-25 09:59:56,4月25日08_00_4月25日18_00,0,0,21,0,46,0,46,0,-9.744,86.9,-9.8,78.6,-11.8932,72.8,-11.5566,85,-10.0214,86.8,-10.5656,86.6,35.2,46,0,46,0,46,0,46,0,-23.6735,85.5,-22.4305,87.9,-21.5265,86.9,-21.6408,86.5,-23.956,85,-24.747,85.5,23.8,297,-201.5551,95.4449,84.5,12,False,59,True,5,linear,onboard_fc_charging,none,True,train_parent_020_01,train,accepted_train
2024-04-25 10:00:26,4月25日08_00_4月25日18_00,0,0,20,0,46,0,46,0,-2.1242,87,-3.93536,78.7,-2.7048,72.9,-2.3184,85,-5.35586,86.8,-5.1704,86.7,34.5,46,0,45,0,46,0,46,0,-23.1085,85.6,-23.2626,88,-23.7154,87.1,-23.5152,86.6,-22.5268,85.1,-22.8664,85.6,22.1,295,-160.60392,134.39608,84.5916666667,12,False,56.6,True,2.395,linear,onboard_fc_charging,none,True,train_parent_020_01,train,accepted_train
2024-04-25 10:00:56,4月25日08_00_4月25日18_00,0,0,21,0,46,0,46,0,-9.408,87,-9.184,78.7,-15.1178,72.9,-14.2186,85,-6.6316,86.9,-6.5192,86.7,34,46,0,46,0,46,0,46,0,-23.8286,85.7,-22.9796,88.1,-25.0047,87.2,-24.4101,86.7,-21.0552,85.2,-21.0552,85.7,22.3,297,-199.4126,97.5874,84.65,12,False,56.3,True,2.3619047619,linear,onboard_fc_charging,none,True,train_parent_020_01,train,accepted_train
2024-04-25 10:01:26,4月25日08_00_4月25日18_00,0,0,21,0,46,0,46,0,-13.8567,87,-14.2748,78.7,-8.6955,72.9,-8.0784,85.1,-12.7238,86.9,-12.6675,86.8,33.6,46,0,46,0,46,0,46,0,-24.5644,85.9,-24.0408,88.3,-22.5268,87.3,-22.6462,86.8,-22.8664,85.4,-23.6022,85.9,22.4,297,-210.5435,86.4565,84.75,12,False,56,True,1.9,linear,onboard_fc_charging,none,True,train_parent_020_01,train,accepted_train
2024-04-25 10:01:56,4月25日08_00_4月25日18_00,0,0,21,0,46,0,46,0,-10.4907,87.1,-10.6029,78.8,-12.083,73,-11.4648,85.1,-11.6184,87,-11.3726,86.8,33.9,46,0,46,0,46,0,46,0,-23.489,86,-22.7934,88.4,-21.508,87.4,-21.2237,87,-21.9042,85.5,-22.6966,86,23.4,297,-201.2473,95.7527,84.8416666667,12,False,57.3,True,1.9,linear,onboard_fc_charging,none,True,train_parent_020_01,train,accepted_train
2024-04-25 10:02:26,4月25日08_00_4月25日18_00,0,0,21,0,46,0,46,0,-10.7712,87.2,-10.2102,78.9,-11.6896,73.1,-11.1838,85.2,-11.1672,87,-10.9785,86.9,37.4,46,0,46,0,46,0,46,0,-24.8474,86.1,-25.2882,88.5,-22.3004,87.5,-21.7927,87.1,-22.1306,85.6,-22.64,86.1,22.3,297,-204.9998,92.0002,84.9333333333,12,False,59.7,True,1.9,linear,onboard_fc_charging,none,True,train_parent_020_01,train,accepted_train
2024-04-25 10:02:56,4月25日08_00_4月25日18_00,0,0,21,0,46,0,46,0,-10.3785,87.2,-10.2663,78.9,-8.7516,73.1,-8.7516,85.3,-10.5468,87.1,-10.8852,86.9,34.4,46,0,46,0,46,0,46,0,-23.489,86.2,-22.9635,88.6,-24.0975,87.7,-24.111,87.2,-22.3004,85.7,-22.8098,86.2,22.8,297,-199.3512,97.6488,85.0083333333,12,False,57.2,True,1.9,linear,onboard_fc_charging,none,True,train_parent_020_01,train,accepted_train
2024-04-25 10:03:26,4月25日08_00_4月25日18_00,0,0,21,0,46,0,46,0,-8.2467,87.3,-8.4711,79,-10.9028,73.2,-10.5094,85.3,-9.9828,87.2,-9.6273,87,34.2,46,0,45,0,46,0,46,0,-21.7344,86.4,-21.0357,88.7,-20.2062,87.8,-20.7685,87.3,-21.6212,85.8,-21.5646,86.3,23.6,296,-184.6707,111.3293,85.1083333333,12,False,57.8,True,1.9,linear,onboard_fc_charging,none,True,train_parent_020_01,train,accepted_train
2024-04-25 10:03:56,4月25日08_00_4月25日18_00,0,0,20,0,46,0,46,0,-11.521,87.3,-11.6896,79,-9.554,73.2,-9.1606,85.4,-9.87,87.2,-10.434,87.1,34.6,46,0,46,0,46,0,46,0,-19.0405,86.5,-18.1686,88.8,-18.3384,87.9,-17.6959,87.4,-18.6214,85.9,-19.0742,86.4,22.3,296,-173.1682,122.8318,85.175,12,False,56.9,True,1.9,linear,onboard_fc_charging,none,True,train_parent_020_01,train,accepted_train
2024-04-25 10:04:28,4月25日08_00_4月25日18_00,0,0,21,0,46,0,46,0,-11.6334,87.4,-11.6334,79.1,-11.521,73.3,-11.4648,85.4,-11.0544,87.3,-10.998,87.1,34.2,46,0,46,0,46,0,46,0,-22.5268,86.6,-21.9429,89,-24.6645,88,-24.396,87.5,-22.5099,86,-23.3604,86.6,22.6,297,-207.7055,89.2945,85.275,12,False,56.8,True,0.2,linear,ambiguous_external_supply,none,False,,excluded,ambiguous_external_supply
2024-04-25 10:04:56,4月25日08_00_4月25日18_00,0,0,21,0,46,0,46,0,-10.2284,87.4,-10.2846,79.1,-12.4986,73.4,-12.4986,85.5,-10.6032,87.3,-10.6596,87.2,34.2,46,0,46,0,46,0,46,0,-24.3243,86.7,-23.6439,89.1,-22.6233,88.1,-22.23,87.6,-23.1336,86.1,-23.5305,86.7,22.4,297,-206.2586,90.7414,85.35,12,False,56.6,True,0.2,linear,ambiguous_external_supply,none,False,,excluded,ambiguous_external_supply
2024-04-25 10:05:26,4月25日08_00_4月25日18_00,0,0,21,0,46,0,46,0,-11.6896,87.5,-12.0268,79.2,-11.3524,73.4,-10.9028,85.5,-11.3928,87.4,-11.3364,87.2,33.3,46,0,46,0,46,0,46,0,-22.5834,86.8,-22.0563,89.2,-23.0202,88.2,-23.427,87.7,-23.4171,86.3,-24.0975,86.8,22.4,297,-207.3023,89.6977,85.4333333333,12,False,55.7,True,0.2,linear,ambiguous_external_supply,none,False,,excluded,ambiguous_external_supply
2024-04-25 10:05:56,4月25日08_00_4月25日18_00,0,0,21,0,46,0,46,0,-12.0268,87.6,-12.1392,79.3,-10.8466,73.5,-10.5094,85.6,-11.1672,87.4,-11.2236,87.3,33.8,46,0,46,0,46,0,46,0,-22.64,87,-21.4893,89.3,-24.1542,88.4,-23.94,87.9,-23.1336,86.4,-23.4171,86.9,22.4,297,-206.687,90.313,85.55,12,False,56.2,True,0.2,linear,ambiguous_external_supply,none,False,,excluded,ambiguous_external_supply
2024-04-25 10:06:26,4月25日08_00_4月25日18_00,0,0,21,0,46,0,46,0,-11.5772,87.6,-11.8582,79.3,-10.678,73.5,-10.2284,85.7,-12.0132,87.5,-11.6184,87.4,34.4,46,0,46,0,46,0,46,0,-22.8098,87.1,-22.113,89.4,-24.0264,88.5,-23.94,88,-22.3398,86.5,-22.7934,87,22.2,297,-205.9958,91.0042,85.625,12,False,56.6,True,0,linear,ambiguous_external_supply,none,False,,excluded,ambiguous_external_supply
2024-04-25 10:06:56,4月25日08_00_4月25日18_00,0,0,21,0,46,0,46,0,-11.9706,87.7,-11.9706,79.4,-11.4289,73.6,-11.24,85.7,-11.0544,87.6,-10.9416,87.4,33.5,46,0,46,0,46,0,46,0,-23.1336,87.2,-22.4532,89.5,-24.0264,88.6,-23.883,88.1,-22.5099,86.6,-23.4171,87.2,22.3,297,-208.0293,88.9707,85.7166666667,12,False,55.8,True,0,linear,ambiguous_external_supply,none,False,,excluded,ambiguous_external_supply
2024-04-25 10:07:29,4月25日08_00_4月25日18_00,0,0,21,0,46,0,46,0,-11.8582,87.8,-11.802,79.5,-11.0348,73.6,-10.8466,85.8,-11.28,87.6,-11.1672,87.5,33.9,46,0,45,0,46,0,46,0,-22.7934,87.3,-21.9429,89.7,-23.3448,88.7,-23.142,88.2,-23.247,86.7,-23.9274,87.3,22.3,296,-206.3863,89.6137,85.8083333333,12,False,56.2,True,0,linear,ambiguous_external_supply,none,False,,excluded,ambiguous_external_supply
2024-04-25 10:07:56,4月25日08_00_4月25日18_00,0,0,21,0,46,0,46,0,-11.4086,87.8,-11.3524,79.5,-11.6541,73.7,-11.1474,85.8,-11.7876,87.7,-11.562,87.5,34.2,46,0,46,0,46,0,46,0,-23.7573,87.4,-23.288,89.8,-22.9472,88.9,-22.629,88.4,-23.1336,86.9,-24.0408,87.4,22.7,297,-208.708,88.292,85.9,12,False,56.9,True,0,linear,ambiguous_external_supply,none,False,,excluded,ambiguous_external_supply
2024-04-25 10:08:26,4月25日08_00_4月25日18_00,0,0,20,0,46,0,46,0,-11.24,87.9,-11.3524,79.6,-12.4986,73.8,-12.1045,85.9,-10.434,87.7,-10.3212,87.6,33.8,46,0,45,0,46,0,46,0,-24.1542,87.6,-23.2312,89.9,-22.8336,89,-22.8,88.5,-22.4532,87,-23.1336,87.5,22.5,295,-206.5565,88.4435,86,12,False,56.3,True,0,linear,ambiguous_external_supply,none,False,,excluded,ambiguous_external_supply
2024-04-25 10:08:56,4月25日08_00_4月25日18_00,0,0,21,0,46,0,46,0,-11.0152,87.9,-11.2962,79.6,-10.5281,73.8,-10.0777,86,-11.978,87.8,-11.844,87.6,33.1,46,0,46,0,46,0,46,0,-23.9274,87.7,-23.2312,90,-22.8904,89.1,-22.857,88.6,-23.004,87.1,-23.3037,87.7,22.4,297,-205.9529,91.0471,86.075,12,False,55.5,True,0,linear,ambiguous_external_supply,none,False,,excluded,ambiguous_external_supply
2024-04-25 10:09:26,4月25日08_00_4月25日18_00,0,0,21,0,46,0,46,0,-11.802,88,-11.8582,79.7,-9.3854,73.9,-9.6102,86,-12.2605,87.9,-12.091,87.7,35.5,46,0,46,0,46,0,46,0,-24.381,87.8,-24.0832,90.1,-22.72,89.2,-22.629,88.7,-22.7367,87.2,-23.1903,87.8,22.3,297,-206.7475,90.2525,86.1666666667,12,False,57.8,True,0,linear,ambiguous_external_supply,none,False,,excluded,ambiguous_external_supply
2024-04-25 10:09:56,4月25日08_00_4月25日18_00,0,0,21,0,46,0,46,0,-11.521,88.1,-11.521,79.8,-11.26,73.9,-10.9222,86.1,-11.074,87.9,-10.998,87.8,34,46,0,45,0,46,0,46,0,-24.3243,88,-23.4584,90.3,-22.6064,89.3,-22.458,88.8,-22.6064,87.3,-23.4171,87.9,22.4,296,-206.1668,89.8332,86.2666666667,12,False,56.4,True,0,linear,ambiguous_external_supply,none,False,,excluded,ambiguous_external_supply
2024-04-25 10:10:26,4月25日08_00_4月25日18_00,0,0,21,0,46,0,46,0,-10.6218,88.1,-10.9028,79.8,-12.1045,74,-11.5415,86.1,-10.848,88,-11.0544,87.8,34.7,46,0,46,0,46,0,46,0,-23.5305,88.1,-22.8904,90.4,-23.3448,89.5,-23.2968,89,-23.1176,87.5,-23.288,88,22.3,297,-206.5411,90.4589,86.3583333333,12,False,57,True,0,linear,ambiguous_external_supply,none,False,,excluded,ambiguous_external_supply
2024-04-25 10:10:56,4月25日08_00_4月25日18_00,4,0,20,0,46,0,46,0,-13.512,88.2,-13.4557,79.9,-14.1,74.1,-13.7372,86.2,-13.3905,88.1,-13.334,87.9,34.5,46,0,45,0,46,0,46,0,-23.5872,88.2,-22.436,90.5,-23.9696,89.6,-23.411,89.1,-22.8904,87.6,-23.1744,88.1,22.4,299,-220.998,78.002,86.4583333333,12,False,56.9,True,0,linear,ambiguous_external_supply,none,False,,excluded,ambiguous_external_supply
2024-04-25 10:11:26,4月25日08_00_4月25日18_00,4,0,21,0,46,0,46,0,-12.8364,88.2,-13.1179,80,-16.074,74.2,-15.3972,86.3,-13.6165,88.1,-13.56,88,34.3,46,0,45,0,46,0,46,0,-22.68,88.3,-21.9248,90.6,-23.3448,89.7,-22.84,89.2,-23.7992,87.7,-24.4808,88.3,22.5,300,-223.6716,76.3284,86.55,12,False,56.8,True,0,linear,ambiguous_external_supply,none,False,,excluded,ambiguous_external_supply
2024-04-25 10:11:56,4月25日08_00_4月25日18_00,4,0,20,0,46,0,46,0,-15.6792,88.3,-16.0176,80,-13.7052,74.2,-13.254,86.3,-15.4518,88.2,-15.3386,88,34.3,46,0,45,0,46,0,46,0,-23.814,88.4,-23.3448,90.7,-22.8904,89.8,-22.269,89.3,-22.8904,87.8,-23.7424,88.4,22.6,299,-228.3974,70.6026,86.6166666667,12,False,56.9,True,0,linear,ambiguous_external_supply,none,False,,excluded,ambiguous_external_supply
2024-04-25 10:12:26,4月25日08_00_4月25日18_00,0,0,20,0,46,0,46,0,-10.6407,88.4,-10.5281,80.1,-9.7962,74.3,-9.4021,86.4,-13.8425,88.3,-13.899,88.1,34.4,46,0,46,0,46,0,46,0,-24.8216,88.6,-23.9128,90.9,-22.436,89.9,-22.3261,89.4,-22.6064,87.9,-23.5152,88.5,22.7,296,-207.7267,88.2733,86.7333333333,12,False,57.1,True,0,linear,ambiguous_external_supply,none,False,,excluded,ambiguous_external_supply
2024-04-25 10:12:56,4月25日08_00_4月25日18_00,0,0,21,0,46,0,46,0,-10.9785,88.5,-10.9222,80.2,-10.8096,74.3,-10.5281,86.5,-12.543,88.4,-12.3735,88.2,33.4,37,0,41,0,46,0,46,0,-22.113,88.7,-22.152,91,-20.164,90.1,-19.494,89.5,-19.6182,88.1,-19.9584,88.6,22.6,283,-191.6545,91.3455,86.8416666667,12,False,56,True,0,linear,ambiguous_external_supply,none,False,,excluded,ambiguous_external_supply
2024-04-25 10:13:26,4月25日08_00_4月25日18_00,0,0,21,0,46,0,46,0,-10.397,88.5,-10.5094,80.2,-10.9222,74.4,-10.9785,86.5,-12.656,88.4,-12.317,88.2,34.1,26,0,26,0,37,0,31,0,-15.565,88.8,-14.8554,91.1,-12.7916,90.1,-12.9732,89.6,-13.7538,88.1,-13.7538,88.7,22.5,233,-151.4729,81.5271,86.8833333333,12,False,56.6,True,0,linear,ambiguous_external_supply,none,False,,excluded,ambiguous_external_supply
2024-04-25 10:13:56,4月25日08_00_4月25日18_00,0,0,21,0,46,0,46,0,-10.3408,88.6,-10.5281,80.3,-10.9222,74.5,-10.697,86.6,-12.9385,88.5,-12.7125,88.3,34.6,26,0,26,0,25,0,26,0,-11.8085,88.9,-11.2435,91.1,-11.5825,90.2,-11.644,89.7,-9.944,88.2,-10.848,88.8,22.2,216,-135.2096,80.7904,86.975,12,False,56.8,True,0,linear,ambiguous_external_supply,none,False,,excluded,ambiguous_external_supply
2024-04-25 10:14:26,4月25日08_00_4月25日18_00,0,0,20,0,46,0,46,0,-10.4155,88.6,-10.9222,80.3,-12.0482,74.5,-11.3726,86.6,-11.526,88.5,-11.2435,88.4,34.4,25,0,25,0,25,0,26,0,-9.8136,88.9,-9.4355,91.2,-13.0746,90.3,-12.8936,89.8,-10.5655,88.3,-11.074,88.8,22.4,213,-134.3848,78.6152,87.0166666667,12,False,56.8,True,0,linear,ambiguous_external_supply,none,False,,excluded,ambiguous_external_supply
2024-04-25 10:14:56,4月25日08_00_4月25日18_00,0,0,20,0,46,0,46,0,-10.8659,88.7,-10.9222,80.4,-10.8659,74.6,-10.6407,86.7,-12.091,88.6,-11.6955,88.4,33.7,25,0,25,0,25,0,26,0,-10.716,89,-10.509,91.3,-11.978,90.3,-11.8144,89.8,-10.6785,88.3,-10.6785,88.9,22.4,213,-133.4556,79.5444,87.0833333333,12,False,56.1,True,0,linear,ambiguous_external_supply,none,False,,excluded,ambiguous_external_supply
2024-04-25 10:15:26,4月25日08_00_4月25日18_00,0,0,21,0,46,0,46,0,-10.9222,88.7,-11.0911,80.4,-10.9785,74.6,-10.3592,86.7,-12.2605,88.7,-11.8085,88.5,34.3,25,0,25,0,26,0,25,0,-10.9416,89,-10.283,91.3,-10.622,90.4,-10.7352,89.9,-11.3565,88.4,-11.5825,89,23.9,214,-132.9408,81.0592,87.1333333333,12,False,58.2,True,0,linear,ambiguous_external_supply,none,False,,excluded,ambiguous_external_supply
2024-04-25 10:15:56,4月25日08_00_4月25日18_00,0,0,21,0,46,0,46,0,-10.9785,88.8,-11.1474,80.5,-11.0911,74.7,-10.4718,86.8,-12.091,88.7,-12.0345,88.6,34.5,25,0,25,0,25,0,26,0,-10.8288,89.1,-10.5655,91.4,-10.4525,90.5,-10.6216,89.9,-12.091,88.4,-12.43,89,22.5,214,-134.8037,79.1963,87.2,12,False,57,True,0,linear,ambiguous_external_supply,none,False,,excluded,ambiguous_external_supply
2024-04-25 10:16:26,4月25日08_00_4月25日18_00,0,0,20,0,46,0,46,0,-10.5281,88.9,-10.4155,80.6,-11.3163,74.7,-10.7533,86.8,-12.5995,88.8,-12.2605,88.6,34.3,25,0,25,0,25,0,25,0,-10.8288,89.1,-10.622,91.4,-10.6785,90.5,-10.8488,90,-10.9045,88.5,-11.4695,89.1,22.6,212,-133.2253,78.7747,87.25,12,False,56.9,True,0,linear,ambiguous_external_supply,none,False,,excluded,ambiguous_external_supply
2024-04-25 10:16:56,4月25日08_00_4月25日18_00,0,0,21,0,46,0,46,0,-10.9785,88.9,-11.2037,80.6,-11.0911,74.8,-10.3592,86.9,-12.0345,88.9,-11.9215,88.7,35,25,0,25,0,25,0,25,0,-10.716,89.2,-10.622,91.5,-11.526,90.6,-11.4736,90,-10.283,88.6,-10.961,89.1,22.5,213,-133.1701,79.8299,87.3166666667,12,False,57.5,True,0,linear,ambiguous_external_supply,none,False,,excluded,ambiguous_external_supply
2024-04-25 10:17:26,4月25日08_00_4月25日18_00,0,0,21,0,46,0,46,0,-11.2037,89,-11.4289,80.7,-11.26,74.9,-10.697,87,-11.865,88.9,-11.5825,88.8,34.2,25,0,25,0,25,0,25,0,-10.5468,89.3,-10.283,91.5,-11.978,90.6,-11.928,90.1,-10.283,88.6,-10.509,89.2,22.4,213,-133.5649,79.4351,87.3833333333,12,False,56.6,True,0,linear,ambiguous_external_supply,none,False,,excluded,ambiguous_external_supply
2024-04-25 10:17:56,4月25日08_00_4月25日18_00,0,0,21,0,46,0,46,0,-10.5281,89,-10.3592,80.7,-12.1824,74.9,-11.823,87,-11.187,89,-11.187,88.8,34.4,25,0,25,0,25,0,25,0,-11.1108,89.3,-10.4525,91.6,-11.3565,90.7,-11.1896,90.2,-10.961,88.7,-11.0175,89.3,22.8,213,-133.3546,79.6454,87.4333333333,12,False,57.2,True,0,linear,ambiguous_external_supply,none,False,,excluded,ambiguous_external_supply
2024-04-25 10:18:26,4月25日08_00_4月25日18_00,0,0,20,0,46,0,46,0,-11.0911,89.1,-11.3726,80.8,-11.6184,75,-10.9222,87.1,-11.2435,89,-11.0175,88.9,35.4,25,0,25,0,25,0,25,0,-11.9568,89.4,-11.5825,91.6,-9.831,90.7,-9.9968,90.2,-11.1305,88.7,-11.187,89.3,22.5,212,-132.9499,79.0501,87.4833333333,12,False,57.9,True,0,linear,ambiguous_external_supply,none,False,,excluded,ambiguous_external_supply
2024-04-25 10:18:56,4月25日08_00_4月25日18_00,0,0,20,0,25,0,26,0,-5.15354,89.1,-5.01304,80.8,-3.52936,75,-3.49002,87.1,-7.1628,89.1,-6.9936,88.9,34.6,25,0,24,0,25,0,25,0,-12.091,89.4,-11.639,91.7,-9.6615,90.8,-9.7128,90.3,-11.074,88.8,-11.1305,89.4,22.5,170,-96.65116,73.34884,87.5333333333,12,False,57.1,True,0,linear,ambiguous_external_supply,none,False,,excluded,ambiguous_external_supply
2024-04-25 10:19:26,4月25日08_00_4月25日18_00,0,0,21,0,25,0,26,0,-4.37019,89.2,-4.60581,80.9,-5.44016,75.1,-5.35586,87.1,-5.34672,89.1,-5.38056,89,35,25,0,25,0,25,0,25,0,-11.28,89.5,-10.509,91.8,-10.5655,90.9,-10.3376,90.3,-10.961,88.8,-11.2435,89.4,22.5,172,-95.3959,76.6041,87.5916666667,12,False,57.5,True,0,linear,ambiguous_external_supply,none,False,,excluded,ambiguous_external_supply
2024-04-25 10:19:56,4月25日08_00_4月25日18_00,0,0,21,0,25,0,26,0,-5.03778,89.2,-4.84143,80.9,-5.04114,75.1,-5.1423,87.2,-4.94314,89.2,-4.75172,89,35.2,25,0,25,0,25,0,25,0,-10.998,89.6,-10.5655,91.8,-11.5825,90.9,-11.5872,90.4,-10.5655,88.9,-10.6785,89.5,22.7,172,-95.73471,76.26529,87.6416666667,12,False,57.9,True,0,linear,ambiguous_external_supply,none,False,,excluded,ambiguous_external_supply
2024-04-25 10:20:26,4月25日08_00_4月25日18_00,0,0,21,0,25,0,25,0,-5.36316,89.2,-5.29584,80.9,-5.51322,75.1,-5.32214,87.2,-4.71794,89.2,-4.43644,89,35.2,25,0,25,0,25,0,25,0,-10.8852,89.6,-10.283,91.9,-12.1475,91,-12.2688,90.4,-9.8875,88.9,-10.2265,89.5,22.5,171,-96.34724,74.65276,87.6583333333,12,False,57.7,True,0,linear,ambiguous_external_supply,none,False,,excluded,ambiguous_external_supply
2024-04-25 10:20:56,4月25日08_00_4月25日18_00,0,0,21,0,25,0,25,0,-4.6563,89.2,-4.79655,80.9,-5.7886,75.1,-5.5076,87.2,-4.66727,89.2,-4.46459,89,35,25,0,25,0,25,0,25,0,-10.8852,89.7,-10.396,91.9,-11.4695,91,-11.4736,90.5,-10.283,89,-10.5655,89.6,22.5,171,-94.95371,76.04629,87.6916666667,12,False,57.5,True,0,linear,ambiguous_external_supply,none,False,,excluded,ambiguous_external_supply
2024-04-25 10:21:26,4月25日08_00_4月25日18_00,0,0,20,0,25,0,25,0,-6.3393,89.3,-6.2944,81,-3.91152,75.2,-3.89895,87.2,-4.90373,89.2,-4.83054,89.1,34.6,25,0,24,0,25,0,25,0,-10.998,89.7,-10.396,92,-11.0175,91.1,-10.5648,90.6,-10.509,89.1,-10.9045,89.7,22.5,169,-94.56824,74.43176,87.7666666667,12,False,57.1,True,0,linear,ambiguous_external_supply,none,False,,excluded,ambiguous_external_supply
2024-04-25 10:21:56,4月25日08_00_4月25日18_00,0,0,21,0,25,0,25,0,-6.0588,89.3,-6.0696,81,-4.6646,75.2,-4.44873,87.3,-4.40829,89.3,-4.30695,89.1,35.2,24,0,25,0,25,0,25,0,-10.716,89.8,-10.1135,92,-11.1305,91.2,-11.644,90.6,-10.7915,89.1,-11.0175,89.7,22.7,170,-95.36997,74.63003,87.8,12,False,57.9,True,0,linear,ambiguous_external_supply,none,False,,excluded,ambiguous_external_supply
2024-04-25 10:22:26,4月25日08_00_4月25日18_00,0,0,21,0,25,0,25,0,-5.29584,89.3,-5.39682,81,-5.46826,75.2,-5.23784,87.3,-4.32947,89.3,-4.09864,89.1,34.6,25,0,24,0,25,0,25,0,-10.434,89.9,-9.944,92.1,-11.752,91.2,-11.5872,90.7,-10.396,89.2,-11.1305,89.8,22.7,170,-95.07057,74.92943,87.8416666667,12,False,57.3,True,0,linear,ambiguous_external_supply,none,False,,excluded,ambiguous_external_supply
2024-04-25 10:22:56,4月25日08_00_4月25日18_00,0,0,21,0,25,0,25,0,-5.27901,89.4,-5.20047,81.1,-5.04114,75.2,-4.98494,87.3,-4.81928,89.3,-4.69542,89.1,35.1,25,0,25,0,25,0,25,0,-10.3212,89.9,-9.8875,92.1,-11.9426,91.3,-12.4611,90.7,-9.718,89.2,-10.17,89.8,22.7,171,-94.52066,76.47934,87.8666666667,12,False,57.8,True,0,linear,ambiguous_external_supply,none,False,,excluded,ambiguous_external_supply
2024-04-25 10:23:26,4月25日08_00_4月25日18_00,0,0,20,0,25,0,25,0,-6.8002,89.4,-6.8564,81.1,-3.39966,75.3,-3.45015,87.3,-4.77987,89.3,-4.63349,89.1,34.7,25,0,25,0,25,0,25,0,-10.4904,90,-10.0005,92.2,-10.509,91.3,-10.4512,90.8,-12.317,89.3,-12.769,89.9,22.7,170,-96.45687,73.54313,87.9166666667,12,False,57.4,True,0,linear,ambiguous_external_supply,none,False,,excluded,ambiguous_external_supply
2024-04-25 10:23:56,4月25日08_00_4月25日18_00,0,0,20,0,25,0,25,0,-4.75728,89.4,-4.4319,81.1,-4.62526,75.3,-4.30848,87.4,-5.7989,89.4,-5.6863,89.2,35.7,25,0,25,0,25,0,25,0,-10.3776,90,-9.605,92.3,-10.509,91.4,-10.3944,90.9,-11.978,89.3,-11.9215,89.9,22.6,170,-94.39362,75.60638,87.9666666667,12,False,58.3,True,0,linear,ambiguous_external_supply,none,False,,excluded,ambiguous_external_supply
2024-04-25 10:24:26,4月25日08_00_4月25日18_00,0,0,21,0,25,0,25,0,-4.28604,89.4,-3.91017,81.1,-5.901,75.3,-5.7886,87.4,-4.94314,89.4,-4.58282,89.2,35.7,25,0,24,0,25,0,25,0,-10.6032,90.1,-10.2265,92.3,-11.187,91.4,-11.1524,90.9,-10.7915,89.4,-11.074,90,22.8,170,-94.44637,75.55363,87.9916666667,12,False,58.5,True,0,linear,ambiguous_external_supply,none,False,,excluded,ambiguous_external_supply
2024-04-25 10:24:56,4月25日08_00_4月25日18_00,0,0,21,0,25,0,25,0,-4.89753,89.5,-5.09388,81.2,-4.8613,75.3,-4.8051,87.4,-5.14582,89.4,-4.90936,89.2,34.5,24,0,25,0,25,0,25,0,-11.1305,90.1,-10.961,92.4,-10.7915,91.5,-10.5648,91,-10.848,89.5,-11.413,90.1,22.5,170,-95.42179,74.57821,88.05,12,False,57,True,0,linear,ambiguous_external_supply,none,False,,excluded,ambiguous_external_supply
2024-04-25 10:25:26,4月25日08_00_4月25日18_00,0,0,21,0,25,0,25,0,-4.55532,89.5,-4.46556,81.2,-5.62,75.4,-5.27156,87.4,-4.8418,89.4,-4.65601,89.2,35.6,24,0,24,0,25,0,25,0,-12.543,90.2,-11.886,92.4,-9.605,91.6,-9.3152,91,-10.622,89.5,-10.9045,90.1,22.7,169,-94.28595,74.71405,88.075,12,False,58.3,True,0,linear,ambiguous_external_supply,none,False,,excluded,ambiguous_external_supply
2024-04-25 10:25:56,4月25日08_00_4月25日18_00,0,0,21,0,24,0,25,0,-3.82041,89.5,-3.83163,81.2,-6.4068,75.4,-5.9572,87.5,-4.66164,89.5,-4.41392,89.3,35.4,24,0,25,0,25,0,25,0,-12.2605,90.3,-12.0558,92.5,-9.266,91.6,-9.088,91.1,-10.057,89.6,-10.283,90.2,24.1,169,-92.1019,76.8981,88.1416666667,12,False,59.5,True,0,linear,ambiguous_external_supply,none,False,,excluded,ambiguous_external_supply
2024-04-25 10:26:26,4月25日08_00_4月25日18_00,0,0,21,0,25,0,25,0,-4.83021,89.5,-4.56093,81.2,-5.17602,75.4,-4.9737,87.5,-5.0107,89.5,-4.7292,89.3,35.1,24,0,25,0,25,0,25,0,-12.317,90.3,-12.169,92.5,-10.3395,91.7,-9.4288,91.1,-10.1135,89.6,-10.3395,90.2,22.5,170,-93.98806,76.01194,88.15,12,False,57.6,True,0,linear,ambiguous_external_supply,none,False,,excluded,ambiguous_external_supply
2024-04-25 10:26:56,4月25日08_00_4月25日18_00,0,0,20,0,25,0,25,0,-4.72362,89.6,-4.59459,81.3,-5.2828,75.5,-5.16478,87.5,-4.89247,89.5,-4.6729,89.3,35.5,24,0,25,0,25,0,25,0,-12.0345,90.4,-11.603,92.6,-9.7745,91.7,-9.656,91.2,-10.9045,89.7,-11.074,90.3,22.6,169,-94.37766,74.62234,88.2166666667,12,False,58.1,True,0,linear,ambiguous_external_supply,none,False,,excluded,ambiguous_external_supply
2024-04-25 10:27:26,4月25日08_00_4月25日18_00,0,0,21,0,25,0,25,0,-4.59459,89.6,-4.5441,81.3,-4.78824,75.5,-4.67022,87.6,-5.25842,89.5,-4.96003,89.3,35.5,25,0,25,0,25,0,25,0,-12.091,90.5,-11.32,92.7,-9.605,91.8,-9.5424,91.2,-10.0005,89.7,-10.3395,90.4,24.7,171,-91.714,79.286,88.2583333333,12,False,60.2,True,0,linear,ambiguous_external_supply,none,False,,excluded,ambiguous_external_supply
2024-04-25 10:27:56,4月25日08_00_4月25日18_00,0,0,21,0,25,0,24,0,-5.17803,89.6,-4.97046,81.3,-4.5522,75.5,-4.31616,87.6,-5.13456,89.6,-4.94877,89.4,35.1,24,0,25,0,25,0,25,0,-10.961,90.5,-10.3012,92.7,-11.32,91.8,-11.1524,91.3,-10.2265,89.8,-10.4525,90.4,22.5,169,-93.51378,75.48622,88.2916666667,12,False,57.6,True,0,linear,ambiguous_external_supply,none,False,,excluded,ambiguous_external_supply
2024-04-25 10:28:26,4月25日08_00_4月25日18_00,0,0,20,0,25,0,24,0,-5.07144,89.6,-5.06022,81.3,-4.37236,75.5,-4.28244,87.6,-5.29783,89.6,-5.0107,89.4,35.8,25,0,24,0,25,0,25,0,-10.1135,90.6,-9.944,92.8,-11.886,91.9,-11.7783,91.3,-11.187,89.8,-11.3,90.5,22.9,168,-95.30379,72.69621,88.325,12,False,58.7,True,0,linear,ambiguous_external_supply,none,False,,excluded,ambiguous_external_supply
2024-04-25 10:28:56,4月25日08_00_4月25日18_00,0,0,21,0,25,0,25,0,-3.84846,89.7,-3.90456,81.4,-5.58628,75.6,-5.62,87.6,-5.03322,89.6,-4.87558,89.4,35.9,24,0,25,0,25,0,25,0,-9.7745,90.6,-9.379,92.8,-11.7728,91.9,-11.3231,91.4,-10.057,89.9,-10.17,90.5,22.8,170,-91.3445,78.6555,88.3666666667,12,False,58.7,True,0,linear,ambiguous_external_supply,none,False,,excluded,ambiguous_external_supply
2024-04-25 10:29:26,4月25日08_00_4月25日18_00,0,0,21,0,35,0,28,0,3.00742,89.7,4.00803,81.4,4.5864,75.6,4.3008,87.6,-0.80366,89.6,-1.07342,89.4,35.3,24,0,25,0,25,0,25,0,-6.5424,90.7,-7.232,92.9,-8.362,92,-7.7816,91.4,-8.362,89.9,-7.6275,90.6,22.7,183,-31.88193,151.11807,88.4,12,False,58,True,0,linear,ambiguous_external_supply,none,False,,excluded,ambiguous_external_supply
2024-04-25 10:29:56,4月25日08_00_4月25日18_00,0,0,21,0,36,0,35,0,-4.30287,89.7,-4.20189,81.4,-4.80777,75.6,-4.74606,87.6,-2.46031,89.6,-2.27452,89.5,36.6,24,0,25,0,25,0,25,0,-9.9264,90.7,-9.379,92.9,-11.9992,92,-11.949,91.5,-10.5655,90,-11.3,90.6,22.6,191,-87.91252,103.08748,88.425,12,False,59.2,True,0,linear,ambiguous_external_supply,none,False,,excluded,ambiguous_external_supply
2024-04-25 10:30:26,4月25日08_00_4月25日18_00,0,0,21,0,35,0,36,0,-1.7696,89.7,-1.86813,81.4,-3.98871,75.6,-3.83724,87.7,-2.52787,89.7,-2.29704,89.5,37.1,35,0,35,0,36,0,35,0,-14.3764,90.8,-13.9236,93,-15.4791,92.1,-15.333,91.6,-13.6406,90,-14.2066,90.7,24.2,233,-103.24789,129.75211,88.4833333333,12,False,61.3,True,0.4,linear,ambiguous_external_supply,none,False,,excluded,ambiguous_external_supply
2024-04-25 10:30:56,4月25日08_00_4月25日18_00,0,0,20,0,36,0,36,0,7.5888,89.7,7.7004,81.4,10.2672,75.6,9.5976,87.6,1.72534,89.7,2.00838,89.5,35.4,35,0,35,0,36,0,36,0,-17.6904,90.9,-17.2935,93.1,-15.2523,92.2,-15.048,91.6,-17.9739,90.1,-18.711,90.8,22.5,234,-63.08138,170.91862,88.5166666667,12,False,57.9,True,1.69523809524,linear,normal_operation,none,True,train_parent_020_02,train,accepted_train
2024-04-25 10:31:26,4月25日08_00_4月25日18_00,0,0,21,0,35,0,36,0,8.1468,89.6,8.1468,81.4,4.00803,75.5,3.86269,87.6,7.896,89.6,8.456,89.4,36,35,0,35,0,36,0,36,0,3.74958,90.9,3.32196,93.1,6.9249,92.2,7.2448,91.7,3.6096,90.2,3.89724,90.8,24.3,234,69.2644,303.2644,88.5,12,False,60.3,True,2.675,linear,normal_operation,none,True,train_parent_020_02,train,accepted_train
2024-04-25 10:31:56,4月25日08_00_4月25日18_00,0,0,21,0,36,0,36,0,9.8589,89.6,10.5273,81.3,15.2618,75.5,15.2618,87.6,11.4595,89.6,10.0061,89.4,36.4,35,0,35,0,36,0,35,0,18.693,90.8,18.8604,93,18.414,92.1,17.952,91.6,18.693,90.1,19.1394,90.7,22.3,234,184.1272,418.1272,88.4416666667,12,False,58.7,True,6.68947368421,linear,normal_operation,none,True,train_parent_020_02,train,accepted_train
2024-04-25 10:32:26,4月25日08_00_4月25日18_00,0,0,21,0,45,0,46,0,13.3996,89.5,13.7888,81.2,15.7904,75.4,15.3456,87.5,14.1174,89.5,14.7312,89.3,35.5,35,0,35,0,36,0,35,0,15.9859,90.7,15.0102,92.9,14.7312,92,14.6421,91.5,15.7356,90,15.7356,90.6,22.5,253,179.0136,432.0136,88.3416666667,12,False,58,True,7.73,linear,normal_operation,none,True,train_parent_020_02,train,accepted_train
2024-04-25 10:32:56,4月25日08_00_4月25日18_00,0,0,21,0,46,0,46,0,13.6776,89.5,13.7888,81.2,15.3456,75.3,14.0668,87.4,15.5403,89.5,15.8188,89.2,37.1,35,0,35,0,36,0,36,0,13.8136,90.7,13.4478,92.9,14.0058,92,13.5201,91.4,11.997,89.9,12.555,90.6,24.1,255,167.5772,422.5772,88.3,12,False,61.2,True,8.5,linear,normal_operation,none,True,train_parent_020_02,train,accepted_train
2024-04-25 10:33:26,4月25日08_00_4月25日18_00,0,0,21,0,46,0,45,0,14.4855,89.4,14.763,81.1,17.205,75.3,15.9285,87.3,16.3758,89.4,16.0973,89.2,34.6,35,0,35,0,36,0,36,0,12.254,90.6,13.8136,92.8,14.8428,91.9,14.6421,91.3,11.997,89.9,11.997,90.5,22.1,254,174.4016,428.4016,88.225,12,False,56.7,True,7.965,linear,normal_operation,none,True,train_parent_020_02,train,accepted_train
2024-04-25 10:33:56,4月25日08_00_4月25日18_00,0,0,21,0,45,0,45,0,15.651,89.3,16.206,81,19.4805,75.2,18.0375,87.3,18.07,89.3,17.9588,89.1,34.5,35,0,35,0,36,0,36,0,8.9838,90.5,8.8722,92.7,5.7018,91.8,5.60876,91.3,8.4258,89.8,9.4302,90.4,23.8,253,152.42636,405.42636,88.1416666667,12,False,58.3,True,7.9,linear,normal_operation,none,True,train_parent_020_02,train,accepted_train
2024-04-25 10:34:26,4月25日08_00_4月25日18_00,0,0,21,0,46,0,46,0,19.1684,89.2,19.1684,80.9,16.206,75.1,14.763,87.2,15.5403,89.2,15.7074,89,34.6,35,0,35,0,36,0,36,0,8.8722,90.5,8.8722,92.7,8.1614,91.8,7.1936,91.3,8.9838,89.8,8.9838,90.4,24.4,255,151.6205,406.6205,88.0916666667,12,False,59,True,7.9,linear,normal_operation,none,True,train_parent_020_02,train,accepted_train
2024-04-25 10:34:56,4月25日08_00_4月25日18_00,0,0,21,0,46,0,46,0,13.764,89.1,13.9305,80.8,16.206,75,15.0405,87.1,16.5132,89.1,16.3464,88.9,34.7,35,0,35,0,36,0,35,0,9.1348,90.4,8.9838,92.6,8.7204,91.8,8.6548,91.2,9.1512,89.7,9.5976,90.3,22.4,254,146.0432,400.0432,88,12,False,57.1,True,8.155,linear,normal_operation,none,True,train_parent_020_02,train,accepted_train
2024-04-25 10:35:26,4月25日08_00_4月25日18_00,0,0,21,0,46,0,46,0,14.1824,89.1,14.4855,80.8,14.3745,74.9,13.098,87,15.6792,89,15.9572,88.8,34,35,0,35,0,36,0,36,0,8.9677,90.4,8.7048,92.6,8.1614,91.7,8.0366,91.2,9.5976,89.7,8.5932,90.3,23.8,255,139.8381,394.8381,87.9583333333,12,False,57.8,True,8.3,linear,normal_operation,none,True,train_parent_020_02,train,accepted_train
2024-04-25 10:35:56,4月25日08_00_4月25日18_00,0,0,21,0,45,0,46,0,19.9633,89,19.9994,80.7,21.5506,74.8,20.1656,86.9,19.7936,88.9,19.6268,88.7,34.5,35,0,35,0,36,0,35,0,16.2352,90.3,15.7074,92.6,16.71,91.7,16.3812,91.1,16.2644,89.6,16.8214,90.2,22.4,253,219.2189,472.2189,87.875,12,False,56.9,True,7.76666666667,linear,normal_operation,none,True,train_parent_020_02,train,accepted_train
2024-04-25 10:36:26,4月25日08_00_4月25日18_00,0,0,21,0,46,0,46,0,24.1776,88.9,24.8952,80.6,21.2736,74.7,19.7224,86.8,21.4785,88.8,20.313,88.6,35,35,0,35,0,36,0,36,0,18.0375,90.3,17.3472,92.5,19.9048,91.6,19.3414,91,16.3464,89.5,16.958,90.1,22.3,255,239.7956,494.7956,87.7833333333,12,False,57.3,True,8,linear,normal_operation,none,True,train_parent_020_02,train,accepted_train
2024-04-25 10:36:56,4月25日08_00_4月25日18_00,0,0,21,0,45,0,46,0,23.0184,88.7,23.9016,80.4,25.2168,74.6,24.0555,86.7,22.866,88.7,23.268,88.5,35.1,35,0,35,0,36,0,36,0,19.7224,90.2,19.314,92.4,18.07,91.5,17.7203,90.9,20.0355,89.4,20.313,90,23.3,254,257.5015,511.5015,87.6666666667,12,False,58.4,True,8.085,linear,normal_operation,none,True,train_parent_020_02,train,accepted_train
2024-04-25 10:37:26,4月25日08_00_4月25日18_00,0,0,21,0,46,0,46,0,22.7424,88.6,22.908,80.3,20.9587,74.4,19.2444,86.6,21.867,88.6,22.1046,88.4,34.4,35,0,35,0,36,0,36,0,17.76,90,17.0385,92.3,18.904,91.4,18.7265,90.8,17.205,89.3,17.205,89.9,22.3,255,236.6641,491.6641,87.55,12,False,56.7,True,8.2,linear,normal_operation,none,True,train_parent_020_02,train,accepted_train
2024-04-25 10:37:56,4月25日08_00_4月25日18_00,0,0,21,0,45,0,46,0,19.7616,88.5,20.7552,80.2,25.0056,74.3,23.0184,86.5,22.1046,88.5,22.2708,88.3,35.1,35,0,35,0,36,0,36,0,17.728,90,17.205,92.2,17.0692,91.3,16.3228,90.7,15.2344,89.2,15.7904,89.9,23.5,254,232.266,486.266,87.4666666667,12,False,58.6,True,8.37777777778,linear,normal_operation,none,True,train_parent_020_02,train,accepted_train
2024-04-25 10:38:26,4月25日08_00_4月25日18_00,0,0,21,0,46,0,46,0,44.0592,88.3,45.1552,80,48.2788,74.1,44.6072,86.3,35.328,88.3,35.4936,88.1,36.1,35,0,35,0,36,0,36,0,37.6884,89.8,36.5313,92,45.1269,91.1,44.3754,90.6,43.505,89.1,43.8596,89.7,23.8,255,504.0086,759.0086,87.2833333333,12,False,59.9,True,8.645,linear,normal_operation,none,True,train_parent_020_02,train,accepted_train
2024-04-25 10:38:56,4月25日08_00_4月25日18_00,0,0,21,0,46,0,46,0,37.7572,88.1,38.1408,79.8,38.2104,73.9,35.685,86.1,41.25,88.1,40.26,87.9,35.2,35,0,35,0,36,0,36,0,41.4495,89.6,39.985,91.8,38.0741,90.9,38.1706,90.4,40.81,88.9,42.515,89.5,22.1,255,472.3076,727.3076,87.0833333333,12,False,57.3,True,9.61,linear,normal_operation,none,True,train_parent_020_02,train,accepted_train
2024-04-25 10:39:26,4月25日08_00_4月25日18_00,0,0,21,0,46,0,46,0,40.3139,87.9,41.1891,79.6,42.5248,73.7,41.2644,85.9,40.9005,87.9,39.545,87.7,36,35,0,35,0,36,0,36,0,41.0652,89.4,39.82,91.6,39.2312,90.7,39.0016,90.2,39.82,88.7,40.975,89.3,23.7,255,485.6507,740.6507,86.8833333333,12,False,59.7,True,9.7,linear,normal_operation,none,True,train_parent_020_02,train,accepted_train
2024-04-25 10:39:56,4月25日08_00_4月25日18_00,0,0,21,0,46,0,46,0,37.4148,87.7,39.0558,79.4,39.8396,73.5,37.3188,85.7,38.445,87.7,38.17,87.5,36.2,35,0,35,0,36,0,36,0,39.0888,89.2,38.445,91.4,39.0659,90.5,37.7274,90,38.72,88.4,39.985,89,24.4,255,463.2761,718.2761,86.6666666667,12,False,60.6,True,9.7,linear,normal_operation,none,True,train_parent_020_02,train,accepted_train
2024-04-25 10:40:26,4月25日08_00_4月25日18_00,0,0,21,0,46,0,46,0,37.7977,87.5,38.2353,79.2,39.5656,73.2,37.1544,85.5,38.6496,87.5,38.8143,87.3,37.8,35,0,35,0,36,0,36,0,38.6496,89,38.17,91.2,39.16,90.3,38.4476,89.8,38.005,88.2,39.16,88.8,23.7,255,461.8091,716.8091,86.4583333333,12,False,61.5,True,9.965,linear,normal_operation,none,True,train_parent_020_02,train,accepted_train
2024-04-25 10:40:56,4月25日08_00_4月25日18_00,0,0,21,0,46,0,46,0,38.9464,87.3,40.2045,78.9,42.4472,73,40.7515,85.3,38.2104,87.3,38.1006,87.1,37.7,35,0,35,0,36,0,36,0,39.0888,88.7,38.72,91,40.425,90.1,39.6501,89.6,37.62,88,38.17,88.6,22.7,255,472.3345,727.3345,86.2416666667,12,False,60.4,True,9.9,linear,normal_operation,none,True,train_parent_020_02,train,accepted_train
2024-04-25 10:41:26,4月25日08_00_4月25日18_00,0,0,21,0,46,0,46,0,41.3868,87.1,42.1737,78.7,42.4472,72.8,39.931,85,41.0652,87.1,42.3279,86.9,36.3,35,0,35,0,36,0,36,0,38.8143,88.5,38.445,90.8,38.2394,89.8,36.4532,89.3,39.27,87.8,40.425,88.4,22.1,255,480.9787,735.9787,86.0166666667,12,False,58.4,True,10.03,linear,normal_operation,none,True,train_parent_020_02,train,accepted_train
2024-04-25 10:41:56,4月25日08_00_4月25日18_00,0,0,21,0,46,0,46,0,41.9328,86.9,42.3696,78.5,43.7053,72.6,41.4626,84.8,41.4495,86.9,42.4377,86.6,37,35,0,35,0,36,0,36,0,39.3633,88.3,38.995,90.6,39.435,89.7,39.0016,89.2,39.435,87.6,41.14,88.2,23.6,255,490.7274,745.7274,85.825,12,False,60.6,True,10.1,linear,normal_operation,none,True,train_parent_020_02,train,accepted_train
2024-04-25 10:42:26,4月25日08_00_4月25日18_00,0,0,21,0,46,0,46,0,40.5874,86.6,41.025,78.3,41.2644,72.4,38.7823,84.6,41.724,86.6,41.9985,86.4,35,35,0,35,0,36,0,36,0,38.6496,88.1,37.29,90.4,39.545,89.4,40.369,88.9,37.18,87.4,37.015,88,22.9,255,475.4302,730.4302,85.5916666667,12,False,57.9,True,10.27,linear,normal_operation,none,True,train_parent_020_02,train,accepted_train
2024-04-25 10:42:56,4月25日08_00_4月25日18_00,0,0,21,0,46,0,46,0,38.2353,86.4,39.0558,78.1,38.5792,72.1,36.3324,84.4,39.0888,86.4,38.8143,86.2,34.6,35,0,35,0,36,0,36,0,38.4849,87.9,37.73,90.1,39.71,89.2,38.8354,88.7,37.18,87.2,38.28,87.8,24.1,255,460.3261,715.3261,85.375,12,False,58.7,True,10.4,linear,normal_operation,none,True,train_parent_020_02,train,accepted_train
2024-04-25 10:43:26,4月25日08_00_4月25日18_00,0,0,21,0,46,0,46,0,49.813,86.2,51.23,77.8,53.846,71.9,51.6115,84.2,47.589,86.2,47.7531,86,34.6,35,0,35,0,36,0,36,0,48.8471,87.7,48.0048,89.9,49.7394,89,48.6312,88.5,49.1008,87,50.3612,87.5,22.1,255,596.5271,851.5271,85.1583333333,12,False,56.7,True,10.5,linear,normal_operation,none,True,train_parent_020_02,train,accepted_train
2024-04-25 10:43:56,4月25日08_00_4月25日18_00,0,0,21,0,46,0,46,0,48.7424,85.9,49.377,77.6,49.6495,71.6,49.813,83.9,48.1907,85.9,47.589,85.7,36.9,35,0,35,0,36,0,36,0,50.8163,87.4,49.0112,89.7,52.334,88.7,51.3532,88.3,50.1052,86.7,50.7996,87.3,22.8,255,597.7811,852.7811,84.8916666667,12,False,59.7,True,11.0894736842,linear,normal_operation,none,True,train_parent_020_02,train,accepted_train
2024-04-25 10:44:26,4月25日08_00_4月25日18_00,0,0,21,0,46,0,46,0,47.415,85.7,48.1235,77.3,47.502,71.4,45.9732,83.7,49.0112,85.7,49.1753,85.4,34.8,35,0,35,0,36,0,36,0,50.5428,87.1,48.8471,89.4,47.2924,88.5,47.6376,88,48.9364,86.5,50.1968,87,23.6,255,580.6533,835.6533,84.6416666667,12,False,58.4,True,11,linear,normal_operation,none,True,train_parent_020_02,train,accepted_train
2024-04-25 10:44:56,4月25日08_00_4月25日18_00,0,0,21,0,46,0,46,0,46.1615,85.4,47.1425,77.1,47.6658,71.1,45.1542,83.4,45.7839,85.4,46.0574,85.2,35.4,35,0,35,0,36,0,36,0,49.5582,86.9,49.0112,89.2,49.8132,88.2,49.2043,87.7,48.0048,86.2,50.1968,86.7,23.7,255,573.7538,828.7538,84.375,12,False,59.1,True,10.76,linear,normal_operation,none,True,train_parent_020_02,train,accepted_train
2024-04-25 10:45:26,4月25日08_00_4月25日18_00,0,0,21,0,46,0,46,0,44.908,85.2,45.344,76.8,48.0145,70.8,44.9904,83.2,44.6899,85.2,44.9634,84.9,33.9,35,0,35,0,36,0,36,0,50.3412,86.6,49.2847,88.9,51.3476,87.9,52.7307,87.5,49.0112,85.9,49.9958,86.4,22.4,255,575.6214,830.6214,84.1083333333,12,False,56.3,True,10.9,linear,normal_operation,none,True,train_parent_020_02,train,accepted_train
2024-04-25 10:45:56,4月25日08_00_4月25日18_00,0,0,21,0,46,0,46,0,45.78,84.9,46.5975,76.5,47.9388,70.5,46.0525,82.9,46.495,84.9,47.042,84.7,34.4,35,0,35,0,36,0,36,0,51.4332,86.3,49.9958,88.6,50.9092,87.6,50.6369,87.2,47.2924,85.6,49.5392,86.2,23.8,255,579.7125,834.7125,83.825,12,False,58.2,True,11.0666666667,linear,normal_operation,none,True,train_parent_020_02,train,accepted_train
2024-04-25 10:46:26,4月25日08_00_4月25日18_00,0,0,21,0,46,0,46,0,45.889,84.6,47.742,76.3,46.956,70.3,44.3352,82.7,47.9172,84.6,48.3001,84.4,35.6,35,0,35,0,36,0,36,0,51.7062,86,49.9958,88.3,52.1696,87.4,52.1797,86.9,49.9958,85.4,49.8132,85.9,23.5,255,586.9998,841.9998,83.5666666667,12,False,59.1,True,11.1,linear,normal_operation,none,True,train_parent_020_02,train,accepted_train
2024-04-25 10:46:56,4月25日08_00_4月25日18_00,0,0,21,0,46,0,46,0,45.5075,84.4,46.0525,76,45.2634,70.1,43.3524,82.4,45.0728,84.4,45.7839,84.2,34.5,35,0,35,0,36,0,36,0,50.1774,85.7,49.0112,88.1,49.1008,87.1,48.6312,86.6,51.0898,85.1,52.512,85.6,23.2,255,571.5549,826.5549,83.3083333333,12,False,57.7,True,10.3888888889,linear,normal_operation,none,True,train_parent_020_02,train,accepted_train
2024-04-25 10:47:26,4月25日08_00_4月25日18_00,0,0,21,0,46,0,46,0,46.761,84.2,46.761,75.8,48.1026,69.8,44.9904,82.2,45.2369,84.1,45.3463,83.9,34.2,35,0,35,0,36,0,36,0,52.8528,85.5,50.9964,87.8,52.4436,86.8,54.4388,86.3,51.8009,84.8,51.6915,85.3,22.1,255,591.4222,846.4222,83.0416666667,12,False,56.3,True,10.2238095238,linear,normal_operation,none,True,train_parent_020_02,train,accepted_train
2024-04-25 10:47:56,4月25日08_00_4月25日18_00,0,0,21,0,46,0,46,0,46.784,83.9,47.5785,75.5,48.287,69.5,45.78,81.9,46.0574,83.9,46.9326,83.6,36.3,35,0,35,0,36,0,36,0,49.9044,85.2,48.3001,87.5,51.0736,86.5,50.1961,86.1,48.7377,84.5,50.5428,85,22.2,255,580.1742,835.1742,82.7583333333,12,False,58.5,True,10.1,linear,normal_operation,none,True,train_parent_020_02,train,accepted_train
2024-04-25 10:48:26,4月25日08_00_4月25日18_00,0,0,21,0,46,0,46,0,46.9472,83.6,47.5785,75.2,49.268,69.2,46.325,81.7,49.1946,83.6,48.9216,83.4,35.4,35,0,35,0,36,0,36,0,51.1602,84.9,49.0112,87.2,48.1144,86.2,47.9136,85.8,48.8471,84.3,51.8009,84.8,22.7,255,585.0823,840.0823,82.4916666667,12,False,58.1,True,10.4,linear,normal_operation,none,True,train_parent_020_02,train,accepted_train
2024-04-25 10:48:56,4月25日08_00_4月25日18_00,0,0,21,0,46,0,46,0,46.784,83.4,48.5595,75,49.922,69,47.1425,81.4,47.3155,83.4,47.7531,83.1,36.3,35,0,35,0,36,0,36,0,50.4504,84.6,49.1753,87,51.0736,86,50.6369,85.5,48.8471,84,50.2693,84.5,23.2,255,587.9292,842.9292,82.2416666667,12,False,59.5,True,10.4,linear,normal_operation,none,True,train_parent_020_02,train,accepted_train
2024-04-25 10:49:26,4月25日08_00_4月25日18_00,0,0,21,0,46,0,46,0,48.7424,83.1,49.7216,74.7,48.1026,68.7,45.5075,81.2,47.589,83.1,48.0266,82.9,35.8,35,0,35,0,36,0,36,0,51.87,84.3,49.9044,86.7,48.9364,85.7,49.0941,85.2,49.7223,83.7,51.0898,84.2,23.7,255,588.3067,843.3067,81.9583333333,12,False,59.5,True,10.4,linear,normal_operation,none,True,train_parent_020_02,train,accepted_train
2024-04-25 10:49:56,4月25日08_00_4月25日18_00,0,0,21,0,46,0,46,0,49.9936,82.8,50.8096,74.4,55.488,68.4,52.224,80.9,50.3412,82.8,50.6142,82.6,36.4,35,0,35,0,36,0,36,0,55.045,84,52.2522,86.4,55.247,85.4,55,85,54.0436,83.4,54.7,83.9,24,255,635.7584,890.7584,81.6666666667,12,False,60.4,True,10.4,linear,normal_operation,none,True,train_parent_020_02,train,accepted_train
2024-04-25 10:50:26,4月25日08_00_4月25日18_00,0,0,21,0,46,0,46,0,46.325,82.6,47.306,74.2,48.0145,68.1,46.1615,80.6,48.9216,82.6,49.1946,82.3,34.9,35,0,35,0,36,0,36,0,50.7234,83.8,48.4642,86.1,50.3612,85.1,50.0859,84.7,50.1052,83.2,52.512,83.6,23.9,255,588.1751,843.1751,81.4083333333,12,False,58.8,True,10.71,linear,normal_operation,none,True,train_parent_020_02,train,accepted_train
2024-04-25 10:50:56,4月25日08_00_4月25日18_00,0,0,21,0,46,0,46,0,50.7008,82.3,50.7008,73.9,52.4835,67.9,50.358,80.4,49.3584,82.3,49.3584,82.1,34.7,35,0,35,0,36,0,36,0,52.143,83.5,50.8872,85.9,51.8956,84.9,48.5431,84.4,48.8471,82.9,50.1052,83.4,23.5,255,605.3811,860.3811,81.1583333333,12,False,58.2,True,10.5,linear,normal_operation,none,True,train_parent_020_02,train,accepted_train
2024-04-25 10:51:26,4月25日08_00_4月25日18_00,0,0,21,0,46,0,46,0,48.1984,82.1,49.1776,73.7,51.884,67.6,49.5405,80.1,48.7578,82,49.3584,81.8,36.3,35,0,35,0,36,0,36,0,50.6142,83.2,49.4488,85.6,53.7701,84.6,53.998,84.2,51.418,82.6,52.9496,83.1,23.6,255,609.1154,864.1154,80.8833333333,12,False,59.9,True,10.6,linear,normal_operation,none,True,train_parent_020_02,train,accepted_train
2024-04-25 10:51:56,4月25日08_00_4月25日18_00,0,0,21,0,46,0,46,0,45.1805,81.8,45.889,73.4,46.137,67.3,44.0905,79.9,45.7839,81.8,45.5104,81.5,36,35,0,35,0,36,0,36,0,47.2061,82.9,45.5104,85.3,46.4156,84.3,46.092,83.9,47.4796,82.4,48.8471,82.8,22.5,255,554.1421,809.1421,80.6083333333,12,False,58.5,True,10.855,linear,normal_operation,none,True,train_parent_020_02,train,accepted_train
2024-04-25 10:52:26,4月25日08_00_4月25日18_00,0,0,21,0,46,0,46,0,45.0715,81.5,45.344,73.1,43.7346,67.1,43.0248,79.6,45.0728,81.5,45.7839,81.3,34.9,35,0,35,0,36,0,36,0,51.7062,82.6,49.3584,85.1,49.8132,84,48.9288,83.6,49.0112,82.1,50.5428,82.5,24.3,255,567.3922,822.3922,80.3333333333,12,False,59.2,True,10.8,linear,normal_operation,none,True,train_parent_020_02,train,accepted_train
2024-04-25 10:52:56,4月25日08_00_4月25日18_00,0,0,21,0,46,0,46,0,45.0715,81.3,46.0525,72.9,49.922,66.8,46.325,79.4,47.3928,81.3,47.4796,81,36.9,35,0,35,0,36,0,36,0,48.3756,82.4,46.3309,84.8,49.2652,83.8,46.835,83.3,45.0456,81.8,46.6896,82.2,23.6,255,564.7853,819.7853,80.0833333333,12,False,60.5,True,10.5473684211,linear,normal_operation,none,True,train_parent_020_02,train,accepted_train
2024-04-25 10:53:26,4月25日08_00_4月25日18_00,0,0,3,1,46,0,46,0,48.1984,81,49.1776,72.6,51.0665,66.5,48.1235,79.1,48.6486,81,48.9216,80.7,34,35,0,35,0,36,0,36,0,51.597,82.1,51.1602,84.5,53.2231,83.5,52.7307,83.1,50.8163,81.5,51.965,82,22.2,237,605.6285,842.6285,79.8,12,False,56.2,True,10.395,linear,normal_operation,none,True,train_parent_020_02,train,accepted_train
2024-04-25 10:53:56,4月25日08_00_4月25日18_00,0,0,3,1,56,0,51,0,45.8048,80.8,46.1615,72.3,46.0525,66.3,43.6545,78.8,47.3928,80.7,48.4848,80.5,35.3,35,0,35,0,36,0,36,0,49.6314,81.8,46.7685,84.2,50.3612,83.2,49.5349,82.8,50.7069,81.3,51.965,81.7,23.4,252,576.5188,828.5188,79.5333333333,12,False,58.7,True,10.2,linear,normal_operation,none,True,train_parent_020_02,train,accepted_train
2024-04-25 10:54:26,4月25日08_00_4月25日18_00,0,0,2,1,56,0,56,0,45.5328,80.5,46.1615,72.1,49.268,66,47.415,78.6,47.9388,80.5,48.3756,80.2,35.6,35,0,35,0,36,0,36,0,50.4504,81.5,48.4642,84,49.8132,82.9,49.6451,82.5,48.0266,81,49.7223,81.4,22.3,256,580.8135,836.8135,79.2666666667,12,False,57.9,True,10.2,linear,normal_operation,none,True,train_parent_020_02,train,accepted_train
2024-04-25 10:54:56,4月25日08_00_4月25日18_00,0,0,3,1,56,0,56,0,46.0768,80.3,47.056,71.8,46.761,65.7,44.5265,78.3,46.495,80.2,46.495,80,34.2,35,0,35,0,36,0,36,0,52.2522,81.3,49.7406,83.7,52.0744,82.7,52.896,82.2,50.8163,80.7,52.9496,81.1,22.1,257,588.1394,845.1394,79,12,False,56.3,True,10.1157894737,linear,normal_operation,none,True,train_parent_020_02,train,accepted_train
2024-04-25 10:55:26,4月25日08_00_4月25日18_00,0,0,1,1,56,0,57,0,45.696,80,46.6752,71.5,50.794,65.5,47.5785,78.1,46.683,80,46.495,79.7,38.5,35,0,35,0,36,0,36,0,49.0854,81,46.9326,83.5,48.1144,82.4,48.2676,82,49.0112,80.5,50.5428,80.8,24.1,256,575.8757,831.8757,78.75,12,False,62.6,True,10.1,linear,normal_operation,none,True,train_parent_020_02,train,accepted_train
2024-04-25 10:55:56,4月25日08_00_4月25日18_00,0,0,0,1,56,0,57,0,46.512,79.7,47.056,71.3,48.6685,65.2,46.325,77.8,46.2462,79.7,46.41,79.4,35.7,35,0,35,0,36,0,36,0,55.59,80.7,52.689,83.2,54.7,82.1,54.065,81.7,51.965,80.2,53.7701,80.6,23.1,255,603.9968,858.9968,78.4666666667,12,False,58.8,True,9.85714285714,linear,normal_operation,none,True,train_parent_020_02,train,accepted_train
2024-04-25 10:56:26,4月25日08_00_4月25日18_00,0,0,0,0,56,0,57,0,50.8791,79.5,51.68,71,49.6495,64.9,47.0335,77.6,50.4504,79.4,51.324,79.2,38.7,35,0,35,0,36,0,36,0,50.1774,80.4,48.9216,82.9,48.2788,81.8,47.937,81.4,49.1753,79.9,50.1052,80.3,22.7,255,595.6118,850.6118,78.1916666667,12,False,61.4,True,9.88571428571,linear,normal_operation,none,True,train_parent_020_02,train,accepted_train
2024-04-25 10:56:56,4月25日08_00_4月25日18_00,0,0,0,0,56,0,57,0,47.056,79.2,48.0352,70.8,51.2448,64.7,48.3072,77.3,47.9388,79.2,48.2118,78.9,37.1,35,0,35,0,36,0,35,0,50.903,80.1,48.3756,82.7,51.8009,81.6,51.4634,81.1,48.1907,79.6,49.9958,80,23.8,254,591.5232,845.5232,77.9333333333,12,False,60.9,True,10.1,linear,normal_operation,none,True,train_parent_020_02,train,accepted_train
2024-04-25 10:57:26,4月25日08_00_4月25日18_00,0,0,0,0,56,0,57,0,46.9472,79,47.4912,70.5,48.6685,64.4,46.1615,77,47.3928,78.9,47.1198,78.6,33.9,35,0,35,0,36,0,36,0,48.9216,79.8,46.2215,82.4,47.128,81.3,46.6697,80.9,48.8471,79.4,49.5582,79.7,22.1,255,571.1271,826.1271,77.6583333333,12,False,56,True,10.4,linear,normal_operation,none,True,train_parent_020_02,train,accepted_train
2024-04-25 10:57:56,4月25日08_00_4月25日18_00,0,0,0,0,56,0,58,0,49.0144,78.7,49.2864,70.2,52.3872,64.1,49.5584,76.8,47.6658,78.6,47.8296,78.4,33.4,35,0,35,0,36,0,36,0,49.1946,79.6,46.2215,82.1,45.5936,81,45.8432,80.6,47.589,79.1,48.1907,79.5,22,256,578.3744,834.3744,77.3916666667,12,False,55.4,True,10.4,linear,normal_operation,none,True,train_parent_020_02,train,accepted_train
2024-04-25 10:58:26,4月25日08_00_4月25日18_00,0,0,0,0,56,0,58,0,46.3488,78.4,47.056,70,49.8304,63.8,47.2192,76.5,48.3756,78.4,48.3756,78.1,33.9,35,0,35,0,36,0,36,0,48.3756,79.3,45.7839,81.9,48.3884,80.8,47.937,80.3,45.5936,78.8,46.6896,79.2,22,256,569.9737,825.9737,77.125,12,False,55.9,True,10.5285714286,linear,normal_operation,none,True,train_parent_020_02,train,accepted_train
2024-04-25 10:58:56,4月25日08_00_4月25日18_00,0,0,0,0,56,0,57,0,47.4912,78.2,47.9264,69.7,48.9056,63.6,47.2192,76.3,49.3584,78.1,49.1946,77.8,34.2,35,0,35,0,36,0,36,0,50.0136,79,46.956,81.6,48.8268,80.5,48.2676,80.1,49.9958,78.6,50.9804,79,22.4,255,585.1356,840.1356,76.875,12,False,56.6,True,10.6,linear,normal_operation,none,True,train_parent_020_02,train,accepted_train
2024-04-25 10:59:26,4月25日08_00_4月25日18_00,0,0,0,0,57,0,57,0,46.6752,77.9,47.9264,69.4,45.344,63.3,43.1095,76,46.683,77.9,47.3928,77.6,33.6,35,0,35,0,36,0,36,0,50.3412,78.8,46.8468,81.4,46.6896,80.2,46.5595,79.8,47.4796,78.3,48.5736,78.7,22.1,256,563.6212,819.6212,76.6083333333,12,False,55.7,True,10.6,linear,normal_operation,none,True,train_parent_020_02,train,accepted_train
2024-04-25 10:59:56,4月25日08_00_4月25日18_00,0,0,0,0,56,0,58,0,11.02,77.8,10.3037,69.3,6.3595,63.2,6.5136,75.9,20.8829,77.7,20.7176,77.4,33.8,35,0,35,0,36,0,36,0,14.9592,78.6,13.6038,81.2,3.5584,80.1,3.8696,79.7,4.2624,78.2,5.40015,78.5,22.3,256,121.45085,377.45085,76.4666666667,12,False,56.1,True,9.96,linear,normal_operation,none,True,train_parent_020_02,train,accepted_train
2024-04-25 11:00:26,4月25日08_00_4月25日18_00,0,0,0,0,56,0,57,0,11.316,77.7,11.592,69.2,16.3944,63.1,15.6768,75.8,13.3514,77.6,13.4379,77.3,34.1,35,0,35,0,36,0,36,0,7.8255,78.5,5.40988,81.2,12.1208,80.1,12.1862,79.7,10.2304,78.2,10.842,78.5,22.2,255,140.38328,395.38328,76.4083333333,12,False,56.3,True,8.2,linear,normal_operation,none,True,train_parent_020_02,train,accepted_train
2024-04-25 11:00:56,4月25日08_00_4月25日18_00,0,0,0,0,57,0,58,0,14.4072,77.7,15.4008,69.2,15.5664,63,14.8488,75.7,12.742,77.5,12.6312,77.2,35.1,35,0,35,0,36,0,36,0,11.4885,78.5,9.546,81.2,8.2436,80,7.728,79.6,10.1192,78.1,11.676,78.4,22.1,257,144.3977,401.3977,76.3416666667,12,False,57.2,True,8.03333333333,linear,normal_operation,none,True,train_parent_020_02,train,accepted_train
2024-04-25 11:01:26,4月25日08_00_4月25日18_00,0,0,0,0,57,0,58,0,13.8552,77.6,14.1312,69.1,15.4008,62.9,15.2352,75.7,13.4622,77.4,13.7392,77.2,34.3,35,0,35,0,36,0,36,0,10.9335,78.4,9.102,81.1,12.51,80,11.872,79.6,9.6744,78.1,10.3972,78.4,22.3,257,150.3129,407.3129,76.2916666667,12,False,56.6,True,7.82,linear,normal_operation,none,True,train_parent_020_02,train,accepted_train
2024-04-25 11:01:56,4月25日08_00_4月25日18_00,0,0,0,0,57,0,58,0,13.5792,77.5,13.8552,69,15.7052,62.9,15.1522,75.6,13.098,77.4,13.4865,77.1,37.2,35,0,35,0,36,0,36,0,9.3795,78.4,7.8396,81.1,9.2462,79.9,8.736,79.5,8.4107,78,9.2462,78.3,23.9,257,137.7345,394.7345,76.225,12,False,61.1,True,7.4,linear,normal_operation,none,True,train_parent_020_02,train,accepted_train
2024-04-25 11:02:26,4月25日08_00_4月25日18_00,0,0,0,0,57,0,58,0,14.4072,77.4,14.6832,68.9,14.9863,62.8,14.5992,75.5,13.764,77.3,13.764,77,38.8,35,0,35,0,36,0,36,0,8.9516,78.3,7.1168,81,7.6866,79.9,7.3491,79.5,11.2312,78,11.398,78.3,22.6,257,139.9372,396.9372,76.1583333333,12,False,61.4,True,7.4,linear,normal_operation,none,True,train_parent_020_02,train,accepted_train
2024-04-25 11:02:56,4月25日08_00_4月25日18_00,0,0,0,0,56,0,58,0,13.6896,77.3,13.8803,68.8,12.719,62.7,12.4425,75.4,12.654,77.2,12.4875,76.9,39.3,35,0,35,0,36,0,36,0,9.9524,78.3,8.1176,81,11.5299,79.8,11.76,79.4,5.55886,77.9,5.8485,78.2,22.3,256,130.64016,386.64016,76.075,12,False,61.6,True,7.4,linear,normal_operation,none,True,train_parent_020_02,train,accepted_train
2024-04-25 11:03:26,4月25日08_00_4月25日18_00,0,0,0,0,57,0,57,0,14.9592,77.3,14.9592,68.8,15.2628,62.6,15.2628,75.3,14.763,77.2,14.763,76.9,37.9,35,0,35,0,36,0,36,0,10.2304,78.2,8.6736,80.9,6.9625,79.8,6.4515,79.4,11.5092,77.9,11.7872,78.2,22,256,145.5844,401.5844,76.0416666667,12,False,59.9,True,7.34,linear,normal_operation,none,True,train_parent_020_02,train,accepted_train
2024-04-25 11:03:56,4月25日08_00_4月25日18_00,0,0,0,0,57,0,58,0,13.4379,77.2,13.0508,68.7,14.9863,62.5,14.3227,75.3,12.9315,77.1,12.765,76.8,34.7,35,0,35,0,36,0,36,0,11.12,78.2,10.1192,80.9,10.6944,79.7,10.192,79.3,7.6866,77.8,7.8537,78.1,22.1,257,139.1601,396.1601,75.9666666667,12,False,56.8,True,7.2,linear,normal_operation,none,True,train_parent_020_02,train,accepted_train
2024-04-25 11:04:26,4月25日08_00_4月25日18_00,0,0,0,0,57,0,58,0,13.0508,77.1,13.3273,68.6,14.5992,62.5,14.3227,75.2,14.3745,77,14.208,76.7,34.1,35,0,35,0,36,0,36,0,10.1192,78.1,8.5624,80.8,11.4185,79.7,11.2,79.3,7.2967,77.8,7.4081,78.1,21.8,257,139.8874,396.8874,75.9083333333,12,False,55.9,True,7.165,linear,normal_operation,none,True,train_parent_020_02,train,accepted_train
2024-04-25 11:04:56,4月25日08_00_4月25日18_00,0,0,0,0,57,0,58,0,13.0508,77.1,13.3273,68.6,14.1568,62.4,13.3273,75.1,14.3745,76.9,14.652,76.7,35.9,35,0,35,0,36,0,36,0,10.842,78.1,8.6736,80.8,8.5778,79.6,8.6394,79.2,10.1374,77.7,8.9677,78,22.2,257,138.7266,395.7266,75.85,12,False,58.1,True,7.1,linear,normal_operation,none,True,train_parent_020_02,train,accepted_train
2024-04-25 11:05:26,4月25日08_00_4月25日18_00,0,0,0,0,57,0,58,0,12.8849,77,13.3273,68.5,11.1908,62.3,11.1908,75,14.652,76.9,14.4855,76.6,36,35,0,35,0,36,0,36,0,10.2304,78,8.1176,80.7,13.2328,79.6,14.056,79.1,7.5752,77.7,7.4081,78,24,257,138.3514,395.3514,75.7833333333,12,False,60,True,7.26,linear,normal_operation,none,True,train_parent_020_02,train,accepted_train
2024-04-25 11:05:56,4月25日08_00_4月25日18_00,0,0,0,0,57,0,58,0,12.166,76.9,13.0508,68.4,13.1852,62.2,12.742,75,14.3745,76.8,14.763,76.5,35.2,35,0,35,0,36,0,36,0,11.5092,77.9,9.3964,80.7,6.696,79.5,6.9003,79.1,11.5092,77.6,11.7872,77.9,22.2,257,138.0798,395.0798,75.7083333333,12,False,57.4,True,7.4,linear,normal_operation,none,True,train_parent_020_02,train,accepted_train
2024-04-25 11:06:26,4月25日08_00_4月25日18_00,0,0,0,0,57,0,58,0,14.3227,76.8,14.7098,68.3,15.7052,62.2,15.1522,74.9,13.9305,76.7,14.0415,76.4,35.6,35,0,35,0,36,0,36,0,11.2312,77.9,9.5632,80.7,14.4263,79.5,14.168,79,7.4081,77.6,6.9625,77.9,22.1,257,151.6212,408.6212,75.6583333333,12,False,57.7,True,7.31,linear,normal_operation,none,True,train_parent_020_02,train,accepted_train
2024-04-25 11:06:56,4月25日08_00_4月25日18_00,0,0,0,0,57,0,58,0,12.6084,76.8,13.0508,68.3,13.1852,62.1,12.188,74.8,14.0415,76.6,14.0415,76.3,34.7,35,0,35,0,36,0,36,0,9.6744,77.8,6.9625,80.6,5.6916,79.4,6.0588,79,13.6776,77.5,14.2336,77.8,22.2,257,135.4139,392.4139,75.5833333333,12,False,56.9,True,7.7,linear,normal_operation,none,True,train_parent_020_02,train,accepted_train
2024-04-25 11:07:26,4月25日08_00_4月25日18_00,0,0,0,0,57,0,58,0,13.1614,76.7,14.4333,68.2,12.6312,62,12.6312,74.8,14.763,76.6,14.9295,76.3,34.2,35,0,35,0,36,0,36,0,11.2312,77.8,9.9524,80.6,14.2592,79.3,14.168,78.9,6.127,77.5,6.2941,77.8,22,257,144.5815,401.5815,75.5416666667,12,False,56.2,True,7.5,linear,normal_operation,none,True,train_parent_020_02,train,accepted_train
2024-04-25 11:07:56,4月25日08_00_4月25日18_00,0,0,0,0,57,0,58,0,10.1936,76.6,10.1936,68.1,14.4333,61.9,13.7144,74.7,10.6752,76.5,11.398,76.2,34.9,35,0,35,0,36,0,36,0,11.5092,77.7,9.2296,80.5,6.696,79.3,6.732,78.9,10.9729,77.4,10.5273,77.7,21.9,257,126.2751,383.2751,75.4583333333,12,False,56.8,True,7.66842105263,linear,normal_operation,none,True,train_parent_020_02,train,accepted_train
2024-04-25 11:08:26,4月25日08_00_4月25日18_00,0,0,0,0,57,0,58,0,12.719,76.6,12.6084,68.1,13.0744,61.9,12.465,74.6,11.766,76.4,13.098,76.1,34.1,35,0,35,0,36,0,36,0,10.6752,77.6,9.2296,80.4,9.9703,79.2,11.032,78.8,7.8537,77.4,8.8563,77.7,22,257,133.3479,390.3479,75.4,12,False,56.1,True,7.7,linear,normal_operation,none,True,train_parent_020_02,train,accepted_train
2024-04-25 11:08:56,4月25日08_00_4月25日18_00,0,0,0,0,57,0,58,0,12.6084,76.5,13.0508,68,10.6368,61.8,10.1936,74.6,12.9315,76.4,13.653,76.1,34.5,35,0,35,0,36,0,36,0,10.842,77.6,9.2296,80.4,10.6944,79.2,11.312,78.8,6.5844,77.3,8.5778,77.6,22.3,257,130.3143,387.3143,75.3583333333,12,False,56.8,True,7.46,linear,normal_operation,none,True,train_parent_020_02,train,accepted_train
2024-04-25 11:09:26,4月25日08_00_4月25日18_00,0,0,0,0,57,0,58,0,13.4379,76.4,12.719,67.9,16.59,61.7,15.8711,74.5,13.098,76.3,12.765,76,33.9,35,0,35,0,36,0,35,0,10.842,77.5,8.5624,80.4,7.8678,79.1,8.3028,78.7,9.9703,77.3,10.9729,77.6,22,256,140.9992,396.9992,75.2833333333,12,False,55.9,True,7.2,linear,normal_operation,none,True,train_parent_020_02,train,accepted_train
2024-04-25 11:09:56,4月25日08_00_4月25日18_00,0,0,0,0,57,0,58,0,15.1522,76.4,15.8711,67.8,11.634,61.6,11.1908,74.4,12.9315,76.2,13.3755,75.9,35.8,35,0,35,0,36,0,36,0,9.2296,77.5,7.2967,80.3,13.8136,79.1,14.168,78.7,7.4081,77.2,8.1322,77.5,22,257,140.2033,397.2033,75.2166666667,12,False,57.8,True,7.11666666667,linear,normal_operation,none,True,train_parent_020_02,train,accepted_train
2024-04-25 11:10:26,4月25日08_00_4月25日18_00,0,0,0,0,57,0,58,0,13.3273,76.3,13.9909,67.8,14.8757,61.6,14.8757,74.3,11.398,76.1,11.9325,75.9,34.8,35,0,35,0,36,0,36,0,10.6752,77.4,9.6744,80.3,6.975,79,6.732,78.6,11.5299,77.2,11.8084,77.5,22,257,137.795,394.795,75.1666666667,12,False,56.8,True,7.2,linear,normal_operation,none,True,train_parent_020_02,train,accepted_train
2024-04-25 11:10:56,4月25日08_00_4月25日18_00,0,0,0,0,57,0,58,0,10.6176,76.2,11.1706,67.7,13.9909,61.5,13.3273,74.3,14.3745,76.1,14.0415,75.8,36.2,35,0,35,0,36,0,35,0,8.8404,77.4,6.9625,80.2,11.697,79,11.48,78.6,5.6916,77.1,5.859,77.4,22.1,256,128.0529,384.0529,75.1083333333,12,False,58.3,True,7.4,linear,normal_operation,none,True,train_parent_020_02,train,accepted_train
2024-04-25 11:11:26,4月25日08_00_4月25日18_00,0,0,0,0,57,0,58,0,13.6038,76.1,13.8803,67.6,14.9863,61.4,14.5992,74.2,13.4865,76,14.0415,75.7,36.8,35,0,35,0,36,0,36,0,10.5084,77.3,9.3964,80.2,6.696,78.9,6.4515,78.5,11.14,77.1,10.8615,77.4,22.3,257,139.6514,396.6514,75.0333333333,12,False,59.1,True,7.375,linear,normal_operation,none,True,train_parent_020_02,train,accepted_train
2024-04-25 11:11:56,4月25日08_00_4月25日18_00,0,0,0,0,57,0,58,0,13.9909,76.1,14.3227,67.5,12.0772,61.3,12.188,74.1,13.098,75.9,14.4855,75.6,37.2,35,0,35,0,36,0,36,0,10.2304,77.3,8.4107,80.1,11.14,78.9,11.032,78.5,6.4055,77,6.4055,77.3,22.7,257,133.7864,390.7864,74.9666666667,12,False,59.9,True,7.3,linear,normal_operation,none,True,train_parent_020_02,train,accepted_train
2024-04-25 11:12:26,4月25日08_00_4月25日18_00,0,0,0,0,57,0,58,0,11.3365,76,12.4425,67.5,13.0744,61.3,12.9082,74,13.209,75.8,12.654,75.6,35.7,35,0,35,0,36,0,35,0,9.9524,77.2,8.2436,80.1,10.1374,78.8,10.304,78.4,9.5804,77,8.9677,77.3,22.3,256,132.8101,388.8101,74.9166666667,12,False,58,True,7.27,linear,normal_operation,none,True,train_parent_020_02,train,accepted_train
2024-04-25 11:12:56,4月25日08_00_4月25日18_00,0,0,0,0,57,0,58,0,12.8849,75.9,13.0508,67.4,15.4287,61.2,15.2628,74,12.765,75.8,12.3765,75.5,36.6,35,0,35,0,36,0,35,0,10.5084,77.1,8.8404,80,9.1512,78.8,9.3126,78.4,10.5273,77,10.1374,77.2,22.1,256,140.246,396.246,74.8583333333,12,False,58.7,True,7.2,linear,normal_operation,none,True,train_parent_020_02,train,accepted_train
2024-04-25 11:13:26,4月25日08_00_4月25日18_00,0,0,0,0,57,0,58,0,15.2628,75.8,15.1522,67.3,13.6038,61.1,13.1614,73.9,16.0395,75.7,15.651,75.4,37.2,35,0,35,0,36,0,36,0,8.6736,77.1,6.8511,80,11.4185,78.7,11.2,78.3,8.4107,76.9,7.6866,77.2,22.1,257,143.1112,400.1112,74.7833333333,12,False,59.3,True,7.475,linear,normal_operation,none,True,train_parent_020_02,train,accepted_train
2024-04-25 11:13:56,4月25日08_00_4月25日18_00,0,0,0,0,57,0,58,0,12.6084,75.8,12.4425,67.2,13.4622,61,12.742,73.8,13.4865,75.6,13.764,75.3,37.9,35,0,35,0,36,0,36,0,10.3972,77,9.2296,79.9,7.3098,78.7,7.3491,78.3,10.4159,76.9,10.5273,77.1,22.1,257,133.7345,390.7345,74.7166666667,12,False,60,True,7.7,linear,normal_operation,none,True,train_parent_020_02,train,accepted_train
2024-04-25 11:14:26,4月25日08_00_4月25日18_00,0,0,0,0,57,0,58,0,13.4379,75.7,13.3273,67.2,15.1522,61,14.4333,73.7,12.3765,75.5,12.099,75.3,36.8,35,0,35,0,36,0,36,0,8.9516,77,7.2967,79.9,10.4159,78.6,10.752,78.2,7.8537,76.8,6.9625,77.1,21.9,257,133.0586,390.0586,74.6666666667,12,False,58.7,True,7.77,linear,normal_operation,none,True,train_parent_020_02,train,accepted_train
2024-04-25 11:14:56,4月25日08_00_4月25日18_00,0,0,0,0,57,0,58,0,13.1614,75.6,13.8803,67.1,14.1568,60.9,13.7144,73.7,14.652,75.5,14.763,75.2,38.2,35,0,35,0,36,0,36,0,10.9532,76.9,9.4133,79.9,9.4133,78.6,9.296,78.2,10.5273,76.8,10.5273,77,22.4,257,144.4583,401.4583,74.6166666667,12,False,60.6,True,7.7,linear,normal_operation,none,True,train_parent_020_02,train,accepted_train
2024-04-25 11:15:26,4月25日08_00_4月25日18_00,0,0,0,0,57,0,58,0,13.4379,75.5,13.7144,67,13.0744,60.8,12.742,73.6,15.207,75.4,14.9295,75.1,38.1,35,0,35,0,36,0,36,0,10.2304,76.9,8.8563,79.8,7.7004,78.5,7.6296,78.1,10.2488,76.7,11.2514,77,22.3,257,139.0221,396.0221,74.5333333333,12,False,60.4,True,7.8,linear,normal_operation,none,True,train_parent_020_02,train,accepted_train
2024-04-25 11:15:56,4月25日08_00_4月25日18_00,0,0,0,0,57,0,58,0,13.6038,75.5,13.9909,66.9,14.7098,60.7,13.9909,73.5,13.653,75.3,13.4865,75,37.3,35,0,35,0,36,0,36,0,10.6752,76.8,9.3964,79.8,11.5299,78.5,10.752,78.1,9.8589,76.7,10.1374,76.9,22.2,257,145.7847,402.7847,74.475,12,False,59.5,True,7.95789473684,linear,normal_operation,none,True,train_parent_020_02,train,accepted_train
2024-04-25 11:16:26,4月25日08_00_4月25日18_00,0,0,0,0,57,0,58,0,11.7236,75.4,11.8895,66.9,12.3542,60.7,11.7448,73.5,13.4865,75.2,13.653,75,37.6,35,0,35,0,36,0,36,0,10.1192,76.8,7.9651,79.7,7.9794,78.4,7.6296,78,9.5804,76.6,10.2488,76.9,22.6,257,128.3741,385.3741,74.425,12,False,60.2,True,8,linear,normal_operation,none,True,train_parent_020_02,train,accepted_train
2024-04-25 11:16:56,4月25日08_00_4月25日18_00,0,0,0,0,57,0,58,0,13.8803,75.3,14.5992,66.8,16.4241,60.6,15.8711,73.4,11.211,75.2,11.766,74.9,39.6,35,0,35,0,36,0,36,0,9.5632,76.7,7.9651,79.7,9.1512,78.4,8.7516,78,8.1322,76.6,8.4107,76.8,22.1,257,135.7257,392.7257,74.3666666667,12,False,61.7,True,8.15238095238,linear,normal_operation,none,True,train_parent_020_02,train,accepted_train
2024-04-25 11:17:26,4月25日08_00_4月25日18_00,0,0,0,0,57,0,58,0,14.1568,75.3,14.1568,66.7,11.08,60.5,10.9138,73.3,15.4845,75.1,15.762,74.8,39.3,35,0,35,0,36,0,36,0,10.2304,76.7,8.5778,79.6,11.4185,78.3,11.592,77.9,8.6892,76.5,8.4107,76.8,22.2,257,140.4725,397.4725,74.2916666667,12,False,61.5,True,7.9,linear,normal_operation,none,True,train_parent_020_02,train,accepted_train
2024-04-25 11:17:56,4月25日08_00_4月25日18_00,0,0,0,0,57,0,58,0,14.9592,75.2,14.9863,66.6,16.2582,60.4,15.7052,73.2,12.3765,75,13.3755,74.7,40.2,35,0,35,0,36,0,36,0,11.2312,76.6,9.5632,79.6,9.2628,78.3,8.9199,77.9,9.2462,76.5,9.5804,76.8,22.2,257,145.4646,402.4646,74.2333333333,12,False,62.4,True,7.9,linear,normal_operation,none,True,train_parent_020_02,train,accepted_train
2024-04-25 11:18:26,4月25日08_00_4月25日18_00,0,0,0,0,57,0,58,0,24.365,75.1,24.8501,66.5,26.5031,60.3,25.4011,73.1,22.9495,74.9,22.673,74.6,39.6,35,0,35,0,35,0,36,0,19.8332,76.5,17.76,79.5,25.0962,78.2,25.2774,77.8,17.4825,76.4,18.315,76.7,22.4,256,270.5061,526.5061,74.1333333333,12,False,62,True,8.16,linear,normal_operation,none,True,train_parent_020_02,train,accepted_train
2024-04-25 11:18:56,4月25日08_00_4月25日18_00,0,0,0,0,57,0,58,0,38.9464,74.9,39.2199,66.4,42.5566,60.1,42.1737,73,35.035,74.8,35.2,74.5,37.4,35,0,35,0,36,0,35,0,32.7294,76.4,30.305,79.4,38.9557,78,38.4476,77.6,47.763,76.2,49.3551,76.5,23.2,256,470.6874,726.6874,73.9833333333,12,False,60.6,True,9.14210526316,linear,normal_operation,none,True,train_parent_020_02,train,accepted_train
2024-04-25 11:19:26,4月25日08_00_4月25日18_00,0,0,0,0,57,0,58,0,36.102,74.7,36.8131,66.2,33.5376,59.9,32.2772,72.8,36.9477,74.6,36.6732,74.3,35.7,35,0,35,0,36,0,36,0,37.6614,76.2,34.76,79.2,30.9672,77.8,31.2465,77.4,43.5112,76,46.306,76.2,22.3,257,436.8031,693.8031,73.775,12,False,58,True,9.33333333333,linear,normal_operation,none,True,train_parent_020_02,train,accepted_train
2024-04-25 11:19:56,4月25日08_00_4月25日18_00,0,0,0,0,57,0,58,0,33.914,74.5,33.5858,66,35.9926,59.7,35.008,72.6,33.8733,74.4,32.3361,74.1,37.3,35,0,35,0,36,0,36,0,39.6752,76,37.1124,79,44.2494,77.6,44.6568,77.2,32.12,75.8,31.955,76,22.3,257,434.4786,691.4786,73.575,12,False,59.6,True,9.4,linear,normal_operation,none,True,train_parent_020_02,train,accepted_train
2024-04-25 11:20:26,4月25日08_00_4月25日18_00,0,0,0,0,57,0,58,0,38.7114,74.3,39.4212,65.8,40.8408,59.5,38.7114,72.4,35.685,74.2,35.685,73.9,36.6,35,0,35,0,36,0,36,0,43.2677,75.7,40.552,78.8,35.75,77.4,35.6685,77,39.6378,75.6,40.4613,75.8,22.1,257,464.3921,721.3921,73.3666666667,12,False,58.7,True,9.4,linear,normal_operation,none,True,train_parent_020_02,train,accepted_train
2024-04-25 11:20:56,4月25日08_00_4月25日18_00,0,0,0,0,57,0,58,0,35.763,74.1,35.6538,65.6,36.8131,59.3,35.9268,72.2,36.0584,74,35.136,73.7,37.1,35,0,35,0,36,0,36,0,36.3324,75.5,33.5988,78.6,38.445,77.2,38.4888,76.8,43.8948,75.4,44.4976,75.6,23.5,257,450.6085,707.6085,73.1666666667,12,False,60.6,True,9.4,linear,normal_operation,none,True,train_parent_020_02,train,accepted_train
2024-04-25 11:21:26,4月25日08_00_4月25日18_00,0,0,0,0,57,0,58,0,36.3636,73.9,36.4728,65.4,38.1654,59.1,37.0188,72,36.3324,73.8,36.4968,73.5,36,35,0,35,0,36,0,36,0,40.278,75.3,36.8804,78.4,40.9005,77,40.296,76.6,34.3125,75.1,35.5752,75.4,22.7,257,449.0924,706.0924,72.9583333333,12,False,58.7,True,9.4,linear,normal_operation,none,True,train_parent_020_02,train,accepted_train
2024-04-25 11:21:56,4月25日08_00_4月25日18_00,0,0,0,0,57,0,58,0,35.763,73.7,36.6366,65.2,35.6538,58.9,34.2342,71.8,34.25,73.6,33.8116,73.3,34.6,35,0,35,0,36,0,36,0,39.3293,75.1,36.0584,78.2,35.915,76.7,35.5579,76.4,36.8379,74.9,36.9477,75.2,23.2,257,430.9954,687.9954,72.75,12,False,57.8,True,9.4,linear,normal_operation,none,True,train_parent_020_02,train,accepted_train
2024-04-25 11:22:26,4月25日08_00_4月25日18_00,0,0,0,0,57,0,58,0,16.17,73.6,15.895,65.1,14.9321,58.8,15.2076,71.7,21.1584,73.5,21.3237,73.2,35.3,35,0,35,0,36,0,36,0,23.142,75,19.9272,78.1,21.4011,76.7,21.1836,76.3,-1.7856,74.9,-0.92462,75.2,23.8,257,187.63048,444.63048,72.675,12,False,59.1,True,9.4,linear,normal_operation,none,True,train_parent_020_02,train,accepted_train
2024-04-25 11:22:56,4月25日08_00_4月25日18_00,0,0,0,0,57,0,58,0,11.4264,73.6,12.0336,65,12.8616,58.8,13.3032,71.6,12.719,73.4,12.8849,73.1,35,35,0,35,0,36,0,36,0,5.25585,74.9,2.84672,78,4.99072,76.6,6.16,76.2,16.317,74.9,16.9275,75.1,23.9,257,127.72649,384.72649,72.6,12,False,58.9,True,9.4,linear,normal_operation,none,True,train_parent_020_02,train,accepted_train
2024-04-25 11:23:26,4月25日08_00_4月25日18_00,0,0,0,0,57,0,58,0,13.0036,73.5,13.6896,64.9,12.0336,58.7,11.868,71.6,11.1908,73.3,11.1908,73,34.9,35,0,35,0,36,0,36,0,10.101,74.9,7.548,78,9.6744,76.6,9.296,76.2,11.211,74.8,11.211,75,22.7,257,132.0178,389.0178,72.5416666667,12,False,57.6,True,7.67,linear,normal_operation,none,True,train_parent_020_02,train,accepted_train
2024-04-25 11:23:56,4月25日08_00_4月25日18_00,0,0,0,0,57,0,58,0,13.6648,73.4,13.6896,64.9,14.1312,58.6,13.4136,71.5,13.9054,73.3,15.2628,73,35.3,35,0,35,0,36,0,36,0,10.8225,74.8,8.214,78,9.9524,76.5,10.024,76.1,6.684,74.8,6.684,75,22.9,257,136.4483,393.4483,72.4916666667,12,False,58.2,True,7.6,linear,normal_operation,none,True,train_parent_020_02,train,accepted_train
2024-04-25 11:24:26,4月25日08_00_4月25日18_00,0,0,0,0,57,0,58,0,11.868,73.3,12.42,64.8,13.8552,58.5,13.0272,71.4,13.6284,73.2,13.4622,72.9,33.9,35,0,35,0,36,0,36,0,9.9345,74.7,7.3948,77.9,10.1192,76.5,9.744,76.1,8.1322,74.7,8.4107,75,22.1,257,131.9964,388.9964,72.4166666667,12,False,56,True,7.7,linear,normal_operation,none,True,train_parent_020_02,train,accepted_train
2024-04-25 11:24:56,4月25日08_00_4月25日18_00,0,0,0,0,57,0,58,0,13.0272,73.3,13.1376,64.7,10.3411,58.5,10.1752,71.3,13.4622,73.1,13.0744,72.8,36.5,35,0,35,0,36,0,36,0,10.8225,74.7,8.3956,77.9,7.9651,76.4,8.008,76,11.12,74.7,11.954,74.9,21.9,257,131.4829,388.4829,72.3583333333,12,False,58.4,True,7.7,linear,normal_operation,none,True,train_parent_020_02,train,accepted_train
2024-04-25 11:25:26,4月25日08_00_4月25日18_00,0,0,0,0,57,0,58,0,14.5728,73.2,14.6832,64.6,16.1184,58.4,14.6832,71.3,14.6256,73,14.4594,72.7,37,35,0,35,0,36,0,36,0,10.656,74.6,8.6736,77.8,9.1348,76.4,9.016,76,10.6752,74.6,11.676,74.9,22.1,257,148.9742,405.9742,72.2916666667,12,False,59.1,True,7.5,linear,normal_operation,none,True,train_parent_020_02,train,accepted_train
2024-04-25 11:25:56,4月25日08_00_4月25日18_00,0,0,0,0,57,0,58,0,13.4136,73.1,13.0272,64.6,13.6896,58.3,13.4136,71.2,13.6284,73,13.4622,72.7,34.5,35,0,35,0,36,0,35,0,9.657,74.6,7.2836,77.8,11.2514,76.3,10.304,75.9,10.5084,74.6,10.3972,74.8,22,256,140.0362,396.0362,72.2416666667,12,False,56.5,True,7.82,linear,normal_operation,none,True,train_parent_020_02,train,accepted_train
2024-04-25 11:26:26,4月25日08_00_4月25日18_00,0,0,0,0,57,0,58,0,19.6156,73.1,19.0646,64.5,22.4257,58.2,22.4257,71.1,19.4103,72.9,19.5209,72.6,36.8,35,0,35,0,36,0,36,0,10.3785,74.5,8.1176,77.7,11.14,76.3,10.192,75.9,11.676,74.5,11.954,74.7,22.3,257,185.9209,442.9209,72.1666666667,12,False,59.1,True,8.1,linear,normal_operation,none,True,train_parent_020_02,train,accepted_train
2024-04-25 11:26:56,4月25日08_00_4月25日18_00,0,0,0,0,57,0,58,0,13.6896,73,13.9656,64.4,13.3032,58.1,13.3032,71,15.2904,72.8,14.7364,72.5,36.3,35,0,35,0,36,0,36,0,10.3785,74.5,7.9508,77.7,10.1374,76.2,10.584,75.8,10.3972,74.5,10.2304,74.7,22.3,257,143.9667,400.9667,72.1,12,False,58.6,True,8.51666666667,linear,normal_operation,none,True,train_parent_020_02,train,accepted_train
2024-04-25 11:27:26,4月25日08_00_4月25日18_00,0,0,0,0,57,0,58,0,13.3032,72.9,13.9656,64.3,11.3365,58.1,11.8895,70.9,12.9082,72.7,12.465,72.4,36.3,35,0,35,0,36,0,35,0,10.212,74.4,7.8396,77.7,7.2967,76.2,7.1808,75.8,9.9524,74.4,10.5084,74.6,22.3,256,128.8579,384.8579,72.0333333333,12,False,58.6,True,8.6,linear,normal_operation,none,True,train_parent_020_02,train,accepted_train
2024-04-25 11:27:56,4月25日08_00_4月25日18_00,0,0,0,0,57,0,58,0,13.0272,72.8,13.1376,64.2,13.9656,58,13.8552,70.9,12.188,72.6,11.7448,72.3,35.6,35,0,35,0,36,0,35,0,9.1184,74.4,6.8388,77.6,7.9651,76.1,8.1906,75.7,9.3964,74.3,9.2296,74.6,22.4,256,128.6573,384.6573,71.9583333333,12,False,58,True,8.29523809524,linear,normal_operation,none,True,train_parent_020_02,train,accepted_train
2024-04-25 11:28:26,4月25日08_00_4月25日18_00,0,0,0,0,57,0,58,0,14.4072,72.8,14.4072,64.2,12.3319,57.9,12.3096,70.8,12.4875,72.6,12.742,72.3,36.4,35,0,35,0,36,0,36,0,10.8225,74.3,8.5624,77.6,11.9755,76.1,11.312,75.7,10.5084,74.3,10.9532,74.5,22.2,257,142.8194,399.8194,71.925,12,False,58.6,True,8.165,linear,normal_operation,none,True,train_parent_020_02,train,accepted_train
2024-04-25 11:28:56,4月25日08_00_4月25日18_00,0,0,0,0,57,0,58,0,12.0336,72.7,12.3096,64.1,12.4425,57.9,12.3319,70.7,13.3514,72.5,12.742,72.2,37.2,35,0,35,0,36,0,36,0,10.8225,74.3,8.1176,77.5,6.417,76,6.3393,75.6,10.1192,74.2,10.1192,74.5,22.1,257,127.1458,384.1458,71.85,12,False,59.3,True,8.01904761905,linear,normal_operation,none,True,train_parent_020_02,train,accepted_train
2024-04-25 11:29:26,4月25日08_00_4月25日18_00,0,0,0,0,57,0,58,0,13.5792,72.6,13.8552,64,15.1248,57.8,14.5728,70.7,12.742,72.4,12.3542,72.1,36.2,35,0,35,0,36,0,36,0,9.5632,74.2,7.3948,77.5,6.975,76,7.3491,75.6,8.2436,74.2,7.9651,74.4,22.1,257,129.719,386.719,71.7916666667,12,False,58.3,True,7.94,linear,normal_operation,none,True,train_parent_020_02,train,accepted_train
2024-04-25 11:29:56,4月25日08_00_4月25日18_00,0,0,0,0,57,0,58,0,11.4264,72.5,11.592,64,11.613,57.7,11.3365,70.6,13.4622,72.4,13.6284,72.1,35,35,0,35,0,36,0,36,0,8.3956,74.2,6.116,77.5,8.9677,75.9,8.9199,75.5,10.9532,74.1,10.842,74.3,22.1,257,127.2529,384.2529,71.7333333333,12,False,57.1,True,7.8,linear,normal_operation,none,True,train_parent_020_02,train,accepted_train
2024-04-25 11:30:26,4月25日08_00_4月25日18_00,0,0,0,0,57,0,58,0,13.5792,72.5,13.8552,63.9,13.1376,57.6,13.1376,70.5,13.0744,72.3,13.3514,72,35.1,35,0,35,0,36,0,36,0,10.2304,74.1,7.3948,77.4,9.6918,75.9,9.0321,75.5,9.8412,74.1,10.5084,74.3,22.2,257,136.8341,393.8341,71.675,12,False,57.3,True,7.7,linear,normal_operation,none,True,train_parent_020_02,train,accepted_train
2024-04-25 11:30:56,4月25日08_00_4月25日18_00,0,0,0,0,57,0,58,0,15.8137,72.4,15.6484,63.8,18.0728,57.6,17.4667,70.4,14.9026,72.2,14.6256,71.9,36.3,35,0,35,0,36,0,36,0,10.101,74,7.6728,77.4,8.2436,75.8,8.1906,75.4,8.8563,74,8.8563,74.2,22.2,257,148.4504,405.4504,71.5916666667,12,False,58.5,True,7.7,linear,normal_operation,none,True,train_parent_020_02,train,accepted_train
2024-04-25 11:31:26,4月25日08_00_4月25日18_00,0,0,0,0,57,0,58,0,17.1912,72.3,17.7973,63.7,16.3944,57.5,15.2352,70.4,16.2876,72.1,16.897,71.8,35.3,35,0,35,0,36,0,36,0,9.9524,74,7.8396,77.3,8.2436,75.8,8.4711,75.4,9.2462,74,9.6918,74.2,22.3,257,153.2474,410.2474,71.5416666667,12,False,57.6,True,7.4,linear,normal_operation,none,True,train_parent_020_02,train,accepted_train
2024-04-25 11:31:56,4月25日08_00_4月25日18_00,0,0,0,0,57,0,58,0,12.696,72.2,13.0272,63.7,14.1312,57.4,13.8552,70.3,10.656,72.1,10.656,71.8,35.8,35,0,35,0,36,0,36,0,9.6744,73.9,7.1168,77.3,8.1322,75.8,8.6394,75.4,9.9524,73.9,9.6918,74.1,22.1,257,128.2286,385.2286,71.4916666667,12,False,57.9,True,7.4,linear,normal_operation,none,True,train_parent_020_02,train,accepted_train
2024-04-25 11:32:26,4月25日08_00_4月25日18_00,0,0,0,0,57,0,58,0,12.696,72.2,12.696,63.6,14.2968,57.3,13.9656,70.2,14.4594,72,14.9026,71.7,37.9,35,0,35,0,36,0,36,0,9.8412,73.9,7.6728,77.2,8.2436,75.7,8.3028,75.3,8.4107,73.9,9.1348,74.1,22.1,257,134.6223,391.6223,71.425,12,False,60,True,7.5,linear,normal_operation,none,True,train_parent_020_02,train,accepted_train
2024-04-25 11:32:56,4月25日08_00_4月25日18_00,0,0,0,0,57,0,58,0,15.3729,72.1,15.2352,63.5,12.42,57.3,12.5856,70.1,13.7392,71.9,13.9054,71.6,39,35,0,35,0,36,0,36,0,11.4885,73.8,9.2296,77.2,9.4133,75.7,9.2004,75.3,8.8563,73.8,8.9677,74,22.2,257,140.4141,397.4141,71.3583333333,12,False,61.2,True,7.58888888889,linear,normal_operation,none,True,train_parent_020_02,train,accepted_train
2024-04-25 11:33:26,4月25日08_00_4月25日18_00,0,0,0,0,57,0,58,0,14.8219,72,15.1248,63.4,14.2968,57.2,14.2968,70.1,13.1852,71.8,13.1852,71.5,36.7,35,0,35,0,36,0,36,0,9.8235,73.8,7.5616,77.2,7.9651,75.6,8.0223,75.2,7.4081,73.8,7.8537,74,22.3,257,133.545,390.545,71.3,12,False,59,True,7.7,linear,normal_operation,none,True,train_parent_020_02,train,accepted_train
2024-04-25 11:33:56,4月25日08_00_4月25日18_00,0,0,0,0,57,0,58,0,12.0336,71.9,12.3096,63.4,14.8488,57.1,14.4072,70,13.4622,71.8,13.3514,71.5,36.5,35,0,35,0,36,0,35,0,11.3775,73.7,8.9516,77.1,8.4107,75.6,7.7418,75.2,9.1348,73.8,9.2462,73.9,22.1,256,135.2754,391.2754,71.25,12,False,58.6,True,7.7,linear,normal_operation,none,True,train_parent_020_02,train,accepted_train
2024-04-25 11:34:26,4月25日08_00_4月25日18_00,0,0,0,0,57,0,58,0,15.9239,71.9,16.3647,63.3,13.9656,57,13.4136,69.9,15.6228,71.7,15.2904,71.4,37.8,35,0,35,0,35,0,36,0,9.1184,73.7,7.3948,77.1,10.5273,75.5,10.304,75.1,10.1374,73.7,10.6752,73.9,22.2,256,148.7381,404.7381,71.1833333333,12,False,60,True,7.7,linear,normal_operation,none,True,train_parent_020_02,train,accepted_train
2024-04-25 11:34:56,4月25日08_00_4月25日18_00,0,0,0,0,57,0,58,0,12.8616,71.8,13.0272,63.2,12.696,57,12.8616,69.8,11.655,71.6,11.7448,71.3,35.9,35,0,35,0,36,0,35,0,9.6744,73.6,7.2836,77,9.9703,75.5,9.464,75.1,8.8563,73.6,9.9703,73.8,22.4,256,130.0651,386.0651,71.1083333333,12,False,58.3,True,7.78888888889,linear,normal_operation,none,True,train_parent_020_02,train,accepted_train
2024-04-25 11:35:26,4月25日08_00_4月25日18_00,0,0,0,0,57,0,58,0,18.183,71.7,18.734,63.1,16.836,56.9,16.1184,69.8,15.4566,71.6,15.4566,71.3,37.1,35,0,35,0,36,0,36,0,8.6736,73.6,6.5608,77,8.5778,75.4,8.6394,75,7.8537,73.6,8.4107,73.8,22.3,257,149.5006,406.5006,71.0666666667,12,False,59.4,True,7.66,linear,normal_operation,none,True,train_parent_020_02,train,accepted_train
2024-04-25 11:35:56,4月25日08_00_4月25日18_00,0,0,0,0,57,0,58,0,15.8137,71.6,16.3647,63,17.1912,56.8,17.1912,69.7,16.4538,71.5,16.897,71.2,37.7,35,0,35,0,36,0,36,0,9.6744,73.5,7.3948,77,11.4185,75.4,11.312,75,8.4107,73.6,8.4107,73.7,22.2,257,156.5327,413.5327,71,12,False,59.9,True,7.4,linear,normal_operation,none,True,train_parent_020_02,train,accepted_train
2024-04-25 11:36:26,4月25日08_00_4月25日18_00,0,0,0,0,57,0,58,0,12.8616,71.6,12.8616,63,13.8552,56.7,13.8552,69.6,14.1824,71.4,14.0162,71.1,37.4,35,0,35,0,36,0,36,0,12.099,73.5,9.5632,76.9,9.8589,75.3,9.744,74.9,9.5804,73.5,9.9703,73.7,22.2,257,142.448,399.448,70.9333333333,12,False,59.6,True,7.58,linear,normal_operation,none,True,train_parent_020_02,train,accepted_train
2024-04-25 11:36:56,4月25日08_00_4月25日18_00,0,0,0,0,57,0,58,0,13.5792,71.5,13.4136,62.9,13.4136,56.6,13.4136,69.5,14.3486,71.3,14.0162,71,36.7,35,0,35,0,36,0,36,0,9.546,73.4,7.5616,76.9,7.1424,75.3,7.4613,74.9,8.4107,73.5,8.5778,73.6,23.8,257,130.8846,387.8846,70.8666666667,12,False,60.5,True,8,linear,normal_operation,none,True,train_parent_020_02,train,accepted_train
2024-04-25 11:37:26,4月25日08_00_4月25日18_00,0,0,0,0,57,0,58,0,13.2791,71.4,13.8552,62.8,14.8488,56.6,15.0974,69.4,14.4594,71.2,14.4594,70.9,37.1,35,0,35,0,36,0,36,0,11.4885,73.3,9.2296,76.8,9.4133,75.2,9.632,74.8,9.4133,73.4,10.2304,73.6,22.1,257,145.4064,402.4064,70.7833333333,12,False,59.2,True,8,linear,normal_operation,none,True,train_parent_020_02,train,accepted_train
2024-04-25 11:37:56,4月25日08_00_4月25日18_00,0,0,0,0,57,0,58,0,13.1376,71.3,13.1376,62.7,14.2968,56.5,14.2968,69.4,14.4594,71.2,13.9054,70.9,37.3,35,0,35,0,36,0,36,0,11.211,73.3,8.5624,76.8,9.4133,75.2,9.464,74.8,8.5778,73.4,8.5778,73.6,22,257,139.0399,396.0399,70.7583333333,12,False,59.3,True,7.8380952381,linear,normal_operation,none,True,train_parent_020_02,train,accepted_train
2024-04-25 11:38:26,4月25日08_00_4月25日18_00,0,0,0,0,57,0,58,0,13.8301,71.3,14.1056,62.7,12.5856,56.4,12.42,69.3,15.2904,71.1,14.9026,70.8,34.6,35,0,35,0,36,0,35,0,10.3785,73.2,8.3956,76.7,10.5273,75.1,10.92,74.7,9.6918,73.3,10.1374,73.5,22.1,256,143.1849,399.1849,70.675,12,False,56.7,True,7.89,linear,normal_operation,none,True,train_parent_020_02,train,accepted_train
2024-04-25 11:38:56,4月25日08_00_4月25日18_00,0,0,0,0,57,0,58,0,12.8616,71.2,13.0272,62.6,13.1376,56.3,13.1376,69.2,15.0134,71,14.9863,70.7,34.7,35,0,35,0,36,0,36,0,9.9345,73.2,7.8396,76.7,8.1322,75.1,8.624,74.7,8.2436,73.3,8.4107,73.5,22.1,257,133.3483,390.3483,70.625,12,False,56.8,True,8.1,linear,normal_operation,none,True,train_parent_020_02,train,accepted_train
2024-04-25 11:39:26,4月25日08_00_4月25日18_00,0,0,0,0,57,0,58,0,13.8301,71.1,13.8301,62.5,15.2076,56.2,14.8219,69.1,14.3486,70.9,14.7364,70.6,34.7,35,0,35,0,36,0,36,0,10.9335,73.1,8.6736,76.6,8.1322,75,8.1906,74.6,8.8563,73.2,8.6892,73.4,23.7,257,140.2501,397.2501,70.525,12,False,58.4,True,7.965,linear,normal_operation,none,True,train_parent_020_02,train,accepted_train
2024-04-25 11:39:56,4月25日08_00_4月25日18_00,0,0,0,0,57,0,58,0,29.097,71,30.0852,62.4,25.355,56.2,27.0108,69.1,24.288,70.8,24.7296,70.5,35.4,35,0,35,0,36,0,36,0,19.8332,73.1,18.282,76.6,19.3488,75,16.3228,74.6,17.76,73.2,19.758,73.4,22.2,257,271.8704,528.8704,70.4916666667,12,False,57.6,True,7.9,linear,normal_operation,none,True,train_parent_020_02,train,accepted_train
2024-04-25 11:40:26,4月25日08_00_4月25日18_00,0,0,0,0,57,0,58,0,14.5464,71,14.3811,62.3,9.1632,56.1,9.6048,69,17.5301,70.7,17.8619,70.4,35.8,35,0,35,0,35,0,36,0,28.2112,72.9,26.2752,76.5,29.6976,74.8,29.5792,74.4,48.0048,73,49.3748,73.1,23.8,256,294.2303,550.2303,70.35,12,False,59.6,True,8.62,linear,normal_operation,none,True,train_parent_020_02,train,accepted_train
2024-04-25 11:40:56,4月25日08_00_4月25日18_00,0,0,0,0,57,0,58,0,11.592,70.9,12.0336,62.3,12.696,56,12.8616,68.9,9.3795,70.7,9.6396,70.4,37.7,35,0,35,0,35,0,36,0,37.2222,72.7,33.4341,76.3,36.2558,74.6,36.8964,74.3,33.5988,72.7,33.935,72.9,23.4,256,279.5446,535.5446,70.225,12,False,61.1,True,8.9,linear,normal_operation,none,True,train_parent_020_02,train,accepted_train
2024-04-25 11:41:26,4月25日08_00_4月25日18_00,0,0,0,0,57,0,58,0,10.5984,70.8,10.3224,62.2,10.5984,55.9,11.1504,68.8,12.6312,70.6,12.3542,70.3,36.1,35,0,35,0,36,0,36,0,38.0312,72.5,34.6336,76.1,38.17,74.4,38.1017,74.1,27.1092,72.6,26.5031,72.7,22.1,257,270.2038,527.2038,70.0833333333,12,False,58.2,True,8.8,linear,normal_operation,none,True,train_parent_020_02,train,accepted_train
2024-04-25 11:41:56,4月25日08_00_4月25日18_00,0,0,0,0,57,0,58,0,10.764,70.8,10.3224,62.1,10.8744,55.9,11.7024,68.8,11.1908,70.5,10.9138,70.2,36.6,35,0,35,0,36,0,35,0,35.62,72.3,32.3868,75.9,31.9029,74.3,31.6334,73.9,36.9477,72.4,37.5516,72.6,22.3,256,271.8102,527.8102,69.975,12,False,58.9,True,8.71904761905,linear,normal_operation,none,True,train_parent_020_02,train,accepted_train
2024-04-25 11:42:26,4月25日08_00_4月25日18_00,0,0,0,0,57,0,58,0,12.0118,70.7,12.2873,62.1,12.8616,55.8,12.5856,68.7,11.911,70.5,12.188,70.2,38,35,0,35,0,36,0,35,0,34.6336,72.1,31.4004,75.8,34.375,74.1,35.1155,73.7,35.8497,72.2,37.1544,72.4,22.8,256,282.3739,538.3739,69.8583333333,12,False,60.8,True,8.8,linear,normal_operation,none,True,train_parent_020_02,train,accepted_train
2024-04-25 11:42:56,4月25日08_00_4月25日18_00,0,0,0,0,57,0,58,0,7.6176,70.6,7.8936,62,7.5208,55.7,8.0738,68.6,11.7448,70.4,11.4678,70.1,35.4,35,0,35,0,36,0,36,0,38.5088,71.9,34.798,75.6,36.5634,73.9,36.8298,73.5,30.7989,72,31.3479,72.2,22.1,257,263.1652,520.1652,69.7083333333,12,False,57.5,True,9.05,linear,normal_operation,none,True,train_parent_020_02,train,accepted_train
2024-04-25 11:43:26,4月25日08_00_4月25日18_00,0,0,0,0,57,0,58,0,12.673,70.5,13.6648,61.9,11.868,55.7,12.5856,68.6,13.9054,70.3,12.9082,70,34.1,35,0,35,0,36,0,35,0,36.4302,71.7,33.5376,75.4,35.136,73.7,36.156,73.3,31.4577,71.8,31.7871,72,22,256,282.1096,538.1096,69.575,12,False,56.1,True,9.03333333333,linear,normal_operation,none,True,train_parent_020_02,train,accepted_train
2024-04-25 11:43:56,4月25日08_00_4月25日18_00,0,0,0,0,57,0,58,0,15.6484,70.5,16.0892,61.9,17.1912,55.6,15.8137,68.5,14.3486,70.3,14.1824,70,36.1,35,0,35,0,36,0,35,0,33.5376,71.5,31.0168,75.2,33.11,73.5,33.5671,73.1,36.0584,71.7,36.6064,71.8,22.1,256,297.1698,553.1698,69.4666666667,12,False,58.2,True,8.9,linear,normal_operation,none,True,train_parent_020_02,train,accepted_train
2024-04-25 11:44:26,4月25日08_00_4月25日18_00,0,0,0,0,57,0,58,0,9.6048,70.4,10.4328,61.8,9.3288,55.5,9.6048,68.4,12.3542,70.2,12.742,69.9,35.4,35,0,35,0,35,0,36,0,35.555,71.4,31.8388,75.1,35.9595,73.3,35.1624,73,33.976,71.5,34.798,71.6,22,256,271.3571,527.3571,69.3416666667,12,False,57.4,True,9.16666666667,linear,normal_operation,none,True,train_parent_020_02,train,accepted_train
2024-04-25 11:44:56,4月25日08_00_4月25日18_00,0,0,0,0,57,0,58,0,10.4328,70.3,10.4328,61.7,11.4264,55.5,12.144,68.4,11.357,70.1,10.803,69.8,33.8,35,0,35,0,36,0,35,0,37.7977,71.2,34.2969,74.9,36.3987,73.1,36.7632,72.7,29.646,71.3,30.7989,71.4,22.3,256,272.2974,528.2974,69.2,12,False,56.1,True,9.43,linear,normal_operation,none,True,train_parent_020_02,train,accepted_train
2024-04-25 11:45:26,4月25日08_00_4月25日18_00,0,0,0,0,57,0,58,0,12.0118,70.3,12.3096,61.7,11.592,55.4,12.3096,68.3,11.911,70,13.0744,69.8,34.2,35,0,35,0,36,0,36,0,35.9926,70.9,32.9294,74.7,36.234,72.9,35.604,72.5,33.4341,71.1,33.7086,71.3,22.3,257,281.1111,538.1111,69.075,12,False,56.5,True,9.43333333333,linear,normal_operation,none,True,train_parent_020_02,train,accepted_train
2024-04-25 11:45:56,4月25日08_00_4月25日18_00,0,0,0,0,57,0,58,0,12.5628,70.2,12.0336,61.6,13.1376,55.3,12.8616,68.2,13.9054,70,13.4622,69.7,33.9,35,0,35,0,36,0,35,0,35.008,70.8,31.5072,74.5,34.3125,72.7,33.7824,72.4,35.7844,70.9,36.4968,71.1,22.2,256,284.8545,540.8545,68.95,12,False,56.1,True,9.5,linear,normal_operation,none,True,train_parent_020_02,train,accepted_train
2024-04-25 11:46:26,4月25日08_00_4月25日18_00,0,0,0,0,57,0,58,0,10.0464,70.1,9.8808,61.5,9.1632,55.3,9.1632,68.2,11.357,69.9,11.7448,69.6,36,35,0,35,0,35,0,36,0,34.8439,70.6,31.7807,74.3,34.6968,72.6,34.5,72.2,36.3324,70.8,37.4832,70.9,22.1,256,270.9924,526.9924,68.8333333333,12,False,58.1,True,9.495,linear,normal_operation,none,True,train_parent_020_02,train,accepted_train
2024-04-25 11:46:56,4月25日08_00_4月25日18_00,0,0,0,0,57,0,58,0,11.316,70.1,11.1504,61.5,9.4944,55.2,9.7704,68.1,10.3598,69.9,10.3598,69.6,34,35,0,35,0,36,0,35,0,36.4728,70.4,32.9294,74.2,36.3987,72.4,35.88,72,31.5648,70.6,33.0992,70.7,22.2,256,268.7957,524.7957,68.725,12,False,56.2,True,9.3,linear,normal_operation,none,True,train_parent_020_02,train,accepted_train
2024-04-25 11:47:26,4月25日08_00_4月25日18_00,0,0,0,0,57,0,58,0,13.3893,70,13.2791,61.4,11.7024,55.1,11.316,68,11.08,69.8,10.803,69.5,34.4,35,0,35,0,36,0,36,0,37.6194,70.2,34.2969,74,36.0584,72.2,36.0905,71.8,30.9087,70.4,31.4577,70.5,22.2,257,278.0014,535.0014,68.575,12,False,56.6,True,9.17,linear,normal_operation,none,True,train_parent_020_02,train,accepted_train
2024-04-25 11:47:56,4月25日08_00_4月25日18_00,0,0,0,0,57,0,58,0,11.8465,69.9,11.8465,61.3,13.1138,55.1,13.0036,68,13.4622,69.7,13.1852,69.4,34.2,35,0,35,0,36,0,35,0,37.0188,70,33.5858,73.8,33.4341,72,32.6232,71.6,35.346,70.2,36.3324,70.3,21.8,256,284.7981,540.7981,68.4416666667,12,False,56,True,9.1,linear,normal_operation,none,True,train_parent_020_02,train,accepted_train
2024-04-25 11:48:26,4月25日08_00_4月25日18_00,0,0,0,0,57,0,58,0,10.5984,69.9,11.04,61.3,12.3096,55,12.42,67.9,10.9138,69.7,11.1908,69.4,33.8,35,0,35,0,36,0,36,0,34.5072,69.8,30.2491,73.6,33.1596,71.8,33.0648,71.4,37.7977,70,37.7977,70.1,23.8,257,275.0487,532.0487,68.325,12,False,57.6,True,9.5,linear,normal_operation,none,True,train_parent_020_02,train,accepted_train
2024-04-25 11:48:56,4月25日08_00_4月25日18_00,0,0,0,0,57,0,58,0,13.3893,69.8,13.3893,61.2,12.3975,54.9,12.5628,67.8,11.7448,69.6,11.911,69.3,33.6,35,0,35,0,36,0,35,0,37.7286,69.6,34.398,73.4,38.4148,71.6,37.5231,71.2,29.5362,69.8,30.5244,69.9,23.6,256,283.5198,539.5198,68.175,12,False,57.2,True,9.41904761905,linear,normal_operation,none,True,train_parent_020_02,train,accepted_train
2024-04-25 11:49:26,4月25日08_00_4月25日18_00,0,0,0,0,57,0,58,0,14.3811,69.7,15.3729,61.1,14.1056,54.9,14.1056,67.8,15.2628,69.5,14.8757,69.2,37,35,0,35,0,36,0,35,0,38.9844,69.4,34.671,73.3,35.072,71.4,35.264,71,31.7292,69.7,32.9896,69.8,22.1,256,296.8139,552.8139,68.0666666667,12,False,59.1,True,9,linear,normal_operation,none,True,train_parent_020_02,train,accepted_train
2024-04-25 11:49:56,4月25日08_00_4月25日18_00,0,0,0,0,57,0,58,0,13.8301,69.7,13.5546,61,14.3811,54.8,13.9403,67.7,13.4622,69.4,13.3514,69.2,36.8,35,0,35,0,36,0,36,0,34.125,69.2,29.8115,73.1,32.6106,71.2,32.5128,70.8,40.0404,69.5,41.1891,69.6,22.2,257,292.8091,549.8091,67.9333333333,12,False,59,True,9,linear,normal_operation,none,True,train_parent_020_02,train,accepted_train
2024-04-25 11:50:26,4月25日08_00_4月25日18_00,0,0,0,0,57,0,58,0,13.9403,69.6,14.1056,61,15.0974,54.7,14.9321,67.6,14.0162,69.4,14.1824,69.1,37.1,35,0,35,0,36,0,36,0,35.217,69,31.7807,72.9,33.5988,71,33.7824,70.7,35.4456,69.3,35.9926,69.4,22.2,257,292.0911,549.0911,67.8083333333,12,False,59.3,True,9.4,linear,normal_operation,none,True,train_parent_020_02,train,accepted_train
2024-04-25 11:50:56,4月25日08_00_4月25日18_00,0,0,0,0,57,0,58,0,9.8629,69.5,10.3037,60.9,8.6112,54.7,8.5008,67.5,11.08,69.3,11.357,69,35.7,35,0,35,0,36,0,36,0,27.2953,68.8,17.9744,72.7,12.3975,70.8,10.656,70.5,-6.2048,69.1,-7.202,69.2,22.5,257,114.632,371.632,67.6666666667,12,False,58.2,True,9.07619047619,linear,normal_operation,none,True,train_parent_020_02,train,accepted_train
2024-04-25 11:51:26,4月25日08_00_4月25日18_00,0,0,0,0,57,0,58,0,-9.2462,69.6,-9.3576,61,-8.355,54.8,-8.2993,67.6,-8.6086,69.3,-8.9999,69,36.9,35,0,35,0,36,0,36,0,-12.1208,68.8,-13.5664,72.7,-14.2848,70.9,-14.1624,70.5,-10.2297,69.3,-10.2297,69.4,22.1,257,-127.4604,129.5396,67.7416666667,12,False,59,True,5.7,linear,onboard_fc_charging,none,True,train_parent_020_02,train,accepted_train
2024-04-25 11:51:56,4月25日08_00_4月25日18_00,0,0,0,0,47,0,56,0,-4.9762,69.6,-4.309,61,-3.197,54.8,-2.56872,67.6,-5.53969,69.4,-6.9316,69.1,35.3,35,0,35,0,35,0,36,0,-12.0528,68.9,-15.066,72.8,-10.5092,71,-10.134,70.6,-11.18,69.3,-10.1179,69.4,22.5,244,-96.58211,147.41789,67.7916666667,12,False,57.8,True,5.7,linear,onboard_fc_charging,none,True,train_parent_020_02,train,accepted_train
2024-04-25 11:52:26,4月25日08_00_4月25日18_00,0,0,0,0,37,0,37,0,3.26895,69.6,3.26895,61,-1.35664,54.8,-0.514856,67.6,-0.10044,69.4,-0.204228,69.1,36.1,35,0,35,0,36,0,36,0,-8.1322,68.9,-11.7738,72.9,-11.312,71,-10.8659,70.6,-14.2494,69.4,-14.0811,69.5,22.1,216,-66.052664,149.947336,67.8166666667,12,False,58.2,True,5.7,linear,onboard_fc_charging,none,True,train_parent_020_02,train,accepted_train
2024-04-25 11:52:56,4月25日08_00_4月25日18_00,0,0,0,0,37,0,37,0,-0.8658,69.6,-0.70056,61,1.2765,54.8,2.1312,67.6,-0.84968,69.4,-1.04346,69.1,35.7,35,0,35,0,36,0,36,0,-11.1042,69,-13.9191,73,-11.22,71.1,-10.6032,70.7,-9.632,69.4,-10.136,69.5,22,216,-66.6663,149.3337,67.85,12,False,57.7,True,5.7,linear,onboard_fc_charging,none,True,train_parent_020_02,train,accepted_train
2024-04-25 11:53:26,4月25日08_00_4月25日18_00,0,0,0,0,37,0,37,0,-0.76172,69.6,-0.485388,61,-0.6672,54.8,0.142336,67.6,0.71424,69.4,0.56916,69.1,34.1,25,0,25,0,25,0,25,0,-4.59792,69,-8.2584,73,-2.716,71.1,-2.21822,70.7,-5.936,69.5,-6.16,69.6,22.1,174,-30.375112,143.624888,67.8666666667,12,False,56.2,True,5.35714285714,linear,onboard_fc_charging,none,True,train_parent_020_02,train,accepted_train
2024-04-25 11:53:56,4月25日08_00_4月25日18_00,0,0,0,0,37,0,37,0,3.97218,69.6,4.1181,61,5.25585,54.8,5.661,67.6,3.00204,69.4,3.41998,69.1,35.5,24,0,25,0,25,0,25,0,1.56792,69,-1.55403,73.1,2.14272,71.1,2.4447,70.7,0.99882,69.5,1.1439,69.6,23.8,173,32.17318,205.17318,67.875,12,False,59.3,True,5.25,linear,normal_operation,none,True,train_parent_020_02,train,accepted_train
2024-04-25 11:54:26,4月25日08_00_4月25日18_00,0,0,0,0,36,0,37,0,3.4077,69.6,3.552,61,3.12465,54.7,3.6963,67.6,3.5648,69.4,3.70962,69.1,33.6,24,0,25,0,25,0,25,0,1.99048,69,-1.48162,73.1,-0.79378,71.1,-0.288868,70.7,1.71306,69.5,1.57356,69.6,22.2,172,23.767902,195.767902,67.8666666667,12,False,55.8,True,5.5,linear,normal_operation,none,True,train_parent_020_02,train,accepted_train
2024-04-25 11:54:56,4月25日08_00_4月25日18_00,0,0,0,0,36,0,37,0,7.9222,69.6,8.0884,60.9,5.39042,54.7,5.9832,67.6,6.9625,69.3,6.8511,69,33.9,24,0,25,0,25,0,25,0,4.27008,69,0.99524,73.1,1.99764,71.1,2.4447,70.7,1.99764,69.5,2.14272,69.6,22.1,172,55.04584,227.04584,67.8416666667,12,False,56,True,6.14,linear,normal_operation,none,True,train_parent_020_02,train,accepted_train
2024-04-25 11:55:26,4月25日08_00_4月25日18_00,0,0,0,0,36,0,37,0,-0.490065,69.5,-0.37296,60.9,-6.4612,54.7,-5.46417,67.6,1.1439,69.3,1.1439,69,34.6,25,0,25,0,25,0,25,0,-8.0352,69,-11.1241,73.1,-13.3194,71.1,-13.0515,70.8,-10.4346,69.5,-10.1541,69.6,22.7,173,-76.619495,96.380505,67.8416666667,12,False,57.3,True,5.87142857143,linear,onboard_fc_charging,none,True,train_parent_020_02,train,accepted_train
2024-04-25 11:55:56,4月25日08_00_4月25日18_00,0,0,0,0,36,0,37,0,-2.20176,69.5,-2.00716,60.9,1.42336,54.7,2.13504,67.6,-1.50371,69.3,-1.57079,69,33.6,25,0,25,0,25,0,25,0,-9.6148,69,-12.824,73.2,-9.554,71.2,-9.6615,70.8,-10.7151,69.6,-10.9395,69.6,22,173,-67.03392,105.96608,67.8666666667,12,False,55.6,True,4.8,linear,onboard_fc_charging,none,True,train_parent_020_02,train,accepted_train
2024-04-25 11:56:26,4月25日08_00_4月25日18_00,0,0,0,0,36,0,37,0,-4.7902,69.6,-4.54512,60.9,-8.4816,54.7,-7.254,67.6,-4.1328,69.3,-4.30989,69,34.1,24,0,25,0,25,0,25,0,-9.912,69.1,-12.712,73.2,-9.1044,71.3,-9.0965,70.9,-11.5772,69.6,-11.521,69.7,24.6,172,-97.43671,74.56329,67.9083333333,12,False,58.7,True,3.35,linear,onboard_fc_charging,none,True,train_parent_020_02,train,accepted_train
2024-04-25 11:56:56,4月25日08_00_4月25日18_00,0,0,0,0,36,0,36,0,-6.6402,69.6,-6.4728,60.9,-4.36131,54.8,-3.63164,67.6,-6.104,69.4,-6.384,69.1,34.4,25,0,25,0,25,0,25,0,-9.688,69.1,-12.768,73.3,-11.0152,71.3,-10.961,70.9,-10.959,69.7,-10.7342,69.8,22.3,172,-99.71935,72.28065,67.9583333333,12,False,56.7,True,1.94444444444,linear,onboard_fc_charging,none,True,train_parent_020_02,train,accepted_train
2024-04-25 11:57:26,4月25日08_00_4月25日18_00,0,0,0,0,36,0,37,0,-5.30658,69.6,-5.03316,61,-6.0822,54.8,-5.13918,67.6,-6.0588,69.4,-6.272,69.1,35.6,25,0,24,0,25,0,25,0,-9.128,69.2,-12.4542,73.3,-10.7904,71.3,-10.6408,70.9,-10.5656,69.7,-10.4532,69.8,23.8,172,-97.92412,74.07588,67.975,12,False,59.4,True,1.9,linear,onboard_fc_charging,none,True,train_parent_020_02,train,accepted_train
2024-04-25 11:57:56,4月25日08_00_4月25日18_00,0,0,0,0,36,0,36,0,-4.96844,69.6,-4.80438,61,-8.37,54.8,-7.1982,67.6,-3.2312,69.4,-3.6008,69.1,35.2,25,0,25,0,25,0,25,0,-9.296,69.2,-12.0615,73.4,-10.9028,71.4,-10.8106,71,-10.7342,69.8,-10.7904,69.9,22.9,172,-96.76852,75.23148,68.0166666667,12,False,58.1,True,1.9,linear,onboard_fc_charging,none,True,train_parent_020_02,train,accepted_train
2024-04-25 11:58:26,4月25日08_00_4月25日18_00,0,0,0,0,36,0,37,0,-5.9148,69.6,-5.859,61,-5.56326,54.8,-4.5198,67.7,-5.2024,69.4,-5.3704,69.1,34.7,25,0,25,0,25,0,25,0,-9.632,69.2,-12.3981,73.5,-10.8659,71.4,-10.471,71,-10.1722,69.8,-10.7342,69.9,22.6,173,-96.70306,76.29694,68.0333333333,12,False,57.3,True,1.9,linear,onboard_fc_charging,none,True,train_parent_020_02,train,accepted_train
2024-04-25 11:58:56,4月25日08_00_4月25日18_00,0,0,0,0,36,0,36,0,-6.5286,69.7,-6.3612,61,-4.9104,54.9,-4.11804,67.7,-5.3856,69.4,-5.2734,69.2,34.2,24,0,24,0,25,0,25,0,-8.624,69.3,-11.22,73.5,-11.2037,71.5,-11.2068,71.1,-11.5978,69.9,-11.5978,70,22.3,170,-98.02734,71.97266,68.1,12,False,56.5,True,1.9,linear,onboard_fc_charging,none,True,train_parent_020_02,train,accepted_train
2024-04-25 11:59:26,4月25日08_00_4月25日18_00,0,0,0,0,36,0,36,0,-3.83346,69.7,-3.62142,61.1,-7.826,54.9,-6.9316,67.7,-5.11071,69.5,-5.23413,69.2,33.8,25,0,25,0,25,0,25,0,-8.5272,69.3,-10.1541,73.6,-11.0348,71.5,-10.9804,71.1,-10.9785,69.9,-11.3726,70,22.2,172,-95.60492,76.39508,68.125,12,False,56,True,1.9,linear,onboard_fc_charging,none,True,train_parent_020_02,train,accepted_train
2024-04-25 11:59:56,4月25日08_00_4月25日18_00,0,0,0,0,36,0,37,0,-7.254,69.7,-7.2111,61.1,-3.30894,54.9,-2.8179,67.7,-6.4515,69.5,-6.3954,69.2,34,25,0,25,0,25,0,25,0,-9.3126,69.4,-12.0054,73.6,-11.8793,71.6,-11.6596,71.2,-10.3029,70,-10.3029,70.1,22.6,173,-98.90154,74.09846,68.1666666667,12,False,56.6,True,0.361904761905,linear,ambiguous_external_supply,none,False,,excluded,ambiguous_external_supply
2024-04-25 12:00:26,4月25日08_00_4月25日18_00,0,0,0,0,36,0,37,0,-2.61144,69.8,-2.75094,61.1,-8.8322,55,-8.2173,67.8,-4.87509,69.5,-4.7685,69.2,36,25,0,25,0,25,0,25,0,-10.098,69.4,-12.5326,73.7,-11.0348,71.7,-11.3766,71.3,-9.9651,70,-9.7399,70.1,22.3,173,-96.80247,76.19753,68.2166666667,12,False,58.3,True,0,linear,ambiguous_external_supply,none,False,,excluded,ambiguous_external_supply
2024-04-25 12:00:56,4月25日08_00_4月25日18_00,0,0,0,0,36,0,37,0,-8.2732,69.8,-8.1614,61.1,-4.7515,55,-4.1366,67.8,-5.1051,69.6,-5.20608,69.3,32.4,25,0,25,0,25,0,25,0,-10.8466,69.5,-13.0384,73.8,-10.697,71.7,-11.037,71.3,-10.697,70.1,-10.697,70.2,21.1,173,-102.64688,70.35312,68.2666666667,12,False,53.5,True,0,linear,ambiguous_external_supply,none,False,,excluded,ambiguous_external_supply
2024-04-25 12:01:26,4月25日08_00_4月25日18_00,0,0,0,0,36,0,36,0,-4.66206,69.8,-4.47759,61.2,-7.4906,55,-6.9316,67.8,-5.59317,69.6,-5.58756,69.3,33.6,24,0,25,0,24,0,25,0,-11.521,69.5,-13.6004,73.8,-10.9222,71.8,-10.9238,71.4,-9.571,70.1,-10.134,70.2,21.3,170,-101.41498,68.58502,68.2916666667,12,False,54.9,True,0,linear,ambiguous_external_supply,none,False,,excluded,ambiguous_external_supply
2024-04-25 12:01:56,4月25日08_00_4月25日18_00,0,0,0,0,36,0,37,0,-6.8198,69.8,-6.708,61.2,-4.8074,55.1,-4.31548,67.9,-6.0696,69.6,-6.1149,69.3,33.7,24,0,25,0,25,0,25,0,-9.3292,69.6,-11.24,73.9,-10.8852,71.8,-10.5276,71.4,-12.4986,70.2,-12.3297,70.3,21.4,172,-101.64548,70.35452,68.3416666667,12,False,55.1,True,0,linear,ambiguous_external_supply,none,False,,excluded,ambiguous_external_supply
2024-04-25 12:02:26,4月25日08_00_4月25日18_00,0,0,0,0,36,0,37,0,-4.14778,69.9,-4.27635,61.2,-8.176,55.1,-7.224,67.9,-5.3109,69.6,-5.47536,69.4,32.5,25,0,25,0,25,0,25,0,-8.6955,69.6,-10.3408,74,-12.126,71.9,-11.8503,71.5,-11.26,70.3,-11.6541,70.4,21.2,173,-100.53709,72.46291,68.4,12,False,53.7,True,0,linear,ambiguous_external_supply,none,False,,excluded,ambiguous_external_supply
2024-04-25 12:02:56,4月25日08_00_4月25日18_00,0,0,0,0,36,0,37,0,-6.0931,69.9,-5.8136,61.3,-5.38317,55.1,-4.72355,67.9,-6.3506,69.7,-6.2382,69.4,33.3,24,0,24,0,24,0,25,0,-10.2846,69.7,-11.7458,74,-11.7312,72,-11.907,71.6,-10.6407,70.3,-10.6407,70.4,21.4,170,-101.55222,68.44778,68.4416666667,12,False,54.7,True,0,linear,ambiguous_external_supply,none,False,,excluded,ambiguous_external_supply
2024-04-25 12:03:26,4月25日08_00_4月25日18_00,0,0,0,0,36,0,37,0,-7.0993,69.9,-7.2111,61.3,-3.79002,55.1,-3.39872,67.9,-6.6878,69.7,-7.0812,69.4,33.8,24,0,25,0,25,0,25,0,-10.8466,69.8,-12.386,74.1,-11.2236,72,-10.9431,71.6,-10.697,70.4,-10.8096,70.5,21.5,172,-102.17404,69.82596,68.475,12,False,55.3,True,0,linear,ambiguous_external_supply,none,False,,excluded,ambiguous_external_supply
2024-04-25 12:03:56,4月25日08_00_4月25日18_00,0,0,0,0,36,0,37,0,-4.71237,70,-4.76268,61.3,-7.952,55.2,-7.448,68,-5.0018,69.7,-5.04676,69.5,32.5,24,0,25,0,24,0,25,0,-11.24,69.8,-12.4423,74.2,-11.1108,72.1,-10.6029,71.7,-10.5281,70.4,-10.8096,70.5,21.4,171,-101.65731,69.34269,68.5333333333,12,False,53.9,True,0,linear,ambiguous_external_supply,none,False,,excluded,ambiguous_external_supply
2024-04-25 12:04:26,4月25日08_00_4月25日18_00,0,0,0,0,36,0,37,0,-6.6521,70,-6.5403,61.4,-3.88505,55.2,-3.5776,68,-6.8564,69.8,-6.9688,69.5,33.1,24,0,25,0,25,0,25,0,-11.3524,69.9,-12.7238,74.2,-9.3624,72.1,-8.9019,71.7,-11.9004,70.5,-12.1824,70.6,21.6,172,-100.90355,71.09645,68.575,12,False,54.7,True,0,linear,ambiguous_external_supply,none,False,,excluded,ambiguous_external_supply
2024-04-25 12:04:56,4月25日08_00_4月25日18_00,0,0,0,0,36,0,37,0,-4.56703,70,-4.35461,61.4,-6.888,55.2,-6.496,68,-6.0134,69.8,-5.9572,69.5,34,24,0,25,0,25,0,25,0,-10.7904,69.9,-12.0482,74.3,-10.434,72.2,-10.0926,71.8,-12.1824,70.6,-12.126,70.7,21.4,172,-101.94984,70.05016,68.6166666667,12,False,55.4,True,0,linear,ambiguous_external_supply,none,False,,excluded,ambiguous_external_supply
2024-04-25 12:05:26,4月25日08_00_4月25日18_00,0,0,0,0,36,0,37,0,-4.50554,70.1,-4.46082,61.4,-6.832,55.3,-6.384,68.1,-5.901,69.8,-5.901,69.5,33.2,25,0,25,0,25,0,25,0,-10.5656,70,-11.9919,74.3,-9.9828,72.2,-10.0926,71.8,-12.126,70.6,-12.2388,70.7,21.4,173,-100.98206,72.01794,68.65,12,False,54.6,True,0,linear,ambiguous_external_supply,none,False,,excluded,ambiguous_external_supply
2024-04-25 12:05:56,4月25日08_00_4月25日18_00,0,0,0,0,36,0,37,0,-5.59,70.1,-5.37758,61.4,-6.104,55.3,-5.4152,68.1,-5.7886,69.9,-5.7886,69.6,33.6,24,0,25,0,25,0,25,0,-10.9785,70,-12.2734,74.4,-10.0392,72.3,-10.3194,71.9,-11.6748,70.7,-11.7876,70.8,21.6,172,-101.13688,70.86312,68.7083333333,12,False,55.2,True,0,linear,ambiguous_external_supply,none,False,,excluded,ambiguous_external_supply
2024-04-25 12:06:26,4月25日08_00_4月25日18_00,0,0,0,0,36,0,37,0,-8.176,70.1,-8.12,61.5,-3.03537,55.3,-2.77264,68.1,-6.3506,69.9,-6.2382,69.6,33.4,25,0,25,0,25,0,24,0,-10.8659,70.1,-11.9919,74.5,-10.7724,72.4,-10.773,71.9,-11.3364,70.7,-11.28,70.8,21.6,172,-101.71241,70.28759,68.7416666667,12,False,55,True,0,linear,ambiguous_external_supply,none,False,,excluded,ambiguous_external_supply
2024-04-25 12:06:56,4月25日08_00_4月25日18_00,0,0,0,0,36,0,37,0,-3.09686,70.2,-3.0745,61.5,-8.976,55.4,-8.5272,68.1,-5.33338,69.9,-5.46264,69.6,32.7,24,0,24,0,24,0,25,0,-10.9785,70.2,-11.8793,74.5,-10.2084,72.4,-9.9225,72,-11.844,70.8,-11.7312,70.9,21.3,170,-101.03448,68.96552,68.7916666667,12,False,54,True,0,linear,ambiguous_external_supply,none,False,,excluded,ambiguous_external_supply
2024-04-25 12:07:26,4月25日08_00_4月25日18_00,0,0,0,0,36,0,36,0,-8.4,70.2,-8.232,61.5,-3.192,55.4,-2.8,68.2,-5.901,70,-6.0134,69.7,33,24,0,25,0,25,0,25,0,-10.8659,70.2,-11.4852,74.6,-10.8288,72.5,-10.9431,72,-11.5056,70.9,-11.4492,71,21.3,171,-101.6162,69.3838,68.85,12,False,54.3,True,0,linear,ambiguous_external_supply,none,False,,excluded,ambiguous_external_supply
2024-04-25 12:07:56,4月25日08_00_4月25日18_00,0,0,0,0,36,0,37,0,-3.70058,70.2,-3.47139,61.6,-8.3028,55.4,-7.9101,68.2,-6.4068,70,-6.2382,69.7,32.9,24,0,25,0,25,0,24,0,-10.134,70.3,-11.0348,74.7,-11.562,72.5,-11.6235,72.1,-11.28,70.9,-10.7724,71,21.3,171,-102.43657,68.56343,68.8833333333,12,False,54.2,True,0,linear,ambiguous_external_supply,none,False,,excluded,ambiguous_external_supply
2024-04-25 12:08:26,4月25日08_00_4月25日18_00,0,0,0,0,36,0,37,0,-7.392,70.2,-6.888,61.6,-5.0288,55.5,-4.3736,68.2,-5.62,70,-5.5919,69.7,33,25,0,25,0,24,0,24,0,-11.3163,70.3,-11.9568,74.7,-10.4904,72.6,-10.206,72.2,-10.8852,71,-11.2236,71.1,21.5,171,-100.9726,70.0274,68.925,12,False,54.5,True,0,linear,ambiguous_external_supply,none,False,,excluded,ambiguous_external_supply
2024-04-25 12:08:56,4月25日08_00_4月25日18_00,0,0,0,0,36,0,37,0,-3.6008,70.3,-3.3824,61.6,-9.0882,55.5,-7.9101,68.3,-5.8448,70.1,-5.60876,69.8,33.5,25,0,25,0,25,0,24,0,-11.7104,70.4,-12.5208,74.8,-12.0132,72.6,-11.4534,72.2,-8.8548,71,-9.5316,71.1,21.3,172,-101.51926,70.48074,68.975,12,False,54.8,True,0,linear,ambiguous_external_supply,none,False,,excluded,ambiguous_external_supply
2024-04-25 12:09:26,4月25日08_00_4月25日18_00,0,0,0,0,36,0,37,0,-4.9,70.3,-4.06393,61.6,-6.6759,55.5,-6.1149,68.3,-6.8123,70.1,-6.463,69.8,33.6,25,0,25,0,25,0,25,0,-11.3726,70.4,-11.9004,74.9,-11.3928,72.7,-10.8864,72.3,-10.3776,71.1,-10.4904,71.2,21.5,173,-101.45023,71.54977,69.0166666667,12,False,55.1,True,0,linear,ambiguous_external_supply,none,False,,excluded,ambiguous_external_supply
2024-04-25 12:09:56,4月25日08_00_4月25日18_00,0,0,0,0,36,0,37,0,-7.224,70.3,-6.776,61.7,-3.6344,55.6,-3.4664,68.3,-5.9678,70.1,-5.8448,69.8,34.8,24,0,25,0,24,0,25,0,-10.3592,70.5,-11.0544,74.9,-11.9215,72.8,-11.7936,72.3,-10.4904,71.1,-10.5468,71.2,21.4,171,-99.0793,71.9207,69.05,12,False,56.2,True,0,linear,ambiguous_external_supply,none,False,,excluded,ambiguous_external_supply
2024-04-25 12:10:26,4月25日08_00_4月25日18_00,0,0,0,0,36,0,36,0,-4.0152,70.4,-3.8976,61.7,-7.7979,55.6,-7.9662,68.3,-4.9456,70.1,-4.71518,69.9,35.9,24,0,24,0,24,0,25,0,-9.571,70.6,-10.152,75,-11.978,72.8,-11.34,72.4,-11.28,71.2,-11.562,71.3,21.3,169,-99.22068,69.77932,69.1083333333,12,False,57.2,True,0,linear,ambiguous_external_supply,none,False,,excluded,ambiguous_external_supply
2024-04-25 12:10:56,4月25日08_00_4月25日18_00,0,0,0,0,36,0,36,0,-7.5735,70.4,-7.4052,61.7,-2.828,55.6,-2.8784,68.4,-6.3619,70.2,-6.2944,69.9,35.8,24,0,25,0,24,0,25,0,-9.7399,70.6,-11.0544,75,-11.752,72.9,-11.9848,72.5,-10.9416,71.3,-11.1672,71.4,21.2,170,-99.9813,70.0187,69.1583333333,12,False,57,True,0,linear,ambiguous_external_supply,none,False,,excluded,ambiguous_external_supply
2024-04-25 12:11:26,4月25日08_00_4月25日18_00,0,0,0,0,36,0,37,0,-2.92916,70.4,-2.9176,61.8,-7.1808,55.7,-6.8442,68.4,-4.99618,70.2,-5.35586,69.9,37.6,24,0,25,0,24,0,25,0,-9.0643,70.7,-10.0392,75.1,-11.9215,73,-11.9637,72.5,-11.5056,71.3,-11.6184,71.4,21.4,171,-96.3365,74.6635,69.2,12,False,59,True,0,linear,ambiguous_external_supply,none,False,,excluded,ambiguous_external_supply
2024-04-25 12:11:56,4月25日08_00_4月25日18_00,0,0,0,0,36,0,37,0,-6.496,70.5,-6.272,61.8,-2.996,55.7,-2.8056,68.4,-5.11982,70.2,-4.97932,69.9,39.4,24,0,25,0,24,0,25,0,-10.1903,70.7,-10.8852,75.1,-11.187,73,-11.0565,72.6,-11.3364,71.4,-11.562,71.5,21.3,171,-94.88614,76.11386,69.2333333333,12,False,60.7,True,0,linear,ambiguous_external_supply,none,False,,excluded,ambiguous_external_supply
2024-04-25 12:12:26,4月25日08_00_4月25日18_00,0,0,0,0,36,0,36,0,-2.00122,70.5,-1.77203,61.8,-5.2696,55.7,-4.8944,68.4,-4.22624,70.3,-4.16442,70,46.1,24,0,25,0,25,0,24,0,-12.1608,70.8,-12.4644,75.2,-9.9828,73.1,-10.0926,72.7,-10.7724,71.4,-10.8288,71.5,21.5,170,-88.62971,81.37029,69.2833333333,12,False,67.6,True,0,linear,ambiguous_external_supply,none,False,,excluded,ambiguous_external_supply
2024-04-25 12:12:56,4月25日08_00_4月25日18_00,0,0,0,0,36,0,37,0,-2.07389,70.5,-1.93414,61.8,-2.4472,55.7,-2.3296,68.5,-3.70358,70.3,-3.66424,70,53,25,0,24,0,24,0,25,0,-11.844,70.8,-12.5772,75.3,-10.4904,73.1,-10.0926,72.7,-10.4904,71.5,-10.716,71.6,21.3,171,-82.36325,88.63675,69.3166666667,12,False,74.3,True,0,linear,ambiguous_external_supply,none,False,,excluded,ambiguous_external_supply
2024-04-25 12:13:26,4月25日08_00_4月25日18_00,0,0,0,0,36,0,37,0,-3.5056,70.5,-3.4888,61.8,-1.4448,55.7,-1.21303,68.5,-4.0183,70.3,-3.92276,70,51.6,25,0,24,0,25,0,25,0,-11.4492,70.9,-12.0132,75.3,-10.2648,73.2,-10.0359,72.8,-11.0544,71.5,-11.4492,71.7,21.3,172,-83.85999,88.14001,69.35,12,False,72.9,True,0,linear,ambiguous_external_supply,none,False,,excluded,ambiguous_external_supply
2024-04-25 12:13:56,4月25日08_00_4月25日18_00,0,0,0,0,36,0,37,0,-3.864,70.5,-3.6064,61.8,-2.8,55.7,-2.4024,68.5,-2.84372,70.3,-2.76504,70,51,24,0,25,0,25,0,24,0,-11.0544,71,-11.7876,75.4,-9.9828,73.2,-10.0926,72.8,-11.6184,71.6,-12.0696,71.7,21.4,171,-84.88696,86.11304,69.375,12,False,72.4,True,0,linear,ambiguous_external_supply,none,False,,excluded,ambiguous_external_supply
2024-04-25 12:14:26,4月25日08_00_4月25日18_00,0,0,0,0,36,0,37,0,-4.004,70.5,-3.8192,61.9,-1.876,55.8,-1.6968,68.5,-3.10224,70.3,-3.00108,70,50.8,24,0,25,0,25,0,24,0,-11.1672,71,-11.6184,75.4,-10.3212,73.3,-10.3376,72.9,-10.7724,71.7,-11.1108,71.8,21.4,171,-82.82692,88.17308,69.425,12,False,72.2,True,0,linear,ambiguous_external_supply,none,False,,excluded,ambiguous_external_supply
2024-04-25 12:14:56,4月25日08_00_4月25日18_00,0,0,0,0,36,0,37,0,-3.6512,70.6,-3.4664,61.9,-2.296,55.8,-2.044,68.5,-3.15844,70.3,-3.16406,70.1,51.1,25,0,24,0,24,0,24,0,-11.0544,71.1,-11.3928,75.5,-12.091,73.4,-11.928,72.9,-9.87,71.7,-10.2648,71.8,21.4,170,-84.3811,85.6189,69.4666666667,12,False,72.5,True,0,linear,ambiguous_external_supply,none,False,,excluded,ambiguous_external_supply
2024-04-25 12:15:26,4月25日08_00_4月25日18_00,0,0,0,0,36,0,37,0,-2.33662,70.6,-2.07389,61.9,-3.3992,55.8,-3.2984,68.5,-3.02918,70.4,-2.82686,70.1,51.6,25,0,25,0,25,0,25,0,-10.3592,71.1,-10.4904,75.6,-12.4865,73.4,-12.2688,73,-10.4904,71.8,-10.716,71.9,21.5,173,-83.77545,89.22455,69.5083333333,12,False,73.1,True,0,linear,ambiguous_external_supply,none,False,,excluded,ambiguous_external_supply
2024-04-25 12:15:56,4月25日08_00_4月25日18_00,0,0,0,0,36,0,37,0,-2.24718,70.6,-1.66582,61.9,-4.8888,55.8,-4.5696,68.5,-1.97262,70.4,-1.9108,70.1,51.3,24,0,25,0,25,0,24,0,-10.8288,71.2,-11.1672,75.6,-11.3,73.5,-11.0192,73.1,-10.9416,71.8,-10.998,71.9,21.4,171,-83.50962,87.49038,69.5333333333,12,False,72.7,True,0,linear,ambiguous_external_supply,none,False,,excluded,ambiguous_external_supply
2024-04-25 12:16:26,4月25日08_00_4月25日18_00,0,0,0,0,36,0,37,0,-2.72233,70.6,-2.41488,61.9,-3.7072,55.8,-3.2592,68.6,-2.7538,70.4,-2.84372,70.1,51.4,24,0,25,0,24,0,25,0,-10.5468,71.2,-11.28,75.7,-11.187,73.5,-11.076,73.1,-11.5825,71.9,-12.3516,72,21.4,171,-85.72503,85.27497,69.5666666667,12,False,72.8,True,0,linear,ambiguous_external_supply,none,False,,excluded,ambiguous_external_supply
2024-04-25 12:16:56,4月25日08_00_4月25日18_00,0,0,0,0,36,0,37,0,-4.648,70.6,-4.4408,61.9,-1.2264,55.8,-1.2656,68.6,-2.99546,70.4,-2.88868,70.1,51.4,25,0,24,0,24,0,25,0,-11.562,71.3,-12.126,75.8,-10.17,73.6,-10.0536,73.2,-11.3,71.9,-11.28,72.1,21.5,171,-83.95654,87.04346,69.6083333333,12,False,72.9,True,0,linear,ambiguous_external_supply,none,False,,excluded,ambiguous_external_supply
2024-04-25 12:17:26,4月25日08_00_4月25日18_00,0,0,0,0,36,0,37,0,-1.19626,70.6,-1.21862,62,-4.5976,55.9,-4.3792,68.6,-3.0348,70.4,-3.05728,70.1,51.2,25,0,25,0,25,0,25,0,-9.9264,71.4,-10.8288,75.8,-9.8136,73.6,-9.9968,73.2,-12.656,72,-12.7125,72.1,21.4,173,-83.41786,89.58214,69.6416666667,12,False,72.6,True,0,linear,ambiguous_external_supply,none,False,,excluded,ambiguous_external_supply
2024-04-25 12:17:56,4月25日08_00_4月25日18_00,0,0,0,0,36,0,37,0,-2.52668,70.6,-2.36457,62,-3.3488,55.9,-3.0128,68.6,-3.20902,70.4,-3.12472,70.1,51.6,24,0,25,0,24,0,24,0,-10.3212,71.4,-10.8288,75.9,-11.9215,73.7,-12.0416,73.3,-10.3212,72.1,-10.6032,72.2,21.6,170,-83.62409,86.37591,69.6833333333,12,False,73.2,True,0,linear,ambiguous_external_supply,none,False,,excluded,ambiguous_external_supply
2024-04-25 12:18:26,4月25日08_00_4月25日18_00,0,0,0,0,36,0,37,0,-3.6456,70.7,-3.332,62,-2.0944,55.9,-2.2064,68.6,-3.28208,70.5,-3.24836,70.2,51.2,25,0,24,0,24,0,25,0,-11.7312,71.5,-12.1824,75.9,-12.204,73.8,-12.4392,73.3,-8.8548,72.1,-9.024,72.2,21,171,-84.24444,86.75556,69.725,12,False,72.2,True,0,linear,ambiguous_external_supply,none,False,,excluded,ambiguous_external_supply
2024-04-25 12:18:56,4月25日08_00_4月25日18_00,0,0,0,0,36,0,37,0,-4.0768,70.7,-3.668,62,-7.9101,55.9,-7.4613,68.6,-3.75416,70.5,-3.88904,70.2,37.1,25,0,25,0,25,0,25,0,-11.0544,71.5,-11.4492,76,-10.9045,73.8,-11.0192,73.4,-10.9416,72.2,-10.6032,72.3,21.3,173,-96.7315,76.2685,69.7583333333,12,False,58.4,True,0,linear,ambiguous_external_supply,none,False,,excluded,ambiguous_external_supply
2024-04-25 12:19:26,4月25日08_00_4月25日18_00,0,0,0,0,36,0,37,0,-4.8384,70.7,-4.8552,62,-5.8905,55.9,-5.46414,68.7,-4.86692,70.5,-4.98494,70.2,38.1,25,0,25,0,24,0,25,0,-11.3364,71.6,-11.9215,76.1,-10.0005,73.9,-9.7128,73.4,-11.187,72.2,-11.752,72.4,21.4,172,-96.8103,75.1897,69.8,12,False,59.5,True,0,linear,ambiguous_external_supply,none,False,,excluded,ambiguous_external_supply
2024-04-25 12:19:56,4月25日08_00_4月25日18_00,0,0,0,0,36,0,37,0,-5.8905,70.7,-5.9466,62.1,-4.30848,56,-4.116,68.7,-5.5737,70.5,-5.52303,70.2,37.2,24,0,25,0,25,0,25,0,-10.3776,71.6,-10.8288,76.1,-11.3565,73.9,-11.5304,73.5,-10.9045,72.3,-11.3,72.4,21.2,172,-97.65611,74.34389,69.8333333333,12,False,58.4,True,0,linear,ambiguous_external_supply,none,False,,excluded,ambiguous_external_supply
2024-04-25 12:20:26,4月25日08_00_4月25日18_00,0,0,0,0,36,0,36,0,-3.2256,70.8,-3.0408,62.1,-7.4052,56,-7.0686,68.7,-3.9621,70.6,-3.8497,70.3,39.2,24,0,25,0,25,0,25,0,-9.87,71.7,-10.152,76.2,-10.622,74,-10.224,73.6,-12.1475,72.3,-12.43,72.5,21.1,171,-93.9975,77.0025,69.9,12,False,60.3,True,0,linear,ambiguous_external_supply,none,False,,excluded,ambiguous_external_supply
2024-04-25 12:20:56,4月25日08_00_4月25日18_00,0,0,0,0,36,0,37,0,-6.3954,70.8,-6.171,62.1,-2.9172,56,-2.7104,68.7,-5.15145,70.6,-5.09734,70.3,39.7,25,0,25,0,24,0,25,0,-9.87,71.7,-10.6596,76.2,-11.8085,74.1,-12.0416,73.6,-10.509,72.4,-11.413,72.5,21.6,172,-94.74449,77.25551,69.9166666667,12,False,61.3,True,0,linear,ambiguous_external_supply,none,False,,excluded,ambiguous_external_supply
2024-04-25 12:21:26,4月25日08_00_4月25日18_00,0,0,0,0,36,0,37,0,-3.2032,70.8,-2.9064,62.1,-6.1149,56.1,-5.8344,68.8,-5.22464,70.6,-4.92625,70.3,40,24,0,25,0,25,0,24,0,-9.9828,71.8,-10.8288,76.3,-12.543,74.1,-12.212,73.7,-10.2265,72.5,-10.5468,72.6,21.2,171,-94.54969,76.45031,69.975,12,False,61.2,True,0,linear,ambiguous_external_supply,none,False,,excluded,ambiguous_external_supply
2024-04-25 12:21:56,4月25日08_00_4月25日18_00,0,0,0,0,36,0,37,0,-3.7912,70.8,-3.78,62.1,-4.46556,56.1,-4.22994,68.8,-3.27084,70.6,-3.10786,70.3,45.5,24,0,25,0,25,0,24,0,-10.8288,71.9,-11.1108,76.3,-11.5825,74.2,-11.2464,73.7,-10.735,72.5,-10.9045,72.7,21.4,171,-89.0534,81.9466,70,12,False,66.9,True,0,linear,ambiguous_external_supply,none,False,,excluded,ambiguous_external_supply
2024-04-25 12:22:26,4月25日08_00_4月25日18_00,0,0,0,0,36,0,36,0,-6.5637,70.9,-6.3393,62.2,-3.72504,56.1,-3.65211,68.8,-4.4117,70.6,-4.25434,70.3,40.2,25,0,24,0,25,0,25,0,-11.6184,71.9,-11.752,76.4,-10.961,74.2,-10.7352,73.8,-10.509,72.6,-10.9045,72.7,21.3,171,-95.42629,75.57371,70.0416666667,12,False,61.5,True,0,linear,ambiguous_external_supply,none,False,,excluded,ambiguous_external_supply
2024-04-25 12:22:56,4月25日08_00_4月25日18_00,0,0,0,0,36,0,37,0,-3.388,70.9,-3.472,62.2,-6.171,56.1,-5.9466,68.8,-5.04448,70.7,-4.82758,70.4,39.3,25,0,24,0,25,0,25,0,-10.998,72,-11.0175,76.5,-11.6955,74.3,-11.644,73.9,-10.283,72.6,-10.7724,72.8,21.2,172,-95.26006,76.73994,70.1,12,False,60.5,True,0,linear,ambiguous_external_supply,none,False,,excluded,ambiguous_external_supply
2024-04-25 12:23:26,4月25日08_00_4月25日18_00,0,0,0,0,36,0,36,0,-6.0027,70.9,-6.0027,62.2,-2.57499,56.2,-2.4136,68.9,-5.7426,70.7,-6.0804,70.4,39.2,24,0,24,0,25,0,25,0,-10.998,72,-11.865,76.5,-11.0175,74.4,-11.3032,73.9,-10.509,72.7,-10.6596,72.8,21.1,170,-95.16929,74.83071,70.1333333333,12,False,60.3,True,0,linear,ambiguous_external_supply,none,False,,excluded,ambiguous_external_supply
2024-04-25 12:23:56,4月25日08_00_4月25日18_00,0,0,0,0,36,0,37,0,-4.3456,70.9,-4.61703,62.2,-7.0125,56.2,-6.4515,68.9,-4.05923,70.7,-3.91152,70.4,38.3,24,0,24,0,25,0,24,0,-11.844,72.1,-12.656,76.6,-11.1305,74.4,-10.9056,74,-9.7572,72.7,-10.152,72.9,21.4,170,-96.84268,73.15732,70.1666666667,12,False,59.7,True,0,linear,ambiguous_external_supply,none,False,,excluded,ambiguous_external_supply
2024-04-25 12:24:26,4月25日08_00_4月25日18_00,0,0,0,0,36,0,37,0,-4.6536,71,-4.6563,62.3,-6.3954,56.2,-6.1149,68.9,-4.43644,70.7,-4.42856,70.4,37.4,24,0,24,0,25,0,24,0,-10.4904,72.2,-10.961,76.6,-11.5825,74.5,-10.9624,74,-10.961,72.8,-11.2435,72.9,20.9,170,-96.886,73.114,70.2083333333,12,False,58.3,True,0,linear,ambiguous_external_supply,none,False,,excluded,ambiguous_external_supply
2024-04-25 12:24:56,4月25日08_00_4月25日18_00,0,0,0,0,36,0,37,0,-6.0027,71,-5.9466,62.3,-4.04481,56.2,-3.94383,68.9,-5.28657,70.8,-5.18523,70.5,37.2,24,0,25,0,24,0,25,0,-9.588,72.2,-9.9264,76.7,-12.2605,74.5,-12.2688,74.1,-11.074,72.9,-11.526,73,21.1,171,-97.05344,73.94656,70.2583333333,12,False,58.3,True,0,linear,ambiguous_external_supply,none,False,,excluded,ambiguous_external_supply
2024-04-25 12:25:26,4月25日08_00_4月25日18_00,0,0,0,0,36,0,37,0,-3.5896,71,-3.56235,62.3,-2.89476,56.3,-2.99013,69,-4.97692,70.8,-4.83617,70.5,46,24,0,25,0,24,0,24,0,-10.7724,72.3,-11.2435,76.8,-11.865,74.6,-11.644,74.2,-10.396,72.9,-10.6785,73.1,21.5,170,-89.44933,80.55067,70.3166666667,12,False,67.5,True,0,linear,ambiguous_external_supply,none,False,,excluded,ambiguous_external_supply
2024-04-25 12:25:56,4月25日08_00_4月25日18_00,0,0,0,0,36,0,37,0,-2.5424,71,-2.4472,62.4,-4.97046,56.3,-4.53288,69,-4.34073,70.8,-4.27317,70.5,45.6,24,0,25,0,25,0,24,0,-10.4904,72.3,-11.1305,76.8,-11.752,74.7,-11.644,74.2,-10.2265,73,-10.4525,73.1,21.5,171,-88.80274,82.19726,70.3416666667,12,False,67.1,True,0,linear,ambiguous_external_supply,none,False,,excluded,ambiguous_external_supply
2024-04-25 12:26:26,4月25日08_00_4月25日18_00,0,0,0,0,36,0,36,0,-2.94,71.1,-2.7384,62.4,-4.97607,56.3,-4.68996,69,-3.90722,70.8,-3.87218,70.5,45.6,25,0,24,0,24,0,25,0,-11.0544,72.4,-11.074,76.9,-11.639,74.7,-11.2464,74.3,-10.509,73,-10.9045,73.2,21.1,170,-89.55113,80.44887,70.3833333333,12,False,66.7,True,0,linear,ambiguous_external_supply,none,False,,excluded,ambiguous_external_supply
2024-04-25 12:26:56,4月25日08_00_4月25日18_00,0,0,0,0,36,0,37,0,-5.17242,71.1,-4.91997,62.4,-1.6352,56.3,-1.6912,69,-4.76861,70.9,-4.53778,70.6,46.4,25,0,25,0,24,0,25,0,-11.1672,72.4,-11.3565,76.9,-11.0175,74.8,-10.7352,74.3,-10.735,73.1,-11.074,73.2,20.9,172,-88.81058,83.18942,70.4166666667,12,False,67.3,True,0,linear,ambiguous_external_supply,none,False,,excluded,ambiguous_external_supply
2024-04-25 12:27:26,4月25日08_00_4月25日18_00,0,0,0,0,36,0,37,0,-2.6264,71.1,-2.7328,62.4,-5.47536,56.3,-5.22852,69,-4.17183,70.9,-4.08175,70.6,43.7,24,0,25,0,25,0,24,0,-10.716,72.5,-11.5825,77,-11.0175,74.8,-11.076,74.4,-11.0175,73.1,-11.2435,73.3,21.1,171,-90.96966,80.03034,70.45,12,False,64.8,True,0,linear,ambiguous_external_supply,none,False,,excluded,ambiguous_external_supply
2024-04-25 12:27:56,4月25日08_00_4月25日18_00,0,0,0,0,36,0,37,0,-5.7783,71.1,-5.61,62.4,-5.13876,56.4,-4.90875,69.1,-4.48711,70.9,-4.35199,70.6,37.2,24,0,25,0,25,0,24,0,-9.8136,72.5,-10.2648,77.1,-11.074,74.9,-11.0192,74.5,-12.091,73.2,-12.2605,73.3,21.2,171,-96.79801,74.20199,70.5,12,False,58.4,True,0,linear,ambiguous_external_supply,none,False,,excluded,ambiguous_external_supply
2024-04-25 12:28:26,4月25日08_00_4月25日18_00,0,0,0,0,36,0,37,0,-4.90314,71.1,-4.71801,62.5,-5.21169,56.4,-5.26218,69.1,-4.98255,70.9,-4.94877,70.6,37.8,25,0,25,0,24,0,25,0,-9.588,72.6,-10.0392,77.1,-11.187,75,-11.076,74.5,-12.543,73.3,-12.656,73.4,21.5,172,-97.11554,74.88446,70.5416666667,12,False,59.3,True,0,linear,ambiguous_external_supply,none,False,,excluded,ambiguous_external_supply
2024-04-25 12:28:56,4月25日08_00_4月25日18_00,0,0,0,0,36,0,37,0,-5.61,71.2,-5.7222,62.5,-4.51044,56.4,-4.30287,69.1,-5.13456,71,-5.02759,70.7,37,24,0,24,0,25,0,25,0,-10.152,72.6,-10.7915,77.2,-11.3,75,-11.1896,74.6,-11.2435,73.3,-11.4695,73.5,21.2,171,-96.45376,74.54624,70.5916666667,12,False,58.2,True,0,linear,ambiguous_external_supply,none,False,,excluded,ambiguous_external_supply
2024-04-25 12:29:26,4月25日08_00_4月25日18_00,0,0,0,0,36,0,37,0,-4.00554,71.2,-3.91017,62.5,-6.1149,56.5,-5.7222,69.2,-5.61874,71,-5.42732,70.7,37.4,25,0,25,0,24,0,25,0,-10.6596,72.7,-11.3,77.2,-11.074,75.1,-10.8488,74.6,-11.2435,73.4,-11.865,73.5,21.1,172,-97.78977,74.21023,70.6333333333,12,False,58.5,True,0,linear,ambiguous_external_supply,none,False,,excluded,ambiguous_external_supply
2024-04-25 12:29:56,4月25日08_00_4月25日18_00,0,0,0,0,36,0,37,0,-4.0656,71.2,-4.07847,62.5,-3.37161,56.5,-3.34917,69.2,-4.85869,71,-4.86995,70.7,43.6,24,0,25,0,24,0,24,0,-9.9828,72.8,-10.3395,77.3,-11.2435,75.1,-11.4168,74.7,-11.2435,73.4,-12.1475,73.6,21.2,170,-90.96709,79.03291,70.6666666667,12,False,64.8,True,0,linear,ambiguous_external_supply,none,False,,excluded,ambiguous_external_supply
2024-04-25 12:30:26,4月25日08_00_4月25日18_00,0,0,0,0,36,0,37,0,-3.93261,71.2,-3.83724,62.6,-3.99432,56.5,-3.68577,69.2,-4.96566,71,-4.6729,70.7,43.1,24,0,25,0,25,0,24,0,-11.0544,72.8,-10.961,77.3,-10.735,75.2,-10.792,74.7,-11.639,73.5,-11.8085,73.7,21.2,171,-92.0784,78.9216,70.7,12,False,64.3,True,0,linear,ambiguous_external_supply,none,False,,excluded,ambiguous_external_supply
2024-04-25 12:30:56,4月25日08_00_4月25日18_00,0,0,0,0,36,0,36,0,-2.4808,71.3,-2.4024,62.6,-7.587,56.5,-7.1936,69.2,-5.9115,71.1,-5.7989,70.8,37.2,24,0,25,0,24,0,24,0,-11.562,72.9,-12.1475,77.4,-9.7745,75.2,-9.94,74.8,-10.6785,73.6,-10.6785,73.7,22.3,169,-96.1552,72.8448,70.7583333333,12,False,59.5,True,0,linear,ambiguous_external_supply,none,False,,excluded,ambiguous_external_supply
2024-04-25 12:31:26,4月25日08_00_4月25日18_00,0,0,0,0,36,0,37,0,-6.7881,71.3,-6.3393,62.6,-3.79236,56.6,-3.9831,69.3,-5.14582,71.1,-4.92062,70.8,37.7,25,0,25,0,25,0,25,0,-12.543,72.9,-13.108,77.5,-10.3395,75.3,-10.2808,74.8,-9.5485,73.6,-9.718,73.8,21,173,-96.5071,76.4929,70.8,12,False,58.7,True,0,linear,ambiguous_external_supply,none,False,,excluded,ambiguous_external_supply
2024-04-25 12:31:56,4月25日08_00_4月25日18_00,0,0,0,0,36,0,37,0,-4.77972,71.3,-4.57215,62.6,-5.21169,56.6,-5.2734,69.3,-5.39917,71.1,-5.27531,70.8,36.8,25,0,24,0,24,0,25,0,-11.7876,73,-12.1475,77.5,-10.17,75.3,-10.1104,74.9,-10.057,73.7,-10.961,73.8,22.5,171,-95.74494,75.25506,70.825,12,False,59.3,True,0,linear,ambiguous_external_supply,none,False,,excluded,ambiguous_external_supply
2024-04-25 12:32:26,4月25日08_00_4月25日18_00,0,0,0,0,36,0,37,0,-5.41926,71.3,-5.40804,62.6,-5.26594,56.6,-5.03552,69.3,-4.53215,71.2,-4.53778,70.8,37.3,24,0,25,0,25,0,24,0,-11.28,73.1,-11.9215,77.6,-10.509,75.4,-10.1104,75,-10.848,73.7,-11.187,73.9,21.7,171,-96.05459,74.94541,70.875,12,False,59,True,0,linear,ambiguous_external_supply,none,False,,excluded,ambiguous_external_supply
2024-04-25 12:32:56,4月25日08_00_4月25日18_00,0,0,0,0,36,0,37,0,-5.1612,71.4,-4.70679,62.7,-4.84143,56.6,-5.02095,69.3,-5.38228,71.2,-5.30909,70.9,37.4,25,0,25,0,25,0,25,0,-11.0544,73.1,-11.5825,77.7,-10.5655,75.5,-10.3944,75,-11.3565,73.8,-11.413,73.9,21.8,173,-96.78804,76.21196,70.925,12,False,59.2,True,0,linear,ambiguous_external_supply,none,False,,excluded,ambiguous_external_supply
2024-04-25 12:33:26,4月25日08_00_4月25日18_00,0,0,0,0,36,0,37,0,-5.9466,71.4,-5.9466,62.7,-5.2547,56.7,-4.93998,69.4,-4.15494,71.2,-4.02545,70.9,36.9,25,0,25,0,25,0,25,0,-10.716,73.2,-10.6785,77.7,-10.848,75.5,-10.4512,75.1,-11.6955,73.8,-11.639,74,21.6,173,-96.29647,76.70353,70.9666666667,12,False,58.5,True,0,linear,ambiguous_external_supply,none,False,,excluded,ambiguous_external_supply
2024-04-25 12:33:56,4月25日08_00_4月25日18_00,0,0,0,0,36,0,37,0,-4.47678,71.4,-4.90314,62.7,-4.29726,56.7,-4.31409,69.4,-3.4343,71.2,-3.36111,70.9,43.4,24,0,25,0,25,0,24,0,-10.7724,73.2,-10.848,77.8,-9.831,75.6,-9.9968,75.1,-11.8085,73.9,-11.978,74.1,21.5,171,-90.02138,80.97862,71,12,False,64.9,True,0,linear,ambiguous_external_supply,none,False,,excluded,ambiguous_external_supply
2024-04-25 12:34:26,4月25日08_00_4月25日18_00,0,0,0,0,36,0,36,0,-3.66894,71.4,-3.55113,62.7,-4.45666,56.7,-4.32531,69.4,-4.10427,71.3,-4.10427,70.9,44.4,24,0,25,0,25,0,24,0,-10.8288,73.3,-10.848,77.8,-9.831,75.6,-9.9968,75.2,-12.0345,74,-11.865,74.1,21.5,170,-89.61468,80.38532,71.0333333333,12,False,65.9,True,0,linear,ambiguous_external_supply,none,False,,excluded,ambiguous_external_supply
2024-04-25 12:34:56,4月25日08_00_4月25日18_00,0,0,0,0,36,0,37,0,-4.41507,71.5,-4.27482,62.8,-3.04062,56.7,-2.71524,69.4,-5.16271,71.3,-4.99381,71,43.4,24,0,24,0,25,0,24,0,-9.7572,73.3,-10.396,77.9,-10.6785,75.7,-10.6972,75.2,-12.0345,74,-12.43,74.2,21.6,170,-90.59567,79.40433,71.0833333333,12,False,65,True,0,linear,ambiguous_external_supply,none,False,,excluded,ambiguous_external_supply
2024-04-25 12:35:26,4月25日08_00_4月25日18_00,0,0,0,0,36,0,37,0,-2.7384,71.5,-2.492,62.8,-5.901,56.8,-5.8448,69.5,-4.10427,71.3,-3.86781,71,43.6,25,0,24,0,24,0,25,0,-10.4904,73.4,-10.622,77.9,-11.3565,75.7,-10.9817,75.3,-11.074,74.1,-11.1305,74.3,21.6,171,-90.60338,80.39662,71.1333333333,12,False,65.2,True,0,linear,ambiguous_external_supply,none,False,,excluded,ambiguous_external_supply
2024-04-25 12:35:56,4月25日08_00_4月25日18_00,0,0,0,0,36,0,37,0,-5.03778,71.5,-5.02095,62.8,-1.81203,56.8,-1.99716,69.5,-4.2788,71.3,-4.21124,71,46.5,25,0,25,0,25,0,25,0,-11.3364,73.5,-11.5825,78,-12.6218,75.8,-12.8025,75.3,-9.153,74.1,-9.0965,74.3,21.8,173,-88.95066,84.04934,71.1583333333,12,False,68.3,True,0,linear,ambiguous_external_supply,none,False,,excluded,ambiguous_external_supply
2024-04-25 12:36:26,4月25日08_00_4月25日18_00,0,0,0,0,36,0,37,0,-4.29165,71.5,-4.44873,62.8,-2.78817,56.8,-2.56938,69.5,-3.67639,71.3,-3.62572,71,46.5,25,0,25,0,25,0,25,0,-10.0956,73.5,-10.1135,78.1,-11.886,75.9,-11.7783,75.4,-10.6785,74.2,-11.2435,74.4,21.9,173,-87.19544,85.80456,71.2,12,False,68.4,True,0,linear,ambiguous_external_supply,none,False,,excluded,ambiguous_external_supply
2024-04-25 12:36:56,4月25日08_00_4月25日18_00,0,0,0,0,36,0,37,0,-2.79378,71.6,-2.64792,62.9,-4.7124,56.8,-4.72923,69.5,-3.73832,71.4,-3.61446,71.1,46.3,24,0,25,0,24,0,24,0,-11.1108,73.6,-11.3565,78.1,-10.7915,75.9,-10.7541,75.5,-10.961,74.2,-11.0175,74.4,21.8,170,-88.22751,81.77249,71.25,12,False,68.1,True,0,linear,ambiguous_external_supply,none,False,,excluded,ambiguous_external_supply
2024-04-25 12:37:26,4月25日08_00_4月25日18_00,0,0,0,0,36,0,36,0,-3.54552,71.6,-3.18648,62.9,-6.4068,56.8,-6.2382,69.5,-4.25065,71.4,-4.18309,71.1,40,24,0,24,0,25,0,24,0,-10.2648,73.6,-10.622,78.2,-10.735,76,-10.811,75.5,-11.6955,74.3,-11.6955,74.5,21.3,169,-93.63454,75.36546,71.2833333333,12,False,61.3,True,0,linear,ambiguous_external_supply,none,False,,excluded,ambiguous_external_supply
2024-04-25 12:37:56,4月25日08_00_4月25日18_00,0,0,0,0,36,0,37,0,-6.7881,71.6,-6.5637,62.9,-1.71666,56.9,-1.71105,69.6,-3.70454,71.4,-3.59757,71.1,44,24,0,25,0,24,0,24,0,-10.6596,73.7,-10.9045,78.2,-10.1135,76,-10.5265,75.6,-11.978,74.4,-12.1475,74.5,21.6,170,-90.41122,79.58878,71.325,12,False,65.6,True,0,linear,ambiguous_external_supply,none,False,,excluded,ambiguous_external_supply
2024-04-25 12:38:26,4月25日08_00_4月25日18_00,0,0,0,0,36,0,37,0,-2.0104,71.6,-1.87374,62.9,-6.463,56.9,-5.7886,69.6,-4.19435,71.4,-4.14931,71.1,43.7,25,0,24,0,25,0,24,0,-10.998,73.7,-10.6785,78.3,-10.396,76.1,-10.4696,75.6,-11.187,74.4,-11.4695,74.6,21.6,171,-89.678,81.322,71.35,12,False,65.3,True,0,linear,ambiguous_external_supply,none,False,,excluded,ambiguous_external_supply
2024-04-25 12:38:56,4月25日08_00_4月25日18_00,0,0,0,0,36,0,37,0,-6.1149,71.6,-6.0027,62.9,-1.91301,56.9,-1.66056,69.6,-4.39703,71.4,-4.21124,71.1,44.1,24,0,25,0,25,0,25,0,-10.6596,73.8,-10.622,78.3,-10.17,76.1,-10.4696,75.7,-11.8085,74.5,-12.43,74.7,21.6,172,-90.45914,81.54086,71.3833333333,12,False,65.7,True,0,linear,ambiguous_external_supply,none,False,,excluded,ambiguous_external_supply
2024-04-25 12:39:26,4月25日08_00_4月25日18_00,0,0,0,0,36,0,37,0,-3.89895,71.7,-3.71943,63,-4.25238,56.9,-4.05042,69.6,-4.17183,71.5,-4.09301,71.2,44.1,25,0,25,0,24,0,25,0,-11.28,73.9,-11.187,78.4,-10.7915,76.2,-10.9817,75.7,-10.622,74.5,-11.0175,74.7,21.6,172,-90.06572,81.93428,71.4416666667,12,False,65.7,True,0,linear,ambiguous_external_supply,none,False,,excluded,ambiguous_external_supply
2024-04-25 12:39:56,4月25日08_00_4月25日18_00,0,0,0,0,36,0,37,0,-3.57918,71.7,-3.52308,63,-4.81634,57,-4.74606,69.6,-4.03108,71.5,-3.85655,71.2,43.7,24,0,25,0,24,0,24,0,-10.6032,73.9,-10.735,78.5,-13.3576,76.3,-12.8594,75.8,-8.9835,74.6,-9.379,74.8,21.6,170,-90.46999,79.53001,71.4916666667,12,False,65.3,True,0,linear,ambiguous_external_supply,none,False,,excluded,ambiguous_external_supply
2024-04-25 12:40:26,4月25日08_00_4月25日18_00,0,0,0,0,36,0,36,0,-3.00135,71.7,-2.9733,63,-2.93403,57,-2.87793,69.7,-3.3217,71.5,-3.47934,71.2,50.4,25,0,25,0,24,0,25,0,-11.4695,74,-12.1475,78.5,-10.622,76.3,-10.5834,75.9,-10.17,74.6,-10.17,74.8,21.8,171,-83.75005,87.24995,71.5166666667,12,False,72.2,True,0,linear,ambiguous_external_supply,none,False,,excluded,ambiguous_external_supply
2024-04-25 12:40:56,4月25日08_00_4月25日18_00,0,0,0,0,36,0,37,0,-2.6208,71.7,-2.66475,63,-2.70402,57,-2.77695,69.7,-3.71017,71.5,-3.70454,71.2,49.8,25,0,25,0,24,0,25,0,-10.434,74,-10.7915,78.6,-10.4525,76.4,-10.5265,75.9,-11.639,74.7,-12.1475,74.9,21.5,172,-84.17223,87.82777,71.55,12,False,71.3,True,0,linear,ambiguous_external_supply,none,False,,excluded,ambiguous_external_supply
2024-04-25 12:41:26,4月25日08_00_4月25日18_00,0,0,0,0,36,0,37,0,-4.32531,71.7,-4.24677,63,-2.15424,57,-2.0757,69.7,-2.90508,71.5,-2.55148,71.2,50.6,24,0,24,0,24,0,25,0,-10.716,74.1,-11.1305,78.6,-12.169,76.4,-11.949,76,-9.7745,74.8,-10.2265,75,21.6,170,-84.22408,85.77592,71.5833333333,12,False,72.2,True,0,linear,ambiguous_external_supply,none,False,,excluded,ambiguous_external_supply
2024-04-25 12:41:56,4月25日08_00_4月25日18_00,0,0,0,0,36,0,36,0,-4.99851,71.8,-4.97607,63.1,-1.50348,57,-1.48104,69.7,-2.56272,71.6,-2.56834,71.2,51.2,25,0,25,0,24,0,25,0,-11.865,74.1,-11.5825,78.7,-11.4898,76.5,-11.5507,76,-9.944,74.8,-9.944,75,21.5,171,-84.46616,86.53384,71.625,12,False,72.7,True,0,linear,ambiguous_external_supply,none,False,,excluded,ambiguous_external_supply
2024-04-25 12:42:26,4月25日08_00_4月25日18_00,0,0,0,0,36,0,37,0,-3.2538,71.8,-3.24819,63.1,-5.36316,57,-5.14437,69.7,-3.43993,71.6,-3.70454,71.3,43.8,24,0,25,0,25,0,24,0,-12.5995,74.2,-12.2605,78.8,-10.5655,76.6,-10.5265,76.1,-9.8875,74.9,-10.1135,75.1,21.8,171,-90.10699,80.89301,71.6833333333,12,False,65.6,True,0,linear,ambiguous_external_supply,none,False,,excluded,ambiguous_external_supply
2024-04-25 12:42:56,4月25日08_00_4月25日18_00,0,0,0,0,36,0,37,0,-5.29023,71.8,-5.16681,63.1,-5.3671,57.1,-5.34462,69.8,-4.28443,71.6,-4.48711,71.3,37.9,24,0,25,0,25,0,25,0,-11.3565,74.3,-11.074,78.8,-11.3565,76.6,-11.2093,76.2,-10.057,74.9,-10.509,75.1,21.7,172,-95.5026,76.4974,71.7166666667,12,False,59.6,True,0,linear,ambiguous_external_supply,none,False,,excluded,ambiguous_external_supply
2024-04-25 12:43:26,4月25日08_00_4月25日18_00,0,0,0,0,36,0,37,0,-6.6198,71.8,-6.2944,63.1,-4.99618,57.1,-4.78262,69.8,-3.53564,71.6,-3.378,71.3,38.3,24,0,24,0,25,0,25,0,-10.9045,74.3,-10.961,78.9,-10.6785,76.7,-10.811,76.2,-11.1305,75,-10.961,75.2,21.7,171,-95.05314,75.94686,71.75,12,False,60,True,0,linear,ambiguous_external_supply,none,False,,excluded,ambiguous_external_supply
2024-04-25 12:43:56,4月25日08_00_4月25日18_00,0,0,0,0,36,0,37,0,-6.5754,71.9,-6.3506,63.2,-4.15318,57.1,-4.02798,69.8,-4.66727,71.6,-4.44207,71.3,37.4,25,0,25,0,25,0,25,0,-11.978,74.4,-12.1475,78.9,-10.3395,76.7,-10.4696,76.3,-10.509,75,-10.848,75.2,21.6,173,-96.5081,76.4919,71.7833333333,12,False,59,True,0,linear,ambiguous_external_supply,none,False,,excluded,ambiguous_external_supply
2024-04-25 12:44:26,4月25日08_00_4月25日18_00,0,0,0,0,36,0,37,0,-6.2382,71.9,-6.2382,63.2,-4.47352,57.1,-4.40608,69.8,-4.5603,71.7,-4.40829,71.3,37.7,24,0,24,0,24,0,24,0,-9.9828,74.4,-10.0005,79,-12.2822,76.8,-12.4042,76.3,-10.5655,75.1,-10.735,75.3,22.1,169,-96.29479,72.70521,71.825,12,False,59.8,True,0,linear,ambiguous_external_supply,none,False,,excluded,ambiguous_external_supply
2024-04-25 12:44:56,4月25日08_00_4月25日18_00,0,0,0,0,36,0,37,0,-5.08827,71.9,-4.91997,63.2,-5.7886,57.2,-5.4514,69.9,-4.2225,71.7,-4.15494,71.4,38.2,25,0,24,0,25,0,24,0,-10.2648,74.5,-10.5655,79.1,-11.8294,76.9,-11.8921,76.4,-10.4525,75.1,-10.5655,75.3,21.9,171,-95.19548,75.80452,71.8833333333,12,False,60.1,True,0,linear,ambiguous_external_supply,none,False,,excluded,ambiguous_external_supply
2024-04-25 12:45:26,4月25日08_00_4月25日18_00,0,0,0,0,36,0,36,0,-3.83163,72,-3.56796,63.2,-4.45104,57.2,-4.22062,69.9,-4.38014,71.7,-4.24502,71.4,43.3,25,0,25,0,24,0,25,0,-10.152,74.6,-10.622,79.1,-12.735,76.9,-12.597,76.5,-9.6615,75.2,-10.283,75.4,21.8,171,-90.74691,80.25309,71.925,12,False,65.1,True,0,linear,ambiguous_external_supply,none,False,,excluded,ambiguous_external_supply
2024-04-25 12:45:56,4月25日08_00_4月25日18_00,0,0,0,0,36,0,37,0,-4.40946,72,-4.47117,63.3,-3.4221,57.2,-3.26502,69.9,-4.60534,71.7,-4.45333,71.4,43.7,25,0,24,0,25,0,25,0,-10.2084,74.6,-10.1135,79.2,-12.6784,77,-12.312,76.5,-10.4525,75.2,-10.735,75.5,21.7,172,-91.12622,80.87378,71.9583333333,12,False,65.4,True,0,linear,ambiguous_external_supply,none,False,,excluded,ambiguous_external_supply
2024-04-25 12:46:26,4月25日08_00_4月25日18_00,0,0,0,0,36,0,37,0,-3.97749,72,-3.86529,63.3,-3.28746,57.2,-3.24258,69.9,-4.77987,71.8,-4.82491,71.4,44.6,24,0,25,0,24,0,24,0,-11.074,74.7,-11.1305,79.2,-10.8106,77,-10.5834,76.6,-10.848,75.3,-10.9045,75.5,21.9,170,-89.3286,80.6714,71.9916666667,12,False,66.5,True,0,linear,ambiguous_external_supply,none,False,,excluded,ambiguous_external_supply
2024-04-25 12:46:56,4月25日08_00_4月25日18_00,0,0,0,0,36,0,37,0,-2.36742,72,-2.32254,63.3,-3.33795,57.3,-3.30429,69.9,-3.59757,71.8,-3.56942,71.5,49.6,24,0,25,0,24,0,25,0,-11.8085,74.7,-11.526,79.3,-9.7745,77.1,-9.5592,76.6,-11.2435,75.4,-11.978,75.6,21.7,171,-84.38889,86.61111,72.0416666667,12,False,71.3,True,0,linear,ambiguous_external_supply,none,False,,excluded,ambiguous_external_supply
2024-04-25 12:47:26,4月25日08_00_4月25日18_00,0,0,0,0,36,0,37,0,-2.81061,72,-2.97891,63.3,-2.22717,57.3,-2.26644,70,-4.09864,71.8,-4.09864,71.5,50.3,24,0,24,0,25,0,25,0,-11.5825,74.8,-11.8085,79.3,-9.831,77.1,-9.6161,76.7,-11.413,75.4,-11.526,75.6,22,171,-84.25751,86.74249,72.0666666667,12,False,72.3,True,0,linear,ambiguous_external_supply,none,False,,excluded,ambiguous_external_supply
2024-04-25 12:47:56,4月25日08_00_4月25日18_00,0,0,0,0,36,0,37,0,-3.0294,72,-2.78817,63.3,-1.78398,57.3,-1.80081,70,-4.45333,71.8,-4.26754,71.5,51.1,24,0,25,0,25,0,25,0,-10.6785,74.8,-10.1135,79.4,-11.8294,77.2,-12.0628,76.7,-10.735,75.5,-11.3,75.7,21.8,172,-84.84243,87.15757,72.1,12,False,72.9,True,0,linear,ambiguous_external_supply,none,False,,excluded,ambiguous_external_supply
2024-04-25 12:48:26,4月25日08_00_4月25日18_00,0,0,0,0,36,0,37,0,-2.69841,72.1,-2.55255,63.3,-2.36742,57.3,-2.26083,70,-4.05923,71.8,-3.96352,71.5,50.4,25,0,24,0,25,0,25,0,-10.434,74.9,-10.2265,79.4,-11.8294,77.3,-11.4938,76.8,-10.9045,75.5,-10.735,75.7,21.8,172,-83.52516,88.47484,72.1333333333,12,False,72.2,True,0,linear,ambiguous_external_supply,none,False,,excluded,ambiguous_external_supply
2024-04-25 12:48:56,4月25日08_00_4月25日18_00,0,0,0,0,36,0,37,0,-1.8648,72.1,-1.876,63.4,-3.33795,57.3,-3.18087,70,-3.84529,71.9,-3.65387,71.5,50.4,24,0,25,0,24,0,24,0,-10.3212,75,-10.396,79.5,-12.0558,77.3,-12.2904,76.9,-10.1135,75.6,-10.7915,75.8,21.7,170,-83.72718,86.27282,72.1916666667,12,False,72.1,True,0,linear,ambiguous_external_supply,none,False,,excluded,ambiguous_external_supply
2024-04-25 12:49:26,4月25日08_00_4月25日18_00,0,0,0,0,36,0,36,0,-4.16262,72.1,-4.12896,63.4,-3.85407,57.3,-3.78675,70,-4.19998,71.9,-4.12116,71.6,44.5,24,0,25,0,25,0,25,0,-10.735,75,-10.396,79.6,-10.754,77.4,-10.5834,76.9,-11.8085,75.6,-11.6955,75.9,21.7,171,-90.22594,80.77406,72.225,12,False,66.2,True,0,linear,ambiguous_external_supply,none,False,,excluded,ambiguous_external_supply
2024-04-25 12:49:56,4月25日08_00_4月25日18_00,0,0,0,0,36,0,37,0,-3.64089,72.1,-3.74748,63.4,-7.1374,57.4,-6.8564,70,-4.44207,71.9,-4.30695,71.6,37.3,24,0,25,0,25,0,24,0,-11.639,75.1,-11.6955,79.6,-9.3225,77.4,-8.9902,77,-11.639,75.7,-12.3735,75.9,21.5,171,-95.79089,75.20911,72.2583333333,12,False,58.8,True,0,linear,ambiguous_external_supply,none,False,,excluded,ambiguous_external_supply
2024-04-25 12:50:26,4月25日08_00_4月25日18_00,0,0,0,0,36,0,37,0,-5.32389,72.1,-5.17242,63.4,-5.26594,57.4,-5.07486,70.1,-4.53215,71.9,-4.43644,71.6,38,25,0,25,0,25,0,25,0,-11.074,75.1,-10.4525,79.7,-10.848,77.5,-10.8679,77,-11.3565,75.8,-11.526,76,22,173,-95.9306,77.0694,72.3,12,False,60,True,0,linear,ambiguous_external_supply,none,False,,excluded,ambiguous_external_supply
2024-04-25 12:50:56,4月25日08_00_4月25日18_00,0,0,0,0,36,0,37,0,-7.025,72.2,-7.3622,63.5,-3.82722,57.4,-3.74748,70.1,-4.00856,72,-3.96915,71.6,38.2,25,0,25,0,25,0,25,0,-10.4525,75.2,-10.2265,79.7,-12.9614,77.6,-12.5749,77.1,-9.3225,75.8,-9.605,76,21.8,173,-95.08241,77.91759,72.35,12,False,60,True,0,linear,ambiguous_external_supply,none,False,,excluded,ambiguous_external_supply
2024-04-25 12:51:26,4月25日08_00_4月25日18_00,0,0,0,0,36,0,37,0,-3.23136,72.2,-3.32673,63.5,-7.5308,57.4,-7.3622,70.1,-4.26191,72,-4.01982,71.7,38.3,24,0,24,0,24,0,24,0,-12.091,75.2,-11.526,79.8,-10.0005,77.6,-10.3558,77.1,-10.961,75.9,-10.4525,76.1,21.7,169,-95.11962,73.88038,72.3833333333,12,False,60,True,0,linear,ambiguous_external_supply,none,False,,excluded,ambiguous_external_supply
2024-04-25 12:51:56,4月25日08_00_4月25日18_00,0,0,0,0,36,0,37,0,-6.0696,72.2,-6.2382,63.5,-3.653,57.5,-3.72044,70.1,-5.26968,72,-5.10641,71.7,38,24,0,25,0,25,0,25,0,-11.865,75.3,-11.1502,79.8,-9.8875,77.7,-9.673,77.2,-11.0175,75.9,-11.5825,76.2,21.7,172,-95.23303,76.76697,72.425,12,False,59.7,True,0,linear,ambiguous_external_supply,none,False,,excluded,ambiguous_external_supply
2024-04-25 12:52:26,4月25日08_00_4月25日18_00,0,0,0,0,36,0,36,0,-4.31409,72.2,-4.36458,63.5,-3.69796,57.5,-3.62406,70.2,-4.19998,72,-4.10427,71.7,43.1,24,0,25,0,24,0,25,0,-11.3,75.4,-10.848,79.9,-9.6615,77.7,-9.5023,77.2,-11.7728,76,-11.9215,76.2,21.8,170,-89.31104,80.68896,72.4583333333,12,False,64.9,True,0,linear,ambiguous_external_supply,none,False,,excluded,ambiguous_external_supply
2024-04-25 12:52:56,4月25日08_00_4月25日18_00,0,0,0,0,36,0,37,0,-4.46556,72.3,-4.40946,63.6,-3.86094,57.5,-3.88773,70.2,-3.95789,72.1,-3.92974,71.7,43.5,25,0,25,0,25,0,25,0,-10.7915,75.4,-10.17,80,-11.7162,77.8,-11.7214,77.3,-10.848,76.1,-11.187,76.3,21.8,173,-90.94542,82.05458,72.525,12,False,65.3,True,0,linear,ambiguous_external_supply,none,False,,excluded,ambiguous_external_supply
2024-04-25 12:53:26,4月25日08_00_4月25日18_00,0,0,0,0,36,0,37,0,-4.42068,72.3,-4.75728,63.6,-1.38006,57.5,-1.44177,70.2,-3.42304,72.1,-3.53564,71.7,50.3,24,0,24,0,24,0,24,0,-10.622,75.5,-10.2265,80,-12.2822,77.8,-12.2904,77.4,-10.057,76.1,-10.17,76.3,22.1,169,-84.60657,84.39343,72.5416666667,12,False,72.4,True,0,linear,ambiguous_external_supply,none,False,,excluded,ambiguous_external_supply
2024-04-25 12:53:56,4月25日08_00_4月25日18_00,0,0,0,0,36,0,37,0,-3.56796,72.3,-3.4782,63.6,-1.80642,57.5,-1.92423,70.2,-3.72706,72.1,-3.61446,71.8,50.5,24,0,25,0,24,0,24,0,-10.7915,75.5,-10.283,80.1,-11.4332,77.9,-11.4369,77.4,-10.961,76.2,-10.961,76.4,21.8,170,-83.98493,86.01507,72.5833333333,12,False,72.3,True,0,linear,ambiguous_external_supply,none,False,,excluded,ambiguous_external_supply
2024-04-25 12:54:26,4月25日08_00_4月25日18_00,0,0,0,0,36,0,36,0,-0.02576,72.3,0.14336,63.6,-5.24346,57.6,-4.81072,70.2,-4.17746,72.1,-4.12679,71.8,50.5,24,0,25,0,25,0,24,0,-10.396,75.6,-10.17,80.1,-11.037,78,-10.6972,77.5,-10.7915,76.2,-11.6955,76.5,21.8,170,-83.02803,86.97197,72.625,12,False,72.3,True,0,linear,ambiguous_external_supply,none,False,,excluded,ambiguous_external_supply
2024-04-25 12:54:56,4月25日08_00_4月25日18_00,0,0,0,0,36,0,37,0,-3.21453,72.3,-3.29307,63.6,-2.09253,57.6,-2.0196,70.2,-3.7158,72.1,-3.78899,71.8,50.4,24,0,25,0,25,0,24,0,-10.3395,75.7,-9.944,80.2,-11.037,78,-11.0386,77.5,-11.074,76.3,-11.3565,76.5,21.7,171,-82.91412,88.08588,72.65,12,False,72.1,True,0,linear,ambiguous_external_supply,none,False,,excluded,ambiguous_external_supply
2024-04-25 12:55:26,4月25日08_00_4月25日18_00,0,0,0,0,36,0,37,0,-4.49922,72.4,-4.46556,63.6,-2.07009,57.6,-2.09253,70.3,-2.46031,72.2,-2.34771,71.8,51,25,0,24,0,24,0,25,0,-11.413,75.7,-10.735,80.2,-10.471,78.1,-10.811,77.6,-10.7915,76.3,-11.2435,76.6,21.8,171,-83.40042,87.59958,72.7,12,False,72.8,True,0,linear,ambiguous_external_supply,none,False,,excluded,ambiguous_external_supply
2024-04-25 12:55:56,4月25日08_00_4月25日18_00,0,0,0,0,36,0,37,0,-2.93403,72.4,-3.01818,63.7,-6.6878,57.6,-6.3506,70.3,-2.86567,72.2,-2.84315,71.8,43.5,25,0,24,0,25,0,25,0,-10.735,75.8,-10.396,80.3,-12.452,78.1,-11.949,77.7,-9.718,76.4,-10.396,76.6,21.7,172,-90.34543,81.65457,72.7416666667,12,False,65.2,True,0,linear,ambiguous_external_supply,none,False,,excluded,ambiguous_external_supply
2024-04-25 12:56:26,4月25日08_00_4月25日18_00,0,0,0,0,36,0,36,0,-4.71801,72.4,-4.81338,63.7,-6.0134,57.6,-5.7886,70.3,-4.36888,72.2,-4.31821,71.9,37.4,24,0,24,0,25,0,24,0,-11.3565,75.8,-10.6785,80.3,-10.9804,78.2,-11.1524,77.7,-10.961,76.5,-10.622,76.7,22,169,-95.77128,73.22872,72.775,12,False,59.4,True,0,linear,ambiguous_external_supply,none,False,,excluded,ambiguous_external_supply
2024-04-25 12:56:56,4月25日08_00_4月25日18_00,0,0,0,0,36,0,37,0,-5.33511,72.4,-5.46975,63.7,-5.47388,57.7,-5.55256,70.3,-4.15494,72.2,-3.98604,71.9,38.2,25,0,24,0,25,0,25,0,-12.1475,75.9,-11.6596,80.4,-10.9804,78.3,-10.6972,77.8,-9.831,76.5,-10.283,76.7,21.8,172,-95.57098,76.42902,72.8166666667,12,False,60,True,0,linear,ambiguous_external_supply,none,False,,excluded,ambiguous_external_supply
2024-04-25 12:57:26,4月25日08_00_4月25日18_00,0,0,0,0,36,0,37,0,-4.26921,72.5,-4.34214,63.7,-6.2944,57.7,-6.182,70.4,-4.43644,72.2,-4.39703,71.9,38,25,0,25,0,25,0,25,0,-12.3735,76,-11.6596,80.5,-10.2446,78.3,-10.4127,77.8,-10.5655,76.6,-10.509,76.8,21.5,173,-95.68612,77.31388,72.8666666667,12,False,59.5,True,0,linear,ambiguous_external_supply,none,False,,excluded,ambiguous_external_supply
2024-04-25 12:57:56,4月25日08_00_4月25日18_00,0,0,0,0,36,0,37,0,-5.54268,72.5,-5.41206,63.8,-5.50198,57.7,-5.36148,70.4,-4.25628,72.3,-4.1662,71.9,38.1,24,0,25,0,25,0,24,0,-11.9215,76,-11.037,80.5,-10.8672,78.4,-10.8679,77.9,-10.283,76.6,-10.283,76.9,21.7,171,-95.50028,75.49972,72.9083333333,12,False,59.8,True,0,linear,ambiguous_external_supply,none,False,,excluded,ambiguous_external_supply
2024-04-25 12:58:26,4月25日08_00_4月25日18_00,0,0,0,0,36,0,37,0,-6.8564,72.5,-6.6878,63.8,-4.10822,57.8,-4.00706,70.4,-4.1099,72.3,-4.03671,71.9,38.2,24,0,25,0,25,0,25,0,-12.2605,76.1,-11.7728,80.6,-10.4144,78.4,-10.1851,77.9,-10.283,76.7,-10.9045,76.9,21.5,172,-95.62639,76.37361,72.9416666667,12,False,59.7,True,0,linear,ambiguous_external_supply,none,False,,excluded,ambiguous_external_supply
2024-04-25 12:58:56,4月25日08_00_4月25日18_00,0,0,0,0,36,0,37,0,-4.73484,72.5,-4.73204,63.8,-2.49084,57.8,-2.4123,70.4,-5.06137,72.3,-5.24716,72,44.2,24,0,25,0,24,0,25,0,-12.656,76.1,-11.9992,80.6,-9.718,78.5,-9.7299,78,-10.5655,76.7,-10.622,77,21.6,171,-89.96915,81.03085,72.975,12,False,65.8,True,0,linear,ambiguous_external_supply,none,False,,excluded,ambiguous_external_supply
2024-04-25 12:59:26,4月25日08_00_4月25日18_00,0,0,0,0,36,0,36,0,-3.92139,72.6,-3.93822,63.8,-3.44506,57.8,-3.4221,70.5,-4.91499,72.3,-4.84743,72,44.1,25,0,25,0,24,0,24,0,-12.091,76.2,-11.4898,80.7,-10.5842,78.5,-10.5834,78,-10.17,76.8,-10.3395,77,21.7,170,-89.74709,80.25291,73.0166666667,12,False,65.8,True,0,linear,ambiguous_external_supply,none,False,,excluded,ambiguous_external_supply
2024-04-25 12:59:56,4月25日08_00_4月25日18_00,0,0,0,0,36,0,37,0,-2.86671,72.6,-2.55255,63.9,-4.33864,57.8,-4.24872,70.5,-4.94877,72.4,-4.80802,72,43.5,24,0,25,0,24,0,24,0,-11.5825,76.3,-10.754,80.8,-11.037,78.6,-11.2662,78.1,-10.5655,76.8,-10.622,77.1,21.7,170,-89.59061,80.40939,73.075,12,False,65.2,True,0,linear,ambiguous_external_supply,none,False,,excluded,ambiguous_external_supply
2024-04-25 13:00:26,4月25日08_00_4月25日18_00,0,0,0,0,36,0,37,0,-0.756,72.6,-0.644,63.9,-3.8216,57.8,-3.70821,70.5,-4.94877,72.4,-4.77987,72,50.5,24,0,25,0,24,0,24,0,-12.1475,76.3,-11.4332,80.8,-11.32,78.6,-11.2662,78.2,-9.5485,76.9,-10.509,77.1,21.9,170,-84.88285,85.11715,73.0916666667,12,False,72.4,True,0,linear,ambiguous_external_supply,none,False,,excluded,ambiguous_external_supply
2024-04-25 13:00:56,4月25日08_00_4月25日18_00,0,0,0,0,36,0,37,0,-2.26083,72.6,-2.3562,63.9,-3.16406,57.9,-3.26502,70.5,-3.62572,72.4,-3.4906,72.1,50.4,24,0,24,0,25,0,24,0,-10.7915,76.4,-9.905,80.9,-11.8294,78.7,-11.8352,78.2,-10.622,76.9,-10.7915,77.2,21.6,170,-83.93703,86.06297,73.1416666667,12,False,72,True,0,linear,ambiguous_external_supply,none,False,,excluded,ambiguous_external_supply
2024-04-25 13:01:26,4月25日08_00_4月25日18_00,0,0,0,0,36,0,37,0,-6.2832,72.6,-6.2832,63.9,-0.337161,57.9,-0.401676,70.5,-1.88605,72.4,-2.30267,72.1,51.7,24,0,24,0,24,0,24,0,-10.622,76.5,-10.188,80.9,-11.5464,78.8,-11.6076,78.3,-10.509,77,-11.0175,77.3,21.6,169,-82.984457,86.015543,73.1833333333,12,False,73.3,True,0,linear,ambiguous_external_supply,none,False,,excluded,ambiguous_external_supply
2024-04-25 13:01:56,4月25日08_00_4月25日18_00,0,0,0,0,36,0,37,0,-0.98,72.6,-0.63954,63.9,-4.0953,57.9,-4.03359,70.5,-2.9839,72.4,-2.89945,72.1,53.3,24,0,24,0,25,0,25,0,-11.4695,76.5,-10.8106,81,-10.3012,78.8,-10.0713,78.3,-10.17,77.1,-11.187,77.3,22.8,171,-79.64138,91.35862,73.2,12,False,76.1,True,0,linear,ambiguous_external_supply,none,False,,excluded,ambiguous_external_supply
2024-04-25 13:02:26,4月25日08_00_4月25日18_00,0,0,0,0,36,0,37,0,-3.66333,72.6,-3.68016,63.9,-2.42913,57.9,-2.4123,70.6,-3.98604,72.4,-4.04234,72.1,47.4,24,0,25,0,24,0,25,0,-10.848,76.6,-10.4144,81,-9.9616,78.9,-10.1282,78.4,-11.0936,77.1,-11.603,77.4,22.6,171,-84.2621,86.7379,73.2416666667,12,False,70,True,0,linear,ambiguous_external_supply,none,False,,excluded,ambiguous_external_supply
2024-04-25 13:02:56,4月25日08_00_4月25日18_00,0,0,0,0,36,0,37,0,-5.6661,72.7,-5.7324,64,-4.19814,57.9,-4.11946,70.6,-3.41178,72.5,-3.18658,72.1,42,24,0,24,0,25,0,24,0,-11.4695,76.6,-10.6974,81.1,-10.471,78.9,-10.5265,78.4,-9.831,77.2,-10.283,77.4,22.8,170,-89.59286,80.40714,73.2833333333,12,False,64.8,True,0,linear,ambiguous_external_supply,none,False,,excluded,ambiguous_external_supply
2024-04-25 13:03:26,4月25日08_00_4月25日18_00,0,0,0,0,36,0,37,0,-3.58479,72.7,-3.48381,64,-5.6762,57.9,-5.40644,70.6,-4.17746,72.5,-4.08175,72.2,41.1,24,0,25,0,25,0,24,0,-10.961,76.7,-10.0748,81.2,-11.32,79,-11.286,78.5,-10.283,77.2,-9.831,77.5,22.6,171,-90.16625,80.83375,73.3333333333,12,False,63.7,True,0,linear,ambiguous_external_supply,none,False,,excluded,ambiguous_external_supply
2024-04-25 13:03:56,4月25日08_00_4月25日18_00,0,0,0,0,36,0,37,0,-3.47259,72.7,-3.41088,64,-6.182,58,-5.901,70.6,-4.60534,72.5,-4.75735,72.2,38.4,24,0,24,0,25,0,24,0,-10.17,76.7,-9.379,81.2,-10.9804,79,-11.0386,78.6,-10.9804,77.3,-11.074,77.5,22.7,170,-91.95156,78.04844,73.3583333333,12,False,61.1,True,0,linear,ambiguous_external_supply,none,False,,excluded,ambiguous_external_supply
2024-04-25 13:04:26,4月25日08_00_4月25日18_00,0,0,0,0,36,0,37,0,-4.81338,72.7,-4.77972,64,-4.1026,58,-4.0183,70.7,-4.29006,72.5,-4.20561,72.2,41.3,24,0,25,0,25,0,24,0,-10.5655,76.8,-9.7745,81.3,-11.037,79.1,-10.9817,78.6,-10.754,77.3,-11.0175,77.6,22.7,171,-90.33987,80.66013,73.4,12,False,64,True,0,linear,ambiguous_external_supply,none,False,,excluded,ambiguous_external_supply
2024-04-25 13:04:56,4月25日08_00_4月25日18_00,0,0,0,0,36,0,37,0,-4.63386,72.8,-4.6563,64,-3.33828,58,-3.36076,70.7,-4.44207,72.6,-4.36325,72.2,41.8,24,0,25,0,25,0,24,0,-9.4355,76.9,-8.588,81.3,-8.588,79.1,-8.6488,78.7,-10.622,77.4,-10.5655,77.7,24.5,171,-81.24232,89.75768,73.45,12,False,66.3,True,0,linear,ambiguous_external_supply,none,False,,excluded,ambiguous_external_supply
2024-04-25 13:05:26,4月25日08_00_4月25日18_00,0,0,0,0,36,0,37,0,1.148,72.8,-0.06048,64.1,-2.5806,58,-1.67178,70.7,-3.73269,72.6,-0.92168,72.2,46.6,24,0,24,0,24,0,24,0,-11.0175,76.9,-9.7745,81.3,-9.6615,79.2,-9.2747,78.7,-10.0005,77.4,-10.735,77.7,24.4,169,-68.28293,100.71707,73.4666666667,12,False,71,True,0,linear,ambiguous_external_supply,none,False,,excluded,ambiguous_external_supply
2024-04-25 13:05:56,4月25日08_00_4月25日18_00,0,0,0,0,36,0,37,0,4.00803,72.8,4.14778,64,6.708,58,5.8695,70.7,2.01196,72.6,2.3042,72.2,47.1,24,0,24,0,24,0,25,0,-3.16406,76.9,-2.7354,81.4,-2.43648,79.2,-2.18295,78.7,-1.82412,77.4,-1.77908,77.7,23.3,170,10.92738,180.92738,73.4666666667,12,False,70.4,True,0.17,linear,normal_operation,none,True,,excluded,stationary_only_without_sailing_task
2024-04-25 13:06:26,4月25日08_00_4月25日18_00,0,0,0,0,36,0,37,0,6.417,72.7,5.57882,64,3.29251,58,3.43226,70.6,7.616,72.6,7.728,72.2,45.6,34,0,34,0,34,0,27,0,1.2926,76.9,1.58766,81.4,-0.143002,79.2,-0.21546,78.7,0.432384,77.5,0.432384,77.7,25,202,37.451156,239.451156,73.4583333333,12,False,70.6,True,0.26,linear,normal_operation,none,True,,excluded,stationary_only_without_sailing_task
2024-04-25 13:06:56,4月25日08_00_4月25日18_00,0,0,0,0,36,0,37,0,2.43165,72.7,2.57699,64,0.00056,57.9,-0.0336,70.6,2.87232,72.5,3.0128,72.2,50.4,44,0,43,0,43,0,36,0,-6.6434,76.9,-6.0912,81.4,-5.9784,79.2,-6.0102,78.7,-4.96003,77.5,-5.1796,77.7,23.4,239,-24.00211,214.99789,73.4416666667,12,False,73.8,True,0.4,linear,ambiguous_external_supply,none,False,,excluded,ambiguous_external_supply
2024-04-25 13:07:26,4月25日08_00_4月25日18_00,0,0,0,0,36,0,37,0,-2.4136,72.7,-2.4472,64,-1.7752,57.9,-1.96,70.6,-2.06254,72.5,-2.11874,72.2,50.7,44,0,44,0,44,0,44,0,-7.319,77,-6.7116,81.4,-11.2435,79.3,-10.7541,78.8,-9.2496,77.5,-8.9112,77.8,23.9,249,-66.96628,182.03372,73.475,12,False,74.6,True,0.872222222222,linear,ambiguous_external_supply,none,False,,excluded,ambiguous_external_supply
2024-04-25 13:07:56,4月25日08_00_4月25日18_00,0,0,0,0,36,0,37,0,-2.184,72.7,-2.1224,64,-0.23352,58,-0.84,70.6,-0.91606,72.5,-0.66316,72.2,51.6,44,0,44,0,44,0,45,0,-8.742,77,-8.475,81.4,-10.9045,79.3,-11.0955,78.8,-10.4525,77.6,-9.8875,77.8,23,250,-66.51614,183.48386,73.4916666667,12,False,74.6,True,3.035,linear,normal_operation,none,True,train_parent_020_03,train,accepted_train
2024-04-25 13:08:26,4月25日08_00_4月25日18_00,0,0,0,0,36,0,37,0,-2.2904,72.7,-2.6656,64,-3.16965,58,-3.06306,70.6,-2.49528,72.5,-2.29858,72.2,51.1,44,0,44,0,44,0,44,0,-8.742,77.1,-7.8535,81.5,-8.475,79.4,-8.8195,78.9,-9.5485,77.6,-9.831,77.9,22.7,249,-69.25207,179.74793,73.5333333333,12,False,73.8,True,3.29,linear,normal_operation,none,True,train_parent_020_03,train,accepted_train
2024-04-25 13:08:56,4月25日08_00_4月25日18_00,0,0,0,0,3,0,1,0,8.2584,72.7,8.5932,64,9.7092,58,9.1512,70.6,5.02656,72.5,5.17242,72.2,45.9,44,0,44,0,45,0,45,0,-7.2192,77.1,-6.4975,81.5,-6.102,79.4,-6.3048,78.9,-7.6275,77.7,-7.7405,77.9,22.5,182,4.41948,186.41948,73.5416666667,12,False,68.4,True,3.5,linear,normal_operation,none,True,train_parent_020_03,train,accepted_train
2024-04-25 13:09:26,4月25日08_00_4月25日18_00,0,0,0,0,2,1,3,1,7.1424,72.7,7.4214,63.9,6.975,57.9,6.8634,70.6,7,72.5,7.168,72.1,39.9,44,0,44,0,44,0,44,0,1.2926,77.1,1.72841,81.5,0.432384,79.4,0.57834,78.9,1.2949,77.7,1.15415,77.9,23.9,181,49.050984,230.050984,73.5166666667,12,False,63.8,True,5.37222222222,linear,normal_operation,none,True,train_parent_020_03,train,accepted_train
2024-04-25 13:09:56,4月25日08_00_4月25日18_00,0,0,0,0,2,1,3,1,14.7896,72.6,14.9564,63.9,14.5116,57.9,13.5351,70.5,10.9926,72.4,11.439,72.1,38.1,44,0,44,0,45,0,45,0,-3.59118,77.1,-3.24288,81.5,-0.121045,79.4,0.144896,78.9,-0.55737,77.7,-0.71501,77.9,22.9,183,72.141711,255.141711,73.4916666667,12,False,61,True,6.6,linear,normal_operation,none,True,train_parent_020_03,train,accepted_train
2024-04-25 13:10:26,4月25日08_00_4月25日18_00,0,0,0,0,2,1,3,1,16.65,72.5,16.761,63.8,21.5506,57.8,19.9994,70.4,14.9833,72.4,14.8162,72,37.4,44,0,44,0,45,0,45,0,1.43616,77.1,1.87146,81.5,0.57324,79.4,0.289792,78.9,0.57324,77.7,0.287744,77.9,22.9,183,109.792136,292.792136,73.45,12,False,60.3,True,8.49,linear,normal_operation,none,True,train_parent_020_03,train,accepted_train
2024-04-25 13:10:56,4月25日08_00_4月25日18_00,0,0,0,0,3,1,3,1,26.9928,72.4,27.7104,63.7,27.2076,57.6,26.0463,70.3,24.309,72.3,24.864,71.9,39.2,44,0,44,0,45,0,45,0,1.00419,77.1,1.72534,81.5,-2.38712,79.4,-2.49606,78.9,-1.94798,77.7,-1.84336,77.9,24.3,184,151.18511,335.18511,73.3916666667,12,False,63.5,True,9.4,linear,normal_operation,none,True,train_parent_020_03,train,accepted_train
2024-04-25 13:11:26,4月25日08_00_4月25日18_00,0,0,0,0,0,1,0,1,24.7296,72.3,24.8952,63.5,25.4472,57.5,24.7296,70.2,26.3704,72.1,25.5394,71.8,38.5,44,0,44,0,45,0,45,0,-1.78716,77.1,-1.63542,81.5,-0.230267,79.4,-0.45846,78.9,-2.5335,77.7,-2.40401,77.9,24,178,142.662583,320.662583,73.325,12,False,62.5,True,10.2,linear,normal_operation,none,True,train_parent_020_03,train,accepted_train
2024-04-25 13:11:56,4月25日08_00_4月25日18_00,0,0,0,0,0,0,0,0,24.5195,72.1,24.8501,63.4,29.0377,57.3,26.6684,70.1,24.4979,72,24.4979,71.6,43.5,44,0,44,0,44,0,45,0,-3.65862,77.1,-3.18095,81.6,-1.81286,79.4,-2.16778,78.9,-0.68002,77.7,-0.562,78,22.7,177,142.00927,319.00927,73.2666666667,12,False,66.2,True,10.4428571429,linear,normal_operation,none,True,train_parent_020_03,train,accepted_train
2024-04-25 13:12:26,4月25日08_00_4月25日18_00,0,0,0,0,0,0,0,0,24.6848,72,24.1338,63.3,25.4472,57.2,24.1338,69.9,26.5993,71.9,26.8758,71.5,44.7,45,0,44,0,45,0,45,0,-0.91044,77.1,-0.293926,81.6,-2.69114,79.4,-2.69325,79,-0.78118,77.7,-0.71374,78,23.1,179,143.791024,322.791024,73.2166666667,12,False,67.8,True,10.4,linear,normal_operation,none,True,train_parent_020_03,train,accepted_train
2024-04-25 13:12:56,4月25日08_00_4月25日18_00,0,0,0,0,0,0,0,0,25.7868,71.9,25.7868,63.2,26.9439,57.1,25.5113,69.8,27.2688,71.7,27.7104,71.4,44.9,44,0,44,0,45,0,45,0,0.000561,77.1,-0.042712,81.6,-2.56728,79.5,-2.59686,79,-0.98912,77.7,-0.76994,78,24,178,152.042649,330.042649,73.1666666667,12,False,68.9,True,10.325,linear,normal_operation,none,True,train_parent_020_03,train,accepted_train
2024-04-25 13:13:26,4月25日08_00_4月25日18_00,0,0,0,0,0,0,0,0,27.06,71.7,27.72,63,27.4949,56.9,25.7868,69.6,27.2688,71.6,27.5448,71.2,50.5,45,0,44,0,45,0,45,0,-0.063954,77.1,0.287744,81.6,-2.60669,79.5,-2.6649,79,-1.63542,77.7,-1.87146,78,22.9,179,154.32062,333.32062,73.075,12,False,73.4,True,10.3,linear,normal_operation,none,True,train_parent_020_03,train,accepted_train
2024-04-25 13:13:56,4月25日08_00_4月25日18_00,0,0,0,0,0,0,0,0,26.18,71.6,26.07,62.9,25.7868,56.8,24.5195,69.5,26.9928,71.4,27.2688,71.1,49.8,45,0,44,0,45,0,45,0,-1.9389,77.2,-1.43872,81.6,-1.14289,79.5,-1.04144,79,-1.02284,77.7,-1.0116,78,24.4,179,149.22151,328.22151,73.025,12,False,74.2,True,10.46,linear,normal_operation,none,True,train_parent_020_03,train,accepted_train
2024-04-25 13:14:26,4月25日08_00_4月25日18_00,0,0,0,0,0,0,0,0,27.2853,71.4,27.445,62.7,27.885,56.6,26.73,69.4,28.3765,71.3,28.652,70.9,50.8,45,0,44,0,45,0,45,0,-1.43872,77.2,-0.94978,81.6,-0.65871,79.5,-0.74712,79,-2.1356,77.7,-2.37726,78,24.4,179,158.06661,337.06661,72.9416666667,12,False,75.2,True,10.5,linear,normal_operation,none,True,train_parent_020_03,train,accepted_train
2024-04-25 13:14:56,4月25日08_00_4月25日18_00,0,0,0,0,0,0,0,0,27.6696,71.3,27.6696,62.6,27.17,56.5,26.07,69.2,28.4867,71.1,28.4867,70.8,51.6,45,0,44,0,45,0,45,0,0.430848,77.2,0.71936,81.6,-2.55039,79.5,-2.54134,79,-3.85655,77.7,-3.74958,78,22.8,179,154.004948,333.004948,72.875,12,False,74.4,True,11.0833333333,linear,normal_operation,none,True,train_parent_020_03,train,accepted_train
2024-04-25 13:15:26,4月25日08_00_4月25日18_00,0,0,0,0,0,0,0,0,23.8815,71.2,24.365,62.4,25.355,56.3,24.2,69.1,26.5031,71,26.3929,70.6,43.7,45,0,44,0,45,0,45,0,-0.227766,77.2,0.000562,81.6,-2.41527,79.5,-2.36022,79,-2.67425,77.7,-2.97264,78,22.6,179,140.047916,319.047916,72.8,12,False,66.3,True,11.2526315789,linear,normal_operation,none,True,train_parent_020_03,train,accepted_train
2024-04-25 13:15:56,4月25日08_00_4月25日18_00,0,0,0,0,0,0,0,0,23.607,71,23.815,62.3,25.465,56.2,24.475,68.9,25.2358,70.8,25.4011,70.5,38.7,45,0,44,0,45,0,45,0,-1.18371,77.2,-1.0959,81.6,-2.87693,79.5,-2.71593,79,-2.5898,77.8,-2.76996,78,22.7,179,134.76667,313.76667,72.7333333333,12,False,61.4,True,11.56,linear,normal_operation,none,True,train_parent_020_03,train,accepted_train
2024-04-25 13:16:26,4月25日08_00_4月25日18_00,0,0,0,0,0,0,0,0,24.7599,70.9,25.1442,62.2,25.355,56.1,24.805,68.8,25.9521,70.7,26.1174,70.3,39.1,45,0,45,0,45,0,45,0,-1.55112,77.2,-1.23078,81.6,-1.85227,79.5,-1.70932,79,-1.0959,77.8,-1.51178,78,24.1,180,143.18243,323.18243,72.675,12,False,63.2,True,11.6,linear,normal_operation,none,True,train_parent_020_03,train,accepted_train
2024-04-25 13:16:56,4月25日08_00_4月25日18_00,0,0,0,0,0,0,0,0,24.5952,70.8,24.7599,62,25.08,55.9,23.925,68.7,25.5113,70.5,25.5113,70.2,39.5,44,0,45,0,45,0,45,0,-5.27718,77.2,-4.69542,81.6,-0.322026,79.5,-0.556944,79.1,-1.30946,77.8,-1.81526,78.1,22.6,179,135.40641,314.40641,72.6166666667,12,False,62.1,True,11.6,linear,normal_operation,none,True,train_parent_020_03,train,accepted_train
2024-04-25 13:17:26,4月25日08_00_4月25日18_00,0,0,0,0,0,0,0,0,24.4305,70.6,24.5952,61.9,24.8697,55.8,23.607,68.6,26.2276,70.4,26.1174,70.1,41,45,0,44,0,45,0,45,0,-3.88342,77.2,-3.4343,81.6,-0.22199,79.5,-0.235456,79.1,-1.19706,77.8,-1.59046,78.1,22.7,179,139.284714,318.284714,72.5583333333,12,False,63.7,True,11.44,linear,normal_operation,none,True,train_parent_020_03,train,accepted_train
2024-04-25 13:17:56,4月25日08_00_4月25日18_00,0,0,0,0,0,0,0,0,25.2628,70.5,25.5834,61.8,26.2971,55.7,25.5834,68.4,25.2358,70.3,25.2358,69.9,38.7,44,0,45,0,45,0,45,0,0.287232,77.2,0.431616,81.6,-1.0116,79.6,-1.09804,79.1,-1.9389,77.8,-1.9951,78.1,24.1,179,147.873508,326.873508,72.5,12,False,62.8,True,11.3,linear,normal_operation,none,True,train_parent_020_03,train,accepted_train
2024-04-25 13:18:26,4月25日08_00_4月25日18_00,0,0,0,0,0,0,0,0,26.6328,70.4,26.9616,61.6,26.6814,55.5,26.0226,68.3,25.2358,70.1,25.5113,69.8,46.8,45,0,44,0,45,0,45,0,0.57222,77.2,0.71936,81.6,-2.252,79.6,-2.36022,79.1,-1.967,77.8,-2.1356,78.1,24.4,179,149.62226,328.62226,72.425,12,False,71.2,True,10.8722222222,linear,normal_operation,none,True,train_parent_020_03,train,accepted_train
2024-04-25 13:18:56,4月25日08_00_4月25日18_00,0,0,0,0,0,0,0,0,26.5232,70.2,26.5232,61.5,26.6328,55.4,26.0848,68.2,26.07,70,26.345,69.7,44.5,44,0,45,0,45,0,45,0,-0.372504,77.2,0.000562,81.6,-1.71152,79.6,-1.6131,79.1,-2.11125,77.8,-2.19742,78.1,22.6,179,150.173768,329.173768,72.3666666667,12,False,67.1,True,10.8,linear,normal_operation,none,True,train_parent_020_03,train,accepted_train
2024-04-25 13:19:26,4月25日08_00_4月25日18_00,0,0,0,0,0,0,0,0,25.5368,70.1,25.3724,61.3,25.3724,55.2,24.5504,68,25.63,69.9,25.905,69.5,46.7,44,0,44,0,45,0,45,0,-1.04346,77.2,-0.843,81.6,-2.24074,79.6,-2.11118,79.1,-1.84898,77.8,-2.23676,78.1,24.2,178,142.04288,320.04288,72.2833333333,12,False,70.9,True,11.1,linear,normal_operation,none,True,train_parent_020_03,train,accepted_train
2024-04-25 13:19:56,4月25日08_00_4月25日18_00,0,0,0,0,0,0,0,0,27.0218,69.9,26.9124,61.2,28.0576,55.1,26.9616,67.9,25.74,69.7,25.905,69.4,53.2,44,0,45,0,45,0,45,0,-1.29591,77.2,-1.2364,81.6,-2.79811,79.6,-2.73944,79.1,-1.8265,77.8,-1.86022,78.1,22.4,179,148.84182,327.84182,72.2166666667,12,False,75.6,True,10.9476190476,linear,normal_operation,none,True,train_parent_020_03,train,accepted_train
2024-04-25 13:20:26,4月25日08_00_4月25日18_00,0,0,0,0,0,0,0,0,26.5842,69.8,26.9124,61,25.9752,54.9,25.2628,67.7,26.18,69.6,26.5716,69.2,52.5,44,0,45,0,45,0,45,0,-2.48966,77.3,-2.17494,81.6,-2.24074,79.6,-2.4381,79.1,-2.05692,77.9,-2.51776,78.1,22.6,179,143.56808,322.56808,72.15,12,False,75.1,True,10.8,linear,normal_operation,none,True,train_parent_020_03,train,accepted_train
2024-04-25 13:20:56,4月25日08_00_4月25日18_00,0,0,0,0,0,0,0,0,26.0372,69.7,26.2013,60.9,25.3724,54.8,24.8244,67.6,26.1324,69.4,26.0226,69.1,51.2,45,0,45,0,45,0,45,0,-1.24764,77.3,-1.15772,81.7,-1.9142,79.6,-1.96182,79.1,-3.55253,77.9,-3.41741,78.2,22.4,180,141.33898,321.33898,72.1083333333,12,False,73.6,True,10.3952380952,linear,normal_operation,none,True,train_parent_020_03,train,accepted_train
2024-04-25 13:21:26,4月25日08_00_4月25日18_00,0,0,0,0,0,0,0,0,28.7742,69.5,28.938,60.8,27.2953,54.6,26.4748,67.5,28.2735,69.3,28.3833,68.9,52.3,44,0,45,0,45,0,45,0,-1.19493,77.3,-0.74746,81.7,-1.86916,79.6,-1.7829,79.2,-1.42186,77.9,-1.405,78.2,22.5,179,159.71779,338.71779,72.0416666667,12,False,74.8,True,10,linear,normal_operation,none,True,train_parent_020_03,train,accepted_train
2024-04-25 13:21:56,4月25日08_00_4月25日18_00,0,0,0,0,0,0,0,0,26.8632,69.4,26.8632,60.6,27.7329,54.5,26.3107,67.3,26.2971,69.2,26.0226,68.8,52.5,45,0,45,0,45,0,45,0,-1.36004,77.3,-1.19706,81.7,-1.09222,79.7,-1.26784,79.2,-2.14122,77.9,-2.20866,78.2,23.9,180,150.82266,330.82266,71.9833333333,12,False,76.4,True,10.0842105263,linear,normal_operation,none,True,train_parent_020_03,train,accepted_train
2024-04-25 13:22:26,4月25日08_00_4月25日18_00,0,0,0,0,0,0,0,0,24.6697,69.2,25.0526,60.5,28.0064,54.4,27.4594,67.2,25.3089,69,25.4187,68.7,45.5,44,0,45,0,45,0,45,0,-2.90554,77.3,-2.56728,81.7,0.57324,79.7,0.8701,79.2,-2.17494,77.9,-2.28734,78.2,22.4,179,147.42394,326.42394,71.9166666667,12,False,67.9,True,10.1277777778,linear,normal_operation,none,True,train_parent_020_03,train,accepted_train
2024-04-25 13:22:56,4月25日08_00_4月25日18_00,0,0,0,0,0,0,0,0,24.7791,69.1,25.0526,60.3,26.3107,54.2,25.7637,67,25.6932,68.9,25.4187,68.5,45.5,45,0,45,0,45,0,45,0,-1.7984,77.3,-1.44996,81.7,-0.189394,79.7,-0.432424,79.2,-1.91642,77.9,-2.00072,78.2,24,180,145.230682,325.230682,71.8333333333,12,False,69.5,True,10.4428571429,linear,normal_operation,none,True,train_parent_020_03,train,accepted_train
2024-04-25 13:23:26,4月25日08_00_4月25日18_00,0,0,0,0,0,0,0,0,25.2798,69,25.2167,60.2,24.7791,54.1,24.068,66.9,24.8697,68.7,25.4187,68.4,43.6,45,0,44,0,45,0,45,0,-2.04568,77.3,-2.1394,81.7,-1.50054,79.7,-1.36406,79.2,-2.65736,77.9,-2.76433,78.2,22.7,179,137.16063,316.16063,71.775,12,False,66.3,True,10.5857142857,linear,normal_operation,none,True,train_parent_020_03,train,accepted_train
2024-04-25 13:23:56,4月25日08_00_4月25日18_00,0,0,0,0,0,0,0,0,25.2798,68.8,25.4436,60.1,26.3107,53.9,25.3261,66.8,25.1442,68.6,25.1442,68.2,44,45,0,45,0,46,0,45,0,-1.93328,77.3,-1.38814,81.7,-2.75307,79.7,-2.84698,79.2,-4.09864,77.9,-4.18872,78.2,23.9,181,135.43977,316.43977,71.7,12,False,67.9,True,10.875,linear,normal_operation,none,True,train_parent_020_03,train,accepted_train
2024-04-25 13:24:26,4月25日08_00_4月25日18_00,0,0,0,0,0,0,0,0,25.5528,68.7,25.5528,59.9,26.9724,53.8,25.8804,66.6,26.0226,68.5,25.8579,68.1,45.6,44,0,45,0,45,0,45,0,-0.023562,77.3,0.287744,81.7,-2.43779,79.7,-2.6319,79.2,-1.67211,78,-2.31393,78.2,24.5,179,147.047352,326.047352,71.6416666667,12,False,70.1,True,10.8263157895,linear,normal_operation,none,True,train_parent_020_03,train,accepted_train
2024-04-25 13:24:56,4月25日08_00_4月25日18_00,0,0,0,0,0,0,0,0,28.885,68.5,25.5528,59.8,25.9896,53.6,24.6246,66.5,25.1442,68.3,25.1442,68,43.4,45,0,45,0,45,0,45,0,-2.42222,77.3,-2.1918,81.7,-2.69114,79.7,-2.76129,79.2,-1.43872,78,-1.32632,78.3,22.7,180,142.50891,322.50891,71.575,12,False,66.1,True,10.9,linear,normal_operation,none,True,train_parent_020_03,train,accepted_train
2024-04-25 13:25:26,4月25日08_00_4月25日18_00,0,0,0,0,0,0,0,0,27.359,68.4,27.6822,59.6,27.2454,53.5,26.6994,66.3,26.7972,68.2,27.5096,67.8,49.8,45,0,45,0,45,0,45,0,-2.7538,77.3,-2.29704,81.7,-0.90643,79.7,-0.86032,79.2,-0.506924,78,-0.89358,78.3,22.5,180,155.074706,335.074706,71.5,12,False,72.3,True,10.9,linear,normal_operation,none,True,train_parent_020_03,train,accepted_train
2024-04-25 13:25:56,4月25日08_00_4月25日18_00,0,0,0,0,0,0,0,0,25.8804,68.2,25.9896,59.5,27.5184,53.3,26.6994,66.2,26.5232,68,25.5368,67.7,50.3,45,0,45,0,45,0,45,0,-4.6646,77.4,-4.39703,81.7,-0.64068,79.7,-0.60562,79.2,-1.66352,78,-1.50054,78.3,22.4,180,144.67581,324.67581,71.4333333333,12,False,72.7,True,10.9,linear,normal_operation,none,True,train_parent_020_03,train,accepted_train
2024-04-25 13:26:26,4月25日08_00_4月25日18_00,0,0,0,0,0,0,0,0,27.468,68.1,27.7405,59.3,27.2454,53.2,25.9896,66,26.7972,67.9,27.3452,67.5,55.9,45,0,45,0,45,0,46,0,-4.54658,77.4,-3.87344,81.8,-0.141062,79.7,-0.01981,79.2,-1.33756,78,-1.53426,78.3,22.6,181,151.133188,332.133188,71.3666666667,12,False,78.5,True,10.86,linear,normal_operation,none,True,train_parent_020_03,train,accepted_train
2024-04-25 13:26:56,4月25日08_00_4月25日18_00,0,0,0,0,0,0,0,0,28.994,67.9,28.6125,59.2,28.119,53,26.9724,65.9,26.5232,67.7,26.6328,67.4,56.1,45,0,45,0,45,0,45,0,-2.62454,77.4,-1.95361,81.8,-1.62418,79.7,-1.2169,79.2,-2.6414,78,-2.65264,78.3,24,180,153.14063,333.14063,71.2916666667,12,False,80.1,True,11,linear,normal_operation,none,True,train_parent_020_03,train,accepted_train
2024-04-25 13:27:26,4月25日08_00_4月25日18_00,0,0,0,0,0,0,0,0,26.6505,67.8,26.923,59,29.975,52.9,28.7215,65.7,27.3452,67.6,28.0576,67.2,58.2,45,0,44,0,46,0,45,0,-0.498494,77.4,-0.137128,81.8,-1.14086,79.7,-1.46594,79.2,-2.63578,78,-2.7819,78.3,22.5,180,159.012698,339.012698,71.2166666667,12,False,80.7,True,11.1,linear,normal_operation,none,True,train_parent_020_03,train,accepted_train
2024-04-25 13:27:56,4月25日08_00_4月25日18_00,0,0,0,0,0,0,0,0,28.1765,67.6,28.1765,58.9,27.5184,52.7,27.0865,65.6,27.6192,67.4,27.2356,67.1,56.5,45,0,44,0,46,0,45,0,-1.57922,77.4,-0.98912,81.8,-2.1394,79.7,-1.96968,79.2,-3.0965,78,-3.11339,78.3,24.2,180,152.92539,332.92539,71.1416666667,12,False,80.7,True,11.25,linear,normal_operation,none,True,train_parent_020_03,train,accepted_train
2024-04-25 13:28:26,4月25日08_00_4月25日18_00,0,0,0,0,0,0,0,0,27.468,67.5,27.468,58.7,27.9552,52.6,27.2454,65.4,26.6328,67.3,27.0712,66.9,58.6,45,0,45,0,45,0,45,0,-2.4728,77.4,-2.43779,81.8,-2.27452,79.7,-2.45644,79.3,-3.04583,78,-3.38363,78.3,22.9,180,147.76959,327.76959,71.075,12,False,81.5,True,11.4,linear,normal_operation,none,True,train_parent_020_03,train,accepted_train
2024-04-25 13:28:56,4月25日08_00_4月25日18_00,0,0,0,0,0,0,0,0,24.852,67.3,24.7338,58.6,24.4608,52.4,22.7682,65.3,27.5096,67.1,27.2356,66.8,43.2,45,0,45,0,46,0,45,0,-3.41134,77.4,-2.93323,81.8,-1.36246,79.8,-1.7263,79.3,-0.322588,78,-0.394524,78.3,22.5,181,141.409558,322.409558,71.0083333333,12,False,65.7,True,11.1714285714,linear,normal_operation,none,True,train_parent_020_03,train,accepted_train
2024-04-25 13:29:26,4月25日08_00_4月25日18_00,0,0,0,0,0,0,0,0,26.2145,67.2,26.487,58.4,26.4264,52.3,24.8976,65.2,26.2492,67,26.0848,66.7,43.5,45,0,45,0,46,0,45,0,-3.53498,77.5,-3.43993,81.8,-1.02846,79.8,-1.03578,79.3,-1.86022,78.1,-1.89956,78.3,24,181,143.56057,324.56057,70.9666666667,12,False,67.5,True,11.1,linear,normal_operation,none,True,train_parent_020_03,train,accepted_train
2024-04-25 13:29:56,4月25日08_00_4月25日18_00,0,0,0,0,0,0,0,0,24.852,67.1,25.2335,58.3,27.7914,52.1,27.0865,65,25.6464,66.9,25.0984,66.5,45.2,45,0,45,0,46,0,45,0,-3.30456,77.5,-3.01768,81.8,-1.37128,79.8,-1.3867,79.3,-2.02882,78.1,-1.72534,78.3,24.2,181,142.87382,323.87382,70.8916666667,12,False,69.4,True,11.2578947368,linear,normal_operation,none,True,train_parent_020_03,train,accepted_train
2024-04-25 13:30:26,4月25日08_00_4月25日18_00,0,0,0,0,0,0,0,0,25.833,66.9,25.833,58.2,26.4264,52,25.7166,64.9,26.2492,66.7,26.9616,66.4,45.4,45,0,45,0,46,0,45,0,-1.22516,77.5,-0.495684,81.9,-2.17881,79.8,-2.13948,79.3,-1.71972,78.1,-2.39412,78.4,24.1,181,146.866826,327.866826,70.8416666667,12,False,69.5,True,11.34,linear,normal_operation,none,True,train_parent_020_03,train,accepted_train
2024-04-25 13:30:56,4月25日08_00_4月25日18_00,0,0,0,0,0,0,0,0,25.833,66.8,26.378,58,26.1534,51.8,24.1878,64.7,26.0848,66.6,26.0848,66.2,43.8,45,0,45,0,45,0,45,0,-3.4844,77.5,-3.18658,81.9,-3.10776,79.8,-3.17526,79.3,-3.67639,78.1,-3.78899,78.4,22.6,180,134.30242,314.30242,70.7583333333,12,False,66.4,True,11.2285714286,linear,normal_operation,none,True,train_parent_020_03,train,accepted_train
2024-04-25 13:31:26,4月25日08_00_4月25日18_00,0,0,0,0,0,0,0,0,29.104,66.6,29.1575,57.9,32.373,51.7,31.1712,64.6,27.1859,66.4,27.8423,66.1,44.8,45,0,44,0,46,0,45,0,-1.65228,77.5,-1.31508,81.9,-1.21045,79.8,-1.22822,79.3,-2.93886,78.1,-2.9839,78.4,23,180,165.50511,345.50511,70.6916666667,12,False,67.8,True,11.235,linear,normal_operation,none,True,train_parent_020_03,train,accepted_train
2024-04-25 13:31:56,4月25日08_00_4月25日18_00,0,0,0,0,0,0,0,0,27.0865,66.5,26.814,57.7,24.4608,51.5,23.205,64.5,27.5688,66.3,27.1859,65.9,49.9,45,0,45,0,45,0,45,0,-3.05728,77.5,-2.78122,81.9,-1.5764,79.8,-1.76026,79.3,-2.31393,78.1,-2.29704,78.4,22.8,180,142.53487,322.53487,70.6166666667,12,False,72.7,True,11.219047619,linear,normal_operation,none,True,train_parent_020_03,train,accepted_train
2024-04-25 13:32:26,4月25日08_00_4月25日18_00,0,0,0,0,0,0,0,0,25.6695,66.3,25.833,57.6,29.1575,51.4,28.34,64.3,26.4748,66.1,26.2013,65.8,50.6,45,0,45,0,45,0,45,0,-3.34952,77.6,-3.11339,81.9,-2.0831,79.8,-2.10552,79.3,-0.514792,78.1,-0.374292,78.4,24.3,180,150.135486,330.135486,70.55,12,False,74.9,True,11.28,linear,normal_operation,none,True,train_parent_020_03,train,accepted_train
2024-04-25 13:32:56,4月25日08_00_4月25日18_00,0,0,0,0,0,0,0,0,26.6505,66.2,26.6505,57.4,28.7215,51.2,27.6315,64.2,27.5688,66,27.5688,65.6,56.4,45,0,45,0,45,0,46,0,-5.29783,77.6,-4.8981,81.9,-0.8992,79.8,-0.81504,79.3,-1.28698,78.1,-1.33194,78.4,22.5,181,150.26251,331.26251,70.475,12,False,78.9,True,11.4,linear,normal_operation,none,True,train_parent_020_03,train,accepted_train
2024-04-25 13:33:26,4月25日08_00_4月25日18_00,0,0,0,0,0,0,0,0,28.3968,66,28.56,57.3,29.5935,51.1,27.904,64,28.2799,65.8,27.8423,65.5,56.5,45,0,45,0,46,0,45,0,-3.3439,77.6,-2.94449,81.9,-2.29141,79.8,-2.39984,79.3,-1.24764,78.1,-1.24764,78.4,22.8,181,157.10158,338.10158,70.4,12,False,79.3,True,11.1333333333,linear,normal_operation,none,True,train_parent_020_03,train,accepted_train
2024-04-25 13:33:56,4月25日08_00_4月25日18_00,0,0,0,0,0,0,0,0,28.56,65.9,28.832,57.1,28.0675,50.9,26.814,63.9,28.7175,65.7,28.2799,65.3,57.6,45,0,45,0,46,0,45,0,-2.1356,77.6,-1.5764,82,-2.31393,79.8,-2.29068,79.4,-1.61294,78.1,-1.73658,78.4,22.6,181,157.60477,338.60477,70.3416666667,12,False,80.2,True,11.2,linear,normal_operation,none,True,train_parent_020_03,train,accepted_train
2024-04-25 13:34:26,4月25日08_00_4月25日18_00,0,0,0,0,0,0,0,0,27.3088,65.7,27.468,57,28.449,50.8,27.0865,63.7,27.7329,65.5,28.2799,65.2,55.9,45,0,45,0,46,0,45,0,-3.27646,77.6,-2.76433,82,-2.63484,79.9,-2.68758,79.4,-2.00634,78.2,-2.04006,78.4,22.8,181,150.91549,331.91549,70.2833333333,12,False,78.7,True,11.1,linear,normal_operation,none,True,train_parent_020_03,train,accepted_train
2024-04-25 13:34:56,4月25日08_00_4月25日18_00,0,0,0,0,0,0,0,0,26.6505,65.6,26.378,56.8,28.994,50.6,27.0865,63.6,27.1859,65.4,27.4594,65,56.1,45,0,44,0,45,0,45,0,-3.9902,77.6,-3.56942,82,-0.63506,79.9,-0.67354,79.4,-1.0959,78.2,-1.13524,78.4,22.8,179,152.65494,331.65494,70.2083333333,12,False,78.9,True,11.1,linear,normal_operation,none,True,train_parent_020_03,train,accepted_train
2024-04-25 13:35:26,4月25日08_00_4月25日18_00,0,0,0,0,0,0,0,0,26.487,65.4,26.2145,56.7,24.024,50.5,23.0412,63.4,26.7483,65.2,26.5842,64.9,45.3,45,0,44,0,46,0,45,0,-2.6976,77.7,-2.41527,82,-1.81286,79.9,-1.94138,79.4,-0.843,78.2,-0.80928,78.5,22.6,180,142.57981,322.57981,70.15,12,False,67.9,True,11.3,linear,normal_operation,none,True,train_parent_020_03,train,accepted_train
2024-04-25 13:35:56,4月25日08_00_4月25日18_00,0,0,0,0,0,0,0,0,24.961,65.3,25.942,56.5,25.942,50.3,24.852,63.3,26.3107,65.1,25.9278,64.7,45.4,45,0,45,0,46,0,45,0,-2.88868,77.7,-2.40401,82,-1.81286,79.9,-1.9527,79.4,-2.0513,78.2,-2.36602,78.5,22.7,181,140.45993,321.45993,70.075,12,False,68.1,True,11.46,linear,normal_operation,none,True,train_parent_020_03,train,accepted_train
2024-04-25 13:36:26,4月25日08_00_4月25日18_00,0,0,0,0,0,0,0,0,25.6695,65.2,26.2145,56.4,26.2145,50.2,25.833,63.2,25.9278,65,26.2013,64.6,44,45,0,44,0,46,0,45,0,-1.5455,77.7,-1.19919,82,-2.56728,79.9,-2.59686,79.4,-2.45032,78.2,-2.34916,78.5,22.6,180,143.35229,323.35229,70.025,12,False,66.6,True,11.5,linear,normal_operation,none,True,train_parent_020_03,train,accepted_train
2024-04-25 13:36:56,4月25日08_00_4月25日18_00,0,0,0,0,0,0,0,0,25.2335,65,25.6695,56.2,27.6315,50,26.378,63,25.5996,64.8,24.9432,64.5,44.9,45,0,44,0,46,0,45,0,-1.1521,77.7,-0.74746,82,-3.378,79.9,-3.40767,79.4,-2.34208,78.2,-2.39412,78.5,22.5,180,142.03387,322.03387,69.9333333333,12,False,67.4,True,11.5,linear,normal_operation,none,True,train_parent_020_03,train,accepted_train
2024-04-25 13:37:26,4月25日08_00_4月25日18_00,0,0,0,0,0,0,0,0,24.961,64.9,25.397,56.1,24.4608,49.9,23.7075,62.9,25.2167,64.7,25.2167,64.3,46.1,45,0,44,0,46,0,45,0,2.72646,77.7,2.59082,82,0.287744,79.9,0.72448,79.4,2.01196,78.2,2.01196,78.5,22.5,180,159.313124,339.313124,69.875,12,False,68.6,True,11.5,linear,normal_operation,none,True,train_parent_020_03,train,accepted_train
2024-04-25 13:37:58,4月25日08_00_4月25日18_00,0,0,0,0,0,0,0,0,25.1245,64.7,25.397,56,24.6246,49.8,23.478,62.7,24.9432,64.5,24.112,64.2,46.1,45,0,45,0,46,0,45,0,15.8472,77.7,16.2936,82,14.4781,79.9,14.5817,79.4,24.3966,78.2,24.7865,78.4,22.5,181,258.063,439.063,69.7916666667,12,False,68.6,True,11.5,linear,normal_operation,none,True,train_parent_020_03,train,accepted_train
2024-04-25 13:38:26,4月25日08_00_4月25日18_00,0,0,0,0,0,0,0,0,24.5795,64.6,24.2525,55.9,26.378,49.6,24.6885,62.6,23.7284,64.4,24.386,64.1,51.2,45,0,44,0,46,0,45,0,8.5932,77.6,9.1676,81.9,17.856,79.8,17.8154,79.3,28.1385,78,27.6945,78.3,22.6,180,257.2781,437.2781,69.675,12,False,73.8,True,10.9,linear,normal_operation,none,True,train_parent_020_03,train,accepted_train
2024-04-25 13:38:56,4月25日08_00_4月25日18_00,0,0,0,0,0,0,0,0,22.999,64.5,23.435,55.7,25.942,49.5,24.961,62.5,22.5776,64.3,23.1256,63.9,51.2,45,0,45,0,45,0,45,0,19.2376,77.5,18.5481,81.8,15.9859,79.7,15.9324,79.2,16.7912,77.9,17.792,78.2,22.8,180,247.3274,427.3274,69.5583333333,12,False,74,True,11.0619047619,linear,normal_operation,none,True,train_parent_020_03,train,accepted_train
2024-04-25 13:39:26,4月25日08_00_4月25日18_00,0,0,0,0,0,0,0,0,24.5795,64.4,24.6885,55.6,23.751,49.3,22.659,62.4,24.5056,64.2,24.7791,63.8,57.9,45,0,44,0,46,0,45,0,19.203,77.4,18.626,81.7,23.63,79.6,23.5898,79.1,11.2514,77.8,12.6996,78.1,22.7,180,253.9625,433.9625,69.45,12,False,80.6,True,11.22,linear,normal_operation,none,True,train_parent_020_03,train,accepted_train
2024-04-25 13:39:56,4月25日08_00_4月25日18_00,0,0,0,0,0,0,0,0,25.1245,64.2,25.1245,55.5,24.7338,49.2,23.478,62.2,24.3415,64,25.2167,63.7,56.1,45,0,45,0,45,0,46,0,19.203,77.3,18.348,81.6,16.3464,79.5,16.464,79,16.3464,77.8,16.68,78,22.7,181,251.4068,432.4068,69.3333333333,12,False,78.8,True,11.5761904762,linear,normal_operation,none,True,train_parent_020_03,train,accepted_train
2024-04-25 13:40:26,4月25日08_00_4月25日18_00,0,0,0,0,0,0,0,0,23.326,64.1,23.1625,55.3,26.2145,49.1,24.2525,62.1,24.068,63.9,23.1256,63.5,56,45,0,44,0,46,0,46,0,14.2336,77.2,12.9548,81.5,13.1452,79.4,13.2396,79,24.099,77.6,24.8192,77.9,23,181,246.6405,427.6405,69.2166666667,12,False,79,True,11.6,linear,normal_operation,none,True,train_parent_020_03,train,accepted_train
2024-04-25 13:40:56,4月25日08_00_4月25日18_00,0,0,0,0,0,0,0,0,23.98,64,24.2525,55.2,25.6695,48.9,24.5795,62,25.0526,63.8,24.6697,63.4,58.4,45,0,45,0,46,0,46,0,18.5925,77.1,17.6252,81.5,19.6268,79.3,19.656,78.9,16.0395,77.5,17.9265,77.8,24.4,182,257.6703,439.6703,69.1166666667,12,False,82.8,True,11.7619047619,linear,normal_operation,none,True,train_parent_020_03,train,accepted_train
2024-04-25 13:41:26,4月25日08_00_4月25日18_00,0,0,0,0,0,0,0,0,24.416,63.8,24.1435,55.1,26.487,48.8,24.852,61.8,24.2321,63.6,25.2167,63.3,57.1,45,0,44,0,46,0,45,0,20.8304,77,19.869,81.4,22.0335,79.2,22.1923,78.8,9.9703,77.5,10.2488,77.7,22.4,180,254.4916,434.4916,69,12,False,79.5,True,11.86,linear,normal_operation,none,True,train_parent_020_03,train,accepted_train
2024-04-25 13:41:56,4月25日08_00_4月25日18_00,0,0,0,0,0,0,0,0,23.7075,63.7,23.7075,54.9,21.9492,48.7,19.9836,61.7,22.8516,63.5,24.068,63.1,45.3,45,0,45,0,45,0,45,0,18.1712,76.9,17.0385,81.3,17.0692,79.1,17.329,78.6,16.7912,77.4,17.0692,77.7,22.5,180,239.7357,419.7357,68.8833333333,12,False,67.8,True,12,linear,normal_operation,none,True,train_parent_020_03,train,accepted_train
2024-04-25 13:42:26,4月25日08_00_4月25日18_00,0,0,0,0,0,0,0,0,21.6365,63.6,21.6762,54.8,21.5124,48.6,20.6934,61.6,22.1392,63.4,22.0296,63,44.9,45,0,45,0,46,0,46,0,16.0395,76.8,15.4845,81.2,12.4211,79.1,12.88,78.6,24.8192,77.3,24.653,77.6,24.2,182,235.9846,417.9846,68.8,12,False,69.1,True,12.2,linear,normal_operation,none,True,train_parent_020_03,train,accepted_train
2024-04-25 13:42:56,4月25日08_00_4月25日18_00,0,0,0,0,0,0,0,0,22.1815,63.5,22.345,54.7,24.024,48.4,21.9492,61.5,23.016,63.2,22.3036,62.9,45.5,45,0,45,0,46,0,46,0,16.206,76.7,14.9564,81.1,17.792,79,17.6085,78.5,16.65,77.2,18.4815,77.4,22.7,182,237.5137,419.5137,68.675,12,False,68.2,True,12.2,linear,normal_operation,none,True,train_parent_020_03,train,accepted_train
2024-04-25 13:43:26,4月25日08_00_4月25日18_00,0,0,0,0,0,0,0,0,23.326,63.3,23.326,54.6,24.4608,48.3,23.3688,61.4,22.742,63.1,22.468,62.8,45.4,45,0,44,0,46,0,45,0,19.7224,76.6,19.0365,81,20.757,78.8,20.7389,78.4,9.6744,77.1,10.6752,77.4,22.7,180,240.296,420.296,68.5666666667,12,False,68.1,True,12.2285714286,linear,normal_operation,none,True,train_parent_020_03,train,accepted_train
2024-04-25 13:43:56,4月25日08_00_4月25日18_00,0,0,0,0,0,0,0,0,20.2566,63.2,20.6934,54.4,23.0412,48.2,22.2222,61.2,21.5912,63,20.6048,62.7,43.2,45,0,45,0,46,0,45,0,19.5562,76.5,18.0375,80.9,13.6776,78.7,13.776,78.3,18.0375,77,19.203,77.3,22.8,181,230.6972,411.6972,68.45,12,False,66,True,12.3,linear,normal_operation,none,True,train_parent_020_03,train,accepted_train
2024-04-25 13:44:26,4月25日08_00_4月25日18_00,0,0,0,0,0,0,0,0,22.454,63.1,22.6175,54.3,22.4952,48,20.6934,61.1,22.5776,62.9,23.1256,62.5,46,45,0,45,0,45,0,46,0,12.099,76.4,11.398,80.8,15.7904,78.7,15.904,78.2,23.822,76.9,23.822,77.2,22.6,181,236.7987,417.7987,68.3416666667,12,False,68.6,True,11.7,linear,normal_operation,none,True,train_parent_020_03,train,accepted_train
2024-04-25 13:44:56,4月25日08_00_4月25日18_00,0,0,0,0,0,0,0,0,23.871,63,24.2525,54.2,25.6695,47.9,24.852,61,23.6851,62.8,22.8516,62.4,51.9,45,0,44,0,46,0,46,0,18.1712,76.4,16.317,80.8,18.4815,78.6,18.447,78.1,16.0395,76.8,17.4825,77.1,24,181,250.1204,431.1204,68.2583333333,12,False,75.9,True,11.5222222222,linear,normal_operation,none,True,train_parent_020_03,train,accepted_train
2024-04-25 13:45:26,4月25日08_00_4月25日18_00,0,0,0,0,0,0,0,0,23.435,62.8,23.435,54.1,24.961,47.8,23.871,60.9,23.1256,62.6,22.8516,62.3,53.9,45,0,45,0,45,0,46,0,22.3412,76.2,20.2764,80.7,21.8276,78.5,21.4272,78,11.5092,76.7,11.5092,77,22.6,181,250.57,431.57,68.1333333333,12,False,76.5,True,12,linear,normal_operation,none,True,train_parent_020_03,train,accepted_train
2024-04-25 13:45:56,4月25日08_00_4月25日18_00,0,0,0,0,0,0,0,0,25.6695,62.7,25.506,53.9,25.2335,47.6,24.5795,60.7,23.9586,62.5,23.521,62.2,59.6,45,0,44,0,45,0,45,0,20.4426,76.1,18.836,80.6,18.0375,78.4,17.4408,77.9,16.65,76.7,16.65,76.9,22.8,179,256.525,435.525,68.0166666667,12,False,82.4,True,12.085,linear,normal_operation,none,True,train_parent_020_03,train,accepted_train
2024-04-25 13:46:26,4月25日08_00_4月25日18_00,0,0,0,0,0,0,0,0,24.2525,62.6,24.6885,53.8,26.814,47.5,26.814,60.6,22.7005,62.4,22.974,62,62.2,45,0,45,0,45,0,46,0,17.2848,76,16.4835,80.5,12.51,78.3,11.872,77.8,23.822,76.6,22.714,76.8,22.6,181,252.9298,433.9298,67.9083333333,12,False,84.8,True,12.1,linear,normal_operation,none,True,train_parent_020_03,train,accepted_train
2024-04-25 13:46:56,4月25日08_00_4月25日18_00,0,0,0,0,0,0,0,0,24.416,62.4,25.1245,53.7,22.2222,47.4,20.6934,60.5,24.7791,62.2,24.6697,61.9,62.1,45,0,45,0,46,0,45,0,12.4875,76,10.842,80.4,20.4795,78.2,19.3414,77.7,20.2764,76.4,20.2764,76.7,22.8,181,245.6081,426.6081,67.7916666667,12,False,84.9,True,12.1,linear,normal_operation,none,True,train_parent_020_03,train,accepted_train
2024-04-25 13:47:26,4月25日08_00_4月25日18_00,0,0,0,0,0,0,0,0,24.2525,62.3,23.7075,53.5,24.961,47.2,23.7075,60.3,23.0834,62.1,22.974,61.8,61.5,45,0,44,0,45,0,45,0,21.5117,75.9,20.1656,80.3,20.0355,78.1,19.4184,77.7,10.1192,76.4,10.2304,76.6,22.7,179,244.1667,423.1667,67.6833333333,12,False,84.2,True,12.1,linear,normal_operation,none,True,train_parent_020_03,train,accepted_train
2024-04-25 13:47:56,4月25日08_00_4月25日18_00,0,0,0,0,0,0,0,0,23.435,62.2,23.871,53.4,25.942,47.1,24.6885,60.2,23.7945,62,23.6851,61.6,60,45,0,45,0,46,0,46,0,19.8332,75.7,18.4482,80.2,19.203,78,18.135,77.5,13.3996,76.3,14.3745,76.5,22.7,182,248.8096,430.8096,67.5583333333,12,False,82.7,True,11.845,linear,normal_operation,none,True,train_parent_020_03,train,accepted_train
2024-04-25 13:48:26,4月25日08_00_4月25日18_00,0,0,0,0,0,0,0,0,23.326,62,23.435,53.3,24.852,47,23.435,60.1,25.2167,61.9,25.4902,61.5,58.8,45,0,45,0,46,0,46,0,16.897,75.6,14.4855,80.1,13.1216,77.9,13.328,77.5,25.0509,76.2,24.099,76.4,24,182,252.7369,434.7369,67.4583333333,12,False,82.8,True,11.64,linear,normal_operation,none,True,train_parent_020_03,train,accepted_train
2024-04-25 13:48:56,4月25日08_00_4月25日18_00,0,0,0,0,0,0,0,0,23.7075,61.9,23.7075,53.1,21.4032,46.8,20.4204,60,23.9586,61.7,23.9586,61.4,53,45,0,44,0,45,0,45,0,11.9325,75.6,11.5092,80,16.9275,77.8,16.6023,77.4,23.226,76,23.5025,76.3,22.6,179,240.8558,419.8558,67.3333333333,12,False,75.6,True,11.5,linear,normal_operation,none,True,train_parent_020_03,train,accepted_train
2024-04-25 13:49:26,4月25日08_00_4月25日18_00,0,0,0,0,0,0,0,0,21.7455,61.8,21.7455,53,22.386,46.7,20.9664,59.9,22.7005,61.6,23.2475,61.2,46.9,45,0,45,0,46,0,46,0,22.9495,75.5,21.7168,80,21.5895,77.7,21.1482,77.3,12.9315,76,13.098,76.2,23,182,246.2249,428.2249,67.2416666667,12,False,69.9,True,11.43,linear,normal_operation,none,True,train_parent_020_03,train,accepted_train
2024-04-25 13:49:56,4月25日08_00_4月25日18_00,0,0,0,0,0,0,0,0,23.1625,61.7,23.5985,52.9,23.6418,46.6,22.4952,59.7,22.427,61.5,22.974,61.1,46.1,45,0,45,0,46,0,45,0,20.2398,75.4,18.4482,79.8,23.545,77.6,23.394,77.2,13.098,75.9,13.4865,76.1,24.1,181,250.5105,431.5105,67.125,12,False,70.2,True,11.3,linear,normal_operation,none,True,train_parent_020_03,train,accepted_train
2024-04-25 13:50:26,4月25日08_00_4月25日18_00,0,0,0,0,0,0,0,0,23.1625,61.6,23.326,52.8,21.5124,46.5,20.6934,59.6,23.2475,61.3,23.0834,61,43.3,45,0,45,0,46,0,45,0,19.1684,75.3,17.728,79.8,15.0405,77.5,15.0371,77.1,23.7112,75.8,24.099,76,24.3,181,249.8094,430.8094,67.025,12,False,67.6,True,11.49,linear,normal_operation,none,True,train_parent_020_03,train,accepted_train
2024-04-25 13:50:56,4月25日08_00_4月25日18_00,0,0,0,0,0,0,0,0,21.909,61.4,21.909,52.6,23.3688,46.3,21.9492,59.5,22.7005,61.2,22.8099,60.9,45.5,45,0,45,0,45,0,45,0,9.8235,75.2,9.1184,79.7,9.1348,77.5,8.904,77,32.5641,75.6,32.5641,75.9,22.8,180,236.7553,416.7553,66.9,12,False,68.3,True,11.7,linear,normal_operation,none,True,train_parent_020_03,train,accepted_train
2024-04-25 13:51:26,4月25日08_00_4月25日18_00,0,0,0,0,0,0,0,0,22.018,61.3,21.7455,52.5,22.659,46.2,21.5124,59.4,22.0988,61.1,22.0988,60.7,45,45,0,45,0,45,0,46,0,20.7196,75.1,19.5562,79.6,25.2624,77.4,24.7865,76.9,7.2705,75.5,7.104,75.8,24.5,181,236.8317,417.8317,66.7916666667,12,False,69.5,True,11.8,linear,normal_operation,none,True,train_parent_020_03,train,accepted_train
2024-04-25 13:51:56,4月25日08_00_4月25日18_00,0,0,0,0,0,0,0,0,23.435,61.2,23.871,52.4,23.5985,46.1,22.89,59.3,23.6851,61,23.521,60.6,51,45,0,45,0,46,0,46,0,22.673,75,20.9587,79.5,25.4933,77.2,24.9536,76.8,5.8485,75.5,6.0156,75.7,22.5,182,246.9433,428.9433,66.6916666667,12,False,73.5,True,11.8,linear,normal_operation,none,True,train_parent_020_03,train,accepted_train
2024-04-25 13:52:26,4月25日08_00_4月25日18_00,0,0,0,0,0,0,0,0,24.5795,61.1,24.1435,52.3,25.397,45.9,23.98,59.1,23.6851,60.8,23.6851,60.5,52.1,45,0,45,0,45,0,45,0,15.1796,74.9,14.4855,79.4,16.4835,77.1,15.5682,76.7,27.2076,75.4,28.3136,75.6,24.1,180,262.7082,442.7082,66.5666666667,12,False,76.2,True,12.06,linear,normal_operation,none,True,train_parent_020_03,train,accepted_train
2024-04-25 13:52:56,4月25日08_00_4月25日18_00,0,0,0,0,0,0,0,0,21.473,60.9,21.364,52.1,24.961,45.8,23.98,59,21.7159,60.7,22.5364,60.4,56.1,45,0,45,0,46,0,45,0,16.0106,74.8,14.0415,79.3,7.6866,77.1,8.176,76.6,37.455,75.2,39.27,75.4,25.6,181,258.67,439.67,66.4416666667,12,False,81.7,True,12.2,linear,normal_operation,none,True,train_parent_020_03,train,accepted_train
2024-04-25 13:53:26,4月25日08_00_4月25日18_00,0,0,0,0,0,0,0,0,23.98,60.8,23.98,52,26.814,45.7,26.487,58.9,25.0526,60.6,24.7791,60.2,56.4,45,0,45,0,46,0,46,0,26.9928,74.7,24.4979,79.2,30.5809,76.9,30.1908,76.5,25.1712,75.1,25.1712,75.3,22.8,182,313.6975,495.6975,66.325,12,False,79.2,True,11.9,linear,normal_operation,none,True,train_parent_020_03,train,accepted_train
2024-04-25 13:53:56,4月25日08_00_4月25日18_00,0,0,0,0,0,0,0,0,23.326,60.7,22.999,51.9,23.326,45.5,22.018,58.7,24.068,60.4,24.5056,60.1,58.6,45,0,45,0,46,0,46,0,34.76,74.5,33.66,79,33.3408,76.8,33.411,76.4,18.7252,75,18.1712,75.2,24.1,182,312.3108,494.3108,66.1833333333,12,False,82.7,True,12.14,linear,normal_operation,none,True,train_parent_020_03,train,accepted_train
2024-04-25 13:54:26,4月25日08_00_4月25日18_00,0,0,0,0,0,0,0,0,23.936,60.5,24.1435,51.7,22.7682,45.4,21.4032,58.6,23.4116,60.3,23.521,60,56.7,45,0,45,0,46,0,46,0,26.5031,74.3,24.7296,78.9,27.8208,76.6,27.3552,76.2,32.2886,74.8,33.5559,75,22.5,182,311.4367,493.4367,66.025,12,False,79.2,True,12.2,linear,normal_operation,none,True,train_parent_020_03,train,accepted_train
2024-04-25 13:54:56,4月25日08_00_4月25日18_00,0,0,0,0,0,0,0,0,23.936,60.4,24.2525,51.6,24.6885,45.3,23.7075,58.5,23.9586,60.2,24.2321,59.8,58.2,45,0,44,0,45,0,45,0,26.6684,74.2,24.4536,78.8,21.5506,76.5,20.8318,76.1,37.455,74.6,38.445,74.8,24.4,179,314.1796,493.1796,65.9,12,False,82.6,True,12.2,linear,normal_operation,none,True,train_parent_020_03,train,accepted_train
2024-04-25 13:55:26,4月25日08_00_4月25日18_00,0,0,0,0,0,0,0,0,22.345,60.3,21.2005,51.5,23.435,45.1,22.89,58.4,23.521,60.1,23.521,59.7,51.8,45,0,45,0,45,0,45,0,29.754,74,28.3765,78.6,27.8208,76.3,27.9112,75.9,26.2276,74.4,27.3847,74.6,24.3,180,304.3873,484.3873,65.7416666667,12,False,76.1,True,12.1333333333,linear,normal_operation,none,True,train_parent_020_03,train,accepted_train
2024-04-25 13:55:56,4月25日08_00_4月25日18_00,0,0,0,0,0,0,0,0,21.7455,60.2,21.6365,51.4,21.2394,45,19.7106,58.2,21.1689,59.9,20.8407,59.6,44.7,45,0,44,0,45,0,45,0,32.78,73.8,30.7458,78.4,32.5641,76.1,32.8005,75.7,19.4103,74.3,19.9633,74.5,23.5,179,294.6056,473.6056,65.5916666667,12,False,68.2,True,11.92,linear,normal_operation,none,True,train_parent_020_03,train,accepted_train
2024-04-25 13:56:26,4月25日08_00_4月25日18_00,0,0,0,0,0,0,0,0,22.6175,60,22.7265,51.3,24.416,44.9,22.6175,58.1,21.2783,59.8,21.8253,59.5,43,45,0,45,0,46,0,46,0,28.652,73.7,27.2194,78.3,27.8208,76,28.416,75.6,26.2752,74.2,26.9928,74.4,22.7,182,300.8573,482.8573,65.4833333333,12,False,65.7,True,11.8142857143,linear,normal_operation,none,True,train_parent_020_03,train,accepted_train
2024-04-25 13:56:56,4月25日08_00_4月25日18_00,0,0,0,0,0,0,0,0,23.326,59.9,23.326,51.1,23.326,44.8,21.909,58,21.7159,59.7,22.427,59.4,43.8,45,0,45,0,45,0,45,0,23.184,73.5,21.9144,78.2,20.4426,75.9,19.9406,75.5,36.025,74,36.63,74.2,22.8,180,294.1665,474.1665,65.35,12,False,66.6,True,11.7666666667,linear,normal_operation,none,True,train_parent_020_03,train,accepted_train
2024-04-25 13:57:26,4月25日08_00_4月25日18_00,0,0,0,0,0,0,0,0,22.6175,59.8,22.89,51,20.8026,44.6,19.1646,57.9,22.2629,59.6,22.427,59.2,43.5,45,0,45,0,45,0,46,0,26.6684,73.4,25.4472,78,26.4887,75.7,26.4656,75.3,27.6602,73.9,28.9275,74,22.6,181,291.8222,472.8222,65.2,12,False,66.1,True,11.77,linear,normal_operation,none,True,train_parent_020_03,train,accepted_train
2024-04-25 13:57:56,4月25日08_00_4月25日18_00,0,0,0,0,0,0,0,0,27.8528,59.7,27.1456,50.9,29.866,44.5,28.56,57.8,27.5184,59.5,27.4092,59.1,45.3,45,0,45,0,45,0,46,0,30.0295,73.3,27.9357,77.9,28.5384,75.6,27.4664,75.2,22.0248,73.7,22.4664,73.9,23,181,326.8132,507.8132,65.0916666667,12,False,68.3,True,11.7,linear,normal_operation,none,True,train_parent_020_03,train,accepted_train
2024-04-25 13:58:26,4月25日08_00_4月25日18_00,0,0,0,0,0,0,0,0,25.4592,59.5,25.6224,50.7,22.1815,44.4,20.492,57.6,23.2475,59.3,23.6851,59,49.9,45,0,44,0,45,0,45,0,29.0377,73.1,26.9439,77.7,28.704,75.4,28.3004,75,21.9541,73.6,21.7882,73.8,22.5,179,297.416,476.416,64.925,12,False,72.4,True,11.3,linear,normal_operation,none,True,train_parent_020_03,train,accepted_train
2024-04-25 13:58:56,4月25日08_00_4月25日18_00,0,0,0,0,0,0,0,0,22.9568,59.4,23.1625,50.6,24.961,44.3,23.98,57.5,23.6851,59.2,23.4116,58.9,50.1,45,0,44,0,46,0,45,0,25.4011,73,23.6256,77.6,23.226,75.3,23.352,74.9,33.0049,73.5,33.1702,73.6,22.5,180,303.9368,483.9368,64.8166666667,12,False,72.6,True,11,linear,normal_operation,none,True,train_parent_020_03,train,accepted_train
2024-04-25 13:59:26,4月25日08_00_4月25日18_00,0,0,0,0,0,0,0,0,26.4384,59.3,26.6016,50.5,28.6688,44.1,27.5808,57.4,26.1534,59.1,26.8632,58.7,55.7,45,0,45,0,46,0,46,0,25.4011,72.8,24.012,77.5,23.9449,75.2,23.7968,74.8,30.965,73.3,31.9029,73.4,22.4,182,322.3289,504.3289,64.675,12,False,78.1,True,10.89,linear,normal_operation,none,True,train_parent_020_03,train,accepted_train
2024-04-25 13:59:56,4月25日08_00_4月25日18_00,0,0,0,0,0,0,0,0,24.3712,59.1,24.6432,50.3,22.6175,44,21.6365,57.2,24.8976,58.9,24.8976,58.6,56.9,45,0,44,0,46,0,46,0,27.9357,72.7,26.2276,77.3,28.428,75,28.86,74.6,27.1092,73.1,27.3847,73.3,22.5,181,309.0088,490.0088,64.5083333333,12,False,79.4,True,11.1,linear,normal_operation,none,True,train_parent_020_03,train,accepted_train
2024-04-25 14:00:26,4月25日08_00_4月25日18_00,0,0,0,0,0,0,0,0,25.3504,59,25.6224,50.2,27.7405,43.8,26.1664,57.1,26.1534,58.8,27.2454,58.4,56.8,45,0,44,0,45,0,45,0,30.415,72.5,29.203,77.2,28.704,74.9,27.861,74.5,23.184,73,24.1776,73.1,22.4,179,321.8231,500.8231,64.375,12,False,79.2,True,11.675,linear,normal_operation,none,True,train_parent_020_03,train,accepted_train
2024-04-25 14:00:56,4月25日08_00_4月25日18_00,0,0,0,0,0,0,0,0,27.4176,58.9,27.3088,50.1,30.0832,43.7,27.6896,57,28.2282,58.7,28.665,58.3,57.6,45,0,45,0,45,0,46,0,27.4949,72.3,26.2276,77,25.1712,74.7,25.6316,74.3,28.4867,72.9,28.0459,73,22.7,181,330.4503,511.4503,64.2416666667,12,False,80.3,True,11.6,linear,normal_operation,none,True,train_parent_020_03,train,accepted_train
2024-04-25 14:01:26,4月25日08_00_4月25日18_00,0,0,0,0,0,0,0,0,27.3088,58.7,27.6896,49.9,25.397,43.5,24.416,56.8,26.8632,58.5,26.6994,58.2,57,45,0,44,0,46,0,45,0,24.6848,72.2,23.46,76.9,24.2214,74.6,24.3528,74.2,31.13,72.7,32.12,72.8,22.7,180,318.343,498.343,64.0833333333,12,False,79.7,True,11.9,linear,normal_operation,none,True,train_parent_020_03,train,accepted_train
2024-04-25 14:01:56,4月25日08_00_4月25日18_00,0,0,0,0,0,0,0,0,22.848,58.6,24.6432,49.8,25.8944,43.4,24.9152,56.7,21.2783,58.4,21.1689,58,51,45,0,45,0,46,0,46,0,28.985,72.1,27.7704,76.8,25.8336,74.4,25.4648,74.1,28.0459,72.5,28.2112,72.7,22.6,182,305.0589,487.0589,63.9583333333,12,False,73.6,True,11.9,linear,normal_operation,none,True,train_parent_020_03,train,accepted_train
2024-04-25 14:02:26,4月25日08_00_4月25日18_00,0,0,0,0,0,0,0,0,22.4128,58.4,22.1815,49.6,19.9836,43.3,19.2738,56.6,22.427,58.2,22.974,57.9,44.1,45,0,45,0,46,0,45,0,28.16,71.9,27.4949,76.6,26.8272,74.3,26.9104,73.9,28.0459,72.4,28.7622,72.5,22.6,181,295.4533,476.4533,63.8,12,False,66.7,True,11.9,linear,normal_operation,none,True,train_parent_020_03,train,accepted_train
2024-04-25 14:02:56,4月25日08_00_4月25日18_00,0,0,0,0,0,0,0,0,20.383,58.3,19.947,49.5,23.1625,43.1,21.0915,56.5,21.7159,58.1,21.7159,57.8,43.9,45,0,45,0,45,0,45,0,27.335,71.8,25.7868,76.5,26.5512,74.1,26.7436,73.8,29.6438,72.2,30.0295,72.4,22.4,180,294.1057,474.1057,63.675,12,False,66.3,True,11.7380952381,linear,normal_operation,none,True,train_parent_020_03,train,accepted_train
2024-04-25 14:03:26,4月25日08_00_4月25日18_00,0,0,0,0,0,0,0,0,21.6365,58.2,21.909,49.4,22.345,43,21.2005,56.3,22.7005,58,22.8099,57.6,43.9,45,0,45,0,46,0,46,0,28.71,71.6,27.3847,76.3,26.1648,74,26.0208,73.6,29.425,72.1,30.14,72.2,22.5,182,300.4467,482.4467,63.525,12,False,66.4,True,11.6714285714,linear,normal_operation,none,True,train_parent_020_03,train,accepted_train
2024-04-25 14:03:56,4月25日08_00_4月25日18_00,0,0,0,0,0,0,0,0,22.848,58.1,23.1625,49.3,22.018,42.9,21.473,56.2,22.7005,57.9,23.2475,57.5,44.9,45,0,45,0,46,0,45,0,27.885,71.5,27.1092,76.2,26.7168,73.9,26.3544,73.5,25.4011,71.9,25.9521,72,22.4,181,294.8681,475.8681,63.4083333333,12,False,67.3,True,11.6833333333,linear,normal_operation,none,True,train_parent_020_03,train,accepted_train
2024-04-25 14:04:26,4月25日08_00_4月25日18_00,0,0,0,0,0,0,0,0,19.1295,58,19.2385,49.2,21.1302,42.8,20.1474,56.1,21.7159,57.8,22.2629,57.4,43.9,45,0,45,0,45,0,46,0,28.875,71.3,27.885,76,29.203,73.7,29.1375,73.3,24.5195,71.8,24.9603,71.9,22.8,181,288.2047,469.2047,63.275,12,False,66.7,True,11.7,linear,normal_operation,none,True,train_parent_020_03,train,accepted_train
2024-04-25 14:04:56,4月25日08_00_4月25日18_00,0,0,0,0,0,0,0,0,22.1815,57.9,22.454,49.1,23.98,42.6,22.7265,56,22.427,57.6,22.427,57.3,51.5,45,0,45,0,46,0,45,0,26.73,71.1,26.3929,75.9,25.4472,73.6,25.1415,73.2,27.3847,71.6,28.0459,71.8,22.6,181,295.3382,476.3382,63.1416666667,12,False,74.1,True,11.78,linear,normal_operation,none,True,train_parent_020_03,train,accepted_train
2024-04-25 14:05:26,4月25日08_00_4月25日18_00,0,0,0,0,0,0,0,0,21.6365,57.7,21.364,48.9,23.5985,42.5,22.454,55.9,22.0988,57.5,21.9894,57.2,49.7,45,0,45,0,46,0,46,0,26.345,71,25.7868,75.7,25.0056,73.4,25.419,73.1,30.58,71.5,31.13,71.6,22.6,182,297.4076,479.4076,63,12,False,72.3,True,11.7714285714,linear,normal_operation,none,True,train_parent_020_03,train,accepted_train
2024-04-25 14:05:56,4月25日08_00_4月25日18_00,0,0,0,0,0,0,0,0,23.392,57.6,23.5552,48.8,22.345,42.4,21.473,55.8,22.8099,57.4,23.2475,57,50.1,45,0,45,0,46,0,46,0,26.455,70.9,25.7868,75.6,27.4949,73.3,27.306,72.9,27.995,71.3,29.425,71.4,22.8,182,301.2853,483.2853,62.8666666667,12,False,72.9,True,11.7,linear,normal_operation,none,True,train_parent_020_03,train,accepted_train
2024-04-25 14:06:26,4月25日08_00_4月25日18_00,0,0,0,0,0,0,0,0,22.9568,57.5,22.9568,48.7,25.2335,42.3,23.5985,55.6,23.9586,57.3,24.3415,56.9,56.3,45,0,44,0,46,0,45,0,27.61,70.7,27.06,75.5,27.6602,73.1,27.861,72.8,28.325,71.2,29.15,71.3,22.6,180,310.7119,490.7119,62.7416666667,12,False,78.9,True,11.86,linear,normal_operation,none,True,train_parent_020_03,train,accepted_train
2024-04-25 14:06:56,4月25日08_00_4月25日18_00,0,0,0,0,0,0,0,0,22.454,57.4,22.454,48.6,24.5795,42.1,23.1625,55.5,23.9586,57.1,24.2321,56.8,56.5,45,0,45,0,46,0,46,0,27.3951,70.6,26.73,75.3,27.1092,73,26.973,72.6,25.7868,71,27.2194,71.1,22.5,182,302.0542,484.0542,62.5916666667,12,False,79,True,12,linear,normal_operation,none,True,train_parent_020_03,train,accepted_train
2024-04-25 14:07:26,4月25日08_00_4月25日18_00,0,0,0,0,0,0,0,0,27.3672,57.2,27.4176,48.4,26.0576,42,24.5344,55.4,25.2798,57,25.4436,56.6,56.8,45,0,45,0,45,0,46,0,25.08,70.4,24.805,75.2,25.7868,72.8,25.863,72.5,25.9521,70.9,26.73,71,22.7,181,310.3171,491.3171,62.45,12,False,79.5,True,12.125,linear,normal_operation,none,True,train_parent_020_03,train,accepted_train
2024-04-25 14:07:56,4月25日08_00_4月25日18_00,0,0,0,0,0,0,0,0,25.1872,57.1,25.4592,48.3,26.4384,41.8,24.9152,55.2,23.9148,56.9,24.4608,56.5,56.5,45,0,45,0,46,0,46,0,27.9441,70.3,27.445,75,27.9357,72.7,28.1986,72.3,27.61,70.7,28.6,70.8,22.7,182,318.109,500.109,62.3,12,False,79.2,True,11.9,linear,normal_operation,none,True,train_parent_020_03,train,accepted_train
2024-04-25 14:08:26,4月25日08_00_4月25日18_00,0,0,0,0,0,0,0,0,27.3672,56.9,27.3672,48.1,27.5808,41.7,26.3296,55.1,26.4264,56.7,26.9724,56.4,58.7,45,0,45,0,46,0,46,0,26.0226,70.1,25.465,74.9,26.2276,72.5,25.9272,72.2,26.18,70.6,26.895,70.7,23.6,182,318.761,500.761,62.1583333333,12,False,82.3,True,12.1,linear,normal_operation,none,True,train_parent_020_03,train,accepted_train
2024-04-25 14:08:56,4月25日08_00_4月25日18_00,0,0,0,0,0,0,0,0,25.8468,56.8,26.3296,48,24.2525,41.5,22.454,54.9,24.297,56.6,23.9148,56.2,52.1,45,0,45,0,45,0,45,0,26.8461,70,26.345,74.8,26.3929,72.4,26.0934,72,26.345,70.5,27.61,70.5,23.5,180,306.7271,486.7271,62.0166666667,12,False,75.6,True,12.1,linear,normal_operation,none,True,train_parent_020_03,train,accepted_train
2024-04-25 14:09:26,4月25日08_00_4月25日18_00,0,0,0,0,0,0,0,0,19.2385,56.7,19.402,47.9,22.999,41.4,21.7455,54.8,22.0988,56.5,22.5364,56.1,44.9,45,0,45,0,45,0,45,0,29.318,69.8,28.1088,74.6,26.2276,72.2,26.5366,71.9,27.06,70.3,27.61,70.4,22.6,180,292.8812,472.8812,61.8833333333,12,False,67.5,True,11.9,linear,normal_operation,none,True,train_parent_020_03,train,accepted_train
2024-04-25 14:09:56,4月25日08_00_4月25日18_00,0,0,0,0,0,0,0,0,21.473,56.6,21.909,47.7,24.416,41.3,24.208,54.7,22.0988,56.3,22.2629,56,45.5,45,0,45,0,46,0,46,0,27.8343,69.7,27.0108,74.5,24.4093,72.1,24.5422,71.8,26.07,70.2,25.905,70.2,22.6,182,292.1393,474.1393,61.7583333333,12,False,68.1,True,11.980952381,linear,normal_operation,none,True,train_parent_020_03,train,accepted_train
2024-04-25 14:10:26,4月25日08_00_4月25日18_00,0,0,0,0,0,0,0,0,24.5344,56.4,24.8064,47.6,22.999,41.2,21.7455,54.6,24.024,56.2,24.1878,55.9,45.3,45,0,44,0,46,0,46,0,27.5096,69.5,26.5716,74.3,27.885,72,27.8108,71.6,25.63,70,25.465,70.1,22.7,181,303.1691,484.1691,61.6166666667,12,False,68,True,11.9,linear,normal_operation,none,True,train_parent_020_03,train,accepted_train
2024-04-25 14:10:56,4月25日08_00_4月25日18_00,0,0,0,0,0,0,0,0,21.1616,56.3,21.0528,47.5,23.435,41,22.454,54.5,20.7313,56.1,21.0048,55.7,43.7,45,0,45,0,46,0,45,0,26.5716,69.4,25.5834,74.2,26.73,71.8,27.2568,71.5,27.445,69.9,27.335,70,22.6,181,290.7613,471.7613,61.4916666667,12,False,66.3,True,11.6714285714,linear,normal_operation,none,True,train_parent_020_03,train,accepted_train
2024-04-25 14:11:26,4月25日08_00_4月25日18_00,0,0,0,0,0,0,0,0,25.0784,56.2,25.1872,47.4,27.0368,40.9,25.4592,54.3,26.5356,56,26.6994,55.6,45.6,45,0,45,0,46,0,46,0,27.3452,69.2,25.6932,74,24.9603,71.7,24.8192,71.3,27.2853,69.7,27.9441,69.8,22.6,182,314.0439,496.0439,61.3416666667,12,False,68.2,True,11.6833333333,linear,normal_operation,none,True,train_parent_020_03,train,accepted_train
2024-04-25 14:11:56,4月25日08_00_4月25日18_00,0,0,0,0,0,0,0,0,22.1408,56,21.9776,47.2,22.345,40.8,21.364,54.2,23.6418,55.8,23.205,55.5,49.6,45,0,44,0,46,0,45,0,27.3452,69.1,26.1324,73.9,27.335,71.5,27.6446,71.2,28.2735,69.6,28.6578,69.7,22.9,180,300.0627,480.0627,61.2083333333,12,False,72.5,True,11.5761904762,linear,normal_operation,none,True,train_parent_020_03,train,accepted_train
2024-04-25 14:12:26,4月25日08_00_4月25日18_00,0,0,0,0,0,0,0,0,24.9152,55.9,26.3296,47.1,23.98,40.6,22.454,54.1,22.4952,55.7,23.0412,55.3,50.2,45,0,45,0,45,0,45,0,25.3724,69,24.7599,73.7,27.72,71.4,27.7606,71,25.465,69.4,25.355,69.5,22.6,180,299.6481,479.6481,61.0583333333,12,False,72.8,True,11.83,linear,normal_operation,none,True,train_parent_020_03,train,accepted_train
2024-04-25 14:12:56,4月25日08_00_4月25日18_00,0,0,0,0,0,0,0,0,25.1872,55.8,25.4592,47,27.6896,40.5,26.3296,54,25.2798,55.6,25.7166,55.2,49.3,45,0,45,0,46,0,46,0,28.6056,68.8,26.5716,73.6,26.62,71.2,27.0417,70.9,27.1206,69.3,27.9441,69.4,22.6,182,319.5656,501.5656,60.9416666667,12,False,71.9,True,11.8238095238,linear,normal_operation,none,True,train_parent_020_03,train,accepted_train
2024-04-25 14:13:26,4月25日08_00_4月25日18_00,0,0,0,0,0,0,0,0,23.12,55.6,23.12,46.8,23.1625,40.4,22.018,53.8,23.9148,55.4,23.751,55.1,56.2,45,0,45,0,46,0,45,0,27.5096,68.7,25.9752,73.5,26.73,71.1,26.5993,70.7,27.5598,69.1,28.2735,69.2,22.7,181,301.7337,482.7337,60.7833333333,12,False,78.9,True,11.8263157895,linear,normal_operation,none,True,train_parent_020_03,train,accepted_train
2024-04-25 14:13:56,4月25日08_00_4月25日18_00,0,0,0,0,0,0,0,0,25.8468,55.5,26.3296,46.7,25.4592,40.2,23.392,53.7,25.0068,55.3,25.4436,54.9,56.2,45,0,45,0,45,0,45,0,26.9616,68.5,25.5368,73.3,28.16,70.9,28.5901,70.6,25.5834,69,26.4069,69.1,22.6,180,312.7168,492.7168,60.6416666667,12,False,78.8,True,11.9,linear,normal_operation,none,True,train_parent_020_03,train,accepted_train
2024-04-25 14:14:26,4月25日08_00_4月25日18_00,0,0,0,0,0,0,0,0,28.0731,55.4,28.0731,46.6,27.1456,40.1,26.0576,53.6,28.1765,55.2,28.34,54.8,57.9,45,0,45,0,46,0,45,0,28.222,68.3,26.5232,73.2,28.6578,70.8,28.4795,70.4,24.2,68.9,25.19,68.9,22.7,181,327.1384,508.1384,60.5166666667,12,False,80.6,True,11.9714285714,linear,normal_operation,none,True,train_parent_020_03,train,accepted_train
2024-04-25 14:14:56,4月25日08_00_4月25日18_00,0,0,0,0,0,0,0,0,21.8688,55.2,22.576,46.4,24.8064,40,23.664,53.4,25.0068,55,24.8976,54.7,56.8,45,0,45,0,45,0,46,0,29.9756,68.2,28.222,73,26.73,70.6,26.8758,70.3,27.1206,68.7,27.6696,68.8,22.5,181,309.4132,490.4132,60.3583333333,12,False,79.3,True,11.9,linear,normal_operation,none,True,train_parent_020_03,train,accepted_train
2024-04-25 14:15:26,4月25日08_00_4月25日18_00,0,0,0,0,0,0,0,0,22.9568,55.1,22.9568,46.3,24.6432,39.8,23.12,53.3,23.6418,54.9,23.205,54.5,51.2,45,0,45,0,46,0,45,0,28.8269,68,26.5232,72.9,27.445,70.5,27.8712,70.1,26.2971,68.6,27.1206,68.6,22.6,181,304.6076,485.6076,60.2166666667,12,False,73.8,True,12,linear,normal_operation,none,True,train_parent_020_03,train,accepted_train
2024-04-25 14:15:56,4月25日08_00_4月25日18_00,0,0,0,0,0,0,0,0,21.5968,55,21.5968,46.2,24.6432,39.7,23.392,53.2,24.1878,54.8,24.1878,54.4,50,45,0,45,0,46,0,46,0,28.2799,67.9,26.5232,72.7,27.5598,70.3,28.3136,70,24.5952,68.5,25.3089,68.5,22.7,182,300.185,482.185,60.1,12,False,72.7,True,12,linear,normal_operation,none,True,train_parent_020_03,train,accepted_train
2024-04-25 14:16:26,4月25日08_00_4月25日18_00,0,0,0,0,0,0,0,0,24.5344,54.8,24.208,46,28.6688,39.5,27.1456,53,24.6246,54.6,24.1878,54.3,44.6,45,0,45,0,45,0,46,0,29.2645,67.7,27.0712,72.6,27.8343,70.2,27.7606,69.8,26.8461,68.3,27.1206,68.4,23.1,181,319.2665,500.2665,59.9333333333,12,False,67.7,True,12,linear,normal_operation,none,True,train_parent_020_03,train,accepted_train
2024-04-25 14:16:56,4月25日08_00_4月25日18_00,0,0,0,0,0,0,0,0,21.4336,54.7,21.3248,45.9,20.383,39.4,19.402,52.9,22.386,54.5,22.2222,54.1,45.1,45,0,45,0,46,0,46,0,28.7175,67.6,27.1859,72.5,28.8225,70.1,28.428,69.7,27.2853,68.2,28.2735,68.2,22.6,182,295.8643,477.8643,59.8166666667,12,False,67.7,True,11.83,linear,normal_operation,none,True,train_parent_020_03,train,accepted_train
2024-04-25 14:17:26,4月25日08_00_4月25日18_00,0,0,0,0,0,0,0,0,22.848,54.6,22.9568,45.8,21.909,39.3,21.0915,52.8,23.205,54.4,23.0412,54,43.6,45,0,45,0,46,0,46,0,27.7329,67.4,25.2628,72.3,27.3951,69.9,27.0417,69.6,26.1324,68,25.8579,68.1,22.9,182,294.4743,476.4743,59.6833333333,12,False,66.5,True,12.1,linear,normal_operation,none,True,train_parent_020_03,train,accepted_train
2024-04-25 14:17:56,4月25日08_00_4月25日18_00,0,0,0,0,0,0,0,0,22.848,54.5,22.576,45.7,24.3712,39.2,23.8272,52.7,23.478,54.3,23.751,53.9,44.1,45,0,45,0,45,0,46,0,28.444,67.3,25.8108,72.2,25.74,69.8,26.2122,69.4,27.1206,67.9,27.0108,67.9,22.5,181,301.1898,482.1898,59.5666666667,12,False,66.6,True,12.02,linear,normal_operation,none,True,train_parent_020_03,train,accepted_train
2024-04-25 14:18:26,4月25日08_00_4月25日18_00,0,0,0,0,0,0,0,0,22.9568,54.4,22.1408,45.5,22.454,39,21.364,52.6,23.205,54.1,22.932,53.8,50,45,0,44,0,45,0,46,0,29.2645,67.1,27.2953,72,25.63,69.6,25.6039,69.3,27.6192,67.7,28.496,67.8,22.5,180,298.9615,478.9615,59.4083333333,12,False,72.5,True,12,linear,normal_operation,none,True,train_parent_020_03,train,accepted_train
2024-04-25 14:18:56,4月25日08_00_4月25日18_00,0,0,0,0,0,0,0,0,23.8272,54.2,24.0992,45.4,25.0784,38.9,23.8272,52.5,23.6418,54,24.024,53.6,51.1,45,0,44,0,46,0,46,0,27.2953,67,25.2167,71.9,27.5598,69.5,27.5448,69.1,25.1442,67.6,25.8579,67.6,22.5,181,303.1165,484.1165,59.275,12,False,73.6,True,12,linear,normal_operation,none,True,train_parent_020_03,train,accepted_train
2024-04-25 14:19:26,4月25日08_00_4月25日18_00,0,0,0,0,0,0,0,0,23.2832,54.1,22.576,45.3,24.3712,38.8,23.8272,52.3,23.9148,53.9,24.024,53.5,56.2,45,0,45,0,46,0,46,0,26.4748,66.8,24.5504,71.8,28.2735,69.3,27.8208,69,27.0108,67.4,27.3951,67.5,22.5,182,303.5218,485.5218,59.1416666667,12,False,78.7,True,12,linear,normal_operation,none,True,train_parent_020_03,train,accepted_train
2024-04-25 14:19:56,4月25日08_00_4月25日18_00,0,0,0,0,0,0,0,0,26.1183,54,26.5527,45.2,27.0368,38.6,25.7856,52.2,24.297,53.7,24.7338,53.4,57.8,45,0,45,0,46,0,46,0,26.0372,66.7,23.838,71.6,24.09,69.2,24.4979,68.8,29.318,67.3,29.866,67.3,23.2,182,312.1713,494.1713,59,12,False,81,True,12.0761904762,linear,normal_operation,none,True,train_parent_020_03,train,accepted_train
2024-04-25 14:20:26,4月25日08_00_4月25日18_00,0,0,0,0,0,0,0,0,25.1409,53.8,25.3038,45,25.7856,38.5,24.9152,52,25.2798,53.6,25.1706,53.2,56.3,45,0,45,0,46,0,46,0,27.2953,66.5,24.8244,71.5,27.1206,69,27.2688,68.7,26.7972,67.1,28.222,67.1,22.4,182,313.1242,495.1242,58.8333333333,12,False,78.7,True,12.1,linear,normal_operation,none,True,train_parent_020_03,train,accepted_train
2024-04-25 14:20:56,4月25日08_00_4月25日18_00,0,0,0,0,0,0,0,0,22.848,53.7,22.576,44.9,23.664,38.4,22.576,51.9,24.6246,53.5,24.4608,53.1,51.2,45,0,44,0,45,0,45,0,28.8269,66.4,26.2013,71.4,28.8225,68.9,28.8144,68.6,26.3588,67,26.9616,67,22.7,179,306.7349,485.7349,58.7333333333,12,False,73.9,True,12.019047619,linear,normal_operation,none,True,train_parent_020_03,train,accepted_train
2024-04-25 14:21:26,4月25日08_00_4月25日18_00,0,0,0,0,0,0,0,0,24.4893,53.6,24.8694,44.7,23.664,38.2,22.304,51.8,24.024,53.3,23.751,53,44.6,45,0,45,0,45,0,46,0,28.444,66.2,25.5996,71.2,27.3951,68.7,27.9864,68.4,23.7717,66.9,24.5952,66.9,22.7,181,300.8937,481.8937,58.575,12,False,67.3,True,12.03,linear,normal_operation,none,True,train_parent_020_03,train,accepted_train
2024-04-25 14:21:56,4月25日08_00_4月25日18_00,0,0,0,0,0,0,0,0,21.5968,53.4,21.5968,44.6,21.7455,38.1,20.6555,51.7,21.6762,53.2,21.9492,52.8,45.5,45,0,45,0,46,0,45,0,28.392,66,26.9124,71.1,24.7599,68.6,24.7744,68.2,28.8796,66.7,29.1536,66.7,22.5,181,292.0919,473.0919,58.425,12,False,68,True,12.1,linear,normal_operation,none,True,train_parent_020_03,train,accepted_train
2024-04-25 14:22:26,4月25日08_00_4月25日18_00,0,0,0,0,0,0,0,0,21.1616,53.3,21.3248,44.5,21.473,38,20.7645,51.6,22.2222,53.1,22.2222,52.7,44.2,45,0,45,0,45,0,45,0,25.5996,65.9,22.8516,70.9,28.548,68.4,28.704,68.1,26.2492,66.6,26.0848,66.6,22.8,180,287.2055,467.2055,58.3083333333,12,False,67,True,12.1722222222,linear,normal_operation,none,True,train_parent_020_03,train,accepted_train
2024-04-25 14:22:56,4月25日08_00_4月25日18_00,0,0,0,0,0,0,0,0,21.8688,53.2,22.4128,44.4,22.345,37.8,21.8688,51.4,22.932,53,23.0412,52.6,43.4,45,0,45,0,46,0,45,0,29.211,65.8,27.0218,70.8,26.2971,68.3,26.2752,68,26.3588,66.4,26.9616,66.4,22.7,181,296.5941,477.5941,58.175,12,False,66.1,True,12.1,linear,normal_operation,none,True,train_parent_020_03,train,accepted_train
2024-04-25 14:23:26,4月25日08_00_4月25日18_00,0,0,0,0,0,0,0,0,29.322,53.1,27.2586,44.2,28.3968,37.7,27.5808,51.3,28.0675,52.8,28.449,52.5,44.2,45,0,45,0,46,0,46,0,26.4748,65.6,22.974,70.7,23.8815,68.2,24.7296,67.8,28.8796,66.3,29.592,66.3,22.7,182,325.6062,507.6062,58.0416666667,12,False,66.9,True,11.9142857143,linear,normal_operation,none,True,train_parent_020_03,train,accepted_train
2024-04-25 14:23:56,4月25日08_00_4月25日18_00,0,0,0,0,0,0,0,0,23.0775,52.9,23.12,44.1,24.208,37.6,23.12,51.2,21.6762,52.7,21.6762,52.3,51.3,45,0,44,0,45,0,46,0,28.2282,65.4,26.0372,70.5,28.2735,68,28.704,67.7,28.991,66.1,29.044,66.1,22.8,180,306.1558,486.1558,57.8833333333,12,False,74.1,True,11.7,linear,normal_operation,none,True,train_parent_020_03,train,accepted_train
2024-04-25 14:24:26,4月25日08_00_4月25日18_00,0,0,0,0,0,0,0,0,28.3446,52.8,28.236,44,26.6016,37.4,25.7856,51,27.6315,52.6,27.7405,52.2,51.1,45,0,45,0,46,0,46,0,30.6306,65.3,27.8423,70.4,29.044,67.9,28.98,67.5,24.2764,66,23.7717,66,22.9,182,328.8848,510.8848,57.7583333333,12,False,74,True,11.5,linear,normal_operation,none,True,train_parent_020_03,train,accepted_train
2024-04-25 14:24:56,4月25日08_00_4月25日18_00,0,0,0,0,0,0,0,0,23.6205,52.7,23.936,43.8,24.6432,37.3,23.664,50.9,25.1706,52.4,25.1706,52.1,52.1,45,0,45,0,46,0,46,0,31.6134,65.1,29.6478,70.2,27.5096,67.7,27.5448,67.4,30.2491,65.8,30.4688,65.8,24.1,182,323.2384,505.2384,57.6,12,False,76.2,True,11.26,linear,normal_operation,none,True,train_parent_020_03,train,accepted_train
2024-04-25 14:25:26,4月25日08_00_4月25日18_00,0,0,0,0,0,0,0,0,25.5753,52.5,25.3038,43.7,26.3296,37.2,25.1872,50.8,26.2145,52.3,26.6505,51.9,56.2,45,0,45,0,46,0,46,0,26.3107,65,24.5056,70.1,27.3951,67.6,27.5448,67.2,28.2799,65.7,28.5534,65.6,23,182,317.8504,499.8504,57.4666666667,12,False,79.2,True,11.6,linear,normal_operation,none,True,train_parent_020_03,train,accepted_train
2024-04-25 14:25:56,4月25日08_00_4月25日18_00,0,0,0,0,0,0,0,0,24.5979,52.4,25.3038,43.6,25.3504,37,24.6432,50.7,25.2798,52.2,24.7338,51.8,57.5,45,0,45,0,45,0,46,0,31.1766,64.8,28.392,69.9,29.866,67.4,29.6438,67.1,24.112,65.5,24.5504,65.5,22.5,181,317.6497,498.6497,57.325,12,False,80,True,11.675,linear,normal_operation,none,True,train_parent_020_03,train,accepted_train
2024-04-25 14:26:26,4月25日08_00_4月25日18_00,0,0,0,0,0,0,0,0,25.3038,52.3,25.0323,43.4,24.9152,36.9,25.4124,50.5,24.1878,52,23.478,51.7,56.4,45,0,45,0,46,0,46,0,30.4668,64.7,27.5184,69.8,26.9616,67.2,27.2688,66.9,28.0576,65.4,28.496,65.4,22.4,182,317.0987,499.0987,57.1833333333,12,False,78.8,True,11.8,linear,normal_operation,none,True,train_parent_020_03,train,accepted_train
2024-04-25 14:26:56,4月25日08_00_4月25日18_00,0,0,0,0,0,0,0,0,25.3038,52.1,25.4124,43.3,21.8688,36.7,21.0528,50.4,23.6418,51.9,23.751,51.5,58.3,45,0,45,0,46,0,46,0,28.119,64.5,26.0372,69.6,26.2971,67.1,25.8336,66.8,32.6012,65.2,33.5858,65.2,22.9,182,313.5045,495.5045,57.025,12,False,81.2,True,11.88,linear,normal_operation,none,True,train_parent_020_03,train,accepted_train
2024-04-25 14:27:27,4月25日08_00_4月25日18_00,0,0,0,0,0,0,0,0,22.5345,52,22.848,43.1,24.8064,36.6,23.664,50.2,25.6695,51.8,26.1055,51.4,56.2,45,0,45,0,46,0,46,0,28.2282,64.3,25.5996,69.5,27.3452,67,27.4344,66.6,29.4286,65,29.7021,65,22.6,182,313.366,495.366,56.875,12,False,78.8,True,11.93,linear,normal_operation,none,True,train_parent_020_03,train,accepted_train
2024-04-25 14:27:56,4月25日08_00_4月25日18_00,0,0,0,0,0,0,0,0,22.806,51.8,22.6431,43,22.1408,36.5,21.0528,50.1,22.0584,51.6,22.2222,51.3,44.2,45,0,45,0,46,0,45,0,30.9036,64.2,28.2282,69.4,31.4004,66.8,31.7376,66.5,22.468,64.9,23.016,64.9,23.3,181,300.6771,481.6771,56.75,12,False,67.5,True,12.15,linear,normal_operation,none,True,train_parent_020_03,train,accepted_train
2024-04-25 14:28:26,4月25日08_00_4月25日18_00,0,0,0,0,0,0,0,0,24.4893,51.7,24.0549,42.9,22.9568,36.3,24.0992,50,24.961,51.5,24.852,51.1,44.4,45,0,44,0,45,0,46,0,29.9208,64,27.7914,69.2,25.6464,66.6,26.2752,66.3,28.5534,64.8,28.2799,64.7,22.8,180,311.8803,491.8803,56.5916666667,12,False,67.2,True,12.2,linear,normal_operation,none,True,train_parent_020_03,train,accepted_train
2024-04-25 14:28:56,4月25日08_00_4月25日18_00,0,0,0,0,0,0,0,0,54.672,51.2,53.7,42.5,56.922,35.3,54.237,49.4,38.6988,51.3,39.566,50.9,44.4,45,0,45,0,46,0,45,0,24.9432,63.9,21.9894,69.1,23.1678,66.5,23.2944,66.2,27.4594,64.6,28.444,64.6,24.2,181,447.094,628.094,56.2916666667,12,False,68.6,True,13.08,linear,normal_operation,none,True,train_parent_020_03,train,accepted_train
2024-04-25 14:29:26,4月25日08_00_4月25日18_00,0,0,0,0,0,0,0,0,51.724,50,52.4208,41.8,37.584,32.9,36.234,48.9,49.626,51.1,50.058,50.7,45,45,0,44,0,46,0,46,0,25.3261,63.7,23.7945,69,25.9752,66.4,26.5512,66,23.1256,64.5,23.564,64.4,22.6,181,425.9834,606.9834,55.7833333333,12,False,67.6,True,13.35,linear,normal_operation,none,True,train_parent_020_03,train,accepted_train
2024-04-25 14:29:56,4月25日08_00_4月25日18_00,0,0,0,0,0,0,0,0,41.0494,47.5,41.0494,39.5,54.237,30.9,52.5186,48.2,45.198,50.8,45.468,50.4,45.3,45,0,44,0,46,0,46,0,26.8632,63.6,24.6697,68.8,25.9752,66.2,26.3929,65.9,22.5776,64.4,23.016,64.3,22.6,181,429.015,610.015,55.0416666667,12,False,67.9,True,13.5,linear,normal_operation,none,True,train_parent_020_03,train,accepted_train
2024-04-25 14:30:26,4月25日08_00_4月25日18_00,0,0,0,0,0,0,0,0,41.5569,47.2,42.0959,39.2,47.6668,28.5,47.1288,46,48.816,50.5,49.086,50.2,44,45,0,45,0,46,0,45,0,27.4092,63.5,24.5056,68.7,24.3207,66.1,24.564,65.8,23.838,64.2,25.3724,64.2,22.6,181,426.3603,607.3603,54.5083333333,12,False,66.6,True,13.4333333333,linear,normal_operation,none,True,train_parent_020_03,train,accepted_train
2024-04-25 14:30:56,4月25日08_00_4月25日18_00,0,0,0,0,0,0,0,0,60.99,45.6,60.99,37.8,40.8562,26.2,39.0236,44,44.496,50.3,44.658,49.9,51.8,45,0,45,0,46,0,46,0,26.1534,63.3,23.9586,68.6,23.4972,66,23.184,65.6,24.9888,64.1,26.5232,64.1,22.4,182,439.319,621.319,53.7916666667,12,False,74.2,True,13.2,linear,normal_operation,none,True,train_parent_020_03,train,accepted_train
2024-04-25 14:31:26,4月25日08_00_4月25日18_00,0,0,0,0,0,0,0,0,45.4839,43.3,46.6116,35.3,54.774,24.9,54.237,42.7,47.844,50,45.468,49.7,51,45,0,45,0,46,0,45,0,26.5356,63.2,24.9432,68.4,24.5952,65.9,24.8952,65.5,26.0848,64,25.8108,63.9,22.6,181,447.2833,628.2833,53.0666666667,12,False,73.6,True,12.9555555556,linear,normal_operation,none,True,train_parent_020_03,train,accepted_train
2024-04-25 14:31:56,4月25日08_00_4月25日18_00,0,0,0,0,0,0,0,0,0.8393,40.8,-2.75184,32.9,9.0304,24.6,9.3568,40.2,28.8876,49.7,28.6161,49.3,56.1,45,0,44,0,46,0,45,0,26.2626,63,23.9586,68.3,26.0848,65.7,25.7232,65.4,24.2764,63.8,23.838,63.8,22.6,180,224.12196,404.12196,52.2916666667,12,False,78.7,True,13.1,linear,normal_operation,none,True,train_parent_020_03,train,accepted_train
2024-04-25 14:32:26,4月25日08_00_4月25日18_00,0,0,0,0,0,0,0,0,17.68,40.8,18.1152,32.8,15.6415,24.5,14.6605,40,17.6358,49.5,16.926,49.2,57.3,45,0,44,0,45,0,45,0,28.665,62.9,26.8632,68.2,30.2491,65.6,30.0295,65.2,31.2858,63.7,31.6713,63.6,22.6,179,279.4229,458.4229,52.1666666667,12,False,79.9,True,11.6,linear,normal_operation,none,True,train_parent_020_03,train,accepted_train
2024-04-25 14:32:56,4月25日08_00_4月25日18_00,0,0,0,0,0,0,0,0,18.8224,40.6,19.4752,32.7,20.6555,24.4,19.1295,39.9,14.7143,49.5,14.1673,49.1,58.2,45,0,45,0,45,0,45,0,27.9552,62.7,26.1534,68,26.9616,65.4,27.4949,65.1,32.9784,63.5,33.6882,63.4,22.4,180,282.1959,462.1959,52.025,12,False,80.6,True,11.3428571429,linear,normal_operation,none,True,train_parent_020_03,train,accepted_train
2024-04-25 14:33:26,4月25日08_00_4月25日18_00,0,0,0,0,0,0,0,0,20.3456,40.5,20.4544,32.6,23.392,24.3,22.304,39.8,21.5124,49.4,20.8026,49,57.1,45,0,44,0,45,0,45,0,30.411,62.6,29.484,67.9,31.2337,65.3,30.965,64.9,25.3261,63.3,26.3107,63.3,22.6,179,302.5415,481.5415,51.9083333333,12,False,79.7,True,11.3,linear,normal_operation,none,True,train_parent_020_03,train,accepted_train
2024-04-25 14:33:56,4月25日08_00_4月25日18_00,0,0,0,0,0,0,0,0,20.3456,40.4,20.4544,32.5,21.8688,24.2,20.7264,39.7,21.5124,49.2,21.5124,48.9,57.8,45,0,45,0,45,0,45,0,29.1575,62.4,26.8632,67.7,28.1705,65.1,29.0377,64.7,24.0024,63.2,24.7148,63.1,22.6,180,288.3661,468.3661,51.7583333333,12,False,80.4,True,11.3,linear,normal_operation,none,True,train_parent_020_03,train,accepted_train
2024-04-25 14:34:26,4月25日08_00_4月25日18_00,0,0,0,0,0,0,0,0,16.459,40.3,16.1865,32.4,18.53,24,17.7125,39.6,19.3091,49.1,19.0356,48.8,45.3,45,0,44,0,45,0,45,0,27.6822,62.2,26.1534,67.6,25.6464,64.9,26.1174,64.6,35.1078,63.1,35.9268,63,24.7,179,283.8667,462.8667,51.6333333333,12,False,70,True,10.3,linear,normal_operation,none,True,train_parent_020_03,train,accepted_train
2024-04-25 14:34:56,4月25日08_00_4月25日18_00,0,0,0,0,0,0,0,0,17.44,40.2,17.004,32.3,17.6035,23.9,17.1675,39.5,17.2305,49,17.7775,48.7,43.1,45,0,45,0,46,0,46,0,27.4092,62.1,25.9896,67.4,28.8269,64.8,28.652,64.4,32.1594,62.9,31.2858,62.8,22.6,182,278.5459,460.5459,51.5,12,False,65.7,True,9.96,linear,normal_operation,none,True,train_parent_020_03,train,accepted_train
2024-04-25 14:35:26,4月25日08_00_4月25日18_00,0,0,0,0,0,0,0,0,19.0944,40.1,19.2032,32.2,19.1295,23.8,18.6935,39.4,16.7929,48.9,15.8083,48.6,43.7,45,0,45,0,46,0,46,0,32.809,61.9,30.6835,67.3,34.2342,64.6,33.935,64.3,21.4816,62.7,21.7556,62.6,22.6,182,283.6207,465.6207,51.3666666667,12,False,66.3,True,9.9,linear,normal_operation,none,True,train_parent_020_03,train,accepted_train
2024-04-25 14:35:56,4月25日08_00_4月25日18_00,0,0,0,0,0,0,0,0,18.1485,40,18.6935,32.1,16.0524,23.7,15.0696,39.3,17.6681,48.8,17.6681,48.5,44.4,45,0,45,0,46,0,46,0,30.5745,61.7,28.392,67.1,35.217,64.4,35.136,64.1,23.564,62.6,23.838,62.5,22.7,182,280.0217,462.0217,51.2333333333,12,False,67.1,True,9.74,linear,normal_operation,none,True,train_parent_020_03,train,accepted_train
2024-04-25 14:36:26,4月25日08_00_4月25日18_00,0,0,0,0,0,0,0,0,15.914,39.9,16.35,32,19.511,23.6,17.985,39.2,17.7775,48.7,17.7775,48.4,43.8,45,0,45,0,46,0,46,0,29.1575,61.6,27.1362,67,34.944,64.2,34.6968,63.9,23.9586,62.5,24.7791,62.4,24,182,279.9872,461.9872,51.1166666667,12,False,67.8,True,9.6,linear,normal_operation,none,True,train_parent_020_03,train,accepted_train
2024-04-25 14:36:56,4月25日08_00_4月25日18_00,0,0,0,0,0,0,0,0,16.1865,39.8,16.459,31.9,15.6702,23.6,14.9604,39.1,16.7929,48.7,16.2459,48.3,44.5,45,0,45,0,46,0,45,0,32.809,61.4,31.2285,66.8,36.951,64,37.3869,63.7,29.8115,62.3,29.7021,62.2,23.3,181,294.2039,475.2039,50.9833333333,12,False,67.8,True,9.6,linear,normal_operation,none,True,train_parent_020_03,train,accepted_train
2024-04-25 14:37:26,4月25日08_00_4月25日18_00,0,0,0,0,0,0,0,0,17.44,39.8,17.6035,31.8,17.0352,23.5,16.653,39,14.4672,48.6,14.7412,48.2,51.4,45,0,44,0,46,0,46,0,33.728,61.2,30.956,66.6,29.9208,63.9,30.965,63.5,29.757,62.2,31.6134,62.1,24.2,181,284.8803,465.8803,50.8666666667,12,False,75.6,True,9.63,linear,normal_operation,none,True,train_parent_020_03,train,accepted_train
2024-04-25 14:37:56,4月25日08_00_4月25日18_00,0,0,0,0,0,0,0,0,17.2765,39.7,17.2765,31.7,17.3082,23.4,16.38,39,17.536,48.5,17.3716,48.2,50.4,45,0,44,0,45,0,46,0,34.544,61.1,32.2095,66.5,18.3915,63.7,18.9336,63.4,43.8464,62,44.7168,61.9,24.5,180,295.7906,475.7906,50.7583333333,12,False,74.9,True,9.7,linear,normal_operation,none,True,train_parent_020_03,train,accepted_train
2024-04-25 14:38:26,4月25日08_00_4月25日18_00,0,0,0,0,0,0,0,0,17.876,39.6,18.1485,31.6,18.1818,23.3,17.199,38.9,14.8508,48.4,15.5632,48.1,56.9,45,0,44,0,46,0,45,0,23.205,60.9,21.7159,66.3,13.365,63.7,13.9054,63.3,53.7213,61.7,54.1,61.6,22.5,180,281.8319,461.8319,50.6166666667,12,False,79.4,True,9.8,linear,normal_operation,none,True,train_parent_020_03,train,accepted_train
2024-04-25 14:38:56,4月25日08_00_4月25日18_00,0,0,0,0,0,0,0,0,18.966,39.5,18.6935,31.5,17.985,23.2,18.1485,38.8,16.988,48.3,16.44,48,57.5,45,0,45,0,45,0,46,0,37.2096,60.8,34.444,66.2,44.9888,63.5,44.8812,63.1,15.8372,61.5,16.0016,61.4,22.8,181,300.5834,481.5834,50.4833333333,12,False,80.3,True,9.8,linear,normal_operation,none,True,train_parent_020_03,train,accepted_train
2024-04-25 14:39:26,4月25日08_00_4月25日18_00,0,0,0,0,0,0,0,0,17.1675,39.4,17.2765,31.4,17.472,23.1,16.7622,38.7,17.7775,48.2,17.9416,47.9,58.6,45,0,45,0,45,0,46,0,32.5856,60.5,30.6835,66,38.0955,63.3,37.4832,62.9,21.2076,61.4,22.1392,61.3,22.4,181,286.5919,467.5919,50.3416666667,12,False,81,True,9.83,linear,normal_operation,none,True,train_parent_020_03,train,accepted_train
2024-04-25 14:39:56,4月25日08_00_4月25日18_00,0,0,0,0,0,0,0,0,19.1295,39.3,19.2385,31.3,20.7645,23,20.1105,38.6,18.598,48.1,18.598,47.8,58.6,45,0,44,0,46,0,46,0,32.7488,60.4,31.937,65.8,22.468,63.1,21.8747,62.8,42.3232,61.2,44.0096,61.1,23.4,181,311.8003,492.8003,50.2083333333,12,False,82,True,9.9,linear,normal_operation,none,True,train_parent_020_03,train,accepted_train
2024-04-25 14:40:26,4月25日08_00_4月25日18_00,0,0,0,0,0,0,0,0,19.2032,39.2,18.857,31.3,14.7966,22.9,14.9604,38.5,17.3399,48,17.7775,47.7,58.5,45,0,44,0,46,0,46,0,23.9148,60.2,23.751,65.7,26.5232,63,26.3929,62.7,40.2906,61,40.9632,60.9,22.8,181,284.7703,465.7703,50.0916666667,12,False,81.3,True,10.1,linear,normal_operation,none,True,train_parent_020_03,train,accepted_train
2024-04-25 14:40:56,4月25日08_00_4月25日18_00,0,0,0,0,0,0,0,0,8.5332,39.1,8.9708,31.2,8.4392,22.8,7.8364,38.4,11.9682,47.9,11.6388,47.6,56.9,45,0,44,0,45,0,45,0,0.56202,60.2,-1.16261,65.6,-8.587,62.9,-8.355,62.6,-43.8141,61.1,-48.9753,61,23.4,179,-52.94539,126.05461,50.0333333333,12,False,80.3,True,9.53333333333,linear,onboard_fc_charging,none,True,train_parent_020_03,train,accepted_train
2024-04-25 14:41:26,4月25日08_00_4月25日18_00,0,0,0,0,0,0,0,0,8.0956,39.1,8.2597,31.1,9.9554,22.8,9.6819,38.4,9.8271,47.9,9.2781,47.6,44,45,0,45,0,46,0,46,0,-22.9072,60.2,-23.7282,65.7,-24.1614,63,-23.4498,62.7,-2.01102,61.2,-2.09966,61,23.2,182,-43.25948,138.74052,50.0583333333,12,False,67.2,True,6.4,linear,onboard_fc_charging,none,True,train_parent_020_03,train,accepted_train
2024-04-25 14:41:56,4月25日08_00_4月25日18_00,0,0,0,0,0,0,0,0,7.0144,39,7.0144,31.1,6.7404,22.7,6.1924,38.3,8.03,47.8,8.47,47.5,46.3,45,0,45,0,46,0,46,0,-17.3472,60.4,-18.2696,65.8,-17.7444,63.1,-17.5593,62.8,-31.864,61.3,-32.368,61.2,22.4,182,-91.6909,90.3091,50.0833333333,12,False,68.7,True,5.40952380952,linear,onboard_fc_charging,none,True,train_parent_020_03,train,accepted_train
2024-04-25 14:42:26,4月25日08_00_4月25日18_00,0,0,0,0,0,0,0,0,6.7404,39,6.85,31,7.7268,22.7,7.1788,38.3,6.6,47.8,6.875,47.5,44.1,45,0,45,0,46,0,45,0,-24.6636,60.5,-25.0432,65.9,-25.76,63.3,-25.6728,62.9,-17.1306,61.4,-18.0234,61.3,22.7,181,-94.3226,86.6774,50.1333333333,12,False,66.8,True,2.68,linear,onboard_fc_charging,none,True,train_parent_020_03,train,accepted_train
2024-04-25 14:42:56,4月25日08_00_4月25日18_00,0,0,0,0,0,0,0,0,6.1924,38.9,6.302,31,5.5896,22.6,6.302,38.2,8.855,47.7,8.855,47.4,43.4,45,0,45,0,46,0,46,0,-22.0968,60.6,-22.5836,66.1,-21.168,63.4,-20.0991,63.1,-24.696,61.5,-25.536,61.4,22.4,182,-94.0835,87.9165,50.1583333333,12,False,65.8,True,1.9,linear,onboard_fc_charging,none,True,train_parent_020_03,train,accepted_train
2024-04-25 14:43:26,4月25日08_00_4月25日18_00,0,0,0,0,0,0,0,0,8.4238,38.8,10.0648,30.9,6.1924,22.6,5.754,38.2,5.94,47.7,6.6,47.4,45.5,45,0,45,0,46,0,45,0,-21.801,60.7,-22.6395,66.2,-23.7303,63.5,-22.8015,63.2,-22.848,61.6,-23.128,61.5,22.8,181,-93.9733,87.0267,50.1916666667,12,False,68.3,True,1.9,linear,onboard_fc_charging,none,True,train_parent_020_03,train,accepted_train
2024-04-25 14:43:56,4月25日08_00_4月25日18_00,0,0,0,0,0,0,0,0,13.2678,38.7,13.1586,30.8,0.140544,22.5,0.281088,38.1,7.865,47.6,7.865,47.3,43.4,45,0,45,0,45,0,45,0,-21.204,60.8,-22.6395,66.3,-22.848,63.6,-22.1259,63.2,-23.016,61.7,-23.408,61.6,24.7,180,-92.663368,87.336632,50.1833333333,12,False,68.1,True,1.9,linear,onboard_fc_charging,none,True,train_parent_020_03,train,accepted_train
2024-04-25 14:44:26,4月25日08_00_4月25日18_00,0,0,0,0,0,0,0,0,5.05256,38.7,4.91008,30.7,9.9736,22.4,8.7132,38.1,9.13,47.6,9.7173,47.2,50.6,45,0,45,0,46,0,46,0,-20.8507,60.9,-21.9128,66.4,-23.1693,63.7,-22.0524,63.3,-23.7864,61.8,-24.123,61.7,22.8,182,-88.39786,93.60214,50.2083333333,12,False,73.4,True,1.9,linear,onboard_fc_charging,none,True,train_parent_020_03,train,accepted_train
2024-04-25 14:44:56,4月25日08_00_4月25日18_00,0,0,0,0,0,0,0,0,5.33204,38.7,5.33204,30.7,9.2612,22.4,8.9872,38,8.58,47.5,9.02,47.2,50.2,45,0,37,0,36,0,36,0,-19.5091,61,-20.1799,66.5,-19.2423,63.8,-18.5556,63.5,-17.36,61.9,-18.984,61.8,22.8,154,-67.31842,86.68158,50.25,12,False,73,True,1.9,linear,onboard_fc_charging,none,True,train_parent_020_03,train,accepted_train
2024-04-25 14:45:26,4月25日08_00_4月25日18_00,0,0,0,0,0,0,0,0,9.4084,38.6,9.2443,30.7,9.8092,22.3,9.2612,38,8.14,47.5,8.03,47.1,56.8,36,0,36,0,37,0,36,0,-18.5029,61.1,-19.4532,66.6,-16.576,63.9,-15.3699,63.5,-17.248,62,-17.808,61.9,22.6,145,-51.0649,93.9351,50.2666666667,12,False,79.4,True,1.35714285714,linear,onboard_fc_charging,none,True,train_parent_020_03,train,accepted_train
2024-04-25 14:45:56,4月25日08_00_4月25日18_00,0,0,0,0,0,0,0,0,9.6819,38.6,9.2443,30.6,8.2748,22.3,8.0008,37.9,9.57,47.4,9.46,47.1,57.5,36,0,36,0,36,0,36,0,-15.5682,61.2,-16.8259,66.7,-16.072,64,-15.3136,63.6,-16.352,62.1,-17.024,62,22.7,144,-42.9239,101.0761,50.2916666667,12,False,80.2,True,0,linear,ambiguous_external_supply,none,False,,excluded,ambiguous_external_supply
2024-04-25 14:46:26,4月25日08_00_4月25日18_00,0,0,0,0,0,0,0,0,8.5332,38.5,8.4392,30.6,9.2612,22.2,8.5488,37.9,9.735,47.4,9.57,47,57.2,36,0,35,0,36,0,36,0,-16.74,61.3,-17.7203,66.8,-16.9983,64.1,-16.1868,63.7,-14.84,62.2,-15.008,62.1,22.5,143,-43.406,99.594,50.3166666667,12,False,79.7,True,0,linear,ambiguous_external_supply,none,False,,excluded,ambiguous_external_supply
2024-04-25 14:46:56,4月25日08_00_4月25日18_00,0,0,0,0,0,0,0,0,9.6819,38.5,9.6819,30.5,9.2612,22.2,8.8228,37.8,9.295,47.3,9.46,47,59.4,36,0,36,0,36,0,36,0,-14.787,61.4,-15.8756,66.9,-17.3349,64.2,-16.356,63.8,-15.288,62.3,-16.912,62.2,22.5,144,-40.3507,103.6493,50.3416666667,12,False,81.9,True,0,linear,ambiguous_external_supply,none,False,,excluded,ambiguous_external_supply
2024-04-25 14:47:26,4月25日08_00_4月25日18_00,0,0,0,0,0,0,0,0,11.0494,38.4,11.0494,30.5,8.0008,22.1,7.5624,37.8,9.57,47.3,9.57,46.9,59.1,35,0,35,0,36,0,36,0,-14.8986,61.4,-15.9874,67,-16.2129,64.3,-15.0024,63.9,-16.464,62.3,-17.36,62.3,23,142,-39.1233,102.8767,50.35,12,False,82.1,True,0,linear,ambiguous_external_supply,none,False,,excluded,ambiguous_external_supply
2024-04-25 14:47:56,4月25日08_00_4月25日18_00,0,0,0,0,0,0,0,0,10.3383,38.4,10.2289,30.4,8.1104,22.1,8.0008,37.7,9.02,47.2,9.02,46.9,58.6,7,0,18,0,25,0,26,0,-8.1322,61.5,-10.7136,67,-6.4844,64.3,-5.6762,63.9,-5.6916,62.4,-5.8032,62.3,22.8,76,12.2172,88.2172,50.3416666667,12,False,81.4,True,0,linear,normal_operation,none,True,train_parent_020_04,train,accepted_train
2024-04-25 14:48:26,4月25日08_00_4月25日18_00,0,0,0,0,0,0,0,0,7.5624,38.3,7.7268,30.4,8.7132,22.1,8.1104,37.7,7.755,47.2,7.755,46.9,51.3,3,1,3,1,3,1,2,1,2.98052,61.5,1.5651,67.1,2.42295,64.3,3.1528,63.9,3.13028,62.4,3.41384,62.3,24.5,11,64.28829,75.28829,50.3416666667,12,False,75.8,True,0,linear,normal_operation,none,True,train_parent_020_04,train,accepted_train
2024-04-25 14:48:56,4月25日08_00_4月25日18_00,0,0,0,0,0,0,0,0,21.364,38.2,21.6365,30.3,18.291,22,18.4548,37.6,12.5172,47.1,11.9682,46.8,41.1,3,1,2,1,3,1,2,1,10.3411,61.5,9.1798,67,8.103,64.3,8.9838,63.9,10.0828,62.4,10.0828,62.3,22.6,10,161.005,171.005,50.2833333333,12,False,63.7,True,0,linear,normal_operation,none,True,train_parent_020_04,train,accepted_train
2024-04-25 14:49:26,4月25日08_00_4月25日18_00,0,0,0,0,0,0,0,0,29.7016,38.1,28.8876,30.2,9.8092,21.9,9.2612,37.6,12.7917,47.1,12.7917,46.7,40.7,3,1,3,1,2,1,3,1,4.10326,61.4,2.69244,67,2.84672,64.3,3.14717,63.9,1.70385,62.4,1.70385,62.3,22.8,11,119.44029,130.44029,50.2416666667,12,False,63.5,True,1.06,linear,normal_operation,none,True,train_parent_020_04,train,accepted_train
2024-04-25 14:49:56,4月25日08_00_4月25日18_00,0,0,0,0,0,0,0,0,-4.52376,38,-4.12299,30,12.7451,21.9,12.9092,37.5,10.8153,47,10.98,46.7,40.8,3,1,3,1,3,1,3,1,3.96501,61.4,2.55394,67,3.13028,64.3,3.72294,63.8,1.42336,62.4,1.42336,62.3,22.7,12,55.02174,67.02174,50.1916666667,12,False,63.5,True,2.1,linear,normal_operation,none,True,train_parent_020_04,train,accepted_train
2024-04-25 14:50:26,4月25日08_00_4月25日18_00,0,0,0,0,0,0,0,0,0.4224,38,0.561,30,7.7268,21.8,7.2884,37.4,10.98,46.9,11.0898,46.6,41.3,0,1,1,1,1,1,1,1,3.5392,61.4,2.55394,67,2.13504,64.2,3.00742,63.8,4.8285,62.3,4.54545,62.3,23.3,3,58.67795,61.67795,50.1416666667,12,False,64.6,True,1.9,linear,normal_operation,none,True,train_parent_020_04,train,accepted_train
2024-04-25 14:50:56,4月25日08_00_4月25日18_00,0,0,0,0,0,0,0,0,17.3082,38,17.6358,30,9.4256,21.8,8.9872,37.4,9.735,46.9,9.845,46.6,40.4,0,0,0,0,0,0,0,1,7.2443,61.4,6.083,66.9,5.994,64.2,6.8634,63.8,5.5389,62.3,6.094,62.2,22.6,0,110.7544,110.7544,50.125,12,False,63,True,1.9,linear,normal_operation,none,True,train_parent_020_04,train,accepted_train
2024-04-25 14:51:26,4月25日08_00_4月25日18_00,0,0,0,0,0,0,0,0,13.1586,37.9,12.8856,29.9,8.0008,21.7,7.8364,37.4,8.47,46.9,8.855,46.5,47.4,0,0,0,0,0,0,0,0,5.51894,61.3,4.10326,66.9,4.68975,64.2,5.14476,63.8,1.70385,62.3,1.5651,62.2,23,0,81.93206,81.93206,50.0833333333,12,False,70.4,True,1.9,linear,normal_operation,none,True,train_parent_020_04,train,accepted_train
2024-04-25 14:51:56,4月25日08_00_4月25日18_00,0,0,0,0,0,0,0,0,5.05256,37.9,5.05256,29.8,8.4392,21.7,7.8364,37.3,9.13,46.8,9.13,46.5,47.8,0,0,0,0,0,0,0,0,7.8936,61.3,6.2489,66.9,7.2705,64.2,6.8511,63.8,6.648,62.3,7.6452,62.2,22.7,0,87.19802,87.19802,50.0583333333,12,False,70.5,True,1.9,linear,normal_operation,none,True,train_parent_020_04,train,accepted_train
2024-04-25 14:52:26,4月25日08_00_4月25日18_00,0,0,0,0,0,0,0,0,7.4528,37.8,7.7268,29.8,9.2612,21.6,8.7132,37.3,8.855,46.8,8.58,46.4,53.6,0,0,0,0,0,0,0,0,3.96501,61.3,2.68758,66.9,2.8416,64.1,3.28662,63.7,5.52892,62.2,5.39042,62.2,23.8,0,74.28915,74.28915,50.0083333333,12,False,77.4,True,1.9,linear,normal_operation,none,True,train_parent_020_04,train,accepted_train
2024-04-25 14:52:56,4月25日08_00_4月25日18_00,0,0,0,0,0,0,0,0,8.7132,37.8,8.7132,29.8,8.5488,21.6,8.2748,37.2,8.47,46.7,8.47,46.4,53.6,0,0,0,0,0,0,0,0,8.1696,61.2,7.7973,66.9,8.214,64.1,8.1322,63.7,4.8198,62.2,5.10788,62.1,23,0,93.43078,93.43078,49.975,12,False,76.6,True,1.9,linear,normal_operation,none,True,train_parent_020_04,train,accepted_train
2024-04-25 14:53:26,4月25日08_00_4月25日18_00,0,0,0,0,0,0,0,0,7.4528,37.8,7.5624,29.7,8.7132,21.5,8.7132,37.2,9.46,46.7,9.57,46.4,54.3,0,0,0,0,0,0,0,0,5.22744,61.2,3.68298,66.8,3.552,64.1,3.84887,63.7,5.817,62.2,5.52892,62.1,23,0,79.12881,79.12881,49.95,12,False,77.3,True,0,linear,normal_operation,none,True,train_parent_020_04,train,accepted_train
2024-04-25 14:53:56,4月25日08_00_4月25日18_00,0,0,0,0,0,0,0,0,7.1788,37.7,7.1788,29.7,8.2748,21.5,8.1104,37.1,9.46,46.6,9.46,46.3,53.2,0,0,0,0,0,0,0,0,4.39082,61.2,3.11339,66.8,2.13504,64.1,2.4273,63.7,5.24638,62.2,5.52892,62.1,23.4,0,72.50465,72.50465,49.9166666667,12,False,76.6,True,0,linear,normal_operation,none,True,train_parent_020_04,train,accepted_train
2024-04-25 14:54:26,4月25日08_00_4月25日18_00,0,0,0,0,0,0,0,0,8.1104,37.7,8.1104,29.6,8.5488,21.4,8.1104,37.1,8.855,46.6,8.745,46.2,54.8,0,0,0,0,0,0,0,0,4.10326,61.2,2.83136,66.8,1.70692,64.1,2.13888,63.6,5.39042,62.1,5.24638,62.1,21.7,0,71.89722,71.89722,49.875,12,False,76.5,True,0,linear,normal_operation,none,True,train_parent_020_04,train,accepted_train
2024-04-25 14:54:56,4月25日08_00_4月25日18_00,0,0,0,0,0,1,0,1,7.8364,37.6,8.0008,29.6,9.4256,21.4,8.9872,37,8.58,46.5,8.58,46.2,55.9,0,0,0,0,0,0,0,1,3.68298,61.1,2.83136,66.8,4.9728,64,5.12632,63.6,1.13775,62.1,0.99345,62.1,19.6,0,70.15466,70.15466,49.8333333333,12,False,75.5,True,0,linear,normal_operation,none,True,train_parent_020_04,train,accepted_train
2024-04-25 14:55:26,4月25日08_00_4月25日18_00,0,0,0,0,0,0,0,0,6.576,37.6,6.7404,29.5,8.1104,21.3,7.8364,37,7.865,46.5,7.755,46.2,49.3,0,0,0,0,0,0,0,0,3.11339,61.1,1.84482,66.8,1.70692,64,2.42295,63.6,4.2624,62.1,4.4067,62,17.4,0,62.64038,62.64038,49.8083333333,12,False,66.7,True,0,linear,normal_operation,none,True,train_parent_020_04,train,accepted_train
2024-04-25 14:55:56,4月25日08_00_4月25日18_00,0,0,0,0,0,0,0,0,5.33204,37.6,5.18956,29.5,7.1919,21.3,6.8625,37,7.04,46.4,6.875,46.1,41.8,0,0,0,0,0,0,0,0,3.82123,61.1,2.54933,66.7,2.2796,64,2.71188,63.6,2.8416,62.1,2.6973,62,17.6,0,55.39194,55.39194,49.7833333333,12,False,59.4,True,0,linear,normal_operation,none,True,train_parent_020_04,train,accepted_train
2024-04-25 14:56:26,4月25日08_00_4月25日18_00,0,0,0,0,0,0,0,0,5.46904,37.5,5.34177,29.5,7.0272,21.3,6.8625,36.9,6.875,46.4,7.04,46.1,41.5,0,0,0,0,0,0,0,0,4.52907,61.1,3.11339,66.7,3.552,64,4.00086,63.6,1.13775,62.1,0.8547,62,17.6,0,55.80328,55.80328,49.7666666667,12,False,59.1,True,0,linear,normal_operation,none,True,train_parent_020_04,train,accepted_train
2024-04-25 14:56:56,4月25日08_00_4月25日18_00,0,0,0,0,0,0,0,0,6.1924,37.5,6.302,29.5,6.4782,21.2,6.3135,36.9,6.765,46.4,6.6,46,41.6,0,0,0,0,0,0,0,0,3.39542,61.1,2.40555,66.7,3.26895,64,3.42612,63.5,2.6973,62.1,2.55855,62,17.7,0,56.40299,56.40299,49.7416666667,12,False,59.3,True,0,linear,normal_operation,none,True,train_parent_020_04,train,accepted_train
2024-04-25 14:57:26,4月25日08_00_4月25日18_00,0,0,0,0,0,0,0,0,6.028,37.5,6.028,29.4,6.7527,21.2,6.3135,36.9,6.3365,46.3,6.3365,46,41,0,0,0,0,0,0,0,0,3.96501,61,2.83136,66.7,2.56316,64,2.85696,63.5,2.55855,62.1,2.55855,62,17.9,0,55.12879,55.12879,49.7166666667,12,False,58.9,True,0,linear,normal_operation,none,True,train_parent_020_04,train,accepted_train
2024-04-25 14:57:56,4月25日08_00_4月25日18_00,0,0,0,0,0,0,0,0,5.9184,37.4,6.028,29.4,6.7527,21.1,6.588,36.8,6.2263,46.3,6.612,46,42.6,0,0,0,0,0,0,0,0,1.41568,61,0.425472,66.7,2.84672,64,3.28662,63.5,4.53726,62,4.53726,62,17.5,0,55.174412,55.174412,49.6833333333,12,False,60.1,True,0,linear,normal_operation,none,True,train_parent_020_04,train,accepted_train
2024-04-25 14:58:26,4月25日08_00_4月25日18_00,0,0,0,0,0,0,0,0,7.0144,37.4,7.1788,29.4,7.5762,21.1,7.3017,36.8,7.48,46.3,7.59,45.9,48,0,0,0,0,0,0,0,0,2.68758,61,1.70078,66.7,2.13504,63.9,2.57238,63.5,3.97218,62,3.5456,62,17.6,0,60.75466,60.75466,49.6666666667,12,False,65.6,True,0,linear,normal_operation,none,True,train_parent_020_04,train,accepted_train
2024-04-25 14:58:56,4月25日08_00_4月25日18_00,0,0,0,0,0,0,0,0,6.028,37.4,6.1924,29.3,7.5762,21.1,7.3017,36.7,6.3365,46.2,6.5018,45.9,42.7,0,0,0,0,0,0,0,0,4.10326,61,3.11339,66.7,3.552,63.9,4.14036,63.5,1.2765,62,1.2765,61.9,17.8,0,57.39861,57.39861,49.6333333333,12,False,60.5,True,0,linear,normal_operation,none,True,,excluded,long_stop_dwell_core
2024-04-25 14:59:26,4月25日08_00_4月25日18_00,0,0,0,0,0,0,0,0,7.0144,37.3,7.1788,29.3,7.5762,21,7.4664,36.7,6.3365,46.2,6.5018,45.9,44.9,0,0,0,0,0,0,0,0,2.68758,61,1.70078,66.7,3.4077,63.9,3.85578,63.5,2.8416,62,2.55855,61.9,17.8,0,59.12609,59.12609,49.6166666667,12,False,62.7,True,0,linear,normal_operation,none,True,,excluded,long_stop_dwell_core
2024-04-25 14:59:56,4月25日08_00_4月25日18_00,0,0,0,0,0,0,0,0,7.2884,37.3,7.4528,29.2,7.3017,21,7.0272,36.7,6.7773,46.2,6.7773,45.8,45.4,0,0,0,0,0,0,0,0,3.68298,61,2.54933,66.6,2.13504,63.9,2.57699,63.4,3.26895,62,3.4077,61.9,17.6,0,60.24569,60.24569,49.5833333333,12,False,63,True,0,linear,normal_operation,none,True,,excluded,long_stop_dwell_core
2024-04-25 15:06:26,4月25日08_00_4月25日18_00,0,0,0,0,0,0,0,0,-17.6012,38,-17.7126,30,-17.5455,21.7,-17.1556,37.4,-18.1675,46.9,-18.2793,46.6,33.7,0,0,0,0,0,0,0,0,0.000554,60.9,0.000554,66.6,-0.023394,63.9,-0.0112,63.4,-0,62,-0.02502,61.9,0,0,-106.520206,-106.520206,49.9416666667,12,False,33.7,True,0,linear,confirmed_shore,none,False,,excluded,confirmed_shore
2024-04-25 15:06:56,4月25日08_00_4月25日18_00,0,0,0,0,0,0,0,0,-17.6569,38.1,-17.824,30.1,-17.6012,21.8,-17.0999,37.5,-18.0557,47,-17.888,46.7,34.6,0,0,0,0,0,0,0,0,0.000554,60.9,0.000554,66.6,-0.023394,63.9,-0.0112,63.4,-0,62,-0.02502,61.9,0,0,-106.184206,-106.184206,49.9916666667,12,False,34.6,True,0,linear,confirmed_shore,none,False,,excluded,confirmed_shore
2024-04-25 15:07:26,4月25日08_00_4月25日18_00,0,0,0,0,0,0,0,0,-17.4341,38.2,-17.3227,30.2,-17.5455,21.9,-16.8214,37.6,-17.9998,47.1,-17.7203,46.8,31.5,0,0,0,0,0,0,0,0,0.000554,60.9,0.000554,66.6,-0.023394,63.9,-0.0112,63.4,-0,62,-0.02502,61.9,0,0,-104.902306,-104.902306,50.0416666667,12,False,31.5,True,0,linear,confirmed_shore,none,False,,excluded,confirmed_shore
2024-04-25 15:07:56,4月25日08_00_4月25日18_00,0,0,0,0,0,0,0,0,-17.7126,38.3,-17.6569,30.3,-17.3538,22,-16.8214,37.6,-18.256,47.2,-18.3352,46.9,31.9,0,0,0,0,0,0,0,0,0.000554,60.9,0.000554,66.6,-0.022837,63.9,-0.0112,63.4,-0,62,-0.02502,61.9,0,0,-106.193849,-106.193849,50.0833333333,12,False,31.9,True,0,linear,confirmed_shore,none,False,,excluded,confirmed_shore
2024-04-25 15:08:26,4月25日08_00_4月25日18_00,0,0,0,0,0,0,0,0,-17.7683,38.4,-17.7683,30.3,-17.856,22.1,-16.9632,37.7,-17.976,47.3,-17.9439,47,31.5,0,0,0,0,0,0,0,0,0.000554,60.9,0.000554,66.6,-0.023394,63.9,-0.0112,63.4,-0,62,-0.02502,61.9,0,0,-106.334206,-106.334206,50.125,12,False,31.5,True,0,linear,confirmed_shore,none,False,,excluded,confirmed_shore
2024-04-25 15:08:56,4月25日08_00_4月25日18_00,0,0,0,0,0,0,0,0,-17.824,38.5,-18.3024,30.4,-17.6886,22.2,-17.4096,37.8,-17.976,47.4,-18.368,47.1,34.4,0,0,0,0,0,0,0,0,0.000554,60.9,0.000554,66.6,-0.023394,63.9,-0.01118,63.4,-0,62,-0.02502,61.9,0,0,-107.627086,-107.627086,50.175,12,False,34.4,True,0,linear,confirmed_shore,none,False,,excluded,confirmed_shore
2024-04-25 15:09:26,4月25日08_00_4月25日18_00,0,0,0,0,0,0,0,0,-17.5212,38.6,-17.9676,30.5,-17.7444,22.3,-17.3538,37.9,-18.424,47.5,-18.256,47.2,33.8,0,0,0,0,0,0,0,0,0.000554,60.9,0.000554,66.6,-0.023394,63.9,-0.0112,63.4,-0,62,-0.02502,61.9,0,0,-107.325506,-107.325506,50.225,12,False,33.8,True,0,linear,confirmed_shore,none,False,,excluded,confirmed_shore
2024-04-25 15:09:56,4月25日08_00_4月25日18_00,0,0,0,0,0,0,0,0,-17.4096,38.7,-18.0234,30.6,-18.135,22.4,-16.9632,38,-18.088,47.6,-18.312,47.3,33.7,0,0,0,0,0,0,0,0,0.000554,60.9,0.000554,66.6,-0.023394,63.9,-0.0112,63.4,-0,62,-0.02502,61.9,0,0,-106.989706,-106.989706,50.275,12,False,33.7,True,0,linear,confirmed_shore,none,False,,excluded,confirmed_shore
2024-04-25 15:10:26,4月25日08_00_4月25日18_00,0,0,0,0,0,0,0,0,-18.0234,38.8,-17.9676,30.7,-17.6886,22.5,-17.4096,38.1,-18.48,47.7,-18.312,47.4,32,0,0,0,0,0,0,0,0,0.000554,60.9,0.000554,66.6,-0.023394,63.9,-0.01232,63.4,-0,62,-0.02502,61.9,0,0,-107.940826,-107.940826,50.325,12,False,32,True,0,linear,confirmed_shore,none,False,,excluded,confirmed_shore
2024-04-25 15:10:56,4月25日08_00_4月25日18_00,0,0,0,0,0,0,0,0,-17.9676,38.9,-17.9118,30.8,-18.0792,22.6,-17.3538,38.2,-18.48,47.8,-17.92,47.4,31.6,0,0,0,0,0,0,0,0,0.000554,60.9,0.000554,66.6,-0.023394,63.9,-0.01344,63.4,-0,62,-0.02502,61.9,0,0,-107.773146,-107.773146,50.3666666667,12,False,31.6,True,0,linear,confirmed_shore,none,False,,excluded,confirmed_shore
2024-04-25 15:11:26,4月25日08_00_4月25日18_00,0,0,0,0,0,0,0,0,-17.4654,39,-17.856,30.9,-17.4096,22.7,-17.2422,38.3,-18.144,47.9,-18.032,47.5,32.4,0,0,0,0,0,0,0,0,0.000554,60.9,0.000554,66.6,-0.023394,63.9,-0.01344,63.4,-0,62,-0.025576,61.9,0,0,-106.210502,-106.210502,50.4166666667,12,False,32.4,True,0,linear,confirmed_shore,none,False,,excluded,confirmed_shore
2024-04-25 15:11:56,4月25日08_00_4月25日18_00,0,0,0,0,0,0,0,0,-17.6328,39.1,-18.135,31,-18.1908,22.8,-17.019,38.4,-18.368,48,-18.256,47.6,31.4,0,0,0,0,0,0,0,0,0.000554,60.9,0.000554,66.6,-0.023394,63.9,-0.01344,63.4,-0,62,-0.02502,61.9,0,0,-107.662346,-107.662346,50.4666666667,12,False,31.4,True,0,linear,confirmed_shore,none,False,,excluded,confirmed_shore
2024-04-25 15:12:26,4月25日08_00_4月25日18_00,0,0,0,0,0,0,0,0,-17.2422,39.1,-17.7444,31.1,-18.0234,22.9,-16.8516,38.5,-18.48,48.1,-18.536,47.7,31.2,0,0,0,0,0,0,0,0,0.000554,60.9,0.000554,66.6,-0.023951,63.9,-0.01344,63.4,-0,62,-0.025576,61.9,0,0,-106.939459,-106.939459,50.5083333333,12,False,31.2,True,0,linear,confirmed_shore,none,False,,excluded,confirmed_shore
2024-04-25 15:12:56,4月25日08_00_4月25日18_00,0,0,0,0,0,0,0,0,-17.5212,39.2,-18.0234,31.2,-18.135,23,-17.4654,38.6,-17.808,48.2,-18.48,47.8,31.9,0,0,0,0,0,0,0,0,0.000554,60.9,0.000554,66.6,-0.025065,63.9,-0.01344,63.4,-0,62,-0.026688,61.9,0,0,-107.497085,-107.497085,50.5583333333,12,False,31.9,True,0,linear,confirmed_shore,none,False,,excluded,confirmed_shore
2024-04-25 15:13:26,4月25日08_00_4月25日18_00,0,0,0,0,0,0,0,0,-17.9118,39.3,-17.8002,31.3,-18.1116,23.1,-17.577,38.7,-18.48,48.3,-18.2,47.9,31.9,0,0,0,0,0,0,0,0,0.000554,60.9,0.000554,66.6,-0.025065,63.9,-0.01344,63.4,-0,62,-0.026688,61.9,0,0,-108.144685,-108.144685,50.6083333333,12,False,31.9,True,0,linear,confirmed_shore,none,False,,excluded,confirmed_shore
2024-04-25 15:13:56,4月25日08_00_4月25日18_00,0,0,0,0,0,0,0,0,-17.8002,39.4,-17.9118,31.4,-18.1116,23.2,-17.0748,38.7,-18.592,48.4,-17.92,48,31.6,0,0,0,0,0,0,0,0,0.000554,60.9,0.000554,66.6,-0.024508,63.9,-0.01344,63.4,-0,62,-0.026688,61.9,0,0,-107.473928,-107.473928,50.65,12,False,31.6,True,0,linear,confirmed_shore,none,False,,excluded,confirmed_shore
2024-04-25 15:14:26,4月25日08_00_4月25日18_00,0,0,0,0,0,0,0,0,-17.6886,39.5,-18.0234,31.5,-18.1116,23.2,-17.1613,38.8,-18.144,48.5,-17.92,48.1,31.9,0,0,0,0,0,0,0,0,0.000554,60.9,0.000554,66.6,-0.025065,63.9,-0.01344,63.4,-0,62,-0.026688,61.9,0,0,-107.112985,-107.112985,50.6916666667,12,False,31.9,True,0,linear,confirmed_shore,none,False,,excluded,confirmed_shore
2024-04-25 15:14:56,4月25日08_00_4月25日18_00,0,0,0,0,0,0,0,0,-18.135,39.6,-17.8002,31.6,-17.7203,23.3,-16.77,38.9,-18.513,48.6,-17.808,48.2,31.6,0,0,0,0,0,0,0,0,0.000554,60.9,0.000554,66.6,-0.025065,63.9,-0.01344,63.4,-0,62,-0.026688,61.9,0,0,-106.810585,-106.810585,50.7416666667,12,False,31.6,True,0,linear,confirmed_shore,none,False,,excluded,confirmed_shore
2024-04-25 15:15:26,4月25日08_00_4月25日18_00,0,0,0,0,0,0,0,0,-17.9676,39.7,-17.7444,31.7,-18.1116,23.4,-17.6644,39,-18.1764,48.7,-18.088,48.3,31.3,0,0,0,0,0,0,0,0,0.000554,60.9,0.000554,66.6,-0.025065,63.9,-0.01344,63.4,-0,62,-0.026688,61.9,0,0,-107.816485,-107.816485,50.7916666667,12,False,31.3,True,0,linear,confirmed_shore,none,False,,excluded,confirmed_shore
2024-04-25 15:15:56,4月25日08_00_4月25日18_00,0,0,0,0,0,0,0,0,-17.7444,39.8,-18.0234,31.8,-17.4408,23.5,-17.1054,39.1,-18.1764,48.8,-18.2,48.4,31.8,0,0,0,0,0,0,0,0,0.000554,60.9,0.000554,66.6,-0.025065,63.9,-0.01344,63.4,-0,62,-0.026688,61.9,0,0,-106.754485,-106.754485,50.8416666667,12,False,31.8,True,0,linear,confirmed_shore,none,False,,excluded,confirmed_shore
2024-04-25 15:16:26,4月25日08_00_4月25日18_00,0,0,0,0,0,0,0,0,-17.3538,39.9,-17.7444,31.9,-17.9998,23.6,-17.7762,39.2,-18.2886,48.9,-18.3447,48.5,31.5,0,0,0,0,0,0,0,0,0.000554,60.9,0.000554,66.6,-0.025065,63.9,-0.01344,63.4,-0,62,-0.026688,61.9,0,0,-107.571585,-107.571585,50.8916666667,12,False,31.5,True,0,linear,confirmed_shore,none,False,,excluded,confirmed_shore
2024-04-25 15:16:56,4月25日08_00_4月25日18_00,0,0,0,0,0,0,0,0,-17.856,40,-17.8002,32,-17.6644,23.7,-17.6085,39.3,-18.4569,48.9,-17.6715,48.6,31.9,0,0,0,0,0,0,0,0,0.000554,60.9,0.000554,66.6,-0.025065,63.9,-0.01344,63.4,-0,62,-0.026688,61.9,0,0,-107.121585,-107.121585,50.9333333333,12,False,31.9,True,0,linear,confirmed_shore,none,False,,excluded,confirmed_shore
2024-04-25 15:17:26,4月25日08_00_4月25日18_00,0,0,0,0,0,0,0,0,-17.5212,40.1,-17.888,32.1,-17.329,23.8,-17.4967,39.4,-18.1764,49,-18.2325,48.7,32,0,0,0,0,0,0,0,0,0.000554,60.9,0.000554,66.6,-0.025065,63.9,-0.01512,63.4,-0,62,-0.026688,61.9,0,0,-106.709565,-106.709565,50.9833333333,12,False,32,True,0,linear,confirmed_shore,none,False,,excluded,confirmed_shore
2024-04-25 15:17:56,4月25日08_00_4月25日18_00,0,0,0,0,0,0,0,0,-17.9439,40.2,-17.9998,32.2,-17.8321,23.9,-17.2172,39.5,-18.513,49.1,-18.4569,48.8,31.5,0,0,0,0,0,0,0,0,0.000554,60.9,0.000554,66.6,-0.025065,63.9,-0.01512,63.4,-0,62,-0.027244,61.9,0,0,-108.029221,-108.029221,51.0333333333,12,False,31.5,True,0,linear,confirmed_shore,none,False,,excluded,confirmed_shore
2024-04-25 15:18:26,4月25日08_00_4月25日18_00,0,0,0,0,0,0,0,0,-17.888,40.3,-17.7203,32.3,-18.0557,24,-17.3849,39.6,-18.3447,49.2,-18.2886,48.9,31.3,0,0,0,0,0,0,0,0,0.000554,60.9,0.000554,66.6,-0.025065,63.9,-0.01512,63.4,-0,62,-0.026688,61.9,0,0,-107.747965,-107.747965,51.0833333333,12,False,31.3,True,0,linear,confirmed_shore,none,False,,excluded,confirmed_shore
2024-04-25 15:18:56,4月25日08_00_4月25日18_00,0,0,0,0,0,0,0,0,-17.8321,40.4,-17.888,32.4,-18.3352,24.1,-17.2731,39.7,-18.6252,49.3,-18.1764,49,31.7,0,0,0,0,0,0,0,0,0.000554,60.9,0.000554,66.6,-0.025065,63.9,-0.01512,63.4,-0,62,-0.027244,61.9,0,0,-108.196321,-108.196321,51.1333333333,12,False,31.7,True,0,linear,confirmed_shore,none,False,,excluded,confirmed_shore
2024-04-25 15:19:26,4月25日08_00_4月25日18_00,0,0,0,0,0,0,0,0,-17.9439,40.5,-17.8321,32.4,-18.1675,24.2,-17.5526,39.8,-18.4008,49.4,-18.0642,49.1,31.9,0,0,0,0,0,0,0,0,0.000554,60.9,0.000554,66.6,-0.025065,63.9,-0.01512,63.4,-0,62,-0.027244,61.9,0,0,-108.027421,-108.027421,51.175,12,False,31.9,True,0,linear,confirmed_shore,none,False,,excluded,confirmed_shore
2024-04-25 15:19:56,4月25日08_00_4月25日18_00,0,0,0,0,0,0,0,0,-17.6644,40.6,-17.888,32.5,-17.9439,24.3,-17.3849,39.9,-18.513,49.5,-18.2325,49.2,31.9,0,0,0,0,0,0,0,0,0.000554,60.9,0.000554,66.6,-0.026179,63.9,-0.01512,63.4,-0,62,-0.028356,61.9,0,0,-107.695247,-107.695247,51.225,12,False,31.9,True,0,linear,confirmed_shore,none,False,,excluded,confirmed_shore
2024-04-25 15:20:26,4月25日08_00_4月25日18_00,0,0,0,0,0,0,0,0,-17.6644,40.7,-17.888,32.6,-17.9998,24.4,-17.4408,39.9,-18.2886,49.6,-18.1203,49.3,32,0,0,0,0,0,0,0,0,0.000554,60.9,0.000554,66.6,-0.025622,63.9,-0.01512,63.4,-0.000556,62,-0.0278,61.9,0,0,-107.46989,-107.46989,51.2666666667,12,False,32,True,0,linear,confirmed_shore,none,False,,excluded,confirmed_shore
2024-04-25 15:20:56,4月25日08_00_4月25日18_00,0,0,0,0,0,0,0,0,-17.6085,40.8,-17.6644,32.7,-18.2234,24.5,-17.4967,40,-18.1203,49.7,-18.1764,49.4,32,0,0,0,0,0,0,0,0,0.000554,60.9,0.000554,66.6,-0.026736,63.9,-0.01568,63.4,-0.000556,62,-0.0278,61.9,0,0,-107.359364,-107.359364,51.3166666667,12,False,32,True,0,linear,confirmed_shore,none,False,,excluded,confirmed_shore
2024-04-25 15:21:26,4月25日08_00_4月25日18_00,0,0,0,0,0,0,0,0,-18.0557,40.9,-18.1675,32.8,-17.6644,24.6,-17.2172,40.1,-18.4008,49.8,-18.2886,49.5,32.8,0,0,0,0,0,0,0,0,0.000554,60.9,0.000555,66.6,-0.026736,63.9,-0.01512,63.4,-0.000556,62,-0.028356,61.9,0,0,-107.863859,-107.863859,51.3666666667,12,False,32.8,True,0,linear,confirmed_shore,none,False,,excluded,confirmed_shore
2024-04-25 15:21:56,4月25日08_00_4月25日18_00,0,0,0,0,0,0,0,0,-17.9998,41,-17.8321,32.9,-17.9998,24.7,-17.1054,40.2,-18.6252,49.9,-18.3447,49.6,31.5,0,0,0,0,0,0,0,0,0.000554,60.9,0.000555,66.6,-0.026736,63.9,-0.01512,63.4,-0.000556,62,-0.028356,61.9,0,0,-107.976659,-107.976659,51.4166666667,12,False,31.5,True,0,linear,confirmed_shore,none,False,,excluded,confirmed_shore
2024-04-25 15:22:26,4月25日08_00_4月25日18_00,0,0,0,0,0,0,0,0,-17.7762,41,-18.0557,33,-18.447,24.8,-17.1613,40.3,-18.2886,50,-18.2886,49.7,32.1,0,0,0,0,0,0,0,0,0.000554,60.9,0.000555,66.6,-0.026736,63.9,-0.01568,63.4,-0.000556,62,-0.028356,61.9,0,0,-108.087619,-108.087619,51.4583333333,12,False,32.1,True,0,linear,confirmed_shore,none,False,,excluded,confirmed_shore
2024-04-25 15:22:56,4月25日08_00_4月25日18_00,0,0,0,0,0,0,0,0,-17.8321,41.1,-17.9998,33.1,-17.9439,24.9,-17.4967,40.4,-18.513,50.1,-18.2325,49.8,31.5,0,0,0,0,0,0,0,0,0.000554,60.9,0.000555,66.6,-0.026736,63.9,-0.0168,63.4,-0.001112,62,-0.0278,61.9,0,0,-108.089339,-108.089339,51.5083333333,12,False,31.5,True,0,linear,confirmed_shore,none,False,,excluded,confirmed_shore
2024-04-25 15:23:26,4月25日08_00_4月25日18_00,0,0,0,0,0,0,0,0,-17.8321,41.2,-18.0557,33.2,-18.1675,25,-17.5526,40.5,-18.2886,50.2,-18.0081,49.9,32.1,0,0,0,0,0,0,0,0,0.000554,60.9,0.000555,66.6,-0.026736,63.9,-0.0168,63.4,-0.001112,62,-0.028356,61.9,0,0,-107.976495,-107.976495,51.5583333333,12,False,32.1,True,0,linear,confirmed_shore,none,False,,excluded,confirmed_shore
2024-04-25 15:23:56,4月25日08_00_4月25日18_00,0,0,0,0,0,0,0,0,-18.2793,41.3,-18.1116,33.3,-18.3352,25.1,-17.5526,40.6,-18.5691,50.3,-18.513,50,32.3,0,0,0,0,0,0,0,0,0.000554,60.9,0.000555,66.6,-0.026736,63.9,-0.01683,63.4,-0.001112,62,-0.028356,61.9,0,0,-109.432725,-109.432725,51.6083333333,12,False,32.3,True,0,linear,confirmed_shore,none,False,,excluded,confirmed_shore
2024-04-25 15:24:26,4月25日08_00_4月25日18_00,0,0,0,0,0,0,0,0,-18.1675,41.4,-18.2793,33.4,-18.2234,25.2,-17.1613,40.7,-18.5691,50.4,-18.5691,50.1,31.8,0,0,0,0,0,0,0,0,0.000554,60.9,0.000555,66.6,-0.026179,63.9,-0.01683,63.4,-0.001112,62,-0.028356,61.9,0,0,-109.041068,-109.041068,51.6583333333,12,False,31.8,True,0,linear,confirmed_shore,none,False,,excluded,confirmed_shore
2024-04-25 15:24:56,4月25日08_00_4月25日18_00,0,0,0,0,0,0,0,0,-18.1675,41.5,-17.888,33.5,-18.256,25.3,-17.2731,40.8,-18.3447,50.5,-18.513,50.2,31.9,0,0,0,0,0,0,0,0,0.000554,60.9,0.000555,66.6,-0.026179,63.9,-0.01683,63.4,-0.001112,62,-0.028356,61.9,0,0,-108.513668,-108.513668,51.7083333333,12,False,31.9,True,0,linear,confirmed_shore,none,False,,excluded,confirmed_shore
2024-04-25 15:25:26,4月25日08_00_4月25日18_00,0,0,0,0,0,0,0,0,-18.1675,41.6,-18.3352,33.6,-18.2,25.4,-17.696,40.9,-18.3447,50.6,-18.2886,50.3,31.7,0,0,0,0,0,0,0,0,0.000554,60.9,0.000555,66.6,-0.026736,63.9,-0.01683,63.4,-0.001112,62,-0.028356,61.9,0,0,-109.103925,-109.103925,51.7583333333,12,False,31.7,True,0,linear,confirmed_shore,none,False,,excluded,confirmed_shore
2024-04-25 15:25:56,4月25日08_00_4月25日18_00,0,0,0,0,0,0,0,0,-17.9439,41.7,-18.1116,33.7,-18.032,25.5,-17.2731,41,-18.5691,50.7,-18.6252,50.4,31.9,0,0,0,0,0,0,0,0,0.000554,60.9,0.000555,66.6,-0.026179,63.9,-0.0168,63.4,-0.001112,62,-0.028356,61.9,0,0,-108.626238,-108.626238,51.8083333333,12,False,31.9,True,0,linear,confirmed_shore,none,False,,excluded,confirmed_shore
2024-04-25 15:26:26,4月25日08_00_4月25日18_00,0,0,0,0,0,0,0,0,-18.1116,41.8,-18.0557,33.8,-17.92,25.6,-17.08,41.1,-18.7146,50.8,-18.7374,50.5,31.6,0,0,0,0,0,0,0,0,0.000554,60.9,0.000555,66.6,-0.026736,63.9,-0.0168,63.4,-0.001112,62,-0.028356,61.9,0,0,-108.691195,-108.691195,51.8583333333,12,False,31.6,True,0,linear,confirmed_shore,none,False,,excluded,confirmed_shore
2024-04-25 15:26:56,4月25日08_00_4月25日18_00,0,0,0,0,0,0,0,0,-18.1116,41.9,-17.8321,33.9,-18.312,25.7,-17.36,41.2,-18.4336,50.9,-18.3447,50.6,32.1,0,0,0,0,0,0,0,0,0.000554,60.9,0.000555,66.6,-0.026736,63.9,-0.0168,63.4,-0.001112,62,-0.028356,61.9,0,0,-108.465895,-108.465895,51.9083333333,12,False,32.1,True,0,linear,confirmed_shore,none,False,,excluded,confirmed_shore
2024-04-25 15:27:26,4月25日08_00_4月25日18_00,0,0,0,0,0,0,0,0,-17.9998,42,-18.1116,34,-18.2,25.8,-17.696,41.2,-18.4898,51,-18.2886,50.7,32.2,0,0,0,0,0,0,0,0,0.000554,60.9,0.000555,66.6,-0.026736,63.9,-0.0168,63.4,-0.001112,62,-0.028912,61.9,0,0,-108.858251,-108.858251,51.95,12,False,32.2,True,0,linear,confirmed_shore,none,False,,excluded,confirmed_shore
2024-04-25 15:27:56,4月25日08_00_4月25日18_00,0,0,0,0,0,0,0,0,-18.1116,42.1,-18.0557,34.1,-18.088,25.8,-17.64,41.3,-18.3774,51.1,-18.3447,50.7,31.7,0,0,0,0,0,0,0,0,0.000554,60.9,0.000555,66.6,-0.026736,63.9,-0.01683,63.4,-0.001112,62,-0.028356,61.9,0,0,-108.689325,-108.689325,51.9833333333,12,False,31.7,True,0,linear,confirmed_shore,none,False,,excluded,confirmed_shore
2024-04-25 15:28:26,4月25日08_00_4月25日18_00,0,0,0,0,0,0,0,0,-17.5526,42.2,-17.8321,34.2,-18.032,26,-17.36,41.4,-18.3212,51.2,-18.0081,50.8,31.7,0,0,0,0,0,0,0,0,0.000554,60.9,0.000555,66.6,-0.026736,63.9,-0.01683,63.4,-0.001112,62,-0.029468,61.9,0,0,-107.179037,-107.179037,52.0416666667,12,False,31.7,True,0,linear,confirmed_shore,none,False,,excluded,confirmed_shore
2024-04-25 15:28:56,4月25日08_00_4月25日18_00,0,0,0,0,0,0,0,0,-17.888,42.3,-17.9439,34.3,-18.144,26,-17.304,41.5,-18.4336,51.3,-18.2088,50.9,31.5,0,0,0,0,0,0,0,0,0.000554,60.9,0.000555,66.6,-0.026736,63.9,-0.01683,63.4,-0.001112,62,-0.030024,61.9,0,0,-107.995893,-107.995893,52.0833333333,12,False,31.5,True,0,linear,confirmed_shore,none,False,,excluded,confirmed_shore
2024-04-25 15:29:26,4月25日08_00_4月25日18_00,0,0,0,0,0,0,0,0,-18.2234,42.4,-18.256,34.4,-18.48,26.1,-17.64,41.6,-18.546,51.4,-18.3774,51,32.2,0,0,0,0,0,0,0,0,0.000554,60.9,0.000555,66.6,-0.026736,63.9,-0.01683,63.4,-0.001112,62,-0.030024,61.9,0,0,-109.596393,-109.596393,52.1333333333,12,False,32.2,True,0,linear,confirmed_shore,none,False,,excluded,confirmed_shore
2024-04-25 15:29:56,4月25日08_00_4月25日18_00,0,0,0,0,0,0,0,0,-18.424,42.5,-18.144,34.5,-18.648,26.2,-17.472,41.7,-18.3774,51.5,-18.2088,51.1,31.6,0,0,0,0,0,0,0,0,0.000554,60.9,0.000555,66.6,-0.026736,63.9,-0.01736,63.4,-0.001112,62,-0.030024,61.9,0,0,-109.348323,-109.348323,52.1833333333,12,False,31.6,True,0,linear,confirmed_shore,none,False,,excluded,confirmed_shore
2024-04-25 15:30:26,4月25日08_00_4月25日18_00,0,0,0,0,0,0,0,0,-18.2,42.6,-18.2,34.6,-18.312,26.3,-17.584,41.8,-18.4898,51.6,-18.3774,51.2,31.9,0,0,0,0,0,0,0,0,0.000554,60.9,0.000555,66.6,-0.026736,63.9,-0.01848,63.4,-0.001112,62,-0.030024,61.9,0,0,-109.238443,-109.238443,52.2333333333,12,False,31.9,True,0,linear,confirmed_shore,none,False,,excluded,confirmed_shore
2024-04-25 15:30:57,4月25日08_00_4月25日18_00,0,0,0,0,0,0,0,0,-18.312,42.7,-18.48,34.7,-18.2,26.4,-17.64,41.9,-18.0964,51.7,-18.1526,51.3,32,0,0,0,0,0,0,0,0,0.000554,60.9,0.000555,66.6,-0.026736,63.9,-0.01848,63.4,-0.001668,62,-0.030024,61.9,0,0,-108.956799,-108.956799,52.2833333333,12,False,32,True,0,linear,confirmed_shore,none,False,,excluded,confirmed_shore
2024-04-25 15:31:26,4月25日08_00_4月25日18_00,0,0,0,0,0,0,0,0,-18.368,42.8,-18.368,34.8,-18.2,26.5,-17.192,42,-18.2088,51.8,-18.0964,51.4,32,0,0,0,0,0,0,0,0,0.000554,60.9,0.000555,66.6,-0.026736,63.9,-0.018513,63.4,-0.001112,62,-0.030024,61.9,0,0,-108.508476,-108.508476,52.3333333333,12,False,32,True,0,linear,confirmed_shore,none,False,,excluded,confirmed_shore
2024-04-25 15:31:56,4月25日08_00_4月25日18_00,0,0,0,0,0,0,0,0,-8.5932,42.9,-8.928,34.8,-5.859,26.6,-8.7606,42.1,-9.352,51.9,-9.464,51.5,40,0,0,0,0,0,0,0,0,3.40156,60.9,0.70912,66.6,-2.91276,63.9,-1.81203,63.4,0.85624,62,0.56712,61.9,0,0,-50.14755,-50.14755,52.375,12,False,40,True,0,linear,confirmed_shore,none,False,,excluded,confirmed_shore
2024-04-25 15:32:26,4月25日08_00_4月25日18_00,0,0,0,0,0,0,0,0,21.4339,42.9,21.9144,34.8,4.8285,26.6,3.97935,42.1,-6.5403,51.9,-6.138,51.5,40.8,0,0,0,0,0,0,0,0,0.141824,60.9,-0.9546,66.6,0.000557,63.9,1.148,63.5,0.142336,62,0.142336,61.9,0,0,40.098303,40.098303,52.3833333333,12,False,40.8,True,0,nearest,normal_operation,none,True,,excluded,stationary_only_without_sailing_task
2024-04-25 15:38:56,4月25日08_00_4月25日18_00,0,0,0,0,24,0,23,0,3.67632,42.5,3.5328,34.4,7.5072,26.2,7.2312,41.7,0.42624,51.5,0.99345,51.2,46.6,0,0,0,0,0,0,0,0,12.2873,60.8,11.316,66.5,12.6084,63.7,12.254,63.2,9.5116,61.8,10.0646,61.7,9.1,47,91.40911,138.40911,52.1,12,False,55.7,True,0.4,nearest,normal_operation,none,True,train_parent_020_05,train,accepted_train
2024-04-25 15:39:26,4月25日08_00_4月25日18_00,0,0,0,0,24,0,23,0,9.7527,42.4,8.5956,34.4,8.6112,26.2,8.5956,41.7,9.5116,51.5,10.3411,51.2,47,0,0,0,0,0,0,0,0,21.2463,60.7,19.8189,66.4,16.2288,63.7,16.3464,63.2,21.285,61.7,22.55,61.7,10.5,47,172.8832,219.8832,52.0666666667,12,False,57.5,True,2.1,linear,normal_operation,none,True,train_parent_020_05,train,accepted_train
2024-04-25 15:39:56,4月25日08_00_4月25日18_00,0,0,0,0,24,0,24,0,10.12,42.4,10.725,34.4,11.99,26.1,10.835,41.6,10.4517,51.5,10.3411,51.1,46.4,0,0,0,0,0,0,0,0,6.7773,60.6,5.9616,66.4,1.2742,63.6,1.57356,63.1,-0.214564,61.6,-0.51245,61.6,11.3,48,79.322446,127.322446,52,12,False,57.7,True,3.94,linear,normal_operation,none,True,train_parent_020_05,train,accepted_train
2024-04-25 15:40:26,4月25日08_00_4月25日18_00,0,0,0,0,24,0,23,0,11.11,42.3,11.385,34.3,7.3283,26.1,7.2181,41.6,10.4328,51.4,10.0464,51.1,45.7,0,0,0,0,0,0,0,0,7.8793,60.5,7.0656,66.3,9.1798,63.6,9.5804,63.1,6.636,61.6,7.0784,61.5,10.9,47,104.9401,151.9401,51.95,12,False,56.6,True,3.1,linear,normal_operation,none,True,train_parent_020_05,train,accepted_train
2024-04-25 15:40:56,4月25日08_00_4月25日18_00,0,0,0,0,24,0,23,0,-0.828,42.3,-0.68448,34.3,-0.287007,26.1,-0.403137,41.6,2.98052,51.4,2.98052,51,47.7,0,0,0,0,0,0,0,0,9.0364,60.5,8.5956,66.3,11.613,63.5,11.5092,63,8.1844,61.6,8.1844,61.5,10.6,47,60.881416,107.881416,51.925,12,False,58.3,True,1.995,linear,normal_operation,none,True,train_parent_020_05,train,accepted_train
2024-04-25 15:41:26,4月25日08_00_4月25日18_00,0,0,0,0,24,0,23,0,0.85008,42.3,0.70656,34.3,-0.58618,26.1,-0.64701,41.6,0.85316,51.4,0.99166,51,46.9,0,0,0,0,0,0,0,0,16.8543,60.4,15.895,66.2,17.081,63.4,17.0385,62.9,21.67,61.5,22.22,61.4,10,47,112.92707,159.92707,51.875,12,False,56.9,True,1.89,linear,normal_operation,none,True,train_parent_020_05,train,accepted_train
2024-04-25 15:41:56,4月25日08_00_4月25日18_00,0,0,0,0,24,0,23,0,0.98808,42.3,1.1316,34.3,-0.81844,26.1,-0.73549,41.6,0.5661,51.4,0.7104,51,45.9,0,0,0,0,0,0,0,0,19.2348,60.3,17.8425,66.1,18.8993,63.3,17.728,62.8,17.325,61.4,17.6,61.3,9.5,47,110.47185,157.47185,51.825,12,False,55.4,True,2.1,linear,normal_operation,none,True,train_parent_020_05,train,accepted_train
2024-04-25 15:42:26,4月25日08_00_4月25日18_00,0,0,0,0,24,0,23,0,-0.539175,42.3,-0.503783,34.3,0.70784,26.1,0.56406,41.6,0.8547,51.4,0.7104,51,45.9,0,0,0,0,0,0,0,0,31.1766,60.2,30.3576,66,33.0992,63.2,30.6912,62.7,32.3277,61.3,32.2183,61.2,9.4,47,191.664642,238.664642,51.775,12,False,55.3,True,5.135,linear,normal_operation,none,True,train_parent_020_05,train,accepted_train
2024-04-25 15:42:56,4月25日08_00_4月25日18_00,0,0,0,0,24,0,24,0,-0.321846,42.3,-0.90692,34.3,1.55946,26.1,1.55946,41.6,0.14208,51.4,0.28416,51,46.7,0,0,0,0,0,0,0,0,44.2814,60,42.9513,65.8,45.424,62.9,45.0728,62.5,41.7792,61,42.4864,60.9,9.3,48,264.311494,312.311494,51.65,12,False,56,True,6.5,linear,normal_operation,none,True,train_parent_020_05,train,accepted_train
2024-04-25 15:43:26,4月25日08_00_4月25日18_00,0,0,0,0,24,0,24,0,1.55946,42.3,1.55946,34.3,0.56406,26.1,0.424704,41.6,-0.999,51.4,-0.89355,51,46,0,0,0,0,0,0,0,0,42.7096,59.7,40.8126,65.5,40.3648,62.7,40.1136,62.2,40.6164,60.8,41.268,60.7,10.9,48,248.100134,296.100134,51.525,12,False,56.9,True,7.5,linear,normal_operation,none,True,train_parent_020_05,train,accepted_train
2024-04-25 15:43:56,4月25日08_00_4月25日18_00,0,0,0,0,24,0,24,0,1.1316,42.3,1.2719,34.3,0.424704,26.1,0.283136,41.6,-0.61605,51.4,-0.440115,51,46.6,0,0,0,0,0,0,0,0,42.0592,59.5,40.5416,65.3,41.5072,62.5,41.2985,62,40.2906,60.6,41.4309,60.5,9.2,48,249.183175,297.183175,51.425,12,False,55.8,True,7.57619047619,linear,normal_operation,none,True,train_parent_020_05,train,accepted_train
2024-04-25 15:44:26,4月25日08_00_4月25日18_00,0,0,0,0,24,0,24,0,0.424704,42.3,0.424704,34.3,0.98987,26.1,0.98987,41.6,-0.550005,51.4,-0.243645,51,46.6,0,0,0,0,0,0,0,0,40.2164,59.3,38.3901,65.1,40.6912,62.3,40.3139,61.8,39.639,60.4,40.8879,60.3,10.9,48,242.173998,290.173998,51.325,12,False,57.5,True,7.7,linear,normal_operation,none,True,train_parent_020_05,train,accepted_train
2024-04-25 15:44:56,4月25日08_00_4月25日18_00,0,0,0,0,24,0,24,0,-0.346731,42.3,-0.463967,34.3,2.54933,26,2.40555,41.5,-0.73815,51.4,-0.72705,51,46.7,0,0,0,0,0,0,0,0,42.1676,59,40.5416,64.9,40.528,62.1,40.3139,61.6,42.1676,60.1,43.6572,60,10.6,48,252.054882,300.054882,51.1833333333,12,False,57.3,True,7.7,linear,normal_operation,none,True,train_parent_020_05,train,accepted_train
2024-04-25 15:45:26,4月25日08_00_4月25日18_00,0,0,0,0,24,0,24,0,0.85162,42.3,1.2719,34.3,0.000553,26,0.000553,41.5,-0.21201,51.4,0.000555,51,46.5,0,0,0,0,0,0,0,0,41.3546,58.8,39.566,64.7,40.8,61.8,41.025,61.4,39.2046,59.9,40.8879,59.8,12.2,48,244.751271,292.751271,51.075,12,False,58.7,True,7.7,linear,normal_operation,none,True,train_parent_020_05,train,accepted_train
2024-04-25 15:45:56,4月25日08_00_4月25日18_00,0,0,0,0,24,0,24,0,0.000553,42.3,0.141568,34.3,-1.37946,26,-1.20218,41.5,0.42624,51.4,0.5661,51,46.1,0,0,0,0,0,0,0,0,42.5226,58.6,41.6256,64.5,42.7884,61.6,41.4626,61.1,41.1594,59.7,42.2454,59.6,11.8,48,250.356821,298.356821,50.9666666667,12,False,57.9,True,7.7,linear,normal_operation,none,True,train_parent_020_05,train,accepted_train
2024-04-25 15:46:26,4月25日08_00_4月25日18_00,0,0,0,0,24,0,24,0,-1.0507,42.3,-1.03411,34.3,0.000554,26,-0.072443,41.5,0.28416,51.4,0.28416,51,47.2,0,0,0,0,0,0,0,0,42.0898,58.4,40.2164,64.2,41.9739,61.4,42.1737,60.9,41.1594,59.5,41.4309,59.4,11,48,247.455721,295.455721,50.8583333333,12,False,58.2,True,7.735,linear,normal_operation,none,True,train_parent_020_05,train,accepted_train
2024-04-25 15:46:56,4月25日08_00_4月25日18_00,0,0,0,0,24,0,24,0,-1.7143,42.3,-1.76407,34.3,0.85162,26,0.85162,41.5,0.14208,51.4,0.14208,51,49.6,0,0,0,0,0,0,0,0,41.8193,58.1,40.379,64,39.8208,61.2,38.2353,60.7,40.0191,59.2,41.9739,59.1,10.5,48,240.75643,288.75643,50.7333333333,12,False,60.1,True,7.8,linear,normal_operation,none,True,train_parent_020_05,train,accepted_train
2024-04-25 15:47:26,4月25日08_00_4月25日18_00,0,0,0,0,24,0,24,0,0.424704,42.3,0.283136,34.3,-0.368964,26,-0.539728,41.5,-0.6327,51.4,-0.6882,51,48.9,0,0,0,0,0,0,0,0,40.2164,57.9,38.4278,63.8,41.8653,60.9,40.9156,60.5,39.3132,59,41.1594,58.9,11.7,48,240.375948,288.375948,50.625,12,False,60.6,True,7.8,linear,normal_operation,none,True,train_parent_020_05,train,accepted_train
2024-04-25 15:47:56,4月25日08_00_4月25日18_00,0,0,0,0,24,0,24,0,0.141568,42.3,0.000553,34.3,-0.8587,26,-0.89748,41.5,-1.17105,51.4,-1.09335,51,48.5,0,0,0,0,0,0,0,0,42.7931,57.7,40.5416,63.6,42.5169,60.7,41.8455,60.3,40.182,58.8,41.1594,58.7,11.8,48,245.160041,293.160041,50.525,12,False,60.3,True,7.8,linear,normal_operation,none,True,train_parent_020_05,train,accepted_train
2024-04-25 15:48:26,4月25日08_00_4月25日18_00,0,0,0,0,24,0,24,0,4.38288,42.3,4.38288,34.3,5.09866,26,4.8111,41.5,2.8416,51.4,2.9859,51,48.6,0,0,0,0,0,0,0,0,32.0913,57.5,30.3552,63.4,26.6994,60.5,26.6814,60.1,28.994,58.6,29.43,58.5,10.1,48,198.75432,246.75432,50.425,12,False,58.7,True,7.76666666667,linear,normal_operation,none,True,train_parent_020_05,train,accepted_train
2024-04-25 15:48:56,4月25日08_00_4月25日18_00,0,0,0,0,24,0,24,0,2.4012,42.3,2.54472,34.3,4.94592,26,4.6644,41.5,3.5456,51.4,3.68964,51,50.8,0,0,0,0,0,0,0,0,28.288,57.3,26.487,63.2,29.757,60.4,29.321,59.9,27.468,58.4,28.1765,58.3,11.6,48,191.28898,239.28898,50.3333333333,12,False,62.4,True,7.7,linear,normal_operation,none,True,train_parent_020_05,train,accepted_train
2024-04-25 15:49:26,4月25日08_00_4月25日18_00,0,0,0,0,24,0,24,0,4.09584,42.3,3.95784,34.3,1.69771,26,1.69771,41.5,3.68964,51.4,3.68964,51,47.9,0,0,0,0,0,0,0,0,27.8528,57.2,26.378,63.1,29.484,60.2,28.938,59.8,28.34,58.3,28.7215,58.2,11.8,48,188.54268,236.54268,50.275,12,False,59.7,True,7.9,linear,normal_operation,none,True,train_parent_020_05,train,accepted_train
2024-04-25 15:49:56,4月25日08_00_4月25日18_00,0,0,0,0,24,0,24,0,1.69464,42.3,1.83816,34.2,5.08944,26,4.6644,41.5,2.98052,51.3,3.11902,51,47.6,0,0,0,0,0,0,0,0,27.904,57,26.814,62.9,28.119,60.1,27.6696,59.6,28.1765,58.1,28.1765,58,11.7,48,186.24578,234.24578,50.1666666667,12,False,59.3,True,7.9,linear,normal_operation,none,True,train_parent_020_05,train,accepted_train
2024-04-25 15:50:26,4月25日08_00_4月25日18_00,0,0,0,0,24,0,24,0,1.83816,42.3,1.83816,34.2,4.6644,26,4.38288,41.5,4.11068,51.3,4.11068,51,48.5,0,0,0,0,0,0,0,0,29.648,56.8,28.0675,62.8,28.119,59.9,27.2953,59.5,28.7215,58,29.5935,57.8,11.9,48,192.38976,240.38976,50.0916666667,12,False,60.4,True,7.93333333333,linear,normal_operation,none,True,train_parent_020_05,train,accepted_train
2024-04-25 15:50:56,4月25日08_00_4月25日18_00,0,0,0,0,24,0,24,0,3.38928,42.2,3.25128,34.2,4.09584,25.9,3.67632,41.4,2.69244,51.3,2.83648,50.9,46.1,0,0,0,0,0,0,0,0,29.376,56.7,27.468,62.6,28.5012,59.8,28.1705,59.3,27.904,57.8,28.994,57.7,12.2,48,190.35534,238.35534,49.9833333333,12,False,58.3,True,8,linear,normal_operation,none,True,train_parent_020_05,train,accepted_train
2024-04-25 15:51:26,4月25日08_00_4月25日18_00,0,0,0,0,24,0,24,0,2.96976,42.2,3.10776,34.2,0.85162,25.9,0.98987,41.4,3.11902,51.3,2.98052,50.9,41.6,0,0,0,0,0,0,0,0,28.9408,56.5,27.359,62.5,27.4092,59.6,26.7483,59.2,26.923,57.7,27.7914,57.5,10.3,48,179.19025,227.19025,49.9083333333,12,False,51.9,True,8,linear,normal_operation,none,True,train_parent_020_05,train,accepted_train
2024-04-25 15:51:56,4月25日08_00_4月25日18_00,0,0,0,0,24,0,24,0,2.68272,42.2,2.82624,34.2,1.55946,25.9,1.55946,41.4,2.55394,51.3,2.55394,50.9,40.9,0,0,0,0,0,0,0,0,28.832,56.4,27.1955,62.3,27.7914,59.5,27.2953,59,27.1955,57.5,28.0675,57.4,9.8,48,180.11296,228.11296,49.8333333333,12,False,50.7,True,8,linear,normal_operation,none,True,train_parent_020_05,train,accepted_train
2024-04-25 15:52:27,4月25日08_00_4月25日18_00,0,0,0,0,24,0,24,0,2.4012,42.2,2.4012,34.2,1.2719,25.9,1.13365,41.4,3.26306,51.3,3.40156,50.9,41.8,0,0,0,0,0,0,0,0,29.648,56.2,28.6125,62.2,27.4092,59.3,27.2953,58.9,27.0865,57.4,28.1765,57.2,9.8,48,182.10057,230.10057,49.7583333333,12,False,51.6,True,8,linear,normal_operation,none,True,train_parent_020_05,train,accepted_train
2024-04-25 15:52:56,4月25日08_00_4月25日18_00,0,0,0,0,24,0,24,0,1.97616,42.2,1.83816,34.2,0.70784,25.9,0.85162,41.4,1.41824,51.3,1.56228,50.9,41.8,0,0,0,0,0,0,0,0,28.6688,56.1,27.359,62,26.4264,59.2,25.8804,58.7,27.0865,57.2,27.6822,57.1,11,48,171.4576,219.4576,49.6833333333,12,False,52.8,True,7.36,linear,normal_operation,none,True,train_parent_020_05,train,accepted_train
2024-04-25 15:53:26,4月25日08_00_4月25日18_00,0,0,0,0,24,0,24,0,1.41312,42.2,1.55664,34.2,2.97514,25.9,2.96976,41.4,0.70912,51.2,0.99166,50.9,40.4,0,0,0,0,0,0,0,0,29.92,55.9,28.34,61.9,29.0472,59,28.665,58.6,26.6994,57.1,27.5184,56.9,10.8,48,180.80544,228.80544,49.6,12,False,51.2,True,6.7,linear,normal_operation,none,True,train_parent_020_05,train,accepted_train
2024-04-25 15:53:57,4月25日08_00_4月25日18_00,0,0,0,0,24,0,24,0,2.82624,42.2,2.82624,34.1,3.38928,25.9,3.10776,41.4,0.42624,51.2,0.5661,50.9,41.1,0,0,0,0,0,0,0,0,28.9408,55.7,27.7405,61.7,29.9208,58.9,29.4286,58.4,26.2626,57,27.2454,56.8,10.7,48,182.68056,230.68056,49.5166666667,12,False,51.8,True,6.62,linear,normal_operation,none,True,train_parent_020_05,train,accepted_train
2024-04-25 15:54:26,4月25日08_00_4月25日18_00,0,0,0,0,24,0,24,0,-0.83904,42.2,-0.98434,34.1,-3.95556,25.9,-3.61208,41.4,-0.31524,51.2,-0.143745,50.9,40.9,0,0,0,0,0,0,0,0,29.5392,55.6,28.1765,61.6,29.211,58.7,29.1536,58.3,27.468,56.8,27.9552,56.6,9.6,48,161.653495,209.653495,49.4416666667,12,False,50.5,True,6.57,linear,normal_operation,none,True,train_parent_020_05,train,accepted_train
2024-04-25 15:54:56,4月25日08_00_4月25日18_00,0,0,0,0,24,0,24,0,-3.18528,42.2,-3.19634,34.1,-0.035392,25.9,-0.234472,41.4,-0.84915,51.2,-0.79365,50.9,40.8,0,0,0,0,0,0,0,0,31.3344,55.4,29.8112,61.4,29.484,58.5,29.044,58.1,29.43,56.7,29.975,56.5,13.2,48,170.784316,218.784316,49.3583333333,12,False,54,True,6.27142857143,linear,normal_operation,none,True,train_parent_020_05,train,accepted_train
2024-04-25 15:55:26,4月25日08_00_4月25日18_00,0,0,0,0,24,0,24,0,-1.36591,42.2,-1.37697,34.2,-0.90692,25.9,-0.89033,41.4,-1.332,51.2,-1.2321,50.9,40.5,0,0,0,0,0,0,0,0,31.3344,55.2,29.648,61.3,29.3748,58.4,28.77,58,30.1385,56.5,31.2285,56.3,11.1,48,173.38997,221.38997,49.2916666667,12,False,51.6,True,6.27,linear,normal_operation,none,True,train_parent_020_05,train,accepted_train
2024-04-25 15:55:56,4月25日08_00_4月25日18_00,0,0,0,0,24,0,24,0,-0.92351,42.2,-1.03964,34.2,0.283136,25.9,0.283136,41.4,-1.0101,51.3,-0.9435,50.9,40.9,0,0,0,0,0,0,0,0,32.3136,55.1,30.5184,61.1,33.354,58.2,33.2636,57.8,29.7025,56.3,30.847,56.1,11.1,48,186.648622,234.648622,49.2083333333,12,False,52,True,6.4,linear,normal_operation,none,True,train_parent_020_05,train,accepted_train
2024-04-25 15:56:26,4月25日08_00_4月25日18_00,0,0,0,0,24,0,24,0,-1.48757,42.2,-1.27743,34.2,-0.267652,25.9,-0.306362,41.4,-0.23532,51.3,-0.50061,50.9,41.1,0,0,0,0,0,0,0,0,30.5184,54.9,28.885,61,28.665,58,28.1088,57.6,27.6315,56.2,29.1575,56,10.5,48,168.891256,216.891256,49.1333333333,12,False,51.6,True,6.19,linear,normal_operation,none,True,train_parent_020_05,train,accepted_train
2024-04-25 15:56:56,4月25日08_00_4月25日18_00,0,0,0,0,24,0,24,0,1.2696,42.2,1.41568,34.2,-2.18276,25.9,-2.23262,41.4,-1.25985,51.3,-1.24875,50.9,40.2,0,0,0,0,0,0,0,0,30.7904,54.7,29.376,60.8,30.3576,57.9,29.592,57.5,27.6315,56,28.7215,55.8,9.7,48,172.2303,220.2303,49.05,12,False,49.9,True,5.7,linear,normal_operation,none,True,train_parent_020_05,train,accepted_train
2024-04-25 15:57:26,4月25日08_00_4月25日18_00,0,0,0,0,24,0,24,0,-1.87467,42.2,-2.00739,34.2,1.69771,25.9,1.55946,41.4,-1.71804,51.3,-1.6539,50.9,40.1,0,0,0,0,0,0,0,0,31.1712,54.6,29.376,60.6,31.392,57.7,31.0168,57.3,28.449,55.9,29.1575,55.7,10.8,48,176.56567,224.56567,48.975,12,False,50.9,True,5.435,linear,normal_operation,none,True,train_parent_020_05,train,accepted_train
2024-04-25 15:57:56,4月25日08_00_4月25日18_00,0,0,0,0,24,0,24,0,1.41568,42.2,1.41568,34.2,-2.6592,25.9,-2.77,41.4,-0.5328,51.3,-0.66045,50.9,41,0,0,0,0,0,0,0,0,30.7904,54.4,29.376,60.5,30.302,57.5,29.1536,57.1,30.1385,55.7,30.411,55.5,8.6,48,176.38041,224.38041,48.8833333333,12,False,49.6,True,5.5,linear,normal_operation,none,True,train_parent_020_05,train,accepted_train
2024-04-25 15:58:26,4月25日08_00_4月25日18_00,0,0,0,0,24,0,24,0,-0.85162,42.2,-0.90692,34.2,-0.23545,25.9,-0.278108,41.4,-1.0101,51.3,-0.7548,50.9,40.2,0,0,0,0,0,0,0,0,31.6064,54.2,29.92,60.3,31.6645,57.4,30.3044,57,30.8992,55.5,31.8784,55.3,10.2,48,182.235902,230.235902,48.8,12,False,50.4,True,5.52857142857,linear,normal_operation,none,True,train_parent_020_05,train,accepted_train
2024-04-25 15:58:56,4月25日08_00_4月25日18_00,0,0,0,0,24,0,24,0,-2.8203,42.2,-2.9362,34.2,1.13365,25.9,0.70784,41.4,-0.26862,51.3,-0.23088,50.9,40.4,0,0,0,0,0,0,0,0,30.6272,54.1,29.2672,60.2,31.392,57.2,31.0168,56.8,29.321,55.4,30.1385,55.1,10.3,48,177.34819,225.34819,48.725,12,False,50.7,True,5.6,linear,normal_operation,none,True,train_parent_020_05,train,accepted_train
2024-04-25 15:59:26,4月25日08_00_4月25日18_00,0,0,0,0,34,0,34,0,-3.82814,42.2,-3.9888,34.2,-5.0838,25.9,-4.6813,41.4,-2.09612,51.3,-1.9182,50.9,41.5,0,0,0,0,0,0,0,0,30.8992,53.9,29.2672,60,30.302,57,29.318,56.6,29.7025,55.2,30.1385,55,10.5,68,158.03104,226.03104,48.6333333333,12,False,52,True,5.7,linear,normal_operation,none,True,train_parent_020_05,train,accepted_train
2024-04-25 15:59:56,4月25日08_00_4月25日18_00,0,0,0,0,34,0,34,0,-3.1578,42.2,-3.20212,34.2,-4.6953,26,-4.40115,41.5,-2.87452,51.3,-2.76332,50.9,41.2,0,0,0,0,0,0,0,0,30.2464,53.7,28.288,59.8,28.119,56.9,27.1206,56.5,28.34,55,29.5935,54.8,10.2,68,150.61329,218.61329,48.5666666667,12,False,51.4,True,5.62,linear,normal_operation,none,True,train_parent_020_05,train,accepted_train
2024-04-25 16:00:26,4月25日08_00_4月25日18_00,0,0,0,0,41,0,34,0,-4.35444,42.3,-4.37106,34.2,-5.4723,26,-5.37795,41.5,-4.57588,51.3,-4.4758,50.9,40.5,0,0,0,0,0,0,0,0,29.8112,53.5,28.3968,59.7,29.6478,56.7,29.1536,56.3,28.0675,54.9,28.1765,54.6,8.8,75,144.62597,219.62597,48.4916666667,12,False,49.3,True,5.2,linear,normal_operation,none,True,train_parent_020_05,train,accepted_train
2024-04-25 16:00:56,4月25日08_00_4月25日18_00,0,0,0,0,44,0,42,0,-5.5389,42.3,-5.55,34.3,-7.2836,26,-6.95,41.5,-5.7928,51.4,-5.8485,51,40,0,0,0,0,0,0,0,0,29.2672,53.4,27.7405,59.5,31.828,56.5,31.1264,56.1,28.885,54.7,29.975,54.5,8.9,86,141.8583,227.8583,48.4333333333,12,False,48.9,True,5.05,linear,normal_operation,none,True,train_parent_020_05,train,accepted_train
2024-04-25 16:01:26,4月25日08_00_4月25日18_00,0,0,0,0,44,0,43,0,-6.993,42.3,-6.993,34.3,-5.54445,26.1,-5.43345,41.6,-6.4612,51.4,-6.5169,51,40.5,0,0,0,0,0,0,0,0,29.5392,53.2,28.288,59.4,30.6835,56.4,30.14,56,29.321,54.6,30.411,54.3,9,87,140.4407,227.4407,48.3833333333,12,False,49.5,True,5,linear,normal_operation,none,True,train_parent_020_05,train,accepted_train
2024-04-25 16:01:56,4月25日08_00_4月25日18_00,0,0,0,0,44,0,44,0,-7.881,42.4,-7.6035,34.3,-5.7165,26.1,-5.44455,41.6,-5.9599,51.4,-5.9599,51,41.3,0,0,0,0,0,0,0,0,31.9827,53,30.6272,59.2,30.5745,56.2,29.7564,55.8,31.4976,54.4,32.7488,54.1,11.4,88,148.62185,236.62185,48.2916666667,12,False,52.7,True,5,linear,normal_operation,none,True,train_parent_020_05,train,accepted_train
2024-04-25 16:02:26,4月25日08_00_4月25日18_00,0,0,0,0,54,0,44,0,-7.3815,42.4,-6.882,34.4,-8.1732,26.1,-8.062,41.6,-8.0352,51.5,-7.9236,51.1,41.1,0,0,0,0,0,0,0,0,31.7112,52.9,29.2672,59,29.0472,56,28.8796,55.7,28.449,54.2,30.1385,54,10,98,131.0352,229.0352,48.2416666667,12,False,51.1,True,5.025,linear,normal_operation,none,True,train_parent_020_05,train,accepted_train
2024-04-25 16:02:56,4月25日08_00_4月25日18_00,0,0,0,0,54,0,54,0,-9.1184,42.4,-8.896,34.4,-8.9516,26.2,-8.5624,41.7,-8.8164,51.5,-8.8164,51.1,40.1,0,0,0,0,0,0,0,0,31.2768,52.7,29.92,58.9,30.5745,55.9,30.5784,55.5,29.7025,54.1,31.1195,53.8,10.8,108,130.0105,238.0105,48.1833333333,12,False,50.9,True,5.025,linear,normal_operation,none,True,train_parent_020_05,train,accepted_train
2024-04-25 16:03:26,4月25日08_00_4月25日18_00,0,0,0,0,55,0,54,0,-6.8944,42.5,-6.8944,34.5,-11.4185,26.2,-10.9172,41.7,-9.7825,51.6,-9.5418,51.2,41.1,0,0,0,0,0,0,0,0,31.1139,52.5,29.104,58.7,31.937,55.7,31.8388,55.3,30.3552,53.9,31.6064,53.6,10.4,109,130.5065,239.5065,48.1166666667,12,False,51.5,True,5.03,linear,normal_operation,none,True,train_parent_020_05,train,accepted_train
2024-04-25 16:03:56,4月25日08_00_4月25日18_00,0,0,0,0,56,0,55,0,-8.896,42.5,-9.0072,34.5,-10.0817,26.3,-9.5247,41.8,-9.5589,51.6,-9.6148,51.2,40.4,0,0,0,0,0,0,0,0,30.5184,52.4,28.832,58.5,30.847,55.5,30.4688,55.2,28.6125,53.7,29.321,53.5,8.7,111,121.9164,232.9164,48.0583333333,12,False,49.1,True,5.1,linear,normal_operation,none,True,train_parent_020_05,train,accepted_train
2024-04-25 16:04:26,4月25日08_00_4月25日18_00,0,0,0,0,56,0,56,0,-11.9755,42.6,-12.4768,34.6,-7.6866,26.3,-7.241,41.8,-9.0558,51.6,-9.2235,51.3,40.4,0,0,0,0,0,0,0,0,30.7904,52.2,28.9408,58.4,31.2285,55.3,30.8524,55,29.7025,53.6,30.956,53.3,10.4,112,124.8114,236.8114,48,12,False,50.8,True,5.125,linear,normal_operation,none,True,train_parent_020_05,train,accepted_train
2024-04-25 16:04:56,4月25日08_00_4月25日18_00,0,0,0,0,56,0,56,0,-9.1905,42.6,-9.6361,34.6,-10.3045,26.4,-10.026,41.9,-10.0061,51.7,-9.6707,51.3,41.3,0,0,0,0,0,0,0,0,31.1139,52,29.376,58.2,28.6125,55.2,27.9441,54.8,30.5184,53.4,30.411,53.1,10.3,112,119.142,231.142,47.9333333333,12,False,51.6,True,5.2,linear,normal_operation,none,True,train_parent_020_05,train,accepted_train
2024-04-25 16:05:26,4月25日08_00_4月25日18_00,0,0,0,0,57,0,57,0,-8.5221,42.7,-8.6892,34.7,-11.3274,26.4,-10.8615,41.9,-9.8943,51.8,-10.2856,51.4,40.8,0,0,0,0,0,0,0,0,30.8424,51.8,29.5392,58.1,31.1195,55,29.866,54.7,30.6272,53.2,31.6064,53,10.4,114,124.0206,238.0206,47.8916666667,12,False,51.2,True,5.07,linear,normal_operation,none,True,train_parent_020_05,train,accepted_train
2024-04-25 16:05:56,4月25日08_00_4月25日18_00,0,0,0,0,56,0,57,0,-9.9146,42.7,-10.026,34.7,-10.3045,26.5,-9.6918,42,-9.7825,51.8,-9.5589,51.4,40.2,0,0,0,0,0,0,0,0,31.2768,51.7,29.376,57.9,32.6455,54.8,32.3868,54.5,30.3552,53.1,31.6064,52.8,9.2,113,128.3684,241.3684,47.825,12,False,49.4,True,5,linear,normal_operation,none,True,train_parent_020_05,train,accepted_train
2024-04-25 16:06:26,4月25日08_00_4月25日18_00,0,0,0,0,56,0,57,0,-10.583,42.8,-10.8058,34.8,-10.026,26.5,-9.6361,42,-9.4471,51.9,-8.9999,51.5,41,0,0,0,0,0,0,0,0,30.8424,51.5,29.8112,57.7,31.2285,54.7,30.7428,54.3,30.6272,52.9,31.8784,52.6,9.1,113,125.6326,238.6326,47.7666666667,12,False,50.1,True,5.025,linear,normal_operation,none,True,train_parent_020_05,train,accepted_train
2024-04-25 16:06:56,4月25日08_00_4月25日18_00,0,0,0,0,57,0,57,0,-10.3602,42.9,-10.3602,34.8,-9.5804,26.6,-9.4133,42.1,-9.9502,51.9,-9.5589,51.5,40.1,0,0,0,0,0,0,0,0,31.4397,51.3,29.376,57.6,30.411,54.5,30.14,54.2,29.92,52.7,30.5184,52.4,10.4,114,122.5819,236.5819,47.7083333333,12,False,50.5,True,5.1,linear,normal_operation,none,True,train_parent_020_05,train,accepted_train
2024-04-25 16:07:27,4月25日08_00_4月25日18_00,0,0,0,0,57,0,57,0,-9.6361,42.9,-9.3019,34.9,-9.6361,26.7,-9.4133,42.1,-9.8943,52,-9.6707,51.6,42.8,0,0,0,0,0,0,0,0,30.8424,51.2,29.2672,57.4,29.866,54.3,29.1536,54,28.885,52.6,29.866,52.3,9.6,114,120.3278,234.3278,47.6666666667,12,False,52.4,True,5.2,linear,normal_operation,none,True,train_parent_020_05,train,accepted_train
2024-04-25 16:07:57,4月25日08_00_4月25日18_00,0,0,0,0,57,0,57,0,-9.469,43,-9.6918,34.9,-8.8563,26.7,-8.8006,42.2,-10.2297,52,-10.2297,51.6,43.5,0,0,0,0,0,0,0,0,32.5257,51,31.0624,57.2,31.828,54.2,31.5648,53.8,31.4976,52.4,31.4976,52.1,10.7,114,132.699,246.699,47.5916666667,12,False,54.2,True,5.2,linear,normal_operation,none,True,train_parent_020_05,train,accepted_train
2024-04-25 16:08:27,4月25日08_00_4月25日18_00,0,0,0,0,57,0,58,0,-10.4716,43,-10.1374,35,-9.0234,26.7,-8.8563,42.2,-9.7825,52.1,-9.7266,51.7,43.4,0,0,0,0,0,0,0,0,31.2768,50.8,29.92,57.1,29.321,54,28.3833,53.7,29.92,52.3,30.6272,51.9,8.8,115,121.4505,236.4505,47.5416666667,12,False,52.2,True,5.2,linear,normal_operation,none,True,train_parent_020_05,train,accepted_train
2024-04-25 16:08:56,4月25日08_00_4月25日18_00,0,0,0,0,57,0,58,0,-9.8589,43.1,-9.8032,35,-9.3576,26.8,-9.1348,42.3,-9.8943,52.1,-9.6707,51.7,43,0,0,0,0,0,0,0,0,32.0913,50.6,30.5184,56.9,31.2285,53.8,31.2908,53.5,31.8784,52.1,33.4016,51.8,10.2,115,132.6895,247.6895,47.475,12,False,53.2,True,5.27894736842,linear,normal_operation,none,True,train_parent_020_05,train,accepted_train
2024-04-25 16:09:27,4月25日08_00_4月25日18_00,0,0,0,0,57,0,57,0,-10.583,43.1,-10.8252,35.1,-10.1556,26.8,-9.5976,42.3,-10.024,52.2,-9.8384,51.8,41.7,0,0,0,0,0,0,0,0,5.5998,50.6,4.49631,56.9,1.12955,53.8,0.85316,53.5,4.367,52,4.5045,51.7,10.3,114,-40.07348,73.92652,47.4833333333,12,False,52,True,3.9,linear,normal_operation,none,True,train_parent_020_05,train,accepted_train
2024-04-25 16:09:56,4月25日08_00_4月25日18_00,0,0,0,0,57,0,58,0,-9.6918,43.2,-9.7475,35.1,-7.9094,26.9,-7.4081,42.4,-9.6707,52.2,-9.7266,51.8,40.3,0,0,0,0,0,0,0,0,0.847,50.6,0.141056,56.8,5.7855,53.8,5.39042,53.5,2.2591,52,2.67786,51.7,8.7,115,-37.053164,77.946836,47.5,12,False,49,True,2.4,linear,normal_operation,none,True,train_parent_020_05,train,accepted_train
2024-04-25 16:10:26,4月25日08_00_4月25日18_00,0,0,0,0,57,0,57,0,-9.469,43.2,-9.5804,35.2,-8.7449,26.9,-8.355,42.4,-10.864,52.3,-10.696,51.9,40.6,0,0,0,0,0,0,0,0,6.05,50.5,5.071,56.8,5.21797,53.7,4.8198,53.4,4.928,52,5.2085,51.7,10.2,114,-26.41403,87.58597,47.5,12,False,50.8,True,1.9,linear,normal_operation,none,True,train_parent_020_05,train,accepted_train
2024-04-25 16:10:56,4月25日08_00_4月25日18_00,0,0,0,0,57,0,57,0,-6.684,43.3,-6.7397,35.2,-11.8296,27,-11.3274,42.5,-11.368,52.3,-11.48,51.9,41.4,0,0,0,0,0,0,0,0,11.529,50.5,10.1016,56.8,10.395,53.7,10.3598,53.4,12.9564,51.9,13.3407,51.6,10.4,114,9.2538,123.2538,47.5083333333,12,False,51.8,True,2.05555555556,linear,normal_operation,none,True,train_parent_020_05,train,accepted_train
2024-04-25 16:11:27,4月25日08_00_4月25日18_00,0,0,0,0,57,0,57,0,-11.1042,43.3,-11.3274,35.3,-8.2584,27.1,-7.798,42.5,-10.976,52.4,-10.864,52,40.4,0,0,0,0,0,0,0,0,22.386,50.4,21.2783,56.7,26.7483,53.6,26.345,53.3,25.0068,51.8,25.1706,51.5,9.1,114,86.607,200.607,47.4916666667,12,False,49.5,True,2.93333333333,linear,normal_operation,none,True,train_parent_020_05,train,accepted_train
2024-04-25 16:11:56,4月25日08_00_4月25日18_00,0,0,0,0,57,0,58,0,-9.469,43.4,-9.3576,35.3,-10.5462,27.1,-10.0998,42.6,-10.136,52.5,-10.136,52.1,40.3,0,0,0,0,0,0,0,0,23.871,50.2,22.4952,56.6,25.8804,53.4,25.355,53.1,21.9492,51.7,22.2222,51.4,9,115,82.0284,197.0284,47.45,12,False,49.3,True,6.325,linear,normal_operation,none,True,train_parent_020_05,train,accepted_train
2024-04-25 16:12:27,4月25日08_00_4月25日18_00,0,0,0,0,57,0,58,0,-8.5221,43.4,-8.9677,35.4,-11.3274,27.2,-10.9926,42.6,-10.64,52.5,-10.36,52.1,41,0,0,0,0,0,0,0,0,25.833,50.1,23.3688,56.4,20.2937,53.3,20.3319,53,25.2798,51.6,26.5356,51.2,10.2,115,80.833,195.833,47.4,12,False,51.2,True,7.24285714286,linear,normal_operation,none,True,train_parent_020_05,train,accepted_train
2024-04-25 16:12:57,4月25日08_00_4月25日18_00,0,0,0,0,57,0,58,0,-10.4904,43.5,-10.5462,35.4,-9.8208,27.2,-9.3186,42.7,-10.248,52.6,-10.304,52.2,40.7,0,0,0,0,0,0,0,0,23.1625,50,21.4032,56.3,25.9896,53.2,25.19,52.9,20.9664,51.4,22.0584,51.1,11.7,115,78.0421,193.0421,47.375,12,False,52.4,True,8.055,linear,normal_operation,none,True,train_parent_020_05,train,accepted_train
2024-04-25 16:13:27,4月25日08_00_4月25日18_00,0,0,0,0,57,0,58,0,-11.2158,43.5,-10.9926,35.5,-9.0396,27.3,-8.8164,42.7,-10.304,52.6,-10.192,52.2,40.4,0,0,0,0,0,0,0,0,22.999,49.9,21.4032,56.2,19.9108,53.1,19.4503,52.8,22.4952,51.3,24.024,51,9.1,115,69.7221,184.7221,47.3416666667,12,False,49.5,True,8.1,linear,normal_operation,none,True,train_parent_020_05,train,accepted_train
2024-04-25 16:13:57,4月25日08_00_4月25日18_00,0,0,0,0,57,0,58,0,-9.765,43.6,-9.765,35.6,-10.9926,27.3,-10.4904,42.8,-9.408,52.7,-9.408,52.3,41.3,0,0,0,0,0,0,0,0,22.7265,49.7,21.5124,56.1,23.521,52.9,23.1,52.6,23.205,51.2,22.7682,50.8,8.9,115,77.0041,192.0041,47.3,12,False,50.2,True,8.1,linear,normal_operation,none,True,train_parent_020_05,train,accepted_train
2024-04-25 16:14:27,4月25日08_00_4月25日18_00,0,0,0,0,57,0,58,0,-10.0998,43.6,-9.3744,35.6,-10.9926,27.4,-10.881,42.8,-9.352,52.7,-9.744,52.3,40.9,0,0,0,0,0,0,0,0,21.909,49.6,20.6934,56,23.521,52.8,22.935,52.5,20.2937,51.1,20.4578,50.7,8.8,115,69.3661,184.3661,47.2583333333,12,False,49.7,True,8.3,linear,normal_operation,none,True,train_parent_020_05,train,accepted_train
2024-04-25 16:14:57,4月25日08_00_4月25日18_00,0,0,0,0,57,0,58,0,-9.2462,43.7,-9.4302,35.7,-11.5506,27.4,-10.9926,42.9,-9.8,52.8,-9.352,52.4,40.3,0,0,0,0,0,0,0,0,21.7455,49.5,20.5296,55.8,24.3415,52.7,23.54,52.4,21.4032,51,21.9492,50.6,9,115,73.1374,188.1374,47.2416666667,12,False,49.3,True,8.3,linear,normal_operation,none,True,train_parent_020_05,train,accepted_train
2024-04-25 16:15:27,4月25日08_00_4月25日18_00,0,0,0,0,57,0,58,0,-9.207,43.7,-9.3744,35.7,-10.4346,27.5,-9.9324,42.9,-10.808,52.8,-10.864,52.4,41.1,0,0,0,0,0,0,0,0,22.018,49.4,20.8026,55.7,21.4424,52.6,21.12,52.3,22.932,50.8,23.478,50.5,10.2,115,71.1726,186.1726,47.1916666667,12,False,51.3,True,8.3,linear,normal_operation,none,True,train_parent_020_05,train,accepted_train
2024-04-25 16:15:57,4月25日08_00_4月25日18_00,0,0,0,0,57,0,58,0,-9.2462,43.8,-9.2462,35.7,-9.9324,27.6,-9.765,43,-10.864,52.9,-10.864,52.5,40.3,0,0,0,0,0,0,0,0,23.326,49.2,21.9492,55.6,22.8099,52.5,21.67,52.2,22.659,50.7,22.7682,50.4,9.5,115,75.2645,190.2645,47.175,12,False,49.8,True,8.3,linear,normal_operation,none,True,train_parent_020_05,train,accepted_train
2024-04-25 16:16:27,4月25日08_00_4月25日18_00,0,0,0,0,57,0,58,0,-10.9926,43.8,-11.0484,35.8,-8.8164,27.6,-8.4816,43,-10.696,52.9,-10.584,52.5,40.5,0,0,0,0,0,0,0,0,22.454,49.1,21.1302,55.5,22.427,52.3,22.22,52,20.2566,50.6,20.9664,50.2,9.1,115,68.8352,183.8352,47.1083333333,12,False,49.6,True,8.4,linear,normal_operation,none,True,train_parent_020_05,train,accepted_train
2024-04-25 16:16:57,4月25日08_00_4月25日18_00,0,0,0,0,57,0,58,0,-8.4664,43.9,-8.0208,35.9,-12.7452,27.7,-12.0744,43.1,-9.856,53,-9.464,52.6,41.8,0,0,0,0,0,0,0,0,23.1625,49,21.7854,55.4,21.2783,52.2,20.845,51.9,22.2222,50.5,23.9148,50.1,10.5,115,72.5814,187.5814,47.1083333333,12,False,52.3,True,8.4,linear,normal_operation,none,True,train_parent_020_05,train,accepted_train
2024-04-25 16:17:27,4月25日08_00_4月25日18_00,0,0,0,0,57,0,58,0,-11.0484,43.9,-11.4948,35.9,-7.8678,27.7,-7.7562,43.1,-11.256,53,-11.2,52.6,41.2,0,0,0,0,0,0,0,0,21.473,48.9,20.5296,55.3,22.0988,52.1,21.835,51.8,22.2222,50.4,22.932,50,8.8,115,70.4674,185.4674,47.0583333333,12,False,50,True,8.3,linear,normal_operation,none,True,train_parent_020_05,train,accepted_train
2024-04-25 16:17:57,4月25日08_00_4月25日18_00,0,0,0,0,57,0,58,0,-8.8722,44,-8.5932,36,-11.16,27.8,-11.0484,43.2,-10.696,53.1,-10.416,52.7,40.5,0,0,0,0,0,0,0,0,22.018,48.7,20.5296,55.1,22.2629,52,21.835,51.7,21.9492,50.2,22.0584,49.9,8.8,115,69.8673,184.8673,47.0333333333,12,False,49.3,True,8.3,linear,normal_operation,none,True,train_parent_020_05,train,accepted_train
2024-04-25 16:18:27,4月25日08_00_4月25日18_00,0,0,0,0,57,0,58,0,-9.5418,44,-9.486,36,-10.9368,27.8,-10.4904,43.3,-10.36,53.2,-9.744,52.8,40.8,0,0,0,0,0,0,0,0,21.909,48.6,20.5296,55,22.0988,51.9,21.835,51.6,21.5124,50.1,22.4952,49.7,10.7,115,69.821,184.821,47,12,False,51.5,True,8.3,linear,normal_operation,none,True,train_parent_020_05,train,accepted_train
2024-04-25 16:18:57,4月25日08_00_4月25日18_00,0,0,0,0,57,0,58,0,-10.602,44.1,-10.323,36.1,-10.2672,27.9,-9.8766,43.3,-9.912,53.2,-9.688,52.8,40.8,0,0,0,0,0,0,0,0,22.345,48.5,21.4032,54.9,22.7005,51.7,22.66,51.5,22.2222,50,22.659,49.6,10.6,115,73.3211,188.3211,46.9666666667,12,False,51.4,True,8.3,linear,normal_operation,none,True,train_parent_020_05,train,accepted_train
2024-04-25 16:19:27,4月25日08_00_4月25日18_00,0,0,0,0,57,0,58,0,-10.6578,44.2,-10.2672,36.1,-9.5418,27.9,-8.7048,43.4,-10.472,53.3,-10.528,52.9,40.6,0,0,0,0,0,0,0,0,22.7265,48.4,21.1302,54.8,22.8099,51.6,22.55,51.3,22.659,49.9,22.4952,49.5,8.9,115,74.1992,189.1992,46.9416666667,12,False,49.5,True,8.2,linear,normal_operation,none,True,train_parent_020_05,train,accepted_train
2024-04-25 16:19:57,4月25日08_00_4月25日18_00,0,0,0,0,57,0,58,0,-9.7092,44.2,-9.5418,36.2,-10.6578,28,-10.323,43.4,-9.688,53.3,-10.024,52.9,41.3,0,0,0,0,0,0,0,0,23.435,48.3,22.7682,54.7,20.4578,51.5,19.1748,51.2,23.0412,49.8,24.4608,49.4,10.4,115,73.394,188.394,46.9083333333,12,False,51.7,True,8.03157894737,linear,normal_operation,none,True,train_parent_020_05,train,accepted_train
2024-04-25 16:20:27,4月25日08_00_4月25日18_00,0,0,0,0,57,0,58,0,-10.3788,44.3,-10.7694,36.2,-10.1556,28,-9.7092,43.5,-9.688,53.4,-9.352,53,41,0,0,0,0,0,0,0,0,23.7075,48.1,22.386,54.6,20.4578,51.4,20.955,51.1,21.5124,49.7,23.0412,49.3,10.9,115,72.0069,187.0069,46.8833333333,12,False,51.9,True,7.96666666667,linear,normal_operation,none,True,train_parent_020_05,train,accepted_train
2024-04-25 16:20:57,4月25日08_00_4月25日18_00,0,0,0,0,57,0,58,0,-11.2158,44.3,-11.1042,36.3,-8.7606,28.1,-8.8722,43.5,-10.08,53.4,-10.192,53,40.5,0,0,0,0,0,0,0,0,22.1815,48,21.2394,54.5,24.297,51.3,23.925,51,22.7682,49.5,22.0584,49.1,8.9,115,76.2447,191.2447,46.8333333333,12,False,49.4,True,7.9,linear,normal_operation,none,True,train_parent_020_05,train,accepted_train
2024-04-25 16:21:27,4月25日08_00_4月25日18_00,0,0,0,0,57,0,58,0,-9.5976,44.4,-9.5418,36.3,-9.8766,28.1,-9.2628,43.6,-10.864,53.5,-10.976,53.1,41.2,0,0,0,0,0,0,0,0,22.999,47.9,21.7854,54.3,21.7159,51.1,20.845,50.9,21.5124,49.4,22.7682,49,10.4,115,71.5071,186.5071,46.8,12,False,51.6,True,7.86842105263,linear,normal_operation,none,True,train_parent_020_05,train,accepted_train
2024-04-25 16:21:57,4月25日08_00_4月25日18_00,0,0,0,0,57,0,58,0,-8.4816,44.4,-8.4258,36.4,-11.5713,28.2,-10.9564,43.6,-10.416,53.5,-10.584,53.1,41.1,0,0,0,0,0,0,0,0,23.435,47.8,21.9492,54.2,20.5672,51,20.02,50.8,22.659,49.3,22.7682,48.9,8.8,115,70.9635,185.9635,46.7666666667,12,False,49.9,True,7.8,linear,normal_operation,none,True,train_parent_020_05,train,accepted_train
2024-04-25 16:22:27,4月25日08_00_4月25日18_00,0,0,0,0,57,0,58,0,-11.6064,44.5,-11.1042,36.4,-9.4302,28.3,-8.8722,43.7,-9.8,53.6,-9.968,53.2,40.6,0,0,0,0,0,0,0,0,21.7455,47.6,20.5296,54.1,23.521,50.9,22.825,50.6,20.4204,49.2,21.5124,48.8,9.4,115,69.7729,184.7729,46.7416666667,12,False,50,True,7.8,linear,normal_operation,none,True,train_parent_020_05,train,accepted_train
2024-04-25 16:22:57,4月25日08_00_4月25日18_00,0,0,0,0,57,0,58,0,-10.7136,44.5,-10.6578,36.5,-9.3186,28.3,-8.9838,43.7,-10.864,53.6,-10.752,53.2,41.2,0,0,0,0,0,0,0,0,22.345,47.5,21.5124,54,20.2937,50.8,19.855,50.5,22.2222,49.1,22.932,48.6,8.9,115,67.8705,182.8705,46.6916666667,12,False,50.1,True,7.8,linear,normal_operation,none,True,train_parent_020_05,train,accepted_train
2024-04-25 16:23:27,4月25日08_00_4月25日18_00,0,0,0,0,57,0,58,0,-9.765,44.6,-9.6534,36.6,-10.323,28.4,-9.5418,43.8,-10.976,53.7,-10.584,53.3,40.9,0,0,0,0,0,0,0,0,22.6175,47.4,21.2394,53.9,21.7159,50.7,21.56,50.4,21.4032,48.9,22.4952,48.5,10.2,115,70.188,185.188,46.6833333333,12,False,51.1,True,7.54761904762,linear,normal_operation,none,True,train_parent_020_05,train,accepted_train
2024-04-25 16:23:57,4月25日08_00_4月25日18_00,0,0,0,0,57,0,58,0,-11.3274,44.6,-10.6578,36.6,-10.6578,28.4,-9.6534,43.8,-10.248,53.8,-10.304,53.4,42.9,0,0,0,0,0,0,0,0,22.1815,47.3,20.8026,53.8,23.6418,50.5,23.1,50.3,20.5296,48.8,20.2566,48.4,8.9,115,67.6637,182.6637,46.6416666667,12,False,51.8,True,7.3,linear,normal_operation,none,True,train_parent_020_05,train,accepted_train
2024-04-25 16:24:27,4月25日08_00_4月25日18_00,0,0,0,0,57,0,58,0,-10.881,44.7,-10.9926,36.7,-10.0998,28.5,-9.5418,43.9,-10.192,53.8,-9.856,53.4,43.3,0,0,0,0,0,0,0,0,22.999,47.1,22.018,53.6,20.5672,50.4,20.13,50.2,20.9664,48.7,22.386,48.3,10.6,115,67.5034,182.5034,46.6083333333,12,False,53.9,True,6.87,linear,normal_operation,none,True,train_parent_020_05,train,accepted_train
2024-04-25 16:24:57,4月25日08_00_4月25日18_00,0,0,0,0,57,0,58,0,-8.928,44.8,-9.0396,36.7,-9.5418,28.5,-8.8722,43.9,-9.464,53.9,-9.296,53.5,42.9,0,0,0,0,0,0,0,0,22.454,47,21.1302,53.5,20.5672,50.3,19.855,50.1,21.9492,48.6,22.932,48.2,8.9,115,73.746,188.746,46.5833333333,12,False,51.8,True,6.8,linear,normal_operation,none,True,train_parent_020_05,train,accepted_train
2024-04-25 16:25:27,4月25日08_00_4月25日18_00,0,0,0,0,57,0,58,0,-9.4302,44.8,-9.2628,36.8,-9.9324,28.6,-9.3744,44,-10.304,53.9,-10.304,53.5,40.2,0,0,0,0,0,0,0,0,21.473,46.9,19.7106,53.4,20.1843,50.2,20.02,50,19.9836,48.5,20.8026,48,8.8,115,63.5663,178.5663,46.55,12,False,49,True,6.8,linear,normal_operation,none,True,train_parent_020_05,train,accepted_train
2024-04-25 16:25:57,4月25日08_00_4月25日18_00,0,0,0,0,57,0,58,0,-7.4214,44.9,-7.1982,36.8,-11.1241,28.6,-10.4346,44,-11.0517,54,-10.92,53.6,40.8,0,0,0,0,0,0,0,0,21.909,46.8,20.6934,53.3,21.7159,50.1,21.285,49.9,20.8026,48.4,21.4032,47.9,8.9,115,69.6591,184.6591,46.525,12,False,49.7,True,6.545,linear,normal_operation,none,True,train_parent_020_05,train,accepted_train
2024-04-25 16:26:27,4月25日08_00_4月25日18_00,0,0,0,0,57,0,58,0,-8.928,44.9,-8.9838,36.9,-11.4595,28.7,-10.7328,44.1,-8.848,54,-8.624,53.6,40.8,0,0,0,0,0,0,0,0,22.454,46.7,21.2394,53.2,24.1878,50,23.7717,49.7,21.1302,48.3,21.7854,47.8,10.2,115,76.9924,191.9924,46.4916666667,12,False,51,True,6.4,linear,normal_operation,none,True,train_parent_020_05,train,accepted_train
2024-04-25 16:26:57,4月25日08_00_4月25日18_00,0,0,0,0,57,0,58,0,-10.3788,44.9,-10.7694,36.9,-9.4302,28.7,-8.5374,44.1,-9.352,54.1,-9.296,53.7,40.1,0,0,0,0,0,0,0,0,22.018,46.5,21.1302,53.1,20.0202,49.8,20.295,49.6,21.6762,48.1,22.2222,47.7,10.3,115,69.598,184.598,46.4333333333,12,False,50.4,True,6.22222222222,linear,normal_operation,none,True,train_parent_020_05,train,accepted_train
2024-04-25 16:27:27,4月25日08_00_4月25日18_00,0,0,0,0,57,0,58,0,-9.1512,45,-8.928,37,-10.0998,28.8,-9.4302,44.2,-10.696,54.1,-10.64,53.7,40.1,0,0,0,0,0,0,0,0,22.1815,46.4,20.4204,53,22.0988,49.7,21.1689,49.5,20.8026,48,22.2222,47.6,8.9,115,69.9492,184.9492,46.4166666667,12,False,49,True,6.2,linear,normal_operation,none,True,train_parent_020_05,train,accepted_train
2024-04-25 16:27:57,4月25日08_00_4月25日18_00,0,0,0,0,57,0,58,0,-9.1512,45,-9.5418,37,-10.6769,28.8,-10.4533,44.2,-9.296,54.2,-9.464,53.8,40.5,0,0,0,0,0,0,0,0,22.345,46.3,20.6934,52.9,21.7159,49.6,21.5518,49.4,21.5124,47.9,21.7854,47.5,8.8,115,71.0207,186.0207,46.3833333333,12,False,49.3,True,6.11904761905,linear,normal_operation,none,True,train_parent_020_05,train,accepted_train
2024-04-25 16:28:27,4月25日08_00_4月25日18_00,0,0,0,0,57,0,58,0,-8.8722,45.1,-9.0396,37.1,-10.4533,28.9,-10.062,44.3,-9.352,54.2,-9.128,53.8,40,0,0,0,0,0,0,0,0,19.947,46.2,18.8916,52.8,17.504,49.5,16.885,49.3,19.5468,47.8,20.1474,47.3,8.8,115,56.0147,171.0147,46.3583333333,12,False,48.8,True,6.1,linear,normal_operation,none,True,train_parent_020_05,train,accepted_train
2024-04-25 16:28:57,4月25日08_00_4月25日18_00,0,0,0,0,57,0,58,0,-10.0998,45.1,-10.1556,37.1,-9.2628,29,-8.7048,44.3,-9.576,54.3,-9.632,53.9,40.2,0,0,0,0,0,0,0,0,19.838,46.1,18.4548,52.6,20.5672,49.4,19.9836,49.2,17.504,47.7,17.9416,47.2,8.8,115,56.8582,171.8582,46.325,12,False,49,True,6.1,linear,normal_operation,none,True,train_parent_020_05,train,accepted_train
2024-04-25 16:29:27,4月25日08_00_4月25日18_00,0,0,0,0,57,0,58,0,-9.8208,45.2,-9.9882,37.2,-8.5932,29,-7.9794,44.4,-10.024,54.3,-9.912,53.9,40.3,0,0,0,0,0,0,0,0,19.1646,46,18.291,52.5,17.2305,49.3,16.61,49.1,17.7775,47.6,17.9416,47.1,10.4,115,50.6976,165.6976,46.3,12,False,50.7,True,6.1,linear,normal_operation,none,True,train_parent_020_05,train,accepted_train
2024-04-25 16:29:57,4月25日08_00_4月25日18_00,0,0,0,0,57,0,58,0,-9.9882,45.2,-9.2628,37.2,-10.7887,29,-9.765,44.4,-7.952,54.4,-7.616,54,40.2,0,0,0,0,0,0,0,0,19.402,45.9,18.4548,52.4,18.9262,49.2,18.315,49,19.8744,47.5,20.6934,47,10.3,115,60.2931,175.2931,46.2666666667,12,False,50.5,True,6.1,linear,normal_operation,none,True,train_parent_020_05,train,accepted_train
2024-04-25 16:30:27,4月25日08_00_4月25日18_00,0,0,0,0,57,0,58,0,-8.9838,45.3,-8.649,37.3,-11.3477,29.1,-10.3974,44.5,-8.232,54.4,-8.232,54,40.7,0,0,0,0,0,0,0,0,19.4376,45.8,18.291,52.3,19.3091,49.1,19.03,48.9,19.1646,47.4,20.1474,46.9,8.8,115,59.5378,174.5378,46.25,12,False,49.5,True,6.24,linear,normal_operation,none,True,train_parent_020_05,train,accepted_train
2024-04-25 16:30:57,4月25日08_00_4月25日18_00,0,0,0,0,57,0,58,0,-10.0998,45.4,-10.2114,37.3,-9.7825,29.2,-9.486,44.5,-8.512,54.5,-8.512,54.1,40.7,0,0,0,0,0,0,0,0,17.9088,45.6,17.0352,52.2,20.7313,49,20.13,48.8,19.1646,47.3,19.3091,46.8,8.8,115,57.6753,172.6753,46.225,12,False,49.5,True,6.3,linear,normal_operation,none,True,train_parent_020_05,train,accepted_train
2024-04-25 16:31:27,4月25日08_00_4月25日18_00,0,0,0,0,57,0,58,0,-9.4302,45.4,-9.486,37.4,-9.3186,29.2,-8.8722,44.6,-9.912,54.5,-10.024,54.1,39.9,0,0,0,0,0,0,0,0,19.947,45.6,18.7278,52.2,16.988,48.9,16.335,48.7,19.0008,47.2,19.7106,46.7,9,115,53.6662,168.6662,46.2083333333,12,False,48.9,True,6.3,linear,normal_operation,none,True,train_parent_020_05,train,accepted_train
2024-04-25 16:31:57,4月25日08_00_4月25日18_00,0,0,0,0,57,0,58,0,-7.8678,45.4,-7.9236,37.4,-10.1179,29.3,-9.6707,44.6,-10.304,54.6,-9.968,54.2,40.1,0,0,0,0,0,0,0,0,18.564,45.4,17.6358,52.1,19.1997,48.8,18.865,48.6,18.7621,47.1,18.9262,46.6,10.1,115,56.1008,171.1008,46.175,12,False,50.2,True,6.3,linear,normal_operation,none,True,train_parent_020_05,train,accepted_train
2024-04-25 16:32:27,4月25日08_00_4月25日18_00,0,0,0,0,57,0,58,0,-8.928,45.5,-9.0396,37.5,-9.3744,29.3,-9.0954,44.7,-10.192,54.6,-9.912,54.2,40.6,0,0,0,0,0,0,0,0,18.018,45.3,16.7622,52,20.2937,48.7,19.855,48.5,19.2738,47,19.5468,46.5,8.7,115,57.2081,172.2081,46.15,12,False,49.3,True,6.4,linear,normal_operation,none,True,train_parent_020_05,train,accepted_train
2024-04-25 16:32:57,4月25日08_00_4月25日18_00,0,0,0,0,57,0,58,0,-9.5418,45.5,-9.7092,37.5,-9.6148,29.4,-9.4302,44.7,-9.52,54.7,-9.296,54.3,40.2,0,0,0,0,0,0,0,0,19.7106,45.2,18.1818,51.9,15.7276,48.6,15.6484,48.4,19.9836,46.9,20.1474,46.4,10,115,52.2874,167.2874,46.125,12,False,50.2,True,6.4,linear,normal_operation,none,True,train_parent_020_05,train,accepted_train
2024-04-25 16:33:27,4月25日08_00_4月25日18_00,0,0,0,0,57,0,58,0,-10.1556,45.6,-10.1556,37.6,-10.4533,29.4,-10.0061,44.8,-8.456,54.7,-8.288,54.3,41,0,0,0,0,0,0,0,0,21.364,45.1,20.1474,51.7,20.4578,48.4,20.3679,48.2,19.7106,46.7,20.2566,46.3,9.1,115,64.7897,179.7897,46.0666666667,12,False,50.1,True,6.8,linear,normal_operation,none,True,train_parent_020_05,train,accepted_train
2024-04-25 16:33:57,4月25日08_00_4月25日18_00,0,0,0,0,57,0,58,0,-10.2114,45.6,-10.1556,37.6,-11.2918,29.5,-10.3415,44.8,-9.8,54.8,-9.856,54.4,40.7,0,0,0,0,0,0,0,0,5.05256,45,3.79359,51.7,-0.080446,48.4,-0.013296,48.2,1.408,46.7,1.265,46.2,8.9,115,-50.230892,64.769108,46.075,12,False,49.6,True,6.35555555556,linear,onboard_fc_charging,none,True,train_parent_020_05,train,accepted_train
2024-04-25 16:34:27,4月25日08_00_4月25日18_00,0,0,0,0,57,0,58,0,-8.9838,45.7,-9.5976,37.7,-11.3477,29.5,-10.3415,44.9,-10.024,54.8,-10.304,54.4,40.1,0,0,0,0,0,0,0,0,1.551,45,0.704,51.7,3.80741,48.4,3.5456,48.2,-0.052896,46.7,0.141056,46.2,8.8,115,-50.90243,64.09757,46.1,12,False,48.9,True,4.2,linear,onboard_fc_charging,none,True,train_parent_020_05,train,accepted_train
2024-04-25 16:34:57,4月25日08_00_4月25日18_00,0,0,0,0,57,0,58,0,-8.8722,45.7,-8.8164,37.7,-11.1241,29.6,-10.4533,44.9,-10.5468,54.9,-11.0517,54.5,40.6,0,0,0,0,0,0,0,0,3.663,45,2.816,51.6,1.41056,48.3,1.41824,48.2,4.785,46.7,4.928,46.2,9,115,-41.8437,73.1563,46.1083333333,12,False,49.6,True,3.265,linear,onboard_fc_charging,none,True,train_parent_020_05,train,accepted_train
2024-04-25 16:35:27,4月25日08_00_4月25日18_00,0,0,0,0,57,0,58,0,-11.18,45.8,-11.0682,37.8,-8.8722,29.7,-8.4816,45,-10.2663,54.9,-10.3224,54.5,41,0,0,0,0,0,0,0,0,2.816,45,2.2591,51.6,1.55664,48.3,1.2765,48.2,2.2591,46.6,2.2591,46.2,8.9,115,-47.76426,67.23574,46.1333333333,12,False,49.9,True,2.6,linear,onboard_fc_charging,none,True,train_parent_020_05,train,accepted_train
2024-04-25 16:35:57,4月25日08_00_4月25日18_00,0,0,0,0,57,0,58,0,-10.0998,45.9,-10.044,37.8,-8.9838,29.7,-8.649,45,-10.8273,55,-10.7712,54.6,40.1,0,0,0,0,0,0,0,0,3.52,45,2.54011,51.6,2.54472,48.3,2.55855,48.1,1.12955,46.6,0.98629,46.2,8.9,115,-46.09588,68.90412,46.15,12,False,49,True,2.15555555556,linear,onboard_fc_charging,none,True,train_parent_020_05,train,accepted_train
2024-04-25 16:36:27,4月25日08_00_4月25日18_00,0,0,0,0,57,0,58,0,-8.7606,45.9,-8.4816,37.9,-9.7266,29.7,-8.9999,45.1,-10.098,55,-10.024,54.6,40.4,0,0,0,0,0,0,0,0,1.12955,44.9,0.423168,51.6,4.08842,48.3,3.68964,48.1,2.11584,46.6,2.11584,46.1,9.5,115,-42.528242,72.471758,46.15,12,False,49.9,True,1.9,linear,onboard_fc_charging,none,True,train_parent_020_05,train,accepted_train
2024-04-25 16:36:57,4月25日08_00_4月25日18_00,0,0,0,0,57,0,58,0,-7.7562,46,-7.533,37.9,-9.7266,29.8,-8.9999,45.1,-10.1541,55.1,-9.912,54.7,41,0,0,0,0,0,0,0,0,2.959,44.9,2.2591,51.6,0.98808,48.3,1.13775,48.1,3.38314,46.6,3.5264,46.1,9.1,115,-39.82833,75.17167,46.1833333333,12,False,50.1,True,1.9,linear,onboard_fc_charging,none,True,train_parent_020_05,train,accepted_train
2024-04-25 16:37:27,4月25日08_00_4月25日18_00,0,0,0,0,57,0,58,0,-8.0352,46,-8.0352,38,-8.7763,29.9,-8.3142,45.2,-8.68,55.2,-8.624,54.7,40.1,0,0,0,0,0,0,0,0,2.2591,44.9,1.69157,51.6,1.83816,48.3,1.5651,48.1,3.10213,46.6,3.38314,46.1,9.2,115,-36.6257,78.3743,46.2166666667,12,False,49.3,True,1.9,linear,onboard_fc_charging,none,True,train_parent_020_05,train,accepted_train
2024-04-25 16:37:57,4月25日08_00_4月25日18_00,0,0,0,0,57,0,58,0,-9.207,46,-9.2628,38,-7.3656,29.9,-6.696,45.2,-9.016,55.2,-9.016,54.8,40,0,0,0,0,0,0,0,0,3.663,44.9,2.82112,51.6,4.7937,48.3,4.54545,48.1,5.08022,46.6,6.3365,46.1,9.2,115,-23.32341,91.67659,46.225,12,False,49.2,True,1.9,linear,onboard_fc_charging,none,True,train_parent_020_05,train,accepted_train
2024-04-25 16:38:27,4月25日08_00_4月25日18_00,0,0,0,0,57,0,58,0,-8.1468,46.1,-8.3142,38.1,-6.9192,29.9,-6.6402,45.3,-8.512,55.2,-8.008,54.8,40.6,0,0,0,0,0,0,0,0,4.081,44.9,3.38314,51.6,5.9508,48.2,5.817,48.1,1.97258,46.5,2.11584,46.1,8.8,115,-23.22004,91.77996,46.2333333333,12,False,49.4,True,1.9,linear,onboard_fc_charging,none,True,train_parent_020_05,train,accepted_train
2024-04-25 16:38:57,4月25日08_00_4月25日18_00,0,0,0,0,57,0,58,0,-7.4772,46.1,-7.3656,38.1,-7.7004,30,-7.0866,45.3,-7.952,55.3,-7.56,54.9,40.1,0,0,0,0,0,0,0,0,5.2085,44.9,4.51269,51.5,2.4012,48.2,2.1312,48,3.95067,46.5,4.23168,46,10.9,115,-22.70586,92.29414,46.2333333333,12,False,51,True,1.9,linear,onboard_fc_charging,none,True,train_parent_020_05,train,accepted_train
2024-04-25 16:39:27,4月25日08_00_4月25日18_00,0,0,0,0,57,0,58,0,-6.5726,46.2,-6.7518,38.1,-9.2628,30,-8.8722,45.3,-7.28,55.3,-7.224,54.9,40.9,0,0,0,0,0,0,0,0,4.5045,44.8,3.66966,51.5,3.25128,48.2,2.8416,48,4.23168,46.5,4.23168,46,9.9,115,-23.233,91.767,46.2333333333,12,False,50.8,True,0.1,linear,ambiguous_external_supply,none,False,,excluded,ambiguous_external_supply
2024-04-25 16:39:57,4月25日08_00_4月25日18_00,0,0,0,0,57,0,58,0,-7.1424,46.2,-7.1424,38.2,-9.5589,30.1,-8.9838,45.4,-8.288,55.4,-8.176,55,40.8,0,0,0,0,0,0,0,0,3.9435,44.8,3.24539,51.5,5.08944,48.2,5.1171,48,6.2263,46.5,6.5018,46,9.3,115,-19.16797,95.83203,46.275,12,False,50.1,True,0.1,linear,ambiguous_external_supply,none,False,,excluded,ambiguous_external_supply
2024-04-25 16:40:27,4月25日08_00_4月25日18_00,0,0,0,0,34,0,38,0,-5.07984,46.2,-4.91274,38.2,-2.03862,30.1,-2.24471,45.4,-5.6,55.4,-5.34963,55,40,0,0,0,0,0,0,0,0,1.41056,44.8,0.85008,51.5,3.67632,48.2,3.4077,48,0.000552,46.5,0.141312,46,8.9,72,-15.739016,56.260984,46.275,12,False,48.9,True,0.1,linear,ambiguous_external_supply,none,False,,excluded,ambiguous_external_supply
2024-04-25 16:40:57,4月25日08_00_4月25日18_00,0,0,0,0,4,0,3,0,6.8142,46.2,6.66,38.2,7.8255,30.1,6.8265,45.4,2.57238,55.4,2.70702,55,40.3,0,0,0,0,0,0,0,0,4.224,44.8,3.66966,51.5,2.68272,48.1,2.55855,48,1.2696,46.5,1.55664,46,8.8,7,49.36677,56.36677,46.2666666667,12,False,49.1,True,0.1,linear,normal_operation,none,True,,excluded,stationary_only_without_sailing_task
2024-04-25 16:41:27,4月25日08_00_4月25日18_00,0,0,0,0,2,1,3,1,5.24638,46.2,5.10788,38.2,7.5344,30,6.925,45.4,5.12632,55.4,5.26532,55,40.3,0,0,0,0,0,0,0,0,2.11584,44.8,1.55664,51.5,0.85008,48.1,0.99524,48,2.54472,46.4,2.54472,46,8.8,5,45.81254,50.81254,46.25,12,False,49.1,True,0.1,linear,normal_operation,none,True,,excluded,stationary_only_without_sailing_task
2024-04-25 16:41:57,4月25日08_00_4月25日18_00,0,0,0,0,3,1,3,1,4.11068,46.2,4.11068,38.1,8.0738,30,7.7973,45.3,6.2828,55.4,6.2828,54.9,40.4,0,0,0,0,0,0,0,0,1.41056,44.8,0.85008,51.5,2.82624,48.1,2.41425,48,0.98808,46.4,1.1316,45.9,9,6,46.27887,52.27887,46.2166666667,12,False,49.4,True,0.1,linear,normal_operation,none,True,,excluded,stationary_only_without_sailing_task
2024-04-25 16:42:27,4月25日08_00_4月25日18_00,0,0,0,0,3,1,3,1,7.3549,46.2,7.6314,38.1,4.96384,30,4.53726,45.3,5.1171,55.3,5.25585,54.9,38.5,0,0,0,0,0,0,0,0,2.11584,44.8,1.55664,51.5,2.96976,48.1,2.6973,47.9,0.141312,46.4,0.000552,45.9,9,6,44.341754,50.341754,46.2,12,False,47.5,True,0,linear,normal_operation,none,True,,excluded,stationary_only_without_sailing_task
2024-04-25 16:42:57,4月25日08_00_4月25日18_00,0,0,0,0,2,1,3,1,6.8019,46.1,6.8019,38.1,4.11068,30,3.40156,45.3,5.994,55.3,5.994,54.9,38.9,0,0,0,0,0,0,0,0,2.67786,44.7,2.4012,51.4,1.41312,48.1,1.4208,47.9,-0.139104,46.4,0.000552,46,7.8,5,40.878468,45.878468,46.1833333333,12,False,46.7,True,0,linear,normal_operation,none,True,,excluded,stationary_only_without_sailing_task
2024-04-25 16:43:27,4月25日08_00_4月25日18_00,0,0,0,0,1,1,0,1,4.39082,46.1,4.67285,38,8.9033,29.9,8.1844,45.2,4.4067,55.3,4.2624,54.9,38.2,0,0,0,0,0,0,0,0,0.000552,44.7,-0.139656,51.4,1.55664,48.1,1.42336,47.9,2.54472,46.4,2.82624,45.9,8,1,43.032326,44.032326,46.15,12,False,46.2,True,0,linear,normal_operation,none,True,,excluded,stationary_only_without_sailing_task
2024-04-25 16:43:57,4月25日08_00_4月25日18_00,0,0,0,0,0,0,0,0,6.7896,46.1,7.0656,38,4.95488,29.9,4.67285,45.2,6.2715,55.3,6.9375,54.8,38.6,0,0,0,0,0,0,0,0,0.56304,44.7,0.141312,51.4,1.2719,48.1,1.1398,47.9,2.2632,46.4,2.2632,45.9,8,0,44.334382,44.334382,46.1416666667,12,False,46.6,True,0,linear,normal_operation,none,True,,excluded,stationary_only_without_sailing_task
2024-04-25 16:44:27,4月25日08_00_4月25日18_00,0,0,0,0,0,0,0,0,6.624,46,7.0656,38,4.67285,29.9,4.8111,45.2,6.2715,55.2,6.2602,54.8,38.6,0,0,0,0,0,0,0,0,1.2673,44.7,0.85008,51.4,1.55946,48.1,1.1398,47.9,1.41312,46.4,1.55664,45.9,8,0,43.49165,43.49165,46.125,12,False,46.6,True,0,linear,normal_operation,none,True,,excluded,stationary_only_without_sailing_task
2024-04-25 16:44:57,4月25日08_00_4月25日18_00,0,0,0,0,0,0,0,0,6.624,46,6.7896,37.9,5.09866,29.8,4.8111,45.2,6.371,55.2,6.5372,54.8,37.9,0,0,0,0,0,0,0,0,0.70656,44.7,0.423936,51.4,1.55946,48.1,1.42336,47.9,1.69464,46.4,1.83816,45.9,8,0,43.877676,43.877676,46.1083333333,12,False,45.9,True,0,linear,normal_operation,none,True,,excluded,stationary_only_without_sailing_task
2024-04-25 16:45:27,4月25日08_00_4月25日18_00,0,0,0,0,0,0,0,0,4.23936,46,4.39082,37.9,8.8872,29.8,8.6112,45.1,4.9728,55.2,4.96384,54.7,38.3,0,0,0,0,0,0,0,0,1.1316,44.7,0.70656,51.4,0.70784,48.1,0.56712,47.9,2.11968,46.4,2.4012,45.9,8,0,43.69922,43.69922,46.0916666667,12,False,46.3,True,0,linear,normal_operation,none,True,,excluded,stationary_only_without_sailing_task
2024-04-25 16:45:57,4月25日08_00_4月25日18_00,0,0,0,0,0,0,0,0,8.8711,45.9,9.0364,37.9,2.97514,29.8,2.68758,45.1,6.371,55.1,6.371,54.7,39,0,0,0,0,0,0,0,0,1.69157,44.7,1.1316,51.4,2.40555,48,2.2796,47.9,-0.06624,46.4,0.000552,45.9,7.8,0,43.754852,43.754852,46.0666666667,12,False,46.8,True,0,linear,normal_operation,none,True,,excluded,stationary_only_without_sailing_task
2024-04-25 16:46:27,4月25日08_00_4月25日18_00,0,0,0,0,0,0,0,0,3.10776,45.9,3.10776,37.8,9.1632,29.7,8.8872,45.1,6.371,55.1,6.5372,54.7,38.1,0,0,0,0,0,0,0,0,2.82112,44.7,2.2632,51.4,1.69771,48,1.56792,47.9,-0.64148,46.4,-0.418621,45.9,8,0,44.463969,44.463969,46.05,12,False,46.1,True,0,linear,normal_operation,none,True,,excluded,stationary_only_without_sailing_task
2024-04-25 16:46:57,4月25日08_00_4月25日18_00,0,0,0,0,0,0,0,0,6.9,45.9,6.9,37.8,6.2376,29.7,5.9616,45,5.24638,55.1,5.10788,54.6,38.1,0,0,0,0,0,0,0,0,1.69157,44.7,1.2696,51.4,0.141568,48,-0.160128,47.9,2.2632,46.4,2.4012,45.9,7.8,0,43.96047,43.96047,46.0333333333,12,False,45.9,True,0,linear,normal_operation,none,True,,excluded,stationary_only_without_sailing_task
2024-04-25 16:47:27,4月25日08_00_4月25日18_00,0,0,0,0,0,0,0,0,7.7691,45.8,7.8793,37.8,4.10326,29.7,3.82123,45,6.2602,55,6.5372,54.6,39,0,0,0,0,0,0,0,0,1.41312,44.7,0.85008,51.4,0.56406,48,0.427008,47.9,1.83816,46.4,2.11968,45.9,7.8,0,43.582398,43.582398,46.0166666667,12,False,46.8,True,0,linear,normal_operation,none,True,,excluded,stationary_only_without_sailing_task
2024-04-25 16:47:57,4月25日08_00_4月25日18_00,0,0,0,0,0,0,0,0,6.3365,45.8,6.5018,37.7,6.072,29.6,5.796,45,6.2602,55,6.2602,54.6,37.9,0,0,0,0,0,0,0,0,1.2696,44.7,0.85008,51.4,1.2719,48,0.99524,47.9,1.69464,46.4,1.69464,45.9,8,0,45.0028,45.0028,46,12,False,45.9,True,0,linear,normal_operation,none,True,,excluded,stationary_only_without_sailing_task
2024-04-25 16:48:27,4月25日08_00_4月25日18_00,0,0,0,0,0,0,0,0,5.37096,45.7,5.37096,37.7,8.0592,29.6,7.6176,44.9,5.10788,55,5.24638,54.5,38.6,0,0,0,0,0,0,0,0,0.98808,44.7,0.56304,51.4,1.41568,48,1.1398,47.9,1.41312,46.4,1.69464,45.9,8,0,43.98734,43.98734,45.975,12,False,46.6,True,0,linear,normal_operation,none,True,,excluded,stationary_only_without_sailing_task
2024-04-25 16:48:57,4月25日08_00_4月25日18_00,0,0,0,0,0,0,0,0,5.37096,45.7,5.50896,37.7,8.0592,29.5,7.6038,44.9,4.6813,54.9,4.6813,54.5,38.8,0,0,0,0,0,0,0,0,1.1316,44.6,0.70656,51.4,2.68758,48,2.56316,47.9,0.423936,46.3,0.423936,45.9,7.9,0,43.842292,43.842292,45.9416666667,12,False,46.7,True,0,linear,normal_operation,none,True,,excluded,stationary_only_without_sailing_task
2024-04-25 16:49:27,4月25日08_00_4月25日18_00,0,0,0,0,0,0,0,0,7.4936,45.7,7.7691,37.6,2.68272,29.5,2.96976,44.8,7.9079,54.9,8.1844,54.5,38,0,0,0,0,0,0,0,0,1.2696,44.6,0.85008,51.4,2.54472,48,2.2796,47.8,0.141568,46.3,0.000553,45.9,8,0,44.093601,44.093601,45.9166666667,12,False,46,True,0,linear,normal_operation,none,True,,excluded,stationary_only_without_sailing_task
2024-04-25 16:49:57,4月25日08_00_4月25日18_00,0,0,0,0,0,0,0,0,4.23936,45.7,4.23936,37.6,8.0592,29.5,8.0592,44.8,5.24638,54.9,5.6508,54.4,38.2,0,0,0,0,0,0,0,0,1.97616,44.6,1.41312,51.4,2.12352,48,1.99048,47.8,0.000553,46.3,-0.047005,45.9,7.9,0,42.951128,42.951128,45.9083333333,12,False,46.1,True,0,linear,normal_operation,none,True,,excluded,stationary_only_without_sailing_task
2024-04-25 16:50:27,4月25日08_00_4月25日18_00,0,0,0,0,0,0,0,0,5.49898,45.6,5.6304,37.6,7.7691,29.4,7.7691,44.8,4.6813,54.9,4.53726,54.4,38,0,0,0,0,0,0,0,0,2.2591,44.6,1.69464,51.4,1.97974,48,1.70692,47.8,0.141568,46.3,0.141568,45.9,8,0,43.809676,43.809676,45.8916666667,12,False,46,True,0,linear,normal_operation,none,True,,excluded,stationary_only_without_sailing_task
2024-04-25 16:50:57,4月25日08_00_4月25日18_00,0,0,0,0,0,0,0,0,9.735,45.6,9.845,37.5,0.70784,29.4,1.13365,44.8,7.6314,54.8,7.5208,54.4,37.3,0,0,0,0,0,0,0,0,0.98808,44.6,0.56304,51.4,2.68272,48,2.2796,47.8,0.283136,46.3,0.424704,45.9,8,0,43.79497,43.79497,45.875,12,False,45.3,True,0,linear,normal_operation,none,True,,excluded,stationary_only_without_sailing_task
2024-04-25 16:51:27,4月25日08_00_4月25日18_00,0,0,0,0,0,0,0,0,3.10776,45.6,3.10776,37.5,9.8629,29.4,9.3119,44.7,4.6813,54.8,5.09866,54.4,37.8,0,0,0,0,0,0,0,0,1.83816,44.6,1.41312,51.4,1.41568,47.9,1.42336,47.8,0.85162,46.3,0.70784,45.9,8,0,42.82006,42.82006,45.8583333333,12,False,45.8,True,0,linear,normal_operation,none,True,,excluded,stationary_only_without_sailing_task
2024-04-25 16:51:57,4月25日08_00_4月25日18_00,0,0,0,0,0,0,0,0,8.855,45.5,9.1466,37.5,2.11968,29.3,1.97616,44.7,6.3595,54.8,6.5254,54.3,36.8,0,0,0,0,0,0,0,0,1.55664,44.6,1.41312,51.3,0.424704,47.9,0.142336,47.8,1.97616,46.3,1.97616,45.8,7.8,0,42.47146,42.47146,45.8166666667,12,False,44.6,True,0,linear,normal_operation,none,True,,excluded,stationary_only_without_sailing_task
2024-04-25 16:52:27,4月25日08_00_4月25日18_00,0,0,0,0,0,0,0,0,3.25128,45.5,3.38928,37.4,8.4854,29.3,8.1548,44.7,3.68964,54.7,3.68964,54.3,31.4,0,0,0,0,0,0,0,0,1.55664,44.6,1.41312,51.3,-0.007742,47.9,-0.123988,47.8,2.54472,46.3,2.4012,45.8,8,0,38.44399,38.44399,45.8,12,False,39.4,True,0,linear,normal_operation,none,True,,excluded,stationary_only_without_sailing_task
2024-04-25 16:52:57,4月25日08_00_4月25日18_00,0,0,0,0,0,0,0,0,8.3201,45.5,8.3201,37.4,2.4012,29.3,2.68272,44.6,4.53726,54.7,4.8198,54.3,32.3,0,0,0,0,0,0,0,0,1.55664,44.6,1.1316,51.3,0.424704,47.9,0.427008,47.8,1.97616,46.3,2.11968,45.8,8,0,38.716972,38.716972,45.7916666667,12,False,40.3,True,0,linear,normal_operation,none,True,,excluded,stationary_only_without_sailing_task
2024-04-25 16:53:27,4月25日08_00_4月25日18_00,0,0,0,0,0,0,0,0,3.10213,45.4,2.96438,37.4,7.7832,29.3,7.4936,44.6,4.8198,54.7,4.8198,54.2,32.3,0,0,0,0,0,0,0,0,0.423936,44.6,0.141568,51.3,1.13365,47.9,0.99524,47.8,2.11968,46.3,2.2632,45.8,8,0,38.060184,38.060184,45.775,12,False,40.3,True,0,linear,normal_operation,none,True,,excluded,stationary_only_without_sailing_task
2024-04-25 16:53:57,4月25日08_00_4月25日18_00,0,0,0,0,0,0,0,0,8.4854,45.4,8.5956,37.4,2.68272,29.2,3.10776,44.6,3.97218,54.7,4.25472,54.2,31.3,0,0,0,0,0,0,0,0,0.98808,44.6,0.85008,51.3,0.283136,47.9,0.142336,47.8,2.68272,46.3,2.68272,45.8,7.9,0,38.727452,38.727452,45.7666666667,12,False,39.2,True,0,linear,normal_operation,none,True,,excluded,stationary_only_without_sailing_task
2024-04-25 16:54:27,4月25日08_00_4月25日18_00,0,0,0,0,0,0,0,0,3.5264,45.4,3.38314,37.3,8.1548,29.2,7.7691,44.6,4.25472,54.6,4.25472,54.2,32.9,0,0,0,0,0,0,0,0,1.1316,44.6,0.85008,51.3,1.13365,47.9,0.85624,47.8,1.69464,46.3,1.83816,45.8,7.9,0,38.84725,38.84725,45.75,12,False,40.8,True,0,linear,normal_operation,none,True,,excluded,stationary_only_without_sailing_task
2024-04-25 16:54:57,4月25日08_00_4月25日18_00,0,0,0,0,0,0,0,0,6.061,45.3,6.061,37.3,7.4936,29.2,7.3283,44.5,4.95488,54.6,5.09866,54.2,37.8,0,0,0,0,0,0,0,0,1.97616,44.6,1.41312,51.3,1.84149,47.9,1.56792,47.8,0.56304,46.3,0.56304,45.8,7.9,0,44.92221,44.92221,45.7333333333,12,False,45.7,True,0,linear,normal_operation,none,True,,excluded,stationary_only_without_sailing_task
2024-04-25 16:55:27,4月25日08_00_4月25日18_00,4,0,0,0,0,0,0,0,7.865,45.3,7.865,37.3,2.54472,29.1,2.68272,44.5,6.083,54.6,6.083,54.1,37.8,0,0,0,0,0,0,0,0,2.4012,44.5,1.97616,51.3,1.97974,47.9,1.99048,47.8,-0.335118,46.3,-0.238343,45.8,8,4,40.897559,44.897559,45.7083333333,12,False,45.8,True,0,linear,normal_operation,none,True,,excluded,stationary_only_without_sailing_task
2024-04-25 16:55:57,4月25日08_00_4月25日18_00,6,0,0,0,0,0,0,0,2.96438,45.3,2.82112,37.2,8.0446,29.1,7.7691,44.5,4.95488,54.5,5.09866,54.1,39.6,0,0,0,0,0,0,0,0,1.41312,44.5,1.1316,51.3,2.54933,47.9,2.4186,47.8,0.141568,46.3,0.141568,45.8,7.9,6,39.448526,45.448526,45.6916666667,12,False,47.5,True,0,linear,normal_operation,none,True,,excluded,stationary_only_without_sailing_task
2024-04-25 16:56:27,4月25日08_00_4月25日18_00,11,0,0,0,0,0,0,0,5.36123,45.3,5.49898,37.2,2.96976,29.1,2.96976,44.4,4.95488,54.5,5.09866,54.1,38.8,0,0,0,0,0,0,0,0,0.70656,44.5,0.424704,51.3,2.40555,47.9,2.13504,47.7,0.85162,46.3,0.98987,45.8,8,11,34.366614,45.366614,45.675,12,False,46.8,True,0,linear,normal_operation,none,True,,excluded,stationary_only_without_sailing_task
2024-04-25 16:56:57,4月25日08_00_4月25日18_00,20,0,0,0,0,0,0,0,4.51269,45.2,4.51269,37.2,0.98987,29.1,1.1316,44.4,3.40156,54.5,3.5456,54.1,37.7,0,0,0,0,0,0,0,0,-0.156216,44.5,-0.423598,51.3,1.97974,47.9,1.70692,47.7,1.97616,46.3,1.97616,45.8,8.1,20,25.153176,45.153176,45.6666666667,12,False,45.8,True,0,linear,normal_operation,none,True,,excluded,stationary_only_without_sailing_task
2024-04-25 16:57:27,4月25日08_00_4月25日18_00,25,0,0,0,0,0,0,0,1.55664,45.2,1.69464,37.2,2.54472,29.1,2.4012,44.4,2.98052,54.5,3.11902,54,39.4,0,0,0,0,0,0,0,0,0.70656,44.5,0.424704,51.3,1.97974,47.9,1.70692,47.7,1.41312,46.3,1.69464,45.8,7.9,25,22.222424,47.222424,45.6583333333,12,False,47.3,True,0,linear,normal_operation,none,True,,excluded,stationary_only_without_sailing_task
2024-04-25 16:57:57,4月25日08_00_4月25日18_00,25,0,0,0,0,0,0,0,2.11968,45.2,1.97616,37.2,1.2719,29,1.2719,44.4,3.40156,54.5,3.5456,54,37.8,0,0,0,0,0,0,0,0,1.83816,44.5,1.41312,51.3,0.98987,47.9,0.99524,47.7,1.1316,46.2,1.2696,45.7,8,25,21.22439,46.22439,45.6333333333,12,False,45.8,True,0,linear,normal_operation,none,True,,excluded,stationary_only_without_sailing_task
2024-04-25 16:58:27,4月25日08_00_4月25日18_00,22,0,0,0,0,0,0,0,2.2632,45.2,2.68272,37.1,2.68272,29,2.11968,44.4,3.40156,54.5,3.40156,54,38,0,0,0,0,0,0,0,0,1.83816,44.5,1.55664,51.3,0.56406,47.9,0.427776,47.7,1.41312,46.2,1.69464,45.7,7.9,22,24.045836,46.045836,45.625,12,False,45.9,True,0,linear,normal_operation,none,True,,excluded,stationary_only_without_sailing_task
2024-04-25 16:58:57,4月25日08_00_4月25日18_00,3,1,0,0,0,0,0,0,5.21797,45.2,4.93696,37.1,8.3201,29,8.1548,44.4,3.82814,54.4,3.82814,54,39.2,0,0,0,0,0,0,0,0,1.41312,44.5,1.2696,51.3,0.000553,47.8,-0.118641,47.7,1.97616,46.2,2.2632,45.7,7.9,3,41.090102,44.090102,45.6083333333,12,False,47.1,True,0,linear,normal_operation,none,True,,excluded,stationary_only_without_sailing_task
2024-04-25 16:59:27,4月25日08_00_4月25日18_00,2,1,0,0,0,0,0,0,7.865,45.1,8.14,37.1,2.96976,29,2.96976,44.3,6.2489,54.4,6.3595,54,37.6,0,0,0,0,0,0,0,0,1.69464,44.5,1.55664,51.3,0.85162,47.8,0.99703,47.7,0.98808,46.2,1.2696,45.7,8,2,41.91053,43.91053,45.5916666667,12,False,45.6,True,0,linear,normal_operation,none,True,,excluded,stationary_only_without_sailing_task
2024-04-25 16:59:57,4月25日08_00_4月25日18_00,3,1,0,0,0,0,0,0,3.66966,45.1,3.66966,37.1,8.5956,28.9,8.4854,44.3,4.95488,54.4,5.09866,53.9,38,0,0,0,0,0,0,0,0,1.69464,44.5,1.41312,51.3,0.424704,47.8,0.285184,47.7,1.83816,46.2,1.83816,45.7,8,3,41.967828,44.967828,45.575,12,False,46,True,0,linear,normal_operation,none,True,,excluded,stationary_only_without_sailing_task
2024-04-25 17:00:27,4月25日08_00_4月25日18_00,3,1,0,0,0,0,0,0,8.745,45.1,8.745,37,3.67632,28.9,3.67632,44.3,4.8111,54.3,4.95488,53.9,39.8,0,0,0,0,0,0,0,0,1.97616,44.5,1.41312,51.3,0.141568,47.8,0.000557,47.7,1.83816,46.2,2.11968,45.7,8,3,42.097865,45.097865,45.5583333333,12,False,47.8,True,0,linear,normal_operation,none,True,,excluded,stationary_only_without_sailing_task
2024-04-25 17:00:57,4月25日08_00_4月25日18_00,1,1,0,0,0,0,0,0,2.82112,45,2.96438,37,8.5956,28.9,8.1548,44.2,6.083,54.3,6.083,53.9,38.2,0,0,0,0,0,0,0,0,2.68272,44.5,2.4012,51.2,0.424704,47.8,0.427776,47.7,1.1316,46.2,1.1316,45.7,8,1,42.9015,43.9015,45.5333333333,12,False,46.2,True,0,linear,normal_operation,none,True,,excluded,stationary_only_without_sailing_task
2024-04-25 17:01:27,4月25日08_00_4月25日18_00,0,0,0,0,0,0,0,0,6.3365,45,6.2263,37,6.3365,28.8,6.7773,44.2,4.95488,54.3,4.95488,53.8,38,0,0,0,0,0,0,0,0,0.56304,44.5,0.424704,51.2,2.12352,47.8,1.99048,47.7,1.2696,46.2,1.41312,45.7,8.1,0,43.370824,43.370824,45.5166666667,12,False,46.1,True,0,linear,normal_operation,none,True,,excluded,stationary_only_without_sailing_task
2024-04-25 17:01:57,4月25日08_00_4月25日18_00,0,0,0,0,0,0,0,0,8.58,45,8.305,36.9,3.10776,28.8,2.96976,44.2,6.636,54.3,6.5254,53.8,38.9,0,0,0,0,0,0,0,0,0.423936,44.5,0.141568,51.2,2.2673,47.8,2.2796,47.7,1.1316,46.2,1.1316,45.7,7.9,0,43.499524,43.499524,45.5083333333,12,False,46.8,True,0,linear,normal_operation,none,True,,excluded,stationary_only_without_sailing_task
2024-04-25 17:02:27,4月25日08_00_4月25日18_00,0,0,0,0,0,0,0,0,4.23168,44.9,4.23168,36.9,8.0446,28.8,6.8875,44.1,6.083,54.2,6.2489,53.8,38.7,0,0,0,0,0,0,0,0,0.85008,44.5,0.56406,51.2,2.12352,47.8,1.99048,47.7,1.1316,46.2,0.98987,45.7,8,0,43.37697,43.37697,45.4833333333,12,False,46.7,True,0,linear,normal_operation,none,True,,excluded,stationary_only_without_sailing_task
2024-04-25 17:02:57,4月25日08_00_4月25日18_00,0,0,1,0,0,0,0,0,6.6,44.9,6.49,36.9,7.8793,28.7,7.3283,44.1,3.96501,54.2,4.10326,53.7,37.5,0,0,0,0,0,0,0,0,0.98808,44.4,0.70784,51.2,0.98987,47.8,0.71296,47.7,1.97616,46.2,2.2632,45.7,8,1,44.00398,45.00398,45.4583333333,12,False,45.5,True,0,linear,normal_operation,none,True,,excluded,stationary_only_without_sailing_task
2024-04-25 17:03:27,4月25日08_00_4月25日18_00,0,0,0,1,0,0,0,0,6.49,44.9,6.6,36.8,7.3283,28.7,6.8875,44.1,4.52907,54.2,4.52907,53.7,38.7,0,0,0,0,0,0,0,0,0.282624,44.4,0.000553,51.2,1.13365,47.8,0.99703,47.7,2.11968,46.2,2.2632,45.6,8.1,0,43.160677,43.160677,45.4416666667,12,False,46.8,True,0,linear,normal_operation,none,True,,excluded,stationary_only_without_sailing_task
2024-04-25 17:03:57,4月25日08_00_4月25日18_00,0,0,0,0,0,0,0,0,7.865,44.8,7.755,36.8,4.23168,28.7,4.37494,44,6.2489,54.1,6.2489,53.7,38.5,0,0,0,0,0,0,0,0,0.85008,44.4,0.424704,51.2,2.97514,47.8,2.84672,47.7,0.000553,46.1,0.000553,45.6,7.9,0,43.82217,43.82217,45.4083333333,12,False,46.4,True,0,linear,normal_operation,none,True,,excluded,stationary_only_without_sailing_task
2024-04-25 17:04:27,4月25日08_00_4月25日18_00,0,0,0,0,0,0,0,0,4.08842,44.8,4.08842,36.8,7.8793,28.6,7.59,44,6.2489,54.1,6.348,53.7,37.8,0,0,0,0,0,0,0,0,2.54472,44.4,2.11968,51.2,0.56406,47.8,0.285184,47.6,0.98987,46.1,0.85162,45.6,8.1,0,43.598174,43.598174,45.3916666667,12,False,45.9,True,0,linear,normal_operation,none,True,,excluded,stationary_only_without_sailing_task
2024-04-25 17:04:57,4月25日08_00_4月25日18_00,0,0,0,0,0,0,0,0,5.08022,44.8,4.93696,36.7,7.3283,28.6,7.04,44,5.8065,54.1,5.51894,53.6,38.2,0,0,0,0,0,0,0,0,2.11968,44.4,1.97616,51.2,-0.162029,47.8,-0.27293,47.6,1.83816,46.1,1.97616,45.6,7.9,0,43.186121,43.186121,45.375,12,False,46.1,True,0,linear,normal_operation,none,True,,excluded,stationary_only_without_sailing_task
2024-04-25 17:05:27,4月25日08_00_4月25日18_00,0,0,0,0,0,0,0,0,4.65595,44.8,4.65595,36.7,7.755,28.6,7.205,43.9,6.2376,54,6.2376,53.6,39.2,0,0,0,0,0,0,0,0,0.70656,44.4,0.424704,51.2,1.13365,47.8,0.99703,47.6,2.11968,46.1,2.2632,45.6,8,0,44.391924,44.391924,45.3583333333,12,False,47.2,True,0,linear,normal_operation,none,True,,excluded,stationary_only_without_sailing_task
2024-04-25 17:05:57,4月25日08_00_4月25日18_00,0,0,0,0,0,0,0,0,9.13,44.7,9.295,36.7,3.80741,28.5,3.66966,43.9,5.6406,54,5.8065,53.6,38.5,0,0,0,0,0,0,0,0,0.56304,44.4,0.283136,51.2,1.55946,47.8,1.42592,47.6,1.55664,46.1,1.69464,45.6,8,0,44.432006,44.432006,45.3416666667,12,False,46.5,True,0,linear,normal_operation,none,True,,excluded,stationary_only_without_sailing_task
2024-04-25 17:06:27,4月25日08_00_4月25日18_00,0,0,0,0,0,0,0,0,3.5264,44.7,3.5264,36.6,8.58,28.5,8.14,43.9,6.072,54,6.072,53.5,37.6,0,0,0,0,0,0,0,0,0.423936,44.4,-0.064148,51.2,2.40555,47.8,2.2837,47.6,1.2696,46.1,1.41312,45.6,7.8,0,43.648558,43.648558,45.325,12,False,45.4,True,0,linear,normal_operation,none,True,,excluded,stationary_only_without_sailing_task
2024-04-25 17:06:57,4月25日08_00_4月25日18_00,0,0,0,0,0,0,0,0,7.755,44.7,7.865,36.6,2.82112,28.5,2.67786,43.8,7.3416,53.9,7.6176,53.5,38.5,0,0,0,0,0,0,0,0,0.141312,44.4,-0.158711,51.2,2.40555,47.7,2.56316,47.6,1.41312,46.1,1.41312,45.6,7.9,0,43.855731,43.855731,45.3,12,False,46.4,True,0,linear,normal_operation,none,True,,excluded,stationary_only_without_sailing_task
2024-04-25 17:07:27,4月25日08_00_4月25日18_00,0,0,0,0,0,0,0,0,5.775,44.6,5.775,36.6,8.14,28.4,7.865,43.8,4.24704,53.9,4.24704,53.5,38.1,0,0,0,0,0,0,0,0,0.56304,44.4,0.283136,51.2,1.84149,47.7,1.70692,47.6,1.55664,46.1,1.69464,45.6,8,0,43.694946,43.694946,45.2833333333,12,False,46.1,True,0,linear,normal_operation,none,True,,excluded,stationary_only_without_sailing_task
2024-04-25 17:07:57,4月25日08_00_4月25日18_00,0,0,0,0,0,0,0,0,5.3515,44.6,5.489,36.5,7.315,28.4,7.04,43.8,5.9616,53.9,5.9616,53.4,39,0,0,0,0,0,0,0,0,1.83816,44.4,1.55946,51.2,1.2719,47.7,1.2811,47.6,0.85162,46.1,0.85162,45.6,8,0,44.77256,44.77256,45.2666666667,12,False,47,True,0,linear,normal_operation,none,True,,excluded,stationary_only_without_sailing_task
2024-04-25 17:08:27,4月25日08_00_4月25日18_00,0,0,0,0,0,0,0,0,5.489,44.6,5.61,36.5,4.08842,28.4,3.66966,43.7,8.0592,53.8,8.0592,53.4,38,0,0,0,0,0,0,0,0,2.4012,44.4,2.11968,51.2,-0.91798,47.7,-0.96918,47.6,2.4012,46.1,2.4012,45.6,7.8,0,42.4116,42.4116,45.25,12,False,45.8,True,0,linear,normal_operation,none,True,,excluded,stationary_only_without_sailing_task
2024-04-25 17:08:57,4月25日08_00_4月25日18_00,0,0,0,0,0,0,0,0,7.48,44.5,7.48,36.5,5.9508,28.3,5.7855,43.7,4.8024,53.8,4.8024,53.4,37.1,0,0,0,0,0,0,0,0,1.41312,44.4,1.13365,51.2,1.13365,47.7,0.99703,47.6,1.2696,46.1,1.41312,45.6,7.9,0,43.66127,43.66127,45.2333333333,12,False,45,True,0,linear,normal_operation,none,True,,excluded,stationary_only_without_sailing_task
2024-04-25 17:09:27,4月25日08_00_4月25日18_00,0,0,0,0,0,0,0,0,5.94,44.5,5.94,36.4,7.04,28.3,7.04,43.7,5.09866,53.8,5.08944,53.3,38.4,0,0,0,0,0,0,0,0,0.98808,44.4,0.85162,51.2,0.85162,47.7,0.99703,47.6,1.83816,46.1,1.97616,45.6,8,0,43.65077,43.65077,45.2166666667,12,False,46.4,True,0,linear,normal_operation,none,True,,excluded,stationary_only_without_sailing_task
2024-04-25 17:09:57,4月25日08_00_4月25日18_00,0,0,0,0,0,0,0,0,4.928,44.5,4.928,36.4,5.9508,28.3,5.61,43.6,7.6176,53.7,7.5072,53.3,38.7,0,0,0,0,0,0,0,0,1.41312,44.4,1.2719,51.2,0.70784,47.7,0.56814,47.6,1.83816,46.1,1.83816,45.5,8,0,44.17892,44.17892,45.1916666667,12,False,46.7,True,0,linear,normal_operation,none,True,,excluded,stationary_only_without_sailing_task
2024-04-25 17:10:27,4月25日08_00_4月25日18_00,0,0,0,0,0,0,0,0,7.59,44.4,7.755,36.4,3.24539,28.2,3.10213,43.6,7.5072,53.7,7.6176,53.3,37.1,0,0,0,0,0,0,0,0,0.98808,44.4,0.85162,51.2,1.97974,47.7,1.99406,47.6,0.85162,46,0.85162,45.5,7.9,0,44.33406,44.33406,45.1666666667,12,False,45,True,0,linear,normal_operation,none,True,,excluded,stationary_only_without_sailing_task
2024-04-25 17:10:57,4月25日08_00_4月25日18_00,0,0,0,0,0,0,0,0,6.325,44.4,6.215,36.3,7.59,28.2,7.48,43.6,4.23936,53.7,4.09584,53.2,38.3,0,0,0,0,0,0,0,0,1.41312,44.3,1.2719,51.2,2.83136,47.7,2.70702,47.6,-0.0553,46,0.141568,45.5,8,0,44.254868,44.254868,45.1416666667,12,False,46.3,True,0,linear,normal_operation,none,True,,excluded,stationary_only_without_sailing_task
2024-04-25 17:11:27,4月25日08_00_4月25日18_00,0,0,0,0,0,0,0,0,5.61,44.4,5.775,36.3,7.48,28.2,7.205,43.5,4.8024,53.6,4.94592,53.2,38.8,0,0,0,0,0,0,0,0,1.83816,44.3,1.69771,51.1,0.85162,47.7,0.85778,47.6,1.2719,46,1.41568,45.5,8,0,43.75117,43.75117,45.1166666667,12,False,46.8,True,0,linear,normal_operation,none,True,,excluded,stationary_only_without_sailing_task
2024-04-25 17:11:57,4月25日08_00_4月25日18_00,0,0,0,0,0,0,0,0,6.765,44.3,6.6,36.3,6.6,28.1,5.94,43.5,4.8024,53.6,5.08944,53.2,38,0,0,0,0,0,0,0,0,1.83816,44.3,1.69464,51.1,0.141568,47.7,-0.050687,47.6,2.2632,46,2.2632,45.5,8,0,43.946921,43.946921,45.1,12,False,46,True,0,linear,normal_operation,none,True,,excluded,stationary_only_without_sailing_task
2024-04-25 17:12:27,4月25日08_00_4月25日18_00,0,0,0,0,0,0,0,0,7.7409,44.3,7.48,36.2,4.65595,28.1,4.23168,43.5,6.072,53.6,6.072,53.1,37.3,0,0,0,0,0,0,0,0,0.85008,44.3,0.56406,51.1,1.41568,47.7,1.2811,47.6,1.69464,46,1.83816,45.5,8,0,43.89625,43.89625,45.0833333333,12,False,45.3,True,0,linear,normal_operation,none,True,,excluded,stationary_only_without_sailing_task
2024-04-25 17:12:57,4月25日08_00_4月25日18_00,0,0,0,0,0,0,0,0,8.7291,44.2,8.7291,36.2,3.5264,28.1,3.38314,43.5,5.9616,53.6,5.9616,53.1,38.6,0,0,0,0,0,0,0,0,0.282624,44.3,-0.050876,51.1,1.69771,47.7,1.57074,47.5,1.97616,46,1.97616,45.5,7.9,0,43.743458,43.743458,45.0666666667,12,False,46.5,True,0,linear,normal_operation,none,True,,excluded,stationary_only_without_sailing_task
2024-04-25 17:13:27,4月25日08_00_4月25日18_00,0,0,0,0,0,0,0,0,5.2085,44.2,4.928,36.2,9.02,28,8.58,43.4,4.6644,53.5,4.8024,53.1,38.5,0,0,0,0,0,0,0,0,0.000552,44.3,-0.070784,51.1,2.2673,47.7,2.13888,47.5,1.83816,46,1.55664,45.5,7.9,0,44.934048,44.934048,45.0416666667,12,False,46.4,True,0,linear,normal_operation,none,True,,excluded,stationary_only_without_sailing_task
2024-04-25 17:13:57,4月25日08_00_4月25日18_00,0,0,0,0,0,0,0,0,4.928,44.2,5.071,36.1,4.7937,28,4.65595,43.4,8.3352,53.5,8.1696,53,39.2,0,0,0,0,0,0,0,0,0.141312,44.3,-0.207928,51.1,1.84149,47.6,1.70999,47.5,1.83816,46,2.11968,45.5,7.9,0,43.396154,43.396154,45.0166666667,12,False,47.1,True,0,linear,normal_operation,none,True,,excluded,stationary_only_without_sailing_task
2024-04-25 17:14:27,4月25日08_00_4月25日18_00,0,0,0,0,0,0,0,0,8.1252,44.1,8.0154,36.1,6.061,28,5.94,43.4,3.81432,53.4,4.09584,53,37.5,0,0,0,0,0,0,0,0,1.83816,44.3,1.55946,51.1,0.98987,47.6,0.99703,47.5,1.13365,46,1.13365,45.5,7.9,0,43.70358,43.70358,45,12,False,45.4,True,0,linear,normal_operation,none,True,,excluded,stationary_only_without_sailing_task
2024-04-25 17:14:57,4月25日08_00_4月25日18_00,0,0,0,0,0,0,0,0,6.215,44.1,6.05,36.1,7.205,27.9,6.875,43.3,4.8024,53.4,4.94592,53,37.8,0,0,0,0,0,0,0,0,1.83816,44.3,1.69771,51.1,0.283136,47.6,0.000557,47.5,1.97616,46,2.11968,45.5,7.9,0,44.008723,44.008723,44.9833333333,12,False,45.7,True,0,linear,normal_operation,none,True,,excluded,stationary_only_without_sailing_task
2024-04-25 17:15:27,4月25日08_00_4月25日18_00,0,0,0,0,0,0,0,0,4.6475,44.1,4.6475,36,6.875,27.9,6.49,43.3,7.2312,53.4,7.2312,53,39.1,0,0,0,0,0,0,0,0,-0.186024,44.3,-0.211246,51.1,2.54933,47.6,2.42295,47.5,1.55664,46,1.55664,45.5,8.1,0,44.81069,44.81069,44.975,12,False,47.2,True,0,linear,normal_operation,none,True,,excluded,stationary_only_without_sailing_task
2024-04-25 17:15:57,4月25日08_00_4月25日18_00,0,0,0,0,0,0,0,0,5.071,44.1,5.071,36,6.875,27.9,6.875,43.3,6.348,53.4,6.072,52.9,38.9,0,0,0,0,0,0,0,0,0.85008,44.3,0.56406,51.1,1.13365,47.6,0.85778,47.5,2.11968,46,2.2632,45.4,8,0,44.10045,44.10045,44.9583333333,12,False,46.9,True,0,linear,normal_operation,none,True,,excluded,stationary_only_without_sailing_task
2024-04-25 17:16:27,4月25日08_00_4月25日18_00,0,0,0,0,0,0,0,0,5.071,44,4.928,36,7.315,27.8,6.875,43.2,6.2376,53.3,6.2376,52.9,37.4,0,0,0,0,0,0,0,0,0.98808,44.3,0.85162,51.1,1.41568,47.6,1.2811,47.5,1.41312,45.9,1.55664,45.4,7.9,0,44.17044,44.17044,44.9166666667,12,False,45.3,True,0,linear,normal_operation,none,True,,excluded,stationary_only_without_sailing_task
2024-04-25 17:16:57,4月25日08_00_4月25日18_00,0,0,0,0,0,0,0,0,6.325,44,6.325,35.9,6.875,27.8,6.6,43.2,5.22744,53.3,5.22744,52.9,38.3,0,0,0,0,0,0,0,0,1.69464,44.3,1.2719,51.1,0.98987,47.6,0.85778,47.5,1.41312,45.9,1.41312,45.4,8,0,44.22031,44.22031,44.9083333333,12,False,46.3,True,0,linear,normal_operation,none,True,,excluded,stationary_only_without_sailing_task
2024-04-25 17:17:27,4月25日08_00_4月25日18_00,0,0,0,0,0,0,0,0,7.1919,44,7.205,35.9,2.82112,27.8,2.82112,43.2,8.0446,53.3,8.1548,52.8,39.1,0,0,0,0,0,0,0,0,1.97616,44.3,1.55946,51.1,0.85162,47.6,0.71296,47.5,1.41312,45.9,1.41312,45.4,7.9,0,44.16498,44.16498,44.9,12,False,47,True,0,linear,normal_operation,none,True,,excluded,stationary_only_without_sailing_task
2024-04-25 17:17:57,4月25日08_00_4月25日18_00,0,0,0,0,0,0,0,0,4.928,43.9,4.928,35.9,8.47,27.7,8.03,43.1,5.08944,53.2,5.08944,52.8,38.1,0,0,0,0,0,0,0,0,3.10776,44.3,2.68272,51.1,1.13365,47.6,0.99703,47.5,-0.277053,45.9,-0.298067,45.4,8,0,43.88092,43.88092,44.8666666667,12,False,46.1,True,0,linear,normal_operation,none,True,,excluded,stationary_only_without_sailing_task
2024-04-25 17:18:27,4月25日08_00_4月25日18_00,0,0,0,0,0,0,0,0,6.6,43.9,6.49,35.8,7.59,27.7,7.205,43.1,4.23936,53.2,4.09584,52.7,38.3,0,0,0,0,0,0,0,0,1.83816,44.2,1.55664,51.1,1.97974,47.6,1.85481,47.5,0.141568,45.9,0.141568,45.4,8,0,43.732686,43.732686,44.8416666667,12,False,46.3,True,0,linear,normal_operation,none,True,,excluded,stationary_only_without_sailing_task
2024-04-25 17:18:57,4月25日08_00_4月25日18_00,0,0,0,0,0,0,0,0,6.05,43.9,6.215,35.8,6.215,27.6,6.6,43.1,5.37096,53.2,5.9616,52.7,39.2,0,0,0,0,0,0,0,0,0.98808,44.2,0.424704,51.1,2.54933,47.6,2.2837,47.5,0.85162,45.9,0.98987,45.4,8,0,44.499864,44.499864,44.8333333333,12,False,47.2,True,0,linear,normal_operation,none,True,,excluded,stationary_only_without_sailing_task
2024-04-25 17:19:27,4月25日08_00_4月25日18_00,0,0,0,0,0,0,0,0,5.61,43.8,5.071,35.8,5.61,27.6,5.3515,43,7.7832,53.1,7.3416,52.7,38.6,0,0,0,0,0,0,0,0,0.70656,44.2,0.56406,51.1,1.13365,47.6,0.99703,47.4,2.11968,45.9,1.97616,45.4,7.8,0,44.26444,44.26444,44.8,12,False,46.4,True,0,linear,normal_operation,none,True,,excluded,stationary_only_without_sailing_task
2024-04-25 17:19:57,4月25日08_00_4月25日18_00,0,0,0,0,0,0,0,0,5.94,43.8,5.61,35.8,5.2085,27.6,5.3515,43,7.0656,53.1,6.7896,52.6,37.3,0,0,0,0,0,0,0,0,1.55664,44.2,1.2719,51.1,0.283136,47.6,0.000557,47.4,2.2632,45.9,2.2632,45.4,8,0,43.603833,43.603833,44.7916666667,12,False,45.3,True,0,linear,normal_operation,none,True,,excluded,stationary_only_without_sailing_task
2024-04-25 17:20:27,4月25日08_00_4月25日18_00,0,0,0,0,0,0,0,0,6.215,43.8,6.215,35.7,4.7937,27.6,4.5045,43,7.3283,53.1,7.2181,52.6,37.6,0,0,0,0,0,0,0,0,2.4012,44.2,2.11968,51.1,0.141568,47.6,0.000557,47.4,1.55664,45.9,1.55664,45.4,8.1,0,44.050885,44.050885,44.7833333333,12,False,45.7,True,0,nearest,normal_operation,none,True,,excluded,stationary_only_without_sailing_task
2024-04-25 17:26:57,4月25日08_00_4月25日18_00,0,0,0,0,0,0,0,0,0.000552,43.7,0.000552,35.7,0.000553,27.5,0.000553,43,-0.009972,53,0.000554,52.6,0,0,0,0,0,0,0,0,0,-18.6706,44.8,-17.976,51.7,-17.752,48.1,-17.6219,48,-17.2172,46.5,-17.5526,45.9,25.4,0,-106.797508,-106.797508,45.0416666667,12,False,25.4,True,0,linear,confirmed_shore,none,False,,excluded,confirmed_shore
2024-04-25 17:27:27,4月25日08_00_4月25日18_00,0,0,0,0,0,0,0,0,0.000552,43.7,0.000552,35.7,0.000553,27.5,0.000553,43,-0.009972,53,0.000554,52.6,0,0,0,0,0,0,0,0,0,-18.6147,44.9,-17.752,51.8,-18.032,48.2,-17.5093,48.1,-17.4408,46.5,-17.8321,46,24.2,0,-107.188108,-107.188108,45.0833333333,12,False,24.2,True,0,linear,confirmed_shore,none,False,,excluded,confirmed_shore
2024-04-25 17:27:57,4月25日08_00_4月25日18_00,0,0,0,0,0,0,0,0,0.000552,43.7,0.000552,35.7,0.000553,27.5,0.000553,43,-0.01108,53,0.000554,52.6,0,0,0,0,0,0,0,0,0,-18.0557,45,-17.808,51.9,-17.808,48.3,-17.6532,48.2,-17.7762,46.6,-17.4967,46.1,24.6,0,-106.606116,-106.606116,45.1333333333,12,False,24.6,True,0,linear,confirmed_shore,none,False,,excluded,confirmed_shore
2024-04-25 17:28:27,4月25日08_00_4月25日18_00,0,0,0,0,0,0,0,0,0.000552,43.7,0.000552,35.7,0.000553,27.5,0.000553,43,-0.01108,53,0.000554,52.6,0,0,0,0,0,0,0,0,0,-18.2793,45.1,-17.752,51.9,-18.032,48.4,-17.5404,48.3,-17.1613,46.7,-18.2793,46.2,25.6,0,-107.052616,-107.052616,45.175,12,False,25.6,True,0,linear,confirmed_shore,none,False,,excluded,confirmed_shore
2024-04-25 17:28:57,4月25日08_00_4月25日18_00,0,0,0,0,0,0,0,0,0.000552,43.7,0.000552,35.7,0.000553,27.5,0.000553,43,-0.010526,53,0.000554,52.6,0,0,0,0,0,0,0,0,0,-18.447,45.2,-17.864,52,-17.696,48.5,-17.7096,48.4,-17.329,46.8,-18.0557,46.3,24.4,0,-107.109062,-107.109062,45.225,12,False,24.4,True,0,linear,confirmed_shore,none,False,,excluded,confirmed_shore
2024-04-25 17:29:27,4月25日08_00_4月25日18_00,0,0,0,0,0,0,0,0,0.000552,43.7,0.000552,35.7,0.000553,27.5,0.000553,43,-0.009972,53,0.000554,52.6,0,0,0,0,0,0,0,0,0,-18.2234,45.3,-17.976,52.1,-17.752,48.6,-17.3712,48.5,-17.416,46.9,-18.032,46.4,25.1,0,-106.777808,-106.777808,45.275,12,False,25.1,True,0,linear,confirmed_shore,none,False,,excluded,confirmed_shore
2024-04-25 17:29:57,4月25日08_00_4月25日18_00,0,0,0,0,0,0,0,0,0.000552,43.7,0.000552,35.7,0.000553,27.5,0.000553,43,-0.009972,53,0.000554,52.6,0,0,0,0,0,0,0,0,0,-18.2793,45.4,-18.032,52.2,-17.808,48.7,-17.484,48.6,-17.864,47,-18.48,46.5,25.4,0,-107.954508,-107.954508,45.325,12,False,25.4,True,0,linear,confirmed_shore,none,False,,excluded,confirmed_shore
2024-04-25 17:30:27,4月25日08_00_4月25日18_00,0,0,0,0,0,0,0,0,0.000552,43.7,0.000552,35.7,0.000553,27.5,0.000553,43,-0.009972,53,0.000554,52.6,0,0,0,0,0,0,0,0,0,-18.2,45.5,-17.808,52.3,-17.752,48.8,-17.8788,48.7,-17.192,47.1,-17.976,46.6,24.7,0,-106.814008,-106.814008,45.375,12,False,24.7,True,0,linear,confirmed_shore,none,False,,excluded,confirmed_shore
2024-04-25 17:30:57,4月25日08_00_4月25日18_00,0,0,0,0,0,0,0,0,0.000552,43.7,0.000552,35.7,0.000553,27.5,0.000553,43,-0.009972,53,0.000554,52.6,0,0,0,0,0,0,0,0,0,-18.2,45.6,-17.752,52.4,-17.864,48.9,-17.766,48.8,-17.304,47.2,-17.864,46.7,24.2,0,-106.757208,-106.757208,45.425,12,False,24.2,True,0,linear,confirmed_shore,none,False,,excluded,confirmed_shore
2024-04-25 17:31:27,4月25日08_00_4月25日18_00,0,0,0,0,0,0,0,0,0.000552,43.7,0.000552,35.7,0.000553,27.5,0.000553,43,-0.009972,53,0.000554,52.6,0,0,0,0,0,0,0,0,0,-18.424,45.7,-17.64,52.5,-17.752,49,-17.5968,48.9,-17.528,47.3,-18.144,46.8,25.6,0,-107.092008,-107.092008,45.475,12,False,25.6,True,0,linear,confirmed_shore,none,False,,excluded,confirmed_shore
2024-04-25 17:31:57,4月25日08_00_4月25日18_00,0,0,0,0,0,0,0,0,0.000552,43.7,0.000552,35.7,0.000553,27.5,0.000553,43,-0.00999,53,0.000554,52.6,0,0,0,0,0,0,0,0,0,-18.592,45.8,-18.48,52.6,-17.808,49.1,-17.2584,48.9,-17.416,47.4,-17.864,46.9,25.8,0,-107.425626,-107.425626,45.5166666667,12,False,25.8,True,0,linear,confirmed_shore,none,False,,excluded,confirmed_shore
2024-04-25 17:32:27,4月25日08_00_4月25日18_00,0,0,0,0,0,0,0,0,0.000552,43.7,0.000552,35.7,0.000553,27.5,0.000553,43,-0.00999,53,0.000554,52.6,0,0,0,0,0,0,0,0,0,-18.76,45.9,-17.976,52.7,-18.2,49.2,-17.766,49,-17.584,47.5,-17.64,47,25.3,0,-107.933226,-107.933226,45.5666666667,12,False,25.3,True,0,linear,confirmed_shore,none,False,,excluded,confirmed_shore
2024-04-25 17:32:57,4月25日08_00_4月25日18_00,0,0,0,0,0,0,0,0,0.000552,43.7,0.000552,35.7,0.000553,27.5,0.000553,43,-0.00999,53,0.000554,52.6,0,0,0,0,0,0,0,0,0,-18.76,46,-18.088,52.8,-17.696,49.3,-17.766,49.1,-17.752,47.6,-17.976,47.1,24.6,0,-108.045226,-108.045226,45.6166666667,12,False,24.6,True,0,linear,confirmed_shore,none,False,,excluded,confirmed_shore
2024-04-25 17:33:27,4月25日08_00_4月25日18_00,0,0,0,0,0,0,0,0,0.000552,43.7,0.000552,35.7,0.000553,27.5,0.000553,43,-0.00999,53,0.000554,52.6,0,0,0,0,0,0,0,0,0,-18.872,46.1,-17.92,52.9,-17.7837,49.4,-17.7096,49.2,-17.472,47.7,-17.752,47.2,24.7,0,-107.516526,-107.516526,45.6666666667,12,False,24.7,True,0,linear,confirmed_shore,none,False,,excluded,confirmed_shore
2024-04-25 17:33:57,4月25日08_00_4月25日18_00,0,0,0,0,0,0,0,0,0.000552,43.7,0.000552,35.7,0.000553,27.5,0.000553,43,-0.0111,53,0.000555,52.6,0,0,0,0,0,0,0,0,0,-19.32,46.2,-18.2886,53,-17.952,49.5,-17.9352,49.3,-17.248,47.7,-17.584,47.3,25,0,-108.336135,-108.336135,45.7083333333,12,False,25,True,0,linear,confirmed_shore,none,False,,excluded,confirmed_shore
2024-04-25 17:34:27,4月25日08_00_4月25日18_00,0,0,0,0,0,0,0,0,0.000552,43.7,0.000552,35.7,0.000553,27.5,0.000553,43,-0.00999,53,0.000555,52.6,0,0,0,0,0,0,0,0,0,-18.76,46.3,-17.8959,53.1,-17.7276,49.6,-17.3712,49.4,-17.808,47.8,-17.192,47.4,24.7,0,-106.761925,-106.761925,45.7583333333,12,False,24.7,True,0,linear,confirmed_shore,none,False,,excluded,confirmed_shore
2024-04-25 17:34:57,4月25日08_00_4月25日18_00,0,0,0,0,0,0,0,0,0.000552,43.7,0.000552,35.7,0.000553,27.5,0.000553,43,-0.010545,53,0.000555,52.6,0,0,0,0,0,0,0,0,0,-18.592,46.4,-17.952,53.2,-17.7837,49.7,-17.515,49.5,-17.752,47.9,-18.144,47.5,24.1,0,-107.74648,-107.74648,45.8083333333,12,False,24.1,True,0,linear,confirmed_shore,none,False,,excluded,confirmed_shore
2024-04-25 17:35:27,4月25日08_00_4月25日18_00,0,0,0,0,0,0,0,0,0.000552,43.7,0.000552,35.7,0.000553,27.5,0.000553,43,-0.010545,53,0.000555,52.6,0,0,0,0,0,0,0,0,0,-18.592,46.5,-17.6154,53.3,-18.1203,49.7,-17.9105,49.6,-17.808,48,-18.144,47.6,24.7,0,-108.19798,-108.19798,45.85,12,False,24.7,True,0,linear,confirmed_shore,none,False,,excluded,confirmed_shore
2024-04-25 17:35:57,4月25日08_00_4月25日18_00,0,0,0,0,0,0,0,0,0.000552,43.7,0.000552,35.7,0.000553,27.5,0.000553,43,-0.011655,53,0.000555,52.6,0,0,0,0,0,0,0,0,0,-18.48,46.6,-17.952,53.4,-17.6715,49.8,-17.6845,49.7,-17.808,48.1,-18.144,47.7,24.7,0,-107.74889,-107.74889,45.9,12,False,24.7,True,0,linear,confirmed_shore,none,False,,excluded,confirmed_shore
2024-04-25 17:36:27,4月25日08_00_4月25日18_00,0,0,0,0,0,0,0,0,0.000552,43.7,0.000552,35.7,0.000553,27.5,0.000553,43,-0.0111,53,0.000555,52.6,0,0,0,0,0,0,0,0,0,-18.424,46.7,-18.0642,53.5,-18.0642,49.9,-18.1365,49.8,-17.696,48.2,-18.256,47.7,24.4,0,-108.649235,-108.649235,45.9416666667,12,False,24.4,True,0,linear,confirmed_shore,none,False,,excluded,confirmed_shore
2024-04-25 17:36:57,4月25日08_00_4月25日18_00,0,0,0,0,0,0,0,0,0.000552,43.7,0.000552,35.7,0.000553,27.5,0.000553,43,-0.011655,53,0.000555,52.6,0,0,0,0,0,0,0,0,0,-18.48,46.8,-18.0642,53.6,-18.1203,50,-17.967,49.9,-18.144,48.3,-17.864,47.8,24.5,0,-108.64839,-108.64839,45.9916666667,12,False,24.5,True,0,linear,confirmed_shore,none,False,,excluded,confirmed_shore
2024-04-25 17:37:27,4月25日08_00_4月25日18_00,0,0,0,0,0,0,0,0,0.000552,43.7,0.000552,35.7,0.000553,27.5,0.000553,43,-0.011655,53,0.000555,52.6,0,0,0,0,0,0,0,0,0,-19.04,46.9,-17.952,53.7,-17.7837,50.1,-18.0235,50,-17.416,48.4,-17.584,47.9,25.3,0,-107.80809,-107.80809,46.0416666667,12,False,25.3,True,0,linear,confirmed_shore,none,False,,excluded,confirmed_shore
2024-04-25 17:37:57,4月25日08_00_4月25日18_00,0,0,0,0,0,0,0,0,0.000552,43.7,0.000553,35.7,0.000553,27.5,0.000553,43,-0.0111,53,0.000555,52.6,0,0,0,0,0,0,0,0,0,-18.536,47,-17.7276,53.8,-17.8959,50.2,-17.854,50.1,-17.584,48.5,-17.92,48,25.1,0,-107.525834,-107.525834,46.0916666667,12,False,25.1,True,0,linear,confirmed_shore,none,False,,excluded,confirmed_shore
2024-04-25 17:38:27,4月25日08_00_4月25日18_00,0,0,0,0,0,0,0,0,0.000552,43.7,0.000553,35.7,0.000553,27.5,0.000553,43,-0.011655,53,0.000555,52.6,0,0,0,0,0,0,0,0,0,-18.816,47.1,-17.952,53.9,-18.1203,50.3,-17.515,50.2,-17.36,48.6,-17.584,48.1,24.1,0,-107.356189,-107.356189,46.1416666667,12,False,24.1,True,0,linear,confirmed_shore,none,False,,excluded,confirmed_shore
2024-04-25 17:38:57,4月25日08_00_4月25日18_00,0,0,0,0,0,0,0,0,0.000552,43.7,0.000553,35.7,0.000553,27.5,0.000553,43,-0.011655,53,0.000555,52.6,0,0,0,0,0,0,0,0,0,-18.76,47.2,-17.7837,54,-18.1203,50.4,-16.6675,50.3,-17.528,48.7,-17.92,48.2,25.2,0,-106.788389,-106.788389,46.1916666667,12,False,25.2,True,0,linear,confirmed_shore,none,False,,excluded,confirmed_shore
2024-04-25 17:39:27,4月25日08_00_4月25日18_00,0,0,0,0,0,0,0,0,0.000552,43.7,0.000553,35.7,0.000553,27.5,0.000553,43,-0.011655,53,0.000555,52.6,0,0,0,0,0,0,0,0,0,-18.256,47.3,-17.6154,54,-17.7837,50.5,-17.854,50.4,-17.472,48.8,-17.528,48.3,23.8,0,-106.517989,-106.517989,46.2333333333,12,False,23.8,True,0,linear,confirmed_shore,none,False,,excluded,confirmed_shore
2024-04-25 17:39:57,4月25日08_00_4月25日18_00,0,0,0,0,0,0,0,0,0.000552,43.7,0.000553,35.7,0.000553,27.5,0.000553,43,-0.011655,53,0.000555,52.6,0,0,0,0,0,0,0,0,0,-18.48,47.4,-17.7837,54.1,-18.2325,50.6,-17.7975,50.4,-17.7276,48.9,-18.3447,48.4,25.2,0,-108.374889,-108.374889,46.275,12,False,25.2,True,0,linear,confirmed_shore,none,False,,excluded,confirmed_shore
2024-04-25 17:40:27,4月25日08_00_4月25日18_00,0,0,0,0,0,0,0,0,0.000552,43.7,0.000553,35.7,0.000553,27.5,0.000553,43,-0.0111,53,0.000555,52.6,0,0,0,0,0,0,0,0,0,-18.368,47.5,-17.8959,54.2,-17.7276,50.7,-17.9105,50.5,-17.7837,49,-17.952,48.5,24.9,0,-107.646034,-107.646034,46.325,12,False,24.9,True,0,linear,confirmed_shore,none,False,,excluded,confirmed_shore
2024-04-25 17:40:57,4月25日08_00_4月25日18_00,0,0,0,0,0,0,0,0,0.000552,43.7,0.000553,35.7,0.000553,27.5,0.000553,43,-0.011655,53,0.000555,52.6,0,0,0,0,0,0,0,0,0,-18.368,47.6,-18.1764,54.3,-18.0081,50.8,-18.0235,50.6,-17.6715,49.1,-18.1764,48.6,24,0,-108.432789,-108.432789,46.375,12,False,24,True,0,linear,confirmed_shore,none,False,,excluded,confirmed_shore
2024-04-25 17:41:27,4月25日08_00_4月25日18_00,0,0,0,0,0,0,0,0,0.000553,43.7,0.000553,35.7,0.000553,27.5,0.000553,43,-0.011655,53,0.000555,52.6,0,0,0,0,0,0,0,0,0,-18.816,47.7,-17.952,54.4,-18.1764,50.9,-17.402,50.7,-17.5032,49.2,-18.0642,48.7,24.6,0,-107.922688,-107.922688,46.425,12,False,24.6,True,0,linear,confirmed_shore,none,False,,excluded,confirmed_shore
2024-04-25 17:41:57,4月25日08_00_4月25日18_00,0,0,0,0,0,0,0,0,0.000553,43.7,0.000553,35.7,0.000553,27.5,0.000553,43,-0.011655,53,0.000555,52.6,0,0,0,0,0,0,0,0,0,-18.424,47.8,-17.952,54.5,-17.7837,51,-17.741,50.8,-17.7837,49.3,-18.2886,48.8,24.8,0,-107.981888,-107.981888,46.475,12,False,24.8,True,0,linear,confirmed_shore,none,False,,excluded,confirmed_shore
2024-04-25 17:42:27,4月25日08_00_4月25日18_00,0,0,0,0,0,0,0,0,0.000553,43.7,0.000553,35.7,0.000553,27.5,0.000553,43,-0.00999,53,0.000555,52.6,0,0,0,0,0,0,0,0,0,-18.48,47.9,-17.8959,54.6,-18.0642,51.1,-17.6845,50.9,-17.4471,49.4,-18.1764,48.9,24.4,0,-107.755323,-107.755323,46.525,12,False,24.4,True,0,linear,confirmed_shore,none,False,,excluded,confirmed_shore
2024-04-25 17:42:57,4月25日08_00_4月25日18_00,0,0,0,0,0,0,0,0,0.000553,43.7,0.000553,35.7,0.000553,27.5,0.000553,43,-0.011655,53,0.000555,52.6,0,0,0,0,0,0,0,0,0,-18.256,48,-17.7837,54.7,-18.2325,51.2,-17.967,51,-17.6715,49.4,-18.0642,49,23.9,0,-107.983788,-107.983788,46.5666666667,12,False,23.9,True,0,linear,confirmed_shore,none,False,,excluded,confirmed_shore
2024-04-25 17:43:27,4月25日08_00_4月25日18_00,0,0,0,0,0,0,0,0,0.000553,43.7,0.000553,35.7,0.000553,27.5,0.000553,43,-0.011655,53,0.000555,52.6,0,0,0,0,0,0,0,0,0,-18.368,48.1,-17.8959,54.8,-18.2325,51.3,-18.0235,51.1,-17.7276,49.5,-18.3447,49.1,25.2,0,-108.601088,-108.601088,46.6166666667,12,False,25.2,True,0,linear,confirmed_shore,none,False,,excluded,confirmed_shore
2024-04-25 17:43:57,4月25日08_00_4月25日18_00,0,0,0,0,0,0,0,0,0.000553,43.7,0.000553,35.7,0.000553,27.5,0.000553,43,-0.011655,53,0.000555,52.6,0,0,0,0,0,0,0,0,0,-18.592,48.2,-17.7276,54.9,-18.0081,51.4,-17.6845,51.2,-17.7276,49.6,-17.8398,49.2,25,0,-107.588488,-107.588488,46.6666666667,12,False,25,True,0,linear,confirmed_shore,none,False,,excluded,confirmed_shore
2024-04-25 17:44:27,4月25日08_00_4月25日18_00,0,0,0,0,0,0,0,0,0.000553,43.7,0.000553,35.7,0.000553,27.5,0.000553,43,-0.011655,53,0.000555,52.6,0,0,0,0,0,0,0,0,0,-18.48,48.3,-17.8398,55,-18.0642,51.5,-17.741,51.3,-17.7837,49.7,-18.1203,49.3,24.1,0,-108.037888,-108.037888,46.7166666667,12,False,24.1,True,0,linear,confirmed_shore,none,False,,excluded,confirmed_shore
2024-04-25 17:44:57,4月25日08_00_4月25日18_00,0,0,0,0,0,0,0,0,0.000553,43.7,0.000553,35.7,0.000553,27.5,0.000553,43,-0.011655,53,0.000555,52.6,0,0,0,0,0,0,0,0,0,-18.48,48.4,-17.952,55.1,-17.952,51.6,-17.5715,51.4,-17.6715,49.8,-17.6154,49.4,24.6,0,-107.251288,-107.251288,46.7666666667,12,False,24.6,True,0,linear,confirmed_shore,none,False,,excluded,confirmed_shore
2024-04-25 17:45:27,4月25日08_00_4月25日18_00,0,0,0,0,0,0,0,0,0.000553,43.7,0.000553,35.7,0.000553,27.5,0.000553,43,-0.011655,53,0.000555,52.6,0,0,0,0,0,0,0,0,0,-18.6813,48.5,-17.5593,55.2,-18.0081,51.7,-17.6845,51.5,-17.6154,49.9,-18.2325,49.5,24.8,0,-107.789988,-107.789988,46.8166666667,12,False,24.8,True,0,linear,confirmed_shore,none,False,,excluded,confirmed_shore
2024-04-25 17:45:57,4月25日08_00_4月25日18_00,0,0,0,0,0,0,0,0,0.000553,43.7,0.000553,35.7,0.000553,27.5,0.000553,43,-0.011655,53,0.000555,52.6,0,0,0,0,0,0,0,0,0,-18.8496,48.6,-17.952,55.3,-18.0642,51.8,-17.5715,51.6,-17.6154,50,-18.4008,49.6,25.1,0,-108.462388,-108.462388,46.8666666667,12,False,25.1,True,0,linear,confirmed_shore,none,False,,excluded,confirmed_shore
2024-04-25 17:46:27,4月25日08_00_4月25日18_00,0,0,0,0,0,0,0,0,0.000553,43.7,0.000553,35.7,0.000553,27.5,0.000553,43,-0.011655,53,0.000555,52.6,0,0,0,0,0,0,0,0,0,-18.6813,48.7,-18.0081,55.4,-18.0642,51.8,-17.741,51.7,-18.0081,50.1,-18.1203,49.7,24.9,0,-108.631888,-108.631888,46.9083333333,12,False,24.9,True,0,linear,confirmed_shore,none,False,,excluded,confirmed_shore
2024-04-25 17:46:57,4月25日08_00_4月25日18_00,0,0,0,0,0,0,0,0,0.000553,43.7,0.000553,35.7,0.000553,27.5,0.000553,43,-0.011655,53,0.000555,52.6,0,0,0,0,0,0,0,0,0,-18.6813,48.8,-18.0642,55.5,-17.8959,51.9,-17.9105,51.8,-17.3349,50.2,-18.1203,49.8,24.2,0,-108.015988,-108.015988,46.9583333333,12,False,24.2,True,0,linear,confirmed_shore,none,False,,excluded,confirmed_shore
2024-04-25 17:47:27,4月25日08_00_4月25日18_00,0,0,0,0,0,0,0,0,0.000553,43.7,0.000553,35.7,0.000553,27.5,0.000553,43,-0.011655,53,0.000555,52.6,0,0,0,0,0,0,0,0,0,-18.513,48.9,-17.952,55.6,-18.1764,52,-17.7975,51.9,-17.7837,50.3,-18.1203,49.9,24.7,0,-108.351788,-108.351788,47.0083333333,12,False,24.7,True,0,linear,confirmed_shore,none,False,,excluded,confirmed_shore
2024-04-25 17:47:57,4月25日08_00_4月25日18_00,0,0,0,0,0,0,0,0,0.000553,43.7,0.000553,35.7,0.000553,27.5,0.000553,43,-0.011655,53,0.000555,52.6,0,0,0,0,0,0,0,0,0,-18.2886,49,-17.7837,55.7,-18.1526,52.1,-17.854,51.9,-17.5032,50.4,-17.7837,50,24.8,0,-107.374688,-107.374688,47.05,12,False,24.8,True,0,linear,confirmed_shore,none,False,,excluded,confirmed_shore
2024-04-25 17:48:27,4月25日08_00_4月25日18_00,0,0,0,0,0,0,0,0,0.000553,43.7,0.000553,35.7,0.000553,27.5,0.000553,43,-0.011655,53,0.000555,52.6,0,0,0,0,0,0,0,0,0,-18.4569,49.1,-17.8398,55.8,-17.952,52.2,-17.7975,52,-17.6154,50.5,-18.0081,50.1,24.1,0,-107.678588,-107.678588,47.1,12,False,24.1,True,0,linear,confirmed_shore,none,False,,excluded,confirmed_shore
2024-04-25 17:48:57,4月25日08_00_4月25日18_00,0,0,0,0,0,0,0,0,0.000553,43.7,0.000553,35.7,0.000553,27.5,0.000553,43,-0.011655,53,0.000555,52.6,0,0,0,0,0,0,0,0,0,-18.6813,49.2,-18.2325,55.8,-18.3212,52.3,-18.08,52.1,-17.5593,50.6,-17.7276,50.2,24.1,0,-108.610788,-108.610788,47.1416666667,12,False,24.1,True,0,linear,confirmed_shore,none,False,,excluded,confirmed_shore
2024-04-25 17:49:27,4月25日08_00_4月25日18_00,0,0,0,0,0,0,0,0,0.000553,43.7,0.000553,35.7,0.000553,27.5,0.000553,43,-0.011655,53,0.000555,52.6,0,0,0,0,0,0,0,0,0,-18.5691,49.3,-18.1203,55.9,-18.0402,52.4,-17.967,52.2,-18.1764,50.7,-18.1764,50.3,25,0,-109.058288,-109.058288,47.1916666667,12,False,25,True,0,linear,confirmed_shore,none,False,,excluded,confirmed_shore
2024-04-25 17:49:57,4月25日08_00_4月25日18_00,0,0,0,0,0,0,0,0,0.000553,43.7,0.000553,35.7,0.000553,27.5,0.000553,43,-0.011655,53,0.000555,52.6,0,0,0,0,0,0,0,0,0,-18.8496,49.4,-17.952,56,-17.9278,52.5,-17.5715,52.3,-17.0544,50.8,-18.2886,50.4,24.7,0,-107.652788,-107.652788,47.2416666667,12,False,24.7,True,0,linear,confirmed_shore,none,False,,excluded,confirmed_shore
2024-04-25 17:50:27,4月25日08_00_4月25日18_00,0,0,0,0,0,0,0,0,0.000553,43.7,0.000553,35.7,0.000553,27.5,0.000553,43,-0.011655,53,0.000555,52.6,0,0,0,0,0,0,0,0,0,-18.6252,49.5,-17.8398,56.1,-18.3212,52.6,-17.6845,52.4,-17.952,50.9,-18.3447,50.5,24.1,0,-108.776288,-108.776288,47.2916666667,12,False,24.1,True,0,linear,confirmed_shore,none,False,,excluded,confirmed_shore
2024-04-25 17:50:57,4月25日08_00_4月25日18_00,0,0,0,0,0,0,0,0,0.000553,43.7,0.000553,35.7,0.000553,27.5,0.000553,43,-0.011655,53,0.000555,52.6,0,0,0,0,0,0,0,0,0,-18.5691,49.6,-17.6715,56.2,-18.0964,52.7,-17.9988,52.5,-18.0081,50.9,-18.2325,50.5,24.7,0,-108.585288,-108.585288,47.325,12,False,24.7,True,0,linear,confirmed_shore,none,False,,excluded,confirmed_shore
2024-04-25 17:51:27,4月25日08_00_4月25日18_00,0,0,0,0,0,0,0,0,0.000553,43.7,0.000553,35.7,0.000553,27.5,0.000553,43,-0.011655,53,0.000555,52.6,0,0,0,0,0,0,0,0,0,-18.9618,49.7,-17.7837,56.3,-18.4898,52.8,-18.3384,52.6,-17.8398,51,-18.4008,50.6,23.9,0,-109.823188,-109.823188,47.375,12,False,23.9,True,0,linear,confirmed_shore,none,False,,excluded,confirmed_shore
2024-04-25 17:51:57,4月25日08_00_4月25日18_00,0,0,0,0,0,0,0,0,0.000553,43.7,0.000553,35.7,0.000553,27.5,0.000553,43,-0.011655,53,0.000555,52.6,0,0,0,0,0,0,0,0,0,-18.5691,49.8,-18.1203,56.4,-17.8154,52.9,-18.0554,52.7,-17.2788,51.1,-17.8959,50.7,25.2,0,-107.743788,-107.743788,47.425,12,False,25.2,True,0,linear,confirmed_shore,none,False,,excluded,confirmed_shore
2024-04-25 17:52:27,4月25日08_00_4月25日18_00,0,0,0,0,0,0,0,0,0.000553,43.7,0.000553,35.7,0.000553,27.5,0.000553,43,-0.011655,53,0.000555,52.6,0,0,0,0,0,0,0,0,0,-18.6813,49.9,-18.2886,56.5,-18.265,53,-17.9422,52.8,-17.952,51.2,-18.1203,50.8,25,0,-109.258288,-109.258288,47.475,12,False,25,True,0,linear,confirmed_shore,none,False,,excluded,confirmed_shore
2024-04-25 17:52:57,4月25日08_00_4月25日18_00,0,0,0,0,0,0,0,0,0.000553,43.7,0.000553,35.7,0.000553,27.5,0.000553,43,-0.011655,53,0.000555,52.6,0,0,0,0,0,0,0,0,0,-18.9057,50,-17.8398,56.6,-18.3774,53.1,-17.9988,52.9,-17.8398,51.3,-18.4008,50.9,24.2,0,-109.371188,-109.371188,47.525,12,False,24.2,True,0,linear,confirmed_shore,none,False,,excluded,confirmed_shore
2024-04-25 17:53:27,4月25日08_00_4月25日18_00,0,0,0,0,0,0,0,0,0.000553,43.7,0.000553,35.7,0.000553,27.5,0.000553,43,-0.011655,53,0.000555,52.6,0,0,0,0,0,0,0,0,0,-18.7374,50.1,-17.8398,56.7,-18.265,53.2,-17.9988,53,-17.4471,51.4,-17.952,51,24.9,0,-108.248988,-108.248988,47.575,12,False,24.9,True,0,linear,confirmed_shore,none,False,,excluded,confirmed_shore
2024-04-25 17:53:57,4月25日08_00_4月25日18_00,0,0,0,0,0,0,0,0,0.000553,43.7,0.000553,35.7,0.000553,27.5,0.000553,43,-0.011655,53,0.000555,52.6,0,0,0,0,0,0,0,0,0,-18.7935,50.2,-18.2088,56.8,-18.3774,53.3,-18.1686,53.1,-17.6154,51.5,-17.952,51.1,25.4,0,-109.124588,-109.124588,47.625,12,False,25.4,True,0,linear,confirmed_shore,none,False,,excluded,confirmed_shore
2024-04-25 17:54:27,4月25日08_00_4月25日18_00,0,0,0,0,0,0,0,0,0.000553,43.7,0.000553,35.7,0.000553,27.5,0.000553,43,-0.011655,53,0.000555,52.6,0,0,0,0,0,0,0,0,0,-18.513,50.3,-17.8716,56.9,-17.8154,53.4,-18.1686,53.2,-17.3349,51.6,-18.0081,51.2,24.4,0,-107.720488,-107.720488,47.675,12,False,24.4,True,0,linear,confirmed_shore,none,False,,excluded,confirmed_shore
2024-04-25 17:54:57,4月25日08_00_4月25日18_00,0,0,0,0,0,0,0,0,0.000553,43.7,0.000553,35.7,0.000553,27.5,0.000553,43,-0.011655,53,0.000555,52.6,0,0,0,0,0,0,0,0,0,-19.1862,50.4,-18.4898,57,-18.3212,53.5,-17.9988,53.3,-17.7276,51.7,-18.5691,51.3,24.2,0,-110.301588,-110.301588,47.725,12,False,24.2,True,0,linear,confirmed_shore,none,False,,excluded,confirmed_shore
2024-04-25 17:55:27,4月25日08_00_4月25日18_00,0,0,0,0,0,0,0,0,0.000553,43.7,0.000553,35.7,0.000553,27.5,0.000553,43,-0.011655,53,0.000555,52.6,0,0,0,0,0,0,0,0,0,-18.2886,50.5,-17.8154,57.1,-18.265,53.6,-17.829,53.4,-17.4471,51.8,-18.0642,51.4,24.6,0,-107.718188,-107.718188,47.775,12,False,24.6,True,0,linear,confirmed_shore,none,False,,excluded,confirmed_shore
2024-04-25 17:55:57,4月25日08_00_4月25日18_00,0,0,0,0,0,0,0,0,0.000553,43.7,0.000553,35.7,0.000553,27.5,0.000553,43,-0.011655,53,0.000555,52.6,0,0,0,0,0,0,0,0,0,-18.5691,50.6,-17.9278,57.2,-18.0964,53.7,-18.0554,53.5,-17.391,51.9,-17.952,51.5,24.9,0,-108.000588,-108.000588,47.825,12,False,24.9,True,0,linear,confirmed_shore,none,False,,excluded,confirmed_shore
2024-04-25 17:56:27,4月25日08_00_4月25日18_00,0,0,0,0,0,0,0,0,0.000553,43.7,0.000553,35.7,0.000553,27.5,0.000553,43,-0.01221,53,0.000555,52.6,0,0,0,0,0,0,0,0,0,-18.5691,50.7,-18.0402,57.3,-17.984,53.8,-18.0554,53.6,-17.5593,52,-18.1764,51.6,24,0,-108.393843,-108.393843,47.875,12,False,24,True,0,linear,confirmed_shore,none,False,,excluded,confirmed_shore
2024-04-25 17:56:57,4月25日08_00_4月25日18_00,0,0,0,0,0,0,0,0,0.000553,43.7,0.000553,35.7,0.000553,27.5,0.000553,43,-0.01332,53,0.000555,52.6,0,0,0,0,0,0,0,0,0,-18.6813,50.8,-18.0402,57.4,-18.1526,53.9,-17.9422,53.6,-17.5593,52.1,-17.8398,51.7,24.8,0,-108.225953,-108.225953,47.9166666667,12,False,24.8,True,0,linear,confirmed_shore,none,False,,excluded,confirmed_shore
2024-04-25 17:57:27,4月25日08_00_4月25日18_00,0,0,0,0,0,0,0,0,0.000553,43.7,0.000553,35.7,0.000553,27.5,0.000553,43,-0.01332,53,0.000555,52.6,0,0,0,0,0,0,0,0,0,-18.6813,50.9,-17.8716,57.5,-17.9278,54,-17.8856,53.7,-17.6715,52.2,-18.0081,51.8,23.8,0,-108.056453,-108.056453,47.9666666667,12,False,23.8,True,0,linear,confirmed_shore,none,False,,excluded,confirmed_shore
2024-04-25 17:57:57,4月25日08_00_4月25日18_00,0,0,0,0,0,0,0,0,0.000553,43.7,0.000553,35.7,0.000553,27.5,0.000553,43,-0.012765,53,0.000555,52.6,0,0,0,0,0,0,0,0,0,-18.9057,51,-18.2088,57.6,-18.3774,54.1,-17.7724,53.8,-17.6715,52.3,-18.2886,51.9,25.2,0,-109.234398,-109.234398,48.0166666667,12,False,25.2,True,0,linear,confirmed_shore,none,False,,excluded,confirmed_shore
2024-04-25 17:58:27,4月25日08_00_4月25日18_00,0,0,0,0,0,0,0,0,0.000553,43.7,0.000553,35.7,0.000553,27.5,0.000553,43,-0.01332,53,0.000555,52.6,0,0,0,0,0,0,0,0,0,-18.6813,51.1,-17.8716,57.7,-18.2088,54.2,-17.9422,53.9,-17.7276,52.3,-18.2325,52,25.2,0,-108.674553,-108.674553,48.0583333333,12,False,25.2,True,0,linear,confirmed_shore,none,False,,excluded,confirmed_shore
2024-04-25 17:58:57,4月25日08_00_4月25日18_00,0,0,0,0,0,0,0,0,0.000553,43.7,0.000553,35.7,0.000553,27.5,0.000553,43,-0.01332,53,0.000555,52.6,0,0,0,0,0,0,0,0,0,-18.8496,51.2,-18.0402,57.8,-18.265,54.2,-17.829,54,-17.4471,52.4,-18.5691,52.1,23.8,0,-109.010553,-109.010553,48.1,12,False,23.8,True,0,linear,confirmed_shore,none,False,,excluded,confirmed_shore
2024-04-25 17:59:27,4月25日08_00_4月25日18_00,0,0,0,0,0,0,0,0,0.000553,43.7,0.000553,35.7,0.000553,27.5,0.000553,43,-0.01332,53,0.000555,52.6,0,0,0,0,0,0,0,0,0,-19.074,51.3,-18.2088,57.9,-18.1526,54.3,-17.546,54.1,-17.6715,52.5,-18.1764,52.2,24.4,0,-108.839853,-108.839853,48.15,12,False,24.4,True,0,linear,confirmed_shore,none,False,,excluded,confirmed_shore
2024-04-25 17:59:57,4月25日08_00_4月25日18_00,0,0,0,0,0,0,0,0,0.000553,43.7,0.000553,35.7,0.000553,27.5,0.000553,43,-0.01332,53,0.000555,52.6,0,0,0,0,0,0,0,0,0,-18.6252,51.4,-17.8716,57.9,-18.2088,54.4,-18.112,54.2,-17.6715,52.6,-18.513,52.3,25.6,0,-109.012653,-109.012653,48.1916666667,12,False,25.6,True,0,linear,confirmed_shore,none,False,,excluded,confirmed_shore
