voyage_id,step,time_s,status,success,total_controller_ms,iterations,load_total_kw,P_fc_kw,P_batt_kw,SOC,balance_violation_kw,ramp_violation_kw,soc_violation
voyage_063,5861,5861.0,primal infeasible,False,1.4017000794410706,150,632.6990383521363,,,0.49872612688279633,,,0.0
voyage_063,5862,5862.0,primal infeasible,False,1.9515000749379396,250,631.6351871047026,,,0.49872612688279633,,,0.0
voyage_063,5863,5863.0,primal infeasible,False,1.7844999674707651,325,630.6638947250275,,,0.49872612688279633,,,0.0
voyage_063,5864,5864.0,primal infeasible,False,3.550100023858249,675,629.7845561583765,,,0.49872612688279633,,,0.0
voyage_063,5865,5865.0,primal infeasible,False,3.4629000583663583,600,628.9965663500154,,,0.49872612688279633,,,0.0
voyage_063,5866,5866.0,primal infeasible,False,4.830299993045628,925,628.2993202452096,,,0.49872612688279633,,,0.0
voyage_063,5867,5867.0,primal infeasible,False,3.5961000248789787,700,627.692212789225,,,0.49872612688279633,,,0.0
voyage_063,5868,5868.0,primal infeasible,False,4.487499943934381,875,627.174638927327,,,0.49872612688279633,,,0.0
voyage_063,5869,5869.0,primal infeasible,False,4.313799901865423,800,626.7459936047812,,,0.49872612688279633,,,0.0
voyage_063,5870,5870.0,primal infeasible,False,4.904899979010224,900,626.4056717668535,,,0.49872612688279633,,,0.0
voyage_063,5871,5871.0,primal infeasible,False,4.148000036366284,725,626.1530683588092,,,0.49872612688279633,,,0.0
voyage_063,5872,5872.0,primal infeasible,False,3.660299931652844,625,625.9875783259142,,,0.49872612688279633,,,0.0
voyage_063,5873,5873.0,primal infeasible,False,3.8885000394657254,700,625.9085966134339,,,0.49872612688279633,,,0.0
voyage_063,5874,5874.0,primal infeasible,False,4.30239993147552,725,625.9155181666342,,,0.49872612688279633,,,0.0
voyage_063,5875,5875.0,primal infeasible,False,3.0854999786242843,550,626.0077379307804,,,0.49872612688279633,,,0.0
voyage_063,5876,5876.0,primal infeasible,False,2.6769000105559826,500,626.1846508511385,,,0.49872612688279633,,,0.0
voyage_063,5877,5877.0,primal infeasible,False,3.495900076813996,525,626.4456518729738,,,0.49872612688279633,,,0.0
voyage_063,5878,5878.0,primal infeasible,False,3.9308000123128295,450,626.7901359415521,,,0.49872612688279633,,,0.0
voyage_063,5879,5879.0,primal infeasible,False,2.9150000773370266,425,627.2174980021389,,,0.49872612688279633,,,0.0
voyage_063,5880,5880.0,primal infeasible,False,2.2218000376597047,300,627.727133,,,0.49872612688279633,,,0.0
voyage_063,5881,5881.0,primal infeasible,False,1.680699991993606,275,628.3183283238349,,,0.49872612688279633,,,0.0
voyage_063,5882,5882.0,primal infeasible,False,1.3548999559134245,175,628.9899411360781,,,0.49872612688279633,,,0.0
voyage_063,5883,5883.0,primal infeasible,False,0.960600096732378,150,629.7407210425989,,,0.49872612688279633,,,0.0
voyage_063,5884,5884.0,primal infeasible,False,1.2843000004068017,200,630.5694176492658,,,0.49872612688279633,,,0.0
voyage_063,5885,5885.0,primal infeasible,False,0.6684999680146575,100,631.4747805619477,,,0.49872612688279633,,,0.0
voyage_063,5886,5886.0,primal infeasible,False,0.726299942471087,100,632.4555593865132,,,0.49872612688279633,,,0.0
voyage_063,5887,5887.0,primal infeasible,False,0.6431001238524914,100,633.5105037288312,,,0.49872612688279633,,,0.0
voyage_063,5888,5888.0,primal infeasible,False,1.119400025345385,125,634.6383631947704,,,0.49872612688279633,,,0.0
voyage_063,5889,5889.0,primal infeasible,False,1.0937999468296766,125,635.8378873901997,,,0.49872612688279633,,,0.0
voyage_063,5890,5890.0,primal infeasible,False,0.798800028860569,125,637.1078259209878,,,0.49872612688279633,,,0.0
voyage_063,5891,5891.0,primal infeasible,False,0.7116000633686781,125,638.4469283930034,,,0.49872612688279633,,,0.0
voyage_063,5892,5892.0,primal infeasible,False,0.7844000356271863,125,639.8539444121153,,,0.49872612688279633,,,0.0
voyage_063,5893,5893.0,primal infeasible,False,0.7809000089764595,125,641.3276235841922,,,0.49872612688279633,,,0.0
voyage_063,5894,5894.0,primal infeasible,False,0.7538000354543328,125,642.8667155151032,,,0.49872612688279633,,,0.0
voyage_063,5895,5895.0,primal infeasible,False,0.7203000131994486,125,644.4699698107166,,,0.49872612688279633,,,0.0
voyage_063,5896,5896.0,primal infeasible,False,0.7124000694602728,125,646.1361360769017,,,0.49872612688279633,,,0.0
voyage_063,5897,5897.0,primal infeasible,False,0.7232000352814794,125,647.8639639195268,,,0.49872612688279633,,,0.0
voyage_063,5898,5898.0,primal infeasible,False,0.723400036804378,125,649.6522029444607,,,0.49872612688279633,,,0.0
voyage_063,5899,5899.0,primal infeasible,False,0.7838000310584903,125,651.4996027575725,,,0.49872612688279633,,,0.0
voyage_063,5900,5900.0,primal infeasible,False,0.8560999995097518,125,653.4049129647308,,,0.49872612688279633,,,0.0
voyage_063,5901,5901.0,primal infeasible,False,0.7369000231847167,125,655.3668831718043,,,0.49872612688279633,,,0.0
voyage_063,5902,5902.0,primal infeasible,False,0.7529999129474163,125,657.3842629846617,,,0.49872612688279633,,,0.0
voyage_063,5903,5903.0,primal infeasible,False,0.7459999760612845,125,659.4558020091722,,,0.49872612688279633,,,0.0
voyage_063,5904,5904.0,primal infeasible,False,0.7543000392615795,125,661.580249851204,,,0.49872612688279633,,,0.0
voyage_063,5905,5905.0,primal infeasible,False,0.7239000406116247,125,663.7563561166264,,,0.49872612688279633,,,0.0
voyage_063,5906,5906.0,primal infeasible,False,0.7409000536426902,125,665.9828704113079,,,0.49872612688279633,,,0.0
voyage_063,5907,5907.0,primal infeasible,False,0.7082000374794006,125,668.258542341117,,,0.49872612688279633,,,0.0
voyage_063,5908,5908.0,primal infeasible,False,0.7184999994933605,125,670.5821215119231,,,0.49872612688279633,,,0.0
voyage_063,5909,5909.0,primal infeasible,False,0.8853999897837639,125,672.9523575295945,,,0.49872612688279633,,,0.0
voyage_063,5910,5910.0,primal infeasible,False,1.0266000172123313,125,675.368,,,0.49872612688279633,,,0.0
voyage_063,5911,5911.0,primal infeasible,False,0.7676000241190195,125,677.8269569690182,,,0.49872612688279633,,,0.0
voyage_063,5912,5912.0,primal infeasible,False,0.9043000172823668,125,680.3237702425653,,,0.49872612688279633,,,0.0
voyage_063,5913,5913.0,primal infeasible,False,0.7591999601572752,125,682.852140066567,,,0.49872612688279633,,,0.0
voyage_063,5914,5914.0,primal infeasible,False,0.7028001127764583,125,685.4057666869498,,,0.49872612688279633,,,0.0
voyage_063,5915,5915.0,primal infeasible,False,0.6838000845164061,125,687.9783503496393,,,0.49872612688279633,,,0.0
voyage_063,5916,5916.0,primal infeasible,False,0.42810000013560057,75,690.5635913005616,,,0.49872612688279633,,,0.0
voyage_063,5917,5917.0,primal infeasible,False,0.42639998719096184,75,693.1551897856425,,,0.49872612688279633,,,0.0
voyage_063,5918,5918.0,primal infeasible,False,0.43370004277676344,75,695.7468460508081,,,0.49872612688279633,,,0.0
voyage_063,5919,5919.0,primal infeasible,False,0.43139990884810686,75,698.3322603419845,,,0.49872612688279633,,,0.0
voyage_063,5920,5920.0,primal infeasible,False,0.44219999108463526,75,700.9051329050972,,,0.49872612688279633,,,0.0
voyage_063,5921,5921.0,primal infeasible,False,0.42349996510893106,75,703.4591639860724,,,0.49872612688279633,,,0.0
voyage_063,5922,5922.0,primal infeasible,False,0.44329999946057796,75,705.9880538308363,,,0.49872612688279633,,,0.0
voyage_063,5923,5923.0,primal infeasible,False,0.4282000008970499,75,708.4855026853145,,,0.49872612688279633,,,0.0
voyage_063,5924,5924.0,primal infeasible,False,0.4288000054657459,75,710.9452107954331,,,0.49872612688279633,,,0.0
voyage_063,5925,5925.0,primal infeasible,False,0.42529997881501913,75,713.3608784071179,,,0.49872612688279633,,,0.0
voyage_063,5926,5926.0,primal infeasible,False,0.4563999827951193,75,715.726205766295,,,0.49872612688279633,,,0.0
voyage_063,5927,5927.0,primal infeasible,False,0.4308999050408602,75,718.0348931188904,,,0.49872612688279633,,,0.0
voyage_063,5928,5928.0,primal infeasible,False,0.422299955971539,75,720.2806407108301,,,0.49872612688279633,,,0.0
voyage_063,5929,5929.0,primal infeasible,False,0.4221000708639622,75,722.45714878804,,,0.49872612688279633,,,0.0
voyage_063,5930,5930.0,primal infeasible,False,0.4336000420153141,75,724.5581175964459,,,0.49872612688279633,,,0.0
voyage_063,5931,5931.0,primal infeasible,False,0.4186000442132354,75,726.5772473819737,,,0.49872612688279633,,,0.0
voyage_063,5932,5932.0,primal infeasible,False,0.4141000099480152,75,728.5082383905496,,,0.49872612688279633,,,0.0
voyage_063,5933,5933.0,primal infeasible,False,0.4168000305071473,75,730.3447908680996,,,0.49872612688279633,,,0.0
voyage_063,5934,5934.0,primal infeasible,False,0.41550002060830593,75,732.0806050605494,,,0.49872612688279633,,,0.0
voyage_063,5935,5935.0,primal infeasible,False,0.41990005411207676,75,733.709381213825,,,0.49872612688279633,,,0.0
voyage_063,5936,5936.0,primal infeasible,False,0.4140000091865659,75,735.2248195738525,,,0.49872612688279633,,,0.0
voyage_063,5937,5937.0,primal infeasible,False,0.430300016887486,75,736.6206203865579,,,0.49872612688279633,,,0.0
voyage_063,5938,5938.0,primal infeasible,False,0.41559990495443344,75,737.8904838978669,,,0.49872612688279633,,,0.0
voyage_063,5939,5939.0,primal infeasible,False,0.41450001299381256,75,739.0281103537056,,,0.49872612688279633,,,0.0
voyage_063,5940,5940.0,primal infeasible,False,0.4308999050408602,75,740.0272,,,0.49872612688279633,,,0.0
voyage_063,5941,5941.0,primal infeasible,False,0.44650002382695675,75,740.8832225804632,,,0.49872612688279633,,,0.0
voyage_063,5942,5942.0,primal infeasible,False,0.42180006857961416,75,741.5987258299577,,,0.49872612688279633,,,0.0
voyage_063,5943,5943.0,primal infeasible,False,0.4252000944688916,75,742.178026981133,,,0.49872612688279633,,,0.0
voyage_063,5944,5944.0,primal infeasible,False,0.43560005724430084,75,742.625443266639,,,0.49872612688279633,,,0.0
voyage_063,5945,5945.0,primal infeasible,False,0.439500086940825,75,742.9452919191249,,,0.49872612688279633,,,0.0
voyage_063,5946,5946.0,primal infeasible,False,0.4192999331280589,75,743.1418901712406,,,0.49872612688279633,,,0.0
voyage_063,5947,5947.0,primal infeasible,False,0.4146000137552619,75,743.2195552556358,,,0.49872612688279633,,,0.0
voyage_063,5948,5948.0,primal infeasible,False,0.4165000282227993,75,743.18260440496,,,0.49872612688279633,,,0.0
voyage_063,5949,5949.0,primal infeasible,False,0.4192000487819314,75,743.0353548518628,,,0.49872612688279633,,,0.0
voyage_063,5950,5950.0,primal infeasible,False,0.41750003583729267,75,742.782123828994,,,0.49872612688279633,,,0.0
voyage_063,5951,5951.0,primal infeasible,False,0.4138000076636672,75,742.4272285690032,,,0.49872612688279633,,,0.0
voyage_063,5952,5952.0,primal infeasible,False,0.41340000461786985,75,741.9749863045399,,,0.49872612688279633,,,0.0
voyage_063,5953,5953.0,primal infeasible,False,0.7923999801278114,150,741.4297142682539,,,0.49872612688279633,,,0.0
voyage_063,5954,5954.0,primal infeasible,False,1.1648000217974186,225,740.7957296927946,,,0.49872612688279633,,,0.0
voyage_063,5955,5955.0,primal infeasible,False,1.5602000057697296,275,740.0773498108118,,,0.49872612688279633,,,0.0
voyage_063,5956,5956.0,primal infeasible,False,1.5498000429943204,275,739.2788918549552,,,0.49872612688279633,,,0.0
voyage_063,5957,5957.0,primal infeasible,False,1.4621000736951828,275,738.4046730578743,,,0.49872612688279633,,,0.0
voyage_063,5958,5958.0,primal infeasible,False,1.95720000192523,375,737.4590106522187,,,0.49872612688279633,,,0.0
voyage_063,5959,5959.0,primal infeasible,False,2.2207999136298895,400,736.4462218706384,,,0.49872612688279633,,,0.0
voyage_063,5960,5960.0,primal infeasible,False,3.2848999835550785,550,735.3706239457825,,,0.49872612688279633,,,0.0
voyage_063,5961,5961.0,primal infeasible,False,3.620699979364872,550,734.236534110301,,,0.49872612688279633,,,0.0
voyage_063,5962,5962.0,primal infeasible,False,3.681299975141883,525,733.0482695968434,,,0.49872612688279633,,,0.0
voyage_063,5963,5963.0,primal infeasible,False,2.8039999306201935,525,731.8101476380592,,,0.49872612688279633,,,0.0
voyage_063,5964,5964.0,primal infeasible,False,2.756600035354495,525,730.5264854665984,,,0.49872612688279633,,,0.0
voyage_063,5965,5965.0,primal infeasible,False,2.949999994598329,525,729.2016003151105,,,0.49872612688279633,,,0.0
voyage_063,5966,5966.0,primal infeasible,False,2.9973000055179,525,727.8398094162449,,,0.49872612688279633,,,0.0
voyage_063,5967,5967.0,primal infeasible,False,2.894999925047159,525,726.4454300026514,,,0.49872612688279633,,,0.0
voyage_063,5968,5968.0,primal infeasible,False,2.948300098069012,525,725.0227793069796,,,0.49872612688279633,,,0.0
voyage_063,5969,5969.0,primal infeasible,False,3.2699001021683216,600,723.5761745618793,,,0.49872612688279633,,,0.0
voyage_063,5970,5970.0,primal infeasible,False,3.2256999984383583,575,722.109933,,,0.49872612688279633,,,0.0
voyage_063,5971,5971.0,primal infeasible,False,3.114999970421195,575,720.6286070747215,,,0.49872612688279633,,,0.0
voyage_063,5972,5972.0,primal infeasible,False,0.6266999989748001,100,719.1376901223447,,,0.49872612688279633,,,0.0
voyage_063,5973,5973.0,primal infeasible,False,0.5571999354287982,100,717.6429106999008,,,0.49872612688279633,,,0.0
voyage_063,5974,5974.0,primal infeasible,False,0.5595999537035823,100,716.1499973644205,,,0.49872612688279633,,,0.0
voyage_063,5975,5975.0,primal infeasible,False,0.5608999636024237,100,714.6646786729352,,,0.49872612688279633,,,0.0
voyage_063,5976,5976.0,primal infeasible,False,0.5580999422818422,100,713.1926831824759,,,0.49872612688279633,,,0.0
voyage_063,5977,5977.0,primal infeasible,False,0.6584000075235963,125,711.7397394500736,,,0.49872612688279633,,,0.0
voyage_063,5978,5978.0,primal infeasible,False,0.8475000504404306,125,710.3115760327593,,,0.49872612688279633,,,0.0
voyage_063,5979,5979.0,primal infeasible,False,0.9539999300613999,125,708.9139214875643,,,0.49872612688279633,,,0.0
voyage_063,5980,5980.0,primal infeasible,False,0.7150999736040831,125,707.5525043715191,,,0.49872612688279633,,,0.0
voyage_063,5981,5981.0,primal infeasible,False,0.6980000762268901,125,706.2330532416555,,,0.49872612688279633,,,0.0
voyage_063,5982,5982.0,primal infeasible,False,0.6911000236868858,125,704.9612966550042,,,0.49872612688279633,,,0.0
voyage_063,5983,5983.0,primal infeasible,False,0.687899999320507,125,703.7429631685962,,,0.49872612688279633,,,0.0
voyage_063,5984,5984.0,primal infeasible,False,0.7055000169202685,125,702.5837813394628,,,0.49872612688279633,,,0.0
voyage_063,5985,5985.0,primal infeasible,False,0.8549001067876816,125,701.489479724635,,,0.49872612688279633,,,0.0
voyage_063,5986,5986.0,primal infeasible,False,0.713899964466691,125,700.4657868811435,,,0.49872612688279633,,,0.0
voyage_063,5987,5987.0,primal infeasible,False,0.7251999340951443,125,699.5184313660199,,,0.49872612688279633,,,0.0
voyage_063,5988,5988.0,primal infeasible,False,0.7083999225869775,125,698.6531417362947,,,0.49872612688279633,,,0.0
voyage_063,5989,5989.0,primal infeasible,False,0.7084000390022993,125,697.8756465489995,,,0.49872612688279633,,,0.0
voyage_063,5990,5990.0,primal infeasible,False,0.7189000025391579,125,697.1916743611649,,,0.49872612688279633,,,0.0
voyage_063,5991,5991.0,primal infeasible,False,0.7689000340178609,125,696.6069537298224,,,0.49872612688279633,,,0.0
voyage_063,5992,5992.0,primal infeasible,False,0.8423000108450651,125,696.1272132120029,,,0.49872612688279633,,,0.0
voyage_063,5993,5993.0,primal infeasible,False,0.7107001729309559,125,695.7581813647373,,,0.49872612688279633,,,0.0
voyage_063,5994,5994.0,primal infeasible,False,0.9441000875085592,125,695.5055867450568,,,0.49872612688279633,,,0.0
voyage_063,5995,5995.0,primal infeasible,False,0.8794000605121255,125,695.3751579099925,,,0.49872612688279633,,,0.0
voyage_063,5996,5996.0,primal infeasible,False,0.7440999615937471,125,695.3726234165753,,,0.49872612688279633,,,0.0
voyage_063,5997,5997.0,primal infeasible,False,0.789299956522882,125,695.5037118218363,,,0.49872612688279633,,,0.0
voyage_063,5998,5998.0,primal infeasible,False,0.7289000786840916,125,695.7741516828069,,,0.49872612688279633,,,0.0
voyage_063,5999,5999.0,primal infeasible,False,0.6900000153109431,125,696.1896715565176,,,0.49872612688279633,,,0.0
voyage_063,6000,6000.0,primal infeasible,False,0.6941999308764935,125,696.756,,,0.49872612688279633,,,0.0
voyage_063,6001,6001.0,primal infeasible,False,0.671599991619587,125,697.4764289475395,,,0.49872612688279633,,,0.0
voyage_063,6002,6002.0,primal infeasible,False,0.6770000327378511,125,698.3445038424411,,,0.49872612688279633,,,0.0
voyage_063,6003,6003.0,primal infeasible,False,0.6825000746175647,125,699.351333505264,,,0.49872612688279633,,,0.0
voyage_063,6004,6004.0,primal infeasible,False,0.6819000700488687,125,700.4880267565677,,,0.49872612688279633,,,0.0
voyage_063,6005,6005.0,primal infeasible,False,0.6941000465303659,125,701.745692416912,,,0.49872612688279633,,,0.0
voyage_063,6006,6006.0,primal infeasible,False,0.6881000008434057,125,703.1154393068557,,,0.49872612688279633,,,0.0
voyage_063,6007,6007.0,primal infeasible,False,0.672499998472631,125,704.5883762469588,,,0.49872612688279633,,,0.0
voyage_063,6008,6008.0,primal infeasible,False,0.6861999863758683,125,706.1556120577804,,,0.49872612688279633,,,0.0
voyage_063,6009,6009.0,primal infeasible,False,0.6742000114172697,125,707.8082555598804,,,0.49872612688279633,,,0.0
voyage_063,6010,6010.0,primal infeasible,False,0.6717999931424856,125,709.5374155738178,,,0.49872612688279633,,,0.0
voyage_063,6011,6011.0,primal infeasible,False,0.6807999452576041,125,711.334200920152,,,0.49872612688279633,,,0.0
voyage_063,6012,6012.0,primal infeasible,False,0.6922000320628285,125,713.189720419443,,,0.49872612688279633,,,0.0
voyage_063,6013,6013.0,primal infeasible,False,0.6952000549063087,125,715.0950828922497,,,0.49872612688279633,,,0.0
voyage_063,6014,6014.0,primal infeasible,False,0.7170999888330698,125,717.0413971591316,,,0.49872612688279633,,,0.0
voyage_063,6015,6015.0,primal infeasible,False,0.6874999962747097,125,719.0197720406486,,,0.49872612688279633,,,0.0
voyage_063,6016,6016.0,primal infeasible,False,0.6637000478804111,125,721.0213163573596,,,0.49872612688279633,,,0.0
voyage_063,6017,6017.0,primal infeasible,False,0.6656000623479486,125,723.0371389298243,,,0.49872612688279633,,,0.0
voyage_063,6018,6018.0,primal infeasible,False,0.6639000494033098,125,725.0583485786022,,,0.49872612688279633,,,0.0
voyage_063,6019,6019.0,primal infeasible,False,0.6665999535471201,125,727.0760541242528,,,0.49872612688279633,,,0.0
voyage_063,6020,6020.0,primal infeasible,False,0.6828999612480402,125,729.0813643873353,,,0.49872612688279633,,,0.0
voyage_063,6021,6021.0,primal infeasible,False,0.6618999177590013,125,731.0653881884092,,,0.49872612688279633,,,0.0
voyage_063,6022,6022.0,primal infeasible,False,0.6739000091329217,125,733.019234348034,,,0.49872612688279633,,,0.0
voyage_063,6023,6023.0,primal infeasible,False,0.6694000912830234,125,734.9340116867693,,,0.49872612688279633,,,0.0
voyage_063,6024,6024.0,primal infeasible,False,0.6626000395044684,125,736.8008290251744,,,0.49872612688279633,,,0.0
voyage_063,6025,6025.0,primal infeasible,False,0.6565999938175082,125,738.6107951838088,,,0.49872612688279633,,,0.0
voyage_063,6026,6026.0,primal infeasible,False,0.6622000364586711,125,740.3550189832317,,,0.49872612688279633,,,0.0
voyage_063,6027,6027.0,primal infeasible,False,0.6886000046506524,125,742.0246092440029,,,0.49872612688279633,,,0.0
voyage_063,6028,6028.0,primal infeasible,False,0.6770000327378511,125,743.6106747866819,,,0.49872612688279633,,,0.0
voyage_063,6029,6029.0,primal infeasible,False,0.42660010512918234,75,745.1043244318278,,,0.49872612688279633,,,0.0
voyage_063,6030,6030.0,primal infeasible,False,0.4189000464975834,75,746.496667,,,0.49872612688279633,,,0.0
voyage_063,6031,6031.0,primal infeasible,False,0.4168999148532748,75,747.7805814733795,,,0.49872612688279633,,,0.0
voyage_063,6032,6032.0,primal infeasible,False,0.6523999618366361,125,748.9560274806317,,,0.49872612688279633,,,0.0
voyage_063,6033,6033.0,primal infeasible,False,0.6787000456824899,125,750.0247348120432,,,0.49872612688279633,,,0.0
voyage_063,6034,6034.0,primal infeasible,False,0.6712999893352389,125,750.9884332579007,,,0.49872612688279633,,,0.0
voyage_063,6035,6035.0,primal infeasible,False,0.6615000311285257,125,751.8488526084911,,,0.49872612688279633,,,0.0
voyage_063,6036,6036.0,primal infeasible,False,0.6759000243619084,125,752.6077226541009,,,0.49872612688279633,,,0.0
voyage_063,6037,6037.0,primal infeasible,False,0.6625999230891466,125,753.266773185017,,,0.49872612688279633,,,0.0
voyage_063,6038,6038.0,primal infeasible,False,0.6686999695375562,125,753.8277339915257,,,0.49872612688279633,,,0.0
voyage_063,6039,6039.0,primal infeasible,False,0.6573999999091029,125,754.2923348639141,,,0.49872612688279633,,,0.0
voyage_063,6040,6040.0,primal infeasible,False,0.6563999922946095,125,754.6623055924688,,,0.49872612688279633,,,0.0
voyage_063,6041,6041.0,primal infeasible,False,0.6683000829070807,125,754.9393759674764,,,0.49872612688279633,,,0.0
voyage_063,6042,6042.0,primal infeasible,False,0.8170000510290265,125,755.1252757792238,,,0.49872612688279633,,,0.0
voyage_063,6043,6043.0,primal infeasible,False,0.6683000829070807,125,755.2217348179975,,,0.49872612688279633,,,0.0
voyage_063,6044,6044.0,primal infeasible,False,0.6784000433981419,125,755.2304828740843,,,0.49872612688279633,,,0.0
voyage_063,6045,6045.0,primal infeasible,False,0.6666999543085694,125,755.1532497377708,,,0.49872612688279633,,,0.0
voyage_063,6046,6046.0,primal infeasible,False,0.6612999131903052,125,754.9917651993437,,,0.49872612688279633,,,0.0
voyage_063,6047,6047.0,primal infeasible,False,0.6793000502511859,125,754.7477590490901,,,0.49872612688279633,,,0.0
voyage_063,6048,6048.0,primal infeasible,False,0.7122000679373741,125,754.422961077296,,,0.49872612688279633,,,0.0
voyage_063,6049,6049.0,primal infeasible,False,0.6787000456824899,125,754.0191010742489,,,0.49872612688279633,,,0.0
voyage_063,6050,6050.0,primal infeasible,False,0.6663999520242214,125,753.5379088302348,,,0.49872612688279633,,,0.0
voyage_063,6051,6051.0,primal infeasible,False,0.6717999931424856,125,752.9811141355407,,,0.49872612688279633,,,0.0
voyage_063,6052,6052.0,primal infeasible,False,0.6658000638708472,125,752.3504467804535,,,0.49872612688279633,,,0.0
voyage_063,6053,6053.0,primal infeasible,False,0.9322999976575375,125,751.6476365552594,,,0.49872612688279633,,,0.0
voyage_063,6054,6054.0,primal infeasible,False,1.0754000395536423,125,750.8744132502457,,,0.49872612688279633,,,0.0
voyage_063,6055,6055.0,primal infeasible,False,0.7822999032214284,125,750.0325066556985,,,0.49872612688279633,,,0.0
voyage_063,6056,6056.0,primal infeasible,False,0.8333999430760741,125,749.123646561905,,,0.49872612688279633,,,0.0
voyage_063,6057,6057.0,primal infeasible,False,0.7432999555021524,125,748.1495627591516,,,0.49872612688279633,,,0.0
voyage_063,6058,6058.0,primal infeasible,False,0.6977000739425421,125,747.1119850377252,,,0.49872612688279633,,,0.0
voyage_063,6059,6059.0,primal infeasible,False,0.6769000319764018,125,746.0126431879125,,,0.49872612688279633,,,0.0
voyage_063,6060,6060.0,primal infeasible,False,0.6796000525355339,125,744.853267,,,0.49872612688279633,,,0.0
voyage_063,6061,6061.0,primal infeasible,False,0.6883000023663044,125,743.6350764553498,,,0.49872612688279633,,,0.0
voyage_063,6062,6062.0,primal infeasible,False,0.7483999943360686,125,742.3572522996246,,,0.49872612688279633,,,0.0
voyage_063,6063,6063.0,primal infeasible,False,0.9622999932616949,125,741.018465469563,,,0.49872612688279633,,,0.0
voyage_063,6064,6064.0,primal infeasible,False,0.7743000751361251,125,739.617386901903,,,0.49872612688279633,,,0.0
voyage_063,6065,6065.0,primal infeasible,False,0.6762000266462564,125,738.1526875333826,,,0.49872612688279633,,,0.0
voyage_063,6066,6066.0,primal infeasible,False,0.6841000868007541,125,736.6230383007403,,,0.49872612688279633,,,0.0
voyage_063,6067,6067.0,primal infeasible,False,0.6700999801978469,125,735.0271101407141,,,0.49872612688279633,,,0.0
voyage_063,6068,6068.0,primal infeasible,False,0.6695999763906002,125,733.3635739900423,,,0.49872612688279633,,,0.0
voyage_063,6069,6069.0,primal infeasible,False,0.6795999361202121,125,731.631100785463,,,0.49872612688279633,,,0.0
voyage_063,6070,6070.0,primal infeasible,False,0.9274999611079693,175,729.8283614637143,,,0.49872612688279633,,,0.0
voyage_063,6071,6071.0,primal infeasible,False,0.9114999556913972,175,727.9540269615346,,,0.49872612688279633,,,0.0
voyage_063,6072,6072.0,primal infeasible,False,0.900499988347292,175,726.006768215662,,,0.49872612688279633,,,0.0
voyage_063,6073,6073.0,primal infeasible,False,0.9114999556913972,175,723.9852561628345,,,0.49872612688279633,,,0.0
voyage_063,6074,6074.0,primal infeasible,False,0.9220000356435776,175,721.8881617397906,,,0.49872612688279633,,,0.0
voyage_063,6075,6075.0,primal infeasible,False,0.9395000524818897,175,719.7141558832682,,,0.49872612688279633,,,0.0
voyage_063,6076,6076.0,primal infeasible,False,0.9728999575600028,175,717.4619095300058,,,0.49872612688279633,,,0.0
voyage_063,6077,6077.0,primal infeasible,False,1.4407000271603465,275,715.1300936167414,,,0.49872612688279633,,,0.0
voyage_063,6078,6078.0,primal infeasible,False,2.0539999241009355,400,712.7173790802132,,,0.49872612688279633,,,0.0
voyage_063,6079,6079.0,primal infeasible,False,2.471499959938228,475,710.2224368571594,,,0.49872612688279633,,,0.0
voyage_063,6080,6080.0,primal infeasible,False,2.7707000263035297,500,707.6439378843182,,,0.49872612688279633,,,0.0
voyage_063,6081,6081.0,primal infeasible,False,4.004099988378584,775,704.9805530984278,,,0.49872612688279633,,,0.0
voyage_063,6082,6082.0,primal infeasible,False,7.375200046226382,1475,702.2309534362263,,,0.49872612688279633,,,0.0
voyage_063,6083,6083.0,primal infeasible,False,3.2891000155359507,600,699.393809834452,,,0.49872612688279633,,,0.0
voyage_063,6804,6804.0,primal infeasible,False,0.735200010240078,125,335.0083136588403,,,0.49608488440065746,,,0.0
voyage_063,6805,6805.0,primal infeasible,False,0.4732999950647354,75,330.9374917993811,,,0.49608488440065746,,,0.0
voyage_063,6806,6806.0,primal infeasible,False,0.4493000451475382,75,326.8553721707856,,,0.49608488440065746,,,0.0
voyage_063,6807,6807.0,primal infeasible,False,0.43560005724430084,75,322.7729116248016,,,0.49608488440065746,,,0.0
voyage_063,6808,6808.0,primal infeasible,False,0.4594001220539212,75,318.7010670131773,,,0.49608488440065746,,,0.0
voyage_063,6809,6809.0,primal infeasible,False,0.4218999529257417,75,314.6507951876608,,,0.49608488440065746,,,0.0
voyage_063,6810,6810.0,primal infeasible,False,0.4328000359237194,75,310.633053,,,0.49608488440065746,,,0.0
voyage_063,6811,6811.0,primal infeasible,False,0.4278999986127019,75,306.66227347354885,,,0.49608488440065746,,,0.0
voyage_063,6812,6812.0,primal infeasible,False,0.4178000381216407,75,302.7667943180844,,,0.49608488440065746,,,0.0
voyage_063,6813,6813.0,primal infeasible,False,0.4288000054657459,75,298.9784294149894,,,0.49608488440065746,,,0.0
voyage_063,6814,6814.0,primal infeasible,False,0.42669998947530985,75,295.3289926456468,,,0.49608488440065746,,,0.0
voyage_063,6815,6815.0,primal infeasible,False,0.42619998566806316,75,291.8502978914393,,,0.49608488440065746,,,0.0
voyage_063,6816,6816.0,primal infeasible,False,0.42129994835704565,75,288.5741590337499,,,0.49608488440065746,,,0.0
voyage_063,6817,6817.0,primal infeasible,False,0.4265999887138605,75,285.5323899539614,,,0.49608488440065746,,,0.0
voyage_063,6818,6818.0,primal infeasible,False,0.43780007399618626,75,282.75680453345655,,,0.49608488440065746,,,0.0
voyage_063,6819,6819.0,primal infeasible,False,0.44319999869912863,75,280.2792166536183,,,0.49608488440065746,,,0.0
voyage_063,6820,6820.0,primal infeasible,False,0.42289996054023504,75,278.1314401958294,,,0.49608488440065746,,,0.0
voyage_063,6821,6821.0,primal infeasible,False,0.41360000614076853,75,276.3452890414727,,,0.49608488440065746,,,0.0
voyage_063,6822,6822.0,primal infeasible,False,0.4275999963283539,75,274.9525770719312,,,0.49608488440065746,,,0.0
voyage_063,6823,6823.0,primal infeasible,False,0.42559998109936714,75,273.9851181685876,,,0.49608488440065746,,,0.0
voyage_063,6824,6824.0,primal infeasible,False,0.42179995216429234,75,273.4747262128247,,,0.49608488440065746,,,0.0
voyage_063,6825,6825.0,primal infeasible,False,0.4229999613016844,75,273.4532150860253,,,0.49608488440065746,,,0.0
voyage_063,6826,6826.0,primal infeasible,False,0.4480000352486968,75,273.9523986695725,,,0.49608488440065746,,,0.0
voyage_063,6827,6827.0,primal infeasible,False,0.43120002374053,75,275.004090844849,,,0.49608488440065746,,,0.0
voyage_063,6828,6828.0,primal infeasible,False,0.4295998951420188,75,276.6401054932376,,,0.49608488440065746,,,0.0
voyage_063,6829,6829.0,primal infeasible,False,0.4298000130802393,75,278.8922564961211,,,0.49608488440065746,,,0.0
voyage_063,6830,6830.0,primal infeasible,False,0.42259995825588703,75,281.7923577348824,,,0.49608488440065746,,,0.0
voyage_063,6831,6831.0,primal infeasible,False,0.44430000707507133,75,285.3722230909044,,,0.49608488440065746,,,0.0
voyage_063,6832,6832.0,primal infeasible,False,0.5454999627545476,100,289.66366644556985,,,0.49608488440065746,,,0.0
voyage_063,6833,6833.0,primal infeasible,False,0.4282000008970499,75,294.69850168026164,,,0.49608488440065746,,,0.0
voyage_063,6834,6834.0,primal infeasible,False,0.4265999887138605,75,300.5085426763626,,,0.49608488440065746,,,0.0
voyage_063,6835,6835.0,primal infeasible,False,0.4357000580057502,75,307.12560331525555,,,0.49608488440065746,,,0.0
voyage_063,6836,6836.0,primal infeasible,False,0.4246999742463231,75,314.5814974783234,,,0.49608488440065746,,,0.0
voyage_063,6837,6837.0,primal infeasible,False,0.5474000936374068,75,322.9080390469489,,,0.49608488440065746,,,0.0
voyage_063,6838,6838.0,primal infeasible,False,0.4249000921845436,75,332.13704190251497,,,0.49608488440065746,,,0.0
voyage_063,6839,6839.0,primal infeasible,False,0.595899997279048,75,342.3003199264043,,,0.49608488440065746,,,0.0
voyage_063,6840,6840.0,primal infeasible,False,0.6449000211432576,75,353.429687,,,0.49608488440065746,,,0.0
voyage_063,6841,6841.0,primal infeasible,False,0.5036999937146902,75,365.53738574942616,,,0.49608488440065746,,,0.0
voyage_063,6842,6842.0,primal infeasible,False,0.4446001257747412,75,378.55737377977306,,,0.49608488440065746,,,0.0
voyage_063,6843,6843.0,primal infeasible,False,0.4517000634223223,75,392.4040374408724,,,0.49608488440065746,,,0.0
voyage_063,6844,6844.0,primal infeasible,False,0.5772000877186656,75,406.991763082556,,,0.49608488440065746,,,0.0
voyage_063,6845,6845.0,primal infeasible,False,0.5686001386493444,75,422.23493705465535,,,0.49608488440065746,,,0.0
voyage_063,6846,6846.0,primal infeasible,False,0.4555999767035246,75,438.0479457070023,,,0.49608488440065746,,,0.0
voyage_063,6847,6847.0,primal infeasible,False,0.46280003152787685,75,454.34517538942833,,,0.49608488440065746,,,0.0
voyage_063,6848,6848.0,primal infeasible,False,0.4460999043658376,75,471.0410124517654,,,0.49608488440065746,,,0.0
voyage_063,6849,6849.0,primal infeasible,False,0.43530005495995283,75,488.0498432438451,,,0.49608488440065746,,,0.0
voyage_063,6850,6850.0,primal infeasible,False,0.4357000580057502,75,505.2860541154992,,,0.49608488440065746,,,0.0
voyage_063,6851,6851.0,primal infeasible,False,0.4611000185832381,75,522.6640314165592,,,0.49608488440065746,,,0.0
voyage_063,6852,6852.0,primal infeasible,False,0.45489997137337923,75,540.098161496857,,,0.49608488440065746,,,0.0
voyage_063,6853,6853.0,primal infeasible,False,0.4629999166354537,75,557.5028307062241,,,0.49608488440065746,,,0.0
voyage_063,6854,6854.0,primal infeasible,False,0.484699965454638,75,574.7924253944924,,,0.49608488440065746,,,0.0
voyage_063,6855,6855.0,primal infeasible,False,0.4768999060615897,75,591.8813319114935,,,0.49608488440065746,,,0.0
voyage_063,6856,6856.0,primal infeasible,False,0.4434000002220273,75,608.683936607059,,,0.49608488440065746,,,0.0
voyage_063,6857,6857.0,primal infeasible,False,0.4350000526756048,75,625.1146258310208,,,0.49608488440065746,,,0.0
voyage_063,6858,6858.0,primal infeasible,False,0.44600002001971006,75,641.0877859332105,,,0.49608488440065746,,,0.0
voyage_063,6859,6859.0,primal infeasible,False,0.4515000618994236,75,656.5178032634598,,,0.49608488440065746,,,0.0
voyage_063,6860,6860.0,primal infeasible,False,0.5570000503212214,75,671.3190641716003,,,0.49608488440065746,,,0.0
voyage_063,6861,6861.0,primal infeasible,False,0.5011000903323293,75,685.4059550074638,,,0.49608488440065746,,,0.0
voyage_063,6862,6862.0,primal infeasible,False,0.560399959795177,100,698.6928621208821,,,0.49608488440065746,,,0.0
voyage_063,6863,6863.0,primal infeasible,False,0.5759999621659517,100,711.0941718616866,,,0.49608488440065746,,,0.0
voyage_063,6864,6864.0,primal infeasible,False,0.8163000456988811,150,722.5242705797094,,,0.49608488440065746,,,0.0
voyage_063,6865,6865.0,primal infeasible,False,0.42729999404400587,75,732.8975446247819,,,0.49608488440065746,,,0.0
voyage_063,6866,6866.0,primal infeasible,False,0.4293000092729926,75,742.1283803467356,,,0.49608488440065746,,,0.0
voyage_063,6867,6867.0,primal infeasible,False,0.43290003668516874,75,750.1311640954027,,,0.49608488440065746,,,0.0
voyage_063,6868,6868.0,primal infeasible,False,0.45249995309859514,75,756.8202822206149,,,0.49608488440065746,,,0.0
voyage_063,6869,6869.0,primal infeasible,False,0.4406999796628952,75,762.1101210722032,,,0.49608488440065746,,,0.0
voyage_063,6870,6870.0,primal infeasible,False,0.43730007018893957,75,765.915067,,,0.49608488440065746,,,0.0
voyage_063,6871,6871.0,primal infeasible,False,0.4361000610515475,75,768.177628455191,,,0.49608488440065746,,,0.0
voyage_063,6872,6872.0,primal infeasible,False,0.4409999819472432,75,768.9528022943788,,,0.49608488440065746,,,0.0
voyage_063,6873,6873.0,primal infeasible,False,0.44079998042434454,75,768.3237074755208,,,0.49608488440065746,,,0.0
voyage_063,6874,6874.0,primal infeasible,False,0.4425999941304326,75,766.3734629565738,,,0.49608488440065746,,,0.0
voyage_063,6875,6875.0,primal infeasible,False,0.43439993169158697,75,763.185187695495,,,0.49608488440065746,,,0.0
voyage_063,6876,6876.0,primal infeasible,False,0.4362999461591244,75,758.8420006502413,,,0.49608488440065746,,,0.0
voyage_063,6877,6877.0,primal infeasible,False,0.4409999819472432,75,753.4270207787697,,,0.49608488440065746,,,0.0
voyage_063,6878,6878.0,primal infeasible,False,0.43809995986521244,75,747.0233670390375,,,0.49608488440065746,,,0.0
voyage_063,6879,6879.0,primal infeasible,False,0.43709995225071907,75,739.7141583890015,,,0.49608488440065746,,,0.0
voyage_063,6880,6880.0,primal infeasible,False,0.8129999041557312,150,731.5825137866187,,,0.49608488440065746,,,0.0
voyage_063,6881,6881.0,primal infeasible,False,0.8057999657467008,150,722.7115521898463,,,0.49608488440065746,,,0.0
voyage_063,6882,6882.0,primal infeasible,False,1.0714000090956688,150,713.1843925566412,,,0.49608488440065746,,,0.0
voyage_063,6883,6883.0,primal infeasible,False,1.4675999991595745,250,703.0841538449607,,,0.49608488440065746,,,0.0
voyage_063,6884,6884.0,primal infeasible,False,0.7513000164180994,125,692.4939550127616,,,0.49608488440065746,,,0.0
voyage_063,6885,6885.0,primal infeasible,False,0.7303999736905098,125,681.496915018001,,,0.49608488440065746,,,0.0
voyage_063,6886,6886.0,primal infeasible,False,0.5779999773949385,100,670.1761528186358,,,0.49608488440065746,,,0.0
voyage_063,6887,6887.0,primal infeasible,False,0.6816999521106482,125,658.6147873726235,,,0.49608488440065746,,,0.0
voyage_063,6922,6922.0,primal infeasible,False,0.7077999180182815,125,523.9668231878064,,,0.49861492938192004,,,0.0
voyage_063,6923,6923.0,primal infeasible,False,0.8598000276833773,150,527.1097495940501,,,0.49861492938192004,,,0.0
voyage_063,6924,6924.0,primal infeasible,False,1.00170006044209,175,530.1810963290905,,,0.49861492938192004,,,0.0
voyage_063,6925,6925.0,primal infeasible,False,1.5700999647378922,300,533.1376180957121,,,0.49861492938192004,,,0.0
voyage_063,6926,6926.0,primal infeasible,False,1.0509999701753259,200,535.9360695966996,,,0.49861492938192004,,,0.0
voyage_063,6927,6927.0,primal infeasible,False,0.9426000760868192,175,538.5332055348374,,,0.49861492938192004,,,0.0
voyage_063,6928,6928.0,primal infeasible,False,0.932500115595758,175,540.8857806129104,,,0.49861492938192004,,,0.0
voyage_063,6929,6929.0,primal infeasible,False,0.686099985614419,125,542.9505495337032,,,0.49861492938192004,,,0.0
voyage_063,6930,6930.0,primal infeasible,False,0.6690999725833535,125,544.684267,,,0.49861492938192004,,,0.0
voyage_063,6931,6931.0,primal infeasible,False,0.6581000052392483,125,546.0558564729761,,,0.49861492938192004,,,0.0
voyage_063,6932,6932.0,primal infeasible,False,0.6752000190317631,125,547.0829164473677,,,0.49861492938192004,,,0.0
voyage_063,6933,6933.0,primal infeasible,False,0.6633999291807413,125,547.7952141763017,,,0.49861492938192004,,,0.0
voyage_063,6934,6934.0,primal infeasible,False,0.6791999330744147,125,548.2225169129052,,,0.49861492938192004,,,0.0
voyage_063,6935,6935.0,primal infeasible,False,0.6605000235140324,125,548.3945919103047,,,0.49861492938192004,,,0.0
voyage_063,6936,6936.0,primal infeasible,False,0.6802999414503574,125,548.3412064216272,,,0.49861492938192004,,,0.0
voyage_063,6937,6937.0,primal infeasible,False,0.6834999658167362,125,548.0921276999994,,,0.49861492938192004,,,0.0
voyage_063,6938,6938.0,primal infeasible,False,0.6685999687761068,125,547.6771229985483,,,0.49861492938192004,,,0.0
voyage_063,6939,6939.0,primal infeasible,False,0.6682000821456313,125,547.1259595704006,,,0.49861492938192004,,,0.0
voyage_063,6940,6940.0,primal infeasible,False,0.6827000761404634,125,546.4684046686831,,,0.49861492938192004,,,0.0
voyage_063,6941,6941.0,primal infeasible,False,0.6920000305399299,125,545.7342255465227,,,0.49861492938192004,,,0.0
voyage_063,6942,6942.0,primal infeasible,False,0.6829999620094895,125,544.9531894570462,,,0.49861492938192004,,,0.0
voyage_063,6943,6943.0,primal infeasible,False,0.5655999993905425,100,544.1550636533805,,,0.49861492938192004,,,0.0
voyage_063,6944,6944.0,primal infeasible,False,0.555400038138032,100,543.3696153886523,,,0.49861492938192004,,,0.0
voyage_063,6945,6945.0,primal infeasible,False,0.5478999810293317,100,542.6266119159884,,,0.49861492938192004,,,0.0
voyage_063,6946,6946.0,primal infeasible,False,0.5521000130102038,100,541.9558204885158,,,0.49861492938192004,,,0.0
voyage_063,6947,6947.0,primal infeasible,False,0.5521000130102038,100,541.3870083593613,,,0.49861492938192004,,,0.0
voyage_063,6948,6948.0,primal infeasible,False,0.5475000943988562,100,540.9499427816517,,,0.49861492938192004,,,0.0
voyage_063,6949,6949.0,primal infeasible,False,0.5508000031113625,100,540.6743910085136,,,0.49861492938192004,,,0.0
voyage_063,6950,6950.0,primal infeasible,False,0.5492999916896224,100,540.590120293074,,,0.49861492938192004,,,0.0
voyage_063,6951,6951.0,primal infeasible,False,0.5508000031113625,100,540.72689788846,,,0.49861492938192004,,,0.0
voyage_063,6952,6952.0,primal infeasible,False,0.547699979506433,100,541.1144910477981,,,0.49861492938192004,,,0.0
voyage_063,6953,6953.0,primal infeasible,False,0.5444999551400542,100,541.782667024215,,,0.49861492938192004,,,0.0
voyage_063,6954,6954.0,primal infeasible,False,0.5570999346673489,100,542.761193070838,,,0.49861492938192004,,,0.0
voyage_063,6955,6955.0,primal infeasible,False,0.5421999376267195,100,544.0798364407935,,,0.49861492938192004,,,0.0
voyage_063,6956,6956.0,primal infeasible,False,0.5413000471889973,100,545.7683643872085,,,0.49861492938192004,,,0.0
voyage_063,6957,6957.0,primal infeasible,False,0.5474000936374068,100,547.8565441632098,,,0.49861492938192004,,,0.0
voyage_063,6958,6958.0,primal infeasible,False,0.543000060133636,100,550.3741430219243,,,0.49861492938192004,,,0.0
voyage_063,6959,6959.0,primal infeasible,False,0.5444000707939267,100,553.3509282164788,,,0.49861492938192004,,,0.0
voyage_063,6960,6960.0,primal infeasible,False,0.5520000122487545,100,556.816667,,,0.49861492938192004,,,0.0
voyage_063,6961,6961.0,primal infeasible,False,0.6625000387430191,100,560.7914267555451,,,0.49861492938192004,,,0.0
voyage_063,6962,6962.0,primal infeasible,False,0.6682999664917588,100,565.2564753858919,,,0.49861492938192004,,,0.0
voyage_063,6963,6963.0,primal infeasible,False,0.5704000359401107,100,570.1833809237485,,,0.49861492938192004,,,0.0
voyage_063,6964,6964.0,primal infeasible,False,0.5627999780699611,100,575.543711401823,,,0.49861492938192004,,,0.0
voyage_063,6965,6965.0,primal infeasible,False,0.5562000442296267,100,581.3090348528236,,,0.49861492938192004,,,0.0
voyage_063,6966,6966.0,primal infeasible,False,0.6536000873893499,100,587.4509193094584,,,0.49861492938192004,,,0.0
voyage_063,6967,6967.0,primal infeasible,False,0.5732999416068196,100,593.9409328044353,,,0.49861492938192004,,,0.0
voyage_063,6968,6968.0,primal infeasible,False,0.6232999730855227,100,600.7506433704625,,,0.49861492938192004,,,0.0
voyage_063,6969,6969.0,primal infeasible,False,0.5750999553129077,100,607.8516190402482,,,0.49861492938192004,,,0.0
voyage_063,6970,6970.0,primal infeasible,False,0.5762000801041722,100,615.2154278465006,,,0.49861492938192004,,,0.0
voyage_063,6971,6971.0,primal infeasible,False,0.5653999978676438,100,622.8136378219275,,,0.49861492938192004,,,0.0
voyage_063,6972,6972.0,primal infeasible,False,0.5718999309465289,100,630.6178169992372,,,0.49861492938192004,,,0.0
voyage_063,6973,6973.0,primal infeasible,False,0.5607999628409743,100,638.5995334111377,,,0.49861492938192004,,,0.0
voyage_063,6974,6974.0,primal infeasible,False,0.837799976579845,100,646.7303550903372,,,0.49861492938192004,,,0.0
voyage_063,6975,6975.0,primal infeasible,False,0.7374000269919634,100,654.981850069544,,,0.49861492938192004,,,0.0
voyage_063,6976,6976.0,primal infeasible,False,0.7745999610051513,100,663.3255863814655,,,0.49861492938192004,,,0.0
voyage_063,6977,6977.0,primal infeasible,False,0.6508000660687685,100,671.7331320588106,,,0.49861492938192004,,,0.0
voyage_063,6978,6978.0,primal infeasible,False,0.5951999919489026,100,680.176055134287,,,0.49861492938192004,,,0.0
voyage_063,6979,6979.0,primal infeasible,False,0.674300012178719,100,688.6259236406028,,,0.49861492938192004,,,0.0
voyage_063,6980,6980.0,primal infeasible,False,0.6216999609023333,100,697.0543056104663,,,0.49861492938192004,,,0.0
voyage_063,6981,6981.0,primal infeasible,False,0.5610999651253223,100,705.4327690765854,,,0.49861492938192004,,,0.0
voyage_063,6982,6982.0,primal infeasible,False,0.5565000465139747,100,713.7328820716682,,,0.49861492938192004,,,0.0
voyage_063,6983,6983.0,primal infeasible,False,0.5531000206246972,100,721.9262126284231,,,0.49861492938192004,,,0.0
voyage_063,6984,6984.0,primal infeasible,False,0.5521000130102038,100,729.9843287795578,,,0.49861492938192004,,,0.0
voyage_063,6985,6985.0,primal infeasible,False,0.5552999209612608,100,737.8787985577807,,,0.49861492938192004,,,0.0
voyage_063,6986,6986.0,primal infeasible,False,0.5448999581858516,100,745.5811899957997,,,0.49861492938192004,,,0.0
voyage_063,6987,6987.0,primal infeasible,False,0.6093999836593866,100,753.063071126323,,,0.49861492938192004,,,0.0
voyage_063,6988,6988.0,primal infeasible,False,0.5420999368652701,100,760.2960099820589,,,0.49861492938192004,,,0.0
voyage_063,6989,6989.0,primal infeasible,False,0.5416999338194728,100,767.251574595715,,,0.49861492938192004,,,0.0
voyage_063,6990,6990.0,primal infeasible,False,0.5356000037863851,100,773.901333,,,0.49861492938192004,,,0.0
voyage_063,6991,6991.0,primal infeasible,False,0.5428999429568648,100,780.2171042705844,,,0.49861492938192004,,,0.0
voyage_063,6992,6992.0,primal infeasible,False,0.5521000130102038,100,786.1717116549908,,,0.49861492938192004,,,0.0
voyage_063,6993,6993.0,primal infeasible,False,0.5410999292507768,100,791.7382294437043,,,0.49861492938192004,,,0.0
voyage_063,6994,6994.0,primal infeasible,False,0.6621999200433493,100,796.8897319272102,,,0.49861492938192004,,,0.0
voyage_063,6995,6995.0,primal infeasible,False,0.5511000053957105,100,801.5992933959935,,,0.49861492938192004,,,0.0
voyage_063,6996,6996.0,primal infeasible,False,0.547399977222085,100,805.8399881405396,,,0.49861492938192004,,,0.0
voyage_063,6997,6997.0,primal infeasible,False,0.5428000586107373,100,809.5848904513335,,,0.49861492938192004,,,0.0
voyage_063,6998,6998.0,primal infeasible,False,0.5492999916896224,100,812.8070746188608,,,0.49861492938192004,,,0.0
voyage_063,6999,6999.0,primal infeasible,False,0.647400040179491,100,815.4796149336064,,,0.49861492938192004,,,0.0
voyage_063,7000,7000.0,primal infeasible,False,0.6500000599771738,100,817.5755856860554,,,0.49861492938192004,,,0.0
voyage_063,7001,7001.0,primal infeasible,False,0.5865000421181321,100,819.0680611666933,,,0.49861492938192004,,,0.0
voyage_063,7002,7002.0,primal infeasible,False,0.5628999788314104,100,819.9301156660051,,,0.49861492938192004,,,0.0
voyage_063,7003,7003.0,primal infeasible,False,0.5664000054821372,100,820.1348234744761,,,0.49861492938192004,,,0.0
voyage_063,7004,7004.0,primal infeasible,False,0.6564999930560589,100,819.6552588825915,,,0.49861492938192004,,,0.0
voyage_063,7005,7005.0,primal infeasible,False,0.6513999542221427,100,818.4644961808365,,,0.49861492938192004,,,0.0
voyage_063,7006,7006.0,primal infeasible,False,0.583500019274652,100,816.5356096596961,,,0.49861492938192004,,,0.0
voyage_063,7007,7007.0,primal infeasible,False,0.584700028412044,100,813.841673609656,,,0.49861492938192004,,,0.0
voyage_063,7008,7008.0,primal infeasible,False,0.5845000268891454,100,810.3557623212008,,,0.49861492938192004,,,0.0
voyage_063,7009,7009.0,primal infeasible,False,0.5725999362766743,100,806.0509500848161,,,0.49861492938192004,,,0.0
voyage_063,7010,7010.0,primal infeasible,False,0.573999946936965,100,800.9003111909872,,,0.49861492938192004,,,0.0
voyage_063,7011,7011.0,primal infeasible,False,0.6881000008434057,125,794.8769199301988,,,0.49861492938192004,,,0.0
voyage_063,7012,7012.0,primal infeasible,False,0.6882000016048551,125,787.9538505929365,,,0.49861492938192004,,,0.0
voyage_063,7013,7013.0,primal infeasible,False,0.7452999707311392,125,780.1041774696856,,,0.49861492938192004,,,0.0
voyage_063,7014,7014.0,primal infeasible,False,0.7422000635415316,125,771.3009748509311,,,0.49861492938192004,,,0.0
voyage_063,7015,7015.0,primal infeasible,False,0.6910000229254365,125,761.517317027158,,,0.49861492938192004,,,0.0
voyage_063,7016,7016.0,primal infeasible,False,0.5665000062435865,100,750.726278288852,,,0.49861492938192004,,,0.0
voyage_063,7017,7017.0,primal infeasible,False,0.5686000222340226,100,738.900932926498,,,0.49861492938192004,,,0.0
voyage_063,7018,7018.0,primal infeasible,False,0.8138000266626477,150,726.0143552305811,,,0.49861492938192004,,,0.0
voyage_063,7019,7019.0,primal infeasible,False,1.2989999959245324,250,712.0396194915867,,,0.49861492938192004,,,0.0
voyage_063,7033,7033.0,primal infeasible,False,1.3895999873057008,250,434.9140091395875,,,0.4974084851458816,,,0.0
voyage_063,7034,7034.0,primal infeasible,False,0.9862999431788921,175,413.3007279310007,,,0.4974084851458816,,,0.0
voyage_063,7035,7035.0,primal infeasible,False,0.8355999598279595,150,391.99818933211054,,,0.4974084851458816,,,0.0
voyage_063,7036,7036.0,primal infeasible,False,0.8391999872401357,150,371.11016134804606,,,0.4974084851458816,,,0.0
voyage_063,7037,7037.0,primal infeasible,False,0.9388000471517444,150,350.74041198393627,,,0.4974084851458816,,,0.0
voyage_063,7038,7038.0,primal infeasible,False,1.0351999662816525,175,330.99270924490975,,,0.4974084851458816,,,0.0
voyage_063,7039,7039.0,primal infeasible,False,1.0948999552056193,200,311.97082113609554,,,0.4974084851458816,,,0.0
voyage_063,7040,7040.0,primal infeasible,False,1.3353999238461256,250,293.77851566262245,,,0.4974084851458816,,,0.0
voyage_063,7041,7041.0,primal infeasible,False,0.6989999674260616,125,276.51956082961925,,,0.4974084851458816,,,0.0
voyage_063,7042,7042.0,primal infeasible,False,0.5728999385610223,100,260.2977246422149,,,0.4974084851458816,,,0.0
voyage_063,7043,7043.0,primal infeasible,False,0.434999936260283,75,245.21677510553823,,,0.4974084851458816,,,0.0
voyage_063,7044,7044.0,primal infeasible,False,0.5190999945625663,75,231.38048022471807,,,0.4974084851458816,,,0.0
voyage_063,7045,7045.0,primal infeasible,False,0.453700078651309,75,218.8926080048833,,,0.4974084851458816,,,0.0
voyage_063,7046,7046.0,primal infeasible,False,0.430300016887486,75,207.85692645116268,,,0.4974084851458816,,,0.0
voyage_063,7047,7047.0,primal infeasible,False,0.569600029848516,75,198.37720356868533,,,0.4974084851458816,,,0.0
voyage_063,7048,7048.0,primal infeasible,False,0.49969996325671673,75,190.5572073625798,,,0.4974084851458816,,,0.0
voyage_063,7049,7049.0,primal infeasible,False,0.4550999728962779,75,184.50070583797503,,,0.4974084851458816,,,0.0
voyage_063,7050,7050.0,primal infeasible,False,0.44159998651593924,75,180.311467,,,0.4974084851458816,,,0.0
voyage_063,7051,7051.0,primal infeasible,False,0.5390000296756625,75,178.06095275168778,,,0.4974084851458816,,,0.0
voyage_063,7052,7052.0,primal infeasible,False,0.4980000667273998,75,177.69140058768895,,,0.4974084851458816,,,0.0
voyage_063,7053,7053.0,primal infeasible,False,0.4414999857544899,75,179.1127419005586,,,0.4974084851458816,,,0.0
voyage_063,7054,7054.0,primal infeasible,False,0.45089994091540575,75,182.23490808285143,,,0.4974084851458816,,,0.0
voyage_063,7055,7055.0,primal infeasible,False,0.4265999887138605,75,186.96783052712257,,,0.4974084851458816,,,0.0
voyage_063,7056,7056.0,primal infeasible,False,0.4194000503048301,75,193.22144062592685,,,0.4974084851458816,,,0.0
voyage_063,7057,7057.0,primal infeasible,False,0.41809992399066687,75,200.90566977181925,,,0.4974084851458816,,,0.0
voyage_063,7058,7058.0,primal infeasible,False,0.4230999620631337,75,209.93044935735463,,,0.4974084851458816,,,0.0
voyage_063,7059,7059.0,primal infeasible,False,0.4373999545350671,75,220.205710775088,,,0.4974084851458816,,,0.0
voyage_063,7060,7060.0,primal infeasible,False,0.42019993998110294,75,231.64138541757424,,,0.4974084851458816,,,0.0
voyage_063,7061,7061.0,primal infeasible,False,0.417600036598742,75,244.14740467736829,,,0.4974084851458816,,,0.0
voyage_063,7062,7062.0,primal infeasible,False,0.43160002678632736,75,257.63369994702515,,,0.4974084851458816,,,0.0
voyage_063,7063,7063.0,primal infeasible,False,0.43160002678632736,75,272.0102026190997,,,0.4974084851458816,,,0.0
voyage_063,7064,7064.0,primal infeasible,False,0.44520001392811537,75,287.1868440861467,,,0.4974084851458816,,,0.0
voyage_063,7065,7065.0,primal infeasible,False,0.956099946051836,175,303.07355574072136,,,0.4974084851458816,,,0.0
voyage_063,7066,7066.0,primal infeasible,False,0.4422999918460846,75,319.58026897537854,,,0.4974084851458816,,,0.0
voyage_063,7067,7067.0,primal infeasible,False,0.43720006942749023,75,336.6169151826731,,,0.4974084851458816,,,0.0
voyage_063,7068,7068.0,primal infeasible,False,0.7901000790297985,150,354.09342575516,,,0.4974084851458816,,,0.0
voyage_063,7069,7069.0,primal infeasible,False,0.786100048571825,150,371.9197320853941,,,0.4974084851458816,,,0.0
voyage_063,7070,7070.0,primal infeasible,False,0.8070000912994146,150,390.00576556593046,,,0.4974084851458816,,,0.0
voyage_063,7071,7071.0,primal infeasible,False,0.8011000463739038,150,408.261457589324,,,0.4974084851458816,,,0.0
voyage_063,7072,7072.0,primal infeasible,False,0.8166000479832292,150,426.5967395481296,,,0.4974084851458816,,,0.0
voyage_063,7073,7073.0,primal infeasible,False,0.8284000214189291,150,444.9215428349021,,,0.4974084851458816,,,0.0
voyage_063,7074,7074.0,primal infeasible,False,0.8500999538227916,150,463.1457988421965,,,0.4974084851458816,,,0.0
voyage_063,7075,7075.0,primal infeasible,False,0.8027000585570931,150,481.1794389625678,,,0.4974084851458816,,,0.0
voyage_063,7076,7076.0,primal infeasible,False,0.7929001003503799,150,498.932394588571,,,0.4974084851458816,,,0.0
voyage_063,7077,7077.0,primal infeasible,False,0.7956000044941902,150,516.3145971127608,,,0.4974084851458816,,,0.0
voyage_063,7078,7078.0,primal infeasible,False,0.7862999336794019,150,533.2359779276924,,,0.4974084851458816,,,0.0
voyage_063,7079,7079.0,primal infeasible,False,0.7996000349521637,150,549.6064684259204,,,0.4974084851458816,,,0.0
voyage_063,7080,7080.0,primal infeasible,False,0.7853000424802303,150,565.336,,,0.4974084851458816,,,0.0
voyage_063,7081,7081.0,primal infeasible,False,0.7886000676080585,150,580.350616345391,,,0.4974084851458816,,,0.0
voyage_063,7082,7082.0,primal infeasible,False,0.8010999299585819,150,594.6408103691732,,,0.4974084851458816,,,0.0
voyage_063,7083,7083.0,primal infeasible,False,0.7867999374866486,150,608.2131872813314,,,0.4974084851458816,,,0.0
voyage_063,7084,7084.0,primal infeasible,False,0.803799950517714,150,621.0743522918502,,,0.4974084851458816,,,0.0
voyage_063,7085,7085.0,primal infeasible,False,0.7928999839350581,150,633.2309106107145,,,0.4974084851458816,,,0.0
voyage_063,7086,7086.0,primal infeasible,False,0.784300034865737,150,644.6894674479092,,,0.4974084851458816,,,0.0
voyage_063,7087,7087.0,primal infeasible,False,0.7941999938338995,150,655.4566280134187,,,0.4974084851458816,,,0.0
voyage_063,7088,7088.0,primal infeasible,False,0.7851000409573317,150,665.5389975172279,,,0.4974084851458816,,,0.0
voyage_063,7089,7089.0,primal infeasible,False,0.7881999481469393,150,674.9431811693215,,,0.4974084851458816,,,0.0
voyage_063,7090,7090.0,primal infeasible,False,0.8008999284356833,150,683.6757841796845,,,0.4974084851458816,,,0.0
voyage_063,7091,7091.0,primal infeasible,False,0.7887000683695078,150,691.7434117583015,,,0.4974084851458816,,,0.0
voyage_063,7092,7092.0,primal infeasible,False,0.7958000060170889,150,699.152669115157,,,0.4974084851458816,,,0.0
voyage_063,7093,7093.0,primal infeasible,False,0.9183000074699521,175,705.910161460236,,,0.4974084851458816,,,0.0
voyage_063,7094,7094.0,primal infeasible,False,0.4440000047907233,75,712.0224940035237,,,0.4974084851458816,,,0.0
voyage_063,7095,7095.0,primal infeasible,False,0.6763999117538333,125,717.496271955004,,,0.4974084851458816,,,0.0
voyage_063,7096,7096.0,primal infeasible,False,0.6670999573543668,125,722.338100524662,,,0.4974084851458816,,,0.0
voyage_063,7097,7097.0,primal infeasible,False,0.7673000218346715,125,726.5545849224825,,,0.4974084851458816,,,0.0
voyage_063,7098,7098.0,primal infeasible,False,0.7391000399366021,125,730.1523303584503,,,0.4974084851458816,,,0.0
voyage_063,7099,7099.0,primal infeasible,False,0.6870999932289124,125,733.1379420425502,,,0.4974084851458816,,,0.0
voyage_063,7100,7100.0,primal infeasible,False,0.750600011087954,125,735.5180251847668,,,0.4974084851458816,,,0.0
voyage_063,7101,7101.0,primal infeasible,False,0.6786000449210405,125,737.2991849950848,,,0.4974084851458816,,,0.0
voyage_063,7102,7102.0,primal infeasible,False,0.6880000000819564,125,738.4880266834894,,,0.4974084851458816,,,0.0
voyage_063,7103,7103.0,primal infeasible,False,0.6657000631093979,125,739.0911554599646,,,0.4974084851458816,,,0.0
voyage_063,7104,7104.0,primal infeasible,False,0.6761000258848071,125,739.1151765344958,,,0.4974084851458816,,,0.0
voyage_063,7105,7105.0,primal infeasible,False,0.6744998972862959,125,738.5666951170674,,,0.4974084851458816,,,0.0
voyage_063,7106,7106.0,primal infeasible,False,0.6641000509262085,125,737.4523164176643,,,0.4974084851458816,,,0.0
voyage_063,7107,7107.0,primal infeasible,False,0.6677999626845121,125,735.7786456462713,,,0.4974084851458816,,,0.0
voyage_063,7108,7108.0,primal infeasible,False,0.6742000114172697,125,733.5522880128732,,,0.4974084851458816,,,0.0
voyage_063,7109,7109.0,primal infeasible,False,0.6630999268963933,125,730.7798487274544,,,0.4974084851458816,,,0.0
voyage_063,7110,7110.0,primal infeasible,False,0.6652999436482787,125,727.467933,,,0.4974084851458816,,,0.0
voyage_063,7111,7111.0,primal infeasible,False,0.6771000334993005,125,723.6271518667853,,,0.4974084851458816,,,0.0
voyage_063,7112,7112.0,primal infeasible,False,0.673700007610023,125,719.2841396692477,,,0.4974084851458816,,,0.0
voyage_063,7113,7113.0,primal infeasible,False,1.1919999960809946,225,714.4695365751159,,,0.4974084851458816,,,0.0
voyage_063,7114,7114.0,primal infeasible,False,1.25070009380579,225,709.2139827521179,,,0.4974084851458816,,,0.0
voyage_063,7115,7115.0,primal infeasible,False,2.1865000016987324,425,703.5481183679819,,,0.4974084851458816,,,0.0
voyage_063,7116,7116.0,primal infeasible,False,3.203200059942901,600,697.5025835904365,,,0.4974084851458816,,,0.0
voyage_063,7117,7117.0,primal infeasible,False,1.5168000245466828,275,691.1080185872098,,,0.4974084851458816,,,0.0
voyage_063,7118,7118.0,primal infeasible,False,0.5658000009134412,100,684.3950635260301,,,0.4974084851458816,,,0.0
voyage_063,7496,7496.0,primal infeasible,False,1.0443000355735421,175,465.49766553222827,,,0.49632445174655376,,,0.0
voyage_063,7497,7497.0,primal infeasible,False,0.8715000003576279,150,464.7293020209929,,,0.49632445174655376,,,0.0
voyage_063,7498,7498.0,primal infeasible,False,1.0738999117165804,200,463.904779219176,,,0.49632445174655376,,,0.0
voyage_063,7499,7499.0,primal infeasible,False,1.4291999395936728,275,463.0230164408281,,,0.49632445174655376,,,0.0
voyage_063,7500,7500.0,primal infeasible,False,0.8912000339478254,150,462.082933,,,0.49632445174655376,,,0.0
voyage_063,7501,7501.0,primal infeasible,False,0.888400012627244,150,461.08677074213466,,,0.49632445174655376,,,0.0
voyage_063,7502,7502.0,primal infeasible,False,0.825399998575449,150,460.0500616382431,,,0.49632445174655376,,,0.0
voyage_063,7503,7503.0,primal infeasible,False,0.8111000061035156,150,458.99166019072857,,,0.49632445174655376,,,0.0
voyage_063,7504,7504.0,primal infeasible,False,0.7869000546634197,150,457.93042090199447,,,0.49632445174655376,,,0.0
voyage_063,7505,7505.0,primal infeasible,False,0.8711999980732799,150,456.8851982744441,,,0.49632445174655376,,,0.0
voyage_063,7506,7506.0,primal infeasible,False,0.883400090970099,150,455.87484681048073,,,0.49632445174655376,,,0.0
voyage_063,7507,7507.0,primal infeasible,False,0.9425999596714973,150,454.9182210125076,,,0.49632445174655376,,,0.0
voyage_063,7508,7508.0,primal infeasible,False,0.8506999583914876,150,454.0341753829281,,,0.49632445174655376,,,0.0
voyage_063,7509,7509.0,primal infeasible,False,0.8853999897837639,150,453.2415644241453,,,0.49632445174655376,,,0.0
voyage_063,7510,7510.0,primal infeasible,False,0.8455999195575714,150,452.5592426385628,,,0.49632445174655376,,,0.0
voyage_063,7511,7511.0,primal infeasible,False,0.7993000326678157,150,452.0060645285836,,,0.49632445174655376,,,0.0
voyage_063,7512,7512.0,primal infeasible,False,0.9150999831035733,150,451.6008845966111,,,0.49632445174655376,,,0.0
voyage_063,7513,7513.0,primal infeasible,False,0.8910000324249268,150,451.3625573450486,,,0.49632445174655376,,,0.0
voyage_063,7514,7514.0,primal infeasible,False,0.8798000635579228,150,451.3099372762994,,,0.49632445174655376,,,0.0
voyage_063,7515,7515.0,primal infeasible,False,0.8732000133022666,150,451.46187889276666,,,0.49632445174655376,,,0.0
voyage_063,7516,7516.0,primal infeasible,False,0.8145000319927931,150,451.837236696854,,,0.49632445174655376,,,0.0
voyage_063,7517,7517.0,primal infeasible,False,0.7933999877423048,150,452.4548651909643,,,0.49632445174655376,,,0.0
voyage_063,7518,7518.0,primal infeasible,False,0.7977000204846263,150,453.33361887750107,,,0.49632445174655376,,,0.0
voyage_063,7519,7519.0,primal infeasible,False,0.790199963375926,150,454.4923522588676,,,0.49632445174655376,,,0.0
voyage_063,7520,7520.0,primal infeasible,False,0.7885999511927366,150,455.949919837467,,,0.49632445174655376,,,0.0
voyage_063,7521,7521.0,primal infeasible,False,0.7919999770820141,150,457.7251761157028,,,0.49632445174655376,,,0.0
voyage_063,7522,7522.0,primal infeasible,False,0.7868999382480979,150,459.8369755959781,,,0.49632445174655376,,,0.0
voyage_063,7523,7523.0,primal infeasible,False,0.789899961091578,150,462.3041727806964,,,0.49632445174655376,,,0.0
voyage_063,7524,7524.0,primal infeasible,False,0.789299956522882,150,465.1456221722608,,,0.49632445174655376,,,0.0
voyage_063,7525,7525.0,primal infeasible,False,0.7837999146431684,150,468.3801782730745,,,0.49632445174655376,,,0.0
voyage_063,7526,7526.0,primal infeasible,False,0.7929999846965075,150,472.026695585541,,,0.49632445174655376,,,0.0
voyage_063,7527,7527.0,primal infeasible,False,0.7847000379115343,150,476.1040286120635,,,0.49632445174655376,,,0.0
voyage_063,7528,7528.0,primal infeasible,False,0.7965000113472342,150,480.63103185504536,,,0.49632445174655376,,,0.0
voyage_063,7529,7529.0,primal infeasible,False,0.7927999831736088,150,485.6265598168897,,,0.49632445174655376,,,0.0
voyage_063,7530,7530.0,primal infeasible,False,0.7820000173524022,150,491.109467,,,0.49632445174655376,,,0.0
voyage_063,7531,7531.0,primal infeasible,False,0.8988999761641026,150,497.0895630492868,,,0.49632445174655376,,,0.0
voyage_063,7532,7532.0,primal infeasible,False,0.9234999306499958,150,503.54047817969,,,0.49632445174655376,,,0.0
voyage_063,7533,7533.0,primal infeasible,False,0.9022000012919307,150,510.4267977486567,,,0.49632445174655376,,,0.0
voyage_063,7534,7534.0,primal infeasible,False,0.9849999332800508,150,517.7131071136344,,,0.49632445174655376,,,0.0
voyage_063,7535,7535.0,primal infeasible,False,0.9337000083178282,150,525.36399163207,,,0.49632445174655376,,,0.0
voyage_063,7536,7536.0,primal infeasible,False,0.9432999650016427,150,533.344036661411,,,0.49632445174655376,,,0.0
voyage_063,7537,7537.0,primal infeasible,False,0.8611999219283462,150,541.6178275591046,,,0.49632445174655376,,,0.0
voyage_063,7538,7538.0,primal infeasible,False,0.8676999714225531,150,550.149949682598,,,0.49632445174655376,,,0.0
voyage_063,7539,7539.0,primal infeasible,False,0.8137000259011984,150,558.9049883893384,,,0.49632445174655376,,,0.0
voyage_063,7540,7540.0,primal infeasible,False,0.7860999321565032,150,567.8475290367732,,,0.49632445174655376,,,0.0
voyage_063,7541,7541.0,primal infeasible,False,0.785500044003129,150,576.9421569823493,,,0.49632445174655376,,,0.0
voyage_063,7542,7542.0,primal infeasible,False,0.7826000219210982,150,586.1534575835142,,,0.49632445174655376,,,0.0
voyage_063,7543,7543.0,primal infeasible,False,0.7735999533906579,150,595.446016197715,,,0.49632445174655376,,,0.0
voyage_063,7544,7544.0,primal infeasible,False,0.7880999473854899,150,604.7844181823991,,,0.49632445174655376,,,0.0
voyage_063,7545,7545.0,primal infeasible,False,0.7798000006005168,150,614.1332488950135,,,0.49632445174655376,,,0.0
voyage_063,7546,7546.0,primal infeasible,False,0.807400094345212,150,623.4570936930056,,,0.49632445174655376,,,0.0
voyage_063,7547,7547.0,primal infeasible,False,0.8072999771684408,150,632.7205379338226,,,0.49632445174655376,,,0.0
voyage_063,7548,7548.0,primal infeasible,False,0.8002000395208597,150,641.8881669749118,,,0.49632445174655376,,,0.0
voyage_063,7549,7549.0,primal infeasible,False,0.7894999580457807,150,650.9245661737202,,,0.49632445174655376,,,0.0
voyage_063,7550,7550.0,primal infeasible,False,0.8088999893516302,150,659.7943208876953,,,0.49632445174655376,,,0.0
voyage_063,7551,7551.0,primal infeasible,False,0.879799947142601,150,668.4620164742843,,,0.49632445174655376,,,0.0
voyage_063,7552,7552.0,primal infeasible,False,1.0776000563055277,150,676.8922382909343,,,0.49632445174655376,,,0.0
voyage_063,7553,7553.0,primal infeasible,False,1.007300103083253,150,685.0495716950926,,,0.49632445174655376,,,0.0
voyage_063,7554,7554.0,primal infeasible,False,0.8832999737933278,150,692.8986020442063,,,0.49632445174655376,,,0.0
voyage_063,7555,7555.0,primal infeasible,False,0.7207999005913734,125,700.4039146957228,,,0.49632445174655376,,,0.0
voyage_063,7556,7556.0,primal infeasible,False,0.7879999466240406,125,707.5300950070894,,,0.49632445174655376,,,0.0
voyage_063,7557,7557.0,primal infeasible,False,0.7467999821528792,125,714.241728335753,,,0.49632445174655376,,,0.0
voyage_063,7558,7558.0,primal infeasible,False,0.6762000266462564,125,720.5034000391614,,,0.49632445174655376,,,0.0
voyage_063,7559,7559.0,primal infeasible,False,0.6639999337494373,125,726.2796954747611,,,0.49632445174655376,,,0.0
voyage_063,7560,7560.0,primal infeasible,False,0.6663999520242214,125,731.5352,,,0.49632445174655376,,,0.0
voyage_063,7561,7561.0,primal infeasible,False,0.6643999367952347,125,736.2443853697926,,,0.49632445174655376,,,0.0
voyage_063,7562,7562.0,primal infeasible,False,0.6560999900102615,125,740.4212689289234,,,0.49632445174655376,,,0.0
voyage_063,7563,7563.0,primal infeasible,False,0.658300006762147,125,744.0897544196448,,,0.49632445174655376,,,0.0
voyage_063,7564,7564.0,primal infeasible,False,0.6712999893352389,125,747.2737455842091,,,0.49632445174655376,,,0.0
voyage_063,7565,7565.0,primal infeasible,False,0.652099959552288,125,749.9971461648685,,,0.49632445174655376,,,0.0
voyage_063,7566,7566.0,primal infeasible,False,0.6599000189453363,125,752.2838599038752,,,0.49632445174655376,,,0.0
voyage_063,7567,7567.0,primal infeasible,False,0.6523999618366361,125,754.1577905434814,,,0.49632445174655376,,,0.0
voyage_063,7568,7568.0,primal infeasible,False,0.6692999741062522,125,755.6428418259391,,,0.49632445174655376,,,0.0
voyage_063,7569,7569.0,primal infeasible,False,0.6526999641209841,125,756.7629174935009,,,0.49632445174655376,,,0.0
voyage_063,7570,7570.0,primal infeasible,False,0.6566999945789576,125,757.5419212884188,,,0.49632445174655376,,,0.0
voyage_063,7571,7571.0,primal infeasible,False,0.6603000219911337,125,758.0037569529453,,,0.49632445174655376,,,0.0
voyage_063,7572,7572.0,primal infeasible,False,0.6533999694511294,125,758.1723282293324,,,0.49632445174655376,,,0.0
voyage_063,7573,7573.0,primal infeasible,False,0.6611999124288559,125,758.0715388598321,,,0.49632445174655376,,,0.0
voyage_063,7574,7574.0,primal infeasible,False,0.7530000293627381,125,757.725292586697,,,0.49632445174655376,,,0.0
voyage_063,7575,7575.0,primal infeasible,False,0.7549000438302755,125,757.1574931521793,,,0.49632445174655376,,,0.0
voyage_063,7576,7576.0,primal infeasible,False,0.7514000171795487,125,756.392044298531,,,0.49632445174655376,,,0.0
voyage_063,7577,7577.0,primal infeasible,False,0.7103000534698367,125,755.4528497680044,,,0.49632445174655376,,,0.0
voyage_063,7578,7578.0,primal infeasible,False,0.6747000152245164,125,754.3638133028518,,,0.49632445174655376,,,0.0
voyage_063,7579,7579.0,primal infeasible,False,0.6559999892488122,125,753.1488386453256,,,0.49632445174655376,,,0.0
voyage_063,7580,7580.0,primal infeasible,False,0.6599000189453363,125,751.8318295376775,,,0.49632445174655376,,,0.0
voyage_063,7581,7581.0,primal infeasible,False,0.6607999093830585,125,750.4366897221603,,,0.49632445174655376,,,0.0
voyage_063,7582,7582.0,primal infeasible,False,0.6576000014320016,125,748.9873229410258,,,0.49632445174655376,,,0.0
voyage_063,7583,7583.0,primal infeasible,False,0.6597000174224377,125,747.5076329365263,,,0.49632445174655376,,,0.0
voyage_063,7584,7584.0,primal infeasible,False,0.6677999626845121,125,746.0215234509143,,,0.49632445174655376,,,0.0
voyage_063,7585,7585.0,primal infeasible,False,0.6556999869644642,125,744.5528982264418,,,0.49632445174655376,,,0.0
voyage_063,7586,7586.0,primal infeasible,False,0.6617000326514244,125,743.125661005361,,,0.49632445174655376,,,0.0
voyage_063,7587,7587.0,primal infeasible,False,0.7234999211505055,125,741.7637155299244,,,0.49632445174655376,,,0.0
voyage_063,7588,7588.0,primal infeasible,False,0.6900000153109431,125,740.4909655423837,,,0.49632445174655376,,,0.0
voyage_063,7589,7589.0,primal infeasible,False,0.6652000593021512,125,739.3313147849915,,,0.49632445174655376,,,0.0
voyage_063,7590,7590.0,primal infeasible,False,0.6899000145494938,125,738.308667,,,0.49632445174655376,,,0.0
voyage_063,7591,7591.0,primal infeasible,False,0.6797999376431108,125,737.4415014243211,,,0.49632445174655376,,,0.0
voyage_063,7592,7592.0,primal infeasible,False,0.7096999324858189,125,736.7265992735056,,,0.49632445174655376,,,0.0
voyage_063,7593,7593.0,primal infeasible,False,0.6738001247867942,125,736.1553172577642,,,0.49632445174655376,,,0.0
voyage_063,7594,7594.0,primal infeasible,False,0.6695999763906002,125,735.7190120873071,,,0.49632445174655376,,,0.0
voyage_063,7595,7595.0,primal infeasible,False,0.6611000280827284,125,735.4090404723452,,,0.49632445174655376,,,0.0
voyage_063,7596,7596.0,primal infeasible,False,0.6608000257983804,125,735.2167591230887,,,0.49632445174655376,,,0.0
voyage_063,7597,7597.0,primal infeasible,False,0.6585000082850456,125,735.1335247497483,,,0.49632445174655376,,,0.0
voyage_063,7598,7598.0,primal infeasible,False,0.6694000912830234,125,735.1506940625345,,,0.49632445174655376,,,0.0
voyage_063,7599,7599.0,primal infeasible,False,0.771900056861341,125,735.259623771658,,,0.49632445174655376,,,0.0
voyage_063,7600,7600.0,primal infeasible,False,0.6897000130265951,125,735.4516705873292,,,0.49632445174655376,,,0.0
voyage_063,7601,7601.0,primal infeasible,False,0.6729000015184283,125,735.7181912197586,,,0.49632445174655376,,,0.0
voyage_063,7602,7602.0,primal infeasible,False,0.7436999585479498,125,736.0505423791568,,,0.49632445174655376,,,0.0
voyage_063,7603,7603.0,primal infeasible,False,0.7733000675216317,125,736.4400807757345,,,0.49632445174655376,,,0.0
voyage_063,7604,7604.0,primal infeasible,False,0.6792000494897366,125,736.8781631197019,,,0.49632445174655376,,,0.0
voyage_063,7605,7605.0,primal infeasible,False,0.6720999954268336,125,737.3561461212697,,,0.49632445174655376,,,0.0
voyage_063,7606,7606.0,primal infeasible,False,0.6656000623479486,125,737.8653864906485,,,0.49632445174655376,,,0.0
voyage_063,7607,7607.0,primal infeasible,False,0.6704999832436442,125,738.3972409380486,,,0.49632445174655376,,,0.0
voyage_063,7608,7608.0,primal infeasible,False,0.6899000145494938,125,738.943066173681,,,0.49632445174655376,,,0.0
voyage_063,7609,7609.0,primal infeasible,False,0.6754000205546618,125,739.4942189077557,,,0.49632445174655376,,,0.0
voyage_063,7610,7610.0,primal infeasible,False,0.7569000590592623,125,740.0420558504834,,,0.49632445174655376,,,0.0
voyage_063,7611,7611.0,primal infeasible,False,0.7248999318107963,125,740.577933712075,,,0.49632445174655376,,,0.0
voyage_063,7612,7612.0,primal infeasible,False,0.674000009894371,125,741.0932092027407,,,0.49632445174655376,,,0.0
voyage_063,7613,7613.0,primal infeasible,False,0.6608999101445079,125,741.579239032691,,,0.49632445174655376,,,0.0
voyage_063,7614,7614.0,primal infeasible,False,0.6546999793499708,125,742.0273799121366,,,0.49632445174655376,,,0.0
voyage_063,7615,7615.0,primal infeasible,False,0.6578000029549003,125,742.428988551288,,,0.49632445174655376,,,0.0
voyage_063,7616,7616.0,primal infeasible,False,0.6568999961018562,125,742.7754216603556,,,0.49632445174655376,,,0.0
voyage_063,7617,7617.0,primal infeasible,False,0.6464000325649977,125,743.0580359495502,,,0.49632445174655376,,,0.0
voyage_063,7618,7618.0,primal infeasible,False,0.6726999999955297,125,743.268188129082,,,0.49632445174655376,,,0.0
voyage_063,7619,7619.0,primal infeasible,False,0.674600014463067,125,743.3972349091619,,,0.49632445174655376,,,0.0
voyage_063,7620,7620.0,primal infeasible,False,0.6673999596387148,125,743.436533,,,0.49632445174655376,,,0.0
voyage_063,7621,7621.0,primal infeasible,False,0.662699923850596,125,743.379587703738,,,0.49632445174655376,,,0.0
voyage_063,7622,7622.0,primal infeasible,False,0.7246999302878976,125,743.2284986902393,,,0.49632445174655376,,,0.0
voyage_063,7623,7623.0,primal infeasible,False,1.036300091072917,125,742.987514221299,,,0.49632445174655376,,,0.0
voyage_063,7624,7624.0,primal infeasible,False,0.7922999793663621,125,742.6608825587109,,,0.49632445174655376,,,0.0
voyage_063,7625,7625.0,primal infeasible,False,0.7004999788478017,125,742.25285196427,,,0.49632445174655376,,,0.0
voyage_063,7626,7626.0,primal infeasible,False,0.7320999866351485,125,741.7676706997705,,,0.49632445174655376,,,0.0
voyage_063,7627,7627.0,primal infeasible,False,0.7466999813914299,125,741.2095870270072,,,0.49632445174655376,,,0.0
voyage_063,7628,7628.0,primal infeasible,False,0.6839999696239829,125,740.5828492077745,,,0.49632445174655376,,,0.0
voyage_063,7629,7629.0,primal infeasible,False,0.6754000205546618,125,739.891705503867,,,0.49632445174655376,,,0.0
voyage_063,7630,7630.0,primal infeasible,False,1.269300002604723,250,739.1404041770792,,,0.49632445174655376,,,0.0
voyage_063,7631,7631.0,primal infeasible,False,0.9232000447809696,175,738.3331934892053,,,0.49632445174655376,,,0.0
voyage_063,7632,7632.0,primal infeasible,False,1.2701000086963177,250,737.4743217020402,,,0.49632445174655376,,,0.0
voyage_063,7633,7633.0,primal infeasible,False,1.5239000786095858,300,736.5680370773783,,,0.49632445174655376,,,0.0
voyage_063,7634,7634.0,primal infeasible,False,1.5598000027239323,300,735.6185878770142,,,0.49632445174655376,,,0.0
voyage_063,7635,7635.0,primal infeasible,False,1.7065999563783407,325,734.6302223627423,,,0.49632445174655376,,,0.0
voyage_063,7636,7636.0,primal infeasible,False,2.7327999705448747,525,733.607188796357,,,0.49632445174655376,,,0.0
voyage_063,7637,7637.0,primal infeasible,False,2.954200026579201,525,732.553735439653,,,0.49632445174655376,,,0.0
voyage_063,7638,7638.0,primal infeasible,False,1.7413001041859388,325,731.4741105544248,,,0.49632445174655376,,,0.0
voyage_063,7639,7639.0,primal infeasible,False,1.713800011202693,325,730.3725624024669,,,0.49632445174655376,,,0.0
voyage_063,7640,7640.0,primal infeasible,False,1.68009998742491,325,729.2533392455737,,,0.49632445174655376,,,0.0
voyage_063,7641,7641.0,primal infeasible,False,1.6587999416515231,325,728.1206893455399,,,0.49632445174655376,,,0.0
voyage_063,7642,7642.0,primal infeasible,False,1.6748999478295445,325,726.9788609641599,,,0.49632445174655376,,,0.0
voyage_063,7643,7643.0,primal infeasible,False,1.6692999051883817,325,725.8321023632283,,,0.49632445174655376,,,0.0
voyage_063,7644,7644.0,primal infeasible,False,1.7970999469980597,350,724.6846618045395,,,0.49632445174655376,,,0.0
voyage_063,7645,7645.0,primal infeasible,False,1.686000032350421,325,723.5407875498881,,,0.49632445174655376,,,0.0
voyage_063,7646,7646.0,primal infeasible,False,1.7220000736415386,325,722.4047278610686,,,0.49632445174655376,,,0.0
voyage_063,7647,7647.0,primal infeasible,False,1.9919000333175063,375,721.2807309998756,,,0.49632445174655376,,,0.0
voyage_063,7648,7648.0,primal infeasible,False,2.7851000195369124,550,720.1730452281035,,,0.49632445174655376,,,0.0
voyage_063,7649,7649.0,primal infeasible,False,1.68889993801713,325,719.0859188075467,,,0.49632445174655376,,,0.0
voyage_063,7650,7650.0,primal infeasible,False,2.9441999504342675,575,718.0236,,,0.49632445174655376,,,0.0
voyage_063,7651,7651.0,primal infeasible,False,2.320700092241168,450,716.989544108468,,,0.49632445174655376,,,0.0
voyage_063,7652,7652.0,primal infeasible,False,3.395100007764995,675,715.9840346007962,,,0.49632445174655376,,,0.0
voyage_063,7653,7653.0,primal infeasible,False,3.3017999958246946,650,715.0065619860407,,,0.49632445174655376,,,0.0
voyage_063,7654,7654.0,primal infeasible,False,5.202400032430887,1025,714.0566167732572,,,0.49632445174655376,,,0.0
voyage_063,7655,7655.0,primal infeasible,False,2.6685999473556876,525,713.1336894715015,,,0.49632445174655376,,,0.0
voyage_063,7656,7656.0,primal infeasible,False,3.579900017939508,700,712.2372705898294,,,0.49632445174655376,,,0.0
voyage_063,7657,7657.0,primal infeasible,False,5.214100005105138,975,711.3668506372969,,,0.49632445174655376,,,0.0
voyage_063,7658,7658.0,primal infeasible,False,3.440600004978478,650,710.5219201229597,,,0.49632445174655376,,,0.0
voyage_063,7659,7659.0,primal infeasible,False,9.261300088837743,1775,709.701969555874,,,0.49632445174655376,,,0.0
voyage_063,7660,7660.0,primal infeasible,False,3.5767999943345785,650,708.9064894450952,,,0.49632445174655376,,,0.0
voyage_063,7661,7661.0,primal infeasible,False,13.149000005796552,2525,708.1349702996793,,,0.49632445174655376,,,0.0
voyage_063,7662,7662.0,primal infeasible,False,11.157700093463063,2125,707.386902628682,,,0.49632445174655376,,,0.0
voyage_063,7663,7663.0,primal infeasible,False,8.969100075773895,1725,706.6617769411595,,,0.49632445174655376,,,0.0
voyage_063,7664,7664.0,primal infeasible,False,19.82389995828271,3800,705.9590837461674,,,0.49632445174655376,,,0.0
voyage_063,7665,7665.0,maximum iterations reached,False,20.242500002495944,4000,705.2783135527616,,,0.49632445174655376,,,0.0
voyage_063,7666,7666.0,maximum iterations reached,False,20.733100012876093,4000,704.6189568699979,,,0.49632445174655376,,,0.0
voyage_063,7667,7667.0,maximum iterations reached,False,20.635500084608793,4000,703.9805042069321,,,0.49632445174655376,,,0.0
voyage_063,7668,7668.0,maximum iterations reached,False,19.902899977751076,4000,703.3624460726201,,,0.49632445174655376,,,0.0
voyage_063,7669,7669.0,maximum iterations reached,False,19.723500008694828,4000,702.7642729761177,,,0.49632445174655376,,,0.0
voyage_063,7670,7670.0,maximum iterations reached,False,19.71140003297478,4000,702.1854754264809,,,0.49632445174655376,,,0.0
voyage_063,7671,7671.0,maximum iterations reached,False,20.092500024475157,4000,701.6255439327654,,,0.49632445174655376,,,0.0
voyage_063,7672,7672.0,maximum iterations reached,False,20.720700034871697,4000,701.083969004027,,,0.49632445174655376,,,0.0
voyage_063,7673,7673.0,maximum iterations reached,False,20.630299928598106,4000,700.5602411493218,,,0.49632445174655376,,,0.0
voyage_063,7674,7674.0,maximum iterations reached,False,20.431799930520356,4000,700.0538508777053,,,0.49632445174655376,,,0.0
voyage_063,7675,7675.0,maximum iterations reached,False,20.39460011292249,4000,699.5642886982336,,,0.49632445174655376,,,0.0
voyage_063,7676,7676.0,maximum iterations reached,False,20.14679997228086,4000,699.0910451199625,,,0.49632445174655376,,,0.0
voyage_063,7677,7677.0,maximum iterations reached,False,20.412399899214506,4000,698.6336106519476,,,0.49632445174655376,,,0.0
voyage_063,7678,7678.0,maximum iterations reached,False,20.37479996215552,4000,698.191475803245,,,0.49632445174655376,,,0.0
voyage_063,7679,7679.0,maximum iterations reached,False,20.34529997035861,4000,697.7641310829105,,,0.49632445174655376,,,0.0
voyage_063,7680,7680.0,maximum iterations reached,False,20.16719989478588,4000,697.351067,,,0.49632445174655376,,,0.0
voyage_063,7681,7681.0,maximum iterations reached,False,19.56879999488592,4000,696.9518760969457,,,0.49632445174655376,,,0.0
voyage_063,7682,7682.0,maximum iterations reached,False,19.619900034740567,4000,696.5665590496868,,,0.49632445174655376,,,0.0
voyage_063,7683,7683.0,maximum iterations reached,False,19.88640008494258,4000,696.1952185675384,,,0.49632445174655376,,,0.0
voyage_063,7684,7684.0,maximum iterations reached,False,19.840000080876052,4000,695.837957359816,,,0.49632445174655376,,,0.0
voyage_063,7685,7685.0,maximum iterations reached,False,19.784800009801984,4000,695.4948781358353,,,0.49632445174655376,,,0.0
voyage_063,7686,7686.0,maximum iterations reached,False,20.425800001248717,4000,695.1660836049117,,,0.49632445174655376,,,0.0
voyage_063,7687,7687.0,maximum iterations reached,False,20.69050003774464,4000,694.8516764763604,,,0.49632445174655376,,,0.0
voyage_063,7688,7688.0,maximum iterations reached,False,21.29060006700456,4000,694.551759459497,,,0.49632445174655376,,,0.0
voyage_063,7689,7689.0,maximum iterations reached,False,20.353700034320354,4000,694.2664352636369,,,0.49632445174655376,,,0.0
voyage_063,7690,7690.0,primal infeasible,False,19.399499986320734,3900,693.9958065980957,,,0.49632445174655376,,,0.0
voyage_063,7691,7691.0,maximum iterations reached,False,20.496899960562587,4000,693.7399761721886,,,0.49632445174655376,,,0.0
voyage_063,7692,7692.0,primal infeasible,False,0.4116999916732311,50,693.4990466952312,,,0.49632445174655376,,,0.0
voyage_063,7693,7693.0,primal infeasible,False,16.683199908584356,2900,693.2731208765389,,,0.49632445174655376,,,0.0
voyage_063,7694,7694.0,primal infeasible,False,12.87660002708435,2475,693.0623014254271,,,0.49632445174655376,,,0.0
voyage_063,7695,7695.0,primal infeasible,False,7.215099991299212,1350,692.8666910512114,,,0.49632445174655376,,,0.0
voyage_063,7696,7696.0,primal infeasible,False,9.702699957415462,1850,692.6863924632072,,,0.49632445174655376,,,0.0
voyage_063,7697,7697.0,maximum iterations reached,False,22.001400007866323,4000,692.5215083707299,,,0.49632445174655376,,,0.0
voyage_063,7698,7698.0,primal infeasible,False,0.4233999643474817,50,692.3721414830948,,,0.49632445174655376,,,0.0
voyage_063,7699,7699.0,primal infeasible,False,12.23949994891882,2300,692.2383945096175,,,0.49632445174655376,,,0.0
voyage_063,7700,7700.0,primal infeasible,False,16.306999954394996,3250,692.1203701596136,,,0.49632445174655376,,,0.0
voyage_063,7701,7701.0,primal infeasible,False,13.514199992641807,2725,692.0181711423983,,,0.49632445174655376,,,0.0
voyage_063,7702,7702.0,primal infeasible,False,12.63070001732558,2400,691.931900167287,,,0.49632445174655376,,,0.0
voyage_063,7703,7703.0,primal infeasible,False,17.02939998358488,3125,691.8616599435956,,,0.49632445174655376,,,0.0
voyage_063,7704,7704.0,primal infeasible,False,8.671600022353232,1625,691.807553180639,,,0.49632445174655376,,,0.0
voyage_063,7705,7705.0,primal infeasible,False,4.227400058880448,800,691.7696825877327,,,0.49632445174655376,,,0.0
voyage_063,7706,7706.0,primal infeasible,False,12.940100044943392,2450,691.7481508741926,,,0.49632445174655376,,,0.0
voyage_063,7707,7707.0,primal infeasible,False,10.441999998874962,2025,691.7430607493337,,,0.49632445174655376,,,0.0
voyage_063,7708,7708.0,primal infeasible,False,6.46269996650517,1225,691.7545149224718,,,0.49632445174655376,,,0.0
voyage_063,7709,7709.0,primal infeasible,False,4.608799936249852,850,691.782616102922,,,0.49632445174655376,,,0.0
voyage_063,7710,7710.0,primal infeasible,False,9.513300028629601,1825,691.827467,,,0.49632445174655376,,,0.0
voyage_063,7711,7711.0,primal infeasible,False,7.22719996701926,1375,691.8890735112674,,,0.49632445174655376,,,0.0
voyage_063,7712,7712.0,primal infeasible,False,6.079000071622431,1175,691.9670542872715,,,0.49632445174655376,,,0.0
voyage_063,7713,7713.0,primal infeasible,False,3.2001000363379717,575,692.0609311668055,,,0.49632445174655376,,,0.0
voyage_063,7714,7714.0,primal infeasible,False,3.0840999679639935,575,692.1702259886633,,,0.49632445174655376,,,0.0
voyage_063,7715,7715.0,primal infeasible,False,2.9726000502705574,575,692.2944605916381,,,0.49632445174655376,,,0.0
voyage_063,7716,7716.0,primal infeasible,False,3.3104000613093376,600,692.4331568145236,,,0.49632445174655376,,,0.0
voyage_063,7717,7717.0,primal infeasible,False,3.042600001208484,575,692.5858364961132,,,0.49632445174655376,,,0.0
voyage_063,7718,7718.0,primal infeasible,False,3.661300055682659,700,692.7520214752001,,,0.49632445174655376,,,0.0
voyage_063,7719,7719.0,primal infeasible,False,7.253999938257039,1400,692.931233590578,,,0.49632445174655376,,,0.0
voyage_063,7720,7720.0,primal infeasible,False,7.478900020942092,1475,693.1229946810406,,,0.49632445174655376,,,0.0
voyage_063,7721,7721.0,primal infeasible,False,3.586999955587089,675,693.326826585381,,,0.49632445174655376,,,0.0
voyage_063,7722,7722.0,primal infeasible,False,2.555500017479062,475,693.5422511423931,,,0.49632445174655376,,,0.0
voyage_063,7723,7723.0,primal infeasible,False,2.6268999790772796,500,693.7687901908698,,,0.49632445174655376,,,0.0
voyage_063,7724,7724.0,primal infeasible,False,2.515799948014319,475,694.0059655696052,,,0.49632445174655376,,,0.0
voyage_063,7725,7725.0,primal infeasible,False,3.180300001986325,625,694.2532991173924,,,0.49632445174655376,,,0.0
voyage_063,7726,7726.0,primal infeasible,False,2.684099948965013,525,694.5103126730252,,,0.49632445174655376,,,0.0
voyage_063,7727,7727.0,primal infeasible,False,2.7359999949112535,525,694.7765280752967,,,0.49632445174655376,,,0.0
voyage_063,7728,7728.0,primal infeasible,False,2.733799978159368,525,695.0514671630007,,,0.49632445174655376,,,0.0
voyage_063,7729,7729.0,primal infeasible,False,2.813099999912083,550,695.3346517749303,,,0.49632445174655376,,,0.0
voyage_063,7730,7730.0,primal infeasible,False,2.6968999300152063,525,695.6256037498795,,,0.49632445174655376,,,0.0
voyage_063,7731,7731.0,primal infeasible,False,0.5781999789178371,100,695.9238449266413,,,0.49632445174655376,,,0.0
voyage_063,7732,7732.0,primal infeasible,False,0.543600064702332,100,696.2288971440095,,,0.49632445174655376,,,0.0
voyage_063,7733,7733.0,primal infeasible,False,0.6614999147132039,100,696.5402822407774,,,0.49632445174655376,,,0.0
voyage_063,7734,7734.0,primal infeasible,False,0.7655000081285834,125,696.8575220557387,,,0.49632445174655376,,,0.0
voyage_063,7735,7735.0,primal infeasible,False,0.6945999339222908,125,697.1801384276866,,,0.49632445174655376,,,0.0
voyage_063,7736,7736.0,primal infeasible,False,0.7041000062599778,125,697.5076531954151,,,0.49632445174655376,,,0.0
voyage_063,7737,7737.0,primal infeasible,False,0.6793000502511859,125,697.8395881977169,,,0.49632445174655376,,,0.0
voyage_063,7738,7738.0,primal infeasible,False,0.735500012524426,125,698.1754652733862,,,0.49632445174655376,,,0.0
voyage_063,7739,7739.0,primal infeasible,False,0.7702000439167023,125,698.514806261216,,,0.49632445174655376,,,0.0
voyage_063,7740,7740.0,primal infeasible,False,0.7957000052556396,125,698.857133,,,0.49632445174655376,,,0.0
voyage_063,7741,7741.0,primal infeasible,False,0.8096999954432249,125,699.2021368607623,,,0.49632445174655376,,,0.0
voyage_063,7742,7742.0,primal infeasible,False,0.7157999789342284,125,699.5501873434496,,,0.49632445174655376,,,0.0
voyage_063,7743,7743.0,primal infeasible,False,0.6982000777497888,125,699.9018234802389,,,0.49632445174655376,,,0.0
voyage_063,7744,7744.0,primal infeasible,False,0.6991999689489603,125,700.2575843033079,,,0.49632445174655376,,,0.0
voyage_063,7745,7745.0,primal infeasible,False,0.6849999772384763,125,700.6180088448338,,,0.49632445174655376,,,0.0
voyage_063,7746,7746.0,primal infeasible,False,0.7385999197140336,125,700.9836361369936,,,0.49632445174655376,,,0.0
voyage_063,7747,7747.0,primal infeasible,False,0.7340000011026859,125,701.3550052119648,,,0.49632445174655376,,,0.0
voyage_063,7748,7748.0,primal infeasible,False,0.6841999711468816,125,701.7326551019247,,,0.49632445174655376,,,0.0
voyage_063,7749,7749.0,primal infeasible,False,0.6713999900966883,125,702.1171248390505,,,0.49632445174655376,,,0.0
voyage_063,7750,7750.0,primal infeasible,False,0.66359993070364,125,702.5089534555196,,,0.49632445174655376,,,0.0
voyage_063,7751,7751.0,primal infeasible,False,0.6685999687761068,125,702.9086799835092,,,0.49632445174655376,,,0.0
voyage_063,7752,7752.0,primal infeasible,False,0.6620999192818999,125,703.3168434551966,,,0.49632445174655376,,,0.0
voyage_063,7753,7753.0,primal infeasible,False,0.7030999986454844,125,703.733982902759,,,0.49632445174655376,,,0.0
voyage_063,7754,7754.0,primal infeasible,False,0.6803999422118068,125,704.160637358374,,,0.49632445174655376,,,0.0
voyage_063,7755,7755.0,primal infeasible,False,0.6745000137016177,125,704.5973458542184,,,0.49632445174655376,,,0.0
voyage_063,7756,7756.0,primal infeasible,False,0.674300012178719,125,705.0446474224699,,,0.49632445174655376,,,0.0
voyage_063,7757,7757.0,primal infeasible,False,0.665399944409728,125,705.5030810953054,,,0.49632445174655376,,,0.0
voyage_063,7758,7758.0,primal infeasible,False,0.6800999399274588,125,705.9731859049028,,,0.49632445174655376,,,0.0
voyage_063,7759,7759.0,primal infeasible,False,0.6744000129401684,125,706.4555008834387,,,0.49632445174655376,,,0.0
voyage_063,7760,7760.0,primal infeasible,False,0.6675999611616135,125,706.9505650630907,,,0.49632445174655376,,,0.0
voyage_063,7761,7761.0,primal infeasible,False,0.797300017438829,125,707.4589174760363,,,0.49632445174655376,,,0.0
voyage_063,7762,7762.0,primal infeasible,False,0.6842999719083309,125,707.9810971544525,,,0.49632445174655376,,,0.0
voyage_063,7763,7763.0,primal infeasible,False,0.685199978761375,125,708.5176431305166,,,0.49632445174655376,,,0.0
voyage_063,7764,7764.0,primal infeasible,False,0.7145999697968364,125,709.069094436406,,,0.49632445174655376,,,0.0
voyage_063,7765,7765.0,primal infeasible,False,0.6814999505877495,125,709.6359901042978,,,0.49632445174655376,,,0.0
voyage_063,7766,7766.0,primal infeasible,False,0.9014999959617853,150,710.2188691663695,,,0.49632445174655376,,,0.0
voyage_063,7767,7767.0,primal infeasible,False,0.8069999748840928,125,710.8182706547983,,,0.49632445174655376,,,0.0
voyage_063,7768,7768.0,primal infeasible,False,0.737000023946166,125,711.4347336017614,,,0.49632445174655376,,,0.0
voyage_063,7769,7769.0,primal infeasible,False,0.6868999917060137,125,712.0687970394363,,,0.49632445174655376,,,0.0
voyage_063,7770,7770.0,primal infeasible,False,0.6668999558314681,125,712.721,,,0.49632445174655376,,,0.0
voyage_063,7771,7771.0,primal infeasible,False,0.6660999497398734,125,713.3911611687205,,,0.49632445174655376,,,0.0
voyage_063,7772,7772.0,primal infeasible,False,1.0462000500410795,200,714.0762178432266,,,0.49632445174655376,,,0.0
voyage_063,7773,7773.0,primal infeasible,False,0.9365000296384096,175,714.7723869742384,,,0.49632445174655376,,,0.0
voyage_063,7774,7774.0,primal infeasible,False,1.0987999849021435,200,715.4758855124751,,,0.49632445174655376,,,0.0
voyage_063,7775,7775.0,primal infeasible,False,0.9354000212624669,175,716.1829304086564,,,0.49632445174655376,,,0.0
voyage_063,7776,7776.0,primal infeasible,False,1.0739999124780297,200,716.8897386135019,,,0.49632445174655376,,,0.0
voyage_063,7777,7777.0,primal infeasible,False,0.9581999620422721,175,717.5925270777312,,,0.49632445174655376,,,0.0
voyage_063,7778,7778.0,primal infeasible,False,0.8046999573707581,150,718.2875127520639,,,0.49632445174655376,,,0.0
voyage_063,7779,7779.0,primal infeasible,False,1.046599936671555,200,718.9709125872197,,,0.49632445174655376,,,0.0
voyage_063,7780,7780.0,primal infeasible,False,1.0402000043541193,175,719.638943533918,,,0.49632445174655376,,,0.0
voyage_063,7781,7781.0,primal infeasible,False,1.114599988795817,200,720.2878225428784,,,0.49632445174655376,,,0.0
voyage_063,7782,7782.0,primal infeasible,False,1.1557000689208508,200,720.9137665648207,,,0.49632445174655376,,,0.0
voyage_063,7783,7783.0,primal infeasible,False,1.0424000211060047,175,721.5129925504643,,,0.49632445174655376,,,0.0
voyage_063,7784,7784.0,primal infeasible,False,1.151600037701428,200,722.0817174505289,,,0.49632445174655376,,,0.0
voyage_063,7785,7785.0,primal infeasible,False,1.1246000649407506,200,722.616158215734,,,0.49632445174655376,,,0.0
voyage_063,7786,7786.0,primal infeasible,False,0.9844000451266766,175,723.1125317967992,,,0.49632445174655376,,,0.0
voyage_063,7787,7787.0,primal infeasible,False,1.104900031350553,200,723.5670551444442,,,0.49632445174655376,,,0.0
voyage_063,7788,7788.0,primal infeasible,False,1.1669000377878547,200,723.9759452093886,,,0.49632445174655376,,,0.0
voyage_063,7789,7789.0,primal infeasible,False,1.0500999633222818,175,724.3354189423517,,,0.49632445174655376,,,0.0
voyage_063,7790,7790.0,primal infeasible,False,1.108699943870306,200,724.6416932940537,,,0.49632445174655376,,,0.0
voyage_063,7791,7791.0,primal infeasible,False,0.9822999127209187,175,724.8909852152134,,,0.49632445174655376,,,0.0
voyage_063,7792,7792.0,primal infeasible,False,1.1177000124007463,200,725.079511656551,,,0.49632445174655376,,,0.0
voyage_063,7793,7793.0,primal infeasible,False,1.1184000177308917,200,725.2034895687858,,,0.49632445174655376,,,0.0
voyage_063,7794,7794.0,primal infeasible,False,1.0058000916615129,175,725.2591359026375,,,0.49632445174655376,,,0.0
voyage_063,7795,7795.0,primal infeasible,False,1.1027000145986676,200,725.2426676088259,,,0.49632445174655376,,,0.0
voyage_063,7796,7796.0,primal infeasible,False,0.9728999575600028,175,725.1503016380702,,,0.49632445174655376,,,0.0
voyage_063,7797,7797.0,primal infeasible,False,1.0901999194175005,200,724.9782549410901,,,0.49632445174655376,,,0.0
voyage_063,7798,7798.0,primal infeasible,False,1.0900999186560512,200,724.7227444686052,,,0.49632445174655376,,,0.0
voyage_063,7799,7799.0,primal infeasible,False,0.9800000116229057,175,724.3799871713354,,,0.49632445174655376,,,0.0
voyage_063,7800,7800.0,primal infeasible,False,1.0852999985218048,200,723.9462,,,0.49632445174655376,,,0.0
voyage_063,7801,7801.0,primal infeasible,False,1.4452000614255667,250,723.4189060249856,,,0.49632445174655376,,,0.0
voyage_063,7802,7802.0,primal infeasible,False,2.083199913613498,375,722.8008527953475,,,0.49632445174655376,,,0.0
voyage_063,7803,7803.0,primal infeasible,False,1.2552000116556883,225,722.0960939798076,,,0.49632445174655376,,,0.0
voyage_063,7804,7804.0,primal infeasible,False,1.3525000540539622,250,721.3086832470882,,,0.49632445174655376,,,0.0
voyage_063,7805,7805.0,primal infeasible,False,1.6193999908864498,300,720.4426742659111,,,0.49632445174655376,,,0.0
voyage_063,7806,7806.0,primal infeasible,False,2.5421000318601727,475,719.5021207049988,,,0.49632445174655376,,,0.0
voyage_063,7807,7807.0,primal infeasible,False,2.8967000544071198,550,718.4910762330732,,,0.49632445174655376,,,0.0
voyage_063,7808,7808.0,primal infeasible,False,3.387399949133396,650,717.4135945188564,,,0.49632445174655376,,,0.0
voyage_063,7809,7809.0,primal infeasible,False,4.206200013868511,825,716.2737292310708,,,0.49632445174655376,,,0.0
voyage_063,7810,7810.0,primal infeasible,False,5.510000046342611,1100,715.0755340384381,,,0.49632445174655376,,,0.0
voyage_063,7811,7811.0,primal infeasible,False,6.7761000245809555,1275,713.8230626096806,,,0.49632445174655376,,,0.0
voyage_063,7812,7812.0,primal infeasible,False,5.022000055760145,975,712.5203686135206,,,0.49632445174655376,,,0.0
voyage_063,7813,7813.0,primal infeasible,False,6.028099916875362,1175,711.17150571868,,,0.49632445174655376,,,0.0
voyage_063,7814,7814.0,primal infeasible,False,7.285000057891011,1425,709.780527593881,,,0.49632445174655376,,,0.0
voyage_063,7815,7815.0,primal infeasible,False,4.434300004504621,875,708.3514879078457,,,0.49632445174655376,,,0.0
voyage_063,7816,7816.0,primal infeasible,False,8.005800074897707,1575,706.8884403292963,,,0.49632445174655376,,,0.0
voyage_063,7817,7817.0,primal infeasible,False,5.5825000163167715,1075,705.3954385269545,,,0.49632445174655376,,,0.0
voyage_063,7818,7818.0,primal infeasible,False,4.931199946440756,900,703.8765361695431,,,0.49632445174655376,,,0.0
voyage_063,7819,7819.0,primal infeasible,False,8.16810003016144,1475,702.3357869257837,,,0.49632445174655376,,,0.0
voyage_063,7820,7820.0,primal infeasible,False,6.978599936701357,1300,700.7772444643987,,,0.49632445174655376,,,0.0
voyage_063,7821,7821.0,primal infeasible,False,18.973900005221367,3700,699.20496245411,,,0.49632445174655376,,,0.0
voyage_063,7847,7847.0,primal infeasible,False,0.9512999095022678,175,664.6537019784412,,,0.4939903602852085,,,0.0
voyage_063,7848,7848.0,primal infeasible,False,2.3447000421583652,450,663.8444684404392,,,0.4939903602852085,,,0.0
voyage_063,7849,7849.0,primal infeasible,False,3.1661000102758408,600,663.0881937118096,,,0.4939903602852085,,,0.0
voyage_063,7850,7850.0,primal infeasible,False,4.107899963855743,800,662.3863312187223,,,0.4939903602852085,,,0.0
voyage_063,7851,7851.0,primal infeasible,False,5.934200016781688,1175,661.7403343873465,,,0.4939903602852085,,,0.0
voyage_063,7852,7852.0,maximum iterations reached,False,19.81670001987368,4000,661.1516566438524,,,0.4939903602852085,,,0.0
voyage_063,7853,7853.0,primal infeasible,False,0.345999957062304,50,660.6217514144096,,,0.4939903602852085,,,0.0
voyage_063,7854,7854.0,primal infeasible,False,8.481799974106252,1625,660.1520721251876,,,0.4939903602852085,,,0.0
voyage_063,7855,7855.0,primal infeasible,False,5.950899911113083,1125,659.7440722023565,,,0.4939903602852085,,,0.0
voyage_063,7856,7856.0,primal infeasible,False,9.62139992043376,1850,659.3992050720856,,,0.4939903602852085,,,0.0
voyage_063,7857,7857.0,maximum iterations reached,False,20.53640002850443,4000,659.1189241605448,,,0.4939903602852085,,,0.0
voyage_063,7858,7858.0,primal infeasible,False,0.40989997796714306,50,658.9046828939037,,,0.4939903602852085,,,0.0
voyage_063,7859,7859.0,primal infeasible,False,8.839000016450882,1675,658.7579346983322,,,0.4939903602852085,,,0.0
voyage_063,7860,7860.0,primal infeasible,False,5.71930012665689,1075,658.680133,,,0.4939903602852085,,,0.0
voyage_063,7861,7861.0,primal infeasible,False,6.917900056578219,1325,658.6721811733335,,,0.4939903602852085,,,0.0
voyage_063,7862,7862.0,primal infeasible,False,6.855699932202697,1200,658.7327823857858,,,0.4939903602852085,,,0.0
voyage_063,7863,7863.0,primal infeasible,False,19.4282999727875,3825,658.8600897530674,,,0.4939903602852085,,,0.0
voyage_063,7864,7864.0,primal infeasible,False,18.014300032518804,3575,659.0522563908885,,,0.4939903602852085,,,0.0
voyage_063,7865,7865.0,primal infeasible,False,8.635299978777766,1725,659.3074354149592,,,0.4939903602852085,,,0.0
voyage_063,7866,7866.0,primal infeasible,False,19.943600054830313,4000,659.6237799409893,,,0.4939903602852085,,,0.0
voyage_063,7867,7867.0,maximum iterations reached,False,19.747700076550245,4000,659.9994430846892,,,0.4939903602852085,,,0.0
voyage_063,7868,7868.0,primal infeasible,False,9.121999959461391,1850,660.4325779617694,,,0.4939903602852085,,,0.0
voyage_063,7869,7869.0,maximum iterations reached,False,20.26389993261546,4000,660.9213376879395,,,0.4939903602852085,,,0.0
voyage_063,7870,7870.0,primal infeasible,False,8.470100001432002,1700,661.46387537891,,,0.4939903602852085,,,0.0
voyage_063,7871,7871.0,maximum iterations reached,False,20.178900100290775,4000,662.0583441503907,,,0.4939903602852085,,,0.0
voyage_063,7872,7872.0,primal infeasible,False,8.813300053589046,1775,662.702897118092,,,0.4939903602852085,,,0.0
voyage_063,7873,7873.0,primal infeasible,False,6.1382000567391515,1225,663.3956873977241,,,0.4939903602852085,,,0.0
voyage_063,7874,7874.0,primal infeasible,False,5.974199972115457,1175,664.134868104997,,,0.4939903602852085,,,0.0
voyage_063,7875,7875.0,primal infeasible,False,5.802299943752587,1150,664.9185923556207,,,0.4939903602852085,,,0.0
voyage_063,7876,7876.0,maximum iterations reached,False,20.02239995636046,4000,665.7450132653059,,,0.4939903602852085,,,0.0
voyage_063,7877,7877.0,primal infeasible,False,12.437099940143526,2400,666.6122839497623,,,0.4939903602852085,,,0.0
voyage_063,7878,7878.0,primal infeasible,False,16.59659994766116,3325,667.5185575247001,,,0.4939903602852085,,,0.0
voyage_063,7879,7879.0,primal infeasible,False,6.838199915364385,1350,668.4619871058294,,,0.4939903602852085,,,0.0
voyage_063,7880,7880.0,maximum iterations reached,False,19.687899970449507,4000,669.4407258088605,,,0.4939903602852085,,,0.0
voyage_063,7881,7881.0,primal infeasible,False,9.107900084927678,1850,670.4529267495035,,,0.4939903602852085,,,0.0
voyage_063,7882,7882.0,maximum iterations reached,False,20.01059998292476,4000,671.4967430434685,,,0.4939903602852085,,,0.0
voyage_063,7883,7883.0,primal infeasible,False,13.142699957825243,2650,672.5703278064658,,,0.4939903602852085,,,0.0
voyage_063,7884,7884.0,primal infeasible,False,16.77790004760027,3400,673.6718341542053,,,0.4939903602852085,,,0.0
voyage_063,7885,7885.0,primal infeasible,False,14.55680001527071,2950,674.7994152023973,,,0.4939903602852085,,,0.0
voyage_063,7886,7886.0,primal infeasible,False,16.686399932950735,3375,675.951224066752,,,0.4939903602852085,,,0.0
voyage_063,7887,7887.0,primal infeasible,False,6.232599960640073,1250,677.1254138629795,,,0.4939903602852085,,,0.0
voyage_063,7888,7888.0,primal infeasible,False,17.014000099152327,3350,678.3201377067899,,,0.4939903602852085,,,0.0
voyage_063,7889,7889.0,primal infeasible,False,11.447199969552457,2275,679.5335487138932,,,0.4939903602852085,,,0.0
voyage_063,7890,7890.0,primal infeasible,False,7.08489993121475,1400,680.7638,,,0.4939903602852085,,,0.0
voyage_063,7891,7891.0,primal infeasible,False,10.989799979142845,2150,682.0084921701073,,,0.4939903602852085,,,0.0
voyage_063,7892,7892.0,primal infeasible,False,14.245400088839233,2800,683.2630157863622,,,0.4939903602852085,,,0.0
voyage_063,7893,7893.0,primal infeasible,False,20.094200037419796,3950,684.5222089001987,,,0.4939903602852085,,,0.0
voyage_063,7894,7894.0,maximum iterations reached,False,20.02699999138713,4000,685.7809095630511,,,0.4939903602852085,,,0.0
voyage_063,7895,7895.0,primal infeasible,False,9.703000076115131,1900,687.0339558263532,,,0.4939903602852085,,,0.0
voyage_063,7896,7896.0,primal infeasible,False,19.148699939250946,3775,688.2761857415395,,,0.4939903602852085,,,0.0
voyage_063,7897,7897.0,primal infeasible,False,7.731799967586994,1450,689.5024373600442,,,0.4939903602852085,,,0.0
voyage_063,7898,7898.0,primal infeasible,False,10.085899964906275,1925,690.707548733301,,,0.4939903602852085,,,0.0
voyage_063,7899,7899.0,primal infeasible,False,5.920000025071204,1100,691.8863579127443,,,0.4939903602852085,,,0.0
voyage_063,7900,7900.0,primal infeasible,False,15.4694999800995,2975,693.0337029498083,,,0.4939903602852085,,,0.0
voyage_063,7901,7901.0,primal infeasible,False,7.21570011228323,1200,694.1444218959272,,,0.4939903602852085,,,0.0
voyage_063,7902,7902.0,primal infeasible,False,15.009599970653653,2775,695.2133528025349,,,0.4939903602852085,,,0.0
voyage_063,7903,7903.0,primal infeasible,False,5.988699966110289,1150,696.2353337210657,,,0.4939903602852085,,,0.0
voyage_063,7904,7904.0,primal infeasible,False,7.863999926485121,1550,697.2052027029536,,,0.4939903602852085,,,0.0
voyage_063,7905,7905.0,primal infeasible,False,12.206700048409402,2450,698.117797799633,,,0.4939903602852085,,,0.0
voyage_063,7906,7906.0,primal infeasible,False,9.015500079840422,1775,698.9679570625377,,,0.4939903602852085,,,0.0
voyage_063,7907,7907.0,primal infeasible,False,5.577399977482855,1050,699.7505185431022,,,0.4939903602852085,,,0.0
voyage_063,7908,7908.0,primal infeasible,False,11.226300150156021,2075,700.4603202927605,,,0.4939903602852085,,,0.0
voyage_063,7909,7909.0,primal infeasible,False,5.5099999299272895,950,701.0922003629465,,,0.4939903602852085,,,0.0
voyage_063,7910,7910.0,primal infeasible,False,14.1772999195382,2675,701.6409968050947,,,0.4939903602852085,,,0.0
voyage_063,7911,7911.0,primal infeasible,False,4.627899965271354,900,702.101547670639,,,0.4939903602852085,,,0.0
voyage_063,7912,7912.0,primal infeasible,False,18.0151000386104,3500,702.4686910110137,,,0.4939903602852085,,,0.0
voyage_063,7913,7913.0,primal infeasible,False,8.72230005916208,1750,702.7372648776529,,,0.4939903602852085,,,0.0
voyage_063,7914,7914.0,primal infeasible,False,9.202699991874397,1825,702.9021073219906,,,0.4939903602852085,,,0.0
voyage_063,7915,7915.0,primal infeasible,False,5.562800099141896,1100,702.9580563954612,,,0.4939903602852085,,,0.0
voyage_063,7916,7916.0,primal infeasible,False,14.219700009562075,2875,702.8999501494986,,,0.4939903602852085,,,0.0
voyage_063,7917,7917.0,primal infeasible,False,5.78880007378757,1150,702.722626635537,,,0.4939903602852085,,,0.0
voyage_063,7918,7918.0,primal infeasible,False,5.807599984109402,1150,702.4209239050107,,,0.4939903602852085,,,0.0
voyage_063,7919,7919.0,primal infeasible,False,11.190999997779727,2150,701.9896800093536,,,0.4939903602852085,,,0.0
voyage_063,7920,7920.0,primal infeasible,False,14.42040002439171,2750,701.423733,,,0.4939903602852085,,,0.0
voyage_063,7921,7921.0,primal infeasible,False,11.154299951158464,2150,700.7204705366447,,,0.4939903602852085,,,0.0
voyage_063,7922,7922.0,primal infeasible,False,10.744999977760017,2050,699.8874787120244,,,0.4939903602852085,,,0.0
voyage_063,7923,7923.0,primal infeasible,False,15.114400070160627,2950,698.9348932271375,,,0.4939903602852085,,,0.0
voyage_063,7926,7926.0,primal infeasible,False,0.9933999972417951,175,695.4609318208521,,,0.49381401380433065,,,0.0
voyage_063,7927,7927.0,primal infeasible,False,2.011900069192052,375,694.1313287048748,,,0.49381401380433065,,,0.0
voyage_063,7928,7928.0,primal infeasible,False,1.9100999925285578,350,692.7328104336191,,,0.49381401380433065,,,0.0
voyage_063,7929,7929.0,primal infeasible,False,2.993099973537028,550,691.2755127080828,,,0.49381401380433065,,,0.0
voyage_063,7930,7930.0,primal infeasible,False,5.378499976359308,1025,689.7695712292638,,,0.49381401380433065,,,0.0
voyage_063,7931,7931.0,primal infeasible,False,7.602800033055246,1425,688.2251216981598,,,0.49381401380433065,,,0.0
voyage_063,7932,7932.0,primal infeasible,False,7.441299967467785,1450,686.6522998157681,,,0.49381401380433065,,,0.0
voyage_063,7933,7933.0,primal infeasible,False,9.450100013054907,1850,685.061241283087,,,0.49381401380433065,,,0.0
voyage_063,7934,7934.0,primal infeasible,False,19.467199919745326,3575,683.4620818011142,,,0.49381401380433065,,,0.0
voyage_063,7935,7935.0,primal infeasible,False,6.484399898909032,925,681.8649570708469,,,0.49381401380433065,,,0.0
voyage_063,7936,7936.0,primal infeasible,False,5.6984000839293,900,680.2800027932834,,,0.49381401380433065,,,0.0
voyage_063,7937,7937.0,primal infeasible,False,14.659699983894825,2775,678.7173546694213,,,0.49381401380433065,,,0.0
voyage_063,7938,7938.0,primal infeasible,False,5.6374999694526196,1000,677.187148400258,,,0.49381401380433065,,,0.0
voyage_063,7939,7939.0,primal infeasible,False,15.356499934569001,2950,675.6995196867916,,,0.49381401380433065,,,0.0
voyage_063,7940,7940.0,primal infeasible,False,8.928700000979006,1700,674.2646042300197,,,0.49381401380433065,,,0.0
voyage_063,7941,7941.0,primal infeasible,False,13.037900091148913,2400,672.89253773094,,,0.49381401380433065,,,0.0
voyage_063,7942,7942.0,primal infeasible,False,11.630200082436204,2300,671.5934558905503,,,0.49381401380433065,,,0.0
voyage_063,7943,7943.0,primal infeasible,False,9.121099952608347,1825,670.3774944098485,,,0.49381401380433065,,,0.0
voyage_063,7944,7944.0,primal infeasible,False,4.898000042885542,900,669.254788989832,,,0.49381401380433065,,,0.0
voyage_063,7945,7945.0,primal infeasible,False,18.683700007386506,3525,668.2354753314986,,,0.49381401380433065,,,0.0
voyage_063,7946,7946.0,primal infeasible,False,5.622800090350211,1050,667.3296891358461,,,0.49381401380433065,,,0.0
voyage_063,7947,7947.0,primal infeasible,False,10.533900000154972,2025,666.5475661038723,,,0.49381401380433065,,,0.0
voyage_063,7948,7948.0,primal infeasible,False,11.940500000491738,2325,665.8992419365749,,,0.49381401380433065,,,0.0
voyage_063,7949,7949.0,primal infeasible,False,11.035499977879226,2125,665.3948523349516,,,0.49381401380433065,,,0.0
voyage_063,7950,7950.0,primal infeasible,False,4.737500101327896,900,665.044533,,,0.49381401380433065,,,0.0
voyage_063,7951,7951.0,primal infeasible,False,10.124899912625551,1650,664.8554021202402,,,0.49381401380433065,,,0.0
voyage_063,7952,7952.0,primal infeasible,False,8.866699994541705,1525,664.8225078342804,,,0.49381401380433065,,,0.0
voyage_063,7953,7953.0,primal infeasible,False,5.398700013756752,850,664.9378807682511,,,0.49381401380433065,,,0.0
voyage_063,7954,7954.0,primal infeasible,False,12.488599983043969,2400,665.1935515482829,,,0.49381401380433065,,,0.0
voyage_063,7955,7955.0,primal infeasible,False,9.908600011840463,1600,665.5815508005063,,,0.49381401380433065,,,0.0
voyage_063,7956,7956.0,primal infeasible,False,10.258299997076392,1900,666.0939091510515,,,0.49381401380433065,,,0.0
voyage_063,7957,7957.0,primal infeasible,False,8.662099950015545,1650,666.7226572260494,,,0.49381401380433065,,,0.0
voyage_063,7958,7958.0,primal infeasible,False,10.529300081543624,2025,667.45982565163,,,0.49381401380433065,,,0.0
voyage_063,7959,7959.0,primal infeasible,False,4.57069999538362,775,668.2974450539242,,,0.49381401380433065,,,0.0
voyage_063,7960,7960.0,primal infeasible,False,4.669800051487982,750,669.2275460590623,,,0.49381401380433065,,,0.0
voyage_063,7961,7961.0,primal infeasible,False,4.644899978302419,800,670.242159293175,,,0.49381401380433065,,,0.0
voyage_063,7962,7962.0,primal infeasible,False,5.774299963377416,1125,671.3333153823924,,,0.49381401380433065,,,0.0
voyage_063,7963,7963.0,primal infeasible,False,4.0689000161364675,800,672.4930449528453,,,0.49381401380433065,,,0.0
voyage_063,7964,7964.0,primal infeasible,False,6.111699971370399,975,673.7133786306638,,,0.49381401380433065,,,0.0
voyage_063,7965,7965.0,primal infeasible,False,11.921600089408457,2350,674.986347041979,,,0.49381401380433065,,,0.0
voyage_063,7966,7966.0,primal infeasible,False,7.521599996834993,1400,676.3039808129208,,,0.49381401380433065,,,0.0
voyage_063,7967,7967.0,primal infeasible,False,6.252699997276068,1225,677.6583105696203,,,0.49381401380433065,,,0.0
voyage_063,7968,7968.0,primal infeasible,False,4.987700027413666,975,679.0413669382073,,,0.49381401380433065,,,0.0
voyage_063,7969,7969.0,primal infeasible,False,4.4256000546738505,875,680.4451805448128,,,0.49381401380433065,,,0.0
voyage_063,7970,7970.0,primal infeasible,False,4.359700018540025,850,681.861782015567,,,0.49381401380433065,,,0.0
voyage_063,7971,7971.0,primal infeasible,False,5.539899924769998,1075,683.2832019766005,,,0.49381401380433065,,,0.0
voyage_063,7972,7972.0,primal infeasible,False,5.042599979788065,950,684.7014710540439,,,0.49381401380433065,,,0.0
voyage_063,7973,7973.0,primal infeasible,False,7.2324000066146255,1400,686.1086198740273,,,0.49381401380433065,,,0.0
voyage_063,7974,7974.0,primal infeasible,False,8.17379995714873,1300,687.4966790626816,,,0.49381401380433065,,,0.0
voyage_063,7975,7975.0,primal infeasible,False,19.202099996618927,3575,688.8576792461371,,,0.49381401380433065,,,0.0
voyage_063,7976,7976.0,primal infeasible,False,4.633900010958314,900,690.1836510505243,,,0.49381401380433065,,,0.0
voyage_063,7977,7977.0,primal infeasible,False,9.59479995071888,1825,691.4666251019738,,,0.49381401380433065,,,0.0
voyage_063,7978,7978.0,primal infeasible,False,2.544800052419305,475,692.6986320266158,,,0.49381401380433065,,,0.0
voyage_063,7979,7979.0,primal infeasible,False,4.202099982649088,825,693.871702450581,,,0.49381401380433065,,,0.0
voyage_063,7980,7980.0,primal infeasible,False,2.817499917000532,550,694.977867,,,0.49381401380433065,,,0.0
voyage_063,7981,7981.0,primal infeasible,False,7.723500020802021,1475,696.0108763820984,,,0.49381401380433065,,,0.0
voyage_063,7982,7982.0,primal infeasible,False,3.437899984419346,650,696.9713616284834,,,0.49381401380433065,,,0.0
voyage_063,7983,7983.0,primal infeasible,False,4.517899942584336,875,697.8616738518577,,,0.49381401380433065,,,0.0
voyage_063,7984,7984.0,primal infeasible,False,2.6096999645233154,475,698.6841641649238,,,0.49381401380433065,,,0.0
voyage_063,7985,7985.0,primal infeasible,False,2.7024000883102417,475,699.4411836803843,,,0.49381401380433065,,,0.0
voyage_063,7986,7986.0,primal infeasible,False,3.2820000778883696,600,700.1350835109416,,,0.49381401380433065,,,0.0
voyage_063,7987,7987.0,primal infeasible,False,6.931700045242906,1375,700.7682147692984,,,0.49381401380433065,,,0.0
voyage_063,7988,7988.0,primal infeasible,False,5.633499938994646,1125,701.342928568157,,,0.49381401380433065,,,0.0
voyage_063,7989,7989.0,primal infeasible,False,7.536799996159971,1375,701.8615760202202,,,0.49381401380433065,,,0.0
voyage_063,7990,7990.0,primal infeasible,False,2.0436999620869756,375,702.3265082381905,,,0.49381401380433065,,,0.0
voyage_063,7991,7991.0,primal infeasible,False,4.2480999836698174,825,702.7400763347703,,,0.49381401380433065,,,0.0
voyage_063,7992,7992.0,primal infeasible,False,6.329199997708201,1225,703.1046314226625,,,0.49381401380433065,,,0.0
voyage_063,7993,7993.0,primal infeasible,False,7.0312999887391925,1400,703.4225246145692,,,0.49381401380433065,,,0.0
voyage_063,7994,7994.0,primal infeasible,False,12.295799911953509,2350,703.696107023193,,,0.49381401380433065,,,0.0
voyage_063,7995,7995.0,primal infeasible,False,11.519499938003719,2200,703.927729761237,,,0.49381401380433065,,,0.0
voyage_063,7996,7996.0,primal infeasible,False,14.100100030191243,2750,704.119743941403,,,0.49381401380433065,,,0.0
voyage_063,7997,7997.0,primal infeasible,False,18.332299892790616,2825,704.2745006763939,,,0.49381401380433065,,,0.0
voyage_063,7998,7998.0,primal infeasible,False,9.05720004811883,1025,704.3943510789125,,,0.49381401380433065,,,0.0
voyage_063,7999,7999.0,primal infeasible,False,17.0190999051556,2575,704.4816462616608,,,0.49381401380433065,,,0.0
voyage_063,8000,8000.0,primal infeasible,False,7.256999961100519,1300,704.5387373373417,,,0.49381401380433065,,,0.0
voyage_063,8001,8001.0,primal infeasible,False,17.980500007979572,3450,704.5679754186577,,,0.49381401380433065,,,0.0
voyage_063,8002,8002.0,primal infeasible,False,9.790000040084124,1900,704.5717116183113,,,0.49381401380433065,,,0.0
voyage_063,8003,8003.0,primal infeasible,False,15.005799941718578,2900,704.5522970490051,,,0.49381401380433065,,,0.0
voyage_063,8004,8004.0,primal infeasible,False,13.21450003888458,2550,704.5120828234416,,,0.49381401380433065,,,0.0
voyage_063,8005,8005.0,primal infeasible,False,14.675699989311397,2925,704.4534200543233,,,0.49381401380433065,,,0.0
voyage_063,8006,8006.0,primal infeasible,False,6.38740009162575,1250,704.3786598543528,,,0.49381401380433065,,,0.0
voyage_063,8007,8007.0,primal infeasible,False,10.257699992507696,2050,704.2901533362327,,,0.49381401380433065,,,0.0
voyage_063,8008,8008.0,primal infeasible,False,13.272500014863908,2675,704.1902516126655,,,0.49381401380433065,,,0.0
voyage_063,8009,8009.0,primal infeasible,False,7.537199999205768,1250,704.0813057963537,,,0.49381401380433065,,,0.0
voyage_063,8010,8010.0,primal infeasible,False,16.645400086417794,3125,703.965667,,,0.49381401380433065,,,0.0
voyage_063,8011,8011.0,primal infeasible,False,6.362800020724535,1200,703.8451129491441,,,0.49381401380433065,,,0.0
voyage_063,8012,8012.0,primal infeasible,False,13.80099996458739,2700,703.7191278206745,,,0.49381401380433065,,,0.0
voyage_063,8013,8013.0,primal infeasible,False,19.255099934525788,3725,703.5866224043177,,,0.49381401380433065,,,0.0
voyage_063,8014,8014.0,primal infeasible,False,6.656999932602048,1300,703.4465074897993,,,0.49381401380433065,,,0.0
voyage_063,8015,8015.0,maximum iterations reached,False,19.913299940526485,4000,703.2976938668454,,,0.49381401380433065,,,0.0
voyage_063,8016,8016.0,maximum iterations reached,False,19.850000040605664,4000,703.139092325182,,,0.49381401380433065,,,0.0
voyage_063,8017,8017.0,maximum iterations reached,False,19.64780001435429,4000,702.9696136545351,,,0.49381401380433065,,,0.0
voyage_063,8018,8018.0,maximum iterations reached,False,20.561099983751774,4000,702.7881686446308,,,0.49381401380433065,,,0.0
voyage_063,8019,8019.0,maximum iterations reached,False,19.95689992327243,4000,702.5936680851948,,,0.49381401380433065,,,0.0
voyage_063,8020,8020.0,maximum iterations reached,False,20.063800155185163,4000,702.3850227659534,,,0.49381401380433065,,,0.0
voyage_063,8021,8021.0,maximum iterations reached,False,24.82910011895001,4000,702.1611434766326,,,0.49381401380433065,,,0.0
voyage_063,8022,8022.0,maximum iterations reached,False,21.167199942283332,4000,701.9209410069581,,,0.49381401380433065,,,0.0
voyage_063,8023,8023.0,maximum iterations reached,False,20.87409992236644,4000,701.6633261466561,,,0.49381401380433065,,,0.0
voyage_063,8024,8024.0,maximum iterations reached,False,21.5262999990955,4000,701.3872096854526,,,0.49381401380433065,,,0.0
voyage_063,8025,8025.0,maximum iterations reached,False,19.649999914690852,4000,701.0915024130736,,,0.49381401380433065,,,0.0
voyage_063,8026,8026.0,maximum iterations reached,False,21.328200004063547,4000,700.775115119245,,,0.49381401380433065,,,0.0
voyage_063,8027,8027.0,maximum iterations reached,False,21.550500066950917,4000,700.4369585936929,,,0.49381401380433065,,,0.0
voyage_063,8028,8028.0,maximum iterations reached,False,20.132999983616173,4000,700.0759436261433,,,0.49381401380433065,,,0.0
voyage_063,8029,8029.0,maximum iterations reached,False,20.83559997845441,4000,699.690981006322,,,0.49381401380433065,,,0.0
voyage_063,8030,8030.0,maximum iterations reached,False,20.711999968625605,4000,699.2809815239551,,,0.49381401380433065,,,0.0
voyage_063,8031,8031.0,maximum iterations reached,False,20.445600035600364,4000,698.8448559687688,,,0.49381401380433065,,,0.0
voyage_063,8032,8032.0,maximum iterations reached,False,20.194799988530576,4000,698.3815151304889,,,0.49381401380433065,,,0.0
voyage_063,8033,8033.0,maximum iterations reached,False,20.291200024075806,4000,697.8898697988413,,,0.49381401380433065,,,0.0
voyage_063,8034,8034.0,maximum iterations reached,False,20.316399983130395,4000,697.3688307635523,,,0.49381401380433065,,,0.0
voyage_063,8035,8035.0,maximum iterations reached,False,19.989299937151372,4000,696.8173088143475,,,0.49381401380433065,,,0.0
voyage_063,8036,8036.0,maximum iterations reached,False,20.55389992892742,4000,696.2342147409531,,,0.49381401380433065,,,0.0
voyage_063,8037,8037.0,maximum iterations reached,False,20.093800034374,4000,695.6184593330954,,,0.49381401380433065,,,0.0
voyage_063,8038,8038.0,maximum iterations reached,False,20.14430006965995,4000,694.9689533804999,,,0.49381401380433065,,,0.0
voyage_063,8039,8039.0,maximum iterations reached,False,19.678400014527142,4000,694.2846076728928,,,0.49381401380433065,,,0.0
voyage_063,8040,8040.0,primal infeasible,False,18.292599939741194,3675,693.564333,,,0.49381401380433065,,,0.0
voyage_063,8041,8041.0,primal infeasible,False,3.4302000422030687,625,692.8082807451034,,,0.49381401380433065,,,0.0
voyage_063,8042,8042.0,primal infeasible,False,4.0389999048784375,625,692.0215646657072,,,0.49381401380433065,,,0.0
voyage_063,8043,8043.0,primal infeasible,False,4.2357000056654215,775,691.2105391128717,,,0.49381401380433065,,,0.0
voyage_063,8044,8044.0,primal infeasible,False,2.4938000133261085,425,690.3815584376571,,,0.49381401380433065,,,0.0
voyage_063,8045,8045.0,primal infeasible,False,2.0152999786660075,375,689.5409769911233,,,0.49381401380433065,,,0.0
voyage_063,8046,8046.0,primal infeasible,False,1.7392999725416303,325,688.6951491243308,,,0.49381401380433065,,,0.0
voyage_063,8047,8047.0,primal infeasible,False,1.3253000797703862,250,687.8504291883393,,,0.49381401380433065,,,0.0
voyage_063,8048,8048.0,primal infeasible,False,1.3436999870464206,250,687.0131715342094,,,0.49381401380433065,,,0.0
voyage_063,8049,8049.0,primal infeasible,False,1.3174000196158886,250,686.1897305130007,,,0.49381401380433065,,,0.0
voyage_063,8050,8050.0,primal infeasible,False,1.193900010548532,225,685.3864604757738,,,0.49381401380433065,,,0.0
voyage_063,8051,8051.0,primal infeasible,False,1.220499980263412,225,684.6097157735887,,,0.49381401380433065,,,0.0
voyage_063,8052,8052.0,primal infeasible,False,1.1710000690072775,225,683.8658507575054,,,0.49381401380433065,,,0.0
voyage_063,8053,8053.0,primal infeasible,False,1.2778000673279166,250,683.1612197785844,,,0.49381401380433065,,,0.0
voyage_063,8054,8054.0,primal infeasible,False,1.272000023163855,225,682.5021771878856,,,0.49381401380433065,,,0.0
voyage_063,8055,8055.0,primal infeasible,False,1.2725000269711018,225,681.895077336469,,,0.49381401380433065,,,0.0
voyage_063,8056,8056.0,primal infeasible,False,1.3775000115856528,225,681.346274575395,,,0.49381401380433065,,,0.0
voyage_063,8057,8057.0,primal infeasible,False,1.4402000233530998,250,680.8621232557236,,,0.49381401380433065,,,0.0
voyage_063,8058,8058.0,primal infeasible,False,1.3114999746903777,225,680.448977728515,,,0.49381401380433065,,,0.0
voyage_063,8059,8059.0,primal infeasible,False,1.2225001119077206,225,680.1131923448294,,,0.49381401380433065,,,0.0
voyage_063,8060,8060.0,primal infeasible,False,1.2224999954923987,225,679.8611214557267,,,0.49381401380433065,,,0.0
voyage_063,8061,8061.0,primal infeasible,False,1.385499956086278,250,679.6991194122674,,,0.49381401380433065,,,0.0
voyage_063,8062,8062.0,primal infeasible,False,1.2304999399930239,225,679.6335405655111,,,0.49381401380433065,,,0.0
voyage_063,8063,8063.0,primal infeasible,False,1.23559997882694,225,679.6707392665187,,,0.49381401380433065,,,0.0
voyage_063,8064,8064.0,primal infeasible,False,1.230900059454143,225,679.8170698663497,,,0.49381401380433065,,,0.0
voyage_063,8065,8065.0,primal infeasible,False,1.3234999496489763,250,680.0788867160645,,,0.49381401380433065,,,0.0
voyage_063,8066,8066.0,primal infeasible,False,1.2820000993087888,225,680.4625441667232,,,0.49381401380433065,,,0.0
voyage_063,8067,8067.0,primal infeasible,False,1.3241999549791217,225,680.9743965693859,,,0.49381401380433065,,,0.0
voyage_063,8068,8068.0,primal infeasible,False,1.339699956588447,225,681.620798275113,,,0.49381401380433065,,,0.0
voyage_063,8069,8069.0,primal infeasible,False,1.3653000351041555,225,682.4081036349643,,,0.49381401380433065,,,0.0
voyage_063,8070,8070.0,primal infeasible,False,1.381100038997829,250,683.342667,,,0.49381401380433065,,,0.0
voyage_063,8071,8071.0,primal infeasible,False,1.3539999490603805,225,684.4277415291092,,,0.49381401380433065,,,0.0
voyage_063,8072,8072.0,primal infeasible,False,1.1590999783948064,200,685.6541756124966,,,0.49381401380433065,,,0.0
voyage_063,8073,8073.0,primal infeasible,False,1.1113999644294381,200,687.0097164481955,,,0.49381401380433065,,,0.0
voyage_063,8074,8074.0,primal infeasible,False,2.255899948067963,425,688.4821112342393,,,0.49381401380433065,,,0.0
voyage_063,8075,8075.0,primal infeasible,False,1.1895999778062105,225,690.0591071686614,,,0.49381401380433065,,,0.0
voyage_063,8076,8076.0,primal infeasible,False,1.2099999003112316,225,691.7284514494953,,,0.49381401380433065,,,0.0
voyage_063,8077,8077.0,primal infeasible,False,1.4744000509381294,275,693.4778912747746,,,0.49381401380433065,,,0.0
voyage_063,8078,8078.0,primal infeasible,False,1.080899965018034,200,695.2951738425324,,,0.49381401380433065,,,0.0
voyage_063,8079,8079.0,primal infeasible,False,1.1085999431088567,200,697.1680463508025,,,0.49381401380433065,,,0.0
voyage_063,8080,8080.0,primal infeasible,False,1.1835000477731228,225,699.0842559976181,,,0.49381401380433065,,,0.0
voyage_063,8081,8081.0,primal infeasible,False,0.7970000151544809,125,701.0315499810127,,,0.49381401380433065,,,0.0
voyage_063,8082,8082.0,primal infeasible,False,0.6940000457689166,125,702.99767549902,,,0.49381401380433065,,,0.0
voyage_063,8083,8083.0,primal infeasible,False,0.9201000211760402,175,704.9703797496729,,,0.49381401380433065,,,0.0
voyage_063,8084,8084.0,primal infeasible,False,0.9268999565392733,175,706.9374099310052,,,0.49381401380433065,,,0.0
voyage_063,8085,8085.0,primal infeasible,False,0.9090999374166131,175,708.8865132410505,,,0.49381401380433065,,,0.0
voyage_063,8086,8086.0,primal infeasible,False,0.9082000469788909,175,710.8054368778417,,,0.49381401380433065,,,0.0
voyage_063,8087,8087.0,primal infeasible,False,0.9053000248968601,175,712.6819280394127,,,0.49381401380433065,,,0.0
voyage_063,8088,8088.0,primal infeasible,False,0.9073999244719744,175,714.5037339237969,,,0.49381401380433065,,,0.0
voyage_063,8089,8089.0,primal infeasible,False,2.016099984757602,400,716.2586017290274,,,0.49381401380433065,,,0.0
voyage_063,8090,8090.0,primal infeasible,False,1.4595999382436275,275,717.9342786531381,,,0.49381401380433065,,,0.0
voyage_063,8091,8091.0,primal infeasible,False,1.4401000225916505,275,719.5185118941621,,,0.49381401380433065,,,0.0
voyage_063,8092,8092.0,primal infeasible,False,1.4165000757202506,275,720.999048650133,,,0.49381401380433065,,,0.0
voyage_063,8093,8093.0,primal infeasible,False,1.4042999828234315,275,722.3636361190843,,,0.49381401380433065,,,0.0
voyage_063,8094,8094.0,primal infeasible,False,1.5504000475630164,300,723.6000214990491,,,0.49381401380433065,,,0.0
voyage_063,8095,8095.0,primal infeasible,False,1.7188000492751598,275,724.6959519880614,,,0.49381401380433065,,,0.0
voyage_063,8096,8096.0,primal infeasible,False,1.643399940803647,275,725.6391747841541,,,0.49381401380433065,,,0.0
voyage_063,8097,8097.0,primal infeasible,False,1.6018999740481377,275,726.4174370853609,,,0.49381401380433065,,,0.0
voyage_063,8098,8098.0,primal infeasible,False,1.6040001064538956,275,727.0184860897152,,,0.49381401380433065,,,0.0
voyage_063,8099,8099.0,primal infeasible,False,1.6737999394536018,300,727.4300689952504,,,0.49381401380433065,,,0.0
voyage_063,8100,8100.0,primal infeasible,False,1.609099912457168,300,727.639933,,,0.49381401380433065,,,0.0
voyage_063,8101,8101.0,primal infeasible,False,1.8306999700143933,350,727.6399485785337,,,0.49381401380433065,,,0.0
voyage_063,8102,8102.0,primal infeasible,False,1.9599999068304896,375,727.4384793115656,,,0.49381401380433065,,,0.0
voyage_063,8103,8103.0,primal infeasible,False,2.057099947705865,400,727.0480120563466,,,0.49381401380433065,,,0.0
voyage_063,8104,8104.0,primal infeasible,False,1.7191000515595078,300,726.4810336701269,,,0.49381401380433065,,,0.0
voyage_063,8105,8105.0,primal infeasible,False,1.8546999199315906,325,725.7500310101573,,,0.49381401380433065,,,0.0
voyage_063,8106,8106.0,primal infeasible,False,2.376300049945712,425,724.8674909336881,,,0.49381401380433065,,,0.0
voyage_063,8107,8107.0,primal infeasible,False,2.2016000002622604,400,723.8459002979702,,,0.49381401380433065,,,0.0
voyage_063,8108,8108.0,primal infeasible,False,1.776800025254488,325,722.6977459602537,,,0.49381401380433065,,,0.0
voyage_063,8109,8109.0,primal infeasible,False,1.9228000892326236,350,721.4355147777894,,,0.49381401380433065,,,0.0
voyage_063,8110,8110.0,primal infeasible,False,1.956599997356534,375,720.0716936078279,,,0.49381401380433065,,,0.0
voyage_063,8111,8111.0,primal infeasible,False,2.8479999164119363,550,718.6187693076196,,,0.49381401380433065,,,0.0
voyage_063,8112,8112.0,primal infeasible,False,3.6373999901115894,625,717.089228734415,,,0.49381401380433065,,,0.0
voyage_063,8113,8113.0,primal infeasible,False,3.4488000674173236,625,715.4955587454648,,,0.49381401380433065,,,0.0
voyage_063,8114,8114.0,primal infeasible,False,2.4547999491915107,450,713.8502461980194,,,0.49381401380433065,,,0.0
voyage_063,8115,8115.0,primal infeasible,False,5.633599939756095,1100,712.1657779493296,,,0.49381401380433065,,,0.0
voyage_063,8116,8116.0,primal infeasible,False,6.627699942328036,1275,710.4546408566456,,,0.49381401380433065,,,0.0
voyage_063,8117,8117.0,primal infeasible,False,7.3361999820917845,1425,708.7293217772182,,,0.49381401380433065,,,0.0
voyage_063,8118,8118.0,primal infeasible,False,4.177100025117397,800,707.0023075682977,,,0.49381401380433065,,,0.0
voyage_063,8119,8119.0,primal infeasible,False,6.6723000491037965,1275,705.286085087135,,,0.49381401380433065,,,0.0
voyage_063,8120,8120.0,primal infeasible,False,4.651400027796626,900,703.5931411909803,,,0.49381401380433065,,,0.0
voyage_063,8121,8121.0,primal infeasible,False,8.83489998523146,1675,701.9359627370843,,,0.49381401380433065,,,0.0
voyage_063,8122,8122.0,primal infeasible,False,7.632500026375055,1475,700.3270365826975,,,0.49381401380433065,,,0.0
voyage_063,8123,8123.0,primal infeasible,False,4.833500017412007,925,698.7788495850706,,,0.49381401380433065,,,0.0
voyage_063,8161,8161.0,primal infeasible,False,0.9261999512091279,175,642.8448435311451,,,0.4899623765656538,,,0.0
voyage_063,8162,8162.0,primal infeasible,False,1.0578000219538808,200,636.9450634704336,,,0.4899623765656538,,,0.0
voyage_063,8163,8163.0,primal infeasible,False,0.9534000419080257,175,630.6715134689796,,,0.4899623765656538,,,0.0
voyage_063,8164,8164.0,primal infeasible,False,1.8038001144304872,350,624.069647177897,,,0.4899623765656538,,,0.0
voyage_063,8165,8165.0,primal infeasible,False,2.1567000076174736,425,617.1849182482998,,,0.4899623765656538,,,0.0
voyage_063,8166,8166.0,primal infeasible,False,3.0669999541714787,575,610.0627803313025,,,0.4899623765656538,,,0.0
voyage_063,8167,8167.0,primal infeasible,False,2.915899967774749,550,602.7486870780191,,,0.4899623765656538,,,0.0
voyage_063,8168,8168.0,primal infeasible,False,2.8189000440761447,525,595.2880921395634,,,0.4899623765656538,,,0.0
voyage_063,8169,8169.0,primal infeasible,False,2.849800162948668,550,587.7264491670501,,,0.4899623765656538,,,0.0
voyage_063,8170,8170.0,primal infeasible,False,2.800400019623339,550,580.1092118115928,,,0.4899623765656538,,,0.0
voyage_063,8171,8171.0,primal infeasible,False,2.7961001032963395,550,572.481833724306,,,0.4899623765656538,,,0.0
voyage_063,8172,8172.0,primal infeasible,False,3.042900003492832,550,564.8897685563037,,,0.4899623765656538,,,0.0
voyage_063,8173,8173.0,primal infeasible,False,2.951200003735721,550,557.3784699586997,,,0.4899623765656538,,,0.0
voyage_063,8174,8174.0,primal infeasible,False,4.160800017416477,550,549.9933915826085,,,0.4899623765656538,,,0.0
voyage_063,8175,8175.0,primal infeasible,False,3.2028999412432313,550,542.7799870791441,,,0.4899623765656538,,,0.0
voyage_063,8176,8176.0,primal infeasible,False,3.146599978208542,550,535.7837100994209,,,0.4899623765656538,,,0.0
voyage_063,8177,8177.0,primal infeasible,False,0.6396999815478921,100,529.0500142945525,,,0.4899623765656538,,,0.0
voyage_063,8178,8178.0,primal infeasible,False,0.5721999332308769,100,522.6243533156534,,,0.4899623765656538,,,0.0
voyage_063,8179,8179.0,primal infeasible,False,0.5659000016748905,100,516.5521808138375,,,0.4899623765656538,,,0.0
voyage_063,8180,8180.0,primal infeasible,False,0.6304999114945531,100,510.878950440219,,,0.4899623765656538,,,0.0
voyage_063,8181,8181.0,primal infeasible,False,0.6952999392524362,125,505.6501158459122,,,0.4899623765656538,,,0.0
voyage_063,8182,8182.0,primal infeasible,False,0.5588999483734369,100,500.911130682031,,,0.4899623765656538,,,0.0
voyage_063,8183,8183.0,primal infeasible,False,0.4292000085115433,75,496.7074485996896,,,0.4899623765656538,,,0.0
voyage_063,8184,8184.0,primal infeasible,False,0.4336999263614416,75,493.084523250002,,,0.4899623765656538,,,0.0
voyage_063,8185,8185.0,primal infeasible,False,0.5541000282391906,100,490.08780828408266,,,0.4899623765656538,,,0.0
voyage_063,8186,8186.0,primal infeasible,False,0.5475999787449837,100,487.7627573530453,,,0.4899623765656538,,,0.0
voyage_063,8187,8187.0,primal infeasible,False,0.5574000533670187,100,486.1548241080043,,,0.4899623765656538,,,0.0
voyage_063,8188,8188.0,primal infeasible,False,0.6318000378087163,100,485.3094622000736,,,0.4899623765656538,,,0.0
voyage_063,8189,8189.0,primal infeasible,False,0.6667999550700188,100,485.2721252803675,,,0.4899623765656538,,,0.0
voyage_063,8190,8190.0,primal infeasible,False,0.5644999910145998,100,486.088267,,,0.4899623765656538,,,0.0
voyage_063,8191,8191.0,primal infeasible,False,0.5597000708803535,100,487.7873527905146,,,0.4899623765656538,,,0.0
voyage_063,8192,8192.0,primal infeasible,False,0.556000042706728,100,490.3348952051722,,,0.4899623765656538,,,0.0
voyage_063,8193,8193.0,primal infeasible,False,0.7903000805526972,150,493.6804185776631,,,0.4899623765656538,,,0.0
voyage_063,8194,8194.0,primal infeasible,False,0.8011000463739038,150,497.7734472416775,,,0.4899623765656538,,,0.0
voyage_063,8195,8195.0,primal infeasible,False,0.7937001064419746,150,502.5635055309055,,,0.4899623765656538,,,0.0
voyage_063,8196,8196.0,primal infeasible,False,0.7946999976411462,150,508.0001177790375,,,0.4899623765656538,,,0.0
voyage_063,8197,8197.0,primal infeasible,False,0.7936999900266528,150,514.0328083197636,,,0.4899623765656538,,,0.0
voyage_063,8198,8198.0,primal infeasible,False,0.7951000006869435,150,520.6111014867741,,,0.4899623765656538,,,0.0
voyage_063,8199,8199.0,primal infeasible,False,0.8013000478968024,150,527.6845216137593,,,0.4899623765656538,,,0.0
voyage_063,8200,8200.0,primal infeasible,False,0.790199963375926,150,535.2025930344096,,,0.4899623765656538,,,0.0
voyage_063,8201,8201.0,primal infeasible,False,0.79109997022897,150,543.1148400824146,,,0.4899623765656538,,,0.0
voyage_063,8202,8202.0,primal infeasible,False,0.7880999473854899,150,551.3707870914652,,,0.4899623765656538,,,0.0
voyage_063,8203,8203.0,primal infeasible,False,0.7923999801278114,150,559.9199583952513,,,0.4899623765656538,,,0.0
voyage_063,8204,8204.0,primal infeasible,False,0.7881999481469393,150,568.7118783274634,,,0.4899623765656538,,,0.0
voyage_063,8205,8205.0,primal infeasible,False,0.7923999801278114,150,577.6960712217915,,,0.4899623765656538,,,0.0
voyage_063,8206,8206.0,primal infeasible,False,0.7943999953567982,150,586.8220614119257,,,0.4899623765656538,,,0.0
voyage_063,8207,8207.0,primal infeasible,False,0.7809000089764595,150,596.0393732315567,,,0.4899623765656538,,,0.0
voyage_063,8208,8208.0,primal infeasible,False,0.7839000318199396,150,605.2975310143744,,,0.4899623765656538,,,0.0
voyage_063,8209,8209.0,primal infeasible,False,0.7842000341042876,150,614.5460590940689,,,0.4899623765656538,,,0.0
voyage_063,8210,8210.0,primal infeasible,False,0.8033999474719167,150,623.7344818043308,,,0.4899623765656538,,,0.0
voyage_063,8211,8211.0,primal infeasible,False,0.7977999048307538,150,632.8123234788502,,,0.4899623765656538,,,0.0
voyage_063,8212,8212.0,primal infeasible,False,0.785800046287477,150,641.7291084513173,,,0.4899623765656538,,,0.0
voyage_063,8213,8213.0,primal infeasible,False,0.7759000873193145,150,650.4343610554223,,,0.4899623765656538,,,0.0
voyage_063,8214,8214.0,primal infeasible,False,0.7880000630393624,150,658.8776056248556,,,0.4899623765656538,,,0.0
voyage_063,8215,8215.0,primal infeasible,False,0.7798000006005168,150,667.0083664933072,,,0.4899623765656538,,,0.0
voyage_063,8216,8216.0,primal infeasible,False,0.7961000083014369,150,674.7761679944674,,,0.4899623765656538,,,0.0
voyage_063,8217,8217.0,primal infeasible,False,0.7769999792799354,150,682.1305344620266,,,0.4899623765656538,,,0.0
voyage_063,8218,8218.0,primal infeasible,False,0.7866000523790717,150,689.020990229675,,,0.4899623765656538,,,0.0
voyage_063,8219,8219.0,primal infeasible,False,0.7775999838486314,150,695.3970596311027,,,0.4899623765656538,,,0.0
voyage_063,8220,8220.0,primal infeasible,False,0.7929999846965075,150,701.208267,,,0.4899623765656538,,,0.0
voyage_063,8221,8221.0,primal infeasible,False,0.7809000089764595,150,706.416461289648,,,0.4899623765656538,,,0.0
voyage_063,8222,8222.0,primal infeasible,False,0.7824000203981996,150,711.032789931692,,,0.4899623765656538,,,0.0
voyage_063,8223,8223.0,primal infeasible,False,0.7772999815642834,150,715.0807249773678,,,0.4899623765656538,,,0.0
voyage_063,8224,8224.0,primal infeasible,False,0.7807000074535608,150,718.5837384779118,,,0.4899623765656538,,,0.0
voyage_063,8225,8225.0,primal infeasible,False,0.7707999320700765,150,721.5653024845597,,,0.4899623765656538,,,0.0
voyage_063,8226,8226.0,primal infeasible,False,0.785200041718781,150,724.0488890485476,,,0.4899623765656538,,,0.0
voyage_063,8227,8227.0,primal infeasible,False,0.7831000257283449,150,726.0579702211116,,,0.4899623765656538,,,0.0
voyage_063,8228,8228.0,primal infeasible,False,0.7968000136315823,150,727.6160180534879,,,0.4899623765656538,,,0.0
voyage_063,8229,8229.0,primal infeasible,False,0.7784999907016754,150,728.7465045969122,,,0.4899623765656538,,,0.0
voyage_063,8230,8230.0,primal infeasible,False,0.7777999853715301,150,729.4729019026208,,,0.4899623765656538,,,0.0
voyage_063,8231,8231.0,primal infeasible,False,0.77629997394979,150,729.81868202185,,,0.4899623765656538,,,0.0
voyage_063,8232,8232.0,primal infeasible,False,0.7782999891787767,150,729.8073170058352,,,0.4899623765656538,,,0.0
voyage_063,8233,8233.0,primal infeasible,False,0.7818000158295035,150,729.4622789058129,,,0.4899623765656538,,,0.0
voyage_063,8234,8234.0,primal infeasible,False,0.7990000303834677,150,728.8070397730191,,,0.4899623765656538,,,0.0
voyage_063,8235,8235.0,primal infeasible,False,1.0427000233903527,200,727.8650716586899,,,0.4899623765656538,,,0.0
voyage_063,8236,8236.0,primal infeasible,False,1.554999966174364,300,726.6598466140612,,,0.4899623765656538,,,0.0
voyage_063,8237,8237.0,primal infeasible,False,1.9669999601319432,350,725.2148366903689,,,0.4899623765656538,,,0.0
voyage_063,8238,8238.0,primal infeasible,False,2.0559000549837947,375,723.5535139388493,,,0.4899623765656538,,,0.0
voyage_063,8239,8239.0,primal infeasible,False,1.728000002913177,325,721.6993504107382,,,0.4899623765656538,,,0.0
voyage_063,8240,8240.0,primal infeasible,False,3.1594999600201845,600,719.6758181572721,,,0.4899623765656538,,,0.0
voyage_063,8241,8241.0,primal infeasible,False,5.171200027689338,950,717.5063892296866,,,0.4899623765656538,,,0.0
voyage_063,8242,8242.0,primal infeasible,False,7.7327999752014875,1500,715.2145356792181,,,0.4899623765656538,,,0.0
voyage_063,8243,8243.0,primal infeasible,False,8.330599986948073,1600,712.8237295571024,,,0.4899623765656538,,,0.0
voyage_063,8244,8244.0,primal infeasible,False,12.05579994712025,2275,710.3574429145755,,,0.4899623765656538,,,0.0
voyage_063,8245,8245.0,primal infeasible,False,6.617099978029728,1275,707.8391478028735,,,0.4899623765656538,,,0.0
voyage_063,8246,8246.0,primal infeasible,False,4.750399966724217,925,705.2923162732326,,,0.4899623765656538,,,0.0
voyage_063,8247,8247.0,primal infeasible,False,5.895099951885641,1175,702.7404203768888,,,0.4899623765656538,,,0.0
voyage_063,8248,8248.0,primal infeasible,False,5.9105000691488385,1175,700.2069321650781,,,0.4899623765656538,,,0.0
voyage_063,8249,8249.0,primal infeasible,False,6.15320005454123,1225,697.7153236890365,,,0.4899623765656538,,,0.0
voyage_063,8250,8250.0,primal infeasible,False,4.689300083555281,925,695.289067,,,0.4899623765656538,,,0.0
voyage_063,8251,8251.0,primal infeasible,False,5.973399966023862,1100,692.9480204903746,,,0.4899623765656538,,,0.0
voyage_063,8252,8252.0,primal infeasible,False,7.2419000789523125,1425,690.697587917245,,,0.4899623765656538,,,0.0
voyage_063,8253,8253.0,primal infeasible,False,4.650300019420683,900,688.5395593788653,,,0.4899623765656538,,,0.0
voyage_063,8254,8254.0,primal infeasible,False,7.043099962174892,1250,686.4757249734904,,,0.4899623765656538,,,0.0
voyage_063,8255,8255.0,primal infeasible,False,5.615600035525858,1050,684.5078747993745,,,0.4899623765656538,,,0.0
voyage_063,8256,8256.0,primal infeasible,False,7.765699992887676,1375,682.6377989547722,,,0.4899623765656538,,,0.0
voyage_063,8257,8257.0,primal infeasible,False,5.73990005068481,1075,680.867287537938,,,0.4899623765656538,,,0.0
voyage_063,8258,8258.0,primal infeasible,False,5.311599932610989,1000,679.1981306471263,,,0.4899623765656538,,,0.0
voyage_063,8259,8259.0,primal infeasible,False,6.49079994764179,1275,677.6321183805914,,,0.4899623765656538,,,0.0
voyage_063,8260,8260.0,primal infeasible,False,5.581299890764058,1075,676.1710408365881,,,0.4899623765656538,,,0.0
voyage_063,8261,8261.0,primal infeasible,False,5.18119998741895,1025,674.8166881133706,,,0.4899623765656538,,,0.0
voyage_063,8262,8262.0,primal infeasible,False,5.341399926692247,1050,673.5708503091935,,,0.4899623765656538,,,0.0
voyage_063,8263,8263.0,primal infeasible,False,11.532799922861159,2250,672.4353175223113,,,0.4899623765656538,,,0.0
voyage_063,8264,8264.0,primal infeasible,False,11.383000062778592,2200,671.4118798509784,,,0.4899623765656538,,,0.0
voyage_063,8265,8265.0,primal infeasible,False,12.783600017428398,2475,670.5023273934491,,,0.4899623765656538,,,0.0
voyage_063,8266,8266.0,primal infeasible,False,6.003999966196716,1150,669.7084502479781,,,0.4899623765656538,,,0.0
voyage_063,8267,8267.0,primal infeasible,False,8.689599926583469,1725,669.03203851282,,,0.4899623765656538,,,0.0
voyage_063,8268,8268.0,primal infeasible,False,5.254500079900026,1025,668.4748822862288,,,0.4899623765656538,,,0.0
voyage_063,8269,8269.0,primal infeasible,False,4.924500011838973,950,668.0387716664593,,,0.4899623765656538,,,0.0
voyage_063,8270,8270.0,primal infeasible,False,12.540900032036006,2500,667.7254967517661,,,0.4899623765656538,,,0.0
voyage_063,8271,8271.0,primal infeasible,False,10.421000071801245,2025,667.5368476404032,,,0.4899623765656538,,,0.0
voyage_063,8272,8272.0,primal infeasible,False,8.262700052000582,1625,667.4746144306254,,,0.4899623765656538,,,0.0
voyage_063,8273,8273.0,primal infeasible,False,5.673600011505187,1000,667.540587220687,,,0.4899623765656538,,,0.0
voyage_063,8274,8274.0,primal infeasible,False,13.135999906808138,2575,667.7365561088427,,,0.4899623765656538,,,0.0
voyage_063,8275,8275.0,primal infeasible,False,6.134300027042627,1150,668.0643111933468,,,0.4899623765656538,,,0.0
voyage_063,8276,8276.0,primal infeasible,False,8.584699942730367,1650,668.5256425724538,,,0.4899623765656538,,,0.0
voyage_063,8277,8277.0,primal infeasible,False,12.039300054311752,2350,669.1223403444183,,,0.4899623765656538,,,0.0
voyage_063,8278,8278.0,primal infeasible,False,10.994100011885166,2150,669.8561946074943,,,0.4899623765656538,,,0.0
voyage_063,8279,8279.0,primal infeasible,False,11.974100023508072,2325,670.7289954599368,,,0.4899623765656538,,,0.0
voyage_063,8280,8280.0,primal infeasible,False,6.068800110369921,1125,671.742533,,,0.4899623765656538,,,0.0
voyage_063,8281,8281.0,primal infeasible,False,6.291999947279692,1200,672.8960190553352,,,0.4899623765656538,,,0.0
voyage_063,8282,8282.0,primal infeasible,False,7.591400062665343,1500,674.1783523711806,,,0.4899623765656538,,,0.0
voyage_063,8283,8283.0,primal infeasible,False,9.1905000153929,1825,675.5758534221711,,,0.4899623765656538,,,0.0
voyage_063,8284,8284.0,primal infeasible,False,5.874999915249646,1150,677.0748426829418,,,0.4899623765656538,,,0.0
voyage_063,8285,8285.0,primal infeasible,False,9.703099960461259,1850,678.6616406281278,,,0.4899623765656538,,,0.0
voyage_063,8286,8286.0,primal infeasible,False,11.45869994070381,2225,680.3225677323637,,,0.4899623765656538,,,0.0
voyage_063,8287,8287.0,primal infeasible,False,7.004200015217066,1350,682.0439444702848,,,0.4899623765656538,,,0.0
voyage_063,8288,8288.0,primal infeasible,False,13.336199917830527,2375,683.8120913165259,,,0.4899623765656538,,,0.0
voyage_063,8289,8289.0,primal infeasible,False,13.312499970197678,2600,685.6133287457221,,,0.4899623765656538,,,0.0
voyage_063,8290,8290.0,primal infeasible,False,13.57289997395128,2625,687.4339772325084,,,0.4899623765656538,,,0.0
voyage_063,8291,8291.0,primal infeasible,False,6.059100036509335,1150,689.2603572515194,,,0.4899623765656538,,,0.0
voyage_063,8292,8292.0,primal infeasible,False,12.033000122755766,2300,691.0787892773907,,,0.4899623765656538,,,0.0
voyage_063,8293,8293.0,primal infeasible,False,14.582700096070766,2925,692.8755937847567,,,0.4899623765656538,,,0.0
voyage_063,8294,8294.0,primal infeasible,False,9.119399939663708,1675,694.6370912482527,,,0.4899623765656538,,,0.0
voyage_063,8295,8295.0,primal infeasible,False,5.6455000303685665,1050,696.3496021425136,,,0.4899623765656538,,,0.0
voyage_063,8296,8296.0,primal infeasible,False,10.781900025904179,2075,697.9994469421745,,,0.4899623765656538,,,0.0
voyage_063,8297,8297.0,primal infeasible,False,5.153500009328127,975,699.5729461218701,,,0.4899623765656538,,,0.0
voyage_063,8298,8298.0,primal infeasible,False,7.4133999878540635,1400,701.0564201562356,,,0.4899623765656538,,,0.0
voyage_063,8299,8299.0,primal infeasible,False,3.552700043655932,675,702.4361895199058,,,0.4899623765656538,,,0.0
voyage_063,8300,8300.0,primal infeasible,False,4.09359997138381,800,703.6985746875159,,,0.4899623765656538,,,0.0
voyage_063,8301,8301.0,primal infeasible,False,4.601299995556474,875,704.8298961337008,,,0.4899623765656538,,,0.0
voyage_063,8302,8302.0,primal infeasible,False,5.713699967600405,1050,705.8164743330955,,,0.4899623765656538,,,0.0
voyage_063,8303,8303.0,primal infeasible,False,5.426399991847575,1050,706.6446297603347,,,0.4899623765656538,,,0.0
voyage_063,8304,8304.0,primal infeasible,False,6.302799913100898,1050,707.3006828900538,,,0.4899623765656538,,,0.0
voyage_063,8305,8305.0,primal infeasible,False,7.468700059689581,1450,707.7709541968874,,,0.4899623765656538,,,0.0
voyage_063,8306,8306.0,primal infeasible,False,5.623400094918907,1075,708.0417641554708,,,0.4899623765656538,,,0.0
voyage_063,8307,8307.0,primal infeasible,False,5.427299998700619,1050,708.0994332404387,,,0.4899623765656538,,,0.0
voyage_063,8308,8308.0,primal infeasible,False,8.762400015257299,1725,707.9302819264262,,,0.4899623765656538,,,0.0
voyage_063,8309,8309.0,primal infeasible,False,6.56210002489388,1225,707.5206306880683,,,0.4899623765656538,,,0.0
voyage_063,8310,8310.0,primal infeasible,False,4.784799995832145,900,706.8568,,,0.4899623765656538,,,0.0
voyage_063,8311,8311.0,primal infeasible,False,11.482000001706183,2150,705.930577186618,,,0.4899623765656538,,,0.0
voyage_063,8312,8312.0,primal infeasible,False,12.299599940888584,2350,704.7556169713662,,,0.4899623765656538,,,0.0
voyage_063,8313,8313.0,primal infeasible,False,11.563399923034012,2100,703.3510409274501,,,0.4899623765656538,,,0.0
voyage_063,8314,8314.0,primal infeasible,False,6.918200058862567,1350,701.7359706280754,,,0.4899623765656538,,,0.0
voyage_063,8315,8315.0,primal infeasible,False,8.288300014100969,1575,699.9295276464478,,,0.4899623765656538,,,0.0
voyage_063,8316,8316.0,primal infeasible,False,4.7200999688357115,900,697.9508335557728,,,0.4899623765656538,,,0.0
voyage_063,8317,8317.0,primal infeasible,False,7.18279997818172,1275,695.8190099292561,,,0.4899623765656538,,,0.0
voyage_063,8318,8318.0,primal infeasible,False,5.281299934722483,975,693.5531783401034,,,0.4899623765656538,,,0.0
voyage_063,8319,8319.0,primal infeasible,False,3.7348000332713127,725,691.1724603615202,,,0.4899623765656538,,,0.0
voyage_063,8320,8320.0,primal infeasible,False,3.83129995316267,750,688.6959775667123,,,0.4899623765656538,,,0.0
voyage_063,8321,8321.0,primal infeasible,False,3.597600036300719,700,686.1428515288849,,,0.4899623765656538,,,0.0
voyage_063,8322,8322.0,primal infeasible,False,5.495399935171008,1075,683.532203821244,,,0.4899623765656538,,,0.0
voyage_063,8323,8323.0,primal infeasible,False,3.6049000918865204,700,680.8831560169951,,,0.4899623765656538,,,0.0
voyage_063,8324,8324.0,primal infeasible,False,3.9404999697580934,700,678.2148296893441,,,0.4899623765656538,,,0.0
voyage_063,8325,8325.0,primal infeasible,False,4.131400026381016,775,675.5463464114962,,,0.4899623765656538,,,0.0
voyage_063,8326,8326.0,primal infeasible,False,4.4775999849662185,875,672.8968277566573,,,0.4899623765656538,,,0.0
voyage_063,8327,8327.0,primal infeasible,False,2.5677999947220087,500,670.2853952980331,,,0.4899623765656538,,,0.0
voyage_063,8328,8328.0,primal infeasible,False,3.060000017285347,600,667.7311706088287,,,0.4899623765656538,,,0.0
voyage_063,8329,8329.0,primal infeasible,False,3.2807999523356557,650,665.2532752622504,,,0.4899623765656538,,,0.0
voyage_063,8330,8330.0,primal infeasible,False,4.397599957883358,875,662.8708308315034,,,0.4899623765656538,,,0.0
voyage_063,8331,8331.0,primal infeasible,False,2.698299940675497,525,660.6029588897936,,,0.4899623765656538,,,0.0
voyage_063,8332,8332.0,primal infeasible,False,2.88009992800653,550,658.4687810103263,,,0.4899623765656538,,,0.0
voyage_063,8333,8333.0,primal infeasible,False,3.1724999425932765,625,656.4874187663074,,,0.4899623765656538,,,0.0
voyage_063,8334,8334.0,primal infeasible,False,2.82839999999851,550,654.6779937309424,,,0.4899623765656538,,,0.0
voyage_063,8335,8335.0,primal infeasible,False,3.1853000400587916,625,653.059627477437,,,0.4899623765656538,,,0.0
voyage_063,8336,8336.0,primal infeasible,False,3.1905999640002847,625,651.6514415789967,,,0.4899623765656538,,,0.0
voyage_063,8337,8337.0,primal infeasible,False,3.0371000757440925,600,650.4725576088272,,,0.4899623765656538,,,0.0
voyage_063,8338,8338.0,primal infeasible,False,3.3925999887287617,650,649.5420971401343,,,0.4899623765656538,,,0.0
voyage_063,8339,8339.0,primal infeasible,False,3.2641999423503876,650,648.8791817461232,,,0.4899623765656538,,,0.0
voyage_063,8340,8340.0,primal infeasible,False,4.384399973787367,875,648.502933,,,0.4899623765656538,,,0.0
voyage_063,8341,8341.0,primal infeasible,False,2.9359000036492944,500,648.4266414602298,,,0.4899623765656538,,,0.0
voyage_063,8342,8342.0,primal infeasible,False,3.329700091853738,600,648.6402736263178,,,0.4899623765656538,,,0.0
voyage_063,8343,8343.0,primal infeasible,False,3.4646999556571245,650,649.1279649830285,,,0.4899623765656538,,,0.0
voyage_063,8344,8344.0,primal infeasible,False,4.703899961896241,875,649.8738510151268,,,0.4899623765656538,,,0.0
voyage_063,8345,8345.0,primal infeasible,False,2.7535000117495656,500,650.8620672073774,,,0.4899623765656538,,,0.0
voyage_063,8346,8346.0,primal infeasible,False,3.1582999508827925,600,652.076749044545,,,0.4899623765656538,,,0.0
voyage_063,8347,8347.0,primal infeasible,False,3.3207001397386193,650,653.5020320113944,,,0.4899623765656538,,,0.0
voyage_063,8348,8348.0,primal infeasible,False,4.614699981175363,875,655.1220515926901,,,0.4899623765656538,,,0.0
voyage_063,8349,8349.0,primal infeasible,False,2.7960999868810177,500,656.9209432731972,,,0.4899623765656538,,,0.0
voyage_063,8350,8350.0,primal infeasible,False,3.6646000808104873,600,658.8828425376803,,,0.4899623765656538,,,0.0
voyage_063,8351,8351.0,primal infeasible,False,3.468099981546402,625,660.9918848709041,,,0.4899623765656538,,,0.0
voyage_063,8352,8352.0,primal infeasible,False,3.1884999480098486,600,663.2322057576333,,,0.4899623765656538,,,0.0
voyage_063,8353,8353.0,primal infeasible,False,2.869199961423874,550,665.5879406826327,,,0.4899623765656538,,,0.0
voyage_063,8354,8354.0,primal infeasible,False,3.8328999653458595,600,668.0432251306671,,,0.4899623765656538,,,0.0
voyage_063,8355,8355.0,primal infeasible,False,3.5749999806284904,675,670.5821945865014,,,0.4899623765656538,,,0.0
voyage_063,8356,8356.0,primal infeasible,False,3.0375999631360173,575,673.1889845348999,,,0.4899623765656538,,,0.0
voyage_063,8357,8357.0,primal infeasible,False,2.785799908451736,525,675.8477304606275,,,0.4899623765656538,,,0.0
voyage_063,8358,8358.0,primal infeasible,False,2.611599978990853,500,678.5425678484492,,,0.4899623765656538,,,0.0
voyage_063,8359,8359.0,primal infeasible,False,3.086299984715879,575,681.2576321831294,,,0.4899623765656538,,,0.0
voyage_063,8360,8360.0,primal infeasible,False,2.5687998859211802,475,683.9770589494332,,,0.4899623765656538,,,0.0
voyage_063,8361,8361.0,primal infeasible,False,2.2821000311523676,425,686.684983632125,,,0.4899623765656538,,,0.0
voyage_063,8362,8362.0,primal infeasible,False,1.81639997754246,325,689.3655417159696,,,0.4899623765656538,,,0.0
voyage_063,8363,8363.0,primal infeasible,False,1.824700040742755,325,692.0028686857319,,,0.4899623765656538,,,0.0
voyage_063,8364,8364.0,primal infeasible,False,1.8403000431135297,325,694.5811000261766,,,0.4899623765656538,,,0.0
voyage_063,8365,8365.0,primal infeasible,False,1.7223000759258866,325,697.0843712220685,,,0.4899623765656538,,,0.0
voyage_063,8366,8366.0,primal infeasible,False,1.78829999640584,325,699.4968177581721,,,0.4899623765656538,,,0.0
voyage_063,8367,8367.0,primal infeasible,False,1.972600002773106,375,701.8025751192524,,,0.4899623765656538,,,0.0
voyage_063,8368,8368.0,primal infeasible,False,1.5182000352069736,275,703.9857787900739,,,0.4899623765656538,,,0.0
voyage_063,8369,8369.0,primal infeasible,False,1.2474000686779618,225,706.0305642554016,,,0.4899623765656538,,,0.0
voyage_063,8370,8370.0,primal infeasible,False,1.2035999679937959,225,707.921067,,,0.4899623765656538,,,0.0
voyage_063,8371,8371.0,primal infeasible,False,1.1974000371992588,225,709.6449864584255,,,0.4899623765656538,,,0.0
voyage_063,8372,8372.0,primal infeasible,False,1.222599996253848,225,711.2042778643995,,,0.4899623765656538,,,0.0
voyage_063,8373,8373.0,primal infeasible,False,1.3043000362813473,250,712.6044604014356,,,0.4899623765656538,,,0.0
voyage_063,8374,8374.0,primal infeasible,False,1.2003000592812896,225,713.8510532530469,,,0.4899623765656538,,,0.0
voyage_063,8375,8375.0,primal infeasible,False,1.1856000637635589,225,714.9495756027462,,,0.4899623765656538,,,0.0
voyage_063,8376,8376.0,primal infeasible,False,1.180000021122396,225,715.9055466340473,,,0.4899623765656538,,,0.0
voyage_063,8377,8377.0,primal infeasible,False,1.295899972319603,250,716.7244855304629,,,0.4899623765656538,,,0.0
voyage_063,8378,8378.0,primal infeasible,False,2.156499889679253,375,717.4119114755064,,,0.4899623765656538,,,0.0
voyage_063,8379,8379.0,primal infeasible,False,1.2404998997226357,225,717.973343652691,,,0.4899623765656538,,,0.0
voyage_063,8380,8380.0,primal infeasible,False,1.56589993275702,250,718.4143012455297,,,0.4899623765656538,,,0.0
voyage_063,8381,8381.0,primal infeasible,False,2.503200084902346,400,718.7403034375359,,,0.4899623765656538,,,0.0
voyage_063,8382,8382.0,primal infeasible,False,1.4355001039803028,250,718.9568694122227,,,0.4899623765656538,,,0.0
voyage_063,8383,8383.0,primal infeasible,False,3.3445999724790454,625,719.0695183531033,,,0.4899623765656538,,,0.0
voyage_063,8384,8384.0,primal infeasible,False,3.40340007096529,625,719.0837694436909,,,0.4899623765656538,,,0.0
voyage_063,8385,8385.0,primal infeasible,False,1.8230999121442437,325,719.0051418674985,,,0.4899623765656538,,,0.0
voyage_063,8386,8386.0,primal infeasible,False,1.2293999316170812,225,718.8391548080396,,,0.4899623765656538,,,0.0
voyage_063,8387,8387.0,primal infeasible,False,1.2759000528603792,225,718.5913274488271,,,0.4899623765656538,,,0.0
voyage_063,8388,8388.0,primal infeasible,False,1.2380999978631735,225,718.2671789733745,,,0.4899623765656538,,,0.0
voyage_063,8389,8389.0,primal infeasible,False,1.231399946846068,225,717.8722285651946,,,0.4899623765656538,,,0.0
voyage_063,8390,8390.0,primal infeasible,False,1.1976000387221575,225,717.4119954078011,,,0.4899623765656538,,,0.0
voyage_063,8391,8391.0,primal infeasible,False,1.1703999480232596,225,716.8919986847064,,,0.4899623765656538,,,0.0
voyage_063,8392,8392.0,primal infeasible,False,1.1676999274641275,225,716.3177575794246,,,0.4899623765656538,,,0.0
voyage_063,8393,8393.0,primal infeasible,False,1.5453000087291002,300,715.6947912754683,,,0.4899623765656538,,,0.0
voyage_063,8394,8394.0,primal infeasible,False,2.8219999512657523,550,715.0286189563508,,,0.4899623765656538,,,0.0
voyage_063,8395,8395.0,primal infeasible,False,4.926599911414087,975,714.3247598055854,,,0.4899623765656538,,,0.0
voyage_063,8396,8396.0,primal infeasible,False,4.866599920205772,925,713.5887330066851,,,0.4899623765656538,,,0.0
voyage_063,8397,8397.0,primal infeasible,False,5.7455999776721,1100,712.8260577431632,,,0.4899623765656538,,,0.0
voyage_063,8398,8398.0,primal infeasible,False,8.613599929958582,1625,712.042253198533,,,0.4899623765656538,,,0.0
voyage_063,8399,8399.0,primal infeasible,False,6.285300012677908,1200,711.2428385563074,,,0.4899623765656538,,,0.0
voyage_063,8400,8400.0,primal infeasible,False,7.442399975843728,1450,710.433333,,,0.4899623765656538,,,0.0
voyage_063,8401,8401.0,primal infeasible,False,12.92560005094856,2550,709.6185291412165,,,0.4899623765656538,,,0.0
voyage_063,8402,8402.0,primal infeasible,False,11.843200074508786,2325,708.8003133039358,,,0.4899623765656538,,,0.0
voyage_063,8403,8403.0,primal infeasible,False,8.039700100198388,1600,707.9798452402288,,,0.4899623765656538,,,0.0
voyage_063,8404,8404.0,primal infeasible,False,10.298899956978858,2000,707.1582847021673,,,0.4899623765656538,,,0.0
voyage_063,8405,8405.0,primal infeasible,False,13.44420004170388,2650,706.3367914418226,,,0.4899623765656538,,,0.0
voyage_063,8406,8406.0,maximum iterations reached,False,20.75280004646629,4000,705.5165252112658,,,0.4899623765656538,,,0.0
voyage_063,8407,8407.0,maximum iterations reached,False,21.00770000834018,4000,704.6986457625687,,,0.4899623765656538,,,0.0
voyage_063,8408,8408.0,maximum iterations reached,False,21.185999969020486,4000,703.8843128478027,,,0.4899623765656538,,,0.0
voyage_063,8409,8409.0,maximum iterations reached,False,20.326699945144355,4000,703.0746862190389,,,0.4899623765656538,,,0.0
voyage_063,8410,8410.0,maximum iterations reached,False,19.97059991117567,4000,702.2709256283489,,,0.4899623765656538,,,0.0
voyage_063,8411,8411.0,maximum iterations reached,False,19.531800062395632,4000,701.474190827804,,,0.4899623765656538,,,0.0
voyage_063,8412,8412.0,maximum iterations reached,False,19.74100002553314,4000,700.6856415694757,,,0.4899623765656538,,,0.0
voyage_063,8413,8413.0,maximum iterations reached,False,20.077000022865832,4000,699.9064376054356,,,0.4899623765656538,,,0.0
voyage_063,8414,8414.0,maximum iterations reached,False,19.97339993249625,4000,699.1377386877547,,,0.4899623765656538,,,0.0
voyage_063,8415,8415.0,maximum iterations reached,False,20.64299990888685,4000,698.3807045685045,,,0.4899623765656538,,,0.0
voyage_063,8416,8416.0,maximum iterations reached,False,20.421799970790744,4000,697.6364949997566,,,0.4899623765656538,,,0.0
voyage_063,8417,8417.0,maximum iterations reached,False,20.590499974787235,4000,696.9062697335821,,,0.4899623765656538,,,0.0
voyage_063,8418,8418.0,maximum iterations reached,False,20.192700088955462,4000,696.1911885220527,,,0.4899623765656538,,,0.0
voyage_063,8419,8419.0,maximum iterations reached,False,20.351700019091368,4000,695.4924111172398,,,0.4899623765656538,,,0.0
voyage_063,8420,8420.0,maximum iterations reached,False,20.24169999640435,4000,694.8110972712146,,,0.4899623765656538,,,0.0
voyage_063,8421,8421.0,maximum iterations reached,False,20.135700004175305,4000,694.1484067360486,,,0.4899623765656538,,,0.0
voyage_063,8422,8422.0,maximum iterations reached,False,20.93680016696453,4000,693.5054992638132,,,0.4899623765656538,,,0.0
voyage_063,8423,8423.0,maximum iterations reached,False,20.31439996790141,4000,692.8835346065798,,,0.4899623765656538,,,0.0
voyage_063,8424,8424.0,maximum iterations reached,False,19.80340003501624,4000,692.28367251642,,,0.4899623765656538,,,0.0
voyage_063,8425,8425.0,maximum iterations reached,False,20.005399943329394,4000,691.7070727454047,,,0.4899623765656538,,,0.0
voyage_063,8593,8593.0,primal infeasible,False,0.7090999279171228,125,685.4287009558726,,,0.48956878411047194,,,0.0
voyage_063,8594,8594.0,primal infeasible,False,2.341700019314885,450,685.5982190641345,,,0.48956878411047194,,,0.0
voyage_063,8595,8595.0,primal infeasible,False,2.867800067178905,550,685.763609065453,,,0.48956878411047194,,,0.0
voyage_063,8596,8596.0,primal infeasible,False,3.5879999632015824,700,685.9228899506343,,,0.48956878411047194,,,0.0
voyage_063,8597,8597.0,primal infeasible,False,3.8656999822705984,750,686.0740807104839,,,0.48956878411047194,,,0.0
voyage_063,8598,8598.0,primal infeasible,False,4.832999897189438,950,686.2152003358079,,,0.48956878411047194,,,0.0
voyage_063,8599,8599.0,primal infeasible,False,6.312499986961484,1250,686.344267817412,,,0.48956878411047194,,,0.0
voyage_063,8600,8600.0,primal infeasible,False,6.219000089913607,1175,686.4593021461018,,,0.48956878411047194,,,0.0
voyage_063,8601,8601.0,primal infeasible,False,8.242900017648935,1600,686.5583223126832,,,0.48956878411047194,,,0.0
voyage_063,8602,8602.0,primal infeasible,False,14.150199946016073,2775,686.6393473079623,,,0.48956878411047194,,,0.0
voyage_063,8603,8603.0,primal infeasible,False,6.602599984034896,1250,686.7003961227445,,,0.48956878411047194,,,0.0
voyage_063,8604,8604.0,maximum iterations reached,False,20.42099996469915,4000,686.7394877478359,,,0.48956878411047194,,,0.0
voyage_063,8605,8605.0,maximum iterations reached,False,20.044200005941093,4000,686.7546411740421,,,0.48956878411047194,,,0.0
voyage_063,8606,8606.0,maximum iterations reached,False,20.13219997752458,4000,686.7438753921691,,,0.48956878411047194,,,0.0
voyage_063,8607,8607.0,maximum iterations reached,False,19.808399956673384,4000,686.7052093930226,,,0.48956878411047194,,,0.0
voyage_063,8608,8608.0,maximum iterations reached,False,19.898099941201508,4000,686.6366621674083,,,0.48956878411047194,,,0.0
voyage_063,8609,8609.0,maximum iterations reached,False,20.224599982611835,4000,686.5362527061322,,,0.48956878411047194,,,0.0
voyage_063,8610,8610.0,maximum iterations reached,False,20.554800052195787,4000,686.402,,,0.48956878411047194,,,0.0
voyage_063,8611,8611.0,maximum iterations reached,False,19.577700062654912,4000,686.2330292902859,,,0.48956878411047194,,,0.0
voyage_063,8612,8612.0,maximum iterations reached,False,20.310800056904554,4000,686.0328908201374,,,0.48956878411047194,,,0.0
voyage_063,8613,8613.0,maximum iterations reached,False,20.514799980446696,4000,685.8062410831702,,,0.48956878411047194,,,0.0
voyage_063,8614,8614.0,maximum iterations reached,False,20.54399996995926,4000,685.5577365730004,,,0.48956878411047194,,,0.0
voyage_063,8615,8615.0,maximum iterations reached,False,20.483699976466596,4000,685.2920337832437,,,0.48956878411047194,,,0.0
voyage_063,8616,8616.0,maximum iterations reached,False,20.83749999292195,4000,685.0137892075161,,,0.48956878411047194,,,0.0
voyage_063,8617,8617.0,maximum iterations reached,False,19.907200010493398,4000,684.7276593394334,,,0.48956878411047194,,,0.0
voyage_063,8618,8618.0,maximum iterations reached,False,20.400800043717027,4000,684.4383006726115,,,0.48956878411047194,,,0.0
voyage_063,8619,8619.0,maximum iterations reached,False,20.327999955043197,4000,684.150369700666,,,0.48956878411047194,,,0.0
voyage_063,8620,8620.0,maximum iterations reached,False,20.788899972103536,4000,683.8685229172132,,,0.48956878411047194,,,0.0
voyage_063,8621,8621.0,maximum iterations reached,False,20.357399946078658,4000,683.5974168158687,,,0.48956878411047194,,,0.0
voyage_063,8622,8622.0,maximum iterations reached,False,20.639700000174344,4000,683.3417078902484,,,0.48956878411047194,,,0.0
voyage_063,8623,8623.0,maximum iterations reached,False,20.394899998791516,4000,683.1060526339679,,,0.48956878411047194,,,0.0
voyage_063,8624,8624.0,maximum iterations reached,False,19.95139999780804,4000,682.8951075406435,,,0.48956878411047194,,,0.0
voyage_063,8625,8625.0,maximum iterations reached,False,20.24490002077073,4000,682.7135291038909,,,0.48956878411047194,,,0.0
voyage_063,8626,8626.0,maximum iterations reached,False,20.427799900062382,4000,682.5659738173259,,,0.48956878411047194,,,0.0
voyage_063,8627,8627.0,maximum iterations reached,False,19.485400058329105,4000,682.4570981745644,,,0.48956878411047194,,,0.0
voyage_063,8628,8628.0,maximum iterations reached,False,19.692300003953278,4000,682.3915586692224,,,0.48956878411047194,,,0.0
voyage_063,8629,8629.0,maximum iterations reached,False,20.330099971033633,4000,682.3740117949154,,,0.48956878411047194,,,0.0
voyage_063,8630,8630.0,maximum iterations reached,False,20.152000011876225,4000,682.4091140452596,,,0.48956878411047194,,,0.0
voyage_063,8631,8631.0,maximum iterations reached,False,20.275899907574058,4000,682.5015219138706,,,0.48956878411047194,,,0.0
voyage_063,8632,8632.0,maximum iterations reached,False,20.48030006699264,4000,682.6558918943646,,,0.48956878411047194,,,0.0
voyage_063,8633,8633.0,maximum iterations reached,False,19.73770000040531,4000,682.876880480357,,,0.48956878411047194,,,0.0
voyage_063,8634,8634.0,maximum iterations reached,False,20.652799983508885,4000,683.1691441654641,,,0.48956878411047194,,,0.0
voyage_063,8635,8635.0,maximum iterations reached,False,19.80300003197044,4000,683.5373394433017,,,0.48956878411047194,,,0.0
voyage_063,8636,8636.0,maximum iterations reached,False,20.758600090630352,4000,683.9861228074855,,,0.48956878411047194,,,0.0
voyage_063,8637,8637.0,maximum iterations reached,False,20.964500028640032,4000,684.5201507516313,,,0.48956878411047194,,,0.0
voyage_063,8638,8638.0,maximum iterations reached,False,20.458900020457804,4000,685.144079769355,,,0.48956878411047194,,,0.0
voyage_063,8639,8639.0,maximum iterations reached,False,19.89670004695654,4000,685.8625663542728,,,0.48956878411047194,,,0.0
voyage_063,8640,8640.0,maximum iterations reached,False,22.371300030499697,4000,686.680267,,,0.48956878411047194,,,0.0
voyage_063,8641,8641.0,maximum iterations reached,False,20.761299994774163,4000,687.5981214137461,,,0.48956878411047194,,,0.0
voyage_063,8642,8642.0,maximum iterations reached,False,20.162300090305507,4000,688.6022021570928,,,0.48956878411047194,,,0.0
voyage_063,8643,8643.0,maximum iterations reached,False,20.029200008139014,4000,689.6748650052157,,,0.48956878411047194,,,0.0
voyage_063,8644,8644.0,maximum iterations reached,False,20.340000046417117,4000,690.7984657332896,,,0.48956878411047194,,,0.0
voyage_063,8645,8645.0,maximum iterations reached,False,20.079400041140616,4000,691.9553601164898,,,0.48956878411047194,,,0.0
voyage_063,8646,8646.0,maximum iterations reached,False,20.30860004015267,4000,693.1279039299916,,,0.48956878411047194,,,0.0
voyage_063,8647,8647.0,maximum iterations reached,False,20.784800057299435,4000,694.2984529489701,,,0.48956878411047194,,,0.0
voyage_063,8648,8648.0,maximum iterations reached,False,20.851600100286305,4000,695.4493629486003,,,0.48956878411047194,,,0.0
voyage_063,8649,8649.0,maximum iterations reached,False,20.116299972869456,4000,696.5629897040579,,,0.48956878411047194,,,0.0
voyage_063,8650,8650.0,maximum iterations reached,False,20.11160005349666,4000,697.6216889905177,,,0.48956878411047194,,,0.0
voyage_063,8651,8651.0,maximum iterations reached,False,20.678400062024593,4000,698.607816583155,,,0.48956878411047194,,,0.0
voyage_063,8652,8652.0,maximum iterations reached,False,20.204100059345365,4000,699.503728257145,,,0.48956878411047194,,,0.0
voyage_063,8653,8653.0,maximum iterations reached,False,20.11119993403554,4000,700.2917797876629,,,0.48956878411047194,,,0.0
voyage_063,8654,8654.0,maximum iterations reached,False,20.067899953573942,4000,700.954326949884,,,0.48956878411047194,,,0.0
voyage_063,8655,8655.0,maximum iterations reached,False,19.642100087366998,4000,701.4737255189833,,,0.48956878411047194,,,0.0
voyage_063,8656,8656.0,maximum iterations reached,False,20.02809999976307,4000,701.8323312701361,,,0.48956878411047194,,,0.0
voyage_063,8657,8657.0,maximum iterations reached,False,19.75710003171116,4000,702.0124999785174,,,0.48956878411047194,,,0.0
voyage_063,8658,8658.0,maximum iterations reached,False,19.845200004056096,4000,701.9965874193028,,,0.48956878411047194,,,0.0
voyage_063,8659,8659.0,maximum iterations reached,False,19.72889993339777,4000,701.7669493676673,,,0.48956878411047194,,,0.0
voyage_063,8660,8660.0,maximum iterations reached,False,19.878100021742284,4000,701.3059415987859,,,0.48956878411047194,,,0.0
voyage_063,8661,8661.0,maximum iterations reached,False,19.815700012259185,4000,700.5959198878342,,,0.48956878411047194,,,0.0
voyage_063,8662,8662.0,maximum iterations reached,False,19.835400045849383,4000,699.6192400099868,,,0.48956878411047194,,,0.0
voyage_063,8663,8663.0,maximum iterations reached,False,19.749299972318113,4000,698.3582577404193,,,0.48956878411047194,,,0.0
voyage_063,8664,8664.0,maximum iterations reached,False,20.165399997495115,4000,696.795328854307,,,0.48956878411047194,,,0.0
voyage_063,8665,8665.0,maximum iterations reached,False,20.639700116589665,4000,694.912809126825,,,0.48956878411047194,,,0.0
voyage_063,8666,8666.0,maximum iterations reached,False,19.955799914896488,4000,692.6930543331483,,,0.48956878411047194,,,0.0
voyage_063,8667,8667.0,maximum iterations reached,False,20.83409996703267,4000,690.1184202484523,,,0.48956878411047194,,,0.0
voyage_063,9078,9078.0,primal infeasible,False,1.070900005288422,200,514.3633059632881,,,0.48765243677008946,,,0.0
voyage_063,9079,9079.0,primal infeasible,False,0.8476001676172018,150,513.9138682248915,,,0.48765243677008946,,,0.0
voyage_063,9080,9080.0,primal infeasible,False,0.8104000007733703,150,513.4351531436555,,,0.48765243677008946,,,0.0
voyage_063,9081,9081.0,primal infeasible,False,0.8081999840214849,150,512.9278148946931,,,0.48765243677008946,,,0.0
voyage_063,9082,9082.0,primal infeasible,False,0.8200999582186341,150,512.3925076531176,,,0.48765243677008946,,,0.0
voyage_063,9083,9083.0,primal infeasible,False,1.067599980160594,200,511.8298855940417,,,0.48765243677008946,,,0.0
voyage_063,9084,9084.0,primal infeasible,False,1.336399931460619,250,511.2406028925785,,,0.48765243677008946,,,0.0
voyage_063,9085,9085.0,primal infeasible,False,0.5494999932125211,100,510.62531372384126,,,0.48765243677008946,,,0.0
voyage_063,9086,9086.0,primal infeasible,False,0.5791999865323305,100,509.98467226294304,,,0.48765243677008946,,,0.0
voyage_063,9087,9087.0,primal infeasible,False,0.430300016887486,75,509.3193326849967,,,0.48765243677008946,,,0.0
voyage_063,9088,9088.0,primal infeasible,False,0.42699999175965786,75,508.62994916511536,,,0.48765243677008946,,,0.0
voyage_063,9089,9089.0,primal infeasible,False,0.42669998947530985,75,507.9171758784121,,,0.48765243677008946,,,0.0
voyage_063,9090,9090.0,primal infeasible,False,0.7835000287741423,150,507.181667,,,0.48765243677008946,,,0.0
voyage_063,9091,9091.0,primal infeasible,False,0.7836000295355916,150,506.4269383349156,,,0.48765243677008946,,,0.0
voyage_063,9092,9092.0,primal infeasible,False,0.784000032581389,150,505.66795220789,,,0.48765243677008946,,,0.0
voyage_063,9093,9093.0,primal infeasible,False,0.7879999466240406,150,504.92253257357737,,,0.48765243677008946,,,0.0
voyage_063,9094,9094.0,primal infeasible,False,0.873600016348064,150,504.2085033866322,,,0.48765243677008946,,,0.0
voyage_063,9095,9095.0,primal infeasible,False,0.8967999601736665,150,503.54368860170905,,,0.48765243677008946,,,0.0
voyage_063,9096,9096.0,primal infeasible,False,0.8565000025555491,150,502.9459121734623,,,0.48765243677008946,,,0.0
voyage_063,9097,9097.0,primal infeasible,False,0.8267000084742904,150,502.4329980565464,,,0.48765243677008946,,,0.0
voyage_063,9098,9098.0,primal infeasible,False,0.8189000654965639,150,502.02277020561576,,,0.48765243677008946,,,0.0
voyage_063,9099,9099.0,primal infeasible,False,0.8125000167638063,150,501.7330525753248,,,0.48765243677008946,,,0.0
voyage_063,9100,9100.0,primal infeasible,False,1.1893999762833118,150,501.581669120328,,,0.48765243677008946,,,0.0
voyage_063,9101,9101.0,primal infeasible,False,0.8587000193074346,150,501.58644379527976,,,0.48765243677008946,,,0.0
voyage_063,9102,9102.0,primal infeasible,False,0.8470999309793115,150,501.7652005548346,,,0.48765243677008946,,,0.0
voyage_063,9103,9103.0,primal infeasible,False,0.8929999312385917,150,502.1357633536469,,,0.48765243677008946,,,0.0
voyage_063,9104,9104.0,primal infeasible,False,0.813300022855401,150,502.715956146371,,,0.48765243677008946,,,0.0
voyage_063,9105,9105.0,primal infeasible,False,0.7948999991640449,150,503.5236028876616,,,0.48765243677008946,,,0.0
voyage_063,9106,9106.0,primal infeasible,False,0.8080999832600355,150,504.5765275321729,,,0.48765243677008946,,,0.0
voyage_063,9107,9107.0,primal infeasible,False,0.8005000418052077,150,505.89255403455945,,,0.48765243677008946,,,0.0
voyage_063,9108,9108.0,primal infeasible,False,0.788399949669838,150,507.4895063494757,,,0.48765243677008946,,,0.0
voyage_063,9109,9109.0,primal infeasible,False,0.8802999509498477,150,509.385208431576,,,0.48765243677008946,,,0.0
voyage_063,9110,9110.0,primal infeasible,False,0.9261999512091279,150,511.59748423551486,,,0.48765243677008946,,,0.0
voyage_063,9111,9111.0,primal infeasible,False,0.8737000171095133,150,514.1441577159467,,,0.48765243677008946,,,0.0
voyage_063,9112,9112.0,primal infeasible,False,0.8734000148251653,150,517.043052827526,,,0.48765243677008946,,,0.0
voyage_063,9113,9113.0,primal infeasible,False,0.939300050958991,150,520.311993524907,,,0.48765243677008946,,,0.0
voyage_063,9114,9114.0,primal infeasible,False,0.9249999420717359,150,523.9688037627446,,,0.48765243677008946,,,0.0
voyage_063,9115,9115.0,primal infeasible,False,0.86090003605932,150,528.0313074956928,,,0.48765243677008946,,,0.0
voyage_063,9116,9116.0,primal infeasible,False,0.8379000937566161,150,532.5173286784061,,,0.48765243677008946,,,0.0
voyage_063,9117,9117.0,primal infeasible,False,0.8321000495925546,150,537.4446912655391,,,0.48765243677008946,,,0.0
voyage_063,9118,9118.0,primal infeasible,False,0.838099978864193,150,542.8312192117461,,,0.48765243677008946,,,0.0
voyage_063,9119,9119.0,primal infeasible,False,0.9025000035762787,150,548.6947364716816,,,0.48765243677008946,,,0.0
voyage_063,9120,9120.0,primal infeasible,False,0.8707999950274825,150,555.053067,,,0.48765243677008946,,,0.0
voyage_063,9121,9121.0,primal infeasible,False,0.8058999665081501,150,561.9124877130324,,,0.48765243677008946,,,0.0
voyage_063,9122,9122.0,primal infeasible,False,0.7874000584706664,150,569.2330873738158,,,0.48765243677008946,,,0.0
voyage_063,9123,9123.0,primal infeasible,False,0.7882999489083886,150,576.9634077070638,,,0.48765243677008946,,,0.0
voyage_063,9124,9124.0,primal infeasible,False,0.790799967944622,150,585.0519904374901,,,0.48765243677008946,,,0.0
voyage_063,9125,9125.0,primal infeasible,False,0.7823000196367502,150,593.4473772898082,,,0.48765243677008946,,,0.0
voyage_063,9126,9126.0,primal infeasible,False,0.7905999664217234,150,602.0981099887321,,,0.48765243677008946,,,0.0
voyage_063,9127,9127.0,primal infeasible,False,0.7877999451011419,150,610.9527302589748,,,0.48765243677008946,,,0.0
voyage_063,9128,9128.0,primal infeasible,False,0.7957000052556396,150,619.9597798252505,,,0.48765243677008946,,,0.0
voyage_063,9129,9129.0,primal infeasible,False,0.8033999474719167,150,629.0678004122725,,,0.48765243677008946,,,0.0
voyage_063,9130,9130.0,primal infeasible,False,0.8046999573707581,150,638.2253337447547,,,0.48765243677008946,,,0.0
voyage_063,9131,9131.0,primal infeasible,False,0.8707999950274825,150,647.3809215474105,,,0.48765243677008946,,,0.0
voyage_063,9132,9132.0,primal infeasible,False,0.824499991722405,150,656.4831055449537,,,0.48765243677008946,,,0.0
voyage_063,9133,9133.0,primal infeasible,False,0.7940999930724502,150,665.4804274620977,,,0.48765243677008946,,,0.0
voyage_063,9134,9134.0,primal infeasible,False,0.8016000501811504,150,674.3214290235564,,,0.48765243677008946,,,0.0
voyage_063,9135,9135.0,primal infeasible,False,0.7925000973045826,150,682.9546519540432,,,0.48765243677008946,,,0.0
voyage_063,9136,9136.0,primal infeasible,False,0.776899978518486,150,691.328637978272,,,0.48765243677008946,,,0.0
voyage_063,9137,9137.0,primal infeasible,False,0.6673999596387148,125,699.3919288209561,,,0.48765243677008946,,,0.0
voyage_063,9138,9138.0,primal infeasible,False,0.4237999673932791,75,707.0930662068093,,,0.48765243677008946,,,0.0
voyage_063,9139,9139.0,primal infeasible,False,0.4165000282227993,75,714.3805918605453,,,0.48765243677008946,,,0.0
voyage_063,9140,9140.0,primal infeasible,False,0.4116999916732311,75,721.2030475068777,,,0.48765243677008946,,,0.0
voyage_063,9141,9141.0,primal infeasible,False,0.4100000951439142,75,727.5089748705201,,,0.48765243677008946,,,0.0
voyage_063,9142,9142.0,primal infeasible,False,0.4107999848201871,75,733.2469156761861,,,0.48765243677008946,,,0.0
voyage_063,9143,9143.0,primal infeasible,False,0.42639998719096184,75,738.3654116485893,,,0.48765243677008946,,,0.0
voyage_063,9144,9144.0,primal infeasible,False,0.4197999369353056,75,742.8130045124434,,,0.48765243677008946,,,0.0
voyage_063,9145,9145.0,primal infeasible,False,0.4141000099480152,75,746.5382359924622,,,0.48765243677008946,,,0.0
voyage_063,9146,9146.0,primal infeasible,False,0.41099998634308577,75,749.4896478133587,,,0.48765243677008946,,,0.0
voyage_063,9147,9147.0,primal infeasible,False,0.41450001299381256,75,751.6157816998475,,,0.48765243677008946,,,0.0
voyage_063,9148,9148.0,primal infeasible,False,0.41910004802048206,75,752.8651793766412,,,0.48765243677008946,,,0.0
voyage_063,9149,9149.0,primal infeasible,False,0.41340000461786985,75,753.1863825684544,,,0.48765243677008946,,,0.0
voyage_063,9150,9150.0,primal infeasible,False,0.41199999395757914,75,752.527933,,,0.48765243677008946,,,0.0
voyage_063,9151,9151.0,primal infeasible,False,0.41119998786598444,75,750.8565021169549,,,0.48765243677008946,,,0.0
voyage_063,9152,9152.0,primal infeasible,False,0.41989993769675493,75,748.211280248847,,,0.48765243677008946,,,0.0
voyage_063,9153,9153.0,primal infeasible,False,0.6525999633595347,125,744.6495874461676,,,0.48765243677008946,,,0.0
voyage_063,9154,9154.0,primal infeasible,False,0.6524999625980854,125,740.2287437594075,,,0.48765243677008946,,,0.0
voyage_063,9155,9155.0,primal infeasible,False,0.6619000341743231,125,735.006069239058,,,0.48765243677008946,,,0.0
voyage_063,9156,9156.0,primal infeasible,False,0.6608000257983804,125,729.03888393561,,,0.48765243677008946,,,0.0
voyage_063,9157,9157.0,primal infeasible,False,0.6542999763041735,125,722.3845078995544,,,0.48765243677008946,,,0.0
voyage_063,9158,9158.0,primal infeasible,False,0.6621999200433493,125,715.1002611813824,,,0.48765243677008946,,,0.0
voyage_063,9159,9159.0,primal infeasible,False,0.801699934527278,150,707.2434638315849,,,0.48765243677008946,,,0.0
voyage_063,9160,9160.0,primal infeasible,False,0.79109997022897,150,698.8714359006531,,,0.48765243677008946,,,0.0
