bootstrap beta=250 cadence=episode16 target=round start
bootstrap completed=29/30 economic_updates=464
round 1/40 start epsilon=1.0000
progress step=50 round=1/40 episode=1/30 sample=zero_boundary_002 soc=0.6881 fc=20
progress step=100 round=1/40 episode=1/30 sample=zero_boundary_002 soc=0.4148 fc=440
progress step=150 round=1/40 episode=1/30 sample=zero_boundary_002 soc=0.4222 fc=20
progress step=200 round=1/40 episode=1/30 sample=zero_boundary_002 soc=0.3544 fc=400
progress step=250 round=1/40 episode=1/30 sample=zero_boundary_002 soc=0.4014 fc=300
progress step=300 round=1/40 episode=2/30 sample=zero_boundary_005 soc=0.6087 fc=160
progress step=350 round=1/40 episode=2/30 sample=zero_boundary_005 soc=0.6872 fc=300
progress step=400 round=1/40 episode=2/30 sample=zero_boundary_005 soc=0.5494 fc=60
progress step=450 round=1/40 episode=2/30 sample=zero_boundary_005 soc=0.4986 fc=390
progress step=500 round=1/40 episode=2/30 sample=zero_boundary_005 soc=0.4402 fc=90
progress step=550 round=1/40 episode=2/30 sample=zero_boundary_005 soc=0.3641 fc=350
progress step=600 round=1/40 episode=3/30 sample=zero_boundary_006 soc=0.6232 fc=420
progress step=650 round=1/40 episode=3/30 sample=zero_boundary_006 soc=0.7348 fc=260
progress step=700 round=1/40 episode=3/30 sample=zero_boundary_006 soc=0.7971 fc=220
progress step=750 round=1/40 episode=3/30 sample=zero_boundary_006 soc=0.7980 fc=150
progress step=800 round=1/40 episode=3/30 sample=zero_boundary_006 soc=0.7976 fc=310
progress step=850 round=1/40 episode=3/30 sample=zero_boundary_006 soc=0.7970 fc=330
progress step=900 round=1/40 episode=3/30 sample=zero_boundary_006 soc=0.7950 fc=400
progress step=950 round=1/40 episode=4/30 sample=zero_boundary_007 soc=0.6100 fc=560
progress step=1000 round=1/40 episode=4/30 sample=zero_boundary_007 soc=0.6058 fc=390
progress step=1050 round=1/40 episode=4/30 sample=zero_boundary_007 soc=0.5343 fc=470
progress step=1100 round=1/40 episode=4/30 sample=zero_boundary_007 soc=0.5510 fc=230
progress step=1150 round=1/40 episode=4/30 sample=zero_boundary_007 soc=0.5832 fc=290
progress step=1200 round=1/40 episode=4/30 sample=zero_boundary_007 soc=0.5379 fc=370
progress step=1250 round=1/40 episode=5/30 sample=zero_boundary_008 soc=0.6579 fc=500
progress step=1300 round=1/40 episode=5/30 sample=zero_boundary_008 soc=0.3436 fc=500
progress step=1350 round=1/40 episode=6/30 sample=zero_boundary_011 soc=0.7199 fc=550
progress step=1400 round=1/40 episode=6/30 sample=zero_boundary_011 soc=0.7643 fc=560
progress step=1450 round=1/40 episode=6/30 sample=zero_boundary_011 soc=0.6211 fc=120
progress step=1500 round=1/40 episode=6/30 sample=zero_boundary_011 soc=0.4947 fc=590
progress step=1550 round=1/40 episode=6/30 sample=zero_boundary_011 soc=0.3356 fc=490
progress step=1600 round=1/40 episode=6/30 sample=zero_boundary_011 soc=0.2481 fc=100
progress step=1650 round=1/40 episode=6/30 sample=zero_boundary_011 soc=0.4343 fc=110
progress step=1700 round=1/40 episode=6/30 sample=zero_boundary_011 soc=0.5805 fc=250
progress step=1750 round=1/40 episode=6/30 sample=zero_boundary_011 soc=0.7548 fc=440
progress step=1800 round=1/40 episode=6/30 sample=zero_boundary_011 soc=0.7995 fc=30
progress step=1850 round=1/40 episode=6/30 sample=zero_boundary_011 soc=0.7844 fc=150
progress step=1900 round=1/40 episode=6/30 sample=zero_boundary_011 soc=0.7998 fc=0
progress step=1950 round=1/40 episode=6/30 sample=zero_boundary_011 soc=0.7986 fc=10
progress step=2000 round=1/40 episode=6/30 sample=zero_boundary_011 soc=0.7898 fc=260
progress step=2050 round=1/40 episode=6/30 sample=zero_boundary_011 soc=0.7793 fc=190
progress step=2100 round=1/40 episode=7/30 sample=zero_boundary_013 soc=0.7276 fc=370
progress step=2150 round=1/40 episode=7/30 sample=zero_boundary_013 soc=0.7824 fc=130
progress step=2200 round=1/40 episode=7/30 sample=zero_boundary_013 soc=0.7678 fc=600
progress step=2250 round=1/40 episode=7/30 sample=zero_boundary_013 soc=0.7540 fc=490
progress step=2300 round=1/40 episode=7/30 sample=zero_boundary_013 soc=0.7978 fc=160
progress step=2350 round=1/40 episode=7/30 sample=zero_boundary_013 soc=0.7743 fc=570
progress step=2400 round=1/40 episode=7/30 sample=zero_boundary_013 soc=0.7991 fc=70
progress step=2450 round=1/40 episode=8/30 sample=zero_boundary_015 soc=0.6534 fc=100
progress step=2500 round=1/40 episode=8/30 sample=zero_boundary_015 soc=0.6603 fc=370
progress step=2550 round=1/40 episode=8/30 sample=zero_boundary_015 soc=0.2266 fc=300
progress step=2600 round=1/40 episode=9/30 sample=zero_boundary_016 soc=0.7607 fc=80
progress step=2650 round=1/40 episode=9/30 sample=zero_boundary_016 soc=0.7039 fc=140
progress step=2700 round=1/40 episode=9/30 sample=zero_boundary_016 soc=0.5035 fc=320
progress step=2750 round=1/40 episode=9/30 sample=zero_boundary_016 soc=0.2611 fc=280
progress step=2800 round=1/40 episode=10/30 sample=zero_boundary_017 soc=0.6102 fc=600
progress step=2850 round=1/40 episode=10/30 sample=zero_boundary_017 soc=0.3379 fc=180
progress step=2900 round=1/40 episode=11/30 sample=zero_boundary_020 soc=0.6547 fc=570
progress step=2950 round=1/40 episode=11/30 sample=zero_boundary_020 soc=0.6588 fc=580
progress step=3000 round=1/40 episode=12/30 sample=zero_boundary_021 soc=0.6154 fc=60
progress step=3050 round=1/40 episode=12/30 sample=zero_boundary_021 soc=0.7401 fc=50
progress step=3100 round=1/40 episode=12/30 sample=zero_boundary_021 soc=0.6698 fc=90
progress step=3150 round=1/40 episode=12/30 sample=zero_boundary_021 soc=0.5944 fc=330
progress step=3200 round=1/40 episode=12/30 sample=zero_boundary_021 soc=0.5388 fc=170
progress step=3250 round=1/40 episode=13/30 sample=zero_boundary_022 soc=0.6984 fc=310
progress step=3300 round=1/40 episode=13/30 sample=zero_boundary_022 soc=0.6403 fc=430
progress step=3350 round=1/40 episode=13/30 sample=zero_boundary_022 soc=0.6459 fc=350
progress step=3400 round=1/40 episode=13/30 sample=zero_boundary_022 soc=0.7560 fc=140
progress step=3450 round=1/40 episode=14/30 sample=zero_boundary_029 soc=0.7005 fc=230
progress step=3500 round=1/40 episode=14/30 sample=zero_boundary_029 soc=0.7083 fc=270
progress step=3550 round=1/40 episode=14/30 sample=zero_boundary_029 soc=0.6946 fc=340
progress step=3600 round=1/40 episode=14/30 sample=zero_boundary_029 soc=0.6672 fc=480
progress step=3650 round=1/40 episode=14/30 sample=zero_boundary_029 soc=0.7570 fc=70
progress step=3700 round=1/40 episode=14/30 sample=zero_boundary_029 soc=0.7784 fc=80
progress step=3750 round=1/40 episode=14/30 sample=zero_boundary_029 soc=0.8000 fc=20
progress step=3800 round=1/40 episode=14/30 sample=zero_boundary_029 soc=0.8000 fc=0
progress step=3850 round=1/40 episode=14/30 sample=zero_boundary_029 soc=0.8000 fc=0
progress step=3900 round=1/40 episode=14/30 sample=zero_boundary_029 soc=0.8000 fc=0
progress step=3950 round=1/40 episode=14/30 sample=zero_boundary_029 soc=0.8000 fc=0
progress step=4000 round=1/40 episode=14/30 sample=zero_boundary_029 soc=0.8000 fc=0
progress step=4050 round=1/40 episode=14/30 sample=zero_boundary_029 soc=0.8000 fc=0
progress step=4100 round=1/40 episode=14/30 sample=zero_boundary_029 soc=0.8000 fc=0
progress step=4150 round=1/40 episode=14/30 sample=zero_boundary_029 soc=0.8000 fc=0
progress step=4200 round=1/40 episode=14/30 sample=zero_boundary_029 soc=0.8000 fc=0
progress step=4250 round=1/40 episode=14/30 sample=zero_boundary_029 soc=0.8000 fc=0
progress step=4300 round=1/40 episode=14/30 sample=zero_boundary_029 soc=0.7984 fc=150
progress step=4350 round=1/40 episode=14/30 sample=zero_boundary_029 soc=0.7977 fc=140
progress step=4400 round=1/40 episode=14/30 sample=zero_boundary_029 soc=0.7967 fc=210
progress step=4450 round=1/40 episode=14/30 sample=zero_boundary_029 soc=0.7997 fc=30
progress step=4500 round=1/40 episode=15/30 sample=zero_boundary_033 soc=0.7050 fc=520
progress step=4550 round=1/40 episode=15/30 sample=zero_boundary_033 soc=0.7757 fc=480
progress step=4600 round=1/40 episode=15/30 sample=zero_boundary_033 soc=0.6470 fc=450
progress step=4650 round=1/40 episode=15/30 sample=zero_boundary_033 soc=0.6399 fc=500
progress step=4700 round=1/40 episode=15/30 sample=zero_boundary_033 soc=0.6195 fc=470
progress step=4750 round=1/40 episode=15/30 sample=zero_boundary_033 soc=0.5159 fc=500
progress step=4800 round=1/40 episode=15/30 sample=zero_boundary_033 soc=0.4221 fc=240
progress step=4850 round=1/40 episode=15/30 sample=zero_boundary_033 soc=0.6069 fc=560
progress step=4900 round=1/40 episode=15/30 sample=zero_boundary_033 soc=0.7999 fc=0
progress step=4950 round=1/40 episode=15/30 sample=zero_boundary_033 soc=0.7999 fc=0
progress step=5000 round=1/40 episode=15/30 sample=zero_boundary_033 soc=0.7999 fc=0
progress step=5050 round=1/40 episode=15/30 sample=zero_boundary_033 soc=0.7999 fc=0
progress step=5100 round=1/40 episode=15/30 sample=zero_boundary_033 soc=0.7999 fc=10
progress step=5150 round=1/40 episode=15/30 sample=zero_boundary_033 soc=0.8000 fc=0
progress step=5200 round=1/40 episode=15/30 sample=zero_boundary_033 soc=0.8000 fc=0
progress step=5250 round=1/40 episode=15/30 sample=zero_boundary_033 soc=0.7999 fc=30
progress step=5300 round=1/40 episode=15/30 sample=zero_boundary_033 soc=0.7996 fc=20
progress step=5350 round=1/40 episode=15/30 sample=zero_boundary_033 soc=0.7999 fc=30
progress step=5400 round=1/40 episode=15/30 sample=zero_boundary_033 soc=0.7993 fc=60
progress step=5450 round=1/40 episode=16/30 sample=zero_boundary_034 soc=0.6161 fc=360
progress step=5500 round=1/40 episode=16/30 sample=zero_boundary_034 soc=0.8000 fc=0
progress step=5550 round=1/40 episode=16/30 sample=zero_boundary_034 soc=0.8000 fc=0
progress step=5600 round=1/40 episode=16/30 sample=zero_boundary_034 soc=0.8000 fc=0
progress step=5650 round=1/40 episode=16/30 sample=zero_boundary_034 soc=0.8000 fc=0
progress step=5700 round=1/40 episode=16/30 sample=zero_boundary_034 soc=0.8000 fc=0
progress step=5750 round=1/40 episode=16/30 sample=zero_boundary_034 soc=0.8000 fc=0
progress step=5800 round=1/40 episode=16/30 sample=zero_boundary_034 soc=0.8000 fc=0
progress step=5850 round=1/40 episode=16/30 sample=zero_boundary_034 soc=0.8000 fc=0
progress step=5900 round=1/40 episode=16/30 sample=zero_boundary_034 soc=0.8000 fc=0
progress step=5950 round=1/40 episode=16/30 sample=zero_boundary_034 soc=0.8000 fc=0
progress step=6000 round=1/40 episode=16/30 sample=zero_boundary_034 soc=0.8000 fc=0
progress step=6050 round=1/40 episode=16/30 sample=zero_boundary_034 soc=0.8000 fc=0
progress step=6100 round=1/40 episode=16/30 sample=zero_boundary_034 soc=0.8000 fc=0
progress step=6150 round=1/40 episode=16/30 sample=zero_boundary_034 soc=0.8000 fc=0
progress step=6200 round=1/40 episode=16/30 sample=zero_boundary_034 soc=0.8000 fc=0
progress step=6250 round=1/40 episode=16/30 sample=zero_boundary_034 soc=0.8000 fc=0
progress step=6300 round=1/40 episode=16/30 sample=zero_boundary_034 soc=0.8000 fc=0
progress step=6350 round=1/40 episode=16/30 sample=zero_boundary_034 soc=0.8000 fc=70
progress step=6400 round=1/40 episode=16/30 sample=zero_boundary_034 soc=0.7981 fc=140
progress step=6450 round=1/40 episode=16/30 sample=zero_boundary_034 soc=0.7990 fc=40
progress step=6500 round=1/40 episode=16/30 sample=zero_boundary_034 soc=0.7991 fc=120
progress step=6550 round=1/40 episode=16/30 sample=zero_boundary_034 soc=0.7898 fc=490
progress step=6600 round=1/40 episode=16/30 sample=zero_boundary_034 soc=0.7981 fc=70
progress step=6650 round=1/40 episode=16/30 sample=zero_boundary_034 soc=0.7999 fc=0
progress step=6700 round=1/40 episode=16/30 sample=zero_boundary_034 soc=0.7999 fc=0
progress step=6750 round=1/40 episode=16/30 sample=zero_boundary_034 soc=0.7999 fc=0
progress step=6800 round=1/40 episode=16/30 sample=zero_boundary_034 soc=0.7999 fc=0
progress step=6850 round=1/40 episode=16/30 sample=zero_boundary_034 soc=0.7999 fc=0
progress step=6900 round=1/40 episode=16/30 sample=zero_boundary_034 soc=0.7999 fc=0
progress step=6950 round=1/40 episode=16/30 sample=zero_boundary_034 soc=0.7999 fc=0
progress step=7000 round=1/40 episode=16/30 sample=zero_boundary_034 soc=0.7999 fc=0
progress step=7050 round=1/40 episode=16/30 sample=zero_boundary_034 soc=0.7999 fc=0
progress step=7100 round=1/40 episode=17/30 sample=zero_boundary_037 soc=0.6602 fc=120
progress step=7150 round=1/40 episode=17/30 sample=zero_boundary_037 soc=0.6883 fc=380
progress step=7200 round=1/40 episode=17/30 sample=zero_boundary_037 soc=0.7276 fc=130
progress step=7250 round=1/40 episode=17/30 sample=zero_boundary_037 soc=0.7605 fc=550
progress step=7300 round=1/40 episode=17/30 sample=zero_boundary_037 soc=0.7967 fc=60
progress step=7350 round=1/40 episode=17/30 sample=zero_boundary_037 soc=0.7495 fc=190
progress step=7400 round=1/40 episode=17/30 sample=zero_boundary_037 soc=0.6023 fc=400
progress step=7450 round=1/40 episode=17/30 sample=zero_boundary_037 soc=0.5460 fc=50
progress step=7500 round=1/40 episode=17/30 sample=zero_boundary_037 soc=0.6987 fc=320
progress step=7550 round=1/40 episode=17/30 sample=zero_boundary_037 soc=0.7992 fc=10
progress step=7600 round=1/40 episode=17/30 sample=zero_boundary_037 soc=0.7999 fc=20
progress step=7650 round=1/40 episode=17/30 sample=zero_boundary_037 soc=0.7989 fc=40
progress step=7700 round=1/40 episode=17/30 sample=zero_boundary_037 soc=0.7997 fc=30
progress step=7750 round=1/40 episode=17/30 sample=zero_boundary_037 soc=0.7986 fc=150
progress step=7800 round=1/40 episode=17/30 sample=zero_boundary_037 soc=0.7995 fc=60
progress step=7850 round=1/40 episode=17/30 sample=zero_boundary_037 soc=0.7997 fc=60
progress step=7900 round=1/40 episode=17/30 sample=zero_boundary_037 soc=0.7985 fc=150
progress step=7950 round=1/40 episode=17/30 sample=zero_boundary_037 soc=0.7999 fc=30
progress step=8000 round=1/40 episode=17/30 sample=zero_boundary_037 soc=0.7996 fc=40
progress step=8050 round=1/40 episode=17/30 sample=zero_boundary_037 soc=0.7994 fc=80
progress step=8100 round=1/40 episode=17/30 sample=zero_boundary_037 soc=0.8000 fc=0
progress step=8150 round=1/40 episode=17/30 sample=zero_boundary_037 soc=0.8000 fc=0
progress step=8200 round=1/40 episode=17/30 sample=zero_boundary_037 soc=0.8000 fc=0
progress step=8250 round=1/40 episode=17/30 sample=zero_boundary_037 soc=0.7987 fc=140
progress step=8300 round=1/40 episode=17/30 sample=zero_boundary_037 soc=0.7998 fc=40
progress step=8350 round=1/40 episode=17/30 sample=zero_boundary_037 soc=0.7999 fc=0
progress step=8400 round=1/40 episode=17/30 sample=zero_boundary_037 soc=0.7995 fc=50
progress step=8450 round=1/40 episode=17/30 sample=zero_boundary_037 soc=0.7990 fc=80
progress step=8500 round=1/40 episode=17/30 sample=zero_boundary_037 soc=0.7999 fc=40
progress step=8550 round=1/40 episode=17/30 sample=zero_boundary_037 soc=0.7996 fc=0
progress step=8600 round=1/40 episode=17/30 sample=zero_boundary_037 soc=0.7997 fc=20
progress step=8650 round=1/40 episode=17/30 sample=zero_boundary_037 soc=0.7995 fc=40
progress step=8700 round=1/40 episode=17/30 sample=zero_boundary_037 soc=0.7993 fc=30
progress step=8750 round=1/40 episode=17/30 sample=zero_boundary_037 soc=0.7996 fc=20
progress step=8800 round=1/40 episode=17/30 sample=zero_boundary_037 soc=0.7994 fc=30
progress step=8850 round=1/40 episode=17/30 sample=zero_boundary_037 soc=0.7993 fc=10
progress step=8900 round=1/40 episode=17/30 sample=zero_boundary_037 soc=0.7999 fc=0
progress step=8950 round=1/40 episode=17/30 sample=zero_boundary_037 soc=0.7999 fc=0
progress step=9000 round=1/40 episode=18/30 sample=zero_boundary_038 soc=0.6536 fc=10
progress step=9050 round=1/40 episode=18/30 sample=zero_boundary_038 soc=0.6318 fc=440
progress step=9100 round=1/40 episode=18/30 sample=zero_boundary_038 soc=0.5725 fc=340
progress step=9150 round=1/40 episode=18/30 sample=zero_boundary_038 soc=0.5444 fc=530
progress step=9200 round=1/40 episode=18/30 sample=zero_boundary_038 soc=0.4028 fc=160
progress step=9250 round=1/40 episode=18/30 sample=zero_boundary_038 soc=0.2990 fc=420
progress step=9300 round=1/40 episode=18/30 sample=zero_boundary_038 soc=0.3964 fc=410
progress step=9350 round=1/40 episode=18/30 sample=zero_boundary_038 soc=0.5392 fc=220
progress step=9400 round=1/40 episode=18/30 sample=zero_boundary_038 soc=0.6860 fc=580
progress step=9450 round=1/40 episode=18/30 sample=zero_boundary_038 soc=0.7887 fc=160
progress step=9500 round=1/40 episode=18/30 sample=zero_boundary_038 soc=0.7450 fc=190
progress step=9550 round=1/40 episode=18/30 sample=zero_boundary_038 soc=0.7248 fc=100
progress step=9600 round=1/40 episode=18/30 sample=zero_boundary_038 soc=0.6770 fc=400
progress step=9650 round=1/40 episode=18/30 sample=zero_boundary_038 soc=0.6809 fc=520
progress step=9700 round=1/40 episode=19/30 sample=zero_boundary_040 soc=0.6304 fc=580
progress step=9750 round=1/40 episode=19/30 sample=zero_boundary_040 soc=0.5873 fc=440
progress step=9800 round=1/40 episode=19/30 sample=zero_boundary_040 soc=0.4130 fc=340
progress step=9850 round=1/40 episode=19/30 sample=zero_boundary_040 soc=0.3331 fc=250
progress step=9900 round=1/40 episode=19/30 sample=zero_boundary_040 soc=0.3499 fc=530
progress step=9950 round=1/40 episode=19/30 sample=zero_boundary_040 soc=0.3475 fc=0
progress step=10000 round=1/40 episode=19/30 sample=zero_boundary_040 soc=0.4215 fc=240
progress step=10050 round=1/40 episode=19/30 sample=zero_boundary_040 soc=0.4603 fc=230
progress step=10100 round=1/40 episode=19/30 sample=zero_boundary_040 soc=0.3760 fc=140
progress step=10150 round=1/40 episode=19/30 sample=zero_boundary_040 soc=0.2421 fc=240
progress step=10200 round=1/40 episode=20/30 sample=zero_boundary_041 soc=0.6337 fc=50
progress step=10250 round=1/40 episode=20/30 sample=zero_boundary_041 soc=0.5385 fc=470
progress step=10300 round=1/40 episode=20/30 sample=zero_boundary_041 soc=0.3084 fc=420
progress step=10350 round=1/40 episode=21/30 sample=zero_boundary_042 soc=0.6912 fc=580
progress step=10400 round=1/40 episode=21/30 sample=zero_boundary_042 soc=0.6122 fc=250
progress step=10450 round=1/40 episode=21/30 sample=zero_boundary_042 soc=0.4386 fc=520
progress step=10500 round=1/40 episode=21/30 sample=zero_boundary_042 soc=0.2064 fc=180
progress step=10550 round=1/40 episode=21/30 sample=zero_boundary_042 soc=0.2019 fc=480
progress step=10600 round=1/40 episode=21/30 sample=zero_boundary_042 soc=0.2776 fc=370
progress step=10650 round=1/40 episode=21/30 sample=zero_boundary_042 soc=0.2003 fc=560
progress step=10700 round=1/40 episode=22/30 sample=zero_boundary_044 soc=0.6346 fc=140
progress step=10750 round=1/40 episode=22/30 sample=zero_boundary_044 soc=0.5430 fc=440
progress step=10800 round=1/40 episode=22/30 sample=zero_boundary_044 soc=0.3526 fc=30
progress step=10850 round=1/40 episode=23/30 sample=zero_boundary_045 soc=0.6936 fc=20
progress step=10900 round=1/40 episode=23/30 sample=zero_boundary_045 soc=0.6259 fc=550
progress step=10950 round=1/40 episode=23/30 sample=zero_boundary_045 soc=0.5322 fc=390
progress step=11000 round=1/40 episode=23/30 sample=zero_boundary_045 soc=0.3165 fc=340
progress step=11050 round=1/40 episode=24/30 sample=zero_boundary_046 soc=0.5822 fc=10
progress step=11100 round=1/40 episode=24/30 sample=zero_boundary_046 soc=0.4641 fc=200
progress step=11150 round=1/40 episode=24/30 sample=zero_boundary_046 soc=0.2403 fc=550
progress step=11200 round=1/40 episode=25/30 sample=zero_boundary_048 soc=0.6759 fc=180
progress step=11250 round=1/40 episode=25/30 sample=zero_boundary_048 soc=0.4958 fc=200
progress step=11300 round=1/40 episode=25/30 sample=zero_boundary_048 soc=0.3722 fc=560
progress step=11350 round=1/40 episode=25/30 sample=zero_boundary_048 soc=0.4282 fc=240
progress step=11400 round=1/40 episode=25/30 sample=zero_boundary_048 soc=0.4750 fc=450
progress step=11450 round=1/40 episode=25/30 sample=zero_boundary_048 soc=0.5204 fc=130
progress step=11500 round=1/40 episode=26/30 sample=zero_boundary_049 soc=0.7051 fc=510
progress step=11550 round=1/40 episode=26/30 sample=zero_boundary_049 soc=0.7054 fc=210
progress step=11600 round=1/40 episode=26/30 sample=zero_boundary_049 soc=0.6745 fc=220
progress step=11650 round=1/40 episode=26/30 sample=zero_boundary_049 soc=0.6718 fc=320
progress step=11700 round=1/40 episode=26/30 sample=zero_boundary_049 soc=0.7701 fc=140
progress step=11750 round=1/40 episode=27/30 sample=zero_boundary_050 soc=0.6720 fc=140
progress step=11800 round=1/40 episode=27/30 sample=zero_boundary_050 soc=0.5255 fc=460
progress step=11850 round=1/40 episode=27/30 sample=zero_boundary_050 soc=0.3720 fc=450
progress step=11900 round=1/40 episode=27/30 sample=zero_boundary_050 soc=0.2619 fc=140
progress step=11950 round=1/40 episode=28/30 sample=zero_boundary_051 soc=0.6173 fc=370
progress step=12000 round=1/40 episode=28/30 sample=zero_boundary_051 soc=0.6407 fc=70
progress step=12050 round=1/40 episode=28/30 sample=zero_boundary_051 soc=0.6467 fc=510
progress step=12100 round=1/40 episode=29/30 sample=zero_boundary_052 soc=0.6707 fc=470
progress step=12150 round=1/40 episode=29/30 sample=zero_boundary_052 soc=0.5322 fc=450
progress step=12200 round=1/40 episode=29/30 sample=zero_boundary_052 soc=0.3740 fc=70
progress step=12250 round=1/40 episode=29/30 sample=zero_boundary_052 soc=0.4330 fc=100
progress step=12300 round=1/40 episode=29/30 sample=zero_boundary_052 soc=0.5545 fc=510
progress step=12350 round=1/40 episode=30/30 sample=zero_boundary_053 soc=0.7135 fc=210
progress step=12400 round=1/40 episode=30/30 sample=zero_boundary_053 soc=0.5670 fc=50
progress step=12450 round=1/40 episode=30/30 sample=zero_boundary_053 soc=0.5343 fc=340
progress step=12500 round=1/40 episode=30/30 sample=zero_boundary_053 soc=0.5609 fc=270
progress step=12550 round=1/40 episode=30/30 sample=zero_boundary_053 soc=0.6447 fc=540
round 1/40 exploratory=20/30 greedy_train start
MONITOR round=1 exploratory=20/30 greedy_train=11/30 validation=SKIPPED cost=None updates=784 best_round=None
round 2/40 start epsilon=0.9756
progress step=12600 round=2/40 episode=1/30 sample=zero_boundary_002 soc=0.7241 fc=400
progress step=12650 round=2/40 episode=1/30 sample=zero_boundary_002 soc=0.4884 fc=580
progress step=12700 round=2/40 episode=2/30 sample=zero_boundary_005 soc=0.6263 fc=140
progress step=12750 round=2/40 episode=2/30 sample=zero_boundary_005 soc=0.6416 fc=70
progress step=12800 round=2/40 episode=2/30 sample=zero_boundary_005 soc=0.4692 fc=490
progress step=12850 round=2/40 episode=2/30 sample=zero_boundary_005 soc=0.4411 fc=30
progress step=12900 round=2/40 episode=2/30 sample=zero_boundary_005 soc=0.3896 fc=170
progress step=12950 round=2/40 episode=2/30 sample=zero_boundary_005 soc=0.3433 fc=30
progress step=13000 round=2/40 episode=3/30 sample=zero_boundary_006 soc=0.6324 fc=410
progress step=13050 round=2/40 episode=3/30 sample=zero_boundary_006 soc=0.7664 fc=150
progress step=13100 round=2/40 episode=3/30 sample=zero_boundary_006 soc=0.7988 fc=10
progress step=13150 round=2/40 episode=3/30 sample=zero_boundary_006 soc=0.7959 fc=230
progress step=13200 round=2/40 episode=3/30 sample=zero_boundary_006 soc=0.7969 fc=0
progress step=13250 round=2/40 episode=3/30 sample=zero_boundary_006 soc=0.7988 fc=230
progress step=13300 round=2/40 episode=3/30 sample=zero_boundary_006 soc=0.7997 fc=140
progress step=13350 round=2/40 episode=4/30 sample=zero_boundary_007 soc=0.6304 fc=420
progress step=13400 round=2/40 episode=4/30 sample=zero_boundary_007 soc=0.5866 fc=340
progress step=13450 round=2/40 episode=4/30 sample=zero_boundary_007 soc=0.5648 fc=10
progress step=13500 round=2/40 episode=4/30 sample=zero_boundary_007 soc=0.6059 fc=460
progress step=13550 round=2/40 episode=4/30 sample=zero_boundary_007 soc=0.6005 fc=0
progress step=13600 round=2/40 episode=4/30 sample=zero_boundary_007 soc=0.5479 fc=20
progress step=13650 round=2/40 episode=5/30 sample=zero_boundary_008 soc=0.6603 fc=450
progress step=13700 round=2/40 episode=5/30 sample=zero_boundary_008 soc=0.2597 fc=10
progress step=13750 round=2/40 episode=6/30 sample=zero_boundary_011 soc=0.7734 fc=80
progress step=13800 round=2/40 episode=6/30 sample=zero_boundary_011 soc=0.7537 fc=250
progress step=13850 round=2/40 episode=6/30 sample=zero_boundary_011 soc=0.5872 fc=250
progress step=13900 round=2/40 episode=6/30 sample=zero_boundary_011 soc=0.4354 fc=580
progress step=13950 round=2/40 episode=6/30 sample=zero_boundary_011 soc=0.3126 fc=340
progress step=14000 round=2/40 episode=6/30 sample=zero_boundary_011 soc=0.2227 fc=310
progress step=14050 round=2/40 episode=6/30 sample=zero_boundary_011 soc=0.4763 fc=0
progress step=14100 round=2/40 episode=6/30 sample=zero_boundary_011 soc=0.6513 fc=290
progress step=14150 round=2/40 episode=6/30 sample=zero_boundary_011 soc=0.7997 fc=20
progress step=14200 round=2/40 episode=6/30 sample=zero_boundary_011 soc=0.7975 fc=200
progress step=14250 round=2/40 episode=6/30 sample=zero_boundary_011 soc=0.7833 fc=240
progress step=14300 round=2/40 episode=6/30 sample=zero_boundary_011 soc=0.7962 fc=480
progress step=14350 round=2/40 episode=6/30 sample=zero_boundary_011 soc=0.7933 fc=320
progress step=14400 round=2/40 episode=6/30 sample=zero_boundary_011 soc=0.7697 fc=400
progress step=14450 round=2/40 episode=7/30 sample=zero_boundary_013 soc=0.6033 fc=300
progress step=14500 round=2/40 episode=7/30 sample=zero_boundary_013 soc=0.7414 fc=220
progress step=14550 round=2/40 episode=7/30 sample=zero_boundary_013 soc=0.7550 fc=160
progress step=14600 round=2/40 episode=7/30 sample=zero_boundary_013 soc=0.7016 fc=140
progress step=14650 round=2/40 episode=7/30 sample=zero_boundary_013 soc=0.6744 fc=580
progress step=14700 round=2/40 episode=7/30 sample=zero_boundary_013 soc=0.7263 fc=480
progress step=14750 round=2/40 episode=7/30 sample=zero_boundary_013 soc=0.7427 fc=120
progress step=14800 round=2/40 episode=8/30 sample=zero_boundary_015 soc=0.6277 fc=430
progress step=14850 round=2/40 episode=8/30 sample=zero_boundary_015 soc=0.6589 fc=530
progress step=14900 round=2/40 episode=8/30 sample=zero_boundary_015 soc=0.6288 fc=390
progress step=14950 round=2/40 episode=9/30 sample=zero_boundary_016 soc=0.6424 fc=200
progress step=15000 round=2/40 episode=9/30 sample=zero_boundary_016 soc=0.7904 fc=160
progress step=15050 round=2/40 episode=9/30 sample=zero_boundary_016 soc=0.6411 fc=190
progress step=15100 round=2/40 episode=9/30 sample=zero_boundary_016 soc=0.4471 fc=600
progress step=15150 round=2/40 episode=10/30 sample=zero_boundary_017 soc=0.6032 fc=410
progress step=15200 round=2/40 episode=10/30 sample=zero_boundary_017 soc=0.5013 fc=320
progress step=15250 round=2/40 episode=10/30 sample=zero_boundary_017 soc=0.2388 fc=570
progress step=15300 round=2/40 episode=11/30 sample=zero_boundary_020 soc=0.6277 fc=390
progress step=15350 round=2/40 episode=11/30 sample=zero_boundary_020 soc=0.6320 fc=430
progress step=15400 round=2/40 episode=12/30 sample=zero_boundary_021 soc=0.6627 fc=60
progress step=15450 round=2/40 episode=12/30 sample=zero_boundary_021 soc=0.7344 fc=330
progress step=15500 round=2/40 episode=12/30 sample=zero_boundary_021 soc=0.6321 fc=340
progress step=15550 round=2/40 episode=12/30 sample=zero_boundary_021 soc=0.5202 fc=510
progress step=15600 round=2/40 episode=12/30 sample=zero_boundary_021 soc=0.5148 fc=130
progress step=15650 round=2/40 episode=13/30 sample=zero_boundary_022 soc=0.6605 fc=570
progress step=15700 round=2/40 episode=13/30 sample=zero_boundary_022 soc=0.6419 fc=230
progress step=15750 round=2/40 episode=13/30 sample=zero_boundary_022 soc=0.6880 fc=70
progress step=15800 round=2/40 episode=14/30 sample=zero_boundary_029 soc=0.6471 fc=580
progress step=15850 round=2/40 episode=14/30 sample=zero_boundary_029 soc=0.7284 fc=280
progress step=15900 round=2/40 episode=14/30 sample=zero_boundary_029 soc=0.6696 fc=220
progress step=15950 round=2/40 episode=14/30 sample=zero_boundary_029 soc=0.6818 fc=540
progress step=16000 round=2/40 episode=14/30 sample=zero_boundary_029 soc=0.7229 fc=130
progress step=16050 round=2/40 episode=14/30 sample=zero_boundary_029 soc=0.7355 fc=490
progress step=16100 round=2/40 episode=14/30 sample=zero_boundary_029 soc=0.7770 fc=480
progress step=16150 round=2/40 episode=14/30 sample=zero_boundary_029 soc=0.7999 fc=0
progress step=16200 round=2/40 episode=14/30 sample=zero_boundary_029 soc=0.7999 fc=0
progress step=16250 round=2/40 episode=14/30 sample=zero_boundary_029 soc=0.7999 fc=0
progress step=16300 round=2/40 episode=14/30 sample=zero_boundary_029 soc=0.7999 fc=0
progress step=16350 round=2/40 episode=14/30 sample=zero_boundary_029 soc=0.7999 fc=0
progress step=16400 round=2/40 episode=14/30 sample=zero_boundary_029 soc=0.7999 fc=0
progress step=16450 round=2/40 episode=14/30 sample=zero_boundary_029 soc=0.7999 fc=0
progress step=16500 round=2/40 episode=14/30 sample=zero_boundary_029 soc=0.7999 fc=0
progress step=16550 round=2/40 episode=14/30 sample=zero_boundary_029 soc=0.7999 fc=0
progress step=16600 round=2/40 episode=14/30 sample=zero_boundary_029 soc=0.7999 fc=0
progress step=16650 round=2/40 episode=14/30 sample=zero_boundary_029 soc=0.7999 fc=0
progress step=16700 round=2/40 episode=14/30 sample=zero_boundary_029 soc=0.7962 fc=50
progress step=16750 round=2/40 episode=14/30 sample=zero_boundary_029 soc=0.7805 fc=320
progress step=16800 round=2/40 episode=14/30 sample=zero_boundary_029 soc=0.7859 fc=180
progress step=16850 round=2/40 episode=14/30 sample=zero_boundary_029 soc=0.7995 fc=0
progress step=16900 round=2/40 episode=15/30 sample=zero_boundary_033 soc=0.7194 fc=590
progress step=16950 round=2/40 episode=15/30 sample=zero_boundary_033 soc=0.7086 fc=110
progress step=17000 round=2/40 episode=15/30 sample=zero_boundary_033 soc=0.5982 fc=0
progress step=17050 round=2/40 episode=15/30 sample=zero_boundary_033 soc=0.5289 fc=150
progress step=17100 round=2/40 episode=15/30 sample=zero_boundary_033 soc=0.5844 fc=0
progress step=17150 round=2/40 episode=15/30 sample=zero_boundary_033 soc=0.4188 fc=440
progress step=17200 round=2/40 episode=15/30 sample=zero_boundary_033 soc=0.4166 fc=280
progress step=17250 round=2/40 episode=15/30 sample=zero_boundary_033 soc=0.5888 fc=370
progress step=17300 round=2/40 episode=15/30 sample=zero_boundary_033 soc=0.7724 fc=80
progress step=17350 round=2/40 episode=15/30 sample=zero_boundary_033 soc=0.7999 fc=0
progress step=17400 round=2/40 episode=15/30 sample=zero_boundary_033 soc=0.8000 fc=0
progress step=17450 round=2/40 episode=15/30 sample=zero_boundary_033 soc=0.8000 fc=0
progress step=17500 round=2/40 episode=15/30 sample=zero_boundary_033 soc=0.8000 fc=0
progress step=17550 round=2/40 episode=15/30 sample=zero_boundary_033 soc=0.8000 fc=0
progress step=17600 round=2/40 episode=15/30 sample=zero_boundary_033 soc=0.8000 fc=0
progress step=17650 round=2/40 episode=15/30 sample=zero_boundary_033 soc=0.7998 fc=40
progress step=17700 round=2/40 episode=15/30 sample=zero_boundary_033 soc=0.7995 fc=0
progress step=17750 round=2/40 episode=15/30 sample=zero_boundary_033 soc=0.7996 fc=20
progress step=17800 round=2/40 episode=15/30 sample=zero_boundary_033 soc=0.7997 fc=20
progress step=17850 round=2/40 episode=16/30 sample=zero_boundary_034 soc=0.6993 fc=230
progress step=17900 round=2/40 episode=16/30 sample=zero_boundary_034 soc=0.7999 fc=0
progress step=17950 round=2/40 episode=16/30 sample=zero_boundary_034 soc=0.7999 fc=0
progress step=18000 round=2/40 episode=16/30 sample=zero_boundary_034 soc=0.7999 fc=0
progress step=18050 round=2/40 episode=16/30 sample=zero_boundary_034 soc=0.7999 fc=0
progress step=18100 round=2/40 episode=16/30 sample=zero_boundary_034 soc=0.7999 fc=0
progress step=18150 round=2/40 episode=16/30 sample=zero_boundary_034 soc=0.7999 fc=0
progress step=18200 round=2/40 episode=16/30 sample=zero_boundary_034 soc=0.7999 fc=0
progress step=18250 round=2/40 episode=16/30 sample=zero_boundary_034 soc=0.7999 fc=0
progress step=18300 round=2/40 episode=16/30 sample=zero_boundary_034 soc=0.7999 fc=0
progress step=18350 round=2/40 episode=16/30 sample=zero_boundary_034 soc=0.7999 fc=0
progress step=18400 round=2/40 episode=16/30 sample=zero_boundary_034 soc=0.7999 fc=0
progress step=18450 round=2/40 episode=16/30 sample=zero_boundary_034 soc=0.7999 fc=0
progress step=18500 round=2/40 episode=16/30 sample=zero_boundary_034 soc=0.7999 fc=0
progress step=18550 round=2/40 episode=16/30 sample=zero_boundary_034 soc=0.7999 fc=0
progress step=18600 round=2/40 episode=16/30 sample=zero_boundary_034 soc=0.7999 fc=0
progress step=18650 round=2/40 episode=16/30 sample=zero_boundary_034 soc=0.7999 fc=0
progress step=18700 round=2/40 episode=16/30 sample=zero_boundary_034 soc=0.7994 fc=20
progress step=18750 round=2/40 episode=16/30 sample=zero_boundary_034 soc=0.7988 fc=60
progress step=18800 round=2/40 episode=16/30 sample=zero_boundary_034 soc=0.7963 fc=370
progress step=18850 round=2/40 episode=16/30 sample=zero_boundary_034 soc=0.7927 fc=470
progress step=18900 round=2/40 episode=16/30 sample=zero_boundary_034 soc=0.7984 fc=80
progress step=18950 round=2/40 episode=16/30 sample=zero_boundary_034 soc=0.7992 fc=40
progress step=19000 round=2/40 episode=16/30 sample=zero_boundary_034 soc=0.7998 fc=20
progress step=19050 round=2/40 episode=16/30 sample=zero_boundary_034 soc=0.7999 fc=0
progress step=19100 round=2/40 episode=16/30 sample=zero_boundary_034 soc=0.7999 fc=0
progress step=19150 round=2/40 episode=16/30 sample=zero_boundary_034 soc=0.7999 fc=0
progress step=19200 round=2/40 episode=16/30 sample=zero_boundary_034 soc=0.7999 fc=0
progress step=19250 round=2/40 episode=16/30 sample=zero_boundary_034 soc=0.7999 fc=0
progress step=19300 round=2/40 episode=16/30 sample=zero_boundary_034 soc=0.7999 fc=0
progress step=19350 round=2/40 episode=16/30 sample=zero_boundary_034 soc=0.7999 fc=0
progress step=19400 round=2/40 episode=16/30 sample=zero_boundary_034 soc=0.7999 fc=0
progress step=19450 round=2/40 episode=16/30 sample=zero_boundary_034 soc=0.7996 fc=20
progress step=19500 round=2/40 episode=17/30 sample=zero_boundary_037 soc=0.6730 fc=550
progress step=19550 round=2/40 episode=17/30 sample=zero_boundary_037 soc=0.7050 fc=20
progress step=19600 round=2/40 episode=17/30 sample=zero_boundary_037 soc=0.7405 fc=100
progress step=19650 round=2/40 episode=17/30 sample=zero_boundary_037 soc=0.7806 fc=370
progress step=19700 round=2/40 episode=17/30 sample=zero_boundary_037 soc=0.7661 fc=550
progress step=19750 round=2/40 episode=17/30 sample=zero_boundary_037 soc=0.7051 fc=410
progress step=19800 round=2/40 episode=17/30 sample=zero_boundary_037 soc=0.5797 fc=110
progress step=19850 round=2/40 episode=17/30 sample=zero_boundary_037 soc=0.6342 fc=490
progress step=19900 round=2/40 episode=17/30 sample=zero_boundary_037 soc=0.7585 fc=510
progress step=19950 round=2/40 episode=17/30 sample=zero_boundary_037 soc=0.7991 fc=130
progress step=20000 round=2/40 episode=17/30 sample=zero_boundary_037 soc=0.7997 fc=50
progress step=20050 round=2/40 episode=17/30 sample=zero_boundary_037 soc=0.7987 fc=30
progress step=20100 round=2/40 episode=17/30 sample=zero_boundary_037 soc=0.8000 fc=40
progress step=20150 round=2/40 episode=17/30 sample=zero_boundary_037 soc=0.7978 fc=100
progress step=20200 round=2/40 episode=17/30 sample=zero_boundary_037 soc=0.7984 fc=150
progress step=20250 round=2/40 episode=17/30 sample=zero_boundary_037 soc=0.7999 fc=10
progress step=20300 round=2/40 episode=17/30 sample=zero_boundary_037 soc=0.7992 fc=70
progress step=20350 round=2/40 episode=17/30 sample=zero_boundary_037 soc=0.7995 fc=100
progress step=20400 round=2/40 episode=17/30 sample=zero_boundary_037 soc=0.7980 fc=110
progress step=20450 round=2/40 episode=17/30 sample=zero_boundary_037 soc=0.7988 fc=60
progress step=20500 round=2/40 episode=17/30 sample=zero_boundary_037 soc=0.7999 fc=0
progress step=20550 round=2/40 episode=17/30 sample=zero_boundary_037 soc=0.7999 fc=0
progress step=20600 round=2/40 episode=17/30 sample=zero_boundary_037 soc=0.7997 fc=0
progress step=20650 round=2/40 episode=17/30 sample=zero_boundary_037 soc=0.7998 fc=20
progress step=20700 round=2/40 episode=17/30 sample=zero_boundary_037 soc=0.7957 fc=70
progress step=20750 round=2/40 episode=17/30 sample=zero_boundary_037 soc=0.7997 fc=0
progress step=20800 round=2/40 episode=17/30 sample=zero_boundary_037 soc=0.7991 fc=100
progress step=20850 round=2/40 episode=17/30 sample=zero_boundary_037 soc=0.7989 fc=70
progress step=20900 round=2/40 episode=17/30 sample=zero_boundary_037 soc=0.7996 fc=50
progress step=20950 round=2/40 episode=17/30 sample=zero_boundary_037 soc=0.7996 fc=50
progress step=21000 round=2/40 episode=17/30 sample=zero_boundary_037 soc=0.7996 fc=30
progress step=21050 round=2/40 episode=17/30 sample=zero_boundary_037 soc=0.7993 fc=20
progress step=21100 round=2/40 episode=17/30 sample=zero_boundary_037 soc=0.7996 fc=0
progress step=21150 round=2/40 episode=17/30 sample=zero_boundary_037 soc=0.7991 fc=30
progress step=21200 round=2/40 episode=17/30 sample=zero_boundary_037 soc=0.7997 fc=20
progress step=21250 round=2/40 episode=17/30 sample=zero_boundary_037 soc=0.7981 fc=20
progress step=21300 round=2/40 episode=17/30 sample=zero_boundary_037 soc=0.8000 fc=0
progress step=21350 round=2/40 episode=17/30 sample=zero_boundary_037 soc=0.8000 fc=0
progress step=21400 round=2/40 episode=18/30 sample=zero_boundary_038 soc=0.6787 fc=460
progress step=21450 round=2/40 episode=18/30 sample=zero_boundary_038 soc=0.6233 fc=60
progress step=21500 round=2/40 episode=18/30 sample=zero_boundary_038 soc=0.6103 fc=470
progress step=21550 round=2/40 episode=18/30 sample=zero_boundary_038 soc=0.5286 fc=160
progress step=21600 round=2/40 episode=18/30 sample=zero_boundary_038 soc=0.4028 fc=400
progress step=21650 round=2/40 episode=18/30 sample=zero_boundary_038 soc=0.3497 fc=480
progress step=21700 round=2/40 episode=18/30 sample=zero_boundary_038 soc=0.4771 fc=330
progress step=21750 round=2/40 episode=18/30 sample=zero_boundary_038 soc=0.6230 fc=40
progress step=21800 round=2/40 episode=18/30 sample=zero_boundary_038 soc=0.7968 fc=20
progress step=21850 round=2/40 episode=18/30 sample=zero_boundary_038 soc=0.7638 fc=10
progress step=21900 round=2/40 episode=18/30 sample=zero_boundary_038 soc=0.7180 fc=120
progress step=21950 round=2/40 episode=18/30 sample=zero_boundary_038 soc=0.6336 fc=550
progress step=22000 round=2/40 episode=18/30 sample=zero_boundary_038 soc=0.6147 fc=190
progress step=22050 round=2/40 episode=18/30 sample=zero_boundary_038 soc=0.7057 fc=310
progress step=22100 round=2/40 episode=19/30 sample=zero_boundary_040 soc=0.6174 fc=430
progress step=22150 round=2/40 episode=19/30 sample=zero_boundary_040 soc=0.5344 fc=280
progress step=22200 round=2/40 episode=19/30 sample=zero_boundary_040 soc=0.4819 fc=50
progress step=22250 round=2/40 episode=19/30 sample=zero_boundary_040 soc=0.3770 fc=50
progress step=22300 round=2/40 episode=19/30 sample=zero_boundary_040 soc=0.3933 fc=270
progress step=22350 round=2/40 episode=19/30 sample=zero_boundary_040 soc=0.3820 fc=120
progress step=22400 round=2/40 episode=19/30 sample=zero_boundary_040 soc=0.4882 fc=110
progress step=22450 round=2/40 episode=19/30 sample=zero_boundary_040 soc=0.4631 fc=410
progress step=22500 round=2/40 episode=19/30 sample=zero_boundary_040 soc=0.3695 fc=180
progress step=22550 round=2/40 episode=19/30 sample=zero_boundary_040 soc=0.3080 fc=180
progress step=22600 round=2/40 episode=20/30 sample=zero_boundary_041 soc=0.5920 fc=60
progress step=22650 round=2/40 episode=20/30 sample=zero_boundary_041 soc=0.4693 fc=470
progress step=22700 round=2/40 episode=21/30 sample=zero_boundary_042 soc=0.6438 fc=590
progress step=22750 round=2/40 episode=21/30 sample=zero_boundary_042 soc=0.6619 fc=50
progress step=22800 round=2/40 episode=21/30 sample=zero_boundary_042 soc=0.4686 fc=120
progress step=22850 round=2/40 episode=21/30 sample=zero_boundary_042 soc=0.2140 fc=390
progress step=22900 round=2/40 episode=21/30 sample=zero_boundary_042 soc=0.2006 fc=570
progress step=22950 round=2/40 episode=21/30 sample=zero_boundary_042 soc=0.2011 fc=540
progress step=23000 round=2/40 episode=21/30 sample=zero_boundary_042 soc=0.2422 fc=20
progress step=23050 round=2/40 episode=22/30 sample=zero_boundary_044 soc=0.6170 fc=400
progress step=23100 round=2/40 episode=22/30 sample=zero_boundary_044 soc=0.6087 fc=490
progress step=23150 round=2/40 episode=22/30 sample=zero_boundary_044 soc=0.4318 fc=120
progress step=23200 round=2/40 episode=23/30 sample=zero_boundary_045 soc=0.6368 fc=270
progress step=23250 round=2/40 episode=23/30 sample=zero_boundary_045 soc=0.6257 fc=540
progress step=23300 round=2/40 episode=23/30 sample=zero_boundary_045 soc=0.5356 fc=470
progress step=23350 round=2/40 episode=23/30 sample=zero_boundary_045 soc=0.3989 fc=180
progress step=23400 round=2/40 episode=24/30 sample=zero_boundary_046 soc=0.6040 fc=190
progress step=23450 round=2/40 episode=24/30 sample=zero_boundary_046 soc=0.5178 fc=520
progress step=23500 round=2/40 episode=24/30 sample=zero_boundary_046 soc=0.3749 fc=410
progress step=23550 round=2/40 episode=25/30 sample=zero_boundary_048 soc=0.6486 fc=330
progress step=23600 round=2/40 episode=25/30 sample=zero_boundary_048 soc=0.5104 fc=290
progress step=23650 round=2/40 episode=25/30 sample=zero_boundary_048 soc=0.3651 fc=410
progress step=23700 round=2/40 episode=25/30 sample=zero_boundary_048 soc=0.2927 fc=110
progress step=23750 round=2/40 episode=25/30 sample=zero_boundary_048 soc=0.3864 fc=200
progress step=23800 round=2/40 episode=25/30 sample=zero_boundary_048 soc=0.3587 fc=390
progress step=23850 round=2/40 episode=26/30 sample=zero_boundary_049 soc=0.6447 fc=410
progress step=23900 round=2/40 episode=26/30 sample=zero_boundary_049 soc=0.6175 fc=340
progress step=23950 round=2/40 episode=26/30 sample=zero_boundary_049 soc=0.5787 fc=230
progress step=24000 round=2/40 episode=26/30 sample=zero_boundary_049 soc=0.5593 fc=390
progress step=24050 round=2/40 episode=26/30 sample=zero_boundary_049 soc=0.5881 fc=10
progress step=24100 round=2/40 episode=27/30 sample=zero_boundary_050 soc=0.6234 fc=520
progress step=24150 round=2/40 episode=27/30 sample=zero_boundary_050 soc=0.5979 fc=270
progress step=24200 round=2/40 episode=27/30 sample=zero_boundary_050 soc=0.4605 fc=180
progress step=24250 round=2/40 episode=27/30 sample=zero_boundary_050 soc=0.3504 fc=410
progress step=24300 round=2/40 episode=28/30 sample=zero_boundary_051 soc=0.6056 fc=390
progress step=24350 round=2/40 episode=28/30 sample=zero_boundary_051 soc=0.6417 fc=290
progress step=24400 round=2/40 episode=28/30 sample=zero_boundary_051 soc=0.6397 fc=290
progress step=24450 round=2/40 episode=29/30 sample=zero_boundary_052 soc=0.6203 fc=300
progress step=24500 round=2/40 episode=29/30 sample=zero_boundary_052 soc=0.5903 fc=280
progress step=24550 round=2/40 episode=29/30 sample=zero_boundary_052 soc=0.3687 fc=530
progress step=24600 round=2/40 episode=29/30 sample=zero_boundary_052 soc=0.3456 fc=70
progress step=24650 round=2/40 episode=29/30 sample=zero_boundary_052 soc=0.4618 fc=160
progress step=24700 round=2/40 episode=30/30 sample=zero_boundary_053 soc=0.6505 fc=120
progress step=24750 round=2/40 episode=30/30 sample=zero_boundary_053 soc=0.6136 fc=270
progress step=24800 round=2/40 episode=30/30 sample=zero_boundary_053 soc=0.4794 fc=460
progress step=24850 round=2/40 episode=30/30 sample=zero_boundary_053 soc=0.5364 fc=300
progress step=24900 round=2/40 episode=30/30 sample=zero_boundary_053 soc=0.5220 fc=30
round 2/40 exploratory=19/30 greedy_train start
MONITOR round=2 exploratory=19/30 greedy_train=13/30 validation=SKIPPED cost=None updates=1088 best_round=None
round 3/40 start epsilon=0.9513
progress step=24950 round=3/40 episode=1/30 sample=zero_boundary_002 soc=0.6506 fc=170
progress step=25000 round=3/40 episode=1/30 sample=zero_boundary_002 soc=0.6787 fc=100
progress step=25050 round=3/40 episode=1/30 sample=zero_boundary_002 soc=0.3164 fc=550
progress step=25100 round=3/40 episode=1/30 sample=zero_boundary_002 soc=0.4375 fc=220
progress step=25150 round=3/40 episode=1/30 sample=zero_boundary_002 soc=0.3325 fc=410
progress step=25200 round=3/40 episode=1/30 sample=zero_boundary_002 soc=0.4173 fc=370
progress step=25250 round=3/40 episode=2/30 sample=zero_boundary_005 soc=0.6584 fc=170
progress step=25300 round=3/40 episode=2/30 sample=zero_boundary_005 soc=0.6759 fc=470
progress step=25350 round=3/40 episode=2/30 sample=zero_boundary_005 soc=0.5425 fc=250
progress step=25400 round=3/40 episode=2/30 sample=zero_boundary_005 soc=0.4957 fc=10
progress step=25450 round=3/40 episode=2/30 sample=zero_boundary_005 soc=0.3822 fc=60
progress step=25500 round=3/40 episode=2/30 sample=zero_boundary_005 soc=0.3414 fc=10
progress step=25550 round=3/40 episode=3/30 sample=zero_boundary_006 soc=0.6737 fc=180
progress step=25600 round=3/40 episode=3/30 sample=zero_boundary_006 soc=0.7985 fc=240
progress step=25650 round=3/40 episode=3/30 sample=zero_boundary_006 soc=0.7981 fc=180
progress step=25700 round=3/40 episode=3/30 sample=zero_boundary_006 soc=0.7998 fc=0
progress step=25750 round=3/40 episode=3/30 sample=zero_boundary_006 soc=0.7998 fc=10
progress step=25800 round=3/40 episode=3/30 sample=zero_boundary_006 soc=0.7953 fc=0
progress step=25850 round=3/40 episode=3/30 sample=zero_boundary_006 soc=0.7989 fc=180
progress step=25900 round=3/40 episode=4/30 sample=zero_boundary_007 soc=0.6480 fc=330
progress step=25950 round=3/40 episode=4/30 sample=zero_boundary_007 soc=0.5681 fc=590
progress step=26000 round=3/40 episode=4/30 sample=zero_boundary_007 soc=0.5901 fc=90
progress step=26050 round=3/40 episode=4/30 sample=zero_boundary_007 soc=0.6223 fc=240
progress step=26100 round=3/40 episode=4/30 sample=zero_boundary_007 soc=0.6043 fc=30
progress step=26150 round=3/40 episode=4/30 sample=zero_boundary_007 soc=0.5704 fc=120
progress step=26200 round=3/40 episode=5/30 sample=zero_boundary_008 soc=0.6219 fc=140
progress step=26250 round=3/40 episode=6/30 sample=zero_boundary_011 soc=0.6003 fc=320
progress step=26300 round=3/40 episode=6/30 sample=zero_boundary_011 soc=0.7816 fc=230
progress step=26350 round=3/40 episode=6/30 sample=zero_boundary_011 soc=0.7123 fc=270
progress step=26400 round=3/40 episode=6/30 sample=zero_boundary_011 soc=0.5305 fc=350
progress step=26450 round=3/40 episode=6/30 sample=zero_boundary_011 soc=0.3953 fc=90
progress step=26500 round=3/40 episode=6/30 sample=zero_boundary_011 soc=0.2705 fc=510
progress step=26550 round=3/40 episode=6/30 sample=zero_boundary_011 soc=0.2234 fc=420
progress step=26600 round=3/40 episode=6/30 sample=zero_boundary_011 soc=0.4817 fc=380
progress step=26650 round=3/40 episode=6/30 sample=zero_boundary_011 soc=0.6205 fc=320
progress step=26700 round=3/40 episode=6/30 sample=zero_boundary_011 soc=0.7934 fc=500
progress step=26750 round=3/40 episode=6/30 sample=zero_boundary_011 soc=0.7946 fc=200
progress step=26800 round=3/40 episode=6/30 sample=zero_boundary_011 soc=0.7598 fc=540
progress step=26850 round=3/40 episode=6/30 sample=zero_boundary_011 soc=0.7865 fc=210
progress step=26900 round=3/40 episode=6/30 sample=zero_boundary_011 soc=0.7928 fc=180
progress step=26950 round=3/40 episode=6/30 sample=zero_boundary_011 soc=0.7702 fc=180
progress step=27000 round=3/40 episode=7/30 sample=zero_boundary_013 soc=0.6240 fc=130
progress step=27050 round=3/40 episode=7/30 sample=zero_boundary_013 soc=0.7600 fc=330
progress step=27100 round=3/40 episode=7/30 sample=zero_boundary_013 soc=0.7131 fc=420
progress step=27150 round=3/40 episode=7/30 sample=zero_boundary_013 soc=0.6617 fc=540
progress step=27200 round=3/40 episode=7/30 sample=zero_boundary_013 soc=0.6465 fc=60
progress step=27250 round=3/40 episode=7/30 sample=zero_boundary_013 soc=0.6772 fc=350
progress step=27300 round=3/40 episode=7/30 sample=zero_boundary_013 soc=0.6961 fc=510
progress step=27350 round=3/40 episode=8/30 sample=zero_boundary_015 soc=0.6439 fc=460
progress step=27400 round=3/40 episode=8/30 sample=zero_boundary_015 soc=0.6617 fc=320
progress step=27450 round=3/40 episode=8/30 sample=zero_boundary_015 soc=0.5565 fc=110
progress step=27500 round=3/40 episode=9/30 sample=zero_boundary_016 soc=0.6534 fc=290
progress step=27550 round=3/40 episode=9/30 sample=zero_boundary_016 soc=0.7883 fc=460
progress step=27600 round=3/40 episode=9/30 sample=zero_boundary_016 soc=0.6378 fc=530
progress step=27650 round=3/40 episode=9/30 sample=zero_boundary_016 soc=0.4506 fc=390
progress step=27700 round=3/40 episode=10/30 sample=zero_boundary_017 soc=0.6239 fc=470
progress step=27750 round=3/40 episode=10/30 sample=zero_boundary_017 soc=0.4865 fc=170
progress step=27800 round=3/40 episode=10/30 sample=zero_boundary_017 soc=0.2358 fc=160
progress step=27850 round=3/40 episode=11/30 sample=zero_boundary_020 soc=0.6508 fc=290
progress step=27900 round=3/40 episode=11/30 sample=zero_boundary_020 soc=0.6131 fc=420
progress step=27950 round=3/40 episode=12/30 sample=zero_boundary_021 soc=0.6790 fc=60
progress step=28000 round=3/40 episode=12/30 sample=zero_boundary_021 soc=0.7569 fc=520
progress step=28050 round=3/40 episode=12/30 sample=zero_boundary_021 soc=0.6446 fc=60
progress step=28100 round=3/40 episode=12/30 sample=zero_boundary_021 soc=0.5487 fc=570
progress step=28150 round=3/40 episode=12/30 sample=zero_boundary_021 soc=0.5350 fc=290
progress step=28200 round=3/40 episode=13/30 sample=zero_boundary_022 soc=0.6688 fc=360
progress step=28250 round=3/40 episode=13/30 sample=zero_boundary_022 soc=0.6321 fc=60
progress step=28300 round=3/40 episode=13/30 sample=zero_boundary_022 soc=0.6330 fc=550
progress step=28350 round=3/40 episode=14/30 sample=zero_boundary_029 soc=0.6218 fc=180
progress step=28400 round=3/40 episode=14/30 sample=zero_boundary_029 soc=0.7126 fc=420
progress step=28450 round=3/40 episode=14/30 sample=zero_boundary_029 soc=0.6630 fc=550
progress step=28500 round=3/40 episode=14/30 sample=zero_boundary_029 soc=0.6449 fc=180
progress step=28550 round=3/40 episode=14/30 sample=zero_boundary_029 soc=0.6908 fc=460
progress step=28600 round=3/40 episode=14/30 sample=zero_boundary_029 soc=0.7567 fc=60
progress step=28650 round=3/40 episode=14/30 sample=zero_boundary_029 soc=0.7849 fc=20
progress step=28700 round=3/40 episode=14/30 sample=zero_boundary_029 soc=0.8000 fc=0
progress step=28750 round=3/40 episode=14/30 sample=zero_boundary_029 soc=0.8000 fc=0
progress step=28800 round=3/40 episode=14/30 sample=zero_boundary_029 soc=0.8000 fc=0
progress step=28850 round=3/40 episode=14/30 sample=zero_boundary_029 soc=0.8000 fc=0
progress step=28900 round=3/40 episode=14/30 sample=zero_boundary_029 soc=0.8000 fc=0
progress step=28950 round=3/40 episode=14/30 sample=zero_boundary_029 soc=0.8000 fc=0
progress step=29000 round=3/40 episode=14/30 sample=zero_boundary_029 soc=0.8000 fc=0
progress step=29050 round=3/40 episode=14/30 sample=zero_boundary_029 soc=0.8000 fc=0
progress step=29100 round=3/40 episode=14/30 sample=zero_boundary_029 soc=0.8000 fc=0
progress step=29150 round=3/40 episode=14/30 sample=zero_boundary_029 soc=0.8000 fc=0
progress step=29200 round=3/40 episode=14/30 sample=zero_boundary_029 soc=0.8000 fc=0
progress step=29250 round=3/40 episode=14/30 sample=zero_boundary_029 soc=0.7915 fc=160
progress step=29300 round=3/40 episode=14/30 sample=zero_boundary_029 soc=0.7935 fc=430
progress step=29350 round=3/40 episode=14/30 sample=zero_boundary_029 soc=0.7952 fc=510
progress step=29400 round=3/40 episode=14/30 sample=zero_boundary_029 soc=0.7998 fc=10
progress step=29450 round=3/40 episode=15/30 sample=zero_boundary_033 soc=0.7256 fc=260
progress step=29500 round=3/40 episode=15/30 sample=zero_boundary_033 soc=0.7249 fc=270
progress step=29550 round=3/40 episode=15/30 sample=zero_boundary_033 soc=0.6552 fc=160
progress step=29600 round=3/40 episode=15/30 sample=zero_boundary_033 soc=0.6130 fc=520
progress step=29650 round=3/40 episode=15/30 sample=zero_boundary_033 soc=0.6488 fc=390
progress step=29700 round=3/40 episode=15/30 sample=zero_boundary_033 soc=0.5072 fc=330
progress step=29750 round=3/40 episode=15/30 sample=zero_boundary_033 soc=0.5173 fc=440
progress step=29800 round=3/40 episode=15/30 sample=zero_boundary_033 soc=0.7003 fc=100
progress step=29850 round=3/40 episode=15/30 sample=zero_boundary_033 soc=0.7999 fc=0
progress step=29900 round=3/40 episode=15/30 sample=zero_boundary_033 soc=0.7999 fc=0
progress step=29950 round=3/40 episode=15/30 sample=zero_boundary_033 soc=0.7999 fc=0
progress step=30000 round=3/40 episode=15/30 sample=zero_boundary_033 soc=0.7999 fc=0
progress step=30050 round=3/40 episode=15/30 sample=zero_boundary_033 soc=0.7999 fc=0
progress step=30100 round=3/40 episode=15/30 sample=zero_boundary_033 soc=0.7999 fc=0
progress step=30150 round=3/40 episode=15/30 sample=zero_boundary_033 soc=0.8000 fc=0
progress step=30200 round=3/40 episode=15/30 sample=zero_boundary_033 soc=0.8000 fc=20
progress step=30250 round=3/40 episode=15/30 sample=zero_boundary_033 soc=0.7993 fc=10
progress step=30300 round=3/40 episode=15/30 sample=zero_boundary_033 soc=0.7995 fc=50
progress step=30350 round=3/40 episode=15/30 sample=zero_boundary_033 soc=0.7997 fc=50
progress step=30400 round=3/40 episode=16/30 sample=zero_boundary_034 soc=0.6731 fc=550
progress step=30450 round=3/40 episode=16/30 sample=zero_boundary_034 soc=0.8000 fc=0
progress step=30500 round=3/40 episode=16/30 sample=zero_boundary_034 soc=0.8000 fc=0
progress step=30550 round=3/40 episode=16/30 sample=zero_boundary_034 soc=0.8000 fc=0
progress step=30600 round=3/40 episode=16/30 sample=zero_boundary_034 soc=0.8000 fc=0
progress step=30650 round=3/40 episode=16/30 sample=zero_boundary_034 soc=0.8000 fc=0
progress step=30700 round=3/40 episode=16/30 sample=zero_boundary_034 soc=0.8000 fc=0
progress step=30750 round=3/40 episode=16/30 sample=zero_boundary_034 soc=0.8000 fc=0
progress step=30800 round=3/40 episode=16/30 sample=zero_boundary_034 soc=0.8000 fc=0
progress step=30850 round=3/40 episode=16/30 sample=zero_boundary_034 soc=0.8000 fc=0
progress step=30900 round=3/40 episode=16/30 sample=zero_boundary_034 soc=0.8000 fc=0
progress step=30950 round=3/40 episode=16/30 sample=zero_boundary_034 soc=0.8000 fc=0
progress step=31000 round=3/40 episode=16/30 sample=zero_boundary_034 soc=0.8000 fc=0
progress step=31050 round=3/40 episode=16/30 sample=zero_boundary_034 soc=0.8000 fc=0
progress step=31100 round=3/40 episode=16/30 sample=zero_boundary_034 soc=0.8000 fc=0
progress step=31150 round=3/40 episode=16/30 sample=zero_boundary_034 soc=0.8000 fc=0
progress step=31200 round=3/40 episode=16/30 sample=zero_boundary_034 soc=0.8000 fc=0
progress step=31250 round=3/40 episode=16/30 sample=zero_boundary_034 soc=0.7991 fc=110
progress step=31300 round=3/40 episode=16/30 sample=zero_boundary_034 soc=0.7980 fc=0
progress step=31350 round=3/40 episode=16/30 sample=zero_boundary_034 soc=0.7960 fc=230
progress step=31400 round=3/40 episode=16/30 sample=zero_boundary_034 soc=0.7986 fc=30
progress step=31450 round=3/40 episode=16/30 sample=zero_boundary_034 soc=0.7955 fc=530
progress step=31500 round=3/40 episode=16/30 sample=zero_boundary_034 soc=0.7992 fc=70
progress step=31550 round=3/40 episode=16/30 sample=zero_boundary_034 soc=0.7998 fc=10
progress step=31600 round=3/40 episode=16/30 sample=zero_boundary_034 soc=0.7999 fc=0
progress step=31650 round=3/40 episode=16/30 sample=zero_boundary_034 soc=0.7999 fc=0
progress step=31700 round=3/40 episode=16/30 sample=zero_boundary_034 soc=0.7999 fc=0
progress step=31750 round=3/40 episode=16/30 sample=zero_boundary_034 soc=0.7999 fc=0
progress step=31800 round=3/40 episode=16/30 sample=zero_boundary_034 soc=0.7999 fc=0
progress step=31850 round=3/40 episode=16/30 sample=zero_boundary_034 soc=0.7999 fc=0
progress step=31900 round=3/40 episode=16/30 sample=zero_boundary_034 soc=0.7999 fc=0
progress step=31950 round=3/40 episode=16/30 sample=zero_boundary_034 soc=0.7999 fc=0
progress step=32000 round=3/40 episode=16/30 sample=zero_boundary_034 soc=0.7993 fc=40
progress step=32050 round=3/40 episode=17/30 sample=zero_boundary_037 soc=0.6818 fc=290
progress step=32100 round=3/40 episode=17/30 sample=zero_boundary_037 soc=0.7290 fc=70
progress step=32150 round=3/40 episode=17/30 sample=zero_boundary_037 soc=0.7688 fc=560
progress step=32200 round=3/40 episode=17/30 sample=zero_boundary_037 soc=0.7921 fc=40
progress step=32250 round=3/40 episode=17/30 sample=zero_boundary_037 soc=0.7661 fc=250
progress step=32300 round=3/40 episode=17/30 sample=zero_boundary_037 soc=0.7081 fc=590
progress step=32350 round=3/40 episode=17/30 sample=zero_boundary_037 soc=0.5683 fc=560
progress step=32400 round=3/40 episode=17/30 sample=zero_boundary_037 soc=0.5793 fc=220
progress step=32450 round=3/40 episode=17/30 sample=zero_boundary_037 soc=0.7041 fc=400
progress step=32500 round=3/40 episode=17/30 sample=zero_boundary_037 soc=0.8000 fc=20
progress step=32550 round=3/40 episode=17/30 sample=zero_boundary_037 soc=0.7997 fc=40
progress step=32600 round=3/40 episode=17/30 sample=zero_boundary_037 soc=0.7997 fc=30
progress step=32650 round=3/40 episode=17/30 sample=zero_boundary_037 soc=0.7999 fc=20
progress step=32700 round=3/40 episode=17/30 sample=zero_boundary_037 soc=0.7989 fc=110
progress step=32750 round=3/40 episode=17/30 sample=zero_boundary_037 soc=0.7998 fc=70
progress step=32800 round=3/40 episode=17/30 sample=zero_boundary_037 soc=0.7972 fc=280
progress step=32850 round=3/40 episode=17/30 sample=zero_boundary_037 soc=0.7997 fc=50
progress step=32900 round=3/40 episode=17/30 sample=zero_boundary_037 soc=0.7980 fc=10
progress step=32950 round=3/40 episode=17/30 sample=zero_boundary_037 soc=0.7988 fc=30
progress step=33000 round=3/40 episode=17/30 sample=zero_boundary_037 soc=0.7989 fc=110
progress step=33050 round=3/40 episode=17/30 sample=zero_boundary_037 soc=0.7999 fc=0
progress step=33100 round=3/40 episode=17/30 sample=zero_boundary_037 soc=0.7999 fc=0
progress step=33150 round=3/40 episode=17/30 sample=zero_boundary_037 soc=0.7999 fc=10
progress step=33200 round=3/40 episode=17/30 sample=zero_boundary_037 soc=0.7997 fc=50
progress step=33250 round=3/40 episode=17/30 sample=zero_boundary_037 soc=0.7960 fc=260
progress step=33300 round=3/40 episode=17/30 sample=zero_boundary_037 soc=0.7999 fc=30
progress step=33350 round=3/40 episode=17/30 sample=zero_boundary_037 soc=0.7992 fc=80
progress step=33400 round=3/40 episode=17/30 sample=zero_boundary_037 soc=0.7985 fc=60
progress step=33450 round=3/40 episode=17/30 sample=zero_boundary_037 soc=0.7993 fc=70
progress step=33500 round=3/40 episode=17/30 sample=zero_boundary_037 soc=0.7998 fc=0
progress step=33550 round=3/40 episode=17/30 sample=zero_boundary_037 soc=0.7997 fc=0
progress step=33600 round=3/40 episode=17/30 sample=zero_boundary_037 soc=0.7998 fc=40
progress step=33650 round=3/40 episode=17/30 sample=zero_boundary_037 soc=0.8000 fc=10
progress step=33700 round=3/40 episode=17/30 sample=zero_boundary_037 soc=0.7993 fc=0
progress step=33750 round=3/40 episode=17/30 sample=zero_boundary_037 soc=0.7996 fc=0
progress step=33800 round=3/40 episode=17/30 sample=zero_boundary_037 soc=0.7996 fc=30
progress step=33850 round=3/40 episode=17/30 sample=zero_boundary_037 soc=0.7993 fc=60
progress step=33900 round=3/40 episode=17/30 sample=zero_boundary_037 soc=0.7999 fc=0
progress step=33950 round=3/40 episode=18/30 sample=zero_boundary_038 soc=0.6900 fc=190
progress step=34000 round=3/40 episode=18/30 sample=zero_boundary_038 soc=0.6292 fc=350
progress step=34050 round=3/40 episode=18/30 sample=zero_boundary_038 soc=0.6060 fc=480
progress step=34100 round=3/40 episode=18/30 sample=zero_boundary_038 soc=0.5382 fc=530
progress step=34150 round=3/40 episode=18/30 sample=zero_boundary_038 soc=0.4360 fc=240
progress step=34200 round=3/40 episode=18/30 sample=zero_boundary_038 soc=0.3583 fc=50
progress step=34250 round=3/40 episode=18/30 sample=zero_boundary_038 soc=0.4922 fc=30
progress step=34300 round=3/40 episode=18/30 sample=zero_boundary_038 soc=0.6450 fc=590
progress step=34350 round=3/40 episode=18/30 sample=zero_boundary_038 soc=0.7720 fc=580
progress step=34400 round=3/40 episode=18/30 sample=zero_boundary_038 soc=0.7717 fc=420
progress step=34450 round=3/40 episode=18/30 sample=zero_boundary_038 soc=0.6946 fc=380
progress step=34500 round=3/40 episode=18/30 sample=zero_boundary_038 soc=0.6392 fc=80
progress step=34550 round=3/40 episode=18/30 sample=zero_boundary_038 soc=0.5872 fc=390
progress step=34600 round=3/40 episode=18/30 sample=zero_boundary_038 soc=0.6628 fc=420
progress step=34650 round=3/40 episode=19/30 sample=zero_boundary_040 soc=0.5887 fc=140
progress step=34700 round=3/40 episode=19/30 sample=zero_boundary_040 soc=0.4885 fc=590
progress step=34750 round=3/40 episode=19/30 sample=zero_boundary_040 soc=0.4745 fc=460
progress step=34800 round=3/40 episode=19/30 sample=zero_boundary_040 soc=0.3252 fc=510
progress step=34850 round=3/40 episode=19/30 sample=zero_boundary_040 soc=0.3079 fc=310
progress step=34900 round=3/40 episode=19/30 sample=zero_boundary_040 soc=0.2955 fc=30
progress step=34950 round=3/40 episode=19/30 sample=zero_boundary_040 soc=0.4080 fc=470
progress step=35000 round=3/40 episode=19/30 sample=zero_boundary_040 soc=0.3930 fc=260
progress step=35050 round=3/40 episode=19/30 sample=zero_boundary_040 soc=0.2637 fc=350
progress step=35100 round=3/40 episode=19/30 sample=zero_boundary_040 soc=0.2291 fc=590
progress step=35150 round=3/40 episode=20/30 sample=zero_boundary_041 soc=0.5771 fc=450
progress step=35200 round=3/40 episode=20/30 sample=zero_boundary_041 soc=0.4712 fc=280
progress step=35250 round=3/40 episode=21/30 sample=zero_boundary_042 soc=0.6072 fc=390
progress step=35300 round=3/40 episode=21/30 sample=zero_boundary_042 soc=0.6810 fc=290
progress step=35350 round=3/40 episode=21/30 sample=zero_boundary_042 soc=0.5283 fc=120
progress step=35400 round=3/40 episode=21/30 sample=zero_boundary_042 soc=0.3043 fc=230
progress step=35450 round=3/40 episode=21/30 sample=zero_boundary_042 soc=0.2002 fc=600
progress step=35500 round=3/40 episode=21/30 sample=zero_boundary_042 soc=0.2008 fc=540
progress step=35550 round=3/40 episode=21/30 sample=zero_boundary_042 soc=0.2878 fc=240
progress step=35600 round=3/40 episode=22/30 sample=zero_boundary_044 soc=0.6107 fc=500
progress step=35650 round=3/40 episode=22/30 sample=zero_boundary_044 soc=0.6105 fc=410
progress step=35700 round=3/40 episode=22/30 sample=zero_boundary_044 soc=0.4400 fc=150
progress step=35750 round=3/40 episode=23/30 sample=zero_boundary_045 soc=0.6407 fc=500
progress step=35800 round=3/40 episode=23/30 sample=zero_boundary_045 soc=0.6750 fc=220
progress step=35850 round=3/40 episode=23/30 sample=zero_boundary_045 soc=0.6027 fc=40
progress step=35900 round=3/40 episode=23/30 sample=zero_boundary_045 soc=0.4771 fc=30
progress step=35950 round=3/40 episode=23/30 sample=zero_boundary_045 soc=0.2524 fc=150
progress step=36000 round=3/40 episode=24/30 sample=zero_boundary_046 soc=0.5629 fc=350
progress step=36050 round=3/40 episode=24/30 sample=zero_boundary_046 soc=0.3311 fc=320
progress step=36100 round=3/40 episode=25/30 sample=zero_boundary_048 soc=0.6434 fc=30
progress step=36150 round=3/40 episode=25/30 sample=zero_boundary_048 soc=0.4612 fc=230
progress step=36200 round=3/40 episode=25/30 sample=zero_boundary_048 soc=0.2949 fc=490
progress step=36250 round=3/40 episode=25/30 sample=zero_boundary_048 soc=0.3200 fc=190
progress step=36300 round=3/40 episode=25/30 sample=zero_boundary_048 soc=0.3615 fc=130
progress step=36350 round=3/40 episode=25/30 sample=zero_boundary_048 soc=0.3925 fc=560
progress step=36400 round=3/40 episode=26/30 sample=zero_boundary_049 soc=0.6740 fc=280
progress step=36450 round=3/40 episode=26/30 sample=zero_boundary_049 soc=0.6360 fc=410
progress step=36500 round=3/40 episode=26/30 sample=zero_boundary_049 soc=0.6183 fc=170
progress step=36550 round=3/40 episode=26/30 sample=zero_boundary_049 soc=0.6183 fc=590
progress step=36600 round=3/40 episode=26/30 sample=zero_boundary_049 soc=0.6574 fc=270
progress step=36650 round=3/40 episode=27/30 sample=zero_boundary_050 soc=0.6562 fc=30
progress step=36700 round=3/40 episode=27/30 sample=zero_boundary_050 soc=0.5607 fc=380
progress step=36750 round=3/40 episode=27/30 sample=zero_boundary_050 soc=0.4041 fc=580
progress step=36800 round=3/40 episode=27/30 sample=zero_boundary_050 soc=0.2370 fc=600
progress step=36850 round=3/40 episode=28/30 sample=zero_boundary_051 soc=0.6178 fc=400
progress step=36900 round=3/40 episode=28/30 sample=zero_boundary_051 soc=0.6083 fc=70
progress step=36950 round=3/40 episode=28/30 sample=zero_boundary_051 soc=0.6137 fc=370
progress step=37000 round=3/40 episode=29/30 sample=zero_boundary_052 soc=0.6574 fc=480
progress step=37050 round=3/40 episode=29/30 sample=zero_boundary_052 soc=0.5048 fc=480
progress step=37100 round=3/40 episode=29/30 sample=zero_boundary_052 soc=0.3338 fc=270
progress step=37150 round=3/40 episode=29/30 sample=zero_boundary_052 soc=0.4098 fc=470
progress step=37200 round=3/40 episode=29/30 sample=zero_boundary_052 soc=0.5344 fc=570
progress step=37250 round=3/40 episode=30/30 sample=zero_boundary_053 soc=0.6824 fc=190
progress step=37300 round=3/40 episode=30/30 sample=zero_boundary_053 soc=0.5649 fc=420
progress step=37350 round=3/40 episode=30/30 sample=zero_boundary_053 soc=0.5045 fc=480
progress step=37400 round=3/40 episode=30/30 sample=zero_boundary_053 soc=0.5612 fc=80
progress step=37450 round=3/40 episode=30/30 sample=zero_boundary_053 soc=0.6435 fc=560
round 3/40 exploratory=20/30 greedy_train start
MONITOR round=3 exploratory=20/30 greedy_train=13/30 validation=SKIPPED cost=None updates=1408 best_round=None
round 4/40 start epsilon=0.9269
progress step=37500 round=4/40 episode=1/30 sample=zero_boundary_002 soc=0.6870 fc=450
progress step=37550 round=4/40 episode=1/30 sample=zero_boundary_002 soc=0.4962 fc=330
progress step=37600 round=4/40 episode=1/30 sample=zero_boundary_002 soc=0.2193 fc=60
progress step=37650 round=4/40 episode=1/30 sample=zero_boundary_002 soc=0.3278 fc=10
progress step=37700 round=4/40 episode=1/30 sample=zero_boundary_002 soc=0.2710 fc=470
progress step=37750 round=4/40 episode=1/30 sample=zero_boundary_002 soc=0.3410 fc=60
progress step=37800 round=4/40 episode=2/30 sample=zero_boundary_005 soc=0.6340 fc=90
progress step=37850 round=4/40 episode=2/30 sample=zero_boundary_005 soc=0.5179 fc=60
progress step=37900 round=4/40 episode=2/30 sample=zero_boundary_005 soc=0.4690 fc=200
progress step=37950 round=4/40 episode=2/30 sample=zero_boundary_005 soc=0.4047 fc=60
progress step=38000 round=4/40 episode=2/30 sample=zero_boundary_005 soc=0.2754 fc=550
progress step=38050 round=4/40 episode=2/30 sample=zero_boundary_005 soc=0.3022 fc=560
progress step=38100 round=4/40 episode=3/30 sample=zero_boundary_006 soc=0.7181 fc=260
progress step=38150 round=4/40 episode=3/30 sample=zero_boundary_006 soc=0.7994 fc=190
progress step=38200 round=4/40 episode=3/30 sample=zero_boundary_006 soc=0.7964 fc=140
progress step=38250 round=4/40 episode=3/30 sample=zero_boundary_006 soc=0.7993 fc=0
progress step=38300 round=4/40 episode=3/30 sample=zero_boundary_006 soc=0.7998 fc=50
progress step=38350 round=4/40 episode=3/30 sample=zero_boundary_006 soc=0.7975 fc=330
progress step=38400 round=4/40 episode=3/30 sample=zero_boundary_006 soc=0.7997 fc=10
progress step=38450 round=4/40 episode=4/30 sample=zero_boundary_007 soc=0.6653 fc=410
progress step=38500 round=4/40 episode=4/30 sample=zero_boundary_007 soc=0.5580 fc=510
progress step=38550 round=4/40 episode=4/30 sample=zero_boundary_007 soc=0.5866 fc=390
progress step=38600 round=4/40 episode=4/30 sample=zero_boundary_007 soc=0.6650 fc=400
progress step=38650 round=4/40 episode=4/30 sample=zero_boundary_007 soc=0.6407 fc=20
progress step=38700 round=4/40 episode=5/30 sample=zero_boundary_008 soc=0.6045 fc=480
progress step=38750 round=4/40 episode=5/30 sample=zero_boundary_008 soc=0.4826 fc=120
progress step=38800 round=4/40 episode=6/30 sample=zero_boundary_011 soc=0.6712 fc=600
progress step=38850 round=4/40 episode=6/30 sample=zero_boundary_011 soc=0.7984 fc=170
progress step=38900 round=4/40 episode=6/30 sample=zero_boundary_011 soc=0.6517 fc=510
progress step=38950 round=4/40 episode=6/30 sample=zero_boundary_011 soc=0.5130 fc=180
progress step=39000 round=4/40 episode=6/30 sample=zero_boundary_011 soc=0.3886 fc=160
progress step=39050 round=4/40 episode=6/30 sample=zero_boundary_011 soc=0.2847 fc=120
progress step=39100 round=4/40 episode=6/30 sample=zero_boundary_011 soc=0.4064 fc=430
progress step=39150 round=4/40 episode=6/30 sample=zero_boundary_011 soc=0.5624 fc=150
progress step=39200 round=4/40 episode=6/30 sample=zero_boundary_011 soc=0.7699 fc=450
progress step=39250 round=4/40 episode=6/30 sample=zero_boundary_011 soc=0.7999 fc=40
progress step=39300 round=4/40 episode=6/30 sample=zero_boundary_011 soc=0.7804 fc=190
progress step=39350 round=4/40 episode=6/30 sample=zero_boundary_011 soc=0.7668 fc=220
progress step=39400 round=4/40 episode=6/30 sample=zero_boundary_011 soc=0.7974 fc=350
progress step=39450 round=4/40 episode=6/30 sample=zero_boundary_011 soc=0.7896 fc=440
progress step=39500 round=4/40 episode=6/30 sample=zero_boundary_011 soc=0.7565 fc=140
progress step=39550 round=4/40 episode=7/30 sample=zero_boundary_013 soc=0.6717 fc=10
progress step=39600 round=4/40 episode=7/30 sample=zero_boundary_013 soc=0.7472 fc=460
progress step=39650 round=4/40 episode=7/30 sample=zero_boundary_013 soc=0.7334 fc=30
progress step=39700 round=4/40 episode=7/30 sample=zero_boundary_013 soc=0.6755 fc=270
progress step=39750 round=4/40 episode=7/30 sample=zero_boundary_013 soc=0.7674 fc=600
progress step=39800 round=4/40 episode=7/30 sample=zero_boundary_013 soc=0.7991 fc=330
progress step=39850 round=4/40 episode=7/30 sample=zero_boundary_013 soc=0.8000 fc=20
progress step=39900 round=4/40 episode=8/30 sample=zero_boundary_015 soc=0.6524 fc=460
progress step=39950 round=4/40 episode=8/30 sample=zero_boundary_015 soc=0.6116 fc=300
progress step=40000 round=4/40 episode=8/30 sample=zero_boundary_015 soc=0.3155 fc=70
progress step=40050 round=4/40 episode=9/30 sample=zero_boundary_016 soc=0.7143 fc=350
progress step=40100 round=4/40 episode=9/30 sample=zero_boundary_016 soc=0.7174 fc=60
progress step=40150 round=4/40 episode=9/30 sample=zero_boundary_016 soc=0.5278 fc=460
progress step=40200 round=4/40 episode=9/30 sample=zero_boundary_016 soc=0.2640 fc=360
progress step=40250 round=4/40 episode=10/30 sample=zero_boundary_017 soc=0.6200 fc=60
progress step=40300 round=4/40 episode=10/30 sample=zero_boundary_017 soc=0.3617 fc=330
progress step=40350 round=4/40 episode=11/30 sample=zero_boundary_020 soc=0.6655 fc=330
progress step=40400 round=4/40 episode=11/30 sample=zero_boundary_020 soc=0.6192 fc=550
progress step=40450 round=4/40 episode=12/30 sample=zero_boundary_021 soc=0.6164 fc=130
progress step=40500 round=4/40 episode=12/30 sample=zero_boundary_021 soc=0.7743 fc=410
progress step=40550 round=4/40 episode=12/30 sample=zero_boundary_021 soc=0.7482 fc=520
progress step=40600 round=4/40 episode=12/30 sample=zero_boundary_021 soc=0.6319 fc=410
progress step=40650 round=4/40 episode=12/30 sample=zero_boundary_021 soc=0.5036 fc=310
progress step=40700 round=4/40 episode=13/30 sample=zero_boundary_022 soc=0.6698 fc=170
progress step=40750 round=4/40 episode=13/30 sample=zero_boundary_022 soc=0.6477 fc=600
progress step=40800 round=4/40 episode=13/30 sample=zero_boundary_022 soc=0.6348 fc=350
progress step=40850 round=4/40 episode=13/30 sample=zero_boundary_022 soc=0.7234 fc=530
progress step=40900 round=4/40 episode=14/30 sample=zero_boundary_029 soc=0.7044 fc=430
progress step=40950 round=4/40 episode=14/30 sample=zero_boundary_029 soc=0.7290 fc=600
progress step=41000 round=4/40 episode=14/30 sample=zero_boundary_029 soc=0.7229 fc=460
progress step=41050 round=4/40 episode=14/30 sample=zero_boundary_029 soc=0.7439 fc=20
progress step=41100 round=4/40 episode=14/30 sample=zero_boundary_029 soc=0.7916 fc=30
progress step=41150 round=4/40 episode=14/30 sample=zero_boundary_029 soc=0.7973 fc=300
progress step=41200 round=4/40 episode=14/30 sample=zero_boundary_029 soc=0.7997 fc=0
progress step=41250 round=4/40 episode=14/30 sample=zero_boundary_029 soc=0.7999 fc=0
progress step=41300 round=4/40 episode=14/30 sample=zero_boundary_029 soc=0.7999 fc=0
progress step=41350 round=4/40 episode=14/30 sample=zero_boundary_029 soc=0.7999 fc=0
progress step=41400 round=4/40 episode=14/30 sample=zero_boundary_029 soc=0.7999 fc=0
progress step=41450 round=4/40 episode=14/30 sample=zero_boundary_029 soc=0.7999 fc=0
progress step=41500 round=4/40 episode=14/30 sample=zero_boundary_029 soc=0.7999 fc=0
progress step=41550 round=4/40 episode=14/30 sample=zero_boundary_029 soc=0.7999 fc=0
progress step=41600 round=4/40 episode=14/30 sample=zero_boundary_029 soc=0.7999 fc=0
progress step=41650 round=4/40 episode=14/30 sample=zero_boundary_029 soc=0.7999 fc=0
progress step=41700 round=4/40 episode=14/30 sample=zero_boundary_029 soc=0.7999 fc=0
progress step=41750 round=4/40 episode=14/30 sample=zero_boundary_029 soc=0.7999 fc=20
progress step=41800 round=4/40 episode=14/30 sample=zero_boundary_029 soc=0.7954 fc=240
progress step=41850 round=4/40 episode=14/30 sample=zero_boundary_029 soc=0.7957 fc=240
progress step=41900 round=4/40 episode=14/30 sample=zero_boundary_029 soc=0.7837 fc=600
progress step=41950 round=4/40 episode=15/30 sample=zero_boundary_033 soc=0.7042 fc=140
progress step=42000 round=4/40 episode=15/30 sample=zero_boundary_033 soc=0.7997 fc=10
progress step=42050 round=4/40 episode=15/30 sample=zero_boundary_033 soc=0.7291 fc=210
progress step=42100 round=4/40 episode=15/30 sample=zero_boundary_033 soc=0.7455 fc=0
progress step=42150 round=4/40 episode=15/30 sample=zero_boundary_033 soc=0.7419 fc=510
progress step=42200 round=4/40 episode=15/30 sample=zero_boundary_033 soc=0.6878 fc=10
progress step=42250 round=4/40 episode=15/30 sample=zero_boundary_033 soc=0.5668 fc=550
progress step=42300 round=4/40 episode=15/30 sample=zero_boundary_033 soc=0.7586 fc=80
progress step=42350 round=4/40 episode=15/30 sample=zero_boundary_033 soc=0.8000 fc=0
progress step=42400 round=4/40 episode=15/30 sample=zero_boundary_033 soc=0.8000 fc=0
progress step=42450 round=4/40 episode=15/30 sample=zero_boundary_033 soc=0.7999 fc=0
progress step=42500 round=4/40 episode=15/30 sample=zero_boundary_033 soc=0.7999 fc=0
progress step=42550 round=4/40 episode=15/30 sample=zero_boundary_033 soc=0.7999 fc=0
progress step=42600 round=4/40 episode=15/30 sample=zero_boundary_033 soc=0.7999 fc=0
progress step=42650 round=4/40 episode=15/30 sample=zero_boundary_033 soc=0.7999 fc=0
progress step=42700 round=4/40 episode=15/30 sample=zero_boundary_033 soc=0.8000 fc=0
progress step=42750 round=4/40 episode=15/30 sample=zero_boundary_033 soc=0.7991 fc=0
progress step=42800 round=4/40 episode=15/30 sample=zero_boundary_033 soc=0.7990 fc=0
progress step=42850 round=4/40 episode=15/30 sample=zero_boundary_033 soc=0.7996 fc=50
progress step=42900 round=4/40 episode=16/30 sample=zero_boundary_034 soc=0.6015 fc=180
progress step=42950 round=4/40 episode=16/30 sample=zero_boundary_034 soc=0.7999 fc=0
progress step=43000 round=4/40 episode=16/30 sample=zero_boundary_034 soc=0.7999 fc=0
progress step=43050 round=4/40 episode=16/30 sample=zero_boundary_034 soc=0.7999 fc=0
progress step=43100 round=4/40 episode=16/30 sample=zero_boundary_034 soc=0.7999 fc=0
progress step=43150 round=4/40 episode=16/30 sample=zero_boundary_034 soc=0.7999 fc=0
progress step=43200 round=4/40 episode=16/30 sample=zero_boundary_034 soc=0.7999 fc=0
progress step=43250 round=4/40 episode=16/30 sample=zero_boundary_034 soc=0.7999 fc=0
progress step=43300 round=4/40 episode=16/30 sample=zero_boundary_034 soc=0.7999 fc=0
progress step=43350 round=4/40 episode=16/30 sample=zero_boundary_034 soc=0.7999 fc=0
progress step=43400 round=4/40 episode=16/30 sample=zero_boundary_034 soc=0.7999 fc=0
progress step=43450 round=4/40 episode=16/30 sample=zero_boundary_034 soc=0.7999 fc=0
progress step=43500 round=4/40 episode=16/30 sample=zero_boundary_034 soc=0.7999 fc=0
progress step=43550 round=4/40 episode=16/30 sample=zero_boundary_034 soc=0.7999 fc=0
progress step=43600 round=4/40 episode=16/30 sample=zero_boundary_034 soc=0.7999 fc=0
progress step=43650 round=4/40 episode=16/30 sample=zero_boundary_034 soc=0.7999 fc=0
progress step=43700 round=4/40 episode=16/30 sample=zero_boundary_034 soc=0.7999 fc=0
progress step=43750 round=4/40 episode=16/30 sample=zero_boundary_034 soc=0.7999 fc=0
progress step=43800 round=4/40 episode=16/30 sample=zero_boundary_034 soc=0.7999 fc=60
progress step=43850 round=4/40 episode=16/30 sample=zero_boundary_034 soc=0.7949 fc=290
progress step=43900 round=4/40 episode=16/30 sample=zero_boundary_034 soc=0.7976 fc=0
progress step=43950 round=4/40 episode=16/30 sample=zero_boundary_034 soc=0.7988 fc=220
progress step=44000 round=4/40 episode=16/30 sample=zero_boundary_034 soc=0.7986 fc=200
progress step=44050 round=4/40 episode=16/30 sample=zero_boundary_034 soc=0.7998 fc=10
progress step=44100 round=4/40 episode=16/30 sample=zero_boundary_034 soc=0.7999 fc=0
progress step=44150 round=4/40 episode=16/30 sample=zero_boundary_034 soc=0.7999 fc=0
progress step=44200 round=4/40 episode=16/30 sample=zero_boundary_034 soc=0.7999 fc=0
progress step=44250 round=4/40 episode=16/30 sample=zero_boundary_034 soc=0.7999 fc=0
progress step=44300 round=4/40 episode=16/30 sample=zero_boundary_034 soc=0.7999 fc=0
progress step=44350 round=4/40 episode=16/30 sample=zero_boundary_034 soc=0.7999 fc=0
progress step=44400 round=4/40 episode=16/30 sample=zero_boundary_034 soc=0.7999 fc=0
progress step=44450 round=4/40 episode=16/30 sample=zero_boundary_034 soc=0.7999 fc=0
progress step=44500 round=4/40 episode=16/30 sample=zero_boundary_034 soc=0.7999 fc=0
progress step=44550 round=4/40 episode=17/30 sample=zero_boundary_037 soc=0.6302 fc=530
progress step=44600 round=4/40 episode=17/30 sample=zero_boundary_037 soc=0.7177 fc=340
progress step=44650 round=4/40 episode=17/30 sample=zero_boundary_037 soc=0.7740 fc=100
progress step=44700 round=4/40 episode=17/30 sample=zero_boundary_037 soc=0.7963 fc=130
progress step=44750 round=4/40 episode=17/30 sample=zero_boundary_037 soc=0.7935 fc=190
progress step=44800 round=4/40 episode=17/30 sample=zero_boundary_037 soc=0.7906 fc=590
progress step=44850 round=4/40 episode=17/30 sample=zero_boundary_037 soc=0.6818 fc=410
progress step=44900 round=4/40 episode=17/30 sample=zero_boundary_037 soc=0.6263 fc=390
progress step=44950 round=4/40 episode=17/30 sample=zero_boundary_037 soc=0.7991 fc=40
progress step=45000 round=4/40 episode=17/30 sample=zero_boundary_037 soc=0.7998 fc=0
progress step=45050 round=4/40 episode=17/30 sample=zero_boundary_037 soc=0.7996 fc=40
progress step=45100 round=4/40 episode=17/30 sample=zero_boundary_037 soc=0.7993 fc=30
progress step=45150 round=4/40 episode=17/30 sample=zero_boundary_037 soc=0.7998 fc=50
progress step=45200 round=4/40 episode=17/30 sample=zero_boundary_037 soc=0.7997 fc=30
progress step=45250 round=4/40 episode=17/30 sample=zero_boundary_037 soc=0.7992 fc=70
progress step=45300 round=4/40 episode=17/30 sample=zero_boundary_037 soc=0.7996 fc=60
progress step=45350 round=4/40 episode=17/30 sample=zero_boundary_037 soc=0.7986 fc=10
progress step=45400 round=4/40 episode=17/30 sample=zero_boundary_037 soc=0.7989 fc=60
progress step=45450 round=4/40 episode=17/30 sample=zero_boundary_037 soc=0.7995 fc=10
progress step=45500 round=4/40 episode=17/30 sample=zero_boundary_037 soc=0.7999 fc=60
progress step=45550 round=4/40 episode=17/30 sample=zero_boundary_037 soc=0.7999 fc=0
progress step=45600 round=4/40 episode=17/30 sample=zero_boundary_037 soc=0.7999 fc=0
progress step=45650 round=4/40 episode=17/30 sample=zero_boundary_037 soc=0.7999 fc=0
progress step=45700 round=4/40 episode=17/30 sample=zero_boundary_037 soc=0.7997 fc=40
progress step=45750 round=4/40 episode=17/30 sample=zero_boundary_037 soc=0.7989 fc=60
progress step=45800 round=4/40 episode=17/30 sample=zero_boundary_037 soc=0.7993 fc=30
progress step=45850 round=4/40 episode=17/30 sample=zero_boundary_037 soc=0.8000 fc=40
progress step=45900 round=4/40 episode=17/30 sample=zero_boundary_037 soc=0.7998 fc=30
progress step=45950 round=4/40 episode=17/30 sample=zero_boundary_037 soc=0.8000 fc=30
progress step=46000 round=4/40 episode=17/30 sample=zero_boundary_037 soc=0.7999 fc=10
progress step=46050 round=4/40 episode=17/30 sample=zero_boundary_037 soc=0.7992 fc=90
progress step=46100 round=4/40 episode=17/30 sample=zero_boundary_037 soc=0.7996 fc=40
progress step=46150 round=4/40 episode=17/30 sample=zero_boundary_037 soc=0.7999 fc=30
progress step=46200 round=4/40 episode=17/30 sample=zero_boundary_037 soc=0.8000 fc=30
progress step=46250 round=4/40 episode=17/30 sample=zero_boundary_037 soc=0.7993 fc=60
progress step=46300 round=4/40 episode=17/30 sample=zero_boundary_037 soc=0.7995 fc=10
progress step=46350 round=4/40 episode=17/30 sample=zero_boundary_037 soc=0.7997 fc=20
progress step=46400 round=4/40 episode=17/30 sample=zero_boundary_037 soc=0.7999 fc=0
progress step=46450 round=4/40 episode=18/30 sample=zero_boundary_038 soc=0.6498 fc=580
progress step=46500 round=4/40 episode=18/30 sample=zero_boundary_038 soc=0.6452 fc=310
progress step=46550 round=4/40 episode=18/30 sample=zero_boundary_038 soc=0.5629 fc=480
progress step=46600 round=4/40 episode=18/30 sample=zero_boundary_038 soc=0.5682 fc=40
progress step=46650 round=4/40 episode=18/30 sample=zero_boundary_038 soc=0.4907 fc=600
progress step=46700 round=4/40 episode=18/30 sample=zero_boundary_038 soc=0.3871 fc=400
progress step=46750 round=4/40 episode=18/30 sample=zero_boundary_038 soc=0.4809 fc=170
progress step=46800 round=4/40 episode=18/30 sample=zero_boundary_038 soc=0.6529 fc=180
progress step=46850 round=4/40 episode=18/30 sample=zero_boundary_038 soc=0.8000 fc=50
progress step=46900 round=4/40 episode=18/30 sample=zero_boundary_038 soc=0.7953 fc=400
progress step=46950 round=4/40 episode=18/30 sample=zero_boundary_038 soc=0.7565 fc=120
progress step=47000 round=4/40 episode=18/30 sample=zero_boundary_038 soc=0.7145 fc=320
progress step=47050 round=4/40 episode=18/30 sample=zero_boundary_038 soc=0.6693 fc=50
progress step=47100 round=4/40 episode=18/30 sample=zero_boundary_038 soc=0.6533 fc=130
progress step=47150 round=4/40 episode=19/30 sample=zero_boundary_040 soc=0.6295 fc=190
progress step=47200 round=4/40 episode=19/30 sample=zero_boundary_040 soc=0.6158 fc=450
progress step=47250 round=4/40 episode=19/30 sample=zero_boundary_040 soc=0.4925 fc=10
progress step=47300 round=4/40 episode=19/30 sample=zero_boundary_040 soc=0.4233 fc=600
progress step=47350 round=4/40 episode=19/30 sample=zero_boundary_040 soc=0.4536 fc=600
progress step=47400 round=4/40 episode=19/30 sample=zero_boundary_040 soc=0.4381 fc=350
progress step=47450 round=4/40 episode=19/30 sample=zero_boundary_040 soc=0.5241 fc=540
progress step=47500 round=4/40 episode=19/30 sample=zero_boundary_040 soc=0.6058 fc=470
progress step=47550 round=4/40 episode=19/30 sample=zero_boundary_040 soc=0.5253 fc=410
progress step=47600 round=4/40 episode=19/30 sample=zero_boundary_040 soc=0.4001 fc=420
progress step=47650 round=4/40 episode=20/30 sample=zero_boundary_041 soc=0.6349 fc=260
progress step=47700 round=4/40 episode=20/30 sample=zero_boundary_041 soc=0.5622 fc=540
progress step=47750 round=4/40 episode=20/30 sample=zero_boundary_041 soc=0.3770 fc=490
progress step=47800 round=4/40 episode=21/30 sample=zero_boundary_042 soc=0.6657 fc=370
progress step=47850 round=4/40 episode=21/30 sample=zero_boundary_042 soc=0.6657 fc=280
progress step=47900 round=4/40 episode=21/30 sample=zero_boundary_042 soc=0.4936 fc=280
progress step=47950 round=4/40 episode=21/30 sample=zero_boundary_042 soc=0.2585 fc=530
progress step=48000 round=4/40 episode=21/30 sample=zero_boundary_042 soc=0.2012 fc=600
progress step=48050 round=4/40 episode=21/30 sample=zero_boundary_042 soc=0.2001 fc=600
progress step=48100 round=4/40 episode=21/30 sample=zero_boundary_042 soc=0.2299 fc=240
progress step=48150 round=4/40 episode=22/30 sample=zero_boundary_044 soc=0.6305 fc=90
progress step=48200 round=4/40 episode=22/30 sample=zero_boundary_044 soc=0.6029 fc=260
progress step=48250 round=4/40 episode=22/30 sample=zero_boundary_044 soc=0.4430 fc=480
progress step=48300 round=4/40 episode=23/30 sample=zero_boundary_045 soc=0.6264 fc=440
progress step=48350 round=4/40 episode=23/30 sample=zero_boundary_045 soc=0.6984 fc=470
progress step=48400 round=4/40 episode=23/30 sample=zero_boundary_045 soc=0.6328 fc=210
progress step=48450 round=4/40 episode=23/30 sample=zero_boundary_045 soc=0.5439 fc=530
progress step=48500 round=4/40 episode=23/30 sample=zero_boundary_045 soc=0.2962 fc=370
progress step=48550 round=4/40 episode=23/30 sample=zero_boundary_045 soc=0.2525 fc=600
progress step=48600 round=4/40 episode=24/30 sample=zero_boundary_046 soc=0.6092 fc=600
progress step=48650 round=4/40 episode=24/30 sample=zero_boundary_046 soc=0.5454 fc=390
progress step=48700 round=4/40 episode=24/30 sample=zero_boundary_046 soc=0.3955 fc=150
progress step=48750 round=4/40 episode=24/30 sample=zero_boundary_046 soc=0.2007 fc=590
progress step=48800 round=4/40 episode=25/30 sample=zero_boundary_048 soc=0.6581 fc=280
progress step=48850 round=4/40 episode=25/30 sample=zero_boundary_048 soc=0.4891 fc=320
progress step=48900 round=4/40 episode=25/30 sample=zero_boundary_048 soc=0.3668 fc=330
progress step=48950 round=4/40 episode=25/30 sample=zero_boundary_048 soc=0.4839 fc=500
progress step=49000 round=4/40 episode=25/30 sample=zero_boundary_048 soc=0.4755 fc=530
progress step=49050 round=4/40 episode=26/30 sample=zero_boundary_049 soc=0.6111 fc=130
progress step=49100 round=4/40 episode=26/30 sample=zero_boundary_049 soc=0.6860 fc=550
progress step=49150 round=4/40 episode=26/30 sample=zero_boundary_049 soc=0.7162 fc=10
progress step=49200 round=4/40 episode=26/30 sample=zero_boundary_049 soc=0.7246 fc=320
progress step=49250 round=4/40 episode=26/30 sample=zero_boundary_049 soc=0.7593 fc=600
progress step=49300 round=4/40 episode=26/30 sample=zero_boundary_049 soc=0.7994 fc=80
progress step=49350 round=4/40 episode=27/30 sample=zero_boundary_050 soc=0.6873 fc=150
progress step=49400 round=4/40 episode=27/30 sample=zero_boundary_050 soc=0.5356 fc=330
progress step=49450 round=4/40 episode=27/30 sample=zero_boundary_050 soc=0.3947 fc=590
progress step=49500 round=4/40 episode=27/30 sample=zero_boundary_050 soc=0.2894 fc=270
progress step=49550 round=4/40 episode=28/30 sample=zero_boundary_051 soc=0.6088 fc=70
progress step=49600 round=4/40 episode=28/30 sample=zero_boundary_051 soc=0.6339 fc=180
progress step=49650 round=4/40 episode=28/30 sample=zero_boundary_051 soc=0.6411 fc=600
progress step=49700 round=4/40 episode=29/30 sample=zero_boundary_052 soc=0.6787 fc=100
progress step=49750 round=4/40 episode=29/30 sample=zero_boundary_052 soc=0.5192 fc=540
progress step=49800 round=4/40 episode=29/30 sample=zero_boundary_052 soc=0.3721 fc=340
progress step=49850 round=4/40 episode=29/30 sample=zero_boundary_052 soc=0.4136 fc=250
progress step=49900 round=4/40 episode=29/30 sample=zero_boundary_052 soc=0.5535 fc=230
progress step=49950 round=4/40 episode=30/30 sample=zero_boundary_053 soc=0.6999 fc=320
progress step=50000 round=4/40 episode=30/30 sample=zero_boundary_053 soc=0.6011 fc=440
progress step=50050 round=4/40 episode=30/30 sample=zero_boundary_053 soc=0.5720 fc=180
progress step=50100 round=4/40 episode=30/30 sample=zero_boundary_053 soc=0.6404 fc=210
progress step=50150 round=4/40 episode=30/30 sample=zero_boundary_053 soc=0.7193 fc=530
round 4/40 exploratory=20/30 greedy_train start
round 4/40 greedy_train=30/30 validation start
MONITOR round=4 exploratory=20/30 greedy_train=30/30 validation=8/8 cost=86550.89880607965 updates=1728 best_round=4
round 5/40 start epsilon=0.9026
progress step=50200 round=5/40 episode=1/30 sample=zero_boundary_002 soc=0.7431 fc=600
progress step=50250 round=5/40 episode=1/30 sample=zero_boundary_002 soc=0.5081 fc=370
progress step=50300 round=5/40 episode=1/30 sample=zero_boundary_002 soc=0.2898 fc=130
progress step=50350 round=5/40 episode=1/30 sample=zero_boundary_002 soc=0.4030 fc=10
progress step=50400 round=5/40 episode=1/30 sample=zero_boundary_002 soc=0.4045 fc=430
progress step=50450 round=5/40 episode=1/30 sample=zero_boundary_002 soc=0.4998 fc=50
progress step=50500 round=5/40 episode=2/30 sample=zero_boundary_005 soc=0.6939 fc=150
progress step=50550 round=5/40 episode=2/30 sample=zero_boundary_005 soc=0.5892 fc=30
progress step=50600 round=5/40 episode=2/30 sample=zero_boundary_005 soc=0.5777 fc=320
progress step=50650 round=5/40 episode=2/30 sample=zero_boundary_005 soc=0.5364 fc=600
progress step=50700 round=5/40 episode=2/30 sample=zero_boundary_005 soc=0.4577 fc=570
progress step=50750 round=5/40 episode=2/30 sample=zero_boundary_005 soc=0.5419 fc=120
progress step=50800 round=5/40 episode=3/30 sample=zero_boundary_006 soc=0.7588 fc=20
progress step=50850 round=5/40 episode=3/30 sample=zero_boundary_006 soc=0.7985 fc=20
progress step=50900 round=5/40 episode=3/30 sample=zero_boundary_006 soc=0.7999 fc=40
progress step=50950 round=5/40 episode=3/30 sample=zero_boundary_006 soc=0.7991 fc=90
progress step=51000 round=5/40 episode=3/30 sample=zero_boundary_006 soc=0.7918 fc=600
progress step=51050 round=5/40 episode=3/30 sample=zero_boundary_006 soc=0.7985 fc=100
progress step=51100 round=5/40 episode=3/30 sample=zero_boundary_006 soc=0.7996 fc=10
progress step=51150 round=5/40 episode=4/30 sample=zero_boundary_007 soc=0.6566 fc=420
progress step=51200 round=5/40 episode=4/30 sample=zero_boundary_007 soc=0.6098 fc=510
progress step=51250 round=5/40 episode=4/30 sample=zero_boundary_007 soc=0.6663 fc=600
progress step=51300 round=5/40 episode=4/30 sample=zero_boundary_007 soc=0.7231 fc=220
progress step=51350 round=5/40 episode=4/30 sample=zero_boundary_007 soc=0.7020 fc=430
progress step=51400 round=5/40 episode=5/30 sample=zero_boundary_008 soc=0.6394 fc=30
progress step=51450 round=5/40 episode=5/30 sample=zero_boundary_008 soc=0.4436 fc=60
progress step=51500 round=5/40 episode=6/30 sample=zero_boundary_011 soc=0.7054 fc=10
progress step=51550 round=5/40 episode=6/30 sample=zero_boundary_011 soc=0.7959 fc=0
progress step=51600 round=5/40 episode=6/30 sample=zero_boundary_011 soc=0.6566 fc=600
progress step=51650 round=5/40 episode=6/30 sample=zero_boundary_011 soc=0.5674 fc=400
progress step=51700 round=5/40 episode=6/30 sample=zero_boundary_011 soc=0.4558 fc=440
progress step=51750 round=5/40 episode=6/30 sample=zero_boundary_011 soc=0.3557 fc=340
progress step=51800 round=5/40 episode=6/30 sample=zero_boundary_011 soc=0.4937 fc=90
progress step=51850 round=5/40 episode=6/30 sample=zero_boundary_011 soc=0.6853 fc=600
progress step=51900 round=5/40 episode=6/30 sample=zero_boundary_011 soc=0.7996 fc=50
progress step=51950 round=5/40 episode=6/30 sample=zero_boundary_011 soc=0.7994 fc=10
progress step=52000 round=5/40 episode=6/30 sample=zero_boundary_011 soc=0.7998 fc=60
progress step=52050 round=5/40 episode=6/30 sample=zero_boundary_011 soc=0.7994 fc=60
progress step=52100 round=5/40 episode=6/30 sample=zero_boundary_011 soc=0.7995 fc=230
progress step=52150 round=5/40 episode=6/30 sample=zero_boundary_011 soc=0.7963 fc=80
progress step=52200 round=5/40 episode=6/30 sample=zero_boundary_011 soc=0.7796 fc=100
progress step=52250 round=5/40 episode=7/30 sample=zero_boundary_013 soc=0.6879 fc=90
progress step=52300 round=5/40 episode=7/30 sample=zero_boundary_013 soc=0.7943 fc=370
progress step=52350 round=5/40 episode=7/30 sample=zero_boundary_013 soc=0.7938 fc=600
progress step=52400 round=5/40 episode=7/30 sample=zero_boundary_013 soc=0.7586 fc=600
progress step=52450 round=5/40 episode=7/30 sample=zero_boundary_013 soc=0.7932 fc=220
progress step=52500 round=5/40 episode=7/30 sample=zero_boundary_013 soc=0.7922 fc=100
progress step=52550 round=5/40 episode=7/30 sample=zero_boundary_013 soc=0.8000 fc=30
progress step=52600 round=5/40 episode=8/30 sample=zero_boundary_015 soc=0.6582 fc=170
progress step=52650 round=5/40 episode=8/30 sample=zero_boundary_015 soc=0.6233 fc=600
progress step=52700 round=5/40 episode=8/30 sample=zero_boundary_015 soc=0.3094 fc=350
progress step=52750 round=5/40 episode=9/30 sample=zero_boundary_016 soc=0.7511 fc=500
progress step=52800 round=5/40 episode=9/30 sample=zero_boundary_016 soc=0.7255 fc=520
progress step=52850 round=5/40 episode=9/30 sample=zero_boundary_016 soc=0.5767 fc=600
progress step=52900 round=5/40 episode=9/30 sample=zero_boundary_016 soc=0.3731 fc=60
progress step=52950 round=5/40 episode=10/30 sample=zero_boundary_017 soc=0.6392 fc=270
progress step=53000 round=5/40 episode=10/30 sample=zero_boundary_017 soc=0.4373 fc=30
progress step=53050 round=5/40 episode=11/30 sample=zero_boundary_020 soc=0.6000 fc=480
progress step=53100 round=5/40 episode=11/30 sample=zero_boundary_020 soc=0.6399 fc=530
progress step=53150 round=5/40 episode=11/30 sample=zero_boundary_020 soc=0.6685 fc=600
progress step=53200 round=5/40 episode=12/30 sample=zero_boundary_021 soc=0.7232 fc=560
progress step=53250 round=5/40 episode=12/30 sample=zero_boundary_021 soc=0.7940 fc=100
progress step=53300 round=5/40 episode=12/30 sample=zero_boundary_021 soc=0.7349 fc=250
progress step=53350 round=5/40 episode=12/30 sample=zero_boundary_021 soc=0.6456 fc=270
progress step=53400 round=5/40 episode=12/30 sample=zero_boundary_021 soc=0.7028 fc=400
progress step=53450 round=5/40 episode=13/30 sample=zero_boundary_022 soc=0.6705 fc=320
progress step=53500 round=5/40 episode=13/30 sample=zero_boundary_022 soc=0.6599 fc=40
progress step=53550 round=5/40 episode=13/30 sample=zero_boundary_022 soc=0.7162 fc=310
progress step=53600 round=5/40 episode=14/30 sample=zero_boundary_029 soc=0.6555 fc=600
progress step=53650 round=5/40 episode=14/30 sample=zero_boundary_029 soc=0.7597 fc=530
progress step=53700 round=5/40 episode=14/30 sample=zero_boundary_029 soc=0.7462 fc=430
progress step=53750 round=5/40 episode=14/30 sample=zero_boundary_029 soc=0.7565 fc=470
progress step=53800 round=5/40 episode=14/30 sample=zero_boundary_029 soc=0.7985 fc=30
progress step=53850 round=5/40 episode=14/30 sample=zero_boundary_029 soc=0.7993 fc=190
progress step=53900 round=5/40 episode=14/30 sample=zero_boundary_029 soc=0.7999 fc=30
progress step=53950 round=5/40 episode=14/30 sample=zero_boundary_029 soc=0.7999 fc=0
progress step=54000 round=5/40 episode=14/30 sample=zero_boundary_029 soc=0.7999 fc=0
progress step=54050 round=5/40 episode=14/30 sample=zero_boundary_029 soc=0.7999 fc=0
progress step=54100 round=5/40 episode=14/30 sample=zero_boundary_029 soc=0.7999 fc=0
progress step=54150 round=5/40 episode=14/30 sample=zero_boundary_029 soc=0.7999 fc=0
progress step=54200 round=5/40 episode=14/30 sample=zero_boundary_029 soc=0.7999 fc=0
progress step=54250 round=5/40 episode=14/30 sample=zero_boundary_029 soc=0.7999 fc=0
progress step=54300 round=5/40 episode=14/30 sample=zero_boundary_029 soc=0.7999 fc=0
progress step=54350 round=5/40 episode=14/30 sample=zero_boundary_029 soc=0.7999 fc=0
progress step=54400 round=5/40 episode=14/30 sample=zero_boundary_029 soc=0.7999 fc=0
progress step=54450 round=5/40 episode=14/30 sample=zero_boundary_029 soc=0.7999 fc=0
progress step=54500 round=5/40 episode=14/30 sample=zero_boundary_029 soc=0.7970 fc=10
progress step=54550 round=5/40 episode=14/30 sample=zero_boundary_029 soc=0.7979 fc=170
progress step=54600 round=5/40 episode=14/30 sample=zero_boundary_029 soc=0.7668 fc=20
progress step=54650 round=5/40 episode=15/30 sample=zero_boundary_033 soc=0.6105 fc=530
progress step=54700 round=5/40 episode=15/30 sample=zero_boundary_033 soc=0.7755 fc=50
progress step=54750 round=5/40 episode=15/30 sample=zero_boundary_033 soc=0.7510 fc=250
progress step=54800 round=5/40 episode=15/30 sample=zero_boundary_033 soc=0.7319 fc=600
progress step=54850 round=5/40 episode=15/30 sample=zero_boundary_033 soc=0.7165 fc=30
progress step=54900 round=5/40 episode=15/30 sample=zero_boundary_033 soc=0.7485 fc=390
progress step=54950 round=5/40 episode=15/30 sample=zero_boundary_033 soc=0.6324 fc=80
progress step=55000 round=5/40 episode=15/30 sample=zero_boundary_033 soc=0.7328 fc=600
progress step=55050 round=5/40 episode=15/30 sample=zero_boundary_033 soc=0.7999 fc=0
progress step=55100 round=5/40 episode=15/30 sample=zero_boundary_033 soc=0.7999 fc=0
progress step=55150 round=5/40 episode=15/30 sample=zero_boundary_033 soc=0.7999 fc=0
progress step=55200 round=5/40 episode=15/30 sample=zero_boundary_033 soc=0.7999 fc=0
progress step=55250 round=5/40 episode=15/30 sample=zero_boundary_033 soc=0.8000 fc=0
progress step=55300 round=5/40 episode=15/30 sample=zero_boundary_033 soc=0.8000 fc=0
progress step=55350 round=5/40 episode=15/30 sample=zero_boundary_033 soc=0.8000 fc=0
progress step=55400 round=5/40 episode=15/30 sample=zero_boundary_033 soc=0.7997 fc=30
progress step=55450 round=5/40 episode=15/30 sample=zero_boundary_033 soc=0.7998 fc=30
progress step=55500 round=5/40 episode=15/30 sample=zero_boundary_033 soc=0.7999 fc=10
progress step=55550 round=5/40 episode=15/30 sample=zero_boundary_033 soc=0.7996 fc=50
progress step=55600 round=5/40 episode=15/30 sample=zero_boundary_033 soc=0.7999 fc=0
progress step=55650 round=5/40 episode=16/30 sample=zero_boundary_034 soc=0.7054 fc=170
progress step=55700 round=5/40 episode=16/30 sample=zero_boundary_034 soc=0.8000 fc=0
progress step=55750 round=5/40 episode=16/30 sample=zero_boundary_034 soc=0.8000 fc=0
progress step=55800 round=5/40 episode=16/30 sample=zero_boundary_034 soc=0.8000 fc=0
progress step=55850 round=5/40 episode=16/30 sample=zero_boundary_034 soc=0.8000 fc=0
progress step=55900 round=5/40 episode=16/30 sample=zero_boundary_034 soc=0.8000 fc=0
progress step=55950 round=5/40 episode=16/30 sample=zero_boundary_034 soc=0.8000 fc=0
progress step=56000 round=5/40 episode=16/30 sample=zero_boundary_034 soc=0.8000 fc=0
progress step=56050 round=5/40 episode=16/30 sample=zero_boundary_034 soc=0.8000 fc=0
progress step=56100 round=5/40 episode=16/30 sample=zero_boundary_034 soc=0.8000 fc=0
progress step=56150 round=5/40 episode=16/30 sample=zero_boundary_034 soc=0.8000 fc=0
progress step=56200 round=5/40 episode=16/30 sample=zero_boundary_034 soc=0.8000 fc=0
progress step=56250 round=5/40 episode=16/30 sample=zero_boundary_034 soc=0.8000 fc=0
progress step=56300 round=5/40 episode=16/30 sample=zero_boundary_034 soc=0.8000 fc=0
progress step=56350 round=5/40 episode=16/30 sample=zero_boundary_034 soc=0.8000 fc=0
progress step=56400 round=5/40 episode=16/30 sample=zero_boundary_034 soc=0.8000 fc=0
progress step=56450 round=5/40 episode=16/30 sample=zero_boundary_034 soc=0.8000 fc=0
progress step=56500 round=5/40 episode=16/30 sample=zero_boundary_034 soc=0.7986 fc=30
progress step=56550 round=5/40 episode=16/30 sample=zero_boundary_034 soc=0.7999 fc=0
progress step=56600 round=5/40 episode=16/30 sample=zero_boundary_034 soc=0.7988 fc=230
progress step=56650 round=5/40 episode=16/30 sample=zero_boundary_034 soc=0.7971 fc=350
progress step=56700 round=5/40 episode=16/30 sample=zero_boundary_034 soc=0.7973 fc=280
progress step=56750 round=5/40 episode=16/30 sample=zero_boundary_034 soc=0.7996 fc=50
progress step=56800 round=5/40 episode=16/30 sample=zero_boundary_034 soc=0.8000 fc=0
progress step=56850 round=5/40 episode=16/30 sample=zero_boundary_034 soc=0.7999 fc=0
progress step=56900 round=5/40 episode=16/30 sample=zero_boundary_034 soc=0.7999 fc=0
progress step=56950 round=5/40 episode=16/30 sample=zero_boundary_034 soc=0.7999 fc=0
progress step=57000 round=5/40 episode=16/30 sample=zero_boundary_034 soc=0.7999 fc=0
progress step=57050 round=5/40 episode=16/30 sample=zero_boundary_034 soc=0.7999 fc=0
progress step=57100 round=5/40 episode=16/30 sample=zero_boundary_034 soc=0.7999 fc=0
progress step=57150 round=5/40 episode=16/30 sample=zero_boundary_034 soc=0.7999 fc=0
progress step=57200 round=5/40 episode=16/30 sample=zero_boundary_034 soc=0.7999 fc=0
progress step=57250 round=5/40 episode=16/30 sample=zero_boundary_034 soc=0.7996 fc=50
progress step=57300 round=5/40 episode=17/30 sample=zero_boundary_037 soc=0.7033 fc=390
progress step=57350 round=5/40 episode=17/30 sample=zero_boundary_037 soc=0.7645 fc=600
progress step=57400 round=5/40 episode=17/30 sample=zero_boundary_037 soc=0.7933 fc=160
progress step=57450 round=5/40 episode=17/30 sample=zero_boundary_037 soc=0.7938 fc=580
progress step=57500 round=5/40 episode=17/30 sample=zero_boundary_037 soc=0.7866 fc=600
progress step=57550 round=5/40 episode=17/30 sample=zero_boundary_037 soc=0.7426 fc=470
progress step=57600 round=5/40 episode=17/30 sample=zero_boundary_037 soc=0.6013 fc=490
progress step=57650 round=5/40 episode=17/30 sample=zero_boundary_037 soc=0.7386 fc=600
progress step=57700 round=5/40 episode=17/30 sample=zero_boundary_037 soc=0.7995 fc=20
progress step=57750 round=5/40 episode=17/30 sample=zero_boundary_037 soc=0.7990 fc=90
progress step=57800 round=5/40 episode=17/30 sample=zero_boundary_037 soc=0.7979 fc=20
progress step=57850 round=5/40 episode=17/30 sample=zero_boundary_037 soc=0.7998 fc=0
progress step=57900 round=5/40 episode=17/30 sample=zero_boundary_037 soc=0.7987 fc=0
progress step=57950 round=5/40 episode=17/30 sample=zero_boundary_037 soc=0.7982 fc=60
progress step=58000 round=5/40 episode=17/30 sample=zero_boundary_037 soc=0.7977 fc=210
progress step=58050 round=5/40 episode=17/30 sample=zero_boundary_037 soc=0.7994 fc=110
progress step=58100 round=5/40 episode=17/30 sample=zero_boundary_037 soc=0.7997 fc=50
progress step=58150 round=5/40 episode=17/30 sample=zero_boundary_037 soc=0.7994 fc=40
progress step=58200 round=5/40 episode=17/30 sample=zero_boundary_037 soc=0.7995 fc=90
progress step=58250 round=5/40 episode=17/30 sample=zero_boundary_037 soc=0.7994 fc=20
progress step=58300 round=5/40 episode=17/30 sample=zero_boundary_037 soc=0.7999 fc=0
progress step=58350 round=5/40 episode=17/30 sample=zero_boundary_037 soc=0.7999 fc=0
progress step=58400 round=5/40 episode=17/30 sample=zero_boundary_037 soc=0.7993 fc=60
progress step=58450 round=5/40 episode=17/30 sample=zero_boundary_037 soc=0.7993 fc=70
progress step=58500 round=5/40 episode=17/30 sample=zero_boundary_037 soc=0.7994 fc=50
progress step=58550 round=5/40 episode=17/30 sample=zero_boundary_037 soc=0.7997 fc=10
progress step=58600 round=5/40 episode=17/30 sample=zero_boundary_037 soc=0.7995 fc=0
progress step=58650 round=5/40 episode=17/30 sample=zero_boundary_037 soc=0.7993 fc=10
progress step=58700 round=5/40 episode=17/30 sample=zero_boundary_037 soc=0.7992 fc=60
progress step=58750 round=5/40 episode=17/30 sample=zero_boundary_037 soc=0.7991 fc=90
progress step=58800 round=5/40 episode=17/30 sample=zero_boundary_037 soc=0.7992 fc=20
progress step=58850 round=5/40 episode=17/30 sample=zero_boundary_037 soc=0.7994 fc=30
progress step=58900 round=5/40 episode=17/30 sample=zero_boundary_037 soc=0.7995 fc=70
progress step=58950 round=5/40 episode=17/30 sample=zero_boundary_037 soc=0.7987 fc=100
progress step=59000 round=5/40 episode=17/30 sample=zero_boundary_037 soc=0.8000 fc=20
progress step=59050 round=5/40 episode=17/30 sample=zero_boundary_037 soc=0.7983 fc=90
progress step=59100 round=5/40 episode=17/30 sample=zero_boundary_037 soc=0.7999 fc=0
progress step=59150 round=5/40 episode=17/30 sample=zero_boundary_037 soc=0.7998 fc=10
progress step=59200 round=5/40 episode=18/30 sample=zero_boundary_038 soc=0.6976 fc=600
progress step=59250 round=5/40 episode=18/30 sample=zero_boundary_038 soc=0.6394 fc=300
progress step=59300 round=5/40 episode=18/30 sample=zero_boundary_038 soc=0.6432 fc=540
progress step=59350 round=5/40 episode=18/30 sample=zero_boundary_038 soc=0.5440 fc=580
progress step=59400 round=5/40 episode=18/30 sample=zero_boundary_038 soc=0.4550 fc=590
progress step=59450 round=5/40 episode=18/30 sample=zero_boundary_038 soc=0.4579 fc=160
progress step=59500 round=5/40 episode=18/30 sample=zero_boundary_038 soc=0.6223 fc=160
progress step=59550 round=5/40 episode=18/30 sample=zero_boundary_038 soc=0.7944 fc=370
progress step=59600 round=5/40 episode=18/30 sample=zero_boundary_038 soc=0.7996 fc=50
progress step=59650 round=5/40 episode=18/30 sample=zero_boundary_038 soc=0.7834 fc=340
progress step=59700 round=5/40 episode=18/30 sample=zero_boundary_038 soc=0.7473 fc=600
progress step=59750 round=5/40 episode=18/30 sample=zero_boundary_038 soc=0.7079 fc=130
progress step=59800 round=5/40 episode=18/30 sample=zero_boundary_038 soc=0.6787 fc=310
progress step=59850 round=5/40 episode=18/30 sample=zero_boundary_038 soc=0.7996 fc=20
progress step=59900 round=5/40 episode=19/30 sample=zero_boundary_040 soc=0.5950 fc=140
progress step=59950 round=5/40 episode=19/30 sample=zero_boundary_040 soc=0.5460 fc=600
progress step=60000 round=5/40 episode=19/30 sample=zero_boundary_040 soc=0.4661 fc=320
progress step=60050 round=5/40 episode=19/30 sample=zero_boundary_040 soc=0.4864 fc=590
progress step=60100 round=5/40 episode=19/30 sample=zero_boundary_040 soc=0.4833 fc=600
progress step=60150 round=5/40 episode=19/30 sample=zero_boundary_040 soc=0.5144 fc=460
progress step=60200 round=5/40 episode=19/30 sample=zero_boundary_040 soc=0.6885 fc=480
progress step=60250 round=5/40 episode=19/30 sample=zero_boundary_040 soc=0.6301 fc=600
progress step=60300 round=5/40 episode=19/30 sample=zero_boundary_040 soc=0.5593 fc=600
progress step=60350 round=5/40 episode=19/30 sample=zero_boundary_040 soc=0.5505 fc=50
progress step=60400 round=5/40 episode=20/30 sample=zero_boundary_041 soc=0.6318 fc=600
progress step=60450 round=5/40 episode=20/30 sample=zero_boundary_041 soc=0.5548 fc=110
progress step=60500 round=5/40 episode=20/30 sample=zero_boundary_041 soc=0.2675 fc=210
progress step=60550 round=5/40 episode=21/30 sample=zero_boundary_042 soc=0.6855 fc=200
progress step=60600 round=5/40 episode=21/30 sample=zero_boundary_042 soc=0.6159 fc=180
progress step=60650 round=5/40 episode=21/30 sample=zero_boundary_042 soc=0.4880 fc=180
progress step=60700 round=5/40 episode=21/30 sample=zero_boundary_042 soc=0.2715 fc=140
progress step=60750 round=5/40 episode=21/30 sample=zero_boundary_042 soc=0.2001 fc=530
progress step=60800 round=5/40 episode=21/30 sample=zero_boundary_042 soc=0.3580 fc=50
progress step=60850 round=5/40 episode=21/30 sample=zero_boundary_042 soc=0.2022 fc=500
progress step=60900 round=5/40 episode=22/30 sample=zero_boundary_044 soc=0.6547 fc=600
progress step=60950 round=5/40 episode=22/30 sample=zero_boundary_044 soc=0.5423 fc=120
progress step=61000 round=5/40 episode=22/30 sample=zero_boundary_044 soc=0.3207 fc=40
progress step=61050 round=5/40 episode=23/30 sample=zero_boundary_045 soc=0.6878 fc=600
progress step=61100 round=5/40 episode=23/30 sample=zero_boundary_045 soc=0.6446 fc=600
progress step=61150 round=5/40 episode=23/30 sample=zero_boundary_045 soc=0.5806 fc=600
progress step=61200 round=5/40 episode=23/30 sample=zero_boundary_045 soc=0.4085 fc=600
progress step=61250 round=5/40 episode=23/30 sample=zero_boundary_045 soc=0.2343 fc=400
progress step=61300 round=5/40 episode=23/30 sample=zero_boundary_045 soc=0.2127 fc=460
progress step=61350 round=5/40 episode=24/30 sample=zero_boundary_046 soc=0.5738 fc=60
progress step=61400 round=5/40 episode=24/30 sample=zero_boundary_046 soc=0.4620 fc=570
progress step=61450 round=5/40 episode=24/30 sample=zero_boundary_046 soc=0.2430 fc=210
progress step=61500 round=5/40 episode=25/30 sample=zero_boundary_048 soc=0.7068 fc=100
progress step=61550 round=5/40 episode=25/30 sample=zero_boundary_048 soc=0.5518 fc=0
progress step=61600 round=5/40 episode=25/30 sample=zero_boundary_048 soc=0.4346 fc=170
progress step=61650 round=5/40 episode=25/30 sample=zero_boundary_048 soc=0.4813 fc=560
progress step=61700 round=5/40 episode=25/30 sample=zero_boundary_048 soc=0.5321 fc=220
progress step=61750 round=5/40 episode=25/30 sample=zero_boundary_048 soc=0.5816 fc=230
progress step=61800 round=5/40 episode=26/30 sample=zero_boundary_049 soc=0.6904 fc=260
progress step=61850 round=5/40 episode=26/30 sample=zero_boundary_049 soc=0.6840 fc=60
progress step=61900 round=5/40 episode=26/30 sample=zero_boundary_049 soc=0.6493 fc=550
progress step=61950 round=5/40 episode=26/30 sample=zero_boundary_049 soc=0.6573 fc=340
progress step=62000 round=5/40 episode=26/30 sample=zero_boundary_049 soc=0.7511 fc=180
progress step=62050 round=5/40 episode=27/30 sample=zero_boundary_050 soc=0.7029 fc=600
progress step=62100 round=5/40 episode=27/30 sample=zero_boundary_050 soc=0.6005 fc=200
progress step=62150 round=5/40 episode=27/30 sample=zero_boundary_050 soc=0.4010 fc=520
progress step=62200 round=5/40 episode=27/30 sample=zero_boundary_050 soc=0.2595 fc=560
progress step=62250 round=5/40 episode=28/30 sample=zero_boundary_051 soc=0.6425 fc=600
progress step=62300 round=5/40 episode=28/30 sample=zero_boundary_051 soc=0.6549 fc=280
progress step=62350 round=5/40 episode=28/30 sample=zero_boundary_051 soc=0.7300 fc=290
progress step=62400 round=5/40 episode=29/30 sample=zero_boundary_052 soc=0.6985 fc=120
progress step=62450 round=5/40 episode=29/30 sample=zero_boundary_052 soc=0.5111 fc=40
progress step=62500 round=5/40 episode=29/30 sample=zero_boundary_052 soc=0.4065 fc=90
progress step=62550 round=5/40 episode=29/30 sample=zero_boundary_052 soc=0.4959 fc=370
progress step=62600 round=5/40 episode=29/30 sample=zero_boundary_052 soc=0.6495 fc=20
progress step=62650 round=5/40 episode=30/30 sample=zero_boundary_053 soc=0.6987 fc=220
progress step=62700 round=5/40 episode=30/30 sample=zero_boundary_053 soc=0.5852 fc=130
progress step=62750 round=5/40 episode=30/30 sample=zero_boundary_053 soc=0.5861 fc=430
progress step=62800 round=5/40 episode=30/30 sample=zero_boundary_053 soc=0.6634 fc=400
progress step=62850 round=5/40 episode=30/30 sample=zero_boundary_053 soc=0.7643 fc=150
round 5/40 exploratory=20/30 greedy_train start
round 5/40 greedy_train=30/30 validation start
MONITOR round=5 exploratory=20/30 greedy_train=30/30 validation=8/8 cost=77630.61158884263 updates=2048 best_round=5
round 6/40 start epsilon=0.8782
progress step=62900 round=6/40 episode=1/30 sample=zero_boundary_002 soc=0.7524 fc=600
progress step=62950 round=6/40 episode=1/30 sample=zero_boundary_002 soc=0.5291 fc=80
progress step=63000 round=6/40 episode=1/30 sample=zero_boundary_002 soc=0.3297 fc=180
progress step=63050 round=6/40 episode=1/30 sample=zero_boundary_002 soc=0.4722 fc=370
progress step=63100 round=6/40 episode=1/30 sample=zero_boundary_002 soc=0.5078 fc=400
progress step=63150 round=6/40 episode=1/30 sample=zero_boundary_002 soc=0.6286 fc=400
progress step=63200 round=6/40 episode=2/30 sample=zero_boundary_005 soc=0.7053 fc=100
progress step=63250 round=6/40 episode=2/30 sample=zero_boundary_005 soc=0.5991 fc=600
progress step=63300 round=6/40 episode=2/30 sample=zero_boundary_005 soc=0.6078 fc=100
progress step=63350 round=6/40 episode=2/30 sample=zero_boundary_005 soc=0.5259 fc=230
progress step=63400 round=6/40 episode=2/30 sample=zero_boundary_005 soc=0.4894 fc=540
progress step=63450 round=6/40 episode=2/30 sample=zero_boundary_005 soc=0.5522 fc=150
progress step=63500 round=6/40 episode=3/30 sample=zero_boundary_006 soc=0.7493 fc=600
progress step=63550 round=6/40 episode=3/30 sample=zero_boundary_006 soc=0.7969 fc=130
progress step=63600 round=6/40 episode=3/30 sample=zero_boundary_006 soc=0.7972 fc=60
progress step=63650 round=6/40 episode=3/30 sample=zero_boundary_006 soc=0.7998 fc=60
progress step=63700 round=6/40 episode=3/30 sample=zero_boundary_006 soc=0.7999 fc=90
progress step=63750 round=6/40 episode=3/30 sample=zero_boundary_006 soc=0.7984 fc=90
progress step=63800 round=6/40 episode=3/30 sample=zero_boundary_006 soc=0.7999 fc=0
progress step=63850 round=6/40 episode=4/30 sample=zero_boundary_007 soc=0.6625 fc=350
progress step=63900 round=6/40 episode=4/30 sample=zero_boundary_007 soc=0.6283 fc=410
progress step=63950 round=6/40 episode=4/30 sample=zero_boundary_007 soc=0.6753 fc=200
progress step=64000 round=6/40 episode=4/30 sample=zero_boundary_007 soc=0.7070 fc=200
progress step=64050 round=6/40 episode=4/30 sample=zero_boundary_007 soc=0.6908 fc=60
progress step=64100 round=6/40 episode=5/30 sample=zero_boundary_008 soc=0.6419 fc=60
progress step=64150 round=6/40 episode=5/30 sample=zero_boundary_008 soc=0.4378 fc=90
progress step=64200 round=6/40 episode=6/30 sample=zero_boundary_011 soc=0.6754 fc=510
progress step=64250 round=6/40 episode=6/30 sample=zero_boundary_011 soc=0.7967 fc=530
progress step=64300 round=6/40 episode=6/30 sample=zero_boundary_011 soc=0.7034 fc=600
progress step=64350 round=6/40 episode=6/30 sample=zero_boundary_011 soc=0.5762 fc=310
progress step=64400 round=6/40 episode=6/30 sample=zero_boundary_011 soc=0.4765 fc=50
progress step=64450 round=6/40 episode=6/30 sample=zero_boundary_011 soc=0.3691 fc=410
progress step=64500 round=6/40 episode=6/30 sample=zero_boundary_011 soc=0.5336 fc=340
progress step=64550 round=6/40 episode=6/30 sample=zero_boundary_011 soc=0.7043 fc=210
progress step=64600 round=6/40 episode=6/30 sample=zero_boundary_011 soc=0.7998 fc=30
progress step=64650 round=6/40 episode=6/30 sample=zero_boundary_011 soc=0.7995 fc=60
progress step=64700 round=6/40 episode=6/30 sample=zero_boundary_011 soc=0.7985 fc=140
progress step=64750 round=6/40 episode=6/30 sample=zero_boundary_011 soc=0.7985 fc=100
progress step=64800 round=6/40 episode=6/30 sample=zero_boundary_011 soc=0.7938 fc=600
progress step=64850 round=6/40 episode=6/30 sample=zero_boundary_011 soc=0.7991 fc=100
progress step=64900 round=6/40 episode=6/30 sample=zero_boundary_011 soc=0.7935 fc=460
progress step=64950 round=6/40 episode=7/30 sample=zero_boundary_013 soc=0.7219 fc=600
progress step=65000 round=6/40 episode=7/30 sample=zero_boundary_013 soc=0.7975 fc=60
progress step=65050 round=6/40 episode=7/30 sample=zero_boundary_013 soc=0.7809 fc=600
progress step=65100 round=6/40 episode=7/30 sample=zero_boundary_013 soc=0.7760 fc=160
progress step=65150 round=6/40 episode=7/30 sample=zero_boundary_013 soc=0.7997 fc=0
progress step=65200 round=6/40 episode=7/30 sample=zero_boundary_013 soc=0.7905 fc=200
progress step=65250 round=6/40 episode=7/30 sample=zero_boundary_013 soc=0.7996 fc=70
progress step=65300 round=6/40 episode=8/30 sample=zero_boundary_015 soc=0.6561 fc=10
progress step=65350 round=6/40 episode=8/30 sample=zero_boundary_015 soc=0.6565 fc=320
progress step=65400 round=6/40 episode=8/30 sample=zero_boundary_015 soc=0.3814 fc=400
progress step=65450 round=6/40 episode=9/30 sample=zero_boundary_016 soc=0.7078 fc=250
progress step=65500 round=6/40 episode=9/30 sample=zero_boundary_016 soc=0.7547 fc=20
progress step=65550 round=6/40 episode=9/30 sample=zero_boundary_016 soc=0.6027 fc=160
progress step=65600 round=6/40 episode=9/30 sample=zero_boundary_016 soc=0.4216 fc=600
progress step=65650 round=6/40 episode=10/30 sample=zero_boundary_017 soc=0.6221 fc=20
progress step=65700 round=6/40 episode=10/30 sample=zero_boundary_017 soc=0.5173 fc=130
progress step=65750 round=6/40 episode=10/30 sample=zero_boundary_017 soc=0.2541 fc=220
progress step=65800 round=6/40 episode=11/30 sample=zero_boundary_020 soc=0.6774 fc=70
progress step=65850 round=6/40 episode=11/30 sample=zero_boundary_020 soc=0.6971 fc=570
progress step=65900 round=6/40 episode=12/30 sample=zero_boundary_021 soc=0.6974 fc=170
progress step=65950 round=6/40 episode=12/30 sample=zero_boundary_021 soc=0.7985 fc=60
progress step=66000 round=6/40 episode=12/30 sample=zero_boundary_021 soc=0.7534 fc=70
progress step=66050 round=6/40 episode=12/30 sample=zero_boundary_021 soc=0.6794 fc=240
progress step=66100 round=6/40 episode=12/30 sample=zero_boundary_021 soc=0.6819 fc=600
progress step=66150 round=6/40 episode=13/30 sample=zero_boundary_022 soc=0.6779 fc=200
progress step=66200 round=6/40 episode=13/30 sample=zero_boundary_022 soc=0.6452 fc=280
progress step=66250 round=6/40 episode=13/30 sample=zero_boundary_022 soc=0.7231 fc=260
progress step=66300 round=6/40 episode=14/30 sample=zero_boundary_029 soc=0.6061 fc=70
progress step=66350 round=6/40 episode=14/30 sample=zero_boundary_029 soc=0.7184 fc=10
progress step=66400 round=6/40 episode=14/30 sample=zero_boundary_029 soc=0.7226 fc=540
progress step=66450 round=6/40 episode=14/30 sample=zero_boundary_029 soc=0.7638 fc=290
progress step=66500 round=6/40 episode=14/30 sample=zero_boundary_029 soc=0.7998 fc=50
progress step=66550 round=6/40 episode=14/30 sample=zero_boundary_029 soc=0.7965 fc=480
progress step=66600 round=6/40 episode=14/30 sample=zero_boundary_029 soc=0.7984 fc=270
progress step=66650 round=6/40 episode=14/30 sample=zero_boundary_029 soc=0.7999 fc=10
progress step=66700 round=6/40 episode=14/30 sample=zero_boundary_029 soc=0.8000 fc=0
progress step=66750 round=6/40 episode=14/30 sample=zero_boundary_029 soc=0.8000 fc=0
progress step=66800 round=6/40 episode=14/30 sample=zero_boundary_029 soc=0.8000 fc=0
progress step=66850 round=6/40 episode=14/30 sample=zero_boundary_029 soc=0.8000 fc=0
progress step=66900 round=6/40 episode=14/30 sample=zero_boundary_029 soc=0.8000 fc=0
progress step=66950 round=6/40 episode=14/30 sample=zero_boundary_029 soc=0.8000 fc=0
progress step=67000 round=6/40 episode=14/30 sample=zero_boundary_029 soc=0.8000 fc=0
progress step=67050 round=6/40 episode=14/30 sample=zero_boundary_029 soc=0.8000 fc=0
progress step=67100 round=6/40 episode=14/30 sample=zero_boundary_029 soc=0.8000 fc=0
progress step=67150 round=6/40 episode=14/30 sample=zero_boundary_029 soc=0.8000 fc=0
progress step=67200 round=6/40 episode=14/30 sample=zero_boundary_029 soc=0.7996 fc=0
progress step=67250 round=6/40 episode=14/30 sample=zero_boundary_029 soc=0.7919 fc=150
progress step=67300 round=6/40 episode=14/30 sample=zero_boundary_029 soc=0.7924 fc=120
progress step=67350 round=6/40 episode=14/30 sample=zero_boundary_029 soc=0.7992 fc=10
progress step=67400 round=6/40 episode=15/30 sample=zero_boundary_033 soc=0.7698 fc=590
progress step=67450 round=6/40 episode=15/30 sample=zero_boundary_033 soc=0.7935 fc=180
progress step=67500 round=6/40 episode=15/30 sample=zero_boundary_033 soc=0.6950 fc=400
progress step=67550 round=6/40 episode=15/30 sample=zero_boundary_033 soc=0.6861 fc=470
progress step=67600 round=6/40 episode=15/30 sample=zero_boundary_033 soc=0.7393 fc=600
progress step=67650 round=6/40 episode=15/30 sample=zero_boundary_033 soc=0.6402 fc=10
progress step=67700 round=6/40 episode=15/30 sample=zero_boundary_033 soc=0.6501 fc=560
progress step=67750 round=6/40 episode=15/30 sample=zero_boundary_033 soc=0.7999 fc=0
progress step=67800 round=6/40 episode=15/30 sample=zero_boundary_033 soc=0.7999 fc=0
progress step=67850 round=6/40 episode=15/30 sample=zero_boundary_033 soc=0.7999 fc=0
progress step=67900 round=6/40 episode=15/30 sample=zero_boundary_033 soc=0.7999 fc=0
progress step=67950 round=6/40 episode=15/30 sample=zero_boundary_033 soc=0.7999 fc=0
progress step=68000 round=6/40 episode=15/30 sample=zero_boundary_033 soc=0.8000 fc=0
progress step=68050 round=6/40 episode=15/30 sample=zero_boundary_033 soc=0.8000 fc=0
progress step=68100 round=6/40 episode=15/30 sample=zero_boundary_033 soc=0.8000 fc=0
progress step=68150 round=6/40 episode=15/30 sample=zero_boundary_033 soc=0.7991 fc=20
progress step=68200 round=6/40 episode=15/30 sample=zero_boundary_033 soc=0.7998 fc=30
progress step=68250 round=6/40 episode=15/30 sample=zero_boundary_033 soc=0.7998 fc=40
progress step=68300 round=6/40 episode=15/30 sample=zero_boundary_033 soc=0.7994 fc=60
progress step=68350 round=6/40 episode=16/30 sample=zero_boundary_034 soc=0.6636 fc=410
progress step=68400 round=6/40 episode=16/30 sample=zero_boundary_034 soc=0.8000 fc=0
progress step=68450 round=6/40 episode=16/30 sample=zero_boundary_034 soc=0.8000 fc=0
progress step=68500 round=6/40 episode=16/30 sample=zero_boundary_034 soc=0.8000 fc=0
progress step=68550 round=6/40 episode=16/30 sample=zero_boundary_034 soc=0.8000 fc=0
progress step=68600 round=6/40 episode=16/30 sample=zero_boundary_034 soc=0.8000 fc=0
progress step=68650 round=6/40 episode=16/30 sample=zero_boundary_034 soc=0.8000 fc=0
progress step=68700 round=6/40 episode=16/30 sample=zero_boundary_034 soc=0.8000 fc=0
progress step=68750 round=6/40 episode=16/30 sample=zero_boundary_034 soc=0.8000 fc=0
progress step=68800 round=6/40 episode=16/30 sample=zero_boundary_034 soc=0.8000 fc=0
progress step=68850 round=6/40 episode=16/30 sample=zero_boundary_034 soc=0.8000 fc=0
progress step=68900 round=6/40 episode=16/30 sample=zero_boundary_034 soc=0.8000 fc=0
progress step=68950 round=6/40 episode=16/30 sample=zero_boundary_034 soc=0.8000 fc=0
progress step=69000 round=6/40 episode=16/30 sample=zero_boundary_034 soc=0.8000 fc=0
progress step=69050 round=6/40 episode=16/30 sample=zero_boundary_034 soc=0.8000 fc=0
progress step=69100 round=6/40 episode=16/30 sample=zero_boundary_034 soc=0.8000 fc=0
progress step=69150 round=6/40 episode=16/30 sample=zero_boundary_034 soc=0.8000 fc=0
progress step=69200 round=6/40 episode=16/30 sample=zero_boundary_034 soc=0.7998 fc=10
progress step=69250 round=6/40 episode=16/30 sample=zero_boundary_034 soc=0.8000 fc=60
progress step=69300 round=6/40 episode=16/30 sample=zero_boundary_034 soc=0.7998 fc=120
progress step=69350 round=6/40 episode=16/30 sample=zero_boundary_034 soc=0.7945 fc=580
progress step=69400 round=6/40 episode=16/30 sample=zero_boundary_034 soc=0.7976 fc=350
progress step=69450 round=6/40 episode=16/30 sample=zero_boundary_034 soc=0.7999 fc=10
progress step=69500 round=6/40 episode=16/30 sample=zero_boundary_034 soc=0.8000 fc=10
progress step=69550 round=6/40 episode=16/30 sample=zero_boundary_034 soc=0.7999 fc=0
progress step=69600 round=6/40 episode=16/30 sample=zero_boundary_034 soc=0.7999 fc=0
progress step=69650 round=6/40 episode=16/30 sample=zero_boundary_034 soc=0.7999 fc=0
progress step=69700 round=6/40 episode=16/30 sample=zero_boundary_034 soc=0.7999 fc=0
progress step=69750 round=6/40 episode=16/30 sample=zero_boundary_034 soc=0.7999 fc=0
progress step=69800 round=6/40 episode=16/30 sample=zero_boundary_034 soc=0.7999 fc=0
progress step=69850 round=6/40 episode=16/30 sample=zero_boundary_034 soc=0.7999 fc=0
progress step=69900 round=6/40 episode=16/30 sample=zero_boundary_034 soc=0.7999 fc=0
progress step=69950 round=6/40 episode=16/30 sample=zero_boundary_034 soc=0.7997 fc=10
progress step=70000 round=6/40 episode=17/30 sample=zero_boundary_037 soc=0.6989 fc=50
progress step=70050 round=6/40 episode=17/30 sample=zero_boundary_037 soc=0.7793 fc=600
progress step=70100 round=6/40 episode=17/30 sample=zero_boundary_037 soc=0.7986 fc=20
progress step=70150 round=6/40 episode=17/30 sample=zero_boundary_037 soc=0.7957 fc=200
progress step=70200 round=6/40 episode=17/30 sample=zero_boundary_037 soc=0.7903 fc=210
progress step=70250 round=6/40 episode=17/30 sample=zero_boundary_037 soc=0.7537 fc=500
progress step=70300 round=6/40 episode=17/30 sample=zero_boundary_037 soc=0.6407 fc=560
progress step=70350 round=6/40 episode=17/30 sample=zero_boundary_037 soc=0.6824 fc=240
progress step=70400 round=6/40 episode=17/30 sample=zero_boundary_037 soc=0.7997 fc=40
progress step=70450 round=6/40 episode=17/30 sample=zero_boundary_037 soc=0.7999 fc=10
progress step=70500 round=6/40 episode=17/30 sample=zero_boundary_037 soc=0.7988 fc=80
progress step=70550 round=6/40 episode=17/30 sample=zero_boundary_037 soc=0.7991 fc=130
progress step=70600 round=6/40 episode=17/30 sample=zero_boundary_037 soc=0.7995 fc=20
progress step=70650 round=6/40 episode=17/30 sample=zero_boundary_037 soc=0.7996 fc=80
progress step=70700 round=6/40 episode=17/30 sample=zero_boundary_037 soc=0.7996 fc=40
progress step=70750 round=6/40 episode=17/30 sample=zero_boundary_037 soc=0.7967 fc=0
progress step=70800 round=6/40 episode=17/30 sample=zero_boundary_037 soc=0.7990 fc=100
progress step=70850 round=6/40 episode=17/30 sample=zero_boundary_037 soc=0.7998 fc=60
progress step=70900 round=6/40 episode=17/30 sample=zero_boundary_037 soc=0.7988 fc=150
progress step=70950 round=6/40 episode=17/30 sample=zero_boundary_037 soc=0.7997 fc=40
progress step=71000 round=6/40 episode=17/30 sample=zero_boundary_037 soc=0.8000 fc=0
progress step=71050 round=6/40 episode=17/30 sample=zero_boundary_037 soc=0.8000 fc=0
progress step=71100 round=6/40 episode=17/30 sample=zero_boundary_037 soc=0.8000 fc=0
progress step=71150 round=6/40 episode=17/30 sample=zero_boundary_037 soc=0.7989 fc=120
progress step=71200 round=6/40 episode=17/30 sample=zero_boundary_037 soc=0.7965 fc=110
progress step=71250 round=6/40 episode=17/30 sample=zero_boundary_037 soc=0.7996 fc=70
progress step=71300 round=6/40 episode=17/30 sample=zero_boundary_037 soc=0.7996 fc=60
progress step=71350 round=6/40 episode=17/30 sample=zero_boundary_037 soc=0.7989 fc=80
progress step=71400 round=6/40 episode=17/30 sample=zero_boundary_037 soc=0.7997 fc=10
progress step=71450 round=6/40 episode=17/30 sample=zero_boundary_037 soc=0.7992 fc=90
progress step=71500 round=6/40 episode=17/30 sample=zero_boundary_037 soc=0.7994 fc=40
progress step=71550 round=6/40 episode=17/30 sample=zero_boundary_037 soc=0.7999 fc=40
progress step=71600 round=6/40 episode=17/30 sample=zero_boundary_037 soc=0.7996 fc=10
progress step=71650 round=6/40 episode=17/30 sample=zero_boundary_037 soc=0.8000 fc=20
progress step=71700 round=6/40 episode=17/30 sample=zero_boundary_037 soc=0.7998 fc=20
progress step=71750 round=6/40 episode=17/30 sample=zero_boundary_037 soc=0.7992 fc=50
progress step=71800 round=6/40 episode=17/30 sample=zero_boundary_037 soc=0.7995 fc=10
progress step=71850 round=6/40 episode=17/30 sample=zero_boundary_037 soc=0.8000 fc=0
progress step=71900 round=6/40 episode=18/30 sample=zero_boundary_038 soc=0.7058 fc=120
progress step=71950 round=6/40 episode=18/30 sample=zero_boundary_038 soc=0.6439 fc=600
progress step=72000 round=6/40 episode=18/30 sample=zero_boundary_038 soc=0.6736 fc=590
progress step=72050 round=6/40 episode=18/30 sample=zero_boundary_038 soc=0.6298 fc=20
progress step=72100 round=6/40 episode=18/30 sample=zero_boundary_038 soc=0.5137 fc=150
progress step=72150 round=6/40 episode=18/30 sample=zero_boundary_038 soc=0.4608 fc=200
progress step=72200 round=6/40 episode=18/30 sample=zero_boundary_038 soc=0.6075 fc=490
progress step=72250 round=6/40 episode=18/30 sample=zero_boundary_038 soc=0.7655 fc=190
progress step=72300 round=6/40 episode=18/30 sample=zero_boundary_038 soc=0.7986 fc=120
progress step=72350 round=6/40 episode=18/30 sample=zero_boundary_038 soc=0.7856 fc=100
progress step=72400 round=6/40 episode=18/30 sample=zero_boundary_038 soc=0.7609 fc=460
progress step=72450 round=6/40 episode=18/30 sample=zero_boundary_038 soc=0.7417 fc=470
progress step=72500 round=6/40 episode=18/30 sample=zero_boundary_038 soc=0.7305 fc=210
progress step=72550 round=6/40 episode=18/30 sample=zero_boundary_038 soc=0.7901 fc=320
progress step=72600 round=6/40 episode=19/30 sample=zero_boundary_040 soc=0.6307 fc=590
progress step=72650 round=6/40 episode=19/30 sample=zero_boundary_040 soc=0.5884 fc=330
progress step=72700 round=6/40 episode=19/30 sample=zero_boundary_040 soc=0.5070 fc=500
progress step=72750 round=6/40 episode=19/30 sample=zero_boundary_040 soc=0.4073 fc=140
progress step=72800 round=6/40 episode=19/30 sample=zero_boundary_040 soc=0.4873 fc=20
progress step=72850 round=6/40 episode=19/30 sample=zero_boundary_040 soc=0.5141 fc=530
progress step=72900 round=6/40 episode=19/30 sample=zero_boundary_040 soc=0.6555 fc=600
progress step=72950 round=6/40 episode=19/30 sample=zero_boundary_040 soc=0.6368 fc=410
progress step=73000 round=6/40 episode=19/30 sample=zero_boundary_040 soc=0.5779 fc=300
progress step=73050 round=6/40 episode=19/30 sample=zero_boundary_040 soc=0.5239 fc=140
progress step=73100 round=6/40 episode=20/30 sample=zero_boundary_041 soc=0.5978 fc=600
progress step=73150 round=6/40 episode=20/30 sample=zero_boundary_041 soc=0.5065 fc=260
progress step=73200 round=6/40 episode=20/30 sample=zero_boundary_041 soc=0.2386 fc=560
progress step=73250 round=6/40 episode=21/30 sample=zero_boundary_042 soc=0.7195 fc=70
progress step=73300 round=6/40 episode=21/30 sample=zero_boundary_042 soc=0.6146 fc=230
progress step=73350 round=6/40 episode=21/30 sample=zero_boundary_042 soc=0.4306 fc=230
progress step=73400 round=6/40 episode=21/30 sample=zero_boundary_042 soc=0.2573 fc=600
progress step=73450 round=6/40 episode=21/30 sample=zero_boundary_042 soc=0.2004 fc=540
progress step=73500 round=6/40 episode=21/30 sample=zero_boundary_042 soc=0.3418 fc=500
progress step=73550 round=6/40 episode=21/30 sample=zero_boundary_042 soc=0.2064 fc=560
progress step=73600 round=6/40 episode=22/30 sample=zero_boundary_044 soc=0.6780 fc=600
progress step=73650 round=6/40 episode=22/30 sample=zero_boundary_044 soc=0.5576 fc=600
progress step=73700 round=6/40 episode=22/30 sample=zero_boundary_044 soc=0.3078 fc=430
progress step=73750 round=6/40 episode=23/30 sample=zero_boundary_045 soc=0.7002 fc=470
progress step=73800 round=6/40 episode=23/30 sample=zero_boundary_045 soc=0.6593 fc=400
progress step=73850 round=6/40 episode=23/30 sample=zero_boundary_045 soc=0.5858 fc=470
progress step=73900 round=6/40 episode=23/30 sample=zero_boundary_045 soc=0.4065 fc=400
progress step=73950 round=6/40 episode=23/30 sample=zero_boundary_045 soc=0.2285 fc=170
progress step=74000 round=6/40 episode=23/30 sample=zero_boundary_045 soc=0.2058 fc=190
progress step=74050 round=6/40 episode=24/30 sample=zero_boundary_046 soc=0.5888 fc=390
progress step=74100 round=6/40 episode=24/30 sample=zero_boundary_046 soc=0.4709 fc=10
progress step=74150 round=6/40 episode=24/30 sample=zero_boundary_046 soc=0.2809 fc=260
progress step=74200 round=6/40 episode=25/30 sample=zero_boundary_048 soc=0.6918 fc=20
progress step=74250 round=6/40 episode=25/30 sample=zero_boundary_048 soc=0.5479 fc=160
progress step=74300 round=6/40 episode=25/30 sample=zero_boundary_048 soc=0.4160 fc=490
progress step=74350 round=6/40 episode=25/30 sample=zero_boundary_048 soc=0.4508 fc=160
progress step=74400 round=6/40 episode=25/30 sample=zero_boundary_048 soc=0.4954 fc=240
progress step=74450 round=6/40 episode=25/30 sample=zero_boundary_048 soc=0.5517 fc=90
progress step=74500 round=6/40 episode=26/30 sample=zero_boundary_049 soc=0.6871 fc=120
progress step=74550 round=6/40 episode=26/30 sample=zero_boundary_049 soc=0.7051 fc=350
progress step=74600 round=6/40 episode=26/30 sample=zero_boundary_049 soc=0.6988 fc=30
progress step=74650 round=6/40 episode=26/30 sample=zero_boundary_049 soc=0.7257 fc=560
progress step=74700 round=6/40 episode=26/30 sample=zero_boundary_049 soc=0.7978 fc=120
progress step=74750 round=6/40 episode=27/30 sample=zero_boundary_050 soc=0.6899 fc=600
progress step=74800 round=6/40 episode=27/30 sample=zero_boundary_050 soc=0.6003 fc=460
progress step=74850 round=6/40 episode=27/30 sample=zero_boundary_050 soc=0.4655 fc=150
progress step=74900 round=6/40 episode=27/30 sample=zero_boundary_050 soc=0.3596 fc=230
progress step=74950 round=6/40 episode=28/30 sample=zero_boundary_051 soc=0.6000 fc=450
progress step=75000 round=6/40 episode=28/30 sample=zero_boundary_051 soc=0.6729 fc=220
progress step=75050 round=6/40 episode=28/30 sample=zero_boundary_051 soc=0.6977 fc=600
progress step=75100 round=6/40 episode=29/30 sample=zero_boundary_052 soc=0.6168 fc=140
progress step=75150 round=6/40 episode=29/30 sample=zero_boundary_052 soc=0.6327 fc=160
progress step=75200 round=6/40 episode=29/30 sample=zero_boundary_052 soc=0.4144 fc=190
progress step=75250 round=6/40 episode=29/30 sample=zero_boundary_052 soc=0.4115 fc=360
progress step=75300 round=6/40 episode=29/30 sample=zero_boundary_052 soc=0.5616 fc=540
progress step=75350 round=6/40 episode=30/30 sample=zero_boundary_053 soc=0.6778 fc=320
progress step=75400 round=6/40 episode=30/30 sample=zero_boundary_053 soc=0.6939 fc=50
progress step=75450 round=6/40 episode=30/30 sample=zero_boundary_053 soc=0.5542 fc=600
progress step=75500 round=6/40 episode=30/30 sample=zero_boundary_053 soc=0.6436 fc=60
progress step=75550 round=6/40 episode=30/30 sample=zero_boundary_053 soc=0.7017 fc=370
round 6/40 exploratory=20/30 greedy_train start
round 6/40 greedy_train=30/30 validation start
MONITOR round=6 exploratory=20/30 greedy_train=30/30 validation=8/8 cost=51883.434272067825 updates=2368 best_round=6
round 7/40 start epsilon=0.8538
progress step=75600 round=7/40 episode=1/30 sample=zero_boundary_002 soc=0.6494 fc=20
progress step=75650 round=7/40 episode=1/30 sample=zero_boundary_002 soc=0.6800 fc=50
progress step=75700 round=7/40 episode=1/30 sample=zero_boundary_002 soc=0.3757 fc=490
progress step=75750 round=7/40 episode=1/30 sample=zero_boundary_002 soc=0.4895 fc=450
progress step=75800 round=7/40 episode=1/30 sample=zero_boundary_002 soc=0.3883 fc=510
progress step=75850 round=7/40 episode=1/30 sample=zero_boundary_002 soc=0.4743 fc=170
progress step=75900 round=7/40 episode=2/30 sample=zero_boundary_005 soc=0.6668 fc=600
progress step=75950 round=7/40 episode=2/30 sample=zero_boundary_005 soc=0.6948 fc=450
progress step=76000 round=7/40 episode=2/30 sample=zero_boundary_005 soc=0.5693 fc=360
progress step=76050 round=7/40 episode=2/30 sample=zero_boundary_005 soc=0.5556 fc=400
progress step=76100 round=7/40 episode=2/30 sample=zero_boundary_005 soc=0.5131 fc=260
progress step=76150 round=7/40 episode=2/30 sample=zero_boundary_005 soc=0.5149 fc=600
progress step=76200 round=7/40 episode=3/30 sample=zero_boundary_006 soc=0.6634 fc=600
progress step=76250 round=7/40 episode=3/30 sample=zero_boundary_006 soc=0.7785 fc=240
progress step=76300 round=7/40 episode=3/30 sample=zero_boundary_006 soc=0.7985 fc=70
progress step=76350 round=7/40 episode=3/30 sample=zero_boundary_006 soc=0.7973 fc=150
progress step=76400 round=7/40 episode=3/30 sample=zero_boundary_006 soc=0.7998 fc=110
progress step=76450 round=7/40 episode=3/30 sample=zero_boundary_006 soc=0.7999 fc=140
progress step=76500 round=7/40 episode=3/30 sample=zero_boundary_006 soc=0.7981 fc=160
progress step=76550 round=7/40 episode=4/30 sample=zero_boundary_007 soc=0.6439 fc=380
progress step=76600 round=7/40 episode=4/30 sample=zero_boundary_007 soc=0.6264 fc=40
progress step=76650 round=7/40 episode=4/30 sample=zero_boundary_007 soc=0.6317 fc=0
progress step=76700 round=7/40 episode=4/30 sample=zero_boundary_007 soc=0.7165 fc=160
progress step=76750 round=7/40 episode=4/30 sample=zero_boundary_007 soc=0.6995 fc=600
progress step=76800 round=7/40 episode=4/30 sample=zero_boundary_007 soc=0.7305 fc=60
progress step=76850 round=7/40 episode=5/30 sample=zero_boundary_008 soc=0.6779 fc=600
progress step=76900 round=7/40 episode=5/30 sample=zero_boundary_008 soc=0.2916 fc=300
progress step=76950 round=7/40 episode=6/30 sample=zero_boundary_011 soc=0.7460 fc=300
progress step=77000 round=7/40 episode=6/30 sample=zero_boundary_011 soc=0.7446 fc=70
progress step=77050 round=7/40 episode=6/30 sample=zero_boundary_011 soc=0.6454 fc=280
progress step=77100 round=7/40 episode=6/30 sample=zero_boundary_011 soc=0.5158 fc=600
progress step=77150 round=7/40 episode=6/30 sample=zero_boundary_011 soc=0.4081 fc=450
progress step=77200 round=7/40 episode=6/30 sample=zero_boundary_011 soc=0.3041 fc=20
progress step=77250 round=7/40 episode=6/30 sample=zero_boundary_011 soc=0.5670 fc=90
progress step=77300 round=7/40 episode=6/30 sample=zero_boundary_011 soc=0.7630 fc=600
progress step=77350 round=7/40 episode=6/30 sample=zero_boundary_011 soc=0.7999 fc=10
progress step=77400 round=7/40 episode=6/30 sample=zero_boundary_011 soc=0.7997 fc=110
progress step=77450 round=7/40 episode=6/30 sample=zero_boundary_011 soc=0.7962 fc=70
progress step=77500 round=7/40 episode=6/30 sample=zero_boundary_011 soc=0.7978 fc=10
progress step=77550 round=7/40 episode=6/30 sample=zero_boundary_011 soc=0.7958 fc=530
progress step=77600 round=7/40 episode=6/30 sample=zero_boundary_011 soc=0.7996 fc=240
progress step=77650 round=7/40 episode=6/30 sample=zero_boundary_011 soc=0.7996 fc=50
progress step=77700 round=7/40 episode=7/30 sample=zero_boundary_013 soc=0.7910 fc=320
progress step=77750 round=7/40 episode=7/30 sample=zero_boundary_013 soc=0.7993 fc=240
progress step=77800 round=7/40 episode=7/30 sample=zero_boundary_013 soc=0.7941 fc=160
progress step=77850 round=7/40 episode=7/30 sample=zero_boundary_013 soc=0.7959 fc=300
progress step=77900 round=7/40 episode=7/30 sample=zero_boundary_013 soc=0.7992 fc=140
progress step=77950 round=7/40 episode=7/30 sample=zero_boundary_013 soc=0.7997 fc=90
progress step=78000 round=7/40 episode=8/30 sample=zero_boundary_015 soc=0.6104 fc=390
progress step=78050 round=7/40 episode=8/30 sample=zero_boundary_015 soc=0.6870 fc=40
progress step=78100 round=7/40 episode=8/30 sample=zero_boundary_015 soc=0.6979 fc=60
progress step=78150 round=7/40 episode=8/30 sample=zero_boundary_015 soc=0.2233 fc=600
progress step=78200 round=7/40 episode=9/30 sample=zero_boundary_016 soc=0.7812 fc=290
progress step=78250 round=7/40 episode=9/30 sample=zero_boundary_016 soc=0.7487 fc=450
progress step=78300 round=7/40 episode=9/30 sample=zero_boundary_016 soc=0.5632 fc=600
progress step=78350 round=7/40 episode=9/30 sample=zero_boundary_016 soc=0.3729 fc=40
progress step=78400 round=7/40 episode=10/30 sample=zero_boundary_017 soc=0.6299 fc=50
progress step=78450 round=7/40 episode=10/30 sample=zero_boundary_017 soc=0.4617 fc=460
progress step=78500 round=7/40 episode=10/30 sample=zero_boundary_017 soc=0.2545 fc=10
progress step=78550 round=7/40 episode=11/30 sample=zero_boundary_020 soc=0.6495 fc=220
progress step=78600 round=7/40 episode=11/30 sample=zero_boundary_020 soc=0.7011 fc=260
progress step=78650 round=7/40 episode=12/30 sample=zero_boundary_021 soc=0.7111 fc=200
progress step=78700 round=7/40 episode=12/30 sample=zero_boundary_021 soc=0.7994 fc=50
progress step=78750 round=7/40 episode=12/30 sample=zero_boundary_021 soc=0.7047 fc=580
progress step=78800 round=7/40 episode=12/30 sample=zero_boundary_021 soc=0.6629 fc=510
progress step=78850 round=7/40 episode=12/30 sample=zero_boundary_021 soc=0.7102 fc=470
progress step=78900 round=7/40 episode=13/30 sample=zero_boundary_022 soc=0.6888 fc=500
progress step=78950 round=7/40 episode=13/30 sample=zero_boundary_022 soc=0.6695 fc=250
progress step=79000 round=7/40 episode=13/30 sample=zero_boundary_022 soc=0.7301 fc=350
progress step=79050 round=7/40 episode=14/30 sample=zero_boundary_029 soc=0.6516 fc=500
progress step=79100 round=7/40 episode=14/30 sample=zero_boundary_029 soc=0.7460 fc=170
progress step=79150 round=7/40 episode=14/30 sample=zero_boundary_029 soc=0.6966 fc=350
progress step=79200 round=7/40 episode=14/30 sample=zero_boundary_029 soc=0.7209 fc=340
progress step=79250 round=7/40 episode=14/30 sample=zero_boundary_029 soc=0.7659 fc=180
progress step=79300 round=7/40 episode=14/30 sample=zero_boundary_029 soc=0.7981 fc=240
progress step=79350 round=7/40 episode=14/30 sample=zero_boundary_029 soc=0.7933 fc=270
progress step=79400 round=7/40 episode=14/30 sample=zero_boundary_029 soc=0.7999 fc=0
progress step=79450 round=7/40 episode=14/30 sample=zero_boundary_029 soc=0.7999 fc=0
progress step=79500 round=7/40 episode=14/30 sample=zero_boundary_029 soc=0.7999 fc=0
progress step=79550 round=7/40 episode=14/30 sample=zero_boundary_029 soc=0.7999 fc=0
progress step=79600 round=7/40 episode=14/30 sample=zero_boundary_029 soc=0.7999 fc=0
progress step=79650 round=7/40 episode=14/30 sample=zero_boundary_029 soc=0.7999 fc=0
progress step=79700 round=7/40 episode=14/30 sample=zero_boundary_029 soc=0.7999 fc=0
progress step=79750 round=7/40 episode=14/30 sample=zero_boundary_029 soc=0.7999 fc=0
progress step=79800 round=7/40 episode=14/30 sample=zero_boundary_029 soc=0.7999 fc=0
progress step=79850 round=7/40 episode=14/30 sample=zero_boundary_029 soc=0.7999 fc=0
progress step=79900 round=7/40 episode=14/30 sample=zero_boundary_029 soc=0.7999 fc=0
progress step=79950 round=7/40 episode=14/30 sample=zero_boundary_029 soc=0.7964 fc=80
progress step=80000 round=7/40 episode=14/30 sample=zero_boundary_029 soc=0.7999 fc=110
progress step=80050 round=7/40 episode=14/30 sample=zero_boundary_029 soc=0.7894 fc=170
progress step=80100 round=7/40 episode=14/30 sample=zero_boundary_029 soc=0.7996 fc=30
progress step=80150 round=7/40 episode=15/30 sample=zero_boundary_033 soc=0.7796 fc=440
progress step=80200 round=7/40 episode=15/30 sample=zero_boundary_033 soc=0.7803 fc=310
progress step=80250 round=7/40 episode=15/30 sample=zero_boundary_033 soc=0.6969 fc=500
progress step=80300 round=7/40 episode=15/30 sample=zero_boundary_033 soc=0.6616 fc=400
progress step=80350 round=7/40 episode=15/30 sample=zero_boundary_033 soc=0.7304 fc=160
progress step=80400 round=7/40 episode=15/30 sample=zero_boundary_033 soc=0.6073 fc=400
progress step=80450 round=7/40 episode=15/30 sample=zero_boundary_033 soc=0.6387 fc=60
progress step=80500 round=7/40 episode=15/30 sample=zero_boundary_033 soc=0.7999 fc=0
progress step=80550 round=7/40 episode=15/30 sample=zero_boundary_033 soc=0.7999 fc=0
progress step=80600 round=7/40 episode=15/30 sample=zero_boundary_033 soc=0.7999 fc=0
progress step=80650 round=7/40 episode=15/30 sample=zero_boundary_033 soc=0.7999 fc=0
progress step=80700 round=7/40 episode=15/30 sample=zero_boundary_033 soc=0.8000 fc=0
progress step=80750 round=7/40 episode=15/30 sample=zero_boundary_033 soc=0.8000 fc=0
progress step=80800 round=7/40 episode=15/30 sample=zero_boundary_033 soc=0.8000 fc=0
progress step=80850 round=7/40 episode=15/30 sample=zero_boundary_033 soc=0.8000 fc=0
progress step=80900 round=7/40 episode=15/30 sample=zero_boundary_033 soc=0.7993 fc=20
progress step=80950 round=7/40 episode=15/30 sample=zero_boundary_033 soc=0.7995 fc=50
progress step=81000 round=7/40 episode=15/30 sample=zero_boundary_033 soc=0.7995 fc=0
progress step=81050 round=7/40 episode=15/30 sample=zero_boundary_033 soc=0.7996 fc=10
progress step=81100 round=7/40 episode=16/30 sample=zero_boundary_034 soc=0.6747 fc=310
progress step=81150 round=7/40 episode=16/30 sample=zero_boundary_034 soc=0.7999 fc=0
progress step=81200 round=7/40 episode=16/30 sample=zero_boundary_034 soc=0.7999 fc=0
progress step=81250 round=7/40 episode=16/30 sample=zero_boundary_034 soc=0.7999 fc=0
progress step=81300 round=7/40 episode=16/30 sample=zero_boundary_034 soc=0.7999 fc=0
progress step=81350 round=7/40 episode=16/30 sample=zero_boundary_034 soc=0.7999 fc=0
progress step=81400 round=7/40 episode=16/30 sample=zero_boundary_034 soc=0.7999 fc=0
progress step=81450 round=7/40 episode=16/30 sample=zero_boundary_034 soc=0.7999 fc=0
progress step=81500 round=7/40 episode=16/30 sample=zero_boundary_034 soc=0.7999 fc=0
progress step=81550 round=7/40 episode=16/30 sample=zero_boundary_034 soc=0.7999 fc=0
progress step=81600 round=7/40 episode=16/30 sample=zero_boundary_034 soc=0.7999 fc=0
progress step=81650 round=7/40 episode=16/30 sample=zero_boundary_034 soc=0.7999 fc=0
progress step=81700 round=7/40 episode=16/30 sample=zero_boundary_034 soc=0.7999 fc=0
progress step=81750 round=7/40 episode=16/30 sample=zero_boundary_034 soc=0.7999 fc=0
progress step=81800 round=7/40 episode=16/30 sample=zero_boundary_034 soc=0.7999 fc=0
progress step=81850 round=7/40 episode=16/30 sample=zero_boundary_034 soc=0.7999 fc=0
progress step=81900 round=7/40 episode=16/30 sample=zero_boundary_034 soc=0.7999 fc=0
progress step=81950 round=7/40 episode=16/30 sample=zero_boundary_034 soc=0.7993 fc=90
progress step=82000 round=7/40 episode=16/30 sample=zero_boundary_034 soc=0.7995 fc=50
progress step=82050 round=7/40 episode=16/30 sample=zero_boundary_034 soc=0.7944 fc=250
progress step=82100 round=7/40 episode=16/30 sample=zero_boundary_034 soc=0.7930 fc=160
progress step=82150 round=7/40 episode=16/30 sample=zero_boundary_034 soc=0.7871 fc=120
progress step=82200 round=7/40 episode=16/30 sample=zero_boundary_034 soc=0.7995 fc=70
progress step=82250 round=7/40 episode=16/30 sample=zero_boundary_034 soc=0.7994 fc=50
progress step=82300 round=7/40 episode=16/30 sample=zero_boundary_034 soc=0.8000 fc=0
progress step=82350 round=7/40 episode=16/30 sample=zero_boundary_034 soc=0.8000 fc=0
progress step=82400 round=7/40 episode=16/30 sample=zero_boundary_034 soc=0.8000 fc=0
progress step=82450 round=7/40 episode=16/30 sample=zero_boundary_034 soc=0.8000 fc=0
progress step=82500 round=7/40 episode=16/30 sample=zero_boundary_034 soc=0.8000 fc=0
progress step=82550 round=7/40 episode=16/30 sample=zero_boundary_034 soc=0.8000 fc=0
progress step=82600 round=7/40 episode=16/30 sample=zero_boundary_034 soc=0.8000 fc=0
progress step=82650 round=7/40 episode=16/30 sample=zero_boundary_034 soc=0.8000 fc=0
progress step=82700 round=7/40 episode=16/30 sample=zero_boundary_034 soc=0.7994 fc=40
progress step=82750 round=7/40 episode=17/30 sample=zero_boundary_037 soc=0.6890 fc=0
progress step=82800 round=7/40 episode=17/30 sample=zero_boundary_037 soc=0.7566 fc=550
progress step=82850 round=7/40 episode=17/30 sample=zero_boundary_037 soc=0.7808 fc=300
progress step=82900 round=7/40 episode=17/30 sample=zero_boundary_037 soc=0.7998 fc=0
progress step=82950 round=7/40 episode=17/30 sample=zero_boundary_037 soc=0.7968 fc=230
progress step=83000 round=7/40 episode=17/30 sample=zero_boundary_037 soc=0.7427 fc=50
progress step=83050 round=7/40 episode=17/30 sample=zero_boundary_037 soc=0.6376 fc=530
progress step=83100 round=7/40 episode=17/30 sample=zero_boundary_037 soc=0.7334 fc=390
progress step=83150 round=7/40 episode=17/30 sample=zero_boundary_037 soc=0.7996 fc=60
progress step=83200 round=7/40 episode=17/30 sample=zero_boundary_037 soc=0.7982 fc=50
progress step=83250 round=7/40 episode=17/30 sample=zero_boundary_037 soc=0.7995 fc=60
progress step=83300 round=7/40 episode=17/30 sample=zero_boundary_037 soc=0.7994 fc=50
progress step=83350 round=7/40 episode=17/30 sample=zero_boundary_037 soc=0.7987 fc=90
progress step=83400 round=7/40 episode=17/30 sample=zero_boundary_037 soc=0.7992 fc=50
progress step=83450 round=7/40 episode=17/30 sample=zero_boundary_037 soc=0.7990 fc=70
progress step=83500 round=7/40 episode=17/30 sample=zero_boundary_037 soc=0.7987 fc=70
progress step=83550 round=7/40 episode=17/30 sample=zero_boundary_037 soc=0.7990 fc=100
progress step=83600 round=7/40 episode=17/30 sample=zero_boundary_037 soc=0.7985 fc=140
progress step=83650 round=7/40 episode=17/30 sample=zero_boundary_037 soc=0.7983 fc=160
progress step=83700 round=7/40 episode=17/30 sample=zero_boundary_037 soc=0.7999 fc=40
progress step=83750 round=7/40 episode=17/30 sample=zero_boundary_037 soc=0.8000 fc=0
progress step=83800 round=7/40 episode=17/30 sample=zero_boundary_037 soc=0.8000 fc=0
progress step=83850 round=7/40 episode=17/30 sample=zero_boundary_037 soc=0.7999 fc=10
progress step=83900 round=7/40 episode=17/30 sample=zero_boundary_037 soc=0.7998 fc=20
progress step=83950 round=7/40 episode=17/30 sample=zero_boundary_037 soc=0.7970 fc=350
progress step=84000 round=7/40 episode=17/30 sample=zero_boundary_037 soc=0.7993 fc=0
progress step=84050 round=7/40 episode=17/30 sample=zero_boundary_037 soc=0.7996 fc=50
progress step=84100 round=7/40 episode=17/30 sample=zero_boundary_037 soc=0.7995 fc=70
progress step=84150 round=7/40 episode=17/30 sample=zero_boundary_037 soc=0.7995 fc=70
progress step=84200 round=7/40 episode=17/30 sample=zero_boundary_037 soc=0.7996 fc=30
progress step=84250 round=7/40 episode=17/30 sample=zero_boundary_037 soc=0.7999 fc=10
progress step=84300 round=7/40 episode=17/30 sample=zero_boundary_037 soc=0.7998 fc=40
progress step=84350 round=7/40 episode=17/30 sample=zero_boundary_037 soc=0.7993 fc=40
progress step=84400 round=7/40 episode=17/30 sample=zero_boundary_037 soc=0.7996 fc=50
progress step=84450 round=7/40 episode=17/30 sample=zero_boundary_037 soc=0.7999 fc=30
progress step=84500 round=7/40 episode=17/30 sample=zero_boundary_037 soc=0.7994 fc=50
progress step=84550 round=7/40 episode=17/30 sample=zero_boundary_037 soc=0.7981 fc=50
progress step=84600 round=7/40 episode=17/30 sample=zero_boundary_037 soc=0.7997 fc=0
progress step=84650 round=7/40 episode=18/30 sample=zero_boundary_038 soc=0.7093 fc=120
progress step=84700 round=7/40 episode=18/30 sample=zero_boundary_038 soc=0.6722 fc=530
progress step=84750 round=7/40 episode=18/30 sample=zero_boundary_038 soc=0.6782 fc=210
progress step=84800 round=7/40 episode=18/30 sample=zero_boundary_038 soc=0.6176 fc=300
progress step=84850 round=7/40 episode=18/30 sample=zero_boundary_038 soc=0.4904 fc=220
progress step=84900 round=7/40 episode=18/30 sample=zero_boundary_038 soc=0.4333 fc=550
progress step=84950 round=7/40 episode=18/30 sample=zero_boundary_038 soc=0.6249 fc=530
progress step=85000 round=7/40 episode=18/30 sample=zero_boundary_038 soc=0.7881 fc=340
progress step=85050 round=7/40 episode=18/30 sample=zero_boundary_038 soc=0.7993 fc=60
progress step=85100 round=7/40 episode=18/30 sample=zero_boundary_038 soc=0.7896 fc=210
progress step=85150 round=7/40 episode=18/30 sample=zero_boundary_038 soc=0.7674 fc=100
progress step=85200 round=7/40 episode=18/30 sample=zero_boundary_038 soc=0.7509 fc=530
progress step=85250 round=7/40 episode=18/30 sample=zero_boundary_038 soc=0.7274 fc=70
progress step=85300 round=7/40 episode=18/30 sample=zero_boundary_038 soc=0.7999 fc=30
progress step=85350 round=7/40 episode=19/30 sample=zero_boundary_040 soc=0.6301 fc=10
progress step=85400 round=7/40 episode=19/30 sample=zero_boundary_040 soc=0.5991 fc=470
progress step=85450 round=7/40 episode=19/30 sample=zero_boundary_040 soc=0.6031 fc=420
progress step=85500 round=7/40 episode=19/30 sample=zero_boundary_040 soc=0.5030 fc=370
progress step=85550 round=7/40 episode=19/30 sample=zero_boundary_040 soc=0.5233 fc=310
progress step=85600 round=7/40 episode=19/30 sample=zero_boundary_040 soc=0.5454 fc=150
progress step=85650 round=7/40 episode=19/30 sample=zero_boundary_040 soc=0.7173 fc=100
progress step=85700 round=7/40 episode=19/30 sample=zero_boundary_040 soc=0.7162 fc=420
progress step=85750 round=7/40 episode=19/30 sample=zero_boundary_040 soc=0.6566 fc=210
progress step=85800 round=7/40 episode=19/30 sample=zero_boundary_040 soc=0.6146 fc=430
progress step=85850 round=7/40 episode=20/30 sample=zero_boundary_041 soc=0.6323 fc=260
progress step=85900 round=7/40 episode=20/30 sample=zero_boundary_041 soc=0.5681 fc=80
progress step=85950 round=7/40 episode=20/30 sample=zero_boundary_041 soc=0.3207 fc=370
progress step=86000 round=7/40 episode=21/30 sample=zero_boundary_042 soc=0.6588 fc=150
progress step=86050 round=7/40 episode=21/30 sample=zero_boundary_042 soc=0.6095 fc=460
progress step=86100 round=7/40 episode=21/30 sample=zero_boundary_042 soc=0.4789 fc=130
progress step=86150 round=7/40 episode=21/30 sample=zero_boundary_042 soc=0.2370 fc=280
progress step=86200 round=7/40 episode=21/30 sample=zero_boundary_042 soc=0.2003 fc=540
progress step=86250 round=7/40 episode=21/30 sample=zero_boundary_042 soc=0.2057 fc=440
progress step=86300 round=7/40 episode=21/30 sample=zero_boundary_042 soc=0.2404 fc=370
progress step=86350 round=7/40 episode=22/30 sample=zero_boundary_044 soc=0.6334 fc=380
progress step=86400 round=7/40 episode=22/30 sample=zero_boundary_044 soc=0.5824 fc=490
progress step=86450 round=7/40 episode=22/30 sample=zero_boundary_044 soc=0.4191 fc=370
progress step=86500 round=7/40 episode=23/30 sample=zero_boundary_045 soc=0.6580 fc=320
progress step=86550 round=7/40 episode=23/30 sample=zero_boundary_045 soc=0.6616 fc=190
progress step=86600 round=7/40 episode=23/30 sample=zero_boundary_045 soc=0.5931 fc=170
progress step=86650 round=7/40 episode=23/30 sample=zero_boundary_045 soc=0.4553 fc=380
progress step=86700 round=7/40 episode=23/30 sample=zero_boundary_045 soc=0.2313 fc=530
progress step=86750 round=7/40 episode=24/30 sample=zero_boundary_046 soc=0.6298 fc=220
progress step=86800 round=7/40 episode=24/30 sample=zero_boundary_046 soc=0.4184 fc=90
progress step=86850 round=7/40 episode=24/30 sample=zero_boundary_046 soc=0.2217 fc=260
progress step=86900 round=7/40 episode=25/30 sample=zero_boundary_048 soc=0.6464 fc=10
progress step=86950 round=7/40 episode=25/30 sample=zero_boundary_048 soc=0.5103 fc=480
progress step=87000 round=7/40 episode=25/30 sample=zero_boundary_048 soc=0.4234 fc=450
progress step=87050 round=7/40 episode=25/30 sample=zero_boundary_048 soc=0.5161 fc=530
progress step=87100 round=7/40 episode=25/30 sample=zero_boundary_048 soc=0.5110 fc=50
progress step=87150 round=7/40 episode=26/30 sample=zero_boundary_049 soc=0.6383 fc=390
progress step=87200 round=7/40 episode=26/30 sample=zero_boundary_049 soc=0.6913 fc=370
progress step=87250 round=7/40 episode=26/30 sample=zero_boundary_049 soc=0.6650 fc=520
progress step=87300 round=7/40 episode=26/30 sample=zero_boundary_049 soc=0.6792 fc=530
progress step=87350 round=7/40 episode=26/30 sample=zero_boundary_049 soc=0.7443 fc=70
progress step=87400 round=7/40 episode=26/30 sample=zero_boundary_049 soc=0.8000 fc=10
progress step=87450 round=7/40 episode=27/30 sample=zero_boundary_050 soc=0.6631 fc=200
progress step=87500 round=7/40 episode=27/30 sample=zero_boundary_050 soc=0.5418 fc=460
progress step=87550 round=7/40 episode=27/30 sample=zero_boundary_050 soc=0.3744 fc=110
progress step=87600 round=7/40 episode=27/30 sample=zero_boundary_050 soc=0.2630 fc=430
progress step=87650 round=7/40 episode=28/30 sample=zero_boundary_051 soc=0.6401 fc=210
progress step=87700 round=7/40 episode=28/30 sample=zero_boundary_051 soc=0.6666 fc=590
progress step=87750 round=7/40 episode=28/30 sample=zero_boundary_051 soc=0.7370 fc=460
progress step=87800 round=7/40 episode=29/30 sample=zero_boundary_052 soc=0.6866 fc=150
progress step=87850 round=7/40 episode=29/30 sample=zero_boundary_052 soc=0.5076 fc=320
progress step=87900 round=7/40 episode=29/30 sample=zero_boundary_052 soc=0.3948 fc=120
progress step=87950 round=7/40 episode=29/30 sample=zero_boundary_052 soc=0.5071 fc=490
progress step=88000 round=7/40 episode=30/30 sample=zero_boundary_053 soc=0.6068 fc=410
progress step=88050 round=7/40 episode=30/30 sample=zero_boundary_053 soc=0.7417 fc=280
progress step=88100 round=7/40 episode=30/30 sample=zero_boundary_053 soc=0.6374 fc=550
progress step=88150 round=7/40 episode=30/30 sample=zero_boundary_053 soc=0.6474 fc=130
progress step=88200 round=7/40 episode=30/30 sample=zero_boundary_053 soc=0.6869 fc=370
progress step=88250 round=7/40 episode=30/30 sample=zero_boundary_053 soc=0.7977 fc=150
round 7/40 exploratory=20/30 greedy_train start
round 7/40 greedy_train=30/30 validation start
MONITOR round=7 exploratory=20/30 greedy_train=30/30 validation=8/8 cost=37846.98803339394 updates=2688 best_round=7
round 8/40 start epsilon=0.8295
progress step=88300 round=8/40 episode=1/30 sample=zero_boundary_002 soc=0.7851 fc=210
progress step=88350 round=8/40 episode=1/30 sample=zero_boundary_002 soc=0.5717 fc=600
progress step=88400 round=8/40 episode=1/30 sample=zero_boundary_002 soc=0.6037 fc=540
progress step=88450 round=8/40 episode=1/30 sample=zero_boundary_002 soc=0.5484 fc=210
progress step=88500 round=8/40 episode=1/30 sample=zero_boundary_002 soc=0.6051 fc=540
progress step=88550 round=8/40 episode=2/30 sample=zero_boundary_005 soc=0.6000 fc=460
progress step=88600 round=8/40 episode=2/30 sample=zero_boundary_005 soc=0.7176 fc=240
progress step=88650 round=8/40 episode=2/30 sample=zero_boundary_005 soc=0.5540 fc=570
progress step=88700 round=8/40 episode=2/30 sample=zero_boundary_005 soc=0.5581 fc=330
progress step=88750 round=8/40 episode=2/30 sample=zero_boundary_005 soc=0.5423 fc=600
progress step=88800 round=8/40 episode=2/30 sample=zero_boundary_005 soc=0.5147 fc=600
progress step=88850 round=8/40 episode=3/30 sample=zero_boundary_006 soc=0.6104 fc=130
progress step=88900 round=8/40 episode=3/30 sample=zero_boundary_006 soc=0.7754 fc=590
progress step=88950 round=8/40 episode=3/30 sample=zero_boundary_006 soc=0.7966 fc=330
progress step=89000 round=8/40 episode=3/30 sample=zero_boundary_006 soc=0.7990 fc=150
progress step=89050 round=8/40 episode=3/30 sample=zero_boundary_006 soc=0.7965 fc=130
progress step=89100 round=8/40 episode=3/30 sample=zero_boundary_006 soc=0.7994 fc=190
progress step=89150 round=8/40 episode=3/30 sample=zero_boundary_006 soc=0.7995 fc=80
progress step=89200 round=8/40 episode=4/30 sample=zero_boundary_007 soc=0.6058 fc=440
progress step=89250 round=8/40 episode=4/30 sample=zero_boundary_007 soc=0.6643 fc=320
progress step=89300 round=8/40 episode=4/30 sample=zero_boundary_007 soc=0.6494 fc=310
progress step=89350 round=8/40 episode=4/30 sample=zero_boundary_007 soc=0.6834 fc=460
progress step=89400 round=8/40 episode=4/30 sample=zero_boundary_007 soc=0.7166 fc=300
progress step=89450 round=8/40 episode=4/30 sample=zero_boundary_007 soc=0.7183 fc=340
progress step=89500 round=8/40 episode=5/30 sample=zero_boundary_008 soc=0.6533 fc=580
progress step=89550 round=8/40 episode=5/30 sample=zero_boundary_008 soc=0.3719 fc=510
progress step=89600 round=8/40 episode=6/30 sample=zero_boundary_011 soc=0.7127 fc=270
progress step=89650 round=8/40 episode=6/30 sample=zero_boundary_011 soc=0.7866 fc=290
progress step=89700 round=8/40 episode=6/30 sample=zero_boundary_011 soc=0.6667 fc=460
progress step=89750 round=8/40 episode=6/30 sample=zero_boundary_011 soc=0.5452 fc=460
progress step=89800 round=8/40 episode=6/30 sample=zero_boundary_011 soc=0.4525 fc=20
progress step=89850 round=8/40 episode=6/30 sample=zero_boundary_011 soc=0.3965 fc=460
progress step=89900 round=8/40 episode=6/30 sample=zero_boundary_011 soc=0.5990 fc=210
progress step=89950 round=8/40 episode=6/30 sample=zero_boundary_011 soc=0.7946 fc=430
progress step=90000 round=8/40 episode=6/30 sample=zero_boundary_011 soc=0.7994 fc=0
progress step=90050 round=8/40 episode=6/30 sample=zero_boundary_011 soc=0.7999 fc=10
progress step=90100 round=8/40 episode=6/30 sample=zero_boundary_011 soc=0.7960 fc=120
progress step=90150 round=8/40 episode=6/30 sample=zero_boundary_011 soc=0.7970 fc=120
progress step=90200 round=8/40 episode=6/30 sample=zero_boundary_011 soc=0.7933 fc=530
progress step=90250 round=8/40 episode=6/30 sample=zero_boundary_011 soc=0.7987 fc=50
progress step=90300 round=8/40 episode=6/30 sample=zero_boundary_011 soc=0.7795 fc=460
progress step=90350 round=8/40 episode=7/30 sample=zero_boundary_013 soc=0.7214 fc=280
progress step=90400 round=8/40 episode=7/30 sample=zero_boundary_013 soc=0.7988 fc=210
progress step=90450 round=8/40 episode=7/30 sample=zero_boundary_013 soc=0.7955 fc=260
progress step=90500 round=8/40 episode=7/30 sample=zero_boundary_013 soc=0.7626 fc=400
progress step=90550 round=8/40 episode=7/30 sample=zero_boundary_013 soc=0.7990 fc=220
progress step=90600 round=8/40 episode=7/30 sample=zero_boundary_013 soc=0.7927 fc=390
progress step=90650 round=8/40 episode=7/30 sample=zero_boundary_013 soc=0.7990 fc=90
progress step=90700 round=8/40 episode=8/30 sample=zero_boundary_015 soc=0.6741 fc=230
progress step=90750 round=8/40 episode=8/30 sample=zero_boundary_015 soc=0.6696 fc=160
progress step=90800 round=8/40 episode=8/30 sample=zero_boundary_015 soc=0.2631 fc=430
progress step=90850 round=8/40 episode=9/30 sample=zero_boundary_016 soc=0.7563 fc=260
progress step=90900 round=8/40 episode=9/30 sample=zero_boundary_016 soc=0.7428 fc=160
progress step=90950 round=8/40 episode=9/30 sample=zero_boundary_016 soc=0.5547 fc=270
progress step=91000 round=8/40 episode=9/30 sample=zero_boundary_016 soc=0.3397 fc=130
progress step=91050 round=8/40 episode=10/30 sample=zero_boundary_017 soc=0.5813 fc=510
progress step=91100 round=8/40 episode=10/30 sample=zero_boundary_017 soc=0.4047 fc=30
progress step=91150 round=8/40 episode=11/30 sample=zero_boundary_020 soc=0.6101 fc=590
progress step=91200 round=8/40 episode=11/30 sample=zero_boundary_020 soc=0.6635 fc=300
progress step=91250 round=8/40 episode=11/30 sample=zero_boundary_020 soc=0.7058 fc=190
progress step=91300 round=8/40 episode=12/30 sample=zero_boundary_021 soc=0.7503 fc=370
progress step=91350 round=8/40 episode=12/30 sample=zero_boundary_021 soc=0.7961 fc=210
progress step=91400 round=8/40 episode=12/30 sample=zero_boundary_021 soc=0.7101 fc=180
progress step=91450 round=8/40 episode=12/30 sample=zero_boundary_021 soc=0.6200 fc=30
progress step=91500 round=8/40 episode=13/30 sample=zero_boundary_022 soc=0.6115 fc=260
progress step=91550 round=8/40 episode=13/30 sample=zero_boundary_022 soc=0.6667 fc=360
progress step=91600 round=8/40 episode=13/30 sample=zero_boundary_022 soc=0.6548 fc=70
progress step=91650 round=8/40 episode=13/30 sample=zero_boundary_022 soc=0.7309 fc=340
progress step=91700 round=8/40 episode=14/30 sample=zero_boundary_029 soc=0.6727 fc=480
progress step=91750 round=8/40 episode=14/30 sample=zero_boundary_029 soc=0.7681 fc=430
progress step=91800 round=8/40 episode=14/30 sample=zero_boundary_029 soc=0.7254 fc=340
progress step=91850 round=8/40 episode=14/30 sample=zero_boundary_029 soc=0.7198 fc=60
progress step=91900 round=8/40 episode=14/30 sample=zero_boundary_029 soc=0.7953 fc=430
progress step=91950 round=8/40 episode=14/30 sample=zero_boundary_029 soc=0.7997 fc=30
progress step=92000 round=8/40 episode=14/30 sample=zero_boundary_029 soc=0.7959 fc=580
progress step=92050 round=8/40 episode=14/30 sample=zero_boundary_029 soc=0.7999 fc=0
progress step=92100 round=8/40 episode=14/30 sample=zero_boundary_029 soc=0.7999 fc=0
progress step=92150 round=8/40 episode=14/30 sample=zero_boundary_029 soc=0.7999 fc=0
progress step=92200 round=8/40 episode=14/30 sample=zero_boundary_029 soc=0.7999 fc=0
progress step=92250 round=8/40 episode=14/30 sample=zero_boundary_029 soc=0.7999 fc=0
progress step=92300 round=8/40 episode=14/30 sample=zero_boundary_029 soc=0.7999 fc=0
progress step=92350 round=8/40 episode=14/30 sample=zero_boundary_029 soc=0.7999 fc=0
progress step=92400 round=8/40 episode=14/30 sample=zero_boundary_029 soc=0.7999 fc=0
progress step=92450 round=8/40 episode=14/30 sample=zero_boundary_029 soc=0.7999 fc=0
progress step=92500 round=8/40 episode=14/30 sample=zero_boundary_029 soc=0.7999 fc=0
progress step=92550 round=8/40 episode=14/30 sample=zero_boundary_029 soc=0.7999 fc=0
progress step=92600 round=8/40 episode=14/30 sample=zero_boundary_029 soc=0.7998 fc=160
progress step=92650 round=8/40 episode=14/30 sample=zero_boundary_029 soc=0.7997 fc=310
progress step=92700 round=8/40 episode=14/30 sample=zero_boundary_029 soc=0.7759 fc=160
progress step=92750 round=8/40 episode=15/30 sample=zero_boundary_033 soc=0.6236 fc=410
progress step=92800 round=8/40 episode=15/30 sample=zero_boundary_033 soc=0.7417 fc=160
progress step=92850 round=8/40 episode=15/30 sample=zero_boundary_033 soc=0.7318 fc=180
progress step=92900 round=8/40 episode=15/30 sample=zero_boundary_033 soc=0.6831 fc=430
progress step=92950 round=8/40 episode=15/30 sample=zero_boundary_033 soc=0.6314 fc=580
progress step=93000 round=8/40 episode=15/30 sample=zero_boundary_033 soc=0.6672 fc=220
progress step=93050 round=8/40 episode=15/30 sample=zero_boundary_033 soc=0.5463 fc=20
progress step=93100 round=8/40 episode=15/30 sample=zero_boundary_033 soc=0.6555 fc=480
progress step=93150 round=8/40 episode=15/30 sample=zero_boundary_033 soc=0.7999 fc=0
progress step=93200 round=8/40 episode=15/30 sample=zero_boundary_033 soc=0.7999 fc=0
progress step=93250 round=8/40 episode=15/30 sample=zero_boundary_033 soc=0.8000 fc=0
progress step=93300 round=8/40 episode=15/30 sample=zero_boundary_033 soc=0.8000 fc=0
progress step=93350 round=8/40 episode=15/30 sample=zero_boundary_033 soc=0.8000 fc=0
progress step=93400 round=8/40 episode=15/30 sample=zero_boundary_033 soc=0.8000 fc=0
progress step=93450 round=8/40 episode=15/30 sample=zero_boundary_033 soc=0.8000 fc=0
progress step=93500 round=8/40 episode=15/30 sample=zero_boundary_033 soc=0.7996 fc=60
progress step=93550 round=8/40 episode=15/30 sample=zero_boundary_033 soc=0.7995 fc=40
progress step=93600 round=8/40 episode=15/30 sample=zero_boundary_033 soc=0.7998 fc=0
progress step=93650 round=8/40 episode=15/30 sample=zero_boundary_033 soc=0.7997 fc=50
progress step=93700 round=8/40 episode=15/30 sample=zero_boundary_033 soc=0.7999 fc=30
progress step=93750 round=8/40 episode=16/30 sample=zero_boundary_034 soc=0.7369 fc=60
progress step=93800 round=8/40 episode=16/30 sample=zero_boundary_034 soc=0.8000 fc=0
progress step=93850 round=8/40 episode=16/30 sample=zero_boundary_034 soc=0.8000 fc=0
progress step=93900 round=8/40 episode=16/30 sample=zero_boundary_034 soc=0.8000 fc=0
progress step=93950 round=8/40 episode=16/30 sample=zero_boundary_034 soc=0.8000 fc=0
progress step=94000 round=8/40 episode=16/30 sample=zero_boundary_034 soc=0.8000 fc=0
progress step=94050 round=8/40 episode=16/30 sample=zero_boundary_034 soc=0.8000 fc=0
progress step=94100 round=8/40 episode=16/30 sample=zero_boundary_034 soc=0.8000 fc=0
progress step=94150 round=8/40 episode=16/30 sample=zero_boundary_034 soc=0.8000 fc=0
progress step=94200 round=8/40 episode=16/30 sample=zero_boundary_034 soc=0.8000 fc=0
progress step=94250 round=8/40 episode=16/30 sample=zero_boundary_034 soc=0.8000 fc=0
progress step=94300 round=8/40 episode=16/30 sample=zero_boundary_034 soc=0.8000 fc=0
progress step=94350 round=8/40 episode=16/30 sample=zero_boundary_034 soc=0.8000 fc=0
progress step=94400 round=8/40 episode=16/30 sample=zero_boundary_034 soc=0.8000 fc=0
progress step=94450 round=8/40 episode=16/30 sample=zero_boundary_034 soc=0.8000 fc=0
progress step=94500 round=8/40 episode=16/30 sample=zero_boundary_034 soc=0.8000 fc=0
progress step=94550 round=8/40 episode=16/30 sample=zero_boundary_034 soc=0.8000 fc=0
progress step=94600 round=8/40 episode=16/30 sample=zero_boundary_034 soc=0.7990 fc=20
progress step=94650 round=8/40 episode=16/30 sample=zero_boundary_034 soc=0.7992 fc=30
progress step=94700 round=8/40 episode=16/30 sample=zero_boundary_034 soc=0.7992 fc=60
progress step=94750 round=8/40 episode=16/30 sample=zero_boundary_034 soc=0.7923 fc=430
progress step=94800 round=8/40 episode=16/30 sample=zero_boundary_034 soc=0.7777 fc=220
progress step=94850 round=8/40 episode=16/30 sample=zero_boundary_034 soc=0.7997 fc=50
progress step=94900 round=8/40 episode=16/30 sample=zero_boundary_034 soc=0.7999 fc=0
progress step=94950 round=8/40 episode=16/30 sample=zero_boundary_034 soc=0.7999 fc=0
progress step=95000 round=8/40 episode=16/30 sample=zero_boundary_034 soc=0.7999 fc=0
progress step=95050 round=8/40 episode=16/30 sample=zero_boundary_034 soc=0.7999 fc=0
progress step=95100 round=8/40 episode=16/30 sample=zero_boundary_034 soc=0.7999 fc=0
progress step=95150 round=8/40 episode=16/30 sample=zero_boundary_034 soc=0.7999 fc=0
progress step=95200 round=8/40 episode=16/30 sample=zero_boundary_034 soc=0.7999 fc=0
progress step=95250 round=8/40 episode=16/30 sample=zero_boundary_034 soc=0.7999 fc=0
progress step=95300 round=8/40 episode=16/30 sample=zero_boundary_034 soc=0.7999 fc=0
progress step=95350 round=8/40 episode=16/30 sample=zero_boundary_034 soc=0.7993 fc=20
progress step=95400 round=8/40 episode=17/30 sample=zero_boundary_037 soc=0.7111 fc=160
progress step=95450 round=8/40 episode=17/30 sample=zero_boundary_037 soc=0.7721 fc=310
progress step=95500 round=8/40 episode=17/30 sample=zero_boundary_037 soc=0.7917 fc=110
progress step=95550 round=8/40 episode=17/30 sample=zero_boundary_037 soc=0.7993 fc=40
progress step=95600 round=8/40 episode=17/30 sample=zero_boundary_037 soc=0.7952 fc=590
progress step=95650 round=8/40 episode=17/30 sample=zero_boundary_037 soc=0.7117 fc=180
progress step=95700 round=8/40 episode=17/30 sample=zero_boundary_037 soc=0.5617 fc=150
progress step=95750 round=8/40 episode=17/30 sample=zero_boundary_037 soc=0.6880 fc=430
progress step=95800 round=8/40 episode=17/30 sample=zero_boundary_037 soc=0.7994 fc=100
progress step=95850 round=8/40 episode=17/30 sample=zero_boundary_037 soc=0.7993 fc=10
progress step=95900 round=8/40 episode=17/30 sample=zero_boundary_037 soc=0.7991 fc=60
progress step=95950 round=8/40 episode=17/30 sample=zero_boundary_037 soc=0.7997 fc=60
progress step=96000 round=8/40 episode=17/30 sample=zero_boundary_037 soc=0.7992 fc=60
progress step=96050 round=8/40 episode=17/30 sample=zero_boundary_037 soc=0.7995 fc=50
progress step=96100 round=8/40 episode=17/30 sample=zero_boundary_037 soc=0.7984 fc=110
progress step=96150 round=8/40 episode=17/30 sample=zero_boundary_037 soc=0.7988 fc=80
progress step=96200 round=8/40 episode=17/30 sample=zero_boundary_037 soc=0.7990 fc=140
progress step=96250 round=8/40 episode=17/30 sample=zero_boundary_037 soc=0.7993 fc=20
progress step=96300 round=8/40 episode=17/30 sample=zero_boundary_037 soc=0.7994 fc=0
progress step=96350 round=8/40 episode=17/30 sample=zero_boundary_037 soc=0.7999 fc=0
progress step=96400 round=8/40 episode=17/30 sample=zero_boundary_037 soc=0.7999 fc=0
progress step=96450 round=8/40 episode=17/30 sample=zero_boundary_037 soc=0.7999 fc=0
progress step=96500 round=8/40 episode=17/30 sample=zero_boundary_037 soc=0.7989 fc=60
progress step=96550 round=8/40 episode=17/30 sample=zero_boundary_037 soc=0.7999 fc=30
progress step=96600 round=8/40 episode=17/30 sample=zero_boundary_037 soc=0.7997 fc=0
progress step=96650 round=8/40 episode=17/30 sample=zero_boundary_037 soc=0.7989 fc=130
progress step=96700 round=8/40 episode=17/30 sample=zero_boundary_037 soc=0.7989 fc=0
progress step=96750 round=8/40 episode=17/30 sample=zero_boundary_037 soc=0.7997 fc=30
progress step=96800 round=8/40 episode=17/30 sample=zero_boundary_037 soc=0.7995 fc=60
progress step=96850 round=8/40 episode=17/30 sample=zero_boundary_037 soc=0.7996 fc=0
progress step=96900 round=8/40 episode=17/30 sample=zero_boundary_037 soc=0.7994 fc=20
progress step=96950 round=8/40 episode=17/30 sample=zero_boundary_037 soc=0.7996 fc=30
progress step=97000 round=8/40 episode=17/30 sample=zero_boundary_037 soc=0.7993 fc=60
progress step=97050 round=8/40 episode=17/30 sample=zero_boundary_037 soc=0.7993 fc=70
progress step=97100 round=8/40 episode=17/30 sample=zero_boundary_037 soc=0.7993 fc=20
progress step=97150 round=8/40 episode=17/30 sample=zero_boundary_037 soc=0.7997 fc=20
progress step=97200 round=8/40 episode=17/30 sample=zero_boundary_037 soc=0.7998 fc=10
progress step=97250 round=8/40 episode=17/30 sample=zero_boundary_037 soc=0.7998 fc=10
progress step=97300 round=8/40 episode=18/30 sample=zero_boundary_038 soc=0.6833 fc=500
progress step=97350 round=8/40 episode=18/30 sample=zero_boundary_038 soc=0.6360 fc=480
progress step=97400 round=8/40 episode=18/30 sample=zero_boundary_038 soc=0.6205 fc=430
progress step=97450 round=8/40 episode=18/30 sample=zero_boundary_038 soc=0.5201 fc=410
progress step=97500 round=8/40 episode=18/30 sample=zero_boundary_038 soc=0.4246 fc=430
progress step=97550 round=8/40 episode=18/30 sample=zero_boundary_038 soc=0.4363 fc=350
progress step=97600 round=8/40 episode=18/30 sample=zero_boundary_038 soc=0.5950 fc=130
progress step=97650 round=8/40 episode=18/30 sample=zero_boundary_038 soc=0.7708 fc=430
progress step=97700 round=8/40 episode=18/30 sample=zero_boundary_038 soc=0.7989 fc=60
progress step=97750 round=8/40 episode=18/30 sample=zero_boundary_038 soc=0.7663 fc=280
progress step=97800 round=8/40 episode=18/30 sample=zero_boundary_038 soc=0.7297 fc=270
progress step=97850 round=8/40 episode=18/30 sample=zero_boundary_038 soc=0.6790 fc=310
progress step=97900 round=8/40 episode=18/30 sample=zero_boundary_038 soc=0.6666 fc=260
progress step=97950 round=8/40 episode=18/30 sample=zero_boundary_038 soc=0.7945 fc=100
progress step=98000 round=8/40 episode=19/30 sample=zero_boundary_040 soc=0.6410 fc=370
progress step=98050 round=8/40 episode=19/30 sample=zero_boundary_040 soc=0.5644 fc=460
progress step=98100 round=8/40 episode=19/30 sample=zero_boundary_040 soc=0.5386 fc=130
progress step=98150 round=8/40 episode=19/30 sample=zero_boundary_040 soc=0.4966 fc=60
progress step=98200 round=8/40 episode=19/30 sample=zero_boundary_040 soc=0.4550 fc=350
progress step=98250 round=8/40 episode=19/30 sample=zero_boundary_040 soc=0.4722 fc=430
progress step=98300 round=8/40 episode=19/30 sample=zero_boundary_040 soc=0.6167 fc=490
progress step=98350 round=8/40 episode=19/30 sample=zero_boundary_040 soc=0.5509 fc=350
progress step=98400 round=8/40 episode=19/30 sample=zero_boundary_040 soc=0.4757 fc=550
progress step=98450 round=8/40 episode=19/30 sample=zero_boundary_040 soc=0.5048 fc=430
progress step=98500 round=8/40 episode=20/30 sample=zero_boundary_041 soc=0.5805 fc=430
progress step=98550 round=8/40 episode=20/30 sample=zero_boundary_041 soc=0.4539 fc=380
progress step=98600 round=8/40 episode=20/30 sample=zero_boundary_041 soc=0.2029 fc=460
progress step=98650 round=8/40 episode=21/30 sample=zero_boundary_042 soc=0.7117 fc=430
progress step=98700 round=8/40 episode=21/30 sample=zero_boundary_042 soc=0.5713 fc=190
progress step=98750 round=8/40 episode=21/30 sample=zero_boundary_042 soc=0.3732 fc=320
progress step=98800 round=8/40 episode=21/30 sample=zero_boundary_042 soc=0.2184 fc=260
progress step=98850 round=8/40 episode=21/30 sample=zero_boundary_042 soc=0.2004 fc=560
progress step=98900 round=8/40 episode=21/30 sample=zero_boundary_042 soc=0.2771 fc=250
progress step=98950 round=8/40 episode=21/30 sample=zero_boundary_042 soc=0.2001 fc=600
progress step=99000 round=8/40 episode=22/30 sample=zero_boundary_044 soc=0.6221 fc=570
progress step=99050 round=8/40 episode=22/30 sample=zero_boundary_044 soc=0.5086 fc=190
progress step=99100 round=8/40 episode=22/30 sample=zero_boundary_044 soc=0.2625 fc=230
progress step=99150 round=8/40 episode=23/30 sample=zero_boundary_045 soc=0.6883 fc=430
progress step=99200 round=8/40 episode=23/30 sample=zero_boundary_045 soc=0.6359 fc=220
progress step=99250 round=8/40 episode=23/30 sample=zero_boundary_045 soc=0.5775 fc=570
progress step=99300 round=8/40 episode=23/30 sample=zero_boundary_045 soc=0.3507 fc=570
progress step=99350 round=8/40 episode=24/30 sample=zero_boundary_046 soc=0.5915 fc=30
progress step=99400 round=8/40 episode=24/30 sample=zero_boundary_046 soc=0.4696 fc=140
progress step=99450 round=8/40 episode=24/30 sample=zero_boundary_046 soc=0.3138 fc=460
progress step=99500 round=8/40 episode=25/30 sample=zero_boundary_048 soc=0.6319 fc=530
progress step=99550 round=8/40 episode=25/30 sample=zero_boundary_048 soc=0.5575 fc=80
progress step=99600 round=8/40 episode=25/30 sample=zero_boundary_048 soc=0.4246 fc=100
progress step=99650 round=8/40 episode=25/30 sample=zero_boundary_048 soc=0.3507 fc=220
progress step=99700 round=8/40 episode=25/30 sample=zero_boundary_048 soc=0.4558 fc=130
progress step=99750 round=8/40 episode=25/30 sample=zero_boundary_048 soc=0.4359 fc=20
progress step=99800 round=8/40 episode=26/30 sample=zero_boundary_049 soc=0.6677 fc=430
progress step=99850 round=8/40 episode=26/30 sample=zero_boundary_049 soc=0.6718 fc=270
progress step=99900 round=8/40 episode=26/30 sample=zero_boundary_049 soc=0.6896 fc=560
progress step=99950 round=8/40 episode=26/30 sample=zero_boundary_049 soc=0.7033 fc=350
progress step=100000 round=8/40 episode=26/30 sample=zero_boundary_049 soc=0.7564 fc=390
progress step=100050 round=8/40 episode=27/30 sample=zero_boundary_050 soc=0.6209 fc=330
progress step=100100 round=8/40 episode=27/30 sample=zero_boundary_050 soc=0.6609 fc=380
progress step=100150 round=8/40 episode=27/30 sample=zero_boundary_050 soc=0.5149 fc=200
progress step=100200 round=8/40 episode=27/30 sample=zero_boundary_050 soc=0.3878 fc=380
progress step=100250 round=8/40 episode=27/30 sample=zero_boundary_050 soc=0.2317 fc=290
progress step=100300 round=8/40 episode=28/30 sample=zero_boundary_051 soc=0.6284 fc=580
progress step=100350 round=8/40 episode=28/30 sample=zero_boundary_051 soc=0.6609 fc=280
progress step=100400 round=8/40 episode=29/30 sample=zero_boundary_052 soc=0.6000 fc=200
progress step=100450 round=8/40 episode=29/30 sample=zero_boundary_052 soc=0.6522 fc=270
progress step=100500 round=8/40 episode=29/30 sample=zero_boundary_052 soc=0.4318 fc=340
progress step=100550 round=8/40 episode=29/30 sample=zero_boundary_052 soc=0.3926 fc=80
progress step=100600 round=8/40 episode=29/30 sample=zero_boundary_052 soc=0.4757 fc=410
progress step=100650 round=8/40 episode=30/30 sample=zero_boundary_053 soc=0.6484 fc=80
progress step=100700 round=8/40 episode=30/30 sample=zero_boundary_053 soc=0.6881 fc=430
progress step=100750 round=8/40 episode=30/30 sample=zero_boundary_053 soc=0.5584 fc=10
progress step=100800 round=8/40 episode=30/30 sample=zero_boundary_053 soc=0.6270 fc=510
progress step=100850 round=8/40 episode=30/30 sample=zero_boundary_053 soc=0.6579 fc=420
round 8/40 exploratory=20/30 greedy_train start
MONITOR round=8 exploratory=20/30 greedy_train=28/30 validation=SKIPPED cost=None updates=3008 best_round=7
round 9/40 start epsilon=0.8051
progress step=100900 round=9/40 episode=1/30 sample=zero_boundary_002 soc=0.6260 fc=400
progress step=100950 round=9/40 episode=1/30 sample=zero_boundary_002 soc=0.7180 fc=190
progress step=101000 round=9/40 episode=1/30 sample=zero_boundary_002 soc=0.4004 fc=340
progress step=101050 round=9/40 episode=1/30 sample=zero_boundary_002 soc=0.5069 fc=480
progress step=101100 round=9/40 episode=1/30 sample=zero_boundary_002 soc=0.4518 fc=60
progress step=101150 round=9/40 episode=1/30 sample=zero_boundary_002 soc=0.5108 fc=490
progress step=101200 round=9/40 episode=2/30 sample=zero_boundary_005 soc=0.6460 fc=270
progress step=101250 round=9/40 episode=2/30 sample=zero_boundary_005 soc=0.7092 fc=430
progress step=101300 round=9/40 episode=2/30 sample=zero_boundary_005 soc=0.5848 fc=190
progress step=101350 round=9/40 episode=2/30 sample=zero_boundary_005 soc=0.5423 fc=160
progress step=101400 round=9/40 episode=2/30 sample=zero_boundary_005 soc=0.4873 fc=430
progress step=101450 round=9/40 episode=2/30 sample=zero_boundary_005 soc=0.5068 fc=430
progress step=101500 round=9/40 episode=3/30 sample=zero_boundary_006 soc=0.6555 fc=80
progress step=101550 round=9/40 episode=3/30 sample=zero_boundary_006 soc=0.7986 fc=170
progress step=101600 round=9/40 episode=3/30 sample=zero_boundary_006 soc=0.7985 fc=10
progress step=101650 round=9/40 episode=3/30 sample=zero_boundary_006 soc=0.7972 fc=160
progress step=101700 round=9/40 episode=3/30 sample=zero_boundary_006 soc=0.7985 fc=150
progress step=101750 round=9/40 episode=3/30 sample=zero_boundary_006 soc=0.7974 fc=350
progress step=101800 round=9/40 episode=3/30 sample=zero_boundary_006 soc=0.7994 fc=110
progress step=101850 round=9/40 episode=4/30 sample=zero_boundary_007 soc=0.6442 fc=510
progress step=101900 round=9/40 episode=4/30 sample=zero_boundary_007 soc=0.6342 fc=490
progress step=101950 round=9/40 episode=4/30 sample=zero_boundary_007 soc=0.6235 fc=490
progress step=102000 round=9/40 episode=4/30 sample=zero_boundary_007 soc=0.7070 fc=290
progress step=102050 round=9/40 episode=4/30 sample=zero_boundary_007 soc=0.7016 fc=180
progress step=102100 round=9/40 episode=4/30 sample=zero_boundary_007 soc=0.6851 fc=320
progress step=102150 round=9/40 episode=5/30 sample=zero_boundary_008 soc=0.6994 fc=160
progress step=102200 round=9/40 episode=5/30 sample=zero_boundary_008 soc=0.2999 fc=390
progress step=102250 round=9/40 episode=6/30 sample=zero_boundary_011 soc=0.7336 fc=530
progress step=102300 round=9/40 episode=6/30 sample=zero_boundary_011 soc=0.7681 fc=100
progress step=102350 round=9/40 episode=6/30 sample=zero_boundary_011 soc=0.6555 fc=40
progress step=102400 round=9/40 episode=6/30 sample=zero_boundary_011 soc=0.5394 fc=270
progress step=102450 round=9/40 episode=6/30 sample=zero_boundary_011 soc=0.4248 fc=440
progress step=102500 round=9/40 episode=6/30 sample=zero_boundary_011 soc=0.3482 fc=80
progress step=102550 round=9/40 episode=6/30 sample=zero_boundary_011 soc=0.5774 fc=270
progress step=102600 round=9/40 episode=6/30 sample=zero_boundary_011 soc=0.7688 fc=440
progress step=102650 round=9/40 episode=6/30 sample=zero_boundary_011 soc=0.7999 fc=20
progress step=102700 round=9/40 episode=6/30 sample=zero_boundary_011 soc=0.7986 fc=120
progress step=102750 round=9/40 episode=6/30 sample=zero_boundary_011 soc=0.7925 fc=530
progress step=102800 round=9/40 episode=6/30 sample=zero_boundary_011 soc=0.7969 fc=160
progress step=102850 round=9/40 episode=6/30 sample=zero_boundary_011 soc=0.7970 fc=440
progress step=102900 round=9/40 episode=6/30 sample=zero_boundary_011 soc=0.7967 fc=260
progress step=102950 round=9/40 episode=6/30 sample=zero_boundary_011 soc=0.7986 fc=120
progress step=103000 round=9/40 episode=7/30 sample=zero_boundary_013 soc=0.7433 fc=440
progress step=103050 round=9/40 episode=7/30 sample=zero_boundary_013 soc=0.7986 fc=350
progress step=103100 round=9/40 episode=7/30 sample=zero_boundary_013 soc=0.7950 fc=70
progress step=103150 round=9/40 episode=7/30 sample=zero_boundary_013 soc=0.7850 fc=440
progress step=103200 round=9/40 episode=7/30 sample=zero_boundary_013 soc=0.7999 fc=120
progress step=103250 round=9/40 episode=7/30 sample=zero_boundary_013 soc=0.7961 fc=440
progress step=103300 round=9/40 episode=8/30 sample=zero_boundary_015 soc=0.6043 fc=320
progress step=103350 round=9/40 episode=8/30 sample=zero_boundary_015 soc=0.6641 fc=440
progress step=103400 round=9/40 episode=8/30 sample=zero_boundary_015 soc=0.6891 fc=440
progress step=103450 round=9/40 episode=8/30 sample=zero_boundary_015 soc=0.2088 fc=570
progress step=103500 round=9/40 episode=9/30 sample=zero_boundary_016 soc=0.7985 fc=70
progress step=103550 round=9/40 episode=9/30 sample=zero_boundary_016 soc=0.7421 fc=160
progress step=103600 round=9/40 episode=9/30 sample=zero_boundary_016 soc=0.5482 fc=260
progress step=103650 round=9/40 episode=9/30 sample=zero_boundary_016 soc=0.3438 fc=320
progress step=103700 round=9/40 episode=10/30 sample=zero_boundary_017 soc=0.6004 fc=440
progress step=103750 round=9/40 episode=10/30 sample=zero_boundary_017 soc=0.4278 fc=480
progress step=103800 round=9/40 episode=11/30 sample=zero_boundary_020 soc=0.6000 fc=10
progress step=103850 round=9/40 episode=11/30 sample=zero_boundary_020 soc=0.6372 fc=560
progress step=103900 round=9/40 episode=11/30 sample=zero_boundary_020 soc=0.6771 fc=20
progress step=103950 round=9/40 episode=12/30 sample=zero_boundary_021 soc=0.7183 fc=580
progress step=104000 round=9/40 episode=12/30 sample=zero_boundary_021 soc=0.7939 fc=380
progress step=104050 round=9/40 episode=12/30 sample=zero_boundary_021 soc=0.6981 fc=320
progress step=104100 round=9/40 episode=12/30 sample=zero_boundary_021 soc=0.6563 fc=530
progress step=104150 round=9/40 episode=12/30 sample=zero_boundary_021 soc=0.7178 fc=120
progress step=104200 round=9/40 episode=13/30 sample=zero_boundary_022 soc=0.6498 fc=530
progress step=104250 round=9/40 episode=13/30 sample=zero_boundary_022 soc=0.6302 fc=370
progress step=104300 round=9/40 episode=13/30 sample=zero_boundary_022 soc=0.6531 fc=140
progress step=104350 round=9/40 episode=14/30 sample=zero_boundary_029 soc=0.6564 fc=380
progress step=104400 round=9/40 episode=14/30 sample=zero_boundary_029 soc=0.7585 fc=230
progress step=104450 round=9/40 episode=14/30 sample=zero_boundary_029 soc=0.6881 fc=420
progress step=104500 round=9/40 episode=14/30 sample=zero_boundary_029 soc=0.6837 fc=480
progress step=104550 round=9/40 episode=14/30 sample=zero_boundary_029 soc=0.7945 fc=220
progress step=104600 round=9/40 episode=14/30 sample=zero_boundary_029 soc=0.7958 fc=230
progress step=104650 round=9/40 episode=14/30 sample=zero_boundary_029 soc=0.7958 fc=40
progress step=104700 round=9/40 episode=14/30 sample=zero_boundary_029 soc=0.8000 fc=0
progress step=104750 round=9/40 episode=14/30 sample=zero_boundary_029 soc=0.8000 fc=0
progress step=104800 round=9/40 episode=14/30 sample=zero_boundary_029 soc=0.8000 fc=0
progress step=104850 round=9/40 episode=14/30 sample=zero_boundary_029 soc=0.8000 fc=0
progress step=104900 round=9/40 episode=14/30 sample=zero_boundary_029 soc=0.8000 fc=0
progress step=104950 round=9/40 episode=14/30 sample=zero_boundary_029 soc=0.8000 fc=0
progress step=105000 round=9/40 episode=14/30 sample=zero_boundary_029 soc=0.8000 fc=0
progress step=105050 round=9/40 episode=14/30 sample=zero_boundary_029 soc=0.8000 fc=0
progress step=105100 round=9/40 episode=14/30 sample=zero_boundary_029 soc=0.8000 fc=0
progress step=105150 round=9/40 episode=14/30 sample=zero_boundary_029 soc=0.8000 fc=0
progress step=105200 round=9/40 episode=14/30 sample=zero_boundary_029 soc=0.8000 fc=0
progress step=105250 round=9/40 episode=14/30 sample=zero_boundary_029 soc=0.7988 fc=30
progress step=105300 round=9/40 episode=14/30 sample=zero_boundary_029 soc=0.7984 fc=240
progress step=105350 round=9/40 episode=14/30 sample=zero_boundary_029 soc=0.7821 fc=90
progress step=105400 round=9/40 episode=15/30 sample=zero_boundary_033 soc=0.6127 fc=160
progress step=105450 round=9/40 episode=15/30 sample=zero_boundary_033 soc=0.7594 fc=560
progress step=105500 round=9/40 episode=15/30 sample=zero_boundary_033 soc=0.7516 fc=420
progress step=105550 round=9/40 episode=15/30 sample=zero_boundary_033 soc=0.7102 fc=420
progress step=105600 round=9/40 episode=15/30 sample=zero_boundary_033 soc=0.6531 fc=340
progress step=105650 round=9/40 episode=15/30 sample=zero_boundary_033 soc=0.6827 fc=420
progress step=105700 round=9/40 episode=15/30 sample=zero_boundary_033 soc=0.5437 fc=420
progress step=105750 round=9/40 episode=15/30 sample=zero_boundary_033 soc=0.6466 fc=400
progress step=105800 round=9/40 episode=15/30 sample=zero_boundary_033 soc=0.7999 fc=0
progress step=105850 round=9/40 episode=15/30 sample=zero_boundary_033 soc=0.7999 fc=0
progress step=105900 round=9/40 episode=15/30 sample=zero_boundary_033 soc=0.7999 fc=0
progress step=105950 round=9/40 episode=15/30 sample=zero_boundary_033 soc=0.7999 fc=0
progress step=106000 round=9/40 episode=15/30 sample=zero_boundary_033 soc=0.7999 fc=0
progress step=106050 round=9/40 episode=15/30 sample=zero_boundary_033 soc=0.7999 fc=0
progress step=106100 round=9/40 episode=15/30 sample=zero_boundary_033 soc=0.7999 fc=0
progress step=106150 round=9/40 episode=15/30 sample=zero_boundary_033 soc=0.7999 fc=20
progress step=106200 round=9/40 episode=15/30 sample=zero_boundary_033 soc=0.7994 fc=40
progress step=106250 round=9/40 episode=15/30 sample=zero_boundary_033 soc=0.7998 fc=20
progress step=106300 round=9/40 episode=15/30 sample=zero_boundary_033 soc=0.7994 fc=60
progress step=106350 round=9/40 episode=15/30 sample=zero_boundary_033 soc=0.7994 fc=50
progress step=106400 round=9/40 episode=16/30 sample=zero_boundary_034 soc=0.6798 fc=30
progress step=106450 round=9/40 episode=16/30 sample=zero_boundary_034 soc=0.8000 fc=0
progress step=106500 round=9/40 episode=16/30 sample=zero_boundary_034 soc=0.8000 fc=0
progress step=106550 round=9/40 episode=16/30 sample=zero_boundary_034 soc=0.8000 fc=0
progress step=106600 round=9/40 episode=16/30 sample=zero_boundary_034 soc=0.8000 fc=0
progress step=106650 round=9/40 episode=16/30 sample=zero_boundary_034 soc=0.8000 fc=0
progress step=106700 round=9/40 episode=16/30 sample=zero_boundary_034 soc=0.8000 fc=0
progress step=106750 round=9/40 episode=16/30 sample=zero_boundary_034 soc=0.8000 fc=0
progress step=106800 round=9/40 episode=16/30 sample=zero_boundary_034 soc=0.8000 fc=0
progress step=106850 round=9/40 episode=16/30 sample=zero_boundary_034 soc=0.8000 fc=0
progress step=106900 round=9/40 episode=16/30 sample=zero_boundary_034 soc=0.8000 fc=0
progress step=106950 round=9/40 episode=16/30 sample=zero_boundary_034 soc=0.8000 fc=0
progress step=107000 round=9/40 episode=16/30 sample=zero_boundary_034 soc=0.8000 fc=0
progress step=107050 round=9/40 episode=16/30 sample=zero_boundary_034 soc=0.8000 fc=0
progress step=107100 round=9/40 episode=16/30 sample=zero_boundary_034 soc=0.8000 fc=0
progress step=107150 round=9/40 episode=16/30 sample=zero_boundary_034 soc=0.8000 fc=0
progress step=107200 round=9/40 episode=16/30 sample=zero_boundary_034 soc=0.8000 fc=0
progress step=107250 round=9/40 episode=16/30 sample=zero_boundary_034 soc=0.7995 fc=60
progress step=107300 round=9/40 episode=16/30 sample=zero_boundary_034 soc=0.7997 fc=70
progress step=107350 round=9/40 episode=16/30 sample=zero_boundary_034 soc=0.7980 fc=260
progress step=107400 round=9/40 episode=16/30 sample=zero_boundary_034 soc=0.7945 fc=520
progress step=107450 round=9/40 episode=16/30 sample=zero_boundary_034 soc=0.7955 fc=580
progress step=107500 round=9/40 episode=16/30 sample=zero_boundary_034 soc=0.7984 fc=170
progress step=107550 round=9/40 episode=16/30 sample=zero_boundary_034 soc=0.7997 fc=20
progress step=107600 round=9/40 episode=16/30 sample=zero_boundary_034 soc=0.8000 fc=0
progress step=107650 round=9/40 episode=16/30 sample=zero_boundary_034 soc=0.8000 fc=0
progress step=107700 round=9/40 episode=16/30 sample=zero_boundary_034 soc=0.8000 fc=0
progress step=107750 round=9/40 episode=16/30 sample=zero_boundary_034 soc=0.8000 fc=0
progress step=107800 round=9/40 episode=16/30 sample=zero_boundary_034 soc=0.8000 fc=0
progress step=107850 round=9/40 episode=16/30 sample=zero_boundary_034 soc=0.8000 fc=0
progress step=107900 round=9/40 episode=16/30 sample=zero_boundary_034 soc=0.8000 fc=0
progress step=107950 round=9/40 episode=16/30 sample=zero_boundary_034 soc=0.8000 fc=0
progress step=108000 round=9/40 episode=16/30 sample=zero_boundary_034 soc=0.7996 fc=60
progress step=108050 round=9/40 episode=17/30 sample=zero_boundary_037 soc=0.7025 fc=190
progress step=108100 round=9/40 episode=17/30 sample=zero_boundary_037 soc=0.7655 fc=260
progress step=108150 round=9/40 episode=17/30 sample=zero_boundary_037 soc=0.7994 fc=230
progress step=108200 round=9/40 episode=17/30 sample=zero_boundary_037 soc=0.7959 fc=550
progress step=108250 round=9/40 episode=17/30 sample=zero_boundary_037 soc=0.7938 fc=420
progress step=108300 round=9/40 episode=17/30 sample=zero_boundary_037 soc=0.7297 fc=580
progress step=108350 round=9/40 episode=17/30 sample=zero_boundary_037 soc=0.6199 fc=230
progress step=108400 round=9/40 episode=17/30 sample=zero_boundary_037 soc=0.7429 fc=420
progress step=108450 round=9/40 episode=17/30 sample=zero_boundary_037 soc=0.7995 fc=80
progress step=108500 round=9/40 episode=17/30 sample=zero_boundary_037 soc=0.7995 fc=80
progress step=108550 round=9/40 episode=17/30 sample=zero_boundary_037 soc=0.7987 fc=60
progress step=108600 round=9/40 episode=17/30 sample=zero_boundary_037 soc=0.7999 fc=0
progress step=108650 round=9/40 episode=17/30 sample=zero_boundary_037 soc=0.7992 fc=120
progress step=108700 round=9/40 episode=17/30 sample=zero_boundary_037 soc=0.8000 fc=70
progress step=108750 round=9/40 episode=17/30 sample=zero_boundary_037 soc=0.7987 fc=160
progress step=108800 round=9/40 episode=17/30 sample=zero_boundary_037 soc=0.7992 fc=50
progress step=108850 round=9/40 episode=17/30 sample=zero_boundary_037 soc=0.7996 fc=20
progress step=108900 round=9/40 episode=17/30 sample=zero_boundary_037 soc=0.7996 fc=60
progress step=108950 round=9/40 episode=17/30 sample=zero_boundary_037 soc=0.7995 fc=30
progress step=109000 round=9/40 episode=17/30 sample=zero_boundary_037 soc=0.7998 fc=10
progress step=109050 round=9/40 episode=17/30 sample=zero_boundary_037 soc=0.7999 fc=0
progress step=109100 round=9/40 episode=17/30 sample=zero_boundary_037 soc=0.7999 fc=0
progress step=109150 round=9/40 episode=17/30 sample=zero_boundary_037 soc=0.7990 fc=130
progress step=109200 round=9/40 episode=17/30 sample=zero_boundary_037 soc=0.7995 fc=70
progress step=109250 round=9/40 episode=17/30 sample=zero_boundary_037 soc=0.7995 fc=20
progress step=109300 round=9/40 episode=17/30 sample=zero_boundary_037 soc=0.7998 fc=20
progress step=109350 round=9/40 episode=17/30 sample=zero_boundary_037 soc=0.7996 fc=30
progress step=109400 round=9/40 episode=17/30 sample=zero_boundary_037 soc=0.7995 fc=60
progress step=109450 round=9/40 episode=17/30 sample=zero_boundary_037 soc=0.7995 fc=20
progress step=109500 round=9/40 episode=17/30 sample=zero_boundary_037 soc=0.7994 fc=70
progress step=109550 round=9/40 episode=17/30 sample=zero_boundary_037 soc=0.7999 fc=20
progress step=109600 round=9/40 episode=17/30 sample=zero_boundary_037 soc=0.7998 fc=0
progress step=109650 round=9/40 episode=17/30 sample=zero_boundary_037 soc=0.7996 fc=60
progress step=109700 round=9/40 episode=17/30 sample=zero_boundary_037 soc=0.7998 fc=20
progress step=109750 round=9/40 episode=17/30 sample=zero_boundary_037 soc=0.7998 fc=40
progress step=109800 round=9/40 episode=17/30 sample=zero_boundary_037 soc=0.7993 fc=10
progress step=109850 round=9/40 episode=17/30 sample=zero_boundary_037 soc=0.7993 fc=0
progress step=109900 round=9/40 episode=17/30 sample=zero_boundary_037 soc=0.7998 fc=20
progress step=109950 round=9/40 episode=18/30 sample=zero_boundary_038 soc=0.6945 fc=380
progress step=110000 round=9/40 episode=18/30 sample=zero_boundary_038 soc=0.6670 fc=420
progress step=110050 round=9/40 episode=18/30 sample=zero_boundary_038 soc=0.6616 fc=140
progress step=110100 round=9/40 episode=18/30 sample=zero_boundary_038 soc=0.5649 fc=400
progress step=110150 round=9/40 episode=18/30 sample=zero_boundary_038 soc=0.4712 fc=320
progress step=110200 round=9/40 episode=18/30 sample=zero_boundary_038 soc=0.4520 fc=30
progress step=110250 round=9/40 episode=18/30 sample=zero_boundary_038 soc=0.6314 fc=10
progress step=110300 round=9/40 episode=18/30 sample=zero_boundary_038 soc=0.7996 fc=20
progress step=110350 round=9/40 episode=18/30 sample=zero_boundary_038 soc=0.7990 fc=60
progress step=110400 round=9/40 episode=18/30 sample=zero_boundary_038 soc=0.7770 fc=0
progress step=110450 round=9/40 episode=18/30 sample=zero_boundary_038 soc=0.7266 fc=420
progress step=110500 round=9/40 episode=18/30 sample=zero_boundary_038 soc=0.7091 fc=180
progress step=110550 round=9/40 episode=18/30 sample=zero_boundary_038 soc=0.6879 fc=420
progress step=110600 round=9/40 episode=18/30 sample=zero_boundary_038 soc=0.7996 fc=0
progress step=110650 round=9/40 episode=19/30 sample=zero_boundary_040 soc=0.6113 fc=470
progress step=110700 round=9/40 episode=19/30 sample=zero_boundary_040 soc=0.5501 fc=500
progress step=110750 round=9/40 episode=19/30 sample=zero_boundary_040 soc=0.5387 fc=300
progress step=110800 round=9/40 episode=19/30 sample=zero_boundary_040 soc=0.5143 fc=200
progress step=110850 round=9/40 episode=19/30 sample=zero_boundary_040 soc=0.4850 fc=580
progress step=110900 round=9/40 episode=19/30 sample=zero_boundary_040 soc=0.5141 fc=40
progress step=110950 round=9/40 episode=19/30 sample=zero_boundary_040 soc=0.6824 fc=190
progress step=111000 round=9/40 episode=19/30 sample=zero_boundary_040 soc=0.6366 fc=300
progress step=111050 round=9/40 episode=19/30 sample=zero_boundary_040 soc=0.5594 fc=540
progress step=111100 round=9/40 episode=19/30 sample=zero_boundary_040 soc=0.5617 fc=140
progress step=111150 round=9/40 episode=20/30 sample=zero_boundary_041 soc=0.5966 fc=220
progress step=111200 round=9/40 episode=20/30 sample=zero_boundary_041 soc=0.4671 fc=400
progress step=111250 round=9/40 episode=20/30 sample=zero_boundary_041 soc=0.2201 fc=30
progress step=111300 round=9/40 episode=21/30 sample=zero_boundary_042 soc=0.7097 fc=200
progress step=111350 round=9/40 episode=21/30 sample=zero_boundary_042 soc=0.5958 fc=350
progress step=111400 round=9/40 episode=21/30 sample=zero_boundary_042 soc=0.3850 fc=240
progress step=111450 round=9/40 episode=21/30 sample=zero_boundary_042 soc=0.2284 fc=340
progress step=111500 round=9/40 episode=21/30 sample=zero_boundary_042 soc=0.2020 fc=580
progress step=111550 round=9/40 episode=21/30 sample=zero_boundary_042 soc=0.2835 fc=10
progress step=111600 round=9/40 episode=21/30 sample=zero_boundary_042 soc=0.2001 fc=600
progress step=111650 round=9/40 episode=22/30 sample=zero_boundary_044 soc=0.6548 fc=100
progress step=111700 round=9/40 episode=22/30 sample=zero_boundary_044 soc=0.5357 fc=470
progress step=111750 round=9/40 episode=22/30 sample=zero_boundary_044 soc=0.3027 fc=100
progress step=111800 round=9/40 episode=23/30 sample=zero_boundary_045 soc=0.7031 fc=290
progress step=111850 round=9/40 episode=23/30 sample=zero_boundary_045 soc=0.6507 fc=100
progress step=111900 round=9/40 episode=23/30 sample=zero_boundary_045 soc=0.5820 fc=0
progress step=111950 round=9/40 episode=23/30 sample=zero_boundary_045 soc=0.4085 fc=470
progress step=112000 round=9/40 episode=23/30 sample=zero_boundary_045 soc=0.2803 fc=10
progress step=112050 round=9/40 episode=23/30 sample=zero_boundary_045 soc=0.2124 fc=590
progress step=112100 round=9/40 episode=24/30 sample=zero_boundary_046 soc=0.5860 fc=470
progress step=112150 round=9/40 episode=24/30 sample=zero_boundary_046 soc=0.4760 fc=550
progress step=112200 round=9/40 episode=24/30 sample=zero_boundary_046 soc=0.2541 fc=20
progress step=112250 round=9/40 episode=25/30 sample=zero_boundary_048 soc=0.7101 fc=160
progress step=112300 round=9/40 episode=25/30 sample=zero_boundary_048 soc=0.5559 fc=290
progress step=112350 round=9/40 episode=25/30 sample=zero_boundary_048 soc=0.4277 fc=470
progress step=112400 round=9/40 episode=25/30 sample=zero_boundary_048 soc=0.4596 fc=160
progress step=112450 round=9/40 episode=25/30 sample=zero_boundary_048 soc=0.4993 fc=40
progress step=112500 round=9/40 episode=25/30 sample=zero_boundary_048 soc=0.5836 fc=220
progress step=112550 round=9/40 episode=26/30 sample=zero_boundary_049 soc=0.6934 fc=160
progress step=112600 round=9/40 episode=26/30 sample=zero_boundary_049 soc=0.6711 fc=200
progress step=112650 round=9/40 episode=26/30 sample=zero_boundary_049 soc=0.6692 fc=140
progress step=112700 round=9/40 episode=26/30 sample=zero_boundary_049 soc=0.6752 fc=580
progress step=112750 round=9/40 episode=26/30 sample=zero_boundary_049 soc=0.7705 fc=420
progress step=112800 round=9/40 episode=27/30 sample=zero_boundary_050 soc=0.6763 fc=230
progress step=112850 round=9/40 episode=27/30 sample=zero_boundary_050 soc=0.5769 fc=40
progress step=112900 round=9/40 episode=27/30 sample=zero_boundary_050 soc=0.4306 fc=440
progress step=112950 round=9/40 episode=27/30 sample=zero_boundary_050 soc=0.2964 fc=600
progress step=113000 round=9/40 episode=28/30 sample=zero_boundary_051 soc=0.6264 fc=420
progress step=113050 round=9/40 episode=28/30 sample=zero_boundary_051 soc=0.6198 fc=420
progress step=113100 round=9/40 episode=28/30 sample=zero_boundary_051 soc=0.6050 fc=100
progress step=113150 round=9/40 episode=29/30 sample=zero_boundary_052 soc=0.6769 fc=170
progress step=113200 round=9/40 episode=29/30 sample=zero_boundary_052 soc=0.5959 fc=30
progress step=113250 round=9/40 episode=29/30 sample=zero_boundary_052 soc=0.3846 fc=470
progress step=113300 round=9/40 episode=29/30 sample=zero_boundary_052 soc=0.4327 fc=230
progress step=113350 round=9/40 episode=29/30 sample=zero_boundary_052 soc=0.5689 fc=470
progress step=113400 round=9/40 episode=30/30 sample=zero_boundary_053 soc=0.7004 fc=470
progress step=113450 round=9/40 episode=30/30 sample=zero_boundary_053 soc=0.6231 fc=440
progress step=113500 round=9/40 episode=30/30 sample=zero_boundary_053 soc=0.5420 fc=520
progress step=113550 round=9/40 episode=30/30 sample=zero_boundary_053 soc=0.6201 fc=460
progress step=113600 round=9/40 episode=30/30 sample=zero_boundary_053 soc=0.6960 fc=510
round 9/40 exploratory=20/30 greedy_train start
MONITOR round=9 exploratory=20/30 greedy_train=27/30 validation=SKIPPED cost=None updates=3328 best_round=7
round 10/40 start epsilon=0.7808
progress step=113650 round=10/40 episode=1/30 sample=zero_boundary_002 soc=0.7032 fc=470
progress step=113700 round=10/40 episode=1/30 sample=zero_boundary_002 soc=0.5793 fc=470
progress step=113750 round=10/40 episode=1/30 sample=zero_boundary_002 soc=0.2990 fc=550
progress step=113800 round=10/40 episode=1/30 sample=zero_boundary_002 soc=0.5003 fc=540
progress step=113850 round=10/40 episode=1/30 sample=zero_boundary_002 soc=0.4753 fc=210
progress step=113900 round=10/40 episode=1/30 sample=zero_boundary_002 soc=0.5878 fc=160
progress step=113950 round=10/40 episode=2/30 sample=zero_boundary_005 soc=0.6643 fc=460
progress step=114000 round=10/40 episode=2/30 sample=zero_boundary_005 soc=0.6058 fc=490
progress step=114050 round=10/40 episode=2/30 sample=zero_boundary_005 soc=0.5856 fc=570
progress step=114100 round=10/40 episode=2/30 sample=zero_boundary_005 soc=0.5252 fc=470
progress step=114150 round=10/40 episode=2/30 sample=zero_boundary_005 soc=0.4166 fc=550
progress step=114200 round=10/40 episode=2/30 sample=zero_boundary_005 soc=0.4592 fc=410
progress step=114250 round=10/40 episode=3/30 sample=zero_boundary_006 soc=0.7213 fc=390
progress step=114300 round=10/40 episode=3/30 sample=zero_boundary_006 soc=0.7986 fc=260
progress step=114350 round=10/40 episode=3/30 sample=zero_boundary_006 soc=0.7994 fc=110
progress step=114400 round=10/40 episode=3/30 sample=zero_boundary_006 soc=0.7999 fc=30
progress step=114450 round=10/40 episode=3/30 sample=zero_boundary_006 soc=0.7999 fc=40
progress step=114500 round=10/40 episode=3/30 sample=zero_boundary_006 soc=0.7974 fc=360
progress step=114550 round=10/40 episode=3/30 sample=zero_boundary_006 soc=0.7895 fc=10
progress step=114600 round=10/40 episode=4/30 sample=zero_boundary_007 soc=0.6595 fc=490
progress step=114650 round=10/40 episode=4/30 sample=zero_boundary_007 soc=0.5796 fc=370
progress step=114700 round=10/40 episode=4/30 sample=zero_boundary_007 soc=0.6300 fc=100
progress step=114750 round=10/40 episode=4/30 sample=zero_boundary_007 soc=0.7008 fc=200
progress step=114800 round=10/40 episode=4/30 sample=zero_boundary_007 soc=0.6674 fc=330
progress step=114850 round=10/40 episode=4/30 sample=zero_boundary_007 soc=0.7103 fc=530
progress step=114900 round=10/40 episode=5/30 sample=zero_boundary_008 soc=0.4906 fc=370
progress step=114950 round=10/40 episode=6/30 sample=zero_boundary_011 soc=0.6558 fc=350
progress step=115000 round=10/40 episode=6/30 sample=zero_boundary_011 soc=0.7999 fc=20
progress step=115050 round=10/40 episode=6/30 sample=zero_boundary_011 soc=0.7016 fc=290
progress step=115100 round=10/40 episode=6/30 sample=zero_boundary_011 soc=0.5590 fc=430
progress step=115150 round=10/40 episode=6/30 sample=zero_boundary_011 soc=0.4638 fc=540
progress step=115200 round=10/40 episode=6/30 sample=zero_boundary_011 soc=0.3281 fc=220
progress step=115250 round=10/40 episode=6/30 sample=zero_boundary_011 soc=0.4422 fc=520
progress step=115300 round=10/40 episode=6/30 sample=zero_boundary_011 soc=0.6165 fc=210
progress step=115350 round=10/40 episode=6/30 sample=zero_boundary_011 soc=0.7998 fc=10
progress step=115400 round=10/40 episode=6/30 sample=zero_boundary_011 soc=0.7996 fc=30
progress step=115450 round=10/40 episode=6/30 sample=zero_boundary_011 soc=0.7861 fc=430
progress step=115500 round=10/40 episode=6/30 sample=zero_boundary_011 soc=0.7909 fc=370
progress step=115550 round=10/40 episode=6/30 sample=zero_boundary_011 soc=0.7941 fc=370
progress step=115600 round=10/40 episode=6/30 sample=zero_boundary_011 soc=0.7995 fc=230
progress step=115650 round=10/40 episode=6/30 sample=zero_boundary_011 soc=0.7716 fc=200
progress step=115700 round=10/40 episode=7/30 sample=zero_boundary_013 soc=0.6866 fc=420
progress step=115750 round=10/40 episode=7/30 sample=zero_boundary_013 soc=0.7856 fc=470
progress step=115800 round=10/40 episode=7/30 sample=zero_boundary_013 soc=0.7926 fc=290
progress step=115850 round=10/40 episode=7/30 sample=zero_boundary_013 soc=0.7058 fc=580
progress step=115900 round=10/40 episode=7/30 sample=zero_boundary_013 soc=0.7884 fc=20
progress step=115950 round=10/40 episode=7/30 sample=zero_boundary_013 soc=0.7968 fc=470
progress step=116000 round=10/40 episode=7/30 sample=zero_boundary_013 soc=0.7999 fc=40
progress step=116050 round=10/40 episode=8/30 sample=zero_boundary_015 soc=0.6693 fc=310
progress step=116100 round=10/40 episode=8/30 sample=zero_boundary_015 soc=0.6745 fc=440
progress step=116150 round=10/40 episode=8/30 sample=zero_boundary_015 soc=0.4738 fc=340
progress step=116200 round=10/40 episode=9/30 sample=zero_boundary_016 soc=0.7180 fc=80
progress step=116250 round=10/40 episode=9/30 sample=zero_boundary_016 soc=0.7786 fc=490
progress step=116300 round=10/40 episode=9/30 sample=zero_boundary_016 soc=0.6405 fc=60
progress step=116350 round=10/40 episode=9/30 sample=zero_boundary_016 soc=0.4615 fc=370
progress step=116400 round=10/40 episode=9/30 sample=zero_boundary_016 soc=0.2172 fc=110
progress step=116450 round=10/40 episode=10/30 sample=zero_boundary_017 soc=0.5857 fc=450
progress step=116500 round=10/40 episode=10/30 sample=zero_boundary_017 soc=0.3435 fc=470
progress step=116550 round=10/40 episode=11/30 sample=zero_boundary_020 soc=0.6675 fc=430
progress step=116600 round=10/40 episode=11/30 sample=zero_boundary_020 soc=0.6885 fc=400
progress step=116650 round=10/40 episode=12/30 sample=zero_boundary_021 soc=0.6390 fc=440
progress step=116700 round=10/40 episode=12/30 sample=zero_boundary_021 soc=0.7998 fc=170
progress step=116750 round=10/40 episode=12/30 sample=zero_boundary_021 soc=0.7458 fc=490
progress step=116800 round=10/40 episode=12/30 sample=zero_boundary_021 soc=0.6651 fc=220
progress step=116850 round=10/40 episode=12/30 sample=zero_boundary_021 soc=0.5940 fc=20
progress step=116900 round=10/40 episode=13/30 sample=zero_boundary_022 soc=0.6747 fc=410
progress step=116950 round=10/40 episode=13/30 sample=zero_boundary_022 soc=0.6463 fc=170
progress step=117000 round=10/40 episode=13/30 sample=zero_boundary_022 soc=0.6821 fc=470
progress step=117050 round=10/40 episode=13/30 sample=zero_boundary_022 soc=0.7953 fc=140
progress step=117100 round=10/40 episode=14/30 sample=zero_boundary_029 soc=0.6905 fc=520
progress step=117150 round=10/40 episode=14/30 sample=zero_boundary_029 soc=0.6977 fc=530
progress step=117200 round=10/40 episode=14/30 sample=zero_boundary_029 soc=0.7092 fc=380
progress step=117250 round=10/40 episode=14/30 sample=zero_boundary_029 soc=0.7110 fc=270
progress step=117300 round=10/40 episode=14/30 sample=zero_boundary_029 soc=0.7948 fc=510
progress step=117350 round=10/40 episode=14/30 sample=zero_boundary_029 soc=0.7978 fc=60
progress step=117400 round=10/40 episode=14/30 sample=zero_boundary_029 soc=0.7995 fc=0
progress step=117450 round=10/40 episode=14/30 sample=zero_boundary_029 soc=0.7999 fc=0
progress step=117500 round=10/40 episode=14/30 sample=zero_boundary_029 soc=0.7999 fc=0
progress step=117550 round=10/40 episode=14/30 sample=zero_boundary_029 soc=0.7999 fc=0
progress step=117600 round=10/40 episode=14/30 sample=zero_boundary_029 soc=0.7999 fc=0
progress step=117650 round=10/40 episode=14/30 sample=zero_boundary_029 soc=0.7999 fc=0
progress step=117700 round=10/40 episode=14/30 sample=zero_boundary_029 soc=0.7999 fc=0
progress step=117750 round=10/40 episode=14/30 sample=zero_boundary_029 soc=0.7999 fc=0
progress step=117800 round=10/40 episode=14/30 sample=zero_boundary_029 soc=0.7999 fc=0
progress step=117850 round=10/40 episode=14/30 sample=zero_boundary_029 soc=0.7999 fc=0
progress step=117900 round=10/40 episode=14/30 sample=zero_boundary_029 soc=0.7999 fc=0
progress step=117950 round=10/40 episode=14/30 sample=zero_boundary_029 soc=0.7980 fc=240
progress step=118000 round=10/40 episode=14/30 sample=zero_boundary_029 soc=0.7871 fc=270
progress step=118050 round=10/40 episode=14/30 sample=zero_boundary_029 soc=0.7994 fc=190
progress step=118100 round=10/40 episode=14/30 sample=zero_boundary_029 soc=0.7897 fc=130
progress step=118150 round=10/40 episode=15/30 sample=zero_boundary_033 soc=0.6789 fc=270
progress step=118200 round=10/40 episode=15/30 sample=zero_boundary_033 soc=0.7266 fc=240
progress step=118250 round=10/40 episode=15/30 sample=zero_boundary_033 soc=0.6226 fc=520
progress step=118300 round=10/40 episode=15/30 sample=zero_boundary_033 soc=0.5997 fc=580
progress step=118350 round=10/40 episode=15/30 sample=zero_boundary_033 soc=0.5997 fc=270
progress step=118400 round=10/40 episode=15/30 sample=zero_boundary_033 soc=0.4554 fc=210
progress step=118450 round=10/40 episode=15/30 sample=zero_boundary_033 soc=0.3843 fc=140
progress step=118500 round=10/40 episode=15/30 sample=zero_boundary_033 soc=0.5474 fc=190
progress step=118550 round=10/40 episode=15/30 sample=zero_boundary_033 soc=0.7317 fc=510
progress step=118600 round=10/40 episode=15/30 sample=zero_boundary_033 soc=0.8000 fc=0
progress step=118650 round=10/40 episode=15/30 sample=zero_boundary_033 soc=0.8000 fc=0
progress step=118700 round=10/40 episode=15/30 sample=zero_boundary_033 soc=0.8000 fc=0
progress step=118750 round=10/40 episode=15/30 sample=zero_boundary_033 soc=0.7999 fc=0
progress step=118800 round=10/40 episode=15/30 sample=zero_boundary_033 soc=0.7999 fc=0
progress step=118850 round=10/40 episode=15/30 sample=zero_boundary_033 soc=0.7999 fc=0
progress step=118900 round=10/40 episode=15/30 sample=zero_boundary_033 soc=0.7992 fc=60
progress step=118950 round=10/40 episode=15/30 sample=zero_boundary_033 soc=0.7988 fc=40
progress step=119000 round=10/40 episode=15/30 sample=zero_boundary_033 soc=0.7995 fc=60
progress step=119050 round=10/40 episode=15/30 sample=zero_boundary_033 soc=0.7993 fc=50
progress step=119100 round=10/40 episode=16/30 sample=zero_boundary_034 soc=0.6175 fc=240
progress step=119150 round=10/40 episode=16/30 sample=zero_boundary_034 soc=0.7959 fc=260
progress step=119200 round=10/40 episode=16/30 sample=zero_boundary_034 soc=0.8000 fc=0
progress step=119250 round=10/40 episode=16/30 sample=zero_boundary_034 soc=0.8000 fc=0
progress step=119300 round=10/40 episode=16/30 sample=zero_boundary_034 soc=0.8000 fc=0
progress step=119350 round=10/40 episode=16/30 sample=zero_boundary_034 soc=0.8000 fc=0
progress step=119400 round=10/40 episode=16/30 sample=zero_boundary_034 soc=0.8000 fc=0
progress step=119450 round=10/40 episode=16/30 sample=zero_boundary_034 soc=0.8000 fc=0
progress step=119500 round=10/40 episode=16/30 sample=zero_boundary_034 soc=0.8000 fc=0
progress step=119550 round=10/40 episode=16/30 sample=zero_boundary_034 soc=0.8000 fc=0
progress step=119600 round=10/40 episode=16/30 sample=zero_boundary_034 soc=0.8000 fc=0
progress step=119650 round=10/40 episode=16/30 sample=zero_boundary_034 soc=0.8000 fc=0
progress step=119700 round=10/40 episode=16/30 sample=zero_boundary_034 soc=0.8000 fc=0
progress step=119750 round=10/40 episode=16/30 sample=zero_boundary_034 soc=0.8000 fc=0
progress step=119800 round=10/40 episode=16/30 sample=zero_boundary_034 soc=0.8000 fc=0
progress step=119850 round=10/40 episode=16/30 sample=zero_boundary_034 soc=0.8000 fc=0
progress step=119900 round=10/40 episode=16/30 sample=zero_boundary_034 soc=0.8000 fc=0
progress step=119950 round=10/40 episode=16/30 sample=zero_boundary_034 soc=0.8000 fc=0
progress step=120000 round=10/40 episode=16/30 sample=zero_boundary_034 soc=0.7986 fc=170
progress step=120050 round=10/40 episode=16/30 sample=zero_boundary_034 soc=0.7989 fc=180
progress step=120100 round=10/40 episode=16/30 sample=zero_boundary_034 soc=0.7991 fc=180
progress step=120150 round=10/40 episode=16/30 sample=zero_boundary_034 soc=0.7983 fc=20
progress step=120200 round=10/40 episode=16/30 sample=zero_boundary_034 soc=0.7862 fc=110
progress step=120250 round=10/40 episode=16/30 sample=zero_boundary_034 soc=0.7995 fc=10
progress step=120300 round=10/40 episode=16/30 sample=zero_boundary_034 soc=0.7999 fc=0
progress step=120350 round=10/40 episode=16/30 sample=zero_boundary_034 soc=0.7999 fc=0
progress step=120400 round=10/40 episode=16/30 sample=zero_boundary_034 soc=0.7999 fc=0
progress step=120450 round=10/40 episode=16/30 sample=zero_boundary_034 soc=0.7999 fc=0
progress step=120500 round=10/40 episode=16/30 sample=zero_boundary_034 soc=0.7999 fc=0
progress step=120550 round=10/40 episode=16/30 sample=zero_boundary_034 soc=0.7999 fc=0
progress step=120600 round=10/40 episode=16/30 sample=zero_boundary_034 soc=0.7999 fc=0
progress step=120650 round=10/40 episode=16/30 sample=zero_boundary_034 soc=0.7999 fc=0
progress step=120700 round=10/40 episode=16/30 sample=zero_boundary_034 soc=0.7999 fc=0
progress step=120750 round=10/40 episode=17/30 sample=zero_boundary_037 soc=0.6530 fc=410
progress step=120800 round=10/40 episode=17/30 sample=zero_boundary_037 soc=0.7503 fc=170
progress step=120850 round=10/40 episode=17/30 sample=zero_boundary_037 soc=0.7964 fc=170
progress step=120900 round=10/40 episode=17/30 sample=zero_boundary_037 soc=0.7925 fc=410
progress step=120950 round=10/40 episode=17/30 sample=zero_boundary_037 soc=0.7942 fc=70
progress step=121000 round=10/40 episode=17/30 sample=zero_boundary_037 soc=0.7815 fc=170
progress step=121050 round=10/40 episode=17/30 sample=zero_boundary_037 soc=0.6092 fc=290
progress step=121100 round=10/40 episode=17/30 sample=zero_boundary_037 soc=0.5616 fc=240
progress step=121150 round=10/40 episode=17/30 sample=zero_boundary_037 soc=0.7500 fc=560
progress step=121200 round=10/40 episode=17/30 sample=zero_boundary_037 soc=0.7979 fc=130
progress step=121250 round=10/40 episode=17/30 sample=zero_boundary_037 soc=0.7992 fc=0
progress step=121300 round=10/40 episode=17/30 sample=zero_boundary_037 soc=0.7985 fc=170
progress step=121350 round=10/40 episode=17/30 sample=zero_boundary_037 soc=0.7991 fc=50
progress step=121400 round=10/40 episode=17/30 sample=zero_boundary_037 soc=0.7987 fc=140
progress step=121450 round=10/40 episode=17/30 sample=zero_boundary_037 soc=0.7976 fc=230
progress step=121500 round=10/40 episode=17/30 sample=zero_boundary_037 soc=0.8000 fc=0
progress step=121550 round=10/40 episode=17/30 sample=zero_boundary_037 soc=0.7986 fc=80
progress step=121600 round=10/40 episode=17/30 sample=zero_boundary_037 soc=0.7995 fc=0
progress step=121650 round=10/40 episode=17/30 sample=zero_boundary_037 soc=0.7988 fc=170
progress step=121700 round=10/40 episode=17/30 sample=zero_boundary_037 soc=0.7999 fc=40
progress step=121750 round=10/40 episode=17/30 sample=zero_boundary_037 soc=0.8000 fc=0
progress step=121800 round=10/40 episode=17/30 sample=zero_boundary_037 soc=0.8000 fc=0
progress step=121850 round=10/40 episode=17/30 sample=zero_boundary_037 soc=0.8000 fc=0
progress step=121900 round=10/40 episode=17/30 sample=zero_boundary_037 soc=0.7999 fc=30
progress step=121950 round=10/40 episode=17/30 sample=zero_boundary_037 soc=0.7995 fc=70
progress step=122000 round=10/40 episode=17/30 sample=zero_boundary_037 soc=0.7985 fc=150
progress step=122050 round=10/40 episode=17/30 sample=zero_boundary_037 soc=0.7990 fc=0
progress step=122100 round=10/40 episode=17/30 sample=zero_boundary_037 soc=0.7997 fc=10
progress step=122150 round=10/40 episode=17/30 sample=zero_boundary_037 soc=0.7999 fc=40
progress step=122200 round=10/40 episode=17/30 sample=zero_boundary_037 soc=0.7993 fc=0
progress step=122250 round=10/40 episode=17/30 sample=zero_boundary_037 soc=0.7989 fc=0
progress step=122300 round=10/40 episode=17/30 sample=zero_boundary_037 soc=0.7996 fc=60
progress step=122350 round=10/40 episode=17/30 sample=zero_boundary_037 soc=0.7986 fc=140
progress step=122400 round=10/40 episode=17/30 sample=zero_boundary_037 soc=0.7995 fc=0
progress step=122450 round=10/40 episode=17/30 sample=zero_boundary_037 soc=0.7991 fc=80
progress step=122500 round=10/40 episode=17/30 sample=zero_boundary_037 soc=0.7994 fc=0
progress step=122550 round=10/40 episode=17/30 sample=zero_boundary_037 soc=0.7995 fc=0
progress step=122600 round=10/40 episode=17/30 sample=zero_boundary_037 soc=0.7999 fc=0
progress step=122650 round=10/40 episode=18/30 sample=zero_boundary_038 soc=0.6643 fc=230
progress step=122700 round=10/40 episode=18/30 sample=zero_boundary_038 soc=0.6691 fc=600
progress step=122750 round=10/40 episode=18/30 sample=zero_boundary_038 soc=0.6221 fc=330
progress step=122800 round=10/40 episode=18/30 sample=zero_boundary_038 soc=0.5822 fc=90
progress step=122850 round=10/40 episode=18/30 sample=zero_boundary_038 soc=0.4474 fc=380
progress step=122900 round=10/40 episode=18/30 sample=zero_boundary_038 soc=0.3421 fc=500
progress step=122950 round=10/40 episode=18/30 sample=zero_boundary_038 soc=0.4622 fc=250
progress step=123000 round=10/40 episode=18/30 sample=zero_boundary_038 soc=0.6379 fc=250
progress step=123050 round=10/40 episode=18/30 sample=zero_boundary_038 soc=0.7984 fc=0
progress step=123100 round=10/40 episode=18/30 sample=zero_boundary_038 soc=0.7983 fc=440
progress step=123150 round=10/40 episode=18/30 sample=zero_boundary_038 soc=0.7576 fc=410
progress step=123200 round=10/40 episode=18/30 sample=zero_boundary_038 soc=0.6884 fc=50
progress step=123250 round=10/40 episode=18/30 sample=zero_boundary_038 soc=0.6748 fc=550
progress step=123300 round=10/40 episode=18/30 sample=zero_boundary_038 soc=0.6945 fc=480
progress step=123350 round=10/40 episode=19/30 sample=zero_boundary_040 soc=0.6289 fc=270
progress step=123400 round=10/40 episode=19/30 sample=zero_boundary_040 soc=0.5628 fc=20
progress step=123450 round=10/40 episode=19/30 sample=zero_boundary_040 soc=0.4217 fc=370
progress step=123500 round=10/40 episode=19/30 sample=zero_boundary_040 soc=0.3333 fc=170
progress step=123550 round=10/40 episode=19/30 sample=zero_boundary_040 soc=0.3621 fc=450
progress step=123600 round=10/40 episode=19/30 sample=zero_boundary_040 soc=0.3096 fc=410
progress step=123650 round=10/40 episode=19/30 sample=zero_boundary_040 soc=0.3736 fc=220
progress step=123700 round=10/40 episode=19/30 sample=zero_boundary_040 soc=0.4085 fc=50
progress step=123750 round=10/40 episode=19/30 sample=zero_boundary_040 soc=0.3049 fc=370
progress step=123800 round=10/40 episode=19/30 sample=zero_boundary_040 soc=0.2000 fc=490
progress step=123850 round=10/40 episode=20/30 sample=zero_boundary_041 soc=0.6223 fc=420
progress step=123900 round=10/40 episode=20/30 sample=zero_boundary_041 soc=0.5448 fc=510
progress step=123950 round=10/40 episode=20/30 sample=zero_boundary_041 soc=0.2980 fc=50
progress step=124000 round=10/40 episode=21/30 sample=zero_boundary_042 soc=0.6935 fc=270
progress step=124050 round=10/40 episode=21/30 sample=zero_boundary_042 soc=0.5689 fc=80
progress step=124100 round=10/40 episode=21/30 sample=zero_boundary_042 soc=0.3533 fc=170
progress step=124150 round=10/40 episode=21/30 sample=zero_boundary_042 soc=0.2023 fc=550
progress step=124200 round=10/40 episode=21/30 sample=zero_boundary_042 soc=0.2003 fc=600
progress step=124250 round=10/40 episode=21/30 sample=zero_boundary_042 soc=0.3466 fc=40
progress step=124300 round=10/40 episode=21/30 sample=zero_boundary_042 soc=0.2004 fc=580
progress step=124350 round=10/40 episode=22/30 sample=zero_boundary_044 soc=0.6255 fc=270
progress step=124400 round=10/40 episode=22/30 sample=zero_boundary_044 soc=0.4787 fc=190
progress step=124450 round=10/40 episode=22/30 sample=zero_boundary_044 soc=0.2090 fc=450
progress step=124500 round=10/40 episode=23/30 sample=zero_boundary_045 soc=0.6886 fc=440
progress step=124550 round=10/40 episode=23/30 sample=zero_boundary_045 soc=0.6084 fc=170
progress step=124600 round=10/40 episode=23/30 sample=zero_boundary_045 soc=0.4862 fc=360
progress step=124650 round=10/40 episode=23/30 sample=zero_boundary_045 soc=0.2281 fc=270
progress step=124700 round=10/40 episode=24/30 sample=zero_boundary_046 soc=0.6091 fc=250
progress step=124750 round=10/40 episode=24/30 sample=zero_boundary_046 soc=0.4291 fc=270
progress step=124800 round=10/40 episode=24/30 sample=zero_boundary_046 soc=0.2048 fc=270
progress step=124850 round=10/40 episode=25/30 sample=zero_boundary_048 soc=0.6205 fc=480
progress step=124900 round=10/40 episode=25/30 sample=zero_boundary_048 soc=0.4309 fc=570
progress step=124950 round=10/40 episode=25/30 sample=zero_boundary_048 soc=0.3271 fc=140
progress step=125000 round=10/40 episode=25/30 sample=zero_boundary_048 soc=0.4209 fc=70
progress step=125050 round=10/40 episode=25/30 sample=zero_boundary_048 soc=0.3844 fc=410
progress step=125100 round=10/40 episode=26/30 sample=zero_boundary_049 soc=0.6393 fc=230
progress step=125150 round=10/40 episode=26/30 sample=zero_boundary_049 soc=0.6627 fc=440
progress step=125200 round=10/40 episode=26/30 sample=zero_boundary_049 soc=0.6408 fc=280
progress step=125250 round=10/40 episode=26/30 sample=zero_boundary_049 soc=0.6128 fc=270
progress step=125300 round=10/40 episode=26/30 sample=zero_boundary_049 soc=0.6115 fc=550
progress step=125350 round=10/40 episode=26/30 sample=zero_boundary_049 soc=0.7167 fc=30
progress step=125400 round=10/40 episode=27/30 sample=zero_boundary_050 soc=0.6472 fc=270
progress step=125450 round=10/40 episode=27/30 sample=zero_boundary_050 soc=0.4945 fc=370
progress step=125500 round=10/40 episode=27/30 sample=zero_boundary_050 soc=0.3368 fc=270
progress step=125550 round=10/40 episode=27/30 sample=zero_boundary_050 soc=0.2146 fc=400
progress step=125600 round=10/40 episode=28/30 sample=zero_boundary_051 soc=0.6368 fc=200
progress step=125650 round=10/40 episode=28/30 sample=zero_boundary_051 soc=0.5963 fc=250
progress step=125700 round=10/40 episode=29/30 sample=zero_boundary_052 soc=0.6068 fc=20
progress step=125750 round=10/40 episode=29/30 sample=zero_boundary_052 soc=0.6432 fc=320
progress step=125800 round=10/40 episode=29/30 sample=zero_boundary_052 soc=0.4135 fc=270
progress step=125850 round=10/40 episode=29/30 sample=zero_boundary_052 soc=0.3574 fc=330
progress step=125900 round=10/40 episode=29/30 sample=zero_boundary_052 soc=0.4330 fc=240
progress step=125950 round=10/40 episode=30/30 sample=zero_boundary_053 soc=0.6572 fc=290
progress step=126000 round=10/40 episode=30/30 sample=zero_boundary_053 soc=0.6565 fc=270
progress step=126050 round=10/40 episode=30/30 sample=zero_boundary_053 soc=0.5182 fc=330
progress step=126100 round=10/40 episode=30/30 sample=zero_boundary_053 soc=0.5738 fc=560
progress step=126150 round=10/40 episode=30/30 sample=zero_boundary_053 soc=0.6107 fc=20
round 10/40 exploratory=20/30 greedy_train start
MONITOR round=10 exploratory=20/30 greedy_train=19/30 validation=SKIPPED cost=None updates=3648 best_round=7
round 11/40 start epsilon=0.7564
progress step=126200 round=11/40 episode=1/30 sample=zero_boundary_002 soc=0.6432 fc=240
progress step=126250 round=11/40 episode=1/30 sample=zero_boundary_002 soc=0.6929 fc=60
progress step=126300 round=11/40 episode=1/30 sample=zero_boundary_002 soc=0.3342 fc=480
progress step=126350 round=11/40 episode=1/30 sample=zero_boundary_002 soc=0.4127 fc=200
progress step=126400 round=11/40 episode=1/30 sample=zero_boundary_002 soc=0.3110 fc=270
progress step=126450 round=11/40 episode=1/30 sample=zero_boundary_002 soc=0.4124 fc=420
progress step=126500 round=11/40 episode=2/30 sample=zero_boundary_005 soc=0.6500 fc=30
progress step=126550 round=11/40 episode=2/30 sample=zero_boundary_005 soc=0.6815 fc=350
progress step=126600 round=11/40 episode=2/30 sample=zero_boundary_005 soc=0.5638 fc=330
progress step=126650 round=11/40 episode=2/30 sample=zero_boundary_005 soc=0.4800 fc=360
progress step=126700 round=11/40 episode=2/30 sample=zero_boundary_005 soc=0.3995 fc=130
progress step=126750 round=11/40 episode=2/30 sample=zero_boundary_005 soc=0.3716 fc=270
progress step=126800 round=11/40 episode=3/30 sample=zero_boundary_006 soc=0.6593 fc=240
progress step=126850 round=11/40 episode=3/30 sample=zero_boundary_006 soc=0.7569 fc=270
progress step=126900 round=11/40 episode=3/30 sample=zero_boundary_006 soc=0.7989 fc=100
progress step=126950 round=11/40 episode=3/30 sample=zero_boundary_006 soc=0.7992 fc=110
progress step=127000 round=11/40 episode=3/30 sample=zero_boundary_006 soc=0.7989 fc=250
progress step=127050 round=11/40 episode=3/30 sample=zero_boundary_006 soc=0.7991 fc=220
progress step=127100 round=11/40 episode=3/30 sample=zero_boundary_006 soc=0.7974 fc=290
progress step=127150 round=11/40 episode=4/30 sample=zero_boundary_007 soc=0.6574 fc=410
progress step=127200 round=11/40 episode=4/30 sample=zero_boundary_007 soc=0.6052 fc=10
progress step=127250 round=11/40 episode=4/30 sample=zero_boundary_007 soc=0.5929 fc=300
progress step=127300 round=11/40 episode=4/30 sample=zero_boundary_007 soc=0.6710 fc=410
progress step=127350 round=11/40 episode=4/30 sample=zero_boundary_007 soc=0.6865 fc=470
progress step=127400 round=11/40 episode=4/30 sample=zero_boundary_007 soc=0.6757 fc=360
progress step=127450 round=11/40 episode=5/30 sample=zero_boundary_008 soc=0.6732 fc=140
progress step=127500 round=11/40 episode=5/30 sample=zero_boundary_008 soc=0.2673 fc=540
progress step=127550 round=11/40 episode=6/30 sample=zero_boundary_011 soc=0.7786 fc=280
progress step=127600 round=11/40 episode=6/30 sample=zero_boundary_011 soc=0.7472 fc=90
progress step=127650 round=11/40 episode=6/30 sample=zero_boundary_011 soc=0.6302 fc=400
progress step=127700 round=11/40 episode=6/30 sample=zero_boundary_011 soc=0.4997 fc=410
progress step=127750 round=11/40 episode=6/30 sample=zero_boundary_011 soc=0.3957 fc=270
progress step=127800 round=11/40 episode=6/30 sample=zero_boundary_011 soc=0.3179 fc=540
progress step=127850 round=11/40 episode=6/30 sample=zero_boundary_011 soc=0.5895 fc=450
progress step=127900 round=11/40 episode=6/30 sample=zero_boundary_011 soc=0.7731 fc=500
progress step=127950 round=11/40 episode=6/30 sample=zero_boundary_011 soc=0.7994 fc=40
progress step=128000 round=11/40 episode=6/30 sample=zero_boundary_011 soc=0.7993 fc=170
progress step=128050 round=11/40 episode=6/30 sample=zero_boundary_011 soc=0.7986 fc=430
progress step=128100 round=11/40 episode=6/30 sample=zero_boundary_011 soc=0.7986 fc=110
progress step=128150 round=11/40 episode=6/30 sample=zero_boundary_011 soc=0.7992 fc=120
progress step=128200 round=11/40 episode=6/30 sample=zero_boundary_011 soc=0.7930 fc=410
progress step=128250 round=11/40 episode=6/30 sample=zero_boundary_011 soc=0.7990 fc=30
progress step=128300 round=11/40 episode=7/30 sample=zero_boundary_013 soc=0.7749 fc=410
progress step=128350 round=11/40 episode=7/30 sample=zero_boundary_013 soc=0.7888 fc=210
progress step=128400 round=11/40 episode=7/30 sample=zero_boundary_013 soc=0.7999 fc=80
progress step=128450 round=11/40 episode=7/30 sample=zero_boundary_013 soc=0.7994 fc=310
progress step=128500 round=11/40 episode=7/30 sample=zero_boundary_013 soc=0.7972 fc=130
progress step=128550 round=11/40 episode=7/30 sample=zero_boundary_013 soc=0.7958 fc=310
progress step=128600 round=11/40 episode=8/30 sample=zero_boundary_015 soc=0.6212 fc=410
progress step=128650 round=11/40 episode=8/30 sample=zero_boundary_015 soc=0.6519 fc=560
progress step=128700 round=11/40 episode=8/30 sample=zero_boundary_015 soc=0.6499 fc=50
progress step=128750 round=11/40 episode=9/30 sample=zero_boundary_016 soc=0.6547 fc=380
progress step=128800 round=11/40 episode=9/30 sample=zero_boundary_016 soc=0.7998 fc=20
progress step=128850 round=11/40 episode=9/30 sample=zero_boundary_016 soc=0.6620 fc=10
progress step=128900 round=11/40 episode=9/30 sample=zero_boundary_016 soc=0.5028 fc=380
progress step=128950 round=11/40 episode=9/30 sample=zero_boundary_016 soc=0.2425 fc=240
progress step=129000 round=11/40 episode=10/30 sample=zero_boundary_017 soc=0.5762 fc=410
progress step=129050 round=11/40 episode=10/30 sample=zero_boundary_017 soc=0.3716 fc=410
progress step=129100 round=11/40 episode=11/30 sample=zero_boundary_020 soc=0.6649 fc=340
progress step=129150 round=11/40 episode=11/30 sample=zero_boundary_020 soc=0.6701 fc=240
progress step=129200 round=11/40 episode=12/30 sample=zero_boundary_021 soc=0.6199 fc=120
progress step=129250 round=11/40 episode=12/30 sample=zero_boundary_021 soc=0.7984 fc=200
progress step=129300 round=11/40 episode=12/30 sample=zero_boundary_021 soc=0.7451 fc=410
progress step=129350 round=11/40 episode=12/30 sample=zero_boundary_021 soc=0.6454 fc=500
progress step=129400 round=11/40 episode=12/30 sample=zero_boundary_021 soc=0.5698 fc=410
progress step=129450 round=11/40 episode=13/30 sample=zero_boundary_022 soc=0.6869 fc=230
progress step=129500 round=11/40 episode=13/30 sample=zero_boundary_022 soc=0.6562 fc=410
progress step=129550 round=11/40 episode=13/30 sample=zero_boundary_022 soc=0.6892 fc=410
progress step=129600 round=11/40 episode=13/30 sample=zero_boundary_022 soc=0.7802 fc=200
progress step=129650 round=11/40 episode=14/30 sample=zero_boundary_029 soc=0.7074 fc=410
progress step=129700 round=11/40 episode=14/30 sample=zero_boundary_029 soc=0.7296 fc=20
progress step=129750 round=11/40 episode=14/30 sample=zero_boundary_029 soc=0.7321 fc=500
progress step=129800 round=11/40 episode=14/30 sample=zero_boundary_029 soc=0.7474 fc=50
progress step=129850 round=11/40 episode=14/30 sample=zero_boundary_029 soc=0.7969 fc=160
progress step=129900 round=11/40 episode=14/30 sample=zero_boundary_029 soc=0.7979 fc=130
progress step=129950 round=11/40 episode=14/30 sample=zero_boundary_029 soc=0.7989 fc=50
progress step=130000 round=11/40 episode=14/30 sample=zero_boundary_029 soc=0.7999 fc=0
progress step=130050 round=11/40 episode=14/30 sample=zero_boundary_029 soc=0.7999 fc=0
progress step=130100 round=11/40 episode=14/30 sample=zero_boundary_029 soc=0.7999 fc=0
progress step=130150 round=11/40 episode=14/30 sample=zero_boundary_029 soc=0.7999 fc=0
progress step=130200 round=11/40 episode=14/30 sample=zero_boundary_029 soc=0.7999 fc=0
progress step=130250 round=11/40 episode=14/30 sample=zero_boundary_029 soc=0.7999 fc=0
progress step=130300 round=11/40 episode=14/30 sample=zero_boundary_029 soc=0.7999 fc=0
progress step=130350 round=11/40 episode=14/30 sample=zero_boundary_029 soc=0.7999 fc=0
progress step=130400 round=11/40 episode=14/30 sample=zero_boundary_029 soc=0.7999 fc=0
progress step=130450 round=11/40 episode=14/30 sample=zero_boundary_029 soc=0.7999 fc=0
progress step=130500 round=11/40 episode=14/30 sample=zero_boundary_029 soc=0.7976 fc=210
progress step=130550 round=11/40 episode=14/30 sample=zero_boundary_029 soc=0.7911 fc=330
progress step=130600 round=11/40 episode=14/30 sample=zero_boundary_029 soc=0.7931 fc=560
progress step=130650 round=11/40 episode=14/30 sample=zero_boundary_029 soc=0.7956 fc=410
progress step=130700 round=11/40 episode=15/30 sample=zero_boundary_033 soc=0.6704 fc=0
progress step=130750 round=11/40 episode=15/30 sample=zero_boundary_033 soc=0.6653 fc=0
progress step=130800 round=11/40 episode=15/30 sample=zero_boundary_033 soc=0.5371 fc=60
progress step=130850 round=11/40 episode=15/30 sample=zero_boundary_033 soc=0.4658 fc=420
progress step=130900 round=11/40 episode=15/30 sample=zero_boundary_033 soc=0.4084 fc=0
progress step=130950 round=11/40 episode=15/30 sample=zero_boundary_033 soc=0.3265 fc=40
progress step=131000 round=11/40 episode=15/30 sample=zero_boundary_033 soc=0.2070 fc=0
progress step=131050 round=11/40 episode=15/30 sample=zero_boundary_033 soc=0.3052 fc=240
progress step=131100 round=11/40 episode=15/30 sample=zero_boundary_033 soc=0.4520 fc=270
progress step=131150 round=11/40 episode=15/30 sample=zero_boundary_033 soc=0.6201 fc=360
progress step=131200 round=11/40 episode=15/30 sample=zero_boundary_033 soc=0.7976 fc=60
progress step=131250 round=11/40 episode=15/30 sample=zero_boundary_033 soc=0.8000 fc=0
progress step=131300 round=11/40 episode=15/30 sample=zero_boundary_033 soc=0.8000 fc=0
progress step=131350 round=11/40 episode=15/30 sample=zero_boundary_033 soc=0.8000 fc=0
progress step=131400 round=11/40 episode=15/30 sample=zero_boundary_033 soc=0.8000 fc=0
progress step=131450 round=11/40 episode=15/30 sample=zero_boundary_033 soc=0.7985 fc=50
progress step=131500 round=11/40 episode=15/30 sample=zero_boundary_033 soc=0.7996 fc=0
progress step=131550 round=11/40 episode=15/30 sample=zero_boundary_033 soc=0.7999 fc=40
progress step=131600 round=11/40 episode=15/30 sample=zero_boundary_033 soc=0.7999 fc=0
progress step=131650 round=11/40 episode=16/30 sample=zero_boundary_034 soc=0.6016 fc=80
progress step=131700 round=11/40 episode=16/30 sample=zero_boundary_034 soc=0.7421 fc=0
progress step=131750 round=11/40 episode=16/30 sample=zero_boundary_034 soc=0.8000 fc=0
progress step=131800 round=11/40 episode=16/30 sample=zero_boundary_034 soc=0.8000 fc=0
progress step=131850 round=11/40 episode=16/30 sample=zero_boundary_034 soc=0.8000 fc=0
progress step=131900 round=11/40 episode=16/30 sample=zero_boundary_034 soc=0.8000 fc=0
progress step=131950 round=11/40 episode=16/30 sample=zero_boundary_034 soc=0.8000 fc=0
progress step=132000 round=11/40 episode=16/30 sample=zero_boundary_034 soc=0.8000 fc=0
progress step=132050 round=11/40 episode=16/30 sample=zero_boundary_034 soc=0.8000 fc=0
progress step=132100 round=11/40 episode=16/30 sample=zero_boundary_034 soc=0.8000 fc=0
progress step=132150 round=11/40 episode=16/30 sample=zero_boundary_034 soc=0.8000 fc=0
progress step=132200 round=11/40 episode=16/30 sample=zero_boundary_034 soc=0.8000 fc=0
progress step=132250 round=11/40 episode=16/30 sample=zero_boundary_034 soc=0.8000 fc=0
progress step=132300 round=11/40 episode=16/30 sample=zero_boundary_034 soc=0.8000 fc=0
progress step=132350 round=11/40 episode=16/30 sample=zero_boundary_034 soc=0.8000 fc=0
progress step=132400 round=11/40 episode=16/30 sample=zero_boundary_034 soc=0.8000 fc=0
progress step=132450 round=11/40 episode=16/30 sample=zero_boundary_034 soc=0.8000 fc=0
progress step=132500 round=11/40 episode=16/30 sample=zero_boundary_034 soc=0.8000 fc=0
progress step=132550 round=11/40 episode=16/30 sample=zero_boundary_034 soc=0.7996 fc=100
progress step=132600 round=11/40 episode=16/30 sample=zero_boundary_034 soc=0.7897 fc=60
progress step=132650 round=11/40 episode=16/30 sample=zero_boundary_034 soc=0.7854 fc=0
progress step=132700 round=11/40 episode=16/30 sample=zero_boundary_034 soc=0.7953 fc=0
progress step=132750 round=11/40 episode=16/30 sample=zero_boundary_034 soc=0.7469 fc=0
progress step=132800 round=11/40 episode=16/30 sample=zero_boundary_034 soc=0.7992 fc=70
progress step=132850 round=11/40 episode=16/30 sample=zero_boundary_034 soc=0.8000 fc=0
progress step=132900 round=11/40 episode=16/30 sample=zero_boundary_034 soc=0.8000 fc=0
progress step=132950 round=11/40 episode=16/30 sample=zero_boundary_034 soc=0.8000 fc=0
progress step=133000 round=11/40 episode=16/30 sample=zero_boundary_034 soc=0.8000 fc=0
progress step=133050 round=11/40 episode=16/30 sample=zero_boundary_034 soc=0.8000 fc=0
progress step=133100 round=11/40 episode=16/30 sample=zero_boundary_034 soc=0.8000 fc=0
progress step=133150 round=11/40 episode=16/30 sample=zero_boundary_034 soc=0.8000 fc=0
progress step=133200 round=11/40 episode=16/30 sample=zero_boundary_034 soc=0.8000 fc=0
progress step=133250 round=11/40 episode=16/30 sample=zero_boundary_034 soc=0.8000 fc=0
progress step=133300 round=11/40 episode=17/30 sample=zero_boundary_037 soc=0.6300 fc=470
progress step=133350 round=11/40 episode=17/30 sample=zero_boundary_037 soc=0.6699 fc=490
progress step=133400 round=11/40 episode=17/30 sample=zero_boundary_037 soc=0.6449 fc=270
progress step=133450 round=11/40 episode=17/30 sample=zero_boundary_037 soc=0.6297 fc=0
progress step=133500 round=11/40 episode=17/30 sample=zero_boundary_037 soc=0.6330 fc=420
progress step=133550 round=11/40 episode=17/30 sample=zero_boundary_037 soc=0.5921 fc=30
progress step=133600 round=11/40 episode=17/30 sample=zero_boundary_037 soc=0.3685 fc=470
progress step=133650 round=11/40 episode=17/30 sample=zero_boundary_037 soc=0.2459 fc=480
progress step=133700 round=11/40 episode=17/30 sample=zero_boundary_037 soc=0.3692 fc=230
progress step=133750 round=11/40 episode=17/30 sample=zero_boundary_037 soc=0.5069 fc=0
progress step=133800 round=11/40 episode=17/30 sample=zero_boundary_037 soc=0.6249 fc=250
progress step=133850 round=11/40 episode=17/30 sample=zero_boundary_037 soc=0.7074 fc=300
progress step=133900 round=11/40 episode=17/30 sample=zero_boundary_037 soc=0.7990 fc=50
progress step=133950 round=11/40 episode=17/30 sample=zero_boundary_037 soc=0.7982 fc=100
progress step=134000 round=11/40 episode=17/30 sample=zero_boundary_037 soc=0.7977 fc=40
progress step=134050 round=11/40 episode=17/30 sample=zero_boundary_037 soc=0.7987 fc=0
progress step=134100 round=11/40 episode=17/30 sample=zero_boundary_037 soc=0.8000 fc=70
progress step=134150 round=11/40 episode=17/30 sample=zero_boundary_037 soc=0.7992 fc=80
progress step=134200 round=11/40 episode=17/30 sample=zero_boundary_037 soc=0.7995 fc=100
progress step=134250 round=11/40 episode=17/30 sample=zero_boundary_037 soc=0.7985 fc=0
progress step=134300 round=11/40 episode=17/30 sample=zero_boundary_037 soc=0.7999 fc=0
progress step=134350 round=11/40 episode=17/30 sample=zero_boundary_037 soc=0.7999 fc=0
progress step=134400 round=11/40 episode=17/30 sample=zero_boundary_037 soc=0.7999 fc=0
progress step=134450 round=11/40 episode=17/30 sample=zero_boundary_037 soc=0.7991 fc=40
progress step=134500 round=11/40 episode=17/30 sample=zero_boundary_037 soc=0.7991 fc=60
progress step=134550 round=11/40 episode=17/30 sample=zero_boundary_037 soc=0.7994 fc=80
progress step=134600 round=11/40 episode=17/30 sample=zero_boundary_037 soc=0.7995 fc=0
progress step=134650 round=11/40 episode=17/30 sample=zero_boundary_037 soc=0.7993 fc=0
progress step=134700 round=11/40 episode=17/30 sample=zero_boundary_037 soc=0.7987 fc=60
progress step=134750 round=11/40 episode=17/30 sample=zero_boundary_037 soc=0.7994 fc=60
progress step=134800 round=11/40 episode=17/30 sample=zero_boundary_037 soc=0.7976 fc=0
progress step=134850 round=11/40 episode=17/30 sample=zero_boundary_037 soc=0.7986 fc=60
progress step=134900 round=11/40 episode=17/30 sample=zero_boundary_037 soc=0.7993 fc=40
progress step=134950 round=11/40 episode=17/30 sample=zero_boundary_037 soc=0.7986 fc=0
progress step=135000 round=11/40 episode=17/30 sample=zero_boundary_037 soc=0.7994 fc=60
progress step=135050 round=11/40 episode=17/30 sample=zero_boundary_037 soc=0.7999 fc=10
progress step=135100 round=11/40 episode=17/30 sample=zero_boundary_037 soc=0.7998 fc=0
progress step=135150 round=11/40 episode=17/30 sample=zero_boundary_037 soc=0.8000 fc=0
progress step=135200 round=11/40 episode=18/30 sample=zero_boundary_038 soc=0.6462 fc=0
progress step=135250 round=11/40 episode=18/30 sample=zero_boundary_038 soc=0.6139 fc=270
progress step=135300 round=11/40 episode=18/30 sample=zero_boundary_038 soc=0.5086 fc=0
progress step=135350 round=11/40 episode=18/30 sample=zero_boundary_038 soc=0.4317 fc=450
progress step=135400 round=11/40 episode=18/30 sample=zero_boundary_038 soc=0.2593 fc=580
progress step=135450 round=11/40 episode=18/30 sample=zero_boundary_038 soc=0.2009 fc=410
progress step=135500 round=11/40 episode=18/30 sample=zero_boundary_038 soc=0.2599 fc=180
progress step=135550 round=11/40 episode=18/30 sample=zero_boundary_038 soc=0.3647 fc=440
progress step=135600 round=11/40 episode=18/30 sample=zero_boundary_038 soc=0.4747 fc=200
progress step=135650 round=11/40 episode=18/30 sample=zero_boundary_038 soc=0.5555 fc=400
progress step=135700 round=11/40 episode=18/30 sample=zero_boundary_038 soc=0.4826 fc=0
progress step=135750 round=11/40 episode=18/30 sample=zero_boundary_038 soc=0.3941 fc=350
progress step=135800 round=11/40 episode=18/30 sample=zero_boundary_038 soc=0.3066 fc=320
progress step=135850 round=11/40 episode=18/30 sample=zero_boundary_038 soc=0.2420 fc=0
progress step=135900 round=11/40 episode=19/30 sample=zero_boundary_040 soc=0.5979 fc=0
progress step=135950 round=11/40 episode=19/30 sample=zero_boundary_040 soc=0.5350 fc=20
progress step=136000 round=11/40 episode=19/30 sample=zero_boundary_040 soc=0.3308 fc=0
progress step=136050 round=11/40 episode=19/30 sample=zero_boundary_040 soc=0.2007 fc=560
progress step=136100 round=11/40 episode=19/30 sample=zero_boundary_040 soc=0.2021 fc=350
progress step=136150 round=11/40 episode=19/30 sample=zero_boundary_040 soc=0.2029 fc=380
progress step=136200 round=11/40 episode=19/30 sample=zero_boundary_040 soc=0.2401 fc=590
progress step=136250 round=11/40 episode=19/30 sample=zero_boundary_040 soc=0.2973 fc=320
progress step=136300 round=11/40 episode=19/30 sample=zero_boundary_040 soc=0.2017 fc=490
progress step=136350 round=11/40 episode=19/30 sample=zero_boundary_040 soc=0.2008 fc=550
progress step=136400 round=11/40 episode=20/30 sample=zero_boundary_041 soc=0.6130 fc=580
progress step=136450 round=11/40 episode=20/30 sample=zero_boundary_041 soc=0.4822 fc=290
progress step=136500 round=11/40 episode=20/30 sample=zero_boundary_041 soc=0.2198 fc=580
progress step=136550 round=11/40 episode=21/30 sample=zero_boundary_042 soc=0.6421 fc=40
progress step=136600 round=11/40 episode=21/30 sample=zero_boundary_042 soc=0.3949 fc=300
progress step=136650 round=11/40 episode=22/30 sample=zero_boundary_044 soc=0.6161 fc=0
progress step=136700 round=11/40 episode=22/30 sample=zero_boundary_044 soc=0.4954 fc=0
progress step=136750 round=11/40 episode=22/30 sample=zero_boundary_044 soc=0.2347 fc=580
progress step=136800 round=11/40 episode=23/30 sample=zero_boundary_045 soc=0.6225 fc=550
progress step=136850 round=11/40 episode=23/30 sample=zero_boundary_045 soc=0.5110 fc=0
progress step=136900 round=11/40 episode=23/30 sample=zero_boundary_045 soc=0.3590 fc=530
progress step=136950 round=11/40 episode=24/30 sample=zero_boundary_046 soc=0.5924 fc=430
progress step=137000 round=11/40 episode=24/30 sample=zero_boundary_046 soc=0.4128 fc=10
progress step=137050 round=11/40 episode=25/30 sample=zero_boundary_048 soc=0.6000 fc=530
progress step=137100 round=11/40 episode=25/30 sample=zero_boundary_048 soc=0.5534 fc=500
progress step=137150 round=11/40 episode=25/30 sample=zero_boundary_048 soc=0.3495 fc=470
progress step=137200 round=11/40 episode=25/30 sample=zero_boundary_048 soc=0.2039 fc=40
progress step=137250 round=11/40 episode=25/30 sample=zero_boundary_048 soc=0.2542 fc=400
progress step=137300 round=11/40 episode=25/30 sample=zero_boundary_048 soc=0.2079 fc=0
progress step=137350 round=11/40 episode=26/30 sample=zero_boundary_049 soc=0.6347 fc=0
progress step=137400 round=11/40 episode=26/30 sample=zero_boundary_049 soc=0.6094 fc=440
progress step=137450 round=11/40 episode=26/30 sample=zero_boundary_049 soc=0.5219 fc=40
progress step=137500 round=11/40 episode=26/30 sample=zero_boundary_049 soc=0.4340 fc=0
progress step=137550 round=11/40 episode=26/30 sample=zero_boundary_049 soc=0.3741 fc=20
progress step=137600 round=11/40 episode=26/30 sample=zero_boundary_049 soc=0.4603 fc=0
progress step=137650 round=11/40 episode=27/30 sample=zero_boundary_050 soc=0.6070 fc=380
progress step=137700 round=11/40 episode=27/30 sample=zero_boundary_050 soc=0.3964 fc=70
progress step=137750 round=11/40 episode=27/30 sample=zero_boundary_050 soc=0.2028 fc=270
progress step=137800 round=11/40 episode=28/30 sample=zero_boundary_051 soc=0.5835 fc=500
progress step=137850 round=11/40 episode=28/30 sample=zero_boundary_051 soc=0.5326 fc=0
progress step=137900 round=11/40 episode=28/30 sample=zero_boundary_051 soc=0.4792 fc=400
progress step=137950 round=11/40 episode=29/30 sample=zero_boundary_052 soc=0.5767 fc=330
progress step=138000 round=11/40 episode=29/30 sample=zero_boundary_052 soc=0.3146 fc=430
progress step=138050 round=11/40 episode=30/30 sample=zero_boundary_053 soc=0.6671 fc=500
progress step=138100 round=11/40 episode=30/30 sample=zero_boundary_053 soc=0.5757 fc=240
progress step=138150 round=11/40 episode=30/30 sample=zero_boundary_053 soc=0.3879 fc=0
progress step=138200 round=11/40 episode=30/30 sample=zero_boundary_053 soc=0.4184 fc=170
progress step=138250 round=11/40 episode=30/30 sample=zero_boundary_053 soc=0.4144 fc=330
round 11/40 exploratory=19/30 greedy_train start
MONITOR round=11 exploratory=19/30 greedy_train=10/30 validation=SKIPPED cost=None updates=3952 best_round=7
round 12/40 start epsilon=0.7321
progress step=138300 round=12/40 episode=1/30 sample=zero_boundary_002 soc=0.6619 fc=0
progress step=138350 round=12/40 episode=1/30 sample=zero_boundary_002 soc=0.5589 fc=290
progress step=138400 round=12/40 episode=2/30 sample=zero_boundary_005 soc=0.6127 fc=450
progress step=138450 round=12/40 episode=2/30 sample=zero_boundary_005 soc=0.6140 fc=270
progress step=138500 round=12/40 episode=2/30 sample=zero_boundary_005 soc=0.3961 fc=350
progress step=138550 round=12/40 episode=2/30 sample=zero_boundary_005 soc=0.2944 fc=60
progress step=138600 round=12/40 episode=2/30 sample=zero_boundary_005 soc=0.2004 fc=500
progress step=138650 round=12/40 episode=2/30 sample=zero_boundary_005 soc=0.2224 fc=0
progress step=138700 round=12/40 episode=3/30 sample=zero_boundary_006 soc=0.6100 fc=160
progress step=138750 round=12/40 episode=3/30 sample=zero_boundary_006 soc=0.6787 fc=280
progress step=138800 round=12/40 episode=3/30 sample=zero_boundary_006 soc=0.7017 fc=440
progress step=138850 round=12/40 episode=3/30 sample=zero_boundary_006 soc=0.7936 fc=230
progress step=138900 round=12/40 episode=3/30 sample=zero_boundary_006 soc=0.7962 fc=360
progress step=138950 round=12/40 episode=3/30 sample=zero_boundary_006 soc=0.7708 fc=140
progress step=139000 round=12/40 episode=3/30 sample=zero_boundary_006 soc=0.7970 fc=90
progress step=139050 round=12/40 episode=4/30 sample=zero_boundary_007 soc=0.6130 fc=170
progress step=139100 round=12/40 episode=4/30 sample=zero_boundary_007 soc=0.5391 fc=190
progress step=139150 round=12/40 episode=4/30 sample=zero_boundary_007 soc=0.4444 fc=0
progress step=139200 round=12/40 episode=4/30 sample=zero_boundary_007 soc=0.4080 fc=0
progress step=139250 round=12/40 episode=4/30 sample=zero_boundary_007 soc=0.3706 fc=280
progress step=139300 round=12/40 episode=4/30 sample=zero_boundary_007 soc=0.2755 fc=0
progress step=139350 round=12/40 episode=5/30 sample=zero_boundary_008 soc=0.6604 fc=570
progress step=139400 round=12/40 episode=5/30 sample=zero_boundary_008 soc=0.3117 fc=370
progress step=139450 round=12/40 episode=6/30 sample=zero_boundary_011 soc=0.7225 fc=470
progress step=139500 round=12/40 episode=6/30 sample=zero_boundary_011 soc=0.7460 fc=290
progress step=139550 round=12/40 episode=6/30 sample=zero_boundary_011 soc=0.5991 fc=180
progress step=139600 round=12/40 episode=6/30 sample=zero_boundary_011 soc=0.4326 fc=340
progress step=139650 round=12/40 episode=6/30 sample=zero_boundary_011 soc=0.3037 fc=440
progress step=139700 round=12/40 episode=6/30 sample=zero_boundary_011 soc=0.2015 fc=400
progress step=139750 round=12/40 episode=6/30 sample=zero_boundary_011 soc=0.4145 fc=290
progress step=139800 round=12/40 episode=6/30 sample=zero_boundary_011 soc=0.5786 fc=240
progress step=139850 round=12/40 episode=6/30 sample=zero_boundary_011 soc=0.7539 fc=250
progress step=139900 round=12/40 episode=6/30 sample=zero_boundary_011 soc=0.7972 fc=140
progress step=139950 round=12/40 episode=6/30 sample=zero_boundary_011 soc=0.7991 fc=290
progress step=140000 round=12/40 episode=6/30 sample=zero_boundary_011 soc=0.7982 fc=290
progress step=140050 round=12/40 episode=6/30 sample=zero_boundary_011 soc=0.7983 fc=290
progress step=140100 round=12/40 episode=6/30 sample=zero_boundary_011 soc=0.7760 fc=30
progress step=140150 round=12/40 episode=6/30 sample=zero_boundary_011 soc=0.7906 fc=200
progress step=140200 round=12/40 episode=7/30 sample=zero_boundary_013 soc=0.7629 fc=190
progress step=140250 round=12/40 episode=7/30 sample=zero_boundary_013 soc=0.7819 fc=210
progress step=140300 round=12/40 episode=7/30 sample=zero_boundary_013 soc=0.7555 fc=290
progress step=140350 round=12/40 episode=7/30 sample=zero_boundary_013 soc=0.7242 fc=600
progress step=140400 round=12/40 episode=7/30 sample=zero_boundary_013 soc=0.7638 fc=370
progress step=140450 round=12/40 episode=7/30 sample=zero_boundary_013 soc=0.7906 fc=30
progress step=140500 round=12/40 episode=8/30 sample=zero_boundary_015 soc=0.6043 fc=230
progress step=140550 round=12/40 episode=8/30 sample=zero_boundary_015 soc=0.6226 fc=510
progress step=140600 round=12/40 episode=8/30 sample=zero_boundary_015 soc=0.5614 fc=70
progress step=140650 round=12/40 episode=9/30 sample=zero_boundary_016 soc=0.6426 fc=160
progress step=140700 round=12/40 episode=9/30 sample=zero_boundary_016 soc=0.7142 fc=0
progress step=140750 round=12/40 episode=9/30 sample=zero_boundary_016 soc=0.4783 fc=270
progress step=140800 round=12/40 episode=9/30 sample=zero_boundary_016 soc=0.2334 fc=350
progress step=140850 round=12/40 episode=10/30 sample=zero_boundary_017 soc=0.5127 fc=220
progress step=140900 round=12/40 episode=10/30 sample=zero_boundary_017 soc=0.2218 fc=40
progress step=140950 round=12/40 episode=11/30 sample=zero_boundary_020 soc=0.5962 fc=580
progress step=141000 round=12/40 episode=11/30 sample=zero_boundary_020 soc=0.5432 fc=370
progress step=141050 round=12/40 episode=12/30 sample=zero_boundary_021 soc=0.6904 fc=440
progress step=141100 round=12/40 episode=12/30 sample=zero_boundary_021 soc=0.7168 fc=0
progress step=141150 round=12/40 episode=12/30 sample=zero_boundary_021 soc=0.5738 fc=20
progress step=141200 round=12/40 episode=12/30 sample=zero_boundary_021 soc=0.4225 fc=340
progress step=141250 round=12/40 episode=12/30 sample=zero_boundary_021 soc=0.4149 fc=330
progress step=141300 round=12/40 episode=13/30 sample=zero_boundary_022 soc=0.5998 fc=20
progress step=141350 round=12/40 episode=13/30 sample=zero_boundary_022 soc=0.4920 fc=580
progress step=141400 round=12/40 episode=13/30 sample=zero_boundary_022 soc=0.4759 fc=0
progress step=141450 round=12/40 episode=14/30 sample=zero_boundary_029 soc=0.6338 fc=110
progress step=141500 round=12/40 episode=14/30 sample=zero_boundary_029 soc=0.6586 fc=0
progress step=141550 round=12/40 episode=14/30 sample=zero_boundary_029 soc=0.5662 fc=570
progress step=141600 round=12/40 episode=14/30 sample=zero_boundary_029 soc=0.5034 fc=380
progress step=141650 round=12/40 episode=14/30 sample=zero_boundary_029 soc=0.5055 fc=100
progress step=141700 round=12/40 episode=14/30 sample=zero_boundary_029 soc=0.5178 fc=0
progress step=141750 round=12/40 episode=14/30 sample=zero_boundary_029 soc=0.5056 fc=0
progress step=141800 round=12/40 episode=14/30 sample=zero_boundary_029 soc=0.5904 fc=0
progress step=141850 round=12/40 episode=14/30 sample=zero_boundary_029 soc=0.7124 fc=200
progress step=141900 round=12/40 episode=14/30 sample=zero_boundary_029 soc=0.8000 fc=0
progress step=141950 round=12/40 episode=14/30 sample=zero_boundary_029 soc=0.8000 fc=0
progress step=142000 round=12/40 episode=14/30 sample=zero_boundary_029 soc=0.8000 fc=0
progress step=142050 round=12/40 episode=14/30 sample=zero_boundary_029 soc=0.8000 fc=0
progress step=142100 round=12/40 episode=14/30 sample=zero_boundary_029 soc=0.8000 fc=0
progress step=142150 round=12/40 episode=14/30 sample=zero_boundary_029 soc=0.8000 fc=0
progress step=142200 round=12/40 episode=14/30 sample=zero_boundary_029 soc=0.8000 fc=0
progress step=142250 round=12/40 episode=14/30 sample=zero_boundary_029 soc=0.8000 fc=0
progress step=142300 round=12/40 episode=14/30 sample=zero_boundary_029 soc=0.8000 fc=0
progress step=142350 round=12/40 episode=14/30 sample=zero_boundary_029 soc=0.7880 fc=120
progress step=142400 round=12/40 episode=14/30 sample=zero_boundary_029 soc=0.7696 fc=590
progress step=142450 round=12/40 episode=14/30 sample=zero_boundary_029 soc=0.7482 fc=480
progress step=142500 round=12/40 episode=14/30 sample=zero_boundary_029 soc=0.7816 fc=150
progress step=142550 round=12/40 episode=15/30 sample=zero_boundary_033 soc=0.6771 fc=40
progress step=142600 round=12/40 episode=15/30 sample=zero_boundary_033 soc=0.6200 fc=110
progress step=142650 round=12/40 episode=15/30 sample=zero_boundary_033 soc=0.5315 fc=0
progress step=142700 round=12/40 episode=15/30 sample=zero_boundary_033 soc=0.4048 fc=0
progress step=142750 round=12/40 episode=15/30 sample=zero_boundary_033 soc=0.4260 fc=50
progress step=142800 round=12/40 episode=15/30 sample=zero_boundary_033 soc=0.2285 fc=270
progress step=142850 round=12/40 episode=15/30 sample=zero_boundary_033 soc=0.2644 fc=530
progress step=142900 round=12/40 episode=15/30 sample=zero_boundary_033 soc=0.4000 fc=440
progress step=142950 round=12/40 episode=15/30 sample=zero_boundary_033 soc=0.5289 fc=280
progress step=143000 round=12/40 episode=15/30 sample=zero_boundary_033 soc=0.6646 fc=100
progress step=143050 round=12/40 episode=15/30 sample=zero_boundary_033 soc=0.7999 fc=0
progress step=143100 round=12/40 episode=15/30 sample=zero_boundary_033 soc=0.7999 fc=0
progress step=143150 round=12/40 episode=15/30 sample=zero_boundary_033 soc=0.7999 fc=0
progress step=143200 round=12/40 episode=15/30 sample=zero_boundary_033 soc=0.7999 fc=0
progress step=143250 round=12/40 episode=15/30 sample=zero_boundary_033 soc=0.8000 fc=20
progress step=143300 round=12/40 episode=15/30 sample=zero_boundary_033 soc=0.7998 fc=40
progress step=143350 round=12/40 episode=15/30 sample=zero_boundary_033 soc=0.7989 fc=50
progress step=143400 round=12/40 episode=15/30 sample=zero_boundary_033 soc=0.7991 fc=50
progress step=143450 round=12/40 episode=15/30 sample=zero_boundary_033 soc=0.7982 fc=50
progress step=143500 round=12/40 episode=16/30 sample=zero_boundary_034 soc=0.6652 fc=0
progress step=143550 round=12/40 episode=16/30 sample=zero_boundary_034 soc=0.8000 fc=0
progress step=143600 round=12/40 episode=16/30 sample=zero_boundary_034 soc=0.8000 fc=0
progress step=143650 round=12/40 episode=16/30 sample=zero_boundary_034 soc=0.8000 fc=0
progress step=143700 round=12/40 episode=16/30 sample=zero_boundary_034 soc=0.8000 fc=0
progress step=143750 round=12/40 episode=16/30 sample=zero_boundary_034 soc=0.8000 fc=0
progress step=143800 round=12/40 episode=16/30 sample=zero_boundary_034 soc=0.8000 fc=0
progress step=143850 round=12/40 episode=16/30 sample=zero_boundary_034 soc=0.8000 fc=0
progress step=143900 round=12/40 episode=16/30 sample=zero_boundary_034 soc=0.8000 fc=0
progress step=143950 round=12/40 episode=16/30 sample=zero_boundary_034 soc=0.8000 fc=0
progress step=144000 round=12/40 episode=16/30 sample=zero_boundary_034 soc=0.8000 fc=0
progress step=144050 round=12/40 episode=16/30 sample=zero_boundary_034 soc=0.8000 fc=0
progress step=144100 round=12/40 episode=16/30 sample=zero_boundary_034 soc=0.8000 fc=0
progress step=144150 round=12/40 episode=16/30 sample=zero_boundary_034 soc=0.8000 fc=0
progress step=144200 round=12/40 episode=16/30 sample=zero_boundary_034 soc=0.8000 fc=0
progress step=144250 round=12/40 episode=16/30 sample=zero_boundary_034 soc=0.8000 fc=0
progress step=144300 round=12/40 episode=16/30 sample=zero_boundary_034 soc=0.8000 fc=0
progress step=144350 round=12/40 episode=16/30 sample=zero_boundary_034 soc=0.7996 fc=80
progress step=144400 round=12/40 episode=16/30 sample=zero_boundary_034 soc=0.7998 fc=30
progress step=144450 round=12/40 episode=16/30 sample=zero_boundary_034 soc=0.7890 fc=560
progress step=144500 round=12/40 episode=16/30 sample=zero_boundary_034 soc=0.7750 fc=0
progress step=144550 round=12/40 episode=16/30 sample=zero_boundary_034 soc=0.7671 fc=380
progress step=144600 round=12/40 episode=16/30 sample=zero_boundary_034 soc=0.7962 fc=0
progress step=144650 round=12/40 episode=16/30 sample=zero_boundary_034 soc=0.7998 fc=0
progress step=144700 round=12/40 episode=16/30 sample=zero_boundary_034 soc=0.7999 fc=0
progress step=144750 round=12/40 episode=16/30 sample=zero_boundary_034 soc=0.7999 fc=0
progress step=144800 round=12/40 episode=16/30 sample=zero_boundary_034 soc=0.7999 fc=0
progress step=144850 round=12/40 episode=16/30 sample=zero_boundary_034 soc=0.7999 fc=0
progress step=144900 round=12/40 episode=16/30 sample=zero_boundary_034 soc=0.7999 fc=0
progress step=144950 round=12/40 episode=16/30 sample=zero_boundary_034 soc=0.7999 fc=0
progress step=145000 round=12/40 episode=16/30 sample=zero_boundary_034 soc=0.7999 fc=0
progress step=145050 round=12/40 episode=16/30 sample=zero_boundary_034 soc=0.7999 fc=0
progress step=145100 round=12/40 episode=16/30 sample=zero_boundary_034 soc=0.8000 fc=0
progress step=145150 round=12/40 episode=17/30 sample=zero_boundary_037 soc=0.6133 fc=290
progress step=145200 round=12/40 episode=17/30 sample=zero_boundary_037 soc=0.6430 fc=140
progress step=145250 round=12/40 episode=17/30 sample=zero_boundary_037 soc=0.6709 fc=140
progress step=145300 round=12/40 episode=17/30 sample=zero_boundary_037 soc=0.7166 fc=60
progress step=145350 round=12/40 episode=17/30 sample=zero_boundary_037 soc=0.6643 fc=0
progress step=145400 round=12/40 episode=17/30 sample=zero_boundary_037 soc=0.5503 fc=0
progress step=145450 round=12/40 episode=17/30 sample=zero_boundary_037 soc=0.3128 fc=0
progress step=145500 round=12/40 episode=17/30 sample=zero_boundary_037 soc=0.2999 fc=410
progress step=145550 round=12/40 episode=17/30 sample=zero_boundary_037 soc=0.4198 fc=190
progress step=145600 round=12/40 episode=17/30 sample=zero_boundary_037 soc=0.5169 fc=20
progress step=145650 round=12/40 episode=17/30 sample=zero_boundary_037 soc=0.6166 fc=120
progress step=145700 round=12/40 episode=17/30 sample=zero_boundary_037 soc=0.7355 fc=310
progress step=145750 round=12/40 episode=17/30 sample=zero_boundary_037 soc=0.7994 fc=0
progress step=145800 round=12/40 episode=17/30 sample=zero_boundary_037 soc=0.7985 fc=0
progress step=145850 round=12/40 episode=17/30 sample=zero_boundary_037 soc=0.7990 fc=110
progress step=145900 round=12/40 episode=17/30 sample=zero_boundary_037 soc=0.7928 fc=0
progress step=145950 round=12/40 episode=17/30 sample=zero_boundary_037 soc=0.8000 fc=20
progress step=146000 round=12/40 episode=17/30 sample=zero_boundary_037 soc=0.7983 fc=40
progress step=146050 round=12/40 episode=17/30 sample=zero_boundary_037 soc=0.7996 fc=40
progress step=146100 round=12/40 episode=17/30 sample=zero_boundary_037 soc=0.7994 fc=10
progress step=146150 round=12/40 episode=17/30 sample=zero_boundary_037 soc=0.7999 fc=0
progress step=146200 round=12/40 episode=17/30 sample=zero_boundary_037 soc=0.7999 fc=0
progress step=146250 round=12/40 episode=17/30 sample=zero_boundary_037 soc=0.7991 fc=40
progress step=146300 round=12/40 episode=17/30 sample=zero_boundary_037 soc=0.7981 fc=0
progress step=146350 round=12/40 episode=17/30 sample=zero_boundary_037 soc=0.7989 fc=50
progress step=146400 round=12/40 episode=17/30 sample=zero_boundary_037 soc=0.7987 fc=60
progress step=146450 round=12/40 episode=17/30 sample=zero_boundary_037 soc=0.7970 fc=240
progress step=146500 round=12/40 episode=17/30 sample=zero_boundary_037 soc=0.7992 fc=0
progress step=146550 round=12/40 episode=17/30 sample=zero_boundary_037 soc=0.7991 fc=0
progress step=146600 round=12/40 episode=17/30 sample=zero_boundary_037 soc=0.7998 fc=40
progress step=146650 round=12/40 episode=17/30 sample=zero_boundary_037 soc=0.7992 fc=70
progress step=146700 round=12/40 episode=17/30 sample=zero_boundary_037 soc=0.7995 fc=40
progress step=146750 round=12/40 episode=17/30 sample=zero_boundary_037 soc=0.7994 fc=70
progress step=146800 round=12/40 episode=17/30 sample=zero_boundary_037 soc=0.8000 fc=0
progress step=146850 round=12/40 episode=17/30 sample=zero_boundary_037 soc=0.7987 fc=70
progress step=146900 round=12/40 episode=17/30 sample=zero_boundary_037 soc=0.7995 fc=50
progress step=146950 round=12/40 episode=17/30 sample=zero_boundary_037 soc=0.7997 fc=40
progress step=147000 round=12/40 episode=17/30 sample=zero_boundary_037 soc=0.7997 fc=40
progress step=147050 round=12/40 episode=18/30 sample=zero_boundary_038 soc=0.6394 fc=570
progress step=147100 round=12/40 episode=18/30 sample=zero_boundary_038 soc=0.5154 fc=290
progress step=147150 round=12/40 episode=18/30 sample=zero_boundary_038 soc=0.4081 fc=440
progress step=147200 round=12/40 episode=18/30 sample=zero_boundary_038 soc=0.2528 fc=230
progress step=147250 round=12/40 episode=18/30 sample=zero_boundary_038 soc=0.2002 fc=590
progress step=147300 round=12/40 episode=18/30 sample=zero_boundary_038 soc=0.2347 fc=290
progress step=147350 round=12/40 episode=18/30 sample=zero_boundary_038 soc=0.3212 fc=0
progress step=147400 round=12/40 episode=18/30 sample=zero_boundary_038 soc=0.4316 fc=250
progress step=147450 round=12/40 episode=18/30 sample=zero_boundary_038 soc=0.5374 fc=530
progress step=147500 round=12/40 episode=18/30 sample=zero_boundary_038 soc=0.4929 fc=170
progress step=147550 round=12/40 episode=18/30 sample=zero_boundary_038 soc=0.3970 fc=430
progress step=147600 round=12/40 episode=18/30 sample=zero_boundary_038 soc=0.2870 fc=0
progress step=147650 round=12/40 episode=18/30 sample=zero_boundary_038 soc=0.2035 fc=520
progress step=147700 round=12/40 episode=18/30 sample=zero_boundary_038 soc=0.2658 fc=270
progress step=147750 round=12/40 episode=19/30 sample=zero_boundary_040 soc=0.5637 fc=230
progress step=147800 round=12/40 episode=19/30 sample=zero_boundary_040 soc=0.4589 fc=220
progress step=147850 round=12/40 episode=19/30 sample=zero_boundary_040 soc=0.3585 fc=390
progress step=147900 round=12/40 episode=19/30 sample=zero_boundary_040 soc=0.2855 fc=210
progress step=147950 round=12/40 episode=19/30 sample=zero_boundary_040 soc=0.2305 fc=500
progress step=148000 round=12/40 episode=19/30 sample=zero_boundary_040 soc=0.2002 fc=360
progress step=148050 round=12/40 episode=19/30 sample=zero_boundary_040 soc=0.3161 fc=440
progress step=148100 round=12/40 episode=19/30 sample=zero_boundary_040 soc=0.2031 fc=400
progress step=148150 round=12/40 episode=19/30 sample=zero_boundary_040 soc=0.2001 fc=530
progress step=148200 round=12/40 episode=19/30 sample=zero_boundary_040 soc=0.2244 fc=410
progress step=148250 round=12/40 episode=20/30 sample=zero_boundary_041 soc=0.5255 fc=290
progress step=148300 round=12/40 episode=20/30 sample=zero_boundary_041 soc=0.3343 fc=550
progress step=148350 round=12/40 episode=21/30 sample=zero_boundary_042 soc=0.6377 fc=50
progress step=148400 round=12/40 episode=21/30 sample=zero_boundary_042 soc=0.4838 fc=420
progress step=148450 round=12/40 episode=21/30 sample=zero_boundary_042 soc=0.2185 fc=0
progress step=148500 round=12/40 episode=22/30 sample=zero_boundary_044 soc=0.5653 fc=70
progress step=148550 round=12/40 episode=22/30 sample=zero_boundary_044 soc=0.3558 fc=30
progress step=148600 round=12/40 episode=23/30 sample=zero_boundary_045 soc=0.6763 fc=60
progress step=148650 round=12/40 episode=23/30 sample=zero_boundary_045 soc=0.6134 fc=410
progress step=148700 round=12/40 episode=23/30 sample=zero_boundary_045 soc=0.4734 fc=0
progress step=148750 round=12/40 episode=23/30 sample=zero_boundary_045 soc=0.2073 fc=250
progress step=148800 round=12/40 episode=24/30 sample=zero_boundary_046 soc=0.5167 fc=70
progress step=148850 round=12/40 episode=24/30 sample=zero_boundary_046 soc=0.2701 fc=100
progress step=148900 round=12/40 episode=25/30 sample=zero_boundary_048 soc=0.6310 fc=0
progress step=148950 round=12/40 episode=25/30 sample=zero_boundary_048 soc=0.4217 fc=40
progress step=149000 round=12/40 episode=25/30 sample=zero_boundary_048 soc=0.2230 fc=160
progress step=149050 round=12/40 episode=25/30 sample=zero_boundary_048 soc=0.2130 fc=490
progress step=149100 round=12/40 episode=25/30 sample=zero_boundary_048 soc=0.2009 fc=270
progress step=149150 round=12/40 episode=26/30 sample=zero_boundary_049 soc=0.6100 fc=460
progress step=149200 round=12/40 episode=26/30 sample=zero_boundary_049 soc=0.5430 fc=430
progress step=149250 round=12/40 episode=26/30 sample=zero_boundary_049 soc=0.4531 fc=360
progress step=149300 round=12/40 episode=26/30 sample=zero_boundary_049 soc=0.4019 fc=70
progress step=149350 round=12/40 episode=26/30 sample=zero_boundary_049 soc=0.4347 fc=0
progress step=149400 round=12/40 episode=27/30 sample=zero_boundary_050 soc=0.6336 fc=560
progress step=149450 round=12/40 episode=27/30 sample=zero_boundary_050 soc=0.4493 fc=380
progress step=149500 round=12/40 episode=27/30 sample=zero_boundary_050 soc=0.2271 fc=320
progress step=149550 round=12/40 episode=28/30 sample=zero_boundary_051 soc=0.5945 fc=130
progress step=149600 round=12/40 episode=28/30 sample=zero_boundary_051 soc=0.5413 fc=0
progress step=149650 round=12/40 episode=28/30 sample=zero_boundary_051 soc=0.5002 fc=10
progress step=149700 round=12/40 episode=29/30 sample=zero_boundary_052 soc=0.6527 fc=470
progress step=149750 round=12/40 episode=29/30 sample=zero_boundary_052 soc=0.4890 fc=0
progress step=149800 round=12/40 episode=30/30 sample=zero_boundary_053 soc=0.6193 fc=550
progress step=149850 round=12/40 episode=30/30 sample=zero_boundary_053 soc=0.6180 fc=0
progress step=149900 round=12/40 episode=30/30 sample=zero_boundary_053 soc=0.4491 fc=450
progress step=149950 round=12/40 episode=30/30 sample=zero_boundary_053 soc=0.3900 fc=410
progress step=150000 round=12/40 episode=30/30 sample=zero_boundary_053 soc=0.3365 fc=290
round 12/40 exploratory=17/30 greedy_train start
MONITOR round=12 exploratory=17/30 greedy_train=10/30 validation=SKIPPED cost=None updates=4224 best_round=7
round 13/40 start epsilon=0.7077
progress step=150050 round=13/40 episode=1/30 sample=zero_boundary_002 soc=0.6000 fc=0
progress step=150100 round=13/40 episode=1/30 sample=zero_boundary_002 soc=0.6521 fc=0
progress step=150150 round=13/40 episode=1/30 sample=zero_boundary_002 soc=0.2746 fc=180
progress step=150200 round=13/40 episode=2/30 sample=zero_boundary_005 soc=0.6002 fc=540
progress step=150250 round=13/40 episode=2/30 sample=zero_boundary_005 soc=0.4136 fc=310
progress step=150300 round=13/40 episode=2/30 sample=zero_boundary_005 soc=0.3204 fc=300
progress step=150350 round=13/40 episode=2/30 sample=zero_boundary_005 soc=0.2362 fc=240
progress step=150400 round=13/40 episode=2/30 sample=zero_boundary_005 soc=0.2027 fc=370
progress step=150450 round=13/40 episode=2/30 sample=zero_boundary_005 soc=0.2323 fc=0
progress step=150500 round=13/40 episode=3/30 sample=zero_boundary_006 soc=0.6761 fc=0
progress step=150550 round=13/40 episode=3/30 sample=zero_boundary_006 soc=0.7128 fc=0
progress step=150600 round=13/40 episode=3/30 sample=zero_boundary_006 soc=0.7916 fc=0
progress step=150650 round=13/40 episode=3/30 sample=zero_boundary_006 soc=0.7994 fc=40
progress step=150700 round=13/40 episode=3/30 sample=zero_boundary_006 soc=0.7999 fc=80
progress step=150750 round=13/40 episode=3/30 sample=zero_boundary_006 soc=0.7975 fc=160
progress step=150800 round=13/40 episode=3/30 sample=zero_boundary_006 soc=0.7918 fc=300
progress step=150850 round=13/40 episode=4/30 sample=zero_boundary_007 soc=0.5847 fc=70
progress step=150900 round=13/40 episode=4/30 sample=zero_boundary_007 soc=0.4266 fc=290
progress step=150950 round=13/40 episode=4/30 sample=zero_boundary_007 soc=0.3872 fc=20
progress step=151000 round=13/40 episode=4/30 sample=zero_boundary_007 soc=0.4011 fc=340
progress step=151050 round=13/40 episode=4/30 sample=zero_boundary_007 soc=0.2973 fc=230
progress step=151100 round=13/40 episode=5/30 sample=zero_boundary_008 soc=0.6268 fc=170
progress step=151150 round=13/40 episode=5/30 sample=zero_boundary_008 soc=0.4909 fc=150
progress step=151200 round=13/40 episode=6/30 sample=zero_boundary_011 soc=0.6475 fc=380
progress step=151250 round=13/40 episode=6/30 sample=zero_boundary_011 soc=0.7986 fc=50
progress step=151300 round=13/40 episode=6/30 sample=zero_boundary_011 soc=0.6997 fc=380
progress step=151350 round=13/40 episode=6/30 sample=zero_boundary_011 soc=0.5809 fc=550
progress step=151400 round=13/40 episode=6/30 sample=zero_boundary_011 soc=0.5053 fc=130
progress step=151450 round=13/40 episode=6/30 sample=zero_boundary_011 soc=0.3471 fc=380
progress step=151500 round=13/40 episode=6/30 sample=zero_boundary_011 soc=0.4786 fc=580
progress step=151550 round=13/40 episode=6/30 sample=zero_boundary_011 soc=0.6767 fc=250
progress step=151600 round=13/40 episode=6/30 sample=zero_boundary_011 soc=0.7998 fc=20
progress step=151650 round=13/40 episode=6/30 sample=zero_boundary_011 soc=0.7998 fc=40
progress step=151700 round=13/40 episode=6/30 sample=zero_boundary_011 soc=0.7947 fc=380
progress step=151750 round=13/40 episode=6/30 sample=zero_boundary_011 soc=0.7926 fc=150
progress step=151800 round=13/40 episode=6/30 sample=zero_boundary_011 soc=0.7919 fc=190
progress step=151850 round=13/40 episode=6/30 sample=zero_boundary_011 soc=0.7969 fc=380
progress step=151900 round=13/40 episode=6/30 sample=zero_boundary_011 soc=0.7640 fc=510
progress step=151950 round=13/40 episode=7/30 sample=zero_boundary_013 soc=0.6667 fc=140
progress step=152000 round=13/40 episode=7/30 sample=zero_boundary_013 soc=0.7880 fc=460
progress step=152050 round=13/40 episode=7/30 sample=zero_boundary_013 soc=0.7892 fc=570
progress step=152100 round=13/40 episode=7/30 sample=zero_boundary_013 soc=0.7291 fc=180
progress step=152150 round=13/40 episode=7/30 sample=zero_boundary_013 soc=0.7995 fc=0
progress step=152200 round=13/40 episode=7/30 sample=zero_boundary_013 soc=0.7929 fc=570
progress step=152250 round=13/40 episode=7/30 sample=zero_boundary_013 soc=0.7988 fc=30
progress step=152300 round=13/40 episode=8/30 sample=zero_boundary_015 soc=0.6120 fc=340
progress step=152350 round=13/40 episode=8/30 sample=zero_boundary_015 soc=0.5431 fc=80
progress step=152400 round=13/40 episode=8/30 sample=zero_boundary_015 soc=0.2339 fc=0
progress step=152450 round=13/40 episode=9/30 sample=zero_boundary_016 soc=0.6906 fc=290
progress step=152500 round=13/40 episode=9/30 sample=zero_boundary_016 soc=0.5972 fc=0
progress step=152550 round=13/40 episode=9/30 sample=zero_boundary_016 soc=0.2816 fc=600
progress step=152600 round=13/40 episode=10/30 sample=zero_boundary_017 soc=0.5069 fc=500
progress step=152650 round=13/40 episode=11/30 sample=zero_boundary_020 soc=0.6030 fc=0
progress step=152700 round=13/40 episode=11/30 sample=zero_boundary_020 soc=0.5872 fc=0
progress step=152750 round=13/40 episode=11/30 sample=zero_boundary_020 soc=0.5341 fc=550
progress step=152800 round=13/40 episode=12/30 sample=zero_boundary_021 soc=0.6794 fc=550
progress step=152850 round=13/40 episode=12/30 sample=zero_boundary_021 soc=0.6857 fc=250
progress step=152900 round=13/40 episode=12/30 sample=zero_boundary_021 soc=0.5237 fc=80
progress step=152950 round=13/40 episode=12/30 sample=zero_boundary_021 soc=0.3679 fc=260
progress step=153000 round=13/40 episode=13/30 sample=zero_boundary_022 soc=0.6000 fc=270
progress step=153050 round=13/40 episode=13/30 sample=zero_boundary_022 soc=0.5630 fc=500
progress step=153100 round=13/40 episode=13/30 sample=zero_boundary_022 soc=0.5080 fc=0
progress step=153150 round=13/40 episode=13/30 sample=zero_boundary_022 soc=0.4835 fc=0
progress step=153200 round=13/40 episode=14/30 sample=zero_boundary_029 soc=0.6463 fc=310
progress step=153250 round=13/40 episode=14/30 sample=zero_boundary_029 soc=0.6099 fc=0
progress step=153300 round=13/40 episode=14/30 sample=zero_boundary_029 soc=0.5109 fc=0
progress step=153350 round=13/40 episode=14/30 sample=zero_boundary_029 soc=0.4400 fc=0
progress step=153400 round=13/40 episode=14/30 sample=zero_boundary_029 soc=0.4752 fc=270
progress step=153450 round=13/40 episode=14/30 sample=zero_boundary_029 soc=0.4832 fc=50
progress step=153500 round=13/40 episode=14/30 sample=zero_boundary_029 soc=0.4648 fc=160
progress step=153550 round=13/40 episode=14/30 sample=zero_boundary_029 soc=0.5444 fc=0
progress step=153600 round=13/40 episode=14/30 sample=zero_boundary_029 soc=0.6591 fc=520
progress step=153650 round=13/40 episode=14/30 sample=zero_boundary_029 soc=0.7855 fc=0
progress step=153700 round=13/40 episode=14/30 sample=zero_boundary_029 soc=0.7999 fc=0
progress step=153750 round=13/40 episode=14/30 sample=zero_boundary_029 soc=0.7999 fc=0
progress step=153800 round=13/40 episode=14/30 sample=zero_boundary_029 soc=0.7999 fc=0
progress step=153850 round=13/40 episode=14/30 sample=zero_boundary_029 soc=0.7999 fc=0
progress step=153900 round=13/40 episode=14/30 sample=zero_boundary_029 soc=0.7999 fc=0
progress step=153950 round=13/40 episode=14/30 sample=zero_boundary_029 soc=0.7999 fc=0
progress step=154000 round=13/40 episode=14/30 sample=zero_boundary_029 soc=0.7999 fc=0
progress step=154050 round=13/40 episode=14/30 sample=zero_boundary_029 soc=0.7999 fc=0
progress step=154100 round=13/40 episode=14/30 sample=zero_boundary_029 soc=0.7639 fc=410
progress step=154150 round=13/40 episode=14/30 sample=zero_boundary_029 soc=0.7536 fc=250
progress step=154200 round=13/40 episode=14/30 sample=zero_boundary_029 soc=0.7173 fc=20
progress step=154250 round=13/40 episode=15/30 sample=zero_boundary_033 soc=0.6160 fc=570
progress step=154300 round=13/40 episode=15/30 sample=zero_boundary_033 soc=0.6795 fc=290
progress step=154350 round=13/40 episode=15/30 sample=zero_boundary_033 soc=0.6097 fc=220
progress step=154400 round=13/40 episode=15/30 sample=zero_boundary_033 soc=0.4965 fc=180
progress step=154450 round=13/40 episode=15/30 sample=zero_boundary_033 soc=0.3829 fc=330
progress step=154500 round=13/40 episode=15/30 sample=zero_boundary_033 soc=0.3818 fc=460
progress step=154550 round=13/40 episode=15/30 sample=zero_boundary_033 soc=0.2001 fc=510
progress step=154600 round=13/40 episode=15/30 sample=zero_boundary_033 soc=0.2694 fc=0
progress step=154650 round=13/40 episode=15/30 sample=zero_boundary_033 soc=0.3838 fc=130
progress step=154700 round=13/40 episode=15/30 sample=zero_boundary_033 soc=0.5055 fc=80
progress step=154750 round=13/40 episode=15/30 sample=zero_boundary_033 soc=0.6298 fc=330
progress step=154800 round=13/40 episode=15/30 sample=zero_boundary_033 soc=0.7288 fc=400
progress step=154850 round=13/40 episode=15/30 sample=zero_boundary_033 soc=0.7999 fc=0
progress step=154900 round=13/40 episode=15/30 sample=zero_boundary_033 soc=0.7999 fc=0
progress step=154950 round=13/40 episode=15/30 sample=zero_boundary_033 soc=0.7999 fc=0
progress step=155000 round=13/40 episode=15/30 sample=zero_boundary_033 soc=0.7997 fc=30
progress step=155050 round=13/40 episode=15/30 sample=zero_boundary_033 soc=0.7992 fc=40
progress step=155100 round=13/40 episode=15/30 sample=zero_boundary_033 soc=0.7993 fc=30
progress step=155150 round=13/40 episode=15/30 sample=zero_boundary_033 soc=0.7995 fc=30
progress step=155200 round=13/40 episode=15/30 sample=zero_boundary_033 soc=0.7999 fc=0
progress step=155250 round=13/40 episode=16/30 sample=zero_boundary_034 soc=0.6986 fc=560
progress step=155300 round=13/40 episode=16/30 sample=zero_boundary_034 soc=0.7999 fc=0
progress step=155350 round=13/40 episode=16/30 sample=zero_boundary_034 soc=0.7999 fc=0
progress step=155400 round=13/40 episode=16/30 sample=zero_boundary_034 soc=0.7999 fc=0
progress step=155450 round=13/40 episode=16/30 sample=zero_boundary_034 soc=0.7999 fc=0
progress step=155500 round=13/40 episode=16/30 sample=zero_boundary_034 soc=0.7999 fc=0
progress step=155550 round=13/40 episode=16/30 sample=zero_boundary_034 soc=0.7999 fc=0
progress step=155600 round=13/40 episode=16/30 sample=zero_boundary_034 soc=0.7999 fc=0
progress step=155650 round=13/40 episode=16/30 sample=zero_boundary_034 soc=0.7999 fc=0
progress step=155700 round=13/40 episode=16/30 sample=zero_boundary_034 soc=0.7999 fc=0
progress step=155750 round=13/40 episode=16/30 sample=zero_boundary_034 soc=0.7999 fc=0
progress step=155800 round=13/40 episode=16/30 sample=zero_boundary_034 soc=0.7999 fc=0
progress step=155850 round=13/40 episode=16/30 sample=zero_boundary_034 soc=0.7999 fc=0
progress step=155900 round=13/40 episode=16/30 sample=zero_boundary_034 soc=0.7999 fc=0
progress step=155950 round=13/40 episode=16/30 sample=zero_boundary_034 soc=0.7999 fc=0
progress step=156000 round=13/40 episode=16/30 sample=zero_boundary_034 soc=0.7999 fc=0
progress step=156050 round=13/40 episode=16/30 sample=zero_boundary_034 soc=0.7999 fc=0
progress step=156100 round=13/40 episode=16/30 sample=zero_boundary_034 soc=0.7991 fc=60
progress step=156150 round=13/40 episode=16/30 sample=zero_boundary_034 soc=0.7983 fc=70
progress step=156200 round=13/40 episode=16/30 sample=zero_boundary_034 soc=0.7711 fc=390
progress step=156250 round=13/40 episode=16/30 sample=zero_boundary_034 soc=0.7964 fc=490
progress step=156300 round=13/40 episode=16/30 sample=zero_boundary_034 soc=0.7642 fc=560
progress step=156350 round=13/40 episode=16/30 sample=zero_boundary_034 soc=0.7984 fc=130
progress step=156400 round=13/40 episode=16/30 sample=zero_boundary_034 soc=0.7995 fc=10
progress step=156450 round=13/40 episode=16/30 sample=zero_boundary_034 soc=0.7999 fc=0
progress step=156500 round=13/40 episode=16/30 sample=zero_boundary_034 soc=0.7999 fc=0
progress step=156550 round=13/40 episode=16/30 sample=zero_boundary_034 soc=0.7999 fc=0
progress step=156600 round=13/40 episode=16/30 sample=zero_boundary_034 soc=0.7999 fc=0
progress step=156650 round=13/40 episode=16/30 sample=zero_boundary_034 soc=0.7999 fc=0
progress step=156700 round=13/40 episode=16/30 sample=zero_boundary_034 soc=0.7999 fc=0
progress step=156750 round=13/40 episode=16/30 sample=zero_boundary_034 soc=0.7999 fc=0
progress step=156800 round=13/40 episode=16/30 sample=zero_boundary_034 soc=0.7999 fc=0
progress step=156850 round=13/40 episode=16/30 sample=zero_boundary_034 soc=0.7998 fc=20
progress step=156900 round=13/40 episode=17/30 sample=zero_boundary_037 soc=0.6476 fc=480
progress step=156950 round=13/40 episode=17/30 sample=zero_boundary_037 soc=0.6533 fc=0
progress step=157000 round=13/40 episode=17/30 sample=zero_boundary_037 soc=0.6194 fc=540
progress step=157050 round=13/40 episode=17/30 sample=zero_boundary_037 soc=0.6081 fc=430
progress step=157100 round=13/40 episode=17/30 sample=zero_boundary_037 soc=0.5524 fc=350
progress step=157150 round=13/40 episode=17/30 sample=zero_boundary_037 soc=0.4035 fc=60
progress step=157200 round=13/40 episode=17/30 sample=zero_boundary_037 soc=0.2344 fc=390
progress step=157250 round=13/40 episode=17/30 sample=zero_boundary_037 soc=0.2857 fc=450
progress step=157300 round=13/40 episode=17/30 sample=zero_boundary_037 soc=0.3889 fc=400
progress step=157350 round=13/40 episode=17/30 sample=zero_boundary_037 soc=0.4489 fc=60
progress step=157400 round=13/40 episode=17/30 sample=zero_boundary_037 soc=0.5546 fc=180
progress step=157450 round=13/40 episode=17/30 sample=zero_boundary_037 soc=0.6405 fc=180
progress step=157500 round=13/40 episode=17/30 sample=zero_boundary_037 soc=0.7181 fc=360
progress step=157550 round=13/40 episode=17/30 sample=zero_boundary_037 soc=0.7975 fc=100
progress step=157600 round=13/40 episode=17/30 sample=zero_boundary_037 soc=0.7988 fc=80
progress step=157650 round=13/40 episode=17/30 sample=zero_boundary_037 soc=0.7956 fc=170
progress step=157700 round=13/40 episode=17/30 sample=zero_boundary_037 soc=0.7994 fc=0
progress step=157750 round=13/40 episode=17/30 sample=zero_boundary_037 soc=0.7970 fc=130
progress step=157800 round=13/40 episode=17/30 sample=zero_boundary_037 soc=0.7971 fc=0
progress step=157850 round=13/40 episode=17/30 sample=zero_boundary_037 soc=0.7986 fc=100
progress step=157900 round=13/40 episode=17/30 sample=zero_boundary_037 soc=0.7999 fc=0
progress step=157950 round=13/40 episode=17/30 sample=zero_boundary_037 soc=0.7999 fc=0
progress step=158000 round=13/40 episode=17/30 sample=zero_boundary_037 soc=0.7984 fc=0
progress step=158050 round=13/40 episode=17/30 sample=zero_boundary_037 soc=0.7989 fc=0
progress step=158100 round=13/40 episode=17/30 sample=zero_boundary_037 soc=0.7992 fc=90
progress step=158150 round=13/40 episode=17/30 sample=zero_boundary_037 soc=0.7992 fc=0
progress step=158200 round=13/40 episode=17/30 sample=zero_boundary_037 soc=0.7989 fc=70
progress step=158250 round=13/40 episode=17/30 sample=zero_boundary_037 soc=0.7984 fc=120
progress step=158300 round=13/40 episode=17/30 sample=zero_boundary_037 soc=0.7994 fc=50
progress step=158350 round=13/40 episode=17/30 sample=zero_boundary_037 soc=0.7983 fc=70
progress step=158400 round=13/40 episode=17/30 sample=zero_boundary_037 soc=0.7996 fc=40
progress step=158450 round=13/40 episode=17/30 sample=zero_boundary_037 soc=0.7996 fc=0
progress step=158500 round=13/40 episode=17/30 sample=zero_boundary_037 soc=0.7992 fc=0
progress step=158550 round=13/40 episode=17/30 sample=zero_boundary_037 soc=0.7996 fc=40
progress step=158600 round=13/40 episode=17/30 sample=zero_boundary_037 soc=0.7994 fc=30
progress step=158650 round=13/40 episode=17/30 sample=zero_boundary_037 soc=0.7992 fc=50
progress step=158700 round=13/40 episode=17/30 sample=zero_boundary_037 soc=0.7994 fc=40
progress step=158750 round=13/40 episode=17/30 sample=zero_boundary_037 soc=0.7998 fc=10
progress step=158800 round=13/40 episode=18/30 sample=zero_boundary_038 soc=0.6233 fc=0
progress step=158850 round=13/40 episode=18/30 sample=zero_boundary_038 soc=0.4872 fc=0
progress step=158900 round=13/40 episode=18/30 sample=zero_boundary_038 soc=0.4032 fc=300
progress step=158950 round=13/40 episode=18/30 sample=zero_boundary_038 soc=0.2479 fc=370
progress step=159000 round=13/40 episode=18/30 sample=zero_boundary_038 soc=0.2007 fc=460
progress step=159050 round=13/40 episode=18/30 sample=zero_boundary_038 soc=0.2414 fc=0
progress step=159100 round=13/40 episode=18/30 sample=zero_boundary_038 soc=0.3697 fc=180
progress step=159150 round=13/40 episode=18/30 sample=zero_boundary_038 soc=0.4904 fc=520
progress step=159200 round=13/40 episode=18/30 sample=zero_boundary_038 soc=0.5940 fc=0
progress step=159250 round=13/40 episode=18/30 sample=zero_boundary_038 soc=0.5155 fc=570
progress step=159300 round=13/40 episode=18/30 sample=zero_boundary_038 soc=0.4336 fc=0
progress step=159350 round=13/40 episode=18/30 sample=zero_boundary_038 soc=0.3035 fc=170
progress step=159400 round=13/40 episode=18/30 sample=zero_boundary_038 soc=0.2094 fc=330
progress step=159450 round=13/40 episode=18/30 sample=zero_boundary_038 soc=0.2793 fc=10
progress step=159500 round=13/40 episode=19/30 sample=zero_boundary_040 soc=0.5479 fc=0
progress step=159550 round=13/40 episode=19/30 sample=zero_boundary_040 soc=0.3734 fc=180
progress step=159600 round=13/40 episode=19/30 sample=zero_boundary_040 soc=0.2612 fc=490
progress step=159650 round=13/40 episode=20/30 sample=zero_boundary_041 soc=0.5815 fc=0
progress step=159700 round=13/40 episode=20/30 sample=zero_boundary_041 soc=0.4214 fc=250
progress step=159750 round=13/40 episode=21/30 sample=zero_boundary_042 soc=0.6442 fc=120
progress step=159800 round=13/40 episode=21/30 sample=zero_boundary_042 soc=0.5482 fc=530
progress step=159850 round=13/40 episode=21/30 sample=zero_boundary_042 soc=0.3312 fc=0
progress step=159900 round=13/40 episode=22/30 sample=zero_boundary_044 soc=0.6191 fc=20
progress step=159950 round=13/40 episode=22/30 sample=zero_boundary_044 soc=0.4713 fc=160
progress step=160000 round=13/40 episode=22/30 sample=zero_boundary_044 soc=0.2189 fc=0
progress step=160050 round=13/40 episode=23/30 sample=zero_boundary_045 soc=0.6375 fc=0
progress step=160100 round=13/40 episode=23/30 sample=zero_boundary_045 soc=0.4956 fc=410
progress step=160150 round=13/40 episode=23/30 sample=zero_boundary_045 soc=0.3468 fc=90
progress step=160200 round=13/40 episode=24/30 sample=zero_boundary_046 soc=0.5333 fc=130
progress step=160250 round=13/40 episode=24/30 sample=zero_boundary_046 soc=0.3630 fc=140
progress step=160300 round=13/40 episode=25/30 sample=zero_boundary_048 soc=0.6404 fc=0
progress step=160350 round=13/40 episode=25/30 sample=zero_boundary_048 soc=0.4777 fc=400
progress step=160400 round=13/40 episode=25/30 sample=zero_boundary_048 soc=0.2717 fc=400
progress step=160450 round=13/40 episode=25/30 sample=zero_boundary_048 soc=0.2011 fc=430
progress step=160500 round=13/40 episode=25/30 sample=zero_boundary_048 soc=0.2147 fc=380
progress step=160550 round=13/40 episode=26/30 sample=zero_boundary_049 soc=0.6543 fc=100
progress step=160600 round=13/40 episode=26/30 sample=zero_boundary_049 soc=0.5845 fc=0
progress step=160650 round=13/40 episode=26/30 sample=zero_boundary_049 soc=0.5101 fc=600
progress step=160700 round=13/40 episode=26/30 sample=zero_boundary_049 soc=0.4670 fc=510
progress step=160750 round=13/40 episode=26/30 sample=zero_boundary_049 soc=0.4442 fc=570
progress step=160800 round=13/40 episode=27/30 sample=zero_boundary_050 soc=0.6172 fc=0
progress step=160850 round=13/40 episode=27/30 sample=zero_boundary_050 soc=0.5369 fc=310
progress step=160900 round=13/40 episode=27/30 sample=zero_boundary_050 soc=0.2911 fc=340
progress step=160950 round=13/40 episode=27/30 sample=zero_boundary_050 soc=0.2001 fc=460
progress step=161000 round=13/40 episode=28/30 sample=zero_boundary_051 soc=0.5815 fc=500
progress step=161050 round=13/40 episode=28/30 sample=zero_boundary_051 soc=0.4922 fc=540
progress step=161100 round=13/40 episode=29/30 sample=zero_boundary_052 soc=0.6037 fc=170
progress step=161150 round=13/40 episode=29/30 sample=zero_boundary_052 soc=0.5680 fc=130
progress step=161200 round=13/40 episode=29/30 sample=zero_boundary_052 soc=0.2745 fc=0
progress step=161250 round=13/40 episode=30/30 sample=zero_boundary_053 soc=0.6832 fc=30
progress step=161300 round=13/40 episode=30/30 sample=zero_boundary_053 soc=0.5452 fc=570
progress step=161350 round=13/40 episode=30/30 sample=zero_boundary_053 soc=0.3996 fc=0
progress step=161400 round=13/40 episode=30/30 sample=zero_boundary_053 soc=0.3987 fc=0
progress step=161450 round=13/40 episode=30/30 sample=zero_boundary_053 soc=0.4048 fc=0
round 13/40 exploratory=16/30 greedy_train start
MONITOR round=13 exploratory=16/30 greedy_train=10/30 validation=SKIPPED cost=None updates=4480 best_round=7
round 14/40 start epsilon=0.6833
progress step=161500 round=14/40 episode=1/30 sample=zero_boundary_002 soc=0.6607 fc=470
progress step=161550 round=14/40 episode=1/30 sample=zero_boundary_002 soc=0.4202 fc=80
progress step=161600 round=14/40 episode=2/30 sample=zero_boundary_005 soc=0.6196 fc=0
progress step=161650 round=14/40 episode=2/30 sample=zero_boundary_005 soc=0.5199 fc=530
progress step=161700 round=14/40 episode=2/30 sample=zero_boundary_005 soc=0.3476 fc=520
progress step=161750 round=14/40 episode=2/30 sample=zero_boundary_005 soc=0.2855 fc=260
progress step=161800 round=14/40 episode=2/30 sample=zero_boundary_005 soc=0.2000 fc=530
progress step=161850 round=14/40 episode=2/30 sample=zero_boundary_005 soc=0.2008 fc=350
progress step=161900 round=14/40 episode=3/30 sample=zero_boundary_006 soc=0.6589 fc=560
progress step=161950 round=14/40 episode=3/30 sample=zero_boundary_006 soc=0.6759 fc=200
progress step=162000 round=14/40 episode=3/30 sample=zero_boundary_006 soc=0.7250 fc=500
progress step=162050 round=14/40 episode=3/30 sample=zero_boundary_006 soc=0.7292 fc=0
progress step=162100 round=14/40 episode=3/30 sample=zero_boundary_006 soc=0.7792 fc=0
progress step=162150 round=14/40 episode=3/30 sample=zero_boundary_006 soc=0.7801 fc=0
progress step=162200 round=14/40 episode=3/30 sample=zero_boundary_006 soc=0.7754 fc=90
progress step=162250 round=14/40 episode=4/30 sample=zero_boundary_007 soc=0.6213 fc=20
progress step=162300 round=14/40 episode=4/30 sample=zero_boundary_007 soc=0.5132 fc=350
progress step=162350 round=14/40 episode=4/30 sample=zero_boundary_007 soc=0.4791 fc=580
progress step=162400 round=14/40 episode=4/30 sample=zero_boundary_007 soc=0.4980 fc=20
progress step=162450 round=14/40 episode=4/30 sample=zero_boundary_007 soc=0.4066 fc=20
progress step=162500 round=14/40 episode=4/30 sample=zero_boundary_007 soc=0.2962 fc=440
progress step=162550 round=14/40 episode=5/30 sample=zero_boundary_008 soc=0.5567 fc=20
progress step=162600 round=14/40 episode=6/30 sample=zero_boundary_011 soc=0.6243 fc=270
progress step=162650 round=14/40 episode=6/30 sample=zero_boundary_011 soc=0.7061 fc=20
progress step=162700 round=14/40 episode=6/30 sample=zero_boundary_011 soc=0.5460 fc=100
progress step=162750 round=14/40 episode=6/30 sample=zero_boundary_011 soc=0.3333 fc=120
progress step=162800 round=14/40 episode=7/30 sample=zero_boundary_013 soc=0.6176 fc=530
progress step=162850 round=14/40 episode=7/30 sample=zero_boundary_013 soc=0.7356 fc=20
progress step=162900 round=14/40 episode=7/30 sample=zero_boundary_013 soc=0.6809 fc=440
progress step=162950 round=14/40 episode=7/30 sample=zero_boundary_013 soc=0.6205 fc=20
progress step=163000 round=14/40 episode=7/30 sample=zero_boundary_013 soc=0.5407 fc=20
progress step=163050 round=14/40 episode=7/30 sample=zero_boundary_013 soc=0.5203 fc=290
progress step=163100 round=14/40 episode=7/30 sample=zero_boundary_013 soc=0.4917 fc=540
progress step=163150 round=14/40 episode=8/30 sample=zero_boundary_015 soc=0.6229 fc=220
progress step=163200 round=14/40 episode=8/30 sample=zero_boundary_015 soc=0.6201 fc=410
progress step=163250 round=14/40 episode=8/30 sample=zero_boundary_015 soc=0.4444 fc=300
progress step=163300 round=14/40 episode=9/30 sample=zero_boundary_016 soc=0.6376 fc=580
progress step=163350 round=14/40 episode=9/30 sample=zero_boundary_016 soc=0.6308 fc=540
progress step=163400 round=14/40 episode=9/30 sample=zero_boundary_016 soc=0.3848 fc=0
progress step=163450 round=14/40 episode=10/30 sample=zero_boundary_017 soc=0.6167 fc=10
progress step=163500 round=14/40 episode=10/30 sample=zero_boundary_017 soc=0.3823 fc=200
progress step=163550 round=14/40 episode=11/30 sample=zero_boundary_020 soc=0.6254 fc=0
progress step=163600 round=14/40 episode=11/30 sample=zero_boundary_020 soc=0.5877 fc=440
progress step=163650 round=14/40 episode=12/30 sample=zero_boundary_021 soc=0.6000 fc=590
progress step=163700 round=14/40 episode=12/30 sample=zero_boundary_021 soc=0.6873 fc=230
progress step=163750 round=14/40 episode=12/30 sample=zero_boundary_021 soc=0.6161 fc=180
progress step=163800 round=14/40 episode=12/30 sample=zero_boundary_021 soc=0.4591 fc=550
progress step=163850 round=14/40 episode=12/30 sample=zero_boundary_021 soc=0.2842 fc=100
progress step=163900 round=14/40 episode=13/30 sample=zero_boundary_022 soc=0.6321 fc=260
progress step=163950 round=14/40 episode=13/30 sample=zero_boundary_022 soc=0.5306 fc=160
progress step=164000 round=14/40 episode=13/30 sample=zero_boundary_022 soc=0.4580 fc=180
progress step=164050 round=14/40 episode=13/30 sample=zero_boundary_022 soc=0.4684 fc=550
progress step=164100 round=14/40 episode=14/30 sample=zero_boundary_029 soc=0.6159 fc=0
progress step=164150 round=14/40 episode=14/30 sample=zero_boundary_029 soc=0.5283 fc=0
progress step=164200 round=14/40 episode=14/30 sample=zero_boundary_029 soc=0.3946 fc=280
progress step=164250 round=14/40 episode=14/30 sample=zero_boundary_029 soc=0.3078 fc=30
progress step=164300 round=14/40 episode=14/30 sample=zero_boundary_029 soc=0.3598 fc=120
progress step=164350 round=14/40 episode=14/30 sample=zero_boundary_029 soc=0.3153 fc=590
progress step=164400 round=14/40 episode=14/30 sample=zero_boundary_029 soc=0.3103 fc=0
progress step=164450 round=14/40 episode=14/30 sample=zero_boundary_029 soc=0.4240 fc=190
progress step=164500 round=14/40 episode=14/30 sample=zero_boundary_029 soc=0.5530 fc=490
progress step=164550 round=14/40 episode=14/30 sample=zero_boundary_029 soc=0.6966 fc=210
progress step=164600 round=14/40 episode=14/30 sample=zero_boundary_029 soc=0.7984 fc=70
progress step=164650 round=14/40 episode=14/30 sample=zero_boundary_029 soc=0.7999 fc=0
progress step=164700 round=14/40 episode=14/30 sample=zero_boundary_029 soc=0.7999 fc=0
progress step=164750 round=14/40 episode=14/30 sample=zero_boundary_029 soc=0.7999 fc=0
progress step=164800 round=14/40 episode=14/30 sample=zero_boundary_029 soc=0.7999 fc=0
progress step=164850 round=14/40 episode=14/30 sample=zero_boundary_029 soc=0.7999 fc=0
progress step=164900 round=14/40 episode=14/30 sample=zero_boundary_029 soc=0.7999 fc=0
progress step=164950 round=14/40 episode=14/30 sample=zero_boundary_029 soc=0.8000 fc=0
progress step=165000 round=14/40 episode=14/30 sample=zero_boundary_029 soc=0.7786 fc=280
progress step=165050 round=14/40 episode=14/30 sample=zero_boundary_029 soc=0.7763 fc=0
progress step=165100 round=14/40 episode=14/30 sample=zero_boundary_029 soc=0.6849 fc=110
progress step=165150 round=14/40 episode=15/30 sample=zero_boundary_033 soc=0.6393 fc=0
progress step=165200 round=14/40 episode=15/30 sample=zero_boundary_033 soc=0.6316 fc=0
progress step=165250 round=14/40 episode=15/30 sample=zero_boundary_033 soc=0.4827 fc=130
progress step=165300 round=14/40 episode=15/30 sample=zero_boundary_033 soc=0.4340 fc=530
progress step=165350 round=14/40 episode=15/30 sample=zero_boundary_033 soc=0.2964 fc=10
progress step=165400 round=14/40 episode=15/30 sample=zero_boundary_033 soc=0.2187 fc=370
progress step=165450 round=14/40 episode=15/30 sample=zero_boundary_033 soc=0.2015 fc=30
progress step=165500 round=14/40 episode=15/30 sample=zero_boundary_033 soc=0.3306 fc=520
progress step=165550 round=14/40 episode=15/30 sample=zero_boundary_033 soc=0.4807 fc=600
progress step=165600 round=14/40 episode=15/30 sample=zero_boundary_033 soc=0.6126 fc=0
progress step=165650 round=14/40 episode=15/30 sample=zero_boundary_033 soc=0.7723 fc=60
progress step=165700 round=14/40 episode=15/30 sample=zero_boundary_033 soc=0.8000 fc=0
progress step=165750 round=14/40 episode=15/30 sample=zero_boundary_033 soc=0.7999 fc=0
progress step=165800 round=14/40 episode=15/30 sample=zero_boundary_033 soc=0.7999 fc=0
progress step=165850 round=14/40 episode=15/30 sample=zero_boundary_033 soc=0.7999 fc=0
progress step=165900 round=14/40 episode=15/30 sample=zero_boundary_033 soc=0.7997 fc=10
progress step=165950 round=14/40 episode=15/30 sample=zero_boundary_033 soc=0.7996 fc=40
progress step=166000 round=14/40 episode=15/30 sample=zero_boundary_033 soc=0.7986 fc=30
progress step=166050 round=14/40 episode=15/30 sample=zero_boundary_033 soc=0.7993 fc=70
progress step=166100 round=14/40 episode=15/30 sample=zero_boundary_033 soc=0.7997 fc=0
progress step=166150 round=14/40 episode=16/30 sample=zero_boundary_034 soc=0.7019 fc=590
progress step=166200 round=14/40 episode=16/30 sample=zero_boundary_034 soc=0.7999 fc=0
progress step=166250 round=14/40 episode=16/30 sample=zero_boundary_034 soc=0.7999 fc=0
progress step=166300 round=14/40 episode=16/30 sample=zero_boundary_034 soc=0.7999 fc=0
progress step=166350 round=14/40 episode=16/30 sample=zero_boundary_034 soc=0.7999 fc=0
progress step=166400 round=14/40 episode=16/30 sample=zero_boundary_034 soc=0.7999 fc=0
progress step=166450 round=14/40 episode=16/30 sample=zero_boundary_034 soc=0.7999 fc=0
progress step=166500 round=14/40 episode=16/30 sample=zero_boundary_034 soc=0.7999 fc=0
progress step=166550 round=14/40 episode=16/30 sample=zero_boundary_034 soc=0.7999 fc=0
progress step=166600 round=14/40 episode=16/30 sample=zero_boundary_034 soc=0.7999 fc=0
progress step=166650 round=14/40 episode=16/30 sample=zero_boundary_034 soc=0.7999 fc=0
progress step=166700 round=14/40 episode=16/30 sample=zero_boundary_034 soc=0.7999 fc=0
progress step=166750 round=14/40 episode=16/30 sample=zero_boundary_034 soc=0.7999 fc=0
progress step=166800 round=14/40 episode=16/30 sample=zero_boundary_034 soc=0.7999 fc=0
progress step=166850 round=14/40 episode=16/30 sample=zero_boundary_034 soc=0.7999 fc=0
progress step=166900 round=14/40 episode=16/30 sample=zero_boundary_034 soc=0.7999 fc=0
progress step=166950 round=14/40 episode=16/30 sample=zero_boundary_034 soc=0.7999 fc=0
progress step=167000 round=14/40 episode=16/30 sample=zero_boundary_034 soc=0.7970 fc=60
progress step=167050 round=14/40 episode=16/30 sample=zero_boundary_034 soc=0.7976 fc=280
progress step=167100 round=14/40 episode=16/30 sample=zero_boundary_034 soc=0.7905 fc=280
progress step=167150 round=14/40 episode=16/30 sample=zero_boundary_034 soc=0.7863 fc=90
progress step=167200 round=14/40 episode=16/30 sample=zero_boundary_034 soc=0.7478 fc=40
progress step=167250 round=14/40 episode=16/30 sample=zero_boundary_034 soc=0.7990 fc=0
progress step=167300 round=14/40 episode=16/30 sample=zero_boundary_034 soc=0.7999 fc=0
progress step=167350 round=14/40 episode=16/30 sample=zero_boundary_034 soc=0.7999 fc=0
progress step=167400 round=14/40 episode=16/30 sample=zero_boundary_034 soc=0.7999 fc=0
progress step=167450 round=14/40 episode=16/30 sample=zero_boundary_034 soc=0.7999 fc=0
progress step=167500 round=14/40 episode=16/30 sample=zero_boundary_034 soc=0.7999 fc=0
progress step=167550 round=14/40 episode=16/30 sample=zero_boundary_034 soc=0.7999 fc=0
progress step=167600 round=14/40 episode=16/30 sample=zero_boundary_034 soc=0.7999 fc=0
progress step=167650 round=14/40 episode=16/30 sample=zero_boundary_034 soc=0.7999 fc=0
progress step=167700 round=14/40 episode=16/30 sample=zero_boundary_034 soc=0.7999 fc=0
progress step=167750 round=14/40 episode=17/30 sample=zero_boundary_037 soc=0.6098 fc=0
progress step=167800 round=14/40 episode=17/30 sample=zero_boundary_037 soc=0.6337 fc=370
progress step=167850 round=14/40 episode=17/30 sample=zero_boundary_037 soc=0.6471 fc=290
progress step=167900 round=14/40 episode=17/30 sample=zero_boundary_037 soc=0.6171 fc=0
progress step=167950 round=14/40 episode=17/30 sample=zero_boundary_037 soc=0.5893 fc=240
progress step=168000 round=14/40 episode=17/30 sample=zero_boundary_037 soc=0.5076 fc=500
progress step=168050 round=14/40 episode=17/30 sample=zero_boundary_037 soc=0.3291 fc=0
progress step=168100 round=14/40 episode=17/30 sample=zero_boundary_037 soc=0.2081 fc=410
progress step=168150 round=14/40 episode=17/30 sample=zero_boundary_037 soc=0.3138 fc=160
progress step=168200 round=14/40 episode=17/30 sample=zero_boundary_037 soc=0.4151 fc=170
progress step=168250 round=14/40 episode=17/30 sample=zero_boundary_037 soc=0.5021 fc=510
progress step=168300 round=14/40 episode=17/30 sample=zero_boundary_037 soc=0.5716 fc=220
progress step=168350 round=14/40 episode=17/30 sample=zero_boundary_037 soc=0.6544 fc=210
progress step=168400 round=14/40 episode=17/30 sample=zero_boundary_037 soc=0.7198 fc=330
progress step=168450 round=14/40 episode=17/30 sample=zero_boundary_037 soc=0.7969 fc=0
progress step=168500 round=14/40 episode=17/30 sample=zero_boundary_037 soc=0.7989 fc=130
progress step=168550 round=14/40 episode=17/30 sample=zero_boundary_037 soc=0.7990 fc=10
progress step=168600 round=14/40 episode=17/30 sample=zero_boundary_037 soc=0.7997 fc=0
progress step=168650 round=14/40 episode=17/30 sample=zero_boundary_037 soc=0.7990 fc=20
progress step=168700 round=14/40 episode=17/30 sample=zero_boundary_037 soc=0.7993 fc=60
progress step=168750 round=14/40 episode=17/30 sample=zero_boundary_037 soc=0.7999 fc=0
progress step=168800 round=14/40 episode=17/30 sample=zero_boundary_037 soc=0.7999 fc=0
progress step=168850 round=14/40 episode=17/30 sample=zero_boundary_037 soc=0.7999 fc=0
progress step=168900 round=14/40 episode=17/30 sample=zero_boundary_037 soc=0.7984 fc=150
progress step=168950 round=14/40 episode=17/30 sample=zero_boundary_037 soc=0.7988 fc=90
progress step=169000 round=14/40 episode=17/30 sample=zero_boundary_037 soc=0.7997 fc=40
progress step=169050 round=14/40 episode=17/30 sample=zero_boundary_037 soc=0.7994 fc=0
progress step=169100 round=14/40 episode=17/30 sample=zero_boundary_037 soc=0.8000 fc=20
progress step=169150 round=14/40 episode=17/30 sample=zero_boundary_037 soc=0.7991 fc=0
progress step=169200 round=14/40 episode=17/30 sample=zero_boundary_037 soc=0.7995 fc=0
progress step=169250 round=14/40 episode=17/30 sample=zero_boundary_037 soc=0.7995 fc=0
progress step=169300 round=14/40 episode=17/30 sample=zero_boundary_037 soc=0.7985 fc=0
progress step=169350 round=14/40 episode=17/30 sample=zero_boundary_037 soc=0.7987 fc=80
progress step=169400 round=14/40 episode=17/30 sample=zero_boundary_037 soc=0.7994 fc=20
progress step=169450 round=14/40 episode=17/30 sample=zero_boundary_037 soc=0.7999 fc=30
progress step=169500 round=14/40 episode=17/30 sample=zero_boundary_037 soc=0.7989 fc=0
progress step=169550 round=14/40 episode=17/30 sample=zero_boundary_037 soc=0.7998 fc=20
progress step=169600 round=14/40 episode=17/30 sample=zero_boundary_037 soc=0.7999 fc=0
progress step=169650 round=14/40 episode=18/30 sample=zero_boundary_038 soc=0.6271 fc=510
progress step=169700 round=14/40 episode=18/30 sample=zero_boundary_038 soc=0.6026 fc=480
progress step=169750 round=14/40 episode=18/30 sample=zero_boundary_038 soc=0.4636 fc=230
progress step=169800 round=14/40 episode=18/30 sample=zero_boundary_038 soc=0.4122 fc=0
progress step=169850 round=14/40 episode=18/30 sample=zero_boundary_038 soc=0.2339 fc=300
progress step=169900 round=14/40 episode=18/30 sample=zero_boundary_038 soc=0.2015 fc=560
progress step=169950 round=14/40 episode=18/30 sample=zero_boundary_038 soc=0.2783 fc=600
progress step=170000 round=14/40 episode=18/30 sample=zero_boundary_038 soc=0.3787 fc=40
progress step=170050 round=14/40 episode=18/30 sample=zero_boundary_038 soc=0.4695 fc=270
progress step=170100 round=14/40 episode=18/30 sample=zero_boundary_038 soc=0.5232 fc=570
progress step=170150 round=14/40 episode=18/30 sample=zero_boundary_038 soc=0.4538 fc=0
progress step=170200 round=14/40 episode=18/30 sample=zero_boundary_038 soc=0.3281 fc=440
progress step=170250 round=14/40 episode=18/30 sample=zero_boundary_038 soc=0.2244 fc=500
progress step=170300 round=14/40 episode=18/30 sample=zero_boundary_038 soc=0.2052 fc=490
progress step=170350 round=14/40 episode=19/30 sample=zero_boundary_040 soc=0.6041 fc=450
progress step=170400 round=14/40 episode=19/30 sample=zero_boundary_040 soc=0.5214 fc=70
progress step=170450 round=14/40 episode=19/30 sample=zero_boundary_040 soc=0.2983 fc=420
progress step=170500 round=14/40 episode=19/30 sample=zero_boundary_040 soc=0.2005 fc=530
progress step=170550 round=14/40 episode=20/30 sample=zero_boundary_041 soc=0.5073 fc=400
progress step=170600 round=14/40 episode=20/30 sample=zero_boundary_041 soc=0.2958 fc=80
progress step=170650 round=14/40 episode=21/30 sample=zero_boundary_042 soc=0.6316 fc=160
progress step=170700 round=14/40 episode=21/30 sample=zero_boundary_042 soc=0.3928 fc=0
progress step=170750 round=14/40 episode=22/30 sample=zero_boundary_044 soc=0.6142 fc=280
progress step=170800 round=14/40 episode=22/30 sample=zero_boundary_044 soc=0.5364 fc=70
progress step=170850 round=14/40 episode=22/30 sample=zero_boundary_044 soc=0.2704 fc=510
progress step=170900 round=14/40 episode=23/30 sample=zero_boundary_045 soc=0.6319 fc=480
progress step=170950 round=14/40 episode=23/30 sample=zero_boundary_045 soc=0.4899 fc=220
progress step=171000 round=14/40 episode=23/30 sample=zero_boundary_045 soc=0.3296 fc=0
progress step=171050 round=14/40 episode=24/30 sample=zero_boundary_046 soc=0.5533 fc=40
progress step=171100 round=14/40 episode=24/30 sample=zero_boundary_046 soc=0.3794 fc=90
progress step=171150 round=14/40 episode=25/30 sample=zero_boundary_048 soc=0.6236 fc=540
progress step=171200 round=14/40 episode=25/30 sample=zero_boundary_048 soc=0.4638 fc=0
progress step=171250 round=14/40 episode=25/30 sample=zero_boundary_048 soc=0.2327 fc=410
progress step=171300 round=14/40 episode=25/30 sample=zero_boundary_048 soc=0.2035 fc=550
progress step=171350 round=14/40 episode=25/30 sample=zero_boundary_048 soc=0.2026 fc=440
progress step=171400 round=14/40 episode=26/30 sample=zero_boundary_049 soc=0.6665 fc=540
progress step=171450 round=14/40 episode=26/30 sample=zero_boundary_049 soc=0.5991 fc=180
progress step=171500 round=14/40 episode=26/30 sample=zero_boundary_049 soc=0.5059 fc=0
progress step=171550 round=14/40 episode=26/30 sample=zero_boundary_049 soc=0.4076 fc=250
progress step=171600 round=14/40 episode=26/30 sample=zero_boundary_049 soc=0.3631 fc=390
progress step=171650 round=14/40 episode=27/30 sample=zero_boundary_050 soc=0.6127 fc=510
progress step=171700 round=14/40 episode=27/30 sample=zero_boundary_050 soc=0.5718 fc=330
progress step=171750 round=14/40 episode=27/30 sample=zero_boundary_050 soc=0.3564 fc=120
progress step=171800 round=14/40 episode=27/30 sample=zero_boundary_050 soc=0.2001 fc=440
progress step=171850 round=14/40 episode=28/30 sample=zero_boundary_051 soc=0.5987 fc=490
progress step=171900 round=14/40 episode=28/30 sample=zero_boundary_051 soc=0.5425 fc=450
progress step=171950 round=14/40 episode=29/30 sample=zero_boundary_052 soc=0.6000 fc=0
progress step=172000 round=14/40 episode=29/30 sample=zero_boundary_052 soc=0.5521 fc=0
progress step=172050 round=14/40 episode=29/30 sample=zero_boundary_052 soc=0.2720 fc=0
progress step=172100 round=14/40 episode=30/30 sample=zero_boundary_053 soc=0.6363 fc=40
progress step=172150 round=14/40 episode=30/30 sample=zero_boundary_053 soc=0.4551 fc=240
progress step=172200 round=14/40 episode=30/30 sample=zero_boundary_053 soc=0.3463 fc=290
progress step=172250 round=14/40 episode=30/30 sample=zero_boundary_053 soc=0.3149 fc=580
progress step=172300 round=14/40 episode=30/30 sample=zero_boundary_053 soc=0.3392 fc=360
round 14/40 exploratory=15/30 greedy_train start
MONITOR round=14 exploratory=15/30 greedy_train=10/30 validation=SKIPPED cost=None updates=4720 best_round=7
round 15/40 start epsilon=0.6590
progress step=172350 round=15/40 episode=1/30 sample=zero_boundary_002 soc=0.6383 fc=0
progress step=172400 round=15/40 episode=1/30 sample=zero_boundary_002 soc=0.3461 fc=580
progress step=172450 round=15/40 episode=2/30 sample=zero_boundary_005 soc=0.6164 fc=470
progress step=172500 round=15/40 episode=2/30 sample=zero_boundary_005 soc=0.4942 fc=0
progress step=172550 round=15/40 episode=2/30 sample=zero_boundary_005 soc=0.4019 fc=0
progress step=172600 round=15/40 episode=2/30 sample=zero_boundary_005 soc=0.2557 fc=60
progress step=172650 round=15/40 episode=2/30 sample=zero_boundary_005 soc=0.2002 fc=440
progress step=172700 round=15/40 episode=2/30 sample=zero_boundary_005 soc=0.2054 fc=360
progress step=172750 round=15/40 episode=3/30 sample=zero_boundary_006 soc=0.6746 fc=250
progress step=172800 round=15/40 episode=3/30 sample=zero_boundary_006 soc=0.6966 fc=510
progress step=172850 round=15/40 episode=3/30 sample=zero_boundary_006 soc=0.7588 fc=0
progress step=172900 round=15/40 episode=3/30 sample=zero_boundary_006 soc=0.7980 fc=130
progress step=172950 round=15/40 episode=3/30 sample=zero_boundary_006 soc=0.7988 fc=150
progress step=173000 round=15/40 episode=3/30 sample=zero_boundary_006 soc=0.7871 fc=90
progress step=173050 round=15/40 episode=3/30 sample=zero_boundary_006 soc=0.7972 fc=120
progress step=173100 round=15/40 episode=4/30 sample=zero_boundary_007 soc=0.6158 fc=30
progress step=173150 round=15/40 episode=4/30 sample=zero_boundary_007 soc=0.4236 fc=30
progress step=173200 round=15/40 episode=4/30 sample=zero_boundary_007 soc=0.3692 fc=30
progress step=173250 round=15/40 episode=4/30 sample=zero_boundary_007 soc=0.3514 fc=80
progress step=173300 round=15/40 episode=4/30 sample=zero_boundary_007 soc=0.2430 fc=30
progress step=173350 round=15/40 episode=4/30 sample=zero_boundary_007 soc=0.2446 fc=130
progress step=173400 round=15/40 episode=5/30 sample=zero_boundary_008 soc=0.5242 fc=430
progress step=173450 round=15/40 episode=6/30 sample=zero_boundary_011 soc=0.6453 fc=90
progress step=173500 round=15/40 episode=6/30 sample=zero_boundary_011 soc=0.7977 fc=30
progress step=173550 round=15/40 episode=6/30 sample=zero_boundary_011 soc=0.7022 fc=340
progress step=173600 round=15/40 episode=6/30 sample=zero_boundary_011 soc=0.5676 fc=340
progress step=173650 round=15/40 episode=6/30 sample=zero_boundary_011 soc=0.4614 fc=340
progress step=173700 round=15/40 episode=6/30 sample=zero_boundary_011 soc=0.3087 fc=220
progress step=173750 round=15/40 episode=6/30 sample=zero_boundary_011 soc=0.3768 fc=80
progress step=173800 round=15/40 episode=6/30 sample=zero_boundary_011 soc=0.5405 fc=460
progress step=173850 round=15/40 episode=6/30 sample=zero_boundary_011 soc=0.7323 fc=290
progress step=173900 round=15/40 episode=6/30 sample=zero_boundary_011 soc=0.7989 fc=0
progress step=173950 round=15/40 episode=6/30 sample=zero_boundary_011 soc=0.7824 fc=340
progress step=174000 round=15/40 episode=6/30 sample=zero_boundary_011 soc=0.7662 fc=350
progress step=174050 round=15/40 episode=6/30 sample=zero_boundary_011 soc=0.7955 fc=290
progress step=174100 round=15/40 episode=6/30 sample=zero_boundary_011 soc=0.7984 fc=340
progress step=174150 round=15/40 episode=6/30 sample=zero_boundary_011 soc=0.7567 fc=290
progress step=174200 round=15/40 episode=7/30 sample=zero_boundary_013 soc=0.6602 fc=100
progress step=174250 round=15/40 episode=7/30 sample=zero_boundary_013 soc=0.7837 fc=270
progress step=174300 round=15/40 episode=7/30 sample=zero_boundary_013 soc=0.7613 fc=460
progress step=174350 round=15/40 episode=7/30 sample=zero_boundary_013 soc=0.6814 fc=170
progress step=174400 round=15/40 episode=7/30 sample=zero_boundary_013 soc=0.7331 fc=430
progress step=174450 round=15/40 episode=7/30 sample=zero_boundary_013 soc=0.7890 fc=290
progress step=174500 round=15/40 episode=7/30 sample=zero_boundary_013 soc=0.7976 fc=20
progress step=174550 round=15/40 episode=8/30 sample=zero_boundary_015 soc=0.6153 fc=210
progress step=174600 round=15/40 episode=8/30 sample=zero_boundary_015 soc=0.5134 fc=360
progress step=174650 round=15/40 episode=8/30 sample=zero_boundary_015 soc=0.2177 fc=290
progress step=174700 round=15/40 episode=9/30 sample=zero_boundary_016 soc=0.6789 fc=0
progress step=174750 round=15/40 episode=9/30 sample=zero_boundary_016 soc=0.5800 fc=0
progress step=174800 round=15/40 episode=9/30 sample=zero_boundary_016 soc=0.2735 fc=0
progress step=174850 round=15/40 episode=10/30 sample=zero_boundary_017 soc=0.5503 fc=180
progress step=174900 round=15/40 episode=10/30 sample=zero_boundary_017 soc=0.2493 fc=290
progress step=174950 round=15/40 episode=11/30 sample=zero_boundary_020 soc=0.6229 fc=380
progress step=175000 round=15/40 episode=11/30 sample=zero_boundary_020 soc=0.5852 fc=370
progress step=175050 round=15/40 episode=12/30 sample=zero_boundary_021 soc=0.6465 fc=180
progress step=175100 round=15/40 episode=12/30 sample=zero_boundary_021 soc=0.7158 fc=470
progress step=175150 round=15/40 episode=12/30 sample=zero_boundary_021 soc=0.5958 fc=330
progress step=175200 round=15/40 episode=12/30 sample=zero_boundary_021 soc=0.4351 fc=0
progress step=175250 round=15/40 episode=12/30 sample=zero_boundary_021 soc=0.3158 fc=0
progress step=175300 round=15/40 episode=13/30 sample=zero_boundary_022 soc=0.6200 fc=320
progress step=175350 round=15/40 episode=13/30 sample=zero_boundary_022 soc=0.5266 fc=0
progress step=175400 round=15/40 episode=13/30 sample=zero_boundary_022 soc=0.5007 fc=470
progress step=175450 round=15/40 episode=13/30 sample=zero_boundary_022 soc=0.5225 fc=20
progress step=175500 round=15/40 episode=14/30 sample=zero_boundary_029 soc=0.6420 fc=210
progress step=175550 round=15/40 episode=14/30 sample=zero_boundary_029 soc=0.5846 fc=530
progress step=175600 round=15/40 episode=14/30 sample=zero_boundary_029 soc=0.4890 fc=0
progress step=175650 round=15/40 episode=14/30 sample=zero_boundary_029 soc=0.4213 fc=270
progress step=175700 round=15/40 episode=14/30 sample=zero_boundary_029 soc=0.4393 fc=100
progress step=175750 round=15/40 episode=14/30 sample=zero_boundary_029 soc=0.3979 fc=0
progress step=175800 round=15/40 episode=14/30 sample=zero_boundary_029 soc=0.3876 fc=0
progress step=175850 round=15/40 episode=14/30 sample=zero_boundary_029 soc=0.5019 fc=0
progress step=175900 round=15/40 episode=14/30 sample=zero_boundary_029 soc=0.6644 fc=330
progress step=175950 round=15/40 episode=14/30 sample=zero_boundary_029 soc=0.7786 fc=360
progress step=176000 round=15/40 episode=14/30 sample=zero_boundary_029 soc=0.7999 fc=0
progress step=176050 round=15/40 episode=14/30 sample=zero_boundary_029 soc=0.7999 fc=0
progress step=176100 round=15/40 episode=14/30 sample=zero_boundary_029 soc=0.7999 fc=0
progress step=176150 round=15/40 episode=14/30 sample=zero_boundary_029 soc=0.7999 fc=0
progress step=176200 round=15/40 episode=14/30 sample=zero_boundary_029 soc=0.7999 fc=0
progress step=176250 round=15/40 episode=14/30 sample=zero_boundary_029 soc=0.7999 fc=0
progress step=176300 round=15/40 episode=14/30 sample=zero_boundary_029 soc=0.7999 fc=0
progress step=176350 round=15/40 episode=14/30 sample=zero_boundary_029 soc=0.7962 fc=350
progress step=176400 round=15/40 episode=14/30 sample=zero_boundary_029 soc=0.7267 fc=0
progress step=176450 round=15/40 episode=14/30 sample=zero_boundary_029 soc=0.7368 fc=0
progress step=176500 round=15/40 episode=14/30 sample=zero_boundary_029 soc=0.6715 fc=0
progress step=176550 round=15/40 episode=15/30 sample=zero_boundary_033 soc=0.6811 fc=0
progress step=176600 round=15/40 episode=15/30 sample=zero_boundary_033 soc=0.6386 fc=480
progress step=176650 round=15/40 episode=15/30 sample=zero_boundary_033 soc=0.4137 fc=0
progress step=176700 round=15/40 episode=15/30 sample=zero_boundary_033 soc=0.3353 fc=30
progress step=176750 round=15/40 episode=15/30 sample=zero_boundary_033 soc=0.3595 fc=70
progress step=176800 round=15/40 episode=15/30 sample=zero_boundary_033 soc=0.2002 fc=570
progress step=176850 round=15/40 episode=15/30 sample=zero_boundary_033 soc=0.2300 fc=600
progress step=176900 round=15/40 episode=15/30 sample=zero_boundary_033 soc=0.3674 fc=510
progress step=176950 round=15/40 episode=15/30 sample=zero_boundary_033 soc=0.4809 fc=180
progress step=177000 round=15/40 episode=15/30 sample=zero_boundary_033 soc=0.5838 fc=230
progress step=177050 round=15/40 episode=15/30 sample=zero_boundary_033 soc=0.6912 fc=0
progress step=177100 round=15/40 episode=15/30 sample=zero_boundary_033 soc=0.8000 fc=0
progress step=177150 round=15/40 episode=15/30 sample=zero_boundary_033 soc=0.8000 fc=0
progress step=177200 round=15/40 episode=15/30 sample=zero_boundary_033 soc=0.7999 fc=0
progress step=177250 round=15/40 episode=15/30 sample=zero_boundary_033 soc=0.7999 fc=0
progress step=177300 round=15/40 episode=15/30 sample=zero_boundary_033 soc=0.7986 fc=0
progress step=177350 round=15/40 episode=15/30 sample=zero_boundary_033 soc=0.7987 fc=0
progress step=177400 round=15/40 episode=15/30 sample=zero_boundary_033 soc=0.7988 fc=0
progress step=177450 round=15/40 episode=15/30 sample=zero_boundary_033 soc=0.7992 fc=10
progress step=177500 round=15/40 episode=16/30 sample=zero_boundary_034 soc=0.6168 fc=560
progress step=177550 round=15/40 episode=16/30 sample=zero_boundary_034 soc=0.7485 fc=100
progress step=177600 round=15/40 episode=16/30 sample=zero_boundary_034 soc=0.7999 fc=0
progress step=177650 round=15/40 episode=16/30 sample=zero_boundary_034 soc=0.7999 fc=0
progress step=177700 round=15/40 episode=16/30 sample=zero_boundary_034 soc=0.7999 fc=0
progress step=177750 round=15/40 episode=16/30 sample=zero_boundary_034 soc=0.7999 fc=0
progress step=177800 round=15/40 episode=16/30 sample=zero_boundary_034 soc=0.7999 fc=0
progress step=177850 round=15/40 episode=16/30 sample=zero_boundary_034 soc=0.7999 fc=0
progress step=177900 round=15/40 episode=16/30 sample=zero_boundary_034 soc=0.7999 fc=0
progress step=177950 round=15/40 episode=16/30 sample=zero_boundary_034 soc=0.7999 fc=0
progress step=178000 round=15/40 episode=16/30 sample=zero_boundary_034 soc=0.7999 fc=0
progress step=178050 round=15/40 episode=16/30 sample=zero_boundary_034 soc=0.7999 fc=0
progress step=178100 round=15/40 episode=16/30 sample=zero_boundary_034 soc=0.7999 fc=0
progress step=178150 round=15/40 episode=16/30 sample=zero_boundary_034 soc=0.7999 fc=0
progress step=178200 round=15/40 episode=16/30 sample=zero_boundary_034 soc=0.7999 fc=0
progress step=178250 round=15/40 episode=16/30 sample=zero_boundary_034 soc=0.7999 fc=0
progress step=178300 round=15/40 episode=16/30 sample=zero_boundary_034 soc=0.7999 fc=0
progress step=178350 round=15/40 episode=16/30 sample=zero_boundary_034 soc=0.8000 fc=0
progress step=178400 round=15/40 episode=16/30 sample=zero_boundary_034 soc=0.7995 fc=0
progress step=178450 round=15/40 episode=16/30 sample=zero_boundary_034 soc=0.7903 fc=0
progress step=178500 round=15/40 episode=16/30 sample=zero_boundary_034 soc=0.7992 fc=120
progress step=178550 round=15/40 episode=16/30 sample=zero_boundary_034 soc=0.7973 fc=0
progress step=178600 round=15/40 episode=16/30 sample=zero_boundary_034 soc=0.7679 fc=50
progress step=178650 round=15/40 episode=16/30 sample=zero_boundary_034 soc=0.7992 fc=40
progress step=178700 round=15/40 episode=16/30 sample=zero_boundary_034 soc=0.7999 fc=0
progress step=178750 round=15/40 episode=16/30 sample=zero_boundary_034 soc=0.7999 fc=0
progress step=178800 round=15/40 episode=16/30 sample=zero_boundary_034 soc=0.7999 fc=0
progress step=178850 round=15/40 episode=16/30 sample=zero_boundary_034 soc=0.7999 fc=0
progress step=178900 round=15/40 episode=16/30 sample=zero_boundary_034 soc=0.7999 fc=0
progress step=178950 round=15/40 episode=16/30 sample=zero_boundary_034 soc=0.7999 fc=0
progress step=179000 round=15/40 episode=16/30 sample=zero_boundary_034 soc=0.7999 fc=0
progress step=179050 round=15/40 episode=16/30 sample=zero_boundary_034 soc=0.7999 fc=0
progress step=179100 round=15/40 episode=16/30 sample=zero_boundary_034 soc=0.7999 fc=10
progress step=179150 round=15/40 episode=17/30 sample=zero_boundary_037 soc=0.6398 fc=250
progress step=179200 round=15/40 episode=17/30 sample=zero_boundary_037 soc=0.6025 fc=130
progress step=179250 round=15/40 episode=17/30 sample=zero_boundary_037 soc=0.5741 fc=560
progress step=179300 round=15/40 episode=17/30 sample=zero_boundary_037 soc=0.5367 fc=0
progress step=179350 round=15/40 episode=17/30 sample=zero_boundary_037 soc=0.5021 fc=0
progress step=179400 round=15/40 episode=17/30 sample=zero_boundary_037 soc=0.3891 fc=80
progress step=179450 round=15/40 episode=17/30 sample=zero_boundary_037 soc=0.2010 fc=440
progress step=179500 round=15/40 episode=17/30 sample=zero_boundary_037 soc=0.2227 fc=50
progress step=179550 round=15/40 episode=17/30 sample=zero_boundary_037 soc=0.2840 fc=0
progress step=179600 round=15/40 episode=17/30 sample=zero_boundary_037 soc=0.3644 fc=580
progress step=179650 round=15/40 episode=17/30 sample=zero_boundary_037 soc=0.4450 fc=290
progress step=179700 round=15/40 episode=17/30 sample=zero_boundary_037 soc=0.5456 fc=80
progress step=179750 round=15/40 episode=17/30 sample=zero_boundary_037 soc=0.5888 fc=240
progress step=179800 round=15/40 episode=17/30 sample=zero_boundary_037 soc=0.6544 fc=400
progress step=179850 round=15/40 episode=17/30 sample=zero_boundary_037 soc=0.7374 fc=480
progress step=179900 round=15/40 episode=17/30 sample=zero_boundary_037 soc=0.8000 fc=10
progress step=179950 round=15/40 episode=17/30 sample=zero_boundary_037 soc=0.7964 fc=290
progress step=180000 round=15/40 episode=17/30 sample=zero_boundary_037 soc=0.7994 fc=0
progress step=180050 round=15/40 episode=17/30 sample=zero_boundary_037 soc=0.7984 fc=0
progress step=180100 round=15/40 episode=17/30 sample=zero_boundary_037 soc=0.7997 fc=90
progress step=180150 round=15/40 episode=17/30 sample=zero_boundary_037 soc=0.7999 fc=0
progress step=180200 round=15/40 episode=17/30 sample=zero_boundary_037 soc=0.7999 fc=0
progress step=180250 round=15/40 episode=17/30 sample=zero_boundary_037 soc=0.7999 fc=0
progress step=180300 round=15/40 episode=17/30 sample=zero_boundary_037 soc=0.7988 fc=40
progress step=180350 round=15/40 episode=17/30 sample=zero_boundary_037 soc=0.7981 fc=40
progress step=180400 round=15/40 episode=17/30 sample=zero_boundary_037 soc=0.7952 fc=0
progress step=180450 round=15/40 episode=17/30 sample=zero_boundary_037 soc=0.7959 fc=0
progress step=180500 round=15/40 episode=17/30 sample=zero_boundary_037 soc=0.7996 fc=70
progress step=180550 round=15/40 episode=17/30 sample=zero_boundary_037 soc=0.7993 fc=10
progress step=180600 round=15/40 episode=17/30 sample=zero_boundary_037 soc=0.7993 fc=40
progress step=180650 round=15/40 episode=17/30 sample=zero_boundary_037 soc=0.7989 fc=90
progress step=180700 round=15/40 episode=17/30 sample=zero_boundary_037 soc=0.7992 fc=0
progress step=180750 round=15/40 episode=17/30 sample=zero_boundary_037 soc=0.7997 fc=0
progress step=180800 round=15/40 episode=17/30 sample=zero_boundary_037 soc=0.7992 fc=40
progress step=180850 round=15/40 episode=17/30 sample=zero_boundary_037 soc=0.7997 fc=50
progress step=180900 round=15/40 episode=17/30 sample=zero_boundary_037 soc=0.7997 fc=0
progress step=180950 round=15/40 episode=17/30 sample=zero_boundary_037 soc=0.7994 fc=0
progress step=181000 round=15/40 episode=17/30 sample=zero_boundary_037 soc=0.8000 fc=0
progress step=181050 round=15/40 episode=18/30 sample=zero_boundary_038 soc=0.6480 fc=0
progress step=181100 round=15/40 episode=18/30 sample=zero_boundary_038 soc=0.5454 fc=180
progress step=181150 round=15/40 episode=18/30 sample=zero_boundary_038 soc=0.4488 fc=130
progress step=181200 round=15/40 episode=18/30 sample=zero_boundary_038 soc=0.3289 fc=520
progress step=181250 round=15/40 episode=18/30 sample=zero_boundary_038 soc=0.2026 fc=540
progress step=181300 round=15/40 episode=18/30 sample=zero_boundary_038 soc=0.2039 fc=430
progress step=181350 round=15/40 episode=18/30 sample=zero_boundary_038 soc=0.3002 fc=550
progress step=181400 round=15/40 episode=18/30 sample=zero_boundary_038 soc=0.3725 fc=0
progress step=181450 round=15/40 episode=18/30 sample=zero_boundary_038 soc=0.4677 fc=70
progress step=181500 round=15/40 episode=18/30 sample=zero_boundary_038 soc=0.4708 fc=0
progress step=181550 round=15/40 episode=18/30 sample=zero_boundary_038 soc=0.3503 fc=470
progress step=181600 round=15/40 episode=18/30 sample=zero_boundary_038 soc=0.2396 fc=0
progress step=181650 round=15/40 episode=18/30 sample=zero_boundary_038 soc=0.2050 fc=290
progress step=181700 round=15/40 episode=18/30 sample=zero_boundary_038 soc=0.2312 fc=310
progress step=181750 round=15/40 episode=19/30 sample=zero_boundary_040 soc=0.5995 fc=150
progress step=181800 round=15/40 episode=19/30 sample=zero_boundary_040 soc=0.4714 fc=50
progress step=181850 round=15/40 episode=19/30 sample=zero_boundary_040 soc=0.3148 fc=0
progress step=181900 round=15/40 episode=19/30 sample=zero_boundary_040 soc=0.2090 fc=0
progress step=181950 round=15/40 episode=19/30 sample=zero_boundary_040 soc=0.2034 fc=280
progress step=182000 round=15/40 episode=19/30 sample=zero_boundary_040 soc=0.2158 fc=0
progress step=182050 round=15/40 episode=19/30 sample=zero_boundary_040 soc=0.2463 fc=0
progress step=182100 round=15/40 episode=19/30 sample=zero_boundary_040 soc=0.2037 fc=280
progress step=182150 round=15/40 episode=19/30 sample=zero_boundary_040 soc=0.2024 fc=520
progress step=182200 round=15/40 episode=19/30 sample=zero_boundary_040 soc=0.2060 fc=0
progress step=182250 round=15/40 episode=20/30 sample=zero_boundary_041 soc=0.5744 fc=140
progress step=182300 round=15/40 episode=20/30 sample=zero_boundary_041 soc=0.4338 fc=220
progress step=182350 round=15/40 episode=21/30 sample=zero_boundary_042 soc=0.6358 fc=0
progress step=182400 round=15/40 episode=21/30 sample=zero_boundary_042 soc=0.5632 fc=460
progress step=182450 round=15/40 episode=21/30 sample=zero_boundary_042 soc=0.3230 fc=470
progress step=182500 round=15/40 episode=22/30 sample=zero_boundary_044 soc=0.6113 fc=0
progress step=182550 round=15/40 episode=22/30 sample=zero_boundary_044 soc=0.4455 fc=300
progress step=182600 round=15/40 episode=23/30 sample=zero_boundary_045 soc=0.6258 fc=200
progress step=182650 round=15/40 episode=23/30 sample=zero_boundary_045 soc=0.6292 fc=600
progress step=182700 round=15/40 episode=23/30 sample=zero_boundary_045 soc=0.4895 fc=0
progress step=182750 round=15/40 episode=23/30 sample=zero_boundary_045 soc=0.2896 fc=560
progress step=182800 round=15/40 episode=24/30 sample=zero_boundary_046 soc=0.5000 fc=140
progress step=182850 round=15/40 episode=24/30 sample=zero_boundary_046 soc=0.2636 fc=110
progress step=182900 round=15/40 episode=25/30 sample=zero_boundary_048 soc=0.6481 fc=450
progress step=182950 round=15/40 episode=25/30 sample=zero_boundary_048 soc=0.4135 fc=290
progress step=183000 round=15/40 episode=25/30 sample=zero_boundary_048 soc=0.2001 fc=470
progress step=183050 round=15/40 episode=25/30 sample=zero_boundary_048 soc=0.2214 fc=290
progress step=183100 round=15/40 episode=25/30 sample=zero_boundary_048 soc=0.2025 fc=270
progress step=183150 round=15/40 episode=26/30 sample=zero_boundary_049 soc=0.6344 fc=110
progress step=183200 round=15/40 episode=26/30 sample=zero_boundary_049 soc=0.5421 fc=550
progress step=183250 round=15/40 episode=26/30 sample=zero_boundary_049 soc=0.4684 fc=0
progress step=183300 round=15/40 episode=26/30 sample=zero_boundary_049 soc=0.3793 fc=510
progress step=183350 round=15/40 episode=26/30 sample=zero_boundary_049 soc=0.3908 fc=0
progress step=183400 round=15/40 episode=27/30 sample=zero_boundary_050 soc=0.6341 fc=70
progress step=183450 round=15/40 episode=27/30 sample=zero_boundary_050 soc=0.4572 fc=0
progress step=183500 round=15/40 episode=27/30 sample=zero_boundary_050 soc=0.2329 fc=0
progress step=183550 round=15/40 episode=28/30 sample=zero_boundary_051 soc=0.5998 fc=0
progress step=183600 round=15/40 episode=28/30 sample=zero_boundary_051 soc=0.5221 fc=0
progress step=183650 round=15/40 episode=28/30 sample=zero_boundary_051 soc=0.4641 fc=20
progress step=183700 round=15/40 episode=29/30 sample=zero_boundary_052 soc=0.6321 fc=580
progress step=183750 round=15/40 episode=29/30 sample=zero_boundary_052 soc=0.5136 fc=0
progress step=183800 round=15/40 episode=29/30 sample=zero_boundary_052 soc=0.2194 fc=60
progress step=183850 round=15/40 episode=30/30 sample=zero_boundary_053 soc=0.6368 fc=0
progress step=183900 round=15/40 episode=30/30 sample=zero_boundary_053 soc=0.4543 fc=190
progress step=183950 round=15/40 episode=30/30 sample=zero_boundary_053 soc=0.3507 fc=530
progress step=184000 round=15/40 episode=30/30 sample=zero_boundary_053 soc=0.3539 fc=0
progress step=184050 round=15/40 episode=30/30 sample=zero_boundary_053 soc=0.3915 fc=0
round 15/40 exploratory=17/30 greedy_train start
MONITOR round=15 exploratory=17/30 greedy_train=10/30 validation=SKIPPED cost=None updates=4992 best_round=7
round 16/40 start epsilon=0.6346
progress step=184100 round=16/40 episode=1/30 sample=zero_boundary_002 soc=0.6699 fc=0
progress step=184150 round=16/40 episode=1/30 sample=zero_boundary_002 soc=0.3329 fc=580
progress step=184200 round=16/40 episode=2/30 sample=zero_boundary_005 soc=0.6261 fc=200
progress step=184250 round=16/40 episode=2/30 sample=zero_boundary_005 soc=0.4762 fc=430
progress step=184300 round=16/40 episode=2/30 sample=zero_boundary_005 soc=0.3213 fc=0
progress step=184350 round=16/40 episode=2/30 sample=zero_boundary_005 soc=0.2033 fc=460
progress step=184400 round=16/40 episode=2/30 sample=zero_boundary_005 soc=0.2010 fc=380
progress step=184450 round=16/40 episode=2/30 sample=zero_boundary_005 soc=0.2057 fc=0
progress step=184500 round=16/40 episode=3/30 sample=zero_boundary_006 soc=0.6686 fc=0
progress step=184550 round=16/40 episode=3/30 sample=zero_boundary_006 soc=0.6497 fc=370
progress step=184600 round=16/40 episode=3/30 sample=zero_boundary_006 soc=0.6983 fc=0
progress step=184650 round=16/40 episode=3/30 sample=zero_boundary_006 soc=0.7041 fc=290
progress step=184700 round=16/40 episode=3/30 sample=zero_boundary_006 soc=0.7733 fc=340
progress step=184750 round=16/40 episode=3/30 sample=zero_boundary_006 soc=0.7962 fc=0
progress step=184800 round=16/40 episode=3/30 sample=zero_boundary_006 soc=0.7782 fc=0
progress step=184850 round=16/40 episode=4/30 sample=zero_boundary_007 soc=0.6482 fc=450
progress step=184900 round=16/40 episode=4/30 sample=zero_boundary_007 soc=0.5409 fc=290
progress step=184950 round=16/40 episode=4/30 sample=zero_boundary_007 soc=0.5704 fc=290
progress step=185000 round=16/40 episode=4/30 sample=zero_boundary_007 soc=0.6204 fc=290
progress step=185050 round=16/40 episode=4/30 sample=zero_boundary_007 soc=0.6013 fc=530
progress step=185100 round=16/40 episode=4/30 sample=zero_boundary_007 soc=0.6635 fc=270
progress step=185150 round=16/40 episode=5/30 sample=zero_boundary_008 soc=0.5249 fc=290
progress step=185200 round=16/40 episode=6/30 sample=zero_boundary_011 soc=0.6408 fc=290
progress step=185250 round=16/40 episode=6/30 sample=zero_boundary_011 soc=0.7973 fc=50
progress step=185300 round=16/40 episode=6/30 sample=zero_boundary_011 soc=0.6909 fc=150
progress step=185350 round=16/40 episode=6/30 sample=zero_boundary_011 soc=0.5088 fc=0
progress step=185400 round=16/40 episode=6/30 sample=zero_boundary_011 soc=0.3953 fc=130
progress step=185450 round=16/40 episode=6/30 sample=zero_boundary_011 soc=0.2405 fc=230
progress step=185500 round=16/40 episode=6/30 sample=zero_boundary_011 soc=0.3534 fc=290
progress step=185550 round=16/40 episode=6/30 sample=zero_boundary_011 soc=0.5333 fc=560
progress step=185600 round=16/40 episode=6/30 sample=zero_boundary_011 soc=0.6943 fc=200
progress step=185650 round=16/40 episode=6/30 sample=zero_boundary_011 soc=0.7994 fc=30
progress step=185700 round=16/40 episode=6/30 sample=zero_boundary_011 soc=0.7791 fc=290
progress step=185750 round=16/40 episode=6/30 sample=zero_boundary_011 soc=0.7682 fc=140
progress step=185800 round=16/40 episode=6/30 sample=zero_boundary_011 soc=0.7983 fc=20
progress step=185850 round=16/40 episode=6/30 sample=zero_boundary_011 soc=0.7878 fc=480
progress step=185900 round=16/40 episode=6/30 sample=zero_boundary_011 soc=0.7677 fc=210
progress step=185950 round=16/40 episode=7/30 sample=zero_boundary_013 soc=0.6335 fc=280
progress step=186000 round=16/40 episode=7/30 sample=zero_boundary_013 soc=0.6962 fc=0
progress step=186050 round=16/40 episode=7/30 sample=zero_boundary_013 soc=0.5716 fc=390
progress step=186100 round=16/40 episode=7/30 sample=zero_boundary_013 soc=0.4163 fc=0
progress step=186150 round=16/40 episode=7/30 sample=zero_boundary_013 soc=0.3841 fc=0
progress step=186200 round=16/40 episode=7/30 sample=zero_boundary_013 soc=0.3135 fc=0
progress step=186250 round=16/40 episode=7/30 sample=zero_boundary_013 soc=0.2967 fc=210
progress step=186300 round=16/40 episode=8/30 sample=zero_boundary_015 soc=0.6144 fc=60
progress step=186350 round=16/40 episode=8/30 sample=zero_boundary_015 soc=0.5136 fc=600
progress step=186400 round=16/40 episode=8/30 sample=zero_boundary_015 soc=0.2121 fc=260
progress step=186450 round=16/40 episode=9/30 sample=zero_boundary_016 soc=0.7004 fc=310
progress step=186500 round=16/40 episode=9/30 sample=zero_boundary_016 soc=0.5982 fc=100
progress step=186550 round=16/40 episode=9/30 sample=zero_boundary_016 soc=0.2850 fc=130
progress step=186600 round=16/40 episode=10/30 sample=zero_boundary_017 soc=0.5425 fc=0
progress step=186650 round=16/40 episode=10/30 sample=zero_boundary_017 soc=0.2088 fc=320
progress step=186700 round=16/40 episode=11/30 sample=zero_boundary_020 soc=0.5765 fc=100
progress step=186750 round=16/40 episode=11/30 sample=zero_boundary_020 soc=0.5543 fc=40
progress step=186800 round=16/40 episode=12/30 sample=zero_boundary_021 soc=0.6630 fc=480
progress step=186850 round=16/40 episode=12/30 sample=zero_boundary_021 soc=0.6556 fc=460
progress step=186900 round=16/40 episode=12/30 sample=zero_boundary_021 soc=0.5011 fc=0
progress step=186950 round=16/40 episode=12/30 sample=zero_boundary_021 soc=0.3243 fc=470
progress step=187000 round=16/40 episode=12/30 sample=zero_boundary_021 soc=0.2536 fc=510
progress step=187050 round=16/40 episode=13/30 sample=zero_boundary_022 soc=0.5510 fc=460
progress step=187100 round=16/40 episode=13/30 sample=zero_boundary_022 soc=0.4339 fc=0
progress step=187150 round=16/40 episode=13/30 sample=zero_boundary_022 soc=0.3706 fc=0
progress step=187200 round=16/40 episode=14/30 sample=zero_boundary_029 soc=0.6076 fc=0
progress step=187250 round=16/40 episode=14/30 sample=zero_boundary_029 soc=0.6067 fc=90
progress step=187300 round=16/40 episode=14/30 sample=zero_boundary_029 soc=0.4824 fc=0
progress step=187350 round=16/40 episode=14/30 sample=zero_boundary_029 soc=0.3779 fc=340
progress step=187400 round=16/40 episode=14/30 sample=zero_boundary_029 soc=0.3832 fc=560
progress step=187450 round=16/40 episode=14/30 sample=zero_boundary_029 soc=0.3578 fc=530
progress step=187500 round=16/40 episode=14/30 sample=zero_boundary_029 soc=0.3215 fc=330
progress step=187550 round=16/40 episode=14/30 sample=zero_boundary_029 soc=0.3946 fc=0
progress step=187600 round=16/40 episode=14/30 sample=zero_boundary_029 soc=0.5218 fc=290
progress step=187650 round=16/40 episode=14/30 sample=zero_boundary_029 soc=0.6458 fc=490
progress step=187700 round=16/40 episode=14/30 sample=zero_boundary_029 soc=0.7679 fc=0
progress step=187750 round=16/40 episode=14/30 sample=zero_boundary_029 soc=0.8000 fc=0
progress step=187800 round=16/40 episode=14/30 sample=zero_boundary_029 soc=0.8000 fc=0
progress step=187850 round=16/40 episode=14/30 sample=zero_boundary_029 soc=0.8000 fc=0
progress step=187900 round=16/40 episode=14/30 sample=zero_boundary_029 soc=0.8000 fc=0
progress step=187950 round=16/40 episode=14/30 sample=zero_boundary_029 soc=0.8000 fc=0
progress step=188000 round=16/40 episode=14/30 sample=zero_boundary_029 soc=0.8000 fc=0
progress step=188050 round=16/40 episode=14/30 sample=zero_boundary_029 soc=0.8000 fc=0
progress step=188100 round=16/40 episode=14/30 sample=zero_boundary_029 soc=0.7618 fc=110
progress step=188150 round=16/40 episode=14/30 sample=zero_boundary_029 soc=0.7399 fc=0
progress step=188200 round=16/40 episode=14/30 sample=zero_boundary_029 soc=0.6555 fc=0
progress step=188250 round=16/40 episode=15/30 sample=zero_boundary_033 soc=0.6027 fc=0
progress step=188300 round=16/40 episode=15/30 sample=zero_boundary_033 soc=0.6229 fc=400
progress step=188350 round=16/40 episode=15/30 sample=zero_boundary_033 soc=0.5327 fc=410
progress step=188400 round=16/40 episode=15/30 sample=zero_boundary_033 soc=0.3497 fc=450
progress step=188450 round=16/40 episode=15/30 sample=zero_boundary_033 soc=0.2382 fc=0
progress step=188500 round=16/40 episode=15/30 sample=zero_boundary_033 soc=0.2201 fc=70
progress step=188550 round=16/40 episode=15/30 sample=zero_boundary_033 soc=0.2015 fc=600
progress step=188600 round=16/40 episode=15/30 sample=zero_boundary_033 soc=0.2659 fc=100
progress step=188650 round=16/40 episode=15/30 sample=zero_boundary_033 soc=0.4164 fc=550
progress step=188700 round=16/40 episode=15/30 sample=zero_boundary_033 soc=0.5269 fc=530
progress step=188750 round=16/40 episode=15/30 sample=zero_boundary_033 soc=0.6274 fc=340
progress step=188800 round=16/40 episode=15/30 sample=zero_boundary_033 soc=0.7613 fc=0
progress step=188850 round=16/40 episode=15/30 sample=zero_boundary_033 soc=0.7999 fc=0
progress step=188900 round=16/40 episode=15/30 sample=zero_boundary_033 soc=0.7999 fc=0
progress step=188950 round=16/40 episode=15/30 sample=zero_boundary_033 soc=0.7999 fc=0
progress step=189000 round=16/40 episode=15/30 sample=zero_boundary_033 soc=0.7998 fc=0
progress step=189050 round=16/40 episode=15/30 sample=zero_boundary_033 soc=0.7988 fc=10
progress step=189100 round=16/40 episode=15/30 sample=zero_boundary_033 soc=0.7993 fc=80
progress step=189150 round=16/40 episode=15/30 sample=zero_boundary_033 soc=0.7990 fc=0
progress step=189200 round=16/40 episode=15/30 sample=zero_boundary_033 soc=0.7996 fc=40
progress step=189250 round=16/40 episode=16/30 sample=zero_boundary_034 soc=0.6760 fc=600
progress step=189300 round=16/40 episode=16/30 sample=zero_boundary_034 soc=0.7917 fc=370
progress step=189350 round=16/40 episode=16/30 sample=zero_boundary_034 soc=0.8000 fc=0
progress step=189400 round=16/40 episode=16/30 sample=zero_boundary_034 soc=0.8000 fc=0
progress step=189450 round=16/40 episode=16/30 sample=zero_boundary_034 soc=0.8000 fc=0
progress step=189500 round=16/40 episode=16/30 sample=zero_boundary_034 soc=0.8000 fc=0
progress step=189550 round=16/40 episode=16/30 sample=zero_boundary_034 soc=0.8000 fc=0
progress step=189600 round=16/40 episode=16/30 sample=zero_boundary_034 soc=0.8000 fc=0
progress step=189650 round=16/40 episode=16/30 sample=zero_boundary_034 soc=0.8000 fc=0
progress step=189700 round=16/40 episode=16/30 sample=zero_boundary_034 soc=0.8000 fc=0
progress step=189750 round=16/40 episode=16/30 sample=zero_boundary_034 soc=0.8000 fc=0
progress step=189800 round=16/40 episode=16/30 sample=zero_boundary_034 soc=0.8000 fc=0
progress step=189850 round=16/40 episode=16/30 sample=zero_boundary_034 soc=0.8000 fc=0
progress step=189900 round=16/40 episode=16/30 sample=zero_boundary_034 soc=0.8000 fc=0
progress step=189950 round=16/40 episode=16/30 sample=zero_boundary_034 soc=0.8000 fc=0
progress step=190000 round=16/40 episode=16/30 sample=zero_boundary_034 soc=0.8000 fc=0
progress step=190050 round=16/40 episode=16/30 sample=zero_boundary_034 soc=0.8000 fc=0
progress step=190100 round=16/40 episode=16/30 sample=zero_boundary_034 soc=0.8000 fc=0
progress step=190150 round=16/40 episode=16/30 sample=zero_boundary_034 soc=0.7944 fc=250
progress step=190200 round=16/40 episode=16/30 sample=zero_boundary_034 soc=0.7792 fc=380
progress step=190250 round=16/40 episode=16/30 sample=zero_boundary_034 soc=0.7718 fc=340
progress step=190300 round=16/40 episode=16/30 sample=zero_boundary_034 soc=0.7710 fc=240
progress step=190350 round=16/40 episode=16/30 sample=zero_boundary_034 soc=0.7636 fc=0
progress step=190400 round=16/40 episode=16/30 sample=zero_boundary_034 soc=0.7994 fc=20
progress step=190450 round=16/40 episode=16/30 sample=zero_boundary_034 soc=0.7999 fc=0
progress step=190500 round=16/40 episode=16/30 sample=zero_boundary_034 soc=0.7999 fc=0
progress step=190550 round=16/40 episode=16/30 sample=zero_boundary_034 soc=0.7999 fc=0
progress step=190600 round=16/40 episode=16/30 sample=zero_boundary_034 soc=0.7999 fc=0
progress step=190650 round=16/40 episode=16/30 sample=zero_boundary_034 soc=0.7999 fc=0
progress step=190700 round=16/40 episode=16/30 sample=zero_boundary_034 soc=0.7999 fc=0
progress step=190750 round=16/40 episode=16/30 sample=zero_boundary_034 soc=0.7999 fc=0
progress step=190800 round=16/40 episode=16/30 sample=zero_boundary_034 soc=0.7999 fc=0
progress step=190850 round=16/40 episode=16/30 sample=zero_boundary_034 soc=0.7985 fc=50
progress step=190900 round=16/40 episode=17/30 sample=zero_boundary_037 soc=0.6404 fc=0
progress step=190950 round=16/40 episode=17/30 sample=zero_boundary_037 soc=0.6254 fc=310
progress step=191000 round=16/40 episode=17/30 sample=zero_boundary_037 soc=0.6059 fc=0
progress step=191050 round=16/40 episode=17/30 sample=zero_boundary_037 soc=0.5907 fc=480
progress step=191100 round=16/40 episode=17/30 sample=zero_boundary_037 soc=0.5090 fc=0
progress step=191150 round=16/40 episode=17/30 sample=zero_boundary_037 soc=0.3797 fc=0
progress step=191200 round=16/40 episode=17/30 sample=zero_boundary_037 soc=0.2011 fc=460
progress step=191250 round=16/40 episode=17/30 sample=zero_boundary_037 soc=0.2736 fc=450
progress step=191300 round=16/40 episode=17/30 sample=zero_boundary_037 soc=0.3259 fc=180
progress step=191350 round=16/40 episode=17/30 sample=zero_boundary_037 soc=0.3971 fc=0
progress step=191400 round=16/40 episode=17/30 sample=zero_boundary_037 soc=0.4751 fc=220
progress step=191450 round=16/40 episode=17/30 sample=zero_boundary_037 soc=0.5712 fc=580
progress step=191500 round=16/40 episode=17/30 sample=zero_boundary_037 soc=0.6768 fc=140
progress step=191550 round=16/40 episode=17/30 sample=zero_boundary_037 soc=0.7417 fc=330
progress step=191600 round=16/40 episode=17/30 sample=zero_boundary_037 soc=0.7955 fc=380
progress step=191650 round=16/40 episode=17/30 sample=zero_boundary_037 soc=0.7967 fc=0
progress step=191700 round=16/40 episode=17/30 sample=zero_boundary_037 soc=0.7965 fc=0
progress step=191750 round=16/40 episode=17/30 sample=zero_boundary_037 soc=0.7984 fc=30
progress step=191800 round=16/40 episode=17/30 sample=zero_boundary_037 soc=0.7970 fc=70
progress step=191850 round=16/40 episode=17/30 sample=zero_boundary_037 soc=0.7991 fc=10
progress step=191900 round=16/40 episode=17/30 sample=zero_boundary_037 soc=0.7999 fc=0
progress step=191950 round=16/40 episode=17/30 sample=zero_boundary_037 soc=0.7999 fc=0
progress step=192000 round=16/40 episode=17/30 sample=zero_boundary_037 soc=0.7987 fc=60
progress step=192050 round=16/40 episode=17/30 sample=zero_boundary_037 soc=0.7970 fc=130
progress step=192100 round=16/40 episode=17/30 sample=zero_boundary_037 soc=0.7977 fc=80
progress step=192150 round=16/40 episode=17/30 sample=zero_boundary_037 soc=0.7994 fc=0
progress step=192200 round=16/40 episode=17/30 sample=zero_boundary_037 soc=0.7996 fc=10
progress step=192250 round=16/40 episode=17/30 sample=zero_boundary_037 soc=0.7980 fc=160
progress step=192300 round=16/40 episode=17/30 sample=zero_boundary_037 soc=0.7990 fc=0
progress step=192350 round=16/40 episode=17/30 sample=zero_boundary_037 soc=0.7999 fc=0
progress step=192400 round=16/40 episode=17/30 sample=zero_boundary_037 soc=0.7986 fc=0
progress step=192450 round=16/40 episode=17/30 sample=zero_boundary_037 soc=0.7996 fc=20
progress step=192500 round=16/40 episode=17/30 sample=zero_boundary_037 soc=0.7972 fc=0
progress step=192550 round=16/40 episode=17/30 sample=zero_boundary_037 soc=0.7988 fc=0
progress step=192600 round=16/40 episode=17/30 sample=zero_boundary_037 soc=0.7989 fc=0
progress step=192650 round=16/40 episode=17/30 sample=zero_boundary_037 soc=0.7980 fc=0
progress step=192700 round=16/40 episode=17/30 sample=zero_boundary_037 soc=0.7994 fc=10
progress step=192750 round=16/40 episode=17/30 sample=zero_boundary_037 soc=0.7991 fc=70
progress step=192800 round=16/40 episode=18/30 sample=zero_boundary_038 soc=0.6124 fc=100
progress step=192850 round=16/40 episode=18/30 sample=zero_boundary_038 soc=0.4704 fc=190
progress step=192900 round=16/40 episode=18/30 sample=zero_boundary_038 soc=0.3643 fc=0
progress step=192950 round=16/40 episode=18/30 sample=zero_boundary_038 soc=0.2073 fc=0
progress step=193000 round=16/40 episode=18/30 sample=zero_boundary_038 soc=0.2004 fc=500
progress step=193050 round=16/40 episode=18/30 sample=zero_boundary_038 soc=0.2139 fc=140
progress step=193100 round=16/40 episode=18/30 sample=zero_boundary_038 soc=0.2857 fc=0
progress step=193150 round=16/40 episode=18/30 sample=zero_boundary_038 soc=0.3440 fc=260
progress step=193200 round=16/40 episode=18/30 sample=zero_boundary_038 soc=0.4286 fc=0
progress step=193250 round=16/40 episode=18/30 sample=zero_boundary_038 soc=0.3631 fc=160
progress step=193300 round=16/40 episode=18/30 sample=zero_boundary_038 soc=0.2636 fc=0
progress step=193350 round=16/40 episode=18/30 sample=zero_boundary_038 soc=0.2013 fc=550
progress step=193400 round=16/40 episode=18/30 sample=zero_boundary_038 soc=0.2001 fc=350
progress step=193450 round=16/40 episode=18/30 sample=zero_boundary_038 soc=0.2753 fc=520
progress step=193500 round=16/40 episode=19/30 sample=zero_boundary_040 soc=0.5214 fc=0
progress step=193550 round=16/40 episode=19/30 sample=zero_boundary_040 soc=0.3406 fc=290
progress step=193600 round=16/40 episode=19/30 sample=zero_boundary_040 soc=0.2225 fc=0
progress step=193650 round=16/40 episode=19/30 sample=zero_boundary_040 soc=0.2251 fc=120
progress step=193700 round=16/40 episode=19/30 sample=zero_boundary_040 soc=0.2018 fc=460
progress step=193750 round=16/40 episode=19/30 sample=zero_boundary_040 soc=0.2043 fc=0
progress step=193800 round=16/40 episode=19/30 sample=zero_boundary_040 soc=0.2825 fc=550
progress step=193850 round=16/40 episode=19/30 sample=zero_boundary_040 soc=0.2007 fc=490
progress step=193900 round=16/40 episode=19/30 sample=zero_boundary_040 soc=0.2027 fc=550
progress step=193950 round=16/40 episode=19/30 sample=zero_boundary_040 soc=0.2353 fc=0
progress step=194000 round=16/40 episode=20/30 sample=zero_boundary_041 soc=0.5133 fc=0
progress step=194050 round=16/40 episode=20/30 sample=zero_boundary_041 soc=0.3034 fc=60
progress step=194100 round=16/40 episode=21/30 sample=zero_boundary_042 soc=0.6475 fc=190
progress step=194150 round=16/40 episode=21/30 sample=zero_boundary_042 soc=0.4608 fc=0
progress step=194200 round=16/40 episode=21/30 sample=zero_boundary_042 soc=0.2064 fc=490
progress step=194250 round=16/40 episode=22/30 sample=zero_boundary_044 soc=0.5905 fc=60
progress step=194300 round=16/40 episode=22/30 sample=zero_boundary_044 soc=0.3958 fc=140
progress step=194350 round=16/40 episode=23/30 sample=zero_boundary_045 soc=0.6447 fc=0
progress step=194400 round=16/40 episode=23/30 sample=zero_boundary_045 soc=0.5677 fc=0
progress step=194450 round=16/40 episode=23/30 sample=zero_boundary_045 soc=0.4007 fc=0
progress step=194500 round=16/40 episode=24/30 sample=zero_boundary_046 soc=0.6098 fc=0
progress step=194550 round=16/40 episode=24/30 sample=zero_boundary_046 soc=0.4505 fc=100
progress step=194600 round=16/40 episode=24/30 sample=zero_boundary_046 soc=0.2171 fc=120
progress step=194650 round=16/40 episode=25/30 sample=zero_boundary_048 soc=0.6084 fc=0
progress step=194700 round=16/40 episode=25/30 sample=zero_boundary_048 soc=0.3754 fc=0
progress step=194750 round=16/40 episode=25/30 sample=zero_boundary_048 soc=0.2087 fc=210
progress step=194800 round=16/40 episode=25/30 sample=zero_boundary_048 soc=0.2406 fc=260
progress step=194850 round=16/40 episode=26/30 sample=zero_boundary_049 soc=0.6089 fc=390
progress step=194900 round=16/40 episode=26/30 sample=zero_boundary_049 soc=0.6099 fc=0
progress step=194950 round=16/40 episode=26/30 sample=zero_boundary_049 soc=0.4899 fc=0
progress step=195000 round=16/40 episode=26/30 sample=zero_boundary_049 soc=0.4060 fc=460
progress step=195050 round=16/40 episode=26/30 sample=zero_boundary_049 soc=0.3386 fc=510
progress step=195100 round=16/40 episode=26/30 sample=zero_boundary_049 soc=0.3443 fc=40
progress step=195150 round=16/40 episode=27/30 sample=zero_boundary_050 soc=0.6229 fc=150
progress step=195200 round=16/40 episode=27/30 sample=zero_boundary_050 soc=0.4438 fc=0
progress step=195250 round=16/40 episode=27/30 sample=zero_boundary_050 soc=0.2161 fc=0
progress step=195300 round=16/40 episode=28/30 sample=zero_boundary_051 soc=0.5905 fc=490
progress step=195350 round=16/40 episode=28/30 sample=zero_boundary_051 soc=0.5226 fc=0
progress step=195400 round=16/40 episode=28/30 sample=zero_boundary_051 soc=0.4732 fc=200
progress step=195450 round=16/40 episode=29/30 sample=zero_boundary_052 soc=0.6165 fc=0
progress step=195500 round=16/40 episode=29/30 sample=zero_boundary_052 soc=0.3880 fc=40
progress step=195550 round=16/40 episode=30/30 sample=zero_boundary_053 soc=0.6342 fc=380
progress step=195600 round=16/40 episode=30/30 sample=zero_boundary_053 soc=0.5547 fc=0
progress step=195650 round=16/40 episode=30/30 sample=zero_boundary_053 soc=0.3103 fc=10
progress step=195700 round=16/40 episode=30/30 sample=zero_boundary_053 soc=0.3072 fc=370
progress step=195750 round=16/40 episode=30/30 sample=zero_boundary_053 soc=0.2709 fc=480
round 16/40 exploratory=17/30 greedy_train start
MONITOR round=16 exploratory=17/30 greedy_train=10/30 validation=SKIPPED cost=None updates=5264 best_round=7
round 17/40 start epsilon=0.6103
progress step=195800 round=17/40 episode=1/30 sample=zero_boundary_002 soc=0.6420 fc=470
progress step=195850 round=17/40 episode=1/30 sample=zero_boundary_002 soc=0.5674 fc=260
progress step=195900 round=17/40 episode=2/30 sample=zero_boundary_005 soc=0.6142 fc=100
progress step=195950 round=17/40 episode=2/30 sample=zero_boundary_005 soc=0.5933 fc=180
progress step=196000 round=17/40 episode=2/30 sample=zero_boundary_005 soc=0.3659 fc=0
progress step=196050 round=17/40 episode=2/30 sample=zero_boundary_005 soc=0.2186 fc=580
progress step=196100 round=17/40 episode=2/30 sample=zero_boundary_005 soc=0.2000 fc=510
progress step=196150 round=17/40 episode=2/30 sample=zero_boundary_005 soc=0.2012 fc=450
progress step=196200 round=17/40 episode=3/30 sample=zero_boundary_006 soc=0.6168 fc=20
progress step=196250 round=17/40 episode=3/30 sample=zero_boundary_006 soc=0.6768 fc=0
progress step=196300 round=17/40 episode=3/30 sample=zero_boundary_006 soc=0.6782 fc=280
progress step=196350 round=17/40 episode=3/30 sample=zero_boundary_006 soc=0.7576 fc=410
progress step=196400 round=17/40 episode=3/30 sample=zero_boundary_006 soc=0.7647 fc=590
progress step=196450 round=17/40 episode=3/30 sample=zero_boundary_006 soc=0.7647 fc=220
progress step=196500 round=17/40 episode=3/30 sample=zero_boundary_006 soc=0.7888 fc=570
progress step=196550 round=17/40 episode=4/30 sample=zero_boundary_007 soc=0.6177 fc=220
progress step=196600 round=17/40 episode=4/30 sample=zero_boundary_007 soc=0.5672 fc=30
progress step=196650 round=17/40 episode=4/30 sample=zero_boundary_007 soc=0.4831 fc=30
progress step=196700 round=17/40 episode=4/30 sample=zero_boundary_007 soc=0.4552 fc=0
progress step=196750 round=17/40 episode=4/30 sample=zero_boundary_007 soc=0.4288 fc=290
progress step=196800 round=17/40 episode=4/30 sample=zero_boundary_007 soc=0.3517 fc=570
progress step=196850 round=17/40 episode=5/30 sample=zero_boundary_008 soc=0.6559 fc=290
progress step=196900 round=17/40 episode=5/30 sample=zero_boundary_008 soc=0.3033 fc=410
progress step=196950 round=17/40 episode=6/30 sample=zero_boundary_011 soc=0.7511 fc=290
progress step=197000 round=17/40 episode=6/30 sample=zero_boundary_011 soc=0.7503 fc=290
progress step=197050 round=17/40 episode=6/30 sample=zero_boundary_011 soc=0.5979 fc=350
progress step=197100 round=17/40 episode=6/30 sample=zero_boundary_011 soc=0.4518 fc=200
progress step=197150 round=17/40 episode=6/30 sample=zero_boundary_011 soc=0.3104 fc=420
progress step=197200 round=17/40 episode=6/30 sample=zero_boundary_011 soc=0.2080 fc=170
progress step=197250 round=17/40 episode=6/30 sample=zero_boundary_011 soc=0.4528 fc=290
progress step=197300 round=17/40 episode=6/30 sample=zero_boundary_011 soc=0.6314 fc=290
progress step=197350 round=17/40 episode=6/30 sample=zero_boundary_011 soc=0.7998 fc=30
progress step=197400 round=17/40 episode=6/30 sample=zero_boundary_011 soc=0.7977 fc=290
progress step=197450 round=17/40 episode=6/30 sample=zero_boundary_011 soc=0.7865 fc=600
progress step=197500 round=17/40 episode=6/30 sample=zero_boundary_011 soc=0.7965 fc=290
progress step=197550 round=17/40 episode=6/30 sample=zero_boundary_011 soc=0.7929 fc=140
progress step=197600 round=17/40 episode=6/30 sample=zero_boundary_011 soc=0.7971 fc=360
progress step=197650 round=17/40 episode=6/30 sample=zero_boundary_011 soc=0.7997 fc=0
progress step=197700 round=17/40 episode=7/30 sample=zero_boundary_013 soc=0.6522 fc=270
progress step=197750 round=17/40 episode=7/30 sample=zero_boundary_013 soc=0.6038 fc=0
progress step=197800 round=17/40 episode=7/30 sample=zero_boundary_013 soc=0.4937 fc=240
progress step=197850 round=17/40 episode=7/30 sample=zero_boundary_013 soc=0.4027 fc=0
progress step=197900 round=17/40 episode=7/30 sample=zero_boundary_013 soc=0.3439 fc=0
progress step=197950 round=17/40 episode=7/30 sample=zero_boundary_013 soc=0.2606 fc=0
progress step=198000 round=17/40 episode=8/30 sample=zero_boundary_015 soc=0.6071 fc=0
progress step=198050 round=17/40 episode=8/30 sample=zero_boundary_015 soc=0.5879 fc=10
progress step=198100 round=17/40 episode=8/30 sample=zero_boundary_015 soc=0.5062 fc=0
progress step=198150 round=17/40 episode=9/30 sample=zero_boundary_016 soc=0.6315 fc=80
progress step=198200 round=17/40 episode=9/30 sample=zero_boundary_016 soc=0.6238 fc=300
progress step=198250 round=17/40 episode=9/30 sample=zero_boundary_016 soc=0.3522 fc=0
progress step=198300 round=17/40 episode=10/30 sample=zero_boundary_017 soc=0.5505 fc=0
progress step=198350 round=17/40 episode=10/30 sample=zero_boundary_017 soc=0.2048 fc=460
progress step=198400 round=17/40 episode=11/30 sample=zero_boundary_020 soc=0.5626 fc=0
progress step=198450 round=17/40 episode=11/30 sample=zero_boundary_020 soc=0.4980 fc=40
progress step=198500 round=17/40 episode=12/30 sample=zero_boundary_021 soc=0.6805 fc=300
progress step=198550 round=17/40 episode=12/30 sample=zero_boundary_021 soc=0.6560 fc=250
progress step=198600 round=17/40 episode=12/30 sample=zero_boundary_021 soc=0.4435 fc=200
progress step=198650 round=17/40 episode=12/30 sample=zero_boundary_021 soc=0.2918 fc=330
progress step=198700 round=17/40 episode=12/30 sample=zero_boundary_021 soc=0.2501 fc=490
progress step=198750 round=17/40 episode=13/30 sample=zero_boundary_022 soc=0.5958 fc=360
progress step=198800 round=17/40 episode=13/30 sample=zero_boundary_022 soc=0.5063 fc=0
progress step=198850 round=17/40 episode=13/30 sample=zero_boundary_022 soc=0.4500 fc=0
progress step=198900 round=17/40 episode=14/30 sample=zero_boundary_029 soc=0.6416 fc=0
progress step=198950 round=17/40 episode=14/30 sample=zero_boundary_029 soc=0.6433 fc=450
progress step=199000 round=17/40 episode=14/30 sample=zero_boundary_029 soc=0.5180 fc=530
progress step=199050 round=17/40 episode=14/30 sample=zero_boundary_029 soc=0.4383 fc=0
progress step=199100 round=17/40 episode=14/30 sample=zero_boundary_029 soc=0.4359 fc=0
progress step=199150 round=17/40 episode=14/30 sample=zero_boundary_029 soc=0.3854 fc=160
progress step=199200 round=17/40 episode=14/30 sample=zero_boundary_029 soc=0.3433 fc=0
progress step=199250 round=17/40 episode=14/30 sample=zero_boundary_029 soc=0.3658 fc=0
progress step=199300 round=17/40 episode=14/30 sample=zero_boundary_029 soc=0.4918 fc=450
progress step=199350 round=17/40 episode=14/30 sample=zero_boundary_029 soc=0.5868 fc=0
progress step=199400 round=17/40 episode=14/30 sample=zero_boundary_029 soc=0.7109 fc=170
progress step=199450 round=17/40 episode=14/30 sample=zero_boundary_029 soc=0.8000 fc=0
progress step=199500 round=17/40 episode=14/30 sample=zero_boundary_029 soc=0.8000 fc=0
progress step=199550 round=17/40 episode=14/30 sample=zero_boundary_029 soc=0.8000 fc=0
progress step=199600 round=17/40 episode=14/30 sample=zero_boundary_029 soc=0.8000 fc=0
progress step=199650 round=17/40 episode=14/30 sample=zero_boundary_029 soc=0.8000 fc=0
progress step=199700 round=17/40 episode=14/30 sample=zero_boundary_029 soc=0.8000 fc=0
progress step=199750 round=17/40 episode=14/30 sample=zero_boundary_029 soc=0.8000 fc=0
progress step=199800 round=17/40 episode=14/30 sample=zero_boundary_029 soc=0.7799 fc=250
progress step=199850 round=17/40 episode=14/30 sample=zero_boundary_029 soc=0.7052 fc=360
progress step=199900 round=17/40 episode=14/30 sample=zero_boundary_029 soc=0.6785 fc=0
progress step=199950 round=17/40 episode=15/30 sample=zero_boundary_033 soc=0.6000 fc=0
progress step=200000 round=17/40 episode=15/30 sample=zero_boundary_033 soc=0.6829 fc=190
progress step=200050 round=17/40 episode=15/30 sample=zero_boundary_033 soc=0.6143 fc=70
progress step=200100 round=17/40 episode=15/30 sample=zero_boundary_033 soc=0.5025 fc=390
progress step=200150 round=17/40 episode=15/30 sample=zero_boundary_033 soc=0.3597 fc=360
progress step=200200 round=17/40 episode=15/30 sample=zero_boundary_033 soc=0.3884 fc=0
progress step=200250 round=17/40 episode=15/30 sample=zero_boundary_033 soc=0.2001 fc=530
progress step=200300 round=17/40 episode=15/30 sample=zero_boundary_033 soc=0.2611 fc=170
progress step=200350 round=17/40 episode=15/30 sample=zero_boundary_033 soc=0.3603 fc=0
progress step=200400 round=17/40 episode=15/30 sample=zero_boundary_033 soc=0.4224 fc=580
progress step=200450 round=17/40 episode=15/30 sample=zero_boundary_033 soc=0.5402 fc=0
progress step=200500 round=17/40 episode=15/30 sample=zero_boundary_033 soc=0.6364 fc=0
progress step=200550 round=17/40 episode=15/30 sample=zero_boundary_033 soc=0.7384 fc=340
progress step=200600 round=17/40 episode=15/30 sample=zero_boundary_033 soc=0.7999 fc=0
progress step=200650 round=17/40 episode=15/30 sample=zero_boundary_033 soc=0.7999 fc=0
progress step=200700 round=17/40 episode=15/30 sample=zero_boundary_033 soc=0.7984 fc=0
progress step=200750 round=17/40 episode=15/30 sample=zero_boundary_033 soc=0.7981 fc=180
progress step=200800 round=17/40 episode=15/30 sample=zero_boundary_033 soc=0.7997 fc=0
progress step=200850 round=17/40 episode=15/30 sample=zero_boundary_033 soc=0.7992 fc=10
progress step=200900 round=17/40 episode=15/30 sample=zero_boundary_033 soc=0.7994 fc=70
progress step=200950 round=17/40 episode=16/30 sample=zero_boundary_034 soc=0.6553 fc=0
progress step=201000 round=17/40 episode=16/30 sample=zero_boundary_034 soc=0.7336 fc=540
progress step=201050 round=17/40 episode=16/30 sample=zero_boundary_034 soc=0.7999 fc=0
progress step=201100 round=17/40 episode=16/30 sample=zero_boundary_034 soc=0.7999 fc=0
progress step=201150 round=17/40 episode=16/30 sample=zero_boundary_034 soc=0.7999 fc=0
progress step=201200 round=17/40 episode=16/30 sample=zero_boundary_034 soc=0.7999 fc=0
progress step=201250 round=17/40 episode=16/30 sample=zero_boundary_034 soc=0.7999 fc=0
progress step=201300 round=17/40 episode=16/30 sample=zero_boundary_034 soc=0.7999 fc=0
progress step=201350 round=17/40 episode=16/30 sample=zero_boundary_034 soc=0.7999 fc=0
progress step=201400 round=17/40 episode=16/30 sample=zero_boundary_034 soc=0.7999 fc=0
progress step=201450 round=17/40 episode=16/30 sample=zero_boundary_034 soc=0.7999 fc=0
progress step=201500 round=17/40 episode=16/30 sample=zero_boundary_034 soc=0.7999 fc=0
progress step=201550 round=17/40 episode=16/30 sample=zero_boundary_034 soc=0.7999 fc=0
progress step=201600 round=17/40 episode=16/30 sample=zero_boundary_034 soc=0.7999 fc=0
progress step=201650 round=17/40 episode=16/30 sample=zero_boundary_034 soc=0.7999 fc=0
progress step=201700 round=17/40 episode=16/30 sample=zero_boundary_034 soc=0.7999 fc=0
progress step=201750 round=17/40 episode=16/30 sample=zero_boundary_034 soc=0.7999 fc=0
progress step=201800 round=17/40 episode=16/30 sample=zero_boundary_034 soc=0.7992 fc=0
progress step=201850 round=17/40 episode=16/30 sample=zero_boundary_034 soc=0.7958 fc=270
progress step=201900 round=17/40 episode=16/30 sample=zero_boundary_034 soc=0.7889 fc=330
progress step=201950 round=17/40 episode=16/30 sample=zero_boundary_034 soc=0.7838 fc=420
progress step=202000 round=17/40 episode=16/30 sample=zero_boundary_034 soc=0.7565 fc=0
progress step=202050 round=17/40 episode=16/30 sample=zero_boundary_034 soc=0.7451 fc=0
progress step=202100 round=17/40 episode=16/30 sample=zero_boundary_034 soc=0.7995 fc=40
progress step=202150 round=17/40 episode=16/30 sample=zero_boundary_034 soc=0.8000 fc=0
progress step=202200 round=17/40 episode=16/30 sample=zero_boundary_034 soc=0.8000 fc=0
progress step=202250 round=17/40 episode=16/30 sample=zero_boundary_034 soc=0.8000 fc=0
progress step=202300 round=17/40 episode=16/30 sample=zero_boundary_034 soc=0.8000 fc=0
progress step=202350 round=17/40 episode=16/30 sample=zero_boundary_034 soc=0.8000 fc=0
progress step=202400 round=17/40 episode=16/30 sample=zero_boundary_034 soc=0.8000 fc=0
progress step=202450 round=17/40 episode=16/30 sample=zero_boundary_034 soc=0.8000 fc=0
progress step=202500 round=17/40 episode=16/30 sample=zero_boundary_034 soc=0.8000 fc=0
progress step=202550 round=17/40 episode=16/30 sample=zero_boundary_034 soc=0.7996 fc=20
progress step=202600 round=17/40 episode=17/30 sample=zero_boundary_037 soc=0.6200 fc=240
progress step=202650 round=17/40 episode=17/30 sample=zero_boundary_037 soc=0.6055 fc=0
progress step=202700 round=17/40 episode=17/30 sample=zero_boundary_037 soc=0.5770 fc=0
progress step=202750 round=17/40 episode=17/30 sample=zero_boundary_037 soc=0.5808 fc=350
progress step=202800 round=17/40 episode=17/30 sample=zero_boundary_037 soc=0.4893 fc=0
progress step=202850 round=17/40 episode=17/30 sample=zero_boundary_037 soc=0.3583 fc=320
progress step=202900 round=17/40 episode=17/30 sample=zero_boundary_037 soc=0.2001 fc=560
progress step=202950 round=17/40 episode=17/30 sample=zero_boundary_037 soc=0.2909 fc=10
progress step=203000 round=17/40 episode=17/30 sample=zero_boundary_037 soc=0.3569 fc=80
progress step=203050 round=17/40 episode=17/30 sample=zero_boundary_037 soc=0.4120 fc=30
progress step=203100 round=17/40 episode=17/30 sample=zero_boundary_037 soc=0.4969 fc=410
progress step=203150 round=17/40 episode=17/30 sample=zero_boundary_037 soc=0.5820 fc=170
progress step=203200 round=17/40 episode=17/30 sample=zero_boundary_037 soc=0.6754 fc=0
progress step=203250 round=17/40 episode=17/30 sample=zero_boundary_037 soc=0.7464 fc=0
progress step=203300 round=17/40 episode=17/30 sample=zero_boundary_037 soc=0.7996 fc=0
progress step=203350 round=17/40 episode=17/30 sample=zero_boundary_037 soc=0.7962 fc=280
progress step=203400 round=17/40 episode=17/30 sample=zero_boundary_037 soc=0.7979 fc=130
progress step=203450 round=17/40 episode=17/30 sample=zero_boundary_037 soc=0.7999 fc=0
progress step=203500 round=17/40 episode=17/30 sample=zero_boundary_037 soc=0.7993 fc=20
progress step=203550 round=17/40 episode=17/30 sample=zero_boundary_037 soc=0.7997 fc=0
progress step=203600 round=17/40 episode=17/30 sample=zero_boundary_037 soc=0.7999 fc=0
progress step=203650 round=17/40 episode=17/30 sample=zero_boundary_037 soc=0.7999 fc=0
progress step=203700 round=17/40 episode=17/30 sample=zero_boundary_037 soc=0.7988 fc=40
progress step=203750 round=17/40 episode=17/30 sample=zero_boundary_037 soc=0.7976 fc=0
progress step=203800 round=17/40 episode=17/30 sample=zero_boundary_037 soc=0.7984 fc=0
progress step=203850 round=17/40 episode=17/30 sample=zero_boundary_037 soc=0.7984 fc=0
progress step=203900 round=17/40 episode=17/30 sample=zero_boundary_037 soc=0.7997 fc=30
progress step=203950 round=17/40 episode=17/30 sample=zero_boundary_037 soc=0.7994 fc=80
progress step=204000 round=17/40 episode=17/30 sample=zero_boundary_037 soc=0.7961 fc=250
progress step=204050 round=17/40 episode=17/30 sample=zero_boundary_037 soc=0.7987 fc=0
progress step=204100 round=17/40 episode=17/30 sample=zero_boundary_037 soc=0.7977 fc=200
progress step=204150 round=17/40 episode=17/30 sample=zero_boundary_037 soc=0.7989 fc=110
progress step=204200 round=17/40 episode=17/30 sample=zero_boundary_037 soc=0.7992 fc=0
progress step=204250 round=17/40 episode=17/30 sample=zero_boundary_037 soc=0.7977 fc=70
progress step=204300 round=17/40 episode=17/30 sample=zero_boundary_037 soc=0.7995 fc=60
progress step=204350 round=17/40 episode=17/30 sample=zero_boundary_037 soc=0.7996 fc=40
progress step=204400 round=17/40 episode=17/30 sample=zero_boundary_037 soc=0.7991 fc=0
progress step=204450 round=17/40 episode=17/30 sample=zero_boundary_037 soc=0.7989 fc=40
progress step=204500 round=17/40 episode=18/30 sample=zero_boundary_038 soc=0.5755 fc=0
progress step=204550 round=17/40 episode=18/30 sample=zero_boundary_038 soc=0.4386 fc=0
progress step=204600 round=17/40 episode=18/30 sample=zero_boundary_038 soc=0.3554 fc=50
progress step=204650 round=17/40 episode=19/30 sample=zero_boundary_040 soc=0.6132 fc=500
progress step=204700 round=17/40 episode=19/30 sample=zero_boundary_040 soc=0.5248 fc=180
progress step=204750 round=17/40 episode=19/30 sample=zero_boundary_040 soc=0.3109 fc=0
progress step=204800 round=17/40 episode=19/30 sample=zero_boundary_040 soc=0.2002 fc=600
progress step=204850 round=17/40 episode=19/30 sample=zero_boundary_040 soc=0.2019 fc=270
progress step=204900 round=17/40 episode=20/30 sample=zero_boundary_041 soc=0.6026 fc=90
progress step=204950 round=17/40 episode=20/30 sample=zero_boundary_041 soc=0.4441 fc=0
progress step=205000 round=17/40 episode=21/30 sample=zero_boundary_042 soc=0.6000 fc=20
progress step=205050 round=17/40 episode=21/30 sample=zero_boundary_042 soc=0.5963 fc=180
progress step=205100 round=17/40 episode=21/30 sample=zero_boundary_042 soc=0.3587 fc=0
progress step=205150 round=17/40 episode=22/30 sample=zero_boundary_044 soc=0.5987 fc=0
progress step=205200 round=17/40 episode=22/30 sample=zero_boundary_044 soc=0.4560 fc=100
progress step=205250 round=17/40 episode=23/30 sample=zero_boundary_045 soc=0.6149 fc=160
progress step=205300 round=17/40 episode=23/30 sample=zero_boundary_045 soc=0.5799 fc=320
progress step=205350 round=17/40 episode=23/30 sample=zero_boundary_045 soc=0.4298 fc=50
progress step=205400 round=17/40 episode=23/30 sample=zero_boundary_045 soc=0.2271 fc=410
progress step=205450 round=17/40 episode=24/30 sample=zero_boundary_046 soc=0.5140 fc=30
progress step=205500 round=17/40 episode=24/30 sample=zero_boundary_046 soc=0.2633 fc=0
progress step=205550 round=17/40 episode=25/30 sample=zero_boundary_048 soc=0.6160 fc=0
progress step=205600 round=17/40 episode=25/30 sample=zero_boundary_048 soc=0.3270 fc=0
progress step=205650 round=17/40 episode=25/30 sample=zero_boundary_048 soc=0.2004 fc=560
progress step=205700 round=17/40 episode=25/30 sample=zero_boundary_048 soc=0.2360 fc=530
progress step=205750 round=17/40 episode=25/30 sample=zero_boundary_048 soc=0.2029 fc=560
progress step=205800 round=17/40 episode=26/30 sample=zero_boundary_049 soc=0.6257 fc=0
progress step=205850 round=17/40 episode=26/30 sample=zero_boundary_049 soc=0.5308 fc=0
progress step=205900 round=17/40 episode=26/30 sample=zero_boundary_049 soc=0.3819 fc=390
progress step=205950 round=17/40 episode=26/30 sample=zero_boundary_049 soc=0.3279 fc=530
progress step=206000 round=17/40 episode=26/30 sample=zero_boundary_049 soc=0.3446 fc=0
progress step=206050 round=17/40 episode=27/30 sample=zero_boundary_050 soc=0.6433 fc=60
progress step=206100 round=17/40 episode=27/30 sample=zero_boundary_050 soc=0.4055 fc=0
progress step=206150 round=17/40 episode=27/30 sample=zero_boundary_050 soc=0.2005 fc=570
progress step=206200 round=17/40 episode=28/30 sample=zero_boundary_051 soc=0.5950 fc=360
progress step=206250 round=17/40 episode=28/30 sample=zero_boundary_051 soc=0.5160 fc=560
progress step=206300 round=17/40 episode=28/30 sample=zero_boundary_051 soc=0.4469 fc=180
progress step=206350 round=17/40 episode=29/30 sample=zero_boundary_052 soc=0.6485 fc=210
progress step=206400 round=17/40 episode=29/30 sample=zero_boundary_052 soc=0.4605 fc=0
progress step=206450 round=17/40 episode=30/30 sample=zero_boundary_053 soc=0.6254 fc=0
progress step=206500 round=17/40 episode=30/30 sample=zero_boundary_053 soc=0.5740 fc=0
progress step=206550 round=17/40 episode=30/30 sample=zero_boundary_053 soc=0.3384 fc=140
progress step=206600 round=17/40 episode=30/30 sample=zero_boundary_053 soc=0.2845 fc=420
progress step=206650 round=17/40 episode=30/30 sample=zero_boundary_053 soc=0.2009 fc=220
round 17/40 exploratory=15/30 greedy_train start
MONITOR round=17 exploratory=15/30 greedy_train=10/30 validation=SKIPPED cost=None updates=5504 best_round=7
round 18/40 start epsilon=0.5859
progress step=206700 round=18/40 episode=1/30 sample=zero_boundary_002 soc=0.6137 fc=0
progress step=206750 round=18/40 episode=1/30 sample=zero_boundary_002 soc=0.6325 fc=370
progress step=206800 round=18/40 episode=1/30 sample=zero_boundary_002 soc=0.2143 fc=230
progress step=206850 round=18/40 episode=2/30 sample=zero_boundary_005 soc=0.6033 fc=450
progress step=206900 round=18/40 episode=2/30 sample=zero_boundary_005 soc=0.3817 fc=440
progress step=206950 round=18/40 episode=2/30 sample=zero_boundary_005 soc=0.3258 fc=0
progress step=207000 round=18/40 episode=2/30 sample=zero_boundary_005 soc=0.2025 fc=580
progress step=207050 round=18/40 episode=2/30 sample=zero_boundary_005 soc=0.2154 fc=120
progress step=207100 round=18/40 episode=3/30 sample=zero_boundary_006 soc=0.6000 fc=0
progress step=207150 round=18/40 episode=3/30 sample=zero_boundary_006 soc=0.6425 fc=530
progress step=207200 round=18/40 episode=3/30 sample=zero_boundary_006 soc=0.6885 fc=390
progress step=207250 round=18/40 episode=3/30 sample=zero_boundary_006 soc=0.7321 fc=0
progress step=207300 round=18/40 episode=3/30 sample=zero_boundary_006 soc=0.7473 fc=30
progress step=207350 round=18/40 episode=3/30 sample=zero_boundary_006 soc=0.7611 fc=0
progress step=207400 round=18/40 episode=3/30 sample=zero_boundary_006 soc=0.7603 fc=60
progress step=207450 round=18/40 episode=3/30 sample=zero_boundary_006 soc=0.7834 fc=300
progress step=207500 round=18/40 episode=4/30 sample=zero_boundary_007 soc=0.5000 fc=390
progress step=207550 round=18/40 episode=4/30 sample=zero_boundary_007 soc=0.3471 fc=30
progress step=207600 round=18/40 episode=4/30 sample=zero_boundary_007 soc=0.2967 fc=200
progress step=207650 round=18/40 episode=4/30 sample=zero_boundary_007 soc=0.2415 fc=500
progress step=207700 round=18/40 episode=4/30 sample=zero_boundary_007 soc=0.2002 fc=340
progress step=207750 round=18/40 episode=5/30 sample=zero_boundary_008 soc=0.6365 fc=30
progress step=207800 round=18/40 episode=5/30 sample=zero_boundary_008 soc=0.2679 fc=30
progress step=207850 round=18/40 episode=6/30 sample=zero_boundary_011 soc=0.7372 fc=480
progress step=207900 round=18/40 episode=6/30 sample=zero_boundary_011 soc=0.6746 fc=450
progress step=207950 round=18/40 episode=6/30 sample=zero_boundary_011 soc=0.4687 fc=30
progress step=208000 round=18/40 episode=6/30 sample=zero_boundary_011 soc=0.2554 fc=30
progress step=208050 round=18/40 episode=7/30 sample=zero_boundary_013 soc=0.6649 fc=70
progress step=208100 round=18/40 episode=7/30 sample=zero_boundary_013 soc=0.6903 fc=30
progress step=208150 round=18/40 episode=7/30 sample=zero_boundary_013 soc=0.5869 fc=70
progress step=208200 round=18/40 episode=7/30 sample=zero_boundary_013 soc=0.4244 fc=220
progress step=208250 round=18/40 episode=7/30 sample=zero_boundary_013 soc=0.4359 fc=430
progress step=208300 round=18/40 episode=7/30 sample=zero_boundary_013 soc=0.3780 fc=30
progress step=208350 round=18/40 episode=7/30 sample=zero_boundary_013 soc=0.3615 fc=340
progress step=208400 round=18/40 episode=8/30 sample=zero_boundary_015 soc=0.6145 fc=220
progress step=208450 round=18/40 episode=8/30 sample=zero_boundary_015 soc=0.4826 fc=0
progress step=208500 round=18/40 episode=9/30 sample=zero_boundary_016 soc=0.6083 fc=130
progress step=208550 round=18/40 episode=9/30 sample=zero_boundary_016 soc=0.6874 fc=0
progress step=208600 round=18/40 episode=9/30 sample=zero_boundary_016 soc=0.4947 fc=0
progress step=208650 round=18/40 episode=9/30 sample=zero_boundary_016 soc=0.2515 fc=560
progress step=208700 round=18/40 episode=10/30 sample=zero_boundary_017 soc=0.4810 fc=0
progress step=208750 round=18/40 episode=11/30 sample=zero_boundary_020 soc=0.6150 fc=190
progress step=208800 round=18/40 episode=11/30 sample=zero_boundary_020 soc=0.5603 fc=0
progress step=208850 round=18/40 episode=11/30 sample=zero_boundary_020 soc=0.5540 fc=220
progress step=208900 round=18/40 episode=12/30 sample=zero_boundary_021 soc=0.6648 fc=0
progress step=208950 round=18/40 episode=12/30 sample=zero_boundary_021 soc=0.5886 fc=0
progress step=209000 round=18/40 episode=12/30 sample=zero_boundary_021 soc=0.3527 fc=30
progress step=209050 round=18/40 episode=12/30 sample=zero_boundary_021 soc=0.2025 fc=300
progress step=209100 round=18/40 episode=13/30 sample=zero_boundary_022 soc=0.6170 fc=0
progress step=209150 round=18/40 episode=13/30 sample=zero_boundary_022 soc=0.5339 fc=370
progress step=209200 round=18/40 episode=13/30 sample=zero_boundary_022 soc=0.4482 fc=140
progress step=209250 round=18/40 episode=13/30 sample=zero_boundary_022 soc=0.4509 fc=0
progress step=209300 round=18/40 episode=14/30 sample=zero_boundary_029 soc=0.6382 fc=130
progress step=209350 round=18/40 episode=14/30 sample=zero_boundary_029 soc=0.5710 fc=380
progress step=209400 round=18/40 episode=14/30 sample=zero_boundary_029 soc=0.4625 fc=0
progress step=209450 round=18/40 episode=14/30 sample=zero_boundary_029 soc=0.3580 fc=0
progress step=209500 round=18/40 episode=14/30 sample=zero_boundary_029 soc=0.3810 fc=340
progress step=209550 round=18/40 episode=14/30 sample=zero_boundary_029 soc=0.3395 fc=300
progress step=209600 round=18/40 episode=14/30 sample=zero_boundary_029 soc=0.2988 fc=410
progress step=209650 round=18/40 episode=14/30 sample=zero_boundary_029 soc=0.4087 fc=60
progress step=209700 round=18/40 episode=14/30 sample=zero_boundary_029 soc=0.5054 fc=150
progress step=209750 round=18/40 episode=14/30 sample=zero_boundary_029 soc=0.6217 fc=0
progress step=209800 round=18/40 episode=14/30 sample=zero_boundary_029 soc=0.7042 fc=540
progress step=209850 round=18/40 episode=14/30 sample=zero_boundary_029 soc=0.7982 fc=60
progress step=209900 round=18/40 episode=14/30 sample=zero_boundary_029 soc=0.8000 fc=0
progress step=209950 round=18/40 episode=14/30 sample=zero_boundary_029 soc=0.8000 fc=0
progress step=210000 round=18/40 episode=14/30 sample=zero_boundary_029 soc=0.8000 fc=0
progress step=210050 round=18/40 episode=14/30 sample=zero_boundary_029 soc=0.8000 fc=0
progress step=210100 round=18/40 episode=14/30 sample=zero_boundary_029 soc=0.8000 fc=0
progress step=210150 round=18/40 episode=14/30 sample=zero_boundary_029 soc=0.7999 fc=0
progress step=210200 round=18/40 episode=14/30 sample=zero_boundary_029 soc=0.7406 fc=0
progress step=210250 round=18/40 episode=14/30 sample=zero_boundary_029 soc=0.6961 fc=470
progress step=210300 round=18/40 episode=14/30 sample=zero_boundary_029 soc=0.6125 fc=30
progress step=210350 round=18/40 episode=15/30 sample=zero_boundary_033 soc=0.6344 fc=420
progress step=210400 round=18/40 episode=15/30 sample=zero_boundary_033 soc=0.6631 fc=520
progress step=210450 round=18/40 episode=15/30 sample=zero_boundary_033 soc=0.5712 fc=220
progress step=210500 round=18/40 episode=15/30 sample=zero_boundary_033 soc=0.5045 fc=90
progress step=210550 round=18/40 episode=15/30 sample=zero_boundary_033 soc=0.3374 fc=0
progress step=210600 round=18/40 episode=15/30 sample=zero_boundary_033 soc=0.2841 fc=80
progress step=210650 round=18/40 episode=15/30 sample=zero_boundary_033 soc=0.2023 fc=600
progress step=210700 round=18/40 episode=15/30 sample=zero_boundary_033 soc=0.3046 fc=0
progress step=210750 round=18/40 episode=15/30 sample=zero_boundary_033 soc=0.4510 fc=0
progress step=210800 round=18/40 episode=15/30 sample=zero_boundary_033 soc=0.5525 fc=0
progress step=210850 round=18/40 episode=15/30 sample=zero_boundary_033 soc=0.6857 fc=0
progress step=210900 round=18/40 episode=15/30 sample=zero_boundary_033 soc=0.8000 fc=0
progress step=210950 round=18/40 episode=15/30 sample=zero_boundary_033 soc=0.8000 fc=0
progress step=211000 round=18/40 episode=15/30 sample=zero_boundary_033 soc=0.7999 fc=0
progress step=211050 round=18/40 episode=15/30 sample=zero_boundary_033 soc=0.7999 fc=0
progress step=211100 round=18/40 episode=15/30 sample=zero_boundary_033 soc=0.7998 fc=20
progress step=211150 round=18/40 episode=15/30 sample=zero_boundary_033 soc=0.7995 fc=0
progress step=211200 round=18/40 episode=15/30 sample=zero_boundary_033 soc=0.7993 fc=20
progress step=211250 round=18/40 episode=15/30 sample=zero_boundary_033 soc=0.7995 fc=0
progress step=211300 round=18/40 episode=15/30 sample=zero_boundary_033 soc=0.7998 fc=0
progress step=211350 round=18/40 episode=16/30 sample=zero_boundary_034 soc=0.6834 fc=0
progress step=211400 round=18/40 episode=16/30 sample=zero_boundary_034 soc=0.7954 fc=30
progress step=211450 round=18/40 episode=16/30 sample=zero_boundary_034 soc=0.8000 fc=0
progress step=211500 round=18/40 episode=16/30 sample=zero_boundary_034 soc=0.8000 fc=0
progress step=211550 round=18/40 episode=16/30 sample=zero_boundary_034 soc=0.8000 fc=0
progress step=211600 round=18/40 episode=16/30 sample=zero_boundary_034 soc=0.8000 fc=0
progress step=211650 round=18/40 episode=16/30 sample=zero_boundary_034 soc=0.8000 fc=0
progress step=211700 round=18/40 episode=16/30 sample=zero_boundary_034 soc=0.8000 fc=0
progress step=211750 round=18/40 episode=16/30 sample=zero_boundary_034 soc=0.8000 fc=0
progress step=211800 round=18/40 episode=16/30 sample=zero_boundary_034 soc=0.8000 fc=0
progress step=211850 round=18/40 episode=16/30 sample=zero_boundary_034 soc=0.8000 fc=0
progress step=211900 round=18/40 episode=16/30 sample=zero_boundary_034 soc=0.8000 fc=0
progress step=211950 round=18/40 episode=16/30 sample=zero_boundary_034 soc=0.8000 fc=0
progress step=212000 round=18/40 episode=16/30 sample=zero_boundary_034 soc=0.8000 fc=0
progress step=212050 round=18/40 episode=16/30 sample=zero_boundary_034 soc=0.8000 fc=0
progress step=212100 round=18/40 episode=16/30 sample=zero_boundary_034 soc=0.8000 fc=0
progress step=212150 round=18/40 episode=16/30 sample=zero_boundary_034 soc=0.8000 fc=0
progress step=212200 round=18/40 episode=16/30 sample=zero_boundary_034 soc=0.7972 fc=40
progress step=212250 round=18/40 episode=16/30 sample=zero_boundary_034 soc=0.7989 fc=30
progress step=212300 round=18/40 episode=16/30 sample=zero_boundary_034 soc=0.7842 fc=120
progress step=212350 round=18/40 episode=16/30 sample=zero_boundary_034 soc=0.7971 fc=180
progress step=212400 round=18/40 episode=16/30 sample=zero_boundary_034 soc=0.7583 fc=0
progress step=212450 round=18/40 episode=16/30 sample=zero_boundary_034 soc=0.7990 fc=20
progress step=212500 round=18/40 episode=16/30 sample=zero_boundary_034 soc=0.7999 fc=0
progress step=212550 round=18/40 episode=16/30 sample=zero_boundary_034 soc=0.7999 fc=0
progress step=212600 round=18/40 episode=16/30 sample=zero_boundary_034 soc=0.7999 fc=0
progress step=212650 round=18/40 episode=16/30 sample=zero_boundary_034 soc=0.7999 fc=0
progress step=212700 round=18/40 episode=16/30 sample=zero_boundary_034 soc=0.7999 fc=0
progress step=212750 round=18/40 episode=16/30 sample=zero_boundary_034 soc=0.7999 fc=0
progress step=212800 round=18/40 episode=16/30 sample=zero_boundary_034 soc=0.7999 fc=0
progress step=212850 round=18/40 episode=16/30 sample=zero_boundary_034 soc=0.7999 fc=0
progress step=212900 round=18/40 episode=16/30 sample=zero_boundary_034 soc=0.7999 fc=0
progress step=212950 round=18/40 episode=17/30 sample=zero_boundary_037 soc=0.6071 fc=10
progress step=213000 round=18/40 episode=17/30 sample=zero_boundary_037 soc=0.5977 fc=100
progress step=213050 round=18/40 episode=17/30 sample=zero_boundary_037 soc=0.5264 fc=30
progress step=213100 round=18/40 episode=17/30 sample=zero_boundary_037 soc=0.4789 fc=0
progress step=213150 round=18/40 episode=17/30 sample=zero_boundary_037 soc=0.4548 fc=150
progress step=213200 round=18/40 episode=17/30 sample=zero_boundary_037 soc=0.3505 fc=0
progress step=213250 round=18/40 episode=17/30 sample=zero_boundary_037 soc=0.2006 fc=580
progress step=213300 round=18/40 episode=17/30 sample=zero_boundary_037 soc=0.2050 fc=0
progress step=213350 round=18/40 episode=17/30 sample=zero_boundary_037 soc=0.2842 fc=0
progress step=213400 round=18/40 episode=17/30 sample=zero_boundary_037 soc=0.3659 fc=190
progress step=213450 round=18/40 episode=17/30 sample=zero_boundary_037 soc=0.4129 fc=580
progress step=213500 round=18/40 episode=17/30 sample=zero_boundary_037 soc=0.4946 fc=540
progress step=213550 round=18/40 episode=17/30 sample=zero_boundary_037 soc=0.5769 fc=70
progress step=213600 round=18/40 episode=17/30 sample=zero_boundary_037 soc=0.6432 fc=20
progress step=213650 round=18/40 episode=17/30 sample=zero_boundary_037 soc=0.7317 fc=140
progress step=213700 round=18/40 episode=17/30 sample=zero_boundary_037 soc=0.7983 fc=50
progress step=213750 round=18/40 episode=17/30 sample=zero_boundary_037 soc=0.7991 fc=30
progress step=213800 round=18/40 episode=17/30 sample=zero_boundary_037 soc=0.7967 fc=230
progress step=213850 round=18/40 episode=17/30 sample=zero_boundary_037 soc=0.7975 fc=0
progress step=213900 round=18/40 episode=17/30 sample=zero_boundary_037 soc=0.7980 fc=0
progress step=213950 round=18/40 episode=17/30 sample=zero_boundary_037 soc=0.7999 fc=0
progress step=214000 round=18/40 episode=17/30 sample=zero_boundary_037 soc=0.7999 fc=0
progress step=214050 round=18/40 episode=17/30 sample=zero_boundary_037 soc=0.7999 fc=0
progress step=214100 round=18/40 episode=17/30 sample=zero_boundary_037 soc=0.7994 fc=0
progress step=214150 round=18/40 episode=17/30 sample=zero_boundary_037 soc=0.7989 fc=0
progress step=214200 round=18/40 episode=17/30 sample=zero_boundary_037 soc=0.7980 fc=170
progress step=214250 round=18/40 episode=17/30 sample=zero_boundary_037 soc=0.7977 fc=150
progress step=214300 round=18/40 episode=17/30 sample=zero_boundary_037 soc=0.7992 fc=10
progress step=214350 round=18/40 episode=17/30 sample=zero_boundary_037 soc=0.7970 fc=0
progress step=214400 round=18/40 episode=17/30 sample=zero_boundary_037 soc=0.7976 fc=0
progress step=214450 round=18/40 episode=17/30 sample=zero_boundary_037 soc=0.7992 fc=70
progress step=214500 round=18/40 episode=17/30 sample=zero_boundary_037 soc=0.7967 fc=270
progress step=214550 round=18/40 episode=17/30 sample=zero_boundary_037 soc=0.7993 fc=0
progress step=214600 round=18/40 episode=17/30 sample=zero_boundary_037 soc=0.7983 fc=0
progress step=214650 round=18/40 episode=17/30 sample=zero_boundary_037 soc=0.7995 fc=0
progress step=214700 round=18/40 episode=17/30 sample=zero_boundary_037 soc=0.7989 fc=0
progress step=214750 round=18/40 episode=17/30 sample=zero_boundary_037 soc=0.7980 fc=0
progress step=214800 round=18/40 episode=17/30 sample=zero_boundary_037 soc=0.7993 fc=40
progress step=214850 round=18/40 episode=18/30 sample=zero_boundary_038 soc=0.6200 fc=430
progress step=214900 round=18/40 episode=18/30 sample=zero_boundary_038 soc=0.5717 fc=0
progress step=214950 round=18/40 episode=18/30 sample=zero_boundary_038 soc=0.3980 fc=300
progress step=215000 round=18/40 episode=18/30 sample=zero_boundary_038 soc=0.2696 fc=510
progress step=215050 round=18/40 episode=19/30 sample=zero_boundary_040 soc=0.5986 fc=0
progress step=215100 round=18/40 episode=19/30 sample=zero_boundary_040 soc=0.4103 fc=520
progress step=215150 round=18/40 episode=19/30 sample=zero_boundary_040 soc=0.2395 fc=0
progress step=215200 round=18/40 episode=20/30 sample=zero_boundary_041 soc=0.6159 fc=0
progress step=215250 round=18/40 episode=20/30 sample=zero_boundary_041 soc=0.4217 fc=550
progress step=215300 round=18/40 episode=21/30 sample=zero_boundary_042 soc=0.6152 fc=340
progress step=215350 round=18/40 episode=21/30 sample=zero_boundary_042 soc=0.5717 fc=180
progress step=215400 round=18/40 episode=21/30 sample=zero_boundary_042 soc=0.3071 fc=470
progress step=215450 round=18/40 episode=22/30 sample=zero_boundary_044 soc=0.5903 fc=0
progress step=215500 round=18/40 episode=22/30 sample=zero_boundary_044 soc=0.3765 fc=0
progress step=215550 round=18/40 episode=23/30 sample=zero_boundary_045 soc=0.6504 fc=0
progress step=215600 round=18/40 episode=23/30 sample=zero_boundary_045 soc=0.4646 fc=0
progress step=215650 round=18/40 episode=23/30 sample=zero_boundary_045 soc=0.2793 fc=450
progress step=215700 round=18/40 episode=24/30 sample=zero_boundary_046 soc=0.5505 fc=490
progress step=215750 round=18/40 episode=24/30 sample=zero_boundary_046 soc=0.3561 fc=260
progress step=215800 round=18/40 episode=25/30 sample=zero_boundary_048 soc=0.6178 fc=0
progress step=215850 round=18/40 episode=25/30 sample=zero_boundary_048 soc=0.4655 fc=60
progress step=215900 round=18/40 episode=25/30 sample=zero_boundary_048 soc=0.2003 fc=590
progress step=215950 round=18/40 episode=25/30 sample=zero_boundary_048 soc=0.2042 fc=200
progress step=216000 round=18/40 episode=25/30 sample=zero_boundary_048 soc=0.2013 fc=470
progress step=216050 round=18/40 episode=26/30 sample=zero_boundary_049 soc=0.6235 fc=0
progress step=216100 round=18/40 episode=26/30 sample=zero_boundary_049 soc=0.5486 fc=0
progress step=216150 round=18/40 episode=26/30 sample=zero_boundary_049 soc=0.4628 fc=470
progress step=216200 round=18/40 episode=26/30 sample=zero_boundary_049 soc=0.3783 fc=360
progress step=216250 round=18/40 episode=26/30 sample=zero_boundary_049 soc=0.3423 fc=220
progress step=216300 round=18/40 episode=27/30 sample=zero_boundary_050 soc=0.6059 fc=250
progress step=216350 round=18/40 episode=27/30 sample=zero_boundary_050 soc=0.5323 fc=0
progress step=216400 round=18/40 episode=27/30 sample=zero_boundary_050 soc=0.2880 fc=130
progress step=216450 round=18/40 episode=27/30 sample=zero_boundary_050 soc=0.2020 fc=520
progress step=216500 round=18/40 episode=28/30 sample=zero_boundary_051 soc=0.5620 fc=0
progress step=216550 round=18/40 episode=28/30 sample=zero_boundary_051 soc=0.4721 fc=240
progress step=216600 round=18/40 episode=28/30 sample=zero_boundary_051 soc=0.4701 fc=0
progress step=216650 round=18/40 episode=29/30 sample=zero_boundary_052 soc=0.5597 fc=0
progress step=216700 round=18/40 episode=29/30 sample=zero_boundary_052 soc=0.2665 fc=130
progress step=216750 round=18/40 episode=30/30 sample=zero_boundary_053 soc=0.6439 fc=480
progress step=216800 round=18/40 episode=30/30 sample=zero_boundary_053 soc=0.4404 fc=0
progress step=216850 round=18/40 episode=30/30 sample=zero_boundary_053 soc=0.2553 fc=0
progress step=216900 round=18/40 episode=30/30 sample=zero_boundary_053 soc=0.2427 fc=0
progress step=216950 round=18/40 episode=30/30 sample=zero_boundary_053 soc=0.2206 fc=0
round 18/40 exploratory=14/30 greedy_train start
MONITOR round=18 exploratory=14/30 greedy_train=10/30 validation=SKIPPED cost=None updates=5728 best_round=7
round 19/40 start epsilon=0.5615
progress step=217000 round=19/40 episode=1/30 sample=zero_boundary_002 soc=0.6580 fc=140
progress step=217050 round=19/40 episode=1/30 sample=zero_boundary_002 soc=0.3604 fc=80
progress step=217100 round=19/40 episode=2/30 sample=zero_boundary_005 soc=0.6200 fc=200
progress step=217150 round=19/40 episode=2/30 sample=zero_boundary_005 soc=0.4965 fc=120
progress step=217200 round=19/40 episode=2/30 sample=zero_boundary_005 soc=0.3715 fc=250
progress step=217250 round=19/40 episode=2/30 sample=zero_boundary_005 soc=0.2094 fc=290
progress step=217300 round=19/40 episode=2/30 sample=zero_boundary_005 soc=0.2002 fc=580
progress step=217350 round=19/40 episode=2/30 sample=zero_boundary_005 soc=0.2000 fc=370
progress step=217400 round=19/40 episode=3/30 sample=zero_boundary_006 soc=0.6525 fc=310
progress step=217450 round=19/40 episode=3/30 sample=zero_boundary_006 soc=0.6648 fc=0
progress step=217500 round=19/40 episode=3/30 sample=zero_boundary_006 soc=0.6695 fc=0
progress step=217550 round=19/40 episode=3/30 sample=zero_boundary_006 soc=0.6833 fc=0
progress step=217600 round=19/40 episode=3/30 sample=zero_boundary_006 soc=0.7330 fc=0
progress step=217650 round=19/40 episode=3/30 sample=zero_boundary_006 soc=0.7347 fc=0
progress step=217700 round=19/40 episode=3/30 sample=zero_boundary_006 soc=0.7367 fc=0
progress step=217750 round=19/40 episode=4/30 sample=zero_boundary_007 soc=0.6019 fc=30
progress step=217800 round=19/40 episode=4/30 sample=zero_boundary_007 soc=0.3993 fc=30
progress step=217850 round=19/40 episode=4/30 sample=zero_boundary_007 soc=0.3283 fc=180
progress step=217900 round=19/40 episode=4/30 sample=zero_boundary_007 soc=0.3151 fc=30
progress step=217950 round=19/40 episode=4/30 sample=zero_boundary_007 soc=0.2030 fc=530
progress step=218000 round=19/40 episode=4/30 sample=zero_boundary_007 soc=0.2492 fc=30
progress step=218050 round=19/40 episode=5/30 sample=zero_boundary_008 soc=0.4454 fc=0
progress step=218100 round=19/40 episode=6/30 sample=zero_boundary_011 soc=0.6495 fc=390
progress step=218150 round=19/40 episode=6/30 sample=zero_boundary_011 soc=0.7102 fc=180
progress step=218200 round=19/40 episode=6/30 sample=zero_boundary_011 soc=0.4842 fc=30
progress step=218250 round=19/40 episode=6/30 sample=zero_boundary_011 soc=0.2647 fc=440
progress step=218300 round=19/40 episode=7/30 sample=zero_boundary_013 soc=0.6166 fc=30
progress step=218350 round=19/40 episode=7/30 sample=zero_boundary_013 soc=0.6443 fc=30
progress step=218400 round=19/40 episode=7/30 sample=zero_boundary_013 soc=0.5844 fc=30
progress step=218450 round=19/40 episode=7/30 sample=zero_boundary_013 soc=0.4464 fc=30
progress step=218500 round=19/40 episode=7/30 sample=zero_boundary_013 soc=0.3847 fc=30
progress step=218550 round=19/40 episode=7/30 sample=zero_boundary_013 soc=0.3478 fc=20
progress step=218600 round=19/40 episode=7/30 sample=zero_boundary_013 soc=0.2839 fc=30
progress step=218650 round=19/40 episode=8/30 sample=zero_boundary_015 soc=0.6060 fc=0
progress step=218700 round=19/40 episode=8/30 sample=zero_boundary_015 soc=0.4691 fc=540
progress step=218750 round=19/40 episode=8/30 sample=zero_boundary_015 soc=0.2253 fc=0
progress step=218800 round=19/40 episode=9/30 sample=zero_boundary_016 soc=0.6703 fc=0
progress step=218850 round=19/40 episode=9/30 sample=zero_boundary_016 soc=0.5100 fc=500
progress step=218900 round=19/40 episode=10/30 sample=zero_boundary_017 soc=0.6000 fc=220
progress step=218950 round=19/40 episode=10/30 sample=zero_boundary_017 soc=0.4230 fc=130
progress step=219000 round=19/40 episode=11/30 sample=zero_boundary_020 soc=0.6131 fc=0
progress step=219050 round=19/40 episode=11/30 sample=zero_boundary_020 soc=0.5236 fc=70
progress step=219100 round=19/40 episode=12/30 sample=zero_boundary_021 soc=0.6020 fc=20
progress step=219150 round=19/40 episode=12/30 sample=zero_boundary_021 soc=0.6495 fc=0
progress step=219200 round=19/40 episode=12/30 sample=zero_boundary_021 soc=0.5342 fc=0
progress step=219250 round=19/40 episode=12/30 sample=zero_boundary_021 soc=0.3452 fc=30
progress step=219300 round=19/40 episode=12/30 sample=zero_boundary_021 soc=0.2010 fc=210
progress step=219350 round=19/40 episode=13/30 sample=zero_boundary_022 soc=0.6356 fc=0
progress step=219400 round=19/40 episode=13/30 sample=zero_boundary_022 soc=0.4736 fc=270
progress step=219450 round=19/40 episode=13/30 sample=zero_boundary_022 soc=0.4237 fc=560
progress step=219500 round=19/40 episode=13/30 sample=zero_boundary_022 soc=0.4273 fc=80
progress step=219550 round=19/40 episode=14/30 sample=zero_boundary_029 soc=0.6302 fc=240
progress step=219600 round=19/40 episode=14/30 sample=zero_boundary_029 soc=0.5444 fc=0
progress step=219650 round=19/40 episode=14/30 sample=zero_boundary_029 soc=0.4422 fc=80
progress step=219700 round=19/40 episode=14/30 sample=zero_boundary_029 soc=0.3174 fc=20
progress step=219750 round=19/40 episode=14/30 sample=zero_boundary_029 soc=0.3514 fc=0
progress step=219800 round=19/40 episode=14/30 sample=zero_boundary_029 soc=0.3189 fc=0
progress step=219850 round=19/40 episode=14/30 sample=zero_boundary_029 soc=0.3193 fc=230
progress step=219900 round=19/40 episode=14/30 sample=zero_boundary_029 soc=0.4406 fc=370
progress step=219950 round=19/40 episode=14/30 sample=zero_boundary_029 soc=0.5367 fc=0
progress step=220000 round=19/40 episode=14/30 sample=zero_boundary_029 soc=0.6464 fc=590
progress step=220050 round=19/40 episode=14/30 sample=zero_boundary_029 soc=0.7450 fc=600
progress step=220100 round=19/40 episode=14/30 sample=zero_boundary_029 soc=0.7999 fc=0
progress step=220150 round=19/40 episode=14/30 sample=zero_boundary_029 soc=0.7999 fc=0
progress step=220200 round=19/40 episode=14/30 sample=zero_boundary_029 soc=0.7999 fc=0
progress step=220250 round=19/40 episode=14/30 sample=zero_boundary_029 soc=0.7999 fc=0
progress step=220300 round=19/40 episode=14/30 sample=zero_boundary_029 soc=0.7999 fc=0
progress step=220350 round=19/40 episode=14/30 sample=zero_boundary_029 soc=0.7999 fc=0
progress step=220400 round=19/40 episode=14/30 sample=zero_boundary_029 soc=0.7998 fc=70
progress step=220450 round=19/40 episode=14/30 sample=zero_boundary_029 soc=0.7268 fc=0
progress step=220500 round=19/40 episode=14/30 sample=zero_boundary_029 soc=0.6723 fc=0
progress step=220550 round=19/40 episode=14/30 sample=zero_boundary_029 soc=0.5639 fc=0
progress step=220600 round=19/40 episode=15/30 sample=zero_boundary_033 soc=0.6512 fc=0
progress step=220650 round=19/40 episode=15/30 sample=zero_boundary_033 soc=0.5832 fc=0
progress step=220700 round=19/40 episode=15/30 sample=zero_boundary_033 soc=0.3878 fc=0
progress step=220750 round=19/40 episode=15/30 sample=zero_boundary_033 soc=0.3245 fc=510
progress step=220800 round=19/40 episode=15/30 sample=zero_boundary_033 soc=0.2976 fc=90
progress step=220850 round=19/40 episode=15/30 sample=zero_boundary_033 soc=0.2014 fc=410
progress step=220900 round=19/40 episode=15/30 sample=zero_boundary_033 soc=0.2139 fc=0
progress step=220950 round=19/40 episode=15/30 sample=zero_boundary_033 soc=0.3426 fc=260
progress step=221000 round=19/40 episode=15/30 sample=zero_boundary_033 soc=0.4738 fc=0
progress step=221050 round=19/40 episode=15/30 sample=zero_boundary_033 soc=0.5735 fc=160
progress step=221100 round=19/40 episode=15/30 sample=zero_boundary_033 soc=0.6855 fc=0
progress step=221150 round=19/40 episode=15/30 sample=zero_boundary_033 soc=0.7803 fc=280
progress step=221200 round=19/40 episode=15/30 sample=zero_boundary_033 soc=0.7999 fc=0
progress step=221250 round=19/40 episode=15/30 sample=zero_boundary_033 soc=0.7999 fc=0
progress step=221300 round=19/40 episode=15/30 sample=zero_boundary_033 soc=0.7999 fc=0
progress step=221350 round=19/40 episode=15/30 sample=zero_boundary_033 soc=0.7987 fc=80
progress step=221400 round=19/40 episode=15/30 sample=zero_boundary_033 soc=0.7969 fc=0
progress step=221450 round=19/40 episode=15/30 sample=zero_boundary_033 soc=0.7971 fc=0
progress step=221500 round=19/40 episode=15/30 sample=zero_boundary_033 soc=0.7996 fc=0
progress step=221550 round=19/40 episode=16/30 sample=zero_boundary_034 soc=0.6040 fc=0
progress step=221600 round=19/40 episode=16/30 sample=zero_boundary_034 soc=0.7167 fc=0
progress step=221650 round=19/40 episode=16/30 sample=zero_boundary_034 soc=0.7994 fc=20
progress step=221700 round=19/40 episode=16/30 sample=zero_boundary_034 soc=0.7999 fc=0
progress step=221750 round=19/40 episode=16/30 sample=zero_boundary_034 soc=0.7999 fc=0
progress step=221800 round=19/40 episode=16/30 sample=zero_boundary_034 soc=0.7999 fc=0
progress step=221850 round=19/40 episode=16/30 sample=zero_boundary_034 soc=0.7999 fc=0
progress step=221900 round=19/40 episode=16/30 sample=zero_boundary_034 soc=0.7999 fc=0
progress step=221950 round=19/40 episode=16/30 sample=zero_boundary_034 soc=0.7999 fc=0
progress step=222000 round=19/40 episode=16/30 sample=zero_boundary_034 soc=0.7999 fc=0
progress step=222050 round=19/40 episode=16/30 sample=zero_boundary_034 soc=0.7999 fc=0
progress step=222100 round=19/40 episode=16/30 sample=zero_boundary_034 soc=0.7999 fc=0
progress step=222150 round=19/40 episode=16/30 sample=zero_boundary_034 soc=0.7999 fc=0
progress step=222200 round=19/40 episode=16/30 sample=zero_boundary_034 soc=0.7999 fc=0
progress step=222250 round=19/40 episode=16/30 sample=zero_boundary_034 soc=0.7999 fc=0
progress step=222300 round=19/40 episode=16/30 sample=zero_boundary_034 soc=0.7999 fc=0
progress step=222350 round=19/40 episode=16/30 sample=zero_boundary_034 soc=0.7999 fc=0
progress step=222400 round=19/40 episode=16/30 sample=zero_boundary_034 soc=0.7999 fc=0
progress step=222450 round=19/40 episode=16/30 sample=zero_boundary_034 soc=0.7998 fc=10
progress step=222500 round=19/40 episode=16/30 sample=zero_boundary_034 soc=0.7984 fc=150
progress step=222550 round=19/40 episode=16/30 sample=zero_boundary_034 soc=0.7820 fc=420
progress step=222600 round=19/40 episode=16/30 sample=zero_boundary_034 soc=0.7452 fc=110
progress step=222650 round=19/40 episode=16/30 sample=zero_boundary_034 soc=0.6619 fc=0
progress step=222700 round=19/40 episode=16/30 sample=zero_boundary_034 soc=0.7295 fc=100
progress step=222750 round=19/40 episode=16/30 sample=zero_boundary_034 soc=0.7999 fc=0
progress step=222800 round=19/40 episode=16/30 sample=zero_boundary_034 soc=0.7999 fc=0
progress step=222850 round=19/40 episode=16/30 sample=zero_boundary_034 soc=0.7999 fc=0
progress step=222900 round=19/40 episode=16/30 sample=zero_boundary_034 soc=0.7999 fc=0
progress step=222950 round=19/40 episode=16/30 sample=zero_boundary_034 soc=0.7999 fc=0
progress step=223000 round=19/40 episode=16/30 sample=zero_boundary_034 soc=0.7999 fc=0
progress step=223050 round=19/40 episode=16/30 sample=zero_boundary_034 soc=0.7999 fc=0
progress step=223100 round=19/40 episode=16/30 sample=zero_boundary_034 soc=0.7999 fc=0
progress step=223150 round=19/40 episode=16/30 sample=zero_boundary_034 soc=0.7999 fc=0
progress step=223200 round=19/40 episode=17/30 sample=zero_boundary_037 soc=0.6222 fc=20
progress step=223250 round=19/40 episode=17/30 sample=zero_boundary_037 soc=0.5980 fc=160
progress step=223300 round=19/40 episode=17/30 sample=zero_boundary_037 soc=0.5579 fc=290
progress step=223350 round=19/40 episode=17/30 sample=zero_boundary_037 soc=0.5112 fc=510
progress step=223400 round=19/40 episode=17/30 sample=zero_boundary_037 soc=0.4860 fc=0
progress step=223450 round=19/40 episode=17/30 sample=zero_boundary_037 soc=0.3843 fc=0
progress step=223500 round=19/40 episode=17/30 sample=zero_boundary_037 soc=0.2009 fc=510
progress step=223550 round=19/40 episode=17/30 sample=zero_boundary_037 soc=0.2294 fc=0
progress step=223600 round=19/40 episode=17/30 sample=zero_boundary_037 soc=0.2850 fc=0
progress step=223650 round=19/40 episode=17/30 sample=zero_boundary_037 soc=0.3109 fc=400
progress step=223700 round=19/40 episode=17/30 sample=zero_boundary_037 soc=0.3643 fc=0
progress step=223750 round=19/40 episode=17/30 sample=zero_boundary_037 soc=0.4403 fc=210
progress step=223800 round=19/40 episode=17/30 sample=zero_boundary_037 soc=0.5303 fc=530
progress step=223850 round=19/40 episode=17/30 sample=zero_boundary_037 soc=0.5587 fc=0
progress step=223900 round=19/40 episode=17/30 sample=zero_boundary_037 soc=0.6197 fc=0
progress step=223950 round=19/40 episode=17/30 sample=zero_boundary_037 soc=0.7104 fc=0
progress step=224000 round=19/40 episode=17/30 sample=zero_boundary_037 soc=0.7965 fc=250
progress step=224050 round=19/40 episode=17/30 sample=zero_boundary_037 soc=0.7965 fc=150
progress step=224100 round=19/40 episode=17/30 sample=zero_boundary_037 soc=0.7941 fc=530
progress step=224150 round=19/40 episode=17/30 sample=zero_boundary_037 soc=0.7991 fc=0
progress step=224200 round=19/40 episode=17/30 sample=zero_boundary_037 soc=0.7999 fc=0
progress step=224250 round=19/40 episode=17/30 sample=zero_boundary_037 soc=0.7999 fc=0
progress step=224300 round=19/40 episode=17/30 sample=zero_boundary_037 soc=0.7999 fc=0
progress step=224350 round=19/40 episode=17/30 sample=zero_boundary_037 soc=0.7983 fc=100
progress step=224400 round=19/40 episode=17/30 sample=zero_boundary_037 soc=0.7975 fc=90
progress step=224450 round=19/40 episode=17/30 sample=zero_boundary_037 soc=0.7990 fc=70
progress step=224500 round=19/40 episode=17/30 sample=zero_boundary_037 soc=0.7985 fc=140
progress step=224550 round=19/40 episode=17/30 sample=zero_boundary_037 soc=0.7992 fc=0
progress step=224600 round=19/40 episode=17/30 sample=zero_boundary_037 soc=0.7994 fc=0
progress step=224650 round=19/40 episode=17/30 sample=zero_boundary_037 soc=0.7993 fc=50
progress step=224700 round=19/40 episode=17/30 sample=zero_boundary_037 soc=0.7984 fc=0
progress step=224750 round=19/40 episode=17/30 sample=zero_boundary_037 soc=0.7997 fc=0
progress step=224800 round=19/40 episode=17/30 sample=zero_boundary_037 soc=0.7980 fc=160
progress step=224850 round=19/40 episode=17/30 sample=zero_boundary_037 soc=0.7997 fc=20
progress step=224900 round=19/40 episode=17/30 sample=zero_boundary_037 soc=0.7981 fc=0
progress step=224950 round=19/40 episode=17/30 sample=zero_boundary_037 soc=0.7978 fc=0
progress step=225000 round=19/40 episode=17/30 sample=zero_boundary_037 soc=0.7999 fc=0
progress step=225050 round=19/40 episode=17/30 sample=zero_boundary_037 soc=0.8000 fc=0
progress step=225100 round=19/40 episode=18/30 sample=zero_boundary_038 soc=0.6190 fc=0
progress step=225150 round=19/40 episode=18/30 sample=zero_boundary_038 soc=0.5209 fc=560
progress step=225200 round=19/40 episode=18/30 sample=zero_boundary_038 soc=0.3417 fc=50
progress step=225250 round=19/40 episode=18/30 sample=zero_boundary_038 soc=0.2038 fc=290
progress step=225300 round=19/40 episode=19/30 sample=zero_boundary_040 soc=0.5102 fc=200
progress step=225350 round=19/40 episode=19/30 sample=zero_boundary_040 soc=0.3341 fc=570
progress step=225400 round=19/40 episode=19/30 sample=zero_boundary_040 soc=0.2149 fc=250
progress step=225450 round=19/40 episode=19/30 sample=zero_boundary_040 soc=0.2506 fc=0
progress step=225500 round=19/40 episode=19/30 sample=zero_boundary_040 soc=0.2018 fc=280
progress step=225550 round=19/40 episode=20/30 sample=zero_boundary_041 soc=0.5371 fc=0
progress step=225600 round=19/40 episode=20/30 sample=zero_boundary_041 soc=0.3406 fc=40
progress step=225650 round=19/40 episode=21/30 sample=zero_boundary_042 soc=0.6310 fc=590
progress step=225700 round=19/40 episode=21/30 sample=zero_boundary_042 soc=0.4699 fc=460
progress step=225750 round=19/40 episode=21/30 sample=zero_boundary_042 soc=0.2267 fc=20
progress step=225800 round=19/40 episode=22/30 sample=zero_boundary_044 soc=0.5075 fc=0
progress step=225850 round=19/40 episode=22/30 sample=zero_boundary_044 soc=0.2733 fc=0
progress step=225900 round=19/40 episode=23/30 sample=zero_boundary_045 soc=0.6070 fc=280
progress step=225950 round=19/40 episode=23/30 sample=zero_boundary_045 soc=0.4644 fc=330
progress step=226000 round=19/40 episode=23/30 sample=zero_boundary_045 soc=0.2793 fc=160
progress step=226050 round=19/40 episode=24/30 sample=zero_boundary_046 soc=0.5109 fc=390
progress step=226100 round=19/40 episode=24/30 sample=zero_boundary_046 soc=0.2559 fc=380
progress step=226150 round=19/40 episode=25/30 sample=zero_boundary_048 soc=0.6311 fc=550
progress step=226200 round=19/40 episode=25/30 sample=zero_boundary_048 soc=0.4058 fc=450
progress step=226250 round=19/40 episode=25/30 sample=zero_boundary_048 soc=0.2004 fc=490
progress step=226300 round=19/40 episode=25/30 sample=zero_boundary_048 soc=0.2023 fc=0
progress step=226350 round=19/40 episode=25/30 sample=zero_boundary_048 soc=0.2000 fc=290
progress step=226400 round=19/40 episode=26/30 sample=zero_boundary_049 soc=0.5913 fc=0
progress step=226450 round=19/40 episode=26/30 sample=zero_boundary_049 soc=0.4756 fc=0
progress step=226500 round=19/40 episode=26/30 sample=zero_boundary_049 soc=0.3794 fc=520
progress step=226550 round=19/40 episode=26/30 sample=zero_boundary_049 soc=0.2884 fc=90
progress step=226600 round=19/40 episode=26/30 sample=zero_boundary_049 soc=0.2735 fc=380
progress step=226650 round=19/40 episode=27/30 sample=zero_boundary_050 soc=0.6203 fc=530
progress step=226700 round=19/40 episode=27/30 sample=zero_boundary_050 soc=0.4642 fc=330
progress step=226750 round=19/40 episode=27/30 sample=zero_boundary_050 soc=0.2000 fc=530
progress step=226800 round=19/40 episode=28/30 sample=zero_boundary_051 soc=0.6045 fc=0
progress step=226850 round=19/40 episode=28/30 sample=zero_boundary_051 soc=0.4890 fc=0
progress step=226900 round=19/40 episode=28/30 sample=zero_boundary_051 soc=0.3877 fc=310
progress step=226950 round=19/40 episode=29/30 sample=zero_boundary_052 soc=0.6080 fc=430
progress step=227000 round=19/40 episode=29/30 sample=zero_boundary_052 soc=0.4761 fc=0
progress step=227050 round=19/40 episode=30/30 sample=zero_boundary_053 soc=0.6111 fc=420
progress step=227100 round=19/40 episode=30/30 sample=zero_boundary_053 soc=0.5615 fc=350
progress step=227150 round=19/40 episode=30/30 sample=zero_boundary_053 soc=0.3381 fc=320
progress step=227200 round=19/40 episode=30/30 sample=zero_boundary_053 soc=0.2430 fc=0
progress step=227250 round=19/40 episode=30/30 sample=zero_boundary_053 soc=0.2002 fc=310
round 19/40 exploratory=14/30 greedy_train start
MONITOR round=19 exploratory=14/30 greedy_train=10/30 validation=SKIPPED cost=None updates=5952 best_round=7
round 20/40 start epsilon=0.5372
progress step=227300 round=20/40 episode=1/30 sample=zero_boundary_002 soc=0.6046 fc=530
progress step=227350 round=20/40 episode=1/30 sample=zero_boundary_002 soc=0.6071 fc=0
progress step=227400 round=20/40 episode=1/30 sample=zero_boundary_002 soc=0.2254 fc=0
progress step=227450 round=20/40 episode=2/30 sample=zero_boundary_005 soc=0.5657 fc=60
progress step=227500 round=20/40 episode=2/30 sample=zero_boundary_005 soc=0.3212 fc=330
progress step=227550 round=20/40 episode=2/30 sample=zero_boundary_005 soc=0.2016 fc=360
progress step=227600 round=20/40 episode=2/30 sample=zero_boundary_005 soc=0.2001 fc=570
progress step=227650 round=20/40 episode=2/30 sample=zero_boundary_005 soc=0.2024 fc=0
progress step=227700 round=20/40 episode=2/30 sample=zero_boundary_005 soc=0.2312 fc=0
progress step=227750 round=20/40 episode=3/30 sample=zero_boundary_006 soc=0.6525 fc=0
progress step=227800 round=20/40 episode=3/30 sample=zero_boundary_006 soc=0.6244 fc=510
progress step=227850 round=20/40 episode=3/30 sample=zero_boundary_006 soc=0.6815 fc=520
progress step=227900 round=20/40 episode=3/30 sample=zero_boundary_006 soc=0.6981 fc=0
progress step=227950 round=20/40 episode=3/30 sample=zero_boundary_006 soc=0.6839 fc=0
progress step=228000 round=20/40 episode=3/30 sample=zero_boundary_006 soc=0.6993 fc=350
progress step=228050 round=20/40 episode=3/30 sample=zero_boundary_006 soc=0.6780 fc=500
progress step=228100 round=20/40 episode=4/30 sample=zero_boundary_007 soc=0.5267 fc=290
progress step=228150 round=20/40 episode=4/30 sample=zero_boundary_007 soc=0.3484 fc=370
progress step=228200 round=20/40 episode=4/30 sample=zero_boundary_007 soc=0.2629 fc=580
progress step=228250 round=20/40 episode=4/30 sample=zero_boundary_007 soc=0.2318 fc=40
progress step=228300 round=20/40 episode=4/30 sample=zero_boundary_007 soc=0.2026 fc=230
progress step=228350 round=20/40 episode=5/30 sample=zero_boundary_008 soc=0.6259 fc=330
progress step=228400 round=20/40 episode=5/30 sample=zero_boundary_008 soc=0.3430 fc=390
progress step=228450 round=20/40 episode=6/30 sample=zero_boundary_011 soc=0.6834 fc=140
progress step=228500 round=20/40 episode=6/30 sample=zero_boundary_011 soc=0.7129 fc=10
progress step=228550 round=20/40 episode=6/30 sample=zero_boundary_011 soc=0.4948 fc=0
progress step=228600 round=20/40 episode=6/30 sample=zero_boundary_011 soc=0.2961 fc=30
progress step=228650 round=20/40 episode=7/30 sample=zero_boundary_013 soc=0.6448 fc=260
progress step=228700 round=20/40 episode=7/30 sample=zero_boundary_013 soc=0.7365 fc=340
progress step=228750 round=20/40 episode=7/30 sample=zero_boundary_013 soc=0.7004 fc=230
progress step=228800 round=20/40 episode=7/30 sample=zero_boundary_013 soc=0.6169 fc=120
progress step=228850 round=20/40 episode=7/30 sample=zero_boundary_013 soc=0.6436 fc=320
progress step=228900 round=20/40 episode=7/30 sample=zero_boundary_013 soc=0.6792 fc=230
progress step=228950 round=20/40 episode=7/30 sample=zero_boundary_013 soc=0.6750 fc=230
progress step=229000 round=20/40 episode=8/30 sample=zero_boundary_015 soc=0.6078 fc=60
progress step=229050 round=20/40 episode=8/30 sample=zero_boundary_015 soc=0.4675 fc=560
progress step=229100 round=20/40 episode=9/30 sample=zero_boundary_016 soc=0.6041 fc=0
progress step=229150 round=20/40 episode=9/30 sample=zero_boundary_016 soc=0.6676 fc=0
progress step=229200 round=20/40 episode=9/30 sample=zero_boundary_016 soc=0.5377 fc=0
progress step=229250 round=20/40 episode=9/30 sample=zero_boundary_016 soc=0.2017 fc=490
progress step=229300 round=20/40 episode=10/30 sample=zero_boundary_017 soc=0.4896 fc=60
progress step=229350 round=20/40 episode=11/30 sample=zero_boundary_020 soc=0.6161 fc=390
progress step=229400 round=20/40 episode=11/30 sample=zero_boundary_020 soc=0.5212 fc=130
progress step=229450 round=20/40 episode=11/30 sample=zero_boundary_020 soc=0.4690 fc=0
progress step=229500 round=20/40 episode=12/30 sample=zero_boundary_021 soc=0.7110 fc=0
progress step=229550 round=20/40 episode=12/30 sample=zero_boundary_021 soc=0.6700 fc=0
progress step=229600 round=20/40 episode=12/30 sample=zero_boundary_021 soc=0.4568 fc=140
progress step=229650 round=20/40 episode=12/30 sample=zero_boundary_021 soc=0.2555 fc=0
progress step=229700 round=20/40 episode=13/30 sample=zero_boundary_022 soc=0.6157 fc=500
progress step=229750 round=20/40 episode=13/30 sample=zero_boundary_022 soc=0.4941 fc=120
progress step=229800 round=20/40 episode=13/30 sample=zero_boundary_022 soc=0.3911 fc=0
progress step=229850 round=20/40 episode=13/30 sample=zero_boundary_022 soc=0.3624 fc=160
progress step=229900 round=20/40 episode=14/30 sample=zero_boundary_029 soc=0.6592 fc=410
progress step=229950 round=20/40 episode=14/30 sample=zero_boundary_029 soc=0.5650 fc=320
progress step=230000 round=20/40 episode=14/30 sample=zero_boundary_029 soc=0.4186 fc=50
progress step=230050 round=20/40 episode=14/30 sample=zero_boundary_029 soc=0.3333 fc=150
progress step=230100 round=20/40 episode=14/30 sample=zero_boundary_029 soc=0.3167 fc=0
progress step=230150 round=20/40 episode=14/30 sample=zero_boundary_029 soc=0.2548 fc=370
progress step=230200 round=20/40 episode=14/30 sample=zero_boundary_029 soc=0.2282 fc=450
progress step=230250 round=20/40 episode=14/30 sample=zero_boundary_029 soc=0.3131 fc=580
progress step=230300 round=20/40 episode=14/30 sample=zero_boundary_029 soc=0.4212 fc=0
progress step=230350 round=20/40 episode=14/30 sample=zero_boundary_029 soc=0.5183 fc=0
progress step=230400 round=20/40 episode=14/30 sample=zero_boundary_029 soc=0.6233 fc=240
progress step=230450 round=20/40 episode=14/30 sample=zero_boundary_029 soc=0.7187 fc=70
progress step=230500 round=20/40 episode=14/30 sample=zero_boundary_029 soc=0.7947 fc=130
progress step=230550 round=20/40 episode=14/30 sample=zero_boundary_029 soc=0.7999 fc=0
progress step=230600 round=20/40 episode=14/30 sample=zero_boundary_029 soc=0.7999 fc=0
progress step=230650 round=20/40 episode=14/30 sample=zero_boundary_029 soc=0.7999 fc=0
progress step=230700 round=20/40 episode=14/30 sample=zero_boundary_029 soc=0.7999 fc=0
progress step=230750 round=20/40 episode=14/30 sample=zero_boundary_029 soc=0.7997 fc=10
progress step=230800 round=20/40 episode=14/30 sample=zero_boundary_029 soc=0.7561 fc=210
progress step=230850 round=20/40 episode=14/30 sample=zero_boundary_029 soc=0.7261 fc=0
progress step=230900 round=20/40 episode=14/30 sample=zero_boundary_029 soc=0.6393 fc=430
progress step=230950 round=20/40 episode=15/30 sample=zero_boundary_033 soc=0.6204 fc=0
progress step=231000 round=20/40 episode=15/30 sample=zero_boundary_033 soc=0.5899 fc=140
progress step=231050 round=20/40 episode=15/30 sample=zero_boundary_033 soc=0.4853 fc=140
progress step=231100 round=20/40 episode=15/30 sample=zero_boundary_033 soc=0.4183 fc=80
progress step=231150 round=20/40 episode=15/30 sample=zero_boundary_033 soc=0.2478 fc=580
progress step=231200 round=20/40 episode=15/30 sample=zero_boundary_033 soc=0.2005 fc=590
progress step=231250 round=20/40 episode=15/30 sample=zero_boundary_033 soc=0.2002 fc=570
progress step=231300 round=20/40 episode=15/30 sample=zero_boundary_033 soc=0.2903 fc=0
progress step=231350 round=20/40 episode=15/30 sample=zero_boundary_033 soc=0.3855 fc=340
progress step=231400 round=20/40 episode=15/30 sample=zero_boundary_033 soc=0.4847 fc=450
progress step=231450 round=20/40 episode=15/30 sample=zero_boundary_033 soc=0.5891 fc=0
progress step=231500 round=20/40 episode=15/30 sample=zero_boundary_033 soc=0.7122 fc=0
progress step=231550 round=20/40 episode=15/30 sample=zero_boundary_033 soc=0.7996 fc=0
progress step=231600 round=20/40 episode=15/30 sample=zero_boundary_033 soc=0.8000 fc=0
progress step=231650 round=20/40 episode=15/30 sample=zero_boundary_033 soc=0.8000 fc=0
progress step=231700 round=20/40 episode=15/30 sample=zero_boundary_033 soc=0.7989 fc=0
progress step=231750 round=20/40 episode=15/30 sample=zero_boundary_033 soc=0.7968 fc=100
progress step=231800 round=20/40 episode=15/30 sample=zero_boundary_033 soc=0.7984 fc=0
progress step=231850 round=20/40 episode=15/30 sample=zero_boundary_033 soc=0.7991 fc=50
progress step=231900 round=20/40 episode=15/30 sample=zero_boundary_033 soc=0.7998 fc=0
progress step=231950 round=20/40 episode=16/30 sample=zero_boundary_034 soc=0.6825 fc=0
progress step=232000 round=20/40 episode=16/30 sample=zero_boundary_034 soc=0.7454 fc=360
progress step=232050 round=20/40 episode=16/30 sample=zero_boundary_034 soc=0.7999 fc=0
progress step=232100 round=20/40 episode=16/30 sample=zero_boundary_034 soc=0.7999 fc=0
progress step=232150 round=20/40 episode=16/30 sample=zero_boundary_034 soc=0.7999 fc=0
progress step=232200 round=20/40 episode=16/30 sample=zero_boundary_034 soc=0.7999 fc=0
progress step=232250 round=20/40 episode=16/30 sample=zero_boundary_034 soc=0.7999 fc=0
progress step=232300 round=20/40 episode=16/30 sample=zero_boundary_034 soc=0.7999 fc=0
progress step=232350 round=20/40 episode=16/30 sample=zero_boundary_034 soc=0.7999 fc=0
progress step=232400 round=20/40 episode=16/30 sample=zero_boundary_034 soc=0.7999 fc=0
progress step=232450 round=20/40 episode=16/30 sample=zero_boundary_034 soc=0.7999 fc=0
progress step=232500 round=20/40 episode=16/30 sample=zero_boundary_034 soc=0.7999 fc=0
progress step=232550 round=20/40 episode=16/30 sample=zero_boundary_034 soc=0.7999 fc=0
progress step=232600 round=20/40 episode=16/30 sample=zero_boundary_034 soc=0.7999 fc=0
progress step=232650 round=20/40 episode=16/30 sample=zero_boundary_034 soc=0.7999 fc=0
progress step=232700 round=20/40 episode=16/30 sample=zero_boundary_034 soc=0.7999 fc=0
progress step=232750 round=20/40 episode=16/30 sample=zero_boundary_034 soc=0.7999 fc=0
progress step=232800 round=20/40 episode=16/30 sample=zero_boundary_034 soc=0.7969 fc=260
progress step=232850 round=20/40 episode=16/30 sample=zero_boundary_034 soc=0.7969 fc=220
progress step=232900 round=20/40 episode=16/30 sample=zero_boundary_034 soc=0.7620 fc=600
progress step=232950 round=20/40 episode=16/30 sample=zero_boundary_034 soc=0.7731 fc=0
progress step=233000 round=20/40 episode=16/30 sample=zero_boundary_034 soc=0.6985 fc=0
progress step=233050 round=20/40 episode=16/30 sample=zero_boundary_034 soc=0.6853 fc=0
progress step=233100 round=20/40 episode=16/30 sample=zero_boundary_034 soc=0.7771 fc=0
progress step=233150 round=20/40 episode=16/30 sample=zero_boundary_034 soc=0.8000 fc=0
progress step=233200 round=20/40 episode=16/30 sample=zero_boundary_034 soc=0.8000 fc=0
progress step=233250 round=20/40 episode=16/30 sample=zero_boundary_034 soc=0.8000 fc=0
progress step=233300 round=20/40 episode=16/30 sample=zero_boundary_034 soc=0.8000 fc=0
progress step=233350 round=20/40 episode=16/30 sample=zero_boundary_034 soc=0.8000 fc=0
progress step=233400 round=20/40 episode=16/30 sample=zero_boundary_034 soc=0.8000 fc=0
progress step=233450 round=20/40 episode=16/30 sample=zero_boundary_034 soc=0.8000 fc=0
progress step=233500 round=20/40 episode=16/30 sample=zero_boundary_034 soc=0.8000 fc=0
progress step=233550 round=20/40 episode=17/30 sample=zero_boundary_037 soc=0.6000 fc=0
progress step=233600 round=20/40 episode=17/30 sample=zero_boundary_037 soc=0.6204 fc=320
progress step=233650 round=20/40 episode=17/30 sample=zero_boundary_037 soc=0.5856 fc=330
progress step=233700 round=20/40 episode=17/30 sample=zero_boundary_037 soc=0.5318 fc=410
progress step=233750 round=20/40 episode=17/30 sample=zero_boundary_037 soc=0.5208 fc=0
progress step=233800 round=20/40 episode=17/30 sample=zero_boundary_037 soc=0.4174 fc=480
progress step=233850 round=20/40 episode=17/30 sample=zero_boundary_037 soc=0.2076 fc=0
progress step=233900 round=20/40 episode=17/30 sample=zero_boundary_037 soc=0.2096 fc=0
progress step=233950 round=20/40 episode=17/30 sample=zero_boundary_037 soc=0.2684 fc=0
progress step=234000 round=20/40 episode=17/30 sample=zero_boundary_037 soc=0.3128 fc=0
progress step=234050 round=20/40 episode=17/30 sample=zero_boundary_037 soc=0.3591 fc=0
progress step=234100 round=20/40 episode=17/30 sample=zero_boundary_037 soc=0.4207 fc=220
progress step=234150 round=20/40 episode=17/30 sample=zero_boundary_037 soc=0.4785 fc=0
progress step=234200 round=20/40 episode=17/30 sample=zero_boundary_037 soc=0.5236 fc=490
progress step=234250 round=20/40 episode=17/30 sample=zero_boundary_037 soc=0.6212 fc=60
progress step=234300 round=20/40 episode=17/30 sample=zero_boundary_037 soc=0.6508 fc=0
progress step=234350 round=20/40 episode=17/30 sample=zero_boundary_037 soc=0.6998 fc=540
progress step=234400 round=20/40 episode=17/30 sample=zero_boundary_037 soc=0.7659 fc=0
progress step=234450 round=20/40 episode=17/30 sample=zero_boundary_037 soc=0.7993 fc=0
progress step=234500 round=20/40 episode=17/30 sample=zero_boundary_037 soc=0.7956 fc=220
progress step=234550 round=20/40 episode=17/30 sample=zero_boundary_037 soc=0.8000 fc=0
progress step=234600 round=20/40 episode=17/30 sample=zero_boundary_037 soc=0.8000 fc=0
progress step=234650 round=20/40 episode=17/30 sample=zero_boundary_037 soc=0.8000 fc=0
progress step=234700 round=20/40 episode=17/30 sample=zero_boundary_037 soc=0.7982 fc=0
progress step=234750 round=20/40 episode=17/30 sample=zero_boundary_037 soc=0.7978 fc=40
progress step=234800 round=20/40 episode=17/30 sample=zero_boundary_037 soc=0.7976 fc=190
progress step=234850 round=20/40 episode=17/30 sample=zero_boundary_037 soc=0.7997 fc=0
progress step=234900 round=20/40 episode=17/30 sample=zero_boundary_037 soc=0.7975 fc=160
progress step=234950 round=20/40 episode=17/30 sample=zero_boundary_037 soc=0.7980 fc=0
progress step=235000 round=20/40 episode=17/30 sample=zero_boundary_037 soc=0.7981 fc=160
progress step=235050 round=20/40 episode=17/30 sample=zero_boundary_037 soc=0.7986 fc=0
progress step=235100 round=20/40 episode=17/30 sample=zero_boundary_037 soc=0.7991 fc=20
progress step=235150 round=20/40 episode=17/30 sample=zero_boundary_037 soc=0.7981 fc=150
progress step=235200 round=20/40 episode=17/30 sample=zero_boundary_037 soc=0.7991 fc=80
progress step=235250 round=20/40 episode=17/30 sample=zero_boundary_037 soc=0.7976 fc=0
progress step=235300 round=20/40 episode=17/30 sample=zero_boundary_037 soc=0.7984 fc=0
progress step=235350 round=20/40 episode=17/30 sample=zero_boundary_037 soc=0.7999 fc=30
progress step=235400 round=20/40 episode=17/30 sample=zero_boundary_037 soc=0.7996 fc=0
progress step=235450 round=20/40 episode=18/30 sample=zero_boundary_038 soc=0.6131 fc=0
progress step=235500 round=20/40 episode=18/30 sample=zero_boundary_038 soc=0.5861 fc=590
progress step=235550 round=20/40 episode=18/30 sample=zero_boundary_038 soc=0.4411 fc=0
progress step=235600 round=20/40 episode=18/30 sample=zero_boundary_038 soc=0.3217 fc=330
progress step=235650 round=20/40 episode=18/30 sample=zero_boundary_038 soc=0.2002 fc=560
progress step=235700 round=20/40 episode=18/30 sample=zero_boundary_038 soc=0.2000 fc=530
progress step=235750 round=20/40 episode=18/30 sample=zero_boundary_038 soc=0.2223 fc=0
progress step=235800 round=20/40 episode=18/30 sample=zero_boundary_038 soc=0.2836 fc=180
progress step=235850 round=20/40 episode=18/30 sample=zero_boundary_038 soc=0.3658 fc=0
progress step=235900 round=20/40 episode=18/30 sample=zero_boundary_038 soc=0.4538 fc=0
progress step=235950 round=20/40 episode=18/30 sample=zero_boundary_038 soc=0.3167 fc=340
progress step=236000 round=20/40 episode=18/30 sample=zero_boundary_038 soc=0.2002 fc=530
progress step=236050 round=20/40 episode=18/30 sample=zero_boundary_038 soc=0.2010 fc=270
progress step=236100 round=20/40 episode=18/30 sample=zero_boundary_038 soc=0.2002 fc=530
progress step=236150 round=20/40 episode=19/30 sample=zero_boundary_040 soc=0.6060 fc=0
progress step=236200 round=20/40 episode=19/30 sample=zero_boundary_040 soc=0.5037 fc=520
progress step=236250 round=20/40 episode=19/30 sample=zero_boundary_040 soc=0.2729 fc=0
progress step=236300 round=20/40 episode=19/30 sample=zero_boundary_040 soc=0.2005 fc=500
progress step=236350 round=20/40 episode=19/30 sample=zero_boundary_040 soc=0.2023 fc=440
progress step=236400 round=20/40 episode=19/30 sample=zero_boundary_040 soc=0.2011 fc=270
progress step=236450 round=20/40 episode=20/30 sample=zero_boundary_041 soc=0.4586 fc=160
progress step=236500 round=20/40 episode=20/30 sample=zero_boundary_041 soc=0.2360 fc=340
progress step=236550 round=20/40 episode=21/30 sample=zero_boundary_042 soc=0.6197 fc=0
progress step=236600 round=20/40 episode=21/30 sample=zero_boundary_042 soc=0.3756 fc=0
progress step=236650 round=20/40 episode=22/30 sample=zero_boundary_044 soc=0.5930 fc=0
progress step=236700 round=20/40 episode=22/30 sample=zero_boundary_044 soc=0.4685 fc=90
progress step=236750 round=20/40 episode=22/30 sample=zero_boundary_044 soc=0.2054 fc=270
progress step=236800 round=20/40 episode=23/30 sample=zero_boundary_045 soc=0.5868 fc=0
progress step=236850 round=20/40 episode=23/30 sample=zero_boundary_045 soc=0.3846 fc=0
progress step=236900 round=20/40 episode=23/30 sample=zero_boundary_045 soc=0.2000 fc=580
progress step=236950 round=20/40 episode=24/30 sample=zero_boundary_046 soc=0.4710 fc=0
progress step=237000 round=20/40 episode=24/30 sample=zero_boundary_046 soc=0.2001 fc=540
progress step=237050 round=20/40 episode=25/30 sample=zero_boundary_048 soc=0.6174 fc=0
progress step=237100 round=20/40 episode=25/30 sample=zero_boundary_048 soc=0.3143 fc=0
progress step=237150 round=20/40 episode=25/30 sample=zero_boundary_048 soc=0.2003 fc=520
progress step=237200 round=20/40 episode=25/30 sample=zero_boundary_048 soc=0.2135 fc=0
progress step=237250 round=20/40 episode=25/30 sample=zero_boundary_048 soc=0.2027 fc=500
progress step=237300 round=20/40 episode=26/30 sample=zero_boundary_049 soc=0.6021 fc=0
progress step=237350 round=20/40 episode=26/30 sample=zero_boundary_049 soc=0.4869 fc=210
progress step=237400 round=20/40 episode=26/30 sample=zero_boundary_049 soc=0.4012 fc=0
progress step=237450 round=20/40 episode=26/30 sample=zero_boundary_049 soc=0.3088 fc=0
progress step=237500 round=20/40 episode=26/30 sample=zero_boundary_049 soc=0.3263 fc=0
progress step=237550 round=20/40 episode=27/30 sample=zero_boundary_050 soc=0.6360 fc=70
progress step=237600 round=20/40 episode=27/30 sample=zero_boundary_050 soc=0.4429 fc=0
progress step=237650 round=20/40 episode=27/30 sample=zero_boundary_050 soc=0.2005 fc=530
progress step=237700 round=20/40 episode=28/30 sample=zero_boundary_051 soc=0.5921 fc=0
progress step=237750 round=20/40 episode=28/30 sample=zero_boundary_051 soc=0.4988 fc=430
progress step=237800 round=20/40 episode=28/30 sample=zero_boundary_051 soc=0.4254 fc=290
progress step=237850 round=20/40 episode=29/30 sample=zero_boundary_052 soc=0.6450 fc=120
progress step=237900 round=20/40 episode=29/30 sample=zero_boundary_052 soc=0.4198 fc=0
progress step=237950 round=20/40 episode=30/30 sample=zero_boundary_053 soc=0.6191 fc=380
progress step=238000 round=20/40 episode=30/30 sample=zero_boundary_053 soc=0.4957 fc=0
progress step=238050 round=20/40 episode=30/30 sample=zero_boundary_053 soc=0.2442 fc=0
progress step=238100 round=20/40 episode=30/30 sample=zero_boundary_053 soc=0.2010 fc=320
progress step=238150 round=20/40 episode=30/30 sample=zero_boundary_053 soc=0.2083 fc=0
round 20/40 exploratory=15/30 greedy_train start
MONITOR round=20 exploratory=15/30 greedy_train=10/30 validation=SKIPPED cost=None updates=6192 best_round=7
round 21/40 start epsilon=0.5128
progress step=238200 round=21/40 episode=1/30 sample=zero_boundary_002 soc=0.6188 fc=0
progress step=238250 round=21/40 episode=1/30 sample=zero_boundary_002 soc=0.5616 fc=0
progress step=238300 round=21/40 episode=2/30 sample=zero_boundary_005 soc=0.6053 fc=220
progress step=238350 round=21/40 episode=2/30 sample=zero_boundary_005 soc=0.5637 fc=130
progress step=238400 round=21/40 episode=2/30 sample=zero_boundary_005 soc=0.2818 fc=270
progress step=238450 round=21/40 episode=2/30 sample=zero_boundary_005 soc=0.2015 fc=470
progress step=238500 round=21/40 episode=2/30 sample=zero_boundary_005 soc=0.2026 fc=530
progress step=238550 round=21/40 episode=2/30 sample=zero_boundary_005 soc=0.2196 fc=0
progress step=238600 round=21/40 episode=3/30 sample=zero_boundary_006 soc=0.6150 fc=0
progress step=238650 round=21/40 episode=3/30 sample=zero_boundary_006 soc=0.6236 fc=0
progress step=238700 round=21/40 episode=3/30 sample=zero_boundary_006 soc=0.6199 fc=530
progress step=238750 round=21/40 episode=3/30 sample=zero_boundary_006 soc=0.6870 fc=220
progress step=238800 round=21/40 episode=3/30 sample=zero_boundary_006 soc=0.7192 fc=0
progress step=238850 round=21/40 episode=3/30 sample=zero_boundary_006 soc=0.6937 fc=540
progress step=238900 round=21/40 episode=3/30 sample=zero_boundary_006 soc=0.6768 fc=530
progress step=238950 round=21/40 episode=4/30 sample=zero_boundary_007 soc=0.6114 fc=30
progress step=239000 round=21/40 episode=4/30 sample=zero_boundary_007 soc=0.5021 fc=30
progress step=239050 round=21/40 episode=4/30 sample=zero_boundary_007 soc=0.3861 fc=460
progress step=239100 round=21/40 episode=4/30 sample=zero_boundary_007 soc=0.3395 fc=30
progress step=239150 round=21/40 episode=4/30 sample=zero_boundary_007 soc=0.2566 fc=100
progress step=239200 round=21/40 episode=4/30 sample=zero_boundary_007 soc=0.2000 fc=360
progress step=239250 round=21/40 episode=5/30 sample=zero_boundary_008 soc=0.6260 fc=40
progress step=239300 round=21/40 episode=6/30 sample=zero_boundary_011 soc=0.6013 fc=60
progress step=239350 round=21/40 episode=6/30 sample=zero_boundary_011 soc=0.6816 fc=30
progress step=239400 round=21/40 episode=6/30 sample=zero_boundary_011 soc=0.5438 fc=30
progress step=239450 round=21/40 episode=6/30 sample=zero_boundary_011 soc=0.2958 fc=30
progress step=239500 round=21/40 episode=6/30 sample=zero_boundary_011 soc=0.2025 fc=30
progress step=239550 round=21/40 episode=7/30 sample=zero_boundary_013 soc=0.6563 fc=470
progress step=239600 round=21/40 episode=7/30 sample=zero_boundary_013 soc=0.6309 fc=390
progress step=239650 round=21/40 episode=7/30 sample=zero_boundary_013 soc=0.4845 fc=0
progress step=239700 round=21/40 episode=7/30 sample=zero_boundary_013 soc=0.3925 fc=30
progress step=239750 round=21/40 episode=7/30 sample=zero_boundary_013 soc=0.3349 fc=30
progress step=239800 round=21/40 episode=7/30 sample=zero_boundary_013 soc=0.2597 fc=30
progress step=239850 round=21/40 episode=7/30 sample=zero_boundary_013 soc=0.2816 fc=450
progress step=239900 round=21/40 episode=8/30 sample=zero_boundary_015 soc=0.5611 fc=250
progress step=239950 round=21/40 episode=8/30 sample=zero_boundary_015 soc=0.4357 fc=30
progress step=240000 round=21/40 episode=9/30 sample=zero_boundary_016 soc=0.6517 fc=0
progress step=240050 round=21/40 episode=9/30 sample=zero_boundary_016 soc=0.6738 fc=30
progress step=240100 round=21/40 episode=9/30 sample=zero_boundary_016 soc=0.4187 fc=30
progress step=240150 round=21/40 episode=10/30 sample=zero_boundary_017 soc=0.6060 fc=30
progress step=240200 round=21/40 episode=10/30 sample=zero_boundary_017 soc=0.3984 fc=40
progress step=240250 round=21/40 episode=11/30 sample=zero_boundary_020 soc=0.6278 fc=80
progress step=240300 round=21/40 episode=11/30 sample=zero_boundary_020 soc=0.4926 fc=250
progress step=240350 round=21/40 episode=12/30 sample=zero_boundary_021 soc=0.6231 fc=100
progress step=240400 round=21/40 episode=12/30 sample=zero_boundary_021 soc=0.6812 fc=0
progress step=240450 round=21/40 episode=12/30 sample=zero_boundary_021 soc=0.5008 fc=0
progress step=240500 round=21/40 episode=12/30 sample=zero_boundary_021 soc=0.2928 fc=0
progress step=240550 round=21/40 episode=12/30 sample=zero_boundary_021 soc=0.2058 fc=0
progress step=240600 round=21/40 episode=13/30 sample=zero_boundary_022 soc=0.6188 fc=0
progress step=240650 round=21/40 episode=13/30 sample=zero_boundary_022 soc=0.4291 fc=470
progress step=240700 round=21/40 episode=13/30 sample=zero_boundary_022 soc=0.3586 fc=540
progress step=240750 round=21/40 episode=13/30 sample=zero_boundary_022 soc=0.3706 fc=550
progress step=240800 round=21/40 episode=14/30 sample=zero_boundary_029 soc=0.6049 fc=560
progress step=240850 round=21/40 episode=14/30 sample=zero_boundary_029 soc=0.5184 fc=0
progress step=240900 round=21/40 episode=14/30 sample=zero_boundary_029 soc=0.4326 fc=90
progress step=240950 round=21/40 episode=14/30 sample=zero_boundary_029 soc=0.3409 fc=0
progress step=241000 round=21/40 episode=14/30 sample=zero_boundary_029 soc=0.3015 fc=410
progress step=241050 round=21/40 episode=14/30 sample=zero_boundary_029 soc=0.2087 fc=420
progress step=241100 round=21/40 episode=14/30 sample=zero_boundary_029 soc=0.2388 fc=0
progress step=241150 round=21/40 episode=14/30 sample=zero_boundary_029 soc=0.3244 fc=470
progress step=241200 round=21/40 episode=14/30 sample=zero_boundary_029 soc=0.4106 fc=440
progress step=241250 round=21/40 episode=14/30 sample=zero_boundary_029 soc=0.4876 fc=50
progress step=241300 round=21/40 episode=14/30 sample=zero_boundary_029 soc=0.5588 fc=0
progress step=241350 round=21/40 episode=14/30 sample=zero_boundary_029 soc=0.6598 fc=0
progress step=241400 round=21/40 episode=14/30 sample=zero_boundary_029 soc=0.7614 fc=110
progress step=241450 round=21/40 episode=14/30 sample=zero_boundary_029 soc=0.8000 fc=0
progress step=241500 round=21/40 episode=14/30 sample=zero_boundary_029 soc=0.8000 fc=0
progress step=241550 round=21/40 episode=14/30 sample=zero_boundary_029 soc=0.8000 fc=0
progress step=241600 round=21/40 episode=14/30 sample=zero_boundary_029 soc=0.8000 fc=0
progress step=241650 round=21/40 episode=14/30 sample=zero_boundary_029 soc=0.7981 fc=100
progress step=241700 round=21/40 episode=14/30 sample=zero_boundary_029 soc=0.7513 fc=350
progress step=241750 round=21/40 episode=14/30 sample=zero_boundary_029 soc=0.7085 fc=80
progress step=241800 round=21/40 episode=14/30 sample=zero_boundary_029 soc=0.6031 fc=0
progress step=241850 round=21/40 episode=15/30 sample=zero_boundary_033 soc=0.6344 fc=0
progress step=241900 round=21/40 episode=15/30 sample=zero_boundary_033 soc=0.6101 fc=380
progress step=241950 round=21/40 episode=15/30 sample=zero_boundary_033 soc=0.4024 fc=560
progress step=242000 round=21/40 episode=15/30 sample=zero_boundary_033 soc=0.2899 fc=430
progress step=242050 round=21/40 episode=15/30 sample=zero_boundary_033 soc=0.2532 fc=90
progress step=242100 round=21/40 episode=15/30 sample=zero_boundary_033 soc=0.2010 fc=470
progress step=242150 round=21/40 episode=15/30 sample=zero_boundary_033 soc=0.2189 fc=600
progress step=242200 round=21/40 episode=15/30 sample=zero_boundary_033 soc=0.3329 fc=20
progress step=242250 round=21/40 episode=15/30 sample=zero_boundary_033 soc=0.4121 fc=500
progress step=242300 round=21/40 episode=15/30 sample=zero_boundary_033 soc=0.5226 fc=20
progress step=242350 round=21/40 episode=15/30 sample=zero_boundary_033 soc=0.6115 fc=0
progress step=242400 round=21/40 episode=15/30 sample=zero_boundary_033 soc=0.6975 fc=0
progress step=242450 round=21/40 episode=15/30 sample=zero_boundary_033 soc=0.7980 fc=50
progress step=242500 round=21/40 episode=15/30 sample=zero_boundary_033 soc=0.7999 fc=0
progress step=242550 round=21/40 episode=15/30 sample=zero_boundary_033 soc=0.7999 fc=0
progress step=242600 round=21/40 episode=15/30 sample=zero_boundary_033 soc=0.7983 fc=0
progress step=242650 round=21/40 episode=15/30 sample=zero_boundary_033 soc=0.7974 fc=150
progress step=242700 round=21/40 episode=15/30 sample=zero_boundary_033 soc=0.7997 fc=0
progress step=242750 round=21/40 episode=15/30 sample=zero_boundary_033 soc=0.7981 fc=140
progress step=242800 round=21/40 episode=16/30 sample=zero_boundary_034 soc=0.6134 fc=540
progress step=242850 round=21/40 episode=16/30 sample=zero_boundary_034 soc=0.7427 fc=0
progress step=242900 round=21/40 episode=16/30 sample=zero_boundary_034 soc=0.7999 fc=0
progress step=242950 round=21/40 episode=16/30 sample=zero_boundary_034 soc=0.7999 fc=0
progress step=243000 round=21/40 episode=16/30 sample=zero_boundary_034 soc=0.7999 fc=0
progress step=243050 round=21/40 episode=16/30 sample=zero_boundary_034 soc=0.7999 fc=0
progress step=243100 round=21/40 episode=16/30 sample=zero_boundary_034 soc=0.7999 fc=0
progress step=243150 round=21/40 episode=16/30 sample=zero_boundary_034 soc=0.7999 fc=0
progress step=243200 round=21/40 episode=16/30 sample=zero_boundary_034 soc=0.7999 fc=0
progress step=243250 round=21/40 episode=16/30 sample=zero_boundary_034 soc=0.7999 fc=0
progress step=243300 round=21/40 episode=16/30 sample=zero_boundary_034 soc=0.7999 fc=0
progress step=243350 round=21/40 episode=16/30 sample=zero_boundary_034 soc=0.7999 fc=0
progress step=243400 round=21/40 episode=16/30 sample=zero_boundary_034 soc=0.7999 fc=0
progress step=243450 round=21/40 episode=16/30 sample=zero_boundary_034 soc=0.7999 fc=0
progress step=243500 round=21/40 episode=16/30 sample=zero_boundary_034 soc=0.7999 fc=0
progress step=243550 round=21/40 episode=16/30 sample=zero_boundary_034 soc=0.7999 fc=0
progress step=243600 round=21/40 episode=16/30 sample=zero_boundary_034 soc=0.7999 fc=0
progress step=243650 round=21/40 episode=16/30 sample=zero_boundary_034 soc=0.7999 fc=0
progress step=243700 round=21/40 episode=16/30 sample=zero_boundary_034 soc=0.7966 fc=0
progress step=243750 round=21/40 episode=16/30 sample=zero_boundary_034 soc=0.7952 fc=70
progress step=243800 round=21/40 episode=16/30 sample=zero_boundary_034 soc=0.7445 fc=470
progress step=243850 round=21/40 episode=16/30 sample=zero_boundary_034 soc=0.7278 fc=330
progress step=243900 round=21/40 episode=16/30 sample=zero_boundary_034 soc=0.6376 fc=0
progress step=243950 round=21/40 episode=16/30 sample=zero_boundary_034 soc=0.6841 fc=380
progress step=244000 round=21/40 episode=16/30 sample=zero_boundary_034 soc=0.7654 fc=400
progress step=244050 round=21/40 episode=16/30 sample=zero_boundary_034 soc=0.8000 fc=0
progress step=244100 round=21/40 episode=16/30 sample=zero_boundary_034 soc=0.8000 fc=0
progress step=244150 round=21/40 episode=16/30 sample=zero_boundary_034 soc=0.8000 fc=0
progress step=244200 round=21/40 episode=16/30 sample=zero_boundary_034 soc=0.8000 fc=0
progress step=244250 round=21/40 episode=16/30 sample=zero_boundary_034 soc=0.8000 fc=0
progress step=244300 round=21/40 episode=16/30 sample=zero_boundary_034 soc=0.8000 fc=0
progress step=244350 round=21/40 episode=16/30 sample=zero_boundary_034 soc=0.8000 fc=0
progress step=244400 round=21/40 episode=16/30 sample=zero_boundary_034 soc=0.8000 fc=0
progress step=244450 round=21/40 episode=17/30 sample=zero_boundary_037 soc=0.6143 fc=600
progress step=244500 round=21/40 episode=17/30 sample=zero_boundary_037 soc=0.5633 fc=270
progress step=244550 round=21/40 episode=17/30 sample=zero_boundary_037 soc=0.5025 fc=80
progress step=244600 round=21/40 episode=17/30 sample=zero_boundary_037 soc=0.4386 fc=360
progress step=244650 round=21/40 episode=17/30 sample=zero_boundary_037 soc=0.4086 fc=0
progress step=244700 round=21/40 episode=17/30 sample=zero_boundary_037 soc=0.2817 fc=0
progress step=244750 round=21/40 episode=17/30 sample=zero_boundary_037 soc=0.2001 fc=560
progress step=244800 round=21/40 episode=17/30 sample=zero_boundary_037 soc=0.2417 fc=420
progress step=244850 round=21/40 episode=17/30 sample=zero_boundary_037 soc=0.3034 fc=210
progress step=244900 round=21/40 episode=17/30 sample=zero_boundary_037 soc=0.3345 fc=280
progress step=244950 round=21/40 episode=17/30 sample=zero_boundary_037 soc=0.3926 fc=0
progress step=245000 round=21/40 episode=17/30 sample=zero_boundary_037 soc=0.4210 fc=250
progress step=245050 round=21/40 episode=17/30 sample=zero_boundary_037 soc=0.4717 fc=0
progress step=245100 round=21/40 episode=17/30 sample=zero_boundary_037 soc=0.5511 fc=380
progress step=245150 round=21/40 episode=17/30 sample=zero_boundary_037 soc=0.6141 fc=240
progress step=245200 round=21/40 episode=17/30 sample=zero_boundary_037 soc=0.6539 fc=210
progress step=245250 round=21/40 episode=17/30 sample=zero_boundary_037 soc=0.7002 fc=0
progress step=245300 round=21/40 episode=17/30 sample=zero_boundary_037 soc=0.7291 fc=280
progress step=245350 round=21/40 episode=17/30 sample=zero_boundary_037 soc=0.7877 fc=0
progress step=245400 round=21/40 episode=17/30 sample=zero_boundary_037 soc=0.7985 fc=160
progress step=245450 round=21/40 episode=17/30 sample=zero_boundary_037 soc=0.8000 fc=0
progress step=245500 round=21/40 episode=17/30 sample=zero_boundary_037 soc=0.8000 fc=0
progress step=245550 round=21/40 episode=17/30 sample=zero_boundary_037 soc=0.8000 fc=0
progress step=245600 round=21/40 episode=17/30 sample=zero_boundary_037 soc=0.7995 fc=0
progress step=245650 round=21/40 episode=17/30 sample=zero_boundary_037 soc=0.7985 fc=110
progress step=245700 round=21/40 episode=17/30 sample=zero_boundary_037 soc=0.7996 fc=60
progress step=245750 round=21/40 episode=17/30 sample=zero_boundary_037 soc=0.7976 fc=0
progress step=245800 round=21/40 episode=17/30 sample=zero_boundary_037 soc=0.7995 fc=80
progress step=245850 round=21/40 episode=17/30 sample=zero_boundary_037 soc=0.7976 fc=0
progress step=245900 round=21/40 episode=17/30 sample=zero_boundary_037 soc=0.7975 fc=0
progress step=245950 round=21/40 episode=17/30 sample=zero_boundary_037 soc=0.7993 fc=0
progress step=246000 round=21/40 episode=17/30 sample=zero_boundary_037 soc=0.7993 fc=0
progress step=246050 round=21/40 episode=17/30 sample=zero_boundary_037 soc=0.7981 fc=130
progress step=246100 round=21/40 episode=17/30 sample=zero_boundary_037 soc=0.7983 fc=0
progress step=246150 round=21/40 episode=17/30 sample=zero_boundary_037 soc=0.7984 fc=0
progress step=246200 round=21/40 episode=17/30 sample=zero_boundary_037 soc=0.7993 fc=0
progress step=246250 round=21/40 episode=17/30 sample=zero_boundary_037 soc=0.7998 fc=0
progress step=246300 round=21/40 episode=17/30 sample=zero_boundary_037 soc=0.7999 fc=0
progress step=246350 round=21/40 episode=18/30 sample=zero_boundary_038 soc=0.6314 fc=560
progress step=246400 round=21/40 episode=18/30 sample=zero_boundary_038 soc=0.5552 fc=80
progress step=246450 round=21/40 episode=18/30 sample=zero_boundary_038 soc=0.4028 fc=200
progress step=246500 round=21/40 episode=18/30 sample=zero_boundary_038 soc=0.2789 fc=500
progress step=246550 round=21/40 episode=18/30 sample=zero_boundary_038 soc=0.2003 fc=470
progress step=246600 round=21/40 episode=18/30 sample=zero_boundary_038 soc=0.2016 fc=300
progress step=246650 round=21/40 episode=18/30 sample=zero_boundary_038 soc=0.2401 fc=0
progress step=246700 round=21/40 episode=18/30 sample=zero_boundary_038 soc=0.2892 fc=520
progress step=246750 round=21/40 episode=18/30 sample=zero_boundary_038 soc=0.3468 fc=190
progress step=246800 round=21/40 episode=18/30 sample=zero_boundary_038 soc=0.3447 fc=0
progress step=246850 round=21/40 episode=18/30 sample=zero_boundary_038 soc=0.2000 fc=380
progress step=246900 round=21/40 episode=19/30 sample=zero_boundary_040 soc=0.5736 fc=0
progress step=246950 round=21/40 episode=19/30 sample=zero_boundary_040 soc=0.3771 fc=0
progress step=247000 round=21/40 episode=19/30 sample=zero_boundary_040 soc=0.2164 fc=290
progress step=247050 round=21/40 episode=19/30 sample=zero_boundary_040 soc=0.2083 fc=50
progress step=247100 round=21/40 episode=19/30 sample=zero_boundary_040 soc=0.2037 fc=290
progress step=247150 round=21/40 episode=20/30 sample=zero_boundary_041 soc=0.6151 fc=20
progress step=247200 round=21/40 episode=20/30 sample=zero_boundary_041 soc=0.4077 fc=10
progress step=247250 round=21/40 episode=21/30 sample=zero_boundary_042 soc=0.6220 fc=190
progress step=247300 round=21/40 episode=21/30 sample=zero_boundary_042 soc=0.5277 fc=0
progress step=247350 round=21/40 episode=21/30 sample=zero_boundary_042 soc=0.2806 fc=50
progress step=247400 round=21/40 episode=22/30 sample=zero_boundary_044 soc=0.5562 fc=0
progress step=247450 round=21/40 episode=22/30 sample=zero_boundary_044 soc=0.3162 fc=250
progress step=247500 round=21/40 episode=23/30 sample=zero_boundary_045 soc=0.6337 fc=0
progress step=247550 round=21/40 episode=23/30 sample=zero_boundary_045 soc=0.4684 fc=50
progress step=247600 round=21/40 episode=23/30 sample=zero_boundary_045 soc=0.2595 fc=0
progress step=247650 round=21/40 episode=24/30 sample=zero_boundary_046 soc=0.5350 fc=270
progress step=247700 round=21/40 episode=24/30 sample=zero_boundary_046 soc=0.3242 fc=0
progress step=247750 round=21/40 episode=25/30 sample=zero_boundary_048 soc=0.6090 fc=80
progress step=247800 round=21/40 episode=25/30 sample=zero_boundary_048 soc=0.4391 fc=0
progress step=247850 round=21/40 episode=25/30 sample=zero_boundary_048 soc=0.2059 fc=270
progress step=247900 round=21/40 episode=25/30 sample=zero_boundary_048 soc=0.2076 fc=490
progress step=247950 round=21/40 episode=25/30 sample=zero_boundary_048 soc=0.2028 fc=330
progress step=248000 round=21/40 episode=26/30 sample=zero_boundary_049 soc=0.6394 fc=0
progress step=248050 round=21/40 episode=26/30 sample=zero_boundary_049 soc=0.5447 fc=0
progress step=248100 round=21/40 episode=26/30 sample=zero_boundary_049 soc=0.4667 fc=100
progress step=248150 round=21/40 episode=26/30 sample=zero_boundary_049 soc=0.3517 fc=0
progress step=248200 round=21/40 episode=26/30 sample=zero_boundary_049 soc=0.2829 fc=480
progress step=248250 round=21/40 episode=27/30 sample=zero_boundary_050 soc=0.6003 fc=490
progress step=248300 round=21/40 episode=27/30 sample=zero_boundary_050 soc=0.5154 fc=0
progress step=248350 round=21/40 episode=27/30 sample=zero_boundary_050 soc=0.2840 fc=560
progress step=248400 round=21/40 episode=27/30 sample=zero_boundary_050 soc=0.2004 fc=470
progress step=248450 round=21/40 episode=28/30 sample=zero_boundary_051 soc=0.5153 fc=0
progress step=248500 round=21/40 episode=28/30 sample=zero_boundary_051 soc=0.3964 fc=280
progress step=248550 round=21/40 episode=28/30 sample=zero_boundary_051 soc=0.3976 fc=0
progress step=248600 round=21/40 episode=29/30 sample=zero_boundary_052 soc=0.5545 fc=400
progress step=248650 round=21/40 episode=29/30 sample=zero_boundary_052 soc=0.2292 fc=0
progress step=248700 round=21/40 episode=30/30 sample=zero_boundary_053 soc=0.6054 fc=570
progress step=248750 round=21/40 episode=30/30 sample=zero_boundary_053 soc=0.4196 fc=290
progress step=248800 round=21/40 episode=30/30 sample=zero_boundary_053 soc=0.2774 fc=0
progress step=248850 round=21/40 episode=30/30 sample=zero_boundary_053 soc=0.2159 fc=460
progress step=248900 round=21/40 episode=30/30 sample=zero_boundary_053 soc=0.2261 fc=0
round 21/40 exploratory=14/30 greedy_train start
MONITOR round=21 exploratory=14/30 greedy_train=10/30 validation=SKIPPED cost=None updates=6416 best_round=7
round 22/40 start epsilon=0.4885
progress step=248950 round=22/40 episode=1/30 sample=zero_boundary_002 soc=0.6427 fc=0
progress step=249000 round=22/40 episode=1/30 sample=zero_boundary_002 soc=0.2659 fc=0
progress step=249050 round=22/40 episode=2/30 sample=zero_boundary_005 soc=0.5584 fc=0
progress step=249100 round=22/40 episode=2/30 sample=zero_boundary_005 soc=0.3500 fc=440
progress step=249150 round=22/40 episode=2/30 sample=zero_boundary_005 soc=0.2257 fc=0
progress step=249200 round=22/40 episode=2/30 sample=zero_boundary_005 soc=0.2010 fc=430
progress step=249250 round=22/40 episode=2/30 sample=zero_boundary_005 soc=0.2138 fc=510
progress step=249300 round=22/40 episode=2/30 sample=zero_boundary_005 soc=0.2167 fc=0
progress step=249350 round=22/40 episode=3/30 sample=zero_boundary_006 soc=0.6438 fc=60
progress step=249400 round=22/40 episode=3/30 sample=zero_boundary_006 soc=0.6207 fc=0
progress step=249450 round=22/40 episode=3/30 sample=zero_boundary_006 soc=0.6511 fc=240
progress step=249500 round=22/40 episode=3/30 sample=zero_boundary_006 soc=0.6645 fc=150
progress step=249550 round=22/40 episode=3/30 sample=zero_boundary_006 soc=0.7086 fc=540
progress step=249600 round=22/40 episode=3/30 sample=zero_boundary_006 soc=0.6768 fc=50
progress step=249650 round=22/40 episode=3/30 sample=zero_boundary_006 soc=0.6770 fc=0
progress step=249700 round=22/40 episode=4/30 sample=zero_boundary_007 soc=0.5772 fc=30
progress step=249750 round=22/40 episode=4/30 sample=zero_boundary_007 soc=0.4030 fc=340
progress step=249800 round=22/40 episode=4/30 sample=zero_boundary_007 soc=0.3436 fc=240
progress step=249850 round=22/40 episode=4/30 sample=zero_boundary_007 soc=0.3130 fc=30
progress step=249900 round=22/40 episode=4/30 sample=zero_boundary_007 soc=0.2009 fc=290
progress step=249950 round=22/40 episode=5/30 sample=zero_boundary_008 soc=0.6147 fc=20
progress step=250000 round=22/40 episode=5/30 sample=zero_boundary_008 soc=0.3118 fc=60
progress step=250050 round=22/40 episode=6/30 sample=zero_boundary_011 soc=0.6648 fc=300
progress step=250100 round=22/40 episode=6/30 sample=zero_boundary_011 soc=0.5848 fc=20
progress step=250150 round=22/40 episode=6/30 sample=zero_boundary_011 soc=0.3311 fc=180
progress step=250200 round=22/40 episode=6/30 sample=zero_boundary_011 soc=0.2000 fc=490
progress step=250250 round=22/40 episode=7/30 sample=zero_boundary_013 soc=0.6484 fc=240
progress step=250300 round=22/40 episode=7/30 sample=zero_boundary_013 soc=0.6564 fc=280
progress step=250350 round=22/40 episode=7/30 sample=zero_boundary_013 soc=0.5303 fc=20
progress step=250400 round=22/40 episode=7/30 sample=zero_boundary_013 soc=0.3594 fc=350
progress step=250450 round=22/40 episode=7/30 sample=zero_boundary_013 soc=0.3221 fc=0
progress step=250500 round=22/40 episode=7/30 sample=zero_boundary_013 soc=0.2410 fc=530
progress step=250550 round=22/40 episode=7/30 sample=zero_boundary_013 soc=0.2370 fc=20
progress step=250600 round=22/40 episode=8/30 sample=zero_boundary_015 soc=0.5900 fc=0
progress step=250650 round=22/40 episode=8/30 sample=zero_boundary_015 soc=0.4506 fc=200
progress step=250700 round=22/40 episode=9/30 sample=zero_boundary_016 soc=0.6153 fc=0
progress step=250750 round=22/40 episode=9/30 sample=zero_boundary_016 soc=0.6645 fc=470
progress step=250800 round=22/40 episode=9/30 sample=zero_boundary_016 soc=0.4422 fc=550
progress step=250850 round=22/40 episode=10/30 sample=zero_boundary_017 soc=0.5998 fc=0
progress step=250900 round=22/40 episode=10/30 sample=zero_boundary_017 soc=0.3532 fc=0
progress step=250950 round=22/40 episode=11/30 sample=zero_boundary_020 soc=0.6047 fc=480
progress step=251000 round=22/40 episode=11/30 sample=zero_boundary_020 soc=0.4884 fc=0
progress step=251050 round=22/40 episode=12/30 sample=zero_boundary_021 soc=0.6040 fc=0
progress step=251100 round=22/40 episode=12/30 sample=zero_boundary_021 soc=0.6325 fc=0
progress step=251150 round=22/40 episode=12/30 sample=zero_boundary_021 soc=0.4270 fc=0
progress step=251200 round=22/40 episode=12/30 sample=zero_boundary_021 soc=0.2000 fc=450
progress step=251250 round=22/40 episode=12/30 sample=zero_boundary_021 soc=0.2019 fc=270
progress step=251300 round=22/40 episode=13/30 sample=zero_boundary_022 soc=0.5984 fc=0
progress step=251350 round=22/40 episode=13/30 sample=zero_boundary_022 soc=0.4673 fc=0
progress step=251400 round=22/40 episode=13/30 sample=zero_boundary_022 soc=0.4180 fc=0
progress step=251450 round=22/40 episode=13/30 sample=zero_boundary_022 soc=0.4069 fc=0
progress step=251500 round=22/40 episode=14/30 sample=zero_boundary_029 soc=0.5754 fc=390
progress step=251550 round=22/40 episode=14/30 sample=zero_boundary_029 soc=0.4762 fc=0
progress step=251600 round=22/40 episode=14/30 sample=zero_boundary_029 soc=0.3487 fc=0
progress step=251650 round=22/40 episode=14/30 sample=zero_boundary_029 soc=0.2302 fc=0
progress step=251700 round=22/40 episode=14/30 sample=zero_boundary_029 soc=0.2203 fc=170
progress step=251750 round=22/40 episode=14/30 sample=zero_boundary_029 soc=0.2018 fc=210
progress step=251800 round=22/40 episode=14/30 sample=zero_boundary_029 soc=0.2357 fc=160
progress step=251850 round=22/40 episode=14/30 sample=zero_boundary_029 soc=0.3084 fc=0
progress step=251900 round=22/40 episode=14/30 sample=zero_boundary_029 soc=0.4458 fc=0
progress step=251950 round=22/40 episode=14/30 sample=zero_boundary_029 soc=0.5580 fc=260
progress step=252000 round=22/40 episode=14/30 sample=zero_boundary_029 soc=0.6692 fc=350
progress step=252050 round=22/40 episode=14/30 sample=zero_boundary_029 soc=0.7914 fc=0
progress step=252100 round=22/40 episode=14/30 sample=zero_boundary_029 soc=0.7999 fc=0
progress step=252150 round=22/40 episode=14/30 sample=zero_boundary_029 soc=0.7999 fc=0
progress step=252200 round=22/40 episode=14/30 sample=zero_boundary_029 soc=0.7999 fc=0
progress step=252250 round=22/40 episode=14/30 sample=zero_boundary_029 soc=0.7999 fc=0
progress step=252300 round=22/40 episode=14/30 sample=zero_boundary_029 soc=0.7999 fc=0
progress step=252350 round=22/40 episode=14/30 sample=zero_boundary_029 soc=0.7866 fc=0
progress step=252400 round=22/40 episode=14/30 sample=zero_boundary_029 soc=0.7105 fc=50
progress step=252450 round=22/40 episode=14/30 sample=zero_boundary_029 soc=0.6512 fc=530
progress step=252500 round=22/40 episode=14/30 sample=zero_boundary_029 soc=0.5545 fc=300
progress step=252550 round=22/40 episode=15/30 sample=zero_boundary_033 soc=0.6278 fc=180
progress step=252600 round=22/40 episode=15/30 sample=zero_boundary_033 soc=0.5426 fc=0
progress step=252650 round=22/40 episode=15/30 sample=zero_boundary_033 soc=0.3133 fc=300
progress step=252700 round=22/40 episode=15/30 sample=zero_boundary_033 soc=0.2095 fc=590
progress step=252750 round=22/40 episode=15/30 sample=zero_boundary_033 soc=0.2436 fc=170
progress step=252800 round=22/40 episode=15/30 sample=zero_boundary_033 soc=0.2009 fc=600
progress step=252850 round=22/40 episode=15/30 sample=zero_boundary_033 soc=0.2360 fc=540
progress step=252900 round=22/40 episode=15/30 sample=zero_boundary_033 soc=0.3292 fc=460
progress step=252950 round=22/40 episode=15/30 sample=zero_boundary_033 soc=0.4072 fc=600
progress step=253000 round=22/40 episode=15/30 sample=zero_boundary_033 soc=0.5044 fc=0
progress step=253050 round=22/40 episode=15/30 sample=zero_boundary_033 soc=0.6170 fc=330
progress step=253100 round=22/40 episode=15/30 sample=zero_boundary_033 soc=0.7529 fc=360
progress step=253150 round=22/40 episode=15/30 sample=zero_boundary_033 soc=0.8000 fc=0
progress step=253200 round=22/40 episode=15/30 sample=zero_boundary_033 soc=0.7999 fc=0
progress step=253250 round=22/40 episode=15/30 sample=zero_boundary_033 soc=0.7999 fc=0
progress step=253300 round=22/40 episode=15/30 sample=zero_boundary_033 soc=0.7997 fc=0
progress step=253350 round=22/40 episode=15/30 sample=zero_boundary_033 soc=0.7999 fc=10
progress step=253400 round=22/40 episode=15/30 sample=zero_boundary_033 soc=0.7994 fc=30
progress step=253450 round=22/40 episode=15/30 sample=zero_boundary_033 soc=0.7992 fc=0
progress step=253500 round=22/40 episode=16/30 sample=zero_boundary_034 soc=0.6286 fc=240
progress step=253550 round=22/40 episode=16/30 sample=zero_boundary_034 soc=0.7178 fc=230
progress step=253600 round=22/40 episode=16/30 sample=zero_boundary_034 soc=0.8000 fc=0
progress step=253650 round=22/40 episode=16/30 sample=zero_boundary_034 soc=0.8000 fc=0
progress step=253700 round=22/40 episode=16/30 sample=zero_boundary_034 soc=0.8000 fc=0
progress step=253750 round=22/40 episode=16/30 sample=zero_boundary_034 soc=0.8000 fc=0
progress step=253800 round=22/40 episode=16/30 sample=zero_boundary_034 soc=0.8000 fc=0
progress step=253850 round=22/40 episode=16/30 sample=zero_boundary_034 soc=0.8000 fc=0
progress step=253900 round=22/40 episode=16/30 sample=zero_boundary_034 soc=0.8000 fc=0
progress step=253950 round=22/40 episode=16/30 sample=zero_boundary_034 soc=0.8000 fc=0
progress step=254000 round=22/40 episode=16/30 sample=zero_boundary_034 soc=0.8000 fc=0
progress step=254050 round=22/40 episode=16/30 sample=zero_boundary_034 soc=0.8000 fc=0
progress step=254100 round=22/40 episode=16/30 sample=zero_boundary_034 soc=0.8000 fc=0
progress step=254150 round=22/40 episode=16/30 sample=zero_boundary_034 soc=0.8000 fc=0
progress step=254200 round=22/40 episode=16/30 sample=zero_boundary_034 soc=0.8000 fc=0
progress step=254250 round=22/40 episode=16/30 sample=zero_boundary_034 soc=0.8000 fc=0
progress step=254300 round=22/40 episode=16/30 sample=zero_boundary_034 soc=0.8000 fc=0
progress step=254350 round=22/40 episode=16/30 sample=zero_boundary_034 soc=0.7997 fc=0
progress step=254400 round=22/40 episode=16/30 sample=zero_boundary_034 soc=0.7942 fc=0
progress step=254450 round=22/40 episode=16/30 sample=zero_boundary_034 soc=0.7782 fc=0
progress step=254500 round=22/40 episode=16/30 sample=zero_boundary_034 soc=0.7737 fc=0
progress step=254550 round=22/40 episode=16/30 sample=zero_boundary_034 soc=0.7642 fc=130
progress step=254600 round=22/40 episode=16/30 sample=zero_boundary_034 soc=0.6759 fc=0
progress step=254650 round=22/40 episode=16/30 sample=zero_boundary_034 soc=0.7328 fc=0
progress step=254700 round=22/40 episode=16/30 sample=zero_boundary_034 soc=0.7997 fc=10
progress step=254750 round=22/40 episode=16/30 sample=zero_boundary_034 soc=0.7999 fc=0
progress step=254800 round=22/40 episode=16/30 sample=zero_boundary_034 soc=0.7999 fc=0
progress step=254850 round=22/40 episode=16/30 sample=zero_boundary_034 soc=0.7999 fc=0
progress step=254900 round=22/40 episode=16/30 sample=zero_boundary_034 soc=0.7999 fc=0
progress step=254950 round=22/40 episode=16/30 sample=zero_boundary_034 soc=0.7999 fc=0
progress step=255000 round=22/40 episode=16/30 sample=zero_boundary_034 soc=0.7999 fc=0
progress step=255050 round=22/40 episode=16/30 sample=zero_boundary_034 soc=0.7999 fc=0
progress step=255100 round=22/40 episode=16/30 sample=zero_boundary_034 soc=0.7999 fc=10
progress step=255150 round=22/40 episode=17/30 sample=zero_boundary_037 soc=0.6223 fc=0
progress step=255200 round=22/40 episode=17/30 sample=zero_boundary_037 soc=0.5643 fc=0
progress step=255250 round=22/40 episode=17/30 sample=zero_boundary_037 soc=0.4794 fc=0
progress step=255300 round=22/40 episode=17/30 sample=zero_boundary_037 soc=0.3968 fc=600
progress step=255350 round=22/40 episode=17/30 sample=zero_boundary_037 soc=0.3448 fc=160
progress step=255400 round=22/40 episode=17/30 sample=zero_boundary_037 soc=0.2003 fc=450
progress step=255450 round=22/40 episode=18/30 sample=zero_boundary_038 soc=0.5704 fc=600
progress step=255500 round=22/40 episode=18/30 sample=zero_boundary_038 soc=0.3742 fc=0
progress step=255550 round=22/40 episode=18/30 sample=zero_boundary_038 soc=0.2478 fc=210
progress step=255600 round=22/40 episode=19/30 sample=zero_boundary_040 soc=0.5757 fc=110
progress step=255650 round=22/40 episode=19/30 sample=zero_boundary_040 soc=0.4027 fc=500
progress step=255700 round=22/40 episode=19/30 sample=zero_boundary_040 soc=0.2053 fc=130
progress step=255750 round=22/40 episode=20/30 sample=zero_boundary_041 soc=0.6136 fc=0
progress step=255800 round=22/40 episode=20/30 sample=zero_boundary_041 soc=0.4425 fc=0
progress step=255850 round=22/40 episode=21/30 sample=zero_boundary_042 soc=0.6063 fc=540
progress step=255900 round=22/40 episode=21/30 sample=zero_boundary_042 soc=0.5773 fc=450
progress step=255950 round=22/40 episode=21/30 sample=zero_boundary_042 soc=0.3496 fc=0
progress step=256000 round=22/40 episode=22/30 sample=zero_boundary_044 soc=0.6055 fc=430
progress step=256050 round=22/40 episode=22/30 sample=zero_boundary_044 soc=0.4190 fc=0
progress step=256100 round=22/40 episode=23/30 sample=zero_boundary_045 soc=0.6256 fc=0
progress step=256150 round=22/40 episode=23/30 sample=zero_boundary_045 soc=0.5315 fc=0
progress step=256200 round=22/40 episode=23/30 sample=zero_boundary_045 soc=0.3003 fc=110
progress step=256250 round=22/40 episode=24/30 sample=zero_boundary_046 soc=0.5997 fc=180
progress step=256300 round=22/40 episode=24/30 sample=zero_boundary_046 soc=0.4050 fc=0
progress step=256350 round=22/40 episode=24/30 sample=zero_boundary_046 soc=0.2003 fc=600
progress step=256400 round=22/40 episode=25/30 sample=zero_boundary_048 soc=0.5293 fc=0
progress step=256450 round=22/40 episode=25/30 sample=zero_boundary_048 soc=0.2591 fc=0
progress step=256500 round=22/40 episode=25/30 sample=zero_boundary_048 soc=0.2089 fc=170
progress step=256550 round=22/40 episode=25/30 sample=zero_boundary_048 soc=0.2250 fc=0
progress step=256600 round=22/40 episode=26/30 sample=zero_boundary_049 soc=0.6148 fc=510
progress step=256650 round=22/40 episode=26/30 sample=zero_boundary_049 soc=0.5515 fc=0
progress step=256700 round=22/40 episode=26/30 sample=zero_boundary_049 soc=0.4274 fc=260
progress step=256750 round=22/40 episode=26/30 sample=zero_boundary_049 soc=0.3074 fc=250
progress step=256800 round=22/40 episode=26/30 sample=zero_boundary_049 soc=0.2377 fc=390
progress step=256850 round=22/40 episode=26/30 sample=zero_boundary_049 soc=0.2213 fc=0
progress step=256900 round=22/40 episode=27/30 sample=zero_boundary_050 soc=0.5860 fc=400
progress step=256950 round=22/40 episode=27/30 sample=zero_boundary_050 soc=0.3323 fc=70
progress step=257000 round=22/40 episode=27/30 sample=zero_boundary_050 soc=0.2002 fc=590
progress step=257050 round=22/40 episode=28/30 sample=zero_boundary_051 soc=0.5669 fc=0
progress step=257100 round=22/40 episode=28/30 sample=zero_boundary_051 soc=0.4645 fc=0
progress step=257150 round=22/40 episode=28/30 sample=zero_boundary_051 soc=0.3685 fc=0
progress step=257200 round=22/40 episode=29/30 sample=zero_boundary_052 soc=0.6129 fc=110
progress step=257250 round=22/40 episode=29/30 sample=zero_boundary_052 soc=0.2959 fc=0
progress step=257300 round=22/40 episode=30/30 sample=zero_boundary_053 soc=0.6418 fc=0
progress step=257350 round=22/40 episode=30/30 sample=zero_boundary_053 soc=0.3911 fc=120
progress step=257400 round=22/40 episode=30/30 sample=zero_boundary_053 soc=0.2213 fc=0
progress step=257450 round=22/40 episode=30/30 sample=zero_boundary_053 soc=0.2055 fc=600
progress step=257500 round=22/40 episode=30/30 sample=zero_boundary_053 soc=0.2183 fc=560
round 22/40 exploratory=13/30 greedy_train start
MONITOR round=22 exploratory=13/30 greedy_train=10/30 validation=SKIPPED cost=None updates=6624 best_round=7
round 23/40 start epsilon=0.4641
progress step=257550 round=23/40 episode=1/30 sample=zero_boundary_002 soc=0.6259 fc=260
progress step=257600 round=23/40 episode=1/30 sample=zero_boundary_002 soc=0.3258 fc=190
progress step=257650 round=23/40 episode=2/30 sample=zero_boundary_005 soc=0.5968 fc=0
progress step=257700 round=23/40 episode=2/30 sample=zero_boundary_005 soc=0.4336 fc=0
progress step=257750 round=23/40 episode=2/30 sample=zero_boundary_005 soc=0.3022 fc=0
progress step=257800 round=23/40 episode=2/30 sample=zero_boundary_005 soc=0.2002 fc=530
progress step=257850 round=23/40 episode=2/30 sample=zero_boundary_005 soc=0.2001 fc=440
progress step=257900 round=23/40 episode=2/30 sample=zero_boundary_005 soc=0.2115 fc=0
progress step=257950 round=23/40 episode=3/30 sample=zero_boundary_006 soc=0.6183 fc=40
progress step=258000 round=23/40 episode=3/30 sample=zero_boundary_006 soc=0.5804 fc=0
progress step=258050 round=23/40 episode=3/30 sample=zero_boundary_006 soc=0.5785 fc=370
progress step=258100 round=23/40 episode=3/30 sample=zero_boundary_006 soc=0.5830 fc=0
progress step=258150 round=23/40 episode=3/30 sample=zero_boundary_006 soc=0.5929 fc=160
progress step=258200 round=23/40 episode=3/30 sample=zero_boundary_006 soc=0.5510 fc=590
progress step=258250 round=23/40 episode=3/30 sample=zero_boundary_006 soc=0.5241 fc=180
progress step=258300 round=23/40 episode=4/30 sample=zero_boundary_007 soc=0.5594 fc=580
progress step=258350 round=23/40 episode=4/30 sample=zero_boundary_007 soc=0.3542 fc=290
progress step=258400 round=23/40 episode=4/30 sample=zero_boundary_007 soc=0.2572 fc=430
progress step=258450 round=23/40 episode=4/30 sample=zero_boundary_007 soc=0.2342 fc=30
progress step=258500 round=23/40 episode=4/30 sample=zero_boundary_007 soc=0.2003 fc=340
progress step=258550 round=23/40 episode=5/30 sample=zero_boundary_008 soc=0.6000 fc=30
progress step=258600 round=23/40 episode=5/30 sample=zero_boundary_008 soc=0.3658 fc=550
progress step=258650 round=23/40 episode=6/30 sample=zero_boundary_011 soc=0.6763 fc=250
progress step=258700 round=23/40 episode=6/30 sample=zero_boundary_011 soc=0.6674 fc=220
progress step=258750 round=23/40 episode=6/30 sample=zero_boundary_011 soc=0.4114 fc=30
progress step=258800 round=23/40 episode=6/30 sample=zero_boundary_011 soc=0.2001 fc=490
progress step=258850 round=23/40 episode=7/30 sample=zero_boundary_013 soc=0.6301 fc=30
progress step=258900 round=23/40 episode=7/30 sample=zero_boundary_013 soc=0.6271 fc=30
progress step=258950 round=23/40 episode=7/30 sample=zero_boundary_013 soc=0.5356 fc=30
progress step=259000 round=23/40 episode=7/30 sample=zero_boundary_013 soc=0.3670 fc=230
progress step=259050 round=23/40 episode=7/30 sample=zero_boundary_013 soc=0.3419 fc=30
progress step=259100 round=23/40 episode=7/30 sample=zero_boundary_013 soc=0.2800 fc=30
progress step=259150 round=23/40 episode=7/30 sample=zero_boundary_013 soc=0.2306 fc=30
progress step=259200 round=23/40 episode=8/30 sample=zero_boundary_015 soc=0.6106 fc=0
progress step=259250 round=23/40 episode=8/30 sample=zero_boundary_015 soc=0.4582 fc=0
progress step=259300 round=23/40 episode=9/30 sample=zero_boundary_016 soc=0.6064 fc=100
progress step=259350 round=23/40 episode=9/30 sample=zero_boundary_016 soc=0.6553 fc=290
progress step=259400 round=23/40 episode=9/30 sample=zero_boundary_016 soc=0.4450 fc=230
progress step=259450 round=23/40 episode=10/30 sample=zero_boundary_017 soc=0.5783 fc=0
progress step=259500 round=23/40 episode=10/30 sample=zero_boundary_017 soc=0.2723 fc=0
progress step=259550 round=23/40 episode=11/30 sample=zero_boundary_020 soc=0.5481 fc=0
progress step=259600 round=23/40 episode=11/30 sample=zero_boundary_020 soc=0.4416 fc=230
progress step=259650 round=23/40 episode=12/30 sample=zero_boundary_021 soc=0.6447 fc=310
progress step=259700 round=23/40 episode=12/30 sample=zero_boundary_021 soc=0.6121 fc=290
progress step=259750 round=23/40 episode=12/30 sample=zero_boundary_021 soc=0.4326 fc=180
progress step=259800 round=23/40 episode=12/30 sample=zero_boundary_021 soc=0.2361 fc=0
progress step=259850 round=23/40 episode=12/30 sample=zero_boundary_021 soc=0.2278 fc=310
progress step=259900 round=23/40 episode=13/30 sample=zero_boundary_022 soc=0.5482 fc=230
progress step=259950 round=23/40 episode=13/30 sample=zero_boundary_022 soc=0.3907 fc=0
progress step=260000 round=23/40 episode=13/30 sample=zero_boundary_022 soc=0.3452 fc=160
progress step=260050 round=23/40 episode=14/30 sample=zero_boundary_029 soc=0.6254 fc=500
progress step=260100 round=23/40 episode=14/30 sample=zero_boundary_029 soc=0.6089 fc=0
progress step=260150 round=23/40 episode=14/30 sample=zero_boundary_029 soc=0.4858 fc=230
progress step=260200 round=23/40 episode=14/30 sample=zero_boundary_029 soc=0.3770 fc=0
progress step=260250 round=23/40 episode=14/30 sample=zero_boundary_029 soc=0.3315 fc=40
progress step=260300 round=23/40 episode=14/30 sample=zero_boundary_029 soc=0.2626 fc=280
progress step=260350 round=23/40 episode=14/30 sample=zero_boundary_029 soc=0.2052 fc=540
progress step=260400 round=23/40 episode=14/30 sample=zero_boundary_029 soc=0.2499 fc=0
progress step=260450 round=23/40 episode=14/30 sample=zero_boundary_029 soc=0.3268 fc=590
progress step=260500 round=23/40 episode=14/30 sample=zero_boundary_029 soc=0.4260 fc=40
progress step=260550 round=23/40 episode=14/30 sample=zero_boundary_029 soc=0.4958 fc=280
progress step=260600 round=23/40 episode=14/30 sample=zero_boundary_029 soc=0.5611 fc=270
progress step=260650 round=23/40 episode=14/30 sample=zero_boundary_029 soc=0.6868 fc=0
progress step=260700 round=23/40 episode=14/30 sample=zero_boundary_029 soc=0.7543 fc=0
progress step=260750 round=23/40 episode=14/30 sample=zero_boundary_029 soc=0.7999 fc=0
progress step=260800 round=23/40 episode=14/30 sample=zero_boundary_029 soc=0.7999 fc=0
progress step=260850 round=23/40 episode=14/30 sample=zero_boundary_029 soc=0.7999 fc=0
progress step=260900 round=23/40 episode=14/30 sample=zero_boundary_029 soc=0.7999 fc=0
progress step=260950 round=23/40 episode=14/30 sample=zero_boundary_029 soc=0.7845 fc=500
progress step=261000 round=23/40 episode=14/30 sample=zero_boundary_029 soc=0.7141 fc=0
progress step=261050 round=23/40 episode=14/30 sample=zero_boundary_029 soc=0.6442 fc=0
progress step=261100 round=23/40 episode=14/30 sample=zero_boundary_029 soc=0.5881 fc=290
progress step=261150 round=23/40 episode=15/30 sample=zero_boundary_033 soc=0.6500 fc=40
progress step=261200 round=23/40 episode=15/30 sample=zero_boundary_033 soc=0.5034 fc=0
progress step=261250 round=23/40 episode=15/30 sample=zero_boundary_033 soc=0.3346 fc=0
progress step=261300 round=23/40 episode=15/30 sample=zero_boundary_033 soc=0.2002 fc=550
progress step=261350 round=23/40 episode=15/30 sample=zero_boundary_033 soc=0.2183 fc=0
progress step=261400 round=23/40 episode=15/30 sample=zero_boundary_033 soc=0.2000 fc=550
progress step=261450 round=23/40 episode=15/30 sample=zero_boundary_033 soc=0.2423 fc=0
progress step=261500 round=23/40 episode=15/30 sample=zero_boundary_033 soc=0.3533 fc=530
progress step=261550 round=23/40 episode=15/30 sample=zero_boundary_033 soc=0.4309 fc=30
progress step=261600 round=23/40 episode=15/30 sample=zero_boundary_033 soc=0.4812 fc=240
progress step=261650 round=23/40 episode=15/30 sample=zero_boundary_033 soc=0.5660 fc=600
progress step=261700 round=23/40 episode=15/30 sample=zero_boundary_033 soc=0.6641 fc=140
progress step=261750 round=23/40 episode=15/30 sample=zero_boundary_033 soc=0.7430 fc=160
progress step=261800 round=23/40 episode=15/30 sample=zero_boundary_033 soc=0.7999 fc=0
progress step=261850 round=23/40 episode=15/30 sample=zero_boundary_033 soc=0.7998 fc=10
progress step=261900 round=23/40 episode=15/30 sample=zero_boundary_033 soc=0.7998 fc=0
progress step=261950 round=23/40 episode=15/30 sample=zero_boundary_033 soc=0.7989 fc=0
progress step=262000 round=23/40 episode=15/30 sample=zero_boundary_033 soc=0.7980 fc=0
progress step=262050 round=23/40 episode=15/30 sample=zero_boundary_033 soc=0.7990 fc=0
progress step=262100 round=23/40 episode=16/30 sample=zero_boundary_034 soc=0.6193 fc=340
progress step=262150 round=23/40 episode=16/30 sample=zero_boundary_034 soc=0.7194 fc=0
progress step=262200 round=23/40 episode=16/30 sample=zero_boundary_034 soc=0.7995 fc=0
progress step=262250 round=23/40 episode=16/30 sample=zero_boundary_034 soc=0.8000 fc=0
progress step=262300 round=23/40 episode=16/30 sample=zero_boundary_034 soc=0.8000 fc=0
progress step=262350 round=23/40 episode=16/30 sample=zero_boundary_034 soc=0.8000 fc=0
progress step=262400 round=23/40 episode=16/30 sample=zero_boundary_034 soc=0.8000 fc=0
progress step=262450 round=23/40 episode=16/30 sample=zero_boundary_034 soc=0.8000 fc=0
progress step=262500 round=23/40 episode=16/30 sample=zero_boundary_034 soc=0.8000 fc=0
progress step=262550 round=23/40 episode=16/30 sample=zero_boundary_034 soc=0.8000 fc=0
progress step=262600 round=23/40 episode=16/30 sample=zero_boundary_034 soc=0.8000 fc=0
progress step=262650 round=23/40 episode=16/30 sample=zero_boundary_034 soc=0.8000 fc=0
progress step=262700 round=23/40 episode=16/30 sample=zero_boundary_034 soc=0.8000 fc=0
progress step=262750 round=23/40 episode=16/30 sample=zero_boundary_034 soc=0.8000 fc=0
progress step=262800 round=23/40 episode=16/30 sample=zero_boundary_034 soc=0.8000 fc=0
progress step=262850 round=23/40 episode=16/30 sample=zero_boundary_034 soc=0.8000 fc=0
progress step=262900 round=23/40 episode=16/30 sample=zero_boundary_034 soc=0.8000 fc=0
progress step=262950 round=23/40 episode=16/30 sample=zero_boundary_034 soc=0.7977 fc=50
progress step=263000 round=23/40 episode=16/30 sample=zero_boundary_034 soc=0.7990 fc=0
progress step=263050 round=23/40 episode=16/30 sample=zero_boundary_034 soc=0.7671 fc=0
progress step=263100 round=23/40 episode=16/30 sample=zero_boundary_034 soc=0.7178 fc=0
progress step=263150 round=23/40 episode=16/30 sample=zero_boundary_034 soc=0.6775 fc=0
progress step=263200 round=23/40 episode=16/30 sample=zero_boundary_034 soc=0.6022 fc=0
progress step=263250 round=23/40 episode=16/30 sample=zero_boundary_034 soc=0.6596 fc=0
progress step=263300 round=23/40 episode=16/30 sample=zero_boundary_034 soc=0.7723 fc=150
progress step=263350 round=23/40 episode=16/30 sample=zero_boundary_034 soc=0.7999 fc=0
progress step=263400 round=23/40 episode=16/30 sample=zero_boundary_034 soc=0.7999 fc=0
progress step=263450 round=23/40 episode=16/30 sample=zero_boundary_034 soc=0.7999 fc=0
progress step=263500 round=23/40 episode=16/30 sample=zero_boundary_034 soc=0.7999 fc=0
progress step=263550 round=23/40 episode=16/30 sample=zero_boundary_034 soc=0.7999 fc=0
progress step=263600 round=23/40 episode=16/30 sample=zero_boundary_034 soc=0.7999 fc=0
progress step=263650 round=23/40 episode=16/30 sample=zero_boundary_034 soc=0.7999 fc=0
progress step=263700 round=23/40 episode=16/30 sample=zero_boundary_034 soc=0.7982 fc=0
progress step=263750 round=23/40 episode=17/30 sample=zero_boundary_037 soc=0.6188 fc=410
progress step=263800 round=23/40 episode=17/30 sample=zero_boundary_037 soc=0.5790 fc=0
progress step=263850 round=23/40 episode=17/30 sample=zero_boundary_037 soc=0.5158 fc=170
progress step=263900 round=23/40 episode=17/30 sample=zero_boundary_037 soc=0.4994 fc=0
progress step=263950 round=23/40 episode=17/30 sample=zero_boundary_037 soc=0.3952 fc=60
progress step=264000 round=23/40 episode=17/30 sample=zero_boundary_037 soc=0.2120 fc=0
progress step=264050 round=23/40 episode=17/30 sample=zero_boundary_037 soc=0.2004 fc=570
progress step=264100 round=23/40 episode=17/30 sample=zero_boundary_037 soc=0.2227 fc=260
progress step=264150 round=23/40 episode=17/30 sample=zero_boundary_037 soc=0.2637 fc=570
progress step=264200 round=23/40 episode=17/30 sample=zero_boundary_037 soc=0.3263 fc=0
progress step=264250 round=23/40 episode=17/30 sample=zero_boundary_037 soc=0.4085 fc=0
progress step=264300 round=23/40 episode=17/30 sample=zero_boundary_037 soc=0.4288 fc=360
progress step=264350 round=23/40 episode=17/30 sample=zero_boundary_037 soc=0.4609 fc=440
progress step=264400 round=23/40 episode=17/30 sample=zero_boundary_037 soc=0.5099 fc=0
progress step=264450 round=23/40 episode=17/30 sample=zero_boundary_037 soc=0.5660 fc=0
progress step=264500 round=23/40 episode=17/30 sample=zero_boundary_037 soc=0.6211 fc=0
progress step=264550 round=23/40 episode=17/30 sample=zero_boundary_037 soc=0.6476 fc=0
progress step=264600 round=23/40 episode=17/30 sample=zero_boundary_037 soc=0.6902 fc=250
progress step=264650 round=23/40 episode=17/30 sample=zero_boundary_037 soc=0.7546 fc=0
progress step=264700 round=23/40 episode=17/30 sample=zero_boundary_037 soc=0.7928 fc=70
progress step=264750 round=23/40 episode=17/30 sample=zero_boundary_037 soc=0.8000 fc=0
progress step=264800 round=23/40 episode=17/30 sample=zero_boundary_037 soc=0.8000 fc=0
progress step=264850 round=23/40 episode=17/30 sample=zero_boundary_037 soc=0.7997 fc=20
progress step=264900 round=23/40 episode=17/30 sample=zero_boundary_037 soc=0.7993 fc=0
progress step=264950 round=23/40 episode=17/30 sample=zero_boundary_037 soc=0.7946 fc=0
progress step=265000 round=23/40 episode=17/30 sample=zero_boundary_037 soc=0.7985 fc=0
progress step=265050 round=23/40 episode=17/30 sample=zero_boundary_037 soc=0.7984 fc=0
progress step=265100 round=23/40 episode=17/30 sample=zero_boundary_037 soc=0.7986 fc=0
progress step=265150 round=23/40 episode=17/30 sample=zero_boundary_037 soc=0.7985 fc=120
progress step=265200 round=23/40 episode=17/30 sample=zero_boundary_037 soc=0.7994 fc=0
progress step=265250 round=23/40 episode=17/30 sample=zero_boundary_037 soc=0.7972 fc=0
progress step=265300 round=23/40 episode=17/30 sample=zero_boundary_037 soc=0.7998 fc=0
progress step=265350 round=23/40 episode=17/30 sample=zero_boundary_037 soc=0.7980 fc=120
progress step=265400 round=23/40 episode=17/30 sample=zero_boundary_037 soc=0.7986 fc=40
progress step=265450 round=23/40 episode=17/30 sample=zero_boundary_037 soc=0.7983 fc=0
progress step=265500 round=23/40 episode=17/30 sample=zero_boundary_037 soc=0.7976 fc=210
progress step=265550 round=23/40 episode=17/30 sample=zero_boundary_037 soc=0.7971 fc=0
progress step=265600 round=23/40 episode=17/30 sample=zero_boundary_037 soc=0.7997 fc=40
progress step=265650 round=23/40 episode=18/30 sample=zero_boundary_038 soc=0.6017 fc=90
progress step=265700 round=23/40 episode=18/30 sample=zero_boundary_038 soc=0.4319 fc=0
progress step=265750 round=23/40 episode=18/30 sample=zero_boundary_038 soc=0.3155 fc=280
progress step=265800 round=23/40 episode=19/30 sample=zero_boundary_040 soc=0.6034 fc=0
progress step=265850 round=23/40 episode=19/30 sample=zero_boundary_040 soc=0.4679 fc=510
progress step=265900 round=23/40 episode=19/30 sample=zero_boundary_040 soc=0.2501 fc=170
progress step=265950 round=23/40 episode=19/30 sample=zero_boundary_040 soc=0.2008 fc=490
progress step=266000 round=23/40 episode=19/30 sample=zero_boundary_040 soc=0.2014 fc=590
progress step=266050 round=23/40 episode=20/30 sample=zero_boundary_041 soc=0.6000 fc=0
progress step=266100 round=23/40 episode=20/30 sample=zero_boundary_041 soc=0.4242 fc=0
progress step=266150 round=23/40 episode=20/30 sample=zero_boundary_041 soc=0.2002 fc=540
progress step=266200 round=23/40 episode=21/30 sample=zero_boundary_042 soc=0.5634 fc=0
progress step=266250 round=23/40 episode=21/30 sample=zero_boundary_042 soc=0.2614 fc=550
progress step=266300 round=23/40 episode=22/30 sample=zero_boundary_044 soc=0.6025 fc=100
progress step=266350 round=23/40 episode=22/30 sample=zero_boundary_044 soc=0.3485 fc=0
progress step=266400 round=23/40 episode=23/30 sample=zero_boundary_045 soc=0.6229 fc=0
progress step=266450 round=23/40 episode=23/30 sample=zero_boundary_045 soc=0.4617 fc=0
progress step=266500 round=23/40 episode=23/30 sample=zero_boundary_045 soc=0.2373 fc=50
progress step=266550 round=23/40 episode=24/30 sample=zero_boundary_046 soc=0.5384 fc=180
progress step=266600 round=23/40 episode=24/30 sample=zero_boundary_046 soc=0.3010 fc=0
progress step=266650 round=23/40 episode=25/30 sample=zero_boundary_048 soc=0.6125 fc=0
progress step=266700 round=23/40 episode=25/30 sample=zero_boundary_048 soc=0.4228 fc=0
progress step=266750 round=23/40 episode=25/30 sample=zero_boundary_048 soc=0.2005 fc=440
progress step=266800 round=23/40 episode=25/30 sample=zero_boundary_048 soc=0.2015 fc=210
progress step=266850 round=23/40 episode=25/30 sample=zero_boundary_048 soc=0.2042 fc=30
progress step=266900 round=23/40 episode=26/30 sample=zero_boundary_049 soc=0.6202 fc=0
progress step=266950 round=23/40 episode=26/30 sample=zero_boundary_049 soc=0.4839 fc=0
progress step=267000 round=23/40 episode=26/30 sample=zero_boundary_049 soc=0.3859 fc=0
progress step=267050 round=23/40 episode=26/30 sample=zero_boundary_049 soc=0.2521 fc=0
progress step=267100 round=23/40 episode=26/30 sample=zero_boundary_049 soc=0.2023 fc=270
progress step=267150 round=23/40 episode=27/30 sample=zero_boundary_050 soc=0.5999 fc=0
progress step=267200 round=23/40 episode=27/30 sample=zero_boundary_050 soc=0.5062 fc=50
progress step=267250 round=23/40 episode=27/30 sample=zero_boundary_050 soc=0.2376 fc=180
progress step=267300 round=23/40 episode=27/30 sample=zero_boundary_050 soc=0.2017 fc=600
progress step=267350 round=23/40 episode=28/30 sample=zero_boundary_051 soc=0.5285 fc=10
progress step=267400 round=23/40 episode=28/30 sample=zero_boundary_051 soc=0.4163 fc=0
progress step=267450 round=23/40 episode=28/30 sample=zero_boundary_051 soc=0.3529 fc=570
progress step=267500 round=23/40 episode=29/30 sample=zero_boundary_052 soc=0.5094 fc=430
progress step=267550 round=23/40 episode=30/30 sample=zero_boundary_053 soc=0.6254 fc=0
progress step=267600 round=23/40 episode=30/30 sample=zero_boundary_053 soc=0.6035 fc=320
progress step=267650 round=23/40 episode=30/30 sample=zero_boundary_053 soc=0.3538 fc=0
progress step=267700 round=23/40 episode=30/30 sample=zero_boundary_053 soc=0.2664 fc=300
progress step=267750 round=23/40 episode=30/30 sample=zero_boundary_053 soc=0.2012 fc=290
round 23/40 exploratory=14/30 greedy_train start
MONITOR round=23 exploratory=14/30 greedy_train=10/30 validation=SKIPPED cost=None updates=6848 best_round=7
round 24/40 start epsilon=0.4397
progress step=267800 round=24/40 episode=1/30 sample=zero_boundary_002 soc=0.6061 fc=0
progress step=267850 round=24/40 episode=1/30 sample=zero_boundary_002 soc=0.5739 fc=130
progress step=267900 round=24/40 episode=2/30 sample=zero_boundary_005 soc=0.6000 fc=150
progress step=267950 round=24/40 episode=2/30 sample=zero_boundary_005 soc=0.5464 fc=0
progress step=268000 round=24/40 episode=2/30 sample=zero_boundary_005 soc=0.2343 fc=0
progress step=268050 round=24/40 episode=2/30 sample=zero_boundary_005 soc=0.2005 fc=490
progress step=268100 round=24/40 episode=2/30 sample=zero_boundary_005 soc=0.2016 fc=400
progress step=268150 round=24/40 episode=2/30 sample=zero_boundary_005 soc=0.2027 fc=0
progress step=268200 round=24/40 episode=3/30 sample=zero_boundary_006 soc=0.6004 fc=0
progress step=268250 round=24/40 episode=3/30 sample=zero_boundary_006 soc=0.6294 fc=0
progress step=268300 round=24/40 episode=3/30 sample=zero_boundary_006 soc=0.6242 fc=0
progress step=268350 round=24/40 episode=3/30 sample=zero_boundary_006 soc=0.6424 fc=0
progress step=268400 round=24/40 episode=3/30 sample=zero_boundary_006 soc=0.6369 fc=0
progress step=268450 round=24/40 episode=3/30 sample=zero_boundary_006 soc=0.6367 fc=0
progress step=268500 round=24/40 episode=3/30 sample=zero_boundary_006 soc=0.6298 fc=0
progress step=268550 round=24/40 episode=4/30 sample=zero_boundary_007 soc=0.6027 fc=20
progress step=268600 round=24/40 episode=4/30 sample=zero_boundary_007 soc=0.5017 fc=30
progress step=268650 round=24/40 episode=4/30 sample=zero_boundary_007 soc=0.3712 fc=210
progress step=268700 round=24/40 episode=4/30 sample=zero_boundary_007 soc=0.3030 fc=20
progress step=268750 round=24/40 episode=4/30 sample=zero_boundary_007 soc=0.2245 fc=30
progress step=268800 round=24/40 episode=4/30 sample=zero_boundary_007 soc=0.2002 fc=340
progress step=268850 round=24/40 episode=5/30 sample=zero_boundary_008 soc=0.6356 fc=150
progress step=268900 round=24/40 episode=5/30 sample=zero_boundary_008 soc=0.2065 fc=470
progress step=268950 round=24/40 episode=6/30 sample=zero_boundary_011 soc=0.6804 fc=420
progress step=269000 round=24/40 episode=6/30 sample=zero_boundary_011 soc=0.5673 fc=30
progress step=269050 round=24/40 episode=6/30 sample=zero_boundary_011 soc=0.2920 fc=30
progress step=269100 round=24/40 episode=6/30 sample=zero_boundary_011 soc=0.2016 fc=290
progress step=269150 round=24/40 episode=7/30 sample=zero_boundary_013 soc=0.6390 fc=190
progress step=269200 round=24/40 episode=7/30 sample=zero_boundary_013 soc=0.5934 fc=140
progress step=269250 round=24/40 episode=7/30 sample=zero_boundary_013 soc=0.4278 fc=30
progress step=269300 round=24/40 episode=7/30 sample=zero_boundary_013 soc=0.3174 fc=30
progress step=269350 round=24/40 episode=7/30 sample=zero_boundary_013 soc=0.2812 fc=30
progress step=269400 round=24/40 episode=7/30 sample=zero_boundary_013 soc=0.2107 fc=30
progress step=269450 round=24/40 episode=7/30 sample=zero_boundary_013 soc=0.2412 fc=240
progress step=269500 round=24/40 episode=8/30 sample=zero_boundary_015 soc=0.5585 fc=0
progress step=269550 round=24/40 episode=8/30 sample=zero_boundary_015 soc=0.4246 fc=0
progress step=269600 round=24/40 episode=9/30 sample=zero_boundary_016 soc=0.6272 fc=70
progress step=269650 round=24/40 episode=9/30 sample=zero_boundary_016 soc=0.6187 fc=180
progress step=269700 round=24/40 episode=9/30 sample=zero_boundary_016 soc=0.3418 fc=0
progress step=269750 round=24/40 episode=10/30 sample=zero_boundary_017 soc=0.5308 fc=540
progress step=269800 round=24/40 episode=11/30 sample=zero_boundary_020 soc=0.6046 fc=0
progress step=269850 round=24/40 episode=11/30 sample=zero_boundary_020 soc=0.5605 fc=390
progress step=269900 round=24/40 episode=11/30 sample=zero_boundary_020 soc=0.4985 fc=0
progress step=269950 round=24/40 episode=12/30 sample=zero_boundary_021 soc=0.6319 fc=0
progress step=270000 round=24/40 episode=12/30 sample=zero_boundary_021 soc=0.5598 fc=0
progress step=270050 round=24/40 episode=12/30 sample=zero_boundary_021 soc=0.3584 fc=0
progress step=270100 round=24/40 episode=12/30 sample=zero_boundary_021 soc=0.2001 fc=470
progress step=270150 round=24/40 episode=13/30 sample=zero_boundary_022 soc=0.6059 fc=0
progress step=270200 round=24/40 episode=13/30 sample=zero_boundary_022 soc=0.5131 fc=600
progress step=270250 round=24/40 episode=13/30 sample=zero_boundary_022 soc=0.3905 fc=0
progress step=270300 round=24/40 episode=13/30 sample=zero_boundary_022 soc=0.3297 fc=0
progress step=270350 round=24/40 episode=14/30 sample=zero_boundary_029 soc=0.6343 fc=0
progress step=270400 round=24/40 episode=14/30 sample=zero_boundary_029 soc=0.5585 fc=0
progress step=270450 round=24/40 episode=14/30 sample=zero_boundary_029 soc=0.3744 fc=0
progress step=270500 round=24/40 episode=14/30 sample=zero_boundary_029 soc=0.2225 fc=0
progress step=270550 round=24/40 episode=14/30 sample=zero_boundary_029 soc=0.2273 fc=0
progress step=270600 round=24/40 episode=14/30 sample=zero_boundary_029 soc=0.2016 fc=510
progress step=270650 round=24/40 episode=14/30 sample=zero_boundary_029 soc=0.2012 fc=290
progress step=270700 round=24/40 episode=14/30 sample=zero_boundary_029 soc=0.2654 fc=0
progress step=270750 round=24/40 episode=14/30 sample=zero_boundary_029 soc=0.3376 fc=0
progress step=270800 round=24/40 episode=14/30 sample=zero_boundary_029 soc=0.4143 fc=0
progress step=270850 round=24/40 episode=14/30 sample=zero_boundary_029 soc=0.4959 fc=0
progress step=270900 round=24/40 episode=14/30 sample=zero_boundary_029 soc=0.5662 fc=390
progress step=270950 round=24/40 episode=14/30 sample=zero_boundary_029 soc=0.6710 fc=0
progress step=271000 round=24/40 episode=14/30 sample=zero_boundary_029 soc=0.7714 fc=330
progress step=271050 round=24/40 episode=14/30 sample=zero_boundary_029 soc=0.7999 fc=0
progress step=271100 round=24/40 episode=14/30 sample=zero_boundary_029 soc=0.7999 fc=0
progress step=271150 round=24/40 episode=14/30 sample=zero_boundary_029 soc=0.7999 fc=0
progress step=271200 round=24/40 episode=14/30 sample=zero_boundary_029 soc=0.7999 fc=0
progress step=271250 round=24/40 episode=14/30 sample=zero_boundary_029 soc=0.7497 fc=0
progress step=271300 round=24/40 episode=14/30 sample=zero_boundary_029 soc=0.6748 fc=220
progress step=271350 round=24/40 episode=14/30 sample=zero_boundary_029 soc=0.5665 fc=240
progress step=271400 round=24/40 episode=15/30 sample=zero_boundary_033 soc=0.6090 fc=0
progress step=271450 round=24/40 episode=15/30 sample=zero_boundary_033 soc=0.6274 fc=0
progress step=271500 round=24/40 episode=15/30 sample=zero_boundary_033 soc=0.4847 fc=0
progress step=271550 round=24/40 episode=15/30 sample=zero_boundary_033 soc=0.3136 fc=0
progress step=271600 round=24/40 episode=15/30 sample=zero_boundary_033 soc=0.2024 fc=460
progress step=271650 round=24/40 episode=15/30 sample=zero_boundary_033 soc=0.2001 fc=560
progress step=271700 round=24/40 episode=15/30 sample=zero_boundary_033 soc=0.2002 fc=570
progress step=271750 round=24/40 episode=15/30 sample=zero_boundary_033 soc=0.2628 fc=0
progress step=271800 round=24/40 episode=15/30 sample=zero_boundary_033 soc=0.3826 fc=290
progress step=271850 round=24/40 episode=15/30 sample=zero_boundary_033 soc=0.4473 fc=510
progress step=271900 round=24/40 episode=15/30 sample=zero_boundary_033 soc=0.5441 fc=0
progress step=271950 round=24/40 episode=15/30 sample=zero_boundary_033 soc=0.6293 fc=0
progress step=272000 round=24/40 episode=15/30 sample=zero_boundary_033 soc=0.7153 fc=0
progress step=272050 round=24/40 episode=15/30 sample=zero_boundary_033 soc=0.7907 fc=250
progress step=272100 round=24/40 episode=15/30 sample=zero_boundary_033 soc=0.7999 fc=0
progress step=272150 round=24/40 episode=15/30 sample=zero_boundary_033 soc=0.7992 fc=0
progress step=272200 round=24/40 episode=15/30 sample=zero_boundary_033 soc=0.7971 fc=0
progress step=272250 round=24/40 episode=15/30 sample=zero_boundary_033 soc=0.7969 fc=220
progress step=272300 round=24/40 episode=15/30 sample=zero_boundary_033 soc=0.7985 fc=60
progress step=272350 round=24/40 episode=15/30 sample=zero_boundary_033 soc=0.7999 fc=30
progress step=272400 round=24/40 episode=16/30 sample=zero_boundary_034 soc=0.6619 fc=180
progress step=272450 round=24/40 episode=16/30 sample=zero_boundary_034 soc=0.7577 fc=450
progress step=272500 round=24/40 episode=16/30 sample=zero_boundary_034 soc=0.7999 fc=0
progress step=272550 round=24/40 episode=16/30 sample=zero_boundary_034 soc=0.7999 fc=0
progress step=272600 round=24/40 episode=16/30 sample=zero_boundary_034 soc=0.7999 fc=0
progress step=272650 round=24/40 episode=16/30 sample=zero_boundary_034 soc=0.7999 fc=0
progress step=272700 round=24/40 episode=16/30 sample=zero_boundary_034 soc=0.7999 fc=0
progress step=272750 round=24/40 episode=16/30 sample=zero_boundary_034 soc=0.7999 fc=0
progress step=272800 round=24/40 episode=16/30 sample=zero_boundary_034 soc=0.7999 fc=0
progress step=272850 round=24/40 episode=16/30 sample=zero_boundary_034 soc=0.7999 fc=0
progress step=272900 round=24/40 episode=16/30 sample=zero_boundary_034 soc=0.7999 fc=0
progress step=272950 round=24/40 episode=16/30 sample=zero_boundary_034 soc=0.7999 fc=0
progress step=273000 round=24/40 episode=16/30 sample=zero_boundary_034 soc=0.7999 fc=0
progress step=273050 round=24/40 episode=16/30 sample=zero_boundary_034 soc=0.7999 fc=0
progress step=273100 round=24/40 episode=16/30 sample=zero_boundary_034 soc=0.7999 fc=0
progress step=273150 round=24/40 episode=16/30 sample=zero_boundary_034 soc=0.7999 fc=0
progress step=273200 round=24/40 episode=16/30 sample=zero_boundary_034 soc=0.7999 fc=0
progress step=273250 round=24/40 episode=16/30 sample=zero_boundary_034 soc=0.7992 fc=30
progress step=273300 round=24/40 episode=16/30 sample=zero_boundary_034 soc=0.7978 fc=0
progress step=273350 round=24/40 episode=16/30 sample=zero_boundary_034 soc=0.7544 fc=40
progress step=273400 round=24/40 episode=16/30 sample=zero_boundary_034 soc=0.7396 fc=0
progress step=273450 round=24/40 episode=16/30 sample=zero_boundary_034 soc=0.6678 fc=70
progress step=273500 round=24/40 episode=16/30 sample=zero_boundary_034 soc=0.6674 fc=580
progress step=273550 round=24/40 episode=16/30 sample=zero_boundary_034 soc=0.7207 fc=0
progress step=273600 round=24/40 episode=16/30 sample=zero_boundary_034 soc=0.7974 fc=0
progress step=273650 round=24/40 episode=16/30 sample=zero_boundary_034 soc=0.8000 fc=0
progress step=273700 round=24/40 episode=16/30 sample=zero_boundary_034 soc=0.8000 fc=0
progress step=273750 round=24/40 episode=16/30 sample=zero_boundary_034 soc=0.8000 fc=0
progress step=273800 round=24/40 episode=16/30 sample=zero_boundary_034 soc=0.8000 fc=0
progress step=273850 round=24/40 episode=16/30 sample=zero_boundary_034 soc=0.8000 fc=0
progress step=273900 round=24/40 episode=16/30 sample=zero_boundary_034 soc=0.8000 fc=0
progress step=273950 round=24/40 episode=16/30 sample=zero_boundary_034 soc=0.8000 fc=0
progress step=274000 round=24/40 episode=16/30 sample=zero_boundary_034 soc=0.7958 fc=0
progress step=274050 round=24/40 episode=17/30 sample=zero_boundary_037 soc=0.6212 fc=0
progress step=274100 round=24/40 episode=17/30 sample=zero_boundary_037 soc=0.5727 fc=0
progress step=274150 round=24/40 episode=17/30 sample=zero_boundary_037 soc=0.5127 fc=410
progress step=274200 round=24/40 episode=17/30 sample=zero_boundary_037 soc=0.4306 fc=470
progress step=274250 round=24/40 episode=17/30 sample=zero_boundary_037 soc=0.3164 fc=0
progress step=274300 round=24/40 episode=18/30 sample=zero_boundary_038 soc=0.6351 fc=0
progress step=274350 round=24/40 episode=18/30 sample=zero_boundary_038 soc=0.4744 fc=0
progress step=274400 round=24/40 episode=18/30 sample=zero_boundary_038 soc=0.3153 fc=80
progress step=274450 round=24/40 episode=18/30 sample=zero_boundary_038 soc=0.2043 fc=290
progress step=274500 round=24/40 episode=19/30 sample=zero_boundary_040 soc=0.5124 fc=40
progress step=274550 round=24/40 episode=19/30 sample=zero_boundary_040 soc=0.3013 fc=530
progress step=274600 round=24/40 episode=19/30 sample=zero_boundary_040 soc=0.2001 fc=530
progress step=274650 round=24/40 episode=20/30 sample=zero_boundary_041 soc=0.5373 fc=0
progress step=274700 round=24/40 episode=20/30 sample=zero_boundary_041 soc=0.3083 fc=30
progress step=274750 round=24/40 episode=21/30 sample=zero_boundary_042 soc=0.6364 fc=0
progress step=274800 round=24/40 episode=21/30 sample=zero_boundary_042 soc=0.4452 fc=0
progress step=274850 round=24/40 episode=22/30 sample=zero_boundary_044 soc=0.6014 fc=0
progress step=274900 round=24/40 episode=22/30 sample=zero_boundary_044 soc=0.4628 fc=0
progress step=274950 round=24/40 episode=23/30 sample=zero_boundary_045 soc=0.6050 fc=370
progress step=275000 round=24/40 episode=23/30 sample=zero_boundary_045 soc=0.5161 fc=320
progress step=275050 round=24/40 episode=23/30 sample=zero_boundary_045 soc=0.3510 fc=0
progress step=275100 round=24/40 episode=24/30 sample=zero_boundary_046 soc=0.6014 fc=60
progress step=275150 round=24/40 episode=24/30 sample=zero_boundary_046 soc=0.4013 fc=0
progress step=275200 round=24/40 episode=24/30 sample=zero_boundary_046 soc=0.2004 fc=530
progress step=275250 round=24/40 episode=25/30 sample=zero_boundary_048 soc=0.5856 fc=0
progress step=275300 round=24/40 episode=25/30 sample=zero_boundary_048 soc=0.2946 fc=260
progress step=275350 round=24/40 episode=25/30 sample=zero_boundary_048 soc=0.2001 fc=480
progress step=275400 round=24/40 episode=25/30 sample=zero_boundary_048 soc=0.2320 fc=0
progress step=275450 round=24/40 episode=26/30 sample=zero_boundary_049 soc=0.6000 fc=0
progress step=275500 round=24/40 episode=26/30 sample=zero_boundary_049 soc=0.5263 fc=330
progress step=275550 round=24/40 episode=26/30 sample=zero_boundary_049 soc=0.3849 fc=0
progress step=275600 round=24/40 episode=26/30 sample=zero_boundary_049 soc=0.2923 fc=420
progress step=275650 round=24/40 episode=26/30 sample=zero_boundary_049 soc=0.2090 fc=440
progress step=275700 round=24/40 episode=26/30 sample=zero_boundary_049 soc=0.2046 fc=0
progress step=275750 round=24/40 episode=27/30 sample=zero_boundary_050 soc=0.5863 fc=410
progress step=275800 round=24/40 episode=27/30 sample=zero_boundary_050 soc=0.3513 fc=170
progress step=275850 round=24/40 episode=27/30 sample=zero_boundary_050 soc=0.2001 fc=470
progress step=275900 round=24/40 episode=28/30 sample=zero_boundary_051 soc=0.5700 fc=0
progress step=275950 round=24/40 episode=28/30 sample=zero_boundary_051 soc=0.4521 fc=0
progress step=276000 round=24/40 episode=28/30 sample=zero_boundary_051 soc=0.3424 fc=550
progress step=276050 round=24/40 episode=29/30 sample=zero_boundary_052 soc=0.6097 fc=430
progress step=276100 round=24/40 episode=29/30 sample=zero_boundary_052 soc=0.3078 fc=0
progress step=276150 round=24/40 episode=30/30 sample=zero_boundary_053 soc=0.6413 fc=180
progress step=276200 round=24/40 episode=30/30 sample=zero_boundary_053 soc=0.4409 fc=170
progress step=276250 round=24/40 episode=30/30 sample=zero_boundary_053 soc=0.2003 fc=290
progress step=276300 round=24/40 episode=30/30 sample=zero_boundary_053 soc=0.2004 fc=490
progress step=276350 round=24/40 episode=30/30 sample=zero_boundary_053 soc=0.2112 fc=0
round 24/40 exploratory=13/30 greedy_train start
MONITOR round=24 exploratory=13/30 greedy_train=10/30 validation=SKIPPED cost=None updates=7056 best_round=7
round 25/40 start epsilon=0.4154
progress step=276400 round=25/40 episode=1/30 sample=zero_boundary_002 soc=0.6321 fc=0
progress step=276450 round=25/40 episode=1/30 sample=zero_boundary_002 soc=0.3749 fc=0
progress step=276500 round=25/40 episode=2/30 sample=zero_boundary_005 soc=0.5901 fc=180
progress step=276550 round=25/40 episode=2/30 sample=zero_boundary_005 soc=0.4122 fc=0
progress step=276600 round=25/40 episode=2/30 sample=zero_boundary_005 soc=0.2548 fc=0
progress step=276650 round=25/40 episode=2/30 sample=zero_boundary_005 soc=0.2001 fc=540
progress step=276700 round=25/40 episode=2/30 sample=zero_boundary_005 soc=0.2008 fc=520
progress step=276750 round=25/40 episode=2/30 sample=zero_boundary_005 soc=0.2119 fc=0
progress step=276800 round=25/40 episode=3/30 sample=zero_boundary_006 soc=0.6478 fc=80
progress step=276850 round=25/40 episode=3/30 sample=zero_boundary_006 soc=0.6473 fc=0
progress step=276900 round=25/40 episode=3/30 sample=zero_boundary_006 soc=0.6702 fc=570
progress step=276950 round=25/40 episode=3/30 sample=zero_boundary_006 soc=0.6474 fc=0
progress step=277000 round=25/40 episode=3/30 sample=zero_boundary_006 soc=0.6471 fc=0
progress step=277050 round=25/40 episode=3/30 sample=zero_boundary_006 soc=0.6153 fc=70
progress step=277100 round=25/40 episode=3/30 sample=zero_boundary_006 soc=0.5684 fc=560
progress step=277150 round=25/40 episode=4/30 sample=zero_boundary_007 soc=0.5886 fc=510
progress step=277200 round=25/40 episode=4/30 sample=zero_boundary_007 soc=0.3930 fc=30
progress step=277250 round=25/40 episode=4/30 sample=zero_boundary_007 soc=0.3348 fc=30
progress step=277300 round=25/40 episode=4/30 sample=zero_boundary_007 soc=0.2854 fc=30
progress step=277350 round=25/40 episode=4/30 sample=zero_boundary_007 soc=0.2027 fc=200
progress step=277400 round=25/40 episode=4/30 sample=zero_boundary_007 soc=0.2317 fc=440
progress step=277450 round=25/40 episode=5/30 sample=zero_boundary_008 soc=0.4116 fc=30
progress step=277500 round=25/40 episode=6/30 sample=zero_boundary_011 soc=0.6505 fc=30
progress step=277550 round=25/40 episode=6/30 sample=zero_boundary_011 soc=0.6394 fc=30
progress step=277600 round=25/40 episode=6/30 sample=zero_boundary_011 soc=0.4068 fc=30
progress step=277650 round=25/40 episode=6/30 sample=zero_boundary_011 soc=0.2009 fc=440
progress step=277700 round=25/40 episode=7/30 sample=zero_boundary_013 soc=0.6392 fc=210
progress step=277750 round=25/40 episode=7/30 sample=zero_boundary_013 soc=0.6512 fc=380
progress step=277800 round=25/40 episode=7/30 sample=zero_boundary_013 soc=0.5408 fc=460
progress step=277850 round=25/40 episode=7/30 sample=zero_boundary_013 soc=0.3298 fc=30
progress step=277900 round=25/40 episode=7/30 sample=zero_boundary_013 soc=0.2817 fc=600
progress step=277950 round=25/40 episode=7/30 sample=zero_boundary_013 soc=0.2370 fc=30
progress step=278000 round=25/40 episode=7/30 sample=zero_boundary_013 soc=0.2082 fc=30
progress step=278050 round=25/40 episode=8/30 sample=zero_boundary_015 soc=0.5880 fc=600
progress step=278100 round=25/40 episode=8/30 sample=zero_boundary_015 soc=0.4834 fc=0
progress step=278150 round=25/40 episode=9/30 sample=zero_boundary_016 soc=0.6042 fc=490
progress step=278200 round=25/40 episode=9/30 sample=zero_boundary_016 soc=0.6563 fc=410
progress step=278250 round=25/40 episode=9/30 sample=zero_boundary_016 soc=0.4694 fc=0
progress step=278300 round=25/40 episode=10/30 sample=zero_boundary_017 soc=0.5940 fc=200
progress step=278350 round=25/40 episode=10/30 sample=zero_boundary_017 soc=0.3073 fc=0
progress step=278400 round=25/40 episode=11/30 sample=zero_boundary_020 soc=0.5607 fc=0
progress step=278450 round=25/40 episode=11/30 sample=zero_boundary_020 soc=0.4202 fc=600
progress step=278500 round=25/40 episode=12/30 sample=zero_boundary_021 soc=0.6199 fc=210
progress step=278550 round=25/40 episode=12/30 sample=zero_boundary_021 soc=0.6272 fc=140
progress step=278600 round=25/40 episode=12/30 sample=zero_boundary_021 soc=0.3893 fc=0
progress step=278650 round=25/40 episode=12/30 sample=zero_boundary_021 soc=0.2024 fc=400
progress step=278700 round=25/40 episode=12/30 sample=zero_boundary_021 soc=0.2128 fc=230
progress step=278750 round=25/40 episode=13/30 sample=zero_boundary_022 soc=0.5753 fc=0
progress step=278800 round=25/40 episode=13/30 sample=zero_boundary_022 soc=0.3866 fc=90
progress step=278850 round=25/40 episode=13/30 sample=zero_boundary_022 soc=0.3114 fc=410
progress step=278900 round=25/40 episode=14/30 sample=zero_boundary_029 soc=0.6133 fc=0
progress step=278950 round=25/40 episode=14/30 sample=zero_boundary_029 soc=0.6374 fc=0
progress step=279000 round=25/40 episode=14/30 sample=zero_boundary_029 soc=0.4984 fc=0
progress step=279050 round=25/40 episode=14/30 sample=zero_boundary_029 soc=0.3884 fc=0
progress step=279100 round=25/40 episode=14/30 sample=zero_boundary_029 soc=0.2854 fc=120
progress step=279150 round=25/40 episode=14/30 sample=zero_boundary_029 soc=0.2252 fc=0
progress step=279200 round=25/40 episode=14/30 sample=zero_boundary_029 soc=0.2043 fc=90
progress step=279250 round=25/40 episode=14/30 sample=zero_boundary_029 soc=0.2382 fc=0
progress step=279300 round=25/40 episode=14/30 sample=zero_boundary_029 soc=0.3270 fc=0
progress step=279350 round=25/40 episode=14/30 sample=zero_boundary_029 soc=0.3746 fc=370
progress step=279400 round=25/40 episode=14/30 sample=zero_boundary_029 soc=0.4306 fc=0
progress step=279450 round=25/40 episode=14/30 sample=zero_boundary_029 soc=0.5197 fc=300
progress step=279500 round=25/40 episode=14/30 sample=zero_boundary_029 soc=0.6130 fc=50
progress step=279550 round=25/40 episode=14/30 sample=zero_boundary_029 soc=0.7051 fc=410
progress step=279600 round=25/40 episode=14/30 sample=zero_boundary_029 soc=0.8000 fc=0
progress step=279650 round=25/40 episode=14/30 sample=zero_boundary_029 soc=0.8000 fc=0
progress step=279700 round=25/40 episode=14/30 sample=zero_boundary_029 soc=0.8000 fc=0
progress step=279750 round=25/40 episode=14/30 sample=zero_boundary_029 soc=0.8000 fc=0
progress step=279800 round=25/40 episode=14/30 sample=zero_boundary_029 soc=0.7751 fc=0
progress step=279850 round=25/40 episode=14/30 sample=zero_boundary_029 soc=0.6558 fc=0
progress step=279900 round=25/40 episode=14/30 sample=zero_boundary_029 soc=0.5916 fc=0
progress step=279950 round=25/40 episode=14/30 sample=zero_boundary_029 soc=0.5465 fc=0
progress step=280000 round=25/40 episode=15/30 sample=zero_boundary_033 soc=0.6239 fc=0
progress step=280050 round=25/40 episode=15/30 sample=zero_boundary_033 soc=0.5494 fc=540
progress step=280100 round=25/40 episode=15/30 sample=zero_boundary_033 soc=0.3219 fc=0
progress step=280150 round=25/40 episode=15/30 sample=zero_boundary_033 soc=0.2004 fc=510
progress step=280200 round=25/40 episode=15/30 sample=zero_boundary_033 soc=0.2152 fc=0
progress step=280250 round=25/40 episode=15/30 sample=zero_boundary_033 soc=0.2003 fc=560
progress step=280300 round=25/40 episode=15/30 sample=zero_boundary_033 soc=0.2262 fc=0
progress step=280350 round=25/40 episode=15/30 sample=zero_boundary_033 soc=0.3247 fc=0
progress step=280400 round=25/40 episode=15/30 sample=zero_boundary_033 soc=0.3810 fc=80
progress step=280450 round=25/40 episode=15/30 sample=zero_boundary_033 soc=0.4682 fc=120
progress step=280500 round=25/40 episode=15/30 sample=zero_boundary_033 soc=0.5421 fc=0
progress step=280550 round=25/40 episode=15/30 sample=zero_boundary_033 soc=0.6375 fc=200
progress step=280600 round=25/40 episode=15/30 sample=zero_boundary_033 soc=0.7539 fc=0
progress step=280650 round=25/40 episode=15/30 sample=zero_boundary_033 soc=0.7999 fc=0
progress step=280700 round=25/40 episode=15/30 sample=zero_boundary_033 soc=0.7999 fc=0
progress step=280750 round=25/40 episode=15/30 sample=zero_boundary_033 soc=0.7987 fc=0
progress step=280800 round=25/40 episode=15/30 sample=zero_boundary_033 soc=0.7980 fc=40
progress step=280850 round=25/40 episode=15/30 sample=zero_boundary_033 soc=0.7998 fc=40
progress step=280900 round=25/40 episode=15/30 sample=zero_boundary_033 soc=0.7993 fc=80
progress step=280950 round=25/40 episode=16/30 sample=zero_boundary_034 soc=0.6244 fc=0
progress step=281000 round=25/40 episode=16/30 sample=zero_boundary_034 soc=0.6907 fc=0
progress step=281050 round=25/40 episode=16/30 sample=zero_boundary_034 soc=0.7768 fc=500
progress step=281100 round=25/40 episode=16/30 sample=zero_boundary_034 soc=0.7999 fc=0
progress step=281150 round=25/40 episode=16/30 sample=zero_boundary_034 soc=0.7999 fc=0
progress step=281200 round=25/40 episode=16/30 sample=zero_boundary_034 soc=0.7999 fc=0
progress step=281250 round=25/40 episode=16/30 sample=zero_boundary_034 soc=0.7999 fc=0
progress step=281300 round=25/40 episode=16/30 sample=zero_boundary_034 soc=0.7999 fc=0
progress step=281350 round=25/40 episode=16/30 sample=zero_boundary_034 soc=0.7999 fc=0
progress step=281400 round=25/40 episode=16/30 sample=zero_boundary_034 soc=0.7999 fc=0
progress step=281450 round=25/40 episode=16/30 sample=zero_boundary_034 soc=0.7999 fc=0
progress step=281500 round=25/40 episode=16/30 sample=zero_boundary_034 soc=0.7999 fc=0
progress step=281550 round=25/40 episode=16/30 sample=zero_boundary_034 soc=0.7999 fc=0
progress step=281600 round=25/40 episode=16/30 sample=zero_boundary_034 soc=0.7999 fc=0
progress step=281650 round=25/40 episode=16/30 sample=zero_boundary_034 soc=0.7999 fc=0
progress step=281700 round=25/40 episode=16/30 sample=zero_boundary_034 soc=0.7999 fc=0
progress step=281750 round=25/40 episode=16/30 sample=zero_boundary_034 soc=0.7999 fc=0
progress step=281800 round=25/40 episode=16/30 sample=zero_boundary_034 soc=0.7984 fc=110
progress step=281850 round=25/40 episode=16/30 sample=zero_boundary_034 soc=0.7969 fc=0
progress step=281900 round=25/40 episode=16/30 sample=zero_boundary_034 soc=0.7724 fc=140
progress step=281950 round=25/40 episode=16/30 sample=zero_boundary_034 soc=0.7411 fc=0
progress step=282000 round=25/40 episode=16/30 sample=zero_boundary_034 soc=0.6874 fc=310
progress step=282050 round=25/40 episode=16/30 sample=zero_boundary_034 soc=0.6147 fc=70
progress step=282100 round=25/40 episode=16/30 sample=zero_boundary_034 soc=0.6843 fc=230
progress step=282150 round=25/40 episode=16/30 sample=zero_boundary_034 soc=0.7888 fc=0
progress step=282200 round=25/40 episode=16/30 sample=zero_boundary_034 soc=0.8000 fc=0
progress step=282250 round=25/40 episode=16/30 sample=zero_boundary_034 soc=0.8000 fc=0
progress step=282300 round=25/40 episode=16/30 sample=zero_boundary_034 soc=0.8000 fc=0
progress step=282350 round=25/40 episode=16/30 sample=zero_boundary_034 soc=0.8000 fc=0
progress step=282400 round=25/40 episode=16/30 sample=zero_boundary_034 soc=0.8000 fc=0
progress step=282450 round=25/40 episode=16/30 sample=zero_boundary_034 soc=0.8000 fc=0
progress step=282500 round=25/40 episode=16/30 sample=zero_boundary_034 soc=0.8000 fc=0
progress step=282550 round=25/40 episode=16/30 sample=zero_boundary_034 soc=0.7991 fc=70
progress step=282600 round=25/40 episode=17/30 sample=zero_boundary_037 soc=0.5916 fc=150
progress step=282650 round=25/40 episode=17/30 sample=zero_boundary_037 soc=0.5066 fc=0
progress step=282700 round=25/40 episode=17/30 sample=zero_boundary_037 soc=0.4307 fc=0
progress step=282750 round=25/40 episode=17/30 sample=zero_boundary_037 soc=0.3461 fc=0
progress step=282800 round=25/40 episode=17/30 sample=zero_boundary_037 soc=0.2171 fc=0
progress step=282850 round=25/40 episode=18/30 sample=zero_boundary_038 soc=0.6138 fc=0
progress step=282900 round=25/40 episode=18/30 sample=zero_boundary_038 soc=0.5264 fc=0
progress step=282950 round=25/40 episode=18/30 sample=zero_boundary_038 soc=0.3481 fc=0
progress step=283000 round=25/40 episode=18/30 sample=zero_boundary_038 soc=0.2001 fc=400
progress step=283050 round=25/40 episode=19/30 sample=zero_boundary_040 soc=0.5349 fc=0
progress step=283100 round=25/40 episode=19/30 sample=zero_boundary_040 soc=0.3271 fc=0
progress step=283150 round=25/40 episode=19/30 sample=zero_boundary_040 soc=0.2217 fc=290
progress step=283200 round=25/40 episode=19/30 sample=zero_boundary_040 soc=0.2050 fc=0
progress step=283250 round=25/40 episode=19/30 sample=zero_boundary_040 soc=0.2003 fc=380
progress step=283300 round=25/40 episode=20/30 sample=zero_boundary_041 soc=0.5376 fc=0
progress step=283350 round=25/40 episode=20/30 sample=zero_boundary_041 soc=0.3443 fc=160
progress step=283400 round=25/40 episode=21/30 sample=zero_boundary_042 soc=0.6053 fc=0
progress step=283450 round=25/40 episode=21/30 sample=zero_boundary_042 soc=0.4315 fc=20
progress step=283500 round=25/40 episode=21/30 sample=zero_boundary_042 soc=0.2001 fc=290
progress step=283550 round=25/40 episode=22/30 sample=zero_boundary_044 soc=0.5076 fc=50
progress step=283600 round=25/40 episode=22/30 sample=zero_boundary_044 soc=0.2231 fc=0
progress step=283650 round=25/40 episode=23/30 sample=zero_boundary_045 soc=0.5443 fc=460
progress step=283700 round=25/40 episode=23/30 sample=zero_boundary_045 soc=0.3344 fc=0
progress step=283750 round=25/40 episode=23/30 sample=zero_boundary_045 soc=0.2002 fc=600
progress step=283800 round=25/40 episode=24/30 sample=zero_boundary_046 soc=0.5193 fc=580
progress step=283850 round=25/40 episode=24/30 sample=zero_boundary_046 soc=0.2270 fc=450
progress step=283900 round=25/40 episode=25/30 sample=zero_boundary_048 soc=0.6006 fc=0
progress step=283950 round=25/40 episode=25/30 sample=zero_boundary_048 soc=0.3160 fc=580
progress step=284000 round=25/40 episode=25/30 sample=zero_boundary_048 soc=0.2010 fc=440
progress step=284050 round=25/40 episode=25/30 sample=zero_boundary_048 soc=0.2073 fc=0
progress step=284100 round=25/40 episode=25/30 sample=zero_boundary_048 soc=0.2028 fc=290
progress step=284150 round=25/40 episode=26/30 sample=zero_boundary_049 soc=0.5698 fc=360
progress step=284200 round=25/40 episode=26/30 sample=zero_boundary_049 soc=0.4344 fc=570
progress step=284250 round=25/40 episode=26/30 sample=zero_boundary_049 soc=0.2886 fc=460
progress step=284300 round=25/40 episode=26/30 sample=zero_boundary_049 soc=0.2042 fc=150
progress step=284350 round=25/40 episode=26/30 sample=zero_boundary_049 soc=0.2072 fc=0
progress step=284400 round=25/40 episode=27/30 sample=zero_boundary_050 soc=0.6168 fc=0
progress step=284450 round=25/40 episode=27/30 sample=zero_boundary_050 soc=0.4019 fc=570
progress step=284500 round=25/40 episode=27/30 sample=zero_boundary_050 soc=0.2002 fc=540
progress step=284550 round=25/40 episode=28/30 sample=zero_boundary_051 soc=0.6029 fc=590
progress step=284600 round=25/40 episode=28/30 sample=zero_boundary_051 soc=0.4902 fc=0
progress step=284650 round=25/40 episode=28/30 sample=zero_boundary_051 soc=0.3453 fc=0
progress step=284700 round=25/40 episode=29/30 sample=zero_boundary_052 soc=0.6317 fc=300
progress step=284750 round=25/40 episode=29/30 sample=zero_boundary_052 soc=0.3952 fc=540
progress step=284800 round=25/40 episode=30/30 sample=zero_boundary_053 soc=0.6189 fc=430
progress step=284850 round=25/40 episode=30/30 sample=zero_boundary_053 soc=0.4667 fc=500
progress step=284900 round=25/40 episode=30/30 sample=zero_boundary_053 soc=0.2400 fc=0
progress step=284950 round=25/40 episode=30/30 sample=zero_boundary_053 soc=0.2081 fc=0
progress step=285000 round=25/40 episode=30/30 sample=zero_boundary_053 soc=0.2006 fc=290
round 25/40 exploratory=13/30 greedy_train start
MONITOR round=25 exploratory=13/30 greedy_train=10/30 validation=SKIPPED cost=None updates=7264 best_round=7
round 26/40 start epsilon=0.3910
progress step=285050 round=26/40 episode=1/30 sample=zero_boundary_002 soc=0.6294 fc=0
progress step=285100 round=26/40 episode=1/30 sample=zero_boundary_002 soc=0.5120 fc=450
progress step=285150 round=26/40 episode=2/30 sample=zero_boundary_005 soc=0.6253 fc=0
progress step=285200 round=26/40 episode=2/30 sample=zero_boundary_005 soc=0.5627 fc=0
progress step=285250 round=26/40 episode=2/30 sample=zero_boundary_005 soc=0.3205 fc=0
progress step=285300 round=26/40 episode=2/30 sample=zero_boundary_005 soc=0.2007 fc=290
progress step=285350 round=26/40 episode=2/30 sample=zero_boundary_005 soc=0.2012 fc=440
progress step=285400 round=26/40 episode=2/30 sample=zero_boundary_005 soc=0.2008 fc=340
progress step=285450 round=26/40 episode=3/30 sample=zero_boundary_006 soc=0.6063 fc=0
progress step=285500 round=26/40 episode=3/30 sample=zero_boundary_006 soc=0.5969 fc=0
progress step=285550 round=26/40 episode=3/30 sample=zero_boundary_006 soc=0.5861 fc=0
progress step=285600 round=26/40 episode=3/30 sample=zero_boundary_006 soc=0.5657 fc=0
progress step=285650 round=26/40 episode=3/30 sample=zero_boundary_006 soc=0.5620 fc=320
progress step=285700 round=26/40 episode=3/30 sample=zero_boundary_006 soc=0.5529 fc=0
progress step=285750 round=26/40 episode=3/30 sample=zero_boundary_006 soc=0.5258 fc=0
progress step=285800 round=26/40 episode=4/30 sample=zero_boundary_007 soc=0.6177 fc=30
progress step=285850 round=26/40 episode=4/30 sample=zero_boundary_007 soc=0.4307 fc=380
progress step=285900 round=26/40 episode=4/30 sample=zero_boundary_007 soc=0.3110 fc=20
progress step=285950 round=26/40 episode=4/30 sample=zero_boundary_007 soc=0.2780 fc=10
progress step=286000 round=26/40 episode=4/30 sample=zero_boundary_007 soc=0.2000 fc=350
progress step=286050 round=26/40 episode=4/30 sample=zero_boundary_007 soc=0.2067 fc=30
progress step=286100 round=26/40 episode=5/30 sample=zero_boundary_008 soc=0.5928 fc=110
progress step=286150 round=26/40 episode=6/30 sample=zero_boundary_011 soc=0.6163 fc=30
progress step=286200 round=26/40 episode=6/30 sample=zero_boundary_011 soc=0.7018 fc=30
progress step=286250 round=26/40 episode=6/30 sample=zero_boundary_011 soc=0.5033 fc=30
progress step=286300 round=26/40 episode=6/30 sample=zero_boundary_011 soc=0.2552 fc=30
progress step=286350 round=26/40 episode=7/30 sample=zero_boundary_013 soc=0.6060 fc=30
progress step=286400 round=26/40 episode=7/30 sample=zero_boundary_013 soc=0.6440 fc=30
progress step=286450 round=26/40 episode=7/30 sample=zero_boundary_013 soc=0.5380 fc=510
progress step=286500 round=26/40 episode=7/30 sample=zero_boundary_013 soc=0.4132 fc=30
progress step=286550 round=26/40 episode=7/30 sample=zero_boundary_013 soc=0.2780 fc=560
progress step=286600 round=26/40 episode=7/30 sample=zero_boundary_013 soc=0.2103 fc=410
progress step=286650 round=26/40 episode=7/30 sample=zero_boundary_013 soc=0.2019 fc=290
progress step=286700 round=26/40 episode=8/30 sample=zero_boundary_015 soc=0.6010 fc=520
progress step=286750 round=26/40 episode=8/30 sample=zero_boundary_015 soc=0.5310 fc=0
progress step=286800 round=26/40 episode=8/30 sample=zero_boundary_015 soc=0.3400 fc=0
progress step=286850 round=26/40 episode=9/30 sample=zero_boundary_016 soc=0.6332 fc=0
progress step=286900 round=26/40 episode=9/30 sample=zero_boundary_016 soc=0.5211 fc=0
progress step=286950 round=26/40 episode=9/30 sample=zero_boundary_016 soc=0.2085 fc=170
progress step=287000 round=26/40 episode=10/30 sample=zero_boundary_017 soc=0.3963 fc=190
progress step=287050 round=26/40 episode=11/30 sample=zero_boundary_020 soc=0.6044 fc=490
progress step=287100 round=26/40 episode=11/30 sample=zero_boundary_020 soc=0.4867 fc=0
progress step=287150 round=26/40 episode=12/30 sample=zero_boundary_021 soc=0.5986 fc=590
progress step=287200 round=26/40 episode=12/30 sample=zero_boundary_021 soc=0.6415 fc=0
progress step=287250 round=26/40 episode=12/30 sample=zero_boundary_021 soc=0.4389 fc=0
progress step=287300 round=26/40 episode=12/30 sample=zero_boundary_021 soc=0.2088 fc=0
progress step=287350 round=26/40 episode=12/30 sample=zero_boundary_021 soc=0.2016 fc=0
progress step=287400 round=26/40 episode=13/30 sample=zero_boundary_022 soc=0.5966 fc=0
progress step=287450 round=26/40 episode=13/30 sample=zero_boundary_022 soc=0.4439 fc=230
progress step=287500 round=26/40 episode=13/30 sample=zero_boundary_022 soc=0.3353 fc=460
progress step=287550 round=26/40 episode=13/30 sample=zero_boundary_022 soc=0.3395 fc=0
progress step=287600 round=26/40 episode=14/30 sample=zero_boundary_029 soc=0.5582 fc=0
progress step=287650 round=26/40 episode=14/30 sample=zero_boundary_029 soc=0.4413 fc=0
progress step=287700 round=26/40 episode=14/30 sample=zero_boundary_029 soc=0.3132 fc=0
progress step=287750 round=26/40 episode=14/30 sample=zero_boundary_029 soc=0.2071 fc=0
progress step=287800 round=26/40 episode=14/30 sample=zero_boundary_029 soc=0.2008 fc=230
progress step=287850 round=26/40 episode=14/30 sample=zero_boundary_029 soc=0.2022 fc=350
progress step=287900 round=26/40 episode=14/30 sample=zero_boundary_029 soc=0.2177 fc=0
progress step=287950 round=26/40 episode=14/30 sample=zero_boundary_029 soc=0.2946 fc=0
progress step=288000 round=26/40 episode=14/30 sample=zero_boundary_029 soc=0.3665 fc=0
progress step=288050 round=26/40 episode=14/30 sample=zero_boundary_029 soc=0.4116 fc=0
progress step=288100 round=26/40 episode=14/30 sample=zero_boundary_029 soc=0.4910 fc=0
progress step=288150 round=26/40 episode=14/30 sample=zero_boundary_029 soc=0.5894 fc=0
progress step=288200 round=26/40 episode=14/30 sample=zero_boundary_029 soc=0.6419 fc=0
progress step=288250 round=26/40 episode=14/30 sample=zero_boundary_029 soc=0.7136 fc=0
progress step=288300 round=26/40 episode=14/30 sample=zero_boundary_029 soc=0.7943 fc=0
progress step=288350 round=26/40 episode=14/30 sample=zero_boundary_029 soc=0.7999 fc=0
progress step=288400 round=26/40 episode=14/30 sample=zero_boundary_029 soc=0.7999 fc=0
progress step=288450 round=26/40 episode=14/30 sample=zero_boundary_029 soc=0.7918 fc=60
progress step=288500 round=26/40 episode=14/30 sample=zero_boundary_029 soc=0.6980 fc=0
progress step=288550 round=26/40 episode=14/30 sample=zero_boundary_029 soc=0.6272 fc=550
progress step=288600 round=26/40 episode=14/30 sample=zero_boundary_029 soc=0.5280 fc=190
progress step=288650 round=26/40 episode=15/30 sample=zero_boundary_033 soc=0.6719 fc=90
progress step=288700 round=26/40 episode=15/30 sample=zero_boundary_033 soc=0.6199 fc=0
progress step=288750 round=26/40 episode=15/30 sample=zero_boundary_033 soc=0.3947 fc=0
progress step=288800 round=26/40 episode=15/30 sample=zero_boundary_033 soc=0.2348 fc=0
progress step=288850 round=26/40 episode=15/30 sample=zero_boundary_033 soc=0.2572 fc=20
progress step=288900 round=26/40 episode=15/30 sample=zero_boundary_033 soc=0.2007 fc=470
progress step=288950 round=26/40 episode=15/30 sample=zero_boundary_033 soc=0.2104 fc=0
progress step=289000 round=26/40 episode=15/30 sample=zero_boundary_033 soc=0.2564 fc=530
progress step=289050 round=26/40 episode=15/30 sample=zero_boundary_033 soc=0.3258 fc=0
progress step=289100 round=26/40 episode=15/30 sample=zero_boundary_033 soc=0.3897 fc=60
progress step=289150 round=26/40 episode=15/30 sample=zero_boundary_033 soc=0.4704 fc=210
progress step=289200 round=26/40 episode=15/30 sample=zero_boundary_033 soc=0.5527 fc=220
progress step=289250 round=26/40 episode=15/30 sample=zero_boundary_033 soc=0.6332 fc=210
progress step=289300 round=26/40 episode=15/30 sample=zero_boundary_033 soc=0.7165 fc=470
progress step=289350 round=26/40 episode=15/30 sample=zero_boundary_033 soc=0.7854 fc=0
progress step=289400 round=26/40 episode=15/30 sample=zero_boundary_033 soc=0.7989 fc=0
progress step=289450 round=26/40 episode=15/30 sample=zero_boundary_033 soc=0.7948 fc=0
progress step=289500 round=26/40 episode=15/30 sample=zero_boundary_033 soc=0.7993 fc=0
progress step=289550 round=26/40 episode=15/30 sample=zero_boundary_033 soc=0.7995 fc=20
progress step=289600 round=26/40 episode=16/30 sample=zero_boundary_034 soc=0.6059 fc=270
progress step=289650 round=26/40 episode=16/30 sample=zero_boundary_034 soc=0.6480 fc=0
progress step=289700 round=26/40 episode=16/30 sample=zero_boundary_034 soc=0.7335 fc=420
progress step=289750 round=26/40 episode=16/30 sample=zero_boundary_034 soc=0.8000 fc=0
progress step=289800 round=26/40 episode=16/30 sample=zero_boundary_034 soc=0.8000 fc=0
progress step=289850 round=26/40 episode=16/30 sample=zero_boundary_034 soc=0.8000 fc=0
progress step=289900 round=26/40 episode=16/30 sample=zero_boundary_034 soc=0.8000 fc=0
progress step=289950 round=26/40 episode=16/30 sample=zero_boundary_034 soc=0.8000 fc=0
progress step=290000 round=26/40 episode=16/30 sample=zero_boundary_034 soc=0.8000 fc=0
progress step=290050 round=26/40 episode=16/30 sample=zero_boundary_034 soc=0.8000 fc=0
progress step=290100 round=26/40 episode=16/30 sample=zero_boundary_034 soc=0.8000 fc=0
progress step=290150 round=26/40 episode=16/30 sample=zero_boundary_034 soc=0.8000 fc=0
progress step=290200 round=26/40 episode=16/30 sample=zero_boundary_034 soc=0.8000 fc=0
progress step=290250 round=26/40 episode=16/30 sample=zero_boundary_034 soc=0.8000 fc=0
progress step=290300 round=26/40 episode=16/30 sample=zero_boundary_034 soc=0.8000 fc=0
progress step=290350 round=26/40 episode=16/30 sample=zero_boundary_034 soc=0.8000 fc=0
progress step=290400 round=26/40 episode=16/30 sample=zero_boundary_034 soc=0.8000 fc=0
progress step=290450 round=26/40 episode=16/30 sample=zero_boundary_034 soc=0.8000 fc=0
progress step=290500 round=26/40 episode=16/30 sample=zero_boundary_034 soc=0.7880 fc=0
progress step=290550 round=26/40 episode=16/30 sample=zero_boundary_034 soc=0.7816 fc=0
progress step=290600 round=26/40 episode=16/30 sample=zero_boundary_034 soc=0.7421 fc=180
progress step=290650 round=26/40 episode=16/30 sample=zero_boundary_034 soc=0.6993 fc=530
progress step=290700 round=26/40 episode=16/30 sample=zero_boundary_034 soc=0.5867 fc=0
progress step=290750 round=26/40 episode=16/30 sample=zero_boundary_034 soc=0.6366 fc=0
progress step=290800 round=26/40 episode=16/30 sample=zero_boundary_034 soc=0.6704 fc=0
progress step=290850 round=26/40 episode=16/30 sample=zero_boundary_034 soc=0.7314 fc=0
progress step=290900 round=26/40 episode=16/30 sample=zero_boundary_034 soc=0.7980 fc=0
progress step=290950 round=26/40 episode=16/30 sample=zero_boundary_034 soc=0.7999 fc=0
progress step=291000 round=26/40 episode=16/30 sample=zero_boundary_034 soc=0.7999 fc=0
progress step=291050 round=26/40 episode=16/30 sample=zero_boundary_034 soc=0.7999 fc=0
progress step=291100 round=26/40 episode=16/30 sample=zero_boundary_034 soc=0.7999 fc=0
progress step=291150 round=26/40 episode=16/30 sample=zero_boundary_034 soc=0.7999 fc=0
progress step=291200 round=26/40 episode=16/30 sample=zero_boundary_034 soc=0.7999 fc=0
progress step=291250 round=26/40 episode=17/30 sample=zero_boundary_037 soc=0.6289 fc=0
progress step=291300 round=26/40 episode=17/30 sample=zero_boundary_037 soc=0.5638 fc=100
progress step=291350 round=26/40 episode=17/30 sample=zero_boundary_037 soc=0.5135 fc=240
progress step=291400 round=26/40 episode=17/30 sample=zero_boundary_037 soc=0.4500 fc=140
progress step=291450 round=26/40 episode=17/30 sample=zero_boundary_037 soc=0.3856 fc=0
progress step=291500 round=26/40 episode=17/30 sample=zero_boundary_037 soc=0.2173 fc=350
progress step=291550 round=26/40 episode=18/30 sample=zero_boundary_038 soc=0.5917 fc=0
progress step=291600 round=26/40 episode=18/30 sample=zero_boundary_038 soc=0.3929 fc=0
progress step=291650 round=26/40 episode=18/30 sample=zero_boundary_038 soc=0.2456 fc=0
progress step=291700 round=26/40 episode=19/30 sample=zero_boundary_040 soc=0.5986 fc=440
progress step=291750 round=26/40 episode=19/30 sample=zero_boundary_040 soc=0.4368 fc=220
progress step=291800 round=26/40 episode=19/30 sample=zero_boundary_040 soc=0.2029 fc=0
progress step=291850 round=26/40 episode=19/30 sample=zero_boundary_040 soc=0.2001 fc=570
progress step=291900 round=26/40 episode=19/30 sample=zero_boundary_040 soc=0.2020 fc=290
progress step=291950 round=26/40 episode=20/30 sample=zero_boundary_041 soc=0.5978 fc=0
progress step=292000 round=26/40 episode=20/30 sample=zero_boundary_041 soc=0.4116 fc=170
progress step=292050 round=26/40 episode=21/30 sample=zero_boundary_042 soc=0.6088 fc=0
progress step=292100 round=26/40 episode=21/30 sample=zero_boundary_042 soc=0.4946 fc=450
progress step=292150 round=26/40 episode=21/30 sample=zero_boundary_042 soc=0.2186 fc=0
progress step=292200 round=26/40 episode=22/30 sample=zero_boundary_044 soc=0.5759 fc=510
progress step=292250 round=26/40 episode=22/30 sample=zero_boundary_044 soc=0.3208 fc=170
progress step=292300 round=26/40 episode=23/30 sample=zero_boundary_045 soc=0.6213 fc=480
progress step=292350 round=26/40 episode=23/30 sample=zero_boundary_045 soc=0.4708 fc=0
progress step=292400 round=26/40 episode=23/30 sample=zero_boundary_045 soc=0.2282 fc=80
progress step=292450 round=26/40 episode=24/30 sample=zero_boundary_046 soc=0.5107 fc=0
progress step=292500 round=26/40 episode=24/30 sample=zero_boundary_046 soc=0.2105 fc=0
progress step=292550 round=26/40 episode=25/30 sample=zero_boundary_048 soc=0.6109 fc=0
progress step=292600 round=26/40 episode=25/30 sample=zero_boundary_048 soc=0.3605 fc=0
progress step=292650 round=26/40 episode=25/30 sample=zero_boundary_048 soc=0.2004 fc=580
progress step=292700 round=26/40 episode=25/30 sample=zero_boundary_048 soc=0.2034 fc=310
progress step=292750 round=26/40 episode=25/30 sample=zero_boundary_048 soc=0.2024 fc=150
progress step=292800 round=26/40 episode=26/30 sample=zero_boundary_049 soc=0.6173 fc=0
progress step=292850 round=26/40 episode=26/30 sample=zero_boundary_049 soc=0.4874 fc=0
progress step=292900 round=26/40 episode=26/30 sample=zero_boundary_049 soc=0.3473 fc=0
progress step=292950 round=26/40 episode=26/30 sample=zero_boundary_049 soc=0.2086 fc=0
progress step=293000 round=26/40 episode=26/30 sample=zero_boundary_049 soc=0.2017 fc=370
progress step=293050 round=26/40 episode=27/30 sample=zero_boundary_050 soc=0.6244 fc=560
progress step=293100 round=26/40 episode=27/30 sample=zero_boundary_050 soc=0.4629 fc=510
progress step=293150 round=26/40 episode=27/30 sample=zero_boundary_050 soc=0.2005 fc=570
progress step=293200 round=26/40 episode=28/30 sample=zero_boundary_051 soc=0.6000 fc=0
progress step=293250 round=26/40 episode=28/30 sample=zero_boundary_051 soc=0.4621 fc=410
progress step=293300 round=26/40 episode=28/30 sample=zero_boundary_051 soc=0.3115 fc=0
progress step=293350 round=26/40 episode=29/30 sample=zero_boundary_052 soc=0.6080 fc=270
progress step=293400 round=26/40 episode=29/30 sample=zero_boundary_052 soc=0.4622 fc=0
progress step=293450 round=26/40 episode=30/30 sample=zero_boundary_053 soc=0.6130 fc=0
progress step=293500 round=26/40 episode=30/30 sample=zero_boundary_053 soc=0.5080 fc=0
progress step=293550 round=26/40 episode=30/30 sample=zero_boundary_053 soc=0.2352 fc=510
progress step=293600 round=26/40 episode=30/30 sample=zero_boundary_053 soc=0.2057 fc=0
progress step=293650 round=26/40 episode=30/30 sample=zero_boundary_053 soc=0.2014 fc=190
round 26/40 exploratory=13/30 greedy_train start
MONITOR round=26 exploratory=13/30 greedy_train=10/30 validation=SKIPPED cost=None updates=7472 best_round=7
round 27/40 start epsilon=0.3667
progress step=293700 round=27/40 episode=1/30 sample=zero_boundary_002 soc=0.6106 fc=0
progress step=293750 round=27/40 episode=1/30 sample=zero_boundary_002 soc=0.5436 fc=0
progress step=293800 round=27/40 episode=2/30 sample=zero_boundary_005 soc=0.6331 fc=260
progress step=293850 round=27/40 episode=2/30 sample=zero_boundary_005 soc=0.5396 fc=0
progress step=293900 round=27/40 episode=2/30 sample=zero_boundary_005 soc=0.2473 fc=0
progress step=293950 round=27/40 episode=2/30 sample=zero_boundary_005 soc=0.2002 fc=290
progress step=294000 round=27/40 episode=2/30 sample=zero_boundary_005 soc=0.2008 fc=440
progress step=294050 round=27/40 episode=2/30 sample=zero_boundary_005 soc=0.2000 fc=580
progress step=294100 round=27/40 episode=3/30 sample=zero_boundary_006 soc=0.6390 fc=0
progress step=294150 round=27/40 episode=3/30 sample=zero_boundary_006 soc=0.6041 fc=180
progress step=294200 round=27/40 episode=3/30 sample=zero_boundary_006 soc=0.5571 fc=0
progress step=294250 round=27/40 episode=3/30 sample=zero_boundary_006 soc=0.5935 fc=30
progress step=294300 round=27/40 episode=3/30 sample=zero_boundary_006 soc=0.6063 fc=0
progress step=294350 round=27/40 episode=3/30 sample=zero_boundary_006 soc=0.5782 fc=30
progress step=294400 round=27/40 episode=3/30 sample=zero_boundary_006 soc=0.5578 fc=280
progress step=294450 round=27/40 episode=4/30 sample=zero_boundary_007 soc=0.6016 fc=30
progress step=294500 round=27/40 episode=4/30 sample=zero_boundary_007 soc=0.4297 fc=30
progress step=294550 round=27/40 episode=4/30 sample=zero_boundary_007 soc=0.3019 fc=450
progress step=294600 round=27/40 episode=4/30 sample=zero_boundary_007 soc=0.2458 fc=30
progress step=294650 round=27/40 episode=4/30 sample=zero_boundary_007 soc=0.2001 fc=600
progress step=294700 round=27/40 episode=4/30 sample=zero_boundary_007 soc=0.2031 fc=30
progress step=294750 round=27/40 episode=5/30 sample=zero_boundary_008 soc=0.6006 fc=30
progress step=294800 round=27/40 episode=6/30 sample=zero_boundary_011 soc=0.6054 fc=30
progress step=294850 round=27/40 episode=6/30 sample=zero_boundary_011 soc=0.6601 fc=30
progress step=294900 round=27/40 episode=6/30 sample=zero_boundary_011 soc=0.4450 fc=30
progress step=294950 round=27/40 episode=6/30 sample=zero_boundary_011 soc=0.2003 fc=510
progress step=295000 round=27/40 episode=6/30 sample=zero_boundary_011 soc=0.2000 fc=530
progress step=295050 round=27/40 episode=7/30 sample=zero_boundary_013 soc=0.6585 fc=30
progress step=295100 round=27/40 episode=7/30 sample=zero_boundary_013 soc=0.5713 fc=30
progress step=295150 round=27/40 episode=7/30 sample=zero_boundary_013 soc=0.4006 fc=30
progress step=295200 round=27/40 episode=7/30 sample=zero_boundary_013 soc=0.2589 fc=30
progress step=295250 round=27/40 episode=7/30 sample=zero_boundary_013 soc=0.2006 fc=290
progress step=295300 round=27/40 episode=7/30 sample=zero_boundary_013 soc=0.2034 fc=290
progress step=295350 round=27/40 episode=8/30 sample=zero_boundary_015 soc=0.6098 fc=0
progress step=295400 round=27/40 episode=8/30 sample=zero_boundary_015 soc=0.5197 fc=0
progress step=295450 round=27/40 episode=8/30 sample=zero_boundary_015 soc=0.3909 fc=0
progress step=295500 round=27/40 episode=9/30 sample=zero_boundary_016 soc=0.6360 fc=0
progress step=295550 round=27/40 episode=9/30 sample=zero_boundary_016 soc=0.5645 fc=0
progress step=295600 round=27/40 episode=9/30 sample=zero_boundary_016 soc=0.2375 fc=0
progress step=295650 round=27/40 episode=10/30 sample=zero_boundary_017 soc=0.4476 fc=480
progress step=295700 round=27/40 episode=11/30 sample=zero_boundary_020 soc=0.6069 fc=360
progress step=295750 round=27/40 episode=11/30 sample=zero_boundary_020 soc=0.4887 fc=0
progress step=295800 round=27/40 episode=12/30 sample=zero_boundary_021 soc=0.6000 fc=0
progress step=295850 round=27/40 episode=12/30 sample=zero_boundary_021 soc=0.6631 fc=0
progress step=295900 round=27/40 episode=12/30 sample=zero_boundary_021 soc=0.5238 fc=80
progress step=295950 round=27/40 episode=12/30 sample=zero_boundary_021 soc=0.3084 fc=0
progress step=296000 round=27/40 episode=12/30 sample=zero_boundary_021 soc=0.2000 fc=370
progress step=296050 round=27/40 episode=13/30 sample=zero_boundary_022 soc=0.6285 fc=220
progress step=296100 round=27/40 episode=13/30 sample=zero_boundary_022 soc=0.4370 fc=0
progress step=296150 round=27/40 episode=13/30 sample=zero_boundary_022 soc=0.3264 fc=130
progress step=296200 round=27/40 episode=13/30 sample=zero_boundary_022 soc=0.2735 fc=0
progress step=296250 round=27/40 episode=14/30 sample=zero_boundary_029 soc=0.6023 fc=140
progress step=296300 round=27/40 episode=14/30 sample=zero_boundary_029 soc=0.4844 fc=0
progress step=296350 round=27/40 episode=14/30 sample=zero_boundary_029 soc=0.3023 fc=580
progress step=296400 round=27/40 episode=14/30 sample=zero_boundary_029 soc=0.2012 fc=30
progress step=296450 round=27/40 episode=14/30 sample=zero_boundary_029 soc=0.2039 fc=0
progress step=296500 round=27/40 episode=14/30 sample=zero_boundary_029 soc=0.2012 fc=490
progress step=296550 round=27/40 episode=14/30 sample=zero_boundary_029 soc=0.2010 fc=390
progress step=296600 round=27/40 episode=14/30 sample=zero_boundary_029 soc=0.2466 fc=260
progress step=296650 round=27/40 episode=14/30 sample=zero_boundary_029 soc=0.3447 fc=340
progress step=296700 round=27/40 episode=14/30 sample=zero_boundary_029 soc=0.3964 fc=0
progress step=296750 round=27/40 episode=14/30 sample=zero_boundary_029 soc=0.4596 fc=480
progress step=296800 round=27/40 episode=14/30 sample=zero_boundary_029 soc=0.5331 fc=0
progress step=296850 round=27/40 episode=14/30 sample=zero_boundary_029 soc=0.6046 fc=0
progress step=296900 round=27/40 episode=14/30 sample=zero_boundary_029 soc=0.6616 fc=0
progress step=296950 round=27/40 episode=14/30 sample=zero_boundary_029 soc=0.7311 fc=0
progress step=297000 round=27/40 episode=14/30 sample=zero_boundary_029 soc=0.7998 fc=0
progress step=297050 round=27/40 episode=14/30 sample=zero_boundary_029 soc=0.7999 fc=0
progress step=297100 round=27/40 episode=14/30 sample=zero_boundary_029 soc=0.7966 fc=70
progress step=297150 round=27/40 episode=14/30 sample=zero_boundary_029 soc=0.7274 fc=560
progress step=297200 round=27/40 episode=14/30 sample=zero_boundary_029 soc=0.6648 fc=0
progress step=297250 round=27/40 episode=14/30 sample=zero_boundary_029 soc=0.5188 fc=200
progress step=297300 round=27/40 episode=15/30 sample=zero_boundary_033 soc=0.6070 fc=0
progress step=297350 round=27/40 episode=15/30 sample=zero_boundary_033 soc=0.5379 fc=0
progress step=297400 round=27/40 episode=15/30 sample=zero_boundary_033 soc=0.3645 fc=0
progress step=297450 round=27/40 episode=15/30 sample=zero_boundary_033 soc=0.2390 fc=0
progress step=297500 round=27/40 episode=15/30 sample=zero_boundary_033 soc=0.2075 fc=0
progress step=297550 round=27/40 episode=15/30 sample=zero_boundary_033 soc=0.2002 fc=540
progress step=297600 round=27/40 episode=15/30 sample=zero_boundary_033 soc=0.2033 fc=0
progress step=297650 round=27/40 episode=15/30 sample=zero_boundary_033 soc=0.2647 fc=480
progress step=297700 round=27/40 episode=15/30 sample=zero_boundary_033 soc=0.3453 fc=0
progress step=297750 round=27/40 episode=15/30 sample=zero_boundary_033 soc=0.4171 fc=0
progress step=297800 round=27/40 episode=15/30 sample=zero_boundary_033 soc=0.4889 fc=470
progress step=297850 round=27/40 episode=15/30 sample=zero_boundary_033 soc=0.5661 fc=0
progress step=297900 round=27/40 episode=15/30 sample=zero_boundary_033 soc=0.6570 fc=0
progress step=297950 round=27/40 episode=15/30 sample=zero_boundary_033 soc=0.7375 fc=20
progress step=298000 round=27/40 episode=15/30 sample=zero_boundary_033 soc=0.7952 fc=60
progress step=298050 round=27/40 episode=15/30 sample=zero_boundary_033 soc=0.7979 fc=10
progress step=298100 round=27/40 episode=15/30 sample=zero_boundary_033 soc=0.7953 fc=280
progress step=298150 round=27/40 episode=15/30 sample=zero_boundary_033 soc=0.7982 fc=0
progress step=298200 round=27/40 episode=15/30 sample=zero_boundary_033 soc=0.7937 fc=470
progress step=298250 round=27/40 episode=16/30 sample=zero_boundary_034 soc=0.6000 fc=0
progress step=298300 round=27/40 episode=16/30 sample=zero_boundary_034 soc=0.6690 fc=0
progress step=298350 round=27/40 episode=16/30 sample=zero_boundary_034 soc=0.7479 fc=0
progress step=298400 round=27/40 episode=16/30 sample=zero_boundary_034 soc=0.7999 fc=0
progress step=298450 round=27/40 episode=16/30 sample=zero_boundary_034 soc=0.7999 fc=0
progress step=298500 round=27/40 episode=16/30 sample=zero_boundary_034 soc=0.7999 fc=0
progress step=298550 round=27/40 episode=16/30 sample=zero_boundary_034 soc=0.7999 fc=0
progress step=298600 round=27/40 episode=16/30 sample=zero_boundary_034 soc=0.7999 fc=0
progress step=298650 round=27/40 episode=16/30 sample=zero_boundary_034 soc=0.7999 fc=0
progress step=298700 round=27/40 episode=16/30 sample=zero_boundary_034 soc=0.7999 fc=0
progress step=298750 round=27/40 episode=16/30 sample=zero_boundary_034 soc=0.7999 fc=0
progress step=298800 round=27/40 episode=16/30 sample=zero_boundary_034 soc=0.7999 fc=0
progress step=298850 round=27/40 episode=16/30 sample=zero_boundary_034 soc=0.7999 fc=0
progress step=298900 round=27/40 episode=16/30 sample=zero_boundary_034 soc=0.7999 fc=0
progress step=298950 round=27/40 episode=16/30 sample=zero_boundary_034 soc=0.7999 fc=0
progress step=299000 round=27/40 episode=16/30 sample=zero_boundary_034 soc=0.7999 fc=0
progress step=299050 round=27/40 episode=16/30 sample=zero_boundary_034 soc=0.7999 fc=0
progress step=299100 round=27/40 episode=16/30 sample=zero_boundary_034 soc=0.7999 fc=0
progress step=299150 round=27/40 episode=16/30 sample=zero_boundary_034 soc=0.7948 fc=340
progress step=299200 round=27/40 episode=16/30 sample=zero_boundary_034 soc=0.7726 fc=0
progress step=299250 round=27/40 episode=16/30 sample=zero_boundary_034 soc=0.7202 fc=0
progress step=299300 round=27/40 episode=16/30 sample=zero_boundary_034 soc=0.6481 fc=0
progress step=299350 round=27/40 episode=16/30 sample=zero_boundary_034 soc=0.5171 fc=290
progress step=299400 round=27/40 episode=16/30 sample=zero_boundary_034 soc=0.5350 fc=0
progress step=299450 round=27/40 episode=16/30 sample=zero_boundary_034 soc=0.5544 fc=270
progress step=299500 round=27/40 episode=16/30 sample=zero_boundary_034 soc=0.6554 fc=480
progress step=299550 round=27/40 episode=16/30 sample=zero_boundary_034 soc=0.7220 fc=30
progress step=299600 round=27/40 episode=16/30 sample=zero_boundary_034 soc=0.7999 fc=0
progress step=299650 round=27/40 episode=16/30 sample=zero_boundary_034 soc=0.7999 fc=0
progress step=299700 round=27/40 episode=16/30 sample=zero_boundary_034 soc=0.7999 fc=0
progress step=299750 round=27/40 episode=16/30 sample=zero_boundary_034 soc=0.7999 fc=0
progress step=299800 round=27/40 episode=16/30 sample=zero_boundary_034 soc=0.7999 fc=0
progress step=299850 round=27/40 episode=16/30 sample=zero_boundary_034 soc=0.7999 fc=0
progress step=299900 round=27/40 episode=17/30 sample=zero_boundary_037 soc=0.6122 fc=0
progress step=299950 round=27/40 episode=17/30 sample=zero_boundary_037 soc=0.5528 fc=0
progress step=300000 round=27/40 episode=17/30 sample=zero_boundary_037 soc=0.4861 fc=0
progress step=300050 round=27/40 episode=17/30 sample=zero_boundary_037 soc=0.3818 fc=0
progress step=300100 round=27/40 episode=17/30 sample=zero_boundary_037 soc=0.3158 fc=310
progress step=300150 round=27/40 episode=17/30 sample=zero_boundary_037 soc=0.2003 fc=390
progress step=300200 round=27/40 episode=18/30 sample=zero_boundary_038 soc=0.6006 fc=0
progress step=300250 round=27/40 episode=18/30 sample=zero_boundary_038 soc=0.3805 fc=0
progress step=300300 round=27/40 episode=18/30 sample=zero_boundary_038 soc=0.2229 fc=520
progress step=300350 round=27/40 episode=19/30 sample=zero_boundary_040 soc=0.5997 fc=0
progress step=300400 round=27/40 episode=19/30 sample=zero_boundary_040 soc=0.4361 fc=0
progress step=300450 round=27/40 episode=19/30 sample=zero_boundary_040 soc=0.2003 fc=500
progress step=300500 round=27/40 episode=19/30 sample=zero_boundary_040 soc=0.2003 fc=530
progress step=300550 round=27/40 episode=20/30 sample=zero_boundary_041 soc=0.4633 fc=600
progress step=300600 round=27/40 episode=20/30 sample=zero_boundary_041 soc=0.2140 fc=330
progress step=300650 round=27/40 episode=21/30 sample=zero_boundary_042 soc=0.6172 fc=0
progress step=300700 round=27/40 episode=21/30 sample=zero_boundary_042 soc=0.3231 fc=0
progress step=300750 round=27/40 episode=22/30 sample=zero_boundary_044 soc=0.6002 fc=550
progress step=300800 round=27/40 episode=22/30 sample=zero_boundary_044 soc=0.3921 fc=0
progress step=300850 round=27/40 episode=23/30 sample=zero_boundary_045 soc=0.6116 fc=0
progress step=300900 round=27/40 episode=23/30 sample=zero_boundary_045 soc=0.4400 fc=60
progress step=300950 round=27/40 episode=23/30 sample=zero_boundary_045 soc=0.2483 fc=0
progress step=301000 round=27/40 episode=24/30 sample=zero_boundary_046 soc=0.5506 fc=0
progress step=301050 round=27/40 episode=24/30 sample=zero_boundary_046 soc=0.2923 fc=0
progress step=301100 round=27/40 episode=25/30 sample=zero_boundary_048 soc=0.6048 fc=0
progress step=301150 round=27/40 episode=25/30 sample=zero_boundary_048 soc=0.4485 fc=0
progress step=301200 round=27/40 episode=25/30 sample=zero_boundary_048 soc=0.2009 fc=560
progress step=301250 round=27/40 episode=25/30 sample=zero_boundary_048 soc=0.2001 fc=450
progress step=301300 round=27/40 episode=25/30 sample=zero_boundary_048 soc=0.2004 fc=290
progress step=301350 round=27/40 episode=26/30 sample=zero_boundary_049 soc=0.5921 fc=0
progress step=301400 round=27/40 episode=26/30 sample=zero_boundary_049 soc=0.4737 fc=0
progress step=301450 round=27/40 episode=26/30 sample=zero_boundary_049 soc=0.3540 fc=580
progress step=301500 round=27/40 episode=26/30 sample=zero_boundary_049 soc=0.2108 fc=250
progress step=301550 round=27/40 episode=26/30 sample=zero_boundary_049 soc=0.2000 fc=540
progress step=301600 round=27/40 episode=26/30 sample=zero_boundary_049 soc=0.2284 fc=220
progress step=301650 round=27/40 episode=27/30 sample=zero_boundary_050 soc=0.5588 fc=450
progress step=301700 round=27/40 episode=27/30 sample=zero_boundary_050 soc=0.2461 fc=0
progress step=301750 round=27/40 episode=27/30 sample=zero_boundary_050 soc=0.2002 fc=340
progress step=301800 round=27/40 episode=28/30 sample=zero_boundary_051 soc=0.5497 fc=0
progress step=301850 round=27/40 episode=28/30 sample=zero_boundary_051 soc=0.3922 fc=0
progress step=301900 round=27/40 episode=28/30 sample=zero_boundary_051 soc=0.3144 fc=0
progress step=301950 round=27/40 episode=29/30 sample=zero_boundary_052 soc=0.5498 fc=150
progress step=302000 round=27/40 episode=29/30 sample=zero_boundary_052 soc=0.2043 fc=370
progress step=302050 round=27/40 episode=30/30 sample=zero_boundary_053 soc=0.5908 fc=0
progress step=302100 round=27/40 episode=30/30 sample=zero_boundary_053 soc=0.3311 fc=0
progress step=302150 round=27/40 episode=30/30 sample=zero_boundary_053 soc=0.2018 fc=0
progress step=302200 round=27/40 episode=30/30 sample=zero_boundary_053 soc=0.2003 fc=290
progress step=302250 round=27/40 episode=30/30 sample=zero_boundary_053 soc=0.2122 fc=0
round 27/40 exploratory=13/30 greedy_train start
MONITOR round=27 exploratory=13/30 greedy_train=10/30 validation=SKIPPED cost=None updates=7680 best_round=7
round 28/40 start epsilon=0.3423
progress step=302300 round=28/40 episode=1/30 sample=zero_boundary_002 soc=0.6131 fc=0
progress step=302350 round=28/40 episode=1/30 sample=zero_boundary_002 soc=0.2549 fc=0
progress step=302400 round=28/40 episode=2/30 sample=zero_boundary_005 soc=0.5226 fc=0
progress step=302450 round=28/40 episode=2/30 sample=zero_boundary_005 soc=0.2730 fc=0
progress step=302500 round=28/40 episode=2/30 sample=zero_boundary_005 soc=0.2003 fc=450
progress step=302550 round=28/40 episode=2/30 sample=zero_boundary_005 soc=0.2011 fc=420
progress step=302600 round=28/40 episode=2/30 sample=zero_boundary_005 soc=0.2026 fc=0
progress step=302650 round=28/40 episode=2/30 sample=zero_boundary_005 soc=0.2107 fc=0
progress step=302700 round=28/40 episode=3/30 sample=zero_boundary_006 soc=0.6233 fc=180
progress step=302750 round=28/40 episode=3/30 sample=zero_boundary_006 soc=0.6121 fc=40
progress step=302800 round=28/40 episode=3/30 sample=zero_boundary_006 soc=0.6114 fc=0
progress step=302850 round=28/40 episode=3/30 sample=zero_boundary_006 soc=0.5870 fc=0
progress step=302900 round=28/40 episode=3/30 sample=zero_boundary_006 soc=0.5428 fc=0
progress step=302950 round=28/40 episode=3/30 sample=zero_boundary_006 soc=0.5174 fc=490
progress step=303000 round=28/40 episode=3/30 sample=zero_boundary_006 soc=0.5534 fc=0
progress step=303050 round=28/40 episode=4/30 sample=zero_boundary_007 soc=0.5288 fc=30
progress step=303100 round=28/40 episode=4/30 sample=zero_boundary_007 soc=0.3158 fc=30
progress step=303150 round=28/40 episode=4/30 sample=zero_boundary_007 soc=0.2015 fc=30
progress step=303200 round=28/40 episode=4/30 sample=zero_boundary_007 soc=0.2012 fc=550
progress step=303250 round=28/40 episode=4/30 sample=zero_boundary_007 soc=0.2001 fc=370
progress step=303300 round=28/40 episode=5/30 sample=zero_boundary_008 soc=0.6206 fc=30
progress step=303350 round=28/40 episode=5/30 sample=zero_boundary_008 soc=0.2759 fc=450
progress step=303400 round=28/40 episode=6/30 sample=zero_boundary_011 soc=0.6653 fc=270
progress step=303450 round=28/40 episode=6/30 sample=zero_boundary_011 soc=0.5596 fc=160
progress step=303500 round=28/40 episode=6/30 sample=zero_boundary_011 soc=0.3209 fc=30
progress step=303550 round=28/40 episode=6/30 sample=zero_boundary_011 soc=0.2005 fc=480
progress step=303600 round=28/40 episode=7/30 sample=zero_boundary_013 soc=0.6309 fc=130
progress step=303650 round=28/40 episode=7/30 sample=zero_boundary_013 soc=0.5830 fc=30
progress step=303700 round=28/40 episode=7/30 sample=zero_boundary_013 soc=0.4271 fc=480
progress step=303750 round=28/40 episode=7/30 sample=zero_boundary_013 soc=0.2864 fc=30
progress step=303800 round=28/40 episode=7/30 sample=zero_boundary_013 soc=0.2208 fc=30
progress step=303850 round=28/40 episode=7/30 sample=zero_boundary_013 soc=0.2012 fc=230
progress step=303900 round=28/40 episode=7/30 sample=zero_boundary_013 soc=0.2206 fc=160
progress step=303950 round=28/40 episode=8/30 sample=zero_boundary_015 soc=0.5338 fc=570
progress step=304000 round=28/40 episode=8/30 sample=zero_boundary_015 soc=0.3714 fc=0
progress step=304050 round=28/40 episode=9/30 sample=zero_boundary_016 soc=0.6316 fc=0
progress step=304100 round=28/40 episode=9/30 sample=zero_boundary_016 soc=0.5908 fc=0
progress step=304150 round=28/40 episode=9/30 sample=zero_boundary_016 soc=0.2702 fc=0
progress step=304200 round=28/40 episode=10/30 sample=zero_boundary_017 soc=0.5028 fc=600
progress step=304250 round=28/40 episode=11/30 sample=zero_boundary_020 soc=0.6123 fc=260
progress step=304300 round=28/40 episode=11/30 sample=zero_boundary_020 soc=0.5089 fc=0
progress step=304350 round=28/40 episode=11/30 sample=zero_boundary_020 soc=0.4388 fc=590
progress step=304400 round=28/40 episode=12/30 sample=zero_boundary_021 soc=0.6382 fc=0
progress step=304450 round=28/40 episode=12/30 sample=zero_boundary_021 soc=0.5162 fc=0
progress step=304500 round=28/40 episode=12/30 sample=zero_boundary_021 soc=0.2741 fc=370
progress step=304550 round=28/40 episode=12/30 sample=zero_boundary_021 soc=0.2004 fc=510
progress step=304600 round=28/40 episode=13/30 sample=zero_boundary_022 soc=0.6267 fc=0
progress step=304650 round=28/40 episode=13/30 sample=zero_boundary_022 soc=0.4783 fc=0
progress step=304700 round=28/40 episode=13/30 sample=zero_boundary_022 soc=0.3453 fc=0
progress step=304750 round=28/40 episode=13/30 sample=zero_boundary_022 soc=0.2952 fc=350
progress step=304800 round=28/40 episode=14/30 sample=zero_boundary_029 soc=0.6068 fc=0
progress step=304850 round=28/40 episode=14/30 sample=zero_boundary_029 soc=0.4749 fc=0
progress step=304900 round=28/40 episode=14/30 sample=zero_boundary_029 soc=0.2984 fc=0
progress step=304950 round=28/40 episode=14/30 sample=zero_boundary_029 soc=0.2001 fc=370
progress step=305000 round=28/40 episode=14/30 sample=zero_boundary_029 soc=0.2018 fc=460
progress step=305050 round=28/40 episode=14/30 sample=zero_boundary_029 soc=0.2048 fc=0
progress step=305100 round=28/40 episode=14/30 sample=zero_boundary_029 soc=0.2021 fc=0
progress step=305150 round=28/40 episode=14/30 sample=zero_boundary_029 soc=0.2539 fc=0
progress step=305200 round=28/40 episode=14/30 sample=zero_boundary_029 soc=0.2758 fc=280
progress step=305250 round=28/40 episode=14/30 sample=zero_boundary_029 soc=0.3268 fc=180
progress step=305300 round=28/40 episode=14/30 sample=zero_boundary_029 soc=0.3929 fc=120
progress step=305350 round=28/40 episode=14/30 sample=zero_boundary_029 soc=0.4539 fc=0
progress step=305400 round=28/40 episode=14/30 sample=zero_boundary_029 soc=0.5141 fc=0
progress step=305450 round=28/40 episode=14/30 sample=zero_boundary_029 soc=0.6088 fc=0
progress step=305500 round=28/40 episode=14/30 sample=zero_boundary_029 soc=0.6644 fc=460
progress step=305550 round=28/40 episode=14/30 sample=zero_boundary_029 soc=0.7383 fc=0
progress step=305600 round=28/40 episode=14/30 sample=zero_boundary_029 soc=0.7983 fc=0
progress step=305650 round=28/40 episode=14/30 sample=zero_boundary_029 soc=0.7997 fc=0
progress step=305700 round=28/40 episode=14/30 sample=zero_boundary_029 soc=0.7055 fc=390
progress step=305750 round=28/40 episode=14/30 sample=zero_boundary_029 soc=0.5714 fc=40
progress step=305800 round=28/40 episode=14/30 sample=zero_boundary_029 soc=0.4172 fc=0
progress step=305850 round=28/40 episode=15/30 sample=zero_boundary_033 soc=0.6023 fc=0
progress step=305900 round=28/40 episode=15/30 sample=zero_boundary_033 soc=0.5326 fc=0
progress step=305950 round=28/40 episode=15/30 sample=zero_boundary_033 soc=0.3526 fc=0
progress step=306000 round=28/40 episode=15/30 sample=zero_boundary_033 soc=0.2297 fc=0
progress step=306050 round=28/40 episode=15/30 sample=zero_boundary_033 soc=0.2030 fc=80
progress step=306100 round=28/40 episode=15/30 sample=zero_boundary_033 soc=0.2005 fc=480
progress step=306150 round=28/40 episode=15/30 sample=zero_boundary_033 soc=0.2006 fc=440
progress step=306200 round=28/40 episode=15/30 sample=zero_boundary_033 soc=0.2693 fc=400
progress step=306250 round=28/40 episode=15/30 sample=zero_boundary_033 soc=0.3310 fc=0
progress step=306300 round=28/40 episode=15/30 sample=zero_boundary_033 soc=0.3864 fc=600
progress step=306350 round=28/40 episode=15/30 sample=zero_boundary_033 soc=0.4851 fc=0
progress step=306400 round=28/40 episode=15/30 sample=zero_boundary_033 soc=0.5318 fc=0
progress step=306450 round=28/40 episode=15/30 sample=zero_boundary_033 soc=0.5815 fc=260
progress step=306500 round=28/40 episode=15/30 sample=zero_boundary_033 soc=0.6430 fc=0
progress step=306550 round=28/40 episode=15/30 sample=zero_boundary_033 soc=0.7165 fc=0
progress step=306600 round=28/40 episode=15/30 sample=zero_boundary_033 soc=0.7570 fc=380
progress step=306650 round=28/40 episode=15/30 sample=zero_boundary_033 soc=0.7755 fc=130
progress step=306700 round=28/40 episode=15/30 sample=zero_boundary_033 soc=0.7993 fc=0
progress step=306750 round=28/40 episode=15/30 sample=zero_boundary_033 soc=0.7971 fc=0
progress step=306800 round=28/40 episode=15/30 sample=zero_boundary_033 soc=0.7992 fc=0
progress step=306850 round=28/40 episode=16/30 sample=zero_boundary_034 soc=0.6624 fc=0
progress step=306900 round=28/40 episode=16/30 sample=zero_boundary_034 soc=0.7405 fc=0
progress step=306950 round=28/40 episode=16/30 sample=zero_boundary_034 soc=0.7998 fc=10
progress step=307000 round=28/40 episode=16/30 sample=zero_boundary_034 soc=0.7999 fc=0
progress step=307050 round=28/40 episode=16/30 sample=zero_boundary_034 soc=0.7999 fc=0
progress step=307100 round=28/40 episode=16/30 sample=zero_boundary_034 soc=0.7999 fc=0
progress step=307150 round=28/40 episode=16/30 sample=zero_boundary_034 soc=0.7999 fc=0
progress step=307200 round=28/40 episode=16/30 sample=zero_boundary_034 soc=0.7999 fc=0
progress step=307250 round=28/40 episode=16/30 sample=zero_boundary_034 soc=0.7999 fc=0
progress step=307300 round=28/40 episode=16/30 sample=zero_boundary_034 soc=0.7999 fc=0
progress step=307350 round=28/40 episode=16/30 sample=zero_boundary_034 soc=0.7999 fc=0
progress step=307400 round=28/40 episode=16/30 sample=zero_boundary_034 soc=0.7999 fc=0
progress step=307450 round=28/40 episode=16/30 sample=zero_boundary_034 soc=0.7999 fc=0
progress step=307500 round=28/40 episode=16/30 sample=zero_boundary_034 soc=0.7999 fc=0
progress step=307550 round=28/40 episode=16/30 sample=zero_boundary_034 soc=0.7999 fc=0
progress step=307600 round=28/40 episode=16/30 sample=zero_boundary_034 soc=0.7999 fc=0
progress step=307650 round=28/40 episode=16/30 sample=zero_boundary_034 soc=0.7999 fc=0
progress step=307700 round=28/40 episode=16/30 sample=zero_boundary_034 soc=0.7939 fc=150
progress step=307750 round=28/40 episode=16/30 sample=zero_boundary_034 soc=0.7963 fc=0
progress step=307800 round=28/40 episode=16/30 sample=zero_boundary_034 soc=0.7261 fc=0
progress step=307850 round=28/40 episode=16/30 sample=zero_boundary_034 soc=0.6621 fc=20
progress step=307900 round=28/40 episode=16/30 sample=zero_boundary_034 soc=0.5625 fc=0
progress step=307950 round=28/40 episode=16/30 sample=zero_boundary_034 soc=0.5486 fc=0
progress step=308000 round=28/40 episode=16/30 sample=zero_boundary_034 soc=0.5941 fc=70
progress step=308050 round=28/40 episode=16/30 sample=zero_boundary_034 soc=0.6371 fc=0
progress step=308100 round=28/40 episode=16/30 sample=zero_boundary_034 soc=0.7026 fc=0
progress step=308150 round=28/40 episode=16/30 sample=zero_boundary_034 soc=0.7564 fc=0
progress step=308200 round=28/40 episode=16/30 sample=zero_boundary_034 soc=0.8000 fc=0
progress step=308250 round=28/40 episode=16/30 sample=zero_boundary_034 soc=0.8000 fc=0
progress step=308300 round=28/40 episode=16/30 sample=zero_boundary_034 soc=0.8000 fc=0
progress step=308350 round=28/40 episode=16/30 sample=zero_boundary_034 soc=0.8000 fc=0
progress step=308400 round=28/40 episode=16/30 sample=zero_boundary_034 soc=0.8000 fc=0
progress step=308450 round=28/40 episode=17/30 sample=zero_boundary_037 soc=0.6000 fc=70
progress step=308500 round=28/40 episode=17/30 sample=zero_boundary_037 soc=0.5318 fc=580
progress step=308550 round=28/40 episode=17/30 sample=zero_boundary_037 soc=0.4579 fc=0
progress step=308600 round=28/40 episode=17/30 sample=zero_boundary_037 soc=0.3575 fc=0
progress step=308650 round=28/40 episode=17/30 sample=zero_boundary_037 soc=0.2592 fc=490
progress step=308700 round=28/40 episode=17/30 sample=zero_boundary_037 soc=0.2008 fc=520
progress step=308750 round=28/40 episode=18/30 sample=zero_boundary_038 soc=0.6176 fc=600
progress step=308800 round=28/40 episode=18/30 sample=zero_boundary_038 soc=0.4495 fc=0
progress step=308850 round=28/40 episode=18/30 sample=zero_boundary_038 soc=0.2637 fc=0
progress step=308900 round=28/40 episode=18/30 sample=zero_boundary_038 soc=0.2003 fc=330
progress step=308950 round=28/40 episode=19/30 sample=zero_boundary_040 soc=0.4829 fc=0
progress step=309000 round=28/40 episode=19/30 sample=zero_boundary_040 soc=0.2080 fc=0
progress step=309050 round=28/40 episode=19/30 sample=zero_boundary_040 soc=0.2000 fc=600
progress step=309100 round=28/40 episode=19/30 sample=zero_boundary_040 soc=0.2004 fc=350
progress step=309150 round=28/40 episode=19/30 sample=zero_boundary_040 soc=0.2020 fc=370
progress step=309200 round=28/40 episode=20/30 sample=zero_boundary_041 soc=0.4403 fc=0
progress step=309250 round=28/40 episode=20/30 sample=zero_boundary_041 soc=0.2001 fc=540
progress step=309300 round=28/40 episode=21/30 sample=zero_boundary_042 soc=0.6308 fc=0
progress step=309350 round=28/40 episode=21/30 sample=zero_boundary_042 soc=0.3658 fc=0
progress step=309400 round=28/40 episode=22/30 sample=zero_boundary_044 soc=0.6003 fc=400
progress step=309450 round=28/40 episode=22/30 sample=zero_boundary_044 soc=0.3896 fc=410
progress step=309500 round=28/40 episode=23/30 sample=zero_boundary_045 soc=0.6222 fc=170
progress step=309550 round=28/40 episode=23/30 sample=zero_boundary_045 soc=0.4818 fc=0
progress step=309600 round=28/40 episode=23/30 sample=zero_boundary_045 soc=0.2549 fc=470
progress step=309650 round=28/40 episode=24/30 sample=zero_boundary_046 soc=0.5584 fc=0
progress step=309700 round=28/40 episode=24/30 sample=zero_boundary_046 soc=0.2826 fc=0
progress step=309750 round=28/40 episode=25/30 sample=zero_boundary_048 soc=0.6020 fc=0
progress step=309800 round=28/40 episode=25/30 sample=zero_boundary_048 soc=0.4511 fc=0
progress step=309850 round=28/40 episode=25/30 sample=zero_boundary_048 soc=0.2003 fc=480
progress step=309900 round=28/40 episode=25/30 sample=zero_boundary_048 soc=0.2001 fc=310
progress step=309950 round=28/40 episode=25/30 sample=zero_boundary_048 soc=0.2002 fc=540
progress step=310000 round=28/40 episode=26/30 sample=zero_boundary_049 soc=0.6058 fc=140
progress step=310050 round=28/40 episode=26/30 sample=zero_boundary_049 soc=0.4931 fc=410
progress step=310100 round=28/40 episode=26/30 sample=zero_boundary_049 soc=0.3541 fc=0
progress step=310150 round=28/40 episode=26/30 sample=zero_boundary_049 soc=0.2058 fc=0
progress step=310200 round=28/40 episode=26/30 sample=zero_boundary_049 soc=0.2045 fc=140
progress step=310250 round=28/40 episode=26/30 sample=zero_boundary_049 soc=0.2532 fc=350
progress step=310300 round=28/40 episode=27/30 sample=zero_boundary_050 soc=0.5040 fc=90
progress step=310350 round=28/40 episode=27/30 sample=zero_boundary_050 soc=0.2001 fc=530
progress step=310400 round=28/40 episode=27/30 sample=zero_boundary_050 soc=0.2002 fc=350
progress step=310450 round=28/40 episode=28/30 sample=zero_boundary_051 soc=0.5391 fc=0
progress step=310500 round=28/40 episode=28/30 sample=zero_boundary_051 soc=0.3928 fc=0
progress step=310550 round=28/40 episode=28/30 sample=zero_boundary_051 soc=0.2787 fc=280
progress step=310600 round=28/40 episode=29/30 sample=zero_boundary_052 soc=0.5464 fc=0
progress step=310650 round=28/40 episode=30/30 sample=zero_boundary_053 soc=0.6147 fc=0
progress step=310700 round=28/40 episode=30/30 sample=zero_boundary_053 soc=0.5352 fc=90
progress step=310750 round=28/40 episode=30/30 sample=zero_boundary_053 soc=0.2743 fc=290
progress step=310800 round=28/40 episode=30/30 sample=zero_boundary_053 soc=0.2004 fc=30
progress step=310850 round=28/40 episode=30/30 sample=zero_boundary_053 soc=0.2021 fc=230
progress step=310900 round=28/40 episode=30/30 sample=zero_boundary_053 soc=0.2120 fc=520
round 28/40 exploratory=13/30 greedy_train start
MONITOR round=28 exploratory=13/30 greedy_train=10/30 validation=SKIPPED cost=None updates=7888 best_round=7
round 29/40 start epsilon=0.3179
progress step=310950 round=29/40 episode=1/30 sample=zero_boundary_002 soc=0.5964 fc=0
progress step=311000 round=29/40 episode=2/30 sample=zero_boundary_005 soc=0.6048 fc=540
progress step=311050 round=29/40 episode=2/30 sample=zero_boundary_005 soc=0.5440 fc=490
progress step=311100 round=29/40 episode=2/30 sample=zero_boundary_005 soc=0.2572 fc=0
progress step=311150 round=29/40 episode=2/30 sample=zero_boundary_005 soc=0.2000 fc=590
progress step=311200 round=29/40 episode=2/30 sample=zero_boundary_005 soc=0.2004 fc=480
progress step=311250 round=29/40 episode=2/30 sample=zero_boundary_005 soc=0.2032 fc=340
progress step=311300 round=29/40 episode=3/30 sample=zero_boundary_006 soc=0.6031 fc=0
progress step=311350 round=29/40 episode=3/30 sample=zero_boundary_006 soc=0.6179 fc=240
progress step=311400 round=29/40 episode=3/30 sample=zero_boundary_006 soc=0.5846 fc=30
progress step=311450 round=29/40 episode=3/30 sample=zero_boundary_006 soc=0.5563 fc=0
progress step=311500 round=29/40 episode=3/30 sample=zero_boundary_006 soc=0.5418 fc=0
progress step=311550 round=29/40 episode=3/30 sample=zero_boundary_006 soc=0.5052 fc=360
progress step=311600 round=29/40 episode=3/30 sample=zero_boundary_006 soc=0.4676 fc=30
progress step=311650 round=29/40 episode=4/30 sample=zero_boundary_007 soc=0.6121 fc=30
progress step=311700 round=29/40 episode=4/30 sample=zero_boundary_007 soc=0.4775 fc=500
progress step=311750 round=29/40 episode=4/30 sample=zero_boundary_007 soc=0.3082 fc=30
progress step=311800 round=29/40 episode=4/30 sample=zero_boundary_007 soc=0.2403 fc=30
progress step=311850 round=29/40 episode=4/30 sample=zero_boundary_007 soc=0.2002 fc=350
progress step=311900 round=29/40 episode=4/30 sample=zero_boundary_007 soc=0.2009 fc=290
progress step=311950 round=29/40 episode=5/30 sample=zero_boundary_008 soc=0.6203 fc=180
progress step=312000 round=29/40 episode=6/30 sample=zero_boundary_011 soc=0.6004 fc=30
progress step=312050 round=29/40 episode=6/30 sample=zero_boundary_011 soc=0.6608 fc=210
progress step=312100 round=29/40 episode=6/30 sample=zero_boundary_011 soc=0.5150 fc=30
progress step=312150 round=29/40 episode=6/30 sample=zero_boundary_011 soc=0.2413 fc=30
progress step=312200 round=29/40 episode=6/30 sample=zero_boundary_011 soc=0.2025 fc=30
progress step=312250 round=29/40 episode=7/30 sample=zero_boundary_013 soc=0.6323 fc=470
progress step=312300 round=29/40 episode=7/30 sample=zero_boundary_013 soc=0.5878 fc=30
progress step=312350 round=29/40 episode=7/30 sample=zero_boundary_013 soc=0.4455 fc=30
progress step=312400 round=29/40 episode=7/30 sample=zero_boundary_013 soc=0.3338 fc=30
progress step=312450 round=29/40 episode=7/30 sample=zero_boundary_013 soc=0.2799 fc=30
progress step=312500 round=29/40 episode=7/30 sample=zero_boundary_013 soc=0.2036 fc=260
progress step=312550 round=29/40 episode=7/30 sample=zero_boundary_013 soc=0.2134 fc=30
progress step=312600 round=29/40 episode=8/30 sample=zero_boundary_015 soc=0.5230 fc=0
progress step=312650 round=29/40 episode=8/30 sample=zero_boundary_015 soc=0.3590 fc=0
progress step=312700 round=29/40 episode=9/30 sample=zero_boundary_016 soc=0.6209 fc=0
progress step=312750 round=29/40 episode=9/30 sample=zero_boundary_016 soc=0.5241 fc=0
progress step=312800 round=29/40 episode=9/30 sample=zero_boundary_016 soc=0.2376 fc=0
progress step=312850 round=29/40 episode=10/30 sample=zero_boundary_017 soc=0.4435 fc=0
progress step=312900 round=29/40 episode=11/30 sample=zero_boundary_020 soc=0.5872 fc=0
progress step=312950 round=29/40 episode=11/30 sample=zero_boundary_020 soc=0.4199 fc=0
progress step=313000 round=29/40 episode=12/30 sample=zero_boundary_021 soc=0.5994 fc=0
progress step=313050 round=29/40 episode=12/30 sample=zero_boundary_021 soc=0.6426 fc=0
progress step=313100 round=29/40 episode=12/30 sample=zero_boundary_021 soc=0.4271 fc=0
progress step=313150 round=29/40 episode=12/30 sample=zero_boundary_021 soc=0.2001 fc=520
progress step=313200 round=29/40 episode=12/30 sample=zero_boundary_021 soc=0.2004 fc=600
progress step=313250 round=29/40 episode=13/30 sample=zero_boundary_022 soc=0.6040 fc=570
progress step=313300 round=29/40 episode=13/30 sample=zero_boundary_022 soc=0.3788 fc=590
progress step=313350 round=29/40 episode=13/30 sample=zero_boundary_022 soc=0.2639 fc=280
progress step=313400 round=29/40 episode=13/30 sample=zero_boundary_022 soc=0.2190 fc=0
progress step=313450 round=29/40 episode=14/30 sample=zero_boundary_029 soc=0.5766 fc=0
progress step=313500 round=29/40 episode=14/30 sample=zero_boundary_029 soc=0.4528 fc=0
progress step=313550 round=29/40 episode=14/30 sample=zero_boundary_029 soc=0.2884 fc=0
progress step=313600 round=29/40 episode=14/30 sample=zero_boundary_029 soc=0.2002 fc=50
progress step=313650 round=29/40 episode=14/30 sample=zero_boundary_029 soc=0.2002 fc=230
progress step=313700 round=29/40 episode=14/30 sample=zero_boundary_029 soc=0.2038 fc=0
progress step=313750 round=29/40 episode=14/30 sample=zero_boundary_029 soc=0.2091 fc=0
progress step=313800 round=29/40 episode=14/30 sample=zero_boundary_029 soc=0.2524 fc=160
progress step=313850 round=29/40 episode=14/30 sample=zero_boundary_029 soc=0.3225 fc=440
progress step=313900 round=29/40 episode=14/30 sample=zero_boundary_029 soc=0.3902 fc=0
progress step=313950 round=29/40 episode=14/30 sample=zero_boundary_029 soc=0.4594 fc=0
progress step=314000 round=29/40 episode=14/30 sample=zero_boundary_029 soc=0.5312 fc=0
progress step=314050 round=29/40 episode=14/30 sample=zero_boundary_029 soc=0.6263 fc=470
progress step=314100 round=29/40 episode=14/30 sample=zero_boundary_029 soc=0.6910 fc=0
progress step=314150 round=29/40 episode=14/30 sample=zero_boundary_029 soc=0.7597 fc=0
progress step=314200 round=29/40 episode=14/30 sample=zero_boundary_029 soc=0.7997 fc=0
progress step=314250 round=29/40 episode=14/30 sample=zero_boundary_029 soc=0.7999 fc=0
progress step=314300 round=29/40 episode=14/30 sample=zero_boundary_029 soc=0.7967 fc=300
progress step=314350 round=29/40 episode=14/30 sample=zero_boundary_029 soc=0.6852 fc=180
progress step=314400 round=29/40 episode=14/30 sample=zero_boundary_029 soc=0.5996 fc=570
progress step=314450 round=29/40 episode=14/30 sample=zero_boundary_029 soc=0.4496 fc=70
progress step=314500 round=29/40 episode=15/30 sample=zero_boundary_033 soc=0.6365 fc=0
progress step=314550 round=29/40 episode=15/30 sample=zero_boundary_033 soc=0.5575 fc=0
progress step=314600 round=29/40 episode=15/30 sample=zero_boundary_033 soc=0.3106 fc=0
progress step=314650 round=29/40 episode=15/30 sample=zero_boundary_033 soc=0.2000 fc=560
progress step=314700 round=29/40 episode=15/30 sample=zero_boundary_033 soc=0.2647 fc=600
progress step=314750 round=29/40 episode=15/30 sample=zero_boundary_033 soc=0.2011 fc=450
progress step=314800 round=29/40 episode=15/30 sample=zero_boundary_033 soc=0.2078 fc=0
progress step=314850 round=29/40 episode=15/30 sample=zero_boundary_033 soc=0.2630 fc=0
progress step=314900 round=29/40 episode=15/30 sample=zero_boundary_033 soc=0.3405 fc=0
progress step=314950 round=29/40 episode=15/30 sample=zero_boundary_033 soc=0.4160 fc=530
progress step=315000 round=29/40 episode=15/30 sample=zero_boundary_033 soc=0.4702 fc=170
progress step=315050 round=29/40 episode=15/30 sample=zero_boundary_033 soc=0.5297 fc=0
progress step=315100 round=29/40 episode=15/30 sample=zero_boundary_033 soc=0.5713 fc=0
progress step=315150 round=29/40 episode=15/30 sample=zero_boundary_033 soc=0.6291 fc=190
progress step=315200 round=29/40 episode=15/30 sample=zero_boundary_033 soc=0.6853 fc=0
progress step=315250 round=29/40 episode=15/30 sample=zero_boundary_033 soc=0.7332 fc=0
progress step=315300 round=29/40 episode=15/30 sample=zero_boundary_033 soc=0.7685 fc=140
progress step=315350 round=29/40 episode=15/30 sample=zero_boundary_033 soc=0.7985 fc=0
progress step=315400 round=29/40 episode=15/30 sample=zero_boundary_033 soc=0.7987 fc=0
progress step=315450 round=29/40 episode=16/30 sample=zero_boundary_034 soc=0.6061 fc=390
progress step=315500 round=29/40 episode=16/30 sample=zero_boundary_034 soc=0.6494 fc=0
progress step=315550 round=29/40 episode=16/30 sample=zero_boundary_034 soc=0.7165 fc=0
progress step=315600 round=29/40 episode=16/30 sample=zero_boundary_034 soc=0.7987 fc=0
progress step=315650 round=29/40 episode=16/30 sample=zero_boundary_034 soc=0.8000 fc=0
progress step=315700 round=29/40 episode=16/30 sample=zero_boundary_034 soc=0.8000 fc=0
progress step=315750 round=29/40 episode=16/30 sample=zero_boundary_034 soc=0.8000 fc=0
progress step=315800 round=29/40 episode=16/30 sample=zero_boundary_034 soc=0.8000 fc=0
progress step=315850 round=29/40 episode=16/30 sample=zero_boundary_034 soc=0.8000 fc=0
progress step=315900 round=29/40 episode=16/30 sample=zero_boundary_034 soc=0.8000 fc=0
progress step=315950 round=29/40 episode=16/30 sample=zero_boundary_034 soc=0.8000 fc=0
progress step=316000 round=29/40 episode=16/30 sample=zero_boundary_034 soc=0.8000 fc=0
progress step=316050 round=29/40 episode=16/30 sample=zero_boundary_034 soc=0.8000 fc=0
progress step=316100 round=29/40 episode=16/30 sample=zero_boundary_034 soc=0.8000 fc=0
progress step=316150 round=29/40 episode=16/30 sample=zero_boundary_034 soc=0.8000 fc=0
progress step=316200 round=29/40 episode=16/30 sample=zero_boundary_034 soc=0.8000 fc=0
progress step=316250 round=29/40 episode=16/30 sample=zero_boundary_034 soc=0.8000 fc=0
progress step=316300 round=29/40 episode=16/30 sample=zero_boundary_034 soc=0.8000 fc=0
progress step=316350 round=29/40 episode=16/30 sample=zero_boundary_034 soc=0.7975 fc=0
progress step=316400 round=29/40 episode=16/30 sample=zero_boundary_034 soc=0.7841 fc=0
progress step=316450 round=29/40 episode=16/30 sample=zero_boundary_034 soc=0.6933 fc=80
progress step=316500 round=29/40 episode=16/30 sample=zero_boundary_034 soc=0.6422 fc=380
progress step=316550 round=29/40 episode=16/30 sample=zero_boundary_034 soc=0.5266 fc=0
progress step=316600 round=29/40 episode=16/30 sample=zero_boundary_034 soc=0.5337 fc=0
progress step=316650 round=29/40 episode=16/30 sample=zero_boundary_034 soc=0.5819 fc=0
progress step=316700 round=29/40 episode=16/30 sample=zero_boundary_034 soc=0.6522 fc=0
progress step=316750 round=29/40 episode=16/30 sample=zero_boundary_034 soc=0.7105 fc=0
progress step=316800 round=29/40 episode=16/30 sample=zero_boundary_034 soc=0.7854 fc=0
progress step=316850 round=29/40 episode=16/30 sample=zero_boundary_034 soc=0.7999 fc=0
progress step=316900 round=29/40 episode=16/30 sample=zero_boundary_034 soc=0.7999 fc=0
progress step=316950 round=29/40 episode=16/30 sample=zero_boundary_034 soc=0.7999 fc=0
progress step=317000 round=29/40 episode=16/30 sample=zero_boundary_034 soc=0.7999 fc=0
progress step=317050 round=29/40 episode=16/30 sample=zero_boundary_034 soc=0.7999 fc=0
progress step=317100 round=29/40 episode=17/30 sample=zero_boundary_037 soc=0.6063 fc=0
progress step=317150 round=29/40 episode=17/30 sample=zero_boundary_037 soc=0.5448 fc=520
progress step=317200 round=29/40 episode=17/30 sample=zero_boundary_037 soc=0.4809 fc=0
progress step=317250 round=29/40 episode=17/30 sample=zero_boundary_037 soc=0.3768 fc=0
progress step=317300 round=29/40 episode=17/30 sample=zero_boundary_037 soc=0.2663 fc=0
progress step=317350 round=29/40 episode=17/30 sample=zero_boundary_037 soc=0.2004 fc=400
progress step=317400 round=29/40 episode=18/30 sample=zero_boundary_038 soc=0.5921 fc=320
progress step=317450 round=29/40 episode=18/30 sample=zero_boundary_038 soc=0.3947 fc=0
progress step=317500 round=29/40 episode=18/30 sample=zero_boundary_038 soc=0.2262 fc=480
progress step=317550 round=29/40 episode=19/30 sample=zero_boundary_040 soc=0.5870 fc=0
progress step=317600 round=29/40 episode=19/30 sample=zero_boundary_040 soc=0.3959 fc=590
progress step=317650 round=29/40 episode=19/30 sample=zero_boundary_040 soc=0.2001 fc=500
progress step=317700 round=29/40 episode=19/30 sample=zero_boundary_040 soc=0.2000 fc=600
progress step=317750 round=29/40 episode=19/30 sample=zero_boundary_040 soc=0.2024 fc=230
progress step=317800 round=29/40 episode=20/30 sample=zero_boundary_041 soc=0.5973 fc=0
progress step=317850 round=29/40 episode=20/30 sample=zero_boundary_041 soc=0.4169 fc=0
progress step=317900 round=29/40 episode=21/30 sample=zero_boundary_042 soc=0.6000 fc=0
progress step=317950 round=29/40 episode=21/30 sample=zero_boundary_042 soc=0.5708 fc=0
progress step=318000 round=29/40 episode=21/30 sample=zero_boundary_042 soc=0.2868 fc=590
progress step=318050 round=29/40 episode=22/30 sample=zero_boundary_044 soc=0.5482 fc=0
progress step=318100 round=29/40 episode=22/30 sample=zero_boundary_044 soc=0.2693 fc=0
progress step=318150 round=29/40 episode=23/30 sample=zero_boundary_045 soc=0.6053 fc=60
progress step=318200 round=29/40 episode=23/30 sample=zero_boundary_045 soc=0.4110 fc=0
progress step=318250 round=29/40 episode=23/30 sample=zero_boundary_045 soc=0.2003 fc=400
progress step=318300 round=29/40 episode=24/30 sample=zero_boundary_046 soc=0.4882 fc=280
progress step=318350 round=29/40 episode=24/30 sample=zero_boundary_046 soc=0.2052 fc=230
progress step=318400 round=29/40 episode=25/30 sample=zero_boundary_048 soc=0.6168 fc=0
progress step=318450 round=29/40 episode=25/30 sample=zero_boundary_048 soc=0.3347 fc=0
progress step=318500 round=29/40 episode=25/30 sample=zero_boundary_048 soc=0.2011 fc=450
progress step=318550 round=29/40 episode=25/30 sample=zero_boundary_048 soc=0.2048 fc=0
progress step=318600 round=29/40 episode=25/30 sample=zero_boundary_048 soc=0.2003 fc=290
progress step=318650 round=29/40 episode=26/30 sample=zero_boundary_049 soc=0.5888 fc=0
progress step=318700 round=29/40 episode=26/30 sample=zero_boundary_049 soc=0.4154 fc=230
progress step=318750 round=29/40 episode=26/30 sample=zero_boundary_049 soc=0.2630 fc=0
progress step=318800 round=29/40 episode=26/30 sample=zero_boundary_049 soc=0.2003 fc=230
progress step=318850 round=29/40 episode=26/30 sample=zero_boundary_049 soc=0.2007 fc=30
progress step=318900 round=29/40 episode=27/30 sample=zero_boundary_050 soc=0.6173 fc=0
progress step=318950 round=29/40 episode=27/30 sample=zero_boundary_050 soc=0.4101 fc=0
progress step=319000 round=29/40 episode=27/30 sample=zero_boundary_050 soc=0.2004 fc=520
progress step=319050 round=29/40 episode=28/30 sample=zero_boundary_051 soc=0.6046 fc=0
progress step=319100 round=29/40 episode=28/30 sample=zero_boundary_051 soc=0.4451 fc=0
progress step=319150 round=29/40 episode=28/30 sample=zero_boundary_051 soc=0.2928 fc=0
progress step=319200 round=29/40 episode=29/30 sample=zero_boundary_052 soc=0.6248 fc=0
progress step=319250 round=29/40 episode=29/30 sample=zero_boundary_052 soc=0.4388 fc=0
progress step=319300 round=29/40 episode=30/30 sample=zero_boundary_053 soc=0.6024 fc=270
progress step=319350 round=29/40 episode=30/30 sample=zero_boundary_053 soc=0.4612 fc=0
progress step=319400 round=29/40 episode=30/30 sample=zero_boundary_053 soc=0.2090 fc=0
progress step=319450 round=29/40 episode=30/30 sample=zero_boundary_053 soc=0.2001 fc=290
progress step=319500 round=29/40 episode=30/30 sample=zero_boundary_053 soc=0.2047 fc=30
round 29/40 exploratory=13/30 greedy_train start
MONITOR round=29 exploratory=13/30 greedy_train=10/30 validation=SKIPPED cost=None updates=8096 best_round=7
round 30/40 start epsilon=0.2936
progress step=319550 round=30/40 episode=1/30 sample=zero_boundary_002 soc=0.6090 fc=330
progress step=319600 round=30/40 episode=1/30 sample=zero_boundary_002 soc=0.4723 fc=100
progress step=319650 round=30/40 episode=2/30 sample=zero_boundary_005 soc=0.6219 fc=0
progress step=319700 round=30/40 episode=2/30 sample=zero_boundary_005 soc=0.4496 fc=320
progress step=319750 round=30/40 episode=2/30 sample=zero_boundary_005 soc=0.2051 fc=0
progress step=319800 round=30/40 episode=2/30 sample=zero_boundary_005 soc=0.2309 fc=0
progress step=319850 round=30/40 episode=2/30 sample=zero_boundary_005 soc=0.2001 fc=560
progress step=319900 round=30/40 episode=2/30 sample=zero_boundary_005 soc=0.2008 fc=330
progress step=319950 round=30/40 episode=3/30 sample=zero_boundary_006 soc=0.6166 fc=360
progress step=320000 round=30/40 episode=3/30 sample=zero_boundary_006 soc=0.5723 fc=0
progress step=320050 round=30/40 episode=3/30 sample=zero_boundary_006 soc=0.5197 fc=0
progress step=320100 round=30/40 episode=3/30 sample=zero_boundary_006 soc=0.5166 fc=0
progress step=320150 round=30/40 episode=3/30 sample=zero_boundary_006 soc=0.5063 fc=0
progress step=320200 round=30/40 episode=3/30 sample=zero_boundary_006 soc=0.4435 fc=320
progress step=320250 round=30/40 episode=3/30 sample=zero_boundary_006 soc=0.3999 fc=220
progress step=320300 round=30/40 episode=4/30 sample=zero_boundary_007 soc=0.5880 fc=30
progress step=320350 round=30/40 episode=4/30 sample=zero_boundary_007 soc=0.3832 fc=580
progress step=320400 round=30/40 episode=4/30 sample=zero_boundary_007 soc=0.2848 fc=160
progress step=320450 round=30/40 episode=4/30 sample=zero_boundary_007 soc=0.2136 fc=30
progress step=320500 round=30/40 episode=4/30 sample=zero_boundary_007 soc=0.2029 fc=140
progress step=320550 round=30/40 episode=4/30 sample=zero_boundary_007 soc=0.2219 fc=30
progress step=320600 round=30/40 episode=5/30 sample=zero_boundary_008 soc=0.5050 fc=30
progress step=320650 round=30/40 episode=6/30 sample=zero_boundary_011 soc=0.6308 fc=370
progress step=320700 round=30/40 episode=6/30 sample=zero_boundary_011 soc=0.6498 fc=380
progress step=320750 round=30/40 episode=6/30 sample=zero_boundary_011 soc=0.3966 fc=280
progress step=320800 round=30/40 episode=6/30 sample=zero_boundary_011 soc=0.2002 fc=590
progress step=320850 round=30/40 episode=7/30 sample=zero_boundary_013 soc=0.6053 fc=470
progress step=320900 round=30/40 episode=7/30 sample=zero_boundary_013 soc=0.6081 fc=30
progress step=320950 round=30/40 episode=7/30 sample=zero_boundary_013 soc=0.4815 fc=390
progress step=321000 round=30/40 episode=7/30 sample=zero_boundary_013 soc=0.3037 fc=30
progress step=321050 round=30/40 episode=7/30 sample=zero_boundary_013 soc=0.2119 fc=210
progress step=321100 round=30/40 episode=7/30 sample=zero_boundary_013 soc=0.2003 fc=330
progress step=321150 round=30/40 episode=7/30 sample=zero_boundary_013 soc=0.2043 fc=30
progress step=321200 round=30/40 episode=8/30 sample=zero_boundary_015 soc=0.5975 fc=500
progress step=321250 round=30/40 episode=8/30 sample=zero_boundary_015 soc=0.4344 fc=0
progress step=321300 round=30/40 episode=9/30 sample=zero_boundary_016 soc=0.6109 fc=0
progress step=321350 round=30/40 episode=9/30 sample=zero_boundary_016 soc=0.6321 fc=0
progress step=321400 round=30/40 episode=9/30 sample=zero_boundary_016 soc=0.3714 fc=90
progress step=321450 round=30/40 episode=10/30 sample=zero_boundary_017 soc=0.5193 fc=0
progress step=321500 round=30/40 episode=11/30 sample=zero_boundary_020 soc=0.6015 fc=0
progress step=321550 round=30/40 episode=11/30 sample=zero_boundary_020 soc=0.4787 fc=0
progress step=321600 round=30/40 episode=11/30 sample=zero_boundary_020 soc=0.4069 fc=220
progress step=321650 round=30/40 episode=12/30 sample=zero_boundary_021 soc=0.6343 fc=0
progress step=321700 round=30/40 episode=12/30 sample=zero_boundary_021 soc=0.5425 fc=0
progress step=321750 round=30/40 episode=12/30 sample=zero_boundary_021 soc=0.2478 fc=0
progress step=321800 round=30/40 episode=12/30 sample=zero_boundary_021 soc=0.2002 fc=450
progress step=321850 round=30/40 episode=13/30 sample=zero_boundary_022 soc=0.6060 fc=0
progress step=321900 round=30/40 episode=13/30 sample=zero_boundary_022 soc=0.4519 fc=0
progress step=321950 round=30/40 episode=13/30 sample=zero_boundary_022 soc=0.2777 fc=0
progress step=322000 round=30/40 episode=13/30 sample=zero_boundary_022 soc=0.2067 fc=0
progress step=322050 round=30/40 episode=14/30 sample=zero_boundary_029 soc=0.6020 fc=0
progress step=322100 round=30/40 episode=14/30 sample=zero_boundary_029 soc=0.4752 fc=0
progress step=322150 round=30/40 episode=14/30 sample=zero_boundary_029 soc=0.2755 fc=0
progress step=322200 round=30/40 episode=14/30 sample=zero_boundary_029 soc=0.2000 fc=370
progress step=322250 round=30/40 episode=14/30 sample=zero_boundary_029 soc=0.2004 fc=230
progress step=322300 round=30/40 episode=14/30 sample=zero_boundary_029 soc=0.2007 fc=230
progress step=322350 round=30/40 episode=14/30 sample=zero_boundary_029 soc=0.2002 fc=420
progress step=322400 round=30/40 episode=14/30 sample=zero_boundary_029 soc=0.2460 fc=0
progress step=322450 round=30/40 episode=14/30 sample=zero_boundary_029 soc=0.3022 fc=0
progress step=322500 round=30/40 episode=14/30 sample=zero_boundary_029 soc=0.3317 fc=0
progress step=322550 round=30/40 episode=14/30 sample=zero_boundary_029 soc=0.3775 fc=0
progress step=322600 round=30/40 episode=14/30 sample=zero_boundary_029 soc=0.4451 fc=0
progress step=322650 round=30/40 episode=14/30 sample=zero_boundary_029 soc=0.4975 fc=580
progress step=322700 round=30/40 episode=14/30 sample=zero_boundary_029 soc=0.5373 fc=0
progress step=322750 round=30/40 episode=14/30 sample=zero_boundary_029 soc=0.5934 fc=0
progress step=322800 round=30/40 episode=14/30 sample=zero_boundary_029 soc=0.6583 fc=0
progress step=322850 round=30/40 episode=14/30 sample=zero_boundary_029 soc=0.7216 fc=450
progress step=322900 round=30/40 episode=14/30 sample=zero_boundary_029 soc=0.7808 fc=0
progress step=322950 round=30/40 episode=14/30 sample=zero_boundary_029 soc=0.7326 fc=200
progress step=323000 round=30/40 episode=14/30 sample=zero_boundary_029 soc=0.5908 fc=0
progress step=323050 round=30/40 episode=14/30 sample=zero_boundary_029 soc=0.4600 fc=0
progress step=323100 round=30/40 episode=15/30 sample=zero_boundary_033 soc=0.6074 fc=0
progress step=323150 round=30/40 episode=15/30 sample=zero_boundary_033 soc=0.5639 fc=0
progress step=323200 round=30/40 episode=15/30 sample=zero_boundary_033 soc=0.3945 fc=0
progress step=323250 round=30/40 episode=15/30 sample=zero_boundary_033 soc=0.2021 fc=0
progress step=323300 round=30/40 episode=15/30 sample=zero_boundary_033 soc=0.2009 fc=440
progress step=323350 round=30/40 episode=15/30 sample=zero_boundary_033 soc=0.2002 fc=560
progress step=323400 round=30/40 episode=15/30 sample=zero_boundary_033 soc=0.2002 fc=560
progress step=323450 round=30/40 episode=15/30 sample=zero_boundary_033 soc=0.2393 fc=350
progress step=323500 round=30/40 episode=15/30 sample=zero_boundary_033 soc=0.3130 fc=0
progress step=323550 round=30/40 episode=15/30 sample=zero_boundary_033 soc=0.3745 fc=0
progress step=323600 round=30/40 episode=15/30 sample=zero_boundary_033 soc=0.4231 fc=0
progress step=323650 round=30/40 episode=15/30 sample=zero_boundary_033 soc=0.4961 fc=0
progress step=323700 round=30/40 episode=15/30 sample=zero_boundary_033 soc=0.5458 fc=0
progress step=323750 round=30/40 episode=15/30 sample=zero_boundary_033 soc=0.5945 fc=0
progress step=323800 round=30/40 episode=15/30 sample=zero_boundary_033 soc=0.6490 fc=0
progress step=323850 round=30/40 episode=15/30 sample=zero_boundary_033 soc=0.7176 fc=0
progress step=323900 round=30/40 episode=15/30 sample=zero_boundary_033 soc=0.7507 fc=0
progress step=323950 round=30/40 episode=15/30 sample=zero_boundary_033 soc=0.7775 fc=0
progress step=324000 round=30/40 episode=15/30 sample=zero_boundary_033 soc=0.7977 fc=0
progress step=324050 round=30/40 episode=15/30 sample=zero_boundary_033 soc=0.7966 fc=0
progress step=324100 round=30/40 episode=16/30 sample=zero_boundary_034 soc=0.6291 fc=0
progress step=324150 round=30/40 episode=16/30 sample=zero_boundary_034 soc=0.6755 fc=0
progress step=324200 round=30/40 episode=16/30 sample=zero_boundary_034 soc=0.7412 fc=0
progress step=324250 round=30/40 episode=16/30 sample=zero_boundary_034 soc=0.7887 fc=370
progress step=324300 round=30/40 episode=16/30 sample=zero_boundary_034 soc=0.8000 fc=0
progress step=324350 round=30/40 episode=16/30 sample=zero_boundary_034 soc=0.8000 fc=0
progress step=324400 round=30/40 episode=16/30 sample=zero_boundary_034 soc=0.8000 fc=0
progress step=324450 round=30/40 episode=16/30 sample=zero_boundary_034 soc=0.8000 fc=0
progress step=324500 round=30/40 episode=16/30 sample=zero_boundary_034 soc=0.8000 fc=0
progress step=324550 round=30/40 episode=16/30 sample=zero_boundary_034 soc=0.8000 fc=0
progress step=324600 round=30/40 episode=16/30 sample=zero_boundary_034 soc=0.8000 fc=0
progress step=324650 round=30/40 episode=16/30 sample=zero_boundary_034 soc=0.8000 fc=0
progress step=324700 round=30/40 episode=16/30 sample=zero_boundary_034 soc=0.8000 fc=0
progress step=324750 round=30/40 episode=16/30 sample=zero_boundary_034 soc=0.8000 fc=0
progress step=324800 round=30/40 episode=16/30 sample=zero_boundary_034 soc=0.8000 fc=0
progress step=324850 round=30/40 episode=16/30 sample=zero_boundary_034 soc=0.8000 fc=0
progress step=324900 round=30/40 episode=16/30 sample=zero_boundary_034 soc=0.8000 fc=0
progress step=324950 round=30/40 episode=16/30 sample=zero_boundary_034 soc=0.7938 fc=480
progress step=325000 round=30/40 episode=16/30 sample=zero_boundary_034 soc=0.7981 fc=0
progress step=325050 round=30/40 episode=16/30 sample=zero_boundary_034 soc=0.7303 fc=0
progress step=325100 round=30/40 episode=16/30 sample=zero_boundary_034 soc=0.6877 fc=0
progress step=325150 round=30/40 episode=16/30 sample=zero_boundary_034 soc=0.5907 fc=0
progress step=325200 round=30/40 episode=16/30 sample=zero_boundary_034 soc=0.5231 fc=0
progress step=325250 round=30/40 episode=16/30 sample=zero_boundary_034 soc=0.5561 fc=0
progress step=325300 round=30/40 episode=16/30 sample=zero_boundary_034 soc=0.6343 fc=130
progress step=325350 round=30/40 episode=16/30 sample=zero_boundary_034 soc=0.6931 fc=0
progress step=325400 round=30/40 episode=16/30 sample=zero_boundary_034 soc=0.7535 fc=0
progress step=325450 round=30/40 episode=16/30 sample=zero_boundary_034 soc=0.7978 fc=0
progress step=325500 round=30/40 episode=16/30 sample=zero_boundary_034 soc=0.8000 fc=0
progress step=325550 round=30/40 episode=16/30 sample=zero_boundary_034 soc=0.8000 fc=0
progress step=325600 round=30/40 episode=16/30 sample=zero_boundary_034 soc=0.8000 fc=0
progress step=325650 round=30/40 episode=16/30 sample=zero_boundary_034 soc=0.8000 fc=0
progress step=325700 round=30/40 episode=16/30 sample=zero_boundary_034 soc=0.7985 fc=0
progress step=325750 round=30/40 episode=17/30 sample=zero_boundary_037 soc=0.5629 fc=0
progress step=325800 round=30/40 episode=17/30 sample=zero_boundary_037 soc=0.4573 fc=0
progress step=325850 round=30/40 episode=17/30 sample=zero_boundary_037 soc=0.3767 fc=0
progress step=325900 round=30/40 episode=17/30 sample=zero_boundary_037 soc=0.2986 fc=0
progress step=325950 round=30/40 episode=17/30 sample=zero_boundary_037 soc=0.2023 fc=230
progress step=326000 round=30/40 episode=18/30 sample=zero_boundary_038 soc=0.6186 fc=0
progress step=326050 round=30/40 episode=18/30 sample=zero_boundary_038 soc=0.4138 fc=0
progress step=326100 round=30/40 episode=18/30 sample=zero_boundary_038 soc=0.2053 fc=0
progress step=326150 round=30/40 episode=18/30 sample=zero_boundary_038 soc=0.2029 fc=260
progress step=326200 round=30/40 episode=19/30 sample=zero_boundary_040 soc=0.4899 fc=0
progress step=326250 round=30/40 episode=19/30 sample=zero_boundary_040 soc=0.2557 fc=0
progress step=326300 round=30/40 episode=19/30 sample=zero_boundary_040 soc=0.2012 fc=450
progress step=326350 round=30/40 episode=20/30 sample=zero_boundary_041 soc=0.5075 fc=0
progress step=326400 round=30/40 episode=20/30 sample=zero_boundary_041 soc=0.2540 fc=0
progress step=326450 round=30/40 episode=21/30 sample=zero_boundary_042 soc=0.5924 fc=600
progress step=326500 round=30/40 episode=21/30 sample=zero_boundary_042 soc=0.3259 fc=0
progress step=326550 round=30/40 episode=22/30 sample=zero_boundary_044 soc=0.5950 fc=0
progress step=326600 round=30/40 episode=22/30 sample=zero_boundary_044 soc=0.4354 fc=0
progress step=326650 round=30/40 episode=23/30 sample=zero_boundary_045 soc=0.6143 fc=450
progress step=326700 round=30/40 episode=23/30 sample=zero_boundary_045 soc=0.4611 fc=0
progress step=326750 round=30/40 episode=23/30 sample=zero_boundary_045 soc=0.2226 fc=140
progress step=326800 round=30/40 episode=24/30 sample=zero_boundary_046 soc=0.6011 fc=330
progress step=326850 round=30/40 episode=24/30 sample=zero_boundary_046 soc=0.3476 fc=0
progress step=326900 round=30/40 episode=24/30 sample=zero_boundary_046 soc=0.2001 fc=560
progress step=326950 round=30/40 episode=25/30 sample=zero_boundary_048 soc=0.4985 fc=0
progress step=327000 round=30/40 episode=25/30 sample=zero_boundary_048 soc=0.2016 fc=390
progress step=327050 round=30/40 episode=25/30 sample=zero_boundary_048 soc=0.2017 fc=80
progress step=327100 round=30/40 episode=25/30 sample=zero_boundary_048 soc=0.2012 fc=80
progress step=327150 round=30/40 episode=26/30 sample=zero_boundary_049 soc=0.5978 fc=430
progress step=327200 round=30/40 episode=26/30 sample=zero_boundary_049 soc=0.5042 fc=470
progress step=327250 round=30/40 episode=26/30 sample=zero_boundary_049 soc=0.3304 fc=0
progress step=327300 round=30/40 episode=26/30 sample=zero_boundary_049 soc=0.2001 fc=460
progress step=327350 round=30/40 episode=26/30 sample=zero_boundary_049 soc=0.2081 fc=500
progress step=327400 round=30/40 episode=26/30 sample=zero_boundary_049 soc=0.2090 fc=0
progress step=327450 round=30/40 episode=27/30 sample=zero_boundary_050 soc=0.5439 fc=220
progress step=327500 round=30/40 episode=27/30 sample=zero_boundary_050 soc=0.2295 fc=0
progress step=327550 round=30/40 episode=27/30 sample=zero_boundary_050 soc=0.2000 fc=560
progress step=327600 round=30/40 episode=28/30 sample=zero_boundary_051 soc=0.5407 fc=0
progress step=327650 round=30/40 episode=28/30 sample=zero_boundary_051 soc=0.4045 fc=0
progress step=327700 round=30/40 episode=28/30 sample=zero_boundary_051 soc=0.2657 fc=520
progress step=327750 round=30/40 episode=29/30 sample=zero_boundary_052 soc=0.5626 fc=220
progress step=327800 round=30/40 episode=29/30 sample=zero_boundary_052 soc=0.2368 fc=0
progress step=327850 round=30/40 episode=30/30 sample=zero_boundary_053 soc=0.5926 fc=0
progress step=327900 round=30/40 episode=30/30 sample=zero_boundary_053 soc=0.3491 fc=210
progress step=327950 round=30/40 episode=30/30 sample=zero_boundary_053 soc=0.2059 fc=0
progress step=328000 round=30/40 episode=30/30 sample=zero_boundary_053 soc=0.2029 fc=90
progress step=328050 round=30/40 episode=30/30 sample=zero_boundary_053 soc=0.2062 fc=40
round 30/40 exploratory=13/30 greedy_train start
MONITOR round=30 exploratory=13/30 greedy_train=10/30 validation=SKIPPED cost=None updates=8304 best_round=7
round 31/40 start epsilon=0.2692
progress step=328100 round=31/40 episode=1/30 sample=zero_boundary_002 soc=0.6082 fc=0
progress step=328150 round=31/40 episode=1/30 sample=zero_boundary_002 soc=0.2340 fc=0
progress step=328200 round=31/40 episode=2/30 sample=zero_boundary_005 soc=0.5225 fc=0
progress step=328250 round=31/40 episode=2/30 sample=zero_boundary_005 soc=0.2428 fc=330
progress step=328300 round=31/40 episode=2/30 sample=zero_boundary_005 soc=0.2002 fc=490
progress step=328350 round=31/40 episode=2/30 sample=zero_boundary_005 soc=0.2007 fc=450
progress step=328400 round=31/40 episode=2/30 sample=zero_boundary_005 soc=0.2005 fc=300
progress step=328450 round=31/40 episode=2/30 sample=zero_boundary_005 soc=0.2215 fc=0
progress step=328500 round=31/40 episode=3/30 sample=zero_boundary_006 soc=0.6169 fc=0
progress step=328550 round=31/40 episode=3/30 sample=zero_boundary_006 soc=0.5335 fc=0
progress step=328600 round=31/40 episode=3/30 sample=zero_boundary_006 soc=0.5274 fc=390
progress step=328650 round=31/40 episode=3/30 sample=zero_boundary_006 soc=0.5351 fc=0
progress step=328700 round=31/40 episode=3/30 sample=zero_boundary_006 soc=0.4899 fc=220
progress step=328750 round=31/40 episode=3/30 sample=zero_boundary_006 soc=0.4385 fc=0
progress step=328800 round=31/40 episode=3/30 sample=zero_boundary_006 soc=0.3780 fc=530
progress step=328850 round=31/40 episode=4/30 sample=zero_boundary_007 soc=0.5043 fc=30
progress step=328900 round=31/40 episode=4/30 sample=zero_boundary_007 soc=0.3186 fc=30
progress step=328950 round=31/40 episode=4/30 sample=zero_boundary_007 soc=0.2075 fc=0
progress step=329000 round=31/40 episode=4/30 sample=zero_boundary_007 soc=0.2020 fc=230
progress step=329050 round=31/40 episode=4/30 sample=zero_boundary_007 soc=0.2001 fc=530
progress step=329100 round=31/40 episode=5/30 sample=zero_boundary_008 soc=0.6082 fc=430
progress step=329150 round=31/40 episode=5/30 sample=zero_boundary_008 soc=0.2101 fc=230
progress step=329200 round=31/40 episode=6/30 sample=zero_boundary_011 soc=0.6492 fc=30
progress step=329250 round=31/40 episode=6/30 sample=zero_boundary_011 soc=0.4757 fc=0
progress step=329300 round=31/40 episode=6/30 sample=zero_boundary_011 soc=0.2008 fc=490
progress step=329350 round=31/40 episode=6/30 sample=zero_boundary_011 soc=0.2003 fc=600
progress step=329400 round=31/40 episode=7/30 sample=zero_boundary_013 soc=0.6158 fc=550
progress step=329450 round=31/40 episode=7/30 sample=zero_boundary_013 soc=0.5279 fc=110
progress step=329500 round=31/40 episode=7/30 sample=zero_boundary_013 soc=0.3618 fc=120
progress step=329550 round=31/40 episode=7/30 sample=zero_boundary_013 soc=0.2009 fc=50
progress step=329600 round=31/40 episode=7/30 sample=zero_boundary_013 soc=0.2017 fc=230
progress step=329650 round=31/40 episode=7/30 sample=zero_boundary_013 soc=0.2001 fc=300
progress step=329700 round=31/40 episode=7/30 sample=zero_boundary_013 soc=0.2212 fc=0
progress step=329750 round=31/40 episode=8/30 sample=zero_boundary_015 soc=0.5243 fc=0
progress step=329800 round=31/40 episode=8/30 sample=zero_boundary_015 soc=0.3519 fc=0
progress step=329850 round=31/40 episode=9/30 sample=zero_boundary_016 soc=0.6163 fc=0
progress step=329900 round=31/40 episode=9/30 sample=zero_boundary_016 soc=0.5158 fc=0
progress step=329950 round=31/40 episode=10/30 sample=zero_boundary_017 soc=0.5990 fc=0
progress step=330000 round=31/40 episode=10/30 sample=zero_boundary_017 soc=0.3454 fc=0
progress step=330050 round=31/40 episode=11/30 sample=zero_boundary_020 soc=0.5309 fc=0
progress step=330100 round=31/40 episode=11/30 sample=zero_boundary_020 soc=0.3861 fc=200
progress step=330150 round=31/40 episode=12/30 sample=zero_boundary_021 soc=0.6169 fc=0
progress step=330200 round=31/40 episode=12/30 sample=zero_boundary_021 soc=0.5709 fc=0
progress step=330250 round=31/40 episode=12/30 sample=zero_boundary_021 soc=0.3447 fc=110
progress step=330300 round=31/40 episode=12/30 sample=zero_boundary_021 soc=0.2011 fc=390
progress step=330350 round=31/40 episode=12/30 sample=zero_boundary_021 soc=0.2060 fc=0
progress step=330400 round=31/40 episode=13/30 sample=zero_boundary_022 soc=0.5535 fc=0
progress step=330450 round=31/40 episode=13/30 sample=zero_boundary_022 soc=0.3492 fc=0
progress step=330500 round=31/40 episode=13/30 sample=zero_boundary_022 soc=0.2491 fc=0
progress step=330550 round=31/40 episode=14/30 sample=zero_boundary_029 soc=0.6048 fc=340
progress step=330600 round=31/40 episode=14/30 sample=zero_boundary_029 soc=0.5361 fc=560
progress step=330650 round=31/40 episode=14/30 sample=zero_boundary_029 soc=0.3541 fc=0
progress step=330700 round=31/40 episode=14/30 sample=zero_boundary_029 soc=0.2017 fc=260
progress step=330750 round=31/40 episode=14/30 sample=zero_boundary_029 soc=0.2155 fc=0
progress step=330800 round=31/40 episode=14/30 sample=zero_boundary_029 soc=0.2054 fc=0
progress step=330850 round=31/40 episode=14/30 sample=zero_boundary_029 soc=0.2001 fc=230
progress step=330900 round=31/40 episode=14/30 sample=zero_boundary_029 soc=0.2426 fc=0
progress step=330950 round=31/40 episode=14/30 sample=zero_boundary_029 soc=0.2925 fc=0
progress step=331000 round=31/40 episode=14/30 sample=zero_boundary_029 soc=0.3590 fc=0
progress step=331050 round=31/40 episode=14/30 sample=zero_boundary_029 soc=0.4061 fc=290
progress step=331100 round=31/40 episode=14/30 sample=zero_boundary_029 soc=0.4527 fc=0
progress step=331150 round=31/40 episode=14/30 sample=zero_boundary_029 soc=0.5007 fc=0
progress step=331200 round=31/40 episode=14/30 sample=zero_boundary_029 soc=0.5477 fc=0
progress step=331250 round=31/40 episode=14/30 sample=zero_boundary_029 soc=0.5897 fc=0
progress step=331300 round=31/40 episode=14/30 sample=zero_boundary_029 soc=0.6529 fc=0
progress step=331350 round=31/40 episode=14/30 sample=zero_boundary_029 soc=0.6888 fc=260
progress step=331400 round=31/40 episode=14/30 sample=zero_boundary_029 soc=0.7422 fc=0
progress step=331450 round=31/40 episode=14/30 sample=zero_boundary_029 soc=0.7414 fc=70
progress step=331500 round=31/40 episode=14/30 sample=zero_boundary_029 soc=0.5878 fc=140
progress step=331550 round=31/40 episode=14/30 sample=zero_boundary_029 soc=0.4820 fc=0
progress step=331600 round=31/40 episode=14/30 sample=zero_boundary_029 soc=0.3738 fc=0
progress step=331650 round=31/40 episode=15/30 sample=zero_boundary_033 soc=0.6100 fc=0
progress step=331700 round=31/40 episode=15/30 sample=zero_boundary_033 soc=0.4568 fc=460
progress step=331750 round=31/40 episode=15/30 sample=zero_boundary_033 soc=0.2053 fc=0
progress step=331800 round=31/40 episode=15/30 sample=zero_boundary_033 soc=0.2000 fc=590
progress step=331850 round=31/40 episode=15/30 sample=zero_boundary_033 soc=0.2346 fc=0
progress step=331900 round=31/40 episode=15/30 sample=zero_boundary_033 soc=0.2000 fc=550
progress step=331950 round=31/40 episode=15/30 sample=zero_boundary_033 soc=0.2061 fc=0
progress step=332000 round=31/40 episode=15/30 sample=zero_boundary_033 soc=0.2574 fc=570
progress step=332050 round=31/40 episode=15/30 sample=zero_boundary_033 soc=0.2850 fc=0
progress step=332100 round=31/40 episode=15/30 sample=zero_boundary_033 soc=0.3399 fc=0
progress step=332150 round=31/40 episode=15/30 sample=zero_boundary_033 soc=0.3807 fc=0
progress step=332200 round=31/40 episode=15/30 sample=zero_boundary_033 soc=0.4433 fc=30
progress step=332250 round=31/40 episode=15/30 sample=zero_boundary_033 soc=0.5069 fc=0
progress step=332300 round=31/40 episode=15/30 sample=zero_boundary_033 soc=0.5406 fc=180
progress step=332350 round=31/40 episode=15/30 sample=zero_boundary_033 soc=0.5747 fc=0
progress step=332400 round=31/40 episode=15/30 sample=zero_boundary_033 soc=0.5818 fc=0
progress step=332450 round=31/40 episode=15/30 sample=zero_boundary_033 soc=0.6335 fc=0
progress step=332500 round=31/40 episode=15/30 sample=zero_boundary_033 soc=0.6461 fc=0
progress step=332550 round=31/40 episode=15/30 sample=zero_boundary_033 soc=0.6641 fc=0
progress step=332600 round=31/40 episode=16/30 sample=zero_boundary_034 soc=0.6208 fc=0
progress step=332650 round=31/40 episode=16/30 sample=zero_boundary_034 soc=0.6512 fc=0
progress step=332700 round=31/40 episode=16/30 sample=zero_boundary_034 soc=0.7002 fc=0
progress step=332750 round=31/40 episode=16/30 sample=zero_boundary_034 soc=0.7717 fc=0
progress step=332800 round=31/40 episode=16/30 sample=zero_boundary_034 soc=0.7998 fc=0
progress step=332850 round=31/40 episode=16/30 sample=zero_boundary_034 soc=0.7999 fc=0
progress step=332900 round=31/40 episode=16/30 sample=zero_boundary_034 soc=0.7999 fc=0
progress step=332950 round=31/40 episode=16/30 sample=zero_boundary_034 soc=0.7999 fc=0
progress step=333000 round=31/40 episode=16/30 sample=zero_boundary_034 soc=0.7999 fc=0
progress step=333050 round=31/40 episode=16/30 sample=zero_boundary_034 soc=0.7999 fc=0
progress step=333100 round=31/40 episode=16/30 sample=zero_boundary_034 soc=0.7999 fc=0
progress step=333150 round=31/40 episode=16/30 sample=zero_boundary_034 soc=0.7999 fc=0
progress step=333200 round=31/40 episode=16/30 sample=zero_boundary_034 soc=0.7999 fc=0
progress step=333250 round=31/40 episode=16/30 sample=zero_boundary_034 soc=0.7999 fc=0
progress step=333300 round=31/40 episode=16/30 sample=zero_boundary_034 soc=0.7999 fc=0
progress step=333350 round=31/40 episode=16/30 sample=zero_boundary_034 soc=0.7999 fc=0
progress step=333400 round=31/40 episode=16/30 sample=zero_boundary_034 soc=0.7999 fc=0
progress step=333450 round=31/40 episode=16/30 sample=zero_boundary_034 soc=0.7985 fc=0
progress step=333500 round=31/40 episode=16/30 sample=zero_boundary_034 soc=0.7746 fc=0
progress step=333550 round=31/40 episode=16/30 sample=zero_boundary_034 soc=0.7697 fc=0
progress step=333600 round=31/40 episode=16/30 sample=zero_boundary_034 soc=0.7152 fc=0
progress step=333650 round=31/40 episode=16/30 sample=zero_boundary_034 soc=0.6315 fc=0
progress step=333700 round=31/40 episode=16/30 sample=zero_boundary_034 soc=0.5088 fc=0
progress step=333750 round=31/40 episode=16/30 sample=zero_boundary_034 soc=0.5359 fc=380
progress step=333800 round=31/40 episode=16/30 sample=zero_boundary_034 soc=0.5845 fc=0
progress step=333850 round=31/40 episode=16/30 sample=zero_boundary_034 soc=0.6410 fc=130
progress step=333900 round=31/40 episode=16/30 sample=zero_boundary_034 soc=0.7379 fc=0
progress step=333950 round=31/40 episode=16/30 sample=zero_boundary_034 soc=0.7676 fc=140
progress step=334000 round=31/40 episode=16/30 sample=zero_boundary_034 soc=0.7999 fc=0
progress step=334050 round=31/40 episode=16/30 sample=zero_boundary_034 soc=0.7999 fc=0
progress step=334100 round=31/40 episode=16/30 sample=zero_boundary_034 soc=0.7999 fc=0
progress step=334150 round=31/40 episode=16/30 sample=zero_boundary_034 soc=0.7999 fc=0
progress step=334200 round=31/40 episode=16/30 sample=zero_boundary_034 soc=0.7993 fc=0
progress step=334250 round=31/40 episode=17/30 sample=zero_boundary_037 soc=0.6189 fc=490
progress step=334300 round=31/40 episode=17/30 sample=zero_boundary_037 soc=0.5102 fc=590
progress step=334350 round=31/40 episode=17/30 sample=zero_boundary_037 soc=0.3929 fc=0
progress step=334400 round=31/40 episode=17/30 sample=zero_boundary_037 soc=0.2634 fc=440
progress step=334450 round=31/40 episode=17/30 sample=zero_boundary_037 soc=0.2003 fc=400
progress step=334500 round=31/40 episode=18/30 sample=zero_boundary_038 soc=0.6042 fc=0
progress step=334550 round=31/40 episode=18/30 sample=zero_boundary_038 soc=0.5432 fc=0
progress step=334600 round=31/40 episode=18/30 sample=zero_boundary_038 soc=0.3178 fc=0
progress step=334650 round=31/40 episode=18/30 sample=zero_boundary_038 soc=0.2005 fc=390
progress step=334700 round=31/40 episode=19/30 sample=zero_boundary_040 soc=0.5663 fc=0
progress step=334750 round=31/40 episode=19/30 sample=zero_boundary_040 soc=0.3285 fc=0
progress step=334800 round=31/40 episode=19/30 sample=zero_boundary_040 soc=0.2010 fc=30
progress step=334850 round=31/40 episode=19/30 sample=zero_boundary_040 soc=0.2031 fc=0
progress step=334900 round=31/40 episode=19/30 sample=zero_boundary_040 soc=0.2001 fc=350
progress step=334950 round=31/40 episode=20/30 sample=zero_boundary_041 soc=0.5733 fc=530
progress step=335000 round=31/40 episode=20/30 sample=zero_boundary_041 soc=0.3593 fc=180
progress step=335050 round=31/40 episode=21/30 sample=zero_boundary_042 soc=0.6068 fc=0
progress step=335100 round=31/40 episode=21/30 sample=zero_boundary_042 soc=0.4682 fc=0
progress step=335150 round=31/40 episode=21/30 sample=zero_boundary_042 soc=0.2008 fc=590
progress step=335200 round=31/40 episode=22/30 sample=zero_boundary_044 soc=0.4905 fc=0
progress step=335250 round=31/40 episode=22/30 sample=zero_boundary_044 soc=0.2000 fc=600
progress step=335300 round=31/40 episode=23/30 sample=zero_boundary_045 soc=0.5450 fc=0
progress step=335350 round=31/40 episode=23/30 sample=zero_boundary_045 soc=0.3095 fc=70
progress step=335400 round=31/40 episode=23/30 sample=zero_boundary_045 soc=0.2008 fc=490
progress step=335450 round=31/40 episode=24/30 sample=zero_boundary_046 soc=0.4610 fc=0
progress step=335500 round=31/40 episode=24/30 sample=zero_boundary_046 soc=0.2009 fc=590
progress step=335550 round=31/40 episode=25/30 sample=zero_boundary_048 soc=0.6008 fc=0
progress step=335600 round=31/40 episode=25/30 sample=zero_boundary_048 soc=0.2616 fc=0
progress step=335650 round=31/40 episode=25/30 sample=zero_boundary_048 soc=0.2014 fc=390
progress step=335700 round=31/40 episode=25/30 sample=zero_boundary_048 soc=0.2014 fc=50
progress step=335750 round=31/40 episode=25/30 sample=zero_boundary_048 soc=0.2007 fc=260
progress step=335800 round=31/40 episode=26/30 sample=zero_boundary_049 soc=0.5439 fc=0
progress step=335850 round=31/40 episode=26/30 sample=zero_boundary_049 soc=0.3902 fc=400
progress step=335900 round=31/40 episode=26/30 sample=zero_boundary_049 soc=0.2322 fc=0
progress step=335950 round=31/40 episode=26/30 sample=zero_boundary_049 soc=0.2006 fc=510
progress step=336000 round=31/40 episode=26/30 sample=zero_boundary_049 soc=0.2003 fc=90
progress step=336050 round=31/40 episode=27/30 sample=zero_boundary_050 soc=0.6215 fc=0
progress step=336100 round=31/40 episode=27/30 sample=zero_boundary_050 soc=0.3529 fc=0
progress step=336150 round=31/40 episode=27/30 sample=zero_boundary_050 soc=0.2009 fc=580
progress step=336200 round=31/40 episode=28/30 sample=zero_boundary_051 soc=0.5778 fc=130
progress step=336250 round=31/40 episode=28/30 sample=zero_boundary_051 soc=0.4085 fc=0
progress step=336300 round=31/40 episode=28/30 sample=zero_boundary_051 soc=0.2348 fc=0
progress step=336350 round=31/40 episode=29/30 sample=zero_boundary_052 soc=0.6197 fc=0
progress step=336400 round=31/40 episode=29/30 sample=zero_boundary_052 soc=0.3790 fc=0
progress step=336450 round=31/40 episode=30/30 sample=zero_boundary_053 soc=0.6216 fc=560
progress step=336500 round=31/40 episode=30/30 sample=zero_boundary_053 soc=0.4204 fc=370
progress step=336550 round=31/40 episode=30/30 sample=zero_boundary_053 soc=0.2037 fc=0
progress step=336600 round=31/40 episode=30/30 sample=zero_boundary_053 soc=0.2006 fc=570
progress step=336650 round=31/40 episode=30/30 sample=zero_boundary_053 soc=0.2046 fc=0
round 31/40 exploratory=13/30 greedy_train start
MONITOR round=31 exploratory=13/30 greedy_train=10/30 validation=SKIPPED cost=None updates=8512 best_round=7
round 32/40 start epsilon=0.2449
progress step=336700 round=32/40 episode=1/30 sample=zero_boundary_002 soc=0.6082 fc=340
progress step=336750 round=32/40 episode=1/30 sample=zero_boundary_002 soc=0.3735 fc=0
progress step=336800 round=32/40 episode=2/30 sample=zero_boundary_005 soc=0.5453 fc=510
progress step=336850 round=32/40 episode=2/30 sample=zero_boundary_005 soc=0.3292 fc=0
progress step=336900 round=32/40 episode=2/30 sample=zero_boundary_005 soc=0.2010 fc=510
progress step=336950 round=32/40 episode=2/30 sample=zero_boundary_005 soc=0.2012 fc=420
progress step=337000 round=32/40 episode=2/30 sample=zero_boundary_005 soc=0.2001 fc=540
progress step=337050 round=32/40 episode=2/30 sample=zero_boundary_005 soc=0.2086 fc=0
progress step=337100 round=32/40 episode=3/30 sample=zero_boundary_006 soc=0.6172 fc=0
progress step=337150 round=32/40 episode=3/30 sample=zero_boundary_006 soc=0.5543 fc=30
progress step=337200 round=32/40 episode=3/30 sample=zero_boundary_006 soc=0.5319 fc=0
progress step=337250 round=32/40 episode=3/30 sample=zero_boundary_006 soc=0.4833 fc=0
progress step=337300 round=32/40 episode=3/30 sample=zero_boundary_006 soc=0.4542 fc=400
progress step=337350 round=32/40 episode=3/30 sample=zero_boundary_006 soc=0.3982 fc=180
progress step=337400 round=32/40 episode=3/30 sample=zero_boundary_006 soc=0.3181 fc=0
progress step=337450 round=32/40 episode=4/30 sample=zero_boundary_007 soc=0.5508 fc=30
progress step=337500 round=32/40 episode=4/30 sample=zero_boundary_007 soc=0.2851 fc=30
progress step=337550 round=32/40 episode=4/30 sample=zero_boundary_007 soc=0.2013 fc=420
progress step=337600 round=32/40 episode=4/30 sample=zero_boundary_007 soc=0.2004 fc=350
progress step=337650 round=32/40 episode=4/30 sample=zero_boundary_007 soc=0.2001 fc=390
progress step=337700 round=32/40 episode=4/30 sample=zero_boundary_007 soc=0.2267 fc=30
progress step=337750 round=32/40 episode=5/30 sample=zero_boundary_008 soc=0.3822 fc=140
progress step=337800 round=32/40 episode=6/30 sample=zero_boundary_011 soc=0.6420 fc=30
progress step=337850 round=32/40 episode=6/30 sample=zero_boundary_011 soc=0.6086 fc=30
progress step=337900 round=32/40 episode=6/30 sample=zero_boundary_011 soc=0.3256 fc=30
progress step=337950 round=32/40 episode=6/30 sample=zero_boundary_011 soc=0.2012 fc=420
progress step=338000 round=32/40 episode=7/30 sample=zero_boundary_013 soc=0.6042 fc=580
progress step=338050 round=32/40 episode=7/30 sample=zero_boundary_013 soc=0.5836 fc=30
progress step=338100 round=32/40 episode=7/30 sample=zero_boundary_013 soc=0.4231 fc=30
progress step=338150 round=32/40 episode=7/30 sample=zero_boundary_013 soc=0.2021 fc=310
progress step=338200 round=32/40 episode=7/30 sample=zero_boundary_013 soc=0.2002 fc=480
progress step=338250 round=32/40 episode=7/30 sample=zero_boundary_013 soc=0.2013 fc=170
progress step=338300 round=32/40 episode=7/30 sample=zero_boundary_013 soc=0.2052 fc=30
progress step=338350 round=32/40 episode=8/30 sample=zero_boundary_015 soc=0.5788 fc=0
progress step=338400 round=32/40 episode=8/30 sample=zero_boundary_015 soc=0.4235 fc=0
progress step=338450 round=32/40 episode=9/30 sample=zero_boundary_016 soc=0.5989 fc=0
progress step=338500 round=32/40 episode=9/30 sample=zero_boundary_016 soc=0.6306 fc=0
progress step=338550 round=32/40 episode=9/30 sample=zero_boundary_016 soc=0.3588 fc=0
progress step=338600 round=32/40 episode=10/30 sample=zero_boundary_017 soc=0.5199 fc=0
progress step=338650 round=32/40 episode=11/30 sample=zero_boundary_020 soc=0.6074 fc=30
progress step=338700 round=32/40 episode=11/30 sample=zero_boundary_020 soc=0.4858 fc=30
progress step=338750 round=32/40 episode=11/30 sample=zero_boundary_020 soc=0.3832 fc=0
progress step=338800 round=32/40 episode=12/30 sample=zero_boundary_021 soc=0.6221 fc=0
progress step=338850 round=32/40 episode=12/30 sample=zero_boundary_021 soc=0.5293 fc=0
progress step=338900 round=32/40 episode=12/30 sample=zero_boundary_021 soc=0.2751 fc=30
progress step=338950 round=32/40 episode=12/30 sample=zero_boundary_021 soc=0.2000 fc=470
progress step=339000 round=32/40 episode=13/30 sample=zero_boundary_022 soc=0.5990 fc=0
progress step=339050 round=32/40 episode=13/30 sample=zero_boundary_022 soc=0.4662 fc=0
progress step=339100 round=32/40 episode=13/30 sample=zero_boundary_022 soc=0.2893 fc=0
progress step=339150 round=32/40 episode=13/30 sample=zero_boundary_022 soc=0.2143 fc=0
progress step=339200 round=32/40 episode=14/30 sample=zero_boundary_029 soc=0.6076 fc=0
progress step=339250 round=32/40 episode=14/30 sample=zero_boundary_029 soc=0.4749 fc=0
progress step=339300 round=32/40 episode=14/30 sample=zero_boundary_029 soc=0.2716 fc=0
progress step=339350 round=32/40 episode=14/30 sample=zero_boundary_029 soc=0.2000 fc=390
progress step=339400 round=32/40 episode=14/30 sample=zero_boundary_029 soc=0.2001 fc=210
progress step=339450 round=32/40 episode=14/30 sample=zero_boundary_029 soc=0.2005 fc=190
progress step=339500 round=32/40 episode=14/30 sample=zero_boundary_029 soc=0.2001 fc=250
progress step=339550 round=32/40 episode=14/30 sample=zero_boundary_029 soc=0.2240 fc=120
progress step=339600 round=32/40 episode=14/30 sample=zero_boundary_029 soc=0.2413 fc=0
progress step=339650 round=32/40 episode=14/30 sample=zero_boundary_029 soc=0.2927 fc=20
progress step=339700 round=32/40 episode=14/30 sample=zero_boundary_029 soc=0.3269 fc=410
progress step=339750 round=32/40 episode=14/30 sample=zero_boundary_029 soc=0.3878 fc=0
progress step=339800 round=32/40 episode=14/30 sample=zero_boundary_029 soc=0.4155 fc=310
progress step=339850 round=32/40 episode=14/30 sample=zero_boundary_029 soc=0.4583 fc=0
progress step=339900 round=32/40 episode=14/30 sample=zero_boundary_029 soc=0.4740 fc=0
progress step=339950 round=32/40 episode=14/30 sample=zero_boundary_029 soc=0.5066 fc=0
progress step=340000 round=32/40 episode=14/30 sample=zero_boundary_029 soc=0.5477 fc=0
progress step=340050 round=32/40 episode=14/30 sample=zero_boundary_029 soc=0.5744 fc=0
progress step=340100 round=32/40 episode=14/30 sample=zero_boundary_029 soc=0.5282 fc=0
progress step=340150 round=32/40 episode=14/30 sample=zero_boundary_029 soc=0.3881 fc=0
progress step=340200 round=32/40 episode=14/30 sample=zero_boundary_029 soc=0.2561 fc=0
progress step=340250 round=32/40 episode=15/30 sample=zero_boundary_033 soc=0.6033 fc=0
progress step=340300 round=32/40 episode=15/30 sample=zero_boundary_033 soc=0.5366 fc=0
progress step=340350 round=32/40 episode=15/30 sample=zero_boundary_033 soc=0.3784 fc=0
progress step=340400 round=32/40 episode=15/30 sample=zero_boundary_033 soc=0.2043 fc=520
progress step=340450 round=32/40 episode=15/30 sample=zero_boundary_033 soc=0.2049 fc=0
progress step=340500 round=32/40 episode=15/30 sample=zero_boundary_033 soc=0.2012 fc=440
progress step=340550 round=32/40 episode=15/30 sample=zero_boundary_033 soc=0.2001 fc=590
progress step=340600 round=32/40 episode=15/30 sample=zero_boundary_033 soc=0.2296 fc=0
progress step=340650 round=32/40 episode=15/30 sample=zero_boundary_033 soc=0.2531 fc=0
progress step=340700 round=32/40 episode=15/30 sample=zero_boundary_033 soc=0.2959 fc=0
progress step=340750 round=32/40 episode=15/30 sample=zero_boundary_033 soc=0.3358 fc=480
progress step=340800 round=32/40 episode=15/30 sample=zero_boundary_033 soc=0.3502 fc=0
progress step=340850 round=32/40 episode=15/30 sample=zero_boundary_033 soc=0.3930 fc=0
progress step=340900 round=32/40 episode=15/30 sample=zero_boundary_033 soc=0.4398 fc=0
progress step=340950 round=32/40 episode=15/30 sample=zero_boundary_033 soc=0.4899 fc=0
progress step=341000 round=32/40 episode=15/30 sample=zero_boundary_033 soc=0.5300 fc=0
progress step=341050 round=32/40 episode=15/30 sample=zero_boundary_033 soc=0.5541 fc=0
progress step=341100 round=32/40 episode=15/30 sample=zero_boundary_033 soc=0.6098 fc=0
progress step=341150 round=32/40 episode=15/30 sample=zero_boundary_033 soc=0.6291 fc=80
progress step=341200 round=32/40 episode=15/30 sample=zero_boundary_033 soc=0.6565 fc=0
progress step=341250 round=32/40 episode=16/30 sample=zero_boundary_034 soc=0.6331 fc=0
progress step=341300 round=32/40 episode=16/30 sample=zero_boundary_034 soc=0.6660 fc=480
progress step=341350 round=32/40 episode=16/30 sample=zero_boundary_034 soc=0.7052 fc=310
progress step=341400 round=32/40 episode=16/30 sample=zero_boundary_034 soc=0.7638 fc=150
progress step=341450 round=32/40 episode=16/30 sample=zero_boundary_034 soc=0.7998 fc=10
progress step=341500 round=32/40 episode=16/30 sample=zero_boundary_034 soc=0.7999 fc=0
progress step=341550 round=32/40 episode=16/30 sample=zero_boundary_034 soc=0.7999 fc=0
progress step=341600 round=32/40 episode=16/30 sample=zero_boundary_034 soc=0.7999 fc=0
progress step=341650 round=32/40 episode=16/30 sample=zero_boundary_034 soc=0.7999 fc=0
progress step=341700 round=32/40 episode=16/30 sample=zero_boundary_034 soc=0.7999 fc=0
progress step=341750 round=32/40 episode=16/30 sample=zero_boundary_034 soc=0.7999 fc=0
progress step=341800 round=32/40 episode=16/30 sample=zero_boundary_034 soc=0.7999 fc=0
progress step=341850 round=32/40 episode=16/30 sample=zero_boundary_034 soc=0.7999 fc=0
progress step=341900 round=32/40 episode=16/30 sample=zero_boundary_034 soc=0.7999 fc=0
progress step=341950 round=32/40 episode=16/30 sample=zero_boundary_034 soc=0.7999 fc=0
progress step=342000 round=32/40 episode=16/30 sample=zero_boundary_034 soc=0.7999 fc=0
progress step=342050 round=32/40 episode=16/30 sample=zero_boundary_034 soc=0.7999 fc=0
progress step=342100 round=32/40 episode=16/30 sample=zero_boundary_034 soc=0.7977 fc=0
progress step=342150 round=32/40 episode=16/30 sample=zero_boundary_034 soc=0.7541 fc=0
progress step=342200 round=32/40 episode=16/30 sample=zero_boundary_034 soc=0.6826 fc=0
progress step=342250 round=32/40 episode=16/30 sample=zero_boundary_034 soc=0.6113 fc=0
progress step=342300 round=32/40 episode=16/30 sample=zero_boundary_034 soc=0.4822 fc=0
progress step=342350 round=32/40 episode=16/30 sample=zero_boundary_034 soc=0.4431 fc=0
progress step=342400 round=32/40 episode=16/30 sample=zero_boundary_034 soc=0.4719 fc=0
progress step=342450 round=32/40 episode=16/30 sample=zero_boundary_034 soc=0.5034 fc=0
progress step=342500 round=32/40 episode=16/30 sample=zero_boundary_034 soc=0.5527 fc=90
progress step=342550 round=32/40 episode=16/30 sample=zero_boundary_034 soc=0.6201 fc=570
progress step=342600 round=32/40 episode=16/30 sample=zero_boundary_034 soc=0.6795 fc=0
progress step=342650 round=32/40 episode=16/30 sample=zero_boundary_034 soc=0.7262 fc=0
progress step=342700 round=32/40 episode=16/30 sample=zero_boundary_034 soc=0.7551 fc=0
progress step=342750 round=32/40 episode=16/30 sample=zero_boundary_034 soc=0.7770 fc=0
progress step=342800 round=32/40 episode=16/30 sample=zero_boundary_034 soc=0.7996 fc=0
progress step=342850 round=32/40 episode=16/30 sample=zero_boundary_034 soc=0.7997 fc=0
progress step=342900 round=32/40 episode=17/30 sample=zero_boundary_037 soc=0.5571 fc=260
progress step=342950 round=32/40 episode=17/30 sample=zero_boundary_037 soc=0.4459 fc=0
progress step=343000 round=32/40 episode=17/30 sample=zero_boundary_037 soc=0.3225 fc=0
progress step=343050 round=32/40 episode=17/30 sample=zero_boundary_037 soc=0.2218 fc=0
progress step=343100 round=32/40 episode=17/30 sample=zero_boundary_037 soc=0.2000 fc=350
progress step=343150 round=32/40 episode=18/30 sample=zero_boundary_038 soc=0.6052 fc=0
progress step=343200 round=32/40 episode=18/30 sample=zero_boundary_038 soc=0.4086 fc=0
progress step=343250 round=32/40 episode=18/30 sample=zero_boundary_038 soc=0.2027 fc=50
progress step=343300 round=32/40 episode=18/30 sample=zero_boundary_038 soc=0.2029 fc=430
progress step=343350 round=32/40 episode=19/30 sample=zero_boundary_040 soc=0.4619 fc=0
progress step=343400 round=32/40 episode=19/30 sample=zero_boundary_040 soc=0.2011 fc=420
progress step=343450 round=32/40 episode=19/30 sample=zero_boundary_040 soc=0.2006 fc=510
progress step=343500 round=32/40 episode=20/30 sample=zero_boundary_041 soc=0.5094 fc=0
progress step=343550 round=32/40 episode=20/30 sample=zero_boundary_041 soc=0.2813 fc=0
progress step=343600 round=32/40 episode=21/30 sample=zero_boundary_042 soc=0.6184 fc=0
progress step=343650 round=32/40 episode=21/30 sample=zero_boundary_042 soc=0.3485 fc=0
progress step=343700 round=32/40 episode=22/30 sample=zero_boundary_044 soc=0.5970 fc=0
progress step=343750 round=32/40 episode=22/30 sample=zero_boundary_044 soc=0.4105 fc=0
progress step=343800 round=32/40 episode=23/30 sample=zero_boundary_045 soc=0.6218 fc=40
progress step=343850 round=32/40 episode=23/30 sample=zero_boundary_045 soc=0.4844 fc=0
progress step=343900 round=32/40 episode=23/30 sample=zero_boundary_045 soc=0.2647 fc=240
progress step=343950 round=32/40 episode=24/30 sample=zero_boundary_046 soc=0.6015 fc=0
progress step=344000 round=32/40 episode=24/30 sample=zero_boundary_046 soc=0.3200 fc=0
progress step=344050 round=32/40 episode=24/30 sample=zero_boundary_046 soc=0.2009 fc=590
progress step=344100 round=32/40 episode=25/30 sample=zero_boundary_048 soc=0.5150 fc=220
progress step=344150 round=32/40 episode=25/30 sample=zero_boundary_048 soc=0.2011 fc=470
progress step=344200 round=32/40 episode=25/30 sample=zero_boundary_048 soc=0.2001 fc=190
progress step=344250 round=32/40 episode=25/30 sample=zero_boundary_048 soc=0.2074 fc=0
progress step=344300 round=32/40 episode=26/30 sample=zero_boundary_049 soc=0.5978 fc=0
progress step=344350 round=32/40 episode=26/30 sample=zero_boundary_049 soc=0.5003 fc=0
progress step=344400 round=32/40 episode=26/30 sample=zero_boundary_049 soc=0.3356 fc=0
progress step=344450 round=32/40 episode=26/30 sample=zero_boundary_049 soc=0.2010 fc=260
progress step=344500 round=32/40 episode=26/30 sample=zero_boundary_049 soc=0.2018 fc=140
progress step=344550 round=32/40 episode=26/30 sample=zero_boundary_049 soc=0.2079 fc=0
progress step=344600 round=32/40 episode=27/30 sample=zero_boundary_050 soc=0.5304 fc=0
progress step=344650 round=32/40 episode=27/30 sample=zero_boundary_050 soc=0.2201 fc=270
progress step=344700 round=32/40 episode=27/30 sample=zero_boundary_050 soc=0.2010 fc=480
progress step=344750 round=32/40 episode=28/30 sample=zero_boundary_051 soc=0.5297 fc=70
progress step=344800 round=32/40 episode=28/30 sample=zero_boundary_051 soc=0.3688 fc=0
progress step=344850 round=32/40 episode=28/30 sample=zero_boundary_051 soc=0.2555 fc=0
progress step=344900 round=32/40 episode=29/30 sample=zero_boundary_052 soc=0.5645 fc=0
progress step=344950 round=32/40 episode=29/30 sample=zero_boundary_052 soc=0.2168 fc=0
progress step=345000 round=32/40 episode=30/30 sample=zero_boundary_053 soc=0.5423 fc=0
progress step=345050 round=32/40 episode=30/30 sample=zero_boundary_053 soc=0.2757 fc=0
progress step=345100 round=32/40 episode=30/30 sample=zero_boundary_053 soc=0.2052 fc=0
progress step=345150 round=32/40 episode=30/30 sample=zero_boundary_053 soc=0.2001 fc=280
progress step=345200 round=32/40 episode=30/30 sample=zero_boundary_053 soc=0.2066 fc=0
round 32/40 exploratory=13/30 greedy_train start
MONITOR round=32 exploratory=13/30 greedy_train=10/30 validation=SKIPPED cost=None updates=8720 best_round=7
round 33/40 start epsilon=0.2205
progress step=345250 round=33/40 episode=1/30 sample=zero_boundary_002 soc=0.5689 fc=0
progress step=345300 round=33/40 episode=2/30 sample=zero_boundary_005 soc=0.5999 fc=100
progress step=345350 round=33/40 episode=2/30 sample=zero_boundary_005 soc=0.5044 fc=0
progress step=345400 round=33/40 episode=3/30 sample=zero_boundary_006 soc=0.5997 fc=0
progress step=345450 round=33/40 episode=3/30 sample=zero_boundary_006 soc=0.5781 fc=190
progress step=345500 round=33/40 episode=3/30 sample=zero_boundary_006 soc=0.5146 fc=190
progress step=345550 round=33/40 episode=3/30 sample=zero_boundary_006 soc=0.5148 fc=520
progress step=345600 round=33/40 episode=3/30 sample=zero_boundary_006 soc=0.4659 fc=0
progress step=345650 round=33/40 episode=3/30 sample=zero_boundary_006 soc=0.3960 fc=440
progress step=345700 round=33/40 episode=3/30 sample=zero_boundary_006 soc=0.3620 fc=0
progress step=345750 round=33/40 episode=4/30 sample=zero_boundary_007 soc=0.5999 fc=0
progress step=345800 round=33/40 episode=4/30 sample=zero_boundary_007 soc=0.4364 fc=0
progress step=345850 round=33/40 episode=4/30 sample=zero_boundary_007 soc=0.2378 fc=80
progress step=345900 round=33/40 episode=4/30 sample=zero_boundary_007 soc=0.2001 fc=40
progress step=345950 round=33/40 episode=4/30 sample=zero_boundary_007 soc=0.2039 fc=80
progress step=346000 round=33/40 episode=4/30 sample=zero_boundary_007 soc=0.2002 fc=350
progress step=346050 round=33/40 episode=5/30 sample=zero_boundary_008 soc=0.6134 fc=30
progress step=346100 round=33/40 episode=6/30 sample=zero_boundary_011 soc=0.6006 fc=30
progress step=346150 round=33/40 episode=6/30 sample=zero_boundary_011 soc=0.6338 fc=30
progress step=346200 round=33/40 episode=6/30 sample=zero_boundary_011 soc=0.4346 fc=30
progress step=346250 round=33/40 episode=6/30 sample=zero_boundary_011 soc=0.2004 fc=490
progress step=346300 round=33/40 episode=6/30 sample=zero_boundary_011 soc=0.2002 fc=190
progress step=346350 round=33/40 episode=7/30 sample=zero_boundary_013 soc=0.6213 fc=30
progress step=346400 round=33/40 episode=7/30 sample=zero_boundary_013 soc=0.5390 fc=30
progress step=346450 round=33/40 episode=7/30 sample=zero_boundary_013 soc=0.3518 fc=30
progress step=346500 round=33/40 episode=7/30 sample=zero_boundary_013 soc=0.2002 fc=260
progress step=346550 round=33/40 episode=7/30 sample=zero_boundary_013 soc=0.2006 fc=190
progress step=346600 round=33/40 episode=7/30 sample=zero_boundary_013 soc=0.2034 fc=520
progress step=346650 round=33/40 episode=7/30 sample=zero_boundary_013 soc=0.2246 fc=0
progress step=346700 round=33/40 episode=8/30 sample=zero_boundary_015 soc=0.5224 fc=490
progress step=346750 round=33/40 episode=8/30 sample=zero_boundary_015 soc=0.3546 fc=350
progress step=346800 round=33/40 episode=9/30 sample=zero_boundary_016 soc=0.6062 fc=30
progress step=346850 round=33/40 episode=9/30 sample=zero_boundary_016 soc=0.5110 fc=0
progress step=346900 round=33/40 episode=10/30 sample=zero_boundary_017 soc=0.6017 fc=30
progress step=346950 round=33/40 episode=10/30 sample=zero_boundary_017 soc=0.3460 fc=550
progress step=347000 round=33/40 episode=11/30 sample=zero_boundary_020 soc=0.5485 fc=0
progress step=347050 round=33/40 episode=11/30 sample=zero_boundary_020 soc=0.3726 fc=0
progress step=347100 round=33/40 episode=12/30 sample=zero_boundary_021 soc=0.6272 fc=0
progress step=347150 round=33/40 episode=12/30 sample=zero_boundary_021 soc=0.5846 fc=420
progress step=347200 round=33/40 episode=12/30 sample=zero_boundary_021 soc=0.3672 fc=0
progress step=347250 round=33/40 episode=12/30 sample=zero_boundary_021 soc=0.2004 fc=470
progress step=347300 round=33/40 episode=12/30 sample=zero_boundary_021 soc=0.2022 fc=0
progress step=347350 round=33/40 episode=13/30 sample=zero_boundary_022 soc=0.5800 fc=0
progress step=347400 round=33/40 episode=13/30 sample=zero_boundary_022 soc=0.3556 fc=0
progress step=347450 round=33/40 episode=13/30 sample=zero_boundary_022 soc=0.2267 fc=0
progress step=347500 round=33/40 episode=13/30 sample=zero_boundary_022 soc=0.2170 fc=0
progress step=347550 round=33/40 episode=14/30 sample=zero_boundary_029 soc=0.5197 fc=0
progress step=347600 round=33/40 episode=14/30 sample=zero_boundary_029 soc=0.3374 fc=430
progress step=347650 round=33/40 episode=14/30 sample=zero_boundary_029 soc=0.2005 fc=350
progress step=347700 round=33/40 episode=14/30 sample=zero_boundary_029 soc=0.2002 fc=30
progress step=347750 round=33/40 episode=14/30 sample=zero_boundary_029 soc=0.2001 fc=210
progress step=347800 round=33/40 episode=14/30 sample=zero_boundary_029 soc=0.2005 fc=410
progress step=347850 round=33/40 episode=14/30 sample=zero_boundary_029 soc=0.2023 fc=280
progress step=347900 round=33/40 episode=14/30 sample=zero_boundary_029 soc=0.2710 fc=0
progress step=347950 round=33/40 episode=14/30 sample=zero_boundary_029 soc=0.3121 fc=230
progress step=348000 round=33/40 episode=14/30 sample=zero_boundary_029 soc=0.3348 fc=0
progress step=348050 round=33/40 episode=14/30 sample=zero_boundary_029 soc=0.3782 fc=0
progress step=348100 round=33/40 episode=14/30 sample=zero_boundary_029 soc=0.4229 fc=0
progress step=348150 round=33/40 episode=14/30 sample=zero_boundary_029 soc=0.4788 fc=0
progress step=348200 round=33/40 episode=14/30 sample=zero_boundary_029 soc=0.5242 fc=0
progress step=348250 round=33/40 episode=14/30 sample=zero_boundary_029 soc=0.5860 fc=0
progress step=348300 round=33/40 episode=14/30 sample=zero_boundary_029 soc=0.6260 fc=0
progress step=348350 round=33/40 episode=14/30 sample=zero_boundary_029 soc=0.6645 fc=0
progress step=348400 round=33/40 episode=14/30 sample=zero_boundary_029 soc=0.6951 fc=0
progress step=348450 round=33/40 episode=14/30 sample=zero_boundary_029 soc=0.5296 fc=0
progress step=348500 round=33/40 episode=14/30 sample=zero_boundary_029 soc=0.4230 fc=0
progress step=348550 round=33/40 episode=14/30 sample=zero_boundary_029 soc=0.3012 fc=30
progress step=348600 round=33/40 episode=15/30 sample=zero_boundary_033 soc=0.6262 fc=30
progress step=348650 round=33/40 episode=15/30 sample=zero_boundary_033 soc=0.5017 fc=0
progress step=348700 round=33/40 episode=15/30 sample=zero_boundary_033 soc=0.2472 fc=0
progress step=348750 round=33/40 episode=15/30 sample=zero_boundary_033 soc=0.2005 fc=550
progress step=348800 round=33/40 episode=15/30 sample=zero_boundary_033 soc=0.2414 fc=0
progress step=348850 round=33/40 episode=15/30 sample=zero_boundary_033 soc=0.2000 fc=560
progress step=348900 round=33/40 episode=15/30 sample=zero_boundary_033 soc=0.2179 fc=330
progress step=348950 round=33/40 episode=15/30 sample=zero_boundary_033 soc=0.2529 fc=0
progress step=349000 round=33/40 episode=15/30 sample=zero_boundary_033 soc=0.2906 fc=0
progress step=349050 round=33/40 episode=15/30 sample=zero_boundary_033 soc=0.3151 fc=540
progress step=349100 round=33/40 episode=15/30 sample=zero_boundary_033 soc=0.3354 fc=0
progress step=349150 round=33/40 episode=15/30 sample=zero_boundary_033 soc=0.3790 fc=0
progress step=349200 round=33/40 episode=15/30 sample=zero_boundary_033 soc=0.4318 fc=0
progress step=349250 round=33/40 episode=15/30 sample=zero_boundary_033 soc=0.4743 fc=0
progress step=349300 round=33/40 episode=15/30 sample=zero_boundary_033 soc=0.4984 fc=430
progress step=349350 round=33/40 episode=15/30 sample=zero_boundary_033 soc=0.5265 fc=0
progress step=349400 round=33/40 episode=15/30 sample=zero_boundary_033 soc=0.5462 fc=200
progress step=349450 round=33/40 episode=15/30 sample=zero_boundary_033 soc=0.5683 fc=0
progress step=349500 round=33/40 episode=15/30 sample=zero_boundary_033 soc=0.5841 fc=0
progress step=349550 round=33/40 episode=16/30 sample=zero_boundary_034 soc=0.5998 fc=0
progress step=349600 round=33/40 episode=16/30 sample=zero_boundary_034 soc=0.6534 fc=0
progress step=349650 round=33/40 episode=16/30 sample=zero_boundary_034 soc=0.6924 fc=0
progress step=349700 round=33/40 episode=16/30 sample=zero_boundary_034 soc=0.7365 fc=590
progress step=349750 round=33/40 episode=16/30 sample=zero_boundary_034 soc=0.7683 fc=0
progress step=349800 round=33/40 episode=16/30 sample=zero_boundary_034 soc=0.7865 fc=0
progress step=349850 round=33/40 episode=16/30 sample=zero_boundary_034 soc=0.7994 fc=0
progress step=349900 round=33/40 episode=16/30 sample=zero_boundary_034 soc=0.7999 fc=0
progress step=349950 round=33/40 episode=16/30 sample=zero_boundary_034 soc=0.7999 fc=0
progress step=350000 round=33/40 episode=16/30 sample=zero_boundary_034 soc=0.7999 fc=0
progress step=350050 round=33/40 episode=16/30 sample=zero_boundary_034 soc=0.7999 fc=0
progress step=350100 round=33/40 episode=16/30 sample=zero_boundary_034 soc=0.7999 fc=0
progress step=350150 round=33/40 episode=16/30 sample=zero_boundary_034 soc=0.7999 fc=0
progress step=350200 round=33/40 episode=16/30 sample=zero_boundary_034 soc=0.7999 fc=0
progress step=350250 round=33/40 episode=16/30 sample=zero_boundary_034 soc=0.7999 fc=0
progress step=350300 round=33/40 episode=16/30 sample=zero_boundary_034 soc=0.7999 fc=0
progress step=350350 round=33/40 episode=16/30 sample=zero_boundary_034 soc=0.7999 fc=0
progress step=350400 round=33/40 episode=16/30 sample=zero_boundary_034 soc=0.7997 fc=0
progress step=350450 round=33/40 episode=16/30 sample=zero_boundary_034 soc=0.7761 fc=0
progress step=350500 round=33/40 episode=16/30 sample=zero_boundary_034 soc=0.7804 fc=0
progress step=350550 round=33/40 episode=16/30 sample=zero_boundary_034 soc=0.7099 fc=70
progress step=350600 round=33/40 episode=16/30 sample=zero_boundary_034 soc=0.6434 fc=0
progress step=350650 round=33/40 episode=16/30 sample=zero_boundary_034 soc=0.5071 fc=320
progress step=350700 round=33/40 episode=16/30 sample=zero_boundary_034 soc=0.4980 fc=300
progress step=350750 round=33/40 episode=16/30 sample=zero_boundary_034 soc=0.5460 fc=0
progress step=350800 round=33/40 episode=16/30 sample=zero_boundary_034 soc=0.5827 fc=0
progress step=350850 round=33/40 episode=16/30 sample=zero_boundary_034 soc=0.6292 fc=0
progress step=350900 round=33/40 episode=16/30 sample=zero_boundary_034 soc=0.6597 fc=590
progress step=350950 round=33/40 episode=16/30 sample=zero_boundary_034 soc=0.7193 fc=0
progress step=351000 round=33/40 episode=16/30 sample=zero_boundary_034 soc=0.7612 fc=0
progress step=351050 round=33/40 episode=16/30 sample=zero_boundary_034 soc=0.7994 fc=0
progress step=351100 round=33/40 episode=16/30 sample=zero_boundary_034 soc=0.7999 fc=0
progress step=351150 round=33/40 episode=16/30 sample=zero_boundary_034 soc=0.7996 fc=0
progress step=351200 round=33/40 episode=17/30 sample=zero_boundary_037 soc=0.6069 fc=0
progress step=351250 round=33/40 episode=17/30 sample=zero_boundary_037 soc=0.4873 fc=570
progress step=351300 round=33/40 episode=17/30 sample=zero_boundary_037 soc=0.3708 fc=0
progress step=351350 round=33/40 episode=17/30 sample=zero_boundary_037 soc=0.2476 fc=0
progress step=351400 round=33/40 episode=17/30 sample=zero_boundary_037 soc=0.2001 fc=430
progress step=351450 round=33/40 episode=17/30 sample=zero_boundary_037 soc=0.2001 fc=510
progress step=351500 round=33/40 episode=18/30 sample=zero_boundary_038 soc=0.5070 fc=210
progress step=351550 round=33/40 episode=18/30 sample=zero_boundary_038 soc=0.2691 fc=0
progress step=351600 round=33/40 episode=18/30 sample=zero_boundary_038 soc=0.2000 fc=400
progress step=351650 round=33/40 episode=19/30 sample=zero_boundary_040 soc=0.5566 fc=300
progress step=351700 round=33/40 episode=19/30 sample=zero_boundary_040 soc=0.3405 fc=0
progress step=351750 round=33/40 episode=19/30 sample=zero_boundary_040 soc=0.2001 fc=80
progress step=351800 round=33/40 episode=19/30 sample=zero_boundary_040 soc=0.2002 fc=570
progress step=351850 round=33/40 episode=19/30 sample=zero_boundary_040 soc=0.2007 fc=310
progress step=351900 round=33/40 episode=20/30 sample=zero_boundary_041 soc=0.5811 fc=0
progress step=351950 round=33/40 episode=20/30 sample=zero_boundary_041 soc=0.3355 fc=480
progress step=352000 round=33/40 episode=21/30 sample=zero_boundary_042 soc=0.6232 fc=0
progress step=352050 round=33/40 episode=21/30 sample=zero_boundary_042 soc=0.4632 fc=0
progress step=352100 round=33/40 episode=21/30 sample=zero_boundary_042 soc=0.2007 fc=510
progress step=352150 round=33/40 episode=22/30 sample=zero_boundary_044 soc=0.5024 fc=0
progress step=352200 round=33/40 episode=22/30 sample=zero_boundary_044 soc=0.2073 fc=80
progress step=352250 round=33/40 episode=23/30 sample=zero_boundary_045 soc=0.5264 fc=0
progress step=352300 round=33/40 episode=23/30 sample=zero_boundary_045 soc=0.2724 fc=0
progress step=352350 round=33/40 episode=23/30 sample=zero_boundary_045 soc=0.2006 fc=510
progress step=352400 round=33/40 episode=24/30 sample=zero_boundary_046 soc=0.4564 fc=0
progress step=352450 round=33/40 episode=24/30 sample=zero_boundary_046 soc=0.2006 fc=540
progress step=352500 round=33/40 episode=25/30 sample=zero_boundary_048 soc=0.5918 fc=190
progress step=352550 round=33/40 episode=25/30 sample=zero_boundary_048 soc=0.2598 fc=0
progress step=352600 round=33/40 episode=25/30 sample=zero_boundary_048 soc=0.2007 fc=580
progress step=352650 round=33/40 episode=25/30 sample=zero_boundary_048 soc=0.2062 fc=350
progress step=352700 round=33/40 episode=25/30 sample=zero_boundary_048 soc=0.2000 fc=360
progress step=352750 round=33/40 episode=26/30 sample=zero_boundary_049 soc=0.5396 fc=0
progress step=352800 round=33/40 episode=26/30 sample=zero_boundary_049 soc=0.3811 fc=0
progress step=352850 round=33/40 episode=26/30 sample=zero_boundary_049 soc=0.2004 fc=500
progress step=352900 round=33/40 episode=26/30 sample=zero_boundary_049 soc=0.2001 fc=360
progress step=352950 round=33/40 episode=26/30 sample=zero_boundary_049 soc=0.2030 fc=0
progress step=353000 round=33/40 episode=27/30 sample=zero_boundary_050 soc=0.5946 fc=150
progress step=353050 round=33/40 episode=27/30 sample=zero_boundary_050 soc=0.3409 fc=0
progress step=353100 round=33/40 episode=27/30 sample=zero_boundary_050 soc=0.2013 fc=530
progress step=353150 round=33/40 episode=28/30 sample=zero_boundary_051 soc=0.5875 fc=0
progress step=353200 round=33/40 episode=28/30 sample=zero_boundary_051 soc=0.4335 fc=0
progress step=353250 round=33/40 episode=28/30 sample=zero_boundary_051 soc=0.3134 fc=0
progress step=353300 round=33/40 episode=29/30 sample=zero_boundary_052 soc=0.6046 fc=0
progress step=353350 round=33/40 episode=29/30 sample=zero_boundary_052 soc=0.3458 fc=240
progress step=353400 round=33/40 episode=30/30 sample=zero_boundary_053 soc=0.5824 fc=380
progress step=353450 round=33/40 episode=30/30 sample=zero_boundary_053 soc=0.3637 fc=0
progress step=353500 round=33/40 episode=30/30 sample=zero_boundary_053 soc=0.2003 fc=40
progress step=353550 round=33/40 episode=30/30 sample=zero_boundary_053 soc=0.2001 fc=400
progress step=353600 round=33/40 episode=30/30 sample=zero_boundary_053 soc=0.2060 fc=30
round 33/40 exploratory=12/30 greedy_train start
MONITOR round=33 exploratory=12/30 greedy_train=10/30 validation=SKIPPED cost=None updates=8912 best_round=7
round 34/40 start epsilon=0.1962
progress step=353650 round=34/40 episode=1/30 sample=zero_boundary_002 soc=0.6041 fc=0
progress step=353700 round=34/40 episode=1/30 sample=zero_boundary_002 soc=0.2942 fc=0
progress step=353750 round=34/40 episode=2/30 sample=zero_boundary_005 soc=0.5134 fc=540
progress step=353800 round=34/40 episode=2/30 sample=zero_boundary_005 soc=0.2950 fc=0
progress step=353850 round=34/40 episode=2/30 sample=zero_boundary_005 soc=0.2003 fc=460
progress step=353900 round=34/40 episode=2/30 sample=zero_boundary_005 soc=0.2002 fc=490
progress step=353950 round=34/40 episode=2/30 sample=zero_boundary_005 soc=0.2015 fc=0
progress step=354000 round=34/40 episode=2/30 sample=zero_boundary_005 soc=0.2126 fc=580
progress step=354050 round=34/40 episode=3/30 sample=zero_boundary_006 soc=0.5994 fc=30
progress step=354100 round=34/40 episode=3/30 sample=zero_boundary_006 soc=0.5452 fc=0
progress step=354150 round=34/40 episode=3/30 sample=zero_boundary_006 soc=0.4895 fc=0
progress step=354200 round=34/40 episode=3/30 sample=zero_boundary_006 soc=0.4294 fc=0
progress step=354250 round=34/40 episode=3/30 sample=zero_boundary_006 soc=0.3967 fc=0
progress step=354300 round=34/40 episode=3/30 sample=zero_boundary_006 soc=0.3244 fc=0
progress step=354350 round=34/40 episode=3/30 sample=zero_boundary_006 soc=0.2435 fc=0
progress step=354400 round=34/40 episode=4/30 sample=zero_boundary_007 soc=0.5172 fc=30
progress step=354450 round=34/40 episode=4/30 sample=zero_boundary_007 soc=0.2861 fc=30
progress step=354500 round=34/40 episode=4/30 sample=zero_boundary_007 soc=0.2003 fc=210
progress step=354550 round=34/40 episode=4/30 sample=zero_boundary_007 soc=0.2003 fc=360
progress step=354600 round=34/40 episode=4/30 sample=zero_boundary_007 soc=0.2004 fc=360
progress step=354650 round=34/40 episode=5/30 sample=zero_boundary_008 soc=0.6048 fc=30
progress step=354700 round=34/40 episode=5/30 sample=zero_boundary_008 soc=0.2870 fc=280
progress step=354750 round=34/40 episode=6/30 sample=zero_boundary_011 soc=0.6292 fc=0
progress step=354800 round=34/40 episode=6/30 sample=zero_boundary_011 soc=0.4843 fc=30
progress step=354850 round=34/40 episode=6/30 sample=zero_boundary_011 soc=0.2002 fc=570
progress step=354900 round=34/40 episode=6/30 sample=zero_boundary_011 soc=0.2001 fc=490
progress step=354950 round=34/40 episode=7/30 sample=zero_boundary_013 soc=0.6116 fc=30
progress step=355000 round=34/40 episode=7/30 sample=zero_boundary_013 soc=0.5400 fc=120
progress step=355050 round=34/40 episode=7/30 sample=zero_boundary_013 soc=0.3648 fc=30
progress step=355100 round=34/40 episode=7/30 sample=zero_boundary_013 soc=0.2016 fc=30
progress step=355150 round=34/40 episode=7/30 sample=zero_boundary_013 soc=0.2001 fc=390
progress step=355200 round=34/40 episode=7/30 sample=zero_boundary_013 soc=0.2024 fc=140
progress step=355250 round=34/40 episode=7/30 sample=zero_boundary_013 soc=0.2108 fc=30
progress step=355300 round=34/40 episode=8/30 sample=zero_boundary_015 soc=0.5324 fc=80
progress step=355350 round=34/40 episode=8/30 sample=zero_boundary_015 soc=0.3281 fc=250
progress step=355400 round=34/40 episode=9/30 sample=zero_boundary_016 soc=0.6129 fc=0
progress step=355450 round=34/40 episode=9/30 sample=zero_boundary_016 soc=0.5406 fc=80
progress step=355500 round=34/40 episode=10/30 sample=zero_boundary_017 soc=0.6044 fc=0
progress step=355550 round=34/40 episode=10/30 sample=zero_boundary_017 soc=0.3809 fc=0
progress step=355600 round=34/40 episode=11/30 sample=zero_boundary_020 soc=0.5494 fc=0
progress step=355650 round=34/40 episode=11/30 sample=zero_boundary_020 soc=0.3940 fc=0
progress step=355700 round=34/40 episode=12/30 sample=zero_boundary_021 soc=0.6026 fc=0
progress step=355750 round=34/40 episode=12/30 sample=zero_boundary_021 soc=0.5763 fc=0
progress step=355800 round=34/40 episode=12/30 sample=zero_boundary_021 soc=0.3294 fc=0
progress step=355850 round=34/40 episode=12/30 sample=zero_boundary_021 soc=0.2004 fc=420
progress step=355900 round=34/40 episode=12/30 sample=zero_boundary_021 soc=0.2053 fc=380
progress step=355950 round=34/40 episode=13/30 sample=zero_boundary_022 soc=0.5437 fc=0
progress step=356000 round=34/40 episode=13/30 sample=zero_boundary_022 soc=0.3499 fc=0
progress step=356050 round=34/40 episode=13/30 sample=zero_boundary_022 soc=0.2179 fc=240
progress step=356100 round=34/40 episode=13/30 sample=zero_boundary_022 soc=0.2112 fc=230
progress step=356150 round=34/40 episode=14/30 sample=zero_boundary_029 soc=0.5551 fc=130
progress step=356200 round=34/40 episode=14/30 sample=zero_boundary_029 soc=0.3769 fc=0
progress step=356250 round=34/40 episode=14/30 sample=zero_boundary_029 soc=0.2003 fc=390
progress step=356300 round=34/40 episode=14/30 sample=zero_boundary_029 soc=0.2004 fc=30
progress step=356350 round=34/40 episode=14/30 sample=zero_boundary_029 soc=0.2001 fc=570
progress step=356400 round=34/40 episode=14/30 sample=zero_boundary_029 soc=0.2002 fc=230
progress step=356450 round=34/40 episode=14/30 sample=zero_boundary_029 soc=0.2047 fc=0
progress step=356500 round=34/40 episode=14/30 sample=zero_boundary_029 soc=0.2403 fc=0
progress step=356550 round=34/40 episode=14/30 sample=zero_boundary_029 soc=0.2691 fc=0
progress step=356600 round=34/40 episode=14/30 sample=zero_boundary_029 soc=0.2934 fc=210
progress step=356650 round=34/40 episode=14/30 sample=zero_boundary_029 soc=0.3452 fc=0
progress step=356700 round=34/40 episode=14/30 sample=zero_boundary_029 soc=0.3966 fc=0
progress step=356750 round=34/40 episode=14/30 sample=zero_boundary_029 soc=0.4361 fc=0
progress step=356800 round=34/40 episode=14/30 sample=zero_boundary_029 soc=0.4506 fc=0
progress step=356850 round=34/40 episode=14/30 sample=zero_boundary_029 soc=0.4682 fc=0
progress step=356900 round=34/40 episode=14/30 sample=zero_boundary_029 soc=0.5028 fc=0
progress step=356950 round=34/40 episode=14/30 sample=zero_boundary_029 soc=0.5483 fc=0
progress step=357000 round=34/40 episode=14/30 sample=zero_boundary_029 soc=0.5939 fc=0
progress step=357050 round=34/40 episode=14/30 sample=zero_boundary_029 soc=0.4397 fc=0
progress step=357100 round=34/40 episode=14/30 sample=zero_boundary_029 soc=0.3189 fc=0
progress step=357150 round=34/40 episode=14/30 sample=zero_boundary_029 soc=0.2039 fc=0
progress step=357200 round=34/40 episode=15/30 sample=zero_boundary_033 soc=0.6104 fc=380
progress step=357250 round=34/40 episode=15/30 sample=zero_boundary_033 soc=0.4837 fc=0
progress step=357300 round=34/40 episode=15/30 sample=zero_boundary_033 soc=0.2001 fc=490
progress step=357350 round=34/40 episode=15/30 sample=zero_boundary_033 soc=0.2009 fc=480
progress step=357400 round=34/40 episode=15/30 sample=zero_boundary_033 soc=0.2391 fc=0
progress step=357450 round=34/40 episode=15/30 sample=zero_boundary_033 soc=0.2001 fc=510
progress step=357500 round=34/40 episode=15/30 sample=zero_boundary_033 soc=0.2004 fc=30
progress step=357550 round=34/40 episode=15/30 sample=zero_boundary_033 soc=0.2471 fc=0
progress step=357600 round=34/40 episode=15/30 sample=zero_boundary_033 soc=0.2842 fc=0
progress step=357650 round=34/40 episode=15/30 sample=zero_boundary_033 soc=0.3273 fc=0
progress step=357700 round=34/40 episode=15/30 sample=zero_boundary_033 soc=0.3663 fc=0
progress step=357750 round=34/40 episode=15/30 sample=zero_boundary_033 soc=0.4035 fc=0
progress step=357800 round=34/40 episode=15/30 sample=zero_boundary_033 soc=0.4297 fc=580
progress step=357850 round=34/40 episode=15/30 sample=zero_boundary_033 soc=0.4433 fc=0
progress step=357900 round=34/40 episode=15/30 sample=zero_boundary_033 soc=0.4652 fc=0
progress step=357950 round=34/40 episode=15/30 sample=zero_boundary_033 soc=0.4879 fc=0
progress step=358000 round=34/40 episode=15/30 sample=zero_boundary_033 soc=0.5040 fc=400
progress step=358050 round=34/40 episode=15/30 sample=zero_boundary_033 soc=0.5032 fc=110
progress step=358100 round=34/40 episode=15/30 sample=zero_boundary_033 soc=0.5154 fc=210
progress step=358150 round=34/40 episode=16/30 sample=zero_boundary_034 soc=0.6044 fc=0
progress step=358200 round=34/40 episode=16/30 sample=zero_boundary_034 soc=0.6394 fc=0
progress step=358250 round=34/40 episode=16/30 sample=zero_boundary_034 soc=0.6839 fc=0
progress step=358300 round=34/40 episode=16/30 sample=zero_boundary_034 soc=0.7254 fc=0
progress step=358350 round=34/40 episode=16/30 sample=zero_boundary_034 soc=0.7655 fc=230
progress step=358400 round=34/40 episode=16/30 sample=zero_boundary_034 soc=0.7999 fc=0
progress step=358450 round=34/40 episode=16/30 sample=zero_boundary_034 soc=0.7999 fc=0
progress step=358500 round=34/40 episode=16/30 sample=zero_boundary_034 soc=0.7999 fc=0
progress step=358550 round=34/40 episode=16/30 sample=zero_boundary_034 soc=0.7999 fc=0
progress step=358600 round=34/40 episode=16/30 sample=zero_boundary_034 soc=0.7999 fc=0
progress step=358650 round=34/40 episode=16/30 sample=zero_boundary_034 soc=0.7999 fc=0
progress step=358700 round=34/40 episode=16/30 sample=zero_boundary_034 soc=0.7999 fc=0
progress step=358750 round=34/40 episode=16/30 sample=zero_boundary_034 soc=0.7999 fc=0
progress step=358800 round=34/40 episode=16/30 sample=zero_boundary_034 soc=0.7999 fc=0
progress step=358850 round=34/40 episode=16/30 sample=zero_boundary_034 soc=0.7999 fc=0
progress step=358900 round=34/40 episode=16/30 sample=zero_boundary_034 soc=0.7999 fc=0
progress step=358950 round=34/40 episode=16/30 sample=zero_boundary_034 soc=0.7999 fc=0
progress step=359000 round=34/40 episode=16/30 sample=zero_boundary_034 soc=0.7996 fc=0
progress step=359050 round=34/40 episode=16/30 sample=zero_boundary_034 soc=0.7740 fc=0
progress step=359100 round=34/40 episode=16/30 sample=zero_boundary_034 soc=0.7217 fc=410
progress step=359150 round=34/40 episode=16/30 sample=zero_boundary_034 soc=0.6118 fc=0
progress step=359200 round=34/40 episode=16/30 sample=zero_boundary_034 soc=0.5049 fc=0
progress step=359250 round=34/40 episode=16/30 sample=zero_boundary_034 soc=0.3778 fc=0
progress step=359300 round=34/40 episode=16/30 sample=zero_boundary_034 soc=0.3736 fc=0
progress step=359350 round=34/40 episode=16/30 sample=zero_boundary_034 soc=0.3984 fc=0
progress step=359400 round=34/40 episode=16/30 sample=zero_boundary_034 soc=0.4383 fc=0
progress step=359450 round=34/40 episode=16/30 sample=zero_boundary_034 soc=0.4605 fc=0
progress step=359500 round=34/40 episode=16/30 sample=zero_boundary_034 soc=0.5047 fc=0
progress step=359550 round=34/40 episode=16/30 sample=zero_boundary_034 soc=0.5358 fc=0
progress step=359600 round=34/40 episode=16/30 sample=zero_boundary_034 soc=0.5726 fc=0
progress step=359650 round=34/40 episode=16/30 sample=zero_boundary_034 soc=0.6142 fc=0
progress step=359700 round=34/40 episode=16/30 sample=zero_boundary_034 soc=0.6662 fc=0
progress step=359750 round=34/40 episode=16/30 sample=zero_boundary_034 soc=0.7076 fc=0
progress step=359800 round=34/40 episode=17/30 sample=zero_boundary_037 soc=0.6005 fc=0
progress step=359850 round=34/40 episode=17/30 sample=zero_boundary_037 soc=0.4994 fc=0
progress step=359900 round=34/40 episode=17/30 sample=zero_boundary_037 soc=0.3598 fc=0
progress step=359950 round=34/40 episode=17/30 sample=zero_boundary_037 soc=0.2423 fc=500
progress step=360000 round=34/40 episode=17/30 sample=zero_boundary_037 soc=0.2001 fc=390
progress step=360050 round=34/40 episode=17/30 sample=zero_boundary_037 soc=0.2000 fc=580
progress step=360100 round=34/40 episode=18/30 sample=zero_boundary_038 soc=0.4954 fc=0
progress step=360150 round=34/40 episode=18/30 sample=zero_boundary_038 soc=0.2710 fc=0
progress step=360200 round=34/40 episode=18/30 sample=zero_boundary_038 soc=0.2011 fc=390
progress step=360250 round=34/40 episode=19/30 sample=zero_boundary_040 soc=0.5732 fc=0
progress step=360300 round=34/40 episode=19/30 sample=zero_boundary_040 soc=0.3527 fc=10
progress step=360350 round=34/40 episode=19/30 sample=zero_boundary_040 soc=0.2001 fc=190
progress step=360400 round=34/40 episode=20/30 sample=zero_boundary_041 soc=0.5946 fc=130
progress step=360450 round=34/40 episode=20/30 sample=zero_boundary_041 soc=0.3797 fc=0
progress step=360500 round=34/40 episode=21/30 sample=zero_boundary_042 soc=0.6000 fc=0
progress step=360550 round=34/40 episode=21/30 sample=zero_boundary_042 soc=0.4893 fc=0
progress step=360600 round=34/40 episode=21/30 sample=zero_boundary_042 soc=0.2010 fc=480
progress step=360650 round=34/40 episode=22/30 sample=zero_boundary_044 soc=0.5481 fc=0
progress step=360700 round=34/40 episode=22/30 sample=zero_boundary_044 soc=0.2527 fc=0
progress step=360750 round=34/40 episode=23/30 sample=zero_boundary_045 soc=0.5495 fc=360
progress step=360800 round=34/40 episode=23/30 sample=zero_boundary_045 soc=0.3396 fc=220
progress step=360850 round=34/40 episode=23/30 sample=zero_boundary_045 soc=0.2008 fc=590
progress step=360900 round=34/40 episode=24/30 sample=zero_boundary_046 soc=0.4681 fc=0
progress step=360950 round=34/40 episode=24/30 sample=zero_boundary_046 soc=0.2007 fc=480
progress step=361000 round=34/40 episode=25/30 sample=zero_boundary_048 soc=0.6028 fc=0
progress step=361050 round=34/40 episode=25/30 sample=zero_boundary_048 soc=0.3225 fc=460
progress step=361100 round=34/40 episode=25/30 sample=zero_boundary_048 soc=0.2003 fc=480
progress step=361150 round=34/40 episode=25/30 sample=zero_boundary_048 soc=0.2096 fc=0
progress step=361200 round=34/40 episode=25/30 sample=zero_boundary_048 soc=0.2001 fc=270
progress step=361250 round=34/40 episode=26/30 sample=zero_boundary_049 soc=0.5647 fc=0
progress step=361300 round=34/40 episode=26/30 sample=zero_boundary_049 soc=0.3779 fc=110
progress step=361350 round=34/40 episode=26/30 sample=zero_boundary_049 soc=0.2074 fc=0
progress step=361400 round=34/40 episode=26/30 sample=zero_boundary_049 soc=0.2002 fc=420
progress step=361450 round=34/40 episode=26/30 sample=zero_boundary_049 soc=0.2003 fc=330
progress step=361500 round=34/40 episode=27/30 sample=zero_boundary_050 soc=0.6058 fc=0
progress step=361550 round=34/40 episode=27/30 sample=zero_boundary_050 soc=0.3668 fc=280
progress step=361600 round=34/40 episode=27/30 sample=zero_boundary_050 soc=0.2001 fc=570
progress step=361650 round=34/40 episode=28/30 sample=zero_boundary_051 soc=0.5969 fc=0
progress step=361700 round=34/40 episode=28/30 sample=zero_boundary_051 soc=0.4091 fc=0
progress step=361750 round=34/40 episode=28/30 sample=zero_boundary_051 soc=0.2504 fc=490
progress step=361800 round=34/40 episode=29/30 sample=zero_boundary_052 soc=0.6017 fc=0
progress step=361850 round=34/40 episode=29/30 sample=zero_boundary_052 soc=0.3828 fc=0
progress step=361900 round=34/40 episode=30/30 sample=zero_boundary_053 soc=0.6004 fc=0
progress step=361950 round=34/40 episode=30/30 sample=zero_boundary_053 soc=0.3653 fc=0
progress step=362000 round=34/40 episode=30/30 sample=zero_boundary_053 soc=0.2001 fc=250
progress step=362050 round=34/40 episode=30/30 sample=zero_boundary_053 soc=0.2000 fc=330
progress step=362100 round=34/40 episode=30/30 sample=zero_boundary_053 soc=0.2067 fc=0
round 34/40 exploratory=13/30 greedy_train start
MONITOR round=34 exploratory=13/30 greedy_train=10/30 validation=SKIPPED cost=None updates=9120 best_round=7
round 35/40 start epsilon=0.1718
progress step=362150 round=35/40 episode=1/30 sample=zero_boundary_002 soc=0.6029 fc=420
progress step=362200 round=35/40 episode=1/30 sample=zero_boundary_002 soc=0.3746 fc=0
progress step=362250 round=35/40 episode=2/30 sample=zero_boundary_005 soc=0.5773 fc=0
progress step=362300 round=35/40 episode=2/30 sample=zero_boundary_005 soc=0.3401 fc=0
progress step=362350 round=35/40 episode=2/30 sample=zero_boundary_005 soc=0.2004 fc=490
progress step=362400 round=35/40 episode=2/30 sample=zero_boundary_005 soc=0.2000 fc=570
progress step=362450 round=35/40 episode=2/30 sample=zero_boundary_005 soc=0.2016 fc=390
progress step=362500 round=35/40 episode=2/30 sample=zero_boundary_005 soc=0.2008 fc=0
progress step=362550 round=35/40 episode=3/30 sample=zero_boundary_006 soc=0.6118 fc=500
progress step=362600 round=35/40 episode=3/30 sample=zero_boundary_006 soc=0.5455 fc=30
progress step=362650 round=35/40 episode=3/30 sample=zero_boundary_006 soc=0.5163 fc=30
progress step=362700 round=35/40 episode=3/30 sample=zero_boundary_006 soc=0.4632 fc=30
progress step=362750 round=35/40 episode=3/30 sample=zero_boundary_006 soc=0.4600 fc=30
progress step=362800 round=35/40 episode=3/30 sample=zero_boundary_006 soc=0.3845 fc=380
progress step=362850 round=35/40 episode=3/30 sample=zero_boundary_006 soc=0.3278 fc=30
progress step=362900 round=35/40 episode=4/30 sample=zero_boundary_007 soc=0.5401 fc=30
progress step=362950 round=35/40 episode=4/30 sample=zero_boundary_007 soc=0.2744 fc=90
progress step=363000 round=35/40 episode=4/30 sample=zero_boundary_007 soc=0.2010 fc=490
progress step=363050 round=35/40 episode=4/30 sample=zero_boundary_007 soc=0.2006 fc=320
progress step=363100 round=35/40 episode=4/30 sample=zero_boundary_007 soc=0.2003 fc=370
progress step=363150 round=35/40 episode=4/30 sample=zero_boundary_007 soc=0.2198 fc=30
progress step=363200 round=35/40 episode=5/30 sample=zero_boundary_008 soc=0.3418 fc=0
progress step=363250 round=35/40 episode=6/30 sample=zero_boundary_011 soc=0.6187 fc=0
progress step=363300 round=35/40 episode=6/30 sample=zero_boundary_011 soc=0.4924 fc=0
progress step=363350 round=35/40 episode=6/30 sample=zero_boundary_011 soc=0.2003 fc=570
progress step=363400 round=35/40 episode=6/30 sample=zero_boundary_011 soc=0.2001 fc=570
progress step=363450 round=35/40 episode=7/30 sample=zero_boundary_013 soc=0.5872 fc=0
progress step=363500 round=35/40 episode=7/30 sample=zero_boundary_013 soc=0.5105 fc=0
progress step=363550 round=35/40 episode=7/30 sample=zero_boundary_013 soc=0.3214 fc=0
progress step=363600 round=35/40 episode=8/30 sample=zero_boundary_015 soc=0.5877 fc=0
progress step=363650 round=35/40 episode=8/30 sample=zero_boundary_015 soc=0.3923 fc=0
progress step=363700 round=35/40 episode=9/30 sample=zero_boundary_016 soc=0.6085 fc=240
progress step=363750 round=35/40 episode=9/30 sample=zero_boundary_016 soc=0.6091 fc=120
progress step=363800 round=35/40 episode=9/30 sample=zero_boundary_016 soc=0.3232 fc=160
progress step=363850 round=35/40 episode=10/30 sample=zero_boundary_017 soc=0.4682 fc=0
progress step=363900 round=35/40 episode=11/30 sample=zero_boundary_020 soc=0.6095 fc=0
progress step=363950 round=35/40 episode=11/30 sample=zero_boundary_020 soc=0.4140 fc=0
progress step=364000 round=35/40 episode=12/30 sample=zero_boundary_021 soc=0.5999 fc=0
progress step=364050 round=35/40 episode=12/30 sample=zero_boundary_021 soc=0.6049 fc=0
progress step=364100 round=35/40 episode=12/30 sample=zero_boundary_021 soc=0.3834 fc=0
progress step=364150 round=35/40 episode=12/30 sample=zero_boundary_021 soc=0.2005 fc=430
progress step=364200 round=35/40 episode=12/30 sample=zero_boundary_021 soc=0.2009 fc=300
progress step=364250 round=35/40 episode=13/30 sample=zero_boundary_022 soc=0.6087 fc=0
progress step=364300 round=35/40 episode=13/30 sample=zero_boundary_022 soc=0.3834 fc=0
progress step=364350 round=35/40 episode=13/30 sample=zero_boundary_022 soc=0.2227 fc=0
progress step=364400 round=35/40 episode=13/30 sample=zero_boundary_022 soc=0.2001 fc=30
progress step=364450 round=35/40 episode=14/30 sample=zero_boundary_029 soc=0.5932 fc=0
progress step=364500 round=35/40 episode=14/30 sample=zero_boundary_029 soc=0.4442 fc=420
progress step=364550 round=35/40 episode=14/30 sample=zero_boundary_029 soc=0.2343 fc=0
progress step=364600 round=35/40 episode=14/30 sample=zero_boundary_029 soc=0.2006 fc=30
progress step=364650 round=35/40 episode=14/30 sample=zero_boundary_029 soc=0.2016 fc=140
progress step=364700 round=35/40 episode=14/30 sample=zero_boundary_029 soc=0.2002 fc=210
progress step=364750 round=35/40 episode=14/30 sample=zero_boundary_029 soc=0.2001 fc=40
progress step=364800 round=35/40 episode=14/30 sample=zero_boundary_029 soc=0.2404 fc=0
progress step=364850 round=35/40 episode=14/30 sample=zero_boundary_029 soc=0.2484 fc=0
progress step=364900 round=35/40 episode=14/30 sample=zero_boundary_029 soc=0.2801 fc=0
progress step=364950 round=35/40 episode=14/30 sample=zero_boundary_029 soc=0.3177 fc=0
progress step=365000 round=35/40 episode=14/30 sample=zero_boundary_029 soc=0.3414 fc=580
progress step=365050 round=35/40 episode=14/30 sample=zero_boundary_029 soc=0.3711 fc=0
progress step=365100 round=35/40 episode=14/30 sample=zero_boundary_029 soc=0.3970 fc=0
progress step=365150 round=35/40 episode=14/30 sample=zero_boundary_029 soc=0.4275 fc=0
progress step=365200 round=35/40 episode=14/30 sample=zero_boundary_029 soc=0.4508 fc=0
progress step=365250 round=35/40 episode=14/30 sample=zero_boundary_029 soc=0.4660 fc=70
progress step=365300 round=35/40 episode=14/30 sample=zero_boundary_029 soc=0.4734 fc=0
progress step=365350 round=35/40 episode=14/30 sample=zero_boundary_029 soc=0.4875 fc=0
progress step=365400 round=35/40 episode=14/30 sample=zero_boundary_029 soc=0.3400 fc=0
progress step=365450 round=35/40 episode=14/30 sample=zero_boundary_029 soc=0.2004 fc=80
progress step=365500 round=35/40 episode=15/30 sample=zero_boundary_033 soc=0.6251 fc=0
progress step=365550 round=35/40 episode=15/30 sample=zero_boundary_033 soc=0.5340 fc=210
progress step=365600 round=35/40 episode=15/30 sample=zero_boundary_033 soc=0.2930 fc=0
progress step=365650 round=35/40 episode=15/30 sample=zero_boundary_033 soc=0.2017 fc=410
progress step=365700 round=35/40 episode=15/30 sample=zero_boundary_033 soc=0.2007 fc=40
progress step=365750 round=35/40 episode=15/30 sample=zero_boundary_033 soc=0.2012 fc=430
progress step=365800 round=35/40 episode=15/30 sample=zero_boundary_033 soc=0.2000 fc=40
progress step=365850 round=35/40 episode=15/30 sample=zero_boundary_033 soc=0.2167 fc=0
progress step=365900 round=35/40 episode=15/30 sample=zero_boundary_033 soc=0.2367 fc=0
progress step=365950 round=35/40 episode=15/30 sample=zero_boundary_033 soc=0.2561 fc=0
progress step=366000 round=35/40 episode=15/30 sample=zero_boundary_033 soc=0.2796 fc=260
progress step=366050 round=35/40 episode=15/30 sample=zero_boundary_033 soc=0.3190 fc=0
progress step=366100 round=35/40 episode=15/30 sample=zero_boundary_033 soc=0.3699 fc=0
progress step=366150 round=35/40 episode=15/30 sample=zero_boundary_033 soc=0.4171 fc=470
progress step=366200 round=35/40 episode=15/30 sample=zero_boundary_033 soc=0.4501 fc=0
progress step=366250 round=35/40 episode=15/30 sample=zero_boundary_033 soc=0.4678 fc=0
progress step=366300 round=35/40 episode=15/30 sample=zero_boundary_033 soc=0.4953 fc=0
progress step=366350 round=35/40 episode=15/30 sample=zero_boundary_033 soc=0.5110 fc=0
progress step=366400 round=35/40 episode=15/30 sample=zero_boundary_033 soc=0.5158 fc=280
progress step=366450 round=35/40 episode=16/30 sample=zero_boundary_034 soc=0.6000 fc=0
progress step=366500 round=35/40 episode=16/30 sample=zero_boundary_034 soc=0.6356 fc=0
progress step=366550 round=35/40 episode=16/30 sample=zero_boundary_034 soc=0.6644 fc=0
progress step=366600 round=35/40 episode=16/30 sample=zero_boundary_034 soc=0.6873 fc=30
progress step=366650 round=35/40 episode=16/30 sample=zero_boundary_034 soc=0.7244 fc=150
progress step=366700 round=35/40 episode=16/30 sample=zero_boundary_034 soc=0.7650 fc=30
progress step=366750 round=35/40 episode=16/30 sample=zero_boundary_034 soc=0.7817 fc=0
progress step=366800 round=35/40 episode=16/30 sample=zero_boundary_034 soc=0.7999 fc=0
progress step=366850 round=35/40 episode=16/30 sample=zero_boundary_034 soc=0.7999 fc=0
progress step=366900 round=35/40 episode=16/30 sample=zero_boundary_034 soc=0.7999 fc=0
progress step=366950 round=35/40 episode=16/30 sample=zero_boundary_034 soc=0.7999 fc=0
progress step=367000 round=35/40 episode=16/30 sample=zero_boundary_034 soc=0.7999 fc=0
progress step=367050 round=35/40 episode=16/30 sample=zero_boundary_034 soc=0.7999 fc=0
progress step=367100 round=35/40 episode=16/30 sample=zero_boundary_034 soc=0.7999 fc=0
progress step=367150 round=35/40 episode=16/30 sample=zero_boundary_034 soc=0.7999 fc=0
progress step=367200 round=35/40 episode=16/30 sample=zero_boundary_034 soc=0.7999 fc=0
progress step=367250 round=35/40 episode=16/30 sample=zero_boundary_034 soc=0.7999 fc=0
progress step=367300 round=35/40 episode=16/30 sample=zero_boundary_034 soc=0.7999 fc=0
progress step=367350 round=35/40 episode=16/30 sample=zero_boundary_034 soc=0.7887 fc=0
progress step=367400 round=35/40 episode=16/30 sample=zero_boundary_034 soc=0.7458 fc=0
progress step=367450 round=35/40 episode=16/30 sample=zero_boundary_034 soc=0.6440 fc=0
progress step=367500 round=35/40 episode=16/30 sample=zero_boundary_034 soc=0.5467 fc=0
progress step=367550 round=35/40 episode=16/30 sample=zero_boundary_034 soc=0.4068 fc=0
progress step=367600 round=35/40 episode=16/30 sample=zero_boundary_034 soc=0.3767 fc=0
progress step=367650 round=35/40 episode=16/30 sample=zero_boundary_034 soc=0.3910 fc=0
progress step=367700 round=35/40 episode=16/30 sample=zero_boundary_034 soc=0.4192 fc=0
progress step=367750 round=35/40 episode=16/30 sample=zero_boundary_034 soc=0.4458 fc=0
progress step=367800 round=35/40 episode=16/30 sample=zero_boundary_034 soc=0.4872 fc=0
progress step=367850 round=35/40 episode=16/30 sample=zero_boundary_034 soc=0.5098 fc=490
progress step=367900 round=35/40 episode=16/30 sample=zero_boundary_034 soc=0.5562 fc=0
progress step=367950 round=35/40 episode=16/30 sample=zero_boundary_034 soc=0.5820 fc=0
progress step=368000 round=35/40 episode=16/30 sample=zero_boundary_034 soc=0.6148 fc=0
progress step=368050 round=35/40 episode=16/30 sample=zero_boundary_034 soc=0.6337 fc=0
progress step=368100 round=35/40 episode=17/30 sample=zero_boundary_037 soc=0.6051 fc=0
progress step=368150 round=35/40 episode=17/30 sample=zero_boundary_037 soc=0.5080 fc=0
progress step=368200 round=35/40 episode=17/30 sample=zero_boundary_037 soc=0.3877 fc=540
progress step=368250 round=35/40 episode=17/30 sample=zero_boundary_037 soc=0.2841 fc=0
progress step=368300 round=35/40 episode=17/30 sample=zero_boundary_037 soc=0.2003 fc=240
progress step=368350 round=35/40 episode=17/30 sample=zero_boundary_037 soc=0.2005 fc=320
progress step=368400 round=35/40 episode=18/30 sample=zero_boundary_038 soc=0.5804 fc=0
progress step=368450 round=35/40 episode=18/30 sample=zero_boundary_038 soc=0.3870 fc=580
progress step=368500 round=35/40 episode=18/30 sample=zero_boundary_038 soc=0.2000 fc=400
progress step=368550 round=35/40 episode=19/30 sample=zero_boundary_040 soc=0.6007 fc=0
progress step=368600 round=35/40 episode=19/30 sample=zero_boundary_040 soc=0.4063 fc=0
progress step=368650 round=35/40 episode=19/30 sample=zero_boundary_040 soc=0.2017 fc=380
progress step=368700 round=35/40 episode=19/30 sample=zero_boundary_040 soc=0.2007 fc=570
progress step=368750 round=35/40 episode=19/30 sample=zero_boundary_040 soc=0.2001 fc=370
progress step=368800 round=35/40 episode=20/30 sample=zero_boundary_041 soc=0.6000 fc=0
progress step=368850 round=35/40 episode=20/30 sample=zero_boundary_041 soc=0.3825 fc=0
progress step=368900 round=35/40 episode=20/30 sample=zero_boundary_041 soc=0.2000 fc=570
progress step=368950 round=35/40 episode=21/30 sample=zero_boundary_042 soc=0.5505 fc=0
progress step=369000 round=35/40 episode=21/30 sample=zero_boundary_042 soc=0.2109 fc=0
progress step=369050 round=35/40 episode=22/30 sample=zero_boundary_044 soc=0.5504 fc=0
progress step=369100 round=35/40 episode=22/30 sample=zero_boundary_044 soc=0.2794 fc=0
progress step=369150 round=35/40 episode=23/30 sample=zero_boundary_045 soc=0.5864 fc=370
progress step=369200 round=35/40 episode=23/30 sample=zero_boundary_045 soc=0.3334 fc=0
progress step=369250 round=35/40 episode=23/30 sample=zero_boundary_045 soc=0.2003 fc=420
progress step=369300 round=35/40 episode=24/30 sample=zero_boundary_046 soc=0.4703 fc=0
progress step=369350 round=35/40 episode=24/30 sample=zero_boundary_046 soc=0.2014 fc=510
progress step=369400 round=35/40 episode=25/30 sample=zero_boundary_048 soc=0.6069 fc=0
progress step=369450 round=35/40 episode=25/30 sample=zero_boundary_048 soc=0.3555 fc=40
progress step=369500 round=35/40 episode=25/30 sample=zero_boundary_048 soc=0.2001 fc=570
progress step=369550 round=35/40 episode=25/30 sample=zero_boundary_048 soc=0.2000 fc=140
progress step=369600 round=35/40 episode=25/30 sample=zero_boundary_048 soc=0.2003 fc=280
progress step=369650 round=35/40 episode=26/30 sample=zero_boundary_049 soc=0.5853 fc=0
progress step=369700 round=35/40 episode=26/30 sample=zero_boundary_049 soc=0.3989 fc=90
progress step=369750 round=35/40 episode=26/30 sample=zero_boundary_049 soc=0.2012 fc=210
progress step=369800 round=35/40 episode=26/30 sample=zero_boundary_049 soc=0.2005 fc=370
progress step=369850 round=35/40 episode=26/30 sample=zero_boundary_049 soc=0.2001 fc=460
progress step=369900 round=35/40 episode=27/30 sample=zero_boundary_050 soc=0.6033 fc=340
progress step=369950 round=35/40 episode=27/30 sample=zero_boundary_050 soc=0.3945 fc=0
progress step=370000 round=35/40 episode=27/30 sample=zero_boundary_050 soc=0.2009 fc=520
progress step=370050 round=35/40 episode=28/30 sample=zero_boundary_051 soc=0.6052 fc=30
progress step=370100 round=35/40 episode=28/30 sample=zero_boundary_051 soc=0.4678 fc=0
progress step=370150 round=35/40 episode=28/30 sample=zero_boundary_051 soc=0.2901 fc=130
progress step=370200 round=35/40 episode=29/30 sample=zero_boundary_052 soc=0.6006 fc=160
progress step=370250 round=35/40 episode=29/30 sample=zero_boundary_052 soc=0.4310 fc=0
progress step=370300 round=35/40 episode=30/30 sample=zero_boundary_053 soc=0.6041 fc=0
progress step=370350 round=35/40 episode=30/30 sample=zero_boundary_053 soc=0.4166 fc=0
progress step=370400 round=35/40 episode=30/30 sample=zero_boundary_053 soc=0.2013 fc=400
progress step=370450 round=35/40 episode=30/30 sample=zero_boundary_053 soc=0.2018 fc=200
progress step=370500 round=35/40 episode=30/30 sample=zero_boundary_053 soc=0.2071 fc=560
round 35/40 exploratory=12/30 greedy_train start
MONITOR round=35 exploratory=12/30 greedy_train=10/30 validation=SKIPPED cost=None updates=9312 best_round=7
round 36/40 start epsilon=0.1474
progress step=370550 round=36/40 episode=1/30 sample=zero_boundary_002 soc=0.5949 fc=0
progress step=370600 round=36/40 episode=1/30 sample=zero_boundary_002 soc=0.4239 fc=0
progress step=370650 round=36/40 episode=2/30 sample=zero_boundary_005 soc=0.5826 fc=0
progress step=370700 round=36/40 episode=2/30 sample=zero_boundary_005 soc=0.3689 fc=0
progress step=370750 round=36/40 episode=3/30 sample=zero_boundary_006 soc=0.6051 fc=0
progress step=370800 round=36/40 episode=3/30 sample=zero_boundary_006 soc=0.5138 fc=0
progress step=370850 round=36/40 episode=3/30 sample=zero_boundary_006 soc=0.4605 fc=220
progress step=370900 round=36/40 episode=3/30 sample=zero_boundary_006 soc=0.4049 fc=0
progress step=370950 round=36/40 episode=3/30 sample=zero_boundary_006 soc=0.3497 fc=0
progress step=371000 round=36/40 episode=3/30 sample=zero_boundary_006 soc=0.2609 fc=0
progress step=371050 round=36/40 episode=3/30 sample=zero_boundary_006 soc=0.2101 fc=30
progress step=371100 round=36/40 episode=4/30 sample=zero_boundary_007 soc=0.5685 fc=0
progress step=371150 round=36/40 episode=4/30 sample=zero_boundary_007 soc=0.2999 fc=0
progress step=371200 round=36/40 episode=4/30 sample=zero_boundary_007 soc=0.2001 fc=530
progress step=371250 round=36/40 episode=4/30 sample=zero_boundary_007 soc=0.2035 fc=140
progress step=371300 round=36/40 episode=4/30 sample=zero_boundary_007 soc=0.2025 fc=600
progress step=371350 round=36/40 episode=4/30 sample=zero_boundary_007 soc=0.2015 fc=0
progress step=371400 round=36/40 episode=5/30 sample=zero_boundary_008 soc=0.4366 fc=30
progress step=371450 round=36/40 episode=6/30 sample=zero_boundary_011 soc=0.6169 fc=30
progress step=371500 round=36/40 episode=6/30 sample=zero_boundary_011 soc=0.5491 fc=30
progress step=371550 round=36/40 episode=6/30 sample=zero_boundary_011 soc=0.2610 fc=30
progress step=371600 round=36/40 episode=6/30 sample=zero_boundary_011 soc=0.2001 fc=580
progress step=371650 round=36/40 episode=7/30 sample=zero_boundary_013 soc=0.6072 fc=30
progress step=371700 round=36/40 episode=7/30 sample=zero_boundary_013 soc=0.5650 fc=540
progress step=371750 round=36/40 episode=7/30 sample=zero_boundary_013 soc=0.3928 fc=170
progress step=371800 round=36/40 episode=8/30 sample=zero_boundary_015 soc=0.6005 fc=30
progress step=371850 round=36/40 episode=8/30 sample=zero_boundary_015 soc=0.4570 fc=330
progress step=371900 round=36/40 episode=8/30 sample=zero_boundary_015 soc=0.2635 fc=30
progress step=371950 round=36/40 episode=9/30 sample=zero_boundary_016 soc=0.6078 fc=30
progress step=372000 round=36/40 episode=9/30 sample=zero_boundary_016 soc=0.4401 fc=30
progress step=372050 round=36/40 episode=10/30 sample=zero_boundary_017 soc=0.5454 fc=480
progress step=372100 round=36/40 episode=11/30 sample=zero_boundary_020 soc=0.6011 fc=30
progress step=372150 round=36/40 episode=11/30 sample=zero_boundary_020 soc=0.4727 fc=30
progress step=372200 round=36/40 episode=11/30 sample=zero_boundary_020 soc=0.3458 fc=30
progress step=372250 round=36/40 episode=12/30 sample=zero_boundary_021 soc=0.6064 fc=0
progress step=372300 round=36/40 episode=12/30 sample=zero_boundary_021 soc=0.5089 fc=0
progress step=372350 round=36/40 episode=12/30 sample=zero_boundary_021 soc=0.2482 fc=30
progress step=372400 round=36/40 episode=12/30 sample=zero_boundary_021 soc=0.2003 fc=460
progress step=372450 round=36/40 episode=13/30 sample=zero_boundary_022 soc=0.6033 fc=0
progress step=372500 round=36/40 episode=13/30 sample=zero_boundary_022 soc=0.4642 fc=0
progress step=372550 round=36/40 episode=13/30 sample=zero_boundary_022 soc=0.2579 fc=0
progress step=372600 round=36/40 episode=13/30 sample=zero_boundary_022 soc=0.2004 fc=30
progress step=372650 round=36/40 episode=14/30 sample=zero_boundary_029 soc=0.6019 fc=340
progress step=372700 round=36/40 episode=14/30 sample=zero_boundary_029 soc=0.5127 fc=580
progress step=372750 round=36/40 episode=14/30 sample=zero_boundary_029 soc=0.3149 fc=30
progress step=372800 round=36/40 episode=14/30 sample=zero_boundary_029 soc=0.2016 fc=270
progress step=372850 round=36/40 episode=14/30 sample=zero_boundary_029 soc=0.2033 fc=30
progress step=372900 round=36/40 episode=14/30 sample=zero_boundary_029 soc=0.2003 fc=240
progress step=372950 round=36/40 episode=14/30 sample=zero_boundary_029 soc=0.2000 fc=260
progress step=373000 round=36/40 episode=14/30 sample=zero_boundary_029 soc=0.2080 fc=0
progress step=373050 round=36/40 episode=14/30 sample=zero_boundary_029 soc=0.2340 fc=30
progress step=373100 round=36/40 episode=14/30 sample=zero_boundary_029 soc=0.2755 fc=30
progress step=373150 round=36/40 episode=14/30 sample=zero_boundary_029 soc=0.3209 fc=80
progress step=373200 round=36/40 episode=14/30 sample=zero_boundary_029 soc=0.3485 fc=30
progress step=373250 round=36/40 episode=14/30 sample=zero_boundary_029 soc=0.4099 fc=30
progress step=373300 round=36/40 episode=14/30 sample=zero_boundary_029 soc=0.4680 fc=30
progress step=373350 round=36/40 episode=14/30 sample=zero_boundary_029 soc=0.5102 fc=30
progress step=373400 round=36/40 episode=14/30 sample=zero_boundary_029 soc=0.5410 fc=30
progress step=373450 round=36/40 episode=14/30 sample=zero_boundary_029 soc=0.5742 fc=30
progress step=373500 round=36/40 episode=14/30 sample=zero_boundary_029 soc=0.6117 fc=30
progress step=373550 round=36/40 episode=14/30 sample=zero_boundary_029 soc=0.5669 fc=30
progress step=373600 round=36/40 episode=14/30 sample=zero_boundary_029 soc=0.4633 fc=30
progress step=373650 round=36/40 episode=14/30 sample=zero_boundary_029 soc=0.3181 fc=30
progress step=373700 round=36/40 episode=15/30 sample=zero_boundary_033 soc=0.5997 fc=0
progress step=373750 round=36/40 episode=15/30 sample=zero_boundary_033 soc=0.5291 fc=0
progress step=373800 round=36/40 episode=15/30 sample=zero_boundary_033 soc=0.3412 fc=30
progress step=373850 round=36/40 episode=15/30 sample=zero_boundary_033 soc=0.2007 fc=80
progress step=373900 round=36/40 episode=15/30 sample=zero_boundary_033 soc=0.2003 fc=150
progress step=373950 round=36/40 episode=15/30 sample=zero_boundary_033 soc=0.2014 fc=410
progress step=374000 round=36/40 episode=15/30 sample=zero_boundary_033 soc=0.2013 fc=400
progress step=374050 round=36/40 episode=15/30 sample=zero_boundary_033 soc=0.2156 fc=0
progress step=374100 round=36/40 episode=15/30 sample=zero_boundary_033 soc=0.2301 fc=0
progress step=374150 round=36/40 episode=15/30 sample=zero_boundary_033 soc=0.2526 fc=0
progress step=374200 round=36/40 episode=15/30 sample=zero_boundary_033 soc=0.2775 fc=0
progress step=374250 round=36/40 episode=15/30 sample=zero_boundary_033 soc=0.2953 fc=0
progress step=374300 round=36/40 episode=15/30 sample=zero_boundary_033 soc=0.3210 fc=30
progress step=374350 round=36/40 episode=15/30 sample=zero_boundary_033 soc=0.3390 fc=0
progress step=374400 round=36/40 episode=15/30 sample=zero_boundary_033 soc=0.3644 fc=0
progress step=374450 round=36/40 episode=15/30 sample=zero_boundary_033 soc=0.3775 fc=550
progress step=374500 round=36/40 episode=15/30 sample=zero_boundary_033 soc=0.4123 fc=0
progress step=374550 round=36/40 episode=15/30 sample=zero_boundary_033 soc=0.4295 fc=0
progress step=374600 round=36/40 episode=15/30 sample=zero_boundary_033 soc=0.4536 fc=40
progress step=374650 round=36/40 episode=15/30 sample=zero_boundary_033 soc=0.5962 fc=0
progress step=374700 round=36/40 episode=16/30 sample=zero_boundary_034 soc=0.6206 fc=0
progress step=374750 round=36/40 episode=16/30 sample=zero_boundary_034 soc=0.6563 fc=0
progress step=374800 round=36/40 episode=16/30 sample=zero_boundary_034 soc=0.6901 fc=0
progress step=374850 round=36/40 episode=16/30 sample=zero_boundary_034 soc=0.7425 fc=0
progress step=374900 round=36/40 episode=16/30 sample=zero_boundary_034 soc=0.7790 fc=0
progress step=374950 round=36/40 episode=16/30 sample=zero_boundary_034 soc=0.8000 fc=0
progress step=375000 round=36/40 episode=16/30 sample=zero_boundary_034 soc=0.8000 fc=0
progress step=375050 round=36/40 episode=16/30 sample=zero_boundary_034 soc=0.8000 fc=0
progress step=375100 round=36/40 episode=16/30 sample=zero_boundary_034 soc=0.8000 fc=0
progress step=375150 round=36/40 episode=16/30 sample=zero_boundary_034 soc=0.8000 fc=0
progress step=375200 round=36/40 episode=16/30 sample=zero_boundary_034 soc=0.8000 fc=0
progress step=375250 round=36/40 episode=16/30 sample=zero_boundary_034 soc=0.8000 fc=0
progress step=375300 round=36/40 episode=16/30 sample=zero_boundary_034 soc=0.8000 fc=0
progress step=375350 round=36/40 episode=16/30 sample=zero_boundary_034 soc=0.8000 fc=0
progress step=375400 round=36/40 episode=16/30 sample=zero_boundary_034 soc=0.8000 fc=0
progress step=375450 round=36/40 episode=16/30 sample=zero_boundary_034 soc=0.8000 fc=0
progress step=375500 round=36/40 episode=16/30 sample=zero_boundary_034 soc=0.8000 fc=0
progress step=375550 round=36/40 episode=16/30 sample=zero_boundary_034 soc=0.7915 fc=0
progress step=375600 round=36/40 episode=16/30 sample=zero_boundary_034 soc=0.7685 fc=0
progress step=375650 round=36/40 episode=16/30 sample=zero_boundary_034 soc=0.6688 fc=0
progress step=375700 round=36/40 episode=16/30 sample=zero_boundary_034 soc=0.5680 fc=0
progress step=375750 round=36/40 episode=16/30 sample=zero_boundary_034 soc=0.4412 fc=0
progress step=375800 round=36/40 episode=16/30 sample=zero_boundary_034 soc=0.3859 fc=0
progress step=375850 round=36/40 episode=16/30 sample=zero_boundary_034 soc=0.4038 fc=0
progress step=375900 round=36/40 episode=16/30 sample=zero_boundary_034 soc=0.4187 fc=220
progress step=375950 round=36/40 episode=16/30 sample=zero_boundary_034 soc=0.4412 fc=0
progress step=376000 round=36/40 episode=16/30 sample=zero_boundary_034 soc=0.4742 fc=0
progress step=376050 round=36/40 episode=16/30 sample=zero_boundary_034 soc=0.5027 fc=0
progress step=376100 round=36/40 episode=16/30 sample=zero_boundary_034 soc=0.5202 fc=0
progress step=376150 round=36/40 episode=16/30 sample=zero_boundary_034 soc=0.5488 fc=0
progress step=376200 round=36/40 episode=16/30 sample=zero_boundary_034 soc=0.5550 fc=0
progress step=376250 round=36/40 episode=16/30 sample=zero_boundary_034 soc=0.5791 fc=100
progress step=376300 round=36/40 episode=16/30 sample=zero_boundary_034 soc=0.6173 fc=0
progress step=376350 round=36/40 episode=17/30 sample=zero_boundary_037 soc=0.5479 fc=0
progress step=376400 round=36/40 episode=17/30 sample=zero_boundary_037 soc=0.4108 fc=0
progress step=376450 round=36/40 episode=17/30 sample=zero_boundary_037 soc=0.2704 fc=0
progress step=376500 round=36/40 episode=17/30 sample=zero_boundary_037 soc=0.2000 fc=250
progress step=376550 round=36/40 episode=17/30 sample=zero_boundary_037 soc=0.2004 fc=240
progress step=376600 round=36/40 episode=18/30 sample=zero_boundary_038 soc=0.6010 fc=0
progress step=376650 round=36/40 episode=18/30 sample=zero_boundary_038 soc=0.4231 fc=0
progress step=376700 round=36/40 episode=18/30 sample=zero_boundary_038 soc=0.2001 fc=240
progress step=376750 round=36/40 episode=18/30 sample=zero_boundary_038 soc=0.2001 fc=380
progress step=376800 round=36/40 episode=19/30 sample=zero_boundary_040 soc=0.4437 fc=0
progress step=376850 round=36/40 episode=19/30 sample=zero_boundary_040 soc=0.2000 fc=530
progress step=376900 round=36/40 episode=19/30 sample=zero_boundary_040 soc=0.2001 fc=530
progress step=376950 round=36/40 episode=19/30 sample=zero_boundary_040 soc=0.2189 fc=0
progress step=377000 round=36/40 episode=19/30 sample=zero_boundary_040 soc=0.2000 fc=380
progress step=377050 round=36/40 episode=20/30 sample=zero_boundary_041 soc=0.4972 fc=0
progress step=377100 round=36/40 episode=20/30 sample=zero_boundary_041 soc=0.2141 fc=0
progress step=377150 round=36/40 episode=21/30 sample=zero_boundary_042 soc=0.5906 fc=0
progress step=377200 round=36/40 episode=21/30 sample=zero_boundary_042 soc=0.3164 fc=290
progress step=377250 round=36/40 episode=22/30 sample=zero_boundary_044 soc=0.5850 fc=0
progress step=377300 round=36/40 episode=22/30 sample=zero_boundary_044 soc=0.3874 fc=590
progress step=377350 round=36/40 episode=23/30 sample=zero_boundary_045 soc=0.6002 fc=160
progress step=377400 round=36/40 episode=23/30 sample=zero_boundary_045 soc=0.4380 fc=0
progress step=377450 round=36/40 episode=23/30 sample=zero_boundary_045 soc=0.2001 fc=430
progress step=377500 round=36/40 episode=24/30 sample=zero_boundary_046 soc=0.5966 fc=0
progress step=377550 round=36/40 episode=24/30 sample=zero_boundary_046 soc=0.3058 fc=0
progress step=377600 round=36/40 episode=24/30 sample=zero_boundary_046 soc=0.2002 fc=580
progress step=377650 round=36/40 episode=25/30 sample=zero_boundary_048 soc=0.4597 fc=0
progress step=377700 round=36/40 episode=25/30 sample=zero_boundary_048 soc=0.2000 fc=530
progress step=377750 round=36/40 episode=25/30 sample=zero_boundary_048 soc=0.2001 fc=190
progress step=377800 round=36/40 episode=25/30 sample=zero_boundary_048 soc=0.2001 fc=260
progress step=377850 round=36/40 episode=26/30 sample=zero_boundary_049 soc=0.5979 fc=500
progress step=377900 round=36/40 episode=26/30 sample=zero_boundary_049 soc=0.4802 fc=0
progress step=377950 round=36/40 episode=26/30 sample=zero_boundary_049 soc=0.2893 fc=140
progress step=378000 round=36/40 episode=26/30 sample=zero_boundary_049 soc=0.2001 fc=310
progress step=378050 round=36/40 episode=26/30 sample=zero_boundary_049 soc=0.2000 fc=290
progress step=378100 round=36/40 episode=26/30 sample=zero_boundary_049 soc=0.2032 fc=0
progress step=378150 round=36/40 episode=27/30 sample=zero_boundary_050 soc=0.5330 fc=0
progress step=378200 round=36/40 episode=27/30 sample=zero_boundary_050 soc=0.2012 fc=430
progress step=378250 round=36/40 episode=27/30 sample=zero_boundary_050 soc=0.2018 fc=410
progress step=378300 round=36/40 episode=28/30 sample=zero_boundary_051 soc=0.5127 fc=0
progress step=378350 round=36/40 episode=28/30 sample=zero_boundary_051 soc=0.3289 fc=0
progress step=378400 round=36/40 episode=28/30 sample=zero_boundary_051 soc=0.2004 fc=30
progress step=378450 round=36/40 episode=29/30 sample=zero_boundary_052 soc=0.5722 fc=0
progress step=378500 round=36/40 episode=30/30 sample=zero_boundary_053 soc=0.6000 fc=0
progress step=378550 round=36/40 episode=30/30 sample=zero_boundary_053 soc=0.5326 fc=0
progress step=378600 round=36/40 episode=30/30 sample=zero_boundary_053 soc=0.2627 fc=0
progress step=378650 round=36/40 episode=30/30 sample=zero_boundary_053 soc=0.2003 fc=30
progress step=378700 round=36/40 episode=30/30 sample=zero_boundary_053 soc=0.2004 fc=250
progress step=378750 round=36/40 episode=30/30 sample=zero_boundary_053 soc=0.2003 fc=0
round 36/40 exploratory=11/30 greedy_train start
MONITOR round=36 exploratory=11/30 greedy_train=10/30 validation=SKIPPED cost=None updates=9488 best_round=7
round 37/40 start epsilon=0.1231
progress step=378800 round=37/40 episode=1/30 sample=zero_boundary_002 soc=0.5561 fc=0
progress step=378850 round=37/40 episode=2/30 sample=zero_boundary_005 soc=0.5992 fc=0
progress step=378900 round=37/40 episode=2/30 sample=zero_boundary_005 soc=0.4731 fc=0
progress step=378950 round=37/40 episode=3/30 sample=zero_boundary_006 soc=0.5989 fc=0
progress step=379000 round=37/40 episode=3/30 sample=zero_boundary_006 soc=0.5557 fc=0
progress step=379050 round=37/40 episode=3/30 sample=zero_boundary_006 soc=0.4944 fc=0
progress step=379100 round=37/40 episode=3/30 sample=zero_boundary_006 soc=0.4539 fc=0
progress step=379150 round=37/40 episode=3/30 sample=zero_boundary_006 soc=0.3994 fc=30
progress step=379200 round=37/40 episode=3/30 sample=zero_boundary_006 soc=0.3158 fc=0
progress step=379250 round=37/40 episode=3/30 sample=zero_boundary_006 soc=0.2261 fc=0
progress step=379300 round=37/40 episode=4/30 sample=zero_boundary_007 soc=0.6143 fc=30
progress step=379350 round=37/40 episode=4/30 sample=zero_boundary_007 soc=0.4044 fc=30
progress step=379400 round=37/40 episode=4/30 sample=zero_boundary_007 soc=0.2153 fc=30
progress step=379450 round=37/40 episode=4/30 sample=zero_boundary_007 soc=0.2060 fc=30
progress step=379500 round=37/40 episode=4/30 sample=zero_boundary_007 soc=0.2000 fc=380
progress step=379550 round=37/40 episode=4/30 sample=zero_boundary_007 soc=0.2004 fc=370
progress step=379600 round=37/40 episode=5/30 sample=zero_boundary_008 soc=0.5921 fc=30
progress step=379650 round=37/40 episode=6/30 sample=zero_boundary_011 soc=0.6020 fc=30
progress step=379700 round=37/40 episode=6/30 sample=zero_boundary_011 soc=0.6003 fc=30
progress step=379750 round=37/40 episode=6/30 sample=zero_boundary_011 soc=0.3484 fc=30
progress step=379800 round=37/40 episode=6/30 sample=zero_boundary_011 soc=0.2002 fc=530
progress step=379850 round=37/40 episode=7/30 sample=zero_boundary_013 soc=0.6011 fc=30
progress step=379900 round=37/40 episode=7/30 sample=zero_boundary_013 soc=0.5969 fc=30
progress step=379950 round=37/40 episode=7/30 sample=zero_boundary_013 soc=0.4342 fc=30
progress step=380000 round=37/40 episode=7/30 sample=zero_boundary_013 soc=0.2342 fc=30
progress step=380050 round=37/40 episode=8/30 sample=zero_boundary_015 soc=0.5209 fc=30
progress step=380100 round=37/40 episode=8/30 sample=zero_boundary_015 soc=0.3391 fc=30
progress step=380150 round=37/40 episode=9/30 sample=zero_boundary_016 soc=0.6258 fc=30
progress step=380200 round=37/40 episode=9/30 sample=zero_boundary_016 soc=0.5289 fc=30
progress step=380250 round=37/40 episode=10/30 sample=zero_boundary_017 soc=0.6004 fc=30
progress step=380300 round=37/40 episode=10/30 sample=zero_boundary_017 soc=0.3583 fc=30
progress step=380350 round=37/40 episode=11/30 sample=zero_boundary_020 soc=0.5418 fc=30
progress step=380400 round=37/40 episode=11/30 sample=zero_boundary_020 soc=0.3795 fc=30
progress step=380450 round=37/40 episode=12/30 sample=zero_boundary_021 soc=0.6009 fc=0
progress step=380500 round=37/40 episode=12/30 sample=zero_boundary_021 soc=0.5561 fc=0
progress step=380550 round=37/40 episode=12/30 sample=zero_boundary_021 soc=0.3103 fc=0
progress step=380600 round=37/40 episode=12/30 sample=zero_boundary_021 soc=0.2001 fc=530
progress step=380650 round=37/40 episode=12/30 sample=zero_boundary_021 soc=0.2001 fc=40
progress step=380700 round=37/40 episode=13/30 sample=zero_boundary_022 soc=0.5299 fc=0
progress step=380750 round=37/40 episode=13/30 sample=zero_boundary_022 soc=0.2820 fc=0
progress step=380800 round=37/40 episode=13/30 sample=zero_boundary_022 soc=0.2007 fc=540
progress step=380850 round=37/40 episode=14/30 sample=zero_boundary_029 soc=0.6000 fc=0
progress step=380900 round=37/40 episode=14/30 sample=zero_boundary_029 soc=0.5225 fc=0
progress step=380950 round=37/40 episode=14/30 sample=zero_boundary_029 soc=0.3327 fc=0
progress step=381000 round=37/40 episode=14/30 sample=zero_boundary_029 soc=0.2003 fc=370
progress step=381050 round=37/40 episode=14/30 sample=zero_boundary_029 soc=0.2043 fc=0
progress step=381100 round=37/40 episode=14/30 sample=zero_boundary_029 soc=0.2001 fc=190
progress step=381150 round=37/40 episode=14/30 sample=zero_boundary_029 soc=0.2003 fc=240
progress step=381200 round=37/40 episode=14/30 sample=zero_boundary_029 soc=0.2002 fc=0
progress step=381250 round=37/40 episode=14/30 sample=zero_boundary_029 soc=0.2168 fc=0
progress step=381300 round=37/40 episode=14/30 sample=zero_boundary_029 soc=0.2315 fc=0
progress step=381350 round=37/40 episode=14/30 sample=zero_boundary_029 soc=0.2608 fc=0
progress step=381400 round=37/40 episode=14/30 sample=zero_boundary_029 soc=0.2796 fc=0
progress step=381450 round=37/40 episode=14/30 sample=zero_boundary_029 soc=0.3197 fc=0
progress step=381500 round=37/40 episode=14/30 sample=zero_boundary_029 soc=0.3235 fc=0
progress step=381550 round=37/40 episode=14/30 sample=zero_boundary_029 soc=0.3338 fc=0
progress step=381600 round=37/40 episode=14/30 sample=zero_boundary_029 soc=0.3458 fc=0
progress step=381650 round=37/40 episode=14/30 sample=zero_boundary_029 soc=0.3623 fc=0
progress step=381700 round=37/40 episode=14/30 sample=zero_boundary_029 soc=0.3857 fc=0
progress step=381750 round=37/40 episode=14/30 sample=zero_boundary_029 soc=0.5781 fc=350
progress step=381800 round=37/40 episode=14/30 sample=zero_boundary_029 soc=0.4133 fc=0
progress step=381850 round=37/40 episode=14/30 sample=zero_boundary_029 soc=0.2877 fc=0
progress step=381900 round=37/40 episode=14/30 sample=zero_boundary_029 soc=0.2000 fc=30
progress step=381950 round=37/40 episode=15/30 sample=zero_boundary_033 soc=0.5874 fc=0
progress step=382000 round=37/40 episode=15/30 sample=zero_boundary_033 soc=0.4246 fc=0
progress step=382050 round=37/40 episode=15/30 sample=zero_boundary_033 soc=0.2004 fc=120
progress step=382100 round=37/40 episode=15/30 sample=zero_boundary_033 soc=0.2002 fc=530
progress step=382150 round=37/40 episode=15/30 sample=zero_boundary_033 soc=0.2291 fc=120
progress step=382200 round=37/40 episode=15/30 sample=zero_boundary_033 soc=0.2001 fc=530
progress step=382250 round=37/40 episode=15/30 sample=zero_boundary_033 soc=0.2001 fc=30
progress step=382300 round=37/40 episode=15/30 sample=zero_boundary_033 soc=0.2210 fc=0
progress step=382350 round=37/40 episode=15/30 sample=zero_boundary_033 soc=0.2390 fc=0
progress step=382400 round=37/40 episode=15/30 sample=zero_boundary_033 soc=0.2562 fc=0
progress step=382450 round=37/40 episode=15/30 sample=zero_boundary_033 soc=0.2921 fc=0
progress step=382500 round=37/40 episode=15/30 sample=zero_boundary_033 soc=0.3406 fc=0
progress step=382550 round=37/40 episode=15/30 sample=zero_boundary_033 soc=0.3723 fc=0
progress step=382600 round=37/40 episode=15/30 sample=zero_boundary_033 soc=0.3905 fc=0
progress step=382650 round=37/40 episode=15/30 sample=zero_boundary_033 soc=0.4126 fc=0
progress step=382700 round=37/40 episode=15/30 sample=zero_boundary_033 soc=0.4184 fc=0
progress step=382750 round=37/40 episode=15/30 sample=zero_boundary_033 soc=0.4178 fc=0
progress step=382800 round=37/40 episode=15/30 sample=zero_boundary_033 soc=0.4209 fc=0
progress step=382850 round=37/40 episode=15/30 sample=zero_boundary_033 soc=0.4352 fc=470
progress step=382900 round=37/40 episode=16/30 sample=zero_boundary_034 soc=0.6098 fc=30
progress step=382950 round=37/40 episode=16/30 sample=zero_boundary_034 soc=0.6345 fc=0
progress step=383000 round=37/40 episode=16/30 sample=zero_boundary_034 soc=0.6656 fc=50
progress step=383050 round=37/40 episode=16/30 sample=zero_boundary_034 soc=0.6879 fc=140
progress step=383100 round=37/40 episode=16/30 sample=zero_boundary_034 soc=0.6927 fc=0
progress step=383150 round=37/40 episode=16/30 sample=zero_boundary_034 soc=0.7205 fc=0
progress step=383200 round=37/40 episode=16/30 sample=zero_boundary_034 soc=0.7775 fc=30
progress step=383250 round=37/40 episode=16/30 sample=zero_boundary_034 soc=0.7998 fc=0
progress step=383300 round=37/40 episode=16/30 sample=zero_boundary_034 soc=0.7999 fc=0
progress step=383350 round=37/40 episode=16/30 sample=zero_boundary_034 soc=0.7999 fc=0
progress step=383400 round=37/40 episode=16/30 sample=zero_boundary_034 soc=0.7999 fc=0
progress step=383450 round=37/40 episode=16/30 sample=zero_boundary_034 soc=0.7999 fc=0
progress step=383500 round=37/40 episode=16/30 sample=zero_boundary_034 soc=0.7999 fc=0
progress step=383550 round=37/40 episode=16/30 sample=zero_boundary_034 soc=0.7999 fc=0
progress step=383600 round=37/40 episode=16/30 sample=zero_boundary_034 soc=0.7999 fc=0
progress step=383650 round=37/40 episode=16/30 sample=zero_boundary_034 soc=0.7999 fc=0
progress step=383700 round=37/40 episode=16/30 sample=zero_boundary_034 soc=0.7999 fc=0
progress step=383750 round=37/40 episode=16/30 sample=zero_boundary_034 soc=0.7989 fc=0
progress step=383800 round=37/40 episode=16/30 sample=zero_boundary_034 soc=0.7808 fc=0
progress step=383850 round=37/40 episode=16/30 sample=zero_boundary_034 soc=0.7173 fc=0
progress step=383900 round=37/40 episode=16/30 sample=zero_boundary_034 soc=0.6264 fc=0
progress step=383950 round=37/40 episode=16/30 sample=zero_boundary_034 soc=0.5161 fc=0
progress step=384000 round=37/40 episode=16/30 sample=zero_boundary_034 soc=0.3601 fc=0
progress step=384050 round=37/40 episode=16/30 sample=zero_boundary_034 soc=0.3388 fc=0
progress step=384100 round=37/40 episode=16/30 sample=zero_boundary_034 soc=0.3602 fc=0
progress step=384150 round=37/40 episode=16/30 sample=zero_boundary_034 soc=0.3787 fc=250
progress step=384200 round=37/40 episode=16/30 sample=zero_boundary_034 soc=0.4054 fc=0
progress step=384250 round=37/40 episode=16/30 sample=zero_boundary_034 soc=0.4293 fc=0
progress step=384300 round=37/40 episode=16/30 sample=zero_boundary_034 soc=0.4556 fc=0
progress step=384350 round=37/40 episode=16/30 sample=zero_boundary_034 soc=0.5169 fc=0
progress step=384400 round=37/40 episode=16/30 sample=zero_boundary_034 soc=0.5390 fc=0
progress step=384450 round=37/40 episode=16/30 sample=zero_boundary_034 soc=0.5680 fc=0
progress step=384500 round=37/40 episode=16/30 sample=zero_boundary_034 soc=0.5886 fc=0
progress step=384550 round=37/40 episode=17/30 sample=zero_boundary_037 soc=0.5974 fc=0
progress step=384600 round=37/40 episode=17/30 sample=zero_boundary_037 soc=0.4709 fc=0
progress step=384650 round=37/40 episode=17/30 sample=zero_boundary_037 soc=0.3292 fc=0
progress step=384700 round=37/40 episode=17/30 sample=zero_boundary_037 soc=0.2048 fc=30
progress step=384750 round=37/40 episode=17/30 sample=zero_boundary_037 soc=0.2003 fc=380
progress step=384800 round=37/40 episode=17/30 sample=zero_boundary_037 soc=0.2003 fc=600
progress step=384850 round=37/40 episode=18/30 sample=zero_boundary_038 soc=0.5028 fc=0
progress step=384900 round=37/40 episode=18/30 sample=zero_boundary_038 soc=0.2515 fc=0
progress step=384950 round=37/40 episode=18/30 sample=zero_boundary_038 soc=0.2001 fc=390
progress step=385000 round=37/40 episode=19/30 sample=zero_boundary_040 soc=0.5635 fc=0
progress step=385050 round=37/40 episode=19/30 sample=zero_boundary_040 soc=0.3169 fc=0
progress step=385100 round=37/40 episode=19/30 sample=zero_boundary_040 soc=0.2000 fc=150
progress step=385150 round=37/40 episode=19/30 sample=zero_boundary_040 soc=0.2046 fc=30
progress step=385200 round=37/40 episode=19/30 sample=zero_boundary_040 soc=0.2000 fc=390
progress step=385250 round=37/40 episode=20/30 sample=zero_boundary_041 soc=0.5601 fc=0
progress step=385300 round=37/40 episode=20/30 sample=zero_boundary_041 soc=0.3020 fc=0
progress step=385350 round=37/40 episode=21/30 sample=zero_boundary_042 soc=0.6045 fc=0
progress step=385400 round=37/40 episode=21/30 sample=zero_boundary_042 soc=0.4435 fc=0
progress step=385450 round=37/40 episode=21/30 sample=zero_boundary_042 soc=0.2000 fc=600
progress step=385500 round=37/40 episode=22/30 sample=zero_boundary_044 soc=0.4759 fc=0
progress step=385550 round=37/40 episode=23/30 sample=zero_boundary_045 soc=0.5999 fc=0
progress step=385600 round=37/40 episode=23/30 sample=zero_boundary_045 soc=0.4864 fc=0
progress step=385650 round=37/40 episode=23/30 sample=zero_boundary_045 soc=0.2476 fc=0
progress step=385700 round=37/40 episode=24/30 sample=zero_boundary_046 soc=0.6052 fc=70
progress step=385750 round=37/40 episode=24/30 sample=zero_boundary_046 soc=0.3704 fc=0
progress step=385800 round=37/40 episode=24/30 sample=zero_boundary_046 soc=0.2003 fc=560
progress step=385850 round=37/40 episode=25/30 sample=zero_boundary_048 soc=0.5269 fc=0
progress step=385900 round=37/40 episode=25/30 sample=zero_boundary_048 soc=0.2001 fc=520
progress step=385950 round=37/40 episode=25/30 sample=zero_boundary_048 soc=0.2003 fc=520
progress step=386000 round=37/40 episode=25/30 sample=zero_boundary_048 soc=0.2007 fc=330
progress step=386050 round=37/40 episode=26/30 sample=zero_boundary_049 soc=0.6000 fc=0
progress step=386100 round=37/40 episode=26/30 sample=zero_boundary_049 soc=0.5000 fc=0
progress step=386150 round=37/40 episode=26/30 sample=zero_boundary_049 soc=0.2978 fc=0
progress step=386200 round=37/40 episode=26/30 sample=zero_boundary_049 soc=0.2000 fc=350
progress step=386250 round=37/40 episode=26/30 sample=zero_boundary_049 soc=0.2005 fc=240
progress step=386300 round=37/40 episode=26/30 sample=zero_boundary_049 soc=0.2002 fc=70
progress step=386350 round=37/40 episode=27/30 sample=zero_boundary_050 soc=0.5699 fc=0
progress step=386400 round=37/40 episode=27/30 sample=zero_boundary_050 soc=0.2435 fc=0
progress step=386450 round=37/40 episode=27/30 sample=zero_boundary_050 soc=0.2006 fc=430
progress step=386500 round=37/40 episode=28/30 sample=zero_boundary_051 soc=0.5503 fc=0
progress step=386550 round=37/40 episode=28/30 sample=zero_boundary_051 soc=0.3687 fc=0
progress step=386600 round=37/40 episode=28/30 sample=zero_boundary_051 soc=0.2029 fc=0
progress step=386650 round=37/40 episode=29/30 sample=zero_boundary_052 soc=0.5945 fc=0
progress step=386700 round=37/40 episode=29/30 sample=zero_boundary_052 soc=0.2502 fc=0
progress step=386750 round=37/40 episode=30/30 sample=zero_boundary_053 soc=0.5462 fc=0
progress step=386800 round=37/40 episode=30/30 sample=zero_boundary_053 soc=0.2629 fc=0
progress step=386850 round=37/40 episode=30/30 sample=zero_boundary_053 soc=0.2003 fc=240
progress step=386900 round=37/40 episode=30/30 sample=zero_boundary_053 soc=0.2002 fc=270
progress step=386950 round=37/40 episode=30/30 sample=zero_boundary_053 soc=0.2024 fc=0
round 37/40 exploratory=11/30 greedy_train start
MONITOR round=37 exploratory=11/30 greedy_train=10/30 validation=SKIPPED cost=None updates=9664 best_round=7
round 38/40 start epsilon=0.0987
progress step=387000 round=38/40 episode=1/30 sample=zero_boundary_002 soc=0.5719 fc=0
progress step=387050 round=38/40 episode=2/30 sample=zero_boundary_005 soc=0.6000 fc=0
progress step=387100 round=38/40 episode=2/30 sample=zero_boundary_005 soc=0.5236 fc=0
progress step=387150 round=38/40 episode=2/30 sample=zero_boundary_005 soc=0.2003 fc=80
progress step=387200 round=38/40 episode=2/30 sample=zero_boundary_005 soc=0.2003 fc=520
progress step=387250 round=38/40 episode=2/30 sample=zero_boundary_005 soc=0.2009 fc=450
progress step=387300 round=38/40 episode=2/30 sample=zero_boundary_005 soc=0.2015 fc=0
progress step=387350 round=38/40 episode=3/30 sample=zero_boundary_006 soc=0.5999 fc=0
progress step=387400 round=38/40 episode=3/30 sample=zero_boundary_006 soc=0.5435 fc=0
progress step=387450 round=38/40 episode=3/30 sample=zero_boundary_006 soc=0.4455 fc=0
progress step=387500 round=38/40 episode=3/30 sample=zero_boundary_006 soc=0.3865 fc=0
progress step=387550 round=38/40 episode=3/30 sample=zero_boundary_006 soc=0.3299 fc=0
progress step=387600 round=38/40 episode=3/30 sample=zero_boundary_006 soc=0.2435 fc=80
progress step=387650 round=38/40 episode=3/30 sample=zero_boundary_006 soc=0.2026 fc=570
progress step=387700 round=38/40 episode=4/30 sample=zero_boundary_007 soc=0.6052 fc=30
progress step=387750 round=38/40 episode=4/30 sample=zero_boundary_007 soc=0.4416 fc=30
progress step=387800 round=38/40 episode=4/30 sample=zero_boundary_007 soc=0.2232 fc=30
progress step=387850 round=38/40 episode=4/30 sample=zero_boundary_007 soc=0.2021 fc=30
progress step=387900 round=38/40 episode=4/30 sample=zero_boundary_007 soc=0.2004 fc=330
progress step=387950 round=38/40 episode=4/30 sample=zero_boundary_007 soc=0.2003 fc=330
progress step=388000 round=38/40 episode=5/30 sample=zero_boundary_008 soc=0.6065 fc=0
progress step=388050 round=38/40 episode=6/30 sample=zero_boundary_011 soc=0.5983 fc=0
progress step=388100 round=38/40 episode=6/30 sample=zero_boundary_011 soc=0.6031 fc=430
progress step=388150 round=38/40 episode=6/30 sample=zero_boundary_011 soc=0.3487 fc=0
progress step=388200 round=38/40 episode=6/30 sample=zero_boundary_011 soc=0.2004 fc=520
progress step=388250 round=38/40 episode=6/30 sample=zero_boundary_011 soc=0.2004 fc=460
progress step=388300 round=38/40 episode=7/30 sample=zero_boundary_013 soc=0.5907 fc=0
progress step=388350 round=38/40 episode=7/30 sample=zero_boundary_013 soc=0.4294 fc=0
progress step=388400 round=38/40 episode=7/30 sample=zero_boundary_013 soc=0.2137 fc=0
progress step=388450 round=38/40 episode=8/30 sample=zero_boundary_015 soc=0.4947 fc=0
progress step=388500 round=38/40 episode=8/30 sample=zero_boundary_015 soc=0.2972 fc=0
progress step=388550 round=38/40 episode=9/30 sample=zero_boundary_016 soc=0.6101 fc=0
progress step=388600 round=38/40 episode=9/30 sample=zero_boundary_016 soc=0.4691 fc=0
progress step=388650 round=38/40 episode=10/30 sample=zero_boundary_017 soc=0.5654 fc=370
progress step=388700 round=38/40 episode=10/30 sample=zero_boundary_017 soc=0.2149 fc=0
progress step=388750 round=38/40 episode=11/30 sample=zero_boundary_020 soc=0.4685 fc=0
progress step=388800 round=38/40 episode=11/30 sample=zero_boundary_020 soc=0.3089 fc=30
progress step=388850 round=38/40 episode=12/30 sample=zero_boundary_021 soc=0.6020 fc=0
progress step=388900 round=38/40 episode=12/30 sample=zero_boundary_021 soc=0.5074 fc=0
progress step=388950 round=38/40 episode=12/30 sample=zero_boundary_021 soc=0.2175 fc=0
progress step=389000 round=38/40 episode=12/30 sample=zero_boundary_021 soc=0.2000 fc=470
progress step=389050 round=38/40 episode=12/30 sample=zero_boundary_021 soc=0.2085 fc=0
progress step=389100 round=38/40 episode=13/30 sample=zero_boundary_022 soc=0.4802 fc=0
progress step=389150 round=38/40 episode=13/30 sample=zero_boundary_022 soc=0.2406 fc=0
progress step=389200 round=38/40 episode=13/30 sample=zero_boundary_022 soc=0.2001 fc=280
progress step=389250 round=38/40 episode=14/30 sample=zero_boundary_029 soc=0.5953 fc=0
progress step=389300 round=38/40 episode=14/30 sample=zero_boundary_029 soc=0.5077 fc=0
progress step=389350 round=38/40 episode=14/30 sample=zero_boundary_029 soc=0.2567 fc=0
progress step=389400 round=38/40 episode=14/30 sample=zero_boundary_029 soc=0.2001 fc=380
progress step=389450 round=38/40 episode=14/30 sample=zero_boundary_029 soc=0.2001 fc=50
progress step=389500 round=38/40 episode=14/30 sample=zero_boundary_029 soc=0.2005 fc=220
progress step=389550 round=38/40 episode=14/30 sample=zero_boundary_029 soc=0.2002 fc=410
progress step=389600 round=38/40 episode=14/30 sample=zero_boundary_029 soc=0.2151 fc=170
progress step=389650 round=38/40 episode=14/30 sample=zero_boundary_029 soc=0.2431 fc=0
progress step=389700 round=38/40 episode=14/30 sample=zero_boundary_029 soc=0.2603 fc=0
progress step=389750 round=38/40 episode=14/30 sample=zero_boundary_029 soc=0.2934 fc=0
progress step=389800 round=38/40 episode=14/30 sample=zero_boundary_029 soc=0.3322 fc=20
progress step=389850 round=38/40 episode=14/30 sample=zero_boundary_029 soc=0.3410 fc=0
progress step=389900 round=38/40 episode=14/30 sample=zero_boundary_029 soc=0.3690 fc=0
progress step=389950 round=38/40 episode=14/30 sample=zero_boundary_029 soc=0.3895 fc=0
progress step=390000 round=38/40 episode=14/30 sample=zero_boundary_029 soc=0.3959 fc=0
progress step=390050 round=38/40 episode=14/30 sample=zero_boundary_029 soc=0.4194 fc=0
progress step=390100 round=38/40 episode=14/30 sample=zero_boundary_029 soc=0.4387 fc=0
progress step=390150 round=38/40 episode=14/30 sample=zero_boundary_029 soc=0.5318 fc=0
progress step=390200 round=38/40 episode=14/30 sample=zero_boundary_029 soc=0.3623 fc=120
progress step=390250 round=38/40 episode=14/30 sample=zero_boundary_029 soc=0.2203 fc=0
progress step=390300 round=38/40 episode=15/30 sample=zero_boundary_033 soc=0.6000 fc=0
progress step=390350 round=38/40 episode=15/30 sample=zero_boundary_033 soc=0.5488 fc=0
progress step=390400 round=38/40 episode=15/30 sample=zero_boundary_033 soc=0.3478 fc=0
progress step=390450 round=38/40 episode=15/30 sample=zero_boundary_033 soc=0.2003 fc=550
progress step=390500 round=38/40 episode=15/30 sample=zero_boundary_033 soc=0.2004 fc=310
progress step=390550 round=38/40 episode=15/30 sample=zero_boundary_033 soc=0.2008 fc=490
progress step=390600 round=38/40 episode=15/30 sample=zero_boundary_033 soc=0.2006 fc=460
progress step=390650 round=38/40 episode=15/30 sample=zero_boundary_033 soc=0.2004 fc=0
progress step=390700 round=38/40 episode=15/30 sample=zero_boundary_033 soc=0.2259 fc=0
progress step=390750 round=38/40 episode=15/30 sample=zero_boundary_033 soc=0.2327 fc=230
progress step=390800 round=38/40 episode=15/30 sample=zero_boundary_033 soc=0.2398 fc=0
progress step=390850 round=38/40 episode=15/30 sample=zero_boundary_033 soc=0.2502 fc=0
progress step=390900 round=38/40 episode=15/30 sample=zero_boundary_033 soc=0.2623 fc=170
progress step=390950 round=38/40 episode=15/30 sample=zero_boundary_033 soc=0.2768 fc=0
progress step=391000 round=38/40 episode=15/30 sample=zero_boundary_033 soc=0.2915 fc=600
progress step=391050 round=38/40 episode=15/30 sample=zero_boundary_033 soc=0.3016 fc=0
progress step=391100 round=38/40 episode=15/30 sample=zero_boundary_033 soc=0.3003 fc=0
progress step=391150 round=38/40 episode=15/30 sample=zero_boundary_033 soc=0.2995 fc=0
progress step=391200 round=38/40 episode=15/30 sample=zero_boundary_033 soc=0.2935 fc=0
progress step=391250 round=38/40 episode=15/30 sample=zero_boundary_033 soc=0.4693 fc=0
progress step=391300 round=38/40 episode=16/30 sample=zero_boundary_034 soc=0.6079 fc=470
progress step=391350 round=38/40 episode=16/30 sample=zero_boundary_034 soc=0.6270 fc=100
progress step=391400 round=38/40 episode=16/30 sample=zero_boundary_034 soc=0.6367 fc=0
progress step=391450 round=38/40 episode=16/30 sample=zero_boundary_034 soc=0.6555 fc=0
progress step=391500 round=38/40 episode=16/30 sample=zero_boundary_034 soc=0.6870 fc=190
progress step=391550 round=38/40 episode=16/30 sample=zero_boundary_034 soc=0.7009 fc=0
progress step=391600 round=38/40 episode=16/30 sample=zero_boundary_034 soc=0.7240 fc=210
progress step=391650 round=38/40 episode=16/30 sample=zero_boundary_034 soc=0.7320 fc=0
progress step=391700 round=38/40 episode=16/30 sample=zero_boundary_034 soc=0.7518 fc=30
progress step=391750 round=38/40 episode=16/30 sample=zero_boundary_034 soc=0.7587 fc=0
progress step=391800 round=38/40 episode=16/30 sample=zero_boundary_034 soc=0.7761 fc=0
progress step=391850 round=38/40 episode=16/30 sample=zero_boundary_034 soc=0.7999 fc=0
progress step=391900 round=38/40 episode=16/30 sample=zero_boundary_034 soc=0.7999 fc=0
progress step=391950 round=38/40 episode=16/30 sample=zero_boundary_034 soc=0.7999 fc=0
progress step=392000 round=38/40 episode=16/30 sample=zero_boundary_034 soc=0.7999 fc=0
progress step=392050 round=38/40 episode=16/30 sample=zero_boundary_034 soc=0.7999 fc=0
progress step=392100 round=38/40 episode=16/30 sample=zero_boundary_034 soc=0.7999 fc=0
progress step=392150 round=38/40 episode=16/30 sample=zero_boundary_034 soc=0.7975 fc=0
progress step=392200 round=38/40 episode=16/30 sample=zero_boundary_034 soc=0.7864 fc=0
progress step=392250 round=38/40 episode=16/30 sample=zero_boundary_034 soc=0.6864 fc=0
progress step=392300 round=38/40 episode=16/30 sample=zero_boundary_034 soc=0.5971 fc=0
progress step=392350 round=38/40 episode=16/30 sample=zero_boundary_034 soc=0.4837 fc=0
progress step=392400 round=38/40 episode=16/30 sample=zero_boundary_034 soc=0.3990 fc=540
progress step=392450 round=38/40 episode=16/30 sample=zero_boundary_034 soc=0.3853 fc=0
progress step=392500 round=38/40 episode=16/30 sample=zero_boundary_034 soc=0.3996 fc=0
progress step=392550 round=38/40 episode=16/30 sample=zero_boundary_034 soc=0.4150 fc=0
progress step=392600 round=38/40 episode=16/30 sample=zero_boundary_034 soc=0.4418 fc=220
progress step=392650 round=38/40 episode=16/30 sample=zero_boundary_034 soc=0.4501 fc=0
progress step=392700 round=38/40 episode=16/30 sample=zero_boundary_034 soc=0.4630 fc=0
progress step=392750 round=38/40 episode=16/30 sample=zero_boundary_034 soc=0.4742 fc=0
progress step=392800 round=38/40 episode=16/30 sample=zero_boundary_034 soc=0.4846 fc=0
progress step=392850 round=38/40 episode=16/30 sample=zero_boundary_034 soc=0.4950 fc=0
progress step=392900 round=38/40 episode=16/30 sample=zero_boundary_034 soc=0.5064 fc=0
progress step=392950 round=38/40 episode=17/30 sample=zero_boundary_037 soc=0.5575 fc=0
progress step=393000 round=38/40 episode=17/30 sample=zero_boundary_037 soc=0.3955 fc=0
progress step=393050 round=38/40 episode=17/30 sample=zero_boundary_037 soc=0.2842 fc=0
progress step=393100 round=38/40 episode=17/30 sample=zero_boundary_037 soc=0.2003 fc=190
progress step=393150 round=38/40 episode=17/30 sample=zero_boundary_037 soc=0.2003 fc=270
progress step=393200 round=38/40 episode=18/30 sample=zero_boundary_038 soc=0.5966 fc=0
progress step=393250 round=38/40 episode=18/30 sample=zero_boundary_038 soc=0.4332 fc=0
progress step=393300 round=38/40 episode=18/30 sample=zero_boundary_038 soc=0.2018 fc=280
progress step=393350 round=38/40 episode=18/30 sample=zero_boundary_038 soc=0.2002 fc=410
progress step=393400 round=38/40 episode=19/30 sample=zero_boundary_040 soc=0.4682 fc=0
progress step=393450 round=38/40 episode=19/30 sample=zero_boundary_040 soc=0.2000 fc=520
progress step=393500 round=38/40 episode=19/30 sample=zero_boundary_040 soc=0.2003 fc=520
progress step=393550 round=38/40 episode=19/30 sample=zero_boundary_040 soc=0.2000 fc=140
progress step=393600 round=38/40 episode=19/30 sample=zero_boundary_040 soc=0.2006 fc=330
progress step=393650 round=38/40 episode=20/30 sample=zero_boundary_041 soc=0.4999 fc=220
progress step=393700 round=38/40 episode=20/30 sample=zero_boundary_041 soc=0.2251 fc=220
progress step=393750 round=38/40 episode=21/30 sample=zero_boundary_042 soc=0.6005 fc=0
progress step=393800 round=38/40 episode=21/30 sample=zero_boundary_042 soc=0.3389 fc=0
progress step=393850 round=38/40 episode=22/30 sample=zero_boundary_044 soc=0.5957 fc=0
progress step=393900 round=38/40 episode=22/30 sample=zero_boundary_044 soc=0.4257 fc=0
progress step=393950 round=38/40 episode=23/30 sample=zero_boundary_045 soc=0.6032 fc=0
progress step=394000 round=38/40 episode=23/30 sample=zero_boundary_045 soc=0.4281 fc=0
progress step=394050 round=38/40 episode=23/30 sample=zero_boundary_045 soc=0.2002 fc=430
progress step=394100 round=38/40 episode=24/30 sample=zero_boundary_046 soc=0.5978 fc=0
progress step=394150 round=38/40 episode=24/30 sample=zero_boundary_046 soc=0.3078 fc=550
progress step=394200 round=38/40 episode=24/30 sample=zero_boundary_046 soc=0.2008 fc=520
progress step=394250 round=38/40 episode=25/30 sample=zero_boundary_048 soc=0.4821 fc=0
progress step=394300 round=38/40 episode=25/30 sample=zero_boundary_048 soc=0.2001 fc=520
progress step=394350 round=38/40 episode=25/30 sample=zero_boundary_048 soc=0.2003 fc=190
progress step=394400 round=38/40 episode=25/30 sample=zero_boundary_048 soc=0.2005 fc=160
progress step=394450 round=38/40 episode=26/30 sample=zero_boundary_049 soc=0.6049 fc=0
progress step=394500 round=38/40 episode=26/30 sample=zero_boundary_049 soc=0.4856 fc=0
progress step=394550 round=38/40 episode=26/30 sample=zero_boundary_049 soc=0.2941 fc=0
progress step=394600 round=38/40 episode=26/30 sample=zero_boundary_049 soc=0.2002 fc=310
progress step=394650 round=38/40 episode=26/30 sample=zero_boundary_049 soc=0.2003 fc=230
progress step=394700 round=38/40 episode=26/30 sample=zero_boundary_049 soc=0.2001 fc=30
progress step=394750 round=38/40 episode=27/30 sample=zero_boundary_050 soc=0.5225 fc=0
progress step=394800 round=38/40 episode=27/30 sample=zero_boundary_050 soc=0.2004 fc=520
progress step=394850 round=38/40 episode=27/30 sample=zero_boundary_050 soc=0.2008 fc=520
progress step=394900 round=38/40 episode=28/30 sample=zero_boundary_051 soc=0.5316 fc=0
progress step=394950 round=38/40 episode=28/30 sample=zero_boundary_051 soc=0.3479 fc=0
progress step=395000 round=38/40 episode=28/30 sample=zero_boundary_051 soc=0.2000 fc=310
progress step=395050 round=38/40 episode=29/30 sample=zero_boundary_052 soc=0.5613 fc=0
progress step=395100 round=38/40 episode=30/30 sample=zero_boundary_053 soc=0.5999 fc=0
progress step=395150 round=38/40 episode=30/30 sample=zero_boundary_053 soc=0.4772 fc=130
progress step=395200 round=38/40 episode=30/30 sample=zero_boundary_053 soc=0.2004 fc=470
progress step=395250 round=38/40 episode=30/30 sample=zero_boundary_053 soc=0.2003 fc=30
progress step=395300 round=38/40 episode=30/30 sample=zero_boundary_053 soc=0.2000 fc=460
progress step=395350 round=38/40 episode=30/30 sample=zero_boundary_053 soc=0.2003 fc=0
round 38/40 exploratory=12/30 greedy_train start
MONITOR round=38 exploratory=12/30 greedy_train=10/30 validation=SKIPPED cost=None updates=9856 best_round=7
round 39/40 start epsilon=0.0744
progress step=395400 round=39/40 episode=1/30 sample=zero_boundary_002 soc=0.5408 fc=0
progress step=395450 round=39/40 episode=2/30 sample=zero_boundary_005 soc=0.5962 fc=580
progress step=395500 round=39/40 episode=2/30 sample=zero_boundary_005 soc=0.4383 fc=0
progress step=395550 round=39/40 episode=3/30 sample=zero_boundary_006 soc=0.6001 fc=0
progress step=395600 round=39/40 episode=3/30 sample=zero_boundary_006 soc=0.5235 fc=190
progress step=395650 round=39/40 episode=3/30 sample=zero_boundary_006 soc=0.4411 fc=0
progress step=395700 round=39/40 episode=3/30 sample=zero_boundary_006 soc=0.3595 fc=0
progress step=395750 round=39/40 episode=3/30 sample=zero_boundary_006 soc=0.3033 fc=0
progress step=395800 round=39/40 episode=3/30 sample=zero_boundary_006 soc=0.2068 fc=0
progress step=395850 round=39/40 episode=3/30 sample=zero_boundary_006 soc=0.2005 fc=150
progress step=395900 round=39/40 episode=4/30 sample=zero_boundary_007 soc=0.5883 fc=240
progress step=395950 round=39/40 episode=4/30 sample=zero_boundary_007 soc=0.3678 fc=0
progress step=396000 round=39/40 episode=4/30 sample=zero_boundary_007 soc=0.2016 fc=50
progress step=396050 round=39/40 episode=4/30 sample=zero_boundary_007 soc=0.2014 fc=40
progress step=396100 round=39/40 episode=4/30 sample=zero_boundary_007 soc=0.2005 fc=380
progress step=396150 round=39/40 episode=4/30 sample=zero_boundary_007 soc=0.2002 fc=90
progress step=396200 round=39/40 episode=5/30 sample=zero_boundary_008 soc=0.5495 fc=30
progress step=396250 round=39/40 episode=6/30 sample=zero_boundary_011 soc=0.6075 fc=30
progress step=396300 round=39/40 episode=6/30 sample=zero_boundary_011 soc=0.5846 fc=30
progress step=396350 round=39/40 episode=6/30 sample=zero_boundary_011 soc=0.2864 fc=30
progress step=396400 round=39/40 episode=6/30 sample=zero_boundary_011 soc=0.2001 fc=520
progress step=396450 round=39/40 episode=7/30 sample=zero_boundary_013 soc=0.6005 fc=30
progress step=396500 round=39/40 episode=7/30 sample=zero_boundary_013 soc=0.5700 fc=30
progress step=396550 round=39/40 episode=7/30 sample=zero_boundary_013 soc=0.3990 fc=30
progress step=396600 round=39/40 episode=8/30 sample=zero_boundary_015 soc=0.6019 fc=30
progress step=396650 round=39/40 episode=8/30 sample=zero_boundary_015 soc=0.4786 fc=30
progress step=396700 round=39/40 episode=8/30 sample=zero_boundary_015 soc=0.2865 fc=30
progress step=396750 round=39/40 episode=9/30 sample=zero_boundary_016 soc=0.6066 fc=30
progress step=396800 round=39/40 episode=9/30 sample=zero_boundary_016 soc=0.4443 fc=30
progress step=396850 round=39/40 episode=10/30 sample=zero_boundary_017 soc=0.5642 fc=570
progress step=396900 round=39/40 episode=10/30 sample=zero_boundary_017 soc=0.2173 fc=30
progress step=396950 round=39/40 episode=11/30 sample=zero_boundary_020 soc=0.4822 fc=30
progress step=397000 round=39/40 episode=11/30 sample=zero_boundary_020 soc=0.3315 fc=30
progress step=397050 round=39/40 episode=12/30 sample=zero_boundary_021 soc=0.6025 fc=30
progress step=397100 round=39/40 episode=12/30 sample=zero_boundary_021 soc=0.5093 fc=0
progress step=397150 round=39/40 episode=12/30 sample=zero_boundary_021 soc=0.2176 fc=0
progress step=397200 round=39/40 episode=12/30 sample=zero_boundary_021 soc=0.2002 fc=470
progress step=397250 round=39/40 episode=12/30 sample=zero_boundary_021 soc=0.2000 fc=30
progress step=397300 round=39/40 episode=13/30 sample=zero_boundary_022 soc=0.4645 fc=0
progress step=397350 round=39/40 episode=13/30 sample=zero_boundary_022 soc=0.2363 fc=0
progress step=397400 round=39/40 episode=13/30 sample=zero_boundary_022 soc=0.2004 fc=270
progress step=397450 round=39/40 episode=14/30 sample=zero_boundary_029 soc=0.5959 fc=0
progress step=397500 round=39/40 episode=14/30 sample=zero_boundary_029 soc=0.4728 fc=0
progress step=397550 round=39/40 episode=14/30 sample=zero_boundary_029 soc=0.2436 fc=0
progress step=397600 round=39/40 episode=14/30 sample=zero_boundary_029 soc=0.2001 fc=380
progress step=397650 round=39/40 episode=14/30 sample=zero_boundary_029 soc=0.2010 fc=0
progress step=397700 round=39/40 episode=14/30 sample=zero_boundary_029 soc=0.2004 fc=230
progress step=397750 round=39/40 episode=14/30 sample=zero_boundary_029 soc=0.2002 fc=230
progress step=397800 round=39/40 episode=14/30 sample=zero_boundary_029 soc=0.2230 fc=0
progress step=397850 round=39/40 episode=14/30 sample=zero_boundary_029 soc=0.2286 fc=0
progress step=397900 round=39/40 episode=14/30 sample=zero_boundary_029 soc=0.2328 fc=0
progress step=397950 round=39/40 episode=14/30 sample=zero_boundary_029 soc=0.2423 fc=0
progress step=398000 round=39/40 episode=14/30 sample=zero_boundary_029 soc=0.2562 fc=0
progress step=398050 round=39/40 episode=14/30 sample=zero_boundary_029 soc=0.2565 fc=0
progress step=398100 round=39/40 episode=14/30 sample=zero_boundary_029 soc=0.2652 fc=0
progress step=398150 round=39/40 episode=14/30 sample=zero_boundary_029 soc=0.2671 fc=0
progress step=398200 round=39/40 episode=14/30 sample=zero_boundary_029 soc=0.2998 fc=0
progress step=398250 round=39/40 episode=14/30 sample=zero_boundary_029 soc=0.3212 fc=0
progress step=398300 round=39/40 episode=14/30 sample=zero_boundary_029 soc=0.3289 fc=0
progress step=398350 round=39/40 episode=14/30 sample=zero_boundary_029 soc=0.4893 fc=0
progress step=398400 round=39/40 episode=14/30 sample=zero_boundary_029 soc=0.3201 fc=0
progress step=398450 round=39/40 episode=15/30 sample=zero_boundary_033 soc=0.6000 fc=0
progress step=398500 round=39/40 episode=15/30 sample=zero_boundary_033 soc=0.5507 fc=200
progress step=398550 round=39/40 episode=15/30 sample=zero_boundary_033 soc=0.3435 fc=0
progress step=398600 round=39/40 episode=15/30 sample=zero_boundary_033 soc=0.2035 fc=0
progress step=398650 round=39/40 episode=15/30 sample=zero_boundary_033 soc=0.2006 fc=160
progress step=398700 round=39/40 episode=15/30 sample=zero_boundary_033 soc=0.2001 fc=540
progress step=398750 round=39/40 episode=15/30 sample=zero_boundary_033 soc=0.2004 fc=490
progress step=398800 round=39/40 episode=15/30 sample=zero_boundary_033 soc=0.2009 fc=0
progress step=398850 round=39/40 episode=15/30 sample=zero_boundary_033 soc=0.2114 fc=0
progress step=398900 round=39/40 episode=15/30 sample=zero_boundary_033 soc=0.2213 fc=0
progress step=398950 round=39/40 episode=15/30 sample=zero_boundary_033 soc=0.2304 fc=0
progress step=399000 round=39/40 episode=15/30 sample=zero_boundary_033 soc=0.2455 fc=0
progress step=399050 round=39/40 episode=15/30 sample=zero_boundary_033 soc=0.2583 fc=0
progress step=399100 round=39/40 episode=15/30 sample=zero_boundary_033 soc=0.2700 fc=0
progress step=399150 round=39/40 episode=15/30 sample=zero_boundary_033 soc=0.2871 fc=0
progress step=399200 round=39/40 episode=15/30 sample=zero_boundary_033 soc=0.2887 fc=0
progress step=399250 round=39/40 episode=15/30 sample=zero_boundary_033 soc=0.2805 fc=0
progress step=399300 round=39/40 episode=15/30 sample=zero_boundary_033 soc=0.2834 fc=0
progress step=399350 round=39/40 episode=15/30 sample=zero_boundary_033 soc=0.2765 fc=0
progress step=399400 round=39/40 episode=15/30 sample=zero_boundary_033 soc=0.4532 fc=0
progress step=399450 round=39/40 episode=16/30 sample=zero_boundary_034 soc=0.6106 fc=0
progress step=399500 round=39/40 episode=16/30 sample=zero_boundary_034 soc=0.6252 fc=0
progress step=399550 round=39/40 episode=16/30 sample=zero_boundary_034 soc=0.6312 fc=0
progress step=399600 round=39/40 episode=16/30 sample=zero_boundary_034 soc=0.6543 fc=0
progress step=399650 round=39/40 episode=16/30 sample=zero_boundary_034 soc=0.6694 fc=0
progress step=399700 round=39/40 episode=16/30 sample=zero_boundary_034 soc=0.6765 fc=10
progress step=399750 round=39/40 episode=16/30 sample=zero_boundary_034 soc=0.6832 fc=0
progress step=399800 round=39/40 episode=16/30 sample=zero_boundary_034 soc=0.6896 fc=0
progress step=399850 round=39/40 episode=16/30 sample=zero_boundary_034 soc=0.6974 fc=0
progress step=399900 round=39/40 episode=16/30 sample=zero_boundary_034 soc=0.7271 fc=0
progress step=399950 round=39/40 episode=16/30 sample=zero_boundary_034 soc=0.7431 fc=30
progress step=400000 round=39/40 episode=16/30 sample=zero_boundary_034 soc=0.7501 fc=300
progress step=400050 round=39/40 episode=16/30 sample=zero_boundary_034 soc=0.7833 fc=0
progress step=400100 round=39/40 episode=16/30 sample=zero_boundary_034 soc=0.7867 fc=0
progress step=400150 round=39/40 episode=16/30 sample=zero_boundary_034 soc=0.7897 fc=0
progress step=400200 round=39/40 episode=16/30 sample=zero_boundary_034 soc=0.7903 fc=0
progress step=400250 round=39/40 episode=16/30 sample=zero_boundary_034 soc=0.7994 fc=10
progress step=400300 round=39/40 episode=16/30 sample=zero_boundary_034 soc=0.7936 fc=30
progress step=400350 round=39/40 episode=16/30 sample=zero_boundary_034 soc=0.7506 fc=360
progress step=400400 round=39/40 episode=16/30 sample=zero_boundary_034 soc=0.6498 fc=350
progress step=400450 round=39/40 episode=16/30 sample=zero_boundary_034 soc=0.5432 fc=0
progress step=400500 round=39/40 episode=16/30 sample=zero_boundary_034 soc=0.4061 fc=0
progress step=400550 round=39/40 episode=16/30 sample=zero_boundary_034 soc=0.3019 fc=0
progress step=400600 round=39/40 episode=16/30 sample=zero_boundary_034 soc=0.2945 fc=360
progress step=400650 round=39/40 episode=16/30 sample=zero_boundary_034 soc=0.3161 fc=0
progress step=400700 round=39/40 episode=16/30 sample=zero_boundary_034 soc=0.3213 fc=290
progress step=400750 round=39/40 episode=16/30 sample=zero_boundary_034 soc=0.3352 fc=0
progress step=400800 round=39/40 episode=16/30 sample=zero_boundary_034 soc=0.3510 fc=0
progress step=400850 round=39/40 episode=16/30 sample=zero_boundary_034 soc=0.3793 fc=0
progress step=400900 round=39/40 episode=16/30 sample=zero_boundary_034 soc=0.4095 fc=0
progress step=400950 round=39/40 episode=16/30 sample=zero_boundary_034 soc=0.4359 fc=30
progress step=401000 round=39/40 episode=16/30 sample=zero_boundary_034 soc=0.4593 fc=0
progress step=401050 round=39/40 episode=16/30 sample=zero_boundary_034 soc=0.4554 fc=0
progress step=401100 round=39/40 episode=17/30 sample=zero_boundary_037 soc=0.5556 fc=0
progress step=401150 round=39/40 episode=17/30 sample=zero_boundary_037 soc=0.4000 fc=0
progress step=401200 round=39/40 episode=17/30 sample=zero_boundary_037 soc=0.2549 fc=0
progress step=401250 round=39/40 episode=17/30 sample=zero_boundary_037 soc=0.2001 fc=270
progress step=401300 round=39/40 episode=17/30 sample=zero_boundary_037 soc=0.2000 fc=270
progress step=401350 round=39/40 episode=18/30 sample=zero_boundary_038 soc=0.5961 fc=0
progress step=401400 round=39/40 episode=18/30 sample=zero_boundary_038 soc=0.4046 fc=0
progress step=401450 round=39/40 episode=18/30 sample=zero_boundary_038 soc=0.2001 fc=410
progress step=401500 round=39/40 episode=18/30 sample=zero_boundary_038 soc=0.2001 fc=430
progress step=401550 round=39/40 episode=19/30 sample=zero_boundary_040 soc=0.4665 fc=210
progress step=401600 round=39/40 episode=19/30 sample=zero_boundary_040 soc=0.2000 fc=540
progress step=401650 round=39/40 episode=19/30 sample=zero_boundary_040 soc=0.2006 fc=540
progress step=401700 round=39/40 episode=19/30 sample=zero_boundary_040 soc=0.2011 fc=360
progress step=401750 round=39/40 episode=19/30 sample=zero_boundary_040 soc=0.2008 fc=300
progress step=401800 round=39/40 episode=20/30 sample=zero_boundary_041 soc=0.4869 fc=0
progress step=401850 round=39/40 episode=20/30 sample=zero_boundary_041 soc=0.2003 fc=540
progress step=401900 round=39/40 episode=21/30 sample=zero_boundary_042 soc=0.5862 fc=0
progress step=401950 round=39/40 episode=21/30 sample=zero_boundary_042 soc=0.2987 fc=0
progress step=402000 round=39/40 episode=22/30 sample=zero_boundary_044 soc=0.5935 fc=0
progress step=402050 round=39/40 episode=22/30 sample=zero_boundary_044 soc=0.3773 fc=30
progress step=402100 round=39/40 episode=23/30 sample=zero_boundary_045 soc=0.6042 fc=0
progress step=402150 round=39/40 episode=23/30 sample=zero_boundary_045 soc=0.3830 fc=0
progress step=402200 round=39/40 episode=23/30 sample=zero_boundary_045 soc=0.2001 fc=410
progress step=402250 round=39/40 episode=24/30 sample=zero_boundary_046 soc=0.5567 fc=0
progress step=402300 round=39/40 episode=24/30 sample=zero_boundary_046 soc=0.2575 fc=0
progress step=402350 round=39/40 episode=25/30 sample=zero_boundary_048 soc=0.6000 fc=0
progress step=402400 round=39/40 episode=25/30 sample=zero_boundary_048 soc=0.4172 fc=0
progress step=402450 round=39/40 episode=25/30 sample=zero_boundary_048 soc=0.2001 fc=470
progress step=402500 round=39/40 episode=25/30 sample=zero_boundary_048 soc=0.2001 fc=300
progress step=402550 round=39/40 episode=25/30 sample=zero_boundary_048 soc=0.2001 fc=270
progress step=402600 round=39/40 episode=26/30 sample=zero_boundary_049 soc=0.5904 fc=0
progress step=402650 round=39/40 episode=26/30 sample=zero_boundary_049 soc=0.4165 fc=0
progress step=402700 round=39/40 episode=26/30 sample=zero_boundary_049 soc=0.2122 fc=30
progress step=402750 round=39/40 episode=26/30 sample=zero_boundary_049 soc=0.2009 fc=270
progress step=402800 round=39/40 episode=26/30 sample=zero_boundary_049 soc=0.2004 fc=230
progress step=402850 round=39/40 episode=26/30 sample=zero_boundary_049 soc=0.2001 fc=30
progress step=402900 round=39/40 episode=27/30 sample=zero_boundary_050 soc=0.4743 fc=0
progress step=402950 round=39/40 episode=27/30 sample=zero_boundary_050 soc=0.2009 fc=470
progress step=403000 round=39/40 episode=27/30 sample=zero_boundary_050 soc=0.2000 fc=380
progress step=403050 round=39/40 episode=28/30 sample=zero_boundary_051 soc=0.4779 fc=0
progress step=403100 round=39/40 episode=28/30 sample=zero_boundary_051 soc=0.2769 fc=0
progress step=403150 round=39/40 episode=28/30 sample=zero_boundary_051 soc=0.2023 fc=0
progress step=403200 round=39/40 episode=29/30 sample=zero_boundary_052 soc=0.4975 fc=0
progress step=403250 round=39/40 episode=30/30 sample=zero_boundary_053 soc=0.6000 fc=0
progress step=403300 round=39/40 episode=30/30 sample=zero_boundary_053 soc=0.4329 fc=0
progress step=403350 round=39/40 episode=30/30 sample=zero_boundary_053 soc=0.2005 fc=470
progress step=403400 round=39/40 episode=30/30 sample=zero_boundary_053 soc=0.2006 fc=160
progress step=403450 round=39/40 episode=30/30 sample=zero_boundary_053 soc=0.2000 fc=270
round 39/40 exploratory=10/30 greedy_train start
MONITOR round=39 exploratory=10/30 greedy_train=10/30 validation=SKIPPED cost=None updates=10016 best_round=7
round 40/40 start epsilon=0.0500
progress step=403500 round=40/40 episode=1/30 sample=zero_boundary_002 soc=0.5993 fc=0
progress step=403550 round=40/40 episode=1/30 sample=zero_boundary_002 soc=0.4802 fc=0
progress step=403600 round=40/40 episode=2/30 sample=zero_boundary_005 soc=0.5834 fc=0
progress step=403650 round=40/40 episode=2/30 sample=zero_boundary_005 soc=0.3613 fc=0
progress step=403700 round=40/40 episode=3/30 sample=zero_boundary_006 soc=0.5946 fc=560
progress step=403750 round=40/40 episode=3/30 sample=zero_boundary_006 soc=0.5090 fc=0
progress step=403800 round=40/40 episode=3/30 sample=zero_boundary_006 soc=0.4226 fc=0
progress step=403850 round=40/40 episode=3/30 sample=zero_boundary_006 soc=0.3477 fc=0
progress step=403900 round=40/40 episode=3/30 sample=zero_boundary_006 soc=0.2817 fc=0
progress step=403950 round=40/40 episode=3/30 sample=zero_boundary_006 soc=0.2016 fc=160
progress step=404000 round=40/40 episode=3/30 sample=zero_boundary_006 soc=0.2000 fc=280
progress step=404050 round=40/40 episode=4/30 sample=zero_boundary_007 soc=0.5542 fc=0
progress step=404100 round=40/40 episode=4/30 sample=zero_boundary_007 soc=0.2694 fc=30
progress step=404150 round=40/40 episode=4/30 sample=zero_boundary_007 soc=0.2003 fc=470
progress step=404200 round=40/40 episode=4/30 sample=zero_boundary_007 soc=0.2000 fc=390
progress step=404250 round=40/40 episode=4/30 sample=zero_boundary_007 soc=0.2005 fc=320
progress step=404300 round=40/40 episode=4/30 sample=zero_boundary_007 soc=0.2001 fc=30
progress step=404350 round=40/40 episode=5/30 sample=zero_boundary_008 soc=0.4403 fc=0
progress step=404400 round=40/40 episode=6/30 sample=zero_boundary_011 soc=0.5916 fc=0
progress step=404450 round=40/40 episode=6/30 sample=zero_boundary_011 soc=0.4991 fc=0
progress step=404500 round=40/40 episode=6/30 sample=zero_boundary_011 soc=0.2006 fc=470
progress step=404550 round=40/40 episode=6/30 sample=zero_boundary_011 soc=0.2001 fc=500
progress step=404600 round=40/40 episode=7/30 sample=zero_boundary_013 soc=0.5887 fc=0
progress step=404650 round=40/40 episode=7/30 sample=zero_boundary_013 soc=0.5104 fc=270
progress step=404700 round=40/40 episode=7/30 sample=zero_boundary_013 soc=0.3210 fc=0
progress step=404750 round=40/40 episode=8/30 sample=zero_boundary_015 soc=0.5958 fc=0
progress step=404800 round=40/40 episode=8/30 sample=zero_boundary_015 soc=0.4270 fc=0
progress step=404850 round=40/40 episode=9/30 sample=zero_boundary_016 soc=0.5994 fc=0
progress step=404900 round=40/40 episode=9/30 sample=zero_boundary_016 soc=0.5644 fc=0
progress step=404950 round=40/40 episode=9/30 sample=zero_boundary_016 soc=0.2730 fc=0
progress step=405000 round=40/40 episode=10/30 sample=zero_boundary_017 soc=0.4055 fc=0
progress step=405050 round=40/40 episode=11/30 sample=zero_boundary_020 soc=0.5618 fc=0
progress step=405100 round=40/40 episode=11/30 sample=zero_boundary_020 soc=0.3581 fc=0
progress step=405150 round=40/40 episode=12/30 sample=zero_boundary_021 soc=0.5982 fc=0
progress step=405200 round=40/40 episode=12/30 sample=zero_boundary_021 soc=0.5509 fc=0
progress step=405250 round=40/40 episode=12/30 sample=zero_boundary_021 soc=0.2880 fc=0
progress step=405300 round=40/40 episode=12/30 sample=zero_boundary_021 soc=0.2004 fc=470
progress step=405350 round=40/40 episode=12/30 sample=zero_boundary_021 soc=0.2009 fc=30
progress step=405400 round=40/40 episode=13/30 sample=zero_boundary_022 soc=0.5646 fc=0
progress step=405450 round=40/40 episode=13/30 sample=zero_boundary_022 soc=0.3124 fc=0
progress step=405500 round=40/40 episode=13/30 sample=zero_boundary_022 soc=0.2000 fc=190
progress step=405550 round=40/40 episode=13/30 sample=zero_boundary_022 soc=0.2013 fc=0
progress step=405600 round=40/40 episode=14/30 sample=zero_boundary_029 soc=0.5155 fc=0
progress step=405650 round=40/40 episode=14/30 sample=zero_boundary_029 soc=0.3140 fc=0
progress step=405700 round=40/40 episode=14/30 sample=zero_boundary_029 soc=0.2002 fc=330
progress step=405750 round=40/40 episode=14/30 sample=zero_boundary_029 soc=0.2000 fc=140
progress step=405800 round=40/40 episode=15/30 sample=zero_boundary_033 soc=0.6031 fc=0
progress step=405850 round=40/40 episode=15/30 sample=zero_boundary_033 soc=0.4731 fc=0
progress step=405900 round=40/40 episode=15/30 sample=zero_boundary_033 soc=0.2002 fc=500
progress step=405950 round=40/40 episode=15/30 sample=zero_boundary_033 soc=0.2006 fc=510
progress step=406000 round=40/40 episode=15/30 sample=zero_boundary_033 soc=0.2063 fc=30
progress step=406050 round=40/40 episode=15/30 sample=zero_boundary_033 soc=0.2001 fc=510
progress step=406100 round=40/40 episode=15/30 sample=zero_boundary_033 soc=0.2000 fc=50
progress step=406150 round=40/40 episode=15/30 sample=zero_boundary_033 soc=0.2014 fc=0
progress step=406200 round=40/40 episode=15/30 sample=zero_boundary_033 soc=0.2168 fc=0
progress step=406250 round=40/40 episode=15/30 sample=zero_boundary_033 soc=0.2168 fc=0
progress step=406300 round=40/40 episode=15/30 sample=zero_boundary_033 soc=0.2236 fc=0
progress step=406350 round=40/40 episode=15/30 sample=zero_boundary_033 soc=0.2236 fc=0
progress step=406400 round=40/40 episode=15/30 sample=zero_boundary_033 soc=0.2298 fc=0
progress step=406450 round=40/40 episode=15/30 sample=zero_boundary_033 soc=0.2467 fc=0
progress step=406500 round=40/40 episode=15/30 sample=zero_boundary_033 soc=0.2530 fc=0
progress step=406550 round=40/40 episode=15/30 sample=zero_boundary_033 soc=0.2483 fc=0
progress step=406600 round=40/40 episode=15/30 sample=zero_boundary_033 soc=0.2309 fc=0
progress step=406650 round=40/40 episode=15/30 sample=zero_boundary_033 soc=0.2196 fc=0
progress step=406700 round=40/40 episode=15/30 sample=zero_boundary_033 soc=0.2097 fc=0
progress step=406750 round=40/40 episode=16/30 sample=zero_boundary_034 soc=0.5994 fc=0
progress step=406800 round=40/40 episode=16/30 sample=zero_boundary_034 soc=0.6101 fc=0
progress step=406850 round=40/40 episode=16/30 sample=zero_boundary_034 soc=0.6152 fc=0
progress step=406900 round=40/40 episode=16/30 sample=zero_boundary_034 soc=0.6265 fc=0
progress step=406950 round=40/40 episode=16/30 sample=zero_boundary_034 soc=0.6334 fc=0
progress step=407000 round=40/40 episode=16/30 sample=zero_boundary_034 soc=0.6425 fc=0
progress step=407050 round=40/40 episode=16/30 sample=zero_boundary_034 soc=0.6701 fc=0
progress step=407100 round=40/40 episode=16/30 sample=zero_boundary_034 soc=0.6789 fc=0
progress step=407150 round=40/40 episode=16/30 sample=zero_boundary_034 soc=0.6913 fc=0
progress step=407200 round=40/40 episode=16/30 sample=zero_boundary_034 soc=0.6965 fc=0
progress step=407250 round=40/40 episode=16/30 sample=zero_boundary_034 soc=0.7130 fc=0
progress step=407300 round=40/40 episode=16/30 sample=zero_boundary_034 soc=0.7360 fc=0
progress step=407350 round=40/40 episode=16/30 sample=zero_boundary_034 soc=0.7371 fc=0
progress step=407400 round=40/40 episode=16/30 sample=zero_boundary_034 soc=0.7440 fc=0
progress step=407450 round=40/40 episode=16/30 sample=zero_boundary_034 soc=0.7565 fc=0
progress step=407500 round=40/40 episode=16/30 sample=zero_boundary_034 soc=0.7670 fc=0
progress step=407550 round=40/40 episode=16/30 sample=zero_boundary_034 soc=0.7790 fc=0
progress step=407600 round=40/40 episode=16/30 sample=zero_boundary_034 soc=0.7917 fc=0
progress step=407650 round=40/40 episode=16/30 sample=zero_boundary_034 soc=0.7661 fc=0
progress step=407700 round=40/40 episode=16/30 sample=zero_boundary_034 soc=0.7110 fc=0
progress step=407750 round=40/40 episode=16/30 sample=zero_boundary_034 soc=0.5927 fc=0
progress step=407800 round=40/40 episode=16/30 sample=zero_boundary_034 soc=0.4703 fc=0
progress step=407850 round=40/40 episode=16/30 sample=zero_boundary_034 soc=0.2963 fc=0
progress step=407900 round=40/40 episode=16/30 sample=zero_boundary_034 soc=0.2577 fc=0
progress step=407950 round=40/40 episode=16/30 sample=zero_boundary_034 soc=0.2550 fc=0
progress step=408000 round=40/40 episode=16/30 sample=zero_boundary_034 soc=0.2664 fc=0
progress step=408050 round=40/40 episode=16/30 sample=zero_boundary_034 soc=0.2808 fc=0
progress step=408100 round=40/40 episode=16/30 sample=zero_boundary_034 soc=0.2852 fc=0
progress step=408150 round=40/40 episode=16/30 sample=zero_boundary_034 soc=0.3007 fc=0
progress step=408200 round=40/40 episode=16/30 sample=zero_boundary_034 soc=0.3079 fc=0
progress step=408250 round=40/40 episode=16/30 sample=zero_boundary_034 soc=0.3210 fc=0
progress step=408300 round=40/40 episode=16/30 sample=zero_boundary_034 soc=0.3299 fc=0
progress step=408350 round=40/40 episode=16/30 sample=zero_boundary_034 soc=0.3299 fc=0
progress step=408400 round=40/40 episode=17/30 sample=zero_boundary_037 soc=0.6009 fc=0
progress step=408450 round=40/40 episode=17/30 sample=zero_boundary_037 soc=0.4703 fc=0
progress step=408500 round=40/40 episode=17/30 sample=zero_boundary_037 soc=0.3150 fc=0
progress step=408550 round=40/40 episode=17/30 sample=zero_boundary_037 soc=0.2002 fc=220
progress step=408600 round=40/40 episode=17/30 sample=zero_boundary_037 soc=0.2002 fc=220
progress step=408650 round=40/40 episode=17/30 sample=zero_boundary_037 soc=0.2002 fc=340
progress step=408700 round=40/40 episode=18/30 sample=zero_boundary_038 soc=0.5403 fc=0
progress step=408750 round=40/40 episode=18/30 sample=zero_boundary_038 soc=0.2742 fc=0
progress step=408800 round=40/40 episode=18/30 sample=zero_boundary_038 soc=0.2001 fc=390
progress step=408850 round=40/40 episode=19/30 sample=zero_boundary_040 soc=0.5824 fc=0
progress step=408900 round=40/40 episode=19/30 sample=zero_boundary_040 soc=0.3436 fc=0
progress step=408950 round=40/40 episode=19/30 sample=zero_boundary_040 soc=0.2008 fc=500
progress step=409000 round=40/40 episode=19/30 sample=zero_boundary_040 soc=0.2010 fc=500
progress step=409050 round=40/40 episode=19/30 sample=zero_boundary_040 soc=0.2001 fc=360
progress step=409100 round=40/40 episode=20/30 sample=zero_boundary_041 soc=0.5991 fc=0
progress step=409150 round=40/40 episode=20/30 sample=zero_boundary_041 soc=0.3419 fc=0
progress step=409200 round=40/40 episode=21/30 sample=zero_boundary_042 soc=0.6000 fc=0
progress step=409250 round=40/40 episode=21/30 sample=zero_boundary_042 soc=0.4815 fc=0
progress step=409300 round=40/40 episode=21/30 sample=zero_boundary_042 soc=0.2003 fc=500
progress step=409350 round=40/40 episode=22/30 sample=zero_boundary_044 soc=0.5278 fc=0
progress step=409400 round=40/40 episode=22/30 sample=zero_boundary_044 soc=0.2271 fc=0
progress step=409450 round=40/40 episode=23/30 sample=zero_boundary_045 soc=0.5103 fc=0
progress step=409500 round=40/40 episode=23/30 sample=zero_boundary_045 soc=0.2360 fc=0
progress step=409550 round=40/40 episode=23/30 sample=zero_boundary_045 soc=0.2004 fc=580
progress step=409600 round=40/40 episode=24/30 sample=zero_boundary_046 soc=0.4351 fc=0
progress step=409650 round=40/40 episode=24/30 sample=zero_boundary_046 soc=0.2006 fc=580
progress step=409700 round=40/40 episode=25/30 sample=zero_boundary_048 soc=0.5872 fc=0
progress step=409750 round=40/40 episode=25/30 sample=zero_boundary_048 soc=0.2129 fc=0
progress step=409800 round=40/40 episode=25/30 sample=zero_boundary_048 soc=0.2008 fc=430
progress step=409850 round=40/40 episode=25/30 sample=zero_boundary_048 soc=0.2002 fc=140
progress step=409900 round=40/40 episode=25/30 sample=zero_boundary_048 soc=0.2033 fc=140
progress step=409950 round=40/40 episode=26/30 sample=zero_boundary_049 soc=0.5149 fc=0
progress step=410000 round=40/40 episode=26/30 sample=zero_boundary_049 soc=0.2994 fc=0
progress step=410050 round=40/40 episode=26/30 sample=zero_boundary_049 soc=0.2001 fc=330
progress step=410100 round=40/40 episode=26/30 sample=zero_boundary_049 soc=0.2003 fc=330
progress step=410150 round=40/40 episode=26/30 sample=zero_boundary_049 soc=0.2011 fc=0
progress step=410200 round=40/40 episode=27/30 sample=zero_boundary_050 soc=0.5915 fc=0
progress step=410250 round=40/40 episode=27/30 sample=zero_boundary_050 soc=0.2888 fc=0
progress step=410300 round=40/40 episode=27/30 sample=zero_boundary_050 soc=0.2004 fc=550
progress step=410350 round=40/40 episode=28/30 sample=zero_boundary_051 soc=0.5768 fc=0
progress step=410400 round=40/40 episode=28/30 sample=zero_boundary_051 soc=0.3892 fc=0
progress step=410450 round=40/40 episode=28/30 sample=zero_boundary_051 soc=0.2001 fc=280
progress step=410500 round=40/40 episode=29/30 sample=zero_boundary_052 soc=0.5929 fc=0
progress step=410550 round=40/40 episode=29/30 sample=zero_boundary_052 soc=0.2878 fc=0
progress step=410600 round=40/40 episode=30/30 sample=zero_boundary_053 soc=0.5563 fc=0
progress step=410650 round=40/40 episode=30/30 sample=zero_boundary_053 soc=0.2388 fc=0
progress step=410700 round=40/40 episode=30/30 sample=zero_boundary_053 soc=0.2085 fc=0
progress step=410750 round=40/40 episode=30/30 sample=zero_boundary_053 soc=0.2000 fc=280
progress step=410800 round=40/40 episode=30/30 sample=zero_boundary_053 soc=0.2000 fc=50
round 40/40 exploratory=10/30 greedy_train start
MONITOR round=40 exploratory=10/30 greedy_train=10/30 validation=SKIPPED cost=None updates=10176 best_round=7
WORKER_DONE beta=250 cadence=episode16 best=7 Test=0
