timestamp,fc_total_kw,battery_total_kw,load_total_kw,speed_aligned_kn,speed_source,soc_mean_pct,propulsion_inverter_kw,battery_state,aligned,is_shore,is_external_charging,is_abnormal,is_physical_inconsistency,parent_voyage
2024-05-17 08:00:28,0.0,0.003928000000000043,0.003928000000000043,0.0,linear,96.7,0.0,neutral,True,False,False,False,False,5月17日08_00_5月17日18_00
2024-05-17 08:00:58,0.0,0.0022420000000000426,0.0022420000000000426,0.0,linear,96.7,0.0,neutral,True,False,False,False,False,5月17日08_00_5月17日18_00
2024-05-17 08:01:28,0.0,0.003929000000000016,0.003929000000000016,0.0,linear,96.7,0.0,neutral,True,False,False,False,False,5月17日08_00_5月17日18_00
2024-05-17 08:01:58,0.0,0.004491000000000016,0.004491000000000016,0.0,linear,96.7,0.0,neutral,True,False,False,False,False,5月17日08_00_5月17日18_00
2024-05-17 08:02:28,0.0,0.005053000000000016,0.005053000000000016,0.0,linear,96.7,0.0,neutral,True,False,False,False,False,5月17日08_00_5月17日18_00
2024-05-17 08:02:58,0.0,0.006738000000000036,0.006738000000000036,0.0,linear,96.7,0.0,neutral,True,False,False,False,False,5月17日08_00_5月17日18_00
2024-05-17 08:03:28,0.0,0.005053000000000016,0.005053000000000016,0.0,linear,96.7,0.0,neutral,True,False,False,False,False,5月17日08_00_5月17日18_00
2024-05-17 08:03:58,0.0,0.005052000000000043,0.005052000000000043,0.0,linear,96.7,0.0,neutral,True,False,False,False,False,5月17日08_00_5月17日18_00
2024-05-17 08:04:28,0.0,0.00617700000000003,0.00617700000000003,0.0,linear,96.7,0.0,neutral,True,False,False,False,False,5月17日08_00_5月17日18_00
2024-05-17 08:04:58,0.0,0.005052000000000043,0.005052000000000043,0.0,linear,96.7,0.0,neutral,True,False,False,False,False,5月17日08_00_5月17日18_00
2024-05-17 08:05:28,0.0,0.0050520000000000495,0.0050520000000000495,0.0,linear,96.7,0.0,neutral,True,False,False,False,False,5月17日08_00_5月17日18_00
2024-05-17 08:05:58,0.0,0.006176000000000029,0.006176000000000029,0.0,linear,96.7,0.0,neutral,True,False,False,False,False,5月17日08_00_5月17日18_00
2024-05-17 08:06:28,0.0,0.005052000000000043,0.005052000000000043,0.0,linear,96.7,0.0,neutral,True,False,False,False,False,5月17日08_00_5月17日18_00
2024-05-17 08:06:58,0.0,0.006176000000000029,0.006176000000000029,0.0,linear,96.7,0.0,neutral,True,False,False,False,False,5月17日08_00_5月17日18_00
2024-05-17 08:07:28,0.0,0.005052000000000043,0.005052000000000043,0.0,linear,96.7,0.0,neutral,True,False,False,False,False,5月17日08_00_5月17日18_00
2024-05-17 08:07:58,0.0,0.005052000000000043,0.005052000000000043,0.0,linear,96.7,0.0,neutral,True,False,False,False,False,5月17日08_00_5月17日18_00
2024-05-17 08:08:28,0.0,0.005052000000000043,0.005052000000000043,0.0,linear,96.7,0.0,neutral,True,False,False,False,False,5月17日08_00_5月17日18_00
2024-05-17 08:08:58,0.0,0.005052000000000043,0.005052000000000043,0.0,linear,96.7,0.0,neutral,True,False,False,False,False,5月17日08_00_5月17日18_00
2024-05-17 08:09:28,0.0,0.2784910000000001,0.2784910000000001,0.0,linear,96.7,0.0,neutral,True,False,False,False,False,5月17日08_00_5月17日18_00
2024-05-17 08:09:58,0.0,-0.23302499999999948,-0.23302499999999948,0.0,linear,96.7,0.0,neutral,True,False,False,False,False,5月17日08_00_5月17日18_00
2024-05-17 08:10:28,0.0,1.5030000000000001,1.5030000000000001,0.0,nearest,96.70833333333333,0.0,discharging,True,False,False,False,False,5月17日08_00_5月17日18_00
2024-05-17 08:16:28,0.0,75.42877000000001,75.42877000000001,0.0,linear,96.45,78.30000000000001,discharging,True,False,False,False,False,5月17日08_00_5月17日18_00
2024-05-17 08:16:58,0.0,74.66217,74.66217,0.0,linear,96.41666666666667,78.6,discharging,True,False,False,False,False,5月17日08_00_5月17日18_00
2024-05-17 08:17:28,0.0,73.74364000000001,73.74364000000001,0.0,linear,96.38333333333334,79.5,discharging,True,False,False,False,False,5月17日08_00_5月17日18_00
2024-05-17 08:17:58,0.0,75.97953000000001,75.97953000000001,0.0,linear,96.35000000000001,78.19999999999999,discharging,True,False,False,False,False,5月17日08_00_5月17日18_00
2024-05-17 08:18:28,0.0,75.18134,75.18134,0.0,linear,96.325,78.0,discharging,True,False,False,False,False,5月17日08_00_5月17日18_00
2024-05-17 08:18:58,0.0,74.3416,74.3416,0.0,linear,96.27500000000002,79.19999999999999,discharging,True,False,False,False,False,5月17日08_00_5月17日18_00
2024-05-17 08:19:28,0.0,74.29056,74.29056,0.0,linear,96.25,78.9,discharging,True,False,False,False,False,5月17日08_00_5月17日18_00
2024-05-17 08:19:58,0.0,74.24799999999999,74.24799999999999,0.0,linear,96.23333333333333,78.6,discharging,True,False,False,False,False,5月17日08_00_5月17日18_00
2024-05-17 08:20:28,0.0,74.14025,74.14025,0.0,linear,96.17500000000001,78.9,discharging,True,False,False,False,False,5月17日08_00_5月17日18_00
2024-05-17 08:20:58,0.0,75.53667999999999,75.53667999999999,0.0,linear,96.14999999999999,78.0,discharging,True,False,False,False,False,5月17日08_00_5月17日18_00
2024-05-17 08:21:28,0.0,74.0807,74.0807,0.0,linear,96.13333333333333,77.5,discharging,True,False,False,False,False,5月17日08_00_5月17日18_00
2024-05-17 08:21:58,0.0,80.93823,80.93823,0.0,linear,96.05833333333332,85.2,discharging,True,False,False,False,False,5月17日08_00_5月17日18_00
2024-05-17 08:22:28,0.0,84.1295,84.1295,0.0,linear,96.04999999999997,90.9,discharging,True,False,False,False,False,5月17日08_00_5月17日18_00
2024-05-17 08:22:58,0.0,89.21370000000002,89.21370000000002,0.0,linear,96.02499999999998,92.8,discharging,True,False,False,False,False,5月17日08_00_5月17日18_00
2024-05-17 08:23:28,0.0,79.08646,79.08646,0.0,linear,95.95833333333333,83.2,discharging,True,False,False,False,False,5月17日08_00_5月17日18_00
2024-05-17 08:23:58,0.0,81.09848000000001,81.09848000000001,0.0,linear,95.93333333333334,83.0,discharging,True,False,False,False,False,5月17日08_00_5月17日18_00
2024-05-17 08:24:28,0.0,83.63705,83.63705,0.0,linear,95.89999999999999,85.6,discharging,True,False,False,False,False,5月17日08_00_5月17日18_00
2024-05-17 08:24:58,0.0,79.13332,79.13332,0.0,linear,95.85833333333335,82.6,discharging,True,False,False,False,False,5月17日08_00_5月17日18_00
2024-05-17 08:25:28,0.0,72.38032,72.38032,0.0,linear,95.81666666666668,74.19999999999999,discharging,True,False,False,False,False,5月17日08_00_5月17日18_00
2024-05-17 08:25:58,0.0,71.02708,71.02708,0.0,linear,95.80000000000001,74.1,discharging,True,False,False,False,False,5月17日08_00_5月17日18_00
2024-05-17 08:26:28,0.0,71.64674000000001,71.64674000000001,0.0,linear,95.75833333333334,75.2,discharging,True,False,False,False,False,5月17日08_00_5月17日18_00
2024-05-17 08:26:58,0.0,67.73088,67.73088,0.0,linear,95.73333333333333,72.0,discharging,True,False,False,False,False,5月17日08_00_5月17日18_00
2024-05-17 08:27:28,0.0,68.67642,68.67642,0.0,linear,95.70833333333333,71.8,discharging,True,False,False,False,False,5月17日08_00_5月17日18_00
2024-05-17 08:27:58,0.0,76.68408000000001,76.68408000000001,0.0,linear,95.68333333333334,79.3,discharging,True,False,False,False,False,5月17日08_00_5月17日18_00
2024-05-17 08:28:28,0.0,76.31911999999998,76.31911999999998,0.0,linear,95.64166666666665,78.6,discharging,True,False,False,False,False,5月17日08_00_5月17日18_00
2024-05-17 08:28:58,0.0,83.02811999999997,83.02811999999997,0.0,linear,95.60000000000001,85.6,discharging,True,False,False,False,False,5月17日08_00_5月17日18_00
2024-05-17 08:29:28,0.0,84.25657999999999,84.25657999999999,0.0,linear,95.575,86.8,discharging,True,False,False,False,False,5月17日08_00_5月17日18_00
2024-05-17 08:29:58,0.0,82.74448,82.74448,0.0,linear,95.52499999999999,85.8,discharging,True,False,False,False,False,5月17日08_00_5月17日18_00
2024-05-17 08:30:28,0.0,81.67634999999999,81.67634999999999,0.0,linear,95.49166666666666,84.0,discharging,True,False,False,False,False,5月17日08_00_5月17日18_00
2024-05-17 08:30:58,0.0,81.49671999999998,81.49671999999998,0.0,linear,95.44999999999999,84.9,discharging,True,False,False,False,False,5月17日08_00_5月17日18_00
2024-05-17 08:31:28,0.0,74.54490000000001,74.54490000000001,0.0,linear,95.41666666666667,76.8,discharging,True,False,False,False,False,5月17日08_00_5月17日18_00
2024-05-17 08:31:58,0.0,75.43158,75.43158,0.0,linear,95.38333333333333,79.0,discharging,True,False,False,False,False,5月17日08_00_5月17日18_00
2024-05-17 08:32:28,0.0,75.37972,75.37972,0.0,linear,95.35000000000001,79.7,discharging,True,False,False,False,False,5月17日08_00_5月17日18_00
2024-05-17 08:32:58,0.0,84.13843999999999,84.13843999999999,0.0,linear,95.31666666666666,86.8,discharging,True,False,False,False,False,5月17日08_00_5月17日18_00
2024-05-17 08:33:28,0.0,83.95548,83.95548,0.0,linear,95.27499999999999,86.4,discharging,True,False,False,False,False,5月17日08_00_5月17日18_00
2024-05-17 08:33:58,0.0,84.16358,84.16358,0.0,linear,95.25,87.3,discharging,True,False,False,False,False,5月17日08_00_5月17日18_00
2024-05-17 08:34:28,0.0,103.29220000000001,103.29220000000001,0.0,linear,95.21666666666668,93.6,discharging,True,False,False,False,False,5月17日08_00_5月17日18_00
2024-05-17 08:34:58,0.0,183.80419999999998,183.80419999999998,0.0,linear,95.14166666666665,91.9,discharging,True,False,False,False,False,5月17日08_00_5月17日18_00
2024-05-17 08:35:28,0.0,225.21979999999996,225.21979999999996,0.19047619047619047,linear,95.05833333333334,93.9,discharging,True,False,False,False,False,5月17日08_00_5月17日18_00
2024-05-17 08:35:58,0.0,237.2174,237.2174,1.0666666666666669,linear,94.94166666666666,101.1,discharging,True,False,False,False,False,5月17日08_00_5月17日18_00
2024-05-17 08:36:28,0.0,258.1126,258.1126,2.4714285714285715,linear,94.84166666666665,100.9,discharging,True,False,False,False,False,5月17日08_00_5月17日18_00
2024-05-17 08:36:58,0.0,219.178,219.178,3.5500000000000003,linear,94.73333333333333,102.1,discharging,True,False,False,False,False,5月17日08_00_5月17日18_00
2024-05-17 08:37:28,0.0,118.20079999999999,118.20079999999999,3.1,linear,94.675,94.5,discharging,True,False,False,False,False,5月17日08_00_5月17日18_00
2024-05-17 08:37:58,0.0,134.0317,134.0317,1.8650000000000002,linear,94.625,85.6,discharging,True,False,False,False,False,5月17日08_00_5月17日18_00
2024-05-17 08:38:28,0.0,174.01600000000002,174.01600000000002,1.9600000000000002,linear,94.54999999999997,81.6,discharging,True,False,False,False,False,5月17日08_00_5月17日18_00
2024-05-17 08:38:58,0.0,228.80549999999997,228.80549999999997,2.2,linear,94.45833333333333,72.0,discharging,True,False,False,False,False,5月17日08_00_5月17日18_00
2024-05-17 08:39:28,0.0,350.8055999999999,350.8055999999999,6.288888888888889,linear,94.33333333333333,71.80000000000001,discharging,True,False,False,False,False,5月17日08_00_5月17日18_00
2024-05-17 08:39:58,0.0,401.34729999999996,401.34729999999996,8.0,linear,94.16666666666664,72.30000000000001,discharging,True,False,False,False,False,5月17日08_00_5月17日18_00
2024-05-17 08:40:28,0.0,424.35639999999995,424.35639999999995,9.5,linear,93.96666666666668,75.30000000000001,discharging,True,False,False,False,False,5月17日08_00_5月17日18_00
2024-05-17 08:40:58,0.0,403.667,403.667,9.770000000000001,linear,93.78333333333332,72.8,discharging,True,False,False,False,False,5月17日08_00_5月17日18_00
2024-05-17 08:41:28,0.0,406.5236,406.5236,9.8,linear,93.60000000000001,79.0,discharging,True,False,False,False,False,5月17日08_00_5月17日18_00
2024-05-17 08:41:58,0.0,410.9177000000001,410.9177000000001,9.709523809523809,linear,93.41666666666664,77.0,discharging,True,False,False,False,False,5月17日08_00_5月17日18_00
2024-05-17 08:42:28,0.0,420.65000000000003,420.65000000000003,9.7,linear,93.23333333333333,82.9,discharging,True,False,False,False,False,5月17日08_00_5月17日18_00
2024-05-17 08:42:58,0.0,411.1728,411.1728,9.614285714285714,linear,93.05000000000001,83.9,discharging,True,False,False,False,False,5月17日08_00_5月17日18_00
2024-05-17 08:43:28,0.0,417.79959999999994,417.79959999999994,9.6,linear,92.84999999999998,84.80000000000001,discharging,True,False,False,False,False,5月17日08_00_5月17日18_00
2024-05-17 08:43:58,0.0,411.9129,411.9129,9.780952380952382,linear,92.68333333333334,82.0,discharging,True,False,False,False,False,5月17日08_00_5月17日18_00
2024-05-17 08:44:28,0.0,418.1637999999999,418.1637999999999,9.8,linear,92.50833333333334,83.0,discharging,True,False,False,False,False,5月17日08_00_5月17日18_00
2024-05-17 08:44:58,0.0,130.00442,130.00442,7.93,linear,92.38333333333333,76.6,discharging,True,False,False,False,False,5月17日08_00_5月17日18_00
2024-05-17 08:45:28,0.0,604.3561,604.3561,8.078947368421053,linear,92.24999999999999,71.6,discharging,True,False,False,False,False,5月17日08_00_5月17日18_00
2024-05-17 08:45:58,0.0,578.3553,578.3553,8.9,linear,91.99166666666667,70.6,discharging,True,False,False,False,False,5月17日08_00_5月17日18_00
2024-05-17 08:46:28,0.0,724.2527,724.2527,10.79047619047619,linear,91.71666666666668,73.0,discharging,True,False,False,False,False,5月17日08_00_5月17日18_00
2024-05-17 08:46:58,0.0,798.26,798.26,11.1,linear,91.37499999999999,79.4,discharging,True,False,False,False,False,5月17日08_00_5月17日18_00
2024-05-17 08:47:28,0.0,791.961,791.961,10.366666666666667,linear,91.01666666666667,81.1,discharging,True,False,False,False,False,5月17日08_00_5月17日18_00
2024-05-17 08:47:58,0.0,806.545,806.545,9.9,linear,90.64166666666667,94.6,discharging,True,False,False,False,False,5月17日08_00_5月17日18_00
2024-05-17 08:48:28,0.0,814.749,814.749,9.695,linear,90.28333333333335,92.9,discharging,True,False,False,False,False,5月17日08_00_5月17日18_00
2024-05-17 08:48:58,3.0,806.3050000000001,809.3050000000001,9.584999999999999,linear,89.89166666666665,93.3,discharging,True,False,False,False,False,5月17日08_00_5月17日18_00
2024-05-17 08:49:28,17.0,822.676,839.676,9.7,linear,89.53333333333335,100.9,discharging,True,False,False,False,False,5月17日08_00_5月17日18_00
2024-05-17 08:49:58,69.0,757.2440000000001,826.2440000000001,10.059999999999999,linear,89.19166666666666,104.1,discharging,True,False,False,False,False,5月17日08_00_5月17日18_00
2024-05-17 08:50:28,69.0,719.8905,788.8905,9.8,linear,88.85000000000001,102.2,discharging,True,False,False,False,False,5月17日08_00_5月17日18_00
2024-05-17 08:50:58,71.0,722.15,793.15,9.8,linear,88.49999999999999,103.5,discharging,True,False,False,False,False,5月17日08_00_5月17日18_00
2024-05-17 08:51:28,70.0,732.416,802.416,9.68,linear,88.19999999999999,103.80000000000001,discharging,True,False,False,False,False,5月17日08_00_5月17日18_00
2024-05-17 08:51:58,71.0,735.0219999999999,806.0219999999999,9.5,linear,87.85833333333335,98.4,discharging,True,False,False,False,False,5月17日08_00_5月17日18_00
2024-05-17 08:52:28,71.0,539.4775999999999,610.4775999999999,9.185,linear,87.55833333333332,93.80000000000001,discharging,True,False,False,False,False,5月17日08_00_5月17日18_00
2024-05-17 08:52:58,71.0,501.4288,572.4288,8.528571428571428,linear,87.325,73.4,discharging,True,False,False,False,False,5月17日08_00_5月17日18_00
2024-05-17 08:53:28,72.0,294.9876,366.9876,8.119047619047619,linear,87.16666666666667,76.5,discharging,True,False,False,False,False,5月17日08_00_5月17日18_00
2024-05-17 08:53:58,72.0,312.8738,384.8738,7.5,linear,87.04166666666667,72.1,discharging,True,False,False,False,False,5月17日08_00_5月17日18_00
2024-05-17 08:54:28,71.0,300.51860000000005,371.51860000000005,7.257142857142857,linear,86.86666666666667,77.1,discharging,True,False,False,False,False,5月17日08_00_5月17日18_00
2024-05-17 08:54:58,71.0,304.25649999999996,375.25649999999996,7.2,linear,86.75833333333334,80.4,discharging,True,False,False,False,False,5月17日08_00_5月17日18_00
2024-05-17 08:55:28,72.0,299.2876,371.2876,7.4,linear,86.64999999999999,84.2,discharging,True,False,False,False,False,5月17日08_00_5月17日18_00
2024-05-17 08:55:58,72.0,322.38910000000004,394.38910000000004,7.4,linear,86.46666666666665,82.9,discharging,True,False,False,False,False,5月17日08_00_5月17日18_00
2024-05-17 08:56:28,72.0,320.6118,392.6118,7.4,linear,86.34166666666665,83.6,discharging,True,False,False,False,False,5月17日08_00_5月17日18_00
2024-05-17 08:56:58,72.0,289.7566,361.7566,7.4,linear,86.20833333333336,88.3,discharging,True,False,False,False,False,5月17日08_00_5月17日18_00
2024-05-17 08:57:28,72.0,299.158,371.158,7.3,linear,86.09166666666665,81.5,discharging,True,False,False,False,False,5月17日08_00_5月17日18_00
2024-05-17 08:57:58,72.0,304.583,376.583,7.47,linear,85.925,81.1,discharging,True,False,False,False,False,5月17日08_00_5月17日18_00
2024-05-17 08:58:28,72.0,645.1085000000002,717.1085000000002,8.4,linear,85.74166666666667,81.3,discharging,True,False,False,False,False,5月17日08_00_5月17日18_00
2024-05-17 08:58:58,100.0,562.7774,662.7774,9.3,linear,85.47500000000001,80.2,discharging,True,False,False,False,False,5月17日08_00_5月17日18_00
2024-05-17 08:59:28,102.0,537.9809,639.9809,9.33,linear,85.23333333333333,71.8,discharging,True,False,False,False,False,5月17日08_00_5月17日18_00
2024-05-17 08:59:58,103.0,350.01270000000005,453.01270000000005,9.442857142857143,linear,84.97500000000001,64.4,discharging,True,False,False,False,False,5月17日08_00_5月17日18_00
2024-05-17 09:00:28,103.0,215.71959999999999,318.7196,9.1,linear,84.84166666666667,63.0,discharging,True,False,False,False,False,5月17日08_00_5月17日18_00
2024-05-17 09:00:58,104.0,116.83164000000001,220.83164,8.071428571428571,linear,84.8,60.1,discharging,True,False,False,False,False,5月17日08_00_5月17日18_00
2024-05-17 09:01:28,131.0,100.07917,231.07917,7.965,linear,84.74166666666666,64.7,discharging,True,False,False,False,False,5月17日08_00_5月17日18_00
2024-05-17 09:01:58,133.0,93.9884,226.9884,7.9,linear,84.68333333333332,63.9,discharging,True,False,False,False,False,5月17日08_00_5月17日18_00
2024-05-17 09:02:28,135.0,103.05337,238.05337,8.0,linear,84.64999999999999,69.4,discharging,True,False,False,False,False,5月17日08_00_5月17日18_00
2024-05-17 09:02:58,136.0,97.19026000000001,233.19026000000002,8.0,linear,84.60833333333333,76.4,discharging,True,False,False,False,False,5月17日08_00_5月17日18_00
2024-05-17 09:03:28,137.0,111.29862,248.29862,7.4,linear,84.57499999999999,83.1,discharging,True,False,False,False,False,5月17日08_00_5月17日18_00
2024-05-17 09:03:58,138.0,116.0436,254.0436,7.4,linear,84.5,82.4,discharging,True,False,False,False,False,5月17日08_00_5月17日18_00
2024-05-17 09:04:28,138.0,113.57329999999999,251.5733,7.3,linear,84.45,90.6,discharging,True,False,False,False,False,5月17日08_00_5月17日18_00
2024-05-17 09:04:58,137.0,140.0124,277.0124,6.9222222222222225,linear,84.39166666666665,89.2,discharging,True,False,False,False,False,5月17日08_00_5月17日18_00
2024-05-17 09:05:28,138.0,129.7707,267.77070000000003,6.7,linear,84.34166666666667,89.30000000000001,discharging,True,False,False,False,False,5月17日08_00_5月17日18_00
2024-05-17 09:05:58,137.0,122.69096000000002,259.69096,6.7,linear,84.3,91.5,discharging,True,False,False,False,False,5月17日08_00_5月17日18_00
2024-05-17 09:06:28,138.0,114.3342,252.3342,6.738095238095238,linear,84.23333333333333,83.5,discharging,True,False,False,False,False,5月17日08_00_5月17日18_00
2024-05-17 09:06:58,138.0,125.4475,263.4475,6.885000000000001,linear,84.19166666666668,77.5,discharging,True,False,False,False,False,5月17日08_00_5月17日18_00
2024-05-17 09:07:28,138.0,109.70840000000001,247.7084,6.9,linear,84.13333333333334,78.1,discharging,True,False,False,False,False,5月17日08_00_5月17日18_00
2024-05-17 09:07:58,138.0,126.96709999999999,264.96709999999996,6.722222222222222,linear,84.09166666666667,76.69999999999999,discharging,True,False,False,False,False,5月17日08_00_5月17日18_00
2024-05-17 09:08:28,137.0,109.1042,246.1042,6.7700000000000005,linear,84.02499999999999,78.3,discharging,True,False,False,False,False,5月17日08_00_5月17日18_00
2024-05-17 09:08:58,137.0,87.1435,224.14350000000002,6.9,linear,83.99166666666666,60.8,discharging,True,False,False,False,False,5月17日08_00_5月17日18_00
2024-05-17 09:09:28,137.0,106.5179,243.5179,6.9,linear,83.95,70.2,discharging,True,False,False,False,False,5月17日08_00_5月17日18_00
2024-05-17 09:09:58,138.0,108.57707000000002,246.57707000000002,6.9,linear,83.89999999999999,68.4,discharging,True,False,False,False,False,5月17日08_00_5月17日18_00
2024-05-17 09:10:28,138.0,94.81365,232.81365,7.03,linear,83.85,74.6,discharging,True,False,False,False,False,5月17日08_00_5月17日18_00
2024-05-17 09:10:58,138.0,105.19930000000002,243.19930000000002,6.9,linear,83.8,75.1,discharging,True,False,False,False,False,5月17日08_00_5月17日18_00
2024-05-17 09:11:28,138.0,118.4316,256.4316,7.04,linear,83.775,76.1,discharging,True,False,False,False,False,5月17日08_00_5月17日18_00
2024-05-17 09:11:58,138.0,103.4868,241.48680000000002,7.1,linear,83.70833333333333,75.7,discharging,True,False,False,False,False,5月17日08_00_5月17日18_00
2024-05-17 09:12:28,138.0,102.54444000000001,240.54444,7.235,linear,83.65833333333333,76.4,discharging,True,False,False,False,False,5月17日08_00_5月17日18_00
2024-05-17 09:12:58,138.0,99.74870999999999,237.74871,7.3,linear,83.625,66.0,discharging,True,False,False,False,False,5月17日08_00_5月17日18_00
2024-05-17 09:13:28,137.0,81.41897,218.41897,7.4,linear,83.56666666666668,61.800000000000004,discharging,True,False,False,False,False,5月17日08_00_5月17日18_00
2024-05-17 09:13:58,138.0,91.2589,229.25889999999998,7.4,linear,83.55000000000001,64.1,discharging,True,False,False,False,False,5月17日08_00_5月17日18_00
2024-05-17 09:14:28,137.0,86.31233999999999,223.31234,7.4,linear,83.48333333333333,62.4,discharging,True,False,False,False,False,5月17日08_00_5月17日18_00
2024-05-17 09:14:58,138.0,83.17996,221.17996,7.4,linear,83.46666666666668,60.599999999999994,discharging,True,False,False,False,False,5月17日08_00_5月17日18_00
2024-05-17 09:15:28,138.0,85.31619,223.31619,7.476190476190476,linear,83.40833333333333,62.5,discharging,True,False,False,False,False,5月17日08_00_5月17日18_00
2024-05-17 09:15:58,138.0,92.2491,230.2491,7.855,linear,83.38333333333334,67.8,discharging,True,False,False,False,False,5月17日08_00_5月17日18_00
2024-05-17 09:16:28,138.0,99.55019999999999,237.5502,7.863157894736842,linear,83.325,67.7,discharging,True,False,False,False,False,5月17日08_00_5月17日18_00
2024-05-17 09:16:58,138.0,99.54726000000001,237.54726,8.07,linear,83.28333333333333,68.80000000000001,discharging,True,False,False,False,False,5月17日08_00_5月17日18_00
2024-05-17 09:17:28,138.0,116.96290000000002,254.96290000000002,8.135,linear,83.23333333333333,77.2,discharging,True,False,False,False,False,5月17日08_00_5月17日18_00
2024-05-17 09:17:58,137.0,135.42790000000002,272.4279,8.2,linear,83.15833333333332,76.80000000000001,discharging,True,False,False,False,False,5月17日08_00_5月17日18_00
2024-05-17 09:18:28,138.0,133.6002,271.6002,8.433333333333334,linear,83.10833333333333,75.4,discharging,True,False,False,False,False,5月17日08_00_5月17日18_00
2024-05-17 09:18:58,137.0,122.37870000000001,259.3787,8.5,linear,83.05,74.5,discharging,True,False,False,False,False,5月17日08_00_5月17日18_00
2024-05-17 09:19:28,137.0,123.3583,260.3583,8.4,linear,82.97500000000001,73.5,discharging,True,False,False,False,False,5月17日08_00_5月17日18_00
2024-05-17 09:19:58,137.0,119.99209999999998,256.9921,8.4,linear,82.94166666666668,77.7,discharging,True,False,False,False,False,5月17日08_00_5月17日18_00
2024-05-17 09:20:28,138.0,127.28050000000002,265.2805,8.2,linear,82.85833333333333,68.3,discharging,True,False,False,False,False,5月17日08_00_5月17日18_00
2024-05-17 09:20:58,137.0,118.49479999999998,255.4948,8.457142857142857,linear,82.825,67.5,discharging,True,False,False,False,False,5月17日08_00_5月17日18_00
2024-05-17 09:21:28,138.0,147.66989999999998,285.6699,8.6,linear,82.74166666666666,77.5,discharging,True,False,False,False,False,5月17日08_00_5月17日18_00
2024-05-17 09:21:58,138.0,147.70589999999999,285.7059,9.004761904761905,linear,82.69999999999999,75.19999999999999,discharging,True,False,False,False,False,5月17日08_00_5月17日18_00
2024-05-17 09:22:28,138.0,128.0554,266.05539999999996,9.4,linear,82.61666666666666,75.0,discharging,True,False,False,False,False,5月17日08_00_5月17日18_00
2024-05-17 09:22:58,138.0,132.8018,270.80179999999996,9.228571428571428,linear,82.56666666666666,84.0,discharging,True,False,False,False,False,5月17日08_00_5月17日18_00
2024-05-17 09:23:28,138.0,-202.51850000000002,-64.51850000000002,8.15,linear,82.6,83.1,charging,True,False,False,False,True,5月17日08_00_5月17日18_00
2024-05-17 09:23:58,138.0,-165.7068,-27.706799999999987,4.338095238095238,linear,82.68333333333332,90.0,charging,True,False,False,False,True,5月17日08_00_5月17日18_00
2024-05-17 09:24:28,138.0,-100.08794,37.91206,3.861904761904762,linear,82.75,91.0,charging,True,False,False,False,False,5月17日08_00_5月17日18_00
2024-05-17 09:24:58,138.0,-92.78527000000001,45.21472999999999,4.140000000000001,linear,82.775,89.3,charging,True,False,False,False,False,5月17日08_00_5月17日18_00
2024-05-17 09:25:28,138.0,-22.87976,115.12024,4.494736842105263,linear,82.825,75.4,charging,True,False,False,False,False,5月17日08_00_5月17日18_00
2024-05-17 09:25:58,137.0,227.172,364.172,5.0,linear,82.75833333333334,76.80000000000001,discharging,True,False,False,False,False,5月17日08_00_5月17日18_00
2024-05-17 09:26:28,137.0,320.3624,457.3624,7.766666666666667,linear,82.63333333333334,76.6,discharging,True,False,False,False,False,5月17日08_00_5月17日18_00
2024-05-17 09:26:58,138.0,423.134,561.134,8.2,linear,82.50000000000001,66.0,discharging,True,False,False,False,False,5月17日08_00_5月17日18_00
2024-05-17 09:27:28,138.0,409.79119999999995,547.7911999999999,9.163157894736841,linear,82.31666666666668,63.800000000000004,discharging,True,False,False,False,False,5月17日08_00_5月17日18_00
2024-05-17 09:27:58,137.0,399.6498,536.6498,9.1,linear,82.125,61.0,discharging,True,False,False,False,False,5月17日08_00_5月17日18_00
2024-05-17 09:28:28,137.0,345.7082,482.7082,8.8,linear,81.93333333333335,60.3,discharging,True,False,False,False,False,5月17日08_00_5月17日18_00
2024-05-17 09:28:58,138.0,124.836,262.836,7.779999999999999,linear,81.875,61.2,discharging,True,False,False,False,False,5月17日08_00_5月17日18_00
2024-05-17 09:29:28,138.0,137.5456,275.54560000000004,7.1,linear,81.83333333333333,63.8,discharging,True,False,False,False,False,5月17日08_00_5月17日18_00
2024-05-17 09:29:58,138.0,127.03510000000001,265.0351,7.279999999999999,linear,81.75833333333334,65.9,discharging,True,False,False,False,False,5月17日08_00_5月17日18_00
2024-05-17 09:30:28,137.0,111.82584000000001,248.82584000000003,7.535,linear,81.72500000000001,67.19999999999999,discharging,True,False,False,False,False,5月17日08_00_5月17日18_00
2024-05-17 09:30:58,167.0,88.2341,255.2341,7.6,linear,81.675,71.9,discharging,True,False,False,False,False,5月17日08_00_5月17日18_00
2024-05-17 09:31:28,168.0,89.46600000000001,257.466,7.7,linear,81.64999999999999,75.6,discharging,True,False,False,False,False,5月17日08_00_5月17日18_00
2024-05-17 09:31:58,168.0,88.66089000000001,256.66089,7.785714285714286,linear,81.59166666666665,73.9,discharging,True,False,False,False,False,5月17日08_00_5月17日18_00
2024-05-17 09:32:29,169.0,73.58719000000002,242.58719000000002,7.84,linear,81.55833333333332,,discharging,True,False,False,False,False,5月17日08_00_5月17日18_00
2024-05-17 09:32:58,170.0,77.2325,247.23250000000002,8.061904761904762,linear,81.52499999999999,67.0,discharging,True,False,False,False,False,5月17日08_00_5月17日18_00
2024-05-17 09:33:28,170.0,72.82563000000002,242.82563000000002,8.1,linear,81.5,67.6,discharging,True,False,False,False,False,5月17日08_00_5月17日18_00
2024-05-17 09:33:58,171.0,79.18947999999999,250.18948,8.1,linear,81.44166666666666,62.5,discharging,True,False,False,False,False,5月17日08_00_5月17日18_00
2024-05-17 09:34:28,171.0,73.30535000000002,244.30535000000003,8.2,linear,81.425,62.3,discharging,True,False,False,False,False,5月17日08_00_5月17日18_00
2024-05-17 09:34:58,171.0,56.31873,227.31873000000002,8.4,linear,81.4,63.0,discharging,True,False,False,False,False,5月17日08_00_5月17日18_00
2024-05-17 09:35:28,171.0,69.57179,240.57179,8.338095238095239,linear,81.36666666666667,58.8,discharging,True,False,False,False,False,5月17日08_00_5月17日18_00
2024-05-17 09:35:58,171.0,58.433679999999995,229.43367999999998,8.4,linear,81.33333333333334,65.7,discharging,True,False,False,False,False,5月17日08_00_5月17日18_00
2024-05-17 09:36:28,171.0,74.94408,245.94407999999999,8.200000000000001,linear,81.30000000000001,67.2,discharging,True,False,False,False,False,5月17日08_00_5月17日18_00
2024-05-17 09:36:58,171.0,81.60566999999999,252.60566999999998,8.0,linear,81.26666666666667,83.30000000000001,discharging,True,False,False,False,False,5月17日08_00_5月17日18_00
2024-05-17 09:37:28,171.0,99.27250000000001,270.27250000000004,7.8,linear,81.225,77.0,discharging,True,False,False,False,False,5月17日08_00_5月17日18_00
2024-05-17 09:37:58,170.0,105.45439999999999,275.45439999999996,7.97,linear,81.18333333333334,84.1,discharging,True,False,False,False,False,5月17日08_00_5月17日18_00
2024-05-17 09:38:28,171.0,99.61370000000001,270.6137,8.4,linear,81.13333333333333,83.2,discharging,True,False,False,False,False,5月17日08_00_5月17日18_00
2024-05-17 09:38:58,172.0,164.98539999999997,336.98539999999997,8.4,linear,81.08333333333333,78.6,discharging,True,False,False,False,False,5月17日08_00_5月17日18_00
2024-05-17 09:39:28,172.0,101.29338999999999,273.29339,8.295,linear,81.03333333333333,80.1,discharging,True,False,False,False,False,5月17日08_00_5月17日18_00
2024-05-17 09:39:58,172.0,122.40709000000001,294.40709000000004,7.627777777777777,linear,80.99166666666666,78.9,discharging,True,False,False,False,False,5月17日08_00_5月17日18_00
2024-05-17 09:40:28,172.0,132.20080000000002,304.2008,7.6,linear,80.91666666666667,85.6,discharging,True,False,False,False,False,5月17日08_00_5月17日18_00
2024-05-17 09:40:58,171.0,286.9686,457.9686,8.32,linear,80.81666666666668,85.5,discharging,True,False,False,False,False,5月17日08_00_5月17日18_00
2024-05-17 09:41:28,172.0,282.91459999999995,454.91459999999995,8.435,linear,80.69166666666666,85.6,discharging,True,False,False,False,False,5月17日08_00_5月17日18_00
2024-05-17 09:41:58,172.0,314.20770000000005,486.20770000000005,8.5,linear,80.58333333333333,89.1,discharging,True,False,False,False,False,5月17日08_00_5月17日18_00
2024-05-17 09:42:28,172.0,320.96320000000003,492.96320000000003,8.799999999999999,linear,80.43333333333334,89.7,discharging,True,False,False,False,False,5月17日08_00_5月17日18_00
2024-05-17 09:42:58,171.0,287.6572,458.6572,9.0,linear,80.30833333333334,68.2,discharging,True,False,False,False,False,5月17日08_00_5月17日18_00
2024-05-17 09:43:28,171.0,264.97499999999997,435.97499999999997,9.2,linear,80.2,63.3,discharging,True,False,False,False,False,5月17日08_00_5月17日18_00
2024-05-17 09:43:58,172.0,265.5921,437.5921,9.2,linear,80.06666666666668,65.7,discharging,True,False,False,False,False,5月17日08_00_5月17日18_00
2024-05-17 09:44:28,172.0,283.6974,455.6974,9.9,linear,79.95,63.3,discharging,True,False,False,False,False,5月17日08_00_5月17日18_00
2024-05-17 09:44:58,172.0,238.8247,410.8247,9.985714285714286,linear,79.81666666666666,61.4,discharging,True,False,False,False,False,5月17日08_00_5月17日18_00
2024-05-17 09:45:28,172.0,246.82299999999998,418.823,9.5,linear,79.71666666666667,63.599999999999994,discharging,True,False,False,False,False,5月17日08_00_5月17日18_00
2024-05-17 09:45:58,171.0,34.40958,205.40958,9.42,linear,79.625,70.9,discharging,True,False,False,False,False,5月17日08_00_5月17日18_00
2024-05-17 09:46:28,172.0,66.54659000000001,238.54659,8.1,linear,79.60833333333333,69.1,discharging,True,False,False,False,False,5月17日08_00_5月17日18_00
2024-05-17 09:46:58,171.0,82.061841,253.06184100000002,8.1,linear,79.575,73.4,discharging,True,False,False,False,False,5月17日08_00_5月17日18_00
2024-05-17 09:47:28,172.0,-192.51231,-20.512310000000014,7.866666666666666,linear,79.55833333333334,75.8,charging,True,False,False,False,True,5月17日08_00_5月17日18_00
2024-05-17 09:47:58,172.0,-214.577,-42.577,4.92,linear,79.66666666666667,77.69999999999999,charging,True,False,False,False,True,5月17日08_00_5月17日18_00
2024-05-17 09:48:29,171.0,-191.6916,-20.691599999999994,4.98,linear,79.75833333333334,,charging,True,False,False,False,True,5月17日08_00_5月17日18_00
2024-05-17 09:48:58,172.0,-165.34559999999996,6.654400000000038,7.359999999999999,linear,79.825,61.5,charging,True,False,False,False,False,5月17日08_00_5月17日18_00
2024-05-17 09:49:28,171.0,-122.36449999999999,48.63550000000001,8.08,linear,79.89166666666667,62.2,charging,True,False,False,False,False,5月17日08_00_5月17日18_00
2024-05-17 09:49:58,172.0,64.10431,236.10431,11.280000000000001,linear,79.9,62.4,discharging,True,False,False,False,False,5月17日08_00_5月17日18_00
2024-05-17 09:50:28,171.0,45.57873000000001,216.57873,11.975000000000001,linear,79.875,63.2,discharging,True,False,False,False,False,5月17日08_00_5月17日18_00
2024-05-17 09:50:58,172.0,-52.092928,119.907072,12.3,linear,79.85833333333333,61.099999999999994,charging,True,False,False,False,False,5月17日08_00_5月17日18_00
2024-05-17 09:51:28,172.0,-0.8614699999999917,171.13853,11.73,linear,79.88333333333334,68.7,neutral,True,False,False,False,False,5月17日08_00_5月17日18_00
2024-05-17 09:51:58,172.0,-17.58529999999999,154.4147,11.8,linear,79.89166666666667,67.19999999999999,charging,True,False,False,False,False,5月17日08_00_5月17日18_00
2024-05-17 09:52:28,172.0,-5.5189000000000075,166.4811,11.5,linear,79.875,68.6,charging,True,False,False,False,False,5月17日08_00_5月17日18_00
2024-05-17 09:52:58,171.0,-2.017209999999997,168.98279,10.933333333333334,linear,79.88333333333334,76.4,charging,True,False,False,False,False,5月17日08_00_5月17日18_00
2024-05-17 09:53:28,172.0,11.215940000000003,183.21594,10.9,linear,79.89166666666667,83.19999999999999,discharging,True,False,False,False,False,5月17日08_00_5月17日18_00
2024-05-17 09:53:58,171.0,-4.370280000000003,166.62972,10.9,linear,79.89166666666667,74.4,charging,True,False,False,False,False,5月17日08_00_5月17日18_00
2024-05-17 09:54:28,172.0,21.670430000000003,193.67043,10.965,linear,79.875,84.80000000000001,discharging,True,False,False,False,False,5月17日08_00_5月17日18_00
2024-05-17 09:54:58,172.0,14.739430000000006,186.73943,10.9,linear,79.89166666666667,77.5,discharging,True,False,False,False,False,5月17日08_00_5月17日18_00
2024-05-17 09:55:28,171.0,7.360569999999996,178.36057,10.82,linear,79.88333333333334,77.6,discharging,True,False,False,False,False,5月17日08_00_5月17日18_00
2024-05-17 09:55:59,172.0,17.57739000000001,189.57739,10.971428571428572,linear,79.875,,discharging,True,False,False,False,False,5月17日08_00_5月17日18_00
2024-05-17 09:56:28,172.0,45.22129,217.22129,11.2,linear,79.86666666666667,76.6,discharging,True,False,False,False,False,5月17日08_00_5月17日18_00
2024-05-17 09:57:00,171.0,51.49165000000001,222.49165,11.96,linear,79.84166666666667,82.19999999999999,discharging,True,False,False,False,False,5月17日08_00_5月17日18_00
2024-05-17 09:57:29,172.0,62.28889,234.28889,11.957142857142857,linear,79.81666666666666,,discharging,True,False,False,False,False,5月17日08_00_5月17日18_00
2024-05-17 09:57:58,172.0,38.785282,210.785282,11.9,linear,79.79166666666667,83.1,discharging,True,False,False,False,False,5月17日08_00_5月17日18_00
2024-05-17 09:58:28,172.0,30.60687,202.60687000000001,11.9,linear,79.77499999999999,88.6,discharging,True,False,False,False,False,5月17日08_00_5月17日18_00
2024-05-17 09:58:58,172.0,17.70504,189.70504,11.9,linear,79.75833333333333,82.5,discharging,True,False,False,False,False,5月17日08_00_5月17日18_00
2024-05-17 09:59:28,172.0,21.020449000000006,193.020449,11.629999999999999,linear,79.76666666666667,74.5,discharging,True,False,False,False,False,5月17日08_00_5月17日18_00
2024-05-17 09:59:58,172.0,13.563150000000002,185.56315,11.5,linear,79.75,68.5,discharging,True,False,False,False,False,5月17日08_00_5月17日18_00
2024-05-17 10:00:28,172.0,0.07006000000000001,172.07006,11.629999999999999,linear,79.75,63.8,neutral,True,False,False,False,False,5月17日08_00_5月17日18_00
2024-05-17 10:00:58,172.0,-7.483639999999999,164.51636,11.7,linear,79.75833333333334,61.0,charging,True,False,False,False,False,5月17日08_00_5月17日18_00
2024-05-17 10:01:28,172.0,-6.842110000000003,165.15789,11.8,linear,79.75,63.5,charging,True,False,False,False,False,5月17日08_00_5月17日18_00
2024-05-17 10:01:58,172.0,11.998400000000002,183.9984,11.638095238095238,linear,79.75833333333334,61.800000000000004,discharging,True,False,False,False,False,5月17日08_00_5月17日18_00
2024-05-17 10:02:28,172.0,4.479500000000002,176.4795,11.9,linear,79.76666666666667,67.19999999999999,discharging,True,False,False,False,False,5月17日08_00_5月17日18_00
2024-05-17 10:02:58,171.0,6.200910000000002,177.20091,11.98421052631579,linear,79.74166666666667,68.9,discharging,True,False,False,False,False,5月17日08_00_5月17日18_00
2024-05-17 10:03:28,172.0,4.616780000000005,176.61678,12.0,linear,79.74166666666666,66.69999999999999,discharging,True,False,False,False,False,5月17日08_00_5月17日18_00
2024-05-17 10:03:58,172.0,23.725430000000003,195.72543000000002,12.0,linear,79.74166666666666,73.8,discharging,True,False,False,False,False,5月17日08_00_5月17日18_00
2024-05-17 10:04:28,171.0,21.055669999999996,192.05567,12.0,linear,79.75,74.5,discharging,True,False,False,False,False,5月17日08_00_5月17日18_00
2024-05-17 10:04:58,172.0,0.9720400000000029,172.97204,12.0,linear,79.72500000000001,68.30000000000001,neutral,True,False,False,False,False,5月17日08_00_5月17日18_00
2024-05-17 10:05:28,171.0,-1.4339799999999983,169.56602,12.033333333333333,linear,79.71666666666667,66.8,charging,True,False,False,False,False,5月17日08_00_5月17日18_00
2024-05-17 10:05:58,171.0,-2.234574,168.765426,12.1,linear,79.71666666666665,60.8,charging,True,False,False,False,False,5月17日08_00_5月17日18_00
2024-05-17 10:06:28,172.0,5.429968,177.429968,11.961904761904762,linear,79.725,63.5,discharging,True,False,False,False,False,5月17日08_00_5月17日18_00
2024-05-17 10:06:58,172.0,8.702820000000003,180.70282,11.9,linear,79.73333333333333,61.7,discharging,True,False,False,False,False,5月17日08_00_5月17日18_00
2024-05-17 10:07:28,172.0,5.472601999999999,177.472602,11.766666666666667,linear,79.725,60.800000000000004,discharging,True,False,False,False,False,5月17日08_00_5月17日18_00
2024-05-17 10:07:58,172.0,19.392995000000006,191.392995,11.7,linear,79.71666666666665,67.7,discharging,True,False,False,False,False,5月17日08_00_5月17日18_00
2024-05-17 10:08:28,172.0,3.0789099999999974,175.07891,11.5,linear,79.71666666666667,68.9,discharging,True,False,False,False,False,5月17日08_00_5月17日18_00
2024-05-17 10:08:58,172.0,6.906640000000001,178.90664,11.5,linear,79.70833333333333,68.4,discharging,True,False,False,False,False,5月17日08_00_5月17日18_00
2024-05-17 10:09:28,172.0,12.354210000000002,184.35421,11.5,linear,79.70833333333333,74.2,discharging,True,False,False,False,False,5月17日08_00_5月17日18_00
2024-05-17 10:09:58,171.0,12.841829999999995,183.84183,11.588888888888889,linear,79.69166666666668,81.1,discharging,True,False,False,False,False,5月17日08_00_5月17日18_00
2024-05-17 10:10:28,171.0,7.0500300000000005,178.05003,11.5,linear,79.69166666666666,74.6,discharging,True,False,False,False,False,5月17日08_00_5月17日18_00
2024-05-17 10:10:58,172.0,17.460488000000005,189.460488,11.5,linear,79.675,76.1,discharging,True,False,False,False,False,5月17日08_00_5月17日18_00
2024-05-17 10:11:28,172.0,14.064016000000002,186.064016,11.58,linear,79.68333333333332,75.5,discharging,True,False,False,False,False,5月17日08_00_5月17日18_00
2024-05-17 10:11:58,172.0,4.53439,176.53439,11.7,linear,79.69166666666666,76.7,discharging,True,False,False,False,False,5月17日08_00_5月17日18_00
2024-05-17 10:12:28,171.0,8.99216,179.99216,11.735,linear,79.68333333333332,76.80000000000001,discharging,True,False,False,False,False,5月17日08_00_5月17日18_00
2024-05-17 10:12:58,172.0,8.638800000000003,180.6388,11.710526315789473,linear,79.66666666666667,75.6,discharging,True,False,False,False,False,5月17日08_00_5月17日18_00
2024-05-17 10:13:28,171.0,29.463420000000003,200.46342,11.78,linear,79.64166666666667,83.8,discharging,True,False,False,False,False,5月17日08_00_5月17日18_00
2024-05-17 10:13:58,171.0,21.720259999999996,192.72026,11.9,linear,79.64999999999999,84.4,discharging,True,False,False,False,False,5月17日08_00_5月17日18_00
2024-05-17 10:14:28,172.0,8.660260000000001,180.66026,11.922222222222222,linear,79.64999999999999,85.19999999999999,discharging,True,False,False,False,False,5月17日08_00_5月17日18_00
2024-05-17 10:14:58,172.0,26.770322999999998,198.770323,11.8,linear,79.625,90.7,discharging,True,False,False,False,False,5月17日08_00_5月17日18_00
2024-05-17 10:15:28,172.0,28.38571000000001,200.38571000000002,11.961904761904762,linear,79.61666666666666,90.19999999999999,discharging,True,False,False,False,False,5月17日08_00_5月17日18_00
2024-05-17 10:15:58,172.0,7.752309999999998,179.75231,11.9,linear,79.60833333333333,74.1,discharging,True,False,False,False,False,5月17日08_00_5月17日18_00
2024-05-17 10:16:28,172.0,-0.27017000000000246,171.72983,11.8,linear,79.60833333333333,61.4,neutral,True,False,False,False,False,5月17日08_00_5月17日18_00
2024-05-17 10:16:58,172.0,-228.7655,-56.7655,11.98,linear,79.60000000000001,60.5,charging,True,False,False,False,True,5月17日08_00_5月17日18_00
2024-05-17 10:17:28,170.0,-216.83110000000002,-46.83110000000002,9.7,linear,79.71666666666667,60.2,charging,True,False,False,False,True,5月17日08_00_5月17日18_00
2024-05-17 10:17:58,172.0,-205.43959999999998,-33.439599999999984,8.85,linear,79.8,61.4,charging,True,False,False,False,True,5月17日08_00_5月17日18_00
2024-05-17 10:18:28,131.0,-90.93274000000002,40.067259999999976,8.5,linear,79.89166666666667,60.0,charging,True,False,False,False,False,5月17日08_00_5月17日18_00
2024-05-17 10:18:58,78.0,-93.97784000000001,-15.977840000000015,8.5,linear,79.91666666666667,69.1,charging,True,False,False,False,True,5月17日08_00_5月17日18_00
2024-05-17 10:19:28,77.0,-85.65148,-8.651480000000006,8.5,linear,79.95,68.3,charging,True,False,False,False,True,5月17日08_00_5月17日18_00
2024-05-17 10:19:58,76.0,-64.66096,11.339039999999997,6.12,linear,79.98333333333333,74.6,charging,True,False,False,False,False,5月17日08_00_5月17日18_00
2024-05-17 10:20:28,23.0,81.59748,104.59748,5.766666666666667,linear,80.0,74.8,discharging,True,False,False,False,False,5月17日08_00_5月17日18_00
2024-05-17 10:20:58,7.0,87.41664,94.41664,6.071428571428571,linear,79.94166666666666,67.9,discharging,True,False,False,False,False,5月17日08_00_5月17日18_00
2024-05-17 10:21:28,9.0,87.7085,96.7085,6.1,linear,79.91666666666667,66.5,discharging,True,False,False,False,False,5月17日08_00_5月17日18_00
2024-05-17 10:21:58,8.0,119.44619999999999,127.44619999999999,6.1,linear,79.88333333333334,60.0,discharging,True,False,False,False,False,5月17日08_00_5月17日18_00
2024-05-17 10:22:28,9.0,80.16592000000001,89.16592000000001,5.466666666666667,linear,79.85,59.6,discharging,True,False,False,False,False,5月17日08_00_5月17日18_00
2024-05-17 10:22:58,1.0,93.33501,94.33501,5.8,linear,79.79166666666667,59.0,discharging,True,False,False,False,False,5月17日08_00_5月17日18_00
2024-05-17 10:23:28,0.0,107.31381999999999,107.31381999999999,6.035,linear,79.74166666666666,58.0,discharging,True,False,False,False,False,5月17日08_00_5月17日18_00
2024-05-17 10:23:58,0.0,138.26340000000002,138.26340000000002,6.1,linear,79.70833333333333,67.5,discharging,True,False,False,False,False,5月17日08_00_5月17日18_00
2024-05-17 10:24:28,0.0,108.51480000000002,108.51480000000002,6.0,linear,79.64166666666667,60.9,discharging,True,False,False,False,False,5月17日08_00_5月17日18_00
2024-05-17 10:24:58,0.0,109.18353,109.18353,6.0,linear,79.59166666666667,61.0,discharging,True,False,False,False,False,5月17日08_00_5月17日18_00
2024-05-17 10:25:28,0.0,112.13310000000001,112.13310000000001,6.3,linear,79.55833333333334,64.9,discharging,True,False,False,False,False,5月17日08_00_5月17日18_00
2024-05-17 10:25:58,0.0,112.23509999999999,112.23509999999999,6.3,linear,79.5,63.7,discharging,True,False,False,False,False,5月17日08_00_5月17日18_00
2024-05-17 10:26:28,0.0,106.64189999999999,106.64189999999999,6.2,linear,79.45,62.9,discharging,True,False,False,False,False,5月17日08_00_5月17日18_00
2024-05-17 10:26:58,0.0,108.51602999999999,108.51602999999999,6.114999999999999,linear,79.425,64.7,discharging,True,False,False,False,False,5月17日08_00_5月17日18_00
2024-05-17 10:27:28,0.0,104.35201999999998,104.35201999999998,6.066666666666666,linear,79.35833333333333,57.1,discharging,True,False,False,False,False,5月17日08_00_5月17日18_00
2024-05-17 10:27:58,0.0,107.9434,107.9434,6.08,linear,79.30833333333332,64.5,discharging,True,False,False,False,False,5月17日08_00_5月17日18_00
2024-05-17 10:28:28,0.0,108.79876000000002,108.79876000000002,6.135,linear,79.25,65.6,discharging,True,False,False,False,False,5月17日08_00_5月17日18_00
2024-05-17 10:28:58,0.0,115.08327000000003,115.08327000000003,6.285,linear,79.21666666666667,64.6,discharging,True,False,False,False,False,5月17日08_00_5月17日18_00
2024-05-17 10:29:28,0.0,107.10652,107.10652,6.3,linear,79.15,63.6,discharging,True,False,False,False,False,5月17日08_00_5月17日18_00
2024-05-17 10:29:58,0.0,118.1646,118.1646,6.3,linear,79.09166666666667,70.8,discharging,True,False,False,False,False,5月17日08_00_5月17日18_00
2024-05-17 10:30:28,0.0,116.04632,116.04632,6.535,linear,79.05833333333334,72.19999999999999,discharging,True,False,False,False,False,5月17日08_00_5月17日18_00
2024-05-17 10:30:58,0.0,116.75352000000001,116.75352000000001,6.6,linear,79.01666666666667,70.7,discharging,True,False,False,False,False,5月17日08_00_5月17日18_00
2024-05-17 10:31:28,0.0,122.52979999999998,122.52979999999998,6.56,linear,78.95,79.19999999999999,discharging,True,False,False,False,False,5月17日08_00_5月17日18_00
2024-05-17 10:31:58,0.0,123.3391,123.3391,6.5,linear,78.89166666666667,79.1,discharging,True,False,False,False,False,5月17日08_00_5月17日18_00
2024-05-17 10:32:28,0.0,121.5907,121.5907,6.57,linear,78.85833333333333,77.4,discharging,True,False,False,False,False,5月17日08_00_5月17日18_00
2024-05-17 10:32:58,0.0,124.0795,124.0795,6.7,linear,78.78333333333335,80.2,discharging,True,False,False,False,False,5月17日08_00_5月17日18_00
2024-05-17 10:33:28,0.0,110.80660000000002,110.80660000000002,6.7,linear,78.72500000000001,63.3,discharging,True,False,False,False,False,5月17日08_00_5月17日18_00
2024-05-17 10:33:58,0.0,100.37111,100.37111,6.785714285714286,linear,78.7,58.099999999999994,discharging,True,False,False,False,False,5月17日08_00_5月17日18_00
2024-05-17 10:34:28,0.0,94.32932,94.32932,6.7,linear,78.65833333333333,50.3,discharging,True,False,False,False,False,5月17日08_00_5月17日18_00
2024-05-17 10:34:58,0.0,95.24775,95.24775,6.522222222222222,linear,78.59166666666665,50.5,discharging,True,False,False,False,False,5月17日08_00_5月17日18_00
2024-05-17 10:35:28,0.0,94.68073999999999,94.68073999999999,6.5,linear,78.55833333333332,49.400000000000006,discharging,True,False,False,False,False,5月17日08_00_5月17日18_00
2024-05-17 10:35:58,0.0,96.78923,96.78923,6.585,linear,78.52499999999999,50.0,discharging,True,False,False,False,False,5月17日08_00_5月17日18_00
2024-05-17 10:36:28,0.0,98.06223,98.06223,6.6,linear,78.49166666666666,51.4,discharging,True,False,False,False,False,5月17日08_00_5月17日18_00
2024-05-17 10:36:58,0.0,101.15413000000001,101.15413000000001,6.511111111111111,linear,78.425,56.599999999999994,discharging,True,False,False,False,False,5月17日08_00_5月17日18_00
2024-05-17 10:37:28,0.0,102.18665,102.18665,6.5,linear,78.38333333333334,56.5,discharging,True,False,False,False,False,5月17日08_00_5月17日18_00
2024-05-17 10:37:59,0.0,108.21068,108.21068,6.5,linear,78.35000000000001,62.9,discharging,True,False,False,False,False,5月17日08_00_5月17日18_00
2024-05-17 10:38:28,0.0,109.25586,109.25586,6.4,linear,78.3,63.5,discharging,True,False,False,False,False,5月17日08_00_5月17日18_00
2024-05-17 10:38:58,0.0,109.8346,109.8346,6.4,linear,78.23333333333333,64.1,discharging,True,False,False,False,False,5月17日08_00_5月17日18_00
2024-05-17 10:39:28,0.0,109.4329,109.4329,6.4350000000000005,linear,78.2,63.3,discharging,True,False,False,False,False,5月17日08_00_5月17日18_00
2024-05-17 10:39:58,0.0,108.24689999999998,108.24689999999998,6.5,linear,78.14999999999999,64.0,discharging,True,False,False,False,False,5月17日08_00_5月17日18_00
2024-05-17 10:40:28,0.0,100.90634,100.90634,6.3100000000000005,linear,78.08333333333333,57.5,discharging,True,False,False,False,False,5月17日08_00_5月17日18_00
2024-05-17 10:40:58,0.0,92.99955,92.99955,6.1,linear,78.05833333333334,50.900000000000006,discharging,True,False,False,False,False,5月17日08_00_5月17日18_00
2024-05-17 10:41:28,0.0,96.43185,96.43185,6.0,linear,78.01666666666667,49.8,discharging,True,False,False,False,False,5月17日08_00_5月17日18_00
2024-05-17 10:41:58,0.0,92.95657,92.95657,6.0,linear,77.95833333333333,51.2,discharging,True,False,False,False,False,5月17日08_00_5月17日18_00
2024-05-17 10:42:28,0.0,93.97197999999999,93.97197999999999,5.87,linear,77.93333333333332,50.8,discharging,True,False,False,False,False,5月17日08_00_5月17日18_00
2024-05-17 10:42:58,0.0,101.02954,101.02954,5.715789473684211,linear,77.87500000000001,57.9,discharging,True,False,False,False,False,5月17日08_00_5月17日18_00
2024-05-17 10:43:28,0.0,110.23879000000001,110.23879000000001,5.63,linear,77.83333333333333,63.4,discharging,True,False,False,False,False,5月17日08_00_5月17日18_00
2024-05-17 10:43:58,0.0,114.05204000000002,114.05204000000002,5.176190476190476,linear,77.77499999999999,71.7,discharging,True,False,False,False,False,5月17日08_00_5月17日18_00
2024-05-17 10:44:28,0.0,111.77712999999999,111.77712999999999,4.985714285714286,linear,77.74166666666666,72.0,discharging,True,False,False,False,False,5月17日08_00_5月17日18_00
2024-05-17 10:44:58,0.0,123.18186,123.18186,4.45,linear,77.68333333333334,80.0,discharging,True,False,False,False,False,5月17日08_00_5月17日18_00
2024-05-17 10:45:28,0.0,124.75626,124.75626,4.366666666666667,linear,77.62500000000001,78.7,discharging,True,False,False,False,False,5月17日08_00_5月17日18_00
2024-05-17 10:45:58,0.0,124.50120000000001,124.50120000000001,4.3,linear,77.56666666666666,76.19999999999999,discharging,True,False,False,False,False,5月17日08_00_5月17日18_00
2024-05-17 10:46:28,0.0,123.0721,123.0721,4.338095238095238,linear,77.50833333333334,76.69999999999999,discharging,True,False,False,False,False,5月17日08_00_5月17日18_00
2024-05-17 10:46:59,0.0,120.94996,120.94996,4.4,linear,77.47500000000001,76.80000000000001,discharging,True,False,False,False,False,5月17日08_00_5月17日18_00
2024-05-17 10:47:28,0.0,110.63112,110.63112,4.366666666666667,linear,77.40833333333332,62.3,discharging,True,False,False,False,False,5月17日08_00_5月17日18_00
2024-05-17 10:47:58,0.0,108.08216,108.08216,4.3,linear,77.35833333333333,64.5,discharging,True,False,False,False,False,5月17日08_00_5月17日18_00
2024-05-17 10:48:28,0.0,106.84257000000001,106.84257000000001,4.261904761904762,linear,77.31666666666668,63.2,discharging,True,False,False,False,False,5月17日08_00_5月17日18_00
2024-05-17 10:48:58,0.0,92.63525000000001,92.63525000000001,4.2,linear,77.26666666666668,49.099999999999994,discharging,True,False,False,False,False,5月17日08_00_5月17日18_00
2024-05-17 10:49:28,0.0,92.62405,92.62405,4.1,linear,77.23333333333333,50.3,discharging,True,False,False,False,False,5月17日08_00_5月17日18_00
2024-05-17 10:49:59,0.0,97.45183000000002,97.45183000000002,4.1,linear,77.19166666666668,53.3,discharging,True,False,False,False,False,5月17日08_00_5月17日18_00
2024-05-17 10:50:28,0.0,102.44003,102.44003,4.0,linear,77.11666666666666,55.8,discharging,True,False,False,False,False,5月17日08_00_5月17日18_00
2024-05-17 10:50:58,0.0,91.65347999999999,91.65347999999999,3.9055555555555554,linear,77.1,57.5,discharging,True,False,False,False,False,5月17日08_00_5月17日18_00
2024-05-17 10:51:28,0.0,84.1626,84.1626,3.6,linear,77.05833333333332,63.199999999999996,discharging,True,False,False,False,False,5月17日08_00_5月17日18_00
2024-05-17 10:51:58,0.0,82.8434,82.8434,3.333333333333333,linear,77.01666666666667,61.7,discharging,True,False,False,False,False,5月17日08_00_5月17日18_00
2024-05-17 10:52:28,0.0,61.13362000000001,61.13362000000001,3.125,linear,76.99166666666666,63.0,discharging,True,False,False,False,False,5月17日08_00_5月17日18_00
2024-05-17 10:52:58,0.0,61.46439,61.46439,2.3142857142857145,linear,76.96666666666665,62.5,discharging,True,False,False,False,False,5月17日08_00_5月17日18_00
2024-05-17 10:53:28,0.0,61.710404,61.710404,1.9,linear,76.925,61.8,discharging,True,False,False,False,False,5月17日08_00_5月17日18_00
2024-05-17 10:53:58,0.0,55.36056,55.36056,1.9,linear,76.9,55.3,discharging,True,False,False,False,False,5月17日08_00_5月17日18_00
2024-05-17 10:54:28,0.0,49.354270000000014,49.354270000000014,1.655,linear,76.88333333333334,48.900000000000006,discharging,True,False,False,False,False,5月17日08_00_5月17日18_00
2024-05-17 10:54:58,0.0,49.19529,49.19529,1.2,linear,76.86666666666667,48.5,discharging,True,False,False,False,False,5月17日08_00_5月17日18_00
2024-05-17 10:55:28,0.0,47.610595,47.610595,1.2,linear,76.82500000000002,47.7,discharging,True,False,False,False,False,5月17日08_00_5月17日18_00
2024-05-17 10:55:58,0.0,47.76565,47.76565,1.2,linear,76.80833333333335,47.2,discharging,True,False,False,False,False,5月17日08_00_5月17日18_00
2024-05-17 10:56:28,0.0,47.57773,47.57773,0.9,linear,76.80000000000001,48.6,discharging,True,False,False,False,False,5月17日08_00_5月17日18_00
2024-05-17 10:56:58,0.0,56.029979999999995,56.029979999999995,0.9,linear,76.78333333333335,55.1,discharging,True,False,False,False,False,5月17日08_00_5月17日18_00
2024-05-17 10:57:28,0.0,57.662226999999994,57.662226999999994,0.9,linear,76.75000000000001,57.1,discharging,True,False,False,False,False,5月17日08_00_5月17日18_00
2024-05-17 10:57:58,0.0,57.00054999999999,57.00054999999999,0.9,linear,76.72500000000001,57.1,discharging,True,False,False,False,False,5月17日08_00_5月17日18_00
2024-05-17 10:58:28,0.0,63.16928000000001,63.16928000000001,0.9,linear,76.69166666666668,64.5,discharging,True,False,False,False,False,5月17日08_00_5月17日18_00
2024-05-17 10:58:58,0.0,61.7702,61.7702,0.9,linear,76.65,60.2,discharging,True,False,False,False,False,5月17日08_00_5月17日18_00
2024-05-17 10:59:28,0.0,68.41954000000001,68.41954000000001,0.7,linear,76.65,69.1,discharging,True,False,False,False,False,5月17日08_00_5月17日18_00
2024-05-17 10:59:58,0.0,69.29681,69.29681,0.7,linear,76.625,70.6,discharging,True,False,False,False,False,5月17日08_00_5月17日18_00
2024-05-17 11:00:28,0.0,69.13982999999999,69.13982999999999,0.73,linear,76.55833333333332,70.1,discharging,True,False,False,False,False,5月17日08_00_5月17日18_00
2024-05-17 11:00:58,0.0,71.64508,71.64508,0.8,linear,76.55,68.9,discharging,True,False,False,False,False,5月17日08_00_5月17日18_00
2024-05-17 11:01:28,0.0,66.52043,66.52043,0.8,linear,76.53333333333333,66.1,discharging,True,False,False,False,False,5月17日08_00_5月17日18_00
2024-05-17 11:01:58,0.0,70.34346,70.34346,0.8,linear,76.48333333333333,62.3,discharging,True,False,False,False,False,5月17日08_00_5月17日18_00
2024-05-17 11:02:28,0.0,63.91028,63.91028,0.8,linear,76.45,63.3,discharging,True,False,False,False,False,5月17日08_00_5月17日18_00
2024-05-17 11:02:58,0.0,66.89832,66.89832,0.8,linear,76.43333333333334,63.3,discharging,True,False,False,False,False,5月17日08_00_5月17日18_00
2024-05-17 11:03:29,0.0,65.60675,65.60675,0.8,linear,76.40833333333333,66.9,discharging,True,False,False,False,False,5月17日08_00_5月17日18_00
2024-05-17 11:03:58,0.0,68.86824000000001,68.86824000000001,0.8,linear,76.37499999999999,70.3,discharging,True,False,False,False,False,5月17日08_00_5月17日18_00
2024-05-17 11:04:28,0.0,76.2971,76.2971,0.8,linear,76.325,72.0,discharging,True,False,False,False,False,5月17日08_00_5月17日18_00
2024-05-17 11:04:58,0.0,77.4681,77.4681,0.8,linear,76.30833333333332,76.8,discharging,True,False,False,False,False,5月17日08_00_5月17日18_00
2024-05-17 11:05:28,0.0,72.48096,72.48096,0.94,linear,76.27499999999999,69.19999999999999,discharging,True,False,False,False,False,5月17日08_00_5月17日18_00
2024-05-17 11:05:58,0.0,69.2673,69.2673,1.2,linear,76.22500000000001,70.4,discharging,True,False,False,False,False,5月17日08_00_5月17日18_00
2024-05-17 11:06:28,0.0,64.20697000000001,64.20697000000001,1.1,linear,76.21666666666667,64.0,discharging,True,False,False,False,False,5月17日08_00_5月17日18_00
2024-05-17 11:06:58,0.0,62.56198,62.56198,0.9,linear,76.19166666666668,61.6,discharging,True,False,False,False,False,5月17日08_00_5月17日18_00
2024-05-17 11:07:28,0.0,57.43092400000001,57.43092400000001,0.9,linear,76.14166666666667,55.7,discharging,True,False,False,False,False,5月17日08_00_5月17日18_00
2024-05-17 11:07:58,0.0,86.50314999999999,86.50314999999999,0.9,linear,76.11666666666667,47.5,discharging,True,False,False,False,False,5月17日08_00_5月17日18_00
2024-05-17 11:08:28,0.0,87.62892,87.62892,2.2842105263157895,linear,76.075,48.6,discharging,True,False,False,False,False,5月17日08_00_5月17日18_00
2024-05-17 11:08:58,0.0,84.87742,84.87742,2.9,linear,76.05,47.8,discharging,True,False,False,False,False,5月17日08_00_5月17日18_00
2024-05-17 11:09:28,0.0,83.85884999999999,83.85884999999999,3.466666666666667,linear,75.99166666666667,47.2,discharging,True,False,False,False,False,5月17日08_00_5月17日18_00
2024-05-17 11:09:58,0.0,82.37036400000001,82.37036400000001,3.6,linear,75.97500000000001,47.900000000000006,discharging,True,False,False,False,False,5月17日08_00_5月17日18_00
2024-05-17 11:10:28,0.0,63.91995,63.91995,3.7,linear,75.925,56.2,discharging,True,False,False,False,False,5月17日08_00_5月17日18_00
2024-05-17 11:10:58,0.0,63.68964,63.68964,3.02,linear,75.925,54.2,discharging,True,False,False,False,False,5月17日08_00_5月17日18_00
2024-05-17 11:11:28,0.0,76.65972000000001,76.65972000000001,2.3,linear,75.86666666666666,53.7,discharging,True,False,False,False,False,5月17日08_00_5月17日18_00
2024-05-17 11:11:58,0.0,70.23331,70.23331,2.14,linear,75.83333333333333,61.1,discharging,True,False,False,False,False,5月17日08_00_5月17日18_00
2024-05-17 11:12:28,0.0,71.67343,71.67343,1.8444444444444443,linear,75.80833333333332,61.1,discharging,True,False,False,False,False,5月17日08_00_5月17日18_00
2024-05-17 11:12:58,0.0,73.21381,73.21381,1.7,linear,75.77499999999999,62.8,discharging,True,False,False,False,False,5月17日08_00_5月17日18_00
2024-05-17 11:13:28,0.0,73.23006000000001,73.23006000000001,1.7,linear,75.74166666666666,62.7,discharging,True,False,False,False,False,5月17日08_00_5月17日18_00
2024-05-17 11:13:58,0.0,67.81909,67.81909,1.7,linear,75.70833333333333,62.900000000000006,discharging,True,False,False,False,False,5月17日08_00_5月17日18_00
2024-05-17 11:14:28,0.0,54.70344,54.70344,1.7,linear,75.68333333333334,55.2,discharging,True,False,False,False,False,5月17日08_00_5月17日18_00
2024-05-17 11:14:58,0.0,49.051230000000004,49.051230000000004,1.7,linear,75.675,47.9,discharging,True,False,False,False,False,5月17日08_00_5月17日18_00
2024-05-17 11:15:28,0.0,56.80363,56.80363,0.6,linear,75.62499999999999,56.599999999999994,discharging,True,False,False,False,False,5月17日08_00_5月17日18_00
2024-05-17 11:15:58,0.0,55.54939,55.54939,0.6,linear,75.60833333333333,56.7,discharging,True,False,False,False,False,5月17日08_00_5月17日18_00
2024-05-17 11:16:28,0.0,56.4944,56.4944,0.6,linear,75.59166666666668,56.8,discharging,True,False,False,False,False,5月17日08_00_5月17日18_00
2024-05-17 11:16:58,0.0,65.60810000000001,65.60810000000001,0.6,linear,75.55833333333335,62.2,discharging,True,False,False,False,False,5月17日08_00_5月17日18_00
2024-05-17 11:17:28,0.0,69.58221999999999,69.58221999999999,0.6,linear,75.525,69.9,discharging,True,False,False,False,False,5月17日08_00_5月17日18_00
2024-05-17 11:17:58,0.0,69.2897,69.2897,0.6,linear,75.49166666666666,70.6,discharging,True,False,False,False,False,5月17日08_00_5月17日18_00
2024-05-17 11:18:28,0.0,84.83254000000001,84.83254000000001,0.0,linear,75.47500000000001,69.7,discharging,True,False,False,False,False,5月17日08_00_5月17日18_00
2024-05-17 11:18:58,0.0,78.89948000000001,78.89948000000001,0.0,linear,75.425,80.4,discharging,True,False,False,False,False,5月17日08_00_5月17日18_00
2024-05-17 11:19:28,0.0,71.11677999999999,71.11677999999999,0.0,linear,75.38333333333333,75.3,discharging,True,False,False,False,False,5月17日08_00_5月17日18_00
2024-05-17 11:19:58,0.0,72.42966,72.42966,0.0,linear,75.36666666666666,74.19999999999999,discharging,True,False,False,False,False,5月17日08_00_5月17日18_00
2024-05-17 11:20:28,0.0,71.78560999999999,71.78560999999999,0.0,linear,75.31666666666665,74.9,discharging,True,False,False,False,False,5月17日08_00_5月17日18_00
2024-05-17 11:20:58,0.0,72.18555,72.18555,0.0,linear,75.3,75.5,discharging,True,False,False,False,False,5月17日08_00_5月17日18_00
2024-05-17 11:21:28,0.0,63.60107000000001,63.60107000000001,0.0,linear,75.27499999999999,67.9,discharging,True,False,False,False,False,5月17日08_00_5月17日18_00
2024-05-17 11:21:58,0.0,58.03523000000001,58.03523000000001,0.0,linear,75.23333333333333,60.2,discharging,True,False,False,False,False,5月17日08_00_5月17日18_00
2024-05-17 11:22:28,0.0,44.21607,44.21607,0.0,linear,75.19166666666666,46.5,discharging,True,False,False,False,False,5月17日08_00_5月17日18_00
2024-05-17 11:22:58,0.0,45.73941000000001,45.73941000000001,0.0,linear,75.19166666666666,48.1,discharging,True,False,False,False,False,5月17日08_00_5月17日18_00
2024-05-17 11:23:28,0.0,45.74430000000001,45.74430000000001,0.0,linear,75.16666666666666,49.1,discharging,True,False,False,False,False,5月17日08_00_5月17日18_00
2024-05-17 11:23:58,0.0,46.190349,46.190349,0.0,linear,75.14166666666667,48.400000000000006,discharging,True,False,False,False,False,5月17日08_00_5月17日18_00
2024-05-17 11:24:28,0.0,49.471881999999994,49.471881999999994,0.0,linear,75.125,51.7,discharging,True,False,False,False,False,5月17日08_00_5月17日18_00
2024-05-17 11:24:58,0.0,50.030269999999994,50.030269999999994,0.0,linear,75.10000000000001,52.5,discharging,True,False,False,False,False,5月17日08_00_5月17日18_00
2024-05-17 11:25:28,0.0,56.56602,56.56602,0.0,linear,75.09166666666668,59.400000000000006,discharging,True,False,False,False,False,5月17日08_00_5月17日18_00
2024-05-17 11:25:58,0.0,56.47948000000002,56.47948000000002,0.0,linear,75.075,58.900000000000006,discharging,True,False,False,False,False,5月17日08_00_5月17日18_00
2024-05-17 11:26:28,0.0,57.15066,57.15066,0.0,linear,75.01666666666667,59.400000000000006,discharging,True,False,False,False,False,5月17日08_00_5月17日18_00
2024-05-17 11:26:58,0.0,57.64769,57.64769,0.0,linear,75.00833333333334,60.4,discharging,True,False,False,False,False,5月17日08_00_5月17日18_00
2024-05-17 11:27:28,0.0,57.2344,57.2344,0.0,linear,74.98333333333333,59.9,discharging,True,False,False,False,False,5月17日08_00_5月17日18_00
2024-05-17 11:27:58,0.0,56.59066000000001,56.59066000000001,0.0,linear,74.95833333333333,59.199999999999996,discharging,True,False,False,False,False,5月17日08_00_5月17日18_00
2024-05-17 11:28:28,0.0,50.191900000000004,50.191900000000004,0.0,linear,74.94166666666666,53.4,discharging,True,False,False,False,False,5月17日08_00_5月17日18_00
2024-05-17 11:28:58,0.0,43.410140000000006,43.410140000000006,0.0,linear,74.91666666666667,45.5,discharging,True,False,False,False,False,5月17日08_00_5月17日18_00
2024-05-17 11:29:28,0.0,43.588468,43.588468,0.0,linear,74.9,46.4,discharging,True,False,False,False,False,5月17日08_00_5月17日18_00
2024-05-17 11:29:58,0.0,44.102270000000004,44.102270000000004,0.0,linear,74.86666666666666,46.099999999999994,discharging,True,False,False,False,False,5月17日08_00_5月17日18_00
2024-05-17 11:30:28,0.0,44.40902,44.40902,0.0,linear,74.85,44.8,discharging,True,False,False,False,False,5月17日08_00_5月17日18_00
2024-05-17 11:30:58,0.0,44.605079999999994,44.605079999999994,0.0,linear,74.84166666666665,45.9,discharging,True,False,False,False,False,5月17日08_00_5月17日18_00
2024-05-17 11:31:28,0.0,56.760824,56.760824,0.0,linear,74.83333333333333,59.5,discharging,True,False,False,False,False,5月17日08_00_5月17日18_00
2024-05-17 11:31:58,0.0,55.69039,55.69039,0.0,linear,74.79166666666667,59.2,discharging,True,False,False,False,False,5月17日08_00_5月17日18_00
2024-05-17 11:32:28,0.0,69.87043,69.87043,0.0,linear,74.74999999999999,73.8,discharging,True,False,False,False,False,5月17日08_00_5月17日18_00
2024-05-17 11:32:58,0.0,71.941572,71.941572,0.0,linear,74.74166666666666,76.4,discharging,True,False,False,False,False,5月17日08_00_5月17日18_00
2024-05-17 11:33:28,0.0,39.229265000000005,39.229265000000005,0.0,nearest,74.71666666666665,40.1,discharging,True,False,False,False,False,5月17日08_00_5月17日18_00
2024-05-17 11:39:58,0.0,-0.07561000000000001,-0.07561000000000001,0.0,nearest,74.68333333333334,0.0,neutral,True,False,False,False,True,5月17日08_00_5月17日18_00
2024-05-17 11:40:28,0.0,-0.076169,-0.076169,0.0,linear,74.68333333333334,0.0,neutral,True,False,False,False,True,5月17日08_00_5月17日18_00
2024-05-17 11:40:58,0.0,-0.076168,-0.076168,0.0,linear,74.68333333333334,0.0,neutral,True,False,False,False,True,5月17日08_00_5月17日18_00
2024-05-17 11:41:28,0.0,-0.076168,-0.076168,0.0,linear,74.68333333333334,0.0,neutral,True,False,False,False,True,5月17日08_00_5月17日18_00
2024-05-17 11:41:58,0.0,-0.076168,-0.076168,0.0,linear,74.68333333333334,0.0,neutral,True,False,False,False,True,5月17日08_00_5月17日18_00
2024-05-17 11:42:28,0.0,-0.076168,-0.076168,0.0,linear,74.68333333333334,0.0,neutral,True,False,False,False,True,5月17日08_00_5月17日18_00
2024-05-17 11:42:58,0.0,-0.076168,-0.076168,0.0,linear,74.68333333333334,0.0,neutral,True,False,False,False,True,5月17日08_00_5月17日18_00
2024-05-17 11:43:28,0.0,-0.076764,-0.076764,0.0,linear,74.68333333333334,0.0,neutral,True,False,False,False,True,5月17日08_00_5月17日18_00
2024-05-17 11:43:58,0.0,-0.077324,-0.077324,0.0,linear,74.68333333333334,0.0,neutral,True,False,False,False,True,5月17日08_00_5月17日18_00
2024-05-17 11:44:28,0.0,-0.077884,-0.077884,0.0,linear,74.68333333333334,0.0,neutral,True,False,False,False,True,5月17日08_00_5月17日18_00
2024-05-17 11:44:58,0.0,-0.078444,-0.078444,0.0,linear,74.68333333333334,0.0,neutral,True,False,False,False,True,5月17日08_00_5月17日18_00
2024-05-17 11:45:28,0.0,-0.078444,-0.078444,0.0,linear,74.68333333333334,0.0,neutral,True,False,False,False,True,5月17日08_00_5月17日18_00
2024-05-17 11:45:58,0.0,-0.078444,-0.078444,0.0,linear,74.68333333333334,0.0,neutral,True,False,False,False,True,5月17日08_00_5月17日18_00
2024-05-17 11:46:28,0.0,-0.07900399999999999,-0.07900399999999999,0.0,linear,74.68333333333334,0.0,neutral,True,False,False,False,True,5月17日08_00_5月17日18_00
2024-05-17 11:46:58,0.0,-0.080124,-0.080124,0.0,linear,74.68333333333334,0.0,neutral,True,False,False,False,True,5月17日08_00_5月17日18_00
2024-05-17 11:47:28,0.0,-0.080124,-0.080124,0.0,linear,74.68333333333334,0.0,neutral,True,False,False,False,True,5月17日08_00_5月17日18_00
2024-05-17 11:47:58,0.0,-0.080124,-0.080124,0.0,linear,74.68333333333334,0.0,neutral,True,False,False,False,True,5月17日08_00_5月17日18_00
2024-05-17 11:48:28,0.0,-0.080124,-0.080124,0.0,linear,74.68333333333334,0.0,neutral,True,False,False,False,True,5月17日08_00_5月17日18_00
2024-05-17 11:48:58,0.0,-0.080124,-0.080124,0.0,linear,74.68333333333334,0.0,neutral,True,False,False,False,True,5月17日08_00_5月17日18_00
2024-05-17 11:49:28,0.0,-0.080684,-0.080684,0.0,linear,74.68333333333334,0.0,neutral,True,False,False,False,True,5月17日08_00_5月17日18_00
2024-05-17 11:49:58,0.0,-0.080683,-0.080683,0.0,linear,74.68333333333334,0.0,neutral,True,False,False,False,True,5月17日08_00_5月17日18_00
2024-05-17 11:50:28,0.0,-0.080122,-0.080122,0.0,linear,74.68333333333334,0.0,neutral,True,False,False,False,True,5月17日08_00_5月17日18_00
2024-05-17 11:50:58,0.0,-0.080122,-0.080122,0.0,linear,74.68333333333334,0.0,neutral,True,False,False,False,True,5月17日08_00_5月17日18_00
2024-05-17 11:51:28,0.0,-0.080683,-0.080683,0.0,linear,74.68333333333334,0.0,neutral,True,False,False,False,True,5月17日08_00_5月17日18_00
2024-05-17 11:51:58,0.0,-0.080683,-0.080683,0.0,linear,74.68333333333334,0.0,neutral,True,False,False,False,True,5月17日08_00_5月17日18_00
2024-05-17 11:52:28,0.0,-0.081804,-0.081804,0.0,linear,74.68333333333334,0.0,neutral,True,False,False,False,True,5月17日08_00_5月17日18_00
2024-05-17 11:52:58,0.0,-0.08180500000000002,-0.08180500000000002,0.0,linear,74.68333333333334,0.0,neutral,True,False,False,False,True,5月17日08_00_5月17日18_00
2024-05-17 11:53:28,0.0,-0.08180500000000002,-0.08180500000000002,0.0,linear,74.68333333333334,0.0,neutral,True,False,False,False,True,5月17日08_00_5月17日18_00
2024-05-17 11:53:58,0.0,-0.08294900000000001,-0.08294900000000001,0.0,linear,74.68333333333334,0.0,neutral,True,False,False,False,True,5月17日08_00_5月17日18_00
2024-05-17 11:54:28,0.0,-0.083485,-0.083485,0.0,linear,74.68333333333334,0.0,neutral,True,False,False,False,True,5月17日08_00_5月17日18_00
2024-05-17 11:54:58,0.0,-0.085725,-0.085725,0.0,linear,74.68333333333334,0.0,neutral,True,False,False,False,True,5月17日08_00_5月17日18_00
2024-05-17 11:55:28,0.0,-0.08684800000000001,-0.08684800000000001,0.0,linear,74.68333333333334,0.0,neutral,True,False,False,False,True,5月17日08_00_5月17日18_00
2024-05-17 11:55:58,0.0,-0.085725,-0.085725,0.0,linear,74.68333333333334,0.0,neutral,True,False,False,False,True,5月17日08_00_5月17日18_00
2024-05-17 11:56:29,0.0,-0.085165,-0.085165,0.0,linear,74.68333333333334,0.0,neutral,True,False,False,False,True,5月17日08_00_5月17日18_00
2024-05-17 11:56:58,0.0,-0.085726,-0.085726,0.0,linear,74.68333333333334,0.0,neutral,True,False,False,False,True,5月17日08_00_5月17日18_00
2024-05-17 11:57:28,0.0,-0.086869,-0.086869,0.0,linear,74.68333333333334,0.0,neutral,True,False,False,False,True,5月17日08_00_5月17日18_00
2024-05-17 11:57:58,0.0,-0.086871,-0.086871,0.0,linear,74.68333333333334,0.0,neutral,True,False,False,False,True,5月17日08_00_5月17日18_00
2024-05-17 11:58:28,0.0,-0.08518900000000001,-0.08518900000000001,0.0,linear,74.68333333333334,0.0,neutral,True,False,False,False,True,5月17日08_00_5月17日18_00
2024-05-17 11:58:58,0.0,-0.08686900000000002,-0.08686900000000002,0.0,linear,74.68333333333334,0.0,neutral,True,False,False,False,True,5月17日08_00_5月17日18_00
2024-05-17 11:59:28,0.0,-0.086311,-0.086311,0.0,linear,74.68333333333334,0.0,neutral,True,False,False,False,True,5月17日08_00_5月17日18_00
2024-05-17 11:59:58,0.0,-0.08743000000000001,-0.08743000000000001,0.0,linear,74.68333333333334,0.0,neutral,True,False,False,False,True,5月17日08_00_5月17日18_00
2024-05-17 12:00:28,0.0,-0.08799100000000001,-0.08799100000000001,0.0,linear,74.68333333333334,0.0,neutral,True,False,False,False,True,5月17日08_00_5月17日18_00
2024-05-17 12:00:58,0.0,-0.091354,-0.091354,0.0,linear,74.68333333333334,0.0,neutral,True,False,False,False,True,5月17日08_00_5月17日18_00
2024-05-17 12:01:28,0.0,-0.091945,-0.091945,0.0,linear,74.68333333333334,0.0,neutral,True,False,False,False,True,5月17日08_00_5月17日18_00
2024-05-17 12:01:58,0.0,-0.08914,-0.08914,0.0,linear,74.68333333333334,0.0,neutral,True,False,False,False,True,5月17日08_00_5月17日18_00
2024-05-17 12:02:28,0.0,-0.089142,-0.089142,0.0,linear,74.68333333333334,0.0,neutral,True,False,False,False,True,5月17日08_00_5月17日18_00
2024-05-17 12:02:58,0.0,-0.092506,-0.092506,0.0,linear,74.68333333333334,0.0,neutral,True,False,False,False,True,5月17日08_00_5月17日18_00
2024-05-17 12:03:28,0.0,-0.091946,-0.091946,0.0,linear,74.68333333333334,0.0,neutral,True,False,False,False,True,5月17日08_00_5月17日18_00
2024-05-17 12:03:58,0.0,-0.091945,-0.091945,0.0,linear,74.68333333333334,0.0,neutral,True,False,False,False,True,5月17日08_00_5月17日18_00
2024-05-17 12:04:28,0.0,-0.091945,-0.091945,0.0,linear,74.68333333333334,0.0,neutral,True,False,False,False,True,5月17日08_00_5月17日18_00
2024-05-17 12:04:58,0.0,-0.090823,-0.090823,0.0,linear,74.68333333333334,0.0,neutral,True,False,False,False,True,5月17日08_00_5月17日18_00
2024-05-17 12:05:28,0.0,-0.09306599999999998,-0.09306599999999998,0.0,linear,74.68333333333334,0.0,neutral,True,False,False,False,True,5月17日08_00_5月17日18_00
2024-05-17 12:05:58,0.0,-0.094188,-0.094188,0.0,linear,74.68333333333334,0.0,neutral,True,False,False,False,True,5月17日08_00_5月17日18_00
2024-05-17 12:06:28,0.0,-0.09418699999999999,-0.09418699999999999,0.0,linear,74.68333333333334,0.0,neutral,True,False,False,False,True,5月17日08_00_5月17日18_00
2024-05-17 12:06:58,0.0,-0.094746,-0.094746,0.0,linear,74.68333333333334,0.0,neutral,True,False,False,False,True,5月17日08_00_5月17日18_00
2024-05-17 12:07:28,0.0,-0.09415299999999999,-0.09415299999999999,0.0,linear,74.68333333333334,0.0,neutral,True,False,False,False,True,5月17日08_00_5月17日18_00
2024-05-17 12:07:58,0.0,-0.09190999999999999,-0.09190999999999999,0.0,linear,74.68333333333334,0.0,neutral,True,False,False,False,True,5月17日08_00_5月17日18_00
2024-05-17 12:08:28,0.0,-0.09471399999999999,-0.09471399999999999,0.0,linear,74.68333333333334,0.0,neutral,True,False,False,False,True,5月17日08_00_5月17日18_00
2024-05-17 12:08:58,0.0,-0.095273,-0.095273,0.0,linear,74.68333333333334,0.0,neutral,True,False,False,False,True,5月17日08_00_5月17日18_00
2024-05-17 12:09:28,0.0,-0.09471299999999999,-0.09471299999999999,0.0,linear,74.68333333333334,0.0,neutral,True,False,False,False,True,5月17日08_00_5月17日18_00
2024-05-17 12:09:58,0.0,-0.09583399999999999,-0.09583399999999999,0.0,linear,74.68333333333334,0.0,neutral,True,False,False,False,True,5月17日08_00_5月17日18_00
2024-05-17 12:10:28,0.0,-0.09583399999999999,-0.09583399999999999,0.0,linear,74.68333333333334,0.0,neutral,True,False,False,False,True,5月17日08_00_5月17日18_00
2024-05-17 12:10:58,0.0,-0.09583399999999999,-0.09583399999999999,0.0,linear,74.68333333333334,0.0,neutral,True,False,False,False,True,5月17日08_00_5月17日18_00
2024-05-17 12:11:28,0.0,-0.095274,-0.095274,0.0,linear,74.68333333333334,0.0,neutral,True,False,False,False,True,5月17日08_00_5月17日18_00
2024-05-17 12:11:58,0.0,-0.09583399999999999,-0.09583399999999999,0.0,linear,74.68333333333334,0.0,neutral,True,False,False,False,True,5月17日08_00_5月17日18_00
2024-05-17 12:12:28,0.0,-0.096954,-0.096954,0.0,linear,74.68333333333334,0.0,neutral,True,False,False,False,True,5月17日08_00_5月17日18_00
2024-05-17 12:12:58,0.0,-0.095274,-0.095274,0.0,linear,74.68333333333334,0.0,neutral,True,False,False,False,True,5月17日08_00_5月17日18_00
2024-05-17 12:13:28,0.0,-0.09751399999999999,-0.09751399999999999,0.0,linear,74.68333333333334,0.0,neutral,True,False,False,False,True,5月17日08_00_5月17日18_00
2024-05-17 12:13:58,0.0,-0.09751399999999999,-0.09751399999999999,0.0,linear,74.68333333333334,0.0,neutral,True,False,False,False,True,5月17日08_00_5月17日18_00
2024-05-17 12:14:28,0.0,-0.098111,-0.098111,0.0,linear,74.68333333333334,0.0,neutral,True,False,False,False,True,5月17日08_00_5月17日18_00
2024-05-17 12:14:58,0.0,-0.09923299999999999,-0.09923299999999999,0.0,linear,74.68333333333334,0.0,neutral,True,False,False,False,True,5月17日08_00_5月17日18_00
2024-05-17 12:15:28,0.0,-0.09923199999999999,-0.09923199999999999,0.0,linear,74.68333333333334,0.0,neutral,True,False,False,False,True,5月17日08_00_5月17日18_00
2024-05-17 12:15:58,0.0,-0.09923199999999999,-0.09923199999999999,0.0,linear,74.68333333333334,0.0,neutral,True,False,False,False,True,5月17日08_00_5月17日18_00
2024-05-17 12:16:28,0.0,-0.09923199999999999,-0.09923199999999999,0.0,linear,74.68333333333334,0.0,neutral,True,False,False,False,True,5月17日08_00_5月17日18_00
2024-05-17 12:16:58,0.0,-0.09979199999999999,-0.09979199999999999,0.0,linear,74.68333333333334,0.0,neutral,True,False,False,False,True,5月17日08_00_5月17日18_00
2024-05-17 12:17:28,0.0,-0.09867099999999998,-0.09867099999999998,0.0,linear,74.68333333333334,0.0,neutral,True,False,False,False,True,5月17日08_00_5月17日18_00
2024-05-17 12:17:58,0.0,-0.09923199999999999,-0.09923199999999999,0.0,linear,74.68333333333334,0.0,neutral,True,False,False,False,True,5月17日08_00_5月17日18_00
2024-05-17 12:18:28,0.0,-0.09979199999999999,-0.09979199999999999,0.0,linear,74.68333333333334,0.0,neutral,True,False,False,False,True,5月17日08_00_5月17日18_00
2024-05-17 12:18:58,0.0,-0.100912,-0.100912,0.0,linear,74.68333333333334,0.0,neutral,True,False,False,False,True,5月17日08_00_5月17日18_00
2024-05-17 12:19:28,0.0,-0.09979199999999999,-0.09979199999999999,0.0,linear,74.68333333333334,0.0,neutral,True,False,False,False,True,5月17日08_00_5月17日18_00
2024-05-17 12:19:58,0.0,-0.09923199999999999,-0.09923199999999999,0.0,linear,74.68333333333334,0.0,neutral,True,False,False,False,True,5月17日08_00_5月17日18_00
2024-05-17 12:20:28,0.0,-0.09923199999999999,-0.09923199999999999,0.0,linear,74.68333333333334,0.0,neutral,True,False,False,False,True,5月17日08_00_5月17日18_00
2024-05-17 12:20:58,0.0,-0.099268,-0.099268,0.0,linear,74.68333333333334,0.0,neutral,True,False,False,False,True,5月17日08_00_5月17日18_00
2024-05-17 12:21:28,0.0,-0.099295,-0.099295,0.0,linear,74.68333333333334,0.0,neutral,True,False,False,False,True,5月17日08_00_5月17日18_00
2024-05-17 12:21:58,0.0,-0.100915,-0.100915,0.0,linear,74.68333333333334,0.0,neutral,True,False,False,False,True,5月17日08_00_5月17日18_00
2024-05-17 12:22:28,0.0,-0.099295,-0.099295,0.0,linear,74.68333333333334,0.0,neutral,True,False,False,False,True,5月17日08_00_5月17日18_00
2024-05-17 12:22:58,0.0,-0.10097800000000001,-0.10097800000000001,0.0,linear,74.68333333333334,0.0,neutral,True,False,False,False,True,5月17日08_00_5月17日18_00
2024-05-17 12:23:28,0.0,-0.100416,-0.100416,0.0,linear,74.68333333333334,0.0,neutral,True,False,False,False,True,5月17日08_00_5月17日18_00
2024-05-17 12:23:58,0.0,-0.10097800000000001,-0.10097800000000001,0.0,linear,74.68333333333334,0.0,neutral,True,False,False,False,True,5月17日08_00_5月17日18_00
2024-05-17 12:24:28,0.0,-0.102661,-0.102661,0.0,linear,74.68333333333334,0.0,neutral,True,False,False,False,True,5月17日08_00_5月17日18_00
2024-05-17 12:24:58,0.0,-0.10490500000000001,-0.10490500000000001,0.0,linear,74.68333333333334,0.0,neutral,True,False,False,False,True,5月17日08_00_5月17日18_00
2024-05-17 12:25:28,0.0,-0.103795,-0.103795,0.0,linear,74.68333333333334,0.0,neutral,True,False,False,False,True,5月17日08_00_5月17日18_00
2024-05-17 12:25:58,0.0,-0.104356,-0.104356,0.0,linear,74.68333333333334,0.0,neutral,True,False,False,False,True,5月17日08_00_5月17日18_00
2024-05-17 12:26:28,0.0,-0.104356,-0.104356,0.0,linear,74.68333333333334,0.0,neutral,True,False,False,False,True,5月17日08_00_5月17日18_00
2024-05-17 12:26:58,0.0,-0.104356,-0.104356,0.0,linear,74.68333333333334,0.0,neutral,True,False,False,False,True,5月17日08_00_5月17日18_00
2024-05-17 12:27:28,0.0,-0.10491700000000001,-0.10491700000000001,0.0,linear,74.68333333333334,0.0,neutral,True,False,False,False,True,5月17日08_00_5月17日18_00
2024-05-17 12:27:58,0.0,-0.10491700000000001,-0.10491700000000001,0.0,linear,74.68333333333334,0.0,neutral,True,False,False,False,True,5月17日08_00_5月17日18_00
2024-05-17 12:28:28,0.0,-0.105478,-0.105478,0.0,linear,74.68333333333334,0.0,neutral,True,False,False,False,True,5月17日08_00_5月17日18_00
2024-05-17 12:28:58,0.0,-0.10495600000000001,-0.10495600000000001,0.0,linear,74.68333333333334,0.0,neutral,True,False,False,False,True,5月17日08_00_5月17日18_00
2024-05-17 12:29:28,0.0,-0.1066,-0.1066,0.0,linear,74.68333333333334,0.0,neutral,True,False,False,False,True,5月17日08_00_5月17日18_00
2024-05-17 12:29:58,0.0,-0.10828300000000002,-0.10828300000000002,0.0,linear,74.68333333333334,0.0,neutral,True,False,False,False,True,5月17日08_00_5月17日18_00
2024-05-17 12:30:28,0.0,-0.10547800000000002,-0.10547800000000002,0.0,linear,74.68333333333334,0.0,neutral,True,False,False,False,True,5月17日08_00_5月17日18_00
2024-05-17 12:30:58,0.0,-0.10603900000000001,-0.10603900000000001,0.0,linear,74.68333333333334,0.0,neutral,True,False,False,False,True,5月17日08_00_5月17日18_00
2024-05-17 12:31:28,0.0,-0.10603900000000001,-0.10603900000000001,0.0,linear,74.68333333333334,0.0,neutral,True,False,False,False,True,5月17日08_00_5月17日18_00
2024-05-17 12:31:58,0.0,-0.10603900000000001,-0.10603900000000001,0.0,linear,74.68333333333334,0.0,neutral,True,False,False,False,True,5月17日08_00_5月17日18_00
2024-05-17 12:32:28,0.0,-0.107202,-0.107202,0.0,linear,74.68333333333334,0.0,neutral,True,False,False,False,True,5月17日08_00_5月17日18_00
2024-05-17 12:32:58,0.0,-0.106078,-0.106078,0.0,linear,74.68333333333334,0.0,neutral,True,False,False,False,True,5月17日08_00_5月17日18_00
2024-05-17 12:33:28,0.0,-0.10603900000000001,-0.10603900000000001,0.0,linear,74.68333333333334,0.0,neutral,True,False,False,False,True,5月17日08_00_5月17日18_00
2024-05-17 12:33:58,0.0,-0.10772200000000001,-0.10772200000000001,0.0,linear,74.68333333333334,0.0,neutral,True,False,False,False,True,5月17日08_00_5月17日18_00
2024-05-17 12:34:28,0.0,-0.10603900000000001,-0.10603900000000001,0.0,linear,74.68333333333334,0.0,neutral,True,False,False,False,True,5月17日08_00_5月17日18_00
2024-05-17 12:34:58,0.0,-0.107161,-0.107161,0.0,linear,74.68333333333334,0.0,neutral,True,False,False,False,True,5月17日08_00_5月17日18_00
2024-05-17 12:35:28,0.0,-0.10772200000000001,-0.10772200000000001,0.0,linear,74.68333333333334,0.0,neutral,True,False,False,False,True,5月17日08_00_5月17日18_00
2024-05-17 12:35:58,0.0,-0.1066,-0.1066,0.0,linear,74.68333333333334,0.0,neutral,True,False,False,False,True,5月17日08_00_5月17日18_00
2024-05-17 12:36:28,0.0,-0.10828300000000002,-0.10828300000000002,0.0,linear,74.68333333333334,0.0,neutral,True,False,False,False,True,5月17日08_00_5月17日18_00
2024-05-17 12:36:58,0.0,-0.10768,-0.10768,0.0,linear,74.68333333333334,0.0,neutral,True,False,False,False,True,5月17日08_00_5月17日18_00
2024-05-17 12:37:28,0.0,-0.10880200000000001,-0.10880200000000001,0.0,linear,74.68333333333334,0.0,neutral,True,False,False,False,True,5月17日08_00_5月17日18_00
2024-05-17 12:37:58,0.0,-0.110485,-0.110485,0.0,linear,74.68333333333334,0.0,neutral,True,False,False,False,True,5月17日08_00_5月17日18_00
2024-05-17 12:38:28,0.0,-0.11052699999999999,-0.11052699999999999,0.0,linear,74.68333333333334,0.0,neutral,True,False,False,False,True,5月17日08_00_5月17日18_00
2024-05-17 12:38:59,0.0,-0.109405,-0.109405,0.0,linear,74.68333333333334,0.0,neutral,True,False,False,False,True,5月17日08_00_5月17日18_00
2024-05-17 12:39:29,0.0,-0.110527,-0.110527,0.0,linear,74.68333333333334,0.0,neutral,True,False,False,False,True,5月17日08_00_5月17日18_00
2024-05-17 12:39:58,0.0,-0.109405,-0.109405,0.0,linear,74.68333333333334,0.0,neutral,True,False,False,False,True,5月17日08_00_5月17日18_00
2024-05-17 12:40:28,0.0,-0.109405,-0.109405,0.0,linear,74.68333333333334,0.0,neutral,True,False,False,False,True,5月17日08_00_5月17日18_00
2024-05-17 12:40:58,0.0,-0.111649,-0.111649,0.0,linear,74.68333333333334,0.0,neutral,True,False,False,False,True,5月17日08_00_5月17日18_00
2024-05-17 12:41:28,0.0,-0.11108799999999999,-0.11108799999999999,0.0,linear,74.68333333333334,0.0,neutral,True,False,False,False,True,5月17日08_00_5月17日18_00
2024-05-17 12:41:58,0.0,-0.11108799999999999,-0.11108799999999999,0.0,linear,74.68333333333334,0.0,neutral,True,False,False,False,True,5月17日08_00_5月17日18_00
2024-05-17 12:42:28,0.0,-0.10996600000000001,-0.10996600000000001,0.0,linear,74.68333333333334,0.0,neutral,True,False,False,False,True,5月17日08_00_5月17日18_00
2024-05-17 12:42:58,0.0,-0.111088,-0.111088,0.0,linear,74.68333333333334,0.0,neutral,True,False,False,False,True,5月17日08_00_5月17日18_00
2024-05-17 12:43:28,0.0,-0.11333199999999999,-0.11333199999999999,0.0,linear,74.68333333333334,0.0,neutral,True,False,False,False,True,5月17日08_00_5月17日18_00
2024-05-17 12:43:58,0.0,-0.11221,-0.11221,0.0,linear,74.68333333333334,0.0,neutral,True,False,False,False,True,5月17日08_00_5月17日18_00
2024-05-17 12:44:28,0.0,-0.113332,-0.113332,0.0,linear,74.68333333333334,0.0,neutral,True,False,False,False,True,5月17日08_00_5月17日18_00
2024-05-17 12:44:58,0.0,-0.11220999999999998,-0.11220999999999998,0.0,linear,74.68333333333334,0.0,neutral,True,False,False,False,True,5月17日08_00_5月17日18_00
2024-05-17 12:45:28,0.0,-0.11220999999999999,-0.11220999999999999,0.0,linear,74.68333333333334,0.0,neutral,True,False,False,False,True,5月17日08_00_5月17日18_00
2024-05-17 12:45:58,0.0,-0.113893,-0.113893,0.0,linear,74.68333333333334,0.0,neutral,True,False,False,False,True,5月17日08_00_5月17日18_00
2024-05-17 12:46:28,0.0,-0.113893,-0.113893,0.0,linear,74.68333333333334,0.0,neutral,True,False,False,False,True,5月17日08_00_5月17日18_00
2024-05-17 12:46:58,0.0,-0.11393799999999998,-0.11393799999999998,0.0,linear,74.68333333333334,0.0,neutral,True,False,False,False,True,5月17日08_00_5月17日18_00
2024-05-17 12:47:28,0.0,-0.11445399999999999,-0.11445399999999999,0.0,linear,74.68333333333334,0.0,neutral,True,False,False,False,True,5月17日08_00_5月17日18_00
2024-05-17 12:47:58,0.0,-0.113893,-0.113893,0.0,linear,74.68333333333334,0.0,neutral,True,False,False,False,True,5月17日08_00_5月17日18_00
2024-05-17 12:48:28,0.0,-0.113893,-0.113893,0.0,linear,74.68333333333334,0.0,neutral,True,False,False,False,True,5月17日08_00_5月17日18_00
2024-05-17 12:48:58,0.0,-0.113893,-0.113893,0.0,linear,74.68333333333334,0.0,neutral,True,False,False,False,True,5月17日08_00_5月17日18_00
2024-05-17 12:49:28,0.0,-0.11501499999999998,-0.11501499999999998,0.0,linear,74.68333333333334,0.0,neutral,True,False,False,False,True,5月17日08_00_5月17日18_00
2024-05-17 12:49:58,0.0,-0.113893,-0.113893,0.0,linear,74.68333333333334,0.0,neutral,True,False,False,False,True,5月17日08_00_5月17日18_00
2024-05-17 12:50:28,0.0,-0.113332,-0.113332,0.0,linear,74.68333333333334,0.0,neutral,True,False,False,False,True,5月17日08_00_5月17日18_00
2024-05-17 12:50:58,0.0,-0.113893,-0.113893,0.0,linear,74.68333333333334,0.0,neutral,True,False,False,False,True,5月17日08_00_5月17日18_00
2024-05-17 12:51:28,0.0,-0.11393799999999998,-0.11393799999999998,0.0,linear,74.68333333333334,0.0,neutral,True,False,False,False,True,5月17日08_00_5月17日18_00
2024-05-17 12:51:58,0.0,-0.113893,-0.113893,0.0,linear,74.68333333333334,0.0,neutral,True,False,False,False,True,5月17日08_00_5月17日18_00
2024-05-17 12:52:29,0.0,-0.11449899999999999,-0.11449899999999999,0.0,linear,74.68333333333334,0.0,neutral,True,False,False,False,True,5月17日08_00_5月17日18_00
2024-05-17 12:52:59,0.0,-0.11501499999999998,-0.11501499999999998,0.0,linear,74.68333333333334,0.0,neutral,True,False,False,False,True,5月17日08_00_5月17日18_00
2024-05-17 12:53:28,0.0,-0.113377,-0.113377,0.0,linear,74.68333333333334,0.0,neutral,True,False,False,False,True,5月17日08_00_5月17日18_00
2024-05-17 12:53:58,0.0,-0.113893,-0.113893,0.0,linear,74.68333333333334,0.0,neutral,True,False,False,False,True,5月17日08_00_5月17日18_00
2024-05-17 12:54:28,0.0,-0.115621,-0.115621,0.0,linear,74.68333333333334,0.0,neutral,True,False,False,False,True,5月17日08_00_5月17日18_00
2024-05-17 12:54:58,0.0,-0.11506,-0.11506,0.0,linear,74.68333333333334,0.0,neutral,True,False,False,False,True,5月17日08_00_5月17日18_00
2024-05-17 12:55:28,0.0,-0.115621,-0.115621,0.0,linear,74.68333333333334,0.0,neutral,True,False,False,False,True,5月17日08_00_5月17日18_00
2024-05-17 12:55:58,0.0,-0.11393799999999998,-0.11393799999999998,0.0,linear,74.68333333333334,0.0,neutral,True,False,False,False,True,5月17日08_00_5月17日18_00
2024-05-17 12:56:28,0.0,-0.11618399999999998,-0.11618399999999998,0.0,linear,74.68333333333334,0.0,neutral,True,False,False,False,True,5月17日08_00_5月17日18_00
2024-05-17 12:56:58,0.0,-0.11618299999999998,-0.11618299999999998,0.0,linear,74.68333333333334,0.0,neutral,True,False,False,False,True,5月17日08_00_5月17日18_00
2024-05-17 12:57:28,0.0,-0.11501499999999998,-0.11501499999999998,0.0,linear,74.68333333333334,0.0,neutral,True,False,False,False,True,5月17日08_00_5月17日18_00
2024-05-17 12:57:58,0.0,-0.115015,-0.115015,0.0,linear,74.68333333333334,0.0,neutral,True,False,False,False,True,5月17日08_00_5月17日18_00
2024-05-17 12:58:28,0.0,-0.11557599999999998,-0.11557599999999998,0.0,linear,74.68333333333334,0.0,neutral,True,False,False,False,True,5月17日08_00_5月17日18_00
2024-05-17 12:58:58,0.0,-0.11501499999999999,-0.11501499999999999,0.0,linear,74.68333333333334,0.0,neutral,True,False,False,False,True,5月17日08_00_5月17日18_00
2024-05-17 12:59:28,0.0,-0.11501499999999998,-0.11501499999999998,0.0,linear,74.68333333333334,0.0,neutral,True,False,False,False,True,5月17日08_00_5月17日18_00
2024-05-17 12:59:58,0.0,-0.11557599999999998,-0.11557599999999998,0.0,linear,74.68333333333334,0.0,neutral,True,False,False,False,True,5月17日08_00_5月17日18_00
2024-05-17 13:00:28,0.0,-0.115621,-0.115621,0.0,linear,74.68333333333334,0.0,neutral,True,False,False,False,True,5月17日08_00_5月17日18_00
2024-05-17 13:00:58,0.0,-0.115621,-0.115621,0.0,linear,74.68333333333334,0.0,neutral,True,False,False,False,True,5月17日08_00_5月17日18_00
2024-05-17 13:01:28,0.0,-0.11506,-0.11506,0.0,linear,74.68333333333334,0.0,neutral,True,False,False,False,True,5月17日08_00_5月17日18_00
2024-05-17 13:01:58,0.0,-0.11618200000000001,-0.11618200000000001,0.0,linear,74.68333333333334,0.0,neutral,True,False,False,False,True,5月17日08_00_5月17日18_00
2024-05-17 13:02:28,0.0,-0.116698,-0.116698,0.0,linear,74.68333333333334,0.0,neutral,True,False,False,False,True,5月17日08_00_5月17日18_00
2024-05-17 13:02:58,0.0,-0.11618299999999998,-0.11618299999999998,0.0,linear,74.68333333333334,0.0,neutral,True,False,False,False,True,5月17日08_00_5月17日18_00
2024-05-17 13:03:29,0.0,-0.115621,-0.115621,0.0,linear,74.68333333333334,0.0,neutral,True,False,False,False,True,5月17日08_00_5月17日18_00
2024-05-17 13:03:58,0.0,-0.11791599999999999,-0.11791599999999999,0.0,linear,74.68333333333334,0.0,neutral,True,False,False,False,True,5月17日08_00_5月17日18_00
2024-05-17 13:04:28,0.0,-0.11735499999999999,-0.11735499999999999,0.0,linear,74.68333333333334,0.0,neutral,True,False,False,False,True,5月17日08_00_5月17日18_00
2024-05-17 13:04:58,0.0,-0.116229,-0.116229,0.0,linear,74.68333333333334,0.0,neutral,True,False,False,False,True,5月17日08_00_5月17日18_00
2024-05-17 13:05:28,0.0,-0.11454399999999998,-0.11454399999999998,0.0,linear,74.68333333333334,0.0,neutral,True,False,False,False,True,5月17日08_00_5月17日18_00
2024-05-17 13:05:58,0.0,-0.116788,-0.116788,0.0,linear,74.68333333333334,0.0,neutral,True,False,False,False,True,5月17日08_00_5月17日18_00
2024-05-17 13:06:28,0.0,-0.11735499999999999,-0.11735499999999999,0.0,linear,74.68333333333334,0.0,neutral,True,False,False,False,True,5月17日08_00_5月17日18_00
2024-05-17 13:06:58,0.0,-0.11734899999999998,-0.11734899999999998,0.0,linear,74.68333333333334,0.0,neutral,True,False,False,False,True,5月17日08_00_5月17日18_00
2024-05-17 13:07:28,0.0,-0.11734899999999998,-0.11734899999999998,0.0,linear,74.68333333333334,0.0,neutral,True,False,False,False,True,5月17日08_00_5月17日18_00
2024-05-17 13:07:58,0.0,-0.11734899999999998,-0.11734899999999998,0.0,linear,74.68333333333334,0.0,neutral,True,False,False,False,True,5月17日08_00_5月17日18_00
2024-05-17 13:08:28,0.0,-0.11679199999999998,-0.11679199999999998,0.0,linear,74.68333333333334,0.0,neutral,True,False,False,False,True,5月17日08_00_5月17日18_00
2024-05-17 13:08:58,0.0,-0.11674599999999999,-0.11674599999999999,0.0,linear,74.68333333333334,0.0,neutral,True,False,False,False,True,5月17日08_00_5月17日18_00
2024-05-17 13:09:28,0.0,-0.116794,-0.116794,0.0,linear,74.68333333333334,0.0,neutral,True,False,False,False,True,5月17日08_00_5月17日18_00
2024-05-17 13:09:58,0.0,-0.117307,-0.117307,0.0,linear,74.68333333333334,0.0,neutral,True,False,False,False,True,5月17日08_00_5月17日18_00
2024-05-17 13:10:28,0.0,-0.11674300000000001,-0.11674300000000001,0.0,linear,74.68333333333334,0.0,neutral,True,False,False,False,True,5月17日08_00_5月17日18_00
2024-05-17 13:10:58,0.0,-0.11449899999999999,-0.11449899999999999,0.0,linear,74.68333333333334,0.0,neutral,True,False,False,False,True,5月17日08_00_5月17日18_00
2024-05-17 13:11:28,0.0,-0.11791599999999999,-0.11791599999999999,0.0,linear,74.68333333333334,0.0,neutral,True,False,False,False,True,5月17日08_00_5月17日18_00
2024-05-17 13:11:58,0.0,-0.116231,-0.116231,0.0,linear,74.68333333333334,0.0,neutral,True,False,False,False,True,5月17日08_00_5月17日18_00
2024-05-17 13:12:28,0.0,-0.11903799999999998,-0.11903799999999998,0.0,linear,74.68333333333334,0.0,neutral,True,False,False,False,True,5月17日08_00_5月17日18_00
2024-05-17 13:12:58,0.0,-0.11740299999999998,-0.11740299999999998,0.0,linear,74.68333333333334,0.0,neutral,True,False,False,False,True,5月17日08_00_5月17日18_00
2024-05-17 13:13:28,0.0,-0.116839,-0.116839,0.0,linear,74.68333333333334,0.0,neutral,True,False,False,False,True,5月17日08_00_5月17日18_00
2024-05-17 13:13:58,0.0,-0.11740299999999998,-0.11740299999999998,0.0,linear,74.68333333333334,0.0,neutral,True,False,False,False,True,5月17日08_00_5月17日18_00
2024-05-17 13:14:28,0.0,-0.116839,-0.116839,0.0,linear,74.68333333333334,0.0,neutral,True,False,False,False,True,5月17日08_00_5月17日18_00
2024-05-17 13:14:59,0.0,-0.11740299999999998,-0.11740299999999998,0.0,linear,74.68333333333334,0.0,neutral,True,False,False,False,True,5月17日08_00_5月17日18_00
2024-05-17 13:15:28,0.0,-0.119647,-0.119647,0.0,linear,74.68333333333334,0.0,neutral,True,False,False,False,True,5月17日08_00_5月17日18_00
2024-05-17 13:15:58,0.0,-0.119644,-0.119644,0.0,linear,74.68333333333334,0.0,neutral,True,False,False,False,True,5月17日08_00_5月17日18_00
2024-05-17 13:16:28,0.0,-0.11740299999999998,-0.11740299999999998,0.0,linear,74.68333333333334,0.0,neutral,True,False,False,False,True,5月17日08_00_5月17日18_00
2024-05-17 13:16:58,0.0,-0.12076899999999999,-0.12076899999999999,0.0,linear,74.68333333333334,0.0,neutral,True,False,False,False,True,5月17日08_00_5月17日18_00
2024-05-17 13:17:29,0.0,-0.11959899999999998,-0.11959899999999998,0.0,linear,74.68333333333334,0.0,neutral,True,False,False,False,True,5月17日08_00_5月17日18_00
2024-05-17 13:17:59,0.0,-0.118477,-0.118477,0.0,linear,74.68333333333334,0.0,neutral,True,False,False,False,True,5月17日08_00_5月17日18_00
2024-05-17 13:18:28,0.0,-0.118475,-0.118475,0.0,linear,74.68333333333334,0.0,neutral,True,False,False,False,True,5月17日08_00_5月17日18_00
2024-05-17 13:18:58,0.0,-0.11852499999999999,-0.11852499999999999,0.0,linear,74.68333333333334,0.0,neutral,True,False,False,False,True,5月17日08_00_5月17日18_00
2024-05-17 13:19:28,0.0,-0.121891,-0.121891,0.0,linear,74.68333333333334,0.0,neutral,True,False,False,False,True,5月17日08_00_5月17日18_00
2024-05-17 13:19:59,0.0,-0.12020799999999998,-0.12020799999999998,0.0,linear,74.68333333333334,0.0,neutral,True,False,False,False,True,5月17日08_00_5月17日18_00
2024-05-17 13:20:28,0.0,-0.12020799999999998,-0.12020799999999998,0.0,linear,74.68333333333334,0.0,neutral,True,False,False,False,True,5月17日08_00_5月17日18_00
2024-05-17 13:20:58,0.0,-0.12020799999999998,-0.12020799999999998,0.0,linear,74.68333333333334,0.0,neutral,True,False,False,False,True,5月17日08_00_5月17日18_00
2024-05-17 13:21:28,0.0,-0.12020799999999998,-0.12020799999999998,0.0,linear,74.68333333333334,0.0,neutral,True,False,False,False,True,5月17日08_00_5月17日18_00
2024-05-17 13:21:59,0.0,-0.11852499999999999,-0.11852499999999999,0.0,linear,74.68333333333334,0.0,neutral,True,False,False,False,True,5月17日08_00_5月17日18_00
2024-05-17 13:22:28,0.0,-0.11852499999999999,-0.11852499999999999,0.0,linear,74.68333333333334,0.0,neutral,True,False,False,False,True,5月17日08_00_5月17日18_00
2024-05-17 13:22:58,0.0,-0.11964699999999999,-0.11964699999999999,0.0,linear,74.68333333333334,0.0,neutral,True,False,False,False,True,5月17日08_00_5月17日18_00
2024-05-17 13:23:28,0.0,-0.119647,-0.119647,0.0,linear,74.68333333333334,0.0,neutral,True,False,False,False,True,5月17日08_00_5月17日18_00
2024-05-17 13:23:58,0.0,-0.119647,-0.119647,0.0,linear,74.68333333333334,0.0,neutral,True,False,False,False,True,5月17日08_00_5月17日18_00
2024-05-17 13:24:28,0.0,-0.119086,-0.119086,0.0,linear,74.68333333333334,0.0,neutral,True,False,False,False,True,5月17日08_00_5月17日18_00
2024-05-17 13:24:58,0.0,-0.119086,-0.119086,0.0,linear,74.68333333333334,0.0,neutral,True,False,False,False,True,5月17日08_00_5月17日18_00
2024-05-17 13:25:28,0.0,-0.119647,-0.119647,0.0,linear,74.68333333333334,0.0,neutral,True,False,False,False,True,5月17日08_00_5月17日18_00
2024-05-17 13:25:58,0.0,-0.119647,-0.119647,0.0,linear,74.68333333333334,0.0,neutral,True,False,False,False,True,5月17日08_00_5月17日18_00
2024-05-17 13:26:28,0.0,-0.119086,-0.119086,0.0,linear,74.68333333333334,0.0,neutral,True,False,False,False,True,5月17日08_00_5月17日18_00
2024-05-17 13:26:58,0.0,-0.11796699999999999,-0.11796699999999999,0.0,linear,74.68333333333334,0.0,neutral,True,False,False,False,True,5月17日08_00_5月17日18_00
2024-05-17 13:27:28,0.0,-0.11852499999999999,-0.11852499999999999,0.0,linear,74.68333333333334,0.0,neutral,True,False,False,False,True,5月17日08_00_5月17日18_00
2024-05-17 13:27:58,0.0,-0.11740299999999998,-0.11740299999999998,0.0,linear,74.68333333333334,0.0,neutral,True,False,False,False,True,5月17日08_00_5月17日18_00
2024-05-17 13:28:28,0.0,-0.11965,-0.11965,0.0,linear,74.68333333333334,0.0,neutral,True,False,False,False,True,5月17日08_00_5月17日18_00
2024-05-17 13:28:58,0.0,-0.12021400000000002,-0.12021400000000002,0.0,linear,74.68333333333334,0.0,neutral,True,False,False,False,True,5月17日08_00_5月17日18_00
2024-05-17 13:29:29,0.0,-0.12021100000000001,-0.12021100000000001,0.0,linear,74.68333333333334,0.0,neutral,True,False,False,False,True,5月17日08_00_5月17日18_00
2024-05-17 13:29:58,0.0,-0.12246099999999999,-0.12246099999999999,0.0,linear,74.68333333333334,0.0,neutral,True,False,False,False,True,5月17日08_00_5月17日18_00
2024-05-17 13:30:28,0.0,-0.12414399999999999,-0.12414399999999999,0.0,linear,74.68333333333334,0.0,neutral,True,False,False,False,True,5月17日08_00_5月17日18_00
2024-05-17 13:30:58,0.0,-0.12582699999999997,-0.12582699999999997,0.0,linear,74.68333333333334,0.0,neutral,True,False,False,False,True,5月17日08_00_5月17日18_00
2024-05-17 13:31:28,0.0,-0.12414399999999999,-0.12414399999999999,0.0,linear,74.68333333333334,0.0,neutral,True,False,False,False,True,5月17日08_00_5月17日18_00
2024-05-17 13:31:58,0.0,-0.126388,-0.126388,0.0,linear,74.68333333333334,0.0,neutral,True,False,False,False,True,5月17日08_00_5月17日18_00
2024-05-17 13:32:28,0.0,-0.124705,-0.124705,0.0,linear,74.68333333333334,0.0,neutral,True,False,False,False,True,5月17日08_00_5月17日18_00
2024-05-17 13:32:59,0.0,-0.123583,-0.123583,0.0,linear,74.68333333333334,0.0,neutral,True,False,False,False,True,5月17日08_00_5月17日18_00
2024-05-17 13:33:28,0.0,-0.12246099999999999,-0.12246099999999999,0.0,linear,74.68333333333334,0.0,neutral,True,False,False,False,True,5月17日08_00_5月17日18_00
2024-05-17 13:33:58,0.0,-0.12302199999999999,-0.12302199999999999,0.0,linear,74.68333333333334,0.0,neutral,True,False,False,False,True,5月17日08_00_5月17日18_00
2024-05-17 13:34:28,0.0,-0.12470500000000001,-0.12470500000000001,0.0,linear,74.68333333333334,0.0,neutral,True,False,False,False,True,5月17日08_00_5月17日18_00
2024-05-17 13:34:58,0.0,-0.12414399999999999,-0.12414399999999999,0.0,linear,74.68333333333334,0.0,neutral,True,False,False,False,True,5月17日08_00_5月17日18_00
2024-05-17 13:35:28,0.0,-0.125266,-0.125266,0.0,linear,74.68333333333334,0.0,neutral,True,False,False,False,True,5月17日08_00_5月17日18_00
2024-05-17 13:35:58,0.0,-0.12245500000000001,-0.12245500000000001,0.0,linear,74.68333333333334,0.0,neutral,True,False,False,False,True,5月17日08_00_5月17日18_00
2024-05-17 13:36:29,0.0,-0.12465,-0.12465,0.0,linear,74.68333333333334,0.0,neutral,True,False,False,False,True,5月17日08_00_5月17日18_00
2024-05-17 13:36:59,0.0,-0.124135,-0.124135,0.0,linear,74.68333333333334,0.0,neutral,True,False,False,False,True,5月17日08_00_5月17日18_00
2024-05-17 13:37:28,0.0,-0.12076899999999999,-0.12076899999999999,0.0,linear,74.68333333333334,0.0,neutral,True,False,False,False,True,5月17日08_00_5月17日18_00
2024-05-17 13:37:58,0.0,-0.12076899999999999,-0.12076899999999999,0.0,linear,74.68333333333334,0.0,neutral,True,False,False,False,True,5月17日08_00_5月17日18_00
2024-05-17 13:38:28,0.0,-0.12020799999999998,-0.12020799999999998,0.0,linear,74.68333333333334,0.0,neutral,True,False,False,False,True,5月17日08_00_5月17日18_00
2024-05-17 13:38:58,0.0,-0.119086,-0.119086,0.0,linear,74.68333333333334,0.0,neutral,True,False,False,False,True,5月17日08_00_5月17日18_00
2024-05-17 13:39:28,0.0,-0.12021100000000001,-0.12021100000000001,0.0,linear,74.68333333333334,0.0,neutral,True,False,False,False,True,5月17日08_00_5月17日18_00
2024-05-17 13:39:58,0.0,-0.12302200000000002,-0.12302200000000002,0.0,linear,74.68333333333334,0.0,neutral,True,False,False,False,True,5月17日08_00_5月17日18_00
2024-05-17 13:40:28,0.0,-0.120778,-0.120778,0.0,linear,74.68333333333334,0.0,neutral,True,False,False,False,True,5月17日08_00_5月17日18_00
2024-05-17 13:40:58,0.0,-0.12302199999999999,-0.12302199999999999,0.0,linear,74.68333333333334,0.0,neutral,True,False,False,False,True,5月17日08_00_5月17日18_00
2024-05-17 13:41:28,0.0,-0.12133899999999999,-0.12133899999999999,0.0,linear,74.68333333333334,0.0,neutral,True,False,False,False,True,5月17日08_00_5月17日18_00
2024-05-17 13:41:58,0.0,-0.123022,-0.123022,0.0,linear,74.68333333333334,0.0,neutral,True,False,False,False,True,5月17日08_00_5月17日18_00
2024-05-17 13:42:28,0.0,-0.12353199999999999,-0.12353199999999999,0.0,linear,74.68333333333334,0.0,neutral,True,False,False,False,True,5月17日08_00_5月17日18_00
2024-05-17 13:42:58,0.0,-0.12465399999999999,-0.12465399999999999,0.0,linear,74.68333333333334,0.0,neutral,True,False,False,False,True,5月17日08_00_5月17日18_00
2024-05-17 13:43:29,0.0,-0.122971,-0.122971,0.0,linear,74.68333333333334,0.0,neutral,True,False,False,False,True,5月17日08_00_5月17日18_00
2024-05-17 13:43:58,0.0,-0.12302199999999999,-0.12302199999999999,0.0,linear,74.68333333333334,0.0,neutral,True,False,False,False,True,5月17日08_00_5月17日18_00
2024-05-17 13:44:29,0.0,-0.11965599999999998,-0.11965599999999998,0.0,linear,74.68333333333334,0.0,neutral,True,False,False,False,True,5月17日08_00_5月17日18_00
2024-05-17 13:44:58,0.0,-0.121339,-0.121339,0.0,linear,74.68333333333334,0.0,neutral,True,False,False,False,True,5月17日08_00_5月17日18_00
2024-05-17 13:45:28,0.0,-0.12302199999999999,-0.12302199999999999,0.0,linear,74.68333333333334,0.0,neutral,True,False,False,False,True,5月17日08_00_5月17日18_00
2024-05-17 13:45:58,0.0,-0.123583,-0.123583,0.0,linear,74.68333333333334,0.0,neutral,True,False,False,False,True,5月17日08_00_5月17日18_00
2024-05-17 13:46:28,0.0,-0.12470500000000001,-0.12470500000000001,0.0,linear,74.68333333333334,0.0,neutral,True,False,False,False,True,5月17日08_00_5月17日18_00
2024-05-17 13:46:58,0.0,-0.12302199999999999,-0.12302199999999999,0.0,linear,74.68333333333334,0.0,neutral,True,False,False,False,True,5月17日08_00_5月17日18_00
2024-05-17 13:47:28,0.0,-0.12246099999999999,-0.12246099999999999,0.0,linear,74.68333333333334,0.0,neutral,True,False,False,False,True,5月17日08_00_5月17日18_00
2024-05-17 13:47:58,0.0,-0.12246099999999999,-0.12246099999999999,0.0,linear,74.68333333333334,0.0,neutral,True,False,False,False,True,5月17日08_00_5月17日18_00
2024-05-17 13:48:28,0.0,-0.120166,-0.120166,0.0,linear,74.68333333333334,0.0,neutral,True,False,False,False,True,5月17日08_00_5月17日18_00
2024-05-17 13:48:58,0.0,-0.12246099999999999,-0.12246099999999999,0.0,linear,74.68333333333334,0.0,neutral,True,False,False,False,True,5月17日08_00_5月17日18_00
2024-05-17 13:49:28,0.0,-0.12302199999999999,-0.12302199999999999,0.0,linear,74.68333333333334,0.0,neutral,True,False,False,False,True,5月17日08_00_5月17日18_00
2024-05-17 13:49:58,0.0,-0.12246099999999999,-0.12246099999999999,0.0,linear,74.68333333333334,0.0,neutral,True,False,False,False,True,5月17日08_00_5月17日18_00
2024-05-17 13:50:29,0.0,-0.12021699999999999,-0.12021699999999999,0.0,linear,74.68333333333334,0.0,neutral,True,False,False,False,True,5月17日08_00_5月17日18_00
2024-05-17 13:50:59,0.0,-0.12189999999999998,-0.12189999999999998,0.0,linear,74.68333333333334,0.0,neutral,True,False,False,False,True,5月17日08_00_5月17日18_00
2024-05-17 13:51:28,0.0,-0.124141,-0.124141,0.0,linear,74.68333333333334,0.0,neutral,True,False,False,False,True,5月17日08_00_5月17日18_00
2024-05-17 13:51:58,0.0,-0.121336,-0.121336,0.0,linear,74.68333333333334,0.0,neutral,True,False,False,False,True,5月17日08_00_5月17日18_00
2024-05-17 13:52:29,0.0,-0.12021100000000001,-0.12021100000000001,0.0,linear,74.68333333333334,0.0,neutral,True,False,False,False,True,5月17日08_00_5月17日18_00
2024-05-17 13:52:58,0.0,-0.123583,-0.123583,0.0,linear,74.68333333333334,0.0,neutral,True,False,False,False,True,5月17日08_00_5月17日18_00
2024-05-17 13:53:28,0.0,-0.124144,-0.124144,0.0,linear,74.68333333333334,0.0,neutral,True,False,False,False,True,5月17日08_00_5月17日18_00
2024-05-17 13:53:58,0.0,-0.124144,-0.124144,0.0,linear,74.68333333333334,0.0,neutral,True,False,False,False,True,5月17日08_00_5月17日18_00
2024-05-17 13:54:28,0.0,-0.12302199999999999,-0.12302199999999999,0.0,linear,74.68333333333334,0.0,neutral,True,False,False,False,True,5月17日08_00_5月17日18_00
2024-05-17 13:54:59,0.0,-0.12246099999999999,-0.12246099999999999,0.0,linear,74.68333333333334,0.0,neutral,True,False,False,False,True,5月17日08_00_5月17日18_00
2024-05-17 13:55:28,0.0,-0.12246099999999999,-0.12246099999999999,0.0,linear,74.68333333333334,0.0,neutral,True,False,False,False,True,5月17日08_00_5月17日18_00
2024-05-17 13:55:59,0.0,-0.12353199999999999,-0.12353199999999999,0.0,linear,74.68333333333334,0.0,neutral,True,False,False,False,True,5月17日08_00_5月17日18_00
2024-05-17 13:56:29,0.0,-0.12465399999999999,-0.12465399999999999,0.0,linear,74.68333333333334,0.0,neutral,True,False,False,False,True,5月17日08_00_5月17日18_00
2024-05-17 13:56:58,0.0,-0.121849,-0.121849,0.0,linear,74.68333333333334,0.0,neutral,True,False,False,False,True,5月17日08_00_5月17日18_00
2024-05-17 13:57:29,0.0,-0.12409299999999998,-0.12409299999999998,0.0,linear,74.68333333333334,0.0,neutral,True,False,False,False,True,5月17日08_00_5月17日18_00
2024-05-17 13:57:59,0.0,-0.12465399999999999,-0.12465399999999999,0.0,linear,74.68333333333334,0.0,neutral,True,False,False,False,True,5月17日08_00_5月17日18_00
2024-05-17 13:58:29,0.0,-0.122971,-0.122971,0.0,linear,74.68333333333334,0.0,neutral,True,False,False,False,True,5月17日08_00_5月17日18_00
2024-05-17 13:58:59,0.0,-0.124144,-0.124144,0.0,linear,74.68333333333334,0.0,neutral,True,False,False,False,True,5月17日08_00_5月17日18_00
2024-05-17 13:59:28,0.0,-0.125266,-0.125266,0.0,linear,74.68333333333334,0.0,neutral,True,False,False,False,True,5月17日08_00_5月17日18_00
2024-05-17 13:59:59,0.0,-0.123583,-0.123583,0.0,linear,74.68333333333334,0.0,neutral,True,False,False,False,True,5月17日08_00_5月17日18_00
2024-05-17 14:00:28,0.0,-0.123583,-0.123583,0.0,linear,74.68333333333334,0.0,neutral,True,False,False,False,True,5月17日08_00_5月17日18_00
2024-05-17 14:00:58,0.0,-0.12302199999999999,-0.12302199999999999,0.0,linear,74.68333333333334,0.0,neutral,True,False,False,False,True,5月17日08_00_5月17日18_00
2024-05-17 14:01:28,0.0,-0.12302199999999999,-0.12302199999999999,0.0,linear,74.68333333333334,0.0,neutral,True,False,False,False,True,5月17日08_00_5月17日18_00
2024-05-17 14:01:59,0.0,-0.125266,-0.125266,0.0,linear,74.68333333333334,0.0,neutral,True,False,False,False,True,5月17日08_00_5月17日18_00
2024-05-17 14:02:29,0.0,-0.125266,-0.125266,0.0,linear,74.68333333333334,0.0,neutral,True,False,False,False,True,5月17日08_00_5月17日18_00
2024-05-17 14:02:59,0.0,-0.125266,-0.125266,0.0,linear,74.68333333333334,0.0,neutral,True,False,False,False,True,5月17日08_00_5月17日18_00
2024-05-17 14:03:29,0.0,-0.124705,-0.124705,0.0,linear,74.68333333333334,0.0,neutral,True,False,False,False,True,5月17日08_00_5月17日18_00
2024-05-17 14:03:59,0.0,-0.124705,-0.124705,0.0,linear,74.68333333333334,0.0,neutral,True,False,False,False,True,5月17日08_00_5月17日18_00
2024-05-17 14:04:29,0.0,-0.125266,-0.125266,0.0,linear,74.68333333333334,0.0,neutral,True,False,False,False,True,5月17日08_00_5月17日18_00
2024-05-17 14:04:59,0.0,-0.12189699999999999,-0.12189699999999999,0.0,linear,74.68333333333334,0.0,neutral,True,False,False,False,True,5月17日08_00_5月17日18_00
2024-05-17 14:05:28,0.0,-0.12358,-0.12358,0.0,linear,74.68333333333334,0.0,neutral,True,False,False,False,True,5月17日08_00_5月17日18_00
2024-05-17 14:05:59,0.0,-0.12470499999999998,-0.12470499999999998,0.0,linear,74.68333333333334,0.0,neutral,True,False,False,False,True,5月17日08_00_5月17日18_00
2024-05-17 14:06:28,0.0,-0.125266,-0.125266,0.0,linear,74.68333333333334,0.0,neutral,True,False,False,False,True,5月17日08_00_5月17日18_00
2024-05-17 14:06:58,0.0,-0.12470499999999998,-0.12470499999999998,0.0,linear,74.68333333333334,0.0,neutral,True,False,False,False,True,5月17日08_00_5月17日18_00
2024-05-17 14:07:29,0.0,-0.12358,-0.12358,0.0,linear,74.68333333333334,0.0,neutral,True,False,False,False,True,5月17日08_00_5月17日18_00
2024-05-17 14:07:59,0.0,-0.12414099999999999,-0.12414099999999999,0.0,linear,74.68333333333334,0.0,neutral,True,False,False,False,True,5月17日08_00_5月17日18_00
2024-05-17 14:08:29,0.0,-0.125263,-0.125263,0.0,linear,74.68333333333334,0.0,neutral,True,False,False,False,True,5月17日08_00_5月17日18_00
2024-05-17 14:08:59,0.0,-0.12245800000000001,-0.12245800000000001,0.0,linear,74.68333333333334,0.0,neutral,True,False,False,False,True,5月17日08_00_5月17日18_00
2024-05-17 14:09:29,0.0,-0.12302199999999999,-0.12302199999999999,0.0,linear,74.68333333333334,0.0,neutral,True,False,False,False,True,5月17日08_00_5月17日18_00
2024-05-17 14:09:59,0.0,-0.12245800000000001,-0.12245800000000001,0.0,linear,74.68333333333334,0.0,neutral,True,False,False,False,True,5月17日08_00_5月17日18_00
2024-05-17 14:10:29,0.0,-0.12470499999999998,-0.12470499999999998,0.0,linear,74.68333333333334,0.0,neutral,True,False,False,False,True,5月17日08_00_5月17日18_00
2024-05-17 14:10:59,0.0,-0.120778,-0.120778,0.0,linear,74.68333333333334,0.0,neutral,True,False,False,False,True,5月17日08_00_5月17日18_00
2024-05-17 14:11:29,0.0,-0.120778,-0.120778,0.0,linear,74.68333333333334,0.0,neutral,True,False,False,False,True,5月17日08_00_5月17日18_00
2024-05-17 14:11:59,0.0,-0.12246099999999999,-0.12246099999999999,0.0,linear,74.68333333333334,0.0,neutral,True,False,False,False,True,5月17日08_00_5月17日18_00
2024-05-17 14:12:29,0.0,-0.124144,-0.124144,0.0,linear,74.68333333333334,0.0,neutral,True,False,False,False,True,5月17日08_00_5月17日18_00
2024-05-17 14:12:59,0.0,-0.12302199999999999,-0.12302199999999999,0.0,linear,74.68333333333334,0.0,neutral,True,False,False,False,True,5月17日08_00_5月17日18_00
2024-05-17 14:13:29,0.0,-0.125266,-0.125266,0.0,linear,74.68333333333334,0.0,neutral,True,False,False,False,True,5月17日08_00_5月17日18_00
2024-05-17 14:13:59,0.0,-0.12358,-0.12358,0.0,linear,74.68333333333334,0.0,neutral,True,False,False,False,True,5月17日08_00_5月17日18_00
2024-05-17 14:14:29,0.0,-0.122455,-0.122455,0.0,linear,74.68333333333334,0.0,neutral,True,False,False,False,True,5月17日08_00_5月17日18_00
2024-05-17 14:14:59,0.0,-0.12020799999999998,-0.12020799999999998,0.0,linear,74.68333333333334,0.0,neutral,True,False,False,False,True,5月17日08_00_5月17日18_00
2024-05-17 14:15:29,0.0,-0.121333,-0.121333,0.0,linear,74.68333333333334,0.0,neutral,True,False,False,False,True,5月17日08_00_5月17日18_00
2024-05-17 14:15:59,0.0,-0.121339,-0.121339,0.0,linear,74.68333333333334,0.0,neutral,True,False,False,False,True,5月17日08_00_5月17日18_00
2024-05-17 14:16:29,0.0,-0.12302199999999999,-0.12302199999999999,0.0,linear,74.68333333333334,0.0,neutral,True,False,False,False,True,5月17日08_00_5月17日18_00
2024-05-17 14:16:59,0.0,-0.12246099999999999,-0.12246099999999999,0.0,linear,74.68333333333334,0.0,neutral,True,False,False,False,True,5月17日08_00_5月17日18_00
2024-05-17 14:17:29,0.0,-0.12021100000000001,-0.12021100000000001,0.0,linear,74.68333333333334,0.0,neutral,True,False,False,False,True,5月17日08_00_5月17日18_00
2024-05-17 14:17:59,0.0,-0.120775,-0.120775,0.0,linear,74.68333333333334,0.0,neutral,True,False,False,False,True,5月17日08_00_5月17日18_00
2024-05-17 14:18:29,0.0,-0.121897,-0.121897,0.0,linear,74.68333333333334,0.0,neutral,True,False,False,False,True,5月17日08_00_5月17日18_00
2024-05-17 14:18:59,0.0,-0.121339,-0.121339,0.0,linear,74.68333333333334,0.0,neutral,True,False,False,False,True,5月17日08_00_5月17日18_00
2024-05-17 14:19:29,0.0,-0.12246099999999999,-0.12246099999999999,0.0,linear,74.68333333333334,0.0,neutral,True,False,False,False,True,5月17日08_00_5月17日18_00
2024-05-17 14:19:59,0.0,-0.12246100000000001,-0.12246100000000001,0.0,linear,74.68333333333334,0.0,neutral,True,False,False,False,True,5月17日08_00_5月17日18_00
2024-05-17 14:20:29,0.0,-0.12133899999999997,-0.12133899999999997,0.0,linear,74.68333333333334,0.0,neutral,True,False,False,False,True,5月17日08_00_5月17日18_00
2024-05-17 14:20:59,0.0,-0.12190000000000001,-0.12190000000000001,0.0,linear,74.68333333333334,0.0,neutral,True,False,False,False,True,5月17日08_00_5月17日18_00
2024-05-17 14:21:29,0.0,-0.12470499999999998,-0.12470499999999998,0.0,linear,74.68333333333334,0.0,neutral,True,False,False,False,True,5月17日08_00_5月17日18_00
2024-05-17 14:21:59,0.0,-0.123013,-0.123013,0.0,linear,74.68333333333334,0.0,neutral,True,False,False,False,True,5月17日08_00_5月17日18_00
2024-05-17 14:22:29,0.0,-0.120769,-0.120769,0.0,linear,74.68333333333334,0.0,neutral,True,False,False,False,True,5月17日08_00_5月17日18_00
2024-05-17 14:22:59,0.0,-0.12189399999999999,-0.12189399999999999,0.0,linear,74.68333333333334,0.0,neutral,True,False,False,False,True,5月17日08_00_5月17日18_00
2024-05-17 14:23:29,0.0,-0.12189399999999999,-0.12189399999999999,0.0,linear,74.68333333333334,0.0,neutral,True,False,False,False,True,5月17日08_00_5月17日18_00
2024-05-17 14:23:59,0.0,-0.122455,-0.122455,0.0,linear,74.68333333333334,0.0,neutral,True,False,False,False,True,5月17日08_00_5月17日18_00
2024-05-17 14:24:29,0.0,-0.12245199999999999,-0.12245199999999999,0.0,linear,74.68333333333334,0.0,neutral,True,False,False,False,True,5月17日08_00_5月17日18_00
2024-05-17 14:24:59,0.0,-0.12358,-0.12358,0.0,linear,74.68333333333334,0.0,neutral,True,False,False,False,True,5月17日08_00_5月17日18_00
2024-05-17 14:25:29,0.0,-0.120775,-0.120775,0.0,linear,74.68333333333334,0.0,neutral,True,False,False,False,True,5月17日08_00_5月17日18_00
2024-05-17 14:25:59,0.0,-0.120775,-0.120775,0.0,linear,74.68333333333334,0.0,neutral,True,False,False,False,True,5月17日08_00_5月17日18_00
2024-05-17 14:26:29,0.0,-0.120775,-0.120775,0.0,linear,74.68333333333334,0.0,neutral,True,False,False,False,True,5月17日08_00_5月17日18_00
2024-05-17 14:26:59,0.0,-0.12021399999999999,-0.12021399999999999,0.0,linear,74.68333333333334,0.0,neutral,True,False,False,False,True,5月17日08_00_5月17日18_00
2024-05-17 14:27:29,0.0,-0.11965,-0.11965,0.0,linear,74.68333333333334,0.0,neutral,True,False,False,False,True,5月17日08_00_5月17日18_00
2024-05-17 14:27:59,0.0,-0.12189999999999998,-0.12189999999999998,0.0,linear,74.68333333333334,0.0,neutral,True,False,False,False,True,5月17日08_00_5月17日18_00
2024-05-17 14:28:29,0.0,-0.121339,-0.121339,0.0,linear,74.68333333333334,0.0,neutral,True,False,False,False,True,5月17日08_00_5月17日18_00
2024-05-17 14:28:59,0.0,-0.12302199999999999,-0.12302199999999999,0.0,linear,74.68333333333334,0.0,neutral,True,False,False,False,True,5月17日08_00_5月17日18_00
2024-05-17 14:29:29,0.0,-0.12190000000000001,-0.12190000000000001,0.0,linear,74.68333333333334,0.0,neutral,True,False,False,False,True,5月17日08_00_5月17日18_00
2024-05-17 14:29:59,0.0,-0.123532,-0.123532,0.0,linear,74.68333333333334,0.0,neutral,True,False,False,False,True,5月17日08_00_5月17日18_00
2024-05-17 14:30:29,0.0,-0.12190000000000001,-0.12190000000000001,0.0,linear,74.68333333333334,0.0,neutral,True,False,False,False,True,5月17日08_00_5月17日18_00
2024-05-17 14:30:59,0.0,-0.123583,-0.123583,0.0,linear,74.68333333333334,0.0,neutral,True,False,False,False,True,5月17日08_00_5月17日18_00
2024-05-17 14:31:29,0.0,-0.121339,-0.121339,0.0,linear,74.68333333333334,0.0,neutral,True,False,False,False,True,5月17日08_00_5月17日18_00
2024-05-17 14:31:59,0.0,-0.12246100000000001,-0.12246100000000001,0.0,linear,74.68333333333334,0.0,neutral,True,False,False,False,True,5月17日08_00_5月17日18_00
2024-05-17 14:32:29,0.0,-0.12189999999999998,-0.12189999999999998,0.0,linear,74.68333333333334,0.0,neutral,True,False,False,False,True,5月17日08_00_5月17日18_00
2024-05-17 14:32:59,0.0,-0.12184900000000001,-0.12184900000000001,0.0,linear,74.68333333333334,0.0,neutral,True,False,False,False,True,5月17日08_00_5月17日18_00
2024-05-17 14:33:29,0.0,-0.121339,-0.121339,0.0,linear,74.68333333333334,0.0,neutral,True,False,False,False,True,5月17日08_00_5月17日18_00
2024-05-17 14:33:59,0.0,-0.120778,-0.120778,0.0,linear,74.68333333333334,0.0,neutral,True,False,False,False,True,5月17日08_00_5月17日18_00
2024-05-17 14:34:29,0.0,-0.121339,-0.121339,0.0,linear,74.68333333333334,0.0,neutral,True,False,False,False,True,5月17日08_00_5月17日18_00
2024-05-17 14:34:59,0.0,-0.120778,-0.120778,0.0,linear,74.68333333333334,0.0,neutral,True,False,False,False,True,5月17日08_00_5月17日18_00
2024-05-17 14:35:29,0.0,-0.12240999999999999,-0.12240999999999999,0.0,linear,74.68333333333334,0.0,neutral,True,False,False,False,True,5月17日08_00_5月17日18_00
2024-05-17 14:35:59,0.0,-0.12297099999999998,-0.12297099999999998,0.0,linear,74.68333333333334,0.0,neutral,True,False,False,False,True,5月17日08_00_5月17日18_00
2024-05-17 14:36:29,0.0,-0.122461,-0.122461,0.0,linear,74.68333333333334,0.0,neutral,True,False,False,False,True,5月17日08_00_5月17日18_00
2024-05-17 14:36:59,0.0,-0.12353399999999999,-0.12353399999999999,0.0,linear,74.68333333333334,0.0,neutral,True,False,False,False,True,5月17日08_00_5月17日18_00
2024-05-17 14:37:29,0.0,-0.12302199999999998,-0.12302199999999998,0.0,linear,74.68333333333334,0.0,neutral,True,False,False,False,True,5月17日08_00_5月17日18_00
2024-05-17 14:37:59,0.0,-0.122461,-0.122461,0.0,linear,74.68333333333334,0.0,neutral,True,False,False,False,True,5月17日08_00_5月17日18_00
2024-05-17 14:38:29,0.0,-0.124705,-0.124705,0.0,linear,74.68333333333334,0.0,neutral,True,False,False,False,True,5月17日08_00_5月17日18_00
2024-05-17 14:38:59,0.0,-0.122461,-0.122461,0.0,linear,74.68333333333334,0.0,neutral,True,False,False,False,True,5月17日08_00_5月17日18_00
2024-05-17 14:39:29,0.0,-0.120778,-0.120778,0.0,linear,74.68333333333334,0.0,neutral,True,False,False,False,True,5月17日08_00_5月17日18_00
2024-05-17 14:39:59,0.0,-0.122971,-0.122971,0.0,linear,74.68333333333334,0.0,neutral,True,False,False,False,True,5月17日08_00_5月17日18_00
2024-05-17 14:40:29,0.0,-0.12133899999999997,-0.12133899999999997,0.0,linear,74.68333333333334,0.0,neutral,True,False,False,False,True,5月17日08_00_5月17日18_00
2024-05-17 14:40:59,0.0,-0.120778,-0.120778,0.0,linear,74.68333333333334,0.0,neutral,True,False,False,False,True,5月17日08_00_5月17日18_00
2024-05-17 14:41:29,0.0,-0.120778,-0.120778,0.0,linear,74.68333333333334,0.0,neutral,True,False,False,False,True,5月17日08_00_5月17日18_00
2024-05-17 14:41:59,0.0,-0.12189999999999998,-0.12189999999999998,0.0,linear,74.68333333333334,0.0,neutral,True,False,False,False,True,5月17日08_00_5月17日18_00
2024-05-17 14:42:29,0.0,-0.120778,-0.120778,0.0,linear,74.68333333333334,0.0,neutral,True,False,False,False,True,5月17日08_00_5月17日18_00
2024-05-17 14:42:59,0.0,-0.121897,-0.121897,0.0,linear,74.68333333333334,0.0,neutral,True,False,False,False,True,5月17日08_00_5月17日18_00
2024-05-17 14:43:29,0.0,-0.12021399999999999,-0.12021399999999999,0.0,linear,74.68333333333334,0.0,neutral,True,False,False,False,True,5月17日08_00_5月17日18_00
2024-05-17 14:43:59,0.0,-0.12021399999999999,-0.12021399999999999,0.0,linear,74.68333333333334,0.0,neutral,True,False,False,False,True,5月17日08_00_5月17日18_00
2024-05-17 14:44:29,0.0,-0.11965300000000001,-0.11965300000000001,0.0,linear,74.68333333333334,0.0,neutral,True,False,False,False,True,5月17日08_00_5月17日18_00
2024-05-17 14:44:59,0.0,-0.120778,-0.120778,0.0,linear,74.68333333333334,0.0,neutral,True,False,False,False,True,5月17日08_00_5月17日18_00
2024-05-17 14:45:29,0.0,-0.120778,-0.120778,0.0,linear,74.68333333333334,0.0,neutral,True,False,False,False,True,5月17日08_00_5月17日18_00
2024-05-17 14:45:59,0.0,-0.120778,-0.120778,0.0,linear,74.68333333333334,0.0,neutral,True,False,False,False,True,5月17日08_00_5月17日18_00
2024-05-17 14:46:29,0.0,-0.12246099999999999,-0.12246099999999999,0.0,linear,74.68333333333334,0.0,neutral,True,False,False,False,True,5月17日08_00_5月17日18_00
2024-05-17 14:46:59,0.0,-0.121339,-0.121339,0.0,linear,74.68333333333334,0.0,neutral,True,False,False,False,True,5月17日08_00_5月17日18_00
2024-05-17 14:47:29,0.0,-0.120778,-0.120778,0.0,linear,74.68333333333334,0.0,neutral,True,False,False,False,True,5月17日08_00_5月17日18_00
2024-05-17 14:47:59,0.0,-0.12021399999999999,-0.12021399999999999,0.0,linear,74.68333333333334,0.0,neutral,True,False,False,False,True,5月17日08_00_5月17日18_00
2024-05-17 14:48:29,0.0,-0.12133899999999997,-0.12133899999999997,0.0,linear,74.68333333333334,0.0,neutral,True,False,False,False,True,5月17日08_00_5月17日18_00
2024-05-17 14:48:59,0.0,-0.12245799999999998,-0.12245799999999998,0.0,linear,74.68333333333334,0.0,neutral,True,False,False,False,True,5月17日08_00_5月17日18_00
2024-05-17 14:49:29,0.0,-0.119086,-0.119086,0.0,linear,74.68333333333334,0.0,neutral,True,False,False,False,True,5月17日08_00_5月17日18_00
2024-05-17 14:49:59,0.0,-0.11796399999999999,-0.11796399999999999,0.0,linear,74.68333333333334,0.0,neutral,True,False,False,False,True,5月17日08_00_5月17日18_00
2024-05-17 14:50:29,0.0,-0.118477,-0.118477,0.0,linear,74.68333333333334,0.0,neutral,True,False,False,False,True,5月17日08_00_5月17日18_00
2024-05-17 14:50:59,0.0,-0.11791599999999999,-0.11791599999999999,0.0,linear,74.68333333333334,0.0,neutral,True,False,False,False,True,5月17日08_00_5月17日18_00
2024-05-17 14:51:29,0.0,-0.11959900000000001,-0.11959900000000001,0.0,linear,74.68333333333334,0.0,neutral,True,False,False,False,True,5月17日08_00_5月17日18_00
2024-05-17 14:51:59,0.0,-0.12016199999999999,-0.12016199999999999,0.0,linear,74.68333333333334,0.0,neutral,True,False,False,False,True,5月17日08_00_5月17日18_00
2024-05-17 14:52:29,0.0,-0.120721,-0.120721,0.0,linear,74.68333333333334,0.0,neutral,True,False,False,False,True,5月17日08_00_5月17日18_00
2024-05-17 14:52:59,0.0,-0.120721,-0.120721,0.0,linear,74.68333333333334,0.0,neutral,True,False,False,False,True,5月17日08_00_5月17日18_00
2024-05-17 14:53:29,0.0,-0.119038,-0.119038,0.0,linear,74.68333333333334,0.0,neutral,True,False,False,False,True,5月17日08_00_5月17日18_00
2024-05-17 14:53:59,0.0,-0.11959899999999998,-0.11959899999999998,0.0,linear,74.68333333333334,0.0,neutral,True,False,False,False,True,5月17日08_00_5月17日18_00
2024-05-17 14:54:29,0.0,-0.11735499999999999,-0.11735499999999999,0.0,linear,74.68333333333334,0.0,neutral,True,False,False,False,True,5月17日08_00_5月17日18_00
2024-05-17 14:54:59,0.0,-0.11735499999999999,-0.11735499999999999,0.0,linear,74.68333333333334,0.0,neutral,True,False,False,False,True,5月17日08_00_5月17日18_00
2024-05-17 14:55:29,0.0,-0.11735499999999999,-0.11735499999999999,0.0,linear,74.68333333333334,0.0,neutral,True,False,False,False,True,5月17日08_00_5月17日18_00
2024-05-17 14:55:59,0.0,-0.118481,-0.118481,0.0,linear,74.68333333333334,0.0,neutral,True,False,False,False,True,5月17日08_00_5月17日18_00
2024-05-17 14:56:29,0.0,-0.117918,-0.117918,0.0,linear,74.68333333333334,0.0,neutral,True,False,False,False,True,5月17日08_00_5月17日18_00
2024-05-17 14:56:59,0.0,-0.118479,-0.118479,0.0,linear,74.68333333333334,0.0,neutral,True,False,False,False,True,5月17日08_00_5月17日18_00
2024-05-17 14:57:29,0.0,-0.118477,-0.118477,0.0,linear,74.68333333333334,0.0,neutral,True,False,False,False,True,5月17日08_00_5月17日18_00
2024-05-17 14:57:59,0.0,-0.11791599999999999,-0.11791599999999999,0.0,linear,74.68333333333334,0.0,neutral,True,False,False,False,True,5月17日08_00_5月17日18_00
2024-05-17 14:58:29,0.0,-0.12020799999999998,-0.12020799999999998,0.0,linear,74.68333333333334,0.0,neutral,True,False,False,False,True,5月17日08_00_5月17日18_00
2024-05-17 14:58:59,0.0,-0.12076899999999999,-0.12076899999999999,0.0,linear,74.68333333333334,0.0,neutral,True,False,False,False,True,5月17日08_00_5月17日18_00
2024-05-17 14:59:29,0.0,-0.119647,-0.119647,0.0,linear,74.68333333333334,0.0,neutral,True,False,False,False,True,5月17日08_00_5月17日18_00
2024-05-17 14:59:59,0.0,-0.119647,-0.119647,0.0,linear,74.68333333333334,0.0,neutral,True,False,False,False,True,5月17日08_00_5月17日18_00
2024-05-17 15:00:29,0.0,-0.119086,-0.119086,0.0,linear,74.68333333333334,0.0,neutral,True,False,False,False,True,5月17日08_00_5月17日18_00
2024-05-17 15:00:59,0.0,-0.119647,-0.119647,0.0,linear,74.68333333333334,0.0,neutral,True,False,False,False,True,5月17日08_00_5月17日18_00
2024-05-17 15:01:29,0.0,-0.119086,-0.119086,0.0,linear,74.68333333333334,0.0,neutral,True,False,False,False,True,5月17日08_00_5月17日18_00
2024-05-17 15:01:59,0.0,-0.119647,-0.119647,0.0,linear,74.68333333333334,0.0,neutral,True,False,False,False,True,5月17日08_00_5月17日18_00
2024-05-17 15:02:29,0.0,-0.11796099999999998,-0.11796099999999998,0.0,linear,74.68333333333334,0.0,neutral,True,False,False,False,True,5月17日08_00_5月17日18_00
2024-05-17 15:02:59,0.0,-0.119086,-0.119086,0.0,linear,74.68333333333334,0.0,neutral,True,False,False,False,True,5月17日08_00_5月17日18_00
2024-05-17 15:03:29,0.0,-0.12076899999999999,-0.12076899999999999,0.0,linear,74.68333333333334,0.0,neutral,True,False,False,False,True,5月17日08_00_5月17日18_00
2024-05-17 15:03:59,0.0,-0.12020799999999998,-0.12020799999999998,0.0,linear,74.68333333333334,0.0,neutral,True,False,False,False,True,5月17日08_00_5月17日18_00
2024-05-17 15:04:29,0.0,-0.119647,-0.119647,0.0,linear,74.68333333333334,0.0,neutral,True,False,False,False,True,5月17日08_00_5月17日18_00
2024-05-17 15:04:59,0.0,-0.119086,-0.119086,0.0,linear,74.68333333333334,0.0,neutral,True,False,False,False,True,5月17日08_00_5月17日18_00
2024-05-17 15:05:29,0.0,-0.12020799999999998,-0.12020799999999998,0.0,linear,74.68333333333334,0.0,neutral,True,False,False,False,True,5月17日08_00_5月17日18_00
2024-05-17 15:05:59,0.0,-0.12020799999999998,-0.12020799999999998,0.0,linear,74.68333333333334,0.0,neutral,True,False,False,False,True,5月17日08_00_5月17日18_00
2024-05-17 15:06:29,0.0,-0.121282,-0.121282,0.0,linear,74.68333333333334,0.0,neutral,True,False,False,False,True,5月17日08_00_5月17日18_00
2024-05-17 15:06:59,0.0,-0.12015999999999999,-0.12015999999999999,0.0,linear,74.68333333333334,0.0,neutral,True,False,False,False,True,5月17日08_00_5月17日18_00
2024-05-17 15:07:29,0.0,-0.11735499999999999,-0.11735499999999999,0.0,linear,74.68333333333334,0.0,neutral,True,False,False,False,True,5月17日08_00_5月17日18_00
2024-05-17 15:07:59,0.0,-0.116794,-0.116794,0.0,linear,74.68333333333334,0.0,neutral,True,False,False,False,True,5月17日08_00_5月17日18_00
2024-05-17 15:08:29,0.0,-0.11959899999999998,-0.11959899999999998,0.0,linear,74.68333333333334,0.0,neutral,True,False,False,False,True,5月17日08_00_5月17日18_00
2024-05-17 15:08:59,0.0,-0.116233,-0.116233,0.0,linear,74.68333333333334,0.0,neutral,True,False,False,False,True,5月17日08_00_5月17日18_00
2024-05-17 15:09:29,0.0,-0.11959899999999998,-0.11959899999999998,0.0,linear,74.68333333333334,0.0,neutral,True,False,False,False,True,5月17日08_00_5月17日18_00
2024-05-17 15:09:59,0.0,-0.11959899999999998,-0.11959899999999998,0.0,linear,74.68333333333334,0.0,neutral,True,False,False,False,True,5月17日08_00_5月17日18_00
2024-05-17 15:10:29,0.0,-0.118477,-0.118477,0.0,linear,74.68333333333334,0.0,neutral,True,False,False,False,True,5月17日08_00_5月17日18_00
2024-05-17 15:10:59,0.0,-0.11959899999999998,-0.11959899999999998,0.0,linear,74.68333333333334,0.0,neutral,True,False,False,False,True,5月17日08_00_5月17日18_00
2024-05-17 15:11:29,0.0,-0.11959899999999998,-0.11959899999999998,0.0,linear,74.68333333333334,0.0,neutral,True,False,False,False,True,5月17日08_00_5月17日18_00
2024-05-17 15:11:59,0.0,-0.11791599999999999,-0.11791599999999999,0.0,linear,74.68333333333334,0.0,neutral,True,False,False,False,True,5月17日08_00_5月17日18_00
2024-05-17 15:12:29,0.0,-0.11791599999999999,-0.11791599999999999,0.0,linear,74.68333333333334,0.0,neutral,True,False,False,False,True,5月17日08_00_5月17日18_00
2024-05-17 15:12:59,0.0,-0.116233,-0.116233,0.0,linear,74.68333333333334,0.0,neutral,True,False,False,False,True,5月17日08_00_5月17日18_00
2024-05-17 15:13:29,0.0,-0.11623299999999999,-0.11623299999999999,0.0,linear,74.68333333333334,0.0,neutral,True,False,False,False,True,5月17日08_00_5月17日18_00
2024-05-17 15:13:59,0.0,-0.11679399999999998,-0.11679399999999998,0.0,linear,74.68333333333334,0.0,neutral,True,False,False,False,True,5月17日08_00_5月17日18_00
2024-05-17 15:14:29,0.0,-0.115672,-0.115672,0.0,linear,74.68333333333334,0.0,neutral,True,False,False,False,True,5月17日08_00_5月17日18_00
2024-05-17 15:14:59,0.0,-0.115672,-0.115672,0.0,linear,74.68333333333334,0.0,neutral,True,False,False,False,True,5月17日08_00_5月17日18_00
2024-05-17 15:15:29,0.0,-0.11511099999999999,-0.11511099999999999,0.0,linear,74.68333333333334,0.0,neutral,True,False,False,False,True,5月17日08_00_5月17日18_00
2024-05-17 15:15:59,0.0,-0.11679399999999998,-0.11679399999999998,0.0,linear,74.68333333333334,0.0,neutral,True,False,False,False,True,5月17日08_00_5月17日18_00
2024-05-17 15:16:29,0.0,-0.11735499999999999,-0.11735499999999999,0.0,linear,74.68333333333334,0.0,neutral,True,False,False,False,True,5月17日08_00_5月17日18_00
2024-05-17 15:16:59,0.0,-0.11735499999999999,-0.11735499999999999,0.0,linear,74.68333333333334,0.0,neutral,True,False,False,False,True,5月17日08_00_5月17日18_00
2024-05-17 15:17:29,0.0,-0.11679400000000001,-0.11679400000000001,0.0,linear,74.68333333333334,0.0,neutral,True,False,False,False,True,5月17日08_00_5月17日18_00
2024-05-17 15:17:59,0.0,-0.118477,-0.118477,0.0,linear,74.68333333333334,0.0,neutral,True,False,False,False,True,5月17日08_00_5月17日18_00
2024-05-17 15:18:29,0.0,-0.117355,-0.117355,0.0,linear,74.68333333333334,0.0,neutral,True,False,False,False,True,5月17日08_00_5月17日18_00
2024-05-17 15:18:59,0.0,-0.11679399999999998,-0.11679399999999998,0.0,linear,74.68333333333334,0.0,neutral,True,False,False,False,True,5月17日08_00_5月17日18_00
2024-05-17 15:19:29,0.0,-0.11735499999999999,-0.11735499999999999,0.0,linear,74.68333333333334,0.0,neutral,True,False,False,False,True,5月17日08_00_5月17日18_00
2024-05-17 15:19:59,0.0,-0.11740299999999998,-0.11740299999999998,0.0,linear,74.68333333333334,0.0,neutral,True,False,False,False,True,5月17日08_00_5月17日18_00
2024-05-17 15:20:29,0.0,-0.11735499999999999,-0.11735499999999999,0.0,linear,74.68333333333334,0.0,neutral,True,False,False,False,True,5月17日08_00_5月17日18_00
2024-05-17 15:20:59,0.0,-0.11740299999999998,-0.11740299999999998,0.0,linear,74.68333333333334,0.0,neutral,True,False,False,False,True,5月17日08_00_5月17日18_00
2024-05-17 15:21:29,0.0,-0.11740299999999998,-0.11740299999999998,0.0,linear,74.68333333333334,0.0,neutral,True,False,False,False,True,5月17日08_00_5月17日18_00
2024-05-17 15:21:59,0.0,-0.11740299999999998,-0.11740299999999998,0.0,linear,74.68333333333334,0.0,neutral,True,False,False,False,True,5月17日08_00_5月17日18_00
2024-05-17 15:22:29,0.0,-0.11735499999999999,-0.11735499999999999,0.0,linear,74.68333333333334,0.0,neutral,True,False,False,False,True,5月17日08_00_5月17日18_00
2024-05-17 15:22:59,0.0,-0.11735499999999999,-0.11735499999999999,0.0,linear,74.68333333333334,0.0,neutral,True,False,False,False,True,5月17日08_00_5月17日18_00
2024-05-17 15:23:29,0.0,-0.11791599999999999,-0.11791599999999999,0.0,linear,74.68333333333334,0.0,neutral,True,False,False,False,True,5月17日08_00_5月17日18_00
2024-05-17 15:23:59,0.0,-0.11852499999999999,-0.11852499999999999,0.0,linear,74.68333333333334,0.0,neutral,True,False,False,False,True,5月17日08_00_5月17日18_00
2024-05-17 15:24:29,0.0,-0.116281,-0.116281,0.0,linear,74.68333333333334,0.0,neutral,True,False,False,False,True,5月17日08_00_5月17日18_00
2024-05-17 15:24:59,0.0,-0.119086,-0.119086,0.0,linear,74.68333333333334,0.0,neutral,True,False,False,False,True,5月17日08_00_5月17日18_00
2024-05-17 15:25:29,0.0,-0.12020799999999998,-0.12020799999999998,0.0,linear,74.68333333333334,0.0,neutral,True,False,False,False,True,5月17日08_00_5月17日18_00
2024-05-17 15:25:59,0.0,-0.12133,-0.12133,0.0,linear,74.68333333333334,0.0,neutral,True,False,False,False,True,5月17日08_00_5月17日18_00
2024-05-17 15:26:29,0.0,-0.119644,-0.119644,0.0,linear,74.68333333333334,0.0,neutral,True,False,False,False,True,5月17日08_00_5月17日18_00
2024-05-17 15:26:59,0.0,-0.11740299999999998,-0.11740299999999998,0.0,linear,74.68333333333334,0.0,neutral,True,False,False,False,True,5月17日08_00_5月17日18_00
2024-05-17 15:27:29,0.0,-0.11740299999999998,-0.11740299999999998,0.0,linear,74.68333333333334,0.0,neutral,True,False,False,False,True,5月17日08_00_5月17日18_00
2024-05-17 15:27:59,0.0,-0.11740299999999998,-0.11740299999999998,0.0,linear,74.68333333333334,0.0,neutral,True,False,False,False,True,5月17日08_00_5月17日18_00
2024-05-17 15:28:29,0.0,-0.11795799999999998,-0.11795799999999998,0.0,linear,74.68333333333334,0.0,neutral,True,False,False,False,True,5月17日08_00_5月17日18_00
2024-05-17 15:28:59,0.0,-0.11571999999999999,-0.11571999999999999,0.0,linear,74.68333333333334,0.0,neutral,True,False,False,False,True,5月17日08_00_5月17日18_00
2024-05-17 15:29:29,0.0,-0.116281,-0.116281,0.0,linear,74.68333333333334,0.0,neutral,True,False,False,False,True,5月17日08_00_5月17日18_00
2024-05-17 15:29:59,0.0,-0.11515600000000001,-0.11515600000000001,0.0,linear,74.68333333333334,0.0,neutral,True,False,False,False,True,5月17日08_00_5月17日18_00
2024-05-17 15:30:29,0.0,-0.11735500000000001,-0.11735500000000001,0.0,linear,74.68333333333334,0.0,neutral,True,False,False,False,True,5月17日08_00_5月17日18_00
2024-05-17 15:30:59,0.0,-0.11791600000000002,-0.11791600000000002,0.0,linear,74.68333333333334,0.0,neutral,True,False,False,False,True,5月17日08_00_5月17日18_00
2024-05-17 15:31:29,0.0,-0.11791599999999999,-0.11791599999999999,0.0,linear,74.68333333333334,0.0,neutral,True,False,False,False,True,5月17日08_00_5月17日18_00
2024-05-17 15:31:59,0.0,-0.11454600000000001,-0.11454600000000001,0.0,linear,74.68333333333334,0.0,neutral,True,False,False,False,True,5月17日08_00_5月17日18_00
2024-05-17 15:32:29,0.0,-0.11510700000000001,-0.11510700000000001,0.0,linear,74.68333333333334,0.0,neutral,True,False,False,False,True,5月17日08_00_5月17日18_00
2024-05-17 15:32:59,0.0,-0.119038,-0.119038,0.0,linear,74.68333333333334,0.0,neutral,True,False,False,False,True,5月17日08_00_5月17日18_00
2024-05-17 15:33:29,0.0,-0.11791599999999999,-0.11791599999999999,0.0,linear,74.68333333333334,0.0,neutral,True,False,False,False,True,5月17日08_00_5月17日18_00
2024-05-17 15:33:59,0.0,-0.116233,-0.116233,0.0,linear,74.68333333333334,0.0,neutral,True,False,False,False,True,5月17日08_00_5月17日18_00
2024-05-17 15:34:29,0.0,-0.11791599999999999,-0.11791599999999999,0.0,linear,74.68333333333334,0.0,neutral,True,False,False,False,True,5月17日08_00_5月17日18_00
2024-05-17 15:34:59,0.0,-0.118477,-0.118477,0.0,linear,74.68333333333334,0.0,neutral,True,False,False,False,True,5月17日08_00_5月17日18_00
2024-05-17 15:35:29,0.0,-0.11903799999999999,-0.11903799999999999,0.0,linear,74.68333333333334,0.0,neutral,True,False,False,False,True,5月17日08_00_5月17日18_00
2024-05-17 15:35:59,0.0,-0.11959899999999998,-0.11959899999999998,0.0,linear,74.68333333333334,0.0,neutral,True,False,False,False,True,5月17日08_00_5月17日18_00
2024-05-17 15:36:29,0.0,-0.119038,-0.119038,0.0,linear,74.68333333333334,0.0,neutral,True,False,False,False,True,5月17日08_00_5月17日18_00
2024-05-17 15:36:59,0.0,-0.115672,-0.115672,0.0,linear,74.68333333333334,0.0,neutral,True,False,False,False,True,5月17日08_00_5月17日18_00
2024-05-17 15:37:29,0.0,-0.11740299999999998,-0.11740299999999998,0.0,linear,74.68333333333334,0.0,neutral,True,False,False,False,True,5月17日08_00_5月17日18_00
2024-05-17 15:37:59,0.0,-0.116842,-0.116842,0.0,linear,74.68333333333334,0.0,neutral,True,False,False,False,True,5月17日08_00_5月17日18_00
2024-05-17 15:38:29,0.0,-0.119086,-0.119086,0.0,linear,74.68333333333334,0.0,neutral,True,False,False,False,True,5月17日08_00_5月17日18_00
2024-05-17 15:38:59,0.0,2.1939170000000003,2.1939170000000003,0.0,linear,74.68333333333334,0.0,discharging,True,False,False,False,False,5月17日08_00_5月17日18_00
2024-05-17 15:39:29,0.0,1.3947299999999994,1.3947299999999994,0.0,nearest,74.69166666666668,0.0,discharging,True,False,False,False,False,5月17日08_00_5月17日18_00
2024-05-17 15:45:29,0.0,251.05769999999998,251.05769999999998,2.4899999999999998,linear,74.20833333333334,69.0,discharging,True,False,False,False,False,5月17日08_00_5月17日18_00
2024-05-17 15:45:59,0.0,84.00658500000002,84.00658500000002,2.975,linear,74.11666666666666,63.8,discharging,True,False,False,False,False,5月17日08_00_5月17日18_00
2024-05-17 15:46:29,0.0,84.10302999999999,84.10302999999999,1.9,linear,74.06666666666668,48.2,discharging,True,False,False,False,False,5月17日08_00_5月17日18_00
2024-05-17 15:46:59,0.0,82.53891,82.53891,1.9,linear,74.03333333333333,49.0,discharging,True,False,False,False,False,5月17日08_00_5月17日18_00
2024-05-17 15:47:29,0.0,183.29564,183.29564,2.005,linear,73.98333333333333,46.0,discharging,True,False,False,False,False,5月17日08_00_5月17日18_00
2024-05-17 15:47:59,0.0,302.4567,302.4567,2.2,linear,73.86666666666666,60.8,discharging,True,False,False,False,False,5月17日08_00_5月17日18_00
2024-05-17 15:48:29,0.0,426.6697,426.6697,7.3,linear,73.69166666666666,74.9,discharging,True,False,False,False,False,5月17日08_00_5月17日18_00
2024-05-17 15:48:59,6.0,439.9226,445.9226,9.1,linear,73.525,80.8,discharging,True,False,False,False,False,5月17日08_00_5月17日18_00
2024-05-17 15:49:29,39.0,396.37000000000006,435.37000000000006,9.835,linear,73.34166666666668,90.4,discharging,True,False,False,False,False,5月17日08_00_5月17日18_00
2024-05-17 15:49:59,37.0,325.3310000000001,362.3310000000001,9.9,linear,73.14999999999999,91.19999999999999,discharging,True,False,False,False,False,5月17日08_00_5月17日18_00
2024-05-17 15:50:29,72.0,291.54479999999995,363.54479999999995,9.9,linear,73.03333333333333,90.2,discharging,True,False,False,False,False,5月17日08_00_5月17日18_00
2024-05-17 15:50:59,72.0,166.70479999999998,238.70479999999998,9.728571428571428,linear,72.93333333333334,87.30000000000001,discharging,True,False,False,False,False,5月17日08_00_5月17日18_00
2024-05-17 15:51:29,72.0,159.73019999999997,231.73019999999997,8.7,linear,72.86666666666667,79.6,discharging,True,False,False,False,False,5月17日08_00_5月17日18_00
2024-05-17 15:51:59,72.0,157.27800000000002,229.27800000000002,8.7,linear,72.79166666666667,72.2,discharging,True,False,False,False,False,5月17日08_00_5月17日18_00
2024-05-17 15:52:29,72.0,170.2734,242.2734,8.8,linear,72.70833333333333,75.7,discharging,True,False,False,False,False,5月17日08_00_5月17日18_00
2024-05-17 15:52:59,72.0,146.9625,218.9625,8.8,linear,72.64166666666667,71.69999999999999,discharging,True,False,False,False,False,5月17日08_00_5月17日18_00
2024-05-17 15:53:29,72.0,154.61929999999998,226.61929999999998,8.8,linear,72.58333333333333,74.3,discharging,True,False,False,False,False,5月17日08_00_5月17日18_00
2024-05-17 15:53:59,72.0,150.6518,222.6518,8.8,linear,72.49999999999999,75.3,discharging,True,False,False,False,False,5月17日08_00_5月17日18_00
2024-05-17 15:54:29,72.0,157.3212,229.3212,8.8,linear,72.44166666666668,75.2,discharging,True,False,False,False,False,5月17日08_00_5月17日18_00
2024-05-17 15:54:59,72.0,160.65910000000002,232.65910000000002,8.885,linear,72.35833333333333,72.8,discharging,True,False,False,False,False,5月17日08_00_5月17日18_00
2024-05-17 15:55:29,72.0,153.1449,225.1449,8.9,linear,72.30833333333334,69.8,discharging,True,False,False,False,False,5月17日08_00_5月17日18_00
2024-05-17 15:55:59,72.0,143.8762,215.8762,8.9,linear,72.23333333333333,74.4,discharging,True,False,False,False,False,5月17日08_00_5月17日18_00
2024-05-17 15:56:29,72.0,153.85049999999998,225.85049999999998,8.872222222222224,linear,72.14166666666667,74.1,discharging,True,False,False,False,False,5月17日08_00_5月17日18_00
2024-05-17 15:56:59,72.0,132.62359999999998,204.62359999999998,8.8,linear,72.10000000000001,74.2,discharging,True,False,False,False,False,5月17日08_00_5月17日18_00
2024-05-17 15:57:29,72.0,151.38680000000002,223.38680000000002,7.71,linear,72.04166666666666,74.1,discharging,True,False,False,False,False,5月17日08_00_5月17日18_00
2024-05-17 15:57:59,73.0,145.4474,218.4474,7.5,linear,71.98333333333333,67.9,discharging,True,False,False,False,False,5月17日08_00_5月17日18_00
2024-05-17 15:58:29,72.0,135.1743,207.1743,7.4,linear,71.89999999999999,61.0,discharging,True,False,False,False,False,5月17日08_00_5月17日18_00
2024-05-17 15:58:59,72.0,140.4229,212.4229,7.3149999999999995,linear,71.84166666666665,58.1,discharging,True,False,False,False,False,5月17日08_00_5月17日18_00
2024-05-17 15:59:29,72.0,146.40759999999997,218.40759999999997,7.8,linear,71.79166666666667,62.099999999999994,discharging,True,False,False,False,False,5月17日08_00_5月17日18_00
2024-05-17 15:59:59,73.0,126.3035,199.30349999999999,7.88421052631579,linear,71.71666666666667,62.5,discharging,True,False,False,False,False,5月17日08_00_5月17日18_00
2024-05-17 16:00:29,74.0,132.2873,206.2873,7.4,linear,71.65,59.7,discharging,True,False,False,False,False,5月17日08_00_5月17日18_00
2024-05-17 16:00:59,74.0,143.4861,217.4861,7.157142857142857,linear,71.60833333333333,67.3,discharging,True,False,False,False,False,5月17日08_00_5月17日18_00
2024-05-17 16:01:29,102.0,132.0816,234.0816,7.3,linear,71.53333333333335,68.6,discharging,True,False,False,False,False,5月17日08_00_5月17日18_00
2024-05-17 16:01:59,103.0,125.9005,228.9005,7.3,linear,71.46666666666667,73.0,discharging,True,False,False,False,False,5月17日08_00_5月17日18_00
2024-05-17 16:02:29,105.0,107.69680000000002,212.69680000000002,7.195,linear,71.43333333333332,75.9,discharging,True,False,False,False,False,5月17日08_00_5月17日18_00
2024-05-17 16:02:59,103.0,90.81191999999999,193.81192,6.919047619047619,linear,71.35833333333333,85.0,discharging,True,False,False,False,False,5月17日08_00_5月17日18_00
2024-05-17 16:03:29,106.0,87.92835999999998,193.92836,6.785714285714286,linear,71.34166666666665,83.1,discharging,True,False,False,False,False,5月17日08_00_5月17日18_00
2024-05-17 16:03:59,106.0,100.30074,206.30074000000002,6.6,linear,71.3,90.4,discharging,True,False,False,False,False,5月17日08_00_5月17日18_00
2024-05-17 16:04:29,106.0,100.84532000000002,206.84532000000002,6.666666666666666,linear,71.25000000000001,91.30000000000001,discharging,True,False,False,False,False,5月17日08_00_5月17日18_00
2024-05-17 16:04:59,106.0,90.71786,196.71786,6.8,linear,71.2,90.6,discharging,True,False,False,False,False,5月17日08_00_5月17日18_00
2024-05-17 16:05:29,105.0,94.80662000000001,199.80662,6.6,linear,71.175,90.4,discharging,True,False,False,False,False,5月17日08_00_5月17日18_00
2024-05-17 16:05:59,105.0,153.8537,258.8537,6.6,linear,71.10000000000001,93.0,discharging,True,False,False,False,False,5月17日08_00_5月17日18_00
2024-05-17 16:06:29,106.0,606.2662000000001,712.2662000000001,9.01,linear,70.88333333333334,91.4,discharging,True,False,False,False,False,5月17日08_00_5月17日18_00
2024-05-17 16:06:59,132.0,556.0278,688.0278,10.2,linear,70.61666666666666,91.3,discharging,True,False,False,False,False,5月17日08_00_5月17日18_00
2024-05-17 16:07:29,136.0,523.5305000000001,659.5305000000001,10.1,linear,70.38333333333334,91.0,discharging,True,False,False,False,False,5月17日08_00_5月17日18_00
2024-05-17 16:07:59,136.0,501.66599999999994,637.6659999999999,10.270000000000001,linear,70.13333333333333,89.4,discharging,True,False,False,False,False,5月17日08_00_5月17日18_00
2024-05-17 16:08:29,135.0,503.3058,638.3058,10.3,linear,69.91666666666666,89.30000000000001,discharging,True,False,False,False,False,5月17日08_00_5月17日18_00
2024-05-17 16:08:59,136.0,510.16249999999997,646.1624999999999,10.528571428571428,linear,69.66666666666667,85.3,discharging,True,False,False,False,False,5月17日08_00_5月17日18_00
2024-05-17 16:09:29,136.0,504.6669,640.6668999999999,10.635,linear,69.44166666666666,84.0,discharging,True,False,False,False,False,5月17日08_00_5月17日18_00
2024-05-17 16:09:59,136.0,509.4524,645.4524,10.861904761904762,linear,69.22500000000001,82.9,discharging,True,False,False,False,False,5月17日08_00_5月17日18_00
2024-05-17 16:10:29,136.0,506.95630000000006,642.9563,10.99,linear,69.00833333333334,88.2,discharging,True,False,False,False,False,5月17日08_00_5月17日18_00
2024-05-17 16:10:59,136.0,516.6341,652.6341,11.28421052631579,linear,68.74166666666667,86.7,discharging,True,False,False,False,False,5月17日08_00_5月17日18_00
2024-05-17 16:11:29,137.0,506.23350000000005,643.2335,11.166666666666668,linear,68.53333333333333,70.1,discharging,True,False,False,False,False,5月17日08_00_5月17日18_00
2024-05-17 16:11:59,137.0,493.23339999999996,630.2334,10.9,linear,68.33333333333333,76.2,discharging,True,False,False,False,False,5月17日08_00_5月17日18_00
2024-05-17 16:12:29,136.0,488.25320000000005,624.2532000000001,10.571428571428571,linear,68.09166666666667,77.3,discharging,True,False,False,False,False,5月17日08_00_5月17日18_00
2024-05-17 16:12:59,137.0,492.3437,629.3437,10.5,linear,67.88333333333333,78.5,discharging,True,False,False,False,False,5月17日08_00_5月17日18_00
2024-05-17 16:13:29,136.0,491.68850000000003,627.6885,10.466666666666667,linear,67.65833333333333,78.7,discharging,True,False,False,False,False,5月17日08_00_5月17日18_00
2024-05-17 16:13:59,137.0,482.36220000000003,619.3622,10.2,linear,67.43333333333332,76.4,discharging,True,False,False,False,False,5月17日08_00_5月17日18_00
2024-05-17 16:14:29,137.0,487.99119999999994,624.9911999999999,10.1,linear,67.21666666666667,78.30000000000001,discharging,True,False,False,False,False,5月17日08_00_5月17日18_00
2024-05-17 16:14:59,136.0,488.3337000000001,624.3337000000001,10.1,linear,66.99166666666666,75.2,discharging,True,False,False,False,False,5月17日08_00_5月17日18_00
2024-05-17 16:15:29,137.0,500.53990000000016,637.5399000000002,10.3,linear,66.74166666666666,79.2,discharging,True,False,False,False,False,5月17日08_00_5月17日18_00
2024-05-17 16:15:59,137.0,486.8759000000001,623.8759000000001,10.38888888888889,linear,66.55,79.0,discharging,True,False,False,False,False,5月17日08_00_5月17日18_00
2024-05-17 16:16:29,137.0,493.7777,630.7777,10.5,linear,66.30833333333332,76.4,discharging,True,False,False,False,False,5月17日08_00_5月17日18_00
2024-05-17 16:16:59,138.0,489.7753,627.7753,10.5,linear,66.075,78.6,discharging,True,False,False,False,False,5月17日08_00_5月17日18_00
2024-05-17 16:17:29,137.0,482.97020000000003,619.9702,10.5,linear,65.875,78.8,discharging,True,False,False,False,False,5月17日08_00_5月17日18_00
2024-05-17 16:17:59,136.0,485.3370000000001,621.3370000000001,10.5,linear,65.65,77.5,discharging,True,False,False,False,False,5月17日08_00_5月17日18_00
2024-05-17 16:18:29,136.0,511.2299000000001,647.2299,10.675,linear,65.41666666666667,86.4,discharging,True,False,False,False,False,5月17日08_00_5月17日18_00
2024-05-17 16:18:59,137.0,-51.37687,85.62313,8.673684210526316,linear,65.31666666666666,85.6,charging,True,False,False,False,False,5月17日08_00_5月17日18_00
2024-05-17 16:19:29,138.0,-47.73647,90.26353,7.76,linear,65.33333333333334,83.9,charging,True,False,False,False,False,5月17日08_00_5月17日18_00
2024-05-17 16:19:59,138.0,-36.029430000000005,101.97057,6.8,linear,65.34166666666667,91.5,charging,True,False,False,False,False,5月17日08_00_5月17日18_00
2024-05-17 16:20:29,138.0,-25.799748,112.200252,6.2631578947368425,linear,65.36666666666667,92.9,charging,True,False,False,False,False,5月17日08_00_5月17日18_00
2024-05-17 16:20:59,136.0,-77.14268400000002,58.85731599999998,6.2,linear,65.35833333333333,82.69999999999999,charging,True,False,False,False,False,5月17日08_00_5月17日18_00
2024-05-17 16:21:29,138.0,30.955,168.95499999999998,6.333333333333333,linear,65.35833333333333,84.1,discharging,True,False,False,False,False,5月17日08_00_5月17日18_00
2024-05-17 16:21:59,137.0,-33.32149600000001,103.67850399999999,7.2,linear,65.36666666666667,86.4,charging,True,False,False,False,False,5月17日08_00_5月17日18_00
2024-05-17 16:22:29,138.0,-1.6126690000000008,136.387331,8.9,linear,65.38333333333334,84.5,charging,True,False,False,False,False,5月17日08_00_5月17日18_00
2024-05-17 16:22:59,137.0,-14.741405,122.258595,9.71,linear,65.38333333333334,83.6,charging,True,False,False,False,False,5月17日08_00_5月17日18_00
2024-05-17 16:23:29,138.0,-21.364954,116.635046,10.2,linear,65.38333333333334,84.19999999999999,charging,True,False,False,False,False,5月17日08_00_5月17日18_00
2024-05-17 16:23:59,138.0,-10.801590000000001,127.19841,10.2,linear,65.39166666666667,90.69999999999999,charging,True,False,False,False,False,5月17日08_00_5月17日18_00
2024-05-17 16:24:29,138.0,-14.939379999999998,123.06062,10.166666666666666,linear,65.40833333333333,92.4,charging,True,False,False,False,False,5月17日08_00_5月17日18_00
2024-05-17 16:24:59,137.0,-9.6121,127.3879,10.280000000000001,linear,65.40833333333333,93.4,charging,True,False,False,False,False,5月17日08_00_5月17日18_00
2024-05-17 16:25:29,138.0,-11.64419,126.35581,10.3,linear,65.4,90.6,charging,True,False,False,False,False,5月17日08_00_5月17日18_00
2024-05-17 16:25:59,137.0,-22.927979,114.072021,10.3,linear,65.40833333333335,76.30000000000001,charging,True,False,False,False,False,5月17日08_00_5月17日18_00
2024-05-17 16:26:29,138.0,-16.08395,121.91605,10.3,linear,65.41666666666667,78.6,charging,True,False,False,False,False,5月17日08_00_5月17日18_00
2024-05-17 16:26:59,137.0,-20.19911,116.80089,10.471428571428572,linear,65.43333333333334,75.6,charging,True,False,False,False,False,5月17日08_00_5月17日18_00
2024-05-17 16:27:29,138.0,-116.39948,21.600520000000003,10.5,linear,65.46666666666665,79.1,charging,True,False,False,False,False,5月17日08_00_5月17日18_00
2024-05-17 16:27:59,137.0,-115.57928,21.420720000000003,10.5,linear,65.51666666666667,79.9,charging,True,False,False,False,False,5月17日08_00_5月17日18_00
2024-05-17 16:28:29,138.0,-107.35727000000001,30.642729999999986,8.933333333333334,linear,65.54166666666667,79.4,charging,True,False,False,False,False,5月17日08_00_5月17日18_00
2024-05-17 16:28:59,138.0,-107.57723999999999,30.42276000000001,8.8,linear,65.60000000000001,79.4,charging,True,False,False,False,False,5月17日08_00_5月17日18_00
2024-05-17 16:29:29,137.0,-102.46902,34.53098,8.73,linear,65.64999999999999,79.5,charging,True,False,False,False,False,5月17日08_00_5月17日18_00
2024-05-17 16:29:59,138.0,-125.61082000000002,12.389179999999982,8.6,linear,65.70833333333334,75.8,charging,True,False,False,False,False,5月17日08_00_5月17日18_00
2024-05-17 16:30:29,137.0,-77.04132999999999,59.95867000000001,7.510526315789473,linear,65.73333333333333,69.69999999999999,charging,True,False,False,False,False,5月17日08_00_5月17日18_00
2024-05-17 16:30:59,136.0,-142.3016,-6.301600000000008,6.930000000000001,linear,65.8,65.6,charging,True,False,False,False,True,5月17日08_00_5月17日18_00
2024-05-17 16:31:29,138.0,-49.315943999999995,88.684056,7.2,linear,65.83333333333333,63.9,charging,True,False,False,False,False,5月17日08_00_5月17日18_00
2024-05-17 16:31:59,138.0,-62.69619,75.30381,7.92,linear,65.875,63.300000000000004,charging,True,False,False,False,False,5月17日08_00_5月17日18_00
2024-05-17 16:32:29,138.0,-61.60069000000001,76.39930999999999,8.8,linear,65.88333333333334,63.8,charging,True,False,False,False,False,5月17日08_00_5月17日18_00
2024-05-17 16:32:59,136.0,-50.65109999999999,85.34890000000001,8.885,linear,65.90833333333333,59.900000000000006,charging,True,False,False,False,False,5月17日08_00_5月17日18_00
2024-05-17 16:33:29,138.0,-41.872431,96.127569,9.066666666666666,linear,65.95,70.5,charging,True,False,False,False,False,5月17日08_00_5月17日18_00
2024-05-17 16:33:59,137.0,-29.829544000000002,107.170456,9.67,linear,65.94166666666666,77.2,charging,True,False,False,False,False,5月17日08_00_5月17日18_00
2024-05-17 16:34:29,137.0,-37.506218,99.49378200000001,9.77,linear,65.96666666666665,76.19999999999999,charging,True,False,False,False,False,5月17日08_00_5月17日18_00
2024-05-17 16:34:59,138.0,-31.056808,106.943192,9.9,linear,65.99166666666666,84.19999999999999,charging,True,False,False,False,False,5月17日08_00_5月17日18_00
2024-05-17 16:35:29,137.0,-25.025375999999998,111.974624,9.94,linear,65.99166666666666,92.5,charging,True,False,False,False,False,5月17日08_00_5月17日18_00
2024-05-17 16:35:59,138.0,-12.852640000000005,125.14735999999999,10.0,linear,65.99166666666667,90.4,charging,True,False,False,False,False,5月17日08_00_5月17日18_00
2024-05-17 16:36:29,138.0,-22.12491,115.87509,10.27,linear,66.01666666666667,91.3,charging,True,False,False,False,False,5月17日08_00_5月17日18_00
2024-05-17 16:36:59,138.0,-19.870771999999995,118.12922800000001,10.4,linear,66.02499999999999,93.5,charging,True,False,False,False,False,5月17日08_00_5月17日18_00
2024-05-17 16:37:29,138.0,-20.353451999999997,117.646548,10.5,linear,66.03333333333333,92.6,charging,True,False,False,False,False,5月17日08_00_5月17日18_00
2024-05-17 16:37:59,136.0,-21.971732000000003,114.028268,10.5,linear,66.03333333333332,91.4,charging,True,False,False,False,False,5月17日08_00_5月17日18_00
2024-05-17 16:38:29,137.0,-23.55932,113.44068,10.5,linear,66.05,92.8,charging,True,False,False,False,False,5月17日08_00_5月17日18_00
2024-05-17 16:38:59,136.0,-24.698414,111.301586,10.41904761904762,linear,66.06666666666666,90.9,charging,True,False,False,False,False,5月17日08_00_5月17日18_00
2024-05-17 16:39:29,138.0,-26.72747,111.27253,10.6,linear,66.06666666666666,90.9,charging,True,False,False,False,False,5月17日08_00_5月17日18_00
2024-05-17 16:39:59,138.0,-28.618242000000002,109.38175799999999,10.515,linear,66.09166666666667,93.9,charging,True,False,False,False,False,5月17日08_00_5月17日18_00
2024-05-17 16:40:29,138.0,-31.318307000000004,106.681693,10.4,linear,66.10833333333333,84.5,charging,True,False,False,False,False,5月17日08_00_5月17日18_00
2024-05-17 16:40:59,136.0,-33.514276,102.485724,10.222222222222221,linear,66.11666666666666,80.6,charging,True,False,False,False,False,5月17日08_00_5月17日18_00
2024-05-17 16:41:29,138.0,-43.280488,94.71951200000001,10.085714285714285,linear,66.14166666666667,80.7,charging,True,False,False,False,False,5月17日08_00_5月17日18_00
2024-05-17 16:41:59,136.0,-37.502483999999995,98.497516,9.729999999999999,linear,66.15,80.7,charging,True,False,False,False,False,5月17日08_00_5月17日18_00
2024-05-17 16:42:29,138.0,-38.538630000000005,99.46136999999999,9.799999999999999,linear,66.16666666666667,78.2,charging,True,False,False,False,False,5月17日08_00_5月17日18_00
2024-05-17 16:42:59,138.0,-32.91421,105.08579,10.0,linear,66.2,80.7,charging,True,False,False,False,False,5月17日08_00_5月17日18_00
2024-05-17 16:43:29,138.0,-35.47576,102.52423999999999,9.93,linear,66.19166666666666,78.9,charging,True,False,False,False,False,5月17日08_00_5月17日18_00
2024-05-17 16:43:59,138.0,-41.199526,96.80047400000001,9.8,linear,66.2,79.0,charging,True,False,False,False,False,5月17日08_00_5月17日18_00
2024-05-17 16:44:29,137.0,-42.729294,94.27070599999999,9.45,linear,66.23333333333333,73.8,charging,True,False,False,False,False,5月17日08_00_5月17日18_00
2024-05-17 16:44:59,136.0,-51.787997,84.21200300000001,9.1,linear,66.24166666666667,69.30000000000001,charging,True,False,False,False,False,5月17日08_00_5月17日18_00
2024-05-17 16:45:29,138.0,-57.67683999999999,80.32316,8.19,linear,66.28333333333332,63.2,charging,True,False,False,False,False,5月17日08_00_5月17日18_00
2024-05-17 16:45:59,136.0,-52.244115,83.755885,7.8,linear,66.3,66.0,charging,True,False,False,False,False,5月17日08_00_5月17日18_00
2024-05-17 16:46:29,138.0,-46.507943999999995,91.492056,7.8,linear,66.325,64.7,charging,True,False,False,False,False,5月17日08_00_5月17日18_00
2024-05-17 16:46:59,138.0,-48.251861,89.74813900000001,7.63157894736842,linear,66.35833333333333,64.2,charging,True,False,False,False,False,5月17日08_00_5月17日18_00
2024-05-17 16:47:29,90.0,1.33908,91.33908,7.6,linear,66.36666666666666,72.8,discharging,True,False,False,False,False,5月17日08_00_5月17日18_00
2024-05-17 16:47:59,8.0,141.2036,149.2036,7.680952380952381,linear,66.325,70.2,discharging,True,False,False,False,False,5月17日08_00_5月17日18_00
2024-05-17 16:48:29,6.0,232.53199999999998,238.53199999999998,7.7,linear,66.24166666666666,71.9,discharging,True,False,False,False,False,5月17日08_00_5月17日18_00
2024-05-17 16:48:59,9.0,247.46709999999996,256.46709999999996,7.784210526315789,linear,66.10833333333333,85.4,discharging,True,False,False,False,False,5月17日08_00_5月17日18_00
2024-05-17 16:49:29,9.0,245.4364,254.4364,7.835,linear,66.0,84.4,discharging,True,False,False,False,False,5月17日08_00_5月17日18_00
2024-05-17 16:49:59,3.0,250.54739999999998,253.54739999999998,7.819047619047619,linear,65.9,82.7,discharging,True,False,False,False,False,5月17日08_00_5月17日18_00
2024-05-17 16:50:29,0.0,256.173,256.173,7.8,linear,65.775,94.0,discharging,True,False,False,False,False,5月17日08_00_5月17日18_00
2024-05-17 16:50:59,0.0,266.37149999999997,266.37149999999997,7.883333333333334,linear,65.675,92.1,discharging,True,False,False,False,False,5月17日08_00_5月17日18_00
2024-05-17 16:51:29,0.0,260.9796,260.9796,7.866666666666667,linear,65.575,93.5,discharging,True,False,False,False,False,5月17日08_00_5月17日18_00
2024-05-17 16:51:59,0.0,210.7547,210.7547,7.56,linear,65.44166666666666,90.5,discharging,True,False,False,False,False,5月17日08_00_5月17日18_00
2024-05-17 16:52:29,0.0,152.52419999999998,152.52419999999998,7.128571428571429,linear,65.35833333333333,91.7,discharging,True,False,False,False,False,5月17日08_00_5月17日18_00
2024-05-17 16:52:59,0.0,128.57464,128.57464,6.2,linear,65.30833333333334,85.0,discharging,True,False,False,False,False,5月17日08_00_5月17日18_00
2024-05-17 16:53:29,0.0,100.89526000000001,100.89526000000001,4.68,linear,65.25,86.19999999999999,discharging,True,False,False,False,False,5月17日08_00_5月17日18_00
2024-05-17 16:53:59,0.0,156.07502000000002,156.07502000000002,3.7,linear,65.19166666666665,84.5,discharging,True,False,False,False,False,5月17日08_00_5月17日18_00
2024-05-17 16:54:29,0.0,91.68069999999999,91.68069999999999,3.1055555555555556,linear,65.16666666666667,85.9,discharging,True,False,False,False,False,5月17日08_00_5月17日18_00
2024-05-17 16:54:59,0.0,81.25008000000003,81.25008000000003,2.6,linear,65.11666666666666,84.9,discharging,True,False,False,False,False,5月17日08_00_5月17日18_00
2024-05-17 16:55:29,0.0,83.71950000000002,83.71950000000002,2.0,linear,65.08333333333333,86.5,discharging,True,False,False,False,False,5月17日08_00_5月17日18_00
2024-05-17 16:56:08,0.0,71.3899,71.3899,2.0,linear,65.03333333333333,68.4,discharging,True,False,False,False,False,5月17日08_00_5月17日18_00
2024-05-17 16:56:29,0.0,55.35939,55.35939,2.0,linear,65.00833333333334,57.8,discharging,True,False,False,False,False,5月17日08_00_5月17日18_00
2024-05-17 16:56:59,0.0,127.52709999999999,127.52709999999999,2.0,linear,64.94999999999999,58.099999999999994,discharging,True,False,False,False,False,5月17日08_00_5月17日18_00
2024-05-17 16:57:29,0.0,52.287620000000004,52.287620000000004,2.0,linear,64.93333333333332,49.599999999999994,discharging,True,False,False,False,False,5月17日08_00_5月17日18_00
2024-05-17 16:57:59,0.0,54.0811,54.0811,2.0,linear,64.91666666666667,53.7,discharging,True,False,False,False,False,5月17日08_00_5月17日18_00
2024-05-17 16:58:29,0.0,61.277289999999994,61.277289999999994,1.335,linear,64.88333333333334,49.5,discharging,True,False,False,False,False,5月17日08_00_5月17日18_00
2024-05-17 16:58:59,0.0,56.79739,56.79739,0.1,linear,64.84166666666668,49.400000000000006,discharging,True,False,False,False,False,5月17日08_00_5月17日18_00
2024-05-17 16:59:29,0.0,76.46569,76.46569,0.1,linear,64.825,57.0,discharging,True,False,False,False,False,5月17日08_00_5月17日18_00
2024-05-17 16:59:59,0.0,56.06405000000001,56.06405000000001,0.1,linear,64.79166666666667,58.300000000000004,discharging,True,False,False,False,False,5月17日08_00_5月17日18_00
2024-05-17 17:00:29,0.0,51.38075000000001,51.38075000000001,0.065,linear,64.74166666666666,54.5,discharging,True,False,False,False,False,5月17日08_00_5月17日18_00
2024-05-17 17:00:59,0.0,59.27808999999999,59.27808999999999,0.0,linear,64.73333333333333,62.300000000000004,discharging,True,False,False,False,False,5月17日08_00_5月17日18_00
2024-05-17 17:01:29,0.0,59.60442000000001,59.60442000000001,0.0,linear,64.70833333333333,61.9,discharging,True,False,False,False,False,5月17日08_00_5月17日18_00
2024-05-17 17:01:59,0.0,59.58273799999999,59.58273799999999,0.0,linear,64.68333333333332,61.7,discharging,True,False,False,False,False,5月17日08_00_5月17日18_00
2024-05-17 17:02:29,0.0,60.792314000000005,60.792314000000005,0.0,linear,64.65833333333332,62.0,discharging,True,False,False,False,False,5月17日08_00_5月17日18_00
2024-05-17 17:02:59,0.0,60.97384,60.97384,0.0,linear,64.62499999999999,62.1,discharging,True,False,False,False,False,5月17日08_00_5月17日18_00
2024-05-17 17:03:29,0.0,60.37526,60.37526,0.0,linear,64.6,62.4,discharging,True,False,False,False,False,5月17日08_00_5月17日18_00
2024-05-17 17:03:59,0.0,57.09338999999999,57.09338999999999,0.0,linear,64.575,62.4,discharging,True,False,False,False,False,5月17日08_00_5月17日18_00
2024-05-17 17:04:29,0.0,59.76392,59.76392,0.0,linear,64.55,61.7,discharging,True,False,False,False,False,5月17日08_00_5月17日18_00
2024-05-17 17:04:59,0.0,58.37568,58.37568,0.0,linear,64.52499999999999,62.7,discharging,True,False,False,False,False,5月17日08_00_5月17日18_00
2024-05-17 17:05:29,0.0,59.8034,59.8034,0.0,linear,64.49166666666667,61.7,discharging,True,False,False,False,False,5月17日08_00_5月17日18_00
2024-05-17 17:05:59,0.0,65.52259,65.52259,0.0,linear,64.46666666666667,68.5,discharging,True,False,False,False,False,5月17日08_00_5月17日18_00
2024-05-17 17:06:29,0.0,65.58283999999999,65.58283999999999,0.0,linear,64.44166666666666,69.3,discharging,True,False,False,False,False,5月17日08_00_5月17日18_00
2024-05-17 17:06:59,0.0,65.51048,65.51048,0.0,linear,64.39999999999999,69.4,discharging,True,False,False,False,False,5月17日08_00_5月17日18_00
2024-05-17 17:07:29,0.0,66.574754,66.574754,0.0,linear,64.375,69.2,discharging,True,False,False,False,False,5月17日08_00_5月17日18_00
2024-05-17 17:07:59,0.0,67.07146,67.07146,0.0,linear,64.35000000000001,69.5,discharging,True,False,False,False,False,5月17日08_00_5月17日18_00
2024-05-17 17:08:29,0.0,67.734968,67.734968,0.0,linear,64.3,70.5,discharging,True,False,False,False,False,5月17日08_00_5月17日18_00
2024-05-17 17:08:59,0.0,66.90872999999999,66.90872999999999,0.0,linear,64.29166666666667,69.9,discharging,True,False,False,False,False,5月17日08_00_5月17日18_00
2024-05-17 17:09:29,0.0,67.22868,67.22868,0.0,linear,64.275,70.0,discharging,True,False,False,False,False,5月17日08_00_5月17日18_00
2024-05-17 17:09:59,0.0,66.80792,66.80792,0.0,linear,64.21666666666667,70.4,discharging,True,False,False,False,False,5月17日08_00_5月17日18_00
2024-05-17 17:10:29,0.0,73.00464000000001,73.00464000000001,0.0,linear,64.2,77.69999999999999,discharging,True,False,False,False,False,5月17日08_00_5月17日18_00
2024-05-17 17:10:59,0.0,72.92454,72.92454,0.0,linear,64.16666666666666,77.9,discharging,True,False,False,False,False,5月17日08_00_5月17日18_00
2024-05-17 17:11:29,0.0,73.14374000000002,73.14374000000002,0.0,linear,64.12499999999999,78.0,discharging,True,False,False,False,False,5月17日08_00_5月17日18_00
2024-05-17 17:11:59,0.0,65.92947000000001,65.92947000000001,0.0,linear,64.1,69.5,discharging,True,False,False,False,False,5月17日08_00_5月17日18_00
2024-05-17 17:12:29,0.0,60.53049000000001,60.53049000000001,0.0,linear,64.09166666666667,62.7,discharging,True,False,False,False,False,5月17日08_00_5月17日18_00
2024-05-17 17:12:59,0.0,59.83522,59.83522,0.0,linear,64.04166666666667,62.5,discharging,True,False,False,False,False,5月17日08_00_5月17日18_00
2024-05-17 17:13:29,0.0,59.691700000000004,59.691700000000004,0.0,linear,64.00000000000001,61.900000000000006,discharging,True,False,False,False,False,5月17日08_00_5月17日18_00
2024-05-17 17:13:59,0.0,59.5552,59.5552,0.0,linear,64.00000000000001,62.3,discharging,True,False,False,False,False,5月17日08_00_5月17日18_00
2024-05-17 17:14:29,0.0,60.583690000000004,60.583690000000004,0.0,linear,63.96666666666667,62.9,discharging,True,False,False,False,False,5月17日08_00_5月17日18_00
2024-05-17 17:14:59,0.0,45.69545,45.69545,0.0,linear,63.958333333333336,47.1,discharging,True,False,False,False,False,5月17日08_00_5月17日18_00
2024-05-17 17:15:29,0.0,45.412499999999994,45.412499999999994,0.0,linear,63.90833333333333,47.9,discharging,True,False,False,False,False,5月17日08_00_5月17日18_00
2024-05-17 17:15:59,0.0,46.83714,46.83714,0.0,linear,63.9,47.5,discharging,True,False,False,False,False,5月17日08_00_5月17日18_00
2024-05-17 17:16:29,0.0,44.41338,44.41338,0.0,linear,63.89166666666667,47.3,discharging,True,False,False,False,False,5月17日08_00_5月17日18_00
2024-05-17 17:16:59,0.0,44.30900999999999,44.30900999999999,0.0,linear,63.86666666666667,47.3,discharging,True,False,False,False,False,5月17日08_00_5月17日18_00
2024-05-17 17:17:29,0.0,44.41859999999999,44.41859999999999,0.0,linear,63.849999999999994,47.0,discharging,True,False,False,False,False,5月17日08_00_5月17日18_00
2024-05-17 17:17:59,0.0,51.21827,51.21827,0.0,linear,63.80833333333334,53.0,discharging,True,False,False,False,False,5月17日08_00_5月17日18_00
2024-05-17 17:18:29,0.0,51.40357,51.40357,0.0,linear,63.79166666666668,54.1,discharging,True,False,False,False,False,5月17日08_00_5月17日18_00
2024-05-17 17:18:59,0.0,58.978699999999996,58.978699999999996,0.0,linear,63.76666666666667,61.0,discharging,True,False,False,False,False,5月17日08_00_5月17日18_00
2024-05-17 17:19:29,0.0,58.31102,58.31102,0.0,linear,63.75,60.5,discharging,True,False,False,False,False,5月17日08_00_5月17日18_00
2024-05-17 17:19:59,0.0,58.42488999999999,58.42488999999999,0.0,linear,63.724999999999994,61.4,discharging,True,False,False,False,False,5月17日08_00_5月17日18_00
2024-05-17 17:20:29,0.0,58.65487,58.65487,0.0,linear,63.675000000000004,60.4,discharging,True,False,False,False,False,5月17日08_00_5月17日18_00
2024-05-17 17:20:59,0.0,60.46447,60.46447,0.0,linear,63.666666666666664,61.3,discharging,True,False,False,False,False,5月17日08_00_5月17日18_00
2024-05-17 17:21:29,0.0,61.396409999999996,61.396409999999996,0.0,linear,63.64166666666667,61.7,discharging,True,False,False,False,False,5月17日08_00_5月17日18_00
2024-05-17 17:21:59,0.0,60.24823,60.24823,0.0,linear,63.6,60.800000000000004,discharging,True,False,False,False,False,5月17日08_00_5月17日18_00
2024-05-17 17:22:29,0.0,56.98599000000001,56.98599000000001,0.0,linear,63.6,59.4,discharging,True,False,False,False,False,5月17日08_00_5月17日18_00
2024-05-17 17:22:59,0.0,56.55173,56.55173,0.0,linear,63.56666666666666,59.599999999999994,discharging,True,False,False,False,False,5月17日08_00_5月17日18_00
2024-05-17 17:23:29,0.0,52.26375,52.26375,0.0,linear,63.53333333333333,54.5,discharging,True,False,False,False,False,5月17日08_00_5月17日18_00
2024-05-17 17:23:59,0.0,50.42832,50.42832,0.0,linear,63.508333333333326,53.1,discharging,True,False,False,False,False,5月17日08_00_5月17日18_00
2024-05-17 17:24:29,0.0,50.67254,50.67254,0.0,linear,63.5,54.0,discharging,True,False,False,False,False,5月17日08_00_5月17日18_00
2024-05-17 17:24:59,0.0,59.284720000000014,59.284720000000014,0.0,linear,63.46666666666666,61.7,discharging,True,False,False,False,False,5月17日08_00_5月17日18_00
2024-05-17 17:25:29,0.0,58.66078000000001,58.66078000000001,0.0,linear,63.44166666666667,62.4,discharging,True,False,False,False,False,5月17日08_00_5月17日18_00
2024-05-17 17:25:59,0.0,58.45454999999999,58.45454999999999,0.0,linear,63.416666666666664,62.699999999999996,discharging,True,False,False,False,False,5月17日08_00_5月17日18_00
2024-05-17 17:26:29,0.0,65.80485,65.80485,0.0,linear,63.38333333333333,68.6,discharging,True,False,False,False,False,5月17日08_00_5月17日18_00
2024-05-17 17:26:59,0.0,66.55568000000001,66.55568000000001,0.0,linear,63.35,69.3,discharging,True,False,False,False,False,5月17日08_00_5月17日18_00
2024-05-17 17:27:29,0.0,72.56336999999999,72.56336999999999,0.0,linear,63.333333333333336,76.4,discharging,True,False,False,False,False,5月17日08_00_5月17日18_00
2024-05-17 17:27:59,0.0,72.43851000000001,72.43851000000001,0.0,linear,63.291666666666664,75.8,discharging,True,False,False,False,False,5月17日08_00_5月17日18_00
2024-05-17 17:28:29,0.0,74.13096000000002,74.13096000000002,0.0,linear,63.25833333333333,76.4,discharging,True,False,False,False,False,5月17日08_00_5月17日18_00
2024-05-17 17:28:59,0.0,73.01491999999999,73.01491999999999,0.0,linear,63.23333333333333,77.3,discharging,True,False,False,False,False,5月17日08_00_5月17日18_00
2024-05-17 17:29:29,0.0,59.25356000000001,59.25356000000001,0.0,linear,63.199999999999996,61.9,discharging,True,False,False,False,False,5月17日08_00_5月17日18_00
2024-05-17 17:29:59,0.0,60.60605999999999,60.60605999999999,0.0,linear,63.175000000000004,61.1,discharging,True,False,False,False,False,5月17日08_00_5月17日18_00
2024-05-17 17:30:29,0.0,59.41105999999999,59.41105999999999,0.0,linear,63.14166666666667,61.6,discharging,True,False,False,False,False,5月17日08_00_5月17日18_00
2024-05-17 17:30:59,0.0,57.682230000000004,57.682230000000004,0.0,linear,63.11666666666667,62.0,discharging,True,False,False,False,False,5月17日08_00_5月17日18_00
2024-05-17 17:31:29,0.0,59.768069999999994,59.768069999999994,0.0,linear,63.1,62.0,discharging,True,False,False,False,False,5月17日08_00_5月17日18_00
2024-05-17 17:31:59,0.0,53.84384,53.84384,0.0,linear,63.083333333333336,54.7,discharging,True,False,False,False,False,5月17日08_00_5月17日18_00
2024-05-17 17:32:29,0.0,45.26209,45.26209,0.0,linear,63.05833333333333,46.4,discharging,True,False,False,False,False,5月17日08_00_5月17日18_00
2024-05-17 17:32:59,0.0,44.146,44.146,0.0,linear,63.025,47.2,discharging,True,False,False,False,False,5月17日08_00_5月17日18_00
2024-05-17 17:33:29,0.0,45.11918999999999,45.11918999999999,0.0,linear,63.0,47.3,discharging,True,False,False,False,False,5月17日08_00_5月17日18_00
2024-05-17 17:33:59,0.0,45.59019000000001,45.59019000000001,0.0,linear,62.99166666666667,46.8,discharging,True,False,False,False,False,5月17日08_00_5月17日18_00
2024-05-17 17:34:29,0.0,44.27917000000001,44.27917000000001,0.0,linear,62.96666666666667,46.5,discharging,True,False,False,False,False,5月17日08_00_5月17日18_00
2024-05-17 17:34:59,0.0,51.31222000000001,51.31222000000001,0.0,linear,62.958333333333336,54.5,discharging,True,False,False,False,False,5月17日08_00_5月17日18_00
2024-05-17 17:35:29,0.0,51.317040000000006,51.317040000000006,0.0,linear,62.900000000000006,54.2,discharging,True,False,False,False,False,5月17日08_00_5月17日18_00
2024-05-17 17:35:59,0.0,57.95382,57.95382,0.0,linear,62.900000000000006,60.6,discharging,True,False,False,False,False,5月17日08_00_5月17日18_00
2024-05-17 17:36:29,0.0,58.15199,58.15199,0.0,linear,62.88333333333335,61.099999999999994,discharging,True,False,False,False,False,5月17日08_00_5月17日18_00
2024-05-17 17:36:59,0.0,58.097190000000005,58.097190000000005,0.0,linear,62.85,60.6,discharging,True,False,False,False,False,5月17日08_00_5月17日18_00
2024-05-17 17:37:29,0.0,57.41717,57.41717,0.0,linear,62.81666666666666,61.2,discharging,True,False,False,False,False,5月17日08_00_5月17日18_00
2024-05-17 17:37:59,0.0,58.17759,58.17759,0.0,linear,62.78333333333333,61.6,discharging,True,False,False,False,False,5月17日08_00_5月17日18_00
2024-05-17 17:38:29,0.0,58.67279,58.67279,0.0,linear,62.76666666666666,60.400000000000006,discharging,True,False,False,False,False,5月17日08_00_5月17日18_00
2024-05-17 17:38:59,0.0,58.10775000000001,58.10775000000001,0.0,linear,62.74166666666667,61.3,discharging,True,False,False,False,False,5月17日08_00_5月17日18_00
2024-05-17 17:39:29,0.0,37.497519999999994,37.497519999999994,0.0,linear,62.725,41.4,discharging,True,False,False,False,False,5月17日08_00_5月17日18_00
2024-05-17 17:39:59,0.0,36.23399,36.23399,0.0,linear,62.708333333333336,38.2,discharging,True,False,False,False,False,5月17日08_00_5月17日18_00
2024-05-17 17:46:29,0.0,-0.034956,-0.034956,0.0,linear,62.68333333333333,0.0,neutral,True,False,False,False,True,5月17日08_00_5月17日18_00
2024-05-17 17:46:59,0.0,-0.034956,-0.034956,0.0,linear,62.68333333333333,0.0,neutral,True,False,False,False,True,5月17日08_00_5月17日18_00
2024-05-17 17:47:29,0.0,-0.035512,-0.035512,0.0,linear,62.68333333333333,0.0,neutral,True,False,False,False,True,5月17日08_00_5月17日18_00
2024-05-17 17:47:59,0.0,-0.035514000000000004,-0.035514000000000004,0.0,linear,62.68333333333333,0.0,neutral,True,False,False,False,True,5月17日08_00_5月17日18_00
2024-05-17 17:48:29,0.0,-0.036068,-0.036068,0.0,linear,62.68333333333333,0.0,neutral,True,False,False,False,True,5月17日08_00_5月17日18_00
2024-05-17 17:48:59,0.0,-0.036070000000000005,-0.036070000000000005,0.0,linear,62.68333333333333,0.0,neutral,True,False,False,False,True,5月17日08_00_5月17日18_00
2024-05-17 17:49:29,0.0,-0.036624000000000004,-0.036624000000000004,0.0,linear,62.68333333333333,0.0,neutral,True,False,False,False,True,5月17日08_00_5月17日18_00
2024-05-17 17:49:59,0.0,-0.037732,-0.037732,0.0,linear,62.68333333333333,0.0,neutral,True,False,False,False,True,5月17日08_00_5月17日18_00
2024-05-17 17:50:29,0.0,-0.037178,-0.037178,0.0,linear,62.68333333333333,0.0,neutral,True,False,False,False,True,5月17日08_00_5月17日18_00
2024-05-17 17:50:59,0.0,-0.038287,-0.038287,0.0,linear,62.68333333333333,0.0,neutral,True,False,False,False,True,5月17日08_00_5月17日18_00
2024-05-17 17:51:29,0.0,-0.037732,-0.037732,0.0,linear,62.68333333333333,0.0,neutral,True,False,False,False,True,5月17日08_00_5月17日18_00
2024-05-17 17:51:59,0.0,-0.037178,-0.037178,0.0,linear,62.68333333333333,0.0,neutral,True,False,False,False,True,5月17日08_00_5月17日18_00
2024-05-17 17:52:29,0.0,-0.038842,-0.038842,0.0,linear,62.68333333333333,0.0,neutral,True,False,False,False,True,5月17日08_00_5月17日18_00
2024-05-17 17:52:59,0.0,-0.037732,-0.037732,0.0,linear,62.68333333333333,0.0,neutral,True,False,False,False,True,5月17日08_00_5月17日18_00
2024-05-17 17:53:29,0.0,-0.037732,-0.037732,0.0,linear,62.68333333333333,0.0,neutral,True,False,False,False,True,5月17日08_00_5月17日18_00
2024-05-17 17:53:59,0.0,-0.039397,-0.039397,0.0,linear,62.68333333333333,0.0,neutral,True,False,False,False,True,5月17日08_00_5月17日18_00
2024-05-17 17:54:29,0.0,-0.038286,-0.038286,0.0,linear,62.68333333333333,0.0,neutral,True,False,False,False,True,5月17日08_00_5月17日18_00
2024-05-17 17:54:59,0.0,-0.037732,-0.037732,0.0,linear,62.68333333333333,0.0,neutral,True,False,False,False,True,5月17日08_00_5月17日18_00
2024-05-17 17:55:29,0.0,-0.038287,-0.038287,0.0,linear,62.68333333333333,0.0,neutral,True,False,False,False,True,5月17日08_00_5月17日18_00
2024-05-17 17:55:59,0.0,-0.038289000000000004,-0.038289000000000004,0.0,linear,62.68333333333333,0.0,neutral,True,False,False,False,True,5月17日08_00_5月17日18_00
2024-05-17 17:56:29,0.0,-0.037732,-0.037732,0.0,linear,62.68333333333333,0.0,neutral,True,False,False,False,True,5月17日08_00_5月17日18_00
2024-05-17 17:56:59,0.0,-0.037732,-0.037732,0.0,linear,62.68333333333333,0.0,neutral,True,False,False,False,True,5月17日08_00_5月17日18_00
2024-05-17 17:57:29,0.0,-0.037732,-0.037732,0.0,linear,62.68333333333333,0.0,neutral,True,False,False,False,True,5月17日08_00_5月17日18_00
2024-05-17 17:57:59,0.0,-0.038861,-0.038861,0.0,linear,62.68333333333333,0.0,neutral,True,False,False,False,True,5月17日08_00_5月17日18_00
2024-05-17 17:58:29,0.0,-0.037753,-0.037753,0.0,linear,62.68333333333333,0.0,neutral,True,False,False,False,True,5月17日08_00_5月17日18_00
2024-05-17 17:58:59,0.0,-0.039417,-0.039417,0.0,linear,62.68333333333333,0.0,neutral,True,False,False,False,True,5月17日08_00_5月17日18_00
2024-05-17 17:59:29,0.0,-0.037794,-0.037794,0.0,linear,62.68333333333333,0.0,neutral,True,False,False,False,True,5月17日08_00_5月17日18_00
2024-05-17 17:59:59,0.0,-0.038905999999999996,-0.038905999999999996,0.0,nearest,62.68333333333333,0.0,neutral,True,False,False,False,True,5月17日08_00_5月17日18_00
