timestamp,time_s,load_total_kw
2024-05-09 14:50:08,0.0,276.68739999999997
2024-05-09 14:50:09,1.0,268.23593491296293
2024-05-09 14:50:10,2.0,259.84437517037037
2024-05-09 14:50:11,3.0,251.52862305
2024-05-09 14:50:12,4.0,243.3045808296296
2024-05-09 14:50:13,5.0,235.18815078703702
2024-05-09 14:50:14,6.0,227.19523519999998
2024-05-09 14:50:15,7.0,219.3417363462963
2024-05-09 14:50:16,8.0,211.6435565037037
2024-05-09 14:50:17,9.0,204.11659795
2024-05-09 14:50:18,10.0,196.77676296296298
2024-05-09 14:50:19,11.0,189.63995382037035
2024-05-09 14:50:20,12.0,182.7220728
2024-05-09 14:50:21,13.0,176.03902217962965
2024-05-09 14:50:22,14.0,169.60670423703704
2024-05-09 14:50:23,15.0,163.44102125
2024-05-09 14:50:24,16.0,157.55787549629628
2024-05-09 14:50:25,17.0,151.9731692537037
2024-05-09 14:50:26,18.0,146.7028048
2024-05-09 14:50:27,19.0,141.76268441296298
2024-05-09 14:50:28,20.0,137.16871037037038
2024-05-09 14:50:29,21.0,132.93678495
2024-05-09 14:50:30,22.0,129.08281042962963
2024-05-09 14:50:31,23.0,125.62268908703705
2024-05-09 14:50:32,24.0,122.5723232
2024-05-09 14:50:33,25.0,119.9476150462963
2024-05-09 14:50:34,26.0,117.76446690370372
2024-05-09 14:50:35,27.0,116.03878105000001
2024-05-09 14:50:36,28.0,114.78645976296296
2024-05-09 14:50:37,29.0,114.02340532037039
2024-05-09 14:50:38,30.0,113.76552000000001
2024-05-09 14:50:39,31.0,113.790530618729
2024-05-09 14:50:40,32.0,113.8651474286545
2024-05-09 14:50:41,33.0,113.98874786038432
2024-05-09 14:50:42,34.0,114.16070934452624
2024-05-09 14:50:43,35.0,114.38040931168806
2024-05-09 14:50:44,36.0,114.64722519247756
2024-05-09 14:50:45,37.0,114.96053441750256
2024-05-09 14:50:46,38.0,115.31971441737085
2024-05-09 14:50:47,39.0,115.72414262269018
2024-05-09 14:50:48,40.0,116.17319646406843
2024-05-09 14:50:49,41.0,116.66625337211332
2024-05-09 14:50:50,42.0,117.20269077743268
2024-05-09 14:50:51,43.0,117.78188611063428
2024-05-09 14:50:52,44.0,118.40321680232594
2024-05-09 14:50:53,45.0,119.06606028311545
2024-05-09 14:50:54,46.0,119.7697939836106
2024-05-09 14:50:55,47.0,120.5137953344192
2024-05-09 14:50:56,48.0,121.297441766149
2024-05-09 14:50:57,49.0,122.12011070940784
2024-05-09 14:50:58,50.0,122.9811795948035
2024-05-09 14:50:59,51.0,123.88002585294377
2024-05-09 14:51:00,52.0,124.81602691443645
2024-05-09 14:51:01,53.0,125.78856020988934
2024-05-09 14:51:02,54.0,126.79700316991021
2024-05-09 14:51:03,55.0,127.8407332251069
2024-05-09 14:51:04,56.0,128.91912780608718
2024-05-09 14:51:05,57.0,130.0315643434588
2024-05-09 14:51:06,58.0,131.17742026782963
2024-05-09 14:51:07,59.0,132.35607300980743
2024-05-09 14:51:08,60.0,133.5669
2024-05-09 14:51:09,61.0,135.56095524797036
2024-05-09 14:51:10,62.0,139.0180901943926
2024-05-09 14:51:11,63.0,143.8308784165412
2024-05-09 14:51:12,64.0,149.8918934916906
2024-05-09 14:51:13,65.0,157.09370899711536
2024-05-09 14:51:14,66.0,165.3288985100898
2024-05-09 14:51:15,67.0,174.49003560788844
2024-05-09 14:51:16,68.0,184.46969386778576
2024-05-09 14:51:17,69.0,195.16044686705624
2024-05-09 14:51:18,70.0,206.4548681829743
2024-05-09 14:51:19,71.0,218.2455313928144
2024-05-09 14:51:20,72.0,230.425010073851
2024-05-09 14:51:21,73.0,242.88587780335857
2024-05-09 14:51:22,74.0,255.52070815861165
2024-05-09 14:51:23,75.0,268.22207471688455
2024-05-09 14:51:24,76.0,280.8825510554518
2024-05-09 14:51:25,77.0,293.3947107515879
2024-05-09 14:51:26,78.0,305.6511273825673
2024-05-09 14:51:27,79.0,317.54437452566447
2024-05-09 14:51:28,80.0,328.96702575815385
2024-05-09 14:51:29,81.0,339.8116546573098
2024-05-09 14:51:30,82.0,349.9708348004069
2024-05-09 14:51:31,83.0,359.33713976471967
2024-05-09 14:51:32,84.0,367.8031431275225
2024-05-09 14:51:33,85.0,375.2614184660897
2024-05-09 14:51:34,86.0,381.604539357696
2024-05-09 14:51:35,87.0,386.7250793796157
2024-05-09 14:51:36,88.0,390.5156121091233
2024-05-09 14:51:37,89.0,392.86871112349326
2024-05-09 14:51:38,90.0,393.67695000000003
2024-05-09 14:51:39,91.0,393.6623052355556
2024-05-09 14:51:40,92.0,393.6197022844445
2024-05-09 14:51:41,93.0,393.55113816
2024-05-09 14:51:42,94.0,393.4586098755556
2024-05-09 14:51:43,95.0,393.3441144444445
2024-05-09 14:51:44,96.0,393.20964888000003
2024-05-09 14:51:45,97.0,393.0572101955556
2024-05-09 14:51:46,98.0,392.88879540444447
2024-05-09 14:51:47,99.0,392.70640152000004
2024-05-09 14:51:48,100.0,392.5120255555556
2024-05-09 14:51:49,101.0,392.3076645244445
2024-05-09 14:51:50,102.0,392.0953154400001
2024-05-09 14:51:51,103.0,391.87697531555557
2024-05-09 14:51:52,104.0,391.6546411644445
2024-05-09 14:51:53,105.0,391.43031
2024-05-09 14:51:54,106.0,391.2059788355556
2024-05-09 14:51:55,107.0,390.98364468444447
2024-05-09 14:51:56,108.0,390.76530456000006
2024-05-09 14:51:57,109.0,390.5529554755556
2024-05-09 14:51:58,110.0,390.34859444444453
2024-05-09 14:51:59,111.0,390.15421848000005
2024-05-09 14:52:00,112.0,389.97182459555563
2024-05-09 14:52:01,113.0,389.8034098044445
2024-05-09 14:52:02,114.0,389.65097112000007
2024-05-09 14:52:03,115.0,389.5165055555556
2024-05-09 14:52:04,116.0,389.40201012444453
2024-05-09 14:52:05,117.0,389.30948184000005
2024-05-09 14:52:06,118.0,389.2409177155556
2024-05-09 14:52:07,119.0,389.19831476444455
2024-05-09 14:52:08,120.0,389.18367000000006
2024-05-09 14:52:09,121.0,389.50106654222225
2024-05-09 14:52:10,122.0,390.4244019377779
2024-05-09 14:52:11,123.0,391.91039484000004
2024-05-09 14:52:12,124.0,393.9157639022223
2024-05-09 14:52:13,125.0,396.39722777777786
2024-05-09 14:52:14,126.0,399.31150512000005
2024-05-09 14:52:15,127.0,402.61531458222225
2024-05-09 14:52:16,128.0,406.26537481777785
2024-05-09 14:52:17,129.0,410.21840448000006
2024-05-09 14:52:18,130.0,414.43112222222226
2024-05-09 14:52:19,131.0,418.8602466977778
2024-05-09 14:52:20,132.0,423.46249656000003
2024-05-09 14:52:21,133.0,428.19459046222227
2024-05-09 14:52:22,134.0,433.0132470577778
2024-05-09 14:52:23,135.0,437.875185
2024-05-09 14:52:24,136.0,442.73712294222224
2024-05-09 14:52:25,137.0,447.55577953777777
2024-05-09 14:52:26,138.0,452.28787344000006
2024-05-09 14:52:27,139.0,456.8901233022222
2024-05-09 14:52:28,140.0,461.3192477777778
2024-05-09 14:52:29,141.0,465.5319655199999
2024-05-09 14:52:30,142.0,469.48499518222224
2024-05-09 14:52:31,143.0,473.13505541777783
2024-05-09 14:52:32,144.0,476.43886488
2024-05-09 14:52:33,145.0,479.3531422222221
2024-05-09 14:52:34,146.0,481.8346060977777
2024-05-09 14:52:35,147.0,483.83997515999994
2024-05-09 14:52:36,148.0,485.32596806222216
2024-05-09 14:52:37,149.0,486.2493034577777
2024-05-09 14:52:38,150.0,486.56669999999997
2024-05-09 14:52:39,151.0,486.48692126530557
2024-05-09 14:52:40,152.0,486.25434522386206
2024-05-09 14:52:41,153.0,485.8791121196293
2024-05-09 14:52:42,154.0,485.37136219656713
2024-05-09 14:52:43,155.0,484.7412356986352
2024-05-09 14:52:44,156.0,483.99887286979333
2024-05-09 14:52:45,157.0,483.15441395400126
2024-05-09 14:52:46,158.0,482.21799919521874
2024-05-09 14:52:47,159.0,481.1997688374056
2024-05-09 14:52:48,160.0,480.10986312452155
2024-05-09 14:52:49,161.0,478.9584223005264
2024-05-09 14:52:50,162.0,477.7555866093799
2024-05-09 14:52:51,163.0,476.51149629504187
2024-05-09 14:52:52,164.0,475.23629160147203
2024-05-09 14:52:53,165.0,473.94011277263013
2024-05-09 14:52:54,166.0,472.633100052476
2024-05-09 14:52:55,167.0,471.3253936849693
2024-05-09 14:52:56,168.0,470.0271339140699
2024-05-09 14:52:57,169.0,468.7484609837376
2024-05-09 14:52:58,170.0,467.49951513793206
2024-05-09 14:52:59,171.0,466.2904366206131
2024-05-09 14:53:00,172.0,465.1313656757404
2024-05-09 14:53:01,173.0,464.0324425472739
2024-05-09 14:53:02,174.0,463.0038074791733
2024-05-09 14:53:03,175.0,462.05560071539827
2024-05-09 14:53:04,176.0,461.1979624999087
2024-05-09 14:53:05,177.0,460.4410330766643
2024-05-09 14:53:06,178.0,459.7949526896249
2024-05-09 14:53:07,179.0,459.2698615827502
2024-05-09 14:53:08,180.0,458.8759
2024-05-09 14:53:09,181.0,458.56329991272736
2024-05-09 14:53:10,182.0,458.27440799788997
2024-05-09 14:53:11,183.0,458.00753655785445
2024-05-09 14:53:12,184.0,457.76099789498767
2024-05-09 14:53:13,185.0,457.53310431165625
2024-05-09 14:53:14,186.0,457.32216811022687
2024-05-09 14:53:15,187.0,457.12650159306634
2024-05-09 14:53:16,188.0,456.9444170625413
2024-05-09 14:53:17,189.0,456.77422682101843
2024-05-09 14:53:18,190.0,456.6142431708646
2024-05-09 14:53:19,191.0,456.46277841444635
2024-05-09 14:53:20,192.0,456.3181448541305
2024-05-09 14:53:21,193.0,456.17865479228374
2024-05-09 14:53:22,194.0,456.0426205312727
2024-05-09 14:53:23,195.0,455.90835437346414
2024-05-09 14:53:24,196.0,455.7741686212249
2024-05-09 14:53:25,197.0,455.6383755769215
2024-05-09 14:53:26,198.0,455.49928754292074
2024-05-09 14:53:27,199.0,455.35521682158935
2024-05-09 14:53:28,200.0,455.20447571529394
2024-05-09 14:53:29,201.0,455.0453765264014
2024-05-09 14:53:30,202.0,454.8762315572783
2024-05-09 14:53:31,203.0,454.69535311029136
2024-05-09 14:53:32,204.0,454.50105348780727
2024-05-09 14:53:33,205.0,454.29164499219286
2024-05-09 14:53:34,206.0,454.0654399258148
2024-05-09 14:53:35,207.0,453.82075059103977
2024-05-09 14:53:36,208.0,453.55588929023446
2024-05-09 14:53:37,209.0,453.2691683257657
2024-05-09 14:53:38,210.0,452.9589
2024-05-09 14:53:39,211.0,452.62200780905926
2024-05-09 14:53:40,212.0,452.2559234143765
2024-05-09 14:53:41,213.0,451.85972136628595
2024-05-09 14:53:42,214.0,451.4324762151214
2024-05-09 14:53:43,215.0,450.97326251121683
2024-05-09 14:53:44,216.0,450.4811548049063
2024-05-09 14:53:45,217.0,449.9552276465237
2024-05-09 14:53:46,218.0,449.39455558640316
2024-05-09 14:53:47,219.0,448.7982131748785
2024-05-09 14:53:48,220.0,448.1652749622839
2024-05-09 14:53:49,221.0,447.494815498953
2024-05-09 14:53:50,222.0,446.7859093352201
2024-05-09 14:53:51,223.0,446.037631021419
2024-05-09 14:53:52,224.0,445.2490551078837
2024-05-09 14:53:53,225.0,444.41925614494824
2024-05-09 14:53:54,226.0,443.5473086829466
2024-05-09 14:53:55,227.0,442.63228727221275
2024-05-09 14:53:56,228.0,441.67326646308067
2024-05-09 14:53:57,229.0,440.66932080588424
2024-05-09 14:53:58,230.0,439.61952485095753
2024-05-09 14:53:59,231.0,438.5229531486345
2024-05-09 14:54:00,232.0,437.3786802492492
2024-05-09 14:54:01,233.0,436.1857807031355
2024-05-09 14:54:02,234.0,434.94332906062743
2024-05-09 14:54:03,235.0,433.650399872059
2024-05-09 14:54:04,236.0,432.30606768776414
2024-05-09 14:54:05,237.0,430.90940705807674
2024-05-09 14:54:06,238.0,429.459492533331
2024-05-09 14:54:07,239.0,427.95539866386076
2024-05-09 14:54:08,240.0,426.3962
2024-05-09 14:54:09,241.0,424.1655810673284
2024-05-09 14:54:10,242.0,420.7087533924875
2024-05-09 14:54:11,243.0,416.1170820274044
2024-05-09 14:54:12,244.0,410.4819320240062
2024-05-09 14:54:13,245.0,403.89466843421985
2024-05-09 14:54:14,246.0,396.4466563099724
2024-05-09 14:54:15,247.0,388.22926070319096
2024-05-09 14:54:16,248.0,379.33384666580247
2024-05-09 14:54:17,249.0,369.851779249734
2024-05-09 14:54:18,250.0,359.87442350691254
2024-05-09 14:54:19,251.0,349.49314448926515
2024-05-09 14:54:20,252.0,338.79930724871895
2024-05-09 14:54:21,253.0,327.8842768372009
2024-05-09 14:54:22,254.0,316.839418306638
2024-05-09 14:54:23,255.0,305.75609670895744
2024-05-09 14:54:24,256.0,294.72567709608603
2024-05-09 14:54:25,257.0,283.839524519951
2024-05-09 14:54:26,258.0,273.1890040324793
2024-05-09 14:54:27,259.0,262.86548068559796
2024-05-09 14:54:28,260.0,252.960319531234
2024-05-09 14:54:29,261.0,243.56488562131455
2024-05-09 14:54:30,262.0,234.77054400776652
2024-05-09 14:54:31,263.0,226.668659742517
2024-05-09 14:54:32,264.0,219.35059787749304
2024-05-09 14:54:33,265.0,212.9077234646217
2024-05-09 14:54:34,266.0,207.43140155583
2024-05-09 14:54:35,267.0,203.0129972030449
2024-05-09 14:54:36,268.0,199.74387545819343
2024-05-09 14:54:37,269.0,197.71540137320278
2024-05-09 14:54:38,270.0,197.01894
2024-05-09 14:54:39,271.0,197.077916557037
2024-05-09 14:54:40,272.0,197.24948472296293
2024-05-09 14:54:41,273.0,197.52560223999998
2024-05-09 14:54:42,274.0,197.89822685037035
2024-05-09 14:54:43,275.0,198.3593162962963
2024-05-09 14:54:44,276.0,198.90082832
2024-05-09 14:54:45,277.0,199.51472066370368
2024-05-09 14:54:46,278.0,200.19295106962963
2024-05-09 14:54:47,279.0,200.92747727999998
2024-05-09 14:54:48,280.0,201.71025703703702
2024-05-09 14:54:49,281.0,202.53324808296296
2024-05-09 14:54:50,282.0,203.38840815999998
2024-05-09 14:54:51,283.0,204.26769501037035
2024-05-09 14:54:52,284.0,205.16306637629629
2024-05-09 14:54:53,285.0,206.06647999999996
2024-05-09 14:54:54,286.0,206.96989362370368
2024-05-09 14:54:55,287.0,207.86526498962962
2024-05-09 14:54:56,288.0,208.74455183999999
2024-05-09 14:54:57,289.0,209.59971191703704
2024-05-09 14:54:58,290.0,210.42270296296294
2024-05-09 14:54:59,291.0,211.20548272
2024-05-09 14:55:00,292.0,211.94000893037034
2024-05-09 14:55:01,293.0,212.61823933629628
2024-05-09 14:55:02,294.0,213.23213168
2024-05-09 14:55:03,295.0,213.7736437037037
2024-05-09 14:55:04,296.0,214.23473314962962
2024-05-09 14:55:05,297.0,214.60735775999996
2024-05-09 14:55:06,298.0,214.883475277037
2024-05-09 14:55:07,299.0,215.05504344296293
2024-05-09 14:55:08,300.0,215.11401999999998
2024-05-09 14:55:09,301.0,215.11370297185184
2024-05-09 14:55:10,302.0,215.11278070814814
2024-05-09 14:55:11,303.0,215.11129644
2024-05-09 14:55:12,304.0,215.1092933985185
2024-05-09 14:55:13,305.0,215.1068148148148
2024-05-09 14:55:14,306.0,215.10390391999996
2024-05-09 14:55:15,307.0,215.10060394518518
2024-05-09 14:55:16,308.0,215.0969581214815
2024-05-09 14:55:17,309.0,215.09300967999997
2024-05-09 14:55:18,310.0,215.08880185185183
2024-05-09 14:55:19,311.0,215.08437786814812
2024-05-09 14:55:20,312.0,215.07978096
2024-05-09 14:55:21,313.0,215.0750543585185
2024-05-09 14:55:22,314.0,215.0702412948148
2024-05-09 14:55:23,315.0,215.065385
2024-05-09 14:55:24,316.0,215.06052870518516
2024-05-09 14:55:25,317.0,215.0557156414815
2024-05-09 14:55:26,318.0,215.05098904000002
2024-05-09 14:55:27,319.0,215.04639213185183
2024-05-09 14:55:28,320.0,215.04196814814816
2024-05-09 14:55:29,321.0,215.03776032
2024-05-09 14:55:30,322.0,215.03381187851852
2024-05-09 14:55:31,323.0,215.03016605481483
2024-05-09 14:55:32,324.0,215.02686608
2024-05-09 14:55:33,325.0,215.02395518518517
2024-05-09 14:55:34,326.0,215.02147660148148
2024-05-09 14:55:35,327.0,215.01947356000002
2024-05-09 14:55:36,328.0,215.01798929185188
2024-05-09 14:55:37,329.0,215.01706702814815
2024-05-09 14:55:38,330.0,215.01675
2024-05-09 14:55:39,331.0,215.79187925925925
2024-05-09 14:55:40,332.0,218.04680074074074
2024-05-09 14:55:41,333.0,221.675815
2024-05-09 14:55:42,334.0,226.5732225925926
2024-05-09 14:55:43,335.0,232.63332407407407
2024-05-09 14:55:44,336.0,239.75042
2024-05-09 14:55:45,337.0,247.81881092592593
2024-05-09 14:55:46,338.0,256.73279740740736
2024-05-09 14:55:47,339.0,266.38668
2024-05-09 14:55:48,340.0,276.67475925925925
2024-05-09 14:55:49,341.0,287.4913357407408
2024-05-09 14:55:50,342.0,298.73071
2024-05-09 14:55:51,343.0,310.28718259259256
2024-05-09 14:55:52,344.0,322.0550540740741
2024-05-09 14:55:53,345.0,333.928625
2024-05-09 14:55:54,346.0,345.80219592592596
2024-05-09 14:55:55,347.0,357.57006740740746
2024-05-09 14:55:56,348.0,369.12654000000003
2024-05-09 14:55:57,349.0,380.3659142592593
2024-05-09 14:55:58,350.0,391.1824907407407
2024-05-09 14:55:59,351.0,401.47057000000007
2024-05-09 14:56:00,352.0,411.12445259259266
2024-05-09 14:56:01,353.0,420.03843907407406
2024-05-09 14:56:02,354.0,428.10683000000006
2024-05-09 14:56:03,355.0,435.22392592592604
2024-05-09 14:56:04,356.0,441.28402740740745
2024-05-09 14:56:05,357.0,446.1814350000001
2024-05-09 14:56:06,358.0,449.81044925925937
2024-05-09 14:56:07,359.0,452.0653707407408
2024-05-09 14:56:08,360.0,452.8405
2024-05-09 14:56:09,361.0,452.7077239703704
2024-05-09 14:56:10,362.0,452.32146642962965
2024-05-09 14:56:11,363.0,451.6998332
2024-05-09 14:56:12,364.0,450.8609301037037
2024-05-09 14:56:13,365.0,449.822862962963
2024-05-09 14:56:14,366.0,448.6037376
2024-05-09 14:56:15,367.0,447.22165983703707
2024-05-09 14:56:16,368.0,445.69473549629635
2024-05-09 14:56:17,369.0,444.0410704
2024-05-09 14:56:18,370.0,442.2787703703704
2024-05-09 14:56:19,371.0,440.42594122962964
2024-05-09 14:56:20,372.0,438.5006888
2024-05-09 14:56:21,373.0,436.5211189037037
2024-05-09 14:56:22,374.0,434.50533736296296
2024-05-09 14:56:23,375.0,432.47145
2024-05-09 14:56:24,376.0,430.43756263703705
2024-05-09 14:56:25,377.0,428.42178109629634
2024-05-09 14:56:26,378.0,426.4422112
2024-05-09 14:56:27,379.0,424.51695877037037
2024-05-09 14:56:28,380.0,422.66412962962966
2024-05-09 14:56:29,381.0,420.9018296
2024-05-09 14:56:30,382.0,419.2481645037037
2024-05-09 14:56:31,383.0,417.72124016296294
2024-05-09 14:56:32,384.0,416.3391624
2024-05-09 14:56:33,385.0,415.120037037037
2024-05-09 14:56:34,386.0,414.08196989629624
2024-05-09 14:56:35,387.0,413.2430668
2024-05-09 14:56:36,388.0,412.62143357037036
2024-05-09 14:56:37,389.0,412.2351760296296
2024-05-09 14:56:38,390.0,412.1024
2024-05-09 14:56:39,391.0,412.103870866364
2024-05-09 14:56:40,392.0,412.10825704710703
2024-05-09 14:56:41,393.0,412.1155189147054
2024-05-09 14:56:42,394.0,412.1256168416356
2024-05-09 14:56:43,395.0,412.13851120037396
2024-05-09 14:56:44,396.0,412.15416236339695
2024-05-09 14:56:45,397.0,412.17253070318094
2024-05-09 14:56:46,398.0,412.1935765922024
2024-05-09 14:56:47,399.0,412.2172604029377
2024-05-09 14:56:48,400.0,412.24354250786325
2024-05-09 14:56:49,401.0,412.2723832794555
2024-05-09 14:56:50,402.0,412.3037430901908
2024-05-09 14:56:51,403.0,412.3375823125456
2024-05-09 14:56:52,404.0,412.3738613189963
2024-05-09 14:56:53,405.0,412.41254048201927
2024-05-09 14:56:54,406.0,412.45358017409103
2024-05-09 14:56:55,407.0,412.4969407676879
2024-05-09 14:56:56,408.0,412.54258263528624
2024-05-09 14:56:57,409.0,412.59046614936256
2024-05-09 14:56:58,410.0,412.6405516823932
2024-05-09 14:56:59,411.0,412.69279960685463
2024-05-09 14:57:00,412.0,412.7471702952233
2024-05-09 14:57:01,413.0,412.8036241199755
2024-05-09 14:57:02,414.0,412.86212145358775
2024-05-09 14:57:03,415.0,412.9226226685364
2024-05-09 14:57:04,416.0,412.98508813729785
2024-05-09 14:57:05,417.0,413.04947823234846
2024-05-09 14:57:06,418.0,413.1157533261648
2024-05-09 14:57:07,419.0,413.1838737912232
2024-05-09 14:57:08,420.0,413.2538
2024-05-09 14:57:09,421.0,413.36468173470274
2024-05-09 14:57:10,422.0,413.55194554790927
2024-05-09 14:57:11,423.0,413.8099669676515
2024-05-09 14:57:12,424.0,414.13312152196147
2024-05-09 14:57:13,425.0,414.51578473887105
2024-05-09 14:57:14,426.0,414.9523321464123
2024-05-09 14:57:15,427.0,415.4371392726171
2024-05-09 14:57:16,428.0,415.96458164551746
2024-05-09 14:57:17,429.0,416.52903479314534
2024-05-09 14:57:18,430.0,417.12487424353264
2024-05-09 14:57:19,431.0,417.74647552471157
2024-05-09 14:57:20,432.0,418.3882141647138
2024-05-09 14:57:21,433.0,419.0444656915714
2024-05-09 14:57:22,434.0,419.7096056333164
2024-05-09 14:57:23,435.0,420.3780095179808
2024-05-09 14:57:24,436.0,421.0440528735963
2024-05-09 14:57:25,437.0,421.7021112281952
2024-05-09 14:57:26,438.0,422.3465601098092
2024-05-09 14:57:27,439.0,422.9717750464704
2024-05-09 14:57:28,440.0,423.57213156621077
2024-05-09 14:57:29,441.0,424.1420051970623
2024-05-09 14:57:30,442.0,424.67577146705685
2024-05-09 14:57:31,443.0,425.16780590422644
2024-05-09 14:57:32,444.0,425.6124840366031
2024-05-09 14:57:33,445.0,426.00418139221864
2024-05-09 14:57:34,446.0,426.33727349910515
2024-05-09 14:57:35,447.0,426.6061358852945
2024-05-09 14:57:36,448.0,426.8051440788189
2024-05-09 14:57:37,449.0,426.9286736077101
2024-05-09 14:57:38,450.0,426.9711
2024-05-09 14:57:39,451.0,426.90725599999996
2024-05-09 14:57:40,452.0,426.721528
2024-05-09 14:57:41,453.0,426.422622
2024-05-09 14:57:42,454.0,426.019244
2024-05-09 14:57:43,455.0,425.52009999999996
2024-05-09 14:57:44,456.0,424.933896
2024-05-09 14:57:45,457.0,424.269338
2024-05-09 14:57:46,458.0,423.535132
2024-05-09 14:57:47,459.0,422.73998399999994
2024-05-09 14:57:48,460.0,421.8926
2024-05-09 14:57:49,461.0,421.001686
2024-05-09 14:57:50,462.0,420.075948
2024-05-09 14:57:51,463.0,419.12409199999996
2024-05-09 14:57:52,464.0,418.15482399999996
2024-05-09 14:57:53,465.0,417.17685
2024-05-09 14:57:54,466.0,416.1988759999999
2024-05-09 14:57:55,467.0,415.2296079999999
2024-05-09 14:57:56,468.0,414.277752
2024-05-09 14:57:57,469.0,413.35201399999994
2024-05-09 14:57:58,470.0,412.4611
2024-05-09 14:57:59,471.0,411.613716
2024-05-09 14:58:00,472.0,410.8185679999999
2024-05-09 14:58:01,473.0,410.08436199999994
2024-05-09 14:58:02,474.0,409.41980399999994
2024-05-09 14:58:03,475.0,408.83359999999993
2024-05-09 14:58:04,476.0,408.334456
2024-05-09 14:58:05,477.0,407.93107799999996
2024-05-09 14:58:06,478.0,407.63217199999997
2024-05-09 14:58:07,479.0,407.44644399999993
2024-05-09 14:58:08,480.0,407.38259999999997
2024-05-09 14:58:09,481.0,407.4094765037037
2024-05-09 14:58:10,482.0,407.4876626962963
2024-05-09 14:58:11,483.0,407.61349359999997
2024-05-09 14:58:12,484.0,407.783304237037
2024-05-09 14:58:13,485.0,407.9934296296296
2024-05-09 14:58:14,486.0,408.2402048
2024-05-09 14:58:15,487.0,408.51996477037034
2024-05-09 14:58:16,488.0,408.8290445629629
2024-05-09 14:58:17,489.0,409.16377919999996
2024-05-09 14:58:18,490.0,409.5205037037037
2024-05-09 14:58:19,491.0,409.8955530962963
2024-05-09 14:58:20,492.0,410.28526239999997
2024-05-09 14:58:21,493.0,410.685966637037
2024-05-09 14:58:22,494.0,411.0940008296296
2024-05-09 14:58:23,495.0,411.50569999999993
2024-05-09 14:58:24,496.0,411.9173991703703
2024-05-09 14:58:25,497.0,412.3254333629629
2024-05-09 14:58:26,498.0,412.72613759999996
2024-05-09 14:58:27,499.0,413.11584690370364
2024-05-09 14:58:28,500.0,413.4908962962963
2024-05-09 14:58:29,501.0,413.84762079999996
2024-05-09 14:58:30,502.0,414.18235543703696
2024-05-09 14:58:31,503.0,414.4914352296296
2024-05-09 14:58:32,504.0,414.77119519999997
2024-05-09 14:58:33,505.0,415.01797037037034
2024-05-09 14:58:34,506.0,415.22809576296294
2024-05-09 14:58:35,507.0,415.39790639999995
2024-05-09 14:58:36,508.0,415.5237373037036
2024-05-09 14:58:37,509.0,415.60192349629625
2024-05-09 14:58:38,510.0,415.62879999999996
2024-05-09 14:58:39,511.0,415.6255710518518
2024-05-09 14:58:40,512.0,415.61617774814806
2024-05-09 14:58:41,513.0,415.60106039999994
2024-05-09 14:58:42,514.0,415.5806593185185
2024-05-09 14:58:43,515.0,415.55541481481475
2024-05-09 14:58:44,516.0,415.52576719999996
2024-05-09 14:58:45,517.0,415.49215678518516
2024-05-09 14:58:46,518.0,415.45502388148145
2024-05-09 14:58:47,519.0,415.41480879999995
2024-05-09 14:58:48,520.0,415.37195185185186
2024-05-09 14:58:49,521.0,415.32689334814813
2024-05-09 14:58:50,522.0,415.2800736
2024-05-09 14:58:51,523.0,415.2319329185185
2024-05-09 14:58:52,524.0,415.18291161481477
2024-05-09 14:58:53,525.0,415.13345
2024-05-09 14:58:54,526.0,415.0839883851852
2024-05-09 14:58:55,527.0,415.03496708148145
2024-05-09 14:58:56,528.0,414.9868264
2024-05-09 14:58:57,529.0,414.94000665185183
2024-05-09 14:58:58,530.0,414.89494814814816
2024-05-09 14:58:59,531.0,414.8520912
2024-05-09 14:59:00,532.0,414.8118761185185
2024-05-09 14:59:01,533.0,414.7747432148148
2024-05-09 14:59:02,534.0,414.7411328
2024-05-09 14:59:03,535.0,414.71148518518515
2024-05-09 14:59:04,536.0,414.6862406814815
2024-05-09 14:59:05,537.0,414.6658396
2024-05-09 14:59:06,538.0,414.65072225185185
2024-05-09 14:59:07,539.0,414.64132894814816
2024-05-09 14:59:08,540.0,414.6381
2024-05-09 14:59:09,541.0,414.6561481481482
2024-05-09 14:59:10,542.0,414.7086518518518
2024-05-09 14:59:11,543.0,414.79315
2024-05-09 14:59:12,544.0,414.90718148148153
2024-05-09 14:59:13,545.0,415.0482851851852
2024-05-09 14:59:14,546.0,415.214
2024-05-09 14:59:15,547.0,415.4018648148148
2024-05-09 14:59:16,548.0,415.6094185185185
2024-05-09 14:59:17,549.0,415.8342
2024-05-09 14:59:18,550.0,416.0737481481482
2024-05-09 14:59:19,551.0,416.32560185185184
2024-05-09 14:59:20,552.0,416.5873
2024-05-09 14:59:21,553.0,416.8563814814815
2024-05-09 14:59:22,554.0,417.1303851851852
2024-05-09 14:59:23,555.0,417.4068500000001
2024-05-09 14:59:24,556.0,417.6833148148149
2024-05-09 14:59:25,557.0,417.95731851851855
2024-05-09 14:59:26,558.0,418.2264
2024-05-09 14:59:27,559.0,418.4880981481482
2024-05-09 14:59:28,560.0,418.7399518518519
2024-05-09 14:59:29,561.0,418.97950000000003
2024-05-09 14:59:30,562.0,419.20428148148153
2024-05-09 14:59:31,563.0,419.4118351851852
2024-05-09 14:59:32,564.0,419.59970000000004
2024-05-09 14:59:33,565.0,419.76541481481485
2024-05-09 14:59:34,566.0,419.9065185185185
2024-05-09 14:59:35,567.0,420.02055
2024-05-09 14:59:36,568.0,420.10504814814817
2024-05-09 14:59:37,569.0,420.1575518518519
2024-05-09 14:59:38,570.0,420.17560000000003
2024-05-09 14:59:39,571.0,420.1217922370371
2024-05-09 14:59:40,572.0,419.965260562963
2024-05-09 14:59:41,573.0,419.71334240000004
2024-05-09 14:59:42,574.0,419.3733751703704
2024-05-09 14:59:43,575.0,418.9526962962963
2024-05-09 14:59:44,576.0,418.45864320000004
2024-05-09 14:59:45,577.0,417.89855330370375
2024-05-09 14:59:46,578.0,417.27976402962963
2024-05-09 14:59:47,579.0,416.60961280000004
2024-05-09 14:59:48,580.0,415.8954370370371
2024-05-09 14:59:49,581.0,415.144574162963
2024-05-09 14:59:50,582.0,414.36436160000005
2024-05-09 14:59:51,583.0,413.5621367703704
2024-05-09 14:59:52,584.0,412.7452370962963
2024-05-09 14:59:53,585.0,411.921
2024-05-09 14:59:54,586.0,411.09676290370373
2024-05-09 14:59:55,587.0,410.27986322962965
2024-05-09 14:59:56,588.0,409.4776384
2024-05-09 14:59:57,589.0,408.69742583703703
2024-05-09 14:59:58,590.0,407.946562962963
2024-05-09 14:59:59,591.0,407.2323872
2024-05-09 15:00:00,592.0,406.56223597037035
2024-05-09 15:00:01,593.0,405.9434466962963
2024-05-09 15:00:02,594.0,405.3833568
2024-05-09 15:00:03,595.0,404.8893037037037
2024-05-09 15:00:04,596.0,404.4686248296297
2024-05-09 15:00:05,597.0,404.12865760000005
2024-05-09 15:00:06,598.0,403.87673943703703
2024-05-09 15:00:07,599.0,403.72020776296296
2024-05-09 15:00:08,600.0,403.6664
2024-05-09 15:00:09,601.0,403.73204995555557
2024-05-09 15:00:10,602.0,403.92303164444445
2024-05-09 15:00:11,603.0,404.2303928
2024-05-09 15:00:12,604.0,404.6451811555556
2024-05-09 15:00:13,605.0,405.1584444444445
2024-05-09 15:00:14,606.0,405.7612304
2024-05-09 15:00:15,607.0,406.4445867555556
2024-05-09 15:00:16,608.0,407.1995612444445
2024-05-09 15:00:17,609.0,408.0172016
2024-05-09 15:00:18,610.0,408.88855555555557
2024-05-09 15:00:19,611.0,409.80467084444444
2024-05-09 15:00:20,612.0,410.7565952
2024-05-09 15:00:21,613.0,411.73537635555556
2024-05-09 15:00:22,614.0,412.73206204444443
2024-05-09 15:00:23,615.0,413.7377
2024-05-09 15:00:24,616.0,414.74333795555555
2024-05-09 15:00:25,617.0,415.7400236444445
2024-05-09 15:00:26,618.0,416.7188048
2024-05-09 15:00:27,619.0,417.6707291555556
2024-05-09 15:00:28,620.0,418.58684444444447
2024-05-09 15:00:29,621.0,419.4581984
2024-05-09 15:00:30,622.0,420.2758387555556
2024-05-09 15:00:31,623.0,421.03081324444446
2024-05-09 15:00:32,624.0,421.71416960000005
2024-05-09 15:00:33,625.0,422.31695555555564
2024-05-09 15:00:34,626.0,422.8302188444445
2024-05-09 15:00:35,627.0,423.24500720000003
2024-05-09 15:00:36,628.0,423.5523683555556
2024-05-09 15:00:37,629.0,423.74335004444447
2024-05-09 15:00:38,630.0,423.809
2024-05-09 15:00:39,631.0,423.7580445842898
2024-05-09 15:00:40,632.0,423.6092445860693
2024-05-09 15:00:41,633.0,423.3686993787039
2024-05-09 15:00:42,634.0,423.0425083355589
2024-05-09 15:00:43,635.0,422.6367708299997
2024-05-09 15:00:44,636.0,422.1575862353916
2024-05-09 15:00:45,637.0,421.6110539251
2024-05-09 15:00:46,638.0,421.00327327249005
2024-05-09 15:00:47,639.0,420.3403436509273
2024-05-09 15:00:48,640.0,419.6283644337769
2024-05-09 15:00:49,641.0,418.8734349944043
2024-05-09 15:00:50,642.0,418.08165470617485
2024-05-09 15:00:51,643.0,417.25912294245387
2024-05-09 15:00:52,644.0,416.4119390766066
2024-05-09 15:00:53,645.0,415.5462024819985
2024-05-09 15:00:54,646.0,414.66801253199486
2024-05-09 15:00:55,647.0,413.783468599961
2024-05-09 15:00:56,648.0,412.89867005926226
2024-05-09 15:00:57,649.0,412.019716283264
2024-05-09 15:00:58,650.0,411.15270664533153
2024-05-09 15:00:59,651.0,410.3037405188302
2024-05-09 15:01:00,652.0,409.47891727712533
2024-05-09 15:01:01,653.0,408.6843362935823
2024-05-09 15:01:02,654.0,407.92609694156647
2024-05-09 15:01:03,655.0,407.21029859444303
2024-05-09 15:01:04,656.0,406.5430406255774
2024-05-09 15:01:05,657.0,405.930422408335
2024-05-09 15:01:06,658.0,405.378543316081
2024-05-09 15:01:07,659.0,404.8935027221809
2024-05-09 15:01:08,660.0,404.48139999999995
2024-05-09 15:01:09,661.0,404.1065675593005
2024-05-09 15:01:10,662.0,403.7299496024374
2024-05-09 15:01:11,663.0,403.35256319166496
2024-05-09 15:01:12,664.0,402.9754253892373
2024-05-09 15:01:13,665.0,402.59955325740873
2024-05-09 15:01:14,666.0,402.22596385843354
2024-05-09 15:01:15,667.0,401.8556742545657
2024-05-09 15:01:16,668.0,401.48970150805974
2024-05-09 15:01:17,669.0,401.1290626811697
2024-05-09 15:01:18,670.0,400.7747748361499
2024-05-09 15:01:19,671.0,400.4278550352545
2024-05-09 15:01:20,672.0,400.0893203407377
2024-05-09 15:01:21,673.0,399.76018781485385
2024-05-09 15:01:22,674.0,399.4414745198569
2024-05-09 15:01:23,675.0,399.1341975180015
2024-05-09 15:01:24,676.0,398.8393738715415
2024-05-09 15:01:25,677.0,398.5580206427313
2024-05-09 15:01:26,678.0,398.2911548938252
2024-05-09 15:01:27,679.0,398.0397936870772
2024-05-09 15:01:28,680.0,397.80495408474167
2024-05-09 15:01:29,681.0,397.58765314907276
2024-05-09 15:01:30,682.0,397.3889079423248
2024-05-09 15:01:31,683.0,397.20973552675196
2024-05-09 15:01:32,684.0,397.05115296460843
2024-05-09 15:01:33,685.0,396.9141773181485
2024-05-09 15:01:34,686.0,396.79982564962626
2024-05-09 15:01:35,687.0,396.70911502129616
2024-05-09 15:01:36,688.0,396.64306249541227
2024-05-09 15:01:37,689.0,396.6026851342288
2024-05-09 15:01:38,690.0,396.58900000000006
2024-05-09 15:01:39,691.0,396.60749238518525
2024-05-09 15:01:40,692.0,396.66128841481486
2024-05-09 15:01:41,693.0,396.7478664
2024-05-09 15:01:42,694.0,396.86470465185187
2024-05-09 15:01:43,695.0,397.00928148148154
2024-05-09 15:01:44,696.0,397.17907520000006
2024-05-09 15:01:45,697.0,397.37156411851856
2024-05-09 15:01:46,698.0,397.5842265481482
2024-05-09 15:01:47,699.0,397.81454080000003
2024-05-09 15:01:48,700.0,398.0599851851852
2024-05-09 15:01:49,701.0,398.3180380148149
2024-05-09 15:01:50,702.0,398.58617760000004
2024-05-09 15:01:51,703.0,398.8618822518519
2024-05-09 15:01:52,704.0,399.14263028148156
2024-05-09 15:01:53,705.0,399.4259
2024-05-09 15:01:54,706.0,399.7091697185186
2024-05-09 15:01:55,707.0,399.9899177481482
2024-05-09 15:01:56,708.0,400.26562240000004
2024-05-09 15:01:57,709.0,400.5337619851852
2024-05-09 15:01:58,710.0,400.7918148148148
2024-05-09 15:01:59,711.0,401.0372592
2024-05-09 15:02:00,712.0,401.2675734518519
2024-05-09 15:02:01,713.0,401.4802358814815
2024-05-09 15:02:02,714.0,401.6727248
2024-05-09 15:02:03,715.0,401.84251851851855
2024-05-09 15:02:04,716.0,401.9870953481482
2024-05-09 15:02:05,717.0,402.1039336
2024-05-09 15:02:06,718.0,402.1905115851852
2024-05-09 15:02:07,719.0,402.2443076148149
2024-05-09 15:02:08,720.0,402.2628
2024-05-09 15:02:09,721.0,402.24212488888895
2024-05-09 15:02:10,722.0,402.1819791111111
2024-05-09 15:02:11,723.0,402.08518200000003
2024-05-09 15:02:12,724.0,401.9545528888889
2024-05-09 15:02:13,725.0,401.79291111111115
2024-05-09 15:02:14,726.0,401.60307600000004
2024-05-09 15:02:15,727.0,401.3878668888889
2024-05-09 15:02:16,728.0,401.15010311111115
2024-05-09 15:02:17,729.0,400.89260400000006
2024-05-09 15:02:18,730.0,400.6181888888889
2024-05-09 15:02:19,731.0,400.32967711111115
2024-05-09 15:02:20,732.0,400.029888
2024-05-09 15:02:21,733.0,399.7216408888889
2024-05-09 15:02:22,734.0,399.4077551111111
2024-05-09 15:02:23,735.0,399.09105
2024-05-09 15:02:24,736.0,398.77434488888895
2024-05-09 15:02:25,737.0,398.46045911111116
2024-05-09 15:02:26,738.0,398.152212
2024-05-09 15:02:27,739.0,397.8524228888889
2024-05-09 15:02:28,740.0,397.5639111111111
2024-05-09 15:02:29,741.0,397.28949600000004
2024-05-09 15:02:30,742.0,397.03199688888895
2024-05-09 15:02:31,743.0,396.79423311111117
2024-05-09 15:02:32,744.0,396.579024
2024-05-09 15:02:33,745.0,396.38918888888895
2024-05-09 15:02:34,746.0,396.22754711111116
2024-05-09 15:02:35,747.0,396.096918
2024-05-09 15:02:36,748.0,396.0001208888889
2024-05-09 15:02:37,749.0,395.9399751111111
2024-05-09 15:02:38,750.0,395.9193
2024-05-09 15:02:39,751.0,396.01407143703705
2024-05-09 15:02:40,752.0,396.28977016296295
2024-05-09 15:02:41,753.0,396.7334728
2024-05-09 15:02:42,754.0,397.3322559703704
2024-05-09 15:02:43,755.0,398.0731962962963
2024-05-09 15:02:44,756.0,398.9433704
2024-05-09 15:02:45,757.0,399.92985490370376
2024-05-09 15:02:46,758.0,401.01972642962966
2024-05-09 15:02:47,759.0,402.2000616
2024-05-09 15:02:48,760.0,403.4579370370371
2024-05-09 15:02:49,761.0,404.780429362963
2024-05-09 15:02:50,762.0,406.1546152
2024-05-09 15:02:51,763.0,407.5675711703704
2024-05-09 15:02:52,764.0,409.00637389629634
2024-05-09 15:02:53,765.0,410.4581
2024-05-09 15:02:54,766.0,411.9098261037037
2024-05-09 15:02:55,767.0,413.34862882962966
2024-05-09 15:02:56,768.0,414.76158480000004
2024-05-09 15:02:57,769.0,416.13577063703707
2024-05-09 15:02:58,770.0,417.45826296296303
2024-05-09 15:02:59,771.0,418.71613840000003
2024-05-09 15:03:00,772.0,419.8964735703704
2024-05-09 15:03:01,773.0,420.9863450962963
2024-05-09 15:03:02,774.0,421.9728296
2024-05-09 15:03:03,775.0,422.84300370370374
2024-05-09 15:03:04,776.0,423.58394402962966
2024-05-09 15:03:05,777.0,424.18272720000004
2024-05-09 15:03:06,778.0,424.6264298370371
2024-05-09 15:03:07,779.0,424.902128562963
2024-05-09 15:03:08,780.0,424.99690000000004
2024-05-09 15:03:09,781.0,424.9586571987376
2024-05-09 15:03:10,782.0,424.84660035374515
2024-05-09 15:03:11,783.0,424.66473680321485
2024-05-09 15:03:12,784.0,424.41707388533894
2024-05-09 15:03:13,785.0,424.10761893830977
2024-05-09 15:03:14,786.0,423.74037930031943
2024-05-09 15:03:15,787.0,423.3193623095601
2024-05-09 15:03:16,788.0,422.84857530422414
2024-05-09 15:03:17,789.0,422.33202562250375
2024-05-09 15:03:18,790.0,421.77372060259114
2024-05-09 15:03:19,791.0,421.17766758267845
2024-05-09 15:03:20,792.0,420.54787390095805
2024-05-09 15:03:21,793.0,419.88834689562213
2024-05-09 15:03:22,794.0,419.20309390486284
2024-05-09 15:03:23,795.0,418.4961222668725
2024-05-09 15:03:24,796.0,417.77143931984324
2024-05-09 15:03:25,797.0,417.03305240196744
2024-05-09 15:03:26,798.0,416.2849688514371
2024-05-09 15:03:27,799.0,415.53119600644465
2024-05-09 15:03:28,800.0,414.7757412051822
2024-05-09 15:03:29,801.0,414.02261178584206
2024-05-09 15:03:30,802.0,413.2758150866164
2024-05-09 15:03:31,803.0,412.5393584456974
2024-05-09 15:03:32,804.0,411.8172492012774
2024-05-09 15:03:33,805.0,411.11349469154857
2024-05-09 15:03:34,806.0,410.4321022547031
2024-05-09 15:03:35,807.0,409.77707922893336
2024-05-09 15:03:36,808.0,409.1524329524314
2024-05-09 15:03:37,809.0,408.56217076338953
2024-05-09 15:03:38,810.0,408.0103
2024-05-09 15:03:39,811.0,407.4648545403141
2024-05-09 15:03:40,812.0,406.8932841438649
2024-05-09 15:03:41,813.0,406.29871997106665
2024-05-09 15:03:42,814.0,405.6842931823339
2024-05-09 15:03:43,815.0,405.053134938081
2024-05-09 15:03:44,816.0,404.4083763987225
2024-05-09 15:03:45,817.0,403.75314872467294
2024-05-09 15:03:46,818.0,403.0905830763466
2024-05-09 15:03:47,819.0,402.4238106141579
2024-05-09 15:03:48,820.0,401.7559624985215
2024-05-09 15:03:49,821.0,401.0901698898516
2024-05-09 15:03:50,822.0,400.42956394856293
2024-05-09 15:03:51,823.0,399.77727583506964
2024-05-09 15:03:52,824.0,399.1364367097864
2024-05-09 15:03:53,825.0,398.51017773312753
2024-05-09 15:03:54,826.0,397.9016300655075
2024-05-09 15:03:55,827.0,397.31392486734086
2024-05-09 15:03:56,828.0,396.75019329904194
2024-05-09 15:03:57,829.0,396.21356652102526
2024-05-09 15:03:58,830.0,395.7071756937052
2024-05-09 15:03:59,831.0,395.2341519774963
2024-05-09 15:04:00,832.0,394.7976265328129
2024-05-09 15:04:01,833.0,394.4007305200696
2024-05-09 15:04:02,834.0,394.04659509968064
2024-05-09 15:04:03,835.0,393.7383514320607
2024-05-09 15:04:04,836.0,393.479130677624
2024-05-09 15:04:05,837.0,393.27206399678516
2024-05-09 15:04:06,838.0,393.12028254995863
2024-05-09 15:04:07,839.0,393.02691749755877
2024-05-09 15:04:08,840.0,392.99510000000004
2024-05-09 15:04:09,841.0,392.9994278528229
2024-05-09 15:04:10,842.0,393.01227314806704
2024-05-09 15:04:11,843.0,393.0334284908954
2024-05-09 15:04:12,844.0,393.06268648647114
2024-05-09 15:04:13,845.0,393.09983973995725
2024-05-09 15:04:14,846.0,393.14468085651686
2024-05-09 15:04:15,847.0,393.19700244131303
2024-05-09 15:04:16,848.0,393.25659709950895
2024-05-09 15:04:17,849.0,393.32325743626757
2024-05-09 15:04:18,850.0,393.39677605675195
2024-05-09 15:04:19,851.0,393.4769455661252
2024-05-09 15:04:20,852.0,393.56355856955054
2024-05-09 15:04:21,853.0,393.65640767219077
2024-05-09 15:04:22,854.0,393.75528547920925
2024-05-09 15:04:23,855.0,393.8599845957689
2024-05-09 15:04:24,856.0,393.9702976270328
2024-05-09 15:04:25,857.0,394.08601717816407
2024-05-09 15:04:26,858.0,394.2069358543257
2024-05-09 15:04:27,859.0,394.332846260681
2024-05-09 15:04:28,860.0,394.46354100239273
2024-05-09 15:04:29,861.0,394.59881268462414
2024-05-09 15:04:30,862.0,394.7384539125384
2024-05-09 15:04:31,863.0,394.8822572912984
2024-05-09 15:04:32,864.0,395.0300154260673
2024-05-09 15:04:33,865.0,395.1815209220082
2024-05-09 15:04:34,866.0,395.33656638428414
2024-05-09 15:04:35,867.0,395.4949444180582
2024-05-09 15:04:36,868.0,395.6564476284935
2024-05-09 15:04:37,869.0,395.82086862075306
2024-05-09 15:04:38,870.0,395.988
2024-05-09 15:04:39,871.0,396.1675780672761
2024-05-09 15:04:40,872.0,396.36964684481467
2024-05-09 15:04:41,873.0,396.59446051956576
2024-05-09 15:04:42,874.0,396.8422732784796
2024-05-09 15:04:43,875.0,397.11333930850617
2024-05-09 15:04:44,876.0,397.4079127965958
2024-05-09 15:04:45,877.0,397.7262479296985
2024-05-09 15:04:46,878.0,398.0685988947644
2024-05-09 15:04:47,879.0,398.4352198787438
2024-05-09 15:04:48,880.0,398.8263650685866
2024-05-09 15:04:49,881.0,399.2422886512432
2024-05-09 15:04:50,882.0,399.6832448136636
2024-05-09 15:04:51,883.0,400.1494877427978
2024-05-09 15:04:52,884.0,400.64127162559623
2024-05-09 15:04:53,885.0,401.15885064900885
2024-05-09 15:04:54,886.0,401.7024789999858
2024-05-09 15:04:55,887.0,402.2724108654773
2024-05-09 15:04:56,888.0,402.86890043243346
2024-05-09 15:04:57,889.0,403.4922018878043
2024-05-09 15:04:58,890.0,404.1425694185402
2024-05-09 15:04:59,891.0,404.82025721159107
2024-05-09 15:05:00,892.0,405.5255194539071
2024-05-09 15:05:01,893.0,406.25861033243865
2024-05-09 15:05:02,894.0,407.01978403413557
2024-05-09 15:05:03,895.0,407.8092947459481
2024-05-09 15:05:04,896.0,408.6273966548264
2024-05-09 15:05:05,897.0,409.4743439477206
2024-05-09 15:05:06,898.0,410.35039081158084
2024-05-09 15:05:07,899.0,411.2557914333573
2024-05-09 15:05:08,900.0,412.1908
2024-05-09 15:05:09,901.0,413.3056646119391
2024-05-09 15:05:10,902.0,414.7414465587592
2024-05-09 15:05:11,903.0,416.4846198111421
2024-05-09 15:05:12,904.0,418.5216583397699
2024-05-09 15:05:13,905.0,420.8390361153244
2024-05-09 15:05:14,906.0,423.42322710848754
2024-05-09 15:05:15,907.0,426.2607052899412
2024-05-09 15:05:16,908.0,429.3379446303674
2024-05-09 15:05:17,909.0,432.641419100448
2024-05-09 15:05:18,910.0,436.15760267086495
2024-05-09 15:05:19,911.0,439.87296931230014
2024-05-09 15:05:20,912.0,443.77399299543555
2024-05-09 15:05:21,913.0,447.84714769095314
2024-05-09 15:05:22,914.0,452.07890736953465
2024-05-09 15:05:23,915.0,456.4557460018622
2024-05-09 15:05:24,916.0,460.96413755861767
2024-05-09 15:05:25,917.0,465.59055601048294
2024-05-09 15:05:26,918.0,470.3214753281399
2024-05-09 15:05:27,919.0,475.1433694822706
2024-05-09 15:05:28,920.0,480.0427124435568
2024-05-09 15:05:29,921.0,485.00597818268056
2024-05-09 15:05:30,922.0,490.0196406703238
2024-05-09 15:05:31,923.0,495.0701738771683
2024-05-09 15:05:32,924.0,500.14405177389614
2024-05-09 15:05:33,925.0,505.22774833118916
2024-05-09 15:05:34,926.0,510.30773751972936
2024-05-09 15:05:35,927.0,515.3704933101986
2024-05-09 15:05:36,928.0,520.4024896732788
2024-05-09 15:05:37,929.0,525.390200579652
2024-05-09 15:05:38,930.0,530.3200999999999
2024-05-09 15:05:39,931.0,535.5284703026891
2024-05-09 15:05:40,932.0,541.3248390830424
2024-05-09 15:05:41,933.0,547.6555481521773
2024-05-09 15:05:42,934.0,554.4669393212104
2024-05-09 15:05:43,935.0,561.7053544012592
2024-05-09 15:05:44,936.0,569.3171352034407
2024-05-09 15:05:45,937.0,577.2486235388717
2024-05-09 15:05:46,938.0,585.4461612186697
2024-05-09 15:05:47,939.0,593.8560900539513
2024-05-09 15:05:48,940.0,602.4247518558341
2024-05-09 15:05:49,941.0,611.0984884354348
2024-05-09 15:05:50,942.0,619.8236416038707
2024-05-09 15:05:51,943.0,628.5465531722589
2024-05-09 15:05:52,944.0,637.2135649517162
2024-05-09 15:05:53,945.0,645.7710187533601
2024-05-09 15:05:54,946.0,654.1652563883072
2024-05-09 15:05:55,947.0,662.342619667675
2024-05-09 15:05:56,948.0,670.2494504025805
2024-05-09 15:05:57,949.0,677.8320904041406
2024-05-09 15:05:58,950.0,685.0368814834726
2024-05-09 15:05:59,951.0,691.8101654516935
2024-05-09 15:06:00,952.0,698.0982841199202
2024-05-09 15:06:01,953.0,703.84757929927
2024-05-09 15:06:02,954.0,709.0043928008602
2024-05-09 15:06:03,955.0,713.5150664358075
2024-05-09 15:06:04,956.0,717.325942015229
2024-05-09 15:06:05,957.0,720.383361350242
2024-05-09 15:06:06,958.0,722.6336662519633
2024-05-09 15:06:07,959.0,724.0231985315104
2024-05-09 15:06:08,960.0,724.4983
2024-05-09 15:06:09,961.0,724.4383993777777
2024-05-09 15:06:10,962.0,724.2641430222222
2024-05-09 15:06:11,963.0,723.9836991999999
2024-05-09 15:06:12,964.0,723.6052361777778
2024-05-09 15:06:13,965.0,723.1369222222222
2024-05-09 15:06:14,966.0,722.5869256
2024-05-09 15:06:15,967.0,721.9634145777777
2024-05-09 15:06:16,968.0,721.2745574222222
2024-05-09 15:06:17,969.0,720.5285223999999
2024-05-09 15:06:18,970.0,719.7334777777777
2024-05-09 15:06:19,971.0,718.8975918222222
2024-05-09 15:06:20,972.0,718.0290328
2024-05-09 15:06:21,973.0,717.1359689777777
2024-05-09 15:06:22,974.0,716.2265686222222
2024-05-09 15:06:23,975.0,715.309
2024-05-09 15:06:24,976.0,714.3914313777777
2024-05-09 15:06:25,977.0,713.4820310222223
2024-05-09 15:06:26,978.0,712.5889672
2024-05-09 15:06:27,979.0,711.7204081777777
2024-05-09 15:06:28,980.0,710.8845222222221
2024-05-09 15:06:29,981.0,710.0894776
2024-05-09 15:06:30,982.0,709.3434425777778
2024-05-09 15:06:31,983.0,708.6545854222222
2024-05-09 15:06:32,984.0,708.0310744
2024-05-09 15:06:33,985.0,707.4810777777777
2024-05-09 15:06:34,986.0,707.0127638222222
2024-05-09 15:06:35,987.0,706.6343008
2024-05-09 15:06:36,988.0,706.3538569777778
2024-05-09 15:06:37,989.0,706.1796006222222
2024-05-09 15:06:38,990.0,706.1197
2024-05-09 15:06:39,991.0,706.1283687170547
2024-05-09 15:06:40,992.0,706.1539671677825
2024-05-09 15:06:41,993.0,706.1958838015281
2024-05-09 15:06:42,994.0,706.2535070676367
2024-05-09 15:06:43,995.0,706.3262254154531
2024-05-09 15:06:44,996.0,706.4134272943223
2024-05-09 15:06:45,997.0,706.5145011535894
2024-05-09 15:06:46,998.0,706.6288354425996
2024-05-09 15:06:47,999.0,706.7558186106972
2024-05-09 15:06:48,1000.0,706.8948391072279
2024-05-09 15:06:49,1001.0,707.0452853815361
2024-05-09 15:06:50,1002.0,707.2065458829672
2024-05-09 15:06:51,1003.0,707.378009060866
2024-05-09 15:06:52,1004.0,707.5590633645777
2024-05-09 15:06:53,1005.0,707.749097243447
2024-05-09 15:06:54,1006.0,707.9474991468189
2024-05-09 15:06:55,1007.0,708.1536575240386
2024-05-09 15:06:56,1008.0,708.3669608244509
2024-05-09 15:06:57,1009.0,708.5867974974009
2024-05-09 15:06:58,1010.0,708.8125559922333
2024-05-09 15:06:59,1011.0,709.0436247582936
2024-05-09 15:07:00,1012.0,709.2793922449264
2024-05-09 15:07:01,1013.0,709.5192469014768
2024-05-09 15:07:02,1014.0,709.7625771772897
2024-05-09 15:07:03,1015.0,710.0087715217101
2024-05-09 15:07:04,1016.0,710.2572183840831
2024-05-09 15:07:05,1017.0,710.5073062137536
2024-05-09 15:07:06,1018.0,710.7584234600665
2024-05-09 15:07:07,1019.0,711.009958572367
2024-05-09 15:07:08,1020.0,711.2613
2024-05-09 15:07:09,1021.0,711.5403459132269
2024-05-09 15:07:10,1022.0,711.8725416337217
2024-05-09 15:07:11,1023.0,712.2535963379478
2024-05-09 15:07:12,1024.0,712.6792192023685
2024-05-09 15:07:13,1025.0,713.1451194034477
2024-05-09 15:07:14,1026.0,713.6470061176484
2024-05-09 15:07:15,1027.0,714.1805885214343
2024-05-09 15:07:16,1028.0,714.7415757912689
2024-05-09 15:07:17,1029.0,715.3256771036156
2024-05-09 15:07:18,1030.0,715.928601634938
2024-05-09 15:07:19,1031.0,716.5460585616993
2024-05-09 15:07:20,1032.0,717.1737570603633
2024-05-09 15:07:21,1033.0,717.8074063073931
2024-05-09 15:07:22,1034.0,718.4427154792526
2024-05-09 15:07:23,1035.0,719.0753937524048
2024-05-09 15:07:24,1036.0,719.7011503033134
2024-05-09 15:07:25,1037.0,720.3156943084421
2024-05-09 15:07:26,1038.0,720.914734944254
2024-05-09 15:07:27,1039.0,721.4939813872127
2024-05-09 15:07:28,1040.0,722.0491428137816
2024-05-09 15:07:29,1041.0,722.5759284004243
2024-05-09 15:07:30,1042.0,723.0700473236044
2024-05-09 15:07:31,1043.0,723.527208759785
2024-05-09 15:07:32,1044.0,723.9431218854297
2024-05-09 15:07:33,1045.0,724.3134958770022
2024-05-09 15:07:34,1046.0,724.6340399109657
2024-05-09 15:07:35,1047.0,724.9004631637837
2024-05-09 15:07:36,1048.0,725.1084748119198
2024-05-09 15:07:37,1049.0,725.2537840318374
2024-05-09 15:07:38,1050.0,725.3321
2024-05-09 15:07:39,1051.0,725.3748687918485
2024-05-09 15:07:40,1052.0,725.4163876795568
2024-05-09 15:07:41,1053.0,725.456642634688
2024-05-09 15:07:42,1054.0,725.495619628805
2024-05-09 15:07:43,1055.0,725.5333046334705
2024-05-09 15:07:44,1056.0,725.5696836202478
2024-05-09 15:07:45,1057.0,725.6047425606995
2024-05-09 15:07:46,1058.0,725.6384674263887
2024-05-09 15:07:47,1059.0,725.6708441888783
2024-05-09 15:07:48,1060.0,725.7018588197312
2024-05-09 15:07:49,1061.0,725.7314972905104
2024-05-09 15:07:50,1062.0,725.7597455727788
2024-05-09 15:07:51,1063.0,725.7865896380993
2024-05-09 15:07:52,1064.0,725.8120154580348
2024-05-09 15:07:53,1065.0,725.8360090041483
2024-05-09 15:07:54,1066.0,725.8585562480026
2024-05-09 15:07:55,1067.0,725.879643161161
2024-05-09 15:07:56,1068.0,725.8992557151859
2024-05-09 15:07:57,1069.0,725.9173798816406
2024-05-09 15:07:58,1070.0,725.9340016320879
2024-05-09 15:07:59,1071.0,725.9491069380907
2024-05-09 15:08:00,1072.0,725.9626817712121
2024-05-09 15:08:01,1073.0,725.9747121030149
2024-05-09 15:08:02,1074.0,725.985183905062
2024-05-09 15:08:03,1075.0,725.9940831489163
2024-05-09 15:08:04,1076.0,726.001395806141
2024-05-09 15:08:05,1077.0,726.0071078482986
2024-05-09 15:08:06,1078.0,726.0112052469525
2024-05-09 15:08:07,1079.0,726.0136739736653
2024-05-09 15:08:08,1080.0,726.0145
2024-05-09 15:08:09,1081.0,725.9858384
2024-05-09 15:08:10,1082.0,725.9024592
2024-05-09 15:08:11,1083.0,725.7682708
2024-05-09 15:08:12,1084.0,725.5871816
2024-05-09 15:08:13,1085.0,725.3630999999999
2024-05-09 15:08:14,1086.0,725.0999344
2024-05-09 15:08:15,1087.0,724.8015932000001
2024-05-09 15:08:16,1088.0,724.4719848
2024-05-09 15:08:17,1089.0,724.1150176000001
2024-05-09 15:08:18,1090.0,723.7346
2024-05-09 15:08:19,1091.0,723.3346404
2024-05-09 15:08:20,1092.0,722.9190472
2024-05-09 15:08:21,1093.0,722.4917288
2024-05-09 15:08:22,1094.0,722.0565936
2024-05-09 15:08:23,1095.0,721.6175500000002
2024-05-09 15:08:24,1096.0,721.1785064000001
2024-05-09 15:08:25,1097.0,720.7433712000001
2024-05-09 15:08:26,1098.0,720.3160528
2024-05-09 15:08:27,1099.0,719.9004596000001
2024-05-09 15:08:28,1100.0,719.5005000000001
2024-05-09 15:08:29,1101.0,719.1200824000001
2024-05-09 15:08:30,1102.0,718.7631152000001
2024-05-09 15:08:31,1103.0,718.4335068000001
2024-05-09 15:08:32,1104.0,718.1351656000002
2024-05-09 15:08:33,1105.0,717.8720000000001
2024-05-09 15:08:34,1106.0,717.6479184000002
2024-05-09 15:08:35,1107.0,717.4668292000001
2024-05-09 15:08:36,1108.0,717.3326408000001
2024-05-09 15:08:37,1109.0,717.2492616000002
2024-05-09 15:08:38,1110.0,717.2206000000001
2024-05-09 15:08:39,1111.0,717.2479599306669
2024-05-09 15:08:40,1112.0,717.3278684065598
2024-05-09 15:08:41,1113.0,717.4570684535181
2024-05-09 15:08:42,1114.0,717.6323030973806
2024-05-09 15:08:43,1115.0,717.8503153639866
2024-05-09 15:08:44,1116.0,718.1078482791751
2024-05-09 15:08:45,1117.0,718.4016448687851
2024-05-09 15:08:46,1118.0,718.7284481586556
2024-05-09 15:08:47,1119.0,719.0850011746259
2024-05-09 15:08:48,1120.0,719.4680469425348
2024-05-09 15:08:49,1121.0,719.8743284882215
2024-05-09 15:08:50,1122.0,720.3005888375251
2024-05-09 15:08:51,1123.0,720.7435710162845
2024-05-09 15:08:52,1124.0,721.2000180503389
2024-05-09 15:08:53,1125.0,721.6666729655275
2024-05-09 15:08:54,1126.0,722.1402787876889
2024-05-09 15:08:55,1127.0,722.6175785426626
2024-05-09 15:08:56,1128.0,723.0953152562876
2024-05-09 15:08:57,1129.0,723.5702319544026
2024-05-09 15:08:58,1130.0,724.0390716628473
2024-05-09 15:08:59,1131.0,724.4985774074602
2024-05-09 15:09:00,1132.0,724.9454922140806
2024-05-09 15:09:01,1133.0,725.3765591085474
2024-05-09 15:09:02,1134.0,725.7885211166999
2024-05-09 15:09:03,1135.0,726.1781212643771
2024-05-09 15:09:04,1136.0,726.542102577418
2024-05-09 15:09:05,1137.0,726.8772080816617
2024-05-09 15:09:06,1138.0,727.1801808029471
2024-05-09 15:09:07,1139.0,727.4477637671135
2024-05-09 15:09:08,1140.0,727.6766999999999
2024-05-09 15:09:09,1141.0,727.8861031662195
2024-05-09 15:09:10,1142.0,728.0968626637193
2024-05-09 15:09:11,1143.0,728.308385118338
2024-05-09 15:09:12,1144.0,728.520077155915
2024-05-09 15:09:13,1145.0,728.7313454022893
2024-05-09 15:09:14,1146.0,728.9415964832998
2024-05-09 15:09:15,1147.0,729.1502370247856
2024-05-09 15:09:16,1148.0,729.356673652586
2024-05-09 15:09:17,1149.0,729.5603129925396
2024-05-09 15:09:18,1150.0,729.7605616704859
2024-05-09 15:09:19,1151.0,729.9568263122638
2024-05-09 15:09:20,1152.0,730.1485135437123
2024-05-09 15:09:21,1153.0,730.3350299906705
2024-05-09 15:09:22,1154.0,730.5157822789777
2024-05-09 15:09:23,1155.0,730.6901770344725
2024-05-09 15:09:24,1156.0,730.8576208829942
2024-05-09 15:09:25,1157.0,731.0175204503821
2024-05-09 15:09:26,1158.0,731.1692823624749
2024-05-09 15:09:27,1159.0,731.3123132451118
2024-05-09 15:09:28,1160.0,731.4460197241318
2024-05-09 15:09:29,1161.0,731.569808425374
2024-05-09 15:09:30,1162.0,731.6830859746777
2024-05-09 15:09:31,1163.0,731.7852589978817
2024-05-09 15:09:32,1164.0,731.875734120825
2024-05-09 15:09:33,1165.0,731.9539179693468
2024-05-09 15:09:34,1166.0,732.0192171692861
2024-05-09 15:09:35,1167.0,732.0710383464819
2024-05-09 15:09:36,1168.0,732.1087881267737
2024-05-09 15:09:37,1169.0,732.1318731359999
2024-05-09 15:09:38,1170.0,732.1397
2024-05-09 15:09:39,1171.0,732.0946876740741
2024-05-09 15:09:40,1172.0,731.963742725926
2024-05-09 15:09:41,1173.0,731.7530032
2024-05-09 15:09:42,1174.0,731.4686071407407
2024-05-09 15:09:43,1175.0,731.1166925925925
2024-05-09 15:09:44,1176.0,730.7033975999999
2024-05-09 15:09:45,1177.0,730.2348602074073
2024-05-09 15:09:46,1178.0,729.7172184592592
2024-05-09 15:09:47,1179.0,729.1566104
2024-05-09 15:09:48,1180.0,728.559174074074
2024-05-09 15:09:49,1181.0,727.9310475259259
2024-05-09 15:09:50,1182.0,727.2783688000001
2024-05-09 15:09:51,1183.0,726.6072759407407
2024-05-09 15:09:52,1184.0,725.9239069925925
2024-05-09 15:09:53,1185.0,725.2343999999999
2024-05-09 15:09:54,1186.0,724.5448930074074
2024-05-09 15:09:55,1187.0,723.8615240592593
2024-05-09 15:09:56,1188.0,723.1904312
2024-05-09 15:09:57,1189.0,722.5377524740741
2024-05-09 15:09:58,1190.0,721.909625925926
2024-05-09 15:09:59,1191.0,721.3121896
2024-05-09 15:10:00,1192.0,720.7515815407409
2024-05-09 15:10:01,1193.0,720.2339397925927
2024-05-09 15:10:02,1194.0,719.7654024
2024-05-09 15:10:03,1195.0,719.3521074074074
2024-05-09 15:10:04,1196.0,719.0001928592593
2024-05-09 15:10:05,1197.0,718.7157968
2024-05-09 15:10:06,1198.0,718.5050572740741
2024-05-09 15:10:07,1199.0,718.374112325926
2024-05-09 15:10:08,1200.0,718.3291
2024-05-09 15:10:09,1201.0,718.3773621333333
2024-05-09 15:10:10,1202.0,718.5177610666667
2024-05-09 15:10:11,1203.0,718.7437156
2024-05-09 15:10:12,1204.0,719.0486445333335
2024-05-09 15:10:13,1205.0,719.4259666666667
2024-05-09 15:10:14,1206.0,719.8691008000001
2024-05-09 15:10:15,1207.0,720.3714657333334
2024-05-09 15:10:16,1208.0,720.9264802666667
2024-05-09 15:10:17,1209.0,721.5275632
2024-05-09 15:10:18,1210.0,722.1681333333333
2024-05-09 15:10:19,1211.0,722.8416094666667
2024-05-09 15:10:20,1212.0,723.5414104000001
2024-05-09 15:10:21,1213.0,724.2609549333334
2024-05-09 15:10:22,1214.0,724.9936618666667
2024-05-09 15:10:23,1215.0,725.7329500000001
2024-05-09 15:10:24,1216.0,726.4722381333333
2024-05-09 15:10:25,1217.0,727.2049450666667
2024-05-09 15:10:26,1218.0,727.9244896
2024-05-09 15:10:27,1219.0,728.6242905333334
2024-05-09 15:10:28,1220.0,729.2977666666666
2024-05-09 15:10:29,1221.0,729.9383368
2024-05-09 15:10:30,1222.0,730.5394197333334
2024-05-09 15:10:31,1223.0,731.0944342666667
2024-05-09 15:10:32,1224.0,731.5967992
2024-05-09 15:10:33,1225.0,732.0399333333334
2024-05-09 15:10:34,1226.0,732.4172554666666
2024-05-09 15:10:35,1227.0,732.7221844
2024-05-09 15:10:36,1228.0,732.9481389333333
2024-05-09 15:10:37,1229.0,733.0885378666666
2024-05-09 15:10:38,1230.0,733.1368
2024-05-09 15:10:39,1231.0,733.1295781333333
2024-05-09 15:10:40,1232.0,733.1085690666666
2024-05-09 15:10:41,1233.0,733.0747576
2024-05-09 15:10:42,1234.0,733.0291285333334
2024-05-09 15:10:43,1235.0,732.9726666666667
2024-05-09 15:10:44,1236.0,732.9063568
2024-05-09 15:10:45,1237.0,732.8311837333333
2024-05-09 15:10:46,1238.0,732.7481322666666
2024-05-09 15:10:47,1239.0,732.6581872
2024-05-09 15:10:48,1240.0,732.5623333333333
2024-05-09 15:10:49,1241.0,732.4615554666666
2024-05-09 15:10:50,1242.0,732.3568384
2024-05-09 15:10:51,1243.0,732.2491669333333
2024-05-09 15:10:52,1244.0,732.1395258666666
2024-05-09 15:10:53,1245.0,732.0288999999999
2024-05-09 15:10:54,1246.0,731.9182741333333
2024-05-09 15:10:55,1247.0,731.8086330666666
2024-05-09 15:10:56,1248.0,731.7009615999999
2024-05-09 15:10:57,1249.0,731.5962445333332
2024-05-09 15:10:58,1250.0,731.4954666666666
2024-05-09 15:10:59,1251.0,731.3996128
2024-05-09 15:11:00,1252.0,731.3096677333332
2024-05-09 15:11:01,1253.0,731.2266162666666
2024-05-09 15:11:02,1254.0,731.1514432
2024-05-09 15:11:03,1255.0,731.0851333333333
2024-05-09 15:11:04,1256.0,731.0286714666667
2024-05-09 15:11:05,1257.0,730.9830423999999
2024-05-09 15:11:06,1258.0,730.9492309333332
2024-05-09 15:11:07,1259.0,730.9282218666666
2024-05-09 15:11:08,1260.0,730.9209999999999
2024-05-09 15:11:09,1261.0,730.931717748148
2024-05-09 15:11:10,1262.0,730.9628966518518
2024-05-09 15:11:11,1263.0,731.0130752
2024-05-09 15:11:12,1264.0,731.0807918814814
2024-05-09 15:11:13,1265.0,731.1645851851852
2024-05-09 15:11:14,1266.0,731.2629935999998
2024-05-09 15:11:15,1267.0,731.3745556148148
2024-05-09 15:11:16,1268.0,731.4978097185185
2024-05-09 15:11:17,1269.0,731.6312944
2024-05-09 15:11:18,1270.0,731.773548148148
2024-05-09 15:11:19,1271.0,731.9231094518518
2024-05-09 15:11:20,1272.0,732.0785168
2024-05-09 15:11:21,1273.0,732.2383086814815
2024-05-09 15:11:22,1274.0,732.401023585185
2024-05-09 15:11:23,1275.0,732.5652
2024-05-09 15:11:24,1276.0,732.7293764148147
2024-05-09 15:11:25,1277.0,732.8920913185184
2024-05-09 15:11:26,1278.0,733.0518831999999
2024-05-09 15:11:27,1279.0,733.2072905481481
2024-05-09 15:11:28,1280.0,733.3568518518518
2024-05-09 15:11:29,1281.0,733.4991056
2024-05-09 15:11:30,1282.0,733.6325902814814
2024-05-09 15:11:31,1283.0,733.7558443851851
2024-05-09 15:11:32,1284.0,733.8674064
2024-05-09 15:11:33,1285.0,733.9658148148148
2024-05-09 15:11:34,1286.0,734.0496081185186
2024-05-09 15:11:35,1287.0,734.1173247999999
2024-05-09 15:11:36,1288.0,734.1675033481481
2024-05-09 15:11:37,1289.0,734.1986822518519
2024-05-09 15:11:38,1290.0,734.2094
2024-05-09 15:11:39,1291.0,734.1090714368562
2024-05-09 15:11:40,1292.0,733.8170214113071
2024-05-09 15:11:41,1293.0,733.3466534191751
2024-05-09 15:11:42,1294.0,732.7113709562834
2024-05-09 15:11:43,1295.0,731.9245775184546
2024-05-09 15:11:44,1296.0,730.9996766015117
2024-05-09 15:11:45,1297.0,729.9500717012775
2024-05-09 15:11:46,1298.0,728.7891663135746
2024-05-09 15:11:47,1299.0,727.5303639342262
2024-05-09 15:11:48,1300.0,726.1870680590548
2024-05-09 15:11:49,1301.0,724.7726821838836
2024-05-09 15:11:50,1302.0,723.3006098045352
2024-05-09 15:11:51,1303.0,721.7842544168324
2024-05-09 15:11:52,1304.0,720.2370195165981
2024-05-09 15:11:53,1305.0,718.6723085996551
2024-05-09 15:11:54,1306.0,717.1035251618265
2024-05-09 15:11:55,1307.0,715.5440726989347
2024-05-09 15:11:56,1308.0,714.0073547068027
2024-05-09 15:11:57,1309.0,712.5067746812535
2024-05-09 15:11:58,1310.0,711.0557361181098
2024-05-09 15:11:59,1311.0,709.6676425131944
2024-05-09 15:12:00,1312.0,708.3558973623303
2024-05-09 15:12:01,1313.0,707.1339041613402
2024-05-09 15:12:02,1314.0,706.0150664060468
2024-05-09 15:12:03,1315.0,705.0127875922733
2024-05-09 15:12:04,1316.0,704.1404712158422
2024-05-09 15:12:05,1317.0,703.4115207725765
2024-05-09 15:12:06,1318.0,702.839339758299
2024-05-09 15:12:07,1319.0,702.4373316688326
2024-05-09 15:12:08,1320.0,702.2189
2024-05-09 15:12:09,1321.0,702.1021035598031
2024-05-09 15:12:10,1322.0,701.9955873316047
2024-05-09 15:12:11,1323.0,701.8986340742687
2024-05-09 15:12:12,1324.0,701.810526546658
2024-05-09 15:12:13,1325.0,701.7305475076371
2024-05-09 15:12:14,1326.0,701.6579797160691
2024-05-09 15:12:15,1327.0,701.5921059308182
2024-05-09 15:12:16,1328.0,701.532208910748
2024-05-09 15:12:17,1329.0,701.4775714147216
2024-05-09 15:12:18,1330.0,701.4274762016036
2024-05-09 15:12:19,1331.0,701.381206030257
2024-05-09 15:12:20,1332.0,701.3380436595457
2024-05-09 15:12:21,1333.0,701.2972718483336
2024-05-09 15:12:22,1334.0,701.2581733554842
2024-05-09 15:12:23,1335.0,701.2200309398611
2024-05-09 15:12:24,1336.0,701.1821273603282
2024-05-09 15:12:25,1337.0,701.1437453757492
2024-05-09 15:12:26,1338.0,701.1041677449875
2024-05-09 15:12:27,1339.0,701.0626772269072
2024-05-09 15:12:28,1340.0,701.0185565803719
2024-05-09 15:12:29,1341.0,700.971088564245
2024-05-09 15:12:30,1342.0,700.9195559373903
2024-05-09 15:12:31,1343.0,700.8632414586718
2024-05-09 15:12:32,1344.0,700.8014278869531
2024-05-09 15:12:33,1345.0,700.7333979810975
2024-05-09 15:12:34,1346.0,700.6584344999691
2024-05-09 15:12:35,1347.0,700.5758202024314
2024-05-09 15:12:36,1348.0,700.4848378473481
2024-05-09 15:12:37,1349.0,700.3847701935832
2024-05-09 15:12:38,1350.0,700.2749
2024-05-09 15:12:39,1351.0,700.1475134488435
2024-05-09 15:12:40,1352.0,699.9952620743605
2024-05-09 15:12:41,1353.0,699.817976663419
2024-05-09 15:12:42,1354.0,699.6154880028861
2024-05-09 15:12:43,1355.0,699.3876268796291
2024-05-09 15:12:44,1356.0,699.1342240805153
2024-05-09 15:12:45,1357.0,698.8551103924125
2024-05-09 15:12:46,1358.0,698.5501166021877
2024-05-09 15:12:47,1359.0,698.2190734967085
2024-05-09 15:12:48,1360.0,697.861811862842
2024-05-09 15:12:49,1361.0,697.478162487456
2024-05-09 15:12:50,1362.0,697.0679561574176
2024-05-09 15:12:51,1363.0,696.6310236595941
2024-05-09 15:12:52,1364.0,696.1671957808533
2024-05-09 15:12:53,1365.0,695.6763033080623
2024-05-09 15:12:54,1366.0,695.1581770280885
2024-05-09 15:12:55,1367.0,694.6126477277993
2024-05-09 15:12:56,1368.0,694.039546194062
2024-05-09 15:12:57,1369.0,693.4387032137442
2024-05-09 15:12:58,1370.0,692.8099495737132
2024-05-09 15:12:59,1371.0,692.1531160608362
2024-05-09 15:13:00,1372.0,691.4680334619809
2024-05-09 15:13:01,1373.0,690.7545325640144
2024-05-09 15:13:02,1374.0,690.0124441538043
2024-05-09 15:13:03,1375.0,689.2415990182178
2024-05-09 15:13:04,1376.0,688.4418279441227
2024-05-09 15:13:05,1377.0,687.6129617183858
2024-05-09 15:13:06,1378.0,686.7548311278748
2024-05-09 15:13:07,1379.0,685.8672669594571
2024-05-09 15:13:08,1380.0,684.9501
2024-05-09 15:13:09,1381.0,683.5945071814441
2024-05-09 15:13:10,1382.0,681.4300638070995
2024-05-09 15:13:11,1383.0,678.5141982208889
2024-05-09 15:13:12,1384.0,674.9043387667344
2024-05-09 15:13:13,1385.0,670.6579137885585
2024-05-09 15:13:14,1386.0,665.8323516302833
2024-05-09 15:13:15,1387.0,660.4850806358314
2024-05-09 15:13:16,1388.0,654.6735291491251
2024-05-09 15:13:17,1389.0,648.4551255140864
2024-05-09 15:13:18,1390.0,641.887298074638
2024-05-09 15:13:19,1391.0,635.027475174702
2024-05-09 15:13:20,1392.0,627.933085158201
2024-05-09 15:13:21,1393.0,620.661556369057
2024-05-09 15:13:22,1394.0,613.2703171511928
2024-05-09 15:13:23,1395.0,605.8167958485303
2024-05-09 15:13:24,1396.0,598.3584208049919
2024-05-09 15:13:25,1397.0,590.9526203645
2024-05-09 15:13:26,1398.0,583.656822870977
2024-05-09 15:13:27,1399.0,576.5284566683451
2024-05-09 15:13:28,1400.0,569.6249501005268
2024-05-09 15:13:29,1401.0,563.0037315114444
2024-05-09 15:13:30,1402.0,556.7222292450201
2024-05-09 15:13:31,1403.0,550.8378716451763
2024-05-09 15:13:32,1404.0,545.4080870558354
2024-05-09 15:13:33,1405.0,540.4903038209195
2024-05-09 15:13:34,1406.0,536.1419502843513
2024-05-09 15:13:35,1407.0,532.4204547900529
2024-05-09 15:13:36,1408.0,529.3832456819466
2024-05-09 15:13:37,1409.0,527.0877513039549
2024-05-09 15:13:38,1410.0,525.5914
2024-05-09 15:13:39,1411.0,524.5469346262997
2024-05-09 15:13:40,1412.0,523.5664347536729
2024-05-09 15:13:41,1413.0,522.6463337979429
2024-05-09 15:13:42,1414.0,521.7830651749337
2024-05-09 15:13:43,1415.0,520.9730623004687
2024-05-09 15:13:44,1416.0,520.2127585903717
2024-05-09 15:13:45,1417.0,519.4985874604665
2024-05-09 15:13:46,1418.0,518.8269823265765
2024-05-09 15:13:47,1419.0,518.1943766045257
2024-05-09 15:13:48,1420.0,517.5972037101375
2024-05-09 15:13:49,1421.0,517.0318970592358
2024-05-09 15:13:50,1422.0,516.4948900676441
2024-05-09 15:13:51,1423.0,515.982616151186
2024-05-09 15:13:52,1424.0,515.4915087256854
2024-05-09 15:13:53,1425.0,515.0180012069659
2024-05-09 15:13:54,1426.0,514.5585270108511
2024-05-09 15:13:55,1427.0,514.1095195531648
2024-05-09 15:13:56,1428.0,513.6674122497305
2024-05-09 15:13:57,1429.0,513.2286385163719
2024-05-09 15:13:58,1430.0,512.789631768913
2024-05-09 15:13:59,1431.0,512.3468254231769
2024-05-09 15:14:00,1432.0,511.8966528949878
2024-05-09 15:14:01,1433.0,511.4355476001691
2024-05-09 15:14:02,1434.0,510.95994295454454
2024-05-09 15:14:03,1435.0,510.4662723739379
2024-05-09 15:14:04,1436.0,509.95096927417256
2024-05-09 15:14:05,1437.0,509.41046707107256
2024-05-09 15:14:06,1438.0,508.84119918046133
2024-05-09 15:14:07,1439.0,508.23959901816255
2024-05-09 15:14:08,1440.0,507.6021
2024-05-09 15:14:09,1441.0,506.9334207687328
2024-05-09 15:14:10,1442.0,506.24200155973216
2024-05-09 15:14:11,1443.0,505.52985817773987
2024-05-09 15:14:12,1444.0,504.79900642749806
2024-05-09 15:14:13,1445.0,504.05146211374847
2024-05-09 15:14:14,1446.0,503.289241041233
2024-05-09 15:14:15,1447.0,502.5143590146936
2024-05-09 15:14:16,1448.0,501.728831838872
2024-05-09 15:14:17,1449.0,500.9346753185102
2024-05-09 15:14:18,1450.0,500.13390525835007
2024-05-09 15:14:19,1451.0,499.3285374631335
2024-05-09 15:14:20,1452.0,498.5205877376024
2024-05-09 15:14:21,1453.0,497.71207188649856
2024-05-09 15:14:22,1454.0,496.9050057145639
2024-05-09 15:14:23,1455.0,496.10140502654036
2024-05-09 15:14:24,1456.0,495.3032856271699
2024-05-09 15:14:25,1457.0,494.51266332119417
2024-05-09 15:14:26,1458.0,493.7315539133552
2024-05-09 15:14:27,1459.0,492.96197320839485
2024-05-09 15:14:28,1460.0,492.2059370110551
2024-05-09 15:14:29,1461.0,491.4654611260777
2024-05-09 15:14:30,1462.0,490.74256135820457
2024-05-09 15:14:31,1463.0,490.03925351217754
2024-05-09 15:14:32,1464.0,489.3575533927387
2024-05-09 15:14:33,1465.0,488.69947680462974
2024-05-09 15:14:34,1466.0,488.0670395525926
2024-05-09 15:14:35,1467.0,487.46225744136916
2024-05-09 15:14:36,1468.0,486.8871462757013
2024-05-09 15:14:37,1469.0,486.34372186033096
2024-05-09 15:14:38,1470.0,485.83399999999995
2024-05-09 15:14:39,1471.0,485.33765461161295
2024-05-09 15:14:40,1472.0,484.8341384741817
2024-05-09 15:14:41,1473.0,484.3251356856093
2024-05-09 15:14:42,1474.0,483.81233034379875
2024-05-09 15:14:43,1475.0,483.29740654665267
2024-05-09 15:14:44,1476.0,482.7820483920741
2024-05-09 15:14:45,1477.0,482.26793997796597
2024-05-09 15:14:46,1478.0,481.7567654022312
2024-05-09 15:14:47,1479.0,481.25020876277256
2024-05-09 15:14:48,1480.0,480.7499541574932
2024-05-09 15:14:49,1481.0,480.25768568429584
2024-05-09 15:14:50,1482.0,479.77508744108343
2024-05-09 15:14:51,1483.0,479.3038435257588
2024-05-09 15:14:52,1484.0,478.845638036225
2024-05-09 15:14:53,1485.0,478.40215507038494
2024-05-09 15:14:54,1486.0,477.9750787261413
2024-05-09 15:14:55,1487.0,477.56609310139726
2024-05-09 15:14:56,1488.0,477.1768822940556
2024-05-09 15:14:57,1489.0,476.80913040201926
2024-05-09 15:14:58,1490.0,476.4645215231911
2024-05-09 15:14:59,1491.0,476.144739755474
2024-05-09 15:15:00,1492.0,475.851469196771
2024-05-09 15:15:01,1493.0,475.5863939449848
2024-05-09 15:15:02,1494.0,475.3511980980186
2024-05-09 15:15:03,1495.0,475.14756575377504
2024-05-09 15:15:04,1496.0,474.97718101015715
2024-05-09 15:15:05,1497.0,474.8417279650677
2024-05-09 15:15:06,1498.0,474.7428907164099
2024-05-09 15:15:07,1499.0,474.6823533620863
2024-05-09 15:15:08,1500.0,474.6618
2024-05-09 15:15:09,1501.0,474.6643709133795
2024-05-09 15:15:10,1502.0,474.67203748922043
2024-05-09 15:15:11,1503.0,474.68473048107643
2024-05-09 15:15:12,1504.0,474.70238064250117
2024-05-09 15:15:13,1505.0,474.7249187270484
2024-05-09 15:15:14,1506.0,474.75227548827166
2024-05-09 15:15:15,1507.0,474.78438167972473
2024-05-09 15:15:16,1508.0,474.8211680549612
2024-05-09 15:15:17,1509.0,474.86256536753484
2024-05-09 15:15:18,1510.0,474.9085043709992
2024-05-09 15:15:19,1511.0,474.95891581890805
2024-05-09 15:15:20,1512.0,475.013730464815
2024-05-09 15:15:21,1513.0,475.0728790622737
2024-05-09 15:15:22,1514.0,475.13629236483786
2024-05-09 15:15:23,1515.0,475.20390112606117
2024-05-09 15:15:24,1516.0,475.27563609949726
2024-05-09 15:15:25,1517.0,475.3514280386998
2024-05-09 15:15:26,1518.0,475.4312076972225
2024-05-09 15:15:27,1519.0,475.5149058286189
2024-05-09 15:15:28,1520.0,475.60245318644286
2024-05-09 15:15:29,1521.0,475.6937805242479
2024-05-09 15:15:30,1522.0,475.7888185955878
2024-05-09 15:15:31,1523.0,475.8874981540161
2024-05-09 15:15:32,1524.0,475.9897499530866
2024-05-09 15:15:33,1525.0,476.0955047463529
2024-05-09 15:15:34,1526.0,476.20469328736874
2024-05-09 15:15:35,1527.0,476.31724632968763
2024-05-09 15:15:36,1528.0,476.43309462686335
2024-05-09 15:15:37,1529.0,476.5521689324496
2024-05-09 15:15:38,1530.0,476.6744
2024-05-09 15:15:39,1531.0,476.86824514162447
2024-05-09 15:15:40,1532.0,477.1956512990625
2024-05-09 15:15:41,1533.0,477.64678367031235
2024-05-09 15:15:42,1534.0,478.21180745337205
2024-05-09 15:15:43,1535.0,478.88088784623966
2024-05-09 15:15:44,1536.0,479.64419004691337
2024-05-09 15:15:45,1537.0,480.49187925339123
2024-05-09 15:15:46,1538.0,481.41412066367144
2024-05-09 15:15:47,1539.0,482.40107947575206
2024-05-09 15:15:48,1540.0,483.4429208876312
2024-05-09 15:15:49,1541.0,484.529810097307
2024-05-09 15:15:50,1542.0,485.65191230277753
2024-05-09 15:15:51,1543.0,486.79939270204096
2024-05-09 15:15:52,1544.0,487.96241649309536
2024-05-09 15:15:53,1545.0,489.13114887393886
2024-05-09 15:15:54,1546.0,490.29575504256957
2024-05-09 15:15:55,1547.0,491.4464001969856
2024-05-09 15:15:56,1548.0,492.573249535185
2024-05-09 15:15:57,1549.0,493.6664682551661
2024-05-09 15:15:58,1550.0,494.7162215549268
2024-05-09 15:15:59,1551.0,495.7126746324652
2024-05-09 15:16:00,1552.0,496.6459926857795
2024-05-09 15:16:01,1553.0,497.50634091286787
2024-05-09 15:16:02,1554.0,498.28388451172833
2024-05-09 15:16:03,1555.0,498.96878868035907
2024-05-09 15:16:04,1556.0,499.5512186167581
2024-05-09 15:16:05,1557.0,500.02133951892364
2024-05-09 15:16:06,1558.0,500.3693165848537
2024-05-09 15:16:07,1559.0,500.5853150125465
2024-05-09 15:16:08,1560.0,500.65950000000004
2024-05-09 15:16:09,1561.0,500.28860672592594
2024-05-09 15:16:10,1562.0,499.2096444740741
2024-05-09 15:16:11,1563.0,497.4731896
2024-05-09 15:16:12,1564.0,495.1298184592593
2024-05-09 15:16:13,1565.0,492.23010740740744
2024-05-09 15:16:14,1566.0,488.8246328
2024-05-09 15:16:15,1567.0,484.96397099259264
2024-05-09 15:16:16,1568.0,480.69869834074075
2024-05-09 15:16:17,1569.0,476.07939120000003
2024-05-09 15:16:18,1570.0,471.15662592592594
2024-05-09 15:16:19,1571.0,465.98097887407414
2024-05-09 15:16:20,1572.0,460.60302640000003
2024-05-09 15:16:21,1573.0,455.0733448592593
2024-05-09 15:16:22,1574.0,449.4425106074075
2024-05-09 15:16:23,1575.0,443.76110000000006
2024-05-09 15:16:24,1576.0,438.0796893925926
2024-05-09 15:16:25,1577.0,432.44885514074076
2024-05-09 15:16:26,1578.0,426.9191736
2024-05-09 15:16:27,1579.0,421.5412211259259
2024-05-09 15:16:28,1580.0,416.36557407407406
2024-05-09 15:16:29,1581.0,411.44280879999997
2024-05-09 15:16:30,1582.0,406.8235016592593
2024-05-09 15:16:31,1583.0,402.5582290074074
2024-05-09 15:16:32,1584.0,398.69756720000004
2024-05-09 15:16:33,1585.0,395.29209259259267
2024-05-09 15:16:34,1586.0,392.3923815407408
2024-05-09 15:16:35,1587.0,390.04901040000004
2024-05-09 15:16:36,1588.0,388.312555525926
2024-05-09 15:16:37,1589.0,387.2335932740741
2024-05-09 15:16:38,1590.0,386.8627
2024-05-09 15:16:39,1591.0,386.9384328
2024-05-09 15:16:40,1592.0,387.15874640000004
2024-05-09 15:16:41,1593.0,387.5133136
2024-05-09 15:16:42,1594.0,387.9918072
2024-05-09 15:16:43,1595.0,388.5839
2024-05-09 15:16:44,1596.0,389.2792648
2024-05-09 15:16:45,1597.0,390.06757439999996
2024-05-09 15:16:46,1598.0,390.9385016
2024-05-09 15:16:47,1599.0,391.8817192
2024-05-09 15:16:48,1600.0,392.88689999999997
2024-05-09 15:16:49,1601.0,393.9437168
2024-05-09 15:16:50,1602.0,395.0418424
2024-05-09 15:16:51,1603.0,396.17094960000003
2024-05-09 15:16:52,1604.0,397.3207112
2024-05-09 15:16:53,1605.0,398.48080000000004
2024-05-09 15:16:54,1606.0,399.6408888
2024-05-09 15:16:55,1607.0,400.7906504
2024-05-09 15:16:56,1608.0,401.9197576
2024-05-09 15:16:57,1609.0,403.01788319999997
2024-05-09 15:16:58,1610.0,404.07469999999995
2024-05-09 15:16:59,1611.0,405.07988079999996
2024-05-09 15:17:00,1612.0,406.0230984
2024-05-09 15:17:01,1613.0,406.89402559999996
2024-05-09 15:17:02,1614.0,407.68233519999995
2024-05-09 15:17:03,1615.0,408.37769999999995
2024-05-09 15:17:04,1616.0,408.9697928
2024-05-09 15:17:05,1617.0,409.4482864
2024-05-09 15:17:06,1618.0,409.8028536
2024-05-09 15:17:07,1619.0,410.02316719999993
2024-05-09 15:17:08,1620.0,410.09889999999996
2024-05-09 15:17:09,1621.0,410.0247701037037
2024-05-09 15:17:10,1622.0,409.8091194962962
2024-05-09 15:17:11,1623.0,409.46205679999997
2024-05-09 15:17:12,1624.0,408.993690637037
2024-05-09 15:17:13,1625.0,408.41412962962954
2024-05-09 15:17:14,1626.0,407.73348239999996
2024-05-09 15:17:15,1627.0,406.96185757037034
2024-05-09 15:17:16,1628.0,406.10936376296297
2024-05-09 15:17:17,1629.0,405.18610959999995
2024-05-09 15:17:18,1630.0,404.2022037037037
2024-05-09 15:17:19,1631.0,403.1677546962963
2024-05-09 15:17:20,1632.0,402.0928712
2024-05-09 15:17:21,1633.0,400.987661837037
2024-05-09 15:17:22,1634.0,399.8622352296297
2024-05-09 15:17:23,1635.0,398.72670000000005
2024-05-09 15:17:24,1636.0,397.59116477037037
2024-05-09 15:17:25,1637.0,396.46573816296296
2024-05-09 15:17:26,1638.0,395.3605288
2024-05-09 15:17:27,1639.0,394.28564530370375
2024-05-09 15:17:28,1640.0,393.2511962962963
2024-05-09 15:17:29,1641.0,392.2672904
2024-05-09 15:17:30,1642.0,391.3440362370371
2024-05-09 15:17:31,1643.0,390.49154242962965
2024-05-09 15:17:32,1644.0,389.71991760000003
2024-05-09 15:17:33,1645.0,389.0392703703704
2024-05-09 15:17:34,1646.0,388.459709362963
2024-05-09 15:17:35,1647.0,387.9913432
2024-05-09 15:17:36,1648.0,387.6442805037037
2024-05-09 15:17:37,1649.0,387.4286298962963
2024-05-09 15:17:38,1650.0,387.35450000000003
2024-05-09 15:17:39,1651.0,387.6903919780547
2024-05-09 15:17:40,1652.0,388.67636314896225
2024-05-09 15:17:41,1653.0,390.2798563678378
2024-05-09 15:17:42,1654.0,392.46831448979634
2024-05-09 15:17:43,1655.0,395.2091803699531
2024-05-09 15:17:44,1656.0,398.4698968634232
2024-05-09 15:17:45,1657.0,402.2179068253216
2024-05-09 15:17:46,1658.0,406.4206531107637
2024-05-09 15:17:47,1659.0,411.0455785748643
2024-05-09 15:17:48,1660.0,416.06012607273874
2024-05-09 15:17:49,1661.0,421.43173845950207
2024-05-09 15:17:50,1662.0,427.1278585902694
2024-05-09 15:17:51,1663.0,433.11592932015583
2024-05-09 15:17:52,1664.0,439.36339350427653
2024-05-09 15:17:53,1665.0,445.8376939977466
2024-05-09 15:17:54,1666.0,452.50627365568107
2024-05-09 15:17:55,1667.0,459.33657533319524
2024-05-09 15:17:56,1668.0,466.296041885404
2024-05-09 15:17:57,1669.0,473.3521161674227
2024-05-09 15:17:58,1670.0,480.47224103436633
2024-05-09 15:17:59,1671.0,487.62385934134994
2024-05-09 15:18:00,1672.0,494.77441394348875
2024-05-09 15:18:01,1673.0,501.8913476958979
2024-05-09 15:18:02,1674.0,508.9421034536925
2024-05-09 15:18:03,1675.0,515.8941240719876
2024-05-09 15:18:04,1676.0,522.7148524058982
2024-05-09 15:18:05,1677.0,529.3717313105398
2024-05-09 15:18:06,1678.0,535.8322036410271
2024-05-09 15:18:07,1679.0,542.0637122524755
2024-05-09 15:18:08,1680.0,548.0337
2024-05-09 15:18:09,1681.0,554.0189717771585
2024-05-09 15:18:10,1682.0,560.298988458096
2024-05-09 15:18:11,1683.0,566.8451768688078
2024-05-09 15:18:12,1684.0,573.6289638352894
2024-05-09 15:18:13,1685.0,580.6217761835362
2024-05-09 15:18:14,1686.0,587.7950407395437
2024-05-09 15:18:15,1687.0,595.1201843293071
2024-05-09 15:18:16,1688.0,602.568633778822
2024-05-09 15:18:17,1689.0,610.1118159140838
2024-05-09 15:18:18,1690.0,617.7211575610878
2024-05-09 15:18:19,1691.0,625.3680855458297
2024-05-09 15:18:20,1692.0,633.0240266943044
2024-05-09 15:18:21,1693.0,640.660407832508
2024-05-09 15:18:22,1694.0,648.2486557864354
2024-05-09 15:18:23,1695.0,655.7601973820823
2024-05-09 15:18:24,1696.0,663.166459445444
2024-05-09 15:18:25,1697.0,670.4388688025159
2024-05-09 15:18:26,1698.0,677.5488522792936
2024-05-09 15:18:27,1699.0,684.4678367017723
2024-05-09 15:18:28,1700.0,691.1672488959474
2024-05-09 15:18:29,1701.0,697.6185156878145
2024-05-09 15:18:30,1702.0,703.7930639033691
2024-05-09 15:18:31,1703.0,709.6623203686063
2024-05-09 15:18:32,1704.0,715.1977119095217
2024-05-09 15:18:33,1705.0,720.3706653521108
2024-05-09 15:18:34,1706.0,725.1526075223688
2024-05-09 15:18:35,1707.0,729.5149652462915
2024-05-09 15:18:36,1708.0,733.4291653498739
2024-05-09 15:18:37,1709.0,736.8666346591116
2024-05-09 15:18:38,1710.0,739.7988
2024-05-09 15:18:39,1711.0,742.4587472295004
2024-05-09 15:18:40,1712.0,745.0954784344973
2024-05-09 15:18:41,1713.0,747.704294785871
2024-05-09 15:18:42,1714.0,750.2804974545015
2024-05-09 15:18:43,1715.0,752.8193876112695
2024-05-09 15:18:44,1716.0,755.3162664270553
2024-05-09 15:18:45,1717.0,757.7664350727389
2024-05-09 15:18:46,1718.0,760.1651947192008
2024-05-09 15:18:47,1719.0,762.5078465373213
2024-05-09 15:18:48,1720.0,764.7896916979807
2024-05-09 15:18:49,1721.0,767.0060313720592
2024-05-09 15:18:50,1722.0,769.1521667304371
2024-05-09 15:18:51,1723.0,771.2233989439949
2024-05-09 15:18:52,1724.0,773.215029183613
2024-05-09 15:18:53,1725.0,775.1223586201712
2024-05-09 15:18:54,1726.0,776.9406884245502
2024-05-09 15:18:55,1727.0,778.6653197676302
2024-05-09 15:18:56,1728.0,780.2915538202915
2024-05-09 15:18:57,1729.0,781.8146917534144
2024-05-09 15:18:58,1730.0,783.2300347378792
2024-05-09 15:18:59,1731.0,784.5328839445663
2024-05-09 15:19:00,1732.0,785.718540544356
2024-05-09 15:19:01,1733.0,786.7823057081283
2024-05-09 15:19:02,1734.0,787.7194806067638
2024-05-09 15:19:03,1735.0,788.5253664111427
2024-05-09 15:19:04,1736.0,789.1952642921457
2024-05-09 15:19:05,1737.0,789.7244754206523
2024-05-09 15:19:06,1738.0,790.1083009675435
2024-05-09 15:19:07,1739.0,790.3420421036993
2024-05-09 15:19:08,1740.0,790.421
2024-05-09 15:19:09,1741.0,789.6615013391018
2024-05-09 15:19:10,1742.0,787.4501860299408
2024-05-09 15:19:11,1743.0,783.8878250828178
2024-05-09 15:19:12,1744.0,779.0751895080339
2024-05-09 15:19:13,1745.0,773.1130503158896
2024-05-09 15:19:14,1746.0,766.1021785166859
2024-05-09 15:19:15,1747.0,758.1433451207232
2024-05-09 15:19:16,1748.0,749.3373211383027
2024-05-09 15:19:17,1749.0,739.7848775797252
2024-05-09 15:19:18,1750.0,729.5867854552912
2024-05-09 15:19:19,1751.0,718.8438157753017
2024-05-09 15:19:20,1752.0,707.6567395500573
2024-05-09 15:19:21,1753.0,696.126327789859
2024-05-09 15:19:22,1754.0,684.3533515050076
2024-05-09 15:19:23,1755.0,672.4385817058037
2024-05-09 15:19:24,1756.0,660.4827894025484
2024-05-09 15:19:25,1757.0,648.5867456055421
2024-05-09 15:19:26,1758.0,636.8512213250859
2024-05-09 15:19:27,1759.0,625.3769875714805
2024-05-09 15:19:28,1760.0,614.2648153550267
2024-05-09 15:19:29,1761.0,603.6154756860252
2024-05-09 15:19:30,1762.0,593.529739574777
2024-05-09 15:19:31,1763.0,584.1083780315826
2024-05-09 15:19:32,1764.0,575.4521620667431
2024-05-09 15:19:33,1765.0,567.661862690559
2024-05-09 15:19:34,1766.0,560.8382509133314
2024-05-09 15:19:35,1767.0,555.0820977453609
2024-05-09 15:19:36,1768.0,550.4941741969483
2024-05-09 15:19:37,1769.0,547.1752512783944
2024-05-09 15:19:38,1770.0,545.2261000000001
2024-05-09 15:19:39,1771.0,544.0281095467486
2024-05-09 15:19:40,1772.0,542.8935789974732
2024-05-09 15:19:41,1773.0,541.8196442032499
2024-05-09 15:19:42,1774.0,540.8034410151545
2024-05-09 15:19:43,1775.0,539.8421052842629
2024-05-09 15:19:44,1776.0,538.9327728616505
2024-05-09 15:19:45,1777.0,538.0725795983938
2024-05-09 15:19:46,1778.0,537.2586613455682
2024-05-09 15:19:47,1779.0,536.4881539542495
2024-05-09 15:19:48,1780.0,535.7581932755139
2024-05-09 15:19:49,1781.0,535.065915160437
2024-05-09 15:19:50,1782.0,534.4084554600946
2024-05-09 15:19:51,1783.0,533.7829500255626
2024-05-09 15:19:52,1784.0,533.1865347079171
2024-05-09 15:19:53,1785.0,532.6163453582334
2024-05-09 15:19:54,1786.0,532.0695178275877
2024-05-09 15:19:55,1787.0,531.5431879670558
2024-05-09 15:19:56,1788.0,531.0344916277135
2024-05-09 15:19:57,1789.0,530.5405646606366
2024-05-09 15:19:58,1790.0,530.0585429169009
2024-05-09 15:19:59,1791.0,529.5855622475825
2024-05-09 15:20:00,1792.0,529.1187585037571
2024-05-09 15:20:01,1793.0,528.6552675365002
2024-05-09 15:20:02,1794.0,528.1922251968882
2024-05-09 15:20:03,1795.0,527.7267673359967
2024-05-09 15:20:04,1796.0,527.2560298049013
2024-05-09 15:20:05,1797.0,526.7771484546781
2024-05-09 15:20:06,1798.0,526.2872591364031
2024-05-09 15:20:07,1799.0,525.7834977011518
2024-05-09 15:20:08,1800.0,525.2630000000001
2024-05-09 15:20:09,1801.0,524.7298255363974
2024-05-09 15:20:10,1802.0,524.1908182561225
2024-05-09 15:20:11,1803.0,523.6472906737475
2024-05-09 15:20:12,1804.0,523.1005553038436
2024-05-09 15:20:13,1805.0,522.5519246609825
2024-05-09 15:20:14,1806.0,522.0027112597356
2024-05-09 15:20:15,1807.0,521.4542276146746
2024-05-09 15:20:16,1808.0,520.9077862403706
2024-05-09 15:20:17,1809.0,520.3646996513954
2024-05-09 15:20:18,1810.0,519.8262803623204
2024-05-09 15:20:19,1811.0,519.2938408877175
2024-05-09 15:20:20,1812.0,518.7686937421576
2024-05-09 15:20:21,1813.0,518.2521514402125
2024-05-09 15:20:22,1814.0,517.7455264964536
2024-05-09 15:20:23,1815.0,517.2501314254528
2024-05-09 15:20:24,1816.0,516.767278741781
2024-05-09 15:20:25,1817.0,516.2982809600102
2024-05-09 15:20:26,1818.0,515.8444505947117
2024-05-09 15:20:27,1819.0,515.407100160457
2024-05-09 15:20:28,1820.0,514.9875421718176
2024-05-09 15:20:29,1821.0,514.5870891433651
2024-05-09 15:20:30,1822.0,514.207053589671
2024-05-09 15:20:31,1823.0,513.8487480253068
2024-05-09 15:20:32,1824.0,513.5134849648438
2024-05-09 15:20:33,1825.0,513.2025769228538
2024-05-09 15:20:34,1826.0,512.9173364139083
2024-05-09 15:20:35,1827.0,512.6590759525786
2024-05-09 15:20:36,1828.0,512.4291080534363
2024-05-09 15:20:37,1829.0,512.2287452310529
2024-05-09 15:20:38,1830.0,512.0593
2024-05-09 15:20:39,1831.0,511.9115666433187
2024-05-09 15:20:40,1832.0,511.774940687432
2024-05-09 15:20:41,1833.0,511.6486365119838
2024-05-09 15:20:42,1834.0,511.5318684966183
2024-05-09 15:20:43,1835.0,511.42385102097944
2024-05-09 15:20:44,1836.0,511.32379846471133
2024-05-09 15:20:45,1837.0,511.230925207458
2024-05-09 15:20:46,1838.0,511.1444456288634
2024-05-09 15:20:47,1839.0,511.0635741085716
2024-05-09 15:20:48,1840.0,510.98752502622676
2024-05-09 15:20:49,1841.0,510.9155127614729
2024-05-09 15:20:50,1842.0,510.84675169395393
2024-05-09 15:20:51,1843.0,510.7804562033139
2024-05-09 15:20:52,1844.0,510.7158406691971
2024-05-09 15:20:53,1845.0,510.65211947124726
2024-05-09 15:20:54,1846.0,510.58850698910857
2024-05-09 15:20:55,1847.0,510.52421760242504
2024-05-09 15:20:56,1848.0,510.45846569084085
2024-05-09 15:20:57,1849.0,510.3904656339998
2024-05-09 15:20:58,1850.0,510.31943181154617
2024-05-09 15:20:59,1851.0,510.2445786031237
2024-05-09 15:21:00,1852.0,510.1651203883768
2024-05-09 15:21:01,1853.0,510.08027154694923
2024-05-09 15:21:02,1854.0,509.9892464584852
2024-05-09 15:21:03,1855.0,509.89125950262854
2024-05-09 15:21:04,1856.0,509.78552505902354
2024-05-09 15:21:05,1857.0,509.67125750731424
2024-05-09 15:21:06,1858.0,509.5476712271444
2024-05-09 15:21:07,1859.0,509.4139805981583
2024-05-09 15:21:08,1860.0,509.26939999999996
2024-05-09 15:21:09,1861.0,509.09069189185783
2024-05-09 15:21:10,1862.0,508.85795388372287
2024-05-09 15:21:11,1863.0,508.57540308144246
2024-05-09 15:21:12,1864.0,508.24725659086437
2024-05-09 15:21:13,1865.0,507.87773151783625
2024-05-09 15:21:14,1866.0,507.47104496820543
2024-05-09 15:21:15,1867.0,507.0314140478197
2024-05-09 15:21:16,1868.0,506.56305586252654
2024-05-09 15:21:17,1869.0,506.07018751817344
2024-05-09 15:21:18,1870.0,505.5570261206082
2024-05-09 15:21:19,1871.0,505.0277887756782
2024-05-09 15:21:20,1872.0,504.4866925892311
2024-05-09 15:21:21,1873.0,503.9379546671146
2024-05-09 15:21:22,1874.0,503.385792115176
2024-05-09 15:21:23,1875.0,502.83442203926313
2024-05-09 15:21:24,1876.0,502.28806154522346
2024-05-09 15:21:25,1877.0,501.7509277389046
2024-05-09 15:21:26,1878.0,501.2272377261541
2024-05-09 15:21:27,1879.0,500.72120861281957
2024-05-09 15:21:28,1880.0,500.23705750474846
2024-05-09 15:21:29,1881.0,499.7790015077886
2024-05-09 15:21:30,1882.0,499.3512577277874
2024-05-09 15:21:31,1883.0,498.9580432705925
2024-05-09 15:21:32,1884.0,498.60357524205136
2024-05-09 15:21:33,1885.0,498.29207074801167
2024-05-09 15:21:34,1886.0,498.02774689432107
2024-05-09 15:21:35,1887.0,497.8148207868269
2024-05-09 15:21:36,1888.0,497.657509531377
2024-05-09 15:21:37,1889.0,497.56003023381885
2024-05-09 15:21:38,1890.0,497.5266
2024-05-09 15:21:39,1891.0,497.609597037037
2024-05-09 15:21:40,1892.0,497.85104296296294
2024-05-09 15:21:41,1893.0,498.23962
2024-05-09 15:21:42,1894.0,498.76401037037033
2024-05-09 15:21:43,1895.0,499.41289629629625
2024-05-09 15:21:44,1896.0,500.17495999999994
2024-05-09 15:21:45,1897.0,501.0388837037037
2024-05-09 15:21:46,1898.0,501.99334962962956
2024-05-09 15:21:47,1899.0,503.02703999999994
2024-05-09 15:21:48,1900.0,504.12863703703704
2024-05-09 15:21:49,1901.0,505.2868229629629
2024-05-09 15:21:50,1902.0,506.4902799999999
2024-05-09 15:21:51,1903.0,507.72769037037034
2024-05-09 15:21:52,1904.0,508.9877362962963
2024-05-09 15:21:53,1905.0,510.25909999999993
2024-05-09 15:21:54,1906.0,511.5304637037037
2024-05-09 15:21:55,1907.0,512.7905096296296
2024-05-09 15:21:56,1908.0,514.02792
2024-05-09 15:21:57,1909.0,515.231377037037
2024-05-09 15:21:58,1910.0,516.3895629629629
2024-05-09 15:21:59,1911.0,517.4911599999999
2024-05-09 15:22:00,1912.0,518.5248503703702
2024-05-09 15:22:01,1913.0,519.4793162962962
2024-05-09 15:22:02,1914.0,520.3432399999999
2024-05-09 15:22:03,1915.0,521.1053037037037
2024-05-09 15:22:04,1916.0,521.7541896296295
2024-05-09 15:22:05,1917.0,522.2785799999999
2024-05-09 15:22:06,1918.0,522.667157037037
2024-05-09 15:22:07,1919.0,522.908602962963
2024-05-09 15:22:08,1920.0,522.9916
2024-05-09 15:22:09,1921.0,522.9425963851851
2024-05-09 15:22:10,1922.0,522.8000404148148
2024-05-09 15:22:11,1923.0,522.5706144
2024-05-09 15:22:12,1924.0,522.2610006518518
2024-05-09 15:22:13,1925.0,521.8778814814815
2024-05-09 15:22:14,1926.0,521.4279392
2024-05-09 15:22:15,1927.0,520.9178561185184
2024-05-09 15:22:16,1928.0,520.3543145481482
2024-05-09 15:22:17,1929.0,519.7439968
2024-05-09 15:22:18,1930.0,519.0935851851851
2024-05-09 15:22:19,1931.0,518.4097620148148
2024-05-09 15:22:20,1932.0,517.6992095999999
2024-05-09 15:22:21,1933.0,516.9686102518518
2024-05-09 15:22:22,1934.0,516.2246462814815
2024-05-09 15:22:23,1935.0,515.4739999999999
2024-05-09 15:22:24,1936.0,514.7233537185184
2024-05-09 15:22:25,1937.0,513.9793897481482
2024-05-09 15:22:26,1938.0,513.2487904
2024-05-09 15:22:27,1939.0,512.5382379851851
2024-05-09 15:22:28,1940.0,511.8544148148148
2024-05-09 15:22:29,1941.0,511.2040032
2024-05-09 15:22:30,1942.0,510.5936854518518
2024-05-09 15:22:31,1943.0,510.0301438814815
2024-05-09 15:22:32,1944.0,509.52006079999995
2024-05-09 15:22:33,1945.0,509.0701185185185
2024-05-09 15:22:34,1946.0,508.6869993481481
2024-05-09 15:22:35,1947.0,508.37738559999997
2024-05-09 15:22:36,1948.0,508.14795958518516
2024-05-09 15:22:37,1949.0,508.0054036148148
2024-05-09 15:22:38,1950.0,507.9564
2024-05-09 15:22:39,1951.0,507.99510826666665
2024-05-09 15:22:40,1952.0,508.1077141333333
2024-05-09 15:22:41,1953.0,508.28893919999996
2024-05-09 15:22:42,1954.0,508.53350506666663
2024-05-09 15:22:43,1955.0,508.83613333333335
2024-05-09 15:22:44,1956.0,509.1915456
2024-05-09 15:22:45,1957.0,509.59446346666664
2024-05-09 15:22:46,1958.0,510.0396085333333
2024-05-09 15:22:47,1959.0,510.5217024
2024-05-09 15:22:48,1960.0,511.03546666666665
2024-05-09 15:22:49,1961.0,511.5756229333333
2024-05-09 15:22:50,1962.0,512.1368927999999
2024-05-09 15:22:51,1963.0,512.7139978666667
2024-05-09 15:22:52,1964.0,513.3016597333333
2024-05-09 15:22:53,1965.0,513.8946
2024-05-09 15:22:54,1966.0,514.4875402666667
2024-05-09 15:22:55,1967.0,515.0752021333333
2024-05-09 15:22:56,1968.0,515.6523072
2024-05-09 15:22:57,1969.0,516.2135770666666
2024-05-09 15:22:58,1970.0,516.7537333333333
2024-05-09 15:22:59,1971.0,517.2674976
2024-05-09 15:23:00,1972.0,517.7495914666667
2024-05-09 15:23:01,1973.0,518.1947365333333
2024-05-09 15:23:02,1974.0,518.5976544
2024-05-09 15:23:03,1975.0,518.9530666666667
2024-05-09 15:23:04,1976.0,519.2556949333334
2024-05-09 15:23:05,1977.0,519.5002608000001
2024-05-09 15:23:06,1978.0,519.6814858666667
2024-05-09 15:23:07,1979.0,519.7940917333334
2024-05-09 15:23:08,1980.0,519.8328
2024-05-09 15:23:09,1981.0,519.7969005629631
2024-05-09 15:23:10,1982.0,519.6924658370372
2024-05-09 15:23:11,1983.0,519.5243912000001
2024-05-09 15:23:12,1984.0,519.2975720296297
2024-05-09 15:23:13,1985.0,519.0169037037037
2024-05-09 15:23:14,1986.0,518.6872816000001
2024-05-09 15:23:15,1987.0,518.3136010962963
2024-05-09 15:23:16,1988.0,517.9007575703704
2024-05-09 15:23:17,1989.0,517.4536464
2024-05-09 15:23:18,1990.0,516.977162962963
2024-05-09 15:23:19,1991.0,516.4762026370371
2024-05-09 15:23:20,1992.0,515.9556608
2024-05-09 15:23:21,1993.0,515.4204328296297
2024-05-09 15:23:22,1994.0,514.8754141037037
2024-05-09 15:23:23,1995.0,514.3255
2024-05-09 15:23:24,1996.0,513.7755858962963
2024-05-09 15:23:25,1997.0,513.2305671703704
2024-05-09 15:23:26,1998.0,512.6953392
2024-05-09 15:23:27,1999.0,512.174797362963
2024-05-09 15:23:28,2000.0,511.67383703703706
2024-05-09 15:23:29,2001.0,511.1973536
2024-05-09 15:23:30,2002.0,510.7502424296296
2024-05-09 15:23:31,2003.0,510.3373989037037
2024-05-09 15:23:32,2004.0,509.9637184
2024-05-09 15:23:33,2005.0,509.63409629629626
2024-05-09 15:23:34,2006.0,509.3534279703704
2024-05-09 15:23:35,2007.0,509.1266088
2024-05-09 15:23:36,2008.0,508.95853416296296
2024-05-09 15:23:37,2009.0,508.854099437037
2024-05-09 15:23:38,2010.0,508.8182
2024-05-09 15:23:39,2011.0,508.8391948444445
2024-05-09 15:23:40,2012.0,508.90027075555554
2024-05-09 15:23:41,2013.0,508.9985648
2024-05-09 15:23:42,2014.0,509.13121404444445
2024-05-09 15:23:43,2015.0,509.29535555555555
2024-05-09 15:23:44,2016.0,509.4881264
2024-05-09 15:23:45,2017.0,509.7066636444444
2024-05-09 15:23:46,2018.0,509.9481043555556
2024-05-09 15:23:47,2019.0,510.20958559999997
2024-05-09 15:23:48,2020.0,510.48824444444443
2024-05-09 15:23:49,2021.0,510.7812179555555
2024-05-09 15:23:50,2022.0,511.08564319999994
2024-05-09 15:23:51,2023.0,511.39865724444445
2024-05-09 15:23:52,2024.0,511.71739715555555
2024-05-09 15:23:53,2025.0,512.0389999999999
2024-05-09 15:23:54,2026.0,512.3606028444444
2024-05-09 15:23:55,2027.0,512.6793427555556
2024-05-09 15:23:56,2028.0,512.9923567999999
2024-05-09 15:23:57,2029.0,513.2967820444444
2024-05-09 15:23:58,2030.0,513.5897555555555
2024-05-09 15:23:59,2031.0,513.8684144
2024-05-09 15:24:00,2032.0,514.1298956444443
2024-05-09 15:24:01,2033.0,514.3713363555555
2024-05-09 15:24:02,2034.0,514.5898735999999
2024-05-09 15:24:03,2035.0,514.7826444444444
2024-05-09 15:24:04,2036.0,514.9467859555555
2024-05-09 15:24:05,2037.0,515.0794351999999
2024-05-09 15:24:06,2038.0,515.1777292444444
2024-05-09 15:24:07,2039.0,515.2388051555555
2024-05-09 15:24:08,2040.0,515.2597999999999
2024-05-09 15:24:09,2041.0,515.2265803259259
2024-05-09 15:24:10,2042.0,515.129941274074
2024-05-09 15:24:11,2043.0,514.9744127999999
2024-05-09 15:24:12,2044.0,514.7645248592592
2024-05-09 15:24:13,2045.0,514.5048074074073
2024-05-09 15:24:14,2046.0,514.1997904
2024-05-09 15:24:15,2047.0,513.8540037925925
2024-05-09 15:24:16,2048.0,513.4719775407406
2024-05-09 15:24:17,2049.0,513.0582416
2024-05-09 15:24:18,2050.0,512.6173259259258
2024-05-09 15:24:19,2051.0,512.153760474074
2024-05-09 15:24:20,2052.0,511.67207519999994
2024-05-09 15:24:21,2053.0,511.17680005925916
2024-05-09 15:24:22,2054.0,510.67246500740737
2024-05-09 15:24:23,2055.0,510.1635999999999
2024-05-09 15:24:24,2056.0,509.6547349925926
2024-05-09 15:24:25,2057.0,509.15039994074067
2024-05-09 15:24:26,2058.0,508.65512479999995
2024-05-09 15:24:27,2059.0,508.17343952592586
2024-05-09 15:24:28,2060.0,507.70987407407404
2024-05-09 15:24:29,2061.0,507.2689584
2024-05-09 15:24:30,2062.0,506.8552224592592
2024-05-09 15:24:31,2063.0,506.47319620740734
2024-05-09 15:24:32,2064.0,506.12740959999996
2024-05-09 15:24:33,2065.0,505.82239259259256
2024-05-09 15:24:34,2066.0,505.56267514074074
2024-05-09 15:24:35,2067.0,505.35278719999997
2024-05-09 15:24:36,2068.0,505.1972587259259
2024-05-09 15:24:37,2069.0,505.10061967407404
2024-05-09 15:24:38,2070.0,505.06739999999996
2024-05-09 15:24:39,2071.0,505.0698206687154
2024-05-09 15:24:40,2072.0,505.0770016630847
2024-05-09 15:24:41,2073.0,505.0888214654427
2024-05-09 15:24:42,2074.0,505.10515855812423
2024-05-09 15:24:43,2075.0,505.12589142346394
2024-05-09 15:24:44,2076.0,505.15089854379653
2024-05-09 15:24:45,2077.0,505.18005840145685
2024-05-09 15:24:46,2078.0,505.2132494787796
2024-05-09 15:24:47,2079.0,505.25035025809944
2024-05-09 15:24:48,2080.0,505.2912392217513
2024-05-09 15:24:49,2081.0,505.3357948520698
2024-05-09 15:24:50,2082.0,505.3838956313897
2024-05-09 15:24:51,2083.0,505.43542004204573
2024-05-09 15:24:52,2084.0,505.4902465663727
2024-05-09 15:24:53,2085.0,505.5482536867053
2024-05-09 15:24:54,2086.0,505.60931988537834
2024-05-09 15:24:55,2087.0,505.6733236447265
2024-05-09 15:24:56,2088.0,505.74014344708456
2024-05-09 15:24:57,2089.0,505.80965777478724
2024-05-09 15:24:58,2090.0,505.8817451101693
2024-05-09 15:24:59,2091.0,505.95628393556547
2024-05-09 15:25:00,2092.0,506.0331527333106
2024-05-09 15:25:01,2093.0,506.11222998573925
2024-05-09 15:25:02,2094.0,506.1933941751863
2024-05-09 15:25:03,2095.0,506.2765237839864
2024-05-09 15:25:04,2096.0,506.3614972944744
2024-05-09 15:25:05,2097.0,506.44819318898504
2024-05-09 15:25:06,2098.0,506.53648994985303
2024-05-09 15:25:07,2099.0,506.6262660594131
2024-05-09 15:25:08,2100.0,506.7174
2024-05-09 15:25:09,2101.0,506.8302321331795
2024-05-09 15:25:10,2102.0,506.98313025755436
2024-05-09 15:25:11,2103.0,507.1730140110149
2024-05-09 15:25:12,2104.0,507.39680303145144
2024-05-09 15:25:13,2105.0,507.6514169567543
2024-05-09 15:25:14,2106.0,507.93377542481375
2024-05-09 15:25:15,2107.0,508.24079807352
2024-05-09 15:25:16,2108.0,508.5694045407635
2024-05-09 15:25:17,2109.0,508.9165144644345
2024-05-09 15:25:18,2110.0,509.27904748242327
2024-05-09 15:25:19,2111.0,509.6539232326201
2024-05-09 15:25:20,2112.0,510.0380613529154
2024-05-09 15:25:21,2113.0,510.42838148119944
2024-05-09 15:25:22,2114.0,510.8218032553624
2024-05-09 15:25:23,2115.0,511.21524631329464
2024-05-09 15:25:24,2116.0,511.60563029288653
2024-05-09 15:25:25,2117.0,511.98987483202825
2024-05-09 15:25:26,2118.0,512.3648995686103
2024-05-09 15:25:27,2119.0,512.7276241405228
2024-05-09 15:25:28,2120.0,513.0749681856561
2024-05-09 15:25:29,2121.0,513.4038513419005
2024-05-09 15:25:30,2122.0,513.7111932471463
2024-05-09 15:25:31,2123.0,513.993913539284
2024-05-09 15:25:32,2124.0,514.2489318562035
2024-05-09 15:25:33,2125.0,514.4731678357953
2024-05-09 15:25:34,2126.0,514.6635411159498
2024-05-09 15:25:35,2127.0,514.8169713345573
2024-05-09 15:25:36,2128.0,514.9303781295079
2024-05-09 15:25:37,2129.0,515.000681138692
2024-05-09 15:25:38,2130.0,515.0248
2024-05-09 15:25:39,2131.0,514.0400472293115
2024-05-09 15:25:40,2132.0,511.16915522278157
2024-05-09 15:25:41,2133.0,506.5371734387135
2024-05-09 15:25:42,2134.0,500.26915133541087
2024-05-09 15:25:43,2135.0,492.4901383711768
2024-05-09 15:25:44,2136.0,483.3251840043148
2024-05-09 15:25:45,2137.0,472.8993376931282
2024-05-09 15:25:46,2138.0,461.3376488959204
2024-05-09 15:25:47,2139.0,448.7651670709947
2024-05-09 15:25:48,2140.0,435.3069416766546
2024-05-09 15:25:49,2141.0,421.0880221712033
2024-05-09 15:25:50,2142.0,406.2334580129443
2024-05-09 15:25:51,2143.0,390.8682986601809
2024-05-09 15:25:52,2144.0,375.11759357121656
2024-05-09 15:25:53,2145.0,359.1063922043546
2024-05-09 15:25:54,2146.0,342.9597440178983
2024-05-09 15:25:55,2147.0,326.80269847015114
2024-05-09 15:25:56,2148.0,310.7603050194165
2024-05-09 15:25:57,2149.0,294.95761312399765
2024-05-09 15:25:58,2150.0,279.519672242198
2024-05-09 15:25:59,2151.0,264.57153183232094
2024-05-09 15:26:00,2152.0,250.23824135266986
2024-05-09 15:26:01,2153.0,236.64485026154807
2024-05-09 15:26:02,2154.0,223.91640801725913
2024-05-09 15:26:03,2155.0,212.17796407810607
2024-05-09 15:26:04,2156.0,201.55456790239248
2024-05-09 15:26:05,2157.0,192.17126894842175
2024-05-09 15:26:06,2158.0,184.1531166744972
2024-05-09 15:26:07,2159.0,177.6251605389221
2024-05-09 15:26:08,2160.0,172.71245
2024-05-09 15:26:09,2161.0,168.67373427589268
2024-05-09 15:26:10,2162.0,164.68830851068802
2024-05-09 15:26:11,2163.0,160.76204105157822
2024-05-09 15:26:12,2164.0,156.90080024575562
2024-05-09 15:26:13,2165.0,153.11045444041247
2024-05-09 15:26:14,2166.0,149.39687198274092
2024-05-09 15:26:15,2167.0,145.76592121993335
2024-05-09 15:26:16,2168.0,142.22347049918196
2024-05-09 15:26:17,2169.0,138.77538816767904
2024-05-09 15:26:18,2170.0,135.42754257261683
2024-05-09 15:26:19,2171.0,132.1858020611876
2024-05-09 15:26:20,2172.0,129.05603498058355
2024-05-09 15:26:21,2173.0,126.044109677997
2024-05-09 15:26:22,2174.0,123.15589450062022
2024-05-09 15:26:23,2175.0,120.39725779564543
2024-05-09 15:26:24,2176.0,117.77406791026492
2024-05-09 15:26:25,2177.0,115.29219319167092
2024-05-09 15:26:26,2178.0,112.9575019870557
2024-05-09 15:26:27,2179.0,110.77586264361152
2024-05-09 15:26:28,2180.0,108.75314350853064
2024-05-09 15:26:29,2181.0,106.89521292900531
2024-05-09 15:26:30,2182.0,105.2079392522278
2024-05-09 15:26:31,2183.0,103.69719082539036
2024-05-09 15:26:32,2184.0,102.36883599568525
2024-05-09 15:26:33,2185.0,101.22874311030472
2024-05-09 15:26:34,2186.0,100.28278051644105
2024-05-09 15:26:35,2187.0,99.53681656128649
2024-05-09 15:26:36,2188.0,98.99671959203329
2024-05-09 15:26:37,2189.0,98.66835795587372
2024-05-09 15:26:38,2190.0,98.55760000000002
2024-05-09 15:26:39,2191.0,98.56711430145063
2024-05-09 15:26:40,2192.0,98.59514052054489
2024-05-09 15:26:41,2193.0,98.64090362939649
2024-05-09 15:26:42,2194.0,98.70362860011907
2024-05-09 15:26:43,2195.0,98.78254040482632
2024-05-09 15:26:44,2196.0,98.8768640156319
2024-05-09 15:26:45,2197.0,98.98582440464946
2024-05-09 15:26:46,2198.0,99.1086465439927
2024-05-09 15:26:47,2199.0,99.24455540577527
2024-05-09 15:26:48,2200.0,99.39277596211083
2024-05-09 15:26:49,2201.0,99.55253318511308
2024-05-09 15:26:50,2202.0,99.72305204689563
2024-05-09 15:26:51,2203.0,99.9035575195722
2024-05-09 15:26:52,2204.0,100.09327457525644
2024-05-09 15:26:53,2205.0,100.29142818606202
2024-05-09 15:26:54,2206.0,100.49724332410261
2024-05-09 15:26:55,2207.0,100.70994496149186
2024-05-09 15:26:56,2208.0,100.92875807034343
2024-05-09 15:26:57,2209.0,101.15290762277104
2024-05-09 15:26:58,2210.0,101.38161859088832
2024-05-09 15:26:59,2211.0,101.61411594680894
2024-05-09 15:27:00,2212.0,101.84962466264655
2024-05-09 15:27:01,2213.0,102.08736971051485
2024-05-09 15:27:02,2214.0,102.32657606252751
2024-05-09 15:27:03,2215.0,102.56646869079816
2024-05-09 15:27:04,2216.0,102.80627256744049
2024-05-09 15:27:05,2217.0,103.04521266456818
2024-05-09 15:27:06,2218.0,103.28251395429488
2024-05-09 15:27:07,2219.0,103.51740140873427
2024-05-09 15:27:08,2220.0,103.7491
2024-05-09 15:27:09,2221.0,103.98263123092885
2024-05-09 15:27:10,2222.0,104.2235412364347
2024-05-09 15:27:11,2223.0,104.47184193674688
2024-05-09 15:27:12,2224.0,104.72754525209477
2024-05-09 15:27:13,2225.0,104.99066310270769
2024-05-09 15:27:14,2226.0,105.26120740881498
2024-05-09 15:27:15,2227.0,105.53919009064597
2024-05-09 15:27:16,2228.0,105.82462306843007
2024-05-09 15:27:17,2229.0,106.11751826239657
2024-05-09 15:27:18,2230.0,106.41788759277483
2024-05-09 15:27:19,2231.0,106.72574297979419
2024-05-09 15:27:20,2232.0,107.04109634368399
2024-05-09 15:27:21,2233.0,107.3639596046736
2024-05-09 15:27:22,2234.0,107.69434468299232
2024-05-09 15:27:23,2235.0,108.03226349886953
2024-05-09 15:27:24,2236.0,108.37772797253459
2024-05-09 15:27:25,2237.0,108.73075002421679
2024-05-09 15:27:26,2238.0,109.09134157414552
2024-05-09 15:27:27,2239.0,109.4595145425501
2024-05-09 15:27:28,2240.0,109.83528084965991
2024-05-09 15:27:29,2241.0,110.21865241570424
2024-05-09 15:27:30,2242.0,110.60964116091249
2024-05-09 15:27:31,2243.0,111.00825900551398
2024-05-09 15:27:32,2244.0,111.41451786973802
2024-05-09 15:27:33,2245.0,111.82842967381403
2024-05-09 15:27:34,2246.0,112.2500063379713
2024-05-09 15:27:35,2247.0,112.67925978243917
2024-05-09 15:27:36,2248.0,113.11620192744702
2024-05-09 15:27:37,2249.0,113.56084469322418
2024-05-09 15:27:38,2250.0,114.0132
2024-05-09 15:27:39,2251.0,114.46538011495761
2024-05-09 15:27:40,2252.0,114.91109520146969
2024-05-09 15:27:41,2253.0,115.35275402404982
2024-05-09 15:27:42,2254.0,115.7927653472115
2024-05-09 15:27:43,2255.0,116.23353793546835
2024-05-09 15:27:44,2256.0,116.67748055333392
2024-05-09 15:27:45,2257.0,117.1270019653218
2024-05-09 15:27:46,2258.0,117.58451093594553
2024-05-09 15:27:47,2259.0,118.05241622971867
2024-05-09 15:27:48,2260.0,118.53312661115481
2024-05-09 15:27:49,2261.0,119.02905084476753
2024-05-09 15:27:50,2262.0,119.54259769507037
2024-05-09 15:27:51,2263.0,120.0761759265769
2024-05-09 15:27:52,2264.0,120.63219430380069
2024-05-09 15:27:53,2265.0,121.2130615912553
2024-05-09 15:27:54,2266.0,121.82118655345434
2024-05-09 15:27:55,2267.0,122.45897795491132
2024-05-09 15:27:56,2268.0,123.12884456013983
2024-05-09 15:27:57,2269.0,123.83319513365345
2024-05-09 15:27:58,2270.0,124.57443843996575
2024-05-09 15:27:59,2271.0,125.35498324359025
2024-05-09 15:28:00,2272.0,126.17723830904056
2024-05-09 15:28:01,2273.0,127.04361240083024
2024-05-09 15:28:02,2274.0,127.95651428347287
2024-05-09 15:28:03,2275.0,128.918352721482
2024-05-09 15:28:04,2276.0,129.9315364793712
2024-05-09 15:28:05,2277.0,130.99847432165402
2024-05-09 15:28:06,2278.0,132.12157501284406
2024-05-09 15:28:07,2279.0,133.30324731745486
2024-05-09 15:28:08,2280.0,134.54590000000002
2024-05-09 15:28:09,2281.0,136.63468185028944
2024-05-09 15:28:10,2282.0,140.27712958901898
2024-05-09 15:28:11,2283.0,145.35923387703093
2024-05-09 15:28:12,2284.0,151.76698537516765
2024-05-09 15:28:13,2285.0,159.38637474427142
2024-05-09 15:28:14,2286.0,168.1033926451847
2024-05-09 15:28:15,2287.0,177.80402973874965
2024-05-09 15:28:16,2288.0,188.37427668580875
2024-05-09 15:28:17,2289.0,199.70012414720426
2024-05-09 15:28:18,2290.0,211.66756278377852
2024-05-09 15:28:19,2291.0,224.1625832563739
2024-05-09 15:28:20,2292.0,237.07117622583274
2024-05-09 15:28:21,2293.0,250.27933235299727
2024-05-09 15:28:22,2294.0,263.67304229871
2024-05-09 15:28:23,2295.0,277.13829672381314
2024-05-09 15:28:24,2296.0,290.561086289149
2024-05-09 15:28:25,2297.0,303.82740165556004
2024-05-09 15:28:26,2298.0,316.82323348388843
2024-05-09 15:28:27,2299.0,329.43457243497664
2024-05-09 15:28:28,2300.0,341.547409169667
2024-05-09 15:28:29,2301.0,353.04773434880184
2024-05-09 15:28:30,2302.0,363.8215386332233
2024-05-09 15:28:31,2303.0,373.75481268377405
2024-05-09 15:28:32,2304.0,382.7335471612961
2024-05-09 15:28:33,2305.0,390.6437327266319
2024-05-09 15:28:34,2306.0,397.3713600406241
2024-05-09 15:28:35,2307.0,402.80241976411446
2024-05-09 15:28:36,2308.0,406.8229025579457
2024-05-09 15:28:37,2309.0,409.3187990829602
2024-05-09 15:28:38,2310.0,410.1760999999999
2024-05-09 15:28:39,2311.0,409.7468266700503
2024-05-09 15:28:40,2312.0,408.49491607437085
2024-05-09 15:28:41,2313.0,406.47423230421543
2024-05-09 15:28:42,2314.0,403.73863945083804
2024-05-09 15:28:43,2315.0,400.3420016054926
2024-05-09 15:28:44,2316.0,396.338182859433
2024-05-09 15:28:45,2317.0,391.7810473039132
2024-05-09 15:28:46,2318.0,386.7244590301871
2024-05-09 15:28:47,2319.0,381.22228212950876
2024-05-09 15:28:48,2320.0,375.32838069313203
2024-05-09 15:28:49,2321.0,369.0966188123108
2024-05-09 15:28:50,2322.0,362.58086057829917
2024-05-09 15:28:51,2323.0,355.8349700823509
2024-05-09 15:28:52,2324.0,348.91281141572
2024-05-09 15:28:53,2325.0,341.8682486696604
2024-05-09 15:28:54,2326.0,334.75514593542596
2024-05-09 15:28:55,2327.0,327.6273673042708
2024-05-09 15:28:56,2328.0,320.53877686744875
2024-05-09 15:28:57,2329.0,313.54323871621375
2024-05-09 15:28:58,2330.0,306.69461694181973
2024-05-09 15:28:59,2331.0,300.0467756355206
2024-05-09 15:29:00,2332.0,293.6535788885704
2024-05-09 15:29:01,2333.0,287.56889079222293
2024-05-09 15:29:02,2334.0,281.8465754377322
2024-05-09 15:29:03,2335.0,276.54049691635225
2024-05-09 15:29:04,2336.0,271.7045193193368
2024-05-09 15:29:05,2337.0,267.3925067379399
2024-05-09 15:29:06,2338.0,263.6583232634156
2024-05-09 15:29:07,2339.0,260.55583298701754
2024-05-09 15:29:08,2340.0,258.1389
2024-05-09 15:29:09,2341.0,256.0913874277972
2024-05-09 15:29:10,2342.0,254.06357472176958
2024-05-09 15:29:11,2343.0,252.05895046206
2024-05-09 15:29:12,2344.0,250.08100322881128
2024-05-09 15:29:13,2345.0,248.13322160216626
2024-05-09 15:29:14,2346.0,246.2190941622677
2024-05-09 15:29:15,2347.0,244.34210948925846
2024-05-09 15:29:16,2348.0,242.50575616328143
2024-05-09 15:29:17,2349.0,240.7135227644793
2024-05-09 15:29:18,2350.0,238.968897872995
2024-05-09 15:29:19,2351.0,237.27537006897137
2024-05-09 15:29:20,2352.0,235.63642793255116
2024-05-09 15:29:21,2353.0,234.05556004387722
2024-05-09 15:29:22,2354.0,232.53625498309242
2024-05-09 15:29:23,2355.0,231.08200133033955
2024-05-09 15:29:24,2356.0,229.69628766576142
2024-05-09 15:29:25,2357.0,228.38260256950088
2024-05-09 15:29:26,2358.0,227.14443462170078
2024-05-09 15:29:27,2359.0,225.98527240250385
2024-05-09 15:29:28,2360.0,224.90860449205306
2024-05-09 15:29:29,2361.0,223.9179194704911
2024-05-09 15:29:30,2362.0,223.01670591796093
2024-05-09 15:29:31,2363.0,222.20845241460523
2024-05-09 15:29:32,2364.0,221.4966475405669
2024-05-09 15:29:33,2365.0,220.88477987598878
2024-05-09 15:29:34,2366.0,220.37633800101372
2024-05-09 15:29:35,2367.0,219.97481049578442
2024-05-09 15:29:36,2368.0,219.68368594044387
2024-05-09 15:29:37,2369.0,219.50645291513476
2024-05-09 15:29:38,2370.0,219.4466
2024-05-09 15:29:39,2371.0,219.47158352592592
2024-05-09 15:29:40,2372.0,219.54426287407406
2024-05-09 15:29:41,2373.0,219.6612312
2024-05-09 15:29:42,2374.0,219.81908165925924
2024-05-09 15:29:43,2375.0,220.0144074074074
2024-05-09 15:29:44,2376.0,220.24380159999998
2024-05-09 15:29:45,2377.0,220.50385739259258
2024-05-09 15:29:46,2378.0,220.7911679407407
2024-05-09 15:29:47,2379.0,221.10232639999998
2024-05-09 15:29:48,2380.0,221.4339259259259
2024-05-09 15:29:49,2381.0,221.78255967407407
2024-05-09 15:29:50,2382.0,222.14482079999996
2024-05-09 15:29:51,2383.0,222.51730245925924
2024-05-09 15:29:52,2384.0,222.8965978074074
2024-05-09 15:29:53,2385.0,223.27929999999998
2024-05-09 15:29:54,2386.0,223.66200219259258
2024-05-09 15:29:55,2387.0,224.04129754074071
2024-05-09 15:29:56,2388.0,224.41377919999996
2024-05-09 15:29:57,2389.0,224.7760403259259
2024-05-09 15:29:58,2390.0,225.12467407407405
2024-05-09 15:29:59,2391.0,225.45627359999997
2024-05-09 15:30:00,2392.0,225.76743205925922
2024-05-09 15:30:01,2393.0,226.05474260740738
2024-05-09 15:30:02,2394.0,226.31479839999994
2024-05-09 15:30:03,2395.0,226.54419259259254
2024-05-09 15:30:04,2396.0,226.73951834074072
2024-05-09 15:30:05,2397.0,226.89736879999998
2024-05-09 15:30:06,2398.0,227.0143371259259
2024-05-09 15:30:07,2399.0,227.08701647407403
2024-05-09 15:30:08,2400.0,227.11199999999997
2024-05-09 15:30:09,2401.0,227.05628850370368
2024-05-09 15:30:10,2402.0,226.89421869629626
2024-05-09 15:30:11,2403.0,226.63338759999996
2024-05-09 15:30:12,2404.0,226.281392237037
2024-05-09 15:30:13,2405.0,225.8458296296296
2024-05-09 15:30:14,2406.0,225.33429679999995
2024-05-09 15:30:15,2407.0,224.75439077037035
2024-05-09 15:30:16,2408.0,224.11370856296293
2024-05-09 15:30:17,2409.0,223.4198472
2024-05-09 15:30:18,2410.0,222.68040370370366
2024-05-09 15:30:19,2411.0,221.90297509629627
2024-05-09 15:30:20,2412.0,221.09515839999997
2024-05-09 15:30:21,2413.0,220.26455063703702
2024-05-09 15:30:22,2414.0,219.4187488296296
2024-05-09 15:30:23,2415.0,218.56535
2024-05-09 15:30:24,2416.0,217.71195117037036
2024-05-09 15:30:25,2417.0,216.86614936296294
2024-05-09 15:30:26,2418.0,216.0355416
2024-05-09 15:30:27,2419.0,215.2277249037037
2024-05-09 15:30:28,2420.0,214.45029629629627
2024-05-09 15:30:29,2421.0,213.71085279999997
2024-05-09 15:30:30,2422.0,213.01699143703703
2024-05-09 15:30:31,2423.0,212.3763092296296
2024-05-09 15:30:32,2424.0,211.7964032
2024-05-09 15:30:33,2425.0,211.28487037037036
2024-05-09 15:30:34,2426.0,210.84930776296295
2024-05-09 15:30:35,2427.0,210.4973124
2024-05-09 15:30:36,2428.0,210.2364813037037
2024-05-09 15:30:37,2429.0,210.0744114962963
2024-05-09 15:30:38,2430.0,210.0187
2024-05-09 15:30:39,2431.0,210.05143502222222
2024-05-09 15:30:40,2432.0,210.14666417777778
2024-05-09 15:30:41,2433.0,210.2999236
2024-05-09 15:30:42,2434.0,210.5067494222222
2024-05-09 15:30:43,2435.0,210.76267777777778
2024-05-09 15:30:44,2436.0,211.06324479999998
2024-05-09 15:30:45,2437.0,211.40398662222222
2024-05-09 15:30:46,2438.0,211.78043937777778
2024-05-09 15:30:47,2439.0,212.1881392
2024-05-09 15:30:48,2440.0,212.62262222222222
2024-05-09 15:30:49,2441.0,213.0794245777778
2024-05-09 15:30:50,2442.0,213.5540824
2024-05-09 15:30:51,2443.0,214.04213182222225
2024-05-09 15:30:52,2444.0,214.5391089777778
2024-05-09 15:30:53,2445.0,215.04055
2024-05-09 15:30:54,2446.0,215.54199102222225
2024-05-09 15:30:55,2447.0,216.0389681777778
2024-05-09 15:30:56,2448.0,216.52701760000002
2024-05-09 15:30:57,2449.0,217.00167542222226
2024-05-09 15:30:58,2450.0,217.4584777777778
2024-05-09 15:30:59,2451.0,217.8929608
2024-05-09 15:31:00,2452.0,218.30066062222224
2024-05-09 15:31:01,2453.0,218.6771133777778
2024-05-09 15:31:02,2454.0,219.01785520000004
2024-05-09 15:31:03,2455.0,219.31842222222224
2024-05-09 15:31:04,2456.0,219.5743505777778
2024-05-09 15:31:05,2457.0,219.78117640000002
2024-05-09 15:31:06,2458.0,219.93443582222224
2024-05-09 15:31:07,2459.0,220.0296649777778
2024-05-09 15:31:08,2460.0,220.06240000000003
2024-05-09 15:31:09,2461.0,220.05738121801065
2024-05-09 15:31:10,2462.0,220.04259340902195
2024-05-09 15:31:11,2463.0,220.01843937850293
2024-05-09 15:31:12,2464.0,219.98532193192273
2024-05-09 15:31:13,2465.0,219.9436438747503
2024-05-09 15:31:14,2466.0,219.89380801245483
2024-05-09 15:31:15,2467.0,219.8362171505053
2024-05-09 15:31:16,2468.0,219.7712740943708
2024-05-09 15:31:17,2469.0,219.6993816495204
2024-05-09 15:31:18,2470.0,219.62094262142315
2024-05-09 15:31:19,2471.0,219.53635981554814
2024-05-09 15:31:20,2472.0,219.4460360373644
2024-05-09 15:31:21,2473.0,219.350374092341
2024-05-09 15:31:22,2474.0,219.24977678594706
2024-05-09 15:31:23,2475.0,219.14464692365155
2024-05-09 15:31:24,2476.0,219.0353873109236
2024-05-09 15:31:25,2477.0,218.92240075323224
2024-05-09 15:31:26,2478.0,218.80609005604657
2024-05-09 15:31:27,2479.0,218.68685802483563
2024-05-09 15:31:28,2480.0,218.56510746506848
2024-05-09 15:31:29,2481.0,218.4412411822142
2024-05-09 15:31:30,2482.0,218.31566198174187
2024-05-09 15:31:31,2483.0,218.1887726691205
2024-05-09 15:31:32,2484.0,218.0609760498192
2024-05-09 15:31:33,2485.0,217.93267492930698
2024-05-09 15:31:34,2486.0,217.80427211305297
2024-05-09 15:31:35,2487.0,217.67617040652618
2024-05-09 15:31:36,2488.0,217.54877261519573
2024-05-09 15:31:37,2489.0,217.42248154453063
2024-05-09 15:31:38,2490.0,217.2977
2024-05-09 15:31:39,2491.0,217.16385935467721
2024-05-09 15:31:40,2492.0,217.01119540933135
2024-05-09 15:31:41,2493.0,216.84131761097453
2024-05-09 15:31:42,2494.0,216.65583540661902
2024-05-09 15:31:43,2495.0,216.45635824327718
2024-05-09 15:31:44,2496.0,216.24449556796117
2024-05-09 15:31:45,2497.0,216.02185682768325
2024-05-09 15:31:46,2498.0,215.79005146945573
2024-05-09 15:31:47,2499.0,215.55068894029085
2024-05-09 15:31:48,2500.0,215.30537868720086
2024-05-09 15:31:49,2501.0,215.05573015719796
2024-05-09 15:31:50,2502.0,214.80335279729448
2024-05-09 15:31:51,2503.0,214.54985605450264
2024-05-09 15:31:52,2504.0,214.29684937583474
2024-05-09 15:31:53,2505.0,214.04594220830296
2024-05-09 15:31:54,2506.0,213.79874399891963
2024-05-09 15:31:55,2507.0,213.55686419469697
2024-05-09 15:31:56,2508.0,213.32191224264722
2024-05-09 15:31:57,2509.0,213.09549758978267
2024-05-09 15:31:58,2510.0,212.87922968311557
2024-05-09 15:31:59,2511.0,212.67471796965813
2024-05-09 15:32:00,2512.0,212.4835718964227
2024-05-09 15:32:01,2513.0,212.30740091042142
2024-05-09 15:32:02,2514.0,212.14781445866663
2024-05-09 15:32:03,2515.0,212.0064219881706
2024-05-09 15:32:04,2516.0,211.88483294594548
2024-05-09 15:32:05,2517.0,211.7846567790036
2024-05-09 15:32:06,2518.0,211.70750293435725
2024-05-09 15:32:07,2519.0,211.65498085901865
2024-05-09 15:32:08,2520.0,211.6287
2024-05-09 15:32:09,2521.0,211.6166853897932
2024-05-09 15:32:10,2522.0,211.60583309170514
2024-05-09 15:32:11,2523.0,211.59605909897104
2024-05-09 15:32:12,2524.0,211.58727940482592
2024-05-09 15:32:13,2525.0,211.57941000250494
2024-05-09 15:32:14,2526.0,211.57236688524318
2024-05-09 15:32:15,2527.0,211.56606604627575
2024-05-09 15:32:16,2528.0,211.56042347883775
2024-05-09 15:32:17,2529.0,211.5553551761643
2024-05-09 15:32:18,2530.0,211.5507771314905
2024-05-09 15:32:19,2531.0,211.5466053380514
2024-05-09 15:32:20,2532.0,211.54275578908218
2024-05-09 15:32:21,2533.0,211.53914447781793
2024-05-09 15:32:22,2534.0,211.53568739749375
2024-05-09 15:32:23,2535.0,211.53230054134468
2024-05-09 15:32:24,2536.0,211.52889990260593
2024-05-09 15:32:25,2537.0,211.52540147451253
2024-05-09 15:32:26,2538.0,211.5217212502996
2024-05-09 15:32:27,2539.0,211.51777522320228
2024-05-09 15:32:28,2540.0,211.51347938645566
2024-05-09 15:32:29,2541.0,211.50874973329476
2024-05-09 15:32:30,2542.0,211.50350225695482
2024-05-09 15:32:31,2543.0,211.49765295067087
2024-05-09 15:32:32,2544.0,211.491117807678
2024-05-09 15:32:33,2545.0,211.48381282121136
2024-05-09 15:32:34,2546.0,211.47565398450604
2024-05-09 15:32:35,2547.0,211.46655729079714
2024-05-09 15:32:36,2548.0,211.45643873331974
2024-05-09 15:32:37,2549.0,211.445214305309
2024-05-09 15:32:38,2550.0,211.4328
2024-05-09 15:32:39,2551.0,211.05478218807565
2024-05-09 15:32:40,2552.0,209.98000304956054
2024-05-09 15:32:41,2553.0,208.25826229170212
2024-05-09 15:32:42,2554.0,205.9393596217478
2024-05-09 15:32:43,2555.0,203.07309474694517
2024-05-09 15:32:44,2556.0,199.7092673745416
2024-05-09 15:32:45,2557.0,195.89767721178458
2024-05-09 15:32:46,2558.0,191.68812396592162
2024-05-09 15:32:47,2559.0,187.13040734420014
2024-05-09 15:32:48,2560.0,182.2743270538676
2024-05-09 15:32:49,2561.0,177.1696828021715
2024-05-09 15:32:50,2562.0,171.86627429635928
2024-05-09 15:32:51,2563.0,166.41390124367848
2024-05-09 15:32:52,2564.0,160.8623633513765
2024-05-09 15:32:53,2565.0,155.26146032670079
2024-05-09 15:32:54,2566.0,149.6609918768989
2024-05-09 15:32:55,2567.0,144.1107577092182
2024-05-09 15:32:56,2568.0,138.66055753090623
2024-05-09 15:32:57,2569.0,133.3601910492104
2024-05-09 15:32:58,2570.0,128.25945797137825
2024-05-09 15:32:59,2571.0,123.40815800465721
2024-05-09 15:33:00,2572.0,118.85609085629473
2024-05-09 15:33:01,2573.0,114.65305623353832
2024-05-09 15:33:02,2574.0,110.84885384363542
2024-05-09 15:33:03,2575.0,107.49328339383351
2024-05-09 15:33:04,2576.0,104.63614459138003
2024-05-09 15:33:05,2577.0,102.3272371435225
2024-05-09 15:33:06,2578.0,100.61636075750829
2024-05-09 15:33:07,2579.0,99.553315140585
2024-05-09 15:33:08,2580.0,99.1879
2024-05-09 15:33:09,2581.0,99.21178153507375
2024-05-09 15:33:10,2582.0,99.28246470250708
2024-05-09 15:33:11,2583.0,99.39850734561806
2024-05-09 15:33:12,2584.0,99.55846730772473
2024-05-09 15:33:13,2585.0,99.7609024321452
2024-05-09 15:33:14,2586.0,100.00437056219752
2024-05-09 15:33:15,2587.0,100.28742954119977
2024-05-09 15:33:16,2588.0,100.60863721247004
2024-05-09 15:33:17,2589.0,100.96655141932636
2024-05-09 15:33:18,2590.0,101.35973000508686
2024-05-09 15:33:19,2591.0,101.78673081306955
2024-05-09 15:33:20,2592.0,102.24611168659257
2024-05-09 15:33:21,2593.0,102.73643046897394
2024-05-09 15:33:22,2594.0,103.25624500353175
2024-05-09 15:33:23,2595.0,103.80411313358407
2024-05-09 15:33:24,2596.0,104.37859270244898
2024-05-09 15:33:25,2597.0,104.97824155344455
2024-05-09 15:33:26,2598.0,105.60161752988886
2024-05-09 15:33:27,2599.0,106.24727847509995
2024-05-09 15:33:28,2600.0,106.91378223239593
2024-05-09 15:33:29,2601.0,107.59968664509486
2024-05-09 15:33:30,2602.0,108.30354955651481
2024-05-09 15:33:31,2603.0,109.02392880997387
2024-05-09 15:33:32,2604.0,109.75938224879009
2024-05-09 15:33:33,2605.0,110.50846771628154
2024-05-09 15:33:34,2606.0,111.26974305576631
2024-05-09 15:33:35,2607.0,112.04176611056246
2024-05-09 15:33:36,2608.0,112.82309472398809
2024-05-09 15:33:37,2609.0,113.61228673936124
2024-05-09 15:33:38,2610.0,114.4079
2024-05-09 15:33:39,2611.0,115.28132464042588
2024-05-09 15:33:40,2612.0,116.29949397649246
2024-05-09 15:33:41,2613.0,117.45428062351586
2024-05-09 15:33:42,2614.0,118.73755719681225
2024-05-09 15:33:43,2615.0,120.14119631169774
2024-05-09 15:33:44,2616.0,121.65707058348849
2024-05-09 15:33:45,2617.0,123.27705262750061
2024-05-09 15:33:46,2618.0,124.99301505905025
2024-05-09 15:33:47,2619.0,126.79683049345357
2024-05-09 15:33:48,2620.0,128.6803715460267
2024-05-09 15:33:49,2621.0,130.63551083208577
2024-05-09 15:33:50,2622.0,132.65412096694686
2024-05-09 15:33:51,2623.0,134.72807456592622
2024-05-09 15:33:52,2624.0,136.84924424433993
2024-05-09 15:33:53,2625.0,139.0095026175041
2024-05-09 15:33:54,2626.0,141.20072230073492
2024-05-09 15:33:55,2627.0,143.41477590934852
2024-05-09 15:33:56,2628.0,145.643536058661
2024-05-09 15:33:57,2629.0,147.87887536398856
2024-05-09 15:33:58,2630.0,150.11266644064727
2024-05-09 15:33:59,2631.0,152.33678190395335
2024-05-09 15:34:00,2632.0,154.5430943692228
2024-05-09 15:34:01,2633.0,156.72347645177192
2024-05-09 15:34:02,2634.0,158.86980076691677
2024-05-09 15:34:03,2635.0,160.97393992997348
2024-05-09 15:34:04,2636.0,163.0277665562582
2024-05-09 15:34:05,2637.0,165.0231532610871
2024-05-09 15:34:06,2638.0,166.95197265977626
2024-05-09 15:34:07,2639.0,168.80609736764185
2024-05-09 15:34:08,2640.0,170.5774
2024-05-09 15:34:09,2641.0,172.28883934737775
2024-05-09 15:34:10,2642.0,173.97039264574002
2024-05-09 15:34:11,2643.0,175.62446017855976
2024-05-09 15:34:12,2644.0,177.25344222931005
2024-05-09 15:34:13,2645.0,178.8597390814638
2024-05-09 15:34:14,2646.0,180.44575101849415
2024-05-09 15:34:15,2647.0,182.01387832387402
2024-05-09 15:34:16,2648.0,183.56652128107646
2024-05-09 15:34:17,2649.0,185.10608017357444
2024-05-09 15:34:18,2650.0,186.634955284841
2024-05-09 15:34:19,2651.0,188.15554689834906
2024-05-09 15:34:20,2652.0,189.67025529757177
2024-05-09 15:34:21,2653.0,191.18148076598203
2024-05-09 15:34:22,2654.0,192.6916235870529
2024-05-09 15:34:23,2655.0,194.20308404425734
2024-05-09 15:34:24,2656.0,195.71826242106835
2024-05-09 15:34:25,2657.0,197.239559000959
2024-05-09 15:34:26,2658.0,198.76937406740228
2024-05-09 15:34:27,2659.0,200.31010790387117
2024-05-09 15:34:28,2660.0,201.8641607938387
2024-05-09 15:34:29,2661.0,203.43393302077786
2024-05-09 15:34:30,2662.0,205.02182486816164
2024-05-09 15:34:31,2663.0,206.63023661946312
2024-05-09 15:34:32,2664.0,208.26156855815523
2024-05-09 15:34:33,2665.0,209.918220967711
2024-05-09 15:34:34,2666.0,211.60259413160344
2024-05-09 15:34:35,2667.0,213.31708833330552
2024-05-09 15:34:36,2668.0,215.06410385629036
2024-05-09 15:34:37,2669.0,216.84604098403082
2024-05-09 15:34:38,2670.0,218.66530000000003
2024-05-09 15:34:39,2671.0,220.51059660435013
2024-05-09 15:34:40,2672.0,222.3695972360008
2024-05-09 15:34:41,2673.0,224.24312828657608
2024-05-09 15:34:42,2674.0,226.13201614770003
2024-05-09 15:34:43,2675.0,228.03708721099676
2024-05-09 15:34:44,2676.0,229.95916786809036
2024-05-09 15:34:45,2677.0,231.89908451060487
2024-05-09 15:34:46,2678.0,233.85766353016442
2024-05-09 15:34:47,2679.0,235.83573131839304
2024-05-09 15:34:48,2680.0,237.83411426691484
2024-05-09 15:34:49,2681.0,239.85363876735389
2024-05-09 15:34:50,2682.0,241.8951312113343
2024-05-09 15:34:51,2683.0,243.9594179904801
2024-05-09 15:34:52,2684.0,246.04732549641537
2024-05-09 15:34:53,2685.0,248.15968012076422
2024-05-09 15:34:54,2686.0,250.29730825515074
2024-05-09 15:34:55,2687.0,252.46103629119898
2024-05-09 15:34:56,2688.0,254.65169062053306
2024-05-09 15:34:57,2689.0,256.870097634777
2024-05-09 15:34:58,2690.0,259.1170837255549
2024-05-09 15:34:59,2691.0,261.39347528449093
2024-05-09 15:35:00,2692.0,263.700098703209
2024-05-09 15:35:01,2693.0,266.0377803733333
2024-05-09 15:35:02,2694.0,268.40734668648787
2024-05-09 15:35:03,2695.0,270.80962403429686
2024-05-09 15:35:04,2696.0,273.2454388083843
2024-05-09 15:35:05,2697.0,275.71561740037424
2024-05-09 15:35:06,2698.0,278.22098620189075
2024-05-09 15:35:07,2699.0,280.7623716045581
2024-05-09 15:35:08,2700.0,283.34060000000005
2024-05-09 15:35:09,2701.0,285.979924415843
2024-05-09 15:35:10,2702.0,288.7012700608069
2024-05-09 15:35:11,2703.0,291.50047159815733
2024-05-09 15:35:12,2704.0,294.3733636911594
2024-05-09 15:35:13,2705.0,297.3157810030784
2024-05-09 15:35:14,2706.0,300.32355819717975
2024-05-09 15:35:15,2707.0,303.39252993672847
2024-05-09 15:35:16,2708.0,306.51853088499
2024-05-09 15:35:17,2709.0,309.69739570522955
2024-05-09 15:35:18,2710.0,312.9249590607125
2024-05-09 15:35:19,2711.0,316.19705561470414
2024-05-09 15:35:20,2712.0,319.5095200304695
2024-05-09 15:35:21,2713.0,322.85818697127416
2024-05-09 15:35:22,2714.0,326.23889110038317
2024-05-09 15:35:23,2715.0,329.647467081062
2024-05-09 15:35:24,2716.0,333.0797495765758
2024-05-09 15:35:25,2717.0,336.53157325018987
2024-05-09 15:35:26,2718.0,339.9987727651695
2024-05-09 15:35:27,2719.0,343.47718278478
2024-05-09 15:35:28,2720.0,346.9626379722866
2024-05-09 15:35:29,2721.0,350.45097299095465
2024-05-09 15:35:30,2722.0,353.93802250404923
2024-05-09 15:35:31,2723.0,357.41962117483587
2024-05-09 15:35:32,2724.0,360.8916036665797
2024-05-09 15:35:33,2725.0,364.3498046425461
2024-05-09 15:35:34,2726.0,367.7900587660002
2024-05-09 15:35:35,2727.0,371.2082007002073
2024-05-09 15:35:36,2728.0,374.6000651084329
2024-05-09 15:35:37,2729.0,377.961486653942
2024-05-09 15:35:38,2730.0,381.28830000000005
2024-05-09 15:35:39,2731.0,384.59547683177226
2024-05-09 15:35:40,2732.0,387.90109986321437
2024-05-09 15:35:41,2733.0,391.2056703007772
2024-05-09 15:35:42,2734.0,394.5096893509116
2024-05-09 15:35:43,2735.0,397.81365822006836
2024-05-09 15:35:44,2736.0,401.11807811469845
2024-05-09 15:35:45,2737.0,404.42345024125257
2024-05-09 15:35:46,2738.0,407.7302758061817
2024-05-09 15:35:47,2739.0,411.03905601593664
2024-05-09 15:35:48,2740.0,414.3502920769682
2024-05-09 15:35:49,2741.0,417.66448519572725
2024-05-09 15:35:50,2742.0,420.9821365786646
2024-05-09 15:35:51,2743.0,424.3037474322312
2024-05-09 15:35:52,2744.0,427.62981896287783
2024-05-09 15:35:53,2745.0,430.9608523770553
2024-05-09 15:35:54,2746.0,434.2973488812146
2024-05-09 15:35:55,2747.0,437.6398096818064
2024-05-09 15:35:56,2748.0,440.9887359852816
2024-05-09 15:35:57,2749.0,444.3446289980912
2024-05-09 15:35:58,2750.0,447.7079899266858
2024-05-09 15:35:59,2751.0,451.07931997751643
2024-05-09 15:36:00,2752.0,454.4591203570338
2024-05-09 15:36:01,2753.0,457.84789227168886
2024-05-09 15:36:02,2754.0,461.2461369279324
2024-05-09 15:36:03,2755.0,464.6543555322154
2024-05-09 15:36:04,2756.0,468.0730492909885
2024-05-09 15:36:05,2757.0,471.5027194107027
2024-05-09 15:36:06,2758.0,474.9438670978088
2024-05-09 15:36:07,2759.0,478.39699355875763
2024-05-09 15:36:08,2760.0,481.8626
2024-05-09 15:36:09,2761.0,485.45904185963707
2024-05-09 15:36:10,2762.0,489.28776814258134
2024-05-09 15:36:11,2763.0,493.3239204055009
2024-05-09 15:36:12,2764.0,497.5426402050638
2024-05-09 15:36:13,2765.0,501.919069097938
2024-05-09 15:36:14,2766.0,506.4283486407916
2024-05-09 15:36:15,2767.0,511.0456203902926
2024-05-09 15:36:16,2768.0,515.7460259031092
2024-05-09 15:36:17,2769.0,520.504706735909
2024-05-09 15:36:18,2770.0,525.2968044453607
2024-05-09 15:36:19,2771.0,530.0974605881319
2024-05-09 15:36:20,2772.0,534.8818167208906
2024-05-09 15:36:21,2773.0,539.625014400305
2024-05-09 15:36:22,2774.0,544.3021951830433
2024-05-09 15:36:23,2775.0,548.8885006257731
2024-05-09 15:36:24,2776.0,553.3590722851628
2024-05-09 15:36:25,2777.0,557.6890517178805
2024-05-09 15:36:26,2778.0,561.8535804805938
2024-05-09 15:36:27,2779.0,565.827800129971
2024-05-09 15:36:28,2780.0,569.5868522226802
2024-05-09 15:36:29,2781.0,573.1058783153896
2024-05-09 15:36:30,2782.0,576.360019964767
2024-05-09 15:36:31,2783.0,579.3244187274803
2024-05-09 15:36:32,2784.0,581.974216160198
2024-05-09 15:36:33,2785.0,584.2845538195876
2024-05-09 15:36:34,2786.0,586.2305732623175
2024-05-09 15:36:35,2787.0,587.7874160450558
2024-05-09 15:36:36,2788.0,588.9302237244701
2024-05-09 15:36:37,2789.0,589.634137857229
2024-05-09 15:36:38,2790.0,589.8743000000001
2024-05-09 15:36:39,2791.0,589.8707663111112
2024-05-09 15:36:40,2792.0,589.8604864888889
2024-05-09 15:36:41,2793.0,589.8439424000001
2024-05-09 15:36:42,2794.0,589.8216159111112
2024-05-09 15:36:43,2795.0,589.793988888889
2024-05-09 15:36:44,2796.0,589.7615432000001
2024-05-09 15:36:45,2797.0,589.7247607111111
2024-05-09 15:36:46,2798.0,589.6841232888889
2024-05-09 15:36:47,2799.0,589.6401128000001
2024-05-09 15:36:48,2800.0,589.5932111111111
2024-05-09 15:36:49,2801.0,589.543900088889
2024-05-09 15:36:50,2802.0,589.4926616000001
2024-05-09 15:36:51,2803.0,589.4399775111111
2024-05-09 15:36:52,2804.0,589.386329688889
2024-05-09 15:36:53,2805.0,589.3322000000001
2024-05-09 15:36:54,2806.0,589.2780703111112
2024-05-09 15:36:55,2807.0,589.224422488889
2024-05-09 15:36:56,2808.0,589.1717384000001
2024-05-09 15:36:57,2809.0,589.1204999111111
2024-05-09 15:36:58,2810.0,589.071188888889
2024-05-09 15:36:59,2811.0,589.0242872
2024-05-09 15:37:00,2812.0,588.9802767111112
2024-05-09 15:37:01,2813.0,588.9396392888889
2024-05-09 15:37:02,2814.0,588.9028568
2024-05-09 15:37:03,2815.0,588.8704111111113
2024-05-09 15:37:04,2816.0,588.842784088889
2024-05-09 15:37:05,2817.0,588.8204576
2024-05-09 15:37:06,2818.0,588.8039135111111
2024-05-09 15:37:07,2819.0,588.7936336888889
2024-05-09 15:37:08,2820.0,588.7901
2024-05-09 15:37:09,2821.0,589.4193847407408
2024-05-09 15:37:10,2822.0,591.2500312592593
2024-05-09 15:37:11,2823.0,594.196228
2024-05-09 15:37:12,2824.0,598.1721634074074
2024-05-09 15:37:13,2825.0,603.0920259259259
2024-05-09 15:37:14,2826.0,608.8700040000001
2024-05-09 15:37:15,2827.0,615.4202860740742
2024-05-09 15:37:16,2828.0,622.6570605925926
2024-05-09 15:37:17,2829.0,630.494516
2024-05-09 15:37:18,2830.0,638.8468407407407
2024-05-09 15:37:19,2831.0,647.6282232592592
2024-05-09 15:37:20,2832.0,656.7528520000001
2024-05-09 15:37:21,2833.0,666.1349154074074
2024-05-09 15:37:22,2834.0,675.6886019259259
2024-05-09 15:37:23,2835.0,685.3281
2024-05-09 15:37:24,2836.0,694.9675980740741
2024-05-09 15:37:25,2837.0,704.5212845925927
2024-05-09 15:37:26,2838.0,713.903348
2024-05-09 15:37:27,2839.0,723.0279767407408
2024-05-09 15:37:28,2840.0,731.8093592592593
2024-05-09 15:37:29,2841.0,740.161684
2024-05-09 15:37:30,2842.0,747.9991394074075
2024-05-09 15:37:31,2843.0,755.2359139259258
2024-05-09 15:37:32,2844.0,761.786196
2024-05-09 15:37:33,2845.0,767.564174074074
2024-05-09 15:37:34,2846.0,772.4840365925926
2024-05-09 15:37:35,2847.0,776.4599719999999
2024-05-09 15:37:36,2848.0,779.4061687407409
2024-05-09 15:37:37,2849.0,781.2368152592594
2024-05-09 15:37:38,2850.0,781.8661
2024-05-09 15:37:39,2851.0,779.7578258222222
2024-05-09 15:37:40,2852.0,773.6246645777777
2024-05-09 15:37:41,2853.0,763.7541082
2024-05-09 15:37:42,2854.0,750.4336486222222
2024-05-09 15:37:43,2855.0,733.9507777777777
2024-05-09 15:37:44,2856.0,714.5929875999999
2024-05-09 15:37:45,2857.0,692.6477700222222
2024-05-09 15:37:46,2858.0,668.4026169777777
2024-05-09 15:37:47,2859.0,642.1450204
2024-05-09 15:37:48,2860.0,614.1624722222223
2024-05-09 15:37:49,2861.0,584.7424643777779
2024-05-09 15:37:50,2862.0,554.1724888
2024-05-09 15:37:51,2863.0,522.7400374222223
2024-05-09 15:37:52,2864.0,490.7326021777778
2024-05-09 15:37:53,2865.0,458.437675
2024-05-09 15:37:54,2866.0,426.14274782222225
2024-05-09 15:37:55,2867.0,394.1353125777778
2024-05-09 15:37:56,2868.0,362.7028612000001
2024-05-09 15:37:57,2869.0,332.13288562222226
2024-05-09 15:37:58,2870.0,302.7128777777778
2024-05-09 15:37:59,2871.0,274.73032960000006
2024-05-09 15:38:00,2872.0,248.47273302222226
2024-05-09 15:38:01,2873.0,224.22757997777785
2024-05-09 15:38:02,2874.0,202.2823624
2024-05-09 15:38:03,2875.0,182.9245722222222
2024-05-09 15:38:04,2876.0,166.44170137777792
2024-05-09 15:38:05,2877.0,153.1212417999999
2024-05-09 15:38:06,2878.0,143.2506854222222
2024-05-09 15:38:07,2879.0,137.1175241777778
2024-05-09 15:38:08,2880.0,135.00925
2024-05-09 15:38:09,2881.0,135.27633997237396
2024-05-09 15:38:10,2882.0,136.05544357146715
2024-05-09 15:38:11,2883.0,137.31331132023675
2024-05-09 15:38:12,2884.0,139.01669374163987
2024-05-09 15:38:13,2885.0,141.1323413586336
2024-05-09 15:38:14,2886.0,143.6270046941751
2024-05-09 15:38:15,2887.0,146.46743427122144
2024-05-09 15:38:16,2888.0,149.62038061272978
2024-05-09 15:38:17,2889.0,153.05259424165718
2024-05-09 15:38:18,2890.0,156.73082568096086
2024-05-09 15:38:19,2891.0,160.6218254535978
2024-05-09 15:38:20,2892.0,164.69234408252524
2024-05-09 15:38:21,2893.0,168.90913209070024
2024-05-09 15:38:22,2894.0,173.23894000107992
2024-05-09 15:38:23,2895.0,177.64851833662144
2024-05-09 15:38:24,2896.0,182.10461762028183
2024-05-09 15:38:25,2897.0,186.57398837501827
2024-05-09 15:38:26,2898.0,191.02338112378789
2024-05-09 15:38:27,2899.0,195.41954638954775
2024-05-09 15:38:28,2900.0,199.729234695255
2024-05-09 15:38:29,2901.0,203.91919656386676
2024-05-09 15:38:30,2902.0,207.9561825183402
2024-05-09 15:38:31,2903.0,211.80694308163228
2024-05-09 15:38:32,2904.0,215.43822877670033
2024-05-09 15:38:33,2905.0,218.81679012650136
2024-05-09 15:38:34,2906.0,221.90937765399235
2024-05-09 15:38:35,2907.0,224.68274188213064
2024-05-09 15:38:36,2908.0,227.10363333387332
2024-05-09 15:38:37,2909.0,229.13880253217735
2024-05-09 15:38:38,2910.0,230.755
2024-05-09 15:38:39,2911.0,232.14646094930413
2024-05-09 15:38:40,2912.0,233.52785118464521
2024-05-09 15:38:41,2913.0,234.89656711786932
2024-05-09 15:38:42,2914.0,236.25000516082244
2024-05-09 15:38:43,2915.0,237.58556172535052
2024-05-09 15:38:44,2916.0,238.90063322329965
2024-05-09 15:38:45,2917.0,240.19261606651582
2024-05-09 15:38:46,2918.0,241.458906666845
2024-05-09 15:38:47,2919.0,242.6969014361332
2024-05-09 15:38:48,2920.0,243.9039967862265
2024-05-09 15:38:49,2921.0,245.07758912897074
2024-05-09 15:38:50,2922.0,246.21507487621213
2024-05-09 15:38:51,2923.0,247.31385043979654
2024-05-09 15:38:52,2924.0,248.37131223157002
2024-05-09 15:38:53,2925.0,249.3848566633786
2024-05-09 15:38:54,2926.0,250.35188014706824
2024-05-09 15:38:55,2927.0,251.26977909448493
2024-05-09 15:38:56,2928.0,252.13594991747476
2024-05-09 15:38:57,2929.0,252.94778902788366
2024-05-09 15:38:58,2930.0,253.70269283755772
2024-05-09 15:38:59,2931.0,254.39805775834284
2024-05-09 15:39:00,2932.0,255.03128020208501
2024-05-09 15:39:01,2933.0,255.59975658063047
2024-05-09 15:39:02,2934.0,256.10088330582494
2024-05-09 15:39:03,2935.0,256.53205678951457
2024-05-09 15:39:04,2936.0,256.8906734435453
2024-05-09 15:39:05,2937.0,257.17412967976327
2024-05-09 15:39:06,2938.0,257.37982191001436
2024-05-09 15:39:07,2939.0,257.5051465461446
2024-05-09 15:39:08,2940.0,257.5475
2024-05-09 15:39:09,2941.0,257.54190352592593
2024-05-09 15:39:10,2942.0,257.5256228740741
2024-05-09 15:39:11,2943.0,257.49942120000003
2024-05-09 15:39:12,2944.0,257.46406165925924
2024-05-09 15:39:13,2945.0,257.4203074074074
2024-05-09 15:39:14,2946.0,257.3689216
2024-05-09 15:39:15,2947.0,257.3106673925926
2024-05-09 15:39:16,2948.0,257.2463079407408
2024-05-09 15:39:17,2949.0,257.1766064
2024-05-09 15:39:18,2950.0,257.102325925926
2024-05-09 15:39:19,2951.0,257.0242296740741
2024-05-09 15:39:20,2952.0,256.9430808
2024-05-09 15:39:21,2953.0,256.85964245925925
2024-05-09 15:39:22,2954.0,256.7746778074074
2024-05-09 15:39:23,2955.0,256.68895
2024-05-09 15:39:24,2956.0,256.60322219259257
2024-05-09 15:39:25,2957.0,256.5182575407407
2024-05-09 15:39:26,2958.0,256.4348192
2024-05-09 15:39:27,2959.0,256.3536703259259
2024-05-09 15:39:28,2960.0,256.27557407407403
2024-05-09 15:39:29,2961.0,256.2012936
2024-05-09 15:39:30,2962.0,256.1315920592592
2024-05-09 15:39:31,2963.0,256.0672326074074
2024-05-09 15:39:32,2964.0,256.0089784
2024-05-09 15:39:33,2965.0,255.95759259259256
2024-05-09 15:39:34,2966.0,255.9138383407407
2024-05-09 15:39:35,2967.0,255.87847879999998
2024-05-09 15:39:36,2968.0,255.8522771259259
2024-05-09 15:39:37,2969.0,255.83599647407405
2024-05-09 15:39:38,2970.0,255.83039999999997
2024-05-09 15:39:39,2971.0,255.8342772148148
2024-05-09 15:39:40,2972.0,255.84555638518515
2024-05-09 15:39:41,2973.0,255.86370879999996
2024-05-09 15:39:42,2974.0,255.88820574814812
2024-05-09 15:39:43,2975.0,255.91851851851848
2024-05-09 15:39:44,2976.0,255.95411839999997
2024-05-09 15:39:45,2977.0,255.99447668148147
2024-05-09 15:39:46,2978.0,256.0390646518518
2024-05-09 15:39:47,2979.0,256.0873536
2024-05-09 15:39:48,2980.0,256.1388148148148
2024-05-09 15:39:49,2981.0,256.19291958518517
2024-05-09 15:39:50,2982.0,256.24913919999995
2024-05-09 15:39:51,2983.0,256.30694494814816
2024-05-09 15:39:52,2984.0,256.3658081185185
2024-05-09 15:39:53,2985.0,256.4252
2024-05-09 15:39:54,2986.0,256.48459188148144
2024-05-09 15:39:55,2987.0,256.5434550518518
2024-05-09 15:39:56,2988.0,256.6012608
2024-05-09 15:39:57,2989.0,256.6574804148148
2024-05-09 15:39:58,2990.0,256.71158518518513
2024-05-09 15:39:59,2991.0,256.7630464
2024-05-09 15:40:00,2992.0,256.81133534814813
2024-05-09 15:40:01,2993.0,256.85592331851853
2024-05-09 15:40:02,2994.0,256.89628159999995
2024-05-09 15:40:03,2995.0,256.93188148148147
2024-05-09 15:40:04,2996.0,256.9621942518518
2024-05-09 15:40:05,2997.0,256.9866912
2024-05-09 15:40:06,2998.0,257.0048436148148
2024-05-09 15:40:07,2999.0,257.0161227851852
2024-05-09 15:40:08,3000.0,257.02
2024-05-09 15:40:09,3001.0,257.01949253333333
2024-05-09 15:40:10,3002.0,257.0180162666667
2024-05-09 15:40:11,3003.0,257.0156404
2024-05-09 15:40:12,3004.0,257.01243413333333
2024-05-09 15:40:13,3005.0,257.00846666666666
2024-05-09 15:40:14,3006.0,257.0038072
2024-05-09 15:40:15,3007.0,256.99852493333333
2024-05-09 15:40:16,3008.0,256.9926890666667
2024-05-09 15:40:17,3009.0,256.9863688
2024-05-09 15:40:18,3010.0,256.9796333333333
2024-05-09 15:40:19,3011.0,256.97255186666666
2024-05-09 15:40:20,3012.0,256.9651936
2024-05-09 15:40:21,3013.0,256.95762773333337
2024-05-09 15:40:22,3014.0,256.94992346666663
2024-05-09 15:40:23,3015.0,256.94215
2024-05-09 15:40:24,3016.0,256.9343765333333
2024-05-09 15:40:25,3017.0,256.9266722666667
2024-05-09 15:40:26,3018.0,256.91910640000003
2024-05-09 15:40:27,3019.0,256.91174813333333
2024-05-09 15:40:28,3020.0,256.9046666666667
2024-05-09 15:40:29,3021.0,256.8979312
2024-05-09 15:40:30,3022.0,256.89161093333337
2024-05-09 15:40:31,3023.0,256.8857750666667
2024-05-09 15:40:32,3024.0,256.8804928
2024-05-09 15:40:33,3025.0,256.87583333333333
2024-05-09 15:40:34,3026.0,256.87186586666667
2024-05-09 15:40:35,3027.0,256.86865960000006
2024-05-09 15:40:36,3028.0,256.8662837333334
2024-05-09 15:40:37,3029.0,256.86480746666666
2024-05-09 15:40:38,3030.0,256.8643
2024-05-09 15:40:39,3031.0,256.9435194814137
2024-05-09 15:40:40,3032.0,257.1771280968009
2024-05-09 15:40:41,3033.0,257.5590511028805
2024-05-09 15:40:42,3034.0,258.08321375637155
2024-05-09 15:40:43,3035.0,258.74354131399303
2024-05-09 15:40:44,3036.0,259.53395903246394
2024-05-09 15:40:45,3037.0,260.44839216850335
2024-05-09 15:40:46,3038.0,261.48076597883016
2024-05-09 15:40:47,3039.0,262.6250057201634
2024-05-09 15:40:48,3040.0,263.8750366492221
2024-05-09 15:40:49,3041.0,265.22478402272526
2024-05-09 15:40:50,3042.0,266.66817309739184
2024-05-09 15:40:51,3043.0,268.1991291299409
2024-05-09 15:40:52,3044.0,269.8115773770914
2024-05-09 15:40:53,3045.0,271.4994430955623
2024-05-09 15:40:54,3046.0,273.2566515420727
2024-05-09 15:40:55,3047.0,275.0771279733415
2024-05-09 15:40:56,3048.0,276.9547976460878
2024-05-09 15:40:57,3049.0,278.8835858170305
2024-05-09 15:40:58,3050.0,280.85741774288863
2024-05-09 15:40:59,3051.0,282.8702186803813
2024-05-09 15:41:00,3052.0,284.9159138862274
2024-05-09 15:41:01,3053.0,286.9884286171458
2024-05-09 15:41:02,3054.0,289.0816881298558
2024-05-09 15:41:03,3055.0,291.1896176810762
2024-05-09 15:41:04,3056.0,293.30614252752605
2024-05-09 15:41:05,3057.0,295.4251879259244
2024-05-09 15:41:06,3058.0,297.5406791329901
2024-05-09 15:41:07,3059.0,299.64654140544235
2024-05-09 15:41:08,3060.0,301.7367
2024-05-09 15:41:09,3061.0,304.0144961056687
2024-05-09 15:41:10,3062.0,306.66621295589874
2024-05-09 15:41:11,3063.0,309.6601888740756
2024-05-09 15:41:12,3064.0,312.96476218358504
2024-05-09 15:41:13,3065.0,316.54827120781266
2024-05-09 15:41:14,3066.0,320.3790542701442
2024-05-09 15:41:15,3067.0,324.4254496939652
2024-05-09 15:41:16,3068.0,328.65579580266154
2024-05-09 15:41:17,3069.0,333.0384309196187
2024-05-09 15:41:18,3070.0,337.5416933682224
2024-05-09 15:41:19,3071.0,342.1339214718584
2024-05-09 15:41:20,3072.0,346.7834535539122
2024-05-09 15:41:21,3073.0,351.45862793776956
2024-05-09 15:41:22,3074.0,356.12778294681624
2024-05-09 15:41:23,3075.0,360.75925690443773
2024-05-09 15:41:24,3076.0,365.3213881340197
2024-05-09 15:41:25,3077.0,369.782514958948
2024-05-09 15:41:26,3078.0,374.11097570260813
2024-05-09 15:41:27,3079.0,378.27510868838584
2024-05-09 15:41:28,3080.0,382.24325223966684
2024-05-09 15:41:29,3081.0,385.9837446798366
2024-05-09 15:41:30,3082.0,389.46492433228093
2024-05-09 15:41:31,3083.0,392.65512952038563
2024-05-09 15:41:32,3084.0,395.52269856753605
2024-05-09 15:41:33,3085.0,398.03596979711807
2024-05-09 15:41:34,3086.0,400.1632815325174
2024-05-09 15:41:35,3087.0,401.8729720971196
2024-05-09 15:41:36,3088.0,403.1333798143103
2024-05-09 15:41:37,3089.0,403.9128430074752
2024-05-09 15:41:38,3090.0,404.1797
2024-05-09 15:41:39,3091.0,404.12302506666674
2024-05-09 15:41:40,3092.0,403.95815253333336
2024-05-09 15:41:41,3093.0,403.6928108
2024-05-09 15:41:42,3094.0,403.3347282666667
2024-05-09 15:41:43,3095.0,402.89163333333335
2024-05-09 15:41:44,3096.0,402.3712544
2024-05-09 15:41:45,3097.0,401.7813198666667
2024-05-09 15:41:46,3098.0,401.1295581333334
2024-05-09 15:41:47,3099.0,400.42369759999997
2024-05-09 15:41:48,3100.0,399.6714666666667
2024-05-09 15:41:49,3101.0,398.88059373333334
2024-05-09 15:41:50,3102.0,398.0588072
2024-05-09 15:41:51,3103.0,397.21383546666664
2024-05-09 15:41:52,3104.0,396.3534069333333
2024-05-09 15:41:53,3105.0,395.48525
2024-05-09 15:41:54,3106.0,394.61709306666665
2024-05-09 15:41:55,3107.0,393.75666453333326
2024-05-09 15:41:56,3108.0,392.91169279999997
2024-05-09 15:41:57,3109.0,392.0899062666666
2024-05-09 15:41:58,3110.0,391.2990333333333
2024-05-09 15:41:59,3111.0,390.54680239999993
2024-05-09 15:42:00,3112.0,389.84094186666664
2024-05-09 15:42:01,3113.0,389.1891801333333
2024-05-09 15:42:02,3114.0,388.59924559999996
2024-05-09 15:42:03,3115.0,388.0788666666666
2024-05-09 15:42:04,3116.0,387.6357717333333
2024-05-09 15:42:05,3117.0,387.27768919999994
2024-05-09 15:42:06,3118.0,387.0123474666666
2024-05-09 15:42:07,3119.0,386.8474749333333
2024-05-09 15:42:08,3120.0,386.79079999999993
2024-05-09 15:42:09,3121.0,387.1931893813979
2024-05-09 15:42:10,3122.0,388.3674439097666
2024-05-09 15:42:11,3123.0,390.2641931613687
2024-05-09 15:42:12,3124.0,392.83406671246667
2024-05-09 15:42:13,3125.0,396.027694139323
2024-05-09 15:42:14,3126.0,399.7957050182001
2024-05-09 15:42:15,3127.0,404.0887289253606
2024-05-09 15:42:16,3128.0,408.8573954370669
2024-05-09 15:42:17,3129.0,414.05233412958154
2024-05-09 15:42:18,3130.0,419.624174579167
2024-05-09 15:42:19,3131.0,425.5235463620859
2024-05-09 15:42:20,3132.0,431.70107905460054
2024-05-09 15:42:21,3133.0,438.10740223297347
2024-05-09 15:42:22,3134.0,444.6931454734673
2024-05-09 15:42:23,3135.0,451.4089383523444
2024-05-09 15:42:24,3136.0,458.2054104458674
2024-05-09 15:42:25,3137.0,465.03319133029873
2024-05-09 15:42:26,3138.0,471.8429105819008
2024-05-09 15:42:27,3139.0,478.5851977769363
2024-05-09 15:42:28,3140.0,485.2106824916675
2024-05-09 15:42:29,3141.0,491.66999430235705
2024-05-09 15:42:30,3142.0,497.91376278526747
2024-05-09 15:42:31,3143.0,503.89261751666123
2024-05-09 15:42:32,3144.0,509.5571880728007
2024-05-09 15:42:33,3145.0,514.8581040299485
2024-05-09 15:42:34,3146.0,519.7459949643672
2024-05-09 15:42:35,3147.0,524.1714904523192
2024-05-09 15:42:36,3148.0,528.0852200700671
2024-05-09 15:42:37,3149.0,531.4378133938731
2024-05-09 15:42:38,3150.0,534.1799
2024-05-09 15:42:39,3151.0,536.5986107246454
2024-05-09 15:42:40,3152.0,539.0104742114145
2024-05-09 15:42:41,3153.0,541.4102167476807
2024-05-09 15:42:42,3154.0,543.7925646208179
2024-05-09 15:42:43,3155.0,546.1522441181995
2024-05-09 15:42:44,3156.0,548.4839815271993
2024-05-09 15:42:45,3157.0,550.7825031351907
2024-05-09 15:42:46,3158.0,553.0425352295473
2024-05-09 15:42:47,3159.0,555.2588040976428
2024-05-09 15:42:48,3160.0,557.426036026851
2024-05-09 15:42:49,3161.0,559.5389573045452
2024-05-09 15:42:50,3162.0,561.5922942180991
2024-05-09 15:42:51,3163.0,563.5807730548864
2024-05-09 15:42:52,3164.0,565.4991201022807
2024-05-09 15:42:53,3165.0,567.3420616476554
2024-05-09 15:42:54,3166.0,569.1043239783845
2024-05-09 15:42:55,3167.0,570.7806333818412
2024-05-09 15:42:56,3168.0,572.3657161453995
2024-05-09 15:42:57,3169.0,573.8542985564326
2024-05-09 15:42:58,3170.0,575.2411069023144
2024-05-09 15:42:59,3171.0,576.5208674704185
2024-05-09 15:43:00,3172.0,577.6883065481182
2024-05-09 15:43:01,3173.0,578.7381504227875
2024-05-09 15:43:02,3174.0,579.6651253817998
2024-05-09 15:43:03,3175.0,580.4639577125288
2024-05-09 15:43:04,3176.0,581.129373702348
2024-05-09 15:43:05,3177.0,581.6560996386313
2024-05-09 15:43:06,3178.0,582.0388618087518
2024-05-09 15:43:07,3179.0,582.2723865000835
2024-05-09 15:43:08,3180.0,582.3514
2024-05-09 15:43:09,3181.0,582.2863266074074
2024-05-09 15:43:10,3182.0,582.0970221925926
2024-05-09 15:43:11,3183.0,581.7923604
2024-05-09 15:43:12,3184.0,581.3812148740741
2024-05-09 15:43:13,3185.0,580.8724592592592
2024-05-09 15:43:14,3186.0,580.2749672
2024-05-09 15:43:15,3187.0,579.5976123407407
2024-05-09 15:43:16,3188.0,578.8492683259259
2024-05-09 15:43:17,3189.0,578.0388088
2024-05-09 15:43:18,3190.0,577.1751074074074
2024-05-09 15:43:19,3191.0,576.2670377925925
2024-05-09 15:43:20,3192.0,575.3234735999999
2024-05-09 15:43:21,3193.0,574.3532884740741
2024-05-09 15:43:22,3194.0,573.3653560592593
2024-05-09 15:43:23,3195.0,572.36855
2024-05-09 15:43:24,3196.0,571.3717439407408
2024-05-09 15:43:25,3197.0,570.3838115259259
2024-05-09 15:43:26,3198.0,569.4136264
2024-05-09 15:43:27,3199.0,568.4700622074073
2024-05-09 15:43:28,3200.0,567.5619925925926
2024-05-09 15:43:29,3201.0,566.6982911999999
2024-05-09 15:43:30,3202.0,565.887831674074
2024-05-09 15:43:31,3203.0,565.1394876592592
2024-05-09 15:43:32,3204.0,564.4621328
2024-05-09 15:43:33,3205.0,563.8646407407407
2024-05-09 15:43:34,3206.0,563.3558851259259
2024-05-09 15:43:35,3207.0,562.9447396
2024-05-09 15:43:36,3208.0,562.6400778074074
2024-05-09 15:43:37,3209.0,562.4507733925925
2024-05-09 15:43:38,3210.0,562.3856999999999
2024-05-09 15:43:39,3211.0,562.3954904888888
2024-05-09 15:43:40,3212.0,562.423971911111
2024-05-09 15:43:41,3213.0,562.4698091999999
2024-05-09 15:43:42,3214.0,562.5316672888888
2024-05-09 15:43:43,3215.0,562.608211111111
2024-05-09 15:43:44,3216.0,562.6981055999998
2024-05-09 15:43:45,3217.0,562.8000156888888
2024-05-09 15:43:46,3218.0,562.9126063111111
2024-05-09 15:43:47,3219.0,563.0345424
2024-05-09 15:43:48,3220.0,563.1644888888889
2024-05-09 15:43:49,3221.0,563.301110711111
2024-05-09 15:43:50,3222.0,563.4430727999999
2024-05-09 15:43:51,3223.0,563.5890400888889
2024-05-09 15:43:52,3224.0,563.7376775111111
2024-05-09 15:43:53,3225.0,563.8876499999999
2024-05-09 15:43:54,3226.0,564.0376224888889
2024-05-09 15:43:55,3227.0,564.186259911111
2024-05-09 15:43:56,3228.0,564.3322271999999
2024-05-09 15:43:57,3229.0,564.4741892888889
2024-05-09 15:43:58,3230.0,564.610811111111
2024-05-09 15:43:59,3231.0,564.7407575999999
2024-05-09 15:44:00,3232.0,564.8626936888888
2024-05-09 15:44:01,3233.0,564.9752843111111
2024-05-09 15:44:02,3234.0,565.0771943999999
2024-05-09 15:44:03,3235.0,565.1670888888889
2024-05-09 15:44:04,3236.0,565.2436327111111
2024-05-09 15:44:05,3237.0,565.3054908
2024-05-09 15:44:06,3238.0,565.3513280888889
2024-05-09 15:44:07,3239.0,565.379809511111
2024-05-09 15:44:08,3240.0,565.3896
2024-05-09 15:44:09,3241.0,565.3565191703703
2024-05-09 15:44:10,3242.0,565.2602840296297
2024-05-09 15:44:11,3243.0,565.1054056
2024-05-09 15:44:12,3244.0,564.8963949037036
2024-05-09 15:44:13,3245.0,564.6377629629629
2024-05-09 15:44:14,3246.0,564.3340208
2024-05-09 15:44:15,3247.0,563.989679437037
2024-05-09 15:44:16,3248.0,563.6092498962962
2024-05-09 15:44:17,3249.0,563.1972432
2024-05-09 15:44:18,3250.0,562.7581703703704
2024-05-09 15:44:19,3251.0,562.2965424296297
2024-05-09 15:44:20,3252.0,561.8168704
2024-05-09 15:44:21,3253.0,561.3236653037037
2024-05-09 15:44:22,3254.0,560.821438162963
2024-05-09 15:44:23,3255.0,560.3147000000001
2024-05-09 15:44:24,3256.0,559.807961837037
2024-05-09 15:44:25,3257.0,559.3057346962963
2024-05-09 15:44:26,3258.0,558.8125296000001
2024-05-09 15:44:27,3259.0,558.3328575703704
2024-05-09 15:44:28,3260.0,557.8712296296297
2024-05-09 15:44:29,3261.0,557.4321568
2024-05-09 15:44:30,3262.0,557.0201501037037
2024-05-09 15:44:31,3263.0,556.639720562963
2024-05-09 15:44:32,3264.0,556.2953792
2024-05-09 15:44:33,3265.0,555.9916370370371
2024-05-09 15:44:34,3266.0,555.7330050962963
2024-05-09 15:44:35,3267.0,555.5239944
2024-05-09 15:44:36,3268.0,555.3691159703704
2024-05-09 15:44:37,3269.0,555.2728808296297
2024-05-09 15:44:38,3270.0,555.2398000000001
2024-05-09 15:44:39,3271.0,555.2417239407408
2024-05-09 15:44:40,3272.0,555.2473208592594
2024-05-09 15:44:41,3273.0,555.2563284
2024-05-09 15:44:42,3274.0,555.2684842074075
2024-05-09 15:44:43,3275.0,555.2835259259259
2024-05-09 15:44:44,3276.0,555.3011912000001
2024-05-09 15:44:45,3277.0,555.3212176740741
2024-05-09 15:44:46,3278.0,555.3433429925927
2024-05-09 15:44:47,3279.0,555.3673048
2024-05-09 15:44:48,3280.0,555.3928407407408
2024-05-09 15:44:49,3281.0,555.4196884592593
2024-05-09 15:44:50,3282.0,555.4475856
2024-05-09 15:44:51,3283.0,555.4762698074074
2024-05-09 15:44:52,3284.0,555.505478725926
2024-05-09 15:44:53,3285.0,555.5349500000001
2024-05-09 15:44:54,3286.0,555.5644212740741
2024-05-09 15:44:55,3287.0,555.5936301925926
2024-05-09 15:44:56,3288.0,555.6223144
2024-05-09 15:44:57,3289.0,555.6502115407408
2024-05-09 15:44:58,3290.0,555.6770592592593
2024-05-09 15:44:59,3291.0,555.7025952
2024-05-09 15:45:00,3292.0,555.7265570074075
2024-05-09 15:45:01,3293.0,555.748682325926
2024-05-09 15:45:02,3294.0,555.7687088
2024-05-09 15:45:03,3295.0,555.786374074074
2024-05-09 15:45:04,3296.0,555.8014157925926
2024-05-09 15:45:05,3297.0,555.8135716
2024-05-09 15:45:06,3298.0,555.8225791407407
2024-05-09 15:45:07,3299.0,555.8281760592592
2024-05-09 15:45:08,3300.0,555.8301
2024-05-09 15:45:09,3301.0,555.8106743700049
2024-05-09 15:45:10,3302.0,555.7530622718964
2024-05-09 15:45:11,3303.0,555.6582608934896
2024-05-09 15:45:12,3304.0,555.5272674225994
2024-05-09 15:45:13,3305.0,555.361079047041
2024-05-09 15:45:14,3306.0,555.1606929546296
2024-05-09 15:45:15,3307.0,554.92710633318
2024-05-09 15:45:16,3308.0,554.6613163705074
2024-05-09 15:45:17,3309.0,554.3643202544267
2024-05-09 15:45:18,3310.0,554.0371151727535
2024-05-09 15:45:19,3311.0,553.6806983133023
2024-05-09 15:45:20,3312.0,553.2960668638884
2024-05-09 15:45:21,3313.0,552.884218012327
2024-05-09 15:45:22,3314.0,552.446148946433
2024-05-09 15:45:23,3315.0,551.9828568540214
2024-05-09 15:45:24,3316.0,551.4953389229074
2024-05-09 15:45:25,3317.0,550.9845923409063
2024-05-09 15:45:26,3318.0,550.4516142958328
2024-05-09 15:45:27,3319.0,549.897401975502
2024-05-09 15:45:28,3320.0,549.3229525677291
2024-05-09 15:45:29,3321.0,548.7292632603293
2024-05-09 15:45:30,3322.0,548.1173312411173
2024-05-09 15:45:31,3323.0,547.4881536979085
2024-05-09 15:45:32,3324.0,546.8427278185179
2024-05-09 15:45:33,3325.0,546.1820507907606
2024-05-09 15:45:34,3326.0,545.5071198024515
2024-05-09 15:45:35,3327.0,544.8189320414059
2024-05-09 15:45:36,3328.0,544.1184846954387
2024-05-09 15:45:37,3329.0,543.406774952365
2024-05-09 15:45:38,3330.0,542.6848
2024-05-09 15:45:39,3331.0,541.9037232710006
2024-05-09 15:45:40,3332.0,541.0150861442264
2024-05-09 15:45:41,3333.0,540.0204527267962
2024-05-09 15:45:42,3334.0,538.9213871258287
2024-05-09 15:45:43,3335.0,537.7194534484426
2024-05-09 15:45:44,3336.0,536.4162158017565
2024-05-09 15:45:45,3337.0,535.0132382928892
2024-05-09 15:45:46,3338.0,533.5120850289594
2024-05-09 15:45:47,3339.0,531.9143201170859
2024-05-09 15:45:48,3340.0,530.2215076643874
2024-05-09 15:45:49,3341.0,528.4352117779828
2024-05-09 15:45:50,3342.0,526.5569965649903
2024-05-09 15:45:51,3343.0,524.5884261325293
2024-05-09 15:45:52,3344.0,522.531064587718
2024-05-09 15:45:53,3345.0,520.3864760376754
2024-05-09 15:45:54,3346.0,518.15622458952
2024-05-09 15:45:55,3347.0,515.8418743503707
2024-05-09 15:45:56,3348.0,513.4449894273462
2024-05-09 15:45:57,3349.0,510.96713392756516
2024-05-09 15:45:58,3350.0,508.40987195814637
2024-05-09 15:45:59,3351.0,505.77476762620864
2024-05-09 15:46:00,3352.0,503.0633850388705
2024-05-09 15:46:01,3353.0,500.27728830325066
2024-05-09 15:46:02,3354.0,497.418041526468
2024-05-09 15:46:03,3355.0,494.48720881564117
2024-05-09 15:46:04,3356.0,491.48635427788895
2024-05-09 15:46:05,3357.0,488.41704202033
2024-05-09 15:46:06,3358.0,485.28083615008296
2024-05-09 15:46:07,3359.0,482.07930077426676
2024-05-09 15:46:08,3360.0,478.814
2024-05-09 15:46:09,3361.0,475.0196211816542
2024-05-09 15:46:10,3362.0,470.2800508520947
2024-05-09 15:46:11,3363.0,464.6706518861805
2024-05-09 15:46:12,3364.0,458.266787158771
2024-05-09 15:46:13,3365.0,451.14381954472526
2024-05-09 15:46:14,3366.0,443.37711191890253
2024-05-09 15:46:15,3367.0,435.042027156162
2024-05-09 15:46:16,3368.0,426.21392813136305
2024-05-09 15:46:17,3369.0,416.9681777193647
2024-05-09 15:46:18,3370.0,407.3801387950261
2024-05-09 15:46:19,3371.0,397.5251742332066
2024-05-09 15:46:20,3372.0,387.4786469087653
2024-05-09 15:46:21,3373.0,377.31591969656165
2024-05-09 15:46:22,3374.0,367.1123554714545
2024-05-09 15:46:23,3375.0,356.94331710830323
2024-05-09 15:46:24,3376.0,346.8841674819671
2024-05-09 15:46:25,3377.0,337.0102694673052
2024-05-09 15:46:26,3378.0,327.39698593917683
2024-05-09 15:46:27,3379.0,318.11967977244126
2024-05-09 15:46:28,3380.0,309.25371384195745
2024-05-09 15:46:29,3381.0,300.8744510225848
2024-05-09 15:46:30,3382.0,293.05725418918246
2024-05-09 15:46:31,3383.0,285.87748621660967
2024-05-09 15:46:32,3384.0,279.4105099797256
2024-05-09 15:46:33,3385.0,273.7316883533895
2024-05-09 15:46:34,3386.0,268.91638421246046
2024-05-09 15:46:35,3387.0,265.0399604317978
2024-05-09 15:46:36,3388.0,262.1777798862607
2024-05-09 15:46:37,3389.0,260.40520545070837
2024-05-09 15:46:38,3390.0,259.7976
2024-05-09 15:46:39,3391.0,259.8433042666666
2024-05-09 15:46:40,3392.0,259.97626213333336
2024-05-09 15:46:41,3393.0,260.1902412
2024-05-09 15:46:42,3394.0,260.47900906666666
2024-05-09 15:46:43,3395.0,260.8363333333333
2024-05-09 15:46:44,3396.0,261.2559816
2024-05-09 15:46:45,3397.0,261.73172146666667
2024-05-09 15:46:46,3398.0,262.2573205333333
2024-05-09 15:46:47,3399.0,262.8265464
2024-05-09 15:46:48,3400.0,263.4331666666667
2024-05-09 15:46:49,3401.0,264.07094893333334
2024-05-09 15:46:50,3402.0,264.7336608
2024-05-09 15:46:51,3403.0,265.41506986666667
2024-05-09 15:46:52,3404.0,266.1089437333333
2024-05-09 15:46:53,3405.0,266.80905
2024-05-09 15:46:54,3406.0,267.50915626666665
2024-05-09 15:46:55,3407.0,268.2030301333333
2024-05-09 15:46:56,3408.0,268.8844392
2024-05-09 15:46:57,3409.0,269.54715106666663
2024-05-09 15:46:58,3410.0,270.18493333333333
2024-05-09 15:46:59,3411.0,270.7915536
2024-05-09 15:47:00,3412.0,271.36077946666666
2024-05-09 15:47:01,3413.0,271.8863785333333
2024-05-09 15:47:02,3414.0,272.3621184
2024-05-09 15:47:03,3415.0,272.7817666666666
2024-05-09 15:47:04,3416.0,273.1390909333333
2024-05-09 15:47:05,3417.0,273.4278588
2024-05-09 15:47:06,3418.0,273.64183786666666
2024-05-09 15:47:07,3419.0,273.77479573333335
2024-05-09 15:47:08,3420.0,273.8205
2024-05-09 15:47:09,3421.0,273.79580687407406
2024-05-09 15:47:10,3422.0,273.7239723259259
2024-05-09 15:47:11,3423.0,273.6083636
2024-05-09 15:47:12,3424.0,273.4523479407407
2024-05-09 15:47:13,3425.0,273.2592925925926
2024-05-09 15:47:14,3426.0,273.0325648
2024-05-09 15:47:15,3427.0,272.7755318074074
2024-05-09 15:47:16,3428.0,272.4915608592592
2024-05-09 15:47:17,3429.0,272.1840192
2024-05-09 15:47:18,3430.0,271.856274074074
2024-05-09 15:47:19,3431.0,271.5116927259259
2024-05-09 15:47:20,3432.0,271.1536424
2024-05-09 15:47:21,3433.0,270.7854903407407
2024-05-09 15:47:22,3434.0,270.41060379259255
2024-05-09 15:47:23,3435.0,270.03234999999995
2024-05-09 15:47:24,3436.0,269.6540962074074
2024-05-09 15:47:25,3437.0,269.27920965925927
2024-05-09 15:47:26,3438.0,268.91105759999994
2024-05-09 15:47:27,3439.0,268.55300727407405
2024-05-09 15:47:28,3440.0,268.2084259259259
2024-05-09 15:47:29,3441.0,267.8806808
2024-05-09 15:47:30,3442.0,267.57313914074075
2024-05-09 15:47:31,3443.0,267.28916819259257
2024-05-09 15:47:32,3444.0,267.03213519999997
2024-05-09 15:47:33,3445.0,266.8054074074074
2024-05-09 15:47:34,3446.0,266.61235205925925
2024-05-09 15:47:35,3447.0,266.4563364
2024-05-09 15:47:36,3448.0,266.34072767407406
2024-05-09 15:47:37,3449.0,266.2688931259259
2024-05-09 15:47:38,3450.0,266.2442
2024-05-09 15:47:39,3451.0,266.28540115824956
2024-05-09 15:47:40,3452.0,266.4073346801363
2024-05-09 15:47:41,3453.0,266.6074956363671
2024-05-09 15:47:42,3454.0,266.8833790976491
2024-05-09 15:47:43,3455.0,267.2324801346891
2024-05-09 15:47:44,3456.0,267.65229381819427
2024-05-09 15:47:45,3457.0,268.1403152188714
2024-05-09 15:47:46,3458.0,268.6940394074277
2024-05-09 15:47:47,3459.0,269.3109614545699
2024-05-09 15:47:48,3460.0,269.9885764310052
2024-05-09 15:47:49,3461.0,270.72437940744044
2024-05-09 15:47:50,3462.0,271.5158654545827
2024-05-09 15:47:51,3463.0,272.360529643139
2024-05-09 15:47:52,3464.0,273.2558670438162
2024-05-09 15:47:53,3465.0,274.19937272732125
2024-05-09 15:47:54,3466.0,275.18854176436133
2024-05-09 15:47:55,3467.0,276.2208692256433
2024-05-09 15:47:56,3468.0,277.2938501818741
2024-05-09 15:47:57,3469.0,278.40497970376083
2024-05-09 15:47:58,3470.0,279.5517528620104
2024-05-09 15:47:59,3471.0,280.73166472732987
2024-05-09 15:48:00,3472.0,281.94221037042604
2024-05-09 15:48:01,3473.0,283.18088486200617
2024-05-09 15:48:02,3474.0,284.445183272777
2024-05-09 15:48:03,3475.0,285.73260067344563
2024-05-09 15:48:04,3476.0,287.04063213471903
2024-05-09 15:48:05,3477.0,288.3667727273042
2024-05-09 15:48:06,3478.0,289.70851752190805
2024-05-09 15:48:07,3479.0,291.0633615892376
2024-05-09 15:48:08,3480.0,292.42879999999997
2024-05-09 15:48:09,3481.0,293.96835432920903
2024-05-09 15:48:10,3482.0,295.8321479868822
2024-05-09 15:48:11,3483.0,297.9975787962319
2024-05-09 15:48:12,3484.0,300.44204458047034
2024-05-09 15:48:13,3485.0,303.14294316280984
2024-05-09 15:48:14,3486.0,306.0776723664626
2024-05-09 15:48:15,3487.0,309.2236300146409
2024-05-09 15:48:16,3488.0,312.5582139305569
2024-05-09 15:48:17,3489.0,316.05882193742315
2024-05-09 15:48:18,3490.0,319.7028518584516
2024-05-09 15:48:19,3491.0,323.4677015168548
2024-05-09 15:48:20,3492.0,327.3307687358447
2024-05-09 15:48:21,3493.0,331.26945133863387
2024-05-09 15:48:22,3494.0,335.2611471484343
2024-05-09 15:48:23,3495.0,339.28325398845845
2024-05-09 15:48:24,3496.0,343.31316968191857
2024-05-09 15:48:25,3497.0,347.3282920520268
2024-05-09 15:48:26,3498.0,351.3060189219956
2024-05-09 15:48:27,3499.0,355.223748115037
2024-05-09 15:48:28,3500.0,359.0588774543634
2024-05-09 15:48:29,3501.0,362.78880476318704
2024-05-09 15:48:30,3502.0,366.3909278647203
2024-05-09 15:48:31,3503.0,369.84264458217524
2024-05-09 15:48:32,3504.0,373.1213527387643
2024-05-09 15:48:33,3505.0,376.2044501576995
2024-05-09 15:48:34,3506.0,379.06933466219346
2024-05-09 15:48:35,3507.0,381.6934040754582
2024-05-09 15:48:36,3508.0,384.05405622070595
2024-05-09 15:48:37,3509.0,386.12868892114915
2024-05-09 15:48:38,3510.0,387.8947
2024-05-09 15:48:39,3511.0,389.49855913541603
2024-05-09 15:48:40,3512.0,391.0994014843429
2024-05-09 15:48:41,3513.0,392.69362308817466
2024-05-09 15:48:42,3514.0,394.2776199883056
2024-05-09 15:48:43,3515.0,395.84778822612986
2024-05-09 15:48:44,3516.0,397.40052384304147
2024-05-09 15:48:45,3517.0,398.9322228804348
2024-05-09 15:48:46,3518.0,400.4392813797039
2024-05-09 15:48:47,3519.0,401.91809538224294
2024-05-09 15:48:48,3520.0,403.3650609294462
2024-05-09 15:48:49,3521.0,404.7765740627077
2024-05-09 15:48:50,3522.0,406.14903082342164
2024-05-09 15:48:51,3523.0,407.4788272529823
2024-05-09 15:48:52,3524.0,408.76235939278376
2024-05-09 15:48:53,3525.0,409.9960232842202
2024-05-09 15:48:54,3526.0,411.17621496868577
2024-05-09 15:48:55,3527.0,412.29933048757465
2024-05-09 15:48:56,3528.0,413.3617658822811
2024-05-09 15:48:57,3529.0,414.35991719419917
2024-05-09 15:48:58,3530.0,415.29018046472305
2024-05-09 15:48:59,3531.0,416.14895173524695
2024-05-09 15:49:00,3532.0,416.932627047165
2024-05-09 15:49:01,3533.0,417.6376024418714
2024-05-09 15:49:02,3534.0,418.26027396076034
2024-05-09 15:49:03,3535.0,418.79703764522594
2024-05-09 15:49:04,3536.0,419.24428953666234
2024-05-09 15:49:05,3537.0,419.5984256764639
2024-05-09 15:49:06,3538.0,419.85584210602445
2024-05-09 15:49:07,3539.0,420.0129348667384
2024-05-09 15:49:08,3540.0,420.06609999999995
2024-05-09 15:49:09,3541.0,420.024105998222
2024-05-09 15:49:10,3542.0,419.9017156712944
2024-05-09 15:49:11,3543.0,419.7043165368264
2024-05-09 15:49:12,3544.0,419.43729611242713
2024-05-09 15:49:13,3545.0,419.1060419157058
2024-05-09 15:49:14,3546.0,418.7159414642718
2024-05-09 15:49:15,3547.0,418.2723822757342
2024-05-09 15:49:16,3548.0,417.78075186770224
2024-05-09 15:49:17,3549.0,417.24643775778515
2024-05-09 15:49:18,3550.0,416.6748274635921
2024-05-09 15:49:19,3551.0,416.0713085027325
2024-05-09 15:49:20,3552.0,415.44126839281546
2024-05-09 15:49:21,3553.0,414.79009465145015
2024-05-09 15:49:22,3554.0,414.12317479624585
2024-05-09 15:49:23,3555.0,413.4458963448118
2024-05-09 15:49:24,3556.0,412.7636468147572
2024-05-09 15:49:25,3557.0,412.0818137236912
2024-05-09 15:49:26,3558.0,411.40578458922323
2024-05-09 15:49:27,3559.0,410.7409469289623
2024-05-09 15:49:28,3560.0,410.0926882605177
2024-05-09 15:49:29,3561.0,409.4663961014987
2024-05-09 15:49:30,3562.0,408.8674579695145
2024-05-09 15:49:31,3563.0,408.30126138217423
2024-05-09 15:49:32,3564.0,407.77319385708734
2024-05-09 15:49:33,3565.0,407.2886429118628
2024-05-09 15:49:34,3566.0,406.85299606411
2024-05-09 15:49:35,3567.0,406.4716408314381
2024-05-09 15:49:36,3568.0,406.1499647314563
2024-05-09 15:49:37,3569.0,405.8933552817739
2024-05-09 15:49:38,3570.0,405.70720000000006
2024-05-09 15:49:39,3571.0,405.5592077108188
2024-05-09 15:49:40,3572.0,405.4136178759512
2024-05-09 15:49:41,3573.0,405.270613968562
2024-05-09 15:49:42,3574.0,405.13037946181606
2024-05-09 15:49:43,3575.0,404.99309782887804
2024-05-09 15:49:44,3576.0,404.8589525429128
2024-05-09 15:49:45,3577.0,404.72812707708505
2024-05-09 15:49:46,3578.0,404.60080490455965
2024-05-09 15:49:47,3579.0,404.47716949850144
2024-05-09 15:49:48,3580.0,404.35740433207496
2024-05-09 15:49:49,3581.0,404.24169287844524
2024-05-09 15:49:50,3582.0,404.13021861077686
2024-05-09 15:49:51,3583.0,404.02316500223475
2024-05-09 15:49:52,3584.0,403.9207155259836
2024-05-09 15:49:53,3585.0,403.82305365518823
2024-05-09 15:49:54,3586.0,403.73036286301345
2024-05-09 15:49:55,3587.0,403.64282662262394
2024-05-09 15:49:56,3588.0,403.56062840718465
2024-05-09 15:49:57,3589.0,403.4839516898601
2024-05-09 15:49:58,3590.0,403.4129799438153
2024-05-09 15:49:59,3591.0,403.3478966422149
2024-05-09 15:50:00,3592.0,403.28888525822373
2024-05-09 15:50:01,3593.0,403.2361292650066
2024-05-09 15:50:02,3594.0,403.18981213572823
2024-05-09 15:50:03,3595.0,403.1501173435534
2024-05-09 15:50:04,3596.0,403.11722836164694
2024-05-09 15:50:05,3597.0,403.0913286631736
2024-05-09 15:50:06,3598.0,403.0726017212981
2024-05-09 15:50:07,3599.0,403.06123100918535
2024-05-09 15:50:08,3600.0,403.05740000000003
2024-05-09 15:50:09,3601.0,403.0785910518519
2024-05-09 15:50:10,3602.0,403.14023774814814
2024-05-09 15:50:11,3603.0,403.23945040000007
2024-05-09 15:50:12,3604.0,403.37333931851856
2024-05-09 15:50:13,3605.0,403.53901481481483
2024-05-09 15:50:14,3606.0,403.73358720000004
2024-05-09 15:50:15,3607.0,403.95416678518524
2024-05-09 15:50:16,3608.0,404.1978638814815
2024-05-09 15:50:17,3609.0,404.4617888
2024-05-09 15:50:18,3610.0,404.7430518518519
2024-05-09 15:50:19,3611.0,405.03876334814817
2024-05-09 15:50:20,3612.0,405.3460336
2024-05-09 15:50:21,3613.0,405.6619729185186
2024-05-09 15:50:22,3614.0,405.98369161481486
2024-05-09 15:50:23,3615.0,406.30830000000003
2024-05-09 15:50:24,3616.0,406.6329083851852
2024-05-09 15:50:25,3617.0,406.9546270814815
2024-05-09 15:50:26,3618.0,407.27056640000006
2024-05-09 15:50:27,3619.0,407.57783665185184
2024-05-09 15:50:28,3620.0,407.8735481481482
2024-05-09 15:50:29,3621.0,408.1548112
2024-05-09 15:50:30,3622.0,408.41873611851855
2024-05-09 15:50:31,3623.0,408.6624332148148
2024-05-09 15:50:32,3624.0,408.8830128
2024-05-09 15:50:33,3625.0,409.07758518518517
2024-05-09 15:50:34,3626.0,409.24326068148156
2024-05-09 15:50:35,3627.0,409.37714960000005
2024-05-09 15:50:36,3628.0,409.47636225185187
2024-05-09 15:50:37,3629.0,409.5380089481482
2024-05-09 15:50:38,3630.0,409.55920000000003
2024-05-09 15:50:39,3631.0,409.54019291672364
2024-05-09 15:50:40,3632.0,409.484750329722
2024-05-09 15:50:41,3633.0,409.395240233236
2024-05-09 15:50:42,3634.0,409.2740306215068
2024-05-09 15:50:43,3635.0,409.1234894887756
2024-05-09 15:50:44,3636.0,408.94598482928336
2024-05-09 15:50:45,3637.0,408.74388463727126
2024-05-09 15:50:46,3638.0,408.51955690698026
2024-05-09 15:50:47,3639.0,408.27536963265163
2024-05-09 15:50:48,3640.0,408.0136908085263
2024-05-09 15:50:49,3641.0,407.7368884288454
2024-05-09 15:50:50,3642.0,407.4473304878501
2024-05-09 15:50:51,3643.0,407.1473849797813
2024-05-09 15:50:52,3644.0,406.8394198988803
2024-05-09 15:50:53,3645.0,406.52580323938804
2024-05-09 15:50:54,3646.0,406.2089029955457
2024-05-09 15:50:55,3647.0,405.8910871615944
2024-05-09 15:50:56,3648.0,405.57472373177507
2024-05-09 15:50:57,3649.0,405.2621807003289
2024-05-09 15:50:58,3650.0,404.95582606149696
2024-05-09 15:50:59,3651.0,404.6580278095204
2024-05-09 15:51:00,3652.0,404.3711539386402
2024-05-09 15:51:01,3653.0,404.0975724430975
2024-05-09 15:51:02,3654.0,403.83965131713336
2024-05-09 15:51:03,3655.0,403.59975855498897
2024-05-09 15:51:04,3656.0,403.3802621509053
2024-05-09 15:51:05,3657.0,403.1835300991235
2024-05-09 15:51:06,3658.0,403.01193039388465
2024-05-09 15:51:07,3659.0,402.8678310294298
2024-05-09 15:51:08,3660.0,402.75360000000006
2024-05-09 15:51:09,3661.0,402.65539865945925
2024-05-09 15:51:10,3662.0,402.5579311172266
2024-05-09 15:51:11,3663.0,402.46137950087666
2024-05-09 15:51:12,3664.0,402.3659259379837
2024-05-09 15:51:13,3665.0,402.27175255612224
2024-05-09 15:51:14,3666.0,402.17904148286675
2024-05-09 15:51:15,3667.0,402.0879748457915
2024-05-09 15:51:16,3668.0,401.998734772471
2024-05-09 15:51:17,3669.0,401.9115033904797
2024-05-09 15:51:18,3670.0,401.826462827392
2024-05-09 15:51:19,3671.0,401.7437952107823
2024-05-09 15:51:20,3672.0,401.663682668225
2024-05-09 15:51:21,3673.0,401.5863073272946
2024-05-09 15:51:22,3674.0,401.5118513155654
2024-05-09 15:51:23,3675.0,401.440496760612
2024-05-09 15:51:24,3676.0,401.37242579000866
2024-05-09 15:51:25,3677.0,401.3078205313299
2024-05-09 15:51:26,3678.0,401.24686311215004
2024-05-09 15:51:27,3679.0,401.18973566004354
2024-05-09 15:51:28,3680.0,401.13662030258484
2024-05-09 15:51:29,3681.0,401.08769916734843
2024-05-09 15:51:30,3682.0,401.04315438190866
2024-05-09 15:51:31,3683.0,401.0031680738399
2024-05-09 15:51:32,3684.0,400.9679223707167
2024-05-09 15:51:33,3685.0,400.93759940011336
2024-05-09 15:51:34,3686.0,400.91238128960435
2024-05-09 15:51:35,3687.0,400.8924501667641
2024-05-09 15:51:36,3688.0,400.87798815916693
2024-05-09 15:51:37,3689.0,400.86917739438746
2024-05-09 15:51:38,3690.0,400.8662
2024-05-09 15:51:39,3691.0,400.89062859483465
2024-05-09 15:51:40,3692.0,400.9620112628096
2024-05-09 15:51:41,3693.0,401.0774933291315
2024-05-09 15:51:42,3694.0,401.23422011900703
2024-05-09 15:51:43,3695.0,401.4293369576428
2024-05-09 15:51:44,3696.0,401.65998917024547
2024-05-09 15:51:45,3697.0,401.9233220820215
2024-05-09 15:51:46,3698.0,402.2164810181777
2024-05-09 15:51:47,3699.0,402.5366113039207
2024-05-09 15:51:48,3700.0,402.880858264457
2024-05-09 15:51:49,3701.0,403.2463672249933
2024-05-09 15:51:50,3702.0,403.63028351073626
2024-05-09 15:51:51,3703.0,404.0297524468925
2024-05-09 15:51:52,3704.0,404.4419193586686
2024-05-09 15:51:53,3705.0,404.86392957127117
2024-05-09 15:51:54,3706.0,405.29292840990695
2024-05-09 15:51:55,3707.0,405.72606119978246
2024-05-09 15:51:56,3708.0,406.1604732661044
2024-05-09 15:51:57,3709.0,406.5933099340794
2024-05-09 15:51:58,3710.0,407.02171652891406
2024-05-09 15:51:59,3711.0,407.4428383758149
2024-05-09 15:52:00,3712.0,407.85382079998874
2024-05-09 15:52:01,3713.0,408.2518091266422
2024-05-09 15:52:02,3714.0,408.6339486809817
2024-05-09 15:52:03,3715.0,408.9973847882141
2024-05-09 15:52:04,3716.0,409.3392627735459
2024-05-09 15:52:05,3717.0,409.65672796218377
2024-05-09 15:52:06,3718.0,409.9469256793343
2024-05-09 15:52:07,3719.0,410.20700125020414
2024-05-09 15:52:08,3720.0,410.4341
2024-05-09 15:52:09,3721.0,410.6447071676254
2024-05-09 15:52:10,3722.0,410.85683430983136
2024-05-09 15:52:11,3723.0,411.0699162285953
2024-05-09 15:52:12,3724.0,411.2833877258948
2024-05-09 15:52:13,3725.0,411.49668360370725
2024-05-09 15:52:14,3726.0,411.70923866401034
2024-05-09 15:52:15,3727.0,411.9204877087815
2024-05-09 15:52:16,3728.0,412.12986553999826
2024-05-09 15:52:17,3729.0,412.3368069596382
2024-05-09 15:52:18,3730.0,412.5407467696787
2024-05-09 15:52:19,3731.0,412.7411197720974
2024-05-09 15:52:20,3732.0,412.93736076887177
2024-05-09 15:52:21,3733.0,413.1289045619793
2024-05-09 15:52:22,3734.0,413.3151859533976
2024-05-09 15:52:23,3735.0,413.49563974510403
2024-05-09 15:52:24,3736.0,413.66970073907623
2024-05-09 15:52:25,3737.0,413.83680373729175
2024-05-09 15:52:26,3738.0,413.996383541728
2024-05-09 15:52:27,3739.0,414.1478749543625
2024-05-09 15:52:28,3740.0,414.2907127771729
2024-05-09 15:52:29,3741.0,414.4243318121366
2024-05-09 15:52:30,3742.0,414.5481668612311
2024-05-09 15:52:31,3743.0,414.66165272643406
2024-05-09 15:52:32,3744.0,414.7642242097228
2024-05-09 15:52:33,3745.0,414.855316113075
2024-05-09 15:52:34,3746.0,414.9343632384681
2024-05-09 15:52:35,3747.0,415.0008003878796
2024-05-09 15:52:36,3748.0,415.05406236328713
2024-05-09 15:52:37,3749.0,415.0935839666681
2024-05-09 15:52:38,3750.0,415.1188
2024-05-09 15:52:39,3751.0,415.13642998664545
2024-05-09 15:52:40,3752.0,415.1535654257552
2024-05-09 15:52:41,3753.0,415.17019908298886
2024-05-09 15:52:42,3754.0,415.1863237240064
2024-05-09 15:52:43,3755.0,415.2019321144674
2024-05-09 15:52:44,3756.0,415.2170170200318
2024-05-09 15:52:45,3757.0,415.23157120635926
2024-05-09 15:52:46,3758.0,415.24558743910967
2024-05-09 15:52:47,3759.0,415.2590584839428
2024-05-09 15:52:48,3760.0,415.2719771065183
2024-05-09 15:52:49,3761.0,415.28433607249605
2024-05-09 15:52:50,3762.0,415.29612814753574
2024-05-09 15:52:51,3763.0,415.3073460972973
2024-05-09 15:52:52,3764.0,415.31798268744035
2024-05-09 15:52:53,3765.0,415.3280306836248
2024-05-09 15:52:54,3766.0,415.33748285151034
2024-05-09 15:52:55,3767.0,415.3463319567568
2024-05-09 15:52:56,3768.0,415.3545707650238
2024-05-09 15:52:57,3769.0,415.36219204197135
2024-05-09 15:52:58,3770.0,415.36918855325916
2024-05-09 15:52:59,3771.0,415.37555306454686
2024-05-09 15:53:00,3772.0,415.3812783414944
2024-05-09 15:53:01,3773.0,415.38635714976147
2024-05-09 15:53:02,3774.0,415.39078225500793
2024-05-09 15:53:03,3775.0,415.3945464228934
2024-05-09 15:53:04,3776.0,415.39764241907784
2024-05-09 15:53:05,3777.0,415.40006300922096
2024-05-09 15:53:06,3778.0,415.4018009589825
2024-05-09 15:53:07,3779.0,415.40284903402227
2024-05-09 15:53:08,3780.0,415.40319999999997
2024-05-09 15:53:09,3781.0,415.354042874074
2024-05-09 15:53:10,3782.0,415.21104032592586
2024-05-09 15:53:11,3783.0,414.98089559999994
2024-05-09 15:53:12,3784.0,414.6703119407407
2024-05-09 15:53:13,3785.0,414.28599259259255
2024-05-09 15:53:14,3786.0,413.83464079999993
2024-05-09 15:53:15,3787.0,413.3229598074074
2024-05-09 15:53:16,3788.0,412.7576528592592
2024-05-09 15:53:17,3789.0,412.1454232
2024-05-09 15:53:18,3790.0,411.492974074074
2024-05-09 15:53:19,3791.0,410.8070087259259
2024-05-09 15:53:20,3792.0,410.09423039999996
2024-05-09 15:53:21,3793.0,409.3613423407407
2024-05-09 15:53:22,3794.0,408.6150477925926
2024-05-09 15:53:23,3795.0,407.86204999999995
2024-05-09 15:53:24,3796.0,407.10905220740733
2024-05-09 15:53:25,3797.0,406.3627576592592
2024-05-09 15:53:26,3798.0,405.62986959999995
2024-05-09 15:53:27,3799.0,404.91709127407404
2024-05-09 15:53:28,3800.0,404.2311259259259
2024-05-09 15:53:29,3801.0,403.5786767999999
2024-05-09 15:53:30,3802.0,402.9664471407407
2024-05-09 15:53:31,3803.0,402.40114019259255
2024-05-09 15:53:32,3804.0,401.8894592
2024-05-09 15:53:33,3805.0,401.4381074074073
2024-05-09 15:53:34,3806.0,401.0537880592592
2024-05-09 15:53:35,3807.0,400.74320439999997
2024-05-09 15:53:36,3808.0,400.513059674074
2024-05-09 15:53:37,3809.0,400.3700571259258
2024-05-09 15:53:38,3810.0,400.32089999999994
2024-05-09 15:53:39,3811.0,400.3258880574976
2024-05-09 15:53:40,3812.0,400.34065136382213
2024-05-09 15:53:41,3813.0,400.36488861972134
2024-05-09 15:53:42,3814.0,400.3982985259428
2024-05-09 15:53:43,3815.0,400.440579783234
2024-05-09 15:53:44,3816.0,400.49143109234274
2024-05-09 15:53:45,3817.0,400.55055115401655
2024-05-09 15:53:46,3818.0,400.61763866900304
2024-05-09 15:53:47,3819.0,400.6923923380498
2024-05-09 15:53:48,3820.0,400.77451086190456
2024-05-09 15:53:49,3821.0,400.86369294131487
2024-05-09 15:53:50,3822.0,400.9596372770283
2024-05-09 15:53:51,3823.0,401.0620425697926
2024-05-09 15:53:52,3824.0,401.17060752035525
2024-05-09 15:53:53,3825.0,401.285030829464
2024-05-09 15:53:54,3826.0,401.4050111978664
2024-05-09 15:53:55,3827.0,401.53024732631
2024-05-09 15:53:56,3828.0,401.66043791554256
2024-05-09 15:53:57,3829.0,401.7952816663116
2024-05-09 15:53:58,3830.0,401.9344772793647
2024-05-09 15:53:59,3831.0,402.07772345544964
2024-05-09 15:54:00,3832.0,402.22471889531397
2024-05-09 15:54:01,3833.0,402.3751622997052
2024-05-09 15:54:02,3834.0,402.52875236937115
2024-05-09 15:54:03,3835.0,402.6851878050593
2024-05-09 15:54:04,3836.0,402.84416730751724
2024-05-09 15:54:05,3837.0,403.0053895774927
2024-05-09 15:54:06,3838.0,403.16855331573316
2024-05-09 15:54:07,3839.0,403.3333572229865
2024-05-09 15:54:08,3840.0,403.4995
2024-05-09 15:54:09,3841.0,403.6934977103469
2024-05-09 15:54:10,3842.0,403.93933415093346
2024-05-09 15:54:11,3843.0,404.23290962250735
2024-05-09 15:54:12,3844.0,404.5701244258161
2024-05-09 15:54:13,3845.0,404.9468788616074
2024-05-09 15:54:14,3846.0,405.3590732306289
2024-05-09 15:54:15,3847.0,405.8026078336281
2024-05-09 15:54:16,3848.0,406.2733829713527
2024-05-09 15:54:17,3849.0,406.7672989445503
2024-05-09 15:54:18,3850.0,407.2802560539686
2024-05-09 15:54:19,3851.0,407.80815460035507
2024-05-09 15:54:20,3852.0,408.34689488445747
2024-05-09 15:54:21,3853.0,408.8923772070233
2024-05-09 15:54:22,3854.0,409.44050186880025
2024-05-09 15:54:23,3855.0,409.98716917053594
2024-05-09 15:54:24,3856.0,410.52827941297795
2024-05-09 15:54:25,3857.0,411.059732896874
2024-05-09 15:54:26,3858.0,411.57742992297165
2024-05-09 15:54:27,3859.0,412.07727079201845
2024-05-09 15:54:28,3860.0,412.555155804762
2024-05-09 15:54:29,3861.0,413.00698526195015
2024-05-09 15:54:30,3862.0,413.4286594643303
2024-05-09 15:54:31,3863.0,413.81607871265004
2024-05-09 15:54:32,3864.0,414.1651433076572
2024-05-09 15:54:33,3865.0,414.47175355009927
2024-05-09 15:54:34,3866.0,414.7318097407238
2024-05-09 15:54:35,3867.0,414.94121218027857
2024-05-09 15:54:36,3868.0,415.0958611695111
2024-05-09 15:54:37,3869.0,415.19165700916903
2024-05-09 15:54:38,3870.0,415.2245
2024-05-09 15:54:39,3871.0,415.05498101197134
2024-05-09 15:54:40,3872.0,414.55739436041046
2024-05-09 15:54:41,3873.0,413.74819551410485
2024-05-09 15:54:42,3874.0,412.64383994184203
2024-05-09 15:54:43,3875.0,411.26078311240957
2024-05-09 15:54:44,3876.0,409.615480494595
2024-05-09 15:54:45,3877.0,407.7243875571858
2024-05-09 15:54:46,3878.0,405.6039597689696
2024-05-09 15:54:47,3879.0,403.27065259873393
2024-05-09 15:54:48,3880.0,400.7409215152662
2024-05-09 15:54:49,3881.0,398.031221987354
2024-05-09 15:54:50,3882.0,395.158009483785
2024-05-09 15:54:51,3883.0,392.1377394733466
2024-05-09 15:54:52,3884.0,388.9868674248263
2024-05-09 15:54:53,3885.0,385.7218488070117
2024-05-09 15:54:54,3886.0,382.3591390886903
2024-05-09 15:54:55,3887.0,378.9151937386498
2024-05-09 15:54:56,3888.0,375.4064682256775
2024-05-09 15:54:57,3889.0,371.8494180185611
2024-05-09 15:54:58,3890.0,368.2604985860879
2024-05-09 15:54:59,3891.0,364.6561653970458
2024-05-09 15:55:00,3892.0,361.05287392022205
2024-05-09 15:55:01,3893.0,357.4670796244043
2024-05-09 15:55:02,3894.0,353.91523797838
2024-05-09 15:55:03,3895.0,350.41380445093677
2024-05-09 15:55:04,3896.0,346.97923451086217
2024-05-09 15:55:05,3897.0,343.62798362694355
2024-05-09 15:55:06,3898.0,340.3765072679687
2024-05-09 15:55:07,3899.0,337.241260902725
2024-05-09 15:55:08,3900.0,334.2387
2024-05-09 15:55:09,3901.0,331.18669026764536
2024-05-09 15:55:10,3902.0,327.9075927616609
2024-05-09 15:55:11,3903.0,324.4246059730564
2024-05-09 15:55:12,3904.0,320.76092839284155
2024-05-09 15:55:13,3905.0,316.9397585120262
2024-05-09 15:55:14,3906.0,312.98429482162
2024-05-09 15:55:15,3907.0,308.9177358126327
2024-05-09 15:55:16,3908.0,304.7632799760742
2024-05-09 15:55:17,3909.0,300.5441258029542
2024-05-09 15:55:18,3910.0,296.2834717842823
2024-05-09 15:55:19,3911.0,292.0045164110686
2024-05-09 15:55:20,3912.0,287.73045817432245
2024-05-09 15:55:21,3913.0,283.48449556505386
2024-05-09 15:55:22,3914.0,279.2898270742726
2024-05-09 15:55:23,3915.0,275.1696511929882
2024-05-09 15:55:24,3916.0,271.1471664122107
2024-05-09 15:55:25,3917.0,267.24557122294965
2024-05-09 15:55:26,3918.0,263.48806411621496
2024-05-09 15:55:27,3919.0,259.89784358301625
2024-05-09 15:55:28,3920.0,256.4981081143634
2024-05-09 15:55:29,3921.0,253.31205620126605
2024-05-09 15:55:30,3922.0,250.36288633473401
2024-05-09 15:55:31,3923.0,247.67379700577706
2024-05-09 15:55:32,3924.0,245.26798670540492
2024-05-09 15:55:33,3925.0,243.16865392462736
2024-05-09 15:55:34,3926.0,241.39899715445418
2024-05-09 15:55:35,3927.0,239.98221488589508
2024-05-09 15:55:36,3928.0,238.94150560995982
2024-05-09 15:55:37,3929.0,238.3000678176582
2024-05-09 15:55:38,3930.0,238.08109999999994
2024-05-09 15:55:39,3931.0,238.1067500397774
2024-05-09 15:55:40,3932.0,238.18236436818256
2024-05-09 15:55:41,3933.0,238.30593929882477
2024-05-09 15:55:42,3934.0,238.4754711453132
2024-05-09 15:55:43,3935.0,238.68895622125723
2024-05-09 15:55:44,3936.0,238.94439084026598
2024-05-09 15:55:45,3937.0,239.23977131594884
2024-05-09 15:55:46,3938.0,239.57309396191496
2024-05-09 15:55:47,3939.0,239.94235509177372
2024-05-09 15:55:48,3940.0,240.3455510191343
2024-05-09 15:55:49,3941.0,240.78067805760602
2024-05-09 15:55:50,3942.0,241.24573252079807
2024-05-09 15:55:51,3943.0,241.7387107223198
2024-05-09 15:55:52,3944.0,242.25760897578039
2024-05-09 15:55:53,3945.0,242.80042359478918
2024-05-09 15:55:54,3946.0,243.3651508929554
2024-05-09 15:55:55,3947.0,243.9497871838883
2024-05-09 15:55:56,3948.0,244.55232878119716
2024-05-09 15:55:57,3949.0,245.17077199849126
2024-05-09 15:55:58,3950.0,245.80311314937978
2024-05-09 15:55:59,3951.0,246.4473485474721
2024-05-09 15:56:00,3952.0,247.10147450637743
2024-05-09 15:56:01,3953.0,247.76348733970505
2024-05-09 15:56:02,3954.0,248.43138336106415
2024-05-09 15:56:03,3955.0,249.1031588840641
2024-05-09 15:56:04,3956.0,249.77681022231408
2024-05-09 15:56:05,3957.0,250.45033368942345
2024-05-09 15:56:06,3958.0,251.12172559900137
2024-05-09 15:56:07,3959.0,251.7889822646571
2024-05-09 15:56:08,3960.0,252.45010000000002
2024-05-09 15:56:09,3961.0,253.1668187427503
2024-05-09 15:56:10,3962.0,253.99582379359128
2024-05-09 15:56:11,3963.0,254.9275295105766
2024-05-09 15:56:12,3964.0,255.95235025175998
2024-05-09 15:56:13,3965.0,257.0607003751952
2024-05-09 15:56:14,3966.0,258.2429942389358
2024-05-09 15:56:15,3967.0,259.4896462010357
2024-05-09 15:56:16,3968.0,260.7910706195485
2024-05-09 15:56:17,3969.0,262.1376818525279
2024-05-09 15:56:18,3970.0,263.5198942580276
2024-05-09 15:56:19,3971.0,264.9281221941014
2024-05-09 15:56:20,3972.0,266.35278001880283
2024-05-09 15:56:21,3973.0,267.7842820901858
2024-05-09 15:56:22,3974.0,269.21304276630383
2024-05-09 15:56:23,3975.0,270.6294764052108
2024-05-09 15:56:24,3976.0,272.02399736496034
2024-05-09 15:56:25,3977.0,273.38702000360615
2024-05-09 15:56:26,3978.0,274.7089586792019
2024-05-09 15:56:27,3979.0,275.9802277498014
2024-05-09 15:56:28,3980.0,277.1912415734583
2024-05-09 15:56:29,3981.0,278.3324145082263
2024-05-09 15:56:30,3982.0,279.39416091215907
2024-05-09 15:56:31,3983.0,280.36689514331044
2024-05-09 15:56:32,3984.0,281.24103155973404
2024-05-09 15:56:33,3985.0,282.0069845194835
2024-05-09 15:56:34,3986.0,282.6551683806126
2024-05-09 15:56:35,3987.0,283.1759975011752
2024-05-09 15:56:36,3988.0,283.5598862392248
2024-05-09 15:56:37,3989.0,283.79724895281515
2024-05-09 15:56:38,3990.0,283.87850000000003
2024-05-09 15:56:39,3991.0,283.2914053089339
2024-05-09 15:56:40,3992.0,281.5823555992542
2024-05-09 15:56:41,3993.0,278.829702416239
2024-05-09 15:56:42,3994.0,275.1117973051663
2024-05-09 15:56:43,3995.0,270.50699181131426
2024-05-09 15:56:44,3996.0,265.09363747996076
2024-05-09 15:56:45,3997.0,258.950085856384
2024-05-09 15:56:46,3998.0,252.15468848586198
2024-05-09 15:56:47,3999.0,244.78579691367273
2024-05-09 15:56:48,4000.0,236.92176268509434
2024-05-09 15:56:49,4001.0,228.64093734540484
2024-05-09 15:56:50,4002.0,220.02167243988222
2024-05-09 15:56:51,4003.0,211.14231951380467
2024-05-09 15:56:52,4004.0,202.08123011245013
2024-05-09 15:56:53,4005.0,192.91675578109667
2024-05-09 15:56:54,4006.0,183.72724806502237
2024-05-09 15:56:55,4007.0,174.59105850950522
2024-05-09 15:56:56,4008.0,165.58653865982336
2024-05-09 15:56:57,4009.0,156.79204006125474
2024-05-09 15:56:58,4010.0,148.28591425907751
2024-05-09 15:56:59,4011.0,140.14651279856963
2024-05-09 15:57:00,4012.0,132.45218722500925
2024-05-09 15:57:01,4013.0,125.28128908367435
2024-05-09 15:57:02,4014.0,118.71216991984295
2024-05-09 15:57:03,4015.0,112.82318127879319
2024-05-09 15:57:04,4016.0,107.69267470580303
2024-05-09 15:57:05,4017.0,103.39900174615065
2024-05-09 15:57:06,4018.0,100.02051394511392
2024-05-09 15:57:07,4019.0,97.63556284797102
2024-05-09 15:57:08,4020.0,96.32249999999999
2024-05-09 15:57:09,4021.0,95.59761194363793
2024-05-09 15:57:10,4022.0,94.92296511826488
2024-05-09 15:57:11,4023.0,94.29558091457308
2024-05-09 15:57:12,4024.0,93.71248072325483
2024-05-09 15:57:13,4025.0,93.17068593500237
2024-05-09 15:57:14,4026.0,92.66721794050805
2024-05-09 15:57:15,4027.0,92.19909813046408
2024-05-09 15:57:16,4028.0,91.76334789556277
2024-05-09 15:57:17,4029.0,91.3569886264964
2024-05-09 15:57:18,4030.0,90.97704171395726
2024-05-09 15:57:19,4031.0,90.6205285486376
2024-05-09 15:57:20,4032.0,90.28447052122974
2024-05-09 15:57:21,4033.0,89.96588902242591
2024-05-09 15:57:22,4034.0,89.66180544291842
2024-05-09 15:57:23,4035.0,89.36924117339954
2024-05-09 15:57:24,4036.0,89.08521760456156
2024-05-09 15:57:25,4037.0,88.80675612709676
2024-05-09 15:57:26,4038.0,88.5308781316974
2024-05-09 15:57:27,4039.0,88.25460500905577
2024-05-09 15:57:28,4040.0,87.97495814986416
2024-05-09 15:57:29,4041.0,87.68895894481483
2024-05-09 15:57:30,4042.0,87.39362878460007
2024-05-09 15:57:31,4043.0,87.08598905991215
2024-05-09 15:57:32,4044.0,86.76306116144337
2024-05-09 15:57:33,4045.0,86.421866479886
2024-05-09 15:57:34,4046.0,86.05942640593231
2024-05-09 15:57:35,4047.0,85.6727623302746
2024-05-09 15:57:36,4048.0,85.25889564360511
2024-05-09 15:57:37,4049.0,84.81484773661616
2024-05-09 15:57:38,4050.0,84.33764000000001
2024-05-09 15:57:39,4051.0,83.81421003387392
2024-05-09 15:57:40,4052.0,83.23672029238713
2024-05-09 15:57:41,4053.0,82.61002944727998
2024-05-09 15:57:42,4054.0,81.93899617029281
2024-05-09 15:57:43,4055.0,81.22847913316589
2024-05-09 15:57:44,4056.0,80.48333700763958
2024-05-09 15:57:45,4057.0,79.70842846545413
2024-05-09 15:57:46,4058.0,78.90861217834991
2024-05-09 15:57:47,4059.0,78.08874681806721
2024-05-09 15:57:48,4060.0,77.25369105634633
2024-05-09 15:57:49,4061.0,76.40830356492764
2024-05-09 15:57:50,4062.0,75.5574430155514
2024-05-09 15:57:51,4063.0,74.70596807995794
2024-05-09 15:57:52,4064.0,73.8587374298876
2024-05-09 15:57:53,4065.0,73.02060973708065
2024-05-09 15:57:54,4066.0,72.19644367327743
2024-05-09 15:57:55,4067.0,71.39109791021828
2024-05-09 15:57:56,4068.0,70.60943111964346
2024-05-09 15:57:57,4069.0,69.85630197329333
2024-05-09 15:57:58,4070.0,69.13656914290816
2024-05-09 15:57:59,4071.0,68.4550913002283
2024-05-09 15:58:00,4072.0,67.81672711699406
2024-05-09 15:58:01,4073.0,67.22633526494575
2024-05-09 15:58:02,4074.0,66.68877441582367
2024-05-09 15:58:03,4075.0,66.20890324136816
2024-05-09 15:58:04,4076.0,65.79158041331954
2024-05-09 15:58:05,4077.0,65.44166460341808
2024-05-09 15:58:06,4078.0,65.16401448340415
2024-05-09 15:58:07,4079.0,64.96348872501801
2024-05-09 15:58:08,4080.0,64.84494600000001
2024-05-09 15:58:09,4081.0,64.77150085202196
2024-05-09 15:58:10,4082.0,64.7028494674628
2024-05-09 15:58:11,4083.0,64.63872298212355
2024-05-09 15:58:12,4084.0,64.57885253180524
2024-05-09 15:58:13,4085.0,64.52296925230885
2024-05-09 15:58:14,4086.0,64.47080427943544
2024-05-09 15:58:15,4087.0,64.42208874898598
2024-05-09 15:58:16,4088.0,64.37655379676154
2024-05-09 15:58:17,4089.0,64.33393055856308
2024-05-09 15:58:18,4090.0,64.29395017019164
2024-05-09 15:58:19,4091.0,64.25634376744821
2024-05-09 15:58:20,4092.0,64.22084248613388
2024-05-09 15:58:21,4093.0,64.18717746204958
2024-05-09 15:58:22,4094.0,64.15507983099636
2024-05-09 15:58:23,4095.0,64.12428072877522
2024-05-09 15:58:24,4096.0,64.09451129118722
2024-05-09 15:58:25,4097.0,64.06550265403332
2024-05-09 15:58:26,4098.0,64.03698595311457
2024-05-09 15:58:27,4099.0,64.00869232423196
2024-05-09 15:58:28,4100.0,63.98035290318654
2024-05-09 15:58:29,4101.0,63.951698825779296
2024-05-09 15:58:30,4102.0,63.922461227811255
2024-05-09 15:58:31,4103.0,63.892371245083446
2024-05-09 15:58:32,4104.0,63.86116001339684
2024-05-09 15:58:33,4105.0,63.8285586685525
2024-05-09 15:58:34,4106.0,63.79429834635141
2024-05-09 15:58:35,4107.0,63.758110182594606
2024-05-09 15:58:36,4108.0,63.7197253130831
2024-05-09 15:58:37,4109.0,63.67887487361788
2024-05-09 15:58:38,4110.0,63.635290000000005
2024-05-09 15:58:39,4111.0,63.59116743621363
2024-05-09 15:58:40,4112.0,63.54872893576811
2024-05-09 15:58:41,4113.0,63.5077431487522
2024-05-09 15:58:42,4114.0,63.46797872525463
2024-05-09 15:58:43,4115.0,63.42920431536415
2024-05-09 15:58:44,4116.0,63.391188569169536
2024-05-09 15:58:45,4117.0,63.35370013675952
2024-05-09 15:58:46,4118.0,63.31650766822284
2024-05-09 15:58:47,4119.0,63.27937981364826
2024-05-09 15:58:48,4120.0,63.242085223124526
2024-05-09 15:58:49,4121.0,63.20439254674039
2024-05-09 15:58:50,4122.0,63.16607043458458
2024-05-09 15:58:51,4123.0,63.126887536745855
2024-05-09 15:58:52,4124.0,63.086612503312985
2024-05-09 15:58:53,4125.0,63.0450139843747
2024-05-09 15:58:54,4126.0,63.00186063001974
2024-05-09 15:58:55,4127.0,62.956921090336884
2024-05-09 15:58:56,4128.0,62.90996401541485
2024-05-09 15:58:57,4129.0,62.8607580553424
2024-05-09 15:58:58,4130.0,62.80907186020828
2024-05-09 15:58:59,4131.0,62.75467408010124
2024-05-09 15:59:00,4132.0,62.69733336511002
2024-05-09 15:59:01,4133.0,62.63681836532339
2024-05-09 15:59:02,4134.0,62.57289773083008
2024-05-09 15:59:03,4135.0,62.505340111718844
2024-05-09 15:59:04,4136.0,62.43391415807844
2024-05-09 15:59:05,4137.0,62.358388519997604
2024-05-09 15:59:06,4138.0,62.278531847565084
2024-05-09 15:59:07,4139.0,62.19411279086964
2024-05-09 15:59:08,4140.0,62.10490000000001
2024-05-09 15:59:09,4141.0,61.9749914828518
2024-05-09 15:59:10,4142.0,61.7722531038188
2024-05-09 15:59:11,4143.0,61.50210529773707
2024-05-09 15:59:12,4144.0,61.169968499442625
2024-05-09 15:59:13,4145.0,60.781263143771525
2024-05-09 15:59:14,4146.0,60.341409665559794
2024-05-09 15:59:15,4147.0,59.8558284996435
2024-05-09 15:59:16,4148.0,59.32994008085866
2024-05-09 15:59:17,4149.0,58.769164844041335
2024-05-09 15:59:18,4150.0,58.17892322402755
2024-05-09 15:59:19,4151.0,57.56463565565335
2024-05-09 15:59:20,4152.0,56.931722573754776
2024-05-09 15:59:21,4153.0,56.285604413167874
2024-05-09 15:59:22,4154.0,55.631701608728676
2024-05-09 15:59:23,4155.0,54.97543459527324
2024-05-09 15:59:24,4156.0,54.32222380763759
2024-05-09 15:59:25,4157.0,53.67748968065778
2024-05-09 15:59:26,4158.0,53.04665264916984
2024-05-09 15:59:27,4159.0,52.435133148009825
2024-05-09 15:59:28,4160.0,51.848351612013765
2024-05-09 15:59:29,4161.0,51.29172847601771
2024-05-09 15:59:30,4162.0,50.77068417485768
2024-05-09 15:59:31,4163.0,50.29063914336975
2024-05-09 15:59:32,4164.0,49.85701381638994
2024-05-09 15:59:33,4165.0,49.475228628754294
2024-05-09 15:59:34,4166.0,49.15070401529886
2024-05-09 15:59:35,4167.0,48.888860410859664
2024-05-09 15:59:36,4168.0,48.69511825027277
2024-05-09 15:59:37,4169.0,48.574897968374195
2024-05-09 15:59:38,4170.0,48.53361999999999
2024-05-09 15:59:39,4171.0,48.54805998518518
2024-05-09 15:59:40,4172.0,48.59006721481481
2024-05-09 15:59:41,4173.0,48.65767259999999
2024-05-09 15:59:42,4174.0,48.748907051851845
2024-05-09 15:59:43,4175.0,48.86180148148148
2024-05-09 15:59:44,4176.0,48.994386799999994
2024-05-09 15:59:45,4177.0,49.14469391851851
2024-05-09 15:59:46,4178.0,49.310753748148144
2024-05-09 15:59:47,4179.0,49.49059719999999
2024-05-09 15:59:48,4180.0,49.682255185185184
2024-05-09 15:59:49,4181.0,49.88375861481481
2024-05-09 15:59:50,4182.0,50.093138399999994
2024-05-09 15:59:51,4183.0,50.308425451851846
2024-05-09 15:59:52,4184.0,50.527650681481475
2024-05-09 15:59:53,4185.0,50.748844999999996
2024-05-09 15:59:54,4186.0,50.970039318518516
2024-05-09 15:59:55,4187.0,51.189264548148145
2024-05-09 15:59:56,4188.0,51.4045516
2024-05-09 15:59:57,4189.0,51.61393138518518
2024-05-09 15:59:58,4190.0,51.815434814814815
2024-05-09 15:59:59,4191.0,52.007092799999995
2024-05-09 16:00:00,4192.0,52.186936251851854
2024-05-09 16:00:01,4193.0,52.35299608148148
2024-05-09 16:00:02,4194.0,52.5033032
2024-05-09 16:00:03,4195.0,52.63588851851852
2024-05-09 16:00:04,4196.0,52.74878294814815
2024-05-09 16:00:05,4197.0,52.840017399999994
2024-05-09 16:00:06,4198.0,52.90762278518518
2024-05-09 16:00:07,4199.0,52.949630014814815
2024-05-09 16:00:08,4200.0,52.96407
2024-05-09 16:00:09,4201.0,52.95452181960344
2024-05-09 16:00:10,4202.0,52.926632595250055
2024-05-09 16:00:11,4203.0,52.881535302194315
2024-05-09 16:00:12,4204.0,52.82036291569069
2024-05-09 16:00:13,4205.0,52.74424841099361
2024-05-09 16:00:14,4206.0,52.654324763357565
2024-05-09 16:00:15,4207.0,52.55172494803702
2024-05-09 16:00:16,4208.0,52.437581940286414
2024-05-09 16:00:17,4209.0,52.31302871536022
2024-05-09 16:00:18,4210.0,52.1791982485129
2024-05-09 16:00:19,4211.0,52.03722351499891
2024-05-09 16:00:20,4212.0,51.88823749007271
2024-05-09 16:00:21,4213.0,51.733373148988775
2024-05-09 16:00:22,4214.0,51.573763467001555
2024-05-09 16:00:23,4215.0,51.410541419365515
2024-05-09 16:00:24,4216.0,51.24483998133511
2024-05-09 16:00:25,4217.0,51.07779212816481
2024-05-09 16:00:26,4218.0,50.91053083510907
2024-05-09 16:00:27,4219.0,50.744189077422355
2024-05-09 16:00:28,4220.0,50.579899830359125
2024-05-09 16:00:29,4221.0,50.418796069173844
2024-05-09 16:00:30,4222.0,50.26201076912097
2024-05-09 16:00:31,4223.0,50.11067690545496
2024-05-09 16:00:32,4224.0,49.96592745343029
2024-05-09 16:00:33,4225.0,49.8288953883014
2024-05-09 16:00:34,4226.0,49.70071368532277
2024-05-09 16:00:35,4227.0,49.58251531974885
2024-05-09 16:00:36,4228.0,49.47543326683411
2024-05-09 16:00:37,4229.0,49.380600501833
2024-05-09 16:00:38,4230.0,49.29915
2024-05-09 16:00:39,4231.0,49.22441639475958
2024-05-09 16:00:40,4232.0,49.1491236925733
2024-05-09 16:00:41,4233.0,49.07348892825115
2024-05-09 16:00:42,4234.0,48.99772913660315
2024-05-09 16:00:43,4235.0,48.922061352439336
2024-05-09 16:00:44,4236.0,48.84670261056971
2024-05-09 16:00:45,4237.0,48.7718699458043
2024-05-09 16:00:46,4238.0,48.697780392953106
2024-05-09 16:00:47,4239.0,48.624650986826154
2024-05-09 16:00:48,4240.0,48.55269876223346
2024-05-09 16:00:49,4241.0,48.48214075398505
2024-05-09 16:00:50,4242.0,48.413193996890925
2024-05-09 16:00:51,4243.0,48.34607552576111
2024-05-09 16:00:52,4244.0,48.28100237540563
2024-05-09 16:00:53,4245.0,48.21819158063449
2024-05-09 16:00:54,4246.0,48.15786017625771
2024-05-09 16:00:55,4247.0,48.1002251970853
2024-05-09 16:00:56,4248.0,48.04550367792729
2024-05-09 16:00:57,4249.0,47.99391265359368
2024-05-09 16:00:58,4250.0,47.94566915889451
2024-05-09 16:00:59,4251.0,47.900990228639785
2024-05-09 16:01:00,4252.0,47.86009289763951
2024-05-09 16:01:01,4253.0,47.823194200703725
2024-05-09 16:01:02,4254.0,47.79051117264243
2024-05-09 16:01:03,4255.0,47.762260848265655
2024-05-09 16:01:04,4256.0,47.7386602623834
2024-05-09 16:01:05,4257.0,47.71992644980569
2024-05-09 16:01:06,4258.0,47.70627644534254
2024-05-09 16:01:07,4259.0,47.69792728380398
2024-05-09 16:01:08,4260.0,47.69509600000001
2024-05-09 16:01:09,4261.0,47.71600973451853
2024-05-09 16:01:10,4262.0,47.77684968948149
2024-05-09 16:01:11,4263.0,47.874763992000005
2024-05-09 16:01:12,4264.0,48.006900769185194
2024-05-09 16:01:13,4265.0,48.170408148148155
2024-05-09 16:01:14,4266.0,48.36243425600001
2024-05-09 16:01:15,4267.0,48.58012721985186
2024-05-09 16:01:16,4268.0,48.82063516681482
2024-05-09 16:01:17,4269.0,49.08110622400001
2024-05-09 16:01:18,4270.0,49.35868851851853
2024-05-09 16:01:19,4271.0,49.65053017748149
2024-05-09 16:01:20,4272.0,49.95377932800001
2024-05-09 16:01:21,4273.0,50.26558409718519
2024-05-09 16:01:22,4274.0,50.58309261214816
2024-05-09 16:01:23,4275.0,50.903453000000006
2024-05-09 16:01:24,4276.0,51.22381338785186
2024-05-09 16:01:25,4277.0,51.54132190281483
2024-05-09 16:01:26,4278.0,51.853126672000016
2024-05-09 16:01:27,4279.0,52.156375822518534
2024-05-09 16:01:28,4280.0,52.44821748148149
2024-05-09 16:01:29,4281.0,52.72579977600001
2024-05-09 16:01:30,4282.0,52.986270833185195
2024-05-09 16:01:31,4283.0,53.22677878014816
2024-05-09 16:01:32,4284.0,53.44447174400001
2024-05-09 16:01:33,4285.0,53.636497851851864
2024-05-09 16:01:34,4286.0,53.800005230814826
2024-05-09 16:01:35,4287.0,53.93214200800001
2024-05-09 16:01:36,4288.0,54.030056310518525
2024-05-09 16:01:37,4289.0,54.09089626548149
2024-05-09 16:01:38,4290.0,54.11181000000001
2024-05-09 16:01:39,4291.0,54.0953562162963
2024-05-09 16:01:40,4292.0,54.04749066370372
2024-05-09 16:01:41,4293.0,53.970457040000014
2024-05-09 16:01:42,4294.0,53.86649904296298
2024-05-09 16:01:43,4295.0,53.737860370370385
2024-05-09 16:01:44,4296.0,53.58678472000001
2024-05-09 16:01:45,4297.0,53.41551578962964
2024-05-09 16:01:46,4298.0,53.22629727703705
2024-05-09 16:01:47,4299.0,53.02137288000001
2024-05-09 16:01:48,4300.0,52.802986296296304
2024-05-09 16:01:49,4301.0,52.57338122370371
2024-05-09 16:01:50,4302.0,52.33480136000001
2024-05-09 16:01:51,4303.0,52.08949040296297
2024-05-09 16:01:52,4304.0,51.839692050370374
2024-05-09 16:01:53,4305.0,51.58765000000001
2024-05-09 16:01:54,4306.0,51.33560794962963
2024-05-09 16:01:55,4307.0,51.08580959703704
2024-05-09 16:01:56,4308.0,50.84049864
2024-05-09 16:01:57,4309.0,50.6019187762963
2024-05-09 16:01:58,4310.0,50.37231370370371
2024-05-09 16:01:59,4311.0,50.153927120000006
2024-05-09 16:02:00,4312.0,49.949002722962966
2024-05-09 16:02:01,4313.0,49.75978421037038
2024-05-09 16:02:02,4314.0,49.58851528
2024-05-09 16:02:03,4315.0,49.43743962962964
2024-05-09 16:02:04,4316.0,49.30880095703704
2024-05-09 16:02:05,4317.0,49.20484296000001
2024-05-09 16:02:06,4318.0,49.127809336296295
2024-05-09 16:02:07,4319.0,49.07994378370371
2024-05-09 16:02:08,4320.0,49.06349
2024-05-09 16:02:09,4321.0,49.06410839146114
2024-05-09 16:02:10,4322.0,49.06592921146679
2024-05-09 16:02:11,4323.0,49.06890092845026
2024-05-09 16:02:12,4324.0,49.07297201084489
2024-05-09 16:02:13,4325.0,49.078090927084006
2024-05-09 16:02:14,4326.0,49.08420614560094
2024-05-09 16:02:15,4327.0,49.09126613482899
2024-05-09 16:02:16,4328.0,49.09921936320152
2024-05-09 16:02:17,4329.0,49.10801429915184
2024-05-09 16:02:18,4330.0,49.11759941111327
2024-05-09 16:02:19,4331.0,49.12792316751915
2024-05-09 16:02:20,4332.0,49.1389340368028
2024-05-09 16:02:21,4333.0,49.15058048739755
2024-05-09 16:02:22,4334.0,49.16281098773672
2024-05-09 16:02:23,4335.0,49.17557400625365
2024-05-09 16:02:24,4336.0,49.18881801138165
2024-05-09 16:02:25,4337.0,49.202491471554055
2024-05-09 16:02:26,4338.0,49.216542855204196
2024-05-09 16:02:27,4339.0,49.230920630765404
2024-05-09 16:02:28,4340.0,49.24557326667098
2024-05-09 16:02:29,4341.0,49.26044923135428
2024-05-09 16:02:30,4342.0,49.27549699324862
2024-05-09 16:02:31,4343.0,49.29066502078733
2024-05-09 16:02:32,4344.0,49.30590178240373
2024-05-09 16:02:33,4345.0,49.32115574653115
2024-05-09 16:02:34,4346.0,49.33637538160291
2024-05-09 16:02:35,4347.0,49.35150915605235
2024-05-09 16:02:36,4348.0,49.3665055383128
2024-05-09 16:02:37,4349.0,49.38131299681757
2024-05-09 16:02:38,4350.0,49.39587999999999
2024-05-09 16:02:39,4351.0,49.41138600881205
2024-05-09 16:02:40,4352.0,49.428925120057556
2024-05-09 16:02:41,4353.0,49.44831775594763
2024-05-09 16:02:42,4354.0,49.469384338693374
2024-05-09 16:02:43,4355.0,49.491945290505875
2024-05-09 16:02:44,4356.0,49.51582103359626
2024-05-09 16:02:45,4357.0,49.54083199017562
2024-05-09 16:02:46,4358.0,49.566798582455064
2024-05-09 16:02:47,4359.0,49.593541232645705
2024-05-09 16:02:48,4360.0,49.62088036295864
2024-05-09 16:02:49,4361.0,49.64863639560496
2024-05-09 16:02:50,4362.0,49.67662975279579
2024-05-09 16:02:51,4363.0,49.704680856742236
2024-05-09 16:02:52,4364.0,49.73261012965538
2024-05-09 16:02:53,4365.0,49.760237993746344
2024-05-09 16:02:54,4366.0,49.787384871226244
2024-05-09 16:02:55,4367.0,49.813871184306144
2024-05-09 16:02:56,4368.0,49.839517355197195
2024-05-09 16:02:57,4369.0,49.86414380611048
2024-05-09 16:02:58,4370.0,49.88757095925709
2024-05-09 16:02:59,4371.0,49.90961923684816
2024-05-09 16:03:00,4372.0,49.930109061094775
2024-05-09 16:03:01,4373.0,49.948860854208036
2024-05-09 16:03:02,4374.0,49.96569503839907
2024-05-09 16:03:03,4375.0,49.980432035878955
2024-05-09 16:03:04,4376.0,49.99289226885881
2024-05-09 16:03:05,4377.0,50.002896159549735
2024-05-09 16:03:06,4378.0,50.01026413016284
2024-05-09 16:03:07,4379.0,50.01481660290922
2024-05-09 16:03:08,4380.0,50.016374
2024-05-09 16:03:09,4381.0,50.01575291973158
2024-05-09 16:03:10,4382.0,50.01393456754575
2024-05-09 16:03:11,4383.0,50.0109862763716
2024-05-09 16:03:12,4384.0,50.00697537913821
2024-05-09 16:03:13,4385.0,50.00196920877469
2024-05-09 16:03:14,4386.0,49.99603509821013
2024-05-09 16:03:15,4387.0,49.98924038037363
2024-05-09 16:03:16,4388.0,49.981652388194284
2024-05-09 16:03:17,4389.0,49.9733384546012
2024-05-09 16:03:18,4390.0,49.96436591252345
2024-05-09 16:03:19,4391.0,49.95480209489015
2024-05-09 16:03:20,4392.0,49.94471433463039
2024-05-09 16:03:21,4393.0,49.934169964673266
2024-05-09 16:03:22,4394.0,49.923236317947875
2024-05-09 16:03:23,4395.0,49.911980727383316
2024-05-09 16:03:24,4396.0,49.90047052590869
2024-05-09 16:03:25,4397.0,49.88877304645308
2024-05-09 16:03:26,4398.0,49.876955621945584
2024-05-09 16:03:27,4399.0,49.865085585315306
2024-05-09 16:03:28,4400.0,49.85323026949134
2024-05-09 16:03:29,4401.0,49.84145700740278
2024-05-09 16:03:30,4402.0,49.82983313197873
2024-05-09 16:03:31,4403.0,49.818425976148276
2024-05-09 16:03:32,4404.0,49.80730287284052
2024-05-09 16:03:33,4405.0,49.79653115498456
2024-05-09 16:03:34,4406.0,49.78617815550948
2024-05-09 16:03:35,4407.0,49.77631120734439
2024-05-09 16:03:36,4408.0,49.766997643418385
2024-05-09 16:03:37,4409.0,49.75830479666055
2024-05-09 16:03:38,4410.0,49.750299999999996
2024-05-09 16:03:39,4411.0,49.74250656304314
2024-05-09 16:03:40,4412.0,49.7344285808779
2024-05-09 16:03:41,4413.0,49.7261045646556
2024-05-09 16:03:42,4414.0,49.71757302552755
2024-05-09 16:03:43,4415.0,49.70887247464507
2024-05-09 16:03:44,4416.0,49.700041423159476
2024-05-09 16:03:45,4417.0,49.691118382222086
2024-05-09 16:03:46,4418.0,49.68214186298422
2024-05-09 16:03:47,4419.0,49.673150376597206
2024-05-09 16:03:48,4420.0,49.66418243421236
2024-05-09 16:03:49,4421.0,49.65527654698098
2024-05-09 16:03:50,4422.0,49.64647122605441
2024-05-09 16:03:51,4423.0,49.63780498258396
2024-05-09 16:03:52,4424.0,49.62931632772093
2024-05-09 16:03:53,4425.0,49.62104377261667
2024-05-09 16:03:54,4426.0,49.613025828422494
2024-05-09 16:03:55,4427.0,49.605301006289686
2024-05-09 16:03:56,4428.0,49.5979078173696
2024-05-09 16:03:57,4429.0,49.59088477281355
2024-05-09 16:03:58,4430.0,49.58427038377285
2024-05-09 16:03:59,4431.0,49.57810316139881
2024-05-09 16:04:00,4432.0,49.57242161684275
2024-05-09 16:04:01,4433.0,49.567264261256
2024-05-09 16:04:02,4434.0,49.56266960578987
2024-05-09 16:04:03,4435.0,49.558676161595685
2024-05-09 16:04:04,4436.0,49.55532243982476
2024-05-09 16:04:05,4437.0,49.552646951628404
2024-05-09 16:04:06,4438.0,49.55068820815795
2024-05-09 16:04:07,4439.0,49.549484720564706
2024-05-09 16:04:08,4440.0,49.549075
2024-05-09 16:04:09,4441.0,49.58232901037037
2024-05-09 16:04:10,4442.0,49.67906794962963
2024-05-09 16:04:11,4443.0,49.834757180000004
2024-05-09 16:04:12,4444.0,50.04486206370371
2024-05-09 16:04:13,4445.0,50.30484796296297
2024-05-09 16:04:14,4446.0,50.61018024
2024-05-09 16:04:15,4447.0,50.95632425703704
2024-05-09 16:04:16,4448.0,51.338745376296295
2024-05-09 16:04:17,4449.0,51.75290896
2024-05-09 16:04:18,4450.0,52.19428037037037
2024-05-09 16:04:19,4451.0,52.658324969629625
2024-05-09 16:04:20,4452.0,53.14050812000001
2024-05-09 16:04:21,4453.0,53.6362951837037
2024-05-09 16:04:22,4454.0,54.14115152296296
2024-05-09 16:04:23,4455.0,54.6505425
2024-05-09 16:04:24,4456.0,55.159933477037036
2024-05-09 16:04:25,4457.0,55.6647898162963
2024-05-09 16:04:26,4458.0,56.16057688000001
2024-05-09 16:04:27,4459.0,56.64276003037037
2024-05-09 16:04:28,4460.0,57.10680462962962
2024-05-09 16:04:29,4461.0,57.54817604
2024-05-09 16:04:30,4462.0,57.962339623703706
2024-05-09 16:04:31,4463.0,58.34476074296296
2024-05-09 16:04:32,4464.0,58.690904759999995
2024-05-09 16:04:33,4465.0,58.99623703703704
2024-05-09 16:04:34,4466.0,59.256222936296304
2024-05-09 16:04:35,4467.0,59.46632781999999
2024-05-09 16:04:36,4468.0,59.622017050370374
2024-05-09 16:04:37,4469.0,59.71875598962963
2024-05-09 16:04:38,4470.0,59.75201
2024-05-09 16:04:39,4471.0,59.72475085122924
2024-05-09 16:04:40,4472.0,59.64504581424932
2024-05-09 16:04:41,4473.0,59.51600350305881
2024-05-09 16:04:42,4474.0,59.34073253165624
2024-05-09 16:04:43,4475.0,59.12234151404016
2024-05-09 16:04:44,4476.0,58.86393906420911
2024-05-09 16:04:45,4477.0,58.56863379616166
2024-05-09 16:04:46,4478.0,58.239534323896336
2024-05-09 16:04:47,4479.0,57.879749261411696
2024-05-09 16:04:48,4480.0,57.492387222706284
2024-05-09 16:04:49,4481.0,57.08055682177865
2024-05-09 16:04:50,4482.0,56.64736667262734
2024-05-09 16:04:51,4483.0,56.19592538925092
2024-05-09 16:04:52,4484.0,55.7293415856479
2024-05-09 16:04:53,4485.0,55.25072387581686
2024-05-09 16:04:54,4486.0,54.76318087375633
2024-05-09 16:04:55,4487.0,54.26982119346488
2024-05-09 16:04:56,4488.0,53.77375344894102
2024-05-09 16:04:57,4489.0,53.278086254183336
2024-05-09 16:04:58,4490.0,52.78592822319035
2024-05-09 16:04:59,4491.0,52.30038796996063
2024-05-09 16:05:00,4492.0,51.824574108492705
2024-05-09 16:05:01,4493.0,51.361595252785136
2024-05-09 16:05:02,4494.0,50.91456001683646
2024-05-09 16:05:03,4495.0,50.48657701464524
2024-05-09 16:05:04,4496.0,50.08075486021001
2024-05-09 16:05:05,4497.0,49.700202167529326
2024-05-09 16:05:06,4498.0,49.34802755060173
2024-05-09 16:05:07,4499.0,49.027339623425775
2024-05-09 16:05:08,4500.0,48.741247
2024-05-09 16:05:09,4501.0,48.47043396650015
2024-05-09 16:05:10,4502.0,48.19419575547235
2024-05-09 16:05:11,4503.0,47.91355740047068
2024-05-09 16:05:12,4504.0,47.62954393504925
2024-05-09 16:05:13,4505.0,47.34318039276217
2024-05-09 16:05:14,4506.0,47.05549180716354
2024-05-09 16:05:15,4507.0,46.76750321180746
2024-05-09 16:05:16,4508.0,46.48023964024804
2024-05-09 16:05:17,4509.0,46.19472612603938
2024-05-09 16:05:18,4510.0,45.91198770273558
2024-05-09 16:05:19,4511.0,45.63304940389074
2024-05-09 16:05:20,4512.0,45.35893626305898
2024-05-09 16:05:21,4513.0,45.09067331379439
2024-05-09 16:05:22,4514.0,44.82928558965107
2024-05-09 16:05:23,4515.0,44.57579812418314
2024-05-09 16:05:24,4516.0,44.331235950944695
2024-05-09 16:05:25,4517.0,44.09662410348982
2024-05-09 16:05:26,4518.0,43.87298761537265
2024-05-09 16:05:27,4519.0,43.66135152014728
2024-05-09 16:05:28,4520.0,43.46274085136779
2024-05-09 16:05:29,4521.0,43.2781806425883
2024-05-09 16:05:30,4522.0,43.108695927362916
2024-05-09 16:05:31,4523.0,42.95531173924575
2024-05-09 16:05:32,4524.0,42.81905311179088
2024-05-09 16:05:33,4525.0,42.70094507855243
2024-05-09 16:05:34,4526.0,42.6020126730845
2024-05-09 16:05:35,4527.0,42.52328092894118
2024-05-09 16:05:36,4528.0,42.465774879676594
2024-05-09 16:05:37,4529.0,42.430519558844836
2024-05-09 16:05:38,4530.0,42.41854
2024-05-09 16:05:39,4531.0,42.427504103703704
2024-05-09 16:05:40,4532.0,42.453581496296295
2024-05-09 16:05:41,4533.0,42.4955498
2024-05-09 16:05:42,4534.0,42.55218663703703
2024-05-09 16:05:43,4535.0,42.622269629629635
2024-05-09 16:05:44,4536.0,42.7045764
2024-05-09 16:05:45,4537.0,42.79788457037037
2024-05-09 16:05:46,4538.0,42.90097176296297
2024-05-09 16:05:47,4539.0,43.012615600000004
2024-05-09 16:05:48,4540.0,43.13159370370371
2024-05-09 16:05:49,4541.0,43.25668369629629
2024-05-09 16:05:50,4542.0,43.3866632
2024-05-09 16:05:51,4543.0,43.52030983703704
2024-05-09 16:05:52,4544.0,43.65640122962964
2024-05-09 16:05:53,4545.0,43.793715000000006
2024-05-09 16:05:54,4546.0,43.931028770370375
2024-05-09 16:05:55,4547.0,44.06712016296297
2024-05-09 16:05:56,4548.0,44.200766800000004
2024-05-09 16:05:57,4549.0,44.330746303703705
2024-05-09 16:05:58,4550.0,44.4558362962963
2024-05-09 16:05:59,4551.0,44.5748144
2024-05-09 16:06:00,4552.0,44.686458237037044
2024-05-09 16:06:01,4553.0,44.789545429629634
2024-05-09 16:06:02,4554.0,44.882853600000004
2024-05-09 16:06:03,4555.0,44.96516037037038
2024-05-09 16:06:04,4556.0,45.035243362962966
2024-05-09 16:06:05,4557.0,45.091880200000006
2024-05-09 16:06:06,4558.0,45.13384850370371
2024-05-09 16:06:07,4559.0,45.1599258962963
2024-05-09 16:06:08,4560.0,45.168890000000005
2024-05-09 16:06:09,4561.0,45.167232559037764
2024-05-09 16:06:10,4562.0,45.16237782678188
2024-05-09 16:06:11,4563.0,45.15450218917852
2024-05-09 16:06:12,4564.0,45.14378203217393
2024-05-09 16:06:13,4565.0,45.13039374171429
2024-05-09 16:06:14,4566.0,45.11451370374584
2024-05-09 16:06:15,4567.0,45.09631830421477
2024-05-09 16:06:16,4568.0,45.0759839290673
2024-05-09 16:06:17,4569.0,45.05368696424963
2024-05-09 16:06:18,4570.0,45.02960379570796
2024-05-09 16:06:19,4571.0,45.00391080938852
2024-05-09 16:06:20,4572.0,44.97678439123752
2024-05-09 16:06:21,4573.0,44.948400927201156
2024-05-09 16:06:22,4574.0,44.918936803225634
2024-05-09 16:06:23,4575.0,44.88856840525718
2024-05-09 16:06:24,4576.0,44.857472119242
2024-05-09 16:06:25,4577.0,44.82582433112629
2024-05-09 16:06:26,4578.0,44.79380142685628
2024-05-09 16:06:27,4579.0,44.76157979237816
2024-05-09 16:06:28,4580.0,44.729335813638144
2024-05-09 16:06:29,4581.0,44.69724587658245
2024-05-09 16:06:30,4582.0,44.66548636715728
2024-05-09 16:06:31,4583.0,44.63423367130884
2024-05-09 16:06:32,4584.0,44.60366417498336
2024-05-09 16:06:33,4585.0,44.573954264127025
2024-05-09 16:06:34,4586.0,44.545280324686054
2024-05-09 16:06:35,4587.0,44.51781874260666
2024-05-09 16:06:36,4588.0,44.491745903835046
2024-05-09 16:06:37,4589.0,44.467238194317424
2024-05-09 16:06:38,4590.0,44.444472000000005
2024-05-09 16:06:39,4591.0,44.42211819975667
2024-05-09 16:06:40,4592.0,44.39881018209089
2024-05-09 16:06:41,4593.0,44.374668097393354
2024-05-09 16:06:42,4594.0,44.3498120960547
2024-05-09 16:06:43,4595.0,44.32436232846558
2024-05-09 16:06:44,4596.0,44.298438945016656
2024-05-09 16:06:45,4597.0,44.27216209609857
2024-05-09 16:06:46,4598.0,44.24565193210199
2024-05-09 16:06:47,4599.0,44.219028603417556
2024-05-09 16:06:48,4600.0,44.19241226043594
2024-05-09 16:06:49,4601.0,44.16592305354778
2024-05-09 16:06:50,4602.0,44.13968113314373
2024-05-09 16:06:51,4603.0,44.11380664961445
2024-05-09 16:06:52,4604.0,44.0884197533506
2024-05-09 16:06:53,4605.0,44.063640594742814
2024-05-09 16:06:54,4606.0,44.039589324181776
2024-05-09 16:06:55,4607.0,44.01638609205811
2024-05-09 16:06:56,4608.0,43.99415104876249
2024-05-09 16:06:57,4609.0,43.973004344685556
2024-05-09 16:06:58,4610.0,43.95306613021797
2024-05-09 16:06:59,4611.0,43.93445655575038
2024-05-09 16:07:00,4612.0,43.917295771673444
2024-05-09 16:07:01,4613.0,43.90170392837783
2024-05-09 16:07:02,4614.0,43.887801176254165
2024-05-09 16:07:03,4615.0,43.87570766569311
2024-05-09 16:07:04,4616.0,43.865543547085345
2024-05-09 16:07:05,4617.0,43.85742897082149
2024-05-09 16:07:06,4618.0,43.85148408729221
2024-05-09 16:07:07,4619.0,43.84782904688816
2024-05-09 16:07:08,4620.0,43.846584
2024-05-09 16:07:09,4621.0,43.847047381925925
2024-05-09 16:07:10,4622.0,43.848395402074075
2024-05-09 16:07:11,4623.0,43.850564872
2024-05-09 16:07:12,4624.0,43.85349260325926
2024-05-09 16:07:13,4625.0,43.857115407407406
2024-05-09 16:07:14,4626.0,43.861370096
2024-05-09 16:07:15,4627.0,43.86619348059259
2024-05-09 16:07:16,4628.0,43.87152237274074
2024-05-09 16:07:17,4629.0,43.877293584
2024-05-09 16:07:18,4630.0,43.88344392592593
2024-05-09 16:07:19,4631.0,43.88991021007408
2024-05-09 16:07:20,4632.0,43.896629248
2024-05-09 16:07:21,4633.0,43.903537851259266
2024-05-09 16:07:22,4634.0,43.910572831407414
2024-05-09 16:07:23,4635.0,43.917671
2024-05-09 16:07:24,4636.0,43.9247691685926
2024-05-09 16:07:25,4637.0,43.93180414874074
2024-05-09 16:07:26,4638.0,43.938712752
2024-05-09 16:07:27,4639.0,43.945431789925934
2024-05-09 16:07:28,4640.0,43.95189807407408
2024-05-09 16:07:29,4641.0,43.958048416000004
2024-05-09 16:07:30,4642.0,43.96381962725926
2024-05-09 16:07:31,4643.0,43.96914851940741
2024-05-09 16:07:32,4644.0,43.97397190400001
2024-05-09 16:07:33,4645.0,43.9782265925926
2024-05-09 16:07:34,4646.0,43.98184939674074
2024-05-09 16:07:35,4647.0,43.984777128000005
2024-05-09 16:07:36,4648.0,43.98694659792593
2024-05-09 16:07:37,4649.0,43.98829461807408
2024-05-09 16:07:38,4650.0,43.988758000000004
2024-05-09 16:07:39,4651.0,43.98086217284512
2024-05-09 16:07:40,4652.0,43.95777331612214
2024-05-09 16:07:41,4653.0,43.920389366943574
2024-05-09 16:07:42,4654.0,43.86960826242192
2024-05-09 16:07:43,4655.0,43.80632793966968
2024-05-09 16:07:44,4656.0,43.731446335799376
2024-05-09 16:07:45,4657.0,43.64586138792348
2024-05-09 16:07:46,4658.0,43.55047103315453
2024-05-09 16:07:47,4659.0,43.44617320860501
2024-05-09 16:07:48,4660.0,43.33386585138743
2024-05-09 16:07:49,4661.0,43.21444689861429
2024-05-09 16:07:50,4662.0,43.0888142873981
2024-05-09 16:07:51,4663.0,42.95786595485137
2024-05-09 16:07:52,4664.0,42.82249983808659
2024-05-09 16:07:53,4665.0,42.68361387421628
2024-05-09 16:07:54,4666.0,42.54210600035293
2024-05-09 16:07:55,4667.0,42.39887415360906
2024-05-09 16:07:56,4668.0,42.25481627109716
2024-05-09 16:07:57,4669.0,42.11083028992974
2024-05-09 16:07:58,4670.0,41.96781414721929
2024-05-09 16:07:59,4671.0,41.82666578007834
2024-05-09 16:08:00,4672.0,41.688283125619385
2024-05-09 16:08:01,4673.0,41.55356412095493
2024-05-09 16:08:02,4674.0,41.423406703197465
2024-05-09 16:08:03,4675.0,41.29870880945952
2024-05-09 16:08:04,4676.0,41.18036837685357
2024-05-09 16:08:05,4677.0,41.06928334249215
2024-05-09 16:08:06,4678.0,40.96635164348774
2024-05-09 16:08:07,4679.0,40.87247121695286
2024-05-09 16:08:08,4680.0,40.78854
2024-05-09 16:08:09,4681.0,40.71215751534416
2024-05-09 16:08:10,4682.0,40.640086117720685
2024-05-09 16:08:11,4683.0,40.57196799227257
2024-05-09 16:08:12,4684.0,40.50744532414283
2024-05-09 16:08:13,4685.0,40.446160298474446
2024-05-09 16:08:14,4686.0,40.38775510041045
2024-05-09 16:08:15,4687.0,40.33187191509383
2024-05-09 16:08:16,4688.0,40.27815292766759
2024-05-09 16:08:17,4689.0,40.226240323274745
2024-05-09 16:08:18,4690.0,40.17577628705829
2024-05-09 16:08:19,4691.0,40.12640300416125
2024-05-09 16:08:20,4692.0,40.077762659726595
2024-05-09 16:08:21,4693.0,40.029497438897366
2024-05-09 16:08:22,4694.0,39.98124952681655
2024-05-09 16:08:23,4695.0,39.93266110862715
2024-05-09 16:08:24,4696.0,39.88337436947218
2024-05-09 16:08:25,4697.0,39.83303149449464
2024-05-09 16:08:26,4698.0,39.78127466883753
2024-05-09 16:08:27,4699.0,39.727746077643864
2024-05-09 16:08:28,4700.0,39.672087906056646
2024-05-09 16:08:29,4701.0,39.61394233921887
2024-05-09 16:08:30,4702.0,39.552951562273556
2024-05-09 16:08:31,4703.0,39.4887577603637
2024-05-09 16:08:32,4704.0,39.42100311863231
2024-05-09 16:08:33,4705.0,39.34932982222239
2024-05-09 16:08:34,4706.0,39.27338005627695
2024-05-09 16:08:35,4707.0,39.19279600593898
2024-05-09 16:08:36,4708.0,39.107219856351485
2024-05-09 16:08:37,4709.0,39.0162937926575
2024-05-09 16:08:38,4710.0,38.91966
2024-05-09 16:08:39,4711.0,38.802299470645536
2024-05-09 16:08:40,4712.0,38.65119662337822
2024-05-09 16:08:41,4713.0,38.468998783117456
2024-05-09 16:08:42,4714.0,38.25835327478263
2024-05-09 16:08:43,4715.0,38.021907423293115
2024-05-09 16:08:44,4716.0,37.76230855356832
2024-05-09 16:08:45,4717.0,37.48220399052763
2024-05-09 16:08:46,4718.0,37.18424105909043
2024-05-09 16:08:47,4719.0,36.87106708417612
2024-05-09 16:08:48,4720.0,36.545329390704076
2024-05-09 16:08:49,4721.0,36.20967530359369
2024-05-09 16:08:50,4722.0,35.866752147764366
2024-05-09 16:08:51,4723.0,35.51920724813547
2024-05-09 16:08:52,4724.0,35.169687929626406
2024-05-09 16:08:53,4725.0,34.820841517156566
2024-05-09 16:08:54,4726.0,34.475315335645334
2024-05-09 16:08:55,4727.0,34.135756710012096
2024-05-09 16:08:56,4728.0,33.80481296517624
2024-05-09 16:08:57,4729.0,33.48513142605717
2024-05-09 16:08:58,4730.0,33.17935941757426
2024-05-09 16:08:59,4731.0,32.890144264646906
2024-05-09 16:09:00,4732.0,32.6201332921945
2024-05-09 16:09:01,4733.0,32.37197382513643
2024-05-09 16:09:02,4734.0,32.14831318839208
2024-05-09 16:09:03,4735.0,31.951798706880847
2024-05-09 16:09:04,4736.0,31.785077705522113
2024-05-09 16:09:05,4737.0,31.650797509235275
2024-05-09 16:09:06,4738.0,31.551605442939714
2024-05-09 16:09:07,4739.0,31.49014883155483
2024-05-09 16:09:08,4740.0,31.469075
2024-05-09 16:09:09,4741.0,31.482288581333332
2024-05-09 16:09:10,4742.0,31.520728090666665
2024-05-09 16:09:11,4743.0,31.582591676
2024-05-09 16:09:12,4744.0,31.666077485333332
2024-05-09 16:09:13,4745.0,31.769383666666666
2024-05-09 16:09:14,4746.0,31.890708368
2024-05-09 16:09:15,4747.0,32.02824973733333
2024-05-09 16:09:16,4748.0,32.180205922666666
2024-05-09 16:09:17,4749.0,32.344775072
2024-05-09 16:09:18,4750.0,32.520155333333335
2024-05-09 16:09:19,4751.0,32.704544854666665
2024-05-09 16:09:20,4752.0,32.896141784
2024-05-09 16:09:21,4753.0,33.09314426933333
2024-05-09 16:09:22,4754.0,33.293750458666665
2024-05-09 16:09:23,4755.0,33.49615849999999
2024-05-09 16:09:24,4756.0,33.69856654133333
2024-05-09 16:09:25,4757.0,33.89917273066666
2024-05-09 16:09:26,4758.0,34.09617521599999
2024-05-09 16:09:27,4759.0,34.28777214533333
2024-05-09 16:09:28,4760.0,34.472161666666665
2024-05-09 16:09:29,4761.0,34.647541928
2024-05-09 16:09:30,4762.0,34.81211107733333
2024-05-09 16:09:31,4763.0,34.96406726266667
2024-05-09 16:09:32,4764.0,35.101608631999994
2024-05-09 16:09:33,4765.0,35.22293333333333
2024-05-09 16:09:34,4766.0,35.32623951466666
2024-05-09 16:09:35,4767.0,35.40972532399999
2024-05-09 16:09:36,4768.0,35.47158890933333
2024-05-09 16:09:37,4769.0,35.510028418666664
2024-05-09 16:09:38,4770.0,35.523241999999996
2024-05-09 16:09:39,4771.0,35.52311430468469
2024-05-09 16:09:40,4772.0,35.52273148322671
2024-05-09 16:09:41,4773.0,35.52209393235795
2024-05-09 16:09:42,4774.0,35.521202048810316
2024-05-09 16:09:43,4775.0,35.52005622931572
2024-05-09 16:09:44,4776.0,35.518656870606044
2024-05-09 16:09:45,4777.0,35.51700436941321
2024-05-09 16:09:46,4778.0,35.51509912246911
2024-05-09 16:09:47,4779.0,35.51294152650566
2024-05-09 16:09:48,4780.0,35.51053197825474
2024-05-09 16:09:49,4781.0,35.507870874448265
2024-05-09 16:09:50,4782.0,35.50495861181815
2024-05-09 16:09:51,4783.0,35.50179558709627
2024-05-09 16:09:52,4784.0,35.49838219701454
2024-05-09 16:09:53,4785.0,35.49471883830488
2024-05-09 16:09:54,4786.0,35.49080590769916
2024-05-09 16:09:55,4787.0,35.486643801929304
2024-05-09 16:09:56,4788.0,35.48223291772722
2024-05-09 16:09:57,4789.0,35.47757365182479
2024-05-09 16:09:58,4790.0,35.472666400953926
2024-05-09 16:09:59,4791.0,35.467511561846536
2024-05-09 16:10:00,4792.0,35.46210953123451
2024-05-09 16:10:01,4793.0,35.45646070584977
2024-05-09 16:10:02,4794.0,35.450565482424196
2024-05-09 16:10:03,4795.0,35.444424257689704
2024-05-09 16:10:04,4796.0,35.438037428378195
2024-05-09 16:10:05,4797.0,35.43140539122157
2024-05-09 16:10:06,4798.0,35.42452854295172
2024-05-09 16:10:07,4799.0,35.41740728030057
2024-05-09 16:10:08,4800.0,35.410042000000004
2024-05-09 16:10:09,4801.0,35.378361921670184
2024-05-09 16:10:10,4802.0,35.29948467676673
2024-05-09 16:10:11,4803.0,35.17519327977471
2024-05-09 16:10:12,4804.0,35.00727074517921
2024-05-09 16:10:13,4805.0,34.79750008746531
2024-05-09 16:10:14,4806.0,34.54766432111809
2024-05-09 16:10:15,4807.0,34.25954646062263
2024-05-09 16:10:16,4808.0,33.934929520464024
2024-05-09 16:10:17,4809.0,33.57559651512732
2024-05-09 16:10:18,4810.0,33.18333045909765
2024-05-09 16:10:19,4811.0,32.75991436686005
2024-05-09 16:10:20,4812.0,32.30713125289962
2024-05-09 16:10:21,4813.0,31.82676413170144
2024-05-09 16:10:22,4814.0,31.320596017750596
2024-05-09 16:10:23,4815.0,30.79040992553215
2024-05-09 16:10:24,4816.0,30.237988869531208
2024-05-09 16:10:25,4817.0,29.665115864232835
2024-05-09 16:10:26,4818.0,29.073573924122115
2024-05-09 16:10:27,4819.0,28.465146063684124
2024-05-09 16:10:28,4820.0,27.841615297403962
2024-05-09 16:10:29,4821.0,27.204764639766687
2024-05-09 16:10:30,4822.0,26.556377105257397
2024-05-09 16:10:31,4823.0,25.898235708361163
2024-05-09 16:10:32,4824.0,25.23212346356307
2024-05-09 16:10:33,4825.0,24.559823385348196
2024-05-09 16:10:34,4826.0,23.883118488201628
2024-05-09 16:10:35,4827.0,23.20379178660844
2024-05-09 16:10:36,4828.0,22.523626295053724
2024-05-09 16:10:37,4829.0,21.844405028022546
2024-05-09 16:10:38,4830.0,21.167911
2024-05-09 16:10:39,4831.0,20.438029323904374
2024-05-09 16:10:40,4832.0,19.602836587637228
2024-05-09 16:10:41,4833.0,18.670403018158527
2024-05-09 16:10:42,4834.0,17.64879884242825
2024-05-09 16:10:43,4835.0,16.54609428740636
2024-05-09 16:10:44,4836.0,15.37035958005283
2024-05-09 16:10:45,4837.0,14.12966494732763
2024-05-09 16:10:46,4838.0,12.832080616190735
2024-05-09 16:10:47,4839.0,11.485676813602115
2024-05-09 16:10:48,4840.0,10.098523766521733
2024-05-09 16:10:49,4841.0,8.678691701909566
2024-05-09 16:10:50,4842.0,7.234250846725583
2024-05-09 16:10:51,4843.0,5.773271427929759
2024-05-09 16:10:52,4844.0,4.303823672482055
2024-05-09 16:10:53,4845.0,2.8339778073424533
2024-05-09 16:10:54,4846.0,1.3718040594709153
2024-05-09 16:10:55,4847.0,-0.07462734417258332
2024-05-09 16:10:56,4848.0,-1.4972461766280762
2024-05-09 16:10:57,4849.0,-2.887982210935588
2024-05-09 16:10:58,4850.0,-4.23876522013515
2024-05-09 16:10:59,4851.0,-5.541524977266791
2024-05-09 16:11:00,4852.0,-6.7881912553705455
2024-05-09 16:11:01,4853.0,-7.970693827486432
2024-05-09 16:11:02,4854.0,-9.08096246665449
2024-05-09 16:11:03,4855.0,-10.110926945914741
2024-05-09 16:11:04,4856.0,-11.052517038307222
2024-05-09 16:11:05,4857.0,-11.89766251687196
2024-05-09 16:11:06,4858.0,-12.638293154648988
2024-05-09 16:11:07,4859.0,-13.26633872467832
2024-05-09 16:11:08,4860.0,-13.773729000000001
2024-05-09 16:11:09,4861.0,-14.204485563419386
2024-05-09 16:11:10,4862.0,-14.609107482142157
2024-05-09 16:11:11,4863.0,-14.989240755808813
2024-05-09 16:11:12,4864.0,-15.346531384059865
2024-05-09 16:11:13,4865.0,-15.682625366535811
2024-05-09 16:11:14,4866.0,-15.99916870287716
2024-05-09 16:11:15,4867.0,-16.297807392724412
2024-05-09 16:11:16,4868.0,-16.58018743571807
2024-05-09 16:11:17,4869.0,-16.84795483149864
2024-05-09 16:11:18,4870.0,-17.102755579706635
2024-05-09 16:11:19,4871.0,-17.346235679982545
2024-05-09 16:11:20,4872.0,-17.580041131966876
2024-05-09 16:11:21,4873.0,-17.805817935300137
2024-05-09 16:11:22,4874.0,-18.02521208962283
2024-05-09 16:11:23,4875.0,-18.239869594575463
2024-05-09 16:11:24,4876.0,-18.451436449798532
2024-05-09 16:11:25,4877.0,-18.66155865493255
2024-05-09 16:11:26,4878.0,-18.87188220961801
2024-05-09 16:11:27,4879.0,-19.08405311349543
2024-05-09 16:11:28,4880.0,-19.299717366205297
2024-05-09 16:11:29,4881.0,-19.52052096738813
2024-05-09 16:11:30,4882.0,-19.748109916684427
2024-05-09 16:11:31,4883.0,-19.98413021373469
2024-05-09 16:11:32,4884.0,-20.23022785817943
2024-05-09 16:11:33,4885.0,-20.48804884965914
2024-05-09 16:11:34,4886.0,-20.759239187814337
2024-05-09 16:11:35,4887.0,-21.045444872285515
2024-05-09 16:11:36,4888.0,-21.348311902713185
2024-05-09 16:11:37,4889.0,-21.669486278737843
2024-05-09 16:11:38,4890.0,-22.010613999999997
2024-05-09 16:11:39,4891.0,-22.385392739414367
2024-05-09 16:11:40,4892.0,-22.80386425980572
2024-05-09 16:11:41,4893.0,-23.262190695679607
2024-05-09 16:11:42,4894.0,-23.7565341815416
2024-05-09 16:11:43,4895.0,-24.283056851897253
2024-05-09 16:11:44,4896.0,-24.83792084125214
2024-05-09 16:11:45,4897.0,-25.41728828411181
2024-05-09 16:11:46,4898.0,-26.017321314981835
2024-05-09 16:11:47,4899.0,-26.634182068367775
2024-05-09 16:11:48,4900.0,-27.26403267877519
2024-05-09 16:11:49,4901.0,-27.903035280709645
2024-05-09 16:11:50,4902.0,-28.547352008676704
2024-05-09 16:11:51,4903.0,-29.19314499718193
2024-05-09 16:11:52,4904.0,-29.83657638073088
2024-05-09 16:11:53,4905.0,-30.473808293829123
2024-05-09 16:11:54,4906.0,-31.101002870982217
2024-05-09 16:11:55,4907.0,-31.714322246695716
2024-05-09 16:11:56,4908.0,-32.3099285554752
2024-05-09 16:11:57,4909.0,-32.88398393182623
2024-05-09 16:11:58,4910.0,-33.432650510254355
2024-05-09 16:11:59,4911.0,-33.95209042526515
2024-05-09 16:12:00,4912.0,-34.43846581136417
2024-05-09 16:12:01,4913.0,-34.887938803056976
2024-05-09 16:12:02,4914.0,-35.29667153484914
2024-05-09 16:12:03,4915.0,-35.66082614124621
2024-05-09 16:12:04,4916.0,-35.97656475675377
2024-05-09 16:12:05,4917.0,-36.24004951587736
2024-05-09 16:12:06,4918.0,-36.447442553122556
2024-05-09 16:12:07,4919.0,-36.59490600299491
2024-05-09 16:12:08,4920.0,-36.678602000000005
2024-05-09 16:12:09,4921.0,-36.72842739028554
2024-05-09 16:12:10,4922.0,-36.77682535839735
2024-05-09 16:12:11,4923.0,-36.82377754643814
2024-05-09 16:12:12,4924.0,-36.86926559651062
2024-05-09 16:12:13,4925.0,-36.913271150717506
2024-05-09 16:12:14,4926.0,-36.9557758511615
2024-05-09 16:12:15,4927.0,-36.996761339945316
2024-05-09 16:12:16,4928.0,-37.03620925917168
2024-05-09 16:12:17,4929.0,-37.07410125094328
2024-05-09 16:12:18,4930.0,-37.110418957362846
2024-05-09 16:12:19,4931.0,-37.145144020533074
2024-05-09 16:12:20,4932.0,-37.17825808255669
2024-05-09 16:12:21,4933.0,-37.209742785536385
2024-05-09 16:12:22,4934.0,-37.23957977157489
2024-05-09 16:12:23,4935.0,-37.2677506827749
2024-05-09 16:12:24,4936.0,-37.29423716123914
2024-05-09 16:12:25,4937.0,-37.31902084907031
2024-05-09 16:12:26,4938.0,-37.34208338837112
2024-05-09 16:12:27,4939.0,-37.36340642124429
2024-05-09 16:12:28,4940.0,-37.38297158979253
2024-05-09 16:12:29,4941.0,-37.40076053611855
2024-05-09 16:12:30,4942.0,-37.41675490232506
2024-05-09 16:12:31,4943.0,-37.43093633051476
2024-05-09 16:12:32,4944.0,-37.44328646279037
2024-05-09 16:12:33,4945.0,-37.45378694125461
2024-05-09 16:12:34,4946.0,-37.46241940801018
2024-05-09 16:12:35,4947.0,-37.4691655051598
2024-05-09 16:12:36,4948.0,-37.474006874806165
2024-05-09 16:12:37,4949.0,-37.476925159051994
2024-05-09 16:12:38,4950.0,-37.477902
2024-05-09 16:12:39,4951.0,-37.47769225131692
2024-05-09 16:12:40,4952.0,-37.47707680953047
2024-05-09 16:12:41,4953.0,-37.476076381034865
2024-05-09 16:12:42,4954.0,-37.4747116722243
2024-05-09 16:12:43,4955.0,-37.47300338949297
2024-05-09 16:12:44,4956.0,-37.47097223923509
2024-05-09 16:12:45,4957.0,-37.468638927844836
2024-05-09 16:12:46,4958.0,-37.46602416171644
2024-05-09 16:12:47,4959.0,-37.46314864724408
2024-05-09 16:12:48,4960.0,-37.460033090821966
2024-05-09 16:12:49,4961.0,-37.45669819884429
2024-05-09 16:12:50,4962.0,-37.45316467770526
2024-05-09 16:12:51,4963.0,-37.44945323379908
2024-05-09 16:12:52,4964.0,-37.44558457351995
2024-05-09 16:12:53,4965.0,-37.44157940326206
2024-05-09 16:12:54,4966.0,-37.43745842941963
2024-05-09 16:12:55,4967.0,-37.43324235838683
2024-05-09 16:12:56,4968.0,-37.42895189655789
2024-05-09 16:12:57,4969.0,-37.424607750327006
2024-05-09 16:12:58,4970.0,-37.42023062608837
2024-05-09 16:12:59,4971.0,-37.41584123023618
2024-05-09 16:13:00,4972.0,-37.41146026916465
2024-05-09 16:13:01,4973.0,-37.40710844926797
2024-05-09 16:13:02,4974.0,-37.40280647694035
2024-05-09 16:13:03,4975.0,-37.39857505857598
2024-05-09 16:13:04,4976.0,-37.394434900569074
2024-05-09 16:13:05,4977.0,-37.390406709313815
2024-05-09 16:13:06,4978.0,-37.38651119120442
2024-05-09 16:13:07,4979.0,-37.38276905263508
2024-05-09 16:13:08,4980.0,-37.379201
2024-05-09 16:13:09,4981.0,-37.37578469598462
2024-05-09 16:13:10,4982.0,-37.372475079480076
2024-05-09 16:13:11,4983.0,-37.36925877118916
2024-05-09 16:13:12,4984.0,-37.36612239181463
2024-05-09 16:13:13,4985.0,-37.363052562059245
2024-05-09 16:13:14,4986.0,-37.36003590262579
2024-05-09 16:13:15,4987.0,-37.357059034217016
2024-05-09 16:13:16,4988.0,-37.35410857753572
2024-05-09 16:13:17,4989.0,-37.351171153284646
2024-05-09 16:13:18,4990.0,-37.34823338216657
2024-05-09 16:13:19,4991.0,-37.34528188488427
2024-05-09 16:13:20,4992.0,-37.342303282140506
2024-05-09 16:13:21,4993.0,-37.33928419463805
2024-05-09 16:13:22,4994.0,-37.336211243079674
2024-05-09 16:13:23,4995.0,-37.333071048168144
2024-05-09 16:13:24,4996.0,-37.32985023060624
2024-05-09 16:13:25,4997.0,-37.32653541109671
2024-05-09 16:13:26,4998.0,-37.323113210342335
2024-05-09 16:13:27,4999.0,-37.31957024904589
2024-05-09 16:13:28,5000.0,-37.31589314791013
2024-05-09 16:13:29,5001.0,-37.31206852763784
2024-05-09 16:13:30,5002.0,-37.30808300893179
2024-05-09 16:13:31,5003.0,-37.30392321249473
2024-05-09 16:13:32,5004.0,-37.29957575902944
2024-05-09 16:13:33,5005.0,-37.295027269238695
2024-05-09 16:13:34,5006.0,-37.290264363825266
2024-05-09 16:13:35,5007.0,-37.28527366349191
2024-05-09 16:13:36,5008.0,-37.28004178894139
2024-05-09 16:13:37,5009.0,-37.2745553608765
2024-05-09 16:13:38,5010.0,-37.268800999999996
2024-05-09 16:13:39,5011.0,-37.26185021755064
2024-05-09 16:13:40,5012.0,-37.252888513796385
2024-05-09 16:13:41,5013.0,-37.24207349298383
2024-05-09 16:13:42,5014.0,-37.22956275935953
2024-05-09 16:13:43,5015.0,-37.215513917170085
2024-05-09 16:13:44,5016.0,-37.20008457066206
2024-05-09 16:13:45,5017.0,-37.183432324082034
2024-05-09 16:13:46,5018.0,-37.16571478167659
2024-05-09 16:13:47,5019.0,-37.1470895476923
2024-05-09 16:13:48,5020.0,-37.127714226375765
2024-05-09 16:13:49,5021.0,-37.10774642197353
2024-05-09 16:13:50,5022.0,-37.08734373873219
2024-05-09 16:13:51,5023.0,-37.06666378089832
2024-05-09 16:13:52,5024.0,-37.045864152718494
2024-05-09 16:13:53,5025.0,-37.02510245843931
2024-05-09 16:13:54,5026.0,-37.00453630230732
2024-05-09 16:13:55,5027.0,-36.98432328856912
2024-05-09 16:13:56,5028.0,-36.96462102147129
2024-05-09 16:13:57,5029.0,-36.94558710526039
2024-05-09 16:13:58,5030.0,-36.92737914418301
2024-05-09 16:13:59,5031.0,-36.91015474248572
2024-05-09 16:14:00,5032.0,-36.89407150441512
2024-05-09 16:14:01,5033.0,-36.87928703421777
2024-05-09 16:14:02,5034.0,-36.865958936140245
2024-05-09 16:14:03,5035.0,-36.854244814429144
2024-05-09 16:14:04,5036.0,-36.844302273331024
2024-05-09 16:14:05,5037.0,-36.836288917092475
2024-05-09 16:14:06,5038.0,-36.83036234996007
2024-05-09 16:14:07,5039.0,-36.826680176180375
2024-05-09 16:14:08,5040.0,-36.8254
2024-05-09 16:14:09,5041.0,-36.82537465880799
2024-05-09 16:14:10,5042.0,-36.825351802178915
2024-05-09 16:14:11,5043.0,-36.82533125263763
2024-05-09 16:14:12,5044.0,-36.825312832708995
2024-05-09 16:14:13,5045.0,-36.82529636491784
2024-05-09 16:14:14,5046.0,-36.82528167178901
2024-05-09 16:14:15,5047.0,-36.82526857584737
2024-05-09 16:14:16,5048.0,-36.82525689961775
2024-05-09 16:14:17,5049.0,-36.825246465625014
2024-05-09 16:14:18,5050.0,-36.82523709639399
2024-05-09 16:14:19,5051.0,-36.825228614449536
2024-05-09 16:14:20,5052.0,-36.8252208423165
2024-05-09 16:14:21,5053.0,-36.82521360251973
2024-05-09 16:14:22,5054.0,-36.825206717584074
2024-05-09 16:14:23,5055.0,-36.82520001003437
2024-05-09 16:14:24,5056.0,-36.82519330239547
2024-05-09 16:14:25,5057.0,-36.82518641719223
2024-05-09 16:14:26,5058.0,-36.82517917694949
2024-05-09 16:14:27,5059.0,-36.82517140419209
2024-05-09 16:14:28,5060.0,-36.82516292144489
2024-05-09 16:14:29,5061.0,-36.82515355123273
2024-05-09 16:14:30,5062.0,-36.82514311608047
2024-05-09 16:14:31,5063.0,-36.82513143851293
2024-05-09 16:14:32,5064.0,-36.82511834105498
2024-05-09 16:14:33,5065.0,-36.82510364623146
2024-05-09 16:14:34,5066.0,-36.82508717656723
2024-05-09 16:14:35,5067.0,-36.82506875458711
2024-05-09 16:14:36,5068.0,-36.82504820281597
2024-05-09 16:14:37,5069.0,-36.82502534377865
2024-05-09 16:14:38,5070.0,-36.824999999999996
2024-05-09 16:14:39,5071.0,-36.82378575642007
2024-05-09 16:14:40,5072.0,-36.82028377036532
2024-05-09 16:14:41,5073.0,-36.814625222940165
2024-05-09 16:14:42,5074.0,-36.806941295249025
2024-05-09 16:14:43,5075.0,-36.79736316839631
2024-05-09 16:14:44,5076.0,-36.78602202348647
2024-05-09 16:14:45,5077.0,-36.773049041623885
2024-05-09 16:14:46,5078.0,-36.758575403913
2024-05-09 16:14:47,5079.0,-36.742732291458246
2024-05-09 16:14:48,5080.0,-36.72565088536401
2024-05-09 16:14:49,5081.0,-36.707462366734745
2024-05-09 16:14:50,5082.0,-36.688297916674856
2024-05-09 16:14:51,5083.0,-36.66828871628877
2024-05-09 16:14:52,5084.0,-36.64756594668089
2024-05-09 16:14:53,5085.0,-36.62626078895566
2024-05-09 16:14:54,5086.0,-36.604504424217495
2024-05-09 16:14:55,5087.0,-36.58242803357081
2024-05-09 16:14:56,5088.0,-36.56016279812002
2024-05-09 16:14:57,5089.0,-36.53783989896956
2024-05-09 16:14:58,5090.0,-36.515590517223835
2024-05-09 16:14:59,5091.0,-36.49354583398728
2024-05-09 16:15:00,5092.0,-36.47183703036429
2024-05-09 16:15:01,5093.0,-36.45059528745933
2024-05-09 16:15:02,5094.0,-36.42995178637678
2024-05-09 16:15:03,5095.0,-36.41003770822109
2024-05-09 16:15:04,5096.0,-36.39098423409665
2024-05-09 16:15:05,5097.0,-36.37292254510791
2024-05-09 16:15:06,5098.0,-36.35598382235927
2024-05-09 16:15:07,5099.0,-36.340299246955155
2024-05-09 16:15:08,5100.0,-36.32599999999999
2024-05-09 16:15:09,5101.0,-36.31220677447381
2024-05-09 16:15:10,5102.0,-36.29799430178021
2024-05-09 16:15:11,5103.0,-36.283424820659
2024-05-09 16:15:12,5104.0,-36.268560569849996
2024-05-09 16:15:13,5105.0,-36.253463788093
2024-05-09 16:15:14,5106.0,-36.2381967141278
2024-05-09 16:15:15,5107.0,-36.22282158669423
2024-05-09 16:15:16,5108.0,-36.20740064453208
2024-05-09 16:15:17,5109.0,-36.191996126381156
2024-05-09 16:15:18,5110.0,-36.17667027098126
2024-05-09 16:15:19,5111.0,-36.1614853170722
2024-05-09 16:15:20,5112.0,-36.14650350339379
2024-05-09 16:15:21,5113.0,-36.13178706868582
2024-05-09 16:15:22,5114.0,-36.117398251688094
2024-05-09 16:15:23,5115.0,-36.103399291140434
2024-05-09 16:15:24,5116.0,-36.08985242578264
2024-05-09 16:15:25,5117.0,-36.076819894354514
2024-05-09 16:15:26,5118.0,-36.06436393559585
2024-05-09 16:15:27,5119.0,-36.052546788246474
2024-05-09 16:15:28,5120.0,-36.04143069104618
2024-05-09 16:15:29,5121.0,-36.03107788273478
2024-05-09 16:15:30,5122.0,-36.021550602052066
2024-05-09 16:15:31,5123.0,-36.01291108773786
2024-05-09 16:15:32,5124.0,-36.005221578531945
2024-05-09 16:15:33,5125.0,-35.99854431317414
2024-05-09 16:15:34,5126.0,-35.992941530404266
2024-05-09 16:15:35,5127.0,-35.98847546896211
2024-05-09 16:15:36,5128.0,-35.98520836758747
2024-05-09 16:15:37,5129.0,-35.98320246502016
2024-05-09 16:15:38,5130.0,-35.982519999999994
2024-05-09 16:15:39,5131.0,-35.98254829037036
2024-05-09 16:15:40,5132.0,-35.98263058962962
2024-05-09 16:15:41,5133.0,-35.982763039999995
2024-05-09 16:15:42,5134.0,-35.982941783703694
2024-05-09 16:15:43,5135.0,-35.98316296296296
2024-05-09 16:15:44,5136.0,-35.98342271999999
2024-05-09 16:15:45,5137.0,-35.98371719703703
2024-05-09 16:15:46,5138.0,-35.984042536296286
2024-05-09 16:15:47,5139.0,-35.984394879999996
2024-05-09 16:15:48,5140.0,-35.98477037037036
2024-05-09 16:15:49,5141.0,-35.98516514962962
2024-05-09 16:15:50,5142.0,-35.98557536
2024-05-09 16:15:51,5143.0,-35.9859971437037
2024-05-09 16:15:52,5144.0,-35.986426642962954
2024-05-09 16:15:53,5145.0,-35.98686
2024-05-09 16:15:54,5146.0,-35.98729335703703
2024-05-09 16:15:55,5147.0,-35.987722856296294
2024-05-09 16:15:56,5148.0,-35.988144639999994
2024-05-09 16:15:57,5149.0,-35.98855485037037
2024-05-09 16:15:58,5150.0,-35.98894962962962
2024-05-09 16:15:59,5151.0,-35.98932512
2024-05-09 16:16:00,5152.0,-35.9896774637037
2024-05-09 16:16:01,5153.0,-35.99000280296296
2024-05-09 16:16:02,5154.0,-35.99029728
2024-05-09 16:16:03,5155.0,-35.990557037037036
2024-05-09 16:16:04,5156.0,-35.99077821629629
2024-05-09 16:16:05,5157.0,-35.99095696
2024-05-09 16:16:06,5158.0,-35.991089410370364
2024-05-09 16:16:07,5159.0,-35.991171709629626
2024-05-09 16:16:08,5160.0,-35.9912
2024-05-09 16:16:09,5161.0,-35.99105463703704
2024-05-09 16:16:10,5162.0,-35.99063176296296
2024-05-09 16:16:11,5163.0,-35.9899512
2024-05-09 16:16:12,5164.0,-35.98903277037037
2024-05-09 16:16:13,5165.0,-35.98789629629629
2024-05-09 16:16:14,5166.0,-35.986561599999995
2024-05-09 16:16:15,5167.0,-35.98504850370371
2024-05-09 16:16:16,5168.0,-35.98337682962963
2024-05-09 16:16:17,5169.0,-35.9815664
2024-05-09 16:16:18,5170.0,-35.97963703703704
2024-05-09 16:16:19,5171.0,-35.97760856296296
2024-05-09 16:16:20,5172.0,-35.9755008
2024-05-09 16:16:21,5173.0,-35.97333357037037
2024-05-09 16:16:22,5174.0,-35.9711266962963
2024-05-09 16:16:23,5175.0,-35.968900000000005
2024-05-09 16:16:24,5176.0,-35.9666733037037
2024-05-09 16:16:25,5177.0,-35.96446642962963
2024-05-09 16:16:26,5178.0,-35.962299200000004
2024-05-09 16:16:27,5179.0,-35.96019143703704
2024-05-09 16:16:28,5180.0,-35.958162962962966
2024-05-09 16:16:29,5181.0,-35.956233600000004
2024-05-09 16:16:30,5182.0,-35.954423170370376
2024-05-09 16:16:31,5183.0,-35.952751496296294
2024-05-09 16:16:32,5184.0,-35.95123840000001
2024-05-09 16:16:33,5185.0,-35.949903703703704
2024-05-09 16:16:34,5186.0,-35.94876722962963
2024-05-09 16:16:35,5187.0,-35.9478488
2024-05-09 16:16:36,5188.0,-35.94716823703705
2024-05-09 16:16:37,5189.0,-35.94674536296297
2024-05-09 16:16:38,5190.0,-35.946600000000004
2024-05-09 16:16:39,5191.0,-35.94993460681482
2024-05-09 16:16:40,5192.0,-35.959635281185186
2024-05-09 16:16:41,5193.0,-35.97524730400001
2024-05-09 16:16:42,5194.0,-35.99631595614815
2024-05-09 16:16:43,5195.0,-36.02238651851852
2024-05-09 16:16:44,5196.0,-36.053004272
2024-05-09 16:16:45,5197.0,-36.087714497481485
2024-05-09 16:16:46,5198.0,-36.12606247585186
2024-05-09 16:16:47,5199.0,-36.167593488
2024-05-09 16:16:48,5200.0,-36.21185281481482
2024-05-09 16:16:49,5201.0,-36.258385737185186
2024-05-09 16:16:50,5202.0,-36.306737536
2024-05-09 16:16:51,5203.0,-36.356453492148155
2024-05-09 16:16:52,5204.0,-36.40707888651852
2024-05-09 16:16:53,5205.0,-36.458158999999995
2024-05-09 16:16:54,5206.0,-36.509239113481485
2024-05-09 16:16:55,5207.0,-36.559864507851856
2024-05-09 16:16:56,5208.0,-36.609580464000004
2024-05-09 16:16:57,5209.0,-36.65793226281481
2024-05-09 16:16:58,5210.0,-36.704465185185185
2024-05-09 16:16:59,5211.0,-36.748724512
2024-05-09 16:17:00,5212.0,-36.79025552414815
2024-05-09 16:17:01,5213.0,-36.82860350251852
2024-05-09 16:17:02,5214.0,-36.863313728
2024-05-09 16:17:03,5215.0,-36.89393148148148
2024-05-09 16:17:04,5216.0,-36.92000204385185
2024-05-09 16:17:05,5217.0,-36.941070696
2024-05-09 16:17:06,5218.0,-36.95668271881482
2024-05-09 16:17:07,5219.0,-36.96638339318519
2024-05-09 16:17:08,5220.0,-36.969718
2024-05-09 16:17:09,5221.0,-36.96790911111111
2024-05-09 16:17:10,5222.0,-36.96264688888889
2024-05-09 16:17:11,5223.0,-36.954178
2024-05-09 16:17:12,5224.0,-36.94274911111111
2024-05-09 16:17:13,5225.0,-36.928606888888886
2024-05-09 16:17:14,5226.0,-36.911998
2024-05-09 16:17:15,5227.0,-36.89316911111111
2024-05-09 16:17:16,5228.0,-36.87236688888889
2024-05-09 16:17:17,5229.0,-36.849838
2024-05-09 16:17:18,5230.0,-36.82582911111111
2024-05-09 16:17:19,5231.0,-36.80058688888889
2024-05-09 16:17:20,5232.0,-36.774358
2024-05-09 16:17:21,5233.0,-36.74738911111111
2024-05-09 16:17:22,5234.0,-36.719926888888885
2024-05-09 16:17:23,5235.0,-36.692218000000004
2024-05-09 16:17:24,5236.0,-36.664509111111116
2024-05-09 16:17:25,5237.0,-36.63704688888889
2024-05-09 16:17:26,5238.0,-36.610077999999994
2024-05-09 16:17:27,5239.0,-36.58384911111111
2024-05-09 16:17:28,5240.0,-36.55860688888889
2024-05-09 16:17:29,5241.0,-36.534598
2024-05-09 16:17:30,5242.0,-36.51206911111111
2024-05-09 16:17:31,5243.0,-36.49126688888889
2024-05-09 16:17:32,5244.0,-36.472438000000004
2024-05-09 16:17:33,5245.0,-36.455829111111115
2024-05-09 16:17:34,5246.0,-36.44168688888889
2024-05-09 16:17:35,5247.0,-36.430258
2024-05-09 16:17:36,5248.0,-36.42178911111111
2024-05-09 16:17:37,5249.0,-36.41652688888889
2024-05-09 16:17:38,5250.0,-36.414718
2024-05-09 16:17:39,5251.0,-36.416347821925925
2024-05-09 16:17:40,5252.0,-36.42108912207408
2024-05-09 16:17:41,5253.0,-36.428719652
2024-05-09 16:17:42,5254.0,-36.43901716325926
2024-05-09 16:17:43,5255.0,-36.45175940740741
2024-05-09 16:17:44,5256.0,-36.466724135999996
2024-05-09 16:17:45,5257.0,-36.48368910059259
2024-05-09 16:17:46,5258.0,-36.502432052740744
2024-05-09 16:17:47,5259.0,-36.522730744
2024-05-09 16:17:48,5260.0,-36.544362925925924
2024-05-09 16:17:49,5261.0,-36.56710635007408
2024-05-09 16:17:50,5262.0,-36.590738768
2024-05-09 16:17:51,5263.0,-36.61503793125926
2024-05-09 16:17:52,5264.0,-36.639781591407406
2024-05-09 16:17:53,5265.0,-36.664747500000004
2024-05-09 16:17:54,5266.0,-36.68971340859259
2024-05-09 16:17:55,5267.0,-36.71445706874074
2024-05-09 16:17:56,5268.0,-36.738756232
2024-05-09 16:17:57,5269.0,-36.762388649925924
2024-05-09 16:17:58,5270.0,-36.78513207407407
2024-05-09 16:17:59,5271.0,-36.806764256
2024-05-09 16:18:00,5272.0,-36.82706294725926
2024-05-09 16:18:01,5273.0,-36.8458058994074
2024-05-09 16:18:02,5274.0,-36.862770864000005
2024-05-09 16:18:03,5275.0,-36.87773559259259
2024-05-09 16:18:04,5276.0,-36.89047783674074
2024-05-09 16:18:05,5277.0,-36.900775348
2024-05-09 16:18:06,5278.0,-36.90840587792593
2024-05-09 16:18:07,5279.0,-36.91314717807408
2024-05-09 16:18:08,5280.0,-36.914777
2024-05-09 16:18:09,5281.0,-36.910001533333336
2024-05-09 16:18:10,5282.0,-36.89610926666666
2024-05-09 16:18:11,5283.0,-36.873751399999996
2024-05-09 16:18:12,5284.0,-36.843579133333336
2024-05-09 16:18:13,5285.0,-36.80624366666667
2024-05-09 16:18:14,5286.0,-36.762396200000005
2024-05-09 16:18:15,5287.0,-36.712687933333335
2024-05-09 16:18:16,5288.0,-36.657770066666664
2024-05-09 16:18:17,5289.0,-36.5982938
2024-05-09 16:18:18,5290.0,-36.534910333333336
2024-05-09 16:18:19,5291.0,-36.46827086666667
2024-05-09 16:18:20,5292.0,-36.3990266
2024-05-09 16:18:21,5293.0,-36.32782873333333
2024-05-09 16:18:22,5294.0,-36.25532846666667
2024-05-09 16:18:23,5295.0,-36.182177
2024-05-09 16:18:24,5296.0,-36.10902553333334
2024-05-09 16:18:25,5297.0,-36.036525266666665
2024-05-09 16:18:26,5298.0,-35.9653274
2024-05-09 16:18:27,5299.0,-35.896083133333335
2024-05-09 16:18:28,5300.0,-35.82944366666667
2024-05-09 16:18:29,5301.0,-35.7660602
2024-05-09 16:18:30,5302.0,-35.706583933333334
2024-05-09 16:18:31,5303.0,-35.651666066666664
2024-05-09 16:18:32,5304.0,-35.601957799999994
2024-05-09 16:18:33,5305.0,-35.55811033333333
2024-05-09 16:18:34,5306.0,-35.52077486666666
2024-05-09 16:18:35,5307.0,-35.490602599999995
2024-05-09 16:18:36,5308.0,-35.46824473333333
2024-05-09 16:18:37,5309.0,-35.45435246666666
2024-05-09 16:18:38,5310.0,-35.449577
2024-05-09 16:18:39,5311.0,-35.45067973581452
2024-05-09 16:18:40,5312.0,-35.453925910731925
2024-05-09 16:18:41,5313.0,-35.459222475963024
2024-05-09 16:18:42,5314.0,-35.4664763827186
2024-05-09 16:18:43,5315.0,-35.475594582209425
2024-05-09 16:18:44,5316.0,-35.486484025646305
2024-05-09 16:18:45,5317.0,-35.499051664240035
2024-05-09 16:18:46,5318.0,-35.51320444920139
2024-05-09 16:18:47,5319.0,-35.52884933174117
2024-05-09 16:18:48,5320.0,-35.54589326307016
2024-05-09 16:18:49,5321.0,-35.564243194399154
2024-05-09 16:18:50,5322.0,-35.58380607693893
2024-05-09 16:18:51,5323.0,-35.604488861900286
2024-05-09 16:18:52,5324.0,-35.62619850049402
2024-05-09 16:18:53,5325.0,-35.6488419439309
2024-05-09 16:18:54,5326.0,-35.672326143421735
2024-05-09 16:18:55,5327.0,-35.6965580501773
2024-05-09 16:18:56,5328.0,-35.721444615408394
2024-05-09 16:18:57,5329.0,-35.74689279032581
2024-05-09 16:18:58,5330.0,-35.77280952614033
2024-05-09 16:18:59,5331.0,-35.79910177406274
2024-05-09 16:19:00,5332.0,-35.82567648530384
2024-05-09 16:19:01,5333.0,-35.85244061107441
2024-05-09 16:19:02,5334.0,-35.879301102585245
2024-05-09 16:19:03,5335.0,-35.906164911047135
2024-05-09 16:19:04,5336.0,-35.93293898767086
2024-05-09 16:19:05,5337.0,-35.95953028366723
2024-05-09 16:19:06,5338.0,-35.98584575024701
2024-05-09 16:19:07,5339.0,-36.01179233862101
2024-05-09 16:19:08,5340.0,-36.037277
2024-05-09 16:19:09,5341.0,-36.064307691008636
2024-05-09 16:19:10,5342.0,-36.09475182012337
2024-05-09 16:19:11,5343.0,-36.12830551633278
2024-05-09 16:19:12,5344.0,-36.16466490862544
2024-05-09 16:19:13,5345.0,-36.20352612598991
2024-05-09 16:19:14,5346.0,-36.244585297414766
2024-05-09 16:19:15,5347.0,-36.28753855188856
2024-05-09 16:19:16,5348.0,-36.33208201839987
2024-05-09 16:19:17,5349.0,-36.37791182593727
2024-05-09 16:19:18,5350.0,-36.424724103489304
2024-05-09 16:19:19,5351.0,-36.47221498004456
2024-05-09 16:19:20,5352.0,-36.520080584591604
2024-05-09 16:19:21,5353.0,-36.568017046118996
2024-05-09 16:19:22,5354.0,-36.61572049361531
2024-05-09 16:19:23,5355.0,-36.662887056069096
2024-05-09 16:19:24,5356.0,-36.70921286246894
2024-05-09 16:19:25,5357.0,-36.754394041803415
2024-05-09 16:19:26,5358.0,-36.798126723061074
2024-05-09 16:19:27,5359.0,-36.840107035230474
2024-05-09 16:19:28,5360.0,-36.88003110730021
2024-05-09 16:19:29,5361.0,-36.91759506825882
2024-05-09 16:19:30,5362.0,-36.95249504709491
2024-05-09 16:19:31,5363.0,-36.98442717279699
2024-05-09 16:19:32,5364.0,-37.01308757435368
2024-05-09 16:19:33,5365.0,-37.03817238075353
2024-05-09 16:19:34,5366.0,-37.05937772098511
2024-05-09 16:19:35,5367.0,-37.07639972403697
2024-05-09 16:19:36,5368.0,-37.088934518897695
2024-05-09 16:19:37,5369.0,-37.096678234555846
2024-05-09 16:19:38,5370.0,-37.099326999999995
2024-05-09 16:19:39,5371.0,-37.09669352198065
2024-05-09 16:19:40,5372.0,-37.0890191078793
2024-05-09 16:19:41,5373.0,-37.07664278763099
2024-05-09 16:19:42,5374.0,-37.05990359117075
2024-05-09 16:19:43,5375.0,-37.03914054843362
2024-05-09 16:19:44,5376.0,-37.01469268935464
2024-05-09 16:19:45,5377.0,-36.986899043868846
2024-05-09 16:19:46,5378.0,-36.95609864191127
2024-05-09 16:19:47,5379.0,-36.92263051341695
2024-05-09 16:19:48,5380.0,-36.88683368832093
2024-05-09 16:19:49,5381.0,-36.84904719655824
2024-05-09 16:19:50,5382.0,-36.80961006806393
2024-05-09 16:19:51,5383.0,-36.76886133277302
2024-05-09 16:19:52,5384.0,-36.72714002062055
2024-05-09 16:19:53,5385.0,-36.684785161541576
2024-05-09 16:19:54,5386.0,-36.64213578547111
2024-05-09 16:19:55,5387.0,-36.59953092234421
2024-05-09 16:19:56,5388.0,-36.5573096020959
2024-05-09 16:19:57,5389.0,-36.51581085466121
2024-05-09 16:19:58,5390.0,-36.475373709975194
2024-05-09 16:19:59,5391.0,-36.43633719797289
2024-05-09 16:20:00,5392.0,-36.399040348589324
2024-05-09 16:20:01,5393.0,-36.36382219175954
2024-05-09 16:20:02,5394.0,-36.33102175741857
2024-05-09 16:20:03,5395.0,-36.300978075501455
2024-05-09 16:20:04,5396.0,-36.27403017594323
2024-05-09 16:20:05,5397.0,-36.25051708867893
2024-05-09 16:20:06,5398.0,-36.23077784364361
2024-05-09 16:20:07,5399.0,-36.215151470772284
2024-05-09 16:20:08,5400.0,-36.203976999999995
2024-05-09 16:20:09,5401.0,-36.195213699894374
2024-05-09 16:20:10,5402.0,-36.18660164168971
2024-05-09 16:20:11,5403.0,-36.17815105932105
2024-05-09 16:20:12,5404.0,-36.16987218672343
2024-05-09 16:20:13,5405.0,-36.16177525783187
2024-05-09 16:20:14,5406.0,-36.15387050658142
2024-05-09 16:20:15,5407.0,-36.14616816690712
2024-05-09 16:20:16,5408.0,-36.138678472744
2024-05-09 16:20:17,5409.0,-36.131411658027105
2024-05-09 16:20:18,5410.0,-36.12437795669146
2024-05-09 16:20:19,5411.0,-36.11758760267211
2024-05-09 16:20:20,5412.0,-36.111050829904094
2024-05-09 16:20:21,5413.0,-36.10477787232246
2024-05-09 16:20:22,5414.0,-36.098778963862216
2024-05-09 16:20:23,5415.0,-36.09306433845842
2024-05-09 16:20:24,5416.0,-36.0876442300461
2024-05-09 16:20:25,5417.0,-36.08252887256031
2024-05-09 16:20:26,5418.0,-36.07772849993607
2024-05-09 16:20:27,5419.0,-36.07325334610842
2024-05-09 16:20:28,5420.0,-36.0691136450124
2024-05-09 16:20:29,5421.0,-36.06531963058305
2024-05-09 16:20:30,5422.0,-36.0618815367554
2024-05-09 16:20:31,5423.0,-36.058809597464496
2024-05-09 16:20:32,5424.0,-36.05611404664536
2024-05-09 16:20:33,5425.0,-36.05380511823304
2024-05-09 16:20:34,5426.0,-36.05189304616258
2024-05-09 16:20:35,5427.0,-36.05038806436901
2024-05-09 16:20:36,5428.0,-36.04930040678737
2024-05-09 16:20:37,5429.0,-36.048640307352684
2024-05-09 16:20:38,5430.0,-36.048418000000005
2024-05-09 16:20:39,5431.0,-36.048494178377226
2024-05-09 16:20:40,5432.0,-36.04871997748751
2024-05-09 16:20:41,5433.0,-36.04909129329879
2024-05-09 16:20:42,5434.0,-36.04960402177899
2024-05-09 16:20:43,5435.0,-36.050254058896044
2024-05-09 16:20:44,5436.0,-36.05103730061789
2024-05-09 16:20:45,5437.0,-36.05194964291246
2024-05-09 16:20:46,5438.0,-36.05298698174767
2024-05-09 16:20:47,5439.0,-36.05414521309147
2024-05-09 16:20:48,5440.0,-36.05542023291178
2024-05-09 16:20:49,5441.0,-36.056807937176536
2024-05-09 16:20:50,5442.0,-36.05830422185367
2024-05-09 16:20:51,5443.0,-36.05990498291111
2024-05-09 16:20:52,5444.0,-36.06160611631679
2024-05-09 16:20:53,5445.0,-36.06340351803863
2024-05-09 16:20:54,5446.0,-36.06529308404458
2024-05-09 16:20:55,5447.0,-36.06727071030256
2024-05-09 16:20:56,5448.0,-36.0693322927805
2024-05-09 16:20:57,5449.0,-36.07147372744634
2024-05-09 16:20:58,5450.0,-36.073690910268
2024-05-09 16:20:59,5451.0,-36.07597973721343
2024-05-09 16:21:00,5452.0,-36.07833610425054
2024-05-09 16:21:01,5453.0,-36.080755907347275
2024-05-09 16:21:02,5454.0,-36.08323504247155
2024-05-09 16:21:03,5455.0,-36.08576940559132
2024-05-09 16:21:04,5456.0,-36.0883548926745
2024-05-09 16:21:05,5457.0,-36.090987399689034
2024-05-09 16:21:06,5458.0,-36.09366282260283
2024-05-09 16:21:07,5459.0,-36.09637705738385
2024-05-09 16:21:08,5460.0,-36.099126
2024-05-09 16:21:09,5461.0,-36.10214350899285
2024-05-09 16:21:10,5462.0,-36.10565353213937
2024-05-09 16:21:11,5463.0,-36.109637099260596
2024-05-09 16:21:12,5464.0,-36.11407524017752
2024-05-09 16:21:13,5465.0,-36.1189489847112
2024-05-09 16:21:14,5466.0,-36.12423936268266
2024-05-09 16:21:15,5467.0,-36.12992740391291
2024-05-09 16:21:16,5468.0,-36.135994138223
2024-05-09 16:21:17,5469.0,-36.142420595433926
2024-05-09 16:21:18,5470.0,-36.14918780536675
2024-05-09 16:21:19,5471.0,-36.15627679784248
2024-05-09 16:21:20,5472.0,-36.163668602682144
2024-05-09 16:21:21,5473.0,-36.17134424970677
2024-05-09 16:21:22,5474.0,-36.17928476873738
2024-05-09 16:21:23,5475.0,-36.18747118959502
2024-05-09 16:21:24,5476.0,-36.1958845421007
2024-05-09 16:21:25,5477.0,-36.20450585607545
2024-05-09 16:21:26,5478.0,-36.213316161340295
2024-05-09 16:21:27,5479.0,-36.22229648771627
2024-05-09 16:21:28,5480.0,-36.23142786502439
2024-05-09 16:21:29,5481.0,-36.240691323085706
2024-05-09 16:21:30,5482.0,-36.250067891721216
2024-05-09 16:21:31,5483.0,-36.25953860075196
2024-05-09 16:21:32,5484.0,-36.26908447999896
2024-05-09 16:21:33,5485.0,-36.278686559283265
2024-05-09 16:21:34,5486.0,-36.28832586842587
2024-05-09 16:21:35,5487.0,-36.29798343724782
2024-05-09 16:21:36,5488.0,-36.307640295570145
2024-05-09 16:21:37,5489.0,-36.317277473213856
2024-05-09 16:21:38,5490.0,-36.326876
2024-05-09 16:21:39,5491.0,-36.337087870779285
2024-05-09 16:21:40,5492.0,-36.34850513257198
2024-05-09 16:21:41,5493.0,-36.36101889345339
2024-05-09 16:21:42,5494.0,-36.374520261498844
2024-05-09 16:21:43,5495.0,-36.38890034478366
2024-05-09 16:21:44,5496.0,-36.40405025138315
2024-05-09 16:21:45,5497.0,-36.419861089372624
2024-05-09 16:21:46,5498.0,-36.43622396682741
2024-05-09 16:21:47,5499.0,-36.45302999182283
2024-05-09 16:21:48,5500.0,-36.470170272434196
2024-05-09 16:21:49,5501.0,-36.487535916736825
2024-05-09 16:21:50,5502.0,-36.505018032806035
2024-05-09 16:21:51,5503.0,-36.522507728717144
2024-05-09 16:21:52,5504.0,-36.539896112545485
2024-05-09 16:21:53,5505.0,-36.55707429236635
2024-05-09 16:21:54,5506.0,-36.57393337625508
2024-05-09 16:21:55,5507.0,-36.59036447228697
2024-05-09 16:21:56,5508.0,-36.60625868853736
2024-05-09 16:21:57,5509.0,-36.62150713308156
2024-05-09 16:21:58,5510.0,-36.63600091399487
2024-05-09 16:21:59,5511.0,-36.649631139352636
2024-05-09 16:22:00,5512.0,-36.66228891723017
2024-05-09 16:22:01,5513.0,-36.67386535570278
2024-05-09 16:22:02,5514.0,-36.68425156284579
2024-05-09 16:22:03,5515.0,-36.69333864673452
2024-05-09 16:22:04,5516.0,-36.70101771544427
2024-05-09 16:22:05,5517.0,-36.70717987705038
2024-05-09 16:22:06,5518.0,-36.71171623962816
2024-05-09 16:22:07,5519.0,-36.714517911252926
2024-05-09 16:22:08,5520.0,-36.715476
2024-05-09 16:22:09,5521.0,-36.71362832592593
2024-05-09 16:22:10,5522.0,-36.708253274074075
2024-05-09 16:22:11,5523.0,-36.6996028
2024-05-09 16:22:12,5524.0,-36.687928859259266
2024-05-09 16:22:13,5525.0,-36.67348340740741
2024-05-09 16:22:14,5526.0,-36.6565184
2024-05-09 16:22:15,5527.0,-36.63728579259259
2024-05-09 16:22:16,5528.0,-36.61603754074074
2024-05-09 16:22:17,5529.0,-36.593025600000004
2024-05-09 16:22:18,5530.0,-36.56850192592593
2024-05-09 16:22:19,5531.0,-36.54271847407408
2024-05-09 16:22:20,5532.0,-36.5159272
2024-05-09 16:22:21,5533.0,-36.48838005925926
2024-05-09 16:22:22,5534.0,-36.46032900740741
2024-05-09 16:22:23,5535.0,-36.43202600000001
2024-05-09 16:22:24,5536.0,-36.4037229925926
2024-05-09 16:22:25,5537.0,-36.375671940740745
2024-05-09 16:22:26,5538.0,-36.3481248
2024-05-09 16:22:27,5539.0,-36.32133352592594
2024-05-09 16:22:28,5540.0,-36.29555007407408
2024-05-09 16:22:29,5541.0,-36.27102640000001
2024-05-09 16:22:30,5542.0,-36.24801445925926
2024-05-09 16:22:31,5543.0,-36.226766207407415
2024-05-09 16:22:32,5544.0,-36.207533600000005
2024-05-09 16:22:33,5545.0,-36.1905685925926
2024-05-09 16:22:34,5546.0,-36.17612314074075
2024-05-09 16:22:35,5547.0,-36.16444920000001
2024-05-09 16:22:36,5548.0,-36.15579872592593
2024-05-09 16:22:37,5549.0,-36.150423674074084
2024-05-09 16:22:38,5550.0,-36.148576000000006
2024-05-09 16:22:39,5551.0,-36.150222371664704
2024-05-09 16:22:40,5552.0,-36.15502120550965
2024-05-09 16:22:41,5553.0,-36.1627620798111
2024-05-09 16:22:42,5554.0,-36.173234572845345
2024-05-09 16:22:43,5555.0,-36.18622826288863
2024-05-09 16:22:44,5556.0,-36.20153272821724
2024-05-09 16:22:45,5557.0,-36.218937547107444
2024-05-09 16:22:46,5558.0,-36.2382322978355
2024-05-09 16:22:47,5559.0,-36.25920655867769
2024-05-09 16:22:48,5560.0,-36.28164990791028
2024-05-09 16:22:49,5561.0,-36.305351923809525
2024-05-09 16:22:50,5562.0,-36.330102184651714
2024-05-09 16:22:51,5563.0,-36.35569026871311
2024-05-09 16:22:52,5564.0,-36.38190575426997
2024-05-09 16:22:53,5565.0,-36.40853821959859
2024-05-09 16:22:54,5566.0,-36.43537724297521
2024-05-09 16:22:55,5567.0,-36.462212402676116
2024-05-09 16:22:56,5568.0,-36.488833276977566
2024-05-09 16:22:57,5569.0,-36.51502944415585
2024-05-09 16:22:58,5570.0,-36.54059048248721
2024-05-09 16:22:59,5571.0,-36.56530597024794
2024-05-09 16:23:00,5572.0,-36.58896548571429
2024-05-09 16:23:01,5573.0,-36.61135860716253
2024-05-09 16:23:02,5574.0,-36.63227491286895
2024-05-09 16:23:03,5575.0,-36.6515039811098
2024-05-09 16:23:04,5576.0,-36.668835390161355
2024-05-09 16:23:05,5577.0,-36.68405871829989
2024-05-09 16:23:06,5578.0,-36.69696354380165
2024-05-09 16:23:07,5579.0,-36.70733944494294
2024-05-09 16:23:08,5580.0,-36.714976
2024-05-09 16:23:09,5581.0,-36.721128940242245
2024-05-09 16:23:10,5582.0,-36.72718887101316
2024-05-09 16:23:11,5583.0,-36.73314768170012
2024-05-09 16:23:12,5584.0,-36.7389972616905
2024-05-09 16:23:13,5585.0,-36.74472950037168
2024-05-09 16:23:14,5586.0,-36.750336287131056
2024-05-09 16:23:15,5587.0,-36.755809511355984
2024-05-09 16:23:16,5588.0,-36.761141062433865
2024-05-09 16:23:17,5589.0,-36.76632282975206
2024-05-09 16:23:18,5590.0,-36.77134670269797
2024-05-09 16:23:19,5591.0,-36.77620457065897
2024-05-09 16:23:20,5592.0,-36.78088832302243
2024-05-09 16:23:21,5593.0,-36.78538984917574
2024-05-09 16:23:22,5594.0,-36.78970103850627
2024-05-09 16:23:23,5595.0,-36.793813780401415
2024-05-09 16:23:24,5596.0,-36.79771996424854
2024-05-09 16:23:25,5597.0,-36.80141147943504
2024-05-09 16:23:26,5598.0,-36.804880215348284
2024-05-09 16:23:27,5599.0,-36.80811806137565
2024-05-09 16:23:28,5600.0,-36.811116906904545
2024-05-09 16:23:29,5601.0,-36.813868641322316
2024-05-09 16:23:30,5602.0,-36.81636515401635
2024-05-09 16:23:31,5603.0,-36.81859833437404
2024-05-09 16:23:32,5604.0,-36.82056007178276
2024-05-09 16:23:33,5605.0,-36.82224225562989
2024-05-09 16:23:34,5606.0,-36.8236367753028
2024-05-09 16:23:35,5607.0,-36.824735520188895
2024-05-09 16:23:36,5608.0,-36.82553037967554
2024-05-09 16:23:37,5609.0,-36.826013243150115
2024-05-09 16:23:38,5610.0,-36.826176
2024-05-09 16:23:39,5611.0,-36.82610274083386
2024-05-09 16:23:40,5612.0,-36.82588460827791
2024-05-09 16:23:41,5613.0,-36.825524069745825
2024-05-09 16:23:42,5614.0,-36.8250235926513
2024-05-09 16:23:43,5615.0,-36.824385644408004
2024-05-09 16:23:44,5616.0,-36.82361269242962
2024-05-09 16:23:45,5617.0,-36.82270720412984
2024-05-09 16:23:46,5618.0,-36.82167164692235
2024-05-09 16:23:47,5619.0,-36.820508488220824
2024-05-09 16:23:48,5620.0,-36.819220195438945
2024-05-09 16:23:49,5621.0,-36.8178092359904
2024-05-09 16:23:50,5622.0,-36.81627807728887
2024-05-09 16:23:51,5623.0,-36.81462918674805
2024-05-09 16:23:52,5624.0,-36.812865031781605
2024-05-09 16:23:53,5625.0,-36.810988079803224
2024-05-09 16:23:54,5626.0,-36.80900079822659
2024-05-09 16:23:55,5627.0,-36.806905654465396
2024-05-09 16:23:56,5628.0,-36.80470511593332
2024-05-09 16:23:57,5629.0,-36.802401650044025
2024-05-09 16:23:58,5630.0,-36.79999772421123
2024-05-09 16:23:59,5631.0,-36.79749580584859
2024-05-09 16:24:00,5632.0,-36.7948983623698
2024-05-09 16:24:01,5633.0,-36.79220786118854
2024-05-09 16:24:02,5634.0,-36.789426769718496
2024-05-09 16:24:03,5635.0,-36.786557555373356
2024-05-09 16:24:04,5636.0,-36.78360268556679
2024-05-09 16:24:05,5637.0,-36.78056462771249
2024-05-09 16:24:06,5638.0,-36.77744584922414
2024-05-09 16:24:07,5639.0,-36.774248817515414
2024-05-09 16:24:08,5640.0,-36.770976
2024-05-09 16:24:09,5641.0,-36.76695908130059
2024-05-09 16:24:10,5642.0,-36.76156518528363
2024-05-09 16:24:11,5643.0,-36.754849938228475
2024-05-09 16:24:12,5644.0,-36.74686896641444
2024-05-09 16:24:13,5645.0,-36.73767789612089
2024-05-09 16:24:14,5646.0,-36.72733235362714
2024-05-09 16:24:15,5647.0,-36.715887965212545
2024-05-09 16:24:16,5648.0,-36.70340035715644
2024-05-09 16:24:17,5649.0,-36.68992515573815
2024-05-09 16:24:18,5650.0,-36.67551798723703
2024-05-09 16:24:19,5651.0,-36.660234477932406
2024-05-09 16:24:20,5652.0,-36.64413025410362
2024-05-09 16:24:21,5653.0,-36.62726094203002
2024-05-09 16:24:22,5654.0,-36.60968216799094
2024-05-09 16:24:23,5655.0,-36.59144955826571
2024-05-09 16:24:24,5656.0,-36.572618739133674
2024-05-09 16:24:25,5657.0,-36.55324533687417
2024-05-09 16:24:26,5658.0,-36.533384977766545
2024-05-09 16:24:27,5659.0,-36.51309328809011
2024-05-09 16:24:28,5660.0,-36.49242589412424
2024-05-09 16:24:29,5661.0,-36.471438422148246
2024-05-09 16:24:30,5662.0,-36.450186498441475
2024-05-09 16:24:31,5663.0,-36.42872574928327
2024-05-09 16:24:32,5664.0,-36.40711180095297
2024-05-09 16:24:33,5665.0,-36.38540027972989
2024-05-09 16:24:34,5666.0,-36.36364681189342
2024-05-09 16:24:35,5667.0,-36.34190702372284
2024-05-09 16:24:36,5668.0,-36.32023654149752
2024-05-09 16:24:37,5669.0,-36.29869099149679
2024-05-09 16:24:38,5670.0,-36.277326
2024-05-09 16:24:39,5671.0,-36.25452865285453
2024-05-09 16:24:40,5672.0,-36.22882126503938
2024-05-09 16:24:41,5673.0,-36.20046230653133
2024-05-09 16:24:42,5674.0,-36.169710247307144
2024-05-09 16:24:43,5675.0,-36.13682355734358
2024-05-09 16:24:44,5676.0,-36.102060706617415
2024-05-09 16:24:45,5677.0,-36.065680165105405
2024-05-09 16:24:46,5678.0,-36.027940402784324
2024-05-09 16:24:47,5679.0,-35.989099889630936
2024-05-09 16:24:48,5680.0,-35.949417095622
2024-05-09 16:24:49,5681.0,-35.909150490734305
2024-05-09 16:24:50,5682.0,-35.86855854494459
2024-05-09 16:24:51,5683.0,-35.82789972822964
2024-05-09 16:24:52,5684.0,-35.787432510566205
2024-05-09 16:24:53,5685.0,-35.74741536193107
2024-05-09 16:24:54,5686.0,-35.708106752300985
2024-05-09 16:24:55,5687.0,-35.669765151652726
2024-05-09 16:24:56,5688.0,-35.63264902996306
2024-05-09 16:24:57,5689.0,-35.59701685720874
2024-05-09 16:24:58,5690.0,-35.563127103366554
2024-05-09 16:24:59,5691.0,-35.53123823841326
2024-05-09 16:25:00,5692.0,-35.501608732325614
2024-05-09 16:25:01,5693.0,-35.47449705508039
2024-05-09 16:25:02,5694.0,-35.45016167665435
2024-05-09 16:25:03,5695.0,-35.42886106702427
2024-05-09 16:25:04,5696.0,-35.41085369616691
2024-05-09 16:25:05,5697.0,-35.39639803405903
2024-05-09 16:25:06,5698.0,-35.38575255067741
2024-05-09 16:25:07,5699.0,-35.379175715998805
2024-05-09 16:25:08,5700.0,-35.376926
2024-05-09 16:25:09,5701.0,-35.3786628266105
2024-05-09 16:25:10,5702.0,-35.38374534706279
2024-05-09 16:25:11,5703.0,-35.39198162228803
2024-05-09 16:25:12,5704.0,-35.40317971321736
2024-05-09 16:25:13,5705.0,-35.41714768078196
2024-05-09 16:25:14,5706.0,-35.43369358591298
2024-05-09 16:25:15,5707.0,-35.45262548954158
2024-05-09 16:25:16,5708.0,-35.47375145259893
2024-05-09 16:25:17,5709.0,-35.49687953601618
2024-05-09 16:25:18,5710.0,-35.52181780072449
2024-05-09 16:25:19,5711.0,-35.548374307655024
2024-05-09 16:25:20,5712.0,-35.576357117738944
2024-05-09 16:25:21,5713.0,-35.6055742919074
2024-05-09 16:25:22,5714.0,-35.635833891091565
2024-05-09 16:25:23,5715.0,-35.66694397622258
2024-05-09 16:25:24,5716.0,-35.698712608231624
2024-05-09 16:25:25,5717.0,-35.730947848049844
2024-05-09 16:25:26,5718.0,-35.76345775660842
2024-05-09 16:25:27,5719.0,-35.79605039483849
2024-05-09 16:25:28,5720.0,-35.82853382367121
2024-05-09 16:25:29,5721.0,-35.860716104037756
2024-05-09 16:25:30,5722.0,-35.892405296869285
2024-05-09 16:25:31,5723.0,-35.92340946309696
2024-05-09 16:25:32,5724.0,-35.95353666365193
2024-05-09 16:25:33,5725.0,-35.98259495946536
2024-05-09 16:25:34,5726.0,-36.0103924114684
2024-05-09 16:25:35,5727.0,-36.03673708059223
2024-05-09 16:25:36,5728.0,-36.061437027768
2024-05-09 16:25:37,5729.0,-36.08430031392687
2024-05-09 16:25:38,5730.0,-36.105135
2024-05-09 16:25:39,5731.0,-36.12522491599905
2024-05-09 16:25:40,5732.0,-36.14592159830607
2024-05-09 16:25:41,5733.0,-36.16713466740776
2024-05-09 16:25:42,5734.0,-36.18877374379085
2024-05-09 16:25:43,5735.0,-36.210748447942045
2024-05-09 16:25:44,5736.0,-36.23296840034807
2024-05-09 16:25:45,5737.0,-36.25534322149563
2024-05-09 16:25:46,5738.0,-36.277782531871445
2024-05-09 16:25:47,5739.0,-36.30019595196224
2024-05-09 16:25:48,5740.0,-36.32249310225472
2024-05-09 16:25:49,5741.0,-36.344583603235584
2024-05-09 16:25:50,5742.0,-36.36637707539158
2024-05-09 16:25:51,5743.0,-36.387783139209404
2024-05-09 16:25:52,5744.0,-36.40871141517577
2024-05-09 16:25:53,5745.0,-36.42907152377741
2024-05-09 16:25:54,5746.0,-36.44877308550103
2024-05-09 16:25:55,5747.0,-36.467725720833336
2024-05-09 16:25:56,5748.0,-36.48583905026105
2024-05-09 16:25:57,5749.0,-36.503022694270896
2024-05-09 16:25:58,5750.0,-36.519186273349575
2024-05-09 16:25:59,5751.0,-36.53423940798382
2024-05-09 16:26:00,5752.0,-36.548091718660324
2024-05-09 16:26:01,5753.0,-36.56065282586582
2024-05-09 16:26:02,5754.0,-36.57183235008702
2024-05-09 16:26:03,5755.0,-36.58153991181064
2024-05-09 16:26:04,5756.0,-36.589685131523375
2024-05-09 16:26:05,5757.0,-36.59617762971198
2024-05-09 16:26:06,5758.0,-36.60092702686313
2024-05-09 16:26:07,5759.0,-36.603842943463576
2024-05-09 16:26:08,5760.0,-36.604835
2024-05-09 16:26:09,5761.0,-36.60442640589346
2024-05-09 16:26:10,5762.0,-36.60322470827819
2024-05-09 16:26:11,5763.0,-36.60126603421072
2024-05-09 16:26:12,5764.0,-36.598586510747566
2024-05-09 16:26:13,5765.0,-36.59522226494526
2024-05-09 16:26:14,5766.0,-36.59120942386033
2024-05-09 16:26:15,5767.0,-36.58658411454929
2024-05-09 16:26:16,5768.0,-36.58138246406867
2024-05-09 16:26:17,5769.0,-36.575640599475015
2024-05-09 16:26:18,5770.0,-36.56939464782482
2024-05-09 16:26:19,5771.0,-36.56268073617463
2024-05-09 16:26:20,5772.0,-36.55553499158097
2024-05-09 16:26:21,5773.0,-36.547993541100354
2024-05-09 16:26:22,5774.0,-36.54009251178932
2024-05-09 16:26:23,5775.0,-36.53186803070438
2024-05-09 16:26:24,5776.0,-36.52335622490208
2024-05-09 16:26:25,5777.0,-36.51459322143892
2024-05-09 16:26:26,5778.0,-36.505615147371444
2024-05-09 16:26:27,5779.0,-36.49645812975618
2024-05-09 16:26:28,5780.0,-36.48715829564964
2024-05-09 16:26:29,5781.0,-36.477751772108356
2024-05-09 16:26:30,5782.0,-36.46827468618885
2024-05-09 16:26:31,5783.0,-36.458763164947655
2024-05-09 16:26:32,5784.0,-36.449253335441284
2024-05-09 16:26:33,5785.0,-36.439781324726276
2024-05-09 16:26:34,5786.0,-36.430383259859155
2024-05-09 16:26:35,5787.0,-36.42109526789644
2024-05-09 16:26:36,5788.0,-36.41195347589466
2024-05-09 16:26:37,5789.0,-36.40299401091034
2024-05-09 16:26:38,5790.0,-36.394253
2024-05-09 16:26:39,5791.0,-36.38559515723454
2024-05-09 16:26:40,5792.0,-36.376854663607396
2024-05-09 16:26:41,5793.0,-36.36802184655892
2024-05-09 16:26:42,5794.0,-36.35908703352944
2024-05-09 16:26:43,5795.0,-36.3500405519593
2024-05-09 16:26:44,5796.0,-36.34087272928887
2024-05-09 16:26:45,5797.0,-36.33157389295847
2024-05-09 16:26:46,5798.0,-36.322134370408435
2024-05-09 16:26:47,5799.0,-36.312544489079144
2024-05-09 16:26:48,5800.0,-36.30279457641091
2024-05-09 16:26:49,5801.0,-36.29287495984409
2024-05-09 16:26:50,5802.0,-36.28277596681902
2024-05-09 16:26:51,5803.0,-36.27248792477606
2024-05-09 16:26:52,5804.0,-36.26200116115553
2024-05-09 16:26:53,5805.0,-36.251306003397794
2024-05-09 16:26:54,5806.0,-36.24039277894319
2024-05-09 16:26:55,5807.0,-36.229251815232054
2024-05-09 16:26:56,5808.0,-36.217873439704746
2024-05-09 16:26:57,5809.0,-36.20624797980159
2024-05-09 16:26:58,5810.0,-36.19436576296295
2024-05-09 16:26:59,5811.0,-36.18221711662915
2024-05-09 16:27:00,5812.0,-36.16979236824055
2024-05-09 16:27:01,5813.0,-36.157081845237485
2024-05-09 16:27:02,5814.0,-36.1440758750603
2024-05-09 16:27:03,5815.0,-36.13076478514935
2024-05-09 16:27:04,5816.0,-36.117138902944966
2024-05-09 16:27:05,5817.0,-36.10318855588749
2024-05-09 16:27:06,5818.0,-36.088904071417275
2024-05-09 16:27:07,5819.0,-36.074275776974666
2024-05-09 16:27:08,5820.0,-36.059293999999994
2024-05-09 16:27:09,5821.0,-36.04281726957631
2024-05-09 16:27:10,5822.0,-36.023853079860075
2024-05-09 16:27:11,5823.0,-36.002615205901776
2024-05-09 16:27:12,5824.0,-35.97931742275191
2024-05-09 16:27:13,5825.0,-35.954173505460936
2024-05-09 16:27:14,5826.0,-35.92739722907937
2024-05-09 16:27:15,5827.0,-35.89920236865766
2024-05-09 16:27:16,5828.0,-35.86980269924632
2024-05-09 16:27:17,5829.0,-35.83941199589584
2024-05-09 16:27:18,5830.0,-35.80824403365667
2024-05-09 16:27:19,5831.0,-35.776512587579326
2024-05-09 16:27:20,5832.0,-35.744431432714286
2024-05-09 16:27:21,5833.0,-35.71221434411203
2024-05-09 16:27:22,5834.0,-35.680075096823046
2024-05-09 16:27:23,5835.0,-35.64822746589782
2024-05-09 16:27:24,5836.0,-35.61688522638683
2024-05-09 16:27:25,5837.0,-35.58626215334058
2024-05-09 16:27:26,5838.0,-35.55657202180952
2024-05-09 16:27:27,5839.0,-35.528028606844174
2024-05-09 16:27:28,5840.0,-35.50084568349501
2024-05-09 16:27:29,5841.0,-35.4752370268125
2024-05-09 16:27:30,5842.0,-35.45141641184715
2024-05-09 16:27:31,5843.0,-35.429597613649435
2024-05-09 16:27:32,5844.0,-35.40999440726984
2024-05-09 16:27:33,5845.0,-35.39282056775886
2024-05-09 16:27:34,5846.0,-35.378289870166974
2024-05-09 16:27:35,5847.0,-35.36661608954465
2024-05-09 16:27:36,5848.0,-35.35801300094239
2024-05-09 16:27:37,5849.0,-35.352694379410686
2024-05-09 16:27:38,5850.0,-35.350874000000005
2024-05-09 16:27:39,5851.0,-35.352305377990376
2024-05-09 16:27:40,5852.0,-35.3564914215107
2024-05-09 16:27:41,5853.0,-35.36326999488482
2024-05-09 16:27:42,5854.0,-35.37247896243656
2024-05-09 16:27:43,5855.0,-35.38395618848975
2024-05-09 16:27:44,5856.0,-35.39753953736823
2024-05-09 16:27:45,5857.0,-35.413066873395834
2024-05-09 16:27:46,5858.0,-35.43037606089637
2024-05-09 16:27:47,5859.0,-35.4493049641937
2024-05-09 16:27:48,5860.0,-35.469691447611645
2024-05-09 16:27:49,5861.0,-35.491373375474026
2024-05-09 16:27:50,5862.0,-35.51418861210469
2024-05-09 16:27:51,5863.0,-35.537975021827464
2024-05-09 16:27:52,5864.0,-35.562570468966165
2024-05-09 16:27:53,5865.0,-35.58781281784465
2024-05-09 16:27:54,5866.0,-35.61353993278673
2024-05-09 16:27:55,5867.0,-35.639589678116245
2024-05-09 16:27:56,5868.0,-35.665799918157035
2024-05-09 16:27:57,5869.0,-35.69200851723292
2024-05-09 16:27:58,5870.0,-35.71805333966773
2024-05-09 16:27:59,5871.0,-35.7437722497853
2024-05-09 16:28:00,5872.0,-35.76900311190947
2024-05-09 16:28:01,5873.0,-35.79358379036406
2024-05-09 16:28:02,5874.0,-35.81735214947292
2024-05-09 16:28:03,5875.0,-35.840146053559856
2024-05-09 16:28:04,5876.0,-35.86180336694872
2024-05-09 16:28:05,5877.0,-35.88216195396333
2024-05-09 16:28:06,5878.0,-35.90105967892753
2024-05-09 16:28:07,5879.0,-35.918334406165144
2024-05-09 16:28:08,5880.0,-35.933824
2024-05-09 16:28:09,5881.0,-35.94844505720542
2024-05-09 16:28:10,5882.0,-35.96319805546911
2024-05-09 16:28:11,5883.0,-35.97804668048652
2024-05-09 16:28:12,5884.0,-35.99295461795308
2024-05-09 16:28:13,5885.0,-36.00788555356423
2024-05-09 16:28:14,5886.0,-36.02280317301542
2024-05-09 16:28:15,5887.0,-36.0376711620021
2024-05-09 16:28:16,5888.0,-36.05245320621968
2024-05-09 16:28:17,5889.0,-36.067112991363615
2024-05-09 16:28:18,5890.0,-36.081614203129355
2024-05-09 16:28:19,5891.0,-36.09592052721234
2024-05-09 16:28:20,5892.0,-36.10999564930799
2024-05-09 16:28:21,5893.0,-36.12380325511177
2024-05-09 16:28:22,5894.0,-36.1373070303191
2024-05-09 16:28:23,5895.0,-36.150470660625444
2024-05-09 16:28:24,5896.0,-36.16325783172621
2024-05-09 16:28:25,5897.0,-36.17563222931687
2024-05-09 16:28:26,5898.0,-36.18755753909284
2024-05-09 16:28:27,5899.0,-36.19899744674959
2024-05-09 16:28:28,5900.0,-36.20991563798253
2024-05-09 16:28:29,5901.0,-36.220275798487116
2024-05-09 16:28:30,5902.0,-36.23004161395878
2024-05-09 16:28:31,5903.0,-36.23917677009298
2024-05-09 16:28:32,5904.0,-36.247644952585134
2024-05-09 16:28:33,5905.0,-36.25540984713069
2024-05-09 16:28:34,5906.0,-36.26243513942511
2024-05-09 16:28:35,5907.0,-36.2686845151638
2024-05-09 16:28:36,5908.0,-36.274121660042226
2024-05-09 16:28:37,5909.0,-36.278710259755805
2024-05-09 16:28:38,5910.0,-36.282414
2024-05-09 16:28:39,5911.0,-36.285521323386064
2024-05-09 16:28:40,5912.0,-36.28835819668957
2024-05-09 16:28:41,5913.0,-36.290944591852494
2024-05-09 16:28:42,5914.0,-36.29330048081678
2024-05-09 16:28:43,5915.0,-36.29544583552439
2024-05-09 16:28:44,5916.0,-36.29740062791725
2024-05-09 16:28:45,5917.0,-36.29918482993733
2024-05-09 16:28:46,5918.0,-36.30081841352658
2024-05-09 16:28:47,5919.0,-36.30232135062695
2024-05-09 16:28:48,5920.0,-36.30371361318039
2024-05-09 16:28:49,5921.0,-36.30501517312886
2024-05-09 16:28:50,5922.0,-36.3062460024143
2024-05-09 16:28:51,5923.0,-36.30742607297865
2024-05-09 16:28:52,5924.0,-36.3085753567639
2024-05-09 16:28:53,5925.0,-36.30971382571198
2024-05-09 16:28:54,5926.0,-36.31086145176484
2024-05-09 16:28:55,5927.0,-36.31203820686443
2024-05-09 16:28:56,5928.0,-36.31326406295271
2024-05-09 16:28:57,5929.0,-36.31455899197163
2024-05-09 16:28:58,5930.0,-36.31594296586313
2024-05-09 16:28:59,5931.0,-36.317435956569184
2024-05-09 16:29:00,5932.0,-36.31905793603172
2024-05-09 16:29:01,5933.0,-36.320828876192714
2024-05-09 16:29:02,5934.0,-36.32276874899409
2024-05-09 16:29:03,5935.0,-36.324897526377825
2024-05-09 16:29:04,5936.0,-36.327235180285854
2024-05-09 16:29:05,5937.0,-36.32980168266013
2024-05-09 16:29:06,5938.0,-36.33261700544262
2024-05-09 16:29:07,5939.0,-36.33570112057526
2024-05-09 16:29:08,5940.0,-36.339074000000004
2024-05-09 16:29:09,5941.0,-36.34493487679493
2024-05-09 16:29:10,5942.0,-36.35525187942002
2024-05-09 16:29:11,5943.0,-36.369698322890024
2024-05-09 16:29:12,5944.0,-36.38794752221977
2024-05-09 16:29:13,5945.0,-36.409672792424026
2024-05-09 16:29:14,5946.0,-36.43454744851758
2024-05-09 16:29:15,5947.0,-36.46224480551522
2024-05-09 16:29:16,5948.0,-36.492438178431726
2024-05-09 16:29:17,5949.0,-36.5248008822819
2024-05-09 16:29:18,5950.0,-36.55900623208052
2024-05-09 16:29:19,5951.0,-36.594727542842385
2024-05-09 16:29:20,5952.0,-36.63163812958227
2024-05-09 16:29:21,5953.0,-36.66941130731497
2024-05-09 16:29:22,5954.0,-36.70772039105527
2024-05-09 16:29:23,5955.0,-36.74623869581795
2024-05-09 16:29:24,5956.0,-36.784639536617796
2024-05-09 16:29:25,5957.0,-36.82259622846962
2024-05-09 16:29:26,5958.0,-36.85978208638818
2024-05-09 16:29:27,5959.0,-36.89587042538828
2024-05-09 16:29:28,5960.0,-36.93053456048471
2024-05-09 16:29:29,5961.0,-36.963447806692244
2024-05-09 16:29:30,5962.0,-36.99428347902568
2024-05-09 16:29:31,5963.0,-37.0227148924998
2024-05-09 16:29:32,5964.0,-37.0484153621294
2024-05-09 16:29:33,5965.0,-37.07105820292925
2024-05-09 16:29:34,5966.0,-37.09031672991415
2024-05-09 16:29:35,5967.0,-37.10586425809889
2024-05-09 16:29:36,5968.0,-37.11737410249825
2024-05-09 16:29:37,5969.0,-37.124519578127035
2024-05-09 16:29:38,5970.0,-37.126974000000004
2024-05-09 16:29:39,5971.0,-37.12582624506221
2024-05-09 16:29:40,5972.0,-37.12244918384177
2024-05-09 16:29:41,5973.0,-37.11694212172812
2024-05-09 16:29:42,5974.0,-37.10940436411069
2024-05-09 16:29:43,5975.0,-37.0999352163789
2024-05-09 16:29:44,5976.0,-37.088633983922186
2024-05-09 16:29:45,5977.0,-37.075599972129986
2024-05-09 16:29:46,5978.0,-37.060932486391714
2024-05-09 16:29:47,5979.0,-37.0447308320968
2024-05-09 16:29:48,5980.0,-37.02709431463469
2024-05-09 16:29:49,5981.0,-37.0081222393948
2024-05-09 16:29:50,5982.0,-36.98791391176656
2024-05-09 16:29:51,5983.0,-36.9665686371394
2024-05-09 16:29:52,5984.0,-36.94418572090275
2024-05-09 16:29:53,5985.0,-36.92086446844604
2024-05-09 16:29:54,5986.0,-36.8967041851587
2024-05-09 16:29:55,5987.0,-36.87180417643015
2024-05-09 16:29:56,5988.0,-36.84626374764984
2024-05-09 16:29:57,5989.0,-36.82018220420718
2024-05-09 16:29:58,5990.0,-36.7936588514916
2024-05-09 16:29:59,5991.0,-36.76679299489254
2024-05-09 16:30:00,5992.0,-36.73968393979943
2024-05-09 16:30:01,5993.0,-36.712430991601686
2024-05-09 16:30:02,5994.0,-36.68513345568874
2024-05-09 16:30:03,5995.0,-36.65789063745004
2024-05-09 16:30:04,5996.0,-36.63080184227499
2024-05-09 16:30:05,5997.0,-36.603966375553036
2024-05-09 16:30:06,5998.0,-36.5774835426736
2024-05-09 16:30:07,5999.0,-36.55145264902611
2024-05-09 16:30:08,6000.0,-36.525973
2024-05-09 16:30:09,6001.0,-36.49937006674259
2024-05-09 16:30:10,6002.0,-36.47006072052508
2024-05-09 16:30:11,6003.0,-36.43828136692266
2024-05-09 16:30:12,6004.0,-36.40426841151055
2024-05-09 16:30:13,6005.0,-36.368258259863985
2024-05-09 16:30:14,6006.0,-36.33048731755816
2024-05-09 16:30:15,6007.0,-36.291191990168294
2024-05-09 16:30:16,6008.0,-36.2506086832696
2024-05-09 16:30:17,6009.0,-36.2089738024373
2024-05-09 16:30:18,6010.0,-36.1665237532466
2024-05-09 16:30:19,6011.0,-36.12349494127272
2024-05-09 16:30:20,6012.0,-36.08012377209088
2024-05-09 16:30:21,6013.0,-36.03664665127627
2024-05-09 16:30:22,6014.0,-35.99329998440413
2024-05-09 16:30:23,6015.0,-35.950320177049676
2024-05-09 16:30:24,6016.0,-35.90794363478811
2024-05-09 16:30:25,6017.0,-35.86640676319464
2024-05-09 16:30:26,6018.0,-35.82594596784451
2024-05-09 16:30:27,6019.0,-35.7867976543129
2024-05-09 16:30:28,6020.0,-35.74919822817504
2024-05-09 16:30:29,6021.0,-35.713384095006155
2024-05-09 16:30:30,6022.0,-35.67959166038145
2024-05-09 16:30:31,6023.0,-35.64805732987613
2024-05-09 16:30:32,6024.0,-35.619017509065415
2024-05-09 16:30:33,6025.0,-35.59270860352455
2024-05-09 16:30:34,6026.0,-35.5693670188287
2024-05-09 16:30:35,6027.0,-35.549229160553104
2024-05-09 16:30:36,6028.0,-35.53253143427298
2024-05-09 16:30:37,6029.0,-35.519510245563545
2024-05-09 16:30:38,6030.0,-35.510402
2024-05-09 16:30:39,6031.0,-35.50340657278166
2024-05-09 16:30:40,6032.0,-35.496569902477844
2024-05-09 16:30:41,6033.0,-35.48989748971878
2024-05-09 16:30:42,6034.0,-35.48339483513469
2024-05-09 16:30:43,6035.0,-35.47706743935582
2024-05-09 16:30:44,6036.0,-35.47092080301239
2024-05-09 16:30:45,6037.0,-35.46496042673463
2024-05-09 16:30:46,6038.0,-35.45919181115277
2024-05-09 16:30:47,6039.0,-35.45362045689704
2024-05-09 16:30:48,6040.0,-35.44825186459767
2024-05-09 16:30:49,6041.0,-35.44309153488489
2024-05-09 16:30:50,6042.0,-35.43814496838894
2024-05-09 16:30:51,6043.0,-35.43341766574003
2024-05-09 16:30:52,6044.0,-35.428915127568395
2024-05-09 16:30:53,6045.0,-35.424642854504285
2024-05-09 16:30:54,6046.0,-35.42060634717791
2024-05-09 16:30:55,6047.0,-35.4168111062195
2024-05-09 16:30:56,6048.0,-35.4132626322593
2024-05-09 16:30:57,6049.0,-35.409966425927514
2024-05-09 16:30:58,6050.0,-35.40692798785439
2024-05-09 16:30:59,6051.0,-35.40415281867016
2024-05-09 16:31:00,6052.0,-35.40164641900505
2024-05-09 16:31:01,6053.0,-35.39941428948928
2024-05-09 16:31:02,6054.0,-35.397461930753096
2024-05-09 16:31:03,6055.0,-35.39579484342672
2024-05-09 16:31:04,6056.0,-35.39441852814038
2024-05-09 16:31:05,6057.0,-35.3933384855243
2024-05-09 16:31:06,6058.0,-35.392560216208736
2024-05-09 16:31:07,6059.0,-35.392089220823884
2024-05-09 16:31:08,6060.0,-35.391931
2024-05-09 16:31:09,6061.0,-35.39802268592592
2024-05-09 16:31:10,6062.0,-35.415743954074074
2024-05-09 16:31:11,6063.0,-35.44426412
2024-05-09 16:31:12,6064.0,-35.482752499259256
2024-05-09 16:31:13,6065.0,-35.53037840740741
2024-05-09 16:31:14,6066.0,-35.58631116
2024-05-09 16:31:15,6067.0,-35.649720072592594
2024-05-09 16:31:16,6068.0,-35.71977446074074
2024-05-09 16:31:17,6069.0,-35.79564364
2024-05-09 16:31:18,6070.0,-35.87649692592593
2024-05-09 16:31:19,6071.0,-35.96150363407407
2024-05-09 16:31:20,6072.0,-36.049833080000006
2024-05-09 16:31:21,6073.0,-36.14065457925926
2024-05-09 16:31:22,6074.0,-36.23313744740741
2024-05-09 16:31:23,6075.0,-36.326451
2024-05-09 16:31:24,6076.0,-36.419764552592596
2024-05-09 16:31:25,6077.0,-36.51224742074074
2024-05-09 16:31:26,6078.0,-36.60306892
2024-05-09 16:31:27,6079.0,-36.691398365925934
2024-05-09 16:31:28,6080.0,-36.77640507407408
2024-05-09 16:31:29,6081.0,-36.85725836
2024-05-09 16:31:30,6082.0,-36.93312753925926
2024-05-09 16:31:31,6083.0,-37.00318192740741
2024-05-09 16:31:32,6084.0,-37.06659084000001
2024-05-09 16:31:33,6085.0,-37.1225235925926
2024-05-09 16:31:34,6086.0,-37.17014950074075
2024-05-09 16:31:35,6087.0,-37.208637880000005
2024-05-09 16:31:36,6088.0,-37.23715804592593
2024-05-09 16:31:37,6089.0,-37.254879314074074
2024-05-09 16:31:38,6090.0,-37.260971000000005
2024-05-09 16:31:39,6091.0,-37.25531683703704
2024-05-09 16:31:40,6092.0,-37.23886836296297
2024-05-09 16:31:41,6093.0,-37.212396600000005
2024-05-09 16:31:42,6094.0,-37.17667257037037
2024-05-09 16:31:43,6095.0,-37.1324672962963
2024-05-09 16:31:44,6096.0,-37.0805518
2024-05-09 16:31:45,6097.0,-37.02169710370371
2024-05-09 16:31:46,6098.0,-36.956674229629634
2024-05-09 16:31:47,6099.0,-36.8862542
2024-05-09 16:31:48,6100.0,-36.81120803703705
2024-05-09 16:31:49,6101.0,-36.73230676296297
2024-05-09 16:31:50,6102.0,-36.6503214
2024-05-09 16:31:51,6103.0,-36.56602297037037
2024-05-09 16:31:52,6104.0,-36.4801824962963
2024-05-09 16:31:53,6105.0,-36.39357100000001
2024-05-09 16:31:54,6106.0,-36.30695950370371
2024-05-09 16:31:55,6107.0,-36.221119029629634
2024-05-09 16:31:56,6108.0,-36.13682060000001
2024-05-09 16:31:57,6109.0,-36.05483523703705
2024-05-09 16:31:58,6110.0,-35.97593396296297
2024-05-09 16:31:59,6111.0,-35.90088780000001
2024-05-09 16:32:00,6112.0,-35.830467770370376
2024-05-09 16:32:01,6113.0,-35.7654448962963
2024-05-09 16:32:02,6114.0,-35.70659020000001
2024-05-09 16:32:03,6115.0,-35.654674703703705
2024-05-09 16:32:04,6116.0,-35.61046942962964
2024-05-09 16:32:05,6117.0,-35.574745400000005
2024-05-09 16:32:06,6118.0,-35.54827363703704
2024-05-09 16:32:07,6119.0,-35.53182516296297
2024-05-09 16:32:08,6120.0,-35.526171000000005
2024-05-09 16:32:09,6121.0,-35.527216634669166
2024-05-09 16:32:10,6122.0,-35.530287719335305
2024-05-09 16:32:11,6123.0,-35.53528552498642
2024-05-09 16:32:12,6124.0,-35.5421113226105
2024-05-09 16:32:13,6125.0,-35.55066638319553
2024-05-09 16:32:14,6126.0,-35.5608519777295
2024-05-09 16:32:15,6127.0,-35.572569377200395
2024-05-09 16:32:16,6128.0,-35.58571985259622
2024-05-09 16:32:17,6129.0,-35.60020467490495
2024-05-09 16:32:18,6130.0,-35.61592511511458
2024-05-09 16:32:19,6131.0,-35.63278244421309
2024-05-09 16:32:20,6132.0,-35.65067793318849
2024-05-09 16:32:21,6133.0,-35.66951285302875
2024-05-09 16:32:22,6134.0,-35.689188474721874
2024-05-09 16:32:23,6135.0,-35.70960606925584
2024-05-09 16:32:24,6136.0,-35.73066690761865
2024-05-09 16:32:25,6137.0,-35.752272260798286
2024-05-09 16:32:26,6138.0,-35.77432339978272
2024-05-09 16:32:27,6139.0,-35.79672159555998
2024-05-09 16:32:28,6140.0,-35.81936811911804
2024-05-09 16:32:29,6141.0,-35.84216424144487
2024-05-09 16:32:30,6142.0,-35.86501123352848
2024-05-09 16:32:31,6143.0,-35.88781036635685
2024-05-09 16:32:32,6144.0,-35.91046291091798
2024-05-09 16:32:33,6145.0,-35.932870138199846
2024-05-09 16:32:34,6146.0,-35.95493331919045
2024-05-09 16:32:35,6147.0,-35.97655372487778
2024-05-09 16:32:36,6148.0,-35.997632626249825
2024-05-09 16:32:37,6149.0,-36.018071294294565
2024-05-09 16:32:38,6150.0,-36.037771
2024-05-09 16:32:39,6151.0,-36.057976021260984
2024-05-09 16:32:40,6152.0,-36.07988469819462
2024-05-09 16:32:41,6153.0,-36.10332939512221
2024-05-09 16:32:42,6154.0,-36.1281424763651
2024-05-09 16:32:43,6155.0,-36.154156306244595
2024-05-09 16:32:44,6156.0,-36.181203249082024
2024-05-09 16:32:45,6157.0,-36.2091156691987
2024-05-09 16:32:46,6158.0,-36.237725930915964
2024-05-09 16:32:47,6159.0,-36.26686639855514
2024-05-09 16:32:48,6160.0,-36.296369436437516
2024-05-09 16:32:49,6161.0,-36.32606740888446
2024-05-09 16:32:50,6162.0,-36.35579268021727
2024-05-09 16:32:51,6163.0,-36.385377614757275
2024-05-09 16:32:52,6164.0,-36.414654576825804
2024-05-09 16:32:53,6165.0,-36.44345593074416
2024-05-09 16:32:54,6166.0,-36.471614040833686
2024-05-09 16:32:55,6167.0,-36.49896127141569
2024-05-09 16:32:56,6168.0,-36.52532998681151
2024-05-09 16:32:57,6169.0,-36.55055255134247
2024-05-09 16:32:58,6170.0,-36.57446132932988
2024-05-09 16:32:59,6171.0,-36.59688868509505
2024-05-09 16:33:00,6172.0,-36.61766698295934
2024-05-09 16:33:01,6173.0,-36.63662858724405
2024-05-09 16:33:02,6174.0,-36.6536058622705
2024-05-09 16:33:03,6175.0,-36.66843117236003
2024-05-09 16:33:04,6176.0,-36.680936881833944
2024-05-09 16:33:05,6177.0,-36.690955355013585
2024-05-09 16:33:06,6178.0,-36.69831895622025
2024-05-09 16:33:07,6179.0,-36.70286004977528
2024-05-09 16:33:08,6180.0,-36.704411
2024-05-09 16:33:09,6181.0,-36.7042655345069
2024-05-09 16:33:10,6182.0,-36.703832245911705
2024-05-09 16:33:11,6183.0,-36.70311579604058
2024-05-09 16:33:12,6184.0,-36.70212084671968
2024-05-09 16:33:13,6185.0,-36.70085205977516
2024-05-09 16:33:14,6186.0,-36.69931409703318
2024-05-09 16:33:15,6187.0,-36.697511620319894
2024-05-09 16:33:16,6188.0,-36.69544929146148
2024-05-09 16:33:17,6189.0,-36.69313177228407
2024-05-09 16:33:18,6190.0,-36.69056372461384
2024-05-09 16:33:19,6191.0,-36.68774981027694
2024-05-09 16:33:20,6192.0,-36.68469469109954
2024-05-09 16:33:21,6193.0,-36.68140302890778
2024-05-09 16:33:22,6194.0,-36.67787948552783
2024-05-09 16:33:23,6195.0,-36.67412872278585
2024-05-09 16:33:24,6196.0,-36.670155402508
2024-05-09 16:33:25,6197.0,-36.665964186520426
2024-05-09 16:33:26,6198.0,-36.6615597366493
2024-05-09 16:33:27,6199.0,-36.65694671472078
2024-05-09 16:33:28,6200.0,-36.65212978256101
2024-05-09 16:33:29,6201.0,-36.64711360199616
2024-05-09 16:33:30,6202.0,-36.64190283485239
2024-05-09 16:33:31,6203.0,-36.63650214295586
2024-05-09 16:33:32,6204.0,-36.630916188132716
2024-05-09 16:33:33,6205.0,-36.62514963220912
2024-05-09 16:33:34,6206.0,-36.619207137011244
2024-05-09 16:33:35,6207.0,-36.613093364365234
2024-05-09 16:33:36,6208.0,-36.60681297609725
2024-05-09 16:33:37,6209.0,-36.60037063403345
2024-05-09 16:33:38,6210.0,-36.593771000000004
2024-05-09 16:33:39,6211.0,-36.5843893903332
2024-05-09 16:33:40,6212.0,-36.569839898085064
2024-05-09 16:33:41,6213.0,-36.55048535015532
2024-05-09 16:33:42,6214.0,-36.52668857344369
2024-05-09 16:33:43,6215.0,-36.49881239484991
2024-05-09 16:33:44,6216.0,-36.46721964127369
2024-05-09 16:33:45,6217.0,-36.43227313961476
2024-05-09 16:33:46,6218.0,-36.39433571677284
2024-05-09 16:33:47,6219.0,-36.353770199647684
2024-05-09 16:33:48,6220.0,-36.31093941513898
2024-05-09 16:33:49,6221.0,-36.26620619014646
2024-05-09 16:33:50,6222.0,-36.219933351569885
2024-05-09 16:33:51,6223.0,-36.17248372630893
2024-05-09 16:33:52,6224.0,-36.12422014126336
2024-05-09 16:33:53,6225.0,-36.07550542333287
2024-05-09 16:33:54,6226.0,-36.02670239941721
2024-05-09 16:33:55,6227.0,-35.97817389641609
2024-05-09 16:33:56,6228.0,-35.93028274122924
2024-05-09 16:33:57,6229.0,-35.883391760756375
2024-05-09 16:33:58,6230.0,-35.837863781897234
2024-05-09 16:33:59,6231.0,-35.79406163155154
2024-05-09 16:34:00,6232.0,-35.75234813661903
2024-05-09 16:34:01,6233.0,-35.7130861239994
2024-05-09 16:34:02,6234.0,-35.67663842059239
2024-05-09 16:34:03,6235.0,-35.64336785329774
2024-05-09 16:34:04,6236.0,-35.61363724901514
2024-05-09 16:34:05,6237.0,-35.58780943464435
2024-05-09 16:34:06,6238.0,-35.56624723708508
2024-05-09 16:34:07,6239.0,-35.54931348323706
2024-05-09 16:34:08,6240.0,-35.537371
2024-05-09 16:34:09,6241.0,-35.528130936330115
2024-05-09 16:34:10,6242.0,-35.51906888292913
2024-05-09 16:34:11,6243.0,-35.51019432931507
2024-05-09 16:34:12,6244.0,-35.501516765005924
2024-05-09 16:34:13,6245.0,-35.493045679519696
2024-05-09 16:34:14,6246.0,-35.48479056237443
2024-05-09 16:34:15,6247.0,-35.476760903088106
2024-05-09 16:34:16,6248.0,-35.46896619117876
2024-05-09 16:34:17,6249.0,-35.46141591616438
2024-05-09 16:34:18,6250.0,-35.454119567563
2024-05-09 16:34:19,6251.0,-35.44708663489261
2024-05-09 16:34:20,6252.0,-35.44032660767123
2024-05-09 16:34:21,6253.0,-35.43384897541688
2024-05-09 16:34:22,6254.0,-35.42766322764756
2024-05-09 16:34:23,6255.0,-35.42177885388128
2024-05-09 16:34:24,6256.0,-35.41620534363606
2024-05-09 16:34:25,6257.0,-35.4109521864299
2024-05-09 16:34:26,6258.0,-35.406028871780826
2024-05-09 16:34:27,6259.0,-35.40144488920683
2024-05-09 16:34:28,6260.0,-35.397209728225945
2024-05-09 16:34:29,6261.0,-35.39333287835616
2024-05-09 16:34:30,6262.0,-35.389823829115514
2024-05-09 16:34:31,6263.0,-35.38669207002198
2024-05-09 16:34:32,6264.0,-35.38394709059361
2024-05-09 16:34:33,6265.0,-35.38159838034838
2024-05-09 16:34:34,6266.0,-35.37965542880433
2024-05-09 16:34:35,6267.0,-35.37812772547945
2024-05-09 16:34:36,6268.0,-35.37702475989177
2024-05-09 16:34:37,6269.0,-35.37635602155927
2024-05-09 16:34:38,6270.0,-35.376131
2024-05-09 16:34:39,6271.0,-35.37913916592593
2024-05-09 16:34:40,6272.0,-35.387890194074075
2024-05-09 16:34:41,6273.0,-35.40197388
2024-05-09 16:34:42,6274.0,-35.420980019259254
2024-05-09 16:34:43,6275.0,-35.44449840740741
2024-05-09 16:34:44,6276.0,-35.47211884
2024-05-09 16:34:45,6277.0,-35.503431112592594
2024-05-09 16:34:46,6278.0,-35.53802502074074
2024-05-09 16:34:47,6279.0,-35.57549036
2024-05-09 16:34:48,6280.0,-35.61541692592593
2024-05-09 16:34:49,6281.0,-35.65739451407407
2024-05-09 16:34:50,6282.0,-35.701012920000004
2024-05-09 16:34:51,6283.0,-35.74586193925926
2024-05-09 16:34:52,6284.0,-35.79153136740741
2024-05-09 16:34:53,6285.0,-35.837611
2024-05-09 16:34:54,6286.0,-35.88369063259259
2024-05-09 16:34:55,6287.0,-35.929360060740734
2024-05-09 16:34:56,6288.0,-35.97420908
2024-05-09 16:34:57,6289.0,-36.01782748592592
2024-05-09 16:34:58,6290.0,-36.05980507407408
2024-05-09 16:34:59,6291.0,-36.099731639999995
2024-05-09 16:35:00,6292.0,-36.13719697925926
2024-05-09 16:35:01,6293.0,-36.171790887407404
2024-05-09 16:35:02,6294.0,-36.20310316
2024-05-09 16:35:03,6295.0,-36.23072359259259
2024-05-09 16:35:04,6296.0,-36.25424198074074
2024-05-09 16:35:05,6297.0,-36.27324812
2024-05-09 16:35:06,6298.0,-36.28733180592592
2024-05-09 16:35:07,6299.0,-36.29608283407407
2024-05-09 16:35:08,6300.0,-36.299091
2024-05-09 16:35:09,6301.0,-36.297333216296295
2024-05-09 16:35:10,6302.0,-36.2922196637037
2024-05-09 16:35:11,6303.0,-36.28399004
2024-05-09 16:35:12,6304.0,-36.27288404296296
2024-05-09 16:35:13,6305.0,-36.259141370370365
2024-05-09 16:35:14,6306.0,-36.24300172
2024-05-09 16:35:15,6307.0,-36.22470478962963
2024-05-09 16:35:16,6308.0,-36.20449027703703
2024-05-09 16:35:17,6309.0,-36.182597879999996
2024-05-09 16:35:18,6310.0,-36.1592672962963
2024-05-09 16:35:19,6311.0,-36.1347382237037
2024-05-09 16:35:20,6312.0,-36.10925036
2024-05-09 16:35:21,6313.0,-36.083043402962964
2024-05-09 16:35:22,6314.0,-36.056357050370366
2024-05-09 16:35:23,6315.0,-36.029431
2024-05-09 16:35:24,6316.0,-36.002504949629625
2024-05-09 16:35:25,6317.0,-35.97581859703704
2024-05-09 16:35:26,6318.0,-35.94961163999999
2024-05-09 16:35:27,6319.0,-35.9241237762963
2024-05-09 16:35:28,6320.0,-35.899594703703706
2024-05-09 16:35:29,6321.0,-35.876264119999995
2024-05-09 16:35:30,6322.0,-35.85437172296296
2024-05-09 16:35:31,6323.0,-35.83415721037037
2024-05-09 16:35:32,6324.0,-35.81586028
2024-05-09 16:35:33,6325.0,-35.799720629629626
2024-05-09 16:35:34,6326.0,-35.78597795703703
2024-05-09 16:35:35,6327.0,-35.77487196
2024-05-09 16:35:36,6328.0,-35.76664233629629
2024-05-09 16:35:37,6329.0,-35.7615287837037
2024-05-09 16:35:38,6330.0,-35.759771
2024-05-09 16:35:39,6331.0,-35.76321408148148
2024-05-09 16:35:40,6332.0,-35.77323031851852
2024-05-09 16:35:41,6333.0,-35.7893502
2024-05-09 16:35:42,6334.0,-35.81110421481482
2024-05-09 16:35:43,6335.0,-35.83802285185185
2024-05-09 16:35:44,6336.0,-35.8696366
2024-05-09 16:35:45,6337.0,-35.905475948148144
2024-05-09 16:35:46,6338.0,-35.94507138518519
2024-05-09 16:35:47,6339.0,-35.9879534
2024-05-09 16:35:48,6340.0,-36.03365248148148
2024-05-09 16:35:49,6341.0,-36.08169911851852
2024-05-09 16:35:50,6342.0,-36.1316238
2024-05-09 16:35:51,6343.0,-36.18295701481482
2024-05-09 16:35:52,6344.0,-36.235229251851855
2024-05-09 16:35:53,6345.0,-36.287971000000006
2024-05-09 16:35:54,6346.0,-36.34071274814815
2024-05-09 16:35:55,6347.0,-36.39298498518519
2024-05-09 16:35:56,6348.0,-36.4443182
2024-05-09 16:35:57,6349.0,-36.49424288148148
2024-05-09 16:35:58,6350.0,-36.54228951851852
2024-05-09 16:35:59,6351.0,-36.5879886
2024-05-09 16:36:00,6352.0,-36.63087061481482
2024-05-09 16:36:01,6353.0,-36.67046605185186
2024-05-09 16:36:02,6354.0,-36.7063054
2024-05-09 16:36:03,6355.0,-36.73791914814815
2024-05-09 16:36:04,6356.0,-36.764837785185186
2024-05-09 16:36:05,6357.0,-36.786591800000004
2024-05-09 16:36:06,6358.0,-36.80271168148148
2024-05-09 16:36:07,6359.0,-36.81272791851852
2024-05-09 16:36:08,6360.0,-36.816171000000004
2024-05-09 16:36:09,6361.0,-36.810625826666666
2024-05-09 16:36:10,6362.0,-36.79449441333334
2024-05-09 16:36:11,6363.0,-36.76853292
2024-05-09 16:36:12,6364.0,-36.733497506666666
2024-05-09 16:36:13,6365.0,-36.69014433333334
2024-05-09 16:36:14,6366.0,-36.639229560000004
2024-05-09 16:36:15,6367.0,-36.58150934666667
2024-05-09 16:36:16,6368.0,-36.51773985333334
2024-05-09 16:36:17,6369.0,-36.44867724
2024-05-09 16:36:18,6370.0,-36.37507766666667
2024-05-09 16:36:19,6371.0,-36.297697293333336
2024-05-09 16:36:20,6372.0,-36.21729228
2024-05-09 16:36:21,6373.0,-36.13461878666667
2024-05-09 16:36:22,6374.0,-36.050432973333336
2024-05-09 16:36:23,6375.0,-35.965491
2024-05-09 16:36:24,6376.0,-35.880549026666664
2024-05-09 16:36:25,6377.0,-35.796363213333336
2024-05-09 16:36:26,6378.0,-35.71368972
2024-05-09 16:36:27,6379.0,-35.63328470666667
2024-05-09 16:36:28,6380.0,-35.55590433333333
2024-05-09 16:36:29,6381.0,-35.482304760000005
2024-05-09 16:36:30,6382.0,-35.41324214666667
2024-05-09 16:36:31,6383.0,-35.349472653333336
2024-05-09 16:36:32,6384.0,-35.29175244
2024-05-09 16:36:33,6385.0,-35.24083766666667
2024-05-09 16:36:34,6386.0,-35.197484493333334
2024-05-09 16:36:35,6387.0,-35.16244908
2024-05-09 16:36:36,6388.0,-35.136487586666675
2024-05-09 16:36:37,6389.0,-35.12035617333334
2024-05-09 16:36:38,6390.0,-35.114811
2024-05-09 16:36:39,6391.0,-35.11854402518519
2024-05-09 16:36:40,6392.0,-35.12940373481482
2024-05-09 16:36:41,6393.0,-35.14688108000001
2024-05-09 16:36:42,6394.0,-35.170467011851855
2024-05-09 16:36:43,6395.0,-35.199652481481486
2024-05-09 16:36:44,6396.0,-35.23392844
2024-05-09 16:36:45,6397.0,-35.272785838518516
2024-05-09 16:36:46,6398.0,-35.31571562814815
2024-05-09 16:36:47,6399.0,-35.36220876
2024-05-09 16:36:48,6400.0,-35.41175618518518
2024-05-09 16:36:49,6401.0,-35.46384885481481
2024-05-09 16:36:50,6402.0,-35.517977720000005
2024-05-09 16:36:51,6403.0,-35.57363373185186
2024-05-09 16:36:52,6404.0,-35.63030784148148
2024-05-09 16:36:53,6405.0,-35.68749100000001
2024-05-09 16:36:54,6406.0,-35.74467415851852
2024-05-09 16:36:55,6407.0,-35.80134826814815
2024-05-09 16:36:56,6408.0,-35.857004280000005
2024-05-09 16:36:57,6409.0,-35.91113314518519
2024-05-09 16:36:58,6410.0,-35.96322581481481
2024-05-09 16:36:59,6411.0,-36.01277324
2024-05-09 16:37:00,6412.0,-36.059266371851855
2024-05-09 16:37:01,6413.0,-36.10219616148148
2024-05-09 16:37:02,6414.0,-36.141053559999996
2024-05-09 16:37:03,6415.0,-36.17532951851852
2024-05-09 16:37:04,6416.0,-36.20451498814815
2024-05-09 16:37:05,6417.0,-36.22810092
2024-05-09 16:37:06,6418.0,-36.24557826518519
2024-05-09 16:37:07,6419.0,-36.256437974814816
2024-05-09 16:37:08,6420.0,-36.260171
2024-05-09 16:37:09,6421.0,-36.25796017925926
2024-05-09 16:37:10,6422.0,-36.25152870074074
2024-05-09 16:37:11,6423.0,-36.241178039999994
2024-05-09 16:37:12,6424.0,-36.22720967259259
2024-05-09 16:37:13,6425.0,-36.20992507407408
2024-05-09 16:37:14,6426.0,-36.18962572
2024-05-09 16:37:15,6427.0,-36.16661308592593
2024-05-09 16:37:16,6428.0,-36.14118864740741
2024-05-09 16:37:17,6429.0,-36.11365388
2024-05-09 16:37:18,6430.0,-36.08431025925926
2024-05-09 16:37:19,6431.0,-36.05345926074074
2024-05-09 16:37:20,6432.0,-36.02140236
2024-05-09 16:37:21,6433.0,-35.9884410325926
2024-05-09 16:37:22,6434.0,-35.95487675407408
2024-05-09 16:37:23,6435.0,-35.921011
2024-05-09 16:37:24,6436.0,-35.88714524592593
2024-05-09 16:37:25,6437.0,-35.85358096740741
2024-05-09 16:37:26,6438.0,-35.820619640000004
2024-05-09 16:37:27,6439.0,-35.78856273925926
2024-05-09 16:37:28,6440.0,-35.757711740740746
2024-05-09 16:37:29,6441.0,-35.728368120000006
2024-05-09 16:37:30,6442.0,-35.7008333525926
2024-05-09 16:37:31,6443.0,-35.67540891407408
2024-05-09 16:37:32,6444.0,-35.652396280000005
2024-05-09 16:37:33,6445.0,-35.632096925925936
2024-05-09 16:37:34,6446.0,-35.614812327407414
2024-05-09 16:37:35,6447.0,-35.600843960000006
2024-05-09 16:37:36,6448.0,-35.59049329925927
2024-05-09 16:37:37,6449.0,-35.58406182074074
2024-05-09 16:37:38,6450.0,-35.58185100000001
2024-05-09 16:37:39,6451.0,-35.583771877037044
2024-05-09 16:37:40,6452.0,-35.589359882962974
2024-05-09 16:37:41,6453.0,-35.59835308000001
2024-05-09 16:37:42,6454.0,-35.61048953037037
2024-05-09 16:37:43,6455.0,-35.6255072962963
2024-05-09 16:37:44,6456.0,-35.64314444
2024-05-09 16:37:45,6457.0,-35.663139023703714
2024-05-09 16:37:46,6458.0,-35.68522910962964
2024-05-09 16:37:47,6459.0,-35.70915276000001
2024-05-09 16:37:48,6460.0,-35.73464803703704
2024-05-09 16:37:49,6461.0,-35.76145300296297
2024-05-09 16:37:50,6462.0,-35.78930572000001
2024-05-09 16:37:51,6463.0,-35.817944250370374
2024-05-09 16:37:52,6464.0,-35.8471066562963
2024-05-09 16:37:53,6465.0,-35.876531
2024-05-09 16:37:54,6466.0,-35.9059553437037
2024-05-09 16:37:55,6467.0,-35.93511774962963
2024-05-09 16:37:56,6468.0,-35.963756280000005
2024-05-09 16:37:57,6469.0,-35.99160899703704
2024-05-09 16:37:58,6470.0,-36.01841396296297
2024-05-09 16:37:59,6471.0,-36.043909240000005
2024-05-09 16:38:00,6472.0,-36.067832890370376
2024-05-09 16:38:01,6473.0,-36.0899229762963
2024-05-09 16:38:02,6474.0,-36.10991756
2024-05-09 16:38:03,6475.0,-36.1275547037037
2024-05-09 16:38:04,6476.0,-36.14257246962963
2024-05-09 16:38:05,6477.0,-36.15470892
2024-05-09 16:38:06,6478.0,-36.16370211703704
2024-05-09 16:38:07,6479.0,-36.16929012296296
2024-05-09 16:38:08,6480.0,-36.171211
2024-05-09 16:38:09,6481.0,-36.16903687851852
2024-05-09 16:38:10,6482.0,-36.16271216148148
2024-05-09 16:38:11,6483.0,-36.15253332
2024-05-09 16:38:12,6484.0,-36.13879682518518
2024-05-09 16:38:13,6485.0,-36.12179914814815
2024-05-09 16:38:14,6486.0,-36.10183676
2024-05-09 16:38:15,6487.0,-36.079206131851855
2024-05-09 16:38:16,6488.0,-36.05420373481481
2024-05-09 16:38:17,6489.0,-36.02712604
2024-05-09 16:38:18,6490.0,-35.99826951851852
2024-05-09 16:38:19,6491.0,-35.96793064148148
2024-05-09 16:38:20,6492.0,-35.93640588
2024-05-09 16:38:21,6493.0,-35.90399170518519
2024-05-09 16:38:22,6494.0,-35.87098458814815
2024-05-09 16:38:23,6495.0,-35.837680999999996
2024-05-09 16:38:24,6496.0,-35.80437741185185
2024-05-09 16:38:25,6497.0,-35.771370294814815
2024-05-09 16:38:26,6498.0,-35.738956120000005
2024-05-09 16:38:27,6499.0,-35.70743135851852
2024-05-09 16:38:28,6500.0,-35.67709248148148
2024-05-09 16:38:29,6501.0,-35.64823596
2024-05-09 16:38:30,6502.0,-35.62115826518519
2024-05-09 16:38:31,6503.0,-35.59615586814815
2024-05-09 16:38:32,6504.0,-35.573525239999995
2024-05-09 16:38:33,6505.0,-35.55356285185185
2024-05-09 16:38:34,6506.0,-35.53656517481481
2024-05-09 16:38:35,6507.0,-35.52282868
2024-05-09 16:38:36,6508.0,-35.51264983851852
2024-05-09 16:38:37,6509.0,-35.50632512148148
2024-05-09 16:38:38,6510.0,-35.504151
2024-05-09 16:38:39,6511.0,-35.505019527407406
2024-05-09 16:38:40,6512.0,-35.507546152592596
2024-05-09 16:38:41,6513.0,-35.51161244
2024-05-09 16:38:42,6514.0,-35.51709995407408
2024-05-09 16:38:43,6515.0,-35.52389025925926
2024-05-09 16:38:44,6516.0,-35.53186492
2024-05-09 16:38:45,6517.0,-35.54090550074074
2024-05-09 16:38:46,6518.0,-35.55089356592593
2024-05-09 16:38:47,6519.0,-35.561710680000004
2024-05-09 16:38:48,6520.0,-35.57323840740741
2024-05-09 16:38:49,6521.0,-35.5853583125926
2024-05-09 16:38:50,6522.0,-35.59795196
2024-05-09 16:38:51,6523.0,-35.61090091407408
2024-05-09 16:38:52,6524.0,-35.62408673925926
2024-05-09 16:38:53,6525.0,-35.63739100000001
2024-05-09 16:38:54,6526.0,-35.65069526074075
2024-05-09 16:38:55,6527.0,-35.66388108592593
2024-05-09 16:38:56,6528.0,-35.676830040000006
2024-05-09 16:38:57,6529.0,-35.68942368740741
2024-05-09 16:38:58,6530.0,-35.7015435925926
2024-05-09 16:38:59,6531.0,-35.71307132000001
2024-05-09 16:39:00,6532.0,-35.723888434074084
2024-05-09 16:39:01,6533.0,-35.73387649925926
2024-05-09 16:39:02,6534.0,-35.74291708000001
2024-05-09 16:39:03,6535.0,-35.75089174074075
2024-05-09 16:39:04,6536.0,-35.75768204592594
2024-05-09 16:39:05,6537.0,-35.76316956000001
2024-05-09 16:39:06,6538.0,-35.76723584740741
2024-05-09 16:39:07,6539.0,-35.7697624725926
2024-05-09 16:39:08,6540.0,-35.77063100000001
2024-05-09 16:39:09,6541.0,-35.76991076888889
2024-05-09 16:39:10,6542.0,-35.76781555111112
2024-05-09 16:39:11,6543.0,-35.76444356000001
2024-05-09 16:39:12,6544.0,-35.759893008888895
2024-05-09 16:39:13,6545.0,-35.75426211111112
2024-05-09 16:39:14,6546.0,-35.74764908000001
2024-05-09 16:39:15,6547.0,-35.7401521288889
2024-05-09 16:39:16,6548.0,-35.73186947111112
2024-05-09 16:39:17,6549.0,-35.72289932
2024-05-09 16:39:18,6550.0,-35.713339888888896
2024-05-09 16:39:19,6551.0,-35.70328939111112
2024-05-09 16:39:20,6552.0,-35.692846040000006
2024-05-09 16:39:21,6553.0,-35.68210804888889
2024-05-09 16:39:22,6554.0,-35.67117363111112
2024-05-09 16:39:23,6555.0,-35.660140999999996
2024-05-09 16:39:24,6556.0,-35.649108368888896
2024-05-09 16:39:25,6557.0,-35.63817395111111
2024-05-09 16:39:26,6558.0,-35.62743596
2024-05-09 16:39:27,6559.0,-35.616992608888886
2024-05-09 16:39:28,6560.0,-35.60694211111111
2024-05-09 16:39:29,6561.0,-35.59738268
2024-05-09 16:39:30,6562.0,-35.58841252888889
2024-05-09 16:39:31,6563.0,-35.580129871111104
2024-05-09 16:39:32,6564.0,-35.57263292
2024-05-09 16:39:33,6565.0,-35.56601988888889
2024-05-09 16:39:34,6566.0,-35.56038899111111
2024-05-09 16:39:35,6567.0,-35.555838439999995
2024-05-09 16:39:36,6568.0,-35.552466448888886
2024-05-09 16:39:37,6569.0,-35.55037123111111
2024-05-09 16:39:38,6570.0,-35.549651
2024-05-09 16:39:39,6571.0,-35.55164436296296
2024-05-09 16:39:40,6572.0,-35.557443237037035
2024-05-09 16:39:41,6573.0,-35.5667758
2024-05-09 16:39:42,6574.0,-35.579370229629625
2024-05-09 16:39:43,6575.0,-35.5949547037037
2024-05-09 16:39:44,6576.0,-35.613257399999995
2024-05-09 16:39:45,6577.0,-35.634006496296294
2024-05-09 16:39:46,6578.0,-35.656930170370366
2024-05-09 16:39:47,6579.0,-35.6817566
2024-05-09 16:39:48,6580.0,-35.708213962962965
2024-05-09 16:39:49,6581.0,-35.73603043703704
2024-05-09 16:39:50,6582.0,-35.7649342
2024-05-09 16:39:51,6583.0,-35.794653429629626
2024-05-09 16:39:52,6584.0,-35.8249163037037
2024-05-09 16:39:53,6585.0,-35.855450999999995
2024-05-09 16:39:54,6586.0,-35.885985696296295
2024-05-09 16:39:55,6587.0,-35.91624857037037
2024-05-09 16:39:56,6588.0,-35.945967800000005
2024-05-09 16:39:57,6589.0,-35.97487156296296
2024-05-09 16:39:58,6590.0,-36.00268803703704
2024-05-09 16:39:59,6591.0,-36.0291454
2024-05-09 16:40:00,6592.0,-36.05397182962963
2024-05-09 16:40:01,6593.0,-36.0768955037037
2024-05-09 16:40:02,6594.0,-36.097644599999995
2024-05-09 16:40:03,6595.0,-36.1159472962963
2024-05-09 16:40:04,6596.0,-36.13153177037037
2024-05-09 16:40:05,6597.0,-36.1441262
2024-05-09 16:40:06,6598.0,-36.15345876296296
2024-05-09 16:40:07,6599.0,-36.15925763703704
2024-05-09 16:40:08,6600.0,-36.161251
2024-05-09 16:40:09,6601.0,-36.15935046074074
2024-05-09 16:40:10,6602.0,-36.15382161925926
2024-05-09 16:40:11,6603.0,-36.14492364
2024-05-09 16:40:12,6604.0,-36.132915687407404
2024-05-09 16:40:13,6605.0,-36.11805692592592
2024-05-09 16:40:14,6606.0,-36.10060652
2024-05-09 16:40:15,6607.0,-36.08082363407408
2024-05-09 16:40:16,6608.0,-36.058967432592596
2024-05-09 16:40:17,6609.0,-36.03529708
2024-05-09 16:40:18,6610.0,-36.01007174074074
2024-05-09 16:40:19,6611.0,-35.98355057925926
2024-05-09 16:40:20,6612.0,-35.95599276
2024-05-09 16:40:21,6613.0,-35.92765744740741
2024-05-09 16:40:22,6614.0,-35.89880380592592
2024-05-09 16:40:23,6615.0,-35.869691
2024-05-09 16:40:24,6616.0,-35.84057819407408
2024-05-09 16:40:25,6617.0,-35.811724552592594
2024-05-09 16:40:26,6618.0,-35.78338924
2024-05-09 16:40:27,6619.0,-35.75583142074075
2024-05-09 16:40:28,6620.0,-35.729310259259265
2024-05-09 16:40:29,6621.0,-35.70408492000001
2024-05-09 16:40:30,6622.0,-35.68041456740741
2024-05-09 16:40:31,6623.0,-35.658558365925934
2024-05-09 16:40:32,6624.0,-35.63877548000001
2024-05-09 16:40:33,6625.0,-35.62132507407408
2024-05-09 16:40:34,6626.0,-35.6064663125926
2024-05-09 16:40:35,6627.0,-35.594458360000004
2024-05-09 16:40:36,6628.0,-35.58556038074075
2024-05-09 16:40:37,6629.0,-35.58003153925927
2024-05-09 16:40:38,6630.0,-35.578131000000006
2024-05-09 16:40:39,6631.0,-35.57818058949121
2024-05-09 16:40:40,6632.0,-35.578328344854945
2024-05-09 16:40:41,6633.0,-35.578572746426346
2024-05-09 16:40:42,6634.0,-35.57891227454057
2024-05-09 16:40:43,6635.0,-35.57934540953278
2024-05-09 16:40:44,6636.0,-35.57987063173811
2024-05-09 16:40:45,6637.0,-35.58048642149172
2024-05-09 16:40:46,6638.0,-35.581191259128765
2024-05-09 16:40:47,6639.0,-35.58198362498439
2024-05-09 16:40:48,6640.0,-35.58286199939376
2024-05-09 16:40:49,6641.0,-35.58382486269201
2024-05-09 16:40:50,6642.0,-35.58487069521431
2024-05-09 16:40:51,6643.0,-35.5859979772958
2024-05-09 16:40:52,6644.0,-35.587205189271636
2024-05-09 16:40:53,6645.0,-35.588490811476966
2024-05-09 16:40:54,6646.0,-35.589853324246945
2024-05-09 16:40:55,6647.0,-35.591291207916726
2024-05-09 16:40:56,6648.0,-35.592802942821464
2024-05-09 16:40:57,6649.0,-35.594387009296305
2024-05-09 16:40:58,6650.0,-35.59604188767641
2024-05-09 16:40:59,6651.0,-35.59776605829691
2024-05-09 16:41:00,6652.0,-35.59955800149298
2024-05-09 16:41:01,6653.0,-35.60141619759976
2024-05-09 16:41:02,6654.0,-35.60333912695241
2024-05-09 16:41:03,6655.0,-35.60532526988608
2024-05-09 16:41:04,6656.0,-35.60737310673592
2024-05-09 16:41:05,6657.0,-35.60948111783707
2024-05-09 16:41:06,6658.0,-35.6116477835247
2024-05-09 16:41:07,6659.0,-35.61387158413397
2024-05-09 16:41:08,6660.0,-35.616151
2024-05-09 16:41:09,6661.0,-35.61914217686451
2024-05-09 16:41:10,6662.0,-35.6234562237031
2024-05-09 16:41:11,6663.0,-35.62902406570183
2024-05-09 16:41:12,6664.0,-35.63577662804673
2024-05-09 16:41:13,6665.0,-35.643644835923844
2024-05-09 16:41:14,6666.0,-35.65255961451923
2024-05-09 16:41:15,6667.0,-35.66245188901891
2024-05-09 16:41:16,6668.0,-35.67325258460894
2024-05-09 16:41:17,6669.0,-35.68489262647537
2024-05-09 16:41:18,6670.0,-35.69730293980423
2024-05-09 16:41:19,6671.0,-35.71041444978157
2024-05-09 16:41:20,6672.0,-35.72415808159343
2024-05-09 16:41:21,6673.0,-35.73846476042587
2024-05-09 16:41:22,6674.0,-35.7532654114649
2024-05-09 16:41:23,6675.0,-35.768490959896596
2024-05-09 16:41:24,6676.0,-35.784072330906994
2024-05-09 16:41:25,6677.0,-35.79994044968212
2024-05-09 16:41:26,6678.0,-35.81602624140803
2024-05-09 16:41:27,6679.0,-35.83226063127078
2024-05-09 16:41:28,6680.0,-35.84857454445639
2024-05-09 16:41:29,6681.0,-35.86489890615091
2024-05-09 16:41:30,6682.0,-35.88116464154041
2024-05-09 16:41:31,6683.0,-35.897302675810884
2024-05-09 16:41:32,6684.0,-35.913243934148426
2024-05-09 16:41:33,6685.0,-35.928919341739046
2024-05-09 16:41:34,6686.0,-35.944259823768796
2024-05-09 16:41:35,6687.0,-35.95919630542373
2024-05-09 16:41:36,6688.0,-35.97365971188988
2024-05-09 16:41:37,6689.0,-35.987580968353285
2024-05-09 16:41:38,6690.0,-36.000891
2024-05-09 16:41:39,6691.0,-36.01368957311538
2024-05-09 16:41:40,6692.0,-36.02614845899296
2024-05-09 16:41:41,6693.0,-36.03830659033097
2024-05-09 16:41:42,6694.0,-36.0502028998277
2024-05-09 16:41:43,6695.0,-36.061876320181455
2024-05-09 16:41:44,6696.0,-36.07336578409046
2024-05-09 16:41:45,6697.0,-36.08471022425303
2024-05-09 16:41:46,6698.0,-36.09594857336741
2024-05-09 16:41:47,6699.0,-36.10711976413188
2024-05-09 16:41:48,6700.0,-36.118262729244734
2024-05-09 16:41:49,6701.0,-36.129416401404214
2024-05-09 16:41:50,6702.0,-36.14061971330862
2024-05-09 16:41:51,6703.0,-36.1519115976562
2024-05-09 16:41:52,6704.0,-36.163330987145244
2024-05-09 16:41:53,6705.0,-36.17491681447403
2024-05-09 16:41:54,6706.0,-36.18670801234083
2024-05-09 16:41:55,6707.0,-36.198743513443894
2024-05-09 16:41:56,6708.0,-36.21106225048153
2024-05-09 16:41:57,6709.0,-36.22370315615199
2024-05-09 16:41:58,6710.0,-36.23670516315355
2024-05-09 16:41:59,6711.0,-36.25010720418449
2024-05-09 16:42:00,6712.0,-36.263948211943074
2024-05-09 16:42:01,6713.0,-36.278267119127584
2024-05-09 16:42:02,6714.0,-36.2931028584363
2024-05-09 16:42:03,6715.0,-36.30849436256748
2024-05-09 16:42:04,6716.0,-36.3244805642194
2024-05-09 16:42:05,6717.0,-36.34110039609034
2024-05-09 16:42:06,6718.0,-36.35839279087857
2024-05-09 16:42:07,6719.0,-36.376396681282365
2024-05-09 16:42:08,6720.0,-36.395151
2024-05-09 16:42:09,6721.0,-36.416482997719164
2024-05-09 16:42:10,6722.0,-36.441965921893626
2024-05-09 16:42:11,6723.0,-36.47125770037076
2024-05-09 16:42:12,6724.0,-36.504016260997965
2024-05-09 16:42:13,6725.0,-36.5398995316226
2024-05-09 16:42:14,6726.0,-36.57856544009207
2024-05-09 16:42:15,6727.0,-36.619671914253736
2024-05-09 16:42:16,6728.0,-36.662876881955
2024-05-09 16:42:17,6729.0,-36.70783827104324
2024-05-09 16:42:18,6730.0,-36.754214009365825
2024-05-09 16:42:19,6731.0,-36.80166202477014
2024-05-09 16:42:20,6732.0,-36.84984024510358
2024-05-09 16:42:21,6733.0,-36.89840659821351
2024-05-09 16:42:22,6734.0,-36.947019011947326
2024-05-09 16:42:23,6735.0,-36.995335414152414
2024-05-09 16:42:24,6736.0,-37.04301373267613
2024-05-09 16:42:25,6737.0,-37.08971189536589
2024-05-09 16:42:26,6738.0,-37.135087830069054
2024-05-09 16:42:27,6739.0,-37.178799464633
2024-05-09 16:42:28,6740.0,-37.220504726905126
2024-05-09 16:42:29,6741.0,-37.259861544732814
2024-05-09 16:42:30,6742.0,-37.29652784596343
2024-05-09 16:42:31,6743.0,-37.330161558444374
2024-05-09 16:42:32,6744.0,-37.360420610023006
2024-05-09 16:42:33,6745.0,-37.38696292854674
2024-05-09 16:42:34,6746.0,-37.40944644186293
2024-05-09 16:42:35,6747.0,-37.42752907781897
2024-05-09 16:42:36,6748.0,-37.44086876426224
2024-05-09 16:42:37,6749.0,-37.449123429040114
2024-05-09 16:42:38,6750.0,-37.451950999999994
2024-05-09 16:42:39,6751.0,-37.446691207407405
2024-05-09 16:42:40,6752.0,-37.431389992592585
2024-05-09 16:42:41,6753.0,-37.406764599999995
2024-05-09 16:42:42,6754.0,-37.373532274074066
2024-05-09 16:42:43,6755.0,-37.33241025925925
2024-05-09 16:42:44,6756.0,-37.284115799999995
2024-05-09 16:42:45,6757.0,-37.22936614074074
2024-05-09 16:42:46,6758.0,-37.16887852592592
2024-05-09 16:42:47,6759.0,-37.10337019999999
2024-05-09 16:42:48,6760.0,-37.0335584074074
2024-05-09 16:42:49,6761.0,-36.960160392592584
2024-05-09 16:42:50,6762.0,-36.8838934
2024-05-09 16:42:51,6763.0,-36.80547467407407
2024-05-09 16:42:52,6764.0,-36.72562145925925
2024-05-09 16:42:53,6765.0,-36.645050999999995
2024-05-09 16:42:54,6766.0,-36.56448054074074
2024-05-09 16:42:55,6767.0,-36.48462732592592
2024-05-09 16:42:56,6768.0,-36.4062086
2024-05-09 16:42:57,6769.0,-36.329941607407406
2024-05-09 16:42:58,6770.0,-36.256543592592585
2024-05-09 16:42:59,6771.0,-36.1867318
2024-05-09 16:43:00,6772.0,-36.121223474074064
2024-05-09 16:43:01,6773.0,-36.06073585925925
2024-05-09 16:43:02,6774.0,-36.005986199999995
2024-05-09 16:43:03,6775.0,-35.957691740740735
2024-05-09 16:43:04,6776.0,-35.916569725925925
2024-05-09 16:43:05,6777.0,-35.883337399999995
2024-05-09 16:43:06,6778.0,-35.8587120074074
2024-05-09 16:43:07,6779.0,-35.843410792592586
2024-05-09 16:43:08,6780.0,-35.838150999999996
2024-05-09 16:43:09,6781.0,-35.840942578280156
2024-05-09 16:43:10,6782.0,-35.849068819564756
2024-05-09 16:43:11,6783.0,-35.86215698351997
2024-05-09 16:43:12,6784.0,-35.879834329811956
2024-05-09 16:43:13,6785.0,-35.90172811810691
2024-05-09 16:43:14,6786.0,-35.92746560807099
2024-05-09 16:43:15,6787.0,-35.95667405937038
2024-05-09 16:43:16,6788.0,-35.98898073167124
2024-05-09 16:43:17,6789.0,-36.02401288463977
2024-05-09 16:43:18,6790.0,-36.06139777794211
2024-05-09 16:43:19,6791.0,-36.100762671244446
2024-05-09 16:43:20,6792.0,-36.14173482421297
2024-05-09 16:43:21,6793.0,-36.18394149651384
2024-05-09 16:43:22,6794.0,-36.22700994781322
2024-05-09 16:43:23,6795.0,-36.27056743777731
2024-05-09 16:43:24,6796.0,-36.31424122607226
2024-05-09 16:43:25,6797.0,-36.35765857236425
2024-05-09 16:43:26,6798.0,-36.40044673631946
2024-05-09 16:43:27,6799.0,-36.44223297760406
2024-05-09 16:43:28,6800.0,-36.482644555884214
2024-05-09 16:43:29,6801.0,-36.521308730826114
2024-05-09 16:43:30,6802.0,-36.557852762095926
2024-05-09 16:43:31,6803.0,-36.591903909359814
2024-05-09 16:43:32,6804.0,-36.62308943228397
2024-05-09 16:43:33,6805.0,-36.651036590534545
2024-05-09 16:43:34,6806.0,-36.675372643777735
2024-05-09 16:43:35,6807.0,-36.6957248516797
2024-05-09 16:43:36,6808.0,-36.71172047390662
2024-05-09 16:43:37,6809.0,-36.722986770124656
2024-05-09 16:43:38,6810.0,-36.729151
2024-05-09 16:43:39,6811.0,-36.73259244469016
2024-05-09 16:43:40,6812.0,-36.735937911278576
2024-05-09 16:43:41,6813.0,-36.73918594832031
2024-05-09 16:43:42,6814.0,-36.74233510437042
2024-05-09 16:43:43,6815.0,-36.74538392798398
2024-05-09 16:43:44,6816.0,-36.74833096771604
2024-05-09 16:43:45,6817.0,-36.75117477212167
2024-05-09 16:43:46,6818.0,-36.75391388975593
2024-05-09 16:43:47,6819.0,-36.75654686917388
2024-05-09 16:43:48,6820.0,-36.759072258930594
2024-05-09 16:43:49,6821.0,-36.76148860758113
2024-05-09 16:43:50,6822.0,-36.76379446368054
2024-05-09 16:43:51,6823.0,-36.76598837578389
2024-05-09 16:43:52,6824.0,-36.768068892446266
2024-05-09 16:43:53,6825.0,-36.77003456222269
2024-05-09 16:43:54,6826.0,-36.771883933668256
2024-05-09 16:43:55,6827.0,-36.77361555533801
2024-05-09 16:43:56,6828.0,-36.77522797578703
2024-05-09 16:43:57,6829.0,-36.77671974357036
2024-05-09 16:43:58,6830.0,-36.77808940724308
2024-05-09 16:43:59,6831.0,-36.77933551536024
2024-05-09 16:44:00,6832.0,-36.780456616476904
2024-05-09 16:44:01,6833.0,-36.781451259148135
2024-05-09 16:44:02,6834.0,-36.782317991929006
2024-05-09 16:44:03,6835.0,-36.78305536337457
2024-05-09 16:44:04,6836.0,-36.78366192203989
2024-05-09 16:44:05,6837.0,-36.78413621648003
2024-05-09 16:44:06,6838.0,-36.78447679525006
2024-05-09 16:44:07,6839.0,-36.784682206905025
2024-05-09 16:44:08,6840.0,-36.784751
2024-05-09 16:44:09,6841.0,-36.7836294237037
2024-05-09 16:44:10,6842.0,-36.780366656296295
2024-05-09 16:44:11,6843.0,-36.77511564
2024-05-09 16:44:12,6844.0,-36.76802931703703
2024-05-09 16:44:13,6845.0,-36.75926062962963
2024-05-09 16:44:14,6846.0,-36.74896252
2024-05-09 16:44:15,6847.0,-36.73728793037037
2024-05-09 16:44:16,6848.0,-36.72438980296297
2024-05-09 16:44:17,6849.0,-36.71042108
2024-05-09 16:44:18,6850.0,-36.69553470370371
2024-05-09 16:44:19,6851.0,-36.679883616296294
2024-05-09 16:44:20,6852.0,-36.66362076
2024-05-09 16:44:21,6853.0,-36.64689907703704
2024-05-09 16:44:22,6854.0,-36.62987150962963
2024-05-09 16:44:23,6855.0,-36.612691000000005
2024-05-09 16:44:24,6856.0,-36.595510490370366
2024-05-09 16:44:25,6857.0,-36.57848292296297
2024-05-09 16:44:26,6858.0,-36.56176124
2024-05-09 16:44:27,6859.0,-36.5454983837037
2024-05-09 16:44:28,6860.0,-36.5298472962963
2024-05-09 16:44:29,6861.0,-36.51496092000001
2024-05-09 16:44:30,6862.0,-36.50099219703704
2024-05-09 16:44:31,6863.0,-36.48809406962963
2024-05-09 16:44:32,6864.0,-36.476419480000004
2024-05-09 16:44:33,6865.0,-36.466121370370374
2024-05-09 16:44:34,6866.0,-36.45735268296296
2024-05-09 16:44:35,6867.0,-36.45026636
2024-05-09 16:44:36,6868.0,-36.44501534370371
2024-05-09 16:44:37,6869.0,-36.441752576296295
2024-05-09 16:44:38,6870.0,-36.440631
2024-05-09 16:44:39,6871.0,-36.44120795407408
2024-05-09 16:44:40,6872.0,-36.44288636592593
2024-05-09 16:44:41,6873.0,-36.44558756000001
2024-05-09 16:44:42,6874.0,-36.44923286074074
2024-05-09 16:44:43,6875.0,-36.453743592592595
2024-05-09 16:44:44,6876.0,-36.45904108
2024-05-09 16:44:45,6877.0,-36.465046647407405
2024-05-09 16:44:46,6878.0,-36.47168161925926
2024-05-09 16:44:47,6879.0,-36.47886732
2024-05-09 16:44:48,6880.0,-36.48652507407407
2024-05-09 16:44:49,6881.0,-36.494576205925924
2024-05-09 16:44:50,6882.0,-36.50294204
2024-05-09 16:44:51,6883.0,-36.51154390074074
2024-05-09 16:44:52,6884.0,-36.52030311259259
2024-05-09 16:44:53,6885.0,-36.529140999999996
2024-05-09 16:44:54,6886.0,-36.537978887407405
2024-05-09 16:44:55,6887.0,-36.54673809925925
2024-05-09 16:44:56,6888.0,-36.55533996
2024-05-09 16:44:57,6889.0,-36.563705794074075
2024-05-09 16:44:58,6890.0,-36.57175692592592
2024-05-09 16:44:59,6891.0,-36.57941468
2024-05-09 16:45:00,6892.0,-36.58660038074074
2024-05-09 16:45:01,6893.0,-36.59323535259259
2024-05-09 16:45:02,6894.0,-36.59924091999999
2024-05-09 16:45:03,6895.0,-36.604538407407404
2024-05-09 16:45:04,6896.0,-36.609049139259255
2024-05-09 16:45:05,6897.0,-36.61269443999999
2024-05-09 16:45:06,6898.0,-36.61539563407407
2024-05-09 16:45:07,6899.0,-36.61707404592592
2024-05-09 16:45:08,6900.0,-36.617650999999995
2024-05-09 16:45:09,6901.0,-36.6170404464169
2024-05-09 16:45:10,6902.0,-36.61524181221546
2024-05-09 16:45:11,6903.0,-36.61230463721748
2024-05-09 16:45:12,6904.0,-36.60827846124474
2024-05-09 16:45:13,6905.0,-36.60321282411903
2024-05-09 16:45:14,6906.0,-36.597157265662155
2024-05-09 16:45:15,6907.0,-36.59016132569589
2024-05-09 16:45:16,6908.0,-36.58227454404203
2024-05-09 16:45:17,6909.0,-36.57354646052237
2024-05-09 16:45:18,6910.0,-36.56402661495869
2024-05-09 16:45:19,6911.0,-36.5537645471728
2024-05-09 16:45:20,6912.0,-36.54280979698647
2024-05-09 16:45:21,6913.0,-36.53121190422149
2024-05-09 16:45:22,6914.0,-36.519020408699674
2024-05-09 16:45:23,6915.0,-36.5062848502428
2024-05-09 16:45:24,6916.0,-36.49305476867264
2024-05-09 16:45:25,6917.0,-36.47937970381102
2024-05-09 16:45:26,6918.0,-36.465309195479705
2024-05-09 16:45:27,6919.0,-36.45089278350049
2024-05-09 16:45:28,6920.0,-36.43618000769517
2024-05-09 16:45:29,6921.0,-36.42122040788553
2024-05-09 16:45:30,6922.0,-36.406063523893366
2024-05-09 16:45:31,6923.0,-36.39075889554047
2024-05-09 16:45:32,6924.0,-36.37535606264863
2024-05-09 16:45:33,6925.0,-36.35990456503963
2024-05-09 16:45:34,6926.0,-36.34445394253527
2024-05-09 16:45:35,6927.0,-36.329053734957334
2024-05-09 16:45:36,6928.0,-36.313753482127616
2024-05-09 16:45:37,6929.0,-36.29860272386791
2024-05-09 16:45:38,6930.0,-36.283651
2024-05-09 16:45:39,6931.0,-36.26761452946542
2024-05-09 16:45:40,6932.0,-36.24930814453904
2024-05-09 16:45:41,6933.0,-36.22892930504266
2024-05-09 16:45:42,6934.0,-36.20667547079807
2024-05-09 16:45:43,6935.0,-36.18274410162703
2024-05-09 16:45:44,6936.0,-36.15733265735137
2024-05-09 16:45:45,6937.0,-36.13063859779286
2024-05-09 16:45:46,6938.0,-36.1028593827733
2024-05-09 16:45:47,6939.0,-36.07419247211446
2024-05-09 16:45:48,6940.0,-36.04483532563816
2024-05-09 16:45:49,6941.0,-36.01498540316617
2024-05-09 16:45:50,6942.0,-35.98484016452029
2024-05-09 16:45:51,6943.0,-35.95459706952231
2024-05-09 16:45:52,6944.0,-35.924453577994015
2024-05-09 16:45:53,6945.0,-35.8946071497572
2024-05-09 16:45:54,6946.0,-35.86525524463365
2024-05-09 16:45:55,6947.0,-35.83659532244516
2024-05-09 16:45:56,6948.0,-35.808824843013525
2024-05-09 16:45:57,6949.0,-35.78214126616053
2024-05-09 16:45:58,6950.0,-35.75674205170797
2024-05-09 16:45:59,6951.0,-35.73282465947762
2024-05-09 16:46:00,6952.0,-35.7105865492913
2024-05-09 16:46:01,6953.0,-35.69022518097078
2024-05-09 16:46:02,6954.0,-35.67193801433785
2024-05-09 16:46:03,6955.0,-35.65592250921429
2024-05-09 16:46:04,6956.0,-35.642376125421926
2024-05-09 16:46:05,6957.0,-35.63149632278252
2024-05-09 16:46:06,6958.0,-35.62348056111786
2024-05-09 16:46:07,6959.0,-35.61852630024976
2024-05-09 16:46:08,6960.0,-35.616831
2024-05-09 16:46:09,6961.0,-35.61887774637037
2024-05-09 16:46:10,6962.0,-35.62483191762963
2024-05-09 16:46:11,6963.0,-35.634414412
2024-05-09 16:46:12,6964.0,-35.6473461277037
2024-05-09 16:46:13,6965.0,-35.66334796296296
2024-05-09 16:46:14,6966.0,-35.682140816
2024-05-09 16:46:15,6967.0,-35.70344558503703
2024-05-09 16:46:16,6968.0,-35.72698316829629
2024-05-09 16:46:17,6969.0,-35.752474464
2024-05-09 16:46:18,6970.0,-35.77964037037037
2024-05-09 16:46:19,6971.0,-35.80820178562963
2024-05-09 16:46:20,6972.0,-35.837879608
2024-05-09 16:46:21,6973.0,-35.8683947357037
2024-05-09 16:46:22,6974.0,-35.89946806696296
2024-05-09 16:46:23,6975.0,-35.930820499999996
2024-05-09 16:46:24,6976.0,-35.96217293303704
2024-05-09 16:46:25,6977.0,-35.993246264296296
2024-05-09 16:46:26,6978.0,-36.023761392
2024-05-09 16:46:27,6979.0,-36.05343921437037
2024-05-09 16:46:28,6980.0,-36.08200062962963
2024-05-09 16:46:29,6981.0,-36.109166536000004
2024-05-09 16:46:30,6982.0,-36.134657831703706
2024-05-09 16:46:31,6983.0,-36.15819541496297
2024-05-09 16:46:32,6984.0,-36.179500184000005
2024-05-09 16:46:33,6985.0,-36.19829303703704
2024-05-09 16:46:34,6986.0,-36.21429487229629
2024-05-09 16:46:35,6987.0,-36.227226588
2024-05-09 16:46:36,6988.0,-36.23680908237037
2024-05-09 16:46:37,6989.0,-36.242763253629626
2024-05-09 16:46:38,6990.0,-36.24481
2024-05-09 16:46:39,6991.0,-36.2442468
2024-05-09 16:46:40,6992.0,-36.2426084
2024-05-09 16:46:41,6993.0,-36.239971600000004
2024-05-09 16:46:42,6994.0,-36.2364132
2024-05-09 16:46:43,6995.0,-36.23201
2024-05-09 16:46:44,6996.0,-36.2268388
2024-05-09 16:46:45,6997.0,-36.2209764
2024-05-09 16:46:46,6998.0,-36.214499599999996
2024-05-09 16:46:47,6999.0,-36.2074852
2024-05-09 16:46:48,7000.0,-36.20001
2024-05-09 16:46:49,7001.0,-36.1921508
2024-05-09 16:46:50,7002.0,-36.18398440000001
2024-05-09 16:46:51,7003.0,-36.1755876
2024-05-09 16:46:52,7004.0,-36.1670372
2024-05-09 16:46:53,7005.0,-36.158409999999996
2024-05-09 16:46:54,7006.0,-36.1497828
2024-05-09 16:46:55,7007.0,-36.1412324
2024-05-09 16:46:56,7008.0,-36.1328356
2024-05-09 16:46:57,7009.0,-36.1246692
2024-05-09 16:46:58,7010.0,-36.11681
2024-05-09 16:46:59,7011.0,-36.1093348
2024-05-09 16:47:00,7012.0,-36.1023204
2024-05-09 16:47:01,7013.0,-36.0958436
2024-05-09 16:47:02,7014.0,-36.0899812
2024-05-09 16:47:03,7015.0,-36.08481
2024-05-09 16:47:04,7016.0,-36.0804068
2024-05-09 16:47:05,7017.0,-36.0768484
2024-05-09 16:47:06,7018.0,-36.0742116
2024-05-09 16:47:07,7019.0,-36.0725732
2024-05-09 16:47:08,7020.0,-36.07201
2024-05-09 16:47:09,7021.0,-36.073822389668244
2024-05-09 16:47:10,7022.0,-36.07909480607508
2024-05-09 16:47:11,7023.0,-36.087580120323594
2024-05-09 16:47:12,7024.0,-36.099031203516944
2024-05-09 16:47:13,7025.0,-36.11320092675823
2024-05-09 16:47:14,7026.0,-36.129842161150584
2024-05-09 16:47:15,7027.0,-36.148707777797114
2024-05-09 16:47:16,7028.0,-36.169550647800946
2024-05-09 16:47:17,7029.0,-36.19212364226521
2024-05-09 16:47:18,7030.0,-36.21617963229301
2024-05-09 16:47:19,7031.0,-36.241471488987486
2024-05-09 16:47:20,7032.0,-36.26775208345175
2024-05-09 16:47:21,7033.0,-36.294774286788915
2024-05-09 16:47:22,7034.0,-36.32229097010211
2024-05-09 16:47:23,7035.0,-36.350055004494465
2024-05-09 16:47:24,7036.0,-36.37781926106908
2024-05-09 16:47:25,7037.0,-36.40533661092909
2024-05-09 16:47:26,7038.0,-36.432359925177614
2024-05-09 16:47:27,7039.0,-36.458642074917776
2024-05-09 16:47:28,7040.0,-36.48393593125269
2024-05-09 16:47:29,7041.0,-36.507994365285484
2024-05-09 16:47:30,7042.0,-36.530570248119275
2024-05-09 16:47:31,7043.0,-36.55141645085718
2024-05-09 16:47:32,7044.0,-36.570285844602324
2024-05-09 16:47:33,7045.0,-36.586931300457834
2024-05-09 16:47:34,7046.0,-36.601105689526825
2024-05-09 16:47:35,7047.0,-36.61256188291241
2024-05-09 16:47:36,7048.0,-36.62105275171772
2024-05-09 16:47:37,7049.0,-36.62633116704588
2024-05-09 16:47:38,7050.0,-36.62815
2024-05-09 16:47:39,7051.0,-36.6281565544356
2024-05-09 16:47:40,7052.0,-36.628162886800794
2024-05-09 16:47:41,7053.0,-36.62816899708759
2024-05-09 16:47:42,7054.0,-36.62817488528799
2024-05-09 16:47:43,7055.0,-36.62818055139402
2024-05-09 16:47:44,7056.0,-36.628185995397665
2024-05-09 16:47:45,7057.0,-36.62819121729096
2024-05-09 16:47:46,7058.0,-36.628196217065906
2024-05-09 16:47:47,7059.0,-36.62820099471451
2024-05-09 16:47:48,7060.0,-36.628205550228785
2024-05-09 16:47:49,7061.0,-36.62820988360073
2024-05-09 16:47:50,7062.0,-36.62821399482238
2024-05-09 16:47:51,7063.0,-36.62821788388572
2024-05-09 16:47:52,7064.0,-36.62822155078277
2024-05-09 16:47:53,7065.0,-36.62822499550554
2024-05-09 16:47:54,7066.0,-36.62822821804603
2024-05-09 16:47:55,7067.0,-36.62823121839627
2024-05-09 16:47:56,7068.0,-36.62823399654825
2024-05-09 16:47:57,7069.0,-36.628236552493995
2024-05-09 16:47:58,7070.0,-36.628238886225496
2024-05-09 16:47:59,7071.0,-36.62824099773479
2024-05-09 16:48:00,7072.0,-36.62824288701387
2024-05-09 16:48:01,7073.0,-36.62824455405474
2024-05-09 16:48:02,7074.0,-36.62824599884942
2024-05-09 16:48:03,7075.0,-36.62824722138992
2024-05-09 16:48:04,7076.0,-36.62824822166824
2024-05-09 16:48:05,7077.0,-36.6282489996764
2024-05-09 16:48:06,7078.0,-36.628249555406406
2024-05-09 16:48:07,7079.0,-36.62824988885028
2024-05-09 16:48:08,7080.0,-36.62825
2024-05-09 16:48:09,7081.0,-36.62797400089368
2024-05-09 16:48:10,7082.0,-36.62715843257021
2024-05-09 16:48:11,7083.0,-36.625821938522876
2024-05-09 16:48:12,7084.0,-36.62398316224492
2024-05-09 16:48:13,7085.0,-36.621660747229605
2024-05-09 16:48:14,7086.0,-36.6188733369702
2024-05-09 16:48:15,7087.0,-36.615639574959985
2024-05-09 16:48:16,7088.0,-36.611978104692184
2024-05-09 16:48:17,7089.0,-36.60790756966009
2024-05-09 16:48:18,7090.0,-36.60344661335696
2024-05-09 16:48:19,7091.0,-36.598613879276044
2024-05-09 16:48:20,7092.0,-36.593428010910614
2024-05-09 16:48:21,7093.0,-36.58790765175393
2024-05-09 16:48:22,7094.0,-36.58207144529927
2024-05-09 16:48:23,7095.0,-36.57593803503987
2024-05-09 16:48:24,7096.0,-36.569526064469
2024-05-09 16:48:25,7097.0,-36.562854177079934
2024-05-09 16:48:26,7098.0,-36.55594101636592
2024-05-09 16:48:27,7099.0,-36.54880522582024
2024-05-09 16:48:28,7100.0,-36.54146544893614
2024-05-09 16:48:29,7101.0,-36.53394032920688
2024-05-09 16:48:30,7102.0,-36.52624851012574
2024-05-09 16:48:31,7103.0,-36.51840863518596
2024-05-09 16:48:32,7104.0,-36.51043934788082
2024-05-09 16:48:33,7105.0,-36.50235929170358
2024-05-09 16:48:34,7106.0,-36.49418711014749
2024-05-09 16:48:35,7107.0,-36.48594144670583
2024-05-09 16:48:36,7108.0,-36.47764094487186
2024-05-09 16:48:37,7109.0,-36.46930424813882
2024-05-09 16:48:38,7110.0,-36.46095
2024-05-09 16:48:39,7111.0,-36.45151159186118
2024-05-09 16:48:40,7112.0,-36.44002097512814
2024-05-09 16:48:41,7113.0,-36.42664463329416
2024-05-09 16:48:42,7114.0,-36.411549049852496
2024-05-09 16:48:43,7115.0,-36.39490070829642
2024-05-09 16:48:44,7116.0,-36.37686609211918
2024-05-09 16:48:45,7117.0,-36.35761168481403
2024-05-09 16:48:46,7118.0,-36.33730396987426
2024-05-09 16:48:47,7119.0,-36.31610943079311
2024-05-09 16:48:48,7120.0,-36.29419455106386
2024-05-09 16:48:49,7121.0,-36.27172581417976
2024-05-09 16:48:50,7122.0,-36.248869703634064
2024-05-09 16:48:51,7123.0,-36.22579270292007
2024-05-09 16:48:52,7124.0,-36.202661295530994
2024-05-09 16:48:53,7125.0,-36.17964196496013
2024-05-09 16:48:54,7126.0,-36.15690119470073
2024-05-09 16:48:55,7127.0,-36.13460546824606
2024-05-09 16:48:56,7128.0,-36.11292126908938
2024-05-09 16:48:57,7129.0,-36.09201508072395
2024-05-09 16:48:58,7130.0,-36.072053386643034
2024-05-09 16:48:59,7131.0,-36.05320267033989
2024-05-09 16:49:00,7132.0,-36.03562941530781
2024-05-09 16:49:01,7133.0,-36.01950010504002
2024-05-09 16:49:02,7134.0,-36.00498122302979
2024-05-09 16:49:03,7135.0,-35.99223925277039
2024-05-09 16:49:04,7136.0,-35.98144067775508
2024-05-09 16:49:05,7137.0,-35.972751981477124
2024-05-09 16:49:06,7138.0,-35.966339647429784
2024-05-09 16:49:07,7139.0,-35.96237015910632
2024-05-09 16:49:08,7140.0,-35.961009999999995
2024-05-09 16:49:09,7141.0,-35.964090782222215
2024-05-09 16:49:10,7142.0,-35.973053057777776
2024-05-09 16:49:11,7143.0,-35.98747672
2024-05-09 16:49:12,7144.0,-36.00694166222222
2024-05-09 16:49:13,7145.0,-36.03102777777777
2024-05-09 16:49:14,7146.0,-36.059314959999995
2024-05-09 16:49:15,7147.0,-36.091383102222224
2024-05-09 16:49:16,7148.0,-36.12681209777777
2024-05-09 16:49:17,7149.0,-36.165181839999995
2024-05-09 16:49:18,7150.0,-36.20607222222222
2024-05-09 16:49:19,7151.0,-36.249063137777775
2024-05-09 16:49:20,7152.0,-36.29373448
2024-05-09 16:49:21,7153.0,-36.33966614222222
2024-05-09 16:49:22,7154.0,-36.38643801777777
2024-05-09 16:49:23,7155.0,-36.433629999999994
2024-05-09 16:49:24,7156.0,-36.48082198222222
2024-05-09 16:49:25,7157.0,-36.527593857777774
2024-05-09 16:49:26,7158.0,-36.57352552
2024-05-09 16:49:27,7159.0,-36.61819686222222
2024-05-09 16:49:28,7160.0,-36.661187777777776
2024-05-09 16:49:29,7161.0,-36.70207816
2024-05-09 16:49:30,7162.0,-36.74044790222222
2024-05-09 16:49:31,7163.0,-36.77587689777778
2024-05-09 16:49:32,7164.0,-36.80794504
2024-05-09 16:49:33,7165.0,-36.83623222222222
2024-05-09 16:49:34,7166.0,-36.86031833777778
2024-05-09 16:49:35,7167.0,-36.87978328
2024-05-09 16:49:36,7168.0,-36.894206942222226
2024-05-09 16:49:37,7169.0,-36.90316921777778
2024-05-09 16:49:38,7170.0,-36.90625
2024-05-09 16:49:39,7171.0,-36.90195507851852
2024-05-09 16:49:40,7172.0,-36.88946076148148
2024-05-09 16:49:41,7173.0,-36.869352719999995
2024-05-09 16:49:42,7174.0,-36.84221662518519
2024-05-09 16:49:43,7175.0,-36.80863814814815
2024-05-09 16:49:44,7176.0,-36.76920296
2024-05-09 16:49:45,7177.0,-36.72449673185185
2024-05-09 16:49:46,7178.0,-36.675105134814814
2024-05-09 16:49:47,7179.0,-36.621613839999995
2024-05-09 16:49:48,7180.0,-36.56460851851852
2024-05-09 16:49:49,7181.0,-36.504674841481474
2024-05-09 16:49:50,7182.0,-36.442398479999994
2024-05-09 16:49:51,7183.0,-36.37836510518519
2024-05-09 16:49:52,7184.0,-36.31316038814815
2024-05-09 16:49:53,7185.0,-36.24737
2024-05-09 16:49:54,7186.0,-36.181579611851845
2024-05-09 16:49:55,7187.0,-36.11637489481481
2024-05-09 16:49:56,7188.0,-36.05234152
2024-05-09 16:49:57,7189.0,-35.99006515851851
2024-05-09 16:49:58,7190.0,-35.93013148148148
2024-05-09 16:49:59,7191.0,-35.87312615999999
2024-05-09 16:50:00,7192.0,-35.81963486518518
2024-05-09 16:50:01,7193.0,-35.77024326814814
2024-05-09 16:50:02,7194.0,-35.72553703999999
2024-05-09 16:50:03,7195.0,-35.686101851851845
2024-05-09 16:50:04,7196.0,-35.652523374814805
2024-05-09 16:50:05,7197.0,-35.62538727999999
2024-05-09 16:50:06,7198.0,-35.60527923851851
2024-05-09 16:50:07,7199.0,-35.592784921481474
2024-05-09 16:50:08,7200.0,-35.58848999999999
2024-05-09 16:50:09,7201.0,-35.58998905323727
2024-05-09 16:50:10,7202.0,-35.59438601250258
2024-05-09 16:50:11,7203.0,-35.60153057712615
2024-05-09 16:50:12,7204.0,-35.61127244643818
2024-05-09 16:50:13,7205.0,-35.6234613197689
2024-05-09 16:50:14,7206.0,-35.63794689644853
2024-05-09 16:50:15,7207.0,-35.65457887580728
2024-05-09 16:50:16,7208.0,-35.67320695717539
2024-05-09 16:50:17,7209.0,-35.69368083988305
2024-05-09 16:50:18,7210.0,-35.715850223260496
2024-05-09 16:50:19,7211.0,-35.73956480663794
2024-05-09 16:50:20,7212.0,-35.764674289345606
2024-05-09 16:50:21,7213.0,-35.7910283707137
2024-05-09 16:50:22,7214.0,-35.818476750072456
2024-05-09 16:50:23,7215.0,-35.84686912675209
2024-05-09 16:50:24,7216.0,-35.87605520008282
2024-05-09 16:50:25,7217.0,-35.905884669394844
2024-05-09 16:50:26,7218.0,-35.936207234018404
2024-05-09 16:50:27,7219.0,-35.96687259328372
2024-05-09 16:50:28,7220.0,-35.99773044652099
2024-05-09 16:50:29,7221.0,-36.02863049306046
2024-05-09 16:50:30,7222.0,-36.059422432232324
2024-05-09 16:50:31,7223.0,-36.08995596336681
2024-05-09 16:50:32,7224.0,-36.120080785794144
2024-05-09 16:50:33,7225.0,-36.14964659884453
2024-05-09 16:50:34,7226.0,-36.1785031018482
2024-05-09 16:50:35,7227.0,-36.206499994135356
2024-05-09 16:50:36,7228.0,-36.233486975036236
2024-05-09 16:50:37,7229.0,-36.25931374388104
2024-05-09 16:50:38,7230.0,-36.28383
2024-05-09 16:50:39,7231.0,-36.308473497600446
2024-05-09 16:50:40,7232.0,-36.334670423482294
2024-05-09 16:50:41,7233.0,-36.36225312586465
2024-05-09 16:50:42,7234.0,-36.39105395296662
2024-05-09 16:50:43,7235.0,-36.420905253007334
2024-05-09 16:50:44,7236.0,-36.45163937420587
2024-05-09 16:50:45,7237.0,-36.483088664781334
2024-05-09 16:50:46,7238.0,-36.51508547295286
2024-05-09 16:50:47,7239.0,-36.547462146939544
2024-05-09 16:50:48,7240.0,-36.58005103496049
2024-05-09 16:50:49,7241.0,-36.6126844852348
2024-05-09 16:50:50,7242.0,-36.6451948459816
2024-05-09 16:50:51,7243.0,-36.67741446541997
2024-05-09 16:50:52,7244.0,-36.70917569176904
2024-05-09 16:50:53,7245.0,-36.740310873247914
2024-05-09 16:50:54,7246.0,-36.77065235807569
2024-05-09 16:50:55,7247.0,-36.80003249447148
2024-05-09 16:50:56,7248.0,-36.8282836306544
2024-05-09 16:50:57,7249.0,-36.855238114843544
2024-05-09 16:50:58,7250.0,-36.88072829525802
2024-05-09 16:50:59,7251.0,-36.90458652011694
2024-05-09 16:51:00,7252.0,-36.926645137639426
2024-05-09 16:51:01,7253.0,-36.94673649604456
2024-05-09 16:51:02,7254.0,-36.96469294355146
2024-05-09 16:51:03,7255.0,-36.98034682837925
2024-05-09 16:51:04,7256.0,-36.993530498747006
2024-05-09 16:51:05,7257.0,-37.00407630287385
2024-05-09 16:51:06,7258.0,-37.0118165889789
2024-05-09 16:51:07,7259.0,-37.01658370528124
2024-05-09 16:51:08,7260.0,-37.01821
2024-05-09 16:51:09,7261.0,-37.016909375034025
2024-05-09 16:51:10,7262.0,-37.013110145725264
2024-05-09 16:51:11,7263.0,-37.00696628045749
2024-05-09 16:51:12,7264.0,-36.99863174761446
2024-05-09 16:51:13,7265.0,-36.98826051557995
2024-05-09 16:51:14,7266.0,-36.97600655273772
2024-05-09 16:51:15,7267.0,-36.96202382747155
2024-05-09 16:51:16,7268.0,-36.94646630816518
2024-05-09 16:51:17,7269.0,-36.92948796320239
2024-05-09 16:51:18,7270.0,-36.91124276096695
2024-05-09 16:51:19,7271.0,-36.89188466984262
2024-05-09 16:51:20,7272.0,-36.871567658213166
2024-05-09 16:51:21,7273.0,-36.85044569446235
2024-05-09 16:51:22,7274.0,-36.82867274697395
2024-05-09 16:51:23,7275.0,-36.80640278413173
2024-05-09 16:51:24,7276.0,-36.78378977431943
2024-05-09 16:51:25,7277.0,-36.76098768592085
2024-05-09 16:51:26,7278.0,-36.73815048731974
2024-05-09 16:51:27,7279.0,-36.71543214689987
2024-05-09 16:51:28,7280.0,-36.692986633045
2024-05-09 16:51:29,7281.0,-36.670967914138906
2024-05-09 16:51:30,7282.0,-36.64952995856534
2024-05-09 16:51:31,7283.0,-36.62882673470808
2024-05-09 16:51:32,7284.0,-36.60901221095088
2024-05-09 16:51:33,7285.0,-36.590240355677516
2024-05-09 16:51:34,7286.0,-36.572665137271755
2024-05-09 16:51:35,7287.0,-36.556440524117356
2024-05-09 16:51:36,7288.0,-36.54172048459808
2024-05-09 16:51:37,7289.0,-36.52865898709771
2024-05-09 16:51:38,7290.0,-36.51741
2024-05-09 16:51:39,7291.0,-36.50733155091503
2024-05-09 16:51:40,7292.0,-36.49766276412545
2024-05-09 16:51:41,7293.0,-36.48837925302391
2024-05-09 16:51:42,7294.0,-36.479456631002996
2024-05-09 16:51:43,7295.0,-36.470870511455345
2024-05-09 16:51:44,7296.0,-36.46259650777359
2024-05-09 16:51:45,7297.0,-36.45461023335035
2024-05-09 16:51:46,7298.0,-36.44688730157824
2024-05-09 16:51:47,7299.0,-36.43940332584991
2024-05-09 16:51:48,7300.0,-36.43213391955795
2024-05-09 16:51:49,7301.0,-36.425054696094996
2024-05-09 16:51:50,7302.0,-36.41814126885369
2024-05-09 16:51:51,7303.0,-36.411369251226624
2024-05-09 16:51:52,7304.0,-36.40471425660644
2024-05-09 16:51:53,7305.0,-36.398151898385755
2024-05-09 16:51:54,7306.0,-36.391657789957215
2024-05-09 16:51:55,7307.0,-36.3852075447134
2024-05-09 16:51:56,7308.0,-36.378776776046976
2024-05-09 16:51:57,7309.0,-36.37234109735055
2024-05-09 16:51:58,7310.0,-36.365876122016736
2024-05-09 16:51:59,7311.0,-36.359357463438165
2024-05-09 16:52:00,7312.0,-36.35276073500748
2024-05-09 16:52:01,7313.0,-36.34606155011727
2024-05-09 16:52:02,7314.0,-36.33923552216017
2024-05-09 16:52:03,7315.0,-36.33225826452883
2024-05-09 16:52:04,7316.0,-36.32510539061584
2024-05-09 16:52:05,7317.0,-36.31775251381384
2024-05-09 16:52:06,7318.0,-36.31017524751546
2024-05-09 16:52:07,7319.0,-36.302349205113295
2024-05-09 16:52:08,7320.0,-36.29425
2024-05-09 16:52:09,7321.0,-36.285906855726104
2024-05-09 16:52:10,7322.0,-36.277374339174635
2024-05-09 16:52:11,7323.0,-36.26866607873698
2024-05-09 16:52:12,7324.0,-36.25979570280449
2024-05-09 16:52:13,7325.0,-36.25077683976855
2024-05-09 16:52:14,7326.0,-36.24162311802051
2024-05-09 16:52:15,7327.0,-36.23234816595177
2024-05-09 16:52:16,7328.0,-36.22296561195367
2024-05-09 16:52:17,7329.0,-36.21348908441758
2024-05-09 16:52:18,7330.0,-36.20393221173489
2024-05-09 16:52:19,7331.0,-36.194308622296944
2024-05-09 16:52:20,7332.0,-36.18463194449512
2024-05-09 16:52:21,7333.0,-36.1749158067208
2024-05-09 16:52:22,7334.0,-36.16517383736534
2024-05-09 16:52:23,7335.0,-36.15541966482011
2024-05-09 16:52:24,7336.0,-36.14566691747647
2024-05-09 16:52:25,7337.0,-36.1359292237258
2024-05-09 16:52:26,7338.0,-36.12622021195947
2024-05-09 16:52:27,7339.0,-36.11655351056885
2024-05-09 16:52:28,7340.0,-36.10694274794529
2024-05-09 16:52:29,7341.0,-36.097401552480186
2024-05-09 16:52:30,7342.0,-36.08794355256489
2024-05-09 16:52:31,7343.0,-36.078582376590774
2024-05-09 16:52:32,7344.0,-36.06933165294922
2024-05-09 16:52:33,7345.0,-36.06020501003156
2024-05-09 16:52:34,7346.0,-36.0512160762292
2024-05-09 16:52:35,7347.0,-36.04237847993349
2024-05-09 16:52:36,7348.0,-36.033705849535814
2024-05-09 16:52:37,7349.0,-36.02521181342752
2024-05-09 16:52:38,7350.0,-36.016909999999996
2024-05-09 16:52:39,7351.0,-36.008525915226386
2024-05-09 16:52:40,7352.0,-35.99980503507396
2024-05-09 16:52:41,7353.0,-35.990790942925244
2024-05-09 16:52:42,7354.0,-35.98152722216271
2024-05-09 16:52:43,7355.0,-35.9720574561689
2024-05-09 16:52:44,7356.0,-35.9624252283263
2024-05-09 16:52:45,7357.0,-35.95267412201745
2024-05-09 16:52:46,7358.0,-35.94284772062484
2024-05-09 16:52:47,7359.0,-35.932989607531
2024-05-09 16:52:48,7360.0,-35.92314336611842
2024-05-09 16:52:49,7361.0,-35.913352579769615
2024-05-09 16:52:50,7362.0,-35.90366083186709
2024-05-09 16:52:51,7363.0,-35.894111705793385
2024-05-09 16:52:52,7364.0,-35.884748784930984
2024-05-09 16:52:53,7365.0,-35.87561565266241
2024-05-09 16:52:54,7366.0,-35.86675589237017
2024-05-09 16:52:55,7367.0,-35.85821308743677
2024-05-09 16:52:56,7368.0,-35.85003082124473
2024-05-09 16:52:57,7369.0,-35.84225267717655
2024-05-09 16:52:58,7370.0,-35.83492223861475
2024-05-09 16:52:59,7371.0,-35.82808308894185
2024-05-09 16:53:00,7372.0,-35.82177881154034
2024-05-09 16:53:01,7373.0,-35.816052989792745
2024-05-09 16:53:02,7374.0,-35.81094920708157
2024-05-09 16:53:03,7375.0,-35.806511046789325
2024-05-09 16:53:04,7376.0,-35.802782092298536
2024-05-09 16:53:05,7377.0,-35.79980592699169
2024-05-09 16:53:06,7378.0,-35.79762613425132
2024-05-09 16:53:07,7379.0,-35.79628629745991
2024-05-09 16:53:08,7380.0,-35.795829999999995
2024-05-09 16:53:09,7381.0,-35.79800242666666
2024-05-09 16:53:10,7382.0,-35.80432221333332
2024-05-09 16:53:11,7383.0,-35.814493119999995
2024-05-09 16:53:12,7384.0,-35.82821890666666
2024-05-09 16:53:13,7385.0,-35.84520333333333
2024-05-09 16:53:14,7386.0,-35.86515015999999
2024-05-09 16:53:15,7387.0,-35.887763146666664
2024-05-09 16:53:16,7388.0,-35.91274605333333
2024-05-09 16:53:17,7389.0,-35.939802639999996
2024-05-09 16:53:18,7390.0,-35.96863666666666
2024-05-09 16:53:19,7391.0,-35.99895189333333
2024-05-09 16:53:20,7392.0,-36.030452079999996
2024-05-09 16:53:21,7393.0,-36.062840986666664
2024-05-09 16:53:22,7394.0,-36.095822373333334
2024-05-09 16:53:23,7395.0,-36.1291
2024-05-09 16:53:24,7396.0,-36.16237762666667
2024-05-09 16:53:25,7397.0,-36.19535901333333
2024-05-09 16:53:26,7398.0,-36.22774792
2024-05-09 16:53:27,7399.0,-36.25924810666667
2024-05-09 16:53:28,7400.0,-36.289563333333334
2024-05-09 16:53:29,7401.0,-36.31839736
2024-05-09 16:53:30,7402.0,-36.345453946666666
2024-05-09 16:53:31,7403.0,-36.37043685333333
2024-05-09 16:53:32,7404.0,-36.393049839999996
2024-05-09 16:53:33,7405.0,-36.412996666666665
2024-05-09 16:53:34,7406.0,-36.42998109333333
2024-05-09 16:53:35,7407.0,-36.44370688
2024-05-09 16:53:36,7408.0,-36.453877786666666
2024-05-09 16:53:37,7409.0,-36.46019757333333
2024-05-09 16:53:38,7410.0,-36.46237
2024-05-09 16:53:39,7411.0,-36.461283037037035
2024-05-09 16:53:40,7412.0,-36.458120962962965
2024-05-09 16:53:41,7413.0,-36.453032
2024-05-09 16:53:42,7414.0,-36.44616437037037
2024-05-09 16:53:43,7415.0,-36.4376662962963
2024-05-09 16:53:44,7416.0,-36.427686
2024-05-09 16:53:45,7417.0,-36.4163717037037
2024-05-09 16:53:46,7418.0,-36.403871629629634
2024-05-09 16:53:47,7419.0,-36.390333999999996
2024-05-09 16:53:48,7420.0,-36.37590703703703
2024-05-09 16:53:49,7421.0,-36.36073896296296
2024-05-09 16:53:50,7422.0,-36.344978
2024-05-09 16:53:51,7423.0,-36.32877237037037
2024-05-09 16:53:52,7424.0,-36.3122702962963
2024-05-09 16:53:53,7425.0,-36.29562
2024-05-09 16:53:54,7426.0,-36.2789697037037
2024-05-09 16:53:55,7427.0,-36.262467629629626
2024-05-09 16:53:56,7428.0,-36.246262
2024-05-09 16:53:57,7429.0,-36.23050103703704
2024-05-09 16:53:58,7430.0,-36.21533296296296
2024-05-09 16:53:59,7431.0,-36.200905999999996
2024-05-09 16:54:00,7432.0,-36.18736837037037
2024-05-09 16:54:01,7433.0,-36.17486829629629
2024-05-09 16:54:02,7434.0,-36.163554
2024-05-09 16:54:03,7435.0,-36.15357370370371
2024-05-09 16:54:04,7436.0,-36.14507562962962
2024-05-09 16:54:05,7437.0,-36.138208
2024-05-09 16:54:06,7438.0,-36.13311903703704
2024-05-09 16:54:07,7439.0,-36.12995696296296
2024-05-09 16:54:08,7440.0,-36.12887
2024-05-09 16:54:09,7441.0,-36.12978070222222
2024-05-09 16:54:10,7442.0,-36.13243001777778
2024-05-09 16:54:11,7443.0,-36.13669376
2024-05-09 16:54:12,7444.0,-36.14244774222222
2024-05-09 16:54:13,7445.0,-36.149567777777776
2024-05-09 16:54:14,7446.0,-36.15792968
2024-05-09 16:54:15,7447.0,-36.16740926222222
2024-05-09 16:54:16,7448.0,-36.17788233777778
2024-05-09 16:54:17,7449.0,-36.18922472
2024-05-09 16:54:18,7450.0,-36.20131222222222
2024-05-09 16:54:19,7451.0,-36.21402065777778
2024-05-09 16:54:20,7452.0,-36.22722584
2024-05-09 16:54:21,7453.0,-36.24080358222222
2024-05-09 16:54:22,7454.0,-36.25462969777778
2024-05-09 16:54:23,7455.0,-36.26858
2024-05-09 16:54:24,7456.0,-36.28253030222222
2024-05-09 16:54:25,7457.0,-36.29635641777777
2024-05-09 16:54:26,7458.0,-36.309934160000005
2024-05-09 16:54:27,7459.0,-36.32313934222222
2024-05-09 16:54:28,7460.0,-36.33584777777778
2024-05-09 16:54:29,7461.0,-36.34793528
2024-05-09 16:54:30,7462.0,-36.35927766222222
2024-05-09 16:54:31,7463.0,-36.36975073777778
2024-05-09 16:54:32,7464.0,-36.37923032
2024-05-09 16:54:33,7465.0,-36.387592222222224
2024-05-09 16:54:34,7466.0,-36.39471225777778
2024-05-09 16:54:35,7467.0,-36.40046624
2024-05-09 16:54:36,7468.0,-36.40472998222222
2024-05-09 16:54:37,7469.0,-36.40737929777778
2024-05-09 16:54:38,7470.0,-36.40829
2024-05-09 16:54:39,7471.0,-36.40556786666667
2024-05-09 16:54:40,7472.0,-36.397648933333336
2024-05-09 16:54:41,7473.0,-36.3849044
2024-05-09 16:54:42,7474.0,-36.36770546666666
2024-05-09 16:54:43,7475.0,-36.346423333333334
2024-05-09 16:54:44,7476.0,-36.3214292
2024-05-09 16:54:45,7477.0,-36.293094266666664
2024-05-09 16:54:46,7478.0,-36.26178973333334
2024-05-09 16:54:47,7479.0,-36.2278868
2024-05-09 16:54:48,7480.0,-36.19175666666666
2024-05-09 16:54:49,7481.0,-36.15377053333333
2024-05-09 16:54:50,7482.0,-36.114299599999995
2024-05-09 16:54:51,7483.0,-36.073715066666665
2024-05-09 16:54:52,7484.0,-36.032388133333335
2024-05-09 16:54:53,7485.0,-35.99069
2024-05-09 16:54:54,7486.0,-35.94899186666666
2024-05-09 16:54:55,7487.0,-35.90766493333333
2024-05-09 16:54:56,7488.0,-35.86708039999999
2024-05-09 16:54:57,7489.0,-35.827609466666665
2024-05-09 16:54:58,7490.0,-35.789623333333324
2024-05-09 16:54:59,7491.0,-35.753493199999994
2024-05-09 16:55:00,7492.0,-35.71959026666666
2024-05-09 16:55:01,7493.0,-35.68828573333333
2024-05-09 16:55:02,7494.0,-35.6599508
2024-05-09 16:55:03,7495.0,-35.63495666666666
2024-05-09 16:55:04,7496.0,-35.613674533333324
2024-05-09 16:55:05,7497.0,-35.59647559999999
2024-05-09 16:55:06,7498.0,-35.58373106666666
2024-05-09 16:55:07,7499.0,-35.57581213333333
2024-05-09 16:55:08,7500.0,-35.57308999999999
2024-05-09 16:55:09,7501.0,-35.57671573037037
2024-05-09 16:55:10,7502.0,-35.58726330962962
2024-05-09 16:55:11,7503.0,-35.60423831999999
2024-05-09 16:55:12,7504.0,-35.6271463437037
2024-05-09 16:55:13,7505.0,-35.65549296296295
2024-05-09 16:55:14,7506.0,-35.68878375999999
2024-05-09 16:55:15,7507.0,-35.72652431703703
2024-05-09 16:55:16,7508.0,-35.768220216296285
2024-05-09 16:55:17,7509.0,-35.81337703999999
2024-05-09 16:55:18,7510.0,-35.86150037037036
2024-05-09 16:55:19,7511.0,-35.91209578962962
2024-05-09 16:55:20,7512.0,-35.96466887999999
2024-05-09 16:55:21,7513.0,-36.0187252237037
2024-05-09 16:55:22,7514.0,-36.07377040296296
2024-05-09 16:55:23,7515.0,-36.12931
2024-05-09 16:55:24,7516.0,-36.18484959703703
2024-05-09 16:55:25,7517.0,-36.23989477629629
2024-05-09 16:55:26,7518.0,-36.293951119999996
2024-05-09 16:55:27,7519.0,-36.34652421037036
2024-05-09 16:55:28,7520.0,-36.39711962962962
2024-05-09 16:55:29,7521.0,-36.44524295999999
2024-05-09 16:55:30,7522.0,-36.4903997837037
2024-05-09 16:55:31,7523.0,-36.53209568296296
2024-05-09 16:55:32,7524.0,-36.569836239999994
2024-05-09 16:55:33,7525.0,-36.60312703703703
2024-05-09 16:55:34,7526.0,-36.631473656296286
2024-05-09 16:55:35,7527.0,-36.65438167999999
2024-05-09 16:55:36,7528.0,-36.67135669037037
2024-05-09 16:55:37,7529.0,-36.68190426962963
2024-05-09 16:55:38,7530.0,-36.68552999999999
2024-05-09 16:55:39,7531.0,-36.68494579406014
2024-05-09 16:55:40,7532.0,-36.68322271575718
2024-05-09 16:55:41,7533.0,-36.680405074366035
2024-05-09 16:55:42,7534.0,-36.67653717916162
2024-05-09 16:55:43,7535.0,-36.671663339418835
2024-05-09 16:55:44,7536.0,-36.6658278644126
2024-05-09 16:55:45,7537.0,-36.65907506341782
2024-05-09 16:55:46,7538.0,-36.65144924570943
2024-05-09 16:55:47,7539.0,-36.64299472056231
2024-05-09 16:55:48,7540.0,-36.633755797251396
2024-05-09 16:55:49,7541.0,-36.62377678505159
2024-05-09 16:55:50,7542.0,-36.613101993237805
2024-05-09 16:55:51,7543.0,-36.60177573108496
2024-05-09 16:55:52,7544.0,-36.58984230786797
2024-05-09 16:55:53,7545.0,-36.57734603286173
2024-05-09 16:55:54,7546.0,-36.56433121534117
2024-05-09 16:55:55,7547.0,-36.55084216458119
2024-05-09 16:55:56,7548.0,-36.53692318985672
2024-05-09 16:55:57,7549.0,-36.522618600442655
2024-05-09 16:55:58,7550.0,-36.50797270561391
2024-05-09 16:55:59,7551.0,-36.4930298146454
2024-05-09 16:56:00,7552.0,-36.47783423681204
2024-05-09 16:56:01,7553.0,-36.46243028138874
2024-05-09 16:56:02,7554.0,-36.446862257650416
2024-05-09 16:56:03,7555.0,-36.43117447487197
2024-05-09 16:56:04,7556.0,-36.41541124232833
2024-05-09 16:56:05,7557.0,-36.399616869294405
2024-05-09 16:56:06,7558.0,-36.38383566504509
2024-05-09 16:56:07,7559.0,-36.36811193885532
2024-05-09 16:56:08,7560.0,-36.352489999999996
2024-05-09 16:56:09,7561.0,-36.335412932255785
2024-05-09 16:56:10,7562.0,-36.315456103843786
2024-05-09 16:56:11,7563.0,-36.29286225070559
2024-05-09 16:56:12,7564.0,-36.26787410878277
2024-05-09 16:56:13,7565.0,-36.2407344140169
2024-05-09 16:56:14,7566.0,-36.21168590234958
2024-05-09 16:56:15,7567.0,-36.180971309722366
2024-05-09 16:56:16,7568.0,-36.14883337207684
2024-05-09 16:56:17,7569.0,-36.115514825354595
2024-05-09 16:56:18,7570.0,-36.081258405497195
2024-05-09 16:56:19,7571.0,-36.04630684844623
2024-05-09 16:56:20,7572.0,-36.01090289014328
2024-05-09 16:56:21,7573.0,-35.9752892665299
2024-05-09 16:56:22,7574.0,-35.93970871354771
2024-05-09 16:56:23,7575.0,-35.90440396713826
2024-05-09 16:56:24,7576.0,-35.86961776324313
2024-05-09 16:56:25,7577.0,-35.835592837803915
2024-05-09 16:56:26,7578.0,-35.802571926762184
2024-05-09 16:56:27,7579.0,-35.77079776605951
2024-05-09 16:56:28,7580.0,-35.74051309163749
2024-05-09 16:56:29,7581.0,-35.711960639437685
2024-05-09 16:56:30,7582.0,-35.68538314540168
2024-05-09 16:56:31,7583.0,-35.66102334547106
2024-05-09 16:56:32,7584.0,-35.63912397558739
2024-05-09 16:56:33,7585.0,-35.61992777169227
2024-05-09 16:56:34,7586.0,-35.603677469727266
2024-05-09 16:56:35,7587.0,-35.590615805633945
2024-05-09 16:56:36,7588.0,-35.580985515353916
2024-05-09 16:56:37,7589.0,-35.57502933482874
2024-05-09 16:56:38,7590.0,-35.57299
2024-05-09 16:56:39,7591.0,-35.57756045925926
2024-05-09 16:56:40,7592.0,-35.59085634074074
2024-05-09 16:56:41,7593.0,-35.6122544
2024-05-09 16:56:42,7594.0,-35.64113139259259
2024-05-09 16:56:43,7595.0,-35.67686407407407
2024-05-09 16:56:44,7596.0,-35.718829199999995
2024-05-09 16:56:45,7597.0,-35.766403525925924
2024-05-09 16:56:46,7598.0,-35.81896380740741
2024-05-09 16:56:47,7599.0,-35.875886799999996
2024-05-09 16:56:48,7600.0,-35.93654925925925
2024-05-09 16:56:49,7601.0,-36.00032794074074
2024-05-09 16:56:50,7602.0,-36.066599599999996
2024-05-09 16:56:51,7603.0,-36.13474099259259
2024-05-09 16:56:52,7604.0,-36.20412887407407
2024-05-09 16:56:53,7605.0,-36.27414
2024-05-09 16:56:54,7606.0,-36.344151125925926
2024-05-09 16:56:55,7607.0,-36.41353900740741
2024-05-09 16:56:56,7608.0,-36.4816804
2024-05-09 16:56:57,7609.0,-36.54795205925926
2024-05-09 16:56:58,7610.0,-36.61173074074074
2024-05-09 16:56:59,7611.0,-36.6723932
2024-05-09 16:57:00,7612.0,-36.72931619259259
2024-05-09 16:57:01,7613.0,-36.781876474074075
2024-05-09 16:57:02,7614.0,-36.829450800000004
2024-05-09 16:57:03,7615.0,-36.87141592592592
2024-05-09 16:57:04,7616.0,-36.90714860740741
2024-05-09 16:57:05,7617.0,-36.9360256
2024-05-09 16:57:06,7618.0,-36.95742365925926
2024-05-09 16:57:07,7619.0,-36.970719540740745
2024-05-09 16:57:08,7620.0,-36.97529
2024-05-09 16:57:09,7621.0,-36.97344297777778
2024-05-09 16:57:10,7622.0,-36.96806982222222
2024-05-09 16:57:11,7623.0,-36.9594224
2024-05-09 16:57:12,7624.0,-36.947752577777784
2024-05-09 16:57:13,7625.0,-36.93331222222223
2024-05-09 16:57:14,7626.0,-36.916353199999996
2024-05-09 16:57:15,7627.0,-36.89712737777778
2024-05-09 16:57:16,7628.0,-36.87588662222222
2024-05-09 16:57:17,7629.0,-36.852882799999996
2024-05-09 16:57:18,7630.0,-36.82836777777778
2024-05-09 16:57:19,7631.0,-36.80259342222222
2024-05-09 16:57:20,7632.0,-36.775811600000004
2024-05-09 16:57:21,7633.0,-36.74827417777777
2024-05-09 16:57:22,7634.0,-36.720233022222224
2024-05-09 16:57:23,7635.0,-36.691939999999995
2024-05-09 16:57:24,7636.0,-36.66364697777778
2024-05-09 16:57:25,7637.0,-36.63560582222222
2024-05-09 16:57:26,7638.0,-36.6080684
2024-05-09 16:57:27,7639.0,-36.581286577777774
2024-05-09 16:57:28,7640.0,-36.55551222222222
2024-05-09 16:57:29,7641.0,-36.530997199999995
2024-05-09 16:57:30,7642.0,-36.50799337777777
2024-05-09 16:57:31,7643.0,-36.48675262222222
2024-05-09 16:57:32,7644.0,-36.467526799999995
2024-05-09 16:57:33,7645.0,-36.45056777777778
2024-05-09 16:57:34,7646.0,-36.43612742222222
2024-05-09 16:57:35,7647.0,-36.4244576
2024-05-09 16:57:36,7648.0,-36.41581017777777
2024-05-09 16:57:37,7649.0,-36.41043702222222
2024-05-09 16:57:38,7650.0,-36.40859
2024-05-09 16:57:39,7651.0,-36.40956419259259
2024-05-09 16:57:40,7652.0,-36.412398207407406
2024-05-09 16:57:41,7653.0,-36.416959199999994
2024-05-09 16:57:42,7654.0,-36.42311432592592
2024-05-09 16:57:43,7655.0,-36.43073074074074
2024-05-09 16:57:44,7656.0,-36.439675599999994
2024-05-09 16:57:45,7657.0,-36.449816059259255
2024-05-09 16:57:46,7658.0,-36.461019274074076
2024-05-09 16:57:47,7659.0,-36.4731524
2024-05-09 16:57:48,7660.0,-36.486082592592595
2024-05-09 16:57:49,7661.0,-36.499677007407406
2024-05-09 16:57:50,7662.0,-36.5138028
2024-05-09 16:57:51,7663.0,-36.52832712592593
2024-05-09 16:57:52,7664.0,-36.54311714074074
2024-05-09 16:57:53,7665.0,-36.55804
2024-05-09 16:57:54,7666.0,-36.572962859259256
2024-05-09 16:57:55,7667.0,-36.58775287407408
2024-05-09 16:57:56,7668.0,-36.6022772
2024-05-09 16:57:57,7669.0,-36.6164029925926
2024-05-09 16:57:58,7670.0,-36.62999740740741
2024-05-09 16:57:59,7671.0,-36.6429276
2024-05-09 16:58:00,7672.0,-36.65506072592593
2024-05-09 16:58:01,7673.0,-36.66626394074074
2024-05-09 16:58:02,7674.0,-36.676404399999996
2024-05-09 16:58:03,7675.0,-36.68534925925926
2024-05-09 16:58:04,7676.0,-36.692965674074074
2024-05-09 16:58:05,7677.0,-36.699120799999996
2024-05-09 16:58:06,7678.0,-36.70368179259259
2024-05-09 16:58:07,7679.0,-36.706515807407406
2024-05-09 16:58:08,7680.0,-36.70749
2024-05-09 16:58:09,7681.0,-36.70607554700012
2024-05-09 16:58:10,7682.0,-36.70195050335678
2024-05-09 16:58:11,7683.0,-36.69529234210442
2024-05-09 16:58:12,7684.0,-36.686278536277534
2024-05-09 16:58:13,7685.0,-36.675086558910564
2024-05-09 16:58:14,7686.0,-36.661893883037955
2024-05-09 16:58:15,7687.0,-36.64687798169419
2024-05-09 16:58:16,7688.0,-36.63021632791371
2024-05-09 16:58:17,7689.0,-36.61208639473098
2024-05-09 16:58:18,7690.0,-36.592665655180454
2024-05-09 16:58:19,7691.0,-36.5721315822966
2024-05-09 16:58:20,7692.0,-36.55066164911388
2024-05-09 16:58:21,7693.0,-36.52843332866673
2024-05-09 16:58:22,7694.0,-36.505624093989624
2024-05-09 16:58:23,7695.0,-36.48241141811702
2024-05-09 16:58:24,7696.0,-36.45897277408338
2024-05-09 16:58:25,7697.0,-36.435485634923154
2024-05-09 16:58:26,7698.0,-36.41212747367081
2024-05-09 16:58:27,7699.0,-36.3890757633608
2024-05-09 16:58:28,7700.0,-36.36650797702758
2024-05-09 16:58:29,7701.0,-36.34460158770562
2024-05-09 16:58:30,7702.0,-36.32353406842937
2024-05-09 16:58:31,7703.0,-36.30348289223328
2024-05-09 16:58:32,7704.0,-36.28462553215183
2024-05-09 16:58:33,7705.0,-36.267139461219465
2024-05-09 16:58:34,7706.0,-36.25120215247064
2024-05-09 16:58:35,7707.0,-36.23699107893983
2024-05-09 16:58:36,7708.0,-36.22468371366148
2024-05-09 16:58:37,7709.0,-36.21445752967004
2024-05-09 16:58:38,7710.0,-36.206489999999995
2024-05-09 16:58:39,7711.0,-36.199739542922536
2024-05-09 16:58:40,7712.0,-36.19305393374592
2024-05-09 16:58:41,7713.0,-36.18644468106016
2024-05-09 16:58:42,7714.0,-36.179923293455275
2024-05-09 16:58:43,7715.0,-36.17350127952127
2024-05-09 16:58:44,7716.0,-36.16719014784817
2024-05-09 16:58:45,7717.0,-36.16100140702597
2024-05-09 16:58:46,7718.0,-36.15494656564469
2024-05-09 16:58:47,7719.0,-36.14903713229437
2024-05-09 16:58:48,7720.0,-36.143284615565
2024-05-09 16:58:49,7721.0,-36.1377005240466
2024-05-09 16:58:50,7722.0,-36.132296366329186
2024-05-09 16:58:51,7723.0,-36.12708365100276
2024-05-09 16:58:52,7724.0,-36.122073886657354
2024-05-09 16:58:53,7725.0,-36.11727858188297
2024-05-09 16:58:54,7726.0,-36.11270924526963
2024-05-09 16:58:55,7727.0,-36.108377385407344
2024-05-09 16:58:56,7728.0,-36.10429451088613
2024-05-09 16:58:57,7729.0,-36.100472130295984
2024-05-09 16:58:58,7730.0,-36.09692175222695
2024-05-09 16:58:59,7731.0,-36.093654885269025
2024-05-09 16:59:00,7732.0,-36.090683038012216
2024-05-09 16:59:01,7733.0,-36.088017719046555
2024-05-09 16:59:02,7734.0,-36.08567043696204
2024-05-09 16:59:03,7735.0,-36.0836527003487
2024-05-09 16:59:04,7736.0,-36.08197601779654
2024-05-09 16:59:05,7737.0,-36.08065189789557
2024-05-09 16:59:06,7738.0,-36.07969184923583
2024-05-09 16:59:07,7739.0,-36.07910738040729
2024-05-09 16:59:08,7740.0,-36.07891
2024-05-09 16:59:09,7741.0,-36.0792347
2024-05-09 16:59:10,7742.0,-36.080200577777774
2024-05-09 16:59:11,7743.0,-36.081795299999996
2024-05-09 16:59:12,7744.0,-36.08400653333334
2024-05-09 16:59:13,7745.0,-36.086821944444445
2024-05-09 16:59:14,7746.0,-36.090229199999996
2024-05-09 16:59:15,7747.0,-36.09421596666667
2024-05-09 16:59:16,7748.0,-36.098769911111106
2024-05-09 16:59:17,7749.0,-36.1038787
2024-05-09 16:59:18,7750.0,-36.10953
2024-05-09 16:59:19,7751.0,-36.11571147777778
2024-05-09 16:59:20,7752.0,-36.122410800000004
2024-05-09 16:59:21,7753.0,-36.12961563333334
2024-05-09 16:59:22,7754.0,-36.13731364444445
2024-05-09 16:59:23,7755.0,-36.1454925
2024-05-09 16:59:24,7756.0,-36.15413986666667
2024-05-09 16:59:25,7757.0,-36.16324341111111
2024-05-09 16:59:26,7758.0,-36.1727908
2024-05-09 16:59:27,7759.0,-36.1827697
2024-05-09 16:59:28,7760.0,-36.19316777777778
2024-05-09 16:59:29,7761.0,-36.2039727
2024-05-09 16:59:30,7762.0,-36.21517213333333
2024-05-09 16:59:31,7763.0,-36.226753744444444
2024-05-09 16:59:32,7764.0,-36.2387052
2024-05-09 16:59:33,7765.0,-36.251014166666664
2024-05-09 16:59:34,7766.0,-36.26366831111111
2024-05-09 16:59:35,7767.0,-36.276655299999994
2024-05-09 16:59:36,7768.0,-36.2899628
2024-05-09 16:59:37,7769.0,-36.303578477777776
2024-05-09 16:59:38,7770.0,-36.31749
