timestamp,time_s,load_total_kw
2024-05-27 11:10:21,0.0,-0.086894
2024-05-27 11:10:22,1.0,-0.08689399552470244
2024-05-27 11:10:23,2.0,-0.08689398210306537
2024-05-27 11:10:24,3.0,-0.08689395974147217
2024-05-27 11:10:25,4.0,-0.08689392844630627
2024-05-27 11:10:26,5.0,-0.08689388822395105
2024-05-27 11:10:27,6.0,-0.08689383908078994
2024-05-27 11:10:28,7.0,-0.08689378102320633
2024-05-27 11:10:29,8.0,-0.08689371405758362
2024-05-27 11:10:30,9.0,-0.08689363819030521
2024-05-27 11:10:31,10.0,-0.0868935534277545
2024-05-27 11:10:32,11.0,-0.08689345977631491
2024-05-27 11:10:33,12.0,-0.08689335724236984
2024-05-27 11:10:34,13.0,-0.08689324583230268
2024-05-27 11:10:35,14.0,-0.08689312555249684
2024-05-27 11:10:36,15.0,-0.08689299640933573
2024-05-27 11:10:37,16.0,-0.08689285840920273
2024-05-27 11:10:38,17.0,-0.08689271155848129
2024-05-27 11:10:39,18.0,-0.08689255586355475
2024-05-27 11:10:40,19.0,-0.08689239133080656
2024-05-27 11:10:41,20.0,-0.08689221796662011
2024-05-27 11:10:42,21.0,-0.08689203577737882
2024-05-27 11:10:43,22.0,-0.08689184476946606
2024-05-27 11:10:44,23.0,-0.08689164494926525
2024-05-27 11:10:45,24.0,-0.08689143632315978
2024-05-27 11:10:46,25.0,-0.08689121889753307
2024-05-27 11:10:47,26.0,-0.08689099267876853
2024-05-27 11:10:48,27.0,-0.08689075767324954
2024-05-27 11:10:49,28.0,-0.08689051388735954
2024-05-27 11:10:50,29.0,-0.08689026132748187
2024-05-27 11:10:51,30.0,-0.08689
2024-05-27 11:10:52,31.0,-0.08688613393177738
2024-05-27 11:10:53,32.0,-0.08687539485338121
2024-05-27 11:10:54,33.0,-0.08685827432675045
2024-05-27 11:10:55,34.0,-0.08683526391382404
2024-05-27 11:10:56,35.0,-0.08680685517654099
2024-05-27 11:10:57,36.0,-0.0867735396768402
2024-05-27 11:10:58,37.0,-0.08673580897666068
2024-05-27 11:10:59,38.0,-0.08669415463794135
2024-05-27 11:11:00,39.0,-0.08664906822262118
2024-05-27 11:11:01,40.0,-0.08660104129263914
2024-05-27 11:11:02,41.0,-0.08655056540993418
2024-05-27 11:11:03,42.0,-0.08649813213644524
2024-05-27 11:11:04,43.0,-0.08644423303411129
2024-05-27 11:11:05,44.0,-0.08638935966487134
2024-05-27 11:11:06,45.0,-0.08633400359066427
2024-05-27 11:11:07,46.0,-0.08627865637342907
2024-05-27 11:11:08,47.0,-0.08622380957510474
2024-05-27 11:11:09,48.0,-0.08616995475763016
2024-05-27 11:11:10,49.0,-0.08611758348294433
2024-05-27 11:11:11,50.0,-0.08606718731298624
2024-05-27 11:11:12,51.0,-0.08601925780969479
2024-05-27 11:11:13,52.0,-0.08597428653500898
2024-05-27 11:11:14,53.0,-0.08593276505086773
2024-05-27 11:11:15,54.0,-0.08589518491921004
2024-05-27 11:11:16,55.0,-0.08586203770197487
2024-05-27 11:11:17,56.0,-0.08583381496110114
2024-05-27 11:11:18,57.0,-0.08581100825852783
2024-05-27 11:11:19,58.0,-0.08579410915619388
2024-05-27 11:11:20,59.0,-0.0857836092160383
2024-05-27 11:11:21,60.0,-0.08578
2024-05-27 11:11:22,61.0,-0.08578906377617286
2024-05-27 11:11:23,62.0,-0.08581551680606227
2024-05-27 11:11:24,63.0,-0.08585825164172436
2024-05-27 11:11:25,64.0,-0.08591616083521537
2024-05-27 11:11:26,65.0,-0.08598813693859148
2024-05-27 11:11:27,66.0,-0.08607307250390887
2024-05-27 11:11:28,67.0,-0.08616986008322372
2024-05-27 11:11:29,68.0,-0.08627739222859222
2024-05-27 11:11:30,69.0,-0.08639456149207057
2024-05-27 11:11:31,70.0,-0.08652026042571496
2024-05-27 11:11:32,71.0,-0.08665338158158158
2024-05-27 11:11:33,72.0,-0.0867928175117266
2024-05-27 11:11:34,73.0,-0.08693746076820623
2024-05-27 11:11:35,74.0,-0.08708620390307663
2024-05-27 11:11:36,75.0,-0.087237939468394
2024-05-27 11:11:37,76.0,-0.08739156001621456
2024-05-27 11:11:38,77.0,-0.08754595809859446
2024-05-27 11:11:39,78.0,-0.08770002626758991
2024-05-27 11:11:40,79.0,-0.08785265707525708
2024-05-27 11:11:41,80.0,-0.08800274307365216
2024-05-27 11:11:42,81.0,-0.08814917681483136
2024-05-27 11:11:43,82.0,-0.08829085085085085
2024-05-27 11:11:44,83.0,-0.08842665773376682
2024-05-27 11:11:45,84.0,-0.08855549001563547
2024-05-27 11:11:46,85.0,-0.08867624024851298
2024-05-27 11:11:47,86.0,-0.08878780098445554
2024-05-27 11:11:48,87.0,-0.08888906477551932
2024-05-27 11:11:49,88.0,-0.08897892417376053
2024-05-27 11:11:50,89.0,-0.08905627173123537
2024-05-27 11:11:51,90.0,-0.08912
2024-05-27 11:11:52,91.0,-0.0891765481206165
2024-05-27 11:11:53,92.0,-0.08923300797438762
2024-05-27 11:11:54,93.0,-0.08928925122448068
2024-05-27 11:11:55,94.0,-0.08934514953406299
2024-05-27 11:11:56,95.0,-0.08940057456630185
2024-05-27 11:11:57,96.0,-0.08945539798436454
2024-05-27 11:11:58,97.0,-0.08950949145141837
2024-05-27 11:11:59,98.0,-0.08956272663063063
2024-05-27 11:12:00,99.0,-0.08961497518516863
2024-05-27 11:12:01,100.0,-0.0896661087781997
2024-05-27 11:12:02,101.0,-0.08971599907289107
2024-05-27 11:12:03,102.0,-0.08976451773241009
2024-05-27 11:12:04,103.0,-0.08981153641992407
2024-05-27 11:12:05,104.0,-0.08985692679860025
2024-05-27 11:12:06,105.0,-0.08990056053160599
2024-05-27 11:12:07,106.0,-0.08994230928210857
2024-05-27 11:12:08,107.0,-0.08998204471327526
2024-05-27 11:12:09,108.0,-0.09001963848827339
2024-05-27 11:12:10,109.0,-0.09005496227027028
2024-05-27 11:12:11,110.0,-0.09008788772243317
2024-05-27 11:12:12,111.0,-0.09011828650792944
2024-05-27 11:12:13,112.0,-0.0901460302899263
2024-05-27 11:12:14,113.0,-0.0901709907315911
2024-05-27 11:12:15,114.0,-0.09019303949609114
2024-05-27 11:12:16,115.0,-0.0902120482465937
2024-05-27 11:12:17,116.0,-0.09022788864626609
2024-05-27 11:12:18,117.0,-0.09024043235827564
2024-05-27 11:12:19,118.0,-0.09024955104578959
2024-05-27 11:12:20,119.0,-0.09025511637197528
2024-05-27 11:12:21,120.0,-0.090257
2024-05-27 11:12:22,121.0,-0.09025518785185185
2024-05-27 11:12:23,122.0,-0.09024991614814816
2024-05-27 11:12:24,123.0,-0.090241432
2024-05-27 11:12:25,124.0,-0.09022998251851852
2024-05-27 11:12:26,125.0,-0.09021581481481482
2024-05-27 11:12:27,126.0,-0.09019917599999999
2024-05-27 11:12:28,127.0,-0.0901803131851852
2024-05-27 11:12:29,128.0,-0.09015947348148148
2024-05-27 11:12:30,129.0,-0.090136904
2024-05-27 11:12:31,130.0,-0.09011285185185186
2024-05-27 11:12:32,131.0,-0.09008756414814816
2024-05-27 11:12:33,132.0,-0.090061288
2024-05-27 11:12:34,133.0,-0.09003427051851852
2024-05-27 11:12:35,134.0,-0.09000675881481482
2024-05-27 11:12:36,135.0,-0.089979
2024-05-27 11:12:37,136.0,-0.08995124118518519
2024-05-27 11:12:38,137.0,-0.08992372948148149
2024-05-27 11:12:39,138.0,-0.089896712
2024-05-27 11:12:40,139.0,-0.08987043585185185
2024-05-27 11:12:41,140.0,-0.08984514814814816
2024-05-27 11:12:42,141.0,-0.089821096
2024-05-27 11:12:43,142.0,-0.08979852651851852
2024-05-27 11:12:44,143.0,-0.08977768681481482
2024-05-27 11:12:45,144.0,-0.089758824
2024-05-27 11:12:46,145.0,-0.08974218518518519
2024-05-27 11:12:47,146.0,-0.08972801748148149
2024-05-27 11:12:48,147.0,-0.089716568
2024-05-27 11:12:49,148.0,-0.08970808385185186
2024-05-27 11:12:50,149.0,-0.08970281214814815
2024-05-27 11:12:51,150.0,-0.089701
2024-05-27 11:12:52,151.0,-0.08970202512847776
2024-05-27 11:12:53,152.0,-0.08970504494063442
2024-05-27 11:12:54,153.0,-0.08970997607655502
2024-05-27 11:12:55,154.0,-0.08971673517632466
2024-05-27 11:12:56,155.0,-0.08972523888002835
2024-05-27 11:12:57,156.0,-0.0897354038277512
2024-05-27 11:12:58,157.0,-0.08974714665957824
2024-05-27 11:12:59,158.0,-0.08976038401559454
2024-05-27 11:13:00,159.0,-0.08977503253588516
2024-05-27 11:13:01,160.0,-0.08979100886053518
2024-05-27 11:13:02,161.0,-0.08980822962962963
2024-05-27 11:13:03,162.0,-0.08982661148325359
2024-05-27 11:13:04,163.0,-0.08984607106149212
2024-05-27 11:13:05,164.0,-0.08986652500443026
2024-05-27 11:13:06,165.0,-0.0898878899521531
2024-05-27 11:13:07,166.0,-0.08991008254474571
2024-05-27 11:13:08,167.0,-0.08993301942229312
2024-05-27 11:13:09,168.0,-0.0899566172248804
2024-05-27 11:13:10,169.0,-0.08998079259259259
2024-05-27 11:13:11,170.0,-0.0900054621655148
2024-05-27 11:13:12,171.0,-0.09003054258373207
2024-05-27 11:13:13,172.0,-0.09005595048732944
2024-05-27 11:13:14,173.0,-0.090081602516392
2024-05-27 11:13:15,174.0,-0.09010741531100479
2024-05-27 11:13:16,175.0,-0.09013330551125288
2024-05-27 11:13:17,176.0,-0.09015918975722134
2024-05-27 11:13:18,177.0,-0.09018498468899522
2024-05-27 11:13:19,178.0,-0.09021060694665958
2024-05-27 11:13:20,179.0,-0.0902359731702995
2024-05-27 11:13:21,180.0,-0.09026100000000001
2024-05-27 11:13:22,181.0,-0.09028782594081164
2024-05-27 11:13:23,182.0,-0.09031842594222932
2024-05-27 11:13:24,183.0,-0.0903524713110048
2024-05-27 11:13:25,184.0,-0.09038963335388979
2024-05-27 11:13:26,185.0,-0.09042958337763601
2024-05-27 11:13:27,186.0,-0.09047199268899522
2024-05-27 11:13:28,187.0,-0.09051653259471913
2024-05-27 11:13:29,188.0,-0.09056287440155947
2024-05-27 11:13:30,189.0,-0.09061068941626796
2024-05-27 11:13:31,190.0,-0.09065964894559633
2024-05-27 11:13:32,191.0,-0.09070942429629632
2024-05-27 11:13:33,192.0,-0.09075968677511963
2024-05-27 11:13:34,193.0,-0.090810107688818
2024-05-27 11:13:35,194.0,-0.0908603583441432
2024-05-27 11:13:36,195.0,-0.0909101100478469
2024-05-27 11:13:37,196.0,-0.09095903410668085
2024-05-27 11:13:38,197.0,-0.09100680182739679
2024-05-27 11:13:39,198.0,-0.09105308451674642
2024-05-27 11:13:40,199.0,-0.0910975534814815
2024-05-27 11:13:41,200.0,-0.09113988002835373
2024-05-27 11:13:42,201.0,-0.09117973546411484
2024-05-27 11:13:43,202.0,-0.09121679109551659
2024-05-27 11:13:44,203.0,-0.09125071822931065
2024-05-27 11:13:45,204.0,-0.09128118817224881
2024-05-27 11:13:46,205.0,-0.09130787223108276
2024-05-27 11:13:47,206.0,-0.09133044171256426
2024-05-27 11:13:48,207.0,-0.09134856792344499
2024-05-27 11:13:49,208.0,-0.09136192217047671
2024-05-27 11:13:50,209.0,-0.09137017576041113
2024-05-27 11:13:51,210.0,-0.09137300000000001
2024-05-27 11:13:52,211.0,-0.09137118785185186
2024-05-27 11:13:53,212.0,-0.09136591614814817
2024-05-27 11:13:54,213.0,-0.091357432
2024-05-27 11:13:55,214.0,-0.09134598251851853
2024-05-27 11:13:56,215.0,-0.09133181481481482
2024-05-27 11:13:57,216.0,-0.091315176
2024-05-27 11:13:58,217.0,-0.0912963131851852
2024-05-27 11:13:59,218.0,-0.09127547348148149
2024-05-27 11:14:00,219.0,-0.09125290400000001
2024-05-27 11:14:01,220.0,-0.09122885185185187
2024-05-27 11:14:02,221.0,-0.09120356414814816
2024-05-27 11:14:03,222.0,-0.09117728800000001
2024-05-27 11:14:04,223.0,-0.09115027051851853
2024-05-27 11:14:05,224.0,-0.09112275881481482
2024-05-27 11:14:06,225.0,-0.09109500000000001
2024-05-27 11:14:07,226.0,-0.0910672411851852
2024-05-27 11:14:08,227.0,-0.0910397294814815
2024-05-27 11:14:09,228.0,-0.09101271200000001
2024-05-27 11:14:10,229.0,-0.09098643585185186
2024-05-27 11:14:11,230.0,-0.09096114814814817
2024-05-27 11:14:12,231.0,-0.09093709600000001
2024-05-27 11:14:13,232.0,-0.09091452651851853
2024-05-27 11:14:14,233.0,-0.09089368681481483
2024-05-27 11:14:15,234.0,-0.090874824
2024-05-27 11:14:16,235.0,-0.0908581851851852
2024-05-27 11:14:17,236.0,-0.09084401748148149
2024-05-27 11:14:18,237.0,-0.090832568
2024-05-27 11:14:19,238.0,-0.09082408385185187
2024-05-27 11:14:20,239.0,-0.09081881214814816
2024-05-27 11:14:21,240.0,-0.09081700000000001
2024-05-27 11:14:22,241.0,-0.09082062429629631
2024-05-27 11:14:23,242.0,-0.09083116770370371
2024-05-27 11:14:24,243.0,-0.09084813600000001
2024-05-27 11:14:25,244.0,-0.09087103496296296
2024-05-27 11:14:26,245.0,-0.09089937037037038
2024-05-27 11:14:27,246.0,-0.090932648
2024-05-27 11:14:28,247.0,-0.09097037362962965
2024-05-27 11:14:29,248.0,-0.09101205303703705
2024-05-27 11:14:30,249.0,-0.09105719200000001
2024-05-27 11:14:31,250.0,-0.09110529629629631
2024-05-27 11:14:32,251.0,-0.09115587170370372
2024-05-27 11:14:33,252.0,-0.091208424
2024-05-27 11:14:34,253.0,-0.09126245896296296
2024-05-27 11:14:35,254.0,-0.09131748237037038
2024-05-27 11:14:36,255.0,-0.09137300000000001
2024-05-27 11:14:37,256.0,-0.09142851762962964
2024-05-27 11:14:38,257.0,-0.09148354103703706
2024-05-27 11:14:39,258.0,-0.09153757600000001
2024-05-27 11:14:40,259.0,-0.09159012829629631
2024-05-27 11:14:41,260.0,-0.09164070370370372
2024-05-27 11:14:42,261.0,-0.09168880800000001
2024-05-27 11:14:43,262.0,-0.09173394696296297
2024-05-27 11:14:44,263.0,-0.09177562637037037
2024-05-27 11:14:45,264.0,-0.09181335200000001
2024-05-27 11:14:46,265.0,-0.09184662962962964
2024-05-27 11:14:47,266.0,-0.09187496503703706
2024-05-27 11:14:48,267.0,-0.09189786400000001
2024-05-27 11:14:49,268.0,-0.09191483229629631
2024-05-27 11:14:50,269.0,-0.09192537570370371
2024-05-27 11:14:51,270.0,-0.09192900000000001
2024-05-27 11:14:52,271.0,-0.09192356355555556
2024-05-27 11:14:53,272.0,-0.09190774844444445
2024-05-27 11:14:54,273.0,-0.09188229600000002
2024-05-27 11:14:55,274.0,-0.09184794755555557
2024-05-27 11:14:56,275.0,-0.09180544444444445
2024-05-27 11:14:57,276.0,-0.091755528
2024-05-27 11:14:58,277.0,-0.09169893955555557
2024-05-27 11:14:59,278.0,-0.09163642044444446
2024-05-27 11:15:00,279.0,-0.09156871200000001
2024-05-27 11:15:01,280.0,-0.09149655555555557
2024-05-27 11:15:02,281.0,-0.09142069244444447
2024-05-27 11:15:03,282.0,-0.09134186400000001
2024-05-27 11:15:04,283.0,-0.09126081155555556
2024-05-27 11:15:05,284.0,-0.09117827644444446
2024-05-27 11:15:06,285.0,-0.09109500000000001
2024-05-27 11:15:07,286.0,-0.09101172355555556
2024-05-27 11:15:08,287.0,-0.09092918844444446
2024-05-27 11:15:09,288.0,-0.09084813600000001
2024-05-27 11:15:10,289.0,-0.09076930755555555
2024-05-27 11:15:11,290.0,-0.09069344444444445
2024-05-27 11:15:12,291.0,-0.09062128800000001
2024-05-27 11:15:13,292.0,-0.09055357955555557
2024-05-27 11:15:14,293.0,-0.09049106044444445
2024-05-27 11:15:15,294.0,-0.090434472
2024-05-27 11:15:16,295.0,-0.09038455555555557
2024-05-27 11:15:17,296.0,-0.09034205244444445
2024-05-27 11:15:18,297.0,-0.090307704
2024-05-27 11:15:19,298.0,-0.09028225155555557
2024-05-27 11:15:20,299.0,-0.09026643644444446
2024-05-27 11:15:21,300.0,-0.09026100000000001
2024-05-27 11:15:22,301.0,-0.09026564874567244
2024-05-27 11:15:23,302.0,-0.09027921446604528
2024-05-27 11:15:24,303.0,-0.09030112638615181
2024-05-27 11:15:25,304.0,-0.0903308137310253
2024-05-27 11:15:26,305.0,-0.09036770572569908
2024-05-27 11:15:27,306.0,-0.09041123159520639
2024-05-27 11:15:28,307.0,-0.09046082056458056
2024-05-27 11:15:29,308.0,-0.09051590185885486
2024-05-27 11:15:30,309.0,-0.09057590470306259
2024-05-27 11:15:31,310.0,-0.09064025832223703
2024-05-27 11:15:32,311.0,-0.09070839194141146
2024-05-27 11:15:33,312.0,-0.09077973478561918
2024-05-27 11:15:34,313.0,-0.09085371607989348
2024-05-27 11:15:35,314.0,-0.09092976504926764
2024-05-27 11:15:36,315.0,-0.09100731091877497
2024-05-27 11:15:37,316.0,-0.09108578291344874
2024-05-27 11:15:38,317.0,-0.09116461025832225
2024-05-27 11:15:39,318.0,-0.09124322217842877
2024-05-27 11:15:40,319.0,-0.0913210478988016
2024-05-27 11:15:41,320.0,-0.09139751664447404
2024-05-27 11:15:42,321.0,-0.09147205764047937
2024-05-27 11:15:43,322.0,-0.09154410011185088
2024-05-27 11:15:44,323.0,-0.09161307328362184
2024-05-27 11:15:45,324.0,-0.09167840638082557
2024-05-27 11:15:46,325.0,-0.09173952862849535
2024-05-27 11:15:47,326.0,-0.09179586925166446
2024-05-27 11:15:48,327.0,-0.09184685747536618
2024-05-27 11:15:49,328.0,-0.09189192252463382
2024-05-27 11:15:50,329.0,-0.09193049362450066
2024-05-27 11:15:51,330.0,-0.091962
2024-05-27 11:15:52,331.0,-0.09198976148661045
2024-05-27 11:15:53,332.0,-0.09201743836425506
2024-05-27 11:15:54,333.0,-0.09204497052463381
2024-05-27 11:15:55,334.0,-0.09207229785944666
2024-05-27 11:15:56,335.0,-0.09209936026039353
2024-05-27 11:15:57,336.0,-0.09212609761917444
2024-05-27 11:15:58,337.0,-0.09215244982748927
2024-05-27 11:15:59,338.0,-0.09217835677703802
2024-05-27 11:16:00,339.0,-0.09220375835952063
2024-05-27 11:16:01,340.0,-0.09222859446663707
2024-05-27 11:16:02,341.0,-0.09225280499008728
2024-05-27 11:16:03,342.0,-0.09227632982157122
2024-05-27 11:16:04,343.0,-0.09229910885278886
2024-05-27 11:16:05,344.0,-0.09232108197544014
2024-05-27 11:16:06,345.0,-0.09234218908122502
2024-05-27 11:16:07,346.0,-0.09236237006184346
2024-05-27 11:16:08,347.0,-0.09238156480899541
2024-05-27 11:16:09,348.0,-0.09239971321438081
2024-05-27 11:16:10,349.0,-0.09241675516969966
2024-05-27 11:16:11,350.0,-0.09243263056665187
2024-05-27 11:16:12,351.0,-0.0924472792969374
2024-05-27 11:16:13,352.0,-0.09246064125225624
2024-05-27 11:16:14,353.0,-0.09247265632430832
2024-05-27 11:16:15,354.0,-0.0924832644047936
2024-05-27 11:16:16,355.0,-0.09249240538541202
2024-05-27 11:16:17,356.0,-0.09250001915786357
2024-05-27 11:16:18,357.0,-0.09250604561384818
2024-05-27 11:16:19,358.0,-0.09251042464506581
2024-05-27 11:16:20,359.0,-0.09251309614321643
2024-05-27 11:16:21,360.0,-0.09251399999999999
2024-05-27 11:16:22,361.0,-0.09250855703703702
2024-05-27 11:16:23,362.0,-0.09249272296296294
2024-05-27 11:16:24,363.0,-0.09246723999999999
2024-05-27 11:16:25,364.0,-0.09243285037037036
2024-05-27 11:16:26,365.0,-0.09239029629629629
2024-05-27 11:16:27,366.0,-0.09234031999999998
2024-05-27 11:16:28,367.0,-0.0922836637037037
2024-05-27 11:16:29,368.0,-0.09222106962962962
2024-05-27 11:16:30,369.0,-0.09215327999999999
2024-05-27 11:16:31,370.0,-0.09208103703703702
2024-05-27 11:16:32,371.0,-0.09200508296296296
2024-05-27 11:16:33,372.0,-0.09192615999999999
2024-05-27 11:16:34,373.0,-0.09184501037037036
2024-05-27 11:16:35,374.0,-0.09176237629629629
2024-05-27 11:16:36,375.0,-0.09167899999999998
2024-05-27 11:16:37,376.0,-0.09159562370370371
2024-05-27 11:16:38,377.0,-0.09151298962962963
2024-05-27 11:16:39,378.0,-0.09143184
2024-05-27 11:16:40,379.0,-0.09135291703703703
2024-05-27 11:16:41,380.0,-0.09127696296296296
2024-05-27 11:16:42,381.0,-0.09120472
2024-05-27 11:16:43,382.0,-0.09113693037037038
2024-05-27 11:16:44,383.0,-0.0910743362962963
2024-05-27 11:16:45,384.0,-0.09101768
2024-05-27 11:16:46,385.0,-0.09096770370370372
2024-05-27 11:16:47,386.0,-0.09092514962962964
2024-05-27 11:16:48,387.0,-0.09089076000000001
2024-05-27 11:16:49,388.0,-0.09086527703703705
2024-05-27 11:16:50,389.0,-0.09084944296296296
2024-05-27 11:16:51,390.0,-0.09084400000000001
2024-05-27 11:16:52,391.0,-0.09084967040357753
2024-05-27 11:16:53,392.0,-0.09086624125213079
2024-05-27 11:16:54,393.0,-0.09089305200239092
2024-05-27 11:16:55,394.0,-0.09092944211108898
2024-05-27 11:16:56,395.0,-0.09097475103495606
2024-05-27 11:16:57,396.0,-0.09102831823072326
2024-05-27 11:16:58,397.0,-0.09108948315512166
2024-05-27 11:16:59,398.0,-0.09115758526488235
2024-05-27 11:17:00,399.0,-0.0912319640167364
2024-05-27 11:17:01,400.0,-0.09131195886741494
2024-05-27 11:17:02,401.0,-0.09139690927364903
2024-05-27 11:17:03,402.0,-0.09148615469216977
2024-05-27 11:17:04,403.0,-0.09157903457970823
2024-05-27 11:17:05,404.0,-0.09167488839299551
2024-05-27 11:17:06,405.0,-0.09177305558876271
2024-05-27 11:17:07,406.0,-0.0918728756237409
2024-05-27 11:17:08,407.0,-0.09197368795466118
2024-05-27 11:17:09,408.0,-0.09207483203825463
2024-05-27 11:17:10,409.0,-0.09217564733125236
2024-05-27 11:17:11,410.0,-0.09227547329038543
2024-05-27 11:17:12,411.0,-0.09237364937238494
2024-05-27 11:17:13,412.0,-0.09246951503398199
2024-05-27 11:17:14,413.0,-0.09256240973190764
2024-05-27 11:17:15,414.0,-0.09265167292289302
2024-05-27 11:17:16,415.0,-0.09273664406366917
2024-05-27 11:17:17,416.0,-0.09281666261096722
2024-05-27 11:17:18,417.0,-0.09289106802151824
2024-05-27 11:17:19,418.0,-0.0929591997520533
2024-05-27 11:17:20,419.0,-0.09302039725930354
2024-05-27 11:17:21,420.0,-0.093074
2024-05-27 11:17:22,421.0,-0.09312397192588165
2024-05-27 11:17:23,422.0,-0.09317460706276152
2024-05-27 11:17:24,423.0,-0.09322573997848177
2024-05-27 11:17:25,424.0,-0.09327720524088463
2024-05-27 11:17:26,425.0,-0.09332883741781231
2024-05-27 11:17:27,426.0,-0.09338047107710701
2024-05-27 11:17:28,427.0,-0.09343194078661088
2024-05-27 11:17:29,428.0,-0.09348308111416617
2024-05-27 11:17:30,429.0,-0.09353372662761507
2024-05-27 11:17:31,430.0,-0.09358371189479976
2024-05-27 11:17:32,431.0,-0.09363287148356245
2024-05-27 11:17:33,432.0,-0.09368103996174537
2024-05-27 11:17:34,433.0,-0.09372805189719068
2024-05-27 11:17:35,434.0,-0.09377374185774058
2024-05-27 11:17:36,435.0,-0.0938179444112373
2024-05-27 11:17:37,436.0,-0.093860494125523
2024-05-27 11:17:38,437.0,-0.09390122556843991
2024-05-27 11:17:39,438.0,-0.09393997330783024
2024-05-27 11:17:40,439.0,-0.09397657191153616
2024-05-27 11:17:41,440.0,-0.09401085594739987
2024-05-27 11:17:42,441.0,-0.09404265998326361
2024-05-27 11:17:43,442.0,-0.09407181858696952
2024-05-27 11:17:44,443.0,-0.09409816632635983
2024-05-27 11:17:45,444.0,-0.09412153776927676
2024-05-27 11:17:46,445.0,-0.09414176748356247
2024-05-27 11:17:47,446.0,-0.09415869003705916
2024-05-27 11:17:48,447.0,-0.0941721399976091
2024-05-27 11:17:49,448.0,-0.09418195193305438
2024-05-27 11:17:50,449.0,-0.0941879604112373
2024-05-27 11:17:51,450.0,-0.09419
2024-05-27 11:17:52,451.0,-0.09418999776243386
2024-05-27 11:17:53,452.0,-0.09418999105185186
2024-05-27 11:17:54,453.0,-0.09418997987142856
2024-05-27 11:17:55,454.0,-0.09418996422433863
2024-05-27 11:17:56,455.0,-0.09418994411375661
2024-05-27 11:17:57,456.0,-0.09418991954285715
2024-05-27 11:17:58,457.0,-0.09418989051481481
2024-05-27 11:17:59,458.0,-0.09418985703280423
2024-05-27 11:18:00,459.0,-0.09418981909999999
2024-05-27 11:18:01,460.0,-0.0941897767195767
2024-05-27 11:18:02,461.0,-0.094189729894709
2024-05-27 11:18:03,462.0,-0.09418967862857143
2024-05-27 11:18:04,463.0,-0.09418962292433862
2024-05-27 11:18:05,464.0,-0.09418956278518517
2024-05-27 11:18:06,465.0,-0.09418949821428571
2024-05-27 11:18:07,466.0,-0.09418942921481481
2024-05-27 11:18:08,467.0,-0.09418935578994708
2024-05-27 11:18:09,468.0,-0.09418927794285713
2024-05-27 11:18:10,469.0,-0.09418919567671957
2024-05-27 11:18:11,470.0,-0.09418910899470899
2024-05-27 11:18:12,471.0,-0.09418901789999999
2024-05-27 11:18:13,472.0,-0.09418892239576719
2024-05-27 11:18:14,473.0,-0.09418882248518518
2024-05-27 11:18:15,474.0,-0.09418871817142857
2024-05-27 11:18:16,475.0,-0.09418860945767195
2024-05-27 11:18:17,476.0,-0.09418849634708995
2024-05-27 11:18:18,477.0,-0.09418837884285713
2024-05-27 11:18:19,478.0,-0.09418825694814814
2024-05-27 11:18:20,479.0,-0.09418813066613756
2024-05-27 11:18:21,480.0,-0.094188
2024-05-27 11:18:22,481.0,-0.09418605718571428
2024-05-27 11:18:23,482.0,-0.09418065919999999
2024-05-27 11:18:24,483.0,-0.09417205315714285
2024-05-27 11:18:25,484.0,-0.09416048617142857
2024-05-27 11:18:26,485.0,-0.09414620535714285
2024-05-27 11:18:27,486.0,-0.09412945782857142
2024-05-27 11:18:28,487.0,-0.09411049070000001
2024-05-27 11:18:29,488.0,-0.09408955108571429
2024-05-27 11:18:30,489.0,-0.0940668861
2024-05-27 11:18:31,490.0,-0.09404274285714286
2024-05-27 11:18:32,491.0,-0.09401736847142857
2024-05-27 11:18:33,492.0,-0.09399101005714285
2024-05-27 11:18:34,493.0,-0.09396391472857141
2024-05-27 11:18:35,494.0,-0.0939363296
2024-05-27 11:18:36,495.0,-0.09390850178571428
2024-05-27 11:18:37,496.0,-0.09388067839999999
2024-05-27 11:18:38,497.0,-0.09385310655714284
2024-05-27 11:18:39,498.0,-0.09382603337142856
2024-05-27 11:18:40,499.0,-0.09379970595714285
2024-05-27 11:18:41,500.0,-0.09377437142857142
2024-05-27 11:18:42,501.0,-0.09375027689999998
2024-05-27 11:18:43,502.0,-0.09372766948571427
2024-05-27 11:18:44,503.0,-0.09370679629999999
2024-05-27 11:18:45,504.0,-0.09368790445714285
2024-05-27 11:18:46,505.0,-0.09367124107142857
2024-05-27 11:18:47,506.0,-0.09365705325714285
2024-05-27 11:18:48,507.0,-0.09364558812857143
2024-05-27 11:18:49,508.0,-0.09363709279999999
2024-05-27 11:18:50,509.0,-0.09363181438571427
2024-05-27 11:18:51,510.0,-0.09362999999999999
2024-05-27 11:18:52,511.0,-0.09363182192592592
2024-05-27 11:18:53,512.0,-0.09363712207407407
2024-05-27 11:18:54,513.0,-0.093645652
2024-05-27 11:18:55,514.0,-0.09365716325925925
2024-05-27 11:18:56,515.0,-0.0936714074074074
2024-05-27 11:18:57,516.0,-0.09368813599999999
2024-05-27 11:18:58,517.0,-0.09370710059259259
2024-05-27 11:18:59,518.0,-0.09372805274074072
2024-05-27 11:19:00,519.0,-0.093750744
2024-05-27 11:19:01,520.0,-0.09377492592592591
2024-05-27 11:19:02,521.0,-0.09380035007407406
2024-05-27 11:19:03,522.0,-0.09382676799999999
2024-05-27 11:19:04,523.0,-0.09385393125925925
2024-05-27 11:19:05,524.0,-0.0938815914074074
2024-05-27 11:19:06,525.0,-0.0939095
2024-05-27 11:19:07,526.0,-0.09393740859259259
2024-05-27 11:19:08,527.0,-0.09396506874074075
2024-05-27 11:19:09,528.0,-0.093992232
2024-05-27 11:19:10,529.0,-0.09401864992592592
2024-05-27 11:19:11,530.0,-0.09404407407407406
2024-05-27 11:19:12,531.0,-0.09406825599999999
2024-05-27 11:19:13,532.0,-0.09409094725925926
2024-05-27 11:19:14,533.0,-0.0941118994074074
2024-05-27 11:19:15,534.0,-0.094130864
2024-05-27 11:19:16,535.0,-0.09414759259259259
2024-05-27 11:19:17,536.0,-0.09416183674074073
2024-05-27 11:19:18,537.0,-0.09417334799999999
2024-05-27 11:19:19,538.0,-0.09418187792592592
2024-05-27 11:19:20,539.0,-0.09418717807407406
2024-05-27 11:19:21,540.0,-0.094189
2024-05-27 11:19:22,541.0,-0.09418355592464114
2024-05-27 11:19:23,542.0,-0.09416771851355663
2024-05-27 11:19:24,543.0,-0.09414222998923444
2024-05-27 11:19:25,544.0,-0.09410783257416268
2024-05-27 11:19:26,545.0,-0.09406526849082934
2024-05-27 11:19:27,546.0,-0.09401527996172249
2024-05-27 11:19:28,547.0,-0.09395860920933014
2024-05-27 11:19:29,548.0,-0.09389599845614036
2024-05-27 11:19:30,549.0,-0.09382818992464113
2024-05-27 11:19:31,550.0,-0.09375592583732056
2024-05-27 11:19:32,551.0,-0.09367994841666666
2024-05-27 11:19:33,552.0,-0.09360099988516746
2024-05-27 11:19:34,553.0,-0.093519822465311
2024-05-27 11:19:35,554.0,-0.09343715837958531
2024-05-27 11:19:36,555.0,-0.09335374985047847
2024-05-27 11:19:37,556.0,-0.09327033910047847
2024-05-27 11:19:38,557.0,-0.09318766835207336
2024-05-27 11:19:39,558.0,-0.09310647982775118
2024-05-27 11:19:40,559.0,-0.09302751574999998
2024-05-27 11:19:41,560.0,-0.09295151834130781
2024-05-27 11:19:42,561.0,-0.09287922982416266
2024-05-27 11:19:43,562.0,-0.09281139242105262
2024-05-27 11:19:44,563.0,-0.0927487483544657
2024-05-27 11:19:45,564.0,-0.09269203984688995
2024-05-27 11:19:46,565.0,-0.0926420091208134
2024-05-27 11:19:47,566.0,-0.09259939839872407
2024-05-27 11:19:48,567.0,-0.09256494990311004
2024-05-27 11:19:49,568.0,-0.09253940585645933
2024-05-27 11:19:50,569.0,-0.09252350848125995
2024-05-27 11:19:51,570.0,-0.09251799999999999
2024-05-27 11:19:52,571.0,-0.09251793448170298
2024-05-27 11:19:53,572.0,-0.09251787118057771
2024-05-27 11:19:54,573.0,-0.09251781009688993
2024-05-27 11:19:55,574.0,-0.09251775123090554
2024-05-27 11:19:56,575.0,-0.09251769458289029
2024-05-27 11:19:57,576.0,-0.09251764015311004
2024-05-27 11:19:58,577.0,-0.09251758794183057
2024-05-27 11:19:59,578.0,-0.09251753794931772
2024-05-27 11:20:00,579.0,-0.0925174901758373
2024-05-27 11:20:01,580.0,-0.09251744462165513
2024-05-27 11:20:02,581.0,-0.09251740128703702
2024-05-27 11:20:03,582.0,-0.09251736017224879
2024-05-27 11:20:04,583.0,-0.09251732127755626
2024-05-27 11:20:05,584.0,-0.09251728460322522
2024-05-27 11:20:06,585.0,-0.09251725014952152
2024-05-27 11:20:07,586.0,-0.09251721791671096
2024-05-27 11:20:08,587.0,-0.09251718790505936
2024-05-27 11:20:09,588.0,-0.09251716011483253
2024-05-27 11:20:10,589.0,-0.09251713454629627
2024-05-27 11:20:11,590.0,-0.09251711119971646
2024-05-27 11:20:12,591.0,-0.09251709007535884
2024-05-27 11:20:13,592.0,-0.09251707117348926
2024-05-27 11:20:14,593.0,-0.09251705449437354
2024-05-27 11:20:15,594.0,-0.09251704003827751
2024-05-27 11:20:16,595.0,-0.09251702780546694
2024-05-27 11:20:17,596.0,-0.09251701779620768
2024-05-27 11:20:18,597.0,-0.09251701001076554
2024-05-27 11:20:19,598.0,-0.09251700444940635
2024-05-27 11:20:20,599.0,-0.09251700111239589
2024-05-27 11:20:21,600.0,-0.09251699999999999
2024-05-27 11:20:22,601.0,-0.09251791351876774
2024-05-27 11:20:23,602.0,-0.09252061312995362
2024-05-27 11:20:24,603.0,-0.09252503741588156
2024-05-27 11:20:25,604.0,-0.09253112495887542
2024-05-27 11:20:26,605.0,-0.09253881434125914
2024-05-27 11:20:27,606.0,-0.09254804414535664
2024-05-27 11:20:28,607.0,-0.09255875295349184
2024-05-27 11:20:29,608.0,-0.09257087934798862
2024-05-27 11:20:30,609.0,-0.09258436191117092
2024-05-27 11:20:31,610.0,-0.09259913922536263
2024-05-27 11:20:32,611.0,-0.09261514987288769
2024-05-27 11:20:33,612.0,-0.09263233243606997
2024-05-27 11:20:34,613.0,-0.09265062549723344
2024-05-27 11:20:35,614.0,-0.09266996763870194
2024-05-27 11:20:36,615.0,-0.09269029744279945
2024-05-27 11:20:37,616.0,-0.09271155349184984
2024-05-27 11:20:38,617.0,-0.09273367436817705
2024-05-27 11:20:39,618.0,-0.09275659865410496
2024-05-27 11:20:40,619.0,-0.09278026493195753
2024-05-27 11:20:41,620.0,-0.0928046117840586
2024-05-27 11:20:42,621.0,-0.09282957779273215
2024-05-27 11:20:43,622.0,-0.09285510154030206
2024-05-27 11:20:44,623.0,-0.09288112160909226
2024-05-27 11:20:45,624.0,-0.09290757658142663
2024-05-27 11:20:46,625.0,-0.09293440503962913
2024-05-27 11:20:47,626.0,-0.09296154556602361
2024-05-27 11:20:48,627.0,-0.09298893674293404
2024-05-27 11:20:49,628.0,-0.0930165171526843
2024-05-27 11:20:50,629.0,-0.09304422537759831
2024-05-27 11:20:51,630.0,-0.09307199999999999
2024-05-27 11:20:52,631.0,-0.09310342173351277
2024-05-27 11:20:53,632.0,-0.09314173973620457
2024-05-27 11:20:54,633.0,-0.09318639525706594
2024-05-27 11:20:55,634.0,-0.09323682954508747
2024-05-27 11:20:56,635.0,-0.09329248384925974
2024-05-27 11:20:57,636.0,-0.09335279941857334
2024-05-27 11:20:58,637.0,-0.09341721750201883
2024-05-27 11:20:59,638.0,-0.0934851793485868
2024-05-27 11:21:00,639.0,-0.09355612620726783
2024-05-27 11:21:01,640.0,-0.09362949932705249
2024-05-27 11:21:02,641.0,-0.09370473995693135
2024-05-27 11:21:03,642.0,-0.09378128934589501
2024-05-27 11:21:04,643.0,-0.09385858874293404
2024-05-27 11:21:05,644.0,-0.09393607939703903
2024-05-27 11:21:06,645.0,-0.09401320255720053
2024-05-27 11:21:07,646.0,-0.09408939947240914
2024-05-27 11:21:08,647.0,-0.09416411139165544
2024-05-27 11:21:09,648.0,-0.09423677956393
2024-05-27 11:21:10,649.0,-0.09430684523822341
2024-05-27 11:21:11,650.0,-0.09437374966352623
2024-05-27 11:21:12,651.0,-0.09443693408882907
2024-05-27 11:21:13,652.0,-0.09449583976312248
2024-05-27 11:21:14,653.0,-0.09454990793539704
2024-05-27 11:21:15,654.0,-0.09459857985464333
2024-05-27 11:21:16,655.0,-0.09464129676985195
2024-05-27 11:21:17,656.0,-0.09467749993001347
2024-05-27 11:21:18,657.0,-0.09470663058411845
2024-05-27 11:21:19,658.0,-0.09472812998115747
2024-05-27 11:21:20,659.0,-0.09474143937012112
2024-05-27 11:21:21,660.0,-0.094746
2024-05-27 11:21:22,661.0,-0.09474417481481481
2024-05-27 11:21:23,662.0,-0.09473886518518518
2024-05-27 11:21:24,663.0,-0.09473031999999999
2024-05-27 11:21:25,664.0,-0.09471878814814814
2024-05-27 11:21:26,665.0,-0.09470451851851852
2024-05-27 11:21:27,666.0,-0.09468776
2024-05-27 11:21:28,667.0,-0.09466876148148148
2024-05-27 11:21:29,668.0,-0.09464777185185184
2024-05-27 11:21:30,669.0,-0.09462504
2024-05-27 11:21:31,670.0,-0.0946008148148148
2024-05-27 11:21:32,671.0,-0.09457534518518518
2024-05-27 11:21:33,672.0,-0.09454888
2024-05-27 11:21:34,673.0,-0.09452166814814815
2024-05-27 11:21:35,674.0,-0.09449395851851851
2024-05-27 11:21:36,675.0,-0.094466
2024-05-27 11:21:37,676.0,-0.09443804148148147
2024-05-27 11:21:38,677.0,-0.09441033185185185
2024-05-27 11:21:39,678.0,-0.09438312
2024-05-27 11:21:40,679.0,-0.09435665481481481
2024-05-27 11:21:41,680.0,-0.09433118518518518
2024-05-27 11:21:42,681.0,-0.09430696
2024-05-27 11:21:43,682.0,-0.09428422814814814
2024-05-27 11:21:44,683.0,-0.09426323851851852
2024-05-27 11:21:45,684.0,-0.09424423999999999
2024-05-27 11:21:46,685.0,-0.09422748148148147
2024-05-27 11:21:47,686.0,-0.09421321185185184
2024-05-27 11:21:48,687.0,-0.09420168
2024-05-27 11:21:49,688.0,-0.09419313481481481
2024-05-27 11:21:50,689.0,-0.09418782518518518
2024-05-27 11:21:51,690.0,-0.09418599999999999
2024-05-27 11:21:52,691.0,-0.09418974162962962
2024-05-27 11:21:53,692.0,-0.09420062637037037
2024-05-27 11:21:54,693.0,-0.09421814399999999
2024-05-27 11:21:55,694.0,-0.09424178429629629
2024-05-27 11:21:56,695.0,-0.09427103703703703
2024-05-27 11:21:57,696.0,-0.09430539199999999
2024-05-27 11:21:58,697.0,-0.09434433896296296
2024-05-27 11:21:59,698.0,-0.09438736770370369
2024-05-27 11:22:00,699.0,-0.094433968
2024-05-27 11:22:01,700.0,-0.09448362962962963
2024-05-27 11:22:02,701.0,-0.09453584237037037
2024-05-27 11:22:03,702.0,-0.094590096
2024-05-27 11:22:04,703.0,-0.0946458802962963
2024-05-27 11:22:05,704.0,-0.09470268503703702
2024-05-27 11:22:06,705.0,-0.09475999999999998
2024-05-27 11:22:07,706.0,-0.09481731496296296
2024-05-27 11:22:08,707.0,-0.0948741197037037
2024-05-27 11:22:09,708.0,-0.094929904
2024-05-27 11:22:10,709.0,-0.09498415762962964
2024-05-27 11:22:11,710.0,-0.09503637037037037
2024-05-27 11:22:12,711.0,-0.095086032
2024-05-27 11:22:13,712.0,-0.0951326322962963
2024-05-27 11:22:14,713.0,-0.09517566103703703
2024-05-27 11:22:15,714.0,-0.095214608
2024-05-27 11:22:16,715.0,-0.09524896296296295
2024-05-27 11:22:17,716.0,-0.0952782157037037
2024-05-27 11:22:18,717.0,-0.095301856
2024-05-27 11:22:19,718.0,-0.09531937362962964
2024-05-27 11:22:20,719.0,-0.09533025837037037
2024-05-27 11:22:21,720.0,-0.095334
2024-05-27 11:22:22,721.0,-0.09533389570370371
2024-05-27 11:22:23,722.0,-0.0953335922962963
2024-05-27 11:22:24,723.0,-0.095333104
2024-05-27 11:22:25,724.0,-0.09533244503703704
2024-05-27 11:22:26,725.0,-0.09533162962962963
2024-05-27 11:22:27,726.0,-0.09533067199999999
2024-05-27 11:22:28,727.0,-0.09532958637037038
2024-05-27 11:22:29,728.0,-0.09532838696296296
2024-05-27 11:22:30,729.0,-0.095327088
2024-05-27 11:22:31,730.0,-0.0953257037037037
2024-05-27 11:22:32,731.0,-0.0953242482962963
2024-05-27 11:22:33,732.0,-0.09532273599999999
2024-05-27 11:22:34,733.0,-0.09532118103703703
2024-05-27 11:22:35,734.0,-0.09531959762962963
2024-05-27 11:22:36,735.0,-0.09531800000000001
2024-05-27 11:22:37,736.0,-0.09531640237037037
2024-05-27 11:22:38,737.0,-0.09531481896296297
2024-05-27 11:22:39,738.0,-0.095313264
2024-05-27 11:22:40,739.0,-0.0953117517037037
2024-05-27 11:22:41,740.0,-0.0953102962962963
2024-05-27 11:22:42,741.0,-0.095308912
2024-05-27 11:22:43,742.0,-0.09530761303703703
2024-05-27 11:22:44,743.0,-0.09530641362962962
2024-05-27 11:22:45,744.0,-0.095305328
2024-05-27 11:22:46,745.0,-0.09530437037037037
2024-05-27 11:22:47,746.0,-0.09530355496296296
2024-05-27 11:22:48,747.0,-0.095302896
2024-05-27 11:22:49,748.0,-0.0953024077037037
2024-05-27 11:22:50,749.0,-0.09530210429629629
2024-05-27 11:22:51,750.0,-0.095302
2024-05-27 11:22:52,751.0,-0.09530832800668816
2024-05-27 11:22:53,752.0,-0.09532678172697957
2024-05-27 11:22:54,753.0,-0.09535656571121462
2024-05-27 11:22:55,754.0,-0.09539688450973367
2024-05-27 11:22:56,755.0,-0.09544694267287711
2024-05-27 11:22:57,756.0,-0.0955059447509853
2024-05-27 11:22:58,757.0,-0.09557309529439867
2024-05-27 11:22:59,758.0,-0.09564759885345753
2024-05-27 11:23:00,759.0,-0.09572865997850233
2024-05-27 11:23:01,760.0,-0.0958154832198734
2024-05-27 11:23:02,761.0,-0.09590727312791113
2024-05-27 11:23:03,762.0,-0.09600323425295593
2024-05-27 11:23:04,763.0,-0.09610257114534813
2024-05-27 11:23:05,764.0,-0.09620448835542816
2024-05-27 11:23:06,765.0,-0.09630819043353636
2024-05-27 11:23:07,766.0,-0.09641288193001313
2024-05-27 11:23:08,767.0,-0.09651776739519884
2024-05-27 11:23:09,768.0,-0.09662205137943389
2024-05-27 11:23:10,769.0,-0.09672493843305863
2024-05-27 11:23:11,770.0,-0.09682563310641347
2024-05-27 11:23:12,771.0,-0.09692333994983876
2024-05-27 11:23:13,772.0,-0.0970172635136749
2024-05-27 11:23:14,773.0,-0.09710660834826225
2024-05-27 11:23:15,774.0,-0.09719057900394122
2024-05-27 11:23:16,775.0,-0.09726838003105218
2024-05-27 11:23:17,776.0,-0.09733921597993549
2024-05-27 11:23:18,777.0,-0.09740229140093155
2024-05-27 11:23:19,778.0,-0.09745681084438074
2024-05-27 11:23:20,779.0,-0.09750197886062342
2024-05-27 11:23:21,780.0,-0.09753699999999998
2024-05-27 11:23:22,781.0,-0.09756593444644432
2024-05-27 11:23:23,782.0,-0.09759342460973536
2024-05-27 11:23:24,783.0,-0.09761954837898108
2024-05-27 11:23:25,784.0,-0.09764438364328945
2024-05-27 11:23:26,785.0,-0.09766800829176843
2024-05-27 11:23:27,786.0,-0.097690500213526
2024-05-27 11:23:28,787.0,-0.09771193729767011
2024-05-27 11:23:29,788.0,-0.09773239743330875
2024-05-27 11:23:30,789.0,-0.09775195850954986
2024-05-27 11:23:31,790.0,-0.09777069841550144
2024-05-27 11:23:32,791.0,-0.09778869504027143
2024-05-27 11:23:33,792.0,-0.09780602627296783
2024-05-27 11:23:34,793.0,-0.0978227700026986
2024-05-27 11:23:35,794.0,-0.09783900411857169
2024-05-27 11:23:36,795.0,-0.09785480650969505
2024-05-27 11:23:37,796.0,-0.09787025506517671
2024-05-27 11:23:38,797.0,-0.09788542767412459
2024-05-27 11:23:39,798.0,-0.09790040222564667
2024-05-27 11:23:40,799.0,-0.09791525660885092
2024-05-27 11:23:41,800.0,-0.09793006871284533
2024-05-27 11:23:42,801.0,-0.09794491642673783
2024-05-27 11:23:43,802.0,-0.09795987763963641
2024-05-27 11:23:44,803.0,-0.09797503024064903
2024-05-27 11:23:45,804.0,-0.09799045211888367
2024-05-27 11:23:46,805.0,-0.09800622116344827
2024-05-27 11:23:47,806.0,-0.09802241526345085
2024-05-27 11:23:48,807.0,-0.09803911230799933
2024-05-27 11:23:49,808.0,-0.09805639018620171
2024-05-27 11:23:50,809.0,-0.09807432678716595
2024-05-27 11:23:51,810.0,-0.09809299999999999
2024-05-27 11:23:52,811.0,-0.09811273720614587
2024-05-27 11:23:53,812.0,-0.09813372408681867
2024-05-27 11:23:54,813.0,-0.09815582598078601
2024-05-27 11:23:55,814.0,-0.09817890822681545
2024-05-27 11:23:56,815.0,-0.09820283616367458
2024-05-27 11:23:57,816.0,-0.098227475130131
2024-05-27 11:23:58,817.0,-0.09825269046495227
2024-05-27 11:23:59,818.0,-0.09827834750690602
2024-05-27 11:24:00,819.0,-0.09830431159475982
2024-05-27 11:24:01,820.0,-0.09833044806728124
2024-05-27 11:24:02,821.0,-0.09835662226323791
2024-05-27 11:24:03,822.0,-0.09838269952139736
2024-05-27 11:24:04,823.0,-0.09840854518052725
2024-05-27 11:24:05,824.0,-0.09843402457939511
2024-05-27 11:24:06,825.0,-0.09845900305676855
2024-05-27 11:24:07,826.0,-0.09848334595141517
2024-05-27 11:24:08,827.0,-0.09850691860210255
2024-05-27 11:24:09,828.0,-0.09852958634759824
2024-05-27 11:24:10,829.0,-0.09855121452666991
2024-05-27 11:24:11,830.0,-0.09857166847808507
2024-05-27 11:24:12,831.0,-0.09859081354061136
2024-05-27 11:24:13,832.0,-0.09860851505301634
2024-05-27 11:24:14,833.0,-0.0986246383540676
2024-05-27 11:24:15,834.0,-0.09863904878253275
2024-05-27 11:24:16,835.0,-0.09865161167717937
2024-05-27 11:24:17,836.0,-0.09866219237677504
2024-05-27 11:24:18,837.0,-0.09867065622008735
2024-05-27 11:24:19,838.0,-0.09867686854588388
2024-05-27 11:24:20,839.0,-0.09868069469293224
2024-05-27 11:24:21,840.0,-0.098682
2024-05-27 11:24:22,841.0,-0.09868018785185186
2024-05-27 11:24:23,842.0,-0.09867491614814816
2024-05-27 11:24:24,843.0,-0.098666432
2024-05-27 11:24:25,844.0,-0.09865498251851852
2024-05-27 11:24:26,845.0,-0.09864081481481482
2024-05-27 11:24:27,846.0,-0.098624176
2024-05-27 11:24:28,847.0,-0.09860531318518519
2024-05-27 11:24:29,848.0,-0.09858447348148149
2024-05-27 11:24:30,849.0,-0.098561904
2024-05-27 11:24:31,850.0,-0.09853785185185185
2024-05-27 11:24:32,851.0,-0.09851256414814814
2024-05-27 11:24:33,852.0,-0.09848628799999999
2024-05-27 11:24:34,853.0,-0.09845927051851852
2024-05-27 11:24:35,854.0,-0.09843175881481482
2024-05-27 11:24:36,855.0,-0.09840399999999999
2024-05-27 11:24:37,856.0,-0.09837624118518518
2024-05-27 11:24:38,857.0,-0.09834872948148148
2024-05-27 11:24:39,858.0,-0.09832171199999999
2024-05-27 11:24:40,859.0,-0.09829543585185185
2024-05-27 11:24:41,860.0,-0.09827014814814813
2024-05-27 11:24:42,861.0,-0.09824609599999999
2024-05-27 11:24:43,862.0,-0.09822352651851851
2024-05-27 11:24:44,863.0,-0.09820268681481481
2024-05-27 11:24:45,864.0,-0.09818382399999999
2024-05-27 11:24:46,865.0,-0.09816718518518518
2024-05-27 11:24:47,866.0,-0.09815301748148146
2024-05-27 11:24:48,867.0,-0.098141568
2024-05-27 11:24:49,868.0,-0.09813308385185184
2024-05-27 11:24:50,869.0,-0.09812781214814814
2024-05-27 11:24:51,870.0,-0.09812599999999999
2024-05-27 11:24:52,871.0,-0.09812601955555555
2024-05-27 11:24:53,872.0,-0.09812607644444443
2024-05-27 11:24:54,873.0,-0.098126168
2024-05-27 11:24:55,874.0,-0.09812629155555555
2024-05-27 11:24:56,875.0,-0.09812644444444443
2024-05-27 11:24:57,876.0,-0.09812662399999998
2024-05-27 11:24:58,877.0,-0.09812682755555555
2024-05-27 11:24:59,878.0,-0.09812705244444445
2024-05-27 11:25:00,879.0,-0.098127296
2024-05-27 11:25:01,880.0,-0.09812755555555555
2024-05-27 11:25:02,881.0,-0.09812782844444444
2024-05-27 11:25:03,882.0,-0.09812811199999999
2024-05-27 11:25:04,883.0,-0.09812840355555555
2024-05-27 11:25:05,884.0,-0.09812870044444444
2024-05-27 11:25:06,885.0,-0.098129
2024-05-27 11:25:07,886.0,-0.09812929955555555
2024-05-27 11:25:08,887.0,-0.09812959644444444
2024-05-27 11:25:09,888.0,-0.098129888
2024-05-27 11:25:10,889.0,-0.09813017155555555
2024-05-27 11:25:11,890.0,-0.09813044444444444
2024-05-27 11:25:12,891.0,-0.098130704
2024-05-27 11:25:13,892.0,-0.09813094755555556
2024-05-27 11:25:14,893.0,-0.09813117244444444
2024-05-27 11:25:15,894.0,-0.098131376
2024-05-27 11:25:16,895.0,-0.09813155555555556
2024-05-27 11:25:17,896.0,-0.09813170844444444
2024-05-27 11:25:18,897.0,-0.098131832
2024-05-27 11:25:19,898.0,-0.09813192355555556
2024-05-27 11:25:20,899.0,-0.09813198044444443
2024-05-27 11:25:21,900.0,-0.098132
2024-05-27 11:25:22,901.0,-0.098132
2024-05-27 11:25:23,902.0,-0.098132
2024-05-27 11:25:24,903.0,-0.098132
2024-05-27 11:25:25,904.0,-0.098132
2024-05-27 11:25:26,905.0,-0.098132
2024-05-27 11:25:27,906.0,-0.098132
2024-05-27 11:25:28,907.0,-0.098132
2024-05-27 11:25:29,908.0,-0.098132
2024-05-27 11:25:30,909.0,-0.098132
2024-05-27 11:25:31,910.0,-0.098132
2024-05-27 11:25:32,911.0,-0.098132
2024-05-27 11:25:33,912.0,-0.098132
2024-05-27 11:25:34,913.0,-0.098132
2024-05-27 11:25:35,914.0,-0.098132
2024-05-27 11:25:36,915.0,-0.098132
2024-05-27 11:25:37,916.0,-0.098132
2024-05-27 11:25:38,917.0,-0.098132
2024-05-27 11:25:39,918.0,-0.098132
2024-05-27 11:25:40,919.0,-0.098132
2024-05-27 11:25:41,920.0,-0.098132
2024-05-27 11:25:42,921.0,-0.098132
2024-05-27 11:25:43,922.0,-0.098132
2024-05-27 11:25:44,923.0,-0.098132
2024-05-27 11:25:45,924.0,-0.098132
2024-05-27 11:25:46,925.0,-0.098132
2024-05-27 11:25:47,926.0,-0.098132
2024-05-27 11:25:48,927.0,-0.098132
2024-05-27 11:25:49,928.0,-0.098132
2024-05-27 11:25:50,929.0,-0.098132
2024-05-27 11:25:51,930.0,-0.098132
2024-05-27 11:25:52,931.0,-0.09813204063837011
2024-05-27 11:25:53,932.0,-0.09813216200565932
2024-05-27 11:25:54,933.0,-0.09813236328013583
2024-05-27 11:25:55,934.0,-0.09813264364006791
2024-05-27 11:25:56,935.0,-0.09813300226372383
2024-05-27 11:25:57,936.0,-0.09813343832937181
2024-05-27 11:25:58,937.0,-0.09813395101528014
2024-05-27 11:25:59,938.0,-0.09813453949971704
2024-05-27 11:26:00,939.0,-0.09813520296095077
2024-05-27 11:26:01,940.0,-0.09813594057724957
2024-05-27 11:26:02,941.0,-0.09813675152688173
2024-05-27 11:26:03,942.0,-0.09813763498811545
2024-05-27 11:26:04,943.0,-0.09813859013921901
2024-05-27 11:26:05,944.0,-0.09813961615846066
2024-05-27 11:26:06,945.0,-0.09814071222410867
2024-05-27 11:26:07,946.0,-0.09814187751443124
2024-05-27 11:26:08,947.0,-0.09814311120769666
2024-05-27 11:26:09,948.0,-0.09814441248217316
2024-05-27 11:26:10,949.0,-0.09814578051612903
2024-05-27 11:26:11,950.0,-0.09814721448783248
2024-05-27 11:26:12,951.0,-0.09814871357555179
2024-05-27 11:26:13,952.0,-0.09815027695755517
2024-05-27 11:26:14,953.0,-0.09815190381211092
2024-05-27 11:26:15,954.0,-0.09815359331748727
2024-05-27 11:26:16,955.0,-0.09815534465195247
2024-05-27 11:26:17,956.0,-0.09815715699377477
2024-05-27 11:26:18,957.0,-0.09815902952122241
2024-05-27 11:26:19,958.0,-0.09816096141256367
2024-05-27 11:26:20,959.0,-0.09816295184606678
2024-05-27 11:26:21,960.0,-0.098165
2024-05-27 11:26:22,961.0,-0.09816875274652581
2024-05-27 11:26:23,962.0,-0.09817570199484374
2024-05-27 11:26:24,963.0,-0.09818561447877759
2024-05-27 11:26:25,964.0,-0.09819825693215117
2024-05-27 11:26:26,965.0,-0.09821339608878829
2024-05-27 11:26:27,966.0,-0.09823079868251273
2024-05-27 11:26:28,967.0,-0.09825023144714834
2024-05-27 11:26:29,968.0,-0.0982714611165189
2024-05-27 11:26:30,969.0,-0.09829425442444822
2024-05-27 11:26:31,970.0,-0.09831837810476012
2024-05-27 11:26:32,971.0,-0.09834359889127837
2024-05-27 11:26:33,972.0,-0.09836968351782682
2024-05-27 11:26:34,973.0,-0.09839639871822926
2024-05-27 11:26:35,974.0,-0.0984235112263095
2024-05-27 11:26:36,975.0,-0.09845078777589135
2024-05-27 11:26:37,976.0,-0.0984779951007986
2024-05-27 11:26:38,977.0,-0.09850489993485506
2024-05-27 11:26:39,978.0,-0.09853126901188455
2024-05-27 11:26:40,979.0,-0.09855686906571087
2024-05-27 11:26:41,980.0,-0.09858146683015784
2024-05-27 11:26:42,981.0,-0.09860482903904925
2024-05-27 11:26:43,982.0,-0.09862672242620889
2024-05-27 11:26:44,983.0,-0.09864691372546061
2024-05-27 11:26:45,984.0,-0.09866516967062819
2024-05-27 11:26:46,985.0,-0.09868125699553544
2024-05-27 11:26:47,986.0,-0.09869494243400617
2024-05-27 11:26:48,987.0,-0.09870599271986417
2024-05-27 11:26:49,988.0,-0.09871417458693328
2024-05-27 11:26:50,989.0,-0.09871925476903728
2024-05-27 11:26:51,990.0,-0.098721
2024-05-27 11:26:52,991.0,-0.09871918785185185
2024-05-27 11:26:53,992.0,-0.09871391614814816
2024-05-27 11:26:54,993.0,-0.098705432
2024-05-27 11:26:55,994.0,-0.09869398251851852
2024-05-27 11:26:56,995.0,-0.09867981481481482
2024-05-27 11:26:57,996.0,-0.09866317599999999
2024-05-27 11:26:58,997.0,-0.0986443131851852
2024-05-27 11:26:59,998.0,-0.09862347348148148
2024-05-27 11:27:00,999.0,-0.098600904
2024-05-27 11:27:01,1000.0,-0.09857685185185186
2024-05-27 11:27:02,1001.0,-0.09855156414814815
2024-05-27 11:27:03,1002.0,-0.098525288
2024-05-27 11:27:04,1003.0,-0.09849827051851852
2024-05-27 11:27:05,1004.0,-0.09847075881481482
2024-05-27 11:27:06,1005.0,-0.098443
2024-05-27 11:27:07,1006.0,-0.09841524118518519
2024-05-27 11:27:08,1007.0,-0.09838772948148149
2024-05-27 11:27:09,1008.0,-0.098360712
2024-05-27 11:27:10,1009.0,-0.09833443585185185
2024-05-27 11:27:11,1010.0,-0.09830914814814816
2024-05-27 11:27:12,1011.0,-0.098285096
2024-05-27 11:27:13,1012.0,-0.09826252651851852
2024-05-27 11:27:14,1013.0,-0.09824168681481482
2024-05-27 11:27:15,1014.0,-0.098222824
2024-05-27 11:27:16,1015.0,-0.09820618518518519
2024-05-27 11:27:17,1016.0,-0.09819201748148149
2024-05-27 11:27:18,1017.0,-0.098180568
2024-05-27 11:27:19,1018.0,-0.09817208385185186
2024-05-27 11:27:20,1019.0,-0.09816681214814815
2024-05-27 11:27:21,1020.0,-0.098165
2024-05-27 11:27:22,1021.0,-0.09816864006856005
2024-05-27 11:27:23,1022.0,-0.09817931382800199
2024-05-27 11:27:24,1023.0,-0.09819665160896862
2024-05-27 11:27:25,1024.0,-0.09822028374210263
2024-05-27 11:27:26,1025.0,-0.09824984055804684
2024-05-27 11:27:27,1026.0,-0.09828495238744396
2024-05-27 11:27:28,1027.0,-0.09832524956093672
2024-05-27 11:27:29,1028.0,-0.09837036240916792
2024-05-27 11:27:30,1029.0,-0.09841992126278028
2024-05-27 11:27:31,1030.0,-0.09847355645241654
2024-05-27 11:27:32,1031.0,-0.09853089830871949
2024-05-27 11:27:33,1032.0,-0.09859157716233184
2024-05-27 11:27:34,1033.0,-0.09865522334389637
2024-05-27 11:27:35,1034.0,-0.0987214671840558
2024-05-27 11:27:36,1035.0,-0.09878993901345293
2024-05-27 11:27:37,1036.0,-0.09886026916273044
2024-05-27 11:27:38,1037.0,-0.09893208796253114
2024-05-27 11:27:39,1038.0,-0.09900502574349776
2024-05-27 11:27:40,1039.0,-0.09907871283627304
2024-05-27 11:27:41,1040.0,-0.09915277957149975
2024-05-27 11:27:42,1041.0,-0.09922685627982063
2024-05-27 11:27:43,1042.0,-0.09930057329187843
2024-05-27 11:27:44,1043.0,-0.0993735609383159
2024-05-27 11:27:45,1044.0,-0.0994454495497758
2024-05-27 11:27:46,1045.0,-0.09951586945690086
2024-05-27 11:27:47,1046.0,-0.09958445099033385
2024-05-27 11:27:48,1047.0,-0.09965082448071749
2024-05-27 11:27:49,1048.0,-0.09971462025869457
2024-05-27 11:27:50,1049.0,-0.09977546865490783
2024-05-27 11:27:51,1050.0,-0.099833
2024-05-27 11:27:52,1051.0,-0.09988966369718454
2024-05-27 11:27:53,1052.0,-0.09994803020455865
2024-05-27 11:27:54,1053.0,-0.10000791143509084
2024-05-27 11:27:55,1054.0,-0.10006911930174957
2024-05-27 11:27:56,1055.0,-0.10013146571750328
2024-05-27 11:27:57,1056.0,-0.10019476259532051
2024-05-27 11:27:58,1057.0,-0.10025882184816966
2024-05-27 11:27:59,1058.0,-0.10032345538901923
2024-05-27 11:28:00,1059.0,-0.10038847513083768
2024-05-27 11:28:01,1060.0,-0.1004536929865935
2024-05-27 11:28:02,1061.0,-0.10051892086925514
2024-05-27 11:28:03,1062.0,-0.10058397069179109
2024-05-27 11:28:04,1063.0,-0.10064865436716981
2024-05-27 11:28:05,1064.0,-0.10071278380835977
2024-05-27 11:28:06,1065.0,-0.10077617092832944
2024-05-27 11:28:07,1066.0,-0.10083862764004731
2024-05-27 11:28:08,1067.0,-0.10089996585648181
2024-05-27 11:28:09,1068.0,-0.10095999749060144
2024-05-27 11:28:10,1069.0,-0.10101853445537466
2024-05-27 11:28:11,1070.0,-0.10107538866376996
2024-05-27 11:28:12,1071.0,-0.10113037202875579
2024-05-27 11:28:13,1072.0,-0.10118329646330063
2024-05-27 11:28:14,1073.0,-0.10123397388037293
2024-05-27 11:28:15,1074.0,-0.10128221619294119
2024-05-27 11:28:16,1075.0,-0.10132783531397385
2024-05-27 11:28:17,1076.0,-0.10137064315643944
2024-05-27 11:28:18,1077.0,-0.10141045163330636
2024-05-27 11:28:19,1078.0,-0.10144707265754312
2024-05-27 11:28:20,1079.0,-0.10148031814211816
2024-05-27 11:28:21,1080.0,-0.10151
2024-05-27 11:28:22,1081.0,-0.10153702622060341
2024-05-27 11:28:23,1082.0,-0.1015624992873739
2024-05-27 11:28:24,1083.0,-0.10158652285432611
2024-05-27 11:28:25,1084.0,-0.10160920057547458
2024-05-27 11:28:26,1085.0,-0.10163063610483393
2024-05-27 11:28:27,1086.0,-0.10165093309641868
2024-05-27 11:28:28,1087.0,-0.10167019520424349
2024-05-27 11:28:29,1088.0,-0.10168852608232289
2024-05-27 11:28:30,1089.0,-0.10170602938467146
2024-05-27 11:28:31,1090.0,-0.10172280876530382
2024-05-27 11:28:32,1091.0,-0.10173896787823453
2024-05-27 11:28:33,1092.0,-0.10175461037747818
2024-05-27 11:28:34,1093.0,-0.10176983991704934
2024-05-27 11:28:35,1094.0,-0.1017847601509626
2024-05-27 11:28:36,1095.0,-0.10179947473323256
2024-05-27 11:28:37,1096.0,-0.10181408731787377
2024-05-27 11:28:38,1097.0,-0.10182870155890082
2024-05-27 11:28:39,1098.0,-0.10184342111032833
2024-05-27 11:28:40,1099.0,-0.10185834962617084
2024-05-27 11:28:41,1100.0,-0.10187359076044293
2024-05-27 11:28:42,1101.0,-0.10188924816715923
2024-05-27 11:28:43,1102.0,-0.10190542550033428
2024-05-27 11:28:44,1103.0,-0.10192222641398267
2024-05-27 11:28:45,1104.0,-0.10193975456211898
2024-05-27 11:28:46,1105.0,-0.10195811359875781
2024-05-27 11:28:47,1106.0,-0.10197740717791375
2024-05-27 11:28:48,1107.0,-0.10199773895360133
2024-05-27 11:28:49,1108.0,-0.10201921257983519
2024-05-27 11:28:50,1109.0,-0.10204193171062989
2024-05-27 11:28:51,1110.0,-0.102066
2024-05-27 11:28:52,1111.0,-0.10209280675209258
2024-05-27 11:28:53,1112.0,-0.10212345014209678
2024-05-27 11:28:54,1113.0,-0.10215759713059033
2024-05-27 11:28:55,1114.0,-0.10219491467815102
2024-05-27 11:28:56,1115.0,-0.10223506974535658
2024-05-27 11:28:57,1116.0,-0.10227772929278474
2024-05-27 11:28:58,1117.0,-0.10232256028101329
2024-05-27 11:28:59,1118.0,-0.10236922967061994
2024-05-27 11:29:00,1119.0,-0.10241740442218247
2024-05-27 11:29:01,1120.0,-0.10246675149627864
2024-05-27 11:29:02,1121.0,-0.10251693785348617
2024-05-27 11:29:03,1122.0,-0.10256763045438283
2024-05-27 11:29:04,1123.0,-0.10261849625954637
2024-05-27 11:29:05,1124.0,-0.10266920222955456
2024-05-27 11:29:06,1125.0,-0.1027194153249851
2024-05-27 11:29:07,1126.0,-0.10276880250641579
2024-05-27 11:29:08,1127.0,-0.10281703073442434
2024-05-27 11:29:09,1128.0,-0.10286376696958856
2024-05-27 11:29:10,1129.0,-0.10290867817248615
2024-05-27 11:29:11,1130.0,-0.10295143130369488
2024-05-27 11:29:12,1131.0,-0.1029916933237925
2024-05-27 11:29:13,1132.0,-0.10302913119335676
2024-05-27 11:29:14,1133.0,-0.1030634118729654
2024-05-27 11:29:15,1134.0,-0.1030942023231962
2024-05-27 11:29:16,1135.0,-0.1031211695046269
2024-05-27 11:29:17,1136.0,-0.10314398037783522
2024-05-27 11:29:18,1137.0,-0.10316230190339894
2024-05-27 11:29:19,1138.0,-0.10317580104189582
2024-05-27 11:29:20,1139.0,-0.10318414475390358
2024-05-27 11:29:21,1140.0,-0.10318700000000001
2024-05-27 11:29:22,1141.0,-0.10318700000000001
2024-05-27 11:29:23,1142.0,-0.10318700000000001
2024-05-27 11:29:24,1143.0,-0.10318700000000001
2024-05-27 11:29:25,1144.0,-0.10318700000000001
2024-05-27 11:29:26,1145.0,-0.10318700000000001
2024-05-27 11:29:27,1146.0,-0.10318700000000001
2024-05-27 11:29:28,1147.0,-0.10318700000000001
2024-05-27 11:29:29,1148.0,-0.10318700000000001
2024-05-27 11:29:30,1149.0,-0.10318700000000001
2024-05-27 11:29:31,1150.0,-0.10318700000000001
2024-05-27 11:29:32,1151.0,-0.10318700000000001
2024-05-27 11:29:33,1152.0,-0.10318700000000001
2024-05-27 11:29:34,1153.0,-0.10318700000000001
2024-05-27 11:29:35,1154.0,-0.10318700000000001
2024-05-27 11:29:36,1155.0,-0.10318700000000001
2024-05-27 11:29:37,1156.0,-0.10318700000000001
2024-05-27 11:29:38,1157.0,-0.10318700000000001
2024-05-27 11:29:39,1158.0,-0.10318700000000001
2024-05-27 11:29:40,1159.0,-0.10318700000000001
2024-05-27 11:29:41,1160.0,-0.10318700000000001
2024-05-27 11:29:42,1161.0,-0.10318700000000001
2024-05-27 11:29:43,1162.0,-0.10318700000000001
2024-05-27 11:29:44,1163.0,-0.10318700000000001
2024-05-27 11:29:45,1164.0,-0.10318700000000001
2024-05-27 11:29:46,1165.0,-0.10318700000000001
2024-05-27 11:29:47,1166.0,-0.10318700000000001
2024-05-27 11:29:48,1167.0,-0.10318700000000001
2024-05-27 11:29:49,1168.0,-0.10318700000000001
2024-05-27 11:29:50,1169.0,-0.10318700000000001
2024-05-27 11:29:51,1170.0,-0.10318700000000001
2024-05-27 11:29:52,1171.0,-0.10318700000000001
2024-05-27 11:29:53,1172.0,-0.10318700000000001
2024-05-27 11:29:54,1173.0,-0.10318700000000001
2024-05-27 11:29:55,1174.0,-0.10318700000000001
2024-05-27 11:29:56,1175.0,-0.10318700000000001
2024-05-27 11:29:57,1176.0,-0.10318700000000001
2024-05-27 11:29:58,1177.0,-0.10318700000000001
2024-05-27 11:29:59,1178.0,-0.10318700000000001
2024-05-27 11:30:00,1179.0,-0.10318700000000001
2024-05-27 11:30:01,1180.0,-0.10318700000000001
2024-05-27 11:30:02,1181.0,-0.10318700000000001
2024-05-27 11:30:03,1182.0,-0.10318700000000001
2024-05-27 11:30:04,1183.0,-0.10318700000000001
2024-05-27 11:30:05,1184.0,-0.10318700000000001
2024-05-27 11:30:06,1185.0,-0.10318700000000001
2024-05-27 11:30:07,1186.0,-0.10318700000000001
2024-05-27 11:30:08,1187.0,-0.10318700000000001
2024-05-27 11:30:09,1188.0,-0.10318700000000001
2024-05-27 11:30:10,1189.0,-0.10318700000000001
2024-05-27 11:30:11,1190.0,-0.10318700000000001
2024-05-27 11:30:12,1191.0,-0.10318700000000001
2024-05-27 11:30:13,1192.0,-0.10318700000000001
2024-05-27 11:30:14,1193.0,-0.10318700000000001
2024-05-27 11:30:15,1194.0,-0.10318700000000001
2024-05-27 11:30:16,1195.0,-0.10318700000000001
2024-05-27 11:30:17,1196.0,-0.10318700000000001
2024-05-27 11:30:18,1197.0,-0.10318700000000001
2024-05-27 11:30:19,1198.0,-0.10318700000000001
2024-05-27 11:30:20,1199.0,-0.10318700000000001
2024-05-27 11:30:21,1200.0,-0.10318700000000001
2024-05-27 11:30:22,1201.0,-0.10319062429629632
2024-05-27 11:30:23,1202.0,-0.10320116770370372
2024-05-27 11:30:24,1203.0,-0.10321813600000002
2024-05-27 11:30:25,1204.0,-0.10324103496296297
2024-05-27 11:30:26,1205.0,-0.10326937037037039
2024-05-27 11:30:27,1206.0,-0.10330264800000001
2024-05-27 11:30:28,1207.0,-0.10334037362962965
2024-05-27 11:30:29,1208.0,-0.10338205303703706
2024-05-27 11:30:30,1209.0,-0.10342719200000002
2024-05-27 11:30:31,1210.0,-0.10347529629629632
2024-05-27 11:30:32,1211.0,-0.10352587170370373
2024-05-27 11:30:33,1212.0,-0.103578424
2024-05-27 11:30:34,1213.0,-0.10363245896296297
2024-05-27 11:30:35,1214.0,-0.10368748237037038
2024-05-27 11:30:36,1215.0,-0.10374300000000002
2024-05-27 11:30:37,1216.0,-0.10379851762962965
2024-05-27 11:30:38,1217.0,-0.10385354103703706
2024-05-27 11:30:39,1218.0,-0.10390757600000002
2024-05-27 11:30:40,1219.0,-0.10396012829629632
2024-05-27 11:30:41,1220.0,-0.10401070370370373
2024-05-27 11:30:42,1221.0,-0.10405880800000002
2024-05-27 11:30:43,1222.0,-0.10410394696296298
2024-05-27 11:30:44,1223.0,-0.10414562637037038
2024-05-27 11:30:45,1224.0,-0.10418335200000002
2024-05-27 11:30:46,1225.0,-0.10421662962962965
2024-05-27 11:30:47,1226.0,-0.10424496503703706
2024-05-27 11:30:48,1227.0,-0.10426786400000002
2024-05-27 11:30:49,1228.0,-0.10428483229629631
2024-05-27 11:30:50,1229.0,-0.10429537570370372
2024-05-27 11:30:51,1230.0,-0.10429900000000002
2024-05-27 11:30:52,1231.0,-0.10429718785185187
2024-05-27 11:30:53,1232.0,-0.10429191614814817
2024-05-27 11:30:54,1233.0,-0.10428343200000001
2024-05-27 11:30:55,1234.0,-0.10427198251851853
2024-05-27 11:30:56,1235.0,-0.10425781481481483
2024-05-27 11:30:57,1236.0,-0.104241176
2024-05-27 11:30:58,1237.0,-0.10422231318518521
2024-05-27 11:30:59,1238.0,-0.1042014734814815
2024-05-27 11:31:00,1239.0,-0.10417890400000002
2024-05-27 11:31:01,1240.0,-0.10415485185185187
2024-05-27 11:31:02,1241.0,-0.10412956414814817
2024-05-27 11:31:03,1242.0,-0.10410328800000002
2024-05-27 11:31:04,1243.0,-0.10407627051851853
2024-05-27 11:31:05,1244.0,-0.10404875881481483
2024-05-27 11:31:06,1245.0,-0.10402100000000002
2024-05-27 11:31:07,1246.0,-0.1039932411851852
2024-05-27 11:31:08,1247.0,-0.1039657294814815
2024-05-27 11:31:09,1248.0,-0.10393871200000002
2024-05-27 11:31:10,1249.0,-0.10391243585185186
2024-05-27 11:31:11,1250.0,-0.10388714814814817
2024-05-27 11:31:12,1251.0,-0.10386309600000002
2024-05-27 11:31:13,1252.0,-0.10384052651851854
2024-05-27 11:31:14,1253.0,-0.10381968681481483
2024-05-27 11:31:15,1254.0,-0.10380082400000001
2024-05-27 11:31:16,1255.0,-0.1037841851851852
2024-05-27 11:31:17,1256.0,-0.1037700174814815
2024-05-27 11:31:18,1257.0,-0.10375856800000001
2024-05-27 11:31:19,1258.0,-0.10375008385185187
2024-05-27 11:31:20,1259.0,-0.10374481214814817
2024-05-27 11:31:21,1260.0,-0.10374300000000002
2024-05-27 11:31:22,1261.0,-0.10374300000000002
2024-05-27 11:31:23,1262.0,-0.10374300000000002
2024-05-27 11:31:24,1263.0,-0.10374300000000002
2024-05-27 11:31:25,1264.0,-0.10374300000000002
2024-05-27 11:31:26,1265.0,-0.10374300000000002
2024-05-27 11:31:27,1266.0,-0.10374300000000002
2024-05-27 11:31:28,1267.0,-0.10374300000000002
2024-05-27 11:31:29,1268.0,-0.10374300000000002
2024-05-27 11:31:30,1269.0,-0.10374300000000002
2024-05-27 11:31:31,1270.0,-0.10374300000000002
2024-05-27 11:31:32,1271.0,-0.10374300000000002
2024-05-27 11:31:33,1272.0,-0.10374300000000002
2024-05-27 11:31:34,1273.0,-0.10374300000000002
2024-05-27 11:31:35,1274.0,-0.10374300000000002
2024-05-27 11:31:36,1275.0,-0.10374300000000002
2024-05-27 11:31:37,1276.0,-0.10374300000000002
2024-05-27 11:31:38,1277.0,-0.10374300000000002
2024-05-27 11:31:39,1278.0,-0.10374300000000002
2024-05-27 11:31:40,1279.0,-0.10374300000000002
2024-05-27 11:31:41,1280.0,-0.10374300000000002
2024-05-27 11:31:42,1281.0,-0.10374300000000002
2024-05-27 11:31:43,1282.0,-0.10374300000000002
2024-05-27 11:31:44,1283.0,-0.10374300000000002
2024-05-27 11:31:45,1284.0,-0.10374300000000002
2024-05-27 11:31:46,1285.0,-0.10374300000000002
2024-05-27 11:31:47,1286.0,-0.10374300000000002
2024-05-27 11:31:48,1287.0,-0.10374300000000002
2024-05-27 11:31:49,1288.0,-0.10374300000000002
2024-05-27 11:31:50,1289.0,-0.10374300000000002
2024-05-27 11:31:51,1290.0,-0.10374300000000002
2024-05-27 11:31:52,1291.0,-0.10374662429629632
2024-05-27 11:31:53,1292.0,-0.10375716770370372
2024-05-27 11:31:54,1293.0,-0.10377413600000002
2024-05-27 11:31:55,1294.0,-0.10379703496296297
2024-05-27 11:31:56,1295.0,-0.10382537037037039
2024-05-27 11:31:57,1296.0,-0.10385864800000001
2024-05-27 11:31:58,1297.0,-0.10389637362962965
2024-05-27 11:31:59,1298.0,-0.10393805303703704
2024-05-27 11:32:00,1299.0,-0.10398319200000002
2024-05-27 11:32:01,1300.0,-0.1040312962962963
2024-05-27 11:32:02,1301.0,-0.10408187170370373
2024-05-27 11:32:03,1302.0,-0.10413442400000002
2024-05-27 11:32:04,1303.0,-0.10418845896296298
2024-05-27 11:32:05,1304.0,-0.10424348237037037
2024-05-27 11:32:06,1305.0,-0.104299
2024-05-27 11:32:07,1306.0,-0.10435451762962963
2024-05-27 11:32:08,1307.0,-0.10440954103703705
2024-05-27 11:32:09,1308.0,-0.104463576
2024-05-27 11:32:10,1309.0,-0.1045161282962963
2024-05-27 11:32:11,1310.0,-0.1045667037037037
2024-05-27 11:32:12,1311.0,-0.104614808
2024-05-27 11:32:13,1312.0,-0.10465994696296296
2024-05-27 11:32:14,1313.0,-0.10470162637037038
2024-05-27 11:32:15,1314.0,-0.10473935200000001
2024-05-27 11:32:16,1315.0,-0.10477262962962965
2024-05-27 11:32:17,1316.0,-0.10480096503703704
2024-05-27 11:32:18,1317.0,-0.104823864
2024-05-27 11:32:19,1318.0,-0.1048408322962963
2024-05-27 11:32:20,1319.0,-0.10485137570370372
2024-05-27 11:32:21,1320.0,-0.104855
2024-05-27 11:32:22,1321.0,-0.10485499674074075
2024-05-27 11:32:23,1322.0,-0.10485498725925926
2024-05-27 11:32:24,1323.0,-0.104854972
2024-05-27 11:32:25,1324.0,-0.10485495140740742
2024-05-27 11:32:26,1325.0,-0.10485492592592593
2024-05-27 11:32:27,1326.0,-0.10485489600000002
2024-05-27 11:32:28,1327.0,-0.10485486207407407
2024-05-27 11:32:29,1328.0,-0.1048548245925926
2024-05-27 11:32:30,1329.0,-0.104854784
2024-05-27 11:32:31,1330.0,-0.10485474074074075
2024-05-27 11:32:32,1331.0,-0.10485469525925926
2024-05-27 11:32:33,1332.0,-0.10485464800000001
2024-05-27 11:32:34,1333.0,-0.10485459940740742
2024-05-27 11:32:35,1334.0,-0.10485454992592594
2024-05-27 11:32:36,1335.0,-0.1048545
2024-05-27 11:32:37,1336.0,-0.10485445007407408
2024-05-27 11:32:38,1337.0,-0.1048544005925926
2024-05-27 11:32:39,1338.0,-0.10485435200000001
2024-05-27 11:32:40,1339.0,-0.10485430474074074
2024-05-27 11:32:41,1340.0,-0.10485425925925927
2024-05-27 11:32:42,1341.0,-0.10485421600000001
2024-05-27 11:32:43,1342.0,-0.10485417540740742
2024-05-27 11:32:44,1343.0,-0.10485413792592595
2024-05-27 11:32:45,1344.0,-0.10485410400000002
2024-05-27 11:32:46,1345.0,-0.10485407407407409
2024-05-27 11:32:47,1346.0,-0.10485404859259262
2024-05-27 11:32:48,1347.0,-0.10485402800000002
2024-05-27 11:32:49,1348.0,-0.10485401274074076
2024-05-27 11:32:50,1349.0,-0.10485400325925927
2024-05-27 11:32:51,1350.0,-0.10485400000000002
2024-05-27 11:32:52,1351.0,-0.10485400000000002
2024-05-27 11:32:53,1352.0,-0.10485400000000002
2024-05-27 11:32:54,1353.0,-0.10485400000000002
2024-05-27 11:32:55,1354.0,-0.10485400000000002
2024-05-27 11:32:56,1355.0,-0.10485400000000002
2024-05-27 11:32:57,1356.0,-0.10485400000000002
2024-05-27 11:32:58,1357.0,-0.10485400000000002
2024-05-27 11:32:59,1358.0,-0.10485400000000002
2024-05-27 11:33:00,1359.0,-0.10485400000000002
2024-05-27 11:33:01,1360.0,-0.10485400000000002
2024-05-27 11:33:02,1361.0,-0.10485400000000002
2024-05-27 11:33:03,1362.0,-0.10485400000000002
2024-05-27 11:33:04,1363.0,-0.10485400000000002
2024-05-27 11:33:05,1364.0,-0.10485400000000002
2024-05-27 11:33:06,1365.0,-0.10485400000000002
2024-05-27 11:33:07,1366.0,-0.10485400000000002
2024-05-27 11:33:08,1367.0,-0.10485400000000002
2024-05-27 11:33:09,1368.0,-0.10485400000000002
2024-05-27 11:33:10,1369.0,-0.10485400000000002
2024-05-27 11:33:11,1370.0,-0.10485400000000002
2024-05-27 11:33:12,1371.0,-0.10485400000000002
2024-05-27 11:33:13,1372.0,-0.10485400000000002
2024-05-27 11:33:14,1373.0,-0.10485400000000002
2024-05-27 11:33:15,1374.0,-0.10485400000000002
2024-05-27 11:33:16,1375.0,-0.10485400000000002
2024-05-27 11:33:17,1376.0,-0.10485400000000002
2024-05-27 11:33:18,1377.0,-0.10485400000000002
2024-05-27 11:33:19,1378.0,-0.10485400000000002
2024-05-27 11:33:20,1379.0,-0.10485400000000002
2024-05-27 11:33:21,1380.0,-0.10485400000000002
2024-05-27 11:33:22,1381.0,-0.10486128770370372
2024-05-27 11:33:23,1382.0,-0.10488248829629632
2024-05-27 11:33:24,1383.0,-0.10491660800000001
2024-05-27 11:33:25,1384.0,-0.10496265303703706
2024-05-27 11:33:26,1385.0,-0.10501962962962964
2024-05-27 11:33:27,1386.0,-0.10508654400000002
2024-05-27 11:33:28,1387.0,-0.10516240237037039
2024-05-27 11:33:29,1388.0,-0.10524621096296298
2024-05-27 11:33:30,1389.0,-0.10533697600000001
2024-05-27 11:33:31,1390.0,-0.10543370370370372
2024-05-27 11:33:32,1391.0,-0.10553540029629631
2024-05-27 11:33:33,1392.0,-0.10564107200000002
2024-05-27 11:33:34,1393.0,-0.10574972503703706
2024-05-27 11:33:35,1394.0,-0.10586036562962964
2024-05-27 11:33:36,1395.0,-0.10597200000000001
2024-05-27 11:33:37,1396.0,-0.1060836343703704
2024-05-27 11:33:38,1397.0,-0.10619427496296298
2024-05-27 11:33:39,1398.0,-0.10630292800000002
2024-05-27 11:33:40,1399.0,-0.10640859970370373
2024-05-27 11:33:41,1400.0,-0.10651029629629631
2024-05-27 11:33:42,1401.0,-0.10660702400000001
2024-05-27 11:33:43,1402.0,-0.10669778903703706
2024-05-27 11:33:44,1403.0,-0.10678159762962965
2024-05-27 11:33:45,1404.0,-0.10685745600000002
2024-05-27 11:33:46,1405.0,-0.10692437037037039
2024-05-27 11:33:47,1406.0,-0.10698134696296299
2024-05-27 11:33:48,1407.0,-0.10702739200000001
2024-05-27 11:33:49,1408.0,-0.10706151170370372
2024-05-27 11:33:50,1409.0,-0.10708271229629632
2024-05-27 11:33:51,1410.0,-0.10709000000000002
2024-05-27 11:33:52,1411.0,-0.10708271229629632
2024-05-27 11:33:53,1412.0,-0.10706151170370372
2024-05-27 11:33:54,1413.0,-0.10702739200000003
2024-05-27 11:33:55,1414.0,-0.10698134696296298
2024-05-27 11:33:56,1415.0,-0.10692437037037039
2024-05-27 11:33:57,1416.0,-0.10685745600000002
2024-05-27 11:33:58,1417.0,-0.10678159762962965
2024-05-27 11:33:59,1418.0,-0.10669778903703706
2024-05-27 11:34:00,1419.0,-0.10660702400000002
2024-05-27 11:34:01,1420.0,-0.10651029629629631
2024-05-27 11:34:02,1421.0,-0.10640859970370371
2024-05-27 11:34:03,1422.0,-0.10630292800000002
2024-05-27 11:34:04,1423.0,-0.10619427496296298
2024-05-27 11:34:05,1424.0,-0.1060836343703704
2024-05-27 11:34:06,1425.0,-0.10597200000000002
2024-05-27 11:34:07,1426.0,-0.10586036562962964
2024-05-27 11:34:08,1427.0,-0.10574972503703706
2024-05-27 11:34:09,1428.0,-0.10564107200000002
2024-05-27 11:34:10,1429.0,-0.10553540029629631
2024-05-27 11:34:11,1430.0,-0.10543370370370372
2024-05-27 11:34:12,1431.0,-0.10533697600000003
2024-05-27 11:34:13,1432.0,-0.10524621096296298
2024-05-27 11:34:14,1433.0,-0.10516240237037039
2024-05-27 11:34:15,1434.0,-0.105086544
2024-05-27 11:34:16,1435.0,-0.10501962962962964
2024-05-27 11:34:17,1436.0,-0.10496265303703706
2024-05-27 11:34:18,1437.0,-0.10491660800000002
2024-05-27 11:34:19,1438.0,-0.10488248829629632
2024-05-27 11:34:20,1439.0,-0.10486128770370373
2024-05-27 11:34:21,1440.0,-0.10485400000000002
2024-05-27 11:34:22,1441.0,-0.10485763686939224
2024-05-27 11:34:23,1442.0,-0.10486830147259525
2024-05-27 11:34:24,1443.0,-0.10488562480214864
2024-05-27 11:34:25,1444.0,-0.10490923785059189
2024-05-27 11:34:26,1445.0,-0.10493877161046455
2024-05-27 11:34:27,1446.0,-0.1049738570743062
2024-05-27 11:34:28,1447.0,-0.10501412523465634
2024-05-27 11:34:29,1448.0,-0.10505920708405452
2024-05-27 11:34:30,1449.0,-0.10510873361504029
2024-05-27 11:34:31,1450.0,-0.1051623358201532
2024-05-27 11:34:32,1451.0,-0.10521964469193276
2024-05-27 11:34:33,1452.0,-0.10528029122291856
2024-05-27 11:34:34,1453.0,-0.10534390640565007
2024-05-27 11:34:35,1454.0,-0.10541012123266688
2024-05-27 11:34:36,1455.0,-0.10547856669650851
2024-05-27 11:34:37,1456.0,-0.10554887378971453
2024-05-27 11:34:38,1457.0,-0.10562067350482444
2024-05-27 11:34:39,1458.0,-0.1056935968343778
2024-05-27 11:34:40,1459.0,-0.10576727477091417
2024-05-27 11:34:41,1460.0,-0.10584133830697307
2024-05-27 11:34:42,1461.0,-0.10591541843509401
2024-05-27 11:34:43,1462.0,-0.10598914614781658
2024-05-27 11:34:44,1463.0,-0.1060621524376803
2024-05-27 11:34:45,1464.0,-0.10613406829722472
2024-05-27 11:34:46,1465.0,-0.10620452471898936
2024-05-27 11:34:47,1466.0,-0.1062731526955138
2024-05-27 11:34:48,1467.0,-0.10633958321933752
2024-05-27 11:34:49,1468.0,-0.10640344728300011
2024-05-27 11:34:50,1469.0,-0.10646437587904109
2024-05-27 11:34:51,1470.0,-0.106522
2024-05-27 11:34:52,1471.0,-0.10657966657687035
2024-05-27 11:34:53,1472.0,-0.10664071898350842
2024-05-27 11:34:54,1473.0,-0.10670478287674791
2024-05-27 11:34:55,1474.0,-0.10677148391342256
2024-05-27 11:34:56,1475.0,-0.10684044775036611
2024-05-27 11:34:57,1476.0,-0.10691130004441231
2024-05-27 11:34:58,1477.0,-0.10698366645239483
2024-05-27 11:34:59,1478.0,-0.10705717263114745
2024-05-27 11:35:00,1479.0,-0.10713144423750386
2024-05-27 11:35:01,1480.0,-0.10720610692829782
2024-05-27 11:35:02,1481.0,-0.10728078636036302
2024-05-27 11:35:03,1482.0,-0.10735510819053322
2024-05-27 11:35:04,1483.0,-0.10742869807564215
2024-05-27 11:35:05,1484.0,-0.10750118167252354
2024-05-27 11:35:06,1485.0,-0.10757218463801106
2024-05-27 11:35:07,1486.0,-0.1076413326289385
2024-05-27 11:35:08,1487.0,-0.10770825130213958
2024-05-27 11:35:09,1488.0,-0.10777256631444801
2024-05-27 11:35:10,1489.0,-0.10783390332269753
2024-05-27 11:35:11,1490.0,-0.10789188798372185
2024-05-27 11:35:12,1491.0,-0.10794614595435473
2024-05-27 11:35:13,1492.0,-0.10799630289142988
2024-05-27 11:35:14,1493.0,-0.108041984451781
2024-05-27 11:35:15,1494.0,-0.10808281629224185
2024-05-27 11:35:16,1495.0,-0.10811842406964617
2024-05-27 11:35:17,1496.0,-0.10814843344082767
2024-05-27 11:35:18,1497.0,-0.10817247006262005
2024-05-27 11:35:19,1498.0,-0.1081901595918571
2024-05-27 11:35:20,1499.0,-0.10820112768537249
2024-05-27 11:35:21,1500.0,-0.108205
2024-05-27 11:35:22,1501.0,-0.10820518992408067
2024-05-27 11:35:23,1502.0,-0.10820536129062872
2024-05-27 11:35:24,1503.0,-0.10820551542348754
2024-05-27 11:35:25,1504.0,-0.10820565364650059
2024-05-27 11:35:26,1505.0,-0.10820577728351127
2024-05-27 11:35:27,1506.0,-0.108205887658363
2024-05-27 11:35:28,1507.0,-0.10820598609489916
2024-05-27 11:35:29,1508.0,-0.10820607391696323
2024-05-27 11:35:30,1509.0,-0.10820615244839858
2024-05-27 11:35:31,1510.0,-0.10820622301304865
2024-05-27 11:35:32,1511.0,-0.10820628693475681
2024-05-27 11:35:33,1512.0,-0.10820634553736655
2024-05-27 11:35:34,1513.0,-0.10820640014472124
2024-05-27 11:35:35,1514.0,-0.1082064520806643
2024-05-27 11:35:36,1515.0,-0.10820650266903915
2024-05-27 11:35:37,1516.0,-0.1082065532336892
2024-05-27 11:35:38,1517.0,-0.10820660509845789
2024-05-27 11:35:39,1518.0,-0.10820665958718861
2024-05-27 11:35:40,1519.0,-0.1082067180237248
2024-05-27 11:35:41,1520.0,-0.10820678173190985
2024-05-27 11:35:42,1521.0,-0.10820685203558719
2024-05-27 11:35:43,1522.0,-0.10820693025860025
2024-05-27 11:35:44,1523.0,-0.10820701772479242
2024-05-27 11:35:45,1524.0,-0.10820711575800712
2024-05-27 11:35:46,1525.0,-0.1082072256820878
2024-05-27 11:35:47,1526.0,-0.10820734882087782
2024-05-27 11:35:48,1527.0,-0.10820748649822065
2024-05-27 11:35:49,1528.0,-0.10820764003795967
2024-05-27 11:35:50,1529.0,-0.10820781076393832
2024-05-27 11:35:51,1530.0,-0.10820800000000001
2024-05-27 11:35:52,1531.0,-0.10821000781718731
2024-05-27 11:35:53,1532.0,-0.10821546865849481
2024-05-27 11:35:54,1533.0,-0.10822413540569396
2024-05-27 11:35:55,1534.0,-0.10823576094055623
2024-05-27 11:35:56,1535.0,-0.10825009814485306
2024-05-27 11:35:57,1536.0,-0.1082668999003559
2024-05-27 11:35:58,1537.0,-0.1082859190888362
2024-05-27 11:35:59,1538.0,-0.1083069085920654
2024-05-27 11:36:00,1539.0,-0.10832962129181498
2024-05-27 11:36:01,1540.0,-0.10835381006985635
2024-05-27 11:36:02,1541.0,-0.10837922780796101
2024-05-27 11:36:03,1542.0,-0.10840562738790038
2024-05-27 11:36:04,1543.0,-0.10843276169144593
2024-05-27 11:36:05,1544.0,-0.10846038360036907
2024-05-27 11:36:06,1545.0,-0.1084882459964413
2024-05-27 11:36:07,1546.0,-0.10851610176143404
2024-05-27 11:36:08,1547.0,-0.10854370377711878
2024-05-27 11:36:09,1548.0,-0.10857080492526693
2024-05-27 11:36:10,1549.0,-0.10859715808764994
2024-05-27 11:36:11,1550.0,-0.1086225161460393
2024-05-27 11:36:12,1551.0,-0.10864663198220642
2024-05-27 11:36:13,1552.0,-0.10866925847792278
2024-05-27 11:36:14,1553.0,-0.10869014851495981
2024-05-27 11:36:15,1554.0,-0.10870905497508898
2024-05-27 11:36:16,1555.0,-0.10872573074008174
2024-05-27 11:36:17,1556.0,-0.10873992869170952
2024-05-27 11:36:18,1557.0,-0.10875140171174379
2024-05-27 11:36:19,1558.0,-0.108759902681956
2024-05-27 11:36:20,1559.0,-0.10876518448411758
2024-05-27 11:36:21,1560.0,-0.10876700000000002
2024-05-27 11:36:22,1561.0,-0.10876517807407408
2024-05-27 11:36:23,1562.0,-0.10875987792592594
2024-05-27 11:36:24,1563.0,-0.10875134800000001
2024-05-27 11:36:25,1564.0,-0.10873983674074075
2024-05-27 11:36:26,1565.0,-0.10872559259259261
2024-05-27 11:36:27,1566.0,-0.10870886400000002
2024-05-27 11:36:28,1567.0,-0.10868989940740742
2024-05-27 11:36:29,1568.0,-0.10866894725925928
2024-05-27 11:36:30,1569.0,-0.10864625600000001
2024-05-27 11:36:31,1570.0,-0.1086220740740741
2024-05-27 11:36:32,1571.0,-0.10859664992592595
2024-05-27 11:36:33,1572.0,-0.10857023200000002
2024-05-27 11:36:34,1573.0,-0.10854306874074075
2024-05-27 11:36:35,1574.0,-0.10851540859259261
2024-05-27 11:36:36,1575.0,-0.10848750000000001
2024-05-27 11:36:37,1576.0,-0.10845959140740742
2024-05-27 11:36:38,1577.0,-0.10843193125925926
2024-05-27 11:36:39,1578.0,-0.10840476800000001
2024-05-27 11:36:40,1579.0,-0.10837835007407409
2024-05-27 11:36:41,1580.0,-0.10835292592592595
2024-05-27 11:36:42,1581.0,-0.10832874400000002
2024-05-27 11:36:43,1582.0,-0.10830605274074075
2024-05-27 11:36:44,1583.0,-0.10828510059259261
2024-05-27 11:36:45,1584.0,-0.10826613600000001
2024-05-27 11:36:46,1585.0,-0.10824940740740742
2024-05-27 11:36:47,1586.0,-0.10823516325925928
2024-05-27 11:36:48,1587.0,-0.10822365200000002
2024-05-27 11:36:49,1588.0,-0.10821512207407409
2024-05-27 11:36:50,1589.0,-0.10820982192592594
2024-05-27 11:36:51,1590.0,-0.10820800000000001
2024-05-27 11:36:52,1591.0,-0.10820974361191628
2024-05-27 11:36:53,1592.0,-0.10821481961996782
2024-05-27 11:36:54,1593.0,-0.10822299578260872
2024-05-27 11:36:55,1594.0,-0.10823403985829308
2024-05-27 11:36:56,1595.0,-0.10824771960547505
2024-05-27 11:36:57,1596.0,-0.1082638027826087
2024-05-27 11:36:58,1597.0,-0.10828205714814816
2024-05-27 11:36:59,1598.0,-0.10830225046054752
2024-05-27 11:37:00,1599.0,-0.10832415047826088
2024-05-27 11:37:01,1600.0,-0.10834752495974236
2024-05-27 11:37:02,1601.0,-0.10837214166344607
2024-05-27 11:37:03,1602.0,-0.1083977683478261
2024-05-27 11:37:04,1603.0,-0.10842417277133656
2024-05-27 11:37:05,1604.0,-0.10845112269243157
2024-05-27 11:37:06,1605.0,-0.10847838586956524
2024-05-27 11:37:07,1606.0,-0.10850573006119164
2024-05-27 11:37:08,1607.0,-0.10853292302576491
2024-05-27 11:37:09,1608.0,-0.10855973252173914
2024-05-27 11:37:10,1609.0,-0.10858592630756846
2024-05-27 11:37:11,1610.0,-0.10861127214170695
2024-05-27 11:37:12,1611.0,-0.1086355377826087
2024-05-27 11:37:13,1612.0,-0.10865849098872787
2024-05-27 11:37:14,1613.0,-0.10867989951851853
2024-05-27 11:37:15,1614.0,-0.10869953113043479
2024-05-27 11:37:16,1615.0,-0.10871715358293077
2024-05-27 11:37:17,1616.0,-0.10873253463446057
2024-05-27 11:37:18,1617.0,-0.10874544204347827
2024-05-27 11:37:19,1618.0,-0.10875564356843802
2024-05-27 11:37:20,1619.0,-0.1087629069677939
2024-05-27 11:37:21,1620.0,-0.10876700000000002
2024-05-27 11:37:22,1621.0,-0.10876936889516911
2024-05-27 11:37:23,1622.0,-0.10877161800193239
2024-05-27 11:37:24,1623.0,-0.10877375225652176
2024-05-27 11:37:25,1624.0,-0.1087757765951691
2024-05-27 11:37:26,1625.0,-0.10877769595410629
2024-05-27 11:37:27,1626.0,-0.10877951526956522
2024-05-27 11:37:28,1627.0,-0.10878123947777779
2024-05-27 11:37:29,1628.0,-0.10878287351497586
2024-05-27 11:37:30,1629.0,-0.10878442231739133
2024-05-27 11:37:31,1630.0,-0.10878589082125606
2024-05-27 11:37:32,1631.0,-0.10878728396280195
2024-05-27 11:37:33,1632.0,-0.10878860667826087
2024-05-27 11:37:34,1633.0,-0.10878986390386475
2024-05-27 11:37:35,1634.0,-0.10879106057584544
2024-05-27 11:37:36,1635.0,-0.1087922016304348
2024-05-27 11:37:37,1636.0,-0.10879329200386476
2024-05-27 11:37:38,1637.0,-0.10879433663236718
2024-05-27 11:37:39,1638.0,-0.10879534045217393
2024-05-27 11:37:40,1639.0,-0.10879630839951691
2024-05-27 11:37:41,1640.0,-0.10879724541062803
2024-05-27 11:37:42,1641.0,-0.10879815642173915
2024-05-27 11:37:43,1642.0,-0.10879904636908215
2024-05-27 11:37:44,1643.0,-0.1087999201888889
2024-05-27 11:37:45,1644.0,-0.10880078281739132
2024-05-27 11:37:46,1645.0,-0.10880163919082127
2024-05-27 11:37:47,1646.0,-0.10880249424541065
2024-05-27 11:37:48,1647.0,-0.10880335291739132
2024-05-27 11:37:49,1648.0,-0.10880422014299518
2024-05-27 11:37:50,1649.0,-0.10880510085845412
2024-05-27 11:37:51,1650.0,-0.10880600000000001
2024-05-27 11:37:52,1651.0,-0.10880687421603535
2024-05-27 11:37:53,1652.0,-0.10880768083434345
2024-05-27 11:37:54,1653.0,-0.10880842581022729
2024-05-27 11:37:55,1654.0,-0.10880911509898991
2024-05-27 11:37:56,1655.0,-0.10880975465593434
2024-05-27 11:37:57,1656.0,-0.10881035043636365
2024-05-27 11:37:58,1657.0,-0.10881090839558082
2024-05-27 11:37:59,1658.0,-0.1088114344888889
2024-05-27 11:38:00,1659.0,-0.10881193467159092
2024-05-27 11:38:01,1660.0,-0.1088124148989899
2024-05-27 11:38:02,1661.0,-0.1088128811263889
2024-05-27 11:38:03,1662.0,-0.10881333930909093
2024-05-27 11:38:04,1663.0,-0.108813795402399
2024-05-27 11:38:05,1664.0,-0.10881425536161617
2024-05-27 11:38:06,1665.0,-0.10881472514204546
2024-05-27 11:38:07,1666.0,-0.1088152106989899
2024-05-27 11:38:08,1667.0,-0.10881571798775252
2024-05-27 11:38:09,1668.0,-0.10881625296363638
2024-05-27 11:38:10,1669.0,-0.10881682158194445
2024-05-27 11:38:11,1670.0,-0.1088174297979798
2024-05-27 11:38:12,1671.0,-0.10881808356704546
2024-05-27 11:38:13,1672.0,-0.10881878884444446
2024-05-27 11:38:14,1673.0,-0.1088195515854798
2024-05-27 11:38:15,1674.0,-0.10882037774545456
2024-05-27 11:38:16,1675.0,-0.10882127327967173
2024-05-27 11:38:17,1676.0,-0.10882224414343435
2024-05-27 11:38:18,1677.0,-0.10882329629204546
2024-05-27 11:38:19,1678.0,-0.10882443568080809
2024-05-27 11:38:20,1679.0,-0.10882566826502525
2024-05-27 11:38:21,1680.0,-0.10882700000000001
2024-05-27 11:38:22,1681.0,-0.10883305421647559
2024-05-27 11:38:23,1682.0,-0.1088480661634557
2024-05-27 11:38:24,1683.0,-0.108871459673634
2024-05-27 11:38:25,1684.0,-0.10890265857970413
2024-05-27 11:38:26,1685.0,-0.10894108671435979
2024-05-27 11:38:27,1686.0,-0.10898616791029458
2024-05-27 11:38:28,1687.0,-0.10903732600020223
2024-05-27 11:38:29,1688.0,-0.10909398481677636
2024-05-27 11:38:30,1689.0,-0.10915556819271066
2024-05-27 11:38:31,1690.0,-0.10922149996069874
2024-05-27 11:38:32,1691.0,-0.10929120395343432
2024-05-27 11:38:33,1692.0,-0.10936410400361103
2024-05-27 11:38:34,1693.0,-0.10943962394392255
2024-05-27 11:38:35,1694.0,-0.1095171876070625
2024-05-27 11:38:36,1695.0,-0.1095962188257246
2024-05-27 11:38:37,1696.0,-0.10967614143260246
2024-05-27 11:38:38,1697.0,-0.10975637926038977
2024-05-27 11:38:39,1698.0,-0.10983635614178018
2024-05-27 11:38:40,1699.0,-0.10991549590946736
2024-05-27 11:38:41,1700.0,-0.10999322239614497
2024-05-27 11:38:42,1701.0,-0.11006895943450666
2024-05-27 11:38:43,1702.0,-0.11014213085724611
2024-05-27 11:38:44,1703.0,-0.11021216049705697
2024-05-27 11:38:45,1704.0,-0.11027847218663289
2024-05-27 11:38:46,1705.0,-0.11034048975866756
2024-05-27 11:38:47,1706.0,-0.1103976370458546
2024-05-27 11:38:48,1707.0,-0.11044933788088772
2024-05-27 11:38:49,1708.0,-0.11049501609646054
2024-05-27 11:38:50,1709.0,-0.11053409552526675
2024-05-27 11:38:51,1710.0,-0.11056600000000001
2024-05-27 11:38:52,1711.0,-0.11059409660314234
2024-05-27 11:38:53,1712.0,-0.11062209649141827
2024-05-27 11:38:54,1713.0,-0.11064993960888501
2024-05-27 11:38:55,1714.0,-0.11067756589959997
2024-05-27 11:38:56,1715.0,-0.11070491530762035
2024-05-27 11:38:57,1716.0,-0.1107319277770035
2024-05-27 11:38:58,1717.0,-0.11075854325180669
2024-05-27 11:38:59,1718.0,-0.11078470167608724
2024-05-27 11:39:00,1719.0,-0.11081034299390245
2024-05-27 11:39:01,1720.0,-0.11083540714930959
2024-05-27 11:39:02,1721.0,-0.110859834086366
2024-05-27 11:39:03,1722.0,-0.11088356374912893
2024-05-27 11:39:04,1723.0,-0.1109065360816557
2024-05-27 11:39:05,1724.0,-0.11092869102800362
2024-05-27 11:39:06,1725.0,-0.11094996853222996
2024-05-27 11:39:07,1726.0,-0.11097030853839206
2024-05-27 11:39:08,1727.0,-0.11098965099054717
2024-05-27 11:39:09,1728.0,-0.11100793583275262
2024-05-27 11:39:10,1729.0,-0.11102510300906569
2024-05-27 11:39:11,1730.0,-0.11104109246354368
2024-05-27 11:39:12,1731.0,-0.11105584414024391
2024-05-27 11:39:13,1732.0,-0.11106929798322364
2024-05-27 11:39:14,1733.0,-0.11108139393654021
2024-05-27 11:39:15,1734.0,-0.11109207194425087
2024-05-27 11:39:16,1735.0,-0.11110127195041296
2024-05-27 11:39:17,1736.0,-0.11110893389908374
2024-05-27 11:39:18,1737.0,-0.11111499773432056
2024-05-27 11:39:19,1738.0,-0.11111940340018067
2024-05-27 11:39:20,1739.0,-0.11112209084072137
2024-05-27 11:39:21,1740.0,-0.111123
2024-05-27 11:39:22,1741.0,-0.11111572533333333
2024-05-27 11:39:23,1742.0,-0.11109456266666666
2024-05-27 11:39:24,1743.0,-0.11106050399999999
2024-05-27 11:39:25,1744.0,-0.11101454133333333
2024-05-27 11:39:26,1745.0,-0.11095766666666666
2024-05-27 11:39:27,1746.0,-0.11089087199999999
2024-05-27 11:39:28,1747.0,-0.11081514933333333
2024-05-27 11:39:29,1748.0,-0.11073149066666667
2024-05-27 11:39:30,1749.0,-0.11064088799999999
2024-05-27 11:39:31,1750.0,-0.11054433333333334
2024-05-27 11:39:32,1751.0,-0.11044281866666666
2024-05-27 11:39:33,1752.0,-0.11033733600000001
2024-05-27 11:39:34,1753.0,-0.11022887733333334
2024-05-27 11:39:35,1754.0,-0.11011843466666667
2024-05-27 11:39:36,1755.0,-0.11000700000000001
2024-05-27 11:39:37,1756.0,-0.10989556533333333
2024-05-27 11:39:38,1757.0,-0.10978512266666667
2024-05-27 11:39:39,1758.0,-0.10967666400000001
2024-05-27 11:39:40,1759.0,-0.10957118133333334
2024-05-27 11:39:41,1760.0,-0.10946966666666667
2024-05-27 11:39:42,1761.0,-0.109373112
2024-05-27 11:39:43,1762.0,-0.10928250933333333
2024-05-27 11:39:44,1763.0,-0.10919885066666667
2024-05-27 11:39:45,1764.0,-0.109123128
2024-05-27 11:39:46,1765.0,-0.10905633333333332
2024-05-27 11:39:47,1766.0,-0.10899945866666667
2024-05-27 11:39:48,1767.0,-0.108953496
2024-05-27 11:39:49,1768.0,-0.10891943733333333
2024-05-27 11:39:50,1769.0,-0.10889827466666667
2024-05-27 11:39:51,1770.0,-0.108891
2024-05-27 11:39:52,1771.0,-0.10889610617037038
2024-05-27 11:39:53,1772.0,-0.10891105647407408
2024-05-27 11:39:54,1773.0,-0.1089352986
2024-05-27 11:39:55,1774.0,-0.10896828023703703
2024-05-27 11:39:56,1775.0,-0.10900944907407407
2024-05-27 11:39:57,1776.0,-0.1090582528
2024-05-27 11:39:58,1777.0,-0.1091141391037037
2024-05-27 11:39:59,1778.0,-0.10917655567407408
2024-05-27 11:40:00,1779.0,-0.10924495020000001
2024-05-27 11:40:01,1780.0,-0.10931877037037037
2024-05-27 11:40:02,1781.0,-0.10939746387407406
2024-05-27 11:40:03,1782.0,-0.1094804784
2024-05-27 11:40:04,1783.0,-0.10956726163703703
2024-05-27 11:40:05,1784.0,-0.10965726127407407
2024-05-27 11:40:06,1785.0,-0.109749925
2024-05-27 11:40:07,1786.0,-0.1098447005037037
2024-05-27 11:40:08,1787.0,-0.10994103547407406
2024-05-27 11:40:09,1788.0,-0.11003837759999999
2024-05-27 11:40:10,1789.0,-0.11013617457037035
2024-05-27 11:40:11,1790.0,-0.11023387407407406
2024-05-27 11:40:12,1791.0,-0.1103309238
2024-05-27 11:40:13,1792.0,-0.11042677143703702
2024-05-27 11:40:14,1793.0,-0.11052086467407406
2024-05-27 11:40:15,1794.0,-0.1106126512
2024-05-27 11:40:16,1795.0,-0.11070157870370369
2024-05-27 11:40:17,1796.0,-0.11078709487407407
2024-05-27 11:40:18,1797.0,-0.11086864739999999
2024-05-27 11:40:19,1798.0,-0.11094568397037036
2024-05-27 11:40:20,1799.0,-0.11101765227407405
2024-05-27 11:40:21,1800.0,-0.11108399999999999
2024-05-27 11:40:22,1801.0,-0.11114866594814814
2024-05-27 11:40:23,1802.0,-0.1112157418074074
2024-05-27 11:40:24,1803.0,-0.11128490459999998
2024-05-27 11:40:25,1804.0,-0.11135583134814814
2024-05-27 11:40:26,1805.0,-0.11142819907407406
2024-05-27 11:40:27,1806.0,-0.11150168479999999
2024-05-27 11:40:28,1807.0,-0.11157596554814814
2024-05-27 11:40:29,1808.0,-0.11165071834074072
2024-05-27 11:40:30,1809.0,-0.11172562019999999
2024-05-27 11:40:31,1810.0,-0.11180034814814814
2024-05-27 11:40:32,1811.0,-0.11187457920740741
2024-05-27 11:40:33,1812.0,-0.11194799039999999
2024-05-27 11:40:34,1813.0,-0.11202025874814814
2024-05-27 11:40:35,1814.0,-0.11209106127407407
2024-05-27 11:40:36,1815.0,-0.11216007499999998
2024-05-27 11:40:37,1816.0,-0.11222697694814815
2024-05-27 11:40:38,1817.0,-0.11229144414074074
2024-05-27 11:40:39,1818.0,-0.1123531536
2024-05-27 11:40:40,1819.0,-0.11241178234814815
2024-05-27 11:40:41,1820.0,-0.11246700740740741
2024-05-27 11:40:42,1821.0,-0.1125185058
2024-05-27 11:40:43,1822.0,-0.11256595454814815
2024-05-27 11:40:44,1823.0,-0.11260903067407407
2024-05-27 11:40:45,1824.0,-0.11264741119999999
2024-05-27 11:40:46,1825.0,-0.11268077314814814
2024-05-27 11:40:47,1826.0,-0.11270879354074075
2024-05-27 11:40:48,1827.0,-0.1127311494
2024-05-27 11:40:49,1828.0,-0.11274751774814815
2024-05-27 11:40:50,1829.0,-0.1127575756074074
2024-05-27 11:40:51,1830.0,-0.112761
2024-05-27 11:40:52,1831.0,-0.11275373185185185
2024-05-27 11:40:53,1832.0,-0.11273258814814814
2024-05-27 11:40:54,1833.0,-0.11269856
2024-05-27 11:40:55,1834.0,-0.11265263851851852
2024-05-27 11:40:56,1835.0,-0.11259581481481482
2024-05-27 11:40:57,1836.0,-0.11252907999999999
2024-05-27 11:40:58,1837.0,-0.11245342518518518
2024-05-27 11:40:59,1838.0,-0.11236984148148148
2024-05-27 11:41:00,1839.0,-0.11227931999999999
2024-05-27 11:41:01,1840.0,-0.11218285185185185
2024-05-27 11:41:02,1841.0,-0.11208142814814814
2024-05-27 11:41:03,1842.0,-0.11197604
2024-05-27 11:41:04,1843.0,-0.1118676785185185
2024-05-27 11:41:05,1844.0,-0.11175733481481481
2024-05-27 11:41:06,1845.0,-0.111646
2024-05-27 11:41:07,1846.0,-0.11153466518518518
2024-05-27 11:41:08,1847.0,-0.11142432148148147
2024-05-27 11:41:09,1848.0,-0.11131596
2024-05-27 11:41:10,1849.0,-0.11121057185185185
2024-05-27 11:41:11,1850.0,-0.11110914814814815
2024-05-27 11:41:12,1851.0,-0.11101267999999999
2024-05-27 11:41:13,1852.0,-0.11092215851851851
2024-05-27 11:41:14,1853.0,-0.11083857481481481
2024-05-27 11:41:15,1854.0,-0.11076291999999999
2024-05-27 11:41:16,1855.0,-0.11069618518518518
2024-05-27 11:41:17,1856.0,-0.11063936148148147
2024-05-27 11:41:18,1857.0,-0.11059344
2024-05-27 11:41:19,1858.0,-0.11055941185185184
2024-05-27 11:41:20,1859.0,-0.11053826814814814
2024-05-27 11:41:21,1860.0,-0.11053099999999999
2024-05-27 11:41:22,1861.0,-0.11053449063053937
2024-05-27 11:41:23,1862.0,-0.11054474312484174
2024-05-27 11:41:24,1863.0,-0.11056142838693339
2024-05-27 11:41:25,1864.0,-0.11058421732084071
2024-05-27 11:41:26,1865.0,-0.11061278083059001
2024-05-27 11:41:27,1866.0,-0.11064678982020765
2024-05-27 11:41:28,1867.0,-0.11068591519371991
2024-05-27 11:41:29,1868.0,-0.11072982785515319
2024-05-27 11:41:30,1869.0,-0.11077819870853381
2024-05-27 11:41:31,1870.0,-0.11083069865788807
2024-05-27 11:41:32,1871.0,-0.11088699860724234
2024-05-27 11:41:33,1872.0,-0.11094676946062294
2024-05-27 11:41:34,1873.0,-0.11100968212205621
2024-05-27 11:41:35,1874.0,-0.1110754074955685
2024-05-27 11:41:36,1875.0,-0.11114361648518611
2024-05-27 11:41:37,1876.0,-0.11121397999493543
2024-05-27 11:41:38,1877.0,-0.11128616892884274
2024-05-27 11:41:39,1878.0,-0.1113598541909344
2024-05-27 11:41:40,1879.0,-0.11143470668523676
2024-05-27 11:41:41,1880.0,-0.11151039731577614
2024-05-27 11:41:42,1881.0,-0.11158659698657888
2024-05-27 11:41:43,1882.0,-0.11166297660167131
2024-05-27 11:41:44,1883.0,-0.11173920706507977
2024-05-27 11:41:45,1884.0,-0.1118149592808306
2024-05-27 11:41:46,1885.0,-0.11188990415295012
2024-05-27 11:41:47,1886.0,-0.11196371258546468
2024-05-27 11:41:48,1887.0,-0.11203605548240061
2024-05-27 11:41:49,1888.0,-0.11210660374778426
2024-05-27 11:41:50,1889.0,-0.11217502828564194
2024-05-27 11:41:51,1890.0,-0.11224100000000001
2024-05-27 11:41:52,1891.0,-0.11230869586250622
2024-05-27 11:41:53,1892.0,-0.11238213610406762
2024-05-27 11:41:54,1893.0,-0.1124607565175994
2024-05-27 11:41:55,1894.0,-0.11254399289601681
2024-05-27 11:41:56,1895.0,-0.11263128103223508
2024-05-27 11:41:57,1896.0,-0.11272205671916942
2024-05-27 11:41:58,1897.0,-0.11281575574973506
2024-05-27 11:41:59,1898.0,-0.11291181391684721
2024-05-27 11:42:00,1899.0,-0.11300966701342112
2024-05-27 11:42:01,1900.0,-0.11310875083237201
2024-05-27 11:42:02,1901.0,-0.1132085011666151
2024-05-27 11:42:03,1902.0,-0.11330835380906559
2024-05-27 11:42:04,1903.0,-0.11340774455263873
2024-05-27 11:42:05,1904.0,-0.11350610919024977
2024-05-27 11:42:06,1905.0,-0.11360288351481387
2024-05-27 11:42:07,1906.0,-0.11369750331924632
2024-05-27 11:42:08,1907.0,-0.1137894043964623
2024-05-27 11:42:09,1908.0,-0.11387802253937707
2024-05-27 11:42:10,1909.0,-0.1139627935409058
2024-05-27 11:42:11,1910.0,-0.11404315319396378
2024-05-27 11:42:12,1911.0,-0.1141185372914662
2024-05-27 11:42:13,1912.0,-0.11418838162632827
2024-05-27 11:42:14,1913.0,-0.11425212199146526
2024-05-27 11:42:15,1914.0,-0.11430919417979236
2024-05-27 11:42:16,1915.0,-0.1143590339842248
2024-05-27 11:42:17,1916.0,-0.11440107719767781
2024-05-27 11:42:18,1917.0,-0.1144347596130666
2024-05-27 11:42:19,1918.0,-0.11445951702330641
2024-05-27 11:42:20,1919.0,-0.11447478522131246
2024-05-27 11:42:21,1920.0,-0.11448
2024-05-27 11:42:22,1921.0,-0.11447817807407407
2024-05-27 11:42:23,1922.0,-0.11447287792592592
2024-05-27 11:42:24,1923.0,-0.114464348
2024-05-27 11:42:25,1924.0,-0.11445283674074073
2024-05-27 11:42:26,1925.0,-0.11443859259259259
2024-05-27 11:42:27,1926.0,-0.114421864
2024-05-27 11:42:28,1927.0,-0.1144028994074074
2024-05-27 11:42:29,1928.0,-0.11438194725925926
2024-05-27 11:42:30,1929.0,-0.11435925599999999
2024-05-27 11:42:31,1930.0,-0.11433507407407408
2024-05-27 11:42:32,1931.0,-0.11430964992592593
2024-05-27 11:42:33,1932.0,-0.114283232
2024-05-27 11:42:34,1933.0,-0.11425606874074073
2024-05-27 11:42:35,1934.0,-0.11422840859259259
2024-05-27 11:42:36,1935.0,-0.11420049999999998
2024-05-27 11:42:37,1936.0,-0.1141725914074074
2024-05-27 11:42:38,1937.0,-0.11414493125925924
2024-05-27 11:42:39,1938.0,-0.114117768
2024-05-27 11:42:40,1939.0,-0.11409135007407407
2024-05-27 11:42:41,1940.0,-0.11406592592592593
2024-05-27 11:42:42,1941.0,-0.114041744
2024-05-27 11:42:43,1942.0,-0.11401905274074073
2024-05-27 11:42:44,1943.0,-0.11399810059259259
2024-05-27 11:42:45,1944.0,-0.113979136
2024-05-27 11:42:46,1945.0,-0.1139624074074074
2024-05-27 11:42:47,1946.0,-0.11394816325925926
2024-05-27 11:42:48,1947.0,-0.113936652
2024-05-27 11:42:49,1948.0,-0.11392812207407407
2024-05-27 11:42:50,1949.0,-0.11392282192592593
2024-05-27 11:42:51,1950.0,-0.113921
2024-05-27 11:42:52,1951.0,-0.1139228154074074
2024-05-27 11:42:53,1952.0,-0.11392809659259259
2024-05-27 11:42:54,1953.0,-0.113936596
2024-05-27 11:42:55,1954.0,-0.11394806607407407
2024-05-27 11:42:56,1955.0,-0.11396225925925925
2024-05-27 11:42:57,1956.0,-0.113978928
2024-05-27 11:42:58,1957.0,-0.11399782474074074
2024-05-27 11:42:59,1958.0,-0.11401870192592592
2024-05-27 11:43:00,1959.0,-0.11404131199999999
2024-05-27 11:43:01,1960.0,-0.11406540740740741
2024-05-27 11:43:02,1961.0,-0.1140907405925926
2024-05-27 11:43:03,1962.0,-0.11411706399999999
2024-05-27 11:43:04,1963.0,-0.11414413007407406
2024-05-27 11:43:05,1964.0,-0.11417169125925924
2024-05-27 11:43:06,1965.0,-0.11419949999999998
2024-05-27 11:43:07,1966.0,-0.11422730874074075
2024-05-27 11:43:08,1967.0,-0.11425486992592591
2024-05-27 11:43:09,1968.0,-0.114281936
2024-05-27 11:43:10,1969.0,-0.11430825940740741
2024-05-27 11:43:11,1970.0,-0.11433359259259258
2024-05-27 11:43:12,1971.0,-0.114357688
2024-05-27 11:43:13,1972.0,-0.11438029807407407
2024-05-27 11:43:14,1973.0,-0.11440117525925925
2024-05-27 11:43:15,1974.0,-0.114420072
2024-05-27 11:43:16,1975.0,-0.11443674074074073
2024-05-27 11:43:17,1976.0,-0.11445093392592592
2024-05-27 11:43:18,1977.0,-0.11446240399999999
2024-05-27 11:43:19,1978.0,-0.1144709034074074
2024-05-27 11:43:20,1979.0,-0.11447618459259258
2024-05-27 11:43:21,1980.0,-0.114478
2024-05-27 11:43:22,1981.0,-0.11447435940740741
2024-05-27 11:43:23,1982.0,-0.1144637685925926
2024-05-27 11:43:24,1983.0,-0.114446724
2024-05-27 11:43:25,1984.0,-0.11442372207407406
2024-05-27 11:43:26,1985.0,-0.11439525925925925
2024-05-27 11:43:27,1986.0,-0.114361832
2024-05-27 11:43:28,1987.0,-0.11432393674074073
2024-05-27 11:43:29,1988.0,-0.11428206992592592
2024-05-27 11:43:30,1989.0,-0.114236728
2024-05-27 11:43:31,1990.0,-0.1141884074074074
2024-05-27 11:43:32,1991.0,-0.11413760459259258
2024-05-27 11:43:33,1992.0,-0.11408481599999999
2024-05-27 11:43:34,1993.0,-0.11403053807407407
2024-05-27 11:43:35,1994.0,-0.11397526725925926
2024-05-27 11:43:36,1995.0,-0.11391949999999998
2024-05-27 11:43:37,1996.0,-0.11386373274074074
2024-05-27 11:43:38,1997.0,-0.11380846192592592
2024-05-27 11:43:39,1998.0,-0.113754184
2024-05-27 11:43:40,1999.0,-0.11370139540740741
2024-05-27 11:43:41,2000.0,-0.11365059259259258
2024-05-27 11:43:42,2001.0,-0.11360227199999999
2024-05-27 11:43:43,2002.0,-0.11355693007407407
2024-05-27 11:43:44,2003.0,-0.11351506325925925
2024-05-27 11:43:45,2004.0,-0.11347716799999999
2024-05-27 11:43:46,2005.0,-0.11344374074074072
2024-05-27 11:43:47,2006.0,-0.11341527792592591
2024-05-27 11:43:48,2007.0,-0.113392276
2024-05-27 11:43:49,2008.0,-0.1133752314074074
2024-05-27 11:43:50,2009.0,-0.11336464059259259
2024-05-27 11:43:51,2010.0,-0.11336099999999999
2024-05-27 11:43:52,2011.0,-0.11336099999999999
2024-05-27 11:43:53,2012.0,-0.11336099999999999
2024-05-27 11:43:54,2013.0,-0.11336099999999999
2024-05-27 11:43:55,2014.0,-0.11336099999999999
2024-05-27 11:43:56,2015.0,-0.11336099999999999
2024-05-27 11:43:57,2016.0,-0.11336099999999999
2024-05-27 11:43:58,2017.0,-0.11336099999999999
2024-05-27 11:43:59,2018.0,-0.11336099999999999
2024-05-27 11:44:00,2019.0,-0.11336099999999999
2024-05-27 11:44:01,2020.0,-0.11336099999999999
2024-05-27 11:44:02,2021.0,-0.11336099999999999
2024-05-27 11:44:03,2022.0,-0.11336099999999999
2024-05-27 11:44:04,2023.0,-0.11336099999999999
2024-05-27 11:44:05,2024.0,-0.11336099999999999
2024-05-27 11:44:06,2025.0,-0.11336099999999999
2024-05-27 11:44:07,2026.0,-0.11336099999999999
2024-05-27 11:44:08,2027.0,-0.11336099999999999
2024-05-27 11:44:09,2028.0,-0.11336099999999999
2024-05-27 11:44:10,2029.0,-0.11336099999999999
2024-05-27 11:44:11,2030.0,-0.11336099999999999
2024-05-27 11:44:12,2031.0,-0.11336099999999999
2024-05-27 11:44:13,2032.0,-0.11336099999999999
2024-05-27 11:44:14,2033.0,-0.11336099999999999
2024-05-27 11:44:15,2034.0,-0.11336099999999999
2024-05-27 11:44:16,2035.0,-0.11336099999999999
2024-05-27 11:44:17,2036.0,-0.11336099999999999
2024-05-27 11:44:18,2037.0,-0.11336099999999999
2024-05-27 11:44:19,2038.0,-0.11336099999999999
2024-05-27 11:44:20,2039.0,-0.11336099999999999
2024-05-27 11:44:21,2040.0,-0.11336099999999999
2024-05-27 11:44:22,2041.0,-0.11336202368781176
2024-05-27 11:44:23,2042.0,-0.11336503937668299
2024-05-27 11:44:24,2043.0,-0.11336996400476756
2024-05-27 11:44:25,2044.0,-0.11337671451021938
2024-05-27 11:44:26,2045.0,-0.11338520783119233
2024-05-27 11:44:27,2046.0,-0.11339536090584028
2024-05-27 11:44:28,2047.0,-0.11340709067231712
2024-05-27 11:44:29,2048.0,-0.11342031406877676
2024-05-27 11:44:30,2049.0,-0.11343494803337305
2024-05-27 11:44:31,2050.0,-0.11345090950425991
2024-05-27 11:44:32,2051.0,-0.11346811541959122
2024-05-27 11:44:33,2052.0,-0.11348648271752086
2024-05-27 11:44:34,2053.0,-0.1135059283362027
2024-05-27 11:44:35,2054.0,-0.11352636921379067
2024-05-27 11:44:36,2055.0,-0.11354772228843861
2024-05-27 11:44:37,2056.0,-0.11356990449830044
2024-05-27 11:44:38,2057.0,-0.11359283278153004
2024-05-27 11:44:39,2058.0,-0.11361642407628128
2024-05-27 11:44:40,2059.0,-0.11364059532070807
2024-05-27 11:44:41,2060.0,-0.11366526345296428
2024-05-27 11:44:42,2061.0,-0.11369034541120382
2024-05-27 11:44:43,2062.0,-0.11371575813358054
2024-05-27 11:44:44,2063.0,-0.11374141855824835
2024-05-27 11:44:45,2064.0,-0.11376724362336113
2024-05-27 11:44:46,2065.0,-0.11379315026707278
2024-05-27 11:44:47,2066.0,-0.11381905542753719
2024-05-27 11:44:48,2067.0,-0.11384487604290823
2024-05-27 11:44:49,2068.0,-0.11387052905133976
2024-05-27 11:44:50,2069.0,-0.11389593139098574
2024-05-27 11:44:51,2070.0,-0.113921
2024-05-27 11:44:52,2071.0,-0.11394788727568092
2024-05-27 11:44:53,2072.0,-0.11397858028199354
2024-05-27 11:44:54,2073.0,-0.11401274795709178
2024-05-27 11:44:55,2074.0,-0.11405005923912948
2024-05-27 11:44:56,2075.0,-0.11409018306626054
2024-05-27 11:44:57,2076.0,-0.11413278837663884
2024-05-27 11:44:58,2077.0,-0.11417754410841831
2024-05-27 11:44:59,2078.0,-0.11422411919975278
2024-05-27 11:45:00,2079.0,-0.11427218258879618
2024-05-27 11:45:01,2080.0,-0.11432140321370236
2024-05-27 11:45:02,2081.0,-0.11437145001262526
2024-05-27 11:45:03,2082.0,-0.11442199192371873
2024-05-27 11:45:04,2083.0,-0.11447269788513663
2024-05-27 11:45:05,2084.0,-0.11452323683503289
2024-05-27 11:45:06,2085.0,-0.11457327771156138
2024-05-27 11:45:07,2086.0,-0.114622489452876
2024-05-27 11:45:08,2087.0,-0.11467054099713063
2024-05-27 11:45:09,2088.0,-0.11471710128247914
2024-05-27 11:45:10,2089.0,-0.11476183924707543
2024-05-27 11:45:11,2090.0,-0.11480442382907342
2024-05-27 11:45:12,2091.0,-0.11484452396662694
2024-05-27 11:45:13,2092.0,-0.1148818085978899
2024-05-27 11:45:14,2093.0,-0.1149159466610162
2024-05-27 11:45:15,2094.0,-0.11494660709415971
2024-05-27 11:45:16,2095.0,-0.11497345883547434
2024-05-27 11:45:17,2096.0,-0.11499617082311395
2024-05-27 11:45:18,2097.0,-0.11501441199523242
2024-05-27 11:45:19,2098.0,-0.11502785128998366
2024-05-27 11:45:20,2099.0,-0.11503615764552157
2024-05-27 11:45:21,2100.0,-0.115039
2024-05-27 11:45:22,2101.0,-0.11503535614814815
2024-05-27 11:45:23,2102.0,-0.11502475585185186
2024-05-27 11:45:24,2103.0,-0.115007696
2024-05-27 11:45:25,2104.0,-0.11498467348148148
2024-05-27 11:45:26,2105.0,-0.11495618518518519
2024-05-27 11:45:27,2106.0,-0.114922728
2024-05-27 11:45:28,2107.0,-0.11488479881481481
2024-05-27 11:45:29,2108.0,-0.11484289451851852
2024-05-27 11:45:30,2109.0,-0.114797512
2024-05-27 11:45:31,2110.0,-0.11474914814814814
2024-05-27 11:45:32,2111.0,-0.11469829985185186
2024-05-27 11:45:33,2112.0,-0.114645464
2024-05-27 11:45:34,2113.0,-0.11459113748148148
2024-05-27 11:45:35,2114.0,-0.11453581718518518
2024-05-27 11:45:36,2115.0,-0.11448
2024-05-27 11:45:37,2116.0,-0.11442418281481481
2024-05-27 11:45:38,2117.0,-0.11436886251851852
2024-05-27 11:45:39,2118.0,-0.11431453600000001
2024-05-27 11:45:40,2119.0,-0.11426170014814814
2024-05-27 11:45:41,2120.0,-0.11421085185185184
2024-05-27 11:45:42,2121.0,-0.11416248799999999
2024-05-27 11:45:43,2122.0,-0.11411710548148148
2024-05-27 11:45:44,2123.0,-0.11407520118518519
2024-05-27 11:45:45,2124.0,-0.114037272
2024-05-27 11:45:46,2125.0,-0.11400381481481481
2024-05-27 11:45:47,2126.0,-0.11397532651851852
2024-05-27 11:45:48,2127.0,-0.11395230399999999
2024-05-27 11:45:49,2128.0,-0.11393524414814814
2024-05-27 11:45:50,2129.0,-0.11392464385185185
2024-05-27 11:45:51,2130.0,-0.113921
2024-05-27 11:45:52,2131.0,-0.113921
2024-05-27 11:45:53,2132.0,-0.113921
2024-05-27 11:45:54,2133.0,-0.113921
2024-05-27 11:45:55,2134.0,-0.113921
2024-05-27 11:45:56,2135.0,-0.113921
2024-05-27 11:45:57,2136.0,-0.113921
2024-05-27 11:45:58,2137.0,-0.113921
2024-05-27 11:45:59,2138.0,-0.113921
2024-05-27 11:46:00,2139.0,-0.113921
2024-05-27 11:46:01,2140.0,-0.113921
2024-05-27 11:46:02,2141.0,-0.113921
2024-05-27 11:46:03,2142.0,-0.113921
2024-05-27 11:46:04,2143.0,-0.113921
2024-05-27 11:46:05,2144.0,-0.113921
2024-05-27 11:46:06,2145.0,-0.113921
2024-05-27 11:46:07,2146.0,-0.113921
2024-05-27 11:46:08,2147.0,-0.113921
2024-05-27 11:46:09,2148.0,-0.113921
2024-05-27 11:46:10,2149.0,-0.113921
2024-05-27 11:46:11,2150.0,-0.113921
2024-05-27 11:46:12,2151.0,-0.113921
2024-05-27 11:46:13,2152.0,-0.113921
2024-05-27 11:46:14,2153.0,-0.113921
2024-05-27 11:46:15,2154.0,-0.113921
2024-05-27 11:46:16,2155.0,-0.113921
2024-05-27 11:46:17,2156.0,-0.113921
2024-05-27 11:46:18,2157.0,-0.113921
2024-05-27 11:46:19,2158.0,-0.113921
2024-05-27 11:46:20,2159.0,-0.113921
2024-05-27 11:46:21,2160.0,-0.113921
2024-05-27 11:46:22,2161.0,-0.11392463844636587
2024-05-27 11:46:23,2162.0,-0.11393522311853177
2024-05-27 11:46:24,2163.0,-0.11395225801610018
2024-05-27 11:46:25,2164.0,-0.11397524713867355
2024-05-27 11:46:26,2165.0,-0.11400369448585436
2024-05-27 11:46:27,2166.0,-0.11403710405724507
2024-05-27 11:46:28,2167.0,-0.11407497985244815
2024-05-27 11:46:29,2168.0,-0.11411682587106606
2024-05-27 11:46:30,2169.0,-0.11416214611270126
2024-05-27 11:46:31,2170.0,-0.1142104445769562
2024-05-27 11:46:32,2171.0,-0.11426122526343337
2024-05-27 11:46:33,2172.0,-0.11431399217173523
2024-05-27 11:46:34,2173.0,-0.11436824930146426
2024-05-27 11:46:35,2174.0,-0.11442350065222288
2024-05-27 11:46:36,2175.0,-0.11447925022361359
2024-05-27 11:46:37,2176.0,-0.11453500201523885
2024-05-27 11:46:38,2177.0,-0.11459026002670111
2024-05-27 11:46:39,2178.0,-0.11464452825760287
2024-05-27 11:46:40,2179.0,-0.11469731070754655
2024-05-27 11:46:41,2180.0,-0.11474811137613462
2024-05-27 11:46:42,2181.0,-0.1147964342629696
2024-05-27 11:46:43,2182.0,-0.11484178336765388
2024-05-27 11:46:44,2183.0,-0.11488366268978997
2024-05-27 11:46:45,2184.0,-0.11492157622898033
2024-05-27 11:46:46,2185.0,-0.1149550279848274
2024-05-27 11:46:47,2186.0,-0.11498352195693368
2024-05-27 11:46:48,2187.0,-0.11500656214490161
2024-05-27 11:46:49,2188.0,-0.11502365254833366
2024-05-27 11:46:50,2189.0,-0.1150342971668323
2024-05-27 11:46:51,2190.0,-0.115038
2024-05-27 11:46:52,2191.0,-0.11503806549983436
2024-05-27 11:46:53,2192.0,-0.11503812878499967
2024-05-27 11:46:54,2193.0,-0.1150381898550984
2024-05-27 11:46:55,2194.0,-0.115038248709733
2024-05-27 11:46:56,2195.0,-0.11503830534850594
2024-05-27 11:46:57,2196.0,-0.11503835977101967
2024-05-27 11:46:58,2197.0,-0.1150384119768767
2024-05-27 11:46:59,2198.0,-0.11503846196567945
2024-05-27 11:47:00,2199.0,-0.11503850973703042
2024-05-27 11:47:01,2200.0,-0.11503855529053203
2024-05-27 11:47:02,2201.0,-0.11503859862578679
2024-05-27 11:47:03,2202.0,-0.11503863974239714
2024-05-27 11:47:04,2203.0,-0.11503867863996554
2024-05-27 11:47:05,2204.0,-0.11503871531809448
2024-05-27 11:47:06,2205.0,-0.1150387497763864
2024-05-27 11:47:07,2206.0,-0.11503878201444379
2024-05-27 11:47:08,2207.0,-0.11503881203186907
2024-05-27 11:47:09,2208.0,-0.11503883982826477
2024-05-27 11:47:10,2209.0,-0.1150388654032333
2024-05-27 11:47:11,2210.0,-0.11503888875637712
2024-05-27 11:47:12,2211.0,-0.11503890988729876
2024-05-27 11:47:13,2212.0,-0.11503892879560061
2024-05-27 11:47:14,2213.0,-0.11503894548088517
2024-05-27 11:47:15,2214.0,-0.11503895994275494
2024-05-27 11:47:16,2215.0,-0.11503897218081231
2024-05-27 11:47:17,2216.0,-0.11503898219465979
2024-05-27 11:47:18,2217.0,-0.11503898998389982
2024-05-27 11:47:19,2218.0,-0.11503899554813489
2024-05-27 11:47:20,2219.0,-0.11503899888696746
2024-05-27 11:47:21,2220.0,-0.115039
2024-05-27 11:47:22,2221.0,-0.115039
2024-05-27 11:47:23,2222.0,-0.115039
2024-05-27 11:47:24,2223.0,-0.115039
2024-05-27 11:47:25,2224.0,-0.115039
2024-05-27 11:47:26,2225.0,-0.115039
2024-05-27 11:47:27,2226.0,-0.115039
2024-05-27 11:47:28,2227.0,-0.115039
2024-05-27 11:47:29,2228.0,-0.115039
2024-05-27 11:47:30,2229.0,-0.115039
2024-05-27 11:47:31,2230.0,-0.115039
2024-05-27 11:47:32,2231.0,-0.115039
2024-05-27 11:47:33,2232.0,-0.115039
2024-05-27 11:47:34,2233.0,-0.115039
2024-05-27 11:47:35,2234.0,-0.115039
2024-05-27 11:47:36,2235.0,-0.115039
2024-05-27 11:47:37,2236.0,-0.115039
2024-05-27 11:47:38,2237.0,-0.115039
2024-05-27 11:47:39,2238.0,-0.115039
2024-05-27 11:47:40,2239.0,-0.115039
2024-05-27 11:47:41,2240.0,-0.115039
2024-05-27 11:47:42,2241.0,-0.115039
2024-05-27 11:47:43,2242.0,-0.115039
2024-05-27 11:47:44,2243.0,-0.115039
2024-05-27 11:47:45,2244.0,-0.115039
2024-05-27 11:47:46,2245.0,-0.115039
2024-05-27 11:47:47,2246.0,-0.115039
2024-05-27 11:47:48,2247.0,-0.115039
2024-05-27 11:47:49,2248.0,-0.115039
2024-05-27 11:47:50,2249.0,-0.115039
2024-05-27 11:47:51,2250.0,-0.115039
2024-05-27 11:47:52,2251.0,-0.11504263733333334
2024-05-27 11:47:53,2252.0,-0.11505321866666667
2024-05-27 11:47:54,2253.0,-0.115070248
2024-05-27 11:47:55,2254.0,-0.11509322933333332
2024-05-27 11:47:56,2255.0,-0.11512166666666666
2024-05-27 11:47:57,2256.0,-0.115155064
2024-05-27 11:47:58,2257.0,-0.11519292533333335
2024-05-27 11:47:59,2258.0,-0.11523475466666667
2024-05-27 11:48:00,2259.0,-0.115280056
2024-05-27 11:48:01,2260.0,-0.11532833333333334
2024-05-27 11:48:02,2261.0,-0.11537909066666667
2024-05-27 11:48:03,2262.0,-0.115431832
2024-05-27 11:48:04,2263.0,-0.11548606133333335
2024-05-27 11:48:05,2264.0,-0.11554128266666666
2024-05-27 11:48:06,2265.0,-0.115597
2024-05-27 11:48:07,2266.0,-0.11565271733333334
2024-05-27 11:48:08,2267.0,-0.11570793866666668
2024-05-27 11:48:09,2268.0,-0.115762168
2024-05-27 11:48:10,2269.0,-0.11581490933333334
2024-05-27 11:48:11,2270.0,-0.11586566666666667
2024-05-27 11:48:12,2271.0,-0.115913944
2024-05-27 11:48:13,2272.0,-0.11595924533333334
2024-05-27 11:48:14,2273.0,-0.11600107466666668
2024-05-27 11:48:15,2274.0,-0.11603893600000001
2024-05-27 11:48:16,2275.0,-0.11607233333333333
2024-05-27 11:48:17,2276.0,-0.11610077066666667
2024-05-27 11:48:18,2277.0,-0.11612375200000001
2024-05-27 11:48:19,2278.0,-0.11614078133333335
2024-05-27 11:48:20,2279.0,-0.11615136266666667
2024-05-27 11:48:21,2280.0,-0.11615500000000001
2024-05-27 11:48:22,2281.0,-0.11615136266666667
2024-05-27 11:48:23,2282.0,-0.11614078133333335
2024-05-27 11:48:24,2283.0,-0.11612375200000001
2024-05-27 11:48:25,2284.0,-0.11610077066666669
2024-05-27 11:48:26,2285.0,-0.11607233333333335
2024-05-27 11:48:27,2286.0,-0.11603893600000001
2024-05-27 11:48:28,2287.0,-0.11600107466666666
2024-05-27 11:48:29,2288.0,-0.11595924533333334
2024-05-27 11:48:30,2289.0,-0.115913944
2024-05-27 11:48:31,2290.0,-0.11586566666666667
2024-05-27 11:48:32,2291.0,-0.11581490933333334
2024-05-27 11:48:33,2292.0,-0.11576216800000001
2024-05-27 11:48:34,2293.0,-0.11570793866666666
2024-05-27 11:48:35,2294.0,-0.11565271733333335
2024-05-27 11:48:36,2295.0,-0.115597
2024-05-27 11:48:37,2296.0,-0.11554128266666668
2024-05-27 11:48:38,2297.0,-0.11548606133333333
2024-05-27 11:48:39,2298.0,-0.11543183200000001
2024-05-27 11:48:40,2299.0,-0.11537909066666667
2024-05-27 11:48:41,2300.0,-0.11532833333333334
2024-05-27 11:48:42,2301.0,-0.115280056
2024-05-27 11:48:43,2302.0,-0.11523475466666667
2024-05-27 11:48:44,2303.0,-0.11519292533333333
2024-05-27 11:48:45,2304.0,-0.115155064
2024-05-27 11:48:46,2305.0,-0.11512166666666668
2024-05-27 11:48:47,2306.0,-0.11509322933333334
2024-05-27 11:48:48,2307.0,-0.115070248
2024-05-27 11:48:49,2308.0,-0.11505321866666667
2024-05-27 11:48:50,2309.0,-0.11504263733333334
2024-05-27 11:48:51,2310.0,-0.115039
2024-05-27 11:48:52,2311.0,-0.115039
2024-05-27 11:48:53,2312.0,-0.115039
2024-05-27 11:48:54,2313.0,-0.115039
2024-05-27 11:48:55,2314.0,-0.115039
2024-05-27 11:48:56,2315.0,-0.115039
2024-05-27 11:48:57,2316.0,-0.115039
2024-05-27 11:48:58,2317.0,-0.115039
2024-05-27 11:48:59,2318.0,-0.115039
2024-05-27 11:49:00,2319.0,-0.115039
2024-05-27 11:49:01,2320.0,-0.115039
2024-05-27 11:49:02,2321.0,-0.115039
2024-05-27 11:49:03,2322.0,-0.115039
2024-05-27 11:49:04,2323.0,-0.115039
2024-05-27 11:49:05,2324.0,-0.115039
2024-05-27 11:49:06,2325.0,-0.115039
2024-05-27 11:49:07,2326.0,-0.115039
2024-05-27 11:49:08,2327.0,-0.115039
2024-05-27 11:49:09,2328.0,-0.115039
2024-05-27 11:49:10,2329.0,-0.115039
2024-05-27 11:49:11,2330.0,-0.115039
2024-05-27 11:49:12,2331.0,-0.115039
2024-05-27 11:49:13,2332.0,-0.115039
2024-05-27 11:49:14,2333.0,-0.115039
2024-05-27 11:49:15,2334.0,-0.115039
2024-05-27 11:49:16,2335.0,-0.115039
2024-05-27 11:49:17,2336.0,-0.115039
2024-05-27 11:49:18,2337.0,-0.115039
2024-05-27 11:49:19,2338.0,-0.115039
2024-05-27 11:49:20,2339.0,-0.115039
2024-05-27 11:49:21,2340.0,-0.115039
2024-05-27 11:49:22,2341.0,-0.11504446251851852
2024-05-27 11:49:23,2342.0,-0.11506035348148148
2024-05-27 11:49:24,2343.0,-0.115085928
2024-05-27 11:49:25,2344.0,-0.11512044118518519
2024-05-27 11:49:26,2345.0,-0.11516314814814815
2024-05-27 11:49:27,2346.0,-0.115213304
2024-05-27 11:49:28,2347.0,-0.11527016385185186
2024-05-27 11:49:29,2348.0,-0.11533298281481481
2024-05-27 11:49:30,2349.0,-0.115401016
2024-05-27 11:49:31,2350.0,-0.11547351851851852
2024-05-27 11:49:32,2351.0,-0.11554974548148149
2024-05-27 11:49:33,2352.0,-0.11562895200000001
2024-05-27 11:49:34,2353.0,-0.1157103931851852
2024-05-27 11:49:35,2354.0,-0.11579332414814815
2024-05-27 11:49:36,2355.0,-0.11587700000000001
2024-05-27 11:49:37,2356.0,-0.11596067585185187
2024-05-27 11:49:38,2357.0,-0.11604360681481482
2024-05-27 11:49:39,2358.0,-0.11612504800000001
2024-05-27 11:49:40,2359.0,-0.11620425451851854
2024-05-27 11:49:41,2360.0,-0.11628048148148148
2024-05-27 11:49:42,2361.0,-0.116352984
2024-05-27 11:49:43,2362.0,-0.11642101718518519
2024-05-27 11:49:44,2363.0,-0.11648383614814817
2024-05-27 11:49:45,2364.0,-0.11654069600000001
2024-05-27 11:49:46,2365.0,-0.11659085185185186
2024-05-27 11:49:47,2366.0,-0.11663355881481483
2024-05-27 11:49:48,2367.0,-0.11666807200000001
2024-05-27 11:49:49,2368.0,-0.11669364651851853
2024-05-27 11:49:50,2369.0,-0.1167095374814815
2024-05-27 11:49:51,2370.0,-0.11671500000000001
2024-05-27 11:49:52,2371.0,-0.11670954400000001
2024-05-27 11:49:53,2372.0,-0.11669367200000001
2024-05-27 11:49:54,2373.0,-0.11666812800000001
2024-05-27 11:49:55,2374.0,-0.11663365600000002
2024-05-27 11:49:56,2375.0,-0.11659100000000001
2024-05-27 11:49:57,2376.0,-0.11654090400000001
2024-05-27 11:49:58,2377.0,-0.11648411200000001
2024-05-27 11:49:59,2378.0,-0.11642136800000001
2024-05-27 11:50:00,2379.0,-0.11635341600000002
2024-05-27 11:50:01,2380.0,-0.11628100000000001
2024-05-27 11:50:02,2381.0,-0.11620486400000002
2024-05-27 11:50:03,2382.0,-0.11612575200000001
2024-05-27 11:50:04,2383.0,-0.11604440800000002
2024-05-27 11:50:05,2384.0,-0.11596157600000001
2024-05-27 11:50:06,2385.0,-0.11587800000000001
2024-05-27 11:50:07,2386.0,-0.115794424
2024-05-27 11:50:08,2387.0,-0.115711592
2024-05-27 11:50:09,2388.0,-0.11563024800000002
2024-05-27 11:50:10,2389.0,-0.11555113600000001
2024-05-27 11:50:11,2390.0,-0.11547500000000001
2024-05-27 11:50:12,2391.0,-0.11540258400000002
2024-05-27 11:50:13,2392.0,-0.115334632
2024-05-27 11:50:14,2393.0,-0.115271888
2024-05-27 11:50:15,2394.0,-0.115215096
2024-05-27 11:50:16,2395.0,-0.115165
2024-05-27 11:50:17,2396.0,-0.115122344
2024-05-27 11:50:18,2397.0,-0.115087872
2024-05-27 11:50:19,2398.0,-0.115062328
2024-05-27 11:50:20,2399.0,-0.115046456
2024-05-27 11:50:21,2400.0,-0.115041
2024-05-27 11:50:22,2401.0,-0.11505373718518519
2024-05-27 11:50:23,2402.0,-0.11509079081481481
2024-05-27 11:50:24,2403.0,-0.11515042400000002
2024-05-27 11:50:25,2404.0,-0.11523089985185185
2024-05-27 11:50:26,2405.0,-0.11533048148148149
2024-05-27 11:50:27,2406.0,-0.115447432
2024-05-27 11:50:28,2407.0,-0.11558001451851853
2024-05-27 11:50:29,2408.0,-0.11572649214814816
2024-05-27 11:50:30,2409.0,-0.115885128
2024-05-27 11:50:31,2410.0,-0.11605418518518518
2024-05-27 11:50:32,2411.0,-0.11623192681481483
2024-05-27 11:50:33,2412.0,-0.11641661600000001
2024-05-27 11:50:34,2413.0,-0.11660651585185185
2024-05-27 11:50:35,2414.0,-0.11679988948148148
2024-05-27 11:50:36,2415.0,-0.116995
2024-05-27 11:50:37,2416.0,-0.11719011051851852
2024-05-27 11:50:38,2417.0,-0.11738348414814814
2024-05-27 11:50:39,2418.0,-0.117573384
2024-05-27 11:50:40,2419.0,-0.11775807318518518
2024-05-27 11:50:41,2420.0,-0.11793581481481481
2024-05-27 11:50:42,2421.0,-0.118104872
2024-05-27 11:50:43,2422.0,-0.11826350785185184
2024-05-27 11:50:44,2423.0,-0.11840998548148149
2024-05-27 11:50:45,2424.0,-0.118542568
2024-05-27 11:50:46,2425.0,-0.11865951851851853
2024-05-27 11:50:47,2426.0,-0.11875910014814815
2024-05-27 11:50:48,2427.0,-0.11883957599999999
2024-05-27 11:50:49,2428.0,-0.11889920918518519
2024-05-27 11:50:50,2429.0,-0.11893626281481481
2024-05-27 11:50:51,2430.0,-0.118949
2024-05-27 11:50:52,2431.0,-0.11894355377777778
2024-05-27 11:50:53,2432.0,-0.11892771022222222
2024-05-27 11:50:54,2433.0,-0.11890221200000001
2024-05-27 11:50:55,2434.0,-0.11886780177777778
2024-05-27 11:50:56,2435.0,-0.11882522222222222
2024-05-27 11:50:57,2436.0,-0.118775216
2024-05-27 11:50:58,2437.0,-0.11871852577777778
2024-05-27 11:50:59,2438.0,-0.11865589422222221
2024-05-27 11:51:00,2439.0,-0.11858806399999999
2024-05-27 11:51:01,2440.0,-0.11851577777777778
2024-05-27 11:51:02,2441.0,-0.11843977822222222
2024-05-27 11:51:03,2442.0,-0.118360808
2024-05-27 11:51:04,2443.0,-0.11827960977777778
2024-05-27 11:51:05,2444.0,-0.11819692622222222
2024-05-27 11:51:06,2445.0,-0.11811349999999998
2024-05-27 11:51:07,2446.0,-0.11803007377777777
2024-05-27 11:51:08,2447.0,-0.11794739022222223
2024-05-27 11:51:09,2448.0,-0.117866192
2024-05-27 11:51:10,2449.0,-0.11778722177777777
2024-05-27 11:51:11,2450.0,-0.11771122222222222
2024-05-27 11:51:12,2451.0,-0.11763893599999999
2024-05-27 11:51:13,2452.0,-0.11757110577777777
2024-05-27 11:51:14,2453.0,-0.11750847422222221
2024-05-27 11:51:15,2454.0,-0.11745178399999999
2024-05-27 11:51:16,2455.0,-0.11740177777777777
2024-05-27 11:51:17,2456.0,-0.11735919822222221
2024-05-27 11:51:18,2457.0,-0.11732478799999999
2024-05-27 11:51:19,2458.0,-0.11729928977777777
2024-05-27 11:51:20,2459.0,-0.11728344622222221
2024-05-27 11:51:21,2460.0,-0.117278
2024-05-27 11:51:22,2461.0,-0.1172798154074074
2024-05-27 11:51:23,2462.0,-0.11728509659259259
2024-05-27 11:51:24,2463.0,-0.117293596
2024-05-27 11:51:25,2464.0,-0.11730506607407407
2024-05-27 11:51:26,2465.0,-0.11731925925925925
2024-05-27 11:51:27,2466.0,-0.11733592799999999
2024-05-27 11:51:28,2467.0,-0.11735482474074074
2024-05-27 11:51:29,2468.0,-0.11737570192592592
2024-05-27 11:51:30,2469.0,-0.11739831199999999
2024-05-27 11:51:31,2470.0,-0.1174224074074074
2024-05-27 11:51:32,2471.0,-0.1174477405925926
2024-05-27 11:51:33,2472.0,-0.11747406399999999
2024-05-27 11:51:34,2473.0,-0.11750113007407406
2024-05-27 11:51:35,2474.0,-0.11752869125925924
2024-05-27 11:51:36,2475.0,-0.11755649999999998
2024-05-27 11:51:37,2476.0,-0.11758430874074075
2024-05-27 11:51:38,2477.0,-0.11761186992592591
2024-05-27 11:51:39,2478.0,-0.117638936
2024-05-27 11:51:40,2479.0,-0.11766525940740741
2024-05-27 11:51:41,2480.0,-0.11769059259259258
2024-05-27 11:51:42,2481.0,-0.117714688
2024-05-27 11:51:43,2482.0,-0.11773729807407407
2024-05-27 11:51:44,2483.0,-0.11775817525925925
2024-05-27 11:51:45,2484.0,-0.117777072
2024-05-27 11:51:46,2485.0,-0.11779374074074073
2024-05-27 11:51:47,2486.0,-0.11780793392592592
2024-05-27 11:51:48,2487.0,-0.11781940399999999
2024-05-27 11:51:49,2488.0,-0.1178279034074074
2024-05-27 11:51:50,2489.0,-0.11783318459259258
2024-05-27 11:51:51,2490.0,-0.117835
2024-05-27 11:51:52,2491.0,-0.11782953422222221
2024-05-27 11:51:53,2492.0,-0.11781363377777777
2024-05-27 11:51:54,2493.0,-0.117788044
2024-05-27 11:51:55,2494.0,-0.11775351022222222
2024-05-27 11:51:56,2495.0,-0.11771077777777778
2024-05-27 11:51:57,2496.0,-0.11766059200000001
2024-05-27 11:51:58,2497.0,-0.11760369822222222
2024-05-27 11:51:59,2498.0,-0.11754084177777778
2024-05-27 11:52:00,2499.0,-0.117472768
2024-05-27 11:52:01,2500.0,-0.11740022222222223
2024-05-27 11:52:02,2501.0,-0.11732394977777777
2024-05-27 11:52:03,2502.0,-0.117244696
2024-05-27 11:52:04,2503.0,-0.11716320622222223
2024-05-27 11:52:05,2504.0,-0.11708022577777777
2024-05-27 11:52:06,2505.0,-0.1169965
2024-05-27 11:52:07,2506.0,-0.11691277422222224
2024-05-27 11:52:08,2507.0,-0.11682979377777777
2024-05-27 11:52:09,2508.0,-0.11674830400000001
2024-05-27 11:52:10,2509.0,-0.11666905022222222
2024-05-27 11:52:11,2510.0,-0.1165927777777778
2024-05-27 11:52:12,2511.0,-0.116520232
2024-05-27 11:52:13,2512.0,-0.11645215822222224
2024-05-27 11:52:14,2513.0,-0.11638930177777779
2024-05-27 11:52:15,2514.0,-0.116332408
2024-05-27 11:52:16,2515.0,-0.11628222222222223
2024-05-27 11:52:17,2516.0,-0.11623948977777779
2024-05-27 11:52:18,2517.0,-0.11620495600000001
2024-05-27 11:52:19,2518.0,-0.11617936622222225
2024-05-27 11:52:20,2519.0,-0.1161634657777778
2024-05-27 11:52:21,2520.0,-0.11615800000000001
2024-05-27 11:52:22,2521.0,-0.11615903500363109
2024-05-27 11:52:23,2522.0,-0.1161620830791576
2024-05-27 11:52:24,2523.0,-0.11616705882352941
2024-05-27 11:52:25,2524.0,-0.11617387683369645
2024-05-27 11:52:26,2525.0,-0.11618245170660857
2024-05-27 11:52:27,2526.0,-0.11619269803921568
2024-05-27 11:52:28,2527.0,-0.11620453042846769
2024-05-27 11:52:29,2528.0,-0.11621786347131446
2024-05-27 11:52:30,2529.0,-0.1162326117647059
2024-05-27 11:52:31,2530.0,-0.11624868990559187
2024-05-27 11:52:32,2531.0,-0.1162660124909223
2024-05-27 11:52:33,2532.0,-0.11628449411764706
2024-05-27 11:52:34,2533.0,-0.11630404938271605
2024-05-27 11:52:35,2534.0,-0.11632459288307917
2024-05-27 11:52:36,2535.0,-0.11634603921568627
2024-05-27 11:52:37,2536.0,-0.11636830297748729
2024-05-27 11:52:38,2537.0,-0.1163912987654321
2024-05-27 11:52:39,2538.0,-0.11641494117647058
2024-05-27 11:52:40,2539.0,-0.11643914480755264
2024-05-27 11:52:41,2540.0,-0.11646382425562816
2024-05-27 11:52:42,2541.0,-0.11648889411764705
2024-05-27 11:52:43,2542.0,-0.11651426899055918
2024-05-27 11:52:44,2543.0,-0.11653986347131444
2024-05-27 11:52:45,2544.0,-0.11656559215686274
2024-05-27 11:52:46,2545.0,-0.11659136964415394
2024-05-27 11:52:47,2546.0,-0.11661711053013797
2024-05-27 11:52:48,2547.0,-0.1166427294117647
2024-05-27 11:52:49,2548.0,-0.11666814088598401
2024-05-27 11:52:50,2549.0,-0.11669325954974581
2024-05-27 11:52:51,2550.0,-0.11671799999999999
2024-05-27 11:52:52,2551.0,-0.1167444091909949
2024-05-27 11:52:53,2552.0,-0.11677438237327523
2024-05-27 11:52:54,2553.0,-0.11680760658823529
2024-05-27 11:52:55,2554.0,-0.11684376887726942
2024-05-27 11:52:56,2555.0,-0.11688255628177195
2024-05-27 11:52:57,2556.0,-0.11692365584313724
2024-05-27 11:52:58,2557.0,-0.11696675460275961
2024-05-27 11:52:59,2558.0,-0.1170115396020334
2024-05-27 11:53:00,2559.0,-0.11705769788235294
2024-05-27 11:53:01,2560.0,-0.11710491648511255
2024-05-27 11:53:02,2561.0,-0.1171528824517066
2024-05-27 11:53:03,2562.0,-0.1172012828235294
2024-05-27 11:53:04,2563.0,-0.1172498046419753
2024-05-27 11:53:05,2564.0,-0.11729813494843863
2024-05-27 11:53:06,2565.0,-0.11734596078431372
2024-05-27 11:53:07,2566.0,-0.1173929691909949
2024-05-27 11:53:08,2567.0,-0.11743884720987655
2024-05-27 11:53:09,2568.0,-0.11748328188235294
2024-05-27 11:53:10,2569.0,-0.11752596024981844
2024-05-27 11:53:11,2570.0,-0.11756656935366738
2024-05-27 11:53:12,2571.0,-0.11760479623529412
2024-05-27 11:53:13,2572.0,-0.11764032793609296
2024-05-27 11:53:14,2573.0,-0.11767285149745825
2024-05-27 11:53:15,2574.0,-0.11770205396078433
2024-05-27 11:53:16,2575.0,-0.1177276223674655
2024-05-27 11:53:17,2576.0,-0.11774924375889614
2024-05-27 11:53:18,2577.0,-0.1177666051764706
2024-05-27 11:53:19,2578.0,-0.11777939366158316
2024-05-27 11:53:20,2579.0,-0.1177872962556282
2024-05-27 11:53:21,2580.0,-0.11779
2024-05-27 11:53:22,2581.0,-0.11778833125925926
2024-05-27 11:53:23,2582.0,-0.11778347674074074
2024-05-27 11:53:24,2583.0,-0.117775664
2024-05-27 11:53:25,2584.0,-0.1177651205925926
2024-05-27 11:53:26,2585.0,-0.11775207407407408
2024-05-27 11:53:27,2586.0,-0.11773675200000001
2024-05-27 11:53:28,2587.0,-0.11771938192592593
2024-05-27 11:53:29,2588.0,-0.11770019140740741
2024-05-27 11:53:30,2589.0,-0.11767940800000001
2024-05-27 11:53:31,2590.0,-0.11765725925925927
2024-05-27 11:53:32,2591.0,-0.11763397274074074
2024-05-27 11:53:33,2592.0,-0.117609776
2024-05-27 11:53:34,2593.0,-0.1175848965925926
2024-05-27 11:53:35,2594.0,-0.11755956207407407
2024-05-27 11:53:36,2595.0,-0.117534
2024-05-27 11:53:37,2596.0,-0.11750843792592593
2024-05-27 11:53:38,2597.0,-0.1174831034074074
2024-05-27 11:53:39,2598.0,-0.11745822399999999
2024-05-27 11:53:40,2599.0,-0.11743402725925925
2024-05-27 11:53:41,2600.0,-0.11741074074074075
2024-05-27 11:53:42,2601.0,-0.117388592
2024-05-27 11:53:43,2602.0,-0.11736780859259259
2024-05-27 11:53:44,2603.0,-0.11734861807407407
2024-05-27 11:53:45,2604.0,-0.117331248
2024-05-27 11:53:46,2605.0,-0.11731592592592592
2024-05-27 11:53:47,2606.0,-0.1173028794074074
2024-05-27 11:53:48,2607.0,-0.11729233599999998
2024-05-27 11:53:49,2608.0,-0.11728452325925925
2024-05-27 11:53:50,2609.0,-0.11727966874074074
2024-05-27 11:53:51,2610.0,-0.117278
2024-05-27 11:53:52,2611.0,-0.11727920090005983
2024-05-27 11:53:53,2612.0,-0.11728272255655296
2024-05-27 11:53:54,2613.0,-0.11728844340394971
2024-05-27 11:53:55,2614.0,-0.11729624187672053
2024-05-27 11:53:56,2615.0,-0.11730599640933573
2024-05-27 11:53:57,2616.0,-0.1173175854362657
2024-05-27 11:53:58,2617.0,-0.11733088739198085
2024-05-27 11:53:59,2618.0,-0.11734578071095152
2024-05-27 11:54:00,2619.0,-0.11736214382764812
2024-05-27 11:54:01,2620.0,-0.117379855176541
2024-05-27 11:54:02,2621.0,-0.11739879319210053
2024-05-27 11:54:03,2622.0,-0.11741883630879713
2024-05-27 11:54:04,2623.0,-0.11743986296110114
2024-05-27 11:54:05,2624.0,-0.11746175158348295
2024-05-27 11:54:06,2625.0,-0.11748438061041293
2024-05-27 11:54:07,2626.0,-0.11750762847636147
2024-05-27 11:54:08,2627.0,-0.11753137361579892
2024-05-27 11:54:09,2628.0,-0.1175554944631957
2024-05-27 11:54:10,2629.0,-0.11757986945302215
2024-05-27 11:54:11,2630.0,-0.11760437701974866
2024-05-27 11:54:12,2631.0,-0.11762889559784562
2024-05-27 11:54:13,2632.0,-0.11765330362178339
2024-05-27 11:54:14,2633.0,-0.11767747952603233
2024-05-27 11:54:15,2634.0,-0.11770130174506285
2024-05-27 11:54:16,2635.0,-0.11772464871334531
2024-05-27 11:54:17,2636.0,-0.1177473988653501
2024-05-27 11:54:18,2637.0,-0.1177694306355476
2024-05-27 11:54:19,2638.0,-0.11779062245840816
2024-05-27 11:54:20,2639.0,-0.11781085276840217
2024-05-27 11:54:21,2640.0,-0.11783000000000002
2024-05-27 11:54:22,2641.0,-0.11784857889174416
2024-05-27 11:54:23,2642.0,-0.11786718410644806
2024-05-27 11:54:24,2643.0,-0.11788581396498864
2024-05-27 11:54:25,2644.0,-0.11790446678824276
2024-05-27 11:54:26,2645.0,-0.11792314089708732
2024-05-27 11:54:27,2646.0,-0.11794183461239921
2024-05-27 11:54:28,2647.0,-0.11796054625505531
2024-05-27 11:54:29,2648.0,-0.11797927414593254
2024-05-27 11:54:30,2649.0,-0.11799801660590777
2024-05-27 11:54:31,2650.0,-0.11801677195585789
2024-05-27 11:54:32,2651.0,-0.1180355385166598
2024-05-27 11:54:33,2652.0,-0.11805431460919039
2024-05-27 11:54:34,2653.0,-0.11807309855432653
2024-05-27 11:54:35,2654.0,-0.11809188867294514
2024-05-27 11:54:36,2655.0,-0.1181106832859231
2024-05-27 11:54:37,2656.0,-0.1181294807141373
2024-05-27 11:54:38,2657.0,-0.11814827927846462
2024-05-27 11:54:39,2658.0,-0.11816707729978197
2024-05-27 11:54:40,2659.0,-0.11818587309896623
2024-05-27 11:54:41,2660.0,-0.11820466499689429
2024-05-27 11:54:42,2661.0,-0.11822345131444305
2024-05-27 11:54:43,2662.0,-0.11824223037248938
2024-05-27 11:54:44,2663.0,-0.1182610004919102
2024-05-27 11:54:45,2664.0,-0.11827975999358238
2024-05-27 11:54:46,2665.0,-0.11829850719838281
2024-05-27 11:54:47,2666.0,-0.11831724042718839
2024-05-27 11:54:48,2667.0,-0.118335958000876
2024-05-27 11:54:49,2668.0,-0.11835465824032255
2024-05-27 11:54:50,2669.0,-0.11837333946640492
2024-05-27 11:54:51,2670.0,-0.118392
2024-05-27 11:54:52,2671.0,-0.11841124244835004
2024-05-27 11:54:53,2672.0,-0.11843158838830967
2024-05-27 11:54:54,2673.0,-0.11845291459517426
2024-05-27 11:54:55,2674.0,-0.11847509784423922
2024-05-27 11:54:56,2675.0,-0.11849801491079999
2024-05-27 11:54:57,2676.0,-0.1185215425701519
2024-05-27 11:54:58,2677.0,-0.11854555759759045
2024-05-27 11:54:59,2678.0,-0.11856993676841095
2024-05-27 11:55:00,2679.0,-0.11859455685790884
2024-05-27 11:55:01,2680.0,-0.11861929464137953
2024-05-27 11:55:02,2681.0,-0.11864402689411843
2024-05-27 11:55:03,2682.0,-0.1186686303914209
2024-05-27 11:55:04,2683.0,-0.1186929819085824
2024-05-27 11:55:05,2684.0,-0.11871695822089828
2024-05-27 11:55:06,2685.0,-0.11874043610366397
2024-05-27 11:55:07,2686.0,-0.11876329233217489
2024-05-27 11:55:08,2687.0,-0.11878540368172641
2024-05-27 11:55:09,2688.0,-0.11880664692761393
2024-05-27 11:55:10,2689.0,-0.1188268988451329
2024-05-27 11:55:11,2690.0,-0.11884603620957865
2024-05-27 11:55:12,2691.0,-0.11886393579624666
2024-05-27 11:55:13,2692.0,-0.11888047438043226
2024-05-27 11:55:14,2693.0,-0.1188955287374309
2024-05-27 11:55:15,2694.0,-0.11890897564253798
2024-05-27 11:55:16,2695.0,-0.11892069187104888
2024-05-27 11:55:17,2696.0,-0.11893055419825901
2024-05-27 11:55:18,2697.0,-0.11893843939946382
2024-05-27 11:55:19,2698.0,-0.11894422424995862
2024-05-27 11:55:20,2699.0,-0.11894778552503889
2024-05-27 11:55:21,2700.0,-0.118949
2024-05-27 11:55:22,2701.0,-0.11894719100251322
2024-05-27 11:55:23,2702.0,-0.11894192816296295
2024-05-27 11:55:24,2703.0,-0.11893345771071429
2024-05-27 11:55:25,2704.0,-0.11892202587513227
2024-05-27 11:55:26,2705.0,-0.118907878885582
2024-05-27 11:55:27,2706.0,-0.11889126297142857
2024-05-27 11:55:28,2707.0,-0.11887242436203703
2024-05-27 11:55:29,2708.0,-0.11885160928677248
2024-05-27 11:55:30,2709.0,-0.118829063975
2024-05-27 11:55:31,2710.0,-0.11880503465608465
2024-05-27 11:55:32,2711.0,-0.11877976755939153
2024-05-27 11:55:33,2712.0,-0.11875350891428571
2024-05-27 11:55:34,2713.0,-0.11872650495013228
2024-05-27 11:55:35,2714.0,-0.1186990018962963
2024-05-27 11:55:36,2715.0,-0.11867124598214286
2024-05-27 11:55:37,2716.0,-0.11864348343703704
2024-05-27 11:55:38,2717.0,-0.11861596049034391
2024-05-27 11:55:39,2718.0,-0.11858892337142858
2024-05-27 11:55:40,2719.0,-0.11856261830965609
2024-05-27 11:55:41,2720.0,-0.11853729153439153
2024-05-27 11:55:42,2721.0,-0.11851318927499999
2024-05-27 11:55:43,2722.0,-0.11849055776084656
2024-05-27 11:55:44,2723.0,-0.1184696432212963
2024-05-27 11:55:45,2724.0,-0.11845069188571428
2024-05-27 11:55:46,2725.0,-0.1184339499834656
2024-05-27 11:55:47,2726.0,-0.11841966374391534
2024-05-27 11:55:48,2727.0,-0.11840807939642857
2024-05-27 11:55:49,2728.0,-0.11839944317037036
2024-05-27 11:55:50,2729.0,-0.11839400129510581
2024-05-27 11:55:51,2730.0,-0.118392
2024-05-27 11:55:52,2731.0,-0.1183918043345238
2024-05-27 11:55:53,2732.0,-0.1183916152
2024-05-27 11:55:54,2733.0,-0.11839143260357142
2024-05-27 11:55:55,2734.0,-0.11839125655238095
2024-05-27 11:55:56,2735.0,-0.11839108705357142
2024-05-27 11:55:57,2736.0,-0.11839092411428571
2024-05-27 11:55:58,2737.0,-0.11839076774166667
2024-05-27 11:55:59,2738.0,-0.11839061794285714
2024-05-27 11:56:00,2739.0,-0.118390474725
2024-05-27 11:56:01,2740.0,-0.11839033809523808
2024-05-27 11:56:02,2741.0,-0.11839020806071428
2024-05-27 11:56:03,2742.0,-0.11839008462857142
2024-05-27 11:56:04,2743.0,-0.11838996780595239
2024-05-27 11:56:05,2744.0,-0.1183898576
2024-05-27 11:56:06,2745.0,-0.11838975401785715
2024-05-27 11:56:07,2746.0,-0.11838965706666667
2024-05-27 11:56:08,2747.0,-0.11838956675357142
2024-05-27 11:56:09,2748.0,-0.11838948308571427
2024-05-27 11:56:10,2749.0,-0.11838940607023808
2024-05-27 11:56:11,2750.0,-0.11838933571428571
2024-05-27 11:56:12,2751.0,-0.11838927202499999
2024-05-27 11:56:13,2752.0,-0.1183892150095238
2024-05-27 11:56:14,2753.0,-0.118389164675
2024-05-27 11:56:15,2754.0,-0.11838912102857142
2024-05-27 11:56:16,2755.0,-0.11838908407738094
2024-05-27 11:56:17,2756.0,-0.11838905382857141
2024-05-27 11:56:18,2757.0,-0.1183890302892857
2024-05-27 11:56:19,2758.0,-0.11838901346666665
2024-05-27 11:56:20,2759.0,-0.11838900336785714
2024-05-27 11:56:21,2760.0,-0.118389
2024-05-27 11:56:22,2761.0,-0.11838900334200299
2024-05-27 11:56:23,2762.0,-0.11838901336681613
2024-05-27 11:56:24,2763.0,-0.11838903007264573
2024-05-27 11:56:25,2764.0,-0.11838905345769805
2024-05-27 11:56:26,2765.0,-0.11838908352017936
2024-05-27 11:56:27,2766.0,-0.11838912025829597
2024-05-27 11:56:28,2767.0,-0.11838916367025411
2024-05-27 11:56:29,2768.0,-0.11838921375426009
2024-05-27 11:56:30,2769.0,-0.11838927050852018
2024-05-27 11:56:31,2770.0,-0.11838933393124065
2024-05-27 11:56:32,2771.0,-0.11838940402062781
2024-05-27 11:56:33,2772.0,-0.1183894807748879
2024-05-27 11:56:34,2773.0,-0.1183895641922272
2024-05-27 11:56:35,2774.0,-0.11838965427085202
2024-05-27 11:56:36,2775.0,-0.1183897510089686
2024-05-27 11:56:37,2776.0,-0.11838985440478325
2024-05-27 11:56:38,2777.0,-0.11838996445650224
2024-05-27 11:56:39,2778.0,-0.11839008116233182
2024-05-27 11:56:40,2779.0,-0.11839020452047833
2024-05-27 11:56:41,2780.0,-0.11839033452914798
2024-05-27 11:56:42,2781.0,-0.11839047118654708
2024-05-27 11:56:43,2782.0,-0.11839061449088191
2024-05-27 11:56:44,2783.0,-0.11839076444035873
2024-05-27 11:56:45,2784.0,-0.11839092103318384
2024-05-27 11:56:46,2785.0,-0.11839108426756353
2024-05-27 11:56:47,2786.0,-0.11839125414170404
2024-05-27 11:56:48,2787.0,-0.11839143065381165
2024-05-27 11:56:49,2788.0,-0.11839161380209268
2024-05-27 11:56:50,2789.0,-0.11839180358475336
2024-05-27 11:56:51,2790.0,-0.118392
2024-05-27 11:56:52,2791.0,-0.11839944500783922
2024-05-27 11:56:53,2792.0,-0.11842072160531474
2024-05-27 11:56:54,2793.0,-0.11845484134618832
2024-05-27 11:56:55,2794.0,-0.11850081578422189
2024-05-27 11:56:56,2795.0,-0.11855765647317722
2024-05-27 11:56:57,2796.0,-0.11862437496681615
2024-05-27 11:56:58,2797.0,-0.11869998281890051
2024-05-27 11:56:59,2798.0,-0.11878349158319215
2024-05-27 11:57:00,2799.0,-0.1188739128134529
2024-05-27 11:57:01,2800.0,-0.1189702580634446
2024-05-27 11:57:02,2801.0,-0.11907153888692909
2024-05-27 11:57:03,2802.0,-0.11917676683766816
2024-05-27 11:57:04,2803.0,-0.1192849534694237
2024-05-27 11:57:05,2804.0,-0.11939511033595748
2024-05-27 11:57:06,2805.0,-0.11950624899103139
2024-05-27 11:57:07,2806.0,-0.11961738098840724
2024-05-27 11:57:08,2807.0,-0.11972751788184686
2024-05-27 11:57:09,2808.0,-0.1198356712251121
2024-05-27 11:57:10,2809.0,-0.1199408525719648
2024-05-27 11:57:11,2810.0,-0.12004207347616676
2024-05-27 11:57:12,2811.0,-0.12013834549147982
2024-05-27 11:57:13,2812.0,-0.12022868017166584
2024-05-27 11:57:14,2813.0,-0.12031208907048664
2024-05-27 11:57:15,2814.0,-0.12038758374170404
2024-05-27 11:57:16,2815.0,-0.12045417573907988
2024-05-27 11:57:17,2816.0,-0.12051087661637602
2024-05-27 11:57:18,2817.0,-0.12055669792735427
2024-05-27 11:57:19,2818.0,-0.12059065122577645
2024-05-27 11:57:20,2819.0,-0.12061174806540442
2024-05-27 11:57:21,2820.0,-0.120619
2024-05-27 11:57:22,2821.0,-0.12061616988463074
2024-05-27 11:57:23,2822.0,-0.1206078993245509
2024-05-27 11:57:24,2823.0,-0.12059451799880239
2024-05-27 11:57:25,2824.0,-0.12057635558642715
2024-05-27 11:57:26,2825.0,-0.12055374176646706
2024-05-27 11:57:27,2826.0,-0.12052700621796407
2024-05-27 11:57:28,2827.0,-0.12049647861996009
2024-05-27 11:57:29,2828.0,-0.120462488651497
2024-05-27 11:57:30,2829.0,-0.12042536599161677
2024-05-27 11:57:31,2830.0,-0.12038544031936127
2024-05-27 11:57:32,2831.0,-0.12034304131377246
2024-05-27 11:57:33,2832.0,-0.12029849865389222
2024-05-27 11:57:34,2833.0,-0.12025214201876247
2024-05-27 11:57:35,2834.0,-0.12020430108742516
2024-05-27 11:57:36,2835.0,-0.12015530553892216
2024-05-27 11:57:37,2836.0,-0.12010548505229542
2024-05-27 11:57:38,2837.0,-0.12005516930658683
2024-05-27 11:57:39,2838.0,-0.12000468798083833
2024-05-27 11:57:40,2839.0,-0.11995437075409182
2024-05-27 11:57:41,2840.0,-0.11990454730538923
2024-05-27 11:57:42,2841.0,-0.11985554731377246
2024-05-27 11:57:43,2842.0,-0.11980770045828343
2024-05-27 11:57:44,2843.0,-0.11976133641796408
2024-05-27 11:57:45,2844.0,-0.11971678487185629
2024-05-27 11:57:46,2845.0,-0.119674375499002
2024-05-27 11:57:47,2846.0,-0.11963443797844311
2024-05-27 11:57:48,2847.0,-0.11959730198922155
2024-05-27 11:57:49,2848.0,-0.11956329721037924
2024-05-27 11:57:50,2849.0,-0.11953275332095809
2024-05-27 11:57:51,2850.0,-0.119506
2024-05-27 11:57:52,2851.0,-0.11948105882719007
2024-05-27 11:57:53,2852.0,-0.1194557866414726
2024-05-27 11:57:54,2853.0,-0.11943026601077844
2024-05-27 11:57:55,2854.0,-0.11940457950303837
2024-05-27 11:57:56,2855.0,-0.1193788096861832
2024-05-27 11:57:57,2856.0,-0.11935303912814371
2024-05-27 11:57:58,2857.0,-0.11932735039685075
2024-05-27 11:57:59,2858.0,-0.11930182606023508
2024-05-27 11:58:00,2859.0,-0.11927654868622754
2024-05-27 11:58:01,2860.0,-0.11925160084275892
2024-05-27 11:58:02,2861.0,-0.11922706509776004
2024-05-27 11:58:03,2862.0,-0.11920302401916169
2024-05-27 11:58:04,2863.0,-0.11917956017489466
2024-05-27 11:58:05,2864.0,-0.11915675613288979
2024-05-27 11:58:06,2865.0,-0.11913469446107786
2024-05-27 11:58:07,2866.0,-0.11911345772738967
2024-05-27 11:58:08,2867.0,-0.11909312849975605
2024-05-27 11:58:09,2868.0,-0.11907378934610778
2024-05-27 11:58:10,2869.0,-0.11905552283437569
2024-05-27 11:58:11,2870.0,-0.11903841153249058
2024-05-27 11:58:12,2871.0,-0.11902253800838325
2024-05-27 11:58:13,2872.0,-0.11900798482998448
2024-05-27 11:58:14,2873.0,-0.1189948345652251
2024-05-27 11:58:15,2874.0,-0.11898316978203592
2024-05-27 11:58:16,2875.0,-0.11897307304834774
2024-05-27 11:58:17,2876.0,-0.11896462693209137
2024-05-27 11:58:18,2877.0,-0.1189579140011976
2024-05-27 11:58:19,2878.0,-0.11895301682359724
2024-05-27 11:58:20,2879.0,-0.11895001796722111
2024-05-27 11:58:21,2880.0,-0.118949
2024-05-27 11:58:22,2881.0,-0.11895183122862013
2024-05-27 11:58:23,2882.0,-0.11896010512815744
2024-05-27 11:58:24,2883.0,-0.11897349201912731
2024-05-27 11:58:25,2884.0,-0.11899166222204512
2024-05-27 11:58:26,2885.0,-0.11901428605742623
2024-05-27 11:58:27,2886.0,-0.11904103384578602
2024-05-27 11:58:28,2887.0,-0.11907157590763985
2024-05-27 11:58:29,2888.0,-0.11910558256350312
2024-05-27 11:58:30,2889.0,-0.11914272413389122
2024-05-27 11:58:31,2890.0,-0.11918267093931947
2024-05-27 11:58:32,2891.0,-0.1192250933003033
2024-05-27 11:58:33,2892.0,-0.11926966153735805
2024-05-27 11:58:34,2893.0,-0.1193160459709991
2024-05-27 11:58:35,2894.0,-0.11936391692174182
2024-05-27 11:58:36,2895.0,-0.11941294471010162
2024-05-27 11:58:37,2896.0,-0.11946279965659383
2024-05-27 11:58:38,2897.0,-0.11951315208173385
2024-05-27 11:58:39,2898.0,-0.11956367230603707
2024-05-27 11:58:40,2899.0,-0.11961403065001883
2024-05-27 11:58:41,2900.0,-0.1196638974341945
2024-05-27 11:58:42,2901.0,-0.1197129429790795
2024-05-27 11:58:43,2902.0,-0.11976083760518917
2024-05-27 11:58:44,2903.0,-0.1198072516330389
2024-05-27 11:58:45,2904.0,-0.11985185538314405
2024-05-27 11:58:46,2905.0,-0.11989431917602002
2024-05-27 11:58:47,2906.0,-0.11993431333218216
2024-05-27 11:58:48,2907.0,-0.11997150817214584
2024-05-27 11:58:49,2908.0,-0.12000557401642646
2024-05-27 11:58:50,2909.0,-0.12003618118553941
2024-05-27 11:58:51,2910.0,-0.120063
2024-05-27 11:58:52,2911.0,-0.12008800992557173
2024-05-27 11:58:53,2912.0,-0.12011335487246241
2024-05-27 11:58:54,2913.0,-0.12013895182785415
2024-05-27 11:58:55,2914.0,-0.12016471777892897
2024-05-27 11:58:56,2915.0,-0.12019056971286889
2024-05-27 11:58:57,2916.0,-0.12021642461685594
2024-05-27 11:58:58,2917.0,-0.12024219947807223
2024-05-27 11:58:59,2918.0,-0.12026781128369972
2024-05-27 11:59:00,2919.0,-0.1202931770209205
2024-05-27 11:59:01,2920.0,-0.12031821367691663
2024-05-27 11:59:02,2921.0,-0.12034283823887007
2024-05-27 11:59:03,2922.0,-0.12036696769396295
2024-05-27 11:59:04,2923.0,-0.12039051902937725
2024-05-27 11:59:05,2924.0,-0.12041340923229506
2024-05-27 11:59:06,2925.0,-0.1204355552898984
2024-05-27 11:59:07,2926.0,-0.12045687418936929
2024-05-27 11:59:08,2927.0,-0.1204772829178898
2024-05-27 11:59:09,2928.0,-0.12049669846264195
2024-05-27 11:59:10,2929.0,-0.12051503781080783
2024-05-27 11:59:11,2930.0,-0.1205322179495694
2024-05-27 11:59:12,2931.0,-0.1205481558661088
2024-05-27 11:59:13,2932.0,-0.12056276854760799
2024-05-27 11:59:14,2933.0,-0.12057597298124904
2024-05-27 11:59:15,2934.0,-0.12058768615421399
2024-05-27 11:59:16,2935.0,-0.1205978250536849
2024-05-27 11:59:17,2936.0,-0.12060630666684378
2024-05-27 11:59:18,2937.0,-0.12061304798087269
2024-05-27 11:59:19,2938.0,-0.12061796598295367
2024-05-27 11:59:20,2939.0,-0.12062097766026877
2024-05-27 11:59:21,2940.0,-0.12062200000000001
2024-05-27 11:59:22,2941.0,-0.12062199776106068
2024-05-27 11:59:23,2942.0,-0.1206219910465485
2024-05-27 11:59:24,2943.0,-0.1206219798599222
2024-05-27 11:59:25,2944.0,-0.12062196420464044
2024-05-27 11:59:26,2945.0,-0.12062194408416198
2024-05-27 11:59:27,2946.0,-0.12062191950194553
2024-05-27 11:59:28,2947.0,-0.12062189046144979
2024-05-27 11:59:29,2948.0,-0.12062185696613346
2024-05-27 11:59:30,2949.0,-0.12062181901945526
2024-05-27 11:59:31,2950.0,-0.12062177662487392
2024-05-27 11:59:32,2951.0,-0.12062172978584812
2024-05-27 11:59:33,2952.0,-0.12062167850583658
2024-05-27 11:59:34,2953.0,-0.12062162278829804
2024-05-27 11:59:35,2954.0,-0.12062156263669117
2024-05-27 11:59:36,2955.0,-0.12062149805447472
2024-05-27 11:59:37,2956.0,-0.12062142904510736
2024-05-27 11:59:38,2957.0,-0.12062135561204784
2024-05-27 11:59:39,2958.0,-0.12062127775875486
2024-05-27 11:59:40,2959.0,-0.12062119548868713
2024-05-27 11:59:41,2960.0,-0.12062110880530337
2024-05-27 11:59:42,2961.0,-0.12062101771206227
2024-05-27 11:59:43,2962.0,-0.12062092221242254
2024-05-27 11:59:44,2963.0,-0.12062082230984293
2024-05-27 11:59:45,2964.0,-0.1206207180077821
2024-05-27 11:59:46,2965.0,-0.12062060930969881
2024-05-27 11:59:47,2966.0,-0.12062049621905174
2024-05-27 11:59:48,2967.0,-0.12062037873929962
2024-05-27 11:59:49,2968.0,-0.12062025687390114
2024-05-27 11:59:50,2969.0,-0.12062013062631503
2024-05-27 11:59:51,2970.0,-0.12062
2024-05-27 11:59:52,2971.0,-0.12061820715146276
2024-05-27 11:59:53,2972.0,-0.12061324534832109
2024-05-27 11:59:54,2973.0,-0.1206053412607004
2024-05-27 11:59:55,2974.0,-0.12059472155872604
2024-05-27 11:59:56,2975.0,-0.12058161291252342
2024-05-27 11:59:57,2976.0,-0.1205662419922179
2024-05-27 11:59:58,2977.0,-0.12054883546793488
2024-05-27 11:59:59,2978.0,-0.12052962000979969
2024-05-27 12:00:00,2979.0,-0.12050882228793774
2024-05-27 12:00:01,2980.0,-0.12048666897247443
2024-05-27 12:00:02,2981.0,-0.1204633867335351
2024-05-27 12:00:03,2982.0,-0.12043920224124514
2024-05-27 12:00:04,2983.0,-0.12041434216572992
2024-05-27 12:00:05,2984.0,-0.12038903317711486
2024-05-27 12:00:06,2985.0,-0.1203635019455253
2024-05-27 12:00:07,2986.0,-0.12033797514108661
2024-05-27 12:00:08,2987.0,-0.1203126794339242
2024-05-27 12:00:09,2988.0,-0.12028784149416342
2024-05-27 12:00:10,2989.0,-0.12026368799192969
2024-05-27 12:00:11,2990.0,-0.12024044559734832
2024-05-27 12:00:12,2991.0,-0.12021834098054475
2024-05-27 12:00:13,2992.0,-0.12019760081164434
2024-05-27 12:00:14,2993.0,-0.12017845176077244
2024-05-27 12:00:15,2994.0,-0.12016112049805448
2024-05-27 12:00:16,2995.0,-0.12014583369361581
2024-05-27 12:00:17,2996.0,-0.1201328180175818
2024-05-27 12:00:18,2997.0,-0.12012230014007783
2024-05-27 12:00:19,2998.0,-0.1201145067312293
2024-05-27 12:00:20,2999.0,-0.12010966446116156
2024-05-27 12:00:21,3000.0,-0.120108
2024-05-27 12:00:22,3001.0,-0.1201080045059299
2024-05-27 12:00:23,3002.0,-0.12010801801523886
2024-05-27 12:00:24,3003.0,-0.12010804051520572
2024-05-27 12:00:25,3004.0,-0.1201080719931094
2024-05-27 12:00:26,3005.0,-0.12010811243622872
2024-05-27 12:00:27,3006.0,-0.12010816183184259
2024-05-27 12:00:28,3007.0,-0.12010822016722984
2024-05-27 12:00:29,3008.0,-0.12010828742966939
2024-05-27 12:00:30,3009.0,-0.12010836360644007
2024-05-27 12:00:31,3010.0,-0.12010844868482079
2024-05-27 12:00:32,3011.0,-0.12010854265209038
2024-05-27 12:00:33,3012.0,-0.12010864549552774
2024-05-27 12:00:34,3013.0,-0.12010875720241172
2024-05-27 12:00:35,3014.0,-0.12010887776002122
2024-05-27 12:00:36,3015.0,-0.12010900715563508
2024-05-27 12:00:37,3016.0,-0.12010914537653218
2024-05-27 12:00:38,3017.0,-0.1201092924099914
2024-05-27 12:00:39,3018.0,-0.12010944824329159
2024-05-27 12:00:40,3019.0,-0.12010961286371166
2024-05-27 12:00:41,3020.0,-0.12010978625853044
2024-05-27 12:00:42,3021.0,-0.12010996841502683
2024-05-27 12:00:43,3022.0,-0.12011015932047969
2024-05-27 12:00:44,3023.0,-0.1201103589621679
2024-05-27 12:00:45,3024.0,-0.12011056732737031
2024-05-27 12:00:46,3025.0,-0.12011078440336581
2024-05-27 12:00:47,3026.0,-0.12011101017743325
2024-05-27 12:00:48,3027.0,-0.12011124463685154
2024-05-27 12:00:49,3028.0,-0.1201114877688995
2024-05-27 12:00:50,3029.0,-0.12011173956085604
2024-05-27 12:00:51,3030.0,-0.12011200000000001
2024-05-27 12:00:52,3031.0,-0.1201132581624802
2024-05-27 12:00:53,3032.0,-0.12011644995187788
2024-05-27 12:00:54,3033.0,-0.12012149559662079
2024-05-27 12:00:55,3034.0,-0.12012831532513664
2024-05-27 12:00:56,3035.0,-0.12013682936585311
2024-05-27 12:00:57,3036.0,-0.12014695794719792
2024-05-27 12:00:58,3037.0,-0.12015862129759873
2024-05-27 12:00:59,3038.0,-0.1201717396454833
2024-05-27 12:01:00,3039.0,-0.12018623321927932
2024-05-27 12:01:01,3040.0,-0.12020202224741447
2024-05-27 12:01:02,3041.0,-0.12021902695831646
2024-05-27 12:01:03,3042.0,-0.120237167580413
2024-05-27 12:01:04,3043.0,-0.1202563643421318
2024-05-27 12:01:05,3044.0,-0.12027653747190056
2024-05-27 12:01:06,3045.0,-0.12029760719814696
2024-05-27 12:01:07,3046.0,-0.12031949374929872
2024-05-27 12:01:08,3047.0,-0.12034211735378357
2024-05-27 12:01:09,3048.0,-0.12036539824002918
2024-05-27 12:01:10,3049.0,-0.12038925663646323
2024-05-27 12:01:11,3050.0,-0.12041361277151347
2024-05-27 12:01:12,3051.0,-0.1204383868736076
2024-05-27 12:01:13,3052.0,-0.1204634991711733
2024-05-27 12:01:14,3053.0,-0.12048886989263825
2024-05-27 12:01:15,3054.0,-0.12051441926643022
2024-05-27 12:01:16,3055.0,-0.12054006752097686
2024-05-27 12:01:17,3056.0,-0.12056573488470591
2024-05-27 12:01:18,3057.0,-0.12059134158604502
2024-05-27 12:01:19,3058.0,-0.12061680785342196
2024-05-27 12:01:20,3059.0,-0.12064205391526439
2024-05-27 12:01:21,3060.0,-0.12066700000000001
2024-05-27 12:01:22,3061.0,-0.1206938091343613
2024-05-27 12:01:23,3062.0,-0.12072447457578366
2024-05-27 12:01:24,3063.0,-0.12075866189874927
2024-05-27 12:01:25,3064.0,-0.12079603667774029
2024-05-27 12:01:26,3065.0,-0.12083626448723889
2024-05-27 12:01:27,3066.0,-0.12087901090172723
2024-05-27 12:01:28,3067.0,-0.12092394149568748
2024-05-27 12:01:29,3068.0,-0.12097072184360179
2024-05-27 12:01:30,3069.0,-0.12101901751995235
2024-05-27 12:01:31,3070.0,-0.12106849409922132
2024-05-27 12:01:32,3071.0,-0.12111881715589085
2024-05-27 12:01:33,3072.0,-0.12116965226444312
2024-05-27 12:01:34,3073.0,-0.1212206649993603
2024-05-27 12:01:35,3074.0,-0.12127152093512451
2024-05-27 12:01:36,3075.0,-0.12132188564621799
2024-05-27 12:01:37,3076.0,-0.12137142470712285
2024-05-27 12:01:38,3077.0,-0.12141980369232126
2024-05-27 12:01:39,3078.0,-0.12146668817629541
2024-05-27 12:01:40,3079.0,-0.12151174373352745
2024-05-27 12:01:41,3080.0,-0.12155463593849955
2024-05-27 12:01:42,3081.0,-0.12159503036569386
2024-05-27 12:01:43,3082.0,-0.12163259258959258
2024-05-27 12:01:44,3083.0,-0.12166698818467782
2024-05-27 12:01:45,3084.0,-0.1216978827254318
2024-05-27 12:01:46,3085.0,-0.12172494178633667
2024-05-27 12:01:47,3086.0,-0.12174783094187457
2024-05-27 12:01:48,3087.0,-0.12176621576652769
2024-05-27 12:01:49,3088.0,-0.12177976183477819
2024-05-27 12:01:50,3089.0,-0.12178813472110823
2024-05-27 12:01:51,3090.0,-0.121791
2024-05-27 12:01:52,3091.0,-0.12178736918518518
2024-05-27 12:01:53,3092.0,-0.12177680681481481
2024-05-27 12:01:54,3093.0,-0.121759808
2024-05-27 12:01:55,3094.0,-0.12173686785185185
2024-05-27 12:01:56,3095.0,-0.12170848148148147
2024-05-27 12:01:57,3096.0,-0.121675144
2024-05-27 12:01:58,3097.0,-0.12163735051851851
2024-05-27 12:01:59,3098.0,-0.12159559614814815
2024-05-27 12:02:00,3099.0,-0.121550376
2024-05-27 12:02:01,3100.0,-0.12150218518518519
2024-05-27 12:02:02,3101.0,-0.12145151881481481
2024-05-27 12:02:03,3102.0,-0.12139887199999999
2024-05-27 12:02:04,3103.0,-0.12134473985185185
2024-05-27 12:02:05,3104.0,-0.12128961748148147
2024-05-27 12:02:06,3105.0,-0.121234
2024-05-27 12:02:07,3106.0,-0.12117838251851851
2024-05-27 12:02:08,3107.0,-0.12112326014814814
2024-05-27 12:02:09,3108.0,-0.121069128
2024-05-27 12:02:10,3109.0,-0.12101648118518518
2024-05-27 12:02:11,3110.0,-0.1209658148148148
2024-05-27 12:02:12,3111.0,-0.120917624
2024-05-27 12:02:13,3112.0,-0.12087240385185184
2024-05-27 12:02:14,3113.0,-0.12083064948148148
2024-05-27 12:02:15,3114.0,-0.12079285599999999
2024-05-27 12:02:16,3115.0,-0.12075951851851852
2024-05-27 12:02:17,3116.0,-0.12073113214814814
2024-05-27 12:02:18,3117.0,-0.12070819199999999
2024-05-27 12:02:19,3118.0,-0.12069119318518517
2024-05-27 12:02:20,3119.0,-0.12068063081481481
2024-05-27 12:02:21,3120.0,-0.12067699999999999
2024-05-27 12:02:22,3121.0,-0.12068074162962962
2024-05-27 12:02:23,3122.0,-0.12069162637037037
2024-05-27 12:02:24,3123.0,-0.12070914399999999
2024-05-27 12:02:25,3124.0,-0.12073278429629629
2024-05-27 12:02:26,3125.0,-0.12076203703703704
2024-05-27 12:02:27,3126.0,-0.12079639199999999
2024-05-27 12:02:28,3127.0,-0.12083533896296296
2024-05-27 12:02:29,3128.0,-0.12087836770370369
2024-05-27 12:02:30,3129.0,-0.120924968
2024-05-27 12:02:31,3130.0,-0.12097462962962963
2024-05-27 12:02:32,3131.0,-0.12102684237037037
2024-05-27 12:02:33,3132.0,-0.121081096
2024-05-27 12:02:34,3133.0,-0.1211368802962963
2024-05-27 12:02:35,3134.0,-0.12119368503703702
2024-05-27 12:02:36,3135.0,-0.121251
2024-05-27 12:02:37,3136.0,-0.12130831496296296
2024-05-27 12:02:38,3137.0,-0.1213651197037037
2024-05-27 12:02:39,3138.0,-0.121420904
2024-05-27 12:02:40,3139.0,-0.12147515762962964
2024-05-27 12:02:41,3140.0,-0.12152737037037037
2024-05-27 12:02:42,3141.0,-0.121577032
2024-05-27 12:02:43,3142.0,-0.1216236322962963
2024-05-27 12:02:44,3143.0,-0.12166666103703704
2024-05-27 12:02:45,3144.0,-0.121705608
2024-05-27 12:02:46,3145.0,-0.12173996296296297
2024-05-27 12:02:47,3146.0,-0.1217692157037037
2024-05-27 12:02:48,3147.0,-0.121792856
2024-05-27 12:02:49,3148.0,-0.12181037362962964
2024-05-27 12:02:50,3149.0,-0.12182125837037037
2024-05-27 12:02:51,3150.0,-0.121825
2024-05-27 12:02:52,3151.0,-0.12181769925925927
2024-05-27 12:02:53,3152.0,-0.12179646074074074
2024-05-27 12:02:54,3153.0,-0.12176228
2024-05-27 12:02:55,3154.0,-0.1217161525925926
2024-05-27 12:02:56,3155.0,-0.12165907407407407
2024-05-27 12:02:57,3156.0,-0.12159204
2024-05-27 12:02:58,3157.0,-0.12151604592592594
2024-05-27 12:02:59,3158.0,-0.12143208740740742
2024-05-27 12:03:00,3159.0,-0.12134116
2024-05-27 12:03:01,3160.0,-0.12124425925925927
2024-05-27 12:03:02,3161.0,-0.12114238074074075
2024-05-27 12:03:03,3162.0,-0.12103652000000001
2024-05-27 12:03:04,3163.0,-0.1209276725925926
2024-05-27 12:03:05,3164.0,-0.12081683407407408
2024-05-27 12:03:06,3165.0,-0.120705
2024-05-27 12:03:07,3166.0,-0.12059316592592594
2024-05-27 12:03:08,3167.0,-0.12048232740740741
2024-05-27 12:03:09,3168.0,-0.12037348
2024-05-27 12:03:10,3169.0,-0.12026761925925926
2024-05-27 12:03:11,3170.0,-0.12016574074074075
2024-05-27 12:03:12,3171.0,-0.12006884000000001
2024-05-27 12:03:13,3172.0,-0.11997791259259259
2024-05-27 12:03:14,3173.0,-0.11989395407407409
2024-05-27 12:03:15,3174.0,-0.11981796000000002
2024-05-27 12:03:16,3175.0,-0.11975092592592593
2024-05-27 12:03:17,3176.0,-0.11969384740740742
2024-05-27 12:03:18,3177.0,-0.11964772000000001
2024-05-27 12:03:19,3178.0,-0.11961353925925926
2024-05-27 12:03:20,3179.0,-0.11959230074074075
2024-05-27 12:03:21,3180.0,-0.11958500000000001
2024-05-27 12:03:22,3181.0,-0.11959030607407409
2024-05-27 12:03:23,3182.0,-0.11960574192592593
2024-05-27 12:03:24,3183.0,-0.11963058400000001
2024-05-27 12:03:25,3184.0,-0.11966410874074075
2024-05-27 12:03:26,3185.0,-0.11970559259259261
2024-05-27 12:03:27,3186.0,-0.11975431200000002
2024-05-27 12:03:28,3187.0,-0.11980954340740742
2024-05-27 12:03:29,3188.0,-0.11987056325925927
2024-05-27 12:03:30,3189.0,-0.119936648
2024-05-27 12:03:31,3190.0,-0.12000707407407409
2024-05-27 12:03:32,3191.0,-0.12008111792592593
2024-05-27 12:03:33,3192.0,-0.12015805600000001
2024-05-27 12:03:34,3193.0,-0.12023716474074075
2024-05-27 12:03:35,3194.0,-0.1203177205925926
2024-05-27 12:03:36,3195.0,-0.120399
2024-05-27 12:03:37,3196.0,-0.12048027940740741
2024-05-27 12:03:38,3197.0,-0.12056083525925926
2024-05-27 12:03:39,3198.0,-0.12063994400000001
2024-05-27 12:03:40,3199.0,-0.12071688207407408
2024-05-27 12:03:41,3200.0,-0.12079092592592593
2024-05-27 12:03:42,3201.0,-0.120861352
2024-05-27 12:03:43,3202.0,-0.12092743674074075
2024-05-27 12:03:44,3203.0,-0.1209884565925926
2024-05-27 12:03:45,3204.0,-0.121043688
2024-05-27 12:03:46,3205.0,-0.12109240740740741
2024-05-27 12:03:47,3206.0,-0.12113389125925926
2024-05-27 12:03:48,3207.0,-0.121167416
2024-05-27 12:03:49,3208.0,-0.12119225807407408
2024-05-27 12:03:50,3209.0,-0.12120769392592594
2024-05-27 12:03:51,3210.0,-0.121213
2024-05-27 12:03:52,3211.0,-0.1212113442962963
2024-05-27 12:03:53,3212.0,-0.1212065277037037
2024-05-27 12:03:54,3213.0,-0.12119877600000001
2024-05-27 12:03:55,3214.0,-0.12118831496296296
2024-05-27 12:03:56,3215.0,-0.12117537037037036
2024-05-27 12:03:57,3216.0,-0.121160168
2024-05-27 12:03:58,3217.0,-0.12114293362962963
2024-05-27 12:03:59,3218.0,-0.12112389303703704
2024-05-27 12:04:00,3219.0,-0.121103272
2024-05-27 12:04:01,3220.0,-0.12108129629629628
2024-05-27 12:04:02,3221.0,-0.1210581917037037
2024-05-27 12:04:03,3222.0,-0.12103418399999999
2024-05-27 12:04:04,3223.0,-0.12100949896296297
2024-05-27 12:04:05,3224.0,-0.12098436237037037
2024-05-27 12:04:06,3225.0,-0.120959
2024-05-27 12:04:07,3226.0,-0.12093363762962962
2024-05-27 12:04:08,3227.0,-0.12090850103703704
2024-05-27 12:04:09,3228.0,-0.120883816
2024-05-27 12:04:10,3229.0,-0.12085980829629629
2024-05-27 12:04:11,3230.0,-0.1208367037037037
2024-05-27 12:04:12,3231.0,-0.120814728
2024-05-27 12:04:13,3232.0,-0.12079410696296296
2024-05-27 12:04:14,3233.0,-0.12077506637037036
2024-05-27 12:04:15,3234.0,-0.12075783199999998
2024-05-27 12:04:16,3235.0,-0.12074262962962962
2024-05-27 12:04:17,3236.0,-0.12072968503703703
2024-05-27 12:04:18,3237.0,-0.120719224
2024-05-27 12:04:19,3238.0,-0.12071147229629628
2024-05-27 12:04:20,3239.0,-0.12070665570370369
2024-05-27 12:04:21,3240.0,-0.12070499999999999
2024-05-27 12:04:22,3241.0,-0.12071133837037036
2024-05-27 12:04:23,3242.0,-0.1207298225185185
2024-05-27 12:04:24,3243.0,-0.12075965599999999
2024-05-27 12:04:25,3244.0,-0.12080004237037036
2024-05-27 12:04:26,3245.0,-0.12085018518518517
2024-05-27 12:04:27,3246.0,-0.120909288
2024-05-27 12:04:28,3247.0,-0.12097655437037037
2024-05-27 12:04:29,3248.0,-0.12105118785185184
2024-05-27 12:04:30,3249.0,-0.12113239199999999
2024-05-27 12:04:31,3250.0,-0.12121937037037037
2024-05-27 12:04:32,3251.0,-0.12131132651851852
2024-05-27 12:04:33,3252.0,-0.12140746399999999
2024-05-27 12:04:34,3253.0,-0.12150698637037036
2024-05-27 12:04:35,3254.0,-0.12160909718518519
2024-05-27 12:04:36,3255.0,-0.12171299999999999
2024-05-27 12:04:37,3256.0,-0.12181789837037037
2024-05-27 12:04:38,3257.0,-0.12192299585185186
2024-05-27 12:04:39,3258.0,-0.12202749599999999
2024-05-27 12:04:40,3259.0,-0.12213060237037036
2024-05-27 12:04:41,3260.0,-0.12223151851851852
2024-05-27 12:04:42,3261.0,-0.12232944800000001
2024-05-27 12:04:43,3262.0,-0.12242359437037037
2024-05-27 12:04:44,3263.0,-0.12251316118518518
2024-05-27 12:04:45,3264.0,-0.122597352
2024-05-27 12:04:46,3265.0,-0.12267537037037037
2024-05-27 12:04:47,3266.0,-0.12274641985185186
2024-05-27 12:04:48,3267.0,-0.12280970399999999
2024-05-27 12:04:49,3268.0,-0.12286442637037036
2024-05-27 12:04:50,3269.0,-0.12290979051851851
2024-05-27 12:04:51,3270.0,-0.122945
2024-05-27 12:04:52,3271.0,-0.12297473392592592
2024-05-27 12:04:53,3272.0,-0.1230041691851852
2024-05-27 12:04:54,3273.0,-0.12303325600000001
2024-05-27 12:04:55,3274.0,-0.12306194459259259
2024-05-27 12:04:56,3275.0,-0.12309018518518519
2024-05-27 12:04:57,3276.0,-0.123117928
2024-05-27 12:04:58,3277.0,-0.12314512325925926
2024-05-27 12:04:59,3278.0,-0.12317172118518518
2024-05-27 12:05:00,3279.0,-0.12319767200000001
2024-05-27 12:05:01,3280.0,-0.12322292592592593
2024-05-27 12:05:02,3281.0,-0.12324743318518519
2024-05-27 12:05:03,3282.0,-0.123271144
2024-05-27 12:05:04,3283.0,-0.12329400859259258
2024-05-27 12:05:05,3284.0,-0.1233159771851852
2024-05-27 12:05:06,3285.0,-0.123337
2024-05-27 12:05:07,3286.0,-0.12335702725925926
2024-05-27 12:05:08,3287.0,-0.1233760091851852
2024-05-27 12:05:09,3288.0,-0.123393896
2024-05-27 12:05:10,3289.0,-0.12341063792592592
2024-05-27 12:05:11,3290.0,-0.1234261851851852
2024-05-27 12:05:12,3291.0,-0.12344048800000001
2024-05-27 12:05:13,3292.0,-0.1234534965925926
2024-05-27 12:05:14,3293.0,-0.12346516118518519
2024-05-27 12:05:15,3294.0,-0.123475432
2024-05-27 12:05:16,3295.0,-0.12348425925925927
2024-05-27 12:05:17,3296.0,-0.1234915931851852
2024-05-27 12:05:18,3297.0,-0.123497384
2024-05-27 12:05:19,3298.0,-0.12350158192592592
2024-05-27 12:05:20,3299.0,-0.12350413718518519
2024-05-27 12:05:21,3300.0,-0.123505
2024-05-27 12:05:22,3301.0,-0.12350315851851852
2024-05-27 12:05:23,3302.0,-0.12349780148148148
2024-05-27 12:05:24,3303.0,-0.12348918
2024-05-27 12:05:25,3304.0,-0.12347754518518518
2024-05-27 12:05:26,3305.0,-0.12346314814814816
2024-05-27 12:05:27,3306.0,-0.12344624000000001
2024-05-27 12:05:28,3307.0,-0.12342707185185185
2024-05-27 12:05:29,3308.0,-0.12340589481481481
2024-05-27 12:05:30,3309.0,-0.12338296
2024-05-27 12:05:31,3310.0,-0.12335851851851852
2024-05-27 12:05:32,3311.0,-0.12333282148148149
2024-05-27 12:05:33,3312.0,-0.12330612
2024-05-27 12:05:34,3313.0,-0.12327866518518518
2024-05-27 12:05:35,3314.0,-0.12325070814814816
2024-05-27 12:05:36,3315.0,-0.1232225
2024-05-27 12:05:37,3316.0,-0.12319429185185186
2024-05-27 12:05:38,3317.0,-0.12316633481481483
2024-05-27 12:05:39,3318.0,-0.12313888
2024-05-27 12:05:40,3319.0,-0.12311217851851852
2024-05-27 12:05:41,3320.0,-0.12308648148148149
2024-05-27 12:05:42,3321.0,-0.12306204
2024-05-27 12:05:43,3322.0,-0.1230391051851852
2024-05-27 12:05:44,3323.0,-0.12301792814814816
2024-05-27 12:05:45,3324.0,-0.12299876
2024-05-27 12:05:46,3325.0,-0.12298185185185186
2024-05-27 12:05:47,3326.0,-0.12296745481481482
2024-05-27 12:05:48,3327.0,-0.12295582000000001
2024-05-27 12:05:49,3328.0,-0.12294719851851853
2024-05-27 12:05:50,3329.0,-0.12294184148148149
2024-05-27 12:05:51,3330.0,-0.12294000000000001
2024-05-27 12:05:52,3331.0,-0.12294122915006273
2024-05-27 12:05:53,3332.0,-0.1229448331925794
2024-05-27 12:05:54,3333.0,-0.1229506870160428
2024-05-27 12:05:55,3334.0,-0.12295866550894567
2024-05-27 12:05:56,3335.0,-0.12296864355978082
2024-05-27 12:05:57,3336.0,-0.122980496057041
2024-05-27 12:05:58,3337.0,-0.122994097889219
2024-05-27 12:05:59,3338.0,-0.12300932394480756
2024-05-27 12:06:00,3339.0,-0.12302604911229947
2024-05-27 12:06:01,3340.0,-0.12304414828018749
2024-05-27 12:06:02,3341.0,-0.12306349633696442
2024-05-27 12:06:03,3342.0,-0.12308396817112299
2024-05-27 12:06:04,3343.0,-0.12310543867115602
2024-05-27 12:06:05,3344.0,-0.12312778272555622
2024-05-27 12:06:06,3345.0,-0.1231508752228164
2024-05-27 12:06:07,3346.0,-0.12317459105142932
2024-05-27 12:06:08,3347.0,-0.12319880509988777
2024-05-27 12:06:09,3348.0,-0.1232233922566845
2024-05-27 12:06:10,3349.0,-0.12324822741031229
2024-05-27 12:06:11,3350.0,-0.12327318544926388
2024-05-27 12:06:12,3351.0,-0.12329814126203209
2024-05-27 12:06:13,3352.0,-0.12332296973710966
2024-05-27 12:06:14,3353.0,-0.12334754576298937
2024-05-27 12:06:15,3354.0,-0.123371744228164
2024-05-27 12:06:16,3355.0,-0.1233954400211263
2024-05-27 12:06:17,3356.0,-0.12341850803036905
2024-05-27 12:06:18,3357.0,-0.12344082314438502
2024-05-27 12:06:19,3358.0,-0.123462260251667
2024-05-27 12:06:20,3359.0,-0.12348269424070774
2024-05-27 12:06:21,3360.0,-0.123502
2024-05-27 12:06:22,3361.0,-0.12352129924077375
2024-05-27 12:06:23,3362.0,-0.12354171426685154
2024-05-27 12:06:24,3363.0,-0.12356312085561498
2024-05-27 12:06:25,3364.0,-0.12358539478444576
2024-05-27 12:06:26,3365.0,-0.12360841183072555
2024-05-27 12:06:27,3366.0,-0.123632047771836
2024-05-27 12:06:28,3367.0,-0.12365617838515879
2024-05-27 12:06:29,3368.0,-0.12368067944807552
2024-05-27 12:06:30,3369.0,-0.12370542673796792
2024-05-27 12:06:31,3370.0,-0.12373029603221761
2024-05-27 12:06:32,3371.0,-0.12375516310820624
2024-05-27 12:06:33,3372.0,-0.1237799037433155
2024-05-27 12:06:34,3373.0,-0.12380439371492706
2024-05-27 12:06:35,3374.0,-0.12382850880042252
2024-05-27 12:06:36,3375.0,-0.1238521247771836
2024-05-27 12:06:37,3376.0,-0.12387511742259193
2024-05-27 12:06:38,3377.0,-0.12389736251402918
2024-05-27 12:06:39,3378.0,-0.12391873582887701
2024-05-27 12:06:40,3379.0,-0.12393911314451707
2024-05-27 12:06:41,3380.0,-0.12395837023833103
2024-05-27 12:06:42,3381.0,-0.12397638288770055
2024-05-27 12:06:43,3382.0,-0.12399302687000727
2024-05-27 12:06:44,3383.0,-0.12400817796263286
2024-05-27 12:06:45,3384.0,-0.12402171194295901
2024-05-27 12:06:46,3385.0,-0.12403350458836734
2024-05-27 12:06:47,3386.0,-0.12404343167623952
2024-05-27 12:06:48,3387.0,-0.12405136898395723
2024-05-27 12:06:49,3388.0,-0.1240571922889021
2024-05-27 12:06:50,3389.0,-0.1240607773684558
2024-05-27 12:06:51,3390.0,-0.124062
2024-05-27 12:06:52,3391.0,-0.124062
2024-05-27 12:06:53,3392.0,-0.124062
2024-05-27 12:06:54,3393.0,-0.124062
2024-05-27 12:06:55,3394.0,-0.124062
2024-05-27 12:06:56,3395.0,-0.124062
2024-05-27 12:06:57,3396.0,-0.124062
2024-05-27 12:06:58,3397.0,-0.124062
2024-05-27 12:06:59,3398.0,-0.124062
2024-05-27 12:07:00,3399.0,-0.124062
2024-05-27 12:07:01,3400.0,-0.124062
2024-05-27 12:07:02,3401.0,-0.124062
2024-05-27 12:07:03,3402.0,-0.124062
2024-05-27 12:07:04,3403.0,-0.124062
2024-05-27 12:07:05,3404.0,-0.124062
2024-05-27 12:07:06,3405.0,-0.124062
2024-05-27 12:07:07,3406.0,-0.124062
2024-05-27 12:07:08,3407.0,-0.124062
2024-05-27 12:07:09,3408.0,-0.124062
2024-05-27 12:07:10,3409.0,-0.124062
2024-05-27 12:07:11,3410.0,-0.124062
2024-05-27 12:07:12,3411.0,-0.124062
2024-05-27 12:07:13,3412.0,-0.124062
2024-05-27 12:07:14,3413.0,-0.124062
2024-05-27 12:07:15,3414.0,-0.124062
2024-05-27 12:07:16,3415.0,-0.124062
2024-05-27 12:07:17,3416.0,-0.124062
2024-05-27 12:07:18,3417.0,-0.124062
2024-05-27 12:07:19,3418.0,-0.124062
2024-05-27 12:07:20,3419.0,-0.124062
2024-05-27 12:07:21,3420.0,-0.124062
2024-05-27 12:07:22,3421.0,-0.12406564059259259
2024-05-27 12:07:23,3422.0,-0.12407623140740741
2024-05-27 12:07:24,3423.0,-0.124093276
2024-05-27 12:07:25,3424.0,-0.12411627792592593
2024-05-27 12:07:26,3425.0,-0.12414474074074074
2024-05-27 12:07:27,3426.0,-0.124178168
2024-05-27 12:07:28,3427.0,-0.12421606325925925
2024-05-27 12:07:29,3428.0,-0.12425793007407408
2024-05-27 12:07:30,3429.0,-0.12430327199999999
2024-05-27 12:07:31,3430.0,-0.12435159259259258
2024-05-27 12:07:32,3431.0,-0.12440239540740741
2024-05-27 12:07:33,3432.0,-0.124455184
2024-05-27 12:07:34,3433.0,-0.12450946192592592
2024-05-27 12:07:35,3434.0,-0.12456473274074074
2024-05-27 12:07:36,3435.0,-0.1246205
2024-05-27 12:07:37,3436.0,-0.12467626725925925
2024-05-27 12:07:38,3437.0,-0.12473153807407406
2024-05-27 12:07:39,3438.0,-0.12478581600000001
2024-05-27 12:07:40,3439.0,-0.12483860459259258
2024-05-27 12:07:41,3440.0,-0.12488940740740741
2024-05-27 12:07:42,3441.0,-0.124937728
2024-05-27 12:07:43,3442.0,-0.12498306992592592
2024-05-27 12:07:44,3443.0,-0.12502493674074072
2024-05-27 12:07:45,3444.0,-0.12506283199999998
2024-05-27 12:07:46,3445.0,-0.12509625925925924
2024-05-27 12:07:47,3446.0,-0.12512472207407405
2024-05-27 12:07:48,3447.0,-0.125147724
2024-05-27 12:07:49,3448.0,-0.1251647685925926
2024-05-27 12:07:50,3449.0,-0.1251753594074074
2024-05-27 12:07:51,3450.0,-0.12517899999999998
2024-05-27 12:07:52,3451.0,-0.12517899999999998
2024-05-27 12:07:53,3452.0,-0.12517899999999998
2024-05-27 12:07:54,3453.0,-0.12517899999999998
2024-05-27 12:07:55,3454.0,-0.12517899999999998
2024-05-27 12:07:56,3455.0,-0.12517899999999998
2024-05-27 12:07:57,3456.0,-0.12517899999999998
2024-05-27 12:07:58,3457.0,-0.12517899999999998
2024-05-27 12:07:59,3458.0,-0.12517899999999998
2024-05-27 12:08:00,3459.0,-0.12517899999999998
2024-05-27 12:08:01,3460.0,-0.12517899999999998
2024-05-27 12:08:02,3461.0,-0.12517899999999998
2024-05-27 12:08:03,3462.0,-0.12517899999999998
2024-05-27 12:08:04,3463.0,-0.12517899999999998
2024-05-27 12:08:05,3464.0,-0.12517899999999998
2024-05-27 12:08:06,3465.0,-0.12517899999999998
2024-05-27 12:08:07,3466.0,-0.12517899999999998
2024-05-27 12:08:08,3467.0,-0.12517899999999998
2024-05-27 12:08:09,3468.0,-0.12517899999999998
2024-05-27 12:08:10,3469.0,-0.12517899999999998
2024-05-27 12:08:11,3470.0,-0.12517899999999998
2024-05-27 12:08:12,3471.0,-0.12517899999999998
2024-05-27 12:08:13,3472.0,-0.12517899999999998
2024-05-27 12:08:14,3473.0,-0.12517899999999998
2024-05-27 12:08:15,3474.0,-0.12517899999999998
2024-05-27 12:08:16,3475.0,-0.12517899999999998
2024-05-27 12:08:17,3476.0,-0.12517899999999998
2024-05-27 12:08:18,3477.0,-0.12517899999999998
2024-05-27 12:08:19,3478.0,-0.12517899999999998
2024-05-27 12:08:20,3479.0,-0.12517899999999998
2024-05-27 12:08:21,3480.0,-0.12517899999999998
2024-05-27 12:08:22,3481.0,-0.12517899999999998
2024-05-27 12:08:23,3482.0,-0.12517899999999998
2024-05-27 12:08:24,3483.0,-0.12517899999999998
2024-05-27 12:08:25,3484.0,-0.12517899999999998
2024-05-27 12:08:26,3485.0,-0.12517899999999998
2024-05-27 12:08:27,3486.0,-0.12517899999999998
2024-05-27 12:08:28,3487.0,-0.12517899999999998
2024-05-27 12:08:29,3488.0,-0.12517899999999998
2024-05-27 12:08:30,3489.0,-0.12517899999999998
2024-05-27 12:08:31,3490.0,-0.12517899999999998
2024-05-27 12:08:32,3491.0,-0.12517899999999998
2024-05-27 12:08:33,3492.0,-0.12517899999999998
2024-05-27 12:08:34,3493.0,-0.12517899999999998
2024-05-27 12:08:35,3494.0,-0.12517899999999998
2024-05-27 12:08:36,3495.0,-0.12517899999999998
2024-05-27 12:08:37,3496.0,-0.12517899999999998
2024-05-27 12:08:38,3497.0,-0.12517899999999998
2024-05-27 12:08:39,3498.0,-0.12517899999999998
2024-05-27 12:08:40,3499.0,-0.12517899999999998
2024-05-27 12:08:41,3500.0,-0.12517899999999998
2024-05-27 12:08:42,3501.0,-0.12517899999999998
2024-05-27 12:08:43,3502.0,-0.12517899999999998
2024-05-27 12:08:44,3503.0,-0.12517899999999998
2024-05-27 12:08:45,3504.0,-0.12517899999999998
2024-05-27 12:08:46,3505.0,-0.12517899999999998
2024-05-27 12:08:47,3506.0,-0.12517899999999998
2024-05-27 12:08:48,3507.0,-0.12517899999999998
2024-05-27 12:08:49,3508.0,-0.12517899999999998
2024-05-27 12:08:50,3509.0,-0.12517899999999998
2024-05-27 12:08:51,3510.0,-0.12517899999999998
2024-05-27 12:08:52,3511.0,-0.12517899999999998
2024-05-27 12:08:53,3512.0,-0.12517899999999998
2024-05-27 12:08:54,3513.0,-0.12517899999999998
2024-05-27 12:08:55,3514.0,-0.12517899999999998
2024-05-27 12:08:56,3515.0,-0.12517899999999998
2024-05-27 12:08:57,3516.0,-0.12517899999999998
2024-05-27 12:08:58,3517.0,-0.12517899999999998
2024-05-27 12:08:59,3518.0,-0.12517899999999998
2024-05-27 12:09:00,3519.0,-0.12517899999999998
2024-05-27 12:09:01,3520.0,-0.12517899999999998
2024-05-27 12:09:02,3521.0,-0.12517899999999998
2024-05-27 12:09:03,3522.0,-0.12517899999999998
2024-05-27 12:09:04,3523.0,-0.12517899999999998
2024-05-27 12:09:05,3524.0,-0.12517899999999998
2024-05-27 12:09:06,3525.0,-0.12517899999999998
2024-05-27 12:09:07,3526.0,-0.12517899999999998
2024-05-27 12:09:08,3527.0,-0.12517899999999998
2024-05-27 12:09:09,3528.0,-0.12517899999999998
2024-05-27 12:09:10,3529.0,-0.12517899999999998
2024-05-27 12:09:11,3530.0,-0.12517899999999998
2024-05-27 12:09:12,3531.0,-0.12517899999999998
2024-05-27 12:09:13,3532.0,-0.12517899999999998
2024-05-27 12:09:14,3533.0,-0.12517899999999998
2024-05-27 12:09:15,3534.0,-0.12517899999999998
2024-05-27 12:09:16,3535.0,-0.12517899999999998
2024-05-27 12:09:17,3536.0,-0.12517899999999998
2024-05-27 12:09:18,3537.0,-0.12517899999999998
2024-05-27 12:09:19,3538.0,-0.12517899999999998
2024-05-27 12:09:20,3539.0,-0.12517899999999998
2024-05-27 12:09:21,3540.0,-0.12517899999999998
2024-05-27 12:09:22,3541.0,-0.12517899999999998
2024-05-27 12:09:23,3542.0,-0.12517899999999998
2024-05-27 12:09:24,3543.0,-0.12517899999999998
2024-05-27 12:09:25,3544.0,-0.12517899999999998
2024-05-27 12:09:26,3545.0,-0.12517899999999998
2024-05-27 12:09:27,3546.0,-0.12517899999999998
2024-05-27 12:09:28,3547.0,-0.12517899999999998
2024-05-27 12:09:29,3548.0,-0.12517899999999998
2024-05-27 12:09:30,3549.0,-0.12517899999999998
2024-05-27 12:09:31,3550.0,-0.12517899999999998
2024-05-27 12:09:32,3551.0,-0.12517899999999998
2024-05-27 12:09:33,3552.0,-0.12517899999999998
2024-05-27 12:09:34,3553.0,-0.12517899999999998
2024-05-27 12:09:35,3554.0,-0.12517899999999998
2024-05-27 12:09:36,3555.0,-0.12517899999999998
2024-05-27 12:09:37,3556.0,-0.12517899999999998
2024-05-27 12:09:38,3557.0,-0.12517899999999998
2024-05-27 12:09:39,3558.0,-0.12517899999999998
2024-05-27 12:09:40,3559.0,-0.12517899999999998
2024-05-27 12:09:41,3560.0,-0.12517899999999998
2024-05-27 12:09:42,3561.0,-0.12517899999999998
2024-05-27 12:09:43,3562.0,-0.12517899999999998
2024-05-27 12:09:44,3563.0,-0.12517899999999998
2024-05-27 12:09:45,3564.0,-0.12517899999999998
2024-05-27 12:09:46,3565.0,-0.12517899999999998
2024-05-27 12:09:47,3566.0,-0.12517899999999998
2024-05-27 12:09:48,3567.0,-0.12517899999999998
2024-05-27 12:09:49,3568.0,-0.12517899999999998
2024-05-27 12:09:50,3569.0,-0.12517899999999998
2024-05-27 12:09:51,3570.0,-0.12517899999999998
2024-05-27 12:09:52,3571.0,-0.12517915644444444
2024-05-27 12:09:53,3572.0,-0.12517961155555554
2024-05-27 12:09:54,3573.0,-0.12518034399999997
2024-05-27 12:09:55,3574.0,-0.12518133244444443
2024-05-27 12:09:56,3575.0,-0.12518255555555555
2024-05-27 12:09:57,3576.0,-0.12518399199999997
2024-05-27 12:09:58,3577.0,-0.12518562044444445
2024-05-27 12:09:59,3578.0,-0.12518741955555554
2024-05-27 12:10:00,3579.0,-0.125189368
2024-05-27 12:10:01,3580.0,-0.12519144444444444
2024-05-27 12:10:02,3581.0,-0.12519362755555555
2024-05-27 12:10:03,3582.0,-0.12519589599999997
2024-05-27 12:10:04,3583.0,-0.12519822844444442
2024-05-27 12:10:05,3584.0,-0.12520060355555554
2024-05-27 12:10:06,3585.0,-0.12520299999999998
2024-05-27 12:10:07,3586.0,-0.12520539644444442
2024-05-27 12:10:08,3587.0,-0.12520777155555557
2024-05-27 12:10:09,3588.0,-0.125210104
2024-05-27 12:10:10,3589.0,-0.12521237244444444
2024-05-27 12:10:11,3590.0,-0.12521455555555555
2024-05-27 12:10:12,3591.0,-0.125216632
2024-05-27 12:10:13,3592.0,-0.12521858044444445
2024-05-27 12:10:14,3593.0,-0.12522037955555554
2024-05-27 12:10:15,3594.0,-0.125222008
2024-05-27 12:10:16,3595.0,-0.12522344444444444
2024-05-27 12:10:17,3596.0,-0.12522466755555556
2024-05-27 12:10:18,3597.0,-0.12522565600000002
2024-05-27 12:10:19,3598.0,-0.12522638844444445
2024-05-27 12:10:20,3599.0,-0.12522684355555558
2024-05-27 12:10:21,3600.0,-0.125227
2024-05-27 12:10:22,3601.0,-0.12522502162962965
2024-05-27 12:10:23,3602.0,-0.1252192663703704
2024-05-27 12:10:24,3603.0,-0.125210004
2024-05-27 12:10:25,3604.0,-0.1251975042962963
2024-05-27 12:10:26,3605.0,-0.12518203703703704
2024-05-27 12:10:27,3606.0,-0.125163872
2024-05-27 12:10:28,3607.0,-0.12514327896296298
2024-05-27 12:10:29,3608.0,-0.1251205277037037
2024-05-27 12:10:30,3609.0,-0.12509588800000002
2024-05-27 12:10:31,3610.0,-0.12506962962962964
2024-05-27 12:10:32,3611.0,-0.12504202237037038
2024-05-27 12:10:33,3612.0,-0.125013336
2024-05-27 12:10:34,3613.0,-0.12498384029629632
2024-05-27 12:10:35,3614.0,-0.12495380503703706
2024-05-27 12:10:36,3615.0,-0.1249235
2024-05-27 12:10:37,3616.0,-0.12489319496296297
2024-05-27 12:10:38,3617.0,-0.12486315970370372
2024-05-27 12:10:39,3618.0,-0.12483366400000001
2024-05-27 12:10:40,3619.0,-0.12480497762962965
2024-05-27 12:10:41,3620.0,-0.12477737037037039
2024-05-27 12:10:42,3621.0,-0.12475111200000001
2024-05-27 12:10:43,3622.0,-0.12472647229629631
2024-05-27 12:10:44,3623.0,-0.12470372103703706
2024-05-27 12:10:45,3624.0,-0.12468312800000003
2024-05-27 12:10:46,3625.0,-0.12466496296296299
2024-05-27 12:10:47,3626.0,-0.12464949570370372
2024-05-27 12:10:48,3627.0,-0.12463699600000003
2024-05-27 12:10:49,3628.0,-0.12462773362962964
2024-05-27 12:10:50,3629.0,-0.12462197837037038
2024-05-27 12:10:51,3630.0,-0.12462000000000002
2024-05-27 12:10:52,3631.0,-0.1246239697777778
2024-05-27 12:10:53,3632.0,-0.12463551822222224
2024-05-27 12:10:54,3633.0,-0.12465410400000003
2024-05-27 12:10:55,3634.0,-0.1246791857777778
2024-05-27 12:10:56,3635.0,-0.12471022222222225
2024-05-27 12:10:57,3636.0,-0.12474667200000002
2024-05-27 12:10:58,3637.0,-0.1247879937777778
2024-05-27 12:10:59,3638.0,-0.12483364622222225
2024-05-27 12:11:00,3639.0,-0.12488308800000002
2024-05-27 12:11:01,3640.0,-0.1249357777777778
2024-05-27 12:11:02,3641.0,-0.12499117422222222
2024-05-27 12:11:03,3642.0,-0.12504873600000002
2024-05-27 12:11:04,3643.0,-0.1251079217777778
2024-05-27 12:11:05,3644.0,-0.12516819022222225
2024-05-27 12:11:06,3645.0,-0.12522900000000003
2024-05-27 12:11:07,3646.0,-0.1252898097777778
2024-05-27 12:11:08,3647.0,-0.12535007822222224
2024-05-27 12:11:09,3648.0,-0.12540926400000002
2024-05-27 12:11:10,3649.0,-0.12546682577777776
2024-05-27 12:11:11,3650.0,-0.12552222222222223
2024-05-27 12:11:12,3651.0,-0.125574912
2024-05-27 12:11:13,3652.0,-0.12562435377777778
2024-05-27 12:11:14,3653.0,-0.1256700062222222
2024-05-27 12:11:15,3654.0,-0.125711328
2024-05-27 12:11:16,3655.0,-0.12574777777777776
2024-05-27 12:11:17,3656.0,-0.12577881422222223
2024-05-27 12:11:18,3657.0,-0.125803896
2024-05-27 12:11:19,3658.0,-0.12582248177777777
2024-05-27 12:11:20,3659.0,-0.12583403022222225
2024-05-27 12:11:21,3660.0,-0.125838
2024-05-27 12:11:22,3661.0,-0.12583252444444445
2024-05-27 12:11:23,3662.0,-0.12581659555555555
2024-05-27 12:11:24,3663.0,-0.12579096
2024-05-27 12:11:25,3664.0,-0.12575636444444446
2024-05-27 12:11:26,3665.0,-0.12571355555555555
2024-05-27 12:11:27,3666.0,-0.12566328000000002
2024-05-27 12:11:28,3667.0,-0.12560628444444444
2024-05-27 12:11:29,3668.0,-0.12554331555555556
2024-05-27 12:11:30,3669.0,-0.12547512
2024-05-27 12:11:31,3670.0,-0.12540244444444446
2024-05-27 12:11:32,3671.0,-0.12532603555555555
2024-05-27 12:11:33,3672.0,-0.12524664
2024-05-27 12:11:34,3673.0,-0.12516500444444445
2024-05-27 12:11:35,3674.0,-0.12508187555555556
2024-05-27 12:11:36,3675.0,-0.12499800000000001
2024-05-27 12:11:37,3676.0,-0.12491412444444444
2024-05-27 12:11:38,3677.0,-0.12483099555555556
2024-05-27 12:11:39,3678.0,-0.12474936
2024-05-27 12:11:40,3679.0,-0.12466996444444445
2024-05-27 12:11:41,3680.0,-0.12459355555555555
2024-05-27 12:11:42,3681.0,-0.12452088
2024-05-27 12:11:43,3682.0,-0.12445268444444445
2024-05-27 12:11:44,3683.0,-0.12438971555555556
2024-05-27 12:11:45,3684.0,-0.12433272000000001
2024-05-27 12:11:46,3685.0,-0.12428244444444445
2024-05-27 12:11:47,3686.0,-0.12423963555555556
2024-05-27 12:11:48,3687.0,-0.12420504
2024-05-27 12:11:49,3688.0,-0.12417940444444445
2024-05-27 12:11:50,3689.0,-0.12416347555555556
2024-05-27 12:11:51,3690.0,-0.124158
2024-05-27 12:11:52,3691.0,-0.124158
2024-05-27 12:11:53,3692.0,-0.124158
2024-05-27 12:11:54,3693.0,-0.124158
2024-05-27 12:11:55,3694.0,-0.124158
2024-05-27 12:11:56,3695.0,-0.124158
2024-05-27 12:11:57,3696.0,-0.124158
2024-05-27 12:11:58,3697.0,-0.124158
2024-05-27 12:11:59,3698.0,-0.124158
2024-05-27 12:12:00,3699.0,-0.124158
2024-05-27 12:12:01,3700.0,-0.124158
2024-05-27 12:12:02,3701.0,-0.124158
2024-05-27 12:12:03,3702.0,-0.124158
2024-05-27 12:12:04,3703.0,-0.124158
2024-05-27 12:12:05,3704.0,-0.124158
2024-05-27 12:12:06,3705.0,-0.124158
2024-05-27 12:12:07,3706.0,-0.124158
2024-05-27 12:12:08,3707.0,-0.124158
2024-05-27 12:12:09,3708.0,-0.124158
2024-05-27 12:12:10,3709.0,-0.124158
2024-05-27 12:12:11,3710.0,-0.124158
2024-05-27 12:12:12,3711.0,-0.124158
2024-05-27 12:12:13,3712.0,-0.124158
2024-05-27 12:12:14,3713.0,-0.124158
2024-05-27 12:12:15,3714.0,-0.124158
2024-05-27 12:12:16,3715.0,-0.124158
2024-05-27 12:12:17,3716.0,-0.124158
2024-05-27 12:12:18,3717.0,-0.124158
2024-05-27 12:12:19,3718.0,-0.124158
2024-05-27 12:12:20,3719.0,-0.124158
2024-05-27 12:12:21,3720.0,-0.124158
2024-05-27 12:12:22,3721.0,-0.12415982518518519
2024-05-27 12:12:23,3722.0,-0.12416513481481482
2024-05-27 12:12:24,3723.0,-0.12417368000000001
2024-05-27 12:12:25,3724.0,-0.12418521185185186
2024-05-27 12:12:26,3725.0,-0.12419948148148148
2024-05-27 12:12:27,3726.0,-0.12421624
2024-05-27 12:12:28,3727.0,-0.12423523851851852
2024-05-27 12:12:29,3728.0,-0.12425622814814816
2024-05-27 12:12:30,3729.0,-0.12427896000000001
2024-05-27 12:12:31,3730.0,-0.1243031851851852
2024-05-27 12:12:32,3731.0,-0.12432865481481482
2024-05-27 12:12:33,3732.0,-0.12435512
2024-05-27 12:12:34,3733.0,-0.12438233185185185
2024-05-27 12:12:35,3734.0,-0.12441004148148149
2024-05-27 12:12:36,3735.0,-0.12443800000000001
2024-05-27 12:12:37,3736.0,-0.12446595851851854
2024-05-27 12:12:38,3737.0,-0.12449366814814815
2024-05-27 12:12:39,3738.0,-0.12452088
2024-05-27 12:12:40,3739.0,-0.12454734518518519
2024-05-27 12:12:41,3740.0,-0.12457281481481482
2024-05-27 12:12:42,3741.0,-0.12459704
2024-05-27 12:12:43,3742.0,-0.12461977185185186
2024-05-27 12:12:44,3743.0,-0.12464076148148148
2024-05-27 12:12:45,3744.0,-0.12465976000000001
2024-05-27 12:12:46,3745.0,-0.12467651851851855
2024-05-27 12:12:47,3746.0,-0.12469078814814816
2024-05-27 12:12:48,3747.0,-0.12470232
2024-05-27 12:12:49,3748.0,-0.12471086518518519
2024-05-27 12:12:50,3749.0,-0.12471617481481483
2024-05-27 12:12:51,3750.0,-0.12471800000000001
2024-05-27 12:12:52,3751.0,-0.12471800000000001
2024-05-27 12:12:53,3752.0,-0.12471800000000001
2024-05-27 12:12:54,3753.0,-0.12471800000000001
2024-05-27 12:12:55,3754.0,-0.12471800000000001
2024-05-27 12:12:56,3755.0,-0.12471800000000001
2024-05-27 12:12:57,3756.0,-0.12471800000000001
2024-05-27 12:12:58,3757.0,-0.12471800000000001
2024-05-27 12:12:59,3758.0,-0.12471800000000001
2024-05-27 12:13:00,3759.0,-0.12471800000000001
2024-05-27 12:13:01,3760.0,-0.12471800000000001
2024-05-27 12:13:02,3761.0,-0.12471800000000001
2024-05-27 12:13:03,3762.0,-0.12471800000000001
2024-05-27 12:13:04,3763.0,-0.12471800000000001
2024-05-27 12:13:05,3764.0,-0.12471800000000001
2024-05-27 12:13:06,3765.0,-0.12471800000000001
2024-05-27 12:13:07,3766.0,-0.12471800000000001
2024-05-27 12:13:08,3767.0,-0.12471800000000001
2024-05-27 12:13:09,3768.0,-0.12471800000000001
2024-05-27 12:13:10,3769.0,-0.12471800000000001
2024-05-27 12:13:11,3770.0,-0.12471800000000001
2024-05-27 12:13:12,3771.0,-0.12471800000000001
2024-05-27 12:13:13,3772.0,-0.12471800000000001
2024-05-27 12:13:14,3773.0,-0.12471800000000001
2024-05-27 12:13:15,3774.0,-0.12471800000000001
2024-05-27 12:13:16,3775.0,-0.12471800000000001
2024-05-27 12:13:17,3776.0,-0.12471800000000001
2024-05-27 12:13:18,3777.0,-0.12471800000000001
2024-05-27 12:13:19,3778.0,-0.12471800000000001
2024-05-27 12:13:20,3779.0,-0.12471800000000001
2024-05-27 12:13:21,3780.0,-0.12471800000000001
2024-05-27 12:13:22,3781.0,-0.12472163081481483
2024-05-27 12:13:23,3782.0,-0.12473219318518519
2024-05-27 12:13:24,3783.0,-0.12474919200000001
2024-05-27 12:13:25,3784.0,-0.12477213214814815
2024-05-27 12:13:26,3785.0,-0.12480051851851853
2024-05-27 12:13:27,3786.0,-0.124833856
2024-05-27 12:13:28,3787.0,-0.1248716494814815
2024-05-27 12:13:29,3788.0,-0.12491340385185186
2024-05-27 12:13:30,3789.0,-0.12495862399999999
2024-05-27 12:13:31,3790.0,-0.12500681481481482
2024-05-27 12:13:32,3791.0,-0.1250574811851852
2024-05-27 12:13:33,3792.0,-0.12511012800000001
2024-05-27 12:13:34,3793.0,-0.12516426014814816
2024-05-27 12:13:35,3794.0,-0.1252193825185185
2024-05-27 12:13:36,3795.0,-0.12527500000000003
2024-05-27 12:13:37,3796.0,-0.1253306174814815
2024-05-27 12:13:38,3797.0,-0.12538573985185184
2024-05-27 12:13:39,3798.0,-0.125439872
2024-05-27 12:13:40,3799.0,-0.12549251881481482
2024-05-27 12:13:41,3800.0,-0.1255431851851852
2024-05-27 12:13:42,3801.0,-0.125591376
2024-05-27 12:13:43,3802.0,-0.12563659614814815
2024-05-27 12:13:44,3803.0,-0.12567835051851853
2024-05-27 12:13:45,3804.0,-0.12571614399999997
2024-05-27 12:13:46,3805.0,-0.1257494814814815
2024-05-27 12:13:47,3806.0,-0.12577786785185185
2024-05-27 12:13:48,3807.0,-0.125800808
2024-05-27 12:13:49,3808.0,-0.1258178068148148
2024-05-27 12:13:50,3809.0,-0.12582836918518517
2024-05-27 12:13:51,3810.0,-0.125832
2024-05-27 12:13:52,3811.0,-0.12583019437037038
2024-05-27 12:13:53,3812.0,-0.12582494162962962
2024-05-27 12:13:54,3813.0,-0.125816488
2024-05-27 12:13:55,3814.0,-0.12580507970370372
2024-05-27 12:13:56,3815.0,-0.12579096296296297
2024-05-27 12:13:57,3816.0,-0.125774384
2024-05-27 12:13:58,3817.0,-0.12575558903703704
2024-05-27 12:13:59,3818.0,-0.12573482429629632
2024-05-27 12:14:00,3819.0,-0.12571233599999998
2024-05-27 12:14:01,3820.0,-0.12568837037037037
2024-05-27 12:14:02,3821.0,-0.12566317362962964
2024-05-27 12:14:03,3822.0,-0.125636992
2024-05-27 12:14:04,3823.0,-0.12561007170370372
2024-05-27 12:14:05,3824.0,-0.12558265896296297
2024-05-27 12:14:06,3825.0,-0.125555
2024-05-27 12:14:07,3826.0,-0.12552734103703703
2024-05-27 12:14:08,3827.0,-0.1254999282962963
2024-05-27 12:14:09,3828.0,-0.12547300800000002
2024-05-27 12:14:10,3829.0,-0.12544682637037038
2024-05-27 12:14:11,3830.0,-0.12542162962962963
2024-05-27 12:14:12,3831.0,-0.125397664
2024-05-27 12:14:13,3832.0,-0.1253751757037037
2024-05-27 12:14:14,3833.0,-0.12535441096296296
2024-05-27 12:14:15,3834.0,-0.125335616
2024-05-27 12:14:16,3835.0,-0.12531903703703703
2024-05-27 12:14:17,3836.0,-0.1253049202962963
2024-05-27 12:14:18,3837.0,-0.125293512
2024-05-27 12:14:19,3838.0,-0.12528505837037038
2024-05-27 12:14:20,3839.0,-0.12527980562962962
2024-05-27 12:14:21,3840.0,-0.125278
2024-05-27 12:14:22,3841.0,-0.1252816405925926
2024-05-27 12:14:23,3842.0,-0.1252922314074074
2024-05-27 12:14:24,3843.0,-0.125309276
2024-05-27 12:14:25,3844.0,-0.12533227792592594
2024-05-27 12:14:26,3845.0,-0.12536074074074074
2024-05-27 12:14:27,3846.0,-0.125394168
2024-05-27 12:14:28,3847.0,-0.12543206325925926
2024-05-27 12:14:29,3848.0,-0.12547393007407406
2024-05-27 12:14:30,3849.0,-0.125519272
2024-05-27 12:14:31,3850.0,-0.1255675925925926
2024-05-27 12:14:32,3851.0,-0.1256183954074074
2024-05-27 12:14:33,3852.0,-0.12567118400000002
2024-05-27 12:14:34,3853.0,-0.12572546192592593
2024-05-27 12:14:35,3854.0,-0.12578073274074075
2024-05-27 12:14:36,3855.0,-0.1258365
2024-05-27 12:14:37,3856.0,-0.12589226725925926
2024-05-27 12:14:38,3857.0,-0.12594753807407408
2024-05-27 12:14:39,3858.0,-0.12600181600000002
2024-05-27 12:14:40,3859.0,-0.1260546045925926
2024-05-27 12:14:41,3860.0,-0.12610540740740742
2024-05-27 12:14:42,3861.0,-0.126153728
2024-05-27 12:14:43,3862.0,-0.12619906992592592
2024-05-27 12:14:44,3863.0,-0.12624093674074074
2024-05-27 12:14:45,3864.0,-0.126278832
2024-05-27 12:14:46,3865.0,-0.12631225925925926
2024-05-27 12:14:47,3866.0,-0.12634072207407407
2024-05-27 12:14:48,3867.0,-0.126363724
2024-05-27 12:14:49,3868.0,-0.1263807685925926
2024-05-27 12:14:50,3869.0,-0.12639135940740742
2024-05-27 12:14:51,3870.0,-0.126395
2024-05-27 12:14:52,3871.0,-0.12639317481481482
2024-05-27 12:14:53,3872.0,-0.1263878651851852
2024-05-27 12:14:54,3873.0,-0.12637932
2024-05-27 12:14:55,3874.0,-0.12636778814814817
2024-05-27 12:14:56,3875.0,-0.12635351851851853
2024-05-27 12:14:57,3876.0,-0.12633676000000002
2024-05-27 12:14:58,3877.0,-0.12631776148148147
2024-05-27 12:14:59,3878.0,-0.12629677185185184
2024-05-27 12:15:00,3879.0,-0.12627404
2024-05-27 12:15:01,3880.0,-0.12624981481481481
2024-05-27 12:15:02,3881.0,-0.1262243451851852
2024-05-27 12:15:03,3882.0,-0.12619787999999998
2024-05-27 12:15:04,3883.0,-0.12617066814814815
2024-05-27 12:15:05,3884.0,-0.12614295851851853
2024-05-27 12:15:06,3885.0,-0.126115
2024-05-27 12:15:07,3886.0,-0.1260870414814815
2024-05-27 12:15:08,3887.0,-0.12605933185185184
2024-05-27 12:15:09,3888.0,-0.12603212
2024-05-27 12:15:10,3889.0,-0.12600565481481482
2024-05-27 12:15:11,3890.0,-0.1259801851851852
2024-05-27 12:15:12,3891.0,-0.12595596
2024-05-27 12:15:13,3892.0,-0.12593322814814814
2024-05-27 12:15:14,3893.0,-0.12591223851851852
2024-05-27 12:15:15,3894.0,-0.12589324000000002
2024-05-27 12:15:16,3895.0,-0.12587648148148148
2024-05-27 12:15:17,3896.0,-0.12586221185185187
2024-05-27 12:15:18,3897.0,-0.12585068
2024-05-27 12:15:19,3898.0,-0.12584213481481482
2024-05-27 12:15:20,3899.0,-0.12583682518518519
2024-05-27 12:15:21,3900.0,-0.125835
2024-05-27 12:15:22,3901.0,-0.12583500336785716
2024-05-27 12:15:23,3902.0,-0.12583501346666667
2024-05-27 12:15:24,3903.0,-0.12583503028928572
2024-05-27 12:15:25,3904.0,-0.12583505382857144
2024-05-27 12:15:26,3905.0,-0.12583508407738095
2024-05-27 12:15:27,3906.0,-0.12583512102857142
2024-05-27 12:15:28,3907.0,-0.125835164675
2024-05-27 12:15:29,3908.0,-0.1258352150095238
2024-05-27 12:15:30,3909.0,-0.125835272025
2024-05-27 12:15:31,3910.0,-0.1258353357142857
2024-05-27 12:15:32,3911.0,-0.12583540607023808
2024-05-27 12:15:33,3912.0,-0.1258354830857143
2024-05-27 12:15:34,3913.0,-0.12583556675357144
2024-05-27 12:15:35,3914.0,-0.1258356570666667
2024-05-27 12:15:36,3915.0,-0.12583575401785715
2024-05-27 12:15:37,3916.0,-0.1258358576
2024-05-27 12:15:38,3917.0,-0.12583596780595238
2024-05-27 12:15:39,3918.0,-0.12583608462857143
2024-05-27 12:15:40,3919.0,-0.1258362080607143
2024-05-27 12:15:41,3920.0,-0.12583633809523811
2024-05-27 12:15:42,3921.0,-0.125836474725
2024-05-27 12:15:43,3922.0,-0.12583661794285714
2024-05-27 12:15:44,3923.0,-0.1258367677416667
2024-05-27 12:15:45,3924.0,-0.1258369241142857
2024-05-27 12:15:46,3925.0,-0.12583708705357144
2024-05-27 12:15:47,3926.0,-0.12583725655238095
2024-05-27 12:15:48,3927.0,-0.12583743260357141
2024-05-27 12:15:49,3928.0,-0.1258376152
2024-05-27 12:15:50,3929.0,-0.12583780433452382
2024-05-27 12:15:51,3930.0,-0.125838
2024-05-27 12:15:52,3931.0,-0.12583920361609346
2024-05-27 12:15:53,3932.0,-0.12584236247901234
2024-05-27 12:15:54,3933.0,-0.12584739539642859
2024-05-27 12:15:55,3934.0,-0.1258542211760141
2024-05-27 12:15:56,3935.0,-0.1258627586254409
2024-05-27 12:15:57,3936.0,-0.12587292655238097
2024-05-27 12:15:58,3937.0,-0.12588464376450617
2024-05-27 12:15:59,3938.0,-0.12589782906948851
2024-05-27 12:16:00,3939.0,-0.12591240127500003
2024-05-27 12:16:01,3940.0,-0.12592827918871252
2024-05-27 12:16:02,3941.0,-0.12594538161829807
2024-05-27 12:16:03,3942.0,-0.12596362737142858
2024-05-27 12:16:04,3943.0,-0.12598293525577603
2024-05-27 12:16:05,3944.0,-0.12600322407901235
2024-05-27 12:16:06,3945.0,-0.12602441264880954
2024-05-27 12:16:07,3946.0,-0.12604641977283948
2024-05-27 12:16:08,3947.0,-0.12606916425877426
2024-05-27 12:16:09,3948.0,-0.12609256491428572
2024-05-27 12:16:10,3949.0,-0.12611654054704585
2024-05-27 12:16:11,3950.0,-0.12614100996472666
2024-05-27 12:16:12,3951.0,-0.12616589197500003
2024-05-27 12:16:13,3952.0,-0.12619110538553793
2024-05-27 12:16:14,3953.0,-0.12621656900401235
2024-05-27 12:16:15,3954.0,-0.12624220163809524
2024-05-27 12:16:16,3955.0,-0.12626792209545856
2024-05-27 12:16:17,3956.0,-0.12629364918377425
2024-05-27 12:16:18,3957.0,-0.12631930171071432
2024-05-27 12:16:19,3958.0,-0.12634479848395064
2024-05-27 12:16:20,3959.0,-0.12637005831115522
2024-05-27 12:16:21,3960.0,-0.126395
2024-05-27 12:16:22,3961.0,-0.12642176350617285
2024-05-27 12:16:23,3962.0,-0.12645232286419755
2024-05-27 12:16:24,3963.0,-0.126486348
2024-05-27 12:16:25,3964.0,-0.1265235088395062
2024-05-27 12:16:26,3965.0,-0.12656347530864198
2024-05-27 12:16:27,3966.0,-0.12660591733333335
2024-05-27 12:16:28,3967.0,-0.12665050483950618
2024-05-27 12:16:29,3968.0,-0.12669690775308642
2024-05-27 12:16:30,3969.0,-0.126744796
2024-05-27 12:16:31,3970.0,-0.12679383950617285
2024-05-27 12:16:32,3971.0,-0.12684370819753088
2024-05-27 12:16:33,3972.0,-0.12689407200000002
2024-05-27 12:16:34,3973.0,-0.12694460083950615
2024-05-27 12:16:35,3974.0,-0.12699496464197532
2024-05-27 12:16:36,3975.0,-0.12704483333333336
2024-05-27 12:16:37,3976.0,-0.1270938768395062
2024-05-27 12:16:38,3977.0,-0.12714176508641975
2024-05-27 12:16:39,3978.0,-0.12718816800000002
2024-05-27 12:16:40,3979.0,-0.12723275550617283
2024-05-27 12:16:41,3980.0,-0.1272751975308642
2024-05-27 12:16:42,3981.0,-0.127315164
2024-05-27 12:16:43,3982.0,-0.1273523248395062
2024-05-27 12:16:44,3983.0,-0.12738634997530862
2024-05-27 12:16:45,3984.0,-0.12741690933333333
2024-05-27 12:16:46,3985.0,-0.1274436728395062
2024-05-27 12:16:47,3986.0,-0.12746631041975312
2024-05-27 12:16:48,3987.0,-0.12748449200000003
2024-05-27 12:16:49,3988.0,-0.12749788750617283
2024-05-27 12:16:50,3989.0,-0.12750616686419752
2024-05-27 12:16:51,3990.0,-0.127509
2024-05-27 12:16:52,3991.0,-0.1275035635555556
2024-05-27 12:16:53,3992.0,-0.12748774844444444
2024-05-27 12:16:54,3993.0,-0.127462296
2024-05-27 12:16:55,3994.0,-0.12742794755555556
2024-05-27 12:16:56,3995.0,-0.12738544444444447
2024-05-27 12:16:57,3996.0,-0.127335528
2024-05-27 12:16:58,3997.0,-0.12727893955555555
2024-05-27 12:16:59,3998.0,-0.12721642044444445
2024-05-27 12:17:00,3999.0,-0.127148712
2024-05-27 12:17:01,4000.0,-0.12707655555555558
2024-05-27 12:17:02,4001.0,-0.12700069244444442
2024-05-27 12:17:03,4002.0,-0.126921864
2024-05-27 12:17:04,4003.0,-0.12684081155555554
2024-05-27 12:17:05,4004.0,-0.12675827644444443
2024-05-27 12:17:06,4005.0,-0.12667499999999998
2024-05-27 12:17:07,4006.0,-0.12659172355555556
2024-05-27 12:17:08,4007.0,-0.12650918844444445
2024-05-27 12:17:09,4008.0,-0.12642813599999997
2024-05-27 12:17:10,4009.0,-0.12634930755555554
2024-05-27 12:17:11,4010.0,-0.12627344444444444
2024-05-27 12:17:12,4011.0,-0.12620128799999997
2024-05-27 12:17:13,4012.0,-0.12613357955555554
2024-05-27 12:17:14,4013.0,-0.12607106044444444
2024-05-27 12:17:15,4014.0,-0.126014472
2024-05-27 12:17:16,4015.0,-0.12596455555555555
2024-05-27 12:17:17,4016.0,-0.12592205244444443
2024-05-27 12:17:18,4017.0,-0.125887704
2024-05-27 12:17:19,4018.0,-0.12586225155555553
2024-05-27 12:17:20,4019.0,-0.12584643644444443
2024-05-27 12:17:21,4020.0,-0.12584099999999998
2024-05-27 12:17:22,4021.0,-0.1258464364444444
2024-05-27 12:17:23,4022.0,-0.12586225155555555
2024-05-27 12:17:24,4023.0,-0.125887704
2024-05-27 12:17:25,4024.0,-0.12592205244444443
2024-05-27 12:17:26,4025.0,-0.12596455555555552
2024-05-27 12:17:27,4026.0,-0.126014472
2024-05-27 12:17:28,4027.0,-0.12607106044444444
2024-05-27 12:17:29,4028.0,-0.12613357955555554
2024-05-27 12:17:30,4029.0,-0.126201288
2024-05-27 12:17:31,4030.0,-0.1262734444444444
2024-05-27 12:17:32,4031.0,-0.12634930755555557
2024-05-27 12:17:33,4032.0,-0.126428136
2024-05-27 12:17:34,4033.0,-0.12650918844444445
2024-05-27 12:17:35,4034.0,-0.12659172355555556
2024-05-27 12:17:36,4035.0,-0.126675
2024-05-27 12:17:37,4036.0,-0.12675827644444446
2024-05-27 12:17:38,4037.0,-0.12684081155555554
2024-05-27 12:17:39,4038.0,-0.12692186400000002
2024-05-27 12:17:40,4039.0,-0.12700069244444445
2024-05-27 12:17:41,4040.0,-0.12707655555555555
2024-05-27 12:17:42,4041.0,-0.12714871200000002
2024-05-27 12:17:43,4042.0,-0.12721642044444445
2024-05-27 12:17:44,4043.0,-0.12727893955555558
2024-05-27 12:17:45,4044.0,-0.127335528
2024-05-27 12:17:46,4045.0,-0.12738544444444444
2024-05-27 12:17:47,4046.0,-0.1274279475555556
2024-05-27 12:17:48,4047.0,-0.127462296
2024-05-27 12:17:49,4048.0,-0.12748774844444447
2024-05-27 12:17:50,4049.0,-0.12750356355555556
2024-05-27 12:17:51,4050.0,-0.127509
2024-05-27 12:17:52,4051.0,-0.12750355377777778
2024-05-27 12:17:53,4052.0,-0.12748771022222222
2024-05-27 12:17:54,4053.0,-0.127462212
2024-05-27 12:17:55,4054.0,-0.1274278017777778
2024-05-27 12:17:56,4055.0,-0.12738522222222223
2024-05-27 12:17:57,4056.0,-0.127335216
2024-05-27 12:17:58,4057.0,-0.1272785257777778
2024-05-27 12:17:59,4058.0,-0.12721589422222224
2024-05-27 12:18:00,4059.0,-0.127148064
2024-05-27 12:18:01,4060.0,-0.1270757777777778
2024-05-27 12:18:02,4061.0,-0.12699977822222225
2024-05-27 12:18:03,4062.0,-0.126920808
2024-05-27 12:18:04,4063.0,-0.1268396097777778
2024-05-27 12:18:05,4064.0,-0.12675692622222223
2024-05-27 12:18:06,4065.0,-0.1266735
2024-05-27 12:18:07,4066.0,-0.12659007377777778
2024-05-27 12:18:08,4067.0,-0.12650739022222224
2024-05-27 12:18:09,4068.0,-0.12642619200000002
2024-05-27 12:18:10,4069.0,-0.1263472217777778
2024-05-27 12:18:11,4070.0,-0.12627122222222223
2024-05-27 12:18:12,4071.0,-0.126198936
2024-05-27 12:18:13,4072.0,-0.12613110577777778
2024-05-27 12:18:14,4073.0,-0.12606847422222223
2024-05-27 12:18:15,4074.0,-0.12601178400000002
2024-05-27 12:18:16,4075.0,-0.12596177777777778
2024-05-27 12:18:17,4076.0,-0.12591919822222222
2024-05-27 12:18:18,4077.0,-0.125884788
2024-05-27 12:18:19,4078.0,-0.12585928977777777
2024-05-27 12:18:20,4079.0,-0.1258434462222222
2024-05-27 12:18:21,4080.0,-0.125838
2024-05-27 12:18:22,4081.0,-0.1258388573364076
2024-05-27 12:18:23,4082.0,-0.1258413964563175
2024-05-27 12:18:24,4083.0,-0.12584556802576027
2024-05-27 12:18:25,4084.0,-0.1258513227107666
2024-05-27 12:18:26,4085.0,-0.125858611177367
2024-05-27 12:18:27,4086.0,-0.12586738409159215
2024-05-27 12:18:28,4087.0,-0.1258775921194726
2024-05-27 12:18:29,4088.0,-0.12588918592703902
2024-05-27 12:18:30,4089.0,-0.12590211618032202
2024-05-27 12:18:31,4090.0,-0.12591633354535214
2024-05-27 12:18:32,4091.0,-0.12593178868816007
2024-05-27 12:18:33,4092.0,-0.1259484322747764
2024-05-27 12:18:34,4093.0,-0.1259662149712317
2024-05-27 12:18:35,4094.0,-0.1259850874435566
2024-05-27 12:18:36,4095.0,-0.12600500035778178
2024-05-27 12:18:37,4096.0,-0.12602590437993774
2024-05-27 12:18:38,4097.0,-0.12604775017605513
2024-05-27 12:18:39,4098.0,-0.1260704884121646
2024-05-27 12:18:40,4099.0,-0.12609406975429668
2024-05-27 12:18:41,4100.0,-0.1261184448684821
2024-05-27 12:18:42,4101.0,-0.12614356442075136
2024-05-27 12:18:43,4102.0,-0.1261693790771351
2024-05-27 12:18:44,4103.0,-0.12619583950366395
2024-05-27 12:18:45,4104.0,-0.12622289636636852
2024-05-27 12:18:46,4105.0,-0.1262505003312794
2024-05-27 12:18:47,4106.0,-0.12627860206442723
2024-05-27 12:18:48,4107.0,-0.12630715223184258
2024-05-27 12:18:49,4108.0,-0.12633610149955607
2024-05-27 12:18:50,4109.0,-0.12636540053359835
2024-05-27 12:18:51,4110.0,-0.126395
2024-05-27 12:18:52,4111.0,-0.12643007828121647
2024-05-27 12:18:53,4112.0,-0.1264753156856291
2024-05-27 12:18:54,4113.0,-0.12652991576815742
2024-05-27 12:18:55,4114.0,-0.12659308208372094
2024-05-27 12:18:56,4115.0,-0.12666401818723913
2024-05-27 12:18:57,4116.0,-0.12674192763363148
2024-05-27 12:18:58,4117.0,-0.12682601397781756
2024-05-27 12:18:59,4118.0,-0.12691548077471676
2024-05-27 12:19:00,4119.0,-0.12700953157924869
2024-05-27 12:19:01,4120.0,-0.12710736994633276
2024-05-27 12:19:02,4121.0,-0.12720819943088849
2024-05-27 12:19:03,4122.0,-0.12731122358783545
2024-05-27 12:19:04,4123.0,-0.12741564597209304
2024-05-27 12:19:05,4124.0,-0.1275206701385808
2024-05-27 12:19:06,4125.0,-0.12762549964221823
2024-05-27 12:19:07,4126.0,-0.12772933803792486
2024-05-27 12:19:08,4127.0,-0.12783138888062015
2024-05-27 12:19:09,4128.0,-0.1279308557252236
2024-05-27 12:19:10,4129.0,-0.12802694212665475
2024-05-27 12:19:11,4130.0,-0.12811885163983303
2024-05-27 12:19:12,4131.0,-0.128205787819678
2024-05-27 12:19:13,4132.0,-0.1282869542211091
2024-05-27 12:19:14,4133.0,-0.1283615543990459
2024-05-27 12:19:15,4134.0,-0.12842879190840786
2024-05-27 12:19:16,4135.0,-0.12848787030411452
2024-05-27 12:19:17,4136.0,-0.12853799314108524
2024-05-27 12:19:18,4137.0,-0.12857836397423972
2024-05-27 12:19:19,4138.0,-0.12860818635849733
2024-05-27 12:19:20,4139.0,-0.12862666384877758
2024-05-27 12:19:21,4140.0,-0.128633
2024-05-27 12:19:22,4141.0,-0.1286293691851852
2024-05-27 12:19:23,4142.0,-0.1286188068148148
2024-05-27 12:19:24,4143.0,-0.12860180799999998
2024-05-27 12:19:25,4144.0,-0.12857886785185185
2024-05-27 12:19:26,4145.0,-0.1285504814814815
2024-05-27 12:19:27,4146.0,-0.128517144
2024-05-27 12:19:28,4147.0,-0.1284793505185185
2024-05-27 12:19:29,4148.0,-0.12843759614814815
2024-05-27 12:19:30,4149.0,-0.128392376
2024-05-27 12:19:31,4150.0,-0.12834418518518517
2024-05-27 12:19:32,4151.0,-0.1282935188148148
2024-05-27 12:19:33,4152.0,-0.128240872
2024-05-27 12:19:34,4153.0,-0.12818673985185186
2024-05-27 12:19:35,4154.0,-0.1281316174814815
2024-05-27 12:19:36,4155.0,-0.12807600000000002
2024-05-27 12:19:37,4156.0,-0.1280203825185185
2024-05-27 12:19:38,4157.0,-0.12796526014814816
2024-05-27 12:19:39,4158.0,-0.12791112799999999
2024-05-27 12:19:40,4159.0,-0.12785848118518517
2024-05-27 12:19:41,4160.0,-0.12780781481481482
2024-05-27 12:19:42,4161.0,-0.127759624
2024-05-27 12:19:43,4162.0,-0.12771440385185184
2024-05-27 12:19:44,4163.0,-0.1276726494814815
2024-05-27 12:19:45,4164.0,-0.127634856
2024-05-27 12:19:46,4165.0,-0.12760151851851853
2024-05-27 12:19:47,4166.0,-0.12757313214814814
2024-05-27 12:19:48,4167.0,-0.127550192
2024-05-27 12:19:49,4168.0,-0.1275331931851852
2024-05-27 12:19:50,4169.0,-0.12752263081481482
2024-05-27 12:19:51,4170.0,-0.127519
2024-05-27 12:19:52,4171.0,-0.1275207991111111
2024-05-27 12:19:53,4172.0,-0.1275260328888889
2024-05-27 12:19:54,4173.0,-0.127534456
2024-05-27 12:19:55,4174.0,-0.1275458231111111
2024-05-27 12:19:56,4175.0,-0.12755988888888886
2024-05-27 12:19:57,4176.0,-0.127576408
2024-05-27 12:19:58,4177.0,-0.12759513511111112
2024-05-27 12:19:59,4178.0,-0.12761582488888887
2024-05-27 12:20:00,4179.0,-0.127638232
2024-05-27 12:20:01,4180.0,-0.1276621111111111
2024-05-27 12:20:02,4181.0,-0.12768721688888887
2024-05-27 12:20:03,4182.0,-0.127713304
2024-05-27 12:20:04,4183.0,-0.1277401271111111
2024-05-27 12:20:05,4184.0,-0.1277674408888889
2024-05-27 12:20:06,4185.0,-0.127795
2024-05-27 12:20:07,4186.0,-0.12782255911111112
2024-05-27 12:20:08,4187.0,-0.12784987288888888
2024-05-27 12:20:09,4188.0,-0.12787669599999998
2024-05-27 12:20:10,4189.0,-0.12790278311111108
2024-05-27 12:20:11,4190.0,-0.12792788888888887
2024-05-27 12:20:12,4191.0,-0.127951768
2024-05-27 12:20:13,4192.0,-0.1279741751111111
2024-05-27 12:20:14,4193.0,-0.1279948648888889
2024-05-27 12:20:15,4194.0,-0.128013592
2024-05-27 12:20:16,4195.0,-0.1280301111111111
2024-05-27 12:20:17,4196.0,-0.1280441768888889
2024-05-27 12:20:18,4197.0,-0.128055544
2024-05-27 12:20:19,4198.0,-0.1280639671111111
2024-05-27 12:20:20,4199.0,-0.12806920088888887
2024-05-27 12:20:21,4200.0,-0.128071
2024-05-27 12:20:22,4201.0,-0.12806738548148147
2024-05-27 12:20:23,4202.0,-0.12805687051851852
2024-05-27 12:20:24,4203.0,-0.128039948
2024-05-27 12:20:25,4204.0,-0.1280171108148148
2024-05-27 12:20:26,4205.0,-0.12798885185185185
2024-05-27 12:20:27,4206.0,-0.12795566399999997
2024-05-27 12:20:28,4207.0,-0.12791804014814814
2024-05-27 12:20:29,4208.0,-0.1278764731851852
2024-05-27 12:20:30,4209.0,-0.127831456
2024-05-27 12:20:31,4210.0,-0.12778348148148147
2024-05-27 12:20:32,4211.0,-0.12773304251851852
2024-05-27 12:20:33,4212.0,-0.12768063200000002
2024-05-27 12:20:34,4213.0,-0.12762674281481481
2024-05-27 12:20:35,4214.0,-0.12757186785185184
2024-05-27 12:20:36,4215.0,-0.12751650000000003
2024-05-27 12:20:37,4216.0,-0.12746113214814814
2024-05-27 12:20:38,4217.0,-0.1274062571851852
2024-05-27 12:20:39,4218.0,-0.12735236800000002
2024-05-27 12:20:40,4219.0,-0.12729995748148148
2024-05-27 12:20:41,4220.0,-0.12724951851851854
2024-05-27 12:20:42,4221.0,-0.12720154400000003
2024-05-27 12:20:43,4222.0,-0.12715652681481485
2024-05-27 12:20:44,4223.0,-0.12711495985185187
2024-05-27 12:20:45,4224.0,-0.127077336
2024-05-27 12:20:46,4225.0,-0.12704414814814818
2024-05-27 12:20:47,4226.0,-0.1270158891851852
2024-05-27 12:20:48,4227.0,-0.12699305200000002
2024-05-27 12:20:49,4228.0,-0.12697612948148151
2024-05-27 12:20:50,4229.0,-0.12696561451851854
2024-05-27 12:20:51,4230.0,-0.12696200000000002
2024-05-27 12:20:52,4231.0,-0.12696291748244393
2024-05-27 12:20:53,4232.0,-0.12696562874445774
2024-05-27 12:20:54,4233.0,-0.12697007200806454
2024-05-27 12:20:55,4234.0,-0.12697618549528744
2024-05-27 12:20:56,4235.0,-0.1269839074281495
2024-05-27 12:20:57,4236.0,-0.12699317602867385
2024-05-27 12:20:58,4237.0,-0.1270039295188836
2024-05-27 12:20:59,4238.0,-0.1270161061208018
2024-05-27 12:21:00,4239.0,-0.12702964405645162
2024-05-27 12:21:01,4240.0,-0.1270444815478561
2024-05-27 12:21:02,4241.0,-0.12706055681703837
2024-05-27 12:21:03,4242.0,-0.1270778080860215
2024-05-27 12:21:04,4243.0,-0.12709617357682865
2024-05-27 12:21:05,4244.0,-0.12711559151148283
2024-05-27 12:21:06,4245.0,-0.12713600011200718
2024-05-27 12:21:07,4246.0,-0.1271573376004248
2024-05-27 12:21:08,4247.0,-0.12717954219875882
2024-05-27 12:21:09,4248.0,-0.12720255212903228
2024-05-27 12:21:10,4249.0,-0.1272263056132683
2024-05-27 12:21:11,4250.0,-0.12725074087349
2024-05-27 12:21:12,4251.0,-0.12727579613172044
2024-05-27 12:21:13,4252.0,-0.12730140960998274
2024-05-27 12:21:14,4253.0,-0.1273275195303
2024-05-27 12:21:15,4254.0,-0.12735406411469535
2024-05-27 12:21:16,4255.0,-0.12738098158519182
2024-05-27 12:21:17,4256.0,-0.12740821016381254
2024-05-27 12:21:18,4257.0,-0.12743568807258063
2024-05-27 12:21:19,4258.0,-0.12746335353351917
2024-05-27 12:21:20,4259.0,-0.12749114476865125
2024-05-27 12:21:21,4260.0,-0.127519
2024-05-27 12:21:22,4261.0,-0.12755049908320057
2024-05-27 12:21:23,4262.0,-0.12758889061462897
2024-05-27 12:21:24,4263.0,-0.1276336159274193
2024-05-27 12:21:25,4264.0,-0.12768411635470597
2024-05-27 12:21:26,4265.0,-0.12773983322962298
2024-05-27 12:21:27,4266.0,-0.12780020788530466
2024-05-27 12:21:28,4267.0,-0.12786468165488515
2024-05-27 12:21:29,4268.0,-0.12793269587149875
2024-05-27 12:21:30,4269.0,-0.12800369186827953
2024-05-27 12:21:31,4270.0,-0.12807711097836189
2024-05-27 12:21:32,4271.0,-0.12815239453487984
2024-05-27 12:21:33,4272.0,-0.12822898387096773
2024-05-27 12:21:34,4273.0,-0.12830632031975972
2024-05-27 12:21:35,4274.0,-0.12838384521439003
2024-05-27 12:21:36,4275.0,-0.1284609998879928
2024-05-27 12:21:37,4276.0,-0.12853722567370238
2024-05-27 12:21:38,4277.0,-0.12861196390465285
2024-05-27 12:21:39,4278.0,-0.12868465591397849
2024-05-27 12:21:40,4279.0,-0.12875474303481346
2024-05-27 12:21:41,4280.0,-0.12882166660029207
2024-05-27 12:21:42,4281.0,-0.1288848679435484
2024-05-27 12:21:43,4282.0,-0.12894378839771672
2024-05-27 12:21:44,4283.0,-0.1289978692959312
2024-05-27 12:21:45,4284.0,-0.1290465519713262
2024-05-27 12:21:46,4285.0,-0.12908927775703571
2024-05-27 12:21:47,4286.0,-0.12912548798619408
2024-05-27 12:21:48,4287.0,-0.12915462399193547
2024-05-27 12:21:49,4288.0,-0.12917612710739412
2024-05-27 12:21:50,4289.0,-0.12918943866570423
2024-05-27 12:21:51,4290.0,-0.129194
2024-05-27 12:21:52,4291.0,-0.12919218133333335
2024-05-27 12:21:53,4292.0,-0.12918689066666666
2024-05-27 12:21:54,4293.0,-0.129178376
2024-05-27 12:21:55,4294.0,-0.12916688533333334
2024-05-27 12:21:56,4295.0,-0.12915266666666667
2024-05-27 12:21:57,4296.0,-0.129135968
2024-05-27 12:21:58,4297.0,-0.12911703733333335
2024-05-27 12:21:59,4298.0,-0.12909612266666667
2024-05-27 12:22:00,4299.0,-0.129073472
2024-05-27 12:22:01,4300.0,-0.12904933333333335
2024-05-27 12:22:02,4301.0,-0.12902395466666666
2024-05-27 12:22:03,4302.0,-0.128997584
2024-05-27 12:22:04,4303.0,-0.12897046933333334
2024-05-27 12:22:05,4304.0,-0.12894285866666666
2024-05-27 12:22:06,4305.0,-0.128915
2024-05-27 12:22:07,4306.0,-0.12888714133333334
2024-05-27 12:22:08,4307.0,-0.12885953066666667
2024-05-27 12:22:09,4308.0,-0.12883241599999998
2024-05-27 12:22:10,4309.0,-0.1288060453333333
2024-05-27 12:22:11,4310.0,-0.12878066666666668
2024-05-27 12:22:12,4311.0,-0.12875652799999998
2024-05-27 12:22:13,4312.0,-0.12873387733333333
2024-05-27 12:22:14,4313.0,-0.12871296266666665
2024-05-27 12:22:15,4314.0,-0.128694032
2024-05-27 12:22:16,4315.0,-0.12867733333333334
2024-05-27 12:22:17,4316.0,-0.12866311466666666
2024-05-27 12:22:18,4317.0,-0.12865162400000002
2024-05-27 12:22:19,4318.0,-0.12864310933333334
2024-05-27 12:22:20,4319.0,-0.12863781866666665
2024-05-27 12:22:21,4320.0,-0.128636
2024-05-27 12:22:22,4321.0,-0.1286378154074074
2024-05-27 12:22:23,4322.0,-0.1286430965925926
2024-05-27 12:22:24,4323.0,-0.128651596
2024-05-27 12:22:25,4324.0,-0.12866306607407407
2024-05-27 12:22:26,4325.0,-0.12867725925925924
2024-05-27 12:22:27,4326.0,-0.128693928
2024-05-27 12:22:28,4327.0,-0.12871282474074072
2024-05-27 12:22:29,4328.0,-0.12873370192592593
2024-05-27 12:22:30,4329.0,-0.128756312
2024-05-27 12:22:31,4330.0,-0.1287804074074074
2024-05-27 12:22:32,4331.0,-0.1288057405925926
2024-05-27 12:22:33,4332.0,-0.128832064
2024-05-27 12:22:34,4333.0,-0.12885913007407407
2024-05-27 12:22:35,4334.0,-0.12888669125925925
2024-05-27 12:22:36,4335.0,-0.1289145
2024-05-27 12:22:37,4336.0,-0.12894230874074075
2024-05-27 12:22:38,4337.0,-0.12896986992592593
2024-05-27 12:22:39,4338.0,-0.128996936
2024-05-27 12:22:40,4339.0,-0.12902325940740741
2024-05-27 12:22:41,4340.0,-0.1290485925925926
2024-05-27 12:22:42,4341.0,-0.12907268800000002
2024-05-27 12:22:43,4342.0,-0.12909529807407408
2024-05-27 12:22:44,4343.0,-0.12911617525925925
2024-05-27 12:22:45,4344.0,-0.129135072
2024-05-27 12:22:46,4345.0,-0.12915174074074073
2024-05-27 12:22:47,4346.0,-0.12916593392592593
2024-05-27 12:22:48,4347.0,-0.129177404
2024-05-27 12:22:49,4348.0,-0.12918590340740743
2024-05-27 12:22:50,4349.0,-0.1291911845925926
2024-05-27 12:22:51,4350.0,-0.129193
2024-05-27 12:22:52,4351.0,-0.129193
2024-05-27 12:22:53,4352.0,-0.129193
2024-05-27 12:22:54,4353.0,-0.129193
2024-05-27 12:22:55,4354.0,-0.129193
2024-05-27 12:22:56,4355.0,-0.129193
2024-05-27 12:22:57,4356.0,-0.129193
2024-05-27 12:22:58,4357.0,-0.129193
2024-05-27 12:22:59,4358.0,-0.129193
2024-05-27 12:23:00,4359.0,-0.129193
2024-05-27 12:23:01,4360.0,-0.129193
2024-05-27 12:23:02,4361.0,-0.129193
2024-05-27 12:23:03,4362.0,-0.129193
2024-05-27 12:23:04,4363.0,-0.129193
2024-05-27 12:23:05,4364.0,-0.129193
2024-05-27 12:23:06,4365.0,-0.129193
2024-05-27 12:23:07,4366.0,-0.129193
2024-05-27 12:23:08,4367.0,-0.129193
2024-05-27 12:23:09,4368.0,-0.129193
2024-05-27 12:23:10,4369.0,-0.129193
2024-05-27 12:23:11,4370.0,-0.129193
2024-05-27 12:23:12,4371.0,-0.129193
2024-05-27 12:23:13,4372.0,-0.129193
2024-05-27 12:23:14,4373.0,-0.129193
2024-05-27 12:23:15,4374.0,-0.129193
2024-05-27 12:23:16,4375.0,-0.129193
2024-05-27 12:23:17,4376.0,-0.129193
2024-05-27 12:23:18,4377.0,-0.129193
2024-05-27 12:23:19,4378.0,-0.129193
2024-05-27 12:23:20,4379.0,-0.129193
2024-05-27 12:23:21,4380.0,-0.129193
2024-05-27 12:23:22,4381.0,-0.1291948154074074
2024-05-27 12:23:23,4382.0,-0.1292000965925926
2024-05-27 12:23:24,4383.0,-0.129208596
2024-05-27 12:23:25,4384.0,-0.12922006607407407
2024-05-27 12:23:26,4385.0,-0.12923425925925924
2024-05-27 12:23:27,4386.0,-0.12925092800000001
2024-05-27 12:23:28,4387.0,-0.12926982474074072
2024-05-27 12:23:29,4388.0,-0.12929070192592593
2024-05-27 12:23:30,4389.0,-0.129313312
2024-05-27 12:23:31,4390.0,-0.1293374074074074
2024-05-27 12:23:32,4391.0,-0.1293627405925926
2024-05-27 12:23:33,4392.0,-0.129389064
2024-05-27 12:23:34,4393.0,-0.12941613007407407
2024-05-27 12:23:35,4394.0,-0.12944369125925925
2024-05-27 12:23:36,4395.0,-0.1294715
2024-05-27 12:23:37,4396.0,-0.12949930874074075
2024-05-27 12:23:38,4397.0,-0.12952686992592594
2024-05-27 12:23:39,4398.0,-0.129553936
2024-05-27 12:23:40,4399.0,-0.12958025940740742
2024-05-27 12:23:41,4400.0,-0.1296055925925926
2024-05-27 12:23:42,4401.0,-0.12962968800000002
2024-05-27 12:23:43,4402.0,-0.12965229807407408
2024-05-27 12:23:44,4403.0,-0.12967317525925925
2024-05-27 12:23:45,4404.0,-0.129692072
2024-05-27 12:23:46,4405.0,-0.12970874074074074
2024-05-27 12:23:47,4406.0,-0.12972293392592593
2024-05-27 12:23:48,4407.0,-0.129734404
2024-05-27 12:23:49,4408.0,-0.12974290340740743
2024-05-27 12:23:50,4409.0,-0.1297481845925926
2024-05-27 12:23:51,4410.0,-0.12975
2024-05-27 12:23:52,4411.0,-0.12974714695551567
2024-05-27 12:23:53,4412.0,-0.12973880985118694
2024-05-27 12:23:54,4413.0,-0.12972532173070017
2024-05-27 12:23:55,4414.0,-0.12970701563774187
2024-05-27 12:23:56,4415.0,-0.1296842246159984
2024-05-27 12:23:57,4416.0,-0.1296572817091562
2024-05-27 12:23:58,4417.0,-0.12962651996090166
2024-05-27 12:23:59,4418.0,-0.1295922724149212
2024-05-27 12:24:00,4419.0,-0.12955487211490127
2024-05-27 12:24:01,4420.0,-0.12951465210452826
2024-05-27 12:24:02,4421.0,-0.12947194542748852
2024-05-27 12:24:03,4422.0,-0.1294270851274686
2024-05-27 12:24:04,4423.0,-0.12938040424815478
2024-05-27 12:24:05,4424.0,-0.12933223583323358
2024-05-27 12:24:06,4425.0,-0.12928291292639138
2024-05-27 12:24:07,4426.0,-0.12923276857131458
2024-05-27 12:24:08,4427.0,-0.1291821358116896
2024-05-27 12:24:09,4428.0,-0.12913134769120288
2024-05-27 12:24:10,4429.0,-0.1290807372535408
2024-05-27 12:24:11,4430.0,-0.12903063754238978
2024-05-27 12:24:12,4431.0,-0.12898138160143627
2024-05-27 12:24:13,4432.0,-0.12893330247436663
2024-05-27 12:24:14,4433.0,-0.12888673320486732
2024-05-27 12:24:15,4434.0,-0.12884200683662478
2024-05-27 12:24:16,4435.0,-0.12879945641332533
2024-05-27 12:24:17,4436.0,-0.12875941497865548
2024-05-27 12:24:18,4437.0,-0.12872221557630162
2024-05-27 12:24:19,4438.0,-0.12868819124995012
2024-05-27 12:24:20,4439.0,-0.12865767504328746
2024-05-27 12:24:21,4440.0,-0.128631
2024-05-27 12:24:22,4441.0,-0.12860617295671253
2024-05-27 12:24:23,4442.0,-0.12858103275004984
2024-05-27 12:24:24,4443.0,-0.12855566042369837
2024-05-27 12:24:25,4444.0,-0.1285301370213445
2024-05-27 12:24:26,4445.0,-0.12850454358667462
2024-05-27 12:24:27,4446.0,-0.1284789611633752
2024-05-27 12:24:28,4447.0,-0.12845347079513264
2024-05-27 12:24:29,4448.0,-0.12842815352563336
2024-05-27 12:24:30,4449.0,-0.1284030903985637
2024-05-27 12:24:31,4450.0,-0.1283783624576102
2024-05-27 12:24:32,4451.0,-0.12835405074645923
2024-05-27 12:24:33,4452.0,-0.12833023630879714
2024-05-27 12:24:34,4453.0,-0.1283070001883104
2024-05-27 12:24:35,4454.0,-0.12828442342868543
2024-05-27 12:24:36,4455.0,-0.1282625870736086
2024-05-27 12:24:37,4456.0,-0.1282415721667664
2024-05-27 12:24:38,4457.0,-0.1282214597518452
2024-05-27 12:24:39,4458.0,-0.1282023308725314
2024-05-27 12:24:40,4459.0,-0.12818426657251147
2024-05-27 12:24:41,4460.0,-0.12816734789547177
2024-05-27 12:24:42,4461.0,-0.12815165588509875
2024-05-27 12:24:43,4462.0,-0.1281372715850788
2024-05-27 12:24:44,4463.0,-0.12812427603909834
2024-05-27 12:24:45,4464.0,-0.1281127502908438
2024-05-27 12:24:46,4465.0,-0.12810277538400158
2024-05-27 12:24:47,4466.0,-0.12809443236225812
2024-05-27 12:24:48,4467.0,-0.1280878022692998
2024-05-27 12:24:49,4468.0,-0.12808296614881307
2024-05-27 12:24:50,4469.0,-0.12808000504448433
2024-05-27 12:24:51,4470.0,-0.128079
2024-05-27 12:24:52,4471.0,-0.1280826308148148
2024-05-27 12:24:53,4472.0,-0.1280931931851852
2024-05-27 12:24:54,4473.0,-0.128110192
2024-05-27 12:24:55,4474.0,-0.12813313214814814
2024-05-27 12:24:56,4475.0,-0.1281615185185185
2024-05-27 12:24:57,4476.0,-0.128194856
2024-05-27 12:24:58,4477.0,-0.1282326494814815
2024-05-27 12:24:59,4478.0,-0.12827440385185185
2024-05-27 12:25:00,4479.0,-0.128319624
2024-05-27 12:25:01,4480.0,-0.12836781481481482
2024-05-27 12:25:02,4481.0,-0.1284184811851852
2024-05-27 12:25:03,4482.0,-0.128471128
2024-05-27 12:25:04,4483.0,-0.12852526014814813
2024-05-27 12:25:05,4484.0,-0.1285803825185185
2024-05-27 12:25:06,4485.0,-0.12863599999999997
2024-05-27 12:25:07,4486.0,-0.1286916174814815
2024-05-27 12:25:08,4487.0,-0.12874673985185184
2024-05-27 12:25:09,4488.0,-0.128800872
2024-05-27 12:25:10,4489.0,-0.12885351881481483
2024-05-27 12:25:11,4490.0,-0.12890418518518518
2024-05-27 12:25:12,4491.0,-0.128952376
2024-05-27 12:25:13,4492.0,-0.12899759614814815
2024-05-27 12:25:14,4493.0,-0.1290393505185185
2024-05-27 12:25:15,4494.0,-0.129077144
2024-05-27 12:25:16,4495.0,-0.12911048148148146
2024-05-27 12:25:17,4496.0,-0.12913886785185186
2024-05-27 12:25:18,4497.0,-0.129161808
2024-05-27 12:25:19,4498.0,-0.1291788068148148
2024-05-27 12:25:20,4499.0,-0.12918936918518517
2024-05-27 12:25:21,4500.0,-0.129193
2024-05-27 12:25:22,4501.0,-0.129193
2024-05-27 12:25:23,4502.0,-0.129193
2024-05-27 12:25:24,4503.0,-0.129193
2024-05-27 12:25:25,4504.0,-0.129193
2024-05-27 12:25:26,4505.0,-0.129193
2024-05-27 12:25:27,4506.0,-0.129193
2024-05-27 12:25:28,4507.0,-0.129193
2024-05-27 12:25:29,4508.0,-0.129193
2024-05-27 12:25:30,4509.0,-0.129193
2024-05-27 12:25:31,4510.0,-0.129193
2024-05-27 12:25:32,4511.0,-0.129193
2024-05-27 12:25:33,4512.0,-0.129193
2024-05-27 12:25:34,4513.0,-0.129193
2024-05-27 12:25:35,4514.0,-0.129193
2024-05-27 12:25:36,4515.0,-0.129193
2024-05-27 12:25:37,4516.0,-0.129193
2024-05-27 12:25:38,4517.0,-0.129193
2024-05-27 12:25:39,4518.0,-0.129193
2024-05-27 12:25:40,4519.0,-0.129193
2024-05-27 12:25:41,4520.0,-0.129193
2024-05-27 12:25:42,4521.0,-0.129193
2024-05-27 12:25:43,4522.0,-0.129193
2024-05-27 12:25:44,4523.0,-0.129193
2024-05-27 12:25:45,4524.0,-0.129193
2024-05-27 12:25:46,4525.0,-0.129193
2024-05-27 12:25:47,4526.0,-0.129193
2024-05-27 12:25:48,4527.0,-0.129193
2024-05-27 12:25:49,4528.0,-0.129193
2024-05-27 12:25:50,4529.0,-0.129193
2024-05-27 12:25:51,4530.0,-0.129193
2024-05-27 12:25:52,4531.0,-0.129193
2024-05-27 12:25:53,4532.0,-0.129193
2024-05-27 12:25:54,4533.0,-0.129193
2024-05-27 12:25:55,4534.0,-0.129193
2024-05-27 12:25:56,4535.0,-0.129193
2024-05-27 12:25:57,4536.0,-0.129193
2024-05-27 12:25:58,4537.0,-0.129193
2024-05-27 12:25:59,4538.0,-0.129193
2024-05-27 12:26:00,4539.0,-0.129193
2024-05-27 12:26:01,4540.0,-0.129193
2024-05-27 12:26:02,4541.0,-0.129193
2024-05-27 12:26:03,4542.0,-0.129193
2024-05-27 12:26:04,4543.0,-0.129193
2024-05-27 12:26:05,4544.0,-0.129193
2024-05-27 12:26:06,4545.0,-0.129193
2024-05-27 12:26:07,4546.0,-0.129193
2024-05-27 12:26:08,4547.0,-0.129193
2024-05-27 12:26:09,4548.0,-0.129193
2024-05-27 12:26:10,4549.0,-0.129193
2024-05-27 12:26:11,4550.0,-0.129193
2024-05-27 12:26:12,4551.0,-0.129193
2024-05-27 12:26:13,4552.0,-0.129193
2024-05-27 12:26:14,4553.0,-0.129193
2024-05-27 12:26:15,4554.0,-0.129193
2024-05-27 12:26:16,4555.0,-0.129193
2024-05-27 12:26:17,4556.0,-0.129193
2024-05-27 12:26:18,4557.0,-0.129193
2024-05-27 12:26:19,4558.0,-0.129193
2024-05-27 12:26:20,4559.0,-0.129193
2024-05-27 12:26:21,4560.0,-0.129193
2024-05-27 12:26:22,4561.0,-0.12919482518518519
2024-05-27 12:26:23,4562.0,-0.12920013481481482
2024-05-27 12:26:24,4563.0,-0.12920868000000002
2024-05-27 12:26:25,4564.0,-0.12922021185185184
2024-05-27 12:26:26,4565.0,-0.12923448148148148
2024-05-27 12:26:27,4566.0,-0.12925124
2024-05-27 12:26:28,4567.0,-0.12927023851851854
2024-05-27 12:26:29,4568.0,-0.12929122814814817
2024-05-27 12:26:30,4569.0,-0.12931396
2024-05-27 12:26:31,4570.0,-0.1293381851851852
2024-05-27 12:26:32,4571.0,-0.12936365481481482
2024-05-27 12:26:33,4572.0,-0.12939012000000003
2024-05-27 12:26:34,4573.0,-0.12941733185185186
2024-05-27 12:26:35,4574.0,-0.12944504148148148
2024-05-27 12:26:36,4575.0,-0.129473
2024-05-27 12:26:37,4576.0,-0.1295009585185185
2024-05-27 12:26:38,4577.0,-0.12952866814814817
2024-05-27 12:26:39,4578.0,-0.12955588
2024-05-27 12:26:40,4579.0,-0.1295823451851852
2024-05-27 12:26:41,4580.0,-0.12960781481481481
2024-05-27 12:26:42,4581.0,-0.12963204
2024-05-27 12:26:43,4582.0,-0.12965477185185187
2024-05-27 12:26:44,4583.0,-0.1296757614814815
2024-05-27 12:26:45,4584.0,-0.12969476
2024-05-27 12:26:46,4585.0,-0.12971151851851853
2024-05-27 12:26:47,4586.0,-0.12972578814814814
2024-05-27 12:26:48,4587.0,-0.12973732000000002
2024-05-27 12:26:49,4588.0,-0.12974586518518522
2024-05-27 12:26:50,4589.0,-0.12975117481481482
2024-05-27 12:26:51,4590.0,-0.129753
2024-05-27 12:26:52,4591.0,-0.12975117481481482
2024-05-27 12:26:53,4592.0,-0.1297458651851852
2024-05-27 12:26:54,4593.0,-0.12973732
2024-05-27 12:26:55,4594.0,-0.12972578814814817
2024-05-27 12:26:56,4595.0,-0.12971151851851853
2024-05-27 12:26:57,4596.0,-0.12969476000000002
2024-05-27 12:26:58,4597.0,-0.12967576148148147
2024-05-27 12:26:59,4598.0,-0.12965477185185184
2024-05-27 12:27:00,4599.0,-0.12963204
2024-05-27 12:27:01,4600.0,-0.12960781481481481
2024-05-27 12:27:02,4601.0,-0.1295823451851852
2024-05-27 12:27:03,4602.0,-0.12955587999999998
2024-05-27 12:27:04,4603.0,-0.12952866814814815
2024-05-27 12:27:05,4604.0,-0.12950095851851853
2024-05-27 12:27:06,4605.0,-0.129473
2024-05-27 12:27:07,4606.0,-0.1294450414814815
2024-05-27 12:27:08,4607.0,-0.12941733185185184
2024-05-27 12:27:09,4608.0,-0.12939012
2024-05-27 12:27:10,4609.0,-0.12936365481481482
2024-05-27 12:27:11,4610.0,-0.1293381851851852
2024-05-27 12:27:12,4611.0,-0.12931396
2024-05-27 12:27:13,4612.0,-0.12929122814814814
2024-05-27 12:27:14,4613.0,-0.12927023851851852
2024-05-27 12:27:15,4614.0,-0.12925124000000002
2024-05-27 12:27:16,4615.0,-0.12923448148148148
2024-05-27 12:27:17,4616.0,-0.12922021185185187
2024-05-27 12:27:18,4617.0,-0.12920868
2024-05-27 12:27:19,4618.0,-0.1292001348148148
2024-05-27 12:27:20,4619.0,-0.12919482518518519
2024-05-27 12:27:21,4620.0,-0.129193
2024-05-27 12:27:22,4621.0,-0.12919664385185187
2024-05-27 12:27:23,4622.0,-0.12920724414814816
2024-05-27 12:27:24,4623.0,-0.129224304
2024-05-27 12:27:25,4624.0,-0.12924732651851853
2024-05-27 12:27:26,4625.0,-0.12927581481481482
2024-05-27 12:27:27,4626.0,-0.129309272
2024-05-27 12:27:28,4627.0,-0.1293472011851852
2024-05-27 12:27:29,4628.0,-0.12938910548148147
2024-05-27 12:27:30,4629.0,-0.12943448800000001
2024-05-27 12:27:31,4630.0,-0.12948285185185185
2024-05-27 12:27:32,4631.0,-0.12953370014814813
2024-05-27 12:27:33,4632.0,-0.129586536
2024-05-27 12:27:34,4633.0,-0.12964086251851853
2024-05-27 12:27:35,4634.0,-0.12969618281481482
2024-05-27 12:27:36,4635.0,-0.12975200000000003
2024-05-27 12:27:37,4636.0,-0.1298078171851852
2024-05-27 12:27:38,4637.0,-0.1298631374814815
2024-05-27 12:27:39,4638.0,-0.129917464
2024-05-27 12:27:40,4639.0,-0.12997029985185185
2024-05-27 12:27:41,4640.0,-0.13002114814814814
2024-05-27 12:27:42,4641.0,-0.130069512
2024-05-27 12:27:43,4642.0,-0.13011489451851854
2024-05-27 12:27:44,4643.0,-0.13015679881481482
2024-05-27 12:27:45,4644.0,-0.130194728
2024-05-27 12:27:46,4645.0,-0.1302281851851852
2024-05-27 12:27:47,4646.0,-0.13025667348148148
2024-05-27 12:27:48,4647.0,-0.130279696
2024-05-27 12:27:49,4648.0,-0.13029675585185185
2024-05-27 12:27:50,4649.0,-0.13030735614814815
2024-05-27 12:27:51,4650.0,-0.130311
2024-05-27 12:27:52,4651.0,-0.13030551792592596
2024-05-27 12:27:53,4652.0,-0.1302895700740741
2024-05-27 12:27:54,4653.0,-0.130263904
2024-05-27 12:27:55,4654.0,-0.13022926725925926
2024-05-27 12:27:56,4655.0,-0.13018640740740742
2024-05-27 12:27:57,4656.0,-0.130136072
2024-05-27 12:27:58,4657.0,-0.1300790085925926
2024-05-27 12:27:59,4658.0,-0.13001596474074076
2024-05-27 12:28:00,4659.0,-0.129947688
2024-05-27 12:28:01,4660.0,-0.12987492592592592
2024-05-27 12:28:02,4661.0,-0.12979842607407407
2024-05-27 12:28:03,4662.0,-0.129718936
2024-05-27 12:28:04,4663.0,-0.12963720325925926
2024-05-27 12:28:05,4664.0,-0.1295539754074074
2024-05-27 12:28:06,4665.0,-0.12946999999999997
2024-05-27 12:28:07,4666.0,-0.12938602459259257
2024-05-27 12:28:08,4667.0,-0.12930279674074074
2024-05-27 12:28:09,4668.0,-0.129221064
2024-05-27 12:28:10,4669.0,-0.12914157392592593
2024-05-27 12:28:11,4670.0,-0.12906507407407405
2024-05-27 12:28:12,4671.0,-0.128992312
2024-05-27 12:28:13,4672.0,-0.12892403525925925
2024-05-27 12:28:14,4673.0,-0.1288609914074074
2024-05-27 12:28:15,4674.0,-0.128803928
2024-05-27 12:28:16,4675.0,-0.1287535925925926
2024-05-27 12:28:17,4676.0,-0.12871073274074074
2024-05-27 12:28:18,4677.0,-0.128676096
2024-05-27 12:28:19,4678.0,-0.12865042992592593
2024-05-27 12:28:20,4679.0,-0.12863448207407405
2024-05-27 12:28:21,4680.0,-0.128629
2024-05-27 12:28:22,4681.0,-0.12863358583429063
2024-05-27 12:28:23,4682.0,-0.12864696889258598
2024-05-27 12:28:24,4683.0,-0.12866858750802138
2024-05-27 12:28:25,4684.0,-0.12869788001373209
2024-05-27 12:28:26,4685.0,-0.12873428474285337
2024-05-27 12:28:27,4686.0,-0.1287772400285205
2024-05-27 12:28:28,4687.0,-0.12882618420386874
2024-05-27 12:28:29,4688.0,-0.1288805556020334
2024-05-27 12:28:30,4689.0,-0.1289397925561497
2024-05-27 12:28:31,4690.0,-0.129003333399353
2024-05-27 12:28:32,4691.0,-0.1290706164647785
2024-05-27 12:28:33,4692.0,-0.1291410800855615
2024-05-27 12:28:34,4693.0,-0.12921416259483726
2024-05-27 12:28:35,4694.0,-0.12928930232574104
2024-05-27 12:28:36,4695.0,-0.1293659376114082
2024-05-27 12:28:37,4696.0,-0.1294435067849739
2024-05-27 12:28:38,4697.0,-0.1295214481795735
2024-05-27 12:28:39,4698.0,-0.12959920012834222
2024-05-27 12:28:40,4699.0,-0.1296762009644154
2024-05-27 12:28:41,4700.0,-0.1297518890209282
2024-05-27 12:28:42,4701.0,-0.12982570263101603
2024-05-27 12:28:43,4702.0,-0.12989708012781406
2024-05-27 12:28:44,4703.0,-0.12996545984445765
2024-05-27 12:28:45,4704.0,-0.13003028011408196
2024-05-27 12:28:46,4705.0,-0.13009097926982238
2024-05-27 12:28:47,4706.0,-0.13014699564481413
2024-05-27 12:28:48,4707.0,-0.13019776757219248
2024-05-27 12:28:49,4708.0,-0.13024273338509273
2024-05-27 12:28:50,4709.0,-0.13028133141665016
2024-05-27 12:28:51,4710.0,-0.13031299999999998
2024-05-27 12:28:52,4711.0,-0.13034100517594244
2024-05-27 12:28:53,4712.0,-0.1303689460223146
2024-05-27 12:28:54,4713.0,-0.13039676042780746
2024-05-27 12:28:55,4714.0,-0.13042438628111175
2024-05-27 12:28:56,4715.0,-0.1304517614709183
2024-05-27 12:28:57,4716.0,-0.13047882388591797
2024-05-27 12:28:58,4717.0,-0.13050551141480157
2024-05-27 12:28:59,4718.0,-0.13053176194625998
2024-05-27 12:29:00,4719.0,-0.13055751336898394
2024-05-27 12:29:01,4720.0,-0.13058270357166438
2024-05-27 12:29:02,4721.0,-0.130607270442992
2024-05-27 12:29:03,4722.0,-0.13063115187165775
2024-05-27 12:29:04,4723.0,-0.1306542857463524
2024-05-27 12:29:05,4724.0,-0.13067660995576683
2024-05-27 12:29:06,4725.0,-0.1306980623885918
2024-05-27 12:29:07,4726.0,-0.13071858093351815
2024-05-27 12:29:08,4727.0,-0.13073810347923678
2024-05-27 12:29:09,4728.0,-0.1307565679144385
2024-05-27 12:29:10,4729.0,-0.13077391212781406
2024-05-27 12:29:11,4730.0,-0.13079007400805437
2024-05-27 12:29:12,4731.0,-0.13080499144385024
2024-05-27 12:29:13,4732.0,-0.13081860232389253
2024-05-27 12:29:14,4733.0,-0.130830844536872
2024-05-27 12:29:15,4734.0,-0.1308416559714795
2024-05-27 12:29:16,4735.0,-0.13085097451640587
2024-05-27 12:29:17,4736.0,-0.13085873806034196
2024-05-27 12:29:18,4737.0,-0.1308648844919786
2024-05-27 12:29:19,4738.0,-0.1308693517000066
2024-05-27 12:29:20,4739.0,-0.13087207757311678
2024-05-27 12:29:21,4740.0,-0.130873
2024-05-27 12:29:22,4741.0,-0.130873
2024-05-27 12:29:23,4742.0,-0.130873
2024-05-27 12:29:24,4743.0,-0.130873
2024-05-27 12:29:25,4744.0,-0.130873
2024-05-27 12:29:26,4745.0,-0.130873
2024-05-27 12:29:27,4746.0,-0.130873
2024-05-27 12:29:28,4747.0,-0.130873
2024-05-27 12:29:29,4748.0,-0.130873
2024-05-27 12:29:30,4749.0,-0.130873
2024-05-27 12:29:31,4750.0,-0.130873
2024-05-27 12:29:32,4751.0,-0.130873
2024-05-27 12:29:33,4752.0,-0.130873
2024-05-27 12:29:34,4753.0,-0.130873
2024-05-27 12:29:35,4754.0,-0.130873
2024-05-27 12:29:36,4755.0,-0.130873
2024-05-27 12:29:37,4756.0,-0.130873
2024-05-27 12:29:38,4757.0,-0.130873
2024-05-27 12:29:39,4758.0,-0.130873
2024-05-27 12:29:40,4759.0,-0.130873
2024-05-27 12:29:41,4760.0,-0.130873
2024-05-27 12:29:42,4761.0,-0.130873
2024-05-27 12:29:43,4762.0,-0.130873
2024-05-27 12:29:44,4763.0,-0.130873
2024-05-27 12:29:45,4764.0,-0.130873
2024-05-27 12:29:46,4765.0,-0.130873
2024-05-27 12:29:47,4766.0,-0.130873
2024-05-27 12:29:48,4767.0,-0.130873
2024-05-27 12:29:49,4768.0,-0.130873
2024-05-27 12:29:50,4769.0,-0.130873
2024-05-27 12:29:51,4770.0,-0.130873
2024-05-27 12:29:52,4771.0,-0.130873
2024-05-27 12:29:53,4772.0,-0.130873
2024-05-27 12:29:54,4773.0,-0.130873
2024-05-27 12:29:55,4774.0,-0.130873
2024-05-27 12:29:56,4775.0,-0.130873
2024-05-27 12:29:57,4776.0,-0.130873
2024-05-27 12:29:58,4777.0,-0.130873
2024-05-27 12:29:59,4778.0,-0.130873
2024-05-27 12:30:00,4779.0,-0.130873
2024-05-27 12:30:01,4780.0,-0.130873
2024-05-27 12:30:02,4781.0,-0.130873
2024-05-27 12:30:03,4782.0,-0.130873
2024-05-27 12:30:04,4783.0,-0.130873
2024-05-27 12:30:05,4784.0,-0.130873
2024-05-27 12:30:06,4785.0,-0.130873
2024-05-27 12:30:07,4786.0,-0.130873
2024-05-27 12:30:08,4787.0,-0.130873
2024-05-27 12:30:09,4788.0,-0.130873
2024-05-27 12:30:10,4789.0,-0.130873
2024-05-27 12:30:11,4790.0,-0.130873
2024-05-27 12:30:12,4791.0,-0.130873
2024-05-27 12:30:13,4792.0,-0.130873
2024-05-27 12:30:14,4793.0,-0.130873
2024-05-27 12:30:15,4794.0,-0.130873
2024-05-27 12:30:16,4795.0,-0.130873
2024-05-27 12:30:17,4796.0,-0.130873
2024-05-27 12:30:18,4797.0,-0.130873
2024-05-27 12:30:19,4798.0,-0.130873
2024-05-27 12:30:20,4799.0,-0.130873
2024-05-27 12:30:21,4800.0,-0.130873
2024-05-27 12:30:22,4801.0,-0.13087299553510917
2024-05-27 12:30:23,4802.0,-0.13087298214325688
2024-05-27 12:30:24,4803.0,-0.13087295982867342
2024-05-27 12:30:25,4804.0,-0.13087292859558902
2024-05-27 12:30:26,4805.0,-0.13087288844823408
2024-05-27 12:30:27,4806.0,-0.13087283939083877
2024-05-27 12:30:28,4807.0,-0.13087278142763345
2024-05-27 12:30:29,4808.0,-0.13087271456284838
2024-05-27 12:30:30,4809.0,-0.13087263880071384
2024-05-27 12:30:31,4810.0,-0.13087255414546015
2024-05-27 12:30:32,4811.0,-0.13087246060131755
2024-05-27 12:30:33,4812.0,-0.13087235817251633
2024-05-27 12:30:34,4813.0,-0.13087224686328683
2024-05-27 12:30:35,4814.0,-0.13087212667785927
2024-05-27 12:30:36,4815.0,-0.130871997620464
2024-05-27 12:30:37,4816.0,-0.13087185969533124
2024-05-27 12:30:38,4817.0,-0.13087171290669133
2024-05-27 12:30:39,4818.0,-0.13087155725877453
2024-05-27 12:30:40,4819.0,-0.13087139275581114
2024-05-27 12:30:41,4820.0,-0.13087121940203142
2024-05-27 12:30:42,4821.0,-0.13087103720166565
2024-05-27 12:30:43,4822.0,-0.13087084615894418
2024-05-27 12:30:44,4823.0,-0.13087064627809722
2024-05-27 12:30:45,4824.0,-0.13087043756335512
2024-05-27 12:30:46,4825.0,-0.13087022001894813
2024-05-27 12:30:47,4826.0,-0.13086999364910654
2024-05-27 12:30:48,4827.0,-0.13086975845806068
2024-05-27 12:30:49,4828.0,-0.13086951445004075
2024-05-27 12:30:50,4829.0,-0.1308692616292771
2024-05-27 12:30:51,4830.0,-0.13086899999999999
2024-05-27 12:30:52,4831.0,-0.13086328562998215
2024-05-27 12:30:53,4832.0,-0.13084717029069998
2024-05-27 12:30:54,4833.0,-0.1308213975419393
2024-05-27 12:30:55,4834.0,-0.130786710943486
2024-05-27 12:30:56,4835.0,-0.1307438540551259
2024-05-27 12:30:57,4836.0,-0.13069357043664484
2024-05-27 12:30:58,4837.0,-0.13063660364782867
2024-05-27 12:30:59,4838.0,-0.1305736972484632
2024-05-27 12:31:00,4839.0,-0.1305055947983343
2024-05-27 12:31:01,4840.0,-0.13043303985722784
2024-05-27 12:31:02,4841.0,-0.1303567759849296
2024-05-27 12:31:03,4842.0,-0.13027754674122546
2024-05-27 12:31:04,4843.0,-0.13019609568590124
2024-05-27 12:31:05,4844.0,-0.1301131663787428
2024-05-27 12:31:06,4845.0,-0.130029502379536
2024-05-27 12:31:07,4846.0,-0.1299458472480666
2024-05-27 12:31:08,4847.0,-0.12986294454412056
2024-05-27 12:31:09,4848.0,-0.12978153782748364
2024-05-27 12:31:10,4849.0,-0.12970237065794168
2024-05-27 12:31:11,4850.0,-0.12962618659528058
2024-05-27 12:31:12,4851.0,-0.12955372919928612
2024-05-27 12:31:13,4852.0,-0.12948574202974422
2024-05-27 12:31:14,4853.0,-0.12942296864644062
2024-05-27 12:31:15,4854.0,-0.1293661526091612
2024-05-27 12:31:16,4855.0,-0.12931603747769188
2024-05-27 12:31:17,4856.0,-0.12927336681181836
2024-05-27 12:31:18,4857.0,-0.1292388841713266
2024-05-27 12:31:19,4858.0,-0.1292133331160024
2024-05-27 12:31:20,4859.0,-0.12919745720563158
2024-05-27 12:31:21,4860.0,-0.129192
2024-05-27 12:31:22,4861.0,-0.129192
2024-05-27 12:31:23,4862.0,-0.129192
2024-05-27 12:31:24,4863.0,-0.129192
2024-05-27 12:31:25,4864.0,-0.129192
2024-05-27 12:31:26,4865.0,-0.129192
2024-05-27 12:31:27,4866.0,-0.129192
2024-05-27 12:31:28,4867.0,-0.129192
2024-05-27 12:31:29,4868.0,-0.129192
2024-05-27 12:31:30,4869.0,-0.129192
2024-05-27 12:31:31,4870.0,-0.129192
2024-05-27 12:31:32,4871.0,-0.129192
2024-05-27 12:31:33,4872.0,-0.129192
2024-05-27 12:31:34,4873.0,-0.129192
2024-05-27 12:31:35,4874.0,-0.129192
2024-05-27 12:31:36,4875.0,-0.129192
2024-05-27 12:31:37,4876.0,-0.129192
2024-05-27 12:31:38,4877.0,-0.129192
2024-05-27 12:31:39,4878.0,-0.129192
2024-05-27 12:31:40,4879.0,-0.129192
2024-05-27 12:31:41,4880.0,-0.129192
2024-05-27 12:31:42,4881.0,-0.129192
2024-05-27 12:31:43,4882.0,-0.129192
2024-05-27 12:31:44,4883.0,-0.129192
2024-05-27 12:31:45,4884.0,-0.129192
2024-05-27 12:31:46,4885.0,-0.129192
2024-05-27 12:31:47,4886.0,-0.129192
2024-05-27 12:31:48,4887.0,-0.129192
2024-05-27 12:31:49,4888.0,-0.129192
2024-05-27 12:31:50,4889.0,-0.129192
2024-05-27 12:31:51,4890.0,-0.129192
2024-05-27 12:31:52,4891.0,-0.129192
2024-05-27 12:31:53,4892.0,-0.129192
2024-05-27 12:31:54,4893.0,-0.129192
2024-05-27 12:31:55,4894.0,-0.129192
2024-05-27 12:31:56,4895.0,-0.129192
2024-05-27 12:31:57,4896.0,-0.129192
2024-05-27 12:31:58,4897.0,-0.129192
2024-05-27 12:31:59,4898.0,-0.129192
2024-05-27 12:32:00,4899.0,-0.129192
2024-05-27 12:32:01,4900.0,-0.129192
2024-05-27 12:32:02,4901.0,-0.129192
2024-05-27 12:32:03,4902.0,-0.129192
2024-05-27 12:32:04,4903.0,-0.129192
2024-05-27 12:32:05,4904.0,-0.129192
2024-05-27 12:32:06,4905.0,-0.129192
2024-05-27 12:32:07,4906.0,-0.129192
2024-05-27 12:32:08,4907.0,-0.129192
2024-05-27 12:32:09,4908.0,-0.129192
2024-05-27 12:32:10,4909.0,-0.129192
2024-05-27 12:32:11,4910.0,-0.129192
2024-05-27 12:32:12,4911.0,-0.129192
2024-05-27 12:32:13,4912.0,-0.129192
2024-05-27 12:32:14,4913.0,-0.129192
2024-05-27 12:32:15,4914.0,-0.129192
2024-05-27 12:32:16,4915.0,-0.129192
2024-05-27 12:32:17,4916.0,-0.129192
2024-05-27 12:32:18,4917.0,-0.129192
2024-05-27 12:32:19,4918.0,-0.129192
2024-05-27 12:32:20,4919.0,-0.129192
2024-05-27 12:32:21,4920.0,-0.129192
2024-05-27 12:32:22,4921.0,-0.12919484839506173
2024-05-27 12:32:23,4922.0,-0.12920317234567902
2024-05-27 12:32:24,4923.0,-0.12921664000000002
2024-05-27 12:32:25,4924.0,-0.12923491950617283
2024-05-27 12:32:26,4925.0,-0.1292576790123457
2024-05-27 12:32:27,4926.0,-0.12928458666666665
2024-05-27 12:32:28,4927.0,-0.12931531061728396
2024-05-27 12:32:29,4928.0,-0.12934951901234568
2024-05-27 12:32:30,4929.0,-0.12938687999999998
2024-05-27 12:32:31,4930.0,-0.12942706172839505
2024-05-27 12:32:32,4931.0,-0.129469732345679
2024-05-27 12:32:33,4932.0,-0.12951456
2024-05-27 12:32:34,4933.0,-0.12956121283950617
2024-05-27 12:32:35,4934.0,-0.1296093590123457
2024-05-27 12:32:36,4935.0,-0.12965866666666664
2024-05-27 12:32:37,4936.0,-0.1297088039506173
2024-05-27 12:32:38,4937.0,-0.12975943901234566
2024-05-27 12:32:39,4938.0,-0.12981024
2024-05-27 12:32:40,4939.0,-0.1298608750617284
2024-05-27 12:32:41,4940.0,-0.129911012345679
2024-05-27 12:32:42,4941.0,-0.12996032
2024-05-27 12:32:43,4942.0,-0.13000846617283948
2024-05-27 12:32:44,4943.0,-0.13005511901234568
2024-05-27 12:32:45,4944.0,-0.13009994666666666
2024-05-27 12:32:46,4945.0,-0.1301426172839506
2024-05-27 12:32:47,4946.0,-0.13018279901234567
2024-05-27 12:32:48,4947.0,-0.13022015999999997
2024-05-27 12:32:49,4948.0,-0.13025436839506171
2024-05-27 12:32:50,4949.0,-0.130285092345679
2024-05-27 12:32:51,4950.0,-0.13031199999999998
2024-05-27 12:32:52,4951.0,-0.13033708246913578
2024-05-27 12:32:53,4952.0,-0.13036249679012346
2024-05-27 12:32:54,4953.0,-0.13038815999999998
2024-05-27 12:32:55,4954.0,-0.13041398913580243
2024-05-27 12:32:56,4955.0,-0.1304399012345679
2024-05-27 12:32:57,4956.0,-0.13046581333333332
2024-05-27 12:32:58,4957.0,-0.13049164246913578
2024-05-27 12:32:59,4958.0,-0.13051730567901235
2024-05-27 12:33:00,4959.0,-0.13054272
2024-05-27 12:33:01,4960.0,-0.13056780246913577
2024-05-27 12:33:02,4961.0,-0.1305924701234568
2024-05-27 12:33:03,4962.0,-0.13061663999999998
2024-05-27 12:33:04,4963.0,-0.13064022913580245
2024-05-27 12:33:05,4964.0,-0.13066315456790123
2024-05-27 12:33:06,4965.0,-0.13068533333333332
2024-05-27 12:33:07,4966.0,-0.13070668246913578
2024-05-27 12:33:08,4967.0,-0.13072711901234568
2024-05-27 12:33:09,4968.0,-0.13074656
2024-05-27 12:33:10,4969.0,-0.1307649224691358
2024-05-27 12:33:11,4970.0,-0.13078212345679013
2024-05-27 12:33:12,4971.0,-0.13079807999999998
2024-05-27 12:33:13,4972.0,-0.13081270913580245
2024-05-27 12:33:14,4973.0,-0.13082592790123454
2024-05-27 12:33:15,4974.0,-0.13083765333333333
2024-05-27 12:33:16,4975.0,-0.1308478024691358
2024-05-27 12:33:17,4976.0,-0.130856292345679
2024-05-27 12:33:18,4977.0,-0.13086304
2024-05-27 12:33:19,4978.0,-0.1308679624691358
2024-05-27 12:33:20,4979.0,-0.1308709767901234
2024-05-27 12:33:21,4980.0,-0.130872
2024-05-27 12:33:22,4981.0,-0.13086652444444444
2024-05-27 12:33:23,4982.0,-0.13085059555555553
2024-05-27 12:33:24,4983.0,-0.13082496
2024-05-27 12:33:25,4984.0,-0.13079036444444445
2024-05-27 12:33:26,4985.0,-0.13074755555555553
2024-05-27 12:33:27,4986.0,-0.13069728
2024-05-27 12:33:28,4987.0,-0.13064028444444442
2024-05-27 12:33:29,4988.0,-0.13057731555555555
2024-05-27 12:33:30,4989.0,-0.13050911999999998
2024-05-27 12:33:31,4990.0,-0.13043644444444444
2024-05-27 12:33:32,4991.0,-0.13036003555555553
2024-05-27 12:33:33,4992.0,-0.13028064
2024-05-27 12:33:34,4993.0,-0.13019900444444443
2024-05-27 12:33:35,4994.0,-0.13011587555555554
2024-05-27 12:33:36,4995.0,-0.130032
2024-05-27 12:33:37,4996.0,-0.12994812444444445
2024-05-27 12:33:38,4997.0,-0.12986499555555556
2024-05-27 12:33:39,4998.0,-0.12978336
2024-05-27 12:33:40,4999.0,-0.12970396444444443
2024-05-27 12:33:41,5000.0,-0.12962755555555555
2024-05-27 12:33:42,5001.0,-0.12955487999999998
2024-05-27 12:33:43,5002.0,-0.12948668444444444
2024-05-27 12:33:44,5003.0,-0.12942371555555557
2024-05-27 12:33:45,5004.0,-0.12936672000000002
2024-05-27 12:33:46,5005.0,-0.12931644444444446
2024-05-27 12:33:47,5006.0,-0.12927363555555554
2024-05-27 12:33:48,5007.0,-0.12923904
2024-05-27 12:33:49,5008.0,-0.12921340444444446
2024-05-27 12:33:50,5009.0,-0.12919747555555558
2024-05-27 12:33:51,5010.0,-0.129192
2024-05-27 12:33:52,5011.0,-0.12920297066666667
2024-05-27 12:33:53,5012.0,-0.12923488533333333
2024-05-27 12:33:54,5013.0,-0.129286248
2024-05-27 12:33:55,5014.0,-0.12935556266666665
2024-05-27 12:33:56,5015.0,-0.12944133333333332
2024-05-27 12:33:57,5016.0,-0.129542064
2024-05-27 12:33:58,5017.0,-0.12965625866666666
2024-05-27 12:33:59,5018.0,-0.12978242133333334
2024-05-27 12:34:00,5019.0,-0.129919056
2024-05-27 12:34:01,5020.0,-0.1300646666666667
2024-05-27 12:34:02,5021.0,-0.13021775733333335
2024-05-27 12:34:03,5022.0,-0.130376832
2024-05-27 12:34:04,5023.0,-0.13054039466666667
2024-05-27 12:34:05,5024.0,-0.13070694933333332
2024-05-27 12:34:06,5025.0,-0.13087500000000002
2024-05-27 12:34:07,5026.0,-0.1310430506666667
2024-05-27 12:34:08,5027.0,-0.13120960533333334
2024-05-27 12:34:09,5028.0,-0.131373168
2024-05-27 12:34:10,5029.0,-0.13153224266666666
2024-05-27 12:34:11,5030.0,-0.13168533333333335
2024-05-27 12:34:12,5031.0,-0.13183094400000003
2024-05-27 12:34:13,5032.0,-0.13196757866666667
2024-05-27 12:34:14,5033.0,-0.13209374133333335
2024-05-27 12:34:15,5034.0,-0.132207936
2024-05-27 12:34:16,5035.0,-0.13230866666666666
2024-05-27 12:34:17,5036.0,-0.13239443733333334
2024-05-27 12:34:18,5037.0,-0.132463752
2024-05-27 12:34:19,5038.0,-0.13251511466666668
2024-05-27 12:34:20,5039.0,-0.13254702933333334
2024-05-27 12:34:21,5040.0,-0.132558
2024-05-27 12:34:22,5041.0,-0.13255228508386702
2024-05-27 12:34:23,5042.0,-0.1325355843852028
2024-05-27 12:34:24,5043.0,-0.13250856397860963
2024-05-27 12:34:25,5044.0,-0.13247188993868975
2024-05-27 12:34:26,5045.0,-0.13242622834004533
2024-05-27 12:34:27,5046.0,-0.13237224525727867
2024-05-27 12:34:28,5047.0,-0.13231060676499198
2024-05-27 12:34:29,5048.0,-0.13224197893778747
2024-05-27 12:34:30,5049.0,-0.13216702785026738
2024-05-27 12:34:31,5050.0,-0.13208641957703396
2024-05-27 12:34:32,5051.0,-0.13200082019268944
2024-05-27 12:34:33,5052.0,-0.131910895771836
2024-05-27 12:34:34,5053.0,-0.13181731238907596
2024-05-27 12:34:35,5054.0,-0.13172073611901144
2024-05-27 12:34:36,5055.0,-0.1316218330362448
2024-05-27 12:34:37,5056.0,-0.13152126921537818
2024-05-27 12:34:38,5057.0,-0.13141971073101383
2024-05-27 12:34:39,5058.0,-0.131317823657754
2024-05-27 12:34:40,5059.0,-0.1312162740702009
2024-05-27 12:34:41,5060.0,-0.1311157280429568
2024-05-27 12:34:42,5061.0,-0.13101685165062388
2024-05-27 12:34:43,5062.0,-0.1309203109678044
2024-05-27 12:34:44,5063.0,-0.1308267720691006
2024-05-27 12:34:45,5064.0,-0.13073690102911467
2024-05-27 12:34:46,5065.0,-0.1306513639224489
2024-05-27 12:34:47,5066.0,-0.13057082682370544
2024-05-27 12:34:48,5067.0,-0.13049595580748663
2024-05-27 12:34:49,5068.0,-0.1304274169483946
2024-05-27 12:34:50,5069.0,-0.13036587632103164
2024-05-27 12:34:51,5070.0,-0.13031199999999998
2024-05-27 12:34:52,5071.0,-0.13026179360489423
2024-05-27 12:34:53,5072.0,-0.13021092912567944
2024-05-27 12:34:54,5073.0,-0.13015957219251337
2024-05-27 12:34:55,5074.0,-0.1301078884355538
2024-05-27 12:34:56,5075.0,-0.1300560434849585
2024-05-27 12:34:57,5076.0,-0.13000420297088533
2024-05-27 12:34:58,5077.0,-0.12995253252349198
2024-05-27 12:34:59,5078.0,-0.12990119777293632
2024-05-27 12:35:00,5079.0,-0.12985036434937608
2024-05-27 12:35:01,5080.0,-0.12980019788296912
2024-05-27 12:35:02,5081.0,-0.12975086400387315
2024-05-27 12:35:03,5082.0,-0.129702528342246
2024-05-27 12:35:04,5083.0,-0.12965535652824542
2024-05-27 12:35:05,5084.0,-0.1296095141920292
2024-05-27 12:35:06,5085.0,-0.1295651669637552
2024-05-27 12:35:07,5086.0,-0.12952248047358114
2024-05-27 12:35:08,5087.0,-0.1294816203516648
2024-05-27 12:35:09,5088.0,-0.12944275222816398
2024-05-27 12:35:10,5089.0,-0.1294060417332365
2024-05-27 12:35:11,5090.0,-0.1293716544970401
2024-05-27 12:35:12,5091.0,-0.12933975614973262
2024-05-27 12:35:13,5092.0,-0.1293105123214718
2024-05-27 12:35:14,5093.0,-0.12928408864241545
2024-05-27 12:35:15,5094.0,-0.12926065074272133
2024-05-27 12:35:16,5095.0,-0.12924036425254726
2024-05-27 12:35:17,5096.0,-0.129223394802051
2024-05-27 12:35:18,5097.0,-0.12920990802139037
2024-05-27 12:35:19,5098.0,-0.12920006954072316
2024-05-27 12:35:20,5099.0,-0.12919404499020706
2024-05-27 12:35:21,5100.0,-0.129192
2024-05-27 12:35:22,5101.0,-0.12919747555555555
2024-05-27 12:35:23,5102.0,-0.12921340444444446
2024-05-27 12:35:24,5103.0,-0.12923904
2024-05-27 12:35:25,5104.0,-0.12927363555555554
2024-05-27 12:35:26,5105.0,-0.12931644444444446
2024-05-27 12:35:27,5106.0,-0.12936672
2024-05-27 12:35:28,5107.0,-0.12942371555555557
2024-05-27 12:35:29,5108.0,-0.12948668444444444
2024-05-27 12:35:30,5109.0,-0.12955488
2024-05-27 12:35:31,5110.0,-0.12962755555555555
2024-05-27 12:35:32,5111.0,-0.12970396444444446
2024-05-27 12:35:33,5112.0,-0.12978336
2024-05-27 12:35:34,5113.0,-0.12986499555555556
2024-05-27 12:35:35,5114.0,-0.12994812444444445
2024-05-27 12:35:36,5115.0,-0.13003199999999998
2024-05-27 12:35:37,5116.0,-0.13011587555555554
2024-05-27 12:35:38,5117.0,-0.13019900444444443
2024-05-27 12:35:39,5118.0,-0.13028064
2024-05-27 12:35:40,5119.0,-0.13036003555555556
2024-05-27 12:35:41,5120.0,-0.13043644444444444
2024-05-27 12:35:42,5121.0,-0.13050912
2024-05-27 12:35:43,5122.0,-0.13057731555555555
2024-05-27 12:35:44,5123.0,-0.13064028444444442
2024-05-27 12:35:45,5124.0,-0.13069727999999997
2024-05-27 12:35:46,5125.0,-0.13074755555555553
2024-05-27 12:35:47,5126.0,-0.13079036444444445
2024-05-27 12:35:48,5127.0,-0.13082496
2024-05-27 12:35:49,5128.0,-0.13085059555555553
2024-05-27 12:35:50,5129.0,-0.1308665244444444
2024-05-27 12:35:51,5130.0,-0.130872
2024-05-27 12:35:52,5131.0,-0.13086652444444444
2024-05-27 12:35:53,5132.0,-0.13085059555555553
2024-05-27 12:35:54,5133.0,-0.13082496
2024-05-27 12:35:55,5134.0,-0.13079036444444445
2024-05-27 12:35:56,5135.0,-0.13074755555555553
2024-05-27 12:35:57,5136.0,-0.13069728
2024-05-27 12:35:58,5137.0,-0.13064028444444442
2024-05-27 12:35:59,5138.0,-0.13057731555555555
2024-05-27 12:36:00,5139.0,-0.13050911999999998
2024-05-27 12:36:01,5140.0,-0.13043644444444444
2024-05-27 12:36:02,5141.0,-0.13036003555555553
2024-05-27 12:36:03,5142.0,-0.13028064
2024-05-27 12:36:04,5143.0,-0.13019900444444443
2024-05-27 12:36:05,5144.0,-0.13011587555555554
2024-05-27 12:36:06,5145.0,-0.130032
2024-05-27 12:36:07,5146.0,-0.12994812444444445
2024-05-27 12:36:08,5147.0,-0.12986499555555556
2024-05-27 12:36:09,5148.0,-0.12978336
2024-05-27 12:36:10,5149.0,-0.12970396444444443
2024-05-27 12:36:11,5150.0,-0.12962755555555555
2024-05-27 12:36:12,5151.0,-0.12955487999999998
2024-05-27 12:36:13,5152.0,-0.12948668444444444
2024-05-27 12:36:14,5153.0,-0.12942371555555557
2024-05-27 12:36:15,5154.0,-0.12936672000000002
2024-05-27 12:36:16,5155.0,-0.12931644444444446
2024-05-27 12:36:17,5156.0,-0.12927363555555554
2024-05-27 12:36:18,5157.0,-0.12923904
2024-05-27 12:36:19,5158.0,-0.12921340444444446
2024-05-27 12:36:20,5159.0,-0.12919747555555558
2024-05-27 12:36:21,5160.0,-0.129192
2024-05-27 12:36:22,5161.0,-0.12919747555555555
2024-05-27 12:36:23,5162.0,-0.12921340444444446
2024-05-27 12:36:24,5163.0,-0.12923904
2024-05-27 12:36:25,5164.0,-0.12927363555555554
2024-05-27 12:36:26,5165.0,-0.12931644444444446
2024-05-27 12:36:27,5166.0,-0.12936672
2024-05-27 12:36:28,5167.0,-0.12942371555555557
2024-05-27 12:36:29,5168.0,-0.12948668444444444
2024-05-27 12:36:30,5169.0,-0.12955488
2024-05-27 12:36:31,5170.0,-0.12962755555555555
2024-05-27 12:36:32,5171.0,-0.12970396444444446
2024-05-27 12:36:33,5172.0,-0.12978336
2024-05-27 12:36:34,5173.0,-0.12986499555555556
2024-05-27 12:36:35,5174.0,-0.12994812444444445
2024-05-27 12:36:36,5175.0,-0.13003199999999998
2024-05-27 12:36:37,5176.0,-0.13011587555555554
2024-05-27 12:36:38,5177.0,-0.13019900444444443
2024-05-27 12:36:39,5178.0,-0.13028064
2024-05-27 12:36:40,5179.0,-0.13036003555555556
2024-05-27 12:36:41,5180.0,-0.13043644444444444
2024-05-27 12:36:42,5181.0,-0.13050912
2024-05-27 12:36:43,5182.0,-0.13057731555555555
2024-05-27 12:36:44,5183.0,-0.13064028444444442
2024-05-27 12:36:45,5184.0,-0.13069727999999997
2024-05-27 12:36:46,5185.0,-0.13074755555555553
2024-05-27 12:36:47,5186.0,-0.13079036444444445
2024-05-27 12:36:48,5187.0,-0.13082496
2024-05-27 12:36:49,5188.0,-0.13085059555555553
2024-05-27 12:36:50,5189.0,-0.1308665244444444
2024-05-27 12:36:51,5190.0,-0.130872
2024-05-27 12:36:52,5191.0,-0.13086652444444444
2024-05-27 12:36:53,5192.0,-0.13085059555555553
2024-05-27 12:36:54,5193.0,-0.13082496
2024-05-27 12:36:55,5194.0,-0.13079036444444445
2024-05-27 12:36:56,5195.0,-0.13074755555555553
2024-05-27 12:36:57,5196.0,-0.13069728
2024-05-27 12:36:58,5197.0,-0.13064028444444442
2024-05-27 12:36:59,5198.0,-0.13057731555555555
2024-05-27 12:37:00,5199.0,-0.13050911999999998
2024-05-27 12:37:01,5200.0,-0.13043644444444444
2024-05-27 12:37:02,5201.0,-0.13036003555555553
2024-05-27 12:37:03,5202.0,-0.13028064
2024-05-27 12:37:04,5203.0,-0.13019900444444443
2024-05-27 12:37:05,5204.0,-0.13011587555555554
2024-05-27 12:37:06,5205.0,-0.130032
2024-05-27 12:37:07,5206.0,-0.12994812444444445
2024-05-27 12:37:08,5207.0,-0.12986499555555556
2024-05-27 12:37:09,5208.0,-0.12978336
2024-05-27 12:37:10,5209.0,-0.12970396444444443
2024-05-27 12:37:11,5210.0,-0.12962755555555555
2024-05-27 12:37:12,5211.0,-0.12955487999999998
2024-05-27 12:37:13,5212.0,-0.12948668444444444
2024-05-27 12:37:14,5213.0,-0.12942371555555557
2024-05-27 12:37:15,5214.0,-0.12936672000000002
2024-05-27 12:37:16,5215.0,-0.12931644444444446
2024-05-27 12:37:17,5216.0,-0.12927363555555554
2024-05-27 12:37:18,5217.0,-0.12923904
2024-05-27 12:37:19,5218.0,-0.12921340444444446
2024-05-27 12:37:20,5219.0,-0.12919747555555558
2024-05-27 12:37:21,5220.0,-0.129192
2024-05-27 12:37:22,5221.0,-0.12919930725925927
2024-05-27 12:37:23,5222.0,-0.12922056474074076
2024-05-27 12:37:24,5223.0,-0.12925477600000002
2024-05-27 12:37:25,5224.0,-0.12930094459259261
2024-05-27 12:37:26,5225.0,-0.12935807407407407
2024-05-27 12:37:27,5226.0,-0.129425168
2024-05-27 12:37:28,5227.0,-0.12950122992592591
2024-05-27 12:37:29,5228.0,-0.1295852634074074
2024-05-27 12:37:30,5229.0,-0.129676272
2024-05-27 12:37:31,5230.0,-0.12977325925925925
2024-05-27 12:37:32,5231.0,-0.12987522874074076
2024-05-27 12:37:33,5232.0,-0.129981184
2024-05-27 12:37:34,5233.0,-0.13009012859259259
2024-05-27 12:37:35,5234.0,-0.13020106607407408
2024-05-27 12:37:36,5235.0,-0.130313
2024-05-27 12:37:37,5236.0,-0.1304249339259259
2024-05-27 12:37:38,5237.0,-0.1305358714074074
2024-05-27 12:37:39,5238.0,-0.130644816
2024-05-27 12:37:40,5239.0,-0.13075077125925924
2024-05-27 12:37:41,5240.0,-0.13085274074074074
2024-05-27 12:37:42,5241.0,-0.130949728
2024-05-27 12:37:43,5242.0,-0.13104073659259258
2024-05-27 12:37:44,5243.0,-0.13112477007407408
2024-05-27 12:37:45,5244.0,-0.13120083200000002
2024-05-27 12:37:46,5245.0,-0.13126792592592593
2024-05-27 12:37:47,5246.0,-0.1313250554074074
2024-05-27 12:37:48,5247.0,-0.13137122399999998
2024-05-27 12:37:49,5248.0,-0.13140543525925924
2024-05-27 12:37:50,5249.0,-0.13142669274074073
2024-05-27 12:37:51,5250.0,-0.131434
2024-05-27 12:37:52,5251.0,-0.13143216829629628
2024-05-27 12:37:53,5252.0,-0.1314268397037037
2024-05-27 12:37:54,5253.0,-0.13141826399999998
2024-05-27 12:37:55,5254.0,-0.13140669096296298
2024-05-27 12:37:56,5255.0,-0.13139237037037038
2024-05-27 12:37:57,5256.0,-0.131375552
2024-05-27 12:37:58,5257.0,-0.13135648562962962
2024-05-27 12:37:59,5258.0,-0.13133542103703702
2024-05-27 12:38:00,5259.0,-0.131312608
2024-05-27 12:38:01,5260.0,-0.1312882962962963
2024-05-27 12:38:02,5261.0,-0.1312627357037037
2024-05-27 12:38:03,5262.0,-0.13123617599999998
2024-05-27 12:38:04,5263.0,-0.13120886696296297
2024-05-27 12:38:05,5264.0,-0.13118105837037036
2024-05-27 12:38:06,5265.0,-0.131153
2024-05-27 12:38:07,5266.0,-0.13112494162962962
2024-05-27 12:38:08,5267.0,-0.13109713303703704
2024-05-27 12:38:09,5268.0,-0.13106982399999997
2024-05-27 12:38:10,5269.0,-0.13104326429629629
2024-05-27 12:38:11,5270.0,-0.1310177037037037
2024-05-27 12:38:12,5271.0,-0.130993392
2024-05-27 12:38:13,5272.0,-0.13097057896296296
2024-05-27 12:38:14,5273.0,-0.13094951437037036
2024-05-27 12:38:15,5274.0,-0.130930448
2024-05-27 12:38:16,5275.0,-0.13091362962962963
2024-05-27 12:38:17,5276.0,-0.13089930903703703
2024-05-27 12:38:18,5277.0,-0.13088773599999998
2024-05-27 12:38:19,5278.0,-0.1308791602962963
2024-05-27 12:38:20,5279.0,-0.1308738317037037
2024-05-27 12:38:21,5280.0,-0.130872
2024-05-27 12:38:22,5281.0,-0.130872
2024-05-27 12:38:23,5282.0,-0.130872
2024-05-27 12:38:24,5283.0,-0.130872
2024-05-27 12:38:25,5284.0,-0.130872
2024-05-27 12:38:26,5285.0,-0.130872
2024-05-27 12:38:27,5286.0,-0.130872
2024-05-27 12:38:28,5287.0,-0.130872
2024-05-27 12:38:29,5288.0,-0.130872
2024-05-27 12:38:30,5289.0,-0.130872
2024-05-27 12:38:31,5290.0,-0.130872
2024-05-27 12:38:32,5291.0,-0.130872
2024-05-27 12:38:33,5292.0,-0.130872
2024-05-27 12:38:34,5293.0,-0.130872
2024-05-27 12:38:35,5294.0,-0.130872
2024-05-27 12:38:36,5295.0,-0.130872
2024-05-27 12:38:37,5296.0,-0.130872
2024-05-27 12:38:38,5297.0,-0.130872
2024-05-27 12:38:39,5298.0,-0.130872
2024-05-27 12:38:40,5299.0,-0.130872
2024-05-27 12:38:41,5300.0,-0.130872
2024-05-27 12:38:42,5301.0,-0.130872
2024-05-27 12:38:43,5302.0,-0.130872
2024-05-27 12:38:44,5303.0,-0.130872
2024-05-27 12:38:45,5304.0,-0.130872
2024-05-27 12:38:46,5305.0,-0.130872
2024-05-27 12:38:47,5306.0,-0.130872
2024-05-27 12:38:48,5307.0,-0.130872
2024-05-27 12:38:49,5308.0,-0.130872
2024-05-27 12:38:50,5309.0,-0.130872
2024-05-27 12:38:51,5310.0,-0.130872
2024-05-27 12:38:52,5311.0,-0.1308701748148148
2024-05-27 12:38:53,5312.0,-0.13086486518518517
2024-05-27 12:38:54,5313.0,-0.13085631999999997
2024-05-27 12:38:55,5314.0,-0.13084478814814815
2024-05-27 12:38:56,5315.0,-0.1308305185185185
2024-05-27 12:38:57,5316.0,-0.13081376
2024-05-27 12:38:58,5317.0,-0.13079476148148145
2024-05-27 12:38:59,5318.0,-0.13077377185185182
2024-05-27 12:39:00,5319.0,-0.13075103999999999
2024-05-27 12:39:01,5320.0,-0.1307268148148148
2024-05-27 12:39:02,5321.0,-0.13070134518518517
2024-05-27 12:39:03,5322.0,-0.13067487999999997
2024-05-27 12:39:04,5323.0,-0.13064766814814813
2024-05-27 12:39:05,5324.0,-0.13061995851851851
2024-05-27 12:39:06,5325.0,-0.13059199999999999
2024-05-27 12:39:07,5326.0,-0.13056404148148149
2024-05-27 12:39:08,5327.0,-0.13053633185185182
2024-05-27 12:39:09,5328.0,-0.13050911999999998
2024-05-27 12:39:10,5329.0,-0.1304826548148148
2024-05-27 12:39:11,5330.0,-0.13045718518518518
2024-05-27 12:39:12,5331.0,-0.13043296
2024-05-27 12:39:13,5332.0,-0.13041022814814812
2024-05-27 12:39:14,5333.0,-0.1303892385185185
2024-05-27 12:39:15,5334.0,-0.13037024
2024-05-27 12:39:16,5335.0,-0.13035348148148146
2024-05-27 12:39:17,5336.0,-0.13033921185185185
2024-05-27 12:39:18,5337.0,-0.13032767999999997
2024-05-27 12:39:19,5338.0,-0.13031913481481477
2024-05-27 12:39:20,5339.0,-0.13031382518518517
2024-05-27 12:39:21,5340.0,-0.13031199999999998
2024-05-27 12:39:22,5341.0,-0.13031382518518517
2024-05-27 12:39:23,5342.0,-0.1303191348148148
2024-05-27 12:39:24,5343.0,-0.13032768
2024-05-27 12:39:25,5344.0,-0.13033921185185182
2024-05-27 12:39:26,5345.0,-0.13035348148148146
2024-05-27 12:39:27,5346.0,-0.13037023999999997
2024-05-27 12:39:28,5347.0,-0.13038923851851852
2024-05-27 12:39:29,5348.0,-0.13041022814814815
2024-05-27 12:39:30,5349.0,-0.13043296
2024-05-27 12:39:31,5350.0,-0.13045718518518518
2024-05-27 12:39:32,5351.0,-0.1304826548148148
2024-05-27 12:39:33,5352.0,-0.13050912
2024-05-27 12:39:34,5353.0,-0.13053633185185184
2024-05-27 12:39:35,5354.0,-0.13056404148148146
2024-05-27 12:39:36,5355.0,-0.13059199999999999
2024-05-27 12:39:37,5356.0,-0.1306199585185185
2024-05-27 12:39:38,5357.0,-0.13064766814814815
2024-05-27 12:39:39,5358.0,-0.13067488
2024-05-27 12:39:40,5359.0,-0.13070134518518517
2024-05-27 12:39:41,5360.0,-0.1307268148148148
2024-05-27 12:39:42,5361.0,-0.13075103999999999
2024-05-27 12:39:43,5362.0,-0.13077377185185185
2024-05-27 12:39:44,5363.0,-0.13079476148148148
2024-05-27 12:39:45,5364.0,-0.13081375999999997
2024-05-27 12:39:46,5365.0,-0.1308305185185185
2024-05-27 12:39:47,5366.0,-0.13084478814814812
2024-05-27 12:39:48,5367.0,-0.13085632
2024-05-27 12:39:49,5368.0,-0.1308648651851852
2024-05-27 12:39:50,5369.0,-0.1308701748148148
2024-05-27 12:39:51,5370.0,-0.130872
2024-05-27 12:39:52,5371.0,-0.130872
2024-05-27 12:39:53,5372.0,-0.130872
2024-05-27 12:39:54,5373.0,-0.130872
2024-05-27 12:39:55,5374.0,-0.130872
2024-05-27 12:39:56,5375.0,-0.130872
2024-05-27 12:39:57,5376.0,-0.130872
2024-05-27 12:39:58,5377.0,-0.130872
2024-05-27 12:39:59,5378.0,-0.130872
2024-05-27 12:40:00,5379.0,-0.130872
2024-05-27 12:40:01,5380.0,-0.130872
2024-05-27 12:40:02,5381.0,-0.130872
2024-05-27 12:40:03,5382.0,-0.130872
2024-05-27 12:40:04,5383.0,-0.130872
2024-05-27 12:40:05,5384.0,-0.130872
2024-05-27 12:40:06,5385.0,-0.130872
2024-05-27 12:40:07,5386.0,-0.130872
2024-05-27 12:40:08,5387.0,-0.130872
2024-05-27 12:40:09,5388.0,-0.130872
2024-05-27 12:40:10,5389.0,-0.130872
2024-05-27 12:40:11,5390.0,-0.130872
2024-05-27 12:40:12,5391.0,-0.130872
2024-05-27 12:40:13,5392.0,-0.130872
2024-05-27 12:40:14,5393.0,-0.130872
2024-05-27 12:40:15,5394.0,-0.130872
2024-05-27 12:40:16,5395.0,-0.130872
2024-05-27 12:40:17,5396.0,-0.130872
2024-05-27 12:40:18,5397.0,-0.130872
2024-05-27 12:40:19,5398.0,-0.130872
2024-05-27 12:40:20,5399.0,-0.130872
2024-05-27 12:40:21,5400.0,-0.130872
2024-05-27 12:40:22,5401.0,-0.130872
2024-05-27 12:40:23,5402.0,-0.130872
2024-05-27 12:40:24,5403.0,-0.130872
2024-05-27 12:40:25,5404.0,-0.130872
2024-05-27 12:40:26,5405.0,-0.130872
2024-05-27 12:40:27,5406.0,-0.130872
2024-05-27 12:40:28,5407.0,-0.130872
2024-05-27 12:40:29,5408.0,-0.130872
2024-05-27 12:40:30,5409.0,-0.130872
2024-05-27 12:40:31,5410.0,-0.130872
2024-05-27 12:40:32,5411.0,-0.130872
2024-05-27 12:40:33,5412.0,-0.130872
2024-05-27 12:40:34,5413.0,-0.130872
2024-05-27 12:40:35,5414.0,-0.130872
2024-05-27 12:40:36,5415.0,-0.130872
2024-05-27 12:40:37,5416.0,-0.130872
2024-05-27 12:40:38,5417.0,-0.130872
2024-05-27 12:40:39,5418.0,-0.130872
2024-05-27 12:40:40,5419.0,-0.130872
2024-05-27 12:40:41,5420.0,-0.130872
2024-05-27 12:40:42,5421.0,-0.130872
2024-05-27 12:40:43,5422.0,-0.130872
2024-05-27 12:40:44,5423.0,-0.130872
2024-05-27 12:40:45,5424.0,-0.130872
2024-05-27 12:40:46,5425.0,-0.130872
2024-05-27 12:40:47,5426.0,-0.130872
2024-05-27 12:40:48,5427.0,-0.130872
2024-05-27 12:40:49,5428.0,-0.130872
2024-05-27 12:40:50,5429.0,-0.130872
2024-05-27 12:40:51,5430.0,-0.130872
2024-05-27 12:40:52,5431.0,-0.1308774951111111
2024-05-27 12:40:53,5432.0,-0.13089348088888886
2024-05-27 12:40:54,5433.0,-0.13091920799999998
2024-05-27 12:40:55,5434.0,-0.1309539271111111
2024-05-27 12:40:56,5435.0,-0.13099688888888886
2024-05-27 12:40:57,5436.0,-0.13104734399999998
2024-05-27 12:40:58,5437.0,-0.13110454311111108
2024-05-27 12:40:59,5438.0,-0.1311677368888889
2024-05-27 12:41:00,5439.0,-0.13123617599999998
2024-05-27 12:41:01,5440.0,-0.1313091111111111
2024-05-27 12:41:02,5441.0,-0.13138579288888888
2024-05-27 12:41:03,5442.0,-0.131465472
2024-05-27 12:41:04,5443.0,-0.1315473991111111
2024-05-27 12:41:05,5444.0,-0.1316308248888889
2024-05-27 12:41:06,5445.0,-0.131715
2024-05-27 12:41:07,5446.0,-0.1317991751111111
2024-05-27 12:41:08,5447.0,-0.1318826008888889
2024-05-27 12:41:09,5448.0,-0.131964528
2024-05-27 12:41:10,5449.0,-0.13204420711111112
2024-05-27 12:41:11,5450.0,-0.1321208888888889
2024-05-27 12:41:12,5451.0,-0.13219382400000002
2024-05-27 12:41:13,5452.0,-0.1322622631111111
2024-05-27 12:41:14,5453.0,-0.1323254568888889
2024-05-27 12:41:15,5454.0,-0.13238265600000002
2024-05-27 12:41:16,5455.0,-0.1324331111111111
2024-05-27 12:41:17,5456.0,-0.1324760728888889
2024-05-27 12:41:18,5457.0,-0.13251079200000002
2024-05-27 12:41:19,5458.0,-0.13253651911111114
2024-05-27 12:41:20,5459.0,-0.1325525048888889
2024-05-27 12:41:21,5460.0,-0.132558
2024-05-27 12:41:22,5461.0,-0.1325525048888889
2024-05-27 12:41:23,5462.0,-0.13253651911111114
2024-05-27 12:41:24,5463.0,-0.13251079200000002
2024-05-27 12:41:25,5464.0,-0.1324760728888889
2024-05-27 12:41:26,5465.0,-0.13243311111111114
2024-05-27 12:41:27,5466.0,-0.13238265600000002
2024-05-27 12:41:28,5467.0,-0.13232545688888891
2024-05-27 12:41:29,5468.0,-0.1322622631111111
2024-05-27 12:41:30,5469.0,-0.13219382400000002
2024-05-27 12:41:31,5470.0,-0.1321208888888889
2024-05-27 12:41:32,5471.0,-0.13204420711111112
2024-05-27 12:41:33,5472.0,-0.131964528
2024-05-27 12:41:34,5473.0,-0.1318826008888889
2024-05-27 12:41:35,5474.0,-0.1317991751111111
2024-05-27 12:41:36,5475.0,-0.131715
2024-05-27 12:41:37,5476.0,-0.1316308248888889
2024-05-27 12:41:38,5477.0,-0.1315473991111111
2024-05-27 12:41:39,5478.0,-0.131465472
2024-05-27 12:41:40,5479.0,-0.13138579288888888
2024-05-27 12:41:41,5480.0,-0.1313091111111111
2024-05-27 12:41:42,5481.0,-0.13123617599999998
2024-05-27 12:41:43,5482.0,-0.1311677368888889
2024-05-27 12:41:44,5483.0,-0.1311045431111111
2024-05-27 12:41:45,5484.0,-0.13104734399999998
2024-05-27 12:41:46,5485.0,-0.13099688888888888
2024-05-27 12:41:47,5486.0,-0.1309539271111111
2024-05-27 12:41:48,5487.0,-0.13091920799999998
2024-05-27 12:41:49,5488.0,-0.13089348088888886
2024-05-27 12:41:50,5489.0,-0.1308774951111111
2024-05-27 12:41:51,5490.0,-0.130872
2024-05-27 12:41:52,5491.0,-0.1308774951111111
2024-05-27 12:41:53,5492.0,-0.13089348088888886
2024-05-27 12:41:54,5493.0,-0.13091920799999998
2024-05-27 12:41:55,5494.0,-0.1309539271111111
2024-05-27 12:41:56,5495.0,-0.13099688888888886
2024-05-27 12:41:57,5496.0,-0.13104734399999998
2024-05-27 12:41:58,5497.0,-0.13110454311111108
2024-05-27 12:41:59,5498.0,-0.1311677368888889
2024-05-27 12:42:00,5499.0,-0.13123617599999998
2024-05-27 12:42:01,5500.0,-0.1313091111111111
2024-05-27 12:42:02,5501.0,-0.13138579288888888
2024-05-27 12:42:03,5502.0,-0.131465472
2024-05-27 12:42:04,5503.0,-0.1315473991111111
2024-05-27 12:42:05,5504.0,-0.1316308248888889
2024-05-27 12:42:06,5505.0,-0.131715
2024-05-27 12:42:07,5506.0,-0.1317991751111111
2024-05-27 12:42:08,5507.0,-0.1318826008888889
2024-05-27 12:42:09,5508.0,-0.131964528
2024-05-27 12:42:10,5509.0,-0.13204420711111112
2024-05-27 12:42:11,5510.0,-0.1321208888888889
2024-05-27 12:42:12,5511.0,-0.13219382400000002
2024-05-27 12:42:13,5512.0,-0.1322622631111111
2024-05-27 12:42:14,5513.0,-0.1323254568888889
2024-05-27 12:42:15,5514.0,-0.13238265600000002
2024-05-27 12:42:16,5515.0,-0.1324331111111111
2024-05-27 12:42:17,5516.0,-0.1324760728888889
2024-05-27 12:42:18,5517.0,-0.13251079200000002
2024-05-27 12:42:19,5518.0,-0.13253651911111114
2024-05-27 12:42:20,5519.0,-0.1325525048888889
2024-05-27 12:42:21,5520.0,-0.132558
2024-05-27 12:42:22,5521.0,-0.132558
2024-05-27 12:42:23,5522.0,-0.132558
2024-05-27 12:42:24,5523.0,-0.132558
2024-05-27 12:42:25,5524.0,-0.132558
2024-05-27 12:42:26,5525.0,-0.132558
2024-05-27 12:42:27,5526.0,-0.132558
2024-05-27 12:42:28,5527.0,-0.132558
2024-05-27 12:42:29,5528.0,-0.132558
2024-05-27 12:42:30,5529.0,-0.132558
2024-05-27 12:42:31,5530.0,-0.132558
2024-05-27 12:42:32,5531.0,-0.132558
2024-05-27 12:42:33,5532.0,-0.132558
2024-05-27 12:42:34,5533.0,-0.132558
2024-05-27 12:42:35,5534.0,-0.132558
2024-05-27 12:42:36,5535.0,-0.132558
2024-05-27 12:42:37,5536.0,-0.132558
2024-05-27 12:42:38,5537.0,-0.132558
2024-05-27 12:42:39,5538.0,-0.132558
2024-05-27 12:42:40,5539.0,-0.132558
2024-05-27 12:42:41,5540.0,-0.132558
2024-05-27 12:42:42,5541.0,-0.132558
2024-05-27 12:42:43,5542.0,-0.132558
2024-05-27 12:42:44,5543.0,-0.132558
2024-05-27 12:42:45,5544.0,-0.132558
2024-05-27 12:42:46,5545.0,-0.132558
2024-05-27 12:42:47,5546.0,-0.132558
2024-05-27 12:42:48,5547.0,-0.132558
2024-05-27 12:42:49,5548.0,-0.132558
2024-05-27 12:42:50,5549.0,-0.132558
2024-05-27 12:42:51,5550.0,-0.132558
2024-05-27 12:42:52,5551.0,-0.13256165037037038
2024-05-27 12:42:53,5552.0,-0.13257226962962965
2024-05-27 12:42:54,5553.0,-0.13258936000000002
2024-05-27 12:42:55,5554.0,-0.1326124237037037
2024-05-27 12:42:56,5555.0,-0.13264096296296296
2024-05-27 12:42:57,5556.0,-0.13267448
2024-05-27 12:42:58,5557.0,-0.13271247703703704
2024-05-27 12:42:59,5558.0,-0.1327544562962963
2024-05-27 12:43:00,5559.0,-0.13279992000000002
2024-05-27 12:43:01,5560.0,-0.1328483703703704
2024-05-27 12:43:02,5561.0,-0.13289930962962962
2024-05-27 12:43:03,5562.0,-0.13295224
2024-05-27 12:43:04,5563.0,-0.1330066637037037
2024-05-27 12:43:05,5564.0,-0.13306208296296296
2024-05-27 12:43:06,5565.0,-0.133118
2024-05-27 12:43:07,5566.0,-0.13317391703703704
2024-05-27 12:43:08,5567.0,-0.1332293362962963
2024-05-27 12:43:09,5568.0,-0.13328376
2024-05-27 12:43:10,5569.0,-0.13333669037037038
2024-05-27 12:43:11,5570.0,-0.13338762962962963
2024-05-27 12:43:12,5571.0,-0.13343607999999998
2024-05-27 12:43:13,5572.0,-0.13348154370370371
2024-05-27 12:43:14,5573.0,-0.13352352296296294
2024-05-27 12:43:15,5574.0,-0.13356152
2024-05-27 12:43:16,5575.0,-0.13359503703703704
2024-05-27 12:43:17,5576.0,-0.13362357629629631
2024-05-27 12:43:18,5577.0,-0.13364664
2024-05-27 12:43:19,5578.0,-0.13366373037037038
2024-05-27 12:43:20,5579.0,-0.13367434962962962
2024-05-27 12:43:21,5580.0,-0.133678
2024-05-27 12:43:22,5581.0,-0.1336767762962963
2024-05-27 12:43:23,5582.0,-0.13367318814814813
2024-05-27 12:43:24,5583.0,-0.13366736
2024-05-27 12:43:25,5584.0,-0.1336594162962963
2024-05-27 12:43:26,5585.0,-0.13364948148148145
2024-05-27 12:43:27,5586.0,-0.13363768
2024-05-27 12:43:28,5587.0,-0.1336241362962963
2024-05-27 12:43:29,5588.0,-0.13360897481481482
2024-05-27 12:43:30,5589.0,-0.13359232000000001
2024-05-27 12:43:31,5590.0,-0.1335742962962963
2024-05-27 12:43:32,5591.0,-0.13355502814814815
2024-05-27 12:43:33,5592.0,-0.13353464
2024-05-27 12:43:34,5593.0,-0.1335132562962963
2024-05-27 12:43:35,5594.0,-0.13349100148148146
2024-05-27 12:43:36,5595.0,-0.133468
2024-05-27 12:43:37,5596.0,-0.1334443762962963
2024-05-27 12:43:38,5597.0,-0.13342025481481481
2024-05-27 12:43:39,5598.0,-0.13339576000000003
2024-05-27 12:43:40,5599.0,-0.1333710162962963
2024-05-27 12:43:41,5600.0,-0.13334614814814813
2024-05-27 12:43:42,5601.0,-0.13332128000000001
2024-05-27 12:43:43,5602.0,-0.1332965362962963
2024-05-27 12:43:44,5603.0,-0.13327204148148147
2024-05-27 12:43:45,5604.0,-0.13324792000000002
2024-05-27 12:43:46,5605.0,-0.1332242962962963
2024-05-27 12:43:47,5606.0,-0.13320129481481482
2024-05-27 12:43:48,5607.0,-0.13317904000000003
2024-05-27 12:43:49,5608.0,-0.1331576562962963
2024-05-27 12:43:50,5609.0,-0.13313726814814816
2024-05-27 12:43:51,5610.0,-0.13311800000000001
2024-05-27 12:43:52,5611.0,-0.13309873185185186
2024-05-27 12:43:53,5612.0,-0.1330783437037037
2024-05-27 12:43:54,5613.0,-0.13305696000000003
2024-05-27 12:43:55,5614.0,-0.1330347051851852
2024-05-27 12:43:56,5615.0,-0.13301170370370372
2024-05-27 12:43:57,5616.0,-0.13298808
2024-05-27 12:43:58,5617.0,-0.13296395851851853
2024-05-27 12:43:59,5618.0,-0.13293946370370371
2024-05-27 12:44:00,5619.0,-0.13291472000000001
2024-05-27 12:44:01,5620.0,-0.13288985185185187
2024-05-27 12:44:02,5621.0,-0.13286498370370373
2024-05-27 12:44:03,5622.0,-0.13284024000000003
2024-05-27 12:44:04,5623.0,-0.13281574518518519
2024-05-27 12:44:05,5624.0,-0.13279162370370373
2024-05-27 12:44:06,5625.0,-0.13276800000000002
2024-05-27 12:44:07,5626.0,-0.13274499851851854
2024-05-27 12:44:08,5627.0,-0.1327227437037037
2024-05-27 12:44:09,5628.0,-0.13270136
2024-05-27 12:44:10,5629.0,-0.13268097185185185
2024-05-27 12:44:11,5630.0,-0.1326617037037037
2024-05-27 12:44:12,5631.0,-0.13264368
2024-05-27 12:44:13,5632.0,-0.13262702518518518
2024-05-27 12:44:14,5633.0,-0.1326118637037037
2024-05-27 12:44:15,5634.0,-0.13259832000000002
2024-05-27 12:44:16,5635.0,-0.13258651851851852
2024-05-27 12:44:17,5636.0,-0.1325765837037037
2024-05-27 12:44:18,5637.0,-0.13256864
2024-05-27 12:44:19,5638.0,-0.13256281185185187
2024-05-27 12:44:20,5639.0,-0.1325592237037037
2024-05-27 12:44:21,5640.0,-0.132558
2024-05-27 12:44:22,5641.0,-0.132558
2024-05-27 12:44:23,5642.0,-0.132558
2024-05-27 12:44:24,5643.0,-0.132558
2024-05-27 12:44:25,5644.0,-0.132558
2024-05-27 12:44:26,5645.0,-0.132558
2024-05-27 12:44:27,5646.0,-0.132558
2024-05-27 12:44:28,5647.0,-0.132558
2024-05-27 12:44:29,5648.0,-0.132558
2024-05-27 12:44:30,5649.0,-0.132558
2024-05-27 12:44:31,5650.0,-0.132558
2024-05-27 12:44:32,5651.0,-0.132558
2024-05-27 12:44:33,5652.0,-0.132558
2024-05-27 12:44:34,5653.0,-0.132558
2024-05-27 12:44:35,5654.0,-0.132558
2024-05-27 12:44:36,5655.0,-0.132558
2024-05-27 12:44:37,5656.0,-0.132558
2024-05-27 12:44:38,5657.0,-0.132558
2024-05-27 12:44:39,5658.0,-0.132558
2024-05-27 12:44:40,5659.0,-0.132558
2024-05-27 12:44:41,5660.0,-0.132558
2024-05-27 12:44:42,5661.0,-0.132558
2024-05-27 12:44:43,5662.0,-0.132558
2024-05-27 12:44:44,5663.0,-0.132558
2024-05-27 12:44:45,5664.0,-0.132558
2024-05-27 12:44:46,5665.0,-0.132558
2024-05-27 12:44:47,5666.0,-0.132558
2024-05-27 12:44:48,5667.0,-0.132558
2024-05-27 12:44:49,5668.0,-0.132558
2024-05-27 12:44:50,5669.0,-0.132558
2024-05-27 12:44:51,5670.0,-0.132558
2024-05-27 12:44:52,5671.0,-0.132558
2024-05-27 12:44:53,5672.0,-0.132558
2024-05-27 12:44:54,5673.0,-0.132558
2024-05-27 12:44:55,5674.0,-0.132558
2024-05-27 12:44:56,5675.0,-0.132558
2024-05-27 12:44:57,5676.0,-0.132558
2024-05-27 12:44:58,5677.0,-0.132558
2024-05-27 12:44:59,5678.0,-0.132558
2024-05-27 12:45:00,5679.0,-0.132558
2024-05-27 12:45:01,5680.0,-0.132558
2024-05-27 12:45:02,5681.0,-0.132558
2024-05-27 12:45:03,5682.0,-0.132558
2024-05-27 12:45:04,5683.0,-0.132558
2024-05-27 12:45:05,5684.0,-0.132558
2024-05-27 12:45:06,5685.0,-0.132558
2024-05-27 12:45:07,5686.0,-0.132558
2024-05-27 12:45:08,5687.0,-0.132558
2024-05-27 12:45:09,5688.0,-0.132558
2024-05-27 12:45:10,5689.0,-0.132558
2024-05-27 12:45:11,5690.0,-0.132558
2024-05-27 12:45:12,5691.0,-0.132558
2024-05-27 12:45:13,5692.0,-0.132558
2024-05-27 12:45:14,5693.0,-0.132558
2024-05-27 12:45:15,5694.0,-0.132558
2024-05-27 12:45:16,5695.0,-0.132558
2024-05-27 12:45:17,5696.0,-0.132558
2024-05-27 12:45:18,5697.0,-0.132558
2024-05-27 12:45:19,5698.0,-0.132558
2024-05-27 12:45:20,5699.0,-0.132558
2024-05-27 12:45:21,5700.0,-0.132558
2024-05-27 12:45:22,5701.0,-0.1325525048888889
2024-05-27 12:45:23,5702.0,-0.13253651911111114
2024-05-27 12:45:24,5703.0,-0.13251079200000002
2024-05-27 12:45:25,5704.0,-0.1324760728888889
2024-05-27 12:45:26,5705.0,-0.13243311111111114
2024-05-27 12:45:27,5706.0,-0.13238265600000002
2024-05-27 12:45:28,5707.0,-0.13232545688888891
2024-05-27 12:45:29,5708.0,-0.1322622631111111
2024-05-27 12:45:30,5709.0,-0.13219382400000002
2024-05-27 12:45:31,5710.0,-0.1321208888888889
2024-05-27 12:45:32,5711.0,-0.13204420711111112
2024-05-27 12:45:33,5712.0,-0.131964528
2024-05-27 12:45:34,5713.0,-0.1318826008888889
2024-05-27 12:45:35,5714.0,-0.1317991751111111
2024-05-27 12:45:36,5715.0,-0.131715
2024-05-27 12:45:37,5716.0,-0.1316308248888889
2024-05-27 12:45:38,5717.0,-0.1315473991111111
2024-05-27 12:45:39,5718.0,-0.131465472
2024-05-27 12:45:40,5719.0,-0.13138579288888888
2024-05-27 12:45:41,5720.0,-0.1313091111111111
2024-05-27 12:45:42,5721.0,-0.13123617599999998
2024-05-27 12:45:43,5722.0,-0.1311677368888889
2024-05-27 12:45:44,5723.0,-0.1311045431111111
2024-05-27 12:45:45,5724.0,-0.13104734399999998
2024-05-27 12:45:46,5725.0,-0.13099688888888888
2024-05-27 12:45:47,5726.0,-0.1309539271111111
2024-05-27 12:45:48,5727.0,-0.13091920799999998
2024-05-27 12:45:49,5728.0,-0.13089348088888886
2024-05-27 12:45:50,5729.0,-0.1308774951111111
2024-05-27 12:45:51,5730.0,-0.130872
2024-05-27 12:45:52,5731.0,-0.13087382518518517
2024-05-27 12:45:53,5732.0,-0.1308791348148148
2024-05-27 12:45:54,5733.0,-0.13088768
2024-05-27 12:45:55,5734.0,-0.13089921185185183
2024-05-27 12:45:56,5735.0,-0.13091348148148146
2024-05-27 12:45:57,5736.0,-0.13093023999999998
2024-05-27 12:45:58,5737.0,-0.13094923851851853
2024-05-27 12:45:59,5738.0,-0.13097022814814815
2024-05-27 12:46:00,5739.0,-0.13099296
2024-05-27 12:46:01,5740.0,-0.13101718518518518
2024-05-27 12:46:02,5741.0,-0.1310426548148148
2024-05-27 12:46:03,5742.0,-0.13106912
2024-05-27 12:46:04,5743.0,-0.13109633185185185
2024-05-27 12:46:05,5744.0,-0.13112404148148146
2024-05-27 12:46:06,5745.0,-0.131152
2024-05-27 12:46:07,5746.0,-0.1311799585185185
2024-05-27 12:46:08,5747.0,-0.13120766814814816
2024-05-27 12:46:09,5748.0,-0.13123488
2024-05-27 12:46:10,5749.0,-0.13126134518518517
2024-05-27 12:46:11,5750.0,-0.1312868148148148
2024-05-27 12:46:12,5751.0,-0.13131104
2024-05-27 12:46:13,5752.0,-0.13133377185185185
2024-05-27 12:46:14,5753.0,-0.13135476148148148
2024-05-27 12:46:15,5754.0,-0.13137375999999998
2024-05-27 12:46:16,5755.0,-0.13139051851851852
2024-05-27 12:46:17,5756.0,-0.13140478814814813
2024-05-27 12:46:18,5757.0,-0.13141632
2024-05-27 12:46:19,5758.0,-0.1314248651851852
2024-05-27 12:46:20,5759.0,-0.1314301748148148
2024-05-27 12:46:21,5760.0,-0.131432
2024-05-27 12:46:22,5761.0,-0.1314319902222222
2024-05-27 12:46:23,5762.0,-0.13143196177777777
2024-05-27 12:46:24,5763.0,-0.13143191599999998
2024-05-27 12:46:25,5764.0,-0.13143185422222223
2024-05-27 12:46:26,5765.0,-0.13143177777777776
2024-05-27 12:46:27,5766.0,-0.131431688
2024-05-27 12:46:28,5767.0,-0.13143158622222223
2024-05-27 12:46:29,5768.0,-0.13143147377777778
2024-05-27 12:46:30,5769.0,-0.131431352
2024-05-27 12:46:31,5770.0,-0.13143122222222223
2024-05-27 12:46:32,5771.0,-0.13143108577777776
2024-05-27 12:46:33,5772.0,-0.131430944
2024-05-27 12:46:34,5773.0,-0.13143079822222223
2024-05-27 12:46:35,5774.0,-0.13143064977777777
2024-05-27 12:46:36,5775.0,-0.13143049999999998
2024-05-27 12:46:37,5776.0,-0.13143035022222221
2024-05-27 12:46:38,5777.0,-0.13143020177777776
2024-05-27 12:46:39,5778.0,-0.131430056
2024-05-27 12:46:40,5779.0,-0.1314299142222222
2024-05-27 12:46:41,5780.0,-0.13142977777777776
2024-05-27 12:46:42,5781.0,-0.13142964799999998
2024-05-27 12:46:43,5782.0,-0.1314295262222222
2024-05-27 12:46:44,5783.0,-0.13142941377777775
2024-05-27 12:46:45,5784.0,-0.131429312
2024-05-27 12:46:46,5785.0,-0.1314292222222222
2024-05-27 12:46:47,5786.0,-0.13142914577777778
2024-05-27 12:46:48,5787.0,-0.13142908399999997
2024-05-27 12:46:49,5788.0,-0.1314290382222222
2024-05-27 12:46:50,5789.0,-0.13142900977777777
2024-05-27 12:46:51,5790.0,-0.131429
2024-05-27 12:46:52,5791.0,-0.1314345048888889
2024-05-27 12:46:53,5792.0,-0.1314505191111111
2024-05-27 12:46:54,5793.0,-0.131476292
2024-05-27 12:46:55,5794.0,-0.13151107288888886
2024-05-27 12:46:56,5795.0,-0.1315541111111111
2024-05-27 12:46:57,5796.0,-0.13160465600000001
2024-05-27 12:46:58,5797.0,-0.1316619568888889
2024-05-27 12:46:59,5798.0,-0.1317252631111111
2024-05-27 12:47:00,5799.0,-0.13179382399999998
2024-05-27 12:47:01,5800.0,-0.1318668888888889
2024-05-27 12:47:02,5801.0,-0.1319437071111111
2024-05-27 12:47:03,5802.0,-0.132023528
2024-05-27 12:47:04,5803.0,-0.1321056008888889
2024-05-27 12:47:05,5804.0,-0.1321891751111111
2024-05-27 12:47:06,5805.0,-0.1322735
2024-05-27 12:47:07,5806.0,-0.1323578248888889
2024-05-27 12:47:08,5807.0,-0.13244139911111114
2024-05-27 12:47:09,5808.0,-0.132523472
2024-05-27 12:47:10,5809.0,-0.1326032928888889
2024-05-27 12:47:11,5810.0,-0.1326801111111111
2024-05-27 12:47:12,5811.0,-0.13275317600000003
2024-05-27 12:47:13,5812.0,-0.1328217368888889
2024-05-27 12:47:14,5813.0,-0.1328850431111111
2024-05-27 12:47:15,5814.0,-0.13294234400000002
2024-05-27 12:47:16,5815.0,-0.13299288888888888
2024-05-27 12:47:17,5816.0,-0.13303592711111115
2024-05-27 12:47:18,5817.0,-0.133070708
2024-05-27 12:47:19,5818.0,-0.13309648088888892
2024-05-27 12:47:20,5819.0,-0.13311249511111115
2024-05-27 12:47:21,5820.0,-0.13311800000000001
2024-05-27 12:47:22,5821.0,-0.13311554929533986
2024-05-27 12:47:23,5822.0,-0.13310836325556546
2024-05-27 12:47:24,5823.0,-0.13309669099198576
2024-05-27 12:47:25,5824.0,-0.1330807816159098
2024-05-27 12:47:26,5825.0,-0.1330608842386465
2024-05-27 12:47:27,5826.0,-0.1330372479715049
2024-05-27 12:47:28,5827.0,-0.13301012192579403
2024-05-27 12:47:29,5828.0,-0.1329797552128228
2024-05-27 12:47:30,5829.0,-0.13294639694390029
2024-05-27 12:47:31,5830.0,-0.1329102962303354
2024-05-27 12:47:32,5831.0,-0.13287170218343725
2024-05-27 12:47:33,5832.0,-0.1328308639145147
2024-05-27 12:47:34,5833.0,-0.13278803053487684
2024-05-27 12:47:35,5834.0,-0.1327434511558326
2024-05-27 12:47:36,5835.0,-0.13269737488869102
2024-05-27 12:47:37,5836.0,-0.13265005084476106
2024-05-27 12:47:38,5837.0,-0.13260172813535176
2024-05-27 12:47:39,5838.0,-0.13255265587177206
2024-05-27 12:47:40,5839.0,-0.13250308316533096
2024-05-27 12:47:41,5840.0,-0.1324532591273375
2024-05-27 12:47:42,5841.0,-0.13240343286910064
2024-05-27 12:47:43,5842.0,-0.13235385350192935
2024-05-27 12:47:44,5843.0,-0.1323047701371327
2024-05-27 12:47:45,5844.0,-0.1322564318860196
2024-05-27 12:47:46,5845.0,-0.1322090878598991
2024-05-27 12:47:47,5846.0,-0.13216298717008013
2024-05-27 12:47:48,5847.0,-0.13211837892787176
2024-05-27 12:47:49,5848.0,-0.13207551224458297
2024-05-27 12:47:50,5849.0,-0.1320346362315227
2024-05-27 12:47:51,5850.0,-0.131996
2024-05-27 12:47:52,5851.0,-0.13195735724995877
2024-05-27 12:47:53,5852.0,-0.13191646227393553
2024-05-27 12:47:54,5853.0,-0.13187356507212825
2024-05-27 12:47:55,5854.0,-0.13182891564473467
2024-05-27 12:47:56,5855.0,-0.13178276399195277
2024-05-27 12:47:57,5856.0,-0.1317353601139804
2024-05-27 12:47:58,5857.0,-0.13168695401101543
2024-05-27 12:47:59,5858.0,-0.13163779568325581
2024-05-27 12:48:00,5859.0,-0.13158813513089937
2024-05-27 12:48:01,5860.0,-0.131538222354144
2024-05-27 12:48:02,5861.0,-0.13148830735318756
2024-05-27 12:48:03,5862.0,-0.13143864012822795
2024-05-27 12:48:04,5863.0,-0.13138947067946308
2024-05-27 12:48:05,5864.0,-0.1313410490070908
2024-05-27 12:48:06,5865.0,-0.131293625111309
2024-05-27 12:48:07,5866.0,-0.13124744899231555
2024-05-27 12:48:08,5867.0,-0.13120277065030833
2024-05-27 12:48:09,5868.0,-0.1311598400854853
2024-05-27 12:48:10,5869.0,-0.13111890729804426
2024-05-27 12:48:11,5870.0,-0.1310802222881831
2024-05-27 12:48:12,5871.0,-0.1310440350560997
2024-05-27 12:48:13,5872.0,-0.131010595601992
2024-05-27 12:48:14,5873.0,-0.13098015392605783
2024-05-27 12:48:15,5874.0,-0.1309529600284951
2024-05-27 12:48:16,5875.0,-0.13092926390950163
2024-05-27 12:48:17,5876.0,-0.1309093155692754
2024-05-27 12:48:18,5877.0,-0.13089336500801427
2024-05-27 12:48:19,5878.0,-0.13088166222591602
2024-05-27 12:48:20,5879.0,-0.13087445722317867
2024-05-27 12:48:21,5880.0,-0.130872
2024-05-27 12:48:22,5881.0,-0.1308774951111111
2024-05-27 12:48:23,5882.0,-0.13089348088888886
2024-05-27 12:48:24,5883.0,-0.13091920799999998
2024-05-27 12:48:25,5884.0,-0.1309539271111111
2024-05-27 12:48:26,5885.0,-0.13099688888888886
2024-05-27 12:48:27,5886.0,-0.13104734399999998
2024-05-27 12:48:28,5887.0,-0.13110454311111108
2024-05-27 12:48:29,5888.0,-0.1311677368888889
2024-05-27 12:48:30,5889.0,-0.13123617599999998
2024-05-27 12:48:31,5890.0,-0.1313091111111111
2024-05-27 12:48:32,5891.0,-0.13138579288888888
2024-05-27 12:48:33,5892.0,-0.131465472
2024-05-27 12:48:34,5893.0,-0.1315473991111111
2024-05-27 12:48:35,5894.0,-0.1316308248888889
2024-05-27 12:48:36,5895.0,-0.131715
2024-05-27 12:48:37,5896.0,-0.1317991751111111
2024-05-27 12:48:38,5897.0,-0.1318826008888889
2024-05-27 12:48:39,5898.0,-0.131964528
2024-05-27 12:48:40,5899.0,-0.13204420711111112
2024-05-27 12:48:41,5900.0,-0.1321208888888889
2024-05-27 12:48:42,5901.0,-0.13219382400000002
2024-05-27 12:48:43,5902.0,-0.1322622631111111
2024-05-27 12:48:44,5903.0,-0.1323254568888889
2024-05-27 12:48:45,5904.0,-0.13238265600000002
2024-05-27 12:48:46,5905.0,-0.1324331111111111
2024-05-27 12:48:47,5906.0,-0.1324760728888889
2024-05-27 12:48:48,5907.0,-0.13251079200000002
2024-05-27 12:48:49,5908.0,-0.13253651911111114
2024-05-27 12:48:50,5909.0,-0.1325525048888889
2024-05-27 12:48:51,5910.0,-0.132558
2024-05-27 12:48:52,5911.0,-0.132558
2024-05-27 12:48:53,5912.0,-0.132558
2024-05-27 12:48:54,5913.0,-0.132558
2024-05-27 12:48:55,5914.0,-0.132558
2024-05-27 12:48:56,5915.0,-0.132558
2024-05-27 12:48:57,5916.0,-0.132558
2024-05-27 12:48:58,5917.0,-0.132558
2024-05-27 12:48:59,5918.0,-0.132558
2024-05-27 12:49:00,5919.0,-0.132558
2024-05-27 12:49:01,5920.0,-0.132558
2024-05-27 12:49:02,5921.0,-0.132558
2024-05-27 12:49:03,5922.0,-0.132558
2024-05-27 12:49:04,5923.0,-0.132558
2024-05-27 12:49:05,5924.0,-0.132558
2024-05-27 12:49:06,5925.0,-0.132558
2024-05-27 12:49:07,5926.0,-0.132558
2024-05-27 12:49:08,5927.0,-0.132558
2024-05-27 12:49:09,5928.0,-0.132558
2024-05-27 12:49:10,5929.0,-0.132558
2024-05-27 12:49:11,5930.0,-0.132558
2024-05-27 12:49:12,5931.0,-0.132558
2024-05-27 12:49:13,5932.0,-0.132558
2024-05-27 12:49:14,5933.0,-0.132558
2024-05-27 12:49:15,5934.0,-0.132558
2024-05-27 12:49:16,5935.0,-0.132558
2024-05-27 12:49:17,5936.0,-0.132558
2024-05-27 12:49:18,5937.0,-0.132558
2024-05-27 12:49:19,5938.0,-0.132558
2024-05-27 12:49:20,5939.0,-0.132558
2024-05-27 12:49:21,5940.0,-0.132558
2024-05-27 12:49:22,5941.0,-0.132558
2024-05-27 12:49:23,5942.0,-0.132558
2024-05-27 12:49:24,5943.0,-0.132558
2024-05-27 12:49:25,5944.0,-0.132558
2024-05-27 12:49:26,5945.0,-0.132558
2024-05-27 12:49:27,5946.0,-0.132558
2024-05-27 12:49:28,5947.0,-0.132558
2024-05-27 12:49:29,5948.0,-0.132558
2024-05-27 12:49:30,5949.0,-0.132558
2024-05-27 12:49:31,5950.0,-0.132558
2024-05-27 12:49:32,5951.0,-0.132558
2024-05-27 12:49:33,5952.0,-0.132558
2024-05-27 12:49:34,5953.0,-0.132558
2024-05-27 12:49:35,5954.0,-0.132558
2024-05-27 12:49:36,5955.0,-0.132558
2024-05-27 12:49:37,5956.0,-0.132558
2024-05-27 12:49:38,5957.0,-0.132558
2024-05-27 12:49:39,5958.0,-0.132558
2024-05-27 12:49:40,5959.0,-0.132558
2024-05-27 12:49:41,5960.0,-0.132558
2024-05-27 12:49:42,5961.0,-0.132558
2024-05-27 12:49:43,5962.0,-0.132558
2024-05-27 12:49:44,5963.0,-0.132558
2024-05-27 12:49:45,5964.0,-0.132558
2024-05-27 12:49:46,5965.0,-0.132558
2024-05-27 12:49:47,5966.0,-0.132558
2024-05-27 12:49:48,5967.0,-0.132558
2024-05-27 12:49:49,5968.0,-0.132558
2024-05-27 12:49:50,5969.0,-0.132558
2024-05-27 12:49:51,5970.0,-0.132558
2024-05-27 12:49:52,5971.0,-0.1325543365925926
2024-05-27 12:49:53,5972.0,-0.1325436794074074
2024-05-27 12:49:54,5973.0,-0.13252652800000003
2024-05-27 12:49:55,5974.0,-0.13250338192592592
2024-05-27 12:49:56,5975.0,-0.13247474074074075
2024-05-27 12:49:57,5976.0,-0.132441104
2024-05-27 12:49:58,5977.0,-0.13240297125925926
2024-05-27 12:49:59,5978.0,-0.1323608420740741
2024-05-27 12:50:00,5979.0,-0.132315216
2024-05-27 12:50:01,5980.0,-0.1322665925925926
2024-05-27 12:50:02,5981.0,-0.13221547140740741
2024-05-27 12:50:03,5982.0,-0.13216235199999998
2024-05-27 12:50:04,5983.0,-0.13210773392592592
2024-05-27 12:50:05,5984.0,-0.13205211674074074
2024-05-27 12:50:06,5985.0,-0.131996
2024-05-27 12:50:07,5986.0,-0.13193988325925926
2024-05-27 12:50:08,5987.0,-0.13188426607407408
2024-05-27 12:50:09,5988.0,-0.13182964800000002
2024-05-27 12:50:10,5989.0,-0.1317765285925926
2024-05-27 12:50:11,5990.0,-0.1317254074074074
2024-05-27 12:50:12,5991.0,-0.131676784
2024-05-27 12:50:13,5992.0,-0.13163115792592592
2024-05-27 12:50:14,5993.0,-0.13158902874074074
2024-05-27 12:50:15,5994.0,-0.131550896
2024-05-27 12:50:16,5995.0,-0.13151725925925928
2024-05-27 12:50:17,5996.0,-0.13148861807407408
2024-05-27 12:50:18,5997.0,-0.131465472
2024-05-27 12:50:19,5998.0,-0.1314483205925926
2024-05-27 12:50:20,5999.0,-0.1314376634074074
2024-05-27 12:50:21,6000.0,-0.131434
2024-05-27 12:50:22,6001.0,-0.1314376634074074
2024-05-27 12:50:23,6002.0,-0.1314483205925926
2024-05-27 12:50:24,6003.0,-0.13146547199999997
2024-05-27 12:50:25,6004.0,-0.13148861807407408
2024-05-27 12:50:26,6005.0,-0.13151725925925925
2024-05-27 12:50:27,6006.0,-0.131550896
2024-05-27 12:50:28,6007.0,-0.13158902874074074
2024-05-27 12:50:29,6008.0,-0.13163115792592592
2024-05-27 12:50:30,6009.0,-0.131676784
2024-05-27 12:50:31,6010.0,-0.1317254074074074
2024-05-27 12:50:32,6011.0,-0.1317765285925926
2024-05-27 12:50:33,6012.0,-0.13182964800000002
2024-05-27 12:50:34,6013.0,-0.13188426607407408
2024-05-27 12:50:35,6014.0,-0.13193988325925926
2024-05-27 12:50:36,6015.0,-0.131996
2024-05-27 12:50:37,6016.0,-0.13205211674074074
2024-05-27 12:50:38,6017.0,-0.13210773392592592
2024-05-27 12:50:39,6018.0,-0.13216235199999998
2024-05-27 12:50:40,6019.0,-0.13221547140740741
2024-05-27 12:50:41,6020.0,-0.1322665925925926
2024-05-27 12:50:42,6021.0,-0.132315216
2024-05-27 12:50:43,6022.0,-0.1323608420740741
2024-05-27 12:50:44,6023.0,-0.13240297125925926
2024-05-27 12:50:45,6024.0,-0.132441104
2024-05-27 12:50:46,6025.0,-0.13247474074074073
2024-05-27 12:50:47,6026.0,-0.13250338192592592
2024-05-27 12:50:48,6027.0,-0.132526528
2024-05-27 12:50:49,6028.0,-0.1325436794074074
2024-05-27 12:50:50,6029.0,-0.1325543365925926
2024-05-27 12:50:51,6030.0,-0.132558
2024-05-27 12:50:52,6031.0,-0.13255434728576584
2024-05-27 12:50:53,6032.0,-0.13254372070517995
2024-05-27 12:50:54,6033.0,-0.13252661760141718
2024-05-27 12:50:55,6034.0,-0.1325035353176525
2024-05-27 12:50:56,6035.0,-0.13247497119706067
2024-05-27 12:50:57,6036.0,-0.13244142258281666
2024-05-27 12:50:58,6037.0,-0.13240338681809535
2024-05-27 12:50:59,6038.0,-0.1323613612460716
2024-05-27 12:51:00,6039.0,-0.1323158432099203
2024-05-27 12:51:01,6040.0,-0.13226733005281632
2024-05-27 12:51:02,6041.0,-0.1322163191179346
2024-05-27 12:51:03,6042.0,-0.13216330774844998
2024-05-27 12:51:04,6043.0,-0.13210879328753733
2024-05-27 12:51:05,6044.0,-0.13205327307837156
2024-05-27 12:51:06,6045.0,-0.13199724446412756
2024-05-27 12:51:07,6046.0,-0.1319412047879802
2024-05-27 12:51:08,6047.0,-0.13188565139310435
2024-05-27 12:51:09,6048.0,-0.13183108162267493
2024-05-27 12:51:10,6049.0,-0.13177799281986682
2024-05-27 12:51:11,6050.0,-0.13172688232785487
2024-05-27 12:51:12,6051.0,-0.131678247489814
2024-05-27 12:51:13,6052.0,-0.13163258564891908
2024-05-27 12:51:14,6053.0,-0.13159039414834497
2024-05-27 12:51:15,6054.0,-0.1315521703312666
2024-05-27 12:51:16,6055.0,-0.13151841154085886
2024-05-27 12:51:17,6056.0,-0.13148961512029655
2024-05-27 12:51:18,6057.0,-0.13146627841275463
2024-05-27 12:51:19,6058.0,-0.13144889876140797
2024-05-27 12:51:20,6059.0,-0.13143797350943148
2024-05-27 12:51:21,6060.0,-0.131434
2024-05-27 12:51:22,6061.0,-0.13143367360167962
2024-05-27 12:51:23,6062.0,-0.1314333581274809
2024-05-27 12:51:24,6063.0,-0.13143305358724536
2024-05-27 12:51:25,6064.0,-0.13143275999081455
2024-05-27 12:51:26,6065.0,-0.13143247734803007
2024-05-27 12:51:27,6066.0,-0.1314322056687334
2024-05-27 12:51:28,6067.0,-0.1314319449627661
2024-05-27 12:51:29,6068.0,-0.13143169523996984
2024-05-27 12:51:30,6069.0,-0.131431456510186
2024-05-27 12:51:31,6070.0,-0.13143122878325625
2024-05-27 12:51:32,6071.0,-0.13143101206902208
2024-05-27 12:51:33,6072.0,-0.13143080637732504
2024-05-27 12:51:34,6073.0,-0.13143061171800674
2024-05-27 12:51:35,6074.0,-0.13143042810090869
2024-05-27 12:51:36,6075.0,-0.13143025553587245
2024-05-27 12:51:37,6076.0,-0.13143009403273956
2024-05-27 12:51:38,6077.0,-0.13142994360135157
2024-05-27 12:51:39,6078.0,-0.13142980425155004
2024-05-27 12:51:40,6079.0,-0.1314296759931765
2024-05-27 12:51:41,6080.0,-0.13142955883607255
2024-05-27 12:51:42,6081.0,-0.13142945279007973
2024-05-27 12:51:43,6082.0,-0.13142935786503954
2024-05-27 12:51:44,6083.0,-0.13142927407079355
2024-05-27 12:51:45,6084.0,-0.13142920141718334
2024-05-27 12:51:46,6085.0,-0.13142913991405045
2024-05-27 12:51:47,6086.0,-0.13142908957123642
2024-05-27 12:51:48,6087.0,-0.13142905039858283
2024-05-27 12:51:49,6088.0,-0.13142902240593116
2024-05-27 12:51:50,6089.0,-0.13142900560312304
2024-05-27 12:51:51,6090.0,-0.131429
2024-05-27 12:51:52,6091.0,-0.13143181894222575
2024-05-27 12:51:53,6092.0,-0.13144005767725495
2024-05-27 12:51:54,6093.0,-0.13145338906761564
2024-05-27 12:51:55,6094.0,-0.13147148597583586
2024-05-27 12:51:56,6095.0,-0.13149402126444357
2024-05-27 12:51:57,6096.0,-0.13152066779596677
2024-05-27 12:51:58,6097.0,-0.13155109843293353
2024-05-27 12:51:59,6098.0,-0.1315849860378718
2024-05-27 12:52:00,6099.0,-0.1316220034733096
2024-05-27 12:52:01,6100.0,-0.13166182360177497
2024-05-27 12:52:02,6101.0,-0.13170411928579587
2024-05-27 12:52:03,6102.0,-0.13174856338790036
2024-05-27 12:52:04,6103.0,-0.13179482877061638
2024-05-27 12:52:05,6104.0,-0.13184258829647202
2024-05-27 12:52:06,6105.0,-0.13189151482799524
2024-05-27 12:52:07,6106.0,-0.13194128122771406
2024-05-27 12:52:08,6107.0,-0.1319915603581565
2024-05-27 12:52:09,6108.0,-0.13204202508185053
2024-05-27 12:52:10,6109.0,-0.13209234826132418
2024-05-27 12:52:11,6110.0,-0.1321422027591055
2024-05-27 12:52:12,6111.0,-0.1321912614377224
2024-05-27 12:52:13,6112.0,-0.132239197159703
2024-05-27 12:52:14,6113.0,-0.13228568278757522
2024-05-27 12:52:15,6114.0,-0.13233039118386714
2024-05-27 12:52:16,6115.0,-0.1323729952111067
2024-05-27 12:52:17,6116.0,-0.132413167731822
2024-05-27 12:52:18,6117.0,-0.1324505816085409
2024-05-27 12:52:19,6118.0,-0.13248490970379156
2024-05-27 12:52:20,6119.0,-0.1325158248801019
2024-05-27 12:52:21,6120.0,-0.132543
2024-05-27 12:52:22,6121.0,-0.13256840860137953
2024-05-27 12:52:23,6122.0,-0.13259418481472693
2024-05-27 12:52:24,6123.0,-0.1326202423914591
2024-05-27 12:52:25,6124.0,-0.13264649508299284
2024-05-27 12:52:26,6125.0,-0.13267285664074513
2024-05-27 12:52:27,6126.0,-0.13269924081613285
2024-05-27 12:52:28,6127.0,-0.13272556136057292
2024-05-27 12:52:29,6128.0,-0.13275173202548218
2024-05-27 12:52:30,6129.0,-0.13277766656227757
2024-05-27 12:52:31,6130.0,-0.132803278722376
2024-05-27 12:52:32,6131.0,-0.13282848225719435
2024-05-27 12:52:33,6132.0,-0.13285319091814946
2024-05-27 12:52:34,6133.0,-0.13287731845665832
2024-05-27 12:52:35,6134.0,-0.13290077862413777
2024-05-27 12:52:36,6135.0,-0.13292348517200475
2024-05-27 12:52:37,6136.0,-0.1329453518516761
2024-05-27 12:52:38,6137.0,-0.13296629241456878
2024-05-27 12:52:39,6138.0,-0.13298622061209964
2024-05-27 12:52:40,6139.0,-0.13300505019568562
2024-05-27 12:52:41,6140.0,-0.13302269491674357
2024-05-27 12:52:42,6141.0,-0.1330390685266904
2024-05-27 12:52:43,6142.0,-0.13305408477694303
2024-05-27 12:52:44,6143.0,-0.13306765741891835
2024-05-27 12:52:45,6144.0,-0.13307970020403323
2024-05-27 12:52:46,6145.0,-0.13309012688370458
2024-05-27 12:52:47,6146.0,-0.1330988512093493
2024-05-27 12:52:48,6147.0,-0.13310578693238437
2024-05-27 12:52:49,6148.0,-0.13311084780422655
2024-05-27 12:52:50,6149.0,-0.1331139475762928
2024-05-27 12:52:51,6150.0,-0.133115
2024-05-27 12:52:52,6151.0,-0.1331137855250389
2024-05-27 12:52:53,6152.0,-0.13311022424995866
2024-05-27 12:52:54,6153.0,-0.13310443939946381
2024-05-27 12:52:55,6154.0,-0.13309655419825903
2024-05-27 12:52:56,6155.0,-0.1330866918710489
2024-05-27 12:52:57,6156.0,-0.133074975642538
2024-05-27 12:52:58,6157.0,-0.13306152873743093
2024-05-27 12:52:59,6158.0,-0.13304647438043227
2024-05-27 12:53:00,6159.0,-0.13302993579624667
2024-05-27 12:53:01,6160.0,-0.13301203620957866
2024-05-27 12:53:02,6161.0,-0.1329928988451329
2024-05-27 12:53:03,6162.0,-0.13297264692761396
2024-05-27 12:53:04,6163.0,-0.13295140368172642
2024-05-27 12:53:05,6164.0,-0.1329292923321749
2024-05-27 12:53:06,6165.0,-0.132906436103664
2024-05-27 12:53:07,6166.0,-0.1328829582208983
2024-05-27 12:53:08,6167.0,-0.13285898190858242
2024-05-27 12:53:09,6168.0,-0.13283463039142093
2024-05-27 12:53:10,6169.0,-0.13281002689411842
2024-05-27 12:53:11,6170.0,-0.13278529464137956
2024-05-27 12:53:12,6171.0,-0.13276055685790886
2024-05-27 12:53:13,6172.0,-0.13273593676841097
2024-05-27 12:53:14,6173.0,-0.13271155759759046
2024-05-27 12:53:15,6174.0,-0.13268754257015195
2024-05-27 12:53:16,6175.0,-0.13266401491080002
2024-05-27 12:53:17,6176.0,-0.13264109784423925
2024-05-27 12:53:18,6177.0,-0.13261891459517428
2024-05-27 12:53:19,6178.0,-0.13259758838830968
2024-05-27 12:53:20,6179.0,-0.13257724244835006
2024-05-27 12:53:21,6180.0,-0.132558
2024-05-27 12:53:22,6181.0,-0.13253874125535367
2024-05-27 12:53:23,6182.0,-0.13251834790798667
2024-05-27 12:53:24,6183.0,-0.13249694540482573
2024-05-27 12:53:25,6184.0,-0.1324746591927978
2024-05-27 12:53:26,6185.0,-0.13245161471882966
2024-05-27 12:53:27,6186.0,-0.1324279374298481
2024-05-27 12:53:28,6187.0,-0.13240375277277994
2024-05-27 12:53:29,6188.0,-0.13237918619455202
2024-05-27 12:53:30,6189.0,-0.13235436314209115
2024-05-27 12:53:31,6190.0,-0.13232940906232415
2024-05-27 12:53:32,6191.0,-0.1323044494021779
2024-05-27 12:53:33,6192.0,-0.1322796096085791
2024-05-27 12:53:34,6193.0,-0.13225501512845464
2024-05-27 12:53:35,6194.0,-0.13223079140873134
2024-05-27 12:53:36,6195.0,-0.13220706389633602
2024-05-27 12:53:37,6196.0,-0.1321839580381955
2024-05-27 12:53:38,6197.0,-0.13216159928123655
2024-05-27 12:53:39,6198.0,-0.13214011307238607
2024-05-27 12:53:40,6199.0,-0.13211962485857082
2024-05-27 12:53:41,6200.0,-0.13210026008671763
2024-05-27 12:53:42,6201.0,-0.13208214420375333
2024-05-27 12:53:43,6202.0,-0.13206540265660477
2024-05-27 12:53:44,6203.0,-0.13205016089219873
2024-05-27 12:53:45,6204.0,-0.132036544357462
2024-05-27 12:53:46,6205.0,-0.1320246784993215
2024-05-27 12:53:47,6206.0,-0.13201468876470393
2024-05-27 12:53:48,6207.0,-0.1320067006005362
2024-05-27 12:53:49,6208.0,-0.1320008394537451
2024-05-27 12:53:50,6209.0,-0.1319972307712574
2024-05-27 12:53:51,6210.0,-0.131996
2024-05-27 12:53:52,6211.0,-0.1319960162962963
2024-05-27 12:53:53,6212.0,-0.1319960637037037
2024-05-27 12:53:54,6213.0,-0.13199614
2024-05-27 12:53:55,6214.0,-0.13199624296296297
2024-05-27 12:53:56,6215.0,-0.13199637037037038
2024-05-27 12:53:57,6216.0,-0.13199651999999998
2024-05-27 12:53:58,6217.0,-0.13199668962962965
2024-05-27 12:53:59,6218.0,-0.13199687703703702
2024-05-27 12:54:00,6219.0,-0.13199708000000002
2024-05-27 12:54:01,6220.0,-0.1319972962962963
2024-05-27 12:54:02,6221.0,-0.1319975237037037
2024-05-27 12:54:03,6222.0,-0.13199776000000002
2024-05-27 12:54:04,6223.0,-0.131998002962963
2024-05-27 12:54:05,6224.0,-0.13199825037037038
2024-05-27 12:54:06,6225.0,-0.1319985
2024-05-27 12:54:07,6226.0,-0.13199874962962962
2024-05-27 12:54:08,6227.0,-0.13199899703703705
2024-05-27 12:54:09,6228.0,-0.13199924000000002
2024-05-27 12:54:10,6229.0,-0.1319994762962963
2024-05-27 12:54:11,6230.0,-0.13199970370370373
2024-05-27 12:54:12,6231.0,-0.13199992000000002
2024-05-27 12:54:13,6232.0,-0.13200012296296296
2024-05-27 12:54:14,6233.0,-0.13200031037037038
2024-05-27 12:54:15,6234.0,-0.13200048
2024-05-27 12:54:16,6235.0,-0.13200062962962963
2024-05-27 12:54:17,6236.0,-0.13200075703703704
2024-05-27 12:54:18,6237.0,-0.13200086
2024-05-27 12:54:19,6238.0,-0.1320009362962963
2024-05-27 12:54:20,6239.0,-0.1320009837037037
2024-05-27 12:54:21,6240.0,-0.132001
2024-05-27 12:54:22,6241.0,-0.131999152
2024-05-27 12:54:23,6242.0,-0.131993776
2024-05-27 12:54:24,6243.0,-0.131985124
2024-05-27 12:54:25,6244.0,-0.13197344800000002
2024-05-27 12:54:26,6245.0,-0.13195900000000002
2024-05-27 12:54:27,6246.0,-0.13194203200000001
2024-05-27 12:54:28,6247.0,-0.131922796
2024-05-27 12:54:29,6248.0,-0.131901544
2024-05-27 12:54:30,6249.0,-0.13187852800000002
2024-05-27 12:54:31,6250.0,-0.13185400000000003
2024-05-27 12:54:32,6251.0,-0.131828212
2024-05-27 12:54:33,6252.0,-0.131801416
2024-05-27 12:54:34,6253.0,-0.131773864
2024-05-27 12:54:35,6254.0,-0.13174580800000002
2024-05-27 12:54:36,6255.0,-0.1317175
2024-05-27 12:54:37,6256.0,-0.131689192
2024-05-27 12:54:38,6257.0,-0.13166113599999998
2024-05-27 12:54:39,6258.0,-0.131633584
2024-05-27 12:54:40,6259.0,-0.131606788
2024-05-27 12:54:41,6260.0,-0.131581
2024-05-27 12:54:42,6261.0,-0.131556472
2024-05-27 12:54:43,6262.0,-0.131533456
2024-05-27 12:54:44,6263.0,-0.131512204
2024-05-27 12:54:45,6264.0,-0.131492968
2024-05-27 12:54:46,6265.0,-0.131476
2024-05-27 12:54:47,6266.0,-0.131461552
2024-05-27 12:54:48,6267.0,-0.131449876
2024-05-27 12:54:49,6268.0,-0.131441224
2024-05-27 12:54:50,6269.0,-0.131435848
2024-05-27 12:54:51,6270.0,-0.131434
2024-05-27 12:54:52,6271.0,-0.13143948859259258
2024-05-27 12:54:53,6272.0,-0.1314554554074074
2024-05-27 12:54:54,6273.0,-0.131481152
2024-05-27 12:54:55,6274.0,-0.13151582992592592
2024-05-27 12:54:56,6275.0,-0.13155874074074073
2024-05-27 12:54:57,6276.0,-0.131609136
2024-05-27 12:54:58,6277.0,-0.13166626725925926
2024-05-27 12:54:59,6278.0,-0.13172938607407408
2024-05-27 12:55:00,6279.0,-0.131797744
2024-05-27 12:55:01,6280.0,-0.1318705925925926
2024-05-27 12:55:02,6281.0,-0.1319471834074074
2024-05-27 12:55:03,6282.0,-0.132026768
2024-05-27 12:55:04,6283.0,-0.13210859792592594
2024-05-27 12:55:05,6284.0,-0.13219192474074073
2024-05-27 12:55:06,6285.0,-0.132276
2024-05-27 12:55:07,6286.0,-0.13236007525925927
2024-05-27 12:55:08,6287.0,-0.13244340207407407
2024-05-27 12:55:09,6288.0,-0.13252523200000002
2024-05-27 12:55:10,6289.0,-0.1326048165925926
2024-05-27 12:55:11,6290.0,-0.13268140740740741
2024-05-27 12:55:12,6291.0,-0.13275425600000001
2024-05-27 12:55:13,6292.0,-0.13282261392592593
2024-05-27 12:55:14,6293.0,-0.13288573274074075
2024-05-27 12:55:15,6294.0,-0.13294286400000002
2024-05-27 12:55:16,6295.0,-0.13299325925925926
2024-05-27 12:55:17,6296.0,-0.13303617007407406
2024-05-27 12:55:18,6297.0,-0.133070848
2024-05-27 12:55:19,6298.0,-0.1330965445925926
2024-05-27 12:55:20,6299.0,-0.1331125114074074
2024-05-27 12:55:21,6300.0,-0.13311800000000001
2024-05-27 12:55:22,6301.0,-0.13311067970370372
2024-05-27 12:55:23,6302.0,-0.1330893842962963
2024-05-27 12:55:24,6303.0,-0.133055112
2024-05-27 12:55:25,6304.0,-0.13300886103703705
2024-05-27 12:55:26,6305.0,-0.13295162962962964
2024-05-27 12:55:27,6306.0,-0.13288441600000003
2024-05-27 12:55:28,6307.0,-0.13280821837037038
2024-05-27 12:55:29,6308.0,-0.13272403496296298
2024-05-27 12:55:30,6309.0,-0.13263286400000002
2024-05-27 12:55:31,6310.0,-0.1325357037037037
2024-05-27 12:55:32,6311.0,-0.1324335522962963
2024-05-27 12:55:33,6312.0,-0.132327408
2024-05-27 12:55:34,6313.0,-0.13221826903703704
2024-05-27 12:55:35,6314.0,-0.13210713362962964
2024-05-27 12:55:36,6315.0,-0.13199500000000003
2024-05-27 12:55:37,6316.0,-0.13188286637037036
2024-05-27 12:55:38,6317.0,-0.13177173096296296
2024-05-27 12:55:39,6318.0,-0.131662592
2024-05-27 12:55:40,6319.0,-0.1315564477037037
2024-05-27 12:55:41,6320.0,-0.1314542962962963
2024-05-27 12:55:42,6321.0,-0.13135713599999999
2024-05-27 12:55:43,6322.0,-0.13126596503703705
2024-05-27 12:55:44,6323.0,-0.13118178162962962
2024-05-27 12:55:45,6324.0,-0.131105584
2024-05-27 12:55:46,6325.0,-0.13103837037037036
2024-05-27 12:55:47,6326.0,-0.13098113896296296
2024-05-27 12:55:48,6327.0,-0.130934888
2024-05-27 12:55:49,6328.0,-0.1309006157037037
2024-05-27 12:55:50,6329.0,-0.1308793202962963
2024-05-27 12:55:51,6330.0,-0.130872
2024-05-27 12:55:52,6331.0,-0.1308765920854853
2024-05-27 12:55:53,6332.0,-0.1308899933416444
2024-05-27 12:55:54,6333.0,-0.13091164126803206
2024-05-27 12:55:55,6334.0,-0.13094097336420302
2024-05-27 12:55:56,6335.0,-0.13097742712971208
2024-05-27 12:55:57,6336.0,-0.13102044006411398
2024-05-27 12:55:58,6337.0,-0.13106944966696346
2024-05-27 12:55:59,6338.0,-0.1311238934378154
2024-05-27 12:56:00,6339.0,-0.1311832088762244
2024-05-27 12:56:01,6340.0,-0.13124683348174532
2024-05-27 12:56:02,6341.0,-0.13131420475393293
2024-05-27 12:56:03,6342.0,-0.13138476019234194
2024-05-27 12:56:04,6343.0,-0.13145793729652716
2024-05-27 12:56:05,6344.0,-0.13153317356604335
2024-05-27 12:56:06,6345.0,-0.13160990650044524
2024-05-27 12:56:07,6346.0,-0.13168757359928762
2024-05-27 12:56:08,6347.0,-0.13176561236212528
2024-05-27 12:56:09,6348.0,-0.1318434602885129
2024-05-27 12:56:10,6349.0,-0.13192055487800536
2024-05-27 12:56:11,6350.0,-0.13199633363015734
2024-05-27 12:56:12,6351.0,-0.13207023404452362
2024-05-27 12:56:13,6352.0,-0.13214169362065895
2024-05-27 12:56:14,6353.0,-0.13221014985811813
2024-05-27 12:56:15,6354.0,-0.13227504025645592
2024-05-27 12:56:16,6355.0,-0.13233580231522707
2024-05-27 12:56:17,6356.0,-0.13239187353398635
2024-05-27 12:56:18,6357.0,-0.1324426914122885
2024-05-27 12:56:19,6358.0,-0.13248769344968833
2024-05-27 12:56:20,6359.0,-0.13252631714574056
2024-05-27 12:56:21,6360.0,-0.132558
2024-05-27 12:56:22,6361.0,-0.1325860129283335
2024-05-27 12:56:23,6362.0,-0.1326139604762376
2024-05-27 12:56:24,6363.0,-0.1326417805877115
2024-05-27 12:56:25,6364.0,-0.1326694112067544
2024-05-27 12:56:26,6365.0,-0.13269679027736553
2024-05-27 12:56:27,6366.0,-0.1327238557435441
2024-05-27 12:56:28,6367.0,-0.1327505455492893
2024-05-27 12:56:29,6368.0,-0.13277679763860034
2024-05-27 12:56:30,6369.0,-0.1328025499554764
2024-05-27 12:56:31,6370.0,-0.13282774044391676
2024-05-27 12:56:32,6371.0,-0.1328523070479206
2024-05-27 12:56:33,6372.0,-0.1328761877114871
2024-05-27 12:56:34,6373.0,-0.13289932037861552
2024-05-27 12:56:35,6374.0,-0.13292164299330497
2024-05-27 12:56:36,6375.0,-0.13294309349955477
2024-05-27 12:56:37,6376.0,-0.13296360984136407
2024-05-27 12:56:38,6377.0,-0.13298312996273212
2024-05-27 12:56:39,6378.0,-0.13300159180765805
2024-05-27 12:56:40,6379.0,-0.13301893332014117
2024-05-27 12:56:41,6380.0,-0.13303509244418063
2024-05-27 12:56:42,6381.0,-0.13305000712377563
2024-05-27 12:56:43,6382.0,-0.13306361530292538
2024-05-27 12:56:44,6383.0,-0.13307585492562912
2024-05-27 12:56:45,6384.0,-0.13308666393588603
2024-05-27 12:56:46,6385.0,-0.13309598027769534
2024-05-27 12:56:47,6386.0,-0.13310374189505628
2024-05-27 12:56:48,6387.0,-0.13310988673196797
2024-05-27 12:56:49,6388.0,-0.1331143527324297
2024-05-27 12:56:50,6389.0,-0.13311707784044066
2024-05-27 12:56:51,6390.0,-0.13311800000000001
2024-05-27 12:56:52,6391.0,-0.13311617481481483
2024-05-27 12:56:53,6392.0,-0.1331108651851852
2024-05-27 12:56:54,6393.0,-0.13310232
2024-05-27 12:56:55,6394.0,-0.13309078814814818
2024-05-27 12:56:56,6395.0,-0.13307651851851854
2024-05-27 12:56:57,6396.0,-0.13305976000000003
2024-05-27 12:56:58,6397.0,-0.13304076148148147
2024-05-27 12:56:59,6398.0,-0.13301977185185185
2024-05-27 12:57:00,6399.0,-0.13299704
2024-05-27 12:57:01,6400.0,-0.13297281481481482
2024-05-27 12:57:02,6401.0,-0.1329473451851852
2024-05-27 12:57:03,6402.0,-0.13292088
2024-05-27 12:57:04,6403.0,-0.13289366814814815
2024-05-27 12:57:05,6404.0,-0.13286595851851854
2024-05-27 12:57:06,6405.0,-0.132838
2024-05-27 12:57:07,6406.0,-0.1328100414814815
2024-05-27 12:57:08,6407.0,-0.13278233185185184
2024-05-27 12:57:09,6408.0,-0.13275512
2024-05-27 12:57:10,6409.0,-0.13272865481481483
2024-05-27 12:57:11,6410.0,-0.1327031851851852
2024-05-27 12:57:12,6411.0,-0.13267896
2024-05-27 12:57:13,6412.0,-0.13265622814814815
2024-05-27 12:57:14,6413.0,-0.13263523851851852
2024-05-27 12:57:15,6414.0,-0.13261624000000002
2024-05-27 12:57:16,6415.0,-0.13259948148148148
2024-05-27 12:57:17,6416.0,-0.13258521185185188
2024-05-27 12:57:18,6417.0,-0.13257368
2024-05-27 12:57:19,6418.0,-0.1325651348148148
2024-05-27 12:57:20,6419.0,-0.1325598251851852
2024-05-27 12:57:21,6420.0,-0.132558
2024-05-27 12:57:22,6421.0,-0.132558
2024-05-27 12:57:23,6422.0,-0.132558
2024-05-27 12:57:24,6423.0,-0.132558
2024-05-27 12:57:25,6424.0,-0.132558
2024-05-27 12:57:26,6425.0,-0.132558
2024-05-27 12:57:27,6426.0,-0.132558
2024-05-27 12:57:28,6427.0,-0.132558
2024-05-27 12:57:29,6428.0,-0.132558
2024-05-27 12:57:30,6429.0,-0.132558
2024-05-27 12:57:31,6430.0,-0.132558
2024-05-27 12:57:32,6431.0,-0.132558
2024-05-27 12:57:33,6432.0,-0.132558
2024-05-27 12:57:34,6433.0,-0.132558
2024-05-27 12:57:35,6434.0,-0.132558
2024-05-27 12:57:36,6435.0,-0.132558
2024-05-27 12:57:37,6436.0,-0.132558
2024-05-27 12:57:38,6437.0,-0.132558
2024-05-27 12:57:39,6438.0,-0.132558
2024-05-27 12:57:40,6439.0,-0.132558
2024-05-27 12:57:41,6440.0,-0.132558
2024-05-27 12:57:42,6441.0,-0.132558
2024-05-27 12:57:43,6442.0,-0.132558
2024-05-27 12:57:44,6443.0,-0.132558
2024-05-27 12:57:45,6444.0,-0.132558
2024-05-27 12:57:46,6445.0,-0.132558
2024-05-27 12:57:47,6446.0,-0.132558
2024-05-27 12:57:48,6447.0,-0.132558
2024-05-27 12:57:49,6448.0,-0.132558
2024-05-27 12:57:50,6449.0,-0.132558
2024-05-27 12:57:51,6450.0,-0.132558
2024-05-27 12:57:52,6451.0,-0.1325525048888889
2024-05-27 12:57:53,6452.0,-0.13253651911111114
2024-05-27 12:57:54,6453.0,-0.13251079200000002
2024-05-27 12:57:55,6454.0,-0.1324760728888889
2024-05-27 12:57:56,6455.0,-0.13243311111111114
2024-05-27 12:57:57,6456.0,-0.13238265600000002
2024-05-27 12:57:58,6457.0,-0.13232545688888891
2024-05-27 12:57:59,6458.0,-0.1322622631111111
2024-05-27 12:58:00,6459.0,-0.13219382400000002
2024-05-27 12:58:01,6460.0,-0.1321208888888889
2024-05-27 12:58:02,6461.0,-0.13204420711111112
2024-05-27 12:58:03,6462.0,-0.131964528
2024-05-27 12:58:04,6463.0,-0.1318826008888889
2024-05-27 12:58:05,6464.0,-0.1317991751111111
2024-05-27 12:58:06,6465.0,-0.131715
2024-05-27 12:58:07,6466.0,-0.1316308248888889
2024-05-27 12:58:08,6467.0,-0.1315473991111111
2024-05-27 12:58:09,6468.0,-0.131465472
2024-05-27 12:58:10,6469.0,-0.13138579288888888
2024-05-27 12:58:11,6470.0,-0.1313091111111111
2024-05-27 12:58:12,6471.0,-0.13123617599999998
2024-05-27 12:58:13,6472.0,-0.1311677368888889
2024-05-27 12:58:14,6473.0,-0.1311045431111111
2024-05-27 12:58:15,6474.0,-0.13104734399999998
2024-05-27 12:58:16,6475.0,-0.13099688888888888
2024-05-27 12:58:17,6476.0,-0.1309539271111111
2024-05-27 12:58:18,6477.0,-0.13091920799999998
2024-05-27 12:58:19,6478.0,-0.13089348088888886
2024-05-27 12:58:20,6479.0,-0.1308774951111111
2024-05-27 12:58:21,6480.0,-0.130872
2024-05-27 12:58:22,6481.0,-0.13087488233844186
2024-05-27 12:58:23,6482.0,-0.13088330481666446
2024-05-27 12:58:24,6483.0,-0.13089693062901306
2024-05-27 12:58:25,6484.0,-0.13091542296983308
2024-05-27 12:58:26,6485.0,-0.13093844503346985
2024-05-27 12:58:27,6486.0,-0.13096566001426874
2024-05-27 12:58:28,6487.0,-0.13099673110657506
2024-05-27 12:58:29,6488.0,-0.1310313215047342
2024-05-27 12:58:30,6489.0,-0.13106909440309153
2024-05-27 12:58:31,6490.0,-0.13110971299599242
2024-05-27 12:58:32,6491.0,-0.13115284047778217
2024-05-27 12:58:33,6492.0,-0.13119814004280617
2024-05-27 12:58:34,6493.0,-0.13124527488540977
2024-05-27 12:58:35,6494.0,-0.13129390819993836
2024-05-27 12:58:36,6495.0,-0.13134370318073724
2024-05-27 12:58:37,6496.0,-0.13139432302215176
2024-05-27 12:58:38,6497.0,-0.13144543091852734
2024-05-27 12:58:39,6498.0,-0.13149669006420928
2024-05-27 12:58:40,6499.0,-0.13154776365354295
2024-05-27 12:58:41,6500.0,-0.13159831488087373
2024-05-27 12:58:42,6501.0,-0.13164800694054696
2024-05-27 12:58:43,6502.0,-0.131696503026908
2024-05-27 12:58:44,6503.0,-0.1317434663343022
2024-05-27 12:58:45,6504.0,-0.13178856005707493
2024-05-27 12:58:46,6505.0,-0.1318314473895715
2024-05-27 12:58:47,6506.0,-0.13187179152613734
2024-05-27 12:58:48,6507.0,-0.13190925566111772
2024-05-27 12:58:49,6508.0,-0.13194350298885807
2024-05-27 12:58:50,6509.0,-0.13197419670370372
2024-05-27 12:58:51,6510.0,-0.132001
2024-05-27 12:58:52,6511.0,-0.13202503169954802
2024-05-27 12:58:53,6512.0,-0.13204770463749338
2024-05-27 12:58:54,6513.0,-0.13206912302819834
2024-05-27 12:58:55,6514.0,-0.13208939108602516
2024-05-27 12:58:56,6515.0,-0.13210861302533602
2024-05-27 12:58:57,6516.0,-0.13212689306049327
2024-05-27 12:58:58,6517.0,-0.13214433540585907
2024-05-27 12:58:59,6518.0,-0.1321610442757957
2024-05-27 12:59:00,6519.0,-0.13217712388466538
2024-05-27 12:59:01,6520.0,-0.1321926784468304
2024-05-27 12:59:02,6521.0,-0.1322078121766529
2024-05-27 12:59:03,6522.0,-0.13222262928849524
2024-05-27 12:59:04,6523.0,-0.13223723399671963
2024-05-27 12:59:05,6524.0,-0.13225173051568828
2024-05-27 12:59:06,6525.0,-0.13226622305976346
2024-05-27 12:59:07,6526.0,-0.13228081584330742
2024-05-27 12:59:08,6527.0,-0.13229561308068236
2024-05-27 12:59:09,6528.0,-0.1323107189862506
2024-05-27 12:59:10,6529.0,-0.13232623777437433
2024-05-27 12:59:11,6530.0,-0.13234227365941578
2024-05-27 12:59:12,6531.0,-0.13235893085573722
2024-05-27 12:59:13,6532.0,-0.1323763135777009
2024-05-27 12:59:14,6533.0,-0.13239452603966909
2024-05-27 12:59:15,6534.0,-0.13241367245600394
2024-05-27 12:59:16,6535.0,-0.1324338570410678
2024-05-27 12:59:17,6536.0,-0.13245518400922285
2024-05-27 12:59:18,6537.0,-0.13247775757483135
2024-05-27 12:59:19,6538.0,-0.13250168195225553
2024-05-27 12:59:20,6539.0,-0.1325270613558577
2024-05-27 12:59:21,6540.0,-0.132554
2024-05-27 12:59:22,6541.0,-0.13258542223162637
2024-05-27 12:59:23,6542.0,-0.13262380730515408
2024-05-27 12:59:24,6543.0,-0.13266859179615556
2024-05-27 12:59:25,6544.0,-0.1327192122802033
2024-05-27 12:59:26,6545.0,-0.13277510533286974
2024-05-27 12:59:27,6546.0,-0.13283570752972731
2024-05-27 12:59:28,6547.0,-0.13290045544634846
2024-05-27 12:59:29,6548.0,-0.1329687856583056
2024-05-27 12:59:30,6549.0,-0.1330401347411712
2024-05-27 12:59:31,6550.0,-0.13311393927051773
2024-05-27 12:59:32,6551.0,-0.1331896358219176
2024-05-27 12:59:33,6552.0,-0.13326666097094322
2024-05-27 12:59:34,6553.0,-0.1333444512931671
2024-05-27 12:59:35,6554.0,-0.13342244336416165
2024-05-27 12:59:36,6555.0,-0.13350007375949932
2024-05-27 12:59:37,6556.0,-0.13357677905475254
2024-05-27 12:59:38,6557.0,-0.1336519958254938
2024-05-27 12:59:39,6558.0,-0.13372516064729548
2024-05-27 12:59:40,6559.0,-0.13379571009573005
2024-05-27 12:59:41,6560.0,-0.13386308074636996
2024-05-27 12:59:42,6561.0,-0.13392670917478766
2024-05-27 12:59:43,6562.0,-0.13398603195655556
2024-05-27 12:59:44,6563.0,-0.13404048566724616
2024-05-27 12:59:45,6564.0,-0.13408950688243185
2024-05-27 12:59:46,6565.0,-0.13413253217768506
2024-05-27 12:59:47,6566.0,-0.1341689981285783
2024-05-27 12:59:48,6567.0,-0.13419834131068395
2024-05-27 12:59:49,6568.0,-0.1342199982995745
2024-05-27 12:59:50,6569.0,-0.13423340567082237
2024-05-27 12:59:51,6570.0,-0.134238
2024-05-27 12:59:52,6571.0,-0.13423252444444445
2024-05-27 12:59:53,6572.0,-0.13421659555555554
2024-05-27 12:59:54,6573.0,-0.13419096
2024-05-27 12:59:55,6574.0,-0.13415636444444445
2024-05-27 12:59:56,6575.0,-0.13411355555555554
2024-05-27 12:59:57,6576.0,-0.13406328
2024-05-27 12:59:58,6577.0,-0.13400628444444443
2024-05-27 12:59:59,6578.0,-0.13394331555555555
2024-05-27 13:00:00,6579.0,-0.13387512
2024-05-27 13:00:01,6580.0,-0.13380244444444445
2024-05-27 13:00:02,6581.0,-0.13372603555555554
2024-05-27 13:00:03,6582.0,-0.13364664
2024-05-27 13:00:04,6583.0,-0.13356500444444444
2024-05-27 13:00:05,6584.0,-0.13348187555555555
2024-05-27 13:00:06,6585.0,-0.13339800000000002
2024-05-27 13:00:07,6586.0,-0.13331412444444446
2024-05-27 13:00:08,6587.0,-0.13323099555555556
2024-05-27 13:00:09,6588.0,-0.13314936
2024-05-27 13:00:10,6589.0,-0.13306996444444444
2024-05-27 13:00:11,6590.0,-0.13299355555555556
2024-05-27 13:00:12,6591.0,-0.13292088
2024-05-27 13:00:13,6592.0,-0.13285268444444445
2024-05-27 13:00:14,6593.0,-0.13278971555555558
2024-05-27 13:00:15,6594.0,-0.13273272000000003
2024-05-27 13:00:16,6595.0,-0.13268244444444446
2024-05-27 13:00:17,6596.0,-0.13263963555555555
2024-05-27 13:00:18,6597.0,-0.13260504
2024-05-27 13:00:19,6598.0,-0.13257940444444447
2024-05-27 13:00:20,6599.0,-0.1325634755555556
2024-05-27 13:00:21,6600.0,-0.132558
2024-05-27 13:00:22,6601.0,-0.132558
2024-05-27 13:00:23,6602.0,-0.132558
2024-05-27 13:00:24,6603.0,-0.132558
2024-05-27 13:00:25,6604.0,-0.132558
2024-05-27 13:00:26,6605.0,-0.132558
2024-05-27 13:00:27,6606.0,-0.132558
2024-05-27 13:00:28,6607.0,-0.132558
2024-05-27 13:00:29,6608.0,-0.132558
2024-05-27 13:00:30,6609.0,-0.132558
2024-05-27 13:00:31,6610.0,-0.132558
2024-05-27 13:00:32,6611.0,-0.132558
2024-05-27 13:00:33,6612.0,-0.132558
2024-05-27 13:00:34,6613.0,-0.132558
2024-05-27 13:00:35,6614.0,-0.132558
2024-05-27 13:00:36,6615.0,-0.132558
2024-05-27 13:00:37,6616.0,-0.132558
2024-05-27 13:00:38,6617.0,-0.132558
2024-05-27 13:00:39,6618.0,-0.132558
2024-05-27 13:00:40,6619.0,-0.132558
2024-05-27 13:00:41,6620.0,-0.132558
2024-05-27 13:00:42,6621.0,-0.132558
2024-05-27 13:00:43,6622.0,-0.132558
2024-05-27 13:00:44,6623.0,-0.132558
2024-05-27 13:00:45,6624.0,-0.132558
2024-05-27 13:00:46,6625.0,-0.132558
2024-05-27 13:00:47,6626.0,-0.132558
2024-05-27 13:00:48,6627.0,-0.132558
2024-05-27 13:00:49,6628.0,-0.132558
2024-05-27 13:00:50,6629.0,-0.132558
2024-05-27 13:00:51,6630.0,-0.132558
2024-05-27 13:00:52,6631.0,-0.132558
2024-05-27 13:00:53,6632.0,-0.132558
2024-05-27 13:00:54,6633.0,-0.132558
2024-05-27 13:00:55,6634.0,-0.132558
2024-05-27 13:00:56,6635.0,-0.132558
2024-05-27 13:00:57,6636.0,-0.132558
2024-05-27 13:00:58,6637.0,-0.132558
2024-05-27 13:00:59,6638.0,-0.132558
2024-05-27 13:01:00,6639.0,-0.132558
2024-05-27 13:01:01,6640.0,-0.132558
2024-05-27 13:01:02,6641.0,-0.132558
2024-05-27 13:01:03,6642.0,-0.132558
2024-05-27 13:01:04,6643.0,-0.132558
2024-05-27 13:01:05,6644.0,-0.132558
2024-05-27 13:01:06,6645.0,-0.132558
2024-05-27 13:01:07,6646.0,-0.132558
2024-05-27 13:01:08,6647.0,-0.132558
2024-05-27 13:01:09,6648.0,-0.132558
2024-05-27 13:01:10,6649.0,-0.132558
2024-05-27 13:01:11,6650.0,-0.132558
2024-05-27 13:01:12,6651.0,-0.132558
2024-05-27 13:01:13,6652.0,-0.132558
2024-05-27 13:01:14,6653.0,-0.132558
2024-05-27 13:01:15,6654.0,-0.132558
2024-05-27 13:01:16,6655.0,-0.132558
2024-05-27 13:01:17,6656.0,-0.132558
2024-05-27 13:01:18,6657.0,-0.132558
2024-05-27 13:01:19,6658.0,-0.132558
2024-05-27 13:01:20,6659.0,-0.132558
2024-05-27 13:01:21,6660.0,-0.132558
2024-05-27 13:01:22,6661.0,-0.132558
2024-05-27 13:01:23,6662.0,-0.132558
2024-05-27 13:01:24,6663.0,-0.132558
2024-05-27 13:01:25,6664.0,-0.132558
2024-05-27 13:01:26,6665.0,-0.132558
2024-05-27 13:01:27,6666.0,-0.132558
2024-05-27 13:01:28,6667.0,-0.132558
2024-05-27 13:01:29,6668.0,-0.132558
2024-05-27 13:01:30,6669.0,-0.132558
2024-05-27 13:01:31,6670.0,-0.132558
2024-05-27 13:01:32,6671.0,-0.132558
2024-05-27 13:01:33,6672.0,-0.132558
2024-05-27 13:01:34,6673.0,-0.132558
2024-05-27 13:01:35,6674.0,-0.132558
2024-05-27 13:01:36,6675.0,-0.132558
2024-05-27 13:01:37,6676.0,-0.132558
2024-05-27 13:01:38,6677.0,-0.132558
2024-05-27 13:01:39,6678.0,-0.132558
2024-05-27 13:01:40,6679.0,-0.132558
2024-05-27 13:01:41,6680.0,-0.132558
2024-05-27 13:01:42,6681.0,-0.132558
2024-05-27 13:01:43,6682.0,-0.132558
2024-05-27 13:01:44,6683.0,-0.132558
2024-05-27 13:01:45,6684.0,-0.132558
2024-05-27 13:01:46,6685.0,-0.132558
2024-05-27 13:01:47,6686.0,-0.132558
2024-05-27 13:01:48,6687.0,-0.132558
2024-05-27 13:01:49,6688.0,-0.132558
2024-05-27 13:01:50,6689.0,-0.132558
2024-05-27 13:01:51,6690.0,-0.132558
2024-05-27 13:01:52,6691.0,-0.1325598154074074
2024-05-27 13:01:53,6692.0,-0.1325650965925926
2024-05-27 13:01:54,6693.0,-0.13257359600000002
2024-05-27 13:01:55,6694.0,-0.13258506607407408
2024-05-27 13:01:56,6695.0,-0.13259925925925925
2024-05-27 13:01:57,6696.0,-0.13261592800000002
2024-05-27 13:01:58,6697.0,-0.13263482474074073
2024-05-27 13:01:59,6698.0,-0.13265570192592593
2024-05-27 13:02:00,6699.0,-0.13267831200000002
2024-05-27 13:02:01,6700.0,-0.1327024074074074
2024-05-27 13:02:02,6701.0,-0.1327277405925926
2024-05-27 13:02:03,6702.0,-0.132754064
2024-05-27 13:02:04,6703.0,-0.13278113007407408
2024-05-27 13:02:05,6704.0,-0.13280869125925926
2024-05-27 13:02:06,6705.0,-0.1328365
2024-05-27 13:02:07,6706.0,-0.13286430874074076
2024-05-27 13:02:08,6707.0,-0.13289186992592594
2024-05-27 13:02:09,6708.0,-0.13291893600000002
2024-05-27 13:02:10,6709.0,-0.13294525940740742
2024-05-27 13:02:11,6710.0,-0.1329705925925926
2024-05-27 13:02:12,6711.0,-0.13299468800000003
2024-05-27 13:02:13,6712.0,-0.1330172980740741
2024-05-27 13:02:14,6713.0,-0.13303817525925926
2024-05-27 13:02:15,6714.0,-0.133057072
2024-05-27 13:02:16,6715.0,-0.13307374074074074
2024-05-27 13:02:17,6716.0,-0.13308793392592594
2024-05-27 13:02:18,6717.0,-0.133099404
2024-05-27 13:02:19,6718.0,-0.13310790340740744
2024-05-27 13:02:20,6719.0,-0.1331131845925926
2024-05-27 13:02:21,6720.0,-0.133115
2024-05-27 13:02:22,6721.0,-0.1331131845925926
2024-05-27 13:02:23,6722.0,-0.1331079034074074
2024-05-27 13:02:24,6723.0,-0.133099404
2024-05-27 13:02:25,6724.0,-0.13308793392592594
2024-05-27 13:02:26,6725.0,-0.13307374074074077
2024-05-27 13:02:27,6726.0,-0.133057072
2024-05-27 13:02:28,6727.0,-0.1330381752592593
2024-05-27 13:02:29,6728.0,-0.1330172980740741
2024-05-27 13:02:30,6729.0,-0.132994688
2024-05-27 13:02:31,6730.0,-0.1329705925925926
2024-05-27 13:02:32,6731.0,-0.13294525940740742
2024-05-27 13:02:33,6732.0,-0.13291893600000002
2024-05-27 13:02:34,6733.0,-0.13289186992592594
2024-05-27 13:02:35,6734.0,-0.13286430874074076
2024-05-27 13:02:36,6735.0,-0.13283650000000002
2024-05-27 13:02:37,6736.0,-0.13280869125925926
2024-05-27 13:02:38,6737.0,-0.13278113007407408
2024-05-27 13:02:39,6738.0,-0.132754064
2024-05-27 13:02:40,6739.0,-0.1327277405925926
2024-05-27 13:02:41,6740.0,-0.1327024074074074
2024-05-27 13:02:42,6741.0,-0.132678312
2024-05-27 13:02:43,6742.0,-0.13265570192592593
2024-05-27 13:02:44,6743.0,-0.13263482474074076
2024-05-27 13:02:45,6744.0,-0.13261592800000002
2024-05-27 13:02:46,6745.0,-0.13259925925925928
2024-05-27 13:02:47,6746.0,-0.13258506607407408
2024-05-27 13:02:48,6747.0,-0.13257359600000002
2024-05-27 13:02:49,6748.0,-0.13256509659259258
2024-05-27 13:02:50,6749.0,-0.1325598154074074
2024-05-27 13:02:51,6750.0,-0.132558
2024-05-27 13:02:52,6751.0,-0.13256347555555556
2024-05-27 13:02:53,6752.0,-0.13257940444444447
2024-05-27 13:02:54,6753.0,-0.13260504
2024-05-27 13:02:55,6754.0,-0.13263963555555555
2024-05-27 13:02:56,6755.0,-0.13268244444444446
2024-05-27 13:02:57,6756.0,-0.13273272
2024-05-27 13:02:58,6757.0,-0.13278971555555558
2024-05-27 13:02:59,6758.0,-0.13285268444444445
2024-05-27 13:03:00,6759.0,-0.13292088000000002
2024-05-27 13:03:01,6760.0,-0.13299355555555556
2024-05-27 13:03:02,6761.0,-0.13306996444444447
2024-05-27 13:03:03,6762.0,-0.13314936
2024-05-27 13:03:04,6763.0,-0.13323099555555556
2024-05-27 13:03:05,6764.0,-0.13331412444444446
2024-05-27 13:03:06,6765.0,-0.133398
2024-05-27 13:03:07,6766.0,-0.13348187555555555
2024-05-27 13:03:08,6767.0,-0.13356500444444444
2024-05-27 13:03:09,6768.0,-0.13364664
2024-05-27 13:03:10,6769.0,-0.13372603555555557
2024-05-27 13:03:11,6770.0,-0.13380244444444445
2024-05-27 13:03:12,6771.0,-0.13387512000000001
2024-05-27 13:03:13,6772.0,-0.13394331555555555
2024-05-27 13:03:14,6773.0,-0.13400628444444443
2024-05-27 13:03:15,6774.0,-0.13406327999999998
2024-05-27 13:03:16,6775.0,-0.13411355555555554
2024-05-27 13:03:17,6776.0,-0.13415636444444445
2024-05-27 13:03:18,6777.0,-0.13419096
2024-05-27 13:03:19,6778.0,-0.13421659555555554
2024-05-27 13:03:20,6779.0,-0.13423252444444442
2024-05-27 13:03:21,6780.0,-0.134238
2024-05-27 13:03:22,6781.0,-0.1342334290811775
2024-05-27 13:03:23,6782.0,-0.13422008932500742
2024-05-27 13:03:24,6783.0,-0.13419854023193575
2024-05-27 13:03:25,6784.0,-0.13416934130240857
2024-05-27 13:03:26,6785.0,-0.13413305203687184
2024-05-27 13:03:27,6786.0,-0.13409023193577163
2024-05-27 13:03:28,6787.0,-0.13404144049955397
2024-05-27 13:03:29,6788.0,-0.1339872372286649
2024-05-27 13:03:30,6789.0,-0.1339281816235504
2024-05-27 13:03:31,6790.0,-0.13386483318465656
2024-05-27 13:03:32,6791.0,-0.1337977514124294
2024-05-27 13:03:33,6792.0,-0.13372749580731488
2024-05-27 13:03:34,6793.0,-0.13365462586975912
2024-05-27 13:03:35,6794.0,-0.13357970110020814
2024-05-27 13:03:36,6795.0,-0.13350328099910794
2024-05-27 13:03:37,6796.0,-0.13342592506690457
2024-05-27 13:03:38,6797.0,-0.13334819280404403
2024-05-27 13:03:39,6798.0,-0.13327064371097236
2024-05-27 13:03:40,6799.0,-0.13319383728813558
2024-05-27 13:03:41,6800.0,-0.13311833303597978
2024-05-27 13:03:42,6801.0,-0.13304469045495093
2024-05-27 13:03:43,6802.0,-0.13297346904549512
2024-05-27 13:03:44,6803.0,-0.1329052283080583
2024-05-27 13:03:45,6804.0,-0.13284052774308655
2024-05-27 13:03:46,6805.0,-0.13277992685102588
2024-05-27 13:03:47,6806.0,-0.13272398513232234
2024-05-27 13:03:48,6807.0,-0.13267326208742194
2024-05-27 13:03:49,6808.0,-0.13262831721677076
2024-05-27 13:03:50,6809.0,-0.13258971002081477
2024-05-27 13:03:51,6810.0,-0.132558
2024-05-27 13:03:52,6811.0,-0.13252993383103712
2024-05-27 13:03:53,6812.0,-0.1325019269313774
2024-05-27 13:03:54,6813.0,-0.13247404191257806
2024-05-27 13:03:55,6814.0,-0.1324463413861962
2024-05-27 13:03:56,6815.0,-0.13241888796378895
2024-05-27 13:03:57,6816.0,-0.13239174425691347
2024-05-27 13:03:58,6817.0,-0.13236497287712692
2024-05-27 13:03:59,6818.0,-0.1323386364359864
2024-05-27 13:04:00,6819.0,-0.13231279754504907
2024-05-27 13:04:01,6820.0,-0.13228751881587208
2024-05-27 13:04:02,6821.0,-0.13226286286001254
2024-05-27 13:04:03,6822.0,-0.13223889228902766
2024-05-27 13:04:04,6823.0,-0.1322156697144745
2024-05-27 13:04:05,6824.0,-0.13219325774791027
2024-05-27 13:04:06,6825.0,-0.13217171900089206
2024-05-27 13:04:07,6826.0,-0.13215111608497704
2024-05-27 13:04:08,6827.0,-0.13213151161172235
2024-05-27 13:04:09,6828.0,-0.1321129681926851
2024-05-27 13:04:10,6829.0,-0.13209554843942248
2024-05-27 13:04:11,6830.0,-0.13207931496349157
2024-05-27 13:04:12,6831.0,-0.1320643303764496
2024-05-27 13:04:13,6832.0,-0.13205065728985363
2024-05-27 13:04:14,6833.0,-0.13203835831526084
2024-05-27 13:04:15,6834.0,-0.13202749606422837
2024-05-27 13:04:16,6835.0,-0.13201813314831334
2024-05-27 13:04:17,6836.0,-0.13201033217907293
2024-05-27 13:04:18,6837.0,-0.13200415576806424
2024-05-27 13:04:19,6838.0,-0.13199966652684442
2024-05-27 13:04:20,6839.0,-0.1319969270669706
2024-05-27 13:04:21,6840.0,-0.131996
2024-05-27 13:04:22,6841.0,-0.13200130607407407
2024-05-27 13:04:23,6842.0,-0.13201674192592594
2024-05-27 13:04:24,6843.0,-0.132041584
2024-05-27 13:04:25,6844.0,-0.13207510874074074
2024-05-27 13:04:26,6845.0,-0.1321165925925926
2024-05-27 13:04:27,6846.0,-0.132165312
2024-05-27 13:04:28,6847.0,-0.1322205434074074
2024-05-27 13:04:29,6848.0,-0.13228156325925924
2024-05-27 13:04:30,6849.0,-0.132347648
2024-05-27 13:04:31,6850.0,-0.13241807407407408
2024-05-27 13:04:32,6851.0,-0.1324921179259259
2024-05-27 13:04:33,6852.0,-0.132569056
2024-05-27 13:04:34,6853.0,-0.13264816474074073
2024-05-27 13:04:35,6854.0,-0.13272872059259258
2024-05-27 13:04:36,6855.0,-0.13281
2024-05-27 13:04:37,6856.0,-0.13289127940740741
2024-05-27 13:04:38,6857.0,-0.13297183525925926
2024-05-27 13:04:39,6858.0,-0.133050944
2024-05-27 13:04:40,6859.0,-0.13312788207407408
2024-05-27 13:04:41,6860.0,-0.13320192592592592
2024-05-27 13:04:42,6861.0,-0.13327235199999998
2024-05-27 13:04:43,6862.0,-0.13333843674074072
2024-05-27 13:04:44,6863.0,-0.13339945659259259
2024-05-27 13:04:45,6864.0,-0.133454688
2024-05-27 13:04:46,6865.0,-0.1335034074074074
2024-05-27 13:04:47,6866.0,-0.13354489125925925
2024-05-27 13:04:48,6867.0,-0.13357841599999998
2024-05-27 13:04:49,6868.0,-0.13360325807407405
2024-05-27 13:04:50,6869.0,-0.1336186939259259
2024-05-27 13:04:51,6870.0,-0.133624
2024-05-27 13:04:52,6871.0,-0.13362063603677246
2024-05-27 13:04:53,6872.0,-0.13361084477037036
2024-05-27 13:04:54,6873.0,-0.13359507713571428
2024-05-27 13:04:55,6874.0,-0.13357378406772488
2024-05-27 13:04:56,6875.0,-0.13354741650132274
2024-05-27 13:04:57,6876.0,-0.13351642537142855
2024-05-27 13:04:58,6877.0,-0.13348126161296298
2024-05-27 13:04:59,6878.0,-0.13344237616084656
2024-05-27 13:05:00,6879.0,-0.13340021995
2024-05-27 13:05:01,6880.0,-0.1333552439153439
2024-05-27 13:05:02,6881.0,-0.13330789899179893
2024-05-27 13:05:03,6882.0,-0.13325863611428573
2024-05-27 13:05:04,6883.0,-0.13320790621772488
2024-05-27 13:05:05,6884.0,-0.13315616023703702
2024-05-27 13:05:06,6885.0,-0.13310384910714287
2024-05-27 13:05:07,6886.0,-0.13305142376296294
2024-05-27 13:05:08,6887.0,-0.132999335139418
2024-05-27 13:05:09,6888.0,-0.1329480341714286
2024-05-27 13:05:10,6889.0,-0.13289797179391535
2024-05-27 13:05:11,6890.0,-0.13284959894179896
2024-05-27 13:05:12,6891.0,-0.13280336655000002
2024-05-27 13:05:13,6892.0,-0.13275972555343918
2024-05-27 13:05:14,6893.0,-0.13271912688703702
2024-05-27 13:05:15,6894.0,-0.1326820214857143
2024-05-27 13:05:16,6895.0,-0.13264886028439155
2024-05-27 13:05:17,6896.0,-0.13262009421798943
2024-05-27 13:05:18,6897.0,-0.13259617422142858
2024-05-27 13:05:19,6898.0,-0.13257755122962964
2024-05-27 13:05:20,6899.0,-0.13256467617751325
2024-05-27 13:05:21,6900.0,-0.132558
2024-05-27 13:05:22,6901.0,-0.13255462219285716
2024-05-27 13:05:23,6902.0,-0.13255134240000002
2024-05-27 13:05:24,6903.0,-0.13254816177857143
2024-05-27 13:05:25,6904.0,-0.1325450814857143
2024-05-27 13:05:26,6905.0,-0.13254210267857144
2024-05-27 13:05:27,6906.0,-0.1325392265142857
2024-05-27 13:05:28,6907.0,-0.13253645415
2024-05-27 13:05:29,6908.0,-0.13253378674285715
2024-05-27 13:05:30,6909.0,-0.13253122544999998
2024-05-27 13:05:31,6910.0,-0.13252877142857145
2024-05-27 13:05:32,6911.0,-0.13252642583571428
2024-05-27 13:05:33,6912.0,-0.13252418982857142
2024-05-27 13:05:34,6913.0,-0.1325220645642857
2024-05-27 13:05:35,6914.0,-0.1325200512
2024-05-27 13:05:36,6915.0,-0.13251815089285715
2024-05-27 13:05:37,6916.0,-0.1325163648
2024-05-27 13:05:38,6917.0,-0.13251469407857142
2024-05-27 13:05:39,6918.0,-0.1325131398857143
2024-05-27 13:05:40,6919.0,-0.13251170337857143
2024-05-27 13:05:41,6920.0,-0.1325103857142857
2024-05-27 13:05:42,6921.0,-0.13250918805000003
2024-05-27 13:05:43,6922.0,-0.13250811154285716
2024-05-27 13:05:44,6923.0,-0.13250715735000002
2024-05-27 13:05:45,6924.0,-0.13250632662857145
2024-05-27 13:05:46,6925.0,-0.1325056205357143
2024-05-27 13:05:47,6926.0,-0.13250504022857146
2024-05-27 13:05:48,6927.0,-0.13250458686428573
2024-05-27 13:05:49,6928.0,-0.1325042616
2024-05-27 13:05:50,6929.0,-0.13250406559285716
2024-05-27 13:05:51,6930.0,-0.132504
2024-05-27 13:05:52,6931.0,-0.132504
2024-05-27 13:05:53,6932.0,-0.132504
2024-05-27 13:05:54,6933.0,-0.132504
2024-05-27 13:05:55,6934.0,-0.132504
2024-05-27 13:05:56,6935.0,-0.132504
2024-05-27 13:05:57,6936.0,-0.132504
2024-05-27 13:05:58,6937.0,-0.132504
2024-05-27 13:05:59,6938.0,-0.132504
2024-05-27 13:06:00,6939.0,-0.132504
2024-05-27 13:06:01,6940.0,-0.132504
2024-05-27 13:06:02,6941.0,-0.132504
2024-05-27 13:06:03,6942.0,-0.132504
2024-05-27 13:06:04,6943.0,-0.132504
2024-05-27 13:06:05,6944.0,-0.132504
2024-05-27 13:06:06,6945.0,-0.132504
2024-05-27 13:06:07,6946.0,-0.132504
2024-05-27 13:06:08,6947.0,-0.132504
2024-05-27 13:06:09,6948.0,-0.132504
2024-05-27 13:06:10,6949.0,-0.132504
2024-05-27 13:06:11,6950.0,-0.132504
2024-05-27 13:06:12,6951.0,-0.132504
2024-05-27 13:06:13,6952.0,-0.132504
2024-05-27 13:06:14,6953.0,-0.132504
2024-05-27 13:06:15,6954.0,-0.132504
2024-05-27 13:06:16,6955.0,-0.132504
2024-05-27 13:06:17,6956.0,-0.132504
2024-05-27 13:06:18,6957.0,-0.132504
2024-05-27 13:06:19,6958.0,-0.132504
2024-05-27 13:06:20,6959.0,-0.132504
2024-05-27 13:06:21,6960.0,-0.132504
2024-05-27 13:06:22,6961.0,-0.13250217155555558
2024-05-27 13:06:23,6962.0,-0.13249685244444445
2024-05-27 13:06:24,6963.0,-0.132488292
2024-05-27 13:06:25,6964.0,-0.13247673955555558
2024-05-27 13:06:26,6965.0,-0.13246244444444444
2024-05-27 13:06:27,6966.0,-0.132445656
2024-05-27 13:06:28,6967.0,-0.13242662355555557
2024-05-27 13:06:29,6968.0,-0.13240559644444444
2024-05-27 13:06:30,6969.0,-0.132382824
2024-05-27 13:06:31,6970.0,-0.13235855555555556
2024-05-27 13:06:32,6971.0,-0.13233304044444447
2024-05-27 13:06:33,6972.0,-0.132306528
2024-05-27 13:06:34,6973.0,-0.13227926755555558
2024-05-27 13:06:35,6974.0,-0.13225150844444444
2024-05-27 13:06:36,6975.0,-0.13222350000000002
2024-05-27 13:06:37,6976.0,-0.13219549155555554
2024-05-27 13:06:38,6977.0,-0.13216773244444444
2024-05-27 13:06:39,6978.0,-0.132140472
2024-05-27 13:06:40,6979.0,-0.13211395955555558
2024-05-27 13:06:41,6980.0,-0.13208844444444445
2024-05-27 13:06:42,6981.0,-0.132064176
2024-05-27 13:06:43,6982.0,-0.13204140355555558
2024-05-27 13:06:44,6983.0,-0.13202037644444445
2024-05-27 13:06:45,6984.0,-0.132001344
2024-05-27 13:06:46,6985.0,-0.13198455555555555
2024-05-27 13:06:47,6986.0,-0.13197026044444446
2024-05-27 13:06:48,6987.0,-0.131958708
2024-05-27 13:06:49,6988.0,-0.13195014755555556
2024-05-27 13:06:50,6989.0,-0.13194482844444444
2024-05-27 13:06:51,6990.0,-0.131943
2024-05-27 13:06:52,6991.0,-0.13194482844444444
2024-05-27 13:06:53,6992.0,-0.13195014755555556
2024-05-27 13:06:54,6993.0,-0.131958708
2024-05-27 13:06:55,6994.0,-0.13197026044444443
2024-05-27 13:06:56,6995.0,-0.13198455555555558
2024-05-27 13:06:57,6996.0,-0.13200134400000002
2024-05-27 13:06:58,6997.0,-0.13202037644444445
2024-05-27 13:06:59,6998.0,-0.13204140355555558
2024-05-27 13:07:00,6999.0,-0.132064176
2024-05-27 13:07:01,7000.0,-0.13208844444444445
2024-05-27 13:07:02,7001.0,-0.13211395955555555
2024-05-27 13:07:03,7002.0,-0.132140472
2024-05-27 13:07:04,7003.0,-0.13216773244444444
2024-05-27 13:07:05,7004.0,-0.13219549155555557
2024-05-27 13:07:06,7005.0,-0.1322235
2024-05-27 13:07:07,7006.0,-0.13225150844444447
2024-05-27 13:07:08,7007.0,-0.13227926755555558
2024-05-27 13:07:09,7008.0,-0.132306528
2024-05-27 13:07:10,7009.0,-0.13233304044444444
2024-05-27 13:07:11,7010.0,-0.13235855555555556
2024-05-27 13:07:12,7011.0,-0.132382824
2024-05-27 13:07:13,7012.0,-0.13240559644444444
2024-05-27 13:07:14,7013.0,-0.13242662355555557
2024-05-27 13:07:15,7014.0,-0.13244565600000002
2024-05-27 13:07:16,7015.0,-0.13246244444444447
2024-05-27 13:07:17,7016.0,-0.13247673955555556
2024-05-27 13:07:18,7017.0,-0.132488292
2024-05-27 13:07:19,7018.0,-0.13249685244444445
2024-05-27 13:07:20,7019.0,-0.13250217155555558
2024-05-27 13:07:21,7020.0,-0.132504
2024-05-27 13:07:22,7021.0,-0.13250382400000002
2024-05-27 13:07:23,7022.0,-0.132503312
2024-05-27 13:07:24,7023.0,-0.132502488
2024-05-27 13:07:25,7024.0,-0.132501376
2024-05-27 13:07:26,7025.0,-0.1325
2024-05-27 13:07:27,7026.0,-0.132498384
2024-05-27 13:07:28,7027.0,-0.13249655200000002
2024-05-27 13:07:29,7028.0,-0.13249452800000003
2024-05-27 13:07:30,7029.0,-0.13249233600000002
2024-05-27 13:07:31,7030.0,-0.13249000000000002
2024-05-27 13:07:32,7031.0,-0.132487544
2024-05-27 13:07:33,7032.0,-0.132484992
2024-05-27 13:07:34,7033.0,-0.13248236800000002
2024-05-27 13:07:35,7034.0,-0.132479696
2024-05-27 13:07:36,7035.0,-0.132477
2024-05-27 13:07:37,7036.0,-0.13247430400000001
2024-05-27 13:07:38,7037.0,-0.13247163200000003
2024-05-27 13:07:39,7038.0,-0.132469008
2024-05-27 13:07:40,7039.0,-0.132466456
2024-05-27 13:07:41,7040.0,-0.13246400000000003
2024-05-27 13:07:42,7041.0,-0.132461664
2024-05-27 13:07:43,7042.0,-0.13245947200000002
2024-05-27 13:07:44,7043.0,-0.132457448
2024-05-27 13:07:45,7044.0,-0.13245561600000003
2024-05-27 13:07:46,7045.0,-0.13245400000000002
2024-05-27 13:07:47,7046.0,-0.13245262400000002
2024-05-27 13:07:48,7047.0,-0.13245151200000002
2024-05-27 13:07:49,7048.0,-0.132450688
2024-05-27 13:07:50,7049.0,-0.132450176
2024-05-27 13:07:51,7050.0,-0.13245
2024-05-27 13:07:52,7051.0,-0.13245
2024-05-27 13:07:53,7052.0,-0.13245
2024-05-27 13:07:54,7053.0,-0.13245
2024-05-27 13:07:55,7054.0,-0.13245
2024-05-27 13:07:56,7055.0,-0.13245
2024-05-27 13:07:57,7056.0,-0.13245
2024-05-27 13:07:58,7057.0,-0.13245
2024-05-27 13:07:59,7058.0,-0.13245
2024-05-27 13:08:00,7059.0,-0.13245
2024-05-27 13:08:01,7060.0,-0.13245
2024-05-27 13:08:02,7061.0,-0.13245
2024-05-27 13:08:03,7062.0,-0.13245
2024-05-27 13:08:04,7063.0,-0.13245
2024-05-27 13:08:05,7064.0,-0.13245
2024-05-27 13:08:06,7065.0,-0.13245
2024-05-27 13:08:07,7066.0,-0.13245
2024-05-27 13:08:08,7067.0,-0.13245
2024-05-27 13:08:09,7068.0,-0.13245
2024-05-27 13:08:10,7069.0,-0.13245
2024-05-27 13:08:11,7070.0,-0.13245
2024-05-27 13:08:12,7071.0,-0.13245
2024-05-27 13:08:13,7072.0,-0.13245
2024-05-27 13:08:14,7073.0,-0.13245
2024-05-27 13:08:15,7074.0,-0.13245
2024-05-27 13:08:16,7075.0,-0.13245
2024-05-27 13:08:17,7076.0,-0.13245
2024-05-27 13:08:18,7077.0,-0.13245
2024-05-27 13:08:19,7078.0,-0.13245
2024-05-27 13:08:20,7079.0,-0.13245
2024-05-27 13:08:21,7080.0,-0.13245
2024-05-27 13:08:22,7081.0,-0.13245181540740741
2024-05-27 13:08:23,7082.0,-0.1324570965925926
2024-05-27 13:08:24,7083.0,-0.13246559600000002
2024-05-27 13:08:25,7084.0,-0.13247706607407408
2024-05-27 13:08:26,7085.0,-0.13249125925925925
2024-05-27 13:08:27,7086.0,-0.13250792800000002
2024-05-27 13:08:28,7087.0,-0.13252682474074073
2024-05-27 13:08:29,7088.0,-0.13254770192592594
2024-05-27 13:08:30,7089.0,-0.13257031200000002
2024-05-27 13:08:31,7090.0,-0.1325944074074074
2024-05-27 13:08:32,7091.0,-0.1326197405925926
2024-05-27 13:08:33,7092.0,-0.132646064
2024-05-27 13:08:34,7093.0,-0.13267313007407408
2024-05-27 13:08:35,7094.0,-0.13270069125925926
2024-05-27 13:08:36,7095.0,-0.1327285
2024-05-27 13:08:37,7096.0,-0.13275630874074076
2024-05-27 13:08:38,7097.0,-0.13278386992592595
2024-05-27 13:08:39,7098.0,-0.13281093600000002
2024-05-27 13:08:40,7099.0,-0.13283725940740743
2024-05-27 13:08:41,7100.0,-0.13286259259259262
2024-05-27 13:08:42,7101.0,-0.13288668800000003
2024-05-27 13:08:43,7102.0,-0.1329092980740741
2024-05-27 13:08:44,7103.0,-0.13293017525925926
2024-05-27 13:08:45,7104.0,-0.132949072
2024-05-27 13:08:46,7105.0,-0.13296574074074075
2024-05-27 13:08:47,7106.0,-0.13297993392592594
2024-05-27 13:08:48,7107.0,-0.132991404
2024-05-27 13:08:49,7108.0,-0.13299990340740744
2024-05-27 13:08:50,7109.0,-0.1330051845925926
2024-05-27 13:08:51,7110.0,-0.13300700000000001
2024-05-27 13:08:52,7111.0,-0.13300563627010786
2024-05-27 13:08:53,7112.0,-0.13300163954125946
2024-05-27 13:08:54,7113.0,-0.13299515150469685
2024-05-27 13:08:55,7114.0,-0.1329863138516621
2024-05-27 13:08:56,7115.0,-0.13297526827339726
2024-05-27 13:08:57,7116.0,-0.13296215646114434
2024-05-27 13:08:58,7117.0,-0.13294712010614543
2024-05-27 13:08:59,7118.0,-0.1329303008996426
2024-05-27 13:09:00,7119.0,-0.13291184053287788
2024-05-27 13:09:01,7120.0,-0.13289188069709335
2024-05-27 13:09:02,7121.0,-0.13287056308353104
2024-05-27 13:09:03,7122.0,-0.132848029383433
2024-05-27 13:09:04,7123.0,-0.13282442128804126
2024-05-27 13:09:05,7124.0,-0.13279988048859792
2024-05-27 13:09:06,7125.0,-0.13277454867634503
2024-05-27 13:09:07,7126.0,-0.1327485675425246
2024-05-27 13:09:08,7127.0,-0.13272207877837872
2024-05-27 13:09:09,7128.0,-0.13269522407514947
2024-05-27 13:09:10,7129.0,-0.13266814512407885
2024-05-27 13:09:11,7130.0,-0.13264098361640891
2024-05-27 13:09:12,7131.0,-0.13261388124338175
2024-05-27 13:09:13,7132.0,-0.13258697969623937
2024-05-27 13:09:14,7133.0,-0.1325604206662239
2024-05-27 13:09:15,7134.0,-0.1325343458445773
2024-05-27 13:09:16,7135.0,-0.1325088969225417
2024-05-27 13:09:17,7136.0,-0.13248421559135912
2024-05-27 13:09:18,7137.0,-0.13246044354227157
2024-05-27 13:09:19,7138.0,-0.1324377224665212
2024-05-27 13:09:20,7139.0,-0.13241619405534996
2024-05-27 13:09:21,7140.0,-0.132396
2024-05-27 13:09:22,7141.0,-0.13237657257235824
2024-05-27 13:09:23,7142.0,-0.13235724611865077
2024-05-27 13:09:24,7143.0,-0.13233801544162827
2024-05-27 13:09:25,7144.0,-0.13231887534404146
2024-05-27 13:09:26,7145.0,-0.132299820628641
2024-05-27 13:09:27,7146.0,-0.13228084609817767
2024-05-27 13:09:28,7147.0,-0.13226194655540205
2024-05-27 13:09:29,7148.0,-0.13224311680306497
2024-05-27 13:09:30,7149.0,-0.13222435164391702
2024-05-27 13:09:31,7150.0,-0.13220564588070902
2024-05-27 13:09:32,7151.0,-0.13218699431619155
2024-05-27 13:09:33,7152.0,-0.13216839175311532
2024-05-27 13:09:34,7153.0,-0.1321498329942311
2024-05-27 13:09:35,7154.0,-0.13213131284228957
2024-05-27 13:09:36,7155.0,-0.1321128261000414
2024-05-27 13:09:37,7156.0,-0.13209436757023732
2024-05-27 13:09:38,7157.0,-0.13207593205562804
2024-05-27 13:09:39,7158.0,-0.1320575143589642
2024-05-27 13:09:40,7159.0,-0.13203910928299653
2024-05-27 13:09:41,7160.0,-0.13202071163047574
2024-05-27 13:09:42,7161.0,-0.13200231620415254
2024-05-27 13:09:43,7162.0,-0.1319839178067776
2024-05-27 13:09:44,7163.0,-0.13196551124110167
2024-05-27 13:09:45,7164.0,-0.13194709130987536
2024-05-27 13:09:46,7165.0,-0.13192865281584945
2024-05-27 13:09:47,7166.0,-0.1319101905617746
2024-05-27 13:09:48,7167.0,-0.13189169935040157
2024-05-27 13:09:49,7168.0,-0.13187317398448095
2024-05-27 13:09:50,7169.0,-0.13185460926676357
2024-05-27 13:09:51,7170.0,-0.131836
2024-05-27 13:09:52,7171.0,-0.1318167695742397
2024-05-27 13:09:53,7172.0,-0.1317964273631485
2024-05-27 13:09:54,7173.0,-0.13177509714490163
2024-05-27 13:09:55,7174.0,-0.13175290269767442
2024-05-27 13:09:56,7175.0,-0.13172996779964224
2024-05-27 13:09:57,7176.0,-0.13170641622898033
2024-05-27 13:09:58,7177.0,-0.13168237176386402
2024-05-27 13:09:59,7178.0,-0.1316579581824687
2024-05-27 13:10:00,7179.0,-0.13163329926296957
2024-05-27 13:10:01,7180.0,-0.13160851878354204
2024-05-27 13:10:02,7181.0,-0.13158374052236138
2024-05-27 13:10:03,7182.0,-0.13155908825760287
2024-05-27 13:10:04,7183.0,-0.13153468576744187
2024-05-27 13:10:05,7184.0,-0.1315106568300537
2024-05-27 13:10:06,7185.0,-0.1314871252236136
2024-05-27 13:10:07,7186.0,-0.13146421472629696
2024-05-27 13:10:08,7187.0,-0.1314420491162791
2024-05-27 13:10:09,7188.0,-0.13142075217173524
2024-05-27 13:10:10,7189.0,-0.13140044767084078
2024-05-27 13:10:11,7190.0,-0.13138125939177103
2024-05-27 13:10:12,7191.0,-0.13136331111270125
2024-05-27 13:10:13,7192.0,-0.1313467266118068
2024-05-27 13:10:14,7193.0,-0.131331629667263
2024-05-27 13:10:15,7194.0,-0.13131814405724507
2024-05-27 13:10:16,7195.0,-0.13130639355992846
2024-05-27 13:10:17,7196.0,-0.13129650195348835
2024-05-27 13:10:18,7197.0,-0.13128859301610019
2024-05-27 13:10:19,7198.0,-0.1312827905259392
2024-05-27 13:10:20,7199.0,-0.1312792182611807
2024-05-27 13:10:21,7200.0,-0.131278
2024-05-27 13:10:22,7201.0,-0.13128164385185187
2024-05-27 13:10:23,7202.0,-0.13129224414814816
2024-05-27 13:10:24,7203.0,-0.13130930400000002
2024-05-27 13:10:25,7204.0,-0.13133232651851853
2024-05-27 13:10:26,7205.0,-0.13136081481481482
2024-05-27 13:10:27,7206.0,-0.131394272
2024-05-27 13:10:28,7207.0,-0.1314322011851852
2024-05-27 13:10:29,7208.0,-0.13147410548148147
2024-05-27 13:10:30,7209.0,-0.13151948800000002
2024-05-27 13:10:31,7210.0,-0.13156785185185185
2024-05-27 13:10:32,7211.0,-0.13161870014814814
2024-05-27 13:10:33,7212.0,-0.131671536
2024-05-27 13:10:34,7213.0,-0.13172586251851853
2024-05-27 13:10:35,7214.0,-0.13178118281481482
2024-05-27 13:10:36,7215.0,-0.13183700000000004
2024-05-27 13:10:37,7216.0,-0.1318928171851852
2024-05-27 13:10:38,7217.0,-0.13194813748148151
2024-05-27 13:10:39,7218.0,-0.132002464
2024-05-27 13:10:40,7219.0,-0.13205529985185185
2024-05-27 13:10:41,7220.0,-0.13210614814814814
2024-05-27 13:10:42,7221.0,-0.132154512
2024-05-27 13:10:43,7222.0,-0.13219989451851855
2024-05-27 13:10:44,7223.0,-0.13224179881481482
2024-05-27 13:10:45,7224.0,-0.132279728
2024-05-27 13:10:46,7225.0,-0.1323131851851852
2024-05-27 13:10:47,7226.0,-0.1323416734814815
2024-05-27 13:10:48,7227.0,-0.132364696
2024-05-27 13:10:49,7228.0,-0.13238175585185186
2024-05-27 13:10:50,7229.0,-0.13239235614814815
2024-05-27 13:10:51,7230.0,-0.132396
2024-05-27 13:10:52,7231.0,-0.13239053422222224
2024-05-27 13:10:53,7232.0,-0.1323746337777778
2024-05-27 13:10:54,7233.0,-0.13234904400000003
2024-05-27 13:10:55,7234.0,-0.13231451022222224
2024-05-27 13:10:56,7235.0,-0.1322717777777778
2024-05-27 13:10:57,7236.0,-0.13222159200000003
2024-05-27 13:10:58,7237.0,-0.13216469822222224
2024-05-27 13:10:59,7238.0,-0.13210184177777778
2024-05-27 13:11:00,7239.0,-0.132033768
2024-05-27 13:11:01,7240.0,-0.13196122222222223
2024-05-27 13:11:02,7241.0,-0.1318849497777778
2024-05-27 13:11:03,7242.0,-0.13180569600000003
2024-05-27 13:11:04,7243.0,-0.13172420622222222
2024-05-27 13:11:05,7244.0,-0.1316412257777778
2024-05-27 13:11:06,7245.0,-0.13155750000000002
2024-05-27 13:11:07,7246.0,-0.13147377422222223
2024-05-27 13:11:08,7247.0,-0.1313907937777778
2024-05-27 13:11:09,7248.0,-0.13130930400000002
2024-05-27 13:11:10,7249.0,-0.13123005022222223
2024-05-27 13:11:11,7250.0,-0.13115377777777779
2024-05-27 13:11:12,7251.0,-0.13108123200000002
2024-05-27 13:11:13,7252.0,-0.13101315822222223
2024-05-27 13:11:14,7253.0,-0.13095030177777778
2024-05-27 13:11:15,7254.0,-0.130893408
2024-05-27 13:11:16,7255.0,-0.13084322222222222
2024-05-27 13:11:17,7256.0,-0.13080048977777778
2024-05-27 13:11:18,7257.0,-0.13076595600000002
2024-05-27 13:11:19,7258.0,-0.1307403662222222
2024-05-27 13:11:20,7259.0,-0.1307244657777778
2024-05-27 13:11:21,7260.0,-0.130719
2024-05-27 13:11:22,7261.0,-0.13072446577777777
2024-05-27 13:11:23,7262.0,-0.1307403662222222
2024-05-27 13:11:24,7263.0,-0.130765956
2024-05-27 13:11:25,7264.0,-0.13080048977777778
2024-05-27 13:11:26,7265.0,-0.13084322222222222
2024-05-27 13:11:27,7266.0,-0.130893408
2024-05-27 13:11:28,7267.0,-0.13095030177777778
2024-05-27 13:11:29,7268.0,-0.13101315822222223
2024-05-27 13:11:30,7269.0,-0.13108123200000002
2024-05-27 13:11:31,7270.0,-0.13115377777777779
2024-05-27 13:11:32,7271.0,-0.13123005022222223
2024-05-27 13:11:33,7272.0,-0.131309304
2024-05-27 13:11:34,7273.0,-0.1313907937777778
2024-05-27 13:11:35,7274.0,-0.13147377422222223
2024-05-27 13:11:36,7275.0,-0.1315575
2024-05-27 13:11:37,7276.0,-0.1316412257777778
2024-05-27 13:11:38,7277.0,-0.13172420622222222
2024-05-27 13:11:39,7278.0,-0.131805696
2024-05-27 13:11:40,7279.0,-0.1318849497777778
2024-05-27 13:11:41,7280.0,-0.13196122222222223
2024-05-27 13:11:42,7281.0,-0.132033768
2024-05-27 13:11:43,7282.0,-0.13210184177777778
2024-05-27 13:11:44,7283.0,-0.13216469822222224
2024-05-27 13:11:45,7284.0,-0.13222159200000003
2024-05-27 13:11:46,7285.0,-0.1322717777777778
2024-05-27 13:11:47,7286.0,-0.13231451022222224
2024-05-27 13:11:48,7287.0,-0.132349044
2024-05-27 13:11:49,7288.0,-0.1323746337777778
2024-05-27 13:11:50,7289.0,-0.13239053422222222
2024-05-27 13:11:51,7290.0,-0.132396
2024-05-27 13:11:52,7291.0,-0.13239598044444448
2024-05-27 13:11:53,7292.0,-0.13239592355555554
2024-05-27 13:11:54,7293.0,-0.13239583200000002
2024-05-27 13:11:55,7294.0,-0.13239570844444445
2024-05-27 13:11:56,7295.0,-0.13239555555555554
2024-05-27 13:11:57,7296.0,-0.132395376
2024-05-27 13:11:58,7297.0,-0.13239517244444446
2024-05-27 13:11:59,7298.0,-0.1323949475555556
2024-05-27 13:12:00,7299.0,-0.132394704
2024-05-27 13:12:01,7300.0,-0.13239444444444445
2024-05-27 13:12:02,7301.0,-0.13239417155555558
2024-05-27 13:12:03,7302.0,-0.13239388800000002
2024-05-27 13:12:04,7303.0,-0.13239359644444446
2024-05-27 13:12:05,7304.0,-0.1323932995555556
2024-05-27 13:12:06,7305.0,-0.13239299999999998
2024-05-27 13:12:07,7306.0,-0.13239270044444446
2024-05-27 13:12:08,7307.0,-0.13239240355555557
2024-05-27 13:12:09,7308.0,-0.132392112
2024-05-27 13:12:10,7309.0,-0.13239182844444447
2024-05-27 13:12:11,7310.0,-0.13239155555555557
2024-05-27 13:12:12,7311.0,-0.132391296
2024-05-27 13:12:13,7312.0,-0.13239105244444446
2024-05-27 13:12:14,7313.0,-0.13239082755555556
2024-05-27 13:12:15,7314.0,-0.132390624
2024-05-27 13:12:16,7315.0,-0.13239044444444445
2024-05-27 13:12:17,7316.0,-0.13239029155555557
2024-05-27 13:12:18,7317.0,-0.132390168
2024-05-27 13:12:19,7318.0,-0.13239007644444445
2024-05-27 13:12:20,7319.0,-0.13239001955555554
2024-05-27 13:12:21,7320.0,-0.13239
2024-05-27 13:12:22,7321.0,-0.13239365037037037
2024-05-27 13:12:23,7322.0,-0.13240426962962965
2024-05-27 13:12:24,7323.0,-0.13242136000000002
2024-05-27 13:12:25,7324.0,-0.1324444237037037
2024-05-27 13:12:26,7325.0,-0.13247296296296296
2024-05-27 13:12:27,7326.0,-0.13250648
2024-05-27 13:12:28,7327.0,-0.13254447703703703
2024-05-27 13:12:29,7328.0,-0.1325864562962963
2024-05-27 13:12:30,7329.0,-0.13263192000000001
2024-05-27 13:12:31,7330.0,-0.1326803703703704
2024-05-27 13:12:32,7331.0,-0.13273130962962965
2024-05-27 13:12:33,7332.0,-0.13278424
2024-05-27 13:12:34,7333.0,-0.1328386637037037
2024-05-27 13:12:35,7334.0,-0.13289408296296298
2024-05-27 13:12:36,7335.0,-0.13295
2024-05-27 13:12:37,7336.0,-0.13300591703703707
2024-05-27 13:12:38,7337.0,-0.1330613362962963
2024-05-27 13:12:39,7338.0,-0.13311576
2024-05-27 13:12:40,7339.0,-0.13316869037037038
2024-05-27 13:12:41,7340.0,-0.13321962962962963
2024-05-27 13:12:42,7341.0,-0.13326808
2024-05-27 13:12:43,7342.0,-0.1333135437037037
2024-05-27 13:12:44,7343.0,-0.13335552296296296
2024-05-27 13:12:45,7344.0,-0.13339352000000002
2024-05-27 13:12:46,7345.0,-0.13342703703703707
2024-05-27 13:12:47,7346.0,-0.1334555762962963
2024-05-27 13:12:48,7347.0,-0.13347864
2024-05-27 13:12:49,7348.0,-0.13349573037037038
2024-05-27 13:12:50,7349.0,-0.13350634962962965
2024-05-27 13:12:51,7350.0,-0.13351000000000002
2024-05-27 13:12:52,7351.0,-0.13350716877137986
2024-05-27 13:12:53,7352.0,-0.13349889487184258
2024-05-27 13:12:54,7353.0,-0.1334855079808727
2024-05-27 13:12:55,7354.0,-0.13346733777795491
2024-05-27 13:12:56,7355.0,-0.1334447139425738
2024-05-27 13:12:57,7356.0,-0.133417966154214
2024-05-27 13:12:58,7357.0,-0.13338742409236015
2024-05-27 13:12:59,7358.0,-0.13335341743649687
2024-05-27 13:13:00,7359.0,-0.1333162758661088
2024-05-27 13:13:01,7360.0,-0.13327632906068054
2024-05-27 13:13:02,7361.0,-0.13323390669969673
2024-05-27 13:13:03,7362.0,-0.13318933846264197
2024-05-27 13:13:04,7363.0,-0.13314295402900092
2024-05-27 13:13:05,7364.0,-0.13309508307825818
2024-05-27 13:13:06,7365.0,-0.1330460552898984
2024-05-27 13:13:07,7366.0,-0.13299620034340617
2024-05-27 13:13:08,7367.0,-0.13294584791826614
2024-05-27 13:13:09,7368.0,-0.13289532769396298
2024-05-27 13:13:10,7369.0,-0.13284496934998122
2024-05-27 13:13:11,7370.0,-0.1327951025658055
2024-05-27 13:13:12,7371.0,-0.13274605702092052
2024-05-27 13:13:13,7372.0,-0.13269816239481086
2024-05-27 13:13:14,7373.0,-0.13265174836696111
2024-05-27 13:13:15,7374.0,-0.13260714461685597
2024-05-27 13:13:16,7375.0,-0.13256468082398
2024-05-27 13:13:17,7376.0,-0.13252468666781786
2024-05-27 13:13:18,7377.0,-0.13248749182785416
2024-05-27 13:13:19,7378.0,-0.13245342598357354
2024-05-27 13:13:20,7379.0,-0.13242281881446064
2024-05-27 13:13:21,7380.0,-0.132396
2024-05-27 13:13:22,7381.0,-0.1323709900744283
2024-05-27 13:13:23,7382.0,-0.13234564512753758
2024-05-27 13:13:24,7383.0,-0.13232004817214585
2024-05-27 13:13:25,7384.0,-0.13229428222107106
2024-05-27 13:13:26,7385.0,-0.13226843028713114
2024-05-27 13:13:27,7386.0,-0.13224257538314405
2024-05-27 13:13:28,7387.0,-0.1322168005219278
2024-05-27 13:13:29,7388.0,-0.1321911887163003
2024-05-27 13:13:30,7389.0,-0.1321658229790795
2024-05-27 13:13:31,7390.0,-0.1321407863230834
2024-05-27 13:13:32,7391.0,-0.13211616176112995
2024-05-27 13:13:33,7392.0,-0.13209203230603708
2024-05-27 13:13:34,7393.0,-0.13206848097062276
2024-05-27 13:13:35,7394.0,-0.13204559076770497
2024-05-27 13:13:36,7395.0,-0.13202344471010163
2024-05-27 13:13:37,7396.0,-0.1320021258106307
2024-05-27 13:13:38,7397.0,-0.1319817170821102
2024-05-27 13:13:39,7398.0,-0.13196230153735805
2024-05-27 13:13:40,7399.0,-0.1319439621891922
2024-05-27 13:13:41,7400.0,-0.1319267820504306
2024-05-27 13:13:42,7401.0,-0.13191084413389123
2024-05-27 13:13:43,7402.0,-0.13189623145239202
2024-05-27 13:13:44,7403.0,-0.13188302701875096
2024-05-27 13:13:45,7404.0,-0.13187131384578601
2024-05-27 13:13:46,7405.0,-0.1318611749463151
2024-05-27 13:13:47,7406.0,-0.13185269333315625
2024-05-27 13:13:48,7407.0,-0.13184595201912733
2024-05-27 13:13:49,7408.0,-0.13184103401704633
2024-05-27 13:13:50,7409.0,-0.13183802233973127
2024-05-27 13:13:51,7410.0,-0.131837
2024-05-27 13:13:52,7411.0,-0.1318382209819614
2024-05-27 13:13:53,7412.0,-0.1318418011870387
2024-05-27 13:13:54,7413.0,-0.13184761650402146
2024-05-27 13:13:55,7414.0,-0.13185554282169928
2024-05-27 13:13:56,7415.0,-0.13186545602886177
2024-05-27 13:13:57,7416.0,-0.1318772320142985
2024-05-27 13:13:58,7417.0,-0.13189074666679906
2024-05-27 13:13:59,7418.0,-0.13190587587515307
2024-05-27 13:14:00,7419.0,-0.13192249552815016
2024-05-27 13:14:01,7420.0,-0.13194048151457985
2024-05-27 13:14:02,7421.0,-0.13195970972323173
2024-05-27 13:14:03,7422.0,-0.13198005604289545
2024-05-27 13:14:04,7423.0,-0.13200139636236058
2024-05-27 13:14:05,7424.0,-0.1320236065704167
2024-05-27 13:14:06,7425.0,-0.13204656255585345
2024-05-27 13:14:07,7426.0,-0.13207014020746038
2024-05-27 13:14:08,7427.0,-0.13209421541402708
2024-05-27 13:14:09,7428.0,-0.13211866406434317
2024-05-27 13:14:10,7429.0,-0.13214336204719823
2024-05-27 13:14:11,7430.0,-0.13216818525138185
2024-05-27 13:14:12,7431.0,-0.13219300956568367
2024-05-27 13:14:13,7432.0,-0.1322177108788932
2024-05-27 13:14:14,7433.0,-0.1322421650798001
2024-05-27 13:14:15,7434.0,-0.13226624805719392
2024-05-27 13:14:16,7435.0,-0.13228983569986433
2024-05-27 13:14:17,7436.0,-0.13231280389660083
2024-05-27 13:14:18,7437.0,-0.13233502853619303
2024-05-27 13:14:19,7438.0,-0.1323563855074306
2024-05-27 13:14:20,7439.0,-0.13237675069910304
2024-05-27 13:14:21,7440.0,-0.132396
2024-05-27 13:14:22,7441.0,-0.13241525256015627
2024-05-27 13:14:23,7442.0,-0.13243562723331015
2024-05-27 13:14:24,7443.0,-0.13245699946380698
2024-05-27 13:14:25,7444.0,-0.13247924469599182
2024-05-27 13:14:26,7445.0,-0.1325022383742098
2024-05-27 13:14:27,7446.0,-0.13252585594280608
2024-05-27 13:14:28,7447.0,-0.13254997284612585
2024-05-27 13:14:29,7448.0,-0.1325744645285142
2024-05-27 13:14:30,7449.0,-0.13259920643431639
2024-05-27 13:14:31,7450.0,-0.1326240740078774
2024-05-27 13:14:32,7451.0,-0.13264894269354255
2024-05-27 13:14:33,7452.0,-0.13267368793565687
2024-05-27 13:14:34,7453.0,-0.13269818517856555
2024-05-27 13:14:35,7454.0,-0.1327223098666137
2024-05-27 13:14:36,7455.0,-0.1327459374441466
2024-05-27 13:14:37,7456.0,-0.13276894335550923
2024-05-27 13:14:38,7457.0,-0.13279120304504685
2024-05-27 13:14:39,7458.0,-0.13281259195710457
2024-05-27 13:14:40,7459.0,-0.13283298553602757
2024-05-27 13:14:41,7460.0,-0.13285225922616095
2024-05-27 13:14:42,7461.0,-0.1328702884718499
2024-05-27 13:14:43,7462.0,-0.13288694871743953
2024-05-27 13:14:44,7463.0,-0.132902115407275
2024-05-27 13:14:45,7464.0,-0.13291566398570154
2024-05-27 13:14:46,7465.0,-0.13292746989706422
2024-05-27 13:14:47,7466.0,-0.13293740858570816
2024-05-27 13:14:48,7467.0,-0.13294535549597858
2024-05-27 13:14:49,7468.0,-0.1329511860722206
2024-05-27 13:14:50,7469.0,-0.13295477575877937
2024-05-27 13:14:51,7470.0,-0.13295600000000002
2024-05-27 13:14:52,7471.0,-0.13295417481481484
2024-05-27 13:14:53,7472.0,-0.1329488651851852
2024-05-27 13:14:54,7473.0,-0.13294032
2024-05-27 13:14:55,7474.0,-0.13292878814814818
2024-05-27 13:14:56,7475.0,-0.13291451851851854
2024-05-27 13:14:57,7476.0,-0.13289776000000003
2024-05-27 13:14:58,7477.0,-0.13287876148148148
2024-05-27 13:14:59,7478.0,-0.13285777185185185
2024-05-27 13:15:00,7479.0,-0.13283504000000002
2024-05-27 13:15:01,7480.0,-0.13281081481481483
2024-05-27 13:15:02,7481.0,-0.1327853451851852
2024-05-27 13:15:03,7482.0,-0.13275888
2024-05-27 13:15:04,7483.0,-0.13273166814814816
2024-05-27 13:15:05,7484.0,-0.13270395851851854
2024-05-27 13:15:06,7485.0,-0.13267600000000002
2024-05-27 13:15:07,7486.0,-0.13264804148148152
2024-05-27 13:15:08,7487.0,-0.13262033185185185
2024-05-27 13:15:09,7488.0,-0.13259312
2024-05-27 13:15:10,7489.0,-0.13256665481481483
2024-05-27 13:15:11,7490.0,-0.1325411851851852
2024-05-27 13:15:12,7491.0,-0.13251696000000002
2024-05-27 13:15:13,7492.0,-0.13249422814814815
2024-05-27 13:15:14,7493.0,-0.13247323851851853
2024-05-27 13:15:15,7494.0,-0.13245424000000003
2024-05-27 13:15:16,7495.0,-0.1324374814814815
2024-05-27 13:15:17,7496.0,-0.13242321185185188
2024-05-27 13:15:18,7497.0,-0.13241168
2024-05-27 13:15:19,7498.0,-0.1324031348148148
2024-05-27 13:15:20,7499.0,-0.1323978251851852
2024-05-27 13:15:21,7500.0,-0.132396
2024-05-27 13:15:22,7501.0,-0.1323978251851852
2024-05-27 13:15:23,7502.0,-0.13240313481481483
2024-05-27 13:15:24,7503.0,-0.13241168000000003
2024-05-27 13:15:25,7504.0,-0.13242321185185185
2024-05-27 13:15:26,7505.0,-0.1324374814814815
2024-05-27 13:15:27,7506.0,-0.13245424
2024-05-27 13:15:28,7507.0,-0.13247323851851855
2024-05-27 13:15:29,7508.0,-0.13249422814814818
2024-05-27 13:15:30,7509.0,-0.13251696000000002
2024-05-27 13:15:31,7510.0,-0.1325411851851852
2024-05-27 13:15:32,7511.0,-0.13256665481481483
2024-05-27 13:15:33,7512.0,-0.13259312000000004
2024-05-27 13:15:34,7513.0,-0.13262033185185187
2024-05-27 13:15:35,7514.0,-0.1326480414814815
2024-05-27 13:15:36,7515.0,-0.13267600000000002
2024-05-27 13:15:37,7516.0,-0.13270395851851852
2024-05-27 13:15:38,7517.0,-0.13273166814814819
2024-05-27 13:15:39,7518.0,-0.13275888000000002
2024-05-27 13:15:40,7519.0,-0.1327853451851852
2024-05-27 13:15:41,7520.0,-0.13281081481481483
2024-05-27 13:15:42,7521.0,-0.13283504000000002
2024-05-27 13:15:43,7522.0,-0.13285777185185188
2024-05-27 13:15:44,7523.0,-0.1328787614814815
2024-05-27 13:15:45,7524.0,-0.13289776
2024-05-27 13:15:46,7525.0,-0.13291451851851854
2024-05-27 13:15:47,7526.0,-0.13292878814814815
2024-05-27 13:15:48,7527.0,-0.13294032000000003
2024-05-27 13:15:49,7528.0,-0.13294886518518523
2024-05-27 13:15:50,7529.0,-0.13295417481481484
2024-05-27 13:15:51,7530.0,-0.13295600000000002
2024-05-27 13:15:52,7531.0,-0.13295417481481484
2024-05-27 13:15:53,7532.0,-0.1329488651851852
2024-05-27 13:15:54,7533.0,-0.13294032
2024-05-27 13:15:55,7534.0,-0.13292878814814818
2024-05-27 13:15:56,7535.0,-0.13291451851851854
2024-05-27 13:15:57,7536.0,-0.13289776000000003
2024-05-27 13:15:58,7537.0,-0.13287876148148148
2024-05-27 13:15:59,7538.0,-0.13285777185185185
2024-05-27 13:16:00,7539.0,-0.13283504000000002
2024-05-27 13:16:01,7540.0,-0.13281081481481483
2024-05-27 13:16:02,7541.0,-0.1327853451851852
2024-05-27 13:16:03,7542.0,-0.13275888
2024-05-27 13:16:04,7543.0,-0.13273166814814816
2024-05-27 13:16:05,7544.0,-0.13270395851851854
2024-05-27 13:16:06,7545.0,-0.13267600000000002
2024-05-27 13:16:07,7546.0,-0.13264804148148152
2024-05-27 13:16:08,7547.0,-0.13262033185185185
2024-05-27 13:16:09,7548.0,-0.13259312
2024-05-27 13:16:10,7549.0,-0.13256665481481483
2024-05-27 13:16:11,7550.0,-0.1325411851851852
2024-05-27 13:16:12,7551.0,-0.13251696000000002
2024-05-27 13:16:13,7552.0,-0.13249422814814815
2024-05-27 13:16:14,7553.0,-0.13247323851851853
2024-05-27 13:16:15,7554.0,-0.13245424000000003
2024-05-27 13:16:16,7555.0,-0.1324374814814815
2024-05-27 13:16:17,7556.0,-0.13242321185185188
2024-05-27 13:16:18,7557.0,-0.13241168
2024-05-27 13:16:19,7558.0,-0.1324031348148148
2024-05-27 13:16:20,7559.0,-0.1323978251851852
2024-05-27 13:16:21,7560.0,-0.132396
2024-05-27 13:16:22,7561.0,-0.1323978251851852
2024-05-27 13:16:23,7562.0,-0.13240313481481483
2024-05-27 13:16:24,7563.0,-0.13241168000000003
2024-05-27 13:16:25,7564.0,-0.13242321185185185
2024-05-27 13:16:26,7565.0,-0.1324374814814815
2024-05-27 13:16:27,7566.0,-0.13245424
2024-05-27 13:16:28,7567.0,-0.13247323851851855
2024-05-27 13:16:29,7568.0,-0.13249422814814818
2024-05-27 13:16:30,7569.0,-0.13251696000000002
2024-05-27 13:16:31,7570.0,-0.1325411851851852
2024-05-27 13:16:32,7571.0,-0.13256665481481483
2024-05-27 13:16:33,7572.0,-0.13259312000000004
2024-05-27 13:16:34,7573.0,-0.13262033185185187
2024-05-27 13:16:35,7574.0,-0.1326480414814815
2024-05-27 13:16:36,7575.0,-0.13267600000000002
2024-05-27 13:16:37,7576.0,-0.13270395851851852
2024-05-27 13:16:38,7577.0,-0.13273166814814819
2024-05-27 13:16:39,7578.0,-0.13275888000000002
2024-05-27 13:16:40,7579.0,-0.1327853451851852
2024-05-27 13:16:41,7580.0,-0.13281081481481483
2024-05-27 13:16:42,7581.0,-0.13283504000000002
2024-05-27 13:16:43,7582.0,-0.13285777185185188
2024-05-27 13:16:44,7583.0,-0.1328787614814815
2024-05-27 13:16:45,7584.0,-0.13289776
2024-05-27 13:16:46,7585.0,-0.13291451851851854
2024-05-27 13:16:47,7586.0,-0.13292878814814815
2024-05-27 13:16:48,7587.0,-0.13294032000000003
2024-05-27 13:16:49,7588.0,-0.13294886518518523
2024-05-27 13:16:50,7589.0,-0.13295417481481484
2024-05-27 13:16:51,7590.0,-0.13295600000000002
2024-05-27 13:16:52,7591.0,-0.13295600000000002
2024-05-27 13:16:53,7592.0,-0.13295600000000002
2024-05-27 13:16:54,7593.0,-0.13295600000000002
2024-05-27 13:16:55,7594.0,-0.13295600000000002
2024-05-27 13:16:56,7595.0,-0.13295600000000002
2024-05-27 13:16:57,7596.0,-0.13295600000000002
2024-05-27 13:16:58,7597.0,-0.13295600000000002
2024-05-27 13:16:59,7598.0,-0.13295600000000002
2024-05-27 13:17:00,7599.0,-0.13295600000000002
2024-05-27 13:17:01,7600.0,-0.13295600000000002
2024-05-27 13:17:02,7601.0,-0.13295600000000002
2024-05-27 13:17:03,7602.0,-0.13295600000000002
2024-05-27 13:17:04,7603.0,-0.13295600000000002
2024-05-27 13:17:05,7604.0,-0.13295600000000002
2024-05-27 13:17:06,7605.0,-0.13295600000000002
2024-05-27 13:17:07,7606.0,-0.13295600000000002
2024-05-27 13:17:08,7607.0,-0.13295600000000002
2024-05-27 13:17:09,7608.0,-0.13295600000000002
2024-05-27 13:17:10,7609.0,-0.13295600000000002
2024-05-27 13:17:11,7610.0,-0.13295600000000002
2024-05-27 13:17:12,7611.0,-0.13295600000000002
2024-05-27 13:17:13,7612.0,-0.13295600000000002
2024-05-27 13:17:14,7613.0,-0.13295600000000002
2024-05-27 13:17:15,7614.0,-0.13295600000000002
2024-05-27 13:17:16,7615.0,-0.13295600000000002
2024-05-27 13:17:17,7616.0,-0.13295600000000002
2024-05-27 13:17:18,7617.0,-0.13295600000000002
2024-05-27 13:17:19,7618.0,-0.13295600000000002
2024-05-27 13:17:20,7619.0,-0.13295600000000002
2024-05-27 13:17:21,7620.0,-0.13295600000000002
2024-05-27 13:17:22,7621.0,-0.13295477468085815
2024-05-27 13:17:23,7622.0,-0.1329511819092145
2024-05-27 13:17:24,7623.0,-0.13294534646374218
2024-05-27 13:17:25,7624.0,-0.13293739312311417
2024-05-27 13:17:26,7625.0,-0.13292744666600353
2024-05-27 13:17:27,7626.0,-0.13291563187108327
2024-05-27 13:17:28,7627.0,-0.13290207351702646
2024-05-27 13:17:29,7628.0,-0.1328868963825061
2024-05-27 13:17:30,7629.0,-0.13287022524619518
2024-05-27 13:17:31,7630.0,-0.1328521848867668
2024-05-27 13:17:32,7631.0,-0.132832900082894
2024-05-27 13:17:33,7632.0,-0.13281249561324981
2024-05-27 13:17:34,7633.0,-0.13279109625650717
2024-05-27 13:17:35,7634.0,-0.13276882679133925
2024-05-27 13:17:36,7635.0,-0.132745811996419
2024-05-27 13:17:37,7636.0,-0.13272217665041947
2024-05-27 13:17:38,7637.0,-0.13269804553201367
2024-05-27 13:17:39,7638.0,-0.13267354341987467
2024-05-27 13:17:40,7639.0,-0.13264879509267552
2024-05-27 13:17:41,7640.0,-0.13262392532908918
2024-05-27 13:17:42,7641.0,-0.13259905890778872
2024-05-27 13:17:43,7642.0,-0.13257432060744723
2024-05-27 13:17:44,7643.0,-0.13254983520673763
2024-05-27 13:17:45,7644.0,-0.13252572748433306
2024-05-27 13:17:46,7645.0,-0.13250212221890648
2024-05-27 13:17:47,7646.0,-0.13247914418913095
2024-05-27 13:17:48,7647.0,-0.1324569181736795
2024-05-27 13:17:49,7648.0,-0.13243556895122519
2024-05-27 13:17:50,7649.0,-0.132415221300441
2024-05-27 13:17:51,7650.0,-0.132396
2024-05-27 13:17:52,7651.0,-0.13237678847733678
2024-05-27 13:17:53,7652.0,-0.13235646927099706
2024-05-27 13:17:54,7653.0,-0.13233516582632052
2024-05-27 13:17:55,7654.0,-0.13231300158864684
2024-05-27 13:17:56,7655.0,-0.13229010000331576
2024-05-27 13:17:57,7656.0,-0.13226658451566697
2024-05-27 13:17:58,7657.0,-0.13224257857104016
2024-05-27 13:17:59,7658.0,-0.13221820561477504
2024-05-27 13:18:00,7659.0,-0.1321935890922113
2024-05-27 13:18:01,7660.0,-0.13216885244868862
2024-05-27 13:18:02,7661.0,-0.13214411912954674
2024-05-27 13:18:03,7662.0,-0.13211951258012533
2024-05-27 13:18:04,7663.0,-0.13209515624576412
2024-05-27 13:18:05,7664.0,-0.13207117357180279
2024-05-27 13:18:06,7665.0,-0.13204768800358105
2024-05-27 13:18:07,7666.0,-0.13202482298643856
2024-05-27 13:18:08,7667.0,-0.13200270196571504
2024-05-27 13:18:09,7668.0,-0.13198144838675022
2024-05-27 13:18:10,7669.0,-0.13196118569488377
2024-05-27 13:18:11,7670.0,-0.13194203733545543
2024-05-27 13:18:12,7671.0,-0.13192412675380485
2024-05-27 13:18:13,7672.0,-0.13190757739527173
2024-05-27 13:18:14,7673.0,-0.1318925127051958
2024-05-27 13:18:15,7674.0,-0.13187905612891673
2024-05-27 13:18:16,7675.0,-0.13186733111177426
2024-05-27 13:18:17,7676.0,-0.13185746109910806
2024-05-27 13:18:18,7677.0,-0.13184956953625784
2024-05-27 13:18:19,7678.0,-0.1318437798685633
2024-05-27 13:18:20,7679.0,-0.1318402155413641
2024-05-27 13:18:21,7680.0,-0.131839
2024-05-27 13:18:22,7681.0,-0.13184265964830844
2024-05-27 13:18:23,7682.0,-0.13185339051913747
2024-05-27 13:18:24,7683.0,-0.13187082050134288
2024-05-27 13:18:25,7684.0,-0.13189457748378042
2024-05-27 13:18:26,7685.0,-0.13192428935530578
2024-05-27 13:18:27,7686.0,-0.1319595840047747
2024-05-27 13:18:28,7687.0,-0.13200008932104293
2024-05-27 13:18:29,7688.0,-0.1320454331929662
2024-05-27 13:18:30,7689.0,-0.1320952435094002
2024-05-27 13:18:31,7690.0,-0.1321491481592007
2024-05-27 13:18:32,7691.0,-0.1322067750312234
2024-05-27 13:18:33,7692.0,-0.13226775201432409
2024-05-27 13:18:34,7693.0,-0.13233170699735844
2024-05-27 13:18:35,7694.0,-0.13239826786918224
2024-05-27 13:18:36,7695.0,-0.13246706251865115
2024-05-27 13:18:37,7696.0,-0.13253771883462095
2024-05-27 13:18:38,7697.0,-0.13260986470594735
2024-05-27 13:18:39,7698.0,-0.1326831280214861
2024-05-27 13:18:40,7699.0,-0.13275713667009295
2024-05-27 13:18:41,7700.0,-0.13283151854062358
2024-05-27 13:18:42,7701.0,-0.13290590152193374
2024-05-27 13:18:43,7702.0,-0.1329799135028792
2024-05-27 13:18:44,7703.0,-0.13305318237231561
2024-05-27 13:18:45,7704.0,-0.13312533601909876
2024-05-27 13:18:46,7705.0,-0.1331960023320844
2024-05-27 13:18:47,7706.0,-0.1332648092001282
2024-05-27 13:18:48,7707.0,-0.13333138451208593
2024-05-27 13:18:49,7708.0,-0.1333953561568133
2024-05-27 13:18:50,7709.0,-0.13345635202316608
2024-05-27 13:18:51,7710.0,-0.133514
2024-05-27 13:18:52,7711.0,-0.13357165123609316
2024-05-27 13:18:53,7712.0,-0.1336326565839274
2024-05-27 13:18:54,7713.0,-0.13369664348791407
2024-05-27 13:18:55,7714.0,-0.1337632393924644
2024-05-27 13:18:56,7715.0,-0.13383207174198966
2024-05-27 13:18:57,7716.0,-0.1339027679809012
2024-05-27 13:18:58,7717.0,-0.13397495555361028
2024-05-27 13:18:59,7718.0,-0.13404826190452823
2024-05-27 13:19:00,7719.0,-0.13412231447806625
2024-05-27 13:19:01,7720.0,-0.13419674071863566
2024-05-27 13:19:02,7721.0,-0.1342711680706478
2024-05-27 13:19:03,7722.0,-0.13434522397851387
2024-05-27 13:19:04,7723.0,-0.1344185358866452
2024-05-27 13:19:05,7724.0,-0.13449073123945313
2024-05-27 13:19:06,7725.0,-0.13456143748134886
2024-05-27 13:19:07,7726.0,-0.1346302820567437
2024-05-27 13:19:08,7727.0,-0.13469689241004898
2024-05-27 13:19:09,7728.0,-0.13476089598567592
2024-05-27 13:19:10,7729.0,-0.13482192022803585
2024-05-27 13:19:11,7730.0,-0.1348795925815401
2024-05-27 13:19:12,7731.0,-0.1349335404905998
2024-05-27 13:19:13,7732.0,-0.13498339139962642
2024-05-27 13:19:14,7733.0,-0.13502877275303116
2024-05-27 13:19:15,7734.0,-0.13506931199522532
2024-05-27 13:19:16,7735.0,-0.13510463657062016
2024-05-27 13:19:17,7736.0,-0.135134373923627
2024-05-27 13:19:18,7737.0,-0.13515815149865712
2024-05-27 13:19:19,7738.0,-0.1351755967401218
2024-05-27 13:19:20,7739.0,-0.13518633709243233
2024-05-27 13:19:21,7740.0,-0.13519
2024-05-27 13:19:22,7741.0,-0.13518271881481483
2024-05-27 13:19:23,7742.0,-0.1351615371851852
2024-05-27 13:19:24,7743.0,-0.135127448
2024-05-27 13:19:25,7744.0,-0.13508144414814816
2024-05-27 13:19:26,7745.0,-0.13502451851851854
2024-05-27 13:19:27,7746.0,-0.134957664
2024-05-27 13:19:28,7747.0,-0.13488187348148148
2024-05-27 13:19:29,7748.0,-0.13479813985185185
2024-05-27 13:19:30,7749.0,-0.134707456
2024-05-27 13:19:31,7750.0,-0.13461081481481482
2024-05-27 13:19:32,7751.0,-0.1345092091851852
2024-05-27 13:19:33,7752.0,-0.13440363200000002
2024-05-27 13:19:34,7753.0,-0.13429507614814815
2024-05-27 13:19:35,7754.0,-0.13418453451851856
2024-05-27 13:19:36,7755.0,-0.134073
2024-05-27 13:19:37,7756.0,-0.1339614654814815
2024-05-27 13:19:38,7757.0,-0.13385092385185185
2024-05-27 13:19:39,7758.0,-0.13374236800000003
2024-05-27 13:19:40,7759.0,-0.13363679081481483
2024-05-27 13:19:41,7760.0,-0.1335351851851852
2024-05-27 13:19:42,7761.0,-0.133438544
2024-05-27 13:19:43,7762.0,-0.13334786014814817
2024-05-27 13:19:44,7763.0,-0.13326412651851852
2024-05-27 13:19:45,7764.0,-0.13318833600000002
2024-05-27 13:19:46,7765.0,-0.1331214814814815
2024-05-27 13:19:47,7766.0,-0.1330645558518519
2024-05-27 13:19:48,7767.0,-0.133018552
2024-05-27 13:19:49,7768.0,-0.13298446281481482
2024-05-27 13:19:50,7769.0,-0.13296328118518522
2024-05-27 13:19:51,7770.0,-0.13295600000000002
2024-05-27 13:19:52,7771.0,-0.1329578251851852
2024-05-27 13:19:53,7772.0,-0.13296313481481484
2024-05-27 13:19:54,7773.0,-0.13297168000000004
2024-05-27 13:19:55,7774.0,-0.13298321185185186
2024-05-27 13:19:56,7775.0,-0.1329974814814815
2024-05-27 13:19:57,7776.0,-0.13301424
2024-05-27 13:19:58,7777.0,-0.13303323851851853
2024-05-27 13:19:59,7778.0,-0.13305422814814816
2024-05-27 13:20:00,7779.0,-0.13307696000000002
2024-05-27 13:20:01,7780.0,-0.1331011851851852
2024-05-27 13:20:02,7781.0,-0.13312665481481484
2024-05-27 13:20:03,7782.0,-0.13315312
2024-05-27 13:20:04,7783.0,-0.13318033185185185
2024-05-27 13:20:05,7784.0,-0.1332080414814815
2024-05-27 13:20:06,7785.0,-0.133236
2024-05-27 13:20:07,7786.0,-0.13326395851851855
2024-05-27 13:20:08,7787.0,-0.13329166814814816
2024-05-27 13:20:09,7788.0,-0.13331888000000003
2024-05-27 13:20:10,7789.0,-0.13334534518518518
2024-05-27 13:20:11,7790.0,-0.13337081481481483
2024-05-27 13:20:12,7791.0,-0.13339504
2024-05-27 13:20:13,7792.0,-0.13341777185185186
2024-05-27 13:20:14,7793.0,-0.13343876148148148
2024-05-27 13:20:15,7794.0,-0.13345775999999998
2024-05-27 13:20:16,7795.0,-0.13347451851851852
2024-05-27 13:20:17,7796.0,-0.13348878814814813
2024-05-27 13:20:18,7797.0,-0.13350032
2024-05-27 13:20:19,7798.0,-0.13350886518518518
2024-05-27 13:20:20,7799.0,-0.1335141748148148
2024-05-27 13:20:21,7800.0,-0.133516
2024-05-27 13:20:22,7801.0,-0.133516
2024-05-27 13:20:23,7802.0,-0.133516
2024-05-27 13:20:24,7803.0,-0.133516
2024-05-27 13:20:25,7804.0,-0.133516
2024-05-27 13:20:26,7805.0,-0.133516
2024-05-27 13:20:27,7806.0,-0.133516
2024-05-27 13:20:28,7807.0,-0.133516
2024-05-27 13:20:29,7808.0,-0.133516
2024-05-27 13:20:30,7809.0,-0.133516
2024-05-27 13:20:31,7810.0,-0.133516
2024-05-27 13:20:32,7811.0,-0.133516
2024-05-27 13:20:33,7812.0,-0.133516
2024-05-27 13:20:34,7813.0,-0.133516
2024-05-27 13:20:35,7814.0,-0.133516
2024-05-27 13:20:36,7815.0,-0.133516
2024-05-27 13:20:37,7816.0,-0.133516
2024-05-27 13:20:38,7817.0,-0.133516
2024-05-27 13:20:39,7818.0,-0.133516
2024-05-27 13:20:40,7819.0,-0.133516
2024-05-27 13:20:41,7820.0,-0.133516
2024-05-27 13:20:42,7821.0,-0.133516
2024-05-27 13:20:43,7822.0,-0.133516
2024-05-27 13:20:44,7823.0,-0.133516
2024-05-27 13:20:45,7824.0,-0.133516
2024-05-27 13:20:46,7825.0,-0.133516
2024-05-27 13:20:47,7826.0,-0.133516
2024-05-27 13:20:48,7827.0,-0.133516
2024-05-27 13:20:49,7828.0,-0.133516
2024-05-27 13:20:50,7829.0,-0.133516
2024-05-27 13:20:51,7830.0,-0.133516
2024-05-27 13:20:52,7831.0,-0.13351252562962965
2024-05-27 13:20:53,7832.0,-0.13350241837037036
2024-05-27 13:20:54,7833.0,-0.133486152
2024-05-27 13:20:55,7834.0,-0.1334642002962963
2024-05-27 13:20:56,7835.0,-0.13343703703703702
2024-05-27 13:20:57,7836.0,-0.13340513599999998
2024-05-27 13:20:58,7837.0,-0.13336897096296296
2024-05-27 13:20:59,7838.0,-0.1333290157037037
2024-05-27 13:21:00,7839.0,-0.133285744
2024-05-27 13:21:01,7840.0,-0.13323962962962965
2024-05-27 13:21:02,7841.0,-0.13319114637037038
2024-05-27 13:21:03,7842.0,-0.13314076800000002
2024-05-27 13:21:04,7843.0,-0.1330889682962963
2024-05-27 13:21:05,7844.0,-0.13303622103703705
2024-05-27 13:21:06,7845.0,-0.13298300000000002
2024-05-27 13:21:07,7846.0,-0.13292977896296296
2024-05-27 13:21:08,7847.0,-0.1328770317037037
2024-05-27 13:21:09,7848.0,-0.13282523200000002
2024-05-27 13:21:10,7849.0,-0.13277485362962965
2024-05-27 13:21:11,7850.0,-0.13272637037037038
2024-05-27 13:21:12,7851.0,-0.132680256
2024-05-27 13:21:13,7852.0,-0.1326369842962963
2024-05-27 13:21:14,7853.0,-0.13259702903703705
2024-05-27 13:21:15,7854.0,-0.132560864
2024-05-27 13:21:16,7855.0,-0.13252896296296296
2024-05-27 13:21:17,7856.0,-0.1325017997037037
2024-05-27 13:21:18,7857.0,-0.132479848
2024-05-27 13:21:19,7858.0,-0.13246358162962962
2024-05-27 13:21:20,7859.0,-0.1324534743703704
2024-05-27 13:21:21,7860.0,-0.13245
2024-05-27 13:21:22,7861.0,-0.13245164277872373
2024-05-27 13:21:23,7862.0,-0.13245642207261882
2024-05-27 13:21:24,7863.0,-0.13246411431827113
2024-05-27 13:21:25,7864.0,-0.13247449595226662
2024-05-27 13:21:26,7865.0,-0.13248734341119117
2024-05-27 13:21:27,7866.0,-0.13250243313163068
2024-05-27 13:21:28,7867.0,-0.132519541550171
2024-05-27 13:21:29,7868.0,-0.1325384451033981
2024-05-27 13:21:30,7869.0,-0.13255892022789786
2024-05-27 13:21:31,7870.0,-0.13258074336025616
2024-05-27 13:21:32,7871.0,-0.13260369093705887
2024-05-27 13:21:33,7872.0,-0.13262753939489197
2024-05-27 13:21:34,7873.0,-0.13265206517034128
2024-05-27 13:21:35,7874.0,-0.13267704469999272
2024-05-27 13:21:36,7875.0,-0.13270225442043224
2024-05-27 13:21:37,7876.0,-0.13272747076824568
2024-05-27 13:21:38,7877.0,-0.13275247018001893
2024-05-27 13:21:39,7878.0,-0.13277702909233793
2024-05-27 13:21:40,7879.0,-0.13280092394178858
2024-05-27 13:21:41,7880.0,-0.13282393116495672
2024-05-27 13:21:42,7881.0,-0.13284582719842833
2024-05-27 13:21:43,7882.0,-0.13286638847878923
2024-05-27 13:21:44,7883.0,-0.13288539144262537
2024-05-27 13:21:45,7884.0,-0.1329026125265226
2024-05-27 13:21:46,7885.0,-0.1329178281670669
2024-05-27 13:21:47,7886.0,-0.1329308148008441
2024-05-27 13:21:48,7887.0,-0.1329413488644401
2024-05-27 13:21:49,7888.0,-0.13294920679444083
2024-05-27 13:21:50,7889.0,-0.13295416502743215
2024-05-27 13:21:51,7890.0,-0.13295600000000002
2024-05-27 13:21:52,7891.0,-0.13295618915220353
2024-05-27 13:21:53,7892.0,-0.13295635984568469
2024-05-27 13:21:54,7893.0,-0.13295651339940356
2024-05-27 13:21:55,7894.0,-0.13295665113232039
2024-05-27 13:21:56,7895.0,-0.1329567743633952
2024-05-27 13:21:57,7896.0,-0.13295688441158818
2024-05-27 13:21:58,7897.0,-0.13295698259585942
2024-05-27 13:21:59,7898.0,-0.13295707023516906
2024-05-27 13:22:00,7899.0,-0.13295714864847727
2024-05-27 13:22:01,7900.0,-0.1329572191547441
2024-05-27 13:22:02,7901.0,-0.13295728307292976
2024-05-27 13:22:03,7902.0,-0.13295734172199433
2024-05-27 13:22:04,7903.0,-0.13295739642089796
2024-05-27 13:22:05,7904.0,-0.13295744848860078
2024-05-27 13:22:06,7905.0,-0.1329574992440629
2024-05-27 13:22:07,7906.0,-0.13295755000624446
2024-05-27 13:22:08,7907.0,-0.1329576020941056
2024-05-27 13:22:09,7908.0,-0.13295765682660643
2024-05-27 13:22:10,7909.0,-0.13295771552270708
2024-05-27 13:22:11,7910.0,-0.13295777950136772
2024-05-27 13:22:12,7911.0,-0.13295785008154842
2024-05-27 13:22:13,7912.0,-0.13295792858220934
2024-05-27 13:22:14,7913.0,-0.1329580163223106
2024-05-27 13:22:15,7914.0,-0.13295811462081233
2024-05-27 13:22:16,7915.0,-0.13295822479667468
2024-05-27 13:22:17,7916.0,-0.13295834816885777
2024-05-27 13:22:18,7917.0,-0.13295848605632168
2024-05-27 13:22:19,7918.0,-0.1329586397780266
2024-05-27 13:22:20,7919.0,-0.13295881065293266
2024-05-27 13:22:21,7920.0,-0.132959
2024-05-27 13:22:22,7921.0,-0.13296117738315838
2024-05-27 13:22:23,7922.0,-0.13296713133453972
2024-05-27 13:22:24,7923.0,-0.13297659162540715
2024-05-27 13:22:25,7924.0,-0.13298928802702376
2024-05-27 13:22:26,7925.0,-0.13300495031065265
2024-05-27 13:22:27,7926.0,-0.13302330824755698
2024-05-27 13:22:28,7927.0,-0.13304409160899985
2024-05-27 13:22:29,7928.0,-0.1330670301662444
2024-05-27 13:22:30,7929.0,-0.13309185369055374
2024-05-27 13:22:31,7930.0,-0.13311829195319094
2024-05-27 13:22:32,7931.0,-0.13314607472541923
2024-05-27 13:22:33,7932.0,-0.13317493177850165
2024-05-27 13:22:34,7933.0,-0.13320459288370126
2024-05-27 13:22:35,7934.0,-0.13323478781228132
2024-05-27 13:22:36,7935.0,-0.13326524633550488
2024-05-27 13:22:37,7936.0,-0.13329569822463505
2024-05-27 13:22:38,7937.0,-0.13332587325093495
2024-05-27 13:22:39,7938.0,-0.13335550118566775
2024-05-27 13:22:40,7939.0,-0.1333843118000965
2024-05-27 13:22:41,7940.0,-0.1334120348654844
2024-05-27 13:22:42,7941.0,-0.13343840015309447
2024-05-27 13:22:43,7942.0,-0.1334631374341899
2024-05-27 13:22:44,7943.0,-0.13348597648003377
2024-05-27 13:22:45,7944.0,-0.13350664706188925
2024-05-27 13:22:46,7945.0,-0.13352487895101944
2024-05-27 13:22:47,7946.0,-0.1335404019186874
2024-05-27 13:22:48,7947.0,-0.13355294573615634
2024-05-27 13:22:49,7948.0,-0.13356224017468932
2024-05-27 13:22:50,7949.0,-0.13356801500554952
2024-05-27 13:22:51,7950.0,-0.13357
2024-05-27 13:22:52,7951.0,-0.13357
2024-05-27 13:22:53,7952.0,-0.13357
2024-05-27 13:22:54,7953.0,-0.13357
2024-05-27 13:22:55,7954.0,-0.13357
2024-05-27 13:22:56,7955.0,-0.13357
2024-05-27 13:22:57,7956.0,-0.13357
2024-05-27 13:22:58,7957.0,-0.13357
2024-05-27 13:22:59,7958.0,-0.13357
2024-05-27 13:23:00,7959.0,-0.13357
2024-05-27 13:23:01,7960.0,-0.13357
2024-05-27 13:23:02,7961.0,-0.13357
2024-05-27 13:23:03,7962.0,-0.13357
2024-05-27 13:23:04,7963.0,-0.13357
2024-05-27 13:23:05,7964.0,-0.13357
2024-05-27 13:23:06,7965.0,-0.13357
2024-05-27 13:23:07,7966.0,-0.13357
2024-05-27 13:23:08,7967.0,-0.13357
2024-05-27 13:23:09,7968.0,-0.13357
2024-05-27 13:23:10,7969.0,-0.13357
2024-05-27 13:23:11,7970.0,-0.13357
2024-05-27 13:23:12,7971.0,-0.13357
2024-05-27 13:23:13,7972.0,-0.13357
2024-05-27 13:23:14,7973.0,-0.13357
2024-05-27 13:23:15,7974.0,-0.13357
2024-05-27 13:23:16,7975.0,-0.13357
2024-05-27 13:23:17,7976.0,-0.13357
2024-05-27 13:23:18,7977.0,-0.13357
2024-05-27 13:23:19,7978.0,-0.13357
2024-05-27 13:23:20,7979.0,-0.13357
2024-05-27 13:23:21,7980.0,-0.13357
2024-05-27 13:23:22,7981.0,-0.13357182518518518
2024-05-27 13:23:23,7982.0,-0.1335771348148148
2024-05-27 13:23:24,7983.0,-0.13358568
2024-05-27 13:23:25,7984.0,-0.13359721185185183
2024-05-27 13:23:26,7985.0,-0.13361148148148147
2024-05-27 13:23:27,7986.0,-0.13362823999999998
2024-05-27 13:23:28,7987.0,-0.13364723851851854
2024-05-27 13:23:29,7988.0,-0.13366822814814816
2024-05-27 13:23:30,7989.0,-0.13369096
2024-05-27 13:23:31,7990.0,-0.1337151851851852
2024-05-27 13:23:32,7991.0,-0.1337406548148148
2024-05-27 13:23:33,7992.0,-0.13376712000000002
2024-05-27 13:23:34,7993.0,-0.13379433185185186
2024-05-27 13:23:35,7994.0,-0.13382204148148147
2024-05-27 13:23:36,7995.0,-0.13385
2024-05-27 13:23:37,7996.0,-0.1338779585185185
2024-05-27 13:23:38,7997.0,-0.13390566814814817
2024-05-27 13:23:39,7998.0,-0.13393288
2024-05-27 13:23:40,7999.0,-0.13395934518518518
2024-05-27 13:23:41,8000.0,-0.1339848148148148
2024-05-27 13:23:42,8001.0,-0.13400904
2024-05-27 13:23:43,8002.0,-0.13403177185185186
2024-05-27 13:23:44,8003.0,-0.13405276148148149
2024-05-27 13:23:45,8004.0,-0.13407175999999998
2024-05-27 13:23:46,8005.0,-0.13408851851851852
2024-05-27 13:23:47,8006.0,-0.13410278814814813
2024-05-27 13:23:48,8007.0,-0.13411432
2024-05-27 13:23:49,8008.0,-0.1341228651851852
2024-05-27 13:23:50,8009.0,-0.13412817481481482
2024-05-27 13:23:51,8010.0,-0.13413
2024-05-27 13:23:52,8011.0,-0.1341287762962963
2024-05-27 13:23:53,8012.0,-0.13412518814814814
2024-05-27 13:23:54,8013.0,-0.13411936000000002
2024-05-27 13:23:55,8014.0,-0.1341114162962963
2024-05-27 13:23:56,8015.0,-0.13410148148148146
2024-05-27 13:23:57,8016.0,-0.13408968
2024-05-27 13:23:58,8017.0,-0.1340761362962963
2024-05-27 13:23:59,8018.0,-0.13406097481481483
2024-05-27 13:24:00,8019.0,-0.13404432
2024-05-27 13:24:01,8020.0,-0.13402629629629628
2024-05-27 13:24:02,8021.0,-0.13400702814814816
2024-05-27 13:24:03,8022.0,-0.13398664000000002
2024-05-27 13:24:04,8023.0,-0.1339652562962963
2024-05-27 13:24:05,8024.0,-0.1339430014814815
2024-05-27 13:24:06,8025.0,-0.13392
2024-05-27 13:24:07,8026.0,-0.1338963762962963
2024-05-27 13:24:08,8027.0,-0.13387225481481482
2024-05-27 13:24:09,8028.0,-0.13384775999999998
2024-05-27 13:24:10,8029.0,-0.1338230162962963
2024-05-27 13:24:11,8030.0,-0.13379814814814814
2024-05-27 13:24:12,8031.0,-0.13377328
2024-05-27 13:24:13,8032.0,-0.1337485362962963
2024-05-27 13:24:14,8033.0,-0.13372404148148148
2024-05-27 13:24:15,8034.0,-0.13369992
2024-05-27 13:24:16,8035.0,-0.1336762962962963
2024-05-27 13:24:17,8036.0,-0.1336532948148148
2024-05-27 13:24:18,8037.0,-0.13363103999999998
2024-05-27 13:24:19,8038.0,-0.1336096562962963
2024-05-27 13:24:20,8039.0,-0.13358926814814814
2024-05-27 13:24:21,8040.0,-0.13357
2024-05-27 13:24:22,8041.0,-0.13355133333333333
2024-05-27 13:24:23,8042.0,-0.13353266666666666
2024-05-27 13:24:24,8043.0,-0.133514
2024-05-27 13:24:25,8044.0,-0.13349533333333333
2024-05-27 13:24:26,8045.0,-0.13347666666666666
2024-05-27 13:24:27,8046.0,-0.133458
2024-05-27 13:24:28,8047.0,-0.13343933333333333
2024-05-27 13:24:29,8048.0,-0.13342066666666666
2024-05-27 13:24:30,8049.0,-0.133402
2024-05-27 13:24:31,8050.0,-0.13338333333333333
2024-05-27 13:24:32,8051.0,-0.13336466666666666
2024-05-27 13:24:33,8052.0,-0.133346
2024-05-27 13:24:34,8053.0,-0.13332733333333333
2024-05-27 13:24:35,8054.0,-0.13330866666666666
2024-05-27 13:24:36,8055.0,-0.13329
2024-05-27 13:24:37,8056.0,-0.13327133333333332
2024-05-27 13:24:38,8057.0,-0.13325266666666666
2024-05-27 13:24:39,8058.0,-0.13323400000000002
2024-05-27 13:24:40,8059.0,-0.13321533333333335
2024-05-27 13:24:41,8060.0,-0.13319666666666669
2024-05-27 13:24:42,8061.0,-0.13317800000000002
2024-05-27 13:24:43,8062.0,-0.13315933333333335
2024-05-27 13:24:44,8063.0,-0.13314066666666668
2024-05-27 13:24:45,8064.0,-0.133122
2024-05-27 13:24:46,8065.0,-0.13310333333333332
2024-05-27 13:24:47,8066.0,-0.13308466666666666
2024-05-27 13:24:48,8067.0,-0.133066
2024-05-27 13:24:49,8068.0,-0.13304733333333332
2024-05-27 13:24:50,8069.0,-0.13302866666666666
2024-05-27 13:24:51,8070.0,-0.13301000000000002
2024-05-27 13:24:52,8071.0,-0.13299073185185187
2024-05-27 13:24:53,8072.0,-0.1329703437037037
2024-05-27 13:24:54,8073.0,-0.13294896000000003
2024-05-27 13:24:55,8074.0,-0.1329267051851852
2024-05-27 13:24:56,8075.0,-0.13290370370370372
2024-05-27 13:24:57,8076.0,-0.13288008
2024-05-27 13:24:58,8077.0,-0.13285595851851853
2024-05-27 13:24:59,8078.0,-0.13283146370370372
2024-05-27 13:25:00,8079.0,-0.13280672000000002
2024-05-27 13:25:01,8080.0,-0.13278185185185187
2024-05-27 13:25:02,8081.0,-0.13275698370370373
2024-05-27 13:25:03,8082.0,-0.13273224000000003
2024-05-27 13:25:04,8083.0,-0.1327077451851852
2024-05-27 13:25:05,8084.0,-0.13268362370370373
2024-05-27 13:25:06,8085.0,-0.13266000000000003
2024-05-27 13:25:07,8086.0,-0.13263699851851854
2024-05-27 13:25:08,8087.0,-0.1326147437037037
2024-05-27 13:25:09,8088.0,-0.13259336
2024-05-27 13:25:10,8089.0,-0.13257297185185185
2024-05-27 13:25:11,8090.0,-0.1325537037037037
2024-05-27 13:25:12,8091.0,-0.13253568000000002
2024-05-27 13:25:13,8092.0,-0.13251902518518519
2024-05-27 13:25:14,8093.0,-0.1325038637037037
2024-05-27 13:25:15,8094.0,-0.13249032000000002
2024-05-27 13:25:16,8095.0,-0.13247851851851852
2024-05-27 13:25:17,8096.0,-0.1324685837037037
2024-05-27 13:25:18,8097.0,-0.13246064
2024-05-27 13:25:19,8098.0,-0.13245481185185187
2024-05-27 13:25:20,8099.0,-0.1324512237037037
2024-05-27 13:25:21,8100.0,-0.13245
2024-05-27 13:25:22,8101.0,-0.1324510163014201
2024-05-27 13:25:23,8102.0,-0.1324540103901588
2024-05-27 13:25:24,8103.0,-0.1324589000429338
2024-05-27 13:25:25,8104.0,-0.13246560303646285
2024-05-27 13:25:26,8105.0,-0.13247403714746353
2024-05-27 13:25:27,8106.0,-0.13248412015265357
2024-05-27 13:25:28,8107.0,-0.13249576982875064
2024-05-27 13:25:29,8108.0,-0.13250890395247247
2024-05-27 13:25:30,8109.0,-0.1325234403005367
2024-05-27 13:25:31,8110.0,-0.13253929664966102
2024-05-27 13:25:32,8111.0,-0.13255639077656312
2024-05-27 13:25:33,8112.0,-0.13257464045796066
2024-05-27 13:25:34,8113.0,-0.13259396347057137
2024-05-27 13:25:35,8114.0,-0.1326142775911129
2024-05-27 13:25:36,8115.0,-0.13263550059630294
2024-05-27 13:25:37,8116.0,-0.13265755026285916
2024-05-27 13:25:38,8117.0,-0.13268034436749931
2024-05-27 13:25:39,8118.0,-0.13270380068694096
2024-05-27 13:25:40,8119.0,-0.13272783699790192
2024-05-27 13:25:41,8120.0,-0.13275237107709975
2024-05-27 13:25:42,8121.0,-0.13277732070125225
2024-05-27 13:25:43,8122.0,-0.13280260364707702
2024-05-27 13:25:44,8123.0,-0.1328281376912918
2024-05-27 13:25:45,8124.0,-0.1328538406106142
2024-05-27 13:25:46,8125.0,-0.13287963018176197
2024-05-27 13:25:47,8126.0,-0.1329054241814528
2024-05-27 13:25:48,8127.0,-0.1329311403864043
2024-05-27 13:25:49,8128.0,-0.13295669657333423
2024-05-27 13:25:50,8129.0,-0.13298201051896025
2024-05-27 13:25:51,8130.0,-0.13300700000000001
2024-05-27 13:25:52,8131.0,-0.13303382444400277
2024-05-27 13:25:53,8132.0,-0.1330644764637028
2024-05-27 13:25:54,8133.0,-0.1330986236135957
2024-05-27 13:25:55,8134.0,-0.13313593344817684
2024-05-27 13:25:56,8135.0,-0.13317607352194177
2024-05-27 13:25:57,8136.0,-0.13321871138938582
2024-05-27 13:25:58,8137.0,-0.13326351460500455
2024-05-27 13:25:59,8138.0,-0.13331015072329339
2024-05-27 13:26:00,8139.0,-0.13335828729874777
2024-05-27 13:26:01,8140.0,-0.1334075918858632
2024-05-27 13:26:02,8141.0,-0.13345773203913514
2024-05-27 13:26:03,8142.0,-0.13350837531305904
2024-05-27 13:26:04,8143.0,-0.13355918926213034
2024-05-27 13:26:05,8144.0,-0.13360984144084453
2024-05-27 13:26:06,8145.0,-0.13365999940369708
2024-05-27 13:26:07,8146.0,-0.13370933070518343
2024-05-27 13:26:08,8147.0,-0.133757502899799
2024-05-27 13:26:09,8148.0,-0.13380418354203935
2024-05-27 13:26:10,8149.0,-0.13384904018639984
2024-05-27 13:26:11,8150.0,-0.13389174038737603
2024-05-27 13:26:12,8151.0,-0.13393195169946334
2024-05-27 13:26:13,8152.0,-0.13396934167715718
2024-05-27 13:26:14,8153.0,-0.13400357787495307
2024-05-27 13:26:15,8154.0,-0.13403432784734645
2024-05-27 13:26:16,8155.0,-0.1340612591488328
2024-05-27 13:26:17,8156.0,-0.13408403933390756
2024-05-27 13:26:18,8157.0,-0.13410233595706617
2024-05-27 13:26:19,8158.0,-0.13411581657280414
2024-05-27 13:26:20,8159.0,-0.13412414873561695
2024-05-27 13:26:21,8160.0,-0.134127
2024-05-27 13:26:22,8161.0,-0.134127
2024-05-27 13:26:23,8162.0,-0.134127
2024-05-27 13:26:24,8163.0,-0.134127
2024-05-27 13:26:25,8164.0,-0.134127
2024-05-27 13:26:26,8165.0,-0.134127
2024-05-27 13:26:27,8166.0,-0.134127
2024-05-27 13:26:28,8167.0,-0.134127
2024-05-27 13:26:29,8168.0,-0.134127
2024-05-27 13:26:30,8169.0,-0.134127
2024-05-27 13:26:31,8170.0,-0.134127
2024-05-27 13:26:32,8171.0,-0.134127
2024-05-27 13:26:33,8172.0,-0.134127
2024-05-27 13:26:34,8173.0,-0.134127
2024-05-27 13:26:35,8174.0,-0.134127
2024-05-27 13:26:36,8175.0,-0.134127
2024-05-27 13:26:37,8176.0,-0.134127
2024-05-27 13:26:38,8177.0,-0.134127
2024-05-27 13:26:39,8178.0,-0.134127
2024-05-27 13:26:40,8179.0,-0.134127
2024-05-27 13:26:41,8180.0,-0.134127
2024-05-27 13:26:42,8181.0,-0.134127
2024-05-27 13:26:43,8182.0,-0.134127
2024-05-27 13:26:44,8183.0,-0.134127
2024-05-27 13:26:45,8184.0,-0.134127
2024-05-27 13:26:46,8185.0,-0.134127
2024-05-27 13:26:47,8186.0,-0.134127
2024-05-27 13:26:48,8187.0,-0.134127
2024-05-27 13:26:49,8188.0,-0.134127
2024-05-27 13:26:50,8189.0,-0.134127
2024-05-27 13:26:51,8190.0,-0.134127
2024-05-27 13:26:52,8191.0,-0.13412154399999998
2024-05-27 13:26:53,8192.0,-0.134105672
2024-05-27 13:26:54,8193.0,-0.134080128
2024-05-27 13:26:55,8194.0,-0.13404565599999999
2024-05-27 13:26:56,8195.0,-0.134003
2024-05-27 13:26:57,8196.0,-0.133952904
2024-05-27 13:26:58,8197.0,-0.133896112
2024-05-27 13:26:59,8198.0,-0.133833368
2024-05-27 13:27:00,8199.0,-0.133765416
2024-05-27 13:27:01,8200.0,-0.13369299999999998
2024-05-27 13:27:02,8201.0,-0.133616864
2024-05-27 13:27:03,8202.0,-0.13353775199999998
2024-05-27 13:27:04,8203.0,-0.133456408
2024-05-27 13:27:05,8204.0,-0.133373576
2024-05-27 13:27:06,8205.0,-0.13329
2024-05-27 13:27:07,8206.0,-0.13320642400000002
2024-05-27 13:27:08,8207.0,-0.133123592
2024-05-27 13:27:09,8208.0,-0.133042248
2024-05-27 13:27:10,8209.0,-0.132963136
2024-05-27 13:27:11,8210.0,-0.132887
2024-05-27 13:27:12,8211.0,-0.132814584
2024-05-27 13:27:13,8212.0,-0.13274663200000003
2024-05-27 13:27:14,8213.0,-0.132683888
2024-05-27 13:27:15,8214.0,-0.13262709600000003
2024-05-27 13:27:16,8215.0,-0.13257700000000003
2024-05-27 13:27:17,8216.0,-0.13253434400000003
2024-05-27 13:27:18,8217.0,-0.13249987200000002
2024-05-27 13:27:19,8218.0,-0.13247432800000003
2024-05-27 13:27:20,8219.0,-0.132458456
2024-05-27 13:27:21,8220.0,-0.13245300000000002
2024-05-27 13:27:22,8221.0,-0.13245846577777778
2024-05-27 13:27:23,8222.0,-0.13247436622222222
2024-05-27 13:27:24,8223.0,-0.132499956
2024-05-27 13:27:25,8224.0,-0.1325344897777778
2024-05-27 13:27:26,8225.0,-0.13257722222222224
2024-05-27 13:27:27,8226.0,-0.132627408
2024-05-27 13:27:28,8227.0,-0.1326843017777778
2024-05-27 13:27:29,8228.0,-0.13274715822222222
2024-05-27 13:27:30,8229.0,-0.13281523200000003
2024-05-27 13:27:31,8230.0,-0.1328877777777778
2024-05-27 13:27:32,8231.0,-0.13296405022222224
2024-05-27 13:27:33,8232.0,-0.133043304
2024-05-27 13:27:34,8233.0,-0.13312479377777778
2024-05-27 13:27:35,8234.0,-0.1332077742222222
2024-05-27 13:27:36,8235.0,-0.1332915
2024-05-27 13:27:37,8236.0,-0.1333752257777778
2024-05-27 13:27:38,8237.0,-0.13345820622222224
2024-05-27 13:27:39,8238.0,-0.133539696
2024-05-27 13:27:40,8239.0,-0.13361894977777777
2024-05-27 13:27:41,8240.0,-0.13369522222222224
2024-05-27 13:27:42,8241.0,-0.133767768
2024-05-27 13:27:43,8242.0,-0.13383584177777777
2024-05-27 13:27:44,8243.0,-0.13389869822222222
2024-05-27 13:27:45,8244.0,-0.133955592
2024-05-27 13:27:46,8245.0,-0.13400577777777778
2024-05-27 13:27:47,8246.0,-0.13404851022222222
2024-05-27 13:27:48,8247.0,-0.134083044
2024-05-27 13:27:49,8248.0,-0.13410863377777776
2024-05-27 13:27:50,8249.0,-0.13412453422222223
2024-05-27 13:27:51,8250.0,-0.13413
2024-05-27 13:27:52,8251.0,-0.13413
2024-05-27 13:27:53,8252.0,-0.13413
2024-05-27 13:27:54,8253.0,-0.13413
2024-05-27 13:27:55,8254.0,-0.13413
2024-05-27 13:27:56,8255.0,-0.13413
2024-05-27 13:27:57,8256.0,-0.13413
2024-05-27 13:27:58,8257.0,-0.13413
2024-05-27 13:27:59,8258.0,-0.13413
2024-05-27 13:28:00,8259.0,-0.13413
2024-05-27 13:28:01,8260.0,-0.13413
2024-05-27 13:28:02,8261.0,-0.13413
2024-05-27 13:28:03,8262.0,-0.13413
2024-05-27 13:28:04,8263.0,-0.13413
2024-05-27 13:28:05,8264.0,-0.13413
2024-05-27 13:28:06,8265.0,-0.13413
2024-05-27 13:28:07,8266.0,-0.13413
2024-05-27 13:28:08,8267.0,-0.13413
2024-05-27 13:28:09,8268.0,-0.13413
2024-05-27 13:28:10,8269.0,-0.13413
2024-05-27 13:28:11,8270.0,-0.13413
2024-05-27 13:28:12,8271.0,-0.13413
2024-05-27 13:28:13,8272.0,-0.13413
2024-05-27 13:28:14,8273.0,-0.13413
2024-05-27 13:28:15,8274.0,-0.13413
2024-05-27 13:28:16,8275.0,-0.13413
2024-05-27 13:28:17,8276.0,-0.13413
2024-05-27 13:28:18,8277.0,-0.13413
2024-05-27 13:28:19,8278.0,-0.13413
2024-05-27 13:28:20,8279.0,-0.13413
2024-05-27 13:28:21,8280.0,-0.13413
2024-05-27 13:28:22,8281.0,-0.13413
2024-05-27 13:28:23,8282.0,-0.13413
2024-05-27 13:28:24,8283.0,-0.13413
2024-05-27 13:28:25,8284.0,-0.13413
2024-05-27 13:28:26,8285.0,-0.13413
2024-05-27 13:28:27,8286.0,-0.13413
2024-05-27 13:28:28,8287.0,-0.13413
2024-05-27 13:28:29,8288.0,-0.13413
2024-05-27 13:28:30,8289.0,-0.13413
2024-05-27 13:28:31,8290.0,-0.13413
2024-05-27 13:28:32,8291.0,-0.13413
2024-05-27 13:28:33,8292.0,-0.13413
2024-05-27 13:28:34,8293.0,-0.13413
2024-05-27 13:28:35,8294.0,-0.13413
2024-05-27 13:28:36,8295.0,-0.13413
2024-05-27 13:28:37,8296.0,-0.13413
2024-05-27 13:28:38,8297.0,-0.13413
2024-05-27 13:28:39,8298.0,-0.13413
2024-05-27 13:28:40,8299.0,-0.13413
2024-05-27 13:28:41,8300.0,-0.13413
2024-05-27 13:28:42,8301.0,-0.13413
2024-05-27 13:28:43,8302.0,-0.13413
2024-05-27 13:28:44,8303.0,-0.13413
2024-05-27 13:28:45,8304.0,-0.13413
2024-05-27 13:28:46,8305.0,-0.13413
2024-05-27 13:28:47,8306.0,-0.13413
2024-05-27 13:28:48,8307.0,-0.13413
2024-05-27 13:28:49,8308.0,-0.13413
2024-05-27 13:28:50,8309.0,-0.13413
2024-05-27 13:28:51,8310.0,-0.13413
2024-05-27 13:28:52,8311.0,-0.13413
2024-05-27 13:28:53,8312.0,-0.13413
2024-05-27 13:28:54,8313.0,-0.13413
2024-05-27 13:28:55,8314.0,-0.13413
2024-05-27 13:28:56,8315.0,-0.13413
2024-05-27 13:28:57,8316.0,-0.13413
2024-05-27 13:28:58,8317.0,-0.13413
2024-05-27 13:28:59,8318.0,-0.13413
2024-05-27 13:29:00,8319.0,-0.13413
2024-05-27 13:29:01,8320.0,-0.13413
2024-05-27 13:29:02,8321.0,-0.13413
2024-05-27 13:29:03,8322.0,-0.13413
2024-05-27 13:29:04,8323.0,-0.13413
2024-05-27 13:29:05,8324.0,-0.13413
2024-05-27 13:29:06,8325.0,-0.13413
2024-05-27 13:29:07,8326.0,-0.13413
2024-05-27 13:29:08,8327.0,-0.13413
2024-05-27 13:29:09,8328.0,-0.13413
2024-05-27 13:29:10,8329.0,-0.13413
2024-05-27 13:29:11,8330.0,-0.13413
2024-05-27 13:29:12,8331.0,-0.13413
2024-05-27 13:29:13,8332.0,-0.13413
2024-05-27 13:29:14,8333.0,-0.13413
2024-05-27 13:29:15,8334.0,-0.13413
2024-05-27 13:29:16,8335.0,-0.13413
2024-05-27 13:29:17,8336.0,-0.13413
2024-05-27 13:29:18,8337.0,-0.13413
2024-05-27 13:29:19,8338.0,-0.13413
2024-05-27 13:29:20,8339.0,-0.13413
2024-05-27 13:29:21,8340.0,-0.13413
2024-05-27 13:29:22,8341.0,-0.13413
2024-05-27 13:29:23,8342.0,-0.13413
2024-05-27 13:29:24,8343.0,-0.13413
2024-05-27 13:29:25,8344.0,-0.13413
2024-05-27 13:29:26,8345.0,-0.13413
2024-05-27 13:29:27,8346.0,-0.13413
2024-05-27 13:29:28,8347.0,-0.13413
2024-05-27 13:29:29,8348.0,-0.13413
2024-05-27 13:29:30,8349.0,-0.13413
2024-05-27 13:29:31,8350.0,-0.13413
2024-05-27 13:29:32,8351.0,-0.13413
2024-05-27 13:29:33,8352.0,-0.13413
2024-05-27 13:29:34,8353.0,-0.13413
2024-05-27 13:29:35,8354.0,-0.13413
2024-05-27 13:29:36,8355.0,-0.13413
2024-05-27 13:29:37,8356.0,-0.13413
2024-05-27 13:29:38,8357.0,-0.13413
2024-05-27 13:29:39,8358.0,-0.13413
2024-05-27 13:29:40,8359.0,-0.13413
2024-05-27 13:29:41,8360.0,-0.13413
2024-05-27 13:29:42,8361.0,-0.13413
2024-05-27 13:29:43,8362.0,-0.13413
2024-05-27 13:29:44,8363.0,-0.13413
2024-05-27 13:29:45,8364.0,-0.13413
2024-05-27 13:29:46,8365.0,-0.13413
2024-05-27 13:29:47,8366.0,-0.13413
2024-05-27 13:29:48,8367.0,-0.13413
2024-05-27 13:29:49,8368.0,-0.13413
2024-05-27 13:29:50,8369.0,-0.13413
2024-05-27 13:29:51,8370.0,-0.13413
2024-05-27 13:29:52,8371.0,-0.13412999022222222
2024-05-27 13:29:53,8372.0,-0.13412996177777778
2024-05-27 13:29:54,8373.0,-0.134129916
2024-05-27 13:29:55,8374.0,-0.13412985422222223
2024-05-27 13:29:56,8375.0,-0.13412977777777776
2024-05-27 13:29:57,8376.0,-0.134129688
2024-05-27 13:29:58,8377.0,-0.13412958622222224
2024-05-27 13:29:59,8378.0,-0.13412947377777779
2024-05-27 13:30:00,8379.0,-0.134129352
2024-05-27 13:30:01,8380.0,-0.13412922222222223
2024-05-27 13:30:02,8381.0,-0.13412908577777777
2024-05-27 13:30:03,8382.0,-0.134128944
2024-05-27 13:30:04,8383.0,-0.13412879822222223
2024-05-27 13:30:05,8384.0,-0.13412864977777778
2024-05-27 13:30:06,8385.0,-0.13412849999999998
2024-05-27 13:30:07,8386.0,-0.13412835022222222
2024-05-27 13:30:08,8387.0,-0.13412820177777776
2024-05-27 13:30:09,8388.0,-0.134128056
2024-05-27 13:30:10,8389.0,-0.1341279142222222
2024-05-27 13:30:11,8390.0,-0.13412777777777776
2024-05-27 13:30:12,8391.0,-0.134127648
2024-05-27 13:30:13,8392.0,-0.1341275262222222
2024-05-27 13:30:14,8393.0,-0.13412741377777776
2024-05-27 13:30:15,8394.0,-0.134127312
2024-05-27 13:30:16,8395.0,-0.1341272222222222
2024-05-27 13:30:17,8396.0,-0.1341271457777778
2024-05-27 13:30:18,8397.0,-0.13412708399999998
2024-05-27 13:30:19,8398.0,-0.13412703822222222
2024-05-27 13:30:20,8399.0,-0.13412700977777778
2024-05-27 13:30:21,8400.0,-0.134127
2024-05-27 13:30:22,8401.0,-0.13412883496296296
2024-05-27 13:30:23,8402.0,-0.13413417303703704
2024-05-27 13:30:24,8403.0,-0.134142764
2024-05-27 13:30:25,8404.0,-0.1341543576296296
2024-05-27 13:30:26,8405.0,-0.1341687037037037
2024-05-27 13:30:27,8406.0,-0.13418555199999999
2024-05-27 13:30:28,8407.0,-0.1342046522962963
2024-05-27 13:30:29,8408.0,-0.13422575437037038
2024-05-27 13:30:30,8409.0,-0.134248608
2024-05-27 13:30:31,8410.0,-0.13427296296296296
2024-05-27 13:30:32,8411.0,-0.13429856903703702
2024-05-27 13:30:33,8412.0,-0.134325176
2024-05-27 13:30:34,8413.0,-0.13435253362962965
2024-05-27 13:30:35,8414.0,-0.13438039170370372
2024-05-27 13:30:36,8415.0,-0.13440850000000001
2024-05-27 13:30:37,8416.0,-0.1344366082962963
2024-05-27 13:30:38,8417.0,-0.13446446637037038
2024-05-27 13:30:39,8418.0,-0.134491824
2024-05-27 13:30:40,8419.0,-0.13451843096296295
2024-05-27 13:30:41,8420.0,-0.13454403703703705
2024-05-27 13:30:42,8421.0,-0.134568392
2024-05-27 13:30:43,8422.0,-0.13459124562962965
2024-05-27 13:30:44,8423.0,-0.1346123477037037
2024-05-27 13:30:45,8424.0,-0.13463144800000001
2024-05-27 13:30:46,8425.0,-0.1346482962962963
2024-05-27 13:30:47,8426.0,-0.13466264237037037
2024-05-27 13:30:48,8427.0,-0.134674236
2024-05-27 13:30:49,8428.0,-0.134682826962963
2024-05-27 13:30:50,8429.0,-0.13468816503703704
2024-05-27 13:30:51,8430.0,-0.13469
2024-05-27 13:30:52,8431.0,-0.13468817481481482
2024-05-27 13:30:53,8432.0,-0.13468286518518519
2024-05-27 13:30:54,8433.0,-0.13467432
2024-05-27 13:30:55,8434.0,-0.13466278814814817
2024-05-27 13:30:56,8435.0,-0.13464851851851853
2024-05-27 13:30:57,8436.0,-0.13463176000000002
2024-05-27 13:30:58,8437.0,-0.13461276148148146
2024-05-27 13:30:59,8438.0,-0.13459177185185184
2024-05-27 13:31:00,8439.0,-0.13456904
2024-05-27 13:31:01,8440.0,-0.1345448148148148
2024-05-27 13:31:02,8441.0,-0.13451934518518519
2024-05-27 13:31:03,8442.0,-0.13449287999999998
2024-05-27 13:31:04,8443.0,-0.13446566814814814
2024-05-27 13:31:05,8444.0,-0.13443795851851853
2024-05-27 13:31:06,8445.0,-0.13441
2024-05-27 13:31:07,8446.0,-0.1343820414814815
2024-05-27 13:31:08,8447.0,-0.13435433185185183
2024-05-27 13:31:09,8448.0,-0.13432712
2024-05-27 13:31:10,8449.0,-0.13430065481481482
2024-05-27 13:31:11,8450.0,-0.1342751851851852
2024-05-27 13:31:12,8451.0,-0.13425096
2024-05-27 13:31:13,8452.0,-0.13422822814814814
2024-05-27 13:31:14,8453.0,-0.1342072385185185
2024-05-27 13:31:15,8454.0,-0.13418824000000001
2024-05-27 13:31:16,8455.0,-0.13417148148148147
2024-05-27 13:31:17,8456.0,-0.13415721185185187
2024-05-27 13:31:18,8457.0,-0.13414568
2024-05-27 13:31:19,8458.0,-0.1341371348148148
2024-05-27 13:31:20,8459.0,-0.13413182518518518
2024-05-27 13:31:21,8460.0,-0.13413
2024-05-27 13:31:22,8461.0,-0.13413
2024-05-27 13:31:23,8462.0,-0.13413
2024-05-27 13:31:24,8463.0,-0.13413
2024-05-27 13:31:25,8464.0,-0.13413
2024-05-27 13:31:26,8465.0,-0.13413
2024-05-27 13:31:27,8466.0,-0.13413
2024-05-27 13:31:28,8467.0,-0.13413
2024-05-27 13:31:29,8468.0,-0.13413
2024-05-27 13:31:30,8469.0,-0.13413
2024-05-27 13:31:31,8470.0,-0.13413
2024-05-27 13:31:32,8471.0,-0.13413
2024-05-27 13:31:33,8472.0,-0.13413
2024-05-27 13:31:34,8473.0,-0.13413
2024-05-27 13:31:35,8474.0,-0.13413
2024-05-27 13:31:36,8475.0,-0.13413
2024-05-27 13:31:37,8476.0,-0.13413
2024-05-27 13:31:38,8477.0,-0.13413
2024-05-27 13:31:39,8478.0,-0.13413
2024-05-27 13:31:40,8479.0,-0.13413
2024-05-27 13:31:41,8480.0,-0.13413
2024-05-27 13:31:42,8481.0,-0.13413
2024-05-27 13:31:43,8482.0,-0.13413
2024-05-27 13:31:44,8483.0,-0.13413
2024-05-27 13:31:45,8484.0,-0.13413
2024-05-27 13:31:46,8485.0,-0.13413
2024-05-27 13:31:47,8486.0,-0.13413
2024-05-27 13:31:48,8487.0,-0.13413
2024-05-27 13:31:49,8488.0,-0.13413
2024-05-27 13:31:50,8489.0,-0.13413
2024-05-27 13:31:51,8490.0,-0.13413
2024-05-27 13:31:52,8491.0,-0.13413
2024-05-27 13:31:53,8492.0,-0.13413
2024-05-27 13:31:54,8493.0,-0.13413
2024-05-27 13:31:55,8494.0,-0.13413
2024-05-27 13:31:56,8495.0,-0.13413
2024-05-27 13:31:57,8496.0,-0.13413
2024-05-27 13:31:58,8497.0,-0.13413
2024-05-27 13:31:59,8498.0,-0.13413
2024-05-27 13:32:00,8499.0,-0.13413
2024-05-27 13:32:01,8500.0,-0.13413
2024-05-27 13:32:02,8501.0,-0.13413
2024-05-27 13:32:03,8502.0,-0.13413
2024-05-27 13:32:04,8503.0,-0.13413
2024-05-27 13:32:05,8504.0,-0.13413
2024-05-27 13:32:06,8505.0,-0.13413
2024-05-27 13:32:07,8506.0,-0.13413
2024-05-27 13:32:08,8507.0,-0.13413
2024-05-27 13:32:09,8508.0,-0.13413
2024-05-27 13:32:10,8509.0,-0.13413
2024-05-27 13:32:11,8510.0,-0.13413
2024-05-27 13:32:12,8511.0,-0.13413
2024-05-27 13:32:13,8512.0,-0.13413
2024-05-27 13:32:14,8513.0,-0.13413
2024-05-27 13:32:15,8514.0,-0.13413
2024-05-27 13:32:16,8515.0,-0.13413
2024-05-27 13:32:17,8516.0,-0.13413
2024-05-27 13:32:18,8517.0,-0.13413
2024-05-27 13:32:19,8518.0,-0.13413
2024-05-27 13:32:20,8519.0,-0.13413
2024-05-27 13:32:21,8520.0,-0.13413
2024-05-27 13:32:22,8521.0,-0.13413182518518518
2024-05-27 13:32:23,8522.0,-0.13413713481481482
2024-05-27 13:32:24,8523.0,-0.13414568000000002
2024-05-27 13:32:25,8524.0,-0.13415721185185184
2024-05-27 13:32:26,8525.0,-0.13417148148148147
2024-05-27 13:32:27,8526.0,-0.13418824
2024-05-27 13:32:28,8527.0,-0.13420723851851854
2024-05-27 13:32:29,8528.0,-0.13422822814814817
2024-05-27 13:32:30,8529.0,-0.13425096
2024-05-27 13:32:31,8530.0,-0.1342751851851852
2024-05-27 13:32:32,8531.0,-0.13430065481481482
2024-05-27 13:32:33,8532.0,-0.13432712000000002
2024-05-27 13:32:34,8533.0,-0.13435433185185186
2024-05-27 13:32:35,8534.0,-0.13438204148148147
2024-05-27 13:32:36,8535.0,-0.13441
2024-05-27 13:32:37,8536.0,-0.1344379585185185
2024-05-27 13:32:38,8537.0,-0.13446566814814817
2024-05-27 13:32:39,8538.0,-0.13449288
2024-05-27 13:32:40,8539.0,-0.13451934518518519
2024-05-27 13:32:41,8540.0,-0.1345448148148148
2024-05-27 13:32:42,8541.0,-0.13456904
2024-05-27 13:32:43,8542.0,-0.13459177185185187
2024-05-27 13:32:44,8543.0,-0.1346127614814815
2024-05-27 13:32:45,8544.0,-0.13463176
2024-05-27 13:32:46,8545.0,-0.13464851851851853
2024-05-27 13:32:47,8546.0,-0.13466278814814814
2024-05-27 13:32:48,8547.0,-0.13467432000000001
2024-05-27 13:32:49,8548.0,-0.1346828651851852
2024-05-27 13:32:50,8549.0,-0.13468817481481482
2024-05-27 13:32:51,8550.0,-0.13469
2024-05-27 13:32:52,8551.0,-0.13468817481481482
2024-05-27 13:32:53,8552.0,-0.13468286518518519
2024-05-27 13:32:54,8553.0,-0.13467432
2024-05-27 13:32:55,8554.0,-0.13466278814814817
2024-05-27 13:32:56,8555.0,-0.13464851851851853
2024-05-27 13:32:57,8556.0,-0.13463176000000002
2024-05-27 13:32:58,8557.0,-0.13461276148148146
2024-05-27 13:32:59,8558.0,-0.13459177185185184
2024-05-27 13:33:00,8559.0,-0.13456904
2024-05-27 13:33:01,8560.0,-0.1345448148148148
2024-05-27 13:33:02,8561.0,-0.13451934518518519
2024-05-27 13:33:03,8562.0,-0.13449287999999998
2024-05-27 13:33:04,8563.0,-0.13446566814814814
2024-05-27 13:33:05,8564.0,-0.13443795851851853
2024-05-27 13:33:06,8565.0,-0.13441
2024-05-27 13:33:07,8566.0,-0.1343820414814815
2024-05-27 13:33:08,8567.0,-0.13435433185185183
2024-05-27 13:33:09,8568.0,-0.13432712
2024-05-27 13:33:10,8569.0,-0.13430065481481482
2024-05-27 13:33:11,8570.0,-0.1342751851851852
2024-05-27 13:33:12,8571.0,-0.13425096
2024-05-27 13:33:13,8572.0,-0.13422822814814814
2024-05-27 13:33:14,8573.0,-0.1342072385185185
2024-05-27 13:33:15,8574.0,-0.13418824000000001
2024-05-27 13:33:16,8575.0,-0.13417148148148147
2024-05-27 13:33:17,8576.0,-0.13415721185185187
2024-05-27 13:33:18,8577.0,-0.13414568
2024-05-27 13:33:19,8578.0,-0.1341371348148148
2024-05-27 13:33:20,8579.0,-0.13413182518518518
2024-05-27 13:33:21,8580.0,-0.13413
2024-05-27 13:33:22,8581.0,-0.13413182518518518
2024-05-27 13:33:23,8582.0,-0.13413713481481482
2024-05-27 13:33:24,8583.0,-0.13414568000000002
2024-05-27 13:33:25,8584.0,-0.13415721185185184
2024-05-27 13:33:26,8585.0,-0.13417148148148147
2024-05-27 13:33:27,8586.0,-0.13418824
2024-05-27 13:33:28,8587.0,-0.13420723851851854
2024-05-27 13:33:29,8588.0,-0.13422822814814817
2024-05-27 13:33:30,8589.0,-0.13425096
2024-05-27 13:33:31,8590.0,-0.1342751851851852
2024-05-27 13:33:32,8591.0,-0.13430065481481482
2024-05-27 13:33:33,8592.0,-0.13432712000000002
2024-05-27 13:33:34,8593.0,-0.13435433185185186
2024-05-27 13:33:35,8594.0,-0.13438204148148147
2024-05-27 13:33:36,8595.0,-0.13441
2024-05-27 13:33:37,8596.0,-0.1344379585185185
2024-05-27 13:33:38,8597.0,-0.13446566814814817
2024-05-27 13:33:39,8598.0,-0.13449288
2024-05-27 13:33:40,8599.0,-0.13451934518518519
2024-05-27 13:33:41,8600.0,-0.1345448148148148
2024-05-27 13:33:42,8601.0,-0.13456904
2024-05-27 13:33:43,8602.0,-0.13459177185185187
2024-05-27 13:33:44,8603.0,-0.1346127614814815
2024-05-27 13:33:45,8604.0,-0.13463176
2024-05-27 13:33:46,8605.0,-0.13464851851851853
2024-05-27 13:33:47,8606.0,-0.13466278814814814
2024-05-27 13:33:48,8607.0,-0.13467432000000001
2024-05-27 13:33:49,8608.0,-0.1346828651851852
2024-05-27 13:33:50,8609.0,-0.13468817481481482
2024-05-27 13:33:51,8610.0,-0.13469
2024-05-27 13:33:52,8611.0,-0.1346887762962963
2024-05-27 13:33:53,8612.0,-0.13468518814814814
2024-05-27 13:33:54,8613.0,-0.13467936000000003
2024-05-27 13:33:55,8614.0,-0.1346714162962963
2024-05-27 13:33:56,8615.0,-0.13466148148148147
2024-05-27 13:33:57,8616.0,-0.13464968
2024-05-27 13:33:58,8617.0,-0.1346361362962963
2024-05-27 13:33:59,8618.0,-0.13462097481481483
2024-05-27 13:34:00,8619.0,-0.13460432
2024-05-27 13:34:01,8620.0,-0.1345862962962963
2024-05-27 13:34:02,8621.0,-0.13456702814814817
2024-05-27 13:34:03,8622.0,-0.13454664000000002
2024-05-27 13:34:04,8623.0,-0.1345252562962963
2024-05-27 13:34:05,8624.0,-0.1345030014814815
2024-05-27 13:34:06,8625.0,-0.13448000000000002
2024-05-27 13:34:07,8626.0,-0.1344563762962963
2024-05-27 13:34:08,8627.0,-0.13443225481481483
2024-05-27 13:34:09,8628.0,-0.13440776000000001
2024-05-27 13:34:10,8629.0,-0.13438301629629631
2024-05-27 13:34:11,8630.0,-0.13435814814814814
2024-05-27 13:34:12,8631.0,-0.13433328
2024-05-27 13:34:13,8632.0,-0.1343085362962963
2024-05-27 13:34:14,8633.0,-0.1342840414814815
2024-05-27 13:34:15,8634.0,-0.13425991999999998
2024-05-27 13:34:16,8635.0,-0.1342362962962963
2024-05-27 13:34:17,8636.0,-0.1342132948148148
2024-05-27 13:34:18,8637.0,-0.13419104
2024-05-27 13:34:19,8638.0,-0.1341696562962963
2024-05-27 13:34:20,8639.0,-0.13414926814814815
2024-05-27 13:34:21,8640.0,-0.13413
2024-05-27 13:34:22,8641.0,-0.13411073185185185
2024-05-27 13:34:23,8642.0,-0.13409034370370368
2024-05-27 13:34:24,8643.0,-0.13406896000000001
2024-05-27 13:34:25,8644.0,-0.1340467051851852
2024-05-27 13:34:26,8645.0,-0.1340237037037037
2024-05-27 13:34:27,8646.0,-0.13400008
2024-05-27 13:34:28,8647.0,-0.1339759585185185
2024-05-27 13:34:29,8648.0,-0.1339514637037037
2024-05-27 13:34:30,8649.0,-0.13392672
2024-05-27 13:34:31,8650.0,-0.13390185185185186
2024-05-27 13:34:32,8651.0,-0.1338769837037037
2024-05-27 13:34:33,8652.0,-0.13385224
2024-05-27 13:34:34,8653.0,-0.13382774518518517
2024-05-27 13:34:35,8654.0,-0.13380362370370372
2024-05-27 13:34:36,8655.0,-0.13378
2024-05-27 13:34:37,8656.0,-0.13375699851851852
2024-05-27 13:34:38,8657.0,-0.1337347437037037
2024-05-27 13:34:39,8658.0,-0.13371336
2024-05-27 13:34:40,8659.0,-0.13369297185185186
2024-05-27 13:34:41,8660.0,-0.1336737037037037
2024-05-27 13:34:42,8661.0,-0.13365568
2024-05-27 13:34:43,8662.0,-0.13363902518518517
2024-05-27 13:34:44,8663.0,-0.1336238637037037
2024-05-27 13:34:45,8664.0,-0.13361031999999998
2024-05-27 13:34:46,8665.0,-0.13359851851851853
2024-05-27 13:34:47,8666.0,-0.1335885837037037
2024-05-27 13:34:48,8667.0,-0.13358064
2024-05-27 13:34:49,8668.0,-0.13357481185185183
2024-05-27 13:34:50,8669.0,-0.1335712237037037
2024-05-27 13:34:51,8670.0,-0.13357
2024-05-27 13:34:52,8671.0,-0.1335718154074074
2024-05-27 13:34:53,8672.0,-0.1335770965925926
2024-05-27 13:34:54,8673.0,-0.133585596
2024-05-27 13:34:55,8674.0,-0.13359706607407407
2024-05-27 13:34:56,8675.0,-0.13361125925925924
2024-05-27 13:34:57,8676.0,-0.133627928
2024-05-27 13:34:58,8677.0,-0.13364682474074072
2024-05-27 13:34:59,8678.0,-0.13366770192592592
2024-05-27 13:35:00,8679.0,-0.133690312
2024-05-27 13:35:01,8680.0,-0.1337144074074074
2024-05-27 13:35:02,8681.0,-0.13373974059259258
2024-05-27 13:35:03,8682.0,-0.133766064
2024-05-27 13:35:04,8683.0,-0.13379313007407406
2024-05-27 13:35:05,8684.0,-0.13382069125925924
2024-05-27 13:35:06,8685.0,-0.13384849999999998
2024-05-27 13:35:07,8686.0,-0.13387630874074075
2024-05-27 13:35:08,8687.0,-0.13390386992592593
2024-05-27 13:35:09,8688.0,-0.133930936
2024-05-27 13:35:10,8689.0,-0.1339572594074074
2024-05-27 13:35:11,8690.0,-0.1339825925925926
2024-05-27 13:35:12,8691.0,-0.134006688
2024-05-27 13:35:13,8692.0,-0.13402929807407407
2024-05-27 13:35:14,8693.0,-0.13405017525925925
2024-05-27 13:35:15,8694.0,-0.13406907199999998
2024-05-27 13:35:16,8695.0,-0.13408574074074073
2024-05-27 13:35:17,8696.0,-0.13409993392592592
2024-05-27 13:35:18,8697.0,-0.134111404
2024-05-27 13:35:19,8698.0,-0.13411990340740743
2024-05-27 13:35:20,8699.0,-0.1341251845925926
2024-05-27 13:35:21,8700.0,-0.134127
2024-05-27 13:35:22,8701.0,-0.13412598369857992
2024-05-27 13:35:23,8702.0,-0.1341229896098412
2024-05-27 13:35:24,8703.0,-0.1341180999570662
2024-05-27 13:35:25,8704.0,-0.13411139696353716
2024-05-27 13:35:26,8705.0,-0.13410296285253648
2024-05-27 13:35:27,8706.0,-0.13409287984734644
2024-05-27 13:35:28,8707.0,-0.13408123017124937
2024-05-27 13:35:29,8708.0,-0.13406809604752754
2024-05-27 13:35:30,8709.0,-0.1340535596994633
2024-05-27 13:35:31,8710.0,-0.134037703350339
2024-05-27 13:35:32,8711.0,-0.1340206092234369
2024-05-27 13:35:33,8712.0,-0.13400235954203935
2024-05-27 13:35:34,8713.0,-0.13398303652942864
2024-05-27 13:35:35,8714.0,-0.1339627224088871
2024-05-27 13:35:36,8715.0,-0.13394149940369707
2024-05-27 13:35:37,8716.0,-0.13391944973714084
2024-05-27 13:35:38,8717.0,-0.1338966556325007
2024-05-27 13:35:39,8718.0,-0.13387319931305905
2024-05-27 13:35:40,8719.0,-0.1338491630020981
2024-05-27 13:35:41,8720.0,-0.13382462892290026
2024-05-27 13:35:42,8721.0,-0.13379967929874775
2024-05-27 13:35:43,8722.0,-0.133774396352923
2024-05-27 13:35:44,8723.0,-0.13374886230870822
2024-05-27 13:35:45,8724.0,-0.1337231593893858
2024-05-27 13:35:46,8725.0,-0.13369736981823804
2024-05-27 13:35:47,8726.0,-0.13367157581854722
2024-05-27 13:35:48,8727.0,-0.1336458596135957
2024-05-27 13:35:49,8728.0,-0.13362030342666578
2024-05-27 13:35:50,8729.0,-0.13359498948103976
2024-05-27 13:35:51,8730.0,-0.13357
2024-05-27 13:35:52,8731.0,-0.13354317555599723
2024-05-27 13:35:53,8732.0,-0.1335125235362972
2024-05-27 13:35:54,8733.0,-0.1334783763864043
2024-05-27 13:35:55,8734.0,-0.13344106655182317
2024-05-27 13:35:56,8735.0,-0.13340092647805823
2024-05-27 13:35:57,8736.0,-0.1333582886106142
2024-05-27 13:35:58,8737.0,-0.13331348539499546
2024-05-27 13:35:59,8738.0,-0.13326684927670662
2024-05-27 13:36:00,8739.0,-0.13321871270125224
2024-05-27 13:36:01,8740.0,-0.1331694081141368
2024-05-27 13:36:02,8741.0,-0.13311926796086487
2024-05-27 13:36:03,8742.0,-0.13306862468694097
2024-05-27 13:36:04,8743.0,-0.13301781073786967
2024-05-27 13:36:05,8744.0,-0.13296715855915547
2024-05-27 13:36:06,8745.0,-0.13291700059630293
2024-05-27 13:36:07,8746.0,-0.13286766929481658
2024-05-27 13:36:08,8747.0,-0.132819497100201
2024-05-27 13:36:09,8748.0,-0.13277281645796066
2024-05-27 13:36:10,8749.0,-0.13272795981360017
2024-05-27 13:36:11,8750.0,-0.13268525961262398
2024-05-27 13:36:12,8751.0,-0.13264504830053667
2024-05-27 13:36:13,8752.0,-0.13260765832284283
2024-05-27 13:36:14,8753.0,-0.13257342212504694
2024-05-27 13:36:15,8754.0,-0.13254267215265356
2024-05-27 13:36:16,8755.0,-0.1325157408511672
2024-05-27 13:36:17,8756.0,-0.13249296066609245
2024-05-27 13:36:18,8757.0,-0.13247466404293384
2024-05-27 13:36:19,8758.0,-0.13246118342719587
2024-05-27 13:36:20,8759.0,-0.13245285126438305
2024-05-27 13:36:21,8760.0,-0.13245
2024-05-27 13:36:22,8761.0,-0.13245
2024-05-27 13:36:23,8762.0,-0.13245
2024-05-27 13:36:24,8763.0,-0.13245
2024-05-27 13:36:25,8764.0,-0.13245
2024-05-27 13:36:26,8765.0,-0.13245
2024-05-27 13:36:27,8766.0,-0.13245
2024-05-27 13:36:28,8767.0,-0.13245
2024-05-27 13:36:29,8768.0,-0.13245
2024-05-27 13:36:30,8769.0,-0.13245
2024-05-27 13:36:31,8770.0,-0.13245
2024-05-27 13:36:32,8771.0,-0.13245
2024-05-27 13:36:33,8772.0,-0.13245
2024-05-27 13:36:34,8773.0,-0.13245
2024-05-27 13:36:35,8774.0,-0.13245
2024-05-27 13:36:36,8775.0,-0.13245
2024-05-27 13:36:37,8776.0,-0.13245
2024-05-27 13:36:38,8777.0,-0.13245
2024-05-27 13:36:39,8778.0,-0.13245
2024-05-27 13:36:40,8779.0,-0.13245
2024-05-27 13:36:41,8780.0,-0.13245
2024-05-27 13:36:42,8781.0,-0.13245
2024-05-27 13:36:43,8782.0,-0.13245
2024-05-27 13:36:44,8783.0,-0.13245
2024-05-27 13:36:45,8784.0,-0.13245
2024-05-27 13:36:46,8785.0,-0.13245
2024-05-27 13:36:47,8786.0,-0.13245
2024-05-27 13:36:48,8787.0,-0.13245
2024-05-27 13:36:49,8788.0,-0.13245
2024-05-27 13:36:50,8789.0,-0.13245
2024-05-27 13:36:51,8790.0,-0.13245
2024-05-27 13:36:52,8791.0,-0.13245102320987656
2024-05-27 13:36:53,8792.0,-0.1324540375308642
2024-05-27 13:36:54,8793.0,-0.13245896000000001
2024-05-27 13:36:55,8794.0,-0.132465707654321
2024-05-27 13:36:56,8795.0,-0.1324741975308642
2024-05-27 13:36:57,8796.0,-0.13248434666666667
2024-05-27 13:36:58,8797.0,-0.13249607209876543
2024-05-27 13:36:59,8798.0,-0.13250929086419755
2024-05-27 13:37:00,8799.0,-0.13252392000000002
2024-05-27 13:37:01,8800.0,-0.1325398765432099
2024-05-27 13:37:02,8801.0,-0.1325570775308642
2024-05-27 13:37:03,8802.0,-0.13257544000000002
2024-05-27 13:37:04,8803.0,-0.13259488098765435
2024-05-27 13:37:05,8804.0,-0.13261531753086422
2024-05-27 13:37:06,8805.0,-0.13263666666666668
2024-05-27 13:37:07,8806.0,-0.13265884543209877
2024-05-27 13:37:08,8807.0,-0.13268177086419755
2024-05-27 13:37:09,8808.0,-0.13270536000000002
2024-05-27 13:37:10,8809.0,-0.13272952987654324
2024-05-27 13:37:11,8810.0,-0.1327541975308642
2024-05-27 13:37:12,8811.0,-0.13277928
2024-05-27 13:37:13,8812.0,-0.13280469432098768
2024-05-27 13:37:14,8813.0,-0.13283035753086422
2024-05-27 13:37:15,8814.0,-0.13285618666666668
2024-05-27 13:37:16,8815.0,-0.1328820987654321
2024-05-27 13:37:17,8816.0,-0.13290801086419757
2024-05-27 13:37:18,8817.0,-0.13293384000000003
2024-05-27 13:37:19,8818.0,-0.13295950320987657
2024-05-27 13:37:20,8819.0,-0.1329849175308642
2024-05-27 13:37:21,8820.0,-0.13301000000000002
2024-05-27 13:37:22,8821.0,-0.133036907654321
2024-05-27 13:37:23,8822.0,-0.13306763160493829
2024-05-27 13:37:24,8823.0,-0.13310184000000003
2024-05-27 13:37:25,8824.0,-0.13313920098765433
2024-05-27 13:37:26,8825.0,-0.13317938271604943
2024-05-27 13:37:27,8826.0,-0.13322205333333334
2024-05-27 13:37:28,8827.0,-0.13326688098765432
2024-05-27 13:37:29,8828.0,-0.13331353382716052
2024-05-27 13:37:30,8829.0,-0.13336168
2024-05-27 13:37:31,8830.0,-0.133410987654321
2024-05-27 13:37:32,8831.0,-0.1334611249382716
2024-05-27 13:37:33,8832.0,-0.13351176000000003
2024-05-27 13:37:34,8833.0,-0.13356256098765432
2024-05-27 13:37:35,8834.0,-0.13361319604938274
2024-05-27 13:37:36,8835.0,-0.13366333333333333
2024-05-27 13:37:37,8836.0,-0.13371264098765434
2024-05-27 13:37:38,8837.0,-0.13376078716049383
2024-05-27 13:37:39,8838.0,-0.13380744
2024-05-27 13:37:40,8839.0,-0.13385226765432098
2024-05-27 13:37:41,8840.0,-0.13389493827160495
2024-05-27 13:37:42,8841.0,-0.13393512000000002
2024-05-27 13:37:43,8842.0,-0.1339724809876543
2024-05-27 13:37:44,8843.0,-0.13400668938271604
2024-05-27 13:37:45,8844.0,-0.13403741333333333
2024-05-27 13:37:46,8845.0,-0.13406432098765433
2024-05-27 13:37:47,8846.0,-0.13408708049382714
2024-05-27 13:37:48,8847.0,-0.13410536
2024-05-27 13:37:49,8848.0,-0.13411882765432098
2024-05-27 13:37:50,8849.0,-0.13412715160493827
2024-05-27 13:37:51,8850.0,-0.13413
2024-05-27 13:37:52,8851.0,-0.13412817481481482
2024-05-27 13:37:53,8852.0,-0.13412286518518518
2024-05-27 13:37:54,8853.0,-0.13411431999999998
2024-05-27 13:37:55,8854.0,-0.13410278814814816
2024-05-27 13:37:56,8855.0,-0.13408851851851852
2024-05-27 13:37:57,8856.0,-0.13407176
2024-05-27 13:37:58,8857.0,-0.13405276148148146
2024-05-27 13:37:59,8858.0,-0.13403177185185183
2024-05-27 13:38:00,8859.0,-0.13400904
2024-05-27 13:38:01,8860.0,-0.1339848148148148
2024-05-27 13:38:02,8861.0,-0.13395934518518518
2024-05-27 13:38:03,8862.0,-0.13393287999999998
2024-05-27 13:38:04,8863.0,-0.13390566814814814
2024-05-27 13:38:05,8864.0,-0.13387795851851853
2024-05-27 13:38:06,8865.0,-0.13385
2024-05-27 13:38:07,8866.0,-0.1338220414814815
2024-05-27 13:38:08,8867.0,-0.13379433185185183
2024-05-27 13:38:09,8868.0,-0.13376712
2024-05-27 13:38:10,8869.0,-0.1337406548148148
2024-05-27 13:38:11,8870.0,-0.1337151851851852
2024-05-27 13:38:12,8871.0,-0.13369096
2024-05-27 13:38:13,8872.0,-0.13366822814814813
2024-05-27 13:38:14,8873.0,-0.1336472385185185
2024-05-27 13:38:15,8874.0,-0.13362824
2024-05-27 13:38:16,8875.0,-0.13361148148148147
2024-05-27 13:38:17,8876.0,-0.13359721185185186
2024-05-27 13:38:18,8877.0,-0.13358567999999998
2024-05-27 13:38:19,8878.0,-0.13357713481481479
2024-05-27 13:38:20,8879.0,-0.13357182518518518
2024-05-27 13:38:21,8880.0,-0.13357
2024-05-27 13:38:22,8881.0,-0.13357547555555555
2024-05-27 13:38:23,8882.0,-0.13359140444444445
2024-05-27 13:38:24,8883.0,-0.13361704
2024-05-27 13:38:25,8884.0,-0.13365163555555554
2024-05-27 13:38:26,8885.0,-0.13369444444444445
2024-05-27 13:38:27,8886.0,-0.13374471999999998
2024-05-27 13:38:28,8887.0,-0.13380171555555556
2024-05-27 13:38:29,8888.0,-0.13386468444444444
2024-05-27 13:38:30,8889.0,-0.13393288
2024-05-27 13:38:31,8890.0,-0.13400555555555554
2024-05-27 13:38:32,8891.0,-0.13408196444444445
2024-05-27 13:38:33,8892.0,-0.13416136
2024-05-27 13:38:34,8893.0,-0.13424299555555555
2024-05-27 13:38:35,8894.0,-0.13432612444444444
2024-05-27 13:38:36,8895.0,-0.13441
2024-05-27 13:38:37,8896.0,-0.13449387555555556
2024-05-27 13:38:38,8897.0,-0.13457700444444445
2024-05-27 13:38:39,8898.0,-0.13465864
2024-05-27 13:38:40,8899.0,-0.13473803555555555
2024-05-27 13:38:41,8900.0,-0.13481444444444446
2024-05-27 13:38:42,8901.0,-0.13488712
2024-05-27 13:38:43,8902.0,-0.13495531555555557
2024-05-27 13:38:44,8903.0,-0.13501828444444447
2024-05-27 13:38:45,8904.0,-0.13507528
2024-05-27 13:38:46,8905.0,-0.13512555555555555
2024-05-27 13:38:47,8906.0,-0.13516836444444444
2024-05-27 13:38:48,8907.0,-0.13520296
2024-05-27 13:38:49,8908.0,-0.13522859555555558
2024-05-27 13:38:50,8909.0,-0.13524452444444446
2024-05-27 13:38:51,8910.0,-0.13525
2024-05-27 13:38:52,8911.0,-0.13524366162962964
2024-05-27 13:38:53,8912.0,-0.13522517748148147
2024-05-27 13:38:54,8913.0,-0.13519534400000002
2024-05-27 13:38:55,8914.0,-0.13515495762962965
2024-05-27 13:38:56,8915.0,-0.13510481481481482
2024-05-27 13:38:57,8916.0,-0.135045712
2024-05-27 13:38:58,8917.0,-0.13497844562962963
2024-05-27 13:38:59,8918.0,-0.13490381214814814
2024-05-27 13:39:00,8919.0,-0.134822608
2024-05-27 13:39:01,8920.0,-0.13473562962962965
2024-05-27 13:39:02,8921.0,-0.1346436734814815
2024-05-27 13:39:03,8922.0,-0.13454753600000002
2024-05-27 13:39:04,8923.0,-0.13444801362962963
2024-05-27 13:39:05,8924.0,-0.13434590281481484
2024-05-27 13:39:06,8925.0,-0.13424200000000003
2024-05-27 13:39:07,8926.0,-0.13413710162962963
2024-05-27 13:39:08,8927.0,-0.13403200414814817
2024-05-27 13:39:09,8928.0,-0.13392750400000003
2024-05-27 13:39:10,8929.0,-0.13382439762962967
2024-05-27 13:39:11,8930.0,-0.1337234814814815
2024-05-27 13:39:12,8931.0,-0.133625552
2024-05-27 13:39:13,8932.0,-0.13353140562962965
2024-05-27 13:39:14,8933.0,-0.13344183881481483
2024-05-27 13:39:15,8934.0,-0.13335764800000002
2024-05-27 13:39:16,8935.0,-0.13327962962962964
2024-05-27 13:39:17,8936.0,-0.13320858014814818
2024-05-27 13:39:18,8937.0,-0.133145296
2024-05-27 13:39:19,8938.0,-0.13309057362962964
2024-05-27 13:39:20,8939.0,-0.13304520948148152
2024-05-27 13:39:21,8940.0,-0.13301000000000002
2024-05-27 13:39:22,8941.0,-0.1329802660740741
2024-05-27 13:39:23,8942.0,-0.13295083081481482
2024-05-27 13:39:24,8943.0,-0.132921744
2024-05-27 13:39:25,8944.0,-0.1328930554074074
2024-05-27 13:39:26,8945.0,-0.13286481481481485
2024-05-27 13:39:27,8946.0,-0.13283707200000003
2024-05-27 13:39:28,8947.0,-0.13280987674074074
2024-05-27 13:39:29,8948.0,-0.13278327881481483
2024-05-27 13:39:30,8949.0,-0.132757328
2024-05-27 13:39:31,8950.0,-0.13273207407407409
2024-05-27 13:39:32,8951.0,-0.13270756681481483
2024-05-27 13:39:33,8952.0,-0.13268385600000002
2024-05-27 13:39:34,8953.0,-0.13266099140740742
2024-05-27 13:39:35,8954.0,-0.13263902281481482
2024-05-27 13:39:36,8955.0,-0.132618
2024-05-27 13:39:37,8956.0,-0.13259797274074078
2024-05-27 13:39:38,8957.0,-0.13257899081481483
2024-05-27 13:39:39,8958.0,-0.13256110400000004
2024-05-27 13:39:40,8959.0,-0.13254436207407408
2024-05-27 13:39:41,8960.0,-0.13252881481481485
2024-05-27 13:39:42,8961.0,-0.13251451200000003
2024-05-27 13:39:43,8962.0,-0.1325015034074074
2024-05-27 13:39:44,8963.0,-0.13248983881481483
2024-05-27 13:39:45,8964.0,-0.132479568
2024-05-27 13:39:46,8965.0,-0.13247074074074075
2024-05-27 13:39:47,8966.0,-0.13246340681481483
2024-05-27 13:39:48,8967.0,-0.132457616
2024-05-27 13:39:49,8968.0,-0.1324534180740741
2024-05-27 13:39:50,8969.0,-0.1324508628148148
2024-05-27 13:39:51,8970.0,-0.13245
2024-05-27 13:39:52,8971.0,-0.13245547555555556
2024-05-27 13:39:53,8972.0,-0.13247140444444447
2024-05-27 13:39:54,8973.0,-0.13249704
2024-05-27 13:39:55,8974.0,-0.13253163555555555
2024-05-27 13:39:56,8975.0,-0.13257444444444447
2024-05-27 13:39:57,8976.0,-0.13262472
2024-05-27 13:39:58,8977.0,-0.13268171555555558
2024-05-27 13:39:59,8978.0,-0.13274468444444446
2024-05-27 13:40:00,8979.0,-0.13281288000000002
2024-05-27 13:40:01,8980.0,-0.13288555555555556
2024-05-27 13:40:02,8981.0,-0.13296196444444447
2024-05-27 13:40:03,8982.0,-0.13304136
2024-05-27 13:40:04,8983.0,-0.13312299555555557
2024-05-27 13:40:05,8984.0,-0.13320612444444446
2024-05-27 13:40:06,8985.0,-0.13329
2024-05-27 13:40:07,8986.0,-0.13337387555555555
2024-05-27 13:40:08,8987.0,-0.13345700444444444
2024-05-27 13:40:09,8988.0,-0.13353864000000001
2024-05-27 13:40:10,8989.0,-0.13361803555555557
2024-05-27 13:40:11,8990.0,-0.13369444444444445
2024-05-27 13:40:12,8991.0,-0.13376712000000002
2024-05-27 13:40:13,8992.0,-0.13383531555555556
2024-05-27 13:40:14,8993.0,-0.13389828444444443
2024-05-27 13:40:15,8994.0,-0.13395527999999998
2024-05-27 13:40:16,8995.0,-0.13400555555555554
2024-05-27 13:40:17,8996.0,-0.13404836444444446
2024-05-27 13:40:18,8997.0,-0.13408296
2024-05-27 13:40:19,8998.0,-0.13410859555555554
2024-05-27 13:40:20,8999.0,-0.13412452444444442
2024-05-27 13:40:21,9000.0,-0.13413
2024-05-27 13:40:22,9001.0,-0.13412452444444445
2024-05-27 13:40:23,9002.0,-0.13410859555555554
2024-05-27 13:40:24,9003.0,-0.13408296
2024-05-27 13:40:25,9004.0,-0.13404836444444446
2024-05-27 13:40:26,9005.0,-0.13400555555555554
2024-05-27 13:40:27,9006.0,-0.13395528
2024-05-27 13:40:28,9007.0,-0.13389828444444443
2024-05-27 13:40:29,9008.0,-0.13383531555555556
2024-05-27 13:40:30,9009.0,-0.13376712
2024-05-27 13:40:31,9010.0,-0.13369444444444445
2024-05-27 13:40:32,9011.0,-0.13361803555555554
2024-05-27 13:40:33,9012.0,-0.13353864000000001
2024-05-27 13:40:34,9013.0,-0.13345700444444444
2024-05-27 13:40:35,9014.0,-0.13337387555555555
2024-05-27 13:40:36,9015.0,-0.13329000000000002
2024-05-27 13:40:37,9016.0,-0.13320612444444446
2024-05-27 13:40:38,9017.0,-0.13312299555555557
2024-05-27 13:40:39,9018.0,-0.13304136
2024-05-27 13:40:40,9019.0,-0.13296196444444444
2024-05-27 13:40:41,9020.0,-0.13288555555555556
2024-05-27 13:40:42,9021.0,-0.13281288
2024-05-27 13:40:43,9022.0,-0.13274468444444446
2024-05-27 13:40:44,9023.0,-0.13268171555555558
2024-05-27 13:40:45,9024.0,-0.13262472000000003
2024-05-27 13:40:46,9025.0,-0.13257444444444447
2024-05-27 13:40:47,9026.0,-0.13253163555555555
2024-05-27 13:40:48,9027.0,-0.13249704
2024-05-27 13:40:49,9028.0,-0.13247140444444447
2024-05-27 13:40:50,9029.0,-0.1324554755555556
2024-05-27 13:40:51,9030.0,-0.13245
2024-05-27 13:40:52,9031.0,-0.1324512237037037
2024-05-27 13:40:53,9032.0,-0.13245481185185187
2024-05-27 13:40:54,9033.0,-0.13246064
2024-05-27 13:40:55,9034.0,-0.1324685837037037
2024-05-27 13:40:56,9035.0,-0.13247851851851855
2024-05-27 13:40:57,9036.0,-0.13249032000000002
2024-05-27 13:40:58,9037.0,-0.1325038637037037
2024-05-27 13:40:59,9038.0,-0.13251902518518519
2024-05-27 13:41:00,9039.0,-0.13253568000000002
2024-05-27 13:41:01,9040.0,-0.13255370370370373
2024-05-27 13:41:02,9041.0,-0.13257297185185185
2024-05-27 13:41:03,9042.0,-0.13259336
2024-05-27 13:41:04,9043.0,-0.1326147437037037
2024-05-27 13:41:05,9044.0,-0.1326369985185185
2024-05-27 13:41:06,9045.0,-0.13266
2024-05-27 13:41:07,9046.0,-0.1326836237037037
2024-05-27 13:41:08,9047.0,-0.1327077451851852
2024-05-27 13:41:09,9048.0,-0.13273224000000003
2024-05-27 13:41:10,9049.0,-0.1327569837037037
2024-05-27 13:41:11,9050.0,-0.13278185185185187
2024-05-27 13:41:12,9051.0,-0.13280672000000002
2024-05-27 13:41:13,9052.0,-0.13283146370370372
2024-05-27 13:41:14,9053.0,-0.13285595851851853
2024-05-27 13:41:15,9054.0,-0.13288008
2024-05-27 13:41:16,9055.0,-0.13290370370370372
2024-05-27 13:41:17,9056.0,-0.1329267051851852
2024-05-27 13:41:18,9057.0,-0.13294896000000003
2024-05-27 13:41:19,9058.0,-0.13297034370370373
2024-05-27 13:41:20,9059.0,-0.13299073185185187
2024-05-27 13:41:21,9060.0,-0.13301000000000002
2024-05-27 13:41:22,9061.0,-0.13302866666666668
2024-05-27 13:41:23,9062.0,-0.13304733333333335
2024-05-27 13:41:24,9063.0,-0.13306600000000002
2024-05-27 13:41:25,9064.0,-0.13308466666666668
2024-05-27 13:41:26,9065.0,-0.13310333333333335
2024-05-27 13:41:27,9066.0,-0.13312200000000002
2024-05-27 13:41:28,9067.0,-0.13314066666666668
2024-05-27 13:41:29,9068.0,-0.13315933333333335
2024-05-27 13:41:30,9069.0,-0.13317800000000002
2024-05-27 13:41:31,9070.0,-0.13319666666666669
2024-05-27 13:41:32,9071.0,-0.13321533333333335
2024-05-27 13:41:33,9072.0,-0.13323400000000002
2024-05-27 13:41:34,9073.0,-0.13325266666666669
2024-05-27 13:41:35,9074.0,-0.13327133333333335
2024-05-27 13:41:36,9075.0,-0.13329000000000002
2024-05-27 13:41:37,9076.0,-0.1333086666666667
2024-05-27 13:41:38,9077.0,-0.13332733333333335
2024-05-27 13:41:39,9078.0,-0.133346
2024-05-27 13:41:40,9079.0,-0.13336466666666666
2024-05-27 13:41:41,9080.0,-0.13338333333333333
2024-05-27 13:41:42,9081.0,-0.133402
2024-05-27 13:41:43,9082.0,-0.13342066666666666
2024-05-27 13:41:44,9083.0,-0.13343933333333333
2024-05-27 13:41:45,9084.0,-0.13345800000000002
2024-05-27 13:41:46,9085.0,-0.1334766666666667
2024-05-27 13:41:47,9086.0,-0.13349533333333335
2024-05-27 13:41:48,9087.0,-0.13351400000000002
2024-05-27 13:41:49,9088.0,-0.1335326666666667
2024-05-27 13:41:50,9089.0,-0.13355133333333336
2024-05-27 13:41:51,9090.0,-0.13357
2024-05-27 13:41:52,9091.0,-0.13358926814814814
2024-05-27 13:41:53,9092.0,-0.13360965629629631
2024-05-27 13:41:54,9093.0,-0.13363103999999998
2024-05-27 13:41:55,9094.0,-0.1336532948148148
2024-05-27 13:41:56,9095.0,-0.1336762962962963
2024-05-27 13:41:57,9096.0,-0.13369992
2024-05-27 13:41:58,9097.0,-0.13372404148148148
2024-05-27 13:41:59,9098.0,-0.1337485362962963
2024-05-27 13:42:00,9099.0,-0.13377328
2024-05-27 13:42:01,9100.0,-0.13379814814814814
2024-05-27 13:42:02,9101.0,-0.13382301629629628
2024-05-27 13:42:03,9102.0,-0.13384775999999998
2024-05-27 13:42:04,9103.0,-0.13387225481481482
2024-05-27 13:42:05,9104.0,-0.13389637629629628
2024-05-27 13:42:06,9105.0,-0.13391999999999998
2024-05-27 13:42:07,9106.0,-0.13394300148148147
2024-05-27 13:42:08,9107.0,-0.1339652562962963
2024-05-27 13:42:09,9108.0,-0.13398664000000002
2024-05-27 13:42:10,9109.0,-0.13400702814814816
2024-05-27 13:42:11,9110.0,-0.1340262962962963
2024-05-27 13:42:12,9111.0,-0.13404432
2024-05-27 13:42:13,9112.0,-0.13406097481481483
2024-05-27 13:42:14,9113.0,-0.1340761362962963
2024-05-27 13:42:15,9114.0,-0.13408968
2024-05-27 13:42:16,9115.0,-0.1341014814814815
2024-05-27 13:42:17,9116.0,-0.1341114162962963
2024-05-27 13:42:18,9117.0,-0.13411936000000002
2024-05-27 13:42:19,9118.0,-0.13412518814814814
2024-05-27 13:42:20,9119.0,-0.1341287762962963
2024-05-27 13:42:21,9120.0,-0.13413
2024-05-27 13:42:22,9121.0,-0.13412817481481482
2024-05-27 13:42:23,9122.0,-0.13412286518518518
2024-05-27 13:42:24,9123.0,-0.13411431999999998
2024-05-27 13:42:25,9124.0,-0.13410278814814816
2024-05-27 13:42:26,9125.0,-0.13408851851851852
2024-05-27 13:42:27,9126.0,-0.13407176
2024-05-27 13:42:28,9127.0,-0.13405276148148146
2024-05-27 13:42:29,9128.0,-0.13403177185185183
2024-05-27 13:42:30,9129.0,-0.13400904
2024-05-27 13:42:31,9130.0,-0.1339848148148148
2024-05-27 13:42:32,9131.0,-0.13395934518518518
2024-05-27 13:42:33,9132.0,-0.13393287999999998
2024-05-27 13:42:34,9133.0,-0.13390566814814814
2024-05-27 13:42:35,9134.0,-0.13387795851851853
2024-05-27 13:42:36,9135.0,-0.13385
2024-05-27 13:42:37,9136.0,-0.1338220414814815
2024-05-27 13:42:38,9137.0,-0.13379433185185183
2024-05-27 13:42:39,9138.0,-0.13376712
2024-05-27 13:42:40,9139.0,-0.1337406548148148
2024-05-27 13:42:41,9140.0,-0.1337151851851852
2024-05-27 13:42:42,9141.0,-0.13369096
2024-05-27 13:42:43,9142.0,-0.13366822814814813
2024-05-27 13:42:44,9143.0,-0.1336472385185185
2024-05-27 13:42:45,9144.0,-0.13362824
2024-05-27 13:42:46,9145.0,-0.13361148148148147
2024-05-27 13:42:47,9146.0,-0.13359721185185186
2024-05-27 13:42:48,9147.0,-0.13358567999999998
2024-05-27 13:42:49,9148.0,-0.13357713481481479
2024-05-27 13:42:50,9149.0,-0.13357182518518518
2024-05-27 13:42:51,9150.0,-0.13357
2024-05-27 13:42:52,9151.0,-0.13357
2024-05-27 13:42:53,9152.0,-0.13357
2024-05-27 13:42:54,9153.0,-0.13357
2024-05-27 13:42:55,9154.0,-0.13357
2024-05-27 13:42:56,9155.0,-0.13357
2024-05-27 13:42:57,9156.0,-0.13357
2024-05-27 13:42:58,9157.0,-0.13357
2024-05-27 13:42:59,9158.0,-0.13357
2024-05-27 13:43:00,9159.0,-0.13357
2024-05-27 13:43:01,9160.0,-0.13357
2024-05-27 13:43:02,9161.0,-0.13357
2024-05-27 13:43:03,9162.0,-0.13357
2024-05-27 13:43:04,9163.0,-0.13357
2024-05-27 13:43:05,9164.0,-0.13357
2024-05-27 13:43:06,9165.0,-0.13357
2024-05-27 13:43:07,9166.0,-0.13357
2024-05-27 13:43:08,9167.0,-0.13357
2024-05-27 13:43:09,9168.0,-0.13357
2024-05-27 13:43:10,9169.0,-0.13357
2024-05-27 13:43:11,9170.0,-0.13357
2024-05-27 13:43:12,9171.0,-0.13357
2024-05-27 13:43:13,9172.0,-0.13357
2024-05-27 13:43:14,9173.0,-0.13357
2024-05-27 13:43:15,9174.0,-0.13357
2024-05-27 13:43:16,9175.0,-0.13357
2024-05-27 13:43:17,9176.0,-0.13357
2024-05-27 13:43:18,9177.0,-0.13357
2024-05-27 13:43:19,9178.0,-0.13357
2024-05-27 13:43:20,9179.0,-0.13357
2024-05-27 13:43:21,9180.0,-0.13357
2024-05-27 13:43:22,9181.0,-0.13357457333333334
2024-05-27 13:43:23,9182.0,-0.13358792
2024-05-27 13:43:24,9183.0,-0.13360948
2024-05-27 13:43:25,9184.0,-0.13363869333333334
2024-05-27 13:43:26,9185.0,-0.13367500000000002
2024-05-27 13:43:27,9186.0,-0.13371784
2024-05-27 13:43:28,9187.0,-0.13376665333333335
2024-05-27 13:43:29,9188.0,-0.13382088
2024-05-27 13:43:30,9189.0,-0.13387996000000002
2024-05-27 13:43:31,9190.0,-0.13394333333333333
2024-05-27 13:43:32,9191.0,-0.13401044
2024-05-27 13:43:33,9192.0,-0.13408072
2024-05-27 13:43:34,9193.0,-0.13415361333333334
2024-05-27 13:43:35,9194.0,-0.13422856
2024-05-27 13:43:36,9195.0,-0.134305
2024-05-27 13:43:37,9196.0,-0.13438237333333333
2024-05-27 13:43:38,9197.0,-0.13446012000000002
2024-05-27 13:43:39,9198.0,-0.13453768
2024-05-27 13:43:40,9199.0,-0.13461449333333336
2024-05-27 13:43:41,9200.0,-0.13469
2024-05-27 13:43:42,9201.0,-0.13476364000000002
2024-05-27 13:43:43,9202.0,-0.13483485333333334
2024-05-27 13:43:44,9203.0,-0.13490308
2024-05-27 13:43:45,9204.0,-0.13496776000000002
2024-05-27 13:43:46,9205.0,-0.13502833333333336
2024-05-27 13:43:47,9206.0,-0.13508424
2024-05-27 13:43:48,9207.0,-0.13513492000000002
2024-05-27 13:43:49,9208.0,-0.13517981333333334
2024-05-27 13:43:50,9209.0,-0.13521836
2024-05-27 13:43:51,9210.0,-0.13525
2024-05-27 13:43:52,9211.0,-0.13527798962962964
2024-05-27 13:43:53,9212.0,-0.13530591703703704
2024-05-27 13:43:54,9213.0,-0.13533372000000002
2024-05-27 13:43:55,9214.0,-0.13536133629629632
2024-05-27 13:43:56,9215.0,-0.1353887037037037
2024-05-27 13:43:57,9216.0,-0.13541576000000002
2024-05-27 13:43:58,9217.0,-0.13544244296296298
2024-05-27 13:43:59,9218.0,-0.13546869037037038
2024-05-27 13:44:00,9219.0,-0.13549444000000002
2024-05-27 13:44:01,9220.0,-0.13551962962962963
2024-05-27 13:44:02,9221.0,-0.13554419703703705
2024-05-27 13:44:03,9222.0,-0.13556808
2024-05-27 13:44:04,9223.0,-0.1355912162962963
2024-05-27 13:44:05,9224.0,-0.1356135437037037
2024-05-27 13:44:06,9225.0,-0.135635
2024-05-27 13:44:07,9226.0,-0.135655522962963
2024-05-27 13:44:08,9227.0,-0.1356750503703704
2024-05-27 13:44:09,9228.0,-0.13569352
2024-05-27 13:44:10,9229.0,-0.13571086962962964
2024-05-27 13:44:11,9230.0,-0.13572703703703706
2024-05-27 13:44:12,9231.0,-0.13574196000000002
2024-05-27 13:44:13,9232.0,-0.1357555762962963
2024-05-27 13:44:14,9233.0,-0.13576782370370372
2024-05-27 13:44:15,9234.0,-0.13577864
2024-05-27 13:44:16,9235.0,-0.13578796296296297
2024-05-27 13:44:17,9236.0,-0.13579573037037038
2024-05-27 13:44:18,9237.0,-0.13580188
2024-05-27 13:44:19,9238.0,-0.13580634962962965
2024-05-27 13:44:20,9239.0,-0.13580907703703704
2024-05-27 13:44:21,9240.0,-0.13581000000000001
2024-05-27 13:44:22,9241.0,-0.13580452444444446
2024-05-27 13:44:23,9242.0,-0.13578859555555556
2024-05-27 13:44:24,9243.0,-0.13576296000000002
2024-05-27 13:44:25,9244.0,-0.13572836444444447
2024-05-27 13:44:26,9245.0,-0.13568555555555556
2024-05-27 13:44:27,9246.0,-0.13563528000000002
2024-05-27 13:44:28,9247.0,-0.13557828444444445
2024-05-27 13:44:29,9248.0,-0.13551531555555557
2024-05-27 13:44:30,9249.0,-0.13544712
2024-05-27 13:44:31,9250.0,-0.13537444444444446
2024-05-27 13:44:32,9251.0,-0.13529803555555556
2024-05-27 13:44:33,9252.0,-0.13521864
2024-05-27 13:44:34,9253.0,-0.13513700444444446
2024-05-27 13:44:35,9254.0,-0.13505387555555556
2024-05-27 13:44:36,9255.0,-0.13497
2024-05-27 13:44:37,9256.0,-0.13488612444444445
2024-05-27 13:44:38,9257.0,-0.13480299555555555
2024-05-27 13:44:39,9258.0,-0.13472136
2024-05-27 13:44:40,9259.0,-0.13464196444444446
2024-05-27 13:44:41,9260.0,-0.13456555555555555
2024-05-27 13:44:42,9261.0,-0.13449288
2024-05-27 13:44:43,9262.0,-0.13442468444444444
2024-05-27 13:44:44,9263.0,-0.13436171555555554
2024-05-27 13:44:45,9264.0,-0.13430472000000002
2024-05-27 13:44:46,9265.0,-0.13425444444444445
2024-05-27 13:44:47,9266.0,-0.13421163555555557
2024-05-27 13:44:48,9267.0,-0.13417704
2024-05-27 13:44:49,9268.0,-0.13415140444444443
2024-05-27 13:44:50,9269.0,-0.13413547555555555
2024-05-27 13:44:51,9270.0,-0.13413
2024-05-27 13:44:52,9271.0,-0.13413182518518518
2024-05-27 13:44:53,9272.0,-0.13413713481481482
2024-05-27 13:44:54,9273.0,-0.13414568000000002
2024-05-27 13:44:55,9274.0,-0.13415721185185184
2024-05-27 13:44:56,9275.0,-0.13417148148148147
2024-05-27 13:44:57,9276.0,-0.13418824
2024-05-27 13:44:58,9277.0,-0.13420723851851854
2024-05-27 13:44:59,9278.0,-0.13422822814814817
2024-05-27 13:45:00,9279.0,-0.13425096
2024-05-27 13:45:01,9280.0,-0.1342751851851852
2024-05-27 13:45:02,9281.0,-0.13430065481481482
2024-05-27 13:45:03,9282.0,-0.13432712000000002
2024-05-27 13:45:04,9283.0,-0.13435433185185186
2024-05-27 13:45:05,9284.0,-0.13438204148148147
2024-05-27 13:45:06,9285.0,-0.13441
2024-05-27 13:45:07,9286.0,-0.1344379585185185
2024-05-27 13:45:08,9287.0,-0.13446566814814817
2024-05-27 13:45:09,9288.0,-0.13449288
2024-05-27 13:45:10,9289.0,-0.13451934518518519
2024-05-27 13:45:11,9290.0,-0.1345448148148148
2024-05-27 13:45:12,9291.0,-0.13456904
2024-05-27 13:45:13,9292.0,-0.13459177185185187
2024-05-27 13:45:14,9293.0,-0.1346127614814815
2024-05-27 13:45:15,9294.0,-0.13463176
2024-05-27 13:45:16,9295.0,-0.13464851851851853
2024-05-27 13:45:17,9296.0,-0.13466278814814814
2024-05-27 13:45:18,9297.0,-0.13467432000000001
2024-05-27 13:45:19,9298.0,-0.1346828651851852
2024-05-27 13:45:20,9299.0,-0.13468817481481482
2024-05-27 13:45:21,9300.0,-0.13469
2024-05-27 13:45:22,9301.0,-0.1346899966494048
2024-05-27 13:45:23,9302.0,-0.1346899866
2024-05-27 13:45:24,9303.0,-0.13468996985535714
2024-05-27 13:45:25,9304.0,-0.13468994641904763
2024-05-27 13:45:26,9305.0,-0.13468991629464286
2024-05-27 13:45:27,9306.0,-0.1346898794857143
2024-05-27 13:45:28,9307.0,-0.13468983599583334
2024-05-27 13:45:29,9308.0,-0.13468978582857144
2024-05-27 13:45:30,9309.0,-0.13468972898749998
2024-05-27 13:45:31,9310.0,-0.1346896654761905
2024-05-27 13:45:32,9311.0,-0.13468959529821428
2024-05-27 13:45:33,9312.0,-0.13468951845714286
2024-05-27 13:45:34,9313.0,-0.13468943495654762
2024-05-27 13:45:35,9314.0,-0.1346893448
2024-05-27 13:45:36,9315.0,-0.13468924799107143
2024-05-27 13:45:37,9316.0,-0.13468914453333333
2024-05-27 13:45:38,9317.0,-0.13468903443035715
2024-05-27 13:45:39,9318.0,-0.13468891768571428
2024-05-27 13:45:40,9319.0,-0.1346887943029762
2024-05-27 13:45:41,9320.0,-0.1346886642857143
2024-05-27 13:45:42,9321.0,-0.13468852763750003
2024-05-27 13:45:43,9322.0,-0.13468838436190478
2024-05-27 13:45:44,9323.0,-0.1346882344625
2024-05-27 13:45:45,9324.0,-0.13468807794285714
2024-05-27 13:45:46,9325.0,-0.13468791480654763
2024-05-27 13:45:47,9326.0,-0.13468774505714284
2024-05-27 13:45:48,9327.0,-0.13468756869821427
2024-05-27 13:45:49,9328.0,-0.13468738573333333
2024-05-27 13:45:50,9329.0,-0.13468719616607142
2024-05-27 13:45:51,9330.0,-0.134687
2024-05-27 13:45:52,9331.0,-0.13468396853840803
2024-05-27 13:45:53,9332.0,-0.1346754934318594
2024-05-27 13:45:54,9333.0,-0.13466190520483776
2024-05-27 13:45:55,9334.0,-0.13464353438182694
2024-05-27 13:45:56,9335.0,-0.13462071148731056
2024-05-27 13:45:57,9336.0,-0.13459376704577242
2024-05-27 13:45:58,9337.0,-0.1345630315816962
2024-05-27 13:45:59,9338.0,-0.13452883561956566
2024-05-27 13:46:00,9339.0,-0.13449150968386445
2024-05-27 13:46:01,9340.0,-0.13445138429907638
2024-05-27 13:46:02,9341.0,-0.1344087899896851
2024-05-27 13:46:03,9342.0,-0.13436405728017442
2024-05-27 13:46:04,9343.0,-0.13431751669502798
2024-05-27 13:46:05,9344.0,-0.1342694987587295
2024-05-27 13:46:06,9345.0,-0.1342203339957628
2024-05-27 13:46:07,9346.0,-0.13417035293061153
2024-05-27 13:46:08,9347.0,-0.1341198860877594
2024-05-27 13:46:09,9348.0,-0.13406926399169014
2024-05-27 13:46:10,9349.0,-0.13401881716688757
2024-05-27 13:46:11,9350.0,-0.13396887613783529
2024-05-27 13:46:12,9351.0,-0.13391977142901706
2024-05-27 13:46:13,9352.0,-0.1338718335649166
2024-05-27 13:46:14,9353.0,-0.13382539307001767
2024-05-27 13:46:15,9354.0,-0.13378078046880396
2024-05-27 13:46:16,9355.0,-0.1337383262857592
2024-05-27 13:46:17,9356.0,-0.13369836104536711
2024-05-27 13:46:18,9357.0,-0.13366121527211142
2024-05-27 13:46:19,9358.0,-0.13362721949047587
2024-05-27 13:46:20,9359.0,-0.13359670422494413
2024-05-27 13:46:21,9360.0,-0.13357
2024-05-27 13:46:22,9361.0,-0.1335451243108363
2024-05-27 13:46:23,9362.0,-0.13351992872433896
2024-05-27 13:46:24,9363.0,-0.13349449487253143
2024-05-27 13:46:25,9364.0,-0.1334689043874371
2024-05-27 13:46:26,9365.0,-0.1334432389010794
2024-05-27 13:46:27,9366.0,-0.13341758004548174
2024-05-27 13:46:28,9367.0,-0.1333920094526675
2024-05-27 13:46:29,9368.0,-0.1333666087546601
2024-05-27 13:46:30,9369.0,-0.13334145958348295
2024-05-27 13:46:31,9370.0,-0.1333166435711594
2024-05-27 13:46:32,9371.0,-0.13329224234971296
2024-05-27 13:46:33,9372.0,-0.13326833755116696
2024-05-27 13:46:34,9373.0,-0.13324501080754486
2024-05-27 13:46:35,9374.0,-0.13322234375086994
2024-05-27 13:46:36,9375.0,-0.13320041801316576
2024-05-27 13:46:37,9376.0,-0.13317931522645562
2024-05-27 13:46:38,9377.0,-0.13315911702276303
2024-05-27 13:46:39,9378.0,-0.1331399050341113
2024-05-27 13:46:40,9379.0,-0.13312176089252387
2024-05-27 13:46:41,9380.0,-0.13310476623002418
2024-05-27 13:46:42,9381.0,-0.13308900267863555
2024-05-27 13:46:43,9382.0,-0.13307455187038145
2024-05-27 13:46:44,9383.0,-0.1330614954372853
2024-05-27 13:46:45,9384.0,-0.13304991501137042
2024-05-27 13:46:46,9385.0,-0.1330398922246603
2024-05-27 13:46:47,9386.0,-0.13303150870917835
2024-05-27 13:46:48,9387.0,-0.13302484609694792
2024-05-27 13:46:49,9388.0,-0.13301998601999246
2024-05-27 13:46:50,9389.0,-0.13301701011033534
2024-05-27 13:46:51,9390.0,-0.133016
2024-05-27 13:46:52,9391.0,-0.13301883313580246
2024-05-27 13:46:53,9392.0,-0.13302711249382715
2024-05-27 13:46:54,9393.0,-0.133040508
2024-05-27 13:46:55,9394.0,-0.1330586895802469
2024-05-27 13:46:56,9395.0,-0.1330813271604938
2024-05-27 13:46:57,9396.0,-0.13310809066666668
2024-05-27 13:46:58,9397.0,-0.13313865002469136
2024-05-27 13:46:59,9398.0,-0.13317267516049383
2024-05-27 13:47:00,9399.0,-0.13320983599999997
2024-05-27 13:47:01,9400.0,-0.13324980246913581
2024-05-27 13:47:02,9401.0,-0.13329224449382718
2024-05-27 13:47:03,9402.0,-0.133336832
2024-05-27 13:47:04,9403.0,-0.13338323491358023
2024-05-27 13:47:05,9404.0,-0.13343112316049383
2024-05-27 13:47:06,9405.0,-0.13348016666666665
2024-05-27 13:47:07,9406.0,-0.1335300353580247
2024-05-27 13:47:08,9407.0,-0.1335803991604938
2024-05-27 13:47:09,9408.0,-0.133630928
2024-05-27 13:47:10,9409.0,-0.13368129180246913
2024-05-27 13:47:11,9410.0,-0.13373116049382716
2024-05-27 13:47:12,9411.0,-0.13378020399999999
2024-05-27 13:47:13,9412.0,-0.13382809224691358
2024-05-27 13:47:14,9413.0,-0.13387449516049382
2024-05-27 13:47:15,9414.0,-0.13391908266666666
2024-05-27 13:47:16,9415.0,-0.13396152469135802
2024-05-27 13:47:17,9416.0,-0.13400149116049384
2024-05-27 13:47:18,9417.0,-0.134038652
2024-05-27 13:47:19,9418.0,-0.13407267713580245
2024-05-27 13:47:20,9419.0,-0.13410323649382716
2024-05-27 13:47:21,9420.0,-0.13413
2024-05-27 13:47:22,9421.0,-0.1341543498395062
2024-05-27 13:47:23,9422.0,-0.13417791575308644
2024-05-27 13:47:24,9423.0,-0.134200739
2024-05-27 13:47:25,9424.0,-0.13422286083950616
2024-05-27 13:47:26,9425.0,-0.1342443225308642
2024-05-27 13:47:27,9426.0,-0.13426516533333333
2024-05-27 13:47:28,9427.0,-0.13428543050617286
2024-05-27 13:47:29,9428.0,-0.13430515930864195
2024-05-27 13:47:30,9429.0,-0.134324393
2024-05-27 13:47:31,9430.0,-0.13434317283950617
2024-05-27 13:47:32,9431.0,-0.13436154008641976
2024-05-27 13:47:33,9432.0,-0.134379536
2024-05-27 13:47:34,9433.0,-0.13439720183950615
2024-05-27 13:47:35,9434.0,-0.13441457886419753
2024-05-27 13:47:36,9435.0,-0.13443170833333334
2024-05-27 13:47:37,9436.0,-0.13444863150617284
2024-05-27 13:47:38,9437.0,-0.13446538964197532
2024-05-27 13:47:39,9438.0,-0.134482024
2024-05-27 13:47:40,9439.0,-0.13449857583950617
2024-05-27 13:47:41,9440.0,-0.13451508641975307
2024-05-27 13:47:42,9441.0,-0.134531597
2024-05-27 13:47:43,9442.0,-0.13454814883950617
2024-05-27 13:47:44,9443.0,-0.13456478319753085
2024-05-27 13:47:45,9444.0,-0.13458154133333333
2024-05-27 13:47:46,9445.0,-0.13459846450617285
2024-05-27 13:47:47,9446.0,-0.13461559397530865
2024-05-27 13:47:48,9447.0,-0.13463297100000002
2024-05-27 13:47:49,9448.0,-0.13465063683950615
2024-05-27 13:47:50,9449.0,-0.1346686327530864
2024-05-27 13:47:51,9450.0,-0.134687
2024-05-27 13:47:52,9451.0,-0.1347061649259259
2024-05-27 13:47:53,9452.0,-0.13472644385185184
2024-05-27 13:47:54,9453.0,-0.134747713
2024-05-27 13:47:55,9454.0,-0.13476984859259258
2024-05-27 13:47:56,9455.0,-0.13479272685185184
2024-05-27 13:47:57,9456.0,-0.134816224
2024-05-27 13:47:58,9457.0,-0.13484021625925927
2024-05-27 13:47:59,9458.0,-0.13486457985185185
2024-05-27 13:48:00,9459.0,-0.13488919100000002
2024-05-27 13:48:01,9460.0,-0.13491392592592594
2024-05-27 13:48:02,9461.0,-0.13493866085185183
2024-05-27 13:48:03,9462.0,-0.134963272
2024-05-27 13:48:04,9463.0,-0.13498763559259258
2024-05-27 13:48:05,9464.0,-0.13501162785185186
2024-05-27 13:48:06,9465.0,-0.13503512500000003
2024-05-27 13:48:07,9466.0,-0.13505800325925926
2024-05-27 13:48:08,9467.0,-0.13508013885185186
2024-05-27 13:48:09,9468.0,-0.135101408
2024-05-27 13:48:10,9469.0,-0.1351216869259259
2024-05-27 13:48:11,9470.0,-0.13514085185185185
2024-05-27 13:48:12,9471.0,-0.135158779
2024-05-27 13:48:13,9472.0,-0.1351753445925926
2024-05-27 13:48:14,9473.0,-0.13519042485185184
2024-05-27 13:48:15,9474.0,-0.135203896
2024-05-27 13:48:16,9475.0,-0.13521563425925925
2024-05-27 13:48:17,9476.0,-0.13522551585185186
2024-05-27 13:48:18,9477.0,-0.13523341700000002
2024-05-27 13:48:19,9478.0,-0.13523921392592594
2024-05-27 13:48:20,9479.0,-0.13524278285185187
2024-05-27 13:48:21,9480.0,-0.135244
2024-05-27 13:48:22,9481.0,-0.13524116686419754
2024-05-27 13:48:23,9482.0,-0.13523288750617285
2024-05-27 13:48:24,9483.0,-0.135219492
2024-05-27 13:48:25,9484.0,-0.13520131041975308
2024-05-27 13:48:26,9485.0,-0.1351786728395062
2024-05-27 13:48:27,9486.0,-0.13515190933333332
2024-05-27 13:48:28,9487.0,-0.13512134997530864
2024-05-27 13:48:29,9488.0,-0.13508732483950617
2024-05-27 13:48:30,9489.0,-0.13505016400000003
2024-05-27 13:48:31,9490.0,-0.13501019753086418
2024-05-27 13:48:32,9491.0,-0.13496775550617282
2024-05-27 13:48:33,9492.0,-0.134923168
2024-05-27 13:48:34,9493.0,-0.13487676508641977
2024-05-27 13:48:35,9494.0,-0.13482887683950617
2024-05-27 13:48:36,9495.0,-0.13477983333333335
2024-05-27 13:48:37,9496.0,-0.13472996464197529
2024-05-27 13:48:38,9497.0,-0.1346796008395062
2024-05-27 13:48:39,9498.0,-0.134629072
2024-05-27 13:48:40,9499.0,-0.13457870819753087
2024-05-27 13:48:41,9500.0,-0.13452883950617284
2024-05-27 13:48:42,9501.0,-0.134479796
2024-05-27 13:48:43,9502.0,-0.13443190775308642
2024-05-27 13:48:44,9503.0,-0.13438550483950618
2024-05-27 13:48:45,9504.0,-0.13434091733333334
2024-05-27 13:48:46,9505.0,-0.13429847530864197
2024-05-27 13:48:47,9506.0,-0.13425850883950616
2024-05-27 13:48:48,9507.0,-0.134221348
2024-05-27 13:48:49,9508.0,-0.13418732286419754
2024-05-27 13:48:50,9509.0,-0.13415676350617284
2024-05-27 13:48:51,9510.0,-0.13413
2024-05-27 13:48:52,9511.0,-0.13410505831115518
2024-05-27 13:48:53,9512.0,-0.1340797984839506
2024-05-27 13:48:54,9513.0,-0.13405430171071428
2024-05-27 13:48:55,9514.0,-0.13402864918377427
2024-05-27 13:48:56,9515.0,-0.13400292209545855
2024-05-27 13:48:57,9516.0,-0.13397720163809523
2024-05-27 13:48:58,9517.0,-0.13395156900401234
2024-05-27 13:48:59,9518.0,-0.13392610538553795
2024-05-27 13:49:00,9519.0,-0.13390089197500002
2024-05-27 13:49:01,9520.0,-0.13387600996472662
2024-05-27 13:49:02,9521.0,-0.13385154054704584
2024-05-27 13:49:03,9522.0,-0.1338275649142857
2024-05-27 13:49:04,9523.0,-0.13380416425877428
2024-05-27 13:49:05,9524.0,-0.1337814197728395
2024-05-27 13:49:06,9525.0,-0.1337594126488095
2024-05-27 13:49:07,9526.0,-0.13373822407901234
2024-05-27 13:49:08,9527.0,-0.133717935255776
2024-05-27 13:49:09,9528.0,-0.13369862737142857
2024-05-27 13:49:10,9529.0,-0.13368038161829807
2024-05-27 13:49:11,9530.0,-0.1336632791887125
2024-05-27 13:49:12,9531.0,-0.133647401275
2024-05-27 13:49:13,9532.0,-0.13363282906948853
2024-05-27 13:49:14,9533.0,-0.1336196437645062
2024-05-27 13:49:15,9534.0,-0.13360792655238096
2024-05-27 13:49:16,9535.0,-0.1335977586254409
2024-05-27 13:49:17,9536.0,-0.1335892211760141
2024-05-27 13:49:18,9537.0,-0.13358239539642855
2024-05-27 13:49:19,9538.0,-0.13357736247901233
2024-05-27 13:49:20,9539.0,-0.13357420361609348
2024-05-27 13:49:21,9540.0,-0.133573
2024-05-27 13:49:22,9541.0,-0.13357280433452381
2024-05-27 13:49:23,9542.0,-0.13357261519999997
2024-05-27 13:49:24,9543.0,-0.1335724326035714
2024-05-27 13:49:25,9544.0,-0.13357225655238095
2024-05-27 13:49:26,9545.0,-0.13357208705357143
2024-05-27 13:49:27,9546.0,-0.1335719241142857
2024-05-27 13:49:28,9547.0,-0.13357176774166668
2024-05-27 13:49:29,9548.0,-0.13357161794285716
2024-05-27 13:49:30,9549.0,-0.133571474725
2024-05-27 13:49:31,9550.0,-0.13357133809523808
2024-05-27 13:49:32,9551.0,-0.1335712080607143
2024-05-27 13:49:33,9552.0,-0.13357108462857142
2024-05-27 13:49:34,9553.0,-0.13357096780595237
2024-05-27 13:49:35,9554.0,-0.13357085759999998
2024-05-27 13:49:36,9555.0,-0.13357075401785712
2024-05-27 13:49:37,9556.0,-0.13357065706666668
2024-05-27 13:49:38,9557.0,-0.1335705667535714
2024-05-27 13:49:39,9558.0,-0.1335704830857143
2024-05-27 13:49:40,9559.0,-0.1335704060702381
2024-05-27 13:49:41,9560.0,-0.1335703357142857
2024-05-27 13:49:42,9561.0,-0.133570272025
2024-05-27 13:49:43,9562.0,-0.13357021500952382
2024-05-27 13:49:44,9563.0,-0.133570164675
2024-05-27 13:49:45,9564.0,-0.13357012102857144
2024-05-27 13:49:46,9565.0,-0.13357008407738094
2024-05-27 13:49:47,9566.0,-0.13357005382857143
2024-05-27 13:49:48,9567.0,-0.1335700302892857
2024-05-27 13:49:49,9568.0,-0.13357001346666666
2024-05-27 13:49:50,9569.0,-0.13357000336785715
2024-05-27 13:49:51,9570.0,-0.13357
2024-05-27 13:49:52,9571.0,-0.1335772714074074
2024-05-27 13:49:53,9572.0,-0.13359842459259258
2024-05-27 13:49:54,9573.0,-0.13363246799999998
2024-05-27 13:49:55,9574.0,-0.13367841007407405
2024-05-27 13:49:56,9575.0,-0.13373525925925925
2024-05-27 13:49:57,9576.0,-0.133802024
2024-05-27 13:49:58,9577.0,-0.13387771274074073
2024-05-27 13:49:59,9578.0,-0.13396133392592594
2024-05-27 13:50:00,9579.0,-0.13405189599999998
2024-05-27 13:50:01,9580.0,-0.1341484074074074
2024-05-27 13:50:02,9581.0,-0.1342498765925926
2024-05-27 13:50:03,9582.0,-0.13435531199999998
2024-05-27 13:50:04,9583.0,-0.13446372207407406
2024-05-27 13:50:05,9584.0,-0.13457411525925927
2024-05-27 13:50:06,9585.0,-0.1346855
2024-05-27 13:50:07,9586.0,-0.13479688474074075
2024-05-27 13:50:08,9587.0,-0.13490727792592594
2024-05-27 13:50:09,9588.0,-0.13501568800000002
2024-05-27 13:50:10,9589.0,-0.13512112340740742
2024-05-27 13:50:11,9590.0,-0.1352225925925926
2024-05-27 13:50:12,9591.0,-0.135319104
2024-05-27 13:50:13,9592.0,-0.1354096660740741
2024-05-27 13:50:14,9593.0,-0.13549328725925927
2024-05-27 13:50:15,9594.0,-0.135568976
2024-05-27 13:50:16,9595.0,-0.13563574074074075
2024-05-27 13:50:17,9596.0,-0.13569258992592592
2024-05-27 13:50:18,9597.0,-0.13573853200000002
2024-05-27 13:50:19,9598.0,-0.1357725754074074
2024-05-27 13:50:20,9599.0,-0.1357937285925926
2024-05-27 13:50:21,9600.0,-0.135801
2024-05-27 13:50:22,9601.0,-0.1357991845925926
2024-05-27 13:50:23,9602.0,-0.1357939034074074
2024-05-27 13:50:24,9603.0,-0.135785404
2024-05-27 13:50:25,9604.0,-0.13577393392592593
2024-05-27 13:50:26,9605.0,-0.13575974074074076
2024-05-27 13:50:27,9606.0,-0.135743072
2024-05-27 13:50:28,9607.0,-0.13572417525925928
2024-05-27 13:50:29,9608.0,-0.13570329807407408
2024-05-27 13:50:30,9609.0,-0.135680688
2024-05-27 13:50:31,9610.0,-0.1356565925925926
2024-05-27 13:50:32,9611.0,-0.13563125940740742
2024-05-27 13:50:33,9612.0,-0.135604936
2024-05-27 13:50:34,9613.0,-0.13557786992592594
2024-05-27 13:50:35,9614.0,-0.13555030874074075
2024-05-27 13:50:36,9615.0,-0.13552250000000002
2024-05-27 13:50:37,9616.0,-0.13549469125925925
2024-05-27 13:50:38,9617.0,-0.13546713007407407
2024-05-27 13:50:39,9618.0,-0.135440064
2024-05-27 13:50:40,9619.0,-0.1354137405925926
2024-05-27 13:50:41,9620.0,-0.1353884074074074
2024-05-27 13:50:42,9621.0,-0.135364312
2024-05-27 13:50:43,9622.0,-0.13534170192592593
2024-05-27 13:50:44,9623.0,-0.13532082474074075
2024-05-27 13:50:45,9624.0,-0.13530192800000002
2024-05-27 13:50:46,9625.0,-0.13528525925925927
2024-05-27 13:50:47,9626.0,-0.13527106607407408
2024-05-27 13:50:48,9627.0,-0.135259596
2024-05-27 13:50:49,9628.0,-0.13525109659259257
2024-05-27 13:50:50,9629.0,-0.1352458154074074
2024-05-27 13:50:51,9630.0,-0.135244
2024-05-27 13:50:52,9631.0,-0.1352458154074074
2024-05-27 13:50:53,9632.0,-0.1352510965925926
2024-05-27 13:50:54,9633.0,-0.135259596
2024-05-27 13:50:55,9634.0,-0.13527106607407408
2024-05-27 13:50:56,9635.0,-0.13528525925925924
2024-05-27 13:50:57,9636.0,-0.13530192800000002
2024-05-27 13:50:58,9637.0,-0.13532082474074072
2024-05-27 13:50:59,9638.0,-0.13534170192592593
2024-05-27 13:51:00,9639.0,-0.13536431200000001
2024-05-27 13:51:01,9640.0,-0.1353884074074074
2024-05-27 13:51:02,9641.0,-0.1354137405925926
2024-05-27 13:51:03,9642.0,-0.135440064
2024-05-27 13:51:04,9643.0,-0.13546713007407407
2024-05-27 13:51:05,9644.0,-0.13549469125925925
2024-05-27 13:51:06,9645.0,-0.1355225
2024-05-27 13:51:07,9646.0,-0.13555030874074075
2024-05-27 13:51:08,9647.0,-0.13557786992592594
2024-05-27 13:51:09,9648.0,-0.135604936
2024-05-27 13:51:10,9649.0,-0.13563125940740742
2024-05-27 13:51:11,9650.0,-0.1356565925925926
2024-05-27 13:51:12,9651.0,-0.13568068800000002
2024-05-27 13:51:13,9652.0,-0.13570329807407408
2024-05-27 13:51:14,9653.0,-0.13572417525925926
2024-05-27 13:51:15,9654.0,-0.135743072
2024-05-27 13:51:16,9655.0,-0.13575974074074074
2024-05-27 13:51:17,9656.0,-0.13577393392592593
2024-05-27 13:51:18,9657.0,-0.135785404
2024-05-27 13:51:19,9658.0,-0.13579390340740743
2024-05-27 13:51:20,9659.0,-0.1357991845925926
2024-05-27 13:51:21,9660.0,-0.135801
2024-05-27 13:51:22,9661.0,-0.1357973691851852
2024-05-27 13:51:23,9662.0,-0.1357868068148148
2024-05-27 13:51:24,9663.0,-0.135769808
2024-05-27 13:51:25,9664.0,-0.13574686785185186
2024-05-27 13:51:26,9665.0,-0.1357184814814815
2024-05-27 13:51:27,9666.0,-0.135685144
2024-05-27 13:51:28,9667.0,-0.1356473505185185
2024-05-27 13:51:29,9668.0,-0.13560559614814816
2024-05-27 13:51:30,9669.0,-0.135560376
2024-05-27 13:51:31,9670.0,-0.13551218518518518
2024-05-27 13:51:32,9671.0,-0.1354615188148148
2024-05-27 13:51:33,9672.0,-0.135408872
2024-05-27 13:51:34,9673.0,-0.13535473985185187
2024-05-27 13:51:35,9674.0,-0.1352996174814815
2024-05-27 13:51:36,9675.0,-0.13524400000000003
2024-05-27 13:51:37,9676.0,-0.1351883825185185
2024-05-27 13:51:38,9677.0,-0.13513326014814817
2024-05-27 13:51:39,9678.0,-0.135079128
2024-05-27 13:51:40,9679.0,-0.13502648118518518
2024-05-27 13:51:41,9680.0,-0.13497581481481483
2024-05-27 13:51:42,9681.0,-0.134927624
2024-05-27 13:51:43,9682.0,-0.13488240385185185
2024-05-27 13:51:44,9683.0,-0.1348406494814815
2024-05-27 13:51:45,9684.0,-0.134802856
2024-05-27 13:51:46,9685.0,-0.13476951851851854
2024-05-27 13:51:47,9686.0,-0.13474113214814815
2024-05-27 13:51:48,9687.0,-0.13471819200000001
2024-05-27 13:51:49,9688.0,-0.1347011931851852
2024-05-27 13:51:50,9689.0,-0.13469063081481483
2024-05-27 13:51:51,9690.0,-0.134687
2024-05-27 13:51:52,9691.0,-0.1346906308148148
2024-05-27 13:51:53,9692.0,-0.1347011931851852
2024-05-27 13:51:54,9693.0,-0.13471819200000001
2024-05-27 13:51:55,9694.0,-0.13474113214814815
2024-05-27 13:51:56,9695.0,-0.1347695185185185
2024-05-27 13:51:57,9696.0,-0.134802856
2024-05-27 13:51:58,9697.0,-0.1348406494814815
2024-05-27 13:51:59,9698.0,-0.13488240385185185
2024-05-27 13:52:00,9699.0,-0.134927624
2024-05-27 13:52:01,9700.0,-0.13497581481481483
2024-05-27 13:52:02,9701.0,-0.1350264811851852
2024-05-27 13:52:03,9702.0,-0.135079128
2024-05-27 13:52:04,9703.0,-0.13513326014814814
2024-05-27 13:52:05,9704.0,-0.1351883825185185
2024-05-27 13:52:06,9705.0,-0.13524399999999998
2024-05-27 13:52:07,9706.0,-0.1352996174814815
2024-05-27 13:52:08,9707.0,-0.13535473985185184
2024-05-27 13:52:09,9708.0,-0.135408872
2024-05-27 13:52:10,9709.0,-0.13546151881481483
2024-05-27 13:52:11,9710.0,-0.13551218518518518
2024-05-27 13:52:12,9711.0,-0.135560376
2024-05-27 13:52:13,9712.0,-0.13560559614814816
2024-05-27 13:52:14,9713.0,-0.1356473505185185
2024-05-27 13:52:15,9714.0,-0.135685144
2024-05-27 13:52:16,9715.0,-0.13571848148148147
2024-05-27 13:52:17,9716.0,-0.13574686785185186
2024-05-27 13:52:18,9717.0,-0.135769808
2024-05-27 13:52:19,9718.0,-0.1357868068148148
2024-05-27 13:52:20,9719.0,-0.13579736918518517
2024-05-27 13:52:21,9720.0,-0.135801
2024-05-27 13:52:22,9721.0,-0.135801
2024-05-27 13:52:23,9722.0,-0.135801
2024-05-27 13:52:24,9723.0,-0.135801
2024-05-27 13:52:25,9724.0,-0.135801
2024-05-27 13:52:26,9725.0,-0.135801
2024-05-27 13:52:27,9726.0,-0.135801
2024-05-27 13:52:28,9727.0,-0.135801
2024-05-27 13:52:29,9728.0,-0.135801
2024-05-27 13:52:30,9729.0,-0.135801
2024-05-27 13:52:31,9730.0,-0.135801
2024-05-27 13:52:32,9731.0,-0.135801
2024-05-27 13:52:33,9732.0,-0.135801
2024-05-27 13:52:34,9733.0,-0.135801
2024-05-27 13:52:35,9734.0,-0.135801
2024-05-27 13:52:36,9735.0,-0.135801
2024-05-27 13:52:37,9736.0,-0.135801
2024-05-27 13:52:38,9737.0,-0.135801
2024-05-27 13:52:39,9738.0,-0.135801
2024-05-27 13:52:40,9739.0,-0.135801
2024-05-27 13:52:41,9740.0,-0.135801
2024-05-27 13:52:42,9741.0,-0.135801
2024-05-27 13:52:43,9742.0,-0.135801
2024-05-27 13:52:44,9743.0,-0.135801
2024-05-27 13:52:45,9744.0,-0.135801
2024-05-27 13:52:46,9745.0,-0.135801
2024-05-27 13:52:47,9746.0,-0.135801
2024-05-27 13:52:48,9747.0,-0.135801
2024-05-27 13:52:49,9748.0,-0.135801
2024-05-27 13:52:50,9749.0,-0.135801
2024-05-27 13:52:51,9750.0,-0.135801
2024-05-27 13:52:52,9751.0,-0.1357937285925926
2024-05-27 13:52:53,9752.0,-0.13577257540740742
2024-05-27 13:52:54,9753.0,-0.13573853200000002
2024-05-27 13:52:55,9754.0,-0.13569258992592595
2024-05-27 13:52:56,9755.0,-0.13563574074074075
2024-05-27 13:52:57,9756.0,-0.135568976
2024-05-27 13:52:58,9757.0,-0.13549328725925927
2024-05-27 13:52:59,9758.0,-0.13540966607407406
2024-05-27 13:53:00,9759.0,-0.13531910400000002
2024-05-27 13:53:01,9760.0,-0.1352225925925926
2024-05-27 13:53:02,9761.0,-0.1351211234074074
2024-05-27 13:53:03,9762.0,-0.13501568800000002
2024-05-27 13:53:04,9763.0,-0.13490727792592594
2024-05-27 13:53:05,9764.0,-0.13479688474074072
2024-05-27 13:53:06,9765.0,-0.13468549999999999
2024-05-27 13:53:07,9766.0,-0.13457411525925925
2024-05-27 13:53:08,9767.0,-0.13446372207407406
2024-05-27 13:53:09,9768.0,-0.13435531199999998
2024-05-27 13:53:10,9769.0,-0.13424987659259258
2024-05-27 13:53:11,9770.0,-0.1341484074074074
2024-05-27 13:53:12,9771.0,-0.134051896
2024-05-27 13:53:13,9772.0,-0.13396133392592594
2024-05-27 13:53:14,9773.0,-0.13387771274074073
2024-05-27 13:53:15,9774.0,-0.133802024
2024-05-27 13:53:16,9775.0,-0.13373525925925925
2024-05-27 13:53:17,9776.0,-0.13367841007407408
2024-05-27 13:53:18,9777.0,-0.133632468
2024-05-27 13:53:19,9778.0,-0.13359842459259258
2024-05-27 13:53:20,9779.0,-0.1335772714074074
2024-05-27 13:53:21,9780.0,-0.13357
2024-05-27 13:53:22,9781.0,-0.13357728118518516
2024-05-27 13:53:23,9782.0,-0.1335984628148148
2024-05-27 13:53:24,9783.0,-0.133632552
2024-05-27 13:53:25,9784.0,-0.13367855585185187
2024-05-27 13:53:26,9785.0,-0.13373548148148148
2024-05-27 13:53:27,9786.0,-0.133802336
2024-05-27 13:53:28,9787.0,-0.13387812651851852
2024-05-27 13:53:29,9788.0,-0.13396186014814815
2024-05-27 13:53:30,9789.0,-0.134052544
2024-05-27 13:53:31,9790.0,-0.13414918518518518
2024-05-27 13:53:32,9791.0,-0.13425079081481484
2024-05-27 13:53:33,9792.0,-0.134356368
2024-05-27 13:53:34,9793.0,-0.13446492385185185
2024-05-27 13:53:35,9794.0,-0.13457546548148147
2024-05-27 13:53:36,9795.0,-0.134687
2024-05-27 13:53:37,9796.0,-0.1347985345185185
2024-05-27 13:53:38,9797.0,-0.13490907614814815
2024-05-27 13:53:39,9798.0,-0.135017632
2024-05-27 13:53:40,9799.0,-0.13512320918518517
2024-05-27 13:53:41,9800.0,-0.13522481481481483
2024-05-27 13:53:42,9801.0,-0.135321456
2024-05-27 13:53:43,9802.0,-0.13541213985185188
2024-05-27 13:53:44,9803.0,-0.13549587348148148
2024-05-27 13:53:45,9804.0,-0.135571664
2024-05-27 13:53:46,9805.0,-0.13563851851851855
2024-05-27 13:53:47,9806.0,-0.13569544414814816
2024-05-27 13:53:48,9807.0,-0.135741448
2024-05-27 13:53:49,9808.0,-0.1357755371851852
2024-05-27 13:53:50,9809.0,-0.1357967188148148
2024-05-27 13:53:51,9810.0,-0.135804
2024-05-27 13:53:52,9811.0,-0.1357991264618805
2024-05-27 13:53:53,9812.0,-0.1357848361439675
2024-05-27 13:53:54,9813.0,-0.13576162449092946
2024-05-27 13:53:55,9814.0,-0.1357299869474348
2024-05-27 13:53:56,9815.0,-0.1356904189581519
2024-05-27 13:53:57,9816.0,-0.13564341596774918
2024-05-27 13:53:58,9817.0,-0.13558947342089503
2024-05-27 13:53:59,9818.0,-0.1355290867622579
2024-05-27 13:54:00,9819.0,-0.13546275143650616
2024-05-27 13:54:01,9820.0,-0.13539096288830826
2024-05-27 13:54:02,9821.0,-0.13531421656233256
2024-05-27 13:54:03,9822.0,-0.1352330079032475
2024-05-27 13:54:04,9823.0,-0.13514783235572145
2024-05-27 13:54:05,9824.0,-0.13505918536442288
2024-05-27 13:54:06,9825.0,-0.13496756237402016
2024-05-27 13:54:07,9826.0,-0.1348734588291817
2024-05-27 13:54:08,9827.0,-0.13477737017457592
2024-05-27 13:54:09,9828.0,-0.13467979185487122
2024-05-27 13:54:10,9829.0,-0.13458121931473602
2024-05-27 13:54:11,9830.0,-0.1344821479988387
2024-05-27 13:54:12,9831.0,-0.1343830733518477
2024-05-27 13:54:13,9832.0,-0.1342844908184314
2024-05-27 13:54:14,9833.0,-0.13418689584325824
2024-05-27 13:54:15,9834.0,-0.13409078387099663
2024-05-27 13:54:16,9835.0,-0.13399665034631497
2024-05-27 13:54:17,9836.0,-0.13390499071388162
2024-05-27 13:54:18,9837.0,-0.13381630041836506
2024-05-27 13:54:19,9838.0,-0.13373107490443367
2024-05-27 13:54:20,9839.0,-0.13364980961675582
2024-05-27 13:54:21,9840.0,-0.133573
2024-05-27 13:54:22,9841.0,-0.1334961806054664
2024-05-27 13:54:23,9842.0,-0.1334148868733441
2024-05-27 13:54:24,9843.0,-0.13332961558163492
2024-05-27 13:54:25,9844.0,-0.1332408635083406
2024-05-27 13:54:26,9845.0,-0.1331491274314628
2024-05-27 13:54:27,9846.0,-0.13305490412900337
2024-05-27 13:54:28,9847.0,-0.13295869037896396
2024-05-27 13:54:29,9848.0,-0.13286098295934634
2024-05-27 13:54:30,9849.0,-0.1327622786481523
2024-05-27 13:54:31,9850.0,-0.13266307422338353
2024-05-27 13:54:32,9851.0,-0.13256386646304177
2024-05-27 13:54:33,9852.0,-0.13246515214512877
2024-05-27 13:54:34,9853.0,-0.13236742804764629
2024-05-27 13:54:35,9854.0,-0.1322711909485961
2024-05-27 13:54:36,9855.0,-0.13217693762597985
2024-05-27 13:54:37,9856.0,-0.13208516485779934
2024-05-27 13:54:38,9857.0,-0.13199636942205634
2024-05-27 13:54:39,9858.0,-0.13191104809675253
2024-05-27 13:54:40,9859.0,-0.13182969765988967
2024-05-27 13:54:41,9860.0,-0.13175281488946955
2024-05-27 13:54:42,9861.0,-0.13168089656349383
2024-05-27 13:54:43,9862.0,-0.13161443945996434
2024-05-27 13:54:44,9863.0,-0.13155394035688275
2024-05-27 13:54:45,9864.0,-0.13149989603225085
2024-05-27 13:54:46,9865.0,-0.13145280326407036
2024-05-27 13:54:47,9866.0,-0.13141315883034302
2024-05-27 13:54:48,9867.0,-0.1313814595090706
2024-05-27 13:54:49,9868.0,-0.13135820207825474
2024-05-27 13:54:50,9869.0,-0.13134388331589733
2024-05-27 13:54:51,9870.0,-0.131339
2024-05-27 13:54:52,9871.0,-0.13134262103703703
2024-05-27 13:54:53,9872.0,-0.131353154962963
2024-05-27 13:54:54,9873.0,-0.131370108
2024-05-27 13:54:55,9874.0,-0.1313929863703704
2024-05-27 13:54:56,9875.0,-0.1314212962962963
2024-05-27 13:54:57,9876.0,-0.131454544
2024-05-27 13:54:58,9877.0,-0.13149223570370372
2024-05-27 13:54:59,9878.0,-0.13153387762962965
2024-05-27 13:55:00,9879.0,-0.13157897600000001
2024-05-27 13:55:01,9880.0,-0.13162703703703704
2024-05-27 13:55:02,9881.0,-0.13167756696296298
2024-05-27 13:55:03,9882.0,-0.131730072
2024-05-27 13:55:04,9883.0,-0.13178405837037038
2024-05-27 13:55:05,9884.0,-0.13183903229629632
2024-05-27 13:55:06,9885.0,-0.13189450000000003
2024-05-27 13:55:07,9886.0,-0.1319499677037037
2024-05-27 13:55:08,9887.0,-0.13200494162962964
2024-05-27 13:55:09,9888.0,-0.13205892800000002
2024-05-27 13:55:10,9889.0,-0.13211143303703704
2024-05-27 13:55:11,9890.0,-0.13216196296296298
2024-05-27 13:55:12,9891.0,-0.132210024
2024-05-27 13:55:13,9892.0,-0.13225512237037038
2024-05-27 13:55:14,9893.0,-0.1322967642962963
2024-05-27 13:55:15,9894.0,-0.132334456
2024-05-27 13:55:16,9895.0,-0.1323677037037037
2024-05-27 13:55:17,9896.0,-0.13239601362962963
2024-05-27 13:55:18,9897.0,-0.132418892
2024-05-27 13:55:19,9898.0,-0.13243584503703704
2024-05-27 13:55:20,9899.0,-0.13244637896296296
2024-05-27 13:55:21,9900.0,-0.13245
2024-05-27 13:55:22,9901.0,-0.13245
2024-05-27 13:55:23,9902.0,-0.13245
2024-05-27 13:55:24,9903.0,-0.13245
2024-05-27 13:55:25,9904.0,-0.13245
2024-05-27 13:55:26,9905.0,-0.13245
2024-05-27 13:55:27,9906.0,-0.13245
2024-05-27 13:55:28,9907.0,-0.13245
2024-05-27 13:55:29,9908.0,-0.13245
2024-05-27 13:55:30,9909.0,-0.13245
2024-05-27 13:55:31,9910.0,-0.13245
2024-05-27 13:55:32,9911.0,-0.13245
2024-05-27 13:55:33,9912.0,-0.13245
2024-05-27 13:55:34,9913.0,-0.13245
2024-05-27 13:55:35,9914.0,-0.13245
2024-05-27 13:55:36,9915.0,-0.13245
2024-05-27 13:55:37,9916.0,-0.13245
2024-05-27 13:55:38,9917.0,-0.13245
2024-05-27 13:55:39,9918.0,-0.13245
2024-05-27 13:55:40,9919.0,-0.13245
2024-05-27 13:55:41,9920.0,-0.13245
2024-05-27 13:55:42,9921.0,-0.13245
2024-05-27 13:55:43,9922.0,-0.13245
2024-05-27 13:55:44,9923.0,-0.13245
2024-05-27 13:55:45,9924.0,-0.13245
2024-05-27 13:55:46,9925.0,-0.13245
2024-05-27 13:55:47,9926.0,-0.13245
2024-05-27 13:55:48,9927.0,-0.13245
2024-05-27 13:55:49,9928.0,-0.13245
2024-05-27 13:55:50,9929.0,-0.13245
2024-05-27 13:55:51,9930.0,-0.13245
2024-05-27 13:55:52,9931.0,-0.13245
2024-05-27 13:55:53,9932.0,-0.13245
2024-05-27 13:55:54,9933.0,-0.13245
2024-05-27 13:55:55,9934.0,-0.13245
2024-05-27 13:55:56,9935.0,-0.13245
2024-05-27 13:55:57,9936.0,-0.13245
2024-05-27 13:55:58,9937.0,-0.13245
2024-05-27 13:55:59,9938.0,-0.13245
2024-05-27 13:56:00,9939.0,-0.13245
2024-05-27 13:56:01,9940.0,-0.13245
2024-05-27 13:56:02,9941.0,-0.13245
2024-05-27 13:56:03,9942.0,-0.13245
2024-05-27 13:56:04,9943.0,-0.13245
2024-05-27 13:56:05,9944.0,-0.13245
2024-05-27 13:56:06,9945.0,-0.13245
2024-05-27 13:56:07,9946.0,-0.13245
2024-05-27 13:56:08,9947.0,-0.13245
2024-05-27 13:56:09,9948.0,-0.13245
2024-05-27 13:56:10,9949.0,-0.13245
2024-05-27 13:56:11,9950.0,-0.13245
2024-05-27 13:56:12,9951.0,-0.13245
2024-05-27 13:56:13,9952.0,-0.13245
2024-05-27 13:56:14,9953.0,-0.13245
2024-05-27 13:56:15,9954.0,-0.13245
2024-05-27 13:56:16,9955.0,-0.13245
2024-05-27 13:56:17,9956.0,-0.13245
2024-05-27 13:56:18,9957.0,-0.13245
2024-05-27 13:56:19,9958.0,-0.13245
2024-05-27 13:56:20,9959.0,-0.13245
2024-05-27 13:56:21,9960.0,-0.13245
2024-05-27 13:56:22,9961.0,-0.13245
2024-05-27 13:56:23,9962.0,-0.13245
2024-05-27 13:56:24,9963.0,-0.13245
2024-05-27 13:56:25,9964.0,-0.13245
2024-05-27 13:56:26,9965.0,-0.13245
2024-05-27 13:56:27,9966.0,-0.13245
2024-05-27 13:56:28,9967.0,-0.13245
2024-05-27 13:56:29,9968.0,-0.13245
2024-05-27 13:56:30,9969.0,-0.13245
2024-05-27 13:56:31,9970.0,-0.13245
2024-05-27 13:56:32,9971.0,-0.13245
2024-05-27 13:56:33,9972.0,-0.13245
2024-05-27 13:56:34,9973.0,-0.13245
2024-05-27 13:56:35,9974.0,-0.13245
2024-05-27 13:56:36,9975.0,-0.13245
2024-05-27 13:56:37,9976.0,-0.13245
2024-05-27 13:56:38,9977.0,-0.13245
2024-05-27 13:56:39,9978.0,-0.13245
2024-05-27 13:56:40,9979.0,-0.13245
2024-05-27 13:56:41,9980.0,-0.13245
2024-05-27 13:56:42,9981.0,-0.13245
2024-05-27 13:56:43,9982.0,-0.13245
2024-05-27 13:56:44,9983.0,-0.13245
2024-05-27 13:56:45,9984.0,-0.13245
2024-05-27 13:56:46,9985.0,-0.13245
2024-05-27 13:56:47,9986.0,-0.13245
2024-05-27 13:56:48,9987.0,-0.13245
2024-05-27 13:56:49,9988.0,-0.13245
2024-05-27 13:56:50,9989.0,-0.13245
2024-05-27 13:56:51,9990.0,-0.13245
2024-05-27 13:56:52,9991.0,-0.13245
2024-05-27 13:56:53,9992.0,-0.13245
2024-05-27 13:56:54,9993.0,-0.13245
2024-05-27 13:56:55,9994.0,-0.13245
2024-05-27 13:56:56,9995.0,-0.13245
2024-05-27 13:56:57,9996.0,-0.13245
2024-05-27 13:56:58,9997.0,-0.13245
2024-05-27 13:56:59,9998.0,-0.13245
2024-05-27 13:57:00,9999.0,-0.13245
2024-05-27 13:57:01,10000.0,-0.13245
2024-05-27 13:57:02,10001.0,-0.13245
2024-05-27 13:57:03,10002.0,-0.13245
2024-05-27 13:57:04,10003.0,-0.13245
2024-05-27 13:57:05,10004.0,-0.13245
2024-05-27 13:57:06,10005.0,-0.13245
2024-05-27 13:57:07,10006.0,-0.13245
2024-05-27 13:57:08,10007.0,-0.13245
2024-05-27 13:57:09,10008.0,-0.13245
2024-05-27 13:57:10,10009.0,-0.13245
2024-05-27 13:57:11,10010.0,-0.13245
2024-05-27 13:57:12,10011.0,-0.13245
2024-05-27 13:57:13,10012.0,-0.13245
2024-05-27 13:57:14,10013.0,-0.13245
2024-05-27 13:57:15,10014.0,-0.13245
2024-05-27 13:57:16,10015.0,-0.13245
2024-05-27 13:57:17,10016.0,-0.13245
2024-05-27 13:57:18,10017.0,-0.13245
2024-05-27 13:57:19,10018.0,-0.13245
2024-05-27 13:57:20,10019.0,-0.13245
2024-05-27 13:57:21,10020.0,-0.13245
2024-05-27 13:57:22,10021.0,-0.13245
2024-05-27 13:57:23,10022.0,-0.13245
2024-05-27 13:57:24,10023.0,-0.13245
2024-05-27 13:57:25,10024.0,-0.13245
2024-05-27 13:57:26,10025.0,-0.13245
2024-05-27 13:57:27,10026.0,-0.13245
2024-05-27 13:57:28,10027.0,-0.13245
2024-05-27 13:57:29,10028.0,-0.13245
2024-05-27 13:57:30,10029.0,-0.13245
2024-05-27 13:57:31,10030.0,-0.13245
2024-05-27 13:57:32,10031.0,-0.13245
2024-05-27 13:57:33,10032.0,-0.13245
2024-05-27 13:57:34,10033.0,-0.13245
2024-05-27 13:57:35,10034.0,-0.13245
2024-05-27 13:57:36,10035.0,-0.13245
2024-05-27 13:57:37,10036.0,-0.13245
2024-05-27 13:57:38,10037.0,-0.13245
2024-05-27 13:57:39,10038.0,-0.13245
2024-05-27 13:57:40,10039.0,-0.13245
2024-05-27 13:57:41,10040.0,-0.13245
2024-05-27 13:57:42,10041.0,-0.13245
2024-05-27 13:57:43,10042.0,-0.13245
2024-05-27 13:57:44,10043.0,-0.13245
2024-05-27 13:57:45,10044.0,-0.13245
2024-05-27 13:57:46,10045.0,-0.13245
2024-05-27 13:57:47,10046.0,-0.13245
2024-05-27 13:57:48,10047.0,-0.13245
2024-05-27 13:57:49,10048.0,-0.13245
2024-05-27 13:57:50,10049.0,-0.13245
2024-05-27 13:57:51,10050.0,-0.13245
2024-05-27 13:57:52,10051.0,-0.1324518089974868
2024-05-27 13:57:53,10052.0,-0.13245707183703703
2024-05-27 13:57:54,10053.0,-0.13246554228928575
2024-05-27 13:57:55,10054.0,-0.13247697412486772
2024-05-27 13:57:56,10055.0,-0.132491121114418
2024-05-27 13:57:57,10056.0,-0.13250773702857144
2024-05-27 13:57:58,10057.0,-0.13252657563796297
2024-05-27 13:57:59,10058.0,-0.13254739071322752
2024-05-27 13:58:00,10059.0,-0.13256993602500003
2024-05-27 13:58:01,10060.0,-0.13259396534391535
2024-05-27 13:58:02,10061.0,-0.13261923244060847
2024-05-27 13:58:03,10062.0,-0.1326454910857143
2024-05-27 13:58:04,10063.0,-0.13267249504986775
2024-05-27 13:58:05,10064.0,-0.1326999981037037
2024-05-27 13:58:06,10065.0,-0.13272775401785716
2024-05-27 13:58:07,10066.0,-0.132755516562963
2024-05-27 13:58:08,10067.0,-0.1327830395096561
2024-05-27 13:58:09,10068.0,-0.13281007662857144
2024-05-27 13:58:10,10069.0,-0.13283638169034392
2024-05-27 13:58:11,10070.0,-0.1328617084656085
2024-05-27 13:58:12,10071.0,-0.13288581072500003
2024-05-27 13:58:13,10072.0,-0.13290844223915346
2024-05-27 13:58:14,10073.0,-0.1329293567787037
2024-05-27 13:58:15,10074.0,-0.1329483081142857
2024-05-27 13:58:16,10075.0,-0.1329650500165344
2024-05-27 13:58:17,10076.0,-0.13297933625608468
2024-05-27 13:58:18,10077.0,-0.13299092060357146
2024-05-27 13:58:19,10078.0,-0.13299955682962963
2024-05-27 13:58:20,10079.0,-0.13300499870489418
2024-05-27 13:58:21,10080.0,-0.13300700000000001
2024-05-27 13:58:22,10081.0,-0.1330071892553716
2024-05-27 13:58:23,10082.0,-0.13300736004373398
2024-05-27 13:58:24,10083.0,-0.13300751368417282
2024-05-27 13:58:25,10084.0,-0.13300765149577376
2024-05-27 13:58:26,10085.0,-0.13300777479762257
2024-05-27 13:58:27,10086.0,-0.13300788490880489
2024-05-27 13:58:28,10087.0,-0.13300798314840637
2024-05-27 13:58:29,10088.0,-0.13300807083551272
2024-05-27 13:58:30,10089.0,-0.13300814928920962
2024-05-27 13:58:31,10090.0,-0.13300821982858274
2024-05-27 13:58:32,10091.0,-0.13300828377271773
2024-05-27 13:58:33,10092.0,-0.13300834244070034
2024-05-27 13:58:34,10093.0,-0.13300839715161622
2024-05-27 13:58:35,10094.0,-0.13300844922455105
2024-05-27 13:58:36,10095.0,-0.13300849997859046
2024-05-27 13:58:37,10096.0,-0.1330085507328202
2024-05-27 13:58:38,10097.0,-0.13300860280632598
2024-05-27 13:58:39,10098.0,-0.13300865751819335
2024-05-27 13:58:40,10099.0,-0.13300871618750812
2024-05-27 13:58:41,10100.0,-0.1330087801333559
2024-05-27 13:58:42,10101.0,-0.1330088506748224
2024-05-27 13:58:43,10102.0,-0.13300892913099327
2024-05-27 13:58:44,10103.0,-0.13300901682095423
2024-05-27 13:58:45,10104.0,-0.13300911506379096
2024-05-27 13:58:46,10105.0,-0.13300922517858904
2024-05-27 13:58:47,10106.0,-0.1330093484844343
2024-05-27 13:58:48,10107.0,-0.13300948630041234
2024-05-27 13:58:49,10108.0,-0.13300963994560888
2024-05-27 13:58:50,10109.0,-0.13300981073910953
2024-05-27 13:58:51,10110.0,-0.13301000000000002
2024-05-27 13:58:52,10111.0,-0.13301201107821856
2024-05-27 13:58:53,10112.0,-0.13301748140253933
2024-05-27 13:58:54,10113.0,-0.13302616341030196
2024-05-27 13:58:55,10114.0,-0.13303780953884614
2024-05-27 13:58:56,10115.0,-0.13305217222551147
2024-05-27 13:58:57,10116.0,-0.13306900390763768
2024-05-27 13:58:58,10117.0,-0.13308805702256432
2024-05-27 13:58:59,10118.0,-0.13310908400763108
2024-05-27 13:59:00,10119.0,-0.13313183730017766
2024-05-27 13:59:01,10120.0,-0.1331560693375436
2024-05-27 13:59:02,10121.0,-0.13318153255706863
2024-05-27 13:59:03,10122.0,-0.13320797939609236
2024-05-27 13:59:04,10123.0,-0.1332351622919545
2024-05-27 13:59:05,10124.0,-0.1332628336819946
2024-05-27 13:59:06,10125.0,-0.1332907460035524
2024-05-27 13:59:07,10126.0,-0.1333186516939675
2024-05-27 13:59:08,10127.0,-0.13334630319057958
2024-05-27 13:59:09,10128.0,-0.13337345293072825
2024-05-27 13:59:10,10129.0,-0.13339985335175317
2024-05-27 13:59:11,10130.0,-0.13342525689099402
2024-05-27 13:59:12,10131.0,-0.1334494159857904
2024-05-27 13:59:13,10132.0,-0.13347208307348202
2024-05-27 13:59:14,10133.0,-0.13349301059140845
2024-05-27 13:59:15,10134.0,-0.13351195097690943
2024-05-27 13:59:16,10135.0,-0.1335286566673245
2024-05-27 13:59:17,10136.0,-0.1335428800999934
2024-05-27 13:59:18,10137.0,-0.13355437371225576
2024-05-27 13:59:19,10138.0,-0.1335628899414512
2024-05-27 13:59:20,10139.0,-0.1335681812249194
2024-05-27 13:59:21,10140.0,-0.13357
2024-05-27 13:59:22,10141.0,-0.13357
2024-05-27 13:59:23,10142.0,-0.13357
2024-05-27 13:59:24,10143.0,-0.13357
2024-05-27 13:59:25,10144.0,-0.13357
2024-05-27 13:59:26,10145.0,-0.13357
2024-05-27 13:59:27,10146.0,-0.13357
2024-05-27 13:59:28,10147.0,-0.13357
2024-05-27 13:59:29,10148.0,-0.13357
2024-05-27 13:59:30,10149.0,-0.13357
2024-05-27 13:59:31,10150.0,-0.13357
2024-05-27 13:59:32,10151.0,-0.13357
2024-05-27 13:59:33,10152.0,-0.13357
2024-05-27 13:59:34,10153.0,-0.13357
2024-05-27 13:59:35,10154.0,-0.13357
2024-05-27 13:59:36,10155.0,-0.13357
2024-05-27 13:59:37,10156.0,-0.13357
2024-05-27 13:59:38,10157.0,-0.13357
2024-05-27 13:59:39,10158.0,-0.13357
2024-05-27 13:59:40,10159.0,-0.13357
2024-05-27 13:59:41,10160.0,-0.13357
2024-05-27 13:59:42,10161.0,-0.13357
2024-05-27 13:59:43,10162.0,-0.13357
2024-05-27 13:59:44,10163.0,-0.13357
2024-05-27 13:59:45,10164.0,-0.13357
2024-05-27 13:59:46,10165.0,-0.13357
2024-05-27 13:59:47,10166.0,-0.13357
2024-05-27 13:59:48,10167.0,-0.13357
2024-05-27 13:59:49,10168.0,-0.13357
2024-05-27 13:59:50,10169.0,-0.13357
2024-05-27 13:59:51,10170.0,-0.13357
2024-05-27 13:59:52,10171.0,-0.13357
2024-05-27 13:59:53,10172.0,-0.13357
2024-05-27 13:59:54,10173.0,-0.13357
2024-05-27 13:59:55,10174.0,-0.13357
2024-05-27 13:59:56,10175.0,-0.13357
2024-05-27 13:59:57,10176.0,-0.13357
2024-05-27 13:59:58,10177.0,-0.13357
2024-05-27 13:59:59,10178.0,-0.13357
2024-05-27 14:00:00,10179.0,-0.13357
2024-05-27 14:00:01,10180.0,-0.13357
2024-05-27 14:00:02,10181.0,-0.13357
2024-05-27 14:00:03,10182.0,-0.13357
2024-05-27 14:00:04,10183.0,-0.13357
2024-05-27 14:00:05,10184.0,-0.13357
2024-05-27 14:00:06,10185.0,-0.13357
2024-05-27 14:00:07,10186.0,-0.13357
2024-05-27 14:00:08,10187.0,-0.13357
2024-05-27 14:00:09,10188.0,-0.13357
2024-05-27 14:00:10,10189.0,-0.13357
2024-05-27 14:00:11,10190.0,-0.13357
2024-05-27 14:00:12,10191.0,-0.13357
2024-05-27 14:00:13,10192.0,-0.13357
2024-05-27 14:00:14,10193.0,-0.13357
2024-05-27 14:00:15,10194.0,-0.13357
2024-05-27 14:00:16,10195.0,-0.13357
2024-05-27 14:00:17,10196.0,-0.13357
2024-05-27 14:00:18,10197.0,-0.13357
2024-05-27 14:00:19,10198.0,-0.13357
2024-05-27 14:00:20,10199.0,-0.13357
2024-05-27 14:00:21,10200.0,-0.13357
2024-05-27 14:00:22,10201.0,-0.13357180899748677
2024-05-27 14:00:23,10202.0,-0.13357707183703701
2024-05-27 14:00:24,10203.0,-0.13358554228928574
2024-05-27 14:00:25,10204.0,-0.1335969741248677
2024-05-27 14:00:26,10205.0,-0.13361112111441797
2024-05-27 14:00:27,10206.0,-0.13362773702857142
2024-05-27 14:00:28,10207.0,-0.13364657563796295
2024-05-27 14:00:29,10208.0,-0.1336673907132275
2024-05-27 14:00:30,10209.0,-0.133689936025
2024-05-27 14:00:31,10210.0,-0.13371396534391533
2024-05-27 14:00:32,10211.0,-0.13373923244060845
2024-05-27 14:00:33,10212.0,-0.13376549108571428
2024-05-27 14:00:34,10213.0,-0.13379249504986773
2024-05-27 14:00:35,10214.0,-0.13381999810370368
2024-05-27 14:00:36,10215.0,-0.13384775401785715
2024-05-27 14:00:37,10216.0,-0.13387551656296298
2024-05-27 14:00:38,10217.0,-0.13390303950965607
2024-05-27 14:00:39,10218.0,-0.13393007662857143
2024-05-27 14:00:40,10219.0,-0.1339563816903439
2024-05-27 14:00:41,10220.0,-0.13398170846560847
2024-05-27 14:00:42,10221.0,-0.134005810725
2024-05-27 14:00:43,10222.0,-0.13402844223915344
2024-05-27 14:00:44,10223.0,-0.1340493567787037
2024-05-27 14:00:45,10224.0,-0.1340683081142857
2024-05-27 14:00:46,10225.0,-0.13408505001653437
2024-05-27 14:00:47,10226.0,-0.13409933625608467
2024-05-27 14:00:48,10227.0,-0.13411092060357144
2024-05-27 14:00:49,10228.0,-0.13411955682962962
2024-05-27 14:00:50,10229.0,-0.13412499870489417
2024-05-27 14:00:51,10230.0,-0.134127
2024-05-27 14:00:52,10231.0,-0.13412719566547618
2024-05-27 14:00:53,10232.0,-0.13412738480000003
2024-05-27 14:00:54,10233.0,-0.1341275673964286
2024-05-27 14:00:55,10234.0,-0.13412774344761905
2024-05-27 14:00:56,10235.0,-0.13412791294642856
2024-05-27 14:00:57,10236.0,-0.1341280758857143
2024-05-27 14:00:58,10237.0,-0.1341282322583333
2024-05-27 14:00:59,10238.0,-0.13412838205714284
2024-05-27 14:01:00,10239.0,-0.134128525275
2024-05-27 14:01:01,10240.0,-0.13412866190476191
2024-05-27 14:01:02,10241.0,-0.1341287919392857
2024-05-27 14:01:03,10242.0,-0.13412891537142857
2024-05-27 14:01:04,10243.0,-0.13412903219404762
2024-05-27 14:01:05,10244.0,-0.1341291424
2024-05-27 14:01:06,10245.0,-0.13412924598214288
2024-05-27 14:01:07,10246.0,-0.1341293429333333
2024-05-27 14:01:08,10247.0,-0.1341294332464286
2024-05-27 14:01:09,10248.0,-0.1341295169142857
2024-05-27 14:01:10,10249.0,-0.1341295939297619
2024-05-27 14:01:11,10250.0,-0.1341296642857143
2024-05-27 14:01:12,10251.0,-0.134129727975
2024-05-27 14:01:13,10252.0,-0.13412978499047618
2024-05-27 14:01:14,10253.0,-0.134129835325
2024-05-27 14:01:15,10254.0,-0.13412987897142856
2024-05-27 14:01:16,10255.0,-0.13412991592261905
2024-05-27 14:01:17,10256.0,-0.13412994617142857
2024-05-27 14:01:18,10257.0,-0.13412996971071428
2024-05-27 14:01:19,10258.0,-0.13412998653333333
2024-05-27 14:01:20,10259.0,-0.13412999663214284
2024-05-27 14:01:21,10260.0,-0.13413
2024-05-27 14:01:22,10261.0,-0.13413
2024-05-27 14:01:23,10262.0,-0.13413
2024-05-27 14:01:24,10263.0,-0.13413
2024-05-27 14:01:25,10264.0,-0.13413
2024-05-27 14:01:26,10265.0,-0.13413
2024-05-27 14:01:27,10266.0,-0.13413
2024-05-27 14:01:28,10267.0,-0.13413
2024-05-27 14:01:29,10268.0,-0.13413
2024-05-27 14:01:30,10269.0,-0.13413
2024-05-27 14:01:31,10270.0,-0.13413
2024-05-27 14:01:32,10271.0,-0.13413
2024-05-27 14:01:33,10272.0,-0.13413
2024-05-27 14:01:34,10273.0,-0.13413
2024-05-27 14:01:35,10274.0,-0.13413
2024-05-27 14:01:36,10275.0,-0.13413
2024-05-27 14:01:37,10276.0,-0.13413
2024-05-27 14:01:38,10277.0,-0.13413
2024-05-27 14:01:39,10278.0,-0.13413
2024-05-27 14:01:40,10279.0,-0.13413
2024-05-27 14:01:41,10280.0,-0.13413
2024-05-27 14:01:42,10281.0,-0.13413
2024-05-27 14:01:43,10282.0,-0.13413
2024-05-27 14:01:44,10283.0,-0.13413
2024-05-27 14:01:45,10284.0,-0.13413
2024-05-27 14:01:46,10285.0,-0.13413
2024-05-27 14:01:47,10286.0,-0.13413
2024-05-27 14:01:48,10287.0,-0.13413
2024-05-27 14:01:49,10288.0,-0.13413
2024-05-27 14:01:50,10289.0,-0.13413
2024-05-27 14:01:51,10290.0,-0.13413
2024-05-27 14:01:52,10291.0,-0.13412452444444445
2024-05-27 14:01:53,10292.0,-0.13410859555555554
2024-05-27 14:01:54,10293.0,-0.13408296
2024-05-27 14:01:55,10294.0,-0.13404836444444446
2024-05-27 14:01:56,10295.0,-0.13400555555555554
2024-05-27 14:01:57,10296.0,-0.13395528
2024-05-27 14:01:58,10297.0,-0.13389828444444443
2024-05-27 14:01:59,10298.0,-0.13383531555555556
2024-05-27 14:02:00,10299.0,-0.13376712
2024-05-27 14:02:01,10300.0,-0.13369444444444445
2024-05-27 14:02:02,10301.0,-0.13361803555555554
2024-05-27 14:02:03,10302.0,-0.13353864000000001
2024-05-27 14:02:04,10303.0,-0.13345700444444444
2024-05-27 14:02:05,10304.0,-0.13337387555555555
2024-05-27 14:02:06,10305.0,-0.13329000000000002
2024-05-27 14:02:07,10306.0,-0.13320612444444446
2024-05-27 14:02:08,10307.0,-0.13312299555555557
2024-05-27 14:02:09,10308.0,-0.13304136
2024-05-27 14:02:10,10309.0,-0.13296196444444444
2024-05-27 14:02:11,10310.0,-0.13288555555555556
2024-05-27 14:02:12,10311.0,-0.13281288
2024-05-27 14:02:13,10312.0,-0.13274468444444446
2024-05-27 14:02:14,10313.0,-0.13268171555555558
2024-05-27 14:02:15,10314.0,-0.13262472000000003
2024-05-27 14:02:16,10315.0,-0.13257444444444447
2024-05-27 14:02:17,10316.0,-0.13253163555555555
2024-05-27 14:02:18,10317.0,-0.13249704
2024-05-27 14:02:19,10318.0,-0.13247140444444447
2024-05-27 14:02:20,10319.0,-0.1324554755555556
2024-05-27 14:02:21,10320.0,-0.13245
2024-05-27 14:02:22,10321.0,-0.13245
2024-05-27 14:02:23,10322.0,-0.13245
2024-05-27 14:02:24,10323.0,-0.13245
2024-05-27 14:02:25,10324.0,-0.13245
2024-05-27 14:02:26,10325.0,-0.13245
2024-05-27 14:02:27,10326.0,-0.13245
2024-05-27 14:02:28,10327.0,-0.13245
2024-05-27 14:02:29,10328.0,-0.13245
2024-05-27 14:02:30,10329.0,-0.13245
2024-05-27 14:02:31,10330.0,-0.13245
2024-05-27 14:02:32,10331.0,-0.13245
2024-05-27 14:02:33,10332.0,-0.13245
2024-05-27 14:02:34,10333.0,-0.13245
2024-05-27 14:02:35,10334.0,-0.13245
2024-05-27 14:02:36,10335.0,-0.13245
2024-05-27 14:02:37,10336.0,-0.13245
2024-05-27 14:02:38,10337.0,-0.13245
2024-05-27 14:02:39,10338.0,-0.13245
2024-05-27 14:02:40,10339.0,-0.13245
2024-05-27 14:02:41,10340.0,-0.13245
2024-05-27 14:02:42,10341.0,-0.13245
2024-05-27 14:02:43,10342.0,-0.13245
2024-05-27 14:02:44,10343.0,-0.13245
2024-05-27 14:02:45,10344.0,-0.13245
2024-05-27 14:02:46,10345.0,-0.13245
2024-05-27 14:02:47,10346.0,-0.13245
2024-05-27 14:02:48,10347.0,-0.13245
2024-05-27 14:02:49,10348.0,-0.13245
2024-05-27 14:02:50,10349.0,-0.13245
2024-05-27 14:02:51,10350.0,-0.13245
2024-05-27 14:02:52,10351.0,-0.13245
2024-05-27 14:02:53,10352.0,-0.13245
2024-05-27 14:02:54,10353.0,-0.13245
2024-05-27 14:02:55,10354.0,-0.13245
2024-05-27 14:02:56,10355.0,-0.13245
2024-05-27 14:02:57,10356.0,-0.13245
2024-05-27 14:02:58,10357.0,-0.13245
2024-05-27 14:02:59,10358.0,-0.13245
2024-05-27 14:03:00,10359.0,-0.13245
2024-05-27 14:03:01,10360.0,-0.13245
2024-05-27 14:03:02,10361.0,-0.13245
2024-05-27 14:03:03,10362.0,-0.13245
2024-05-27 14:03:04,10363.0,-0.13245
2024-05-27 14:03:05,10364.0,-0.13245
2024-05-27 14:03:06,10365.0,-0.13245
2024-05-27 14:03:07,10366.0,-0.13245
2024-05-27 14:03:08,10367.0,-0.13245
2024-05-27 14:03:09,10368.0,-0.13245
2024-05-27 14:03:10,10369.0,-0.13245
2024-05-27 14:03:11,10370.0,-0.13245
2024-05-27 14:03:12,10371.0,-0.13245
2024-05-27 14:03:13,10372.0,-0.13245
2024-05-27 14:03:14,10373.0,-0.13245
2024-05-27 14:03:15,10374.0,-0.13245
2024-05-27 14:03:16,10375.0,-0.13245
2024-05-27 14:03:17,10376.0,-0.13245
2024-05-27 14:03:18,10377.0,-0.13245
2024-05-27 14:03:19,10378.0,-0.13245
2024-05-27 14:03:20,10379.0,-0.13245
2024-05-27 14:03:21,10380.0,-0.13245
2024-05-27 14:03:22,10381.0,-0.13245121554136413
2024-05-27 14:03:23,10382.0,-0.1324547798685633
2024-05-27 14:03:24,10383.0,-0.13246056953625784
2024-05-27 14:03:25,10384.0,-0.13246846109910806
2024-05-27 14:03:26,10385.0,-0.13247833111177426
2024-05-27 14:03:27,10386.0,-0.13249005612891676
2024-05-27 14:03:28,10387.0,-0.1325035127051958
2024-05-27 14:03:29,10388.0,-0.13251857739527173
2024-05-27 14:03:30,10389.0,-0.13253512675380485
2024-05-27 14:03:31,10390.0,-0.13255303733545543
2024-05-27 14:03:32,10391.0,-0.1325721856948838
2024-05-27 14:03:33,10392.0,-0.13259244838675024
2024-05-27 14:03:34,10393.0,-0.13261370196571506
2024-05-27 14:03:35,10394.0,-0.13263582298643856
2024-05-27 14:03:36,10395.0,-0.13265868800358102
2024-05-27 14:03:37,10396.0,-0.1326821735718028
2024-05-27 14:03:38,10397.0,-0.13270615624576412
2024-05-27 14:03:39,10398.0,-0.13273051258012536
2024-05-27 14:03:40,10399.0,-0.13275511912954677
2024-05-27 14:03:41,10400.0,-0.13277985244868862
2024-05-27 14:03:42,10401.0,-0.1328045890922113
2024-05-27 14:03:43,10402.0,-0.13282920561477504
2024-05-27 14:03:44,10403.0,-0.13285357857104016
2024-05-27 14:03:45,10404.0,-0.13287758451566697
2024-05-27 14:03:46,10405.0,-0.13290110000331576
2024-05-27 14:03:47,10406.0,-0.13292400158864684
2024-05-27 14:03:48,10407.0,-0.13294616582632052
2024-05-27 14:03:49,10408.0,-0.13296746927099706
2024-05-27 14:03:50,10409.0,-0.1329877884773368
2024-05-27 14:03:51,10410.0,-0.13300700000000001
2024-05-27 14:03:52,10411.0,-0.133026221300441
2024-05-27 14:03:53,10412.0,-0.13304656895122516
2024-05-27 14:03:54,10413.0,-0.13306791817367952
2024-05-27 14:03:55,10414.0,-0.13309014418913098
2024-05-27 14:03:56,10415.0,-0.13311312221890648
2024-05-27 14:03:57,10416.0,-0.13313672748433306
2024-05-27 14:03:58,10417.0,-0.13316083520673763
2024-05-27 14:03:59,10418.0,-0.1331853206074472
2024-05-27 14:04:00,10419.0,-0.13321005890778873
2024-05-27 14:04:01,10420.0,-0.1332349253290892
2024-05-27 14:04:02,10421.0,-0.13325979509267552
2024-05-27 14:04:03,10422.0,-0.13328454341987467
2024-05-27 14:04:04,10423.0,-0.1333090455320137
2024-05-27 14:04:05,10424.0,-0.13333317665041947
2024-05-27 14:04:06,10425.0,-0.133356811996419
2024-05-27 14:04:07,10426.0,-0.13337982679133922
2024-05-27 14:04:08,10427.0,-0.13340209625650723
2024-05-27 14:04:09,10428.0,-0.13342349561324982
2024-05-27 14:04:10,10429.0,-0.133443900082894
2024-05-27 14:04:11,10430.0,-0.13346318488676684
2024-05-27 14:04:12,10431.0,-0.13348122524619518
2024-05-27 14:04:13,10432.0,-0.13349789638250606
2024-05-27 14:04:14,10433.0,-0.13351307351702643
2024-05-27 14:04:15,10434.0,-0.13352663187108327
2024-05-27 14:04:16,10435.0,-0.13353844666600354
2024-05-27 14:04:17,10436.0,-0.13354839312311417
2024-05-27 14:04:18,10437.0,-0.13355634646374218
2024-05-27 14:04:19,10438.0,-0.1335621819092145
2024-05-27 14:04:20,10439.0,-0.13356577468085812
2024-05-27 14:04:21,10440.0,-0.13356700000000002
2024-05-27 14:04:22,10441.0,-0.133561544
2024-05-27 14:04:23,10442.0,-0.13354567200000003
2024-05-27 14:04:24,10443.0,-0.13352012800000002
2024-05-27 14:04:25,10444.0,-0.133485656
2024-05-27 14:04:26,10445.0,-0.13344300000000003
2024-05-27 14:04:27,10446.0,-0.133392904
2024-05-27 14:04:28,10447.0,-0.13333611200000003
2024-05-27 14:04:29,10448.0,-0.13327336800000003
2024-05-27 14:04:30,10449.0,-0.13320541600000002
2024-05-27 14:04:31,10450.0,-0.13313300000000003
2024-05-27 14:04:32,10451.0,-0.13305686400000002
2024-05-27 14:04:33,10452.0,-0.132977752
2024-05-27 14:04:34,10453.0,-0.132896408
2024-05-27 14:04:35,10454.0,-0.13281357600000002
2024-05-27 14:04:36,10455.0,-0.13273000000000001
2024-05-27 14:04:37,10456.0,-0.132646424
2024-05-27 14:04:38,10457.0,-0.132563592
2024-05-27 14:04:39,10458.0,-0.132482248
2024-05-27 14:04:40,10459.0,-0.132403136
2024-05-27 14:04:41,10460.0,-0.132327
2024-05-27 14:04:42,10461.0,-0.132254584
2024-05-27 14:04:43,10462.0,-0.132186632
2024-05-27 14:04:44,10463.0,-0.132123888
2024-05-27 14:04:45,10464.0,-0.13206709600000002
2024-05-27 14:04:46,10465.0,-0.13201700000000002
2024-05-27 14:04:47,10466.0,-0.13197434400000002
2024-05-27 14:04:48,10467.0,-0.131939872
2024-05-27 14:04:49,10468.0,-0.131914328
2024-05-27 14:04:50,10469.0,-0.131898456
2024-05-27 14:04:51,10470.0,-0.131893
2024-05-27 14:04:52,10471.0,-0.13189662438767866
2024-05-27 14:04:53,10472.0,-0.131907168363142
2024-05-27 14:04:54,10473.0,-0.13192413814503134
2024-05-27 14:04:55,10474.0,-0.1319470399519878
2024-05-27 14:04:56,10475.0,-0.1319753800026526
2024-05-27 14:04:57,10476.0,-0.13200866451566698
2024-05-27 14:04:58,10477.0,-0.13204639970967208
2024-05-27 14:04:59,10478.0,-0.13208809180330913
2024-05-27 14:05:00,10479.0,-0.13213324701521936
2024-05-27 14:05:01,10480.0,-0.13218137156404391
2024-05-27 14:05:02,10481.0,-0.13223197166842401
2024-05-27 14:05:03,10482.0,-0.1322845535470009
2024-05-27 14:05:04,10483.0,-0.13233862341841576
2024-05-27 14:05:05,10484.0,-0.13239368750130973
2024-05-27 14:05:06,10485.0,-0.1324492520143241
2024-05-27 14:05:07,10486.0,-0.13250482317610002
2024-05-27 14:05:08,10487.0,-0.1325599072052787
2024-05-27 14:05:09,10488.0,-0.13261401032050135
2024-05-27 14:05:10,10489.0,-0.13266663874040915
2024-05-27 14:05:11,10490.0,-0.13271729868364335
2024-05-27 14:05:12,10491.0,-0.13276549636884513
2024-05-27 14:05:13,10492.0,-0.13281073801465568
2024-05-27 14:05:14,10493.0,-0.13285252983971618
2024-05-27 14:05:15,10494.0,-0.13289037806266787
2024-05-27 14:05:16,10495.0,-0.13292378890215192
2024-05-27 14:05:17,10496.0,-0.1329522685768096
2024-05-27 14:05:18,10497.0,-0.13297532330528203
2024-05-27 14:05:19,10498.0,-0.13299245930621043
2024-05-27 14:05:20,10499.0,-0.13300318279823603
2024-05-27 14:05:21,10500.0,-0.13300700000000001
2024-05-27 14:05:22,10501.0,-0.13300719616472698
2024-05-27 14:05:23,10502.0,-0.13300738573082663
2024-05-27 14:05:24,10503.0,-0.13300756869471803
2024-05-27 14:05:25,10504.0,-0.13300774505282006
2024-05-27 14:05:26,10505.0,-0.13300791480155177
2024-05-27 14:05:27,10506.0,-0.13300807793733216
2024-05-27 14:05:28,10507.0,-0.1330082344565801
2024-05-27 14:05:29,10508.0,-0.13300838435571474
2024-05-27 14:05:30,10509.0,-0.13300852763115492
2024-05-27 14:05:31,10510.0,-0.13300866427931962
2024-05-27 14:05:32,10511.0,-0.1330087942966279
2024-05-27 14:05:33,10512.0,-0.13300891767949866
2024-05-27 14:05:34,10513.0,-0.13300903442435094
2024-05-27 14:05:35,10514.0,-0.13300914452760373
2024-05-27 14:05:36,10515.0,-0.13300924798567595
2024-05-27 14:05:37,10516.0,-0.1330093447949866
2024-05-27 14:05:38,10517.0,-0.13300943495195466
2024-05-27 14:05:39,10518.0,-0.13300951845299913
2024-05-27 14:05:40,10519.0,-0.13300959529453896
2024-05-27 14:05:41,10520.0,-0.13300966547299317
2024-05-27 14:05:42,10521.0,-0.13300972898478067
2024-05-27 14:05:43,10522.0,-0.1330097858263205
2024-05-27 14:05:44,10523.0,-0.13300983599403166
2024-05-27 14:05:45,10524.0,-0.13300987948433304
2024-05-27 14:05:46,10525.0,-0.1330099162936437
2024-05-27 14:05:47,10526.0,-0.1330099464183826
2024-05-27 14:05:48,10527.0,-0.13300996985496866
2024-05-27 14:05:49,10528.0,-0.13300998659982097
2024-05-27 14:05:50,10529.0,-0.13300999664935842
2024-05-27 14:05:51,10530.0,-0.13301000000000002
2024-05-27 14:05:52,10531.0,-0.13300877142380904
2024-05-27 14:05:53,10532.0,-0.13300516933026638
2024-05-27 14:05:54,10533.0,-0.1329993191719172
2024-05-27 14:05:55,10534.0,-0.13299134640130683
2024-05-27 14:05:56,10535.0,-0.13298137647098046
2024-05-27 14:05:57,10536.0,-0.13296953483348337
2024-05-27 14:05:58,10537.0,-0.13295594694136081
2024-05-27 14:05:59,10538.0,-0.13294073824715805
2024-05-27 14:06:00,10539.0,-0.13292403420342036
2024-05-27 14:06:01,10540.0,-0.13290596026269297
2024-05-27 14:06:02,10541.0,-0.1328866418775211
2024-05-27 14:06:03,10542.0,-0.13286620450045006
2024-05-27 14:06:04,10543.0,-0.13284477358402508
2024-05-27 14:06:05,10544.0,-0.13282247458079144
2024-05-27 14:06:06,10545.0,-0.13279943294329433
2024-05-27 14:06:07,10546.0,-0.1327757741240791
2024-05-27 14:06:08,10547.0,-0.13275162357569092
2024-05-27 14:06:09,10548.0,-0.1327271067506751
2024-05-27 14:06:10,10549.0,-0.13270234910157686
2024-05-27 14:06:11,10550.0,-0.13267747608094144
2024-05-27 14:06:12,10551.0,-0.13265261314131416
2024-05-27 14:06:13,10552.0,-0.1326278857352402
2024-05-27 14:06:14,10553.0,-0.1326034193152649
2024-05-27 14:06:15,10554.0,-0.13257933933393343
2024-05-27 14:06:16,10555.0,-0.13255577124379106
2024-05-27 14:06:17,10556.0,-0.1325328404973831
2024-05-27 14:06:18,10557.0,-0.13251067254725474
2024-05-27 14:06:19,10558.0,-0.13248939284595126
2024-05-27 14:06:20,10559.0,-0.13246912684601794
2024-05-27 14:06:21,10560.0,-0.13245
2024-05-27 14:06:22,10561.0,-0.1324314894687969
2024-05-27 14:06:23,10562.0,-0.13241298878367838
2024-05-27 14:06:24,10563.0,-0.13239449795274527
2024-05-27 14:06:25,10564.0,-0.13237601698409843
2024-05-27 14:06:26,10565.0,-0.13235754588583862
2024-05-27 14:06:27,10566.0,-0.13233908466606661
2024-05-27 14:06:28,10567.0,-0.1323206333328833
2024-05-27 14:06:29,10568.0,-0.13230219189438944
2024-05-27 14:06:30,10569.0,-0.1322837603586859
2024-05-27 14:06:31,10570.0,-0.13226533873387336
2024-05-27 14:06:32,10571.0,-0.1322469270280528
2024-05-27 14:06:33,10572.0,-0.13222852524932494
2024-05-27 14:06:34,10573.0,-0.1322101334057906
2024-05-27 14:06:35,10574.0,-0.13219175150555057
2024-05-27 14:06:36,10575.0,-0.1321733795567057
2024-05-27 14:06:37,10576.0,-0.1321550175673567
2024-05-27 14:06:38,10577.0,-0.13213666554560458
2024-05-27 14:06:39,10578.0,-0.13211832349954997
2024-05-27 14:06:40,10579.0,-0.13209999143729373
2024-05-27 14:06:41,10580.0,-0.1320816693669367
2024-05-27 14:06:42,10581.0,-0.13206335729657964
2024-05-27 14:06:43,10582.0,-0.13204505523432342
2024-05-27 14:06:44,10583.0,-0.1320267631882688
2024-05-27 14:06:45,10584.0,-0.13200848116651667
2024-05-27 14:06:46,10585.0,-0.13199020917716772
2024-05-27 14:06:47,10586.0,-0.1319719472283228
2024-05-27 14:06:48,10587.0,-0.1319536953280828
2024-05-27 14:06:49,10588.0,-0.13193545348454844
2024-05-27 14:06:50,10589.0,-0.13191722170582054
2024-05-27 14:06:51,10590.0,-0.13189899999999996
