timestamp,time_s,load_total_kw
2024-05-10 08:30:41,0.0,36.05111000000001
2024-05-10 08:30:42,1.0,35.99670585014816
2024-05-10 08:30:43,2.0,35.94592725451853
2024-05-10 08:30:44,3.0,35.898649194
2024-05-10 08:30:45,4.0,35.85474664948149
2024-05-10 08:30:46,5.0,35.814094601851856
2024-05-10 08:30:47,6.0,35.77656803200001
2024-05-10 08:30:48,7.0,35.74204192081482
2024-05-10 08:30:49,8.0,35.710391249185186
2024-05-10 08:30:50,9.0,35.681490997999994
2024-05-10 08:30:51,10.0,35.65521614814815
2024-05-10 08:30:52,11.0,35.63144168051852
2024-05-10 08:30:53,12.0,35.610042576000005
2024-05-10 08:30:54,13.0,35.59089381548148
2024-05-10 08:30:55,14.0,35.573870379851854
2024-05-10 08:30:56,15.0,35.55884725
2024-05-10 08:30:57,16.0,35.54569940681481
2024-05-10 08:30:58,17.0,35.53430183118519
2024-05-10 08:30:59,18.0,35.524529504
2024-05-10 08:31:00,19.0,35.51625740614814
2024-05-10 08:31:01,20.0,35.50936051851852
2024-05-10 08:31:02,21.0,35.503713822
2024-05-10 08:31:03,22.0,35.499192297481486
2024-05-10 08:31:04,23.0,35.49567092585185
2024-05-10 08:31:05,24.0,35.493024688
2024-05-10 08:31:06,25.0,35.491128564814815
2024-05-10 08:31:07,26.0,35.48985753718519
2024-05-10 08:31:08,27.0,35.489086586
2024-05-10 08:31:09,28.0,35.48869069214815
2024-05-10 08:31:10,29.0,35.48854483651852
2024-05-10 08:31:11,30.0,35.488524
2024-05-10 08:31:12,31.0,35.662901554082815
2024-05-10 08:31:13,32.0,36.173409247339016
2024-05-10 08:31:14,33.0,37.00110962628018
2024-05-10 08:31:15,34.0,38.12706523741792
2024-05-10 08:31:16,35.0,39.53233862726385
2024-05-10 08:31:17,36.0,41.19799234232954
2024-05-10 08:31:18,37.0,43.105088929126616
2024-05-10 08:31:19,38.0,45.234690934166665
2024-05-10 08:31:20,39.0,47.56786090396129
2024-05-10 08:31:21,40.0,50.08566138502209
2024-05-10 08:31:22,41.0,52.76915492386068
2024-05-10 08:31:23,42.0,55.59940406698863
2024-05-10 08:31:24,43.0,58.557471360917575
2024-05-10 08:31:25,44.0,61.62441935215908
2024-05-10 08:31:26,45.0,64.7813105872248
2024-05-10 08:31:27,46.0,68.00920761262626
2024-05-10 08:31:28,47.0,71.28917297487511
2024-05-10 08:31:29,48.0,74.60226922048295
2024-05-10 08:31:30,49.0,77.92955889596138
2024-05-10 08:31:31,50.0,81.25210454782197
2024-05-10 08:31:32,51.0,84.55096872257634
2024-05-10 08:31:33,52.0,87.8072139667361
2024-05-10 08:31:34,53.0,91.00190282681285
2024-05-10 08:31:35,54.0,94.11609784931818
2024-05-10 08:31:36,55.0,97.13086158076368
2024-05-10 08:31:37,56.0,100.02725656766097
2024-05-10 08:31:38,57.0,102.78634535652168
2024-05-10 08:31:39,58.0,105.38919049385731
2024-05-10 08:31:40,59.0,107.81685452617955
2024-05-10 08:31:41,60.0,110.0504
2024-05-10 08:31:42,61.0,112.16643547364042
2024-05-10 08:31:43,62.0,114.2549198386275
2024-05-10 08:31:44,63.0,116.31694114128025
2024-05-10 08:31:45,64.0,118.3535874279176
2024-05-10 08:31:46,65.0,120.3659467448585
2024-05-10 08:31:47,66.0,122.35510713842196
2024-05-10 08:31:48,67.0,124.32215665492689
2024-05-10 08:31:49,68.0,126.26818334069227
2024-05-10 08:31:50,69.0,128.19427524203707
2024-05-10 08:31:51,70.0,130.10152040528024
2024-05-10 08:31:52,71.0,131.9910068767407
2024-05-10 08:31:53,72.0,133.86382270273748
2024-05-10 08:31:54,73.0,135.7210559295895
2024-05-10 08:31:55,74.0,137.56379460361572
2024-05-10 08:31:56,75.0,139.39312677113517
2024-05-10 08:31:57,76.0,141.21014047846668
2024-05-10 08:31:58,77.0,143.01592377192932
2024-05-10 08:31:59,78.0,144.81156469784202
2024-05-10 08:32:00,79.0,146.59815130252372
2024-05-10 08:32:01,80.0,148.37677163229338
2024-05-10 08:32:02,81.0,150.14851373347
2024-05-10 08:32:03,82.0,151.9144656523725
2024-05-10 08:32:04,83.0,153.6757154353199
2024-05-10 08:32:05,84.0,155.43335112863102
2024-05-10 08:32:06,85.0,157.18846077862497
2024-05-10 08:32:07,86.0,158.94213243162065
2024-05-10 08:32:08,87.0,160.69545413393706
2024-05-10 08:32:09,88.0,162.44951393189308
2024-05-10 08:32:10,89.0,164.20539987180774
2024-05-10 08:32:11,90.0,165.9642
2024-05-10 08:32:12,91.0,167.7051329273417
2024-05-10 08:32:13,92.0,169.40898274834692
2024-05-10 08:32:14,93.0,171.079185734798
2024-05-10 08:32:15,94.0,172.71917815847712
2024-05-10 08:32:16,95.0,174.33239629116673
2024-05-10 08:32:17,96.0,175.922276404649
2024-05-10 08:32:18,97.0,177.49225477070632
2024-05-10 08:32:19,98.0,179.0457676611209
2024-05-10 08:32:20,99.0,180.58625134767507
2024-05-10 08:32:21,100.0,182.11714210215115
2024-05-10 08:32:22,101.0,183.6418761963314
2024-05-10 08:32:23,102.0,185.16388990199812
2024-05-10 08:32:24,103.0,186.68661949093357
2024-05-10 08:32:25,104.0,188.2135012349201
2024-05-10 08:32:26,105.0,189.74797140573997
2024-05-10 08:32:27,106.0,191.29346627517552
2024-05-10 08:32:28,107.0,192.85342211500895
2024-05-10 08:32:29,108.0,194.4312751970227
2024-05-10 08:32:30,109.0,196.0304617929989
2024-05-10 08:32:31,110.0,197.65441817471992
2024-05-10 08:32:32,111.0,199.3065806139681
2024-05-10 08:32:33,112.0,200.99038538252563
2024-05-10 08:32:34,113.0,202.70926875217492
2024-05-10 08:32:35,114.0,204.46666699469816
2024-05-10 08:32:36,115.0,206.26601638187773
2024-05-10 08:32:37,116.0,208.11075318549584
2024-05-10 08:32:38,117.0,210.00431367733484
2024-05-10 08:32:39,118.0,211.950134129177
2024-05-10 08:32:40,119.0,213.95165081280464
2024-05-10 08:32:41,120.0,216.0123
2024-05-10 08:32:42,121.0,218.24053093967171
2024-05-10 08:32:43,122.0,220.72689057004186
2024-05-10 08:32:44,123.0,223.44796169686325
2024-05-10 08:32:45,124.0,226.38032712588856
2024-05-10 08:32:46,125.0,229.50056966287048
2024-05-10 08:32:47,126.0,232.7852721135617
2024-05-10 08:32:48,127.0,236.211017283715
2024-05-10 08:32:49,128.0,239.75438797908302
2024-05-10 08:32:50,129.0,243.39196700541848
2024-05-10 08:32:51,130.0,247.10033716847417
2024-05-10 08:32:52,131.0,250.85608127400272
2024-05-10 08:32:53,132.0,254.6357821277569
2024-05-10 08:32:54,133.0,258.41602253548933
2024-05-10 08:32:55,134.0,262.17338530295285
2024-05-10 08:32:56,135.0,265.8844532359001
2024-05-10 08:32:57,136.0,269.52580914008377
2024-05-10 08:32:58,137.0,273.07403582125653
2024-05-10 08:32:59,138.0,276.5057160851713
2024-05-10 08:33:00,139.0,279.79743273758055
2024-05-10 08:33:01,140.0,282.9257685842371
2024-05-10 08:33:02,141.0,285.8673064308936
2024-05-10 08:33:03,142.0,288.5986290833029
2024-05-10 08:33:04,143.0,291.09631934721756
2024-05-10 08:33:05,144.0,293.3369600283904
2024-05-10 08:33:06,145.0,295.29713393257407
2024-05-10 08:33:07,146.0,296.9534238655213
2024-05-10 08:33:08,147.0,298.2824126329848
2024-05-10 08:33:09,148.0,299.26068304071725
2024-05-10 08:33:10,149.0,299.86481789447146
2024-05-10 08:33:11,150.0,300.0714
2024-05-10 08:33:12,151.0,299.7253589037037
2024-05-10 08:33:13,152.0,298.7186938962963
2024-05-10 08:33:14,153.0,297.0985924
2024-05-10 08:33:15,154.0,294.912241837037
2024-05-10 08:33:16,155.0,292.2068296296296
2024-05-10 08:33:17,156.0,289.0295432
2024-05-10 08:33:18,157.0,285.42756997037037
2024-05-10 08:33:19,158.0,281.4480973629629
2024-05-10 08:33:20,159.0,277.1383128
2024-05-10 08:33:21,160.0,272.5454037037037
2024-05-10 08:33:22,161.0,267.71655749629633
2024-05-10 08:33:23,162.0,262.6989616
2024-05-10 08:33:24,163.0,257.53980343703705
2024-05-10 08:33:25,164.0,252.28627042962964
2024-05-10 08:33:26,165.0,246.98555000000002
2024-05-10 08:33:27,166.0,241.6848295703704
2024-05-10 08:33:28,167.0,236.431296562963
2024-05-10 08:33:29,168.0,231.27213840000002
2024-05-10 08:33:30,169.0,226.25454250370373
2024-05-10 08:33:31,170.0,221.42569629629634
2024-05-10 08:33:32,171.0,216.83278720000004
2024-05-10 08:33:33,172.0,212.52300263703708
2024-05-10 08:33:34,173.0,208.54353002962966
2024-05-10 08:33:35,174.0,204.94155680000006
2024-05-10 08:33:36,175.0,201.7642703703704
2024-05-10 08:33:37,176.0,199.05885816296302
2024-05-10 08:33:38,177.0,196.87250760000006
2024-05-10 08:33:39,178.0,195.25240610370378
2024-05-10 08:33:40,179.0,194.24574109629637
2024-05-10 08:33:41,180.0,193.89970000000005
2024-05-10 08:33:42,181.0,194.0220790127639
2024-05-10 08:33:43,182.0,194.38043086921832
2024-05-10 08:33:44,183.0,194.9615777966075
2024-05-10 08:33:45,184.0,195.75234202217575
2024-05-10 08:33:46,185.0,196.73954577316735
2024-05-10 08:33:47,186.0,197.91001127682654
2024-05-10 08:33:48,187.0,199.25056076039755
2024-05-10 08:33:49,188.0,200.74801645112467
2024-05-10 08:33:50,189.0,202.38920057625216
2024-05-10 08:33:51,190.0,204.16093536302427
2024-05-10 08:33:52,191.0,206.0500430386853
2024-05-10 08:33:53,192.0,208.04334583047944
2024-05-10 08:33:54,193.0,210.12766596565103
2024-05-10 08:33:55,194.0,212.28982567144425
2024-05-10 08:33:56,195.0,214.51664717510343
2024-05-10 08:33:57,196.0,216.79495270387278
2024-05-10 08:33:58,197.0,219.11156448499662
2024-05-10 08:33:59,198.0,221.45330474571912
2024-05-10 08:34:00,199.0,223.80699571328464
2024-05-10 08:34:01,200.0,226.1594596149374
2024-05-10 08:34:02,201.0,228.49751867792162
2024-05-10 08:34:03,202.0,230.8079951294816
2024-05-10 08:34:04,203.0,233.07771119686157
2024-05-10 08:34:05,204.0,235.2934891073059
2024-05-10 08:34:06,205.0,237.4421510880587
2024-05-10 08:34:07,206.0,239.51051936636435
2024-05-10 08:34:08,207.0,241.485416169467
2024-05-10 08:34:09,208.0,243.35366372461098
2024-05-10 08:34:10,209.0,245.10208425904057
2024-05-10 08:34:11,210.0,246.71749999999997
2024-05-10 08:34:12,211.0,248.2536794502449
2024-05-10 08:34:13,212.0,249.77355057025412
2024-05-10 08:34:14,213.0,251.2776747738564
2024-05-10 08:34:15,214.0,252.76661347488073
2024-05-10 08:34:16,215.0,254.2409280871559
2024-05-10 08:34:17,216.0,255.70118002451085
2024-05-10 08:34:18,217.0,257.14793070077434
2024-05-10 08:34:19,218.0,258.5817415297753
2024-05-10 08:34:20,219.0,260.0031739253426
2024-05-10 08:34:21,220.0,261.41278930130505
2024-05-10 08:34:22,221.0,262.81114907149157
2024-05-10 08:34:23,222.0,264.1988146497311
2024-05-10 08:34:24,223.0,265.57634744985234
2024-05-10 08:34:25,224.0,266.9443088856843
2024-05-10 08:34:26,225.0,268.3032603710557
2024-05-10 08:34:27,226.0,269.65376331979553
2024-05-10 08:34:28,227.0,270.9963791457327
2024-05-10 08:34:29,228.0,272.33166926269587
2024-05-10 08:34:30,229.0,273.6601950845142
2024-05-10 08:34:31,230.0,274.98251802501625
2024-05-10 08:34:32,231.0,276.29919949803104
2024-05-10 08:34:33,232.0,277.61080091738745
2024-05-10 08:34:34,233.0,278.9178836969143
2024-05-10 08:34:35,234.0,280.22100925044055
2024-05-10 08:34:36,235.0,281.5207389917949
2024-05-10 08:34:37,236.0,282.8176343348063
2024-05-10 08:34:38,237.0,284.1122566933037
2024-05-10 08:34:39,238.0,285.4051674811158
2024-05-10 08:34:40,239.0,286.69692811207165
2024-05-10 08:34:41,240.0,287.9881
2024-05-10 08:34:42,241.0,289.2894841280045
2024-05-10 08:34:43,242.0,290.6097398522054
2024-05-10 08:34:44,243.0,291.94621614595576
2024-05-10 08:34:45,244.0,293.2962619826091
2024-05-10 08:34:46,245.0,294.65722633551866
2024-05-10 08:34:47,246.0,296.0264581780378
2024-05-10 08:34:48,247.0,297.40130648351976
2024-05-10 08:34:49,248.0,298.7791202253179
2024-05-10 08:34:50,249.0,300.1572483767857
2024-05-10 08:34:51,250.0,301.53303991127615
2024-05-10 08:34:52,251.0,302.9038438021429
2024-05-10 08:34:53,252.0,304.26700902273905
2024-05-10 08:34:54,253.0,305.619884546418
2024-05-10 08:34:55,254.0,306.9598193465331
2024-05-10 08:34:56,255.0,308.2841623964377
2024-05-10 08:34:57,256.0,309.59026266948507
2024-05-10 08:34:58,257.0,310.87546913902844
2024-05-10 08:34:59,258.0,312.1371307784214
2024-05-10 08:35:00,259.0,313.37259656101696
2024-05-10 08:35:01,260.0,314.57921546016865
2024-05-10 08:35:02,261.0,315.7543364492297
2024-05-10 08:35:03,262.0,316.89530850155353
2024-05-10 08:35:04,263.0,317.9994805904933
2024-05-10 08:35:05,264.0,319.06420168940247
2024-05-10 08:35:06,265.0,320.0868207716343
2024-05-10 08:35:07,266.0,321.0646868105422
2024-05-10 08:35:08,267.0,321.9951487794794
2024-05-10 08:35:09,268.0,322.8755556517991
2024-05-10 08:35:10,269.0,323.70325640085497
2024-05-10 08:35:11,270.0,324.47560000000004
2024-05-10 08:35:12,271.0,325.2230006009707
2024-05-10 08:35:13,272.0,325.97618374222463
2024-05-10 08:35:14,273.0,326.7329654771973
2024-05-10 08:35:15,274.0,327.49116185932394
2024-05-10 08:35:16,275.0,328.24858894203993
2024-05-10 08:35:17,276.0,329.0030627787808
2024-05-10 08:35:18,277.0,329.7523994229819
2024-05-10 08:35:19,278.0,330.4944149280785
2024-05-10 08:35:20,279.0,331.2269253475061
2024-05-10 08:35:21,280.0,331.94774673470005
2024-05-10 08:35:22,281.0,332.6546951430957
2024-05-10 08:35:23,282.0,333.3455866261284
2024-05-10 08:35:24,283.0,334.0182372372337
2024-05-10 08:35:25,284.0,334.67046302984676
2024-05-10 08:35:26,285.0,335.3000800574031
2024-05-10 08:35:27,286.0,335.90490437333807
2024-05-10 08:35:28,287.0,336.48275203108716
2024-05-10 08:35:29,288.0,337.0314390840856
2024-05-10 08:35:30,289.0,337.5487815857688
2024-05-10 08:35:31,290.0,338.03259558957217
2024-05-10 08:35:32,291.0,338.48069714893114
2024-05-10 08:35:33,292.0,338.890902317281
2024-05-10 08:35:34,293.0,339.2610271480572
2024-05-10 08:35:35,294.0,339.5888876946952
2024-05-10 08:35:36,295.0,339.8723000106301
2024-05-10 08:35:37,296.0,340.10908014929765
2024-05-10 08:35:38,297.0,340.29704416413296
2024-05-10 08:35:39,298.0,340.43400810857156
2024-05-10 08:35:40,299.0,340.5177880360487
2024-05-10 08:35:41,300.0,340.54619999999994
2024-05-10 08:35:42,301.0,340.49910859259256
2024-05-10 08:35:43,302.0,340.3621154074073
2024-05-10 08:35:44,303.0,340.14164199999993
2024-05-10 08:35:45,304.0,339.84410992592586
2024-05-10 08:35:46,305.0,339.47594074074067
2024-05-10 08:35:47,306.0,339.04355599999997
2024-05-10 08:35:48,307.0,338.5533772592592
2024-05-10 08:35:49,308.0,338.01182607407407
2024-05-10 08:35:50,309.0,337.42532399999993
2024-05-10 08:35:51,310.0,336.8002925925926
2024-05-10 08:35:52,311.0,336.1431534074074
2024-05-10 08:35:53,312.0,335.46032799999995
2024-05-10 08:35:54,313.0,334.7582379259259
2024-05-10 08:35:55,314.0,334.0433047407407
2024-05-10 08:35:56,315.0,333.32195
2024-05-10 08:35:57,316.0,332.60059525925925
2024-05-10 08:35:58,317.0,331.8856620740741
2024-05-10 08:35:59,318.0,331.183572
2024-05-10 08:36:00,319.0,330.5007465925926
2024-05-10 08:36:01,320.0,329.84360740740743
2024-05-10 08:36:02,321.0,329.21857600000004
2024-05-10 08:36:03,322.0,328.63207392592597
2024-05-10 08:36:04,323.0,328.09052274074077
2024-05-10 08:36:05,324.0,327.600344
2024-05-10 08:36:06,325.0,327.16795925925925
2024-05-10 08:36:07,326.0,326.7997900740741
2024-05-10 08:36:08,327.0,326.50225800000004
2024-05-10 08:36:09,328.0,326.2817845925926
2024-05-10 08:36:10,329.0,326.1447914074074
2024-05-10 08:36:11,330.0,326.09770000000003
2024-05-10 08:36:12,331.0,326.1035249481482
2024-05-10 08:36:13,332.0,326.1204702518519
2024-05-10 08:36:14,333.0,326.1477416
2024-05-10 08:36:15,334.0,326.18454468148155
2024-05-10 08:36:16,335.0,326.2300851851852
2024-05-10 08:36:17,336.0,326.28356880000007
2024-05-10 08:36:18,337.0,326.3442012148148
2024-05-10 08:36:19,338.0,326.4111881185185
2024-05-10 08:36:20,339.0,326.48373520000007
2024-05-10 08:36:21,340.0,326.5610481481482
2024-05-10 08:36:22,341.0,326.6423326518519
2024-05-10 08:36:23,342.0,326.7267944
2024-05-10 08:36:24,343.0,326.8136390814815
2024-05-10 08:36:25,344.0,326.90207238518525
2024-05-10 08:36:26,345.0,326.9913
2024-05-10 08:36:27,346.0,327.08052761481486
2024-05-10 08:36:28,347.0,327.1689609185185
2024-05-10 08:36:29,348.0,327.2558056
2024-05-10 08:36:30,349.0,327.3402673481482
2024-05-10 08:36:31,350.0,327.42155185185186
2024-05-10 08:36:32,351.0,327.49886480000004
2024-05-10 08:36:33,352.0,327.5714118814815
2024-05-10 08:36:34,353.0,327.6383987851852
2024-05-10 08:36:35,354.0,327.69903120000004
2024-05-10 08:36:36,355.0,327.75251481481484
2024-05-10 08:36:37,356.0,327.79805531851855
2024-05-10 08:36:38,357.0,327.8348584
2024-05-10 08:36:39,358.0,327.86212974814816
2024-05-10 08:36:40,359.0,327.8790750518519
2024-05-10 08:36:41,360.0,327.8849
2024-05-10 08:36:42,361.0,327.8826908740741
2024-05-10 08:36:43,362.0,327.87626432592594
2024-05-10 08:36:44,363.0,327.86592160000004
2024-05-10 08:36:45,364.0,327.85196394074075
2024-05-10 08:36:46,365.0,327.8346925925926
2024-05-10 08:36:47,366.0,327.81440879999997
2024-05-10 08:36:48,367.0,327.7914138074074
2024-05-10 08:36:49,368.0,327.7660088592593
2024-05-10 08:36:50,369.0,327.7384952
2024-05-10 08:36:51,370.0,327.7091740740741
2024-05-10 08:36:52,371.0,327.6783467259259
2024-05-10 08:36:53,372.0,327.6463144
2024-05-10 08:36:54,373.0,327.6133783407407
2024-05-10 08:36:55,374.0,327.5798397925926
2024-05-10 08:36:56,375.0,327.54599999999994
2024-05-10 08:36:57,376.0,327.5121602074074
2024-05-10 08:36:58,377.0,327.47862165925926
2024-05-10 08:36:59,378.0,327.4456856
2024-05-10 08:37:00,379.0,327.413653274074
2024-05-10 08:37:01,380.0,327.38282592592594
2024-05-10 08:37:02,381.0,327.3535048
2024-05-10 08:37:03,382.0,327.3259911407407
2024-05-10 08:37:04,383.0,327.30058619259256
2024-05-10 08:37:05,384.0,327.27759119999996
2024-05-10 08:37:06,385.0,327.2573074074074
2024-05-10 08:37:07,386.0,327.24003605925924
2024-05-10 08:37:08,387.0,327.22607839999995
2024-05-10 08:37:09,388.0,327.21573567407404
2024-05-10 08:37:10,389.0,327.2093091259259
2024-05-10 08:37:11,390.0,327.20709999999997
2024-05-10 08:37:12,391.0,327.22902536296294
2024-05-10 08:37:13,392.0,327.29280823703704
2024-05-10 08:37:14,393.0,327.3954588
2024-05-10 08:37:15,394.0,327.5339872296296
2024-05-10 08:37:16,395.0,327.70540370370367
2024-05-10 08:37:17,396.0,327.9067184
2024-05-10 08:37:18,397.0,328.1349414962962
2024-05-10 08:37:19,398.0,328.3870831703703
2024-05-10 08:37:20,399.0,328.66015359999994
2024-05-10 08:37:21,400.0,328.95116296296294
2024-05-10 08:37:22,401.0,329.257121437037
2024-05-10 08:37:23,402.0,329.57503919999994
2024-05-10 08:37:24,403.0,329.90192642962955
2024-05-10 08:37:25,404.0,330.2347933037036
2024-05-10 08:37:26,405.0,330.57064999999994
2024-05-10 08:37:27,406.0,330.9065066962962
2024-05-10 08:37:28,407.0,331.2393735703703
2024-05-10 08:37:29,408.0,331.56626079999995
2024-05-10 08:37:30,409.0,331.8841785629629
2024-05-10 08:37:31,410.0,332.190137037037
2024-05-10 08:37:32,411.0,332.4811463999999
2024-05-10 08:37:33,412.0,332.75421682962957
2024-05-10 08:37:34,413.0,333.0063585037036
2024-05-10 08:37:35,414.0,333.23458159999996
2024-05-10 08:37:36,415.0,333.4358962962962
2024-05-10 08:37:37,416.0,333.60731277037024
2024-05-10 08:37:38,417.0,333.7458411999999
2024-05-10 08:37:39,418.0,333.8484917629629
2024-05-10 08:37:40,419.0,333.91227463703694
2024-05-10 08:37:41,420.0,333.9341999999999
2024-05-10 08:37:42,421.0,333.9167577481481
2024-05-10 08:37:43,422.0,333.8660166518518
2024-05-10 08:37:44,423.0,333.78435519999994
2024-05-10 08:37:45,424.0,333.6741518814814
2024-05-10 08:37:46,425.0,333.5377851851851
2024-05-10 08:37:47,426.0,333.37763359999997
2024-05-10 08:37:48,427.0,333.19607561481473
2024-05-10 08:37:49,428.0,332.99548971851846
2024-05-10 08:37:50,429.0,332.7782543999999
2024-05-10 08:37:51,430.0,332.5467481481481
2024-05-10 08:37:52,431.0,332.30334945185183
2024-05-10 08:37:53,432.0,332.05043679999994
2024-05-10 08:37:54,433.0,331.79038868148143
2024-05-10 08:37:55,434.0,331.52558358518513
2024-05-10 08:37:56,435.0,331.2584
2024-05-10 08:37:57,436.0,330.9912164148148
2024-05-10 08:37:58,437.0,330.72641131851844
2024-05-10 08:37:59,438.0,330.46636319999993
2024-05-10 08:38:00,439.0,330.21345054814816
2024-05-10 08:38:01,440.0,329.97005185185185
2024-05-10 08:38:02,441.0,329.73854559999995
2024-05-10 08:38:03,442.0,329.5213102814815
2024-05-10 08:38:04,443.0,329.32072438518514
2024-05-10 08:38:05,444.0,329.1391664
2024-05-10 08:38:06,445.0,328.97901481481483
2024-05-10 08:38:07,446.0,328.8426481185185
2024-05-10 08:38:08,447.0,328.7324448
2024-05-10 08:38:09,448.0,328.6507833481482
2024-05-10 08:38:10,449.0,328.6000422518519
2024-05-10 08:38:11,450.0,328.5826
2024-05-10 08:38:12,451.0,328.62794411851854
2024-05-10 08:38:13,452.0,328.75985428148147
2024-05-10 08:38:14,453.0,328.9721472
2024-05-10 08:38:15,454.0,329.25863958518516
2024-05-10 08:38:16,455.0,329.6131481481481
2024-05-10 08:38:17,456.0,330.02948960000003
2024-05-10 08:38:18,457.0,330.50148065185186
2024-05-10 08:38:19,458.0,331.0229380148148
2024-05-10 08:38:20,459.0,331.5876784
2024-05-10 08:38:21,460.0,332.1895185185185
2024-05-10 08:38:22,461.0,332.8222750814815
2024-05-10 08:38:23,462.0,333.4797648
2024-05-10 08:38:24,463.0,334.1558043851852
2024-05-10 08:38:25,464.0,334.84421054814817
2024-05-10 08:38:26,465.0,335.53880000000004
2024-05-10 08:38:27,466.0,336.23338945185185
2024-05-10 08:38:28,467.0,336.9217956148148
2024-05-10 08:38:29,468.0,337.5978352
2024-05-10 08:38:30,469.0,338.2553249185185
2024-05-10 08:38:31,470.0,338.8880814814815
2024-05-10 08:38:32,471.0,339.4899216
2024-05-10 08:38:33,472.0,340.0546619851852
2024-05-10 08:38:34,473.0,340.57611934814815
2024-05-10 08:38:35,474.0,341.0481104
2024-05-10 08:38:36,475.0,341.46445185185183
2024-05-10 08:38:37,476.0,341.8189604148148
2024-05-10 08:38:38,477.0,342.10545279999997
2024-05-10 08:38:39,478.0,342.31774571851855
2024-05-10 08:38:40,479.0,342.4496558814815
2024-05-10 08:38:41,480.0,342.495
2024-05-10 08:38:42,481.0,342.4646215761537
2024-05-10 08:38:43,482.0,342.37611253932175
2024-05-10 08:38:44,483.0,342.23341224156417
2024-05-10 08:38:45,484.0,342.04046003494113
2024-05-10 08:38:46,485.0,341.80119527151277
2024-05-10 08:38:47,486.0,341.51955730333924
2024-05-10 08:38:48,487.0,341.1994854824807
2024-05-10 08:38:49,488.0,340.84491916099734
2024-05-10 08:38:50,489.0,340.4597976909492
2024-05-10 08:38:51,490.0,340.04806042439645
2024-05-10 08:38:52,491.0,339.61364671339925
2024-05-10 08:38:53,492.0,339.1604959100178
2024-05-10 08:38:54,493.0,338.69254736631217
2024-05-10 08:38:55,494.0,338.21374043434247
2024-05-10 08:38:56,495.0,337.728014466169
2024-05-10 08:38:57,496.0,337.2393088138517
2024-05-10 08:38:58,497.0,336.75156282945096
2024-05-10 08:38:59,498.0,336.2687158650267
2024-05-10 08:39:00,499.0,335.79470727263913
2024-05-10 08:39:01,500.0,335.33347640434846
2024-05-10 08:39:02,501.0,334.8889626122147
2024-05-10 08:39:03,502.0,334.4651052482982
2024-05-10 08:39:04,503.0,334.0658436646589
2024-05-10 08:39:05,504.0,333.69511721335704
2024-05-10 08:39:06,505.0,333.35686524645274
2024-05-10 08:39:07,506.0,333.0550271160062
2024-05-10 08:39:08,507.0,332.7935421740775
2024-05-10 08:39:09,508.0,332.5763497727268
2024-05-10 08:39:10,509.0,332.4073892640142
2024-05-10 08:39:11,510.0,332.2906
2024-05-10 08:39:12,511.0,332.2020382026524
2024-05-10 08:39:13,512.0,332.1151939606065
2024-05-10 08:39:14,513.0,332.0301574259225
2024-05-10 08:39:15,514.0,331.9470187506604
2024-05-10 08:39:16,515.0,331.86586808688054
2024-05-10 08:39:17,516.0,331.78679558664294
2024-05-10 08:39:18,517.0,331.70989140200777
2024-05-10 08:39:19,518.0,331.6352456850351
2024-05-10 08:39:20,519.0,331.56294858778523
2024-05-10 08:39:21,520.0,331.49309026231816
2024-05-10 08:39:22,521.0,331.4257608606942
2024-05-10 08:39:23,522.0,331.3610505349733
2024-05-10 08:39:24,523.0,331.2990494372157
2024-05-10 08:39:25,524.0,331.23984771948153
2024-05-10 08:39:26,525.0,331.18353553383105
2024-05-10 08:39:27,526.0,331.1302030323241
2024-05-10 08:39:28,527.0,331.07994036702115
2024-05-10 08:39:29,528.0,331.0328376899822
2024-05-10 08:39:30,529.0,330.9889851532674
2024-05-10 08:39:31,530.0,330.9484729089369
2024-05-10 08:39:32,531.0,330.9113911090508
2024-05-10 08:39:33,532.0,330.8778299056693
2024-05-10 08:39:34,533.0,330.84787945085253
2024-05-10 08:39:35,534.0,330.82162989666074
2024-05-10 08:39:36,535.0,330.7991713951539
2024-05-10 08:39:37,536.0,330.78059409839216
2024-05-10 08:39:38,537.0,330.76598815843585
2024-05-10 08:39:39,538.0,330.75544372734487
2024-05-10 08:39:40,539.0,330.7490509571796
2024-05-10 08:39:41,540.0,330.7469
2024-05-10 08:39:42,541.0,330.76822174814816
2024-05-10 08:39:43,542.0,330.83024865185183
2024-05-10 08:39:44,543.0,330.9300732
2024-05-10 08:39:45,544.0,331.0647878814815
2024-05-10 08:39:46,545.0,331.2314851851852
2024-05-10 08:39:47,546.0,331.4272576
2024-05-10 08:39:48,547.0,331.6491976148148
2024-05-10 08:39:49,548.0,331.89439771851846
2024-05-10 08:39:50,549.0,332.1599504
2024-05-10 08:39:51,550.0,332.4429481481481
2024-05-10 08:39:52,551.0,332.74048345185184
2024-05-10 08:39:53,552.0,333.0496488
2024-05-10 08:39:54,553.0,333.3675366814815
2024-05-10 08:39:55,554.0,333.69123958518514
2024-05-10 08:39:56,555.0,334.01785
2024-05-10 08:39:57,556.0,334.3444604148149
2024-05-10 08:39:58,557.0,334.66816331851857
2024-05-10 08:39:59,558.0,334.9860512
2024-05-10 08:40:00,559.0,335.2952165481482
2024-05-10 08:40:01,560.0,335.59275185185186
2024-05-10 08:40:02,561.0,335.8757496
2024-05-10 08:40:03,562.0,336.1413022814815
2024-05-10 08:40:04,563.0,336.3865023851852
2024-05-10 08:40:05,564.0,336.60844240000006
2024-05-10 08:40:06,565.0,336.8042148148149
2024-05-10 08:40:07,566.0,336.9709121185185
2024-05-10 08:40:08,567.0,337.10562680000004
2024-05-10 08:40:09,568.0,337.2054513481482
2024-05-10 08:40:10,569.0,337.26747825185186
2024-05-10 08:40:11,570.0,337.28880000000004
2024-05-10 08:40:12,571.0,337.2876206646149
2024-05-10 08:40:13,572.0,337.2841045438001
2024-05-10 08:40:14,573.0,337.2782844655661
2024-05-10 08:40:15,574.0,337.2701932579239
2024-05-10 08:40:16,575.0,337.259863748884
2024-05-10 08:40:17,576.0,337.2473287664572
2024-05-10 08:40:18,577.0,337.2326211386543
2024-05-10 08:40:19,578.0,337.21577369348574
2024-05-10 08:40:20,579.0,337.1968192589626
2024-05-10 08:40:21,580.0,337.1757906630953
2024-05-10 08:40:22,581.0,337.15272073389474
2024-05-10 08:40:23,582.0,337.12764229937153
2024-05-10 08:40:24,583.0,337.1005881875364
2024-05-10 08:40:25,584.0,337.07159122640013
2024-05-10 08:40:26,585.0,337.0406842439733
2024-05-10 08:40:27,586.0,337.00790006826685
2024-05-10 08:40:28,587.0,336.9732715272912
2024-05-10 08:40:29,588.0,336.9368314490573
2024-05-10 08:40:30,589.0,336.8986126615758
2024-05-10 08:40:31,590.0,336.8586479928573
2024-05-10 08:40:32,591.0,336.8169702709127
2024-05-10 08:40:33,592.0,336.77361232375256
2024-05-10 08:40:34,593.0,336.7286069793876
2024-05-10 08:40:35,594.0,336.6819870658287
2024-05-10 08:40:36,595.0,336.6337854110864
2024-05-10 08:40:37,596.0,336.58403484317154
2024-05-10 08:40:38,597.0,336.53276819009477
2024-05-10 08:40:39,598.0,336.4800182798667
2024-05-10 08:40:40,599.0,336.4258179404983
2024-05-10 08:40:41,600.0,336.3702
2024-05-10 08:40:42,601.0,336.29153062639114
2024-05-10 08:40:43,602.0,336.1698862236751
2024-05-10 08:40:44,603.0,336.0078649738398
2024-05-10 08:40:45,604.0,335.8080650588727
2024-05-10 08:40:46,605.0,335.5730846607616
2024-05-10 08:40:47,606.0,335.305521961494
2024-05-10 08:40:48,607.0,335.00797514305754
2024-05-10 08:40:49,608.0,334.6830423874399
2024-05-10 08:40:50,609.0,334.3333218766288
2024-05-10 08:40:51,610.0,333.9614117926118
2024-05-10 08:40:52,611.0,333.56991031737647
2024-05-10 08:40:53,612.0,333.1614156329106
2024-05-10 08:40:54,613.0,332.73852592120176
2024-05-10 08:40:55,614.0,332.30383936423755
2024-05-10 08:40:56,615.0,331.8599541440057
2024-05-10 08:40:57,616.0,331.40946844249373
2024-05-10 08:40:58,617.0,330.95498044168943
2024-05-10 08:40:59,618.0,330.4990883235803
2024-05-10 08:41:00,619.0,330.04439027015405
2024-05-10 08:41:01,620.0,329.5934844633983
2024-05-10 08:41:02,621.0,329.14896908530073
2024-05-10 08:41:03,622.0,328.7134423178489
2024-05-10 08:41:04,623.0,328.28950234303056
2024-05-10 08:41:05,624.0,327.8797473428333
2024-05-10 08:41:06,625.0,327.48677549924474
2024-05-10 08:41:07,626.0,327.1131849942525
2024-05-10 08:41:08,627.0,326.7615740098443
2024-05-10 08:41:09,628.0,326.43454072800773
2024-05-10 08:41:10,629.0,326.1346833307304
2024-05-10 08:41:11,630.0,325.8646
2024-05-10 08:41:12,631.0,325.6075503572702
2024-05-10 08:41:13,632.0,325.3456615955512
2024-05-10 08:41:14,633.0,325.07983325416564
2024-05-10 08:41:15,634.0,324.81096487243576
2024-05-10 08:41:16,635.0,324.53995598968424
2024-05-10 08:41:17,636.0,324.2677061452335
2024-05-10 08:41:18,637.0,323.99511487840607
2024-05-10 08:41:19,638.0,323.72308172852433
2024-05-10 08:41:20,639.0,323.45250623491097
2024-05-10 08:41:21,640.0,323.18428793688827
2024-05-10 08:41:22,641.0,322.9193263737788
2024-05-10 08:41:23,642.0,322.6585210849051
2024-05-10 08:41:24,643.0,322.4027716095896
2024-05-10 08:41:25,644.0,322.15297748715466
2024-05-10 08:41:26,645.0,321.9100382569231
2024-05-10 08:41:27,646.0,321.6748534582171
2024-05-10 08:41:28,647.0,321.44832263035926
2024-05-10 08:41:29,648.0,321.2313453126721
2024-05-10 08:41:30,649.0,321.02482104447813
2024-05-10 08:41:31,650.0,320.82964936509967
2024-05-10 08:41:32,651.0,320.6467298138594
2024-05-10 08:41:33,652.0,320.47696193007977
2024-05-10 08:41:34,653.0,320.321245253083
2024-05-10 08:41:35,654.0,320.180479322192
2024-05-10 08:41:36,655.0,320.0555636767291
2024-05-10 08:41:37,656.0,319.94739785601666
2024-05-10 08:41:38,657.0,319.8568813993773
2024-05-10 08:41:39,658.0,319.7849138461335
2024-05-10 08:41:40,659.0,319.7323947356076
2024-05-10 08:41:41,660.0,319.7002236071223
2024-05-10 08:41:42,661.0,319.6893
2024-05-10 08:41:43,662.0,319.6940295447967
2024-05-10 08:41:44,663.0,319.7080552868521
2024-05-10 08:41:45,664.0,319.7311328876642
2024-05-10 08:41:46,665.0,319.7630180087312
2024-05-10 08:41:47,666.0,319.803466311551
2024-05-10 08:41:48,667.0,319.8522334576217
2024-05-10 08:41:49,668.0,319.90907510844136
2024-05-10 08:41:50,669.0,319.97374692550795
2024-05-10 08:41:51,670.0,320.04600457031967
2024-05-10 08:41:52,671.0,320.1256037043744
2024-05-10 08:41:53,672.0,320.2122999891703
2024-05-10 08:41:54,673.0,320.30584908620534
2024-05-10 08:41:55,674.0,320.4060066569775
2024-05-10 08:41:56,675.0,320.51252836298505
2024-05-10 08:41:57,676.0,320.62516986572587
2024-05-10 08:41:58,677.0,320.7436868266981
2024-05-10 08:41:59,678.0,320.86783490739964
2024-05-10 08:42:00,679.0,320.99736976932866
2024-05-10 08:42:01,680.0,321.1320470739832
2024-05-10 08:42:02,681.0,321.2716224828612
2024-05-10 08:42:03,682.0,321.41585165746085
2024-05-10 08:42:04,683.0,321.56449025928003
2024-05-10 08:42:05,684.0,321.71729394981696
2024-05-10 08:42:06,685.0,321.8740183905696
2024-05-10 08:42:07,686.0,322.0344192430359
2024-05-10 08:42:08,687.0,322.1982521687142
2024-05-10 08:42:09,688.0,322.3652728291022
2024-05-10 08:42:10,689.0,322.5352368856981
2024-05-10 08:42:11,690.0,322.7079
2024-05-10 08:42:12,691.0,322.92334311481466
2024-05-10 08:42:13,692.0,323.21777272245527
2024-05-10 08:42:14,693.0,323.5851328086797
2024-05-10 08:42:15,694.0,324.01936735924545
2024-05-10 08:42:16,695.0,324.5144203599104
2024-05-10 08:42:17,696.0,325.0642357964321
2024-05-10 08:42:18,697.0,325.6627576545683
2024-05-10 08:42:19,698.0,326.3039299200767
2024-05-10 08:42:20,699.0,326.98169657871495
2024-05-10 08:42:21,700.0,327.69000161624086
2024-05-10 08:42:22,701.0,328.422789018412
2024-05-10 08:42:23,702.0,329.17400277098614
2024-05-10 08:42:24,703.0,329.9375868597209
2024-05-10 08:42:25,704.0,330.70748527037404
2024-05-10 08:42:26,705.0,331.4776419887032
2024-05-10 08:42:27,706.0,332.24200100046613
2024-05-10 08:42:28,707.0,332.9945062914205
2024-05-10 08:42:29,708.0,333.72910184732405
2024-05-10 08:42:30,709.0,334.43973165393436
2024-05-10 08:42:31,710.0,335.12033969700934
2024-05-10 08:42:32,711.0,335.76486996230636
2024-05-10 08:42:33,712.0,336.3672664355834
2024-05-10 08:42:34,713.0,336.92147310259804
2024-05-10 08:42:35,714.0,337.42143394910795
2024-05-10 08:42:36,715.0,337.8610929608709
2024-05-10 08:42:37,716.0,338.2343941236445
2024-05-10 08:42:38,717.0,338.5352814231866
2024-05-10 08:42:39,718.0,338.7576988452547
2024-05-10 08:42:40,719.0,338.89559037560656
2024-05-10 08:42:41,720.0,338.94289999999995
2024-05-10 08:42:42,721.0,338.882783282245
2024-05-10 08:42:43,722.0,338.7068179594708
2024-05-10 08:42:44,723.0,338.42158127741374
2024-05-10 08:42:45,724.0,338.0336504818099
2024-05-10 08:42:46,725.0,337.5496028183956
2024-05-10 08:42:47,726.0,336.97601553290696
2024-05-10 08:42:48,727.0,336.31946587108035
2024-05-10 08:42:49,728.0,335.58653107865183
2024-05-10 08:42:50,729.0,334.78378840135775
2024-05-10 08:42:51,730.0,333.9178150849343
2024-05-10 08:42:52,731.0,332.9951883751176
2024-05-10 08:42:53,732.0,332.022485517644
2024-05-10 08:42:54,733.0,331.00628375824965
2024-05-10 08:42:55,734.0,329.95316034267086
2024-05-10 08:42:56,735.0,328.86969251664374
2024-05-10 08:42:57,736.0,327.76245752590455
2024-05-10 08:42:58,737.0,326.6380326161895
2024-05-10 08:42:59,738.0,325.50299503323487
2024-05-10 08:43:00,739.0,324.3639220227768
2024-05-10 08:43:01,740.0,323.22739083055166
2024-05-10 08:43:02,741.0,322.09997870229546
2024-05-10 08:43:03,742.0,320.98826288374454
2024-05-10 08:43:04,743.0,319.89882062063515
2024-05-10 08:43:05,744.0,318.83822915870337
2024-05-10 08:43:06,745.0,317.8130657436857
2024-05-10 08:43:07,746.0,316.82990762131806
2024-05-10 08:43:08,747.0,315.8953320373368
2024-05-10 08:43:09,748.0,315.01591623747817
2024-05-10 08:43:10,749.0,314.19823746747835
2024-05-10 08:43:11,750.0,313.44887297307355
2024-05-10 08:43:12,751.0,312.7744
2024-05-10 08:43:13,752.0,312.13095217728124
2024-05-10 08:43:14,753.0,311.4721190990355
2024-05-10 08:43:15,754.0,310.8006619586404
2024-05-10 08:43:16,755.0,310.11934194947395
2024-05-10 08:43:17,756.0,309.4309202649141
2024-05-10 08:43:18,757.0,308.7381580983387
2024-05-10 08:43:19,758.0,308.04381664312564
2024-05-10 08:43:20,759.0,307.3506570926529
2024-05-10 08:43:21,760.0,306.6614406402984
2024-05-10 08:43:22,761.0,305.9789284794399
2024-05-10 08:43:23,762.0,305.3058818034554
2024-05-10 08:43:24,763.0,304.64506180572283
2024-05-10 08:43:25,764.0,303.9992296796201
2024-05-10 08:43:26,765.0,303.371146618525
2024-05-10 08:43:27,766.0,302.7635738158156
2024-05-10 08:43:28,767.0,302.1792724648697
2024-05-10 08:43:29,768.0,301.6210037590652
2024-05-10 08:43:30,769.0,301.09152889178006
2024-05-10 08:43:31,770.0,300.59360905639215
2024-05-10 08:43:32,771.0,300.1300054462793
2024-05-10 08:43:33,772.0,299.7034792548196
2024-05-10 08:43:34,773.0,299.3167916753908
2024-05-10 08:43:35,774.0,298.9727039013709
2024-05-10 08:43:36,775.0,298.6739771261377
2024-05-10 08:43:37,776.0,298.4233725430692
2024-05-10 08:43:38,777.0,298.2236513455433
2024-05-10 08:43:39,778.0,298.0775747269378
2024-05-10 08:43:40,779.0,297.98790388063077
2024-05-10 08:43:41,780.0,297.9574
2024-05-10 08:43:42,781.0,297.9825123031983
2024-05-10 08:43:43,782.0,298.0561306728884
2024-05-10 08:43:44,783.0,298.17567729921325
2024-05-10 08:43:45,784.0,298.33857437231575
2024-05-10 08:43:46,785.0,298.54224408233864
2024-05-10 08:43:47,786.0,298.7841086194249
2024-05-10 08:43:48,787.0,299.06159017371743
2024-05-10 08:43:49,788.0,299.3721109353591
2024-05-10 08:43:50,789.0,299.71309309449276
2024-05-10 08:43:51,790.0,300.0819588412614
2024-05-10 08:43:52,791.0,300.4761303658077
2024-05-10 08:43:53,792.0,300.8930298582747
2024-05-10 08:43:54,793.0,301.3300795088053
2024-05-10 08:43:55,794.0,301.78470150754225
2024-05-10 08:43:56,795.0,302.2543180446285
2024-05-10 08:43:57,796.0,302.736351310207
2024-05-10 08:43:58,797.0,303.22822349442055
2024-05-10 08:43:59,798.0,303.727356787412
2024-05-10 08:44:00,799.0,304.2311733793244
2024-05-10 08:44:01,800.0,304.73709546030045
2024-05-10 08:44:02,801.0,305.2425452204831
2024-05-10 08:44:03,802.0,305.7449448500153
2024-05-10 08:44:04,803.0,306.24171653903977
2024-05-10 08:44:05,804.0,306.73028247769963
2024-05-10 08:44:06,805.0,307.2080648561375
2024-05-10 08:44:07,806.0,307.6724858644964
2024-05-10 08:44:08,807.0,308.1209676929193
2024-05-10 08:44:09,808.0,308.5509325315489
2024-05-10 08:44:10,809.0,308.9598025705281
2024-05-10 08:44:11,810.0,309.34499999999997
2024-05-10 08:44:12,811.0,309.7191857737971
2024-05-10 08:44:13,812.0,310.0964757407879
2024-05-10 08:44:14,813.0,310.4764744336687
2024-05-10 08:44:15,814.0,310.85878638513566
2024-05-10 08:44:16,815.0,311.24301612788514
2024-05-10 08:44:17,816.0,311.6287681946133
2024-05-10 08:44:18,817.0,312.0156471180165
2024-05-10 08:44:19,818.0,312.403257430791
2024-05-10 08:44:20,819.0,312.7912036656329
2024-05-10 08:44:21,820.0,313.1790903552387
2024-05-10 08:44:22,821.0,313.5665220323046
2024-05-10 08:44:23,822.0,313.9531032295267
2024-05-10 08:44:24,823.0,314.3384384796015
2024-05-10 08:44:25,824.0,314.72213231522517
2024-05-10 08:44:26,825.0,315.1037892690939
2024-05-10 08:44:27,826.0,315.483013873904
2024-05-10 08:44:28,827.0,315.8594106623518
2024-05-10 08:44:29,828.0,316.23258416713355
2024-05-10 08:44:30,829.0,316.6021389209454
2024-05-10 08:44:31,830.0,316.9676794564837
2024-05-10 08:44:32,831.0,317.3288103064448
2024-05-10 08:44:33,832.0,317.6851360035248
2024-05-10 08:44:34,833.0,318.0362610804201
2024-05-10 08:44:35,834.0,318.3817900698269
2024-05-10 08:44:36,835.0,318.72132750444143
2024-05-10 08:44:37,836.0,319.05447791695997
2024-05-10 08:44:38,837.0,319.38084584007885
2024-05-10 08:44:39,838.0,319.7000358064943
2024-05-10 08:44:40,839.0,320.01165234890254
2024-05-10 08:44:41,840.0,320.3153
2024-05-10 08:44:42,841.0,320.61999677012136
2024-05-10 08:44:43,842.0,320.934100898395
2024-05-10 08:44:44,843.0,321.2562272607079
2024-05-10 08:44:45,844.0,321.5849907329465
2024-05-10 08:44:46,845.0,321.9190061909978
2024-05-10 08:44:47,846.0,322.2568885107482
2024-05-10 08:44:48,847.0,322.5972525680847
2024-05-10 08:44:49,848.0,322.9387132388939
2024-05-10 08:44:50,849.0,323.2798853990624
2024-05-10 08:44:51,850.0,323.6193839244771
2024-05-10 08:44:52,851.0,323.95582369102465
2024-05-10 08:44:53,852.0,324.28781957459177
2024-05-10 08:44:54,853.0,324.6139864510651
2024-05-10 08:44:55,854.0,324.9329391963315
2024-05-10 08:44:56,855.0,325.2432926862776
2024-05-10 08:44:57,856.0,325.54366179679005
2024-05-10 08:44:58,857.0,325.8326614037557
2024-05-10 08:44:59,858.0,326.1089063830612
2024-05-10 08:45:00,859.0,326.3710116105932
2024-05-10 08:45:01,860.0,326.6175919622386
2024-05-10 08:45:02,861.0,326.8472623138839
2024-05-10 08:45:03,862.0,327.058637541416
2024-05-10 08:45:04,863.0,327.25033252072143
2024-05-10 08:45:05,864.0,327.42096212768706
2024-05-10 08:45:06,865.0,327.56914123819956
2024-05-10 08:45:07,866.0,327.6934847281457
2024-05-10 08:45:08,867.0,327.79260747341203
2024-05-10 08:45:09,868.0,327.8651243498853
2024-05-10 08:45:10,869.0,327.90965023345245
2024-05-10 08:45:11,870.0,327.9248
2024-05-10 08:45:12,871.0,327.9239491118334
2024-05-10 08:45:13,872.0,327.9214099184984
2024-05-10 08:45:14,873.0,327.917202626742
2024-05-10 08:45:15,874.0,327.9113474433114
2024-05-10 08:45:16,875.0,327.9038645749537
2024-05-10 08:45:17,876.0,327.89477422841594
2024-05-10 08:45:18,877.0,327.8840966104454
2024-05-10 08:45:19,878.0,327.871851927789
2024-05-10 08:45:20,879.0,327.8580603871939
2024-05-10 08:45:21,880.0,327.8427421954073
2024-05-10 08:45:22,881.0,327.8259175591763
2024-05-10 08:45:23,882.0,327.80760668524783
2024-05-10 08:45:24,883.0,327.78782978036924
2024-05-10 08:45:25,884.0,327.7666070512875
2024-05-10 08:45:26,885.0,327.74395870474984
2024-05-10 08:45:27,886.0,327.7199049475032
2024-05-10 08:45:28,887.0,327.69446598629486
2024-05-10 08:45:29,888.0,327.6676620278718
2024-05-10 08:45:30,889.0,327.6395132789812
2024-05-10 08:45:31,890.0,327.61003994637014
2024-05-10 08:45:32,891.0,327.5792622367858
2024-05-10 08:45:33,892.0,327.54720035697517
2024-05-10 08:45:34,893.0,327.5138745136855
2024-05-10 08:45:35,894.0,327.4793049136638
2024-05-10 08:45:36,895.0,327.4435117636572
2024-05-10 08:45:37,896.0,327.40651527041285
2024-05-10 08:45:38,897.0,327.36833564067786
2024-05-10 08:45:39,898.0,327.32899308119926
2024-05-10 08:45:40,899.0,327.28850779872425
2024-05-10 08:45:41,900.0,327.2468999999999
2024-05-10 08:45:42,901.0,327.1767674901645
2024-05-10 08:45:43,902.0,327.0533012299117
2024-05-10 08:45:44,903.0,326.880411159322
2024-05-10 08:45:45,904.0,326.6620072184759
2024-05-10 08:45:46,905.0,326.4019993474538
2024-05-10 08:45:47,906.0,326.10429748633607
2024-05-10 08:45:48,907.0,325.77281157520326
2024-05-10 08:45:49,908.0,325.4114515541358
2024-05-10 08:45:50,909.0,325.0241273632141
2024-05-10 08:45:51,910.0,324.6147489425186
2024-05-10 08:45:52,911.0,324.18722623212983
2024-05-10 08:45:53,912.0,323.7454691721281
2024-05-10 08:45:54,913.0,323.293387702594
2024-05-10 08:45:55,914.0,322.83489176360774
2024-05-10 08:45:56,915.0,322.3738912952501
2024-05-10 08:45:57,916.0,321.91429623760126
2024-05-10 08:45:58,917.0,321.4600165307418
2024-05-10 08:45:59,918.0,321.01496211475205
2024-05-10 08:46:00,919.0,320.5830429297126
2024-05-10 08:46:01,920.0,320.16816891570375
2024-05-10 08:46:02,921.0,319.774250012806
2024-05-10 08:46:03,922.0,319.40519616109987
2024-05-10 08:46:04,923.0,319.06491730066574
2024-05-10 08:46:05,924.0,318.757323371584
2024-05-10 08:46:06,925.0,318.48632431393514
2024-05-10 08:46:07,926.0,318.25583006779965
2024-05-10 08:46:08,927.0,318.0697505732579
2024-05-10 08:46:09,928.0,317.93199577039053
2024-05-10 08:46:10,929.0,317.84647559927765
2024-05-10 08:46:11,930.0,317.8171
2024-05-10 08:46:12,931.0,317.8519994962963
2024-05-10 08:46:13,932.0,317.95352530370366
2024-05-10 08:46:14,933.0,318.1169184
2024-05-10 08:46:15,934.0,318.33741976296295
2024-05-10 08:46:16,935.0,318.61027037037036
2024-05-10 08:46:17,936.0,318.9307112
2024-05-10 08:46:18,937.0,319.2939832296296
2024-05-10 08:46:19,938.0,319.695327437037
2024-05-10 08:46:20,939.0,320.1299848
2024-05-10 08:46:21,940.0,320.5931962962963
2024-05-10 08:46:22,941.0,321.0802029037037
2024-05-10 08:46:23,942.0,321.58624560000004
2024-05-10 08:46:24,943.0,322.106565362963
2024-05-10 08:46:25,944.0,322.6364031703704
2024-05-10 08:46:26,945.0,323.171
2024-05-10 08:46:27,946.0,323.7055968296296
2024-05-10 08:46:28,947.0,324.23543463703703
2024-05-10 08:46:29,948.0,324.75575440000006
2024-05-10 08:46:30,949.0,325.26179709629633
2024-05-10 08:46:31,950.0,325.74880370370374
2024-05-10 08:46:32,951.0,326.2120152
2024-05-10 08:46:33,952.0,326.64667256296303
2024-05-10 08:46:34,953.0,327.04801677037045
2024-05-10 08:46:35,954.0,327.4112888
2024-05-10 08:46:36,955.0,327.7317296296297
2024-05-10 08:46:37,956.0,328.0045802370371
2024-05-10 08:46:38,957.0,328.22508160000007
2024-05-10 08:46:39,958.0,328.3884746962964
2024-05-10 08:46:40,959.0,328.49000050370375
2024-05-10 08:46:41,960.0,328.52490000000006
2024-05-10 08:46:42,961.0,328.50332735693416
2024-05-10 08:46:43,962.0,328.4401037693086
2024-05-10 08:46:44,963.0,328.337470749482
2024-05-10 08:46:45,964.0,328.1976698098128
2024-05-10 08:46:46,965.0,328.02294246265933
2024-05-10 08:46:47,966.0,327.8155302203803
2024-05-10 08:46:48,967.0,327.577674595334
2024-05-10 08:46:49,968.0,327.3116170998789
2024-05-10 08:46:50,969.0,327.0195992463736
2024-05-10 08:46:51,970.0,326.70386254717647
2024-05-10 08:46:52,971.0,326.36664851464604
2024-05-10 08:46:53,972.0,326.0101986611407
2024-05-10 08:46:54,973.0,325.636754499019
2024-05-10 08:46:55,974.0,325.24855754063935
2024-05-10 08:46:56,975.0,324.84784929836025
2024-05-10 08:46:57,976.0,324.43687128454025
2024-05-10 08:46:58,977.0,324.01786501153765
2024-05-10 08:46:59,978.0,323.59307199171104
2024-05-10 08:47:00,979.0,323.1647337374188
2024-05-10 08:47:01,980.0,322.7350917610196
2024-05-10 08:47:02,981.0,322.3063875748717
2024-05-10 08:47:03,982.0,321.8808626913336
2024-05-10 08:47:04,983.0,321.4607586227639
2024-05-10 08:47:05,984.0,321.0483168815209
2024-05-10 08:47:06,985.0,320.6457789799632
2024-05-10 08:47:07,986.0,320.2553864304493
2024-05-10 08:47:08,987.0,319.87938074533747
2024-05-10 08:47:09,988.0,319.52000343698637
2024-05-10 08:47:10,989.0,319.1794960177544
2024-05-10 08:47:11,990.0,318.86010000000005
2024-05-10 08:47:12,991.0,318.54333974520864
2024-05-10 08:47:13,992.0,318.2105000000508
2024-05-10 08:47:14,993.0,317.86346285466266
2024-05-10 08:47:15,994.0,317.50411039918043
2024-05-10 08:47:16,995.0,317.1343247237406
2024-05-10 08:47:17,996.0,316.75598791847915
2024-05-10 08:47:18,997.0,316.3709820735325
2024-05-10 08:47:19,998.0,315.9811892790368
2024-05-10 08:47:20,999.0,315.58849162512837
2024-05-10 08:47:21,1000.0,315.19477120194347
2024-05-10 08:47:22,1001.0,314.8019100996183
2024-05-10 08:47:23,1002.0,314.41179040828905
2024-05-10 08:47:24,1003.0,314.02629421809206
2024-05-10 08:47:25,1004.0,313.64730361916355
2024-05-10 08:47:26,1005.0,313.2767007016398
2024-05-10 08:47:27,1006.0,312.916367555657
2024-05-10 08:47:28,1007.0,312.5681862713514
2024-05-10 08:47:29,1008.0,312.2340389388594
2024-05-10 08:47:30,1009.0,311.915807648317
2024-05-10 08:47:31,1010.0,311.6153744898606
2024-05-10 08:47:32,1011.0,311.3346215536265
2024-05-10 08:47:33,1012.0,311.0754309297508
2024-05-10 08:47:34,1013.0,310.8396847083698
2024-05-10 08:47:35,1014.0,310.6292649796198
2024-05-10 08:47:36,1015.0,310.44605383363705
2024-05-10 08:47:37,1016.0,310.29193336055766
2024-05-10 08:47:38,1017.0,310.1687856505181
2024-05-10 08:47:39,1018.0,310.07849279365445
2024-05-10 08:47:40,1019.0,310.022936880103
2024-05-10 08:47:41,1020.0,310.004
2024-05-10 08:47:42,1021.0,310.06105045208676
2024-05-10 08:47:43,1022.0,310.2270282594002
2024-05-10 08:47:44,1023.0,310.49417309852004
2024-05-10 08:47:45,1024.0,310.854724646026
2024-05-10 08:47:46,1025.0,311.30092257849793
2024-05-10 08:47:47,1026.0,311.8250065725156
2024-05-10 08:47:48,1027.0,312.4192163046586
2024-05-10 08:47:49,1028.0,313.07579145150686
2024-05-10 08:47:50,1029.0,313.78697168964004
2024-05-10 08:47:51,1030.0,314.5449966956379
2024-05-10 08:47:52,1031.0,315.3421061460802
2024-05-10 08:47:53,1032.0,316.17053971754666
2024-05-10 08:47:54,1033.0,317.02253708661715
2024-05-10 08:47:55,1034.0,317.8903379298713
2024-05-10 08:47:56,1035.0,318.76618192388895
2024-05-10 08:47:57,1036.0,319.64230874524975
2024-05-10 08:47:58,1037.0,320.51095807053355
2024-05-10 08:47:59,1038.0,321.36436957632003
2024-05-10 08:48:00,1039.0,322.194782939189
2024-05-10 08:48:01,1040.0,322.9944378357202
2024-05-10 08:48:02,1041.0,323.75557394249336
2024-05-10 08:48:03,1042.0,324.47043093608823
2024-05-10 08:48:04,1043.0,325.1312484930847
2024-05-10 08:48:05,1044.0,325.7302662900623
2024-05-10 08:48:06,1045.0,326.25972400360087
2024-05-10 08:48:07,1046.0,326.7118613102802
2024-05-10 08:48:08,1047.0,327.07891788668
2024-05-10 08:48:09,1048.0,327.3531334093801
2024-05-10 08:48:10,1049.0,327.5267475549602
2024-05-10 08:48:11,1050.0,327.59200000000004
2024-05-10 08:48:12,1051.0,327.6003464302251
2024-05-10 08:48:13,1052.0,327.6084158054348
2024-05-10 08:48:14,1053.0,327.61620771332
2024-05-10 08:48:15,1054.0,327.6237217415717
2024-05-10 08:48:16,1055.0,327.6309574778807
2024-05-10 08:48:17,1056.0,327.6379145099378
2024-05-10 08:48:18,1057.0,327.6445924254339
2024-05-10 08:48:19,1058.0,327.65099081205994
2024-05-10 08:48:20,1059.0,327.6571092575067
2024-05-10 08:48:21,1060.0,327.662947349465
2024-05-10 08:48:22,1061.0,327.6685046756259
2024-05-10 08:48:23,1062.0,327.67378082368003
2024-05-10 08:48:24,1063.0,327.6787753813184
2024-05-10 08:48:25,1064.0,327.6834879362318
2024-05-10 08:48:26,1065.0,327.6879180761111
2024-05-10 08:48:27,1066.0,327.6920653886472
2024-05-10 08:48:28,1067.0,327.695929461531
2024-05-10 08:48:29,1068.0,327.6995098824533
2024-05-10 08:48:30,1069.0,327.70280623910503
2024-05-10 08:48:31,1070.0,327.7058181191769
2024-05-10 08:48:32,1071.0,327.70854511036
2024-05-10 08:48:33,1072.0,327.710986800345
2024-05-10 08:48:34,1073.0,327.7131427768229
2024-05-10 08:48:35,1074.0,327.7150126274844
2024-05-10 08:48:36,1075.0,327.71659594002057
2024-05-10 08:48:37,1076.0,327.71789230212215
2024-05-10 08:48:38,1077.0,327.71890130147995
2024-05-10 08:48:39,1078.0,327.71962252578504
2024-05-10 08:48:40,1079.0,327.7200555627281
2024-05-10 08:48:41,1080.0,327.7202
2024-05-10 08:48:42,1081.0,327.7086754142843
2024-05-10 08:48:43,1082.0,327.6746599141707
2024-05-10 08:48:44,1083.0,327.6189908852097
2024-05-10 08:48:45,1084.0,327.54250571295165
2024-05-10 08:48:46,1085.0,327.44604178294685
2024-05-10 08:48:47,1086.0,327.33043648074573
2024-05-10 08:48:48,1087.0,327.19652719189867
2024-05-10 08:48:49,1088.0,327.04515130195597
2024-05-10 08:48:50,1089.0,326.8771461964681
2024-05-10 08:48:51,1090.0,326.6933492609854
2024-05-10 08:48:52,1091.0,326.4945978810584
2024-05-10 08:48:53,1092.0,326.2817294422371
2024-05-10 08:48:54,1093.0,326.0555813300723
2024-05-10 08:48:55,1094.0,325.81699093011406
2024-05-10 08:48:56,1095.0,325.566795627913
2024-05-10 08:48:57,1096.0,325.3058328090193
2024-05-10 08:48:58,1097.0,325.0349398589834
2024-05-10 08:48:59,1098.0,324.75495416335576
2024-05-10 08:49:00,1099.0,324.46671310768664
2024-05-10 08:49:01,1100.0,324.1710540775265
2024-05-10 08:49:02,1101.0,323.8688144584257
2024-05-10 08:49:03,1102.0,323.5608316359345
2024-05-10 08:49:04,1103.0,323.2479429956035
2024-05-10 08:49:05,1104.0,322.93098592298287
2024-05-10 08:49:06,1105.0,322.61079780362314
2024-05-10 08:49:07,1106.0,322.2882160230746
2024-05-10 08:49:08,1107.0,321.96407796688766
2024-05-10 08:49:09,1108.0,321.63922102061264
2024-05-10 08:49:10,1109.0,321.3144825698
2024-05-10 08:49:11,1110.0,320.99070000000006
2024-05-10 08:49:12,1111.0,320.6330768463069
2024-05-10 08:49:13,1112.0,320.2097579684636
2024-05-10 08:49:14,1113.0,319.72599273899374
2024-05-10 08:49:15,1114.0,319.1870305304214
2024-05-10 08:49:16,1115.0,318.59812071527006
2024-05-10 08:49:17,1116.0,317.96451266606357
2024-05-10 08:49:18,1117.0,317.2914557553258
2024-05-10 08:49:19,1118.0,316.5841993555803
2024-05-10 08:49:20,1119.0,315.84799283935104
2024-05-10 08:49:21,1120.0,315.0880855791617
2024-05-10 08:49:22,1121.0,314.3097269475361
2024-05-10 08:49:23,1122.0,313.51816631699796
2024-05-10 08:49:24,1123.0,312.718653060071
2024-05-10 08:49:25,1124.0,311.916436549279
2024-05-10 08:49:26,1125.0,311.11676615714583
2024-05-10 08:49:27,1126.0,310.3248912561952
2024-05-10 08:49:28,1127.0,309.54606121895085
2024-05-10 08:49:29,1128.0,308.7855254179365
2024-05-10 08:49:30,1129.0,308.0485332256761
2024-05-10 08:49:31,1130.0,307.34033401469327
2024-05-10 08:49:32,1131.0,306.6661771575117
2024-05-10 08:49:33,1132.0,306.0313120266553
2024-05-10 08:49:34,1133.0,305.44098799464786
2024-05-10 08:49:35,1134.0,304.900454434013
2024-05-10 08:49:36,1135.0,304.41496071727454
2024-05-10 08:49:37,1136.0,303.98975621695644
2024-05-10 08:49:38,1137.0,303.63009030558214
2024-05-10 08:49:39,1138.0,303.3412123556756
2024-05-10 08:49:40,1139.0,303.12837173976055
2024-05-10 08:49:41,1140.0,302.9968178303608
2024-05-10 08:49:42,1141.0,302.9518
2024-05-10 08:49:43,1142.0,302.9994333182992
2024-05-10 08:49:44,1143.0,303.13785013735696
2024-05-10 08:49:45,1144.0,303.3603257534134
2024-05-10 08:49:46,1145.0,303.66013546270864
2024-05-10 08:49:47,1146.0,304.03055456148263
2024-05-10 08:49:48,1147.0,304.4648583459756
2024-05-10 08:49:49,1148.0,304.9563221124277
2024-05-10 08:49:50,1149.0,305.498221157079
2024-05-10 08:49:51,1150.0,306.0838307761696
2024-05-10 08:49:52,1151.0,306.70642626593957
2024-05-10 08:49:53,1152.0,307.35928292262906
2024-05-10 08:49:54,1153.0,308.03567604247814
2024-05-10 08:49:55,1154.0,308.728880921727
2024-05-10 08:49:56,1155.0,309.4321728566157
2024-05-10 08:49:57,1156.0,310.1388271433843
2024-05-10 08:49:58,1157.0,310.842119078273
2024-05-10 08:49:59,1158.0,311.5353239575218
2024-05-10 08:50:00,1159.0,312.2117170773709
2024-05-10 08:50:01,1160.0,312.8645737340604
2024-05-10 08:50:02,1161.0,313.4871692238304
2024-05-10 08:50:03,1162.0,314.07277884292097
2024-05-10 08:50:04,1163.0,314.6146778875722
2024-05-10 08:50:05,1164.0,315.1061416540243
2024-05-10 08:50:06,1165.0,315.54044543851734
2024-05-10 08:50:07,1166.0,315.91086453729133
2024-05-10 08:50:08,1167.0,316.21067424658656
2024-05-10 08:50:09,1168.0,316.43314986264295
2024-05-10 08:50:10,1169.0,316.57156668170074
2024-05-10 08:50:11,1170.0,316.6192
2024-05-10 08:50:12,1171.0,316.59950266666664
2024-05-10 08:50:13,1172.0,316.5422013333333
2024-05-10 08:50:14,1173.0,316.449982
2024-05-10 08:50:15,1174.0,316.3255306666667
2024-05-10 08:50:16,1175.0,316.1715333333333
2024-05-10 08:50:17,1176.0,315.990676
2024-05-10 08:50:18,1177.0,315.78564466666666
2024-05-10 08:50:19,1178.0,315.55912533333327
2024-05-10 08:50:20,1179.0,315.31380399999995
2024-05-10 08:50:21,1180.0,315.05236666666667
2024-05-10 08:50:22,1181.0,314.7774993333333
2024-05-10 08:50:23,1182.0,314.491888
2024-05-10 08:50:24,1183.0,314.19821866666666
2024-05-10 08:50:25,1184.0,313.8991773333333
2024-05-10 08:50:26,1185.0,313.59745
2024-05-10 08:50:27,1186.0,313.2957226666666
2024-05-10 08:50:28,1187.0,312.9966813333333
2024-05-10 08:50:29,1188.0,312.703012
2024-05-10 08:50:30,1189.0,312.41740066666665
2024-05-10 08:50:31,1190.0,312.1425333333333
2024-05-10 08:50:32,1191.0,311.881096
2024-05-10 08:50:33,1192.0,311.63577466666663
2024-05-10 08:50:34,1193.0,311.4092553333333
2024-05-10 08:50:35,1194.0,311.20422399999995
2024-05-10 08:50:36,1195.0,311.0233666666667
2024-05-10 08:50:37,1196.0,310.8693693333333
2024-05-10 08:50:38,1197.0,310.744918
2024-05-10 08:50:39,1198.0,310.65269866666665
2024-05-10 08:50:40,1199.0,310.5953973333333
2024-05-10 08:50:41,1200.0,310.5757
2024-05-10 08:50:42,1201.0,310.62595582222224
2024-05-10 08:50:43,1202.0,310.77215457777777
2024-05-10 08:50:44,1203.0,311.00744319999995
2024-05-10 08:50:45,1204.0,311.3249686222222
2024-05-10 08:50:46,1205.0,311.71787777777774
2024-05-10 08:50:47,1206.0,312.1793176
2024-05-10 08:50:48,1207.0,312.70243502222223
2024-05-10 08:50:49,1208.0,313.28037697777773
2024-05-10 08:50:50,1209.0,313.9062904
2024-05-10 08:50:51,1210.0,314.57332222222226
2024-05-10 08:50:52,1211.0,315.27461937777775
2024-05-10 08:50:53,1212.0,316.0033288
2024-05-10 08:50:54,1213.0,316.75259742222227
2024-05-10 08:50:55,1214.0,317.5155721777778
2024-05-10 08:50:56,1215.0,318.28540000000004
2024-05-10 08:50:57,1216.0,319.05522782222226
2024-05-10 08:50:58,1217.0,319.8182025777778
2024-05-10 08:50:59,1218.0,320.56747120000006
2024-05-10 08:51:00,1219.0,321.29618062222227
2024-05-10 08:51:01,1220.0,321.9974777777778
2024-05-10 08:51:02,1221.0,322.6645096
2024-05-10 08:51:03,1222.0,323.2904230222222
2024-05-10 08:51:04,1223.0,323.8683649777778
2024-05-10 08:51:05,1224.0,324.39148240000003
2024-05-10 08:51:06,1225.0,324.8529222222222
2024-05-10 08:51:07,1226.0,325.2458313777778
2024-05-10 08:51:08,1227.0,325.56335680000007
2024-05-10 08:51:09,1228.0,325.79864542222225
2024-05-10 08:51:10,1229.0,325.9448441777778
2024-05-10 08:51:11,1230.0,325.99510000000004
2024-05-10 08:51:12,1231.0,325.9559520592593
2024-05-10 08:51:13,1232.0,325.84206714074077
2024-05-10 08:51:14,1233.0,325.65878360000005
2024-05-10 08:51:15,1234.0,325.4114397925926
2024-05-10 08:51:16,1235.0,325.1053740740741
2024-05-10 08:51:17,1236.0,324.74592480000007
2024-05-10 08:51:18,1237.0,324.33843032592597
2024-05-10 08:51:19,1238.0,323.88822900740746
2024-05-10 08:51:20,1239.0,323.40065920000006
2024-05-10 08:51:21,1240.0,322.8810592592593
2024-05-10 08:51:22,1241.0,322.33476754074076
2024-05-10 08:51:23,1242.0,321.76712240000006
2024-05-10 08:51:24,1243.0,321.18346219259263
2024-05-10 08:51:25,1244.0,320.58912527407415
2024-05-10 08:51:26,1245.0,319.98945000000003
2024-05-10 08:51:27,1246.0,319.389774725926
2024-05-10 08:51:28,1247.0,318.79543780740744
2024-05-10 08:51:29,1248.0,318.2117776
2024-05-10 08:51:30,1249.0,317.6441324592593
2024-05-10 08:51:31,1250.0,317.0978407407408
2024-05-10 08:51:32,1251.0,316.57824080000006
2024-05-10 08:51:33,1252.0,316.0906709925926
2024-05-10 08:51:34,1253.0,315.6404696740741
2024-05-10 08:51:35,1254.0,315.2329752
2024-05-10 08:51:36,1255.0,314.87352592592595
2024-05-10 08:51:37,1256.0,314.5674602074074
2024-05-10 08:51:38,1257.0,314.3201164
2024-05-10 08:51:39,1258.0,314.13683285925924
2024-05-10 08:51:40,1259.0,314.0229479407407
2024-05-10 08:51:41,1260.0,313.98380000000003
2024-05-10 08:51:42,1261.0,314.0144559233218
2024-05-10 08:51:43,1262.0,314.1037693283845
2024-05-10 08:51:44,1263.0,314.24775866783415
2024-05-10 08:51:45,1264.0,314.4424423943169
2024-05-10 08:51:46,1265.0,314.68383896047874
2024-05-10 08:51:47,1266.0,314.9679668189658
2024-05-10 08:51:48,1267.0,315.29084442242413
2024-05-10 08:51:49,1268.0,315.6484902234998
2024-05-10 08:51:50,1269.0,316.0369226748389
2024-05-10 08:51:51,1270.0,316.45216022908744
2024-05-10 08:51:52,1271.0,316.8902213388916
2024-05-10 08:51:53,1272.0,317.34712445689735
2024-05-10 08:51:54,1273.0,317.81888803575083
2024-05-10 08:51:55,1274.0,318.301530528098
2024-05-10 08:51:56,1275.0,318.79107038658503
2024-05-10 08:51:57,1276.0,319.28352606385806
2024-05-10 08:51:58,1277.0,319.774916012563
2024-05-10 08:51:59,1278.0,320.261258685346
2024-05-10 08:52:00,1279.0,320.7385725348531
2024-05-10 08:52:01,1280.0,321.2028760137304
2024-05-10 08:52:02,1281.0,321.650187574624
2024-05-10 08:52:03,1282.0,322.07652567018
2024-05-10 08:52:04,1283.0,322.4779087530443
2024-05-10 08:52:05,1284.0,322.8503552758631
2024-05-10 08:52:06,1285.0,323.1898836912825
2024-05-10 08:52:07,1286.0,323.49251245194847
2024-05-10 08:52:08,1287.0,323.75426001050715
2024-05-10 08:52:09,1288.0,323.9711448196046
2024-05-10 08:52:10,1289.0,324.1391853318869
2024-05-10 08:52:11,1290.0,324.25440000000003
2024-05-10 08:52:12,1291.0,324.34104302366876
2024-05-10 08:52:13,1292.0,324.4259660248399
2024-05-10 08:52:14,1293.0,324.50908358949295
2024-05-10 08:52:15,1294.0,324.59031030360717
2024-05-10 08:52:16,1295.0,324.66956075316205
2024-05-10 08:52:17,1296.0,324.74674952413693
2024-05-10 08:52:18,1297.0,324.8217912025113
2024-05-10 08:52:19,1298.0,324.89460037426454
2024-05-10 08:52:20,1299.0,324.965091625376
2024-05-10 08:52:21,1300.0,325.0331795418252
2024-05-10 08:52:22,1301.0,325.09877870959133
2024-05-10 08:52:23,1302.0,325.16180371465407
2024-05-10 08:52:24,1303.0,325.22216914299264
2024-05-10 08:52:25,1304.0,325.27978958058645
2024-05-10 08:52:26,1305.0,325.334579613415
2024-05-10 08:52:27,1306.0,325.38645382745756
2024-05-10 08:52:28,1307.0,325.4353268086937
2024-05-10 08:52:29,1308.0,325.4811131431027
2024-05-10 08:52:30,1309.0,325.523727416664
2024-05-10 08:52:31,1310.0,325.56308421535704
2024-05-10 08:52:32,1311.0,325.5990981251611
2024-05-10 08:52:33,1312.0,325.63168373205576
2024-05-10 08:52:34,1313.0,325.66075562202036
2024-05-10 08:52:35,1314.0,325.6862283810342
2024-05-10 08:52:36,1315.0,325.70801659507686
2024-05-10 08:52:37,1316.0,325.7260348501276
2024-05-10 08:52:38,1317.0,325.7401977321658
2024-05-10 08:52:39,1318.0,325.7504198271711
2024-05-10 08:52:40,1319.0,325.75661572112267
2024-05-10 08:52:41,1320.0,325.7587
2024-05-10 08:52:42,1321.0,325.74100515639054
2024-05-10 08:52:43,1322.0,325.688230044604
2024-05-10 08:52:44,1323.0,325.60083879320337
2024-05-10 08:52:45,1324.0,325.4792955307514
2024-05-10 08:52:46,1325.0,325.32406438581114
2024-05-10 08:52:47,1326.0,325.1356094869453
2024-05-10 08:52:48,1327.0,324.9143949627169
2024-05-10 08:52:49,1328.0,324.66088494168866
2024-05-10 08:52:50,1329.0,324.3755435524236
2024-05-10 08:52:51,1330.0,324.0588349234846
2024-05-10 08:52:52,1331.0,323.7112231834344
2024-05-10 08:52:53,1332.0,323.33317246083607
2024-05-10 08:52:54,1333.0,322.9251468842523
2024-05-10 08:52:55,1334.0,322.4876105822461
2024-05-10 08:52:56,1335.0,322.0210276833803
2024-05-10 08:52:57,1336.0,321.52586231621774
2024-05-10 08:52:58,1337.0,321.00257860932135
2024-05-10 08:52:59,1338.0,320.4516406912541
2024-05-10 08:53:00,1339.0,319.8735126905787
2024-05-10 08:53:01,1340.0,319.2686587358581
2024-05-10 08:53:02,1341.0,318.6375429556552
2024-05-10 08:53:03,1342.0,317.9806294785329
2024-05-10 08:53:04,1343.0,317.2983824330539
2024-05-10 08:53:05,1344.0,316.5912659477814
2024-05-10 08:53:06,1345.0,315.859744151278
2024-05-10 08:53:07,1346.0,315.1042811721067
2024-05-10 08:53:08,1347.0,314.3253411388304
2024-05-10 08:53:09,1348.0,313.52338818001186
2024-05-10 08:53:10,1349.0,312.69888642421415
2024-05-10 08:53:11,1350.0,311.85229999999996
2024-05-10 08:53:12,1351.0,310.56272836730074
2024-05-10 08:53:13,1352.0,308.446253865379
2024-05-10 08:53:14,1353.0,305.5588149417946
2024-05-10 08:53:15,1354.0,301.95635004410735
2024-05-10 08:53:16,1355.0,297.694797619877
2024-05-10 08:53:17,1356.0,292.8300961166634
2024-05-10 08:53:18,1357.0,287.4181839820263
2024-05-10 08:53:19,1358.0,281.5149996635253
2024-05-10 08:53:20,1359.0,275.1764816087205
2024-05-10 08:53:21,1360.0,268.4585682651716
2024-05-10 08:53:22,1361.0,261.41719808043825
2024-05-10 08:53:23,1362.0,254.1083095020804
2024-05-10 08:53:24,1363.0,246.5878409776578
2024-05-10 08:53:25,1364.0,238.91173095473016
2024-05-10 08:53:26,1365.0,231.13591788085736
2024-05-10 08:53:27,1366.0,223.3163402035992
2024-05-10 08:53:28,1367.0,215.5089363705154
2024-05-10 08:53:29,1368.0,207.76964482916574
2024-05-10 08:53:30,1369.0,200.1544040271101
2024-05-10 08:53:31,1370.0,192.71915241190823
2024-05-10 08:53:32,1371.0,185.51982843111983
2024-05-10 08:53:33,1372.0,178.61237053230485
2024-05-10 08:53:34,1373.0,172.05271716302303
2024-05-10 08:53:35,1374.0,165.89680677083405
2024-05-10 08:53:36,1375.0,160.20057780329785
2024-05-10 08:53:37,1376.0,155.01996870797413
2024-05-10 08:53:38,1377.0,150.41091793242268
2024-05-10 08:53:39,1378.0,146.42936392420336
2024-05-10 08:53:40,1379.0,143.13124513087587
2024-05-10 08:53:41,1380.0,140.57250000000002
2024-05-10 08:53:42,1381.0,138.41335931569665
2024-05-10 08:53:43,1382.0,136.27902538822977
2024-05-10 08:53:44,1383.0,134.17289395437402
2024-05-10 08:53:45,1384.0,132.0983607509041
2024-05-10 08:53:46,1385.0,130.05882151459474
2024-05-10 08:53:47,1386.0,128.05767198222063
2024-05-10 08:53:48,1387.0,126.09830789055641
2024-05-10 08:53:49,1388.0,124.18412497637681
2024-05-10 08:53:50,1389.0,122.31851897645647
2024-05-10 08:53:51,1390.0,120.50488562757015
2024-05-10 08:53:52,1391.0,118.7466206664925
2024-05-10 08:53:53,1392.0,117.04711982999818
2024-05-10 08:53:54,1393.0,115.40977885486193
2024-05-10 08:53:55,1394.0,113.83799347785842
2024-05-10 08:53:56,1395.0,112.33515943576234
2024-05-10 08:53:57,1396.0,110.90467246534834
2024-05-10 08:53:58,1397.0,109.54992830339114
2024-05-10 08:53:59,1398.0,108.27432268666547
2024-05-10 08:54:00,1399.0,107.08125135194595
2024-05-10 08:54:01,1400.0,105.9741100360073
2024-05-10 08:54:02,1401.0,104.9562944756242
2024-05-10 08:54:03,1402.0,104.03120040757138
2024-05-10 08:54:04,1403.0,103.20222356862345
2024-05-10 08:54:05,1404.0,102.47275969555517
2024-05-10 08:54:06,1405.0,101.84620452514116
2024-05-10 08:54:07,1406.0,101.32595379415619
2024-05-10 08:54:08,1407.0,100.91540323937491
2024-05-10 08:54:09,1408.0,100.61794859757197
2024-05-10 08:54:10,1409.0,100.4369856055221
2024-05-10 08:54:11,1410.0,100.37591
2024-05-10 08:54:12,1411.0,100.46246090642029
2024-05-10 08:54:13,1412.0,100.71589122803013
2024-05-10 08:54:14,1413.0,101.12686736835293
2024-05-10 08:54:15,1414.0,101.68605573091214
2024-05-10 08:54:16,1415.0,102.3841227192312
2024-05-10 08:54:17,1416.0,103.21173473683353
2024-05-10 08:54:18,1417.0,104.15955818724257
2024-05-10 08:54:19,1418.0,105.21825947398175
2024-05-10 08:54:20,1419.0,106.3785050005745
2024-05-10 08:54:21,1420.0,107.63096117054427
2024-05-10 08:54:22,1421.0,108.96629438741448
2024-05-10 08:54:23,1422.0,110.37517105470857
2024-05-10 08:54:24,1423.0,111.84825757594997
2024-05-10 08:54:25,1424.0,113.37622035466211
2024-05-10 08:54:26,1425.0,114.94972579436843
2024-05-10 08:54:27,1426.0,116.55944029859238
2024-05-10 08:54:28,1427.0,118.19603027085736
2024-05-10 08:54:29,1428.0,119.85016211468681
2024-05-10 08:54:30,1429.0,121.51250223360421
2024-05-10 08:54:31,1430.0,123.17371703113294
2024-05-10 08:54:32,1431.0,124.82447291079643
2024-05-10 08:54:33,1432.0,126.45543627611815
2024-05-10 08:54:34,1433.0,128.05727353062153
2024-05-10 08:54:35,1434.0,129.62065107783
2024-05-10 08:54:36,1435.0,131.13623532126698
2024-05-10 08:54:37,1436.0,132.59469266445592
2024-05-10 08:54:38,1437.0,133.98668951092023
2024-05-10 08:54:39,1438.0,135.30289226418336
2024-05-10 08:54:40,1439.0,136.53396732776872
2024-05-10 08:54:41,1440.0,137.67058110519977
2024-05-10 08:54:42,1441.0,138.7034
2024-05-10 08:54:43,1442.0,139.64872440938328
2024-05-10 08:54:44,1443.0,140.5329000598424
2024-05-10 08:54:45,1444.0,141.36166134881879
2024-05-10 08:54:46,1445.0,142.1407426737538
2024-05-10 08:54:47,1446.0,142.8758784320891
2024-05-10 08:54:48,1447.0,143.57280302126603
2024-05-10 08:54:49,1448.0,144.23725083872608
2024-05-10 08:54:50,1449.0,144.87495628191073
2024-05-10 08:54:51,1450.0,145.4916537482614
2024-05-10 08:54:52,1451.0,146.09307763521957
2024-05-10 08:54:53,1452.0,146.68496234022675
2024-05-10 08:54:54,1453.0,147.27304226072434
2024-05-10 08:54:55,1454.0,147.86305179415388
2024-05-10 08:54:56,1455.0,148.46072533795675
2024-05-10 08:54:57,1456.0,149.07179728957445
2024-05-10 08:54:58,1457.0,149.70200204644846
2024-05-10 08:54:59,1458.0,150.3570740060202
2024-05-10 08:55:00,1459.0,151.04274756573122
2024-05-10 08:55:01,1460.0,151.76475712302292
2024-05-10 08:55:02,1461.0,152.52883707533678
2024-05-10 08:55:03,1462.0,153.34072182011423
2024-05-10 08:55:04,1463.0,154.20614575479678
2024-05-10 08:55:05,1464.0,155.13084327682586
2024-05-10 08:55:06,1465.0,156.120548783643
2024-05-10 08:55:07,1466.0,157.1809966726896
2024-05-10 08:55:08,1467.0,158.31792134140713
2024-05-10 08:55:09,1468.0,159.53705718723705
2024-05-10 08:55:10,1469.0,160.8441386076209
2024-05-10 08:55:11,1470.0,162.24490000000003
2024-05-10 08:55:12,1471.0,164.30007465855192
2024-05-10 08:55:13,1472.0,167.5112726334057
2024-05-10 08:55:14,1473.0,171.7955434559306
2024-05-10 08:55:15,1474.0,177.06993665749582
2024-05-10 08:55:16,1475.0,183.2515017694705
2024-05-10 08:55:17,1476.0,190.25728832322386
2024-05-10 08:55:18,1477.0,198.0043458501251
2024-05-10 08:55:19,1478.0,206.40972388154336
2024-05-10 08:55:20,1479.0,215.3904719488479
2024-05-10 08:55:21,1480.0,224.86363958340783
2024-05-10 08:55:22,1481.0,234.74627631659237
2024-05-10 08:55:23,1482.0,244.9554316797707
2024-05-10 08:55:24,1483.0,255.40815520431204
2024-05-10 08:55:25,1484.0,266.0214964215856
2024-05-10 08:55:26,1485.0,276.71250486296043
2024-05-10 08:55:27,1486.0,287.3982300598058
2024-05-10 08:55:28,1487.0,297.99572154349096
2024-05-10 08:55:29,1488.0,308.42202884538506
2024-05-10 08:55:30,1489.0,318.5942014968572
2024-05-10 08:55:31,1490.0,328.4292890292767
2024-05-10 08:55:32,1491.0,337.84434097401265
2024-05-10 08:55:33,1492.0,346.75640686243423
2024-05-10 08:55:34,1493.0,355.08253622591076
2024-05-10 08:55:35,1494.0,362.7397785958113
2024-05-10 08:55:36,1495.0,369.645183503505
2024-05-10 08:55:37,1496.0,375.7158004803613
2024-05-10 08:55:38,1497.0,380.868679057749
2024-05-10 08:55:39,1498.0,385.0208687670376
2024-05-10 08:55:40,1499.0,388.0894191395962
2024-05-10 08:55:41,1500.0,389.9913797067939
2024-05-10 08:55:42,1501.0,390.6438
2024-05-10 08:55:43,1502.0,390.6359443029819
2024-05-10 08:55:44,1503.0,390.6125721569237
2024-05-10 08:55:45,1504.0,390.57397597931964
2024-05-10 08:55:46,1505.0,390.5204481876638
2024-05-10 08:55:47,1506.0,390.45228119945057
2024-05-10 08:55:48,1507.0,390.369767432174
2024-05-10 08:55:49,1508.0,390.27319930332834
2024-05-10 08:55:50,1509.0,390.16286923040775
2024-05-10 08:55:51,1510.0,390.0390696309065
2024-05-10 08:55:52,1511.0,389.90209292231873
2024-05-10 08:55:53,1512.0,389.7522315221387
2024-05-10 08:55:54,1513.0,389.5897778478606
2024-05-10 08:55:55,1514.0,389.41502431697853
2024-05-10 08:55:56,1515.0,389.2282633469867
2024-05-10 08:55:57,1516.0,389.0297873553794
2024-05-10 08:55:58,1517.0,388.81988875965084
2024-05-10 08:55:59,1518.0,388.5988599772951
2024-05-10 08:56:00,1519.0,388.36699342580647
2024-05-10 08:56:01,1520.0,388.12458152267914
2024-05-10 08:56:02,1521.0,387.8719166854073
2024-05-10 08:56:03,1522.0,387.60929133148517
2024-05-10 08:56:04,1523.0,387.3369978784068
2024-05-10 08:56:05,1524.0,387.0553287436666
2024-05-10 08:56:06,1525.0,386.76457634475867
2024-05-10 08:56:07,1526.0,386.4650330991772
2024-05-10 08:56:08,1527.0,386.1569914244164
2024-05-10 08:56:09,1528.0,385.84074373797046
2024-05-10 08:56:10,1529.0,385.5165824573336
2024-05-10 08:56:11,1530.0,385.1848
2024-05-10 08:56:12,1531.0,384.71422682550264
2024-05-10 08:56:13,1532.0,383.9862865569418
2024-05-10 08:56:14,1533.0,383.02016135716315
2024-05-10 08:56:15,1534.0,381.8350333890119
2024-05-10 08:56:16,1535.0,380.4500848153337
2024-05-10 08:56:17,1536.0,378.8844977989738
2024-05-10 08:56:18,1537.0,377.1574545027778
2024-05-10 08:56:19,1538.0,375.28813708959103
2024-05-10 08:56:20,1539.0,373.295727722259
2024-05-10 08:56:21,1540.0,371.1994085636271
2024-05-10 08:56:22,1541.0,369.01836177654087
2024-05-10 08:56:23,1542.0,366.7717695238456
2024-05-10 08:56:24,1543.0,364.47881396838676
2024-05-10 08:56:25,1544.0,362.1586772730099
2024-05-10 08:56:26,1545.0,359.83054160056037
2024-05-10 08:56:27,1546.0,357.51358911388365
2024-05-10 08:56:28,1547.0,355.2270019758252
2024-05-10 08:56:29,1548.0,352.9899623492303
2024-05-10 08:56:30,1549.0,350.82165239694467
2024-05-10 08:56:31,1550.0,348.74125428181355
2024-05-10 08:56:32,1551.0,346.76795016668245
2024-05-10 08:56:33,1552.0,344.9209222143968
2024-05-10 08:56:34,1553.0,343.2193525878019
2024-05-10 08:56:35,1554.0,341.6824234497435
2024-05-10 08:56:36,1555.0,340.3293169630668
2024-05-10 08:56:37,1556.0,339.1792152906172
2024-05-10 08:56:38,1557.0,338.2513005952404
2024-05-10 08:56:39,1558.0,337.5647550397816
2024-05-10 08:56:40,1559.0,337.13876078708626
2024-05-10 08:56:41,1560.0,336.9925
2024-05-10 08:56:42,1561.0,337.01348734814815
2024-05-10 08:56:43,1562.0,337.0745414518518
2024-05-10 08:56:44,1563.0,337.17280039999997
2024-05-10 08:56:45,1564.0,337.3054022814815
2024-05-10 08:56:46,1565.0,337.4694851851852
2024-05-10 08:56:47,1566.0,337.6621872
2024-05-10 08:56:48,1567.0,337.8806464148148
2024-05-10 08:56:49,1568.0,338.12200091851855
2024-05-10 08:56:50,1569.0,338.3833888
2024-05-10 08:56:51,1570.0,338.66194814814816
2024-05-10 08:56:52,1571.0,338.9548170518518
2024-05-10 08:56:53,1572.0,339.2591336
2024-05-10 08:56:54,1573.0,339.57203588148144
2024-05-10 08:56:55,1574.0,339.89066198518515
2024-05-10 08:56:56,1575.0,340.21214999999995
2024-05-10 08:56:57,1576.0,340.53363801481476
2024-05-10 08:56:58,1577.0,340.85226411851846
2024-05-10 08:56:59,1578.0,341.1651664
2024-05-10 08:57:00,1579.0,341.46948294814814
2024-05-10 08:57:01,1580.0,341.76235185185186
2024-05-10 08:57:02,1581.0,342.0409111999999
2024-05-10 08:57:03,1582.0,342.30229908148146
2024-05-10 08:57:04,1583.0,342.54365358518515
2024-05-10 08:57:05,1584.0,342.76211279999995
2024-05-10 08:57:06,1585.0,342.95481481481477
2024-05-10 08:57:07,1586.0,343.11889771851844
2024-05-10 08:57:08,1587.0,343.25149959999993
2024-05-10 08:57:09,1588.0,343.34975854814815
2024-05-10 08:57:10,1589.0,343.4108126518518
2024-05-10 08:57:11,1590.0,343.43179999999995
2024-05-10 08:57:12,1591.0,343.2781979555555
2024-05-10 08:57:13,1592.0,342.8313556444444
2024-05-10 08:57:14,1593.0,342.11221879999994
2024-05-10 08:57:15,1594.0,341.1417331555555
2024-05-10 08:57:16,1595.0,339.9408444444444
2024-05-10 08:57:17,1596.0,338.53049839999994
2024-05-10 08:57:18,1597.0,336.93164075555546
2024-05-10 08:57:19,1598.0,335.1652172444444
2024-05-10 08:57:20,1599.0,333.25217359999994
2024-05-10 08:57:21,1600.0,331.2134555555555
2024-05-10 08:57:22,1601.0,329.07000884444443
2024-05-10 08:57:23,1602.0,326.8427792
2024-05-10 08:57:24,1603.0,324.55271235555557
2024-05-10 08:57:25,1604.0,322.22075404444445
2024-05-10 08:57:26,1605.0,319.86785
2024-05-10 08:57:27,1606.0,317.51494595555556
2024-05-10 08:57:28,1607.0,315.18298764444444
2024-05-10 08:57:29,1608.0,312.8929208
2024-05-10 08:57:30,1609.0,310.6656911555555
2024-05-10 08:57:31,1610.0,308.5222444444444
2024-05-10 08:57:32,1611.0,306.48352639999996
2024-05-10 08:57:33,1612.0,304.57048275555553
2024-05-10 08:57:34,1613.0,302.80405924444443
2024-05-10 08:57:35,1614.0,301.2052016
2024-05-10 08:57:36,1615.0,299.79485555555556
2024-05-10 08:57:37,1616.0,298.5939668444445
2024-05-10 08:57:38,1617.0,297.6234812
2024-05-10 08:57:39,1618.0,296.90434435555557
2024-05-10 08:57:40,1619.0,296.4575020444445
2024-05-10 08:57:41,1620.0,296.3039
2024-05-10 08:57:42,1621.0,296.4163516148148
2024-05-10 08:57:43,1622.0,296.74348358518523
2024-05-10 08:57:44,1623.0,297.26996160000004
2024-05-10 08:57:45,1624.0,297.98045134814816
2024-05-10 08:57:46,1625.0,298.8596185185185
2024-05-10 08:57:47,1626.0,299.8921288
2024-05-10 08:57:48,1627.0,301.0626478814815
2024-05-10 08:57:49,1628.0,302.35584145185186
2024-05-10 08:57:50,1629.0,303.75637520000004
2024-05-10 08:57:51,1630.0,305.24891481481484
2024-05-10 08:57:52,1631.0,306.8181259851852
2024-05-10 08:57:53,1632.0,308.4486744
2024-05-10 08:57:54,1633.0,310.1252257481481
2024-05-10 08:57:55,1634.0,311.83244571851856
2024-05-10 08:57:56,1635.0,313.55499999999995
2024-05-10 08:57:57,1636.0,315.2775542814815
2024-05-10 08:57:58,1637.0,316.98477425185183
2024-05-10 08:57:59,1638.0,318.6613256
2024-05-10 08:58:00,1639.0,320.2918740148148
2024-05-10 08:58:01,1640.0,321.86108518518523
2024-05-10 08:58:02,1641.0,323.3536248
2024-05-10 08:58:03,1642.0,324.75415854814815
2024-05-10 08:58:04,1643.0,326.0473521185185
2024-05-10 08:58:05,1644.0,327.2178712
2024-05-10 08:58:06,1645.0,328.2503814814815
2024-05-10 08:58:07,1646.0,329.12954865185185
2024-05-10 08:58:08,1647.0,329.8400384
2024-05-10 08:58:09,1648.0,330.3665164148148
2024-05-10 08:58:10,1649.0,330.6936483851852
2024-05-10 08:58:11,1650.0,330.8061
2024-05-10 08:58:12,1651.0,330.78349258704026
2024-05-10 08:58:13,1652.0,330.717697010485
2024-05-10 08:58:14,1653.0,330.6117532638201
2024-05-10 08:58:15,1654.0,330.46870134053154
2024-05-10 08:58:16,1655.0,330.2915812341052
2024-05-10 08:58:17,1656.0,330.08343293802704
2024-05-10 08:58:18,1657.0,329.8472964457829
2024-05-10 08:58:19,1658.0,329.5862117508588
2024-05-10 08:58:20,1659.0,329.30321884674066
2024-05-10 08:58:21,1660.0,329.00135772691436
2024-05-10 08:58:22,1661.0,328.6836683848658
2024-05-10 08:58:23,1662.0,328.35319081408096
2024-05-10 08:58:24,1663.0,328.01296500804574
2024-05-10 08:58:25,1664.0,327.66603096024613
2024-05-10 08:58:26,1665.0,327.31542866416794
2024-05-10 08:58:27,1666.0,326.9641981132972
2024-05-10 08:58:28,1667.0,326.61537930111973
2024-05-10 08:58:29,1668.0,326.27201222112154
2024-05-10 08:58:30,1669.0,325.9371368667885
2024-05-10 08:58:31,1670.0,325.61379323160645
2024-05-10 08:58:32,1671.0,325.3050213090615
2024-05-10 08:58:33,1672.0,325.0138610926395
2024-05-10 08:58:34,1673.0,324.74335257582635
2024-05-10 08:58:35,1674.0,324.49653575210795
2024-05-10 08:58:36,1675.0,324.2764506149703
2024-05-10 08:58:37,1676.0,324.0861371578993
2024-05-10 08:58:38,1677.0,323.92863537438086
2024-05-10 08:58:39,1678.0,323.8069852579008
2024-05-10 08:58:40,1679.0,323.72422680194524
2024-05-10 08:58:41,1680.0,323.6834
2024-05-10 08:58:42,1681.0,323.66482839805474
2024-05-10 08:58:43,1682.0,323.64681234209917
2024-05-10 08:58:44,1683.0,323.6293570256192
2024-05-10 08:58:45,1684.0,323.61246764210074
2024-05-10 08:58:46,1685.0,323.5961493850297
2024-05-10 08:58:47,1686.0,323.580407447892
2024-05-10 08:58:48,1687.0,323.56524702417363
2024-05-10 08:58:49,1688.0,323.55067330736057
2024-05-10 08:58:50,1689.0,323.53669149093844
2024-05-10 08:58:51,1690.0,323.5233067683935
2024-05-10 08:58:52,1691.0,323.5105243332116
2024-05-10 08:58:53,1692.0,323.49834937887846
2024-05-10 08:58:54,1693.0,323.4867870988803
2024-05-10 08:58:55,1694.0,323.4758426867028
2024-05-10 08:58:56,1695.0,323.4655213358321
2024-05-10 08:58:57,1696.0,323.4558282397538
2024-05-10 08:58:58,1697.0,323.44676859195414
2024-05-10 08:58:59,1698.0,323.438347585919
2024-05-10 08:59:00,1699.0,323.4305704151341
2024-05-10 08:59:01,1700.0,323.42344227308564
2024-05-10 08:59:02,1701.0,323.4169683532593
2024-05-10 08:59:03,1702.0,323.4111538491412
2024-05-10 08:59:04,1703.0,323.40600395421706
2024-05-10 08:59:05,1704.0,323.401523861973
2024-05-10 08:59:06,1705.0,323.3977187658948
2024-05-10 08:59:07,1706.0,323.39459385946844
2024-05-10 08:59:08,1707.0,323.3921543361799
2024-05-10 08:59:09,1708.0,323.39040538951497
2024-05-10 08:59:10,1709.0,323.38935221295975
2024-05-10 08:59:11,1710.0,323.38899999999995
2024-05-10 08:59:12,1711.0,323.4494504592592
2024-05-10 08:59:13,1712.0,323.6253063407407
2024-05-10 08:59:14,1713.0,323.90832439999997
2024-05-10 08:59:15,1714.0,324.2902613925925
2024-05-10 08:59:16,1715.0,324.76287407407403
2024-05-10 08:59:17,1716.0,325.31791919999995
2024-05-10 08:59:18,1717.0,325.9471535259259
2024-05-10 08:59:19,1718.0,326.6423338074074
2024-05-10 08:59:20,1719.0,327.39521679999996
2024-05-10 08:59:21,1720.0,328.1975592592592
2024-05-10 08:59:22,1721.0,329.0411179407407
2024-05-10 08:59:23,1722.0,329.91764959999995
2024-05-10 08:59:24,1723.0,330.8189109925926
2024-05-10 08:59:25,1724.0,331.73665887407407
2024-05-10 08:59:26,1725.0,332.66265000000004
2024-05-10 08:59:27,1726.0,333.5886411259259
2024-05-10 08:59:28,1727.0,334.5063890074074
2024-05-10 08:59:29,1728.0,335.4076504
2024-05-10 08:59:30,1729.0,336.2841820592593
2024-05-10 08:59:31,1730.0,337.1277407407407
2024-05-10 08:59:32,1731.0,337.9300832
2024-05-10 08:59:33,1732.0,338.68296619259263
2024-05-10 08:59:34,1733.0,339.37814647407413
2024-05-10 08:59:35,1734.0,340.0073808
2024-05-10 08:59:36,1735.0,340.56242592592594
2024-05-10 08:59:37,1736.0,341.0350386074074
2024-05-10 08:59:38,1737.0,341.4169756
2024-05-10 08:59:39,1738.0,341.6999936592593
2024-05-10 08:59:40,1739.0,341.8758495407407
2024-05-10 08:59:41,1740.0,341.9363
2024-05-10 08:59:42,1741.0,341.9127339599208
2024-05-10 08:59:43,1742.0,341.84410757947035
2024-05-10 08:59:44,1743.0,341.7335284683294
2024-05-10 08:59:45,1744.0,341.5841042361787
2024-05-10 08:59:46,1745.0,341.3989424926992
2024-05-10 08:59:47,1746.0,341.1811508475714
2024-05-10 08:59:48,1747.0,340.9338369104763
2024-05-10 08:59:49,1748.0,340.6601082910946
2024-05-10 08:59:50,1749.0,340.3630725991071
2024-05-10 08:59:51,1750.0,340.04583744419455
2024-05-10 08:59:52,1751.0,339.7115104360377
2024-05-10 08:59:53,1752.0,339.3631991843174
2024-05-10 08:59:54,1753.0,339.0040112987144
2024-05-10 08:59:55,1754.0,338.6370543889094
2024-05-10 08:59:56,1755.0,338.26543606458324
2024-05-10 08:59:57,1756.0,337.89226393541674
2024-05-10 08:59:58,1757.0,337.5206456110906
2024-05-10 08:59:59,1758.0,337.1536887012856
2024-05-10 09:00:00,1759.0,336.79450081568257
2024-05-10 09:00:01,1760.0,336.44618956396226
2024-05-10 09:00:02,1761.0,336.1118625558054
2024-05-10 09:00:03,1762.0,335.7946274008928
2024-05-10 09:00:04,1763.0,335.49759170890536
2024-05-10 09:00:05,1764.0,335.22386308952366
2024-05-10 09:00:06,1765.0,334.97654915242856
2024-05-10 09:00:07,1766.0,334.7587575073008
2024-05-10 09:00:08,1767.0,334.57359576382123
2024-05-10 09:00:09,1768.0,334.4241715316706
2024-05-10 09:00:10,1769.0,334.31359242052963
2024-05-10 09:00:11,1770.0,334.2449660400792
2024-05-10 09:00:12,1771.0,334.22139999999996
2024-05-10 09:00:13,1772.0,334.22916009676493
2024-05-10 09:00:14,1773.0,334.2517100250112
2024-05-10 09:00:15,1774.0,334.28795424166634
2024-05-10 09:00:16,1775.0,334.33679720365734
2024-05-10 09:00:17,1776.0,334.3971433679118
2024-05-10 09:00:18,1777.0,334.4678971913567
2024-05-10 09:00:19,1778.0,334.54796313091964
2024-05-10 09:00:20,1779.0,334.6362456435278
2024-05-10 09:00:21,1780.0,334.7316491861085
2024-05-10 09:00:22,1781.0,334.83307821558896
2024-05-10 09:00:23,1782.0,334.93943718889665
2024-05-10 09:00:24,1783.0,335.04963056295867
2024-05-10 09:00:25,1784.0,335.1625627947025
2024-05-10 09:00:26,1785.0,335.2771383410554
2024-05-10 09:00:27,1786.0,335.3922616589446
2024-05-10 09:00:28,1787.0,335.5068372052974
2024-05-10 09:00:29,1788.0,335.61976943704127
2024-05-10 09:00:30,1789.0,335.72996281110335
2024-05-10 09:00:31,1790.0,335.836321784411
2024-05-10 09:00:32,1791.0,335.93775081389145
2024-05-10 09:00:33,1792.0,336.03315435647215
2024-05-10 09:00:34,1793.0,336.1214368690803
2024-05-10 09:00:35,1794.0,336.2015028086432
2024-05-10 09:00:36,1795.0,336.2722566320882
2024-05-10 09:00:37,1796.0,336.3326027963426
2024-05-10 09:00:38,1797.0,336.38144575833365
2024-05-10 09:00:39,1798.0,336.4176899749887
2024-05-10 09:00:40,1799.0,336.440239903235
2024-05-10 09:00:41,1800.0,336.448
2024-05-10 09:00:42,1801.0,336.4346641801923
2024-05-10 09:00:43,1802.0,336.39576198327154
2024-05-10 09:00:44,1803.0,336.33295130299086
2024-05-10 09:00:45,1804.0,336.24789003310366
2024-05-10 09:00:46,1805.0,336.1422360673633
2024-05-10 09:00:47,1806.0,336.01764729952305
2024-05-10 09:00:48,1807.0,335.87578162333625
2024-05-10 09:00:49,1808.0,335.71829693255614
2024-05-10 09:00:50,1809.0,335.5468511209361
2024-05-10 09:00:51,1810.0,335.3631020822294
2024-05-10 09:00:52,1811.0,335.1687077101893
2024-05-10 09:00:53,1812.0,334.9653258985693
2024-05-10 09:00:54,1813.0,334.75461454112246
2024-05-10 09:00:55,1814.0,334.53823153160226
2024-05-10 09:00:56,1815.0,334.31783476376205
2024-05-10 09:00:57,1816.0,334.095082131355
2024-05-10 09:00:58,1817.0,333.8716315281345
2024-05-10 09:00:59,1818.0,333.6491408478539
2024-05-10 09:01:00,1819.0,333.4292679842664
2024-05-10 09:01:01,1820.0,333.2136708311254
2024-05-10 09:01:02,1821.0,333.0040072821842
2024-05-10 09:01:03,1822.0,332.80193523119607
2024-05-10 09:01:04,1823.0,332.60911257191435
2024-05-10 09:01:05,1824.0,332.4271971980923
2024-05-10 09:01:06,1825.0,332.25784700348333
2024-05-10 09:01:07,1826.0,332.10271988184076
2024-05-10 09:01:08,1827.0,331.9634737269178
2024-05-10 09:01:09,1828.0,331.84176643246786
2024-05-10 09:01:10,1829.0,331.7392558922441
2024-05-10 09:01:11,1830.0,331.6576
2024-05-10 09:01:12,1831.0,331.5894801318425
2024-05-10 09:01:13,1832.0,331.526241152245
2024-05-10 09:01:14,1833.0,331.4675361875108
2024-05-10 09:01:15,1834.0,331.41301836394285
2024-05-10 09:01:16,1835.0,331.36234080784436
2024-05-10 09:01:17,1836.0,331.31515664551836
2024-05-10 09:01:18,1837.0,331.2711190032679
2024-05-10 09:01:19,1838.0,331.2298810073962
2024-05-10 09:01:20,1839.0,331.1910957842063
2024-05-10 09:01:21,1840.0,331.15441646000136
2024-05-10 09:01:22,1841.0,331.1194961610843
2024-05-10 09:01:23,1842.0,331.0859880137584
2024-05-10 09:01:24,1843.0,331.0535451443268
2024-05-10 09:01:25,1844.0,331.02182067909234
2024-05-10 09:01:26,1845.0,330.9904677443584
2024-05-10 09:01:27,1846.0,330.9591394664279
2024-05-10 09:01:28,1847.0,330.9274889716041
2024-05-10 09:01:29,1848.0,330.89516938618993
2024-05-10 09:01:30,1849.0,330.86183383648864
2024-05-10 09:01:31,1850.0,330.8271354488032
2024-05-10 09:01:32,1851.0,330.79072734943674
2024-05-10 09:01:33,1852.0,330.75226266469247
2024-05-10 09:01:34,1853.0,330.71139452087334
2024-05-10 09:01:35,1854.0,330.6677760442825
2024-05-10 09:01:36,1855.0,330.6210603612231
2024-05-10 09:01:37,1856.0,330.5709005979983
2024-05-10 09:01:38,1857.0,330.51694988091094
2024-05-10 09:01:39,1858.0,330.4588613362644
2024-05-10 09:01:40,1859.0,330.3962880903617
2024-05-10 09:01:41,1860.0,330.3288832695058
2024-05-10 09:01:42,1861.0,330.2563
2024-05-10 09:01:43,1862.0,330.1643162507745
2024-05-10 09:01:44,1863.0,330.04063476476944
2024-05-10 09:01:45,1864.0,329.8877958293029
2024-05-10 09:01:46,1865.0,329.70833973169283
2024-05-10 09:01:47,1866.0,329.5048067592574
2024-05-10 09:01:48,1867.0,329.2797371993144
2024-05-10 09:01:49,1868.0,329.0356713391821
2024-05-10 09:01:50,1869.0,328.7751494661782
2024-05-10 09:01:51,1870.0,328.5007118676211
2024-05-10 09:01:52,1871.0,328.2148988308285
2024-05-10 09:01:53,1872.0,327.92025064311844
2024-05-10 09:01:54,1873.0,327.6193075918091
2024-05-10 09:01:55,1874.0,327.31460996421833
2024-05-10 09:01:56,1875.0,327.00869804766427
2024-05-10 09:01:57,1876.0,326.7041121294648
2024-05-10 09:01:58,1877.0,326.4033924969381
2024-05-10 09:01:59,1878.0,326.10907943740204
2024-05-10 09:02:00,1879.0,325.8237132381747
2024-05-10 09:02:01,1880.0,325.54983418657406
2024-05-10 09:02:02,1881.0,325.28998256991815
2024-05-10 09:02:03,1882.0,325.046698675525
2024-05-10 09:02:04,1883.0,324.8225227907126
2024-05-10 09:02:05,1884.0,324.619995202799
2024-05-10 09:02:06,1885.0,324.44165619910206
2024-05-10 09:02:07,1886.0,324.29004606694
2024-05-10 09:02:08,1887.0,324.1677050936308
2024-05-10 09:02:09,1888.0,324.0771735664923
2024-05-10 09:02:10,1889.0,324.02099177284276
2024-05-10 09:02:11,1890.0,324.00169999999997
2024-05-10 09:02:12,1891.0,324.0143891712261
2024-05-10 09:02:13,1892.0,324.05134115336847
2024-05-10 09:02:14,1893.0,324.1108826491222
2024-05-10 09:02:15,1894.0,324.1913403611829
2024-05-10 09:02:16,1895.0,324.29104099224594
2024-05-10 09:02:17,1896.0,324.4083112450068
2024-05-10 09:02:18,1897.0,324.541477822161
2024-05-10 09:02:19,1898.0,324.68886742640393
2024-05-10 09:02:20,1899.0,324.848806760431
2024-05-10 09:02:21,1900.0,325.0196225269376
2024-05-10 09:02:22,1901.0,325.1996414286194
2024-05-10 09:02:23,1902.0,325.38719016817157
2024-05-10 09:02:24,1903.0,325.5805954482897
2024-05-10 09:02:25,1904.0,325.7781839716693
2024-05-10 09:02:26,1905.0,325.97828244100566
2024-05-10 09:02:27,1906.0,326.1792175589943
2024-05-10 09:02:28,1907.0,326.3793160283307
2024-05-10 09:02:29,1908.0,326.57690455171024
2024-05-10 09:02:30,1909.0,326.7703098318284
2024-05-10 09:02:31,1910.0,326.95785857138065
2024-05-10 09:02:32,1911.0,327.1378774730623
2024-05-10 09:02:33,1912.0,327.308693239569
2024-05-10 09:02:34,1913.0,327.46863257359604
2024-05-10 09:02:35,1914.0,327.61602217783894
2024-05-10 09:02:36,1915.0,327.7491887549931
2024-05-10 09:02:37,1916.0,327.86645900775403
2024-05-10 09:02:38,1917.0,327.9661596388171
2024-05-10 09:02:39,1918.0,328.04661735087774
2024-05-10 09:02:40,1919.0,328.10615884663156
2024-05-10 09:02:41,1920.0,328.1431108287738
2024-05-10 09:02:42,1921.0,328.1558
2024-05-10 09:02:43,1922.0,328.1109792201402
2024-05-10 09:02:44,1923.0,327.98073530690067
2024-05-10 09:02:45,1924.0,327.7713958997909
2024-05-10 09:02:46,1925.0,327.48928863832055
2024-05-10 09:02:47,1926.0,327.14074116199924
2024-05-10 09:02:48,1927.0,326.7320811103366
2024-05-10 09:02:49,1928.0,326.26963612284226
2024-05-10 09:02:50,1929.0,325.7597338390258
2024-05-10 09:02:51,1930.0,325.20870189839684
2024-05-10 09:02:52,1931.0,324.62286794046497
2024-05-10 09:02:53,1932.0,324.00855960473984
2024-05-10 09:02:54,1933.0,323.37210453073106
2024-05-10 09:02:55,1934.0,322.7198303579483
2024-05-10 09:02:56,1935.0,322.05806472590103
2024-05-10 09:02:57,1936.0,321.393135274099
2024-05-10 09:02:58,1937.0,320.7313696420518
2024-05-10 09:02:59,1938.0,320.07909546926896
2024-05-10 09:03:00,1939.0,319.4426403952602
2024-05-10 09:03:01,1940.0,318.82833205953506
2024-05-10 09:03:02,1941.0,318.24249810160325
2024-05-10 09:03:03,1942.0,317.69146616097424
2024-05-10 09:03:04,1943.0,317.18156387715777
2024-05-10 09:03:05,1944.0,316.7191188896634
2024-05-10 09:03:06,1945.0,316.3104588380007
2024-05-10 09:03:07,1946.0,315.9619113616794
2024-05-10 09:03:08,1947.0,315.67980410020914
2024-05-10 09:03:09,1948.0,315.47046469309936
2024-05-10 09:03:10,1949.0,315.3402207798598
2024-05-10 09:03:11,1950.0,315.29540000000003
2024-05-10 09:03:12,1951.0,315.30566922824926
2024-05-10 09:03:13,1952.0,315.3358547512462
2024-05-10 09:03:14,1953.0,315.3850233263644
2024-05-10 09:03:15,1954.0,315.45224171097766
2024-05-10 09:03:16,1955.0,315.53657666245977
2024-05-10 09:03:17,1956.0,315.63709493818436
2024-05-10 09:03:18,1957.0,315.7528632955252
2024-05-10 09:03:19,1958.0,315.8829484918559
2024-05-10 09:03:20,1959.0,316.02641728455035
2024-05-10 09:03:21,1960.0,316.1823364309822
2024-05-10 09:03:22,1961.0,316.34977268852515
2024-05-10 09:03:23,1962.0,316.5277928145529
2024-05-10 09:03:24,1963.0,316.71546356643927
2024-05-10 09:03:25,1964.0,316.9118517015579
2024-05-10 09:03:26,1965.0,317.1160239772825
2024-05-10 09:03:27,1966.0,317.32704715098674
2024-05-10 09:03:28,1967.0,317.54398798004456
2024-05-10 09:03:29,1968.0,317.7659132218294
2024-05-10 09:03:30,1969.0,317.9918896337152
2024-05-10 09:03:31,1970.0,318.22098397307553
2024-05-10 09:03:32,1971.0,318.45226299728415
2024-05-10 09:03:33,1972.0,318.68479346371487
2024-05-10 09:03:34,1973.0,318.9176421297413
2024-05-10 09:03:35,1974.0,319.1498757527373
2024-05-10 09:03:36,1975.0,319.38056109007636
2024-05-10 09:03:37,1976.0,319.6087648991324
2024-05-10 09:03:38,1977.0,319.83355393727896
2024-05-10 09:03:39,1978.0,320.05399496189
2024-05-10 09:03:40,1979.0,320.26915473033904
2024-05-10 09:03:41,1980.0,320.4780999999999
2024-05-10 09:03:42,1981.0,320.6914084384614
2024-05-10 09:03:43,1982.0,320.9194277743205
2024-05-10 09:03:44,1983.0,321.1608798564637
2024-05-10 09:03:45,1984.0,321.414486533777
2024-05-10 09:03:46,1985.0,321.6789696551468
2024-05-10 09:03:47,1986.0,321.9530510694592
2024-05-10 09:03:48,1987.0,322.23545262560066
2024-05-10 09:03:49,1988.0,322.5248961724573
2024-05-10 09:03:50,1989.0,322.82010355891526
2024-05-10 09:03:51,1990.0,323.119796633861
2024-05-10 09:03:52,1991.0,323.4226972461806
2024-05-10 09:03:53,1992.0,323.7275272447604
2024-05-10 09:03:54,1993.0,324.03300847848647
2024-05-10 09:03:55,1994.0,324.33786279624525
2024-05-10 09:03:56,1995.0,324.6408120469229
2024-05-10 09:03:57,1996.0,324.9405780794057
2024-05-10 09:03:58,1997.0,325.2358827425799
2024-05-10 09:03:59,1998.0,325.52544788533174
2024-05-10 09:04:00,1999.0,325.8079953565474
2024-05-10 09:04:01,2000.0,326.0822470051131
2024-05-10 09:04:02,2001.0,326.3469246799152
2024-05-10 09:04:03,2002.0,326.60075022983995
2024-05-10 09:04:04,2003.0,326.84244550377355
2024-05-10 09:04:05,2004.0,327.07073235060204
2024-05-10 09:04:06,2005.0,327.28433261921197
2024-05-10 09:04:07,2006.0,327.4819681584895
2024-05-10 09:04:08,2007.0,327.6623608173208
2024-05-10 09:04:09,2008.0,327.8242324445921
2024-05-10 09:04:10,2009.0,327.9663048891898
2024-05-10 09:04:11,2010.0,328.08729999999997
2024-05-10 09:04:12,2011.0,328.19612043963934
2024-05-10 09:04:13,2012.0,328.30250497862573
2024-05-10 09:04:14,2013.0,328.4064296276966
2024-05-10 09:04:15,2014.0,328.50787039758967
2024-05-10 09:04:16,2015.0,328.60680329904267
2024-05-10 09:04:17,2016.0,328.7032043427932
2024-05-10 09:04:18,2017.0,328.7970495395789
2024-05-10 09:04:19,2018.0,328.8883149001375
2024-05-10 09:04:20,2019.0,328.97697643520667
2024-05-10 09:04:21,2020.0,329.06301015552407
2024-05-10 09:04:22,2021.0,329.14639207182734
2024-05-10 09:04:23,2022.0,329.22709819485414
2024-05-10 09:04:24,2023.0,329.3051045353421
2024-05-10 09:04:25,2024.0,329.380387104029
2024-05-10 09:04:26,2025.0,329.45292191165237
2024-05-10 09:04:27,2026.0,329.52268496895
2024-05-10 09:04:28,2027.0,329.5896522866595
2024-05-10 09:04:29,2028.0,329.6537998755185
2024-05-10 09:04:30,2029.0,329.7151037462647
2024-05-10 09:04:31,2030.0,329.7735399096357
2024-05-10 09:04:32,2031.0,329.82908437636934
2024-05-10 09:04:33,2032.0,329.8817131572031
2024-05-10 09:04:34,2033.0,329.9314022628747
2024-05-10 09:04:35,2034.0,329.97812770412185
2024-05-10 09:04:36,2035.0,330.02186549168226
2024-05-10 09:04:37,2036.0,330.0625916362934
2024-05-10 09:04:38,2037.0,330.1002821486931
2024-05-10 09:04:39,2038.0,330.134913039619
2024-05-10 09:04:40,2039.0,330.1664603198087
2024-05-10 09:04:41,2040.0,330.19489999999996
2024-05-10 09:04:42,2041.0,330.22163881229955
2024-05-10 09:04:43,2042.0,330.2480735965761
2024-05-10 09:04:44,2043.0,330.2741655252098
2024-05-10 09:04:45,2044.0,330.29987577058114
2024-05-10 09:04:46,2045.0,330.32516550507023
2024-05-10 09:04:47,2046.0,330.34999590105747
2024-05-10 09:04:48,2047.0,330.3743281309232
2024-05-10 09:04:49,2048.0,330.39812336704756
2024-05-10 09:04:50,2049.0,330.42134278181095
2024-05-10 09:04:51,2050.0,330.4439475475936
2024-05-10 09:04:52,2051.0,330.46589883677603
2024-05-10 09:04:53,2052.0,330.4871578217382
2024-05-10 09:04:54,2053.0,330.5076856748607
2024-05-10 09:04:55,2054.0,330.5274435685236
2024-05-10 09:04:56,2055.0,330.5463926751074
2024-05-10 09:04:57,2056.0,330.56449416699223
2024-05-10 09:04:58,2057.0,330.5817092165586
2024-05-10 09:04:59,2058.0,330.5979989961865
2024-05-10 09:05:00,2059.0,330.61332467825645
2024-05-10 09:05:01,2060.0,330.62764743514873
2024-05-10 09:05:02,2061.0,330.64092843924357
2024-05-10 09:05:03,2062.0,330.6531288629213
2024-05-10 09:05:04,2063.0,330.6642098785622
2024-05-10 09:05:05,2064.0,330.6741326585466
2024-05-10 09:05:06,2065.0,330.6828583752548
2024-05-10 09:05:07,2066.0,330.6903482010671
2024-05-10 09:05:08,2067.0,330.6965633083637
2024-05-10 09:05:09,2068.0,330.701464869525
2024-05-10 09:05:10,2069.0,330.70501405693125
2024-05-10 09:05:11,2070.0,330.70717204296284
2024-05-10 09:05:12,2071.0,330.70789999999994
2024-05-10 09:05:13,2072.0,330.7061079618633
2024-05-10 09:05:14,2073.0,330.70080604552925
2024-05-10 09:05:15,2074.0,330.6921055481118
2024-05-10 09:05:16,2075.0,330.6801177667246
2024-05-10 09:05:17,2076.0,330.66495399848174
2024-05-10 09:05:18,2077.0,330.646725540497
2024-05-10 09:05:19,2078.0,330.62554368988424
2024-05-10 09:05:20,2079.0,330.60151974375736
2024-05-10 09:05:21,2080.0,330.5747649992302
2024-05-10 09:05:22,2081.0,330.5453907534167
2024-05-10 09:05:23,2082.0,330.5135083034307
2024-05-10 09:05:24,2083.0,330.479228946386
2024-05-10 09:05:25,2084.0,330.4426639793966
2024-05-10 09:05:26,2085.0,330.4039246995763
2024-05-10 09:05:27,2086.0,330.363122404039
2024-05-10 09:05:28,2087.0,330.32036838989853
2024-05-10 09:05:29,2088.0,330.27577395426886
2024-05-10 09:05:30,2089.0,330.2294503942637
2024-05-10 09:05:31,2090.0,330.18150900699715
2024-05-10 09:05:32,2091.0,330.1320610895829
2024-05-10 09:05:33,2092.0,330.0812179391349
2024-05-10 09:05:34,2093.0,330.02909085276696
2024-05-10 09:05:35,2094.0,329.975791127593
2024-05-10 09:05:36,2095.0,329.92143006072695
2024-05-10 09:05:37,2096.0,329.86611894928257
2024-05-10 09:05:38,2097.0,329.80996909037384
2024-05-10 09:05:39,2098.0,329.7530917811146
2024-05-10 09:05:40,2099.0,329.69559831861864
2024-05-10 09:05:41,2100.0,329.63759999999996
2024-05-10 09:05:42,2101.0,329.57789729952736
2024-05-10 09:05:43,2102.0,329.5150463412062
2024-05-10 09:05:44,2103.0,329.4487918967553
2024-05-10 09:05:45,2104.0,329.3788787378936
2024-05-10 09:05:46,2105.0,329.30505163633967
2024-05-10 09:05:47,2106.0,329.22705536381244
2024-05-10 09:05:48,2107.0,329.1446346920306
2024-05-10 09:05:49,2108.0,329.05753439271297
2024-05-10 09:05:50,2109.0,328.96549923757846
2024-05-10 09:05:51,2110.0,328.8682739983456
2024-05-10 09:05:52,2111.0,328.7656034467334
2024-05-10 09:05:53,2112.0,328.65723235446063
2024-05-10 09:05:54,2113.0,328.54290549324594
2024-05-10 09:05:55,2114.0,328.4223676348082
2024-05-10 09:05:56,2115.0,328.2953635508662
2024-05-10 09:05:57,2116.0,328.16163801313877
2024-05-10 09:05:58,2117.0,328.0209357933446
2024-05-10 09:05:59,2118.0,327.87300166320256
2024-05-10 09:06:00,2119.0,327.7175803944314
2024-05-10 09:06:01,2120.0,327.55441675874994
2024-05-10 09:06:02,2121.0,327.3832555278768
2024-05-10 09:06:03,2122.0,327.2038414735311
2024-05-10 09:06:04,2123.0,327.0159193674313
2024-05-10 09:06:05,2124.0,326.81923398129635
2024-05-10 09:06:06,2125.0,326.61353008684506
2024-05-10 09:06:07,2126.0,326.3985524557961
2024-05-10 09:06:08,2127.0,326.17404585986833
2024-05-10 09:06:09,2128.0,325.93975507078056
2024-05-10 09:06:10,2129.0,325.6954248602515
2024-05-10 09:06:11,2130.0,325.4408
2024-05-10 09:06:12,2131.0,325.01962594443563
2024-05-10 09:06:13,2132.0,324.2908771864018
2024-05-10 09:06:14,2133.0,323.2771420552683
2024-05-10 09:06:15,2134.0,322.00100888040487
2024-05-10 09:06:16,2135.0,320.48506599118133
2024-05-10 09:06:17,2136.0,318.75190171696727
2024-05-10 09:06:18,2137.0,316.8241043871324
2024-05-10 09:06:19,2138.0,314.72426233104665
2024-05-10 09:06:20,2139.0,312.4749638780796
2024-05-10 09:06:21,2140.0,310.098797357601
2024-05-10 09:06:22,2141.0,307.6183510989806
2024-05-10 09:06:23,2142.0,305.0562134315881
2024-05-10 09:06:24,2143.0,302.43497268479337
2024-05-10 09:06:25,2144.0,299.7772171879661
2024-05-10 09:06:26,2145.0,297.1055352704758
2024-05-10 09:06:27,2146.0,294.4425152616925
2024-05-10 09:06:28,2147.0,291.8107454909858
2024-05-10 09:06:29,2148.0,289.2328142877255
2024-05-10 09:06:30,2149.0,286.7313099812812
2024-05-10 09:06:31,2150.0,284.3288209010227
2024-05-10 09:06:32,2151.0,282.04793537631986
2024-05-10 09:06:33,2152.0,279.91124173654225
2024-05-10 09:06:34,2153.0,277.94132831105964
2024-05-10 09:06:35,2154.0,276.16078342924186
2024-05-10 09:06:36,2155.0,274.59219542045855
2024-05-10 09:06:37,2156.0,273.25815261407945
2024-05-10 09:06:38,2157.0,272.18124333947435
2024-05-10 09:06:39,2158.0,271.3840559260129
2024-05-10 09:06:40,2159.0,270.8891787030649
2024-05-10 09:06:41,2160.0,270.71920000000006
2024-05-10 09:06:42,2161.0,270.7560101229267
2024-05-10 09:06:43,2162.0,270.863272620998
2024-05-10 09:06:44,2163.0,271.036235688151
2024-05-10 09:06:45,2164.0,271.2701475183227
2024-05-10 09:06:46,2165.0,271.5602563054502
2024-05-10 09:06:47,2166.0,271.90181024347055
2024-05-10 09:06:48,2167.0,272.2900575263207
2024-05-10 09:06:49,2168.0,272.72024634793786
2024-05-10 09:06:50,2169.0,273.1876249022589
2024-05-10 09:06:51,2170.0,273.68744138322097
2024-05-10 09:06:52,2171.0,274.2149439847611
2024-05-10 09:06:53,2172.0,274.76538090081624
2024-05-10 09:06:54,2173.0,275.33400032532364
2024-05-10 09:06:55,2174.0,275.91605045222013
2024-05-10 09:06:56,2175.0,276.5067794754429
2024-05-10 09:06:57,2176.0,277.10143558892884
2024-05-10 09:06:58,2177.0,277.69526698661514
2024-05-10 09:06:59,2178.0,278.28352186243876
2024-05-10 09:07:00,2179.0,278.8614484103368
2024-05-10 09:07:01,2180.0,279.4242948242463
2024-05-10 09:07:02,2181.0,279.9673092981042
2024-05-10 09:07:03,2182.0,280.48574002584775
2024-05-10 09:07:04,2183.0,280.9748352014138
2024-05-10 09:07:05,2184.0,281.42984301873946
2024-05-10 09:07:06,2185.0,281.8460116717618
2024-05-10 09:07:07,2186.0,282.2185893544178
2024-05-10 09:07:08,2187.0,282.5428242606446
2024-05-10 09:07:09,2188.0,282.81396458437916
2024-05-10 09:07:10,2189.0,283.02725851955853
2024-05-10 09:07:11,2190.0,283.1779542601198
2024-05-10 09:07:12,2191.0,283.2613
2024-05-10 09:07:13,2192.0,283.30874668405914
2024-05-10 09:07:14,2193.0,283.3548984618103
2024-05-10 09:07:15,2194.0,283.3997333341703
2024-05-10 09:07:16,2195.0,283.44322930205607
2024-05-10 09:07:17,2196.0,283.48536436638426
2024-05-10 09:07:18,2197.0,283.5261165280717
2024-05-10 09:07:19,2198.0,283.5654637880351
2024-05-10 09:07:20,2199.0,283.6033841471914
2024-05-10 09:07:21,2200.0,283.63985560645733
2024-05-10 09:07:22,2201.0,283.67485616674963
2024-05-10 09:07:23,2202.0,283.7083638289851
2024-05-10 09:07:24,2203.0,283.74035659408065
2024-05-10 09:07:25,2204.0,283.77081246295296
2024-05-10 09:07:26,2205.0,283.7997094365188
2024-05-10 09:07:27,2206.0,283.827025515695
2024-05-10 09:07:28,2207.0,283.8527387013983
2024-05-10 09:07:29,2208.0,283.8768269945457
2024-05-10 09:07:30,2209.0,283.8992683960538
2024-05-10 09:07:31,2210.0,283.9200409068394
2024-05-10 09:07:32,2211.0,283.9391225278193
2024-05-10 09:07:33,2212.0,283.9564912599103
2024-05-10 09:07:34,2213.0,283.9721251040292
2024-05-10 09:07:35,2214.0,283.98600206109285
2024-05-10 09:07:36,2215.0,283.9981001320179
2024-05-10 09:07:37,2216.0,284.0083973177213
2024-05-10 09:07:38,2217.0,284.01687161911974
2024-05-10 09:07:39,2218.0,284.0235010371301
2024-05-10 09:07:40,2219.0,284.028263572669
2024-05-10 09:07:41,2220.0,284.0311372266534
2024-05-10 09:07:42,2221.0,284.0321
2024-05-10 09:07:43,2222.0,284.02853479142925
2024-05-10 09:07:44,2223.0,284.01784917149695
2024-05-10 09:07:45,2224.0,284.0000581488729
2024-05-10 09:07:46,2225.0,283.9751767322268
2024-05-10 09:07:47,2226.0,283.94321993022857
2024-05-10 09:07:48,2227.0,283.904202751548
2024-05-10 09:07:49,2228.0,283.85814020485486
2024-05-10 09:07:50,2229.0,283.805047298819
2024-05-10 09:07:51,2230.0,283.7449390421101
2024-05-10 09:07:52,2231.0,283.67783044339814
2024-05-10 09:07:53,2232.0,283.60373651135285
2024-05-10 09:07:54,2233.0,283.52267225464396
2024-05-10 09:07:55,2234.0,283.43465268194143
2024-05-10 09:07:56,2235.0,283.33969280191496
2024-05-10 09:07:57,2236.0,283.23780762323435
2024-05-10 09:07:58,2237.0,283.12901215456947
2024-05-10 09:07:59,2238.0,283.01332140459004
2024-05-10 09:08:00,2239.0,282.890750381966
2024-05-10 09:08:01,2240.0,282.76131409536697
2024-05-10 09:08:02,2241.0,282.62502755346287
2024-05-10 09:08:03,2242.0,282.4819057649236
2024-05-10 09:08:04,2243.0,282.3319637384188
2024-05-10 09:08:05,2244.0,282.1752164826183
2024-05-10 09:08:06,2245.0,282.01167900619197
2024-05-10 09:08:07,2246.0,281.84136631780956
2024-05-10 09:08:08,2247.0,281.66429342614094
2024-05-10 09:08:09,2248.0,281.48047533985584
2024-05-10 09:08:10,2249.0,281.2899270676241
2024-05-10 09:08:11,2250.0,281.0926636181155
2024-05-10 09:08:12,2251.0,280.8887
2024-05-10 09:08:13,2252.0,280.1171839499539
2024-05-10 09:08:14,2253.0,278.26743431218654
2024-05-10 09:08:15,2254.0,275.4147227566667
2024-05-10 09:08:16,2255.0,271.6343209533634
2024-05-10 09:08:17,2256.0,267.00150057224533
2024-05-10 09:08:18,2257.0,261.59153328328136
2024-05-10 09:08:19,2258.0,255.4796907564404
2024-05-10 09:08:20,2259.0,248.7412446616913
2024-05-10 09:08:21,2260.0,241.4514666690028
2024-05-10 09:08:22,2261.0,233.68562844834386
2024-05-10 09:08:23,2262.0,225.51900166968323
2024-05-10 09:08:24,2263.0,217.02685800298985
2024-05-10 09:08:25,2264.0,208.28446911823252
2024-05-10 09:08:26,2265.0,199.3671066853801
2024-05-10 09:08:27,2266.0,190.35004237440143
2024-05-10 09:08:28,2267.0,181.30854785526537
2024-05-10 09:08:29,2268.0,172.31789479794077
2024-05-10 09:08:30,2269.0,163.45335487239646
2024-05-10 09:08:31,2270.0,154.7901997486013
2024-05-10 09:08:32,2271.0,146.4037010965242
2024-05-10 09:08:33,2272.0,138.3691305861339
2024-05-10 09:08:34,2273.0,130.76175988739928
2024-05-10 09:08:35,2274.0,123.65686067028929
2024-05-10 09:08:36,2275.0,117.12970460477263
2024-05-10 09:08:37,2276.0,111.25556336081823
2024-05-10 09:08:38,2277.0,106.1097086083949
2024-05-10 09:08:39,2278.0,101.76741201747149
2024-05-10 09:08:40,2279.0,98.30394525801688
2024-05-10 09:08:41,2280.0,95.79457999999998
2024-05-10 09:08:42,2281.0,93.80567194899405
2024-05-10 09:08:43,2282.0,91.85464791777295
2024-05-10 09:08:44,2283.0,89.94338623710603
2024-05-10 09:08:45,2284.0,88.07376523776273
2024-05-10 09:08:46,2285.0,86.24766325051245
2024-05-10 09:08:47,2286.0,84.46695860612459
2024-05-10 09:08:48,2287.0,82.73352963536858
2024-05-10 09:08:49,2288.0,81.04925466901379
2024-05-10 09:08:50,2289.0,79.41601203782965
2024-05-10 09:08:51,2290.0,77.83568007258557
2024-05-10 09:08:52,2291.0,76.31013710405094
2024-05-10 09:08:53,2292.0,74.84126146299516
2024-05-10 09:08:54,2293.0,73.43093148018765
2024-05-10 09:08:55,2294.0,72.08102548639783
2024-05-10 09:08:56,2295.0,70.79342181239511
2024-05-10 09:08:57,2296.0,69.56999878894885
2024-05-10 09:08:58,2297.0,68.41263474682849
2024-05-10 09:08:59,2298.0,67.32320801680343
2024-05-10 09:09:00,2299.0,66.30359692964309
2024-05-10 09:09:01,2300.0,65.35567981611685
2024-05-10 09:09:02,2301.0,64.48133500699413
2024-05-10 09:09:03,2302.0,63.68244083304433
2024-05-10 09:09:04,2303.0,62.96087562503687
2024-05-10 09:09:05,2304.0,62.31851771374114
2024-05-10 09:09:06,2305.0,61.75724542992655
2024-05-10 09:09:07,2306.0,61.27893710436252
2024-05-10 09:09:08,2307.0,60.88547106781844
2024-05-10 09:09:09,2308.0,60.57872565106372
2024-05-10 09:09:10,2309.0,60.360579184867774
2024-05-10 09:09:11,2310.0,60.232910000000004
2024-05-10 09:09:12,2311.0,60.15232604338933
2024-05-10 09:09:13,2312.0,60.07419603507862
2024-05-10 09:09:14,2313.0,59.99853946550826
2024-05-10 09:09:15,2314.0,59.925375825118586
2024-05-10 09:09:16,2315.0,59.85472460434995
2024-05-10 09:09:17,2316.0,59.78660529364269
2024-05-10 09:09:18,2317.0,59.72103738343717
2024-05-10 09:09:19,2318.0,59.65804036417375
2024-05-10 09:09:20,2319.0,59.59763372629278
2024-05-10 09:09:21,2320.0,59.539836960234595
2024-05-10 09:09:22,2321.0,59.48466955643956
2024-05-10 09:09:23,2322.0,59.432151005348025
2024-05-10 09:09:24,2323.0,59.38230079740034
2024-05-10 09:09:25,2324.0,59.33513842303687
2024-05-10 09:09:26,2325.0,59.29068337269794
2024-05-10 09:09:27,2326.0,59.24895513682392
2024-05-10 09:09:28,2327.0,59.20997320585517
2024-05-10 09:09:29,2328.0,59.17375707023202
2024-05-10 09:09:30,2329.0,59.14032622039483
2024-05-10 09:09:31,2330.0,59.10970014678397
2024-05-10 09:09:32,2331.0,59.08189833983977
2024-05-10 09:09:33,2332.0,59.056940290002586
2024-05-10 09:09:34,2333.0,59.03484548771278
2024-05-10 09:09:35,2334.0,59.01563342341069
2024-05-10 09:09:36,2335.0,58.99932358753667
2024-05-10 09:09:37,2336.0,58.98593547053108
2024-05-10 09:09:38,2337.0,58.975488562834265
2024-05-10 09:09:39,2338.0,58.96800235488658
2024-05-10 09:09:40,2339.0,58.96349633712838
2024-05-10 09:09:41,2340.0,58.961990000000014
2024-05-10 09:09:42,2341.0,59.00075373478771
2024-05-10 09:09:43,2342.0,59.114650899103445
2024-05-10 09:09:44,2343.0,59.30009043287621
2024-05-10 09:09:45,2344.0,59.55348127603497
2024-05-10 09:09:46,2345.0,59.871232368508736
2024-05-10 09:09:47,2346.0,60.24975265022647
2024-05-10 09:09:48,2347.0,60.68545106111717
2024-05-10 09:09:49,2348.0,61.1747365411098
2024-05-10 09:09:50,2349.0,61.71401803013336
2024-05-10 09:09:51,2350.0,62.299704468116815
2024-05-10 09:09:52,2351.0,62.92820479498917
2024-05-10 09:09:53,2352.0,63.595927950679396
2024-05-10 09:09:54,2353.0,64.29928287511646
2024-05-10 09:09:55,2354.0,65.03467850822938
2024-05-10 09:09:56,2355.0,65.79852378994713
2024-05-10 09:09:57,2356.0,66.58722766019866
2024-05-10 09:09:58,2357.0,67.39719905891299
2024-05-10 09:09:59,2358.0,68.22484692601908
2024-05-10 09:10:00,2359.0,69.06658020144593
2024-05-10 09:10:01,2360.0,69.91880782512251
2024-05-10 09:10:02,2361.0,70.77793873697782
2024-05-10 09:10:03,2362.0,71.64038187694081
2024-05-10 09:10:04,2363.0,72.5025461849405
2024-05-10 09:10:05,2364.0,73.36084060090586
2024-05-10 09:10:06,2365.0,74.21167406476586
2024-05-10 09:10:07,2366.0,75.0514555164495
2024-05-10 09:10:08,2367.0,75.87659389588575
2024-05-10 09:10:09,2368.0,76.68349814300359
2024-05-10 09:10:10,2369.0,77.46857719773203
2024-05-10 09:10:11,2370.0,78.22824000000001
2024-05-10 09:10:12,2371.0,79.01204514597171
2024-05-10 09:10:13,2372.0,79.86735647329274
2024-05-10 09:10:14,2373.0,80.7872907841143
2024-05-10 09:10:15,2374.0,81.76496488058757
2024-05-10 09:10:16,2375.0,82.79349556486379
2024-05-10 09:10:17,2376.0,83.86599963909417
2024-05-10 09:10:18,2377.0,84.9755939054299
2024-05-10 09:10:19,2378.0,86.11539516602217
2024-05-10 09:10:20,2379.0,87.27852022302221
2024-05-10 09:10:21,2380.0,88.45808587858123
2024-05-10 09:10:22,2381.0,89.64720893485038
2024-05-10 09:10:23,2382.0,90.83900619398092
2024-05-10 09:10:24,2383.0,92.02659445812407
2024-05-10 09:10:25,2384.0,93.203090529431
2024-05-10 09:10:26,2385.0,94.3616112100529
2024-05-10 09:10:27,2386.0,95.495273302141
2024-05-10 09:10:28,2387.0,96.59719360784652
2024-05-10 09:10:29,2388.0,97.66048892932062
2024-05-10 09:10:30,2389.0,98.67827606871457
2024-05-10 09:10:31,2390.0,99.64367182817948
2024-05-10 09:10:32,2391.0,100.54979300986666
2024-05-10 09:10:33,2392.0,101.38975641592725
2024-05-10 09:10:34,2393.0,102.15667884851247
2024-05-10 09:10:35,2394.0,102.84367710977355
2024-05-10 09:10:36,2395.0,103.44386800186165
2024-05-10 09:10:37,2396.0,103.950368326928
2024-05-10 09:10:38,2397.0,104.35629488712381
2024-05-10 09:10:39,2398.0,104.65476448460028
2024-05-10 09:10:40,2399.0,104.83889392150857
2024-05-10 09:10:41,2400.0,104.9018
2024-05-10 09:10:42,2401.0,104.70163930666666
2024-05-10 09:10:43,2402.0,104.11935365333333
2024-05-10 09:10:44,2403.0,103.18223767999999
2024-05-10 09:10:45,2404.0,101.91758602666667
2024-05-10 09:10:46,2405.0,100.35269333333333
2024-05-10 09:10:47,2406.0,98.51485424
2024-05-10 09:10:48,2407.0,96.43136338666666
2024-05-10 09:10:49,2408.0,94.12951541333332
2024-05-10 09:10:50,2409.0,91.63660495999999
2024-05-10 09:10:51,2410.0,88.97992666666666
2024-05-10 09:10:52,2411.0,86.18677517333333
2024-05-10 09:10:53,2412.0,83.28444511999999
2024-05-10 09:10:54,2413.0,80.30023114666666
2024-05-10 09:10:55,2414.0,77.26142789333333
2024-05-10 09:10:56,2415.0,74.19532999999998
2024-05-10 09:10:57,2416.0,71.12923210666666
2024-05-10 09:10:58,2417.0,68.09042885333332
2024-05-10 09:10:59,2418.0,65.10621487999998
2024-05-10 09:11:00,2419.0,62.20388482666666
2024-05-10 09:11:01,2420.0,59.41073333333332
2024-05-10 09:11:02,2421.0,56.75405503999999
2024-05-10 09:11:03,2422.0,54.26114458666665
2024-05-10 09:11:04,2423.0,51.95929661333332
2024-05-10 09:11:05,2424.0,49.875805759999984
2024-05-10 09:11:06,2425.0,48.03796666666666
2024-05-10 09:11:07,2426.0,46.47307397333333
2024-05-10 09:11:08,2427.0,45.20842231999998
2024-05-10 09:11:09,2428.0,44.271306346666634
2024-05-10 09:11:10,2429.0,43.68902069333332
2024-05-10 09:11:11,2430.0,43.48886
2024-05-10 09:11:12,2431.0,43.515804459259265
2024-05-10 09:11:13,2432.0,43.59418834074074
2024-05-10 09:11:14,2433.0,43.7203374
2024-05-10 09:11:15,2434.0,43.89057739259259
2024-05-10 09:11:16,2435.0,44.10123407407408
2024-05-10 09:11:17,2436.0,44.3486332
2024-05-10 09:11:18,2437.0,44.62910052592593
2024-05-10 09:11:19,2438.0,44.9389618074074
2024-05-10 09:11:20,2439.0,45.2745428
2024-05-10 09:11:21,2440.0,45.63216925925926
2024-05-10 09:11:22,2441.0,46.00816694074074
2024-05-10 09:11:23,2442.0,46.3988616
2024-05-10 09:11:24,2443.0,46.80057899259259
2024-05-10 09:11:25,2444.0,47.20964487407407
2024-05-10 09:11:26,2445.0,47.622385
2024-05-10 09:11:27,2446.0,48.03512512592592
2024-05-10 09:11:28,2447.0,48.444191007407404
2024-05-10 09:11:29,2448.0,48.8459084
2024-05-10 09:11:30,2449.0,49.23660305925925
2024-05-10 09:11:31,2450.0,49.61260074074074
2024-05-10 09:11:32,2451.0,49.9702272
2024-05-10 09:11:33,2452.0,50.305808192592586
2024-05-10 09:11:34,2453.0,50.61566947407406
2024-05-10 09:11:35,2454.0,50.896136799999994
2024-05-10 09:11:36,2455.0,51.14353592592592
2024-05-10 09:11:37,2456.0,51.3541926074074
2024-05-10 09:11:38,2457.0,51.52443259999999
2024-05-10 09:11:39,2458.0,51.650581659259245
2024-05-10 09:11:40,2459.0,51.72896554074073
2024-05-10 09:11:41,2460.0,51.75590999999999
2024-05-10 09:11:42,2461.0,51.754878714922135
2024-05-10 09:11:43,2462.0,51.7517972913468
2024-05-10 09:11:44,2463.0,51.74668437676136
2024-05-10 09:11:45,2464.0,51.73955861865319
2024-05-10 09:11:46,2465.0,51.73043866450968
2024-05-10 09:11:47,2466.0,51.71934316181818
2024-05-10 09:11:48,2467.0,51.706290758066075
2024-05-10 09:11:49,2468.0,51.69130010074074
2024-05-10 09:11:50,2469.0,51.67438983732954
2024-05-10 09:11:51,2470.0,51.65557861531987
2024-05-10 09:11:52,2471.0,51.63488508219908
2024-05-10 09:11:53,2472.0,51.61232788545455
2024-05-10 09:11:54,2473.0,51.587925672573654
2024-05-10 09:11:55,2474.0,51.561697091043776
2024-05-10 09:11:56,2475.0,51.53366078835228
2024-05-10 09:11:57,2476.0,51.50383541198654
2024-05-10 09:11:58,2477.0,51.472239609433935
2024-05-10 09:11:59,2478.0,51.438892028181826
2024-05-10 09:12:00,2479.0,51.403811315717604
2024-05-10 09:12:01,2480.0,51.36701611952863
2024-05-10 09:12:02,2481.0,51.328525087102285
2024-05-10 09:12:03,2482.0,51.28835686592594
2024-05-10 09:12:04,2483.0,51.24653010348696
2024-05-10 09:12:05,2484.0,51.20306344727273
2024-05-10 09:12:06,2485.0,51.15797554477063
2024-05-10 09:12:07,2486.0,51.11128504346802
2024-05-10 09:12:08,2487.0,51.063010590852286
2024-05-10 09:12:09,2488.0,51.01317083441078
2024-05-10 09:12:10,2489.0,50.961784421630895
2024-05-10 09:12:11,2490.0,50.90887
2024-05-10 09:12:12,2491.0,50.80574255022096
2024-05-10 09:12:13,2492.0,50.60828187373736
2024-05-10 09:12:14,2493.0,50.323353849147715
2024-05-10 09:12:15,2494.0,49.9578243550505
2024-05-10 09:12:16,2495.0,49.51855927004418
2024-05-10 09:12:17,2496.0,49.01242447272727
2024-05-10 09:12:18,2497.0,48.44628584169823
2024-05-10 09:12:19,2498.0,47.827009255555545
2024-05-10 09:12:20,2499.0,47.16146059289772
2024-05-10 09:12:21,2500.0,46.45650573232322
2024-05-10 09:12:22,2501.0,45.71901055243055
2024-05-10 09:12:23,2502.0,44.95584093181817
2024-05-10 09:12:24,2503.0,44.173862749084584
2024-05-10 09:12:25,2504.0,43.37994188282827
2024-05-10 09:12:26,2505.0,42.58094421164772
2024-05-10 09:12:27,2506.0,41.783735614141406
2024-05-10 09:12:28,2507.0,40.99518196890782
2024-05-10 09:12:29,2508.0,40.22214915454544
2024-05-10 09:12:30,2509.0,39.471503049652775
2024-05-10 09:12:31,2510.0,38.750109532828276
2024-05-10 09:12:32,2511.0,38.06483448267045
2024-05-10 09:12:33,2512.0,37.422543777777776
2024-05-10 09:12:34,2513.0,36.83010329674873
2024-05-10 09:12:35,2514.0,36.29437891818181
2024-05-10 09:12:36,2515.0,35.8222365206755
2024-05-10 09:12:37,2516.0,35.42054198282828
2024-05-10 09:12:38,2517.0,35.096161183238635
2024-05-10 09:12:39,2518.0,34.85596000050505
2024-05-10 09:12:40,2519.0,34.706804313226
2024-05-10 09:12:41,2520.0,34.65556
2024-05-10 09:12:42,2521.0,34.698820448793256
2024-05-10 09:12:43,2522.0,34.82479867879561
2024-05-10 09:12:44,2523.0,35.02779001544091
2024-05-10 09:12:45,2524.0,35.302089784163
2024-05-10 09:12:46,2525.0,35.64199331039576
2024-05-10 09:12:47,2526.0,36.041795919573026
2024-05-10 09:12:48,2527.0,36.49579293712867
2024-05-10 09:12:49,2528.0,36.99827968849653
2024-05-10 09:12:50,2529.0,37.54355149911047
2024-05-10 09:12:51,2530.0,38.12590369440435
2024-05-10 09:12:52,2531.0,38.73963159981203
2024-05-10 09:12:53,2532.0,39.37903054076735
2024-05-10 09:12:54,2533.0,40.038395842704176
2024-05-10 09:12:55,2534.0,40.71202283105636
2024-05-10 09:12:56,2535.0,41.39420683125777
2024-05-10 09:12:57,2536.0,42.079243168742245
2024-05-10 09:12:58,2537.0,42.76142716894365
2024-05-10 09:12:59,2538.0,43.43505415729584
2024-05-10 09:13:00,2539.0,44.09441945923266
2024-05-10 09:13:01,2540.0,44.733818400187985
2024-05-10 09:13:02,2541.0,45.34754630559566
2024-05-10 09:13:03,2542.0,45.929898500889536
2024-05-10 09:13:04,2543.0,46.47517031150348
2024-05-10 09:13:05,2544.0,46.977657062871344
2024-05-10 09:13:06,2545.0,47.43165408042698
2024-05-10 09:13:07,2546.0,47.83145668960425
2024-05-10 09:13:08,2547.0,48.171360215837005
2024-05-10 09:13:09,2548.0,48.4456599845591
2024-05-10 09:13:10,2549.0,48.648651321204404
2024-05-10 09:13:11,2550.0,48.77462955120676
2024-05-10 09:13:12,2551.0,48.817890000000006
2024-05-10 09:13:13,2552.0,48.77504474824038
2024-05-10 09:13:14,2553.0,48.650426065618205
2024-05-10 09:13:15,2554.0,48.44990956111847
2024-05-10 09:13:16,2555.0,48.17937084372619
2024-05-10 09:13:17,2556.0,47.84468552242638
2024-05-10 09:13:18,2557.0,47.45172920620406
2024-05-10 09:13:19,2558.0,47.00637750404421
2024-05-10 09:13:20,2559.0,46.514506024931876
2024-05-10 09:13:21,2560.0,45.98199037785205
2024-05-10 09:13:22,2561.0,45.41470617178975
2024-05-10 09:13:23,2562.0,44.818529015729986
2024-05-10 09:13:24,2563.0,44.199334518657764
2024-05-10 09:13:25,2564.0,43.562998289558095
2024-05-10 09:13:26,2565.0,42.915395937416
2024-05-10 09:13:27,2566.0,42.262403071216475
2024-05-10 09:13:28,2567.0,41.60989529994455
2024-05-10 09:13:29,2568.0,40.96374823258522
2024-05-10 09:13:30,2569.0,40.329837478123494
2024-05-10 09:13:31,2570.0,39.7140386455444
2024-05-10 09:13:32,2571.0,39.12222734383293
2024-05-10 09:13:33,2572.0,38.56027918197411
2024-05-10 09:13:34,2573.0,38.03406976895294
2024-05-10 09:13:35,2574.0,37.549474713754435
2024-05-10 09:13:36,2575.0,37.11236962536361
2024-05-10 09:13:37,2576.0,36.72863011276547
2024-05-10 09:13:38,2577.0,36.40413178494503
2024-05-10 09:13:39,2578.0,36.1447502508873
2024-05-10 09:13:40,2579.0,35.95636111957728
2024-05-10 09:13:41,2580.0,35.844840000000005
2024-05-10 09:13:42,2581.0,35.77461607676435
2024-05-10 09:13:43,2582.0,35.70622699110828
2024-05-10 09:13:44,2583.0,35.63971103696034
2024-05-10 09:13:45,2584.0,35.575106508249085
2024-05-10 09:13:46,2585.0,35.512451698903085
2024-05-10 09:13:47,2586.0,35.4517849028509
2024-05-10 09:13:48,2587.0,35.39314441402109
2024-05-10 09:13:49,2588.0,35.33656852634221
2024-05-10 09:13:50,2589.0,35.282095533742826
2024-05-10 09:13:51,2590.0,35.2297637301515
2024-05-10 09:13:52,2591.0,35.1796114094968
2024-05-10 09:13:53,2592.0,35.13167686570726
2024-05-10 09:13:54,2593.0,35.08599839271147
2024-05-10 09:13:55,2594.0,35.04261428443797
2024-05-10 09:13:56,2595.0,35.00156283481533
2024-05-10 09:13:57,2596.0,34.962882337772115
2024-05-10 09:13:58,2597.0,34.92661108723687
2024-05-10 09:13:59,2598.0,34.89278737713817
2024-05-10 09:14:00,2599.0,34.86144950140457
2024-05-10 09:14:01,2600.0,34.832635753964645
2024-05-10 09:14:02,2601.0,34.806384428746924
2024-05-10 09:14:03,2602.0,34.78273381968
2024-05-10 09:14:04,2603.0,34.761722220692405
2024-05-10 09:14:05,2604.0,34.74338792571273
2024-05-10 09:14:06,2605.0,34.72776922866951
2024-05-10 09:14:07,2606.0,34.71490442349131
2024-05-10 09:14:08,2607.0,34.7048318041067
2024-05-10 09:14:09,2608.0,34.697589664444244
2024-05-10 09:14:10,2609.0,34.69321629843249
2024-05-10 09:14:11,2610.0,34.69175
2024-05-10 09:14:12,2611.0,34.69296752327031
2024-05-10 09:14:13,2612.0,34.69658381094434
2024-05-10 09:14:14,2613.0,34.70254443981674
2024-05-10 09:14:15,2614.0,34.710794986682146
2024-05-10 09:14:16,2615.0,34.72128102833523
2024-05-10 09:14:17,2616.0,34.733948141570615
2024-05-10 09:14:18,2617.0,34.74874190318297
2024-05-10 09:14:19,2618.0,34.76560788996694
2024-05-10 09:14:20,2619.0,34.78449167871715
2024-05-10 09:14:21,2620.0,34.80533884622828
2024-05-10 09:14:22,2621.0,34.828094969294966
2024-05-10 09:14:23,2622.0,34.85270562471186
2024-05-10 09:14:24,2623.0,34.87911638927359
2024-05-10 09:14:25,2624.0,34.90727283977483
2024-05-10 09:14:26,2625.0,34.937120553010224
2024-05-10 09:14:27,2626.0,34.968605105774415
2024-05-10 09:14:28,2627.0,35.00167207486205
2024-05-10 09:14:29,2628.0,35.03626703706777
2024-05-10 09:14:30,2629.0,35.07233556918625
2024-05-10 09:14:31,2630.0,35.10982324801212
2024-05-10 09:14:32,2631.0,35.148675650340024
2024-05-10 09:14:33,2632.0,35.188838352964616
2024-05-10 09:14:34,2633.0,35.230256932680554
2024-05-10 09:14:35,2634.0,35.27287696628247
2024-05-10 09:14:36,2635.0,35.31664403056502
2024-05-10 09:14:37,2636.0,35.36150370232286
2024-05-10 09:14:38,2637.0,35.40740155835062
2024-05-10 09:14:39,2638.0,35.45428317544297
2024-05-10 09:14:40,2639.0,35.50209413039454
2024-05-10 09:14:41,2640.0,35.550779999999996
2024-05-10 09:14:42,2641.0,35.61129230770312
2024-05-10 09:14:43,2642.0,35.69361160924076
2024-05-10 09:14:44,2643.0,35.79622702984711
2024-05-10 09:14:45,2644.0,35.917627694756405
2024-05-10 09:14:46,2645.0,36.056302729202834
2024-05-10 09:14:47,2646.0,36.21074125842061
2024-05-10 09:14:48,2647.0,36.37943240764396
2024-05-10 09:14:49,2648.0,36.560865302107075
2024-05-10 09:14:50,2649.0,36.75352906704418
2024-05-10 09:14:51,2650.0,36.95591282768948
2024-05-10 09:14:52,2651.0,37.166505709277175
2024-05-10 09:14:53,2652.0,37.3837968370415
2024-05-10 09:14:54,2653.0,37.60627533621664
2024-05-10 09:14:55,2654.0,37.83243033203681
2024-05-10 09:14:56,2655.0,38.06075094973623
2024-05-10 09:14:57,2656.0,38.28972631454911
2024-05-10 09:14:58,2657.0,38.51784555170965
2024-05-10 09:14:59,2658.0,38.743597786452064
2024-05-10 09:15:00,2659.0,38.96547214401057
2024-05-10 09:15:01,2660.0,39.18195774961937
2024-05-10 09:15:02,2661.0,39.39154372851268
2024-05-10 09:15:03,2662.0,39.5927192059247
2024-05-10 09:15:04,2663.0,39.78397330708967
2024-05-10 09:15:05,2664.0,39.96379515724175
2024-05-10 09:15:06,2665.0,40.130673881615195
2024-05-10 09:15:07,2666.0,40.283098605444195
2024-05-10 09:15:08,2667.0,40.41955845396296
2024-05-10 09:15:09,2668.0,40.538542552405715
2024-05-10 09:15:10,2669.0,40.63854002600665
2024-05-10 09:15:11,2670.0,40.718039999999995
2024-05-10 09:15:12,2671.0,40.78647978109339
2024-05-10 09:15:13,2672.0,40.85422774627956
2024-05-10 09:15:14,2673.0,40.92116962622029
2024-05-10 09:15:15,2674.0,40.98719115157735
2024-05-10 09:15:16,2675.0,41.05217805301254
2024-05-10 09:15:17,2676.0,41.11601606118762
2024-05-10 09:15:18,2677.0,41.178590906764406
2024-05-10 09:15:19,2678.0,41.23978832040465
2024-05-10 09:15:20,2679.0,41.29949403277016
2024-05-10 09:15:21,2680.0,41.35759377452271
2024-05-10 09:15:22,2681.0,41.413973276324086
2024-05-10 09:15:23,2682.0,41.46851826883608
2024-05-10 09:15:24,2683.0,41.521114482720456
2024-05-10 09:15:25,2684.0,41.571647648639015
2024-05-10 09:15:26,2685.0,41.62000349725354
2024-05-10 09:15:27,2686.0,41.66606775922581
2024-05-10 09:15:28,2687.0,41.7097261652176
2024-05-10 09:15:29,2688.0,41.75086444589072
2024-05-10 09:15:30,2689.0,41.78936833190693
2024-05-10 09:15:31,2690.0,41.82512355392802
2024-05-10 09:15:32,2691.0,41.858015842615785
2024-05-10 09:15:33,2692.0,41.887930928631995
2024-05-10 09:15:34,2693.0,41.914754542638434
2024-05-10 09:15:35,2694.0,41.938372415296904
2024-05-10 09:15:36,2695.0,41.95867027726918
2024-05-10 09:15:37,2696.0,41.97553385921703
2024-05-10 09:15:38,2697.0,41.988848891802256
2024-05-10 09:15:39,2698.0,41.998501105686636
2024-05-10 09:15:40,2699.0,42.00437623153196
2024-05-10 09:15:41,2700.0,42.00636
2024-05-10 09:15:42,2701.0,42.00601194248271
2024-05-10 09:15:43,2702.0,42.004976106146465
2024-05-10 09:15:44,2703.0,42.00326499531471
2024-05-10 09:15:45,2704.0,42.00089111431087
2024-05-10 09:15:46,2705.0,41.99786696745837
2024-05-10 09:15:47,2706.0,41.994205059080684
2024-05-10 09:15:48,2707.0,41.98991789350122
2024-05-10 09:15:49,2708.0,41.98501797504343
2024-05-10 09:15:50,2709.0,41.97951780803074
2024-05-10 09:15:51,2710.0,41.9734298967866
2024-05-10 09:15:52,2711.0,41.96676674563443
2024-05-10 09:15:53,2712.0,41.95954085889768
2024-05-10 09:15:54,2713.0,41.95176474089979
2024-05-10 09:15:55,2714.0,41.94345089596418
2024-05-10 09:15:56,2715.0,41.934611828414305
2024-05-10 09:15:57,2716.0,41.9252600425736
2024-05-10 09:15:58,2717.0,41.915408042765485
2024-05-10 09:15:59,2718.0,41.905068333313416
2024-05-10 09:16:00,2719.0,41.89425341854082
2024-05-10 09:16:01,2720.0,41.88297580277114
2024-05-10 09:16:02,2721.0,41.87124799032782
2024-05-10 09:16:03,2722.0,41.85908248553428
2024-05-10 09:16:04,2723.0,41.84649179271396
2024-05-10 09:16:05,2724.0,41.83348841619031
2024-05-10 09:16:06,2725.0,41.820084860286755
2024-05-10 09:16:07,2726.0,41.80629362932674
2024-05-10 09:16:08,2727.0,41.7921272276337
2024-05-10 09:16:09,2728.0,41.77759815953106
2024-05-10 09:16:10,2729.0,41.76271892934228
2024-05-10 09:16:11,2730.0,41.747502041390774
2024-05-10 09:16:12,2731.0,41.73196
2024-05-10 09:16:13,2732.0,41.71386426925019
2024-05-10 09:16:14,2733.0,41.691072941936625
2024-05-10 09:16:15,2734.0,41.6637284654553
2024-05-10 09:16:16,2735.0,41.63197328720221
2024-05-10 09:16:17,2736.0,41.59594985457334
2024-05-10 09:16:18,2737.0,41.55580061496468
2024-05-10 09:16:19,2738.0,41.51166801577223
2024-05-10 09:16:20,2739.0,41.46369450439198
2024-05-10 09:16:21,2740.0,41.412022528219914
2024-05-10 09:16:22,2741.0,41.35679453465204
2024-05-10 09:16:23,2742.0,41.29815297108433
2024-05-10 09:16:24,2743.0,41.23624028491279
2024-05-10 09:16:25,2744.0,41.17119892353342
2024-05-10 09:16:26,2745.0,41.10317133434218
2024-05-10 09:16:27,2746.0,41.03229996473508
2024-05-10 09:16:28,2747.0,40.95872726210812
2024-05-10 09:16:29,2748.0,40.88259567385728
2024-05-10 09:16:30,2749.0,40.80404764737856
2024-05-10 09:16:31,2750.0,40.723225630067944
2024-05-10 09:16:32,2751.0,40.64027206932143
2024-05-10 09:16:33,2752.0,40.55532941253501
2024-05-10 09:16:34,2753.0,40.46854010710468
2024-05-10 09:16:35,2754.0,40.38004660042642
2024-05-10 09:16:36,2755.0,40.28999133989622
2024-05-10 09:16:37,2756.0,40.19851677291009
2024-05-10 09:16:38,2757.0,40.105765346864004
2024-05-10 09:16:39,2758.0,40.011879509153964
2024-05-10 09:16:40,2759.0,39.91700170717595
2024-05-10 09:16:41,2760.0,39.82127438832597
2024-05-10 09:16:42,2761.0,39.72484000000001
2024-05-10 09:16:43,2762.0,39.617166720757304
2024-05-10 09:16:44,2763.0,39.48881371973469
2024-05-10 09:16:45,2764.0,39.341559930194514
2024-05-10 09:16:46,2765.0,39.17718428539915
2024-05-10 09:16:47,2766.0,38.997465718610975
2024-05-10 09:16:48,2767.0,38.80418316309235
2024-05-10 09:16:49,2768.0,38.59911555210563
2024-05-10 09:16:50,2769.0,38.38404181891319
2024-05-10 09:16:51,2770.0,38.16074089677739
2024-05-10 09:16:52,2771.0,37.93099171896061
2024-05-10 09:16:53,2772.0,37.69657321872519
2024-05-10 09:16:54,2773.0,37.45926432933352
2024-05-10 09:16:55,2774.0,37.22084398404796
2024-05-10 09:16:56,2775.0,36.98309111613087
2024-05-10 09:16:57,2776.0,36.74778465884462
2024-05-10 09:16:58,2777.0,36.51670354545158
2024-05-10 09:16:59,2778.0,36.2916267092141
2024-05-10 09:17:00,2779.0,36.074333083394556
2024-05-10 09:17:01,2780.0,35.86660160125532
2024-05-10 09:17:02,2781.0,35.670211196058744
2024-05-10 09:17:03,2782.0,35.48694080106721
2024-05-10 09:17:04,2783.0,35.31856934954307
2024-05-10 09:17:05,2784.0,35.1668757747487
2024-05-10 09:17:06,2785.0,35.033639009946455
2024-05-10 09:17:07,2786.0,34.92063798839871
2024-05-10 09:17:08,2787.0,34.829651643367825
2024-05-10 09:17:09,2788.0,34.762458908116166
2024-05-10 09:17:10,2789.0,34.72083871590611
2024-05-10 09:17:11,2790.0,34.706570000000006
2024-05-10 09:17:12,2791.0,34.73197809249846
2024-05-10 09:17:13,2792.0,34.80594540551125
2024-05-10 09:17:14,2793.0,34.92508649231459
2024-05-10 09:17:15,2794.0,35.08601590618464
2024-05-10 09:17:16,2795.0,35.2853482003976
2024-05-10 09:17:17,2796.0,35.51969792822964
2024-05-10 09:17:18,2797.0,35.78567964295694
2024-05-10 09:17:19,2798.0,36.0799078978557
2024-05-10 09:17:20,2799.0,36.39899724620209
2024-05-10 09:17:21,2800.0,36.739562241272296
2024-05-10 09:17:22,2801.0,37.0982174363425
2024-05-10 09:17:23,2802.0,37.4715773846889
2024-05-10 09:17:24,2803.0,37.85625663958765
2024-05-10 09:17:25,2804.0,38.24886975431496
2024-05-10 09:17:26,2805.0,38.646031282147
2024-05-10 09:17:27,2806.0,39.04435577635996
2024-05-10 09:17:28,2807.0,39.440457790230006
2024-05-10 09:17:29,2808.0,39.830951877033336
2024-05-10 09:17:30,2809.0,40.21245259004614
2024-05-10 09:17:31,2810.0,40.581574482544596
2024-05-10 09:17:32,2811.0,40.93493210780487
2024-05-10 09:17:33,2812.0,41.26914001910316
2024-05-10 09:17:34,2813.0,41.58081276971565
2024-05-10 09:17:35,2814.0,41.86656491291853
2024-05-10 09:17:36,2815.0,42.12301100198796
2024-05-10 09:17:37,2816.0,42.34676559020014
2024-05-10 09:17:38,2817.0,42.53444323083125
2024-05-10 09:17:39,2818.0,42.682658477157474
2024-05-10 09:17:40,2819.0,42.788025882455
2024-05-10 09:17:41,2820.0,42.84716
2024-05-10 09:17:42,2821.0,42.88158469532277
2024-05-10 09:17:43,2822.0,42.915070145064746
2024-05-10 09:17:44,2823.0,42.94760036916875
2024-05-10 09:17:45,2824.0,42.97915938757764
2024-05-10 09:17:46,2825.0,43.00973122023427
2024-05-10 09:17:47,2826.0,43.039299887081484
2024-05-10 09:17:48,2827.0,43.06784940806213
2024-05-10 09:17:49,2828.0,43.09536380311907
2024-05-10 09:17:50,2829.0,43.12182709219514
2024-05-10 09:17:51,2830.0,43.14722329523319
2024-05-10 09:17:52,2831.0,43.17153643217609
2024-05-10 09:17:53,2832.0,43.19475052296666
2024-05-10 09:17:54,2833.0,43.21684958754778
2024-05-10 09:17:55,2834.0,43.23781764586227
2024-05-10 09:17:56,2835.0,43.25763871785301
2024-05-10 09:17:57,2836.0,43.27629682346283
2024-05-10 09:17:58,2837.0,43.29377598263458
2024-05-10 09:17:59,2838.0,43.31006021531111
2024-05-10 09:18:00,2839.0,43.32513354143528
2024-05-10 09:18:01,2840.0,43.33897998094993
2024-05-10 09:18:02,2841.0,43.35158355379792
2024-05-10 09:18:03,2842.0,43.36292827992209
2024-05-10 09:18:04,2843.0,43.37299817926529
2024-05-10 09:18:05,2844.0,43.38177727177038
2024-05-10 09:18:06,2845.0,43.38924957738019
2024-05-10 09:18:07,2846.0,43.395399116037595
2024-05-10 09:18:08,2847.0,43.40020990768542
2024-05-10 09:18:09,2848.0,43.40366597226653
2024-05-10 09:18:10,2849.0,43.405751329723785
2024-05-10 09:18:11,2850.0,43.40645000000001
2024-05-10 09:18:12,2851.0,43.36487455734506
2024-05-10 09:18:13,2852.0,43.24391492032112
2024-05-10 09:18:14,2853.0,43.04922112533956
2024-05-10 09:18:15,2854.0,42.78644320881175
2024-05-10 09:18:16,2855.0,42.461231207149055
2024-05-10 09:18:17,2856.0,42.079235156762856
2024-05-10 09:18:18,2857.0,41.64610509406451
2024-05-10 09:18:19,2858.0,41.16749105546539
2024-05-10 09:18:20,2859.0,40.64904307737687
2024-05-10 09:18:21,2860.0,40.096411196210305
2024-05-10 09:18:22,2861.0,39.51524544837707
2024-05-10 09:18:23,2862.0,38.91119587028855
2024-05-10 09:18:24,2863.0,38.289912498356095
2024-05-10 09:18:25,2864.0,37.657045368991085
2024-05-10 09:18:26,2865.0,37.01824451860488
2024-05-10 09:18:27,2866.0,36.37915998360886
2024-05-10 09:18:28,2867.0,35.745441800414376
2024-05-10 09:18:29,2868.0,35.12274000543282
2024-05-10 09:18:30,2869.0,34.51670463507555
2024-05-10 09:18:31,2870.0,33.93298572575393
2024-05-10 09:18:32,2871.0,33.37723331387934
2024-05-10 09:18:33,2872.0,32.85509743586314
2024-05-10 09:18:34,2873.0,32.3722281281167
2024-05-10 09:18:35,2874.0,31.934275427051396
2024-05-10 09:18:36,2875.0,31.546889369078592
2024-05-10 09:18:37,2876.0,31.215719990609653
2024-05-10 09:18:38,2877.0,30.94641732805596
2024-05-10 09:18:39,2878.0,30.74463141782887
2024-05-10 09:18:40,2879.0,30.61601229633976
2024-05-10 09:18:41,2880.0,30.566209999999998
2024-05-10 09:18:42,2881.0,30.557837125882457
2024-05-10 09:18:43,2882.0,30.5497399599489
2024-05-10 09:18:44,2883.0,30.541919071944037
2024-05-10 09:18:45,2884.0,30.534375031612566
2024-05-10 09:18:46,2885.0,30.52710840869919
2024-05-10 09:18:47,2886.0,30.520119772948604
2024-05-10 09:18:48,2887.0,30.513409694105523
2024-05-10 09:18:49,2888.0,30.50697874191464
2024-05-10 09:18:50,2889.0,30.50082748612066
2024-05-10 09:18:51,2890.0,30.49495649646829
2024-05-10 09:18:52,2891.0,30.48936634270223
2024-05-10 09:18:53,2892.0,30.48405759456718
2024-05-10 09:18:54,2893.0,30.47903082180784
2024-05-10 09:18:55,2894.0,30.47428659416892
2024-05-10 09:18:56,2895.0,30.46982548139512
2024-05-10 09:18:57,2896.0,30.46564805323114
2024-05-10 09:18:58,2897.0,30.46175487942168
2024-05-10 09:18:59,2898.0,30.458146529711453
2024-05-10 09:19:00,2899.0,30.454823573845147
2024-05-10 09:19:01,2900.0,30.451786581567475
2024-05-10 09:19:02,2901.0,30.449036122623138
2024-05-10 09:19:03,2902.0,30.446572766756834
2024-05-10 09:19:04,2903.0,30.44439708371327
2024-05-10 09:19:05,2904.0,30.44250964323715
2024-05-10 09:19:06,2905.0,30.440911015073166
2024-05-10 09:19:07,2906.0,30.439601768966032
2024-05-10 09:19:08,2907.0,30.438582474660443
2024-05-10 09:19:09,2908.0,30.43785370190111
2024-05-10 09:19:10,2909.0,30.437416020432725
2024-05-10 09:19:11,2910.0,30.437269999999994
2024-05-10 09:19:12,2911.0,30.43779618307639
2024-05-10 09:19:13,2912.0,30.439345634256725
2024-05-10 09:19:14,2913.0,30.441874706467722
2024-05-10 09:19:15,2914.0,30.445339752636105
2024-05-10 09:19:16,2915.0,30.449697125688594
2024-05-10 09:19:17,2916.0,30.45490317855192
2024-05-10 09:19:18,2917.0,30.460914264152795
2024-05-10 09:19:19,2918.0,30.467686735417942
2024-05-10 09:19:20,2919.0,30.475176945274093
2024-05-10 09:19:21,2920.0,30.483341246647967
2024-05-10 09:19:22,2921.0,30.492135992466284
2024-05-10 09:19:23,2922.0,30.50151753565577
2024-05-10 09:19:24,2923.0,30.51144222914314
2024-05-10 09:19:25,2924.0,30.521866425855126
2024-05-10 09:19:26,2925.0,30.532746478718447
2024-05-10 09:19:27,2926.0,30.544038740659825
2024-05-10 09:19:28,2927.0,30.555699564605987
2024-05-10 09:19:29,2928.0,30.56768530348365
2024-05-10 09:19:30,2929.0,30.579952310219543
2024-05-10 09:19:31,2930.0,30.592456937740383
2024-05-10 09:19:32,2931.0,30.60515553897289
2024-05-10 09:19:33,2932.0,30.6180044668438
2024-05-10 09:19:34,2933.0,30.630960074279823
2024-05-10 09:19:35,2934.0,30.643978714207687
2024-05-10 09:19:36,2935.0,30.657016739554116
2024-05-10 09:19:37,2936.0,30.67003050324583
2024-05-10 09:19:38,2937.0,30.68297635820955
2024-05-10 09:19:39,2938.0,30.695810657372004
2024-05-10 09:19:40,2939.0,30.708489753659908
2024-05-10 09:19:41,2940.0,30.72096999999999
2024-05-10 09:19:42,2941.0,30.734251025757253
2024-05-10 09:19:43,2942.0,30.74926360586899
2024-05-10 09:19:44,2943.0,30.76586081162032
2024-05-10 09:19:45,2944.0,30.783895714296403
2024-05-10 09:19:46,2945.0,30.803221385182365
2024-05-10 09:19:47,2946.0,30.82369089556335
2024-05-10 09:19:48,2947.0,30.845157316724485
2024-05-10 09:19:49,2948.0,30.867473719950926
2024-05-10 09:19:50,2949.0,30.8904931765278
2024-05-10 09:19:51,2950.0,30.91406875774025
2024-05-10 09:19:52,2951.0,30.938053534873415
2024-05-10 09:19:53,2952.0,30.96230057921243
2024-05-10 09:19:54,2953.0,30.986662962042438
2024-05-10 09:19:55,2954.0,31.010993754648574
2024-05-10 09:19:56,2955.0,31.035146028315978
2024-05-10 09:19:57,2956.0,31.058972854329788
2024-05-10 09:19:58,2957.0,31.082327303975145
2024-05-10 09:19:59,2958.0,31.105062448537186
2024-05-10 09:20:00,2959.0,31.127031359301046
2024-05-10 09:20:01,2960.0,31.148087107551873
2024-05-10 09:20:02,2961.0,31.168082764574795
2024-05-10 09:20:03,2962.0,31.186871401654955
2024-05-10 09:20:04,2963.0,31.2043060900775
2024-05-10 09:20:05,2964.0,31.22023990112755
2024-05-10 09:20:06,2965.0,31.23452590609026
2024-05-10 09:20:07,2966.0,31.247017176250758
2024-05-10 09:20:08,2967.0,31.257566782894195
2024-05-10 09:20:09,2968.0,31.266027797305693
2024-05-10 09:20:10,2969.0,31.2722532907704
2024-05-10 09:20:11,2970.0,31.276096334573463
2024-05-10 09:20:12,2971.0,31.277410000000007
2024-05-10 09:20:13,2972.0,31.275596454573062
2024-05-10 09:20:14,2973.0,31.27029273551731
2024-05-10 09:20:15,2974.0,31.26170421867037
2024-05-10 09:20:16,2975.0,31.25003627986987
2024-05-10 09:20:17,2976.0,31.23549429495344
2024-05-10 09:20:18,2977.0,31.218283639758692
2024-05-10 09:20:19,2978.0,31.19860969012326
2024-05-10 09:20:20,2979.0,31.17667782188476
2024-05-10 09:20:21,2980.0,31.15269341088082
2024-05-10 09:20:22,2981.0,31.126861832949057
2024-05-10 09:20:23,2982.0,31.099388463927106
2024-05-10 09:20:24,2983.0,31.07047867965258
2024-05-10 09:20:25,2984.0,31.040337855963113
2024-05-10 09:20:26,2985.0,31.00917136869632
2024-05-10 09:20:27,2986.0,30.97718459368983
2024-05-10 09:20:28,2987.0,30.944582906781267
2024-05-10 09:20:29,2988.0,30.91157168380826
2024-05-10 09:20:30,2989.0,30.878356300608413
2024-05-10 09:20:31,2990.0,30.845142133019372
2024-05-10 09:20:32,2991.0,30.812134556878746
2024-05-10 09:20:33,2992.0,30.77953894802417
2024-05-10 09:20:34,2993.0,30.74756068229326
2024-05-10 09:20:35,2994.0,30.716405135523644
2024-05-10 09:20:36,2995.0,30.68627768355294
2024-05-10 09:20:37,2996.0,30.657383702218777
2024-05-10 09:20:38,2997.0,30.62992856735878
2024-05-10 09:20:39,2998.0,30.60411765481057
2024-05-10 09:20:40,2999.0,30.58015634041177
2024-05-10 09:20:41,3000.0,30.558250000000005
2024-05-10 09:20:42,3001.0,30.53706823923067
2024-05-10 09:20:43,3002.0,30.515205901918062
2024-05-10 09:20:44,3003.0,30.492756221138144
2024-05-10 09:20:45,3004.0,30.46981242996689
2024-05-10 09:20:46,3005.0,30.446467761480257
2024-05-10 09:20:47,3006.0,30.422815448754218
2024-05-10 09:20:48,3007.0,30.398948724864738
2024-05-10 09:20:49,3008.0,30.374960822887786
2024-05-10 09:20:50,3009.0,30.350944975899324
2024-05-10 09:20:51,3010.0,30.326994416975335
2024-05-10 09:20:52,3011.0,30.303202379191763
2024-05-10 09:20:53,3012.0,30.279662095624595
2024-05-10 09:20:54,3013.0,30.256466799349784
2024-05-10 09:20:55,3014.0,30.233709723443308
2024-05-10 09:20:56,3015.0,30.21148410098113
2024-05-10 09:20:57,3016.0,30.189883165039216
2024-05-10 09:20:58,3017.0,30.169000148693538
2024-05-10 09:20:59,3018.0,30.14892828502005
2024-05-10 09:21:00,3019.0,30.129760807094737
2024-05-10 09:21:01,3020.0,30.11159094799355
2024-05-10 09:21:02,3021.0,30.094511940792476
2024-05-10 09:21:03,3022.0,30.07861701856746
2024-05-10 09:21:04,3023.0,30.063999414394488
2024-05-10 09:21:05,3024.0,30.050752361349506
2024-05-10 09:21:06,3025.0,30.038969092508502
2024-05-10 09:21:07,3026.0,30.028742840947434
2024-05-10 09:21:08,3027.0,30.02016683974227
2024-05-10 09:21:09,3028.0,30.01333432196898
2024-05-10 09:21:10,3029.0,30.00833852070352
2024-05-10 09:21:11,3030.0,30.005272669021874
2024-05-10 09:21:12,3031.0,30.00423
2024-05-10 09:21:13,3032.0,30.00722394194104
2024-05-10 09:21:14,3033.0,30.015923984993236
2024-05-10 09:21:15,3034.0,30.029907455000206
2024-05-10 09:21:16,3035.0,30.048751677805566
2024-05-10 09:21:17,3036.0,30.072033979252943
2024-05-10 09:21:18,3037.0,30.099331685185945
2024-05-10 09:21:19,3038.0,30.130222121448192
2024-05-10 09:21:20,3039.0,30.16428261388331
2024-05-10 09:21:21,3040.0,30.201090488334906
2024-05-10 09:21:22,3041.0,30.240223070646604
2024-05-10 09:21:23,3042.0,30.281257686662016
2024-05-10 09:21:24,3043.0,30.32377166222477
2024-05-10 09:21:25,3044.0,30.36734232317848
2024-05-10 09:21:26,3045.0,30.411546995366763
2024-05-10 09:21:27,3046.0,30.455963004633237
2024-05-10 09:21:28,3047.0,30.500167676821516
2024-05-10 09:21:29,3048.0,30.543738337775224
2024-05-10 09:21:30,3049.0,30.58625231333798
2024-05-10 09:21:31,3050.0,30.627286929353396
2024-05-10 09:21:32,3051.0,30.66641951166509
2024-05-10 09:21:33,3052.0,30.70322738611669
2024-05-10 09:21:34,3053.0,30.737287878551804
2024-05-10 09:21:35,3054.0,30.76817831481405
2024-05-10 09:21:36,3055.0,30.795476020747056
2024-05-10 09:21:37,3056.0,30.818758322194427
2024-05-10 09:21:38,3057.0,30.837602544999793
2024-05-10 09:21:39,3058.0,30.85158601500676
2024-05-10 09:21:40,3059.0,30.860286058058954
2024-05-10 09:21:41,3060.0,30.863279999999996
2024-05-10 09:21:42,3061.0,30.85106319524423
2024-05-10 09:21:43,3062.0,30.81528852262906
2024-05-10 09:21:44,3063.0,30.7572695946327
2024-05-10 09:21:45,3064.0,30.678320023733345
2024-05-10 09:21:46,3065.0,30.57975342240921
2024-05-10 09:21:47,3066.0,30.462883403138495
2024-05-10 09:21:48,3067.0,30.329023578399404
2024-05-10 09:21:49,3068.0,30.179487560670143
2024-05-10 09:21:50,3069.0,30.015588962428918
2024-05-10 09:21:51,3070.0,29.83864139615393
2024-05-10 09:21:52,3071.0,29.649958474323387
2024-05-10 09:21:53,3072.0,29.45085380941549
2024-05-10 09:21:54,3073.0,29.242641013908454
2024-05-10 09:21:55,3074.0,29.026633700280474
2024-05-10 09:21:56,3075.0,28.80414548100976
2024-05-10 09:21:57,3076.0,28.57648996857451
2024-05-10 09:21:58,3077.0,28.344980775452935
2024-05-10 09:21:59,3078.0,28.11093151412324
2024-05-10 09:22:00,3079.0,27.875655797063633
2024-05-10 09:22:01,3080.0,27.640467236752308
2024-05-10 09:22:02,3081.0,27.40667944566748
2024-05-10 09:22:03,3082.0,27.17560603628735
2024-05-10 09:22:04,3083.0,26.948560621090117
2024-05-10 09:22:05,3084.0,26.726856812553997
2024-05-10 09:22:06,3085.0,26.51180822315719
2024-05-10 09:22:07,3086.0,26.304728465377895
2024-05-10 09:22:08,3087.0,26.10693115169433
2024-05-10 09:22:09,3088.0,25.919729894584687
2024-05-10 09:22:10,3089.0,25.744438306527172
2024-05-10 09:22:11,3090.0,25.582370000000004
2024-05-10 09:22:12,3091.0,25.431839673656707
2024-05-10 09:22:13,3092.0,25.289759617738433
2024-05-10 09:22:14,3093.0,25.155339832104808
2024-05-10 09:22:15,3094.0,25.027790316615455
2024-05-10 09:22:16,3095.0,24.90632107112999
2024-05-10 09:22:17,3096.0,24.79014209550805
2024-05-10 09:22:18,3097.0,24.67846338960925
2024-05-10 09:22:19,3098.0,24.570494953293203
2024-05-10 09:22:20,3099.0,24.46544678641955
2024-05-10 09:22:21,3100.0,24.362528888847905
2024-05-10 09:22:22,3101.0,24.26095126043789
2024-05-10 09:22:23,3102.0,24.159923901049133
2024-05-10 09:22:24,3103.0,24.05865681054125
2024-05-10 09:22:25,3104.0,23.956359988773876
2024-05-10 09:22:26,3105.0,23.852243435606624
2024-05-10 09:22:27,3106.0,23.74551715089912
2024-05-10 09:22:28,3107.0,23.635391134510986
2024-05-10 09:22:29,3108.0,23.521075386301845
2024-05-10 09:22:30,3109.0,23.401779906131324
2024-05-10 09:22:31,3110.0,23.27671469385904
2024-05-10 09:22:32,3111.0,23.14508974934462
2024-05-10 09:22:33,3112.0,23.006115072447688
2024-05-10 09:22:34,3113.0,22.859000663027867
2024-05-10 09:22:35,3114.0,22.702956520944777
2024-05-10 09:22:36,3115.0,22.537192646058045
2024-05-10 09:22:37,3116.0,22.36091903822729
2024-05-10 09:22:38,3117.0,22.173345697312133
2024-05-10 09:22:39,3118.0,21.973682623172206
2024-05-10 09:22:40,3119.0,21.76113981566713
2024-05-10 09:22:41,3120.0,21.534927274656518
2024-05-10 09:22:42,3121.0,21.294255000000003
2024-05-10 09:22:43,3122.0,20.979303027033673
2024-05-10 09:22:44,3123.0,20.535813471270245
2024-05-10 09:22:45,3124.0,19.971339452834275
2024-05-10 09:22:46,3125.0,19.293434091850337
2024-05-10 09:22:47,3126.0,18.509650508442988
2024-05-10 09:22:48,3127.0,17.627541822736795
2024-05-10 09:22:49,3128.0,16.654661154856328
2024-05-10 09:22:50,3129.0,15.598561624926132
2024-05-10 09:22:51,3130.0,14.466796353070784
2024-05-10 09:22:52,3131.0,13.26691845941485
2024-05-10 09:22:53,3132.0,12.006481064082886
2024-05-10 09:22:54,3133.0,10.693037287199456
2024-05-10 09:22:55,3134.0,9.334140248889128
2024-05-10 09:22:56,3135.0,7.937343069276462
2024-05-10 09:22:57,3136.0,6.510198868486028
2024-05-10 09:22:58,3137.0,5.060260766642381
2024-05-10 09:22:59,3138.0,3.5950818838700904
2024-05-10 09:23:00,3139.0,2.1222153402937174
2024-05-10 09:23:01,3140.0,0.6492142560378262
2024-05-10 09:23:02,3141.0,-0.8163682487730224
2024-05-10 09:23:03,3142.0,-2.266979054014259
2024-05-10 09:23:04,3143.0,-3.6950650395613245
2024-05-10 09:23:05,3144.0,-5.093073085289653
2024-05-10 09:23:06,3145.0,-6.453450071074684
2024-05-10 09:23:07,3146.0,-7.768642876791848
2024-05-10 09:23:08,3147.0,-9.031098382316586
2024-05-10 09:23:09,3148.0,-10.233263467524335
2024-05-10 09:23:10,3149.0,-11.367585012290526
2024-05-10 09:23:11,3150.0,-12.426509896490604
2024-05-10 09:23:12,3151.0,-13.402484999999999
2024-05-10 09:23:13,3152.0,-14.314810648329132
2024-05-10 09:23:14,3153.0,-15.189837124024779
2024-05-10 09:23:15,3154.0,-16.030586242516915
2024-05-10 09:23:16,3155.0,-16.840079819235516
2024-05-10 09:23:17,3156.0,-17.62133966961055
2024-05-10 09:23:18,3157.0,-18.377387609071988
2024-05-10 09:23:19,3158.0,-19.111245453049815
2024-05-10 09:23:20,3159.0,-19.825935016973993
2024-05-10 09:23:21,3160.0,-20.5244781162745
2024-05-10 09:23:22,3161.0,-21.209896566381317
2024-05-10 09:23:23,3162.0,-21.885212182724402
2024-05-10 09:23:24,3163.0,-22.553446780733736
2024-05-10 09:23:25,3164.0,-23.217622175839296
2024-05-10 09:23:26,3165.0,-23.880760183471047
2024-05-10 09:23:27,3166.0,-24.54588261905897
2024-05-10 09:23:28,3167.0,-25.216011298033035
2024-05-10 09:23:29,3168.0,-25.894168035823217
2024-05-10 09:23:30,3169.0,-26.58337464785949
2024-05-10 09:23:31,3170.0,-27.286652949571817
2024-05-10 09:23:32,3171.0,-28.007024756390194
2024-05-10 09:23:33,3172.0,-28.747511883744572
2024-05-10 09:23:34,3173.0,-29.511136147064928
2024-05-10 09:23:35,3174.0,-30.300919361781244
2024-05-10 09:23:36,3175.0,-31.11988334332349
2024-05-10 09:23:37,3176.0,-31.97104990712164
2024-05-10 09:23:38,3177.0,-32.857440868605664
2024-05-10 09:23:39,3178.0,-33.78207804320553
2024-05-10 09:23:40,3179.0,-34.74798324635124
2024-05-10 09:23:41,3180.0,-35.75817829347273
2024-05-10 09:23:42,3181.0,-36.815684999999995
2024-05-10 09:23:43,3182.0,-37.97207687683731
2024-05-10 09:23:44,3183.0,-39.26981140526765
2024-05-10 09:23:45,3184.0,-40.69823635628902
2024-05-10 09:23:46,3185.0,-42.24669950089943
2024-05-10 09:23:47,3186.0,-43.904548610096896
2024-05-10 09:23:48,3187.0,-45.66113145487942
2024-05-10 09:23:49,3188.0,-47.505795806245
2024-05-10 09:23:50,3189.0,-49.42788943519166
2024-05-10 09:23:51,3190.0,-51.416760112717405
2024-05-10 09:23:52,3191.0,-53.46175560982025
2024-05-10 09:23:53,3192.0,-55.55222369749819
2024-05-10 09:23:54,3193.0,-57.67751214674924
2024-05-10 09:23:55,3194.0,-59.82696872857141
2024-05-10 09:23:56,3195.0,-61.98994121396271
2024-05-10 09:23:57,3196.0,-64.15577737392114
2024-05-10 09:23:58,3197.0,-66.31382497944473
2024-05-10 09:23:59,3198.0,-68.45343180153145
2024-05-10 09:24:00,3199.0,-70.56394561117938
2024-05-10 09:24:01,3200.0,-72.63471417938644
2024-05-10 09:24:02,3201.0,-74.65508527715068
2024-05-10 09:24:03,3202.0,-76.61440667547012
2024-05-10 09:24:04,3203.0,-78.50202614534277
2024-05-10 09:24:05,3204.0,-80.30729145776661
2024-05-10 09:24:06,3205.0,-82.01955038373967
2024-05-10 09:24:07,3206.0,-83.62815069425996
2024-05-10 09:24:08,3207.0,-85.12244016032547
2024-05-10 09:24:09,3208.0,-86.49176655293422
2024-05-10 09:24:10,3209.0,-87.72547764308422
2024-05-10 09:24:11,3210.0,-88.81292120177352
2024-05-10 09:24:12,3211.0,-89.74344500000004
2024-05-10 09:24:13,3212.0,-90.59095013352268
2024-05-10 09:24:14,3213.0,-91.4352451982127
2024-05-10 09:24:15,3214.0,-92.27453921523667
2024-05-10 09:24:16,3215.0,-93.1070412057613
2024-05-10 09:24:17,3216.0,-93.93096019095319
2024-05-10 09:24:18,3217.0,-94.74450519197894
2024-05-10 09:24:19,3218.0,-95.54588523000521
2024-05-10 09:24:20,3219.0,-96.33330932619863
2024-05-10 09:24:21,3220.0,-97.10498650172582
2024-05-10 09:24:22,3221.0,-97.8591257777534
2024-05-10 09:24:23,3222.0,-98.59393617544801
2024-05-10 09:24:24,3223.0,-99.3076267159763
2024-05-10 09:24:25,3224.0,-99.99840642050488
2024-05-10 09:24:26,3225.0,-100.6644843102004
2024-05-10 09:24:27,3226.0,-101.30406940622944
2024-05-10 09:24:28,3227.0,-101.91537072975868
2024-05-10 09:24:29,3228.0,-102.49659730195472
2024-05-10 09:24:30,3229.0,-103.04595814398424
2024-05-10 09:24:31,3230.0,-103.56166227701381
2024-05-10 09:24:32,3231.0,-104.04191872221006
2024-05-10 09:24:33,3232.0,-104.48493650073966
2024-05-10 09:24:34,3233.0,-104.88892463376925
2024-05-10 09:24:35,3234.0,-105.2520921424654
2024-05-10 09:24:36,3235.0,-105.57264804799478
2024-05-10 09:24:37,3236.0,-105.84880137152402
2024-05-10 09:24:38,3237.0,-106.07876113421973
2024-05-10 09:24:39,3238.0,-106.26073635724858
2024-05-10 09:24:40,3239.0,-106.39293606177715
2024-05-10 09:24:41,3240.0,-106.4735692689721
2024-05-10 09:24:42,3241.0,-106.50084500000006
2024-05-10 09:24:43,3242.0,-106.50067433130766
2024-05-10 09:24:44,3243.0,-106.50016593317277
2024-05-10 09:24:45,3244.0,-106.4993252175087
2024-05-10 09:24:46,3245.0,-106.49815759622882
2024-05-10 09:24:47,3246.0,-106.49666848124654
2024-05-10 09:24:48,3247.0,-106.4948632844752
2024-05-10 09:24:49,3248.0,-106.49274741782817
2024-05-10 09:24:50,3249.0,-106.49032629321881
2024-05-10 09:24:51,3250.0,-106.48760532256048
2024-05-10 09:24:52,3251.0,-106.48458991776658
2024-05-10 09:24:53,3252.0,-106.48128549075047
2024-05-10 09:24:54,3253.0,-106.47769745342548
2024-05-10 09:24:55,3254.0,-106.47383121770501
2024-05-10 09:24:56,3255.0,-106.46969219550242
2024-05-10 09:24:57,3256.0,-106.46528579873107
2024-05-10 09:24:58,3257.0,-106.46061743930436
2024-05-10 09:24:59,3258.0,-106.45569252913559
2024-05-10 09:25:00,3259.0,-106.45051648013819
2024-05-10 09:25:01,3260.0,-106.44509470422551
2024-05-10 09:25:02,3261.0,-106.4394326133109
2024-05-10 09:25:03,3262.0,-106.43353561930773
2024-05-10 09:25:04,3263.0,-106.42740913412938
2024-05-10 09:25:05,3264.0,-106.42105856968922
2024-05-10 09:25:06,3265.0,-106.4144893379006
2024-05-10 09:25:07,3266.0,-106.40770685067692
2024-05-10 09:25:08,3267.0,-106.40071651993149
2024-05-10 09:25:09,3268.0,-106.39352375757774
2024-05-10 09:25:10,3269.0,-106.38613397552899
2024-05-10 09:25:11,3270.0,-106.37855258569861
2024-05-10 09:25:12,3271.0,-106.37078500000001
2024-05-10 09:25:13,3272.0,-106.35944882585422
2024-05-10 09:25:14,3273.0,-106.34148085590874
2024-05-10 09:25:15,3274.0,-106.31736527991657
2024-05-10 09:25:16,3275.0,-106.28758628763075
2024-05-10 09:25:17,3276.0,-106.25262806880428
2024-05-10 09:25:18,3277.0,-106.21297481319019
2024-05-10 09:25:19,3278.0,-106.16911071054146
2024-05-10 09:25:20,3279.0,-106.12151995061113
2024-05-10 09:25:21,3280.0,-106.07068672315222
2024-05-10 09:25:22,3281.0,-106.01709521791774
2024-05-10 09:25:23,3282.0,-105.9612296246607
2024-05-10 09:25:24,3283.0,-105.90357413313413
2024-05-10 09:25:25,3284.0,-105.84461293309099
2024-05-10 09:25:26,3285.0,-105.78483021428436
2024-05-10 09:25:27,3286.0,-105.72471016646722
2024-05-10 09:25:28,3287.0,-105.6647369793926
2024-05-10 09:25:29,3288.0,-105.60539484281351
2024-05-10 09:25:30,3289.0,-105.54716794648296
2024-05-10 09:25:31,3290.0,-105.49054048015397
2024-05-10 09:25:32,3291.0,-105.43599663357955
2024-05-10 09:25:33,3292.0,-105.38402059651273
2024-05-10 09:25:34,3293.0,-105.33509655870648
2024-05-10 09:25:35,3294.0,-105.28970870991387
2024-05-10 09:25:36,3295.0,-105.24834123988788
2024-05-10 09:25:37,3296.0,-105.21147833838154
2024-05-10 09:25:38,3297.0,-105.17960419514786
2024-05-10 09:25:39,3298.0,-105.15320299993985
2024-05-10 09:25:40,3299.0,-105.13275894251053
2024-05-10 09:25:41,3300.0,-105.11875621261291
2024-05-10 09:25:42,3301.0,-105.11167900000001
2024-05-10 09:25:43,3302.0,-105.10827625104247
2024-05-10 09:25:44,3303.0,-105.10497477735382
2024-05-10 09:25:45,3304.0,-105.10177556655155
2024-05-10 09:25:46,3305.0,-105.09867960625301
2024-05-10 09:25:47,3306.0,-105.0956878840757
2024-05-10 09:25:48,3307.0,-105.09280138763698
2024-05-10 09:25:49,3308.0,-105.09002110455434
2024-05-10 09:25:50,3309.0,-105.08734802244514
2024-05-10 09:25:51,3310.0,-105.08478312892687
2024-05-10 09:25:52,3311.0,-105.08232741161689
2024-05-10 09:25:53,3312.0,-105.07998185813267
2024-05-10 09:25:54,3313.0,-105.07774745609161
2024-05-10 09:25:55,3314.0,-105.07562519311116
2024-05-10 09:25:56,3315.0,-105.07361605680873
2024-05-10 09:25:57,3316.0,-105.07172103480175
2024-05-10 09:25:58,3317.0,-105.06994111470765
2024-05-10 09:25:59,3318.0,-105.06827728414383
2024-05-10 09:26:00,3319.0,-105.06673053072774
2024-05-10 09:26:01,3320.0,-105.06530184207682
2024-05-10 09:26:02,3321.0,-105.06399220580845
2024-05-10 09:26:03,3322.0,-105.06280260954009
2024-05-10 09:26:04,3323.0,-105.06173404088914
2024-05-10 09:26:05,3324.0,-105.06078748747308
2024-05-10 09:26:06,3325.0,-105.05996393690926
2024-05-10 09:26:07,3326.0,-105.05926437681515
2024-05-10 09:26:08,3327.0,-105.05868979480816
2024-05-10 09:26:09,3328.0,-105.05824117850574
2024-05-10 09:26:10,3329.0,-105.05791951552527
2024-05-10 09:26:11,3330.0,-105.05772579348424
2024-05-10 09:26:12,3331.0,-105.05766100000001
2024-05-10 09:26:13,3332.0,-105.05968349422224
2024-05-10 09:26:14,3333.0,-105.06556711377779
2024-05-10 09:26:15,3334.0,-105.07503606400002
2024-05-10 09:26:16,3335.0,-105.08781455022223
2024-05-10 09:26:17,3336.0,-105.10362677777779
2024-05-10 09:26:18,3337.0,-105.12219695200001
2024-05-10 09:26:19,3338.0,-105.14324927822223
2024-05-10 09:26:20,3339.0,-105.1665079617778
2024-05-10 09:26:21,3340.0,-105.19169720800001
2024-05-10 09:26:22,3341.0,-105.21854122222223
2024-05-10 09:26:23,3342.0,-105.2467642097778
2024-05-10 09:26:24,3343.0,-105.27609037600001
2024-05-10 09:26:25,3344.0,-105.30624392622224
2024-05-10 09:26:26,3345.0,-105.3369490657778
2024-05-10 09:26:27,3346.0,-105.36793000000002
2024-05-10 09:26:28,3347.0,-105.39891093422224
2024-05-10 09:26:29,3348.0,-105.4296160737778
2024-05-10 09:26:30,3349.0,-105.45976962400002
2024-05-10 09:26:31,3350.0,-105.48909579022224
2024-05-10 09:26:32,3351.0,-105.51731877777779
2024-05-10 09:26:33,3352.0,-105.54416279200001
2024-05-10 09:26:34,3353.0,-105.56935203822225
2024-05-10 09:26:35,3354.0,-105.5926107217778
2024-05-10 09:26:36,3355.0,-105.61366304800002
2024-05-10 09:26:37,3356.0,-105.63223322222224
2024-05-10 09:26:38,3357.0,-105.6480454497778
2024-05-10 09:26:39,3358.0,-105.66082393600003
2024-05-10 09:26:40,3359.0,-105.67029288622224
2024-05-10 09:26:41,3360.0,-105.6761765057778
2024-05-10 09:26:42,3361.0,-105.67819900000002
2024-05-10 09:26:43,3362.0,-105.67674858400002
2024-05-10 09:26:44,3363.0,-105.67252919200003
2024-05-10 09:26:45,3364.0,-105.66573860800003
2024-05-10 09:26:46,3365.0,-105.65657461600003
2024-05-10 09:26:47,3366.0,-105.64523500000001
2024-05-10 09:26:48,3367.0,-105.63191754400003
2024-05-10 09:26:49,3368.0,-105.61682003200002
2024-05-10 09:26:50,3369.0,-105.60014024800002
2024-05-10 09:26:51,3370.0,-105.58207597600003
2024-05-10 09:26:52,3371.0,-105.56282500000003
2024-05-10 09:26:53,3372.0,-105.54258510400003
2024-05-10 09:26:54,3373.0,-105.52155407200001
2024-05-10 09:26:55,3374.0,-105.49992968800001
2024-05-10 09:26:56,3375.0,-105.47790973600002
2024-05-10 09:26:57,3376.0,-105.45569200000003
2024-05-10 09:26:58,3377.0,-105.43347426400003
2024-05-10 09:26:59,3378.0,-105.41145431200002
2024-05-10 09:27:00,3379.0,-105.38982992800003
2024-05-10 09:27:01,3380.0,-105.36879889600002
2024-05-10 09:27:02,3381.0,-105.34855900000002
2024-05-10 09:27:03,3382.0,-105.32930802400003
2024-05-10 09:27:04,3383.0,-105.31124375200002
2024-05-10 09:27:05,3384.0,-105.29456396800002
2024-05-10 09:27:06,3385.0,-105.27946645600001
2024-05-10 09:27:07,3386.0,-105.26614900000001
2024-05-10 09:27:08,3387.0,-105.25480938400003
2024-05-10 09:27:09,3388.0,-105.24564539200001
2024-05-10 09:27:10,3389.0,-105.23885480800003
2024-05-10 09:27:11,3390.0,-105.23463541600003
2024-05-10 09:27:12,3391.0,-105.23318500000002
2024-05-10 09:27:13,3392.0,-105.23557352859261
2024-05-10 09:27:14,3393.0,-105.24252197540743
2024-05-10 09:27:15,3394.0,-105.25370463200002
2024-05-10 09:27:16,3395.0,-105.26879578992595
2024-05-10 09:27:17,3396.0,-105.28746974074076
2024-05-10 09:27:18,3397.0,-105.30940077600002
2024-05-10 09:27:19,3398.0,-105.33426318725928
2024-05-10 09:27:20,3399.0,-105.3617312660741
2024-05-10 09:27:21,3400.0,-105.39147930400003
2024-05-10 09:27:22,3401.0,-105.42318159259261
2024-05-10 09:27:23,3402.0,-105.45651242340743
2024-05-10 09:27:24,3403.0,-105.49114608800002
2024-05-10 09:27:25,3404.0,-105.52675687792595
2024-05-10 09:27:26,3405.0,-105.56301908474077
2024-05-10 09:27:27,3406.0,-105.59960700000002
2024-05-10 09:27:28,3407.0,-105.63619491525928
2024-05-10 09:27:29,3408.0,-105.67245712207409
2024-05-10 09:27:30,3409.0,-105.70806791200002
2024-05-10 09:27:31,3410.0,-105.74270157659261
2024-05-10 09:27:32,3411.0,-105.77603240740743
2024-05-10 09:27:33,3412.0,-105.80773469600003
2024-05-10 09:27:34,3413.0,-105.83748273392594
2024-05-10 09:27:35,3414.0,-105.86495081274076
2024-05-10 09:27:36,3415.0,-105.88981322400002
2024-05-10 09:27:37,3416.0,-105.91174425925928
2024-05-10 09:27:38,3417.0,-105.9304182100741
2024-05-10 09:27:39,3418.0,-105.94550936800002
2024-05-10 09:27:40,3419.0,-105.95669202459261
2024-05-10 09:27:41,3420.0,-105.96364047140743
2024-05-10 09:27:42,3421.0,-105.96602900000002
2024-05-10 09:27:43,3422.0,-105.96180343881483
2024-05-10 09:27:44,3423.0,-105.9495108971852
2024-05-10 09:27:45,3424.0,-105.92972758800002
2024-05-10 09:27:46,3425.0,-105.90302972414817
2024-05-10 09:27:47,3426.0,-105.86999351851854
2024-05-10 09:27:48,3427.0,-105.83119518400001
2024-05-10 09:27:49,3428.0,-105.7872109334815
2024-05-10 09:27:50,3429.0,-105.73861697985187
2024-05-10 09:27:51,3430.0,-105.68598953600002
2024-05-10 09:27:52,3431.0,-105.62990481481484
2024-05-10 09:27:53,3432.0,-105.57093902918521
2024-05-10 09:27:54,3433.0,-105.50966839200001
2024-05-10 09:27:55,3434.0,-105.44666911614816
2024-05-10 09:27:56,3435.0,-105.38251741451853
2024-05-10 09:27:57,3436.0,-105.3177895
2024-05-10 09:27:58,3437.0,-105.25306158548149
2024-05-10 09:27:59,3438.0,-105.18890988385188
2024-05-10 09:28:00,3439.0,-105.12591060800001
2024-05-10 09:28:01,3440.0,-105.06463997081484
2024-05-10 09:28:02,3441.0,-105.0056741851852
2024-05-10 09:28:03,3442.0,-104.94958946400001
2024-05-10 09:28:04,3443.0,-104.89696202014817
2024-05-10 09:28:05,3444.0,-104.84836806651855
2024-05-10 09:28:06,3445.0,-104.80438381600001
2024-05-10 09:28:07,3446.0,-104.7655854814815
2024-05-10 09:28:08,3447.0,-104.73254927585187
2024-05-10 09:28:09,3448.0,-104.70585141200002
2024-05-10 09:28:10,3449.0,-104.68606810281483
2024-05-10 09:28:11,3450.0,-104.6737755611852
2024-05-10 09:28:12,3451.0,-104.66955000000002
2024-05-10 09:28:13,3452.0,-104.67154760769323
2024-05-10 09:28:14,3453.0,-104.67738693699144
2024-05-10 09:28:15,3454.0,-104.6868377472225
2024-05-10 09:28:16,3455.0,-104.69966979771421
2024-05-10 09:28:17,3456.0,-104.71565284779444
2024-05-10 09:28:18,3457.0,-104.73455665679104
2024-05-10 09:28:19,3458.0,-104.75615098403182
2024-05-10 09:28:20,3459.0,-104.78020558884464
2024-05-10 09:28:21,3460.0,-104.80649023055733
2024-05-10 09:28:22,3461.0,-104.83477466849774
2024-05-10 09:28:23,3462.0,-104.86482866199371
2024-05-10 09:28:24,3463.0,-104.89642197037307
2024-05-10 09:28:25,3464.0,-104.92932435296366
2024-05-10 09:28:26,3465.0,-104.96330556909334
2024-05-10 09:28:27,3466.0,-104.99813537808994
2024-05-10 09:28:28,3467.0,-105.03358353928128
2024-05-10 09:28:29,3468.0,-105.06941981199523
2024-05-10 09:28:30,3469.0,-105.10541395555961
2024-05-10 09:28:31,3470.0,-105.14133572930226
2024-05-10 09:28:32,3471.0,-105.17695489255102
2024-05-10 09:28:33,3472.0,-105.21204120463376
2024-05-10 09:28:34,3473.0,-105.2463644248783
2024-05-10 09:28:35,3474.0,-105.27969431261246
2024-05-10 09:28:36,3475.0,-105.31180062716409
2024-05-10 09:28:37,3476.0,-105.34245312786105
2024-05-10 09:28:38,3477.0,-105.37142157403116
2024-05-10 09:28:39,3478.0,-105.39847572500229
2024-05-10 09:28:40,3479.0,-105.42338534010224
2024-05-10 09:28:41,3480.0,-105.44592017865887
2024-05-10 09:28:42,3481.0,-105.46585000000002
2024-05-10 09:28:43,3482.0,-105.48457852682265
2024-05-10 09:28:44,3483.0,-105.50361869041632
2024-05-10 09:28:45,3484.0,-105.52290406299774
2024-05-10 09:28:46,3485.0,-105.54236821678367
2024-05-10 09:28:47,3486.0,-105.56194472399082
2024-05-10 09:28:48,3487.0,-105.58156715683594
2024-05-10 09:28:49,3488.0,-105.60116908753572
2024-05-10 09:28:50,3489.0,-105.62068408830692
2024-05-10 09:28:51,3490.0,-105.64004573136627
2024-05-10 09:28:52,3491.0,-105.65918758893048
2024-05-10 09:28:53,3492.0,-105.67804323321629
2024-05-10 09:28:54,3493.0,-105.69654623644041
2024-05-10 09:28:55,3494.0,-105.71463017081962
2024-05-10 09:28:56,3495.0,-105.73222860857061
2024-05-10 09:28:57,3496.0,-105.7492751219101
2024-05-10 09:28:58,3497.0,-105.76570328305485
2024-05-10 09:28:59,3498.0,-105.78144666422155
2024-05-10 09:29:00,3499.0,-105.79643883762695
2024-05-10 09:29:01,3500.0,-105.81061337548779
2024-05-10 09:29:02,3501.0,-105.8239038500208
2024-05-10 09:29:03,3502.0,-105.8362438334427
2024-05-10 09:29:04,3503.0,-105.84756689797021
2024-05-10 09:29:05,3504.0,-105.85780661582007
2024-05-10 09:29:06,3505.0,-105.86689655920898
2024-05-10 09:29:07,3506.0,-105.87477030035373
2024-05-10 09:29:08,3507.0,-105.88136141147099
2024-05-10 09:29:09,3508.0,-105.88660346477754
2024-05-10 09:29:10,3509.0,-105.89043003249006
2024-05-10 09:29:11,3510.0,-105.8927746868253
2024-05-10 09:29:12,3511.0,-105.89357100000001
2024-05-10 09:29:13,3512.0,-105.89248304977507
2024-05-10 09:29:14,3513.0,-105.88929629568301
2024-05-10 09:29:15,3514.0,-105.88412638259796
2024-05-10 09:29:16,3515.0,-105.87708895539404
2024-05-10 09:29:17,3516.0,-105.86829965894536
2024-05-10 09:29:18,3517.0,-105.85787413812606
2024-05-10 09:29:19,3518.0,-105.84592803781028
2024-05-10 09:29:20,3519.0,-105.83257700287211
2024-05-10 09:29:21,3520.0,-105.8179366781857
2024-05-10 09:29:22,3521.0,-105.80212270862516
2024-05-10 09:29:23,3522.0,-105.78525073906462
2024-05-10 09:29:24,3523.0,-105.7674364143782
2024-05-10 09:29:25,3524.0,-105.74879537944003
2024-05-10 09:29:26,3525.0,-105.72944327912424
2024-05-10 09:29:27,3526.0,-105.70949575830494
2024-05-10 09:29:28,3527.0,-105.68906846185628
2024-05-10 09:29:29,3528.0,-105.66827703465235
2024-05-10 09:29:30,3529.0,-105.6472371215673
2024-05-10 09:29:31,3530.0,-105.62606436747524
2024-05-10 09:29:32,3531.0,-105.60487441725031
2024-05-10 09:29:33,3532.0,-105.58378291576662
2024-05-10 09:29:34,3533.0,-105.56290550789831
2024-05-10 09:29:35,3534.0,-105.54235783851946
2024-05-10 09:29:36,3535.0,-105.52225555250428
2024-05-10 09:29:37,3536.0,-105.50271429472681
2024-05-10 09:29:38,3537.0,-105.48384971006122
2024-05-10 09:29:39,3538.0,-105.46577744338161
2024-05-10 09:29:40,3539.0,-105.44861313956214
2024-05-10 09:29:41,3540.0,-105.4324724434769
2024-05-10 09:29:42,3541.0,-105.41747100000002
2024-05-10 09:29:43,3542.0,-105.40273375533796
2024-05-10 09:29:44,3543.0,-105.3873616376231
2024-05-10 09:29:45,3544.0,-105.37143426461843
2024-05-10 09:29:46,3545.0,-105.35503125408698
2024-05-10 09:29:47,3546.0,-105.33823222379175
2024-05-10 09:29:48,3547.0,-105.32111679149578
2024-05-10 09:29:49,3548.0,-105.30376457496206
2024-05-10 09:29:50,3549.0,-105.28625519195359
2024-05-10 09:29:51,3550.0,-105.26866826023343
2024-05-10 09:29:52,3551.0,-105.25108339756454
2024-05-10 09:29:53,3552.0,-105.23358022171
2024-05-10 09:29:54,3553.0,-105.21623835043275
2024-05-10 09:29:55,3554.0,-105.19913740149583
2024-05-10 09:29:56,3555.0,-105.18235699266229
2024-05-10 09:29:57,3556.0,-105.16597674169509
2024-05-10 09:29:58,3557.0,-105.15007626635729
2024-05-10 09:29:59,3558.0,-105.13473518441185
2024-05-10 09:30:00,3559.0,-105.12003311362184
2024-05-10 09:30:01,3560.0,-105.10604967175024
2024-05-10 09:30:02,3561.0,-105.09286447656007
2024-05-10 09:30:03,3562.0,-105.08055714581434
2024-05-10 09:30:04,3563.0,-105.06920729727608
2024-05-10 09:30:05,3564.0,-105.05889454870828
2024-05-10 09:30:06,3565.0,-105.04969851787396
2024-05-10 09:30:07,3566.0,-105.04169882253615
2024-05-10 09:30:08,3567.0,-105.03497508045784
2024-05-10 09:30:09,3568.0,-105.02960690940206
2024-05-10 09:30:10,3569.0,-105.02567392713183
2024-05-10 09:30:11,3570.0,-105.02325575141015
2024-05-10 09:30:12,3571.0,-105.02243200000002
2024-05-10 09:30:13,3572.0,-105.02629865481484
2024-05-10 09:30:14,3573.0,-105.0375471051852
2024-05-10 09:30:15,3574.0,-105.05565008000002
2024-05-10 09:30:16,3575.0,-105.08008030814817
2024-05-10 09:30:17,3576.0,-105.11031051851853
2024-05-10 09:30:18,3577.0,-105.14581344000001
2024-05-10 09:30:19,3578.0,-105.1860618014815
2024-05-10 09:30:20,3579.0,-105.23052833185187
2024-05-10 09:30:21,3580.0,-105.27868576000002
2024-05-10 09:30:22,3581.0,-105.33000681481482
2024-05-10 09:30:23,3582.0,-105.3839642251852
2024-05-10 09:30:24,3583.0,-105.44003072000001
2024-05-10 09:30:25,3584.0,-105.49767902814817
2024-05-10 09:30:26,3585.0,-105.55638187851854
2024-05-10 09:30:27,3586.0,-105.615612
2024-05-10 09:30:28,3587.0,-105.67484212148149
2024-05-10 09:30:29,3588.0,-105.73354497185186
2024-05-10 09:30:30,3589.0,-105.79119328
2024-05-10 09:30:31,3590.0,-105.84725977481482
2024-05-10 09:30:32,3591.0,-105.90121718518519
2024-05-10 09:30:33,3592.0,-105.95253824
2024-05-10 09:30:34,3593.0,-106.00069566814814
2024-05-10 09:30:35,3594.0,-106.04516219851851
2024-05-10 09:30:36,3595.0,-106.08541055999999
2024-05-10 09:30:37,3596.0,-106.12091348148147
2024-05-10 09:30:38,3597.0,-106.15114369185184
2024-05-10 09:30:39,3598.0,-106.17557391999999
2024-05-10 09:30:40,3599.0,-106.1936768948148
2024-05-10 09:30:41,3600.0,-106.20492534518517
2024-05-10 09:30:42,3601.0,-106.20879199999999
2024-05-10 09:30:43,3602.0,-106.20272
2024-05-10 09:30:44,3603.0,-106.18505599999999
2024-05-10 09:30:45,3604.0,-106.15662799999998
2024-05-10 09:30:46,3605.0,-106.11826399999998
2024-05-10 09:30:47,3606.0,-106.070792
2024-05-10 09:30:48,3607.0,-106.01503999999998
2024-05-10 09:30:49,3608.0,-105.951836
2024-05-10 09:30:50,3609.0,-105.88200799999998
2024-05-10 09:30:51,3610.0,-105.80638399999998
2024-05-10 09:30:52,3611.0,-105.725792
2024-05-10 09:30:53,3612.0,-105.64106
2024-05-10 09:30:54,3613.0,-105.55301599999999
2024-05-10 09:30:55,3614.0,-105.46248799999998
2024-05-10 09:30:56,3615.0,-105.37030399999998
2024-05-10 09:30:57,3616.0,-105.27729199999999
2024-05-10 09:30:58,3617.0,-105.18427999999999
2024-05-10 09:30:59,3618.0,-105.09209599999998
2024-05-10 09:31:00,3619.0,-105.00156799999999
2024-05-10 09:31:01,3620.0,-104.91352399999998
2024-05-10 09:31:02,3621.0,-104.82879199999999
2024-05-10 09:31:03,3622.0,-104.7482
2024-05-10 09:31:04,3623.0,-104.67257599999999
2024-05-10 09:31:05,3624.0,-104.60274799999999
2024-05-10 09:31:06,3625.0,-104.53954399999999
2024-05-10 09:31:07,3626.0,-104.483792
2024-05-10 09:31:08,3627.0,-104.43632
2024-05-10 09:31:09,3628.0,-104.397956
2024-05-10 09:31:10,3629.0,-104.36952799999999
2024-05-10 09:31:11,3630.0,-104.35186399999998
2024-05-10 09:31:12,3631.0,-104.34579199999999
2024-05-10 09:31:13,3632.0,-104.35111879318517
2024-05-10 09:31:14,3633.0,-104.3666149188148
2024-05-10 09:31:15,3634.0,-104.39155399599998
2024-05-10 09:31:16,3635.0,-104.42520964385184
2024-05-10 09:31:17,3636.0,-104.46685548148147
2024-05-10 09:31:18,3637.0,-104.51576512799998
2024-05-10 09:31:19,3638.0,-104.57121220251851
2024-05-10 09:31:20,3639.0,-104.63247032414814
2024-05-10 09:31:21,3640.0,-104.69881311199998
2024-05-10 09:31:22,3641.0,-104.76951418518517
2024-05-10 09:31:23,3642.0,-104.8438471628148
2024-05-10 09:31:24,3643.0,-104.92108566399999
2024-05-10 09:31:25,3644.0,-105.00050330785184
2024-05-10 09:31:26,3645.0,-105.08137371348147
2024-05-10 09:31:27,3646.0,-105.16297049999999
2024-05-10 09:31:28,3647.0,-105.24456728651852
2024-05-10 09:31:29,3648.0,-105.32543769214814
2024-05-10 09:31:30,3649.0,-105.404855336
2024-05-10 09:31:31,3650.0,-105.48209383718518
2024-05-10 09:31:32,3651.0,-105.55642681481481
2024-05-10 09:31:33,3652.0,-105.62712788799999
2024-05-10 09:31:34,3653.0,-105.69347067585184
2024-05-10 09:31:35,3654.0,-105.75472879748148
2024-05-10 09:31:36,3655.0,-105.810175872
2024-05-10 09:31:37,3656.0,-105.85908551851851
2024-05-10 09:31:38,3657.0,-105.90073135614814
2024-05-10 09:31:39,3658.0,-105.93438700399999
2024-05-10 09:31:40,3659.0,-105.95932608118518
2024-05-10 09:31:41,3660.0,-105.9748222068148
2024-05-10 09:31:42,3661.0,-105.980149
2024-05-10 09:31:43,3662.0,-105.97535684592593
2024-05-10 09:31:44,3663.0,-105.96141603407408
2024-05-10 09:31:45,3664.0,-105.93898004
2024-05-10 09:31:46,3665.0,-105.90870233925926
2024-05-10 09:31:47,3666.0,-105.87123640740741
2024-05-10 09:31:48,3667.0,-105.82723572
2024-05-10 09:31:49,3668.0,-105.7773537525926
2024-05-10 09:31:50,3669.0,-105.72224398074076
2024-05-10 09:31:51,3670.0,-105.66255988
2024-05-10 09:31:52,3671.0,-105.59895492592594
2024-05-10 09:31:53,3672.0,-105.53208259407408
2024-05-10 09:31:54,3673.0,-105.46259636
2024-05-10 09:31:55,3674.0,-105.39114969925927
2024-05-10 09:31:56,3675.0,-105.31839608740742
2024-05-10 09:31:57,3676.0,-105.24498900000002
2024-05-10 09:31:58,3677.0,-105.17158191259261
2024-05-10 09:31:59,3678.0,-105.09882830074076
2024-05-10 09:32:00,3679.0,-105.02738164000003
2024-05-10 09:32:01,3680.0,-104.95789540592595
2024-05-10 09:32:02,3681.0,-104.89102307407411
2024-05-10 09:32:03,3682.0,-104.82741812000003
2024-05-10 09:32:04,3683.0,-104.7677340192593
2024-05-10 09:32:05,3684.0,-104.71262424740745
2024-05-10 09:32:06,3685.0,-104.66274228000003
2024-05-10 09:32:07,3686.0,-104.61874159259263
2024-05-10 09:32:08,3687.0,-104.58127566074079
2024-05-10 09:32:09,3688.0,-104.55099796000003
2024-05-10 09:32:10,3689.0,-104.52856196592597
2024-05-10 09:32:11,3690.0,-104.51462115407412
2024-05-10 09:32:12,3691.0,-104.50982900000004
2024-05-10 09:32:13,3692.0,-104.51081532235547
2024-05-10 09:32:14,3693.0,-104.51371272511221
2024-05-10 09:32:15,3694.0,-104.51842886180592
2024-05-10 09:32:16,3695.0,-104.52487138597225
2024-05-10 09:32:17,3696.0,-104.53294795114685
2024-05-10 09:32:18,3697.0,-104.54256621086537
2024-05-10 09:32:19,3698.0,-104.55363381866351
2024-05-10 09:32:20,3699.0,-104.56605842807689
2024-05-10 09:32:21,3700.0,-104.57974769264118
2024-05-10 09:32:22,3701.0,-104.59460926589203
2024-05-10 09:32:23,3702.0,-104.61055080136511
2024-05-10 09:32:24,3703.0,-104.62747995259608
2024-05-10 09:32:25,3704.0,-104.64530437312055
2024-05-10 09:32:26,3705.0,-104.66393171647425
2024-05-10 09:32:27,3706.0,-104.68326963619279
2024-05-10 09:32:28,3707.0,-104.70322578581184
2024-05-10 09:32:29,3708.0,-104.72370781886704
2024-05-10 09:32:30,3709.0,-104.74462338889407
2024-05-10 09:32:31,3710.0,-104.7658801494286
2024-05-10 09:32:32,3711.0,-104.78738575400625
2024-05-10 09:32:33,3712.0,-104.8090478561627
2024-05-10 09:32:34,3713.0,-104.8307741094336
2024-05-10 09:32:35,3714.0,-104.85247216735462
2024-05-10 09:32:36,3715.0,-104.8740496834614
2024-05-10 09:32:37,3716.0,-104.8954143112896
2024-05-10 09:32:38,3717.0,-104.9164737043749
2024-05-10 09:32:39,3718.0,-104.93713551625292
2024-05-10 09:32:40,3719.0,-104.95730740045933
2024-05-10 09:32:41,3720.0,-104.97689701052981
2024-05-10 09:32:42,3721.0,-104.995812
2024-05-10 09:32:43,3722.0,-105.01514746000862
2024-05-10 09:32:44,3723.0,-105.03596572974271
2024-05-10 09:32:45,3724.0,-105.05812533481048
2024-05-10 09:32:46,3725.0,-105.08148480082008
2024-05-10 09:32:47,3726.0,-105.10590265337964
2024-05-10 09:32:48,3727.0,-105.13123741809736
2024-05-10 09:32:49,3728.0,-105.1573476205814
2024-05-10 09:32:50,3729.0,-105.18409178643994
2024-05-10 09:32:51,3730.0,-105.2113284412811
2024-05-10 09:32:52,3731.0,-105.2389161107131
2024-05-10 09:32:53,3732.0,-105.26671332034407
2024-05-10 09:32:54,3733.0,-105.2945785957822
2024-05-10 09:32:55,3734.0,-105.32237046263563
2024-05-10 09:32:56,3735.0,-105.34994744651256
2024-05-10 09:32:57,3736.0,-105.37716807302111
2024-05-10 09:32:58,3737.0,-105.40389086776949
2024-05-10 09:32:59,3738.0,-105.42997435636585
2024-05-10 09:33:00,3739.0,-105.45527706441835
2024-05-10 09:33:01,3740.0,-105.47965751753516
2024-05-10 09:33:02,3741.0,-105.50297424132445
2024-05-10 09:33:03,3742.0,-105.52508576139438
2024-05-10 09:33:04,3743.0,-105.5458506033531
2024-05-10 09:33:05,3744.0,-105.56512729280882
2024-05-10 09:33:06,3745.0,-105.58277435536968
2024-05-10 09:33:07,3746.0,-105.59865031664384
2024-05-10 09:33:08,3747.0,-105.61261370223946
2024-05-10 09:33:09,3748.0,-105.62452303776475
2024-05-10 09:33:10,3749.0,-105.63423684882781
2024-05-10 09:33:11,3750.0,-105.64161366103686
2024-05-10 09:33:12,3751.0,-105.64651200000003
2024-05-10 09:33:13,3752.0,-105.6500797834226
2024-05-10 09:33:14,3753.0,-105.65355778724526
2024-05-10 09:33:15,3754.0,-105.65694382442943
2024-05-10 09:33:16,3755.0,-105.66023570793654
2024-05-10 09:33:17,3756.0,-105.66343125072794
2024-05-10 09:33:18,3757.0,-105.66652826576502
2024-05-10 09:33:19,3758.0,-105.66952456600923
2024-05-10 09:33:20,3759.0,-105.67241796442192
2024-05-10 09:33:21,3760.0,-105.67520627396452
2024-05-10 09:33:22,3761.0,-105.6778873075984
2024-05-10 09:33:23,3762.0,-105.68045887828498
2024-05-10 09:33:24,3763.0,-105.68291879898565
2024-05-10 09:33:25,3764.0,-105.68526488266178
2024-05-10 09:33:26,3765.0,-105.68749494227482
2024-05-10 09:33:27,3766.0,-105.68960679078616
2024-05-10 09:33:28,3767.0,-105.69159824115714
2024-05-10 09:33:29,3768.0,-105.69346710634922
2024-05-10 09:33:30,3769.0,-105.69521119932375
2024-05-10 09:33:31,3770.0,-105.69682833304218
2024-05-10 09:33:32,3771.0,-105.69831632046586
2024-05-10 09:33:33,3772.0,-105.69967297455622
2024-05-10 09:33:34,3773.0,-105.70089610827463
2024-05-10 09:33:35,3774.0,-105.70198353458251
2024-05-10 09:33:36,3775.0,-105.70293306644125
2024-05-10 09:33:37,3776.0,-105.70374251681226
2024-05-10 09:33:38,3777.0,-105.7044096986569
2024-05-10 09:33:39,3778.0,-105.70493242493662
2024-05-10 09:33:40,3779.0,-105.70530850861275
2024-05-10 09:33:41,3780.0,-105.70553576264675
2024-05-10 09:33:42,3781.0,-105.705612
2024-05-10 09:33:43,3782.0,-105.70376628148149
2024-05-10 09:33:44,3783.0,-105.69839691851853
2024-05-10 09:33:45,3784.0,-105.68975560000001
2024-05-10 09:33:46,3785.0,-105.67809401481482
2024-05-10 09:33:47,3786.0,-105.66366385185185
2024-05-10 09:33:48,3787.0,-105.64671680000001
2024-05-10 09:33:49,3788.0,-105.62750454814815
2024-05-10 09:33:50,3789.0,-105.6062787851852
2024-05-10 09:33:51,3790.0,-105.58329120000002
2024-05-10 09:33:52,3791.0,-105.5587934814815
2024-05-10 09:33:53,3792.0,-105.53303731851852
2024-05-10 09:33:54,3793.0,-105.50627440000002
2024-05-10 09:33:55,3794.0,-105.47875641481484
2024-05-10 09:33:56,3795.0,-105.45073505185186
2024-05-10 09:33:57,3796.0,-105.42246200000001
2024-05-10 09:33:58,3797.0,-105.39418894814817
2024-05-10 09:33:59,3798.0,-105.36616758518521
2024-05-10 09:34:00,3799.0,-105.33864960000001
2024-05-10 09:34:01,3800.0,-105.31188668148151
2024-05-10 09:34:02,3801.0,-105.28613051851855
2024-05-10 09:34:03,3802.0,-105.26163280000003
2024-05-10 09:34:04,3803.0,-105.23864521481484
2024-05-10 09:34:05,3804.0,-105.21741945185188
2024-05-10 09:34:06,3805.0,-105.19820720000003
2024-05-10 09:34:07,3806.0,-105.18126014814818
2024-05-10 09:34:08,3807.0,-105.16682998518522
2024-05-10 09:34:09,3808.0,-105.15516840000004
2024-05-10 09:34:10,3809.0,-105.14652708148151
2024-05-10 09:34:11,3810.0,-105.14115771851854
2024-05-10 09:34:12,3811.0,-105.13931200000003
2024-05-10 09:34:13,3812.0,-105.13996927564118
2024-05-10 09:34:14,3813.0,-105.14189402837657
2024-05-10 09:34:15,3814.0,-105.14501564692412
2024-05-10 09:34:16,3815.0,-105.14926352000177
2024-05-10 09:34:17,3816.0,-105.15456703632744
2024-05-10 09:34:18,3817.0,-105.16085558461901
2024-05-10 09:34:19,3818.0,-105.16805855359448
2024-05-10 09:34:20,3819.0,-105.17610533197171
2024-05-10 09:34:21,3820.0,-105.18492530846868
2024-05-10 09:34:22,3821.0,-105.19444787180325
2024-05-10 09:34:23,3822.0,-105.20460241069338
2024-05-10 09:34:24,3823.0,-105.21531831385701
2024-05-10 09:34:25,3824.0,-105.22652497001202
2024-05-10 09:34:26,3825.0,-105.23815176787637
2024-05-10 09:34:27,3826.0,-105.25012809616796
2024-05-10 09:34:28,3827.0,-105.26238334360474
2024-05-10 09:34:29,3828.0,-105.27484689890461
2024-05-10 09:34:30,3829.0,-105.2874481507855
2024-05-10 09:34:31,3830.0,-105.30011648796533
2024-05-10 09:34:32,3831.0,-105.31278129916204
2024-05-10 09:34:33,3832.0,-105.32537197309351
2024-05-10 09:34:34,3833.0,-105.33781789847774
2024-05-10 09:34:35,3834.0,-105.35004846403258
2024-05-10 09:34:36,3835.0,-105.36199305847599
2024-05-10 09:34:37,3836.0,-105.3735810705259
2024-05-10 09:34:38,3837.0,-105.3847418889002
2024-05-10 09:34:39,3838.0,-105.39540490231686
2024-05-10 09:34:40,3839.0,-105.40549949949376
2024-05-10 09:34:41,3840.0,-105.41495506914883
2024-05-10 09:34:42,3841.0,-105.42370100000002
2024-05-10 09:34:43,3842.0,-105.43225229440677
2024-05-10 09:34:44,3843.0,-105.44114164895075
2024-05-10 09:34:45,3844.0,-105.45032499368318
2024-05-10 09:34:46,3845.0,-105.45975825865538
2024-05-10 09:34:47,3846.0,-105.4693973739186
2024-05-10 09:34:48,3847.0,-105.47919826952405
2024-05-10 09:34:49,3848.0,-105.48911687552301
2024-05-10 09:34:50,3849.0,-105.49910912196675
2024-05-10 09:34:51,3850.0,-105.50913093890651
2024-05-10 09:34:52,3851.0,-105.51913825639357
2024-05-10 09:34:53,3852.0,-105.52908700447917
2024-05-10 09:34:54,3853.0,-105.53893311321454
2024-05-10 09:34:55,3854.0,-105.54863251265098
2024-05-10 09:34:56,3855.0,-105.55814113283975
2024-05-10 09:34:57,3856.0,-105.56741490383207
2024-05-10 09:34:58,3857.0,-105.57640975567922
2024-05-10 09:34:59,3858.0,-105.58508161843245
2024-05-10 09:35:00,3859.0,-105.59338642214303
2024-05-10 09:35:01,3860.0,-105.6012800968622
2024-05-10 09:35:02,3861.0,-105.60871857264122
2024-05-10 09:35:03,3862.0,-105.61565777953135
2024-05-10 09:35:04,3863.0,-105.62205364758385
2024-05-10 09:35:05,3864.0,-105.62786210685
2024-05-10 09:35:06,3865.0,-105.63303908738101
2024-05-10 09:35:07,3866.0,-105.63754051922815
2024-05-10 09:35:08,3867.0,-105.6413223324427
2024-05-10 09:35:09,3868.0,-105.6443404570759
2024-05-10 09:35:10,3869.0,-105.64655082317903
2024-05-10 09:35:11,3870.0,-105.6479093608033
2024-05-10 09:35:12,3871.0,-105.648372
2024-05-10 09:35:13,3872.0,-105.64754335870155
2024-05-10 09:35:14,3873.0,-105.64511154686275
2024-05-10 09:35:15,3874.0,-105.64115773256829
2024-05-10 09:35:16,3875.0,-105.63576308390292
2024-05-10 09:35:17,3876.0,-105.62900876895137
2024-05-10 09:35:18,3877.0,-105.62097595579837
2024-05-10 09:35:19,3878.0,-105.61174581252867
2024-05-10 09:35:20,3879.0,-105.60139950722699
2024-05-10 09:35:21,3880.0,-105.59001820797806
2024-05-10 09:35:22,3881.0,-105.57768308286663
2024-05-10 09:35:23,3882.0,-105.5644752999774
2024-05-10 09:35:24,3883.0,-105.55047602739515
2024-05-10 09:35:25,3884.0,-105.53576643320457
2024-05-10 09:35:26,3885.0,-105.52042768549042
2024-05-10 09:35:27,3886.0,-105.50454095233742
2024-05-10 09:35:28,3887.0,-105.48818740183032
2024-05-10 09:35:29,3888.0,-105.47144820205385
2024-05-10 09:35:30,3889.0,-105.45440452109271
2024-05-10 09:35:31,3890.0,-105.43713752703168
2024-05-10 09:35:32,3891.0,-105.41972838795547
2024-05-10 09:35:33,3892.0,-105.40225827194884
2024-05-10 09:35:34,3893.0,-105.38480834709647
2024-05-10 09:35:35,3894.0,-105.36745978148313
2024-05-10 09:35:36,3895.0,-105.35029374319355
2024-05-10 09:35:37,3896.0,-105.33339140031245
2024-05-10 09:35:38,3897.0,-105.3168339209246
2024-05-10 09:35:39,3898.0,-105.30070247311468
2024-05-10 09:35:40,3899.0,-105.28507822496746
2024-05-10 09:35:41,3900.0,-105.27004234456767
2024-05-10 09:35:42,3901.0,-105.25567600000004
2024-05-10 09:35:43,3902.0,-105.2411173526176
2024-05-10 09:35:44,3903.0,-105.22552204584741
2024-05-10 09:35:45,3904.0,-105.2089974708854
2024-05-10 09:35:46,3905.0,-105.19165101892733
2024-05-10 09:35:47,3906.0,-105.1735900811691
2024-05-10 09:35:48,3907.0,-105.15492204880653
2024-05-10 09:35:49,3908.0,-105.13575431303546
2024-05-10 09:35:50,3909.0,-105.11619426505176
2024-05-10 09:35:51,3910.0,-105.09634929605123
2024-05-10 09:35:52,3911.0,-105.07632679722975
2024-05-10 09:35:53,3912.0,-105.05623415978317
2024-05-10 09:35:54,3913.0,-105.03617877490733
2024-05-10 09:35:55,3914.0,-105.01626803379806
2024-05-10 09:35:56,3915.0,-104.9966093276512
2024-05-10 09:35:57,3916.0,-104.97731004766261
2024-05-10 09:35:58,3917.0,-104.95847758502813
2024-05-10 09:35:59,3918.0,-104.94021933094362
2024-05-10 09:36:00,3919.0,-104.9226426766049
2024-05-10 09:36:01,3920.0,-104.90585501320781
2024-05-10 09:36:02,3921.0,-104.88996373194821
2024-05-10 09:36:03,3922.0,-104.87507622402195
2024-05-10 09:36:04,3923.0,-104.86129988062488
2024-05-10 09:36:05,3924.0,-104.84874209295283
2024-05-10 09:36:06,3925.0,-104.83751025220164
2024-05-10 09:36:07,3926.0,-104.82771174956716
2024-05-10 09:36:08,3927.0,-104.81945397624524
2024-05-10 09:36:09,3928.0,-104.81284432343172
2024-05-10 09:36:10,3929.0,-104.80799018232246
2024-05-10 09:36:11,3930.0,-104.80499894411327
2024-05-10 09:36:12,3931.0,-104.80397800000001
2024-05-10 09:36:13,3932.0,-104.80692724829632
2024-05-10 09:36:14,3933.0,-104.81550687970372
2024-05-10 09:36:15,3934.0,-104.82931472400001
2024-05-10 09:36:16,3935.0,-104.84794861096299
2024-05-10 09:36:17,3936.0,-104.87100637037038
2024-05-10 09:36:18,3937.0,-104.89808583200002
2024-05-10 09:36:19,3938.0,-104.92878482562963
2024-05-10 09:36:20,3939.0,-104.96270118103705
2024-05-10 09:36:21,3940.0,-104.999432728
2024-05-10 09:36:22,3941.0,-105.03857729629631
2024-05-10 09:36:23,3942.0,-105.07973271570371
2024-05-10 09:36:24,3943.0,-105.12249681600001
2024-05-10 09:36:25,3944.0,-105.16646742696298
2024-05-10 09:36:26,3945.0,-105.21124237837037
2024-05-10 09:36:27,3946.0,-105.2564195
2024-05-10 09:36:28,3947.0,-105.30159662162963
2024-05-10 09:36:29,3948.0,-105.34637157303705
2024-05-10 09:36:30,3949.0,-105.390342184
2024-05-10 09:36:31,3950.0,-105.4331062842963
2024-05-10 09:36:32,3951.0,-105.4742617037037
2024-05-10 09:36:33,3952.0,-105.51340627200001
2024-05-10 09:36:34,3953.0,-105.55013781896295
2024-05-10 09:36:35,3954.0,-105.58405417437038
2024-05-10 09:36:36,3955.0,-105.61475316800001
2024-05-10 09:36:37,3956.0,-105.64183262962963
2024-05-10 09:36:38,3957.0,-105.66489038903704
2024-05-10 09:36:39,3958.0,-105.683524276
2024-05-10 09:36:40,3959.0,-105.6973321202963
2024-05-10 09:36:41,3960.0,-105.70591175170371
2024-05-10 09:36:42,3961.0,-105.708861
2024-05-10 09:36:43,3962.0,-105.70832745925925
2024-05-10 09:36:44,3963.0,-105.70677534074073
2024-05-10 09:36:45,3964.0,-105.70427740000001
2024-05-10 09:36:46,3965.0,-105.7009063925926
2024-05-10 09:36:47,3966.0,-105.69673507407408
2024-05-10 09:36:48,3967.0,-105.6918362
2024-05-10 09:36:49,3968.0,-105.68628252592593
2024-05-10 09:36:50,3969.0,-105.68014680740741
2024-05-10 09:36:51,3970.0,-105.67350180000001
2024-05-10 09:36:52,3971.0,-105.66642025925927
2024-05-10 09:36:53,3972.0,-105.65897494074075
2024-05-10 09:36:54,3973.0,-105.65123860000001
2024-05-10 09:36:55,3974.0,-105.6432839925926
2024-05-10 09:36:56,3975.0,-105.63518387407409
2024-05-10 09:36:57,3976.0,-105.62701100000001
2024-05-10 09:36:58,3977.0,-105.61883812592593
2024-05-10 09:36:59,3978.0,-105.61073800740742
2024-05-10 09:37:00,3979.0,-105.6027834
2024-05-10 09:37:01,3980.0,-105.59504705925927
2024-05-10 09:37:02,3981.0,-105.58760174074075
2024-05-10 09:37:03,3982.0,-105.58052020000001
2024-05-10 09:37:04,3983.0,-105.57387519259261
2024-05-10 09:37:05,3984.0,-105.5677394740741
2024-05-10 09:37:06,3985.0,-105.56218580000002
2024-05-10 09:37:07,3986.0,-105.55728692592595
2024-05-10 09:37:08,3987.0,-105.55311560740743
2024-05-10 09:37:09,3988.0,-105.54974460000003
2024-05-10 09:37:10,3989.0,-105.54724665925929
2024-05-10 09:37:11,3990.0,-105.54569454074075
2024-05-10 09:37:12,3991.0,-105.54516100000002
2024-05-10 09:37:13,3992.0,-105.54710397481483
2024-05-10 09:37:14,3993.0,-105.55275626518521
2024-05-10 09:37:15,3994.0,-105.56185292000002
2024-05-10 09:37:16,3995.0,-105.57412898814817
2024-05-10 09:37:17,3996.0,-105.58931951851854
2024-05-10 09:37:18,3997.0,-105.60715956000001
2024-05-10 09:37:19,3998.0,-105.62738416148149
2024-05-10 09:37:20,3999.0,-105.64972837185186
2024-05-10 09:37:21,4000.0,-105.67392724000001
2024-05-10 09:37:22,4001.0,-105.69971581481482
2024-05-10 09:37:23,4002.0,-105.72682914518519
2024-05-10 09:37:24,4003.0,-105.75500228000001
2024-05-10 09:37:25,4004.0,-105.78397026814815
2024-05-10 09:37:26,4005.0,-105.81346815851853
2024-05-10 09:37:27,4006.0,-105.843231
2024-05-10 09:37:28,4007.0,-105.87299384148149
2024-05-10 09:37:29,4008.0,-105.90249173185184
2024-05-10 09:37:30,4009.0,-105.93145972
2024-05-10 09:37:31,4010.0,-105.95963285481481
2024-05-10 09:37:32,4011.0,-105.98674618518517
2024-05-10 09:37:33,4012.0,-106.01253476
2024-05-10 09:37:34,4013.0,-106.03673362814814
2024-05-10 09:37:35,4014.0,-106.0590778385185
2024-05-10 09:37:36,4015.0,-106.07930243999998
2024-05-10 09:37:37,4016.0,-106.09714248148147
2024-05-10 09:37:38,4017.0,-106.11233301185185
2024-05-10 09:37:39,4018.0,-106.12460907999998
2024-05-10 09:37:40,4019.0,-106.1337057348148
2024-05-10 09:37:41,4020.0,-106.13935802518516
2024-05-10 09:37:42,4021.0,-106.14130099999998
2024-05-10 09:37:43,4022.0,-106.13808424474072
2024-05-10 09:37:44,4023.0,-106.12872641125925
2024-05-10 09:37:45,4024.0,-106.113666148
2024-05-10 09:37:46,4025.0,-106.0933421034074
2024-05-10 09:37:47,4026.0,-106.06819292592591
2024-05-10 09:37:48,4027.0,-106.03865726399998
2024-05-10 09:37:49,4028.0,-106.00517376607405
2024-05-10 09:37:50,4029.0,-105.96818108059257
2024-05-10 09:37:51,4030.0,-105.92811785599999
2024-05-10 09:37:52,4031.0,-105.88542274074072
2024-05-10 09:37:53,4032.0,-105.84053438325924
2024-05-10 09:37:54,4033.0,-105.793891432
2024-05-10 09:37:55,4034.0,-105.7459325354074
2024-05-10 09:37:56,4035.0,-105.69709634192591
2024-05-10 09:37:57,4036.0,-105.64782149999999
2024-05-10 09:37:58,4037.0,-105.59854665807406
2024-05-10 09:37:59,4038.0,-105.5497104645926
2024-05-10 09:38:00,4039.0,-105.501751568
2024-05-10 09:38:01,4040.0,-105.45510861674074
2024-05-10 09:38:02,4041.0,-105.41022025925925
2024-05-10 09:38:03,4042.0,-105.367525144
2024-05-10 09:38:04,4043.0,-105.32746191940741
2024-05-10 09:38:05,4044.0,-105.29046923392592
2024-05-10 09:38:06,4045.0,-105.25698573599999
2024-05-10 09:38:07,4046.0,-105.22745007407407
2024-05-10 09:38:08,4047.0,-105.20230089659259
2024-05-10 09:38:09,4048.0,-105.181976852
2024-05-10 09:38:10,4049.0,-105.16691658874075
2024-05-10 09:38:11,4050.0,-105.15755875525926
2024-05-10 09:38:12,4051.0,-105.154342
2024-05-10 09:38:13,4052.0,-105.15526404118519
2024-05-10 09:38:14,4053.0,-105.15794634281481
2024-05-10 09:38:15,4054.0,-105.162263172
2024-05-10 09:38:16,4055.0,-105.16808879585186
2024-05-10 09:38:17,4056.0,-105.17529748148148
2024-05-10 09:38:18,4057.0,-105.183763496
2024-05-10 09:38:19,4058.0,-105.19336110651852
2024-05-10 09:38:20,4059.0,-105.20396458014814
2024-05-10 09:38:21,4060.0,-105.215448184
2024-05-10 09:38:22,4061.0,-105.22768618518518
2024-05-10 09:38:23,4062.0,-105.24055285081481
2024-05-10 09:38:24,4063.0,-105.253922448
2024-05-10 09:38:25,4064.0,-105.26766924385184
2024-05-10 09:38:26,4065.0,-105.28166750548147
2024-05-10 09:38:27,4066.0,-105.29579149999999
2024-05-10 09:38:28,4067.0,-105.30991549451852
2024-05-10 09:38:29,4068.0,-105.32391375614813
2024-05-10 09:38:30,4069.0,-105.33766055199999
2024-05-10 09:38:31,4070.0,-105.35103014918518
2024-05-10 09:38:32,4071.0,-105.3638968148148
2024-05-10 09:38:33,4072.0,-105.37613481599999
2024-05-10 09:38:34,4073.0,-105.38761841985185
2024-05-10 09:38:35,4074.0,-105.39822189348146
2024-05-10 09:38:36,4075.0,-105.40781950399999
2024-05-10 09:38:37,4076.0,-105.4162855185185
2024-05-10 09:38:38,4077.0,-105.42349420414813
2024-05-10 09:38:39,4078.0,-105.42931982799999
2024-05-10 09:38:40,4079.0,-105.43363665718518
2024-05-10 09:38:41,4080.0,-105.43631895881481
2024-05-10 09:38:42,4081.0,-105.43724099999999
2024-05-10 09:38:43,4082.0,-105.4365100231111
2024-05-10 09:38:44,4083.0,-105.43438354488887
2024-05-10 09:38:45,4084.0,-105.43096124399999
2024-05-10 09:38:46,4085.0,-105.4263427991111
2024-05-10 09:38:47,4086.0,-105.42062788888889
2024-05-10 09:38:48,4087.0,-105.41391619199999
2024-05-10 09:38:49,4088.0,-105.4063073871111
2024-05-10 09:38:50,4089.0,-105.39790115288888
2024-05-10 09:38:51,4090.0,-105.38879716799998
2024-05-10 09:38:52,4091.0,-105.3790951111111
2024-05-10 09:38:53,4092.0,-105.36889466088888
2024-05-10 09:38:54,4093.0,-105.35829549599998
2024-05-10 09:38:55,4094.0,-105.34739729511111
2024-05-10 09:38:56,4095.0,-105.33629973688889
2024-05-10 09:38:57,4096.0,-105.32510249999999
2024-05-10 09:38:58,4097.0,-105.3139052631111
2024-05-10 09:38:59,4098.0,-105.30280770488889
2024-05-10 09:39:00,4099.0,-105.29190950399999
2024-05-10 09:39:01,4100.0,-105.28131033911112
2024-05-10 09:39:02,4101.0,-105.27110988888889
2024-05-10 09:39:03,4102.0,-105.26140783199999
2024-05-10 09:39:04,4103.0,-105.25230384711111
2024-05-10 09:39:05,4104.0,-105.24389761288889
2024-05-10 09:39:06,4105.0,-105.236288808
2024-05-10 09:39:07,4106.0,-105.22957711111111
2024-05-10 09:39:08,4107.0,-105.22386220088889
2024-05-10 09:39:09,4108.0,-105.219243756
2024-05-10 09:39:10,4109.0,-105.21582145511111
2024-05-10 09:39:11,4110.0,-105.21369497688889
2024-05-10 09:39:12,4111.0,-105.212964
2024-05-10 09:39:13,4112.0,-105.21332642962963
2024-05-10 09:39:14,4113.0,-105.21438077037037
2024-05-10 09:39:15,4114.0,-105.2160776
2024-05-10 09:39:16,4115.0,-105.2183674962963
2024-05-10 09:39:17,4116.0,-105.22120103703703
2024-05-10 09:39:18,4117.0,-105.22452879999999
2024-05-10 09:39:19,4118.0,-105.22830136296295
2024-05-10 09:39:20,4119.0,-105.2324693037037
2024-05-10 09:39:21,4120.0,-105.2369832
2024-05-10 09:39:22,4121.0,-105.24179362962963
2024-05-10 09:39:23,4122.0,-105.24685117037035
2024-05-10 09:39:24,4123.0,-105.25210639999999
2024-05-10 09:39:25,4124.0,-105.25750989629628
2024-05-10 09:39:26,4125.0,-105.26301223703702
2024-05-10 09:39:27,4126.0,-105.26856399999998
2024-05-10 09:39:28,4127.0,-105.27411576296295
2024-05-10 09:39:29,4128.0,-105.27961810370368
2024-05-10 09:39:30,4129.0,-105.28502159999998
2024-05-10 09:39:31,4130.0,-105.29027682962962
2024-05-10 09:39:32,4131.0,-105.29533437037036
2024-05-10 09:39:33,4132.0,-105.30014479999997
2024-05-10 09:39:34,4133.0,-105.30465869629627
2024-05-10 09:39:35,4134.0,-105.30882663703701
2024-05-10 09:39:36,4135.0,-105.31259919999998
2024-05-10 09:39:37,4136.0,-105.31592696296293
2024-05-10 09:39:38,4137.0,-105.31876050370367
2024-05-10 09:39:39,4138.0,-105.32105039999996
2024-05-10 09:39:40,4139.0,-105.3227472296296
2024-05-10 09:39:41,4140.0,-105.32380157037034
2024-05-10 09:39:42,4141.0,-105.32416399999997
2024-05-10 09:39:43,4142.0,-105.32342620832692
2024-05-10 09:39:44,4143.0,-105.32127175645041
2024-05-10 09:39:45,4144.0,-105.31778902908441
2024-05-10 09:39:46,4145.0,-105.3130664109429
2024-05-10 09:39:47,4146.0,-105.30719228673979
2024-05-10 09:39:48,4147.0,-105.3002550411891
2024-05-10 09:39:49,4148.0,-105.29234305900478
2024-05-10 09:39:50,4149.0,-105.28354472490078
2024-05-10 09:39:51,4150.0,-105.27394842359108
2024-05-10 09:39:52,4151.0,-105.26364253978964
2024-05-10 09:39:53,4152.0,-105.25271545821042
2024-05-10 09:39:54,4153.0,-105.24125556356738
2024-05-10 09:39:55,4154.0,-105.22935124057449
2024-05-10 09:39:56,4155.0,-105.21709087394572
2024-05-10 09:39:57,4156.0,-105.20456284839503
2024-05-10 09:39:58,4157.0,-105.19185554863638
2024-05-10 09:39:59,4158.0,-105.17905735938373
2024-05-10 09:40:00,4159.0,-105.16625666535109
2024-05-10 09:40:01,4160.0,-105.15354185125236
2024-05-10 09:40:02,4161.0,-105.14100130180154
2024-05-10 09:40:03,4162.0,-105.12872340171258
2024-05-10 09:40:04,4163.0,-105.11679653569945
2024-05-10 09:40:05,4164.0,-105.1053090884761
2024-05-10 09:40:06,4165.0,-105.09434944475653
2024-05-10 09:40:07,4166.0,-105.08400598925468
2024-05-10 09:40:08,4167.0,-105.0743671066845
2024-05-10 09:40:09,4168.0,-105.06552118175999
2024-05-10 09:40:10,4169.0,-105.05755659919511
2024-05-10 09:40:11,4170.0,-105.05056174370378
2024-05-10 09:40:12,4171.0,-105.04462500000001
2024-05-10 09:40:13,4172.0,-105.03939252647564
2024-05-10 09:40:14,4173.0,-105.03443880272383
2024-05-10 09:40:15,4174.0,-105.0297446952605
2024-05-10 09:40:16,4175.0,-105.02529107060161
2024-05-10 09:40:17,4176.0,-105.02105879526304
2024-05-10 09:40:18,4177.0,-105.01702873576075
2024-05-10 09:40:19,4178.0,-105.01318175861066
2024-05-10 09:40:20,4179.0,-105.0094987303287
2024-05-10 09:40:21,4180.0,-105.00596051743081
2024-05-10 09:40:22,4181.0,-105.00254798643289
2024-05-10 09:40:23,4182.0,-104.99924200385088
2024-05-10 09:40:24,4183.0,-104.99602343620072
2024-05-10 09:40:25,4184.0,-104.99287314999833
2024-05-10 09:40:26,4185.0,-104.98977201175961
2024-05-10 09:40:27,4186.0,-104.98670088800054
2024-05-10 09:40:28,4187.0,-104.983640645237
2024-05-10 09:40:29,4188.0,-104.98057214998495
2024-05-10 09:40:30,4189.0,-104.9774762687603
2024-05-10 09:40:31,4190.0,-104.974333868079
2024-05-10 09:40:32,4191.0,-104.97112581445695
2024-05-10 09:40:33,4192.0,-104.96783297441009
2024-05-10 09:40:34,4193.0,-104.96443621445435
2024-05-10 09:40:35,4194.0,-104.96091640110566
2024-05-10 09:40:36,4195.0,-104.95725440087995
2024-05-10 09:40:37,4196.0,-104.95343108029313
2024-05-10 09:40:38,4197.0,-104.94942730586112
2024-05-10 09:40:39,4198.0,-104.9452239440999
2024-05-10 09:40:40,4199.0,-104.94080186152534
2024-05-10 09:40:41,4200.0,-104.93614192465341
2024-05-10 09:40:42,4201.0,-104.93122500000003
2024-05-10 09:40:43,4202.0,-104.9257599621308
2024-05-10 09:40:44,4203.0,-104.91951366291315
2024-05-10 09:40:45,4204.0,-104.9125539348157
2024-05-10 09:40:46,4205.0,-104.90494861030712
2024-05-10 09:40:47,4206.0,-104.896765521856
2024-05-10 09:40:48,4207.0,-104.88807250193098
2024-05-10 09:40:49,4208.0,-104.87893738300069
2024-05-10 09:40:50,4209.0,-104.86942799753378
2024-05-10 09:40:51,4210.0,-104.85961217799884
2024-05-10 09:40:52,4211.0,-104.84955775686454
2024-05-10 09:40:53,4212.0,-104.83933256659951
2024-05-10 09:40:54,4213.0,-104.82900443967235
2024-05-10 09:40:55,4214.0,-104.81864120855168
2024-05-10 09:40:56,4215.0,-104.80831070570619
2024-05-10 09:40:57,4216.0,-104.79808076360445
2024-05-10 09:40:58,4217.0,-104.78801921471513
2024-05-10 09:40:59,4218.0,-104.77819389150683
2024-05-10 09:41:00,4219.0,-104.76867262644822
2024-05-10 09:41:01,4220.0,-104.7595232520079
2024-05-10 09:41:02,4221.0,-104.75081360065448
2024-05-10 09:41:03,4222.0,-104.74261150485664
2024-05-10 09:41:04,4223.0,-104.73498479708297
2024-05-10 09:41:05,4224.0,-104.72800130980214
2024-05-10 09:41:06,4225.0,-104.72172887548273
2024-05-10 09:41:07,4226.0,-104.7162353265934
2024-05-10 09:41:08,4227.0,-104.7115884956028
2024-05-10 09:41:09,4228.0,-104.7078562149795
2024-05-10 09:41:10,4229.0,-104.7051063171922
2024-05-10 09:41:11,4230.0,-104.70340663470948
2024-05-10 09:41:12,4231.0,-104.70282499999999
2024-05-10 09:41:13,4232.0,-104.70347953420273
2024-05-10 09:41:14,4233.0,-104.70539631048413
2024-05-10 09:41:15,4234.0,-104.70850508935398
2024-05-10 09:41:16,4235.0,-104.71273563132205
2024-05-10 09:41:17,4236.0,-104.71801769689813
2024-05-10 09:41:18,4237.0,-104.72428104659198
2024-05-10 09:41:19,4238.0,-104.73145544091338
2024-05-10 09:41:20,4239.0,-104.73947064037213
2024-05-10 09:41:21,4240.0,-104.74825640547797
2024-05-10 09:41:22,4241.0,-104.75774249674072
2024-05-10 09:41:23,4242.0,-104.76785867467011
2024-05-10 09:41:24,4243.0,-104.77853469977597
2024-05-10 09:41:25,4244.0,-104.78970033256805
2024-05-10 09:41:26,4245.0,-104.80128533355611
2024-05-10 09:41:27,4246.0,-104.81321946324996
2024-05-10 09:41:28,4247.0,-104.82543248215936
2024-05-10 09:41:29,4248.0,-104.83785415079412
2024-05-10 09:41:30,4249.0,-104.85041422966395
2024-05-10 09:41:31,4250.0,-104.86304247927869
2024-05-10 09:41:32,4251.0,-104.87566866014811
2024-05-10 09:41:33,4252.0,-104.88822253278195
2024-05-10 09:41:34,4253.0,-104.90063385769004
2024-05-10 09:41:35,4254.0,-104.91283239538213
2024-05-10 09:41:36,4255.0,-104.92474790636798
2024-05-10 09:41:37,4256.0,-104.93631015115739
2024-05-10 09:41:38,4257.0,-104.94744889026013
2024-05-10 09:41:39,4258.0,-104.958093884186
2024-05-10 09:41:40,4259.0,-104.96817489344474
2024-05-10 09:41:41,4260.0,-104.97762167854617
2024-05-10 09:41:42,4261.0,-104.98636400000002
2024-05-10 09:41:43,4262.0,-104.99491238561268
2024-05-10 09:41:44,4263.0,-105.00379516614171
2024-05-10 09:41:45,4264.0,-105.01296880652387
2024-05-10 09:41:46,4265.0,-105.02238977169583
2024-05-10 09:41:47,4266.0,-105.03201452659425
2024-05-10 09:41:48,4267.0,-105.04179953615589
2024-05-10 09:41:49,4268.0,-105.05170126531739
2024-05-10 09:41:50,4269.0,-105.06167617901549
2024-05-10 09:41:51,4270.0,-105.07168074218684
2024-05-10 09:41:52,4271.0,-105.08167141976817
2024-05-10 09:41:53,4272.0,-105.09160467669616
2024-05-10 09:41:54,4273.0,-105.10143697790753
2024-05-10 09:41:55,4274.0,-105.11112478833896
2024-05-10 09:41:56,4275.0,-105.12062457292713
2024-05-10 09:41:57,4276.0,-105.12989279660874
2024-05-10 09:41:58,4277.0,-105.1388859243205
2024-05-10 09:41:59,4278.0,-105.1475604209991
2024-05-10 09:42:00,4279.0,-105.15587275158124
2024-05-10 09:42:01,4280.0,-105.16377938100361
2024-05-10 09:42:02,4281.0,-105.17123677420291
2024-05-10 09:42:03,4282.0,-105.17820139611582
2024-05-10 09:42:04,4283.0,-105.18462971167908
2024-05-10 09:42:05,4284.0,-105.19047818582933
2024-05-10 09:42:06,4285.0,-105.19570328350329
2024-05-10 09:42:07,4286.0,-105.20026146963765
2024-05-10 09:42:08,4287.0,-105.20410920916915
2024-05-10 09:42:09,4288.0,-105.20720296703442
2024-05-10 09:42:10,4289.0,-105.20949920817017
2024-05-10 09:42:11,4290.0,-105.21095439751313
2024-05-10 09:42:12,4291.0,-105.21152499999998
2024-05-10 09:42:13,4292.0,-105.21163694324704
2024-05-10 09:42:14,4293.0,-105.21174517438267
2024-05-10 09:42:15,4294.0,-105.21184968761155
2024-05-10 09:42:16,4295.0,-105.21195047713839
2024-05-10 09:42:17,4296.0,-105.21204753716786
2024-05-10 09:42:18,4297.0,-105.21214086190469
2024-05-10 09:42:19,4298.0,-105.21223044555354
2024-05-10 09:42:20,4299.0,-105.21231628231914
2024-05-10 09:42:21,4300.0,-105.21239836640616
2024-05-10 09:42:22,4301.0,-105.21247669201932
2024-05-10 09:42:23,4302.0,-105.2125512533633
2024-05-10 09:42:24,4303.0,-105.21262204464279
2024-05-10 09:42:25,4304.0,-105.21268906006247
2024-05-10 09:42:26,4305.0,-105.21275229382708
2024-05-10 09:42:27,4306.0,-105.2128117401413
2024-05-10 09:42:28,4307.0,-105.21286739320982
2024-05-10 09:42:29,4308.0,-105.21291924723734
2024-05-10 09:42:30,4309.0,-105.21296729642852
2024-05-10 09:42:31,4310.0,-105.21301153498811
2024-05-10 09:42:32,4311.0,-105.21305195712077
2024-05-10 09:42:33,4312.0,-105.21308855703121
2024-05-10 09:42:34,4313.0,-105.21312132892415
2024-05-10 09:42:35,4314.0,-105.21315026700424
2024-05-10 09:42:36,4315.0,-105.21317536547618
2024-05-10 09:42:37,4316.0,-105.21319661854469
2024-05-10 09:42:38,4317.0,-105.21321402041444
2024-05-10 09:42:39,4318.0,-105.21322756529017
2024-05-10 09:42:40,4319.0,-105.21323724737655
2024-05-10 09:42:41,4320.0,-105.21324306087826
2024-05-10 09:42:42,4321.0,-105.213245
2024-05-10 09:42:43,4322.0,-105.21301087137131
2024-05-10 09:42:44,4323.0,-105.21231515809302
2024-05-10 09:42:45,4324.0,-105.21116786907683
2024-05-10 09:42:46,4325.0,-105.20957901323442
2024-05-10 09:42:47,4326.0,-105.20755859947745
2024-05-10 09:42:48,4327.0,-105.20511663671762
2024-05-10 09:42:49,4328.0,-105.20226313386662
2024-05-10 09:42:50,4329.0,-105.19900809983613
2024-05-10 09:42:51,4330.0,-105.19536154353783
2024-05-10 09:42:52,4331.0,-105.19133347388339
2024-05-10 09:42:53,4332.0,-105.18693389978452
2024-05-10 09:42:54,4333.0,-105.1821728301529
2024-05-10 09:42:55,4334.0,-105.17706027390017
2024-05-10 09:42:56,4335.0,-105.17160623993806
2024-05-10 09:42:57,4336.0,-105.16582073717824
2024-05-10 09:42:58,4337.0,-105.15971377453238
2024-05-10 09:42:59,4338.0,-105.1532953609122
2024-05-10 09:43:00,4339.0,-105.14657550522934
2024-05-10 09:43:01,4340.0,-105.1395642163955
2024-05-10 09:43:02,4341.0,-105.13227150332236
2024-05-10 09:43:03,4342.0,-105.1247073749216
2024-05-10 09:43:04,4343.0,-105.11688184010492
2024-05-10 09:43:05,4344.0,-105.108804907784
2024-05-10 09:43:06,4345.0,-105.10048658687052
2024-05-10 09:43:07,4346.0,-105.09193688627614
2024-05-10 09:43:08,4347.0,-105.08316581491258
2024-05-10 09:43:09,4348.0,-105.0741833816915
2024-05-10 09:43:10,4349.0,-105.06499959552458
2024-05-10 09:43:11,4350.0,-105.05562446532353
2024-05-10 09:43:12,4351.0,-105.046068
2024-05-10 09:43:13,4352.0,-105.0335564294913
2024-05-10 09:43:14,4353.0,-105.01558462966061
2024-05-10 09:43:15,4354.0,-104.99256557830851
2024-05-10 09:43:16,4355.0,-104.96491225323558
2024-05-10 09:43:17,4356.0,-104.93303763224239
2024-05-10 09:43:18,4357.0,-104.89735469312949
2024-05-10 09:43:19,4358.0,-104.8582764136975
2024-05-10 09:43:20,4359.0,-104.81621577174693
2024-05-10 09:43:21,4360.0,-104.7715857450784
2024-05-10 09:43:22,4361.0,-104.72479931149248
2024-05-10 09:43:23,4362.0,-104.6762694487897
2024-05-10 09:43:24,4363.0,-104.62640913477068
2024-05-10 09:43:25,4364.0,-104.57563134723597
2024-05-10 09:43:26,4365.0,-104.52434906398614
2024-05-10 09:43:27,4366.0,-104.47297526282178
2024-05-10 09:43:28,4367.0,-104.42192292154344
2024-05-10 09:43:29,4368.0,-104.3716050179517
2024-05-10 09:43:30,4369.0,-104.32243452984711
2024-05-10 09:43:31,4370.0,-104.2748244350303
2024-05-10 09:43:32,4371.0,-104.22918771130179
2024-05-10 09:43:33,4372.0,-104.18593733646216
2024-05-10 09:43:34,4373.0,-104.14548628831201
2024-05-10 09:43:35,4374.0,-104.10824754465189
2024-05-10 09:43:36,4375.0,-104.07463408328238
2024-05-10 09:43:37,4376.0,-104.04505888200403
2024-05-10 09:43:38,4377.0,-104.01993491861745
2024-05-10 09:43:39,4378.0,-103.99967517092318
2024-05-10 09:43:40,4379.0,-103.98469261672179
2024-05-10 09:43:41,4380.0,-103.97540023381389
2024-05-10 09:43:42,4381.0,-103.972211
2024-05-10 09:43:43,4382.0,-103.97784040237036
2024-05-10 09:43:44,4383.0,-103.99421684562962
2024-05-10 09:43:45,4384.0,-104.020572684
2024-05-10 09:43:46,4385.0,-104.05614027170371
2024-05-10 09:43:47,4386.0,-104.10015196296297
2024-05-10 09:43:48,4387.0,-104.151840112
2024-05-10 09:43:49,4388.0,-104.21043707303704
2024-05-10 09:43:50,4389.0,-104.2751752002963
2024-05-10 09:43:51,4390.0,-104.34528684800001
2024-05-10 09:43:52,4391.0,-104.42000437037038
2024-05-10 09:43:53,4392.0,-104.49856012162964
2024-05-10 09:43:54,4393.0,-104.580186456
2024-05-10 09:43:55,4394.0,-104.66411572770372
2024-05-10 09:43:56,4395.0,-104.74958029096297
2024-05-10 09:43:57,4396.0,-104.8358125
2024-05-10 09:43:58,4397.0,-104.92204470903705
2024-05-10 09:43:59,4398.0,-105.00750927229632
2024-05-10 09:44:00,4399.0,-105.09143854400001
2024-05-10 09:44:01,4400.0,-105.17306487837038
2024-05-10 09:44:02,4401.0,-105.25162062962964
2024-05-10 09:44:03,4402.0,-105.32633815200002
2024-05-10 09:44:04,4403.0,-105.39644979970372
2024-05-10 09:44:05,4404.0,-105.46118792696298
2024-05-10 09:44:06,4405.0,-105.51978488800002
2024-05-10 09:44:07,4406.0,-105.57147303703705
2024-05-10 09:44:08,4407.0,-105.61548472829631
2024-05-10 09:44:09,4408.0,-105.65105231600002
2024-05-10 09:44:10,4409.0,-105.67740815437038
2024-05-10 09:44:11,4410.0,-105.69378459762964
2024-05-10 09:44:12,4411.0,-105.69941400000002
2024-05-10 09:44:13,4412.0,-105.69748432296299
2024-05-10 09:44:14,4413.0,-105.69187071703705
2024-05-10 09:44:15,4414.0,-105.68283632000002
2024-05-10 09:44:16,4415.0,-105.67064426962965
2024-05-10 09:44:17,4416.0,-105.65555770370372
2024-05-10 09:44:18,4417.0,-105.63783976000002
2024-05-10 09:44:19,4418.0,-105.61775357629631
2024-05-10 09:44:20,4419.0,-105.59556229037038
2024-05-10 09:44:21,4420.0,-105.57152904000002
2024-05-10 09:44:22,4421.0,-105.54591696296298
2024-05-10 09:44:23,4422.0,-105.51898919703704
2024-05-10 09:44:24,4423.0,-105.49100888000001
2024-05-10 09:44:25,4424.0,-105.46223914962964
2024-05-10 09:44:26,4425.0,-105.43294314370372
2024-05-10 09:44:27,4426.0,-105.403384
2024-05-10 09:44:28,4427.0,-105.37382485629631
2024-05-10 09:44:29,4428.0,-105.34452885037038
2024-05-10 09:44:30,4429.0,-105.31575912000001
2024-05-10 09:44:31,4430.0,-105.28777880296298
2024-05-10 09:44:32,4431.0,-105.26085103703704
2024-05-10 09:44:33,4432.0,-105.23523896
2024-05-10 09:44:34,4433.0,-105.21120570962964
2024-05-10 09:44:35,4434.0,-105.18901442370371
2024-05-10 09:44:36,4435.0,-105.16892824
2024-05-10 09:44:37,4436.0,-105.1512102962963
2024-05-10 09:44:38,4437.0,-105.13612373037037
2024-05-10 09:44:39,4438.0,-105.12393168000001
2024-05-10 09:44:40,4439.0,-105.11489728296297
2024-05-10 09:44:41,4440.0,-105.10928367703703
2024-05-10 09:44:42,4441.0,-105.107354
2024-05-10 09:44:43,4442.0,-105.11012769481482
2024-05-10 09:44:44,4443.0,-105.11819662518518
2024-05-10 09:44:45,4444.0,-105.13118256
2024-05-10 09:44:46,4445.0,-105.14870726814814
2024-05-10 09:44:47,4446.0,-105.17039251851853
2024-05-10 09:44:48,4447.0,-105.19586008
2024-05-10 09:44:49,4448.0,-105.22473172148149
2024-05-10 09:44:50,4449.0,-105.25662921185186
2024-05-10 09:44:51,4450.0,-105.29117432000001
2024-05-10 09:44:52,4451.0,-105.32798881481482
2024-05-10 09:44:53,4452.0,-105.36669446518519
2024-05-10 09:44:54,4453.0,-105.40691303999999
2024-05-10 09:44:55,4454.0,-105.44826630814815
2024-05-10 09:44:56,4455.0,-105.49037603851852
2024-05-10 09:44:57,4456.0,-105.532864
2024-05-10 09:44:58,4457.0,-105.57535196148149
2024-05-10 09:44:59,4458.0,-105.61746169185186
2024-05-10 09:45:00,4459.0,-105.65881496
2024-05-10 09:45:01,4460.0,-105.69903353481482
2024-05-10 09:45:02,4461.0,-105.73773918518519
2024-05-10 09:45:03,4462.0,-105.77455368000001
2024-05-10 09:45:04,4463.0,-105.80909878814815
2024-05-10 09:45:05,4464.0,-105.84099627851852
2024-05-10 09:45:06,4465.0,-105.86986792
2024-05-10 09:45:07,4466.0,-105.8953354814815
2024-05-10 09:45:08,4467.0,-105.91702073185186
2024-05-10 09:45:09,4468.0,-105.93454544000001
2024-05-10 09:45:10,4469.0,-105.94753137481482
2024-05-10 09:45:11,4470.0,-105.95560030518519
2024-05-10 09:45:12,4471.0,-105.958374
2024-05-10 09:45:13,4472.0,-105.95633898370372
2024-05-10 09:45:14,4473.0,-105.9504189362963
2024-05-10 09:45:15,4474.0,-105.94089136000001
2024-05-10 09:45:16,4475.0,-105.92803375703704
2024-05-10 09:45:17,4476.0,-105.91212362962963
2024-05-10 09:45:18,4477.0,-105.89343848
2024-05-10 09:45:19,4478.0,-105.87225581037038
2024-05-10 09:45:20,4479.0,-105.84885312296296
2024-05-10 09:45:21,4480.0,-105.82350792000001
2024-05-10 09:45:22,4481.0,-105.79649770370371
2024-05-10 09:45:23,4482.0,-105.7680999762963
2024-05-10 09:45:24,4483.0,-105.73859224
2024-05-10 09:45:25,4484.0,-105.70825199703704
2024-05-10 09:45:26,4485.0,-105.67735674962962
2024-05-10 09:45:27,4486.0,-105.646184
2024-05-10 09:45:28,4487.0,-105.61501125037037
2024-05-10 09:45:29,4488.0,-105.58411600296297
2024-05-10 09:45:30,4489.0,-105.55377576000001
2024-05-10 09:45:31,4490.0,-105.52426802370371
2024-05-10 09:45:32,4491.0,-105.4958702962963
2024-05-10 09:45:33,4492.0,-105.46886008000001
2024-05-10 09:45:34,4493.0,-105.44351487703703
2024-05-10 09:45:35,4494.0,-105.42011218962963
2024-05-10 09:45:36,4495.0,-105.39892952000001
2024-05-10 09:45:37,4496.0,-105.38024437037038
2024-05-10 09:45:38,4497.0,-105.36433424296297
2024-05-10 09:45:39,4498.0,-105.35147664000002
2024-05-10 09:45:40,4499.0,-105.34194906370371
2024-05-10 09:45:41,4500.0,-105.33602901629631
2024-05-10 09:45:42,4501.0,-105.333994
2024-05-10 09:45:43,4502.0,-105.33545704506014
2024-05-10 09:45:44,4503.0,-105.3397488682782
2024-05-10 09:45:45,4504.0,-105.34672350171074
2024-05-10 09:45:46,4505.0,-105.35623497741426
2024-05-10 09:45:47,4506.0,-105.3681373274453
2024-05-10 09:45:48,4507.0,-105.38228458386038
2024-05-10 09:45:49,4508.0,-105.39853077871604
2024-05-10 09:45:50,4509.0,-105.41672994406878
2024-05-10 09:45:51,4510.0,-105.43673611197512
2024-05-10 09:45:52,4511.0,-105.45840331449162
2024-05-10 09:45:53,4512.0,-105.48158558367479
2024-05-10 09:45:54,4513.0,-105.50613695158114
2024-05-10 09:45:55,4514.0,-105.53191145026722
2024-05-10 09:45:56,4515.0,-105.55876311178953
2024-05-10 09:45:57,4516.0,-105.58654596820462
2024-05-10 09:45:58,4517.0,-105.615114051569
2024-05-10 09:45:59,4518.0,-105.6443213939392
2024-05-10 09:46:00,4519.0,-105.67402202737172
2024-05-10 09:46:01,4520.0,-105.70406998392312
2024-05-10 09:46:02,4521.0,-105.73431929564993
2024-05-10 09:46:03,4522.0,-105.76462399460863
2024-05-10 09:46:04,4523.0,-105.79483811285579
2024-05-10 09:46:05,4524.0,-105.8248156824479
2024-05-10 09:46:06,4525.0,-105.85441073544152
2024-05-10 09:46:07,4526.0,-105.88347730389316
2024-05-10 09:46:08,4527.0,-105.91186941985933
2024-05-10 09:46:09,4528.0,-105.93944111539659
2024-05-10 09:46:10,4529.0,-105.96604642256143
2024-05-10 09:46:11,4530.0,-105.99153937341039
2024-05-10 09:46:12,4531.0,-106.015774
2024-05-10 09:46:13,4532.0,-106.04017726066368
2024-05-10 09:46:14,4533.0,-106.06616078336448
2024-05-10 09:46:15,4534.0,-106.0935556046034
2024-05-10 09:46:16,4535.0,-106.12219276088139
2024-05-10 09:46:17,4536.0,-106.15190328869942
2024-05-10 09:46:18,4537.0,-106.18251822455846
2024-05-10 09:46:19,4538.0,-106.21386860495949
2024-05-10 09:46:20,4539.0,-106.24578546640346
2024-05-10 09:46:21,4540.0,-106.27809984539137
2024-05-10 09:46:22,4541.0,-106.31064277842414
2024-05-10 09:46:23,4542.0,-106.3432453020028
2024-05-10 09:46:24,4543.0,-106.37573845262828
2024-05-10 09:46:25,4544.0,-106.40795326680154
2024-05-10 09:46:26,4545.0,-106.4397207810236
2024-05-10 09:46:27,4546.0,-106.47087203179538
2024-05-10 09:46:28,4547.0,-106.50123805561788
2024-05-10 09:46:29,4548.0,-106.53064988899204
2024-05-10 09:46:30,4549.0,-106.55893856841885
2024-05-10 09:46:31,4550.0,-106.58593513039929
2024-05-10 09:46:32,4551.0,-106.61147061143431
2024-05-10 09:46:33,4552.0,-106.63537604802487
2024-05-10 09:46:34,4553.0,-106.65748247667197
2024-05-10 09:46:35,4554.0,-106.67762093387657
2024-05-10 09:46:36,4555.0,-106.69562245613962
2024-05-10 09:46:37,4556.0,-106.71131807996211
2024-05-10 09:46:38,4557.0,-106.72453884184499
2024-05-10 09:46:39,4558.0,-106.73511577828927
2024-05-10 09:46:40,4559.0,-106.74287992579588
2024-05-10 09:46:41,4560.0,-106.7476623208658
2024-05-10 09:46:42,4561.0,-106.749294
2024-05-10 09:46:43,4562.0,-106.74634572948148
2024-05-10 09:46:44,4563.0,-106.73776894251853
2024-05-10 09:46:45,4564.0,-106.723965676
2024-05-10 09:46:46,4565.0,-106.70533796681482
2024-05-10 09:46:47,4566.0,-106.68228785185187
2024-05-10 09:46:48,4567.0,-106.65521736800001
2024-05-10 09:46:49,4568.0,-106.62452855214816
2024-05-10 09:46:50,4569.0,-106.5906234411852
2024-05-10 09:46:51,4570.0,-106.55390407200002
2024-05-10 09:46:52,4571.0,-106.51477248148149
2024-05-10 09:46:53,4572.0,-106.47363070651853
2024-05-10 09:46:54,4573.0,-106.43088078400002
2024-05-10 09:46:55,4574.0,-106.38692475081483
2024-05-10 09:46:56,4575.0,-106.34216464385187
2024-05-10 09:46:57,4576.0,-106.29700250000002
2024-05-10 09:46:58,4577.0,-106.25184035614818
2024-05-10 09:46:59,4578.0,-106.20708024918521
2024-05-10 09:47:00,4579.0,-106.16312421600003
2024-05-10 09:47:01,4580.0,-106.12037429348152
2024-05-10 09:47:02,4581.0,-106.07923251851855
2024-05-10 09:47:03,4582.0,-106.04010092800003
2024-05-10 09:47:04,4583.0,-106.00338155881485
2024-05-10 09:47:05,4584.0,-105.96947644785189
2024-05-10 09:47:06,4585.0,-105.93878763200004
2024-05-10 09:47:07,4586.0,-105.9117171481482
2024-05-10 09:47:08,4587.0,-105.88866703318523
2024-05-10 09:47:09,4588.0,-105.87003932400005
2024-05-10 09:47:10,4589.0,-105.85623605748152
2024-05-10 09:47:11,4590.0,-105.84765927051856
2024-05-10 09:47:12,4591.0,-105.84471100000005
2024-05-10 09:47:13,4592.0,-105.8456294038519
2024-05-10 09:47:14,4593.0,-105.8483011241482
2024-05-10 09:47:15,4594.0,-105.85260092400004
2024-05-10 09:47:16,4595.0,-105.85840356651856
2024-05-10 09:47:17,4596.0,-105.86558381481487
2024-05-10 09:47:18,4597.0,-105.87401643200005
2024-05-10 09:47:19,4598.0,-105.88357618118523
2024-05-10 09:47:20,4599.0,-105.89413782548152
2024-05-10 09:47:21,4600.0,-105.90557612800005
2024-05-10 09:47:22,4601.0,-105.9177658518519
2024-05-10 09:47:23,4602.0,-105.93058176014819
2024-05-10 09:47:24,4603.0,-105.94389861600004
2024-05-10 09:47:25,4604.0,-105.95759118251856
2024-05-10 09:47:26,4605.0,-105.97153422281485
2024-05-10 09:47:27,4606.0,-105.98560250000004
2024-05-10 09:47:28,4607.0,-105.99967077718522
2024-05-10 09:47:29,4608.0,-106.01361381748151
2024-05-10 09:47:30,4609.0,-106.02730638400003
2024-05-10 09:47:31,4610.0,-106.04062323985188
2024-05-10 09:47:32,4611.0,-106.05343914814817
2024-05-10 09:47:33,4612.0,-106.06562887200002
2024-05-10 09:47:34,4613.0,-106.07706717451855
2024-05-10 09:47:35,4614.0,-106.08762881881485
2024-05-10 09:47:36,4615.0,-106.09718856800002
2024-05-10 09:47:37,4616.0,-106.10562118518521
2024-05-10 09:47:38,4617.0,-106.11280143348151
2024-05-10 09:47:39,4618.0,-106.11860407600003
2024-05-10 09:47:40,4619.0,-106.12290387585188
2024-05-10 09:47:41,4620.0,-106.12557559614817
2024-05-10 09:47:42,4621.0,-106.12649400000002
2024-05-10 09:47:43,4622.0,-106.12335826666668
2024-05-10 09:47:44,4623.0,-106.11423613333335
2024-05-10 09:47:45,4624.0,-106.09955520000003
2024-05-10 09:47:46,4625.0,-106.0797430666667
2024-05-10 09:47:47,4626.0,-106.05522733333335
2024-05-10 09:47:48,4627.0,-106.02643560000001
2024-05-10 09:47:49,4628.0,-105.99379546666668
2024-05-10 09:47:50,4629.0,-105.95773453333335
2024-05-10 09:47:51,4630.0,-105.91868040000001
2024-05-10 09:47:52,4631.0,-105.87706066666668
2024-05-10 09:47:53,4632.0,-105.83330293333334
2024-05-10 09:47:54,4633.0,-105.78783480000001
2024-05-10 09:47:55,4634.0,-105.74108386666667
2024-05-10 09:47:56,4635.0,-105.69347773333334
2024-05-10 09:47:57,4636.0,-105.645444
2024-05-10 09:47:58,4637.0,-105.59741026666666
2024-05-10 09:47:59,4638.0,-105.54980413333334
2024-05-10 09:48:00,4639.0,-105.50305319999998
2024-05-10 09:48:01,4640.0,-105.45758506666665
2024-05-10 09:48:02,4641.0,-105.41382733333332
2024-05-10 09:48:03,4642.0,-105.37220759999998
2024-05-10 09:48:04,4643.0,-105.33315346666664
2024-05-10 09:48:05,4644.0,-105.29709253333331
2024-05-10 09:48:06,4645.0,-105.26445239999998
2024-05-10 09:48:07,4646.0,-105.23566066666663
2024-05-10 09:48:08,4647.0,-105.21114493333332
2024-05-10 09:48:09,4648.0,-105.19133279999997
2024-05-10 09:48:10,4649.0,-105.17665186666663
2024-05-10 09:48:11,4650.0,-105.16752973333331
2024-05-10 09:48:12,4651.0,-105.16439399999997
2024-05-10 09:48:13,4652.0,-105.16579300444441
2024-05-10 09:48:14,4653.0,-105.16986283555553
2024-05-10 09:48:15,4654.0,-105.17641271999997
2024-05-10 09:48:16,4655.0,-105.18525188444443
2024-05-10 09:48:17,4656.0,-105.19618955555553
2024-05-10 09:48:18,4657.0,-105.20903495999998
2024-05-10 09:48:19,4658.0,-105.22359732444443
2024-05-10 09:48:20,4659.0,-105.23968587555554
2024-05-10 09:48:21,4660.0,-105.25710983999998
2024-05-10 09:48:22,4661.0,-105.27567844444442
2024-05-10 09:48:23,4662.0,-105.29520091555554
2024-05-10 09:48:24,4663.0,-105.31548647999999
2024-05-10 09:48:25,4664.0,-105.33634436444443
2024-05-10 09:48:26,4665.0,-105.35758379555554
2024-05-10 09:48:27,4666.0,-105.37901399999998
2024-05-10 09:48:28,4667.0,-105.40044420444444
2024-05-10 09:48:29,4668.0,-105.42168363555554
2024-05-10 09:48:30,4669.0,-105.44254151999999
2024-05-10 09:48:31,4670.0,-105.46282708444444
2024-05-10 09:48:32,4671.0,-105.48234955555556
2024-05-10 09:48:33,4672.0,-105.50091816
2024-05-10 09:48:34,4673.0,-105.51834212444444
2024-05-10 09:48:35,4674.0,-105.53443067555556
2024-05-10 09:48:36,4675.0,-105.54899304
2024-05-10 09:48:37,4676.0,-105.56183844444445
2024-05-10 09:48:38,4677.0,-105.57277611555556
2024-05-10 09:48:39,4678.0,-105.58161528000001
2024-05-10 09:48:40,4679.0,-105.58816516444445
2024-05-10 09:48:41,4680.0,-105.59223499555557
2024-05-10 09:48:42,4681.0,-105.59363400000001
2024-05-10 09:48:43,4682.0,-105.59216029333334
2024-05-10 09:48:44,4683.0,-105.58787314666668
2024-05-10 09:48:45,4684.0,-105.58097352000001
2024-05-10 09:48:46,4685.0,-105.57166237333334
2024-05-10 09:48:47,4686.0,-105.56014066666668
2024-05-10 09:48:48,4687.0,-105.54660936
2024-05-10 09:48:49,4688.0,-105.53126941333335
2024-05-10 09:48:50,4689.0,-105.51432178666667
2024-05-10 09:48:51,4690.0,-105.49596744
2024-05-10 09:48:52,4691.0,-105.47640733333334
2024-05-10 09:48:53,4692.0,-105.45584242666666
2024-05-10 09:48:54,4693.0,-105.43447368000001
2024-05-10 09:48:55,4694.0,-105.41250205333334
2024-05-10 09:48:56,4695.0,-105.39012850666667
2024-05-10 09:48:57,4696.0,-105.367554
2024-05-10 09:48:58,4697.0,-105.34497949333333
2024-05-10 09:48:59,4698.0,-105.32260594666667
2024-05-10 09:49:00,4699.0,-105.30063432
2024-05-10 09:49:01,4700.0,-105.27926557333333
2024-05-10 09:49:02,4701.0,-105.25870066666667
2024-05-10 09:49:03,4702.0,-105.23914056000001
2024-05-10 09:49:04,4703.0,-105.22078621333334
2024-05-10 09:49:05,4704.0,-105.20383858666668
2024-05-10 09:49:06,4705.0,-105.18849864
2024-05-10 09:49:07,4706.0,-105.17496733333334
2024-05-10 09:49:08,4707.0,-105.16344562666667
2024-05-10 09:49:09,4708.0,-105.15413448000001
2024-05-10 09:49:10,4709.0,-105.14723485333334
2024-05-10 09:49:11,4710.0,-105.14294770666667
2024-05-10 09:49:12,4711.0,-105.141474
2024-05-10 09:49:13,4712.0,-105.14508265185187
2024-05-10 09:49:14,4713.0,-105.15558054814815
2024-05-10 09:49:15,4714.0,-105.1724756
2024-05-10 09:49:16,4715.0,-105.19527571851852
2024-05-10 09:49:17,4716.0,-105.22348881481483
2024-05-10 09:49:18,4717.0,-105.2566228
2024-05-10 09:49:19,4718.0,-105.29418558518519
2024-05-10 09:49:20,4719.0,-105.33568508148149
2024-05-10 09:49:21,4720.0,-105.3806292
2024-05-10 09:49:22,4721.0,-105.42852585185186
2024-05-10 09:49:23,4722.0,-105.47888294814815
2024-05-10 09:49:24,4723.0,-105.53120840000001
2024-05-10 09:49:25,4724.0,-105.58501011851853
2024-05-10 09:49:26,4725.0,-105.63979601481482
2024-05-10 09:49:27,4726.0,-105.695074
2024-05-10 09:49:28,4727.0,-105.75035198518519
2024-05-10 09:49:29,4728.0,-105.80513788148149
2024-05-10 09:49:30,4729.0,-105.85893960000001
2024-05-10 09:49:31,4730.0,-105.91126505185186
2024-05-10 09:49:32,4731.0,-105.96162214814815
2024-05-10 09:49:33,4732.0,-106.00951880000001
2024-05-10 09:49:34,4733.0,-106.05446291851852
2024-05-10 09:49:35,4734.0,-106.09596241481482
2024-05-10 09:49:36,4735.0,-106.13352520000001
2024-05-10 09:49:37,4736.0,-106.1666591851852
2024-05-10 09:49:38,4737.0,-106.19487228148148
2024-05-10 09:49:39,4738.0,-106.2176724
2024-05-10 09:49:40,4739.0,-106.23456745185186
2024-05-10 09:49:41,4740.0,-106.24506534814816
2024-05-10 09:49:42,4741.0,-106.24867400000001
2024-05-10 09:49:43,4742.0,-106.2451663851852
2024-05-10 09:49:44,4743.0,-106.23496241481483
2024-05-10 09:49:45,4744.0,-106.21854040000001
2024-05-10 09:49:46,4745.0,-106.19637865185187
2024-05-10 09:49:47,4746.0,-106.16895548148149
2024-05-10 09:49:48,4747.0,-106.13674920000001
2024-05-10 09:49:49,4748.0,-106.10023811851852
2024-05-10 09:49:50,4749.0,-106.05990054814815
2024-05-10 09:49:51,4750.0,-106.0162148
2024-05-10 09:49:52,4751.0,-105.9696591851852
2024-05-10 09:49:53,4752.0,-105.92071201481481
2024-05-10 09:49:54,4753.0,-105.8698516
2024-05-10 09:49:55,4754.0,-105.81755625185185
2024-05-10 09:49:56,4755.0,-105.76430428148149
2024-05-10 09:49:57,4756.0,-105.71057400000001
2024-05-10 09:49:58,4757.0,-105.65684371851852
2024-05-10 09:49:59,4758.0,-105.60359174814815
2024-05-10 09:50:00,4759.0,-105.5512964
2024-05-10 09:50:01,4760.0,-105.50043598518518
2024-05-10 09:50:02,4761.0,-105.45148881481482
2024-05-10 09:50:03,4762.0,-105.4049332
2024-05-10 09:50:04,4763.0,-105.36124745185185
2024-05-10 09:50:05,4764.0,-105.32090988148147
2024-05-10 09:50:06,4765.0,-105.28439879999999
2024-05-10 09:50:07,4766.0,-105.25219251851851
2024-05-10 09:50:08,4767.0,-105.22476934814814
2024-05-10 09:50:09,4768.0,-105.2026076
2024-05-10 09:50:10,4769.0,-105.18618558518519
2024-05-10 09:50:11,4770.0,-105.1759816148148
2024-05-10 09:50:12,4771.0,-105.172474
2024-05-10 09:50:13,4772.0,-105.17773900740741
2024-05-10 09:50:14,4773.0,-105.1930553925926
2024-05-10 09:50:15,4774.0,-105.2177052
2024-05-10 09:50:16,4775.0,-105.25097047407408
2024-05-10 09:50:17,4776.0,-105.29213325925926
2024-05-10 09:50:18,4777.0,-105.34047559999999
2024-05-10 09:50:19,4778.0,-105.39527954074075
2024-05-10 09:50:20,4779.0,-105.45582712592594
2024-05-10 09:50:21,4780.0,-105.5214004
2024-05-10 09:50:22,4781.0,-105.59128140740741
2024-05-10 09:50:23,4782.0,-105.6647521925926
2024-05-10 09:50:24,4783.0,-105.7410948
2024-05-10 09:50:25,4784.0,-105.81959127407409
2024-05-10 09:50:26,4785.0,-105.89952365925927
2024-05-10 09:50:27,4786.0,-105.980174
2024-05-10 09:50:28,4787.0,-106.06082434074075
2024-05-10 09:50:29,4788.0,-106.14075672592594
2024-05-10 09:50:30,4789.0,-106.21925320000001
2024-05-10 09:50:31,4790.0,-106.29559580740742
2024-05-10 09:50:32,4791.0,-106.3690665925926
2024-05-10 09:50:33,4792.0,-106.4389476
2024-05-10 09:50:34,4793.0,-106.50452087407409
2024-05-10 09:50:35,4794.0,-106.56506845925928
2024-05-10 09:50:36,4795.0,-106.61987240000002
2024-05-10 09:50:37,4796.0,-106.66821474074077
2024-05-10 09:50:38,4797.0,-106.70937752592594
2024-05-10 09:50:39,4798.0,-106.74264280000001
2024-05-10 09:50:40,4799.0,-106.76729260740743
2024-05-10 09:50:41,4800.0,-106.78260899259261
2024-05-10 09:50:42,4801.0,-106.78787400000002
2024-05-10 09:50:43,4802.0,-106.78354525066669
2024-05-10 09:50:44,4803.0,-106.77095252533336
2024-05-10 09:50:45,4804.0,-106.75068610800002
2024-05-10 09:50:46,4805.0,-106.72333628266668
2024-05-10 09:50:47,4806.0,-106.68949333333335
2024-05-10 09:50:48,4807.0,-106.64974754400002
2024-05-10 09:50:49,4808.0,-106.60468919866668
2024-05-10 09:50:50,4809.0,-106.55490858133335
2024-05-10 09:50:51,4810.0,-106.50099597600001
2024-05-10 09:50:52,4811.0,-106.44354166666669
2024-05-10 09:50:53,4812.0,-106.38313593733336
2024-05-10 09:50:54,4813.0,-106.32036907200002
2024-05-10 09:50:55,4814.0,-106.25583135466668
2024-05-10 09:50:56,4815.0,-106.19011306933335
2024-05-10 09:50:57,4816.0,-106.1238045
2024-05-10 09:50:58,4817.0,-106.05749593066668
2024-05-10 09:50:59,4818.0,-105.99177764533336
2024-05-10 09:51:00,4819.0,-105.92723992800002
2024-05-10 09:51:01,4820.0,-105.86447306266669
2024-05-10 09:51:02,4821.0,-105.80406733333335
2024-05-10 09:51:03,4822.0,-105.74661302400001
2024-05-10 09:51:04,4823.0,-105.69270041866669
2024-05-10 09:51:05,4824.0,-105.64291980133335
2024-05-10 09:51:06,4825.0,-105.59786145600002
2024-05-10 09:51:07,4826.0,-105.55811566666668
2024-05-10 09:51:08,4827.0,-105.52427271733335
2024-05-10 09:51:09,4828.0,-105.49692289200001
2024-05-10 09:51:10,4829.0,-105.47665647466668
2024-05-10 09:51:11,4830.0,-105.46406374933335
2024-05-10 09:51:12,4831.0,-105.45973500000002
2024-05-10 09:51:13,4832.0,-105.4656449463704
2024-05-10 09:51:14,4833.0,-105.48283751762965
2024-05-10 09:51:15,4834.0,-105.51050681200003
2024-05-10 09:51:16,4835.0,-105.54784692770372
2024-05-10 09:51:17,4836.0,-105.59405196296298
2024-05-10 09:51:18,4837.0,-105.64831601600002
2024-05-10 09:51:19,4838.0,-105.70983318503707
2024-05-10 09:51:20,4839.0,-105.77779756829632
2024-05-10 09:51:21,4840.0,-105.85140326400003
2024-05-10 09:51:22,4841.0,-105.9298443703704
2024-05-10 09:51:23,4842.0,-106.01231498562966
2024-05-10 09:51:24,4843.0,-106.09800920800002
2024-05-10 09:51:25,4844.0,-106.18612113570373
2024-05-10 09:51:26,4845.0,-106.27584486696298
2024-05-10 09:51:27,4846.0,-106.3663745
2024-05-10 09:51:28,4847.0,-106.45690413303706
2024-05-10 09:51:29,4848.0,-106.54662786429633
2024-05-10 09:51:30,4849.0,-106.63473979200002
2024-05-10 09:51:31,4850.0,-106.7204340143704
2024-05-10 09:51:32,4851.0,-106.80290462962965
2024-05-10 09:51:33,4852.0,-106.88134573600001
2024-05-10 09:51:34,4853.0,-106.95495143170372
2024-05-10 09:51:35,4854.0,-107.02291581496299
2024-05-10 09:51:36,4855.0,-107.08443298400002
2024-05-10 09:51:37,4856.0,-107.13869703703705
2024-05-10 09:51:38,4857.0,-107.18490207229631
2024-05-10 09:51:39,4858.0,-107.22224218800002
2024-05-10 09:51:40,4859.0,-107.2499114823704
2024-05-10 09:51:41,4860.0,-107.26710405362965
2024-05-10 09:51:42,4861.0,-107.27301400000002
2024-05-10 09:51:43,4862.0,-107.2702586580741
2024-05-10 09:51:44,4863.0,-107.26224311792595
2024-05-10 09:51:45,4864.0,-107.24934310800002
2024-05-10 09:51:46,4865.0,-107.23193435674075
2024-05-10 09:51:47,4866.0,-107.21039259259261
2024-05-10 09:51:48,4867.0,-107.18509354400003
2024-05-10 09:51:49,4868.0,-107.15641293940743
2024-05-10 09:51:50,4869.0,-107.12472650725927
2024-05-10 09:51:51,4870.0,-107.09040997600002
2024-05-10 09:51:52,4871.0,-107.05383907407409
2024-05-10 09:51:53,4872.0,-107.01538952992594
2024-05-10 09:51:54,4873.0,-106.975437072
2024-05-10 09:51:55,4874.0,-106.93435742874075
2024-05-10 09:51:56,4875.0,-106.89252632859261
2024-05-10 09:51:57,4876.0,-106.85031950000001
2024-05-10 09:51:58,4877.0,-106.80811267140741
2024-05-10 09:51:59,4878.0,-106.76628157125927
2024-05-10 09:52:00,4879.0,-106.725201928
2024-05-10 09:52:01,4880.0,-106.68524947007408
2024-05-10 09:52:02,4881.0,-106.64679992592593
2024-05-10 09:52:03,4882.0,-106.610229024
2024-05-10 09:52:04,4883.0,-106.57591249274074
2024-05-10 09:52:05,4884.0,-106.5442260605926
2024-05-10 09:52:06,4885.0,-106.51554545600001
2024-05-10 09:52:07,4886.0,-106.49024640740743
2024-05-10 09:52:08,4887.0,-106.46870464325927
2024-05-10 09:52:09,4888.0,-106.451295892
2024-05-10 09:52:10,4889.0,-106.43839588207408
2024-05-10 09:52:11,4890.0,-106.43038034192593
2024-05-10 09:52:12,4891.0,-106.427625
2024-05-10 09:52:13,4892.0,-106.42777298041645
2024-05-10 09:52:14,4893.0,-106.42821352727888
2024-05-10 09:52:15,4894.0,-106.42894154900685
2024-05-10 09:52:16,4895.0,-106.42995195401996
2024-05-10 09:52:17,4896.0,-106.43123965073778
2024-05-10 09:52:18,4897.0,-106.4327995475799
2024-05-10 09:52:19,4898.0,-106.43462655296592
2024-05-10 09:52:20,4899.0,-106.43671557531539
2024-05-10 09:52:21,4900.0,-106.43906152304793
2024-05-10 09:52:22,4901.0,-106.4416593045831
2024-05-10 09:52:23,4902.0,-106.4445038283405
2024-05-10 09:52:24,4903.0,-106.4475900027397
2024-05-10 09:52:25,4904.0,-106.4509127362003
2024-05-10 09:52:26,4905.0,-106.45446693714186
2024-05-10 09:52:27,4906.0,-106.45824751398398
2024-05-10 09:52:28,4907.0,-106.46224937514624
2024-05-10 09:52:29,4908.0,-106.46646742904824
2024-05-10 09:52:30,4909.0,-106.47089658410954
2024-05-10 09:52:31,4910.0,-106.47553174874973
2024-05-10 09:52:32,4911.0,-106.48036783138842
2024-05-10 09:52:33,4912.0,-106.48539974044516
2024-05-10 09:52:34,4913.0,-106.49062238433953
2024-05-10 09:52:35,4914.0,-106.49603067149116
2024-05-10 09:52:36,4915.0,-106.50161951031959
2024-05-10 09:52:37,4916.0,-106.50738380924442
2024-05-10 09:52:38,4917.0,-106.51331847668521
2024-05-10 09:52:39,4918.0,-106.5194184210616
2024-05-10 09:52:40,4919.0,-106.52567855079313
2024-05-10 09:52:41,4920.0,-106.5320937742994
2024-05-10 09:52:42,4921.0,-106.53865899999998
2024-05-10 09:52:43,4922.0,-106.54800793295983
2024-05-10 09:52:44,4923.0,-106.56252121394758
2024-05-10 09:52:45,4924.0,-106.58181415493836
2024-05-10 09:52:46,4925.0,-106.60550206790734
2024-05-10 09:52:47,4926.0,-106.63320026482963
2024-05-10 09:52:48,4927.0,-106.6645240576804
2024-05-10 09:52:49,4928.0,-106.69908875843474
2024-05-10 09:52:50,4929.0,-106.73650967906784
2024-05-10 09:52:51,4930.0,-106.77640213155482
2024-05-10 09:52:52,4931.0,-106.81838142787083
2024-05-10 09:52:53,4932.0,-106.86206287999097
2024-05-10 09:52:54,4933.0,-106.90706179989044
2024-05-10 09:52:55,4934.0,-106.95299349954433
2024-05-10 09:52:56,4935.0,-106.99947329092782
2024-05-10 09:52:57,4936.0,-107.04611648601602
2024-05-10 09:52:58,4937.0,-107.09253839678406
2024-05-10 09:52:59,4938.0,-107.13835433520711
2024-05-10 09:53:00,4939.0,-107.18317961326031
2024-05-10 09:53:01,4940.0,-107.22662954291876
2024-05-10 09:53:02,4941.0,-107.26831943615763
2024-05-10 09:53:03,4942.0,-107.30786460495207
2024-05-10 09:53:04,4943.0,-107.3448803612772
2024-05-10 09:53:05,4944.0,-107.37898201710817
2024-05-10 09:53:06,4945.0,-107.4097848844201
2024-05-10 09:53:07,4946.0,-107.43690427518816
2024-05-10 09:53:08,4947.0,-107.45995550138747
2024-05-10 09:53:09,4948.0,-107.47855387499317
2024-05-10 09:53:10,4949.0,-107.49231470798038
2024-05-10 09:53:11,4950.0,-107.5008533123243
2024-05-10 09:53:12,4951.0,-107.50378500000001
2024-05-10 09:53:13,4952.0,-107.5011964962963
2024-05-10 09:53:14,4953.0,-107.49366630370372
2024-05-10 09:53:15,4954.0,-107.48154740000001
2024-05-10 09:53:16,4955.0,-107.46519276296297
2024-05-10 09:53:17,4956.0,-107.44495537037038
2024-05-10 09:53:18,4957.0,-107.4211882
2024-05-10 09:53:19,4958.0,-107.39424422962963
2024-05-10 09:53:20,4959.0,-107.36447643703704
2024-05-10 09:53:21,4960.0,-107.3322378
2024-05-10 09:53:22,4961.0,-107.2978812962963
2024-05-10 09:53:23,4962.0,-107.2617599037037
2024-05-10 09:53:24,4963.0,-107.2242266
2024-05-10 09:53:25,4964.0,-107.18563436296297
2024-05-10 09:53:26,4965.0,-107.14633617037036
2024-05-10 09:53:27,4966.0,-107.106685
2024-05-10 09:53:28,4967.0,-107.06703382962962
2024-05-10 09:53:29,4968.0,-107.02773563703704
2024-05-10 09:53:30,4969.0,-106.9891434
2024-05-10 09:53:31,4970.0,-106.95161009629629
2024-05-10 09:53:32,4971.0,-106.9154887037037
2024-05-10 09:53:33,4972.0,-106.8811322
2024-05-10 09:53:34,4973.0,-106.84889356296296
2024-05-10 09:53:35,4974.0,-106.81912577037036
2024-05-10 09:53:36,4975.0,-106.7921818
2024-05-10 09:53:37,4976.0,-106.76841462962963
2024-05-10 09:53:38,4977.0,-106.74817723703703
2024-05-10 09:53:39,4978.0,-106.73182259999999
2024-05-10 09:53:40,4979.0,-106.71970369629628
2024-05-10 09:53:41,4980.0,-106.7121735037037
2024-05-10 09:53:42,4981.0,-106.70958499999999
2024-05-10 09:53:43,4982.0,-106.71106482429629
2024-05-10 09:53:44,4983.0,-106.7153697677037
2024-05-10 09:53:45,4984.0,-106.722298036
2024-05-10 09:53:46,4985.0,-106.73164783496294
2024-05-10 09:53:47,4986.0,-106.74321737037036
2024-05-10 09:53:48,4987.0,-106.75680484799999
2024-05-10 09:53:49,4988.0,-106.77220847362962
2024-05-10 09:53:50,4989.0,-106.78922645303702
2024-05-10 09:53:51,4990.0,-106.80765699199999
2024-05-10 09:53:52,4991.0,-106.82729829629629
2024-05-10 09:53:53,4992.0,-106.8479485717037
2024-05-10 09:53:54,4993.0,-106.86940602399999
2024-05-10 09:53:55,4994.0,-106.89146885896295
2024-05-10 09:53:56,4995.0,-106.91393528237036
2024-05-10 09:53:57,4996.0,-106.93660349999999
2024-05-10 09:53:58,4997.0,-106.95927171762962
2024-05-10 09:53:59,4998.0,-106.98173814103703
2024-05-10 09:54:00,4999.0,-107.003800976
2024-05-10 09:54:01,5000.0,-107.02525842829628
2024-05-10 09:54:02,5001.0,-107.0459087037037
2024-05-10 09:54:03,5002.0,-107.06555000799999
2024-05-10 09:54:04,5003.0,-107.08398054696295
2024-05-10 09:54:05,5004.0,-107.10099852637036
2024-05-10 09:54:06,5005.0,-107.11640215199998
2024-05-10 09:54:07,5006.0,-107.12998962962962
2024-05-10 09:54:08,5007.0,-107.14155916503702
2024-05-10 09:54:09,5008.0,-107.15090896399998
2024-05-10 09:54:10,5009.0,-107.15783723229629
2024-05-10 09:54:11,5010.0,-107.16214217570369
2024-05-10 09:54:12,5011.0,-107.16362199999999
2024-05-10 09:54:13,5012.0,-107.16316590903702
2024-05-10 09:54:14,5013.0,-107.16183909896294
2024-05-10 09:54:15,5014.0,-107.15970376399999
2024-05-10 09:54:16,5015.0,-107.15682209837036
2024-05-10 09:54:17,5016.0,-107.15325629629628
2024-05-10 09:54:18,5017.0,-107.14906855199999
2024-05-10 09:54:19,5018.0,-107.1443210597037
2024-05-10 09:54:20,5019.0,-107.1390760136296
2024-05-10 09:54:21,5020.0,-107.13339560799999
2024-05-10 09:54:22,5021.0,-107.12734203703702
2024-05-10 09:54:23,5022.0,-107.12097749496294
2024-05-10 09:54:24,5023.0,-107.114364176
2024-05-10 09:54:25,5024.0,-107.10756427437036
2024-05-10 09:54:26,5025.0,-107.10063998429628
2024-05-10 09:54:27,5026.0,-107.09365349999999
2024-05-10 09:54:28,5027.0,-107.0866670157037
2024-05-10 09:54:29,5028.0,-107.07974272562961
2024-05-10 09:54:30,5029.0,-107.072942824
2024-05-10 09:54:31,5030.0,-107.06632950503702
2024-05-10 09:54:32,5031.0,-107.05996496296295
2024-05-10 09:54:33,5032.0,-107.05391139199999
2024-05-10 09:54:34,5033.0,-107.04823098637036
2024-05-10 09:54:35,5034.0,-107.04298594029629
2024-05-10 09:54:36,5035.0,-107.03823844799999
2024-05-10 09:54:37,5036.0,-107.03405070370368
2024-05-10 09:54:38,5037.0,-107.03048490162962
2024-05-10 09:54:39,5038.0,-107.02760323599998
2024-05-10 09:54:40,5039.0,-107.02546790103702
2024-05-10 09:54:41,5040.0,-107.02414109096294
2024-05-10 09:54:42,5041.0,-107.02368499999999
2024-05-10 09:54:43,5042.0,-107.02487324118516
2024-05-10 09:54:44,5043.0,-107.0283299428148
2024-05-10 09:54:45,5044.0,-107.03389307199998
2024-05-10 09:54:46,5045.0,-107.04140059585184
2024-05-10 09:54:47,5046.0,-107.05069048148147
2024-05-10 09:54:48,5047.0,-107.06160069599999
2024-05-10 09:54:49,5048.0,-107.07396920651851
2024-05-10 09:54:50,5049.0,-107.08763398014813
2024-05-10 09:54:51,5050.0,-107.10243298399998
2024-05-10 09:54:52,5051.0,-107.11820418518516
2024-05-10 09:54:53,5052.0,-107.1347855508148
2024-05-10 09:54:54,5053.0,-107.15201504799998
2024-05-10 09:54:55,5054.0,-107.16973064385184
2024-05-10 09:54:56,5055.0,-107.18777030548146
2024-05-10 09:54:57,5056.0,-107.20597199999997
2024-05-10 09:54:58,5057.0,-107.2241736945185
2024-05-10 09:54:59,5058.0,-107.24221335614813
2024-05-10 09:55:00,5059.0,-107.25992895199998
2024-05-10 09:55:01,5060.0,-107.27715844918517
2024-05-10 09:55:02,5061.0,-107.29373981481478
2024-05-10 09:55:03,5062.0,-107.30951101599999
2024-05-10 09:55:04,5063.0,-107.32431001985184
2024-05-10 09:55:05,5064.0,-107.33797479348146
2024-05-10 09:55:06,5065.0,-107.35034330399998
2024-05-10 09:55:07,5066.0,-107.3612535185185
2024-05-10 09:55:08,5067.0,-107.37054340414812
2024-05-10 09:55:09,5068.0,-107.37805092799998
2024-05-10 09:55:10,5069.0,-107.38361405718517
2024-05-10 09:55:11,5070.0,-107.38707075881479
2024-05-10 09:55:12,5071.0,-107.38825899999998
2024-05-10 09:55:13,5072.0,-107.38809526459256
2024-05-10 09:55:14,5073.0,-107.38761894340739
2024-05-10 09:55:15,5074.0,-107.38685236399998
2024-05-10 09:55:16,5075.0,-107.3858178539259
2024-05-10 09:55:17,5076.0,-107.38453774074071
2024-05-10 09:55:18,5077.0,-107.38303435199998
2024-05-10 09:55:19,5078.0,-107.38133001525924
2024-05-10 09:55:20,5079.0,-107.37944705807406
2024-05-10 09:55:21,5080.0,-107.37740780799999
2024-05-10 09:55:22,5081.0,-107.37523459259258
2024-05-10 09:55:23,5082.0,-107.37294973940739
2024-05-10 09:55:24,5083.0,-107.370575576
2024-05-10 09:55:25,5084.0,-107.36813442992592
2024-05-10 09:55:26,5085.0,-107.36564862874073
2024-05-10 09:55:27,5086.0,-107.3631405
2024-05-10 09:55:28,5087.0,-107.36063237125926
2024-05-10 09:55:29,5088.0,-107.35814657007408
2024-05-10 09:55:30,5089.0,-107.35570542399999
2024-05-10 09:55:31,5090.0,-107.35333126059258
2024-05-10 09:55:32,5091.0,-107.35104640740741
2024-05-10 09:55:33,5092.0,-107.348873192
2024-05-10 09:55:34,5093.0,-107.34683394192592
2024-05-10 09:55:35,5094.0,-107.34495098474075
2024-05-10 09:55:36,5095.0,-107.343246648
2024-05-10 09:55:37,5096.0,-107.34174325925926
2024-05-10 09:55:38,5097.0,-107.34046314607409
2024-05-10 09:55:39,5098.0,-107.33942863600001
2024-05-10 09:55:40,5099.0,-107.3386620565926
2024-05-10 09:55:41,5100.0,-107.33818573540742
2024-05-10 09:55:42,5101.0,-107.33802200000001
2024-05-10 09:55:43,5102.0,-107.33824263774558
2024-05-10 09:55:44,5103.0,-107.33888682317067
2024-05-10 09:55:45,5104.0,-107.33992796455779
2024-05-10 09:55:46,5105.0,-107.34133947018945
2024-05-10 09:55:47,5106.0,-107.3430947483482
2024-05-10 09:55:48,5107.0,-107.34516720731655
2024-05-10 09:55:49,5108.0,-107.34753025537702
2024-05-10 09:55:50,5109.0,-107.35015730081214
2024-05-10 09:55:51,5110.0,-107.35302175190445
2024-05-10 09:55:52,5111.0,-107.35609701693643
2024-05-10 09:55:53,5112.0,-107.35935650419067
2024-05-10 09:55:54,5113.0,-107.36277362194963
2024-05-10 09:55:55,5114.0,-107.36632177849586
2024-05-10 09:55:56,5115.0,-107.36997438211189
2024-05-10 09:55:57,5116.0,-107.37370484108024
2024-05-10 09:55:58,5117.0,-107.37748656368343
2024-05-10 09:55:59,5118.0,-107.38129295820399
2024-05-10 09:56:00,5119.0,-107.38509743292443
2024-05-10 09:56:01,5120.0,-107.3888733961273
2024-05-10 09:56:02,5121.0,-107.3925942560951
2024-05-10 09:56:03,5122.0,-107.39623342111035
2024-05-10 09:56:04,5123.0,-107.39976429945561
2024-05-10 09:56:05,5124.0,-107.40316029941336
2024-05-10 09:56:06,5125.0,-107.40639482926615
2024-05-10 09:56:07,5126.0,-107.40944129729651
2024-05-10 09:56:08,5127.0,-107.41227311178694
2024-05-10 09:56:09,5128.0,-107.41486368101998
2024-05-10 09:56:10,5129.0,-107.41718641327816
2024-05-10 09:56:11,5130.0,-107.419214716844
2024-05-10 09:56:12,5131.0,-107.42092199999999
2024-05-10 09:56:13,5132.0,-107.42246326626712
2024-05-10 09:56:14,5133.0,-107.42400861161072
2024-05-10 09:56:15,5134.0,-107.42555408298
2024-05-10 09:56:16,5135.0,-107.42709572732414
2024-05-10 09:56:17,5136.0,-107.42862959159237
2024-05-10 09:56:18,5137.0,-107.43015172273383
2024-05-10 09:56:19,5138.0,-107.43165816769775
2024-05-10 09:56:20,5139.0,-107.43314497343327
2024-05-10 09:56:21,5140.0,-107.43460818688965
2024-05-10 09:56:22,5141.0,-107.43604385501601
2024-05-10 09:56:23,5142.0,-107.4374480247616
2024-05-10 09:56:24,5143.0,-107.43881674307558
2024-05-10 09:56:25,5144.0,-107.44014605690712
2024-05-10 09:56:26,5145.0,-107.44143201320546
2024-05-10 09:56:27,5146.0,-107.44267065891977
2024-05-10 09:56:28,5147.0,-107.44385804099922
2024-05-10 09:56:29,5148.0,-107.44499020639303
2024-05-10 09:56:30,5149.0,-107.44606320205037
2024-05-10 09:56:31,5150.0,-107.44707307492047
2024-05-10 09:56:32,5151.0,-107.44801587195248
2024-05-10 09:56:33,5152.0,-107.44888764009558
2024-05-10 09:56:34,5153.0,-107.44968442629899
2024-05-10 09:56:35,5154.0,-107.4504022775119
2024-05-10 09:56:36,5155.0,-107.45103724068349
2024-05-10 09:56:37,5156.0,-107.45158536276294
2024-05-10 09:56:38,5157.0,-107.45204269069946
2024-05-10 09:56:39,5158.0,-107.45240527144225
2024-05-10 09:56:40,5159.0,-107.45266915194047
2024-05-10 09:56:41,5160.0,-107.45283037914332
2024-05-10 09:56:42,5161.0,-107.45288500000002
2024-05-10 09:56:43,5162.0,-107.44918671851855
2024-05-10 09:56:44,5163.0,-107.4384280814815
2024-05-10 09:56:45,5164.0,-107.42111340000002
2024-05-10 09:56:46,5165.0,-107.39774698518521
2024-05-10 09:56:47,5166.0,-107.36883314814817
2024-05-10 09:56:48,5167.0,-107.33487620000001
2024-05-10 09:56:49,5168.0,-107.29638045185186
2024-05-10 09:56:50,5169.0,-107.25385021481483
2024-05-10 09:56:51,5170.0,-107.20778980000001
2024-05-10 09:56:52,5171.0,-107.15870351851854
2024-05-10 09:56:53,5172.0,-107.1070956814815
2024-05-10 09:56:54,5173.0,-107.05347060000001
2024-05-10 09:56:55,5174.0,-106.99833258518521
2024-05-10 09:56:56,5175.0,-106.94218594814816
2024-05-10 09:56:57,5176.0,-106.885535
2024-05-10 09:56:58,5177.0,-106.82888405185187
2024-05-10 09:56:59,5178.0,-106.77273741481483
2024-05-10 09:57:00,5179.0,-106.71759940000001
2024-05-10 09:57:01,5180.0,-106.66397431851853
2024-05-10 09:57:02,5181.0,-106.61236648148149
2024-05-10 09:57:03,5182.0,-106.5632802
2024-05-10 09:57:04,5183.0,-106.51721978518519
2024-05-10 09:57:05,5184.0,-106.47468954814815
2024-05-10 09:57:06,5185.0,-106.43619380000001
2024-05-10 09:57:07,5186.0,-106.40223685185185
2024-05-10 09:57:08,5187.0,-106.37332301481482
2024-05-10 09:57:09,5188.0,-106.3499566
2024-05-10 09:57:10,5189.0,-106.33264191851852
2024-05-10 09:57:11,5190.0,-106.32188328148148
2024-05-10 09:57:12,5191.0,-106.318185
2024-05-10 09:57:13,5192.0,-106.32299919644446
2024-05-10 09:57:14,5193.0,-106.33700413155555
2024-05-10 09:57:15,5194.0,-106.359543324
2024-05-10 09:57:16,5195.0,-106.38996029244444
2024-05-10 09:57:17,5196.0,-106.42759855555556
2024-05-10 09:57:18,5197.0,-106.471801632
2024-05-10 09:57:19,5198.0,-106.52191304044445
2024-05-10 09:57:20,5199.0,-106.57727629955556
2024-05-10 09:57:21,5200.0,-106.637234928
2024-05-10 09:57:22,5201.0,-106.70113244444445
2024-05-10 09:57:23,5202.0,-106.76831236755555
2024-05-10 09:57:24,5203.0,-106.83811821599998
2024-05-10 09:57:25,5204.0,-106.90989350844444
2024-05-10 09:57:26,5205.0,-106.98298176355556
2024-05-10 09:57:27,5206.0,-107.0567265
2024-05-10 09:57:28,5207.0,-107.13047123644444
2024-05-10 09:57:29,5208.0,-107.20355949155555
2024-05-10 09:57:30,5209.0,-107.275334784
2024-05-10 09:57:31,5210.0,-107.34514063244444
2024-05-10 09:57:32,5211.0,-107.41232055555555
2024-05-10 09:57:33,5212.0,-107.476218072
2024-05-10 09:57:34,5213.0,-107.53617670044444
2024-05-10 09:57:35,5214.0,-107.59153995955555
2024-05-10 09:57:36,5215.0,-107.641651368
2024-05-10 09:57:37,5216.0,-107.68585444444444
2024-05-10 09:57:38,5217.0,-107.72349270755555
2024-05-10 09:57:39,5218.0,-107.75390967599999
2024-05-10 09:57:40,5219.0,-107.77644886844443
2024-05-10 09:57:41,5220.0,-107.79045380355554
2024-05-10 09:57:42,5221.0,-107.795268
2024-05-10 09:57:43,5222.0,-107.79463510938668
2024-05-10 09:57:44,5223.0,-107.79276249740147
2024-05-10 09:57:45,5224.0,-107.78968925382641
2024-05-10 09:57:46,5225.0,-107.78545446844356
2024-05-10 09:57:47,5226.0,-107.78009723103501
2024-05-10 09:57:48,5227.0,-107.77365663138279
2024-05-10 09:57:49,5228.0,-107.766171759269
2024-05-10 09:57:50,5229.0,-107.75768170447569
2024-05-10 09:57:51,5230.0,-107.74822555678489
2024-05-10 09:57:52,5231.0,-107.73784240597871
2024-05-10 09:57:53,5232.0,-107.72657134183919
2024-05-10 09:57:54,5233.0,-107.7144514541484
2024-05-10 09:57:55,5234.0,-107.70152183268843
2024-05-10 09:57:56,5235.0,-107.68782156724129
2024-05-10 09:57:57,5236.0,-107.67338974758907
2024-05-10 09:57:58,5237.0,-107.65826546351386
2024-05-10 09:57:59,5238.0,-107.64248780479768
2024-05-10 09:58:00,5239.0,-107.62609586122262
2024-05-10 09:58:01,5240.0,-107.60912872257073
2024-05-10 09:58:02,5241.0,-107.5916254786241
2024-05-10 09:58:03,5242.0,-107.57362521916477
2024-05-10 09:58:04,5243.0,-107.5551670339748
2024-05-10 09:58:05,5244.0,-107.53629001283626
2024-05-10 09:58:06,5245.0,-107.51703324553122
2024-05-10 09:58:07,5246.0,-107.49743582184175
2024-05-10 09:58:08,5247.0,-107.4775368315499
2024-05-10 09:58:09,5248.0,-107.45737536443772
2024-05-10 09:58:10,5249.0,-107.43699051028732
2024-05-10 09:58:11,5250.0,-107.41642135888073
2024-05-10 09:58:12,5251.0,-107.395707
2024-05-10 09:58:13,5252.0,-107.37168103489708
2024-05-10 09:58:14,5253.0,-107.3414781199349
2024-05-10 09:58:15,5254.0,-107.30558892756228
2024-05-10 09:58:16,5255.0,-107.26450413022789
2024-05-10 09:58:17,5256.0,-107.21871440038048
2024-05-10 09:58:18,5257.0,-107.16871041046879
2024-05-10 09:58:19,5258.0,-107.11498283294151
2024-05-10 09:58:20,5259.0,-107.05802234024743
2024-05-10 09:58:21,5260.0,-106.99831960483525
2024-05-10 09:58:22,5261.0,-106.93636529915366
2024-05-10 09:58:23,5262.0,-106.87265009565148
2024-05-10 09:58:24,5263.0,-106.80766466677738
2024-05-10 09:58:25,5264.0,-106.7418996849801
2024-05-10 09:58:26,5265.0,-106.67584582270837
2024-05-10 09:58:27,5266.0,-106.60999375241093
2024-05-10 09:58:28,5267.0,-106.54483414653649
2024-05-10 09:58:29,5268.0,-106.4808576775338
2024-05-10 09:58:30,5269.0,-106.4185550178516
2024-05-10 09:58:31,5270.0,-106.35841683993858
2024-05-10 09:58:32,5271.0,-106.30093381624351
2024-05-10 09:58:33,5272.0,-106.2465966192151
2024-05-10 09:58:34,5273.0,-106.1958959213021
2024-05-10 09:58:35,5274.0,-106.14932239495322
2024-05-10 09:58:36,5275.0,-106.10736671261719
2024-05-10 09:58:37,5276.0,-106.07051954674276
2024-05-10 09:58:38,5277.0,-106.03927156977865
2024-05-10 09:58:39,5278.0,-106.01411345417358
2024-05-10 09:58:40,5279.0,-105.99553587237631
2024-05-10 09:58:41,5280.0,-105.98402949683553
2024-05-10 09:58:42,5281.0,-105.980085
2024-05-10 09:58:43,5282.0,-105.98302232567784
2024-05-10 09:58:44,5283.0,-105.99158183832667
2024-05-10 09:58:45,5284.0,-106.00538484136946
2024-05-10 09:58:46,5285.0,-106.02405263822921
2024-05-10 09:58:47,5286.0,-106.04720653232887
2024-05-10 09:58:48,5287.0,-106.07446782709142
2024-05-10 09:58:49,5288.0,-106.10545782593985
2024-05-10 09:58:50,5289.0,-106.13979783229713
2024-05-10 09:58:51,5290.0,-106.17710914958624
2024-05-10 09:58:52,5291.0,-106.21701308123014
2024-05-10 09:58:53,5292.0,-106.25913093065184
2024-05-10 09:58:54,5293.0,-106.30308400127426
2024-05-10 09:58:55,5294.0,-106.34849359652043
2024-05-10 09:58:56,5295.0,-106.39498101981332
2024-05-10 09:58:57,5296.0,-106.44216757457586
2024-05-10 09:58:58,5297.0,-106.48967456423108
2024-05-10 09:58:59,5298.0,-106.53712329220194
2024-05-10 09:59:00,5299.0,-106.5841350619114
2024-05-10 09:59:01,5300.0,-106.63033117678243
2024-05-10 09:59:02,5301.0,-106.67533294023806
2024-05-10 09:59:03,5302.0,-106.71876165570121
2024-05-10 09:59:04,5303.0,-106.76023862659488
2024-05-10 09:59:05,5304.0,-106.79938515634205
2024-05-10 09:59:06,5305.0,-106.83582254836568
2024-05-10 09:59:07,5306.0,-106.86917210608877
2024-05-10 09:59:08,5307.0,-106.89905513293427
2024-05-10 09:59:09,5308.0,-106.92509293232517
2024-05-10 09:59:10,5309.0,-106.94690680768444
2024-05-10 09:59:11,5310.0,-106.96411806243506
2024-05-10 09:59:12,5311.0,-106.97634800000002
2024-05-10 09:59:13,5312.0,-106.98588036275017
2024-05-10 09:59:14,5313.0,-106.9952441271304
2024-05-10 09:59:15,5314.0,-107.00442844767487
2024-05-10 09:59:16,5315.0,-107.01342247891762
2024-05-10 09:59:17,5316.0,-107.02221537539273
2024-05-10 09:59:18,5317.0,-107.03079629163433
2024-05-10 09:59:19,5318.0,-107.03915438217649
2024-05-10 09:59:20,5319.0,-107.04727880155328
2024-05-10 09:59:21,5320.0,-107.05515870429879
2024-05-10 09:59:22,5321.0,-107.06278324494714
2024-05-10 09:59:23,5322.0,-107.07014157803239
2024-05-10 09:59:24,5323.0,-107.07722285808862
2024-05-10 09:59:25,5324.0,-107.08401623964993
2024-05-10 09:59:26,5325.0,-107.09051087725041
2024-05-10 09:59:27,5326.0,-107.09669592542414
2024-05-10 09:59:28,5327.0,-107.10256053870522
2024-05-10 09:59:29,5328.0,-107.10809387162773
2024-05-10 09:59:30,5329.0,-107.11328507872572
2024-05-10 09:59:31,5330.0,-107.11812331453336
2024-05-10 09:59:32,5331.0,-107.12259773358468
2024-05-10 09:59:33,5332.0,-107.12669749041376
2024-05-10 09:59:34,5333.0,-107.13041173955472
2024-05-10 09:59:35,5334.0,-107.13372963554163
2024-05-10 09:59:36,5335.0,-107.13664033290857
2024-05-10 09:59:37,5336.0,-107.13913298618964
2024-05-10 09:59:38,5337.0,-107.14119674991895
2024-05-10 09:59:39,5338.0,-107.14282077863054
2024-05-10 09:59:40,5339.0,-107.14399422685851
2024-05-10 09:59:41,5340.0,-107.14470624913696
2024-05-10 09:59:42,5341.0,-107.144946
