bootstrap beta=500 cadence=replay32 target=optimizer start
bootstrap progress step=50 soc=0.6004 fc=430
bootstrap progress step=100 soc=0.5025 fc=600
bootstrap progress step=150 soc=0.5999 fc=200
bootstrap progress step=200 soc=0.5996 fc=470
bootstrap progress step=250 soc=0.6000 fc=160
bootstrap progress step=300 soc=0.6000 fc=0
bootstrap progress step=350 soc=0.5997 fc=130
bootstrap progress step=400 soc=0.5979 fc=110
bootstrap progress step=450 soc=0.5976 fc=510
bootstrap progress step=500 soc=0.5991 fc=510
bootstrap progress step=550 soc=0.5993 fc=70
bootstrap progress step=600 soc=0.6000 fc=10
bootstrap progress step=650 soc=0.6007 fc=160
bootstrap progress step=700 soc=0.6001 fc=150
bootstrap progress step=750 soc=0.6002 fc=150
bootstrap progress step=800 soc=0.6003 fc=140
bootstrap progress step=850 soc=0.6001 fc=150
bootstrap progress step=900 soc=0.6000 fc=150
bootstrap progress step=950 soc=0.5999 fc=0
bootstrap progress step=1000 soc=0.6002 fc=460
bootstrap progress step=1050 soc=0.6002 fc=230
bootstrap progress step=1100 soc=0.6000 fc=70
bootstrap progress step=1150 soc=0.6001 fc=350
bootstrap progress step=1200 soc=0.6001 fc=340
bootstrap progress step=1250 soc=0.5996 fc=60
bootstrap progress step=1300 soc=0.4501 fc=600
bootstrap progress step=1350 soc=0.3051 fc=530
bootstrap progress step=1400 soc=0.3050 fc=530
bootstrap progress step=1450 soc=0.3048 fc=540
bootstrap progress step=1500 soc=0.3375 fc=30
bootstrap progress step=1550 soc=0.3364 fc=40
bootstrap progress step=1600 soc=0.3367 fc=50
bootstrap progress step=1650 soc=0.3366 fc=40
bootstrap progress step=1700 soc=0.3352 fc=40
bootstrap progress step=1750 soc=0.3338 fc=230
bootstrap progress step=1800 soc=0.3341 fc=410
bootstrap progress step=1850 soc=0.3341 fc=400
bootstrap progress step=1900 soc=0.3342 fc=400
bootstrap progress step=1950 soc=0.3347 fc=120
bootstrap progress step=2000 soc=0.5999 fc=20
bootstrap progress step=2050 soc=0.6001 fc=120
bootstrap progress step=2100 soc=0.6001 fc=520
bootstrap progress step=2150 soc=0.5994 fc=520
bootstrap progress step=2200 soc=0.5986 fc=600
bootstrap progress step=2250 soc=0.5922 fc=430
bootstrap progress step=2300 soc=0.6000 fc=40
bootstrap progress step=2350 soc=0.6004 fc=40
bootstrap progress step=2400 soc=0.5990 fc=30
bootstrap progress step=2450 soc=0.5967 fc=40
bootstrap progress step=2500 soc=0.5964 fc=240
bootstrap progress step=2550 soc=0.5932 fc=210
bootstrap progress step=2600 soc=0.5929 fc=250
bootstrap progress step=2650 soc=0.5932 fc=320
bootstrap progress step=2700 soc=0.5923 fc=410
bootstrap progress step=2750 soc=0.6001 fc=50
bootstrap progress step=2800 soc=0.6000 fc=240
bootstrap progress step=2850 soc=0.6004 fc=330
bootstrap progress step=2900 soc=0.5969 fc=180
bootstrap progress step=2950 soc=0.5964 fc=230
bootstrap progress step=3000 soc=0.5965 fc=290
bootstrap progress step=3050 soc=0.5968 fc=50
bootstrap progress step=3100 soc=0.5998 fc=310
bootstrap progress step=3150 soc=0.5999 fc=410
bootstrap progress step=3200 soc=0.4329 fc=600
bootstrap progress step=3250 soc=0.5999 fc=40
bootstrap progress step=3300 soc=0.5999 fc=400
bootstrap progress step=3350 soc=0.5900 fc=600
bootstrap progress step=3400 soc=0.5466 fc=600
bootstrap progress step=3450 soc=0.4924 fc=600
bootstrap progress step=3500 soc=0.4262 fc=180
bootstrap progress step=3550 soc=0.4363 fc=50
bootstrap progress step=3600 soc=0.4365 fc=60
bootstrap progress step=3650 soc=0.4358 fc=60
bootstrap progress step=3700 soc=0.4363 fc=450
bootstrap progress step=3750 soc=0.4409 fc=600
bootstrap progress step=3800 soc=0.4113 fc=480
bootstrap progress step=3850 soc=0.4112 fc=400
bootstrap progress step=3900 soc=0.4083 fc=70
bootstrap progress step=3950 soc=0.5998 fc=410
bootstrap progress step=4000 soc=0.5217 fc=600
bootstrap progress step=4050 soc=0.4200 fc=600
bootstrap progress step=4100 soc=0.3477 fc=600
bootstrap progress step=4150 soc=0.3069 fc=600
bootstrap progress step=4200 soc=0.2859 fc=100
bootstrap progress step=4250 soc=0.2860 fc=60
bootstrap progress step=4300 soc=0.2864 fc=70
bootstrap progress step=4350 soc=0.2866 fc=60
bootstrap progress step=4400 soc=0.2863 fc=70
bootstrap progress step=4450 soc=0.2863 fc=90
bootstrap progress step=4500 soc=0.4039 fc=600
bootstrap progress step=4550 soc=0.4000 fc=400
bootstrap progress step=4600 soc=0.3998 fc=460
bootstrap progress step=4650 soc=0.3998 fc=550
bootstrap progress step=4700 soc=0.4151 fc=70
bootstrap progress step=4750 soc=0.4150 fc=50
bootstrap progress step=4800 soc=0.6001 fc=60
bootstrap progress step=4850 soc=0.6004 fc=310
bootstrap progress step=4900 soc=0.6000 fc=40
bootstrap progress step=4950 soc=0.5995 fc=30
bootstrap progress step=5000 soc=0.5993 fc=480
bootstrap progress step=5050 soc=0.5989 fc=460
bootstrap progress step=5100 soc=0.5990 fc=460
bootstrap progress step=5150 soc=0.6000 fc=30
bootstrap progress step=5200 soc=0.6002 fc=360
bootstrap progress step=5250 soc=0.6001 fc=210
bootstrap progress step=5300 soc=0.6001 fc=50
bootstrap progress step=5350 soc=0.5996 fc=100
bootstrap progress step=5400 soc=0.6001 fc=370
bootstrap progress step=5450 soc=0.5996 fc=370
bootstrap progress step=5500 soc=0.5992 fc=370
bootstrap progress step=5550 soc=0.5987 fc=200
bootstrap progress step=5600 soc=0.5987 fc=220
bootstrap progress step=5650 soc=0.5988 fc=270
bootstrap progress step=5700 soc=0.5987 fc=0
bootstrap progress step=5750 soc=0.5987 fc=0
bootstrap progress step=5800 soc=0.5987 fc=0
bootstrap progress step=5850 soc=0.5987 fc=0
bootstrap progress step=5900 soc=0.5987 fc=0
bootstrap progress step=5950 soc=0.5987 fc=0
bootstrap progress step=6000 soc=0.5987 fc=0
bootstrap progress step=6050 soc=0.5987 fc=0
bootstrap progress step=6100 soc=0.5987 fc=0
bootstrap progress step=6150 soc=0.5987 fc=0
bootstrap progress step=6200 soc=0.5986 fc=0
bootstrap progress step=6250 soc=0.5997 fc=280
bootstrap progress step=6300 soc=0.5998 fc=20
bootstrap progress step=6350 soc=0.5972 fc=390
bootstrap progress step=6400 soc=0.6000 fc=30
bootstrap progress step=6450 soc=0.5994 fc=430
bootstrap progress step=6500 soc=0.5994 fc=490
bootstrap progress step=6550 soc=0.5994 fc=110
bootstrap progress step=6600 soc=0.5991 fc=140
bootstrap progress step=6650 soc=0.5998 fc=510
bootstrap progress step=6700 soc=0.5992 fc=490
bootstrap progress step=6750 soc=0.5987 fc=0
bootstrap progress step=6800 soc=0.5987 fc=0
bootstrap progress step=6850 soc=0.5987 fc=0
bootstrap progress step=6900 soc=0.5987 fc=0
bootstrap progress step=6950 soc=0.5987 fc=0
bootstrap progress step=7000 soc=0.5986 fc=0
bootstrap progress step=7050 soc=0.5986 fc=0
bootstrap progress step=7100 soc=0.5986 fc=0
bootstrap progress step=7150 soc=0.5983 fc=30
bootstrap progress step=7200 soc=0.5985 fc=30
bootstrap progress step=7250 soc=0.5996 fc=30
bootstrap progress step=7300 soc=0.5998 fc=30
bootstrap progress step=7350 soc=0.5998 fc=20
bootstrap progress step=7400 soc=0.6000 fc=0
bootstrap progress step=7450 soc=0.6000 fc=0
bootstrap progress step=7500 soc=0.6000 fc=0
bootstrap progress step=7550 soc=0.6000 fc=0
bootstrap progress step=7600 soc=0.6000 fc=0
bootstrap progress step=7650 soc=0.6000 fc=0
bootstrap progress step=7700 soc=0.6000 fc=0
bootstrap progress step=7750 soc=0.6000 fc=0
bootstrap progress step=7800 soc=0.6000 fc=0
bootstrap progress step=7850 soc=0.6000 fc=0
bootstrap progress step=7900 soc=0.6000 fc=0
bootstrap progress step=7950 soc=0.6000 fc=0
bootstrap progress step=8000 soc=0.6000 fc=0
bootstrap progress step=8050 soc=0.6000 fc=0
bootstrap progress step=8100 soc=0.6000 fc=0
bootstrap progress step=8150 soc=0.6000 fc=0
bootstrap progress step=8200 soc=0.6000 fc=0
bootstrap progress step=8250 soc=0.6000 fc=80
bootstrap progress step=8300 soc=0.5996 fc=130
bootstrap progress step=8350 soc=0.5997 fc=150
bootstrap progress step=8400 soc=0.5989 fc=140
bootstrap progress step=8450 soc=0.5992 fc=210
bootstrap progress step=8500 soc=0.5993 fc=40
bootstrap progress step=8550 soc=0.5994 fc=0
bootstrap progress step=8600 soc=0.5994 fc=0
bootstrap progress step=8650 soc=0.5994 fc=0
bootstrap progress step=8700 soc=0.5994 fc=0
bootstrap progress step=8750 soc=0.5994 fc=0
bootstrap progress step=8800 soc=0.5994 fc=0
bootstrap progress step=8850 soc=0.5994 fc=0
bootstrap progress step=8900 soc=0.5994 fc=0
bootstrap progress step=8950 soc=0.5994 fc=0
bootstrap progress step=9000 soc=0.6000 fc=10
bootstrap progress step=9050 soc=0.5996 fc=240
bootstrap progress step=9100 soc=0.5998 fc=220
bootstrap progress step=9150 soc=0.5997 fc=250
bootstrap progress step=9200 soc=0.6001 fc=240
bootstrap progress step=9250 soc=0.5998 fc=320
bootstrap progress step=9300 soc=0.5976 fc=530
bootstrap progress step=9350 soc=0.5979 fc=320
bootstrap progress step=9400 soc=0.5969 fc=80
bootstrap progress step=9450 soc=0.5977 fc=60
bootstrap progress step=9500 soc=0.5982 fc=70
bootstrap progress step=9550 soc=0.5984 fc=70
bootstrap progress step=9600 soc=0.5983 fc=60
bootstrap progress step=9650 soc=0.5981 fc=70
bootstrap progress step=9700 soc=0.5980 fc=50
bootstrap progress step=9750 soc=0.5982 fc=80
bootstrap progress step=9800 soc=0.5976 fc=60
bootstrap progress step=9850 soc=0.5971 fc=70
bootstrap progress step=9900 soc=0.5972 fc=60
bootstrap progress step=9950 soc=0.5971 fc=70
bootstrap progress step=10000 soc=0.5972 fc=0
bootstrap progress step=10050 soc=0.5972 fc=0
bootstrap progress step=10100 soc=0.5972 fc=0
bootstrap progress step=10150 soc=0.5967 fc=30
bootstrap progress step=10200 soc=0.5967 fc=40
bootstrap progress step=10250 soc=0.6001 fc=40
bootstrap progress step=10300 soc=0.5992 fc=30
bootstrap progress step=10350 soc=0.5983 fc=30
bootstrap progress step=10400 soc=0.5984 fc=50
bootstrap progress step=10450 soc=0.5974 fc=40
bootstrap progress step=10500 soc=0.5971 fc=30
bootstrap progress step=10550 soc=0.5968 fc=30
bootstrap progress step=10600 soc=0.5963 fc=30
bootstrap progress step=10650 soc=0.5960 fc=30
bootstrap progress step=10700 soc=0.5957 fc=30
bootstrap progress step=10750 soc=0.5953 fc=30
bootstrap progress step=10800 soc=0.5950 fc=30
bootstrap progress step=10850 soc=0.5999 fc=20
bootstrap progress step=10900 soc=0.6000 fc=0
bootstrap progress step=10950 soc=0.5997 fc=390
bootstrap progress step=11000 soc=0.5991 fc=390
bootstrap progress step=11050 soc=0.5991 fc=420
bootstrap progress step=11100 soc=0.5924 fc=460
bootstrap progress step=11150 soc=0.5928 fc=450
bootstrap progress step=11200 soc=0.5929 fc=40
bootstrap progress step=11250 soc=0.5929 fc=50
bootstrap progress step=11300 soc=0.5927 fc=50
bootstrap progress step=11350 soc=0.5919 fc=70
bootstrap progress step=11400 soc=0.5923 fc=380
bootstrap progress step=11450 soc=0.5885 fc=330
bootstrap progress step=11500 soc=0.5888 fc=340
bootstrap progress step=11550 soc=0.5894 fc=290
bootstrap progress step=11600 soc=0.5890 fc=0
bootstrap progress step=11650 soc=0.5991 fc=280
bootstrap progress step=11700 soc=0.5993 fc=500
bootstrap progress step=11750 soc=0.6002 fc=540
bootstrap progress step=11800 soc=0.5999 fc=370
bootstrap progress step=11850 soc=0.6000 fc=350
bootstrap progress step=11900 soc=0.5975 fc=30
bootstrap progress step=11950 soc=0.5973 fc=260
bootstrap progress step=12000 soc=0.5968 fc=450
bootstrap progress step=12050 soc=0.5966 fc=470
bootstrap progress step=12100 soc=0.5969 fc=0
bootstrap progress step=12150 soc=0.5996 fc=420
bootstrap progress step=12200 soc=0.5991 fc=550
bootstrap progress step=12250 soc=0.5092 fc=600
bootstrap progress step=12300 soc=0.5025 fc=590
bootstrap progress step=12350 soc=0.5156 fc=50
bootstrap progress step=12400 soc=0.5160 fc=60
bootstrap progress step=12450 soc=0.5154 fc=50
bootstrap progress step=12500 soc=0.5146 fc=300
bootstrap progress step=12550 soc=0.5150 fc=300
bootstrap progress step=12600 soc=0.5147 fc=310
bootstrap progress step=12650 soc=0.5150 fc=280
bootstrap progress step=12700 soc=0.5156 fc=240
bootstrap progress step=12750 soc=0.5999 fc=70
bootstrap progress step=12800 soc=0.6002 fc=520
bootstrap progress step=12850 soc=0.5999 fc=530
bootstrap progress step=12900 soc=0.5637 fc=600
bootstrap progress step=12950 soc=0.5635 fc=510
bootstrap progress step=13000 soc=0.5636 fc=540
bootstrap progress step=13050 soc=0.6001 fc=560
bootstrap progress step=13100 soc=0.5823 fc=600
bootstrap progress step=13150 soc=0.5795 fc=360
bootstrap progress step=13200 soc=0.5799 fc=220
bootstrap progress step=13250 soc=0.5798 fc=30
bootstrap progress step=13300 soc=0.5997 fc=390
bootstrap progress step=13350 soc=0.5986 fc=600
bootstrap progress step=13400 soc=0.5345 fc=600
bootstrap progress step=13450 soc=0.4100 fc=600
bootstrap progress step=13500 soc=0.2795 fc=110
bootstrap progress step=13550 soc=0.3010 fc=60
bootstrap progress step=13600 soc=0.3002 fc=50
bootstrap progress step=13650 soc=0.2997 fc=50
bootstrap progress step=13700 soc=0.2990 fc=50
bootstrap progress step=13750 soc=0.2978 fc=50
bootstrap progress step=13800 soc=0.2967 fc=60
bootstrap progress step=13850 soc=0.2967 fc=310
bootstrap progress step=13900 soc=0.2969 fc=270
bootstrap progress step=13950 soc=0.2835 fc=250
bootstrap progress step=14000 soc=0.2836 fc=220
bootstrap progress step=14050 soc=0.2832 fc=30
bootstrap progress step=14100 soc=0.5999 fc=390
bootstrap progress step=14150 soc=0.5995 fc=410
bootstrap progress step=14200 soc=0.5995 fc=540
bootstrap progress step=14250 soc=0.5583 fc=600
bootstrap progress step=14300 soc=0.5263 fc=210
bootstrap progress step=14350 soc=0.5263 fc=390
bootstrap progress step=14400 soc=0.5108 fc=120
bootstrap progress step=14450 soc=0.5998 fc=60
bootstrap progress step=14500 soc=0.5992 fc=60
bootstrap progress step=14550 soc=0.5988 fc=70
bootstrap progress step=14600 soc=0.5988 fc=130
bootstrap progress step=14650 soc=0.5988 fc=150
bootstrap progress step=14700 soc=0.6000 fc=180
bootstrap progress step=14750 soc=0.5999 fc=520
bootstrap progress step=14800 soc=0.5996 fc=500
bootstrap progress step=14850 soc=0.5999 fc=510
bootstrap progress step=14900 soc=0.5999 fc=10
bootstrap progress step=14950 soc=0.5958 fc=600
bootstrap progress step=15000 soc=0.5833 fc=540
bootstrap progress step=15050 soc=0.5283 fc=600
bootstrap progress step=15100 soc=0.4745 fc=600
bootstrap progress step=15150 soc=0.4462 fc=470
bootstrap progress step=15200 soc=0.4463 fc=410
bootstrap progress step=15250 soc=0.5998 fc=50
bootstrap progress step=15300 soc=0.5993 fc=60
bootstrap progress step=15350 soc=0.5999 fc=70
bootstrap progress step=15400 soc=0.6002 fc=70
bootstrap progress step=15450 soc=0.6010 fc=250
bootstrap progress step=15500 soc=0.6005 fc=250
bootstrap progress step=15550 soc=0.6006 fc=60
bootstrap progress step=15600 soc=0.6007 fc=60
bootstrap progress step=15650 soc=0.6009 fc=60
bootstrap progress step=15700 soc=0.6012 fc=60
bootstrap progress step=15750 soc=0.6015 fc=60
bootstrap progress step=15800 soc=0.6024 fc=60
bootstrap progress step=15850 soc=0.6028 fc=60
bootstrap progress step=15900 soc=0.6034 fc=60
bootstrap progress step=15950 soc=0.6036 fc=60
bootstrap progress step=16000 soc=0.6042 fc=60
bootstrap progress step=16050 soc=0.6045 fc=60
bootstrap progress step=16100 soc=0.6053 fc=40
bootstrap progress step=16150 soc=0.6053 fc=310
bootstrap progress step=16200 soc=0.6057 fc=190
bootstrap progress step=16250 soc=0.6059 fc=10
bootstrap progress step=16300 soc=0.5865 fc=600
bootstrap progress step=16350 soc=0.5643 fc=480
bootstrap progress step=16400 soc=0.5643 fc=310
bootstrap progress step=16450 soc=0.5644 fc=200
bootstrap progress step=16500 soc=0.5599 fc=320
bootstrap progress step=16550 soc=0.5999 fc=80
bootstrap progress step=16600 soc=0.6000 fc=300
bootstrap progress step=16650 soc=0.5998 fc=320
bootstrap progress step=16700 soc=0.5999 fc=290
bootstrap progress step=16750 soc=0.5998 fc=240
bootstrap progress step=16800 soc=0.5993 fc=20
bootstrap progress step=16850 soc=0.5998 fc=420
bootstrap progress step=16900 soc=0.5994 fc=520
bootstrap progress step=16950 soc=0.5993 fc=300
bootstrap progress step=17000 soc=0.5827 fc=310
bootstrap progress step=17050 soc=0.4946 fc=600
bootstrap progress step=17100 soc=0.4219 fc=440
bootstrap progress step=17150 soc=0.4214 fc=470
bootstrap progress step=17200 soc=0.4211 fc=150
bootstrap progress step=17250 soc=0.5998 fc=80
bootstrap progress step=17300 soc=0.5993 fc=60
bootstrap progress step=17350 soc=0.5990 fc=180
bootstrap progress step=17400 soc=0.5998 fc=220
bootstrap progress step=17450 soc=0.5998 fc=300
bootstrap progress step=17500 soc=0.5999 fc=300
bootstrap progress step=17550 soc=0.5997 fc=260
bootstrap progress step=17600 soc=0.5997 fc=370
bootstrap progress step=17650 soc=0.6001 fc=280
bootstrap progress step=17700 soc=0.5999 fc=220
bootstrap progress step=17750 soc=0.5998 fc=280
bootstrap progress step=17800 soc=0.6002 fc=40
bootstrap progress step=17850 soc=0.5923 fc=600
bootstrap progress step=17900 soc=0.5611 fc=600
bootstrap progress step=17950 soc=0.5605 fc=230
bootstrap progress step=18000 soc=0.5602 fc=80
bootstrap progress step=18050 soc=0.5997 fc=120
bootstrap progress step=18100 soc=0.5994 fc=510
bootstrap progress step=18150 soc=0.5989 fc=40
bootstrap progress step=18200 soc=0.5988 fc=290
bootstrap progress step=18250 soc=0.5984 fc=70
bootstrap completed=29/30 economic_updates=571
round 1/40 start epsilon=1.0000
progress step=50 round=1/40 episode=1/30 sample=zero_boundary_002 soc=0.6787 fc=120
progress step=100 round=1/40 episode=1/30 sample=zero_boundary_002 soc=0.3902 fc=520
progress step=150 round=1/40 episode=2/30 sample=zero_boundary_005 soc=0.6675 fc=40
progress step=200 round=1/40 episode=2/30 sample=zero_boundary_005 soc=0.6448 fc=540
progress step=250 round=1/40 episode=2/30 sample=zero_boundary_005 soc=0.5868 fc=160
progress step=300 round=1/40 episode=2/30 sample=zero_boundary_005 soc=0.5432 fc=330
progress step=350 round=1/40 episode=2/30 sample=zero_boundary_005 soc=0.4117 fc=350
progress step=400 round=1/40 episode=2/30 sample=zero_boundary_005 soc=0.3857 fc=180
progress step=450 round=1/40 episode=3/30 sample=zero_boundary_006 soc=0.6773 fc=490
progress step=500 round=1/40 episode=3/30 sample=zero_boundary_006 soc=0.7779 fc=190
progress step=550 round=1/40 episode=3/30 sample=zero_boundary_006 soc=0.7992 fc=120
progress step=600 round=1/40 episode=3/30 sample=zero_boundary_006 soc=0.7975 fc=90
progress step=650 round=1/40 episode=3/30 sample=zero_boundary_006 soc=0.7989 fc=130
progress step=700 round=1/40 episode=3/30 sample=zero_boundary_006 soc=0.7932 fc=460
progress step=750 round=1/40 episode=3/30 sample=zero_boundary_006 soc=0.7947 fc=470
progress step=800 round=1/40 episode=4/30 sample=zero_boundary_007 soc=0.6425 fc=550
progress step=850 round=1/40 episode=4/30 sample=zero_boundary_007 soc=0.5501 fc=60
progress step=900 round=1/40 episode=4/30 sample=zero_boundary_007 soc=0.5632 fc=130
progress step=950 round=1/40 episode=4/30 sample=zero_boundary_007 soc=0.5996 fc=590
progress step=1000 round=1/40 episode=4/30 sample=zero_boundary_007 soc=0.5582 fc=490
progress step=1050 round=1/40 episode=4/30 sample=zero_boundary_007 soc=0.5933 fc=470
progress step=1100 round=1/40 episode=5/30 sample=zero_boundary_008 soc=0.6023 fc=160
progress step=1150 round=1/40 episode=6/30 sample=zero_boundary_011 soc=0.6203 fc=180
progress step=1200 round=1/40 episode=6/30 sample=zero_boundary_011 soc=0.7795 fc=570
progress step=1250 round=1/40 episode=6/30 sample=zero_boundary_011 soc=0.6973 fc=40
progress step=1300 round=1/40 episode=6/30 sample=zero_boundary_011 soc=0.5562 fc=20
progress step=1350 round=1/40 episode=6/30 sample=zero_boundary_011 soc=0.4661 fc=430
progress step=1400 round=1/40 episode=6/30 sample=zero_boundary_011 soc=0.3173 fc=300
progress step=1450 round=1/40 episode=6/30 sample=zero_boundary_011 soc=0.3716 fc=520
progress step=1500 round=1/40 episode=6/30 sample=zero_boundary_011 soc=0.5509 fc=260
progress step=1550 round=1/40 episode=6/30 sample=zero_boundary_011 soc=0.7152 fc=160
progress step=1600 round=1/40 episode=6/30 sample=zero_boundary_011 soc=0.7995 fc=70
progress step=1650 round=1/40 episode=6/30 sample=zero_boundary_011 soc=0.7784 fc=340
progress step=1700 round=1/40 episode=6/30 sample=zero_boundary_011 soc=0.7724 fc=350
progress step=1750 round=1/40 episode=6/30 sample=zero_boundary_011 soc=0.7937 fc=400
progress step=1800 round=1/40 episode=6/30 sample=zero_boundary_011 soc=0.7961 fc=220
progress step=1850 round=1/40 episode=6/30 sample=zero_boundary_011 soc=0.7425 fc=590
progress step=1900 round=1/40 episode=7/30 sample=zero_boundary_013 soc=0.6587 fc=30
progress step=1950 round=1/40 episode=7/30 sample=zero_boundary_013 soc=0.7588 fc=530
progress step=2000 round=1/40 episode=7/30 sample=zero_boundary_013 soc=0.7598 fc=270
progress step=2050 round=1/40 episode=7/30 sample=zero_boundary_013 soc=0.7197 fc=370
progress step=2100 round=1/40 episode=7/30 sample=zero_boundary_013 soc=0.7794 fc=470
progress step=2150 round=1/40 episode=7/30 sample=zero_boundary_013 soc=0.7966 fc=380
progress step=2200 round=1/40 episode=7/30 sample=zero_boundary_013 soc=0.7946 fc=50
progress step=2250 round=1/40 episode=8/30 sample=zero_boundary_015 soc=0.6548 fc=480
progress step=2300 round=1/40 episode=8/30 sample=zero_boundary_015 soc=0.6528 fc=360
progress step=2350 round=1/40 episode=8/30 sample=zero_boundary_015 soc=0.4824 fc=20
progress step=2400 round=1/40 episode=9/30 sample=zero_boundary_016 soc=0.6810 fc=430
progress step=2450 round=1/40 episode=9/30 sample=zero_boundary_016 soc=0.7689 fc=120
progress step=2500 round=1/40 episode=9/30 sample=zero_boundary_016 soc=0.5810 fc=420
progress step=2550 round=1/40 episode=9/30 sample=zero_boundary_016 soc=0.3622 fc=210
progress step=2600 round=1/40 episode=10/30 sample=zero_boundary_017 soc=0.6212 fc=470
progress step=2650 round=1/40 episode=10/30 sample=zero_boundary_017 soc=0.4184 fc=320
progress step=2700 round=1/40 episode=11/30 sample=zero_boundary_020 soc=0.6316 fc=40
progress step=2750 round=1/40 episode=11/30 sample=zero_boundary_020 soc=0.6343 fc=440
progress step=2800 round=1/40 episode=11/30 sample=zero_boundary_020 soc=0.7071 fc=520
progress step=2850 round=1/40 episode=12/30 sample=zero_boundary_021 soc=0.7246 fc=360
progress step=2900 round=1/40 episode=12/30 sample=zero_boundary_021 soc=0.7628 fc=400
progress step=2950 round=1/40 episode=12/30 sample=zero_boundary_021 soc=0.6537 fc=330
progress step=3000 round=1/40 episode=12/30 sample=zero_boundary_021 soc=0.5679 fc=450
progress step=3050 round=1/40 episode=13/30 sample=zero_boundary_022 soc=0.6203 fc=220
progress step=3100 round=1/40 episode=13/30 sample=zero_boundary_022 soc=0.6090 fc=290
progress step=3150 round=1/40 episode=13/30 sample=zero_boundary_022 soc=0.5793 fc=260
progress step=3200 round=1/40 episode=13/30 sample=zero_boundary_022 soc=0.6271 fc=300
progress step=3250 round=1/40 episode=14/30 sample=zero_boundary_029 soc=0.6967 fc=590
progress step=3300 round=1/40 episode=14/30 sample=zero_boundary_029 soc=0.7516 fc=180
progress step=3350 round=1/40 episode=14/30 sample=zero_boundary_029 soc=0.6934 fc=360
progress step=3400 round=1/40 episode=14/30 sample=zero_boundary_029 soc=0.6756 fc=500
progress step=3450 round=1/40 episode=14/30 sample=zero_boundary_029 soc=0.7711 fc=410
progress step=3500 round=1/40 episode=14/30 sample=zero_boundary_029 soc=0.7990 fc=150
progress step=3550 round=1/40 episode=14/30 sample=zero_boundary_029 soc=0.7967 fc=360
progress step=3600 round=1/40 episode=14/30 sample=zero_boundary_029 soc=0.7999 fc=0
progress step=3650 round=1/40 episode=14/30 sample=zero_boundary_029 soc=0.7999 fc=0
progress step=3700 round=1/40 episode=14/30 sample=zero_boundary_029 soc=0.7999 fc=0
progress step=3750 round=1/40 episode=14/30 sample=zero_boundary_029 soc=0.7999 fc=0
progress step=3800 round=1/40 episode=14/30 sample=zero_boundary_029 soc=0.7999 fc=0
progress step=3850 round=1/40 episode=14/30 sample=zero_boundary_029 soc=0.7999 fc=0
progress step=3900 round=1/40 episode=14/30 sample=zero_boundary_029 soc=0.7999 fc=0
progress step=3950 round=1/40 episode=14/30 sample=zero_boundary_029 soc=0.7999 fc=0
progress step=4000 round=1/40 episode=14/30 sample=zero_boundary_029 soc=0.7999 fc=0
progress step=4050 round=1/40 episode=14/30 sample=zero_boundary_029 soc=0.7999 fc=0
progress step=4100 round=1/40 episode=14/30 sample=zero_boundary_029 soc=0.7999 fc=10
progress step=4150 round=1/40 episode=14/30 sample=zero_boundary_029 soc=0.7928 fc=220
progress step=4200 round=1/40 episode=14/30 sample=zero_boundary_029 soc=0.7960 fc=110
progress step=4250 round=1/40 episode=14/30 sample=zero_boundary_029 soc=0.7362 fc=560
progress step=4300 round=1/40 episode=15/30 sample=zero_boundary_033 soc=0.6486 fc=110
progress step=4350 round=1/40 episode=15/30 sample=zero_boundary_033 soc=0.7361 fc=370
progress step=4400 round=1/40 episode=15/30 sample=zero_boundary_033 soc=0.6929 fc=400
progress step=4450 round=1/40 episode=15/30 sample=zero_boundary_033 soc=0.6512 fc=500
progress step=4500 round=1/40 episode=15/30 sample=zero_boundary_033 soc=0.5877 fc=270
progress step=4550 round=1/40 episode=15/30 sample=zero_boundary_033 soc=0.5586 fc=490
progress step=4600 round=1/40 episode=15/30 sample=zero_boundary_033 soc=0.4229 fc=400
progress step=4650 round=1/40 episode=15/30 sample=zero_boundary_033 soc=0.5534 fc=480
progress step=4700 round=1/40 episode=15/30 sample=zero_boundary_033 soc=0.7391 fc=500
progress step=4750 round=1/40 episode=15/30 sample=zero_boundary_033 soc=0.7999 fc=0
progress step=4800 round=1/40 episode=15/30 sample=zero_boundary_033 soc=0.7999 fc=0
progress step=4850 round=1/40 episode=15/30 sample=zero_boundary_033 soc=0.7999 fc=0
progress step=4900 round=1/40 episode=15/30 sample=zero_boundary_033 soc=0.7999 fc=0
progress step=4950 round=1/40 episode=15/30 sample=zero_boundary_033 soc=0.7999 fc=0
progress step=5000 round=1/40 episode=15/30 sample=zero_boundary_033 soc=0.8000 fc=0
progress step=5050 round=1/40 episode=15/30 sample=zero_boundary_033 soc=0.7998 fc=30
progress step=5100 round=1/40 episode=15/30 sample=zero_boundary_033 soc=0.7998 fc=20
progress step=5150 round=1/40 episode=15/30 sample=zero_boundary_033 soc=0.7995 fc=30
progress step=5200 round=1/40 episode=15/30 sample=zero_boundary_033 soc=0.7999 fc=0
progress step=5250 round=1/40 episode=15/30 sample=zero_boundary_033 soc=0.7998 fc=30
progress step=5300 round=1/40 episode=16/30 sample=zero_boundary_034 soc=0.7199 fc=360
progress step=5350 round=1/40 episode=16/30 sample=zero_boundary_034 soc=0.7999 fc=0
progress step=5400 round=1/40 episode=16/30 sample=zero_boundary_034 soc=0.7999 fc=0
progress step=5450 round=1/40 episode=16/30 sample=zero_boundary_034 soc=0.7999 fc=0
progress step=5500 round=1/40 episode=16/30 sample=zero_boundary_034 soc=0.7999 fc=0
progress step=5550 round=1/40 episode=16/30 sample=zero_boundary_034 soc=0.7999 fc=0
progress step=5600 round=1/40 episode=16/30 sample=zero_boundary_034 soc=0.7999 fc=0
progress step=5650 round=1/40 episode=16/30 sample=zero_boundary_034 soc=0.7999 fc=0
progress step=5700 round=1/40 episode=16/30 sample=zero_boundary_034 soc=0.7999 fc=0
progress step=5750 round=1/40 episode=16/30 sample=zero_boundary_034 soc=0.7999 fc=0
progress step=5800 round=1/40 episode=16/30 sample=zero_boundary_034 soc=0.7999 fc=0
progress step=5850 round=1/40 episode=16/30 sample=zero_boundary_034 soc=0.7999 fc=0
progress step=5900 round=1/40 episode=16/30 sample=zero_boundary_034 soc=0.7999 fc=0
progress step=5950 round=1/40 episode=16/30 sample=zero_boundary_034 soc=0.7999 fc=0
progress step=6000 round=1/40 episode=16/30 sample=zero_boundary_034 soc=0.7999 fc=0
progress step=6050 round=1/40 episode=16/30 sample=zero_boundary_034 soc=0.7999 fc=0
progress step=6100 round=1/40 episode=16/30 sample=zero_boundary_034 soc=0.7999 fc=0
progress step=6150 round=1/40 episode=16/30 sample=zero_boundary_034 soc=0.7989 fc=90
progress step=6200 round=1/40 episode=16/30 sample=zero_boundary_034 soc=0.7989 fc=20
progress step=6250 round=1/40 episode=16/30 sample=zero_boundary_034 soc=0.7993 fc=0
progress step=6300 round=1/40 episode=16/30 sample=zero_boundary_034 soc=0.7958 fc=200
progress step=6350 round=1/40 episode=16/30 sample=zero_boundary_034 soc=0.7851 fc=350
progress step=6400 round=1/40 episode=16/30 sample=zero_boundary_034 soc=0.7987 fc=20
progress step=6450 round=1/40 episode=16/30 sample=zero_boundary_034 soc=0.8000 fc=0
progress step=6500 round=1/40 episode=16/30 sample=zero_boundary_034 soc=0.8000 fc=0
progress step=6550 round=1/40 episode=16/30 sample=zero_boundary_034 soc=0.8000 fc=0
progress step=6600 round=1/40 episode=16/30 sample=zero_boundary_034 soc=0.8000 fc=0
progress step=6650 round=1/40 episode=16/30 sample=zero_boundary_034 soc=0.8000 fc=0
progress step=6700 round=1/40 episode=16/30 sample=zero_boundary_034 soc=0.8000 fc=0
progress step=6750 round=1/40 episode=16/30 sample=zero_boundary_034 soc=0.8000 fc=0
progress step=6800 round=1/40 episode=16/30 sample=zero_boundary_034 soc=0.8000 fc=0
progress step=6850 round=1/40 episode=16/30 sample=zero_boundary_034 soc=0.8000 fc=0
progress step=6900 round=1/40 episode=16/30 sample=zero_boundary_034 soc=0.7999 fc=0
progress step=6950 round=1/40 episode=17/30 sample=zero_boundary_037 soc=0.6898 fc=140
progress step=7000 round=1/40 episode=17/30 sample=zero_boundary_037 soc=0.7571 fc=510
progress step=7050 round=1/40 episode=17/30 sample=zero_boundary_037 soc=0.7879 fc=200
progress step=7100 round=1/40 episode=17/30 sample=zero_boundary_037 soc=0.7936 fc=10
progress step=7150 round=1/40 episode=17/30 sample=zero_boundary_037 soc=0.8000 fc=140
progress step=7200 round=1/40 episode=17/30 sample=zero_boundary_037 soc=0.6792 fc=360
progress step=7250 round=1/40 episode=17/30 sample=zero_boundary_037 soc=0.5282 fc=440
progress step=7300 round=1/40 episode=17/30 sample=zero_boundary_037 soc=0.6754 fc=50
progress step=7350 round=1/40 episode=17/30 sample=zero_boundary_037 soc=0.7988 fc=0
progress step=7400 round=1/40 episode=17/30 sample=zero_boundary_037 soc=0.8000 fc=10
progress step=7450 round=1/40 episode=17/30 sample=zero_boundary_037 soc=0.7998 fc=10
progress step=7500 round=1/40 episode=17/30 sample=zero_boundary_037 soc=0.7989 fc=120
progress step=7550 round=1/40 episode=17/30 sample=zero_boundary_037 soc=0.7983 fc=0
progress step=7600 round=1/40 episode=17/30 sample=zero_boundary_037 soc=0.7995 fc=70
progress step=7650 round=1/40 episode=17/30 sample=zero_boundary_037 soc=0.7978 fc=0
progress step=7700 round=1/40 episode=17/30 sample=zero_boundary_037 soc=0.7988 fc=120
progress step=7750 round=1/40 episode=17/30 sample=zero_boundary_037 soc=0.7997 fc=60
progress step=7800 round=1/40 episode=17/30 sample=zero_boundary_037 soc=0.7996 fc=90
progress step=7850 round=1/40 episode=17/30 sample=zero_boundary_037 soc=0.7979 fc=160
progress step=7900 round=1/40 episode=17/30 sample=zero_boundary_037 soc=0.7999 fc=0
progress step=7950 round=1/40 episode=17/30 sample=zero_boundary_037 soc=0.7999 fc=0
progress step=8000 round=1/40 episode=17/30 sample=zero_boundary_037 soc=0.7999 fc=0
progress step=8050 round=1/40 episode=17/30 sample=zero_boundary_037 soc=0.8000 fc=20
progress step=8100 round=1/40 episode=17/30 sample=zero_boundary_037 soc=0.7993 fc=80
progress step=8150 round=1/40 episode=17/30 sample=zero_boundary_037 soc=0.7988 fc=130
progress step=8200 round=1/40 episode=17/30 sample=zero_boundary_037 soc=0.7998 fc=10
progress step=8250 round=1/40 episode=17/30 sample=zero_boundary_037 soc=0.7995 fc=20
progress step=8300 round=1/40 episode=17/30 sample=zero_boundary_037 soc=0.7998 fc=10
progress step=8350 round=1/40 episode=17/30 sample=zero_boundary_037 soc=0.7988 fc=10
progress step=8400 round=1/40 episode=17/30 sample=zero_boundary_037 soc=0.7994 fc=50
progress step=8450 round=1/40 episode=17/30 sample=zero_boundary_037 soc=0.7994 fc=0
progress step=8500 round=1/40 episode=17/30 sample=zero_boundary_037 soc=0.7999 fc=0
progress step=8550 round=1/40 episode=17/30 sample=zero_boundary_037 soc=0.7999 fc=30
progress step=8600 round=1/40 episode=17/30 sample=zero_boundary_037 soc=0.7999 fc=30
progress step=8650 round=1/40 episode=17/30 sample=zero_boundary_037 soc=0.7995 fc=10
progress step=8700 round=1/40 episode=17/30 sample=zero_boundary_037 soc=0.8000 fc=20
progress step=8750 round=1/40 episode=17/30 sample=zero_boundary_037 soc=0.7999 fc=0
progress step=8800 round=1/40 episode=18/30 sample=zero_boundary_038 soc=0.6009 fc=450
progress step=8850 round=1/40 episode=18/30 sample=zero_boundary_038 soc=0.6759 fc=360
progress step=8900 round=1/40 episode=18/30 sample=zero_boundary_038 soc=0.6180 fc=590
progress step=8950 round=1/40 episode=18/30 sample=zero_boundary_038 soc=0.5921 fc=320
progress step=9000 round=1/40 episode=18/30 sample=zero_boundary_038 soc=0.4919 fc=140
progress step=9050 round=1/40 episode=18/30 sample=zero_boundary_038 soc=0.3474 fc=300
progress step=9100 round=1/40 episode=18/30 sample=zero_boundary_038 soc=0.3936 fc=150
progress step=9150 round=1/40 episode=18/30 sample=zero_boundary_038 soc=0.5600 fc=490
progress step=9200 round=1/40 episode=18/30 sample=zero_boundary_038 soc=0.6946 fc=580
progress step=9250 round=1/40 episode=18/30 sample=zero_boundary_038 soc=0.7983 fc=110
progress step=9300 round=1/40 episode=18/30 sample=zero_boundary_038 soc=0.7679 fc=0
progress step=9350 round=1/40 episode=18/30 sample=zero_boundary_038 soc=0.7151 fc=600
progress step=9400 round=1/40 episode=18/30 sample=zero_boundary_038 soc=0.6563 fc=90
progress step=9450 round=1/40 episode=18/30 sample=zero_boundary_038 soc=0.6380 fc=510
progress step=9500 round=1/40 episode=18/30 sample=zero_boundary_038 soc=0.7648 fc=330
progress step=9550 round=1/40 episode=19/30 sample=zero_boundary_040 soc=0.5811 fc=100
progress step=9600 round=1/40 episode=19/30 sample=zero_boundary_040 soc=0.4403 fc=90
progress step=9650 round=1/40 episode=19/30 sample=zero_boundary_040 soc=0.3688 fc=400
progress step=9700 round=1/40 episode=19/30 sample=zero_boundary_040 soc=0.3741 fc=410
progress step=9750 round=1/40 episode=19/30 sample=zero_boundary_040 soc=0.3284 fc=40
progress step=9800 round=1/40 episode=19/30 sample=zero_boundary_040 soc=0.3431 fc=210
progress step=9850 round=1/40 episode=19/30 sample=zero_boundary_040 soc=0.4845 fc=390
progress step=9900 round=1/40 episode=19/30 sample=zero_boundary_040 soc=0.4126 fc=320
progress step=9950 round=1/40 episode=19/30 sample=zero_boundary_040 soc=0.3083 fc=410
progress step=10000 round=1/40 episode=19/30 sample=zero_boundary_040 soc=0.3453 fc=0
progress step=10050 round=1/40 episode=20/30 sample=zero_boundary_041 soc=0.5427 fc=600
progress step=10100 round=1/40 episode=20/30 sample=zero_boundary_041 soc=0.4009 fc=490
progress step=10150 round=1/40 episode=21/30 sample=zero_boundary_042 soc=0.6631 fc=580
progress step=10200 round=1/40 episode=21/30 sample=zero_boundary_042 soc=0.6336 fc=180
progress step=10250 round=1/40 episode=21/30 sample=zero_boundary_042 soc=0.4714 fc=480
progress step=10300 round=1/40 episode=21/30 sample=zero_boundary_042 soc=0.2010 fc=510
progress step=10350 round=1/40 episode=21/30 sample=zero_boundary_042 soc=0.2023 fc=480
progress step=10400 round=1/40 episode=21/30 sample=zero_boundary_042 soc=0.2060 fc=230
progress step=10450 round=1/40 episode=21/30 sample=zero_boundary_042 soc=0.2498 fc=220
progress step=10500 round=1/40 episode=22/30 sample=zero_boundary_044 soc=0.6410 fc=160
progress step=10550 round=1/40 episode=22/30 sample=zero_boundary_044 soc=0.6036 fc=360
progress step=10600 round=1/40 episode=22/30 sample=zero_boundary_044 soc=0.3797 fc=590
progress step=10650 round=1/40 episode=23/30 sample=zero_boundary_045 soc=0.6613 fc=10
progress step=10700 round=1/40 episode=23/30 sample=zero_boundary_045 soc=0.6145 fc=330
progress step=10750 round=1/40 episode=23/30 sample=zero_boundary_045 soc=0.5274 fc=120
progress step=10800 round=1/40 episode=23/30 sample=zero_boundary_045 soc=0.3635 fc=150
progress step=10850 round=1/40 episode=24/30 sample=zero_boundary_046 soc=0.6303 fc=490
progress step=10900 round=1/40 episode=24/30 sample=zero_boundary_046 soc=0.5302 fc=230
progress step=10950 round=1/40 episode=24/30 sample=zero_boundary_046 soc=0.3649 fc=430
progress step=11000 round=1/40 episode=25/30 sample=zero_boundary_048 soc=0.6502 fc=540
progress step=11050 round=1/40 episode=25/30 sample=zero_boundary_048 soc=0.5198 fc=300
progress step=11100 round=1/40 episode=25/30 sample=zero_boundary_048 soc=0.3800 fc=440
progress step=11150 round=1/40 episode=25/30 sample=zero_boundary_048 soc=0.3564 fc=570
progress step=11200 round=1/40 episode=25/30 sample=zero_boundary_048 soc=0.4199 fc=310
progress step=11250 round=1/40 episode=25/30 sample=zero_boundary_048 soc=0.4188 fc=560
progress step=11300 round=1/40 episode=26/30 sample=zero_boundary_049 soc=0.6974 fc=270
progress step=11350 round=1/40 episode=26/30 sample=zero_boundary_049 soc=0.6922 fc=380
progress step=11400 round=1/40 episode=26/30 sample=zero_boundary_049 soc=0.6962 fc=200
progress step=11450 round=1/40 episode=26/30 sample=zero_boundary_049 soc=0.7125 fc=450
progress step=11500 round=1/40 episode=26/30 sample=zero_boundary_049 soc=0.7317 fc=600
progress step=11550 round=1/40 episode=27/30 sample=zero_boundary_050 soc=0.6459 fc=500
progress step=11600 round=1/40 episode=27/30 sample=zero_boundary_050 soc=0.6014 fc=420
progress step=11650 round=1/40 episode=27/30 sample=zero_boundary_050 soc=0.4601 fc=310
progress step=11700 round=1/40 episode=27/30 sample=zero_boundary_050 soc=0.3261 fc=150
progress step=11750 round=1/40 episode=28/30 sample=zero_boundary_051 soc=0.6307 fc=460
progress step=11800 round=1/40 episode=28/30 sample=zero_boundary_051 soc=0.6218 fc=10
progress step=11850 round=1/40 episode=28/30 sample=zero_boundary_051 soc=0.6180 fc=50
progress step=11900 round=1/40 episode=29/30 sample=zero_boundary_052 soc=0.6360 fc=550
progress step=11950 round=1/40 episode=29/30 sample=zero_boundary_052 soc=0.5416 fc=550
progress step=12000 round=1/40 episode=29/30 sample=zero_boundary_052 soc=0.2588 fc=140
progress step=12050 round=1/40 episode=29/30 sample=zero_boundary_052 soc=0.2778 fc=270
progress step=12100 round=1/40 episode=29/30 sample=zero_boundary_052 soc=0.4151 fc=0
progress step=12150 round=1/40 episode=30/30 sample=zero_boundary_053 soc=0.6914 fc=320
progress step=12200 round=1/40 episode=30/30 sample=zero_boundary_053 soc=0.6130 fc=320
progress step=12250 round=1/40 episode=30/30 sample=zero_boundary_053 soc=0.4833 fc=600
progress step=12300 round=1/40 episode=30/30 sample=zero_boundary_053 soc=0.5576 fc=460
progress step=12350 round=1/40 episode=30/30 sample=zero_boundary_053 soc=0.5883 fc=250
round 1/40 exploratory=19/30 greedy_train start
MONITOR round=1 exploratory=19/30 greedy_train=13/30 validation=SKIPPED cost=None updates=957 best_round=None
round 2/40 start epsilon=0.9756
progress step=12400 round=2/40 episode=1/30 sample=zero_boundary_002 soc=0.6715 fc=400
progress step=12450 round=2/40 episode=1/30 sample=zero_boundary_002 soc=0.5617 fc=520
progress step=12500 round=2/40 episode=1/30 sample=zero_boundary_002 soc=0.2060 fc=450
progress step=12550 round=2/40 episode=2/30 sample=zero_boundary_005 soc=0.6471 fc=470
progress step=12600 round=2/40 episode=2/30 sample=zero_boundary_005 soc=0.5145 fc=380
progress step=12650 round=2/40 episode=2/30 sample=zero_boundary_005 soc=0.4950 fc=490
progress step=12700 round=2/40 episode=2/30 sample=zero_boundary_005 soc=0.4107 fc=470
progress step=12750 round=2/40 episode=2/30 sample=zero_boundary_005 soc=0.3498 fc=320
progress step=12800 round=2/40 episode=3/30 sample=zero_boundary_006 soc=0.6047 fc=200
progress step=12850 round=2/40 episode=3/30 sample=zero_boundary_006 soc=0.7140 fc=350
progress step=12900 round=2/40 episode=3/30 sample=zero_boundary_006 soc=0.7671 fc=230
progress step=12950 round=2/40 episode=3/30 sample=zero_boundary_006 soc=0.7984 fc=150
progress step=13000 round=2/40 episode=3/30 sample=zero_boundary_006 soc=0.7981 fc=210
progress step=13050 round=2/40 episode=3/30 sample=zero_boundary_006 soc=0.7905 fc=150
progress step=13100 round=2/40 episode=3/30 sample=zero_boundary_006 soc=0.7957 fc=110
progress step=13150 round=2/40 episode=4/30 sample=zero_boundary_007 soc=0.6000 fc=140
progress step=13200 round=2/40 episode=4/30 sample=zero_boundary_007 soc=0.5760 fc=550
progress step=13250 round=2/40 episode=4/30 sample=zero_boundary_007 soc=0.5327 fc=470
progress step=13300 round=2/40 episode=4/30 sample=zero_boundary_007 soc=0.5410 fc=290
progress step=13350 round=2/40 episode=4/30 sample=zero_boundary_007 soc=0.5563 fc=40
progress step=13400 round=2/40 episode=4/30 sample=zero_boundary_007 soc=0.5153 fc=20
progress step=13450 round=2/40 episode=5/30 sample=zero_boundary_008 soc=0.6472 fc=30
progress step=13500 round=2/40 episode=5/30 sample=zero_boundary_008 soc=0.3663 fc=360
progress step=13550 round=2/40 episode=6/30 sample=zero_boundary_011 soc=0.7086 fc=360
progress step=13600 round=2/40 episode=6/30 sample=zero_boundary_011 soc=0.7563 fc=290
progress step=13650 round=2/40 episode=6/30 sample=zero_boundary_011 soc=0.6228 fc=560
progress step=13700 round=2/40 episode=6/30 sample=zero_boundary_011 soc=0.4429 fc=130
progress step=13750 round=2/40 episode=6/30 sample=zero_boundary_011 soc=0.2938 fc=60
progress step=13800 round=2/40 episode=6/30 sample=zero_boundary_011 soc=0.2012 fc=380
progress step=13850 round=2/40 episode=6/30 sample=zero_boundary_011 soc=0.4050 fc=600
progress step=13900 round=2/40 episode=6/30 sample=zero_boundary_011 soc=0.5739 fc=170
progress step=13950 round=2/40 episode=6/30 sample=zero_boundary_011 soc=0.7358 fc=450
progress step=14000 round=2/40 episode=6/30 sample=zero_boundary_011 soc=0.7998 fc=30
progress step=14050 round=2/40 episode=6/30 sample=zero_boundary_011 soc=0.7885 fc=520
progress step=14100 round=2/40 episode=6/30 sample=zero_boundary_011 soc=0.7986 fc=140
progress step=14150 round=2/40 episode=6/30 sample=zero_boundary_011 soc=0.7822 fc=540
progress step=14200 round=2/40 episode=6/30 sample=zero_boundary_011 soc=0.7798 fc=450
progress step=14250 round=2/40 episode=6/30 sample=zero_boundary_011 soc=0.7837 fc=100
progress step=14300 round=2/40 episode=7/30 sample=zero_boundary_013 soc=0.7103 fc=190
progress step=14350 round=2/40 episode=7/30 sample=zero_boundary_013 soc=0.7068 fc=30
progress step=14400 round=2/40 episode=7/30 sample=zero_boundary_013 soc=0.6932 fc=540
progress step=14450 round=2/40 episode=7/30 sample=zero_boundary_013 soc=0.6412 fc=90
progress step=14500 round=2/40 episode=7/30 sample=zero_boundary_013 soc=0.6792 fc=0
progress step=14550 round=2/40 episode=7/30 sample=zero_boundary_013 soc=0.6969 fc=300
progress step=14600 round=2/40 episode=7/30 sample=zero_boundary_013 soc=0.7989 fc=120
progress step=14650 round=2/40 episode=8/30 sample=zero_boundary_015 soc=0.6661 fc=420
progress step=14700 round=2/40 episode=8/30 sample=zero_boundary_015 soc=0.6349 fc=520
progress step=14750 round=2/40 episode=9/30 sample=zero_boundary_016 soc=0.6114 fc=470
progress step=14800 round=2/40 episode=9/30 sample=zero_boundary_016 soc=0.7670 fc=360
progress step=14850 round=2/40 episode=9/30 sample=zero_boundary_016 soc=0.6810 fc=510
progress step=14900 round=2/40 episode=9/30 sample=zero_boundary_016 soc=0.4508 fc=200
progress step=14950 round=2/40 episode=9/30 sample=zero_boundary_016 soc=0.2289 fc=0
progress step=15000 round=2/40 episode=10/30 sample=zero_boundary_017 soc=0.5577 fc=570
progress step=15050 round=2/40 episode=10/30 sample=zero_boundary_017 soc=0.3199 fc=540
progress step=15100 round=2/40 episode=11/30 sample=zero_boundary_020 soc=0.6723 fc=600
progress step=15150 round=2/40 episode=11/30 sample=zero_boundary_020 soc=0.6553 fc=480
progress step=15200 round=2/40 episode=12/30 sample=zero_boundary_021 soc=0.6378 fc=340
progress step=15250 round=2/40 episode=12/30 sample=zero_boundary_021 soc=0.7594 fc=490
progress step=15300 round=2/40 episode=12/30 sample=zero_boundary_021 soc=0.7079 fc=370
progress step=15350 round=2/40 episode=12/30 sample=zero_boundary_021 soc=0.6231 fc=100
progress step=15400 round=2/40 episode=12/30 sample=zero_boundary_021 soc=0.5074 fc=300
progress step=15450 round=2/40 episode=13/30 sample=zero_boundary_022 soc=0.6986 fc=100
progress step=15500 round=2/40 episode=13/30 sample=zero_boundary_022 soc=0.6449 fc=150
progress step=15550 round=2/40 episode=13/30 sample=zero_boundary_022 soc=0.6729 fc=550
progress step=15600 round=2/40 episode=13/30 sample=zero_boundary_022 soc=0.7645 fc=280
progress step=15650 round=2/40 episode=14/30 sample=zero_boundary_029 soc=0.6767 fc=20
progress step=15700 round=2/40 episode=14/30 sample=zero_boundary_029 soc=0.6985 fc=410
progress step=15750 round=2/40 episode=14/30 sample=zero_boundary_029 soc=0.6789 fc=430
progress step=15800 round=2/40 episode=14/30 sample=zero_boundary_029 soc=0.6563 fc=380
progress step=15850 round=2/40 episode=14/30 sample=zero_boundary_029 soc=0.7548 fc=330
progress step=15900 round=2/40 episode=14/30 sample=zero_boundary_029 soc=0.7937 fc=60
progress step=15950 round=2/40 episode=14/30 sample=zero_boundary_029 soc=0.7999 fc=30
progress step=16000 round=2/40 episode=14/30 sample=zero_boundary_029 soc=0.8000 fc=0
progress step=16050 round=2/40 episode=14/30 sample=zero_boundary_029 soc=0.8000 fc=0
progress step=16100 round=2/40 episode=14/30 sample=zero_boundary_029 soc=0.8000 fc=0
progress step=16150 round=2/40 episode=14/30 sample=zero_boundary_029 soc=0.8000 fc=0
progress step=16200 round=2/40 episode=14/30 sample=zero_boundary_029 soc=0.8000 fc=0
progress step=16250 round=2/40 episode=14/30 sample=zero_boundary_029 soc=0.8000 fc=0
progress step=16300 round=2/40 episode=14/30 sample=zero_boundary_029 soc=0.8000 fc=0
progress step=16350 round=2/40 episode=14/30 sample=zero_boundary_029 soc=0.8000 fc=0
progress step=16400 round=2/40 episode=14/30 sample=zero_boundary_029 soc=0.8000 fc=0
progress step=16450 round=2/40 episode=14/30 sample=zero_boundary_029 soc=0.8000 fc=0
progress step=16500 round=2/40 episode=14/30 sample=zero_boundary_029 soc=0.7988 fc=170
progress step=16550 round=2/40 episode=14/30 sample=zero_boundary_029 soc=0.7838 fc=270
progress step=16600 round=2/40 episode=14/30 sample=zero_boundary_029 soc=0.7952 fc=530
progress step=16650 round=2/40 episode=14/30 sample=zero_boundary_029 soc=0.7996 fc=10
progress step=16700 round=2/40 episode=15/30 sample=zero_boundary_033 soc=0.7083 fc=140
progress step=16750 round=2/40 episode=15/30 sample=zero_boundary_033 soc=0.7378 fc=370
progress step=16800 round=2/40 episode=15/30 sample=zero_boundary_033 soc=0.6192 fc=600
progress step=16850 round=2/40 episode=15/30 sample=zero_boundary_033 soc=0.6507 fc=280
progress step=16900 round=2/40 episode=15/30 sample=zero_boundary_033 soc=0.6421 fc=420
progress step=16950 round=2/40 episode=15/30 sample=zero_boundary_033 soc=0.5269 fc=410
progress step=17000 round=2/40 episode=15/30 sample=zero_boundary_033 soc=0.4375 fc=210
progress step=17050 round=2/40 episode=15/30 sample=zero_boundary_033 soc=0.5968 fc=420
progress step=17100 round=2/40 episode=15/30 sample=zero_boundary_033 soc=0.7822 fc=350
progress step=17150 round=2/40 episode=15/30 sample=zero_boundary_033 soc=0.7999 fc=0
progress step=17200 round=2/40 episode=15/30 sample=zero_boundary_033 soc=0.7999 fc=0
progress step=17250 round=2/40 episode=15/30 sample=zero_boundary_033 soc=0.7999 fc=0
progress step=17300 round=2/40 episode=15/30 sample=zero_boundary_033 soc=0.7999 fc=0
progress step=17350 round=2/40 episode=15/30 sample=zero_boundary_033 soc=0.7999 fc=0
progress step=17400 round=2/40 episode=15/30 sample=zero_boundary_033 soc=0.8000 fc=0
progress step=17450 round=2/40 episode=15/30 sample=zero_boundary_033 soc=0.7996 fc=20
progress step=17500 round=2/40 episode=15/30 sample=zero_boundary_033 soc=0.7998 fc=40
progress step=17550 round=2/40 episode=15/30 sample=zero_boundary_033 soc=0.7991 fc=50
progress step=17600 round=2/40 episode=15/30 sample=zero_boundary_033 soc=0.7984 fc=130
progress step=17650 round=2/40 episode=16/30 sample=zero_boundary_034 soc=0.6359 fc=190
progress step=17700 round=2/40 episode=16/30 sample=zero_boundary_034 soc=0.8000 fc=0
progress step=17750 round=2/40 episode=16/30 sample=zero_boundary_034 soc=0.8000 fc=0
progress step=17800 round=2/40 episode=16/30 sample=zero_boundary_034 soc=0.8000 fc=0
progress step=17850 round=2/40 episode=16/30 sample=zero_boundary_034 soc=0.8000 fc=0
progress step=17900 round=2/40 episode=16/30 sample=zero_boundary_034 soc=0.8000 fc=0
progress step=17950 round=2/40 episode=16/30 sample=zero_boundary_034 soc=0.8000 fc=0
progress step=18000 round=2/40 episode=16/30 sample=zero_boundary_034 soc=0.8000 fc=0
progress step=18050 round=2/40 episode=16/30 sample=zero_boundary_034 soc=0.8000 fc=0
progress step=18100 round=2/40 episode=16/30 sample=zero_boundary_034 soc=0.8000 fc=0
progress step=18150 round=2/40 episode=16/30 sample=zero_boundary_034 soc=0.8000 fc=0
progress step=18200 round=2/40 episode=16/30 sample=zero_boundary_034 soc=0.8000 fc=0
progress step=18250 round=2/40 episode=16/30 sample=zero_boundary_034 soc=0.8000 fc=0
progress step=18300 round=2/40 episode=16/30 sample=zero_boundary_034 soc=0.8000 fc=0
progress step=18350 round=2/40 episode=16/30 sample=zero_boundary_034 soc=0.8000 fc=0
progress step=18400 round=2/40 episode=16/30 sample=zero_boundary_034 soc=0.8000 fc=0
progress step=18450 round=2/40 episode=16/30 sample=zero_boundary_034 soc=0.8000 fc=0
progress step=18500 round=2/40 episode=16/30 sample=zero_boundary_034 soc=0.8000 fc=0
progress step=18550 round=2/40 episode=16/30 sample=zero_boundary_034 soc=0.7992 fc=60
progress step=18600 round=2/40 episode=16/30 sample=zero_boundary_034 soc=0.7997 fc=70
progress step=18650 round=2/40 episode=16/30 sample=zero_boundary_034 soc=0.7967 fc=70
progress step=18700 round=2/40 episode=16/30 sample=zero_boundary_034 soc=0.7984 fc=170
progress step=18750 round=2/40 episode=16/30 sample=zero_boundary_034 soc=0.7963 fc=310
progress step=18800 round=2/40 episode=16/30 sample=zero_boundary_034 soc=0.7991 fc=20
progress step=18850 round=2/40 episode=16/30 sample=zero_boundary_034 soc=0.8000 fc=0
progress step=18900 round=2/40 episode=16/30 sample=zero_boundary_034 soc=0.8000 fc=0
progress step=18950 round=2/40 episode=16/30 sample=zero_boundary_034 soc=0.8000 fc=0
progress step=19000 round=2/40 episode=16/30 sample=zero_boundary_034 soc=0.8000 fc=0
progress step=19050 round=2/40 episode=16/30 sample=zero_boundary_034 soc=0.8000 fc=0
progress step=19100 round=2/40 episode=16/30 sample=zero_boundary_034 soc=0.8000 fc=0
progress step=19150 round=2/40 episode=16/30 sample=zero_boundary_034 soc=0.8000 fc=0
progress step=19200 round=2/40 episode=16/30 sample=zero_boundary_034 soc=0.8000 fc=0
progress step=19250 round=2/40 episode=16/30 sample=zero_boundary_034 soc=0.7999 fc=0
progress step=19300 round=2/40 episode=17/30 sample=zero_boundary_037 soc=0.6447 fc=490
progress step=19350 round=2/40 episode=17/30 sample=zero_boundary_037 soc=0.6960 fc=570
progress step=19400 round=2/40 episode=17/30 sample=zero_boundary_037 soc=0.7745 fc=340
progress step=19450 round=2/40 episode=17/30 sample=zero_boundary_037 soc=0.7969 fc=160
progress step=19500 round=2/40 episode=17/30 sample=zero_boundary_037 soc=0.7950 fc=530
progress step=19550 round=2/40 episode=17/30 sample=zero_boundary_037 soc=0.7827 fc=400
progress step=19600 round=2/40 episode=17/30 sample=zero_boundary_037 soc=0.6849 fc=320
progress step=19650 round=2/40 episode=17/30 sample=zero_boundary_037 soc=0.6723 fc=420
progress step=19700 round=2/40 episode=17/30 sample=zero_boundary_037 soc=0.7998 fc=90
progress step=19750 round=2/40 episode=17/30 sample=zero_boundary_037 soc=0.7997 fc=60
progress step=19800 round=2/40 episode=17/30 sample=zero_boundary_037 soc=0.7984 fc=70
progress step=19850 round=2/40 episode=17/30 sample=zero_boundary_037 soc=0.7996 fc=50
progress step=19900 round=2/40 episode=17/30 sample=zero_boundary_037 soc=0.7993 fc=50
progress step=19950 round=2/40 episode=17/30 sample=zero_boundary_037 soc=0.7986 fc=150
progress step=20000 round=2/40 episode=17/30 sample=zero_boundary_037 soc=0.7980 fc=190
progress step=20050 round=2/40 episode=17/30 sample=zero_boundary_037 soc=0.7996 fc=40
progress step=20100 round=2/40 episode=17/30 sample=zero_boundary_037 soc=0.7985 fc=30
progress step=20150 round=2/40 episode=17/30 sample=zero_boundary_037 soc=0.7994 fc=80
progress step=20200 round=2/40 episode=17/30 sample=zero_boundary_037 soc=0.7983 fc=20
progress step=20250 round=2/40 episode=17/30 sample=zero_boundary_037 soc=0.7997 fc=30
progress step=20300 round=2/40 episode=17/30 sample=zero_boundary_037 soc=0.8000 fc=0
progress step=20350 round=2/40 episode=17/30 sample=zero_boundary_037 soc=0.8000 fc=0
progress step=20400 round=2/40 episode=17/30 sample=zero_boundary_037 soc=0.8000 fc=0
progress step=20450 round=2/40 episode=17/30 sample=zero_boundary_037 soc=0.7992 fc=40
progress step=20500 round=2/40 episode=17/30 sample=zero_boundary_037 soc=0.7996 fc=70
progress step=20550 round=2/40 episode=17/30 sample=zero_boundary_037 soc=0.7996 fc=10
progress step=20600 round=2/40 episode=17/30 sample=zero_boundary_037 soc=0.7996 fc=30
progress step=20650 round=2/40 episode=17/30 sample=zero_boundary_037 soc=0.7997 fc=0
progress step=20700 round=2/40 episode=17/30 sample=zero_boundary_037 soc=0.7991 fc=20
progress step=20750 round=2/40 episode=17/30 sample=zero_boundary_037 soc=0.7993 fc=50
progress step=20800 round=2/40 episode=17/30 sample=zero_boundary_037 soc=0.7991 fc=0
progress step=20850 round=2/40 episode=17/30 sample=zero_boundary_037 soc=0.7993 fc=80
progress step=20900 round=2/40 episode=17/30 sample=zero_boundary_037 soc=0.7995 fc=10
progress step=20950 round=2/40 episode=17/30 sample=zero_boundary_037 soc=0.7996 fc=30
progress step=21000 round=2/40 episode=17/30 sample=zero_boundary_037 soc=0.7994 fc=70
progress step=21050 round=2/40 episode=17/30 sample=zero_boundary_037 soc=0.7998 fc=0
progress step=21100 round=2/40 episode=17/30 sample=zero_boundary_037 soc=0.7999 fc=10
progress step=21150 round=2/40 episode=17/30 sample=zero_boundary_037 soc=0.7999 fc=0
progress step=21200 round=2/40 episode=18/30 sample=zero_boundary_038 soc=0.6642 fc=560
progress step=21250 round=2/40 episode=18/30 sample=zero_boundary_038 soc=0.6140 fc=60
progress step=21300 round=2/40 episode=18/30 sample=zero_boundary_038 soc=0.5904 fc=530
progress step=21350 round=2/40 episode=18/30 sample=zero_boundary_038 soc=0.5604 fc=220
progress step=21400 round=2/40 episode=18/30 sample=zero_boundary_038 soc=0.4241 fc=560
progress step=21450 round=2/40 episode=18/30 sample=zero_boundary_038 soc=0.3309 fc=540
progress step=21500 round=2/40 episode=18/30 sample=zero_boundary_038 soc=0.4832 fc=320
progress step=21550 round=2/40 episode=18/30 sample=zero_boundary_038 soc=0.6200 fc=140
progress step=21600 round=2/40 episode=18/30 sample=zero_boundary_038 soc=0.7554 fc=70
progress step=21650 round=2/40 episode=18/30 sample=zero_boundary_038 soc=0.7842 fc=600
progress step=21700 round=2/40 episode=18/30 sample=zero_boundary_038 soc=0.7633 fc=560
progress step=21750 round=2/40 episode=18/30 sample=zero_boundary_038 soc=0.7361 fc=220
progress step=21800 round=2/40 episode=18/30 sample=zero_boundary_038 soc=0.6914 fc=210
progress step=21850 round=2/40 episode=18/30 sample=zero_boundary_038 soc=0.7397 fc=60
progress step=21900 round=2/40 episode=19/30 sample=zero_boundary_040 soc=0.6370 fc=530
progress step=21950 round=2/40 episode=19/30 sample=zero_boundary_040 soc=0.5866 fc=100
progress step=22000 round=2/40 episode=19/30 sample=zero_boundary_040 soc=0.4669 fc=300
progress step=22050 round=2/40 episode=19/30 sample=zero_boundary_040 soc=0.4003 fc=160
progress step=22100 round=2/40 episode=19/30 sample=zero_boundary_040 soc=0.4118 fc=330
progress step=22150 round=2/40 episode=19/30 sample=zero_boundary_040 soc=0.3790 fc=40
progress step=22200 round=2/40 episode=19/30 sample=zero_boundary_040 soc=0.4533 fc=330
progress step=22250 round=2/40 episode=19/30 sample=zero_boundary_040 soc=0.4950 fc=90
progress step=22300 round=2/40 episode=19/30 sample=zero_boundary_040 soc=0.4016 fc=510
progress step=22350 round=2/40 episode=19/30 sample=zero_boundary_040 soc=0.2766 fc=310
progress step=22400 round=2/40 episode=20/30 sample=zero_boundary_041 soc=0.6292 fc=530
progress step=22450 round=2/40 episode=20/30 sample=zero_boundary_041 soc=0.5612 fc=480
progress step=22500 round=2/40 episode=20/30 sample=zero_boundary_041 soc=0.3235 fc=400
progress step=22550 round=2/40 episode=21/30 sample=zero_boundary_042 soc=0.6850 fc=410
progress step=22600 round=2/40 episode=21/30 sample=zero_boundary_042 soc=0.6343 fc=380
progress step=22650 round=2/40 episode=21/30 sample=zero_boundary_042 soc=0.4521 fc=530
progress step=22700 round=2/40 episode=21/30 sample=zero_boundary_042 soc=0.2327 fc=350
progress step=22750 round=2/40 episode=21/30 sample=zero_boundary_042 soc=0.2008 fc=590
progress step=22800 round=2/40 episode=21/30 sample=zero_boundary_042 soc=0.2176 fc=10
progress step=22850 round=2/40 episode=21/30 sample=zero_boundary_042 soc=0.2110 fc=430
progress step=22900 round=2/40 episode=22/30 sample=zero_boundary_044 soc=0.6375 fc=210
progress step=22950 round=2/40 episode=22/30 sample=zero_boundary_044 soc=0.5446 fc=380
progress step=23000 round=2/40 episode=22/30 sample=zero_boundary_044 soc=0.3509 fc=320
progress step=23050 round=2/40 episode=23/30 sample=zero_boundary_045 soc=0.6905 fc=240
progress step=23100 round=2/40 episode=23/30 sample=zero_boundary_045 soc=0.6489 fc=210
progress step=23150 round=2/40 episode=23/30 sample=zero_boundary_045 soc=0.5672 fc=580
progress step=23200 round=2/40 episode=23/30 sample=zero_boundary_045 soc=0.3741 fc=30
progress step=23250 round=2/40 episode=24/30 sample=zero_boundary_046 soc=0.6106 fc=580
progress step=23300 round=2/40 episode=24/30 sample=zero_boundary_046 soc=0.5085 fc=90
progress step=23350 round=2/40 episode=24/30 sample=zero_boundary_046 soc=0.3408 fc=380
progress step=23400 round=2/40 episode=25/30 sample=zero_boundary_048 soc=0.6584 fc=520
progress step=23450 round=2/40 episode=25/30 sample=zero_boundary_048 soc=0.5011 fc=210
progress step=23500 round=2/40 episode=25/30 sample=zero_boundary_048 soc=0.3446 fc=410
progress step=23550 round=2/40 episode=25/30 sample=zero_boundary_048 soc=0.2986 fc=470
progress step=23600 round=2/40 episode=25/30 sample=zero_boundary_048 soc=0.3929 fc=380
progress step=23650 round=2/40 episode=25/30 sample=zero_boundary_048 soc=0.3836 fc=180
progress step=23700 round=2/40 episode=26/30 sample=zero_boundary_049 soc=0.6821 fc=320
progress step=23750 round=2/40 episode=26/30 sample=zero_boundary_049 soc=0.6575 fc=200
progress step=23800 round=2/40 episode=26/30 sample=zero_boundary_049 soc=0.6281 fc=230
progress step=23850 round=2/40 episode=26/30 sample=zero_boundary_049 soc=0.6228 fc=500
progress step=23900 round=2/40 episode=26/30 sample=zero_boundary_049 soc=0.6764 fc=60
progress step=23950 round=2/40 episode=27/30 sample=zero_boundary_050 soc=0.6429 fc=380
progress step=24000 round=2/40 episode=27/30 sample=zero_boundary_050 soc=0.5852 fc=240
progress step=24050 round=2/40 episode=27/30 sample=zero_boundary_050 soc=0.4435 fc=180
progress step=24100 round=2/40 episode=27/30 sample=zero_boundary_050 soc=0.3181 fc=30
progress step=24150 round=2/40 episode=28/30 sample=zero_boundary_051 soc=0.6347 fc=220
progress step=24200 round=2/40 episode=28/30 sample=zero_boundary_051 soc=0.6163 fc=30
progress step=24250 round=2/40 episode=28/30 sample=zero_boundary_051 soc=0.6021 fc=380
progress step=24300 round=2/40 episode=29/30 sample=zero_boundary_052 soc=0.6711 fc=190
progress step=24350 round=2/40 episode=29/30 sample=zero_boundary_052 soc=0.5664 fc=60
progress step=24400 round=2/40 episode=29/30 sample=zero_boundary_052 soc=0.3443 fc=120
progress step=24450 round=2/40 episode=29/30 sample=zero_boundary_052 soc=0.3809 fc=0
progress step=24500 round=2/40 episode=29/30 sample=zero_boundary_052 soc=0.4878 fc=570
progress step=24550 round=2/40 episode=30/30 sample=zero_boundary_053 soc=0.7040 fc=540
progress step=24600 round=2/40 episode=30/30 sample=zero_boundary_053 soc=0.6053 fc=410
progress step=24650 round=2/40 episode=30/30 sample=zero_boundary_053 soc=0.4953 fc=520
progress step=24700 round=2/40 episode=30/30 sample=zero_boundary_053 soc=0.5644 fc=30
progress step=24750 round=2/40 episode=30/30 sample=zero_boundary_053 soc=0.6148 fc=0
round 2/40 exploratory=19/30 greedy_train start
MONITOR round=2 exploratory=19/30 greedy_train=11/30 validation=SKIPPED cost=None updates=1345 best_round=None
round 3/40 start epsilon=0.9513
progress step=24800 round=3/40 episode=1/30 sample=zero_boundary_002 soc=0.6806 fc=20
progress step=24850 round=3/40 episode=1/30 sample=zero_boundary_002 soc=0.5466 fc=0
progress step=24900 round=3/40 episode=1/30 sample=zero_boundary_002 soc=0.2161 fc=390
progress step=24950 round=3/40 episode=1/30 sample=zero_boundary_002 soc=0.4026 fc=30
progress step=25000 round=3/40 episode=1/30 sample=zero_boundary_002 soc=0.3237 fc=80
progress step=25050 round=3/40 episode=1/30 sample=zero_boundary_002 soc=0.3979 fc=490
progress step=25100 round=3/40 episode=2/30 sample=zero_boundary_005 soc=0.6706 fc=130
progress step=25150 round=3/40 episode=2/30 sample=zero_boundary_005 soc=0.6170 fc=330
progress step=25200 round=3/40 episode=2/30 sample=zero_boundary_005 soc=0.5618 fc=0
progress step=25250 round=3/40 episode=2/30 sample=zero_boundary_005 soc=0.5070 fc=290
progress step=25300 round=3/40 episode=2/30 sample=zero_boundary_005 soc=0.3601 fc=260
progress step=25350 round=3/40 episode=2/30 sample=zero_boundary_005 soc=0.3817 fc=440
progress step=25400 round=3/40 episode=3/30 sample=zero_boundary_006 soc=0.7111 fc=270
progress step=25450 round=3/40 episode=3/30 sample=zero_boundary_006 soc=0.7967 fc=90
progress step=25500 round=3/40 episode=3/30 sample=zero_boundary_006 soc=0.7999 fc=50
progress step=25550 round=3/40 episode=3/30 sample=zero_boundary_006 soc=0.7960 fc=400
progress step=25600 round=3/40 episode=3/30 sample=zero_boundary_006 soc=0.7984 fc=40
progress step=25650 round=3/40 episode=3/30 sample=zero_boundary_006 soc=0.7969 fc=380
progress step=25700 round=3/40 episode=3/30 sample=zero_boundary_006 soc=0.7993 fc=80
progress step=25750 round=3/40 episode=4/30 sample=zero_boundary_007 soc=0.6710 fc=430
progress step=25800 round=3/40 episode=4/30 sample=zero_boundary_007 soc=0.5850 fc=280
progress step=25850 round=3/40 episode=4/30 sample=zero_boundary_007 soc=0.5820 fc=460
progress step=25900 round=3/40 episode=4/30 sample=zero_boundary_007 soc=0.6431 fc=40
progress step=25950 round=3/40 episode=4/30 sample=zero_boundary_007 soc=0.5801 fc=480
progress step=26000 round=3/40 episode=4/30 sample=zero_boundary_007 soc=0.6271 fc=120
progress step=26050 round=3/40 episode=5/30 sample=zero_boundary_008 soc=0.5248 fc=260
progress step=26100 round=3/40 episode=6/30 sample=zero_boundary_011 soc=0.6336 fc=0
progress step=26150 round=3/40 episode=6/30 sample=zero_boundary_011 soc=0.7691 fc=510
progress step=26200 round=3/40 episode=6/30 sample=zero_boundary_011 soc=0.6895 fc=140
progress step=26250 round=3/40 episode=6/30 sample=zero_boundary_011 soc=0.5328 fc=330
progress step=26300 round=3/40 episode=6/30 sample=zero_boundary_011 soc=0.4076 fc=230
progress step=26350 round=3/40 episode=6/30 sample=zero_boundary_011 soc=0.2511 fc=150
progress step=26400 round=3/40 episode=6/30 sample=zero_boundary_011 soc=0.3480 fc=560
progress step=26450 round=3/40 episode=6/30 sample=zero_boundary_011 soc=0.4768 fc=530
progress step=26500 round=3/40 episode=6/30 sample=zero_boundary_011 soc=0.6405 fc=580
progress step=26550 round=3/40 episode=6/30 sample=zero_boundary_011 soc=0.7935 fc=240
progress step=26600 round=3/40 episode=6/30 sample=zero_boundary_011 soc=0.7904 fc=90
progress step=26650 round=3/40 episode=6/30 sample=zero_boundary_011 soc=0.7710 fc=420
progress step=26700 round=3/40 episode=6/30 sample=zero_boundary_011 soc=0.7976 fc=120
progress step=26750 round=3/40 episode=6/30 sample=zero_boundary_011 soc=0.7994 fc=240
progress step=26800 round=3/40 episode=6/30 sample=zero_boundary_011 soc=0.7650 fc=60
progress step=26850 round=3/40 episode=7/30 sample=zero_boundary_013 soc=0.6444 fc=20
progress step=26900 round=3/40 episode=7/30 sample=zero_boundary_013 soc=0.7495 fc=280
progress step=26950 round=3/40 episode=7/30 sample=zero_boundary_013 soc=0.7265 fc=300
progress step=27000 round=3/40 episode=7/30 sample=zero_boundary_013 soc=0.6451 fc=350
progress step=27050 round=3/40 episode=7/30 sample=zero_boundary_013 soc=0.7173 fc=420
progress step=27100 round=3/40 episode=7/30 sample=zero_boundary_013 soc=0.7516 fc=390
progress step=27150 round=3/40 episode=7/30 sample=zero_boundary_013 soc=0.7915 fc=300
progress step=27200 round=3/40 episode=8/30 sample=zero_boundary_015 soc=0.6498 fc=310
progress step=27250 round=3/40 episode=8/30 sample=zero_boundary_015 soc=0.6137 fc=230
progress step=27300 round=3/40 episode=8/30 sample=zero_boundary_015 soc=0.3610 fc=370
progress step=27350 round=3/40 episode=9/30 sample=zero_boundary_016 soc=0.6921 fc=480
progress step=27400 round=3/40 episode=9/30 sample=zero_boundary_016 soc=0.7274 fc=50
progress step=27450 round=3/40 episode=9/30 sample=zero_boundary_016 soc=0.5163 fc=130
progress step=27500 round=3/40 episode=9/30 sample=zero_boundary_016 soc=0.3219 fc=50
progress step=27550 round=3/40 episode=10/30 sample=zero_boundary_017 soc=0.5694 fc=390
progress step=27600 round=3/40 episode=10/30 sample=zero_boundary_017 soc=0.3029 fc=380
progress step=27650 round=3/40 episode=11/30 sample=zero_boundary_020 soc=0.6599 fc=310
progress step=27700 round=3/40 episode=11/30 sample=zero_boundary_020 soc=0.6572 fc=80
progress step=27750 round=3/40 episode=12/30 sample=zero_boundary_021 soc=0.6285 fc=220
progress step=27800 round=3/40 episode=12/30 sample=zero_boundary_021 soc=0.7979 fc=20
progress step=27850 round=3/40 episode=12/30 sample=zero_boundary_021 soc=0.7209 fc=140
progress step=27900 round=3/40 episode=12/30 sample=zero_boundary_021 soc=0.6137 fc=320
progress step=27950 round=3/40 episode=12/30 sample=zero_boundary_021 soc=0.4988 fc=140
progress step=28000 round=3/40 episode=13/30 sample=zero_boundary_022 soc=0.6671 fc=230
progress step=28050 round=3/40 episode=13/30 sample=zero_boundary_022 soc=0.5849 fc=210
progress step=28100 round=3/40 episode=13/30 sample=zero_boundary_022 soc=0.5932 fc=280
progress step=28150 round=3/40 episode=13/30 sample=zero_boundary_022 soc=0.6672 fc=370
progress step=28200 round=3/40 episode=14/30 sample=zero_boundary_029 soc=0.6684 fc=390
progress step=28250 round=3/40 episode=14/30 sample=zero_boundary_029 soc=0.6578 fc=520
progress step=28300 round=3/40 episode=14/30 sample=zero_boundary_029 soc=0.6324 fc=70
progress step=28350 round=3/40 episode=14/30 sample=zero_boundary_029 soc=0.6047 fc=520
progress step=28400 round=3/40 episode=14/30 sample=zero_boundary_029 soc=0.7017 fc=0
progress step=28450 round=3/40 episode=14/30 sample=zero_boundary_029 soc=0.7539 fc=0
progress step=28500 round=3/40 episode=14/30 sample=zero_boundary_029 soc=0.7995 fc=50
progress step=28550 round=3/40 episode=14/30 sample=zero_boundary_029 soc=0.7999 fc=0
progress step=28600 round=3/40 episode=14/30 sample=zero_boundary_029 soc=0.7999 fc=0
progress step=28650 round=3/40 episode=14/30 sample=zero_boundary_029 soc=0.7999 fc=0
progress step=28700 round=3/40 episode=14/30 sample=zero_boundary_029 soc=0.7999 fc=0
progress step=28750 round=3/40 episode=14/30 sample=zero_boundary_029 soc=0.7999 fc=0
progress step=28800 round=3/40 episode=14/30 sample=zero_boundary_029 soc=0.7999 fc=0
progress step=28850 round=3/40 episode=14/30 sample=zero_boundary_029 soc=0.7999 fc=0
progress step=28900 round=3/40 episode=14/30 sample=zero_boundary_029 soc=0.7999 fc=0
progress step=28950 round=3/40 episode=14/30 sample=zero_boundary_029 soc=0.7999 fc=0
progress step=29000 round=3/40 episode=14/30 sample=zero_boundary_029 soc=0.7999 fc=0
progress step=29050 round=3/40 episode=14/30 sample=zero_boundary_029 soc=0.7985 fc=90
progress step=29100 round=3/40 episode=14/30 sample=zero_boundary_029 soc=0.7925 fc=400
progress step=29150 round=3/40 episode=14/30 sample=zero_boundary_029 soc=0.7955 fc=350
progress step=29200 round=3/40 episode=14/30 sample=zero_boundary_029 soc=0.7885 fc=500
progress step=29250 round=3/40 episode=15/30 sample=zero_boundary_033 soc=0.6873 fc=140
progress step=29300 round=3/40 episode=15/30 sample=zero_boundary_033 soc=0.7640 fc=590
progress step=29350 round=3/40 episode=15/30 sample=zero_boundary_033 soc=0.6609 fc=170
progress step=29400 round=3/40 episode=15/30 sample=zero_boundary_033 soc=0.6473 fc=190
progress step=29450 round=3/40 episode=15/30 sample=zero_boundary_033 soc=0.6211 fc=310
progress step=29500 round=3/40 episode=15/30 sample=zero_boundary_033 soc=0.5134 fc=520
progress step=29550 round=3/40 episode=15/30 sample=zero_boundary_033 soc=0.4372 fc=600
progress step=29600 round=3/40 episode=15/30 sample=zero_boundary_033 soc=0.5994 fc=490
progress step=29650 round=3/40 episode=15/30 sample=zero_boundary_033 soc=0.7675 fc=240
progress step=29700 round=3/40 episode=15/30 sample=zero_boundary_033 soc=0.8000 fc=0
progress step=29750 round=3/40 episode=15/30 sample=zero_boundary_033 soc=0.8000 fc=0
progress step=29800 round=3/40 episode=15/30 sample=zero_boundary_033 soc=0.8000 fc=0
progress step=29850 round=3/40 episode=15/30 sample=zero_boundary_033 soc=0.8000 fc=0
progress step=29900 round=3/40 episode=15/30 sample=zero_boundary_033 soc=0.7999 fc=0
progress step=29950 round=3/40 episode=15/30 sample=zero_boundary_033 soc=0.7999 fc=0
progress step=30000 round=3/40 episode=15/30 sample=zero_boundary_033 soc=0.7997 fc=50
progress step=30050 round=3/40 episode=15/30 sample=zero_boundary_033 soc=0.7998 fc=40
progress step=30100 round=3/40 episode=15/30 sample=zero_boundary_033 soc=0.7994 fc=70
progress step=30150 round=3/40 episode=15/30 sample=zero_boundary_033 soc=0.7993 fc=60
progress step=30200 round=3/40 episode=16/30 sample=zero_boundary_034 soc=0.6201 fc=350
progress step=30250 round=3/40 episode=16/30 sample=zero_boundary_034 soc=0.7996 fc=20
progress step=30300 round=3/40 episode=16/30 sample=zero_boundary_034 soc=0.8000 fc=0
progress step=30350 round=3/40 episode=16/30 sample=zero_boundary_034 soc=0.8000 fc=0
progress step=30400 round=3/40 episode=16/30 sample=zero_boundary_034 soc=0.8000 fc=0
progress step=30450 round=3/40 episode=16/30 sample=zero_boundary_034 soc=0.8000 fc=0
progress step=30500 round=3/40 episode=16/30 sample=zero_boundary_034 soc=0.8000 fc=0
progress step=30550 round=3/40 episode=16/30 sample=zero_boundary_034 soc=0.8000 fc=0
progress step=30600 round=3/40 episode=16/30 sample=zero_boundary_034 soc=0.8000 fc=0
progress step=30650 round=3/40 episode=16/30 sample=zero_boundary_034 soc=0.8000 fc=0
progress step=30700 round=3/40 episode=16/30 sample=zero_boundary_034 soc=0.8000 fc=0
progress step=30750 round=3/40 episode=16/30 sample=zero_boundary_034 soc=0.8000 fc=0
progress step=30800 round=3/40 episode=16/30 sample=zero_boundary_034 soc=0.8000 fc=0
progress step=30850 round=3/40 episode=16/30 sample=zero_boundary_034 soc=0.8000 fc=0
progress step=30900 round=3/40 episode=16/30 sample=zero_boundary_034 soc=0.8000 fc=0
progress step=30950 round=3/40 episode=16/30 sample=zero_boundary_034 soc=0.8000 fc=0
progress step=31000 round=3/40 episode=16/30 sample=zero_boundary_034 soc=0.8000 fc=0
progress step=31050 round=3/40 episode=16/30 sample=zero_boundary_034 soc=0.8000 fc=0
progress step=31100 round=3/40 episode=16/30 sample=zero_boundary_034 soc=0.7974 fc=250
progress step=31150 round=3/40 episode=16/30 sample=zero_boundary_034 soc=0.7964 fc=150
progress step=31200 round=3/40 episode=16/30 sample=zero_boundary_034 soc=0.7979 fc=140
progress step=31250 round=3/40 episode=16/30 sample=zero_boundary_034 soc=0.7989 fc=90
progress step=31300 round=3/40 episode=16/30 sample=zero_boundary_034 soc=0.7990 fc=280
progress step=31350 round=3/40 episode=16/30 sample=zero_boundary_034 soc=0.7995 fc=60
progress step=31400 round=3/40 episode=16/30 sample=zero_boundary_034 soc=0.7999 fc=0
progress step=31450 round=3/40 episode=16/30 sample=zero_boundary_034 soc=0.7999 fc=0
progress step=31500 round=3/40 episode=16/30 sample=zero_boundary_034 soc=0.7999 fc=0
progress step=31550 round=3/40 episode=16/30 sample=zero_boundary_034 soc=0.7999 fc=0
progress step=31600 round=3/40 episode=16/30 sample=zero_boundary_034 soc=0.7999 fc=0
progress step=31650 round=3/40 episode=16/30 sample=zero_boundary_034 soc=0.7999 fc=0
progress step=31700 round=3/40 episode=16/30 sample=zero_boundary_034 soc=0.7999 fc=0
progress step=31750 round=3/40 episode=16/30 sample=zero_boundary_034 soc=0.7999 fc=0
progress step=31800 round=3/40 episode=16/30 sample=zero_boundary_034 soc=0.7999 fc=0
progress step=31850 round=3/40 episode=17/30 sample=zero_boundary_037 soc=0.6327 fc=50
progress step=31900 round=3/40 episode=17/30 sample=zero_boundary_037 soc=0.6690 fc=580
progress step=31950 round=3/40 episode=17/30 sample=zero_boundary_037 soc=0.7129 fc=420
progress step=32000 round=3/40 episode=17/30 sample=zero_boundary_037 soc=0.7732 fc=310
progress step=32050 round=3/40 episode=17/30 sample=zero_boundary_037 soc=0.7994 fc=120
progress step=32100 round=3/40 episode=17/30 sample=zero_boundary_037 soc=0.7674 fc=320
progress step=32150 round=3/40 episode=17/30 sample=zero_boundary_037 soc=0.6203 fc=470
progress step=32200 round=3/40 episode=17/30 sample=zero_boundary_037 soc=0.5534 fc=470
progress step=32250 round=3/40 episode=17/30 sample=zero_boundary_037 soc=0.7058 fc=320
progress step=32300 round=3/40 episode=17/30 sample=zero_boundary_037 soc=0.7997 fc=20
progress step=32350 round=3/40 episode=17/30 sample=zero_boundary_037 soc=0.7982 fc=120
progress step=32400 round=3/40 episode=17/30 sample=zero_boundary_037 soc=0.8000 fc=20
progress step=32450 round=3/40 episode=17/30 sample=zero_boundary_037 soc=0.7993 fc=60
progress step=32500 round=3/40 episode=17/30 sample=zero_boundary_037 soc=0.7991 fc=20
progress step=32550 round=3/40 episode=17/30 sample=zero_boundary_037 soc=0.7996 fc=60
progress step=32600 round=3/40 episode=17/30 sample=zero_boundary_037 soc=0.7999 fc=30
progress step=32650 round=3/40 episode=17/30 sample=zero_boundary_037 soc=0.7990 fc=100
progress step=32700 round=3/40 episode=17/30 sample=zero_boundary_037 soc=0.7995 fc=60
progress step=32750 round=3/40 episode=17/30 sample=zero_boundary_037 soc=0.7988 fc=0
progress step=32800 round=3/40 episode=17/30 sample=zero_boundary_037 soc=0.7999 fc=60
progress step=32850 round=3/40 episode=17/30 sample=zero_boundary_037 soc=0.8000 fc=0
progress step=32900 round=3/40 episode=17/30 sample=zero_boundary_037 soc=0.8000 fc=0
progress step=32950 round=3/40 episode=17/30 sample=zero_boundary_037 soc=0.8000 fc=0
progress step=33000 round=3/40 episode=17/30 sample=zero_boundary_037 soc=0.7994 fc=0
progress step=33050 round=3/40 episode=17/30 sample=zero_boundary_037 soc=0.7998 fc=20
progress step=33100 round=3/40 episode=17/30 sample=zero_boundary_037 soc=0.7988 fc=50
progress step=33150 round=3/40 episode=17/30 sample=zero_boundary_037 soc=0.8000 fc=20
progress step=33200 round=3/40 episode=17/30 sample=zero_boundary_037 soc=0.8000 fc=20
progress step=33250 round=3/40 episode=17/30 sample=zero_boundary_037 soc=0.8000 fc=10
progress step=33300 round=3/40 episode=17/30 sample=zero_boundary_037 soc=0.7996 fc=30
progress step=33350 round=3/40 episode=17/30 sample=zero_boundary_037 soc=0.7994 fc=10
progress step=33400 round=3/40 episode=17/30 sample=zero_boundary_037 soc=0.7993 fc=80
progress step=33450 round=3/40 episode=17/30 sample=zero_boundary_037 soc=0.7998 fc=0
progress step=33500 round=3/40 episode=17/30 sample=zero_boundary_037 soc=0.8000 fc=20
progress step=33550 round=3/40 episode=17/30 sample=zero_boundary_037 soc=0.7999 fc=10
progress step=33600 round=3/40 episode=17/30 sample=zero_boundary_037 soc=0.7990 fc=100
progress step=33650 round=3/40 episode=17/30 sample=zero_boundary_037 soc=0.7999 fc=0
progress step=33700 round=3/40 episode=17/30 sample=zero_boundary_037 soc=0.8000 fc=0
progress step=33750 round=3/40 episode=18/30 sample=zero_boundary_038 soc=0.6619 fc=140
progress step=33800 round=3/40 episode=18/30 sample=zero_boundary_038 soc=0.6264 fc=190
progress step=33850 round=3/40 episode=18/30 sample=zero_boundary_038 soc=0.5737 fc=30
progress step=33900 round=3/40 episode=18/30 sample=zero_boundary_038 soc=0.5587 fc=570
progress step=33950 round=3/40 episode=18/30 sample=zero_boundary_038 soc=0.4410 fc=510
progress step=34000 round=3/40 episode=18/30 sample=zero_boundary_038 soc=0.3362 fc=340
progress step=34050 round=3/40 episode=18/30 sample=zero_boundary_038 soc=0.4381 fc=0
progress step=34100 round=3/40 episode=18/30 sample=zero_boundary_038 soc=0.5898 fc=100
progress step=34150 round=3/40 episode=18/30 sample=zero_boundary_038 soc=0.7697 fc=100
progress step=34200 round=3/40 episode=18/30 sample=zero_boundary_038 soc=0.7808 fc=10
progress step=34250 round=3/40 episode=18/30 sample=zero_boundary_038 soc=0.7123 fc=100
progress step=34300 round=3/40 episode=18/30 sample=zero_boundary_038 soc=0.6618 fc=220
progress step=34350 round=3/40 episode=18/30 sample=zero_boundary_038 soc=0.6472 fc=570
progress step=34400 round=3/40 episode=18/30 sample=zero_boundary_038 soc=0.6823 fc=600
progress step=34450 round=3/40 episode=19/30 sample=zero_boundary_040 soc=0.6305 fc=390
progress step=34500 round=3/40 episode=19/30 sample=zero_boundary_040 soc=0.5564 fc=440
progress step=34550 round=3/40 episode=19/30 sample=zero_boundary_040 soc=0.4191 fc=450
progress step=34600 round=3/40 episode=19/30 sample=zero_boundary_040 soc=0.3444 fc=590
progress step=34650 round=3/40 episode=19/30 sample=zero_boundary_040 soc=0.3593 fc=290
progress step=34700 round=3/40 episode=19/30 sample=zero_boundary_040 soc=0.2852 fc=190
progress step=34750 round=3/40 episode=19/30 sample=zero_boundary_040 soc=0.3920 fc=100
progress step=34800 round=3/40 episode=19/30 sample=zero_boundary_040 soc=0.4634 fc=430
progress step=34850 round=3/40 episode=19/30 sample=zero_boundary_040 soc=0.3791 fc=40
progress step=34900 round=3/40 episode=19/30 sample=zero_boundary_040 soc=0.2357 fc=240
progress step=34950 round=3/40 episode=20/30 sample=zero_boundary_041 soc=0.6027 fc=20
progress step=35000 round=3/40 episode=20/30 sample=zero_boundary_041 soc=0.5228 fc=250
progress step=35050 round=3/40 episode=20/30 sample=zero_boundary_041 soc=0.2883 fc=480
progress step=35100 round=3/40 episode=21/30 sample=zero_boundary_042 soc=0.6778 fc=500
progress step=35150 round=3/40 episode=21/30 sample=zero_boundary_042 soc=0.5426 fc=370
progress step=35200 round=3/40 episode=21/30 sample=zero_boundary_042 soc=0.3606 fc=180
progress step=35250 round=3/40 episode=21/30 sample=zero_boundary_042 soc=0.2009 fc=540
progress step=35300 round=3/40 episode=21/30 sample=zero_boundary_042 soc=0.2017 fc=550
progress step=35350 round=3/40 episode=21/30 sample=zero_boundary_042 soc=0.3336 fc=530
progress step=35400 round=3/40 episode=21/30 sample=zero_boundary_042 soc=0.2006 fc=600
progress step=35450 round=3/40 episode=22/30 sample=zero_boundary_044 soc=0.6548 fc=220
progress step=35500 round=3/40 episode=22/30 sample=zero_boundary_044 soc=0.5615 fc=440
progress step=35550 round=3/40 episode=22/30 sample=zero_boundary_044 soc=0.3508 fc=280
progress step=35600 round=3/40 episode=23/30 sample=zero_boundary_045 soc=0.6957 fc=130
progress step=35650 round=3/40 episode=23/30 sample=zero_boundary_045 soc=0.6501 fc=270
progress step=35700 round=3/40 episode=23/30 sample=zero_boundary_045 soc=0.6056 fc=430
progress step=35750 round=3/40 episode=23/30 sample=zero_boundary_045 soc=0.4098 fc=170
progress step=35800 round=3/40 episode=23/30 sample=zero_boundary_045 soc=0.2009 fc=530
progress step=35850 round=3/40 episode=23/30 sample=zero_boundary_045 soc=0.2018 fc=600
progress step=35900 round=3/40 episode=24/30 sample=zero_boundary_046 soc=0.6026 fc=60
progress step=35950 round=3/40 episode=24/30 sample=zero_boundary_046 soc=0.4394 fc=170
progress step=36000 round=3/40 episode=24/30 sample=zero_boundary_046 soc=0.2245 fc=510
progress step=36050 round=3/40 episode=25/30 sample=zero_boundary_048 soc=0.6347 fc=460
progress step=36100 round=3/40 episode=25/30 sample=zero_boundary_048 soc=0.4794 fc=40
progress step=36150 round=3/40 episode=25/30 sample=zero_boundary_048 soc=0.3584 fc=20
progress step=36200 round=3/40 episode=25/30 sample=zero_boundary_048 soc=0.3794 fc=80
progress step=36250 round=3/40 episode=25/30 sample=zero_boundary_048 soc=0.3498 fc=0
progress step=36300 round=3/40 episode=26/30 sample=zero_boundary_049 soc=0.6250 fc=350
progress step=36350 round=3/40 episode=26/30 sample=zero_boundary_049 soc=0.6546 fc=50
progress step=36400 round=3/40 episode=26/30 sample=zero_boundary_049 soc=0.6208 fc=480
progress step=36450 round=3/40 episode=26/30 sample=zero_boundary_049 soc=0.5940 fc=90
progress step=36500 round=3/40 episode=26/30 sample=zero_boundary_049 soc=0.5871 fc=0
progress step=36550 round=3/40 episode=26/30 sample=zero_boundary_049 soc=0.7091 fc=60
progress step=36600 round=3/40 episode=27/30 sample=zero_boundary_050 soc=0.6387 fc=510
progress step=36650 round=3/40 episode=27/30 sample=zero_boundary_050 soc=0.5083 fc=510
progress step=36700 round=3/40 episode=27/30 sample=zero_boundary_050 soc=0.3783 fc=440
progress step=36750 round=3/40 episode=27/30 sample=zero_boundary_050 soc=0.2467 fc=140
progress step=36800 round=3/40 episode=28/30 sample=zero_boundary_051 soc=0.6585 fc=30
progress step=36850 round=3/40 episode=28/30 sample=zero_boundary_051 soc=0.6680 fc=200
progress step=36900 round=3/40 episode=28/30 sample=zero_boundary_051 soc=0.7537 fc=600
progress step=36950 round=3/40 episode=29/30 sample=zero_boundary_052 soc=0.6516 fc=480
progress step=37000 round=3/40 episode=29/30 sample=zero_boundary_052 soc=0.4022 fc=340
progress step=37050 round=3/40 episode=29/30 sample=zero_boundary_052 soc=0.2948 fc=160
progress step=37100 round=3/40 episode=29/30 sample=zero_boundary_052 soc=0.3508 fc=120
progress step=37150 round=3/40 episode=30/30 sample=zero_boundary_053 soc=0.6299 fc=410
progress step=37200 round=3/40 episode=30/30 sample=zero_boundary_053 soc=0.6994 fc=30
progress step=37250 round=3/40 episode=30/30 sample=zero_boundary_053 soc=0.5746 fc=350
progress step=37300 round=3/40 episode=30/30 sample=zero_boundary_053 soc=0.6099 fc=90
progress step=37350 round=3/40 episode=30/30 sample=zero_boundary_053 soc=0.6075 fc=570
round 3/40 exploratory=20/30 greedy_train start
MONITOR round=3 exploratory=20/30 greedy_train=10/30 validation=SKIPPED cost=None updates=1739 best_round=None
round 4/40 start epsilon=0.9269
progress step=37400 round=4/40 episode=1/30 sample=zero_boundary_002 soc=0.6163 fc=510
progress step=37450 round=4/40 episode=1/30 sample=zero_boundary_002 soc=0.7059 fc=180
progress step=37500 round=4/40 episode=1/30 sample=zero_boundary_002 soc=0.4043 fc=510
progress step=37550 round=4/40 episode=1/30 sample=zero_boundary_002 soc=0.4505 fc=210
progress step=37600 round=4/40 episode=1/30 sample=zero_boundary_002 soc=0.3421 fc=80
progress step=37650 round=4/40 episode=1/30 sample=zero_boundary_002 soc=0.3961 fc=240
progress step=37700 round=4/40 episode=2/30 sample=zero_boundary_005 soc=0.6287 fc=320
progress step=37750 round=4/40 episode=2/30 sample=zero_boundary_005 soc=0.7049 fc=220
progress step=37800 round=4/40 episode=2/30 sample=zero_boundary_005 soc=0.5476 fc=250
progress step=37850 round=4/40 episode=2/30 sample=zero_boundary_005 soc=0.5242 fc=30
progress step=37900 round=4/40 episode=2/30 sample=zero_boundary_005 soc=0.4551 fc=540
progress step=37950 round=4/40 episode=2/30 sample=zero_boundary_005 soc=0.3931 fc=190
progress step=38000 round=4/40 episode=3/30 sample=zero_boundary_006 soc=0.6335 fc=140
progress step=38050 round=4/40 episode=3/30 sample=zero_boundary_006 soc=0.7340 fc=130
progress step=38100 round=4/40 episode=3/30 sample=zero_boundary_006 soc=0.7925 fc=280
progress step=38150 round=4/40 episode=3/30 sample=zero_boundary_006 soc=0.7952 fc=590
progress step=38200 round=4/40 episode=3/30 sample=zero_boundary_006 soc=0.7955 fc=370
progress step=38250 round=4/40 episode=3/30 sample=zero_boundary_006 soc=0.7969 fc=190
progress step=38300 round=4/40 episode=3/30 sample=zero_boundary_006 soc=0.7983 fc=200
progress step=38350 round=4/40 episode=4/30 sample=zero_boundary_007 soc=0.6299 fc=100
progress step=38400 round=4/40 episode=4/30 sample=zero_boundary_007 soc=0.6056 fc=40
progress step=38450 round=4/40 episode=4/30 sample=zero_boundary_007 soc=0.5501 fc=310
progress step=38500 round=4/40 episode=4/30 sample=zero_boundary_007 soc=0.5628 fc=530
progress step=38550 round=4/40 episode=4/30 sample=zero_boundary_007 soc=0.5679 fc=590
progress step=38600 round=4/40 episode=4/30 sample=zero_boundary_007 soc=0.5043 fc=210
progress step=38650 round=4/40 episode=5/30 sample=zero_boundary_008 soc=0.6824 fc=10
progress step=38700 round=4/40 episode=5/30 sample=zero_boundary_008 soc=0.3125 fc=590
progress step=38750 round=4/40 episode=6/30 sample=zero_boundary_011 soc=0.7173 fc=60
progress step=38800 round=4/40 episode=6/30 sample=zero_boundary_011 soc=0.7623 fc=370
progress step=38850 round=4/40 episode=6/30 sample=zero_boundary_011 soc=0.6261 fc=470
progress step=38900 round=4/40 episode=6/30 sample=zero_boundary_011 soc=0.4569 fc=140
progress step=38950 round=4/40 episode=6/30 sample=zero_boundary_011 soc=0.3189 fc=320
progress step=39000 round=4/40 episode=6/30 sample=zero_boundary_011 soc=0.2095 fc=490
progress step=39050 round=4/40 episode=6/30 sample=zero_boundary_011 soc=0.4379 fc=150
progress step=39100 round=4/40 episode=6/30 sample=zero_boundary_011 soc=0.5844 fc=0
progress step=39150 round=4/40 episode=6/30 sample=zero_boundary_011 soc=0.7144 fc=310
progress step=39200 round=4/40 episode=6/30 sample=zero_boundary_011 soc=0.7998 fc=0
progress step=39250 round=4/40 episode=6/30 sample=zero_boundary_011 soc=0.7933 fc=590
progress step=39300 round=4/40 episode=6/30 sample=zero_boundary_011 soc=0.7985 fc=40
progress step=39350 round=4/40 episode=6/30 sample=zero_boundary_011 soc=0.7940 fc=50
progress step=39400 round=4/40 episode=6/30 sample=zero_boundary_011 soc=0.7963 fc=490
progress step=39450 round=4/40 episode=6/30 sample=zero_boundary_011 soc=0.7995 fc=10
progress step=39500 round=4/40 episode=7/30 sample=zero_boundary_013 soc=0.7149 fc=300
progress step=39550 round=4/40 episode=7/30 sample=zero_boundary_013 soc=0.7521 fc=150
progress step=39600 round=4/40 episode=7/30 sample=zero_boundary_013 soc=0.7412 fc=350
progress step=39650 round=4/40 episode=7/30 sample=zero_boundary_013 soc=0.7576 fc=420
progress step=39700 round=4/40 episode=7/30 sample=zero_boundary_013 soc=0.7977 fc=180
progress step=39750 round=4/40 episode=7/30 sample=zero_boundary_013 soc=0.7963 fc=10
progress step=39800 round=4/40 episode=8/30 sample=zero_boundary_015 soc=0.6074 fc=380
progress step=39850 round=4/40 episode=8/30 sample=zero_boundary_015 soc=0.6688 fc=230
progress step=39900 round=4/40 episode=8/30 sample=zero_boundary_015 soc=0.6477 fc=240
progress step=39950 round=4/40 episode=9/30 sample=zero_boundary_016 soc=0.6311 fc=30
progress step=40000 round=4/40 episode=9/30 sample=zero_boundary_016 soc=0.7836 fc=250
progress step=40050 round=4/40 episode=9/30 sample=zero_boundary_016 soc=0.6857 fc=70
progress step=40100 round=4/40 episode=9/30 sample=zero_boundary_016 soc=0.4913 fc=200
progress step=40150 round=4/40 episode=9/30 sample=zero_boundary_016 soc=0.2235 fc=470
progress step=40200 round=4/40 episode=10/30 sample=zero_boundary_017 soc=0.5432 fc=100
progress step=40250 round=4/40 episode=10/30 sample=zero_boundary_017 soc=0.2730 fc=70
progress step=40300 round=4/40 episode=11/30 sample=zero_boundary_020 soc=0.6551 fc=150
progress step=40350 round=4/40 episode=11/30 sample=zero_boundary_020 soc=0.6309 fc=540
progress step=40400 round=4/40 episode=12/30 sample=zero_boundary_021 soc=0.6760 fc=490
progress step=40450 round=4/40 episode=12/30 sample=zero_boundary_021 soc=0.7968 fc=530
progress step=40500 round=4/40 episode=12/30 sample=zero_boundary_021 soc=0.7184 fc=330
progress step=40550 round=4/40 episode=12/30 sample=zero_boundary_021 soc=0.6290 fc=330
progress step=40600 round=4/40 episode=12/30 sample=zero_boundary_021 soc=0.5963 fc=240
progress step=40650 round=4/40 episode=13/30 sample=zero_boundary_022 soc=0.6236 fc=30
progress step=40700 round=4/40 episode=13/30 sample=zero_boundary_022 soc=0.5602 fc=290
progress step=40750 round=4/40 episode=13/30 sample=zero_boundary_022 soc=0.5987 fc=310
progress step=40800 round=4/40 episode=14/30 sample=zero_boundary_029 soc=0.6203 fc=600
progress step=40850 round=4/40 episode=14/30 sample=zero_boundary_029 soc=0.6968 fc=50
progress step=40900 round=4/40 episode=14/30 sample=zero_boundary_029 soc=0.6493 fc=520
progress step=40950 round=4/40 episode=14/30 sample=zero_boundary_029 soc=0.6719 fc=0
progress step=41000 round=4/40 episode=14/30 sample=zero_boundary_029 soc=0.6833 fc=300
progress step=41050 round=4/40 episode=14/30 sample=zero_boundary_029 soc=0.7447 fc=120
progress step=41100 round=4/40 episode=14/30 sample=zero_boundary_029 soc=0.7968 fc=140
progress step=41150 round=4/40 episode=14/30 sample=zero_boundary_029 soc=0.7999 fc=0
progress step=41200 round=4/40 episode=14/30 sample=zero_boundary_029 soc=0.7999 fc=0
progress step=41250 round=4/40 episode=14/30 sample=zero_boundary_029 soc=0.7999 fc=0
progress step=41300 round=4/40 episode=14/30 sample=zero_boundary_029 soc=0.7999 fc=0
progress step=41350 round=4/40 episode=14/30 sample=zero_boundary_029 soc=0.7999 fc=0
progress step=41400 round=4/40 episode=14/30 sample=zero_boundary_029 soc=0.7999 fc=0
progress step=41450 round=4/40 episode=14/30 sample=zero_boundary_029 soc=0.7999 fc=0
progress step=41500 round=4/40 episode=14/30 sample=zero_boundary_029 soc=0.7999 fc=0
progress step=41550 round=4/40 episode=14/30 sample=zero_boundary_029 soc=0.7999 fc=0
progress step=41600 round=4/40 episode=14/30 sample=zero_boundary_029 soc=0.7999 fc=0
progress step=41650 round=4/40 episode=14/30 sample=zero_boundary_029 soc=0.7999 fc=0
progress step=41700 round=4/40 episode=14/30 sample=zero_boundary_029 soc=0.7938 fc=250
progress step=41750 round=4/40 episode=14/30 sample=zero_boundary_029 soc=0.7906 fc=500
progress step=41800 round=4/40 episode=14/30 sample=zero_boundary_029 soc=0.7935 fc=60
progress step=41850 round=4/40 episode=14/30 sample=zero_boundary_029 soc=0.7995 fc=30
progress step=41900 round=4/40 episode=15/30 sample=zero_boundary_033 soc=0.7263 fc=280
progress step=41950 round=4/40 episode=15/30 sample=zero_boundary_033 soc=0.7410 fc=410
progress step=42000 round=4/40 episode=15/30 sample=zero_boundary_033 soc=0.6586 fc=110
progress step=42050 round=4/40 episode=15/30 sample=zero_boundary_033 soc=0.6065 fc=570
progress step=42100 round=4/40 episode=15/30 sample=zero_boundary_033 soc=0.6770 fc=600
progress step=42150 round=4/40 episode=15/30 sample=zero_boundary_033 soc=0.5476 fc=80
progress step=42200 round=4/40 episode=15/30 sample=zero_boundary_033 soc=0.5286 fc=290
progress step=42250 round=4/40 episode=15/30 sample=zero_boundary_033 soc=0.7006 fc=200
progress step=42300 round=4/40 episode=15/30 sample=zero_boundary_033 soc=0.7999 fc=0
progress step=42350 round=4/40 episode=15/30 sample=zero_boundary_033 soc=0.7999 fc=0
progress step=42400 round=4/40 episode=15/30 sample=zero_boundary_033 soc=0.7999 fc=0
progress step=42450 round=4/40 episode=15/30 sample=zero_boundary_033 soc=0.7999 fc=0
progress step=42500 round=4/40 episode=15/30 sample=zero_boundary_033 soc=0.7999 fc=0
progress step=42550 round=4/40 episode=15/30 sample=zero_boundary_033 soc=0.7999 fc=0
progress step=42600 round=4/40 episode=15/30 sample=zero_boundary_033 soc=0.8000 fc=0
progress step=42650 round=4/40 episode=15/30 sample=zero_boundary_033 soc=0.7991 fc=40
progress step=42700 round=4/40 episode=15/30 sample=zero_boundary_033 soc=0.7995 fc=0
progress step=42750 round=4/40 episode=15/30 sample=zero_boundary_033 soc=0.7995 fc=10
progress step=42800 round=4/40 episode=15/30 sample=zero_boundary_033 soc=0.7997 fc=0
progress step=42850 round=4/40 episode=16/30 sample=zero_boundary_034 soc=0.6680 fc=330
progress step=42900 round=4/40 episode=16/30 sample=zero_boundary_034 soc=0.7999 fc=0
progress step=42950 round=4/40 episode=16/30 sample=zero_boundary_034 soc=0.7999 fc=0
progress step=43000 round=4/40 episode=16/30 sample=zero_boundary_034 soc=0.7999 fc=0
progress step=43050 round=4/40 episode=16/30 sample=zero_boundary_034 soc=0.7999 fc=0
progress step=43100 round=4/40 episode=16/30 sample=zero_boundary_034 soc=0.7999 fc=0
progress step=43150 round=4/40 episode=16/30 sample=zero_boundary_034 soc=0.7999 fc=0
progress step=43200 round=4/40 episode=16/30 sample=zero_boundary_034 soc=0.7999 fc=0
progress step=43250 round=4/40 episode=16/30 sample=zero_boundary_034 soc=0.7999 fc=0
progress step=43300 round=4/40 episode=16/30 sample=zero_boundary_034 soc=0.7999 fc=0
progress step=43350 round=4/40 episode=16/30 sample=zero_boundary_034 soc=0.7999 fc=0
progress step=43400 round=4/40 episode=16/30 sample=zero_boundary_034 soc=0.7999 fc=0
progress step=43450 round=4/40 episode=16/30 sample=zero_boundary_034 soc=0.7999 fc=0
progress step=43500 round=4/40 episode=16/30 sample=zero_boundary_034 soc=0.7999 fc=0
progress step=43550 round=4/40 episode=16/30 sample=zero_boundary_034 soc=0.7999 fc=0
progress step=43600 round=4/40 episode=16/30 sample=zero_boundary_034 soc=0.7999 fc=0
progress step=43650 round=4/40 episode=16/30 sample=zero_boundary_034 soc=0.7999 fc=0
progress step=43700 round=4/40 episode=16/30 sample=zero_boundary_034 soc=0.7991 fc=90
progress step=43750 round=4/40 episode=16/30 sample=zero_boundary_034 soc=0.7997 fc=80
progress step=43800 round=4/40 episode=16/30 sample=zero_boundary_034 soc=0.7970 fc=340
progress step=43850 round=4/40 episode=16/30 sample=zero_boundary_034 soc=0.7948 fc=0
progress step=43900 round=4/40 episode=16/30 sample=zero_boundary_034 soc=0.7865 fc=450
progress step=43950 round=4/40 episode=16/30 sample=zero_boundary_034 soc=0.7996 fc=90
progress step=44000 round=4/40 episode=16/30 sample=zero_boundary_034 soc=0.7989 fc=50
progress step=44050 round=4/40 episode=16/30 sample=zero_boundary_034 soc=0.8000 fc=0
progress step=44100 round=4/40 episode=16/30 sample=zero_boundary_034 soc=0.8000 fc=0
progress step=44150 round=4/40 episode=16/30 sample=zero_boundary_034 soc=0.8000 fc=0
progress step=44200 round=4/40 episode=16/30 sample=zero_boundary_034 soc=0.8000 fc=0
progress step=44250 round=4/40 episode=16/30 sample=zero_boundary_034 soc=0.8000 fc=0
progress step=44300 round=4/40 episode=16/30 sample=zero_boundary_034 soc=0.8000 fc=0
progress step=44350 round=4/40 episode=16/30 sample=zero_boundary_034 soc=0.8000 fc=0
progress step=44400 round=4/40 episode=16/30 sample=zero_boundary_034 soc=0.8000 fc=0
progress step=44450 round=4/40 episode=16/30 sample=zero_boundary_034 soc=0.7997 fc=10
progress step=44500 round=4/40 episode=17/30 sample=zero_boundary_037 soc=0.6840 fc=540
progress step=44550 round=4/40 episode=17/30 sample=zero_boundary_037 soc=0.7472 fc=430
progress step=44600 round=4/40 episode=17/30 sample=zero_boundary_037 soc=0.7976 fc=320
progress step=44650 round=4/40 episode=17/30 sample=zero_boundary_037 soc=0.7996 fc=0
progress step=44700 round=4/40 episode=17/30 sample=zero_boundary_037 soc=0.7964 fc=430
progress step=44750 round=4/40 episode=17/30 sample=zero_boundary_037 soc=0.7561 fc=280
progress step=44800 round=4/40 episode=17/30 sample=zero_boundary_037 soc=0.6262 fc=120
progress step=44850 round=4/40 episode=17/30 sample=zero_boundary_037 soc=0.6265 fc=110
progress step=44900 round=4/40 episode=17/30 sample=zero_boundary_037 soc=0.7911 fc=490
progress step=44950 round=4/40 episode=17/30 sample=zero_boundary_037 soc=0.7997 fc=80
progress step=45000 round=4/40 episode=17/30 sample=zero_boundary_037 soc=0.7999 fc=30
progress step=45050 round=4/40 episode=17/30 sample=zero_boundary_037 soc=0.7984 fc=180
progress step=45100 round=4/40 episode=17/30 sample=zero_boundary_037 soc=0.7995 fc=50
progress step=45150 round=4/40 episode=17/30 sample=zero_boundary_037 soc=0.8000 fc=50
progress step=45200 round=4/40 episode=17/30 sample=zero_boundary_037 soc=0.7995 fc=40
progress step=45250 round=4/40 episode=17/30 sample=zero_boundary_037 soc=0.7989 fc=100
progress step=45300 round=4/40 episode=17/30 sample=zero_boundary_037 soc=0.7993 fc=0
progress step=45350 round=4/40 episode=17/30 sample=zero_boundary_037 soc=0.7989 fc=130
progress step=45400 round=4/40 episode=17/30 sample=zero_boundary_037 soc=0.7997 fc=70
progress step=45450 round=4/40 episode=17/30 sample=zero_boundary_037 soc=0.7984 fc=160
progress step=45500 round=4/40 episode=17/30 sample=zero_boundary_037 soc=0.8000 fc=0
progress step=45550 round=4/40 episode=17/30 sample=zero_boundary_037 soc=0.8000 fc=0
progress step=45600 round=4/40 episode=17/30 sample=zero_boundary_037 soc=0.7999 fc=0
progress step=45650 round=4/40 episode=17/30 sample=zero_boundary_037 soc=0.7991 fc=40
progress step=45700 round=4/40 episode=17/30 sample=zero_boundary_037 soc=0.7986 fc=190
progress step=45750 round=4/40 episode=17/30 sample=zero_boundary_037 soc=0.7998 fc=30
progress step=45800 round=4/40 episode=17/30 sample=zero_boundary_037 soc=0.7996 fc=70
progress step=45850 round=4/40 episode=17/30 sample=zero_boundary_037 soc=0.7999 fc=0
progress step=45900 round=4/40 episode=17/30 sample=zero_boundary_037 soc=0.7995 fc=0
progress step=45950 round=4/40 episode=17/30 sample=zero_boundary_037 soc=0.7995 fc=40
progress step=46000 round=4/40 episode=17/30 sample=zero_boundary_037 soc=0.7998 fc=0
progress step=46050 round=4/40 episode=17/30 sample=zero_boundary_037 soc=0.7993 fc=40
progress step=46100 round=4/40 episode=17/30 sample=zero_boundary_037 soc=0.7989 fc=40
progress step=46150 round=4/40 episode=17/30 sample=zero_boundary_037 soc=0.7992 fc=40
progress step=46200 round=4/40 episode=17/30 sample=zero_boundary_037 soc=0.7995 fc=20
progress step=46250 round=4/40 episode=17/30 sample=zero_boundary_037 soc=0.7994 fc=0
progress step=46300 round=4/40 episode=17/30 sample=zero_boundary_037 soc=0.7997 fc=10
progress step=46350 round=4/40 episode=17/30 sample=zero_boundary_037 soc=0.8000 fc=0
progress step=46400 round=4/40 episode=18/30 sample=zero_boundary_038 soc=0.6734 fc=540
progress step=46450 round=4/40 episode=18/30 sample=zero_boundary_038 soc=0.6096 fc=400
progress step=46500 round=4/40 episode=18/30 sample=zero_boundary_038 soc=0.5776 fc=0
progress step=46550 round=4/40 episode=18/30 sample=zero_boundary_038 soc=0.4733 fc=300
progress step=46600 round=4/40 episode=18/30 sample=zero_boundary_038 soc=0.3276 fc=100
progress step=46650 round=4/40 episode=18/30 sample=zero_boundary_038 soc=0.2379 fc=30
progress step=46700 round=4/40 episode=18/30 sample=zero_boundary_038 soc=0.3255 fc=450
progress step=46750 round=4/40 episode=18/30 sample=zero_boundary_038 soc=0.4742 fc=210
progress step=46800 round=4/40 episode=18/30 sample=zero_boundary_038 soc=0.6157 fc=80
progress step=46850 round=4/40 episode=18/30 sample=zero_boundary_038 soc=0.6535 fc=510
progress step=46900 round=4/40 episode=18/30 sample=zero_boundary_038 soc=0.5977 fc=70
progress step=46950 round=4/40 episode=18/30 sample=zero_boundary_038 soc=0.5249 fc=540
progress step=47000 round=4/40 episode=18/30 sample=zero_boundary_038 soc=0.4766 fc=90
progress step=47050 round=4/40 episode=18/30 sample=zero_boundary_038 soc=0.5422 fc=160
progress step=47100 round=4/40 episode=19/30 sample=zero_boundary_040 soc=0.6058 fc=10
progress step=47150 round=4/40 episode=19/30 sample=zero_boundary_040 soc=0.5047 fc=450
progress step=47200 round=4/40 episode=19/30 sample=zero_boundary_040 soc=0.4462 fc=10
progress step=47250 round=4/40 episode=19/30 sample=zero_boundary_040 soc=0.3076 fc=100
progress step=47300 round=4/40 episode=19/30 sample=zero_boundary_040 soc=0.2853 fc=310
progress step=47350 round=4/40 episode=19/30 sample=zero_boundary_040 soc=0.2687 fc=170
progress step=47400 round=4/40 episode=19/30 sample=zero_boundary_040 soc=0.3547 fc=0
progress step=47450 round=4/40 episode=19/30 sample=zero_boundary_040 soc=0.3228 fc=550
progress step=47500 round=4/40 episode=19/30 sample=zero_boundary_040 soc=0.2394 fc=80
progress step=47550 round=4/40 episode=19/30 sample=zero_boundary_040 soc=0.2360 fc=130
progress step=47600 round=4/40 episode=20/30 sample=zero_boundary_041 soc=0.5865 fc=70
progress step=47650 round=4/40 episode=20/30 sample=zero_boundary_041 soc=0.4969 fc=590
progress step=47700 round=4/40 episode=20/30 sample=zero_boundary_041 soc=0.2642 fc=430
progress step=47750 round=4/40 episode=21/30 sample=zero_boundary_042 soc=0.6873 fc=580
progress step=47800 round=4/40 episode=21/30 sample=zero_boundary_042 soc=0.6046 fc=550
progress step=47850 round=4/40 episode=21/30 sample=zero_boundary_042 soc=0.4205 fc=490
progress step=47900 round=4/40 episode=21/30 sample=zero_boundary_042 soc=0.2373 fc=430
progress step=47950 round=4/40 episode=21/30 sample=zero_boundary_042 soc=0.2014 fc=600
progress step=48000 round=4/40 episode=21/30 sample=zero_boundary_042 soc=0.3304 fc=0
progress step=48050 round=4/40 episode=21/30 sample=zero_boundary_042 soc=0.2001 fc=570
progress step=48100 round=4/40 episode=22/30 sample=zero_boundary_044 soc=0.6443 fc=500
progress step=48150 round=4/40 episode=22/30 sample=zero_boundary_044 soc=0.5414 fc=360
progress step=48200 round=4/40 episode=22/30 sample=zero_boundary_044 soc=0.3084 fc=380
progress step=48250 round=4/40 episode=23/30 sample=zero_boundary_045 soc=0.6802 fc=60
progress step=48300 round=4/40 episode=23/30 sample=zero_boundary_045 soc=0.6213 fc=190
progress step=48350 round=4/40 episode=23/30 sample=zero_boundary_045 soc=0.5437 fc=510
progress step=48400 round=4/40 episode=23/30 sample=zero_boundary_045 soc=0.3442 fc=0
progress step=48450 round=4/40 episode=24/30 sample=zero_boundary_046 soc=0.5944 fc=160
progress step=48500 round=4/40 episode=24/30 sample=zero_boundary_046 soc=0.4597 fc=120
progress step=48550 round=4/40 episode=24/30 sample=zero_boundary_046 soc=0.2888 fc=180
progress step=48600 round=4/40 episode=25/30 sample=zero_boundary_048 soc=0.6775 fc=110
progress step=48650 round=4/40 episode=25/30 sample=zero_boundary_048 soc=0.5004 fc=180
progress step=48700 round=4/40 episode=25/30 sample=zero_boundary_048 soc=0.3746 fc=90
progress step=48750 round=4/40 episode=25/30 sample=zero_boundary_048 soc=0.3532 fc=220
progress step=48800 round=4/40 episode=25/30 sample=zero_boundary_048 soc=0.3747 fc=490
progress step=48850 round=4/40 episode=25/30 sample=zero_boundary_048 soc=0.4082 fc=200
progress step=48900 round=4/40 episode=26/30 sample=zero_boundary_049 soc=0.6844 fc=540
progress step=48950 round=4/40 episode=26/30 sample=zero_boundary_049 soc=0.6989 fc=510
progress step=49000 round=4/40 episode=26/30 sample=zero_boundary_049 soc=0.7104 fc=220
progress step=49050 round=4/40 episode=26/30 sample=zero_boundary_049 soc=0.7521 fc=160
progress step=49100 round=4/40 episode=26/30 sample=zero_boundary_049 soc=0.7991 fc=10
progress step=49150 round=4/40 episode=27/30 sample=zero_boundary_050 soc=0.6551 fc=480
progress step=49200 round=4/40 episode=27/30 sample=zero_boundary_050 soc=0.5509 fc=490
progress step=49250 round=4/40 episode=27/30 sample=zero_boundary_050 soc=0.3850 fc=360
progress step=49300 round=4/40 episode=27/30 sample=zero_boundary_050 soc=0.2092 fc=100
progress step=49350 round=4/40 episode=28/30 sample=zero_boundary_051 soc=0.6291 fc=370
progress step=49400 round=4/40 episode=28/30 sample=zero_boundary_051 soc=0.6279 fc=140
progress step=49450 round=4/40 episode=28/30 sample=zero_boundary_051 soc=0.6703 fc=400
progress step=49500 round=4/40 episode=29/30 sample=zero_boundary_052 soc=0.6755 fc=100
progress step=49550 round=4/40 episode=29/30 sample=zero_boundary_052 soc=0.4565 fc=50
progress step=49600 round=4/40 episode=29/30 sample=zero_boundary_052 soc=0.3085 fc=0
progress step=49650 round=4/40 episode=29/30 sample=zero_boundary_052 soc=0.4021 fc=110
progress step=49700 round=4/40 episode=30/30 sample=zero_boundary_053 soc=0.6028 fc=140
progress step=49750 round=4/40 episode=30/30 sample=zero_boundary_053 soc=0.6686 fc=290
progress step=49800 round=4/40 episode=30/30 sample=zero_boundary_053 soc=0.5446 fc=420
progress step=49850 round=4/40 episode=30/30 sample=zero_boundary_053 soc=0.5575 fc=440
progress step=49900 round=4/40 episode=30/30 sample=zero_boundary_053 soc=0.5794 fc=140
progress step=49950 round=4/40 episode=30/30 sample=zero_boundary_053 soc=0.7073 fc=280
round 4/40 exploratory=20/30 greedy_train start
MONITOR round=4 exploratory=20/30 greedy_train=10/30 validation=SKIPPED cost=None updates=2132 best_round=None
round 5/40 start epsilon=0.9026
progress step=50000 round=5/40 episode=1/30 sample=zero_boundary_002 soc=0.7393 fc=600
progress step=50050 round=5/40 episode=1/30 sample=zero_boundary_002 soc=0.4772 fc=340
progress step=50100 round=5/40 episode=1/30 sample=zero_boundary_002 soc=0.4788 fc=110
progress step=50150 round=5/40 episode=1/30 sample=zero_boundary_002 soc=0.4172 fc=390
progress step=50200 round=5/40 episode=1/30 sample=zero_boundary_002 soc=0.4005 fc=470
progress step=50250 round=5/40 episode=1/30 sample=zero_boundary_002 soc=0.4953 fc=80
progress step=50300 round=5/40 episode=2/30 sample=zero_boundary_005 soc=0.6578 fc=50
progress step=50350 round=5/40 episode=2/30 sample=zero_boundary_005 soc=0.5150 fc=330
progress step=50400 round=5/40 episode=2/30 sample=zero_boundary_005 soc=0.4918 fc=90
progress step=50450 round=5/40 episode=2/30 sample=zero_boundary_005 soc=0.3900 fc=150
progress step=50500 round=5/40 episode=2/30 sample=zero_boundary_005 soc=0.2985 fc=0
progress step=50550 round=5/40 episode=3/30 sample=zero_boundary_006 soc=0.6009 fc=410
progress step=50600 round=5/40 episode=3/30 sample=zero_boundary_006 soc=0.7472 fc=170
progress step=50650 round=5/40 episode=3/30 sample=zero_boundary_006 soc=0.7990 fc=180
progress step=50700 round=5/40 episode=3/30 sample=zero_boundary_006 soc=0.7992 fc=80
progress step=50750 round=5/40 episode=3/30 sample=zero_boundary_006 soc=0.7996 fc=0
progress step=50800 round=5/40 episode=3/30 sample=zero_boundary_006 soc=0.7948 fc=170
progress step=50850 round=5/40 episode=3/30 sample=zero_boundary_006 soc=0.7992 fc=120
progress step=50900 round=5/40 episode=4/30 sample=zero_boundary_007 soc=0.6000 fc=140
progress step=50950 round=5/40 episode=4/30 sample=zero_boundary_007 soc=0.5963 fc=310
progress step=51000 round=5/40 episode=4/30 sample=zero_boundary_007 soc=0.4826 fc=220
progress step=51050 round=5/40 episode=4/30 sample=zero_boundary_007 soc=0.5024 fc=400
progress step=51100 round=5/40 episode=4/30 sample=zero_boundary_007 soc=0.5041 fc=360
progress step=51150 round=5/40 episode=4/30 sample=zero_boundary_007 soc=0.4682 fc=80
progress step=51200 round=5/40 episode=5/30 sample=zero_boundary_008 soc=0.6468 fc=580
progress step=51250 round=5/40 episode=5/30 sample=zero_boundary_008 soc=0.3929 fc=350
progress step=51300 round=5/40 episode=6/30 sample=zero_boundary_011 soc=0.7046 fc=450
progress step=51350 round=5/40 episode=6/30 sample=zero_boundary_011 soc=0.7836 fc=150
progress step=51400 round=5/40 episode=6/30 sample=zero_boundary_011 soc=0.6510 fc=260
progress step=51450 round=5/40 episode=6/30 sample=zero_boundary_011 soc=0.4857 fc=300
progress step=51500 round=5/40 episode=6/30 sample=zero_boundary_011 soc=0.3561 fc=120
progress step=51550 round=5/40 episode=6/30 sample=zero_boundary_011 soc=0.2424 fc=140
progress step=51600 round=5/40 episode=6/30 sample=zero_boundary_011 soc=0.3970 fc=150
progress step=51650 round=5/40 episode=6/30 sample=zero_boundary_011 soc=0.5345 fc=350
progress step=51700 round=5/40 episode=6/30 sample=zero_boundary_011 soc=0.6443 fc=590
progress step=51750 round=5/40 episode=6/30 sample=zero_boundary_011 soc=0.7882 fc=90
progress step=51800 round=5/40 episode=6/30 sample=zero_boundary_011 soc=0.7965 fc=280
progress step=51850 round=5/40 episode=6/30 sample=zero_boundary_011 soc=0.7986 fc=270
progress step=51900 round=5/40 episode=6/30 sample=zero_boundary_011 soc=0.7977 fc=210
progress step=51950 round=5/40 episode=6/30 sample=zero_boundary_011 soc=0.7833 fc=110
progress step=52000 round=5/40 episode=6/30 sample=zero_boundary_011 soc=0.7739 fc=430
progress step=52050 round=5/40 episode=7/30 sample=zero_boundary_013 soc=0.6977 fc=410
progress step=52100 round=5/40 episode=7/30 sample=zero_boundary_013 soc=0.7923 fc=440
progress step=52150 round=5/40 episode=7/30 sample=zero_boundary_013 soc=0.7795 fc=10
progress step=52200 round=5/40 episode=7/30 sample=zero_boundary_013 soc=0.7271 fc=340
progress step=52250 round=5/40 episode=7/30 sample=zero_boundary_013 soc=0.7897 fc=240
progress step=52300 round=5/40 episode=7/30 sample=zero_boundary_013 soc=0.7986 fc=0
progress step=52350 round=5/40 episode=7/30 sample=zero_boundary_013 soc=0.7997 fc=0
progress step=52400 round=5/40 episode=8/30 sample=zero_boundary_015 soc=0.6448 fc=20
progress step=52450 round=5/40 episode=8/30 sample=zero_boundary_015 soc=0.6262 fc=320
progress step=52500 round=5/40 episode=9/30 sample=zero_boundary_016 soc=0.6034 fc=480
progress step=52550 round=5/40 episode=9/30 sample=zero_boundary_016 soc=0.7454 fc=250
progress step=52600 round=5/40 episode=9/30 sample=zero_boundary_016 soc=0.7047 fc=260
progress step=52650 round=5/40 episode=9/30 sample=zero_boundary_016 soc=0.5150 fc=390
progress step=52700 round=5/40 episode=9/30 sample=zero_boundary_016 soc=0.3342 fc=300
progress step=52750 round=5/40 episode=10/30 sample=zero_boundary_017 soc=0.6059 fc=300
progress step=52800 round=5/40 episode=10/30 sample=zero_boundary_017 soc=0.3552 fc=460
progress step=52850 round=5/40 episode=11/30 sample=zero_boundary_020 soc=0.6626 fc=280
progress step=52900 round=5/40 episode=11/30 sample=zero_boundary_020 soc=0.6908 fc=210
progress step=52950 round=5/40 episode=11/30 sample=zero_boundary_020 soc=0.7975 fc=220
progress step=53000 round=5/40 episode=12/30 sample=zero_boundary_021 soc=0.7586 fc=240
progress step=53050 round=5/40 episode=12/30 sample=zero_boundary_021 soc=0.7624 fc=360
progress step=53100 round=5/40 episode=12/30 sample=zero_boundary_021 soc=0.6789 fc=430
progress step=53150 round=5/40 episode=12/30 sample=zero_boundary_021 soc=0.6034 fc=80
progress step=53200 round=5/40 episode=13/30 sample=zero_boundary_022 soc=0.6379 fc=520
progress step=53250 round=5/40 episode=13/30 sample=zero_boundary_022 soc=0.6091 fc=260
progress step=53300 round=5/40 episode=13/30 sample=zero_boundary_022 soc=0.6270 fc=510
progress step=53350 round=5/40 episode=13/30 sample=zero_boundary_022 soc=0.6968 fc=100
progress step=53400 round=5/40 episode=14/30 sample=zero_boundary_029 soc=0.6531 fc=590
progress step=53450 round=5/40 episode=14/30 sample=zero_boundary_029 soc=0.6604 fc=360
progress step=53500 round=5/40 episode=14/30 sample=zero_boundary_029 soc=0.5504 fc=0
progress step=53550 round=5/40 episode=14/30 sample=zero_boundary_029 soc=0.5669 fc=420
progress step=53600 round=5/40 episode=14/30 sample=zero_boundary_029 soc=0.6610 fc=340
progress step=53650 round=5/40 episode=14/30 sample=zero_boundary_029 soc=0.7329 fc=130
progress step=53700 round=5/40 episode=14/30 sample=zero_boundary_029 soc=0.7993 fc=20
progress step=53750 round=5/40 episode=14/30 sample=zero_boundary_029 soc=0.7999 fc=0
progress step=53800 round=5/40 episode=14/30 sample=zero_boundary_029 soc=0.7999 fc=0
progress step=53850 round=5/40 episode=14/30 sample=zero_boundary_029 soc=0.7999 fc=0
progress step=53900 round=5/40 episode=14/30 sample=zero_boundary_029 soc=0.7999 fc=0
progress step=53950 round=5/40 episode=14/30 sample=zero_boundary_029 soc=0.7999 fc=0
progress step=54000 round=5/40 episode=14/30 sample=zero_boundary_029 soc=0.7999 fc=0
progress step=54050 round=5/40 episode=14/30 sample=zero_boundary_029 soc=0.7999 fc=0
progress step=54100 round=5/40 episode=14/30 sample=zero_boundary_029 soc=0.7999 fc=0
progress step=54150 round=5/40 episode=14/30 sample=zero_boundary_029 soc=0.7999 fc=0
progress step=54200 round=5/40 episode=14/30 sample=zero_boundary_029 soc=0.7999 fc=0
progress step=54250 round=5/40 episode=14/30 sample=zero_boundary_029 soc=0.7996 fc=0
progress step=54300 round=5/40 episode=14/30 sample=zero_boundary_029 soc=0.7941 fc=110
progress step=54350 round=5/40 episode=14/30 sample=zero_boundary_029 soc=0.7987 fc=300
progress step=54400 round=5/40 episode=14/30 sample=zero_boundary_029 soc=0.7697 fc=560
progress step=54450 round=5/40 episode=15/30 sample=zero_boundary_033 soc=0.6488 fc=260
progress step=54500 round=5/40 episode=15/30 sample=zero_boundary_033 soc=0.7007 fc=350
progress step=54550 round=5/40 episode=15/30 sample=zero_boundary_033 soc=0.6667 fc=500
progress step=54600 round=5/40 episode=15/30 sample=zero_boundary_033 soc=0.6425 fc=420
progress step=54650 round=5/40 episode=15/30 sample=zero_boundary_033 soc=0.5881 fc=180
progress step=54700 round=5/40 episode=15/30 sample=zero_boundary_033 soc=0.5436 fc=320
progress step=54750 round=5/40 episode=15/30 sample=zero_boundary_033 soc=0.4040 fc=50
progress step=54800 round=5/40 episode=15/30 sample=zero_boundary_033 soc=0.5483 fc=100
progress step=54850 round=5/40 episode=15/30 sample=zero_boundary_033 soc=0.7207 fc=390
progress step=54900 round=5/40 episode=15/30 sample=zero_boundary_033 soc=0.8000 fc=0
progress step=54950 round=5/40 episode=15/30 sample=zero_boundary_033 soc=0.8000 fc=0
progress step=55000 round=5/40 episode=15/30 sample=zero_boundary_033 soc=0.7999 fc=0
progress step=55050 round=5/40 episode=15/30 sample=zero_boundary_033 soc=0.7999 fc=0
progress step=55100 round=5/40 episode=15/30 sample=zero_boundary_033 soc=0.7999 fc=0
progress step=55150 round=5/40 episode=15/30 sample=zero_boundary_033 soc=0.7999 fc=0
progress step=55200 round=5/40 episode=15/30 sample=zero_boundary_033 soc=0.7995 fc=70
progress step=55250 round=5/40 episode=15/30 sample=zero_boundary_033 soc=0.7985 fc=90
progress step=55300 round=5/40 episode=15/30 sample=zero_boundary_033 soc=0.7997 fc=50
progress step=55350 round=5/40 episode=15/30 sample=zero_boundary_033 soc=0.7995 fc=40
progress step=55400 round=5/40 episode=15/30 sample=zero_boundary_033 soc=0.7999 fc=10
progress step=55450 round=5/40 episode=16/30 sample=zero_boundary_034 soc=0.7376 fc=40
progress step=55500 round=5/40 episode=16/30 sample=zero_boundary_034 soc=0.7999 fc=0
progress step=55550 round=5/40 episode=16/30 sample=zero_boundary_034 soc=0.7999 fc=0
progress step=55600 round=5/40 episode=16/30 sample=zero_boundary_034 soc=0.7999 fc=0
progress step=55650 round=5/40 episode=16/30 sample=zero_boundary_034 soc=0.7999 fc=0
progress step=55700 round=5/40 episode=16/30 sample=zero_boundary_034 soc=0.7999 fc=0
progress step=55750 round=5/40 episode=16/30 sample=zero_boundary_034 soc=0.7999 fc=0
progress step=55800 round=5/40 episode=16/30 sample=zero_boundary_034 soc=0.7999 fc=0
progress step=55850 round=5/40 episode=16/30 sample=zero_boundary_034 soc=0.7999 fc=0
progress step=55900 round=5/40 episode=16/30 sample=zero_boundary_034 soc=0.7999 fc=0
progress step=55950 round=5/40 episode=16/30 sample=zero_boundary_034 soc=0.7999 fc=0
progress step=56000 round=5/40 episode=16/30 sample=zero_boundary_034 soc=0.7999 fc=0
progress step=56050 round=5/40 episode=16/30 sample=zero_boundary_034 soc=0.7999 fc=0
progress step=56100 round=5/40 episode=16/30 sample=zero_boundary_034 soc=0.7999 fc=0
progress step=56150 round=5/40 episode=16/30 sample=zero_boundary_034 soc=0.7999 fc=0
progress step=56200 round=5/40 episode=16/30 sample=zero_boundary_034 soc=0.7999 fc=0
progress step=56250 round=5/40 episode=16/30 sample=zero_boundary_034 soc=0.7999 fc=0
progress step=56300 round=5/40 episode=16/30 sample=zero_boundary_034 soc=0.7999 fc=20
progress step=56350 round=5/40 episode=16/30 sample=zero_boundary_034 soc=0.7983 fc=10
progress step=56400 round=5/40 episode=16/30 sample=zero_boundary_034 soc=0.7969 fc=100
progress step=56450 round=5/40 episode=16/30 sample=zero_boundary_034 soc=0.7992 fc=70
progress step=56500 round=5/40 episode=16/30 sample=zero_boundary_034 soc=0.7970 fc=340
progress step=56550 round=5/40 episode=16/30 sample=zero_boundary_034 soc=0.7996 fc=60
progress step=56600 round=5/40 episode=16/30 sample=zero_boundary_034 soc=0.8000 fc=0
progress step=56650 round=5/40 episode=16/30 sample=zero_boundary_034 soc=0.8000 fc=0
progress step=56700 round=5/40 episode=16/30 sample=zero_boundary_034 soc=0.8000 fc=0
progress step=56750 round=5/40 episode=16/30 sample=zero_boundary_034 soc=0.8000 fc=0
progress step=56800 round=5/40 episode=16/30 sample=zero_boundary_034 soc=0.8000 fc=0
progress step=56850 round=5/40 episode=16/30 sample=zero_boundary_034 soc=0.8000 fc=0
progress step=56900 round=5/40 episode=16/30 sample=zero_boundary_034 soc=0.8000 fc=0
progress step=56950 round=5/40 episode=16/30 sample=zero_boundary_034 soc=0.8000 fc=0
progress step=57000 round=5/40 episode=16/30 sample=zero_boundary_034 soc=0.8000 fc=0
progress step=57050 round=5/40 episode=17/30 sample=zero_boundary_037 soc=0.6056 fc=600
progress step=57100 round=5/40 episode=17/30 sample=zero_boundary_037 soc=0.6750 fc=330
progress step=57150 round=5/40 episode=17/30 sample=zero_boundary_037 soc=0.7387 fc=220
progress step=57200 round=5/40 episode=17/30 sample=zero_boundary_037 soc=0.7862 fc=40
progress step=57250 round=5/40 episode=17/30 sample=zero_boundary_037 soc=0.7856 fc=300
progress step=57300 round=5/40 episode=17/30 sample=zero_boundary_037 soc=0.7914 fc=270
progress step=57350 round=5/40 episode=17/30 sample=zero_boundary_037 soc=0.6727 fc=30
progress step=57400 round=5/40 episode=17/30 sample=zero_boundary_037 soc=0.5446 fc=90
progress step=57450 round=5/40 episode=17/30 sample=zero_boundary_037 soc=0.7064 fc=540
progress step=57500 round=5/40 episode=17/30 sample=zero_boundary_037 soc=0.7989 fc=110
progress step=57550 round=5/40 episode=17/30 sample=zero_boundary_037 soc=0.7995 fc=0
progress step=57600 round=5/40 episode=17/30 sample=zero_boundary_037 soc=0.7988 fc=10
progress step=57650 round=5/40 episode=17/30 sample=zero_boundary_037 soc=0.7983 fc=150
progress step=57700 round=5/40 episode=17/30 sample=zero_boundary_037 soc=0.7990 fc=80
progress step=57750 round=5/40 episode=17/30 sample=zero_boundary_037 soc=0.7975 fc=80
progress step=57800 round=5/40 episode=17/30 sample=zero_boundary_037 soc=0.7989 fc=140
progress step=57850 round=5/40 episode=17/30 sample=zero_boundary_037 soc=0.7976 fc=20
progress step=57900 round=5/40 episode=17/30 sample=zero_boundary_037 soc=0.7988 fc=30
progress step=57950 round=5/40 episode=17/30 sample=zero_boundary_037 soc=0.7998 fc=0
progress step=58000 round=5/40 episode=17/30 sample=zero_boundary_037 soc=0.7989 fc=100
progress step=58050 round=5/40 episode=17/30 sample=zero_boundary_037 soc=0.7999 fc=0
progress step=58100 round=5/40 episode=17/30 sample=zero_boundary_037 soc=0.7999 fc=0
progress step=58150 round=5/40 episode=17/30 sample=zero_boundary_037 soc=0.7999 fc=0
progress step=58200 round=5/40 episode=17/30 sample=zero_boundary_037 soc=0.7991 fc=0
progress step=58250 round=5/40 episode=17/30 sample=zero_boundary_037 soc=0.7994 fc=70
progress step=58300 round=5/40 episode=17/30 sample=zero_boundary_037 soc=0.7996 fc=50
progress step=58350 round=5/40 episode=17/30 sample=zero_boundary_037 soc=0.7986 fc=110
progress step=58400 round=5/40 episode=17/30 sample=zero_boundary_037 soc=0.7994 fc=30
progress step=58450 round=5/40 episode=17/30 sample=zero_boundary_037 soc=0.7990 fc=0
progress step=58500 round=5/40 episode=17/30 sample=zero_boundary_037 soc=0.7999 fc=20
progress step=58550 round=5/40 episode=17/30 sample=zero_boundary_037 soc=0.7995 fc=70
progress step=58600 round=5/40 episode=17/30 sample=zero_boundary_037 soc=0.7996 fc=20
progress step=58650 round=5/40 episode=17/30 sample=zero_boundary_037 soc=0.7990 fc=70
progress step=58700 round=5/40 episode=17/30 sample=zero_boundary_037 soc=0.7997 fc=40
progress step=58750 round=5/40 episode=17/30 sample=zero_boundary_037 soc=0.7992 fc=0
progress step=58800 round=5/40 episode=17/30 sample=zero_boundary_037 soc=0.7993 fc=50
progress step=58850 round=5/40 episode=17/30 sample=zero_boundary_037 soc=0.7991 fc=50
progress step=58900 round=5/40 episode=17/30 sample=zero_boundary_037 soc=0.7999 fc=10
progress step=58950 round=5/40 episode=18/30 sample=zero_boundary_038 soc=0.6314 fc=190
progress step=59000 round=5/40 episode=18/30 sample=zero_boundary_038 soc=0.7016 fc=410
progress step=59050 round=5/40 episode=18/30 sample=zero_boundary_038 soc=0.6413 fc=570
progress step=59100 round=5/40 episode=18/30 sample=zero_boundary_038 soc=0.6327 fc=240
progress step=59150 round=5/40 episode=18/30 sample=zero_boundary_038 soc=0.5070 fc=440
progress step=59200 round=5/40 episode=18/30 sample=zero_boundary_038 soc=0.3651 fc=390
progress step=59250 round=5/40 episode=18/30 sample=zero_boundary_038 soc=0.4026 fc=80
progress step=59300 round=5/40 episode=18/30 sample=zero_boundary_038 soc=0.5619 fc=550
progress step=59350 round=5/40 episode=18/30 sample=zero_boundary_038 soc=0.6872 fc=470
progress step=59400 round=5/40 episode=18/30 sample=zero_boundary_038 soc=0.7971 fc=100
progress step=59450 round=5/40 episode=18/30 sample=zero_boundary_038 soc=0.7551 fc=420
progress step=59500 round=5/40 episode=18/30 sample=zero_boundary_038 soc=0.7430 fc=290
progress step=59550 round=5/40 episode=18/30 sample=zero_boundary_038 soc=0.6920 fc=230
progress step=59600 round=5/40 episode=18/30 sample=zero_boundary_038 soc=0.6632 fc=430
progress step=59650 round=5/40 episode=19/30 sample=zero_boundary_040 soc=0.6166 fc=270
progress step=59700 round=5/40 episode=19/30 sample=zero_boundary_040 soc=0.6084 fc=120
progress step=59750 round=5/40 episode=19/30 sample=zero_boundary_040 soc=0.4598 fc=220
progress step=59800 round=5/40 episode=19/30 sample=zero_boundary_040 soc=0.3776 fc=100
progress step=59850 round=5/40 episode=19/30 sample=zero_boundary_040 soc=0.3551 fc=300
progress step=59900 round=5/40 episode=19/30 sample=zero_boundary_040 soc=0.2758 fc=490
progress step=59950 round=5/40 episode=19/30 sample=zero_boundary_040 soc=0.3203 fc=20
progress step=60000 round=5/40 episode=19/30 sample=zero_boundary_040 soc=0.4103 fc=100
progress step=60050 round=5/40 episode=19/30 sample=zero_boundary_040 soc=0.2946 fc=270
progress step=60100 round=5/40 episode=19/30 sample=zero_boundary_040 soc=0.2015 fc=490
progress step=60150 round=5/40 episode=20/30 sample=zero_boundary_041 soc=0.6027 fc=20
progress step=60200 round=5/40 episode=20/30 sample=zero_boundary_041 soc=0.5156 fc=0
progress step=60250 round=5/40 episode=20/30 sample=zero_boundary_041 soc=0.3370 fc=440
progress step=60300 round=5/40 episode=21/30 sample=zero_boundary_042 soc=0.7100 fc=220
progress step=60350 round=5/40 episode=21/30 sample=zero_boundary_042 soc=0.6202 fc=120
progress step=60400 round=5/40 episode=21/30 sample=zero_boundary_042 soc=0.4326 fc=400
progress step=60450 round=5/40 episode=21/30 sample=zero_boundary_042 soc=0.2311 fc=50
progress step=60500 round=5/40 episode=21/30 sample=zero_boundary_042 soc=0.2013 fc=500
progress step=60550 round=5/40 episode=21/30 sample=zero_boundary_042 soc=0.3590 fc=0
progress step=60600 round=5/40 episode=21/30 sample=zero_boundary_042 soc=0.2001 fc=590
progress step=60650 round=5/40 episode=22/30 sample=zero_boundary_044 soc=0.6545 fc=340
progress step=60700 round=5/40 episode=22/30 sample=zero_boundary_044 soc=0.5668 fc=180
progress step=60750 round=5/40 episode=22/30 sample=zero_boundary_044 soc=0.3644 fc=200
progress step=60800 round=5/40 episode=23/30 sample=zero_boundary_045 soc=0.6802 fc=450
progress step=60850 round=5/40 episode=23/30 sample=zero_boundary_045 soc=0.6607 fc=120
progress step=60900 round=5/40 episode=23/30 sample=zero_boundary_045 soc=0.5874 fc=0
progress step=60950 round=5/40 episode=23/30 sample=zero_boundary_045 soc=0.3500 fc=460
progress step=61000 round=5/40 episode=24/30 sample=zero_boundary_046 soc=0.6094 fc=310
progress step=61050 round=5/40 episode=24/30 sample=zero_boundary_046 soc=0.4796 fc=500
progress step=61100 round=5/40 episode=24/30 sample=zero_boundary_046 soc=0.3228 fc=20
progress step=61150 round=5/40 episode=25/30 sample=zero_boundary_048 soc=0.6668 fc=60
progress step=61200 round=5/40 episode=25/30 sample=zero_boundary_048 soc=0.5058 fc=540
progress step=61250 round=5/40 episode=25/30 sample=zero_boundary_048 soc=0.3704 fc=140
progress step=61300 round=5/40 episode=25/30 sample=zero_boundary_048 soc=0.3323 fc=340
progress step=61350 round=5/40 episode=25/30 sample=zero_boundary_048 soc=0.3774 fc=60
progress step=61400 round=5/40 episode=25/30 sample=zero_boundary_048 soc=0.3880 fc=510
progress step=61450 round=5/40 episode=26/30 sample=zero_boundary_049 soc=0.6519 fc=280
progress step=61500 round=5/40 episode=26/30 sample=zero_boundary_049 soc=0.6093 fc=210
progress step=61550 round=5/40 episode=26/30 sample=zero_boundary_049 soc=0.6012 fc=360
progress step=61600 round=5/40 episode=26/30 sample=zero_boundary_049 soc=0.6003 fc=150
progress step=61650 round=5/40 episode=26/30 sample=zero_boundary_049 soc=0.6465 fc=450
progress step=61700 round=5/40 episode=27/30 sample=zero_boundary_050 soc=0.6465 fc=560
progress step=61750 round=5/40 episode=27/30 sample=zero_boundary_050 soc=0.5668 fc=30
progress step=61800 round=5/40 episode=27/30 sample=zero_boundary_050 soc=0.4392 fc=320
progress step=61850 round=5/40 episode=27/30 sample=zero_boundary_050 soc=0.3102 fc=500
progress step=61900 round=5/40 episode=28/30 sample=zero_boundary_051 soc=0.6341 fc=310
progress step=61950 round=5/40 episode=28/30 sample=zero_boundary_051 soc=0.6313 fc=380
progress step=62000 round=5/40 episode=28/30 sample=zero_boundary_051 soc=0.6163 fc=40
progress step=62050 round=5/40 episode=29/30 sample=zero_boundary_052 soc=0.6596 fc=350
progress step=62100 round=5/40 episode=29/30 sample=zero_boundary_052 soc=0.5510 fc=20
progress step=62150 round=5/40 episode=29/30 sample=zero_boundary_052 soc=0.2916 fc=0
progress step=62200 round=5/40 episode=29/30 sample=zero_boundary_052 soc=0.3466 fc=270
progress step=62250 round=5/40 episode=29/30 sample=zero_boundary_052 soc=0.4475 fc=160
progress step=62300 round=5/40 episode=30/30 sample=zero_boundary_053 soc=0.6988 fc=230
progress step=62350 round=5/40 episode=30/30 sample=zero_boundary_053 soc=0.6031 fc=360
progress step=62400 round=5/40 episode=30/30 sample=zero_boundary_053 soc=0.5049 fc=340
progress step=62450 round=5/40 episode=30/30 sample=zero_boundary_053 soc=0.5364 fc=80
progress step=62500 round=5/40 episode=30/30 sample=zero_boundary_053 soc=0.5551 fc=570
round 5/40 exploratory=20/30 greedy_train start
MONITOR round=5 exploratory=20/30 greedy_train=11/30 validation=SKIPPED cost=None updates=2524 best_round=None
round 6/40 start epsilon=0.8782
progress step=62550 round=6/40 episode=1/30 sample=zero_boundary_002 soc=0.6757 fc=270
progress step=62600 round=6/40 episode=1/30 sample=zero_boundary_002 soc=0.5917 fc=440
progress step=62650 round=6/40 episode=1/30 sample=zero_boundary_002 soc=0.2502 fc=520
progress step=62700 round=6/40 episode=1/30 sample=zero_boundary_002 soc=0.4271 fc=300
progress step=62750 round=6/40 episode=1/30 sample=zero_boundary_002 soc=0.3567 fc=20
progress step=62800 round=6/40 episode=1/30 sample=zero_boundary_002 soc=0.4068 fc=540
progress step=62850 round=6/40 episode=2/30 sample=zero_boundary_005 soc=0.6519 fc=430
progress step=62900 round=6/40 episode=2/30 sample=zero_boundary_005 soc=0.5801 fc=330
progress step=62950 round=6/40 episode=2/30 sample=zero_boundary_005 soc=0.5391 fc=420
progress step=63000 round=6/40 episode=2/30 sample=zero_boundary_005 soc=0.4790 fc=510
progress step=63050 round=6/40 episode=2/30 sample=zero_boundary_005 soc=0.3319 fc=170
progress step=63100 round=6/40 episode=2/30 sample=zero_boundary_005 soc=0.3385 fc=0
progress step=63150 round=6/40 episode=3/30 sample=zero_boundary_006 soc=0.6736 fc=490
progress step=63200 round=6/40 episode=3/30 sample=zero_boundary_006 soc=0.7299 fc=300
progress step=63250 round=6/40 episode=3/30 sample=zero_boundary_006 soc=0.7995 fc=70
progress step=63300 round=6/40 episode=3/30 sample=zero_boundary_006 soc=0.7999 fc=100
progress step=63350 round=6/40 episode=3/30 sample=zero_boundary_006 soc=0.7992 fc=70
progress step=63400 round=6/40 episode=3/30 sample=zero_boundary_006 soc=0.7981 fc=110
progress step=63450 round=6/40 episode=3/30 sample=zero_boundary_006 soc=0.8000 fc=0
progress step=63500 round=6/40 episode=4/30 sample=zero_boundary_007 soc=0.6328 fc=470
progress step=63550 round=6/40 episode=4/30 sample=zero_boundary_007 soc=0.5612 fc=220
progress step=63600 round=6/40 episode=4/30 sample=zero_boundary_007 soc=0.5757 fc=0
progress step=63650 round=6/40 episode=4/30 sample=zero_boundary_007 soc=0.6099 fc=440
progress step=63700 round=6/40 episode=4/30 sample=zero_boundary_007 soc=0.5774 fc=580
progress step=63750 round=6/40 episode=4/30 sample=zero_boundary_007 soc=0.5933 fc=520
progress step=63800 round=6/40 episode=5/30 sample=zero_boundary_008 soc=0.5494 fc=310
progress step=63850 round=6/40 episode=6/30 sample=zero_boundary_011 soc=0.6355 fc=330
progress step=63900 round=6/40 episode=6/30 sample=zero_boundary_011 soc=0.7626 fc=360
progress step=63950 round=6/40 episode=6/30 sample=zero_boundary_011 soc=0.6814 fc=540
progress step=64000 round=6/40 episode=6/30 sample=zero_boundary_011 soc=0.5433 fc=210
progress step=64050 round=6/40 episode=6/30 sample=zero_boundary_011 soc=0.4375 fc=470
progress step=64100 round=6/40 episode=6/30 sample=zero_boundary_011 soc=0.3025 fc=510
progress step=64150 round=6/40 episode=6/30 sample=zero_boundary_011 soc=0.3456 fc=600
progress step=64200 round=6/40 episode=6/30 sample=zero_boundary_011 soc=0.5284 fc=170
progress step=64250 round=6/40 episode=6/30 sample=zero_boundary_011 soc=0.6910 fc=570
progress step=64300 round=6/40 episode=6/30 sample=zero_boundary_011 soc=0.7998 fc=40
progress step=64350 round=6/40 episode=6/30 sample=zero_boundary_011 soc=0.7981 fc=340
progress step=64400 round=6/40 episode=6/30 sample=zero_boundary_011 soc=0.7897 fc=190
progress step=64450 round=6/40 episode=6/30 sample=zero_boundary_011 soc=0.7996 fc=260
progress step=64500 round=6/40 episode=6/30 sample=zero_boundary_011 soc=0.7885 fc=180
progress step=64550 round=6/40 episode=6/30 sample=zero_boundary_011 soc=0.7648 fc=180
progress step=64600 round=6/40 episode=7/30 sample=zero_boundary_013 soc=0.6533 fc=0
progress step=64650 round=6/40 episode=7/30 sample=zero_boundary_013 soc=0.7502 fc=580
progress step=64700 round=6/40 episode=7/30 sample=zero_boundary_013 soc=0.7736 fc=120
progress step=64750 round=6/40 episode=7/30 sample=zero_boundary_013 soc=0.7371 fc=200
progress step=64800 round=6/40 episode=7/30 sample=zero_boundary_013 soc=0.7977 fc=410
progress step=64850 round=6/40 episode=7/30 sample=zero_boundary_013 soc=0.7971 fc=170
progress step=64900 round=6/40 episode=7/30 sample=zero_boundary_013 soc=0.7987 fc=70
progress step=64950 round=6/40 episode=8/30 sample=zero_boundary_015 soc=0.6624 fc=210
progress step=65000 round=6/40 episode=8/30 sample=zero_boundary_015 soc=0.6391 fc=250
progress step=65050 round=6/40 episode=8/30 sample=zero_boundary_015 soc=0.5180 fc=490
progress step=65100 round=6/40 episode=9/30 sample=zero_boundary_016 soc=0.6671 fc=220
progress step=65150 round=6/40 episode=9/30 sample=zero_boundary_016 soc=0.7825 fc=180
progress step=65200 round=6/40 episode=9/30 sample=zero_boundary_016 soc=0.6519 fc=180
progress step=65250 round=6/40 episode=9/30 sample=zero_boundary_016 soc=0.4547 fc=550
progress step=65300 round=6/40 episode=10/30 sample=zero_boundary_017 soc=0.6041 fc=370
progress step=65350 round=6/40 episode=10/30 sample=zero_boundary_017 soc=0.5082 fc=230
progress step=65400 round=6/40 episode=10/30 sample=zero_boundary_017 soc=0.2586 fc=30
progress step=65450 round=6/40 episode=11/30 sample=zero_boundary_020 soc=0.6586 fc=580
progress step=65500 round=6/40 episode=11/30 sample=zero_boundary_020 soc=0.7057 fc=350
progress step=65550 round=6/40 episode=12/30 sample=zero_boundary_021 soc=0.6776 fc=0
progress step=65600 round=6/40 episode=12/30 sample=zero_boundary_021 soc=0.7941 fc=250
progress step=65650 round=6/40 episode=12/30 sample=zero_boundary_021 soc=0.7555 fc=500
progress step=65700 round=6/40 episode=12/30 sample=zero_boundary_021 soc=0.6719 fc=30
progress step=65750 round=6/40 episode=12/30 sample=zero_boundary_021 soc=0.6782 fc=370
progress step=65800 round=6/40 episode=13/30 sample=zero_boundary_022 soc=0.6205 fc=360
progress step=65850 round=6/40 episode=13/30 sample=zero_boundary_022 soc=0.6013 fc=0
progress step=65900 round=6/40 episode=13/30 sample=zero_boundary_022 soc=0.6202 fc=270
progress step=65950 round=6/40 episode=14/30 sample=zero_boundary_029 soc=0.6364 fc=260
progress step=66000 round=6/40 episode=14/30 sample=zero_boundary_029 soc=0.7303 fc=290
progress step=66050 round=6/40 episode=14/30 sample=zero_boundary_029 soc=0.7308 fc=180
progress step=66100 round=6/40 episode=14/30 sample=zero_boundary_029 soc=0.7329 fc=310
progress step=66150 round=6/40 episode=14/30 sample=zero_boundary_029 soc=0.7994 fc=30
progress step=66200 round=6/40 episode=14/30 sample=zero_boundary_029 soc=0.7958 fc=70
progress step=66250 round=6/40 episode=14/30 sample=zero_boundary_029 soc=0.7979 fc=0
progress step=66300 round=6/40 episode=14/30 sample=zero_boundary_029 soc=0.7999 fc=0
progress step=66350 round=6/40 episode=14/30 sample=zero_boundary_029 soc=0.7999 fc=0
progress step=66400 round=6/40 episode=14/30 sample=zero_boundary_029 soc=0.7999 fc=0
progress step=66450 round=6/40 episode=14/30 sample=zero_boundary_029 soc=0.7999 fc=0
progress step=66500 round=6/40 episode=14/30 sample=zero_boundary_029 soc=0.7999 fc=0
progress step=66550 round=6/40 episode=14/30 sample=zero_boundary_029 soc=0.7999 fc=0
progress step=66600 round=6/40 episode=14/30 sample=zero_boundary_029 soc=0.7999 fc=0
progress step=66650 round=6/40 episode=14/30 sample=zero_boundary_029 soc=0.7999 fc=0
progress step=66700 round=6/40 episode=14/30 sample=zero_boundary_029 soc=0.7999 fc=0
progress step=66750 round=6/40 episode=14/30 sample=zero_boundary_029 soc=0.7999 fc=0
progress step=66800 round=6/40 episode=14/30 sample=zero_boundary_029 soc=0.7999 fc=0
progress step=66850 round=6/40 episode=14/30 sample=zero_boundary_029 soc=0.7962 fc=330
progress step=66900 round=6/40 episode=14/30 sample=zero_boundary_029 soc=0.7973 fc=220
progress step=66950 round=6/40 episode=14/30 sample=zero_boundary_029 soc=0.7942 fc=400
progress step=67000 round=6/40 episode=14/30 sample=zero_boundary_029 soc=0.7996 fc=40
progress step=67050 round=6/40 episode=15/30 sample=zero_boundary_033 soc=0.7382 fc=390
progress step=67100 round=6/40 episode=15/30 sample=zero_boundary_033 soc=0.7204 fc=300
progress step=67150 round=6/40 episode=15/30 sample=zero_boundary_033 soc=0.6524 fc=580
progress step=67200 round=6/40 episode=15/30 sample=zero_boundary_033 soc=0.6392 fc=160
progress step=67250 round=6/40 episode=15/30 sample=zero_boundary_033 soc=0.6942 fc=170
progress step=67300 round=6/40 episode=15/30 sample=zero_boundary_033 soc=0.5416 fc=430
progress step=67350 round=6/40 episode=15/30 sample=zero_boundary_033 soc=0.5523 fc=500
progress step=67400 round=6/40 episode=15/30 sample=zero_boundary_033 soc=0.7111 fc=330
progress step=67450 round=6/40 episode=15/30 sample=zero_boundary_033 soc=0.7999 fc=0
progress step=67500 round=6/40 episode=15/30 sample=zero_boundary_033 soc=0.7999 fc=0
progress step=67550 round=6/40 episode=15/30 sample=zero_boundary_033 soc=0.7999 fc=0
progress step=67600 round=6/40 episode=15/30 sample=zero_boundary_033 soc=0.7999 fc=0
progress step=67650 round=6/40 episode=15/30 sample=zero_boundary_033 soc=0.7999 fc=0
progress step=67700 round=6/40 episode=15/30 sample=zero_boundary_033 soc=0.7999 fc=0
progress step=67750 round=6/40 episode=15/30 sample=zero_boundary_033 soc=0.7999 fc=0
progress step=67800 round=6/40 episode=15/30 sample=zero_boundary_033 soc=0.7999 fc=0
progress step=67850 round=6/40 episode=15/30 sample=zero_boundary_033 soc=0.7997 fc=0
progress step=67900 round=6/40 episode=15/30 sample=zero_boundary_033 soc=0.7999 fc=10
progress step=67950 round=6/40 episode=15/30 sample=zero_boundary_033 soc=0.7997 fc=30
progress step=68000 round=6/40 episode=16/30 sample=zero_boundary_034 soc=0.6740 fc=460
progress step=68050 round=6/40 episode=16/30 sample=zero_boundary_034 soc=0.7999 fc=0
progress step=68100 round=6/40 episode=16/30 sample=zero_boundary_034 soc=0.7999 fc=0
progress step=68150 round=6/40 episode=16/30 sample=zero_boundary_034 soc=0.7999 fc=0
progress step=68200 round=6/40 episode=16/30 sample=zero_boundary_034 soc=0.7999 fc=0
progress step=68250 round=6/40 episode=16/30 sample=zero_boundary_034 soc=0.7999 fc=0
progress step=68300 round=6/40 episode=16/30 sample=zero_boundary_034 soc=0.7999 fc=0
progress step=68350 round=6/40 episode=16/30 sample=zero_boundary_034 soc=0.7999 fc=0
progress step=68400 round=6/40 episode=16/30 sample=zero_boundary_034 soc=0.7999 fc=0
progress step=68450 round=6/40 episode=16/30 sample=zero_boundary_034 soc=0.7999 fc=0
progress step=68500 round=6/40 episode=16/30 sample=zero_boundary_034 soc=0.7999 fc=0
progress step=68550 round=6/40 episode=16/30 sample=zero_boundary_034 soc=0.7999 fc=0
progress step=68600 round=6/40 episode=16/30 sample=zero_boundary_034 soc=0.7999 fc=0
progress step=68650 round=6/40 episode=16/30 sample=zero_boundary_034 soc=0.7999 fc=0
progress step=68700 round=6/40 episode=16/30 sample=zero_boundary_034 soc=0.7999 fc=0
progress step=68750 round=6/40 episode=16/30 sample=zero_boundary_034 soc=0.7999 fc=0
progress step=68800 round=6/40 episode=16/30 sample=zero_boundary_034 soc=0.7999 fc=0
progress step=68850 round=6/40 episode=16/30 sample=zero_boundary_034 soc=0.7999 fc=40
progress step=68900 round=6/40 episode=16/30 sample=zero_boundary_034 soc=0.7997 fc=30
progress step=68950 round=6/40 episode=16/30 sample=zero_boundary_034 soc=0.7972 fc=20
progress step=69000 round=6/40 episode=16/30 sample=zero_boundary_034 soc=0.7997 fc=140
progress step=69050 round=6/40 episode=16/30 sample=zero_boundary_034 soc=0.7959 fc=350
progress step=69100 round=6/40 episode=16/30 sample=zero_boundary_034 soc=0.7995 fc=70
progress step=69150 round=6/40 episode=16/30 sample=zero_boundary_034 soc=0.7990 fc=20
progress step=69200 round=6/40 episode=16/30 sample=zero_boundary_034 soc=0.8000 fc=0
progress step=69250 round=6/40 episode=16/30 sample=zero_boundary_034 soc=0.8000 fc=0
progress step=69300 round=6/40 episode=16/30 sample=zero_boundary_034 soc=0.8000 fc=0
progress step=69350 round=6/40 episode=16/30 sample=zero_boundary_034 soc=0.8000 fc=0
progress step=69400 round=6/40 episode=16/30 sample=zero_boundary_034 soc=0.8000 fc=0
progress step=69450 round=6/40 episode=16/30 sample=zero_boundary_034 soc=0.8000 fc=0
progress step=69500 round=6/40 episode=16/30 sample=zero_boundary_034 soc=0.8000 fc=0
progress step=69550 round=6/40 episode=16/30 sample=zero_boundary_034 soc=0.8000 fc=0
progress step=69600 round=6/40 episode=16/30 sample=zero_boundary_034 soc=0.7997 fc=40
progress step=69650 round=6/40 episode=17/30 sample=zero_boundary_037 soc=0.6949 fc=270
progress step=69700 round=6/40 episode=17/30 sample=zero_boundary_037 soc=0.7485 fc=160
progress step=69750 round=6/40 episode=17/30 sample=zero_boundary_037 soc=0.7958 fc=440
progress step=69800 round=6/40 episode=17/30 sample=zero_boundary_037 soc=0.7999 fc=110
progress step=69850 round=6/40 episode=17/30 sample=zero_boundary_037 soc=0.7732 fc=230
progress step=69900 round=6/40 episode=17/30 sample=zero_boundary_037 soc=0.7323 fc=390
progress step=69950 round=6/40 episode=17/30 sample=zero_boundary_037 soc=0.6081 fc=280
progress step=70000 round=6/40 episode=17/30 sample=zero_boundary_037 soc=0.6752 fc=30
progress step=70050 round=6/40 episode=17/30 sample=zero_boundary_037 soc=0.7995 fc=10
progress step=70100 round=6/40 episode=17/30 sample=zero_boundary_037 soc=0.7996 fc=40
progress step=70150 round=6/40 episode=17/30 sample=zero_boundary_037 soc=0.7983 fc=150
progress step=70200 round=6/40 episode=17/30 sample=zero_boundary_037 soc=0.7982 fc=20
progress step=70250 round=6/40 episode=17/30 sample=zero_boundary_037 soc=0.7991 fc=10
progress step=70300 round=6/40 episode=17/30 sample=zero_boundary_037 soc=0.7994 fc=70
progress step=70350 round=6/40 episode=17/30 sample=zero_boundary_037 soc=0.7987 fc=120
progress step=70400 round=6/40 episode=17/30 sample=zero_boundary_037 soc=0.7993 fc=110
progress step=70450 round=6/40 episode=17/30 sample=zero_boundary_037 soc=0.7988 fc=130
progress step=70500 round=6/40 episode=17/30 sample=zero_boundary_037 soc=0.7995 fc=110
progress step=70550 round=6/40 episode=17/30 sample=zero_boundary_037 soc=0.7991 fc=130
progress step=70600 round=6/40 episode=17/30 sample=zero_boundary_037 soc=0.7996 fc=20
progress step=70650 round=6/40 episode=17/30 sample=zero_boundary_037 soc=0.7999 fc=0
progress step=70700 round=6/40 episode=17/30 sample=zero_boundary_037 soc=0.7999 fc=0
progress step=70750 round=6/40 episode=17/30 sample=zero_boundary_037 soc=0.7998 fc=30
progress step=70800 round=6/40 episode=17/30 sample=zero_boundary_037 soc=0.8000 fc=0
progress step=70850 round=6/40 episode=17/30 sample=zero_boundary_037 soc=0.7992 fc=170
progress step=70900 round=6/40 episode=17/30 sample=zero_boundary_037 soc=0.7994 fc=40
progress step=70950 round=6/40 episode=17/30 sample=zero_boundary_037 soc=0.7995 fc=0
progress step=71000 round=6/40 episode=17/30 sample=zero_boundary_037 soc=0.7998 fc=20
progress step=71050 round=6/40 episode=17/30 sample=zero_boundary_037 soc=0.7998 fc=50
progress step=71100 round=6/40 episode=17/30 sample=zero_boundary_037 soc=0.7989 fc=10
progress step=71150 round=6/40 episode=17/30 sample=zero_boundary_037 soc=0.7997 fc=20
progress step=71200 round=6/40 episode=17/30 sample=zero_boundary_037 soc=0.7993 fc=70
progress step=71250 round=6/40 episode=17/30 sample=zero_boundary_037 soc=0.7995 fc=20
progress step=71300 round=6/40 episode=17/30 sample=zero_boundary_037 soc=0.7989 fc=50
progress step=71350 round=6/40 episode=17/30 sample=zero_boundary_037 soc=0.8000 fc=0
progress step=71400 round=6/40 episode=17/30 sample=zero_boundary_037 soc=0.7998 fc=50
progress step=71450 round=6/40 episode=17/30 sample=zero_boundary_037 soc=0.7993 fc=20
progress step=71500 round=6/40 episode=17/30 sample=zero_boundary_037 soc=0.7998 fc=20
progress step=71550 round=6/40 episode=18/30 sample=zero_boundary_038 soc=0.7003 fc=380
progress step=71600 round=6/40 episode=18/30 sample=zero_boundary_038 soc=0.6554 fc=460
progress step=71650 round=6/40 episode=18/30 sample=zero_boundary_038 soc=0.6433 fc=370
progress step=71700 round=6/40 episode=18/30 sample=zero_boundary_038 soc=0.5890 fc=400
progress step=71750 round=6/40 episode=18/30 sample=zero_boundary_038 soc=0.4797 fc=210
progress step=71800 round=6/40 episode=18/30 sample=zero_boundary_038 soc=0.4210 fc=450
progress step=71850 round=6/40 episode=18/30 sample=zero_boundary_038 soc=0.5661 fc=470
progress step=71900 round=6/40 episode=18/30 sample=zero_boundary_038 soc=0.7210 fc=230
progress step=71950 round=6/40 episode=18/30 sample=zero_boundary_038 soc=0.7981 fc=130
progress step=72000 round=6/40 episode=18/30 sample=zero_boundary_038 soc=0.7659 fc=190
progress step=72050 round=6/40 episode=18/30 sample=zero_boundary_038 soc=0.7567 fc=120
progress step=72100 round=6/40 episode=18/30 sample=zero_boundary_038 soc=0.7237 fc=580
progress step=72150 round=6/40 episode=18/30 sample=zero_boundary_038 soc=0.6922 fc=470
progress step=72200 round=6/40 episode=18/30 sample=zero_boundary_038 soc=0.7798 fc=70
progress step=72250 round=6/40 episode=19/30 sample=zero_boundary_040 soc=0.5967 fc=420
progress step=72300 round=6/40 episode=19/30 sample=zero_boundary_040 soc=0.5176 fc=220
progress step=72350 round=6/40 episode=19/30 sample=zero_boundary_040 soc=0.4727 fc=380
progress step=72400 round=6/40 episode=19/30 sample=zero_boundary_040 soc=0.3349 fc=0
progress step=72450 round=6/40 episode=19/30 sample=zero_boundary_040 soc=0.3025 fc=70
progress step=72500 round=6/40 episode=19/30 sample=zero_boundary_040 soc=0.2710 fc=60
progress step=72550 round=6/40 episode=19/30 sample=zero_boundary_040 soc=0.3534 fc=0
progress step=72600 round=6/40 episode=19/30 sample=zero_boundary_040 soc=0.3058 fc=90
progress step=72650 round=6/40 episode=19/30 sample=zero_boundary_040 soc=0.2007 fc=490
progress step=72700 round=6/40 episode=19/30 sample=zero_boundary_040 soc=0.2241 fc=390
progress step=72750 round=6/40 episode=20/30 sample=zero_boundary_041 soc=0.6156 fc=200
progress step=72800 round=6/40 episode=20/30 sample=zero_boundary_041 soc=0.4878 fc=530
progress step=72850 round=6/40 episode=20/30 sample=zero_boundary_041 soc=0.2245 fc=280
progress step=72900 round=6/40 episode=21/30 sample=zero_boundary_042 soc=0.6789 fc=270
progress step=72950 round=6/40 episode=21/30 sample=zero_boundary_042 soc=0.5463 fc=560
progress step=73000 round=6/40 episode=21/30 sample=zero_boundary_042 soc=0.3974 fc=250
progress step=73050 round=6/40 episode=21/30 sample=zero_boundary_042 soc=0.2012 fc=570
progress step=73100 round=6/40 episode=21/30 sample=zero_boundary_042 soc=0.2003 fc=520
progress step=73150 round=6/40 episode=21/30 sample=zero_boundary_042 soc=0.2896 fc=540
progress step=73200 round=6/40 episode=21/30 sample=zero_boundary_042 soc=0.2001 fc=590
progress step=73250 round=6/40 episode=22/30 sample=zero_boundary_044 soc=0.6283 fc=160
progress step=73300 round=6/40 episode=22/30 sample=zero_boundary_044 soc=0.5155 fc=490
progress step=73350 round=6/40 episode=22/30 sample=zero_boundary_044 soc=0.2579 fc=160
progress step=73400 round=6/40 episode=23/30 sample=zero_boundary_045 soc=0.6716 fc=100
progress step=73450 round=6/40 episode=23/30 sample=zero_boundary_045 soc=0.6352 fc=580
progress step=73500 round=6/40 episode=23/30 sample=zero_boundary_045 soc=0.5872 fc=80
progress step=73550 round=6/40 episode=23/30 sample=zero_boundary_045 soc=0.3331 fc=120
progress step=73600 round=6/40 episode=24/30 sample=zero_boundary_046 soc=0.5910 fc=600
progress step=73650 round=6/40 episode=24/30 sample=zero_boundary_046 soc=0.4801 fc=280
progress step=73700 round=6/40 episode=24/30 sample=zero_boundary_046 soc=0.2875 fc=350
progress step=73750 round=6/40 episode=25/30 sample=zero_boundary_048 soc=0.6388 fc=450
progress step=73800 round=6/40 episode=25/30 sample=zero_boundary_048 soc=0.5506 fc=300
progress step=73850 round=6/40 episode=25/30 sample=zero_boundary_048 soc=0.4378 fc=270
progress step=73900 round=6/40 episode=25/30 sample=zero_boundary_048 soc=0.3536 fc=350
progress step=73950 round=6/40 episode=25/30 sample=zero_boundary_048 soc=0.4168 fc=30
progress step=74000 round=6/40 episode=25/30 sample=zero_boundary_048 soc=0.4018 fc=30
progress step=74050 round=6/40 episode=26/30 sample=zero_boundary_049 soc=0.6850 fc=540
progress step=74100 round=6/40 episode=26/30 sample=zero_boundary_049 soc=0.7068 fc=580
progress step=74150 round=6/40 episode=26/30 sample=zero_boundary_049 soc=0.7287 fc=240
progress step=74200 round=6/40 episode=26/30 sample=zero_boundary_049 soc=0.7288 fc=360
progress step=74250 round=6/40 episode=26/30 sample=zero_boundary_049 soc=0.7513 fc=440
progress step=74300 round=6/40 episode=27/30 sample=zero_boundary_050 soc=0.6327 fc=450
progress step=74350 round=6/40 episode=27/30 sample=zero_boundary_050 soc=0.6128 fc=20
progress step=74400 round=6/40 episode=27/30 sample=zero_boundary_050 soc=0.4645 fc=120
progress step=74450 round=6/40 episode=27/30 sample=zero_boundary_050 soc=0.3794 fc=230
progress step=74500 round=6/40 episode=28/30 sample=zero_boundary_051 soc=0.6139 fc=500
progress step=74550 round=6/40 episode=28/30 sample=zero_boundary_051 soc=0.6319 fc=570
progress step=74600 round=6/40 episode=28/30 sample=zero_boundary_051 soc=0.6387 fc=260
progress step=74650 round=6/40 episode=29/30 sample=zero_boundary_052 soc=0.6285 fc=0
progress step=74700 round=6/40 episode=29/30 sample=zero_boundary_052 soc=0.6046 fc=450
progress step=74750 round=6/40 episode=29/30 sample=zero_boundary_052 soc=0.3889 fc=80
progress step=74800 round=6/40 episode=29/30 sample=zero_boundary_052 soc=0.3124 fc=570
progress step=74850 round=6/40 episode=29/30 sample=zero_boundary_052 soc=0.4085 fc=30
progress step=74900 round=6/40 episode=30/30 sample=zero_boundary_053 soc=0.6576 fc=20
progress step=74950 round=6/40 episode=30/30 sample=zero_boundary_053 soc=0.6357 fc=190
progress step=75000 round=6/40 episode=30/30 sample=zero_boundary_053 soc=0.4977 fc=70
progress step=75050 round=6/40 episode=30/30 sample=zero_boundary_053 soc=0.5777 fc=70
progress step=75100 round=6/40 episode=30/30 sample=zero_boundary_053 soc=0.5507 fc=40
round 6/40 exploratory=20/30 greedy_train start
MONITOR round=6 exploratory=20/30 greedy_train=12/30 validation=SKIPPED cost=None updates=2918 best_round=None
round 7/40 start epsilon=0.8538
progress step=75150 round=7/40 episode=1/30 sample=zero_boundary_002 soc=0.6767 fc=40
progress step=75200 round=7/40 episode=1/30 sample=zero_boundary_002 soc=0.6957 fc=560
progress step=75250 round=7/40 episode=1/30 sample=zero_boundary_002 soc=0.3846 fc=150
progress step=75300 round=7/40 episode=1/30 sample=zero_boundary_002 soc=0.4921 fc=570
progress step=75350 round=7/40 episode=1/30 sample=zero_boundary_002 soc=0.3375 fc=120
progress step=75400 round=7/40 episode=1/30 sample=zero_boundary_002 soc=0.4010 fc=240
progress step=75450 round=7/40 episode=2/30 sample=zero_boundary_005 soc=0.6359 fc=240
progress step=75500 round=7/40 episode=2/30 sample=zero_boundary_005 soc=0.6298 fc=550
progress step=75550 round=7/40 episode=2/30 sample=zero_boundary_005 soc=0.5297 fc=350
progress step=75600 round=7/40 episode=2/30 sample=zero_boundary_005 soc=0.4710 fc=190
progress step=75650 round=7/40 episode=2/30 sample=zero_boundary_005 soc=0.3328 fc=600
progress step=75700 round=7/40 episode=2/30 sample=zero_boundary_005 soc=0.3043 fc=350
progress step=75750 round=7/40 episode=3/30 sample=zero_boundary_006 soc=0.6864 fc=320
progress step=75800 round=7/40 episode=3/30 sample=zero_boundary_006 soc=0.7680 fc=510
progress step=75850 round=7/40 episode=3/30 sample=zero_boundary_006 soc=0.7979 fc=140
progress step=75900 round=7/40 episode=3/30 sample=zero_boundary_006 soc=0.7990 fc=10
progress step=75950 round=7/40 episode=3/30 sample=zero_boundary_006 soc=0.7982 fc=90
progress step=76000 round=7/40 episode=3/30 sample=zero_boundary_006 soc=0.7982 fc=210
progress step=76050 round=7/40 episode=3/30 sample=zero_boundary_006 soc=0.7994 fc=120
progress step=76100 round=7/40 episode=4/30 sample=zero_boundary_007 soc=0.6442 fc=260
progress step=76150 round=7/40 episode=4/30 sample=zero_boundary_007 soc=0.5837 fc=520
progress step=76200 round=7/40 episode=4/30 sample=zero_boundary_007 soc=0.5874 fc=0
progress step=76250 round=7/40 episode=4/30 sample=zero_boundary_007 soc=0.6318 fc=560
progress step=76300 round=7/40 episode=4/30 sample=zero_boundary_007 soc=0.5888 fc=210
progress step=76350 round=7/40 episode=4/30 sample=zero_boundary_007 soc=0.5837 fc=330
progress step=76400 round=7/40 episode=5/30 sample=zero_boundary_008 soc=0.6181 fc=530
progress step=76450 round=7/40 episode=6/30 sample=zero_boundary_011 soc=0.6062 fc=590
progress step=76500 round=7/40 episode=6/30 sample=zero_boundary_011 soc=0.7121 fc=300
progress step=76550 round=7/40 episode=6/30 sample=zero_boundary_011 soc=0.6741 fc=580
progress step=76600 round=7/40 episode=6/30 sample=zero_boundary_011 soc=0.5922 fc=420
progress step=76650 round=7/40 episode=6/30 sample=zero_boundary_011 soc=0.4446 fc=540
progress step=76700 round=7/40 episode=6/30 sample=zero_boundary_011 soc=0.3210 fc=320
progress step=76750 round=7/40 episode=6/30 sample=zero_boundary_011 soc=0.2533 fc=460
progress step=76800 round=7/40 episode=6/30 sample=zero_boundary_011 soc=0.4870 fc=430
progress step=76850 round=7/40 episode=6/30 sample=zero_boundary_011 soc=0.6067 fc=270
progress step=76900 round=7/40 episode=6/30 sample=zero_boundary_011 soc=0.7558 fc=200
progress step=76950 round=7/40 episode=6/30 sample=zero_boundary_011 soc=0.7936 fc=590
progress step=77000 round=7/40 episode=6/30 sample=zero_boundary_011 soc=0.7941 fc=270
progress step=77050 round=7/40 episode=6/30 sample=zero_boundary_011 soc=0.7898 fc=400
progress step=77100 round=7/40 episode=6/30 sample=zero_boundary_011 soc=0.7982 fc=310
progress step=77150 round=7/40 episode=6/30 sample=zero_boundary_011 soc=0.7950 fc=580
progress step=77200 round=7/40 episode=7/30 sample=zero_boundary_013 soc=0.6248 fc=300
progress step=77250 round=7/40 episode=7/30 sample=zero_boundary_013 soc=0.7789 fc=510
progress step=77300 round=7/40 episode=7/30 sample=zero_boundary_013 soc=0.7935 fc=80
progress step=77350 round=7/40 episode=7/30 sample=zero_boundary_013 soc=0.7664 fc=310
progress step=77400 round=7/40 episode=7/30 sample=zero_boundary_013 soc=0.7808 fc=510
progress step=77450 round=7/40 episode=7/30 sample=zero_boundary_013 soc=0.7993 fc=270
progress step=77500 round=7/40 episode=7/30 sample=zero_boundary_013 soc=0.7985 fc=420
progress step=77550 round=7/40 episode=8/30 sample=zero_boundary_015 soc=0.6403 fc=50
progress step=77600 round=7/40 episode=8/30 sample=zero_boundary_015 soc=0.6333 fc=410
progress step=77650 round=7/40 episode=8/30 sample=zero_boundary_015 soc=0.5250 fc=560
progress step=77700 round=7/40 episode=9/30 sample=zero_boundary_016 soc=0.6502 fc=110
progress step=77750 round=7/40 episode=9/30 sample=zero_boundary_016 soc=0.7706 fc=510
progress step=77800 round=7/40 episode=9/30 sample=zero_boundary_016 soc=0.6115 fc=510
progress step=77850 round=7/40 episode=9/30 sample=zero_boundary_016 soc=0.4006 fc=530
progress step=77900 round=7/40 episode=10/30 sample=zero_boundary_017 soc=0.6339 fc=240
progress step=77950 round=7/40 episode=10/30 sample=zero_boundary_017 soc=0.4604 fc=550
progress step=78000 round=7/40 episode=11/30 sample=zero_boundary_020 soc=0.6090 fc=70
progress step=78050 round=7/40 episode=11/30 sample=zero_boundary_020 soc=0.6378 fc=530
progress step=78100 round=7/40 episode=11/30 sample=zero_boundary_020 soc=0.7147 fc=90
progress step=78150 round=7/40 episode=12/30 sample=zero_boundary_021 soc=0.7381 fc=190
progress step=78200 round=7/40 episode=12/30 sample=zero_boundary_021 soc=0.7714 fc=60
progress step=78250 round=7/40 episode=12/30 sample=zero_boundary_021 soc=0.6741 fc=580
progress step=78300 round=7/40 episode=12/30 sample=zero_boundary_021 soc=0.6202 fc=460
progress step=78350 round=7/40 episode=13/30 sample=zero_boundary_022 soc=0.6023 fc=570
progress step=78400 round=7/40 episode=13/30 sample=zero_boundary_022 soc=0.6620 fc=510
progress step=78450 round=7/40 episode=13/30 sample=zero_boundary_022 soc=0.6577 fc=80
progress step=78500 round=7/40 episode=13/30 sample=zero_boundary_022 soc=0.7361 fc=110
progress step=78550 round=7/40 episode=14/30 sample=zero_boundary_029 soc=0.6453 fc=150
progress step=78600 round=7/40 episode=14/30 sample=zero_boundary_029 soc=0.6869 fc=240
progress step=78650 round=7/40 episode=14/30 sample=zero_boundary_029 soc=0.6516 fc=340
progress step=78700 round=7/40 episode=14/30 sample=zero_boundary_029 soc=0.6653 fc=120
progress step=78750 round=7/40 episode=14/30 sample=zero_boundary_029 soc=0.7380 fc=340
progress step=78800 round=7/40 episode=14/30 sample=zero_boundary_029 soc=0.7999 fc=210
progress step=78850 round=7/40 episode=14/30 sample=zero_boundary_029 soc=0.7928 fc=530
progress step=78900 round=7/40 episode=14/30 sample=zero_boundary_029 soc=0.7999 fc=0
progress step=78950 round=7/40 episode=14/30 sample=zero_boundary_029 soc=0.7999 fc=0
progress step=79000 round=7/40 episode=14/30 sample=zero_boundary_029 soc=0.7999 fc=0
progress step=79050 round=7/40 episode=14/30 sample=zero_boundary_029 soc=0.7999 fc=0
progress step=79100 round=7/40 episode=14/30 sample=zero_boundary_029 soc=0.7999 fc=0
progress step=79150 round=7/40 episode=14/30 sample=zero_boundary_029 soc=0.7999 fc=0
progress step=79200 round=7/40 episode=14/30 sample=zero_boundary_029 soc=0.7999 fc=0
progress step=79250 round=7/40 episode=14/30 sample=zero_boundary_029 soc=0.7999 fc=0
progress step=79300 round=7/40 episode=14/30 sample=zero_boundary_029 soc=0.7999 fc=0
progress step=79350 round=7/40 episode=14/30 sample=zero_boundary_029 soc=0.7999 fc=0
progress step=79400 round=7/40 episode=14/30 sample=zero_boundary_029 soc=0.7999 fc=0
progress step=79450 round=7/40 episode=14/30 sample=zero_boundary_029 soc=0.7996 fc=120
progress step=79500 round=7/40 episode=14/30 sample=zero_boundary_029 soc=0.7889 fc=510
progress step=79550 round=7/40 episode=14/30 sample=zero_boundary_029 soc=0.7654 fc=100
progress step=79600 round=7/40 episode=15/30 sample=zero_boundary_033 soc=0.6304 fc=80
progress step=79650 round=7/40 episode=15/30 sample=zero_boundary_033 soc=0.7610 fc=510
progress step=79700 round=7/40 episode=15/30 sample=zero_boundary_033 soc=0.7692 fc=200
progress step=79750 round=7/40 episode=15/30 sample=zero_boundary_033 soc=0.7100 fc=540
progress step=79800 round=7/40 episode=15/30 sample=zero_boundary_033 soc=0.6709 fc=100
progress step=79850 round=7/40 episode=15/30 sample=zero_boundary_033 soc=0.6967 fc=110
progress step=79900 round=7/40 episode=15/30 sample=zero_boundary_033 soc=0.5554 fc=580
progress step=79950 round=7/40 episode=15/30 sample=zero_boundary_033 soc=0.6625 fc=520
progress step=80000 round=7/40 episode=15/30 sample=zero_boundary_033 soc=0.7999 fc=0
progress step=80050 round=7/40 episode=15/30 sample=zero_boundary_033 soc=0.7999 fc=0
progress step=80100 round=7/40 episode=15/30 sample=zero_boundary_033 soc=0.7999 fc=0
progress step=80150 round=7/40 episode=15/30 sample=zero_boundary_033 soc=0.7999 fc=0
progress step=80200 round=7/40 episode=15/30 sample=zero_boundary_033 soc=0.7999 fc=0
progress step=80250 round=7/40 episode=15/30 sample=zero_boundary_033 soc=0.7999 fc=0
progress step=80300 round=7/40 episode=15/30 sample=zero_boundary_033 soc=0.7999 fc=0
progress step=80350 round=7/40 episode=15/30 sample=zero_boundary_033 soc=0.7999 fc=10
progress step=80400 round=7/40 episode=15/30 sample=zero_boundary_033 soc=0.8000 fc=20
progress step=80450 round=7/40 episode=15/30 sample=zero_boundary_033 soc=0.7993 fc=60
progress step=80500 round=7/40 episode=15/30 sample=zero_boundary_033 soc=0.7998 fc=0
progress step=80550 round=7/40 episode=15/30 sample=zero_boundary_033 soc=0.7996 fc=0
progress step=80600 round=7/40 episode=16/30 sample=zero_boundary_034 soc=0.6932 fc=180
progress step=80650 round=7/40 episode=16/30 sample=zero_boundary_034 soc=0.7999 fc=0
progress step=80700 round=7/40 episode=16/30 sample=zero_boundary_034 soc=0.7999 fc=0
progress step=80750 round=7/40 episode=16/30 sample=zero_boundary_034 soc=0.7999 fc=0
progress step=80800 round=7/40 episode=16/30 sample=zero_boundary_034 soc=0.7999 fc=0
progress step=80850 round=7/40 episode=16/30 sample=zero_boundary_034 soc=0.7999 fc=0
progress step=80900 round=7/40 episode=16/30 sample=zero_boundary_034 soc=0.7999 fc=0
progress step=80950 round=7/40 episode=16/30 sample=zero_boundary_034 soc=0.7999 fc=0
progress step=81000 round=7/40 episode=16/30 sample=zero_boundary_034 soc=0.7999 fc=0
progress step=81050 round=7/40 episode=16/30 sample=zero_boundary_034 soc=0.7999 fc=0
progress step=81100 round=7/40 episode=16/30 sample=zero_boundary_034 soc=0.7999 fc=0
progress step=81150 round=7/40 episode=16/30 sample=zero_boundary_034 soc=0.7999 fc=0
progress step=81200 round=7/40 episode=16/30 sample=zero_boundary_034 soc=0.7999 fc=0
progress step=81250 round=7/40 episode=16/30 sample=zero_boundary_034 soc=0.7999 fc=0
progress step=81300 round=7/40 episode=16/30 sample=zero_boundary_034 soc=0.7999 fc=0
progress step=81350 round=7/40 episode=16/30 sample=zero_boundary_034 soc=0.7999 fc=0
progress step=81400 round=7/40 episode=16/30 sample=zero_boundary_034 soc=0.7999 fc=0
progress step=81450 round=7/40 episode=16/30 sample=zero_boundary_034 soc=0.7987 fc=140
progress step=81500 round=7/40 episode=16/30 sample=zero_boundary_034 soc=0.7997 fc=0
progress step=81550 round=7/40 episode=16/30 sample=zero_boundary_034 soc=0.7968 fc=290
progress step=81600 round=7/40 episode=16/30 sample=zero_boundary_034 soc=0.7987 fc=280
progress step=81650 round=7/40 episode=16/30 sample=zero_boundary_034 soc=0.7835 fc=270
progress step=81700 round=7/40 episode=16/30 sample=zero_boundary_034 soc=0.7996 fc=10
progress step=81750 round=7/40 episode=16/30 sample=zero_boundary_034 soc=0.7997 fc=10
progress step=81800 round=7/40 episode=16/30 sample=zero_boundary_034 soc=0.8000 fc=0
progress step=81850 round=7/40 episode=16/30 sample=zero_boundary_034 soc=0.8000 fc=0
progress step=81900 round=7/40 episode=16/30 sample=zero_boundary_034 soc=0.8000 fc=0
progress step=81950 round=7/40 episode=16/30 sample=zero_boundary_034 soc=0.8000 fc=0
progress step=82000 round=7/40 episode=16/30 sample=zero_boundary_034 soc=0.8000 fc=0
progress step=82050 round=7/40 episode=16/30 sample=zero_boundary_034 soc=0.8000 fc=0
progress step=82100 round=7/40 episode=16/30 sample=zero_boundary_034 soc=0.8000 fc=0
progress step=82150 round=7/40 episode=16/30 sample=zero_boundary_034 soc=0.8000 fc=0
progress step=82200 round=7/40 episode=16/30 sample=zero_boundary_034 soc=0.7996 fc=0
progress step=82250 round=7/40 episode=17/30 sample=zero_boundary_037 soc=0.6775 fc=420
progress step=82300 round=7/40 episode=17/30 sample=zero_boundary_037 soc=0.7307 fc=120
progress step=82350 round=7/40 episode=17/30 sample=zero_boundary_037 soc=0.7830 fc=50
progress step=82400 round=7/40 episode=17/30 sample=zero_boundary_037 soc=0.7960 fc=410
progress step=82450 round=7/40 episode=17/30 sample=zero_boundary_037 soc=0.7963 fc=540
progress step=82500 round=7/40 episode=17/30 sample=zero_boundary_037 soc=0.7413 fc=20
progress step=82550 round=7/40 episode=17/30 sample=zero_boundary_037 soc=0.6076 fc=380
progress step=82600 round=7/40 episode=17/30 sample=zero_boundary_037 soc=0.7182 fc=30
progress step=82650 round=7/40 episode=17/30 sample=zero_boundary_037 soc=0.7986 fc=140
progress step=82700 round=7/40 episode=17/30 sample=zero_boundary_037 soc=0.7998 fc=40
progress step=82750 round=7/40 episode=17/30 sample=zero_boundary_037 soc=0.7992 fc=90
progress step=82800 round=7/40 episode=17/30 sample=zero_boundary_037 soc=0.7990 fc=60
progress step=82850 round=7/40 episode=17/30 sample=zero_boundary_037 soc=0.7999 fc=10
progress step=82900 round=7/40 episode=17/30 sample=zero_boundary_037 soc=0.7998 fc=50
progress step=82950 round=7/40 episode=17/30 sample=zero_boundary_037 soc=0.7992 fc=0
progress step=83000 round=7/40 episode=17/30 sample=zero_boundary_037 soc=0.7999 fc=40
progress step=83050 round=7/40 episode=17/30 sample=zero_boundary_037 soc=0.7986 fc=70
progress step=83100 round=7/40 episode=17/30 sample=zero_boundary_037 soc=0.7995 fc=0
progress step=83150 round=7/40 episode=17/30 sample=zero_boundary_037 soc=0.7997 fc=80
progress step=83200 round=7/40 episode=17/30 sample=zero_boundary_037 soc=0.7997 fc=30
progress step=83250 round=7/40 episode=17/30 sample=zero_boundary_037 soc=0.7999 fc=0
progress step=83300 round=7/40 episode=17/30 sample=zero_boundary_037 soc=0.7999 fc=0
progress step=83350 round=7/40 episode=17/30 sample=zero_boundary_037 soc=0.7998 fc=10
progress step=83400 round=7/40 episode=17/30 sample=zero_boundary_037 soc=0.8000 fc=20
progress step=83450 round=7/40 episode=17/30 sample=zero_boundary_037 soc=0.7996 fc=30
progress step=83500 round=7/40 episode=17/30 sample=zero_boundary_037 soc=0.7991 fc=110
progress step=83550 round=7/40 episode=17/30 sample=zero_boundary_037 soc=0.7993 fc=70
progress step=83600 round=7/40 episode=17/30 sample=zero_boundary_037 soc=0.7994 fc=90
progress step=83650 round=7/40 episode=17/30 sample=zero_boundary_037 soc=0.7982 fc=110
progress step=83700 round=7/40 episode=17/30 sample=zero_boundary_037 soc=0.7988 fc=50
progress step=83750 round=7/40 episode=17/30 sample=zero_boundary_037 soc=0.7995 fc=50
progress step=83800 round=7/40 episode=17/30 sample=zero_boundary_037 soc=0.7998 fc=10
progress step=83850 round=7/40 episode=17/30 sample=zero_boundary_037 soc=0.7994 fc=60
progress step=83900 round=7/40 episode=17/30 sample=zero_boundary_037 soc=0.7994 fc=10
progress step=83950 round=7/40 episode=17/30 sample=zero_boundary_037 soc=0.7988 fc=0
progress step=84000 round=7/40 episode=17/30 sample=zero_boundary_037 soc=0.7996 fc=10
progress step=84050 round=7/40 episode=17/30 sample=zero_boundary_037 soc=0.7999 fc=0
progress step=84100 round=7/40 episode=17/30 sample=zero_boundary_037 soc=0.7999 fc=0
progress step=84150 round=7/40 episode=18/30 sample=zero_boundary_038 soc=0.6744 fc=440
progress step=84200 round=7/40 episode=18/30 sample=zero_boundary_038 soc=0.6254 fc=440
progress step=84250 round=7/40 episode=18/30 sample=zero_boundary_038 soc=0.6319 fc=590
progress step=84300 round=7/40 episode=18/30 sample=zero_boundary_038 soc=0.5446 fc=320
progress step=84350 round=7/40 episode=18/30 sample=zero_boundary_038 soc=0.4293 fc=180
progress step=84400 round=7/40 episode=18/30 sample=zero_boundary_038 soc=0.3909 fc=400
progress step=84450 round=7/40 episode=18/30 sample=zero_boundary_038 soc=0.5273 fc=270
progress step=84500 round=7/40 episode=18/30 sample=zero_boundary_038 soc=0.6634 fc=140
progress step=84550 round=7/40 episode=18/30 sample=zero_boundary_038 soc=0.7991 fc=110
progress step=84600 round=7/40 episode=18/30 sample=zero_boundary_038 soc=0.7613 fc=500
progress step=84650 round=7/40 episode=18/30 sample=zero_boundary_038 soc=0.7175 fc=350
progress step=84700 round=7/40 episode=18/30 sample=zero_boundary_038 soc=0.7256 fc=500
progress step=84750 round=7/40 episode=18/30 sample=zero_boundary_038 soc=0.7353 fc=580
progress step=84800 round=7/40 episode=18/30 sample=zero_boundary_038 soc=0.7999 fc=0
progress step=84850 round=7/40 episode=19/30 sample=zero_boundary_040 soc=0.5986 fc=120
progress step=84900 round=7/40 episode=19/30 sample=zero_boundary_040 soc=0.4822 fc=260
progress step=84950 round=7/40 episode=19/30 sample=zero_boundary_040 soc=0.4242 fc=360
progress step=85000 round=7/40 episode=19/30 sample=zero_boundary_040 soc=0.4056 fc=480
progress step=85050 round=7/40 episode=19/30 sample=zero_boundary_040 soc=0.3408 fc=280
progress step=85100 round=7/40 episode=19/30 sample=zero_boundary_040 soc=0.3515 fc=180
progress step=85150 round=7/40 episode=19/30 sample=zero_boundary_040 soc=0.4899 fc=60
progress step=85200 round=7/40 episode=19/30 sample=zero_boundary_040 soc=0.3636 fc=210
progress step=85250 round=7/40 episode=19/30 sample=zero_boundary_040 soc=0.2216 fc=60
progress step=85300 round=7/40 episode=19/30 sample=zero_boundary_040 soc=0.2736 fc=570
progress step=85350 round=7/40 episode=20/30 sample=zero_boundary_041 soc=0.5622 fc=580
progress step=85400 round=7/40 episode=20/30 sample=zero_boundary_041 soc=0.4200 fc=510
progress step=85450 round=7/40 episode=21/30 sample=zero_boundary_042 soc=0.6308 fc=0
progress step=85500 round=7/40 episode=21/30 sample=zero_boundary_042 soc=0.6864 fc=270
progress step=85550 round=7/40 episode=21/30 sample=zero_boundary_042 soc=0.5364 fc=320
progress step=85600 round=7/40 episode=21/30 sample=zero_boundary_042 soc=0.3209 fc=120
progress step=85650 round=7/40 episode=21/30 sample=zero_boundary_042 soc=0.2022 fc=540
progress step=85700 round=7/40 episode=21/30 sample=zero_boundary_042 soc=0.2018 fc=510
progress step=85750 round=7/40 episode=21/30 sample=zero_boundary_042 soc=0.2438 fc=160
progress step=85800 round=7/40 episode=22/30 sample=zero_boundary_044 soc=0.6367 fc=50
progress step=85850 round=7/40 episode=22/30 sample=zero_boundary_044 soc=0.6125 fc=270
progress step=85900 round=7/40 episode=22/30 sample=zero_boundary_044 soc=0.4515 fc=450
progress step=85950 round=7/40 episode=23/30 sample=zero_boundary_045 soc=0.6404 fc=430
progress step=86000 round=7/40 episode=23/30 sample=zero_boundary_045 soc=0.6593 fc=50
progress step=86050 round=7/40 episode=23/30 sample=zero_boundary_045 soc=0.5968 fc=90
progress step=86100 round=7/40 episode=23/30 sample=zero_boundary_045 soc=0.4875 fc=210
progress step=86150 round=7/40 episode=23/30 sample=zero_boundary_045 soc=0.2453 fc=530
progress step=86200 round=7/40 episode=24/30 sample=zero_boundary_046 soc=0.5917 fc=50
progress step=86250 round=7/40 episode=24/30 sample=zero_boundary_046 soc=0.3853 fc=60
progress step=86300 round=7/40 episode=24/30 sample=zero_boundary_046 soc=0.2040 fc=190
progress step=86350 round=7/40 episode=25/30 sample=zero_boundary_048 soc=0.6089 fc=250
progress step=86400 round=7/40 episode=25/30 sample=zero_boundary_048 soc=0.4226 fc=290
progress step=86450 round=7/40 episode=25/30 sample=zero_boundary_048 soc=0.3032 fc=190
progress step=86500 round=7/40 episode=25/30 sample=zero_boundary_048 soc=0.3837 fc=150
progress step=86550 round=7/40 episode=25/30 sample=zero_boundary_048 soc=0.3068 fc=570
progress step=86600 round=7/40 episode=26/30 sample=zero_boundary_049 soc=0.6216 fc=510
progress step=86650 round=7/40 episode=26/30 sample=zero_boundary_049 soc=0.7079 fc=30
progress step=86700 round=7/40 episode=26/30 sample=zero_boundary_049 soc=0.7058 fc=440
progress step=86750 round=7/40 episode=26/30 sample=zero_boundary_049 soc=0.7288 fc=150
progress step=86800 round=7/40 episode=26/30 sample=zero_boundary_049 soc=0.7635 fc=80
progress step=86850 round=7/40 episode=26/30 sample=zero_boundary_049 soc=0.7998 fc=0
progress step=86900 round=7/40 episode=27/30 sample=zero_boundary_050 soc=0.6510 fc=340
progress step=86950 round=7/40 episode=27/30 sample=zero_boundary_050 soc=0.5128 fc=580
progress step=87000 round=7/40 episode=27/30 sample=zero_boundary_050 soc=0.3678 fc=560
progress step=87050 round=7/40 episode=27/30 sample=zero_boundary_050 soc=0.2125 fc=220
progress step=87100 round=7/40 episode=28/30 sample=zero_boundary_051 soc=0.6294 fc=460
progress step=87150 round=7/40 episode=28/30 sample=zero_boundary_051 soc=0.6673 fc=150
progress step=87200 round=7/40 episode=28/30 sample=zero_boundary_051 soc=0.7456 fc=120
progress step=87250 round=7/40 episode=29/30 sample=zero_boundary_052 soc=0.6458 fc=380
progress step=87300 round=7/40 episode=29/30 sample=zero_boundary_052 soc=0.4388 fc=410
progress step=87350 round=7/40 episode=29/30 sample=zero_boundary_052 soc=0.3186 fc=60
progress step=87400 round=7/40 episode=29/30 sample=zero_boundary_052 soc=0.3665 fc=250
progress step=87450 round=7/40 episode=30/30 sample=zero_boundary_053 soc=0.6455 fc=20
progress step=87500 round=7/40 episode=30/30 sample=zero_boundary_053 soc=0.6823 fc=570
progress step=87550 round=7/40 episode=30/30 sample=zero_boundary_053 soc=0.5576 fc=150
progress step=87600 round=7/40 episode=30/30 sample=zero_boundary_053 soc=0.5701 fc=100
progress step=87650 round=7/40 episode=30/30 sample=zero_boundary_053 soc=0.5344 fc=330
round 7/40 exploratory=20/30 greedy_train start
MONITOR round=7 exploratory=20/30 greedy_train=16/30 validation=SKIPPED cost=None updates=3311 best_round=None
round 8/40 start epsilon=0.8295
progress step=87700 round=8/40 episode=1/30 sample=zero_boundary_002 soc=0.6149 fc=380
progress step=87750 round=8/40 episode=1/30 sample=zero_boundary_002 soc=0.7171 fc=600
progress step=87800 round=8/40 episode=1/30 sample=zero_boundary_002 soc=0.4387 fc=250
progress step=87850 round=8/40 episode=1/30 sample=zero_boundary_002 soc=0.4985 fc=60
progress step=87900 round=8/40 episode=1/30 sample=zero_boundary_002 soc=0.3725 fc=470
progress step=87950 round=8/40 episode=1/30 sample=zero_boundary_002 soc=0.4094 fc=580
progress step=88000 round=8/40 episode=2/30 sample=zero_boundary_005 soc=0.6260 fc=540
progress step=88050 round=8/40 episode=2/30 sample=zero_boundary_005 soc=0.6355 fc=550
progress step=88100 round=8/40 episode=2/30 sample=zero_boundary_005 soc=0.5130 fc=230
progress step=88150 round=8/40 episode=2/30 sample=zero_boundary_005 soc=0.4688 fc=0
progress step=88200 round=8/40 episode=2/30 sample=zero_boundary_005 soc=0.3844 fc=430
progress step=88250 round=8/40 episode=2/30 sample=zero_boundary_005 soc=0.3274 fc=130
progress step=88300 round=8/40 episode=3/30 sample=zero_boundary_006 soc=0.6499 fc=550
progress step=88350 round=8/40 episode=3/30 sample=zero_boundary_006 soc=0.7958 fc=340
progress step=88400 round=8/40 episode=3/30 sample=zero_boundary_006 soc=0.7998 fc=0
progress step=88450 round=8/40 episode=3/30 sample=zero_boundary_006 soc=0.7969 fc=110
progress step=88500 round=8/40 episode=3/30 sample=zero_boundary_006 soc=0.7961 fc=290
progress step=88550 round=8/40 episode=3/30 sample=zero_boundary_006 soc=0.7991 fc=0
progress step=88600 round=8/40 episode=3/30 sample=zero_boundary_006 soc=0.7975 fc=120
progress step=88650 round=8/40 episode=4/30 sample=zero_boundary_007 soc=0.6408 fc=100
progress step=88700 round=8/40 episode=4/30 sample=zero_boundary_007 soc=0.6000 fc=330
progress step=88750 round=8/40 episode=4/30 sample=zero_boundary_007 soc=0.5922 fc=70
progress step=88800 round=8/40 episode=4/30 sample=zero_boundary_007 soc=0.6048 fc=430
progress step=88850 round=8/40 episode=4/30 sample=zero_boundary_007 soc=0.6048 fc=0
progress step=88900 round=8/40 episode=4/30 sample=zero_boundary_007 soc=0.5739 fc=240
progress step=88950 round=8/40 episode=5/30 sample=zero_boundary_008 soc=0.6639 fc=0
progress step=89000 round=8/40 episode=5/30 sample=zero_boundary_008 soc=0.2875 fc=320
progress step=89050 round=8/40 episode=6/30 sample=zero_boundary_011 soc=0.7443 fc=180
progress step=89100 round=8/40 episode=6/30 sample=zero_boundary_011 soc=0.7595 fc=430
progress step=89150 round=8/40 episode=6/30 sample=zero_boundary_011 soc=0.6524 fc=220
progress step=89200 round=8/40 episode=6/30 sample=zero_boundary_011 soc=0.5000 fc=600
progress step=89250 round=8/40 episode=6/30 sample=zero_boundary_011 soc=0.3775 fc=550
progress step=89300 round=8/40 episode=6/30 sample=zero_boundary_011 soc=0.2919 fc=210
progress step=89350 round=8/40 episode=6/30 sample=zero_boundary_011 soc=0.4976 fc=470
progress step=89400 round=8/40 episode=6/30 sample=zero_boundary_011 soc=0.6424 fc=130
progress step=89450 round=8/40 episode=6/30 sample=zero_boundary_011 soc=0.7991 fc=50
progress step=89500 round=8/40 episode=6/30 sample=zero_boundary_011 soc=0.7992 fc=260
progress step=89550 round=8/40 episode=6/30 sample=zero_boundary_011 soc=0.7949 fc=370
progress step=89600 round=8/40 episode=6/30 sample=zero_boundary_011 soc=0.7955 fc=430
progress step=89650 round=8/40 episode=6/30 sample=zero_boundary_011 soc=0.7980 fc=40
progress step=89700 round=8/40 episode=6/30 sample=zero_boundary_011 soc=0.7997 fc=120
progress step=89750 round=8/40 episode=6/30 sample=zero_boundary_011 soc=0.7994 fc=0
progress step=89800 round=8/40 episode=7/30 sample=zero_boundary_013 soc=0.7372 fc=460
progress step=89850 round=8/40 episode=7/30 sample=zero_boundary_013 soc=0.7876 fc=580
progress step=89900 round=8/40 episode=7/30 sample=zero_boundary_013 soc=0.7963 fc=10
progress step=89950 round=8/40 episode=7/30 sample=zero_boundary_013 soc=0.7923 fc=600
progress step=90000 round=8/40 episode=7/30 sample=zero_boundary_013 soc=0.7995 fc=160
progress step=90050 round=8/40 episode=7/30 sample=zero_boundary_013 soc=0.7877 fc=110
progress step=90100 round=8/40 episode=8/30 sample=zero_boundary_015 soc=0.6164 fc=40
progress step=90150 round=8/40 episode=8/30 sample=zero_boundary_015 soc=0.6910 fc=510
progress step=90200 round=8/40 episode=8/30 sample=zero_boundary_015 soc=0.7089 fc=430
progress step=90250 round=8/40 episode=9/30 sample=zero_boundary_016 soc=0.6219 fc=550
progress step=90300 round=8/40 episode=9/30 sample=zero_boundary_016 soc=0.7645 fc=310
progress step=90350 round=8/40 episode=9/30 sample=zero_boundary_016 soc=0.7330 fc=290
progress step=90400 round=8/40 episode=9/30 sample=zero_boundary_016 soc=0.5340 fc=110
progress step=90450 round=8/40 episode=9/30 sample=zero_boundary_016 soc=0.3184 fc=240
progress step=90500 round=8/40 episode=10/30 sample=zero_boundary_017 soc=0.5978 fc=550
progress step=90550 round=8/40 episode=10/30 sample=zero_boundary_017 soc=0.3384 fc=540
progress step=90600 round=8/40 episode=11/30 sample=zero_boundary_020 soc=0.6568 fc=80
progress step=90650 round=8/40 episode=11/30 sample=zero_boundary_020 soc=0.6398 fc=280
progress step=90700 round=8/40 episode=12/30 sample=zero_boundary_021 soc=0.6056 fc=460
progress step=90750 round=8/40 episode=12/30 sample=zero_boundary_021 soc=0.7436 fc=260
progress step=90800 round=8/40 episode=12/30 sample=zero_boundary_021 soc=0.7647 fc=580
progress step=90850 round=8/40 episode=12/30 sample=zero_boundary_021 soc=0.7180 fc=570
progress step=90900 round=8/40 episode=12/30 sample=zero_boundary_021 soc=0.6672 fc=260
progress step=90950 round=8/40 episode=13/30 sample=zero_boundary_022 soc=0.6453 fc=550
progress step=91000 round=8/40 episode=13/30 sample=zero_boundary_022 soc=0.6068 fc=50
progress step=91050 round=8/40 episode=13/30 sample=zero_boundary_022 soc=0.6200 fc=0
progress step=91100 round=8/40 episode=13/30 sample=zero_boundary_022 soc=0.6842 fc=60
progress step=91150 round=8/40 episode=14/30 sample=zero_boundary_029 soc=0.6832 fc=300
progress step=91200 round=8/40 episode=14/30 sample=zero_boundary_029 soc=0.6936 fc=510
progress step=91250 round=8/40 episode=14/30 sample=zero_boundary_029 soc=0.6347 fc=530
progress step=91300 round=8/40 episode=14/30 sample=zero_boundary_029 soc=0.6114 fc=550
progress step=91350 round=8/40 episode=14/30 sample=zero_boundary_029 soc=0.6879 fc=570
progress step=91400 round=8/40 episode=14/30 sample=zero_boundary_029 soc=0.7782 fc=190
progress step=91450 round=8/40 episode=14/30 sample=zero_boundary_029 soc=0.7984 fc=50
progress step=91500 round=8/40 episode=14/30 sample=zero_boundary_029 soc=0.7999 fc=0
progress step=91550 round=8/40 episode=14/30 sample=zero_boundary_029 soc=0.7999 fc=0
progress step=91600 round=8/40 episode=14/30 sample=zero_boundary_029 soc=0.7999 fc=0
progress step=91650 round=8/40 episode=14/30 sample=zero_boundary_029 soc=0.7999 fc=0
progress step=91700 round=8/40 episode=14/30 sample=zero_boundary_029 soc=0.7999 fc=0
progress step=91750 round=8/40 episode=14/30 sample=zero_boundary_029 soc=0.7999 fc=0
progress step=91800 round=8/40 episode=14/30 sample=zero_boundary_029 soc=0.7999 fc=0
progress step=91850 round=8/40 episode=14/30 sample=zero_boundary_029 soc=0.7999 fc=0
progress step=91900 round=8/40 episode=14/30 sample=zero_boundary_029 soc=0.7999 fc=0
progress step=91950 round=8/40 episode=14/30 sample=zero_boundary_029 soc=0.7999 fc=0
progress step=92000 round=8/40 episode=14/30 sample=zero_boundary_029 soc=0.7979 fc=70
progress step=92050 round=8/40 episode=14/30 sample=zero_boundary_029 soc=0.7898 fc=330
progress step=92100 round=8/40 episode=14/30 sample=zero_boundary_029 soc=0.7967 fc=310
progress step=92150 round=8/40 episode=14/30 sample=zero_boundary_029 soc=0.7679 fc=250
progress step=92200 round=8/40 episode=15/30 sample=zero_boundary_033 soc=0.6591 fc=580
progress step=92250 round=8/40 episode=15/30 sample=zero_boundary_033 soc=0.7397 fc=570
progress step=92300 round=8/40 episode=15/30 sample=zero_boundary_033 soc=0.7178 fc=580
progress step=92350 round=8/40 episode=15/30 sample=zero_boundary_033 soc=0.6926 fc=0
progress step=92400 round=8/40 episode=15/30 sample=zero_boundary_033 soc=0.6685 fc=50
progress step=92450 round=8/40 episode=15/30 sample=zero_boundary_033 soc=0.5990 fc=290
progress step=92500 round=8/40 episode=15/30 sample=zero_boundary_033 soc=0.5132 fc=170
progress step=92550 round=8/40 episode=15/30 sample=zero_boundary_033 soc=0.6974 fc=390
progress step=92600 round=8/40 episode=15/30 sample=zero_boundary_033 soc=0.7999 fc=0
progress step=92650 round=8/40 episode=15/30 sample=zero_boundary_033 soc=0.7999 fc=0
progress step=92700 round=8/40 episode=15/30 sample=zero_boundary_033 soc=0.7999 fc=0
progress step=92750 round=8/40 episode=15/30 sample=zero_boundary_033 soc=0.7999 fc=0
progress step=92800 round=8/40 episode=15/30 sample=zero_boundary_033 soc=0.7999 fc=0
progress step=92850 round=8/40 episode=15/30 sample=zero_boundary_033 soc=0.8000 fc=0
progress step=92900 round=8/40 episode=15/30 sample=zero_boundary_033 soc=0.8000 fc=0
progress step=92950 round=8/40 episode=15/30 sample=zero_boundary_033 soc=0.7995 fc=0
progress step=93000 round=8/40 episode=15/30 sample=zero_boundary_033 soc=0.7999 fc=30
progress step=93050 round=8/40 episode=15/30 sample=zero_boundary_033 soc=0.7993 fc=70
progress step=93100 round=8/40 episode=15/30 sample=zero_boundary_033 soc=0.7995 fc=60
progress step=93150 round=8/40 episode=15/30 sample=zero_boundary_033 soc=0.8000 fc=0
progress step=93200 round=8/40 episode=16/30 sample=zero_boundary_034 soc=0.7936 fc=270
progress step=93250 round=8/40 episode=16/30 sample=zero_boundary_034 soc=0.8000 fc=0
progress step=93300 round=8/40 episode=16/30 sample=zero_boundary_034 soc=0.8000 fc=0
progress step=93350 round=8/40 episode=16/30 sample=zero_boundary_034 soc=0.8000 fc=0
progress step=93400 round=8/40 episode=16/30 sample=zero_boundary_034 soc=0.8000 fc=0
progress step=93450 round=8/40 episode=16/30 sample=zero_boundary_034 soc=0.8000 fc=0
progress step=93500 round=8/40 episode=16/30 sample=zero_boundary_034 soc=0.8000 fc=0
progress step=93550 round=8/40 episode=16/30 sample=zero_boundary_034 soc=0.8000 fc=0
progress step=93600 round=8/40 episode=16/30 sample=zero_boundary_034 soc=0.8000 fc=0
progress step=93650 round=8/40 episode=16/30 sample=zero_boundary_034 soc=0.8000 fc=0
progress step=93700 round=8/40 episode=16/30 sample=zero_boundary_034 soc=0.8000 fc=0
progress step=93750 round=8/40 episode=16/30 sample=zero_boundary_034 soc=0.8000 fc=0
progress step=93800 round=8/40 episode=16/30 sample=zero_boundary_034 soc=0.8000 fc=0
progress step=93850 round=8/40 episode=16/30 sample=zero_boundary_034 soc=0.8000 fc=0
progress step=93900 round=8/40 episode=16/30 sample=zero_boundary_034 soc=0.8000 fc=0
progress step=93950 round=8/40 episode=16/30 sample=zero_boundary_034 soc=0.8000 fc=0
progress step=94000 round=8/40 episode=16/30 sample=zero_boundary_034 soc=0.8000 fc=0
progress step=94050 round=8/40 episode=16/30 sample=zero_boundary_034 soc=0.7986 fc=40
progress step=94100 round=8/40 episode=16/30 sample=zero_boundary_034 soc=0.7998 fc=80
progress step=94150 round=8/40 episode=16/30 sample=zero_boundary_034 soc=0.7986 fc=80
progress step=94200 round=8/40 episode=16/30 sample=zero_boundary_034 soc=0.7968 fc=0
progress step=94250 round=8/40 episode=16/30 sample=zero_boundary_034 soc=0.7989 fc=150
progress step=94300 round=8/40 episode=16/30 sample=zero_boundary_034 soc=0.8000 fc=0
progress step=94350 round=8/40 episode=16/30 sample=zero_boundary_034 soc=0.7999 fc=0
progress step=94400 round=8/40 episode=16/30 sample=zero_boundary_034 soc=0.7999 fc=0
progress step=94450 round=8/40 episode=16/30 sample=zero_boundary_034 soc=0.7999 fc=0
progress step=94500 round=8/40 episode=16/30 sample=zero_boundary_034 soc=0.7999 fc=0
progress step=94550 round=8/40 episode=16/30 sample=zero_boundary_034 soc=0.7999 fc=0
progress step=94600 round=8/40 episode=16/30 sample=zero_boundary_034 soc=0.7999 fc=0
progress step=94650 round=8/40 episode=16/30 sample=zero_boundary_034 soc=0.7999 fc=0
progress step=94700 round=8/40 episode=16/30 sample=zero_boundary_034 soc=0.7999 fc=0
progress step=94750 round=8/40 episode=16/30 sample=zero_boundary_034 soc=0.7999 fc=0
progress step=94800 round=8/40 episode=17/30 sample=zero_boundary_037 soc=0.6230 fc=0
progress step=94850 round=8/40 episode=17/30 sample=zero_boundary_037 soc=0.6795 fc=570
progress step=94900 round=8/40 episode=17/30 sample=zero_boundary_037 soc=0.7135 fc=560
progress step=94950 round=8/40 episode=17/30 sample=zero_boundary_037 soc=0.7679 fc=110
progress step=95000 round=8/40 episode=17/30 sample=zero_boundary_037 soc=0.7966 fc=410
progress step=95050 round=8/40 episode=17/30 sample=zero_boundary_037 soc=0.7789 fc=230
progress step=95100 round=8/40 episode=17/30 sample=zero_boundary_037 soc=0.6872 fc=580
progress step=95150 round=8/40 episode=17/30 sample=zero_boundary_037 soc=0.6219 fc=370
progress step=95200 round=8/40 episode=17/30 sample=zero_boundary_037 soc=0.7772 fc=450
progress step=95250 round=8/40 episode=17/30 sample=zero_boundary_037 soc=0.7989 fc=150
progress step=95300 round=8/40 episode=17/30 sample=zero_boundary_037 soc=0.7997 fc=70
progress step=95350 round=8/40 episode=17/30 sample=zero_boundary_037 soc=0.7994 fc=60
progress step=95400 round=8/40 episode=17/30 sample=zero_boundary_037 soc=0.8000 fc=20
progress step=95450 round=8/40 episode=17/30 sample=zero_boundary_037 soc=0.8000 fc=0
progress step=95500 round=8/40 episode=17/30 sample=zero_boundary_037 soc=0.7991 fc=140
progress step=95550 round=8/40 episode=17/30 sample=zero_boundary_037 soc=0.7999 fc=0
progress step=95600 round=8/40 episode=17/30 sample=zero_boundary_037 soc=0.7989 fc=100
progress step=95650 round=8/40 episode=17/30 sample=zero_boundary_037 soc=0.7993 fc=80
progress step=95700 round=8/40 episode=17/30 sample=zero_boundary_037 soc=0.7993 fc=70
progress step=95750 round=8/40 episode=17/30 sample=zero_boundary_037 soc=0.7990 fc=110
progress step=95800 round=8/40 episode=17/30 sample=zero_boundary_037 soc=0.8000 fc=0
progress step=95850 round=8/40 episode=17/30 sample=zero_boundary_037 soc=0.8000 fc=0
progress step=95900 round=8/40 episode=17/30 sample=zero_boundary_037 soc=0.8000 fc=0
progress step=95950 round=8/40 episode=17/30 sample=zero_boundary_037 soc=0.7994 fc=50
progress step=96000 round=8/40 episode=17/30 sample=zero_boundary_037 soc=0.7998 fc=0
progress step=96050 round=8/40 episode=17/30 sample=zero_boundary_037 soc=0.7990 fc=40
progress step=96100 round=8/40 episode=17/30 sample=zero_boundary_037 soc=0.7990 fc=0
progress step=96150 round=8/40 episode=17/30 sample=zero_boundary_037 soc=0.7996 fc=0
progress step=96200 round=8/40 episode=17/30 sample=zero_boundary_037 soc=0.7994 fc=20
progress step=96250 round=8/40 episode=17/30 sample=zero_boundary_037 soc=0.7995 fc=50
progress step=96300 round=8/40 episode=17/30 sample=zero_boundary_037 soc=0.7998 fc=20
progress step=96350 round=8/40 episode=17/30 sample=zero_boundary_037 soc=0.7999 fc=0
progress step=96400 round=8/40 episode=17/30 sample=zero_boundary_037 soc=0.7995 fc=0
progress step=96450 round=8/40 episode=17/30 sample=zero_boundary_037 soc=0.7999 fc=20
progress step=96500 round=8/40 episode=17/30 sample=zero_boundary_037 soc=0.7983 fc=20
progress step=96550 round=8/40 episode=17/30 sample=zero_boundary_037 soc=0.7999 fc=0
progress step=96600 round=8/40 episode=17/30 sample=zero_boundary_037 soc=0.7990 fc=20
progress step=96650 round=8/40 episode=17/30 sample=zero_boundary_037 soc=0.8000 fc=0
progress step=96700 round=8/40 episode=18/30 sample=zero_boundary_038 soc=0.6327 fc=510
progress step=96750 round=8/40 episode=18/30 sample=zero_boundary_038 soc=0.6277 fc=440
progress step=96800 round=8/40 episode=18/30 sample=zero_boundary_038 soc=0.6412 fc=410
progress step=96850 round=8/40 episode=18/30 sample=zero_boundary_038 soc=0.6068 fc=420
progress step=96900 round=8/40 episode=18/30 sample=zero_boundary_038 soc=0.4836 fc=0
progress step=96950 round=8/40 episode=18/30 sample=zero_boundary_038 soc=0.3396 fc=270
progress step=97000 round=8/40 episode=18/30 sample=zero_boundary_038 soc=0.4205 fc=0
progress step=97050 round=8/40 episode=18/30 sample=zero_boundary_038 soc=0.5612 fc=260
progress step=97100 round=8/40 episode=18/30 sample=zero_boundary_038 soc=0.7128 fc=410
progress step=97150 round=8/40 episode=18/30 sample=zero_boundary_038 soc=0.7991 fc=210
progress step=97200 round=8/40 episode=18/30 sample=zero_boundary_038 soc=0.7905 fc=220
progress step=97250 round=8/40 episode=18/30 sample=zero_boundary_038 soc=0.7668 fc=580
progress step=97300 round=8/40 episode=18/30 sample=zero_boundary_038 soc=0.7530 fc=580
progress step=97350 round=8/40 episode=18/30 sample=zero_boundary_038 soc=0.7995 fc=60
progress step=97400 round=8/40 episode=19/30 sample=zero_boundary_040 soc=0.6178 fc=580
progress step=97450 round=8/40 episode=19/30 sample=zero_boundary_040 soc=0.6367 fc=580
progress step=97500 round=8/40 episode=19/30 sample=zero_boundary_040 soc=0.5354 fc=360
progress step=97550 round=8/40 episode=19/30 sample=zero_boundary_040 soc=0.4707 fc=510
progress step=97600 round=8/40 episode=19/30 sample=zero_boundary_040 soc=0.4843 fc=450
progress step=97650 round=8/40 episode=19/30 sample=zero_boundary_040 soc=0.3803 fc=300
progress step=97700 round=8/40 episode=19/30 sample=zero_boundary_040 soc=0.4389 fc=30
progress step=97750 round=8/40 episode=19/30 sample=zero_boundary_040 soc=0.5154 fc=170
progress step=97800 round=8/40 episode=19/30 sample=zero_boundary_040 soc=0.4360 fc=140
progress step=97850 round=8/40 episode=19/30 sample=zero_boundary_040 soc=0.2982 fc=70
progress step=97900 round=8/40 episode=20/30 sample=zero_boundary_041 soc=0.6297 fc=590
progress step=97950 round=8/40 episode=20/30 sample=zero_boundary_041 soc=0.5795 fc=390
progress step=98000 round=8/40 episode=20/30 sample=zero_boundary_041 soc=0.4368 fc=240
progress step=98050 round=8/40 episode=21/30 sample=zero_boundary_042 soc=0.6407 fc=30
progress step=98100 round=8/40 episode=21/30 sample=zero_boundary_042 soc=0.6274 fc=50
progress step=98150 round=8/40 episode=21/30 sample=zero_boundary_042 soc=0.4876 fc=550
progress step=98200 round=8/40 episode=21/30 sample=zero_boundary_042 soc=0.2838 fc=40
progress step=98250 round=8/40 episode=21/30 sample=zero_boundary_042 soc=0.2007 fc=530
progress step=98300 round=8/40 episode=21/30 sample=zero_boundary_042 soc=0.2010 fc=540
progress step=98350 round=8/40 episode=21/30 sample=zero_boundary_042 soc=0.2367 fc=230
progress step=98400 round=8/40 episode=22/30 sample=zero_boundary_044 soc=0.6303 fc=550
progress step=98450 round=8/40 episode=22/30 sample=zero_boundary_044 soc=0.6239 fc=510
progress step=98500 round=8/40 episode=22/30 sample=zero_boundary_044 soc=0.4655 fc=590
progress step=98550 round=8/40 episode=22/30 sample=zero_boundary_044 soc=0.2265 fc=530
progress step=98600 round=8/40 episode=23/30 sample=zero_boundary_045 soc=0.6612 fc=80
progress step=98650 round=8/40 episode=23/30 sample=zero_boundary_045 soc=0.6359 fc=480
progress step=98700 round=8/40 episode=23/30 sample=zero_boundary_045 soc=0.5701 fc=300
progress step=98750 round=8/40 episode=23/30 sample=zero_boundary_045 soc=0.3828 fc=600
progress step=98800 round=8/40 episode=23/30 sample=zero_boundary_045 soc=0.2222 fc=590
progress step=98850 round=8/40 episode=23/30 sample=zero_boundary_045 soc=0.2008 fc=570
progress step=98900 round=8/40 episode=24/30 sample=zero_boundary_046 soc=0.5734 fc=40
progress step=98950 round=8/40 episode=24/30 sample=zero_boundary_046 soc=0.4161 fc=90
progress step=99000 round=8/40 episode=24/30 sample=zero_boundary_046 soc=0.2074 fc=20
progress step=99050 round=8/40 episode=25/30 sample=zero_boundary_048 soc=0.6187 fc=100
progress step=99100 round=8/40 episode=25/30 sample=zero_boundary_048 soc=0.4360 fc=330
progress step=99150 round=8/40 episode=25/30 sample=zero_boundary_048 soc=0.3091 fc=30
progress step=99200 round=8/40 episode=25/30 sample=zero_boundary_048 soc=0.3813 fc=160
progress step=99250 round=8/40 episode=25/30 sample=zero_boundary_048 soc=0.3610 fc=480
progress step=99300 round=8/40 episode=26/30 sample=zero_boundary_049 soc=0.6262 fc=140
progress step=99350 round=8/40 episode=26/30 sample=zero_boundary_049 soc=0.6726 fc=330
progress step=99400 round=8/40 episode=26/30 sample=zero_boundary_049 soc=0.7055 fc=200
progress step=99450 round=8/40 episode=26/30 sample=zero_boundary_049 soc=0.7331 fc=530
progress step=99500 round=8/40 episode=26/30 sample=zero_boundary_049 soc=0.7602 fc=470
progress step=99550 round=8/40 episode=26/30 sample=zero_boundary_049 soc=0.7996 fc=40
progress step=99600 round=8/40 episode=27/30 sample=zero_boundary_050 soc=0.6898 fc=600
progress step=99650 round=8/40 episode=27/30 sample=zero_boundary_050 soc=0.6005 fc=430
progress step=99700 round=8/40 episode=27/30 sample=zero_boundary_050 soc=0.4628 fc=340
progress step=99750 round=8/40 episode=27/30 sample=zero_boundary_050 soc=0.3282 fc=360
progress step=99800 round=8/40 episode=28/30 sample=zero_boundary_051 soc=0.6204 fc=0
progress step=99850 round=8/40 episode=28/30 sample=zero_boundary_051 soc=0.6423 fc=140
progress step=99900 round=8/40 episode=28/30 sample=zero_boundary_051 soc=0.7017 fc=0
progress step=99950 round=8/40 episode=29/30 sample=zero_boundary_052 soc=0.6567 fc=430
progress step=100000 round=8/40 episode=29/30 sample=zero_boundary_052 soc=0.4454 fc=90
progress step=100050 round=8/40 episode=29/30 sample=zero_boundary_052 soc=0.2644 fc=430
progress step=100100 round=8/40 episode=29/30 sample=zero_boundary_052 soc=0.2962 fc=40
progress step=100150 round=8/40 episode=29/30 sample=zero_boundary_052 soc=0.4185 fc=360
progress step=100200 round=8/40 episode=30/30 sample=zero_boundary_053 soc=0.6812 fc=190
progress step=100250 round=8/40 episode=30/30 sample=zero_boundary_053 soc=0.5923 fc=330
progress step=100300 round=8/40 episode=30/30 sample=zero_boundary_053 soc=0.5546 fc=260
progress step=100350 round=8/40 episode=30/30 sample=zero_boundary_053 soc=0.5757 fc=480
progress step=100400 round=8/40 episode=30/30 sample=zero_boundary_053 soc=0.6656 fc=90
round 8/40 exploratory=20/30 greedy_train start
MONITOR round=8 exploratory=20/30 greedy_train=18/30 validation=SKIPPED cost=None updates=3708 best_round=None
round 9/40 start epsilon=0.8051
progress step=100450 round=9/40 episode=1/30 sample=zero_boundary_002 soc=0.7209 fc=350
progress step=100500 round=9/40 episode=1/30 sample=zero_boundary_002 soc=0.5099 fc=140
progress step=100550 round=9/40 episode=1/30 sample=zero_boundary_002 soc=0.3059 fc=470
progress step=100600 round=9/40 episode=1/30 sample=zero_boundary_002 soc=0.4522 fc=220
progress step=100650 round=9/40 episode=1/30 sample=zero_boundary_002 soc=0.4432 fc=100
progress step=100700 round=9/40 episode=1/30 sample=zero_boundary_002 soc=0.5060 fc=120
progress step=100750 round=9/40 episode=2/30 sample=zero_boundary_005 soc=0.6418 fc=290
progress step=100800 round=9/40 episode=2/30 sample=zero_boundary_005 soc=0.5295 fc=340
progress step=100850 round=9/40 episode=2/30 sample=zero_boundary_005 soc=0.5024 fc=80
progress step=100900 round=9/40 episode=2/30 sample=zero_boundary_005 soc=0.4452 fc=600
progress step=100950 round=9/40 episode=2/30 sample=zero_boundary_005 soc=0.3149 fc=210
progress step=101000 round=9/40 episode=2/30 sample=zero_boundary_005 soc=0.3489 fc=550
progress step=101050 round=9/40 episode=3/30 sample=zero_boundary_006 soc=0.7157 fc=580
progress step=101100 round=9/40 episode=3/30 sample=zero_boundary_006 soc=0.7991 fc=220
progress step=101150 round=9/40 episode=3/30 sample=zero_boundary_006 soc=0.7985 fc=20
progress step=101200 round=9/40 episode=3/30 sample=zero_boundary_006 soc=0.7986 fc=140
progress step=101250 round=9/40 episode=3/30 sample=zero_boundary_006 soc=0.7905 fc=120
progress step=101300 round=9/40 episode=3/30 sample=zero_boundary_006 soc=0.7991 fc=190
progress step=101350 round=9/40 episode=3/30 sample=zero_boundary_006 soc=0.7993 fc=80
progress step=101400 round=9/40 episode=4/30 sample=zero_boundary_007 soc=0.6235 fc=270
progress step=101450 round=9/40 episode=4/30 sample=zero_boundary_007 soc=0.5633 fc=0
progress step=101500 round=9/40 episode=4/30 sample=zero_boundary_007 soc=0.5740 fc=430
progress step=101550 round=9/40 episode=4/30 sample=zero_boundary_007 soc=0.6540 fc=480
progress step=101600 round=9/40 episode=4/30 sample=zero_boundary_007 soc=0.6341 fc=270
progress step=101650 round=9/40 episode=5/30 sample=zero_boundary_008 soc=0.6291 fc=60
progress step=101700 round=9/40 episode=5/30 sample=zero_boundary_008 soc=0.4498 fc=200
progress step=101750 round=9/40 episode=6/30 sample=zero_boundary_011 soc=0.6664 fc=270
progress step=101800 round=9/40 episode=6/30 sample=zero_boundary_011 soc=0.7959 fc=510
progress step=101850 round=9/40 episode=6/30 sample=zero_boundary_011 soc=0.7064 fc=220
progress step=101900 round=9/40 episode=6/30 sample=zero_boundary_011 soc=0.5942 fc=560
progress step=101950 round=9/40 episode=6/30 sample=zero_boundary_011 soc=0.4922 fc=80
progress step=102000 round=9/40 episode=6/30 sample=zero_boundary_011 soc=0.3599 fc=10
progress step=102050 round=9/40 episode=6/30 sample=zero_boundary_011 soc=0.4486 fc=0
progress step=102100 round=9/40 episode=6/30 sample=zero_boundary_011 soc=0.5820 fc=10
progress step=102150 round=9/40 episode=6/30 sample=zero_boundary_011 soc=0.7580 fc=0
progress step=102200 round=9/40 episode=6/30 sample=zero_boundary_011 soc=0.7994 fc=30
progress step=102250 round=9/40 episode=6/30 sample=zero_boundary_011 soc=0.7977 fc=190
progress step=102300 round=9/40 episode=6/30 sample=zero_boundary_011 soc=0.7687 fc=200
progress step=102350 round=9/40 episode=6/30 sample=zero_boundary_011 soc=0.7959 fc=120
progress step=102400 round=9/40 episode=6/30 sample=zero_boundary_011 soc=0.7854 fc=90
progress step=102450 round=9/40 episode=6/30 sample=zero_boundary_011 soc=0.7563 fc=570
progress step=102500 round=9/40 episode=7/30 sample=zero_boundary_013 soc=0.6775 fc=240
progress step=102550 round=9/40 episode=7/30 sample=zero_boundary_013 soc=0.7693 fc=200
progress step=102600 round=9/40 episode=7/30 sample=zero_boundary_013 soc=0.7518 fc=480
progress step=102650 round=9/40 episode=7/30 sample=zero_boundary_013 soc=0.7220 fc=0
progress step=102700 round=9/40 episode=7/30 sample=zero_boundary_013 soc=0.7989 fc=310
progress step=102750 round=9/40 episode=7/30 sample=zero_boundary_013 soc=0.7993 fc=310
progress step=102800 round=9/40 episode=7/30 sample=zero_boundary_013 soc=0.7988 fc=0
progress step=102850 round=9/40 episode=8/30 sample=zero_boundary_015 soc=0.6550 fc=90
progress step=102900 round=9/40 episode=8/30 sample=zero_boundary_015 soc=0.5831 fc=0
progress step=102950 round=9/40 episode=8/30 sample=zero_boundary_015 soc=0.3024 fc=140
progress step=103000 round=9/40 episode=9/30 sample=zero_boundary_016 soc=0.7553 fc=350
progress step=103050 round=9/40 episode=9/30 sample=zero_boundary_016 soc=0.7356 fc=600
progress step=103100 round=9/40 episode=9/30 sample=zero_boundary_016 soc=0.5631 fc=240
progress step=103150 round=9/40 episode=9/30 sample=zero_boundary_016 soc=0.3571 fc=480
progress step=103200 round=9/40 episode=10/30 sample=zero_boundary_017 soc=0.6210 fc=270
progress step=103250 round=9/40 episode=10/30 sample=zero_boundary_017 soc=0.4464 fc=240
progress step=103300 round=9/40 episode=11/30 sample=zero_boundary_020 soc=0.6000 fc=200
progress step=103350 round=9/40 episode=11/30 sample=zero_boundary_020 soc=0.6920 fc=600
progress step=103400 round=9/40 episode=11/30 sample=zero_boundary_020 soc=0.7485 fc=50
progress step=103450 round=9/40 episode=12/30 sample=zero_boundary_021 soc=0.6999 fc=460
progress step=103500 round=9/40 episode=12/30 sample=zero_boundary_021 soc=0.7998 fc=120
progress step=103550 round=9/40 episode=12/30 sample=zero_boundary_021 soc=0.7314 fc=390
progress step=103600 round=9/40 episode=12/30 sample=zero_boundary_021 soc=0.6575 fc=590
progress step=103650 round=9/40 episode=12/30 sample=zero_boundary_021 soc=0.6932 fc=50
progress step=103700 round=9/40 episode=13/30 sample=zero_boundary_022 soc=0.6310 fc=260
progress step=103750 round=9/40 episode=13/30 sample=zero_boundary_022 soc=0.6096 fc=420
progress step=103800 round=9/40 episode=13/30 sample=zero_boundary_022 soc=0.6789 fc=590
progress step=103850 round=9/40 episode=14/30 sample=zero_boundary_029 soc=0.6352 fc=480
progress step=103900 round=9/40 episode=14/30 sample=zero_boundary_029 soc=0.6830 fc=510
progress step=103950 round=9/40 episode=14/30 sample=zero_boundary_029 soc=0.6439 fc=100
progress step=104000 round=9/40 episode=14/30 sample=zero_boundary_029 soc=0.6232 fc=480
progress step=104050 round=9/40 episode=14/30 sample=zero_boundary_029 soc=0.7091 fc=480
progress step=104100 round=9/40 episode=14/30 sample=zero_boundary_029 soc=0.7865 fc=550
progress step=104150 round=9/40 episode=14/30 sample=zero_boundary_029 soc=0.7980 fc=230
progress step=104200 round=9/40 episode=14/30 sample=zero_boundary_029 soc=0.7999 fc=0
progress step=104250 round=9/40 episode=14/30 sample=zero_boundary_029 soc=0.7999 fc=0
progress step=104300 round=9/40 episode=14/30 sample=zero_boundary_029 soc=0.7999 fc=0
progress step=104350 round=9/40 episode=14/30 sample=zero_boundary_029 soc=0.7999 fc=0
progress step=104400 round=9/40 episode=14/30 sample=zero_boundary_029 soc=0.7999 fc=0
progress step=104450 round=9/40 episode=14/30 sample=zero_boundary_029 soc=0.7999 fc=0
progress step=104500 round=9/40 episode=14/30 sample=zero_boundary_029 soc=0.7999 fc=0
progress step=104550 round=9/40 episode=14/30 sample=zero_boundary_029 soc=0.7999 fc=0
progress step=104600 round=9/40 episode=14/30 sample=zero_boundary_029 soc=0.7999 fc=0
progress step=104650 round=9/40 episode=14/30 sample=zero_boundary_029 soc=0.7999 fc=0
progress step=104700 round=9/40 episode=14/30 sample=zero_boundary_029 soc=0.7999 fc=0
progress step=104750 round=9/40 episode=14/30 sample=zero_boundary_029 soc=0.7999 fc=150
progress step=104800 round=9/40 episode=14/30 sample=zero_boundary_029 soc=0.7992 fc=230
progress step=104850 round=9/40 episode=14/30 sample=zero_boundary_029 soc=0.7899 fc=120
progress step=104900 round=9/40 episode=15/30 sample=zero_boundary_033 soc=0.6143 fc=590
progress step=104950 round=9/40 episode=15/30 sample=zero_boundary_033 soc=0.7384 fc=420
progress step=105000 round=9/40 episode=15/30 sample=zero_boundary_033 soc=0.7486 fc=580
progress step=105050 round=9/40 episode=15/30 sample=zero_boundary_033 soc=0.6988 fc=570
progress step=105100 round=9/40 episode=15/30 sample=zero_boundary_033 soc=0.6514 fc=560
progress step=105150 round=9/40 episode=15/30 sample=zero_boundary_033 soc=0.7154 fc=580
progress step=105200 round=9/40 episode=15/30 sample=zero_boundary_033 soc=0.6162 fc=580
progress step=105250 round=9/40 episode=15/30 sample=zero_boundary_033 soc=0.6872 fc=160
progress step=105300 round=9/40 episode=15/30 sample=zero_boundary_033 soc=0.7999 fc=0
progress step=105350 round=9/40 episode=15/30 sample=zero_boundary_033 soc=0.7999 fc=0
progress step=105400 round=9/40 episode=15/30 sample=zero_boundary_033 soc=0.7999 fc=0
progress step=105450 round=9/40 episode=15/30 sample=zero_boundary_033 soc=0.8000 fc=0
progress step=105500 round=9/40 episode=15/30 sample=zero_boundary_033 soc=0.8000 fc=0
progress step=105550 round=9/40 episode=15/30 sample=zero_boundary_033 soc=0.8000 fc=0
progress step=105600 round=9/40 episode=15/30 sample=zero_boundary_033 soc=0.8000 fc=0
progress step=105650 round=9/40 episode=15/30 sample=zero_boundary_033 soc=0.8000 fc=0
progress step=105700 round=9/40 episode=15/30 sample=zero_boundary_033 soc=0.7999 fc=30
progress step=105750 round=9/40 episode=15/30 sample=zero_boundary_033 soc=0.7996 fc=0
progress step=105800 round=9/40 episode=15/30 sample=zero_boundary_033 soc=0.7983 fc=0
progress step=105850 round=9/40 episode=15/30 sample=zero_boundary_033 soc=0.7984 fc=50
progress step=105900 round=9/40 episode=16/30 sample=zero_boundary_034 soc=0.7238 fc=30
progress step=105950 round=9/40 episode=16/30 sample=zero_boundary_034 soc=0.7999 fc=0
progress step=106000 round=9/40 episode=16/30 sample=zero_boundary_034 soc=0.7999 fc=0
progress step=106050 round=9/40 episode=16/30 sample=zero_boundary_034 soc=0.7999 fc=0
progress step=106100 round=9/40 episode=16/30 sample=zero_boundary_034 soc=0.7999 fc=0
progress step=106150 round=9/40 episode=16/30 sample=zero_boundary_034 soc=0.7999 fc=0
progress step=106200 round=9/40 episode=16/30 sample=zero_boundary_034 soc=0.7999 fc=0
progress step=106250 round=9/40 episode=16/30 sample=zero_boundary_034 soc=0.7999 fc=0
progress step=106300 round=9/40 episode=16/30 sample=zero_boundary_034 soc=0.7999 fc=0
progress step=106350 round=9/40 episode=16/30 sample=zero_boundary_034 soc=0.7999 fc=0
progress step=106400 round=9/40 episode=16/30 sample=zero_boundary_034 soc=0.7999 fc=0
progress step=106450 round=9/40 episode=16/30 sample=zero_boundary_034 soc=0.7999 fc=0
progress step=106500 round=9/40 episode=16/30 sample=zero_boundary_034 soc=0.7999 fc=0
progress step=106550 round=9/40 episode=16/30 sample=zero_boundary_034 soc=0.7999 fc=0
progress step=106600 round=9/40 episode=16/30 sample=zero_boundary_034 soc=0.7999 fc=0
progress step=106650 round=9/40 episode=16/30 sample=zero_boundary_034 soc=0.7999 fc=0
progress step=106700 round=9/40 episode=16/30 sample=zero_boundary_034 soc=0.7999 fc=0
progress step=106750 round=9/40 episode=16/30 sample=zero_boundary_034 soc=0.7999 fc=40
progress step=106800 round=9/40 episode=16/30 sample=zero_boundary_034 soc=0.7978 fc=160
progress step=106850 round=9/40 episode=16/30 sample=zero_boundary_034 soc=0.7997 fc=0
progress step=106900 round=9/40 episode=16/30 sample=zero_boundary_034 soc=0.7968 fc=330
progress step=106950 round=9/40 episode=16/30 sample=zero_boundary_034 soc=0.7917 fc=580
progress step=107000 round=9/40 episode=16/30 sample=zero_boundary_034 soc=0.7993 fc=100
progress step=107050 round=9/40 episode=16/30 sample=zero_boundary_034 soc=0.7999 fc=0
progress step=107100 round=9/40 episode=16/30 sample=zero_boundary_034 soc=0.8000 fc=0
progress step=107150 round=9/40 episode=16/30 sample=zero_boundary_034 soc=0.8000 fc=0
progress step=107200 round=9/40 episode=16/30 sample=zero_boundary_034 soc=0.8000 fc=0
progress step=107250 round=9/40 episode=16/30 sample=zero_boundary_034 soc=0.8000 fc=0
progress step=107300 round=9/40 episode=16/30 sample=zero_boundary_034 soc=0.8000 fc=0
progress step=107350 round=9/40 episode=16/30 sample=zero_boundary_034 soc=0.8000 fc=0
progress step=107400 round=9/40 episode=16/30 sample=zero_boundary_034 soc=0.8000 fc=0
progress step=107450 round=9/40 episode=16/30 sample=zero_boundary_034 soc=0.8000 fc=0
progress step=107500 round=9/40 episode=16/30 sample=zero_boundary_034 soc=0.7995 fc=70
progress step=107550 round=9/40 episode=17/30 sample=zero_boundary_037 soc=0.7032 fc=570
progress step=107600 round=9/40 episode=17/30 sample=zero_boundary_037 soc=0.7583 fc=310
progress step=107650 round=9/40 episode=17/30 sample=zero_boundary_037 soc=0.7990 fc=130
progress step=107700 round=9/40 episode=17/30 sample=zero_boundary_037 soc=0.7997 fc=50
progress step=107750 round=9/40 episode=17/30 sample=zero_boundary_037 soc=0.7972 fc=310
progress step=107800 round=9/40 episode=17/30 sample=zero_boundary_037 soc=0.7312 fc=230
progress step=107850 round=9/40 episode=17/30 sample=zero_boundary_037 soc=0.6107 fc=0
progress step=107900 round=9/40 episode=17/30 sample=zero_boundary_037 soc=0.7295 fc=70
progress step=107950 round=9/40 episode=17/30 sample=zero_boundary_037 soc=0.7993 fc=70
progress step=108000 round=9/40 episode=17/30 sample=zero_boundary_037 soc=0.7970 fc=240
progress step=108050 round=9/40 episode=17/30 sample=zero_boundary_037 soc=0.7978 fc=190
progress step=108100 round=9/40 episode=17/30 sample=zero_boundary_037 soc=0.7981 fc=0
progress step=108150 round=9/40 episode=17/30 sample=zero_boundary_037 soc=0.7983 fc=60
progress step=108200 round=9/40 episode=17/30 sample=zero_boundary_037 soc=0.7999 fc=0
progress step=108250 round=9/40 episode=17/30 sample=zero_boundary_037 soc=0.7997 fc=0
progress step=108300 round=9/40 episode=17/30 sample=zero_boundary_037 soc=0.7998 fc=70
progress step=108350 round=9/40 episode=17/30 sample=zero_boundary_037 soc=0.7995 fc=80
progress step=108400 round=9/40 episode=17/30 sample=zero_boundary_037 soc=0.7991 fc=0
progress step=108450 round=9/40 episode=17/30 sample=zero_boundary_037 soc=0.7978 fc=120
progress step=108500 round=9/40 episode=17/30 sample=zero_boundary_037 soc=0.7985 fc=50
progress step=108550 round=9/40 episode=17/30 sample=zero_boundary_037 soc=0.7999 fc=0
progress step=108600 round=9/40 episode=17/30 sample=zero_boundary_037 soc=0.7999 fc=0
progress step=108650 round=9/40 episode=17/30 sample=zero_boundary_037 soc=0.7999 fc=20
progress step=108700 round=9/40 episode=17/30 sample=zero_boundary_037 soc=0.7995 fc=60
progress step=108750 round=9/40 episode=17/30 sample=zero_boundary_037 soc=0.7984 fc=0
progress step=108800 round=9/40 episode=17/30 sample=zero_boundary_037 soc=0.8000 fc=0
progress step=108850 round=9/40 episode=17/30 sample=zero_boundary_037 soc=0.7995 fc=50
progress step=108900 round=9/40 episode=17/30 sample=zero_boundary_037 soc=0.7991 fc=30
progress step=108950 round=9/40 episode=17/30 sample=zero_boundary_037 soc=0.7993 fc=10
progress step=109000 round=9/40 episode=17/30 sample=zero_boundary_037 soc=0.7998 fc=0
progress step=109050 round=9/40 episode=17/30 sample=zero_boundary_037 soc=0.8000 fc=0
progress step=109100 round=9/40 episode=17/30 sample=zero_boundary_037 soc=0.7995 fc=0
progress step=109150 round=9/40 episode=17/30 sample=zero_boundary_037 soc=0.7992 fc=20
progress step=109200 round=9/40 episode=17/30 sample=zero_boundary_037 soc=0.7992 fc=70
progress step=109250 round=9/40 episode=17/30 sample=zero_boundary_037 soc=0.8000 fc=30
progress step=109300 round=9/40 episode=17/30 sample=zero_boundary_037 soc=0.7993 fc=0
progress step=109350 round=9/40 episode=17/30 sample=zero_boundary_037 soc=0.7987 fc=60
progress step=109400 round=9/40 episode=17/30 sample=zero_boundary_037 soc=0.7996 fc=40
progress step=109450 round=9/40 episode=18/30 sample=zero_boundary_038 soc=0.6871 fc=330
progress step=109500 round=9/40 episode=18/30 sample=zero_boundary_038 soc=0.6745 fc=90
progress step=109550 round=9/40 episode=18/30 sample=zero_boundary_038 soc=0.6355 fc=280
progress step=109600 round=9/40 episode=18/30 sample=zero_boundary_038 soc=0.5579 fc=260
progress step=109650 round=9/40 episode=18/30 sample=zero_boundary_038 soc=0.4422 fc=160
progress step=109700 round=9/40 episode=18/30 sample=zero_boundary_038 soc=0.4054 fc=210
progress step=109750 round=9/40 episode=18/30 sample=zero_boundary_038 soc=0.5285 fc=390
progress step=109800 round=9/40 episode=18/30 sample=zero_boundary_038 soc=0.6693 fc=470
progress step=109850 round=9/40 episode=18/30 sample=zero_boundary_038 soc=0.7984 fc=110
progress step=109900 round=9/40 episode=18/30 sample=zero_boundary_038 soc=0.7613 fc=580
progress step=109950 round=9/40 episode=18/30 sample=zero_boundary_038 soc=0.7771 fc=70
progress step=110000 round=9/40 episode=18/30 sample=zero_boundary_038 soc=0.7370 fc=80
progress step=110050 round=9/40 episode=18/30 sample=zero_boundary_038 soc=0.7159 fc=90
progress step=110100 round=9/40 episode=18/30 sample=zero_boundary_038 soc=0.7990 fc=0
progress step=110150 round=9/40 episode=19/30 sample=zero_boundary_040 soc=0.6062 fc=430
progress step=110200 round=9/40 episode=19/30 sample=zero_boundary_040 soc=0.5099 fc=280
progress step=110250 round=9/40 episode=19/30 sample=zero_boundary_040 soc=0.4503 fc=280
progress step=110300 round=9/40 episode=19/30 sample=zero_boundary_040 soc=0.4061 fc=60
progress step=110350 round=9/40 episode=19/30 sample=zero_boundary_040 soc=0.3623 fc=530
progress step=110400 round=9/40 episode=19/30 sample=zero_boundary_040 soc=0.3166 fc=170
progress step=110450 round=9/40 episode=19/30 sample=zero_boundary_040 soc=0.4452 fc=520
progress step=110500 round=9/40 episode=19/30 sample=zero_boundary_040 soc=0.3849 fc=260
progress step=110550 round=9/40 episode=19/30 sample=zero_boundary_040 soc=0.2745 fc=450
progress step=110600 round=9/40 episode=19/30 sample=zero_boundary_040 soc=0.2685 fc=400
progress step=110650 round=9/40 episode=20/30 sample=zero_boundary_041 soc=0.5972 fc=470
progress step=110700 round=9/40 episode=20/30 sample=zero_boundary_041 soc=0.4954 fc=590
progress step=110750 round=9/40 episode=20/30 sample=zero_boundary_041 soc=0.2347 fc=240
progress step=110800 round=9/40 episode=21/30 sample=zero_boundary_042 soc=0.7303 fc=580
progress step=110850 round=9/40 episode=21/30 sample=zero_boundary_042 soc=0.6476 fc=570
progress step=110900 round=9/40 episode=21/30 sample=zero_boundary_042 soc=0.4612 fc=450
progress step=110950 round=9/40 episode=21/30 sample=zero_boundary_042 soc=0.2806 fc=60
progress step=111000 round=9/40 episode=21/30 sample=zero_boundary_042 soc=0.2012 fc=430
progress step=111050 round=9/40 episode=21/30 sample=zero_boundary_042 soc=0.3090 fc=430
progress step=111100 round=9/40 episode=21/30 sample=zero_boundary_042 soc=0.2003 fc=560
progress step=111150 round=9/40 episode=22/30 sample=zero_boundary_044 soc=0.5968 fc=30
progress step=111200 round=9/40 episode=22/30 sample=zero_boundary_044 soc=0.4844 fc=160
progress step=111250 round=9/40 episode=22/30 sample=zero_boundary_044 soc=0.2448 fc=10
progress step=111300 round=9/40 episode=23/30 sample=zero_boundary_045 soc=0.7102 fc=260
progress step=111350 round=9/40 episode=23/30 sample=zero_boundary_045 soc=0.6791 fc=90
progress step=111400 round=9/40 episode=23/30 sample=zero_boundary_045 soc=0.6141 fc=370
progress step=111450 round=9/40 episode=23/30 sample=zero_boundary_045 soc=0.4205 fc=430
progress step=111500 round=9/40 episode=23/30 sample=zero_boundary_045 soc=0.2977 fc=60
progress step=111550 round=9/40 episode=23/30 sample=zero_boundary_045 soc=0.2001 fc=450
progress step=111600 round=9/40 episode=24/30 sample=zero_boundary_046 soc=0.6033 fc=380
progress step=111650 round=9/40 episode=24/30 sample=zero_boundary_046 soc=0.4261 fc=20
progress step=111700 round=9/40 episode=24/30 sample=zero_boundary_046 soc=0.2353 fc=360
progress step=111750 round=9/40 episode=25/30 sample=zero_boundary_048 soc=0.6637 fc=60
progress step=111800 round=9/40 episode=25/30 sample=zero_boundary_048 soc=0.4804 fc=600
progress step=111850 round=9/40 episode=25/30 sample=zero_boundary_048 soc=0.3737 fc=60
progress step=111900 round=9/40 episode=25/30 sample=zero_boundary_048 soc=0.4529 fc=390
progress step=111950 round=9/40 episode=25/30 sample=zero_boundary_048 soc=0.3930 fc=560
progress step=112000 round=9/40 episode=26/30 sample=zero_boundary_049 soc=0.6162 fc=520
progress step=112050 round=9/40 episode=26/30 sample=zero_boundary_049 soc=0.6925 fc=520
progress step=112100 round=9/40 episode=26/30 sample=zero_boundary_049 soc=0.7282 fc=300
progress step=112150 round=9/40 episode=26/30 sample=zero_boundary_049 soc=0.7380 fc=300
progress step=112200 round=9/40 episode=26/30 sample=zero_boundary_049 soc=0.7995 fc=260
progress step=112250 round=9/40 episode=26/30 sample=zero_boundary_049 soc=0.8000 fc=10
progress step=112300 round=9/40 episode=27/30 sample=zero_boundary_050 soc=0.6593 fc=200
progress step=112350 round=9/40 episode=27/30 sample=zero_boundary_050 soc=0.5159 fc=230
progress step=112400 round=9/40 episode=27/30 sample=zero_boundary_050 soc=0.3622 fc=210
progress step=112450 round=9/40 episode=27/30 sample=zero_boundary_050 soc=0.2009 fc=560
progress step=112500 round=9/40 episode=28/30 sample=zero_boundary_051 soc=0.6494 fc=340
progress step=112550 round=9/40 episode=28/30 sample=zero_boundary_051 soc=0.6607 fc=590
progress step=112600 round=9/40 episode=28/30 sample=zero_boundary_051 soc=0.7241 fc=560
progress step=112650 round=9/40 episode=29/30 sample=zero_boundary_052 soc=0.6475 fc=580
progress step=112700 round=9/40 episode=29/30 sample=zero_boundary_052 soc=0.4119 fc=210
progress step=112750 round=9/40 episode=29/30 sample=zero_boundary_052 soc=0.3300 fc=420
progress step=112800 round=9/40 episode=29/30 sample=zero_boundary_052 soc=0.4034 fc=350
progress step=112850 round=9/40 episode=30/30 sample=zero_boundary_053 soc=0.6332 fc=190
progress step=112900 round=9/40 episode=30/30 sample=zero_boundary_053 soc=0.6646 fc=390
progress step=112950 round=9/40 episode=30/30 sample=zero_boundary_053 soc=0.5857 fc=480
progress step=113000 round=9/40 episode=30/30 sample=zero_boundary_053 soc=0.6334 fc=460
progress step=113050 round=9/40 episode=30/30 sample=zero_boundary_053 soc=0.6690 fc=0
round 9/40 exploratory=20/30 greedy_train start
MONITOR round=9 exploratory=20/30 greedy_train=22/30 validation=SKIPPED cost=None updates=4105 best_round=None
round 10/40 start epsilon=0.7808
progress step=113100 round=10/40 episode=1/30 sample=zero_boundary_002 soc=0.6187 fc=10
progress step=113150 round=10/40 episode=1/30 sample=zero_boundary_002 soc=0.6721 fc=390
progress step=113200 round=10/40 episode=1/30 sample=zero_boundary_002 soc=0.3918 fc=530
progress step=113250 round=10/40 episode=1/30 sample=zero_boundary_002 soc=0.4396 fc=70
progress step=113300 round=10/40 episode=1/30 sample=zero_boundary_002 soc=0.3201 fc=560
progress step=113350 round=10/40 episode=1/30 sample=zero_boundary_002 soc=0.3593 fc=50
progress step=113400 round=10/40 episode=2/30 sample=zero_boundary_005 soc=0.6367 fc=460
progress step=113450 round=10/40 episode=2/30 sample=zero_boundary_005 soc=0.7014 fc=490
progress step=113500 round=10/40 episode=2/30 sample=zero_boundary_005 soc=0.5941 fc=180
progress step=113550 round=10/40 episode=2/30 sample=zero_boundary_005 soc=0.5711 fc=20
progress step=113600 round=10/40 episode=2/30 sample=zero_boundary_005 soc=0.5125 fc=410
progress step=113650 round=10/40 episode=2/30 sample=zero_boundary_005 soc=0.4606 fc=140
progress step=113700 round=10/40 episode=3/30 sample=zero_boundary_006 soc=0.6354 fc=550
progress step=113750 round=10/40 episode=3/30 sample=zero_boundary_006 soc=0.7730 fc=140
progress step=113800 round=10/40 episode=3/30 sample=zero_boundary_006 soc=0.7995 fc=50
progress step=113850 round=10/40 episode=3/30 sample=zero_boundary_006 soc=0.7958 fc=450
progress step=113900 round=10/40 episode=3/30 sample=zero_boundary_006 soc=0.7985 fc=30
progress step=113950 round=10/40 episode=3/30 sample=zero_boundary_006 soc=0.7973 fc=320
progress step=114000 round=10/40 episode=3/30 sample=zero_boundary_006 soc=0.7998 fc=10
progress step=114050 round=10/40 episode=4/30 sample=zero_boundary_007 soc=0.6222 fc=350
progress step=114100 round=10/40 episode=4/30 sample=zero_boundary_007 soc=0.5986 fc=530
progress step=114150 round=10/40 episode=4/30 sample=zero_boundary_007 soc=0.5861 fc=390
progress step=114200 round=10/40 episode=4/30 sample=zero_boundary_007 soc=0.6629 fc=40
progress step=114250 round=10/40 episode=4/30 sample=zero_boundary_007 soc=0.6762 fc=90
progress step=114300 round=10/40 episode=4/30 sample=zero_boundary_007 soc=0.6992 fc=600
progress step=114350 round=10/40 episode=5/30 sample=zero_boundary_008 soc=0.6772 fc=130
progress step=114400 round=10/40 episode=5/30 sample=zero_boundary_008 soc=0.3207 fc=530
progress step=114450 round=10/40 episode=6/30 sample=zero_boundary_011 soc=0.7143 fc=280
progress step=114500 round=10/40 episode=6/30 sample=zero_boundary_011 soc=0.7693 fc=580
progress step=114550 round=10/40 episode=6/30 sample=zero_boundary_011 soc=0.6880 fc=190
progress step=114600 round=10/40 episode=6/30 sample=zero_boundary_011 soc=0.5747 fc=60
progress step=114650 round=10/40 episode=6/30 sample=zero_boundary_011 soc=0.4339 fc=450
progress step=114700 round=10/40 episode=6/30 sample=zero_boundary_011 soc=0.3412 fc=70
progress step=114750 round=10/40 episode=6/30 sample=zero_boundary_011 soc=0.5061 fc=70
progress step=114800 round=10/40 episode=6/30 sample=zero_boundary_011 soc=0.6478 fc=60
progress step=114850 round=10/40 episode=6/30 sample=zero_boundary_011 soc=0.7988 fc=50
progress step=114900 round=10/40 episode=6/30 sample=zero_boundary_011 soc=0.7993 fc=0
progress step=114950 round=10/40 episode=6/30 sample=zero_boundary_011 soc=0.7978 fc=210
progress step=115000 round=10/40 episode=6/30 sample=zero_boundary_011 soc=0.7989 fc=60
progress step=115050 round=10/40 episode=6/30 sample=zero_boundary_011 soc=0.7987 fc=120
progress step=115100 round=10/40 episode=6/30 sample=zero_boundary_011 soc=0.7970 fc=430
progress step=115150 round=10/40 episode=6/30 sample=zero_boundary_011 soc=0.7982 fc=0
progress step=115200 round=10/40 episode=7/30 sample=zero_boundary_013 soc=0.7407 fc=290
progress step=115250 round=10/40 episode=7/30 sample=zero_boundary_013 soc=0.7953 fc=540
progress step=115300 round=10/40 episode=7/30 sample=zero_boundary_013 soc=0.7997 fc=190
progress step=115350 round=10/40 episode=7/30 sample=zero_boundary_013 soc=0.7718 fc=580
progress step=115400 round=10/40 episode=7/30 sample=zero_boundary_013 soc=0.7933 fc=570
progress step=115450 round=10/40 episode=7/30 sample=zero_boundary_013 soc=0.7998 fc=220
progress step=115500 round=10/40 episode=7/30 sample=zero_boundary_013 soc=0.7992 fc=0
progress step=115550 round=10/40 episode=8/30 sample=zero_boundary_015 soc=0.6586 fc=250
progress step=115600 round=10/40 episode=8/30 sample=zero_boundary_015 soc=0.6403 fc=120
progress step=115650 round=10/40 episode=8/30 sample=zero_boundary_015 soc=0.2161 fc=210
progress step=115700 round=10/40 episode=9/30 sample=zero_boundary_016 soc=0.7845 fc=500
progress step=115750 round=10/40 episode=9/30 sample=zero_boundary_016 soc=0.7462 fc=450
progress step=115800 round=10/40 episode=9/30 sample=zero_boundary_016 soc=0.5410 fc=330
progress step=115850 round=10/40 episode=9/30 sample=zero_boundary_016 soc=0.3406 fc=530
progress step=115900 round=10/40 episode=10/30 sample=zero_boundary_017 soc=0.6052 fc=330
progress step=115950 round=10/40 episode=10/30 sample=zero_boundary_017 soc=0.4451 fc=130
progress step=116000 round=10/40 episode=10/30 sample=zero_boundary_017 soc=0.2089 fc=290
progress step=116050 round=10/40 episode=11/30 sample=zero_boundary_020 soc=0.6549 fc=520
progress step=116100 round=10/40 episode=11/30 sample=zero_boundary_020 soc=0.7106 fc=410
progress step=116150 round=10/40 episode=12/30 sample=zero_boundary_021 soc=0.7203 fc=470
progress step=116200 round=10/40 episode=12/30 sample=zero_boundary_021 soc=0.7961 fc=490
progress step=116250 round=10/40 episode=12/30 sample=zero_boundary_021 soc=0.6764 fc=90
progress step=116300 round=10/40 episode=12/30 sample=zero_boundary_021 soc=0.6142 fc=520
progress step=116350 round=10/40 episode=12/30 sample=zero_boundary_021 soc=0.6705 fc=540
progress step=116400 round=10/40 episode=13/30 sample=zero_boundary_022 soc=0.7190 fc=580
progress step=116450 round=10/40 episode=13/30 sample=zero_boundary_022 soc=0.7236 fc=460
progress step=116500 round=10/40 episode=13/30 sample=zero_boundary_022 soc=0.7995 fc=80
progress step=116550 round=10/40 episode=14/30 sample=zero_boundary_029 soc=0.6362 fc=140
progress step=116600 round=10/40 episode=14/30 sample=zero_boundary_029 soc=0.7399 fc=210
progress step=116650 round=10/40 episode=14/30 sample=zero_boundary_029 soc=0.7330 fc=180
progress step=116700 round=10/40 episode=14/30 sample=zero_boundary_029 soc=0.7599 fc=430
progress step=116750 round=10/40 episode=14/30 sample=zero_boundary_029 soc=0.7974 fc=0
progress step=116800 round=10/40 episode=14/30 sample=zero_boundary_029 soc=0.7978 fc=0
progress step=116850 round=10/40 episode=14/30 sample=zero_boundary_029 soc=0.7966 fc=510
progress step=116900 round=10/40 episode=14/30 sample=zero_boundary_029 soc=0.7999 fc=0
progress step=116950 round=10/40 episode=14/30 sample=zero_boundary_029 soc=0.7999 fc=0
progress step=117000 round=10/40 episode=14/30 sample=zero_boundary_029 soc=0.7999 fc=0
progress step=117050 round=10/40 episode=14/30 sample=zero_boundary_029 soc=0.7999 fc=0
progress step=117100 round=10/40 episode=14/30 sample=zero_boundary_029 soc=0.7999 fc=0
progress step=117150 round=10/40 episode=14/30 sample=zero_boundary_029 soc=0.7999 fc=0
progress step=117200 round=10/40 episode=14/30 sample=zero_boundary_029 soc=0.7999 fc=0
progress step=117250 round=10/40 episode=14/30 sample=zero_boundary_029 soc=0.7999 fc=0
progress step=117300 round=10/40 episode=14/30 sample=zero_boundary_029 soc=0.7999 fc=0
progress step=117350 round=10/40 episode=14/30 sample=zero_boundary_029 soc=0.7999 fc=0
progress step=117400 round=10/40 episode=14/30 sample=zero_boundary_029 soc=0.7999 fc=0
progress step=117450 round=10/40 episode=14/30 sample=zero_boundary_029 soc=0.7995 fc=240
progress step=117500 round=10/40 episode=14/30 sample=zero_boundary_029 soc=0.7993 fc=120
progress step=117550 round=10/40 episode=14/30 sample=zero_boundary_029 soc=0.7723 fc=160
progress step=117600 round=10/40 episode=15/30 sample=zero_boundary_033 soc=0.6065 fc=10
progress step=117650 round=10/40 episode=15/30 sample=zero_boundary_033 soc=0.7298 fc=350
progress step=117700 round=10/40 episode=15/30 sample=zero_boundary_033 soc=0.7554 fc=320
progress step=117750 round=10/40 episode=15/30 sample=zero_boundary_033 soc=0.7489 fc=480
progress step=117800 round=10/40 episode=15/30 sample=zero_boundary_033 soc=0.7156 fc=100
progress step=117850 round=10/40 episode=15/30 sample=zero_boundary_033 soc=0.7437 fc=390
progress step=117900 round=10/40 episode=15/30 sample=zero_boundary_033 soc=0.6513 fc=580
progress step=117950 round=10/40 episode=15/30 sample=zero_boundary_033 soc=0.7420 fc=570
progress step=118000 round=10/40 episode=15/30 sample=zero_boundary_033 soc=0.8000 fc=0
progress step=118050 round=10/40 episode=15/30 sample=zero_boundary_033 soc=0.8000 fc=0
progress step=118100 round=10/40 episode=15/30 sample=zero_boundary_033 soc=0.7999 fc=0
progress step=118150 round=10/40 episode=15/30 sample=zero_boundary_033 soc=0.7999 fc=0
progress step=118200 round=10/40 episode=15/30 sample=zero_boundary_033 soc=0.7999 fc=0
progress step=118250 round=10/40 episode=15/30 sample=zero_boundary_033 soc=0.7999 fc=0
progress step=118300 round=10/40 episode=15/30 sample=zero_boundary_033 soc=0.7999 fc=0
progress step=118350 round=10/40 episode=15/30 sample=zero_boundary_033 soc=0.7996 fc=0
progress step=118400 round=10/40 episode=15/30 sample=zero_boundary_033 soc=0.7991 fc=10
progress step=118450 round=10/40 episode=15/30 sample=zero_boundary_033 soc=0.7992 fc=40
progress step=118500 round=10/40 episode=15/30 sample=zero_boundary_033 soc=0.7997 fc=0
progress step=118550 round=10/40 episode=15/30 sample=zero_boundary_033 soc=0.7999 fc=20
progress step=118600 round=10/40 episode=16/30 sample=zero_boundary_034 soc=0.7123 fc=380
progress step=118650 round=10/40 episode=16/30 sample=zero_boundary_034 soc=0.8000 fc=0
progress step=118700 round=10/40 episode=16/30 sample=zero_boundary_034 soc=0.8000 fc=0
progress step=118750 round=10/40 episode=16/30 sample=zero_boundary_034 soc=0.8000 fc=0
progress step=118800 round=10/40 episode=16/30 sample=zero_boundary_034 soc=0.8000 fc=0
progress step=118850 round=10/40 episode=16/30 sample=zero_boundary_034 soc=0.8000 fc=0
progress step=118900 round=10/40 episode=16/30 sample=zero_boundary_034 soc=0.8000 fc=0
progress step=118950 round=10/40 episode=16/30 sample=zero_boundary_034 soc=0.8000 fc=0
progress step=119000 round=10/40 episode=16/30 sample=zero_boundary_034 soc=0.8000 fc=0
progress step=119050 round=10/40 episode=16/30 sample=zero_boundary_034 soc=0.8000 fc=0
progress step=119100 round=10/40 episode=16/30 sample=zero_boundary_034 soc=0.8000 fc=0
progress step=119150 round=10/40 episode=16/30 sample=zero_boundary_034 soc=0.8000 fc=0
progress step=119200 round=10/40 episode=16/30 sample=zero_boundary_034 soc=0.8000 fc=0
progress step=119250 round=10/40 episode=16/30 sample=zero_boundary_034 soc=0.8000 fc=0
progress step=119300 round=10/40 episode=16/30 sample=zero_boundary_034 soc=0.8000 fc=0
progress step=119350 round=10/40 episode=16/30 sample=zero_boundary_034 soc=0.8000 fc=0
progress step=119400 round=10/40 episode=16/30 sample=zero_boundary_034 soc=0.8000 fc=0
progress step=119450 round=10/40 episode=16/30 sample=zero_boundary_034 soc=0.7987 fc=90
progress step=119500 round=10/40 episode=16/30 sample=zero_boundary_034 soc=0.7944 fc=450
progress step=119550 round=10/40 episode=16/30 sample=zero_boundary_034 soc=0.7977 fc=310
progress step=119600 round=10/40 episode=16/30 sample=zero_boundary_034 soc=0.7985 fc=300
progress step=119650 round=10/40 episode=16/30 sample=zero_boundary_034 soc=0.7984 fc=440
progress step=119700 round=10/40 episode=16/30 sample=zero_boundary_034 soc=0.7994 fc=0
progress step=119750 round=10/40 episode=16/30 sample=zero_boundary_034 soc=0.7996 fc=0
progress step=119800 round=10/40 episode=16/30 sample=zero_boundary_034 soc=0.8000 fc=0
progress step=119850 round=10/40 episode=16/30 sample=zero_boundary_034 soc=0.8000 fc=0
progress step=119900 round=10/40 episode=16/30 sample=zero_boundary_034 soc=0.8000 fc=0
progress step=119950 round=10/40 episode=16/30 sample=zero_boundary_034 soc=0.8000 fc=0
progress step=120000 round=10/40 episode=16/30 sample=zero_boundary_034 soc=0.8000 fc=0
progress step=120050 round=10/40 episode=16/30 sample=zero_boundary_034 soc=0.8000 fc=0
progress step=120100 round=10/40 episode=16/30 sample=zero_boundary_034 soc=0.8000 fc=0
progress step=120150 round=10/40 episode=16/30 sample=zero_boundary_034 soc=0.8000 fc=0
progress step=120200 round=10/40 episode=16/30 sample=zero_boundary_034 soc=0.7984 fc=40
progress step=120250 round=10/40 episode=17/30 sample=zero_boundary_037 soc=0.6932 fc=300
progress step=120300 round=10/40 episode=17/30 sample=zero_boundary_037 soc=0.7444 fc=500
progress step=120350 round=10/40 episode=17/30 sample=zero_boundary_037 soc=0.7993 fc=80
progress step=120400 round=10/40 episode=17/30 sample=zero_boundary_037 soc=0.7983 fc=260
progress step=120450 round=10/40 episode=17/30 sample=zero_boundary_037 soc=0.7965 fc=50
progress step=120500 round=10/40 episode=17/30 sample=zero_boundary_037 soc=0.7569 fc=600
progress step=120550 round=10/40 episode=17/30 sample=zero_boundary_037 soc=0.6254 fc=530
progress step=120600 round=10/40 episode=17/30 sample=zero_boundary_037 soc=0.7516 fc=540
progress step=120650 round=10/40 episode=17/30 sample=zero_boundary_037 soc=0.7997 fc=40
progress step=120700 round=10/40 episode=17/30 sample=zero_boundary_037 soc=0.7991 fc=130
progress step=120750 round=10/40 episode=17/30 sample=zero_boundary_037 soc=0.7998 fc=30
progress step=120800 round=10/40 episode=17/30 sample=zero_boundary_037 soc=0.8000 fc=40
progress step=120850 round=10/40 episode=17/30 sample=zero_boundary_037 soc=0.7997 fc=80
progress step=120900 round=10/40 episode=17/30 sample=zero_boundary_037 soc=0.7994 fc=110
progress step=120950 round=10/40 episode=17/30 sample=zero_boundary_037 soc=0.7984 fc=150
progress step=121000 round=10/40 episode=17/30 sample=zero_boundary_037 soc=0.8000 fc=50
progress step=121050 round=10/40 episode=17/30 sample=zero_boundary_037 soc=0.7999 fc=60
progress step=121100 round=10/40 episode=17/30 sample=zero_boundary_037 soc=0.7985 fc=0
progress step=121150 round=10/40 episode=17/30 sample=zero_boundary_037 soc=0.7962 fc=300
progress step=121200 round=10/40 episode=17/30 sample=zero_boundary_037 soc=0.7971 fc=0
progress step=121250 round=10/40 episode=17/30 sample=zero_boundary_037 soc=0.7999 fc=0
progress step=121300 round=10/40 episode=17/30 sample=zero_boundary_037 soc=0.7999 fc=0
progress step=121350 round=10/40 episode=17/30 sample=zero_boundary_037 soc=0.7990 fc=70
progress step=121400 round=10/40 episode=17/30 sample=zero_boundary_037 soc=0.7986 fc=70
progress step=121450 round=10/40 episode=17/30 sample=zero_boundary_037 soc=0.7983 fc=0
progress step=121500 round=10/40 episode=17/30 sample=zero_boundary_037 soc=0.7993 fc=50
progress step=121550 round=10/40 episode=17/30 sample=zero_boundary_037 soc=0.7979 fc=130
progress step=121600 round=10/40 episode=17/30 sample=zero_boundary_037 soc=0.7992 fc=0
progress step=121650 round=10/40 episode=17/30 sample=zero_boundary_037 soc=0.7988 fc=10
progress step=121700 round=10/40 episode=17/30 sample=zero_boundary_037 soc=0.7991 fc=100
progress step=121750 round=10/40 episode=17/30 sample=zero_boundary_037 soc=0.7991 fc=60
progress step=121800 round=10/40 episode=17/30 sample=zero_boundary_037 soc=0.7995 fc=60
progress step=121850 round=10/40 episode=17/30 sample=zero_boundary_037 soc=0.7998 fc=20
progress step=121900 round=10/40 episode=17/30 sample=zero_boundary_037 soc=0.7999 fc=10
progress step=121950 round=10/40 episode=17/30 sample=zero_boundary_037 soc=0.7992 fc=90
progress step=122000 round=10/40 episode=17/30 sample=zero_boundary_037 soc=0.7988 fc=140
progress step=122050 round=10/40 episode=17/30 sample=zero_boundary_037 soc=0.7994 fc=50
progress step=122100 round=10/40 episode=17/30 sample=zero_boundary_037 soc=0.7993 fc=50
progress step=122150 round=10/40 episode=18/30 sample=zero_boundary_038 soc=0.6558 fc=550
progress step=122200 round=10/40 episode=18/30 sample=zero_boundary_038 soc=0.6125 fc=330
progress step=122250 round=10/40 episode=18/30 sample=zero_boundary_038 soc=0.6081 fc=470
progress step=122300 round=10/40 episode=18/30 sample=zero_boundary_038 soc=0.5127 fc=50
progress step=122350 round=10/40 episode=18/30 sample=zero_boundary_038 soc=0.4149 fc=490
progress step=122400 round=10/40 episode=18/30 sample=zero_boundary_038 soc=0.3869 fc=30
progress step=122450 round=10/40 episode=18/30 sample=zero_boundary_038 soc=0.5405 fc=220
progress step=122500 round=10/40 episode=18/30 sample=zero_boundary_038 soc=0.6255 fc=550
progress step=122550 round=10/40 episode=18/30 sample=zero_boundary_038 soc=0.7933 fc=50
progress step=122600 round=10/40 episode=18/30 sample=zero_boundary_038 soc=0.7874 fc=210
progress step=122650 round=10/40 episode=18/30 sample=zero_boundary_038 soc=0.7468 fc=410
progress step=122700 round=10/40 episode=18/30 sample=zero_boundary_038 soc=0.7440 fc=550
progress step=122750 round=10/40 episode=18/30 sample=zero_boundary_038 soc=0.7738 fc=550
progress step=122800 round=10/40 episode=18/30 sample=zero_boundary_038 soc=0.7992 fc=10
progress step=122850 round=10/40 episode=19/30 sample=zero_boundary_040 soc=0.6011 fc=360
progress step=122900 round=10/40 episode=19/30 sample=zero_boundary_040 soc=0.5261 fc=540
progress step=122950 round=10/40 episode=19/30 sample=zero_boundary_040 soc=0.4641 fc=20
progress step=123000 round=10/40 episode=19/30 sample=zero_boundary_040 soc=0.3971 fc=30
progress step=123050 round=10/40 episode=19/30 sample=zero_boundary_040 soc=0.3210 fc=560
progress step=123100 round=10/40 episode=19/30 sample=zero_boundary_040 soc=0.2831 fc=150
progress step=123150 round=10/40 episode=19/30 sample=zero_boundary_040 soc=0.3960 fc=60
progress step=123200 round=10/40 episode=19/30 sample=zero_boundary_040 soc=0.2857 fc=60
progress step=123250 round=10/40 episode=19/30 sample=zero_boundary_040 soc=0.2005 fc=560
progress step=123300 round=10/40 episode=19/30 sample=zero_boundary_040 soc=0.2575 fc=80
progress step=123350 round=10/40 episode=20/30 sample=zero_boundary_041 soc=0.5854 fc=290
progress step=123400 round=10/40 episode=20/30 sample=zero_boundary_041 soc=0.4979 fc=410
progress step=123450 round=10/40 episode=20/30 sample=zero_boundary_041 soc=0.2428 fc=0
progress step=123500 round=10/40 episode=21/30 sample=zero_boundary_042 soc=0.6876 fc=150
progress step=123550 round=10/40 episode=21/30 sample=zero_boundary_042 soc=0.5608 fc=240
progress step=123600 round=10/40 episode=21/30 sample=zero_boundary_042 soc=0.3931 fc=530
progress step=123650 round=10/40 episode=21/30 sample=zero_boundary_042 soc=0.2364 fc=230
progress step=123700 round=10/40 episode=21/30 sample=zero_boundary_042 soc=0.2027 fc=470
progress step=123750 round=10/40 episode=21/30 sample=zero_boundary_042 soc=0.3131 fc=180
progress step=123800 round=10/40 episode=21/30 sample=zero_boundary_042 soc=0.2001 fc=600
progress step=123850 round=10/40 episode=22/30 sample=zero_boundary_044 soc=0.6873 fc=230
progress step=123900 round=10/40 episode=22/30 sample=zero_boundary_044 soc=0.5836 fc=530
progress step=123950 round=10/40 episode=22/30 sample=zero_boundary_044 soc=0.3459 fc=440
progress step=124000 round=10/40 episode=23/30 sample=zero_boundary_045 soc=0.6819 fc=560
progress step=124050 round=10/40 episode=23/30 sample=zero_boundary_045 soc=0.6760 fc=300
progress step=124100 round=10/40 episode=23/30 sample=zero_boundary_045 soc=0.6058 fc=480
progress step=124150 round=10/40 episode=23/30 sample=zero_boundary_045 soc=0.4418 fc=280
progress step=124200 round=10/40 episode=23/30 sample=zero_boundary_045 soc=0.2061 fc=190
progress step=124250 round=10/40 episode=23/30 sample=zero_boundary_045 soc=0.2005 fc=510
progress step=124300 round=10/40 episode=24/30 sample=zero_boundary_046 soc=0.5933 fc=410
progress step=124350 round=10/40 episode=24/30 sample=zero_boundary_046 soc=0.5119 fc=250
progress step=124400 round=10/40 episode=24/30 sample=zero_boundary_046 soc=0.3180 fc=150
progress step=124450 round=10/40 episode=25/30 sample=zero_boundary_048 soc=0.6665 fc=520
progress step=124500 round=10/40 episode=25/30 sample=zero_boundary_048 soc=0.5472 fc=150
progress step=124550 round=10/40 episode=25/30 sample=zero_boundary_048 soc=0.4344 fc=530
progress step=124600 round=10/40 episode=25/30 sample=zero_boundary_048 soc=0.4075 fc=260
progress step=124650 round=10/40 episode=25/30 sample=zero_boundary_048 soc=0.4971 fc=580
progress step=124700 round=10/40 episode=25/30 sample=zero_boundary_048 soc=0.5439 fc=350
progress step=124750 round=10/40 episode=26/30 sample=zero_boundary_049 soc=0.6890 fc=530
progress step=124800 round=10/40 episode=26/30 sample=zero_boundary_049 soc=0.7164 fc=240
progress step=124850 round=10/40 episode=26/30 sample=zero_boundary_049 soc=0.7456 fc=570
progress step=124900 round=10/40 episode=26/30 sample=zero_boundary_049 soc=0.7903 fc=120
progress step=124950 round=10/40 episode=26/30 sample=zero_boundary_049 soc=0.7984 fc=10
progress step=125000 round=10/40 episode=27/30 sample=zero_boundary_050 soc=0.6730 fc=50
progress step=125050 round=10/40 episode=27/30 sample=zero_boundary_050 soc=0.5922 fc=100
progress step=125100 round=10/40 episode=27/30 sample=zero_boundary_050 soc=0.4409 fc=320
progress step=125150 round=10/40 episode=27/30 sample=zero_boundary_050 soc=0.3272 fc=230
progress step=125200 round=10/40 episode=28/30 sample=zero_boundary_051 soc=0.5997 fc=600
progress step=125250 round=10/40 episode=28/30 sample=zero_boundary_051 soc=0.6173 fc=10
progress step=125300 round=10/40 episode=28/30 sample=zero_boundary_051 soc=0.6243 fc=220
progress step=125350 round=10/40 episode=29/30 sample=zero_boundary_052 soc=0.6766 fc=0
progress step=125400 round=10/40 episode=29/30 sample=zero_boundary_052 soc=0.5499 fc=210
progress step=125450 round=10/40 episode=29/30 sample=zero_boundary_052 soc=0.3273 fc=200
progress step=125500 round=10/40 episode=29/30 sample=zero_boundary_052 soc=0.3324 fc=280
progress step=125550 round=10/40 episode=29/30 sample=zero_boundary_052 soc=0.4356 fc=230
progress step=125600 round=10/40 episode=30/30 sample=zero_boundary_053 soc=0.7357 fc=390
progress step=125650 round=10/40 episode=30/30 sample=zero_boundary_053 soc=0.6434 fc=600
progress step=125700 round=10/40 episode=30/30 sample=zero_boundary_053 soc=0.5983 fc=300
progress step=125750 round=10/40 episode=30/30 sample=zero_boundary_053 soc=0.6545 fc=420
progress step=125800 round=10/40 episode=30/30 sample=zero_boundary_053 soc=0.7123 fc=230
round 10/40 exploratory=20/30 greedy_train start
MONITOR round=10 exploratory=20/30 greedy_train=22/30 validation=SKIPPED cost=None updates=4502 best_round=None
round 11/40 start epsilon=0.7564
progress step=125850 round=11/40 episode=1/30 sample=zero_boundary_002 soc=0.6922 fc=100
progress step=125900 round=11/40 episode=1/30 sample=zero_boundary_002 soc=0.5944 fc=340
progress step=125950 round=11/40 episode=1/30 sample=zero_boundary_002 soc=0.3313 fc=310
progress step=126000 round=11/40 episode=1/30 sample=zero_boundary_002 soc=0.4979 fc=0
progress step=126050 round=11/40 episode=1/30 sample=zero_boundary_002 soc=0.4676 fc=80
progress step=126100 round=11/40 episode=1/30 sample=zero_boundary_002 soc=0.5355 fc=150
progress step=126150 round=11/40 episode=2/30 sample=zero_boundary_005 soc=0.6295 fc=180
progress step=126200 round=11/40 episode=2/30 sample=zero_boundary_005 soc=0.6157 fc=410
progress step=126250 round=11/40 episode=2/30 sample=zero_boundary_005 soc=0.6041 fc=230
progress step=126300 round=11/40 episode=2/30 sample=zero_boundary_005 soc=0.5564 fc=580
progress step=126350 round=11/40 episode=2/30 sample=zero_boundary_005 soc=0.4611 fc=470
progress step=126400 round=11/40 episode=2/30 sample=zero_boundary_005 soc=0.4915 fc=100
progress step=126450 round=11/40 episode=3/30 sample=zero_boundary_006 soc=0.7050 fc=480
progress step=126500 round=11/40 episode=3/30 sample=zero_boundary_006 soc=0.7998 fc=10
progress step=126550 round=11/40 episode=3/30 sample=zero_boundary_006 soc=0.7993 fc=50
progress step=126600 round=11/40 episode=3/30 sample=zero_boundary_006 soc=0.7970 fc=250
progress step=126650 round=11/40 episode=3/30 sample=zero_boundary_006 soc=0.7987 fc=170
progress step=126700 round=11/40 episode=3/30 sample=zero_boundary_006 soc=0.7978 fc=140
progress step=126750 round=11/40 episode=3/30 sample=zero_boundary_006 soc=0.7992 fc=80
progress step=126800 round=11/40 episode=4/30 sample=zero_boundary_007 soc=0.6388 fc=190
progress step=126850 round=11/40 episode=4/30 sample=zero_boundary_007 soc=0.5544 fc=480
progress step=126900 round=11/40 episode=4/30 sample=zero_boundary_007 soc=0.6209 fc=430
progress step=126950 round=11/40 episode=4/30 sample=zero_boundary_007 soc=0.6977 fc=580
progress step=127000 round=11/40 episode=4/30 sample=zero_boundary_007 soc=0.6948 fc=10
progress step=127050 round=11/40 episode=4/30 sample=zero_boundary_007 soc=0.7844 fc=0
progress step=127100 round=11/40 episode=5/30 sample=zero_boundary_008 soc=0.4830 fc=410
progress step=127150 round=11/40 episode=6/30 sample=zero_boundary_011 soc=0.6479 fc=460
progress step=127200 round=11/40 episode=6/30 sample=zero_boundary_011 soc=0.7994 fc=0
progress step=127250 round=11/40 episode=6/30 sample=zero_boundary_011 soc=0.7235 fc=490
progress step=127300 round=11/40 episode=6/30 sample=zero_boundary_011 soc=0.6159 fc=600
progress step=127350 round=11/40 episode=6/30 sample=zero_boundary_011 soc=0.5226 fc=380
progress step=127400 round=11/40 episode=6/30 sample=zero_boundary_011 soc=0.3866 fc=170
progress step=127450 round=11/40 episode=6/30 sample=zero_boundary_011 soc=0.4393 fc=330
progress step=127500 round=11/40 episode=6/30 sample=zero_boundary_011 soc=0.5748 fc=460
progress step=127550 round=11/40 episode=6/30 sample=zero_boundary_011 soc=0.7308 fc=470
progress step=127600 round=11/40 episode=6/30 sample=zero_boundary_011 soc=0.7996 fc=0
progress step=127650 round=11/40 episode=6/30 sample=zero_boundary_011 soc=0.7985 fc=300
progress step=127700 round=11/40 episode=6/30 sample=zero_boundary_011 soc=0.7935 fc=420
progress step=127750 round=11/40 episode=6/30 sample=zero_boundary_011 soc=0.7987 fc=150
progress step=127800 round=11/40 episode=6/30 sample=zero_boundary_011 soc=0.7983 fc=300
progress step=127850 round=11/40 episode=6/30 sample=zero_boundary_011 soc=0.7805 fc=140
progress step=127900 round=11/40 episode=7/30 sample=zero_boundary_013 soc=0.6552 fc=600
progress step=127950 round=11/40 episode=7/30 sample=zero_boundary_013 soc=0.7987 fc=150
progress step=128000 round=11/40 episode=7/30 sample=zero_boundary_013 soc=0.7726 fc=410
progress step=128050 round=11/40 episode=7/30 sample=zero_boundary_013 soc=0.7668 fc=100
progress step=128100 round=11/40 episode=7/30 sample=zero_boundary_013 soc=0.7994 fc=30
progress step=128150 round=11/40 episode=7/30 sample=zero_boundary_013 soc=0.7981 fc=430
progress step=128200 round=11/40 episode=7/30 sample=zero_boundary_013 soc=0.7990 fc=70
progress step=128250 round=11/40 episode=8/30 sample=zero_boundary_015 soc=0.6554 fc=590
progress step=128300 round=11/40 episode=8/30 sample=zero_boundary_015 soc=0.7072 fc=110
progress step=128350 round=11/40 episode=8/30 sample=zero_boundary_015 soc=0.4996 fc=100
progress step=128400 round=11/40 episode=9/30 sample=zero_boundary_016 soc=0.6676 fc=500
progress step=128450 round=11/40 episode=9/30 sample=zero_boundary_016 soc=0.7835 fc=390
progress step=128500 round=11/40 episode=9/30 sample=zero_boundary_016 soc=0.6805 fc=160
progress step=128550 round=11/40 episode=9/30 sample=zero_boundary_016 soc=0.4621 fc=240
progress step=128600 round=11/40 episode=9/30 sample=zero_boundary_016 soc=0.2338 fc=560
progress step=128650 round=11/40 episode=10/30 sample=zero_boundary_017 soc=0.5840 fc=220
progress step=128700 round=11/40 episode=10/30 sample=zero_boundary_017 soc=0.3996 fc=600
progress step=128750 round=11/40 episode=11/30 sample=zero_boundary_020 soc=0.6548 fc=470
progress step=128800 round=11/40 episode=11/30 sample=zero_boundary_020 soc=0.6825 fc=100
progress step=128850 round=11/40 episode=12/30 sample=zero_boundary_021 soc=0.6064 fc=430
progress step=128900 round=11/40 episode=12/30 sample=zero_boundary_021 soc=0.7970 fc=290
progress step=128950 round=11/40 episode=12/30 sample=zero_boundary_021 soc=0.7816 fc=560
progress step=129000 round=11/40 episode=12/30 sample=zero_boundary_021 soc=0.7538 fc=510
progress step=129050 round=11/40 episode=12/30 sample=zero_boundary_021 soc=0.6650 fc=600
progress step=129100 round=11/40 episode=13/30 sample=zero_boundary_022 soc=0.6952 fc=330
progress step=129150 round=11/40 episode=13/30 sample=zero_boundary_022 soc=0.6787 fc=180
progress step=129200 round=11/40 episode=13/30 sample=zero_boundary_022 soc=0.6992 fc=380
progress step=129250 round=11/40 episode=13/30 sample=zero_boundary_022 soc=0.7995 fc=0
progress step=129300 round=11/40 episode=14/30 sample=zero_boundary_029 soc=0.7194 fc=590
progress step=129350 round=11/40 episode=14/30 sample=zero_boundary_029 soc=0.7885 fc=530
progress step=129400 round=11/40 episode=14/30 sample=zero_boundary_029 soc=0.7633 fc=470
progress step=129450 round=11/40 episode=14/30 sample=zero_boundary_029 soc=0.7977 fc=0
progress step=129500 round=11/40 episode=14/30 sample=zero_boundary_029 soc=0.7966 fc=470
progress step=129550 round=11/40 episode=14/30 sample=zero_boundary_029 soc=0.7957 fc=540
progress step=129600 round=11/40 episode=14/30 sample=zero_boundary_029 soc=0.7996 fc=20
progress step=129650 round=11/40 episode=14/30 sample=zero_boundary_029 soc=0.7999 fc=0
progress step=129700 round=11/40 episode=14/30 sample=zero_boundary_029 soc=0.7999 fc=0
progress step=129750 round=11/40 episode=14/30 sample=zero_boundary_029 soc=0.7999 fc=0
progress step=129800 round=11/40 episode=14/30 sample=zero_boundary_029 soc=0.7999 fc=0
progress step=129850 round=11/40 episode=14/30 sample=zero_boundary_029 soc=0.7999 fc=0
progress step=129900 round=11/40 episode=14/30 sample=zero_boundary_029 soc=0.7999 fc=0
progress step=129950 round=11/40 episode=14/30 sample=zero_boundary_029 soc=0.7999 fc=0
progress step=130000 round=11/40 episode=14/30 sample=zero_boundary_029 soc=0.7999 fc=0
progress step=130050 round=11/40 episode=14/30 sample=zero_boundary_029 soc=0.7999 fc=0
progress step=130100 round=11/40 episode=14/30 sample=zero_boundary_029 soc=0.7999 fc=0
progress step=130150 round=11/40 episode=14/30 sample=zero_boundary_029 soc=0.7983 fc=70
progress step=130200 round=11/40 episode=14/30 sample=zero_boundary_029 soc=0.7951 fc=340
progress step=130250 round=11/40 episode=14/30 sample=zero_boundary_029 soc=0.7999 fc=80
progress step=130300 round=11/40 episode=14/30 sample=zero_boundary_029 soc=0.7997 fc=40
progress step=130350 round=11/40 episode=15/30 sample=zero_boundary_033 soc=0.6798 fc=510
progress step=130400 round=11/40 episode=15/30 sample=zero_boundary_033 soc=0.7369 fc=40
progress step=130450 round=11/40 episode=15/30 sample=zero_boundary_033 soc=0.7014 fc=260
progress step=130500 round=11/40 episode=15/30 sample=zero_boundary_033 soc=0.7181 fc=390
progress step=130550 round=11/40 episode=15/30 sample=zero_boundary_033 soc=0.6887 fc=310
progress step=130600 round=11/40 episode=15/30 sample=zero_boundary_033 soc=0.6218 fc=520
progress step=130650 round=11/40 episode=15/30 sample=zero_boundary_033 soc=0.5151 fc=210
progress step=130700 round=11/40 episode=15/30 sample=zero_boundary_033 soc=0.6608 fc=450
progress step=130750 round=11/40 episode=15/30 sample=zero_boundary_033 soc=0.8000 fc=0
progress step=130800 round=11/40 episode=15/30 sample=zero_boundary_033 soc=0.8000 fc=0
progress step=130850 round=11/40 episode=15/30 sample=zero_boundary_033 soc=0.7999 fc=0
progress step=130900 round=11/40 episode=15/30 sample=zero_boundary_033 soc=0.7999 fc=0
progress step=130950 round=11/40 episode=15/30 sample=zero_boundary_033 soc=0.7999 fc=0
progress step=131000 round=11/40 episode=15/30 sample=zero_boundary_033 soc=0.7999 fc=0
progress step=131050 round=11/40 episode=15/30 sample=zero_boundary_033 soc=0.7999 fc=0
progress step=131100 round=11/40 episode=15/30 sample=zero_boundary_033 soc=0.7990 fc=40
progress step=131150 round=11/40 episode=15/30 sample=zero_boundary_033 soc=0.7997 fc=40
progress step=131200 round=11/40 episode=15/30 sample=zero_boundary_033 soc=0.7990 fc=10
progress step=131250 round=11/40 episode=15/30 sample=zero_boundary_033 soc=0.7993 fc=0
progress step=131300 round=11/40 episode=16/30 sample=zero_boundary_034 soc=0.6010 fc=570
progress step=131350 round=11/40 episode=16/30 sample=zero_boundary_034 soc=0.8000 fc=0
progress step=131400 round=11/40 episode=16/30 sample=zero_boundary_034 soc=0.8000 fc=0
progress step=131450 round=11/40 episode=16/30 sample=zero_boundary_034 soc=0.8000 fc=0
progress step=131500 round=11/40 episode=16/30 sample=zero_boundary_034 soc=0.8000 fc=0
progress step=131550 round=11/40 episode=16/30 sample=zero_boundary_034 soc=0.8000 fc=0
progress step=131600 round=11/40 episode=16/30 sample=zero_boundary_034 soc=0.8000 fc=0
progress step=131650 round=11/40 episode=16/30 sample=zero_boundary_034 soc=0.8000 fc=0
progress step=131700 round=11/40 episode=16/30 sample=zero_boundary_034 soc=0.8000 fc=0
progress step=131750 round=11/40 episode=16/30 sample=zero_boundary_034 soc=0.8000 fc=0
progress step=131800 round=11/40 episode=16/30 sample=zero_boundary_034 soc=0.8000 fc=0
progress step=131850 round=11/40 episode=16/30 sample=zero_boundary_034 soc=0.8000 fc=0
progress step=131900 round=11/40 episode=16/30 sample=zero_boundary_034 soc=0.8000 fc=0
progress step=131950 round=11/40 episode=16/30 sample=zero_boundary_034 soc=0.8000 fc=0
progress step=132000 round=11/40 episode=16/30 sample=zero_boundary_034 soc=0.8000 fc=0
progress step=132050 round=11/40 episode=16/30 sample=zero_boundary_034 soc=0.8000 fc=0
progress step=132100 round=11/40 episode=16/30 sample=zero_boundary_034 soc=0.8000 fc=0
progress step=132150 round=11/40 episode=16/30 sample=zero_boundary_034 soc=0.8000 fc=0
progress step=132200 round=11/40 episode=16/30 sample=zero_boundary_034 soc=0.7968 fc=30
progress step=132250 round=11/40 episode=16/30 sample=zero_boundary_034 soc=0.7984 fc=0
progress step=132300 round=11/40 episode=16/30 sample=zero_boundary_034 soc=0.7970 fc=90
progress step=132350 round=11/40 episode=16/30 sample=zero_boundary_034 soc=0.7998 fc=110
progress step=132400 round=11/40 episode=16/30 sample=zero_boundary_034 soc=0.7985 fc=310
progress step=132450 round=11/40 episode=16/30 sample=zero_boundary_034 soc=0.7995 fc=90
progress step=132500 round=11/40 episode=16/30 sample=zero_boundary_034 soc=0.7999 fc=0
progress step=132550 round=11/40 episode=16/30 sample=zero_boundary_034 soc=0.7999 fc=0
progress step=132600 round=11/40 episode=16/30 sample=zero_boundary_034 soc=0.7999 fc=0
progress step=132650 round=11/40 episode=16/30 sample=zero_boundary_034 soc=0.7999 fc=0
progress step=132700 round=11/40 episode=16/30 sample=zero_boundary_034 soc=0.7999 fc=0
progress step=132750 round=11/40 episode=16/30 sample=zero_boundary_034 soc=0.7999 fc=0
progress step=132800 round=11/40 episode=16/30 sample=zero_boundary_034 soc=0.7999 fc=0
progress step=132850 round=11/40 episode=16/30 sample=zero_boundary_034 soc=0.7999 fc=0
progress step=132900 round=11/40 episode=16/30 sample=zero_boundary_034 soc=0.7999 fc=0
progress step=132950 round=11/40 episode=17/30 sample=zero_boundary_037 soc=0.6359 fc=520
progress step=133000 round=11/40 episode=17/30 sample=zero_boundary_037 soc=0.7310 fc=590
progress step=133050 round=11/40 episode=17/30 sample=zero_boundary_037 soc=0.7995 fc=50
progress step=133100 round=11/40 episode=17/30 sample=zero_boundary_037 soc=0.7992 fc=220
progress step=133150 round=11/40 episode=17/30 sample=zero_boundary_037 soc=0.8000 fc=230
progress step=133200 round=11/40 episode=17/30 sample=zero_boundary_037 soc=0.7992 fc=350
progress step=133250 round=11/40 episode=17/30 sample=zero_boundary_037 soc=0.7173 fc=390
progress step=133300 round=11/40 episode=17/30 sample=zero_boundary_037 soc=0.6756 fc=170
progress step=133350 round=11/40 episode=17/30 sample=zero_boundary_037 soc=0.7983 fc=0
progress step=133400 round=11/40 episode=17/30 sample=zero_boundary_037 soc=0.7977 fc=240
progress step=133450 round=11/40 episode=17/30 sample=zero_boundary_037 soc=0.7997 fc=60
progress step=133500 round=11/40 episode=17/30 sample=zero_boundary_037 soc=0.7969 fc=130
progress step=133550 round=11/40 episode=17/30 sample=zero_boundary_037 soc=0.7998 fc=70
progress step=133600 round=11/40 episode=17/30 sample=zero_boundary_037 soc=0.7991 fc=50
progress step=133650 round=11/40 episode=17/30 sample=zero_boundary_037 soc=0.7965 fc=220
progress step=133700 round=11/40 episode=17/30 sample=zero_boundary_037 soc=0.7982 fc=60
progress step=133750 round=11/40 episode=17/30 sample=zero_boundary_037 soc=0.7986 fc=140
progress step=133800 round=11/40 episode=17/30 sample=zero_boundary_037 soc=0.7982 fc=0
progress step=133850 round=11/40 episode=17/30 sample=zero_boundary_037 soc=0.7991 fc=20
progress step=133900 round=11/40 episode=17/30 sample=zero_boundary_037 soc=0.7995 fc=40
progress step=133950 round=11/40 episode=17/30 sample=zero_boundary_037 soc=0.8000 fc=0
progress step=134000 round=11/40 episode=17/30 sample=zero_boundary_037 soc=0.8000 fc=0
progress step=134050 round=11/40 episode=17/30 sample=zero_boundary_037 soc=0.8000 fc=0
progress step=134100 round=11/40 episode=17/30 sample=zero_boundary_037 soc=0.7987 fc=80
progress step=134150 round=11/40 episode=17/30 sample=zero_boundary_037 soc=0.7990 fc=60
progress step=134200 round=11/40 episode=17/30 sample=zero_boundary_037 soc=0.7998 fc=30
progress step=134250 round=11/40 episode=17/30 sample=zero_boundary_037 soc=0.7985 fc=160
progress step=134300 round=11/40 episode=17/30 sample=zero_boundary_037 soc=0.7979 fc=10
progress step=134350 round=11/40 episode=17/30 sample=zero_boundary_037 soc=0.7978 fc=100
progress step=134400 round=11/40 episode=17/30 sample=zero_boundary_037 soc=0.7974 fc=160
progress step=134450 round=11/40 episode=17/30 sample=zero_boundary_037 soc=0.7998 fc=30
progress step=134500 round=11/40 episode=17/30 sample=zero_boundary_037 soc=0.7999 fc=20
progress step=134550 round=11/40 episode=17/30 sample=zero_boundary_037 soc=0.7990 fc=30
progress step=134600 round=11/40 episode=17/30 sample=zero_boundary_037 soc=0.7997 fc=0
progress step=134650 round=11/40 episode=17/30 sample=zero_boundary_037 soc=0.7992 fc=0
progress step=134700 round=11/40 episode=17/30 sample=zero_boundary_037 soc=0.7985 fc=0
progress step=134750 round=11/40 episode=17/30 sample=zero_boundary_037 soc=0.7994 fc=10
progress step=134800 round=11/40 episode=17/30 sample=zero_boundary_037 soc=0.7999 fc=0
progress step=134850 round=11/40 episode=18/30 sample=zero_boundary_038 soc=0.6504 fc=160
progress step=134900 round=11/40 episode=18/30 sample=zero_boundary_038 soc=0.6559 fc=250
progress step=134950 round=11/40 episode=18/30 sample=zero_boundary_038 soc=0.5870 fc=110
progress step=135000 round=11/40 episode=18/30 sample=zero_boundary_038 soc=0.5870 fc=30
progress step=135050 round=11/40 episode=18/30 sample=zero_boundary_038 soc=0.4795 fc=240
progress step=135100 round=11/40 episode=18/30 sample=zero_boundary_038 soc=0.3752 fc=590
progress step=135150 round=11/40 episode=18/30 sample=zero_boundary_038 soc=0.4212 fc=30
progress step=135200 round=11/40 episode=18/30 sample=zero_boundary_038 soc=0.5242 fc=50
progress step=135250 round=11/40 episode=18/30 sample=zero_boundary_038 soc=0.6983 fc=300
progress step=135300 round=11/40 episode=18/30 sample=zero_boundary_038 soc=0.7944 fc=410
progress step=135350 round=11/40 episode=18/30 sample=zero_boundary_038 soc=0.7997 fc=380
progress step=135400 round=11/40 episode=18/30 sample=zero_boundary_038 soc=0.7589 fc=130
progress step=135450 round=11/40 episode=18/30 sample=zero_boundary_038 soc=0.7744 fc=310
progress step=135500 round=11/40 episode=18/30 sample=zero_boundary_038 soc=0.7986 fc=120
progress step=135550 round=11/40 episode=19/30 sample=zero_boundary_040 soc=0.6383 fc=50
progress step=135600 round=11/40 episode=19/30 sample=zero_boundary_040 soc=0.5902 fc=200
progress step=135650 round=11/40 episode=19/30 sample=zero_boundary_040 soc=0.4394 fc=260
progress step=135700 round=11/40 episode=19/30 sample=zero_boundary_040 soc=0.3452 fc=600
progress step=135750 round=11/40 episode=19/30 sample=zero_boundary_040 soc=0.3393 fc=180
progress step=135800 round=11/40 episode=19/30 sample=zero_boundary_040 soc=0.2778 fc=290
progress step=135850 round=11/40 episode=19/30 sample=zero_boundary_040 soc=0.3216 fc=90
progress step=135900 round=11/40 episode=19/30 sample=zero_boundary_040 soc=0.3545 fc=170
progress step=135950 round=11/40 episode=19/30 sample=zero_boundary_040 soc=0.2215 fc=240
progress step=136000 round=11/40 episode=19/30 sample=zero_boundary_040 soc=0.2010 fc=590
progress step=136050 round=11/40 episode=20/30 sample=zero_boundary_041 soc=0.6046 fc=260
progress step=136100 round=11/40 episode=20/30 sample=zero_boundary_041 soc=0.5425 fc=290
progress step=136150 round=11/40 episode=20/30 sample=zero_boundary_041 soc=0.3753 fc=520
progress step=136200 round=11/40 episode=21/30 sample=zero_boundary_042 soc=0.6724 fc=460
progress step=136250 round=11/40 episode=21/30 sample=zero_boundary_042 soc=0.6438 fc=550
progress step=136300 round=11/40 episode=21/30 sample=zero_boundary_042 soc=0.5019 fc=450
progress step=136350 round=11/40 episode=21/30 sample=zero_boundary_042 soc=0.2644 fc=90
progress step=136400 round=11/40 episode=21/30 sample=zero_boundary_042 soc=0.2009 fc=580
progress step=136450 round=11/40 episode=21/30 sample=zero_boundary_042 soc=0.2040 fc=550
progress step=136500 round=11/40 episode=21/30 sample=zero_boundary_042 soc=0.2002 fc=590
progress step=136550 round=11/40 episode=22/30 sample=zero_boundary_044 soc=0.6457 fc=190
progress step=136600 round=11/40 episode=22/30 sample=zero_boundary_044 soc=0.5834 fc=440
progress step=136650 round=11/40 episode=22/30 sample=zero_boundary_044 soc=0.4048 fc=470
progress step=136700 round=11/40 episode=23/30 sample=zero_boundary_045 soc=0.6557 fc=460
progress step=136750 round=11/40 episode=23/30 sample=zero_boundary_045 soc=0.6824 fc=530
progress step=136800 round=11/40 episode=23/30 sample=zero_boundary_045 soc=0.6233 fc=420
progress step=136850 round=11/40 episode=23/30 sample=zero_boundary_045 soc=0.4997 fc=280
progress step=136900 round=11/40 episode=23/30 sample=zero_boundary_045 soc=0.2399 fc=550
progress step=136950 round=11/40 episode=23/30 sample=zero_boundary_045 soc=0.2003 fc=580
progress step=137000 round=11/40 episode=24/30 sample=zero_boundary_046 soc=0.6308 fc=270
progress step=137050 round=11/40 episode=24/30 sample=zero_boundary_046 soc=0.5429 fc=270
progress step=137100 round=11/40 episode=24/30 sample=zero_boundary_046 soc=0.3704 fc=340
progress step=137150 round=11/40 episode=25/30 sample=zero_boundary_048 soc=0.6576 fc=50
progress step=137200 round=11/40 episode=25/30 sample=zero_boundary_048 soc=0.5236 fc=110
progress step=137250 round=11/40 episode=25/30 sample=zero_boundary_048 soc=0.3930 fc=560
progress step=137300 round=11/40 episode=25/30 sample=zero_boundary_048 soc=0.3055 fc=350
progress step=137350 round=11/40 episode=25/30 sample=zero_boundary_048 soc=0.3321 fc=80
progress step=137400 round=11/40 episode=25/30 sample=zero_boundary_048 soc=0.2719 fc=30
progress step=137450 round=11/40 episode=26/30 sample=zero_boundary_049 soc=0.6566 fc=500
progress step=137500 round=11/40 episode=26/30 sample=zero_boundary_049 soc=0.6760 fc=540
progress step=137550 round=11/40 episode=26/30 sample=zero_boundary_049 soc=0.7273 fc=120
progress step=137600 round=11/40 episode=26/30 sample=zero_boundary_049 soc=0.7508 fc=240
progress step=137650 round=11/40 episode=26/30 sample=zero_boundary_049 soc=0.7982 fc=200
progress step=137700 round=11/40 episode=27/30 sample=zero_boundary_050 soc=0.6339 fc=520
progress step=137750 round=11/40 episode=27/30 sample=zero_boundary_050 soc=0.6508 fc=360
progress step=137800 round=11/40 episode=27/30 sample=zero_boundary_050 soc=0.5053 fc=280
progress step=137850 round=11/40 episode=27/30 sample=zero_boundary_050 soc=0.3827 fc=20
progress step=137900 round=11/40 episode=27/30 sample=zero_boundary_050 soc=0.2091 fc=500
progress step=137950 round=11/40 episode=28/30 sample=zero_boundary_051 soc=0.6205 fc=330
progress step=138000 round=11/40 episode=28/30 sample=zero_boundary_051 soc=0.6885 fc=70
progress step=138050 round=11/40 episode=29/30 sample=zero_boundary_052 soc=0.6087 fc=380
progress step=138100 round=11/40 episode=29/30 sample=zero_boundary_052 soc=0.6033 fc=440
progress step=138150 round=11/40 episode=29/30 sample=zero_boundary_052 soc=0.3794 fc=70
progress step=138200 round=11/40 episode=29/30 sample=zero_boundary_052 soc=0.2768 fc=0
progress step=138250 round=11/40 episode=29/30 sample=zero_boundary_052 soc=0.2962 fc=400
progress step=138300 round=11/40 episode=30/30 sample=zero_boundary_053 soc=0.6654 fc=360
progress step=138350 round=11/40 episode=30/30 sample=zero_boundary_053 soc=0.7085 fc=460
progress step=138400 round=11/40 episode=30/30 sample=zero_boundary_053 soc=0.5903 fc=440
progress step=138450 round=11/40 episode=30/30 sample=zero_boundary_053 soc=0.6485 fc=230
progress step=138500 round=11/40 episode=30/30 sample=zero_boundary_053 soc=0.6359 fc=450
round 11/40 exploratory=20/30 greedy_train start
MONITOR round=11 exploratory=20/30 greedy_train=17/30 validation=SKIPPED cost=None updates=4900 best_round=None
round 12/40 start epsilon=0.7321
progress step=138550 round=12/40 episode=1/30 sample=zero_boundary_002 soc=0.6469 fc=80
progress step=138600 round=12/40 episode=1/30 sample=zero_boundary_002 soc=0.7371 fc=530
progress step=138650 round=12/40 episode=1/30 sample=zero_boundary_002 soc=0.4378 fc=520
progress step=138700 round=12/40 episode=1/30 sample=zero_boundary_002 soc=0.5057 fc=410
progress step=138750 round=12/40 episode=1/30 sample=zero_boundary_002 soc=0.4001 fc=600
progress step=138800 round=12/40 episode=1/30 sample=zero_boundary_002 soc=0.4903 fc=550
progress step=138850 round=12/40 episode=2/30 sample=zero_boundary_005 soc=0.6436 fc=80
progress step=138900 round=12/40 episode=2/30 sample=zero_boundary_005 soc=0.6686 fc=440
progress step=138950 round=12/40 episode=2/30 sample=zero_boundary_005 soc=0.5261 fc=410
progress step=139000 round=12/40 episode=2/30 sample=zero_boundary_005 soc=0.5076 fc=290
progress step=139050 round=12/40 episode=2/30 sample=zero_boundary_005 soc=0.4587 fc=410
progress step=139100 round=12/40 episode=2/30 sample=zero_boundary_005 soc=0.4271 fc=450
progress step=139150 round=12/40 episode=3/30 sample=zero_boundary_006 soc=0.6566 fc=0
progress step=139200 round=12/40 episode=3/30 sample=zero_boundary_006 soc=0.7681 fc=210
progress step=139250 round=12/40 episode=3/30 sample=zero_boundary_006 soc=0.7976 fc=90
progress step=139300 round=12/40 episode=3/30 sample=zero_boundary_006 soc=0.7991 fc=70
progress step=139350 round=12/40 episode=3/30 sample=zero_boundary_006 soc=0.7958 fc=360
progress step=139400 round=12/40 episode=3/30 sample=zero_boundary_006 soc=0.7968 fc=30
progress step=139450 round=12/40 episode=3/30 sample=zero_boundary_006 soc=0.7981 fc=250
progress step=139500 round=12/40 episode=4/30 sample=zero_boundary_007 soc=0.6528 fc=0
progress step=139550 round=12/40 episode=4/30 sample=zero_boundary_007 soc=0.6123 fc=370
progress step=139600 round=12/40 episode=4/30 sample=zero_boundary_007 soc=0.6181 fc=120
progress step=139650 round=12/40 episode=4/30 sample=zero_boundary_007 soc=0.6456 fc=200
progress step=139700 round=12/40 episode=4/30 sample=zero_boundary_007 soc=0.6139 fc=390
progress step=139750 round=12/40 episode=4/30 sample=zero_boundary_007 soc=0.6330 fc=150
progress step=139800 round=12/40 episode=5/30 sample=zero_boundary_008 soc=0.6341 fc=270
progress step=139850 round=12/40 episode=5/30 sample=zero_boundary_008 soc=0.2324 fc=120
progress step=139900 round=12/40 episode=6/30 sample=zero_boundary_011 soc=0.7649 fc=60
progress step=139950 round=12/40 episode=6/30 sample=zero_boundary_011 soc=0.7501 fc=590
progress step=140000 round=12/40 episode=6/30 sample=zero_boundary_011 soc=0.6443 fc=500
progress step=140050 round=12/40 episode=6/30 sample=zero_boundary_011 soc=0.5550 fc=470
progress step=140100 round=12/40 episode=6/30 sample=zero_boundary_011 soc=0.4055 fc=590
progress step=140150 round=12/40 episode=6/30 sample=zero_boundary_011 soc=0.3057 fc=250
progress step=140200 round=12/40 episode=6/30 sample=zero_boundary_011 soc=0.5597 fc=160
progress step=140250 round=12/40 episode=6/30 sample=zero_boundary_011 soc=0.6939 fc=390
progress step=140300 round=12/40 episode=6/30 sample=zero_boundary_011 soc=0.7976 fc=120
progress step=140350 round=12/40 episode=6/30 sample=zero_boundary_011 soc=0.7997 fc=60
progress step=140400 round=12/40 episode=6/30 sample=zero_boundary_011 soc=0.7756 fc=310
progress step=140450 round=12/40 episode=6/30 sample=zero_boundary_011 soc=0.8000 fc=230
progress step=140500 round=12/40 episode=6/30 sample=zero_boundary_011 soc=0.7988 fc=210
progress step=140550 round=12/40 episode=6/30 sample=zero_boundary_011 soc=0.7961 fc=140
progress step=140600 round=12/40 episode=7/30 sample=zero_boundary_013 soc=0.6187 fc=570
progress step=140650 round=12/40 episode=7/30 sample=zero_boundary_013 soc=0.7962 fc=220
progress step=140700 round=12/40 episode=7/30 sample=zero_boundary_013 soc=0.7978 fc=250
progress step=140750 round=12/40 episode=7/30 sample=zero_boundary_013 soc=0.7941 fc=580
progress step=140800 round=12/40 episode=7/30 sample=zero_boundary_013 soc=0.7978 fc=20
progress step=140850 round=12/40 episode=7/30 sample=zero_boundary_013 soc=0.7992 fc=240
progress step=140900 round=12/40 episode=7/30 sample=zero_boundary_013 soc=0.7999 fc=90
progress step=140950 round=12/40 episode=8/30 sample=zero_boundary_015 soc=0.6182 fc=50
progress step=141000 round=12/40 episode=8/30 sample=zero_boundary_015 soc=0.6552 fc=560
progress step=141050 round=12/40 episode=8/30 sample=zero_boundary_015 soc=0.5885 fc=190
progress step=141100 round=12/40 episode=9/30 sample=zero_boundary_016 soc=0.6358 fc=320
progress step=141150 round=12/40 episode=9/30 sample=zero_boundary_016 soc=0.7925 fc=160
progress step=141200 round=12/40 episode=9/30 sample=zero_boundary_016 soc=0.6861 fc=290
progress step=141250 round=12/40 episode=9/30 sample=zero_boundary_016 soc=0.4805 fc=560
progress step=141300 round=12/40 episode=10/30 sample=zero_boundary_017 soc=0.6030 fc=30
progress step=141350 round=12/40 episode=10/30 sample=zero_boundary_017 soc=0.5519 fc=550
progress step=141400 round=12/40 episode=10/30 sample=zero_boundary_017 soc=0.2722 fc=380
progress step=141450 round=12/40 episode=11/30 sample=zero_boundary_020 soc=0.6715 fc=420
progress step=141500 round=12/40 episode=11/30 sample=zero_boundary_020 soc=0.7153 fc=120
progress step=141550 round=12/40 episode=12/30 sample=zero_boundary_021 soc=0.6732 fc=370
progress step=141600 round=12/40 episode=12/30 sample=zero_boundary_021 soc=0.7982 fc=90
progress step=141650 round=12/40 episode=12/30 sample=zero_boundary_021 soc=0.7558 fc=230
progress step=141700 round=12/40 episode=12/30 sample=zero_boundary_021 soc=0.7029 fc=590
progress step=141750 round=12/40 episode=12/30 sample=zero_boundary_021 soc=0.7263 fc=200
progress step=141800 round=12/40 episode=13/30 sample=zero_boundary_022 soc=0.6448 fc=270
progress step=141850 round=12/40 episode=13/30 sample=zero_boundary_022 soc=0.6399 fc=440
progress step=141900 round=12/40 episode=13/30 sample=zero_boundary_022 soc=0.7173 fc=380
progress step=141950 round=12/40 episode=14/30 sample=zero_boundary_029 soc=0.6251 fc=360
progress step=142000 round=12/40 episode=14/30 sample=zero_boundary_029 soc=0.7175 fc=440
progress step=142050 round=12/40 episode=14/30 sample=zero_boundary_029 soc=0.7390 fc=320
progress step=142100 round=12/40 episode=14/30 sample=zero_boundary_029 soc=0.7563 fc=440
progress step=142150 round=12/40 episode=14/30 sample=zero_boundary_029 soc=0.7986 fc=0
progress step=142200 round=12/40 episode=14/30 sample=zero_boundary_029 soc=0.7999 fc=210
progress step=142250 round=12/40 episode=14/30 sample=zero_boundary_029 soc=0.7995 fc=50
progress step=142300 round=12/40 episode=14/30 sample=zero_boundary_029 soc=0.7998 fc=10
progress step=142350 round=12/40 episode=14/30 sample=zero_boundary_029 soc=0.8000 fc=0
progress step=142400 round=12/40 episode=14/30 sample=zero_boundary_029 soc=0.8000 fc=0
progress step=142450 round=12/40 episode=14/30 sample=zero_boundary_029 soc=0.8000 fc=0
progress step=142500 round=12/40 episode=14/30 sample=zero_boundary_029 soc=0.8000 fc=0
progress step=142550 round=12/40 episode=14/30 sample=zero_boundary_029 soc=0.8000 fc=0
progress step=142600 round=12/40 episode=14/30 sample=zero_boundary_029 soc=0.8000 fc=0
progress step=142650 round=12/40 episode=14/30 sample=zero_boundary_029 soc=0.8000 fc=0
progress step=142700 round=12/40 episode=14/30 sample=zero_boundary_029 soc=0.8000 fc=0
progress step=142750 round=12/40 episode=14/30 sample=zero_boundary_029 soc=0.8000 fc=0
progress step=142800 round=12/40 episode=14/30 sample=zero_boundary_029 soc=0.8000 fc=0
progress step=142850 round=12/40 episode=14/30 sample=zero_boundary_029 soc=0.7995 fc=20
progress step=142900 round=12/40 episode=14/30 sample=zero_boundary_029 soc=0.7998 fc=210
progress step=142950 round=12/40 episode=14/30 sample=zero_boundary_029 soc=0.7963 fc=540
progress step=143000 round=12/40 episode=14/30 sample=zero_boundary_029 soc=0.7994 fc=0
progress step=143050 round=12/40 episode=15/30 sample=zero_boundary_033 soc=0.7414 fc=270
progress step=143100 round=12/40 episode=15/30 sample=zero_boundary_033 soc=0.7638 fc=410
progress step=143150 round=12/40 episode=15/30 sample=zero_boundary_033 soc=0.7108 fc=390
progress step=143200 round=12/40 episode=15/30 sample=zero_boundary_033 soc=0.6947 fc=520
progress step=143250 round=12/40 episode=15/30 sample=zero_boundary_033 soc=0.7419 fc=330
progress step=143300 round=12/40 episode=15/30 sample=zero_boundary_033 soc=0.6430 fc=600
progress step=143350 round=12/40 episode=15/30 sample=zero_boundary_033 soc=0.6448 fc=120
progress step=143400 round=12/40 episode=15/30 sample=zero_boundary_033 soc=0.7999 fc=0
progress step=143450 round=12/40 episode=15/30 sample=zero_boundary_033 soc=0.7999 fc=0
progress step=143500 round=12/40 episode=15/30 sample=zero_boundary_033 soc=0.7999 fc=0
progress step=143550 round=12/40 episode=15/30 sample=zero_boundary_033 soc=0.7999 fc=0
progress step=143600 round=12/40 episode=15/30 sample=zero_boundary_033 soc=0.7999 fc=0
progress step=143650 round=12/40 episode=15/30 sample=zero_boundary_033 soc=0.7999 fc=0
progress step=143700 round=12/40 episode=15/30 sample=zero_boundary_033 soc=0.7999 fc=0
progress step=143750 round=12/40 episode=15/30 sample=zero_boundary_033 soc=0.7999 fc=10
progress step=143800 round=12/40 episode=15/30 sample=zero_boundary_033 soc=0.7996 fc=30
progress step=143850 round=12/40 episode=15/30 sample=zero_boundary_033 soc=0.7994 fc=40
progress step=143900 round=12/40 episode=15/30 sample=zero_boundary_033 soc=0.7992 fc=70
progress step=143950 round=12/40 episode=15/30 sample=zero_boundary_033 soc=0.7997 fc=0
progress step=144000 round=12/40 episode=16/30 sample=zero_boundary_034 soc=0.6831 fc=300
progress step=144050 round=12/40 episode=16/30 sample=zero_boundary_034 soc=0.7999 fc=0
progress step=144100 round=12/40 episode=16/30 sample=zero_boundary_034 soc=0.7999 fc=0
progress step=144150 round=12/40 episode=16/30 sample=zero_boundary_034 soc=0.7999 fc=0
progress step=144200 round=12/40 episode=16/30 sample=zero_boundary_034 soc=0.7999 fc=0
progress step=144250 round=12/40 episode=16/30 sample=zero_boundary_034 soc=0.7999 fc=0
progress step=144300 round=12/40 episode=16/30 sample=zero_boundary_034 soc=0.7999 fc=0
progress step=144350 round=12/40 episode=16/30 sample=zero_boundary_034 soc=0.7999 fc=0
progress step=144400 round=12/40 episode=16/30 sample=zero_boundary_034 soc=0.7999 fc=0
progress step=144450 round=12/40 episode=16/30 sample=zero_boundary_034 soc=0.7999 fc=0
progress step=144500 round=12/40 episode=16/30 sample=zero_boundary_034 soc=0.7999 fc=0
progress step=144550 round=12/40 episode=16/30 sample=zero_boundary_034 soc=0.7999 fc=0
progress step=144600 round=12/40 episode=16/30 sample=zero_boundary_034 soc=0.7999 fc=0
progress step=144650 round=12/40 episode=16/30 sample=zero_boundary_034 soc=0.7999 fc=0
progress step=144700 round=12/40 episode=16/30 sample=zero_boundary_034 soc=0.7999 fc=0
progress step=144750 round=12/40 episode=16/30 sample=zero_boundary_034 soc=0.7999 fc=0
progress step=144800 round=12/40 episode=16/30 sample=zero_boundary_034 soc=0.7999 fc=0
progress step=144850 round=12/40 episode=16/30 sample=zero_boundary_034 soc=0.7998 fc=0
progress step=144900 round=12/40 episode=16/30 sample=zero_boundary_034 soc=0.7988 fc=150
progress step=144950 round=12/40 episode=16/30 sample=zero_boundary_034 soc=0.7976 fc=300
progress step=145000 round=12/40 episode=16/30 sample=zero_boundary_034 soc=0.7971 fc=360
progress step=145050 round=12/40 episode=16/30 sample=zero_boundary_034 soc=0.7972 fc=440
progress step=145100 round=12/40 episode=16/30 sample=zero_boundary_034 soc=0.7973 fc=0
progress step=145150 round=12/40 episode=16/30 sample=zero_boundary_034 soc=0.8000 fc=0
progress step=145200 round=12/40 episode=16/30 sample=zero_boundary_034 soc=0.7999 fc=0
progress step=145250 round=12/40 episode=16/30 sample=zero_boundary_034 soc=0.7999 fc=0
progress step=145300 round=12/40 episode=16/30 sample=zero_boundary_034 soc=0.7999 fc=0
progress step=145350 round=12/40 episode=16/30 sample=zero_boundary_034 soc=0.7999 fc=0
progress step=145400 round=12/40 episode=16/30 sample=zero_boundary_034 soc=0.7999 fc=0
progress step=145450 round=12/40 episode=16/30 sample=zero_boundary_034 soc=0.7999 fc=0
progress step=145500 round=12/40 episode=16/30 sample=zero_boundary_034 soc=0.7999 fc=0
progress step=145550 round=12/40 episode=16/30 sample=zero_boundary_034 soc=0.7999 fc=0
progress step=145600 round=12/40 episode=16/30 sample=zero_boundary_034 soc=0.7992 fc=90
progress step=145650 round=12/40 episode=17/30 sample=zero_boundary_037 soc=0.6743 fc=500
progress step=145700 round=12/40 episode=17/30 sample=zero_boundary_037 soc=0.7625 fc=590
progress step=145750 round=12/40 episode=17/30 sample=zero_boundary_037 soc=0.7953 fc=270
progress step=145800 round=12/40 episode=17/30 sample=zero_boundary_037 soc=0.7998 fc=20
progress step=145850 round=12/40 episode=17/30 sample=zero_boundary_037 soc=0.7874 fc=190
progress step=145900 round=12/40 episode=17/30 sample=zero_boundary_037 soc=0.7636 fc=520
progress step=145950 round=12/40 episode=17/30 sample=zero_boundary_037 soc=0.6614 fc=250
progress step=146000 round=12/40 episode=17/30 sample=zero_boundary_037 soc=0.7053 fc=170
progress step=146050 round=12/40 episode=17/30 sample=zero_boundary_037 soc=0.7987 fc=70
progress step=146100 round=12/40 episode=17/30 sample=zero_boundary_037 soc=0.7999 fc=60
progress step=146150 round=12/40 episode=17/30 sample=zero_boundary_037 soc=0.7999 fc=20
progress step=146200 round=12/40 episode=17/30 sample=zero_boundary_037 soc=0.7981 fc=160
progress step=146250 round=12/40 episode=17/30 sample=zero_boundary_037 soc=0.7983 fc=0
progress step=146300 round=12/40 episode=17/30 sample=zero_boundary_037 soc=0.7972 fc=0
progress step=146350 round=12/40 episode=17/30 sample=zero_boundary_037 soc=0.7985 fc=100
progress step=146400 round=12/40 episode=17/30 sample=zero_boundary_037 soc=0.7977 fc=50
progress step=146450 round=12/40 episode=17/30 sample=zero_boundary_037 soc=0.7975 fc=0
progress step=146500 round=12/40 episode=17/30 sample=zero_boundary_037 soc=0.7993 fc=120
progress step=146550 round=12/40 episode=17/30 sample=zero_boundary_037 soc=0.7980 fc=0
progress step=146600 round=12/40 episode=17/30 sample=zero_boundary_037 soc=0.7977 fc=150
progress step=146650 round=12/40 episode=17/30 sample=zero_boundary_037 soc=0.8000 fc=0
progress step=146700 round=12/40 episode=17/30 sample=zero_boundary_037 soc=0.8000 fc=0
progress step=146750 round=12/40 episode=17/30 sample=zero_boundary_037 soc=0.7999 fc=10
progress step=146800 round=12/40 episode=17/30 sample=zero_boundary_037 soc=0.7995 fc=50
progress step=146850 round=12/40 episode=17/30 sample=zero_boundary_037 soc=0.7990 fc=180
progress step=146900 round=12/40 episode=17/30 sample=zero_boundary_037 soc=0.7991 fc=0
progress step=146950 round=12/40 episode=17/30 sample=zero_boundary_037 soc=0.7995 fc=0
progress step=147000 round=12/40 episode=17/30 sample=zero_boundary_037 soc=0.7998 fc=0
progress step=147050 round=12/40 episode=17/30 sample=zero_boundary_037 soc=0.7963 fc=310
progress step=147100 round=12/40 episode=17/30 sample=zero_boundary_037 soc=0.7984 fc=150
progress step=147150 round=12/40 episode=17/30 sample=zero_boundary_037 soc=0.7994 fc=0
progress step=147200 round=12/40 episode=17/30 sample=zero_boundary_037 soc=0.7982 fc=130
progress step=147250 round=12/40 episode=17/30 sample=zero_boundary_037 soc=0.7995 fc=0
progress step=147300 round=12/40 episode=17/30 sample=zero_boundary_037 soc=0.7995 fc=20
progress step=147350 round=12/40 episode=17/30 sample=zero_boundary_037 soc=0.7996 fc=0
progress step=147400 round=12/40 episode=17/30 sample=zero_boundary_037 soc=0.7998 fc=0
progress step=147450 round=12/40 episode=17/30 sample=zero_boundary_037 soc=0.7995 fc=60
progress step=147500 round=12/40 episode=17/30 sample=zero_boundary_037 soc=0.8000 fc=0
progress step=147550 round=12/40 episode=18/30 sample=zero_boundary_038 soc=0.6920 fc=420
progress step=147600 round=12/40 episode=18/30 sample=zero_boundary_038 soc=0.6745 fc=310
progress step=147650 round=12/40 episode=18/30 sample=zero_boundary_038 soc=0.6744 fc=410
progress step=147700 round=12/40 episode=18/30 sample=zero_boundary_038 soc=0.6100 fc=430
progress step=147750 round=12/40 episode=18/30 sample=zero_boundary_038 soc=0.5387 fc=10
progress step=147800 round=12/40 episode=18/30 sample=zero_boundary_038 soc=0.4774 fc=140
progress step=147850 round=12/40 episode=18/30 sample=zero_boundary_038 soc=0.6362 fc=270
progress step=147900 round=12/40 episode=18/30 sample=zero_boundary_038 soc=0.7986 fc=10
progress step=147950 round=12/40 episode=18/30 sample=zero_boundary_038 soc=0.7985 fc=20
progress step=148000 round=12/40 episode=18/30 sample=zero_boundary_038 soc=0.7969 fc=380
progress step=148050 round=12/40 episode=18/30 sample=zero_boundary_038 soc=0.7744 fc=500
progress step=148100 round=12/40 episode=18/30 sample=zero_boundary_038 soc=0.7588 fc=380
progress step=148150 round=12/40 episode=18/30 sample=zero_boundary_038 soc=0.7570 fc=550
progress step=148200 round=12/40 episode=18/30 sample=zero_boundary_038 soc=0.7999 fc=40
progress step=148250 round=12/40 episode=19/30 sample=zero_boundary_040 soc=0.6512 fc=0
progress step=148300 round=12/40 episode=19/30 sample=zero_boundary_040 soc=0.5827 fc=590
progress step=148350 round=12/40 episode=19/30 sample=zero_boundary_040 soc=0.5239 fc=520
progress step=148400 round=12/40 episode=19/30 sample=zero_boundary_040 soc=0.4394 fc=270
progress step=148450 round=12/40 episode=19/30 sample=zero_boundary_040 soc=0.4311 fc=290
progress step=148500 round=12/40 episode=19/30 sample=zero_boundary_040 soc=0.4131 fc=230
progress step=148550 round=12/40 episode=19/30 sample=zero_boundary_040 soc=0.5092 fc=30
progress step=148600 round=12/40 episode=19/30 sample=zero_boundary_040 soc=0.4943 fc=520
progress step=148650 round=12/40 episode=19/30 sample=zero_boundary_040 soc=0.4203 fc=130
progress step=148700 round=12/40 episode=19/30 sample=zero_boundary_040 soc=0.3451 fc=480
progress step=148750 round=12/40 episode=20/30 sample=zero_boundary_041 soc=0.6248 fc=590
progress step=148800 round=12/40 episode=20/30 sample=zero_boundary_041 soc=0.5799 fc=530
progress step=148850 round=12/40 episode=20/30 sample=zero_boundary_041 soc=0.3683 fc=240
progress step=148900 round=12/40 episode=21/30 sample=zero_boundary_042 soc=0.6450 fc=210
progress step=148950 round=12/40 episode=21/30 sample=zero_boundary_042 soc=0.6017 fc=410
progress step=149000 round=12/40 episode=21/30 sample=zero_boundary_042 soc=0.4708 fc=410
progress step=149050 round=12/40 episode=21/30 sample=zero_boundary_042 soc=0.2570 fc=230
progress step=149100 round=12/40 episode=21/30 sample=zero_boundary_042 soc=0.2017 fc=400
progress step=149150 round=12/40 episode=21/30 sample=zero_boundary_042 soc=0.2005 fc=590
progress step=149200 round=12/40 episode=21/30 sample=zero_boundary_042 soc=0.2003 fc=570
progress step=149250 round=12/40 episode=22/30 sample=zero_boundary_044 soc=0.6384 fc=550
progress step=149300 round=12/40 episode=22/30 sample=zero_boundary_044 soc=0.6181 fc=350
progress step=149350 round=12/40 episode=22/30 sample=zero_boundary_044 soc=0.4448 fc=120
progress step=149400 round=12/40 episode=23/30 sample=zero_boundary_045 soc=0.6390 fc=190
progress step=149450 round=12/40 episode=23/30 sample=zero_boundary_045 soc=0.6722 fc=590
progress step=149500 round=12/40 episode=23/30 sample=zero_boundary_045 soc=0.6474 fc=140
progress step=149550 round=12/40 episode=23/30 sample=zero_boundary_045 soc=0.5488 fc=410
progress step=149600 round=12/40 episode=23/30 sample=zero_boundary_045 soc=0.3672 fc=210
progress step=149650 round=12/40 episode=23/30 sample=zero_boundary_045 soc=0.2564 fc=150
progress step=149700 round=12/40 episode=24/30 sample=zero_boundary_046 soc=0.6047 fc=430
progress step=149750 round=12/40 episode=24/30 sample=zero_boundary_046 soc=0.5615 fc=520
progress step=149800 round=12/40 episode=24/30 sample=zero_boundary_046 soc=0.4209 fc=30
progress step=149850 round=12/40 episode=24/30 sample=zero_boundary_046 soc=0.2007 fc=580
progress step=149900 round=12/40 episode=25/30 sample=zero_boundary_048 soc=0.6670 fc=520
progress step=149950 round=12/40 episode=25/30 sample=zero_boundary_048 soc=0.5244 fc=130
progress step=150000 round=12/40 episode=25/30 sample=zero_boundary_048 soc=0.4267 fc=580
progress step=150050 round=12/40 episode=25/30 sample=zero_boundary_048 soc=0.5216 fc=420
progress step=150100 round=12/40 episode=25/30 sample=zero_boundary_048 soc=0.4851 fc=410
progress step=150150 round=12/40 episode=26/30 sample=zero_boundary_049 soc=0.6125 fc=550
progress step=150200 round=12/40 episode=26/30 sample=zero_boundary_049 soc=0.6881 fc=420
progress step=150250 round=12/40 episode=26/30 sample=zero_boundary_049 soc=0.6926 fc=390
progress step=150300 round=12/40 episode=26/30 sample=zero_boundary_049 soc=0.7338 fc=580
progress step=150350 round=12/40 episode=26/30 sample=zero_boundary_049 soc=0.7646 fc=30
progress step=150400 round=12/40 episode=26/30 sample=zero_boundary_049 soc=0.7972 fc=10
progress step=150450 round=12/40 episode=27/30 sample=zero_boundary_050 soc=0.6426 fc=420
progress step=150500 round=12/40 episode=27/30 sample=zero_boundary_050 soc=0.5158 fc=550
progress step=150550 round=12/40 episode=27/30 sample=zero_boundary_050 soc=0.3831 fc=420
progress step=150600 round=12/40 episode=27/30 sample=zero_boundary_050 soc=0.2397 fc=120
progress step=150650 round=12/40 episode=28/30 sample=zero_boundary_051 soc=0.6449 fc=100
progress step=150700 round=12/40 episode=28/30 sample=zero_boundary_051 soc=0.6733 fc=110
progress step=150750 round=12/40 episode=28/30 sample=zero_boundary_051 soc=0.7343 fc=140
progress step=150800 round=12/40 episode=29/30 sample=zero_boundary_052 soc=0.6713 fc=130
progress step=150850 round=12/40 episode=29/30 sample=zero_boundary_052 soc=0.4382 fc=370
progress step=150900 round=12/40 episode=29/30 sample=zero_boundary_052 soc=0.3498 fc=130
progress step=150950 round=12/40 episode=29/30 sample=zero_boundary_052 soc=0.3784 fc=510
progress step=151000 round=12/40 episode=30/30 sample=zero_boundary_053 soc=0.6106 fc=430
progress step=151050 round=12/40 episode=30/30 sample=zero_boundary_053 soc=0.7067 fc=370
progress step=151100 round=12/40 episode=30/30 sample=zero_boundary_053 soc=0.5735 fc=540
progress step=151150 round=12/40 episode=30/30 sample=zero_boundary_053 soc=0.6449 fc=30
progress step=151200 round=12/40 episode=30/30 sample=zero_boundary_053 soc=0.7103 fc=70
round 12/40 exploratory=20/30 greedy_train start
MONITOR round=12 exploratory=20/30 greedy_train=11/30 validation=SKIPPED cost=None updates=5297 best_round=None
round 13/40 start epsilon=0.7077
progress step=151250 round=13/40 episode=1/30 sample=zero_boundary_002 soc=0.6000 fc=320
progress step=151300 round=13/40 episode=1/30 sample=zero_boundary_002 soc=0.6880 fc=110
progress step=151350 round=13/40 episode=1/30 sample=zero_boundary_002 soc=0.4401 fc=460
progress step=151400 round=13/40 episode=1/30 sample=zero_boundary_002 soc=0.4682 fc=520
progress step=151450 round=13/40 episode=1/30 sample=zero_boundary_002 soc=0.3882 fc=210
progress step=151500 round=13/40 episode=1/30 sample=zero_boundary_002 soc=0.4140 fc=150
progress step=151550 round=13/40 episode=2/30 sample=zero_boundary_005 soc=0.6159 fc=160
progress step=151600 round=13/40 episode=2/30 sample=zero_boundary_005 soc=0.7418 fc=360
progress step=151650 round=13/40 episode=2/30 sample=zero_boundary_005 soc=0.6255 fc=70
progress step=151700 round=13/40 episode=2/30 sample=zero_boundary_005 soc=0.6131 fc=270
progress step=151750 round=13/40 episode=2/30 sample=zero_boundary_005 soc=0.5347 fc=0
progress step=151800 round=13/40 episode=2/30 sample=zero_boundary_005 soc=0.4820 fc=230
progress step=151850 round=13/40 episode=3/30 sample=zero_boundary_006 soc=0.6224 fc=0
progress step=151900 round=13/40 episode=3/30 sample=zero_boundary_006 soc=0.7660 fc=100
progress step=151950 round=13/40 episode=3/30 sample=zero_boundary_006 soc=0.7990 fc=170
progress step=152000 round=13/40 episode=3/30 sample=zero_boundary_006 soc=0.7996 fc=170
progress step=152050 round=13/40 episode=3/30 sample=zero_boundary_006 soc=0.7955 fc=360
progress step=152100 round=13/40 episode=3/30 sample=zero_boundary_006 soc=0.8000 fc=150
progress step=152150 round=13/40 episode=3/30 sample=zero_boundary_006 soc=0.7999 fc=120
progress step=152200 round=13/40 episode=4/30 sample=zero_boundary_007 soc=0.6220 fc=490
progress step=152250 round=13/40 episode=4/30 sample=zero_boundary_007 soc=0.6405 fc=530
progress step=152300 round=13/40 episode=4/30 sample=zero_boundary_007 soc=0.6671 fc=590
progress step=152350 round=13/40 episode=4/30 sample=zero_boundary_007 soc=0.7039 fc=30
progress step=152400 round=13/40 episode=4/30 sample=zero_boundary_007 soc=0.7083 fc=320
progress step=152450 round=13/40 episode=4/30 sample=zero_boundary_007 soc=0.6916 fc=170
progress step=152500 round=13/40 episode=5/30 sample=zero_boundary_008 soc=0.6837 fc=590
progress step=152550 round=13/40 episode=5/30 sample=zero_boundary_008 soc=0.3640 fc=550
progress step=152600 round=13/40 episode=6/30 sample=zero_boundary_011 soc=0.7327 fc=270
progress step=152650 round=13/40 episode=6/30 sample=zero_boundary_011 soc=0.7800 fc=170
progress step=152700 round=13/40 episode=6/30 sample=zero_boundary_011 soc=0.6898 fc=580
progress step=152750 round=13/40 episode=6/30 sample=zero_boundary_011 soc=0.6256 fc=530
progress step=152800 round=13/40 episode=6/30 sample=zero_boundary_011 soc=0.5296 fc=80
progress step=152850 round=13/40 episode=6/30 sample=zero_boundary_011 soc=0.4398 fc=300
progress step=152900 round=13/40 episode=6/30 sample=zero_boundary_011 soc=0.6816 fc=290
progress step=152950 round=13/40 episode=6/30 sample=zero_boundary_011 soc=0.7988 fc=90
progress step=153000 round=13/40 episode=6/30 sample=zero_boundary_011 soc=0.7988 fc=0
progress step=153050 round=13/40 episode=6/30 sample=zero_boundary_011 soc=0.7984 fc=90
progress step=153100 round=13/40 episode=6/30 sample=zero_boundary_011 soc=0.7929 fc=590
progress step=153150 round=13/40 episode=6/30 sample=zero_boundary_011 soc=0.7993 fc=280
progress step=153200 round=13/40 episode=6/30 sample=zero_boundary_011 soc=0.7993 fc=50
progress step=153250 round=13/40 episode=6/30 sample=zero_boundary_011 soc=0.7982 fc=400
progress step=153300 round=13/40 episode=6/30 sample=zero_boundary_011 soc=0.7992 fc=30
progress step=153350 round=13/40 episode=7/30 sample=zero_boundary_013 soc=0.7848 fc=510
progress step=153400 round=13/40 episode=7/30 sample=zero_boundary_013 soc=0.7992 fc=120
progress step=153450 round=13/40 episode=7/30 sample=zero_boundary_013 soc=0.7965 fc=200
progress step=153500 round=13/40 episode=7/30 sample=zero_boundary_013 soc=0.7967 fc=310
progress step=153550 round=13/40 episode=7/30 sample=zero_boundary_013 soc=0.7928 fc=270
progress step=153600 round=13/40 episode=7/30 sample=zero_boundary_013 soc=0.7869 fc=120
progress step=153650 round=13/40 episode=7/30 sample=zero_boundary_013 soc=0.8000 fc=20
progress step=153700 round=13/40 episode=8/30 sample=zero_boundary_015 soc=0.6695 fc=430
progress step=153750 round=13/40 episode=8/30 sample=zero_boundary_015 soc=0.6950 fc=410
progress step=153800 round=13/40 episode=8/30 sample=zero_boundary_015 soc=0.2508 fc=240
progress step=153850 round=13/40 episode=9/30 sample=zero_boundary_016 soc=0.7776 fc=240
progress step=153900 round=13/40 episode=9/30 sample=zero_boundary_016 soc=0.7433 fc=70
progress step=153950 round=13/40 episode=9/30 sample=zero_boundary_016 soc=0.5473 fc=560
progress step=154000 round=13/40 episode=9/30 sample=zero_boundary_016 soc=0.3516 fc=460
progress step=154050 round=13/40 episode=10/30 sample=zero_boundary_017 soc=0.6265 fc=450
progress step=154100 round=13/40 episode=10/30 sample=zero_boundary_017 soc=0.4374 fc=510
progress step=154150 round=13/40 episode=11/30 sample=zero_boundary_020 soc=0.6115 fc=250
progress step=154200 round=13/40 episode=11/30 sample=zero_boundary_020 soc=0.7268 fc=590
progress step=154250 round=13/40 episode=11/30 sample=zero_boundary_020 soc=0.7990 fc=70
progress step=154300 round=13/40 episode=12/30 sample=zero_boundary_021 soc=0.7288 fc=500
progress step=154350 round=13/40 episode=12/30 sample=zero_boundary_021 soc=0.7915 fc=590
progress step=154400 round=13/40 episode=12/30 sample=zero_boundary_021 soc=0.7252 fc=80
progress step=154450 round=13/40 episode=12/30 sample=zero_boundary_021 soc=0.6603 fc=360
progress step=154500 round=13/40 episode=13/30 sample=zero_boundary_022 soc=0.6043 fc=140
progress step=154550 round=13/40 episode=13/30 sample=zero_boundary_022 soc=0.6325 fc=300
progress step=154600 round=13/40 episode=13/30 sample=zero_boundary_022 soc=0.6459 fc=460
progress step=154650 round=13/40 episode=13/30 sample=zero_boundary_022 soc=0.7362 fc=530
progress step=154700 round=13/40 episode=14/30 sample=zero_boundary_029 soc=0.6399 fc=370
progress step=154750 round=13/40 episode=14/30 sample=zero_boundary_029 soc=0.7311 fc=530
progress step=154800 round=13/40 episode=14/30 sample=zero_boundary_029 soc=0.7562 fc=530
progress step=154850 round=13/40 episode=14/30 sample=zero_boundary_029 soc=0.7929 fc=590
progress step=154900 round=13/40 episode=14/30 sample=zero_boundary_029 soc=0.7995 fc=140
progress step=154950 round=13/40 episode=14/30 sample=zero_boundary_029 soc=0.7996 fc=250
progress step=155000 round=13/40 episode=14/30 sample=zero_boundary_029 soc=0.7950 fc=390
progress step=155050 round=13/40 episode=14/30 sample=zero_boundary_029 soc=0.7999 fc=0
progress step=155100 round=13/40 episode=14/30 sample=zero_boundary_029 soc=0.7999 fc=0
progress step=155150 round=13/40 episode=14/30 sample=zero_boundary_029 soc=0.7999 fc=0
progress step=155200 round=13/40 episode=14/30 sample=zero_boundary_029 soc=0.7999 fc=0
progress step=155250 round=13/40 episode=14/30 sample=zero_boundary_029 soc=0.7999 fc=0
progress step=155300 round=13/40 episode=14/30 sample=zero_boundary_029 soc=0.7999 fc=0
progress step=155350 round=13/40 episode=14/30 sample=zero_boundary_029 soc=0.7999 fc=0
progress step=155400 round=13/40 episode=14/30 sample=zero_boundary_029 soc=0.7999 fc=0
progress step=155450 round=13/40 episode=14/30 sample=zero_boundary_029 soc=0.7999 fc=0
progress step=155500 round=13/40 episode=14/30 sample=zero_boundary_029 soc=0.7999 fc=0
progress step=155550 round=13/40 episode=14/30 sample=zero_boundary_029 soc=0.7999 fc=0
progress step=155600 round=13/40 episode=14/30 sample=zero_boundary_029 soc=0.7959 fc=320
progress step=155650 round=13/40 episode=14/30 sample=zero_boundary_029 soc=0.7971 fc=500
progress step=155700 round=13/40 episode=14/30 sample=zero_boundary_029 soc=0.7725 fc=590
progress step=155750 round=13/40 episode=15/30 sample=zero_boundary_033 soc=0.6175 fc=80
progress step=155800 round=13/40 episode=15/30 sample=zero_boundary_033 soc=0.7589 fc=580
progress step=155850 round=13/40 episode=15/30 sample=zero_boundary_033 soc=0.7731 fc=50
progress step=155900 round=13/40 episode=15/30 sample=zero_boundary_033 soc=0.7793 fc=360
progress step=155950 round=13/40 episode=15/30 sample=zero_boundary_033 soc=0.7472 fc=70
progress step=156000 round=13/40 episode=15/30 sample=zero_boundary_033 soc=0.7678 fc=100
progress step=156050 round=13/40 episode=15/30 sample=zero_boundary_033 soc=0.6478 fc=160
progress step=156100 round=13/40 episode=15/30 sample=zero_boundary_033 soc=0.7691 fc=560
progress step=156150 round=13/40 episode=15/30 sample=zero_boundary_033 soc=0.8000 fc=0
progress step=156200 round=13/40 episode=15/30 sample=zero_boundary_033 soc=0.8000 fc=0
progress step=156250 round=13/40 episode=15/30 sample=zero_boundary_033 soc=0.7999 fc=0
progress step=156300 round=13/40 episode=15/30 sample=zero_boundary_033 soc=0.7999 fc=0
progress step=156350 round=13/40 episode=15/30 sample=zero_boundary_033 soc=0.7999 fc=0
progress step=156400 round=13/40 episode=15/30 sample=zero_boundary_033 soc=0.7999 fc=0
progress step=156450 round=13/40 episode=15/30 sample=zero_boundary_033 soc=0.7999 fc=0
progress step=156500 round=13/40 episode=15/30 sample=zero_boundary_033 soc=0.7995 fc=40
progress step=156550 round=13/40 episode=15/30 sample=zero_boundary_033 soc=0.7998 fc=30
progress step=156600 round=13/40 episode=15/30 sample=zero_boundary_033 soc=0.7983 fc=70
progress step=156650 round=13/40 episode=15/30 sample=zero_boundary_033 soc=0.7995 fc=0
progress step=156700 round=13/40 episode=15/30 sample=zero_boundary_033 soc=0.7988 fc=40
progress step=156750 round=13/40 episode=16/30 sample=zero_boundary_034 soc=0.7036 fc=460
progress step=156800 round=13/40 episode=16/30 sample=zero_boundary_034 soc=0.7999 fc=0
progress step=156850 round=13/40 episode=16/30 sample=zero_boundary_034 soc=0.7999 fc=0
progress step=156900 round=13/40 episode=16/30 sample=zero_boundary_034 soc=0.7999 fc=0
progress step=156950 round=13/40 episode=16/30 sample=zero_boundary_034 soc=0.7999 fc=0
progress step=157000 round=13/40 episode=16/30 sample=zero_boundary_034 soc=0.7999 fc=0
progress step=157050 round=13/40 episode=16/30 sample=zero_boundary_034 soc=0.7999 fc=0
progress step=157100 round=13/40 episode=16/30 sample=zero_boundary_034 soc=0.7999 fc=0
progress step=157150 round=13/40 episode=16/30 sample=zero_boundary_034 soc=0.7999 fc=0
progress step=157200 round=13/40 episode=16/30 sample=zero_boundary_034 soc=0.7999 fc=0
progress step=157250 round=13/40 episode=16/30 sample=zero_boundary_034 soc=0.7999 fc=0
progress step=157300 round=13/40 episode=16/30 sample=zero_boundary_034 soc=0.7999 fc=0
progress step=157350 round=13/40 episode=16/30 sample=zero_boundary_034 soc=0.7999 fc=0
progress step=157400 round=13/40 episode=16/30 sample=zero_boundary_034 soc=0.7999 fc=0
progress step=157450 round=13/40 episode=16/30 sample=zero_boundary_034 soc=0.7999 fc=0
progress step=157500 round=13/40 episode=16/30 sample=zero_boundary_034 soc=0.7999 fc=0
progress step=157550 round=13/40 episode=16/30 sample=zero_boundary_034 soc=0.7999 fc=0
progress step=157600 round=13/40 episode=16/30 sample=zero_boundary_034 soc=0.7973 fc=0
progress step=157650 round=13/40 episode=16/30 sample=zero_boundary_034 soc=0.7991 fc=120
progress step=157700 round=13/40 episode=16/30 sample=zero_boundary_034 soc=0.7961 fc=300
progress step=157750 round=13/40 episode=16/30 sample=zero_boundary_034 soc=0.7995 fc=170
progress step=157800 round=13/40 episode=16/30 sample=zero_boundary_034 soc=0.7976 fc=250
progress step=157850 round=13/40 episode=16/30 sample=zero_boundary_034 soc=0.7992 fc=0
progress step=157900 round=13/40 episode=16/30 sample=zero_boundary_034 soc=0.7998 fc=0
progress step=157950 round=13/40 episode=16/30 sample=zero_boundary_034 soc=0.8000 fc=0
progress step=158000 round=13/40 episode=16/30 sample=zero_boundary_034 soc=0.8000 fc=0
progress step=158050 round=13/40 episode=16/30 sample=zero_boundary_034 soc=0.8000 fc=0
progress step=158100 round=13/40 episode=16/30 sample=zero_boundary_034 soc=0.8000 fc=0
progress step=158150 round=13/40 episode=16/30 sample=zero_boundary_034 soc=0.8000 fc=0
progress step=158200 round=13/40 episode=16/30 sample=zero_boundary_034 soc=0.8000 fc=0
progress step=158250 round=13/40 episode=16/30 sample=zero_boundary_034 soc=0.8000 fc=0
progress step=158300 round=13/40 episode=16/30 sample=zero_boundary_034 soc=0.8000 fc=0
progress step=158350 round=13/40 episode=16/30 sample=zero_boundary_034 soc=0.7992 fc=50
progress step=158400 round=13/40 episode=17/30 sample=zero_boundary_037 soc=0.6751 fc=30
progress step=158450 round=13/40 episode=17/30 sample=zero_boundary_037 soc=0.7492 fc=390
progress step=158500 round=13/40 episode=17/30 sample=zero_boundary_037 soc=0.7970 fc=430
progress step=158550 round=13/40 episode=17/30 sample=zero_boundary_037 soc=0.7947 fc=580
progress step=158600 round=13/40 episode=17/30 sample=zero_boundary_037 soc=0.7975 fc=400
progress step=158650 round=13/40 episode=17/30 sample=zero_boundary_037 soc=0.7319 fc=290
progress step=158700 round=13/40 episode=17/30 sample=zero_boundary_037 soc=0.6090 fc=530
progress step=158750 round=13/40 episode=17/30 sample=zero_boundary_037 soc=0.7232 fc=570
progress step=158800 round=13/40 episode=17/30 sample=zero_boundary_037 soc=0.7990 fc=100
progress step=158850 round=13/40 episode=17/30 sample=zero_boundary_037 soc=0.7991 fc=80
progress step=158900 round=13/40 episode=17/30 sample=zero_boundary_037 soc=0.7972 fc=0
progress step=158950 round=13/40 episode=17/30 sample=zero_boundary_037 soc=0.7991 fc=90
progress step=159000 round=13/40 episode=17/30 sample=zero_boundary_037 soc=0.7982 fc=200
progress step=159050 round=13/40 episode=17/30 sample=zero_boundary_037 soc=0.7991 fc=10
progress step=159100 round=13/40 episode=17/30 sample=zero_boundary_037 soc=0.7987 fc=50
progress step=159150 round=13/40 episode=17/30 sample=zero_boundary_037 soc=0.7987 fc=50
progress step=159200 round=13/40 episode=17/30 sample=zero_boundary_037 soc=0.7968 fc=310
progress step=159250 round=13/40 episode=17/30 sample=zero_boundary_037 soc=0.7997 fc=60
progress step=159300 round=13/40 episode=17/30 sample=zero_boundary_037 soc=0.7978 fc=130
progress step=159350 round=13/40 episode=17/30 sample=zero_boundary_037 soc=0.7999 fc=20
progress step=159400 round=13/40 episode=17/30 sample=zero_boundary_037 soc=0.7999 fc=0
progress step=159450 round=13/40 episode=17/30 sample=zero_boundary_037 soc=0.7999 fc=0
progress step=159500 round=13/40 episode=17/30 sample=zero_boundary_037 soc=0.7979 fc=0
progress step=159550 round=13/40 episode=17/30 sample=zero_boundary_037 soc=0.7986 fc=0
progress step=159600 round=13/40 episode=17/30 sample=zero_boundary_037 soc=0.7995 fc=60
progress step=159650 round=13/40 episode=17/30 sample=zero_boundary_037 soc=0.7990 fc=90
progress step=159700 round=13/40 episode=17/30 sample=zero_boundary_037 soc=0.7993 fc=10
progress step=159750 round=13/40 episode=17/30 sample=zero_boundary_037 soc=0.7987 fc=0
progress step=159800 round=13/40 episode=17/30 sample=zero_boundary_037 soc=0.7982 fc=90
progress step=159850 round=13/40 episode=17/30 sample=zero_boundary_037 soc=0.7999 fc=0
progress step=159900 round=13/40 episode=17/30 sample=zero_boundary_037 soc=0.7997 fc=0
progress step=159950 round=13/40 episode=17/30 sample=zero_boundary_037 soc=0.7985 fc=20
progress step=160000 round=13/40 episode=17/30 sample=zero_boundary_037 soc=0.7979 fc=70
progress step=160050 round=13/40 episode=17/30 sample=zero_boundary_037 soc=0.7996 fc=50
progress step=160100 round=13/40 episode=17/30 sample=zero_boundary_037 soc=0.7990 fc=20
progress step=160150 round=13/40 episode=17/30 sample=zero_boundary_037 soc=0.7980 fc=130
progress step=160200 round=13/40 episode=17/30 sample=zero_boundary_037 soc=0.7997 fc=0
progress step=160250 round=13/40 episode=17/30 sample=zero_boundary_037 soc=0.7997 fc=0
progress step=160300 round=13/40 episode=18/30 sample=zero_boundary_038 soc=0.6776 fc=270
progress step=160350 round=13/40 episode=18/30 sample=zero_boundary_038 soc=0.6637 fc=560
progress step=160400 round=13/40 episode=18/30 sample=zero_boundary_038 soc=0.6840 fc=140
progress step=160450 round=13/40 episode=18/30 sample=zero_boundary_038 soc=0.5848 fc=310
progress step=160500 round=13/40 episode=18/30 sample=zero_boundary_038 soc=0.4894 fc=260
progress step=160550 round=13/40 episode=18/30 sample=zero_boundary_038 soc=0.4873 fc=570
progress step=160600 round=13/40 episode=18/30 sample=zero_boundary_038 soc=0.6554 fc=230
progress step=160650 round=13/40 episode=18/30 sample=zero_boundary_038 soc=0.7998 fc=0
progress step=160700 round=13/40 episode=18/30 sample=zero_boundary_038 soc=0.7988 fc=130
progress step=160750 round=13/40 episode=18/30 sample=zero_boundary_038 soc=0.7979 fc=520
progress step=160800 round=13/40 episode=18/30 sample=zero_boundary_038 soc=0.7955 fc=230
progress step=160850 round=13/40 episode=18/30 sample=zero_boundary_038 soc=0.7900 fc=80
progress step=160900 round=13/40 episode=18/30 sample=zero_boundary_038 soc=0.7978 fc=340
progress step=160950 round=13/40 episode=18/30 sample=zero_boundary_038 soc=0.7987 fc=0
progress step=161000 round=13/40 episode=19/30 sample=zero_boundary_040 soc=0.6150 fc=220
progress step=161050 round=13/40 episode=19/30 sample=zero_boundary_040 soc=0.5631 fc=420
progress step=161100 round=13/40 episode=19/30 sample=zero_boundary_040 soc=0.5155 fc=520
progress step=161150 round=13/40 episode=19/30 sample=zero_boundary_040 soc=0.4888 fc=430
progress step=161200 round=13/40 episode=19/30 sample=zero_boundary_040 soc=0.4576 fc=260
progress step=161250 round=13/40 episode=19/30 sample=zero_boundary_040 soc=0.4566 fc=100
progress step=161300 round=13/40 episode=19/30 sample=zero_boundary_040 soc=0.6188 fc=70
progress step=161350 round=13/40 episode=19/30 sample=zero_boundary_040 soc=0.5869 fc=570
progress step=161400 round=13/40 episode=19/30 sample=zero_boundary_040 soc=0.4910 fc=220
progress step=161450 round=13/40 episode=19/30 sample=zero_boundary_040 soc=0.4854 fc=380
progress step=161500 round=13/40 episode=20/30 sample=zero_boundary_041 soc=0.5968 fc=140
progress step=161550 round=13/40 episode=20/30 sample=zero_boundary_041 soc=0.5187 fc=170
progress step=161600 round=13/40 episode=20/30 sample=zero_boundary_041 soc=0.2568 fc=0
progress step=161650 round=13/40 episode=21/30 sample=zero_boundary_042 soc=0.6909 fc=490
progress step=161700 round=13/40 episode=21/30 sample=zero_boundary_042 soc=0.5940 fc=430
progress step=161750 round=13/40 episode=21/30 sample=zero_boundary_042 soc=0.3939 fc=340
progress step=161800 round=13/40 episode=21/30 sample=zero_boundary_042 soc=0.2014 fc=490
progress step=161850 round=13/40 episode=21/30 sample=zero_boundary_042 soc=0.2004 fc=520
progress step=161900 round=13/40 episode=21/30 sample=zero_boundary_042 soc=0.3223 fc=20
progress step=161950 round=13/40 episode=21/30 sample=zero_boundary_042 soc=0.2002 fc=570
progress step=162000 round=13/40 episode=22/30 sample=zero_boundary_044 soc=0.6402 fc=520
progress step=162050 round=13/40 episode=22/30 sample=zero_boundary_044 soc=0.6098 fc=30
progress step=162100 round=13/40 episode=22/30 sample=zero_boundary_044 soc=0.3471 fc=430
progress step=162150 round=13/40 episode=23/30 sample=zero_boundary_045 soc=0.6950 fc=40
progress step=162200 round=13/40 episode=23/30 sample=zero_boundary_045 soc=0.6277 fc=520
progress step=162250 round=13/40 episode=23/30 sample=zero_boundary_045 soc=0.5660 fc=380
progress step=162300 round=13/40 episode=23/30 sample=zero_boundary_045 soc=0.3611 fc=110
progress step=162350 round=13/40 episode=24/30 sample=zero_boundary_046 soc=0.6036 fc=20
progress step=162400 round=13/40 episode=24/30 sample=zero_boundary_046 soc=0.4975 fc=60
progress step=162450 round=13/40 episode=24/30 sample=zero_boundary_046 soc=0.2779 fc=110
progress step=162500 round=13/40 episode=25/30 sample=zero_boundary_048 soc=0.6347 fc=490
progress step=162550 round=13/40 episode=25/30 sample=zero_boundary_048 soc=0.4854 fc=250
progress step=162600 round=13/40 episode=25/30 sample=zero_boundary_048 soc=0.3484 fc=60
progress step=162650 round=13/40 episode=25/30 sample=zero_boundary_048 soc=0.3848 fc=520
progress step=162700 round=13/40 episode=25/30 sample=zero_boundary_048 soc=0.3610 fc=520
progress step=162750 round=13/40 episode=26/30 sample=zero_boundary_049 soc=0.6146 fc=420
progress step=162800 round=13/40 episode=26/30 sample=zero_boundary_049 soc=0.6515 fc=420
progress step=162850 round=13/40 episode=26/30 sample=zero_boundary_049 soc=0.6456 fc=220
progress step=162900 round=13/40 episode=26/30 sample=zero_boundary_049 soc=0.6621 fc=20
progress step=162950 round=13/40 episode=26/30 sample=zero_boundary_049 soc=0.6787 fc=310
progress step=163000 round=13/40 episode=26/30 sample=zero_boundary_049 soc=0.7991 fc=0
progress step=163050 round=13/40 episode=27/30 sample=zero_boundary_050 soc=0.6715 fc=420
progress step=163100 round=13/40 episode=27/30 sample=zero_boundary_050 soc=0.5932 fc=420
progress step=163150 round=13/40 episode=27/30 sample=zero_boundary_050 soc=0.4437 fc=110
progress step=163200 round=13/40 episode=27/30 sample=zero_boundary_050 soc=0.2891 fc=560
progress step=163250 round=13/40 episode=28/30 sample=zero_boundary_051 soc=0.6153 fc=470
progress step=163300 round=13/40 episode=28/30 sample=zero_boundary_051 soc=0.6322 fc=420
progress step=163350 round=13/40 episode=28/30 sample=zero_boundary_051 soc=0.6465 fc=560
progress step=163400 round=13/40 episode=29/30 sample=zero_boundary_052 soc=0.6838 fc=560
progress step=163450 round=13/40 episode=29/30 sample=zero_boundary_052 soc=0.5261 fc=400
progress step=163500 round=13/40 episode=29/30 sample=zero_boundary_052 soc=0.3245 fc=250
progress step=163550 round=13/40 episode=29/30 sample=zero_boundary_052 soc=0.3597 fc=370
progress step=163600 round=13/40 episode=29/30 sample=zero_boundary_052 soc=0.4716 fc=0
progress step=163650 round=13/40 episode=30/30 sample=zero_boundary_053 soc=0.7452 fc=580
progress step=163700 round=13/40 episode=30/30 sample=zero_boundary_053 soc=0.6895 fc=50
progress step=163750 round=13/40 episode=30/30 sample=zero_boundary_053 soc=0.6510 fc=250
progress step=163800 round=13/40 episode=30/30 sample=zero_boundary_053 soc=0.7875 fc=260
progress step=163850 round=13/40 episode=30/30 sample=zero_boundary_053 soc=0.7991 fc=0
round 13/40 exploratory=20/30 greedy_train start
MONITOR round=13 exploratory=20/30 greedy_train=12/30 validation=SKIPPED cost=None updates=5691 best_round=None
round 14/40 start epsilon=0.6833
progress step=163900 round=14/40 episode=1/30 sample=zero_boundary_002 soc=0.7033 fc=90
progress step=163950 round=14/40 episode=1/30 sample=zero_boundary_002 soc=0.4924 fc=470
progress step=164000 round=14/40 episode=1/30 sample=zero_boundary_002 soc=0.2217 fc=60
progress step=164050 round=14/40 episode=1/30 sample=zero_boundary_002 soc=0.3259 fc=20
progress step=164100 round=14/40 episode=1/30 sample=zero_boundary_002 soc=0.2557 fc=600
progress step=164150 round=14/40 episode=1/30 sample=zero_boundary_002 soc=0.3302 fc=550
progress step=164200 round=14/40 episode=2/30 sample=zero_boundary_005 soc=0.6412 fc=590
progress step=164250 round=14/40 episode=2/30 sample=zero_boundary_005 soc=0.5921 fc=270
progress step=164300 round=14/40 episode=2/30 sample=zero_boundary_005 soc=0.5577 fc=480
progress step=164350 round=14/40 episode=2/30 sample=zero_boundary_005 soc=0.4984 fc=560
progress step=164400 round=14/40 episode=2/30 sample=zero_boundary_005 soc=0.3970 fc=510
progress step=164450 round=14/40 episode=2/30 sample=zero_boundary_005 soc=0.4327 fc=0
progress step=164500 round=14/40 episode=3/30 sample=zero_boundary_006 soc=0.7351 fc=380
progress step=164550 round=14/40 episode=3/30 sample=zero_boundary_006 soc=0.7993 fc=160
progress step=164600 round=14/40 episode=3/30 sample=zero_boundary_006 soc=0.7986 fc=120
progress step=164650 round=14/40 episode=3/30 sample=zero_boundary_006 soc=0.7999 fc=30
progress step=164700 round=14/40 episode=3/30 sample=zero_boundary_006 soc=0.7939 fc=30
progress step=164750 round=14/40 episode=3/30 sample=zero_boundary_006 soc=0.7985 fc=160
progress step=164800 round=14/40 episode=3/30 sample=zero_boundary_006 soc=0.7987 fc=10
progress step=164850 round=14/40 episode=4/30 sample=zero_boundary_007 soc=0.6509 fc=530
progress step=164900 round=14/40 episode=4/30 sample=zero_boundary_007 soc=0.5866 fc=110
progress step=164950 round=14/40 episode=4/30 sample=zero_boundary_007 soc=0.6562 fc=330
progress step=165000 round=14/40 episode=4/30 sample=zero_boundary_007 soc=0.7269 fc=590
progress step=165050 round=14/40 episode=4/30 sample=zero_boundary_007 soc=0.7280 fc=590
progress step=165100 round=14/40 episode=5/30 sample=zero_boundary_008 soc=0.6434 fc=300
progress step=165150 round=14/40 episode=5/30 sample=zero_boundary_008 soc=0.4474 fc=20
progress step=165200 round=14/40 episode=6/30 sample=zero_boundary_011 soc=0.6708 fc=480
progress step=165250 round=14/40 episode=6/30 sample=zero_boundary_011 soc=0.7992 fc=380
progress step=165300 round=14/40 episode=6/30 sample=zero_boundary_011 soc=0.7326 fc=220
progress step=165350 round=14/40 episode=6/30 sample=zero_boundary_011 soc=0.5903 fc=530
progress step=165400 round=14/40 episode=6/30 sample=zero_boundary_011 soc=0.4591 fc=140
progress step=165450 round=14/40 episode=6/30 sample=zero_boundary_011 soc=0.3059 fc=260
progress step=165500 round=14/40 episode=6/30 sample=zero_boundary_011 soc=0.4206 fc=280
progress step=165550 round=14/40 episode=6/30 sample=zero_boundary_011 soc=0.5599 fc=520
progress step=165600 round=14/40 episode=6/30 sample=zero_boundary_011 soc=0.7631 fc=180
progress step=165650 round=14/40 episode=6/30 sample=zero_boundary_011 soc=0.7987 fc=40
progress step=165700 round=14/40 episode=6/30 sample=zero_boundary_011 soc=0.7994 fc=260
progress step=165750 round=14/40 episode=6/30 sample=zero_boundary_011 soc=0.7936 fc=330
progress step=165800 round=14/40 episode=6/30 sample=zero_boundary_011 soc=0.7982 fc=10
progress step=165850 round=14/40 episode=6/30 sample=zero_boundary_011 soc=0.7993 fc=40
progress step=165900 round=14/40 episode=6/30 sample=zero_boundary_011 soc=0.7777 fc=480
progress step=165950 round=14/40 episode=7/30 sample=zero_boundary_013 soc=0.6807 fc=430
progress step=166000 round=14/40 episode=7/30 sample=zero_boundary_013 soc=0.7978 fc=330
progress step=166050 round=14/40 episode=7/30 sample=zero_boundary_013 soc=0.7999 fc=290
progress step=166100 round=14/40 episode=7/30 sample=zero_boundary_013 soc=0.7945 fc=10
progress step=166150 round=14/40 episode=7/30 sample=zero_boundary_013 soc=0.7972 fc=430
progress step=166200 round=14/40 episode=7/30 sample=zero_boundary_013 soc=0.7959 fc=140
progress step=166250 round=14/40 episode=7/30 sample=zero_boundary_013 soc=0.7964 fc=0
progress step=166300 round=14/40 episode=8/30 sample=zero_boundary_015 soc=0.6997 fc=220
progress step=166350 round=14/40 episode=8/30 sample=zero_boundary_015 soc=0.7293 fc=500
progress step=166400 round=14/40 episode=8/30 sample=zero_boundary_015 soc=0.4616 fc=130
progress step=166450 round=14/40 episode=9/30 sample=zero_boundary_016 soc=0.7235 fc=400
progress step=166500 round=14/40 episode=9/30 sample=zero_boundary_016 soc=0.7887 fc=590
progress step=166550 round=14/40 episode=9/30 sample=zero_boundary_016 soc=0.6677 fc=180
progress step=166600 round=14/40 episode=9/30 sample=zero_boundary_016 soc=0.5266 fc=530
progress step=166650 round=14/40 episode=9/30 sample=zero_boundary_016 soc=0.2812 fc=230
progress step=166700 round=14/40 episode=10/30 sample=zero_boundary_017 soc=0.5955 fc=570
progress step=166750 round=14/40 episode=10/30 sample=zero_boundary_017 soc=0.3493 fc=250
progress step=166800 round=14/40 episode=11/30 sample=zero_boundary_020 soc=0.6677 fc=520
progress step=166850 round=14/40 episode=11/30 sample=zero_boundary_020 soc=0.7145 fc=530
progress step=166900 round=14/40 episode=11/30 sample=zero_boundary_020 soc=0.7997 fc=30
progress step=166950 round=14/40 episode=12/30 sample=zero_boundary_021 soc=0.7950 fc=60
progress step=167000 round=14/40 episode=12/30 sample=zero_boundary_021 soc=0.7685 fc=520
progress step=167050 round=14/40 episode=12/30 sample=zero_boundary_021 soc=0.7526 fc=590
progress step=167100 round=14/40 episode=12/30 sample=zero_boundary_021 soc=0.6935 fc=590
progress step=167150 round=14/40 episode=13/30 sample=zero_boundary_022 soc=0.6225 fc=190
progress step=167200 round=14/40 episode=13/30 sample=zero_boundary_022 soc=0.6185 fc=190
progress step=167250 round=14/40 episode=13/30 sample=zero_boundary_022 soc=0.6609 fc=200
progress step=167300 round=14/40 episode=13/30 sample=zero_boundary_022 soc=0.7400 fc=340
progress step=167350 round=14/40 episode=14/30 sample=zero_boundary_029 soc=0.7053 fc=210
progress step=167400 round=14/40 episode=14/30 sample=zero_boundary_029 soc=0.7680 fc=460
progress step=167450 round=14/40 episode=14/30 sample=zero_boundary_029 soc=0.7677 fc=420
progress step=167500 round=14/40 episode=14/30 sample=zero_boundary_029 soc=0.7552 fc=560
progress step=167550 round=14/40 episode=14/30 sample=zero_boundary_029 soc=0.7969 fc=430
progress step=167600 round=14/40 episode=14/30 sample=zero_boundary_029 soc=0.7968 fc=360
progress step=167650 round=14/40 episode=14/30 sample=zero_boundary_029 soc=0.7986 fc=0
progress step=167700 round=14/40 episode=14/30 sample=zero_boundary_029 soc=0.7999 fc=0
progress step=167750 round=14/40 episode=14/30 sample=zero_boundary_029 soc=0.7999 fc=0
progress step=167800 round=14/40 episode=14/30 sample=zero_boundary_029 soc=0.7999 fc=0
progress step=167850 round=14/40 episode=14/30 sample=zero_boundary_029 soc=0.7999 fc=0
progress step=167900 round=14/40 episode=14/30 sample=zero_boundary_029 soc=0.7999 fc=0
progress step=167950 round=14/40 episode=14/30 sample=zero_boundary_029 soc=0.7999 fc=0
progress step=168000 round=14/40 episode=14/30 sample=zero_boundary_029 soc=0.7999 fc=0
progress step=168050 round=14/40 episode=14/30 sample=zero_boundary_029 soc=0.7999 fc=0
progress step=168100 round=14/40 episode=14/30 sample=zero_boundary_029 soc=0.7999 fc=0
progress step=168150 round=14/40 episode=14/30 sample=zero_boundary_029 soc=0.7999 fc=0
progress step=168200 round=14/40 episode=14/30 sample=zero_boundary_029 soc=0.7996 fc=60
progress step=168250 round=14/40 episode=14/30 sample=zero_boundary_029 soc=0.7992 fc=370
progress step=168300 round=14/40 episode=14/30 sample=zero_boundary_029 soc=0.7986 fc=90
progress step=168350 round=14/40 episode=14/30 sample=zero_boundary_029 soc=0.7907 fc=590
progress step=168400 round=14/40 episode=15/30 sample=zero_boundary_033 soc=0.6618 fc=40
progress step=168450 round=14/40 episode=15/30 sample=zero_boundary_033 soc=0.7976 fc=250
progress step=168500 round=14/40 episode=15/30 sample=zero_boundary_033 soc=0.7519 fc=570
progress step=168550 round=14/40 episode=15/30 sample=zero_boundary_033 soc=0.7927 fc=450
progress step=168600 round=14/40 episode=15/30 sample=zero_boundary_033 soc=0.7397 fc=340
progress step=168650 round=14/40 episode=15/30 sample=zero_boundary_033 soc=0.6928 fc=570
progress step=168700 round=14/40 episode=15/30 sample=zero_boundary_033 soc=0.5877 fc=550
progress step=168750 round=14/40 episode=15/30 sample=zero_boundary_033 soc=0.7999 fc=0
progress step=168800 round=14/40 episode=15/30 sample=zero_boundary_033 soc=0.7999 fc=0
progress step=168850 round=14/40 episode=15/30 sample=zero_boundary_033 soc=0.7999 fc=0
progress step=168900 round=14/40 episode=15/30 sample=zero_boundary_033 soc=0.7999 fc=0
progress step=168950 round=14/40 episode=15/30 sample=zero_boundary_033 soc=0.7999 fc=0
progress step=169000 round=14/40 episode=15/30 sample=zero_boundary_033 soc=0.7999 fc=0
progress step=169050 round=14/40 episode=15/30 sample=zero_boundary_033 soc=0.7999 fc=0
progress step=169100 round=14/40 episode=15/30 sample=zero_boundary_033 soc=0.7999 fc=0
progress step=169150 round=14/40 episode=15/30 sample=zero_boundary_033 soc=0.7984 fc=0
progress step=169200 round=14/40 episode=15/30 sample=zero_boundary_033 soc=0.7988 fc=100
progress step=169250 round=14/40 episode=15/30 sample=zero_boundary_033 soc=0.7994 fc=70
progress step=169300 round=14/40 episode=15/30 sample=zero_boundary_033 soc=0.7977 fc=80
progress step=169350 round=14/40 episode=15/30 sample=zero_boundary_033 soc=0.7999 fc=10
progress step=169400 round=14/40 episode=16/30 sample=zero_boundary_034 soc=0.7355 fc=410
progress step=169450 round=14/40 episode=16/30 sample=zero_boundary_034 soc=0.7999 fc=0
progress step=169500 round=14/40 episode=16/30 sample=zero_boundary_034 soc=0.7999 fc=0
progress step=169550 round=14/40 episode=16/30 sample=zero_boundary_034 soc=0.7999 fc=0
progress step=169600 round=14/40 episode=16/30 sample=zero_boundary_034 soc=0.7999 fc=0
progress step=169650 round=14/40 episode=16/30 sample=zero_boundary_034 soc=0.7999 fc=0
progress step=169700 round=14/40 episode=16/30 sample=zero_boundary_034 soc=0.7999 fc=0
progress step=169750 round=14/40 episode=16/30 sample=zero_boundary_034 soc=0.7999 fc=0
progress step=169800 round=14/40 episode=16/30 sample=zero_boundary_034 soc=0.7999 fc=0
progress step=169850 round=14/40 episode=16/30 sample=zero_boundary_034 soc=0.7999 fc=0
progress step=169900 round=14/40 episode=16/30 sample=zero_boundary_034 soc=0.7999 fc=0
progress step=169950 round=14/40 episode=16/30 sample=zero_boundary_034 soc=0.7999 fc=0
progress step=170000 round=14/40 episode=16/30 sample=zero_boundary_034 soc=0.7999 fc=0
progress step=170050 round=14/40 episode=16/30 sample=zero_boundary_034 soc=0.7999 fc=0
progress step=170100 round=14/40 episode=16/30 sample=zero_boundary_034 soc=0.7999 fc=0
progress step=170150 round=14/40 episode=16/30 sample=zero_boundary_034 soc=0.7999 fc=0
progress step=170200 round=14/40 episode=16/30 sample=zero_boundary_034 soc=0.7999 fc=0
progress step=170250 round=14/40 episode=16/30 sample=zero_boundary_034 soc=0.7993 fc=130
progress step=170300 round=14/40 episode=16/30 sample=zero_boundary_034 soc=0.7994 fc=160
progress step=170350 round=14/40 episode=16/30 sample=zero_boundary_034 soc=0.7998 fc=150
progress step=170400 round=14/40 episode=16/30 sample=zero_boundary_034 soc=0.7984 fc=240
progress step=170450 round=14/40 episode=16/30 sample=zero_boundary_034 soc=0.8000 fc=150
progress step=170500 round=14/40 episode=16/30 sample=zero_boundary_034 soc=0.7986 fc=0
progress step=170550 round=14/40 episode=16/30 sample=zero_boundary_034 soc=0.7999 fc=0
progress step=170600 round=14/40 episode=16/30 sample=zero_boundary_034 soc=0.7999 fc=0
progress step=170650 round=14/40 episode=16/30 sample=zero_boundary_034 soc=0.7999 fc=0
progress step=170700 round=14/40 episode=16/30 sample=zero_boundary_034 soc=0.7999 fc=0
progress step=170750 round=14/40 episode=16/30 sample=zero_boundary_034 soc=0.7999 fc=0
progress step=170800 round=14/40 episode=16/30 sample=zero_boundary_034 soc=0.7999 fc=0
progress step=170850 round=14/40 episode=16/30 sample=zero_boundary_034 soc=0.7999 fc=0
progress step=170900 round=14/40 episode=16/30 sample=zero_boundary_034 soc=0.7999 fc=0
progress step=170950 round=14/40 episode=16/30 sample=zero_boundary_034 soc=0.7999 fc=0
progress step=171000 round=14/40 episode=17/30 sample=zero_boundary_037 soc=0.6169 fc=170
progress step=171050 round=14/40 episode=17/30 sample=zero_boundary_037 soc=0.7125 fc=430
progress step=171100 round=14/40 episode=17/30 sample=zero_boundary_037 soc=0.7663 fc=590
progress step=171150 round=14/40 episode=17/30 sample=zero_boundary_037 soc=0.7976 fc=410
progress step=171200 round=14/40 episode=17/30 sample=zero_boundary_037 soc=0.7953 fc=400
progress step=171250 round=14/40 episode=17/30 sample=zero_boundary_037 soc=0.7968 fc=530
progress step=171300 round=14/40 episode=17/30 sample=zero_boundary_037 soc=0.7356 fc=320
progress step=171350 round=14/40 episode=17/30 sample=zero_boundary_037 soc=0.6457 fc=120
progress step=171400 round=14/40 episode=17/30 sample=zero_boundary_037 soc=0.7991 fc=20
progress step=171450 round=14/40 episode=17/30 sample=zero_boundary_037 soc=0.7988 fc=90
progress step=171500 round=14/40 episode=17/30 sample=zero_boundary_037 soc=0.7998 fc=20
progress step=171550 round=14/40 episode=17/30 sample=zero_boundary_037 soc=0.7999 fc=40
progress step=171600 round=14/40 episode=17/30 sample=zero_boundary_037 soc=0.7998 fc=40
progress step=171650 round=14/40 episode=17/30 sample=zero_boundary_037 soc=0.7997 fc=0
progress step=171700 round=14/40 episode=17/30 sample=zero_boundary_037 soc=0.7988 fc=70
progress step=171750 round=14/40 episode=17/30 sample=zero_boundary_037 soc=0.7976 fc=230
progress step=171800 round=14/40 episode=17/30 sample=zero_boundary_037 soc=0.7999 fc=30
progress step=171850 round=14/40 episode=17/30 sample=zero_boundary_037 soc=0.7998 fc=80
progress step=171900 round=14/40 episode=17/30 sample=zero_boundary_037 soc=0.7968 fc=270
progress step=171950 round=14/40 episode=17/30 sample=zero_boundary_037 soc=0.7982 fc=20
progress step=172000 round=14/40 episode=17/30 sample=zero_boundary_037 soc=0.8000 fc=0
progress step=172050 round=14/40 episode=17/30 sample=zero_boundary_037 soc=0.8000 fc=0
progress step=172100 round=14/40 episode=17/30 sample=zero_boundary_037 soc=0.8000 fc=0
progress step=172150 round=14/40 episode=17/30 sample=zero_boundary_037 soc=0.7980 fc=20
progress step=172200 round=14/40 episode=17/30 sample=zero_boundary_037 soc=0.7987 fc=0
progress step=172250 round=14/40 episode=17/30 sample=zero_boundary_037 soc=0.7985 fc=130
progress step=172300 round=14/40 episode=17/30 sample=zero_boundary_037 soc=0.7989 fc=60
progress step=172350 round=14/40 episode=17/30 sample=zero_boundary_037 soc=0.7989 fc=80
progress step=172400 round=14/40 episode=17/30 sample=zero_boundary_037 soc=0.7999 fc=30
progress step=172450 round=14/40 episode=17/30 sample=zero_boundary_037 soc=0.8000 fc=10
progress step=172500 round=14/40 episode=17/30 sample=zero_boundary_037 soc=0.7998 fc=20
progress step=172550 round=14/40 episode=17/30 sample=zero_boundary_037 soc=0.7989 fc=0
progress step=172600 round=14/40 episode=17/30 sample=zero_boundary_037 soc=0.7988 fc=0
progress step=172650 round=14/40 episode=17/30 sample=zero_boundary_037 soc=0.7990 fc=80
progress step=172700 round=14/40 episode=17/30 sample=zero_boundary_037 soc=0.7996 fc=40
progress step=172750 round=14/40 episode=17/30 sample=zero_boundary_037 soc=0.7995 fc=0
progress step=172800 round=14/40 episode=17/30 sample=zero_boundary_037 soc=0.7995 fc=40
progress step=172850 round=14/40 episode=17/30 sample=zero_boundary_037 soc=0.7994 fc=50
progress step=172900 round=14/40 episode=18/30 sample=zero_boundary_038 soc=0.6335 fc=570
progress step=172950 round=14/40 episode=18/30 sample=zero_boundary_038 soc=0.6953 fc=320
progress step=173000 round=14/40 episode=18/30 sample=zero_boundary_038 soc=0.6542 fc=570
progress step=173050 round=14/40 episode=18/30 sample=zero_boundary_038 soc=0.6778 fc=570
progress step=173100 round=14/40 episode=18/30 sample=zero_boundary_038 soc=0.6262 fc=570
progress step=173150 round=14/40 episode=18/30 sample=zero_boundary_038 soc=0.5519 fc=450
progress step=173200 round=14/40 episode=18/30 sample=zero_boundary_038 soc=0.6202 fc=0
progress step=173250 round=14/40 episode=18/30 sample=zero_boundary_038 soc=0.7883 fc=520
progress step=173300 round=14/40 episode=18/30 sample=zero_boundary_038 soc=0.7990 fc=40
progress step=173350 round=14/40 episode=18/30 sample=zero_boundary_038 soc=0.7994 fc=110
progress step=173400 round=14/40 episode=18/30 sample=zero_boundary_038 soc=0.7920 fc=560
progress step=173450 round=14/40 episode=18/30 sample=zero_boundary_038 soc=0.7740 fc=570
progress step=173500 round=14/40 episode=18/30 sample=zero_boundary_038 soc=0.7938 fc=430
progress step=173550 round=14/40 episode=18/30 sample=zero_boundary_038 soc=0.7932 fc=150
progress step=173600 round=14/40 episode=19/30 sample=zero_boundary_040 soc=0.6243 fc=470
progress step=173650 round=14/40 episode=19/30 sample=zero_boundary_040 soc=0.6774 fc=380
progress step=173700 round=14/40 episode=19/30 sample=zero_boundary_040 soc=0.5474 fc=450
progress step=173750 round=14/40 episode=19/30 sample=zero_boundary_040 soc=0.5134 fc=130
progress step=173800 round=14/40 episode=19/30 sample=zero_boundary_040 soc=0.5024 fc=290
progress step=173850 round=14/40 episode=19/30 sample=zero_boundary_040 soc=0.5031 fc=390
progress step=173900 round=14/40 episode=19/30 sample=zero_boundary_040 soc=0.5469 fc=330
progress step=173950 round=14/40 episode=19/30 sample=zero_boundary_040 soc=0.6815 fc=10
progress step=174000 round=14/40 episode=19/30 sample=zero_boundary_040 soc=0.6093 fc=100
progress step=174050 round=14/40 episode=19/30 sample=zero_boundary_040 soc=0.5303 fc=340
progress step=174100 round=14/40 episode=20/30 sample=zero_boundary_041 soc=0.6087 fc=280
progress step=174150 round=14/40 episode=20/30 sample=zero_boundary_041 soc=0.5961 fc=480
progress step=174200 round=14/40 episode=20/30 sample=zero_boundary_041 soc=0.4000 fc=380
progress step=174250 round=14/40 episode=21/30 sample=zero_boundary_042 soc=0.6584 fc=520
progress step=174300 round=14/40 episode=21/30 sample=zero_boundary_042 soc=0.6354 fc=570
progress step=174350 round=14/40 episode=21/30 sample=zero_boundary_042 soc=0.4786 fc=270
progress step=174400 round=14/40 episode=21/30 sample=zero_boundary_042 soc=0.2268 fc=160
progress step=174450 round=14/40 episode=21/30 sample=zero_boundary_042 soc=0.2008 fc=540
progress step=174500 round=14/40 episode=21/30 sample=zero_boundary_042 soc=0.2075 fc=50
progress step=174550 round=14/40 episode=21/30 sample=zero_boundary_042 soc=0.2005 fc=570
progress step=174600 round=14/40 episode=22/30 sample=zero_boundary_044 soc=0.6434 fc=480
progress step=174650 round=14/40 episode=22/30 sample=zero_boundary_044 soc=0.5864 fc=480
progress step=174700 round=14/40 episode=22/30 sample=zero_boundary_044 soc=0.4101 fc=410
progress step=174750 round=14/40 episode=23/30 sample=zero_boundary_045 soc=0.6584 fc=130
progress step=174800 round=14/40 episode=23/30 sample=zero_boundary_045 soc=0.6708 fc=450
progress step=174850 round=14/40 episode=23/30 sample=zero_boundary_045 soc=0.6158 fc=110
progress step=174900 round=14/40 episode=23/30 sample=zero_boundary_045 soc=0.4753 fc=210
progress step=174950 round=14/40 episode=23/30 sample=zero_boundary_045 soc=0.2465 fc=340
progress step=175000 round=14/40 episode=23/30 sample=zero_boundary_045 soc=0.2003 fc=590
progress step=175050 round=14/40 episode=24/30 sample=zero_boundary_046 soc=0.5922 fc=370
progress step=175100 round=14/40 episode=24/30 sample=zero_boundary_046 soc=0.4860 fc=480
progress step=175150 round=14/40 episode=24/30 sample=zero_boundary_046 soc=0.3036 fc=480
progress step=175200 round=14/40 episode=25/30 sample=zero_boundary_048 soc=0.6577 fc=300
progress step=175250 round=14/40 episode=25/30 sample=zero_boundary_048 soc=0.5206 fc=400
progress step=175300 round=14/40 episode=25/30 sample=zero_boundary_048 soc=0.3921 fc=530
progress step=175350 round=14/40 episode=25/30 sample=zero_boundary_048 soc=0.3437 fc=590
progress step=175400 round=14/40 episode=25/30 sample=zero_boundary_048 soc=0.3741 fc=290
progress step=175450 round=14/40 episode=25/30 sample=zero_boundary_048 soc=0.4171 fc=400
progress step=175500 round=14/40 episode=26/30 sample=zero_boundary_049 soc=0.6984 fc=550
progress step=175550 round=14/40 episode=26/30 sample=zero_boundary_049 soc=0.7433 fc=330
progress step=175600 round=14/40 episode=26/30 sample=zero_boundary_049 soc=0.7601 fc=250
progress step=175650 round=14/40 episode=26/30 sample=zero_boundary_049 soc=0.7998 fc=50
progress step=175700 round=14/40 episode=26/30 sample=zero_boundary_049 soc=0.7998 fc=20
progress step=175750 round=14/40 episode=27/30 sample=zero_boundary_050 soc=0.6510 fc=550
progress step=175800 round=14/40 episode=27/30 sample=zero_boundary_050 soc=0.5475 fc=10
progress step=175850 round=14/40 episode=27/30 sample=zero_boundary_050 soc=0.4307 fc=450
progress step=175900 round=14/40 episode=27/30 sample=zero_boundary_050 soc=0.2668 fc=120
progress step=175950 round=14/40 episode=28/30 sample=zero_boundary_051 soc=0.6077 fc=450
progress step=176000 round=14/40 episode=28/30 sample=zero_boundary_051 soc=0.6574 fc=70
progress step=176050 round=14/40 episode=28/30 sample=zero_boundary_051 soc=0.7086 fc=410
progress step=176100 round=14/40 episode=29/30 sample=zero_boundary_052 soc=0.7075 fc=270
progress step=176150 round=14/40 episode=29/30 sample=zero_boundary_052 soc=0.5430 fc=440
progress step=176200 round=14/40 episode=29/30 sample=zero_boundary_052 soc=0.3462 fc=360
progress step=176250 round=14/40 episode=29/30 sample=zero_boundary_052 soc=0.3454 fc=170
progress step=176300 round=14/40 episode=29/30 sample=zero_boundary_052 soc=0.4403 fc=260
progress step=176350 round=14/40 episode=30/30 sample=zero_boundary_053 soc=0.7371 fc=540
progress step=176400 round=14/40 episode=30/30 sample=zero_boundary_053 soc=0.6612 fc=190
progress step=176450 round=14/40 episode=30/30 sample=zero_boundary_053 soc=0.6295 fc=110
progress step=176500 round=14/40 episode=30/30 sample=zero_boundary_053 soc=0.7224 fc=590
progress step=176550 round=14/40 episode=30/30 sample=zero_boundary_053 soc=0.7996 fc=0
round 14/40 exploratory=20/30 greedy_train start
MONITOR round=14 exploratory=20/30 greedy_train=12/30 validation=SKIPPED cost=None updates=6088 best_round=None
round 15/40 start epsilon=0.6590
progress step=176600 round=15/40 episode=1/30 sample=zero_boundary_002 soc=0.7479 fc=180
progress step=176650 round=15/40 episode=1/30 sample=zero_boundary_002 soc=0.5553 fc=280
progress step=176700 round=15/40 episode=1/30 sample=zero_boundary_002 soc=0.2895 fc=20
progress step=176750 round=15/40 episode=1/30 sample=zero_boundary_002 soc=0.3869 fc=280
progress step=176800 round=15/40 episode=1/30 sample=zero_boundary_002 soc=0.3732 fc=530
progress step=176850 round=15/40 episode=1/30 sample=zero_boundary_002 soc=0.4508 fc=360
progress step=176900 round=15/40 episode=2/30 sample=zero_boundary_005 soc=0.6632 fc=330
progress step=176950 round=15/40 episode=2/30 sample=zero_boundary_005 soc=0.6302 fc=300
progress step=177000 round=15/40 episode=2/30 sample=zero_boundary_005 soc=0.6071 fc=80
progress step=177050 round=15/40 episode=2/30 sample=zero_boundary_005 soc=0.5687 fc=470
progress step=177100 round=15/40 episode=2/30 sample=zero_boundary_005 soc=0.5101 fc=110
progress step=177150 round=15/40 episode=2/30 sample=zero_boundary_005 soc=0.5354 fc=330
progress step=177200 round=15/40 episode=3/30 sample=zero_boundary_006 soc=0.7269 fc=570
progress step=177250 round=15/40 episode=3/30 sample=zero_boundary_006 soc=0.7951 fc=0
progress step=177300 round=15/40 episode=3/30 sample=zero_boundary_006 soc=0.7995 fc=170
progress step=177350 round=15/40 episode=3/30 sample=zero_boundary_006 soc=0.7988 fc=80
progress step=177400 round=15/40 episode=3/30 sample=zero_boundary_006 soc=0.7959 fc=0
progress step=177450 round=15/40 episode=3/30 sample=zero_boundary_006 soc=0.7920 fc=420
progress step=177500 round=15/40 episode=3/30 sample=zero_boundary_006 soc=0.7994 fc=0
progress step=177550 round=15/40 episode=4/30 sample=zero_boundary_007 soc=0.7011 fc=200
progress step=177600 round=15/40 episode=4/30 sample=zero_boundary_007 soc=0.6329 fc=170
progress step=177650 round=15/40 episode=4/30 sample=zero_boundary_007 soc=0.7139 fc=350
progress step=177700 round=15/40 episode=4/30 sample=zero_boundary_007 soc=0.7970 fc=540
progress step=177750 round=15/40 episode=4/30 sample=zero_boundary_007 soc=0.7990 fc=410
progress step=177800 round=15/40 episode=5/30 sample=zero_boundary_008 soc=0.6196 fc=320
progress step=177850 round=15/40 episode=5/30 sample=zero_boundary_008 soc=0.4134 fc=480
progress step=177900 round=15/40 episode=6/30 sample=zero_boundary_011 soc=0.7065 fc=550
progress step=177950 round=15/40 episode=6/30 sample=zero_boundary_011 soc=0.7901 fc=510
progress step=178000 round=15/40 episode=6/30 sample=zero_boundary_011 soc=0.7610 fc=50
progress step=178050 round=15/40 episode=6/30 sample=zero_boundary_011 soc=0.6731 fc=270
progress step=178100 round=15/40 episode=6/30 sample=zero_boundary_011 soc=0.5724 fc=30
progress step=178150 round=15/40 episode=6/30 sample=zero_boundary_011 soc=0.4882 fc=460
progress step=178200 round=15/40 episode=6/30 sample=zero_boundary_011 soc=0.6653 fc=260
progress step=178250 round=15/40 episode=6/30 sample=zero_boundary_011 soc=0.7979 fc=160
progress step=178300 round=15/40 episode=6/30 sample=zero_boundary_011 soc=0.7991 fc=10
progress step=178350 round=15/40 episode=6/30 sample=zero_boundary_011 soc=0.7986 fc=0
progress step=178400 round=15/40 episode=6/30 sample=zero_boundary_011 soc=0.7987 fc=140
progress step=178450 round=15/40 episode=6/30 sample=zero_boundary_011 soc=0.7971 fc=310
progress step=178500 round=15/40 episode=6/30 sample=zero_boundary_011 soc=0.7995 fc=270
progress step=178550 round=15/40 episode=6/30 sample=zero_boundary_011 soc=0.7994 fc=320
progress step=178600 round=15/40 episode=6/30 sample=zero_boundary_011 soc=0.7996 fc=40
progress step=178650 round=15/40 episode=7/30 sample=zero_boundary_013 soc=0.7267 fc=100
progress step=178700 round=15/40 episode=7/30 sample=zero_boundary_013 soc=0.7946 fc=390
progress step=178750 round=15/40 episode=7/30 sample=zero_boundary_013 soc=0.7952 fc=550
progress step=178800 round=15/40 episode=7/30 sample=zero_boundary_013 soc=0.7984 fc=0
progress step=178850 round=15/40 episode=7/30 sample=zero_boundary_013 soc=0.7996 fc=250
progress step=178900 round=15/40 episode=7/30 sample=zero_boundary_013 soc=0.7998 fc=150
progress step=178950 round=15/40 episode=7/30 sample=zero_boundary_013 soc=0.7994 fc=30
progress step=179000 round=15/40 episode=8/30 sample=zero_boundary_015 soc=0.6764 fc=410
progress step=179050 round=15/40 episode=8/30 sample=zero_boundary_015 soc=0.6939 fc=490
progress step=179100 round=15/40 episode=8/30 sample=zero_boundary_015 soc=0.3634 fc=150
progress step=179150 round=15/40 episode=9/30 sample=zero_boundary_016 soc=0.7643 fc=550
progress step=179200 round=15/40 episode=9/30 sample=zero_boundary_016 soc=0.7624 fc=570
progress step=179250 round=15/40 episode=9/30 sample=zero_boundary_016 soc=0.6341 fc=200
progress step=179300 round=15/40 episode=9/30 sample=zero_boundary_016 soc=0.4774 fc=400
progress step=179350 round=15/40 episode=9/30 sample=zero_boundary_016 soc=0.2577 fc=600
progress step=179400 round=15/40 episode=10/30 sample=zero_boundary_017 soc=0.5759 fc=460
progress step=179450 round=15/40 episode=10/30 sample=zero_boundary_017 soc=0.3471 fc=600
progress step=179500 round=15/40 episode=11/30 sample=zero_boundary_020 soc=0.6749 fc=560
progress step=179550 round=15/40 episode=11/30 sample=zero_boundary_020 soc=0.6952 fc=590
progress step=179600 round=15/40 episode=12/30 sample=zero_boundary_021 soc=0.6172 fc=550
progress step=179650 round=15/40 episode=12/30 sample=zero_boundary_021 soc=0.7866 fc=560
progress step=179700 round=15/40 episode=12/30 sample=zero_boundary_021 soc=0.7742 fc=250
progress step=179750 round=15/40 episode=12/30 sample=zero_boundary_021 soc=0.7261 fc=580
progress step=179800 round=15/40 episode=12/30 sample=zero_boundary_021 soc=0.7154 fc=370
progress step=179850 round=15/40 episode=13/30 sample=zero_boundary_022 soc=0.6677 fc=290
progress step=179900 round=15/40 episode=13/30 sample=zero_boundary_022 soc=0.6648 fc=590
progress step=179950 round=15/40 episode=13/30 sample=zero_boundary_022 soc=0.7209 fc=510
progress step=180000 round=15/40 episode=13/30 sample=zero_boundary_022 soc=0.7993 fc=20
progress step=180050 round=15/40 episode=14/30 sample=zero_boundary_029 soc=0.7237 fc=20
progress step=180100 round=15/40 episode=14/30 sample=zero_boundary_029 soc=0.7639 fc=590
progress step=180150 round=15/40 episode=14/30 sample=zero_boundary_029 soc=0.7993 fc=20
progress step=180200 round=15/40 episode=14/30 sample=zero_boundary_029 soc=0.7970 fc=0
progress step=180250 round=15/40 episode=14/30 sample=zero_boundary_029 soc=0.7928 fc=240
progress step=180300 round=15/40 episode=14/30 sample=zero_boundary_029 soc=0.7988 fc=270
progress step=180350 round=15/40 episode=14/30 sample=zero_boundary_029 soc=0.8000 fc=10
progress step=180400 round=15/40 episode=14/30 sample=zero_boundary_029 soc=0.7999 fc=0
progress step=180450 round=15/40 episode=14/30 sample=zero_boundary_029 soc=0.7999 fc=0
progress step=180500 round=15/40 episode=14/30 sample=zero_boundary_029 soc=0.7999 fc=0
progress step=180550 round=15/40 episode=14/30 sample=zero_boundary_029 soc=0.7999 fc=0
progress step=180600 round=15/40 episode=14/30 sample=zero_boundary_029 soc=0.7999 fc=0
progress step=180650 round=15/40 episode=14/30 sample=zero_boundary_029 soc=0.7999 fc=0
progress step=180700 round=15/40 episode=14/30 sample=zero_boundary_029 soc=0.7999 fc=0
progress step=180750 round=15/40 episode=14/30 sample=zero_boundary_029 soc=0.7999 fc=0
progress step=180800 round=15/40 episode=14/30 sample=zero_boundary_029 soc=0.7999 fc=0
progress step=180850 round=15/40 episode=14/30 sample=zero_boundary_029 soc=0.7999 fc=0
progress step=180900 round=15/40 episode=14/30 sample=zero_boundary_029 soc=0.7997 fc=0
progress step=180950 round=15/40 episode=14/30 sample=zero_boundary_029 soc=0.7960 fc=140
progress step=181000 round=15/40 episode=14/30 sample=zero_boundary_029 soc=0.7988 fc=210
progress step=181050 round=15/40 episode=14/30 sample=zero_boundary_029 soc=0.8000 fc=50
progress step=181100 round=15/40 episode=15/30 sample=zero_boundary_033 soc=0.7303 fc=0
progress step=181150 round=15/40 episode=15/30 sample=zero_boundary_033 soc=0.7984 fc=220
progress step=181200 round=15/40 episode=15/30 sample=zero_boundary_033 soc=0.7740 fc=50
progress step=181250 round=15/40 episode=15/30 sample=zero_boundary_033 soc=0.7950 fc=300
progress step=181300 round=15/40 episode=15/30 sample=zero_boundary_033 soc=0.7996 fc=20
progress step=181350 round=15/40 episode=15/30 sample=zero_boundary_033 soc=0.7022 fc=600
progress step=181400 round=15/40 episode=15/30 sample=zero_boundary_033 soc=0.6293 fc=530
progress step=181450 round=15/40 episode=15/30 sample=zero_boundary_033 soc=0.7996 fc=0
progress step=181500 round=15/40 episode=15/30 sample=zero_boundary_033 soc=0.7999 fc=0
progress step=181550 round=15/40 episode=15/30 sample=zero_boundary_033 soc=0.7999 fc=0
progress step=181600 round=15/40 episode=15/30 sample=zero_boundary_033 soc=0.7999 fc=0
progress step=181650 round=15/40 episode=15/30 sample=zero_boundary_033 soc=0.7999 fc=0
progress step=181700 round=15/40 episode=15/30 sample=zero_boundary_033 soc=0.7999 fc=0
progress step=181750 round=15/40 episode=15/30 sample=zero_boundary_033 soc=0.7999 fc=0
progress step=181800 round=15/40 episode=15/30 sample=zero_boundary_033 soc=0.7999 fc=0
progress step=181850 round=15/40 episode=15/30 sample=zero_boundary_033 soc=0.7995 fc=0
progress step=181900 round=15/40 episode=15/30 sample=zero_boundary_033 soc=0.7997 fc=40
progress step=181950 round=15/40 episode=15/30 sample=zero_boundary_033 soc=0.7995 fc=50
progress step=182000 round=15/40 episode=15/30 sample=zero_boundary_033 soc=0.7979 fc=160
progress step=182050 round=15/40 episode=16/30 sample=zero_boundary_034 soc=0.6246 fc=370
progress step=182100 round=15/40 episode=16/30 sample=zero_boundary_034 soc=0.8000 fc=0
progress step=182150 round=15/40 episode=16/30 sample=zero_boundary_034 soc=0.8000 fc=0
progress step=182200 round=15/40 episode=16/30 sample=zero_boundary_034 soc=0.8000 fc=0
progress step=182250 round=15/40 episode=16/30 sample=zero_boundary_034 soc=0.8000 fc=0
progress step=182300 round=15/40 episode=16/30 sample=zero_boundary_034 soc=0.8000 fc=0
progress step=182350 round=15/40 episode=16/30 sample=zero_boundary_034 soc=0.8000 fc=0
progress step=182400 round=15/40 episode=16/30 sample=zero_boundary_034 soc=0.8000 fc=0
progress step=182450 round=15/40 episode=16/30 sample=zero_boundary_034 soc=0.8000 fc=0
progress step=182500 round=15/40 episode=16/30 sample=zero_boundary_034 soc=0.8000 fc=0
progress step=182550 round=15/40 episode=16/30 sample=zero_boundary_034 soc=0.8000 fc=0
progress step=182600 round=15/40 episode=16/30 sample=zero_boundary_034 soc=0.8000 fc=0
progress step=182650 round=15/40 episode=16/30 sample=zero_boundary_034 soc=0.8000 fc=0
progress step=182700 round=15/40 episode=16/30 sample=zero_boundary_034 soc=0.8000 fc=0
progress step=182750 round=15/40 episode=16/30 sample=zero_boundary_034 soc=0.8000 fc=0
progress step=182800 round=15/40 episode=16/30 sample=zero_boundary_034 soc=0.8000 fc=0
progress step=182850 round=15/40 episode=16/30 sample=zero_boundary_034 soc=0.8000 fc=0
progress step=182900 round=15/40 episode=16/30 sample=zero_boundary_034 soc=0.8000 fc=0
progress step=182950 round=15/40 episode=16/30 sample=zero_boundary_034 soc=0.7944 fc=0
progress step=183000 round=15/40 episode=16/30 sample=zero_boundary_034 soc=0.7995 fc=140
progress step=183050 round=15/40 episode=16/30 sample=zero_boundary_034 soc=0.7998 fc=80
progress step=183100 round=15/40 episode=16/30 sample=zero_boundary_034 soc=0.7987 fc=20
progress step=183150 round=15/40 episode=16/30 sample=zero_boundary_034 soc=0.7999 fc=270
progress step=183200 round=15/40 episode=16/30 sample=zero_boundary_034 soc=0.7997 fc=30
progress step=183250 round=15/40 episode=16/30 sample=zero_boundary_034 soc=0.7999 fc=0
progress step=183300 round=15/40 episode=16/30 sample=zero_boundary_034 soc=0.7999 fc=0
progress step=183350 round=15/40 episode=16/30 sample=zero_boundary_034 soc=0.7999 fc=0
progress step=183400 round=15/40 episode=16/30 sample=zero_boundary_034 soc=0.7999 fc=0
progress step=183450 round=15/40 episode=16/30 sample=zero_boundary_034 soc=0.7999 fc=0
progress step=183500 round=15/40 episode=16/30 sample=zero_boundary_034 soc=0.7999 fc=0
progress step=183550 round=15/40 episode=16/30 sample=zero_boundary_034 soc=0.7999 fc=0
progress step=183600 round=15/40 episode=16/30 sample=zero_boundary_034 soc=0.7999 fc=0
progress step=183650 round=15/40 episode=16/30 sample=zero_boundary_034 soc=0.7999 fc=0
progress step=183700 round=15/40 episode=17/30 sample=zero_boundary_037 soc=0.6081 fc=410
progress step=183750 round=15/40 episode=17/30 sample=zero_boundary_037 soc=0.7175 fc=350
progress step=183800 round=15/40 episode=17/30 sample=zero_boundary_037 soc=0.7594 fc=180
progress step=183850 round=15/40 episode=17/30 sample=zero_boundary_037 soc=0.7996 fc=220
progress step=183900 round=15/40 episode=17/30 sample=zero_boundary_037 soc=0.7939 fc=540
progress step=183950 round=15/40 episode=17/30 sample=zero_boundary_037 soc=0.7860 fc=150
progress step=184000 round=15/40 episode=17/30 sample=zero_boundary_037 soc=0.6617 fc=270
progress step=184050 round=15/40 episode=17/30 sample=zero_boundary_037 soc=0.6324 fc=500
progress step=184100 round=15/40 episode=17/30 sample=zero_boundary_037 soc=0.7998 fc=60
progress step=184150 round=15/40 episode=17/30 sample=zero_boundary_037 soc=0.7984 fc=10
progress step=184200 round=15/40 episode=17/30 sample=zero_boundary_037 soc=0.7978 fc=0
progress step=184250 round=15/40 episode=17/30 sample=zero_boundary_037 soc=0.7974 fc=90
progress step=184300 round=15/40 episode=17/30 sample=zero_boundary_037 soc=0.7996 fc=100
progress step=184350 round=15/40 episode=17/30 sample=zero_boundary_037 soc=0.7992 fc=0
progress step=184400 round=15/40 episode=17/30 sample=zero_boundary_037 soc=0.7994 fc=50
progress step=184450 round=15/40 episode=17/30 sample=zero_boundary_037 soc=0.7981 fc=60
progress step=184500 round=15/40 episode=17/30 sample=zero_boundary_037 soc=0.7982 fc=210
progress step=184550 round=15/40 episode=17/30 sample=zero_boundary_037 soc=0.7980 fc=20
progress step=184600 round=15/40 episode=17/30 sample=zero_boundary_037 soc=0.7994 fc=0
progress step=184650 round=15/40 episode=17/30 sample=zero_boundary_037 soc=0.7990 fc=70
progress step=184700 round=15/40 episode=17/30 sample=zero_boundary_037 soc=0.7999 fc=0
progress step=184750 round=15/40 episode=17/30 sample=zero_boundary_037 soc=0.7999 fc=0
progress step=184800 round=15/40 episode=17/30 sample=zero_boundary_037 soc=0.7999 fc=0
progress step=184850 round=15/40 episode=17/30 sample=zero_boundary_037 soc=0.7998 fc=40
progress step=184900 round=15/40 episode=17/30 sample=zero_boundary_037 soc=0.7989 fc=110
progress step=184950 round=15/40 episode=17/30 sample=zero_boundary_037 soc=0.7960 fc=80
progress step=185000 round=15/40 episode=17/30 sample=zero_boundary_037 soc=0.7983 fc=0
progress step=185050 round=15/40 episode=17/30 sample=zero_boundary_037 soc=0.7988 fc=90
progress step=185100 round=15/40 episode=17/30 sample=zero_boundary_037 soc=0.7989 fc=90
progress step=185150 round=15/40 episode=17/30 sample=zero_boundary_037 soc=0.7994 fc=0
progress step=185200 round=15/40 episode=17/30 sample=zero_boundary_037 soc=0.7993 fc=0
progress step=185250 round=15/40 episode=17/30 sample=zero_boundary_037 soc=0.7986 fc=50
progress step=185300 round=15/40 episode=17/30 sample=zero_boundary_037 soc=0.7982 fc=130
progress step=185350 round=15/40 episode=17/30 sample=zero_boundary_037 soc=0.7992 fc=90
progress step=185400 round=15/40 episode=17/30 sample=zero_boundary_037 soc=0.7996 fc=60
progress step=185450 round=15/40 episode=17/30 sample=zero_boundary_037 soc=0.7990 fc=80
progress step=185500 round=15/40 episode=17/30 sample=zero_boundary_037 soc=0.7998 fc=0
progress step=185550 round=15/40 episode=17/30 sample=zero_boundary_037 soc=0.8000 fc=0
progress step=185600 round=15/40 episode=18/30 sample=zero_boundary_038 soc=0.6728 fc=70
progress step=185650 round=15/40 episode=18/30 sample=zero_boundary_038 soc=0.7325 fc=320
progress step=185700 round=15/40 episode=18/30 sample=zero_boundary_038 soc=0.6928 fc=310
progress step=185750 round=15/40 episode=18/30 sample=zero_boundary_038 soc=0.7092 fc=590
progress step=185800 round=15/40 episode=18/30 sample=zero_boundary_038 soc=0.6382 fc=220
progress step=185850 round=15/40 episode=18/30 sample=zero_boundary_038 soc=0.5194 fc=0
progress step=185900 round=15/40 episode=18/30 sample=zero_boundary_038 soc=0.6739 fc=90
progress step=185950 round=15/40 episode=18/30 sample=zero_boundary_038 soc=0.7991 fc=80
progress step=186000 round=15/40 episode=18/30 sample=zero_boundary_038 soc=0.7989 fc=20
progress step=186050 round=15/40 episode=18/30 sample=zero_boundary_038 soc=0.7953 fc=430
progress step=186100 round=15/40 episode=18/30 sample=zero_boundary_038 soc=0.7994 fc=180
progress step=186150 round=15/40 episode=18/30 sample=zero_boundary_038 soc=0.7829 fc=550
progress step=186200 round=15/40 episode=18/30 sample=zero_boundary_038 soc=0.7936 fc=590
progress step=186250 round=15/40 episode=18/30 sample=zero_boundary_038 soc=0.7999 fc=0
progress step=186300 round=15/40 episode=19/30 sample=zero_boundary_040 soc=0.6041 fc=0
progress step=186350 round=15/40 episode=19/30 sample=zero_boundary_040 soc=0.5466 fc=460
progress step=186400 round=15/40 episode=19/30 sample=zero_boundary_040 soc=0.4044 fc=40
progress step=186450 round=15/40 episode=19/30 sample=zero_boundary_040 soc=0.3180 fc=140
progress step=186500 round=15/40 episode=19/30 sample=zero_boundary_040 soc=0.3262 fc=190
progress step=186550 round=15/40 episode=19/30 sample=zero_boundary_040 soc=0.2199 fc=40
progress step=186600 round=15/40 episode=19/30 sample=zero_boundary_040 soc=0.2717 fc=140
progress step=186650 round=15/40 episode=19/30 sample=zero_boundary_040 soc=0.2985 fc=230
progress step=186700 round=15/40 episode=19/30 sample=zero_boundary_040 soc=0.2057 fc=120
progress step=186750 round=15/40 episode=19/30 sample=zero_boundary_040 soc=0.2009 fc=440
progress step=186800 round=15/40 episode=20/30 sample=zero_boundary_041 soc=0.6225 fc=180
progress step=186850 round=15/40 episode=20/30 sample=zero_boundary_041 soc=0.5548 fc=160
progress step=186900 round=15/40 episode=20/30 sample=zero_boundary_041 soc=0.3111 fc=330
progress step=186950 round=15/40 episode=21/30 sample=zero_boundary_042 soc=0.7190 fc=550
progress step=187000 round=15/40 episode=21/30 sample=zero_boundary_042 soc=0.6547 fc=210
progress step=187050 round=15/40 episode=21/30 sample=zero_boundary_042 soc=0.4990 fc=400
progress step=187100 round=15/40 episode=21/30 sample=zero_boundary_042 soc=0.2836 fc=120
progress step=187150 round=15/40 episode=21/30 sample=zero_boundary_042 soc=0.2015 fc=520
progress step=187200 round=15/40 episode=21/30 sample=zero_boundary_042 soc=0.3314 fc=0
progress step=187250 round=15/40 episode=21/30 sample=zero_boundary_042 soc=0.2002 fc=570
progress step=187300 round=15/40 episode=22/30 sample=zero_boundary_044 soc=0.6480 fc=340
progress step=187350 round=15/40 episode=22/30 sample=zero_boundary_044 soc=0.5529 fc=30
progress step=187400 round=15/40 episode=22/30 sample=zero_boundary_044 soc=0.3100 fc=120
progress step=187450 round=15/40 episode=23/30 sample=zero_boundary_045 soc=0.6846 fc=70
progress step=187500 round=15/40 episode=23/30 sample=zero_boundary_045 soc=0.6230 fc=510
progress step=187550 round=15/40 episode=23/30 sample=zero_boundary_045 soc=0.5655 fc=560
progress step=187600 round=15/40 episode=23/30 sample=zero_boundary_045 soc=0.3742 fc=330
progress step=187650 round=15/40 episode=24/30 sample=zero_boundary_046 soc=0.6107 fc=90
progress step=187700 round=15/40 episode=24/30 sample=zero_boundary_046 soc=0.5179 fc=80
progress step=187750 round=15/40 episode=24/30 sample=zero_boundary_046 soc=0.3558 fc=120
progress step=187800 round=15/40 episode=25/30 sample=zero_boundary_048 soc=0.6691 fc=310
progress step=187850 round=15/40 episode=25/30 sample=zero_boundary_048 soc=0.4963 fc=490
progress step=187900 round=15/40 episode=25/30 sample=zero_boundary_048 soc=0.3637 fc=200
progress step=187950 round=15/40 episode=25/30 sample=zero_boundary_048 soc=0.3231 fc=20
progress step=188000 round=15/40 episode=25/30 sample=zero_boundary_048 soc=0.3561 fc=460
progress step=188050 round=15/40 episode=25/30 sample=zero_boundary_048 soc=0.3693 fc=20
progress step=188100 round=15/40 episode=26/30 sample=zero_boundary_049 soc=0.7053 fc=480
progress step=188150 round=15/40 episode=26/30 sample=zero_boundary_049 soc=0.7163 fc=320
progress step=188200 round=15/40 episode=26/30 sample=zero_boundary_049 soc=0.7662 fc=600
progress step=188250 round=15/40 episode=26/30 sample=zero_boundary_049 soc=0.7827 fc=430
progress step=188300 round=15/40 episode=26/30 sample=zero_boundary_049 soc=0.7989 fc=130
progress step=188350 round=15/40 episode=27/30 sample=zero_boundary_050 soc=0.6629 fc=310
progress step=188400 round=15/40 episode=27/30 sample=zero_boundary_050 soc=0.6247 fc=10
progress step=188450 round=15/40 episode=27/30 sample=zero_boundary_050 soc=0.4480 fc=160
progress step=188500 round=15/40 episode=27/30 sample=zero_boundary_050 soc=0.2778 fc=550
progress step=188550 round=15/40 episode=28/30 sample=zero_boundary_051 soc=0.6453 fc=200
progress step=188600 round=15/40 episode=28/30 sample=zero_boundary_051 soc=0.6405 fc=570
progress step=188650 round=15/40 episode=28/30 sample=zero_boundary_051 soc=0.6913 fc=340
progress step=188700 round=15/40 episode=29/30 sample=zero_boundary_052 soc=0.6676 fc=140
progress step=188750 round=15/40 episode=29/30 sample=zero_boundary_052 soc=0.4943 fc=430
progress step=188800 round=15/40 episode=29/30 sample=zero_boundary_052 soc=0.3576 fc=230
progress step=188850 round=15/40 episode=29/30 sample=zero_boundary_052 soc=0.3689 fc=510
progress step=188900 round=15/40 episode=29/30 sample=zero_boundary_052 soc=0.5114 fc=140
progress step=188950 round=15/40 episode=30/30 sample=zero_boundary_053 soc=0.6944 fc=400
progress step=189000 round=15/40 episode=30/30 sample=zero_boundary_053 soc=0.6641 fc=90
progress step=189050 round=15/40 episode=30/30 sample=zero_boundary_053 soc=0.6546 fc=230
progress step=189100 round=15/40 episode=30/30 sample=zero_boundary_053 soc=0.7237 fc=430
progress step=189150 round=15/40 episode=30/30 sample=zero_boundary_053 soc=0.7992 fc=30
round 15/40 exploratory=20/30 greedy_train start
MONITOR round=15 exploratory=20/30 greedy_train=15/30 validation=SKIPPED cost=None updates=6482 best_round=None
round 16/40 start epsilon=0.6346
progress step=189200 round=16/40 episode=1/30 sample=zero_boundary_002 soc=0.7359 fc=80
progress step=189250 round=16/40 episode=1/30 sample=zero_boundary_002 soc=0.5022 fc=100
progress step=189300 round=16/40 episode=1/30 sample=zero_boundary_002 soc=0.2774 fc=110
progress step=189350 round=16/40 episode=1/30 sample=zero_boundary_002 soc=0.3737 fc=230
progress step=189400 round=16/40 episode=1/30 sample=zero_boundary_002 soc=0.3971 fc=120
progress step=189450 round=16/40 episode=1/30 sample=zero_boundary_002 soc=0.4452 fc=570
progress step=189500 round=16/40 episode=2/30 sample=zero_boundary_005 soc=0.6766 fc=10
progress step=189550 round=16/40 episode=2/30 sample=zero_boundary_005 soc=0.6232 fc=240
progress step=189600 round=16/40 episode=2/30 sample=zero_boundary_005 soc=0.6370 fc=290
progress step=189650 round=16/40 episode=2/30 sample=zero_boundary_005 soc=0.5767 fc=70
progress step=189700 round=16/40 episode=2/30 sample=zero_boundary_005 soc=0.4677 fc=0
progress step=189750 round=16/40 episode=2/30 sample=zero_boundary_005 soc=0.5191 fc=160
progress step=189800 round=16/40 episode=3/30 sample=zero_boundary_006 soc=0.7537 fc=60
progress step=189850 round=16/40 episode=3/30 sample=zero_boundary_006 soc=0.7904 fc=330
progress step=189900 round=16/40 episode=3/30 sample=zero_boundary_006 soc=0.7948 fc=20
progress step=189950 round=16/40 episode=3/30 sample=zero_boundary_006 soc=0.7978 fc=50
progress step=190000 round=16/40 episode=3/30 sample=zero_boundary_006 soc=0.7853 fc=460
progress step=190050 round=16/40 episode=3/30 sample=zero_boundary_006 soc=0.7961 fc=440
progress step=190100 round=16/40 episode=3/30 sample=zero_boundary_006 soc=0.7992 fc=0
progress step=190150 round=16/40 episode=4/30 sample=zero_boundary_007 soc=0.6255 fc=560
progress step=190200 round=16/40 episode=4/30 sample=zero_boundary_007 soc=0.5561 fc=210
progress step=190250 round=16/40 episode=4/30 sample=zero_boundary_007 soc=0.6116 fc=570
progress step=190300 round=16/40 episode=4/30 sample=zero_boundary_007 soc=0.7267 fc=320
progress step=190350 round=16/40 episode=4/30 sample=zero_boundary_007 soc=0.7504 fc=590
progress step=190400 round=16/40 episode=5/30 sample=zero_boundary_008 soc=0.6444 fc=570
progress step=190450 round=16/40 episode=5/30 sample=zero_boundary_008 soc=0.4561 fc=160
progress step=190500 round=16/40 episode=6/30 sample=zero_boundary_011 soc=0.6607 fc=360
progress step=190550 round=16/40 episode=6/30 sample=zero_boundary_011 soc=0.7993 fc=120
progress step=190600 round=16/40 episode=6/30 sample=zero_boundary_011 soc=0.7336 fc=420
progress step=190650 round=16/40 episode=6/30 sample=zero_boundary_011 soc=0.6105 fc=430
progress step=190700 round=16/40 episode=6/30 sample=zero_boundary_011 soc=0.4732 fc=430
progress step=190750 round=16/40 episode=6/30 sample=zero_boundary_011 soc=0.3047 fc=120
progress step=190800 round=16/40 episode=6/30 sample=zero_boundary_011 soc=0.3714 fc=0
progress step=190850 round=16/40 episode=6/30 sample=zero_boundary_011 soc=0.4825 fc=340
progress step=190900 round=16/40 episode=6/30 sample=zero_boundary_011 soc=0.6658 fc=270
progress step=190950 round=16/40 episode=6/30 sample=zero_boundary_011 soc=0.7967 fc=0
progress step=191000 round=16/40 episode=6/30 sample=zero_boundary_011 soc=0.7973 fc=360
progress step=191050 round=16/40 episode=6/30 sample=zero_boundary_011 soc=0.7992 fc=140
progress step=191100 round=16/40 episode=6/30 sample=zero_boundary_011 soc=0.7999 fc=50
progress step=191150 round=16/40 episode=6/30 sample=zero_boundary_011 soc=0.7999 fc=300
progress step=191200 round=16/40 episode=6/30 sample=zero_boundary_011 soc=0.7946 fc=390
progress step=191250 round=16/40 episode=7/30 sample=zero_boundary_013 soc=0.7368 fc=500
progress step=191300 round=16/40 episode=7/30 sample=zero_boundary_013 soc=0.7997 fc=290
progress step=191350 round=16/40 episode=7/30 sample=zero_boundary_013 soc=0.7961 fc=270
progress step=191400 round=16/40 episode=7/30 sample=zero_boundary_013 soc=0.7871 fc=560
progress step=191450 round=16/40 episode=7/30 sample=zero_boundary_013 soc=0.7991 fc=300
progress step=191500 round=16/40 episode=7/30 sample=zero_boundary_013 soc=0.7975 fc=140
progress step=191550 round=16/40 episode=7/30 sample=zero_boundary_013 soc=0.7981 fc=130
progress step=191600 round=16/40 episode=8/30 sample=zero_boundary_015 soc=0.6647 fc=340
progress step=191650 round=16/40 episode=8/30 sample=zero_boundary_015 soc=0.6863 fc=40
progress step=191700 round=16/40 episode=8/30 sample=zero_boundary_015 soc=0.4018 fc=380
progress step=191750 round=16/40 episode=9/30 sample=zero_boundary_016 soc=0.6904 fc=480
progress step=191800 round=16/40 episode=9/30 sample=zero_boundary_016 soc=0.7786 fc=440
progress step=191850 round=16/40 episode=9/30 sample=zero_boundary_016 soc=0.6226 fc=590
progress step=191900 round=16/40 episode=9/30 sample=zero_boundary_016 soc=0.4431 fc=150
progress step=191950 round=16/40 episode=10/30 sample=zero_boundary_017 soc=0.6260 fc=330
progress step=192000 round=16/40 episode=10/30 sample=zero_boundary_017 soc=0.4666 fc=270
progress step=192050 round=16/40 episode=11/30 sample=zero_boundary_020 soc=0.6061 fc=100
progress step=192100 round=16/40 episode=11/30 sample=zero_boundary_020 soc=0.6690 fc=490
progress step=192150 round=16/40 episode=11/30 sample=zero_boundary_020 soc=0.7759 fc=390
progress step=192200 round=16/40 episode=12/30 sample=zero_boundary_021 soc=0.7408 fc=360
progress step=192250 round=16/40 episode=12/30 sample=zero_boundary_021 soc=0.7970 fc=90
progress step=192300 round=16/40 episode=12/30 sample=zero_boundary_021 soc=0.7365 fc=150
progress step=192350 round=16/40 episode=12/30 sample=zero_boundary_021 soc=0.6560 fc=220
progress step=192400 round=16/40 episode=13/30 sample=zero_boundary_022 soc=0.6173 fc=80
progress step=192450 round=16/40 episode=13/30 sample=zero_boundary_022 soc=0.6681 fc=330
progress step=192500 round=16/40 episode=13/30 sample=zero_boundary_022 soc=0.6756 fc=360
progress step=192550 round=16/40 episode=13/30 sample=zero_boundary_022 soc=0.7611 fc=370
progress step=192600 round=16/40 episode=14/30 sample=zero_boundary_029 soc=0.6567 fc=300
progress step=192650 round=16/40 episode=14/30 sample=zero_boundary_029 soc=0.7385 fc=300
progress step=192700 round=16/40 episode=14/30 sample=zero_boundary_029 soc=0.7003 fc=290
progress step=192750 round=16/40 episode=14/30 sample=zero_boundary_029 soc=0.7240 fc=220
progress step=192800 round=16/40 episode=14/30 sample=zero_boundary_029 soc=0.7967 fc=380
progress step=192850 round=16/40 episode=14/30 sample=zero_boundary_029 soc=0.7992 fc=260
progress step=192900 round=16/40 episode=14/30 sample=zero_boundary_029 soc=0.7993 fc=300
progress step=192950 round=16/40 episode=14/30 sample=zero_boundary_029 soc=0.7999 fc=0
progress step=193000 round=16/40 episode=14/30 sample=zero_boundary_029 soc=0.7999 fc=0
progress step=193050 round=16/40 episode=14/30 sample=zero_boundary_029 soc=0.7999 fc=0
progress step=193100 round=16/40 episode=14/30 sample=zero_boundary_029 soc=0.7999 fc=0
progress step=193150 round=16/40 episode=14/30 sample=zero_boundary_029 soc=0.7999 fc=0
progress step=193200 round=16/40 episode=14/30 sample=zero_boundary_029 soc=0.7999 fc=0
progress step=193250 round=16/40 episode=14/30 sample=zero_boundary_029 soc=0.7999 fc=0
progress step=193300 round=16/40 episode=14/30 sample=zero_boundary_029 soc=0.7999 fc=0
progress step=193350 round=16/40 episode=14/30 sample=zero_boundary_029 soc=0.7999 fc=0
progress step=193400 round=16/40 episode=14/30 sample=zero_boundary_029 soc=0.7999 fc=0
progress step=193450 round=16/40 episode=14/30 sample=zero_boundary_029 soc=0.7999 fc=0
progress step=193500 round=16/40 episode=14/30 sample=zero_boundary_029 soc=0.7926 fc=30
progress step=193550 round=16/40 episode=14/30 sample=zero_boundary_029 soc=0.7987 fc=440
progress step=193600 round=16/40 episode=14/30 sample=zero_boundary_029 soc=0.7902 fc=530
progress step=193650 round=16/40 episode=15/30 sample=zero_boundary_033 soc=0.6330 fc=530
progress step=193700 round=16/40 episode=15/30 sample=zero_boundary_033 soc=0.7560 fc=370
progress step=193750 round=16/40 episode=15/30 sample=zero_boundary_033 soc=0.7731 fc=250
progress step=193800 round=16/40 episode=15/30 sample=zero_boundary_033 soc=0.7888 fc=520
progress step=193850 round=16/40 episode=15/30 sample=zero_boundary_033 soc=0.7087 fc=140
progress step=193900 round=16/40 episode=15/30 sample=zero_boundary_033 soc=0.7470 fc=380
progress step=193950 round=16/40 episode=15/30 sample=zero_boundary_033 soc=0.6550 fc=570
progress step=194000 round=16/40 episode=15/30 sample=zero_boundary_033 soc=0.7998 fc=10
progress step=194050 round=16/40 episode=15/30 sample=zero_boundary_033 soc=0.7999 fc=0
progress step=194100 round=16/40 episode=15/30 sample=zero_boundary_033 soc=0.7999 fc=0
progress step=194150 round=16/40 episode=15/30 sample=zero_boundary_033 soc=0.7999 fc=0
progress step=194200 round=16/40 episode=15/30 sample=zero_boundary_033 soc=0.7999 fc=0
progress step=194250 round=16/40 episode=15/30 sample=zero_boundary_033 soc=0.7999 fc=0
progress step=194300 round=16/40 episode=15/30 sample=zero_boundary_033 soc=0.7999 fc=0
progress step=194350 round=16/40 episode=15/30 sample=zero_boundary_033 soc=0.8000 fc=0
progress step=194400 round=16/40 episode=15/30 sample=zero_boundary_033 soc=0.7991 fc=50
progress step=194450 round=16/40 episode=15/30 sample=zero_boundary_033 soc=0.7990 fc=0
progress step=194500 round=16/40 episode=15/30 sample=zero_boundary_033 soc=0.7997 fc=0
progress step=194550 round=16/40 episode=15/30 sample=zero_boundary_033 soc=0.7994 fc=80
progress step=194600 round=16/40 episode=15/30 sample=zero_boundary_033 soc=0.7991 fc=10
progress step=194650 round=16/40 episode=16/30 sample=zero_boundary_034 soc=0.7161 fc=510
progress step=194700 round=16/40 episode=16/30 sample=zero_boundary_034 soc=0.7999 fc=0
progress step=194750 round=16/40 episode=16/30 sample=zero_boundary_034 soc=0.7999 fc=0
progress step=194800 round=16/40 episode=16/30 sample=zero_boundary_034 soc=0.7999 fc=0
progress step=194850 round=16/40 episode=16/30 sample=zero_boundary_034 soc=0.7999 fc=0
progress step=194900 round=16/40 episode=16/30 sample=zero_boundary_034 soc=0.7999 fc=0
progress step=194950 round=16/40 episode=16/30 sample=zero_boundary_034 soc=0.7999 fc=0
progress step=195000 round=16/40 episode=16/30 sample=zero_boundary_034 soc=0.7999 fc=0
progress step=195050 round=16/40 episode=16/30 sample=zero_boundary_034 soc=0.7999 fc=0
progress step=195100 round=16/40 episode=16/30 sample=zero_boundary_034 soc=0.7999 fc=0
progress step=195150 round=16/40 episode=16/30 sample=zero_boundary_034 soc=0.7999 fc=0
progress step=195200 round=16/40 episode=16/30 sample=zero_boundary_034 soc=0.7999 fc=0
progress step=195250 round=16/40 episode=16/30 sample=zero_boundary_034 soc=0.7999 fc=0
progress step=195300 round=16/40 episode=16/30 sample=zero_boundary_034 soc=0.7999 fc=0
progress step=195350 round=16/40 episode=16/30 sample=zero_boundary_034 soc=0.7999 fc=0
progress step=195400 round=16/40 episode=16/30 sample=zero_boundary_034 soc=0.7999 fc=0
progress step=195450 round=16/40 episode=16/30 sample=zero_boundary_034 soc=0.7999 fc=0
progress step=195500 round=16/40 episode=16/30 sample=zero_boundary_034 soc=0.7998 fc=10
progress step=195550 round=16/40 episode=16/30 sample=zero_boundary_034 soc=0.7997 fc=60
progress step=195600 round=16/40 episode=16/30 sample=zero_boundary_034 soc=0.7999 fc=120
progress step=195650 round=16/40 episode=16/30 sample=zero_boundary_034 soc=0.8000 fc=200
progress step=195700 round=16/40 episode=16/30 sample=zero_boundary_034 soc=0.7971 fc=360
progress step=195750 round=16/40 episode=16/30 sample=zero_boundary_034 soc=0.7998 fc=0
progress step=195800 round=16/40 episode=16/30 sample=zero_boundary_034 soc=0.8000 fc=0
progress step=195850 round=16/40 episode=16/30 sample=zero_boundary_034 soc=0.8000 fc=0
progress step=195900 round=16/40 episode=16/30 sample=zero_boundary_034 soc=0.8000 fc=0
progress step=195950 round=16/40 episode=16/30 sample=zero_boundary_034 soc=0.8000 fc=0
progress step=196000 round=16/40 episode=16/30 sample=zero_boundary_034 soc=0.8000 fc=0
progress step=196050 round=16/40 episode=16/30 sample=zero_boundary_034 soc=0.8000 fc=0
progress step=196100 round=16/40 episode=16/30 sample=zero_boundary_034 soc=0.8000 fc=0
progress step=196150 round=16/40 episode=16/30 sample=zero_boundary_034 soc=0.8000 fc=0
progress step=196200 round=16/40 episode=16/30 sample=zero_boundary_034 soc=0.8000 fc=0
progress step=196250 round=16/40 episode=16/30 sample=zero_boundary_034 soc=0.7989 fc=10
progress step=196300 round=16/40 episode=17/30 sample=zero_boundary_037 soc=0.7272 fc=60
progress step=196350 round=16/40 episode=17/30 sample=zero_boundary_037 soc=0.7774 fc=140
progress step=196400 round=16/40 episode=17/30 sample=zero_boundary_037 soc=0.7991 fc=70
progress step=196450 round=16/40 episode=17/30 sample=zero_boundary_037 soc=0.7958 fc=220
progress step=196500 round=16/40 episode=17/30 sample=zero_boundary_037 soc=0.7990 fc=140
progress step=196550 round=16/40 episode=17/30 sample=zero_boundary_037 soc=0.7239 fc=70
progress step=196600 round=16/40 episode=17/30 sample=zero_boundary_037 soc=0.5969 fc=170
progress step=196650 round=16/40 episode=17/30 sample=zero_boundary_037 soc=0.7106 fc=470
progress step=196700 round=16/40 episode=17/30 sample=zero_boundary_037 soc=0.7975 fc=150
progress step=196750 round=16/40 episode=17/30 sample=zero_boundary_037 soc=0.7985 fc=160
progress step=196800 round=16/40 episode=17/30 sample=zero_boundary_037 soc=0.7989 fc=0
progress step=196850 round=16/40 episode=17/30 sample=zero_boundary_037 soc=0.7985 fc=150
progress step=196900 round=16/40 episode=17/30 sample=zero_boundary_037 soc=0.7992 fc=100
progress step=196950 round=16/40 episode=17/30 sample=zero_boundary_037 soc=0.7985 fc=140
progress step=197000 round=16/40 episode=17/30 sample=zero_boundary_037 soc=0.7985 fc=60
progress step=197050 round=16/40 episode=17/30 sample=zero_boundary_037 soc=0.7968 fc=210
progress step=197100 round=16/40 episode=17/30 sample=zero_boundary_037 soc=0.7996 fc=20
progress step=197150 round=16/40 episode=17/30 sample=zero_boundary_037 soc=0.7983 fc=0
progress step=197200 round=16/40 episode=17/30 sample=zero_boundary_037 soc=0.7978 fc=0
progress step=197250 round=16/40 episode=17/30 sample=zero_boundary_037 soc=0.7978 fc=0
progress step=197300 round=16/40 episode=17/30 sample=zero_boundary_037 soc=0.8000 fc=0
progress step=197350 round=16/40 episode=17/30 sample=zero_boundary_037 soc=0.8000 fc=0
progress step=197400 round=16/40 episode=17/30 sample=zero_boundary_037 soc=0.7987 fc=10
progress step=197450 round=16/40 episode=17/30 sample=zero_boundary_037 soc=0.7991 fc=0
progress step=197500 round=16/40 episode=17/30 sample=zero_boundary_037 soc=0.7982 fc=160
progress step=197550 round=16/40 episode=17/30 sample=zero_boundary_037 soc=0.7984 fc=30
progress step=197600 round=16/40 episode=17/30 sample=zero_boundary_037 soc=0.7993 fc=30
progress step=197650 round=16/40 episode=17/30 sample=zero_boundary_037 soc=0.7998 fc=40
progress step=197700 round=16/40 episode=17/30 sample=zero_boundary_037 soc=0.7988 fc=80
progress step=197750 round=16/40 episode=17/30 sample=zero_boundary_037 soc=0.7991 fc=30
progress step=197800 round=16/40 episode=17/30 sample=zero_boundary_037 soc=0.7995 fc=10
progress step=197850 round=16/40 episode=17/30 sample=zero_boundary_037 soc=0.7981 fc=30
progress step=197900 round=16/40 episode=17/30 sample=zero_boundary_037 soc=0.7998 fc=0
progress step=197950 round=16/40 episode=17/30 sample=zero_boundary_037 soc=0.7983 fc=0
progress step=198000 round=16/40 episode=17/30 sample=zero_boundary_037 soc=0.7982 fc=80
progress step=198050 round=16/40 episode=17/30 sample=zero_boundary_037 soc=0.7968 fc=0
progress step=198100 round=16/40 episode=17/30 sample=zero_boundary_037 soc=0.7991 fc=0
progress step=198150 round=16/40 episode=17/30 sample=zero_boundary_037 soc=0.7992 fc=10
progress step=198200 round=16/40 episode=18/30 sample=zero_boundary_038 soc=0.7087 fc=280
progress step=198250 round=16/40 episode=18/30 sample=zero_boundary_038 soc=0.6269 fc=300
progress step=198300 round=16/40 episode=18/30 sample=zero_boundary_038 soc=0.6418 fc=580
progress step=198350 round=16/40 episode=18/30 sample=zero_boundary_038 soc=0.5876 fc=240
progress step=198400 round=16/40 episode=18/30 sample=zero_boundary_038 soc=0.4873 fc=590
progress step=198450 round=16/40 episode=18/30 sample=zero_boundary_038 soc=0.4626 fc=580
progress step=198500 round=16/40 episode=18/30 sample=zero_boundary_038 soc=0.5728 fc=380
progress step=198550 round=16/40 episode=18/30 sample=zero_boundary_038 soc=0.7084 fc=460
progress step=198600 round=16/40 episode=18/30 sample=zero_boundary_038 soc=0.7999 fc=10
progress step=198650 round=16/40 episode=18/30 sample=zero_boundary_038 soc=0.7908 fc=580
progress step=198700 round=16/40 episode=18/30 sample=zero_boundary_038 soc=0.7712 fc=360
progress step=198750 round=16/40 episode=18/30 sample=zero_boundary_038 soc=0.7806 fc=350
progress step=198800 round=16/40 episode=18/30 sample=zero_boundary_038 soc=0.7894 fc=540
progress step=198850 round=16/40 episode=18/30 sample=zero_boundary_038 soc=0.7997 fc=0
progress step=198900 round=16/40 episode=19/30 sample=zero_boundary_040 soc=0.5826 fc=200
progress step=198950 round=16/40 episode=19/30 sample=zero_boundary_040 soc=0.4826 fc=430
progress step=199000 round=16/40 episode=19/30 sample=zero_boundary_040 soc=0.4369 fc=550
progress step=199050 round=16/40 episode=19/30 sample=zero_boundary_040 soc=0.4056 fc=500
progress step=199100 round=16/40 episode=19/30 sample=zero_boundary_040 soc=0.3720 fc=270
progress step=199150 round=16/40 episode=19/30 sample=zero_boundary_040 soc=0.3498 fc=590
progress step=199200 round=16/40 episode=19/30 sample=zero_boundary_040 soc=0.5033 fc=270
progress step=199250 round=16/40 episode=19/30 sample=zero_boundary_040 soc=0.4440 fc=370
progress step=199300 round=16/40 episode=19/30 sample=zero_boundary_040 soc=0.3540 fc=140
progress step=199350 round=16/40 episode=19/30 sample=zero_boundary_040 soc=0.3316 fc=160
progress step=199400 round=16/40 episode=20/30 sample=zero_boundary_041 soc=0.5576 fc=270
progress step=199450 round=16/40 episode=20/30 sample=zero_boundary_041 soc=0.3983 fc=270
progress step=199500 round=16/40 episode=21/30 sample=zero_boundary_042 soc=0.6617 fc=390
progress step=199550 round=16/40 episode=21/30 sample=zero_boundary_042 soc=0.6723 fc=560
progress step=199600 round=16/40 episode=21/30 sample=zero_boundary_042 soc=0.5658 fc=390
progress step=199650 round=16/40 episode=21/30 sample=zero_boundary_042 soc=0.3290 fc=270
progress step=199700 round=16/40 episode=21/30 sample=zero_boundary_042 soc=0.2009 fc=530
progress step=199750 round=16/40 episode=21/30 sample=zero_boundary_042 soc=0.2136 fc=40
progress step=199800 round=16/40 episode=21/30 sample=zero_boundary_042 soc=0.2006 fc=570
progress step=199850 round=16/40 episode=22/30 sample=zero_boundary_044 soc=0.6452 fc=560
progress step=199900 round=16/40 episode=22/30 sample=zero_boundary_044 soc=0.6303 fc=450
progress step=199950 round=16/40 episode=22/30 sample=zero_boundary_044 soc=0.4215 fc=270
progress step=200000 round=16/40 episode=23/30 sample=zero_boundary_045 soc=0.6603 fc=170
progress step=200050 round=16/40 episode=23/30 sample=zero_boundary_045 soc=0.6907 fc=10
progress step=200100 round=16/40 episode=23/30 sample=zero_boundary_045 soc=0.6227 fc=550
progress step=200150 round=16/40 episode=23/30 sample=zero_boundary_045 soc=0.4659 fc=250
progress step=200200 round=16/40 episode=23/30 sample=zero_boundary_045 soc=0.2022 fc=500
progress step=200250 round=16/40 episode=24/30 sample=zero_boundary_046 soc=0.5332 fc=280
progress step=200300 round=16/40 episode=24/30 sample=zero_boundary_046 soc=0.3125 fc=120
progress step=200350 round=16/40 episode=25/30 sample=zero_boundary_048 soc=0.7013 fc=180
progress step=200400 round=16/40 episode=25/30 sample=zero_boundary_048 soc=0.5434 fc=200
progress step=200450 round=16/40 episode=25/30 sample=zero_boundary_048 soc=0.4443 fc=530
progress step=200500 round=16/40 episode=25/30 sample=zero_boundary_048 soc=0.4508 fc=310
progress step=200550 round=16/40 episode=25/30 sample=zero_boundary_048 soc=0.4637 fc=110
progress step=200600 round=16/40 episode=25/30 sample=zero_boundary_048 soc=0.4842 fc=480
progress step=200650 round=16/40 episode=26/30 sample=zero_boundary_049 soc=0.7342 fc=240
progress step=200700 round=16/40 episode=26/30 sample=zero_boundary_049 soc=0.7759 fc=450
progress step=200750 round=16/40 episode=26/30 sample=zero_boundary_049 soc=0.7925 fc=110
progress step=200800 round=16/40 episode=26/30 sample=zero_boundary_049 soc=0.7921 fc=600
progress step=200850 round=16/40 episode=26/30 sample=zero_boundary_049 soc=0.7998 fc=80
progress step=200900 round=16/40 episode=27/30 sample=zero_boundary_050 soc=0.6617 fc=560
progress step=200950 round=16/40 episode=27/30 sample=zero_boundary_050 soc=0.5744 fc=270
progress step=201000 round=16/40 episode=27/30 sample=zero_boundary_050 soc=0.3845 fc=220
progress step=201050 round=16/40 episode=27/30 sample=zero_boundary_050 soc=0.2002 fc=530
progress step=201100 round=16/40 episode=28/30 sample=zero_boundary_051 soc=0.6008 fc=400
progress step=201150 round=16/40 episode=28/30 sample=zero_boundary_051 soc=0.5873 fc=420
progress step=201200 round=16/40 episode=28/30 sample=zero_boundary_051 soc=0.6175 fc=30
progress step=201250 round=16/40 episode=29/30 sample=zero_boundary_052 soc=0.6694 fc=280
progress step=201300 round=16/40 episode=29/30 sample=zero_boundary_052 soc=0.4528 fc=400
progress step=201350 round=16/40 episode=29/30 sample=zero_boundary_052 soc=0.2966 fc=160
progress step=201400 round=16/40 episode=29/30 sample=zero_boundary_052 soc=0.3188 fc=450
progress step=201450 round=16/40 episode=30/30 sample=zero_boundary_053 soc=0.6217 fc=560
progress step=201500 round=16/40 episode=30/30 sample=zero_boundary_053 soc=0.7221 fc=250
progress step=201550 round=16/40 episode=30/30 sample=zero_boundary_053 soc=0.6086 fc=570
progress step=201600 round=16/40 episode=30/30 sample=zero_boundary_053 soc=0.6381 fc=520
progress step=201650 round=16/40 episode=30/30 sample=zero_boundary_053 soc=0.6616 fc=530
round 16/40 exploratory=20/30 greedy_train start
MONITOR round=16 exploratory=20/30 greedy_train=11/30 validation=SKIPPED cost=None updates=6874 best_round=None
round 17/40 start epsilon=0.6103
progress step=201700 round=17/40 episode=1/30 sample=zero_boundary_002 soc=0.6000 fc=0
progress step=201750 round=17/40 episode=1/30 sample=zero_boundary_002 soc=0.7503 fc=560
progress step=201800 round=17/40 episode=1/30 sample=zero_boundary_002 soc=0.4552 fc=560
progress step=201850 round=17/40 episode=1/30 sample=zero_boundary_002 soc=0.4832 fc=280
progress step=201900 round=17/40 episode=1/30 sample=zero_boundary_002 soc=0.3776 fc=580
progress step=201950 round=17/40 episode=1/30 sample=zero_boundary_002 soc=0.3956 fc=160
progress step=202000 round=17/40 episode=2/30 sample=zero_boundary_005 soc=0.6126 fc=410
progress step=202050 round=17/40 episode=2/30 sample=zero_boundary_005 soc=0.7259 fc=540
progress step=202100 round=17/40 episode=2/30 sample=zero_boundary_005 soc=0.5649 fc=360
progress step=202150 round=17/40 episode=2/30 sample=zero_boundary_005 soc=0.5239 fc=370
progress step=202200 round=17/40 episode=2/30 sample=zero_boundary_005 soc=0.4403 fc=490
progress step=202250 round=17/40 episode=2/30 sample=zero_boundary_005 soc=0.3747 fc=520
progress step=202300 round=17/40 episode=3/30 sample=zero_boundary_006 soc=0.6133 fc=10
progress step=202350 round=17/40 episode=3/30 sample=zero_boundary_006 soc=0.7329 fc=60
progress step=202400 round=17/40 episode=3/30 sample=zero_boundary_006 soc=0.7995 fc=180
progress step=202450 round=17/40 episode=3/30 sample=zero_boundary_006 soc=0.7981 fc=260
progress step=202500 round=17/40 episode=3/30 sample=zero_boundary_006 soc=0.7988 fc=230
progress step=202550 round=17/40 episode=3/30 sample=zero_boundary_006 soc=0.7984 fc=80
progress step=202600 round=17/40 episode=3/30 sample=zero_boundary_006 soc=0.7996 fc=140
progress step=202650 round=17/40 episode=4/30 sample=zero_boundary_007 soc=0.6069 fc=410
progress step=202700 round=17/40 episode=4/30 sample=zero_boundary_007 soc=0.6662 fc=160
progress step=202750 round=17/40 episode=4/30 sample=zero_boundary_007 soc=0.6780 fc=140
progress step=202800 round=17/40 episode=4/30 sample=zero_boundary_007 soc=0.7674 fc=360
progress step=202850 round=17/40 episode=4/30 sample=zero_boundary_007 soc=0.7993 fc=20
progress step=202900 round=17/40 episode=4/30 sample=zero_boundary_007 soc=0.7997 fc=290
progress step=202950 round=17/40 episode=5/30 sample=zero_boundary_008 soc=0.6611 fc=520
progress step=203000 round=17/40 episode=5/30 sample=zero_boundary_008 soc=0.3433 fc=330
progress step=203050 round=17/40 episode=6/30 sample=zero_boundary_011 soc=0.7518 fc=100
progress step=203100 round=17/40 episode=6/30 sample=zero_boundary_011 soc=0.7548 fc=270
progress step=203150 round=17/40 episode=6/30 sample=zero_boundary_011 soc=0.6554 fc=40
progress step=203200 round=17/40 episode=6/30 sample=zero_boundary_011 soc=0.4891 fc=80
progress step=203250 round=17/40 episode=6/30 sample=zero_boundary_011 soc=0.3483 fc=280
progress step=203300 round=17/40 episode=6/30 sample=zero_boundary_011 soc=0.2337 fc=20
progress step=203350 round=17/40 episode=6/30 sample=zero_boundary_011 soc=0.4140 fc=540
progress step=203400 round=17/40 episode=6/30 sample=zero_boundary_011 soc=0.5344 fc=600
progress step=203450 round=17/40 episode=6/30 sample=zero_boundary_011 soc=0.7394 fc=550
progress step=203500 round=17/40 episode=6/30 sample=zero_boundary_011 soc=0.7992 fc=100
progress step=203550 round=17/40 episode=6/30 sample=zero_boundary_011 soc=0.7962 fc=300
progress step=203600 round=17/40 episode=6/30 sample=zero_boundary_011 soc=0.7931 fc=550
progress step=203650 round=17/40 episode=6/30 sample=zero_boundary_011 soc=0.7986 fc=340
progress step=203700 round=17/40 episode=6/30 sample=zero_boundary_011 soc=0.7999 fc=220
progress step=203750 round=17/40 episode=6/30 sample=zero_boundary_011 soc=0.7994 fc=50
progress step=203800 round=17/40 episode=7/30 sample=zero_boundary_013 soc=0.7763 fc=250
progress step=203850 round=17/40 episode=7/30 sample=zero_boundary_013 soc=0.7943 fc=310
progress step=203900 round=17/40 episode=7/30 sample=zero_boundary_013 soc=0.7937 fc=580
progress step=203950 round=17/40 episode=7/30 sample=zero_boundary_013 soc=0.7935 fc=550
progress step=204000 round=17/40 episode=7/30 sample=zero_boundary_013 soc=0.7969 fc=310
progress step=204050 round=17/40 episode=7/30 sample=zero_boundary_013 soc=0.7955 fc=530
progress step=204100 round=17/40 episode=7/30 sample=zero_boundary_013 soc=0.7991 fc=60
progress step=204150 round=17/40 episode=8/30 sample=zero_boundary_015 soc=0.6948 fc=520
progress step=204200 round=17/40 episode=8/30 sample=zero_boundary_015 soc=0.7703 fc=550
progress step=204250 round=17/40 episode=8/30 sample=zero_boundary_015 soc=0.3066 fc=330
progress step=204300 round=17/40 episode=9/30 sample=zero_boundary_016 soc=0.7526 fc=180
progress step=204350 round=17/40 episode=9/30 sample=zero_boundary_016 soc=0.7797 fc=570
progress step=204400 round=17/40 episode=9/30 sample=zero_boundary_016 soc=0.6054 fc=270
progress step=204450 round=17/40 episode=9/30 sample=zero_boundary_016 soc=0.3930 fc=480
progress step=204500 round=17/40 episode=10/30 sample=zero_boundary_017 soc=0.6221 fc=340
progress step=204550 round=17/40 episode=10/30 sample=zero_boundary_017 soc=0.4190 fc=310
progress step=204600 round=17/40 episode=11/30 sample=zero_boundary_020 soc=0.6122 fc=20
progress step=204650 round=17/40 episode=11/30 sample=zero_boundary_020 soc=0.6574 fc=320
progress step=204700 round=17/40 episode=11/30 sample=zero_boundary_020 soc=0.7213 fc=550
progress step=204750 round=17/40 episode=12/30 sample=zero_boundary_021 soc=0.7819 fc=30
progress step=204800 round=17/40 episode=12/30 sample=zero_boundary_021 soc=0.7982 fc=340
progress step=204850 round=17/40 episode=12/30 sample=zero_boundary_021 soc=0.7667 fc=230
progress step=204900 round=17/40 episode=12/30 sample=zero_boundary_021 soc=0.7552 fc=570
progress step=204950 round=17/40 episode=13/30 sample=zero_boundary_022 soc=0.6209 fc=260
progress step=205000 round=17/40 episode=13/30 sample=zero_boundary_022 soc=0.6668 fc=280
progress step=205050 round=17/40 episode=13/30 sample=zero_boundary_022 soc=0.7012 fc=520
progress step=205100 round=17/40 episode=13/30 sample=zero_boundary_022 soc=0.7985 fc=120
progress step=205150 round=17/40 episode=14/30 sample=zero_boundary_029 soc=0.6871 fc=20
progress step=205200 round=17/40 episode=14/30 sample=zero_boundary_029 soc=0.7658 fc=570
progress step=205250 round=17/40 episode=14/30 sample=zero_boundary_029 soc=0.7633 fc=520
progress step=205300 round=17/40 episode=14/30 sample=zero_boundary_029 soc=0.7932 fc=330
progress step=205350 round=17/40 episode=14/30 sample=zero_boundary_029 soc=0.7916 fc=520
progress step=205400 round=17/40 episode=14/30 sample=zero_boundary_029 soc=0.7995 fc=230
progress step=205450 round=17/40 episode=14/30 sample=zero_boundary_029 soc=0.7992 fc=150
progress step=205500 round=17/40 episode=14/30 sample=zero_boundary_029 soc=0.8000 fc=0
progress step=205550 round=17/40 episode=14/30 sample=zero_boundary_029 soc=0.8000 fc=0
progress step=205600 round=17/40 episode=14/30 sample=zero_boundary_029 soc=0.8000 fc=0
progress step=205650 round=17/40 episode=14/30 sample=zero_boundary_029 soc=0.8000 fc=0
progress step=205700 round=17/40 episode=14/30 sample=zero_boundary_029 soc=0.8000 fc=0
progress step=205750 round=17/40 episode=14/30 sample=zero_boundary_029 soc=0.8000 fc=0
progress step=205800 round=17/40 episode=14/30 sample=zero_boundary_029 soc=0.8000 fc=0
progress step=205850 round=17/40 episode=14/30 sample=zero_boundary_029 soc=0.8000 fc=0
progress step=205900 round=17/40 episode=14/30 sample=zero_boundary_029 soc=0.8000 fc=0
progress step=205950 round=17/40 episode=14/30 sample=zero_boundary_029 soc=0.8000 fc=0
progress step=206000 round=17/40 episode=14/30 sample=zero_boundary_029 soc=0.8000 fc=0
progress step=206050 round=17/40 episode=14/30 sample=zero_boundary_029 soc=0.7999 fc=170
progress step=206100 round=17/40 episode=14/30 sample=zero_boundary_029 soc=0.7972 fc=520
progress step=206150 round=17/40 episode=14/30 sample=zero_boundary_029 soc=0.7810 fc=570
progress step=206200 round=17/40 episode=15/30 sample=zero_boundary_033 soc=0.6169 fc=450
progress step=206250 round=17/40 episode=15/30 sample=zero_boundary_033 soc=0.7121 fc=470
progress step=206300 round=17/40 episode=15/30 sample=zero_boundary_033 soc=0.7417 fc=170
progress step=206350 round=17/40 episode=15/30 sample=zero_boundary_033 soc=0.7495 fc=590
progress step=206400 round=17/40 episode=15/30 sample=zero_boundary_033 soc=0.7576 fc=0
progress step=206450 round=17/40 episode=15/30 sample=zero_boundary_033 soc=0.7602 fc=520
progress step=206500 round=17/40 episode=15/30 sample=zero_boundary_033 soc=0.7019 fc=220
progress step=206550 round=17/40 episode=15/30 sample=zero_boundary_033 soc=0.7999 fc=0
progress step=206600 round=17/40 episode=15/30 sample=zero_boundary_033 soc=0.7999 fc=0
progress step=206650 round=17/40 episode=15/30 sample=zero_boundary_033 soc=0.7999 fc=0
progress step=206700 round=17/40 episode=15/30 sample=zero_boundary_033 soc=0.7999 fc=0
progress step=206750 round=17/40 episode=15/30 sample=zero_boundary_033 soc=0.7999 fc=0
progress step=206800 round=17/40 episode=15/30 sample=zero_boundary_033 soc=0.7999 fc=0
progress step=206850 round=17/40 episode=15/30 sample=zero_boundary_033 soc=0.8000 fc=0
progress step=206900 round=17/40 episode=15/30 sample=zero_boundary_033 soc=0.8000 fc=0
progress step=206950 round=17/40 episode=15/30 sample=zero_boundary_033 soc=0.8000 fc=20
progress step=207000 round=17/40 episode=15/30 sample=zero_boundary_033 soc=0.7994 fc=70
progress step=207050 round=17/40 episode=15/30 sample=zero_boundary_033 soc=0.7994 fc=0
progress step=207100 round=17/40 episode=15/30 sample=zero_boundary_033 soc=0.7990 fc=110
progress step=207150 round=17/40 episode=15/30 sample=zero_boundary_033 soc=0.7993 fc=10
progress step=207200 round=17/40 episode=16/30 sample=zero_boundary_034 soc=0.7534 fc=550
progress step=207250 round=17/40 episode=16/30 sample=zero_boundary_034 soc=0.7999 fc=0
progress step=207300 round=17/40 episode=16/30 sample=zero_boundary_034 soc=0.7999 fc=0
progress step=207350 round=17/40 episode=16/30 sample=zero_boundary_034 soc=0.7999 fc=0
progress step=207400 round=17/40 episode=16/30 sample=zero_boundary_034 soc=0.7999 fc=0
progress step=207450 round=17/40 episode=16/30 sample=zero_boundary_034 soc=0.7999 fc=0
progress step=207500 round=17/40 episode=16/30 sample=zero_boundary_034 soc=0.7999 fc=0
progress step=207550 round=17/40 episode=16/30 sample=zero_boundary_034 soc=0.7999 fc=0
progress step=207600 round=17/40 episode=16/30 sample=zero_boundary_034 soc=0.7999 fc=0
progress step=207650 round=17/40 episode=16/30 sample=zero_boundary_034 soc=0.7999 fc=0
progress step=207700 round=17/40 episode=16/30 sample=zero_boundary_034 soc=0.7999 fc=0
progress step=207750 round=17/40 episode=16/30 sample=zero_boundary_034 soc=0.7999 fc=0
progress step=207800 round=17/40 episode=16/30 sample=zero_boundary_034 soc=0.7999 fc=0
progress step=207850 round=17/40 episode=16/30 sample=zero_boundary_034 soc=0.7999 fc=0
progress step=207900 round=17/40 episode=16/30 sample=zero_boundary_034 soc=0.7999 fc=0
progress step=207950 round=17/40 episode=16/30 sample=zero_boundary_034 soc=0.7999 fc=0
progress step=208000 round=17/40 episode=16/30 sample=zero_boundary_034 soc=0.7999 fc=0
progress step=208050 round=17/40 episode=16/30 sample=zero_boundary_034 soc=0.7996 fc=0
progress step=208100 round=17/40 episode=16/30 sample=zero_boundary_034 soc=0.7960 fc=230
progress step=208150 round=17/40 episode=16/30 sample=zero_boundary_034 soc=0.7986 fc=200
progress step=208200 round=17/40 episode=16/30 sample=zero_boundary_034 soc=0.7981 fc=110
progress step=208250 round=17/40 episode=16/30 sample=zero_boundary_034 soc=0.7957 fc=280
progress step=208300 round=17/40 episode=16/30 sample=zero_boundary_034 soc=0.7997 fc=0
progress step=208350 round=17/40 episode=16/30 sample=zero_boundary_034 soc=0.8000 fc=0
progress step=208400 round=17/40 episode=16/30 sample=zero_boundary_034 soc=0.8000 fc=0
progress step=208450 round=17/40 episode=16/30 sample=zero_boundary_034 soc=0.8000 fc=0
progress step=208500 round=17/40 episode=16/30 sample=zero_boundary_034 soc=0.8000 fc=0
progress step=208550 round=17/40 episode=16/30 sample=zero_boundary_034 soc=0.8000 fc=0
progress step=208600 round=17/40 episode=16/30 sample=zero_boundary_034 soc=0.8000 fc=0
progress step=208650 round=17/40 episode=16/30 sample=zero_boundary_034 soc=0.8000 fc=0
progress step=208700 round=17/40 episode=16/30 sample=zero_boundary_034 soc=0.8000 fc=0
progress step=208750 round=17/40 episode=16/30 sample=zero_boundary_034 soc=0.8000 fc=0
progress step=208800 round=17/40 episode=16/30 sample=zero_boundary_034 soc=0.7998 fc=0
progress step=208850 round=17/40 episode=17/30 sample=zero_boundary_037 soc=0.6687 fc=480
progress step=208900 round=17/40 episode=17/30 sample=zero_boundary_037 soc=0.7629 fc=590
progress step=208950 round=17/40 episode=17/30 sample=zero_boundary_037 soc=0.7979 fc=70
progress step=209000 round=17/40 episode=17/30 sample=zero_boundary_037 soc=0.7990 fc=290
progress step=209050 round=17/40 episode=17/30 sample=zero_boundary_037 soc=0.7957 fc=570
progress step=209100 round=17/40 episode=17/30 sample=zero_boundary_037 soc=0.7250 fc=440
progress step=209150 round=17/40 episode=17/30 sample=zero_boundary_037 soc=0.5466 fc=420
progress step=209200 round=17/40 episode=17/30 sample=zero_boundary_037 soc=0.6977 fc=510
progress step=209250 round=17/40 episode=17/30 sample=zero_boundary_037 soc=0.7999 fc=80
progress step=209300 round=17/40 episode=17/30 sample=zero_boundary_037 soc=0.7965 fc=0
progress step=209350 round=17/40 episode=17/30 sample=zero_boundary_037 soc=0.8000 fc=30
progress step=209400 round=17/40 episode=17/30 sample=zero_boundary_037 soc=0.7986 fc=0
progress step=209450 round=17/40 episode=17/30 sample=zero_boundary_037 soc=0.7986 fc=130
progress step=209500 round=17/40 episode=17/30 sample=zero_boundary_037 soc=0.7987 fc=10
progress step=209550 round=17/40 episode=17/30 sample=zero_boundary_037 soc=0.7999 fc=10
progress step=209600 round=17/40 episode=17/30 sample=zero_boundary_037 soc=0.7995 fc=90
progress step=209650 round=17/40 episode=17/30 sample=zero_boundary_037 soc=0.7996 fc=100
progress step=209700 round=17/40 episode=17/30 sample=zero_boundary_037 soc=0.7955 fc=40
progress step=209750 round=17/40 episode=17/30 sample=zero_boundary_037 soc=0.7987 fc=170
progress step=209800 round=17/40 episode=17/30 sample=zero_boundary_037 soc=0.7994 fc=10
progress step=209850 round=17/40 episode=17/30 sample=zero_boundary_037 soc=0.7999 fc=0
progress step=209900 round=17/40 episode=17/30 sample=zero_boundary_037 soc=0.7999 fc=0
progress step=209950 round=17/40 episode=17/30 sample=zero_boundary_037 soc=0.7990 fc=110
progress step=210000 round=17/40 episode=17/30 sample=zero_boundary_037 soc=0.7992 fc=30
progress step=210050 round=17/40 episode=17/30 sample=zero_boundary_037 soc=0.7988 fc=0
progress step=210100 round=17/40 episode=17/30 sample=zero_boundary_037 soc=0.7981 fc=0
progress step=210150 round=17/40 episode=17/30 sample=zero_boundary_037 soc=0.7986 fc=130
progress step=210200 round=17/40 episode=17/30 sample=zero_boundary_037 soc=0.7997 fc=20
progress step=210250 round=17/40 episode=17/30 sample=zero_boundary_037 soc=0.7972 fc=150
progress step=210300 round=17/40 episode=17/30 sample=zero_boundary_037 soc=0.7993 fc=60
progress step=210350 round=17/40 episode=17/30 sample=zero_boundary_037 soc=0.7999 fc=20
progress step=210400 round=17/40 episode=17/30 sample=zero_boundary_037 soc=0.7982 fc=0
progress step=210450 round=17/40 episode=17/30 sample=zero_boundary_037 soc=0.8000 fc=0
progress step=210500 round=17/40 episode=17/30 sample=zero_boundary_037 soc=0.7976 fc=0
progress step=210550 round=17/40 episode=17/30 sample=zero_boundary_037 soc=0.7996 fc=30
progress step=210600 round=17/40 episode=17/30 sample=zero_boundary_037 soc=0.7988 fc=10
progress step=210650 round=17/40 episode=17/30 sample=zero_boundary_037 soc=0.7991 fc=70
progress step=210700 round=17/40 episode=17/30 sample=zero_boundary_037 soc=0.7994 fc=10
progress step=210750 round=17/40 episode=18/30 sample=zero_boundary_038 soc=0.6924 fc=90
progress step=210800 round=17/40 episode=18/30 sample=zero_boundary_038 soc=0.6352 fc=130
progress step=210850 round=17/40 episode=18/30 sample=zero_boundary_038 soc=0.6199 fc=230
progress step=210900 round=17/40 episode=18/30 sample=zero_boundary_038 soc=0.5182 fc=400
progress step=210950 round=17/40 episode=18/30 sample=zero_boundary_038 soc=0.3781 fc=220
progress step=211000 round=17/40 episode=18/30 sample=zero_boundary_038 soc=0.3725 fc=140
progress step=211050 round=17/40 episode=18/30 sample=zero_boundary_038 soc=0.4925 fc=170
progress step=211100 round=17/40 episode=18/30 sample=zero_boundary_038 soc=0.6712 fc=510
progress step=211150 round=17/40 episode=18/30 sample=zero_boundary_038 soc=0.7983 fc=140
progress step=211200 round=17/40 episode=18/30 sample=zero_boundary_038 soc=0.7891 fc=400
progress step=211250 round=17/40 episode=18/30 sample=zero_boundary_038 soc=0.7848 fc=540
progress step=211300 round=17/40 episode=18/30 sample=zero_boundary_038 soc=0.7729 fc=220
progress step=211350 round=17/40 episode=18/30 sample=zero_boundary_038 soc=0.7626 fc=550
progress step=211400 round=17/40 episode=18/30 sample=zero_boundary_038 soc=0.7998 fc=0
progress step=211450 round=17/40 episode=19/30 sample=zero_boundary_040 soc=0.5998 fc=170
progress step=211500 round=17/40 episode=19/30 sample=zero_boundary_040 soc=0.5046 fc=110
progress step=211550 round=17/40 episode=19/30 sample=zero_boundary_040 soc=0.4520 fc=320
progress step=211600 round=17/40 episode=19/30 sample=zero_boundary_040 soc=0.3903 fc=70
progress step=211650 round=17/40 episode=19/30 sample=zero_boundary_040 soc=0.3220 fc=100
progress step=211700 round=17/40 episode=19/30 sample=zero_boundary_040 soc=0.2706 fc=130
progress step=211750 round=17/40 episode=19/30 sample=zero_boundary_040 soc=0.3473 fc=330
progress step=211800 round=17/40 episode=19/30 sample=zero_boundary_040 soc=0.2156 fc=230
progress step=211850 round=17/40 episode=19/30 sample=zero_boundary_040 soc=0.2004 fc=550
progress step=211900 round=17/40 episode=19/30 sample=zero_boundary_040 soc=0.2483 fc=40
progress step=211950 round=17/40 episode=20/30 sample=zero_boundary_041 soc=0.5825 fc=100
progress step=212000 round=17/40 episode=20/30 sample=zero_boundary_041 soc=0.4661 fc=270
progress step=212050 round=17/40 episode=21/30 sample=zero_boundary_042 soc=0.6064 fc=0
progress step=212100 round=17/40 episode=21/30 sample=zero_boundary_042 soc=0.6613 fc=450
progress step=212150 round=17/40 episode=21/30 sample=zero_boundary_042 soc=0.5089 fc=240
progress step=212200 round=17/40 episode=21/30 sample=zero_boundary_042 soc=0.2901 fc=70
progress step=212250 round=17/40 episode=21/30 sample=zero_boundary_042 soc=0.2019 fc=580
progress step=212300 round=17/40 episode=21/30 sample=zero_boundary_042 soc=0.2000 fc=560
progress step=212350 round=17/40 episode=21/30 sample=zero_boundary_042 soc=0.2165 fc=240
progress step=212400 round=17/40 episode=22/30 sample=zero_boundary_044 soc=0.6037 fc=170
progress step=212450 round=17/40 episode=22/30 sample=zero_boundary_044 soc=0.6088 fc=60
progress step=212500 round=17/40 episode=22/30 sample=zero_boundary_044 soc=0.4320 fc=250
progress step=212550 round=17/40 episode=23/30 sample=zero_boundary_045 soc=0.6275 fc=360
progress step=212600 round=17/40 episode=23/30 sample=zero_boundary_045 soc=0.6651 fc=450
progress step=212650 round=17/40 episode=23/30 sample=zero_boundary_045 soc=0.6343 fc=190
progress step=212700 round=17/40 episode=23/30 sample=zero_boundary_045 soc=0.4987 fc=360
progress step=212750 round=17/40 episode=23/30 sample=zero_boundary_045 soc=0.2389 fc=250
progress step=212800 round=17/40 episode=24/30 sample=zero_boundary_046 soc=0.5804 fc=380
progress step=212850 round=17/40 episode=24/30 sample=zero_boundary_046 soc=0.4150 fc=240
progress step=212900 round=17/40 episode=24/30 sample=zero_boundary_046 soc=0.2016 fc=600
progress step=212950 round=17/40 episode=25/30 sample=zero_boundary_048 soc=0.6811 fc=0
progress step=213000 round=17/40 episode=25/30 sample=zero_boundary_048 soc=0.5623 fc=520
progress step=213050 round=17/40 episode=25/30 sample=zero_boundary_048 soc=0.4189 fc=570
progress step=213100 round=17/40 episode=25/30 sample=zero_boundary_048 soc=0.5415 fc=430
progress step=213150 round=17/40 episode=25/30 sample=zero_boundary_048 soc=0.5240 fc=450
progress step=213200 round=17/40 episode=26/30 sample=zero_boundary_049 soc=0.6508 fc=250
progress step=213250 round=17/40 episode=26/30 sample=zero_boundary_049 soc=0.7418 fc=510
progress step=213300 round=17/40 episode=26/30 sample=zero_boundary_049 soc=0.7948 fc=560
progress step=213350 round=17/40 episode=26/30 sample=zero_boundary_049 soc=0.7977 fc=470
progress step=213400 round=17/40 episode=26/30 sample=zero_boundary_049 soc=0.7979 fc=300
progress step=213450 round=17/40 episode=26/30 sample=zero_boundary_049 soc=0.7993 fc=0
progress step=213500 round=17/40 episode=27/30 sample=zero_boundary_050 soc=0.6788 fc=160
progress step=213550 round=17/40 episode=27/30 sample=zero_boundary_050 soc=0.5512 fc=270
progress step=213600 round=17/40 episode=27/30 sample=zero_boundary_050 soc=0.3989 fc=500
progress step=213650 round=17/40 episode=27/30 sample=zero_boundary_050 soc=0.2420 fc=260
progress step=213700 round=17/40 episode=28/30 sample=zero_boundary_051 soc=0.6465 fc=550
progress step=213750 round=17/40 episode=28/30 sample=zero_boundary_051 soc=0.6717 fc=30
progress step=213800 round=17/40 episode=28/30 sample=zero_boundary_051 soc=0.7995 fc=30
progress step=213850 round=17/40 episode=29/30 sample=zero_boundary_052 soc=0.6901 fc=290
progress step=213900 round=17/40 episode=29/30 sample=zero_boundary_052 soc=0.4608 fc=380
progress step=213950 round=17/40 episode=29/30 sample=zero_boundary_052 soc=0.3665 fc=600
progress step=214000 round=17/40 episode=29/30 sample=zero_boundary_052 soc=0.4244 fc=310
progress step=214050 round=17/40 episode=30/30 sample=zero_boundary_053 soc=0.6258 fc=360
progress step=214100 round=17/40 episode=30/30 sample=zero_boundary_053 soc=0.7280 fc=490
progress step=214150 round=17/40 episode=30/30 sample=zero_boundary_053 soc=0.5885 fc=130
progress step=214200 round=17/40 episode=30/30 sample=zero_boundary_053 soc=0.6558 fc=550
progress step=214250 round=17/40 episode=30/30 sample=zero_boundary_053 soc=0.6917 fc=590
round 17/40 exploratory=20/30 greedy_train start
MONITOR round=17 exploratory=20/30 greedy_train=11/30 validation=SKIPPED cost=None updates=7267 best_round=None
round 18/40 start epsilon=0.5859
progress step=214300 round=18/40 episode=1/30 sample=zero_boundary_002 soc=0.6212 fc=220
progress step=214350 round=18/40 episode=1/30 sample=zero_boundary_002 soc=0.7388 fc=600
progress step=214400 round=18/40 episode=1/30 sample=zero_boundary_002 soc=0.4355 fc=260
progress step=214450 round=18/40 episode=1/30 sample=zero_boundary_002 soc=0.4829 fc=260
progress step=214500 round=18/40 episode=1/30 sample=zero_boundary_002 soc=0.3693 fc=120
progress step=214550 round=18/40 episode=1/30 sample=zero_boundary_002 soc=0.4152 fc=330
progress step=214600 round=18/40 episode=2/30 sample=zero_boundary_005 soc=0.6429 fc=580
progress step=214650 round=18/40 episode=2/30 sample=zero_boundary_005 soc=0.7499 fc=450
progress step=214700 round=18/40 episode=2/30 sample=zero_boundary_005 soc=0.6356 fc=480
progress step=214750 round=18/40 episode=2/30 sample=zero_boundary_005 soc=0.6345 fc=450
progress step=214800 round=18/40 episode=2/30 sample=zero_boundary_005 soc=0.5167 fc=370
progress step=214850 round=18/40 episode=2/30 sample=zero_boundary_005 soc=0.5028 fc=250
progress step=214900 round=18/40 episode=3/30 sample=zero_boundary_006 soc=0.6643 fc=340
progress step=214950 round=18/40 episode=3/30 sample=zero_boundary_006 soc=0.7981 fc=240
progress step=215000 round=18/40 episode=3/30 sample=zero_boundary_006 soc=0.7998 fc=60
progress step=215050 round=18/40 episode=3/30 sample=zero_boundary_006 soc=0.7972 fc=360
progress step=215100 round=18/40 episode=3/30 sample=zero_boundary_006 soc=0.7988 fc=0
progress step=215150 round=18/40 episode=3/30 sample=zero_boundary_006 soc=0.7996 fc=50
progress step=215200 round=18/40 episode=3/30 sample=zero_boundary_006 soc=0.7998 fc=140
progress step=215250 round=18/40 episode=4/30 sample=zero_boundary_007 soc=0.6503 fc=130
progress step=215300 round=18/40 episode=4/30 sample=zero_boundary_007 soc=0.6686 fc=270
progress step=215350 round=18/40 episode=4/30 sample=zero_boundary_007 soc=0.7065 fc=550
progress step=215400 round=18/40 episode=4/30 sample=zero_boundary_007 soc=0.7767 fc=320
progress step=215450 round=18/40 episode=4/30 sample=zero_boundary_007 soc=0.7996 fc=10
progress step=215500 round=18/40 episode=4/30 sample=zero_boundary_007 soc=0.7953 fc=300
progress step=215550 round=18/40 episode=5/30 sample=zero_boundary_008 soc=0.7032 fc=410
progress step=215600 round=18/40 episode=5/30 sample=zero_boundary_008 soc=0.3130 fc=220
progress step=215650 round=18/40 episode=6/30 sample=zero_boundary_011 soc=0.7515 fc=510
progress step=215700 round=18/40 episode=6/30 sample=zero_boundary_011 soc=0.7662 fc=270
progress step=215750 round=18/40 episode=6/30 sample=zero_boundary_011 soc=0.6375 fc=230
progress step=215800 round=18/40 episode=6/30 sample=zero_boundary_011 soc=0.4254 fc=90
progress step=215850 round=18/40 episode=6/30 sample=zero_boundary_011 soc=0.2899 fc=120
progress step=215900 round=18/40 episode=6/30 sample=zero_boundary_011 soc=0.2029 fc=440
progress step=215950 round=18/40 episode=6/30 sample=zero_boundary_011 soc=0.4239 fc=160
progress step=216000 round=18/40 episode=6/30 sample=zero_boundary_011 soc=0.5576 fc=90
progress step=216050 round=18/40 episode=6/30 sample=zero_boundary_011 soc=0.7475 fc=420
progress step=216100 round=18/40 episode=6/30 sample=zero_boundary_011 soc=0.7999 fc=0
progress step=216150 round=18/40 episode=6/30 sample=zero_boundary_011 soc=0.7997 fc=230
progress step=216200 round=18/40 episode=6/30 sample=zero_boundary_011 soc=0.7999 fc=80
progress step=216250 round=18/40 episode=6/30 sample=zero_boundary_011 soc=0.7994 fc=80
progress step=216300 round=18/40 episode=6/30 sample=zero_boundary_011 soc=0.7956 fc=460
progress step=216350 round=18/40 episode=6/30 sample=zero_boundary_011 soc=0.7953 fc=240
progress step=216400 round=18/40 episode=7/30 sample=zero_boundary_013 soc=0.7859 fc=600
progress step=216450 round=18/40 episode=7/30 sample=zero_boundary_013 soc=0.7942 fc=540
progress step=216500 round=18/40 episode=7/30 sample=zero_boundary_013 soc=0.7956 fc=470
progress step=216550 round=18/40 episode=7/30 sample=zero_boundary_013 soc=0.7987 fc=0
progress step=216600 round=18/40 episode=7/30 sample=zero_boundary_013 soc=0.7975 fc=360
progress step=216650 round=18/40 episode=7/30 sample=zero_boundary_013 soc=0.7944 fc=90
progress step=216700 round=18/40 episode=8/30 sample=zero_boundary_015 soc=0.6014 fc=180
progress step=216750 round=18/40 episode=8/30 sample=zero_boundary_015 soc=0.6599 fc=130
progress step=216800 round=18/40 episode=8/30 sample=zero_boundary_015 soc=0.6413 fc=260
progress step=216850 round=18/40 episode=9/30 sample=zero_boundary_016 soc=0.6373 fc=400
progress step=216900 round=18/40 episode=9/30 sample=zero_boundary_016 soc=0.7980 fc=10
progress step=216950 round=18/40 episode=9/30 sample=zero_boundary_016 soc=0.6957 fc=40
progress step=217000 round=18/40 episode=9/30 sample=zero_boundary_016 soc=0.5273 fc=390
progress step=217050 round=18/40 episode=9/30 sample=zero_boundary_016 soc=0.2856 fc=260
progress step=217100 round=18/40 episode=10/30 sample=zero_boundary_017 soc=0.5861 fc=40
progress step=217150 round=18/40 episode=10/30 sample=zero_boundary_017 soc=0.3014 fc=470
progress step=217200 round=18/40 episode=11/30 sample=zero_boundary_020 soc=0.6400 fc=170
progress step=217250 round=18/40 episode=11/30 sample=zero_boundary_020 soc=0.6481 fc=360
progress step=217300 round=18/40 episode=12/30 sample=zero_boundary_021 soc=0.6770 fc=90
progress step=217350 round=18/40 episode=12/30 sample=zero_boundary_021 soc=0.7980 fc=210
progress step=217400 round=18/40 episode=12/30 sample=zero_boundary_021 soc=0.7537 fc=430
progress step=217450 round=18/40 episode=12/30 sample=zero_boundary_021 soc=0.7345 fc=80
progress step=217500 round=18/40 episode=12/30 sample=zero_boundary_021 soc=0.7196 fc=480
progress step=217550 round=18/40 episode=13/30 sample=zero_boundary_022 soc=0.6545 fc=250
progress step=217600 round=18/40 episode=13/30 sample=zero_boundary_022 soc=0.6452 fc=170
progress step=217650 round=18/40 episode=13/30 sample=zero_boundary_022 soc=0.7439 fc=330
progress step=217700 round=18/40 episode=13/30 sample=zero_boundary_022 soc=0.7994 fc=0
progress step=217750 round=18/40 episode=14/30 sample=zero_boundary_029 soc=0.7543 fc=590
progress step=217800 round=18/40 episode=14/30 sample=zero_boundary_029 soc=0.7756 fc=160
progress step=217850 round=18/40 episode=14/30 sample=zero_boundary_029 soc=0.7996 fc=370
progress step=217900 round=18/40 episode=14/30 sample=zero_boundary_029 soc=0.7964 fc=230
progress step=217950 round=18/40 episode=14/30 sample=zero_boundary_029 soc=0.7973 fc=410
progress step=218000 round=18/40 episode=14/30 sample=zero_boundary_029 soc=0.7996 fc=230
progress step=218050 round=18/40 episode=14/30 sample=zero_boundary_029 soc=0.7984 fc=0
progress step=218100 round=18/40 episode=14/30 sample=zero_boundary_029 soc=0.7999 fc=0
progress step=218150 round=18/40 episode=14/30 sample=zero_boundary_029 soc=0.7999 fc=0
progress step=218200 round=18/40 episode=14/30 sample=zero_boundary_029 soc=0.7999 fc=0
progress step=218250 round=18/40 episode=14/30 sample=zero_boundary_029 soc=0.7999 fc=0
progress step=218300 round=18/40 episode=14/30 sample=zero_boundary_029 soc=0.7999 fc=0
progress step=218350 round=18/40 episode=14/30 sample=zero_boundary_029 soc=0.7999 fc=0
progress step=218400 round=18/40 episode=14/30 sample=zero_boundary_029 soc=0.7999 fc=0
progress step=218450 round=18/40 episode=14/30 sample=zero_boundary_029 soc=0.7999 fc=0
progress step=218500 round=18/40 episode=14/30 sample=zero_boundary_029 soc=0.7999 fc=0
progress step=218550 round=18/40 episode=14/30 sample=zero_boundary_029 soc=0.7999 fc=0
progress step=218600 round=18/40 episode=14/30 sample=zero_boundary_029 soc=0.7949 fc=0
progress step=218650 round=18/40 episode=14/30 sample=zero_boundary_029 soc=0.7970 fc=480
progress step=218700 round=18/40 episode=14/30 sample=zero_boundary_029 soc=0.7972 fc=460
progress step=218750 round=18/40 episode=14/30 sample=zero_boundary_029 soc=0.7990 fc=20
progress step=218800 round=18/40 episode=15/30 sample=zero_boundary_033 soc=0.7156 fc=280
progress step=218850 round=18/40 episode=15/30 sample=zero_boundary_033 soc=0.7822 fc=520
progress step=218900 round=18/40 episode=15/30 sample=zero_boundary_033 soc=0.7549 fc=580
progress step=218950 round=18/40 episode=15/30 sample=zero_boundary_033 soc=0.7722 fc=310
progress step=219000 round=18/40 episode=15/30 sample=zero_boundary_033 soc=0.7987 fc=60
progress step=219050 round=18/40 episode=15/30 sample=zero_boundary_033 soc=0.7299 fc=140
progress step=219100 round=18/40 episode=15/30 sample=zero_boundary_033 soc=0.7494 fc=250
progress step=219150 round=18/40 episode=15/30 sample=zero_boundary_033 soc=0.7999 fc=0
progress step=219200 round=18/40 episode=15/30 sample=zero_boundary_033 soc=0.7999 fc=0
progress step=219250 round=18/40 episode=15/30 sample=zero_boundary_033 soc=0.7999 fc=0
progress step=219300 round=18/40 episode=15/30 sample=zero_boundary_033 soc=0.8000 fc=0
progress step=219350 round=18/40 episode=15/30 sample=zero_boundary_033 soc=0.8000 fc=0
progress step=219400 round=18/40 episode=15/30 sample=zero_boundary_033 soc=0.8000 fc=0
progress step=219450 round=18/40 episode=15/30 sample=zero_boundary_033 soc=0.8000 fc=0
progress step=219500 round=18/40 episode=15/30 sample=zero_boundary_033 soc=0.8000 fc=0
progress step=219550 round=18/40 episode=15/30 sample=zero_boundary_033 soc=0.7998 fc=0
progress step=219600 round=18/40 episode=15/30 sample=zero_boundary_033 soc=0.7993 fc=0
progress step=219650 round=18/40 episode=15/30 sample=zero_boundary_033 soc=0.7992 fc=60
progress step=219700 round=18/40 episode=15/30 sample=zero_boundary_033 soc=0.7991 fc=0
progress step=219750 round=18/40 episode=16/30 sample=zero_boundary_034 soc=0.6464 fc=290
progress step=219800 round=18/40 episode=16/30 sample=zero_boundary_034 soc=0.8000 fc=0
progress step=219850 round=18/40 episode=16/30 sample=zero_boundary_034 soc=0.8000 fc=0
progress step=219900 round=18/40 episode=16/30 sample=zero_boundary_034 soc=0.8000 fc=0
progress step=219950 round=18/40 episode=16/30 sample=zero_boundary_034 soc=0.8000 fc=0
progress step=220000 round=18/40 episode=16/30 sample=zero_boundary_034 soc=0.8000 fc=0
progress step=220050 round=18/40 episode=16/30 sample=zero_boundary_034 soc=0.8000 fc=0
progress step=220100 round=18/40 episode=16/30 sample=zero_boundary_034 soc=0.8000 fc=0
progress step=220150 round=18/40 episode=16/30 sample=zero_boundary_034 soc=0.8000 fc=0
progress step=220200 round=18/40 episode=16/30 sample=zero_boundary_034 soc=0.8000 fc=0
progress step=220250 round=18/40 episode=16/30 sample=zero_boundary_034 soc=0.8000 fc=0
progress step=220300 round=18/40 episode=16/30 sample=zero_boundary_034 soc=0.8000 fc=0
progress step=220350 round=18/40 episode=16/30 sample=zero_boundary_034 soc=0.8000 fc=0
progress step=220400 round=18/40 episode=16/30 sample=zero_boundary_034 soc=0.8000 fc=0
progress step=220450 round=18/40 episode=16/30 sample=zero_boundary_034 soc=0.8000 fc=0
progress step=220500 round=18/40 episode=16/30 sample=zero_boundary_034 soc=0.8000 fc=0
progress step=220550 round=18/40 episode=16/30 sample=zero_boundary_034 soc=0.8000 fc=0
progress step=220600 round=18/40 episode=16/30 sample=zero_boundary_034 soc=0.7998 fc=0
progress step=220650 round=18/40 episode=16/30 sample=zero_boundary_034 soc=0.7985 fc=60
progress step=220700 round=18/40 episode=16/30 sample=zero_boundary_034 soc=0.7981 fc=270
progress step=220750 round=18/40 episode=16/30 sample=zero_boundary_034 soc=0.7971 fc=180
progress step=220800 round=18/40 episode=16/30 sample=zero_boundary_034 soc=0.7999 fc=290
progress step=220850 round=18/40 episode=16/30 sample=zero_boundary_034 soc=0.7998 fc=40
progress step=220900 round=18/40 episode=16/30 sample=zero_boundary_034 soc=0.7994 fc=0
progress step=220950 round=18/40 episode=16/30 sample=zero_boundary_034 soc=0.8000 fc=0
progress step=221000 round=18/40 episode=16/30 sample=zero_boundary_034 soc=0.8000 fc=0
progress step=221050 round=18/40 episode=16/30 sample=zero_boundary_034 soc=0.8000 fc=0
progress step=221100 round=18/40 episode=16/30 sample=zero_boundary_034 soc=0.8000 fc=0
progress step=221150 round=18/40 episode=16/30 sample=zero_boundary_034 soc=0.8000 fc=0
progress step=221200 round=18/40 episode=16/30 sample=zero_boundary_034 soc=0.8000 fc=0
progress step=221250 round=18/40 episode=16/30 sample=zero_boundary_034 soc=0.8000 fc=0
progress step=221300 round=18/40 episode=16/30 sample=zero_boundary_034 soc=0.8000 fc=0
progress step=221350 round=18/40 episode=16/30 sample=zero_boundary_034 soc=0.7999 fc=0
progress step=221400 round=18/40 episode=17/30 sample=zero_boundary_037 soc=0.6876 fc=160
progress step=221450 round=18/40 episode=17/30 sample=zero_boundary_037 soc=0.7993 fc=180
progress step=221500 round=18/40 episode=17/30 sample=zero_boundary_037 soc=0.7999 fc=10
progress step=221550 round=18/40 episode=17/30 sample=zero_boundary_037 soc=0.7986 fc=140
progress step=221600 round=18/40 episode=17/30 sample=zero_boundary_037 soc=0.7951 fc=560
progress step=221650 round=18/40 episode=17/30 sample=zero_boundary_037 soc=0.7886 fc=370
progress step=221700 round=18/40 episode=17/30 sample=zero_boundary_037 soc=0.7241 fc=550
progress step=221750 round=18/40 episode=17/30 sample=zero_boundary_037 soc=0.7513 fc=560
progress step=221800 round=18/40 episode=17/30 sample=zero_boundary_037 soc=0.7985 fc=160
progress step=221850 round=18/40 episode=17/30 sample=zero_boundary_037 soc=0.7957 fc=230
progress step=221900 round=18/40 episode=17/30 sample=zero_boundary_037 soc=0.7990 fc=140
progress step=221950 round=18/40 episode=17/30 sample=zero_boundary_037 soc=0.7980 fc=0
progress step=222000 round=18/40 episode=17/30 sample=zero_boundary_037 soc=0.7994 fc=20
progress step=222050 round=18/40 episode=17/30 sample=zero_boundary_037 soc=0.7999 fc=10
progress step=222100 round=18/40 episode=17/30 sample=zero_boundary_037 soc=0.7994 fc=60
progress step=222150 round=18/40 episode=17/30 sample=zero_boundary_037 soc=0.7991 fc=50
progress step=222200 round=18/40 episode=17/30 sample=zero_boundary_037 soc=0.7994 fc=100
progress step=222250 round=18/40 episode=17/30 sample=zero_boundary_037 soc=0.7974 fc=0
progress step=222300 round=18/40 episode=17/30 sample=zero_boundary_037 soc=0.7983 fc=30
progress step=222350 round=18/40 episode=17/30 sample=zero_boundary_037 soc=0.7972 fc=0
progress step=222400 round=18/40 episode=17/30 sample=zero_boundary_037 soc=0.8000 fc=0
progress step=222450 round=18/40 episode=17/30 sample=zero_boundary_037 soc=0.8000 fc=0
progress step=222500 round=18/40 episode=17/30 sample=zero_boundary_037 soc=0.8000 fc=0
progress step=222550 round=18/40 episode=17/30 sample=zero_boundary_037 soc=0.7991 fc=20
progress step=222600 round=18/40 episode=17/30 sample=zero_boundary_037 soc=0.7957 fc=300
progress step=222650 round=18/40 episode=17/30 sample=zero_boundary_037 soc=0.7997 fc=20
progress step=222700 round=18/40 episode=17/30 sample=zero_boundary_037 soc=0.7992 fc=0
progress step=222750 round=18/40 episode=17/30 sample=zero_boundary_037 soc=0.7988 fc=0
progress step=222800 round=18/40 episode=17/30 sample=zero_boundary_037 soc=0.7982 fc=180
progress step=222850 round=18/40 episode=17/30 sample=zero_boundary_037 soc=0.7996 fc=10
progress step=222900 round=18/40 episode=17/30 sample=zero_boundary_037 soc=0.7997 fc=20
progress step=222950 round=18/40 episode=17/30 sample=zero_boundary_037 soc=0.7997 fc=0
progress step=223000 round=18/40 episode=17/30 sample=zero_boundary_037 soc=0.7995 fc=10
progress step=223050 round=18/40 episode=17/30 sample=zero_boundary_037 soc=0.7988 fc=80
progress step=223100 round=18/40 episode=17/30 sample=zero_boundary_037 soc=0.7998 fc=0
progress step=223150 round=18/40 episode=17/30 sample=zero_boundary_037 soc=0.7996 fc=10
progress step=223200 round=18/40 episode=17/30 sample=zero_boundary_037 soc=0.7989 fc=0
progress step=223250 round=18/40 episode=17/30 sample=zero_boundary_037 soc=0.8000 fc=0
progress step=223300 round=18/40 episode=18/30 sample=zero_boundary_038 soc=0.6959 fc=560
progress step=223350 round=18/40 episode=18/30 sample=zero_boundary_038 soc=0.7376 fc=560
progress step=223400 round=18/40 episode=18/30 sample=zero_boundary_038 soc=0.7396 fc=150
progress step=223450 round=18/40 episode=18/30 sample=zero_boundary_038 soc=0.7967 fc=350
progress step=223500 round=18/40 episode=18/30 sample=zero_boundary_038 soc=0.6414 fc=10
progress step=223550 round=18/40 episode=18/30 sample=zero_boundary_038 soc=0.5489 fc=30
progress step=223600 round=18/40 episode=18/30 sample=zero_boundary_038 soc=0.7157 fc=540
progress step=223650 round=18/40 episode=18/30 sample=zero_boundary_038 soc=0.7995 fc=0
progress step=223700 round=18/40 episode=18/30 sample=zero_boundary_038 soc=0.7993 fc=90
progress step=223750 round=18/40 episode=18/30 sample=zero_boundary_038 soc=0.7886 fc=80
progress step=223800 round=18/40 episode=18/30 sample=zero_boundary_038 soc=0.7896 fc=570
progress step=223850 round=18/40 episode=18/30 sample=zero_boundary_038 soc=0.7545 fc=450
progress step=223900 round=18/40 episode=18/30 sample=zero_boundary_038 soc=0.7781 fc=40
progress step=223950 round=18/40 episode=18/30 sample=zero_boundary_038 soc=0.7999 fc=30
progress step=224000 round=18/40 episode=19/30 sample=zero_boundary_040 soc=0.6363 fc=580
progress step=224050 round=18/40 episode=19/30 sample=zero_boundary_040 soc=0.6218 fc=150
progress step=224100 round=18/40 episode=19/30 sample=zero_boundary_040 soc=0.5284 fc=350
progress step=224150 round=18/40 episode=19/30 sample=zero_boundary_040 soc=0.4136 fc=360
progress step=224200 round=18/40 episode=19/30 sample=zero_boundary_040 soc=0.4497 fc=150
progress step=224250 round=18/40 episode=19/30 sample=zero_boundary_040 soc=0.4274 fc=180
progress step=224300 round=18/40 episode=19/30 sample=zero_boundary_040 soc=0.4737 fc=230
progress step=224350 round=18/40 episode=19/30 sample=zero_boundary_040 soc=0.5324 fc=380
progress step=224400 round=18/40 episode=19/30 sample=zero_boundary_040 soc=0.4330 fc=270
progress step=224450 round=18/40 episode=19/30 sample=zero_boundary_040 soc=0.2367 fc=0
progress step=224500 round=18/40 episode=20/30 sample=zero_boundary_041 soc=0.6154 fc=270
progress step=224550 round=18/40 episode=20/30 sample=zero_boundary_041 soc=0.5374 fc=100
progress step=224600 round=18/40 episode=20/30 sample=zero_boundary_041 soc=0.2663 fc=50
progress step=224650 round=18/40 episode=21/30 sample=zero_boundary_042 soc=0.7011 fc=150
progress step=224700 round=18/40 episode=21/30 sample=zero_boundary_042 soc=0.5210 fc=160
progress step=224750 round=18/40 episode=21/30 sample=zero_boundary_042 soc=0.2849 fc=190
progress step=224800 round=18/40 episode=21/30 sample=zero_boundary_042 soc=0.2001 fc=520
progress step=224850 round=18/40 episode=21/30 sample=zero_boundary_042 soc=0.2001 fc=520
progress step=224900 round=18/40 episode=21/30 sample=zero_boundary_042 soc=0.3228 fc=270
progress step=224950 round=18/40 episode=21/30 sample=zero_boundary_042 soc=0.2004 fc=570
progress step=225000 round=18/40 episode=22/30 sample=zero_boundary_044 soc=0.6520 fc=130
progress step=225050 round=18/40 episode=22/30 sample=zero_boundary_044 soc=0.5301 fc=330
progress step=225100 round=18/40 episode=22/30 sample=zero_boundary_044 soc=0.2915 fc=100
progress step=225150 round=18/40 episode=23/30 sample=zero_boundary_045 soc=0.7237 fc=600
progress step=225200 round=18/40 episode=23/30 sample=zero_boundary_045 soc=0.7102 fc=360
progress step=225250 round=18/40 episode=23/30 sample=zero_boundary_045 soc=0.6642 fc=460
progress step=225300 round=18/40 episode=23/30 sample=zero_boundary_045 soc=0.4545 fc=550
progress step=225350 round=18/40 episode=23/30 sample=zero_boundary_045 soc=0.2683 fc=520
progress step=225400 round=18/40 episode=23/30 sample=zero_boundary_045 soc=0.2003 fc=560
progress step=225450 round=18/40 episode=24/30 sample=zero_boundary_046 soc=0.5956 fc=320
progress step=225500 round=18/40 episode=24/30 sample=zero_boundary_046 soc=0.4582 fc=140
progress step=225550 round=18/40 episode=24/30 sample=zero_boundary_046 soc=0.2262 fc=150
progress step=225600 round=18/40 episode=25/30 sample=zero_boundary_048 soc=0.7123 fc=330
progress step=225650 round=18/40 episode=25/30 sample=zero_boundary_048 soc=0.5502 fc=40
progress step=225700 round=18/40 episode=25/30 sample=zero_boundary_048 soc=0.4082 fc=600
progress step=225750 round=18/40 episode=25/30 sample=zero_boundary_048 soc=0.4733 fc=390
progress step=225800 round=18/40 episode=25/30 sample=zero_boundary_048 soc=0.4882 fc=370
progress step=225850 round=18/40 episode=26/30 sample=zero_boundary_049 soc=0.6043 fc=50
progress step=225900 round=18/40 episode=26/30 sample=zero_boundary_049 soc=0.6863 fc=530
progress step=225950 round=18/40 episode=26/30 sample=zero_boundary_049 soc=0.7601 fc=390
progress step=226000 round=18/40 episode=26/30 sample=zero_boundary_049 soc=0.7884 fc=510
progress step=226050 round=18/40 episode=26/30 sample=zero_boundary_049 soc=0.7997 fc=230
progress step=226100 round=18/40 episode=26/30 sample=zero_boundary_049 soc=0.7951 fc=20
progress step=226150 round=18/40 episode=27/30 sample=zero_boundary_050 soc=0.6345 fc=420
progress step=226200 round=18/40 episode=27/30 sample=zero_boundary_050 soc=0.5085 fc=380
progress step=226250 round=18/40 episode=27/30 sample=zero_boundary_050 soc=0.3395 fc=70
progress step=226300 round=18/40 episode=27/30 sample=zero_boundary_050 soc=0.2026 fc=460
progress step=226350 round=18/40 episode=28/30 sample=zero_boundary_051 soc=0.6156 fc=390
progress step=226400 round=18/40 episode=28/30 sample=zero_boundary_051 soc=0.6639 fc=50
progress step=226450 round=18/40 episode=29/30 sample=zero_boundary_052 soc=0.6000 fc=0
progress step=226500 round=18/40 episode=29/30 sample=zero_boundary_052 soc=0.6456 fc=490
progress step=226550 round=18/40 episode=29/30 sample=zero_boundary_052 soc=0.4513 fc=170
progress step=226600 round=18/40 episode=29/30 sample=zero_boundary_052 soc=0.3352 fc=440
progress step=226650 round=18/40 episode=29/30 sample=zero_boundary_052 soc=0.3697 fc=550
progress step=226700 round=18/40 episode=30/30 sample=zero_boundary_053 soc=0.6719 fc=510
progress step=226750 round=18/40 episode=30/30 sample=zero_boundary_053 soc=0.7410 fc=330
progress step=226800 round=18/40 episode=30/30 sample=zero_boundary_053 soc=0.6159 fc=490
progress step=226850 round=18/40 episode=30/30 sample=zero_boundary_053 soc=0.6781 fc=470
progress step=226900 round=18/40 episode=30/30 sample=zero_boundary_053 soc=0.7639 fc=140
round 18/40 exploratory=20/30 greedy_train start
MONITOR round=18 exploratory=20/30 greedy_train=13/30 validation=SKIPPED cost=None updates=7662 best_round=None
round 19/40 start epsilon=0.5615
progress step=226950 round=19/40 episode=1/30 sample=zero_boundary_002 soc=0.6294 fc=600
progress step=227000 round=19/40 episode=1/30 sample=zero_boundary_002 soc=0.7402 fc=340
progress step=227050 round=19/40 episode=1/30 sample=zero_boundary_002 soc=0.4491 fc=270
progress step=227100 round=19/40 episode=1/30 sample=zero_boundary_002 soc=0.5155 fc=390
progress step=227150 round=19/40 episode=1/30 sample=zero_boundary_002 soc=0.4469 fc=450
progress step=227200 round=19/40 episode=1/30 sample=zero_boundary_002 soc=0.5004 fc=390
progress step=227250 round=19/40 episode=2/30 sample=zero_boundary_005 soc=0.6496 fc=510
progress step=227300 round=19/40 episode=2/30 sample=zero_boundary_005 soc=0.7171 fc=340
progress step=227350 round=19/40 episode=2/30 sample=zero_boundary_005 soc=0.6041 fc=530
progress step=227400 round=19/40 episode=2/30 sample=zero_boundary_005 soc=0.5794 fc=360
progress step=227450 round=19/40 episode=2/30 sample=zero_boundary_005 soc=0.4876 fc=550
progress step=227500 round=19/40 episode=2/30 sample=zero_boundary_005 soc=0.4619 fc=260
progress step=227550 round=19/40 episode=3/30 sample=zero_boundary_006 soc=0.6471 fc=510
progress step=227600 round=19/40 episode=3/30 sample=zero_boundary_006 soc=0.7967 fc=100
progress step=227650 round=19/40 episode=3/30 sample=zero_boundary_006 soc=0.7977 fc=0
progress step=227700 round=19/40 episode=3/30 sample=zero_boundary_006 soc=0.7997 fc=50
progress step=227750 round=19/40 episode=3/30 sample=zero_boundary_006 soc=0.7985 fc=0
progress step=227800 round=19/40 episode=3/30 sample=zero_boundary_006 soc=0.7994 fc=190
progress step=227850 round=19/40 episode=3/30 sample=zero_boundary_006 soc=0.7916 fc=100
progress step=227900 round=19/40 episode=4/30 sample=zero_boundary_007 soc=0.6568 fc=470
progress step=227950 round=19/40 episode=4/30 sample=zero_boundary_007 soc=0.6618 fc=30
progress step=228000 round=19/40 episode=4/30 sample=zero_boundary_007 soc=0.6637 fc=340
progress step=228050 round=19/40 episode=4/30 sample=zero_boundary_007 soc=0.7697 fc=600
progress step=228100 round=19/40 episode=4/30 sample=zero_boundary_007 soc=0.7984 fc=150
progress step=228150 round=19/40 episode=4/30 sample=zero_boundary_007 soc=0.7979 fc=0
progress step=228200 round=19/40 episode=5/30 sample=zero_boundary_008 soc=0.6225 fc=400
progress step=228250 round=19/40 episode=5/30 sample=zero_boundary_008 soc=0.2406 fc=250
progress step=228300 round=19/40 episode=6/30 sample=zero_boundary_011 soc=0.7997 fc=10
progress step=228350 round=19/40 episode=6/30 sample=zero_boundary_011 soc=0.7596 fc=340
progress step=228400 round=19/40 episode=6/30 sample=zero_boundary_011 soc=0.6611 fc=490
progress step=228450 round=19/40 episode=6/30 sample=zero_boundary_011 soc=0.5177 fc=160
progress step=228500 round=19/40 episode=6/30 sample=zero_boundary_011 soc=0.3538 fc=160
progress step=228550 round=19/40 episode=6/30 sample=zero_boundary_011 soc=0.2027 fc=140
progress step=228600 round=19/40 episode=6/30 sample=zero_boundary_011 soc=0.4570 fc=280
progress step=228650 round=19/40 episode=6/30 sample=zero_boundary_011 soc=0.6243 fc=300
progress step=228700 round=19/40 episode=6/30 sample=zero_boundary_011 soc=0.7994 fc=0
progress step=228750 round=19/40 episode=6/30 sample=zero_boundary_011 soc=0.7938 fc=590
progress step=228800 round=19/40 episode=6/30 sample=zero_boundary_011 soc=0.7968 fc=480
progress step=228850 round=19/40 episode=6/30 sample=zero_boundary_011 soc=0.7896 fc=470
progress step=228900 round=19/40 episode=6/30 sample=zero_boundary_011 soc=0.7998 fc=150
progress step=228950 round=19/40 episode=6/30 sample=zero_boundary_011 soc=0.7927 fc=590
progress step=229000 round=19/40 episode=7/30 sample=zero_boundary_013 soc=0.6124 fc=320
progress step=229050 round=19/40 episode=7/30 sample=zero_boundary_013 soc=0.7956 fc=50
progress step=229100 round=19/40 episode=7/30 sample=zero_boundary_013 soc=0.7983 fc=200
progress step=229150 round=19/40 episode=7/30 sample=zero_boundary_013 soc=0.7884 fc=0
progress step=229200 round=19/40 episode=7/30 sample=zero_boundary_013 soc=0.7933 fc=540
progress step=229250 round=19/40 episode=7/30 sample=zero_boundary_013 soc=0.7904 fc=540
progress step=229300 round=19/40 episode=7/30 sample=zero_boundary_013 soc=0.7997 fc=230
progress step=229350 round=19/40 episode=8/30 sample=zero_boundary_015 soc=0.6070 fc=160
progress step=229400 round=19/40 episode=8/30 sample=zero_boundary_015 soc=0.6790 fc=190
progress step=229450 round=19/40 episode=8/30 sample=zero_boundary_015 soc=0.6204 fc=380
progress step=229500 round=19/40 episode=9/30 sample=zero_boundary_016 soc=0.6613 fc=370
progress step=229550 round=19/40 episode=9/30 sample=zero_boundary_016 soc=0.7962 fc=350
progress step=229600 round=19/40 episode=9/30 sample=zero_boundary_016 soc=0.6624 fc=160
progress step=229650 round=19/40 episode=9/30 sample=zero_boundary_016 soc=0.4532 fc=550
progress step=229700 round=19/40 episode=10/30 sample=zero_boundary_017 soc=0.6216 fc=150
progress step=229750 round=19/40 episode=10/30 sample=zero_boundary_017 soc=0.5298 fc=480
progress step=229800 round=19/40 episode=10/30 sample=zero_boundary_017 soc=0.2323 fc=250
progress step=229850 round=19/40 episode=11/30 sample=zero_boundary_020 soc=0.6767 fc=490
progress step=229900 round=19/40 episode=11/30 sample=zero_boundary_020 soc=0.7338 fc=540
progress step=229950 round=19/40 episode=12/30 sample=zero_boundary_021 soc=0.7354 fc=570
progress step=230000 round=19/40 episode=12/30 sample=zero_boundary_021 soc=0.7997 fc=190
progress step=230050 round=19/40 episode=12/30 sample=zero_boundary_021 soc=0.7130 fc=480
progress step=230100 round=19/40 episode=12/30 sample=zero_boundary_021 soc=0.6916 fc=340
progress step=230150 round=19/40 episode=12/30 sample=zero_boundary_021 soc=0.7413 fc=550
progress step=230200 round=19/40 episode=13/30 sample=zero_boundary_022 soc=0.6798 fc=560
progress step=230250 round=19/40 episode=13/30 sample=zero_boundary_022 soc=0.6769 fc=30
progress step=230300 round=19/40 episode=13/30 sample=zero_boundary_022 soc=0.7961 fc=560
progress step=230350 round=19/40 episode=14/30 sample=zero_boundary_029 soc=0.6482 fc=0
progress step=230400 round=19/40 episode=14/30 sample=zero_boundary_029 soc=0.7215 fc=80
progress step=230450 round=19/40 episode=14/30 sample=zero_boundary_029 soc=0.7222 fc=500
progress step=230500 round=19/40 episode=14/30 sample=zero_boundary_029 soc=0.7400 fc=390
progress step=230550 round=19/40 episode=14/30 sample=zero_boundary_029 soc=0.8000 fc=0
progress step=230600 round=19/40 episode=14/30 sample=zero_boundary_029 soc=0.7983 fc=0
progress step=230650 round=19/40 episode=14/30 sample=zero_boundary_029 soc=0.7974 fc=310
progress step=230700 round=19/40 episode=14/30 sample=zero_boundary_029 soc=0.7999 fc=0
progress step=230750 round=19/40 episode=14/30 sample=zero_boundary_029 soc=0.7999 fc=0
progress step=230800 round=19/40 episode=14/30 sample=zero_boundary_029 soc=0.7999 fc=0
progress step=230850 round=19/40 episode=14/30 sample=zero_boundary_029 soc=0.7999 fc=0
progress step=230900 round=19/40 episode=14/30 sample=zero_boundary_029 soc=0.7999 fc=0
progress step=230950 round=19/40 episode=14/30 sample=zero_boundary_029 soc=0.7999 fc=0
progress step=231000 round=19/40 episode=14/30 sample=zero_boundary_029 soc=0.7999 fc=0
progress step=231050 round=19/40 episode=14/30 sample=zero_boundary_029 soc=0.7999 fc=0
progress step=231100 round=19/40 episode=14/30 sample=zero_boundary_029 soc=0.7999 fc=0
progress step=231150 round=19/40 episode=14/30 sample=zero_boundary_029 soc=0.7999 fc=0
progress step=231200 round=19/40 episode=14/30 sample=zero_boundary_029 soc=0.7999 fc=0
progress step=231250 round=19/40 episode=14/30 sample=zero_boundary_029 soc=0.7975 fc=0
progress step=231300 round=19/40 episode=14/30 sample=zero_boundary_029 soc=0.7999 fc=130
progress step=231350 round=19/40 episode=14/30 sample=zero_boundary_029 soc=0.7979 fc=330
progress step=231400 round=19/40 episode=14/30 sample=zero_boundary_029 soc=0.7993 fc=50
progress step=231450 round=19/40 episode=15/30 sample=zero_boundary_033 soc=0.7862 fc=490
progress step=231500 round=19/40 episode=15/30 sample=zero_boundary_033 soc=0.7906 fc=570
progress step=231550 round=19/40 episode=15/30 sample=zero_boundary_033 soc=0.7316 fc=20
progress step=231600 round=19/40 episode=15/30 sample=zero_boundary_033 soc=0.6745 fc=600
progress step=231650 round=19/40 episode=15/30 sample=zero_boundary_033 soc=0.7335 fc=490
progress step=231700 round=19/40 episode=15/30 sample=zero_boundary_033 soc=0.6241 fc=180
progress step=231750 round=19/40 episode=15/30 sample=zero_boundary_033 soc=0.6923 fc=320
progress step=231800 round=19/40 episode=15/30 sample=zero_boundary_033 soc=0.8000 fc=0
progress step=231850 round=19/40 episode=15/30 sample=zero_boundary_033 soc=0.8000 fc=0
progress step=231900 round=19/40 episode=15/30 sample=zero_boundary_033 soc=0.8000 fc=0
progress step=231950 round=19/40 episode=15/30 sample=zero_boundary_033 soc=0.8000 fc=0
progress step=232000 round=19/40 episode=15/30 sample=zero_boundary_033 soc=0.8000 fc=0
progress step=232050 round=19/40 episode=15/30 sample=zero_boundary_033 soc=0.7999 fc=0
progress step=232100 round=19/40 episode=15/30 sample=zero_boundary_033 soc=0.7999 fc=0
progress step=232150 round=19/40 episode=15/30 sample=zero_boundary_033 soc=0.7996 fc=0
progress step=232200 round=19/40 episode=15/30 sample=zero_boundary_033 soc=0.7989 fc=100
progress step=232250 round=19/40 episode=15/30 sample=zero_boundary_033 soc=0.7999 fc=0
progress step=232300 round=19/40 episode=15/30 sample=zero_boundary_033 soc=0.8000 fc=30
progress step=232350 round=19/40 episode=15/30 sample=zero_boundary_033 soc=0.7985 fc=40
progress step=232400 round=19/40 episode=16/30 sample=zero_boundary_034 soc=0.6999 fc=550
progress step=232450 round=19/40 episode=16/30 sample=zero_boundary_034 soc=0.7999 fc=0
progress step=232500 round=19/40 episode=16/30 sample=zero_boundary_034 soc=0.7999 fc=0
progress step=232550 round=19/40 episode=16/30 sample=zero_boundary_034 soc=0.7999 fc=0
progress step=232600 round=19/40 episode=16/30 sample=zero_boundary_034 soc=0.7999 fc=0
progress step=232650 round=19/40 episode=16/30 sample=zero_boundary_034 soc=0.7999 fc=0
progress step=232700 round=19/40 episode=16/30 sample=zero_boundary_034 soc=0.7999 fc=0
progress step=232750 round=19/40 episode=16/30 sample=zero_boundary_034 soc=0.7999 fc=0
progress step=232800 round=19/40 episode=16/30 sample=zero_boundary_034 soc=0.7999 fc=0
progress step=232850 round=19/40 episode=16/30 sample=zero_boundary_034 soc=0.7999 fc=0
progress step=232900 round=19/40 episode=16/30 sample=zero_boundary_034 soc=0.7999 fc=0
progress step=232950 round=19/40 episode=16/30 sample=zero_boundary_034 soc=0.7999 fc=0
progress step=233000 round=19/40 episode=16/30 sample=zero_boundary_034 soc=0.7999 fc=0
progress step=233050 round=19/40 episode=16/30 sample=zero_boundary_034 soc=0.7999 fc=0
progress step=233100 round=19/40 episode=16/30 sample=zero_boundary_034 soc=0.7999 fc=0
progress step=233150 round=19/40 episode=16/30 sample=zero_boundary_034 soc=0.7999 fc=0
progress step=233200 round=19/40 episode=16/30 sample=zero_boundary_034 soc=0.7999 fc=0
progress step=233250 round=19/40 episode=16/30 sample=zero_boundary_034 soc=0.7964 fc=0
progress step=233300 round=19/40 episode=16/30 sample=zero_boundary_034 soc=0.7991 fc=120
progress step=233350 round=19/40 episode=16/30 sample=zero_boundary_034 soc=0.7982 fc=340
progress step=233400 round=19/40 episode=16/30 sample=zero_boundary_034 soc=0.7994 fc=260
progress step=233450 round=19/40 episode=16/30 sample=zero_boundary_034 soc=0.7999 fc=240
progress step=233500 round=19/40 episode=16/30 sample=zero_boundary_034 soc=0.7969 fc=0
progress step=233550 round=19/40 episode=16/30 sample=zero_boundary_034 soc=0.7997 fc=0
progress step=233600 round=19/40 episode=16/30 sample=zero_boundary_034 soc=0.7999 fc=0
progress step=233650 round=19/40 episode=16/30 sample=zero_boundary_034 soc=0.7999 fc=0
progress step=233700 round=19/40 episode=16/30 sample=zero_boundary_034 soc=0.7999 fc=0
progress step=233750 round=19/40 episode=16/30 sample=zero_boundary_034 soc=0.7999 fc=0
progress step=233800 round=19/40 episode=16/30 sample=zero_boundary_034 soc=0.7999 fc=0
progress step=233850 round=19/40 episode=16/30 sample=zero_boundary_034 soc=0.7999 fc=0
progress step=233900 round=19/40 episode=16/30 sample=zero_boundary_034 soc=0.7999 fc=0
progress step=233950 round=19/40 episode=16/30 sample=zero_boundary_034 soc=0.7999 fc=0
progress step=234000 round=19/40 episode=16/30 sample=zero_boundary_034 soc=0.7989 fc=30
progress step=234050 round=19/40 episode=17/30 sample=zero_boundary_037 soc=0.7149 fc=590
progress step=234100 round=19/40 episode=17/30 sample=zero_boundary_037 soc=0.7998 fc=160
progress step=234150 round=19/40 episode=17/30 sample=zero_boundary_037 soc=0.7996 fc=200
progress step=234200 round=19/40 episode=17/30 sample=zero_boundary_037 soc=0.7988 fc=260
progress step=234250 round=19/40 episode=17/30 sample=zero_boundary_037 soc=0.7993 fc=200
progress step=234300 round=19/40 episode=17/30 sample=zero_boundary_037 soc=0.7623 fc=350
progress step=234350 round=19/40 episode=17/30 sample=zero_boundary_037 soc=0.6312 fc=290
progress step=234400 round=19/40 episode=17/30 sample=zero_boundary_037 soc=0.7165 fc=550
progress step=234450 round=19/40 episode=17/30 sample=zero_boundary_037 soc=0.7985 fc=10
progress step=234500 round=19/40 episode=17/30 sample=zero_boundary_037 soc=0.7959 fc=290
progress step=234550 round=19/40 episode=17/30 sample=zero_boundary_037 soc=0.7965 fc=0
progress step=234600 round=19/40 episode=17/30 sample=zero_boundary_037 soc=0.7982 fc=20
progress step=234650 round=19/40 episode=17/30 sample=zero_boundary_037 soc=0.7993 fc=0
progress step=234700 round=19/40 episode=17/30 sample=zero_boundary_037 soc=0.7989 fc=140
progress step=234750 round=19/40 episode=17/30 sample=zero_boundary_037 soc=0.7995 fc=90
progress step=234800 round=19/40 episode=17/30 sample=zero_boundary_037 soc=0.7996 fc=50
progress step=234850 round=19/40 episode=17/30 sample=zero_boundary_037 soc=0.8000 fc=30
progress step=234900 round=19/40 episode=17/30 sample=zero_boundary_037 soc=0.7979 fc=10
progress step=234950 round=19/40 episode=17/30 sample=zero_boundary_037 soc=0.7986 fc=130
progress step=235000 round=19/40 episode=17/30 sample=zero_boundary_037 soc=0.7970 fc=250
progress step=235050 round=19/40 episode=17/30 sample=zero_boundary_037 soc=0.7999 fc=0
progress step=235100 round=19/40 episode=17/30 sample=zero_boundary_037 soc=0.7999 fc=0
progress step=235150 round=19/40 episode=17/30 sample=zero_boundary_037 soc=0.7989 fc=110
progress step=235200 round=19/40 episode=17/30 sample=zero_boundary_037 soc=0.7997 fc=60
progress step=235250 round=19/40 episode=17/30 sample=zero_boundary_037 soc=0.7986 fc=50
progress step=235300 round=19/40 episode=17/30 sample=zero_boundary_037 soc=0.7993 fc=0
progress step=235350 round=19/40 episode=17/30 sample=zero_boundary_037 soc=0.7994 fc=0
progress step=235400 round=19/40 episode=17/30 sample=zero_boundary_037 soc=0.7996 fc=40
progress step=235450 round=19/40 episode=17/30 sample=zero_boundary_037 soc=0.7982 fc=0
progress step=235500 round=19/40 episode=17/30 sample=zero_boundary_037 soc=0.7987 fc=0
progress step=235550 round=19/40 episode=17/30 sample=zero_boundary_037 soc=0.7989 fc=110
progress step=235600 round=19/40 episode=17/30 sample=zero_boundary_037 soc=0.7987 fc=0
progress step=235650 round=19/40 episode=17/30 sample=zero_boundary_037 soc=0.7990 fc=0
progress step=235700 round=19/40 episode=17/30 sample=zero_boundary_037 soc=0.7986 fc=0
progress step=235750 round=19/40 episode=17/30 sample=zero_boundary_037 soc=0.7983 fc=0
progress step=235800 round=19/40 episode=17/30 sample=zero_boundary_037 soc=0.7966 fc=110
progress step=235850 round=19/40 episode=17/30 sample=zero_boundary_037 soc=0.7989 fc=10
progress step=235900 round=19/40 episode=17/30 sample=zero_boundary_037 soc=0.7991 fc=0
progress step=235950 round=19/40 episode=18/30 sample=zero_boundary_038 soc=0.6952 fc=560
progress step=236000 round=19/40 episode=18/30 sample=zero_boundary_038 soc=0.6733 fc=560
progress step=236050 round=19/40 episode=18/30 sample=zero_boundary_038 soc=0.6835 fc=540
progress step=236100 round=19/40 episode=18/30 sample=zero_boundary_038 soc=0.6455 fc=350
progress step=236150 round=19/40 episode=18/30 sample=zero_boundary_038 soc=0.5480 fc=300
progress step=236200 round=19/40 episode=18/30 sample=zero_boundary_038 soc=0.5197 fc=490
progress step=236250 round=19/40 episode=18/30 sample=zero_boundary_038 soc=0.6522 fc=330
progress step=236300 round=19/40 episode=18/30 sample=zero_boundary_038 soc=0.7985 fc=140
progress step=236350 round=19/40 episode=18/30 sample=zero_boundary_038 soc=0.7979 fc=90
progress step=236400 round=19/40 episode=18/30 sample=zero_boundary_038 soc=0.7995 fc=380
progress step=236450 round=19/40 episode=18/30 sample=zero_boundary_038 soc=0.7969 fc=540
progress step=236500 round=19/40 episode=18/30 sample=zero_boundary_038 soc=0.7831 fc=540
progress step=236550 round=19/40 episode=18/30 sample=zero_boundary_038 soc=0.7916 fc=280
progress step=236600 round=19/40 episode=18/30 sample=zero_boundary_038 soc=0.7998 fc=10
progress step=236650 round=19/40 episode=19/30 sample=zero_boundary_040 soc=0.5636 fc=560
progress step=236700 round=19/40 episode=19/30 sample=zero_boundary_040 soc=0.5028 fc=160
progress step=236750 round=19/40 episode=19/30 sample=zero_boundary_040 soc=0.4412 fc=520
progress step=236800 round=19/40 episode=19/30 sample=zero_boundary_040 soc=0.3237 fc=130
progress step=236850 round=19/40 episode=19/30 sample=zero_boundary_040 soc=0.2839 fc=120
progress step=236900 round=19/40 episode=19/30 sample=zero_boundary_040 soc=0.2650 fc=310
progress step=236950 round=19/40 episode=19/30 sample=zero_boundary_040 soc=0.3244 fc=120
progress step=237000 round=19/40 episode=19/30 sample=zero_boundary_040 soc=0.2671 fc=220
progress step=237050 round=19/40 episode=19/30 sample=zero_boundary_040 soc=0.2002 fc=590
progress step=237100 round=19/40 episode=19/30 sample=zero_boundary_040 soc=0.2207 fc=90
progress step=237150 round=19/40 episode=20/30 sample=zero_boundary_041 soc=0.6188 fc=350
progress step=237200 round=19/40 episode=20/30 sample=zero_boundary_041 soc=0.5135 fc=570
progress step=237250 round=19/40 episode=20/30 sample=zero_boundary_041 soc=0.2110 fc=300
progress step=237300 round=19/40 episode=21/30 sample=zero_boundary_042 soc=0.6746 fc=350
progress step=237350 round=19/40 episode=21/30 sample=zero_boundary_042 soc=0.5032 fc=270
progress step=237400 round=19/40 episode=21/30 sample=zero_boundary_042 soc=0.2656 fc=160
progress step=237450 round=19/40 episode=21/30 sample=zero_boundary_042 soc=0.2002 fc=540
progress step=237500 round=19/40 episode=21/30 sample=zero_boundary_042 soc=0.2001 fc=540
progress step=237550 round=19/40 episode=21/30 sample=zero_boundary_042 soc=0.2579 fc=480
progress step=237600 round=19/40 episode=21/30 sample=zero_boundary_042 soc=0.2001 fc=590
progress step=237650 round=19/40 episode=22/30 sample=zero_boundary_044 soc=0.6589 fc=280
progress step=237700 round=19/40 episode=22/30 sample=zero_boundary_044 soc=0.5111 fc=160
progress step=237750 round=19/40 episode=22/30 sample=zero_boundary_044 soc=0.2245 fc=330
progress step=237800 round=19/40 episode=23/30 sample=zero_boundary_045 soc=0.7430 fc=10
progress step=237850 round=19/40 episode=23/30 sample=zero_boundary_045 soc=0.7327 fc=590
progress step=237900 round=19/40 episode=23/30 sample=zero_boundary_045 soc=0.7325 fc=280
progress step=237950 round=19/40 episode=23/30 sample=zero_boundary_045 soc=0.5041 fc=160
progress step=238000 round=19/40 episode=23/30 sample=zero_boundary_045 soc=0.3434 fc=400
progress step=238050 round=19/40 episode=23/30 sample=zero_boundary_045 soc=0.2004 fc=580
progress step=238100 round=19/40 episode=24/30 sample=zero_boundary_046 soc=0.6303 fc=490
progress step=238150 round=19/40 episode=24/30 sample=zero_boundary_046 soc=0.4514 fc=150
progress step=238200 round=19/40 episode=24/30 sample=zero_boundary_046 soc=0.2042 fc=180
progress step=238250 round=19/40 episode=25/30 sample=zero_boundary_048 soc=0.6062 fc=450
progress step=238300 round=19/40 episode=25/30 sample=zero_boundary_048 soc=0.4084 fc=560
progress step=238350 round=19/40 episode=25/30 sample=zero_boundary_048 soc=0.2744 fc=40
progress step=238400 round=19/40 episode=25/30 sample=zero_boundary_048 soc=0.3120 fc=500
progress step=238450 round=19/40 episode=25/30 sample=zero_boundary_048 soc=0.2532 fc=220
progress step=238500 round=19/40 episode=26/30 sample=zero_boundary_049 soc=0.6604 fc=580
progress step=238550 round=19/40 episode=26/30 sample=zero_boundary_049 soc=0.7855 fc=110
progress step=238600 round=19/40 episode=26/30 sample=zero_boundary_049 soc=0.7947 fc=580
progress step=238650 round=19/40 episode=26/30 sample=zero_boundary_049 soc=0.8000 fc=290
progress step=238700 round=19/40 episode=26/30 sample=zero_boundary_049 soc=0.7956 fc=440
progress step=238750 round=19/40 episode=26/30 sample=zero_boundary_049 soc=0.7995 fc=30
progress step=238800 round=19/40 episode=27/30 sample=zero_boundary_050 soc=0.7109 fc=510
progress step=238850 round=19/40 episode=27/30 sample=zero_boundary_050 soc=0.5548 fc=590
progress step=238900 round=19/40 episode=27/30 sample=zero_boundary_050 soc=0.3965 fc=540
progress step=238950 round=19/40 episode=27/30 sample=zero_boundary_050 soc=0.2282 fc=230
progress step=239000 round=19/40 episode=28/30 sample=zero_boundary_051 soc=0.6588 fc=350
progress step=239050 round=19/40 episode=28/30 sample=zero_boundary_051 soc=0.7182 fc=580
progress step=239100 round=19/40 episode=28/30 sample=zero_boundary_051 soc=0.7999 fc=0
progress step=239150 round=19/40 episode=29/30 sample=zero_boundary_052 soc=0.6672 fc=220
progress step=239200 round=19/40 episode=29/30 sample=zero_boundary_052 soc=0.4394 fc=190
progress step=239250 round=19/40 episode=29/30 sample=zero_boundary_052 soc=0.3384 fc=120
progress step=239300 round=19/40 episode=29/30 sample=zero_boundary_052 soc=0.3829 fc=0
progress step=239350 round=19/40 episode=30/30 sample=zero_boundary_053 soc=0.6617 fc=480
progress step=239400 round=19/40 episode=30/30 sample=zero_boundary_053 soc=0.7702 fc=600
progress step=239450 round=19/40 episode=30/30 sample=zero_boundary_053 soc=0.6858 fc=450
progress step=239500 round=19/40 episode=30/30 sample=zero_boundary_053 soc=0.7524 fc=590
progress step=239550 round=19/40 episode=30/30 sample=zero_boundary_053 soc=0.7999 fc=280
round 19/40 exploratory=20/30 greedy_train start
MONITOR round=19 exploratory=20/30 greedy_train=11/30 validation=SKIPPED cost=None updates=8058 best_round=None
round 20/40 start epsilon=0.5372
progress step=239600 round=20/40 episode=1/30 sample=zero_boundary_002 soc=0.6185 fc=510
progress step=239650 round=20/40 episode=1/30 sample=zero_boundary_002 soc=0.7767 fc=560
progress step=239700 round=20/40 episode=1/30 sample=zero_boundary_002 soc=0.4604 fc=230
progress step=239750 round=20/40 episode=1/30 sample=zero_boundary_002 soc=0.5333 fc=580
progress step=239800 round=20/40 episode=1/30 sample=zero_boundary_002 soc=0.4387 fc=270
progress step=239850 round=20/40 episode=1/30 sample=zero_boundary_002 soc=0.4702 fc=390
progress step=239900 round=20/40 episode=2/30 sample=zero_boundary_005 soc=0.6546 fc=400
progress step=239950 round=20/40 episode=2/30 sample=zero_boundary_005 soc=0.7301 fc=270
progress step=240000 round=20/40 episode=2/30 sample=zero_boundary_005 soc=0.5564 fc=510
progress step=240050 round=20/40 episode=2/30 sample=zero_boundary_005 soc=0.5632 fc=450
progress step=240100 round=20/40 episode=2/30 sample=zero_boundary_005 soc=0.5163 fc=380
progress step=240150 round=20/40 episode=2/30 sample=zero_boundary_005 soc=0.4955 fc=450
progress step=240200 round=20/40 episode=3/30 sample=zero_boundary_006 soc=0.6364 fc=420
progress step=240250 round=20/40 episode=3/30 sample=zero_boundary_006 soc=0.7781 fc=340
progress step=240300 round=20/40 episode=3/30 sample=zero_boundary_006 soc=0.7986 fc=120
progress step=240350 round=20/40 episode=3/30 sample=zero_boundary_006 soc=0.7969 fc=420
progress step=240400 round=20/40 episode=3/30 sample=zero_boundary_006 soc=0.7957 fc=340
progress step=240450 round=20/40 episode=3/30 sample=zero_boundary_006 soc=0.7999 fc=150
progress step=240500 round=20/40 episode=3/30 sample=zero_boundary_006 soc=0.7994 fc=150
progress step=240550 round=20/40 episode=4/30 sample=zero_boundary_007 soc=0.6267 fc=500
progress step=240600 round=20/40 episode=4/30 sample=zero_boundary_007 soc=0.6367 fc=270
progress step=240650 round=20/40 episode=4/30 sample=zero_boundary_007 soc=0.6348 fc=310
progress step=240700 round=20/40 episode=4/30 sample=zero_boundary_007 soc=0.7362 fc=380
progress step=240750 round=20/40 episode=4/30 sample=zero_boundary_007 soc=0.7428 fc=290
progress step=240800 round=20/40 episode=4/30 sample=zero_boundary_007 soc=0.7907 fc=420
progress step=240850 round=20/40 episode=5/30 sample=zero_boundary_008 soc=0.6622 fc=560
progress step=240900 round=20/40 episode=5/30 sample=zero_boundary_008 soc=0.2722 fc=480
progress step=240950 round=20/40 episode=6/30 sample=zero_boundary_011 soc=0.7961 fc=300
progress step=241000 round=20/40 episode=6/30 sample=zero_boundary_011 soc=0.7360 fc=590
progress step=241050 round=20/40 episode=6/30 sample=zero_boundary_011 soc=0.6702 fc=410
progress step=241100 round=20/40 episode=6/30 sample=zero_boundary_011 soc=0.5306 fc=240
progress step=241150 round=20/40 episode=6/30 sample=zero_boundary_011 soc=0.3939 fc=80
progress step=241200 round=20/40 episode=6/30 sample=zero_boundary_011 soc=0.2622 fc=460
progress step=241250 round=20/40 episode=6/30 sample=zero_boundary_011 soc=0.4724 fc=170
progress step=241300 round=20/40 episode=6/30 sample=zero_boundary_011 soc=0.6523 fc=600
progress step=241350 round=20/40 episode=6/30 sample=zero_boundary_011 soc=0.7978 fc=0
progress step=241400 round=20/40 episode=6/30 sample=zero_boundary_011 soc=0.7979 fc=290
progress step=241450 round=20/40 episode=6/30 sample=zero_boundary_011 soc=0.7942 fc=540
progress step=241500 round=20/40 episode=6/30 sample=zero_boundary_011 soc=0.7985 fc=140
progress step=241550 round=20/40 episode=6/30 sample=zero_boundary_011 soc=0.7998 fc=280
progress step=241600 round=20/40 episode=6/30 sample=zero_boundary_011 soc=0.7973 fc=350
progress step=241650 round=20/40 episode=6/30 sample=zero_boundary_011 soc=0.7999 fc=30
progress step=241700 round=20/40 episode=7/30 sample=zero_boundary_013 soc=0.7998 fc=140
progress step=241750 round=20/40 episode=7/30 sample=zero_boundary_013 soc=0.7903 fc=500
progress step=241800 round=20/40 episode=7/30 sample=zero_boundary_013 soc=0.7996 fc=290
progress step=241850 round=20/40 episode=7/30 sample=zero_boundary_013 soc=0.7875 fc=10
progress step=241900 round=20/40 episode=7/30 sample=zero_boundary_013 soc=0.7961 fc=310
progress step=241950 round=20/40 episode=7/30 sample=zero_boundary_013 soc=0.7992 fc=370
progress step=242000 round=20/40 episode=8/30 sample=zero_boundary_015 soc=0.6149 fc=360
progress step=242050 round=20/40 episode=8/30 sample=zero_boundary_015 soc=0.6580 fc=420
progress step=242100 round=20/40 episode=8/30 sample=zero_boundary_015 soc=0.7093 fc=370
progress step=242150 round=20/40 episode=9/30 sample=zero_boundary_016 soc=0.6133 fc=500
progress step=242200 round=20/40 episode=9/30 sample=zero_boundary_016 soc=0.7991 fc=50
progress step=242250 round=20/40 episode=9/30 sample=zero_boundary_016 soc=0.7252 fc=410
progress step=242300 round=20/40 episode=9/30 sample=zero_boundary_016 soc=0.5560 fc=410
progress step=242350 round=20/40 episode=9/30 sample=zero_boundary_016 soc=0.3063 fc=270
progress step=242400 round=20/40 episode=10/30 sample=zero_boundary_017 soc=0.5945 fc=270
progress step=242450 round=20/40 episode=10/30 sample=zero_boundary_017 soc=0.3431 fc=370
progress step=242500 round=20/40 episode=11/30 sample=zero_boundary_020 soc=0.6580 fc=500
progress step=242550 round=20/40 episode=11/30 sample=zero_boundary_020 soc=0.7399 fc=190
progress step=242600 round=20/40 episode=11/30 sample=zero_boundary_020 soc=0.7999 fc=0
progress step=242650 round=20/40 episode=12/30 sample=zero_boundary_021 soc=0.7811 fc=440
progress step=242700 round=20/40 episode=12/30 sample=zero_boundary_021 soc=0.7652 fc=60
progress step=242750 round=20/40 episode=12/30 sample=zero_boundary_021 soc=0.6719 fc=560
progress step=242800 round=20/40 episode=12/30 sample=zero_boundary_021 soc=0.6311 fc=410
progress step=242850 round=20/40 episode=13/30 sample=zero_boundary_022 soc=0.6465 fc=0
progress step=242900 round=20/40 episode=13/30 sample=zero_boundary_022 soc=0.6627 fc=590
progress step=242950 round=20/40 episode=13/30 sample=zero_boundary_022 soc=0.7208 fc=500
progress step=243000 round=20/40 episode=13/30 sample=zero_boundary_022 soc=0.7995 fc=50
progress step=243050 round=20/40 episode=14/30 sample=zero_boundary_029 soc=0.7174 fc=200
progress step=243100 round=20/40 episode=14/30 sample=zero_boundary_029 soc=0.7902 fc=590
progress step=243150 round=20/40 episode=14/30 sample=zero_boundary_029 soc=0.8000 fc=330
progress step=243200 round=20/40 episode=14/30 sample=zero_boundary_029 soc=0.7790 fc=600
progress step=243250 round=20/40 episode=14/30 sample=zero_boundary_029 soc=0.7962 fc=50
progress step=243300 round=20/40 episode=14/30 sample=zero_boundary_029 soc=0.7983 fc=260
progress step=243350 round=20/40 episode=14/30 sample=zero_boundary_029 soc=0.7971 fc=0
progress step=243400 round=20/40 episode=14/30 sample=zero_boundary_029 soc=0.8000 fc=0
progress step=243450 round=20/40 episode=14/30 sample=zero_boundary_029 soc=0.8000 fc=0
progress step=243500 round=20/40 episode=14/30 sample=zero_boundary_029 soc=0.8000 fc=0
progress step=243550 round=20/40 episode=14/30 sample=zero_boundary_029 soc=0.8000 fc=0
progress step=243600 round=20/40 episode=14/30 sample=zero_boundary_029 soc=0.8000 fc=0
progress step=243650 round=20/40 episode=14/30 sample=zero_boundary_029 soc=0.8000 fc=0
progress step=243700 round=20/40 episode=14/30 sample=zero_boundary_029 soc=0.8000 fc=0
progress step=243750 round=20/40 episode=14/30 sample=zero_boundary_029 soc=0.8000 fc=0
progress step=243800 round=20/40 episode=14/30 sample=zero_boundary_029 soc=0.8000 fc=0
progress step=243850 round=20/40 episode=14/30 sample=zero_boundary_029 soc=0.8000 fc=0
progress step=243900 round=20/40 episode=14/30 sample=zero_boundary_029 soc=0.7996 fc=10
progress step=243950 round=20/40 episode=14/30 sample=zero_boundary_029 soc=0.7888 fc=520
progress step=244000 round=20/40 episode=14/30 sample=zero_boundary_029 soc=0.7992 fc=280
progress step=244050 round=20/40 episode=14/30 sample=zero_boundary_029 soc=0.7990 fc=170
progress step=244100 round=20/40 episode=15/30 sample=zero_boundary_033 soc=0.6681 fc=140
progress step=244150 round=20/40 episode=15/30 sample=zero_boundary_033 soc=0.7991 fc=100
progress step=244200 round=20/40 episode=15/30 sample=zero_boundary_033 soc=0.7563 fc=120
progress step=244250 round=20/40 episode=15/30 sample=zero_boundary_033 soc=0.7994 fc=60
progress step=244300 round=20/40 episode=15/30 sample=zero_boundary_033 soc=0.7709 fc=480
progress step=244350 round=20/40 episode=15/30 sample=zero_boundary_033 soc=0.7540 fc=410
progress step=244400 round=20/40 episode=15/30 sample=zero_boundary_033 soc=0.6257 fc=410
progress step=244450 round=20/40 episode=15/30 sample=zero_boundary_033 soc=0.7999 fc=0
progress step=244500 round=20/40 episode=15/30 sample=zero_boundary_033 soc=0.7999 fc=0
progress step=244550 round=20/40 episode=15/30 sample=zero_boundary_033 soc=0.7999 fc=0
progress step=244600 round=20/40 episode=15/30 sample=zero_boundary_033 soc=0.7999 fc=0
progress step=244650 round=20/40 episode=15/30 sample=zero_boundary_033 soc=0.7999 fc=0
progress step=244700 round=20/40 episode=15/30 sample=zero_boundary_033 soc=0.7999 fc=0
progress step=244750 round=20/40 episode=15/30 sample=zero_boundary_033 soc=0.7999 fc=0
progress step=244800 round=20/40 episode=15/30 sample=zero_boundary_033 soc=0.7999 fc=0
progress step=244850 round=20/40 episode=15/30 sample=zero_boundary_033 soc=0.7961 fc=170
progress step=244900 round=20/40 episode=15/30 sample=zero_boundary_033 soc=0.7991 fc=20
progress step=244950 round=20/40 episode=15/30 sample=zero_boundary_033 soc=0.7990 fc=80
progress step=245000 round=20/40 episode=15/30 sample=zero_boundary_033 soc=0.7999 fc=0
progress step=245050 round=20/40 episode=15/30 sample=zero_boundary_033 soc=0.7996 fc=0
progress step=245100 round=20/40 episode=16/30 sample=zero_boundary_034 soc=0.8000 fc=0
progress step=245150 round=20/40 episode=16/30 sample=zero_boundary_034 soc=0.8000 fc=0
progress step=245200 round=20/40 episode=16/30 sample=zero_boundary_034 soc=0.8000 fc=0
progress step=245250 round=20/40 episode=16/30 sample=zero_boundary_034 soc=0.8000 fc=0
progress step=245300 round=20/40 episode=16/30 sample=zero_boundary_034 soc=0.8000 fc=0
progress step=245350 round=20/40 episode=16/30 sample=zero_boundary_034 soc=0.8000 fc=0
progress step=245400 round=20/40 episode=16/30 sample=zero_boundary_034 soc=0.8000 fc=0
progress step=245450 round=20/40 episode=16/30 sample=zero_boundary_034 soc=0.8000 fc=0
progress step=245500 round=20/40 episode=16/30 sample=zero_boundary_034 soc=0.8000 fc=0
progress step=245550 round=20/40 episode=16/30 sample=zero_boundary_034 soc=0.8000 fc=0
progress step=245600 round=20/40 episode=16/30 sample=zero_boundary_034 soc=0.8000 fc=0
progress step=245650 round=20/40 episode=16/30 sample=zero_boundary_034 soc=0.8000 fc=0
progress step=245700 round=20/40 episode=16/30 sample=zero_boundary_034 soc=0.8000 fc=0
progress step=245750 round=20/40 episode=16/30 sample=zero_boundary_034 soc=0.8000 fc=0
progress step=245800 round=20/40 episode=16/30 sample=zero_boundary_034 soc=0.8000 fc=0
progress step=245850 round=20/40 episode=16/30 sample=zero_boundary_034 soc=0.8000 fc=0
progress step=245900 round=20/40 episode=16/30 sample=zero_boundary_034 soc=0.8000 fc=0
progress step=245950 round=20/40 episode=16/30 sample=zero_boundary_034 soc=0.7994 fc=70
progress step=246000 round=20/40 episode=16/30 sample=zero_boundary_034 soc=0.7999 fc=40
progress step=246050 round=20/40 episode=16/30 sample=zero_boundary_034 soc=0.7998 fc=170
progress step=246100 round=20/40 episode=16/30 sample=zero_boundary_034 soc=0.7923 fc=0
progress step=246150 round=20/40 episode=16/30 sample=zero_boundary_034 soc=0.7987 fc=140
progress step=246200 round=20/40 episode=16/30 sample=zero_boundary_034 soc=0.7999 fc=20
progress step=246250 round=20/40 episode=16/30 sample=zero_boundary_034 soc=0.8000 fc=0
progress step=246300 round=20/40 episode=16/30 sample=zero_boundary_034 soc=0.8000 fc=0
progress step=246350 round=20/40 episode=16/30 sample=zero_boundary_034 soc=0.8000 fc=0
progress step=246400 round=20/40 episode=16/30 sample=zero_boundary_034 soc=0.8000 fc=0
progress step=246450 round=20/40 episode=16/30 sample=zero_boundary_034 soc=0.8000 fc=0
progress step=246500 round=20/40 episode=16/30 sample=zero_boundary_034 soc=0.8000 fc=0
progress step=246550 round=20/40 episode=16/30 sample=zero_boundary_034 soc=0.8000 fc=0
progress step=246600 round=20/40 episode=16/30 sample=zero_boundary_034 soc=0.8000 fc=0
progress step=246650 round=20/40 episode=16/30 sample=zero_boundary_034 soc=0.8000 fc=0
progress step=246700 round=20/40 episode=17/30 sample=zero_boundary_037 soc=0.6000 fc=330
progress step=246750 round=20/40 episode=17/30 sample=zero_boundary_037 soc=0.7636 fc=490
progress step=246800 round=20/40 episode=17/30 sample=zero_boundary_037 soc=0.7989 fc=140
progress step=246850 round=20/40 episode=17/30 sample=zero_boundary_037 soc=0.7941 fc=110
progress step=246900 round=20/40 episode=17/30 sample=zero_boundary_037 soc=0.7976 fc=90
progress step=246950 round=20/40 episode=17/30 sample=zero_boundary_037 soc=0.7932 fc=490
progress step=247000 round=20/40 episode=17/30 sample=zero_boundary_037 soc=0.7099 fc=350
progress step=247050 round=20/40 episode=17/30 sample=zero_boundary_037 soc=0.5971 fc=180
progress step=247100 round=20/40 episode=17/30 sample=zero_boundary_037 soc=0.7981 fc=40
progress step=247150 round=20/40 episode=17/30 sample=zero_boundary_037 soc=0.7996 fc=80
progress step=247200 round=20/40 episode=17/30 sample=zero_boundary_037 soc=0.7997 fc=80
progress step=247250 round=20/40 episode=17/30 sample=zero_boundary_037 soc=0.8000 fc=0
progress step=247300 round=20/40 episode=17/30 sample=zero_boundary_037 soc=0.7989 fc=140
progress step=247350 round=20/40 episode=17/30 sample=zero_boundary_037 soc=0.7994 fc=90
progress step=247400 round=20/40 episode=17/30 sample=zero_boundary_037 soc=0.7997 fc=40
progress step=247450 round=20/40 episode=17/30 sample=zero_boundary_037 soc=0.8000 fc=40
progress step=247500 round=20/40 episode=17/30 sample=zero_boundary_037 soc=0.7994 fc=60
progress step=247550 round=20/40 episode=17/30 sample=zero_boundary_037 soc=0.7978 fc=60
progress step=247600 round=20/40 episode=17/30 sample=zero_boundary_037 soc=0.7981 fc=0
progress step=247650 round=20/40 episode=17/30 sample=zero_boundary_037 soc=0.7995 fc=60
progress step=247700 round=20/40 episode=17/30 sample=zero_boundary_037 soc=0.7996 fc=0
progress step=247750 round=20/40 episode=17/30 sample=zero_boundary_037 soc=0.8000 fc=0
progress step=247800 round=20/40 episode=17/30 sample=zero_boundary_037 soc=0.8000 fc=0
progress step=247850 round=20/40 episode=17/30 sample=zero_boundary_037 soc=0.7977 fc=90
progress step=247900 round=20/40 episode=17/30 sample=zero_boundary_037 soc=0.7995 fc=0
progress step=247950 round=20/40 episode=17/30 sample=zero_boundary_037 soc=0.7994 fc=40
progress step=248000 round=20/40 episode=17/30 sample=zero_boundary_037 soc=0.7986 fc=120
progress step=248050 round=20/40 episode=17/30 sample=zero_boundary_037 soc=0.7999 fc=40
progress step=248100 round=20/40 episode=17/30 sample=zero_boundary_037 soc=0.7992 fc=40
progress step=248150 round=20/40 episode=17/30 sample=zero_boundary_037 soc=0.7988 fc=0
progress step=248200 round=20/40 episode=17/30 sample=zero_boundary_037 soc=0.7979 fc=100
progress step=248250 round=20/40 episode=17/30 sample=zero_boundary_037 soc=0.8000 fc=30
progress step=248300 round=20/40 episode=17/30 sample=zero_boundary_037 soc=0.7978 fc=50
progress step=248350 round=20/40 episode=17/30 sample=zero_boundary_037 soc=0.7999 fc=0
progress step=248400 round=20/40 episode=17/30 sample=zero_boundary_037 soc=0.7992 fc=20
progress step=248450 round=20/40 episode=17/30 sample=zero_boundary_037 soc=0.7993 fc=0
progress step=248500 round=20/40 episode=17/30 sample=zero_boundary_037 soc=0.7983 fc=0
progress step=248550 round=20/40 episode=17/30 sample=zero_boundary_037 soc=0.7993 fc=0
progress step=248600 round=20/40 episode=18/30 sample=zero_boundary_038 soc=0.6109 fc=160
progress step=248650 round=20/40 episode=18/30 sample=zero_boundary_038 soc=0.6754 fc=600
progress step=248700 round=20/40 episode=18/30 sample=zero_boundary_038 soc=0.6589 fc=410
progress step=248750 round=20/40 episode=18/30 sample=zero_boundary_038 soc=0.6902 fc=410
progress step=248800 round=20/40 episode=18/30 sample=zero_boundary_038 soc=0.5913 fc=150
progress step=248850 round=20/40 episode=18/30 sample=zero_boundary_038 soc=0.4902 fc=260
progress step=248900 round=20/40 episode=18/30 sample=zero_boundary_038 soc=0.4956 fc=170
progress step=248950 round=20/40 episode=18/30 sample=zero_boundary_038 soc=0.7198 fc=20
progress step=249000 round=20/40 episode=18/30 sample=zero_boundary_038 soc=0.7987 fc=30
progress step=249050 round=20/40 episode=18/30 sample=zero_boundary_038 soc=0.7957 fc=380
progress step=249100 round=20/40 episode=18/30 sample=zero_boundary_038 soc=0.7894 fc=40
progress step=249150 round=20/40 episode=18/30 sample=zero_boundary_038 soc=0.7789 fc=600
progress step=249200 round=20/40 episode=18/30 sample=zero_boundary_038 soc=0.7857 fc=530
progress step=249250 round=20/40 episode=18/30 sample=zero_boundary_038 soc=0.7963 fc=310
progress step=249300 round=20/40 episode=19/30 sample=zero_boundary_040 soc=0.6161 fc=200
progress step=249350 round=20/40 episode=19/30 sample=zero_boundary_040 soc=0.6202 fc=360
progress step=249400 round=20/40 episode=19/30 sample=zero_boundary_040 soc=0.4777 fc=240
progress step=249450 round=20/40 episode=19/30 sample=zero_boundary_040 soc=0.3774 fc=120
progress step=249500 round=20/40 episode=19/30 sample=zero_boundary_040 soc=0.3340 fc=120
progress step=249550 round=20/40 episode=19/30 sample=zero_boundary_040 soc=0.2005 fc=230
progress step=249600 round=20/40 episode=20/30 sample=zero_boundary_041 soc=0.5661 fc=270
progress step=249650 round=20/40 episode=20/30 sample=zero_boundary_041 soc=0.4167 fc=280
progress step=249700 round=20/40 episode=21/30 sample=zero_boundary_042 soc=0.6350 fc=170
progress step=249750 round=20/40 episode=21/30 sample=zero_boundary_042 soc=0.5544 fc=120
progress step=249800 round=20/40 episode=21/30 sample=zero_boundary_042 soc=0.3654 fc=570
progress step=249850 round=20/40 episode=21/30 sample=zero_boundary_042 soc=0.2003 fc=550
progress step=249900 round=20/40 episode=21/30 sample=zero_boundary_042 soc=0.2004 fc=490
progress step=249950 round=20/40 episode=21/30 sample=zero_boundary_042 soc=0.2053 fc=190
progress step=250000 round=20/40 episode=21/30 sample=zero_boundary_042 soc=0.2007 fc=530
progress step=250050 round=20/40 episode=22/30 sample=zero_boundary_044 soc=0.6544 fc=350
progress step=250100 round=20/40 episode=22/30 sample=zero_boundary_044 soc=0.6132 fc=270
progress step=250150 round=20/40 episode=22/30 sample=zero_boundary_044 soc=0.4331 fc=120
progress step=250200 round=20/40 episode=23/30 sample=zero_boundary_045 soc=0.6279 fc=470
progress step=250250 round=20/40 episode=23/30 sample=zero_boundary_045 soc=0.7124 fc=290
progress step=250300 round=20/40 episode=23/30 sample=zero_boundary_045 soc=0.6928 fc=490
progress step=250350 round=20/40 episode=23/30 sample=zero_boundary_045 soc=0.6076 fc=590
progress step=250400 round=20/40 episode=23/30 sample=zero_boundary_045 soc=0.3466 fc=200
progress step=250450 round=20/40 episode=23/30 sample=zero_boundary_045 soc=0.2315 fc=180
progress step=250500 round=20/40 episode=24/30 sample=zero_boundary_046 soc=0.6000 fc=0
progress step=250550 round=20/40 episode=24/30 sample=zero_boundary_046 soc=0.5557 fc=330
progress step=250600 round=20/40 episode=24/30 sample=zero_boundary_046 soc=0.3381 fc=200
progress step=250650 round=20/40 episode=25/30 sample=zero_boundary_048 soc=0.7049 fc=570
progress step=250700 round=20/40 episode=25/30 sample=zero_boundary_048 soc=0.6137 fc=510
progress step=250750 round=20/40 episode=25/30 sample=zero_boundary_048 soc=0.5079 fc=480
progress step=250800 round=20/40 episode=25/30 sample=zero_boundary_048 soc=0.5391 fc=130
progress step=250850 round=20/40 episode=25/30 sample=zero_boundary_048 soc=0.6074 fc=410
progress step=250900 round=20/40 episode=25/30 sample=zero_boundary_048 soc=0.6676 fc=20
progress step=250950 round=20/40 episode=26/30 sample=zero_boundary_049 soc=0.7344 fc=540
progress step=251000 round=20/40 episode=26/30 sample=zero_boundary_049 soc=0.7471 fc=420
progress step=251050 round=20/40 episode=26/30 sample=zero_boundary_049 soc=0.7791 fc=50
progress step=251100 round=20/40 episode=26/30 sample=zero_boundary_049 soc=0.7972 fc=490
progress step=251150 round=20/40 episode=26/30 sample=zero_boundary_049 soc=0.7959 fc=90
progress step=251200 round=20/40 episode=27/30 sample=zero_boundary_050 soc=0.6971 fc=510
progress step=251250 round=20/40 episode=27/30 sample=zero_boundary_050 soc=0.6627 fc=410
progress step=251300 round=20/40 episode=27/30 sample=zero_boundary_050 soc=0.5107 fc=330
progress step=251350 round=20/40 episode=27/30 sample=zero_boundary_050 soc=0.3396 fc=360
progress step=251400 round=20/40 episode=28/30 sample=zero_boundary_051 soc=0.6540 fc=270
progress step=251450 round=20/40 episode=28/30 sample=zero_boundary_051 soc=0.7318 fc=490
progress step=251500 round=20/40 episode=28/30 sample=zero_boundary_051 soc=0.7993 fc=440
progress step=251550 round=20/40 episode=29/30 sample=zero_boundary_052 soc=0.6850 fc=510
progress step=251600 round=20/40 episode=29/30 sample=zero_boundary_052 soc=0.6383 fc=320
progress step=251650 round=20/40 episode=29/30 sample=zero_boundary_052 soc=0.3977 fc=590
progress step=251700 round=20/40 episode=29/30 sample=zero_boundary_052 soc=0.3848 fc=80
progress step=251750 round=20/40 episode=29/30 sample=zero_boundary_052 soc=0.4785 fc=260
progress step=251800 round=20/40 episode=30/30 sample=zero_boundary_053 soc=0.7184 fc=290
progress step=251850 round=20/40 episode=30/30 sample=zero_boundary_053 soc=0.6939 fc=200
progress step=251900 round=20/40 episode=30/30 sample=zero_boundary_053 soc=0.5608 fc=280
progress step=251950 round=20/40 episode=30/30 sample=zero_boundary_053 soc=0.6439 fc=510
progress step=252000 round=20/40 episode=30/30 sample=zero_boundary_053 soc=0.7445 fc=510
round 20/40 exploratory=19/30 greedy_train start
MONITOR round=20 exploratory=19/30 greedy_train=11/30 validation=SKIPPED cost=None updates=8446 best_round=None
round 21/40 start epsilon=0.5128
progress step=252050 round=21/40 episode=1/30 sample=zero_boundary_002 soc=0.7056 fc=350
progress step=252100 round=21/40 episode=1/30 sample=zero_boundary_002 soc=0.6479 fc=330
progress step=252150 round=21/40 episode=1/30 sample=zero_boundary_002 soc=0.3175 fc=590
progress step=252200 round=21/40 episode=1/30 sample=zero_boundary_002 soc=0.5154 fc=550
progress step=252250 round=21/40 episode=1/30 sample=zero_boundary_002 soc=0.4064 fc=170
progress step=252300 round=21/40 episode=1/30 sample=zero_boundary_002 soc=0.5416 fc=0
progress step=252350 round=21/40 episode=2/30 sample=zero_boundary_005 soc=0.7120 fc=440
progress step=252400 round=21/40 episode=2/30 sample=zero_boundary_005 soc=0.6653 fc=280
progress step=252450 round=21/40 episode=2/30 sample=zero_boundary_005 soc=0.6199 fc=420
progress step=252500 round=21/40 episode=2/30 sample=zero_boundary_005 soc=0.5697 fc=260
progress step=252550 round=21/40 episode=2/30 sample=zero_boundary_005 soc=0.4234 fc=410
progress step=252600 round=21/40 episode=2/30 sample=zero_boundary_005 soc=0.4007 fc=240
progress step=252650 round=21/40 episode=3/30 sample=zero_boundary_006 soc=0.7254 fc=570
progress step=252700 round=21/40 episode=3/30 sample=zero_boundary_006 soc=0.8000 fc=110
progress step=252750 round=21/40 episode=3/30 sample=zero_boundary_006 soc=0.7952 fc=0
progress step=252800 round=21/40 episode=3/30 sample=zero_boundary_006 soc=0.7987 fc=10
progress step=252850 round=21/40 episode=3/30 sample=zero_boundary_006 soc=0.7986 fc=50
progress step=252900 round=21/40 episode=3/30 sample=zero_boundary_006 soc=0.7982 fc=280
progress step=252950 round=21/40 episode=3/30 sample=zero_boundary_006 soc=0.7997 fc=280
progress step=253000 round=21/40 episode=4/30 sample=zero_boundary_007 soc=0.6750 fc=600
progress step=253050 round=21/40 episode=4/30 sample=zero_boundary_007 soc=0.5947 fc=410
progress step=253100 round=21/40 episode=4/30 sample=zero_boundary_007 soc=0.6457 fc=200
progress step=253150 round=21/40 episode=4/30 sample=zero_boundary_007 soc=0.7227 fc=490
progress step=253200 round=21/40 episode=4/30 sample=zero_boundary_007 soc=0.7009 fc=430
progress step=253250 round=21/40 episode=4/30 sample=zero_boundary_007 soc=0.7543 fc=0
progress step=253300 round=21/40 episode=5/30 sample=zero_boundary_008 soc=0.6152 fc=330
progress step=253350 round=21/40 episode=6/30 sample=zero_boundary_011 soc=0.6053 fc=40
progress step=253400 round=21/40 episode=6/30 sample=zero_boundary_011 soc=0.7980 fc=70
progress step=253450 round=21/40 episode=6/30 sample=zero_boundary_011 soc=0.7632 fc=20
progress step=253500 round=21/40 episode=6/30 sample=zero_boundary_011 soc=0.6046 fc=280
progress step=253550 round=21/40 episode=6/30 sample=zero_boundary_011 soc=0.4471 fc=240
progress step=253600 round=21/40 episode=6/30 sample=zero_boundary_011 soc=0.2555 fc=170
progress step=253650 round=21/40 episode=6/30 sample=zero_boundary_011 soc=0.2099 fc=60
progress step=253700 round=21/40 episode=6/30 sample=zero_boundary_011 soc=0.4440 fc=170
progress step=253750 round=21/40 episode=6/30 sample=zero_boundary_011 soc=0.5576 fc=240
progress step=253800 round=21/40 episode=6/30 sample=zero_boundary_011 soc=0.7979 fc=10
progress step=253850 round=21/40 episode=6/30 sample=zero_boundary_011 soc=0.7996 fc=370
progress step=253900 round=21/40 episode=6/30 sample=zero_boundary_011 soc=0.7839 fc=470
progress step=253950 round=21/40 episode=6/30 sample=zero_boundary_011 soc=0.8000 fc=230
progress step=254000 round=21/40 episode=6/30 sample=zero_boundary_011 soc=0.7976 fc=280
progress step=254050 round=21/40 episode=6/30 sample=zero_boundary_011 soc=0.7904 fc=600
progress step=254100 round=21/40 episode=7/30 sample=zero_boundary_013 soc=0.6201 fc=170
progress step=254150 round=21/40 episode=7/30 sample=zero_boundary_013 soc=0.7668 fc=490
progress step=254200 round=21/40 episode=7/30 sample=zero_boundary_013 soc=0.7875 fc=310
progress step=254250 round=21/40 episode=7/30 sample=zero_boundary_013 soc=0.7694 fc=340
progress step=254300 round=21/40 episode=7/30 sample=zero_boundary_013 soc=0.7991 fc=280
progress step=254350 round=21/40 episode=7/30 sample=zero_boundary_013 soc=0.7989 fc=280
progress step=254400 round=21/40 episode=7/30 sample=zero_boundary_013 soc=0.7932 fc=470
progress step=254450 round=21/40 episode=8/30 sample=zero_boundary_015 soc=0.6469 fc=10
progress step=254500 round=21/40 episode=8/30 sample=zero_boundary_015 soc=0.6596 fc=150
progress step=254550 round=21/40 episode=8/30 sample=zero_boundary_015 soc=0.5568 fc=330
progress step=254600 round=21/40 episode=9/30 sample=zero_boundary_016 soc=0.6684 fc=550
progress step=254650 round=21/40 episode=9/30 sample=zero_boundary_016 soc=0.7997 fc=460
progress step=254700 round=21/40 episode=9/30 sample=zero_boundary_016 soc=0.6572 fc=180
progress step=254750 round=21/40 episode=9/30 sample=zero_boundary_016 soc=0.4781 fc=330
progress step=254800 round=21/40 episode=10/30 sample=zero_boundary_017 soc=0.6047 fc=450
progress step=254850 round=21/40 episode=10/30 sample=zero_boundary_017 soc=0.5227 fc=70
progress step=254900 round=21/40 episode=10/30 sample=zero_boundary_017 soc=0.2765 fc=80
progress step=254950 round=21/40 episode=11/30 sample=zero_boundary_020 soc=0.6990 fc=460
progress step=255000 round=21/40 episode=11/30 sample=zero_boundary_020 soc=0.7252 fc=320
progress step=255050 round=21/40 episode=12/30 sample=zero_boundary_021 soc=0.6880 fc=350
progress step=255100 round=21/40 episode=12/30 sample=zero_boundary_021 soc=0.7998 fc=280
progress step=255150 round=21/40 episode=12/30 sample=zero_boundary_021 soc=0.7372 fc=70
progress step=255200 round=21/40 episode=12/30 sample=zero_boundary_021 soc=0.6572 fc=280
progress step=255250 round=21/40 episode=12/30 sample=zero_boundary_021 soc=0.6142 fc=510
progress step=255300 round=21/40 episode=13/30 sample=zero_boundary_022 soc=0.6348 fc=550
progress step=255350 round=21/40 episode=13/30 sample=zero_boundary_022 soc=0.5923 fc=450
progress step=255400 round=21/40 episode=13/30 sample=zero_boundary_022 soc=0.6238 fc=450
progress step=255450 round=21/40 episode=14/30 sample=zero_boundary_029 soc=0.6066 fc=60
progress step=255500 round=21/40 episode=14/30 sample=zero_boundary_029 soc=0.7103 fc=530
progress step=255550 round=21/40 episode=14/30 sample=zero_boundary_029 soc=0.6996 fc=120
progress step=255600 round=21/40 episode=14/30 sample=zero_boundary_029 soc=0.7337 fc=110
progress step=255650 round=21/40 episode=14/30 sample=zero_boundary_029 soc=0.7833 fc=540
progress step=255700 round=21/40 episode=14/30 sample=zero_boundary_029 soc=0.7987 fc=210
progress step=255750 round=21/40 episode=14/30 sample=zero_boundary_029 soc=0.7998 fc=230
progress step=255800 round=21/40 episode=14/30 sample=zero_boundary_029 soc=0.8000 fc=0
progress step=255850 round=21/40 episode=14/30 sample=zero_boundary_029 soc=0.7999 fc=0
progress step=255900 round=21/40 episode=14/30 sample=zero_boundary_029 soc=0.7999 fc=0
progress step=255950 round=21/40 episode=14/30 sample=zero_boundary_029 soc=0.7999 fc=0
progress step=256000 round=21/40 episode=14/30 sample=zero_boundary_029 soc=0.7999 fc=0
progress step=256050 round=21/40 episode=14/30 sample=zero_boundary_029 soc=0.7999 fc=0
progress step=256100 round=21/40 episode=14/30 sample=zero_boundary_029 soc=0.7999 fc=0
progress step=256150 round=21/40 episode=14/30 sample=zero_boundary_029 soc=0.7999 fc=0
progress step=256200 round=21/40 episode=14/30 sample=zero_boundary_029 soc=0.7999 fc=0
progress step=256250 round=21/40 episode=14/30 sample=zero_boundary_029 soc=0.7999 fc=0
progress step=256300 round=21/40 episode=14/30 sample=zero_boundary_029 soc=0.7999 fc=0
progress step=256350 round=21/40 episode=14/30 sample=zero_boundary_029 soc=0.7989 fc=30
progress step=256400 round=21/40 episode=14/30 sample=zero_boundary_029 soc=0.7924 fc=460
progress step=256450 round=21/40 episode=14/30 sample=zero_boundary_029 soc=0.7946 fc=560
progress step=256500 round=21/40 episode=14/30 sample=zero_boundary_029 soc=0.7983 fc=140
progress step=256550 round=21/40 episode=15/30 sample=zero_boundary_033 soc=0.7648 fc=570
progress step=256600 round=21/40 episode=15/30 sample=zero_boundary_033 soc=0.7789 fc=250
progress step=256650 round=21/40 episode=15/30 sample=zero_boundary_033 soc=0.7292 fc=390
progress step=256700 round=21/40 episode=15/30 sample=zero_boundary_033 soc=0.7331 fc=400
progress step=256750 round=21/40 episode=15/30 sample=zero_boundary_033 soc=0.7916 fc=280
progress step=256800 round=21/40 episode=15/30 sample=zero_boundary_033 soc=0.6625 fc=550
progress step=256850 round=21/40 episode=15/30 sample=zero_boundary_033 soc=0.6888 fc=0
progress step=256900 round=21/40 episode=15/30 sample=zero_boundary_033 soc=0.7999 fc=0
progress step=256950 round=21/40 episode=15/30 sample=zero_boundary_033 soc=0.7999 fc=0
progress step=257000 round=21/40 episode=15/30 sample=zero_boundary_033 soc=0.7999 fc=0
progress step=257050 round=21/40 episode=15/30 sample=zero_boundary_033 soc=0.8000 fc=0
progress step=257100 round=21/40 episode=15/30 sample=zero_boundary_033 soc=0.8000 fc=0
progress step=257150 round=21/40 episode=15/30 sample=zero_boundary_033 soc=0.8000 fc=0
progress step=257200 round=21/40 episode=15/30 sample=zero_boundary_033 soc=0.8000 fc=0
progress step=257250 round=21/40 episode=15/30 sample=zero_boundary_033 soc=0.7999 fc=0
progress step=257300 round=21/40 episode=15/30 sample=zero_boundary_033 soc=0.7996 fc=0
progress step=257350 round=21/40 episode=15/30 sample=zero_boundary_033 soc=0.7998 fc=0
progress step=257400 round=21/40 episode=15/30 sample=zero_boundary_033 soc=0.7989 fc=0
progress step=257450 round=21/40 episode=15/30 sample=zero_boundary_033 soc=0.7997 fc=0
progress step=257500 round=21/40 episode=16/30 sample=zero_boundary_034 soc=0.6587 fc=210
progress step=257550 round=21/40 episode=16/30 sample=zero_boundary_034 soc=0.7999 fc=0
progress step=257600 round=21/40 episode=16/30 sample=zero_boundary_034 soc=0.7999 fc=0
progress step=257650 round=21/40 episode=16/30 sample=zero_boundary_034 soc=0.7999 fc=0
progress step=257700 round=21/40 episode=16/30 sample=zero_boundary_034 soc=0.7999 fc=0
progress step=257750 round=21/40 episode=16/30 sample=zero_boundary_034 soc=0.7999 fc=0
progress step=257800 round=21/40 episode=16/30 sample=zero_boundary_034 soc=0.7999 fc=0
progress step=257850 round=21/40 episode=16/30 sample=zero_boundary_034 soc=0.7999 fc=0
progress step=257900 round=21/40 episode=16/30 sample=zero_boundary_034 soc=0.7999 fc=0
progress step=257950 round=21/40 episode=16/30 sample=zero_boundary_034 soc=0.7999 fc=0
progress step=258000 round=21/40 episode=16/30 sample=zero_boundary_034 soc=0.7999 fc=0
progress step=258050 round=21/40 episode=16/30 sample=zero_boundary_034 soc=0.7999 fc=0
progress step=258100 round=21/40 episode=16/30 sample=zero_boundary_034 soc=0.7999 fc=0
progress step=258150 round=21/40 episode=16/30 sample=zero_boundary_034 soc=0.7999 fc=0
progress step=258200 round=21/40 episode=16/30 sample=zero_boundary_034 soc=0.7999 fc=0
progress step=258250 round=21/40 episode=16/30 sample=zero_boundary_034 soc=0.7999 fc=0
progress step=258300 round=21/40 episode=16/30 sample=zero_boundary_034 soc=0.7999 fc=0
progress step=258350 round=21/40 episode=16/30 sample=zero_boundary_034 soc=0.7997 fc=50
progress step=258400 round=21/40 episode=16/30 sample=zero_boundary_034 soc=0.7991 fc=0
progress step=258450 round=21/40 episode=16/30 sample=zero_boundary_034 soc=0.7982 fc=310
progress step=258500 round=21/40 episode=16/30 sample=zero_boundary_034 soc=0.7944 fc=280
progress step=258550 round=21/40 episode=16/30 sample=zero_boundary_034 soc=0.7990 fc=400
progress step=258600 round=21/40 episode=16/30 sample=zero_boundary_034 soc=0.7992 fc=60
progress step=258650 round=21/40 episode=16/30 sample=zero_boundary_034 soc=0.7978 fc=0
progress step=258700 round=21/40 episode=16/30 sample=zero_boundary_034 soc=0.7999 fc=0
progress step=258750 round=21/40 episode=16/30 sample=zero_boundary_034 soc=0.7999 fc=0
progress step=258800 round=21/40 episode=16/30 sample=zero_boundary_034 soc=0.7999 fc=0
progress step=258850 round=21/40 episode=16/30 sample=zero_boundary_034 soc=0.7999 fc=0
progress step=258900 round=21/40 episode=16/30 sample=zero_boundary_034 soc=0.7999 fc=0
progress step=258950 round=21/40 episode=16/30 sample=zero_boundary_034 soc=0.7999 fc=0
progress step=259000 round=21/40 episode=16/30 sample=zero_boundary_034 soc=0.7999 fc=0
progress step=259050 round=21/40 episode=16/30 sample=zero_boundary_034 soc=0.7999 fc=0
progress step=259100 round=21/40 episode=16/30 sample=zero_boundary_034 soc=0.7997 fc=20
progress step=259150 round=21/40 episode=17/30 sample=zero_boundary_037 soc=0.7084 fc=360
progress step=259200 round=21/40 episode=17/30 sample=zero_boundary_037 soc=0.7733 fc=120
progress step=259250 round=21/40 episode=17/30 sample=zero_boundary_037 soc=0.7977 fc=200
progress step=259300 round=21/40 episode=17/30 sample=zero_boundary_037 soc=0.7997 fc=250
progress step=259350 round=21/40 episode=17/30 sample=zero_boundary_037 soc=0.7995 fc=250
progress step=259400 round=21/40 episode=17/30 sample=zero_boundary_037 soc=0.7639 fc=440
progress step=259450 round=21/40 episode=17/30 sample=zero_boundary_037 soc=0.6106 fc=380
progress step=259500 round=21/40 episode=17/30 sample=zero_boundary_037 soc=0.6560 fc=360
progress step=259550 round=21/40 episode=17/30 sample=zero_boundary_037 soc=0.7982 fc=60
progress step=259600 round=21/40 episode=17/30 sample=zero_boundary_037 soc=0.7982 fc=0
progress step=259650 round=21/40 episode=17/30 sample=zero_boundary_037 soc=0.7973 fc=0
progress step=259700 round=21/40 episode=17/30 sample=zero_boundary_037 soc=0.7947 fc=60
progress step=259750 round=21/40 episode=17/30 sample=zero_boundary_037 soc=0.7979 fc=170
progress step=259800 round=21/40 episode=17/30 sample=zero_boundary_037 soc=0.7942 fc=200
progress step=259850 round=21/40 episode=17/30 sample=zero_boundary_037 soc=0.7997 fc=0
progress step=259900 round=21/40 episode=17/30 sample=zero_boundary_037 soc=0.8000 fc=80
progress step=259950 round=21/40 episode=17/30 sample=zero_boundary_037 soc=0.7999 fc=20
progress step=260000 round=21/40 episode=17/30 sample=zero_boundary_037 soc=0.7999 fc=70
progress step=260050 round=21/40 episode=17/30 sample=zero_boundary_037 soc=0.7969 fc=260
progress step=260100 round=21/40 episode=17/30 sample=zero_boundary_037 soc=0.7986 fc=170
progress step=260150 round=21/40 episode=17/30 sample=zero_boundary_037 soc=0.7999 fc=0
progress step=260200 round=21/40 episode=17/30 sample=zero_boundary_037 soc=0.7999 fc=0
progress step=260250 round=21/40 episode=17/30 sample=zero_boundary_037 soc=0.7999 fc=0
progress step=260300 round=21/40 episode=17/30 sample=zero_boundary_037 soc=0.7974 fc=140
progress step=260350 round=21/40 episode=17/30 sample=zero_boundary_037 soc=0.7987 fc=190
progress step=260400 round=21/40 episode=17/30 sample=zero_boundary_037 soc=0.7994 fc=90
progress step=260450 round=21/40 episode=17/30 sample=zero_boundary_037 soc=0.7974 fc=180
progress step=260500 round=21/40 episode=17/30 sample=zero_boundary_037 soc=0.7996 fc=0
progress step=260550 round=21/40 episode=17/30 sample=zero_boundary_037 soc=0.7993 fc=90
progress step=260600 round=21/40 episode=17/30 sample=zero_boundary_037 soc=0.7996 fc=0
progress step=260650 round=21/40 episode=17/30 sample=zero_boundary_037 soc=0.7987 fc=20
progress step=260700 round=21/40 episode=17/30 sample=zero_boundary_037 soc=0.7999 fc=0
progress step=260750 round=21/40 episode=17/30 sample=zero_boundary_037 soc=0.7992 fc=0
progress step=260800 round=21/40 episode=17/30 sample=zero_boundary_037 soc=0.7983 fc=90
progress step=260850 round=21/40 episode=17/30 sample=zero_boundary_037 soc=0.8000 fc=20
progress step=260900 round=21/40 episode=17/30 sample=zero_boundary_037 soc=0.7971 fc=0
progress step=260950 round=21/40 episode=17/30 sample=zero_boundary_037 soc=0.7995 fc=0
progress step=261000 round=21/40 episode=17/30 sample=zero_boundary_037 soc=0.7999 fc=0
progress step=261050 round=21/40 episode=18/30 sample=zero_boundary_038 soc=0.6570 fc=500
progress step=261100 round=21/40 episode=18/30 sample=zero_boundary_038 soc=0.6010 fc=270
progress step=261150 round=21/40 episode=18/30 sample=zero_boundary_038 soc=0.5472 fc=0
progress step=261200 round=21/40 episode=18/30 sample=zero_boundary_038 soc=0.4661 fc=250
progress step=261250 round=21/40 episode=18/30 sample=zero_boundary_038 soc=0.3216 fc=240
progress step=261300 round=21/40 episode=18/30 sample=zero_boundary_038 soc=0.2030 fc=390
progress step=261350 round=21/40 episode=18/30 sample=zero_boundary_038 soc=0.3100 fc=240
progress step=261400 round=21/40 episode=18/30 sample=zero_boundary_038 soc=0.4424 fc=330
progress step=261450 round=21/40 episode=18/30 sample=zero_boundary_038 soc=0.5981 fc=140
progress step=261500 round=21/40 episode=18/30 sample=zero_boundary_038 soc=0.6654 fc=270
progress step=261550 round=21/40 episode=18/30 sample=zero_boundary_038 soc=0.6372 fc=270
progress step=261600 round=21/40 episode=18/30 sample=zero_boundary_038 soc=0.6191 fc=110
progress step=261650 round=21/40 episode=18/30 sample=zero_boundary_038 soc=0.6057 fc=0
progress step=261700 round=21/40 episode=18/30 sample=zero_boundary_038 soc=0.6630 fc=570
progress step=261750 round=21/40 episode=19/30 sample=zero_boundary_040 soc=0.5987 fc=390
progress step=261800 round=21/40 episode=19/30 sample=zero_boundary_040 soc=0.5268 fc=270
progress step=261850 round=21/40 episode=19/30 sample=zero_boundary_040 soc=0.4510 fc=100
progress step=261900 round=21/40 episode=19/30 sample=zero_boundary_040 soc=0.3068 fc=120
progress step=261950 round=21/40 episode=19/30 sample=zero_boundary_040 soc=0.2560 fc=230
progress step=262000 round=21/40 episode=19/30 sample=zero_boundary_040 soc=0.2004 fc=360
progress step=262050 round=21/40 episode=19/30 sample=zero_boundary_040 soc=0.2674 fc=250
progress step=262100 round=21/40 episode=19/30 sample=zero_boundary_040 soc=0.2336 fc=230
progress step=262150 round=21/40 episode=19/30 sample=zero_boundary_040 soc=0.2003 fc=540
progress step=262200 round=21/40 episode=19/30 sample=zero_boundary_040 soc=0.2153 fc=570
progress step=262250 round=21/40 episode=20/30 sample=zero_boundary_041 soc=0.6032 fc=280
progress step=262300 round=21/40 episode=20/30 sample=zero_boundary_041 soc=0.5155 fc=270
progress step=262350 round=21/40 episode=20/30 sample=zero_boundary_041 soc=0.2362 fc=190
progress step=262400 round=21/40 episode=21/30 sample=zero_boundary_042 soc=0.7559 fc=490
progress step=262450 round=21/40 episode=21/30 sample=zero_boundary_042 soc=0.5949 fc=270
progress step=262500 round=21/40 episode=21/30 sample=zero_boundary_042 soc=0.3889 fc=270
progress step=262550 round=21/40 episode=21/30 sample=zero_boundary_042 soc=0.2021 fc=550
progress step=262600 round=21/40 episode=21/30 sample=zero_boundary_042 soc=0.2003 fc=500
progress step=262650 round=21/40 episode=21/30 sample=zero_boundary_042 soc=0.2837 fc=460
progress step=262700 round=21/40 episode=21/30 sample=zero_boundary_042 soc=0.2004 fc=540
progress step=262750 round=21/40 episode=22/30 sample=zero_boundary_044 soc=0.6311 fc=270
progress step=262800 round=21/40 episode=22/30 sample=zero_boundary_044 soc=0.4956 fc=510
progress step=262850 round=21/40 episode=22/30 sample=zero_boundary_044 soc=0.2239 fc=430
progress step=262900 round=21/40 episode=23/30 sample=zero_boundary_045 soc=0.7233 fc=290
progress step=262950 round=21/40 episode=23/30 sample=zero_boundary_045 soc=0.6339 fc=270
progress step=263000 round=21/40 episode=23/30 sample=zero_boundary_045 soc=0.5349 fc=330
progress step=263050 round=21/40 episode=23/30 sample=zero_boundary_045 soc=0.3080 fc=550
progress step=263100 round=21/40 episode=24/30 sample=zero_boundary_046 soc=0.5755 fc=270
progress step=263150 round=21/40 episode=24/30 sample=zero_boundary_046 soc=0.4461 fc=270
progress step=263200 round=21/40 episode=24/30 sample=zero_boundary_046 soc=0.2157 fc=110
progress step=263250 round=21/40 episode=25/30 sample=zero_boundary_048 soc=0.6924 fc=490
progress step=263300 round=21/40 episode=25/30 sample=zero_boundary_048 soc=0.5318 fc=580
progress step=263350 round=21/40 episode=25/30 sample=zero_boundary_048 soc=0.4118 fc=130
progress step=263400 round=21/40 episode=25/30 sample=zero_boundary_048 soc=0.4611 fc=400
progress step=263450 round=21/40 episode=25/30 sample=zero_boundary_048 soc=0.4692 fc=130
progress step=263500 round=21/40 episode=26/30 sample=zero_boundary_049 soc=0.6100 fc=570
progress step=263550 round=21/40 episode=26/30 sample=zero_boundary_049 soc=0.7093 fc=590
progress step=263600 round=21/40 episode=26/30 sample=zero_boundary_049 soc=0.7876 fc=510
progress step=263650 round=21/40 episode=26/30 sample=zero_boundary_049 soc=0.7967 fc=270
progress step=263700 round=21/40 episode=26/30 sample=zero_boundary_049 soc=0.7961 fc=200
progress step=263750 round=21/40 episode=26/30 sample=zero_boundary_049 soc=0.7998 fc=10
progress step=263800 round=21/40 episode=27/30 sample=zero_boundary_050 soc=0.7133 fc=220
progress step=263850 round=21/40 episode=27/30 sample=zero_boundary_050 soc=0.5719 fc=560
progress step=263900 round=21/40 episode=27/30 sample=zero_boundary_050 soc=0.3968 fc=120
progress step=263950 round=21/40 episode=27/30 sample=zero_boundary_050 soc=0.2029 fc=500
progress step=264000 round=21/40 episode=28/30 sample=zero_boundary_051 soc=0.6512 fc=410
progress step=264050 round=21/40 episode=28/30 sample=zero_boundary_051 soc=0.7113 fc=60
progress step=264100 round=21/40 episode=29/30 sample=zero_boundary_052 soc=0.6000 fc=570
progress step=264150 round=21/40 episode=29/30 sample=zero_boundary_052 soc=0.6840 fc=10
progress step=264200 round=21/40 episode=29/30 sample=zero_boundary_052 soc=0.4480 fc=270
progress step=264250 round=21/40 episode=29/30 sample=zero_boundary_052 soc=0.3385 fc=400
progress step=264300 round=21/40 episode=29/30 sample=zero_boundary_052 soc=0.3987 fc=540
progress step=264350 round=21/40 episode=30/30 sample=zero_boundary_053 soc=0.6598 fc=570
progress step=264400 round=21/40 episode=30/30 sample=zero_boundary_053 soc=0.7172 fc=450
progress step=264450 round=21/40 episode=30/30 sample=zero_boundary_053 soc=0.5856 fc=500
progress step=264500 round=21/40 episode=30/30 sample=zero_boundary_053 soc=0.6574 fc=380
progress step=264550 round=21/40 episode=30/30 sample=zero_boundary_053 soc=0.7222 fc=260
round 21/40 exploratory=20/30 greedy_train start
MONITOR round=21 exploratory=20/30 greedy_train=12/30 validation=SKIPPED cost=None updates=8839 best_round=None
round 22/40 start epsilon=0.4885
progress step=264600 round=22/40 episode=1/30 sample=zero_boundary_002 soc=0.6469 fc=570
progress step=264650 round=22/40 episode=1/30 sample=zero_boundary_002 soc=0.7680 fc=100
progress step=264700 round=22/40 episode=1/30 sample=zero_boundary_002 soc=0.4234 fc=180
progress step=264750 round=22/40 episode=1/30 sample=zero_boundary_002 soc=0.4668 fc=160
progress step=264800 round=22/40 episode=1/30 sample=zero_boundary_002 soc=0.3242 fc=10
progress step=264850 round=22/40 episode=1/30 sample=zero_boundary_002 soc=0.3717 fc=120
progress step=264900 round=22/40 episode=2/30 sample=zero_boundary_005 soc=0.6539 fc=210
progress step=264950 round=22/40 episode=2/30 sample=zero_boundary_005 soc=0.7389 fc=200
progress step=265000 round=22/40 episode=2/30 sample=zero_boundary_005 soc=0.6162 fc=380
progress step=265050 round=22/40 episode=2/30 sample=zero_boundary_005 soc=0.6009 fc=100
progress step=265100 round=22/40 episode=2/30 sample=zero_boundary_005 soc=0.4564 fc=570
progress step=265150 round=22/40 episode=2/30 sample=zero_boundary_005 soc=0.4068 fc=160
progress step=265200 round=22/40 episode=3/30 sample=zero_boundary_006 soc=0.6839 fc=570
progress step=265250 round=22/40 episode=3/30 sample=zero_boundary_006 soc=0.7979 fc=240
progress step=265300 round=22/40 episode=3/30 sample=zero_boundary_006 soc=0.7978 fc=0
progress step=265350 round=22/40 episode=3/30 sample=zero_boundary_006 soc=0.7997 fc=40
progress step=265400 round=22/40 episode=3/30 sample=zero_boundary_006 soc=0.7932 fc=540
progress step=265450 round=22/40 episode=3/30 sample=zero_boundary_006 soc=0.7977 fc=0
progress step=265500 round=22/40 episode=3/30 sample=zero_boundary_006 soc=0.7999 fc=140
progress step=265550 round=22/40 episode=4/30 sample=zero_boundary_007 soc=0.6565 fc=570
progress step=265600 round=22/40 episode=4/30 sample=zero_boundary_007 soc=0.5966 fc=160
progress step=265650 round=22/40 episode=4/30 sample=zero_boundary_007 soc=0.5647 fc=500
progress step=265700 round=22/40 episode=4/30 sample=zero_boundary_007 soc=0.6462 fc=60
progress step=265750 round=22/40 episode=4/30 sample=zero_boundary_007 soc=0.6458 fc=390
progress step=265800 round=22/40 episode=4/30 sample=zero_boundary_007 soc=0.6298 fc=270
progress step=265850 round=22/40 episode=5/30 sample=zero_boundary_008 soc=0.6950 fc=320
progress step=265900 round=22/40 episode=5/30 sample=zero_boundary_008 soc=0.2558 fc=270
progress step=265950 round=22/40 episode=6/30 sample=zero_boundary_011 soc=0.7993 fc=0
progress step=266000 round=22/40 episode=6/30 sample=zero_boundary_011 soc=0.7752 fc=270
progress step=266050 round=22/40 episode=6/30 sample=zero_boundary_011 soc=0.6262 fc=160
progress step=266100 round=22/40 episode=6/30 sample=zero_boundary_011 soc=0.4383 fc=160
progress step=266150 round=22/40 episode=6/30 sample=zero_boundary_011 soc=0.2993 fc=170
progress step=266200 round=22/40 episode=6/30 sample=zero_boundary_011 soc=0.2029 fc=320
progress step=266250 round=22/40 episode=6/30 sample=zero_boundary_011 soc=0.4397 fc=440
progress step=266300 round=22/40 episode=6/30 sample=zero_boundary_011 soc=0.5939 fc=570
progress step=266350 round=22/40 episode=6/30 sample=zero_boundary_011 soc=0.8000 fc=20
progress step=266400 round=22/40 episode=6/30 sample=zero_boundary_011 soc=0.7990 fc=70
progress step=266450 round=22/40 episode=6/30 sample=zero_boundary_011 soc=0.7961 fc=450
progress step=266500 round=22/40 episode=6/30 sample=zero_boundary_011 soc=0.7979 fc=220
progress step=266550 round=22/40 episode=6/30 sample=zero_boundary_011 soc=0.7902 fc=240
progress step=266600 round=22/40 episode=6/30 sample=zero_boundary_011 soc=0.7925 fc=270
progress step=266650 round=22/40 episode=7/30 sample=zero_boundary_013 soc=0.6000 fc=0
progress step=266700 round=22/40 episode=7/30 sample=zero_boundary_013 soc=0.7997 fc=140
progress step=266750 round=22/40 episode=7/30 sample=zero_boundary_013 soc=0.7932 fc=490
progress step=266800 round=22/40 episode=7/30 sample=zero_boundary_013 soc=0.7922 fc=420
progress step=266850 round=22/40 episode=7/30 sample=zero_boundary_013 soc=0.7990 fc=240
progress step=266900 round=22/40 episode=7/30 sample=zero_boundary_013 soc=0.7999 fc=230
progress step=266950 round=22/40 episode=7/30 sample=zero_boundary_013 soc=0.7884 fc=270
progress step=267000 round=22/40 episode=8/30 sample=zero_boundary_015 soc=0.6314 fc=570
progress step=267050 round=22/40 episode=8/30 sample=zero_boundary_015 soc=0.6853 fc=450
progress step=267100 round=22/40 episode=8/30 sample=zero_boundary_015 soc=0.6372 fc=540
progress step=267150 round=22/40 episode=9/30 sample=zero_boundary_016 soc=0.6156 fc=30
progress step=267200 round=22/40 episode=9/30 sample=zero_boundary_016 soc=0.7948 fc=0
progress step=267250 round=22/40 episode=9/30 sample=zero_boundary_016 soc=0.6960 fc=270
progress step=267300 round=22/40 episode=9/30 sample=zero_boundary_016 soc=0.5152 fc=450
progress step=267350 round=22/40 episode=9/30 sample=zero_boundary_016 soc=0.2426 fc=270
progress step=267400 round=22/40 episode=10/30 sample=zero_boundary_017 soc=0.5485 fc=270
progress step=267450 round=22/40 episode=10/30 sample=zero_boundary_017 soc=0.2992 fc=570
progress step=267500 round=22/40 episode=11/30 sample=zero_boundary_020 soc=0.6941 fc=500
progress step=267550 round=22/40 episode=11/30 sample=zero_boundary_020 soc=0.7083 fc=290
progress step=267600 round=22/40 episode=12/30 sample=zero_boundary_021 soc=0.6662 fc=570
progress step=267650 round=22/40 episode=12/30 sample=zero_boundary_021 soc=0.7981 fc=70
progress step=267700 round=22/40 episode=12/30 sample=zero_boundary_021 soc=0.7348 fc=280
progress step=267750 round=22/40 episode=12/30 sample=zero_boundary_021 soc=0.6294 fc=350
progress step=267800 round=22/40 episode=12/30 sample=zero_boundary_021 soc=0.5774 fc=550
progress step=267850 round=22/40 episode=13/30 sample=zero_boundary_022 soc=0.6504 fc=130
progress step=267900 round=22/40 episode=13/30 sample=zero_boundary_022 soc=0.5836 fc=330
progress step=267950 round=22/40 episode=13/30 sample=zero_boundary_022 soc=0.6577 fc=570
progress step=268000 round=22/40 episode=14/30 sample=zero_boundary_029 soc=0.6105 fc=570
progress step=268050 round=22/40 episode=14/30 sample=zero_boundary_029 soc=0.7655 fc=550
progress step=268100 round=22/40 episode=14/30 sample=zero_boundary_029 soc=0.7959 fc=460
progress step=268150 round=22/40 episode=14/30 sample=zero_boundary_029 soc=0.7877 fc=430
progress step=268200 round=22/40 episode=14/30 sample=zero_boundary_029 soc=0.7985 fc=30
progress step=268250 round=22/40 episode=14/30 sample=zero_boundary_029 soc=0.7943 fc=280
progress step=268300 round=22/40 episode=14/30 sample=zero_boundary_029 soc=0.7721 fc=270
progress step=268350 round=22/40 episode=14/30 sample=zero_boundary_029 soc=0.7999 fc=0
progress step=268400 round=22/40 episode=14/30 sample=zero_boundary_029 soc=0.8000 fc=0
progress step=268450 round=22/40 episode=14/30 sample=zero_boundary_029 soc=0.8000 fc=0
progress step=268500 round=22/40 episode=14/30 sample=zero_boundary_029 soc=0.8000 fc=0
progress step=268550 round=22/40 episode=14/30 sample=zero_boundary_029 soc=0.8000 fc=0
progress step=268600 round=22/40 episode=14/30 sample=zero_boundary_029 soc=0.8000 fc=0
progress step=268650 round=22/40 episode=14/30 sample=zero_boundary_029 soc=0.8000 fc=0
progress step=268700 round=22/40 episode=14/30 sample=zero_boundary_029 soc=0.8000 fc=0
progress step=268750 round=22/40 episode=14/30 sample=zero_boundary_029 soc=0.8000 fc=0
progress step=268800 round=22/40 episode=14/30 sample=zero_boundary_029 soc=0.8000 fc=0
progress step=268850 round=22/40 episode=14/30 sample=zero_boundary_029 soc=0.8000 fc=0
progress step=268900 round=22/40 episode=14/30 sample=zero_boundary_029 soc=0.7942 fc=470
progress step=268950 round=22/40 episode=14/30 sample=zero_boundary_029 soc=0.7974 fc=280
progress step=269000 round=22/40 episode=14/30 sample=zero_boundary_029 soc=0.7964 fc=500
progress step=269050 round=22/40 episode=14/30 sample=zero_boundary_029 soc=0.7998 fc=20
progress step=269100 round=22/40 episode=15/30 sample=zero_boundary_033 soc=0.7468 fc=310
progress step=269150 round=22/40 episode=15/30 sample=zero_boundary_033 soc=0.7742 fc=170
progress step=269200 round=22/40 episode=15/30 sample=zero_boundary_033 soc=0.6695 fc=550
progress step=269250 round=22/40 episode=15/30 sample=zero_boundary_033 soc=0.6632 fc=210
progress step=269300 round=22/40 episode=15/30 sample=zero_boundary_033 soc=0.7154 fc=290
progress step=269350 round=22/40 episode=15/30 sample=zero_boundary_033 soc=0.5503 fc=170
progress step=269400 round=22/40 episode=15/30 sample=zero_boundary_033 soc=0.4778 fc=130
progress step=269450 round=22/40 episode=15/30 sample=zero_boundary_033 soc=0.6303 fc=170
progress step=269500 round=22/40 episode=15/30 sample=zero_boundary_033 soc=0.7999 fc=0
progress step=269550 round=22/40 episode=15/30 sample=zero_boundary_033 soc=0.7999 fc=0
progress step=269600 round=22/40 episode=15/30 sample=zero_boundary_033 soc=0.8000 fc=0
progress step=269650 round=22/40 episode=15/30 sample=zero_boundary_033 soc=0.8000 fc=0
progress step=269700 round=22/40 episode=15/30 sample=zero_boundary_033 soc=0.8000 fc=0
progress step=269750 round=22/40 episode=15/30 sample=zero_boundary_033 soc=0.8000 fc=0
progress step=269800 round=22/40 episode=15/30 sample=zero_boundary_033 soc=0.8000 fc=0
progress step=269850 round=22/40 episode=15/30 sample=zero_boundary_033 soc=0.7999 fc=30
progress step=269900 round=22/40 episode=15/30 sample=zero_boundary_033 soc=0.7984 fc=0
progress step=269950 round=22/40 episode=15/30 sample=zero_boundary_033 soc=0.7980 fc=130
progress step=270000 round=22/40 episode=15/30 sample=zero_boundary_033 soc=0.7990 fc=0
progress step=270050 round=22/40 episode=16/30 sample=zero_boundary_034 soc=0.6785 fc=380
progress step=270100 round=22/40 episode=16/30 sample=zero_boundary_034 soc=0.8000 fc=0
progress step=270150 round=22/40 episode=16/30 sample=zero_boundary_034 soc=0.8000 fc=0
progress step=270200 round=22/40 episode=16/30 sample=zero_boundary_034 soc=0.8000 fc=0
progress step=270250 round=22/40 episode=16/30 sample=zero_boundary_034 soc=0.8000 fc=0
progress step=270300 round=22/40 episode=16/30 sample=zero_boundary_034 soc=0.8000 fc=0
progress step=270350 round=22/40 episode=16/30 sample=zero_boundary_034 soc=0.8000 fc=0
progress step=270400 round=22/40 episode=16/30 sample=zero_boundary_034 soc=0.8000 fc=0
progress step=270450 round=22/40 episode=16/30 sample=zero_boundary_034 soc=0.8000 fc=0
progress step=270500 round=22/40 episode=16/30 sample=zero_boundary_034 soc=0.8000 fc=0
progress step=270550 round=22/40 episode=16/30 sample=zero_boundary_034 soc=0.8000 fc=0
progress step=270600 round=22/40 episode=16/30 sample=zero_boundary_034 soc=0.8000 fc=0
progress step=270650 round=22/40 episode=16/30 sample=zero_boundary_034 soc=0.8000 fc=0
progress step=270700 round=22/40 episode=16/30 sample=zero_boundary_034 soc=0.8000 fc=0
progress step=270750 round=22/40 episode=16/30 sample=zero_boundary_034 soc=0.8000 fc=0
progress step=270800 round=22/40 episode=16/30 sample=zero_boundary_034 soc=0.8000 fc=0
progress step=270850 round=22/40 episode=16/30 sample=zero_boundary_034 soc=0.8000 fc=0
progress step=270900 round=22/40 episode=16/30 sample=zero_boundary_034 soc=0.7999 fc=10
progress step=270950 round=22/40 episode=16/30 sample=zero_boundary_034 soc=0.7987 fc=140
progress step=271000 round=22/40 episode=16/30 sample=zero_boundary_034 soc=0.7938 fc=540
progress step=271050 round=22/40 episode=16/30 sample=zero_boundary_034 soc=0.7996 fc=200
progress step=271100 round=22/40 episode=16/30 sample=zero_boundary_034 soc=0.7967 fc=280
progress step=271150 round=22/40 episode=16/30 sample=zero_boundary_034 soc=0.7980 fc=0
progress step=271200 round=22/40 episode=16/30 sample=zero_boundary_034 soc=0.7995 fc=0
progress step=271250 round=22/40 episode=16/30 sample=zero_boundary_034 soc=0.7999 fc=0
progress step=271300 round=22/40 episode=16/30 sample=zero_boundary_034 soc=0.7999 fc=0
progress step=271350 round=22/40 episode=16/30 sample=zero_boundary_034 soc=0.7999 fc=0
progress step=271400 round=22/40 episode=16/30 sample=zero_boundary_034 soc=0.7999 fc=0
progress step=271450 round=22/40 episode=16/30 sample=zero_boundary_034 soc=0.7999 fc=0
progress step=271500 round=22/40 episode=16/30 sample=zero_boundary_034 soc=0.7999 fc=0
progress step=271550 round=22/40 episode=16/30 sample=zero_boundary_034 soc=0.7999 fc=0
progress step=271600 round=22/40 episode=16/30 sample=zero_boundary_034 soc=0.7999 fc=0
progress step=271650 round=22/40 episode=16/30 sample=zero_boundary_034 soc=0.7997 fc=30
progress step=271700 round=22/40 episode=17/30 sample=zero_boundary_037 soc=0.7074 fc=480
progress step=271750 round=22/40 episode=17/30 sample=zero_boundary_037 soc=0.7985 fc=200
progress step=271800 round=22/40 episode=17/30 sample=zero_boundary_037 soc=0.7971 fc=140
progress step=271850 round=22/40 episode=17/30 sample=zero_boundary_037 soc=0.7989 fc=290
progress step=271900 round=22/40 episode=17/30 sample=zero_boundary_037 soc=0.7723 fc=500
progress step=271950 round=22/40 episode=17/30 sample=zero_boundary_037 soc=0.7496 fc=450
progress step=272000 round=22/40 episode=17/30 sample=zero_boundary_037 soc=0.6161 fc=450
progress step=272050 round=22/40 episode=17/30 sample=zero_boundary_037 soc=0.6033 fc=380
progress step=272100 round=22/40 episode=17/30 sample=zero_boundary_037 soc=0.8000 fc=30
progress step=272150 round=22/40 episode=17/30 sample=zero_boundary_037 soc=0.7997 fc=80
progress step=272200 round=22/40 episode=17/30 sample=zero_boundary_037 soc=0.7998 fc=70
progress step=272250 round=22/40 episode=17/30 sample=zero_boundary_037 soc=0.7999 fc=70
progress step=272300 round=22/40 episode=17/30 sample=zero_boundary_037 soc=0.7958 fc=70
progress step=272350 round=22/40 episode=17/30 sample=zero_boundary_037 soc=0.7958 fc=0
progress step=272400 round=22/40 episode=17/30 sample=zero_boundary_037 soc=0.7992 fc=0
progress step=272450 round=22/40 episode=17/30 sample=zero_boundary_037 soc=0.8000 fc=60
progress step=272500 round=22/40 episode=17/30 sample=zero_boundary_037 soc=0.7989 fc=0
progress step=272550 round=22/40 episode=17/30 sample=zero_boundary_037 soc=0.7984 fc=90
progress step=272600 round=22/40 episode=17/30 sample=zero_boundary_037 soc=0.7999 fc=20
progress step=272650 round=22/40 episode=17/30 sample=zero_boundary_037 soc=0.7989 fc=0
progress step=272700 round=22/40 episode=17/30 sample=zero_boundary_037 soc=0.8000 fc=0
progress step=272750 round=22/40 episode=17/30 sample=zero_boundary_037 soc=0.8000 fc=0
progress step=272800 round=22/40 episode=17/30 sample=zero_boundary_037 soc=0.8000 fc=0
progress step=272850 round=22/40 episode=17/30 sample=zero_boundary_037 soc=0.7981 fc=0
progress step=272900 round=22/40 episode=17/30 sample=zero_boundary_037 soc=0.7989 fc=120
progress step=272950 round=22/40 episode=17/30 sample=zero_boundary_037 soc=0.7996 fc=20
progress step=273000 round=22/40 episode=17/30 sample=zero_boundary_037 soc=0.7986 fc=10
progress step=273050 round=22/40 episode=17/30 sample=zero_boundary_037 soc=0.7961 fc=0
progress step=273100 round=22/40 episode=17/30 sample=zero_boundary_037 soc=0.7990 fc=0
progress step=273150 round=22/40 episode=17/30 sample=zero_boundary_037 soc=0.7992 fc=0
progress step=273200 round=22/40 episode=17/30 sample=zero_boundary_037 soc=0.7990 fc=0
progress step=273250 round=22/40 episode=17/30 sample=zero_boundary_037 soc=0.7991 fc=0
progress step=273300 round=22/40 episode=17/30 sample=zero_boundary_037 soc=0.7989 fc=0
progress step=273350 round=22/40 episode=17/30 sample=zero_boundary_037 soc=0.7999 fc=20
progress step=273400 round=22/40 episode=17/30 sample=zero_boundary_037 soc=0.7994 fc=10
progress step=273450 round=22/40 episode=17/30 sample=zero_boundary_037 soc=0.7984 fc=70
progress step=273500 round=22/40 episode=17/30 sample=zero_boundary_037 soc=0.7980 fc=0
progress step=273550 round=22/40 episode=17/30 sample=zero_boundary_037 soc=0.7999 fc=0
progress step=273600 round=22/40 episode=18/30 sample=zero_boundary_038 soc=0.7392 fc=480
progress step=273650 round=22/40 episode=18/30 sample=zero_boundary_038 soc=0.7024 fc=590
progress step=273700 round=22/40 episode=18/30 sample=zero_boundary_038 soc=0.7257 fc=550
progress step=273750 round=22/40 episode=18/30 sample=zero_boundary_038 soc=0.7115 fc=530
progress step=273800 round=22/40 episode=18/30 sample=zero_boundary_038 soc=0.6082 fc=400
progress step=273850 round=22/40 episode=18/30 sample=zero_boundary_038 soc=0.5335 fc=570
progress step=273900 round=22/40 episode=18/30 sample=zero_boundary_038 soc=0.7372 fc=480
progress step=273950 round=22/40 episode=18/30 sample=zero_boundary_038 soc=0.7984 fc=160
progress step=274000 round=22/40 episode=18/30 sample=zero_boundary_038 soc=0.7966 fc=0
progress step=274050 round=22/40 episode=18/30 sample=zero_boundary_038 soc=0.7959 fc=270
progress step=274100 round=22/40 episode=18/30 sample=zero_boundary_038 soc=0.7995 fc=380
progress step=274150 round=22/40 episode=18/30 sample=zero_boundary_038 soc=0.7701 fc=270
progress step=274200 round=22/40 episode=18/30 sample=zero_boundary_038 soc=0.7814 fc=530
progress step=274250 round=22/40 episode=18/30 sample=zero_boundary_038 soc=0.7996 fc=10
progress step=274300 round=22/40 episode=19/30 sample=zero_boundary_040 soc=0.6656 fc=90
progress step=274350 round=22/40 episode=19/30 sample=zero_boundary_040 soc=0.5986 fc=160
progress step=274400 round=22/40 episode=19/30 sample=zero_boundary_040 soc=0.5248 fc=0
progress step=274450 round=22/40 episode=19/30 sample=zero_boundary_040 soc=0.3638 fc=350
progress step=274500 round=22/40 episode=19/30 sample=zero_boundary_040 soc=0.3595 fc=240
progress step=274550 round=22/40 episode=19/30 sample=zero_boundary_040 soc=0.3350 fc=240
progress step=274600 round=22/40 episode=19/30 sample=zero_boundary_040 soc=0.4185 fc=240
progress step=274650 round=22/40 episode=19/30 sample=zero_boundary_040 soc=0.3701 fc=0
progress step=274700 round=22/40 episode=19/30 sample=zero_boundary_040 soc=0.2540 fc=90
progress step=274750 round=22/40 episode=19/30 sample=zero_boundary_040 soc=0.2164 fc=540
progress step=274800 round=22/40 episode=20/30 sample=zero_boundary_041 soc=0.5824 fc=390
progress step=274850 round=22/40 episode=20/30 sample=zero_boundary_041 soc=0.4999 fc=420
progress step=274900 round=22/40 episode=20/30 sample=zero_boundary_041 soc=0.2087 fc=240
progress step=274950 round=22/40 episode=21/30 sample=zero_boundary_042 soc=0.7036 fc=460
progress step=275000 round=22/40 episode=21/30 sample=zero_boundary_042 soc=0.5357 fc=240
progress step=275050 round=22/40 episode=21/30 sample=zero_boundary_042 soc=0.3079 fc=240
progress step=275100 round=22/40 episode=21/30 sample=zero_boundary_042 soc=0.2008 fc=490
progress step=275150 round=22/40 episode=21/30 sample=zero_boundary_042 soc=0.2003 fc=510
progress step=275200 round=22/40 episode=21/30 sample=zero_boundary_042 soc=0.2625 fc=110
progress step=275250 round=22/40 episode=21/30 sample=zero_boundary_042 soc=0.2000 fc=430
progress step=275300 round=22/40 episode=22/30 sample=zero_boundary_044 soc=0.6450 fc=160
progress step=275350 round=22/40 episode=22/30 sample=zero_boundary_044 soc=0.4621 fc=240
progress step=275400 round=22/40 episode=23/30 sample=zero_boundary_045 soc=0.6209 fc=510
progress step=275450 round=22/40 episode=23/30 sample=zero_boundary_045 soc=0.6874 fc=290
progress step=275500 round=22/40 episode=23/30 sample=zero_boundary_045 soc=0.5888 fc=350
progress step=275550 round=22/40 episode=23/30 sample=zero_boundary_045 soc=0.4183 fc=240
progress step=275600 round=22/40 episode=24/30 sample=zero_boundary_046 soc=0.6045 fc=70
progress step=275650 round=22/40 episode=24/30 sample=zero_boundary_046 soc=0.4920 fc=240
progress step=275700 round=22/40 episode=24/30 sample=zero_boundary_046 soc=0.2943 fc=480
progress step=275750 round=22/40 episode=25/30 sample=zero_boundary_048 soc=0.7022 fc=530
progress step=275800 round=22/40 episode=25/30 sample=zero_boundary_048 soc=0.4704 fc=290
progress step=275850 round=22/40 episode=25/30 sample=zero_boundary_048 soc=0.3138 fc=400
progress step=275900 round=22/40 episode=25/30 sample=zero_boundary_048 soc=0.3533 fc=240
progress step=275950 round=22/40 episode=25/30 sample=zero_boundary_048 soc=0.3607 fc=120
progress step=276000 round=22/40 episode=25/30 sample=zero_boundary_048 soc=0.4094 fc=0
progress step=276050 round=22/40 episode=26/30 sample=zero_boundary_049 soc=0.7117 fc=550
progress step=276100 round=22/40 episode=26/30 sample=zero_boundary_049 soc=0.7214 fc=290
progress step=276150 round=22/40 episode=26/30 sample=zero_boundary_049 soc=0.7408 fc=490
progress step=276200 round=22/40 episode=26/30 sample=zero_boundary_049 soc=0.7672 fc=120
progress step=276250 round=22/40 episode=26/30 sample=zero_boundary_049 soc=0.7959 fc=320
progress step=276300 round=22/40 episode=27/30 sample=zero_boundary_050 soc=0.6508 fc=490
progress step=276350 round=22/40 episode=27/30 sample=zero_boundary_050 soc=0.5226 fc=260
progress step=276400 round=22/40 episode=27/30 sample=zero_boundary_050 soc=0.3489 fc=240
progress step=276450 round=22/40 episode=27/30 sample=zero_boundary_050 soc=0.2008 fc=320
progress step=276500 round=22/40 episode=28/30 sample=zero_boundary_051 soc=0.6051 fc=510
progress step=276550 round=22/40 episode=28/30 sample=zero_boundary_051 soc=0.5972 fc=200
progress step=276600 round=22/40 episode=28/30 sample=zero_boundary_051 soc=0.6312 fc=430
progress step=276650 round=22/40 episode=29/30 sample=zero_boundary_052 soc=0.7001 fc=410
progress step=276700 round=22/40 episode=29/30 sample=zero_boundary_052 soc=0.4688 fc=460
progress step=276750 round=22/40 episode=29/30 sample=zero_boundary_052 soc=0.3331 fc=370
progress step=276800 round=22/40 episode=29/30 sample=zero_boundary_052 soc=0.3709 fc=240
progress step=276850 round=22/40 episode=30/30 sample=zero_boundary_053 soc=0.6237 fc=80
progress step=276900 round=22/40 episode=30/30 sample=zero_boundary_053 soc=0.7157 fc=530
progress step=276950 round=22/40 episode=30/30 sample=zero_boundary_053 soc=0.5851 fc=280
progress step=277000 round=22/40 episode=30/30 sample=zero_boundary_053 soc=0.5631 fc=180
progress step=277050 round=22/40 episode=30/30 sample=zero_boundary_053 soc=0.5757 fc=120
round 22/40 exploratory=20/30 greedy_train start
MONITOR round=22 exploratory=20/30 greedy_train=12/30 validation=SKIPPED cost=None updates=9230 best_round=None
round 23/40 start epsilon=0.4641
progress step=277100 round=23/40 episode=1/30 sample=zero_boundary_002 soc=0.5998 fc=0
progress step=277150 round=23/40 episode=1/30 sample=zero_boundary_002 soc=0.7257 fc=170
progress step=277200 round=23/40 episode=1/30 sample=zero_boundary_002 soc=0.3707 fc=510
progress step=277250 round=23/40 episode=2/30 sample=zero_boundary_005 soc=0.6966 fc=450
progress step=277300 round=23/40 episode=2/30 sample=zero_boundary_005 soc=0.6325 fc=400
progress step=277350 round=23/40 episode=2/30 sample=zero_boundary_005 soc=0.5961 fc=320
progress step=277400 round=23/40 episode=2/30 sample=zero_boundary_005 soc=0.5328 fc=110
progress step=277450 round=23/40 episode=2/30 sample=zero_boundary_005 soc=0.3436 fc=120
progress step=277500 round=23/40 episode=2/30 sample=zero_boundary_005 soc=0.3139 fc=0
progress step=277550 round=23/40 episode=3/30 sample=zero_boundary_006 soc=0.7116 fc=580
progress step=277600 round=23/40 episode=3/30 sample=zero_boundary_006 soc=0.7979 fc=310
progress step=277650 round=23/40 episode=3/30 sample=zero_boundary_006 soc=0.7954 fc=0
progress step=277700 round=23/40 episode=3/30 sample=zero_boundary_006 soc=0.7862 fc=90
progress step=277750 round=23/40 episode=3/30 sample=zero_boundary_006 soc=0.7990 fc=0
progress step=277800 round=23/40 episode=3/30 sample=zero_boundary_006 soc=0.7977 fc=290
progress step=277850 round=23/40 episode=3/30 sample=zero_boundary_006 soc=0.7998 fc=180
progress step=277900 round=23/40 episode=4/30 sample=zero_boundary_007 soc=0.6900 fc=540
progress step=277950 round=23/40 episode=4/30 sample=zero_boundary_007 soc=0.6182 fc=90
progress step=278000 round=23/40 episode=4/30 sample=zero_boundary_007 soc=0.7087 fc=540
progress step=278050 round=23/40 episode=4/30 sample=zero_boundary_007 soc=0.7914 fc=530
progress step=278100 round=23/40 episode=4/30 sample=zero_boundary_007 soc=0.7989 fc=410
progress step=278150 round=23/40 episode=4/30 sample=zero_boundary_007 soc=0.7999 fc=0
progress step=278200 round=23/40 episode=5/30 sample=zero_boundary_008 soc=0.5864 fc=180
progress step=278250 round=23/40 episode=6/30 sample=zero_boundary_011 soc=0.6191 fc=340
progress step=278300 round=23/40 episode=6/30 sample=zero_boundary_011 soc=0.7988 fc=0
progress step=278350 round=23/40 episode=6/30 sample=zero_boundary_011 soc=0.6514 fc=560
progress step=278400 round=23/40 episode=6/30 sample=zero_boundary_011 soc=0.4996 fc=20
progress step=278450 round=23/40 episode=6/30 sample=zero_boundary_011 soc=0.3213 fc=180
progress step=278500 round=23/40 episode=6/30 sample=zero_boundary_011 soc=0.2022 fc=420
progress step=278550 round=23/40 episode=6/30 sample=zero_boundary_011 soc=0.3327 fc=230
progress step=278600 round=23/40 episode=6/30 sample=zero_boundary_011 soc=0.4638 fc=280
progress step=278650 round=23/40 episode=6/30 sample=zero_boundary_011 soc=0.6245 fc=570
progress step=278700 round=23/40 episode=6/30 sample=zero_boundary_011 soc=0.7988 fc=0
progress step=278750 round=23/40 episode=6/30 sample=zero_boundary_011 soc=0.7610 fc=190
progress step=278800 round=23/40 episode=6/30 sample=zero_boundary_011 soc=0.7999 fc=130
progress step=278850 round=23/40 episode=6/30 sample=zero_boundary_011 soc=0.7982 fc=210
progress step=278900 round=23/40 episode=6/30 sample=zero_boundary_011 soc=0.7999 fc=270
progress step=278950 round=23/40 episode=6/30 sample=zero_boundary_011 soc=0.7601 fc=110
progress step=279000 round=23/40 episode=7/30 sample=zero_boundary_013 soc=0.6218 fc=0
progress step=279050 round=23/40 episode=7/30 sample=zero_boundary_013 soc=0.7800 fc=200
progress step=279100 round=23/40 episode=7/30 sample=zero_boundary_013 soc=0.7992 fc=20
progress step=279150 round=23/40 episode=7/30 sample=zero_boundary_013 soc=0.7416 fc=280
progress step=279200 round=23/40 episode=7/30 sample=zero_boundary_013 soc=0.7988 fc=310
progress step=279250 round=23/40 episode=7/30 sample=zero_boundary_013 soc=0.7976 fc=410
progress step=279300 round=23/40 episode=7/30 sample=zero_boundary_013 soc=0.7977 fc=0
progress step=279350 round=23/40 episode=8/30 sample=zero_boundary_015 soc=0.6908 fc=560
progress step=279400 round=23/40 episode=8/30 sample=zero_boundary_015 soc=0.6570 fc=130
progress step=279450 round=23/40 episode=8/30 sample=zero_boundary_015 soc=0.4691 fc=420
progress step=279500 round=23/40 episode=9/30 sample=zero_boundary_016 soc=0.7023 fc=160
progress step=279550 round=23/40 episode=9/30 sample=zero_boundary_016 soc=0.7693 fc=420
progress step=279600 round=23/40 episode=9/30 sample=zero_boundary_016 soc=0.6213 fc=420
progress step=279650 round=23/40 episode=9/30 sample=zero_boundary_016 soc=0.4059 fc=170
progress step=279700 round=23/40 episode=10/30 sample=zero_boundary_017 soc=0.5923 fc=490
progress step=279750 round=23/40 episode=10/30 sample=zero_boundary_017 soc=0.3956 fc=420
progress step=279800 round=23/40 episode=11/30 sample=zero_boundary_020 soc=0.6090 fc=590
progress step=279850 round=23/40 episode=11/30 sample=zero_boundary_020 soc=0.5896 fc=570
progress step=279900 round=23/40 episode=11/30 sample=zero_boundary_020 soc=0.7366 fc=420
progress step=279950 round=23/40 episode=12/30 sample=zero_boundary_021 soc=0.7993 fc=0
progress step=280000 round=23/40 episode=12/30 sample=zero_boundary_021 soc=0.7836 fc=210
progress step=280050 round=23/40 episode=12/30 sample=zero_boundary_021 soc=0.5997 fc=130
progress step=280100 round=23/40 episode=12/30 sample=zero_boundary_021 soc=0.4407 fc=390
progress step=280150 round=23/40 episode=13/30 sample=zero_boundary_022 soc=0.6273 fc=170
progress step=280200 round=23/40 episode=13/30 sample=zero_boundary_022 soc=0.6185 fc=130
progress step=280250 round=23/40 episode=13/30 sample=zero_boundary_022 soc=0.6203 fc=280
progress step=280300 round=23/40 episode=13/30 sample=zero_boundary_022 soc=0.7862 fc=550
progress step=280350 round=23/40 episode=14/30 sample=zero_boundary_029 soc=0.7402 fc=600
progress step=280400 round=23/40 episode=14/30 sample=zero_boundary_029 soc=0.7769 fc=250
progress step=280450 round=23/40 episode=14/30 sample=zero_boundary_029 soc=0.7459 fc=70
progress step=280500 round=23/40 episode=14/30 sample=zero_boundary_029 soc=0.7537 fc=540
progress step=280550 round=23/40 episode=14/30 sample=zero_boundary_029 soc=0.7986 fc=130
progress step=280600 round=23/40 episode=14/30 sample=zero_boundary_029 soc=0.7980 fc=270
progress step=280650 round=23/40 episode=14/30 sample=zero_boundary_029 soc=0.7997 fc=140
progress step=280700 round=23/40 episode=14/30 sample=zero_boundary_029 soc=0.8000 fc=0
progress step=280750 round=23/40 episode=14/30 sample=zero_boundary_029 soc=0.8000 fc=0
progress step=280800 round=23/40 episode=14/30 sample=zero_boundary_029 soc=0.8000 fc=0
progress step=280850 round=23/40 episode=14/30 sample=zero_boundary_029 soc=0.8000 fc=0
progress step=280900 round=23/40 episode=14/30 sample=zero_boundary_029 soc=0.8000 fc=0
progress step=280950 round=23/40 episode=14/30 sample=zero_boundary_029 soc=0.8000 fc=0
progress step=281000 round=23/40 episode=14/30 sample=zero_boundary_029 soc=0.8000 fc=0
progress step=281050 round=23/40 episode=14/30 sample=zero_boundary_029 soc=0.8000 fc=0
progress step=281100 round=23/40 episode=14/30 sample=zero_boundary_029 soc=0.8000 fc=0
progress step=281150 round=23/40 episode=14/30 sample=zero_boundary_029 soc=0.8000 fc=0
progress step=281200 round=23/40 episode=14/30 sample=zero_boundary_029 soc=0.7999 fc=0
progress step=281250 round=23/40 episode=14/30 sample=zero_boundary_029 soc=0.7982 fc=430
progress step=281300 round=23/40 episode=14/30 sample=zero_boundary_029 soc=0.7996 fc=130
progress step=281350 round=23/40 episode=14/30 sample=zero_boundary_029 soc=0.7896 fc=540
progress step=281400 round=23/40 episode=15/30 sample=zero_boundary_033 soc=0.6569 fc=70
progress step=281450 round=23/40 episode=15/30 sample=zero_boundary_033 soc=0.7939 fc=10
progress step=281500 round=23/40 episode=15/30 sample=zero_boundary_033 soc=0.7291 fc=210
progress step=281550 round=23/40 episode=15/30 sample=zero_boundary_033 soc=0.7485 fc=250
progress step=281600 round=23/40 episode=15/30 sample=zero_boundary_033 soc=0.7133 fc=360
progress step=281650 round=23/40 episode=15/30 sample=zero_boundary_033 soc=0.7148 fc=280
progress step=281700 round=23/40 episode=15/30 sample=zero_boundary_033 soc=0.6159 fc=590
progress step=281750 round=23/40 episode=15/30 sample=zero_boundary_033 soc=0.7980 fc=0
progress step=281800 round=23/40 episode=15/30 sample=zero_boundary_033 soc=0.7999 fc=0
progress step=281850 round=23/40 episode=15/30 sample=zero_boundary_033 soc=0.7999 fc=0
progress step=281900 round=23/40 episode=15/30 sample=zero_boundary_033 soc=0.7999 fc=0
progress step=281950 round=23/40 episode=15/30 sample=zero_boundary_033 soc=0.7999 fc=0
progress step=282000 round=23/40 episode=15/30 sample=zero_boundary_033 soc=0.7999 fc=0
progress step=282050 round=23/40 episode=15/30 sample=zero_boundary_033 soc=0.8000 fc=0
progress step=282100 round=23/40 episode=15/30 sample=zero_boundary_033 soc=0.8000 fc=0
progress step=282150 round=23/40 episode=15/30 sample=zero_boundary_033 soc=0.7999 fc=30
progress step=282200 round=23/40 episode=15/30 sample=zero_boundary_033 soc=0.7989 fc=30
progress step=282250 round=23/40 episode=15/30 sample=zero_boundary_033 soc=0.7986 fc=70
progress step=282300 round=23/40 episode=15/30 sample=zero_boundary_033 soc=0.7988 fc=80
progress step=282350 round=23/40 episode=15/30 sample=zero_boundary_033 soc=0.7994 fc=60
progress step=282400 round=23/40 episode=16/30 sample=zero_boundary_034 soc=0.7998 fc=10
progress step=282450 round=23/40 episode=16/30 sample=zero_boundary_034 soc=0.8000 fc=0
progress step=282500 round=23/40 episode=16/30 sample=zero_boundary_034 soc=0.8000 fc=0
progress step=282550 round=23/40 episode=16/30 sample=zero_boundary_034 soc=0.8000 fc=0
progress step=282600 round=23/40 episode=16/30 sample=zero_boundary_034 soc=0.8000 fc=0
progress step=282650 round=23/40 episode=16/30 sample=zero_boundary_034 soc=0.8000 fc=0
progress step=282700 round=23/40 episode=16/30 sample=zero_boundary_034 soc=0.8000 fc=0
progress step=282750 round=23/40 episode=16/30 sample=zero_boundary_034 soc=0.8000 fc=0
progress step=282800 round=23/40 episode=16/30 sample=zero_boundary_034 soc=0.8000 fc=0
progress step=282850 round=23/40 episode=16/30 sample=zero_boundary_034 soc=0.8000 fc=0
progress step=282900 round=23/40 episode=16/30 sample=zero_boundary_034 soc=0.8000 fc=0
progress step=282950 round=23/40 episode=16/30 sample=zero_boundary_034 soc=0.8000 fc=0
progress step=283000 round=23/40 episode=16/30 sample=zero_boundary_034 soc=0.8000 fc=0
progress step=283050 round=23/40 episode=16/30 sample=zero_boundary_034 soc=0.8000 fc=0
progress step=283100 round=23/40 episode=16/30 sample=zero_boundary_034 soc=0.8000 fc=0
progress step=283150 round=23/40 episode=16/30 sample=zero_boundary_034 soc=0.8000 fc=0
progress step=283200 round=23/40 episode=16/30 sample=zero_boundary_034 soc=0.8000 fc=0
progress step=283250 round=23/40 episode=16/30 sample=zero_boundary_034 soc=0.7977 fc=30
progress step=283300 round=23/40 episode=16/30 sample=zero_boundary_034 soc=0.7982 fc=40
progress step=283350 round=23/40 episode=16/30 sample=zero_boundary_034 soc=0.7979 fc=270
progress step=283400 round=23/40 episode=16/30 sample=zero_boundary_034 soc=0.7855 fc=20
progress step=283450 round=23/40 episode=16/30 sample=zero_boundary_034 soc=0.7984 fc=310
progress step=283500 round=23/40 episode=16/30 sample=zero_boundary_034 soc=0.7987 fc=0
progress step=283550 round=23/40 episode=16/30 sample=zero_boundary_034 soc=0.7999 fc=0
progress step=283600 round=23/40 episode=16/30 sample=zero_boundary_034 soc=0.7999 fc=0
progress step=283650 round=23/40 episode=16/30 sample=zero_boundary_034 soc=0.7999 fc=0
progress step=283700 round=23/40 episode=16/30 sample=zero_boundary_034 soc=0.7999 fc=0
progress step=283750 round=23/40 episode=16/30 sample=zero_boundary_034 soc=0.7999 fc=0
progress step=283800 round=23/40 episode=16/30 sample=zero_boundary_034 soc=0.7999 fc=0
progress step=283850 round=23/40 episode=16/30 sample=zero_boundary_034 soc=0.7999 fc=0
progress step=283900 round=23/40 episode=16/30 sample=zero_boundary_034 soc=0.7999 fc=0
progress step=283950 round=23/40 episode=16/30 sample=zero_boundary_034 soc=0.7999 fc=0
progress step=284000 round=23/40 episode=17/30 sample=zero_boundary_037 soc=0.6000 fc=0
progress step=284050 round=23/40 episode=17/30 sample=zero_boundary_037 soc=0.7040 fc=490
progress step=284100 round=23/40 episode=17/30 sample=zero_boundary_037 soc=0.7994 fc=40
progress step=284150 round=23/40 episode=17/30 sample=zero_boundary_037 soc=0.7990 fc=300
progress step=284200 round=23/40 episode=17/30 sample=zero_boundary_037 soc=0.7996 fc=90
progress step=284250 round=23/40 episode=17/30 sample=zero_boundary_037 soc=0.7999 fc=350
progress step=284300 round=23/40 episode=17/30 sample=zero_boundary_037 soc=0.6955 fc=370
progress step=284350 round=23/40 episode=17/30 sample=zero_boundary_037 soc=0.5373 fc=170
progress step=284400 round=23/40 episode=17/30 sample=zero_boundary_037 soc=0.7384 fc=570
progress step=284450 round=23/40 episode=17/30 sample=zero_boundary_037 soc=0.7971 fc=0
progress step=284500 round=23/40 episode=17/30 sample=zero_boundary_037 soc=0.8000 fc=40
progress step=284550 round=23/40 episode=17/30 sample=zero_boundary_037 soc=0.7996 fc=100
progress step=284600 round=23/40 episode=17/30 sample=zero_boundary_037 soc=0.7984 fc=0
progress step=284650 round=23/40 episode=17/30 sample=zero_boundary_037 soc=0.7993 fc=0
progress step=284700 round=23/40 episode=17/30 sample=zero_boundary_037 soc=0.7995 fc=90
progress step=284750 round=23/40 episode=17/30 sample=zero_boundary_037 soc=0.7930 fc=540
progress step=284800 round=23/40 episode=17/30 sample=zero_boundary_037 soc=0.7991 fc=60
progress step=284850 round=23/40 episode=17/30 sample=zero_boundary_037 soc=0.7998 fc=70
progress step=284900 round=23/40 episode=17/30 sample=zero_boundary_037 soc=0.7976 fc=0
progress step=284950 round=23/40 episode=17/30 sample=zero_boundary_037 soc=0.7994 fc=0
progress step=285000 round=23/40 episode=17/30 sample=zero_boundary_037 soc=0.7998 fc=0
progress step=285050 round=23/40 episode=17/30 sample=zero_boundary_037 soc=0.7999 fc=0
progress step=285100 round=23/40 episode=17/30 sample=zero_boundary_037 soc=0.7999 fc=0
progress step=285150 round=23/40 episode=17/30 sample=zero_boundary_037 soc=0.7998 fc=50
progress step=285200 round=23/40 episode=17/30 sample=zero_boundary_037 soc=0.7996 fc=0
progress step=285250 round=23/40 episode=17/30 sample=zero_boundary_037 soc=0.7980 fc=90
progress step=285300 round=23/40 episode=17/30 sample=zero_boundary_037 soc=0.7985 fc=0
progress step=285350 round=23/40 episode=17/30 sample=zero_boundary_037 soc=0.7983 fc=0
progress step=285400 round=23/40 episode=17/30 sample=zero_boundary_037 soc=0.7997 fc=30
progress step=285450 round=23/40 episode=17/30 sample=zero_boundary_037 soc=0.7987 fc=140
progress step=285500 round=23/40 episode=17/30 sample=zero_boundary_037 soc=0.7992 fc=0
progress step=285550 round=23/40 episode=17/30 sample=zero_boundary_037 soc=0.7994 fc=50
progress step=285600 round=23/40 episode=17/30 sample=zero_boundary_037 soc=0.7993 fc=40
progress step=285650 round=23/40 episode=17/30 sample=zero_boundary_037 soc=0.7995 fc=60
progress step=285700 round=23/40 episode=17/30 sample=zero_boundary_037 soc=0.7992 fc=80
progress step=285750 round=23/40 episode=17/30 sample=zero_boundary_037 soc=0.7993 fc=0
progress step=285800 round=23/40 episode=17/30 sample=zero_boundary_037 soc=0.7994 fc=0
progress step=285850 round=23/40 episode=17/30 sample=zero_boundary_037 soc=0.7992 fc=40
progress step=285900 round=23/40 episode=18/30 sample=zero_boundary_038 soc=0.5996 fc=0
progress step=285950 round=23/40 episode=18/30 sample=zero_boundary_038 soc=0.6809 fc=580
progress step=286000 round=23/40 episode=18/30 sample=zero_boundary_038 soc=0.6159 fc=420
progress step=286050 round=23/40 episode=18/30 sample=zero_boundary_038 soc=0.5896 fc=450
progress step=286100 round=23/40 episode=18/30 sample=zero_boundary_038 soc=0.4759 fc=160
progress step=286150 round=23/40 episode=18/30 sample=zero_boundary_038 soc=0.3077 fc=220
progress step=286200 round=23/40 episode=18/30 sample=zero_boundary_038 soc=0.3140 fc=170
progress step=286250 round=23/40 episode=18/30 sample=zero_boundary_038 soc=0.4812 fc=220
progress step=286300 round=23/40 episode=18/30 sample=zero_boundary_038 soc=0.6606 fc=550
progress step=286350 round=23/40 episode=18/30 sample=zero_boundary_038 soc=0.7986 fc=260
progress step=286400 round=23/40 episode=18/30 sample=zero_boundary_038 soc=0.7624 fc=390
progress step=286450 round=23/40 episode=18/30 sample=zero_boundary_038 soc=0.7131 fc=480
progress step=286500 round=23/40 episode=18/30 sample=zero_boundary_038 soc=0.7130 fc=320
progress step=286550 round=23/40 episode=18/30 sample=zero_boundary_038 soc=0.7060 fc=0
progress step=286600 round=23/40 episode=19/30 sample=zero_boundary_040 soc=0.6059 fc=360
progress step=286650 round=23/40 episode=19/30 sample=zero_boundary_040 soc=0.6098 fc=320
progress step=286700 round=23/40 episode=19/30 sample=zero_boundary_040 soc=0.4642 fc=370
progress step=286750 round=23/40 episode=19/30 sample=zero_boundary_040 soc=0.3470 fc=380
progress step=286800 round=23/40 episode=19/30 sample=zero_boundary_040 soc=0.3027 fc=390
progress step=286850 round=23/40 episode=19/30 sample=zero_boundary_040 soc=0.2070 fc=560
progress step=286900 round=23/40 episode=20/30 sample=zero_boundary_041 soc=0.5648 fc=400
progress step=286950 round=23/40 episode=20/30 sample=zero_boundary_041 soc=0.3801 fc=50
progress step=287000 round=23/40 episode=21/30 sample=zero_boundary_042 soc=0.7253 fc=410
progress step=287050 round=23/40 episode=21/30 sample=zero_boundary_042 soc=0.6498 fc=280
progress step=287100 round=23/40 episode=21/30 sample=zero_boundary_042 soc=0.5026 fc=280
progress step=287150 round=23/40 episode=21/30 sample=zero_boundary_042 soc=0.2782 fc=300
progress step=287200 round=23/40 episode=21/30 sample=zero_boundary_042 soc=0.2001 fc=540
progress step=287250 round=23/40 episode=21/30 sample=zero_boundary_042 soc=0.3268 fc=0
progress step=287300 round=23/40 episode=21/30 sample=zero_boundary_042 soc=0.2001 fc=590
progress step=287350 round=23/40 episode=22/30 sample=zero_boundary_044 soc=0.6585 fc=10
progress step=287400 round=23/40 episode=22/30 sample=zero_boundary_044 soc=0.5820 fc=280
progress step=287450 round=23/40 episode=22/30 sample=zero_boundary_044 soc=0.3476 fc=50
progress step=287500 round=23/40 episode=23/30 sample=zero_boundary_045 soc=0.7526 fc=490
progress step=287550 round=23/40 episode=23/30 sample=zero_boundary_045 soc=0.7690 fc=480
progress step=287600 round=23/40 episode=23/30 sample=zero_boundary_045 soc=0.6769 fc=280
progress step=287650 round=23/40 episode=23/30 sample=zero_boundary_045 soc=0.4892 fc=390
progress step=287700 round=23/40 episode=23/30 sample=zero_boundary_045 soc=0.2355 fc=150
progress step=287750 round=23/40 episode=23/30 sample=zero_boundary_045 soc=0.2007 fc=520
progress step=287800 round=23/40 episode=24/30 sample=zero_boundary_046 soc=0.5819 fc=200
progress step=287850 round=23/40 episode=24/30 sample=zero_boundary_046 soc=0.4237 fc=560
progress step=287900 round=23/40 episode=24/30 sample=zero_boundary_046 soc=0.2303 fc=470
progress step=287950 round=23/40 episode=25/30 sample=zero_boundary_048 soc=0.6535 fc=160
progress step=288000 round=23/40 episode=25/30 sample=zero_boundary_048 soc=0.4874 fc=390
progress step=288050 round=23/40 episode=25/30 sample=zero_boundary_048 soc=0.2938 fc=240
progress step=288100 round=23/40 episode=25/30 sample=zero_boundary_048 soc=0.2628 fc=120
progress step=288150 round=23/40 episode=25/30 sample=zero_boundary_048 soc=0.2452 fc=440
progress step=288200 round=23/40 episode=25/30 sample=zero_boundary_048 soc=0.2608 fc=170
progress step=288250 round=23/40 episode=26/30 sample=zero_boundary_049 soc=0.6329 fc=170
progress step=288300 round=23/40 episode=26/30 sample=zero_boundary_049 soc=0.6096 fc=170
progress step=288350 round=23/40 episode=26/30 sample=zero_boundary_049 soc=0.5668 fc=120
progress step=288400 round=23/40 episode=26/30 sample=zero_boundary_049 soc=0.5568 fc=390
progress step=288450 round=23/40 episode=26/30 sample=zero_boundary_049 soc=0.6548 fc=580
progress step=288500 round=23/40 episode=27/30 sample=zero_boundary_050 soc=0.6593 fc=390
progress step=288550 round=23/40 episode=27/30 sample=zero_boundary_050 soc=0.5584 fc=60
progress step=288600 round=23/40 episode=27/30 sample=zero_boundary_050 soc=0.3559 fc=460
progress step=288650 round=23/40 episode=27/30 sample=zero_boundary_050 soc=0.2011 fc=390
progress step=288700 round=23/40 episode=28/30 sample=zero_boundary_051 soc=0.6065 fc=170
progress step=288750 round=23/40 episode=28/30 sample=zero_boundary_051 soc=0.5630 fc=580
progress step=288800 round=23/40 episode=28/30 sample=zero_boundary_051 soc=0.6092 fc=170
progress step=288850 round=23/40 episode=29/30 sample=zero_boundary_052 soc=0.6655 fc=490
progress step=288900 round=23/40 episode=29/30 sample=zero_boundary_052 soc=0.4273 fc=210
progress step=288950 round=23/40 episode=29/30 sample=zero_boundary_052 soc=0.2824 fc=170
progress step=289000 round=23/40 episode=29/30 sample=zero_boundary_052 soc=0.3027 fc=0
progress step=289050 round=23/40 episode=30/30 sample=zero_boundary_053 soc=0.6115 fc=0
progress step=289100 round=23/40 episode=30/30 sample=zero_boundary_053 soc=0.6845 fc=200
progress step=289150 round=23/40 episode=30/30 sample=zero_boundary_053 soc=0.5356 fc=310
progress step=289200 round=23/40 episode=30/30 sample=zero_boundary_053 soc=0.5376 fc=490
progress step=289250 round=23/40 episode=30/30 sample=zero_boundary_053 soc=0.5867 fc=0
round 23/40 exploratory=18/30 greedy_train start
MONITOR round=23 exploratory=18/30 greedy_train=11/30 validation=SKIPPED cost=None updates=9611 best_round=None
round 24/40 start epsilon=0.4397
progress step=289300 round=24/40 episode=1/30 sample=zero_boundary_002 soc=0.6025 fc=170
progress step=289350 round=24/40 episode=1/30 sample=zero_boundary_002 soc=0.7395 fc=10
progress step=289400 round=24/40 episode=1/30 sample=zero_boundary_002 soc=0.4172 fc=240
progress step=289450 round=24/40 episode=1/30 sample=zero_boundary_002 soc=0.4579 fc=120
progress step=289500 round=24/40 episode=1/30 sample=zero_boundary_002 soc=0.3438 fc=580
progress step=289550 round=24/40 episode=1/30 sample=zero_boundary_002 soc=0.3770 fc=590
progress step=289600 round=24/40 episode=2/30 sample=zero_boundary_005 soc=0.6086 fc=20
progress step=289650 round=24/40 episode=2/30 sample=zero_boundary_005 soc=0.7487 fc=0
progress step=289700 round=24/40 episode=2/30 sample=zero_boundary_005 soc=0.5922 fc=170
progress step=289750 round=24/40 episode=2/30 sample=zero_boundary_005 soc=0.5751 fc=90
progress step=289800 round=24/40 episode=2/30 sample=zero_boundary_005 soc=0.5113 fc=160
progress step=289850 round=24/40 episode=2/30 sample=zero_boundary_005 soc=0.4441 fc=260
progress step=289900 round=24/40 episode=3/30 sample=zero_boundary_006 soc=0.6200 fc=170
progress step=289950 round=24/40 episode=3/30 sample=zero_boundary_006 soc=0.7779 fc=210
progress step=290000 round=24/40 episode=3/30 sample=zero_boundary_006 soc=0.7980 fc=300
progress step=290050 round=24/40 episode=3/30 sample=zero_boundary_006 soc=0.7943 fc=240
progress step=290100 round=24/40 episode=3/30 sample=zero_boundary_006 soc=0.7992 fc=230
progress step=290150 round=24/40 episode=3/30 sample=zero_boundary_006 soc=0.7990 fc=30
progress step=290200 round=24/40 episode=3/30 sample=zero_boundary_006 soc=0.7988 fc=20
progress step=290250 round=24/40 episode=4/30 sample=zero_boundary_007 soc=0.6258 fc=0
progress step=290300 round=24/40 episode=4/30 sample=zero_boundary_007 soc=0.5583 fc=150
progress step=290350 round=24/40 episode=4/30 sample=zero_boundary_007 soc=0.4796 fc=580
progress step=290400 round=24/40 episode=4/30 sample=zero_boundary_007 soc=0.5220 fc=170
progress step=290450 round=24/40 episode=4/30 sample=zero_boundary_007 soc=0.5127 fc=420
progress step=290500 round=24/40 episode=4/30 sample=zero_boundary_007 soc=0.4374 fc=130
progress step=290550 round=24/40 episode=5/30 sample=zero_boundary_008 soc=0.6688 fc=580
progress step=290600 round=24/40 episode=5/30 sample=zero_boundary_008 soc=0.3256 fc=30
progress step=290650 round=24/40 episode=6/30 sample=zero_boundary_011 soc=0.7954 fc=380
progress step=290700 round=24/40 episode=6/30 sample=zero_boundary_011 soc=0.7415 fc=130
progress step=290750 round=24/40 episode=6/30 sample=zero_boundary_011 soc=0.5882 fc=170
progress step=290800 round=24/40 episode=6/30 sample=zero_boundary_011 soc=0.4185 fc=10
progress step=290850 round=24/40 episode=6/30 sample=zero_boundary_011 soc=0.2616 fc=230
progress step=290900 round=24/40 episode=6/30 sample=zero_boundary_011 soc=0.2000 fc=430
progress step=290950 round=24/40 episode=6/30 sample=zero_boundary_011 soc=0.3865 fc=0
progress step=291000 round=24/40 episode=6/30 sample=zero_boundary_011 soc=0.5094 fc=350
progress step=291050 round=24/40 episode=6/30 sample=zero_boundary_011 soc=0.7096 fc=110
progress step=291100 round=24/40 episode=6/30 sample=zero_boundary_011 soc=0.7988 fc=0
progress step=291150 round=24/40 episode=6/30 sample=zero_boundary_011 soc=0.7998 fc=90
progress step=291200 round=24/40 episode=6/30 sample=zero_boundary_011 soc=0.7995 fc=260
progress step=291250 round=24/40 episode=6/30 sample=zero_boundary_011 soc=0.8000 fc=230
progress step=291300 round=24/40 episode=6/30 sample=zero_boundary_011 soc=0.7902 fc=560
progress step=291350 round=24/40 episode=6/30 sample=zero_boundary_011 soc=0.7974 fc=0
progress step=291400 round=24/40 episode=7/30 sample=zero_boundary_013 soc=0.7401 fc=580
progress step=291450 round=24/40 episode=7/30 sample=zero_boundary_013 soc=0.7999 fc=290
progress step=291500 round=24/40 episode=7/30 sample=zero_boundary_013 soc=0.7999 fc=290
progress step=291550 round=24/40 episode=7/30 sample=zero_boundary_013 soc=0.7985 fc=50
progress step=291600 round=24/40 episode=7/30 sample=zero_boundary_013 soc=0.7980 fc=370
progress step=291650 round=24/40 episode=7/30 sample=zero_boundary_013 soc=0.7974 fc=370
progress step=291700 round=24/40 episode=8/30 sample=zero_boundary_015 soc=0.6000 fc=0
progress step=291750 round=24/40 episode=8/30 sample=zero_boundary_015 soc=0.6738 fc=480
progress step=291800 round=24/40 episode=8/30 sample=zero_boundary_015 soc=0.6430 fc=520
progress step=291850 round=24/40 episode=9/30 sample=zero_boundary_016 soc=0.6267 fc=340
progress step=291900 round=24/40 episode=9/30 sample=zero_boundary_016 soc=0.8000 fc=0
progress step=291950 round=24/40 episode=9/30 sample=zero_boundary_016 soc=0.6931 fc=320
progress step=292000 round=24/40 episode=9/30 sample=zero_boundary_016 soc=0.4818 fc=170
progress step=292050 round=24/40 episode=9/30 sample=zero_boundary_016 soc=0.2330 fc=470
progress step=292100 round=24/40 episode=10/30 sample=zero_boundary_017 soc=0.5830 fc=320
progress step=292150 round=24/40 episode=10/30 sample=zero_boundary_017 soc=0.3321 fc=390
progress step=292200 round=24/40 episode=11/30 sample=zero_boundary_020 soc=0.7202 fc=370
progress step=292250 round=24/40 episode=11/30 sample=zero_boundary_020 soc=0.7151 fc=50
progress step=292300 round=24/40 episode=12/30 sample=zero_boundary_021 soc=0.6485 fc=570
progress step=292350 round=24/40 episode=12/30 sample=zero_boundary_021 soc=0.7996 fc=320
progress step=292400 round=24/40 episode=12/30 sample=zero_boundary_021 soc=0.7335 fc=160
progress step=292450 round=24/40 episode=12/30 sample=zero_boundary_021 soc=0.6938 fc=510
progress step=292500 round=24/40 episode=12/30 sample=zero_boundary_021 soc=0.6226 fc=580
progress step=292550 round=24/40 episode=13/30 sample=zero_boundary_022 soc=0.7299 fc=230
progress step=292600 round=24/40 episode=13/30 sample=zero_boundary_022 soc=0.7479 fc=380
progress step=292650 round=24/40 episode=13/30 sample=zero_boundary_022 soc=0.7967 fc=460
progress step=292700 round=24/40 episode=13/30 sample=zero_boundary_022 soc=0.7994 fc=20
progress step=292750 round=24/40 episode=14/30 sample=zero_boundary_029 soc=0.7343 fc=590
progress step=292800 round=24/40 episode=14/30 sample=zero_boundary_029 soc=0.7976 fc=320
progress step=292850 round=24/40 episode=14/30 sample=zero_boundary_029 soc=0.7933 fc=490
progress step=292900 round=24/40 episode=14/30 sample=zero_boundary_029 soc=0.7958 fc=0
progress step=292950 round=24/40 episode=14/30 sample=zero_boundary_029 soc=0.7997 fc=40
progress step=293000 round=24/40 episode=14/30 sample=zero_boundary_029 soc=0.7953 fc=0
progress step=293050 round=24/40 episode=14/30 sample=zero_boundary_029 soc=0.7991 fc=80
progress step=293100 round=24/40 episode=14/30 sample=zero_boundary_029 soc=0.7999 fc=0
progress step=293150 round=24/40 episode=14/30 sample=zero_boundary_029 soc=0.7999 fc=0
progress step=293200 round=24/40 episode=14/30 sample=zero_boundary_029 soc=0.7999 fc=0
progress step=293250 round=24/40 episode=14/30 sample=zero_boundary_029 soc=0.7999 fc=0
progress step=293300 round=24/40 episode=14/30 sample=zero_boundary_029 soc=0.7999 fc=0
progress step=293350 round=24/40 episode=14/30 sample=zero_boundary_029 soc=0.7999 fc=0
progress step=293400 round=24/40 episode=14/30 sample=zero_boundary_029 soc=0.7999 fc=0
progress step=293450 round=24/40 episode=14/30 sample=zero_boundary_029 soc=0.7999 fc=0
progress step=293500 round=24/40 episode=14/30 sample=zero_boundary_029 soc=0.7999 fc=0
progress step=293550 round=24/40 episode=14/30 sample=zero_boundary_029 soc=0.7999 fc=0
progress step=293600 round=24/40 episode=14/30 sample=zero_boundary_029 soc=0.7991 fc=320
progress step=293650 round=24/40 episode=14/30 sample=zero_boundary_029 soc=0.7978 fc=0
progress step=293700 round=24/40 episode=14/30 sample=zero_boundary_029 soc=0.7967 fc=490
progress step=293750 round=24/40 episode=14/30 sample=zero_boundary_029 soc=0.7989 fc=0
progress step=293800 round=24/40 episode=15/30 sample=zero_boundary_033 soc=0.7082 fc=550
progress step=293850 round=24/40 episode=15/30 sample=zero_boundary_033 soc=0.7935 fc=490
progress step=293900 round=24/40 episode=15/30 sample=zero_boundary_033 soc=0.7391 fc=130
progress step=293950 round=24/40 episode=15/30 sample=zero_boundary_033 soc=0.7602 fc=320
progress step=294000 round=24/40 episode=15/30 sample=zero_boundary_033 soc=0.7978 fc=330
progress step=294050 round=24/40 episode=15/30 sample=zero_boundary_033 soc=0.6711 fc=190
progress step=294100 round=24/40 episode=15/30 sample=zero_boundary_033 soc=0.6250 fc=570
progress step=294150 round=24/40 episode=15/30 sample=zero_boundary_033 soc=0.8000 fc=0
progress step=294200 round=24/40 episode=15/30 sample=zero_boundary_033 soc=0.8000 fc=0
progress step=294250 round=24/40 episode=15/30 sample=zero_boundary_033 soc=0.8000 fc=0
progress step=294300 round=24/40 episode=15/30 sample=zero_boundary_033 soc=0.7999 fc=0
progress step=294350 round=24/40 episode=15/30 sample=zero_boundary_033 soc=0.7999 fc=0
progress step=294400 round=24/40 episode=15/30 sample=zero_boundary_033 soc=0.7999 fc=0
progress step=294450 round=24/40 episode=15/30 sample=zero_boundary_033 soc=0.7999 fc=0
progress step=294500 round=24/40 episode=15/30 sample=zero_boundary_033 soc=0.7999 fc=0
progress step=294550 round=24/40 episode=15/30 sample=zero_boundary_033 soc=0.7954 fc=290
progress step=294600 round=24/40 episode=15/30 sample=zero_boundary_033 soc=0.7997 fc=20
progress step=294650 round=24/40 episode=15/30 sample=zero_boundary_033 soc=0.7998 fc=20
progress step=294700 round=24/40 episode=15/30 sample=zero_boundary_033 soc=0.7990 fc=90
progress step=294750 round=24/40 episode=16/30 sample=zero_boundary_034 soc=0.6360 fc=570
progress step=294800 round=24/40 episode=16/30 sample=zero_boundary_034 soc=0.7999 fc=0
progress step=294850 round=24/40 episode=16/30 sample=zero_boundary_034 soc=0.7999 fc=0
progress step=294900 round=24/40 episode=16/30 sample=zero_boundary_034 soc=0.7999 fc=0
progress step=294950 round=24/40 episode=16/30 sample=zero_boundary_034 soc=0.7999 fc=0
progress step=295000 round=24/40 episode=16/30 sample=zero_boundary_034 soc=0.7999 fc=0
progress step=295050 round=24/40 episode=16/30 sample=zero_boundary_034 soc=0.7999 fc=0
progress step=295100 round=24/40 episode=16/30 sample=zero_boundary_034 soc=0.7999 fc=0
progress step=295150 round=24/40 episode=16/30 sample=zero_boundary_034 soc=0.7999 fc=0
progress step=295200 round=24/40 episode=16/30 sample=zero_boundary_034 soc=0.7999 fc=0
progress step=295250 round=24/40 episode=16/30 sample=zero_boundary_034 soc=0.7999 fc=0
progress step=295300 round=24/40 episode=16/30 sample=zero_boundary_034 soc=0.7999 fc=0
progress step=295350 round=24/40 episode=16/30 sample=zero_boundary_034 soc=0.7999 fc=0
progress step=295400 round=24/40 episode=16/30 sample=zero_boundary_034 soc=0.7999 fc=0
progress step=295450 round=24/40 episode=16/30 sample=zero_boundary_034 soc=0.7999 fc=0
progress step=295500 round=24/40 episode=16/30 sample=zero_boundary_034 soc=0.7999 fc=0
progress step=295550 round=24/40 episode=16/30 sample=zero_boundary_034 soc=0.7999 fc=0
progress step=295600 round=24/40 episode=16/30 sample=zero_boundary_034 soc=0.7999 fc=0
progress step=295650 round=24/40 episode=16/30 sample=zero_boundary_034 soc=0.7986 fc=0
progress step=295700 round=24/40 episode=16/30 sample=zero_boundary_034 soc=0.7961 fc=490
progress step=295750 round=24/40 episode=16/30 sample=zero_boundary_034 soc=0.7995 fc=10
progress step=295800 round=24/40 episode=16/30 sample=zero_boundary_034 soc=0.7996 fc=250
progress step=295850 round=24/40 episode=16/30 sample=zero_boundary_034 soc=0.7991 fc=30
progress step=295900 round=24/40 episode=16/30 sample=zero_boundary_034 soc=0.7979 fc=0
progress step=295950 round=24/40 episode=16/30 sample=zero_boundary_034 soc=0.7999 fc=0
progress step=296000 round=24/40 episode=16/30 sample=zero_boundary_034 soc=0.7999 fc=0
progress step=296050 round=24/40 episode=16/30 sample=zero_boundary_034 soc=0.7999 fc=0
progress step=296100 round=24/40 episode=16/30 sample=zero_boundary_034 soc=0.7999 fc=0
progress step=296150 round=24/40 episode=16/30 sample=zero_boundary_034 soc=0.7999 fc=0
progress step=296200 round=24/40 episode=16/30 sample=zero_boundary_034 soc=0.7999 fc=0
progress step=296250 round=24/40 episode=16/30 sample=zero_boundary_034 soc=0.7999 fc=0
progress step=296300 round=24/40 episode=16/30 sample=zero_boundary_034 soc=0.7999 fc=0
progress step=296350 round=24/40 episode=16/30 sample=zero_boundary_034 soc=0.7997 fc=10
progress step=296400 round=24/40 episode=17/30 sample=zero_boundary_037 soc=0.6808 fc=510
progress step=296450 round=24/40 episode=17/30 sample=zero_boundary_037 soc=0.7621 fc=590
progress step=296500 round=24/40 episode=17/30 sample=zero_boundary_037 soc=0.7998 fc=220
progress step=296550 round=24/40 episode=17/30 sample=zero_boundary_037 soc=0.7995 fc=220
progress step=296600 round=24/40 episode=17/30 sample=zero_boundary_037 soc=0.7863 fc=220
progress step=296650 round=24/40 episode=17/30 sample=zero_boundary_037 soc=0.7785 fc=60
progress step=296700 round=24/40 episode=17/30 sample=zero_boundary_037 soc=0.6439 fc=180
progress step=296750 round=24/40 episode=17/30 sample=zero_boundary_037 soc=0.6035 fc=390
progress step=296800 round=24/40 episode=17/30 sample=zero_boundary_037 soc=0.7996 fc=70
progress step=296850 round=24/40 episode=17/30 sample=zero_boundary_037 soc=0.7996 fc=90
progress step=296900 round=24/40 episode=17/30 sample=zero_boundary_037 soc=0.7959 fc=360
progress step=296950 round=24/40 episode=17/30 sample=zero_boundary_037 soc=0.7989 fc=60
progress step=297000 round=24/40 episode=17/30 sample=zero_boundary_037 soc=0.7995 fc=100
progress step=297050 round=24/40 episode=17/30 sample=zero_boundary_037 soc=0.7997 fc=20
progress step=297100 round=24/40 episode=17/30 sample=zero_boundary_037 soc=0.7911 fc=0
progress step=297150 round=24/40 episode=17/30 sample=zero_boundary_037 soc=0.7983 fc=150
progress step=297200 round=24/40 episode=17/30 sample=zero_boundary_037 soc=0.7987 fc=0
progress step=297250 round=24/40 episode=17/30 sample=zero_boundary_037 soc=0.7945 fc=0
progress step=297300 round=24/40 episode=17/30 sample=zero_boundary_037 soc=0.7949 fc=0
progress step=297350 round=24/40 episode=17/30 sample=zero_boundary_037 soc=0.7970 fc=0
progress step=297400 round=24/40 episode=17/30 sample=zero_boundary_037 soc=0.8000 fc=0
progress step=297450 round=24/40 episode=17/30 sample=zero_boundary_037 soc=0.8000 fc=0
progress step=297500 round=24/40 episode=17/30 sample=zero_boundary_037 soc=0.8000 fc=0
progress step=297550 round=24/40 episode=17/30 sample=zero_boundary_037 soc=0.7993 fc=10
progress step=297600 round=24/40 episode=17/30 sample=zero_boundary_037 soc=0.7987 fc=0
progress step=297650 round=24/40 episode=17/30 sample=zero_boundary_037 soc=0.7989 fc=110
progress step=297700 round=24/40 episode=17/30 sample=zero_boundary_037 soc=0.7981 fc=0
progress step=297750 round=24/40 episode=17/30 sample=zero_boundary_037 soc=0.7997 fc=90
progress step=297800 round=24/40 episode=17/30 sample=zero_boundary_037 soc=0.7997 fc=60
progress step=297850 round=24/40 episode=17/30 sample=zero_boundary_037 soc=0.7979 fc=0
progress step=297900 round=24/40 episode=17/30 sample=zero_boundary_037 soc=0.7984 fc=90
progress step=297950 round=24/40 episode=17/30 sample=zero_boundary_037 soc=0.7994 fc=0
progress step=298000 round=24/40 episode=17/30 sample=zero_boundary_037 soc=0.7990 fc=100
progress step=298050 round=24/40 episode=17/30 sample=zero_boundary_037 soc=0.7982 fc=0
progress step=298100 round=24/40 episode=17/30 sample=zero_boundary_037 soc=0.7993 fc=0
progress step=298150 round=24/40 episode=17/30 sample=zero_boundary_037 soc=0.8000 fc=20
progress step=298200 round=24/40 episode=17/30 sample=zero_boundary_037 soc=0.8000 fc=20
progress step=298250 round=24/40 episode=17/30 sample=zero_boundary_037 soc=0.7999 fc=0
progress step=298300 round=24/40 episode=18/30 sample=zero_boundary_038 soc=0.7032 fc=580
progress step=298350 round=24/40 episode=18/30 sample=zero_boundary_038 soc=0.6789 fc=590
progress step=298400 round=24/40 episode=18/30 sample=zero_boundary_038 soc=0.6002 fc=370
progress step=298450 round=24/40 episode=18/30 sample=zero_boundary_038 soc=0.5384 fc=300
progress step=298500 round=24/40 episode=18/30 sample=zero_boundary_038 soc=0.4024 fc=300
progress step=298550 round=24/40 episode=18/30 sample=zero_boundary_038 soc=0.2943 fc=230
progress step=298600 round=24/40 episode=18/30 sample=zero_boundary_038 soc=0.4132 fc=240
progress step=298650 round=24/40 episode=18/30 sample=zero_boundary_038 soc=0.5097 fc=510
progress step=298700 round=24/40 episode=18/30 sample=zero_boundary_038 soc=0.7319 fc=550
progress step=298750 round=24/40 episode=18/30 sample=zero_boundary_038 soc=0.7961 fc=440
progress step=298800 round=24/40 episode=18/30 sample=zero_boundary_038 soc=0.7691 fc=440
progress step=298850 round=24/40 episode=18/30 sample=zero_boundary_038 soc=0.7826 fc=440
progress step=298900 round=24/40 episode=18/30 sample=zero_boundary_038 soc=0.7984 fc=440
progress step=298950 round=24/40 episode=18/30 sample=zero_boundary_038 soc=0.7956 fc=40
progress step=299000 round=24/40 episode=19/30 sample=zero_boundary_040 soc=0.6145 fc=300
progress step=299050 round=24/40 episode=19/30 sample=zero_boundary_040 soc=0.5598 fc=300
progress step=299100 round=24/40 episode=19/30 sample=zero_boundary_040 soc=0.4341 fc=160
progress step=299150 round=24/40 episode=19/30 sample=zero_boundary_040 soc=0.3212 fc=300
progress step=299200 round=24/40 episode=19/30 sample=zero_boundary_040 soc=0.2968 fc=300
progress step=299250 round=24/40 episode=19/30 sample=zero_boundary_040 soc=0.2656 fc=20
progress step=299300 round=24/40 episode=19/30 sample=zero_boundary_040 soc=0.3333 fc=240
progress step=299350 round=24/40 episode=19/30 sample=zero_boundary_040 soc=0.3271 fc=580
progress step=299400 round=24/40 episode=19/30 sample=zero_boundary_040 soc=0.2343 fc=290
progress step=299450 round=24/40 episode=19/30 sample=zero_boundary_040 soc=0.2036 fc=460
progress step=299500 round=24/40 episode=20/30 sample=zero_boundary_041 soc=0.5580 fc=270
progress step=299550 round=24/40 episode=20/30 sample=zero_boundary_041 soc=0.4597 fc=300
progress step=299600 round=24/40 episode=20/30 sample=zero_boundary_041 soc=0.2254 fc=60
progress step=299650 round=24/40 episode=21/30 sample=zero_boundary_042 soc=0.7062 fc=520
progress step=299700 round=24/40 episode=21/30 sample=zero_boundary_042 soc=0.5176 fc=260
progress step=299750 round=24/40 episode=21/30 sample=zero_boundary_042 soc=0.2839 fc=300
progress step=299800 round=24/40 episode=21/30 sample=zero_boundary_042 soc=0.2005 fc=500
progress step=299850 round=24/40 episode=21/30 sample=zero_boundary_042 soc=0.2004 fc=500
progress step=299900 round=24/40 episode=21/30 sample=zero_boundary_042 soc=0.3033 fc=180
progress step=299950 round=24/40 episode=21/30 sample=zero_boundary_042 soc=0.2003 fc=560
progress step=300000 round=24/40 episode=22/30 sample=zero_boundary_044 soc=0.6994 fc=400
progress step=300050 round=24/40 episode=22/30 sample=zero_boundary_044 soc=0.5497 fc=260
progress step=300100 round=24/40 episode=22/30 sample=zero_boundary_044 soc=0.2512 fc=300
progress step=300150 round=24/40 episode=23/30 sample=zero_boundary_045 soc=0.7198 fc=160
progress step=300200 round=24/40 episode=23/30 sample=zero_boundary_045 soc=0.6434 fc=280
progress step=300250 round=24/40 episode=23/30 sample=zero_boundary_045 soc=0.5176 fc=540
progress step=300300 round=24/40 episode=23/30 sample=zero_boundary_045 soc=0.2571 fc=240
progress step=300350 round=24/40 episode=24/30 sample=zero_boundary_046 soc=0.5551 fc=400
progress step=300400 round=24/40 episode=24/30 sample=zero_boundary_046 soc=0.3772 fc=200
progress step=300450 round=24/40 episode=25/30 sample=zero_boundary_048 soc=0.6386 fc=140
progress step=300500 round=24/40 episode=25/30 sample=zero_boundary_048 soc=0.5312 fc=180
progress step=300550 round=24/40 episode=25/30 sample=zero_boundary_048 soc=0.3355 fc=200
progress step=300600 round=24/40 episode=25/30 sample=zero_boundary_048 soc=0.2396 fc=160
progress step=300650 round=24/40 episode=25/30 sample=zero_boundary_048 soc=0.2741 fc=400
progress step=300700 round=24/40 episode=25/30 sample=zero_boundary_048 soc=0.2460 fc=350
progress step=300750 round=24/40 episode=26/30 sample=zero_boundary_049 soc=0.6465 fc=280
progress step=300800 round=24/40 episode=26/30 sample=zero_boundary_049 soc=0.6878 fc=160
progress step=300850 round=24/40 episode=26/30 sample=zero_boundary_049 soc=0.6273 fc=160
progress step=300900 round=24/40 episode=26/30 sample=zero_boundary_049 soc=0.6192 fc=470
progress step=300950 round=24/40 episode=26/30 sample=zero_boundary_049 soc=0.6592 fc=80
progress step=301000 round=24/40 episode=27/30 sample=zero_boundary_050 soc=0.6521 fc=170
progress step=301050 round=24/40 episode=27/30 sample=zero_boundary_050 soc=0.6336 fc=310
progress step=301100 round=24/40 episode=27/30 sample=zero_boundary_050 soc=0.4490 fc=200
progress step=301150 round=24/40 episode=27/30 sample=zero_boundary_050 soc=0.2913 fc=230
progress step=301200 round=24/40 episode=28/30 sample=zero_boundary_051 soc=0.6154 fc=170
progress step=301250 round=24/40 episode=28/30 sample=zero_boundary_051 soc=0.5708 fc=170
progress step=301300 round=24/40 episode=28/30 sample=zero_boundary_051 soc=0.5732 fc=510
progress step=301350 round=24/40 episode=29/30 sample=zero_boundary_052 soc=0.6515 fc=220
progress step=301400 round=24/40 episode=29/30 sample=zero_boundary_052 soc=0.5157 fc=250
progress step=301450 round=24/40 episode=29/30 sample=zero_boundary_052 soc=0.2807 fc=230
progress step=301500 round=24/40 episode=29/30 sample=zero_boundary_052 soc=0.2644 fc=230
progress step=301550 round=24/40 episode=29/30 sample=zero_boundary_052 soc=0.3983 fc=140
progress step=301600 round=24/40 episode=30/30 sample=zero_boundary_053 soc=0.7021 fc=160
progress step=301650 round=24/40 episode=30/30 sample=zero_boundary_053 soc=0.5820 fc=540
progress step=301700 round=24/40 episode=30/30 sample=zero_boundary_053 soc=0.5445 fc=580
progress step=301750 round=24/40 episode=30/30 sample=zero_boundary_053 soc=0.5814 fc=320
progress step=301800 round=24/40 episode=30/30 sample=zero_boundary_053 soc=0.6798 fc=580
round 24/40 exploratory=20/30 greedy_train start
MONITOR round=24 exploratory=20/30 greedy_train=11/30 validation=SKIPPED cost=None updates=10002 best_round=None
round 25/40 start epsilon=0.4154
progress step=301850 round=25/40 episode=1/30 sample=zero_boundary_002 soc=0.7108 fc=580
progress step=301900 round=25/40 episode=1/30 sample=zero_boundary_002 soc=0.5542 fc=280
progress step=301950 round=25/40 episode=1/30 sample=zero_boundary_002 soc=0.2534 fc=360
progress step=302000 round=25/40 episode=1/30 sample=zero_boundary_002 soc=0.3705 fc=120
progress step=302050 round=25/40 episode=1/30 sample=zero_boundary_002 soc=0.2829 fc=0
progress step=302100 round=25/40 episode=1/30 sample=zero_boundary_002 soc=0.3852 fc=240
progress step=302150 round=25/40 episode=2/30 sample=zero_boundary_005 soc=0.6734 fc=590
progress step=302200 round=25/40 episode=2/30 sample=zero_boundary_005 soc=0.6168 fc=280
progress step=302250 round=25/40 episode=2/30 sample=zero_boundary_005 soc=0.5800 fc=230
progress step=302300 round=25/40 episode=2/30 sample=zero_boundary_005 soc=0.5437 fc=550
progress step=302350 round=25/40 episode=2/30 sample=zero_boundary_005 soc=0.4049 fc=240
progress step=302400 round=25/40 episode=2/30 sample=zero_boundary_005 soc=0.4765 fc=180
progress step=302450 round=25/40 episode=3/30 sample=zero_boundary_006 soc=0.7352 fc=280
progress step=302500 round=25/40 episode=3/30 sample=zero_boundary_006 soc=0.7936 fc=370
progress step=302550 round=25/40 episode=3/30 sample=zero_boundary_006 soc=0.7988 fc=240
progress step=302600 round=25/40 episode=3/30 sample=zero_boundary_006 soc=0.7984 fc=40
progress step=302650 round=25/40 episode=3/30 sample=zero_boundary_006 soc=0.8000 fc=20
progress step=302700 round=25/40 episode=3/30 sample=zero_boundary_006 soc=0.7984 fc=280
progress step=302750 round=25/40 episode=3/30 sample=zero_boundary_006 soc=0.7968 fc=0
progress step=302800 round=25/40 episode=4/30 sample=zero_boundary_007 soc=0.6450 fc=550
progress step=302850 round=25/40 episode=4/30 sample=zero_boundary_007 soc=0.5422 fc=170
progress step=302900 round=25/40 episode=4/30 sample=zero_boundary_007 soc=0.6571 fc=560
progress step=302950 round=25/40 episode=4/30 sample=zero_boundary_007 soc=0.7998 fc=30
progress step=303000 round=25/40 episode=4/30 sample=zero_boundary_007 soc=0.7954 fc=590
progress step=303050 round=25/40 episode=5/30 sample=zero_boundary_008 soc=0.6078 fc=550
progress step=303100 round=25/40 episode=5/30 sample=zero_boundary_008 soc=0.5147 fc=330
progress step=303150 round=25/40 episode=6/30 sample=zero_boundary_011 soc=0.6697 fc=390
progress step=303200 round=25/40 episode=6/30 sample=zero_boundary_011 soc=0.7998 fc=140
progress step=303250 round=25/40 episode=6/30 sample=zero_boundary_011 soc=0.7139 fc=400
progress step=303300 round=25/40 episode=6/30 sample=zero_boundary_011 soc=0.6029 fc=320
progress step=303350 round=25/40 episode=6/30 sample=zero_boundary_011 soc=0.4777 fc=380
progress step=303400 round=25/40 episode=6/30 sample=zero_boundary_011 soc=0.3172 fc=110
progress step=303450 round=25/40 episode=6/30 sample=zero_boundary_011 soc=0.3991 fc=120
progress step=303500 round=25/40 episode=6/30 sample=zero_boundary_011 soc=0.6496 fc=550
progress step=303550 round=25/40 episode=6/30 sample=zero_boundary_011 soc=0.7995 fc=0
progress step=303600 round=25/40 episode=6/30 sample=zero_boundary_011 soc=0.7992 fc=0
progress step=303650 round=25/40 episode=6/30 sample=zero_boundary_011 soc=0.7976 fc=200
progress step=303700 round=25/40 episode=6/30 sample=zero_boundary_011 soc=0.7986 fc=310
progress step=303750 round=25/40 episode=6/30 sample=zero_boundary_011 soc=0.7988 fc=310
progress step=303800 round=25/40 episode=6/30 sample=zero_boundary_011 soc=0.7977 fc=280
progress step=303850 round=25/40 episode=6/30 sample=zero_boundary_011 soc=0.7865 fc=440
progress step=303900 round=25/40 episode=7/30 sample=zero_boundary_013 soc=0.6850 fc=550
progress step=303950 round=25/40 episode=7/30 sample=zero_boundary_013 soc=0.7911 fc=590
progress step=304000 round=25/40 episode=7/30 sample=zero_boundary_013 soc=0.7903 fc=20
progress step=304050 round=25/40 episode=7/30 sample=zero_boundary_013 soc=0.7051 fc=230
progress step=304100 round=25/40 episode=7/30 sample=zero_boundary_013 soc=0.7993 fc=130
progress step=304150 round=25/40 episode=7/30 sample=zero_boundary_013 soc=0.7924 fc=130
progress step=304200 round=25/40 episode=7/30 sample=zero_boundary_013 soc=0.7950 fc=0
progress step=304250 round=25/40 episode=8/30 sample=zero_boundary_015 soc=0.6947 fc=590
progress step=304300 round=25/40 episode=8/30 sample=zero_boundary_015 soc=0.6815 fc=320
progress step=304350 round=25/40 episode=8/30 sample=zero_boundary_015 soc=0.4483 fc=460
progress step=304400 round=25/40 episode=9/30 sample=zero_boundary_016 soc=0.7031 fc=380
progress step=304450 round=25/40 episode=9/30 sample=zero_boundary_016 soc=0.7770 fc=600
progress step=304500 round=25/40 episode=9/30 sample=zero_boundary_016 soc=0.5800 fc=320
progress step=304550 round=25/40 episode=9/30 sample=zero_boundary_016 soc=0.3608 fc=330
progress step=304600 round=25/40 episode=10/30 sample=zero_boundary_017 soc=0.5839 fc=130
progress step=304650 round=25/40 episode=10/30 sample=zero_boundary_017 soc=0.3298 fc=350
progress step=304700 round=25/40 episode=11/30 sample=zero_boundary_020 soc=0.6462 fc=480
progress step=304750 round=25/40 episode=11/30 sample=zero_boundary_020 soc=0.5989 fc=130
progress step=304800 round=25/40 episode=12/30 sample=zero_boundary_021 soc=0.6117 fc=550
progress step=304850 round=25/40 episode=12/30 sample=zero_boundary_021 soc=0.7973 fc=210
progress step=304900 round=25/40 episode=12/30 sample=zero_boundary_021 soc=0.7705 fc=30
progress step=304950 round=25/40 episode=12/30 sample=zero_boundary_021 soc=0.6622 fc=130
progress step=305000 round=25/40 episode=12/30 sample=zero_boundary_021 soc=0.5114 fc=410
progress step=305050 round=25/40 episode=13/30 sample=zero_boundary_022 soc=0.6936 fc=190
progress step=305100 round=25/40 episode=13/30 sample=zero_boundary_022 soc=0.6477 fc=130
progress step=305150 round=25/40 episode=13/30 sample=zero_boundary_022 soc=0.6723 fc=30
progress step=305200 round=25/40 episode=13/30 sample=zero_boundary_022 soc=0.7988 fc=60
progress step=305250 round=25/40 episode=14/30 sample=zero_boundary_029 soc=0.6351 fc=130
progress step=305300 round=25/40 episode=14/30 sample=zero_boundary_029 soc=0.6375 fc=480
progress step=305350 round=25/40 episode=14/30 sample=zero_boundary_029 soc=0.6062 fc=550
progress step=305400 round=25/40 episode=14/30 sample=zero_boundary_029 soc=0.5806 fc=150
progress step=305450 round=25/40 episode=14/30 sample=zero_boundary_029 soc=0.7040 fc=270
progress step=305500 round=25/40 episode=14/30 sample=zero_boundary_029 soc=0.7995 fc=40
progress step=305550 round=25/40 episode=14/30 sample=zero_boundary_029 soc=0.7985 fc=0
progress step=305600 round=25/40 episode=14/30 sample=zero_boundary_029 soc=0.8000 fc=0
progress step=305650 round=25/40 episode=14/30 sample=zero_boundary_029 soc=0.8000 fc=0
progress step=305700 round=25/40 episode=14/30 sample=zero_boundary_029 soc=0.8000 fc=0
progress step=305750 round=25/40 episode=14/30 sample=zero_boundary_029 soc=0.8000 fc=0
progress step=305800 round=25/40 episode=14/30 sample=zero_boundary_029 soc=0.8000 fc=0
progress step=305850 round=25/40 episode=14/30 sample=zero_boundary_029 soc=0.8000 fc=0
progress step=305900 round=25/40 episode=14/30 sample=zero_boundary_029 soc=0.8000 fc=0
progress step=305950 round=25/40 episode=14/30 sample=zero_boundary_029 soc=0.8000 fc=0
progress step=306000 round=25/40 episode=14/30 sample=zero_boundary_029 soc=0.8000 fc=0
progress step=306050 round=25/40 episode=14/30 sample=zero_boundary_029 soc=0.8000 fc=0
progress step=306100 round=25/40 episode=14/30 sample=zero_boundary_029 soc=0.7985 fc=0
progress step=306150 round=25/40 episode=14/30 sample=zero_boundary_029 soc=0.8000 fc=290
progress step=306200 round=25/40 episode=14/30 sample=zero_boundary_029 soc=0.7998 fc=200
progress step=306250 round=25/40 episode=14/30 sample=zero_boundary_029 soc=0.7985 fc=190
progress step=306300 round=25/40 episode=15/30 sample=zero_boundary_033 soc=0.6713 fc=170
progress step=306350 round=25/40 episode=15/30 sample=zero_boundary_033 soc=0.7933 fc=0
progress step=306400 round=25/40 episode=15/30 sample=zero_boundary_033 soc=0.7484 fc=520
progress step=306450 round=25/40 episode=15/30 sample=zero_boundary_033 soc=0.7817 fc=160
progress step=306500 round=25/40 episode=15/30 sample=zero_boundary_033 soc=0.7781 fc=150
progress step=306550 round=25/40 episode=15/30 sample=zero_boundary_033 soc=0.7030 fc=120
progress step=306600 round=25/40 episode=15/30 sample=zero_boundary_033 soc=0.5850 fc=440
progress step=306650 round=25/40 episode=15/30 sample=zero_boundary_033 soc=0.7999 fc=0
progress step=306700 round=25/40 episode=15/30 sample=zero_boundary_033 soc=0.7999 fc=0
progress step=306750 round=25/40 episode=15/30 sample=zero_boundary_033 soc=0.7999 fc=0
progress step=306800 round=25/40 episode=15/30 sample=zero_boundary_033 soc=0.7999 fc=0
progress step=306850 round=25/40 episode=15/30 sample=zero_boundary_033 soc=0.7999 fc=0
progress step=306900 round=25/40 episode=15/30 sample=zero_boundary_033 soc=0.7999 fc=0
progress step=306950 round=25/40 episode=15/30 sample=zero_boundary_033 soc=0.7999 fc=0
progress step=307000 round=25/40 episode=15/30 sample=zero_boundary_033 soc=0.7999 fc=0
progress step=307050 round=25/40 episode=15/30 sample=zero_boundary_033 soc=0.7991 fc=50
progress step=307100 round=25/40 episode=15/30 sample=zero_boundary_033 soc=0.7983 fc=0
progress step=307150 round=25/40 episode=15/30 sample=zero_boundary_033 soc=0.7958 fc=210
progress step=307200 round=25/40 episode=15/30 sample=zero_boundary_033 soc=0.7986 fc=130
progress step=307250 round=25/40 episode=16/30 sample=zero_boundary_034 soc=0.6000 fc=50
progress step=307300 round=25/40 episode=16/30 sample=zero_boundary_034 soc=0.8000 fc=0
progress step=307350 round=25/40 episode=16/30 sample=zero_boundary_034 soc=0.8000 fc=0
progress step=307400 round=25/40 episode=16/30 sample=zero_boundary_034 soc=0.8000 fc=0
progress step=307450 round=25/40 episode=16/30 sample=zero_boundary_034 soc=0.8000 fc=0
progress step=307500 round=25/40 episode=16/30 sample=zero_boundary_034 soc=0.8000 fc=0
progress step=307550 round=25/40 episode=16/30 sample=zero_boundary_034 soc=0.8000 fc=0
progress step=307600 round=25/40 episode=16/30 sample=zero_boundary_034 soc=0.8000 fc=0
progress step=307650 round=25/40 episode=16/30 sample=zero_boundary_034 soc=0.8000 fc=0
progress step=307700 round=25/40 episode=16/30 sample=zero_boundary_034 soc=0.8000 fc=0
progress step=307750 round=25/40 episode=16/30 sample=zero_boundary_034 soc=0.8000 fc=0
progress step=307800 round=25/40 episode=16/30 sample=zero_boundary_034 soc=0.8000 fc=0
progress step=307850 round=25/40 episode=16/30 sample=zero_boundary_034 soc=0.8000 fc=0
progress step=307900 round=25/40 episode=16/30 sample=zero_boundary_034 soc=0.8000 fc=0
progress step=307950 round=25/40 episode=16/30 sample=zero_boundary_034 soc=0.8000 fc=0
progress step=308000 round=25/40 episode=16/30 sample=zero_boundary_034 soc=0.8000 fc=0
progress step=308050 round=25/40 episode=16/30 sample=zero_boundary_034 soc=0.8000 fc=0
progress step=308100 round=25/40 episode=16/30 sample=zero_boundary_034 soc=0.8000 fc=0
progress step=308150 round=25/40 episode=16/30 sample=zero_boundary_034 soc=0.7997 fc=100
progress step=308200 round=25/40 episode=16/30 sample=zero_boundary_034 soc=0.7961 fc=0
progress step=308250 round=25/40 episode=16/30 sample=zero_boundary_034 soc=0.7999 fc=100
progress step=308300 round=25/40 episode=16/30 sample=zero_boundary_034 soc=0.7992 fc=0
progress step=308350 round=25/40 episode=16/30 sample=zero_boundary_034 soc=0.7950 fc=540
progress step=308400 round=25/40 episode=16/30 sample=zero_boundary_034 soc=0.7957 fc=250
progress step=308450 round=25/40 episode=16/30 sample=zero_boundary_034 soc=0.8000 fc=0
progress step=308500 round=25/40 episode=16/30 sample=zero_boundary_034 soc=0.8000 fc=0
progress step=308550 round=25/40 episode=16/30 sample=zero_boundary_034 soc=0.8000 fc=0
progress step=308600 round=25/40 episode=16/30 sample=zero_boundary_034 soc=0.8000 fc=0
progress step=308650 round=25/40 episode=16/30 sample=zero_boundary_034 soc=0.8000 fc=0
progress step=308700 round=25/40 episode=16/30 sample=zero_boundary_034 soc=0.8000 fc=0
progress step=308750 round=25/40 episode=16/30 sample=zero_boundary_034 soc=0.8000 fc=0
progress step=308800 round=25/40 episode=16/30 sample=zero_boundary_034 soc=0.8000 fc=0
progress step=308850 round=25/40 episode=16/30 sample=zero_boundary_034 soc=0.8000 fc=0
progress step=308900 round=25/40 episode=17/30 sample=zero_boundary_037 soc=0.6066 fc=260
progress step=308950 round=25/40 episode=17/30 sample=zero_boundary_037 soc=0.7906 fc=570
progress step=309000 round=25/40 episode=17/30 sample=zero_boundary_037 soc=0.7984 fc=320
progress step=309050 round=25/40 episode=17/30 sample=zero_boundary_037 soc=0.7997 fc=230
progress step=309100 round=25/40 episode=17/30 sample=zero_boundary_037 soc=0.7937 fc=30
progress step=309150 round=25/40 episode=17/30 sample=zero_boundary_037 soc=0.7959 fc=180
progress step=309200 round=25/40 episode=17/30 sample=zero_boundary_037 soc=0.7090 fc=560
progress step=309250 round=25/40 episode=17/30 sample=zero_boundary_037 soc=0.6228 fc=520
progress step=309300 round=25/40 episode=17/30 sample=zero_boundary_037 soc=0.7998 fc=70
progress step=309350 round=25/40 episode=17/30 sample=zero_boundary_037 soc=0.7998 fc=70
progress step=309400 round=25/40 episode=17/30 sample=zero_boundary_037 soc=0.7999 fc=60
progress step=309450 round=25/40 episode=17/30 sample=zero_boundary_037 soc=0.7999 fc=60
progress step=309500 round=25/40 episode=17/30 sample=zero_boundary_037 soc=0.7976 fc=240
progress step=309550 round=25/40 episode=17/30 sample=zero_boundary_037 soc=0.7969 fc=270
progress step=309600 round=25/40 episode=17/30 sample=zero_boundary_037 soc=0.7990 fc=0
progress step=309650 round=25/40 episode=17/30 sample=zero_boundary_037 soc=0.7984 fc=0
progress step=309700 round=25/40 episode=17/30 sample=zero_boundary_037 soc=0.7981 fc=0
progress step=309750 round=25/40 episode=17/30 sample=zero_boundary_037 soc=0.7966 fc=0
progress step=309800 round=25/40 episode=17/30 sample=zero_boundary_037 soc=0.8000 fc=70
progress step=309850 round=25/40 episode=17/30 sample=zero_boundary_037 soc=0.7981 fc=0
progress step=309900 round=25/40 episode=17/30 sample=zero_boundary_037 soc=0.8000 fc=0
progress step=309950 round=25/40 episode=17/30 sample=zero_boundary_037 soc=0.8000 fc=0
progress step=310000 round=25/40 episode=17/30 sample=zero_boundary_037 soc=0.8000 fc=0
progress step=310050 round=25/40 episode=17/30 sample=zero_boundary_037 soc=0.7982 fc=0
progress step=310100 round=25/40 episode=17/30 sample=zero_boundary_037 soc=0.7972 fc=160
progress step=310150 round=25/40 episode=17/30 sample=zero_boundary_037 soc=0.7958 fc=360
progress step=310200 round=25/40 episode=17/30 sample=zero_boundary_037 soc=0.7993 fc=40
progress step=310250 round=25/40 episode=17/30 sample=zero_boundary_037 soc=0.7986 fc=0
progress step=310300 round=25/40 episode=17/30 sample=zero_boundary_037 soc=0.7992 fc=0
progress step=310350 round=25/40 episode=17/30 sample=zero_boundary_037 soc=0.7994 fc=20
progress step=310400 round=25/40 episode=17/30 sample=zero_boundary_037 soc=0.7979 fc=0
progress step=310450 round=25/40 episode=17/30 sample=zero_boundary_037 soc=0.7994 fc=0
progress step=310500 round=25/40 episode=17/30 sample=zero_boundary_037 soc=0.7993 fc=0
progress step=310550 round=25/40 episode=17/30 sample=zero_boundary_037 soc=0.7999 fc=20
progress step=310600 round=25/40 episode=17/30 sample=zero_boundary_037 soc=0.7968 fc=0
progress step=310650 round=25/40 episode=17/30 sample=zero_boundary_037 soc=0.7977 fc=0
progress step=310700 round=25/40 episode=17/30 sample=zero_boundary_037 soc=0.7991 fc=70
progress step=310750 round=25/40 episode=17/30 sample=zero_boundary_037 soc=0.7987 fc=0
progress step=310800 round=25/40 episode=18/30 sample=zero_boundary_038 soc=0.6303 fc=570
progress step=310850 round=25/40 episode=18/30 sample=zero_boundary_038 soc=0.7097 fc=200
progress step=310900 round=25/40 episode=18/30 sample=zero_boundary_038 soc=0.7134 fc=540
progress step=310950 round=25/40 episode=18/30 sample=zero_boundary_038 soc=0.7413 fc=180
progress step=311000 round=25/40 episode=18/30 sample=zero_boundary_038 soc=0.6414 fc=170
progress step=311050 round=25/40 episode=18/30 sample=zero_boundary_038 soc=0.5009 fc=160
progress step=311100 round=25/40 episode=18/30 sample=zero_boundary_038 soc=0.5708 fc=170
progress step=311150 round=25/40 episode=18/30 sample=zero_boundary_038 soc=0.7994 fc=70
progress step=311200 round=25/40 episode=18/30 sample=zero_boundary_038 soc=0.7964 fc=220
progress step=311250 round=25/40 episode=18/30 sample=zero_boundary_038 soc=0.7992 fc=450
progress step=311300 round=25/40 episode=18/30 sample=zero_boundary_038 soc=0.7907 fc=170
progress step=311350 round=25/40 episode=18/30 sample=zero_boundary_038 soc=0.7649 fc=560
progress step=311400 round=25/40 episode=18/30 sample=zero_boundary_038 soc=0.7995 fc=390
progress step=311450 round=25/40 episode=18/30 sample=zero_boundary_038 soc=0.7972 fc=80
progress step=311500 round=25/40 episode=19/30 sample=zero_boundary_040 soc=0.5985 fc=130
progress step=311550 round=25/40 episode=19/30 sample=zero_boundary_040 soc=0.5753 fc=180
progress step=311600 round=25/40 episode=19/30 sample=zero_boundary_040 soc=0.4461 fc=150
progress step=311650 round=25/40 episode=19/30 sample=zero_boundary_040 soc=0.3174 fc=230
progress step=311700 round=25/40 episode=19/30 sample=zero_boundary_040 soc=0.2865 fc=200
progress step=311750 round=25/40 episode=20/30 sample=zero_boundary_041 soc=0.6040 fc=140
progress step=311800 round=25/40 episode=20/30 sample=zero_boundary_041 soc=0.5294 fc=120
progress step=311850 round=25/40 episode=20/30 sample=zero_boundary_041 soc=0.3125 fc=230
progress step=311900 round=25/40 episode=21/30 sample=zero_boundary_042 soc=0.7684 fc=440
progress step=311950 round=25/40 episode=21/30 sample=zero_boundary_042 soc=0.6023 fc=170
progress step=312000 round=25/40 episode=21/30 sample=zero_boundary_042 soc=0.3678 fc=250
progress step=312050 round=25/40 episode=21/30 sample=zero_boundary_042 soc=0.2005 fc=500
progress step=312100 round=25/40 episode=21/30 sample=zero_boundary_042 soc=0.2011 fc=480
progress step=312150 round=25/40 episode=21/30 sample=zero_boundary_042 soc=0.3125 fc=510
progress step=312200 round=25/40 episode=21/30 sample=zero_boundary_042 soc=0.2004 fc=580
progress step=312250 round=25/40 episode=22/30 sample=zero_boundary_044 soc=0.6451 fc=120
progress step=312300 round=25/40 episode=22/30 sample=zero_boundary_044 soc=0.4672 fc=250
progress step=312350 round=25/40 episode=23/30 sample=zero_boundary_045 soc=0.6000 fc=0
progress step=312400 round=25/40 episode=23/30 sample=zero_boundary_045 soc=0.6955 fc=120
progress step=312450 round=25/40 episode=23/30 sample=zero_boundary_045 soc=0.5525 fc=570
progress step=312500 round=25/40 episode=23/30 sample=zero_boundary_045 soc=0.4001 fc=380
progress step=312550 round=25/40 episode=24/30 sample=zero_boundary_046 soc=0.6262 fc=130
progress step=312600 round=25/40 episode=24/30 sample=zero_boundary_046 soc=0.4841 fc=120
progress step=312650 round=25/40 episode=24/30 sample=zero_boundary_046 soc=0.2787 fc=250
progress step=312700 round=25/40 episode=25/30 sample=zero_boundary_048 soc=0.7023 fc=340
progress step=312750 round=25/40 episode=25/30 sample=zero_boundary_048 soc=0.4674 fc=410
progress step=312800 round=25/40 episode=25/30 sample=zero_boundary_048 soc=0.2922 fc=210
progress step=312850 round=25/40 episode=25/30 sample=zero_boundary_048 soc=0.3071 fc=240
progress step=312900 round=25/40 episode=25/30 sample=zero_boundary_048 soc=0.2745 fc=250
progress step=312950 round=25/40 episode=26/30 sample=zero_boundary_049 soc=0.6063 fc=550
progress step=313000 round=25/40 episode=26/30 sample=zero_boundary_049 soc=0.6074 fc=120
progress step=313050 round=25/40 episode=26/30 sample=zero_boundary_049 soc=0.6015 fc=120
progress step=313100 round=25/40 episode=26/30 sample=zero_boundary_049 soc=0.5067 fc=340
progress step=313150 round=25/40 episode=26/30 sample=zero_boundary_049 soc=0.4710 fc=120
progress step=313200 round=25/40 episode=26/30 sample=zero_boundary_049 soc=0.5345 fc=170
progress step=313250 round=25/40 episode=27/30 sample=zero_boundary_050 soc=0.6461 fc=450
progress step=313300 round=25/40 episode=27/30 sample=zero_boundary_050 soc=0.4738 fc=120
progress step=313350 round=25/40 episode=27/30 sample=zero_boundary_050 soc=0.2297 fc=230
progress step=313400 round=25/40 episode=28/30 sample=zero_boundary_051 soc=0.5735 fc=120
progress step=313450 round=25/40 episode=28/30 sample=zero_boundary_051 soc=0.5839 fc=450
progress step=313500 round=25/40 episode=28/30 sample=zero_boundary_051 soc=0.5207 fc=580
progress step=313550 round=25/40 episode=29/30 sample=zero_boundary_052 soc=0.7097 fc=580
progress step=313600 round=25/40 episode=29/30 sample=zero_boundary_052 soc=0.5444 fc=260
progress step=313650 round=25/40 episode=29/30 sample=zero_boundary_052 soc=0.3208 fc=20
progress step=313700 round=25/40 episode=29/30 sample=zero_boundary_052 soc=0.3108 fc=170
progress step=313750 round=25/40 episode=29/30 sample=zero_boundary_052 soc=0.4538 fc=170
progress step=313800 round=25/40 episode=30/30 sample=zero_boundary_053 soc=0.7660 fc=120
progress step=313850 round=25/40 episode=30/30 sample=zero_boundary_053 soc=0.6367 fc=560
progress step=313900 round=25/40 episode=30/30 sample=zero_boundary_053 soc=0.5546 fc=0
progress step=313950 round=25/40 episode=30/30 sample=zero_boundary_053 soc=0.5428 fc=530
progress step=314000 round=25/40 episode=30/30 sample=zero_boundary_053 soc=0.5947 fc=510
round 25/40 exploratory=19/30 greedy_train start
MONITOR round=25 exploratory=19/30 greedy_train=11/30 validation=SKIPPED cost=None updates=10383 best_round=None
round 26/40 start epsilon=0.3910
progress step=314050 round=26/40 episode=1/30 sample=zero_boundary_002 soc=0.6501 fc=550
progress step=314100 round=26/40 episode=1/30 sample=zero_boundary_002 soc=0.4000 fc=260
progress step=314150 round=26/40 episode=2/30 sample=zero_boundary_005 soc=0.6954 fc=250
progress step=314200 round=26/40 episode=2/30 sample=zero_boundary_005 soc=0.7150 fc=500
progress step=314250 round=26/40 episode=2/30 sample=zero_boundary_005 soc=0.6047 fc=0
progress step=314300 round=26/40 episode=2/30 sample=zero_boundary_005 soc=0.5536 fc=260
progress step=314350 round=26/40 episode=2/30 sample=zero_boundary_005 soc=0.3680 fc=120
progress step=314400 round=26/40 episode=2/30 sample=zero_boundary_005 soc=0.2957 fc=360
progress step=314450 round=26/40 episode=3/30 sample=zero_boundary_006 soc=0.6939 fc=30
progress step=314500 round=26/40 episode=3/30 sample=zero_boundary_006 soc=0.7980 fc=140
progress step=314550 round=26/40 episode=3/30 sample=zero_boundary_006 soc=0.7969 fc=0
progress step=314600 round=26/40 episode=3/30 sample=zero_boundary_006 soc=0.7983 fc=120
progress step=314650 round=26/40 episode=3/30 sample=zero_boundary_006 soc=0.7966 fc=0
progress step=314700 round=26/40 episode=3/30 sample=zero_boundary_006 soc=0.7954 fc=0
progress step=314750 round=26/40 episode=3/30 sample=zero_boundary_006 soc=0.7928 fc=120
progress step=314800 round=26/40 episode=4/30 sample=zero_boundary_007 soc=0.6289 fc=120
progress step=314850 round=26/40 episode=4/30 sample=zero_boundary_007 soc=0.5053 fc=120
progress step=314900 round=26/40 episode=4/30 sample=zero_boundary_007 soc=0.4894 fc=120
progress step=314950 round=26/40 episode=4/30 sample=zero_boundary_007 soc=0.4706 fc=170
progress step=315000 round=26/40 episode=4/30 sample=zero_boundary_007 soc=0.4020 fc=120
progress step=315050 round=26/40 episode=4/30 sample=zero_boundary_007 soc=0.3444 fc=340
progress step=315100 round=26/40 episode=5/30 sample=zero_boundary_008 soc=0.5297 fc=120
progress step=315150 round=26/40 episode=6/30 sample=zero_boundary_011 soc=0.6323 fc=260
progress step=315200 round=26/40 episode=6/30 sample=zero_boundary_011 soc=0.7992 fc=140
progress step=315250 round=26/40 episode=6/30 sample=zero_boundary_011 soc=0.6295 fc=120
progress step=315300 round=26/40 episode=6/30 sample=zero_boundary_011 soc=0.4028 fc=240
progress step=315350 round=26/40 episode=6/30 sample=zero_boundary_011 soc=0.2673 fc=370
progress step=315400 round=26/40 episode=7/30 sample=zero_boundary_013 soc=0.6617 fc=70
progress step=315450 round=26/40 episode=7/30 sample=zero_boundary_013 soc=0.7944 fc=10
progress step=315500 round=26/40 episode=7/30 sample=zero_boundary_013 soc=0.7905 fc=120
progress step=315550 round=26/40 episode=7/30 sample=zero_boundary_013 soc=0.7805 fc=130
progress step=315600 round=26/40 episode=7/30 sample=zero_boundary_013 soc=0.7991 fc=270
progress step=315650 round=26/40 episode=7/30 sample=zero_boundary_013 soc=0.7872 fc=170
progress step=315700 round=26/40 episode=7/30 sample=zero_boundary_013 soc=0.7993 fc=0
progress step=315750 round=26/40 episode=8/30 sample=zero_boundary_015 soc=0.6480 fc=380
progress step=315800 round=26/40 episode=8/30 sample=zero_boundary_015 soc=0.6213 fc=120
progress step=315850 round=26/40 episode=8/30 sample=zero_boundary_015 soc=0.2126 fc=250
progress step=315900 round=26/40 episode=9/30 sample=zero_boundary_016 soc=0.7985 fc=0
progress step=315950 round=26/40 episode=9/30 sample=zero_boundary_016 soc=0.7023 fc=450
progress step=316000 round=26/40 episode=9/30 sample=zero_boundary_016 soc=0.4244 fc=240
progress step=316050 round=26/40 episode=10/30 sample=zero_boundary_017 soc=0.6067 fc=0
progress step=316100 round=26/40 episode=10/30 sample=zero_boundary_017 soc=0.4474 fc=260
progress step=316150 round=26/40 episode=11/30 sample=zero_boundary_020 soc=0.6047 fc=550
progress step=316200 round=26/40 episode=11/30 sample=zero_boundary_020 soc=0.5806 fc=460
progress step=316250 round=26/40 episode=11/30 sample=zero_boundary_020 soc=0.7058 fc=450
progress step=316300 round=26/40 episode=12/30 sample=zero_boundary_021 soc=0.7944 fc=350
progress step=316350 round=26/40 episode=12/30 sample=zero_boundary_021 soc=0.7955 fc=600
progress step=316400 round=26/40 episode=12/30 sample=zero_boundary_021 soc=0.7262 fc=100
progress step=316450 round=26/40 episode=12/30 sample=zero_boundary_021 soc=0.6168 fc=330
progress step=316500 round=26/40 episode=13/30 sample=zero_boundary_022 soc=0.5999 fc=0
progress step=316550 round=26/40 episode=13/30 sample=zero_boundary_022 soc=0.6912 fc=370
progress step=316600 round=26/40 episode=13/30 sample=zero_boundary_022 soc=0.6317 fc=130
progress step=316650 round=26/40 episode=13/30 sample=zero_boundary_022 soc=0.7403 fc=590
progress step=316700 round=26/40 episode=14/30 sample=zero_boundary_029 soc=0.7105 fc=490
progress step=316750 round=26/40 episode=14/30 sample=zero_boundary_029 soc=0.7949 fc=590
progress step=316800 round=26/40 episode=14/30 sample=zero_boundary_029 soc=0.7748 fc=590
progress step=316850 round=26/40 episode=14/30 sample=zero_boundary_029 soc=0.7733 fc=120
progress step=316900 round=26/40 episode=14/30 sample=zero_boundary_029 soc=0.7923 fc=120
progress step=316950 round=26/40 episode=14/30 sample=zero_boundary_029 soc=0.7976 fc=170
progress step=317000 round=26/40 episode=14/30 sample=zero_boundary_029 soc=0.7963 fc=70
progress step=317050 round=26/40 episode=14/30 sample=zero_boundary_029 soc=0.7999 fc=0
progress step=317100 round=26/40 episode=14/30 sample=zero_boundary_029 soc=0.7999 fc=0
progress step=317150 round=26/40 episode=14/30 sample=zero_boundary_029 soc=0.7999 fc=0
progress step=317200 round=26/40 episode=14/30 sample=zero_boundary_029 soc=0.7999 fc=0
progress step=317250 round=26/40 episode=14/30 sample=zero_boundary_029 soc=0.7999 fc=0
progress step=317300 round=26/40 episode=14/30 sample=zero_boundary_029 soc=0.7999 fc=0
progress step=317350 round=26/40 episode=14/30 sample=zero_boundary_029 soc=0.7999 fc=0
progress step=317400 round=26/40 episode=14/30 sample=zero_boundary_029 soc=0.7999 fc=0
progress step=317450 round=26/40 episode=14/30 sample=zero_boundary_029 soc=0.7999 fc=0
progress step=317500 round=26/40 episode=14/30 sample=zero_boundary_029 soc=0.7999 fc=0
progress step=317550 round=26/40 episode=14/30 sample=zero_boundary_029 soc=0.7999 fc=0
progress step=317600 round=26/40 episode=14/30 sample=zero_boundary_029 soc=0.7988 fc=310
progress step=317650 round=26/40 episode=14/30 sample=zero_boundary_029 soc=0.7997 fc=410
progress step=317700 round=26/40 episode=14/30 sample=zero_boundary_029 soc=0.7760 fc=590
progress step=317750 round=26/40 episode=15/30 sample=zero_boundary_033 soc=0.6430 fc=570
progress step=317800 round=26/40 episode=15/30 sample=zero_boundary_033 soc=0.7984 fc=290
progress step=317850 round=26/40 episode=15/30 sample=zero_boundary_033 soc=0.7391 fc=20
progress step=317900 round=26/40 episode=15/30 sample=zero_boundary_033 soc=0.6560 fc=170
progress step=317950 round=26/40 episode=15/30 sample=zero_boundary_033 soc=0.5957 fc=510
progress step=318000 round=26/40 episode=15/30 sample=zero_boundary_033 soc=0.6183 fc=120
progress step=318050 round=26/40 episode=15/30 sample=zero_boundary_033 soc=0.4047 fc=230
progress step=318100 round=26/40 episode=15/30 sample=zero_boundary_033 soc=0.5148 fc=170
progress step=318150 round=26/40 episode=15/30 sample=zero_boundary_033 soc=0.7281 fc=490
progress step=318200 round=26/40 episode=15/30 sample=zero_boundary_033 soc=0.7999 fc=0
progress step=318250 round=26/40 episode=15/30 sample=zero_boundary_033 soc=0.7999 fc=0
progress step=318300 round=26/40 episode=15/30 sample=zero_boundary_033 soc=0.8000 fc=0
progress step=318350 round=26/40 episode=15/30 sample=zero_boundary_033 soc=0.8000 fc=0
progress step=318400 round=26/40 episode=15/30 sample=zero_boundary_033 soc=0.8000 fc=0
progress step=318450 round=26/40 episode=15/30 sample=zero_boundary_033 soc=0.8000 fc=0
progress step=318500 round=26/40 episode=15/30 sample=zero_boundary_033 soc=0.7980 fc=140
progress step=318550 round=26/40 episode=15/30 sample=zero_boundary_033 soc=0.7980 fc=0
progress step=318600 round=26/40 episode=15/30 sample=zero_boundary_033 soc=0.7997 fc=0
progress step=318650 round=26/40 episode=15/30 sample=zero_boundary_033 soc=0.7985 fc=30
progress step=318700 round=26/40 episode=15/30 sample=zero_boundary_033 soc=0.7999 fc=10
progress step=318750 round=26/40 episode=16/30 sample=zero_boundary_034 soc=0.7573 fc=550
progress step=318800 round=26/40 episode=16/30 sample=zero_boundary_034 soc=0.7999 fc=0
progress step=318850 round=26/40 episode=16/30 sample=zero_boundary_034 soc=0.7999 fc=0
progress step=318900 round=26/40 episode=16/30 sample=zero_boundary_034 soc=0.7999 fc=0
progress step=318950 round=26/40 episode=16/30 sample=zero_boundary_034 soc=0.7999 fc=0
progress step=319000 round=26/40 episode=16/30 sample=zero_boundary_034 soc=0.7999 fc=0
progress step=319050 round=26/40 episode=16/30 sample=zero_boundary_034 soc=0.7999 fc=0
progress step=319100 round=26/40 episode=16/30 sample=zero_boundary_034 soc=0.7999 fc=0
progress step=319150 round=26/40 episode=16/30 sample=zero_boundary_034 soc=0.7999 fc=0
progress step=319200 round=26/40 episode=16/30 sample=zero_boundary_034 soc=0.7999 fc=0
progress step=319250 round=26/40 episode=16/30 sample=zero_boundary_034 soc=0.7999 fc=0
progress step=319300 round=26/40 episode=16/30 sample=zero_boundary_034 soc=0.7999 fc=0
progress step=319350 round=26/40 episode=16/30 sample=zero_boundary_034 soc=0.7999 fc=0
progress step=319400 round=26/40 episode=16/30 sample=zero_boundary_034 soc=0.7999 fc=0
progress step=319450 round=26/40 episode=16/30 sample=zero_boundary_034 soc=0.7999 fc=0
progress step=319500 round=26/40 episode=16/30 sample=zero_boundary_034 soc=0.7999 fc=0
progress step=319550 round=26/40 episode=16/30 sample=zero_boundary_034 soc=0.7999 fc=0
progress step=319600 round=26/40 episode=16/30 sample=zero_boundary_034 soc=0.7877 fc=490
progress step=319650 round=26/40 episode=16/30 sample=zero_boundary_034 soc=0.7989 fc=50
progress step=319700 round=26/40 episode=16/30 sample=zero_boundary_034 soc=0.7777 fc=220
progress step=319750 round=26/40 episode=16/30 sample=zero_boundary_034 soc=0.7994 fc=260
progress step=319800 round=26/40 episode=16/30 sample=zero_boundary_034 soc=0.7997 fc=230
progress step=319850 round=26/40 episode=16/30 sample=zero_boundary_034 soc=0.7994 fc=80
progress step=319900 round=26/40 episode=16/30 sample=zero_boundary_034 soc=0.7999 fc=0
progress step=319950 round=26/40 episode=16/30 sample=zero_boundary_034 soc=0.7999 fc=0
progress step=320000 round=26/40 episode=16/30 sample=zero_boundary_034 soc=0.7999 fc=0
progress step=320050 round=26/40 episode=16/30 sample=zero_boundary_034 soc=0.7999 fc=0
progress step=320100 round=26/40 episode=16/30 sample=zero_boundary_034 soc=0.7999 fc=0
progress step=320150 round=26/40 episode=16/30 sample=zero_boundary_034 soc=0.7999 fc=0
progress step=320200 round=26/40 episode=16/30 sample=zero_boundary_034 soc=0.7999 fc=0
progress step=320250 round=26/40 episode=16/30 sample=zero_boundary_034 soc=0.7999 fc=0
progress step=320300 round=26/40 episode=16/30 sample=zero_boundary_034 soc=0.7999 fc=0
progress step=320350 round=26/40 episode=16/30 sample=zero_boundary_034 soc=0.7993 fc=0
progress step=320400 round=26/40 episode=17/30 sample=zero_boundary_037 soc=0.7796 fc=580
progress step=320450 round=26/40 episode=17/30 sample=zero_boundary_037 soc=0.7989 fc=140
progress step=320500 round=26/40 episode=17/30 sample=zero_boundary_037 soc=0.7989 fc=140
progress step=320550 round=26/40 episode=17/30 sample=zero_boundary_037 soc=0.7990 fc=300
progress step=320600 round=26/40 episode=17/30 sample=zero_boundary_037 soc=0.7999 fc=220
progress step=320650 round=26/40 episode=17/30 sample=zero_boundary_037 soc=0.7227 fc=480
progress step=320700 round=26/40 episode=17/30 sample=zero_boundary_037 soc=0.5197 fc=160
progress step=320750 round=26/40 episode=17/30 sample=zero_boundary_037 soc=0.6943 fc=30
progress step=320800 round=26/40 episode=17/30 sample=zero_boundary_037 soc=0.7996 fc=80
progress step=320850 round=26/40 episode=17/30 sample=zero_boundary_037 soc=0.7992 fc=0
progress step=320900 round=26/40 episode=17/30 sample=zero_boundary_037 soc=0.7973 fc=10
progress step=320950 round=26/40 episode=17/30 sample=zero_boundary_037 soc=0.7888 fc=0
progress step=321000 round=26/40 episode=17/30 sample=zero_boundary_037 soc=0.7992 fc=0
progress step=321050 round=26/40 episode=17/30 sample=zero_boundary_037 soc=0.7998 fc=10
progress step=321100 round=26/40 episode=17/30 sample=zero_boundary_037 soc=0.7993 fc=0
progress step=321150 round=26/40 episode=17/30 sample=zero_boundary_037 soc=0.7996 fc=20
progress step=321200 round=26/40 episode=17/30 sample=zero_boundary_037 soc=0.7960 fc=0
progress step=321250 round=26/40 episode=17/30 sample=zero_boundary_037 soc=0.7998 fc=10
progress step=321300 round=26/40 episode=17/30 sample=zero_boundary_037 soc=0.7983 fc=0
progress step=321350 round=26/40 episode=17/30 sample=zero_boundary_037 soc=0.7986 fc=50
progress step=321400 round=26/40 episode=17/30 sample=zero_boundary_037 soc=0.7999 fc=0
progress step=321450 round=26/40 episode=17/30 sample=zero_boundary_037 soc=0.7999 fc=0
progress step=321500 round=26/40 episode=17/30 sample=zero_boundary_037 soc=0.7994 fc=50
progress step=321550 round=26/40 episode=17/30 sample=zero_boundary_037 soc=0.7975 fc=0
progress step=321600 round=26/40 episode=17/30 sample=zero_boundary_037 soc=0.7998 fc=10
progress step=321650 round=26/40 episode=17/30 sample=zero_boundary_037 soc=0.7982 fc=0
progress step=321700 round=26/40 episode=17/30 sample=zero_boundary_037 soc=0.7936 fc=30
progress step=321750 round=26/40 episode=17/30 sample=zero_boundary_037 soc=0.7999 fc=10
progress step=321800 round=26/40 episode=17/30 sample=zero_boundary_037 soc=0.7960 fc=0
progress step=321850 round=26/40 episode=17/30 sample=zero_boundary_037 soc=0.7996 fc=0
progress step=321900 round=26/40 episode=17/30 sample=zero_boundary_037 soc=0.7984 fc=70
progress step=321950 round=26/40 episode=17/30 sample=zero_boundary_037 soc=0.7991 fc=0
progress step=322000 round=26/40 episode=17/30 sample=zero_boundary_037 soc=0.7989 fc=0
progress step=322050 round=26/40 episode=17/30 sample=zero_boundary_037 soc=0.7999 fc=0
progress step=322100 round=26/40 episode=17/30 sample=zero_boundary_037 soc=0.7990 fc=0
progress step=322150 round=26/40 episode=17/30 sample=zero_boundary_037 soc=0.7980 fc=0
progress step=322200 round=26/40 episode=17/30 sample=zero_boundary_037 soc=0.7997 fc=0
progress step=322250 round=26/40 episode=17/30 sample=zero_boundary_037 soc=0.7999 fc=0
progress step=322300 round=26/40 episode=18/30 sample=zero_boundary_038 soc=0.6897 fc=450
progress step=322350 round=26/40 episode=18/30 sample=zero_boundary_038 soc=0.6195 fc=320
progress step=322400 round=26/40 episode=18/30 sample=zero_boundary_038 soc=0.6111 fc=130
progress step=322450 round=26/40 episode=18/30 sample=zero_boundary_038 soc=0.5085 fc=340
progress step=322500 round=26/40 episode=18/30 sample=zero_boundary_038 soc=0.3772 fc=240
progress step=322550 round=26/40 episode=18/30 sample=zero_boundary_038 soc=0.3409 fc=170
progress step=322600 round=26/40 episode=18/30 sample=zero_boundary_038 soc=0.4811 fc=240
progress step=322650 round=26/40 episode=18/30 sample=zero_boundary_038 soc=0.6472 fc=570
progress step=322700 round=26/40 episode=18/30 sample=zero_boundary_038 soc=0.7999 fc=0
progress step=322750 round=26/40 episode=18/30 sample=zero_boundary_038 soc=0.7717 fc=320
progress step=322800 round=26/40 episode=18/30 sample=zero_boundary_038 soc=0.6905 fc=270
progress step=322850 round=26/40 episode=18/30 sample=zero_boundary_038 soc=0.6278 fc=130
progress step=322900 round=26/40 episode=18/30 sample=zero_boundary_038 soc=0.5564 fc=270
progress step=322950 round=26/40 episode=18/30 sample=zero_boundary_038 soc=0.6674 fc=550
progress step=323000 round=26/40 episode=19/30 sample=zero_boundary_040 soc=0.5822 fc=570
progress step=323050 round=26/40 episode=19/30 sample=zero_boundary_040 soc=0.4397 fc=480
progress step=323100 round=26/40 episode=19/30 sample=zero_boundary_040 soc=0.3735 fc=80
progress step=323150 round=26/40 episode=19/30 sample=zero_boundary_040 soc=0.2909 fc=220
progress step=323200 round=26/40 episode=19/30 sample=zero_boundary_040 soc=0.2332 fc=200
progress step=323250 round=26/40 episode=19/30 sample=zero_boundary_040 soc=0.2059 fc=190
progress step=323300 round=26/40 episode=19/30 sample=zero_boundary_040 soc=0.2931 fc=170
progress step=323350 round=26/40 episode=19/30 sample=zero_boundary_040 soc=0.2048 fc=250
progress step=323400 round=26/40 episode=19/30 sample=zero_boundary_040 soc=0.2010 fc=430
progress step=323450 round=26/40 episode=19/30 sample=zero_boundary_040 soc=0.2485 fc=170
progress step=323500 round=26/40 episode=20/30 sample=zero_boundary_041 soc=0.5956 fc=300
progress step=323550 round=26/40 episode=20/30 sample=zero_boundary_041 soc=0.4259 fc=240
progress step=323600 round=26/40 episode=21/30 sample=zero_boundary_042 soc=0.6294 fc=130
progress step=323650 round=26/40 episode=21/30 sample=zero_boundary_042 soc=0.5858 fc=210
progress step=323700 round=26/40 episode=21/30 sample=zero_boundary_042 soc=0.3767 fc=370
progress step=323750 round=26/40 episode=21/30 sample=zero_boundary_042 soc=0.2006 fc=530
progress step=323800 round=26/40 episode=21/30 sample=zero_boundary_042 soc=0.2009 fc=470
progress step=323850 round=26/40 episode=21/30 sample=zero_boundary_042 soc=0.2007 fc=360
progress step=323900 round=26/40 episode=21/30 sample=zero_boundary_042 soc=0.2006 fc=580
progress step=323950 round=26/40 episode=22/30 sample=zero_boundary_044 soc=0.6129 fc=120
progress step=324000 round=26/40 episode=22/30 sample=zero_boundary_044 soc=0.5592 fc=120
progress step=324050 round=26/40 episode=22/30 sample=zero_boundary_044 soc=0.3314 fc=200
progress step=324100 round=26/40 episode=23/30 sample=zero_boundary_045 soc=0.6924 fc=420
progress step=324150 round=26/40 episode=23/30 sample=zero_boundary_045 soc=0.7132 fc=120
progress step=324200 round=26/40 episode=23/30 sample=zero_boundary_045 soc=0.5846 fc=120
progress step=324250 round=26/40 episode=23/30 sample=zero_boundary_045 soc=0.3411 fc=350
progress step=324300 round=26/40 episode=24/30 sample=zero_boundary_046 soc=0.6135 fc=120
progress step=324350 round=26/40 episode=24/30 sample=zero_boundary_046 soc=0.4335 fc=380
progress step=324400 round=26/40 episode=25/30 sample=zero_boundary_048 soc=0.6000 fc=0
progress step=324450 round=26/40 episode=25/30 sample=zero_boundary_048 soc=0.5860 fc=270
progress step=324500 round=26/40 episode=25/30 sample=zero_boundary_048 soc=0.3859 fc=270
progress step=324550 round=26/40 episode=25/30 sample=zero_boundary_048 soc=0.2850 fc=270
progress step=324600 round=26/40 episode=25/30 sample=zero_boundary_048 soc=0.3514 fc=180
progress step=324650 round=26/40 episode=25/30 sample=zero_boundary_048 soc=0.2618 fc=320
progress step=324700 round=26/40 episode=26/30 sample=zero_boundary_049 soc=0.6471 fc=510
progress step=324750 round=26/40 episode=26/30 sample=zero_boundary_049 soc=0.6635 fc=40
progress step=324800 round=26/40 episode=26/30 sample=zero_boundary_049 soc=0.6269 fc=510
progress step=324850 round=26/40 episode=26/30 sample=zero_boundary_049 soc=0.6288 fc=10
progress step=324900 round=26/40 episode=26/30 sample=zero_boundary_049 soc=0.6438 fc=270
progress step=324950 round=26/40 episode=26/30 sample=zero_boundary_049 soc=0.7988 fc=0
progress step=325000 round=26/40 episode=27/30 sample=zero_boundary_050 soc=0.7175 fc=260
progress step=325050 round=26/40 episode=27/30 sample=zero_boundary_050 soc=0.4892 fc=120
progress step=325100 round=26/40 episode=27/30 sample=zero_boundary_050 soc=0.2806 fc=40
progress step=325150 round=26/40 episode=28/30 sample=zero_boundary_051 soc=0.6192 fc=120
progress step=325200 round=26/40 episode=28/30 sample=zero_boundary_051 soc=0.6132 fc=130
progress step=325250 round=26/40 episode=28/30 sample=zero_boundary_051 soc=0.5967 fc=470
progress step=325300 round=26/40 episode=29/30 sample=zero_boundary_052 soc=0.6548 fc=170
progress step=325350 round=26/40 episode=29/30 sample=zero_boundary_052 soc=0.6254 fc=160
progress step=325400 round=26/40 episode=29/30 sample=zero_boundary_052 soc=0.3428 fc=270
progress step=325450 round=26/40 episode=29/30 sample=zero_boundary_052 soc=0.2921 fc=260
progress step=325500 round=26/40 episode=29/30 sample=zero_boundary_052 soc=0.3507 fc=70
progress step=325550 round=26/40 episode=30/30 sample=zero_boundary_053 soc=0.7128 fc=510
progress step=325600 round=26/40 episode=30/30 sample=zero_boundary_053 soc=0.6198 fc=110
progress step=325650 round=26/40 episode=30/30 sample=zero_boundary_053 soc=0.4222 fc=170
progress step=325700 round=26/40 episode=30/30 sample=zero_boundary_053 soc=0.4405 fc=120
progress step=325750 round=26/40 episode=30/30 sample=zero_boundary_053 soc=0.3986 fc=220
round 26/40 exploratory=18/30 greedy_train start
MONITOR round=26 exploratory=18/30 greedy_train=11/30 validation=SKIPPED cost=None updates=10751 best_round=None
round 27/40 start epsilon=0.3667
progress step=325800 round=27/40 episode=1/30 sample=zero_boundary_002 soc=0.7022 fc=570
progress step=325850 round=27/40 episode=1/30 sample=zero_boundary_002 soc=0.6654 fc=280
progress step=325900 round=27/40 episode=1/30 sample=zero_boundary_002 soc=0.3259 fc=300
progress step=325950 round=27/40 episode=1/30 sample=zero_boundary_002 soc=0.4323 fc=300
progress step=326000 round=27/40 episode=1/30 sample=zero_boundary_002 soc=0.2702 fc=170
progress step=326050 round=27/40 episode=1/30 sample=zero_boundary_002 soc=0.2941 fc=170
progress step=326100 round=27/40 episode=2/30 sample=zero_boundary_005 soc=0.6971 fc=590
progress step=326150 round=27/40 episode=2/30 sample=zero_boundary_005 soc=0.6201 fc=280
progress step=326200 round=27/40 episode=2/30 sample=zero_boundary_005 soc=0.5086 fc=170
progress step=326250 round=27/40 episode=2/30 sample=zero_boundary_005 soc=0.4022 fc=120
progress step=326300 round=27/40 episode=2/30 sample=zero_boundary_005 soc=0.2387 fc=230
progress step=326350 round=27/40 episode=2/30 sample=zero_boundary_005 soc=0.2058 fc=350
progress step=326400 round=27/40 episode=3/30 sample=zero_boundary_006 soc=0.7449 fc=570
progress step=326450 round=27/40 episode=3/30 sample=zero_boundary_006 soc=0.7990 fc=170
progress step=326500 round=27/40 episode=3/30 sample=zero_boundary_006 soc=0.7976 fc=150
progress step=326550 round=27/40 episode=3/30 sample=zero_boundary_006 soc=0.7954 fc=50
progress step=326600 round=27/40 episode=3/30 sample=zero_boundary_006 soc=0.7988 fc=150
progress step=326650 round=27/40 episode=3/30 sample=zero_boundary_006 soc=0.7985 fc=120
progress step=326700 round=27/40 episode=3/30 sample=zero_boundary_006 soc=0.7968 fc=180
progress step=326750 round=27/40 episode=4/30 sample=zero_boundary_007 soc=0.6785 fc=220
progress step=326800 round=27/40 episode=4/30 sample=zero_boundary_007 soc=0.5558 fc=500
progress step=326850 round=27/40 episode=4/30 sample=zero_boundary_007 soc=0.5695 fc=0
progress step=326900 round=27/40 episode=4/30 sample=zero_boundary_007 soc=0.5996 fc=510
progress step=326950 round=27/40 episode=4/30 sample=zero_boundary_007 soc=0.4989 fc=600
progress step=327000 round=27/40 episode=4/30 sample=zero_boundary_007 soc=0.4597 fc=570
progress step=327050 round=27/40 episode=5/30 sample=zero_boundary_008 soc=0.5771 fc=160
progress step=327100 round=27/40 episode=6/30 sample=zero_boundary_011 soc=0.6255 fc=0
progress step=327150 round=27/40 episode=6/30 sample=zero_boundary_011 soc=0.7999 fc=60
progress step=327200 round=27/40 episode=6/30 sample=zero_boundary_011 soc=0.6688 fc=160
progress step=327250 round=27/40 episode=6/30 sample=zero_boundary_011 soc=0.4298 fc=160
progress step=327300 round=27/40 episode=6/30 sample=zero_boundary_011 soc=0.2812 fc=160
progress step=327350 round=27/40 episode=7/30 sample=zero_boundary_013 soc=0.6955 fc=550
progress step=327400 round=27/40 episode=7/30 sample=zero_boundary_013 soc=0.7990 fc=390
progress step=327450 round=27/40 episode=7/30 sample=zero_boundary_013 soc=0.7961 fc=490
progress step=327500 round=27/40 episode=7/30 sample=zero_boundary_013 soc=0.7422 fc=570
progress step=327550 round=27/40 episode=7/30 sample=zero_boundary_013 soc=0.7997 fc=220
progress step=327600 round=27/40 episode=7/30 sample=zero_boundary_013 soc=0.7962 fc=550
progress step=327650 round=27/40 episode=7/30 sample=zero_boundary_013 soc=0.7958 fc=0
progress step=327700 round=27/40 episode=8/30 sample=zero_boundary_015 soc=0.7306 fc=520
progress step=327750 round=27/40 episode=8/30 sample=zero_boundary_015 soc=0.6889 fc=570
progress step=327800 round=27/40 episode=8/30 sample=zero_boundary_015 soc=0.3664 fc=270
progress step=327850 round=27/40 episode=9/30 sample=zero_boundary_016 soc=0.7940 fc=490
progress step=327900 round=27/40 episode=9/30 sample=zero_boundary_016 soc=0.7140 fc=220
progress step=327950 round=27/40 episode=9/30 sample=zero_boundary_016 soc=0.4775 fc=210
progress step=328000 round=27/40 episode=9/30 sample=zero_boundary_016 soc=0.2293 fc=370
progress step=328050 round=27/40 episode=10/30 sample=zero_boundary_017 soc=0.5111 fc=160
progress step=328100 round=27/40 episode=10/30 sample=zero_boundary_017 soc=0.2157 fc=200
progress step=328150 round=27/40 episode=11/30 sample=zero_boundary_020 soc=0.5794 fc=350
progress step=328200 round=27/40 episode=11/30 sample=zero_boundary_020 soc=0.5484 fc=300
progress step=328250 round=27/40 episode=12/30 sample=zero_boundary_021 soc=0.7460 fc=580
progress step=328300 round=27/40 episode=12/30 sample=zero_boundary_021 soc=0.7997 fc=190
progress step=328350 round=27/40 episode=12/30 sample=zero_boundary_021 soc=0.6868 fc=130
progress step=328400 round=27/40 episode=12/30 sample=zero_boundary_021 soc=0.5601 fc=210
progress step=328450 round=27/40 episode=12/30 sample=zero_boundary_021 soc=0.5401 fc=570
progress step=328500 round=27/40 episode=13/30 sample=zero_boundary_022 soc=0.6800 fc=470
progress step=328550 round=27/40 episode=13/30 sample=zero_boundary_022 soc=0.5907 fc=580
progress step=328600 round=27/40 episode=13/30 sample=zero_boundary_022 soc=0.6011 fc=370
progress step=328650 round=27/40 episode=14/30 sample=zero_boundary_029 soc=0.6290 fc=510
progress step=328700 round=27/40 episode=14/30 sample=zero_boundary_029 soc=0.7589 fc=290
progress step=328750 round=27/40 episode=14/30 sample=zero_boundary_029 soc=0.6872 fc=10
progress step=328800 round=27/40 episode=14/30 sample=zero_boundary_029 soc=0.6424 fc=170
progress step=328850 round=27/40 episode=14/30 sample=zero_boundary_029 soc=0.6965 fc=490
progress step=328900 round=27/40 episode=14/30 sample=zero_boundary_029 soc=0.7945 fc=480
progress step=328950 round=27/40 episode=14/30 sample=zero_boundary_029 soc=0.7967 fc=490
progress step=329000 round=27/40 episode=14/30 sample=zero_boundary_029 soc=0.7999 fc=0
progress step=329050 round=27/40 episode=14/30 sample=zero_boundary_029 soc=0.7999 fc=0
progress step=329100 round=27/40 episode=14/30 sample=zero_boundary_029 soc=0.7999 fc=0
progress step=329150 round=27/40 episode=14/30 sample=zero_boundary_029 soc=0.7999 fc=0
progress step=329200 round=27/40 episode=14/30 sample=zero_boundary_029 soc=0.7999 fc=0
progress step=329250 round=27/40 episode=14/30 sample=zero_boundary_029 soc=0.7999 fc=0
progress step=329300 round=27/40 episode=14/30 sample=zero_boundary_029 soc=0.7999 fc=0
progress step=329350 round=27/40 episode=14/30 sample=zero_boundary_029 soc=0.7999 fc=0
progress step=329400 round=27/40 episode=14/30 sample=zero_boundary_029 soc=0.7999 fc=0
progress step=329450 round=27/40 episode=14/30 sample=zero_boundary_029 soc=0.7999 fc=0
progress step=329500 round=27/40 episode=14/30 sample=zero_boundary_029 soc=0.7999 fc=0
progress step=329550 round=27/40 episode=14/30 sample=zero_boundary_029 soc=0.7994 fc=220
progress step=329600 round=27/40 episode=14/30 sample=zero_boundary_029 soc=0.8000 fc=140
progress step=329650 round=27/40 episode=14/30 sample=zero_boundary_029 soc=0.7851 fc=360
progress step=329700 round=27/40 episode=15/30 sample=zero_boundary_033 soc=0.6000 fc=0
progress step=329750 round=27/40 episode=15/30 sample=zero_boundary_033 soc=0.7973 fc=370
progress step=329800 round=27/40 episode=15/30 sample=zero_boundary_033 soc=0.7592 fc=180
progress step=329850 round=27/40 episode=15/30 sample=zero_boundary_033 soc=0.6333 fc=590
progress step=329900 round=27/40 episode=15/30 sample=zero_boundary_033 soc=0.5815 fc=180
progress step=329950 round=27/40 episode=15/30 sample=zero_boundary_033 soc=0.5838 fc=230
progress step=330000 round=27/40 episode=15/30 sample=zero_boundary_033 soc=0.3899 fc=200
progress step=330050 round=27/40 episode=15/30 sample=zero_boundary_033 soc=0.4437 fc=180
progress step=330100 round=27/40 episode=15/30 sample=zero_boundary_033 soc=0.6590 fc=480
progress step=330150 round=27/40 episode=15/30 sample=zero_boundary_033 soc=0.8000 fc=0
progress step=330200 round=27/40 episode=15/30 sample=zero_boundary_033 soc=0.8000 fc=0
progress step=330250 round=27/40 episode=15/30 sample=zero_boundary_033 soc=0.8000 fc=0
progress step=330300 round=27/40 episode=15/30 sample=zero_boundary_033 soc=0.7999 fc=0
progress step=330350 round=27/40 episode=15/30 sample=zero_boundary_033 soc=0.7999 fc=0
progress step=330400 round=27/40 episode=15/30 sample=zero_boundary_033 soc=0.7999 fc=0
progress step=330450 round=27/40 episode=15/30 sample=zero_boundary_033 soc=0.7992 fc=60
progress step=330500 round=27/40 episode=15/30 sample=zero_boundary_033 soc=0.7984 fc=60
progress step=330550 round=27/40 episode=15/30 sample=zero_boundary_033 soc=0.7988 fc=80
progress step=330600 round=27/40 episode=15/30 sample=zero_boundary_033 soc=0.7983 fc=20
progress step=330650 round=27/40 episode=15/30 sample=zero_boundary_033 soc=0.7990 fc=0
progress step=330700 round=27/40 episode=16/30 sample=zero_boundary_034 soc=0.7200 fc=270
progress step=330750 round=27/40 episode=16/30 sample=zero_boundary_034 soc=0.7999 fc=0
progress step=330800 round=27/40 episode=16/30 sample=zero_boundary_034 soc=0.7999 fc=0
progress step=330850 round=27/40 episode=16/30 sample=zero_boundary_034 soc=0.7999 fc=0
progress step=330900 round=27/40 episode=16/30 sample=zero_boundary_034 soc=0.7999 fc=0
progress step=330950 round=27/40 episode=16/30 sample=zero_boundary_034 soc=0.7999 fc=0
progress step=331000 round=27/40 episode=16/30 sample=zero_boundary_034 soc=0.7999 fc=0
progress step=331050 round=27/40 episode=16/30 sample=zero_boundary_034 soc=0.7999 fc=0
progress step=331100 round=27/40 episode=16/30 sample=zero_boundary_034 soc=0.7999 fc=0
progress step=331150 round=27/40 episode=16/30 sample=zero_boundary_034 soc=0.7999 fc=0
progress step=331200 round=27/40 episode=16/30 sample=zero_boundary_034 soc=0.7999 fc=0
progress step=331250 round=27/40 episode=16/30 sample=zero_boundary_034 soc=0.7999 fc=0
progress step=331300 round=27/40 episode=16/30 sample=zero_boundary_034 soc=0.7999 fc=0
progress step=331350 round=27/40 episode=16/30 sample=zero_boundary_034 soc=0.7999 fc=0
progress step=331400 round=27/40 episode=16/30 sample=zero_boundary_034 soc=0.7999 fc=0
progress step=331450 round=27/40 episode=16/30 sample=zero_boundary_034 soc=0.7999 fc=0
progress step=331500 round=27/40 episode=16/30 sample=zero_boundary_034 soc=0.7999 fc=0
progress step=331550 round=27/40 episode=16/30 sample=zero_boundary_034 soc=0.7969 fc=0
progress step=331600 round=27/40 episode=16/30 sample=zero_boundary_034 soc=0.7984 fc=20
progress step=331650 round=27/40 episode=16/30 sample=zero_boundary_034 soc=0.7992 fc=180
progress step=331700 round=27/40 episode=16/30 sample=zero_boundary_034 soc=0.7991 fc=60
progress step=331750 round=27/40 episode=16/30 sample=zero_boundary_034 soc=0.7705 fc=0
progress step=331800 round=27/40 episode=16/30 sample=zero_boundary_034 soc=0.8000 fc=30
progress step=331850 round=27/40 episode=16/30 sample=zero_boundary_034 soc=0.7983 fc=0
progress step=331900 round=27/40 episode=16/30 sample=zero_boundary_034 soc=0.7999 fc=0
progress step=331950 round=27/40 episode=16/30 sample=zero_boundary_034 soc=0.7999 fc=0
progress step=332000 round=27/40 episode=16/30 sample=zero_boundary_034 soc=0.7999 fc=0
progress step=332050 round=27/40 episode=16/30 sample=zero_boundary_034 soc=0.7999 fc=0
progress step=332100 round=27/40 episode=16/30 sample=zero_boundary_034 soc=0.7999 fc=0
progress step=332150 round=27/40 episode=16/30 sample=zero_boundary_034 soc=0.7999 fc=0
progress step=332200 round=27/40 episode=16/30 sample=zero_boundary_034 soc=0.7999 fc=0
progress step=332250 round=27/40 episode=16/30 sample=zero_boundary_034 soc=0.7999 fc=0
progress step=332300 round=27/40 episode=16/30 sample=zero_boundary_034 soc=0.7982 fc=110
progress step=332350 round=27/40 episode=17/30 sample=zero_boundary_037 soc=0.7372 fc=260
progress step=332400 round=27/40 episode=17/30 sample=zero_boundary_037 soc=0.7995 fc=240
progress step=332450 round=27/40 episode=17/30 sample=zero_boundary_037 soc=0.7940 fc=0
progress step=332500 round=27/40 episode=17/30 sample=zero_boundary_037 soc=0.7994 fc=170
progress step=332550 round=27/40 episode=17/30 sample=zero_boundary_037 soc=0.7711 fc=110
progress step=332600 round=27/40 episode=17/30 sample=zero_boundary_037 soc=0.7045 fc=130
progress step=332650 round=27/40 episode=17/30 sample=zero_boundary_037 soc=0.4917 fc=350
progress step=332700 round=27/40 episode=17/30 sample=zero_boundary_037 soc=0.5633 fc=580
progress step=332750 round=27/40 episode=17/30 sample=zero_boundary_037 soc=0.7622 fc=490
progress step=332800 round=27/40 episode=17/30 sample=zero_boundary_037 soc=0.7974 fc=0
progress step=332850 round=27/40 episode=17/30 sample=zero_boundary_037 soc=0.7995 fc=60
progress step=332900 round=27/40 episode=17/30 sample=zero_boundary_037 soc=0.8000 fc=60
progress step=332950 round=27/40 episode=17/30 sample=zero_boundary_037 soc=0.7989 fc=70
progress step=333000 round=27/40 episode=17/30 sample=zero_boundary_037 soc=0.7999 fc=20
progress step=333050 round=27/40 episode=17/30 sample=zero_boundary_037 soc=0.7927 fc=370
progress step=333100 round=27/40 episode=17/30 sample=zero_boundary_037 soc=0.7984 fc=0
progress step=333150 round=27/40 episode=17/30 sample=zero_boundary_037 soc=0.7963 fc=0
progress step=333200 round=27/40 episode=17/30 sample=zero_boundary_037 soc=0.7993 fc=0
progress step=333250 round=27/40 episode=17/30 sample=zero_boundary_037 soc=0.8000 fc=60
progress step=333300 round=27/40 episode=17/30 sample=zero_boundary_037 soc=0.7971 fc=250
progress step=333350 round=27/40 episode=17/30 sample=zero_boundary_037 soc=0.7999 fc=0
progress step=333400 round=27/40 episode=17/30 sample=zero_boundary_037 soc=0.7999 fc=0
progress step=333450 round=27/40 episode=17/30 sample=zero_boundary_037 soc=0.7988 fc=0
progress step=333500 round=27/40 episode=17/30 sample=zero_boundary_037 soc=0.7985 fc=90
progress step=333550 round=27/40 episode=17/30 sample=zero_boundary_037 soc=0.7999 fc=20
progress step=333600 round=27/40 episode=17/30 sample=zero_boundary_037 soc=0.7997 fc=50
progress step=333650 round=27/40 episode=17/30 sample=zero_boundary_037 soc=0.7996 fc=60
progress step=333700 round=27/40 episode=17/30 sample=zero_boundary_037 soc=0.7971 fc=0
progress step=333750 round=27/40 episode=17/30 sample=zero_boundary_037 soc=0.7999 fc=0
progress step=333800 round=27/40 episode=17/30 sample=zero_boundary_037 soc=0.7998 fc=20
progress step=333850 round=27/40 episode=17/30 sample=zero_boundary_037 soc=0.7994 fc=0
progress step=333900 round=27/40 episode=17/30 sample=zero_boundary_037 soc=0.7992 fc=40
progress step=333950 round=27/40 episode=17/30 sample=zero_boundary_037 soc=0.7991 fc=0
progress step=334000 round=27/40 episode=17/30 sample=zero_boundary_037 soc=0.7984 fc=0
progress step=334050 round=27/40 episode=17/30 sample=zero_boundary_037 soc=0.7986 fc=20
progress step=334100 round=27/40 episode=17/30 sample=zero_boundary_037 soc=0.7999 fc=0
progress step=334150 round=27/40 episode=17/30 sample=zero_boundary_037 soc=0.7993 fc=0
progress step=334200 round=27/40 episode=17/30 sample=zero_boundary_037 soc=0.7995 fc=20
progress step=334250 round=27/40 episode=18/30 sample=zero_boundary_038 soc=0.7467 fc=110
progress step=334300 round=27/40 episode=18/30 sample=zero_boundary_038 soc=0.7500 fc=130
progress step=334350 round=27/40 episode=18/30 sample=zero_boundary_038 soc=0.7393 fc=130
progress step=334400 round=27/40 episode=18/30 sample=zero_boundary_038 soc=0.5829 fc=170
progress step=334450 round=27/40 episode=18/30 sample=zero_boundary_038 soc=0.4250 fc=200
progress step=334500 round=27/40 episode=18/30 sample=zero_boundary_038 soc=0.3231 fc=0
progress step=334550 round=27/40 episode=18/30 sample=zero_boundary_038 soc=0.4344 fc=170
progress step=334600 round=27/40 episode=18/30 sample=zero_boundary_038 soc=0.5921 fc=510
progress step=334650 round=27/40 episode=18/30 sample=zero_boundary_038 soc=0.7991 fc=0
progress step=334700 round=27/40 episode=18/30 sample=zero_boundary_038 soc=0.7527 fc=130
progress step=334750 round=27/40 episode=18/30 sample=zero_boundary_038 soc=0.6351 fc=130
progress step=334800 round=27/40 episode=18/30 sample=zero_boundary_038 soc=0.5851 fc=130
progress step=334850 round=27/40 episode=18/30 sample=zero_boundary_038 soc=0.5359 fc=130
progress step=334900 round=27/40 episode=18/30 sample=zero_boundary_038 soc=0.5990 fc=330
progress step=334950 round=27/40 episode=19/30 sample=zero_boundary_040 soc=0.5765 fc=130
progress step=335000 round=27/40 episode=19/30 sample=zero_boundary_040 soc=0.3921 fc=170
progress step=335050 round=27/40 episode=19/30 sample=zero_boundary_040 soc=0.3026 fc=200
progress step=335100 round=27/40 episode=20/30 sample=zero_boundary_041 soc=0.5769 fc=130
progress step=335150 round=27/40 episode=20/30 sample=zero_boundary_041 soc=0.4162 fc=120
progress step=335200 round=27/40 episode=21/30 sample=zero_boundary_042 soc=0.6218 fc=370
progress step=335250 round=27/40 episode=21/30 sample=zero_boundary_042 soc=0.6389 fc=130
progress step=335300 round=27/40 episode=21/30 sample=zero_boundary_042 soc=0.4493 fc=410
progress step=335350 round=27/40 episode=21/30 sample=zero_boundary_042 soc=0.2003 fc=580
progress step=335400 round=27/40 episode=21/30 sample=zero_boundary_042 soc=0.2005 fc=500
progress step=335450 round=27/40 episode=21/30 sample=zero_boundary_042 soc=0.2001 fc=540
progress step=335500 round=27/40 episode=21/30 sample=zero_boundary_042 soc=0.2093 fc=250
progress step=335550 round=27/40 episode=22/30 sample=zero_boundary_044 soc=0.6307 fc=340
progress step=335600 round=27/40 episode=22/30 sample=zero_boundary_044 soc=0.6094 fc=130
progress step=335650 round=27/40 episode=22/30 sample=zero_boundary_044 soc=0.4054 fc=320
progress step=335700 round=27/40 episode=23/30 sample=zero_boundary_045 soc=0.6459 fc=580
progress step=335750 round=27/40 episode=23/30 sample=zero_boundary_045 soc=0.6768 fc=450
progress step=335800 round=27/40 episode=23/30 sample=zero_boundary_045 soc=0.5635 fc=340
progress step=335850 round=27/40 episode=23/30 sample=zero_boundary_045 soc=0.3473 fc=530
progress step=335900 round=27/40 episode=24/30 sample=zero_boundary_046 soc=0.5682 fc=340
progress step=335950 round=27/40 episode=24/30 sample=zero_boundary_046 soc=0.4616 fc=120
progress step=336000 round=27/40 episode=24/30 sample=zero_boundary_046 soc=0.2164 fc=250
progress step=336050 round=27/40 episode=25/30 sample=zero_boundary_048 soc=0.5472 fc=370
progress step=336100 round=27/40 episode=25/30 sample=zero_boundary_048 soc=0.3186 fc=0
progress step=336150 round=27/40 episode=25/30 sample=zero_boundary_048 soc=0.2139 fc=230
progress step=336200 round=27/40 episode=25/30 sample=zero_boundary_048 soc=0.2573 fc=240
progress step=336250 round=27/40 episode=26/30 sample=zero_boundary_049 soc=0.6571 fc=570
progress step=336300 round=27/40 episode=26/30 sample=zero_boundary_049 soc=0.7639 fc=470
progress step=336350 round=27/40 episode=26/30 sample=zero_boundary_049 soc=0.7701 fc=470
progress step=336400 round=27/40 episode=26/30 sample=zero_boundary_049 soc=0.7551 fc=100
progress step=336450 round=27/40 episode=26/30 sample=zero_boundary_049 soc=0.7908 fc=470
progress step=336500 round=27/40 episode=26/30 sample=zero_boundary_049 soc=0.7996 fc=0
progress step=336550 round=27/40 episode=27/30 sample=zero_boundary_050 soc=0.6860 fc=360
progress step=336600 round=27/40 episode=27/30 sample=zero_boundary_050 soc=0.4845 fc=540
progress step=336650 round=27/40 episode=27/30 sample=zero_boundary_050 soc=0.3044 fc=300
progress step=336700 round=27/40 episode=28/30 sample=zero_boundary_051 soc=0.6211 fc=170
progress step=336750 round=27/40 episode=28/30 sample=zero_boundary_051 soc=0.5739 fc=120
progress step=336800 round=27/40 episode=28/30 sample=zero_boundary_051 soc=0.5386 fc=10
progress step=336850 round=27/40 episode=29/30 sample=zero_boundary_052 soc=0.6578 fc=510
progress step=336900 round=27/40 episode=29/30 sample=zero_boundary_052 soc=0.6172 fc=70
progress step=336950 round=27/40 episode=29/30 sample=zero_boundary_052 soc=0.3541 fc=320
progress step=337000 round=27/40 episode=29/30 sample=zero_boundary_052 soc=0.3189 fc=270
progress step=337050 round=27/40 episode=29/30 sample=zero_boundary_052 soc=0.3650 fc=170
progress step=337100 round=27/40 episode=30/30 sample=zero_boundary_053 soc=0.6859 fc=120
progress step=337150 round=27/40 episode=30/30 sample=zero_boundary_053 soc=0.6598 fc=30
progress step=337200 round=27/40 episode=30/30 sample=zero_boundary_053 soc=0.4403 fc=120
progress step=337250 round=27/40 episode=30/30 sample=zero_boundary_053 soc=0.4710 fc=0
progress step=337300 round=27/40 episode=30/30 sample=zero_boundary_053 soc=0.4314 fc=570
round 27/40 exploratory=17/30 greedy_train start
MONITOR round=27 exploratory=17/30 greedy_train=11/30 validation=SKIPPED cost=None updates=11112 best_round=None
round 28/40 start epsilon=0.3423
progress step=337350 round=28/40 episode=1/30 sample=zero_boundary_002 soc=0.6267 fc=510
progress step=337400 round=28/40 episode=1/30 sample=zero_boundary_002 soc=0.6268 fc=120
progress step=337450 round=28/40 episode=1/30 sample=zero_boundary_002 soc=0.2593 fc=320
progress step=337500 round=28/40 episode=1/30 sample=zero_boundary_002 soc=0.3809 fc=120
progress step=337550 round=28/40 episode=1/30 sample=zero_boundary_002 soc=0.2264 fc=270
progress step=337600 round=28/40 episode=1/30 sample=zero_boundary_002 soc=0.2396 fc=170
progress step=337650 round=28/40 episode=2/30 sample=zero_boundary_005 soc=0.7108 fc=590
progress step=337700 round=28/40 episode=2/30 sample=zero_boundary_005 soc=0.6857 fc=320
progress step=337750 round=28/40 episode=2/30 sample=zero_boundary_005 soc=0.5510 fc=170
progress step=337800 round=28/40 episode=2/30 sample=zero_boundary_005 soc=0.4674 fc=320
progress step=337850 round=28/40 episode=2/30 sample=zero_boundary_005 soc=0.2451 fc=120
progress step=337900 round=28/40 episode=2/30 sample=zero_boundary_005 soc=0.2003 fc=390
progress step=337950 round=28/40 episode=3/30 sample=zero_boundary_006 soc=0.6934 fc=430
progress step=338000 round=28/40 episode=3/30 sample=zero_boundary_006 soc=0.8000 fc=110
progress step=338050 round=28/40 episode=3/30 sample=zero_boundary_006 soc=0.7937 fc=0
progress step=338100 round=28/40 episode=3/30 sample=zero_boundary_006 soc=0.7971 fc=0
progress step=338150 round=28/40 episode=3/30 sample=zero_boundary_006 soc=0.7922 fc=0
progress step=338200 round=28/40 episode=3/30 sample=zero_boundary_006 soc=0.7971 fc=270
progress step=338250 round=28/40 episode=3/30 sample=zero_boundary_006 soc=0.7986 fc=70
progress step=338300 round=28/40 episode=4/30 sample=zero_boundary_007 soc=0.6134 fc=280
progress step=338350 round=28/40 episode=4/30 sample=zero_boundary_007 soc=0.4583 fc=120
progress step=338400 round=28/40 episode=4/30 sample=zero_boundary_007 soc=0.4643 fc=350
progress step=338450 round=28/40 episode=4/30 sample=zero_boundary_007 soc=0.4803 fc=60
progress step=338500 round=28/40 episode=4/30 sample=zero_boundary_007 soc=0.3615 fc=120
progress step=338550 round=28/40 episode=4/30 sample=zero_boundary_007 soc=0.2969 fc=120
progress step=338600 round=28/40 episode=5/30 sample=zero_boundary_008 soc=0.6149 fc=280
progress step=338650 round=28/40 episode=6/30 sample=zero_boundary_011 soc=0.6050 fc=570
progress step=338700 round=28/40 episode=6/30 sample=zero_boundary_011 soc=0.7973 fc=260
progress step=338750 round=28/40 episode=6/30 sample=zero_boundary_011 soc=0.6904 fc=210
progress step=338800 round=28/40 episode=6/30 sample=zero_boundary_011 soc=0.5248 fc=20
progress step=338850 round=28/40 episode=6/30 sample=zero_boundary_011 soc=0.3263 fc=150
progress step=338900 round=28/40 episode=6/30 sample=zero_boundary_011 soc=0.2001 fc=560
progress step=338950 round=28/40 episode=6/30 sample=zero_boundary_011 soc=0.3154 fc=0
progress step=339000 round=28/40 episode=6/30 sample=zero_boundary_011 soc=0.4572 fc=0
progress step=339050 round=28/40 episode=6/30 sample=zero_boundary_011 soc=0.5869 fc=0
progress step=339100 round=28/40 episode=6/30 sample=zero_boundary_011 soc=0.7981 fc=20
progress step=339150 round=28/40 episode=6/30 sample=zero_boundary_011 soc=0.7733 fc=530
progress step=339200 round=28/40 episode=6/30 sample=zero_boundary_011 soc=0.7710 fc=530
progress step=339250 round=28/40 episode=6/30 sample=zero_boundary_011 soc=0.7986 fc=170
progress step=339300 round=28/40 episode=6/30 sample=zero_boundary_011 soc=0.7980 fc=340
progress step=339350 round=28/40 episode=6/30 sample=zero_boundary_011 soc=0.7847 fc=80
progress step=339400 round=28/40 episode=7/30 sample=zero_boundary_013 soc=0.6289 fc=0
progress step=339450 round=28/40 episode=7/30 sample=zero_boundary_013 soc=0.7472 fc=150
progress step=339500 round=28/40 episode=7/30 sample=zero_boundary_013 soc=0.7720 fc=560
progress step=339550 round=28/40 episode=7/30 sample=zero_boundary_013 soc=0.7543 fc=170
progress step=339600 round=28/40 episode=7/30 sample=zero_boundary_013 soc=0.7975 fc=170
progress step=339650 round=28/40 episode=7/30 sample=zero_boundary_013 soc=0.7999 fc=230
progress step=339700 round=28/40 episode=7/30 sample=zero_boundary_013 soc=0.7977 fc=170
progress step=339750 round=28/40 episode=8/30 sample=zero_boundary_015 soc=0.6740 fc=590
progress step=339800 round=28/40 episode=8/30 sample=zero_boundary_015 soc=0.6291 fc=170
progress step=339850 round=28/40 episode=8/30 sample=zero_boundary_015 soc=0.5237 fc=160
progress step=339900 round=28/40 episode=9/30 sample=zero_boundary_016 soc=0.7230 fc=550
progress step=339950 round=28/40 episode=9/30 sample=zero_boundary_016 soc=0.7921 fc=220
progress step=340000 round=28/40 episode=9/30 sample=zero_boundary_016 soc=0.5942 fc=290
progress step=340050 round=28/40 episode=9/30 sample=zero_boundary_016 soc=0.3652 fc=290
progress step=340100 round=28/40 episode=10/30 sample=zero_boundary_017 soc=0.6051 fc=170
progress step=340150 round=28/40 episode=10/30 sample=zero_boundary_017 soc=0.3526 fc=530
progress step=340200 round=28/40 episode=11/30 sample=zero_boundary_020 soc=0.6672 fc=140
progress step=340250 round=28/40 episode=11/30 sample=zero_boundary_020 soc=0.6162 fc=420
progress step=340300 round=28/40 episode=11/30 sample=zero_boundary_020 soc=0.7163 fc=550
progress step=340350 round=28/40 episode=12/30 sample=zero_boundary_021 soc=0.7428 fc=490
progress step=340400 round=28/40 episode=12/30 sample=zero_boundary_021 soc=0.7535 fc=500
progress step=340450 round=28/40 episode=12/30 sample=zero_boundary_021 soc=0.6565 fc=410
progress step=340500 round=28/40 episode=12/30 sample=zero_boundary_021 soc=0.5063 fc=170
progress step=340550 round=28/40 episode=13/30 sample=zero_boundary_022 soc=0.6581 fc=550
progress step=340600 round=28/40 episode=13/30 sample=zero_boundary_022 soc=0.6317 fc=120
progress step=340650 round=28/40 episode=13/30 sample=zero_boundary_022 soc=0.6309 fc=170
progress step=340700 round=28/40 episode=13/30 sample=zero_boundary_022 soc=0.7087 fc=550
progress step=340750 round=28/40 episode=14/30 sample=zero_boundary_029 soc=0.6712 fc=120
progress step=340800 round=28/40 episode=14/30 sample=zero_boundary_029 soc=0.6713 fc=420
progress step=340850 round=28/40 episode=14/30 sample=zero_boundary_029 soc=0.6052 fc=90
progress step=340900 round=28/40 episode=14/30 sample=zero_boundary_029 soc=0.5949 fc=440
progress step=340950 round=28/40 episode=14/30 sample=zero_boundary_029 soc=0.7697 fc=140
progress step=341000 round=28/40 episode=14/30 sample=zero_boundary_029 soc=0.7994 fc=230
progress step=341050 round=28/40 episode=14/30 sample=zero_boundary_029 soc=0.7954 fc=0
progress step=341100 round=28/40 episode=14/30 sample=zero_boundary_029 soc=0.8000 fc=0
progress step=341150 round=28/40 episode=14/30 sample=zero_boundary_029 soc=0.8000 fc=0
progress step=341200 round=28/40 episode=14/30 sample=zero_boundary_029 soc=0.8000 fc=0
progress step=341250 round=28/40 episode=14/30 sample=zero_boundary_029 soc=0.8000 fc=0
progress step=341300 round=28/40 episode=14/30 sample=zero_boundary_029 soc=0.8000 fc=0
progress step=341350 round=28/40 episode=14/30 sample=zero_boundary_029 soc=0.8000 fc=0
progress step=341400 round=28/40 episode=14/30 sample=zero_boundary_029 soc=0.8000 fc=0
progress step=341450 round=28/40 episode=14/30 sample=zero_boundary_029 soc=0.8000 fc=0
progress step=341500 round=28/40 episode=14/30 sample=zero_boundary_029 soc=0.8000 fc=0
progress step=341550 round=28/40 episode=14/30 sample=zero_boundary_029 soc=0.8000 fc=0
progress step=341600 round=28/40 episode=14/30 sample=zero_boundary_029 soc=0.7980 fc=0
progress step=341650 round=28/40 episode=14/30 sample=zero_boundary_029 soc=0.7993 fc=290
progress step=341700 round=28/40 episode=14/30 sample=zero_boundary_029 soc=0.7998 fc=170
progress step=341750 round=28/40 episode=14/30 sample=zero_boundary_029 soc=0.7997 fc=90
progress step=341800 round=28/40 episode=15/30 sample=zero_boundary_033 soc=0.6893 fc=510
progress step=341850 round=28/40 episode=15/30 sample=zero_boundary_033 soc=0.7998 fc=80
progress step=341900 round=28/40 episode=15/30 sample=zero_boundary_033 soc=0.7241 fc=480
progress step=341950 round=28/40 episode=15/30 sample=zero_boundary_033 soc=0.7400 fc=160
progress step=342000 round=28/40 episode=15/30 sample=zero_boundary_033 soc=0.6316 fc=0
progress step=342050 round=28/40 episode=15/30 sample=zero_boundary_033 soc=0.5250 fc=120
progress step=342100 round=28/40 episode=15/30 sample=zero_boundary_033 soc=0.3398 fc=430
progress step=342150 round=28/40 episode=15/30 sample=zero_boundary_033 soc=0.5218 fc=510
progress step=342200 round=28/40 episode=15/30 sample=zero_boundary_033 soc=0.7983 fc=100
progress step=342250 round=28/40 episode=15/30 sample=zero_boundary_033 soc=0.7999 fc=0
progress step=342300 round=28/40 episode=15/30 sample=zero_boundary_033 soc=0.7999 fc=0
progress step=342350 round=28/40 episode=15/30 sample=zero_boundary_033 soc=0.7999 fc=0
progress step=342400 round=28/40 episode=15/30 sample=zero_boundary_033 soc=0.7999 fc=0
progress step=342450 round=28/40 episode=15/30 sample=zero_boundary_033 soc=0.7999 fc=0
progress step=342500 round=28/40 episode=15/30 sample=zero_boundary_033 soc=0.7999 fc=0
progress step=342550 round=28/40 episode=15/30 sample=zero_boundary_033 soc=0.7996 fc=50
progress step=342600 round=28/40 episode=15/30 sample=zero_boundary_033 soc=0.7993 fc=0
progress step=342650 round=28/40 episode=15/30 sample=zero_boundary_033 soc=0.7994 fc=60
progress step=342700 round=28/40 episode=15/30 sample=zero_boundary_033 soc=0.7973 fc=0
progress step=342750 round=28/40 episode=15/30 sample=zero_boundary_033 soc=0.7979 fc=20
progress step=342800 round=28/40 episode=16/30 sample=zero_boundary_034 soc=0.8000 fc=0
progress step=342850 round=28/40 episode=16/30 sample=zero_boundary_034 soc=0.8000 fc=0
progress step=342900 round=28/40 episode=16/30 sample=zero_boundary_034 soc=0.8000 fc=0
progress step=342950 round=28/40 episode=16/30 sample=zero_boundary_034 soc=0.8000 fc=0
progress step=343000 round=28/40 episode=16/30 sample=zero_boundary_034 soc=0.8000 fc=0
progress step=343050 round=28/40 episode=16/30 sample=zero_boundary_034 soc=0.8000 fc=0
progress step=343100 round=28/40 episode=16/30 sample=zero_boundary_034 soc=0.8000 fc=0
progress step=343150 round=28/40 episode=16/30 sample=zero_boundary_034 soc=0.8000 fc=0
progress step=343200 round=28/40 episode=16/30 sample=zero_boundary_034 soc=0.8000 fc=0
progress step=343250 round=28/40 episode=16/30 sample=zero_boundary_034 soc=0.8000 fc=0
progress step=343300 round=28/40 episode=16/30 sample=zero_boundary_034 soc=0.8000 fc=0
progress step=343350 round=28/40 episode=16/30 sample=zero_boundary_034 soc=0.8000 fc=0
progress step=343400 round=28/40 episode=16/30 sample=zero_boundary_034 soc=0.8000 fc=0
progress step=343450 round=28/40 episode=16/30 sample=zero_boundary_034 soc=0.8000 fc=0
progress step=343500 round=28/40 episode=16/30 sample=zero_boundary_034 soc=0.8000 fc=0
progress step=343550 round=28/40 episode=16/30 sample=zero_boundary_034 soc=0.8000 fc=0
progress step=343600 round=28/40 episode=16/30 sample=zero_boundary_034 soc=0.8000 fc=0
progress step=343650 round=28/40 episode=16/30 sample=zero_boundary_034 soc=0.7980 fc=10
progress step=343700 round=28/40 episode=16/30 sample=zero_boundary_034 soc=0.7867 fc=0
progress step=343750 round=28/40 episode=16/30 sample=zero_boundary_034 soc=0.7989 fc=170
progress step=343800 round=28/40 episode=16/30 sample=zero_boundary_034 soc=0.7986 fc=170
progress step=343850 round=28/40 episode=16/30 sample=zero_boundary_034 soc=0.7962 fc=90
progress step=343900 round=28/40 episode=16/30 sample=zero_boundary_034 soc=0.7984 fc=170
progress step=343950 round=28/40 episode=16/30 sample=zero_boundary_034 soc=0.7998 fc=0
progress step=344000 round=28/40 episode=16/30 sample=zero_boundary_034 soc=0.7999 fc=0
progress step=344050 round=28/40 episode=16/30 sample=zero_boundary_034 soc=0.7999 fc=0
progress step=344100 round=28/40 episode=16/30 sample=zero_boundary_034 soc=0.7999 fc=0
progress step=344150 round=28/40 episode=16/30 sample=zero_boundary_034 soc=0.7999 fc=0
progress step=344200 round=28/40 episode=16/30 sample=zero_boundary_034 soc=0.7999 fc=0
progress step=344250 round=28/40 episode=16/30 sample=zero_boundary_034 soc=0.7999 fc=0
progress step=344300 round=28/40 episode=16/30 sample=zero_boundary_034 soc=0.7999 fc=0
progress step=344350 round=28/40 episode=16/30 sample=zero_boundary_034 soc=0.7999 fc=0
progress step=344400 round=28/40 episode=17/30 sample=zero_boundary_037 soc=0.6191 fc=170
progress step=344450 round=28/40 episode=17/30 sample=zero_boundary_037 soc=0.7752 fc=120
progress step=344500 round=28/40 episode=17/30 sample=zero_boundary_037 soc=0.7952 fc=440
progress step=344550 round=28/40 episode=17/30 sample=zero_boundary_037 soc=0.7949 fc=110
progress step=344600 round=28/40 episode=17/30 sample=zero_boundary_037 soc=0.7998 fc=110
progress step=344650 round=28/40 episode=17/30 sample=zero_boundary_037 soc=0.7893 fc=470
progress step=344700 round=28/40 episode=17/30 sample=zero_boundary_037 soc=0.6425 fc=280
progress step=344750 round=28/40 episode=17/30 sample=zero_boundary_037 soc=0.4736 fc=570
progress step=344800 round=28/40 episode=17/30 sample=zero_boundary_037 soc=0.7166 fc=170
progress step=344850 round=28/40 episode=17/30 sample=zero_boundary_037 soc=0.7994 fc=0
progress step=344900 round=28/40 episode=17/30 sample=zero_boundary_037 soc=0.7986 fc=90
progress step=344950 round=28/40 episode=17/30 sample=zero_boundary_037 soc=0.7933 fc=0
progress step=345000 round=28/40 episode=17/30 sample=zero_boundary_037 soc=0.7995 fc=0
progress step=345050 round=28/40 episode=17/30 sample=zero_boundary_037 soc=0.7968 fc=90
progress step=345100 round=28/40 episode=17/30 sample=zero_boundary_037 soc=0.7954 fc=0
progress step=345150 round=28/40 episode=17/30 sample=zero_boundary_037 soc=0.7968 fc=0
progress step=345200 round=28/40 episode=17/30 sample=zero_boundary_037 soc=0.7988 fc=0
progress step=345250 round=28/40 episode=17/30 sample=zero_boundary_037 soc=0.7997 fc=0
progress step=345300 round=28/40 episode=17/30 sample=zero_boundary_037 soc=0.7991 fc=110
progress step=345350 round=28/40 episode=17/30 sample=zero_boundary_037 soc=0.7961 fc=0
progress step=345400 round=28/40 episode=17/30 sample=zero_boundary_037 soc=0.7999 fc=0
progress step=345450 round=28/40 episode=17/30 sample=zero_boundary_037 soc=0.7999 fc=0
progress step=345500 round=28/40 episode=17/30 sample=zero_boundary_037 soc=0.7999 fc=0
progress step=345550 round=28/40 episode=17/30 sample=zero_boundary_037 soc=0.7946 fc=0
progress step=345600 round=28/40 episode=17/30 sample=zero_boundary_037 soc=0.7983 fc=0
progress step=345650 round=28/40 episode=17/30 sample=zero_boundary_037 soc=0.7999 fc=10
progress step=345700 round=28/40 episode=17/30 sample=zero_boundary_037 soc=0.7980 fc=0
progress step=345750 round=28/40 episode=17/30 sample=zero_boundary_037 soc=0.7996 fc=0
progress step=345800 round=28/40 episode=17/30 sample=zero_boundary_037 soc=0.7995 fc=20
progress step=345850 round=28/40 episode=17/30 sample=zero_boundary_037 soc=0.7986 fc=0
progress step=345900 round=28/40 episode=17/30 sample=zero_boundary_037 soc=0.7995 fc=0
progress step=345950 round=28/40 episode=17/30 sample=zero_boundary_037 soc=0.7969 fc=20
progress step=346000 round=28/40 episode=17/30 sample=zero_boundary_037 soc=0.7994 fc=0
progress step=346050 round=28/40 episode=17/30 sample=zero_boundary_037 soc=0.7977 fc=0
progress step=346100 round=28/40 episode=17/30 sample=zero_boundary_037 soc=0.7983 fc=100
progress step=346150 round=28/40 episode=17/30 sample=zero_boundary_037 soc=0.7984 fc=0
progress step=346200 round=28/40 episode=17/30 sample=zero_boundary_037 soc=0.7995 fc=0
progress step=346250 round=28/40 episode=17/30 sample=zero_boundary_037 soc=0.7988 fc=0
progress step=346300 round=28/40 episode=18/30 sample=zero_boundary_038 soc=0.6586 fc=550
progress step=346350 round=28/40 episode=18/30 sample=zero_boundary_038 soc=0.7600 fc=130
progress step=346400 round=28/40 episode=18/30 sample=zero_boundary_038 soc=0.7663 fc=130
progress step=346450 round=28/40 episode=18/30 sample=zero_boundary_038 soc=0.7196 fc=450
progress step=346500 round=28/40 episode=18/30 sample=zero_boundary_038 soc=0.6412 fc=90
progress step=346550 round=28/40 episode=18/30 sample=zero_boundary_038 soc=0.4396 fc=130
progress step=346600 round=28/40 episode=18/30 sample=zero_boundary_038 soc=0.4631 fc=510
progress step=346650 round=28/40 episode=18/30 sample=zero_boundary_038 soc=0.6431 fc=550
progress step=346700 round=28/40 episode=18/30 sample=zero_boundary_038 soc=0.7985 fc=110
progress step=346750 round=28/40 episode=18/30 sample=zero_boundary_038 soc=0.7933 fc=420
progress step=346800 round=28/40 episode=18/30 sample=zero_boundary_038 soc=0.7696 fc=590
progress step=346850 round=28/40 episode=18/30 sample=zero_boundary_038 soc=0.7942 fc=130
progress step=346900 round=28/40 episode=18/30 sample=zero_boundary_038 soc=0.7887 fc=510
progress step=346950 round=28/40 episode=18/30 sample=zero_boundary_038 soc=0.7998 fc=20
progress step=347000 round=28/40 episode=19/30 sample=zero_boundary_040 soc=0.5951 fc=90
progress step=347050 round=28/40 episode=19/30 sample=zero_boundary_040 soc=0.5155 fc=100
progress step=347100 round=28/40 episode=19/30 sample=zero_boundary_040 soc=0.3195 fc=210
progress step=347150 round=28/40 episode=19/30 sample=zero_boundary_040 soc=0.2206 fc=220
progress step=347200 round=28/40 episode=19/30 sample=zero_boundary_040 soc=0.2103 fc=380
progress step=347250 round=28/40 episode=19/30 sample=zero_boundary_040 soc=0.2026 fc=260
progress step=347300 round=28/40 episode=20/30 sample=zero_boundary_041 soc=0.4957 fc=120
progress step=347350 round=28/40 episode=20/30 sample=zero_boundary_041 soc=0.3150 fc=200
progress step=347400 round=28/40 episode=21/30 sample=zero_boundary_042 soc=0.7398 fc=550
progress step=347450 round=28/40 episode=21/30 sample=zero_boundary_042 soc=0.5079 fc=120
progress step=347500 round=28/40 episode=21/30 sample=zero_boundary_042 soc=0.2551 fc=210
progress step=347550 round=28/40 episode=21/30 sample=zero_boundary_042 soc=0.2000 fc=510
progress step=347600 round=28/40 episode=21/30 sample=zero_boundary_042 soc=0.2010 fc=470
progress step=347650 round=28/40 episode=21/30 sample=zero_boundary_042 soc=0.3142 fc=590
progress step=347700 round=28/40 episode=21/30 sample=zero_boundary_042 soc=0.2003 fc=590
progress step=347750 round=28/40 episode=22/30 sample=zero_boundary_044 soc=0.6998 fc=160
progress step=347800 round=28/40 episode=22/30 sample=zero_boundary_044 soc=0.5134 fc=160
progress step=347850 round=28/40 episode=22/30 sample=zero_boundary_044 soc=0.2225 fc=200
progress step=347900 round=28/40 episode=23/30 sample=zero_boundary_045 soc=0.6894 fc=570
progress step=347950 round=28/40 episode=23/30 sample=zero_boundary_045 soc=0.5728 fc=430
progress step=348000 round=28/40 episode=23/30 sample=zero_boundary_045 soc=0.4047 fc=70
progress step=348050 round=28/40 episode=24/30 sample=zero_boundary_046 soc=0.6163 fc=280
progress step=348100 round=28/40 episode=24/30 sample=zero_boundary_046 soc=0.4523 fc=120
progress step=348150 round=28/40 episode=24/30 sample=zero_boundary_046 soc=0.2112 fc=550
progress step=348200 round=28/40 episode=25/30 sample=zero_boundary_048 soc=0.6627 fc=120
progress step=348250 round=28/40 episode=25/30 sample=zero_boundary_048 soc=0.4070 fc=120
progress step=348300 round=28/40 episode=25/30 sample=zero_boundary_048 soc=0.2467 fc=210
progress step=348350 round=28/40 episode=25/30 sample=zero_boundary_048 soc=0.2941 fc=130
progress step=348400 round=28/40 episode=25/30 sample=zero_boundary_048 soc=0.2235 fc=210
progress step=348450 round=28/40 episode=26/30 sample=zero_boundary_049 soc=0.6457 fc=540
progress step=348500 round=28/40 episode=26/30 sample=zero_boundary_049 soc=0.6900 fc=130
progress step=348550 round=28/40 episode=26/30 sample=zero_boundary_049 soc=0.6808 fc=420
progress step=348600 round=28/40 episode=26/30 sample=zero_boundary_049 soc=0.6811 fc=420
progress step=348650 round=28/40 episode=26/30 sample=zero_boundary_049 soc=0.7304 fc=590
progress step=348700 round=28/40 episode=26/30 sample=zero_boundary_049 soc=0.7990 fc=40
progress step=348750 round=28/40 episode=27/30 sample=zero_boundary_050 soc=0.6634 fc=130
progress step=348800 round=28/40 episode=27/30 sample=zero_boundary_050 soc=0.4605 fc=420
progress step=348850 round=28/40 episode=27/30 sample=zero_boundary_050 soc=0.2462 fc=200
progress step=348900 round=28/40 episode=28/30 sample=zero_boundary_051 soc=0.5733 fc=370
progress step=348950 round=28/40 episode=28/30 sample=zero_boundary_051 soc=0.5763 fc=410
progress step=349000 round=28/40 episode=28/30 sample=zero_boundary_051 soc=0.5960 fc=420
progress step=349050 round=28/40 episode=29/30 sample=zero_boundary_052 soc=0.7045 fc=120
progress step=349100 round=28/40 episode=29/30 sample=zero_boundary_052 soc=0.4283 fc=320
progress step=349150 round=28/40 episode=29/30 sample=zero_boundary_052 soc=0.2316 fc=120
progress step=349200 round=28/40 episode=29/30 sample=zero_boundary_052 soc=0.2450 fc=130
progress step=349250 round=28/40 episode=29/30 sample=zero_boundary_052 soc=0.3740 fc=510
progress step=349300 round=28/40 episode=30/30 sample=zero_boundary_053 soc=0.7125 fc=420
progress step=349350 round=28/40 episode=30/30 sample=zero_boundary_053 soc=0.5082 fc=120
progress step=349400 round=28/40 episode=30/30 sample=zero_boundary_053 soc=0.4517 fc=210
progress step=349450 round=28/40 episode=30/30 sample=zero_boundary_053 soc=0.4976 fc=420
progress step=349500 round=28/40 episode=30/30 sample=zero_boundary_053 soc=0.5491 fc=170
round 28/40 exploratory=19/30 greedy_train start
MONITOR round=28 exploratory=19/30 greedy_train=12/30 validation=SKIPPED cost=None updates=11493 best_round=None
round 29/40 start epsilon=0.3179
progress step=349550 round=29/40 episode=1/30 sample=zero_boundary_002 soc=0.7630 fc=600
progress step=349600 round=29/40 episode=1/30 sample=zero_boundary_002 soc=0.4885 fc=120
progress step=349650 round=29/40 episode=1/30 sample=zero_boundary_002 soc=0.2684 fc=140
progress step=349700 round=29/40 episode=1/30 sample=zero_boundary_002 soc=0.3290 fc=230
progress step=349750 round=29/40 episode=1/30 sample=zero_boundary_002 soc=0.2994 fc=120
progress step=349800 round=29/40 episode=1/30 sample=zero_boundary_002 soc=0.3795 fc=510
progress step=349850 round=29/40 episode=2/30 sample=zero_boundary_005 soc=0.6530 fc=170
progress step=349900 round=29/40 episode=2/30 sample=zero_boundary_005 soc=0.4738 fc=270
progress step=349950 round=29/40 episode=2/30 sample=zero_boundary_005 soc=0.4447 fc=520
progress step=350000 round=29/40 episode=2/30 sample=zero_boundary_005 soc=0.3679 fc=270
progress step=350050 round=29/40 episode=2/30 sample=zero_boundary_005 soc=0.2674 fc=190
progress step=350100 round=29/40 episode=2/30 sample=zero_boundary_005 soc=0.3059 fc=420
progress step=350150 round=29/40 episode=3/30 sample=zero_boundary_006 soc=0.7797 fc=290
progress step=350200 round=29/40 episode=3/30 sample=zero_boundary_006 soc=0.7969 fc=0
progress step=350250 round=29/40 episode=3/30 sample=zero_boundary_006 soc=0.7983 fc=100
progress step=350300 round=29/40 episode=3/30 sample=zero_boundary_006 soc=0.7983 fc=0
progress step=350350 round=29/40 episode=3/30 sample=zero_boundary_006 soc=0.7614 fc=600
progress step=350400 round=29/40 episode=3/30 sample=zero_boundary_006 soc=0.7960 fc=440
progress step=350450 round=29/40 episode=3/30 sample=zero_boundary_006 soc=0.7995 fc=0
progress step=350500 round=29/40 episode=4/30 sample=zero_boundary_007 soc=0.6462 fc=130
progress step=350550 round=29/40 episode=4/30 sample=zero_boundary_007 soc=0.4976 fc=160
progress step=350600 round=29/40 episode=4/30 sample=zero_boundary_007 soc=0.4827 fc=580
progress step=350650 round=29/40 episode=4/30 sample=zero_boundary_007 soc=0.4862 fc=120
progress step=350700 round=29/40 episode=4/30 sample=zero_boundary_007 soc=0.4226 fc=120
progress step=350750 round=29/40 episode=5/30 sample=zero_boundary_008 soc=0.6254 fc=130
progress step=350800 round=29/40 episode=5/30 sample=zero_boundary_008 soc=0.3592 fc=320
progress step=350850 round=29/40 episode=6/30 sample=zero_boundary_011 soc=0.7478 fc=530
progress step=350900 round=29/40 episode=6/30 sample=zero_boundary_011 soc=0.7521 fc=160
progress step=350950 round=29/40 episode=6/30 sample=zero_boundary_011 soc=0.5805 fc=140
progress step=351000 round=29/40 episode=6/30 sample=zero_boundary_011 soc=0.3314 fc=240
progress step=351050 round=29/40 episode=7/30 sample=zero_boundary_013 soc=0.6106 fc=500
progress step=351100 round=29/40 episode=7/30 sample=zero_boundary_013 soc=0.7918 fc=100
progress step=351150 round=29/40 episode=7/30 sample=zero_boundary_013 soc=0.7658 fc=130
progress step=351200 round=29/40 episode=7/30 sample=zero_boundary_013 soc=0.7758 fc=160
progress step=351250 round=29/40 episode=7/30 sample=zero_boundary_013 soc=0.7776 fc=580
progress step=351300 round=29/40 episode=7/30 sample=zero_boundary_013 soc=0.7931 fc=400
progress step=351350 round=29/40 episode=7/30 sample=zero_boundary_013 soc=0.7832 fc=600
progress step=351400 round=29/40 episode=8/30 sample=zero_boundary_015 soc=0.6596 fc=580
progress step=351450 round=29/40 episode=8/30 sample=zero_boundary_015 soc=0.6379 fc=130
progress step=351500 round=29/40 episode=8/30 sample=zero_boundary_015 soc=0.4894 fc=320
progress step=351550 round=29/40 episode=9/30 sample=zero_boundary_016 soc=0.7298 fc=550
progress step=351600 round=29/40 episode=9/30 sample=zero_boundary_016 soc=0.7824 fc=130
progress step=351650 round=29/40 episode=9/30 sample=zero_boundary_016 soc=0.5781 fc=280
progress step=351700 round=29/40 episode=9/30 sample=zero_boundary_016 soc=0.3589 fc=520
progress step=351750 round=29/40 episode=10/30 sample=zero_boundary_017 soc=0.5748 fc=120
progress step=351800 round=29/40 episode=10/30 sample=zero_boundary_017 soc=0.3003 fc=180
progress step=351850 round=29/40 episode=11/30 sample=zero_boundary_020 soc=0.6714 fc=130
progress step=351900 round=29/40 episode=11/30 sample=zero_boundary_020 soc=0.6109 fc=130
progress step=351950 round=29/40 episode=12/30 sample=zero_boundary_021 soc=0.6061 fc=170
progress step=352000 round=29/40 episode=12/30 sample=zero_boundary_021 soc=0.6641 fc=170
progress step=352050 round=29/40 episode=12/30 sample=zero_boundary_021 soc=0.5433 fc=210
progress step=352100 round=29/40 episode=12/30 sample=zero_boundary_021 soc=0.3714 fc=500
progress step=352150 round=29/40 episode=12/30 sample=zero_boundary_021 soc=0.2051 fc=210
progress step=352200 round=29/40 episode=13/30 sample=zero_boundary_022 soc=0.6419 fc=100
progress step=352250 round=29/40 episode=13/30 sample=zero_boundary_022 soc=0.5167 fc=120
progress step=352300 round=29/40 episode=13/30 sample=zero_boundary_022 soc=0.5154 fc=170
progress step=352350 round=29/40 episode=13/30 sample=zero_boundary_022 soc=0.5531 fc=140
progress step=352400 round=29/40 episode=14/30 sample=zero_boundary_029 soc=0.7550 fc=170
progress step=352450 round=29/40 episode=14/30 sample=zero_boundary_029 soc=0.7673 fc=500
progress step=352500 round=29/40 episode=14/30 sample=zero_boundary_029 soc=0.7905 fc=120
progress step=352550 round=29/40 episode=14/30 sample=zero_boundary_029 soc=0.7600 fc=550
progress step=352600 round=29/40 episode=14/30 sample=zero_boundary_029 soc=0.7979 fc=200
progress step=352650 round=29/40 episode=14/30 sample=zero_boundary_029 soc=0.7973 fc=440
progress step=352700 round=29/40 episode=14/30 sample=zero_boundary_029 soc=0.7967 fc=0
progress step=352750 round=29/40 episode=14/30 sample=zero_boundary_029 soc=0.8000 fc=0
progress step=352800 round=29/40 episode=14/30 sample=zero_boundary_029 soc=0.8000 fc=0
progress step=352850 round=29/40 episode=14/30 sample=zero_boundary_029 soc=0.8000 fc=0
progress step=352900 round=29/40 episode=14/30 sample=zero_boundary_029 soc=0.8000 fc=0
progress step=352950 round=29/40 episode=14/30 sample=zero_boundary_029 soc=0.8000 fc=0
progress step=353000 round=29/40 episode=14/30 sample=zero_boundary_029 soc=0.8000 fc=0
progress step=353050 round=29/40 episode=14/30 sample=zero_boundary_029 soc=0.8000 fc=0
progress step=353100 round=29/40 episode=14/30 sample=zero_boundary_029 soc=0.8000 fc=0
progress step=353150 round=29/40 episode=14/30 sample=zero_boundary_029 soc=0.8000 fc=0
progress step=353200 round=29/40 episode=14/30 sample=zero_boundary_029 soc=0.8000 fc=0
progress step=353250 round=29/40 episode=14/30 sample=zero_boundary_029 soc=0.7987 fc=0
progress step=353300 round=29/40 episode=14/30 sample=zero_boundary_029 soc=0.7838 fc=170
progress step=353350 round=29/40 episode=14/30 sample=zero_boundary_029 soc=0.7943 fc=100
progress step=353400 round=29/40 episode=14/30 sample=zero_boundary_029 soc=0.7933 fc=390
progress step=353450 round=29/40 episode=15/30 sample=zero_boundary_033 soc=0.6912 fc=160
progress step=353500 round=29/40 episode=15/30 sample=zero_boundary_033 soc=0.7008 fc=580
progress step=353550 round=29/40 episode=15/30 sample=zero_boundary_033 soc=0.5116 fc=50
progress step=353600 round=29/40 episode=15/30 sample=zero_boundary_033 soc=0.5019 fc=190
progress step=353650 round=29/40 episode=15/30 sample=zero_boundary_033 soc=0.5170 fc=130
progress step=353700 round=29/40 episode=15/30 sample=zero_boundary_033 soc=0.3331 fc=320
progress step=353750 round=29/40 episode=15/30 sample=zero_boundary_033 soc=0.2199 fc=190
progress step=353800 round=29/40 episode=15/30 sample=zero_boundary_033 soc=0.3291 fc=170
progress step=353850 round=29/40 episode=15/30 sample=zero_boundary_033 soc=0.5550 fc=510
progress step=353900 round=29/40 episode=15/30 sample=zero_boundary_033 soc=0.7999 fc=0
progress step=353950 round=29/40 episode=15/30 sample=zero_boundary_033 soc=0.7999 fc=0
progress step=354000 round=29/40 episode=15/30 sample=zero_boundary_033 soc=0.7999 fc=0
progress step=354050 round=29/40 episode=15/30 sample=zero_boundary_033 soc=0.7999 fc=0
progress step=354100 round=29/40 episode=15/30 sample=zero_boundary_033 soc=0.7999 fc=0
progress step=354150 round=29/40 episode=15/30 sample=zero_boundary_033 soc=0.7999 fc=0
progress step=354200 round=29/40 episode=15/30 sample=zero_boundary_033 soc=0.7971 fc=200
progress step=354250 round=29/40 episode=15/30 sample=zero_boundary_033 soc=0.7961 fc=0
progress step=354300 round=29/40 episode=15/30 sample=zero_boundary_033 soc=0.7988 fc=20
progress step=354350 round=29/40 episode=15/30 sample=zero_boundary_033 soc=0.7977 fc=0
progress step=354400 round=29/40 episode=16/30 sample=zero_boundary_034 soc=0.5985 fc=0
progress step=354450 round=29/40 episode=16/30 sample=zero_boundary_034 soc=0.7999 fc=0
progress step=354500 round=29/40 episode=16/30 sample=zero_boundary_034 soc=0.7999 fc=0
progress step=354550 round=29/40 episode=16/30 sample=zero_boundary_034 soc=0.7999 fc=0
progress step=354600 round=29/40 episode=16/30 sample=zero_boundary_034 soc=0.7999 fc=0
progress step=354650 round=29/40 episode=16/30 sample=zero_boundary_034 soc=0.7999 fc=0
progress step=354700 round=29/40 episode=16/30 sample=zero_boundary_034 soc=0.7999 fc=0
progress step=354750 round=29/40 episode=16/30 sample=zero_boundary_034 soc=0.7999 fc=0
progress step=354800 round=29/40 episode=16/30 sample=zero_boundary_034 soc=0.7999 fc=0
progress step=354850 round=29/40 episode=16/30 sample=zero_boundary_034 soc=0.7999 fc=0
progress step=354900 round=29/40 episode=16/30 sample=zero_boundary_034 soc=0.7999 fc=0
progress step=354950 round=29/40 episode=16/30 sample=zero_boundary_034 soc=0.7999 fc=0
progress step=355000 round=29/40 episode=16/30 sample=zero_boundary_034 soc=0.7999 fc=0
progress step=355050 round=29/40 episode=16/30 sample=zero_boundary_034 soc=0.7999 fc=0
progress step=355100 round=29/40 episode=16/30 sample=zero_boundary_034 soc=0.7999 fc=0
progress step=355150 round=29/40 episode=16/30 sample=zero_boundary_034 soc=0.7999 fc=0
progress step=355200 round=29/40 episode=16/30 sample=zero_boundary_034 soc=0.7999 fc=0
progress step=355250 round=29/40 episode=16/30 sample=zero_boundary_034 soc=0.7999 fc=0
progress step=355300 round=29/40 episode=16/30 sample=zero_boundary_034 soc=0.7998 fc=90
progress step=355350 round=29/40 episode=16/30 sample=zero_boundary_034 soc=0.7993 fc=130
progress step=355400 round=29/40 episode=16/30 sample=zero_boundary_034 soc=0.7969 fc=0
progress step=355450 round=29/40 episode=16/30 sample=zero_boundary_034 soc=0.8000 fc=130
progress step=355500 round=29/40 episode=16/30 sample=zero_boundary_034 soc=0.7882 fc=130
progress step=355550 round=29/40 episode=16/30 sample=zero_boundary_034 soc=0.7966 fc=30
progress step=355600 round=29/40 episode=16/30 sample=zero_boundary_034 soc=0.7999 fc=0
progress step=355650 round=29/40 episode=16/30 sample=zero_boundary_034 soc=0.7999 fc=0
progress step=355700 round=29/40 episode=16/30 sample=zero_boundary_034 soc=0.7999 fc=0
progress step=355750 round=29/40 episode=16/30 sample=zero_boundary_034 soc=0.7999 fc=0
progress step=355800 round=29/40 episode=16/30 sample=zero_boundary_034 soc=0.7999 fc=0
progress step=355850 round=29/40 episode=16/30 sample=zero_boundary_034 soc=0.7999 fc=0
progress step=355900 round=29/40 episode=16/30 sample=zero_boundary_034 soc=0.7999 fc=0
progress step=355950 round=29/40 episode=16/30 sample=zero_boundary_034 soc=0.7999 fc=0
progress step=356000 round=29/40 episode=16/30 sample=zero_boundary_034 soc=0.7999 fc=0
progress step=356050 round=29/40 episode=17/30 sample=zero_boundary_037 soc=0.6632 fc=470
progress step=356100 round=29/40 episode=17/30 sample=zero_boundary_037 soc=0.7472 fc=510
progress step=356150 round=29/40 episode=17/30 sample=zero_boundary_037 soc=0.7896 fc=190
progress step=356200 round=29/40 episode=17/30 sample=zero_boundary_037 soc=0.7962 fc=490
progress step=356250 round=29/40 episode=17/30 sample=zero_boundary_037 soc=0.7931 fc=510
progress step=356300 round=29/40 episode=17/30 sample=zero_boundary_037 soc=0.7372 fc=130
progress step=356350 round=29/40 episode=17/30 sample=zero_boundary_037 soc=0.5701 fc=270
progress step=356400 round=29/40 episode=17/30 sample=zero_boundary_037 soc=0.4355 fc=30
progress step=356450 round=29/40 episode=17/30 sample=zero_boundary_037 soc=0.6578 fc=70
progress step=356500 round=29/40 episode=17/30 sample=zero_boundary_037 soc=0.7992 fc=100
progress step=356550 round=29/40 episode=17/30 sample=zero_boundary_037 soc=0.7998 fc=0
progress step=356600 round=29/40 episode=17/30 sample=zero_boundary_037 soc=0.7992 fc=20
progress step=356650 round=29/40 episode=17/30 sample=zero_boundary_037 soc=0.7998 fc=90
progress step=356700 round=29/40 episode=17/30 sample=zero_boundary_037 soc=0.7979 fc=0
progress step=356750 round=29/40 episode=17/30 sample=zero_boundary_037 soc=0.7999 fc=60
progress step=356800 round=29/40 episode=17/30 sample=zero_boundary_037 soc=0.7991 fc=90
progress step=356850 round=29/40 episode=17/30 sample=zero_boundary_037 soc=0.7999 fc=80
progress step=356900 round=29/40 episode=17/30 sample=zero_boundary_037 soc=0.7975 fc=0
progress step=356950 round=29/40 episode=17/30 sample=zero_boundary_037 soc=0.7997 fc=50
progress step=357000 round=29/40 episode=17/30 sample=zero_boundary_037 soc=0.7995 fc=0
progress step=357050 round=29/40 episode=17/30 sample=zero_boundary_037 soc=0.7999 fc=0
progress step=357100 round=29/40 episode=17/30 sample=zero_boundary_037 soc=0.7999 fc=0
progress step=357150 round=29/40 episode=17/30 sample=zero_boundary_037 soc=0.7999 fc=0
progress step=357200 round=29/40 episode=17/30 sample=zero_boundary_037 soc=0.8000 fc=40
progress step=357250 round=29/40 episode=17/30 sample=zero_boundary_037 soc=0.7980 fc=0
progress step=357300 round=29/40 episode=17/30 sample=zero_boundary_037 soc=0.7962 fc=0
progress step=357350 round=29/40 episode=17/30 sample=zero_boundary_037 soc=0.7988 fc=70
progress step=357400 round=29/40 episode=17/30 sample=zero_boundary_037 soc=0.7999 fc=0
progress step=357450 round=29/40 episode=17/30 sample=zero_boundary_037 soc=0.7984 fc=40
progress step=357500 round=29/40 episode=17/30 sample=zero_boundary_037 soc=0.7996 fc=30
progress step=357550 round=29/40 episode=17/30 sample=zero_boundary_037 soc=0.7985 fc=30
progress step=357600 round=29/40 episode=17/30 sample=zero_boundary_037 soc=0.7942 fc=0
progress step=357650 round=29/40 episode=17/30 sample=zero_boundary_037 soc=0.7990 fc=60
progress step=357700 round=29/40 episode=17/30 sample=zero_boundary_037 soc=0.7989 fc=0
progress step=357750 round=29/40 episode=17/30 sample=zero_boundary_037 soc=0.7999 fc=0
progress step=357800 round=29/40 episode=17/30 sample=zero_boundary_037 soc=0.7996 fc=60
progress step=357850 round=29/40 episode=17/30 sample=zero_boundary_037 soc=0.7959 fc=0
progress step=357900 round=29/40 episode=17/30 sample=zero_boundary_037 soc=0.7999 fc=0
progress step=357950 round=29/40 episode=18/30 sample=zero_boundary_038 soc=0.6950 fc=570
progress step=358000 round=29/40 episode=18/30 sample=zero_boundary_038 soc=0.6397 fc=130
progress step=358050 round=29/40 episode=18/30 sample=zero_boundary_038 soc=0.5135 fc=20
progress step=358100 round=29/40 episode=18/30 sample=zero_boundary_038 soc=0.4106 fc=130
progress step=358150 round=29/40 episode=18/30 sample=zero_boundary_038 soc=0.2216 fc=290
progress step=358200 round=29/40 episode=18/30 sample=zero_boundary_038 soc=0.2019 fc=290
progress step=358250 round=29/40 episode=18/30 sample=zero_boundary_038 soc=0.2648 fc=160
progress step=358300 round=29/40 episode=18/30 sample=zero_boundary_038 soc=0.3726 fc=440
progress step=358350 round=29/40 episode=18/30 sample=zero_boundary_038 soc=0.4906 fc=170
progress step=358400 round=29/40 episode=18/30 sample=zero_boundary_038 soc=0.5801 fc=450
progress step=358450 round=29/40 episode=18/30 sample=zero_boundary_038 soc=0.4792 fc=120
progress step=358500 round=29/40 episode=18/30 sample=zero_boundary_038 soc=0.3382 fc=130
progress step=358550 round=29/40 episode=18/30 sample=zero_boundary_038 soc=0.2198 fc=130
progress step=358600 round=29/40 episode=18/30 sample=zero_boundary_038 soc=0.2336 fc=160
progress step=358650 round=29/40 episode=19/30 sample=zero_boundary_040 soc=0.6048 fc=450
progress step=358700 round=29/40 episode=19/30 sample=zero_boundary_040 soc=0.5243 fc=0
progress step=358750 round=29/40 episode=19/30 sample=zero_boundary_040 soc=0.3218 fc=410
progress step=358800 round=29/40 episode=19/30 sample=zero_boundary_040 soc=0.2159 fc=290
progress step=358850 round=29/40 episode=19/30 sample=zero_boundary_040 soc=0.2001 fc=360
progress step=358900 round=29/40 episode=20/30 sample=zero_boundary_041 soc=0.6249 fc=0
progress step=358950 round=29/40 episode=20/30 sample=zero_boundary_041 soc=0.4667 fc=200
progress step=359000 round=29/40 episode=20/30 sample=zero_boundary_041 soc=0.2179 fc=320
progress step=359050 round=29/40 episode=21/30 sample=zero_boundary_042 soc=0.7203 fc=120
progress step=359100 round=29/40 episode=21/30 sample=zero_boundary_042 soc=0.5164 fc=270
progress step=359150 round=29/40 episode=21/30 sample=zero_boundary_042 soc=0.2837 fc=390
progress step=359200 round=29/40 episode=21/30 sample=zero_boundary_042 soc=0.2006 fc=540
progress step=359250 round=29/40 episode=21/30 sample=zero_boundary_042 soc=0.2006 fc=570
progress step=359300 round=29/40 episode=21/30 sample=zero_boundary_042 soc=0.2371 fc=200
progress step=359350 round=29/40 episode=21/30 sample=zero_boundary_042 soc=0.2001 fc=360
progress step=359400 round=29/40 episode=22/30 sample=zero_boundary_044 soc=0.6481 fc=190
progress step=359450 round=29/40 episode=22/30 sample=zero_boundary_044 soc=0.4333 fc=280
progress step=359500 round=29/40 episode=23/30 sample=zero_boundary_045 soc=0.5997 fc=230
progress step=359550 round=29/40 episode=23/30 sample=zero_boundary_045 soc=0.7644 fc=130
progress step=359600 round=29/40 episode=23/30 sample=zero_boundary_045 soc=0.7059 fc=120
progress step=359650 round=29/40 episode=23/30 sample=zero_boundary_045 soc=0.5429 fc=280
progress step=359700 round=29/40 episode=23/30 sample=zero_boundary_045 soc=0.2885 fc=200
progress step=359750 round=29/40 episode=24/30 sample=zero_boundary_046 soc=0.5543 fc=170
progress step=359800 round=29/40 episode=24/30 sample=zero_boundary_046 soc=0.3467 fc=220
progress step=359850 round=29/40 episode=25/30 sample=zero_boundary_048 soc=0.7135 fc=590
progress step=359900 round=29/40 episode=25/30 sample=zero_boundary_048 soc=0.5409 fc=120
progress step=359950 round=29/40 episode=25/30 sample=zero_boundary_048 soc=0.3259 fc=440
progress step=360000 round=29/40 episode=25/30 sample=zero_boundary_048 soc=0.2609 fc=210
progress step=360050 round=29/40 episode=25/30 sample=zero_boundary_048 soc=0.2718 fc=130
progress step=360100 round=29/40 episode=25/30 sample=zero_boundary_048 soc=0.2328 fc=190
progress step=360150 round=29/40 episode=26/30 sample=zero_boundary_049 soc=0.6901 fc=290
progress step=360200 round=29/40 episode=26/30 sample=zero_boundary_049 soc=0.6082 fc=250
progress step=360250 round=29/40 episode=26/30 sample=zero_boundary_049 soc=0.5308 fc=120
progress step=360300 round=29/40 episode=26/30 sample=zero_boundary_049 soc=0.5293 fc=240
progress step=360350 round=29/40 episode=26/30 sample=zero_boundary_049 soc=0.5807 fc=380
progress step=360400 round=29/40 episode=27/30 sample=zero_boundary_050 soc=0.6513 fc=570
progress step=360450 round=29/40 episode=27/30 sample=zero_boundary_050 soc=0.5182 fc=280
progress step=360500 round=29/40 episode=27/30 sample=zero_boundary_050 soc=0.3205 fc=40
progress step=360550 round=29/40 episode=28/30 sample=zero_boundary_051 soc=0.6325 fc=600
progress step=360600 round=29/40 episode=28/30 sample=zero_boundary_051 soc=0.5512 fc=120
progress step=360650 round=29/40 episode=28/30 sample=zero_boundary_051 soc=0.4405 fc=120
progress step=360700 round=29/40 episode=29/30 sample=zero_boundary_052 soc=0.6473 fc=120
progress step=360750 round=29/40 episode=29/30 sample=zero_boundary_052 soc=0.5857 fc=120
progress step=360800 round=29/40 episode=29/30 sample=zero_boundary_052 soc=0.3135 fc=50
progress step=360850 round=29/40 episode=29/30 sample=zero_boundary_052 soc=0.2623 fc=510
progress step=360900 round=29/40 episode=29/30 sample=zero_boundary_052 soc=0.3241 fc=170
progress step=360950 round=29/40 episode=30/30 sample=zero_boundary_053 soc=0.6898 fc=570
progress step=361000 round=29/40 episode=30/30 sample=zero_boundary_053 soc=0.5846 fc=120
progress step=361050 round=29/40 episode=30/30 sample=zero_boundary_053 soc=0.4266 fc=40
progress step=361100 round=29/40 episode=30/30 sample=zero_boundary_053 soc=0.5222 fc=420
progress step=361150 round=29/40 episode=30/30 sample=zero_boundary_053 soc=0.4929 fc=130
round 29/40 exploratory=18/30 greedy_train start
MONITOR round=29 exploratory=18/30 greedy_train=11/30 validation=SKIPPED cost=None updates=11857 best_round=None
round 30/40 start epsilon=0.2936
progress step=361200 round=30/40 episode=1/30 sample=zero_boundary_002 soc=0.6956 fc=550
progress step=361250 round=30/40 episode=1/30 sample=zero_boundary_002 soc=0.7158 fc=470
progress step=361300 round=30/40 episode=1/30 sample=zero_boundary_002 soc=0.3628 fc=180
progress step=361350 round=30/40 episode=1/30 sample=zero_boundary_002 soc=0.4609 fc=180
progress step=361400 round=30/40 episode=1/30 sample=zero_boundary_002 soc=0.2677 fc=270
progress step=361450 round=30/40 episode=1/30 sample=zero_boundary_002 soc=0.2775 fc=190
progress step=361500 round=30/40 episode=2/30 sample=zero_boundary_005 soc=0.6794 fc=590
progress step=361550 round=30/40 episode=2/30 sample=zero_boundary_005 soc=0.6130 fc=120
progress step=361600 round=30/40 episode=2/30 sample=zero_boundary_005 soc=0.5331 fc=170
progress step=361650 round=30/40 episode=2/30 sample=zero_boundary_005 soc=0.4750 fc=40
progress step=361700 round=30/40 episode=2/30 sample=zero_boundary_005 soc=0.2721 fc=180
progress step=361750 round=30/40 episode=2/30 sample=zero_boundary_005 soc=0.2020 fc=270
progress step=361800 round=30/40 episode=3/30 sample=zero_boundary_006 soc=0.6807 fc=560
progress step=361850 round=30/40 episode=3/30 sample=zero_boundary_006 soc=0.8000 fc=110
progress step=361900 round=30/40 episode=3/30 sample=zero_boundary_006 soc=0.7999 fc=30
progress step=361950 round=30/40 episode=3/30 sample=zero_boundary_006 soc=0.7977 fc=0
progress step=362000 round=30/40 episode=3/30 sample=zero_boundary_006 soc=0.7941 fc=470
progress step=362050 round=30/40 episode=3/30 sample=zero_boundary_006 soc=0.7941 fc=550
progress step=362100 round=30/40 episode=3/30 sample=zero_boundary_006 soc=0.7972 fc=80
progress step=362150 round=30/40 episode=4/30 sample=zero_boundary_007 soc=0.6735 fc=410
progress step=362200 round=30/40 episode=4/30 sample=zero_boundary_007 soc=0.5689 fc=100
progress step=362250 round=30/40 episode=4/30 sample=zero_boundary_007 soc=0.5037 fc=170
progress step=362300 round=30/40 episode=4/30 sample=zero_boundary_007 soc=0.4952 fc=130
progress step=362350 round=30/40 episode=4/30 sample=zero_boundary_007 soc=0.3973 fc=560
progress step=362400 round=30/40 episode=4/30 sample=zero_boundary_007 soc=0.3355 fc=170
progress step=362450 round=30/40 episode=5/30 sample=zero_boundary_008 soc=0.6124 fc=120
progress step=362500 round=30/40 episode=6/30 sample=zero_boundary_011 soc=0.6076 fc=550
progress step=362550 round=30/40 episode=6/30 sample=zero_boundary_011 soc=0.7962 fc=350
progress step=362600 round=30/40 episode=6/30 sample=zero_boundary_011 soc=0.6499 fc=120
progress step=362650 round=30/40 episode=6/30 sample=zero_boundary_011 soc=0.4313 fc=120
progress step=362700 round=30/40 episode=6/30 sample=zero_boundary_011 soc=0.2483 fc=220
progress step=362750 round=30/40 episode=7/30 sample=zero_boundary_013 soc=0.7613 fc=550
progress step=362800 round=30/40 episode=7/30 sample=zero_boundary_013 soc=0.7606 fc=0
progress step=362850 round=30/40 episode=7/30 sample=zero_boundary_013 soc=0.7171 fc=130
progress step=362900 round=30/40 episode=7/30 sample=zero_boundary_013 soc=0.5905 fc=0
progress step=362950 round=30/40 episode=7/30 sample=zero_boundary_013 soc=0.6793 fc=130
progress step=363000 round=30/40 episode=7/30 sample=zero_boundary_013 soc=0.7049 fc=510
progress step=363050 round=30/40 episode=7/30 sample=zero_boundary_013 soc=0.7995 fc=50
progress step=363100 round=30/40 episode=8/30 sample=zero_boundary_015 soc=0.6152 fc=130
progress step=363150 round=30/40 episode=8/30 sample=zero_boundary_015 soc=0.5163 fc=70
progress step=363200 round=30/40 episode=9/30 sample=zero_boundary_016 soc=0.6141 fc=500
progress step=363250 round=30/40 episode=9/30 sample=zero_boundary_016 soc=0.7981 fc=370
progress step=363300 round=30/40 episode=9/30 sample=zero_boundary_016 soc=0.5757 fc=120
progress step=363350 round=30/40 episode=9/30 sample=zero_boundary_016 soc=0.3775 fc=160
progress step=363400 round=30/40 episode=10/30 sample=zero_boundary_017 soc=0.5866 fc=530
progress step=363450 round=30/40 episode=10/30 sample=zero_boundary_017 soc=0.3076 fc=270
progress step=363500 round=30/40 episode=11/30 sample=zero_boundary_020 soc=0.6450 fc=100
progress step=363550 round=30/40 episode=11/30 sample=zero_boundary_020 soc=0.5671 fc=130
progress step=363600 round=30/40 episode=12/30 sample=zero_boundary_021 soc=0.6141 fc=510
progress step=363650 round=30/40 episode=12/30 sample=zero_boundary_021 soc=0.7998 fc=230
progress step=363700 round=30/40 episode=12/30 sample=zero_boundary_021 soc=0.7068 fc=120
progress step=363750 round=30/40 episode=12/30 sample=zero_boundary_021 soc=0.5378 fc=240
progress step=363800 round=30/40 episode=12/30 sample=zero_boundary_021 soc=0.3930 fc=240
progress step=363850 round=30/40 episode=13/30 sample=zero_boundary_022 soc=0.6787 fc=160
progress step=363900 round=30/40 episode=13/30 sample=zero_boundary_022 soc=0.5294 fc=170
progress step=363950 round=30/40 episode=13/30 sample=zero_boundary_022 soc=0.5044 fc=270
progress step=364000 round=30/40 episode=13/30 sample=zero_boundary_022 soc=0.5129 fc=170
progress step=364050 round=30/40 episode=14/30 sample=zero_boundary_029 soc=0.7137 fc=550
progress step=364100 round=30/40 episode=14/30 sample=zero_boundary_029 soc=0.7340 fc=80
progress step=364150 round=30/40 episode=14/30 sample=zero_boundary_029 soc=0.6801 fc=390
progress step=364200 round=30/40 episode=14/30 sample=zero_boundary_029 soc=0.6481 fc=510
progress step=364250 round=30/40 episode=14/30 sample=zero_boundary_029 soc=0.7229 fc=560
progress step=364300 round=30/40 episode=14/30 sample=zero_boundary_029 soc=0.7814 fc=80
progress step=364350 round=30/40 episode=14/30 sample=zero_boundary_029 soc=0.7976 fc=0
progress step=364400 round=30/40 episode=14/30 sample=zero_boundary_029 soc=0.7999 fc=0
progress step=364450 round=30/40 episode=14/30 sample=zero_boundary_029 soc=0.7999 fc=0
progress step=364500 round=30/40 episode=14/30 sample=zero_boundary_029 soc=0.7999 fc=0
progress step=364550 round=30/40 episode=14/30 sample=zero_boundary_029 soc=0.7999 fc=0
progress step=364600 round=30/40 episode=14/30 sample=zero_boundary_029 soc=0.7999 fc=0
progress step=364650 round=30/40 episode=14/30 sample=zero_boundary_029 soc=0.7999 fc=0
progress step=364700 round=30/40 episode=14/30 sample=zero_boundary_029 soc=0.7999 fc=0
progress step=364750 round=30/40 episode=14/30 sample=zero_boundary_029 soc=0.7999 fc=0
progress step=364800 round=30/40 episode=14/30 sample=zero_boundary_029 soc=0.7999 fc=0
progress step=364850 round=30/40 episode=14/30 sample=zero_boundary_029 soc=0.7999 fc=0
progress step=364900 round=30/40 episode=14/30 sample=zero_boundary_029 soc=0.7947 fc=50
progress step=364950 round=30/40 episode=14/30 sample=zero_boundary_029 soc=0.7811 fc=80
progress step=365000 round=30/40 episode=14/30 sample=zero_boundary_029 soc=0.7986 fc=170
progress step=365050 round=30/40 episode=14/30 sample=zero_boundary_029 soc=0.7998 fc=70
progress step=365100 round=30/40 episode=15/30 sample=zero_boundary_033 soc=0.7189 fc=550
progress step=365150 round=30/40 episode=15/30 sample=zero_boundary_033 soc=0.7980 fc=20
progress step=365200 round=30/40 episode=15/30 sample=zero_boundary_033 soc=0.6701 fc=130
progress step=365250 round=30/40 episode=15/30 sample=zero_boundary_033 soc=0.7062 fc=160
progress step=365300 round=30/40 episode=15/30 sample=zero_boundary_033 soc=0.6344 fc=420
progress step=365350 round=30/40 episode=15/30 sample=zero_boundary_033 soc=0.4534 fc=350
progress step=365400 round=30/40 episode=15/30 sample=zero_boundary_033 soc=0.3285 fc=170
progress step=365450 round=30/40 episode=15/30 sample=zero_boundary_033 soc=0.4824 fc=360
progress step=365500 round=30/40 episode=15/30 sample=zero_boundary_033 soc=0.6676 fc=570
progress step=365550 round=30/40 episode=15/30 sample=zero_boundary_033 soc=0.7999 fc=0
progress step=365600 round=30/40 episode=15/30 sample=zero_boundary_033 soc=0.7999 fc=0
progress step=365650 round=30/40 episode=15/30 sample=zero_boundary_033 soc=0.7999 fc=0
progress step=365700 round=30/40 episode=15/30 sample=zero_boundary_033 soc=0.8000 fc=0
progress step=365750 round=30/40 episode=15/30 sample=zero_boundary_033 soc=0.8000 fc=0
progress step=365800 round=30/40 episode=15/30 sample=zero_boundary_033 soc=0.8000 fc=0
progress step=365850 round=30/40 episode=15/30 sample=zero_boundary_033 soc=0.7987 fc=0
progress step=365900 round=30/40 episode=15/30 sample=zero_boundary_033 soc=0.7979 fc=140
progress step=365950 round=30/40 episode=15/30 sample=zero_boundary_033 soc=0.7993 fc=0
progress step=366000 round=30/40 episode=15/30 sample=zero_boundary_033 soc=0.7975 fc=0
progress step=366050 round=30/40 episode=16/30 sample=zero_boundary_034 soc=0.6323 fc=550
progress step=366100 round=30/40 episode=16/30 sample=zero_boundary_034 soc=0.7999 fc=0
progress step=366150 round=30/40 episode=16/30 sample=zero_boundary_034 soc=0.7999 fc=0
progress step=366200 round=30/40 episode=16/30 sample=zero_boundary_034 soc=0.7999 fc=0
progress step=366250 round=30/40 episode=16/30 sample=zero_boundary_034 soc=0.7999 fc=0
progress step=366300 round=30/40 episode=16/30 sample=zero_boundary_034 soc=0.7999 fc=0
progress step=366350 round=30/40 episode=16/30 sample=zero_boundary_034 soc=0.7999 fc=0
progress step=366400 round=30/40 episode=16/30 sample=zero_boundary_034 soc=0.7999 fc=0
progress step=366450 round=30/40 episode=16/30 sample=zero_boundary_034 soc=0.7999 fc=0
progress step=366500 round=30/40 episode=16/30 sample=zero_boundary_034 soc=0.7999 fc=0
progress step=366550 round=30/40 episode=16/30 sample=zero_boundary_034 soc=0.7999 fc=0
progress step=366600 round=30/40 episode=16/30 sample=zero_boundary_034 soc=0.7999 fc=0
progress step=366650 round=30/40 episode=16/30 sample=zero_boundary_034 soc=0.7999 fc=0
progress step=366700 round=30/40 episode=16/30 sample=zero_boundary_034 soc=0.7999 fc=0
progress step=366750 round=30/40 episode=16/30 sample=zero_boundary_034 soc=0.7999 fc=0
progress step=366800 round=30/40 episode=16/30 sample=zero_boundary_034 soc=0.7999 fc=0
progress step=366850 round=30/40 episode=16/30 sample=zero_boundary_034 soc=0.7999 fc=0
progress step=366900 round=30/40 episode=16/30 sample=zero_boundary_034 soc=0.7999 fc=0
progress step=366950 round=30/40 episode=16/30 sample=zero_boundary_034 soc=0.8000 fc=70
progress step=367000 round=30/40 episode=16/30 sample=zero_boundary_034 soc=0.7973 fc=190
progress step=367050 round=30/40 episode=16/30 sample=zero_boundary_034 soc=0.7948 fc=0
progress step=367100 round=30/40 episode=16/30 sample=zero_boundary_034 soc=0.7979 fc=100
progress step=367150 round=30/40 episode=16/30 sample=zero_boundary_034 soc=0.7987 fc=300
progress step=367200 round=30/40 episode=16/30 sample=zero_boundary_034 soc=0.8000 fc=30
progress step=367250 round=30/40 episode=16/30 sample=zero_boundary_034 soc=0.8000 fc=0
progress step=367300 round=30/40 episode=16/30 sample=zero_boundary_034 soc=0.8000 fc=0
progress step=367350 round=30/40 episode=16/30 sample=zero_boundary_034 soc=0.8000 fc=0
progress step=367400 round=30/40 episode=16/30 sample=zero_boundary_034 soc=0.8000 fc=0
progress step=367450 round=30/40 episode=16/30 sample=zero_boundary_034 soc=0.8000 fc=0
progress step=367500 round=30/40 episode=16/30 sample=zero_boundary_034 soc=0.8000 fc=0
progress step=367550 round=30/40 episode=16/30 sample=zero_boundary_034 soc=0.8000 fc=0
progress step=367600 round=30/40 episode=16/30 sample=zero_boundary_034 soc=0.8000 fc=0
progress step=367650 round=30/40 episode=16/30 sample=zero_boundary_034 soc=0.8000 fc=0
progress step=367700 round=30/40 episode=17/30 sample=zero_boundary_037 soc=0.6947 fc=40
progress step=367750 round=30/40 episode=17/30 sample=zero_boundary_037 soc=0.7906 fc=190
progress step=367800 round=30/40 episode=17/30 sample=zero_boundary_037 soc=0.7996 fc=220
progress step=367850 round=30/40 episode=17/30 sample=zero_boundary_037 soc=0.7955 fc=100
progress step=367900 round=30/40 episode=17/30 sample=zero_boundary_037 soc=0.7869 fc=100
progress step=367950 round=30/40 episode=17/30 sample=zero_boundary_037 soc=0.7159 fc=160
progress step=368000 round=30/40 episode=17/30 sample=zero_boundary_037 soc=0.4700 fc=120
progress step=368050 round=30/40 episode=17/30 sample=zero_boundary_037 soc=0.3431 fc=200
progress step=368100 round=30/40 episode=17/30 sample=zero_boundary_037 soc=0.4399 fc=120
progress step=368150 round=30/40 episode=17/30 sample=zero_boundary_037 soc=0.5831 fc=170
progress step=368200 round=30/40 episode=17/30 sample=zero_boundary_037 soc=0.8000 fc=0
progress step=368250 round=30/40 episode=17/30 sample=zero_boundary_037 soc=0.7990 fc=90
progress step=368300 round=30/40 episode=17/30 sample=zero_boundary_037 soc=0.7984 fc=100
progress step=368350 round=30/40 episode=17/30 sample=zero_boundary_037 soc=0.7947 fc=0
progress step=368400 round=30/40 episode=17/30 sample=zero_boundary_037 soc=0.7993 fc=100
progress step=368450 round=30/40 episode=17/30 sample=zero_boundary_037 soc=0.7997 fc=70
progress step=368500 round=30/40 episode=17/30 sample=zero_boundary_037 soc=0.7988 fc=100
progress step=368550 round=30/40 episode=17/30 sample=zero_boundary_037 soc=0.7993 fc=100
progress step=368600 round=30/40 episode=17/30 sample=zero_boundary_037 soc=0.7991 fc=100
progress step=368650 round=30/40 episode=17/30 sample=zero_boundary_037 soc=0.7991 fc=100
progress step=368700 round=30/40 episode=17/30 sample=zero_boundary_037 soc=0.7999 fc=0
progress step=368750 round=30/40 episode=17/30 sample=zero_boundary_037 soc=0.7999 fc=0
progress step=368800 round=30/40 episode=17/30 sample=zero_boundary_037 soc=0.7999 fc=0
progress step=368850 round=30/40 episode=17/30 sample=zero_boundary_037 soc=0.7974 fc=100
progress step=368900 round=30/40 episode=17/30 sample=zero_boundary_037 soc=0.7999 fc=0
progress step=368950 round=30/40 episode=17/30 sample=zero_boundary_037 soc=0.7984 fc=0
progress step=369000 round=30/40 episode=17/30 sample=zero_boundary_037 soc=0.7998 fc=50
progress step=369050 round=30/40 episode=17/30 sample=zero_boundary_037 soc=0.7971 fc=0
progress step=369100 round=30/40 episode=17/30 sample=zero_boundary_037 soc=0.7983 fc=0
progress step=369150 round=30/40 episode=17/30 sample=zero_boundary_037 soc=0.7985 fc=0
progress step=369200 round=30/40 episode=17/30 sample=zero_boundary_037 soc=0.7991 fc=0
progress step=369250 round=30/40 episode=17/30 sample=zero_boundary_037 soc=0.7990 fc=100
progress step=369300 round=30/40 episode=17/30 sample=zero_boundary_037 soc=0.7994 fc=40
progress step=369350 round=30/40 episode=17/30 sample=zero_boundary_037 soc=0.7984 fc=0
progress step=369400 round=30/40 episode=17/30 sample=zero_boundary_037 soc=0.7987 fc=0
progress step=369450 round=30/40 episode=17/30 sample=zero_boundary_037 soc=0.7985 fc=0
progress step=369500 round=30/40 episode=17/30 sample=zero_boundary_037 soc=0.7999 fc=0
progress step=369550 round=30/40 episode=17/30 sample=zero_boundary_037 soc=0.8000 fc=0
progress step=369600 round=30/40 episode=18/30 sample=zero_boundary_038 soc=0.6727 fc=150
progress step=369650 round=30/40 episode=18/30 sample=zero_boundary_038 soc=0.5756 fc=120
progress step=369700 round=30/40 episode=18/30 sample=zero_boundary_038 soc=0.4740 fc=510
progress step=369750 round=30/40 episode=18/30 sample=zero_boundary_038 soc=0.3481 fc=270
progress step=369800 round=30/40 episode=18/30 sample=zero_boundary_038 soc=0.2016 fc=370
progress step=369850 round=30/40 episode=18/30 sample=zero_boundary_038 soc=0.2014 fc=380
progress step=369900 round=30/40 episode=18/30 sample=zero_boundary_038 soc=0.2734 fc=210
progress step=369950 round=30/40 episode=18/30 sample=zero_boundary_038 soc=0.3888 fc=170
progress step=370000 round=30/40 episode=18/30 sample=zero_boundary_038 soc=0.5569 fc=500
progress step=370050 round=30/40 episode=18/30 sample=zero_boundary_038 soc=0.6695 fc=470
progress step=370100 round=30/40 episode=18/30 sample=zero_boundary_038 soc=0.5448 fc=560
progress step=370150 round=30/40 episode=18/30 sample=zero_boundary_038 soc=0.4234 fc=210
progress step=370200 round=30/40 episode=18/30 sample=zero_boundary_038 soc=0.2965 fc=420
progress step=370250 round=30/40 episode=18/30 sample=zero_boundary_038 soc=0.2774 fc=240
progress step=370300 round=30/40 episode=19/30 sample=zero_boundary_040 soc=0.6462 fc=500
progress step=370350 round=30/40 episode=19/30 sample=zero_boundary_040 soc=0.5676 fc=100
progress step=370400 round=30/40 episode=19/30 sample=zero_boundary_040 soc=0.3555 fc=360
progress step=370450 round=30/40 episode=19/30 sample=zero_boundary_040 soc=0.2269 fc=270
progress step=370500 round=30/40 episode=19/30 sample=zero_boundary_040 soc=0.2009 fc=320
progress step=370550 round=30/40 episode=20/30 sample=zero_boundary_041 soc=0.6276 fc=390
progress step=370600 round=30/40 episode=20/30 sample=zero_boundary_041 soc=0.4648 fc=130
progress step=370650 round=30/40 episode=21/30 sample=zero_boundary_042 soc=0.6000 fc=400
progress step=370700 round=30/40 episode=21/30 sample=zero_boundary_042 soc=0.7088 fc=130
progress step=370750 round=30/40 episode=21/30 sample=zero_boundary_042 soc=0.4658 fc=370
progress step=370800 round=30/40 episode=21/30 sample=zero_boundary_042 soc=0.2005 fc=590
progress step=370850 round=30/40 episode=21/30 sample=zero_boundary_042 soc=0.2003 fc=500
progress step=370900 round=30/40 episode=21/30 sample=zero_boundary_042 soc=0.2004 fc=590
progress step=370950 round=30/40 episode=21/30 sample=zero_boundary_042 soc=0.2491 fc=290
progress step=371000 round=30/40 episode=22/30 sample=zero_boundary_044 soc=0.6000 fc=0
progress step=371050 round=30/40 episode=22/30 sample=zero_boundary_044 soc=0.5419 fc=0
progress step=371100 round=30/40 episode=22/30 sample=zero_boundary_044 soc=0.3103 fc=130
progress step=371150 round=30/40 episode=23/30 sample=zero_boundary_045 soc=0.6929 fc=120
progress step=371200 round=30/40 episode=23/30 sample=zero_boundary_045 soc=0.5434 fc=120
progress step=371250 round=30/40 episode=23/30 sample=zero_boundary_045 soc=0.3730 fc=110
progress step=371300 round=30/40 episode=24/30 sample=zero_boundary_046 soc=0.6101 fc=590
progress step=371350 round=30/40 episode=24/30 sample=zero_boundary_046 soc=0.4272 fc=600
progress step=371400 round=30/40 episode=24/30 sample=zero_boundary_046 soc=0.2002 fc=540
progress step=371450 round=30/40 episode=25/30 sample=zero_boundary_048 soc=0.6086 fc=0
progress step=371500 round=30/40 episode=25/30 sample=zero_boundary_048 soc=0.3657 fc=110
progress step=371550 round=30/40 episode=25/30 sample=zero_boundary_048 soc=0.2002 fc=300
progress step=371600 round=30/40 episode=25/30 sample=zero_boundary_048 soc=0.2606 fc=20
progress step=371650 round=30/40 episode=26/30 sample=zero_boundary_049 soc=0.5951 fc=370
progress step=371700 round=30/40 episode=26/30 sample=zero_boundary_049 soc=0.6175 fc=460
progress step=371750 round=30/40 episode=26/30 sample=zero_boundary_049 soc=0.6116 fc=450
progress step=371800 round=30/40 episode=26/30 sample=zero_boundary_049 soc=0.5095 fc=130
progress step=371850 round=30/40 episode=26/30 sample=zero_boundary_049 soc=0.4444 fc=550
progress step=371900 round=30/40 episode=26/30 sample=zero_boundary_049 soc=0.5485 fc=510
progress step=371950 round=30/40 episode=27/30 sample=zero_boundary_050 soc=0.6048 fc=520
progress step=372000 round=30/40 episode=27/30 sample=zero_boundary_050 soc=0.3997 fc=330
progress step=372050 round=30/40 episode=27/30 sample=zero_boundary_050 soc=0.2001 fc=280
progress step=372100 round=30/40 episode=28/30 sample=zero_boundary_051 soc=0.6074 fc=390
progress step=372150 round=30/40 episode=28/30 sample=zero_boundary_051 soc=0.5771 fc=130
progress step=372200 round=30/40 episode=28/30 sample=zero_boundary_051 soc=0.5734 fc=170
progress step=372250 round=30/40 episode=29/30 sample=zero_boundary_052 soc=0.5951 fc=120
progress step=372300 round=30/40 episode=29/30 sample=zero_boundary_052 soc=0.3532 fc=90
progress step=372350 round=30/40 episode=30/30 sample=zero_boundary_053 soc=0.7014 fc=570
progress step=372400 round=30/40 episode=30/30 sample=zero_boundary_053 soc=0.6263 fc=250
progress step=372450 round=30/40 episode=30/30 sample=zero_boundary_053 soc=0.3916 fc=120
progress step=372500 round=30/40 episode=30/30 sample=zero_boundary_053 soc=0.3849 fc=120
progress step=372550 round=30/40 episode=30/30 sample=zero_boundary_053 soc=0.3271 fc=0
round 30/40 exploratory=16/30 greedy_train start
MONITOR round=30 exploratory=16/30 greedy_train=11/30 validation=SKIPPED cost=None updates=12214 best_round=None
round 31/40 start epsilon=0.2692
progress step=372600 round=31/40 episode=1/30 sample=zero_boundary_002 soc=0.6917 fc=170
progress step=372650 round=31/40 episode=1/30 sample=zero_boundary_002 soc=0.6038 fc=140
progress step=372700 round=31/40 episode=1/30 sample=zero_boundary_002 soc=0.2112 fc=250
progress step=372750 round=31/40 episode=2/30 sample=zero_boundary_005 soc=0.6143 fc=490
progress step=372800 round=31/40 episode=2/30 sample=zero_boundary_005 soc=0.3962 fc=320
progress step=372850 round=31/40 episode=2/30 sample=zero_boundary_005 soc=0.2978 fc=120
progress step=372900 round=31/40 episode=2/30 sample=zero_boundary_005 soc=0.2001 fc=490
progress step=372950 round=31/40 episode=2/30 sample=zero_boundary_005 soc=0.2272 fc=240
progress step=373000 round=31/40 episode=3/30 sample=zero_boundary_006 soc=0.6000 fc=0
progress step=373050 round=31/40 episode=3/30 sample=zero_boundary_006 soc=0.7598 fc=470
progress step=373100 round=31/40 episode=3/30 sample=zero_boundary_006 soc=0.7991 fc=220
progress step=373150 round=31/40 episode=3/30 sample=zero_boundary_006 soc=0.7942 fc=510
progress step=373200 round=31/40 episode=3/30 sample=zero_boundary_006 soc=0.7970 fc=0
progress step=373250 round=31/40 episode=3/30 sample=zero_boundary_006 soc=0.7655 fc=470
progress step=373300 round=31/40 episode=3/30 sample=zero_boundary_006 soc=0.7905 fc=100
progress step=373350 round=31/40 episode=3/30 sample=zero_boundary_006 soc=0.7947 fc=100
progress step=373400 round=31/40 episode=4/30 sample=zero_boundary_007 soc=0.6557 fc=170
progress step=373450 round=31/40 episode=4/30 sample=zero_boundary_007 soc=0.5065 fc=170
progress step=373500 round=31/40 episode=4/30 sample=zero_boundary_007 soc=0.4744 fc=170
progress step=373550 round=31/40 episode=4/30 sample=zero_boundary_007 soc=0.4652 fc=120
progress step=373600 round=31/40 episode=4/30 sample=zero_boundary_007 soc=0.3610 fc=0
progress step=373650 round=31/40 episode=5/30 sample=zero_boundary_008 soc=0.6754 fc=570
progress step=373700 round=31/40 episode=5/30 sample=zero_boundary_008 soc=0.4096 fc=340
progress step=373750 round=31/40 episode=6/30 sample=zero_boundary_011 soc=0.7382 fc=350
progress step=373800 round=31/40 episode=6/30 sample=zero_boundary_011 soc=0.7592 fc=130
progress step=373850 round=31/40 episode=6/30 sample=zero_boundary_011 soc=0.5489 fc=160
progress step=373900 round=31/40 episode=6/30 sample=zero_boundary_011 soc=0.2999 fc=120
progress step=373950 round=31/40 episode=7/30 sample=zero_boundary_013 soc=0.6291 fc=350
progress step=374000 round=31/40 episode=7/30 sample=zero_boundary_013 soc=0.7984 fc=100
progress step=374050 round=31/40 episode=7/30 sample=zero_boundary_013 soc=0.7730 fc=560
progress step=374100 round=31/40 episode=7/30 sample=zero_boundary_013 soc=0.6804 fc=260
progress step=374150 round=31/40 episode=7/30 sample=zero_boundary_013 soc=0.7783 fc=520
progress step=374200 round=31/40 episode=7/30 sample=zero_boundary_013 soc=0.7786 fc=100
progress step=374250 round=31/40 episode=7/30 sample=zero_boundary_013 soc=0.7989 fc=0
progress step=374300 round=31/40 episode=8/30 sample=zero_boundary_015 soc=0.7021 fc=160
progress step=374350 round=31/40 episode=8/30 sample=zero_boundary_015 soc=0.5821 fc=120
progress step=374400 round=31/40 episode=8/30 sample=zero_boundary_015 soc=0.3549 fc=270
progress step=374450 round=31/40 episode=9/30 sample=zero_boundary_016 soc=0.7673 fc=100
progress step=374500 round=31/40 episode=9/30 sample=zero_boundary_016 soc=0.7265 fc=120
progress step=374550 round=31/40 episode=9/30 sample=zero_boundary_016 soc=0.4651 fc=120
progress step=374600 round=31/40 episode=10/30 sample=zero_boundary_017 soc=0.6000 fc=0
progress step=374650 round=31/40 episode=10/30 sample=zero_boundary_017 soc=0.4204 fc=20
progress step=374700 round=31/40 episode=11/30 sample=zero_boundary_020 soc=0.6155 fc=120
progress step=374750 round=31/40 episode=11/30 sample=zero_boundary_020 soc=0.5098 fc=370
progress step=374800 round=31/40 episode=12/30 sample=zero_boundary_021 soc=0.6039 fc=270
progress step=374850 round=31/40 episode=12/30 sample=zero_boundary_021 soc=0.7996 fc=370
progress step=374900 round=31/40 episode=12/30 sample=zero_boundary_021 soc=0.6631 fc=120
progress step=374950 round=31/40 episode=12/30 sample=zero_boundary_021 soc=0.5026 fc=0
progress step=375000 round=31/40 episode=12/30 sample=zero_boundary_021 soc=0.3151 fc=120
progress step=375050 round=31/40 episode=13/30 sample=zero_boundary_022 soc=0.6371 fc=0
progress step=375100 round=31/40 episode=13/30 sample=zero_boundary_022 soc=0.4889 fc=120
progress step=375150 round=31/40 episode=13/30 sample=zero_boundary_022 soc=0.4547 fc=20
progress step=375200 round=31/40 episode=13/30 sample=zero_boundary_022 soc=0.5056 fc=510
progress step=375250 round=31/40 episode=14/30 sample=zero_boundary_029 soc=0.6494 fc=560
progress step=375300 round=31/40 episode=14/30 sample=zero_boundary_029 soc=0.6443 fc=70
progress step=375350 round=31/40 episode=14/30 sample=zero_boundary_029 soc=0.5942 fc=570
progress step=375400 round=31/40 episode=14/30 sample=zero_boundary_029 soc=0.4826 fc=170
progress step=375450 round=31/40 episode=14/30 sample=zero_boundary_029 soc=0.4796 fc=170
progress step=375500 round=31/40 episode=14/30 sample=zero_boundary_029 soc=0.4734 fc=370
progress step=375550 round=31/40 episode=14/30 sample=zero_boundary_029 soc=0.4892 fc=0
progress step=375600 round=31/40 episode=14/30 sample=zero_boundary_029 soc=0.6999 fc=550
progress step=375650 round=31/40 episode=14/30 sample=zero_boundary_029 soc=0.7999 fc=0
progress step=375700 round=31/40 episode=14/30 sample=zero_boundary_029 soc=0.7999 fc=0
progress step=375750 round=31/40 episode=14/30 sample=zero_boundary_029 soc=0.7999 fc=0
progress step=375800 round=31/40 episode=14/30 sample=zero_boundary_029 soc=0.7999 fc=0
progress step=375850 round=31/40 episode=14/30 sample=zero_boundary_029 soc=0.7999 fc=0
progress step=375900 round=31/40 episode=14/30 sample=zero_boundary_029 soc=0.7999 fc=0
progress step=375950 round=31/40 episode=14/30 sample=zero_boundary_029 soc=0.7999 fc=0
progress step=376000 round=31/40 episode=14/30 sample=zero_boundary_029 soc=0.7999 fc=0
progress step=376050 round=31/40 episode=14/30 sample=zero_boundary_029 soc=0.7999 fc=0
progress step=376100 round=31/40 episode=14/30 sample=zero_boundary_029 soc=0.7924 fc=380
progress step=376150 round=31/40 episode=14/30 sample=zero_boundary_029 soc=0.7684 fc=90
progress step=376200 round=31/40 episode=14/30 sample=zero_boundary_029 soc=0.7988 fc=170
progress step=376250 round=31/40 episode=14/30 sample=zero_boundary_029 soc=0.7850 fc=470
progress step=376300 round=31/40 episode=15/30 sample=zero_boundary_033 soc=0.6907 fc=550
progress step=376350 round=31/40 episode=15/30 sample=zero_boundary_033 soc=0.7993 fc=140
progress step=376400 round=31/40 episode=15/30 sample=zero_boundary_033 soc=0.6064 fc=600
progress step=376450 round=31/40 episode=15/30 sample=zero_boundary_033 soc=0.5393 fc=370
progress step=376500 round=31/40 episode=15/30 sample=zero_boundary_033 soc=0.5482 fc=0
progress step=376550 round=31/40 episode=15/30 sample=zero_boundary_033 soc=0.3873 fc=120
progress step=376600 round=31/40 episode=15/30 sample=zero_boundary_033 soc=0.2167 fc=190
progress step=376650 round=31/40 episode=15/30 sample=zero_boundary_033 soc=0.3191 fc=170
progress step=376700 round=31/40 episode=15/30 sample=zero_boundary_033 soc=0.4413 fc=360
progress step=376750 round=31/40 episode=15/30 sample=zero_boundary_033 soc=0.5953 fc=550
progress step=376800 round=31/40 episode=15/30 sample=zero_boundary_033 soc=0.7999 fc=0
progress step=376850 round=31/40 episode=15/30 sample=zero_boundary_033 soc=0.7999 fc=0
progress step=376900 round=31/40 episode=15/30 sample=zero_boundary_033 soc=0.7999 fc=0
progress step=376950 round=31/40 episode=15/30 sample=zero_boundary_033 soc=0.7999 fc=0
progress step=377000 round=31/40 episode=15/30 sample=zero_boundary_033 soc=0.8000 fc=0
progress step=377050 round=31/40 episode=15/30 sample=zero_boundary_033 soc=0.7992 fc=30
progress step=377100 round=31/40 episode=15/30 sample=zero_boundary_033 soc=0.7995 fc=0
progress step=377150 round=31/40 episode=15/30 sample=zero_boundary_033 soc=0.7995 fc=0
progress step=377200 round=31/40 episode=15/30 sample=zero_boundary_033 soc=0.7974 fc=0
progress step=377250 round=31/40 episode=16/30 sample=zero_boundary_034 soc=0.6136 fc=40
progress step=377300 round=31/40 episode=16/30 sample=zero_boundary_034 soc=0.7999 fc=0
progress step=377350 round=31/40 episode=16/30 sample=zero_boundary_034 soc=0.7999 fc=0
progress step=377400 round=31/40 episode=16/30 sample=zero_boundary_034 soc=0.7999 fc=0
progress step=377450 round=31/40 episode=16/30 sample=zero_boundary_034 soc=0.7999 fc=0
progress step=377500 round=31/40 episode=16/30 sample=zero_boundary_034 soc=0.7999 fc=0
progress step=377550 round=31/40 episode=16/30 sample=zero_boundary_034 soc=0.7999 fc=0
progress step=377600 round=31/40 episode=16/30 sample=zero_boundary_034 soc=0.7999 fc=0
progress step=377650 round=31/40 episode=16/30 sample=zero_boundary_034 soc=0.7999 fc=0
progress step=377700 round=31/40 episode=16/30 sample=zero_boundary_034 soc=0.7999 fc=0
progress step=377750 round=31/40 episode=16/30 sample=zero_boundary_034 soc=0.7999 fc=0
progress step=377800 round=31/40 episode=16/30 sample=zero_boundary_034 soc=0.7999 fc=0
progress step=377850 round=31/40 episode=16/30 sample=zero_boundary_034 soc=0.7999 fc=0
progress step=377900 round=31/40 episode=16/30 sample=zero_boundary_034 soc=0.7999 fc=0
progress step=377950 round=31/40 episode=16/30 sample=zero_boundary_034 soc=0.7999 fc=0
progress step=378000 round=31/40 episode=16/30 sample=zero_boundary_034 soc=0.7999 fc=0
progress step=378050 round=31/40 episode=16/30 sample=zero_boundary_034 soc=0.7999 fc=0
progress step=378100 round=31/40 episode=16/30 sample=zero_boundary_034 soc=0.7999 fc=0
progress step=378150 round=31/40 episode=16/30 sample=zero_boundary_034 soc=0.7948 fc=210
progress step=378200 round=31/40 episode=16/30 sample=zero_boundary_034 soc=0.7967 fc=0
progress step=378250 round=31/40 episode=16/30 sample=zero_boundary_034 soc=0.7992 fc=170
progress step=378300 round=31/40 episode=16/30 sample=zero_boundary_034 soc=0.7982 fc=170
progress step=378350 round=31/40 episode=16/30 sample=zero_boundary_034 soc=0.7460 fc=130
progress step=378400 round=31/40 episode=16/30 sample=zero_boundary_034 soc=0.7993 fc=0
progress step=378450 round=31/40 episode=16/30 sample=zero_boundary_034 soc=0.7999 fc=0
progress step=378500 round=31/40 episode=16/30 sample=zero_boundary_034 soc=0.7999 fc=0
progress step=378550 round=31/40 episode=16/30 sample=zero_boundary_034 soc=0.7999 fc=0
progress step=378600 round=31/40 episode=16/30 sample=zero_boundary_034 soc=0.7999 fc=0
progress step=378650 round=31/40 episode=16/30 sample=zero_boundary_034 soc=0.7999 fc=0
progress step=378700 round=31/40 episode=16/30 sample=zero_boundary_034 soc=0.7999 fc=0
progress step=378750 round=31/40 episode=16/30 sample=zero_boundary_034 soc=0.7999 fc=0
progress step=378800 round=31/40 episode=16/30 sample=zero_boundary_034 soc=0.7999 fc=0
progress step=378850 round=31/40 episode=16/30 sample=zero_boundary_034 soc=0.7999 fc=0
progress step=378900 round=31/40 episode=17/30 sample=zero_boundary_037 soc=0.6719 fc=530
progress step=378950 round=31/40 episode=17/30 sample=zero_boundary_037 soc=0.7988 fc=250
progress step=379000 round=31/40 episode=17/30 sample=zero_boundary_037 soc=0.7852 fc=100
progress step=379050 round=31/40 episode=17/30 sample=zero_boundary_037 soc=0.7949 fc=100
progress step=379100 round=31/40 episode=17/30 sample=zero_boundary_037 soc=0.7970 fc=470
progress step=379150 round=31/40 episode=17/30 sample=zero_boundary_037 soc=0.7930 fc=600
progress step=379200 round=31/40 episode=17/30 sample=zero_boundary_037 soc=0.6354 fc=160
progress step=379250 round=31/40 episode=17/30 sample=zero_boundary_037 soc=0.5154 fc=170
progress step=379300 round=31/40 episode=17/30 sample=zero_boundary_037 soc=0.7384 fc=530
progress step=379350 round=31/40 episode=17/30 sample=zero_boundary_037 soc=0.7995 fc=90
progress step=379400 round=31/40 episode=17/30 sample=zero_boundary_037 soc=0.8000 fc=0
progress step=379450 round=31/40 episode=17/30 sample=zero_boundary_037 soc=0.7991 fc=100
progress step=379500 round=31/40 episode=17/30 sample=zero_boundary_037 soc=0.7961 fc=370
progress step=379550 round=31/40 episode=17/30 sample=zero_boundary_037 soc=0.7999 fc=60
progress step=379600 round=31/40 episode=17/30 sample=zero_boundary_037 soc=0.7955 fc=420
progress step=379650 round=31/40 episode=17/30 sample=zero_boundary_037 soc=0.7986 fc=100
progress step=379700 round=31/40 episode=17/30 sample=zero_boundary_037 soc=0.7996 fc=60
progress step=379750 round=31/40 episode=17/30 sample=zero_boundary_037 soc=0.8000 fc=50
progress step=379800 round=31/40 episode=17/30 sample=zero_boundary_037 soc=0.7999 fc=70
progress step=379850 round=31/40 episode=17/30 sample=zero_boundary_037 soc=0.7990 fc=0
progress step=379900 round=31/40 episode=17/30 sample=zero_boundary_037 soc=0.7998 fc=0
progress step=379950 round=31/40 episode=17/30 sample=zero_boundary_037 soc=0.7999 fc=0
progress step=380000 round=31/40 episode=17/30 sample=zero_boundary_037 soc=0.7999 fc=0
progress step=380050 round=31/40 episode=17/30 sample=zero_boundary_037 soc=0.8000 fc=0
progress step=380100 round=31/40 episode=17/30 sample=zero_boundary_037 soc=0.7998 fc=30
progress step=380150 round=31/40 episode=17/30 sample=zero_boundary_037 soc=0.7998 fc=50
progress step=380200 round=31/40 episode=17/30 sample=zero_boundary_037 soc=0.7997 fc=60
progress step=380250 round=31/40 episode=17/30 sample=zero_boundary_037 soc=0.7999 fc=30
progress step=380300 round=31/40 episode=17/30 sample=zero_boundary_037 soc=0.7994 fc=60
progress step=380350 round=31/40 episode=17/30 sample=zero_boundary_037 soc=0.7956 fc=290
progress step=380400 round=31/40 episode=17/30 sample=zero_boundary_037 soc=0.7999 fc=0
progress step=380450 round=31/40 episode=17/30 sample=zero_boundary_037 soc=0.7982 fc=100
progress step=380500 round=31/40 episode=17/30 sample=zero_boundary_037 soc=0.7999 fc=30
progress step=380550 round=31/40 episode=17/30 sample=zero_boundary_037 soc=0.7998 fc=30
progress step=380600 round=31/40 episode=17/30 sample=zero_boundary_037 soc=0.7992 fc=0
progress step=380650 round=31/40 episode=17/30 sample=zero_boundary_037 soc=0.7999 fc=30
progress step=380700 round=31/40 episode=17/30 sample=zero_boundary_037 soc=0.7999 fc=0
progress step=380750 round=31/40 episode=17/30 sample=zero_boundary_037 soc=0.7999 fc=0
progress step=380800 round=31/40 episode=18/30 sample=zero_boundary_038 soc=0.6719 fc=530
progress step=380850 round=31/40 episode=18/30 sample=zero_boundary_038 soc=0.5976 fc=170
progress step=380900 round=31/40 episode=18/30 sample=zero_boundary_038 soc=0.4507 fc=420
progress step=380950 round=31/40 episode=18/30 sample=zero_boundary_038 soc=0.3190 fc=190
progress step=381000 round=31/40 episode=18/30 sample=zero_boundary_038 soc=0.2014 fc=450
progress step=381050 round=31/40 episode=18/30 sample=zero_boundary_038 soc=0.2001 fc=560
progress step=381100 round=31/40 episode=18/30 sample=zero_boundary_038 soc=0.2681 fc=460
progress step=381150 round=31/40 episode=18/30 sample=zero_boundary_038 soc=0.3876 fc=350
progress step=381200 round=31/40 episode=18/30 sample=zero_boundary_038 soc=0.5094 fc=450
progress step=381250 round=31/40 episode=18/30 sample=zero_boundary_038 soc=0.5921 fc=300
progress step=381300 round=31/40 episode=18/30 sample=zero_boundary_038 soc=0.4439 fc=120
progress step=381350 round=31/40 episode=18/30 sample=zero_boundary_038 soc=0.3619 fc=90
progress step=381400 round=31/40 episode=18/30 sample=zero_boundary_038 soc=0.2858 fc=500
progress step=381450 round=31/40 episode=18/30 sample=zero_boundary_038 soc=0.2346 fc=160
progress step=381500 round=31/40 episode=19/30 sample=zero_boundary_040 soc=0.6092 fc=10
progress step=381550 round=31/40 episode=19/30 sample=zero_boundary_040 soc=0.4981 fc=160
progress step=381600 round=31/40 episode=19/30 sample=zero_boundary_040 soc=0.2884 fc=200
progress step=381650 round=31/40 episode=20/30 sample=zero_boundary_041 soc=0.6000 fc=0
progress step=381700 round=31/40 episode=20/30 sample=zero_boundary_041 soc=0.4602 fc=120
progress step=381750 round=31/40 episode=20/30 sample=zero_boundary_041 soc=0.2620 fc=200
progress step=381800 round=31/40 episode=21/30 sample=zero_boundary_042 soc=0.7662 fc=600
progress step=381850 round=31/40 episode=21/30 sample=zero_boundary_042 soc=0.5232 fc=410
progress step=381900 round=31/40 episode=21/30 sample=zero_boundary_042 soc=0.2594 fc=200
progress step=381950 round=31/40 episode=21/30 sample=zero_boundary_042 soc=0.2001 fc=530
progress step=382000 round=31/40 episode=21/30 sample=zero_boundary_042 soc=0.2003 fc=490
progress step=382050 round=31/40 episode=21/30 sample=zero_boundary_042 soc=0.2630 fc=200
progress step=382100 round=31/40 episode=21/30 sample=zero_boundary_042 soc=0.2002 fc=560
progress step=382150 round=31/40 episode=22/30 sample=zero_boundary_044 soc=0.5663 fc=300
progress step=382200 round=31/40 episode=22/30 sample=zero_boundary_044 soc=0.3735 fc=350
progress step=382250 round=31/40 episode=23/30 sample=zero_boundary_045 soc=0.6442 fc=0
progress step=382300 round=31/40 episode=23/30 sample=zero_boundary_045 soc=0.6042 fc=60
progress step=382350 round=31/40 episode=23/30 sample=zero_boundary_045 soc=0.4587 fc=120
progress step=382400 round=31/40 episode=23/30 sample=zero_boundary_045 soc=0.2449 fc=490
progress step=382450 round=31/40 episode=24/30 sample=zero_boundary_046 soc=0.5285 fc=120
progress step=382500 round=31/40 episode=24/30 sample=zero_boundary_046 soc=0.2765 fc=200
progress step=382550 round=31/40 episode=25/30 sample=zero_boundary_048 soc=0.7244 fc=180
progress step=382600 round=31/40 episode=25/30 sample=zero_boundary_048 soc=0.4868 fc=160
progress step=382650 round=31/40 episode=25/30 sample=zero_boundary_048 soc=0.2784 fc=200
progress step=382700 round=31/40 episode=25/30 sample=zero_boundary_048 soc=0.2455 fc=240
progress step=382750 round=31/40 episode=25/30 sample=zero_boundary_048 soc=0.2571 fc=150
progress step=382800 round=31/40 episode=25/30 sample=zero_boundary_048 soc=0.2544 fc=240
progress step=382850 round=31/40 episode=26/30 sample=zero_boundary_049 soc=0.5987 fc=20
progress step=382900 round=31/40 episode=26/30 sample=zero_boundary_049 soc=0.4995 fc=120
progress step=382950 round=31/40 episode=26/30 sample=zero_boundary_049 soc=0.3752 fc=120
progress step=383000 round=31/40 episode=26/30 sample=zero_boundary_049 soc=0.2975 fc=130
progress step=383050 round=31/40 episode=26/30 sample=zero_boundary_049 soc=0.2948 fc=130
progress step=383100 round=31/40 episode=27/30 sample=zero_boundary_050 soc=0.6578 fc=130
progress step=383150 round=31/40 episode=27/30 sample=zero_boundary_050 soc=0.4911 fc=280
progress step=383200 round=31/40 episode=27/30 sample=zero_boundary_050 soc=0.2363 fc=510
progress step=383250 round=31/40 episode=28/30 sample=zero_boundary_051 soc=0.5921 fc=400
progress step=383300 round=31/40 episode=28/30 sample=zero_boundary_051 soc=0.4778 fc=120
progress step=383350 round=31/40 episode=28/30 sample=zero_boundary_051 soc=0.3682 fc=120
progress step=383400 round=31/40 episode=29/30 sample=zero_boundary_052 soc=0.6237 fc=390
progress step=383450 round=31/40 episode=29/30 sample=zero_boundary_052 soc=0.4591 fc=170
progress step=383500 round=31/40 episode=30/30 sample=zero_boundary_053 soc=0.6185 fc=10
progress step=383550 round=31/40 episode=30/30 sample=zero_boundary_053 soc=0.6822 fc=0
progress step=383600 round=31/40 episode=30/30 sample=zero_boundary_053 soc=0.5028 fc=120
progress step=383650 round=31/40 episode=30/30 sample=zero_boundary_053 soc=0.4335 fc=120
progress step=383700 round=31/40 episode=30/30 sample=zero_boundary_053 soc=0.3618 fc=130
progress step=383750 round=31/40 episode=30/30 sample=zero_boundary_053 soc=0.4357 fc=0
round 31/40 exploratory=16/30 greedy_train start
MONITOR round=31 exploratory=16/30 greedy_train=12/30 validation=SKIPPED cost=None updates=12563 best_round=None
round 32/40 start epsilon=0.2449
progress step=383800 round=32/40 episode=1/30 sample=zero_boundary_002 soc=0.7322 fc=10
progress step=383850 round=32/40 episode=1/30 sample=zero_boundary_002 soc=0.4023 fc=180
progress step=383900 round=32/40 episode=2/30 sample=zero_boundary_005 soc=0.6686 fc=130
progress step=383950 round=32/40 episode=2/30 sample=zero_boundary_005 soc=0.6376 fc=120
progress step=384000 round=32/40 episode=2/30 sample=zero_boundary_005 soc=0.5554 fc=260
progress step=384050 round=32/40 episode=2/30 sample=zero_boundary_005 soc=0.4197 fc=210
progress step=384100 round=32/40 episode=2/30 sample=zero_boundary_005 soc=0.2320 fc=130
progress step=384150 round=32/40 episode=2/30 sample=zero_boundary_005 soc=0.2002 fc=370
progress step=384200 round=32/40 episode=3/30 sample=zero_boundary_006 soc=0.7675 fc=550
progress step=384250 round=32/40 episode=3/30 sample=zero_boundary_006 soc=0.7883 fc=310
progress step=384300 round=32/40 episode=3/30 sample=zero_boundary_006 soc=0.7974 fc=0
progress step=384350 round=32/40 episode=3/30 sample=zero_boundary_006 soc=0.7992 fc=140
progress step=384400 round=32/40 episode=3/30 sample=zero_boundary_006 soc=0.7968 fc=0
progress step=384450 round=32/40 episode=3/30 sample=zero_boundary_006 soc=0.7995 fc=140
progress step=384500 round=32/40 episode=3/30 sample=zero_boundary_006 soc=0.7929 fc=220
progress step=384550 round=32/40 episode=4/30 sample=zero_boundary_007 soc=0.6077 fc=120
progress step=384600 round=32/40 episode=4/30 sample=zero_boundary_007 soc=0.4224 fc=120
progress step=384650 round=32/40 episode=4/30 sample=zero_boundary_007 soc=0.4397 fc=340
progress step=384700 round=32/40 episode=4/30 sample=zero_boundary_007 soc=0.4308 fc=120
progress step=384750 round=32/40 episode=4/30 sample=zero_boundary_007 soc=0.2767 fc=100
progress step=384800 round=32/40 episode=4/30 sample=zero_boundary_007 soc=0.2396 fc=240
progress step=384850 round=32/40 episode=5/30 sample=zero_boundary_008 soc=0.5429 fc=280
progress step=384900 round=32/40 episode=6/30 sample=zero_boundary_011 soc=0.6192 fc=570
progress step=384950 round=32/40 episode=6/30 sample=zero_boundary_011 soc=0.7999 fc=100
progress step=385000 round=32/40 episode=6/30 sample=zero_boundary_011 soc=0.6668 fc=120
progress step=385050 round=32/40 episode=6/30 sample=zero_boundary_011 soc=0.4390 fc=120
progress step=385100 round=32/40 episode=6/30 sample=zero_boundary_011 soc=0.2413 fc=180
progress step=385150 round=32/40 episode=7/30 sample=zero_boundary_013 soc=0.7371 fc=570
progress step=385200 round=32/40 episode=7/30 sample=zero_boundary_013 soc=0.7919 fc=130
progress step=385250 round=32/40 episode=7/30 sample=zero_boundary_013 soc=0.6864 fc=120
progress step=385300 round=32/40 episode=7/30 sample=zero_boundary_013 soc=0.5926 fc=170
progress step=385350 round=32/40 episode=7/30 sample=zero_boundary_013 soc=0.5444 fc=120
progress step=385400 round=32/40 episode=7/30 sample=zero_boundary_013 soc=0.5049 fc=150
progress step=385450 round=32/40 episode=7/30 sample=zero_boundary_013 soc=0.5655 fc=120
progress step=385500 round=32/40 episode=8/30 sample=zero_boundary_015 soc=0.6246 fc=500
progress step=385550 round=32/40 episode=8/30 sample=zero_boundary_015 soc=0.6006 fc=170
progress step=385600 round=32/40 episode=9/30 sample=zero_boundary_016 soc=0.6363 fc=570
progress step=385650 round=32/40 episode=9/30 sample=zero_boundary_016 soc=0.7940 fc=0
progress step=385700 round=32/40 episode=9/30 sample=zero_boundary_016 soc=0.5991 fc=120
progress step=385750 round=32/40 episode=9/30 sample=zero_boundary_016 soc=0.3466 fc=120
progress step=385800 round=32/40 episode=10/30 sample=zero_boundary_017 soc=0.5652 fc=160
progress step=385850 round=32/40 episode=10/30 sample=zero_boundary_017 soc=0.2672 fc=330
progress step=385900 round=32/40 episode=11/30 sample=zero_boundary_020 soc=0.6979 fc=400
progress step=385950 round=32/40 episode=11/30 sample=zero_boundary_020 soc=0.6722 fc=400
progress step=386000 round=32/40 episode=12/30 sample=zero_boundary_021 soc=0.6213 fc=170
progress step=386050 round=32/40 episode=12/30 sample=zero_boundary_021 soc=0.7904 fc=560
progress step=386100 round=32/40 episode=12/30 sample=zero_boundary_021 soc=0.6464 fc=160
progress step=386150 round=32/40 episode=12/30 sample=zero_boundary_021 soc=0.4817 fc=160
progress step=386200 round=32/40 episode=12/30 sample=zero_boundary_021 soc=0.3161 fc=0
progress step=386250 round=32/40 episode=13/30 sample=zero_boundary_022 soc=0.6924 fc=170
progress step=386300 round=32/40 episode=13/30 sample=zero_boundary_022 soc=0.5783 fc=170
progress step=386350 round=32/40 episode=13/30 sample=zero_boundary_022 soc=0.5521 fc=170
progress step=386400 round=32/40 episode=13/30 sample=zero_boundary_022 soc=0.6261 fc=170
progress step=386450 round=32/40 episode=14/30 sample=zero_boundary_029 soc=0.6352 fc=0
progress step=386500 round=32/40 episode=14/30 sample=zero_boundary_029 soc=0.5487 fc=0
progress step=386550 round=32/40 episode=14/30 sample=zero_boundary_029 soc=0.4270 fc=120
progress step=386600 round=32/40 episode=14/30 sample=zero_boundary_029 soc=0.3416 fc=20
progress step=386650 round=32/40 episode=14/30 sample=zero_boundary_029 soc=0.3612 fc=240
progress step=386700 round=32/40 episode=14/30 sample=zero_boundary_029 soc=0.3657 fc=170
progress step=386750 round=32/40 episode=14/30 sample=zero_boundary_029 soc=0.3713 fc=0
progress step=386800 round=32/40 episode=14/30 sample=zero_boundary_029 soc=0.5151 fc=490
progress step=386850 round=32/40 episode=14/30 sample=zero_boundary_029 soc=0.7747 fc=30
progress step=386900 round=32/40 episode=14/30 sample=zero_boundary_029 soc=0.7999 fc=0
progress step=386950 round=32/40 episode=14/30 sample=zero_boundary_029 soc=0.7999 fc=0
progress step=387000 round=32/40 episode=14/30 sample=zero_boundary_029 soc=0.7999 fc=0
progress step=387050 round=32/40 episode=14/30 sample=zero_boundary_029 soc=0.7999 fc=0
progress step=387100 round=32/40 episode=14/30 sample=zero_boundary_029 soc=0.7999 fc=0
progress step=387150 round=32/40 episode=14/30 sample=zero_boundary_029 soc=0.7999 fc=0
progress step=387200 round=32/40 episode=14/30 sample=zero_boundary_029 soc=0.7999 fc=0
progress step=387250 round=32/40 episode=14/30 sample=zero_boundary_029 soc=0.7999 fc=0
progress step=387300 round=32/40 episode=14/30 sample=zero_boundary_029 soc=0.7932 fc=190
progress step=387350 round=32/40 episode=14/30 sample=zero_boundary_029 soc=0.7892 fc=190
progress step=387400 round=32/40 episode=14/30 sample=zero_boundary_029 soc=0.7755 fc=190
progress step=387450 round=32/40 episode=14/30 sample=zero_boundary_029 soc=0.7976 fc=0
progress step=387500 round=32/40 episode=15/30 sample=zero_boundary_033 soc=0.7445 fc=520
progress step=387550 round=32/40 episode=15/30 sample=zero_boundary_033 soc=0.7724 fc=290
progress step=387600 round=32/40 episode=15/30 sample=zero_boundary_033 soc=0.6432 fc=120
progress step=387650 round=32/40 episode=15/30 sample=zero_boundary_033 soc=0.5918 fc=240
progress step=387700 round=32/40 episode=15/30 sample=zero_boundary_033 soc=0.6164 fc=170
progress step=387750 round=32/40 episode=15/30 sample=zero_boundary_033 soc=0.4040 fc=290
progress step=387800 round=32/40 episode=15/30 sample=zero_boundary_033 soc=0.3293 fc=0
progress step=387850 round=32/40 episode=15/30 sample=zero_boundary_033 soc=0.4559 fc=240
progress step=387900 round=32/40 episode=15/30 sample=zero_boundary_033 soc=0.5783 fc=170
progress step=387950 round=32/40 episode=15/30 sample=zero_boundary_033 soc=0.7999 fc=0
progress step=388000 round=32/40 episode=15/30 sample=zero_boundary_033 soc=0.8000 fc=0
progress step=388050 round=32/40 episode=15/30 sample=zero_boundary_033 soc=0.8000 fc=0
progress step=388100 round=32/40 episode=15/30 sample=zero_boundary_033 soc=0.7999 fc=0
progress step=388150 round=32/40 episode=15/30 sample=zero_boundary_033 soc=0.7999 fc=0
progress step=388200 round=32/40 episode=15/30 sample=zero_boundary_033 soc=0.7999 fc=0
progress step=388250 round=32/40 episode=15/30 sample=zero_boundary_033 soc=0.7995 fc=70
progress step=388300 round=32/40 episode=15/30 sample=zero_boundary_033 soc=0.7990 fc=0
progress step=388350 round=32/40 episode=15/30 sample=zero_boundary_033 soc=0.7963 fc=0
progress step=388400 round=32/40 episode=15/30 sample=zero_boundary_033 soc=0.7983 fc=40
progress step=388450 round=32/40 episode=16/30 sample=zero_boundary_034 soc=0.6687 fc=570
progress step=388500 round=32/40 episode=16/30 sample=zero_boundary_034 soc=0.7999 fc=0
progress step=388550 round=32/40 episode=16/30 sample=zero_boundary_034 soc=0.7999 fc=0
progress step=388600 round=32/40 episode=16/30 sample=zero_boundary_034 soc=0.7999 fc=0
progress step=388650 round=32/40 episode=16/30 sample=zero_boundary_034 soc=0.7999 fc=0
progress step=388700 round=32/40 episode=16/30 sample=zero_boundary_034 soc=0.7999 fc=0
progress step=388750 round=32/40 episode=16/30 sample=zero_boundary_034 soc=0.7999 fc=0
progress step=388800 round=32/40 episode=16/30 sample=zero_boundary_034 soc=0.7999 fc=0
progress step=388850 round=32/40 episode=16/30 sample=zero_boundary_034 soc=0.7999 fc=0
progress step=388900 round=32/40 episode=16/30 sample=zero_boundary_034 soc=0.7999 fc=0
progress step=388950 round=32/40 episode=16/30 sample=zero_boundary_034 soc=0.7999 fc=0
progress step=389000 round=32/40 episode=16/30 sample=zero_boundary_034 soc=0.7999 fc=0
progress step=389050 round=32/40 episode=16/30 sample=zero_boundary_034 soc=0.7999 fc=0
progress step=389100 round=32/40 episode=16/30 sample=zero_boundary_034 soc=0.7999 fc=0
progress step=389150 round=32/40 episode=16/30 sample=zero_boundary_034 soc=0.7999 fc=0
progress step=389200 round=32/40 episode=16/30 sample=zero_boundary_034 soc=0.7999 fc=0
progress step=389250 round=32/40 episode=16/30 sample=zero_boundary_034 soc=0.7999 fc=0
progress step=389300 round=32/40 episode=16/30 sample=zero_boundary_034 soc=0.7995 fc=0
progress step=389350 round=32/40 episode=16/30 sample=zero_boundary_034 soc=0.7999 fc=80
progress step=389400 round=32/40 episode=16/30 sample=zero_boundary_034 soc=0.8000 fc=160
progress step=389450 round=32/40 episode=16/30 sample=zero_boundary_034 soc=0.7998 fc=130
progress step=389500 round=32/40 episode=16/30 sample=zero_boundary_034 soc=0.7938 fc=190
progress step=389550 round=32/40 episode=16/30 sample=zero_boundary_034 soc=0.7739 fc=540
progress step=389600 round=32/40 episode=16/30 sample=zero_boundary_034 soc=0.7999 fc=40
progress step=389650 round=32/40 episode=16/30 sample=zero_boundary_034 soc=0.8000 fc=0
progress step=389700 round=32/40 episode=16/30 sample=zero_boundary_034 soc=0.8000 fc=0
progress step=389750 round=32/40 episode=16/30 sample=zero_boundary_034 soc=0.8000 fc=0
progress step=389800 round=32/40 episode=16/30 sample=zero_boundary_034 soc=0.8000 fc=0
progress step=389850 round=32/40 episode=16/30 sample=zero_boundary_034 soc=0.8000 fc=0
progress step=389900 round=32/40 episode=16/30 sample=zero_boundary_034 soc=0.8000 fc=0
progress step=389950 round=32/40 episode=16/30 sample=zero_boundary_034 soc=0.8000 fc=0
progress step=390000 round=32/40 episode=16/30 sample=zero_boundary_034 soc=0.8000 fc=0
progress step=390050 round=32/40 episode=16/30 sample=zero_boundary_034 soc=0.7998 fc=0
progress step=390100 round=32/40 episode=17/30 sample=zero_boundary_037 soc=0.6825 fc=600
progress step=390150 round=32/40 episode=17/30 sample=zero_boundary_037 soc=0.6618 fc=540
progress step=390200 round=32/40 episode=17/30 sample=zero_boundary_037 soc=0.7506 fc=490
progress step=390250 round=32/40 episode=17/30 sample=zero_boundary_037 soc=0.7996 fc=70
progress step=390300 round=32/40 episode=17/30 sample=zero_boundary_037 soc=0.7801 fc=130
progress step=390350 round=32/40 episode=17/30 sample=zero_boundary_037 soc=0.6444 fc=210
progress step=390400 round=32/40 episode=17/30 sample=zero_boundary_037 soc=0.4049 fc=210
progress step=390450 round=32/40 episode=17/30 sample=zero_boundary_037 soc=0.3522 fc=170
progress step=390500 round=32/40 episode=17/30 sample=zero_boundary_037 soc=0.4515 fc=170
progress step=390550 round=32/40 episode=17/30 sample=zero_boundary_037 soc=0.5470 fc=0
progress step=390600 round=32/40 episode=17/30 sample=zero_boundary_037 soc=0.7206 fc=260
progress step=390650 round=32/40 episode=17/30 sample=zero_boundary_037 soc=0.7981 fc=120
progress step=390700 round=32/40 episode=17/30 sample=zero_boundary_037 soc=0.8000 fc=70
progress step=390750 round=32/40 episode=17/30 sample=zero_boundary_037 soc=0.7996 fc=10
progress step=390800 round=32/40 episode=17/30 sample=zero_boundary_037 soc=0.7999 fc=60
progress step=390850 round=32/40 episode=17/30 sample=zero_boundary_037 soc=0.7974 fc=170
progress step=390900 round=32/40 episode=17/30 sample=zero_boundary_037 soc=0.7998 fc=70
progress step=390950 round=32/40 episode=17/30 sample=zero_boundary_037 soc=0.7994 fc=0
progress step=391000 round=32/40 episode=17/30 sample=zero_boundary_037 soc=0.7949 fc=170
progress step=391050 round=32/40 episode=17/30 sample=zero_boundary_037 soc=0.7999 fc=70
progress step=391100 round=32/40 episode=17/30 sample=zero_boundary_037 soc=0.7999 fc=0
progress step=391150 round=32/40 episode=17/30 sample=zero_boundary_037 soc=0.7999 fc=0
progress step=391200 round=32/40 episode=17/30 sample=zero_boundary_037 soc=0.7999 fc=0
progress step=391250 round=32/40 episode=17/30 sample=zero_boundary_037 soc=0.7986 fc=0
progress step=391300 round=32/40 episode=17/30 sample=zero_boundary_037 soc=0.7987 fc=0
progress step=391350 round=32/40 episode=17/30 sample=zero_boundary_037 soc=0.7988 fc=20
progress step=391400 round=32/40 episode=17/30 sample=zero_boundary_037 soc=0.7966 fc=0
progress step=391450 round=32/40 episode=17/30 sample=zero_boundary_037 soc=0.7997 fc=70
progress step=391500 round=32/40 episode=17/30 sample=zero_boundary_037 soc=0.7965 fc=0
progress step=391550 round=32/40 episode=17/30 sample=zero_boundary_037 soc=0.7985 fc=0
progress step=391600 round=32/40 episode=17/30 sample=zero_boundary_037 soc=0.7995 fc=0
progress step=391650 round=32/40 episode=17/30 sample=zero_boundary_037 soc=0.7987 fc=0
progress step=391700 round=32/40 episode=17/30 sample=zero_boundary_037 soc=0.7991 fc=80
progress step=391750 round=32/40 episode=17/30 sample=zero_boundary_037 soc=0.7978 fc=0
progress step=391800 round=32/40 episode=17/30 sample=zero_boundary_037 soc=0.7998 fc=0
progress step=391850 round=32/40 episode=17/30 sample=zero_boundary_037 soc=0.7966 fc=120
progress step=391900 round=32/40 episode=17/30 sample=zero_boundary_037 soc=0.7995 fc=0
progress step=391950 round=32/40 episode=17/30 sample=zero_boundary_037 soc=0.7998 fc=0
progress step=392000 round=32/40 episode=18/30 sample=zero_boundary_038 soc=0.7283 fc=150
progress step=392050 round=32/40 episode=18/30 sample=zero_boundary_038 soc=0.5932 fc=530
progress step=392100 round=32/40 episode=18/30 sample=zero_boundary_038 soc=0.5352 fc=120
progress step=392150 round=32/40 episode=18/30 sample=zero_boundary_038 soc=0.3950 fc=120
progress step=392200 round=32/40 episode=18/30 sample=zero_boundary_038 soc=0.2010 fc=440
progress step=392250 round=32/40 episode=18/30 sample=zero_boundary_038 soc=0.2000 fc=310
progress step=392300 round=32/40 episode=18/30 sample=zero_boundary_038 soc=0.2538 fc=220
progress step=392350 round=32/40 episode=18/30 sample=zero_boundary_038 soc=0.3749 fc=320
progress step=392400 round=32/40 episode=18/30 sample=zero_boundary_038 soc=0.4884 fc=120
progress step=392450 round=32/40 episode=18/30 sample=zero_boundary_038 soc=0.5184 fc=410
progress step=392500 round=32/40 episode=18/30 sample=zero_boundary_038 soc=0.3978 fc=90
progress step=392550 round=32/40 episode=18/30 sample=zero_boundary_038 soc=0.2673 fc=150
progress step=392600 round=32/40 episode=18/30 sample=zero_boundary_038 soc=0.2001 fc=370
progress step=392650 round=32/40 episode=18/30 sample=zero_boundary_038 soc=0.2420 fc=310
progress step=392700 round=32/40 episode=19/30 sample=zero_boundary_040 soc=0.5868 fc=120
progress step=392750 round=32/40 episode=19/30 sample=zero_boundary_040 soc=0.4582 fc=520
progress step=392800 round=32/40 episode=19/30 sample=zero_boundary_040 soc=0.3092 fc=170
progress step=392850 round=32/40 episode=20/30 sample=zero_boundary_041 soc=0.6039 fc=130
progress step=392900 round=32/40 episode=20/30 sample=zero_boundary_041 soc=0.4499 fc=340
progress step=392950 round=32/40 episode=21/30 sample=zero_boundary_042 soc=0.6000 fc=0
progress step=393000 round=32/40 episode=21/30 sample=zero_boundary_042 soc=0.6529 fc=120
progress step=393050 round=32/40 episode=21/30 sample=zero_boundary_042 soc=0.4108 fc=140
progress step=393100 round=32/40 episode=22/30 sample=zero_boundary_044 soc=0.5994 fc=0
progress step=393150 round=32/40 episode=22/30 sample=zero_boundary_044 soc=0.5438 fc=160
progress step=393200 round=32/40 episode=22/30 sample=zero_boundary_044 soc=0.3141 fc=180
progress step=393250 round=32/40 episode=23/30 sample=zero_boundary_045 soc=0.7515 fc=570
progress step=393300 round=32/40 episode=23/30 sample=zero_boundary_045 soc=0.6755 fc=110
progress step=393350 round=32/40 episode=23/30 sample=zero_boundary_045 soc=0.5407 fc=370
progress step=393400 round=32/40 episode=23/30 sample=zero_boundary_045 soc=0.3099 fc=120
progress step=393450 round=32/40 episode=24/30 sample=zero_boundary_046 soc=0.5324 fc=120
progress step=393500 round=32/40 episode=24/30 sample=zero_boundary_046 soc=0.3110 fc=210
progress step=393550 round=32/40 episode=25/30 sample=zero_boundary_048 soc=0.6588 fc=210
progress step=393600 round=32/40 episode=25/30 sample=zero_boundary_048 soc=0.5322 fc=160
progress step=393650 round=32/40 episode=25/30 sample=zero_boundary_048 soc=0.3240 fc=120
progress step=393700 round=32/40 episode=25/30 sample=zero_boundary_048 soc=0.2028 fc=140
progress step=393750 round=32/40 episode=25/30 sample=zero_boundary_048 soc=0.2123 fc=270
progress step=393800 round=32/40 episode=26/30 sample=zero_boundary_049 soc=0.7262 fc=600
progress step=393850 round=32/40 episode=26/30 sample=zero_boundary_049 soc=0.6245 fc=200
progress step=393900 round=32/40 episode=26/30 sample=zero_boundary_049 soc=0.5478 fc=120
progress step=393950 round=32/40 episode=26/30 sample=zero_boundary_049 soc=0.4313 fc=120
progress step=394000 round=32/40 episode=26/30 sample=zero_boundary_049 soc=0.3948 fc=170
progress step=394050 round=32/40 episode=27/30 sample=zero_boundary_050 soc=0.6463 fc=170
progress step=394100 round=32/40 episode=27/30 sample=zero_boundary_050 soc=0.5620 fc=160
progress step=394150 round=32/40 episode=27/30 sample=zero_boundary_050 soc=0.3515 fc=350
progress step=394200 round=32/40 episode=28/30 sample=zero_boundary_051 soc=0.6000 fc=540
progress step=394250 round=32/40 episode=28/30 sample=zero_boundary_051 soc=0.5764 fc=520
progress step=394300 round=32/40 episode=28/30 sample=zero_boundary_051 soc=0.4661 fc=120
progress step=394350 round=32/40 episode=29/30 sample=zero_boundary_052 soc=0.6025 fc=500
progress step=394400 round=32/40 episode=29/30 sample=zero_boundary_052 soc=0.5626 fc=120
progress step=394450 round=32/40 episode=29/30 sample=zero_boundary_052 soc=0.2879 fc=200
progress step=394500 round=32/40 episode=29/30 sample=zero_boundary_052 soc=0.2011 fc=160
progress step=394550 round=32/40 episode=29/30 sample=zero_boundary_052 soc=0.2236 fc=370
progress step=394600 round=32/40 episode=30/30 sample=zero_boundary_053 soc=0.6553 fc=460
progress step=394650 round=32/40 episode=30/30 sample=zero_boundary_053 soc=0.6200 fc=20
progress step=394700 round=32/40 episode=30/30 sample=zero_boundary_053 soc=0.4002 fc=120
progress step=394750 round=32/40 episode=30/30 sample=zero_boundary_053 soc=0.3696 fc=120
progress step=394800 round=32/40 episode=30/30 sample=zero_boundary_053 soc=0.3115 fc=160
round 32/40 exploratory=16/30 greedy_train start
MONITOR round=32 exploratory=16/30 greedy_train=12/30 validation=SKIPPED cost=None updates=12909 best_round=None
round 33/40 start epsilon=0.2205
progress step=394850 round=33/40 episode=1/30 sample=zero_boundary_002 soc=0.6008 fc=170
progress step=394900 round=33/40 episode=1/30 sample=zero_boundary_002 soc=0.5188 fc=360
progress step=394950 round=33/40 episode=1/30 sample=zero_boundary_002 soc=0.2114 fc=70
progress step=395000 round=33/40 episode=2/30 sample=zero_boundary_005 soc=0.6526 fc=120
progress step=395050 round=33/40 episode=2/30 sample=zero_boundary_005 soc=0.4327 fc=120
progress step=395100 round=33/40 episode=2/30 sample=zero_boundary_005 soc=0.3731 fc=210
progress step=395150 round=33/40 episode=2/30 sample=zero_boundary_005 soc=0.2476 fc=120
progress step=395200 round=33/40 episode=2/30 sample=zero_boundary_005 soc=0.2111 fc=120
progress step=395250 round=33/40 episode=3/30 sample=zero_boundary_006 soc=0.6061 fc=550
progress step=395300 round=33/40 episode=3/30 sample=zero_boundary_006 soc=0.7743 fc=590
progress step=395350 round=33/40 episode=3/30 sample=zero_boundary_006 soc=0.7998 fc=80
progress step=395400 round=33/40 episode=3/30 sample=zero_boundary_006 soc=0.7991 fc=130
progress step=395450 round=33/40 episode=3/30 sample=zero_boundary_006 soc=0.7963 fc=80
progress step=395500 round=33/40 episode=3/30 sample=zero_boundary_006 soc=0.7861 fc=590
progress step=395550 round=33/40 episode=3/30 sample=zero_boundary_006 soc=0.7837 fc=530
progress step=395600 round=33/40 episode=4/30 sample=zero_boundary_007 soc=0.6000 fc=0
progress step=395650 round=33/40 episode=4/30 sample=zero_boundary_007 soc=0.5943 fc=370
progress step=395700 round=33/40 episode=4/30 sample=zero_boundary_007 soc=0.4291 fc=170
progress step=395750 round=33/40 episode=4/30 sample=zero_boundary_007 soc=0.4104 fc=210
progress step=395800 round=33/40 episode=4/30 sample=zero_boundary_007 soc=0.3707 fc=130
progress step=395850 round=33/40 episode=4/30 sample=zero_boundary_007 soc=0.2335 fc=0
progress step=395900 round=33/40 episode=5/30 sample=zero_boundary_008 soc=0.6241 fc=170
progress step=395950 round=33/40 episode=5/30 sample=zero_boundary_008 soc=0.2873 fc=330
progress step=396000 round=33/40 episode=6/30 sample=zero_boundary_011 soc=0.7849 fc=550
progress step=396050 round=33/40 episode=6/30 sample=zero_boundary_011 soc=0.7027 fc=310
progress step=396100 round=33/40 episode=6/30 sample=zero_boundary_011 soc=0.5204 fc=170
progress step=396150 round=33/40 episode=6/30 sample=zero_boundary_011 soc=0.3187 fc=210
progress step=396200 round=33/40 episode=7/30 sample=zero_boundary_013 soc=0.6314 fc=550
progress step=396250 round=33/40 episode=7/30 sample=zero_boundary_013 soc=0.7864 fc=80
progress step=396300 round=33/40 episode=7/30 sample=zero_boundary_013 soc=0.6819 fc=500
progress step=396350 round=33/40 episode=7/30 sample=zero_boundary_013 soc=0.5298 fc=170
progress step=396400 round=33/40 episode=7/30 sample=zero_boundary_013 soc=0.5039 fc=120
progress step=396450 round=33/40 episode=7/30 sample=zero_boundary_013 soc=0.4798 fc=0
progress step=396500 round=33/40 episode=7/30 sample=zero_boundary_013 soc=0.4032 fc=250
progress step=396550 round=33/40 episode=8/30 sample=zero_boundary_015 soc=0.6741 fc=120
progress step=396600 round=33/40 episode=8/30 sample=zero_boundary_015 soc=0.5698 fc=120
progress step=396650 round=33/40 episode=8/30 sample=zero_boundary_015 soc=0.3534 fc=160
progress step=396700 round=33/40 episode=9/30 sample=zero_boundary_016 soc=0.7882 fc=550
progress step=396750 round=33/40 episode=9/30 sample=zero_boundary_016 soc=0.7045 fc=120
progress step=396800 round=33/40 episode=9/30 sample=zero_boundary_016 soc=0.4355 fc=300
progress step=396850 round=33/40 episode=10/30 sample=zero_boundary_017 soc=0.5944 fc=0
progress step=396900 round=33/40 episode=10/30 sample=zero_boundary_017 soc=0.4035 fc=180
progress step=396950 round=33/40 episode=11/30 sample=zero_boundary_020 soc=0.6485 fc=120
progress step=397000 round=33/40 episode=11/30 sample=zero_boundary_020 soc=0.5690 fc=120
progress step=397050 round=33/40 episode=12/30 sample=zero_boundary_021 soc=0.5994 fc=0
progress step=397100 round=33/40 episode=12/30 sample=zero_boundary_021 soc=0.7929 fc=80
progress step=397150 round=33/40 episode=12/30 sample=zero_boundary_021 soc=0.7176 fc=120
progress step=397200 round=33/40 episode=12/30 sample=zero_boundary_021 soc=0.5657 fc=210
progress step=397250 round=33/40 episode=12/30 sample=zero_boundary_021 soc=0.4028 fc=120
progress step=397300 round=33/40 episode=13/30 sample=zero_boundary_022 soc=0.7346 fc=180
progress step=397350 round=33/40 episode=13/30 sample=zero_boundary_022 soc=0.5804 fc=120
progress step=397400 round=33/40 episode=13/30 sample=zero_boundary_022 soc=0.5272 fc=510
progress step=397450 round=33/40 episode=13/30 sample=zero_boundary_022 soc=0.5067 fc=360
progress step=397500 round=33/40 episode=14/30 sample=zero_boundary_029 soc=0.6850 fc=390
progress step=397550 round=33/40 episode=14/30 sample=zero_boundary_029 soc=0.6905 fc=400
progress step=397600 round=33/40 episode=14/30 sample=zero_boundary_029 soc=0.6182 fc=380
progress step=397650 round=33/40 episode=14/30 sample=zero_boundary_029 soc=0.5146 fc=170
progress step=397700 round=33/40 episode=14/30 sample=zero_boundary_029 soc=0.5262 fc=120
progress step=397750 round=33/40 episode=14/30 sample=zero_boundary_029 soc=0.4712 fc=120
progress step=397800 round=33/40 episode=14/30 sample=zero_boundary_029 soc=0.4668 fc=170
progress step=397850 round=33/40 episode=14/30 sample=zero_boundary_029 soc=0.6038 fc=120
progress step=397900 round=33/40 episode=14/30 sample=zero_boundary_029 soc=0.7998 fc=0
progress step=397950 round=33/40 episode=14/30 sample=zero_boundary_029 soc=0.7999 fc=0
progress step=398000 round=33/40 episode=14/30 sample=zero_boundary_029 soc=0.7999 fc=0
progress step=398050 round=33/40 episode=14/30 sample=zero_boundary_029 soc=0.7999 fc=0
progress step=398100 round=33/40 episode=14/30 sample=zero_boundary_029 soc=0.7999 fc=0
progress step=398150 round=33/40 episode=14/30 sample=zero_boundary_029 soc=0.7999 fc=0
progress step=398200 round=33/40 episode=14/30 sample=zero_boundary_029 soc=0.7999 fc=0
progress step=398250 round=33/40 episode=14/30 sample=zero_boundary_029 soc=0.7999 fc=0
progress step=398300 round=33/40 episode=14/30 sample=zero_boundary_029 soc=0.7999 fc=0
progress step=398350 round=33/40 episode=14/30 sample=zero_boundary_029 soc=0.7950 fc=0
progress step=398400 round=33/40 episode=14/30 sample=zero_boundary_029 soc=0.7646 fc=80
progress step=398450 round=33/40 episode=14/30 sample=zero_boundary_029 soc=0.7823 fc=80
progress step=398500 round=33/40 episode=14/30 sample=zero_boundary_029 soc=0.7658 fc=520
progress step=398550 round=33/40 episode=15/30 sample=zero_boundary_033 soc=0.6826 fc=140
progress step=398600 round=33/40 episode=15/30 sample=zero_boundary_033 soc=0.7324 fc=220
progress step=398650 round=33/40 episode=15/30 sample=zero_boundary_033 soc=0.5488 fc=120
progress step=398700 round=33/40 episode=15/30 sample=zero_boundary_033 soc=0.4856 fc=200
progress step=398750 round=33/40 episode=15/30 sample=zero_boundary_033 soc=0.4681 fc=0
progress step=398800 round=33/40 episode=15/30 sample=zero_boundary_033 soc=0.2947 fc=180
progress step=398850 round=33/40 episode=15/30 sample=zero_boundary_033 soc=0.2170 fc=180
progress step=398900 round=33/40 episode=15/30 sample=zero_boundary_033 soc=0.3050 fc=440
progress step=398950 round=33/40 episode=15/30 sample=zero_boundary_033 soc=0.3756 fc=170
progress step=399000 round=33/40 episode=15/30 sample=zero_boundary_033 soc=0.4920 fc=120
progress step=399050 round=33/40 episode=15/30 sample=zero_boundary_033 soc=0.7023 fc=170
progress step=399100 round=33/40 episode=15/30 sample=zero_boundary_033 soc=0.7999 fc=0
progress step=399150 round=33/40 episode=15/30 sample=zero_boundary_033 soc=0.8000 fc=0
progress step=399200 round=33/40 episode=15/30 sample=zero_boundary_033 soc=0.8000 fc=0
progress step=399250 round=33/40 episode=15/30 sample=zero_boundary_033 soc=0.8000 fc=0
progress step=399300 round=33/40 episode=15/30 sample=zero_boundary_033 soc=0.7995 fc=0
progress step=399350 round=33/40 episode=15/30 sample=zero_boundary_033 soc=0.7945 fc=0
progress step=399400 round=33/40 episode=15/30 sample=zero_boundary_033 soc=0.7974 fc=0
progress step=399450 round=33/40 episode=15/30 sample=zero_boundary_033 soc=0.7946 fc=0
progress step=399500 round=33/40 episode=16/30 sample=zero_boundary_034 soc=0.6076 fc=170
progress step=399550 round=33/40 episode=16/30 sample=zero_boundary_034 soc=0.8000 fc=0
progress step=399600 round=33/40 episode=16/30 sample=zero_boundary_034 soc=0.8000 fc=0
progress step=399650 round=33/40 episode=16/30 sample=zero_boundary_034 soc=0.8000 fc=0
progress step=399700 round=33/40 episode=16/30 sample=zero_boundary_034 soc=0.8000 fc=0
progress step=399750 round=33/40 episode=16/30 sample=zero_boundary_034 soc=0.8000 fc=0
progress step=399800 round=33/40 episode=16/30 sample=zero_boundary_034 soc=0.8000 fc=0
progress step=399850 round=33/40 episode=16/30 sample=zero_boundary_034 soc=0.8000 fc=0
progress step=399900 round=33/40 episode=16/30 sample=zero_boundary_034 soc=0.8000 fc=0
progress step=399950 round=33/40 episode=16/30 sample=zero_boundary_034 soc=0.8000 fc=0
progress step=400000 round=33/40 episode=16/30 sample=zero_boundary_034 soc=0.8000 fc=0
progress step=400050 round=33/40 episode=16/30 sample=zero_boundary_034 soc=0.8000 fc=0
progress step=400100 round=33/40 episode=16/30 sample=zero_boundary_034 soc=0.8000 fc=0
progress step=400150 round=33/40 episode=16/30 sample=zero_boundary_034 soc=0.8000 fc=0
progress step=400200 round=33/40 episode=16/30 sample=zero_boundary_034 soc=0.8000 fc=0
progress step=400250 round=33/40 episode=16/30 sample=zero_boundary_034 soc=0.8000 fc=0
progress step=400300 round=33/40 episode=16/30 sample=zero_boundary_034 soc=0.8000 fc=0
progress step=400350 round=33/40 episode=16/30 sample=zero_boundary_034 soc=0.8000 fc=0
progress step=400400 round=33/40 episode=16/30 sample=zero_boundary_034 soc=0.7992 fc=0
progress step=400450 round=33/40 episode=16/30 sample=zero_boundary_034 soc=0.7999 fc=130
progress step=400500 round=33/40 episode=16/30 sample=zero_boundary_034 soc=0.7573 fc=0
progress step=400550 round=33/40 episode=16/30 sample=zero_boundary_034 soc=0.7995 fc=170
progress step=400600 round=33/40 episode=16/30 sample=zero_boundary_034 soc=0.7850 fc=120
progress step=400650 round=33/40 episode=16/30 sample=zero_boundary_034 soc=0.7965 fc=140
progress step=400700 round=33/40 episode=16/30 sample=zero_boundary_034 soc=0.7999 fc=0
progress step=400750 round=33/40 episode=16/30 sample=zero_boundary_034 soc=0.7999 fc=0
progress step=400800 round=33/40 episode=16/30 sample=zero_boundary_034 soc=0.7999 fc=0
progress step=400850 round=33/40 episode=16/30 sample=zero_boundary_034 soc=0.7999 fc=0
progress step=400900 round=33/40 episode=16/30 sample=zero_boundary_034 soc=0.7999 fc=0
progress step=400950 round=33/40 episode=16/30 sample=zero_boundary_034 soc=0.7999 fc=0
progress step=401000 round=33/40 episode=16/30 sample=zero_boundary_034 soc=0.7999 fc=0
progress step=401050 round=33/40 episode=16/30 sample=zero_boundary_034 soc=0.7999 fc=0
progress step=401100 round=33/40 episode=16/30 sample=zero_boundary_034 soc=0.7999 fc=0
progress step=401150 round=33/40 episode=17/30 sample=zero_boundary_037 soc=0.6393 fc=170
progress step=401200 round=33/40 episode=17/30 sample=zero_boundary_037 soc=0.7058 fc=170
progress step=401250 round=33/40 episode=17/30 sample=zero_boundary_037 soc=0.7428 fc=420
progress step=401300 round=33/40 episode=17/30 sample=zero_boundary_037 soc=0.7804 fc=560
progress step=401350 round=33/40 episode=17/30 sample=zero_boundary_037 soc=0.7910 fc=80
progress step=401400 round=33/40 episode=17/30 sample=zero_boundary_037 soc=0.6968 fc=410
progress step=401450 round=33/40 episode=17/30 sample=zero_boundary_037 soc=0.4729 fc=210
progress step=401500 round=33/40 episode=17/30 sample=zero_boundary_037 soc=0.3397 fc=170
progress step=401550 round=33/40 episode=17/30 sample=zero_boundary_037 soc=0.4704 fc=420
progress step=401600 round=33/40 episode=17/30 sample=zero_boundary_037 soc=0.5850 fc=460
progress step=401650 round=33/40 episode=17/30 sample=zero_boundary_037 soc=0.7529 fc=0
progress step=401700 round=33/40 episode=17/30 sample=zero_boundary_037 soc=0.7998 fc=70
progress step=401750 round=33/40 episode=17/30 sample=zero_boundary_037 soc=0.7935 fc=0
progress step=401800 round=33/40 episode=17/30 sample=zero_boundary_037 soc=0.7927 fc=0
progress step=401850 round=33/40 episode=17/30 sample=zero_boundary_037 soc=0.8000 fc=70
progress step=401900 round=33/40 episode=17/30 sample=zero_boundary_037 soc=0.7998 fc=50
progress step=401950 round=33/40 episode=17/30 sample=zero_boundary_037 soc=0.7963 fc=110
progress step=402000 round=33/40 episode=17/30 sample=zero_boundary_037 soc=0.7999 fc=0
progress step=402050 round=33/40 episode=17/30 sample=zero_boundary_037 soc=0.7995 fc=30
progress step=402100 round=33/40 episode=17/30 sample=zero_boundary_037 soc=0.7975 fc=20
progress step=402150 round=33/40 episode=17/30 sample=zero_boundary_037 soc=0.7999 fc=0
progress step=402200 round=33/40 episode=17/30 sample=zero_boundary_037 soc=0.7999 fc=0
progress step=402250 round=33/40 episode=17/30 sample=zero_boundary_037 soc=0.7999 fc=0
progress step=402300 round=33/40 episode=17/30 sample=zero_boundary_037 soc=0.7997 fc=70
progress step=402350 round=33/40 episode=17/30 sample=zero_boundary_037 soc=0.7994 fc=0
progress step=402400 round=33/40 episode=17/30 sample=zero_boundary_037 soc=0.7985 fc=150
progress step=402450 round=33/40 episode=17/30 sample=zero_boundary_037 soc=0.7988 fc=0
progress step=402500 round=33/40 episode=17/30 sample=zero_boundary_037 soc=0.7883 fc=0
progress step=402550 round=33/40 episode=17/30 sample=zero_boundary_037 soc=0.7998 fc=50
progress step=402600 round=33/40 episode=17/30 sample=zero_boundary_037 soc=0.7980 fc=0
progress step=402650 round=33/40 episode=17/30 sample=zero_boundary_037 soc=0.8000 fc=20
progress step=402700 round=33/40 episode=17/30 sample=zero_boundary_037 soc=0.7997 fc=50
progress step=402750 round=33/40 episode=17/30 sample=zero_boundary_037 soc=0.7995 fc=0
progress step=402800 round=33/40 episode=17/30 sample=zero_boundary_037 soc=0.7997 fc=50
progress step=402850 round=33/40 episode=17/30 sample=zero_boundary_037 soc=0.7996 fc=0
progress step=402900 round=33/40 episode=17/30 sample=zero_boundary_037 soc=0.7979 fc=0
progress step=402950 round=33/40 episode=17/30 sample=zero_boundary_037 soc=0.7998 fc=10
progress step=403000 round=33/40 episode=17/30 sample=zero_boundary_037 soc=0.8000 fc=0
progress step=403050 round=33/40 episode=18/30 sample=zero_boundary_038 soc=0.5941 fc=0
progress step=403100 round=33/40 episode=18/30 sample=zero_boundary_038 soc=0.4762 fc=30
progress step=403150 round=33/40 episode=18/30 sample=zero_boundary_038 soc=0.3574 fc=120
progress step=403200 round=33/40 episode=18/30 sample=zero_boundary_038 soc=0.2950 fc=270
progress step=403250 round=33/40 episode=18/30 sample=zero_boundary_038 soc=0.2003 fc=490
progress step=403300 round=33/40 episode=18/30 sample=zero_boundary_038 soc=0.2013 fc=350
progress step=403350 round=33/40 episode=18/30 sample=zero_boundary_038 soc=0.2632 fc=430
progress step=403400 round=33/40 episode=18/30 sample=zero_boundary_038 soc=0.3652 fc=340
progress step=403450 round=33/40 episode=18/30 sample=zero_boundary_038 soc=0.5451 fc=570
progress step=403500 round=33/40 episode=18/30 sample=zero_boundary_038 soc=0.5738 fc=120
progress step=403550 round=33/40 episode=18/30 sample=zero_boundary_038 soc=0.4327 fc=270
progress step=403600 round=33/40 episode=18/30 sample=zero_boundary_038 soc=0.3495 fc=270
progress step=403650 round=33/40 episode=18/30 sample=zero_boundary_038 soc=0.2858 fc=200
progress step=403700 round=33/40 episode=18/30 sample=zero_boundary_038 soc=0.2104 fc=0
progress step=403750 round=33/40 episode=19/30 sample=zero_boundary_040 soc=0.5875 fc=120
progress step=403800 round=33/40 episode=19/30 sample=zero_boundary_040 soc=0.4325 fc=120
progress step=403850 round=33/40 episode=19/30 sample=zero_boundary_040 soc=0.2245 fc=270
progress step=403900 round=33/40 episode=20/30 sample=zero_boundary_041 soc=0.6000 fc=0
progress step=403950 round=33/40 episode=20/30 sample=zero_boundary_041 soc=0.4234 fc=120
progress step=404000 round=33/40 episode=20/30 sample=zero_boundary_041 soc=0.2326 fc=150
progress step=404050 round=33/40 episode=21/30 sample=zero_boundary_042 soc=0.6789 fc=170
progress step=404100 round=33/40 episode=21/30 sample=zero_boundary_042 soc=0.4659 fc=240
progress step=404150 round=33/40 episode=21/30 sample=zero_boundary_042 soc=0.2005 fc=560
progress step=404200 round=33/40 episode=22/30 sample=zero_boundary_044 soc=0.5759 fc=170
progress step=404250 round=33/40 episode=22/30 sample=zero_boundary_044 soc=0.3846 fc=170
progress step=404300 round=33/40 episode=23/30 sample=zero_boundary_045 soc=0.6550 fc=170
progress step=404350 round=33/40 episode=23/30 sample=zero_boundary_045 soc=0.5876 fc=120
progress step=404400 round=33/40 episode=23/30 sample=zero_boundary_045 soc=0.4056 fc=440
progress step=404450 round=33/40 episode=23/30 sample=zero_boundary_045 soc=0.2104 fc=250
progress step=404500 round=33/40 episode=24/30 sample=zero_boundary_046 soc=0.4726 fc=170
progress step=404550 round=33/40 episode=24/30 sample=zero_boundary_046 soc=0.2757 fc=260
progress step=404600 round=33/40 episode=25/30 sample=zero_boundary_048 soc=0.6586 fc=170
progress step=404650 round=33/40 episode=25/30 sample=zero_boundary_048 soc=0.3745 fc=260
progress step=404700 round=33/40 episode=25/30 sample=zero_boundary_048 soc=0.2003 fc=470
progress step=404750 round=33/40 episode=25/30 sample=zero_boundary_048 soc=0.2412 fc=170
progress step=404800 round=33/40 episode=25/30 sample=zero_boundary_048 soc=0.2031 fc=560
progress step=404850 round=33/40 episode=25/30 sample=zero_boundary_048 soc=0.2553 fc=170
progress step=404900 round=33/40 episode=26/30 sample=zero_boundary_049 soc=0.6313 fc=0
progress step=404950 round=33/40 episode=26/30 sample=zero_boundary_049 soc=0.5085 fc=120
progress step=405000 round=33/40 episode=26/30 sample=zero_boundary_049 soc=0.4335 fc=350
progress step=405050 round=33/40 episode=26/30 sample=zero_boundary_049 soc=0.3673 fc=120
progress step=405100 round=33/40 episode=26/30 sample=zero_boundary_049 soc=0.3853 fc=170
progress step=405150 round=33/40 episode=27/30 sample=zero_boundary_050 soc=0.6195 fc=330
progress step=405200 round=33/40 episode=27/30 sample=zero_boundary_050 soc=0.3977 fc=350
progress step=405250 round=33/40 episode=27/30 sample=zero_boundary_050 soc=0.2002 fc=510
progress step=405300 round=33/40 episode=28/30 sample=zero_boundary_051 soc=0.5983 fc=160
progress step=405350 round=33/40 episode=28/30 sample=zero_boundary_051 soc=0.4846 fc=120
progress step=405400 round=33/40 episode=28/30 sample=zero_boundary_051 soc=0.3760 fc=120
progress step=405450 round=33/40 episode=29/30 sample=zero_boundary_052 soc=0.6480 fc=510
progress step=405500 round=33/40 episode=29/30 sample=zero_boundary_052 soc=0.4182 fc=530
progress step=405550 round=33/40 episode=29/30 sample=zero_boundary_052 soc=0.2103 fc=140
progress step=405600 round=33/40 episode=29/30 sample=zero_boundary_052 soc=0.2015 fc=140
progress step=405650 round=33/40 episode=29/30 sample=zero_boundary_052 soc=0.2721 fc=120
progress step=405700 round=33/40 episode=30/30 sample=zero_boundary_053 soc=0.7240 fc=220
progress step=405750 round=33/40 episode=30/30 sample=zero_boundary_053 soc=0.5393 fc=550
progress step=405800 round=33/40 episode=30/30 sample=zero_boundary_053 soc=0.3708 fc=170
progress step=405850 round=33/40 episode=30/30 sample=zero_boundary_053 soc=0.3451 fc=130
progress step=405900 round=33/40 episode=30/30 sample=zero_boundary_053 soc=0.3081 fc=180
round 33/40 exploratory=17/30 greedy_train start
MONITOR round=33 exploratory=17/30 greedy_train=12/30 validation=SKIPPED cost=None updates=13255 best_round=None
round 34/40 start epsilon=0.1962
progress step=405950 round=34/40 episode=1/30 sample=zero_boundary_002 soc=0.7395 fc=20
progress step=406000 round=34/40 episode=1/30 sample=zero_boundary_002 soc=0.5144 fc=280
progress step=406050 round=34/40 episode=1/30 sample=zero_boundary_002 soc=0.2102 fc=420
progress step=406100 round=34/40 episode=1/30 sample=zero_boundary_002 soc=0.3026 fc=220
progress step=406150 round=34/40 episode=1/30 sample=zero_boundary_002 soc=0.2201 fc=450
progress step=406200 round=34/40 episode=1/30 sample=zero_boundary_002 soc=0.2224 fc=130
progress step=406250 round=34/40 episode=2/30 sample=zero_boundary_005 soc=0.6561 fc=160
progress step=406300 round=34/40 episode=2/30 sample=zero_boundary_005 soc=0.4618 fc=180
progress step=406350 round=34/40 episode=2/30 sample=zero_boundary_005 soc=0.3699 fc=130
progress step=406400 round=34/40 episode=2/30 sample=zero_boundary_005 soc=0.2406 fc=220
progress step=406450 round=34/40 episode=2/30 sample=zero_boundary_005 soc=0.2005 fc=420
progress step=406500 round=34/40 episode=2/30 sample=zero_boundary_005 soc=0.2192 fc=130
progress step=406550 round=34/40 episode=3/30 sample=zero_boundary_006 soc=0.7999 fc=220
progress step=406600 round=34/40 episode=3/30 sample=zero_boundary_006 soc=0.7928 fc=140
progress step=406650 round=34/40 episode=3/30 sample=zero_boundary_006 soc=0.7996 fc=100
progress step=406700 round=34/40 episode=3/30 sample=zero_boundary_006 soc=0.7999 fc=80
progress step=406750 round=34/40 episode=3/30 sample=zero_boundary_006 soc=0.7886 fc=490
progress step=406800 round=34/40 episode=3/30 sample=zero_boundary_006 soc=0.7961 fc=140
progress step=406850 round=34/40 episode=3/30 sample=zero_boundary_006 soc=0.8000 fc=20
progress step=406900 round=34/40 episode=4/30 sample=zero_boundary_007 soc=0.5895 fc=320
progress step=406950 round=34/40 episode=4/30 sample=zero_boundary_007 soc=0.3882 fc=350
progress step=407000 round=34/40 episode=4/30 sample=zero_boundary_007 soc=0.3714 fc=220
progress step=407050 round=34/40 episode=4/30 sample=zero_boundary_007 soc=0.3975 fc=120
progress step=407100 round=34/40 episode=4/30 sample=zero_boundary_007 soc=0.2765 fc=220
progress step=407150 round=34/40 episode=5/30 sample=zero_boundary_008 soc=0.6000 fc=0
progress step=407200 round=34/40 episode=5/30 sample=zero_boundary_008 soc=0.4614 fc=180
progress step=407250 round=34/40 episode=6/30 sample=zero_boundary_011 soc=0.6236 fc=170
progress step=407300 round=34/40 episode=6/30 sample=zero_boundary_011 soc=0.7959 fc=140
progress step=407350 round=34/40 episode=6/30 sample=zero_boundary_011 soc=0.5915 fc=120
progress step=407400 round=34/40 episode=6/30 sample=zero_boundary_011 soc=0.3787 fc=220
progress step=407450 round=34/40 episode=6/30 sample=zero_boundary_011 soc=0.2064 fc=210
progress step=407500 round=34/40 episode=7/30 sample=zero_boundary_013 soc=0.7330 fc=170
progress step=407550 round=34/40 episode=7/30 sample=zero_boundary_013 soc=0.7555 fc=580
progress step=407600 round=34/40 episode=7/30 sample=zero_boundary_013 soc=0.6714 fc=0
progress step=407650 round=34/40 episode=7/30 sample=zero_boundary_013 soc=0.6089 fc=130
progress step=407700 round=34/40 episode=7/30 sample=zero_boundary_013 soc=0.5764 fc=410
progress step=407750 round=34/40 episode=7/30 sample=zero_boundary_013 soc=0.5596 fc=120
progress step=407800 round=34/40 episode=8/30 sample=zero_boundary_015 soc=0.6244 fc=170
progress step=407850 round=34/40 episode=8/30 sample=zero_boundary_015 soc=0.6325 fc=170
progress step=407900 round=34/40 episode=8/30 sample=zero_boundary_015 soc=0.5423 fc=180
progress step=407950 round=34/40 episode=9/30 sample=zero_boundary_016 soc=0.6233 fc=170
progress step=408000 round=34/40 episode=9/30 sample=zero_boundary_016 soc=0.7887 fc=150
progress step=408050 round=34/40 episode=9/30 sample=zero_boundary_016 soc=0.5641 fc=280
progress step=408100 round=34/40 episode=9/30 sample=zero_boundary_016 soc=0.3208 fc=180
progress step=408150 round=34/40 episode=10/30 sample=zero_boundary_017 soc=0.5301 fc=170
progress step=408200 round=34/40 episode=10/30 sample=zero_boundary_017 soc=0.2201 fc=270
progress step=408250 round=34/40 episode=11/30 sample=zero_boundary_020 soc=0.6387 fc=400
progress step=408300 round=34/40 episode=11/30 sample=zero_boundary_020 soc=0.5424 fc=470
progress step=408350 round=34/40 episode=12/30 sample=zero_boundary_021 soc=0.6682 fc=570
progress step=408400 round=34/40 episode=12/30 sample=zero_boundary_021 soc=0.7795 fc=150
progress step=408450 round=34/40 episode=12/30 sample=zero_boundary_021 soc=0.6190 fc=120
progress step=408500 round=34/40 episode=12/30 sample=zero_boundary_021 soc=0.4260 fc=120
progress step=408550 round=34/40 episode=12/30 sample=zero_boundary_021 soc=0.3395 fc=120
progress step=408600 round=34/40 episode=13/30 sample=zero_boundary_022 soc=0.6741 fc=120
progress step=408650 round=34/40 episode=13/30 sample=zero_boundary_022 soc=0.5277 fc=120
progress step=408700 round=34/40 episode=13/30 sample=zero_boundary_022 soc=0.5157 fc=110
progress step=408750 round=34/40 episode=14/30 sample=zero_boundary_029 soc=0.6001 fc=0
progress step=408800 round=34/40 episode=14/30 sample=zero_boundary_029 soc=0.6122 fc=170
progress step=408850 round=34/40 episode=14/30 sample=zero_boundary_029 soc=0.5288 fc=120
progress step=408900 round=34/40 episode=14/30 sample=zero_boundary_029 soc=0.4680 fc=340
progress step=408950 round=34/40 episode=14/30 sample=zero_boundary_029 soc=0.4346 fc=0
progress step=409000 round=34/40 episode=14/30 sample=zero_boundary_029 soc=0.4421 fc=120
progress step=409050 round=34/40 episode=14/30 sample=zero_boundary_029 soc=0.4012 fc=120
progress step=409100 round=34/40 episode=14/30 sample=zero_boundary_029 soc=0.4396 fc=170
progress step=409150 round=34/40 episode=14/30 sample=zero_boundary_029 soc=0.7076 fc=570
progress step=409200 round=34/40 episode=14/30 sample=zero_boundary_029 soc=0.8000 fc=0
progress step=409250 round=34/40 episode=14/30 sample=zero_boundary_029 soc=0.8000 fc=0
progress step=409300 round=34/40 episode=14/30 sample=zero_boundary_029 soc=0.8000 fc=0
progress step=409350 round=34/40 episode=14/30 sample=zero_boundary_029 soc=0.8000 fc=0
progress step=409400 round=34/40 episode=14/30 sample=zero_boundary_029 soc=0.8000 fc=0
progress step=409450 round=34/40 episode=14/30 sample=zero_boundary_029 soc=0.8000 fc=0
progress step=409500 round=34/40 episode=14/30 sample=zero_boundary_029 soc=0.8000 fc=0
progress step=409550 round=34/40 episode=14/30 sample=zero_boundary_029 soc=0.8000 fc=0
progress step=409600 round=34/40 episode=14/30 sample=zero_boundary_029 soc=0.8000 fc=0
progress step=409650 round=34/40 episode=14/30 sample=zero_boundary_029 soc=0.7886 fc=290
progress step=409700 round=34/40 episode=14/30 sample=zero_boundary_029 soc=0.7946 fc=560
progress step=409750 round=34/40 episode=14/30 sample=zero_boundary_029 soc=0.7871 fc=150
progress step=409800 round=34/40 episode=14/30 sample=zero_boundary_029 soc=0.7981 fc=0
progress step=409850 round=34/40 episode=15/30 sample=zero_boundary_033 soc=0.7915 fc=550
progress step=409900 round=34/40 episode=15/30 sample=zero_boundary_033 soc=0.7738 fc=350
progress step=409950 round=34/40 episode=15/30 sample=zero_boundary_033 soc=0.5627 fc=340
progress step=410000 round=34/40 episode=15/30 sample=zero_boundary_033 soc=0.5010 fc=130
progress step=410050 round=34/40 episode=15/30 sample=zero_boundary_033 soc=0.5053 fc=260
progress step=410100 round=34/40 episode=15/30 sample=zero_boundary_033 soc=0.3131 fc=180
progress step=410150 round=34/40 episode=15/30 sample=zero_boundary_033 soc=0.2581 fc=130
progress step=410200 round=34/40 episode=15/30 sample=zero_boundary_033 soc=0.3869 fc=170
progress step=410250 round=34/40 episode=15/30 sample=zero_boundary_033 soc=0.6226 fc=550
progress step=410300 round=34/40 episode=15/30 sample=zero_boundary_033 soc=0.7999 fc=0
progress step=410350 round=34/40 episode=15/30 sample=zero_boundary_033 soc=0.7999 fc=0
progress step=410400 round=34/40 episode=15/30 sample=zero_boundary_033 soc=0.7999 fc=0
progress step=410450 round=34/40 episode=15/30 sample=zero_boundary_033 soc=0.7999 fc=0
progress step=410500 round=34/40 episode=15/30 sample=zero_boundary_033 soc=0.7999 fc=0
progress step=410550 round=34/40 episode=15/30 sample=zero_boundary_033 soc=0.7999 fc=0
progress step=410600 round=34/40 episode=15/30 sample=zero_boundary_033 soc=0.7998 fc=0
progress step=410650 round=34/40 episode=15/30 sample=zero_boundary_033 soc=0.7992 fc=70
progress step=410700 round=34/40 episode=15/30 sample=zero_boundary_033 soc=0.7985 fc=0
progress step=410750 round=34/40 episode=15/30 sample=zero_boundary_033 soc=0.7947 fc=0
progress step=410800 round=34/40 episode=16/30 sample=zero_boundary_034 soc=0.6637 fc=170
progress step=410850 round=34/40 episode=16/30 sample=zero_boundary_034 soc=0.7999 fc=0
progress step=410900 round=34/40 episode=16/30 sample=zero_boundary_034 soc=0.7999 fc=0
progress step=410950 round=34/40 episode=16/30 sample=zero_boundary_034 soc=0.7999 fc=0
progress step=411000 round=34/40 episode=16/30 sample=zero_boundary_034 soc=0.7999 fc=0
progress step=411050 round=34/40 episode=16/30 sample=zero_boundary_034 soc=0.7999 fc=0
progress step=411100 round=34/40 episode=16/30 sample=zero_boundary_034 soc=0.7999 fc=0
progress step=411150 round=34/40 episode=16/30 sample=zero_boundary_034 soc=0.7999 fc=0
progress step=411200 round=34/40 episode=16/30 sample=zero_boundary_034 soc=0.7999 fc=0
progress step=411250 round=34/40 episode=16/30 sample=zero_boundary_034 soc=0.7999 fc=0
progress step=411300 round=34/40 episode=16/30 sample=zero_boundary_034 soc=0.7999 fc=0
progress step=411350 round=34/40 episode=16/30 sample=zero_boundary_034 soc=0.7999 fc=0
progress step=411400 round=34/40 episode=16/30 sample=zero_boundary_034 soc=0.7999 fc=0
progress step=411450 round=34/40 episode=16/30 sample=zero_boundary_034 soc=0.7999 fc=0
progress step=411500 round=34/40 episode=16/30 sample=zero_boundary_034 soc=0.7999 fc=0
progress step=411550 round=34/40 episode=16/30 sample=zero_boundary_034 soc=0.7999 fc=0
progress step=411600 round=34/40 episode=16/30 sample=zero_boundary_034 soc=0.7999 fc=0
progress step=411650 round=34/40 episode=16/30 sample=zero_boundary_034 soc=0.7986 fc=130
progress step=411700 round=34/40 episode=16/30 sample=zero_boundary_034 soc=0.7964 fc=0
progress step=411750 round=34/40 episode=16/30 sample=zero_boundary_034 soc=0.7937 fc=150
progress step=411800 round=34/40 episode=16/30 sample=zero_boundary_034 soc=0.7978 fc=150
progress step=411850 round=34/40 episode=16/30 sample=zero_boundary_034 soc=0.7825 fc=80
progress step=411900 round=34/40 episode=16/30 sample=zero_boundary_034 soc=0.7995 fc=70
progress step=411950 round=34/40 episode=16/30 sample=zero_boundary_034 soc=0.7982 fc=0
progress step=412000 round=34/40 episode=16/30 sample=zero_boundary_034 soc=0.7999 fc=0
progress step=412050 round=34/40 episode=16/30 sample=zero_boundary_034 soc=0.7999 fc=0
progress step=412100 round=34/40 episode=16/30 sample=zero_boundary_034 soc=0.7999 fc=0
progress step=412150 round=34/40 episode=16/30 sample=zero_boundary_034 soc=0.7999 fc=0
progress step=412200 round=34/40 episode=16/30 sample=zero_boundary_034 soc=0.7999 fc=0
progress step=412250 round=34/40 episode=16/30 sample=zero_boundary_034 soc=0.7999 fc=0
progress step=412300 round=34/40 episode=16/30 sample=zero_boundary_034 soc=0.7999 fc=0
progress step=412350 round=34/40 episode=16/30 sample=zero_boundary_034 soc=0.7999 fc=0
progress step=412400 round=34/40 episode=16/30 sample=zero_boundary_034 soc=0.7995 fc=0
progress step=412450 round=34/40 episode=17/30 sample=zero_boundary_037 soc=0.6119 fc=0
progress step=412500 round=34/40 episode=17/30 sample=zero_boundary_037 soc=0.5537 fc=120
progress step=412550 round=34/40 episode=17/30 sample=zero_boundary_037 soc=0.4988 fc=70
progress step=412600 round=34/40 episode=17/30 sample=zero_boundary_037 soc=0.4574 fc=120
progress step=412650 round=34/40 episode=17/30 sample=zero_boundary_037 soc=0.4096 fc=120
progress step=412700 round=34/40 episode=17/30 sample=zero_boundary_037 soc=0.2866 fc=180
progress step=412750 round=34/40 episode=17/30 sample=zero_boundary_037 soc=0.2003 fc=500
progress step=412800 round=34/40 episode=17/30 sample=zero_boundary_037 soc=0.2572 fc=170
progress step=412850 round=34/40 episode=17/30 sample=zero_boundary_037 soc=0.3254 fc=120
progress step=412900 round=34/40 episode=17/30 sample=zero_boundary_037 soc=0.4120 fc=340
progress step=412950 round=34/40 episode=17/30 sample=zero_boundary_037 soc=0.4519 fc=120
progress step=413000 round=34/40 episode=17/30 sample=zero_boundary_037 soc=0.6118 fc=500
progress step=413050 round=34/40 episode=17/30 sample=zero_boundary_037 soc=0.7913 fc=0
progress step=413100 round=34/40 episode=17/30 sample=zero_boundary_037 soc=0.7943 fc=0
progress step=413150 round=34/40 episode=17/30 sample=zero_boundary_037 soc=0.7883 fc=270
progress step=413200 round=34/40 episode=17/30 sample=zero_boundary_037 soc=0.7998 fc=90
progress step=413250 round=34/40 episode=17/30 sample=zero_boundary_037 soc=0.7992 fc=0
progress step=413300 round=34/40 episode=17/30 sample=zero_boundary_037 soc=0.8000 fc=60
progress step=413350 round=34/40 episode=17/30 sample=zero_boundary_037 soc=0.7953 fc=0
progress step=413400 round=34/40 episode=17/30 sample=zero_boundary_037 soc=0.7994 fc=40
progress step=413450 round=34/40 episode=17/30 sample=zero_boundary_037 soc=0.7999 fc=0
progress step=413500 round=34/40 episode=17/30 sample=zero_boundary_037 soc=0.7999 fc=0
progress step=413550 round=34/40 episode=17/30 sample=zero_boundary_037 soc=0.7999 fc=0
progress step=413600 round=34/40 episode=17/30 sample=zero_boundary_037 soc=0.7985 fc=0
progress step=413650 round=34/40 episode=17/30 sample=zero_boundary_037 soc=0.7979 fc=0
progress step=413700 round=34/40 episode=17/30 sample=zero_boundary_037 soc=0.8000 fc=20
progress step=413750 round=34/40 episode=17/30 sample=zero_boundary_037 soc=0.7957 fc=0
progress step=413800 round=34/40 episode=17/30 sample=zero_boundary_037 soc=0.7999 fc=70
progress step=413850 round=34/40 episode=17/30 sample=zero_boundary_037 soc=0.7931 fc=550
progress step=413900 round=34/40 episode=17/30 sample=zero_boundary_037 soc=0.7991 fc=0
progress step=413950 round=34/40 episode=17/30 sample=zero_boundary_037 soc=0.7983 fc=70
progress step=414000 round=34/40 episode=17/30 sample=zero_boundary_037 soc=0.7988 fc=0
progress step=414050 round=34/40 episode=17/30 sample=zero_boundary_037 soc=0.7955 fc=0
progress step=414100 round=34/40 episode=17/30 sample=zero_boundary_037 soc=0.7976 fc=200
progress step=414150 round=34/40 episode=17/30 sample=zero_boundary_037 soc=0.7992 fc=0
progress step=414200 round=34/40 episode=17/30 sample=zero_boundary_037 soc=0.7994 fc=70
progress step=414250 round=34/40 episode=17/30 sample=zero_boundary_037 soc=0.7995 fc=0
progress step=414300 round=34/40 episode=17/30 sample=zero_boundary_037 soc=0.8000 fc=0
progress step=414350 round=34/40 episode=18/30 sample=zero_boundary_038 soc=0.7069 fc=310
progress step=414400 round=34/40 episode=18/30 sample=zero_boundary_038 soc=0.5752 fc=120
progress step=414450 round=34/40 episode=18/30 sample=zero_boundary_038 soc=0.4512 fc=120
progress step=414500 round=34/40 episode=18/30 sample=zero_boundary_038 soc=0.3337 fc=260
progress step=414550 round=34/40 episode=18/30 sample=zero_boundary_038 soc=0.2017 fc=340
progress step=414600 round=34/40 episode=18/30 sample=zero_boundary_038 soc=0.2067 fc=340
progress step=414650 round=34/40 episode=18/30 sample=zero_boundary_038 soc=0.3290 fc=340
progress step=414700 round=34/40 episode=18/30 sample=zero_boundary_038 soc=0.4132 fc=0
progress step=414750 round=34/40 episode=18/30 sample=zero_boundary_038 soc=0.4979 fc=170
progress step=414800 round=34/40 episode=18/30 sample=zero_boundary_038 soc=0.4839 fc=120
progress step=414850 round=34/40 episode=18/30 sample=zero_boundary_038 soc=0.3840 fc=340
progress step=414900 round=34/40 episode=18/30 sample=zero_boundary_038 soc=0.2984 fc=120
progress step=414950 round=34/40 episode=18/30 sample=zero_boundary_038 soc=0.2011 fc=380
progress step=415000 round=34/40 episode=18/30 sample=zero_boundary_038 soc=0.2545 fc=170
progress step=415050 round=34/40 episode=19/30 sample=zero_boundary_040 soc=0.5543 fc=230
progress step=415100 round=34/40 episode=19/30 sample=zero_boundary_040 soc=0.4034 fc=340
progress step=415150 round=34/40 episode=19/30 sample=zero_boundary_040 soc=0.3318 fc=0
progress step=415200 round=34/40 episode=19/30 sample=zero_boundary_040 soc=0.2242 fc=200
progress step=415250 round=34/40 episode=19/30 sample=zero_boundary_040 soc=0.2000 fc=370
progress step=415300 round=34/40 episode=20/30 sample=zero_boundary_041 soc=0.5769 fc=60
progress step=415350 round=34/40 episode=20/30 sample=zero_boundary_041 soc=0.4223 fc=170
progress step=415400 round=34/40 episode=21/30 sample=zero_boundary_042 soc=0.6009 fc=270
progress step=415450 round=34/40 episode=21/30 sample=zero_boundary_042 soc=0.5793 fc=370
progress step=415500 round=34/40 episode=21/30 sample=zero_boundary_042 soc=0.3471 fc=310
progress step=415550 round=34/40 episode=21/30 sample=zero_boundary_042 soc=0.2002 fc=570
progress step=415600 round=34/40 episode=21/30 sample=zero_boundary_042 soc=0.2003 fc=510
progress step=415650 round=34/40 episode=21/30 sample=zero_boundary_042 soc=0.2003 fc=510
progress step=415700 round=34/40 episode=21/30 sample=zero_boundary_042 soc=0.2327 fc=250
progress step=415750 round=34/40 episode=22/30 sample=zero_boundary_044 soc=0.6018 fc=170
progress step=415800 round=34/40 episode=22/30 sample=zero_boundary_044 soc=0.5240 fc=370
progress step=415850 round=34/40 episode=22/30 sample=zero_boundary_044 soc=0.2912 fc=340
progress step=415900 round=34/40 episode=23/30 sample=zero_boundary_045 soc=0.6636 fc=420
progress step=415950 round=34/40 episode=23/30 sample=zero_boundary_045 soc=0.5000 fc=130
progress step=416000 round=34/40 episode=23/30 sample=zero_boundary_045 soc=0.3446 fc=340
progress step=416050 round=34/40 episode=24/30 sample=zero_boundary_046 soc=0.5962 fc=120
progress step=416100 round=34/40 episode=24/30 sample=zero_boundary_046 soc=0.4271 fc=130
progress step=416150 round=34/40 episode=24/30 sample=zero_boundary_046 soc=0.2327 fc=250
progress step=416200 round=34/40 episode=25/30 sample=zero_boundary_048 soc=0.6462 fc=130
progress step=416250 round=34/40 episode=25/30 sample=zero_boundary_048 soc=0.4044 fc=130
progress step=416300 round=34/40 episode=25/30 sample=zero_boundary_048 soc=0.2291 fc=130
progress step=416350 round=34/40 episode=25/30 sample=zero_boundary_048 soc=0.2503 fc=130
progress step=416400 round=34/40 episode=26/30 sample=zero_boundary_049 soc=0.6551 fc=510
progress step=416450 round=34/40 episode=26/30 sample=zero_boundary_049 soc=0.6995 fc=160
progress step=416500 round=34/40 episode=26/30 sample=zero_boundary_049 soc=0.6007 fc=120
progress step=416550 round=34/40 episode=26/30 sample=zero_boundary_049 soc=0.5145 fc=120
progress step=416600 round=34/40 episode=26/30 sample=zero_boundary_049 soc=0.4517 fc=30
progress step=416650 round=34/40 episode=26/30 sample=zero_boundary_049 soc=0.4281 fc=170
progress step=416700 round=34/40 episode=27/30 sample=zero_boundary_050 soc=0.5736 fc=120
progress step=416750 round=34/40 episode=27/30 sample=zero_boundary_050 soc=0.3499 fc=160
progress step=416800 round=34/40 episode=27/30 sample=zero_boundary_050 soc=0.2006 fc=510
progress step=416850 round=34/40 episode=28/30 sample=zero_boundary_051 soc=0.5895 fc=120
progress step=416900 round=34/40 episode=28/30 sample=zero_boundary_051 soc=0.4888 fc=120
progress step=416950 round=34/40 episode=28/30 sample=zero_boundary_051 soc=0.4268 fc=120
progress step=417000 round=34/40 episode=29/30 sample=zero_boundary_052 soc=0.6373 fc=120
progress step=417050 round=34/40 episode=29/30 sample=zero_boundary_052 soc=0.3777 fc=170
progress step=417100 round=34/40 episode=30/30 sample=zero_boundary_053 soc=0.6624 fc=510
progress step=417150 round=34/40 episode=30/30 sample=zero_boundary_053 soc=0.6295 fc=120
progress step=417200 round=34/40 episode=30/30 sample=zero_boundary_053 soc=0.3948 fc=120
progress step=417250 round=34/40 episode=30/30 sample=zero_boundary_053 soc=0.3892 fc=250
progress step=417300 round=34/40 episode=30/30 sample=zero_boundary_053 soc=0.3152 fc=120
round 34/40 exploratory=16/30 greedy_train start
MONITOR round=34 exploratory=16/30 greedy_train=12/30 validation=SKIPPED cost=None updates=13612 best_round=None
round 35/40 start epsilon=0.1718
progress step=417350 round=35/40 episode=1/30 sample=zero_boundary_002 soc=0.6308 fc=510
progress step=417400 round=35/40 episode=1/30 sample=zero_boundary_002 soc=0.6597 fc=60
progress step=417450 round=35/40 episode=1/30 sample=zero_boundary_002 soc=0.2892 fc=320
progress step=417500 round=35/40 episode=2/30 sample=zero_boundary_005 soc=0.6140 fc=130
progress step=417550 round=35/40 episode=2/30 sample=zero_boundary_005 soc=0.4494 fc=170
progress step=417600 round=35/40 episode=2/30 sample=zero_boundary_005 soc=0.3579 fc=130
progress step=417650 round=35/40 episode=2/30 sample=zero_boundary_005 soc=0.2166 fc=230
progress step=417700 round=35/40 episode=2/30 sample=zero_boundary_005 soc=0.2001 fc=340
progress step=417750 round=35/40 episode=2/30 sample=zero_boundary_005 soc=0.2192 fc=170
progress step=417800 round=35/40 episode=3/30 sample=zero_boundary_006 soc=0.7208 fc=130
progress step=417850 round=35/40 episode=3/30 sample=zero_boundary_006 soc=0.7976 fc=140
progress step=417900 round=35/40 episode=3/30 sample=zero_boundary_006 soc=0.7952 fc=540
progress step=417950 round=35/40 episode=3/30 sample=zero_boundary_006 soc=0.7996 fc=80
progress step=418000 round=35/40 episode=3/30 sample=zero_boundary_006 soc=0.7999 fc=80
progress step=418050 round=35/40 episode=3/30 sample=zero_boundary_006 soc=0.7969 fc=140
progress step=418100 round=35/40 episode=3/30 sample=zero_boundary_006 soc=0.7983 fc=0
progress step=418150 round=35/40 episode=4/30 sample=zero_boundary_007 soc=0.6016 fc=400
progress step=418200 round=35/40 episode=4/30 sample=zero_boundary_007 soc=0.3952 fc=270
progress step=418250 round=35/40 episode=4/30 sample=zero_boundary_007 soc=0.3563 fc=230
progress step=418300 round=35/40 episode=4/30 sample=zero_boundary_007 soc=0.3439 fc=380
progress step=418350 round=35/40 episode=4/30 sample=zero_boundary_007 soc=0.2211 fc=350
progress step=418400 round=35/40 episode=5/30 sample=zero_boundary_008 soc=0.6000 fc=0
progress step=418450 round=35/40 episode=5/30 sample=zero_boundary_008 soc=0.4576 fc=170
progress step=418500 round=35/40 episode=6/30 sample=zero_boundary_011 soc=0.7183 fc=110
progress step=418550 round=35/40 episode=6/30 sample=zero_boundary_011 soc=0.7793 fc=600
progress step=418600 round=35/40 episode=6/30 sample=zero_boundary_011 soc=0.5365 fc=120
progress step=418650 round=35/40 episode=6/30 sample=zero_boundary_011 soc=0.3055 fc=210
progress step=418700 round=35/40 episode=7/30 sample=zero_boundary_013 soc=0.6489 fc=530
progress step=418750 round=35/40 episode=7/30 sample=zero_boundary_013 soc=0.7848 fc=130
progress step=418800 round=35/40 episode=7/30 sample=zero_boundary_013 soc=0.7174 fc=130
progress step=418850 round=35/40 episode=7/30 sample=zero_boundary_013 soc=0.5560 fc=120
progress step=418900 round=35/40 episode=7/30 sample=zero_boundary_013 soc=0.5253 fc=120
progress step=418950 round=35/40 episode=7/30 sample=zero_boundary_013 soc=0.4995 fc=120
progress step=419000 round=35/40 episode=7/30 sample=zero_boundary_013 soc=0.4561 fc=170
progress step=419050 round=35/40 episode=8/30 sample=zero_boundary_015 soc=0.6307 fc=530
progress step=419100 round=35/40 episode=8/30 sample=zero_boundary_015 soc=0.5323 fc=120
progress step=419150 round=35/40 episode=8/30 sample=zero_boundary_015 soc=0.2684 fc=0
progress step=419200 round=35/40 episode=9/30 sample=zero_boundary_016 soc=0.7797 fc=540
progress step=419250 round=35/40 episode=9/30 sample=zero_boundary_016 soc=0.6531 fc=130
progress step=419300 round=35/40 episode=9/30 sample=zero_boundary_016 soc=0.3438 fc=230
progress step=419350 round=35/40 episode=10/30 sample=zero_boundary_017 soc=0.5986 fc=120
progress step=419400 round=35/40 episode=10/30 sample=zero_boundary_017 soc=0.3667 fc=260
progress step=419450 round=35/40 episode=11/30 sample=zero_boundary_020 soc=0.6126 fc=350
progress step=419500 round=35/40 episode=11/30 sample=zero_boundary_020 soc=0.4901 fc=450
progress step=419550 round=35/40 episode=11/30 sample=zero_boundary_020 soc=0.5461 fc=170
progress step=419600 round=35/40 episode=12/30 sample=zero_boundary_021 soc=0.7932 fc=0
progress step=419650 round=35/40 episode=12/30 sample=zero_boundary_021 soc=0.7627 fc=130
progress step=419700 round=35/40 episode=12/30 sample=zero_boundary_021 soc=0.5538 fc=120
progress step=419750 round=35/40 episode=12/30 sample=zero_boundary_021 soc=0.3609 fc=260
progress step=419800 round=35/40 episode=13/30 sample=zero_boundary_022 soc=0.6695 fc=530
progress step=419850 round=35/40 episode=13/30 sample=zero_boundary_022 soc=0.5669 fc=0
progress step=419900 round=35/40 episode=13/30 sample=zero_boundary_022 soc=0.4458 fc=120
progress step=419950 round=35/40 episode=13/30 sample=zero_boundary_022 soc=0.4422 fc=580
progress step=420000 round=35/40 episode=14/30 sample=zero_boundary_029 soc=0.7285 fc=200
progress step=420050 round=35/40 episode=14/30 sample=zero_boundary_029 soc=0.6310 fc=120
progress step=420100 round=35/40 episode=14/30 sample=zero_boundary_029 soc=0.4842 fc=120
progress step=420150 round=35/40 episode=14/30 sample=zero_boundary_029 soc=0.4148 fc=120
progress step=420200 round=35/40 episode=14/30 sample=zero_boundary_029 soc=0.4334 fc=260
progress step=420250 round=35/40 episode=14/30 sample=zero_boundary_029 soc=0.3975 fc=160
progress step=420300 round=35/40 episode=14/30 sample=zero_boundary_029 soc=0.3547 fc=120
progress step=420350 round=35/40 episode=14/30 sample=zero_boundary_029 soc=0.5041 fc=170
progress step=420400 round=35/40 episode=14/30 sample=zero_boundary_029 soc=0.6843 fc=530
progress step=420450 round=35/40 episode=14/30 sample=zero_boundary_029 soc=0.8000 fc=0
progress step=420500 round=35/40 episode=14/30 sample=zero_boundary_029 soc=0.8000 fc=0
progress step=420550 round=35/40 episode=14/30 sample=zero_boundary_029 soc=0.8000 fc=0
progress step=420600 round=35/40 episode=14/30 sample=zero_boundary_029 soc=0.8000 fc=0
progress step=420650 round=35/40 episode=14/30 sample=zero_boundary_029 soc=0.8000 fc=0
progress step=420700 round=35/40 episode=14/30 sample=zero_boundary_029 soc=0.8000 fc=0
progress step=420750 round=35/40 episode=14/30 sample=zero_boundary_029 soc=0.8000 fc=0
progress step=420800 round=35/40 episode=14/30 sample=zero_boundary_029 soc=0.8000 fc=0
progress step=420850 round=35/40 episode=14/30 sample=zero_boundary_029 soc=0.7982 fc=0
progress step=420900 round=35/40 episode=14/30 sample=zero_boundary_029 soc=0.7680 fc=120
progress step=420950 round=35/40 episode=14/30 sample=zero_boundary_029 soc=0.6970 fc=480
progress step=421000 round=35/40 episode=14/30 sample=zero_boundary_029 soc=0.6520 fc=170
progress step=421050 round=35/40 episode=15/30 sample=zero_boundary_033 soc=0.6589 fc=90
progress step=421100 round=35/40 episode=15/30 sample=zero_boundary_033 soc=0.6593 fc=580
progress step=421150 round=35/40 episode=15/30 sample=zero_boundary_033 soc=0.5694 fc=120
progress step=421200 round=35/40 episode=15/30 sample=zero_boundary_033 soc=0.4739 fc=120
progress step=421250 round=35/40 episode=15/30 sample=zero_boundary_033 soc=0.3119 fc=120
progress step=421300 round=35/40 episode=15/30 sample=zero_boundary_033 soc=0.2411 fc=210
progress step=421350 round=35/40 episode=15/30 sample=zero_boundary_033 soc=0.2006 fc=210
progress step=421400 round=35/40 episode=15/30 sample=zero_boundary_033 soc=0.3369 fc=580
progress step=421450 round=35/40 episode=15/30 sample=zero_boundary_033 soc=0.5112 fc=0
progress step=421500 round=35/40 episode=15/30 sample=zero_boundary_033 soc=0.7497 fc=0
progress step=421550 round=35/40 episode=15/30 sample=zero_boundary_033 soc=0.8000 fc=0
progress step=421600 round=35/40 episode=15/30 sample=zero_boundary_033 soc=0.7999 fc=0
progress step=421650 round=35/40 episode=15/30 sample=zero_boundary_033 soc=0.7999 fc=0
progress step=421700 round=35/40 episode=15/30 sample=zero_boundary_033 soc=0.7999 fc=0
progress step=421750 round=35/40 episode=15/30 sample=zero_boundary_033 soc=0.7999 fc=0
progress step=421800 round=35/40 episode=15/30 sample=zero_boundary_033 soc=0.7991 fc=90
progress step=421850 round=35/40 episode=15/30 sample=zero_boundary_033 soc=0.7998 fc=0
progress step=421900 round=35/40 episode=15/30 sample=zero_boundary_033 soc=0.7979 fc=0
progress step=421950 round=35/40 episode=15/30 sample=zero_boundary_033 soc=0.7945 fc=0
progress step=422000 round=35/40 episode=15/30 sample=zero_boundary_033 soc=0.7984 fc=0
progress step=422050 round=35/40 episode=16/30 sample=zero_boundary_034 soc=0.7716 fc=540
progress step=422100 round=35/40 episode=16/30 sample=zero_boundary_034 soc=0.8000 fc=0
progress step=422150 round=35/40 episode=16/30 sample=zero_boundary_034 soc=0.8000 fc=0
progress step=422200 round=35/40 episode=16/30 sample=zero_boundary_034 soc=0.8000 fc=0
progress step=422250 round=35/40 episode=16/30 sample=zero_boundary_034 soc=0.8000 fc=0
progress step=422300 round=35/40 episode=16/30 sample=zero_boundary_034 soc=0.8000 fc=0
progress step=422350 round=35/40 episode=16/30 sample=zero_boundary_034 soc=0.8000 fc=0
progress step=422400 round=35/40 episode=16/30 sample=zero_boundary_034 soc=0.8000 fc=0
progress step=422450 round=35/40 episode=16/30 sample=zero_boundary_034 soc=0.8000 fc=0
progress step=422500 round=35/40 episode=16/30 sample=zero_boundary_034 soc=0.8000 fc=0
progress step=422550 round=35/40 episode=16/30 sample=zero_boundary_034 soc=0.8000 fc=0
progress step=422600 round=35/40 episode=16/30 sample=zero_boundary_034 soc=0.8000 fc=0
progress step=422650 round=35/40 episode=16/30 sample=zero_boundary_034 soc=0.8000 fc=0
progress step=422700 round=35/40 episode=16/30 sample=zero_boundary_034 soc=0.8000 fc=0
progress step=422750 round=35/40 episode=16/30 sample=zero_boundary_034 soc=0.8000 fc=0
progress step=422800 round=35/40 episode=16/30 sample=zero_boundary_034 soc=0.8000 fc=0
progress step=422850 round=35/40 episode=16/30 sample=zero_boundary_034 soc=0.8000 fc=0
progress step=422900 round=35/40 episode=16/30 sample=zero_boundary_034 soc=0.8000 fc=0
progress step=422950 round=35/40 episode=16/30 sample=zero_boundary_034 soc=0.7983 fc=120
progress step=423000 round=35/40 episode=16/30 sample=zero_boundary_034 soc=0.7945 fc=410
progress step=423050 round=35/40 episode=16/30 sample=zero_boundary_034 soc=0.7976 fc=120
progress step=423100 round=35/40 episode=16/30 sample=zero_boundary_034 soc=0.7999 fc=150
progress step=423150 round=35/40 episode=16/30 sample=zero_boundary_034 soc=0.7978 fc=0
progress step=423200 round=35/40 episode=16/30 sample=zero_boundary_034 soc=0.7998 fc=0
progress step=423250 round=35/40 episode=16/30 sample=zero_boundary_034 soc=0.7999 fc=0
progress step=423300 round=35/40 episode=16/30 sample=zero_boundary_034 soc=0.7999 fc=0
progress step=423350 round=35/40 episode=16/30 sample=zero_boundary_034 soc=0.7999 fc=0
progress step=423400 round=35/40 episode=16/30 sample=zero_boundary_034 soc=0.7999 fc=0
progress step=423450 round=35/40 episode=16/30 sample=zero_boundary_034 soc=0.7999 fc=0
progress step=423500 round=35/40 episode=16/30 sample=zero_boundary_034 soc=0.7999 fc=0
progress step=423550 round=35/40 episode=16/30 sample=zero_boundary_034 soc=0.7999 fc=0
progress step=423600 round=35/40 episode=16/30 sample=zero_boundary_034 soc=0.7999 fc=0
progress step=423650 round=35/40 episode=17/30 sample=zero_boundary_037 soc=0.5997 fc=120
progress step=423700 round=35/40 episode=17/30 sample=zero_boundary_037 soc=0.5871 fc=130
progress step=423750 round=35/40 episode=17/30 sample=zero_boundary_037 soc=0.5098 fc=120
progress step=423800 round=35/40 episode=17/30 sample=zero_boundary_037 soc=0.4834 fc=120
progress step=423850 round=35/40 episode=17/30 sample=zero_boundary_037 soc=0.4298 fc=120
progress step=423900 round=35/40 episode=17/30 sample=zero_boundary_037 soc=0.3350 fc=90
progress step=423950 round=35/40 episode=17/30 sample=zero_boundary_037 soc=0.2004 fc=590
progress step=424000 round=35/40 episode=17/30 sample=zero_boundary_037 soc=0.2115 fc=90
progress step=424050 round=35/40 episode=17/30 sample=zero_boundary_037 soc=0.4003 fc=120
progress step=424100 round=35/40 episode=17/30 sample=zero_boundary_037 soc=0.4861 fc=170
progress step=424150 round=35/40 episode=17/30 sample=zero_boundary_037 soc=0.5882 fc=70
progress step=424200 round=35/40 episode=17/30 sample=zero_boundary_037 soc=0.6892 fc=500
progress step=424250 round=35/40 episode=17/30 sample=zero_boundary_037 soc=0.7970 fc=90
progress step=424300 round=35/40 episode=17/30 sample=zero_boundary_037 soc=0.7994 fc=70
progress step=424350 round=35/40 episode=17/30 sample=zero_boundary_037 soc=0.7968 fc=0
progress step=424400 round=35/40 episode=17/30 sample=zero_boundary_037 soc=0.7972 fc=0
progress step=424450 round=35/40 episode=17/30 sample=zero_boundary_037 soc=0.7992 fc=0
progress step=424500 round=35/40 episode=17/30 sample=zero_boundary_037 soc=0.7992 fc=0
progress step=424550 round=35/40 episode=17/30 sample=zero_boundary_037 soc=0.7962 fc=90
progress step=424600 round=35/40 episode=17/30 sample=zero_boundary_037 soc=0.7848 fc=0
progress step=424650 round=35/40 episode=17/30 sample=zero_boundary_037 soc=0.7982 fc=90
progress step=424700 round=35/40 episode=17/30 sample=zero_boundary_037 soc=0.8000 fc=0
progress step=424750 round=35/40 episode=17/30 sample=zero_boundary_037 soc=0.8000 fc=0
progress step=424800 round=35/40 episode=17/30 sample=zero_boundary_037 soc=0.7995 fc=0
progress step=424850 round=35/40 episode=17/30 sample=zero_boundary_037 soc=0.7878 fc=0
progress step=424900 round=35/40 episode=17/30 sample=zero_boundary_037 soc=0.7963 fc=0
progress step=424950 round=35/40 episode=17/30 sample=zero_boundary_037 soc=0.7978 fc=0
progress step=425000 round=35/40 episode=17/30 sample=zero_boundary_037 soc=0.7997 fc=10
progress step=425050 round=35/40 episode=17/30 sample=zero_boundary_037 soc=0.7987 fc=40
progress step=425100 round=35/40 episode=17/30 sample=zero_boundary_037 soc=0.7965 fc=0
progress step=425150 round=35/40 episode=17/30 sample=zero_boundary_037 soc=0.7973 fc=70
progress step=425200 round=35/40 episode=17/30 sample=zero_boundary_037 soc=0.7946 fc=0
progress step=425250 round=35/40 episode=17/30 sample=zero_boundary_037 soc=0.7994 fc=70
progress step=425300 round=35/40 episode=17/30 sample=zero_boundary_037 soc=0.7986 fc=0
progress step=425350 round=35/40 episode=17/30 sample=zero_boundary_037 soc=0.7994 fc=70
progress step=425400 round=35/40 episode=17/30 sample=zero_boundary_037 soc=0.7977 fc=0
progress step=425450 round=35/40 episode=17/30 sample=zero_boundary_037 soc=0.7974 fc=90
progress step=425500 round=35/40 episode=17/30 sample=zero_boundary_037 soc=0.7981 fc=0
progress step=425550 round=35/40 episode=18/30 sample=zero_boundary_038 soc=0.6104 fc=570
progress step=425600 round=35/40 episode=18/30 sample=zero_boundary_038 soc=0.5473 fc=120
progress step=425650 round=35/40 episode=18/30 sample=zero_boundary_038 soc=0.3860 fc=0
progress step=425700 round=35/40 episode=18/30 sample=zero_boundary_038 soc=0.2641 fc=120
progress step=425750 round=35/40 episode=19/30 sample=zero_boundary_040 soc=0.5395 fc=120
progress step=425800 round=35/40 episode=19/30 sample=zero_boundary_040 soc=0.3959 fc=120
progress step=425850 round=35/40 episode=19/30 sample=zero_boundary_040 soc=0.2576 fc=0
progress step=425900 round=35/40 episode=19/30 sample=zero_boundary_040 soc=0.2077 fc=410
progress step=425950 round=35/40 episode=19/30 sample=zero_boundary_040 soc=0.2003 fc=350
progress step=426000 round=35/40 episode=20/30 sample=zero_boundary_041 soc=0.5790 fc=120
progress step=426050 round=35/40 episode=20/30 sample=zero_boundary_041 soc=0.3769 fc=40
progress step=426100 round=35/40 episode=21/30 sample=zero_boundary_042 soc=0.6322 fc=120
progress step=426150 round=35/40 episode=21/30 sample=zero_boundary_042 soc=0.5965 fc=120
progress step=426200 round=35/40 episode=21/30 sample=zero_boundary_042 soc=0.3537 fc=0
progress step=426250 round=35/40 episode=22/30 sample=zero_boundary_044 soc=0.5643 fc=400
progress step=426300 round=35/40 episode=22/30 sample=zero_boundary_044 soc=0.3756 fc=130
progress step=426350 round=35/40 episode=23/30 sample=zero_boundary_045 soc=0.6083 fc=170
progress step=426400 round=35/40 episode=23/30 sample=zero_boundary_045 soc=0.5236 fc=120
progress step=426450 round=35/40 episode=23/30 sample=zero_boundary_045 soc=0.3480 fc=150
progress step=426500 round=35/40 episode=24/30 sample=zero_boundary_046 soc=0.6042 fc=180
progress step=426550 round=35/40 episode=24/30 sample=zero_boundary_046 soc=0.4105 fc=120
progress step=426600 round=35/40 episode=24/30 sample=zero_boundary_046 soc=0.2006 fc=560
progress step=426650 round=35/40 episode=25/30 sample=zero_boundary_048 soc=0.5892 fc=170
progress step=426700 round=35/40 episode=25/30 sample=zero_boundary_048 soc=0.3282 fc=340
progress step=426750 round=35/40 episode=25/30 sample=zero_boundary_048 soc=0.2001 fc=170
progress step=426800 round=35/40 episode=25/30 sample=zero_boundary_048 soc=0.2275 fc=0
progress step=426850 round=35/40 episode=26/30 sample=zero_boundary_049 soc=0.6454 fc=500
progress step=426900 round=35/40 episode=26/30 sample=zero_boundary_049 soc=0.7993 fc=350
progress step=426950 round=35/40 episode=26/30 sample=zero_boundary_049 soc=0.7250 fc=130
progress step=427000 round=35/40 episode=26/30 sample=zero_boundary_049 soc=0.6542 fc=130
progress step=427050 round=35/40 episode=26/30 sample=zero_boundary_049 soc=0.5851 fc=130
progress step=427100 round=35/40 episode=26/30 sample=zero_boundary_049 soc=0.6009 fc=0
progress step=427150 round=35/40 episode=27/30 sample=zero_boundary_050 soc=0.6427 fc=120
progress step=427200 round=35/40 episode=27/30 sample=zero_boundary_050 soc=0.4181 fc=120
progress step=427250 round=35/40 episode=27/30 sample=zero_boundary_050 soc=0.2001 fc=540
progress step=427300 round=35/40 episode=28/30 sample=zero_boundary_051 soc=0.5564 fc=120
progress step=427350 round=35/40 episode=28/30 sample=zero_boundary_051 soc=0.4863 fc=120
progress step=427400 round=35/40 episode=28/30 sample=zero_boundary_051 soc=0.4065 fc=120
progress step=427450 round=35/40 episode=29/30 sample=zero_boundary_052 soc=0.5572 fc=0
progress step=427500 round=35/40 episode=29/30 sample=zero_boundary_052 soc=0.2824 fc=210
progress step=427550 round=35/40 episode=30/30 sample=zero_boundary_053 soc=0.7276 fc=460
progress step=427600 round=35/40 episode=30/30 sample=zero_boundary_053 soc=0.5781 fc=160
progress step=427650 round=35/40 episode=30/30 sample=zero_boundary_053 soc=0.3594 fc=120
progress step=427700 round=35/40 episode=30/30 sample=zero_boundary_053 soc=0.3184 fc=590
progress step=427750 round=35/40 episode=30/30 sample=zero_boundary_053 soc=0.3114 fc=170
round 35/40 exploratory=14/30 greedy_train start
MONITOR round=35 exploratory=14/30 greedy_train=12/30 validation=SKIPPED cost=None updates=13938 best_round=None
round 36/40 start epsilon=0.1474
progress step=427800 round=36/40 episode=1/30 sample=zero_boundary_002 soc=0.6862 fc=500
progress step=427850 round=36/40 episode=1/30 sample=zero_boundary_002 soc=0.4795 fc=340
progress step=427900 round=36/40 episode=2/30 sample=zero_boundary_005 soc=0.6480 fc=500
progress step=427950 round=36/40 episode=2/30 sample=zero_boundary_005 soc=0.5823 fc=120
progress step=428000 round=36/40 episode=2/30 sample=zero_boundary_005 soc=0.3857 fc=210
progress step=428050 round=36/40 episode=2/30 sample=zero_boundary_005 soc=0.2661 fc=170
progress step=428100 round=36/40 episode=2/30 sample=zero_boundary_005 soc=0.2001 fc=530
progress step=428150 round=36/40 episode=2/30 sample=zero_boundary_005 soc=0.2000 fc=400
progress step=428200 round=36/40 episode=3/30 sample=zero_boundary_006 soc=0.6811 fc=550
progress step=428250 round=36/40 episode=3/30 sample=zero_boundary_006 soc=0.7528 fc=170
progress step=428300 round=36/40 episode=3/30 sample=zero_boundary_006 soc=0.7998 fc=80
progress step=428350 round=36/40 episode=3/30 sample=zero_boundary_006 soc=0.7999 fc=0
progress step=428400 round=36/40 episode=3/30 sample=zero_boundary_006 soc=0.7653 fc=0
progress step=428450 round=36/40 episode=3/30 sample=zero_boundary_006 soc=0.7934 fc=80
progress step=428500 round=36/40 episode=3/30 sample=zero_boundary_006 soc=0.7982 fc=0
progress step=428550 round=36/40 episode=4/30 sample=zero_boundary_007 soc=0.5870 fc=0
progress step=428600 round=36/40 episode=4/30 sample=zero_boundary_007 soc=0.4322 fc=140
progress step=428650 round=36/40 episode=4/30 sample=zero_boundary_007 soc=0.3299 fc=0
progress step=428700 round=36/40 episode=4/30 sample=zero_boundary_007 soc=0.2999 fc=170
progress step=428750 round=36/40 episode=4/30 sample=zero_boundary_007 soc=0.2001 fc=340
progress step=428800 round=36/40 episode=4/30 sample=zero_boundary_007 soc=0.2062 fc=30
progress step=428850 round=36/40 episode=5/30 sample=zero_boundary_008 soc=0.5645 fc=280
progress step=428900 round=36/40 episode=6/30 sample=zero_boundary_011 soc=0.6376 fc=550
progress step=428950 round=36/40 episode=6/30 sample=zero_boundary_011 soc=0.7852 fc=0
progress step=429000 round=36/40 episode=6/30 sample=zero_boundary_011 soc=0.6091 fc=140
progress step=429050 round=36/40 episode=6/30 sample=zero_boundary_011 soc=0.3422 fc=120
progress step=429100 round=36/40 episode=6/30 sample=zero_boundary_011 soc=0.2006 fc=580
progress step=429150 round=36/40 episode=7/30 sample=zero_boundary_013 soc=0.7230 fc=510
progress step=429200 round=36/40 episode=7/30 sample=zero_boundary_013 soc=0.7117 fc=120
progress step=429250 round=36/40 episode=7/30 sample=zero_boundary_013 soc=0.5402 fc=0
progress step=429300 round=36/40 episode=7/30 sample=zero_boundary_013 soc=0.4157 fc=120
progress step=429350 round=36/40 episode=7/30 sample=zero_boundary_013 soc=0.3696 fc=300
progress step=429400 round=36/40 episode=7/30 sample=zero_boundary_013 soc=0.2919 fc=420
progress step=429450 round=36/40 episode=8/30 sample=zero_boundary_015 soc=0.6066 fc=120
progress step=429500 round=36/40 episode=8/30 sample=zero_boundary_015 soc=0.5371 fc=120
progress step=429550 round=36/40 episode=8/30 sample=zero_boundary_015 soc=0.4157 fc=60
progress step=429600 round=36/40 episode=9/30 sample=zero_boundary_016 soc=0.7706 fc=120
progress step=429650 round=36/40 episode=9/30 sample=zero_boundary_016 soc=0.7123 fc=120
progress step=429700 round=36/40 episode=9/30 sample=zero_boundary_016 soc=0.4246 fc=350
progress step=429750 round=36/40 episode=10/30 sample=zero_boundary_017 soc=0.5894 fc=120
progress step=429800 round=36/40 episode=10/30 sample=zero_boundary_017 soc=0.3287 fc=370
progress step=429850 round=36/40 episode=11/30 sample=zero_boundary_020 soc=0.5354 fc=120
progress step=429900 round=36/40 episode=11/30 sample=zero_boundary_020 soc=0.4465 fc=120
progress step=429950 round=36/40 episode=12/30 sample=zero_boundary_021 soc=0.6587 fc=550
progress step=430000 round=36/40 episode=12/30 sample=zero_boundary_021 soc=0.7403 fc=50
progress step=430050 round=36/40 episode=12/30 sample=zero_boundary_021 soc=0.5422 fc=190
progress step=430100 round=36/40 episode=12/30 sample=zero_boundary_021 soc=0.4058 fc=240
progress step=430150 round=36/40 episode=12/30 sample=zero_boundary_021 soc=0.3102 fc=550
progress step=430200 round=36/40 episode=13/30 sample=zero_boundary_022 soc=0.6199 fc=120
progress step=430250 round=36/40 episode=13/30 sample=zero_boundary_022 soc=0.4741 fc=120
progress step=430300 round=36/40 episode=13/30 sample=zero_boundary_022 soc=0.4496 fc=120
progress step=430350 round=36/40 episode=14/30 sample=zero_boundary_029 soc=0.5999 fc=0
progress step=430400 round=36/40 episode=14/30 sample=zero_boundary_029 soc=0.6730 fc=0
progress step=430450 round=36/40 episode=14/30 sample=zero_boundary_029 soc=0.6048 fc=120
progress step=430500 round=36/40 episode=14/30 sample=zero_boundary_029 soc=0.5293 fc=120
progress step=430550 round=36/40 episode=14/30 sample=zero_boundary_029 soc=0.4635 fc=170
progress step=430600 round=36/40 episode=14/30 sample=zero_boundary_029 soc=0.4391 fc=120
progress step=430650 round=36/40 episode=14/30 sample=zero_boundary_029 soc=0.4089 fc=350
progress step=430700 round=36/40 episode=14/30 sample=zero_boundary_029 soc=0.4729 fc=570
progress step=430750 round=36/40 episode=14/30 sample=zero_boundary_029 soc=0.5585 fc=0
progress step=430800 round=36/40 episode=14/30 sample=zero_boundary_029 soc=0.7995 fc=0
progress step=430850 round=36/40 episode=14/30 sample=zero_boundary_029 soc=0.7999 fc=0
progress step=430900 round=36/40 episode=14/30 sample=zero_boundary_029 soc=0.7999 fc=0
progress step=430950 round=36/40 episode=14/30 sample=zero_boundary_029 soc=0.7999 fc=0
progress step=431000 round=36/40 episode=14/30 sample=zero_boundary_029 soc=0.7999 fc=0
progress step=431050 round=36/40 episode=14/30 sample=zero_boundary_029 soc=0.7999 fc=0
progress step=431100 round=36/40 episode=14/30 sample=zero_boundary_029 soc=0.7999 fc=0
progress step=431150 round=36/40 episode=14/30 sample=zero_boundary_029 soc=0.7999 fc=0
progress step=431200 round=36/40 episode=14/30 sample=zero_boundary_029 soc=0.7999 fc=0
progress step=431250 round=36/40 episode=14/30 sample=zero_boundary_029 soc=0.7871 fc=140
progress step=431300 round=36/40 episode=14/30 sample=zero_boundary_029 soc=0.7650 fc=120
progress step=431350 round=36/40 episode=14/30 sample=zero_boundary_029 soc=0.7788 fc=120
progress step=431400 round=36/40 episode=14/30 sample=zero_boundary_029 soc=0.7998 fc=0
progress step=431450 round=36/40 episode=15/30 sample=zero_boundary_033 soc=0.7192 fc=510
progress step=431500 round=36/40 episode=15/30 sample=zero_boundary_033 soc=0.6802 fc=100
progress step=431550 round=36/40 episode=15/30 sample=zero_boundary_033 soc=0.4876 fc=120
progress step=431600 round=36/40 episode=15/30 sample=zero_boundary_033 soc=0.4258 fc=270
progress step=431650 round=36/40 episode=15/30 sample=zero_boundary_033 soc=0.3390 fc=0
progress step=431700 round=36/40 episode=15/30 sample=zero_boundary_033 soc=0.2007 fc=480
progress step=431750 round=36/40 episode=15/30 sample=zero_boundary_033 soc=0.2779 fc=170
progress step=431800 round=36/40 episode=15/30 sample=zero_boundary_033 soc=0.4425 fc=170
progress step=431850 round=36/40 episode=15/30 sample=zero_boundary_033 soc=0.7320 fc=170
progress step=431900 round=36/40 episode=15/30 sample=zero_boundary_033 soc=0.8000 fc=0
progress step=431950 round=36/40 episode=15/30 sample=zero_boundary_033 soc=0.8000 fc=0
progress step=432000 round=36/40 episode=15/30 sample=zero_boundary_033 soc=0.8000 fc=0
progress step=432050 round=36/40 episode=15/30 sample=zero_boundary_033 soc=0.8000 fc=0
progress step=432100 round=36/40 episode=15/30 sample=zero_boundary_033 soc=0.7999 fc=0
progress step=432150 round=36/40 episode=15/30 sample=zero_boundary_033 soc=0.7999 fc=0
progress step=432200 round=36/40 episode=15/30 sample=zero_boundary_033 soc=0.7999 fc=0
progress step=432250 round=36/40 episode=15/30 sample=zero_boundary_033 soc=0.7937 fc=0
progress step=432300 round=36/40 episode=15/30 sample=zero_boundary_033 soc=0.7977 fc=0
progress step=432350 round=36/40 episode=15/30 sample=zero_boundary_033 soc=0.7997 fc=40
progress step=432400 round=36/40 episode=16/30 sample=zero_boundary_034 soc=0.6294 fc=530
progress step=432450 round=36/40 episode=16/30 sample=zero_boundary_034 soc=0.7998 fc=0
progress step=432500 round=36/40 episode=16/30 sample=zero_boundary_034 soc=0.7999 fc=0
progress step=432550 round=36/40 episode=16/30 sample=zero_boundary_034 soc=0.7999 fc=0
progress step=432600 round=36/40 episode=16/30 sample=zero_boundary_034 soc=0.7999 fc=0
progress step=432650 round=36/40 episode=16/30 sample=zero_boundary_034 soc=0.7999 fc=0
progress step=432700 round=36/40 episode=16/30 sample=zero_boundary_034 soc=0.7999 fc=0
progress step=432750 round=36/40 episode=16/30 sample=zero_boundary_034 soc=0.7999 fc=0
progress step=432800 round=36/40 episode=16/30 sample=zero_boundary_034 soc=0.7999 fc=0
progress step=432850 round=36/40 episode=16/30 sample=zero_boundary_034 soc=0.7999 fc=0
progress step=432900 round=36/40 episode=16/30 sample=zero_boundary_034 soc=0.7999 fc=0
progress step=432950 round=36/40 episode=16/30 sample=zero_boundary_034 soc=0.7999 fc=0
progress step=433000 round=36/40 episode=16/30 sample=zero_boundary_034 soc=0.7999 fc=0
progress step=433050 round=36/40 episode=16/30 sample=zero_boundary_034 soc=0.7999 fc=0
progress step=433100 round=36/40 episode=16/30 sample=zero_boundary_034 soc=0.7999 fc=0
progress step=433150 round=36/40 episode=16/30 sample=zero_boundary_034 soc=0.7999 fc=0
progress step=433200 round=36/40 episode=16/30 sample=zero_boundary_034 soc=0.7999 fc=0
progress step=433250 round=36/40 episode=16/30 sample=zero_boundary_034 soc=0.7979 fc=0
progress step=433300 round=36/40 episode=16/30 sample=zero_boundary_034 soc=0.7882 fc=0
progress step=433350 round=36/40 episode=16/30 sample=zero_boundary_034 soc=0.7846 fc=480
progress step=433400 round=36/40 episode=16/30 sample=zero_boundary_034 soc=0.7940 fc=0
progress step=433450 round=36/40 episode=16/30 sample=zero_boundary_034 soc=0.7882 fc=120
progress step=433500 round=36/40 episode=16/30 sample=zero_boundary_034 soc=0.7121 fc=0
progress step=433550 round=36/40 episode=16/30 sample=zero_boundary_034 soc=0.7996 fc=30
progress step=433600 round=36/40 episode=16/30 sample=zero_boundary_034 soc=0.7998 fc=0
progress step=433650 round=36/40 episode=16/30 sample=zero_boundary_034 soc=0.7999 fc=0
progress step=433700 round=36/40 episode=16/30 sample=zero_boundary_034 soc=0.7999 fc=0
progress step=433750 round=36/40 episode=16/30 sample=zero_boundary_034 soc=0.7999 fc=0
progress step=433800 round=36/40 episode=16/30 sample=zero_boundary_034 soc=0.7999 fc=0
progress step=433850 round=36/40 episode=16/30 sample=zero_boundary_034 soc=0.7999 fc=0
progress step=433900 round=36/40 episode=16/30 sample=zero_boundary_034 soc=0.7999 fc=0
progress step=433950 round=36/40 episode=16/30 sample=zero_boundary_034 soc=0.7999 fc=0
progress step=434000 round=36/40 episode=16/30 sample=zero_boundary_034 soc=0.7991 fc=80
progress step=434050 round=36/40 episode=17/30 sample=zero_boundary_037 soc=0.6472 fc=120
progress step=434100 round=36/40 episode=17/30 sample=zero_boundary_037 soc=0.5878 fc=120
progress step=434150 round=36/40 episode=17/30 sample=zero_boundary_037 soc=0.5261 fc=120
progress step=434200 round=36/40 episode=17/30 sample=zero_boundary_037 soc=0.5215 fc=120
progress step=434250 round=36/40 episode=17/30 sample=zero_boundary_037 soc=0.4272 fc=270
progress step=434300 round=36/40 episode=17/30 sample=zero_boundary_037 soc=0.3682 fc=60
progress step=434350 round=36/40 episode=17/30 sample=zero_boundary_037 soc=0.2001 fc=580
progress step=434400 round=36/40 episode=17/30 sample=zero_boundary_037 soc=0.2404 fc=500
progress step=434450 round=36/40 episode=17/30 sample=zero_boundary_037 soc=0.3084 fc=120
progress step=434500 round=36/40 episode=17/30 sample=zero_boundary_037 soc=0.4063 fc=120
progress step=434550 round=36/40 episode=17/30 sample=zero_boundary_037 soc=0.4336 fc=280
progress step=434600 round=36/40 episode=17/30 sample=zero_boundary_037 soc=0.5112 fc=170
progress step=434650 round=36/40 episode=17/30 sample=zero_boundary_037 soc=0.5415 fc=120
progress step=434700 round=36/40 episode=17/30 sample=zero_boundary_037 soc=0.6785 fc=390
progress step=434750 round=36/40 episode=17/30 sample=zero_boundary_037 soc=0.7992 fc=0
progress step=434800 round=36/40 episode=17/30 sample=zero_boundary_037 soc=0.7893 fc=0
progress step=434850 round=36/40 episode=17/30 sample=zero_boundary_037 soc=0.7940 fc=510
progress step=434900 round=36/40 episode=17/30 sample=zero_boundary_037 soc=0.7995 fc=0
progress step=434950 round=36/40 episode=17/30 sample=zero_boundary_037 soc=0.7969 fc=190
progress step=435000 round=36/40 episode=17/30 sample=zero_boundary_037 soc=0.7880 fc=0
progress step=435050 round=36/40 episode=17/30 sample=zero_boundary_037 soc=0.7999 fc=0
progress step=435100 round=36/40 episode=17/30 sample=zero_boundary_037 soc=0.7999 fc=0
progress step=435150 round=36/40 episode=17/30 sample=zero_boundary_037 soc=0.7999 fc=0
progress step=435200 round=36/40 episode=17/30 sample=zero_boundary_037 soc=0.7991 fc=0
progress step=435250 round=36/40 episode=17/30 sample=zero_boundary_037 soc=0.7972 fc=0
progress step=435300 round=36/40 episode=17/30 sample=zero_boundary_037 soc=0.7956 fc=0
progress step=435350 round=36/40 episode=17/30 sample=zero_boundary_037 soc=0.7916 fc=570
progress step=435400 round=36/40 episode=17/30 sample=zero_boundary_037 soc=0.7963 fc=0
progress step=435450 round=36/40 episode=17/30 sample=zero_boundary_037 soc=0.7946 fc=0
progress step=435500 round=36/40 episode=17/30 sample=zero_boundary_037 soc=0.7945 fc=0
progress step=435550 round=36/40 episode=17/30 sample=zero_boundary_037 soc=0.7978 fc=50
progress step=435600 round=36/40 episode=17/30 sample=zero_boundary_037 soc=0.7991 fc=90
progress step=435650 round=36/40 episode=17/30 sample=zero_boundary_037 soc=0.7939 fc=0
progress step=435700 round=36/40 episode=17/30 sample=zero_boundary_037 soc=0.7994 fc=0
progress step=435750 round=36/40 episode=17/30 sample=zero_boundary_037 soc=0.7978 fc=190
progress step=435800 round=36/40 episode=17/30 sample=zero_boundary_037 soc=0.7931 fc=120
progress step=435850 round=36/40 episode=17/30 sample=zero_boundary_037 soc=0.7999 fc=30
progress step=435900 round=36/40 episode=17/30 sample=zero_boundary_037 soc=0.7999 fc=10
progress step=435950 round=36/40 episode=18/30 sample=zero_boundary_038 soc=0.6026 fc=120
progress step=436000 round=36/40 episode=18/30 sample=zero_boundary_038 soc=0.4412 fc=130
progress step=436050 round=36/40 episode=18/30 sample=zero_boundary_038 soc=0.3443 fc=120
progress step=436100 round=36/40 episode=19/30 sample=zero_boundary_040 soc=0.6000 fc=0
progress step=436150 round=36/40 episode=19/30 sample=zero_boundary_040 soc=0.4560 fc=260
progress step=436200 round=36/40 episode=19/30 sample=zero_boundary_040 soc=0.2557 fc=110
progress step=436250 round=36/40 episode=19/30 sample=zero_boundary_040 soc=0.2001 fc=520
progress step=436300 round=36/40 episode=20/30 sample=zero_boundary_041 soc=0.4866 fc=120
progress step=436350 round=36/40 episode=20/30 sample=zero_boundary_041 soc=0.2944 fc=220
progress step=436400 round=36/40 episode=21/30 sample=zero_boundary_042 soc=0.6679 fc=410
progress step=436450 round=36/40 episode=21/30 sample=zero_boundary_042 soc=0.4458 fc=210
progress step=436500 round=36/40 episode=22/30 sample=zero_boundary_044 soc=0.6000 fc=0
progress step=436550 round=36/40 episode=22/30 sample=zero_boundary_044 soc=0.5162 fc=120
progress step=436600 round=36/40 episode=22/30 sample=zero_boundary_044 soc=0.2745 fc=330
progress step=436650 round=36/40 episode=23/30 sample=zero_boundary_045 soc=0.6024 fc=500
progress step=436700 round=36/40 episode=23/30 sample=zero_boundary_045 soc=0.4516 fc=120
progress step=436750 round=36/40 episode=23/30 sample=zero_boundary_045 soc=0.2698 fc=130
progress step=436800 round=36/40 episode=24/30 sample=zero_boundary_046 soc=0.4985 fc=120
progress step=436850 round=36/40 episode=24/30 sample=zero_boundary_046 soc=0.2756 fc=200
progress step=436900 round=36/40 episode=25/30 sample=zero_boundary_048 soc=0.6939 fc=530
progress step=436950 round=36/40 episode=25/30 sample=zero_boundary_048 soc=0.4945 fc=120
progress step=437000 round=36/40 episode=25/30 sample=zero_boundary_048 soc=0.2847 fc=200
progress step=437050 round=36/40 episode=25/30 sample=zero_boundary_048 soc=0.2080 fc=200
progress step=437100 round=36/40 episode=25/30 sample=zero_boundary_048 soc=0.2003 fc=310
progress step=437150 round=36/40 episode=26/30 sample=zero_boundary_049 soc=0.5668 fc=120
progress step=437200 round=36/40 episode=26/30 sample=zero_boundary_049 soc=0.4290 fc=60
progress step=437250 round=36/40 episode=26/30 sample=zero_boundary_049 soc=0.3139 fc=130
progress step=437300 round=36/40 episode=26/30 sample=zero_boundary_049 soc=0.2389 fc=200
progress step=437350 round=36/40 episode=26/30 sample=zero_boundary_049 soc=0.2061 fc=120
progress step=437400 round=36/40 episode=27/30 sample=zero_boundary_050 soc=0.6784 fc=530
progress step=437450 round=36/40 episode=27/30 sample=zero_boundary_050 soc=0.5861 fc=150
progress step=437500 round=36/40 episode=27/30 sample=zero_boundary_050 soc=0.3663 fc=150
progress step=437550 round=36/40 episode=28/30 sample=zero_boundary_051 soc=0.6235 fc=510
progress step=437600 round=36/40 episode=28/30 sample=zero_boundary_051 soc=0.5577 fc=160
progress step=437650 round=36/40 episode=28/30 sample=zero_boundary_051 soc=0.4829 fc=340
progress step=437700 round=36/40 episode=29/30 sample=zero_boundary_052 soc=0.6380 fc=510
progress step=437750 round=36/40 episode=29/30 sample=zero_boundary_052 soc=0.6090 fc=280
progress step=437800 round=36/40 episode=29/30 sample=zero_boundary_052 soc=0.3575 fc=30
progress step=437850 round=36/40 episode=29/30 sample=zero_boundary_052 soc=0.2641 fc=150
progress step=437900 round=36/40 episode=29/30 sample=zero_boundary_052 soc=0.2296 fc=180
progress step=437950 round=36/40 episode=30/30 sample=zero_boundary_053 soc=0.7014 fc=510
progress step=438000 round=36/40 episode=30/30 sample=zero_boundary_053 soc=0.6286 fc=170
progress step=438050 round=36/40 episode=30/30 sample=zero_boundary_053 soc=0.4026 fc=120
progress step=438100 round=36/40 episode=30/30 sample=zero_boundary_053 soc=0.3700 fc=120
progress step=438150 round=36/40 episode=30/30 sample=zero_boundary_053 soc=0.2686 fc=120
round 36/40 exploratory=15/30 greedy_train start
MONITOR round=36 exploratory=15/30 greedy_train=12/30 validation=SKIPPED cost=None updates=14264 best_round=None
round 37/40 start epsilon=0.1231
progress step=438200 round=37/40 episode=1/30 sample=zero_boundary_002 soc=0.6204 fc=120
progress step=438250 round=37/40 episode=1/30 sample=zero_boundary_002 soc=0.4965 fc=280
progress step=438300 round=37/40 episode=2/30 sample=zero_boundary_005 soc=0.6322 fc=510
progress step=438350 round=37/40 episode=2/30 sample=zero_boundary_005 soc=0.5818 fc=120
progress step=438400 round=37/40 episode=2/30 sample=zero_boundary_005 soc=0.3847 fc=270
progress step=438450 round=37/40 episode=2/30 sample=zero_boundary_005 soc=0.2828 fc=210
progress step=438500 round=37/40 episode=2/30 sample=zero_boundary_005 soc=0.2000 fc=510
progress step=438550 round=37/40 episode=2/30 sample=zero_boundary_005 soc=0.2003 fc=400
progress step=438600 round=37/40 episode=3/30 sample=zero_boundary_006 soc=0.6971 fc=580
progress step=438650 round=37/40 episode=3/30 sample=zero_boundary_006 soc=0.7976 fc=100
progress step=438700 round=37/40 episode=3/30 sample=zero_boundary_006 soc=0.7993 fc=100
progress step=438750 round=37/40 episode=3/30 sample=zero_boundary_006 soc=0.7998 fc=30
progress step=438800 round=37/40 episode=3/30 sample=zero_boundary_006 soc=0.7842 fc=0
progress step=438850 round=37/40 episode=3/30 sample=zero_boundary_006 soc=0.7761 fc=170
progress step=438900 round=37/40 episode=3/30 sample=zero_boundary_006 soc=0.7992 fc=100
progress step=438950 round=37/40 episode=4/30 sample=zero_boundary_007 soc=0.6550 fc=210
progress step=439000 round=37/40 episode=4/30 sample=zero_boundary_007 soc=0.5085 fc=120
progress step=439050 round=37/40 episode=4/30 sample=zero_boundary_007 soc=0.4273 fc=170
progress step=439100 round=37/40 episode=4/30 sample=zero_boundary_007 soc=0.4316 fc=120
progress step=439150 round=37/40 episode=4/30 sample=zero_boundary_007 soc=0.2988 fc=120
progress step=439200 round=37/40 episode=4/30 sample=zero_boundary_007 soc=0.2233 fc=120
progress step=439250 round=37/40 episode=5/30 sample=zero_boundary_008 soc=0.5844 fc=340
progress step=439300 round=37/40 episode=6/30 sample=zero_boundary_011 soc=0.6446 fc=580
progress step=439350 round=37/40 episode=6/30 sample=zero_boundary_011 soc=0.7997 fc=100
progress step=439400 round=37/40 episode=6/30 sample=zero_boundary_011 soc=0.6260 fc=120
progress step=439450 round=37/40 episode=6/30 sample=zero_boundary_011 soc=0.3796 fc=210
progress step=439500 round=37/40 episode=6/30 sample=zero_boundary_011 soc=0.2472 fc=230
progress step=439550 round=37/40 episode=7/30 sample=zero_boundary_013 soc=0.6975 fc=170
progress step=439600 round=37/40 episode=7/30 sample=zero_boundary_013 soc=0.6540 fc=170
progress step=439650 round=37/40 episode=7/30 sample=zero_boundary_013 soc=0.5273 fc=120
progress step=439700 round=37/40 episode=7/30 sample=zero_boundary_013 soc=0.4057 fc=120
progress step=439750 round=37/40 episode=7/30 sample=zero_boundary_013 soc=0.3449 fc=120
progress step=439800 round=37/40 episode=7/30 sample=zero_boundary_013 soc=0.2571 fc=130
progress step=439850 round=37/40 episode=7/30 sample=zero_boundary_013 soc=0.2801 fc=120
progress step=439900 round=37/40 episode=8/30 sample=zero_boundary_015 soc=0.5511 fc=120
progress step=439950 round=37/40 episode=8/30 sample=zero_boundary_015 soc=0.4019 fc=80
progress step=440000 round=37/40 episode=9/30 sample=zero_boundary_016 soc=0.6300 fc=20
progress step=440050 round=37/40 episode=9/30 sample=zero_boundary_016 soc=0.6035 fc=120
progress step=440100 round=37/40 episode=9/30 sample=zero_boundary_016 soc=0.3408 fc=180
progress step=440150 round=37/40 episode=10/30 sample=zero_boundary_017 soc=0.5852 fc=120
progress step=440200 round=37/40 episode=10/30 sample=zero_boundary_017 soc=0.2823 fc=0
progress step=440250 round=37/40 episode=11/30 sample=zero_boundary_020 soc=0.6047 fc=120
progress step=440300 round=37/40 episode=11/30 sample=zero_boundary_020 soc=0.5110 fc=170
progress step=440350 round=37/40 episode=12/30 sample=zero_boundary_021 soc=0.6746 fc=180
progress step=440400 round=37/40 episode=12/30 sample=zero_boundary_021 soc=0.7120 fc=570
progress step=440450 round=37/40 episode=12/30 sample=zero_boundary_021 soc=0.5365 fc=120
progress step=440500 round=37/40 episode=12/30 sample=zero_boundary_021 soc=0.3599 fc=180
progress step=440550 round=37/40 episode=12/30 sample=zero_boundary_021 soc=0.3038 fc=120
progress step=440600 round=37/40 episode=13/30 sample=zero_boundary_022 soc=0.6071 fc=120
progress step=440650 round=37/40 episode=13/30 sample=zero_boundary_022 soc=0.4518 fc=120
progress step=440700 round=37/40 episode=13/30 sample=zero_boundary_022 soc=0.4130 fc=120
progress step=440750 round=37/40 episode=14/30 sample=zero_boundary_029 soc=0.6060 fc=570
progress step=440800 round=37/40 episode=14/30 sample=zero_boundary_029 soc=0.6992 fc=290
progress step=440850 round=37/40 episode=14/30 sample=zero_boundary_029 soc=0.5500 fc=120
progress step=440900 round=37/40 episode=14/30 sample=zero_boundary_029 soc=0.4463 fc=230
progress step=440950 round=37/40 episode=14/30 sample=zero_boundary_029 soc=0.4181 fc=120
progress step=441000 round=37/40 episode=14/30 sample=zero_boundary_029 soc=0.3886 fc=270
progress step=441050 round=37/40 episode=14/30 sample=zero_boundary_029 soc=0.3695 fc=120
progress step=441100 round=37/40 episode=14/30 sample=zero_boundary_029 soc=0.3773 fc=120
progress step=441150 round=37/40 episode=14/30 sample=zero_boundary_029 soc=0.5274 fc=170
progress step=441200 round=37/40 episode=14/30 sample=zero_boundary_029 soc=0.7286 fc=180
progress step=441250 round=37/40 episode=14/30 sample=zero_boundary_029 soc=0.7998 fc=0
progress step=441300 round=37/40 episode=14/30 sample=zero_boundary_029 soc=0.7999 fc=0
progress step=441350 round=37/40 episode=14/30 sample=zero_boundary_029 soc=0.7999 fc=0
progress step=441400 round=37/40 episode=14/30 sample=zero_boundary_029 soc=0.7999 fc=0
progress step=441450 round=37/40 episode=14/30 sample=zero_boundary_029 soc=0.7999 fc=0
progress step=441500 round=37/40 episode=14/30 sample=zero_boundary_029 soc=0.7999 fc=0
progress step=441550 round=37/40 episode=14/30 sample=zero_boundary_029 soc=0.7999 fc=0
progress step=441600 round=37/40 episode=14/30 sample=zero_boundary_029 soc=0.7999 fc=0
progress step=441650 round=37/40 episode=14/30 sample=zero_boundary_029 soc=0.7427 fc=0
progress step=441700 round=37/40 episode=14/30 sample=zero_boundary_029 soc=0.6261 fc=120
progress step=441750 round=37/40 episode=14/30 sample=zero_boundary_029 soc=0.5617 fc=550
progress step=441800 round=37/40 episode=14/30 sample=zero_boundary_029 soc=0.5502 fc=170
progress step=441850 round=37/40 episode=15/30 sample=zero_boundary_033 soc=0.7952 fc=350
progress step=441900 round=37/40 episode=15/30 sample=zero_boundary_033 soc=0.7441 fc=130
progress step=441950 round=37/40 episode=15/30 sample=zero_boundary_033 soc=0.5454 fc=170
progress step=442000 round=37/40 episode=15/30 sample=zero_boundary_033 soc=0.4387 fc=290
progress step=442050 round=37/40 episode=15/30 sample=zero_boundary_033 soc=0.4447 fc=290
progress step=442100 round=37/40 episode=15/30 sample=zero_boundary_033 soc=0.2887 fc=220
progress step=442150 round=37/40 episode=15/30 sample=zero_boundary_033 soc=0.2666 fc=120
progress step=442200 round=37/40 episode=15/30 sample=zero_boundary_033 soc=0.3508 fc=120
progress step=442250 round=37/40 episode=15/30 sample=zero_boundary_033 soc=0.4892 fc=330
progress step=442300 round=37/40 episode=15/30 sample=zero_boundary_033 soc=0.6135 fc=0
progress step=442350 round=37/40 episode=15/30 sample=zero_boundary_033 soc=0.7999 fc=0
progress step=442400 round=37/40 episode=15/30 sample=zero_boundary_033 soc=0.8000 fc=0
progress step=442450 round=37/40 episode=15/30 sample=zero_boundary_033 soc=0.8000 fc=0
progress step=442500 round=37/40 episode=15/30 sample=zero_boundary_033 soc=0.8000 fc=0
progress step=442550 round=37/40 episode=15/30 sample=zero_boundary_033 soc=0.7999 fc=10
progress step=442600 round=37/40 episode=15/30 sample=zero_boundary_033 soc=0.7950 fc=0
progress step=442650 round=37/40 episode=15/30 sample=zero_boundary_033 soc=0.7945 fc=0
progress step=442700 round=37/40 episode=15/30 sample=zero_boundary_033 soc=0.8000 fc=30
progress step=442750 round=37/40 episode=15/30 sample=zero_boundary_033 soc=0.8000 fc=0
progress step=442800 round=37/40 episode=16/30 sample=zero_boundary_034 soc=0.6108 fc=0
progress step=442850 round=37/40 episode=16/30 sample=zero_boundary_034 soc=0.7999 fc=0
progress step=442900 round=37/40 episode=16/30 sample=zero_boundary_034 soc=0.7999 fc=0
progress step=442950 round=37/40 episode=16/30 sample=zero_boundary_034 soc=0.7999 fc=0
progress step=443000 round=37/40 episode=16/30 sample=zero_boundary_034 soc=0.7999 fc=0
progress step=443050 round=37/40 episode=16/30 sample=zero_boundary_034 soc=0.7999 fc=0
progress step=443100 round=37/40 episode=16/30 sample=zero_boundary_034 soc=0.7999 fc=0
progress step=443150 round=37/40 episode=16/30 sample=zero_boundary_034 soc=0.7999 fc=0
progress step=443200 round=37/40 episode=16/30 sample=zero_boundary_034 soc=0.7999 fc=0
progress step=443250 round=37/40 episode=16/30 sample=zero_boundary_034 soc=0.7999 fc=0
progress step=443300 round=37/40 episode=16/30 sample=zero_boundary_034 soc=0.7999 fc=0
progress step=443350 round=37/40 episode=16/30 sample=zero_boundary_034 soc=0.7999 fc=0
progress step=443400 round=37/40 episode=16/30 sample=zero_boundary_034 soc=0.7999 fc=0
progress step=443450 round=37/40 episode=16/30 sample=zero_boundary_034 soc=0.7999 fc=0
progress step=443500 round=37/40 episode=16/30 sample=zero_boundary_034 soc=0.7999 fc=0
progress step=443550 round=37/40 episode=16/30 sample=zero_boundary_034 soc=0.7999 fc=0
progress step=443600 round=37/40 episode=16/30 sample=zero_boundary_034 soc=0.7999 fc=0
progress step=443650 round=37/40 episode=16/30 sample=zero_boundary_034 soc=0.7952 fc=0
progress step=443700 round=37/40 episode=16/30 sample=zero_boundary_034 soc=0.7949 fc=120
progress step=443750 round=37/40 episode=16/30 sample=zero_boundary_034 soc=0.7737 fc=350
progress step=443800 round=37/40 episode=16/30 sample=zero_boundary_034 soc=0.7731 fc=170
progress step=443850 round=37/40 episode=16/30 sample=zero_boundary_034 soc=0.7620 fc=120
progress step=443900 round=37/40 episode=16/30 sample=zero_boundary_034 soc=0.7999 fc=40
progress step=443950 round=37/40 episode=16/30 sample=zero_boundary_034 soc=0.7987 fc=0
progress step=444000 round=37/40 episode=16/30 sample=zero_boundary_034 soc=0.8000 fc=0
progress step=444050 round=37/40 episode=16/30 sample=zero_boundary_034 soc=0.8000 fc=0
progress step=444100 round=37/40 episode=16/30 sample=zero_boundary_034 soc=0.8000 fc=0
progress step=444150 round=37/40 episode=16/30 sample=zero_boundary_034 soc=0.8000 fc=0
progress step=444200 round=37/40 episode=16/30 sample=zero_boundary_034 soc=0.8000 fc=0
progress step=444250 round=37/40 episode=16/30 sample=zero_boundary_034 soc=0.8000 fc=0
progress step=444300 round=37/40 episode=16/30 sample=zero_boundary_034 soc=0.8000 fc=0
progress step=444350 round=37/40 episode=16/30 sample=zero_boundary_034 soc=0.8000 fc=0
progress step=444400 round=37/40 episode=16/30 sample=zero_boundary_034 soc=0.7994 fc=0
progress step=444450 round=37/40 episode=17/30 sample=zero_boundary_037 soc=0.6096 fc=40
progress step=444500 round=37/40 episode=17/30 sample=zero_boundary_037 soc=0.5675 fc=160
progress step=444550 round=37/40 episode=17/30 sample=zero_boundary_037 soc=0.5453 fc=170
progress step=444600 round=37/40 episode=17/30 sample=zero_boundary_037 soc=0.5239 fc=200
progress step=444650 round=37/40 episode=17/30 sample=zero_boundary_037 soc=0.4278 fc=390
progress step=444700 round=37/40 episode=17/30 sample=zero_boundary_037 soc=0.2747 fc=380
progress step=444750 round=37/40 episode=17/30 sample=zero_boundary_037 soc=0.2002 fc=520
progress step=444800 round=37/40 episode=17/30 sample=zero_boundary_037 soc=0.2574 fc=120
progress step=444850 round=37/40 episode=17/30 sample=zero_boundary_037 soc=0.3048 fc=170
progress step=444900 round=37/40 episode=17/30 sample=zero_boundary_037 soc=0.3499 fc=120
progress step=444950 round=37/40 episode=17/30 sample=zero_boundary_037 soc=0.4157 fc=120
progress step=445000 round=37/40 episode=17/30 sample=zero_boundary_037 soc=0.4880 fc=170
progress step=445050 round=37/40 episode=17/30 sample=zero_boundary_037 soc=0.5027 fc=0
progress step=445100 round=37/40 episode=17/30 sample=zero_boundary_037 soc=0.5297 fc=170
progress step=445150 round=37/40 episode=17/30 sample=zero_boundary_037 soc=0.6484 fc=170
progress step=445200 round=37/40 episode=17/30 sample=zero_boundary_037 soc=0.7904 fc=470
progress step=445250 round=37/40 episode=17/30 sample=zero_boundary_037 soc=0.7994 fc=100
progress step=445300 round=37/40 episode=17/30 sample=zero_boundary_037 soc=0.7977 fc=0
progress step=445350 round=37/40 episode=17/30 sample=zero_boundary_037 soc=0.7915 fc=0
progress step=445400 round=37/40 episode=17/30 sample=zero_boundary_037 soc=0.7904 fc=0
progress step=445450 round=37/40 episode=17/30 sample=zero_boundary_037 soc=0.7999 fc=0
progress step=445500 round=37/40 episode=17/30 sample=zero_boundary_037 soc=0.7999 fc=0
progress step=445550 round=37/40 episode=17/30 sample=zero_boundary_037 soc=0.7999 fc=0
progress step=445600 round=37/40 episode=17/30 sample=zero_boundary_037 soc=0.7956 fc=280
progress step=445650 round=37/40 episode=17/30 sample=zero_boundary_037 soc=0.7952 fc=80
progress step=445700 round=37/40 episode=17/30 sample=zero_boundary_037 soc=0.7980 fc=90
progress step=445750 round=37/40 episode=17/30 sample=zero_boundary_037 soc=0.7965 fc=0
progress step=445800 round=37/40 episode=17/30 sample=zero_boundary_037 soc=0.7992 fc=40
progress step=445850 round=37/40 episode=17/30 sample=zero_boundary_037 soc=0.7980 fc=0
progress step=445900 round=37/40 episode=17/30 sample=zero_boundary_037 soc=0.7994 fc=40
progress step=445950 round=37/40 episode=17/30 sample=zero_boundary_037 soc=0.7978 fc=0
progress step=446000 round=37/40 episode=17/30 sample=zero_boundary_037 soc=0.7965 fc=0
progress step=446050 round=37/40 episode=17/30 sample=zero_boundary_037 soc=0.7988 fc=0
progress step=446100 round=37/40 episode=17/30 sample=zero_boundary_037 soc=0.7953 fc=70
progress step=446150 round=37/40 episode=17/30 sample=zero_boundary_037 soc=0.7902 fc=0
progress step=446200 round=37/40 episode=17/30 sample=zero_boundary_037 soc=0.7929 fc=0
progress step=446250 round=37/40 episode=17/30 sample=zero_boundary_037 soc=0.7974 fc=0
progress step=446300 round=37/40 episode=17/30 sample=zero_boundary_037 soc=0.7999 fc=0
progress step=446350 round=37/40 episode=18/30 sample=zero_boundary_038 soc=0.5730 fc=150
progress step=446400 round=37/40 episode=18/30 sample=zero_boundary_038 soc=0.4265 fc=520
progress step=446450 round=37/40 episode=18/30 sample=zero_boundary_038 soc=0.3026 fc=0
progress step=446500 round=37/40 episode=19/30 sample=zero_boundary_040 soc=0.6060 fc=170
progress step=446550 round=37/40 episode=19/30 sample=zero_boundary_040 soc=0.4919 fc=170
progress step=446600 round=37/40 episode=19/30 sample=zero_boundary_040 soc=0.2881 fc=90
progress step=446650 round=37/40 episode=19/30 sample=zero_boundary_040 soc=0.2003 fc=550
progress step=446700 round=37/40 episode=20/30 sample=zero_boundary_041 soc=0.5125 fc=230
progress step=446750 round=37/40 episode=20/30 sample=zero_boundary_041 soc=0.3209 fc=230
progress step=446800 round=37/40 episode=21/30 sample=zero_boundary_042 soc=0.6775 fc=170
progress step=446850 round=37/40 episode=21/30 sample=zero_boundary_042 soc=0.4872 fc=170
progress step=446900 round=37/40 episode=22/30 sample=zero_boundary_044 soc=0.6000 fc=0
progress step=446950 round=37/40 episode=22/30 sample=zero_boundary_044 soc=0.5156 fc=120
progress step=447000 round=37/40 episode=22/30 sample=zero_boundary_044 soc=0.3102 fc=230
progress step=447050 round=37/40 episode=23/30 sample=zero_boundary_045 soc=0.6513 fc=170
progress step=447100 round=37/40 episode=23/30 sample=zero_boundary_045 soc=0.5258 fc=480
progress step=447150 round=37/40 episode=23/30 sample=zero_boundary_045 soc=0.3773 fc=230
progress step=447200 round=37/40 episode=24/30 sample=zero_boundary_046 soc=0.5777 fc=120
progress step=447250 round=37/40 episode=24/30 sample=zero_boundary_046 soc=0.3664 fc=230
progress step=447300 round=37/40 episode=24/30 sample=zero_boundary_046 soc=0.2002 fc=540
progress step=447350 round=37/40 episode=25/30 sample=zero_boundary_048 soc=0.5345 fc=230
progress step=447400 round=37/40 episode=25/30 sample=zero_boundary_048 soc=0.3201 fc=230
progress step=447450 round=37/40 episode=25/30 sample=zero_boundary_048 soc=0.2075 fc=190
progress step=447500 round=37/40 episode=25/30 sample=zero_boundary_048 soc=0.2226 fc=350
progress step=447550 round=37/40 episode=26/30 sample=zero_boundary_049 soc=0.6052 fc=120
progress step=447600 round=37/40 episode=26/30 sample=zero_boundary_049 soc=0.5364 fc=230
progress step=447650 round=37/40 episode=26/30 sample=zero_boundary_049 soc=0.4420 fc=270
progress step=447700 round=37/40 episode=26/30 sample=zero_boundary_049 soc=0.3636 fc=120
progress step=447750 round=37/40 episode=26/30 sample=zero_boundary_049 soc=0.3783 fc=340
progress step=447800 round=37/40 episode=26/30 sample=zero_boundary_049 soc=0.4022 fc=120
progress step=447850 round=37/40 episode=27/30 sample=zero_boundary_050 soc=0.6223 fc=120
progress step=447900 round=37/40 episode=27/30 sample=zero_boundary_050 soc=0.3740 fc=120
progress step=447950 round=37/40 episode=27/30 sample=zero_boundary_050 soc=0.2014 fc=230
progress step=448000 round=37/40 episode=28/30 sample=zero_boundary_051 soc=0.5457 fc=120
progress step=448050 round=37/40 episode=28/30 sample=zero_boundary_051 soc=0.4577 fc=120
progress step=448100 round=37/40 episode=28/30 sample=zero_boundary_051 soc=0.3876 fc=120
progress step=448150 round=37/40 episode=29/30 sample=zero_boundary_052 soc=0.5731 fc=10
progress step=448200 round=37/40 episode=29/30 sample=zero_boundary_052 soc=0.3416 fc=210
progress step=448250 round=37/40 episode=29/30 sample=zero_boundary_052 soc=0.2001 fc=230
progress step=448300 round=37/40 episode=29/30 sample=zero_boundary_052 soc=0.2085 fc=210
progress step=448350 round=37/40 episode=30/30 sample=zero_boundary_053 soc=0.6000 fc=0
progress step=448400 round=37/40 episode=30/30 sample=zero_boundary_053 soc=0.6898 fc=120
progress step=448450 round=37/40 episode=30/30 sample=zero_boundary_053 soc=0.5014 fc=120
progress step=448500 round=37/40 episode=30/30 sample=zero_boundary_053 soc=0.3783 fc=120
progress step=448550 round=37/40 episode=30/30 sample=zero_boundary_053 soc=0.3138 fc=120
progress step=448600 round=37/40 episode=30/30 sample=zero_boundary_053 soc=0.3251 fc=120
round 37/40 exploratory=15/30 greedy_train start
MONITOR round=37 exploratory=15/30 greedy_train=12/30 validation=SKIPPED cost=None updates=14589 best_round=None
round 38/40 start epsilon=0.0987
progress step=448650 round=38/40 episode=1/30 sample=zero_boundary_002 soc=0.6230 fc=120
progress step=448700 round=38/40 episode=1/30 sample=zero_boundary_002 soc=0.2932 fc=340
progress step=448750 round=38/40 episode=2/30 sample=zero_boundary_005 soc=0.5491 fc=120
progress step=448800 round=38/40 episode=2/30 sample=zero_boundary_005 soc=0.3941 fc=90
progress step=448850 round=38/40 episode=2/30 sample=zero_boundary_005 soc=0.2460 fc=90
progress step=448900 round=38/40 episode=2/30 sample=zero_boundary_005 soc=0.2004 fc=470
progress step=448950 round=38/40 episode=2/30 sample=zero_boundary_005 soc=0.2000 fc=360
progress step=449000 round=38/40 episode=2/30 sample=zero_boundary_005 soc=0.2166 fc=180
progress step=449050 round=38/40 episode=3/30 sample=zero_boundary_006 soc=0.6287 fc=120
progress step=449100 round=38/40 episode=3/30 sample=zero_boundary_006 soc=0.6381 fc=120
progress step=449150 round=38/40 episode=3/30 sample=zero_boundary_006 soc=0.7171 fc=460
progress step=449200 round=38/40 episode=3/30 sample=zero_boundary_006 soc=0.7996 fc=120
progress step=449250 round=38/40 episode=3/30 sample=zero_boundary_006 soc=0.7845 fc=0
progress step=449300 round=38/40 episode=3/30 sample=zero_boundary_006 soc=0.7963 fc=120
progress step=449350 round=38/40 episode=3/30 sample=zero_boundary_006 soc=0.7959 fc=350
progress step=449400 round=38/40 episode=4/30 sample=zero_boundary_007 soc=0.4928 fc=0
progress step=449450 round=38/40 episode=4/30 sample=zero_boundary_007 soc=0.2421 fc=130
progress step=449500 round=38/40 episode=4/30 sample=zero_boundary_007 soc=0.2153 fc=220
progress step=449550 round=38/40 episode=4/30 sample=zero_boundary_007 soc=0.2010 fc=350
progress step=449600 round=38/40 episode=4/30 sample=zero_boundary_007 soc=0.2003 fc=350
progress step=449650 round=38/40 episode=5/30 sample=zero_boundary_008 soc=0.6000 fc=0
progress step=449700 round=38/40 episode=5/30 sample=zero_boundary_008 soc=0.4707 fc=340
progress step=449750 round=38/40 episode=6/30 sample=zero_boundary_011 soc=0.6541 fc=170
progress step=449800 round=38/40 episode=6/30 sample=zero_boundary_011 soc=0.6965 fc=350
progress step=449850 round=38/40 episode=6/30 sample=zero_boundary_011 soc=0.5111 fc=120
progress step=449900 round=38/40 episode=6/30 sample=zero_boundary_011 soc=0.3082 fc=240
progress step=449950 round=38/40 episode=7/30 sample=zero_boundary_013 soc=0.5976 fc=0
progress step=450000 round=38/40 episode=7/30 sample=zero_boundary_013 soc=0.7902 fc=350
progress step=450050 round=38/40 episode=7/30 sample=zero_boundary_013 soc=0.7210 fc=120
progress step=450100 round=38/40 episode=7/30 sample=zero_boundary_013 soc=0.5519 fc=120
progress step=450150 round=38/40 episode=7/30 sample=zero_boundary_013 soc=0.4782 fc=400
progress step=450200 round=38/40 episode=7/30 sample=zero_boundary_013 soc=0.4313 fc=0
progress step=450250 round=38/40 episode=7/30 sample=zero_boundary_013 soc=0.3427 fc=240
progress step=450300 round=38/40 episode=8/30 sample=zero_boundary_015 soc=0.6157 fc=120
progress step=450350 round=38/40 episode=8/30 sample=zero_boundary_015 soc=0.5299 fc=120
progress step=450400 round=38/40 episode=8/30 sample=zero_boundary_015 soc=0.3607 fc=340
progress step=450450 round=38/40 episode=9/30 sample=zero_boundary_016 soc=0.7468 fc=560
progress step=450500 round=38/40 episode=9/30 sample=zero_boundary_016 soc=0.6618 fc=120
progress step=450550 round=38/40 episode=9/30 sample=zero_boundary_016 soc=0.4413 fc=120
progress step=450600 round=38/40 episode=10/30 sample=zero_boundary_017 soc=0.6000 fc=0
progress step=450650 round=38/40 episode=10/30 sample=zero_boundary_017 soc=0.4245 fc=270
progress step=450700 round=38/40 episode=11/30 sample=zero_boundary_020 soc=0.6120 fc=170
progress step=450750 round=38/40 episode=11/30 sample=zero_boundary_020 soc=0.5221 fc=290
progress step=450800 round=38/40 episode=11/30 sample=zero_boundary_020 soc=0.4803 fc=120
progress step=450850 round=38/40 episode=12/30 sample=zero_boundary_021 soc=0.7977 fc=0
progress step=450900 round=38/40 episode=12/30 sample=zero_boundary_021 soc=0.6881 fc=120
progress step=450950 round=38/40 episode=12/30 sample=zero_boundary_021 soc=0.4600 fc=120
progress step=451000 round=38/40 episode=12/30 sample=zero_boundary_021 soc=0.3073 fc=230
progress step=451050 round=38/40 episode=13/30 sample=zero_boundary_022 soc=0.5990 fc=0
progress step=451100 round=38/40 episode=13/30 sample=zero_boundary_022 soc=0.5234 fc=460
progress step=451150 round=38/40 episode=13/30 sample=zero_boundary_022 soc=0.3968 fc=120
progress step=451200 round=38/40 episode=13/30 sample=zero_boundary_022 soc=0.3703 fc=120
progress step=451250 round=38/40 episode=14/30 sample=zero_boundary_029 soc=0.6340 fc=170
progress step=451300 round=38/40 episode=14/30 sample=zero_boundary_029 soc=0.5677 fc=120
progress step=451350 round=38/40 episode=14/30 sample=zero_boundary_029 soc=0.3982 fc=460
progress step=451400 round=38/40 episode=14/30 sample=zero_boundary_029 soc=0.3176 fc=210
progress step=451450 round=38/40 episode=14/30 sample=zero_boundary_029 soc=0.3165 fc=280
progress step=451500 round=38/40 episode=14/30 sample=zero_boundary_029 soc=0.3259 fc=280
progress step=451550 round=38/40 episode=14/30 sample=zero_boundary_029 soc=0.3002 fc=280
progress step=451600 round=38/40 episode=14/30 sample=zero_boundary_029 soc=0.3766 fc=170
progress step=451650 round=38/40 episode=14/30 sample=zero_boundary_029 soc=0.5006 fc=170
progress step=451700 round=38/40 episode=14/30 sample=zero_boundary_029 soc=0.6159 fc=170
progress step=451750 round=38/40 episode=14/30 sample=zero_boundary_029 soc=0.7274 fc=210
progress step=451800 round=38/40 episode=14/30 sample=zero_boundary_029 soc=0.7999 fc=0
progress step=451850 round=38/40 episode=14/30 sample=zero_boundary_029 soc=0.7999 fc=0
progress step=451900 round=38/40 episode=14/30 sample=zero_boundary_029 soc=0.7999 fc=0
progress step=451950 round=38/40 episode=14/30 sample=zero_boundary_029 soc=0.7999 fc=0
progress step=452000 round=38/40 episode=14/30 sample=zero_boundary_029 soc=0.7999 fc=0
progress step=452050 round=38/40 episode=14/30 sample=zero_boundary_029 soc=0.7999 fc=0
progress step=452100 round=38/40 episode=14/30 sample=zero_boundary_029 soc=0.7999 fc=0
progress step=452150 round=38/40 episode=14/30 sample=zero_boundary_029 soc=0.7932 fc=570
progress step=452200 round=38/40 episode=14/30 sample=zero_boundary_029 soc=0.7803 fc=120
progress step=452250 round=38/40 episode=14/30 sample=zero_boundary_029 soc=0.7321 fc=130
progress step=452300 round=38/40 episode=15/30 sample=zero_boundary_033 soc=0.5983 fc=0
progress step=452350 round=38/40 episode=15/30 sample=zero_boundary_033 soc=0.5671 fc=270
progress step=452400 round=38/40 episode=15/30 sample=zero_boundary_033 soc=0.4713 fc=120
progress step=452450 round=38/40 episode=15/30 sample=zero_boundary_033 soc=0.3505 fc=120
progress step=452500 round=38/40 episode=15/30 sample=zero_boundary_033 soc=0.2048 fc=70
progress step=452550 round=38/40 episode=15/30 sample=zero_boundary_033 soc=0.2002 fc=510
progress step=452600 round=38/40 episode=15/30 sample=zero_boundary_033 soc=0.2004 fc=510
progress step=452650 round=38/40 episode=15/30 sample=zero_boundary_033 soc=0.2476 fc=280
progress step=452700 round=38/40 episode=15/30 sample=zero_boundary_033 soc=0.4338 fc=0
progress step=452750 round=38/40 episode=15/30 sample=zero_boundary_033 soc=0.4767 fc=420
progress step=452800 round=38/40 episode=15/30 sample=zero_boundary_033 soc=0.7476 fc=580
progress step=452850 round=38/40 episode=15/30 sample=zero_boundary_033 soc=0.8000 fc=0
progress step=452900 round=38/40 episode=15/30 sample=zero_boundary_033 soc=0.7999 fc=0
progress step=452950 round=38/40 episode=15/30 sample=zero_boundary_033 soc=0.7999 fc=0
progress step=453000 round=38/40 episode=15/30 sample=zero_boundary_033 soc=0.7999 fc=0
progress step=453050 round=38/40 episode=15/30 sample=zero_boundary_033 soc=0.7987 fc=0
progress step=453100 round=38/40 episode=15/30 sample=zero_boundary_033 soc=0.7960 fc=300
progress step=453150 round=38/40 episode=15/30 sample=zero_boundary_033 soc=0.7973 fc=0
progress step=453200 round=38/40 episode=15/30 sample=zero_boundary_033 soc=0.7974 fc=0
progress step=453250 round=38/40 episode=15/30 sample=zero_boundary_033 soc=0.7971 fc=0
progress step=453300 round=38/40 episode=16/30 sample=zero_boundary_034 soc=0.6734 fc=180
progress step=453350 round=38/40 episode=16/30 sample=zero_boundary_034 soc=0.7999 fc=0
progress step=453400 round=38/40 episode=16/30 sample=zero_boundary_034 soc=0.7999 fc=0
progress step=453450 round=38/40 episode=16/30 sample=zero_boundary_034 soc=0.7999 fc=0
progress step=453500 round=38/40 episode=16/30 sample=zero_boundary_034 soc=0.7999 fc=0
progress step=453550 round=38/40 episode=16/30 sample=zero_boundary_034 soc=0.7999 fc=0
progress step=453600 round=38/40 episode=16/30 sample=zero_boundary_034 soc=0.7999 fc=0
progress step=453650 round=38/40 episode=16/30 sample=zero_boundary_034 soc=0.7999 fc=0
progress step=453700 round=38/40 episode=16/30 sample=zero_boundary_034 soc=0.7999 fc=0
progress step=453750 round=38/40 episode=16/30 sample=zero_boundary_034 soc=0.7999 fc=0
progress step=453800 round=38/40 episode=16/30 sample=zero_boundary_034 soc=0.7999 fc=0
progress step=453850 round=38/40 episode=16/30 sample=zero_boundary_034 soc=0.7999 fc=0
progress step=453900 round=38/40 episode=16/30 sample=zero_boundary_034 soc=0.7999 fc=0
progress step=453950 round=38/40 episode=16/30 sample=zero_boundary_034 soc=0.7999 fc=0
progress step=454000 round=38/40 episode=16/30 sample=zero_boundary_034 soc=0.7999 fc=0
progress step=454050 round=38/40 episode=16/30 sample=zero_boundary_034 soc=0.7999 fc=0
progress step=454100 round=38/40 episode=16/30 sample=zero_boundary_034 soc=0.7999 fc=0
progress step=454150 round=38/40 episode=16/30 sample=zero_boundary_034 soc=0.7856 fc=470
progress step=454200 round=38/40 episode=16/30 sample=zero_boundary_034 soc=0.7967 fc=0
progress step=454250 round=38/40 episode=16/30 sample=zero_boundary_034 soc=0.7975 fc=80
progress step=454300 round=38/40 episode=16/30 sample=zero_boundary_034 soc=0.7964 fc=80
progress step=454350 round=38/40 episode=16/30 sample=zero_boundary_034 soc=0.7197 fc=120
progress step=454400 round=38/40 episode=16/30 sample=zero_boundary_034 soc=0.8000 fc=0
progress step=454450 round=38/40 episode=16/30 sample=zero_boundary_034 soc=0.8000 fc=0
progress step=454500 round=38/40 episode=16/30 sample=zero_boundary_034 soc=0.8000 fc=0
progress step=454550 round=38/40 episode=16/30 sample=zero_boundary_034 soc=0.8000 fc=0
progress step=454600 round=38/40 episode=16/30 sample=zero_boundary_034 soc=0.8000 fc=0
progress step=454650 round=38/40 episode=16/30 sample=zero_boundary_034 soc=0.8000 fc=0
progress step=454700 round=38/40 episode=16/30 sample=zero_boundary_034 soc=0.8000 fc=0
progress step=454750 round=38/40 episode=16/30 sample=zero_boundary_034 soc=0.8000 fc=0
progress step=454800 round=38/40 episode=16/30 sample=zero_boundary_034 soc=0.8000 fc=0
progress step=454850 round=38/40 episode=16/30 sample=zero_boundary_034 soc=0.8000 fc=0
progress step=454900 round=38/40 episode=16/30 sample=zero_boundary_034 soc=0.7914 fc=0
progress step=454950 round=38/40 episode=17/30 sample=zero_boundary_037 soc=0.5319 fc=0
progress step=455000 round=38/40 episode=17/30 sample=zero_boundary_037 soc=0.4601 fc=120
progress step=455050 round=38/40 episode=17/30 sample=zero_boundary_037 soc=0.3942 fc=120
progress step=455100 round=38/40 episode=17/30 sample=zero_boundary_037 soc=0.3345 fc=120
progress step=455150 round=38/40 episode=17/30 sample=zero_boundary_037 soc=0.2322 fc=120
progress step=455200 round=38/40 episode=18/30 sample=zero_boundary_038 soc=0.6313 fc=120
progress step=455250 round=38/40 episode=18/30 sample=zero_boundary_038 soc=0.4923 fc=120
progress step=455300 round=38/40 episode=18/30 sample=zero_boundary_038 soc=0.3518 fc=430
progress step=455350 round=38/40 episode=18/30 sample=zero_boundary_038 soc=0.2205 fc=230
progress step=455400 round=38/40 episode=19/30 sample=zero_boundary_040 soc=0.5036 fc=120
progress step=455450 round=38/40 episode=19/30 sample=zero_boundary_040 soc=0.3006 fc=220
progress step=455500 round=38/40 episode=19/30 sample=zero_boundary_040 soc=0.2001 fc=550
progress step=455550 round=38/40 episode=19/30 sample=zero_boundary_040 soc=0.2126 fc=380
progress step=455600 round=38/40 episode=19/30 sample=zero_boundary_040 soc=0.2031 fc=220
progress step=455650 round=38/40 episode=20/30 sample=zero_boundary_041 soc=0.4763 fc=170
progress step=455700 round=38/40 episode=20/30 sample=zero_boundary_041 soc=0.2890 fc=220
progress step=455750 round=38/40 episode=21/30 sample=zero_boundary_042 soc=0.5915 fc=170
progress step=455800 round=38/40 episode=21/30 sample=zero_boundary_042 soc=0.4020 fc=220
progress step=455850 round=38/40 episode=22/30 sample=zero_boundary_044 soc=0.6320 fc=170
progress step=455900 round=38/40 episode=22/30 sample=zero_boundary_044 soc=0.5157 fc=120
progress step=455950 round=38/40 episode=22/30 sample=zero_boundary_044 soc=0.2613 fc=0
progress step=456000 round=38/40 episode=23/30 sample=zero_boundary_045 soc=0.5516 fc=120
progress step=456050 round=38/40 episode=23/30 sample=zero_boundary_045 soc=0.3898 fc=120
progress step=456100 round=38/40 episode=23/30 sample=zero_boundary_045 soc=0.2571 fc=220
progress step=456150 round=38/40 episode=24/30 sample=zero_boundary_046 soc=0.4982 fc=120
progress step=456200 round=38/40 episode=24/30 sample=zero_boundary_046 soc=0.2733 fc=220
progress step=456250 round=38/40 episode=25/30 sample=zero_boundary_048 soc=0.6210 fc=210
progress step=456300 round=38/40 episode=25/30 sample=zero_boundary_048 soc=0.4003 fc=120
progress step=456350 round=38/40 episode=25/30 sample=zero_boundary_048 soc=0.2002 fc=480
progress step=456400 round=38/40 episode=25/30 sample=zero_boundary_048 soc=0.2006 fc=120
progress step=456450 round=38/40 episode=25/30 sample=zero_boundary_048 soc=0.2001 fc=350
progress step=456500 round=38/40 episode=26/30 sample=zero_boundary_049 soc=0.6042 fc=120
progress step=456550 round=38/40 episode=26/30 sample=zero_boundary_049 soc=0.4888 fc=120
progress step=456600 round=38/40 episode=26/30 sample=zero_boundary_049 soc=0.3784 fc=280
progress step=456650 round=38/40 episode=26/30 sample=zero_boundary_049 soc=0.3336 fc=280
progress step=456700 round=38/40 episode=26/30 sample=zero_boundary_049 soc=0.3003 fc=120
progress step=456750 round=38/40 episode=27/30 sample=zero_boundary_050 soc=0.5893 fc=600
progress step=456800 round=38/40 episode=27/30 sample=zero_boundary_050 soc=0.4794 fc=280
progress step=456850 round=38/40 episode=27/30 sample=zero_boundary_050 soc=0.3023 fc=210
progress step=456900 round=38/40 episode=28/30 sample=zero_boundary_051 soc=0.5912 fc=0
progress step=456950 round=38/40 episode=28/30 sample=zero_boundary_051 soc=0.4708 fc=120
progress step=457000 round=38/40 episode=28/30 sample=zero_boundary_051 soc=0.3812 fc=90
progress step=457050 round=38/40 episode=29/30 sample=zero_boundary_052 soc=0.6135 fc=170
progress step=457100 round=38/40 episode=29/30 sample=zero_boundary_052 soc=0.5307 fc=280
progress step=457150 round=38/40 episode=29/30 sample=zero_boundary_052 soc=0.2718 fc=210
progress step=457200 round=38/40 episode=29/30 sample=zero_boundary_052 soc=0.2002 fc=220
progress step=457250 round=38/40 episode=29/30 sample=zero_boundary_052 soc=0.2013 fc=120
progress step=457300 round=38/40 episode=30/30 sample=zero_boundary_053 soc=0.7794 fc=590
progress step=457350 round=38/40 episode=30/30 sample=zero_boundary_053 soc=0.6690 fc=280
progress step=457400 round=38/40 episode=30/30 sample=zero_boundary_053 soc=0.5311 fc=280
progress step=457450 round=38/40 episode=30/30 sample=zero_boundary_053 soc=0.5446 fc=120
progress step=457500 round=38/40 episode=30/30 sample=zero_boundary_053 soc=0.4606 fc=120
round 38/40 exploratory=14/30 greedy_train start
MONITOR round=38 exploratory=14/30 greedy_train=12/30 validation=SKIPPED cost=None updates=14868 best_round=None
round 39/40 start epsilon=0.0744
progress step=457550 round=39/40 episode=1/30 sample=zero_boundary_002 soc=0.6115 fc=260
progress step=457600 round=39/40 episode=1/30 sample=zero_boundary_002 soc=0.5270 fc=280
progress step=457650 round=39/40 episode=2/30 sample=zero_boundary_005 soc=0.6244 fc=510
progress step=457700 round=39/40 episode=2/30 sample=zero_boundary_005 soc=0.6307 fc=120
progress step=457750 round=39/40 episode=2/30 sample=zero_boundary_005 soc=0.4460 fc=120
progress step=457800 round=39/40 episode=2/30 sample=zero_boundary_005 soc=0.3309 fc=280
progress step=457850 round=39/40 episode=2/30 sample=zero_boundary_005 soc=0.2275 fc=190
progress step=457900 round=39/40 episode=2/30 sample=zero_boundary_005 soc=0.2034 fc=120
progress step=457950 round=39/40 episode=3/30 sample=zero_boundary_006 soc=0.6235 fc=120
progress step=458000 round=39/40 episode=3/30 sample=zero_boundary_006 soc=0.6696 fc=120
progress step=458050 round=39/40 episode=3/30 sample=zero_boundary_006 soc=0.7859 fc=180
progress step=458100 round=39/40 episode=3/30 sample=zero_boundary_006 soc=0.7882 fc=120
progress step=458150 round=39/40 episode=3/30 sample=zero_boundary_006 soc=0.7964 fc=120
progress step=458200 round=39/40 episode=3/30 sample=zero_boundary_006 soc=0.7983 fc=280
progress step=458250 round=39/40 episode=3/30 sample=zero_boundary_006 soc=0.7965 fc=120
progress step=458300 round=39/40 episode=4/30 sample=zero_boundary_007 soc=0.5991 fc=0
progress step=458350 round=39/40 episode=4/30 sample=zero_boundary_007 soc=0.4158 fc=280
progress step=458400 round=39/40 episode=4/30 sample=zero_boundary_007 soc=0.3046 fc=270
progress step=458450 round=39/40 episode=4/30 sample=zero_boundary_007 soc=0.2634 fc=120
progress step=458500 round=39/40 episode=4/30 sample=zero_boundary_007 soc=0.2108 fc=200
progress step=458550 round=39/40 episode=4/30 sample=zero_boundary_007 soc=0.2003 fc=340
progress step=458600 round=39/40 episode=5/30 sample=zero_boundary_008 soc=0.6213 fc=170
progress step=458650 round=39/40 episode=6/30 sample=zero_boundary_011 soc=0.6025 fc=170
progress step=458700 round=39/40 episode=6/30 sample=zero_boundary_011 soc=0.7138 fc=0
progress step=458750 round=39/40 episode=6/30 sample=zero_boundary_011 soc=0.5362 fc=170
progress step=458800 round=39/40 episode=6/30 sample=zero_boundary_011 soc=0.3592 fc=230
progress step=458850 round=39/40 episode=6/30 sample=zero_boundary_011 soc=0.2004 fc=170
progress step=458900 round=39/40 episode=7/30 sample=zero_boundary_013 soc=0.7869 fc=510
progress step=458950 round=39/40 episode=7/30 sample=zero_boundary_013 soc=0.6795 fc=170
progress step=459000 round=39/40 episode=7/30 sample=zero_boundary_013 soc=0.5771 fc=170
progress step=459050 round=39/40 episode=7/30 sample=zero_boundary_013 soc=0.4891 fc=120
progress step=459100 round=39/40 episode=7/30 sample=zero_boundary_013 soc=0.4195 fc=120
progress step=459150 round=39/40 episode=7/30 sample=zero_boundary_013 soc=0.3395 fc=120
progress step=459200 round=39/40 episode=7/30 sample=zero_boundary_013 soc=0.3465 fc=170
progress step=459250 round=39/40 episode=8/30 sample=zero_boundary_015 soc=0.4877 fc=120
progress step=459300 round=39/40 episode=8/30 sample=zero_boundary_015 soc=0.3850 fc=170
progress step=459350 round=39/40 episode=9/30 sample=zero_boundary_016 soc=0.6355 fc=470
progress step=459400 round=39/40 episode=9/30 sample=zero_boundary_016 soc=0.7179 fc=130
progress step=459450 round=39/40 episode=9/30 sample=zero_boundary_016 soc=0.4949 fc=290
progress step=459500 round=39/40 episode=9/30 sample=zero_boundary_016 soc=0.2565 fc=290
progress step=459550 round=39/40 episode=10/30 sample=zero_boundary_017 soc=0.5313 fc=120
progress step=459600 round=39/40 episode=11/30 sample=zero_boundary_020 soc=0.5979 fc=0
progress step=459650 round=39/40 episode=11/30 sample=zero_boundary_020 soc=0.4701 fc=0
progress step=459700 round=39/40 episode=11/30 sample=zero_boundary_020 soc=0.4040 fc=120
progress step=459750 round=39/40 episode=12/30 sample=zero_boundary_021 soc=0.6773 fc=550
progress step=459800 round=39/40 episode=12/30 sample=zero_boundary_021 soc=0.6662 fc=170
progress step=459850 round=39/40 episode=12/30 sample=zero_boundary_021 soc=0.4673 fc=120
progress step=459900 round=39/40 episode=12/30 sample=zero_boundary_021 soc=0.2700 fc=200
progress step=459950 round=39/40 episode=13/30 sample=zero_boundary_022 soc=0.5990 fc=0
progress step=460000 round=39/40 episode=13/30 sample=zero_boundary_022 soc=0.4795 fc=120
progress step=460050 round=39/40 episode=13/30 sample=zero_boundary_022 soc=0.3256 fc=0
progress step=460100 round=39/40 episode=13/30 sample=zero_boundary_022 soc=0.3166 fc=120
progress step=460150 round=39/40 episode=14/30 sample=zero_boundary_029 soc=0.5857 fc=0
progress step=460200 round=39/40 episode=14/30 sample=zero_boundary_029 soc=0.5152 fc=160
progress step=460250 round=39/40 episode=14/30 sample=zero_boundary_029 soc=0.3693 fc=120
progress step=460300 round=39/40 episode=14/30 sample=zero_boundary_029 soc=0.2415 fc=240
progress step=460350 round=39/40 episode=14/30 sample=zero_boundary_029 soc=0.2571 fc=150
progress step=460400 round=39/40 episode=14/30 sample=zero_boundary_029 soc=0.2047 fc=120
progress step=460450 round=39/40 episode=14/30 sample=zero_boundary_029 soc=0.2001 fc=250
progress step=460500 round=39/40 episode=14/30 sample=zero_boundary_029 soc=0.2970 fc=120
progress step=460550 round=39/40 episode=14/30 sample=zero_boundary_029 soc=0.5284 fc=120
progress step=460600 round=39/40 episode=14/30 sample=zero_boundary_029 soc=0.7995 fc=0
progress step=460650 round=39/40 episode=14/30 sample=zero_boundary_029 soc=0.7999 fc=0
progress step=460700 round=39/40 episode=14/30 sample=zero_boundary_029 soc=0.7999 fc=0
progress step=460750 round=39/40 episode=14/30 sample=zero_boundary_029 soc=0.7999 fc=0
progress step=460800 round=39/40 episode=14/30 sample=zero_boundary_029 soc=0.7999 fc=0
progress step=460850 round=39/40 episode=14/30 sample=zero_boundary_029 soc=0.7999 fc=0
progress step=460900 round=39/40 episode=14/30 sample=zero_boundary_029 soc=0.7999 fc=0
progress step=460950 round=39/40 episode=14/30 sample=zero_boundary_029 soc=0.7999 fc=0
progress step=461000 round=39/40 episode=14/30 sample=zero_boundary_029 soc=0.7999 fc=0
progress step=461050 round=39/40 episode=14/30 sample=zero_boundary_029 soc=0.7548 fc=120
progress step=461100 round=39/40 episode=14/30 sample=zero_boundary_029 soc=0.6607 fc=170
progress step=461150 round=39/40 episode=14/30 sample=zero_boundary_029 soc=0.5769 fc=170
progress step=461200 round=39/40 episode=15/30 sample=zero_boundary_033 soc=0.5983 fc=0
progress step=461250 round=39/40 episode=15/30 sample=zero_boundary_033 soc=0.5043 fc=170
progress step=461300 round=39/40 episode=15/30 sample=zero_boundary_033 soc=0.3857 fc=120
progress step=461350 round=39/40 episode=15/30 sample=zero_boundary_033 soc=0.2668 fc=120
progress step=461400 round=39/40 episode=15/30 sample=zero_boundary_033 soc=0.2122 fc=120
progress step=461450 round=39/40 episode=15/30 sample=zero_boundary_033 soc=0.2317 fc=310
progress step=461500 round=39/40 episode=15/30 sample=zero_boundary_033 soc=0.2003 fc=510
progress step=461550 round=39/40 episode=15/30 sample=zero_boundary_033 soc=0.2957 fc=170
progress step=461600 round=39/40 episode=15/30 sample=zero_boundary_033 soc=0.4531 fc=0
progress step=461650 round=39/40 episode=15/30 sample=zero_boundary_033 soc=0.7115 fc=530
progress step=461700 round=39/40 episode=15/30 sample=zero_boundary_033 soc=0.7657 fc=0
progress step=461750 round=39/40 episode=15/30 sample=zero_boundary_033 soc=0.7999 fc=0
progress step=461800 round=39/40 episode=15/30 sample=zero_boundary_033 soc=0.7999 fc=0
progress step=461850 round=39/40 episode=15/30 sample=zero_boundary_033 soc=0.7999 fc=0
progress step=461900 round=39/40 episode=15/30 sample=zero_boundary_033 soc=0.7999 fc=0
progress step=461950 round=39/40 episode=15/30 sample=zero_boundary_033 soc=0.7949 fc=420
progress step=462000 round=39/40 episode=15/30 sample=zero_boundary_033 soc=0.7956 fc=360
progress step=462050 round=39/40 episode=15/30 sample=zero_boundary_033 soc=0.7814 fc=0
progress step=462100 round=39/40 episode=15/30 sample=zero_boundary_033 soc=0.7956 fc=0
progress step=462150 round=39/40 episode=15/30 sample=zero_boundary_033 soc=0.7924 fc=0
progress step=462200 round=39/40 episode=16/30 sample=zero_boundary_034 soc=0.6946 fc=530
progress step=462250 round=39/40 episode=16/30 sample=zero_boundary_034 soc=0.7999 fc=0
progress step=462300 round=39/40 episode=16/30 sample=zero_boundary_034 soc=0.7999 fc=0
progress step=462350 round=39/40 episode=16/30 sample=zero_boundary_034 soc=0.7999 fc=0
progress step=462400 round=39/40 episode=16/30 sample=zero_boundary_034 soc=0.7999 fc=0
progress step=462450 round=39/40 episode=16/30 sample=zero_boundary_034 soc=0.7999 fc=0
progress step=462500 round=39/40 episode=16/30 sample=zero_boundary_034 soc=0.7999 fc=0
progress step=462550 round=39/40 episode=16/30 sample=zero_boundary_034 soc=0.7999 fc=0
progress step=462600 round=39/40 episode=16/30 sample=zero_boundary_034 soc=0.7999 fc=0
progress step=462650 round=39/40 episode=16/30 sample=zero_boundary_034 soc=0.7999 fc=0
progress step=462700 round=39/40 episode=16/30 sample=zero_boundary_034 soc=0.7999 fc=0
progress step=462750 round=39/40 episode=16/30 sample=zero_boundary_034 soc=0.7999 fc=0
progress step=462800 round=39/40 episode=16/30 sample=zero_boundary_034 soc=0.7999 fc=0
progress step=462850 round=39/40 episode=16/30 sample=zero_boundary_034 soc=0.7999 fc=0
progress step=462900 round=39/40 episode=16/30 sample=zero_boundary_034 soc=0.7999 fc=0
progress step=462950 round=39/40 episode=16/30 sample=zero_boundary_034 soc=0.7999 fc=0
progress step=463000 round=39/40 episode=16/30 sample=zero_boundary_034 soc=0.7999 fc=0
progress step=463050 round=39/40 episode=16/30 sample=zero_boundary_034 soc=0.7971 fc=0
progress step=463100 round=39/40 episode=16/30 sample=zero_boundary_034 soc=0.7996 fc=80
progress step=463150 round=39/40 episode=16/30 sample=zero_boundary_034 soc=0.7972 fc=100
progress step=463200 round=39/40 episode=16/30 sample=zero_boundary_034 soc=0.7931 fc=170
progress step=463250 round=39/40 episode=16/30 sample=zero_boundary_034 soc=0.7215 fc=170
progress step=463300 round=39/40 episode=16/30 sample=zero_boundary_034 soc=0.7999 fc=40
progress step=463350 round=39/40 episode=16/30 sample=zero_boundary_034 soc=0.8000 fc=0
progress step=463400 round=39/40 episode=16/30 sample=zero_boundary_034 soc=0.8000 fc=0
progress step=463450 round=39/40 episode=16/30 sample=zero_boundary_034 soc=0.8000 fc=0
progress step=463500 round=39/40 episode=16/30 sample=zero_boundary_034 soc=0.8000 fc=0
progress step=463550 round=39/40 episode=16/30 sample=zero_boundary_034 soc=0.8000 fc=0
progress step=463600 round=39/40 episode=16/30 sample=zero_boundary_034 soc=0.8000 fc=0
progress step=463650 round=39/40 episode=16/30 sample=zero_boundary_034 soc=0.8000 fc=0
progress step=463700 round=39/40 episode=16/30 sample=zero_boundary_034 soc=0.8000 fc=0
progress step=463750 round=39/40 episode=16/30 sample=zero_boundary_034 soc=0.8000 fc=0
progress step=463800 round=39/40 episode=16/30 sample=zero_boundary_034 soc=0.7992 fc=0
progress step=463850 round=39/40 episode=17/30 sample=zero_boundary_037 soc=0.5136 fc=0
progress step=463900 round=39/40 episode=17/30 sample=zero_boundary_037 soc=0.4241 fc=270
progress step=463950 round=39/40 episode=17/30 sample=zero_boundary_037 soc=0.3821 fc=240
progress step=464000 round=39/40 episode=17/30 sample=zero_boundary_037 soc=0.3682 fc=100
progress step=464050 round=39/40 episode=17/30 sample=zero_boundary_037 soc=0.2503 fc=120
progress step=464100 round=39/40 episode=18/30 sample=zero_boundary_038 soc=0.6301 fc=600
progress step=464150 round=39/40 episode=18/30 sample=zero_boundary_038 soc=0.5211 fc=120
progress step=464200 round=39/40 episode=18/30 sample=zero_boundary_038 soc=0.3564 fc=120
progress step=464250 round=39/40 episode=18/30 sample=zero_boundary_038 soc=0.2176 fc=0
progress step=464300 round=39/40 episode=19/30 sample=zero_boundary_040 soc=0.4886 fc=120
progress step=464350 round=39/40 episode=19/30 sample=zero_boundary_040 soc=0.3151 fc=290
progress step=464400 round=39/40 episode=19/30 sample=zero_boundary_040 soc=0.2001 fc=560
progress step=464450 round=39/40 episode=20/30 sample=zero_boundary_041 soc=0.5196 fc=120
progress step=464500 round=39/40 episode=20/30 sample=zero_boundary_041 soc=0.3730 fc=290
progress step=464550 round=39/40 episode=21/30 sample=zero_boundary_042 soc=0.5877 fc=0
progress step=464600 round=39/40 episode=21/30 sample=zero_boundary_042 soc=0.3903 fc=500
progress step=464650 round=39/40 episode=22/30 sample=zero_boundary_044 soc=0.5999 fc=480
progress step=464700 round=39/40 episode=22/30 sample=zero_boundary_044 soc=0.5341 fc=120
progress step=464750 round=39/40 episode=22/30 sample=zero_boundary_044 soc=0.2600 fc=170
progress step=464800 round=39/40 episode=23/30 sample=zero_boundary_045 soc=0.5882 fc=120
progress step=464850 round=39/40 episode=23/30 sample=zero_boundary_045 soc=0.4051 fc=120
progress step=464900 round=39/40 episode=23/30 sample=zero_boundary_045 soc=0.2017 fc=410
progress step=464950 round=39/40 episode=24/30 sample=zero_boundary_046 soc=0.4845 fc=120
progress step=465000 round=39/40 episode=24/30 sample=zero_boundary_046 soc=0.2462 fc=210
progress step=465050 round=39/40 episode=25/30 sample=zero_boundary_048 soc=0.6138 fc=120
progress step=465100 round=39/40 episode=25/30 sample=zero_boundary_048 soc=0.3774 fc=120
progress step=465150 round=39/40 episode=25/30 sample=zero_boundary_048 soc=0.2000 fc=480
progress step=465200 round=39/40 episode=25/30 sample=zero_boundary_048 soc=0.2088 fc=90
progress step=465250 round=39/40 episode=25/30 sample=zero_boundary_048 soc=0.2005 fc=340
progress step=465300 round=39/40 episode=26/30 sample=zero_boundary_049 soc=0.6687 fc=120
progress step=465350 round=39/40 episode=26/30 sample=zero_boundary_049 soc=0.5596 fc=280
progress step=465400 round=39/40 episode=26/30 sample=zero_boundary_049 soc=0.5167 fc=280
progress step=465450 round=39/40 episode=26/30 sample=zero_boundary_049 soc=0.4992 fc=120
progress step=465500 round=39/40 episode=26/30 sample=zero_boundary_049 soc=0.4627 fc=120
progress step=465550 round=39/40 episode=27/30 sample=zero_boundary_050 soc=0.5893 fc=0
progress step=465600 round=39/40 episode=27/30 sample=zero_boundary_050 soc=0.4019 fc=280
progress step=465650 round=39/40 episode=27/30 sample=zero_boundary_050 soc=0.2002 fc=550
progress step=465700 round=39/40 episode=28/30 sample=zero_boundary_051 soc=0.5994 fc=120
progress step=465750 round=39/40 episode=28/30 sample=zero_boundary_051 soc=0.4933 fc=120
progress step=465800 round=39/40 episode=28/30 sample=zero_boundary_051 soc=0.3837 fc=120
progress step=465850 round=39/40 episode=29/30 sample=zero_boundary_052 soc=0.5962 fc=0
progress step=465900 round=39/40 episode=29/30 sample=zero_boundary_052 soc=0.4305 fc=230
progress step=465950 round=39/40 episode=30/30 sample=zero_boundary_053 soc=0.5923 fc=0
progress step=466000 round=39/40 episode=30/30 sample=zero_boundary_053 soc=0.4508 fc=120
progress step=466050 round=39/40 episode=30/30 sample=zero_boundary_053 soc=0.2324 fc=200
progress step=466100 round=39/40 episode=30/30 sample=zero_boundary_053 soc=0.2014 fc=390
progress step=466150 round=39/40 episode=30/30 sample=zero_boundary_053 soc=0.2025 fc=150
round 39/40 exploratory=13/30 greedy_train start
MONITOR round=39 exploratory=13/30 greedy_train=12/30 validation=SKIPPED cost=None updates=15139 best_round=None
round 40/40 start epsilon=0.0500
progress step=466200 round=40/40 episode=1/30 sample=zero_boundary_002 soc=0.6760 fc=590
progress step=466250 round=40/40 episode=1/30 sample=zero_boundary_002 soc=0.6836 fc=170
progress step=466300 round=40/40 episode=1/30 sample=zero_boundary_002 soc=0.3055 fc=210
progress step=466350 round=40/40 episode=2/30 sample=zero_boundary_005 soc=0.5698 fc=120
progress step=466400 round=40/40 episode=2/30 sample=zero_boundary_005 soc=0.4084 fc=230
progress step=466450 round=40/40 episode=2/30 sample=zero_boundary_005 soc=0.3090 fc=230
progress step=466500 round=40/40 episode=2/30 sample=zero_boundary_005 soc=0.2003 fc=480
progress step=466550 round=40/40 episode=2/30 sample=zero_boundary_005 soc=0.2009 fc=280
progress step=466600 round=40/40 episode=2/30 sample=zero_boundary_005 soc=0.2200 fc=170
progress step=466650 round=40/40 episode=3/30 sample=zero_boundary_006 soc=0.7742 fc=160
progress step=466700 round=40/40 episode=3/30 sample=zero_boundary_006 soc=0.7977 fc=110
progress step=466750 round=40/40 episode=3/30 sample=zero_boundary_006 soc=0.7935 fc=0
progress step=466800 round=40/40 episode=3/30 sample=zero_boundary_006 soc=0.7995 fc=120
progress step=466850 round=40/40 episode=3/30 sample=zero_boundary_006 soc=0.7791 fc=0
progress step=466900 round=40/40 episode=3/30 sample=zero_boundary_006 soc=0.7660 fc=560
progress step=466950 round=40/40 episode=3/30 sample=zero_boundary_006 soc=0.7997 fc=0
progress step=467000 round=40/40 episode=4/30 sample=zero_boundary_007 soc=0.5121 fc=120
progress step=467050 round=40/40 episode=4/30 sample=zero_boundary_007 soc=0.3030 fc=270
progress step=467100 round=40/40 episode=4/30 sample=zero_boundary_007 soc=0.2560 fc=230
progress step=467150 round=40/40 episode=4/30 sample=zero_boundary_007 soc=0.2522 fc=230
progress step=467200 round=40/40 episode=4/30 sample=zero_boundary_007 soc=0.2003 fc=350
progress step=467250 round=40/40 episode=5/30 sample=zero_boundary_008 soc=0.6000 fc=0
progress step=467300 round=40/40 episode=5/30 sample=zero_boundary_008 soc=0.4025 fc=180
progress step=467350 round=40/40 episode=6/30 sample=zero_boundary_011 soc=0.6435 fc=170
progress step=467400 round=40/40 episode=6/30 sample=zero_boundary_011 soc=0.6066 fc=120
progress step=467450 round=40/40 episode=6/30 sample=zero_boundary_011 soc=0.3546 fc=180
progress step=467500 round=40/40 episode=6/30 sample=zero_boundary_011 soc=0.2011 fc=440
progress step=467550 round=40/40 episode=7/30 sample=zero_boundary_013 soc=0.5894 fc=0
progress step=467600 round=40/40 episode=7/30 sample=zero_boundary_013 soc=0.6087 fc=120
progress step=467650 round=40/40 episode=7/30 sample=zero_boundary_013 soc=0.5000 fc=120
progress step=467700 round=40/40 episode=7/30 sample=zero_boundary_013 soc=0.3498 fc=230
progress step=467750 round=40/40 episode=7/30 sample=zero_boundary_013 soc=0.3058 fc=0
progress step=467800 round=40/40 episode=7/30 sample=zero_boundary_013 soc=0.2467 fc=230
progress step=467850 round=40/40 episode=7/30 sample=zero_boundary_013 soc=0.2230 fc=240
progress step=467900 round=40/40 episode=8/30 sample=zero_boundary_015 soc=0.5808 fc=120
progress step=467950 round=40/40 episode=8/30 sample=zero_boundary_015 soc=0.4420 fc=120
progress step=468000 round=40/40 episode=9/30 sample=zero_boundary_016 soc=0.6268 fc=550
progress step=468050 round=40/40 episode=9/30 sample=zero_boundary_016 soc=0.7988 fc=0
progress step=468100 round=40/40 episode=9/30 sample=zero_boundary_016 soc=0.5873 fc=120
progress step=468150 round=40/40 episode=9/30 sample=zero_boundary_016 soc=0.3071 fc=120
progress step=468200 round=40/40 episode=10/30 sample=zero_boundary_017 soc=0.5109 fc=180
progress step=468250 round=40/40 episode=11/30 sample=zero_boundary_020 soc=0.5979 fc=0
progress step=468300 round=40/40 episode=11/30 sample=zero_boundary_020 soc=0.4823 fc=270
progress step=468350 round=40/40 episode=11/30 sample=zero_boundary_020 soc=0.4253 fc=120
progress step=468400 round=40/40 episode=12/30 sample=zero_boundary_021 soc=0.6567 fc=170
progress step=468450 round=40/40 episode=12/30 sample=zero_boundary_021 soc=0.5832 fc=120
progress step=468500 round=40/40 episode=12/30 sample=zero_boundary_021 soc=0.3575 fc=0
progress step=468550 round=40/40 episode=12/30 sample=zero_boundary_021 soc=0.2001 fc=480
progress step=468600 round=40/40 episode=13/30 sample=zero_boundary_022 soc=0.5990 fc=0
progress step=468650 round=40/40 episode=13/30 sample=zero_boundary_022 soc=0.4657 fc=120
progress step=468700 round=40/40 episode=13/30 sample=zero_boundary_022 soc=0.3611 fc=220
progress step=468750 round=40/40 episode=13/30 sample=zero_boundary_022 soc=0.3100 fc=120
progress step=468800 round=40/40 episode=14/30 sample=zero_boundary_029 soc=0.6631 fc=120
progress step=468850 round=40/40 episode=14/30 sample=zero_boundary_029 soc=0.5809 fc=120
progress step=468900 round=40/40 episode=14/30 sample=zero_boundary_029 soc=0.4204 fc=120
progress step=468950 round=40/40 episode=14/30 sample=zero_boundary_029 soc=0.3032 fc=370
progress step=469000 round=40/40 episode=14/30 sample=zero_boundary_029 soc=0.2973 fc=270
progress step=469050 round=40/40 episode=14/30 sample=zero_boundary_029 soc=0.2384 fc=120
progress step=469100 round=40/40 episode=14/30 sample=zero_boundary_029 soc=0.2000 fc=270
progress step=469150 round=40/40 episode=14/30 sample=zero_boundary_029 soc=0.2873 fc=0
progress step=469200 round=40/40 episode=14/30 sample=zero_boundary_029 soc=0.3140 fc=170
progress step=469250 round=40/40 episode=14/30 sample=zero_boundary_029 soc=0.4000 fc=120
progress step=469300 round=40/40 episode=14/30 sample=zero_boundary_029 soc=0.4756 fc=120
progress step=469350 round=40/40 episode=14/30 sample=zero_boundary_029 soc=0.5517 fc=120
progress step=469400 round=40/40 episode=14/30 sample=zero_boundary_029 soc=0.5886 fc=0
progress step=469450 round=40/40 episode=14/30 sample=zero_boundary_029 soc=0.7639 fc=590
progress step=469500 round=40/40 episode=14/30 sample=zero_boundary_029 soc=0.7999 fc=0
progress step=469550 round=40/40 episode=14/30 sample=zero_boundary_029 soc=0.7999 fc=0
progress step=469600 round=40/40 episode=14/30 sample=zero_boundary_029 soc=0.7999 fc=0
progress step=469650 round=40/40 episode=14/30 sample=zero_boundary_029 soc=0.7999 fc=0
progress step=469700 round=40/40 episode=14/30 sample=zero_boundary_029 soc=0.7133 fc=120
progress step=469750 round=40/40 episode=14/30 sample=zero_boundary_029 soc=0.6135 fc=170
progress step=469800 round=40/40 episode=14/30 sample=zero_boundary_029 soc=0.4920 fc=120
progress step=469850 round=40/40 episode=15/30 sample=zero_boundary_033 soc=0.5983 fc=0
progress step=469900 round=40/40 episode=15/30 sample=zero_boundary_033 soc=0.5660 fc=120
progress step=469950 round=40/40 episode=15/30 sample=zero_boundary_033 soc=0.4334 fc=120
progress step=470000 round=40/40 episode=15/30 sample=zero_boundary_033 soc=0.3126 fc=330
progress step=470050 round=40/40 episode=15/30 sample=zero_boundary_033 soc=0.2051 fc=120
progress step=470100 round=40/40 episode=15/30 sample=zero_boundary_033 soc=0.2002 fc=520
progress step=470150 round=40/40 episode=15/30 sample=zero_boundary_033 soc=0.2004 fc=480
progress step=470200 round=40/40 episode=15/30 sample=zero_boundary_033 soc=0.2794 fc=170
progress step=470250 round=40/40 episode=15/30 sample=zero_boundary_033 soc=0.3873 fc=170
progress step=470300 round=40/40 episode=15/30 sample=zero_boundary_033 soc=0.6055 fc=170
progress step=470350 round=40/40 episode=15/30 sample=zero_boundary_033 soc=0.8000 fc=0
progress step=470400 round=40/40 episode=15/30 sample=zero_boundary_033 soc=0.7999 fc=0
progress step=470450 round=40/40 episode=15/30 sample=zero_boundary_033 soc=0.7999 fc=0
progress step=470500 round=40/40 episode=15/30 sample=zero_boundary_033 soc=0.7999 fc=0
progress step=470550 round=40/40 episode=15/30 sample=zero_boundary_033 soc=0.7999 fc=0
progress step=470600 round=40/40 episode=15/30 sample=zero_boundary_033 soc=0.7989 fc=0
progress step=470650 round=40/40 episode=15/30 sample=zero_boundary_033 soc=0.7840 fc=0
progress step=470700 round=40/40 episode=15/30 sample=zero_boundary_033 soc=0.7642 fc=0
progress step=470750 round=40/40 episode=15/30 sample=zero_boundary_033 soc=0.7973 fc=0
progress step=470800 round=40/40 episode=15/30 sample=zero_boundary_033 soc=0.7897 fc=0
progress step=470850 round=40/40 episode=16/30 sample=zero_boundary_034 soc=0.6327 fc=170
progress step=470900 round=40/40 episode=16/30 sample=zero_boundary_034 soc=0.7776 fc=530
progress step=470950 round=40/40 episode=16/30 sample=zero_boundary_034 soc=0.7999 fc=0
progress step=471000 round=40/40 episode=16/30 sample=zero_boundary_034 soc=0.7999 fc=0
progress step=471050 round=40/40 episode=16/30 sample=zero_boundary_034 soc=0.7999 fc=0
progress step=471100 round=40/40 episode=16/30 sample=zero_boundary_034 soc=0.7999 fc=0
progress step=471150 round=40/40 episode=16/30 sample=zero_boundary_034 soc=0.7999 fc=0
progress step=471200 round=40/40 episode=16/30 sample=zero_boundary_034 soc=0.7999 fc=0
progress step=471250 round=40/40 episode=16/30 sample=zero_boundary_034 soc=0.7999 fc=0
progress step=471300 round=40/40 episode=16/30 sample=zero_boundary_034 soc=0.7999 fc=0
progress step=471350 round=40/40 episode=16/30 sample=zero_boundary_034 soc=0.7999 fc=0
progress step=471400 round=40/40 episode=16/30 sample=zero_boundary_034 soc=0.7999 fc=0
progress step=471450 round=40/40 episode=16/30 sample=zero_boundary_034 soc=0.7999 fc=0
progress step=471500 round=40/40 episode=16/30 sample=zero_boundary_034 soc=0.7999 fc=0
progress step=471550 round=40/40 episode=16/30 sample=zero_boundary_034 soc=0.7999 fc=0
progress step=471600 round=40/40 episode=16/30 sample=zero_boundary_034 soc=0.7999 fc=0
progress step=471650 round=40/40 episode=16/30 sample=zero_boundary_034 soc=0.7999 fc=0
progress step=471700 round=40/40 episode=16/30 sample=zero_boundary_034 soc=0.7904 fc=0
progress step=471750 round=40/40 episode=16/30 sample=zero_boundary_034 soc=0.7996 fc=20
progress step=471800 round=40/40 episode=16/30 sample=zero_boundary_034 soc=0.7678 fc=170
progress step=471850 round=40/40 episode=16/30 sample=zero_boundary_034 soc=0.7998 fc=110
progress step=471900 round=40/40 episode=16/30 sample=zero_boundary_034 soc=0.7557 fc=510
progress step=471950 round=40/40 episode=16/30 sample=zero_boundary_034 soc=0.7928 fc=0
progress step=472000 round=40/40 episode=16/30 sample=zero_boundary_034 soc=0.7999 fc=0
progress step=472050 round=40/40 episode=16/30 sample=zero_boundary_034 soc=0.7999 fc=0
progress step=472100 round=40/40 episode=16/30 sample=zero_boundary_034 soc=0.7999 fc=0
progress step=472150 round=40/40 episode=16/30 sample=zero_boundary_034 soc=0.7999 fc=0
progress step=472200 round=40/40 episode=16/30 sample=zero_boundary_034 soc=0.7999 fc=0
progress step=472250 round=40/40 episode=16/30 sample=zero_boundary_034 soc=0.7999 fc=0
progress step=472300 round=40/40 episode=16/30 sample=zero_boundary_034 soc=0.7999 fc=0
progress step=472350 round=40/40 episode=16/30 sample=zero_boundary_034 soc=0.7999 fc=0
progress step=472400 round=40/40 episode=16/30 sample=zero_boundary_034 soc=0.7999 fc=0
progress step=472450 round=40/40 episode=16/30 sample=zero_boundary_034 soc=0.7990 fc=60
progress step=472500 round=40/40 episode=17/30 sample=zero_boundary_037 soc=0.6343 fc=120
progress step=472550 round=40/40 episode=17/30 sample=zero_boundary_037 soc=0.5566 fc=120
progress step=472600 round=40/40 episode=17/30 sample=zero_boundary_037 soc=0.4872 fc=120
progress step=472650 round=40/40 episode=17/30 sample=zero_boundary_037 soc=0.4224 fc=120
progress step=472700 round=40/40 episode=17/30 sample=zero_boundary_037 soc=0.3274 fc=180
progress step=472750 round=40/40 episode=17/30 sample=zero_boundary_037 soc=0.2003 fc=510
progress step=472800 round=40/40 episode=17/30 sample=zero_boundary_037 soc=0.2000 fc=370
progress step=472850 round=40/40 episode=17/30 sample=zero_boundary_037 soc=0.2846 fc=170
progress step=472900 round=40/40 episode=17/30 sample=zero_boundary_037 soc=0.3184 fc=120
progress step=472950 round=40/40 episode=17/30 sample=zero_boundary_037 soc=0.3787 fc=120
progress step=473000 round=40/40 episode=17/30 sample=zero_boundary_037 soc=0.5356 fc=530
progress step=473050 round=40/40 episode=17/30 sample=zero_boundary_037 soc=0.6603 fc=530
progress step=473100 round=40/40 episode=17/30 sample=zero_boundary_037 soc=0.7861 fc=0
progress step=473150 round=40/40 episode=17/30 sample=zero_boundary_037 soc=0.7953 fc=0
progress step=473200 round=40/40 episode=17/30 sample=zero_boundary_037 soc=0.7910 fc=0
progress step=473250 round=40/40 episode=17/30 sample=zero_boundary_037 soc=0.7471 fc=0
progress step=473300 round=40/40 episode=17/30 sample=zero_boundary_037 soc=0.7933 fc=0
progress step=473350 round=40/40 episode=17/30 sample=zero_boundary_037 soc=0.7497 fc=0
progress step=473400 round=40/40 episode=17/30 sample=zero_boundary_037 soc=0.7875 fc=0
progress step=473450 round=40/40 episode=17/30 sample=zero_boundary_037 soc=0.7957 fc=0
progress step=473500 round=40/40 episode=17/30 sample=zero_boundary_037 soc=0.8000 fc=0
progress step=473550 round=40/40 episode=17/30 sample=zero_boundary_037 soc=0.8000 fc=0
progress step=473600 round=40/40 episode=17/30 sample=zero_boundary_037 soc=0.7999 fc=30
progress step=473650 round=40/40 episode=17/30 sample=zero_boundary_037 soc=0.7885 fc=540
progress step=473700 round=40/40 episode=17/30 sample=zero_boundary_037 soc=0.7556 fc=0
progress step=473750 round=40/40 episode=17/30 sample=zero_boundary_037 soc=0.7284 fc=0
progress step=473800 round=40/40 episode=17/30 sample=zero_boundary_037 soc=0.7838 fc=0
progress step=473850 round=40/40 episode=17/30 sample=zero_boundary_037 soc=0.7735 fc=0
progress step=473900 round=40/40 episode=17/30 sample=zero_boundary_037 soc=0.7915 fc=0
progress step=473950 round=40/40 episode=17/30 sample=zero_boundary_037 soc=0.7957 fc=0
progress step=474000 round=40/40 episode=17/30 sample=zero_boundary_037 soc=0.7897 fc=340
progress step=474050 round=40/40 episode=17/30 sample=zero_boundary_037 soc=0.7957 fc=0
progress step=474100 round=40/40 episode=17/30 sample=zero_boundary_037 soc=0.7991 fc=0
progress step=474150 round=40/40 episode=17/30 sample=zero_boundary_037 soc=0.7858 fc=0
progress step=474200 round=40/40 episode=17/30 sample=zero_boundary_037 soc=0.7939 fc=0
progress step=474250 round=40/40 episode=17/30 sample=zero_boundary_037 soc=0.7688 fc=0
progress step=474300 round=40/40 episode=17/30 sample=zero_boundary_037 soc=0.7521 fc=0
progress step=474350 round=40/40 episode=18/30 sample=zero_boundary_038 soc=0.6000 fc=0
progress step=474400 round=40/40 episode=18/30 sample=zero_boundary_038 soc=0.5768 fc=120
progress step=474450 round=40/40 episode=18/30 sample=zero_boundary_038 soc=0.4731 fc=120
progress step=474500 round=40/40 episode=18/30 sample=zero_boundary_038 soc=0.3761 fc=140
progress step=474550 round=40/40 episode=18/30 sample=zero_boundary_038 soc=0.2203 fc=310
progress step=474600 round=40/40 episode=18/30 sample=zero_boundary_038 soc=0.2003 fc=450
progress step=474650 round=40/40 episode=18/30 sample=zero_boundary_038 soc=0.2150 fc=120
progress step=474700 round=40/40 episode=18/30 sample=zero_boundary_038 soc=0.2619 fc=120
progress step=474750 round=40/40 episode=18/30 sample=zero_boundary_038 soc=0.3109 fc=170
progress step=474800 round=40/40 episode=18/30 sample=zero_boundary_038 soc=0.3899 fc=170
progress step=474850 round=40/40 episode=18/30 sample=zero_boundary_038 soc=0.2583 fc=130
progress step=474900 round=40/40 episode=19/30 sample=zero_boundary_040 soc=0.5984 fc=0
progress step=474950 round=40/40 episode=19/30 sample=zero_boundary_040 soc=0.4482 fc=120
progress step=475000 round=40/40 episode=19/30 sample=zero_boundary_040 soc=0.2121 fc=100
progress step=475050 round=40/40 episode=19/30 sample=zero_boundary_040 soc=0.2001 fc=510
progress step=475100 round=40/40 episode=20/30 sample=zero_boundary_041 soc=0.4603 fc=120
progress step=475150 round=40/40 episode=20/30 sample=zero_boundary_041 soc=0.2720 fc=210
progress step=475200 round=40/40 episode=21/30 sample=zero_boundary_042 soc=0.6823 fc=340
progress step=475250 round=40/40 episode=21/30 sample=zero_boundary_042 soc=0.4310 fc=130
progress step=475300 round=40/40 episode=22/30 sample=zero_boundary_044 soc=0.5948 fc=170
progress step=475350 round=40/40 episode=22/30 sample=zero_boundary_044 soc=0.4685 fc=130
progress step=475400 round=40/40 episode=22/30 sample=zero_boundary_044 soc=0.2273 fc=210
progress step=475450 round=40/40 episode=23/30 sample=zero_boundary_045 soc=0.5726 fc=120
progress step=475500 round=40/40 episode=23/30 sample=zero_boundary_045 soc=0.3782 fc=130
progress step=475550 round=40/40 episode=23/30 sample=zero_boundary_045 soc=0.2003 fc=550
progress step=475600 round=40/40 episode=24/30 sample=zero_boundary_046 soc=0.5086 fc=120
progress step=475650 round=40/40 episode=24/30 sample=zero_boundary_046 soc=0.2255 fc=180
progress step=475700 round=40/40 episode=25/30 sample=zero_boundary_048 soc=0.6225 fc=170
progress step=475750 round=40/40 episode=25/30 sample=zero_boundary_048 soc=0.3829 fc=130
progress step=475800 round=40/40 episode=25/30 sample=zero_boundary_048 soc=0.2000 fc=510
progress step=475850 round=40/40 episode=25/30 sample=zero_boundary_048 soc=0.2010 fc=120
progress step=475900 round=40/40 episode=25/30 sample=zero_boundary_048 soc=0.2002 fc=390
progress step=475950 round=40/40 episode=26/30 sample=zero_boundary_049 soc=0.5748 fc=120
progress step=476000 round=40/40 episode=26/30 sample=zero_boundary_049 soc=0.4371 fc=120
progress step=476050 round=40/40 episode=26/30 sample=zero_boundary_049 soc=0.3069 fc=130
progress step=476100 round=40/40 episode=26/30 sample=zero_boundary_049 soc=0.2037 fc=130
progress step=476150 round=40/40 episode=26/30 sample=zero_boundary_049 soc=0.2092 fc=120
progress step=476200 round=40/40 episode=27/30 sample=zero_boundary_050 soc=0.6070 fc=120
progress step=476250 round=40/40 episode=27/30 sample=zero_boundary_050 soc=0.3724 fc=130
progress step=476300 round=40/40 episode=27/30 sample=zero_boundary_050 soc=0.2003 fc=510
progress step=476350 round=40/40 episode=28/30 sample=zero_boundary_051 soc=0.5790 fc=270
progress step=476400 round=40/40 episode=28/30 sample=zero_boundary_051 soc=0.4725 fc=120
progress step=476450 round=40/40 episode=28/30 sample=zero_boundary_051 soc=0.3408 fc=130
progress step=476500 round=40/40 episode=29/30 sample=zero_boundary_052 soc=0.6288 fc=170
progress step=476550 round=40/40 episode=29/30 sample=zero_boundary_052 soc=0.4473 fc=350
progress step=476600 round=40/40 episode=29/30 sample=zero_boundary_052 soc=0.2331 fc=350
progress step=476650 round=40/40 episode=29/30 sample=zero_boundary_052 soc=0.2001 fc=230
progress step=476700 round=40/40 episode=29/30 sample=zero_boundary_052 soc=0.2765 fc=170
progress step=476750 round=40/40 episode=30/30 sample=zero_boundary_053 soc=0.6181 fc=170
progress step=476800 round=40/40 episode=30/30 sample=zero_boundary_053 soc=0.4200 fc=130
progress step=476850 round=40/40 episode=30/30 sample=zero_boundary_053 soc=0.2203 fc=280
progress step=476900 round=40/40 episode=30/30 sample=zero_boundary_053 soc=0.2296 fc=130
progress step=476950 round=40/40 episode=30/30 sample=zero_boundary_053 soc=0.2172 fc=230
round 40/40 exploratory=15/30 greedy_train start
MONITOR round=40 exploratory=15/30 greedy_train=12/30 validation=SKIPPED cost=None updates=15476 best_round=None
